timestamp,gpu,mode,distribution,kernel,format,bits,exponent_bits,mantissa_bits,arithmetic_type,storage_layout,access_method,packet_values,load_word_bits,loader_threads,consumer_threads,values_per_consumer,redistribution,decoder,strategy_id,N,M,rows,logical_input_bytes,physical_input_bytes,table_bytes,blocks,threads,warmup,sample,iterations,total_ms,mean_ms,result,valid
2026-08-15T17:16:50Z,NVIDIA H200 NVL,smoke,uniform_0_1,dot,e2m7,10,2,7,fp32,dense,scalar,1,32,1,1,1,none,generic,dense/scalar/x1/generic,4096,0,1,10240,10240,0,16,256,1,0,1,0.008032,0.008032,1015.1060180664062,1
2026-08-15T17:16:50Z,NVIDIA H200 NVL,smoke,uniform_0_1,gemv,e2m7,10,2,7,fp32,dense,scalar,1,32,1,1,1,none,generic,dense/scalar/x1/generic,256,32,32,10560,10560,0,32,256,1,0,1,0.0048639997839927673,0.0048639997839927673,66.1536865234375,1
2026-08-15T17:16:50Z,NVIDIA H200 NVL,smoke,uniform_0_1,dot,e2m7,10,2,7,fp32,padded,scalar,1,16,1,1,1,none,generic,padded/scalar/x1/generic,4096,0,1,10240,16384,0,16,256,1,0,1,0.0080639999359846115,0.0080639999359846115,1015.1060180664062,1
2026-08-15T17:16:50Z,NVIDIA H200 NVL,smoke,uniform_0_1,gemv,e2m7,10,2,7,fp32,padded,scalar,1,16,1,1,1,none,generic,padded/scalar/x1/generic,256,32,32,10560,16896,0,32,256,1,0,1,0.0049600000493228436,0.0049600000493228436,66.1536865234375,1
2026-08-15T17:16:50Z,NVIDIA H200 NVL,smoke,uniform_0_1,dot,e2m7,10,2,7,fp32,dense,scalar,1,32,1,1,1,none,direct_branchy,dense/scalar/x1/direct_branchy,4096,0,1,10240,10240,0,16,256,1,0,1,0.0073919999413192272,0.0073919999413192272,1015.1060180664062,1
2026-08-15T17:16:50Z,NVIDIA H200 NVL,smoke,uniform_0_1,gemv,e2m7,10,2,7,fp32,dense,scalar,1,32,1,1,1,none,direct_branchy,dense/scalar/x1/direct_branchy,256,32,32,10560,10560,0,32,256,1,0,1,0.0049600000493228436,0.0049600000493228436,66.1536865234375,1
2026-08-15T17:16:50Z,NVIDIA H200 NVL,smoke,uniform_0_1,dot,e2m7,10,2,7,fp32,padded,scalar,1,16,1,1,1,none,direct_branchy,padded/scalar/x1/direct_branchy,4096,0,1,10240,16384,0,16,256,1,0,1,0.0071359998546540737,0.0071359998546540737,1015.1060180664062,1
2026-08-15T17:16:50Z,NVIDIA H200 NVL,smoke,uniform_0_1,gemv,e2m7,10,2,7,fp32,padded,scalar,1,16,1,1,1,none,direct_branchy,padded/scalar/x1/direct_branchy,256,32,32,10560,16896,0,32,256,1,0,1,0.0050880000926554203,0.0050880000926554203,66.1536865234375,1
2026-08-15T17:16:50Z,NVIDIA H200 NVL,smoke,uniform_0_1,dot,e2m7,10,2,7,fp32,dense,thread_packet,2,32,1,1,2,none,direct_branchy,dense/thread_packet/x2/direct_branchy,4096,0,1,10240,10240,0,8,256,1,0,1,0.0071040000766515732,0.0071040000766515732,1015.1060180664062,1
2026-08-15T17:16:50Z,NVIDIA H200 NVL,smoke,uniform_0_1,gemv,e2m7,10,2,7,fp32,dense,thread_packet,2,32,1,1,2,none,direct_branchy,dense/thread_packet/x2/direct_branchy,256,32,32,10560,10560,0,32,256,1,0,1,0.0048000002279877663,0.0048000002279877663,66.1536865234375,1
2026-08-15T17:16:50Z,NVIDIA H200 NVL,smoke,uniform_0_1,dot,e2m7,10,2,7,fp32,dense,thread_packet,4,32,1,1,4,none,direct_branchy,dense/thread_packet/x4/direct_branchy,4096,0,1,10240,10240,0,4,256,1,0,1,0.0077760000713169575,0.0077760000713169575,1015.1060180664062,1
2026-08-15T17:16:50Z,NVIDIA H200 NVL,smoke,uniform_0_1,gemv,e2m7,10,2,7,fp32,dense,thread_packet,4,32,1,1,4,none,direct_branchy,dense/thread_packet/x4/direct_branchy,256,32,32,10560,10560,0,32,256,1,0,1,0.0052800001576542854,0.0052800001576542854,66.1536865234375,1
2026-08-15T17:16:50Z,NVIDIA H200 NVL,smoke,uniform_0_1,dot,e2m7,10,2,7,fp32,dense,thread_packet,8,32,1,1,8,none,direct_branchy,dense/thread_packet/x8/direct_branchy,4096,0,1,10240,10240,0,2,256,1,0,1,0.0084159998223185539,0.0084159998223185539,1015.1060180664062,1
2026-08-15T17:16:50Z,NVIDIA H200 NVL,smoke,uniform_0_1,gemv,e2m7,10,2,7,fp32,dense,thread_packet,8,32,1,1,8,none,direct_branchy,dense/thread_packet/x8/direct_branchy,256,32,32,10560,10560,0,32,256,1,0,1,0.0062400000169873238,0.0062400000169873238,66.1536865234375,1
2026-08-15T17:16:50Z,NVIDIA H200 NVL,smoke,uniform_0_1,dot,e2m7,10,2,7,fp32,padded,thread_packet,2,16,1,1,2,none,direct_branchy,padded/thread_packet/x2/direct_branchy,4096,0,1,10240,16384,0,8,256,1,0,1,0.0072960001416504383,0.0072960001416504383,1015.1060180664062,1
2026-08-15T17:16:50Z,NVIDIA H200 NVL,smoke,uniform_0_1,gemv,e2m7,10,2,7,fp32,padded,thread_packet,2,16,1,1,2,none,direct_branchy,padded/thread_packet/x2/direct_branchy,256,32,32,10560,16896,0,32,256,1,0,1,0.0048960000276565552,0.0048960000276565552,66.1536865234375,1
2026-08-15T17:16:50Z,NVIDIA H200 NVL,smoke,uniform_0_1,dot,e2m7,10,2,7,fp32,padded,thread_packet,4,16,1,1,4,none,direct_branchy,padded/thread_packet/x4/direct_branchy,4096,0,1,10240,16384,0,4,256,1,0,1,0.0072960001416504383,0.0072960001416504383,1015.1060180664062,1
2026-08-15T17:16:50Z,NVIDIA H200 NVL,smoke,uniform_0_1,gemv,e2m7,10,2,7,fp32,padded,thread_packet,4,16,1,1,4,none,direct_branchy,padded/thread_packet/x4/direct_branchy,256,32,32,10560,16896,0,32,256,1,0,1,0.0058880001306533813,0.0058880001306533813,66.1536865234375,1
2026-08-15T17:16:50Z,NVIDIA H200 NVL,smoke,uniform_0_1,dot,e2m7,10,2,7,fp32,padded,thread_packet,8,16,1,1,8,none,direct_branchy,padded/thread_packet/x8/direct_branchy,4096,0,1,10240,16384,0,2,256,1,0,1,0.0081599997356534004,0.0081599997356534004,1015.1060180664062,1
2026-08-15T17:16:50Z,NVIDIA H200 NVL,smoke,uniform_0_1,gemv,e2m7,10,2,7,fp32,padded,thread_packet,8,16,1,1,8,none,direct_branchy,padded/thread_packet/x8/direct_branchy,256,32,32,10560,16896,0,32,256,1,0,1,0.0057600000873208046,0.0057600000873208046,66.1536865234375,1
2026-08-15T17:16:50Z,NVIDIA H200 NVL,smoke,uniform_0_1,dot,e2m7,10,2,7,fp32,dense,cooperative_shuffle,16,32,5,8,2,warp_shuffle,direct_branchy,dense/cooperative_shuffle/x16/direct_branchy,4096,0,1,10240,10240,0,16,256,1,0,1,0.0076159997843205929,0.0076159997843205929,1015.1060180664062,1
2026-08-15T17:16:50Z,NVIDIA H200 NVL,smoke,uniform_0_1,gemv,e2m7,10,2,7,fp32,dense,cooperative_shuffle,16,32,5,8,2,warp_shuffle,direct_branchy,dense/cooperative_shuffle/x16/direct_branchy,256,32,32,10560,10560,0,32,256,1,0,1,0.0054080002009868622,0.0054080002009868622,66.1536865234375,1
2026-08-15T17:16:50Z,NVIDIA H200 NVL,smoke,uniform_0_1,dot,e2m7,10,2,7,fp32,dense,scalar,1,32,1,1,1,none,full_lut_global,dense/scalar/x1/full_lut_global,4096,0,1,10240,10240,4096,16,256,1,0,1,0.0074559999629855156,0.0074559999629855156,1015.1060180664062,1
2026-08-15T17:16:50Z,NVIDIA H200 NVL,smoke,uniform_0_1,gemv,e2m7,10,2,7,fp32,dense,scalar,1,32,1,1,1,none,full_lut_global,dense/scalar/x1/full_lut_global,256,32,32,10560,10560,4096,32,256,1,0,1,0.0048639997839927673,0.0048639997839927673,66.1536865234375,1
2026-08-15T17:16:50Z,NVIDIA H200 NVL,smoke,uniform_0_1,dot,e2m7,10,2,7,fp32,padded,scalar,1,16,1,1,1,none,full_lut_global,padded/scalar/x1/full_lut_global,4096,0,1,10240,16384,4096,16,256,1,0,1,0.0077439998276531696,0.0077439998276531696,1015.1060180664062,1
2026-08-15T17:16:50Z,NVIDIA H200 NVL,smoke,uniform_0_1,gemv,e2m7,10,2,7,fp32,padded,scalar,1,16,1,1,1,none,full_lut_global,padded/scalar/x1/full_lut_global,256,32,32,10560,16896,4096,32,256,1,0,1,0.0048639997839927673,0.0048639997839927673,66.1536865234375,1
2026-08-15T17:16:50Z,NVIDIA H200 NVL,smoke,uniform_0_1,dot,e2m7,10,2,7,fp32,dense,thread_packet,2,32,1,1,2,none,full_lut_global,dense/thread_packet/x2/full_lut_global,4096,0,1,10240,10240,4096,8,256,1,0,1,0.0072639998979866505,0.0072639998979866505,1015.1060180664062,1
2026-08-15T17:16:50Z,NVIDIA H200 NVL,smoke,uniform_0_1,gemv,e2m7,10,2,7,fp32,dense,thread_packet,2,32,1,1,2,none,full_lut_global,dense/thread_packet/x2/full_lut_global,256,32,32,10560,10560,4096,32,256,1,0,1,0.0049279998056590557,0.0049279998056590557,66.1536865234375,1
2026-08-15T17:16:50Z,NVIDIA H200 NVL,smoke,uniform_0_1,dot,e2m7,10,2,7,fp32,dense,thread_packet,4,32,1,1,4,none,full_lut_global,dense/thread_packet/x4/full_lut_global,4096,0,1,10240,10240,4096,4,256,1,0,1,0.0073919999413192272,0.0073919999413192272,1015.1060180664062,1
2026-08-15T17:16:50Z,NVIDIA H200 NVL,smoke,uniform_0_1,gemv,e2m7,10,2,7,fp32,dense,thread_packet,4,32,1,1,4,none,full_lut_global,dense/thread_packet/x4/full_lut_global,256,32,32,10560,10560,4096,32,256,1,0,1,0.0050559998489916325,0.0050559998489916325,66.1536865234375,1
2026-08-15T17:16:50Z,NVIDIA H200 NVL,smoke,uniform_0_1,dot,e2m7,10,2,7,fp32,dense,thread_packet,8,32,1,1,8,none,full_lut_global,dense/thread_packet/x8/full_lut_global,4096,0,1,10240,10240,4096,2,256,1,0,1,0.0079039996489882469,0.0079039996489882469,1015.1060180664062,1
2026-08-15T17:16:50Z,NVIDIA H200 NVL,smoke,uniform_0_1,gemv,e2m7,10,2,7,fp32,dense,thread_packet,8,32,1,1,8,none,full_lut_global,dense/thread_packet/x8/full_lut_global,256,32,32,10560,10560,4096,32,256,1,0,1,0.0055680000223219395,0.0055680000223219395,66.1536865234375,1
2026-08-15T17:16:50Z,NVIDIA H200 NVL,smoke,uniform_0_1,dot,e2m7,10,2,7,fp32,padded,thread_packet,2,16,1,1,2,none,full_lut_global,padded/thread_packet/x2/full_lut_global,4096,0,1,10240,16384,4096,8,256,1,0,1,0.007007999811321497,0.007007999811321497,1015.1060180664062,1
2026-08-15T17:16:50Z,NVIDIA H200 NVL,smoke,uniform_0_1,gemv,e2m7,10,2,7,fp32,padded,thread_packet,2,16,1,1,2,none,full_lut_global,padded/thread_packet/x2/full_lut_global,256,32,32,10560,16896,4096,32,256,1,0,1,0.0044479998759925365,0.0044479998759925365,66.1536865234375,1
2026-08-15T17:16:50Z,NVIDIA H200 NVL,smoke,uniform_0_1,dot,e2m7,10,2,7,fp32,padded,thread_packet,4,16,1,1,4,none,full_lut_global,padded/thread_packet/x4/full_lut_global,4096,0,1,10240,16384,4096,4,256,1,0,1,0.0070719998329877853,0.0070719998329877853,1015.1060180664062,1
2026-08-15T17:16:50Z,NVIDIA H200 NVL,smoke,uniform_0_1,gemv,e2m7,10,2,7,fp32,padded,thread_packet,4,16,1,1,4,none,full_lut_global,padded/thread_packet/x4/full_lut_global,256,32,32,10560,16896,4096,32,256,1,0,1,0.0048960000276565552,0.0048960000276565552,66.1536865234375,1
2026-08-15T17:16:50Z,NVIDIA H200 NVL,smoke,uniform_0_1,dot,e2m7,10,2,7,fp32,padded,thread_packet,8,16,1,1,8,none,full_lut_global,padded/thread_packet/x8/full_lut_global,4096,0,1,10240,16384,4096,2,256,1,0,1,0.0071040000766515732,0.0071040000766515732,1015.1060180664062,1
2026-08-15T17:16:50Z,NVIDIA H200 NVL,smoke,uniform_0_1,gemv,e2m7,10,2,7,fp32,padded,thread_packet,8,16,1,1,8,none,full_lut_global,padded/thread_packet/x8/full_lut_global,256,32,32,10560,16896,4096,32,256,1,0,1,0.0053440001793205738,0.0053440001793205738,66.1536865234375,1
2026-08-15T17:16:50Z,NVIDIA H200 NVL,smoke,uniform_0_1,dot,e2m7,10,2,7,fp32,dense,cooperative_shuffle,16,32,5,8,2,warp_shuffle,full_lut_global,dense/cooperative_shuffle/x16/full_lut_global,4096,0,1,10240,10240,4096,16,256,1,0,1,0.0073919999413192272,0.0073919999413192272,1015.1060180664062,1
2026-08-15T17:16:50Z,NVIDIA H200 NVL,smoke,uniform_0_1,gemv,e2m7,10,2,7,fp32,dense,cooperative_shuffle,16,32,5,8,2,warp_shuffle,full_lut_global,dense/cooperative_shuffle/x16/full_lut_global,256,32,32,10560,10560,4096,32,256,1,0,1,0.005311999935656786,0.005311999935656786,66.1536865234375,1
2026-08-15T17:16:50Z,NVIDIA H200 NVL,smoke,uniform_0_1,dot,e2m7,10,2,7,fp32,dense,scalar,1,32,1,1,1,none,full_lut_shared,dense/scalar/x1/full_lut_shared,4096,0,1,10240,10240,4096,16,256,1,0,1,0.0075840000063180923,0.0075840000063180923,1015.1060180664062,1
2026-08-15T17:16:50Z,NVIDIA H200 NVL,smoke,uniform_0_1,gemv,e2m7,10,2,7,fp32,dense,scalar,1,32,1,1,1,none,full_lut_shared,dense/scalar/x1/full_lut_shared,256,32,32,10560,10560,4096,32,256,1,0,1,0.0061759999953210354,0.0061759999953210354,66.1536865234375,1
2026-08-15T17:16:50Z,NVIDIA H200 NVL,smoke,uniform_0_1,dot,e2m7,10,2,7,fp32,padded,scalar,1,16,1,1,1,none,full_lut_shared,padded/scalar/x1/full_lut_shared,4096,0,1,10240,16384,4096,16,256,1,0,1,0.0079680001363158226,0.0079680001363158226,1015.1060180664062,1
2026-08-15T17:16:50Z,NVIDIA H200 NVL,smoke,uniform_0_1,gemv,e2m7,10,2,7,fp32,padded,scalar,1,16,1,1,1,none,full_lut_shared,padded/scalar/x1/full_lut_shared,256,32,32,10560,16896,4096,32,256,1,0,1,0.0055680000223219395,0.0055680000223219395,66.1536865234375,1
2026-08-15T17:16:50Z,NVIDIA H200 NVL,smoke,uniform_0_1,dot,e2m7,10,2,7,fp32,dense,thread_packet,2,32,1,1,2,none,full_lut_shared,dense/thread_packet/x2/full_lut_shared,4096,0,1,10240,10240,4096,8,256,1,0,1,0.0080000003799796104,0.0080000003799796104,1015.1060180664062,1
2026-08-15T17:16:50Z,NVIDIA H200 NVL,smoke,uniform_0_1,gemv,e2m7,10,2,7,fp32,dense,thread_packet,2,32,1,1,2,none,full_lut_shared,dense/thread_packet/x2/full_lut_shared,256,32,32,10560,10560,4096,32,256,1,0,1,0.0060160001739859581,0.0060160001739859581,66.1536865234375,1
2026-08-15T17:16:50Z,NVIDIA H200 NVL,smoke,uniform_0_1,dot,e2m7,10,2,7,fp32,dense,thread_packet,4,32,1,1,4,none,full_lut_shared,dense/thread_packet/x4/full_lut_shared,4096,0,1,10240,10240,4096,4,256,1,0,1,0.0079359998926520348,0.0079359998926520348,1015.1060180664062,1
2026-08-15T17:16:50Z,NVIDIA H200 NVL,smoke,uniform_0_1,gemv,e2m7,10,2,7,fp32,dense,thread_packet,4,32,1,1,4,none,full_lut_shared,dense/thread_packet/x4/full_lut_shared,256,32,32,10560,10560,4096,32,256,1,0,1,0.0064320000819861889,0.0064320000819861889,66.1536865234375,1
2026-08-15T17:16:50Z,NVIDIA H200 NVL,smoke,uniform_0_1,dot,e2m7,10,2,7,fp32,dense,thread_packet,8,32,1,1,8,none,full_lut_shared,dense/thread_packet/x8/full_lut_shared,4096,0,1,10240,10240,4096,2,256,1,0,1,0.008320000022649765,0.008320000022649765,1015.1060180664062,1
2026-08-15T17:16:50Z,NVIDIA H200 NVL,smoke,uniform_0_1,gemv,e2m7,10,2,7,fp32,dense,thread_packet,8,32,1,1,8,none,full_lut_shared,dense/thread_packet/x8/full_lut_shared,256,32,32,10560,10560,4096,32,256,1,0,1,0.0062079997733235359,0.0062079997733235359,66.1536865234375,1
2026-08-15T17:16:50Z,NVIDIA H200 NVL,smoke,uniform_0_1,dot,e2m7,10,2,7,fp32,padded,thread_packet,2,16,1,1,2,none,full_lut_shared,padded/thread_packet/x2/full_lut_shared,4096,0,1,10240,16384,4096,8,256,1,0,1,0.0076480000279843807,0.0076480000279843807,1015.1060180664062,1
2026-08-15T17:16:50Z,NVIDIA H200 NVL,smoke,uniform_0_1,gemv,e2m7,10,2,7,fp32,padded,thread_packet,2,16,1,1,2,none,full_lut_shared,padded/thread_packet/x2/full_lut_shared,256,32,32,10560,16896,4096,32,256,1,0,1,0.0056639998219907284,0.0056639998219907284,66.1536865234375,1
2026-08-15T17:16:50Z,NVIDIA H200 NVL,smoke,uniform_0_1,dot,e2m7,10,2,7,fp32,padded,thread_packet,4,16,1,1,4,none,full_lut_shared,padded/thread_packet/x4/full_lut_shared,4096,0,1,10240,16384,4096,4,256,1,0,1,0.0076159997843205929,0.0076159997843205929,1015.1060180664062,1
2026-08-15T17:16:50Z,NVIDIA H200 NVL,smoke,uniform_0_1,gemv,e2m7,10,2,7,fp32,padded,thread_packet,4,16,1,1,4,none,full_lut_shared,padded/thread_packet/x4/full_lut_shared,256,32,32,10560,16896,4096,32,256,1,0,1,0.00559999980032444,0.00559999980032444,66.1536865234375,1
2026-08-15T17:16:50Z,NVIDIA H200 NVL,smoke,uniform_0_1,dot,e2m7,10,2,7,fp32,padded,thread_packet,8,16,1,1,8,none,full_lut_shared,padded/thread_packet/x8/full_lut_shared,4096,0,1,10240,16384,4096,2,256,1,0,1,0.0079680001363158226,0.0079680001363158226,1015.1060180664062,1
2026-08-15T17:16:50Z,NVIDIA H200 NVL,smoke,uniform_0_1,gemv,e2m7,10,2,7,fp32,padded,thread_packet,8,16,1,1,8,none,full_lut_shared,padded/thread_packet/x8/full_lut_shared,256,32,32,10560,16896,4096,32,256,1,0,1,0.0055040000006556511,0.0055040000006556511,66.1536865234375,1
2026-08-15T17:16:50Z,NVIDIA H200 NVL,smoke,uniform_0_1,dot,e2m7,10,2,7,fp32,dense,cooperative_shuffle,16,32,5,8,2,warp_shuffle,full_lut_shared,dense/cooperative_shuffle/x16/full_lut_shared,4096,0,1,10240,10240,4096,16,256,1,0,1,0.0080000003799796104,0.0080000003799796104,1015.1060180664062,1
2026-08-15T17:16:50Z,NVIDIA H200 NVL,smoke,uniform_0_1,gemv,e2m7,10,2,7,fp32,dense,cooperative_shuffle,16,32,5,8,2,warp_shuffle,full_lut_shared,dense/cooperative_shuffle/x16/full_lut_shared,256,32,32,10560,10560,4096,32,256,1,0,1,0.0057600000873208046,0.0057600000873208046,66.1536865234375,1
2026-08-15T17:16:50Z,NVIDIA H200 NVL,smoke,uniform_0_1,dot,e2m7,10,2,7,fp32,dense,scalar,1,32,1,1,1,none,prefix_lut_global,dense/scalar/x1/prefix_lut_global,4096,0,1,10240,10240,32,16,256,1,0,1,0.0074880002066493034,0.0074880002066493034,1015.1060180664062,1
2026-08-15T17:16:50Z,NVIDIA H200 NVL,smoke,uniform_0_1,gemv,e2m7,10,2,7,fp32,dense,scalar,1,32,1,1,1,none,prefix_lut_global,dense/scalar/x1/prefix_lut_global,256,32,32,10560,10560,32,32,256,1,0,1,0.0049600000493228436,0.0049600000493228436,66.1536865234375,1
2026-08-15T17:16:50Z,NVIDIA H200 NVL,smoke,uniform_0_1,dot,e2m7,10,2,7,fp32,padded,scalar,1,16,1,1,1,none,prefix_lut_global,padded/scalar/x1/prefix_lut_global,4096,0,1,10240,16384,32,16,256,1,0,1,0.0075840000063180923,0.0075840000063180923,1015.1060180664062,1
2026-08-15T17:16:50Z,NVIDIA H200 NVL,smoke,uniform_0_1,gemv,e2m7,10,2,7,fp32,padded,scalar,1,16,1,1,1,none,prefix_lut_global,padded/scalar/x1/prefix_lut_global,256,32,32,10560,16896,32,32,256,1,0,1,0.0050559998489916325,0.0050559998489916325,66.1536865234375,1
2026-08-15T17:16:50Z,NVIDIA H200 NVL,smoke,uniform_0_1,dot,e2m7,10,2,7,fp32,dense,thread_packet,2,32,1,1,2,none,prefix_lut_global,dense/thread_packet/x2/prefix_lut_global,4096,0,1,10240,10240,32,8,256,1,0,1,0.0077120000496506691,0.0077120000496506691,1015.1060180664062,1
2026-08-15T17:16:50Z,NVIDIA H200 NVL,smoke,uniform_0_1,gemv,e2m7,10,2,7,fp32,dense,thread_packet,2,32,1,1,2,none,prefix_lut_global,dense/thread_packet/x2/prefix_lut_global,256,32,32,10560,10560,32,32,256,1,0,1,0.0051520001143217087,0.0051520001143217087,66.1536865234375,1
2026-08-15T17:16:50Z,NVIDIA H200 NVL,smoke,uniform_0_1,dot,e2m7,10,2,7,fp32,dense,thread_packet,4,32,1,1,4,none,prefix_lut_global,dense/thread_packet/x4/prefix_lut_global,4096,0,1,10240,10240,32,4,256,1,0,1,0.007807999849319458,0.007807999849319458,1015.1060180664062,1
2026-08-15T17:16:50Z,NVIDIA H200 NVL,smoke,uniform_0_1,gemv,e2m7,10,2,7,fp32,dense,thread_packet,4,32,1,1,4,none,prefix_lut_global,dense/thread_packet/x4/prefix_lut_global,256,32,32,10560,10560,32,32,256,1,0,1,0.0057600000873208046,0.0057600000873208046,66.1536865234375,1
2026-08-15T17:16:50Z,NVIDIA H200 NVL,smoke,uniform_0_1,dot,e2m7,10,2,7,fp32,dense,thread_packet,8,32,1,1,8,none,prefix_lut_global,dense/thread_packet/x8/prefix_lut_global,4096,0,1,10240,10240,32,2,256,1,0,1,0.0090239997953176498,0.0090239997953176498,1015.1060180664062,1
2026-08-15T17:16:50Z,NVIDIA H200 NVL,smoke,uniform_0_1,gemv,e2m7,10,2,7,fp32,dense,thread_packet,8,32,1,1,8,none,prefix_lut_global,dense/thread_packet/x8/prefix_lut_global,256,32,32,10560,10560,32,32,256,1,0,1,0.0071680000983178616,0.0071680000983178616,66.1536865234375,1
2026-08-15T17:16:50Z,NVIDIA H200 NVL,smoke,uniform_0_1,dot,e2m7,10,2,7,fp32,padded,thread_packet,2,16,1,1,2,none,prefix_lut_global,padded/thread_packet/x2/prefix_lut_global,4096,0,1,10240,16384,32,8,256,1,0,1,0.0072320001199841499,0.0072320001199841499,1015.1060180664062,1
2026-08-15T17:16:50Z,NVIDIA H200 NVL,smoke,uniform_0_1,gemv,e2m7,10,2,7,fp32,padded,thread_packet,2,16,1,1,2,none,prefix_lut_global,padded/thread_packet/x2/prefix_lut_global,256,32,32,10560,16896,32,32,256,1,0,1,0.0057919998653233051,0.0057919998653233051,66.1536865234375,1
2026-08-15T17:16:50Z,NVIDIA H200 NVL,smoke,uniform_0_1,dot,e2m7,10,2,7,fp32,padded,thread_packet,4,16,1,1,4,none,prefix_lut_global,padded/thread_packet/x4/prefix_lut_global,4096,0,1,10240,16384,32,4,256,1,0,1,0.0077120000496506691,0.0077120000496506691,1015.1060180664062,1
2026-08-15T17:16:50Z,NVIDIA H200 NVL,smoke,uniform_0_1,gemv,e2m7,10,2,7,fp32,padded,thread_packet,4,16,1,1,4,none,prefix_lut_global,padded/thread_packet/x4/prefix_lut_global,256,32,32,10560,16896,32,32,256,1,0,1,0.0057279998436570168,0.0057279998436570168,66.1536865234375,1
2026-08-15T17:16:50Z,NVIDIA H200 NVL,smoke,uniform_0_1,dot,e2m7,10,2,7,fp32,padded,thread_packet,8,16,1,1,8,none,prefix_lut_global,padded/thread_packet/x8/prefix_lut_global,4096,0,1,10240,16384,32,2,256,1,0,1,0.0084480000659823418,0.0084480000659823418,1015.1060180664062,1
2026-08-15T17:16:50Z,NVIDIA H200 NVL,smoke,uniform_0_1,gemv,e2m7,10,2,7,fp32,padded,thread_packet,8,16,1,1,8,none,prefix_lut_global,padded/thread_packet/x8/prefix_lut_global,256,32,32,10560,16896,32,32,256,1,0,1,0.0063680000603199005,0.0063680000603199005,66.1536865234375,1
2026-08-15T17:16:50Z,NVIDIA H200 NVL,smoke,uniform_0_1,dot,e2m7,10,2,7,fp32,dense,cooperative_shuffle,16,32,5,8,2,warp_shuffle,prefix_lut_global,dense/cooperative_shuffle/x16/prefix_lut_global,4096,0,1,10240,10240,32,16,256,1,0,1,0.007807999849319458,0.007807999849319458,1015.1060180664062,1
2026-08-15T17:16:50Z,NVIDIA H200 NVL,smoke,uniform_0_1,gemv,e2m7,10,2,7,fp32,dense,cooperative_shuffle,16,32,5,8,2,warp_shuffle,prefix_lut_global,dense/cooperative_shuffle/x16/prefix_lut_global,256,32,32,10560,10560,32,32,256,1,0,1,0.005311999935656786,0.005311999935656786,66.1536865234375,1
2026-08-15T17:16:50Z,NVIDIA H200 NVL,smoke,uniform_0_1,dot,e2m7,10,2,7,fp32,dense,scalar,1,32,1,1,1,none,prefix_lut_shared,dense/scalar/x1/prefix_lut_shared,4096,0,1,10240,10240,32,16,256,1,0,1,0.007519999984651804,0.007519999984651804,1015.1060180664062,1
2026-08-15T17:16:50Z,NVIDIA H200 NVL,smoke,uniform_0_1,gemv,e2m7,10,2,7,fp32,dense,scalar,1,32,1,1,1,none,prefix_lut_shared,dense/scalar/x1/prefix_lut_shared,256,32,32,10560,10560,32,32,256,1,0,1,0.0052160001359879971,0.0052160001359879971,66.1536865234375,1
2026-08-15T17:16:50Z,NVIDIA H200 NVL,smoke,uniform_0_1,dot,e2m7,10,2,7,fp32,padded,scalar,1,16,1,1,1,none,prefix_lut_shared,padded/scalar/x1/prefix_lut_shared,4096,0,1,10240,16384,32,16,256,1,0,1,0.0076799998059868813,0.0076799998059868813,1015.1060180664062,1
2026-08-15T17:16:50Z,NVIDIA H200 NVL,smoke,uniform_0_1,gemv,e2m7,10,2,7,fp32,padded,scalar,1,16,1,1,1,none,prefix_lut_shared,padded/scalar/x1/prefix_lut_shared,256,32,32,10560,16896,32,32,256,1,0,1,0.0053440001793205738,0.0053440001793205738,66.1536865234375,1
2026-08-15T17:16:50Z,NVIDIA H200 NVL,smoke,uniform_0_1,dot,e2m7,10,2,7,fp32,dense,thread_packet,2,32,1,1,2,none,prefix_lut_shared,dense/thread_packet/x2/prefix_lut_shared,4096,0,1,10240,10240,32,8,256,1,0,1,0.0075520002283155918,0.0075520002283155918,1015.1060180664062,1
2026-08-15T17:16:50Z,NVIDIA H200 NVL,smoke,uniform_0_1,gemv,e2m7,10,2,7,fp32,dense,thread_packet,2,32,1,1,2,none,prefix_lut_shared,dense/thread_packet/x2/prefix_lut_shared,256,32,32,10560,10560,32,32,256,1,0,1,0.0054080002009868622,0.0054080002009868622,66.1536865234375,1
2026-08-15T17:16:50Z,NVIDIA H200 NVL,smoke,uniform_0_1,dot,e2m7,10,2,7,fp32,dense,thread_packet,4,32,1,1,4,none,prefix_lut_shared,dense/thread_packet/x4/prefix_lut_shared,4096,0,1,10240,10240,32,4,256,1,0,1,0.0084159998223185539,0.0084159998223185539,1015.1060180664062,1
2026-08-15T17:16:50Z,NVIDIA H200 NVL,smoke,uniform_0_1,gemv,e2m7,10,2,7,fp32,dense,thread_packet,4,32,1,1,4,none,prefix_lut_shared,dense/thread_packet/x4/prefix_lut_shared,256,32,32,10560,10560,32,32,256,1,0,1,0.0057919998653233051,0.0057919998653233051,66.1536865234375,1
2026-08-15T17:16:50Z,NVIDIA H200 NVL,smoke,uniform_0_1,dot,e2m7,10,2,7,fp32,dense,thread_packet,8,32,1,1,8,none,prefix_lut_shared,dense/thread_packet/x8/prefix_lut_shared,4096,0,1,10240,10240,32,2,256,1,0,1,0.0088640004396438599,0.0088640004396438599,1015.1060180664062,1
2026-08-15T17:16:50Z,NVIDIA H200 NVL,smoke,uniform_0_1,gemv,e2m7,10,2,7,fp32,dense,thread_packet,8,32,1,1,8,none,prefix_lut_shared,dense/thread_packet/x8/prefix_lut_shared,256,32,32,10560,10560,32,32,256,1,0,1,0.0070400000549852848,0.0070400000549852848,66.1536865234375,1
2026-08-15T17:16:50Z,NVIDIA H200 NVL,smoke,uniform_0_1,dot,e2m7,10,2,7,fp32,padded,thread_packet,2,16,1,1,2,none,prefix_lut_shared,padded/thread_packet/x2/prefix_lut_shared,4096,0,1,10240,16384,32,8,256,1,0,1,0.0075520002283155918,0.0075520002283155918,1015.1060180664062,1
2026-08-15T17:16:50Z,NVIDIA H200 NVL,smoke,uniform_0_1,gemv,e2m7,10,2,7,fp32,padded,thread_packet,2,16,1,1,2,none,prefix_lut_shared,padded/thread_packet/x2/prefix_lut_shared,256,32,32,10560,16896,32,32,256,1,0,1,0.0053759999573230743,0.0053759999573230743,66.1536865234375,1
2026-08-15T17:16:50Z,NVIDIA H200 NVL,smoke,uniform_0_1,dot,e2m7,10,2,7,fp32,padded,thread_packet,4,16,1,1,4,none,prefix_lut_shared,padded/thread_packet/x4/prefix_lut_shared,4096,0,1,10240,16384,32,4,256,1,0,1,0.0083839995786547661,0.0083839995786547661,1015.1060180664062,1
2026-08-15T17:16:50Z,NVIDIA H200 NVL,smoke,uniform_0_1,gemv,e2m7,10,2,7,fp32,padded,thread_packet,4,16,1,1,4,none,prefix_lut_shared,padded/thread_packet/x4/prefix_lut_shared,256,32,32,10560,16896,32,32,256,1,0,1,0.0062400000169873238,0.0062400000169873238,66.1536865234375,1
2026-08-15T17:16:50Z,NVIDIA H200 NVL,smoke,uniform_0_1,dot,e2m7,10,2,7,fp32,padded,thread_packet,8,16,1,1,8,none,prefix_lut_shared,padded/thread_packet/x8/prefix_lut_shared,4096,0,1,10240,16384,32,2,256,1,0,1,0.0086719999089837074,0.0086719999089837074,1015.1060180664062,1
2026-08-15T17:16:50Z,NVIDIA H200 NVL,smoke,uniform_0_1,gemv,e2m7,10,2,7,fp32,padded,thread_packet,8,16,1,1,8,none,prefix_lut_shared,padded/thread_packet/x8/prefix_lut_shared,256,32,32,10560,16896,32,32,256,1,0,1,0.006624000146985054,0.006624000146985054,66.1536865234375,1
2026-08-15T17:16:50Z,NVIDIA H200 NVL,smoke,uniform_0_1,dot,e2m7,10,2,7,fp32,dense,cooperative_shuffle,16,32,5,8,2,warp_shuffle,prefix_lut_shared,dense/cooperative_shuffle/x16/prefix_lut_shared,4096,0,1,10240,10240,32,16,256,1,0,1,0.008320000022649765,0.008320000022649765,1015.1060180664062,1
2026-08-15T17:16:50Z,NVIDIA H200 NVL,smoke,uniform_0_1,gemv,e2m7,10,2,7,fp32,dense,cooperative_shuffle,16,32,5,8,2,warp_shuffle,prefix_lut_shared,dense/cooperative_shuffle/x16/prefix_lut_shared,256,32,32,10560,10560,32,32,256,1,0,1,0.0057600000873208046,0.0057600000873208046,66.1536865234375,1
2026-08-15T17:16:50Z,NVIDIA H200 NVL,smoke,uniform_0_1,dot,e2m7,10,2,7,fp32,dense,scalar,1,32,1,1,1,none,subnormal_lut_global,dense/scalar/x1/subnormal_lut_global,4096,0,1,10240,10240,512,16,256,1,0,1,0.007519999984651804,0.007519999984651804,1015.1060180664062,1
2026-08-15T17:16:50Z,NVIDIA H200 NVL,smoke,uniform_0_1,gemv,e2m7,10,2,7,fp32,dense,scalar,1,32,1,1,1,none,subnormal_lut_global,dense/scalar/x1/subnormal_lut_global,256,32,32,10560,10560,512,32,256,1,0,1,0.0052479999139904976,0.0052479999139904976,66.1536865234375,1
2026-08-15T17:16:50Z,NVIDIA H200 NVL,smoke,uniform_0_1,dot,e2m7,10,2,7,fp32,padded,scalar,1,16,1,1,1,none,subnormal_lut_global,padded/scalar/x1/subnormal_lut_global,4096,0,1,10240,16384,512,16,256,1,0,1,0.0073600001633167267,0.0073600001633167267,1015.1060180664062,1
2026-08-15T17:16:50Z,NVIDIA H200 NVL,smoke,uniform_0_1,gemv,e2m7,10,2,7,fp32,padded,scalar,1,16,1,1,1,none,subnormal_lut_global,padded/scalar/x1/subnormal_lut_global,256,32,32,10560,16896,512,32,256,1,0,1,0.0050880000926554203,0.0050880000926554203,66.1536865234375,1
2026-08-15T17:16:50Z,NVIDIA H200 NVL,smoke,uniform_0_1,dot,e2m7,10,2,7,fp32,dense,thread_packet,2,32,1,1,2,none,subnormal_lut_global,dense/thread_packet/x2/subnormal_lut_global,4096,0,1,10240,10240,512,8,256,1,0,1,0.0071999998763203621,0.0071999998763203621,1015.1060180664062,1
2026-08-15T17:16:50Z,NVIDIA H200 NVL,smoke,uniform_0_1,gemv,e2m7,10,2,7,fp32,dense,thread_packet,2,32,1,1,2,none,subnormal_lut_global,dense/thread_packet/x2/subnormal_lut_global,256,32,32,10560,10560,512,32,256,1,0,1,0.0054720002226531506,0.0054720002226531506,66.1536865234375,1
2026-08-15T17:16:50Z,NVIDIA H200 NVL,smoke,uniform_0_1,dot,e2m7,10,2,7,fp32,dense,thread_packet,4,32,1,1,4,none,subnormal_lut_global,dense/thread_packet/x4/subnormal_lut_global,4096,0,1,10240,10240,512,4,256,1,0,1,0.007807999849319458,0.007807999849319458,1015.1060180664062,1
2026-08-15T17:16:50Z,NVIDIA H200 NVL,smoke,uniform_0_1,gemv,e2m7,10,2,7,fp32,dense,thread_packet,4,32,1,1,4,none,subnormal_lut_global,dense/thread_packet/x4/subnormal_lut_global,256,32,32,10560,10560,512,32,256,1,0,1,0.0058559998869895935,0.0058559998869895935,66.1536865234375,1
2026-08-15T17:16:50Z,NVIDIA H200 NVL,smoke,uniform_0_1,dot,e2m7,10,2,7,fp32,dense,thread_packet,8,32,1,1,8,none,subnormal_lut_global,dense/thread_packet/x8/subnormal_lut_global,4096,0,1,10240,10240,512,2,256,1,0,1,0.0084480000659823418,0.0084480000659823418,1015.1060180664062,1
2026-08-15T17:16:50Z,NVIDIA H200 NVL,smoke,uniform_0_1,gemv,e2m7,10,2,7,fp32,dense,thread_packet,8,32,1,1,8,none,subnormal_lut_global,dense/thread_packet/x8/subnormal_lut_global,256,32,32,10560,10560,512,32,256,1,0,1,0.0067520001903176308,0.0067520001903176308,66.1536865234375,1
2026-08-15T17:16:50Z,NVIDIA H200 NVL,smoke,uniform_0_1,dot,e2m7,10,2,7,fp32,padded,thread_packet,2,16,1,1,2,none,subnormal_lut_global,padded/thread_packet/x2/subnormal_lut_global,4096,0,1,10240,16384,512,8,256,1,0,1,0.0072320001199841499,0.0072320001199841499,1015.1060180664062,1
2026-08-15T17:16:50Z,NVIDIA H200 NVL,smoke,uniform_0_1,gemv,e2m7,10,2,7,fp32,padded,thread_packet,2,16,1,1,2,none,subnormal_lut_global,padded/thread_packet/x2/subnormal_lut_global,256,32,32,10560,16896,512,32,256,1,0,1,0.0051839998923242092,0.0051839998923242092,66.1536865234375,1
2026-08-15T17:16:50Z,NVIDIA H200 NVL,smoke,uniform_0_1,dot,e2m7,10,2,7,fp32,padded,thread_packet,4,16,1,1,4,none,subnormal_lut_global,padded/thread_packet/x4/subnormal_lut_global,4096,0,1,10240,16384,512,4,256,1,0,1,0.0080000003799796104,0.0080000003799796104,1015.1060180664062,1
2026-08-15T17:16:50Z,NVIDIA H200 NVL,smoke,uniform_0_1,gemv,e2m7,10,2,7,fp32,padded,thread_packet,4,16,1,1,4,none,subnormal_lut_global,padded/thread_packet/x4/subnormal_lut_global,256,32,32,10560,16896,512,32,256,1,0,1,0.0056639998219907284,0.0056639998219907284,66.1536865234375,1
2026-08-15T17:16:50Z,NVIDIA H200 NVL,smoke,uniform_0_1,dot,e2m7,10,2,7,fp32,padded,thread_packet,8,16,1,1,8,none,subnormal_lut_global,padded/thread_packet/x8/subnormal_lut_global,4096,0,1,10240,16384,512,2,256,1,0,1,0.0082879997789859772,0.0082879997789859772,1015.1060180664062,1
2026-08-15T17:16:50Z,NVIDIA H200 NVL,smoke,uniform_0_1,gemv,e2m7,10,2,7,fp32,padded,thread_packet,8,16,1,1,8,none,subnormal_lut_global,padded/thread_packet/x8/subnormal_lut_global,256,32,32,10560,16896,512,32,256,1,0,1,0.0063680000603199005,0.0063680000603199005,66.1536865234375,1
2026-08-15T17:16:50Z,NVIDIA H200 NVL,smoke,uniform_0_1,dot,e2m7,10,2,7,fp32,dense,cooperative_shuffle,16,32,5,8,2,warp_shuffle,subnormal_lut_global,dense/cooperative_shuffle/x16/subnormal_lut_global,4096,0,1,10240,10240,512,16,256,1,0,1,0.0077439998276531696,0.0077439998276531696,1015.1060180664062,1
2026-08-15T17:16:50Z,NVIDIA H200 NVL,smoke,uniform_0_1,gemv,e2m7,10,2,7,fp32,dense,cooperative_shuffle,16,32,5,8,2,warp_shuffle,subnormal_lut_global,dense/cooperative_shuffle/x16/subnormal_lut_global,256,32,32,10560,10560,512,32,256,1,0,1,0.0053440001793205738,0.0053440001793205738,66.1536865234375,1
2026-08-15T17:16:50Z,NVIDIA H200 NVL,smoke,uniform_0_1,dot,e2m7,10,2,7,fp32,dense,scalar,1,32,1,1,1,none,subnormal_lut_shared,dense/scalar/x1/subnormal_lut_shared,4096,0,1,10240,10240,512,16,256,1,0,1,0.0073600001633167267,0.0073600001633167267,1015.1060180664062,1
2026-08-15T17:16:50Z,NVIDIA H200 NVL,smoke,uniform_0_1,gemv,e2m7,10,2,7,fp32,dense,scalar,1,32,1,1,1,none,subnormal_lut_shared,dense/scalar/x1/subnormal_lut_shared,256,32,32,10560,10560,512,32,256,1,0,1,0.0052479999139904976,0.0052479999139904976,66.1536865234375,1
2026-08-15T17:16:50Z,NVIDIA H200 NVL,smoke,uniform_0_1,dot,e2m7,10,2,7,fp32,padded,scalar,1,16,1,1,1,none,subnormal_lut_shared,padded/scalar/x1/subnormal_lut_shared,4096,0,1,10240,16384,512,16,256,1,0,1,0.0077439998276531696,0.0077439998276531696,1015.1060180664062,1
2026-08-15T17:16:50Z,NVIDIA H200 NVL,smoke,uniform_0_1,gemv,e2m7,10,2,7,fp32,padded,scalar,1,16,1,1,1,none,subnormal_lut_shared,padded/scalar/x1/subnormal_lut_shared,256,32,32,10560,16896,512,32,256,1,0,1,0.0054399999789893627,0.0054399999789893627,66.1536865234375,1
2026-08-15T17:16:50Z,NVIDIA H200 NVL,smoke,uniform_0_1,dot,e2m7,10,2,7,fp32,dense,thread_packet,2,32,1,1,2,none,subnormal_lut_shared,dense/thread_packet/x2/subnormal_lut_shared,4096,0,1,10240,10240,512,8,256,1,0,1,0.007519999984651804,0.007519999984651804,1015.1060180664062,1
2026-08-15T17:16:50Z,NVIDIA H200 NVL,smoke,uniform_0_1,gemv,e2m7,10,2,7,fp32,dense,thread_packet,2,32,1,1,2,none,subnormal_lut_shared,dense/thread_packet/x2/subnormal_lut_shared,256,32,32,10560,10560,512,32,256,1,0,1,0.005311999935656786,0.005311999935656786,66.1536865234375,1
2026-08-15T17:16:50Z,NVIDIA H200 NVL,smoke,uniform_0_1,dot,e2m7,10,2,7,fp32,dense,thread_packet,4,32,1,1,4,none,subnormal_lut_shared,dense/thread_packet/x4/subnormal_lut_shared,4096,0,1,10240,10240,512,4,256,1,0,1,0.0076799998059868813,0.0076799998059868813,1015.1060180664062,1
2026-08-15T17:16:50Z,NVIDIA H200 NVL,smoke,uniform_0_1,gemv,e2m7,10,2,7,fp32,dense,thread_packet,4,32,1,1,4,none,subnormal_lut_shared,dense/thread_packet/x4/subnormal_lut_shared,256,32,32,10560,10560,512,32,256,1,0,1,0.0061440002173185349,0.0061440002173185349,66.1536865234375,1
2026-08-15T17:16:50Z,NVIDIA H200 NVL,smoke,uniform_0_1,dot,e2m7,10,2,7,fp32,dense,thread_packet,8,32,1,1,8,none,subnormal_lut_shared,dense/thread_packet/x8/subnormal_lut_shared,4096,0,1,10240,10240,512,2,256,1,0,1,0.0094720004126429558,0.0094720004126429558,1015.1060180664062,1
2026-08-15T17:16:50Z,NVIDIA H200 NVL,smoke,uniform_0_1,gemv,e2m7,10,2,7,fp32,dense,thread_packet,8,32,1,1,8,none,subnormal_lut_shared,dense/thread_packet/x8/subnormal_lut_shared,256,32,32,10560,10560,512,32,256,1,0,1,0.0067520001903176308,0.0067520001903176308,66.1536865234375,1
2026-08-15T17:16:50Z,NVIDIA H200 NVL,smoke,uniform_0_1,dot,e2m7,10,2,7,fp32,padded,thread_packet,2,16,1,1,2,none,subnormal_lut_shared,padded/thread_packet/x2/subnormal_lut_shared,4096,0,1,10240,16384,512,8,256,1,0,1,0.0077439998276531696,0.0077439998276531696,1015.1060180664062,1
2026-08-15T17:16:50Z,NVIDIA H200 NVL,smoke,uniform_0_1,gemv,e2m7,10,2,7,fp32,padded,thread_packet,2,16,1,1,2,none,subnormal_lut_shared,padded/thread_packet/x2/subnormal_lut_shared,256,32,32,10560,16896,512,32,256,1,0,1,0.00559999980032444,0.00559999980032444,66.1536865234375,1
2026-08-15T17:16:50Z,NVIDIA H200 NVL,smoke,uniform_0_1,dot,e2m7,10,2,7,fp32,padded,thread_packet,4,16,1,1,4,none,subnormal_lut_shared,padded/thread_packet/x4/subnormal_lut_shared,4096,0,1,10240,16384,512,4,256,1,0,1,0.007807999849319458,0.007807999849319458,1015.1060180664062,1
2026-08-15T17:16:50Z,NVIDIA H200 NVL,smoke,uniform_0_1,gemv,e2m7,10,2,7,fp32,padded,thread_packet,4,16,1,1,4,none,subnormal_lut_shared,padded/thread_packet/x4/subnormal_lut_shared,256,32,32,10560,16896,512,32,256,1,0,1,0.00559999980032444,0.00559999980032444,66.1536865234375,1
2026-08-15T17:16:50Z,NVIDIA H200 NVL,smoke,uniform_0_1,dot,e2m7,10,2,7,fp32,padded,thread_packet,8,16,1,1,8,none,subnormal_lut_shared,padded/thread_packet/x8/subnormal_lut_shared,4096,0,1,10240,16384,512,2,256,1,0,1,0.0087040001526474953,0.0087040001526474953,1015.1060180664062,1
2026-08-15T17:16:50Z,NVIDIA H200 NVL,smoke,uniform_0_1,gemv,e2m7,10,2,7,fp32,padded,thread_packet,8,16,1,1,8,none,subnormal_lut_shared,padded/thread_packet/x8/subnormal_lut_shared,256,32,32,10560,16896,512,32,256,1,0,1,0.0060160001739859581,0.0060160001739859581,66.1536865234375,1
2026-08-15T17:16:50Z,NVIDIA H200 NVL,smoke,uniform_0_1,dot,e2m7,10,2,7,fp32,dense,cooperative_shuffle,16,32,5,8,2,warp_shuffle,subnormal_lut_shared,dense/cooperative_shuffle/x16/subnormal_lut_shared,4096,0,1,10240,10240,512,16,256,1,0,1,0.0077120000496506691,0.0077120000496506691,1015.1060180664062,1
2026-08-15T17:16:50Z,NVIDIA H200 NVL,smoke,uniform_0_1,gemv,e2m7,10,2,7,fp32,dense,cooperative_shuffle,16,32,5,8,2,warp_shuffle,subnormal_lut_shared,dense/cooperative_shuffle/x16/subnormal_lut_shared,256,32,32,10560,10560,512,32,256,1,0,1,0.0055040000006556511,0.0055040000006556511,66.1536865234375,1
2026-08-15T17:16:50Z,NVIDIA H200 NVL,smoke,uniform_0_1,dot,e5m4,10,5,4,fp32,dense,scalar,1,32,1,1,1,none,generic,dense/scalar/x1/generic,4096,0,1,10240,10240,0,16,256,1,0,1,0.0073919999413192272,0.0073919999413192272,1015.086669921875,1
2026-08-15T17:16:50Z,NVIDIA H200 NVL,smoke,uniform_0_1,gemv,e5m4,10,5,4,fp32,dense,scalar,1,32,1,1,1,none,generic,dense/scalar/x1/generic,256,32,32,10560,10560,0,32,256,1,0,1,0.0048000002279877663,0.0048000002279877663,66.1192626953125,1
2026-08-15T17:16:50Z,NVIDIA H200 NVL,smoke,uniform_0_1,dot,e5m4,10,5,4,fp32,padded,scalar,1,16,1,1,1,none,generic,padded/scalar/x1/generic,4096,0,1,10240,16384,0,16,256,1,0,1,0.0074880002066493034,0.0074880002066493034,1015.086669921875,1
2026-08-15T17:16:50Z,NVIDIA H200 NVL,smoke,uniform_0_1,gemv,e5m4,10,5,4,fp32,padded,scalar,1,16,1,1,1,none,generic,padded/scalar/x1/generic,256,32,32,10560,16896,0,32,256,1,0,1,0.0047360002063214779,0.0047360002063214779,66.1192626953125,1
2026-08-15T17:16:50Z,NVIDIA H200 NVL,smoke,uniform_0_1,dot,e5m4,10,5,4,fp32,dense,scalar,1,32,1,1,1,none,direct_branchy,dense/scalar/x1/direct_branchy,4096,0,1,10240,10240,0,16,256,1,0,1,0.0075520002283155918,0.0075520002283155918,1015.086669921875,1
2026-08-15T17:16:50Z,NVIDIA H200 NVL,smoke,uniform_0_1,gemv,e5m4,10,5,4,fp32,dense,scalar,1,32,1,1,1,none,direct_branchy,dense/scalar/x1/direct_branchy,256,32,32,10560,10560,0,32,256,1,0,1,0.0048000002279877663,0.0048000002279877663,66.1192626953125,1
2026-08-15T17:16:50Z,NVIDIA H200 NVL,smoke,uniform_0_1,dot,e5m4,10,5,4,fp32,padded,scalar,1,16,1,1,1,none,direct_branchy,padded/scalar/x1/direct_branchy,4096,0,1,10240,16384,0,16,256,1,0,1,0.0071040000766515732,0.0071040000766515732,1015.086669921875,1
2026-08-15T17:16:50Z,NVIDIA H200 NVL,smoke,uniform_0_1,gemv,e5m4,10,5,4,fp32,padded,scalar,1,16,1,1,1,none,direct_branchy,padded/scalar/x1/direct_branchy,256,32,32,10560,16896,0,32,256,1,0,1,0.0049279998056590557,0.0049279998056590557,66.1192626953125,1
2026-08-15T17:16:50Z,NVIDIA H200 NVL,smoke,uniform_0_1,dot,e5m4,10,5,4,fp32,dense,thread_packet,2,32,1,1,2,none,direct_branchy,dense/thread_packet/x2/direct_branchy,4096,0,1,10240,10240,0,8,256,1,0,1,0.0071040000766515732,0.0071040000766515732,1015.086669921875,1
2026-08-15T17:16:50Z,NVIDIA H200 NVL,smoke,uniform_0_1,gemv,e5m4,10,5,4,fp32,dense,thread_packet,2,32,1,1,2,none,direct_branchy,dense/thread_packet/x2/direct_branchy,256,32,32,10560,10560,0,32,256,1,0,1,0.0048320000059902668,0.0048320000059902668,66.119255065917969,1
2026-08-15T17:16:50Z,NVIDIA H200 NVL,smoke,uniform_0_1,dot,e5m4,10,5,4,fp32,dense,thread_packet,4,32,1,1,4,none,direct_branchy,dense/thread_packet/x4/direct_branchy,4096,0,1,10240,10240,0,4,256,1,0,1,0.0071680000983178616,0.0071680000983178616,1015.086669921875,1
2026-08-15T17:16:50Z,NVIDIA H200 NVL,smoke,uniform_0_1,gemv,e5m4,10,5,4,fp32,dense,thread_packet,4,32,1,1,4,none,direct_branchy,dense/thread_packet/x4/direct_branchy,256,32,32,10560,10560,0,32,256,1,0,1,0.0050559998489916325,0.0050559998489916325,66.119255065917969,1
2026-08-15T17:16:50Z,NVIDIA H200 NVL,smoke,uniform_0_1,dot,e5m4,10,5,4,fp32,dense,thread_packet,8,32,1,1,8,none,direct_branchy,dense/thread_packet/x8/direct_branchy,4096,0,1,10240,10240,0,2,256,1,0,1,0.0080960001796483994,0.0080960001796483994,1015.086669921875,1
2026-08-15T17:16:50Z,NVIDIA H200 NVL,smoke,uniform_0_1,gemv,e5m4,10,5,4,fp32,dense,thread_packet,8,32,1,1,8,none,direct_branchy,dense/thread_packet/x8/direct_branchy,256,32,32,10560,10560,0,32,256,1,0,1,0.0057600000873208046,0.0057600000873208046,66.119255065917969,1
2026-08-15T17:16:50Z,NVIDIA H200 NVL,smoke,uniform_0_1,dot,e5m4,10,5,4,fp32,padded,thread_packet,2,16,1,1,2,none,direct_branchy,padded/thread_packet/x2/direct_branchy,4096,0,1,10240,16384,0,8,256,1,0,1,0.0073279999196529388,0.0073279999196529388,1015.086669921875,1
2026-08-15T17:16:50Z,NVIDIA H200 NVL,smoke,uniform_0_1,gemv,e5m4,10,5,4,fp32,padded,thread_packet,2,16,1,1,2,none,direct_branchy,padded/thread_packet/x2/direct_branchy,256,32,32,10560,16896,0,32,256,1,0,1,0.0048320000059902668,0.0048320000059902668,66.119255065917969,1
2026-08-15T17:16:50Z,NVIDIA H200 NVL,smoke,uniform_0_1,dot,e5m4,10,5,4,fp32,padded,thread_packet,4,16,1,1,4,none,direct_branchy,padded/thread_packet/x4/direct_branchy,4096,0,1,10240,16384,0,4,256,1,0,1,0.0071999998763203621,0.0071999998763203621,1015.086669921875,1
2026-08-15T17:16:50Z,NVIDIA H200 NVL,smoke,uniform_0_1,gemv,e5m4,10,5,4,fp32,padded,thread_packet,4,16,1,1,4,none,direct_branchy,padded/thread_packet/x4/direct_branchy,256,32,32,10560,16896,0,32,256,1,0,1,0.0049919998273253441,0.0049919998273253441,66.119255065917969,1
2026-08-15T17:16:50Z,NVIDIA H200 NVL,smoke,uniform_0_1,dot,e5m4,10,5,4,fp32,padded,thread_packet,8,16,1,1,8,none,direct_branchy,padded/thread_packet/x8/direct_branchy,4096,0,1,10240,16384,0,2,256,1,0,1,0.0077760000713169575,0.0077760000713169575,1015.086669921875,1
2026-08-15T17:16:50Z,NVIDIA H200 NVL,smoke,uniform_0_1,gemv,e5m4,10,5,4,fp32,padded,thread_packet,8,16,1,1,8,none,direct_branchy,padded/thread_packet/x8/direct_branchy,256,32,32,10560,16896,0,32,256,1,0,1,0.0052800001576542854,0.0052800001576542854,66.119255065917969,1
2026-08-15T17:16:50Z,NVIDIA H200 NVL,smoke,uniform_0_1,dot,e5m4,10,5,4,fp32,dense,cooperative_shuffle,16,32,5,8,2,warp_shuffle,direct_branchy,dense/cooperative_shuffle/x16/direct_branchy,4096,0,1,10240,10240,0,16,256,1,0,1,0.0075840000063180923,0.0075840000063180923,1015.086669921875,1
2026-08-15T17:16:50Z,NVIDIA H200 NVL,smoke,uniform_0_1,gemv,e5m4,10,5,4,fp32,dense,cooperative_shuffle,16,32,5,8,2,warp_shuffle,direct_branchy,dense/cooperative_shuffle/x16/direct_branchy,256,32,32,10560,10560,0,32,256,1,0,1,0.0051520001143217087,0.0051520001143217087,66.119255065917969,1
2026-08-15T17:16:50Z,NVIDIA H200 NVL,smoke,uniform_0_1,dot,e5m4,10,5,4,fp32,dense,scalar,1,32,1,1,1,none,full_lut_global,dense/scalar/x1/full_lut_global,4096,0,1,10240,10240,4096,16,256,1,0,1,0.0071999998763203621,0.0071999998763203621,1015.086669921875,1
2026-08-15T17:16:50Z,NVIDIA H200 NVL,smoke,uniform_0_1,gemv,e5m4,10,5,4,fp32,dense,scalar,1,32,1,1,1,none,full_lut_global,dense/scalar/x1/full_lut_global,256,32,32,10560,10560,4096,32,256,1,0,1,0.0050559998489916325,0.0050559998489916325,66.1192626953125,1
2026-08-15T17:16:50Z,NVIDIA H200 NVL,smoke,uniform_0_1,dot,e5m4,10,5,4,fp32,padded,scalar,1,16,1,1,1,none,full_lut_global,padded/scalar/x1/full_lut_global,4096,0,1,10240,16384,4096,16,256,1,0,1,0.0072320001199841499,0.0072320001199841499,1015.086669921875,1
2026-08-15T17:16:50Z,NVIDIA H200 NVL,smoke,uniform_0_1,gemv,e5m4,10,5,4,fp32,padded,scalar,1,16,1,1,1,none,full_lut_global,padded/scalar/x1/full_lut_global,256,32,32,10560,16896,4096,32,256,1,0,1,0.0053759999573230743,0.0053759999573230743,66.1192626953125,1
2026-08-15T17:16:50Z,NVIDIA H200 NVL,smoke,uniform_0_1,dot,e5m4,10,5,4,fp32,dense,thread_packet,2,32,1,1,2,none,full_lut_global,dense/thread_packet/x2/full_lut_global,4096,0,1,10240,10240,4096,8,256,1,0,1,0.0071999998763203621,0.0071999998763203621,1015.086669921875,1
2026-08-15T17:16:50Z,NVIDIA H200 NVL,smoke,uniform_0_1,gemv,e5m4,10,5,4,fp32,dense,thread_packet,2,32,1,1,2,none,full_lut_global,dense/thread_packet/x2/full_lut_global,256,32,32,10560,10560,4096,32,256,1,0,1,0.0050559998489916325,0.0050559998489916325,66.119255065917969,1
2026-08-15T17:16:50Z,NVIDIA H200 NVL,smoke,uniform_0_1,dot,e5m4,10,5,4,fp32,dense,thread_packet,4,32,1,1,4,none,full_lut_global,dense/thread_packet/x4/full_lut_global,4096,0,1,10240,10240,4096,4,256,1,0,1,0.0072960001416504383,0.0072960001416504383,1015.086669921875,1
2026-08-15T17:16:50Z,NVIDIA H200 NVL,smoke,uniform_0_1,gemv,e5m4,10,5,4,fp32,dense,thread_packet,4,32,1,1,4,none,full_lut_global,dense/thread_packet/x4/full_lut_global,256,32,32,10560,10560,4096,32,256,1,0,1,0.0051520001143217087,0.0051520001143217087,66.119255065917969,1
2026-08-15T17:16:50Z,NVIDIA H200 NVL,smoke,uniform_0_1,dot,e5m4,10,5,4,fp32,dense,thread_packet,8,32,1,1,8,none,full_lut_global,dense/thread_packet/x8/full_lut_global,4096,0,1,10240,10240,4096,2,256,1,0,1,0.007519999984651804,0.007519999984651804,1015.086669921875,1
2026-08-15T17:16:50Z,NVIDIA H200 NVL,smoke,uniform_0_1,gemv,e5m4,10,5,4,fp32,dense,thread_packet,8,32,1,1,8,none,full_lut_global,dense/thread_packet/x8/full_lut_global,256,32,32,10560,10560,4096,32,256,1,0,1,0.0060479999519884586,0.0060479999519884586,66.119255065917969,1
2026-08-15T17:16:50Z,NVIDIA H200 NVL,smoke,uniform_0_1,dot,e5m4,10,5,4,fp32,padded,thread_packet,2,16,1,1,2,none,full_lut_global,padded/thread_packet/x2/full_lut_global,4096,0,1,10240,16384,4096,8,256,1,0,1,0.0072639998979866505,0.0072639998979866505,1015.086669921875,1
2026-08-15T17:16:50Z,NVIDIA H200 NVL,smoke,uniform_0_1,gemv,e5m4,10,5,4,fp32,padded,thread_packet,2,16,1,1,2,none,full_lut_global,padded/thread_packet/x2/full_lut_global,256,32,32,10560,16896,4096,32,256,1,0,1,0.0048320000059902668,0.0048320000059902668,66.119255065917969,1
2026-08-15T17:16:50Z,NVIDIA H200 NVL,smoke,uniform_0_1,dot,e5m4,10,5,4,fp32,padded,thread_packet,4,16,1,1,4,none,full_lut_global,padded/thread_packet/x4/full_lut_global,4096,0,1,10240,16384,4096,4,256,1,0,1,0.0074559999629855156,0.0074559999629855156,1015.086669921875,1
2026-08-15T17:16:50Z,NVIDIA H200 NVL,smoke,uniform_0_1,gemv,e5m4,10,5,4,fp32,padded,thread_packet,4,16,1,1,4,none,full_lut_global,padded/thread_packet/x4/full_lut_global,256,32,32,10560,16896,4096,32,256,1,0,1,0.0049279998056590557,0.0049279998056590557,66.119255065917969,1
2026-08-15T17:16:50Z,NVIDIA H200 NVL,smoke,uniform_0_1,dot,e5m4,10,5,4,fp32,padded,thread_packet,8,16,1,1,8,none,full_lut_global,padded/thread_packet/x8/full_lut_global,4096,0,1,10240,16384,4096,2,256,1,0,1,0.0072320001199841499,0.0072320001199841499,1015.086669921875,1
2026-08-15T17:16:50Z,NVIDIA H200 NVL,smoke,uniform_0_1,gemv,e5m4,10,5,4,fp32,padded,thread_packet,8,16,1,1,8,none,full_lut_global,padded/thread_packet/x8/full_lut_global,256,32,32,10560,16896,4096,32,256,1,0,1,0.0050559998489916325,0.0050559998489916325,66.119255065917969,1
2026-08-15T17:16:50Z,NVIDIA H200 NVL,smoke,uniform_0_1,dot,e5m4,10,5,4,fp32,dense,cooperative_shuffle,16,32,5,8,2,warp_shuffle,full_lut_global,dense/cooperative_shuffle/x16/full_lut_global,4096,0,1,10240,10240,4096,16,256,1,0,1,0.0076480000279843807,0.0076480000279843807,1015.086669921875,1
2026-08-15T17:16:50Z,NVIDIA H200 NVL,smoke,uniform_0_1,gemv,e5m4,10,5,4,fp32,dense,cooperative_shuffle,16,32,5,8,2,warp_shuffle,full_lut_global,dense/cooperative_shuffle/x16/full_lut_global,256,32,32,10560,10560,4096,32,256,1,0,1,0.00559999980032444,0.00559999980032444,66.119255065917969,1
2026-08-15T17:16:50Z,NVIDIA H200 NVL,smoke,uniform_0_1,dot,e5m4,10,5,4,fp32,dense,scalar,1,32,1,1,1,none,full_lut_shared,dense/scalar/x1/full_lut_shared,4096,0,1,10240,10240,4096,16,256,1,0,1,0.0080960001796483994,0.0080960001796483994,1015.086669921875,1
2026-08-15T17:16:50Z,NVIDIA H200 NVL,smoke,uniform_0_1,gemv,e5m4,10,5,4,fp32,dense,scalar,1,32,1,1,1,none,full_lut_shared,dense/scalar/x1/full_lut_shared,256,32,32,10560,10560,4096,32,256,1,0,1,0.0056960000656545162,0.0056960000656545162,66.1192626953125,1
2026-08-15T17:16:50Z,NVIDIA H200 NVL,smoke,uniform_0_1,dot,e5m4,10,5,4,fp32,padded,scalar,1,16,1,1,1,none,full_lut_shared,padded/scalar/x1/full_lut_shared,4096,0,1,10240,16384,4096,16,256,1,0,1,0.0075840000063180923,0.0075840000063180923,1015.086669921875,1
2026-08-15T17:16:50Z,NVIDIA H200 NVL,smoke,uniform_0_1,gemv,e5m4,10,5,4,fp32,padded,scalar,1,16,1,1,1,none,full_lut_shared,padded/scalar/x1/full_lut_shared,256,32,32,10560,16896,4096,32,256,1,0,1,0.0055359997786581516,0.0055359997786581516,66.1192626953125,1
2026-08-15T17:16:50Z,NVIDIA H200 NVL,smoke,uniform_0_1,dot,e5m4,10,5,4,fp32,dense,thread_packet,2,32,1,1,2,none,full_lut_shared,dense/thread_packet/x2/full_lut_shared,4096,0,1,10240,10240,4096,8,256,1,0,1,0.0078400000929832458,0.0078400000929832458,1015.086669921875,1
2026-08-15T17:16:50Z,NVIDIA H200 NVL,smoke,uniform_0_1,gemv,e5m4,10,5,4,fp32,dense,thread_packet,2,32,1,1,2,none,full_lut_shared,dense/thread_packet/x2/full_lut_shared,256,32,32,10560,10560,4096,32,256,1,0,1,0.0055040000006556511,0.0055040000006556511,66.119255065917969,1
2026-08-15T17:16:50Z,NVIDIA H200 NVL,smoke,uniform_0_1,dot,e5m4,10,5,4,fp32,dense,thread_packet,4,32,1,1,4,none,full_lut_shared,dense/thread_packet/x4/full_lut_shared,4096,0,1,10240,10240,4096,4,256,1,0,1,0.0080960001796483994,0.0080960001796483994,1015.086669921875,1
2026-08-15T17:16:50Z,NVIDIA H200 NVL,smoke,uniform_0_1,gemv,e5m4,10,5,4,fp32,dense,thread_packet,4,32,1,1,4,none,full_lut_shared,dense/thread_packet/x4/full_lut_shared,256,32,32,10560,10560,4096,32,256,1,0,1,0.0057600000873208046,0.0057600000873208046,66.119255065917969,1
2026-08-15T17:16:50Z,NVIDIA H200 NVL,smoke,uniform_0_1,dot,e5m4,10,5,4,fp32,dense,thread_packet,8,32,1,1,8,none,full_lut_shared,dense/thread_packet/x8/full_lut_shared,4096,0,1,10240,10240,4096,2,256,1,0,1,0.0084800003096461296,0.0084800003096461296,1015.086669921875,1
2026-08-15T17:16:50Z,NVIDIA H200 NVL,smoke,uniform_0_1,gemv,e5m4,10,5,4,fp32,dense,thread_packet,8,32,1,1,8,none,full_lut_shared,dense/thread_packet/x8/full_lut_shared,256,32,32,10560,10560,4096,32,256,1,0,1,0.0060479999519884586,0.0060479999519884586,66.119255065917969,1
2026-08-15T17:16:50Z,NVIDIA H200 NVL,smoke,uniform_0_1,dot,e5m4,10,5,4,fp32,padded,thread_packet,2,16,1,1,2,none,full_lut_shared,padded/thread_packet/x2/full_lut_shared,4096,0,1,10240,16384,4096,8,256,1,0,1,0.0080000003799796104,0.0080000003799796104,1015.086669921875,1
2026-08-15T17:16:50Z,NVIDIA H200 NVL,smoke,uniform_0_1,gemv,e5m4,10,5,4,fp32,padded,thread_packet,2,16,1,1,2,none,full_lut_shared,padded/thread_packet/x2/full_lut_shared,256,32,32,10560,16896,4096,32,256,1,0,1,0.005311999935656786,0.005311999935656786,66.119255065917969,1
2026-08-15T17:16:50Z,NVIDIA H200 NVL,smoke,uniform_0_1,dot,e5m4,10,5,4,fp32,padded,thread_packet,4,16,1,1,4,none,full_lut_shared,padded/thread_packet/x4/full_lut_shared,4096,0,1,10240,16384,4096,4,256,1,0,1,0.0080000003799796104,0.0080000003799796104,1015.086669921875,1
2026-08-15T17:16:50Z,NVIDIA H200 NVL,smoke,uniform_0_1,gemv,e5m4,10,5,4,fp32,padded,thread_packet,4,16,1,1,4,none,full_lut_shared,padded/thread_packet/x4/full_lut_shared,256,32,32,10560,16896,4096,32,256,1,0,1,0.00559999980032444,0.00559999980032444,66.119255065917969,1
2026-08-15T17:16:50Z,NVIDIA H200 NVL,smoke,uniform_0_1,dot,e5m4,10,5,4,fp32,padded,thread_packet,8,16,1,1,8,none,full_lut_shared,padded/thread_packet/x8/full_lut_shared,4096,0,1,10240,16384,4096,2,256,1,0,1,0.0077760000713169575,0.0077760000713169575,1015.086669921875,1
2026-08-15T17:16:50Z,NVIDIA H200 NVL,smoke,uniform_0_1,gemv,e5m4,10,5,4,fp32,padded,thread_packet,8,16,1,1,8,none,full_lut_shared,padded/thread_packet/x8/full_lut_shared,256,32,32,10560,16896,4096,32,256,1,0,1,0.0055359997786581516,0.0055359997786581516,66.119255065917969,1
2026-08-15T17:16:50Z,NVIDIA H200 NVL,smoke,uniform_0_1,dot,e5m4,10,5,4,fp32,dense,cooperative_shuffle,16,32,5,8,2,warp_shuffle,full_lut_shared,dense/cooperative_shuffle/x16/full_lut_shared,4096,0,1,10240,10240,4096,16,256,1,0,1,0.008320000022649765,0.008320000022649765,1015.086669921875,1
2026-08-15T17:16:50Z,NVIDIA H200 NVL,smoke,uniform_0_1,gemv,e5m4,10,5,4,fp32,dense,cooperative_shuffle,16,32,5,8,2,warp_shuffle,full_lut_shared,dense/cooperative_shuffle/x16/full_lut_shared,256,32,32,10560,10560,4096,32,256,1,0,1,0.0057600000873208046,0.0057600000873208046,66.119255065917969,1
2026-08-15T17:16:50Z,NVIDIA H200 NVL,smoke,uniform_0_1,dot,e5m4,10,5,4,fp32,dense,scalar,1,32,1,1,1,none,prefix_lut_global,dense/scalar/x1/prefix_lut_global,4096,0,1,10240,10240,256,16,256,1,0,1,0.0072960001416504383,0.0072960001416504383,1015.086669921875,1
2026-08-15T17:16:50Z,NVIDIA H200 NVL,smoke,uniform_0_1,gemv,e5m4,10,5,4,fp32,dense,scalar,1,32,1,1,1,none,prefix_lut_global,dense/scalar/x1/prefix_lut_global,256,32,32,10560,10560,256,32,256,1,0,1,0.0050559998489916325,0.0050559998489916325,66.1192626953125,1
2026-08-15T17:16:50Z,NVIDIA H200 NVL,smoke,uniform_0_1,dot,e5m4,10,5,4,fp32,padded,scalar,1,16,1,1,1,none,prefix_lut_global,padded/scalar/x1/prefix_lut_global,4096,0,1,10240,16384,256,16,256,1,0,1,0.0074880002066493034,0.0074880002066493034,1015.086669921875,1
2026-08-15T17:16:50Z,NVIDIA H200 NVL,smoke,uniform_0_1,gemv,e5m4,10,5,4,fp32,padded,scalar,1,16,1,1,1,none,prefix_lut_global,padded/scalar/x1/prefix_lut_global,256,32,32,10560,16896,256,32,256,1,0,1,0.0050240000709891319,0.0050240000709891319,66.1192626953125,1
2026-08-15T17:16:50Z,NVIDIA H200 NVL,smoke,uniform_0_1,dot,e5m4,10,5,4,fp32,dense,thread_packet,2,32,1,1,2,none,prefix_lut_global,dense/thread_packet/x2/prefix_lut_global,4096,0,1,10240,10240,256,8,256,1,0,1,0.0078400000929832458,0.0078400000929832458,1015.086669921875,1
2026-08-15T17:16:50Z,NVIDIA H200 NVL,smoke,uniform_0_1,gemv,e5m4,10,5,4,fp32,dense,thread_packet,2,32,1,1,2,none,prefix_lut_global,dense/thread_packet/x2/prefix_lut_global,256,32,32,10560,10560,256,32,256,1,0,1,0.0050559998489916325,0.0050559998489916325,66.119255065917969,1
2026-08-15T17:16:50Z,NVIDIA H200 NVL,smoke,uniform_0_1,dot,e5m4,10,5,4,fp32,dense,thread_packet,4,32,1,1,4,none,prefix_lut_global,dense/thread_packet/x4/prefix_lut_global,4096,0,1,10240,10240,256,4,256,1,0,1,0.0075520002283155918,0.0075520002283155918,1015.086669921875,1
2026-08-15T17:16:50Z,NVIDIA H200 NVL,smoke,uniform_0_1,gemv,e5m4,10,5,4,fp32,dense,thread_packet,4,32,1,1,4,none,prefix_lut_global,dense/thread_packet/x4/prefix_lut_global,256,32,32,10560,10560,256,32,256,1,0,1,0.0058880001306533813,0.0058880001306533813,66.119255065917969,1
2026-08-15T17:16:50Z,NVIDIA H200 NVL,smoke,uniform_0_1,dot,e5m4,10,5,4,fp32,dense,thread_packet,8,32,1,1,8,none,prefix_lut_global,dense/thread_packet/x8/prefix_lut_global,4096,0,1,10240,10240,256,2,256,1,0,1,0.0090880002826452255,0.0090880002826452255,1015.086669921875,1
2026-08-15T17:16:50Z,NVIDIA H200 NVL,smoke,uniform_0_1,gemv,e5m4,10,5,4,fp32,dense,thread_packet,8,32,1,1,8,none,prefix_lut_global,dense/thread_packet/x8/prefix_lut_global,256,32,32,10560,10560,256,32,256,1,0,1,0.0070400000549852848,0.0070400000549852848,66.119255065917969,1
2026-08-15T17:16:50Z,NVIDIA H200 NVL,smoke,uniform_0_1,dot,e5m4,10,5,4,fp32,padded,thread_packet,2,16,1,1,2,none,prefix_lut_global,padded/thread_packet/x2/prefix_lut_global,4096,0,1,10240,16384,256,8,256,1,0,1,0.0074559999629855156,0.0074559999629855156,1015.086669921875,1
2026-08-15T17:16:50Z,NVIDIA H200 NVL,smoke,uniform_0_1,gemv,e5m4,10,5,4,fp32,padded,thread_packet,2,16,1,1,2,none,prefix_lut_global,padded/thread_packet/x2/prefix_lut_global,256,32,32,10560,16896,256,32,256,1,0,1,0.0050559998489916325,0.0050559998489916325,66.119255065917969,1
2026-08-15T17:16:50Z,NVIDIA H200 NVL,smoke,uniform_0_1,dot,e5m4,10,5,4,fp32,padded,thread_packet,4,16,1,1,4,none,prefix_lut_global,padded/thread_packet/x4/prefix_lut_global,4096,0,1,10240,16384,256,4,256,1,0,1,0.0073600001633167267,0.0073600001633167267,1015.086669921875,1
2026-08-15T17:16:50Z,NVIDIA H200 NVL,smoke,uniform_0_1,gemv,e5m4,10,5,4,fp32,padded,thread_packet,4,16,1,1,4,none,prefix_lut_global,padded/thread_packet/x4/prefix_lut_global,256,32,32,10560,16896,256,32,256,1,0,1,0.0054399999789893627,0.0054399999789893627,66.119255065917969,1
2026-08-15T17:16:50Z,NVIDIA H200 NVL,smoke,uniform_0_1,dot,e5m4,10,5,4,fp32,padded,thread_packet,8,16,1,1,8,none,prefix_lut_global,padded/thread_packet/x8/prefix_lut_global,4096,0,1,10240,16384,256,2,256,1,0,1,0.0084480000659823418,0.0084480000659823418,1015.086669921875,1
2026-08-15T17:16:50Z,NVIDIA H200 NVL,smoke,uniform_0_1,gemv,e5m4,10,5,4,fp32,padded,thread_packet,8,16,1,1,8,none,prefix_lut_global,padded/thread_packet/x8/prefix_lut_global,256,32,32,10560,16896,256,32,256,1,0,1,0.0062400000169873238,0.0062400000169873238,66.119255065917969,1
2026-08-15T17:16:50Z,NVIDIA H200 NVL,smoke,uniform_0_1,dot,e5m4,10,5,4,fp32,dense,cooperative_shuffle,16,32,5,8,2,warp_shuffle,prefix_lut_global,dense/cooperative_shuffle/x16/prefix_lut_global,4096,0,1,10240,10240,256,16,256,1,0,1,0.0077120000496506691,0.0077120000496506691,1015.086669921875,1
2026-08-15T17:16:50Z,NVIDIA H200 NVL,smoke,uniform_0_1,gemv,e5m4,10,5,4,fp32,dense,cooperative_shuffle,16,32,5,8,2,warp_shuffle,prefix_lut_global,dense/cooperative_shuffle/x16/prefix_lut_global,256,32,32,10560,10560,256,32,256,1,0,1,0.0055359997786581516,0.0055359997786581516,66.119255065917969,1
2026-08-15T17:16:50Z,NVIDIA H200 NVL,smoke,uniform_0_1,dot,e5m4,10,5,4,fp32,dense,scalar,1,32,1,1,1,none,prefix_lut_shared,dense/scalar/x1/prefix_lut_shared,4096,0,1,10240,10240,256,16,256,1,0,1,0.0073919999413192272,0.0073919999413192272,1015.086669921875,1
2026-08-15T17:16:50Z,NVIDIA H200 NVL,smoke,uniform_0_1,gemv,e5m4,10,5,4,fp32,dense,scalar,1,32,1,1,1,none,prefix_lut_shared,dense/scalar/x1/prefix_lut_shared,256,32,32,10560,10560,256,32,256,1,0,1,0.0050240000709891319,0.0050240000709891319,66.1192626953125,1
2026-08-15T17:16:50Z,NVIDIA H200 NVL,smoke,uniform_0_1,dot,e5m4,10,5,4,fp32,padded,scalar,1,16,1,1,1,none,prefix_lut_shared,padded/scalar/x1/prefix_lut_shared,4096,0,1,10240,16384,256,16,256,1,0,1,0.0073600001633167267,0.0073600001633167267,1015.086669921875,1
2026-08-15T17:16:50Z,NVIDIA H200 NVL,smoke,uniform_0_1,gemv,e5m4,10,5,4,fp32,padded,scalar,1,16,1,1,1,none,prefix_lut_shared,padded/scalar/x1/prefix_lut_shared,256,32,32,10560,16896,256,32,256,1,0,1,0.0048960000276565552,0.0048960000276565552,66.1192626953125,1
2026-08-15T17:16:50Z,NVIDIA H200 NVL,smoke,uniform_0_1,dot,e5m4,10,5,4,fp32,dense,thread_packet,2,32,1,1,2,none,prefix_lut_shared,dense/thread_packet/x2/prefix_lut_shared,4096,0,1,10240,10240,256,8,256,1,0,1,0.0074880002066493034,0.0074880002066493034,1015.086669921875,1
2026-08-15T17:16:50Z,NVIDIA H200 NVL,smoke,uniform_0_1,gemv,e5m4,10,5,4,fp32,dense,thread_packet,2,32,1,1,2,none,prefix_lut_shared,dense/thread_packet/x2/prefix_lut_shared,256,32,32,10560,10560,256,32,256,1,0,1,0.0056639998219907284,0.0056639998219907284,66.119255065917969,1
2026-08-15T17:16:50Z,NVIDIA H200 NVL,smoke,uniform_0_1,dot,e5m4,10,5,4,fp32,dense,thread_packet,4,32,1,1,4,none,prefix_lut_shared,dense/thread_packet/x4/prefix_lut_shared,4096,0,1,10240,10240,256,4,256,1,0,1,0.0079039996489882469,0.0079039996489882469,1015.086669921875,1
2026-08-15T17:16:50Z,NVIDIA H200 NVL,smoke,uniform_0_1,gemv,e5m4,10,5,4,fp32,dense,thread_packet,4,32,1,1,4,none,prefix_lut_shared,dense/thread_packet/x4/prefix_lut_shared,256,32,32,10560,10560,256,32,256,1,0,1,0.0057600000873208046,0.0057600000873208046,66.119255065917969,1
2026-08-15T17:16:50Z,NVIDIA H200 NVL,smoke,uniform_0_1,dot,e5m4,10,5,4,fp32,dense,thread_packet,8,32,1,1,8,none,prefix_lut_shared,dense/thread_packet/x8/prefix_lut_shared,4096,0,1,10240,10240,256,2,256,1,0,1,0.0091519998386502266,0.0091519998386502266,1015.086669921875,1
2026-08-15T17:16:50Z,NVIDIA H200 NVL,smoke,uniform_0_1,gemv,e5m4,10,5,4,fp32,dense,thread_packet,8,32,1,1,8,none,prefix_lut_shared,dense/thread_packet/x8/prefix_lut_shared,256,32,32,10560,10560,256,32,256,1,0,1,0.0066880001686513424,0.0066880001686513424,66.119255065917969,1
2026-08-15T17:16:50Z,NVIDIA H200 NVL,smoke,uniform_0_1,dot,e5m4,10,5,4,fp32,padded,thread_packet,2,16,1,1,2,none,prefix_lut_shared,padded/thread_packet/x2/prefix_lut_shared,4096,0,1,10240,16384,256,8,256,1,0,1,0.0075840000063180923,0.0075840000063180923,1015.086669921875,1
2026-08-15T17:16:50Z,NVIDIA H200 NVL,smoke,uniform_0_1,gemv,e5m4,10,5,4,fp32,padded,thread_packet,2,16,1,1,2,none,prefix_lut_shared,padded/thread_packet/x2/prefix_lut_shared,256,32,32,10560,16896,256,32,256,1,0,1,0.0056320000439882278,0.0056320000439882278,66.119255065917969,1
2026-08-15T17:16:50Z,NVIDIA H200 NVL,smoke,uniform_0_1,dot,e5m4,10,5,4,fp32,padded,thread_packet,4,16,1,1,4,none,prefix_lut_shared,padded/thread_packet/x4/prefix_lut_shared,4096,0,1,10240,16384,256,4,256,1,0,1,0.0076799998059868813,0.0076799998059868813,1015.086669921875,1
2026-08-15T17:16:50Z,NVIDIA H200 NVL,smoke,uniform_0_1,gemv,e5m4,10,5,4,fp32,padded,thread_packet,4,16,1,1,4,none,prefix_lut_shared,padded/thread_packet/x4/prefix_lut_shared,256,32,32,10560,16896,256,32,256,1,0,1,0.00559999980032444,0.00559999980032444,66.119255065917969,1
2026-08-15T17:16:50Z,NVIDIA H200 NVL,smoke,uniform_0_1,dot,e5m4,10,5,4,fp32,padded,thread_packet,8,16,1,1,8,none,prefix_lut_shared,padded/thread_packet/x8/prefix_lut_shared,4096,0,1,10240,16384,256,2,256,1,0,1,0.008320000022649765,0.008320000022649765,1015.086669921875,1
2026-08-15T17:16:50Z,NVIDIA H200 NVL,smoke,uniform_0_1,gemv,e5m4,10,5,4,fp32,padded,thread_packet,8,16,1,1,8,none,prefix_lut_shared,padded/thread_packet/x8/prefix_lut_shared,256,32,32,10560,16896,256,32,256,1,0,1,0.0060479999519884586,0.0060479999519884586,66.119255065917969,1
2026-08-15T17:16:50Z,NVIDIA H200 NVL,smoke,uniform_0_1,dot,e5m4,10,5,4,fp32,dense,cooperative_shuffle,16,32,5,8,2,warp_shuffle,prefix_lut_shared,dense/cooperative_shuffle/x16/prefix_lut_shared,4096,0,1,10240,10240,256,16,256,1,0,1,0.0076480000279843807,0.0076480000279843807,1015.086669921875,1
2026-08-15T17:16:50Z,NVIDIA H200 NVL,smoke,uniform_0_1,gemv,e5m4,10,5,4,fp32,dense,cooperative_shuffle,16,32,5,8,2,warp_shuffle,prefix_lut_shared,dense/cooperative_shuffle/x16/prefix_lut_shared,256,32,32,10560,10560,256,32,256,1,0,1,0.005311999935656786,0.005311999935656786,66.119255065917969,1
2026-08-15T17:16:50Z,NVIDIA H200 NVL,smoke,uniform_0_1,dot,e5m4,10,5,4,fp32,dense,scalar,1,32,1,1,1,none,subnormal_lut_global,dense/scalar/x1/subnormal_lut_global,4096,0,1,10240,10240,64,16,256,1,0,1,0.0071680000983178616,0.0071680000983178616,1015.086669921875,1
2026-08-15T17:16:50Z,NVIDIA H200 NVL,smoke,uniform_0_1,gemv,e5m4,10,5,4,fp32,dense,scalar,1,32,1,1,1,none,subnormal_lut_global,dense/scalar/x1/subnormal_lut_global,256,32,32,10560,10560,64,32,256,1,0,1,0.0049600000493228436,0.0049600000493228436,66.1192626953125,1
2026-08-15T17:16:50Z,NVIDIA H200 NVL,smoke,uniform_0_1,dot,e5m4,10,5,4,fp32,padded,scalar,1,16,1,1,1,none,subnormal_lut_global,padded/scalar/x1/subnormal_lut_global,4096,0,1,10240,16384,64,16,256,1,0,1,0.0071680000983178616,0.0071680000983178616,1015.086669921875,1
2026-08-15T17:16:50Z,NVIDIA H200 NVL,smoke,uniform_0_1,gemv,e5m4,10,5,4,fp32,padded,scalar,1,16,1,1,1,none,subnormal_lut_global,padded/scalar/x1/subnormal_lut_global,256,32,32,10560,16896,64,32,256,1,0,1,0.0048639997839927673,0.0048639997839927673,66.1192626953125,1
2026-08-15T17:16:50Z,NVIDIA H200 NVL,smoke,uniform_0_1,dot,e5m4,10,5,4,fp32,dense,thread_packet,2,32,1,1,2,none,subnormal_lut_global,dense/thread_packet/x2/subnormal_lut_global,4096,0,1,10240,10240,64,8,256,1,0,1,0.0069439997896552086,0.0069439997896552086,1015.086669921875,1
2026-08-15T17:16:50Z,NVIDIA H200 NVL,smoke,uniform_0_1,gemv,e5m4,10,5,4,fp32,dense,thread_packet,2,32,1,1,2,none,subnormal_lut_global,dense/thread_packet/x2/subnormal_lut_global,256,32,32,10560,10560,64,32,256,1,0,1,0.0049919998273253441,0.0049919998273253441,66.119255065917969,1
2026-08-15T17:16:50Z,NVIDIA H200 NVL,smoke,uniform_0_1,dot,e5m4,10,5,4,fp32,dense,thread_packet,4,32,1,1,4,none,subnormal_lut_global,dense/thread_packet/x4/subnormal_lut_global,4096,0,1,10240,10240,64,4,256,1,0,1,0.007807999849319458,0.007807999849319458,1015.086669921875,1
2026-08-15T17:16:50Z,NVIDIA H200 NVL,smoke,uniform_0_1,gemv,e5m4,10,5,4,fp32,dense,thread_packet,4,32,1,1,4,none,subnormal_lut_global,dense/thread_packet/x4/subnormal_lut_global,256,32,32,10560,10560,64,32,256,1,0,1,0.0052800001576542854,0.0052800001576542854,66.119255065917969,1
2026-08-15T17:16:50Z,NVIDIA H200 NVL,smoke,uniform_0_1,dot,e5m4,10,5,4,fp32,dense,thread_packet,8,32,1,1,8,none,subnormal_lut_global,dense/thread_packet/x8/subnormal_lut_global,4096,0,1,10240,10240,64,2,256,1,0,1,0.0080319996923208237,0.0080319996923208237,1015.086669921875,1
2026-08-15T17:16:50Z,NVIDIA H200 NVL,smoke,uniform_0_1,gemv,e5m4,10,5,4,fp32,dense,thread_packet,8,32,1,1,8,none,subnormal_lut_global,dense/thread_packet/x8/subnormal_lut_global,256,32,32,10560,10560,64,32,256,1,0,1,0.0057279998436570168,0.0057279998436570168,66.119255065917969,1
2026-08-15T17:16:50Z,NVIDIA H200 NVL,smoke,uniform_0_1,dot,e5m4,10,5,4,fp32,padded,thread_packet,2,16,1,1,2,none,subnormal_lut_global,padded/thread_packet/x2/subnormal_lut_global,4096,0,1,10240,16384,64,8,256,1,0,1,0.0072320001199841499,0.0072320001199841499,1015.086669921875,1
2026-08-15T17:16:50Z,NVIDIA H200 NVL,smoke,uniform_0_1,gemv,e5m4,10,5,4,fp32,padded,thread_packet,2,16,1,1,2,none,subnormal_lut_global,padded/thread_packet/x2/subnormal_lut_global,256,32,32,10560,16896,64,32,256,1,0,1,0.0048639997839927673,0.0048639997839927673,66.119255065917969,1
2026-08-15T17:16:50Z,NVIDIA H200 NVL,smoke,uniform_0_1,dot,e5m4,10,5,4,fp32,padded,thread_packet,4,16,1,1,4,none,subnormal_lut_global,padded/thread_packet/x4/subnormal_lut_global,4096,0,1,10240,16384,64,4,256,1,0,1,0.007519999984651804,0.007519999984651804,1015.086669921875,1
2026-08-15T17:16:50Z,NVIDIA H200 NVL,smoke,uniform_0_1,gemv,e5m4,10,5,4,fp32,padded,thread_packet,4,16,1,1,4,none,subnormal_lut_global,padded/thread_packet/x4/subnormal_lut_global,256,32,32,10560,16896,64,32,256,1,0,1,0.0049919998273253441,0.0049919998273253441,66.119255065917969,1
2026-08-15T17:16:50Z,NVIDIA H200 NVL,smoke,uniform_0_1,dot,e5m4,10,5,4,fp32,padded,thread_packet,8,16,1,1,8,none,subnormal_lut_global,padded/thread_packet/x8/subnormal_lut_global,4096,0,1,10240,16384,64,2,256,1,0,1,0.0080319996923208237,0.0080319996923208237,1015.086669921875,1
2026-08-15T17:16:50Z,NVIDIA H200 NVL,smoke,uniform_0_1,gemv,e5m4,10,5,4,fp32,padded,thread_packet,8,16,1,1,8,none,subnormal_lut_global,padded/thread_packet/x8/subnormal_lut_global,256,32,32,10560,16896,64,32,256,1,0,1,0.0055359997786581516,0.0055359997786581516,66.119255065917969,1
2026-08-15T17:16:50Z,NVIDIA H200 NVL,smoke,uniform_0_1,dot,e5m4,10,5,4,fp32,dense,cooperative_shuffle,16,32,5,8,2,warp_shuffle,subnormal_lut_global,dense/cooperative_shuffle/x16/subnormal_lut_global,4096,0,1,10240,10240,64,16,256,1,0,1,0.0075520002283155918,0.0075520002283155918,1015.086669921875,1
2026-08-15T17:16:50Z,NVIDIA H200 NVL,smoke,uniform_0_1,gemv,e5m4,10,5,4,fp32,dense,cooperative_shuffle,16,32,5,8,2,warp_shuffle,subnormal_lut_global,dense/cooperative_shuffle/x16/subnormal_lut_global,256,32,32,10560,10560,64,32,256,1,0,1,0.0055359997786581516,0.0055359997786581516,66.119255065917969,1
2026-08-15T17:16:50Z,NVIDIA H200 NVL,smoke,uniform_0_1,dot,e5m4,10,5,4,fp32,dense,scalar,1,32,1,1,1,none,subnormal_lut_shared,dense/scalar/x1/subnormal_lut_shared,4096,0,1,10240,10240,64,16,256,1,0,1,0.0075520002283155918,0.0075520002283155918,1015.086669921875,1
2026-08-15T17:16:50Z,NVIDIA H200 NVL,smoke,uniform_0_1,gemv,e5m4,10,5,4,fp32,dense,scalar,1,32,1,1,1,none,subnormal_lut_shared,dense/scalar/x1/subnormal_lut_shared,256,32,32,10560,10560,64,32,256,1,0,1,0.0048960000276565552,0.0048960000276565552,66.1192626953125,1
2026-08-15T17:16:50Z,NVIDIA H200 NVL,smoke,uniform_0_1,dot,e5m4,10,5,4,fp32,padded,scalar,1,16,1,1,1,none,subnormal_lut_shared,padded/scalar/x1/subnormal_lut_shared,4096,0,1,10240,16384,64,16,256,1,0,1,0.0074559999629855156,0.0074559999629855156,1015.086669921875,1
2026-08-15T17:16:50Z,NVIDIA H200 NVL,smoke,uniform_0_1,gemv,e5m4,10,5,4,fp32,padded,scalar,1,16,1,1,1,none,subnormal_lut_shared,padded/scalar/x1/subnormal_lut_shared,256,32,32,10560,16896,64,32,256,1,0,1,0.0051520001143217087,0.0051520001143217087,66.1192626953125,1
2026-08-15T17:16:50Z,NVIDIA H200 NVL,smoke,uniform_0_1,dot,e5m4,10,5,4,fp32,dense,thread_packet,2,32,1,1,2,none,subnormal_lut_shared,dense/thread_packet/x2/subnormal_lut_shared,4096,0,1,10240,10240,64,8,256,1,0,1,0.0072960001416504383,0.0072960001416504383,1015.086669921875,1
2026-08-15T17:16:50Z,NVIDIA H200 NVL,smoke,uniform_0_1,gemv,e5m4,10,5,4,fp32,dense,thread_packet,2,32,1,1,2,none,subnormal_lut_shared,dense/thread_packet/x2/subnormal_lut_shared,256,32,32,10560,10560,64,32,256,1,0,1,0.0050880000926554203,0.0050880000926554203,66.119255065917969,1
2026-08-15T17:16:50Z,NVIDIA H200 NVL,smoke,uniform_0_1,dot,e5m4,10,5,4,fp32,dense,thread_packet,4,32,1,1,4,none,subnormal_lut_shared,dense/thread_packet/x4/subnormal_lut_shared,4096,0,1,10240,10240,64,4,256,1,0,1,0.0077120000496506691,0.0077120000496506691,1015.086669921875,1
2026-08-15T17:16:50Z,NVIDIA H200 NVL,smoke,uniform_0_1,gemv,e5m4,10,5,4,fp32,dense,thread_packet,4,32,1,1,4,none,subnormal_lut_shared,dense/thread_packet/x4/subnormal_lut_shared,256,32,32,10560,10560,64,32,256,1,0,1,0.0055680000223219395,0.0055680000223219395,66.119255065917969,1
2026-08-15T17:16:50Z,NVIDIA H200 NVL,smoke,uniform_0_1,dot,e5m4,10,5,4,fp32,dense,thread_packet,8,32,1,1,8,none,subnormal_lut_shared,dense/thread_packet/x8/subnormal_lut_shared,4096,0,1,10240,10240,64,2,256,1,0,1,0.0084480000659823418,0.0084480000659823418,1015.086669921875,1
2026-08-15T17:16:50Z,NVIDIA H200 NVL,smoke,uniform_0_1,gemv,e5m4,10,5,4,fp32,dense,thread_packet,8,32,1,1,8,none,subnormal_lut_shared,dense/thread_packet/x8/subnormal_lut_shared,256,32,32,10560,10560,64,32,256,1,0,1,0.0060160001739859581,0.0060160001739859581,66.119255065917969,1
2026-08-15T17:16:50Z,NVIDIA H200 NVL,smoke,uniform_0_1,dot,e5m4,10,5,4,fp32,padded,thread_packet,2,16,1,1,2,none,subnormal_lut_shared,padded/thread_packet/x2/subnormal_lut_shared,4096,0,1,10240,16384,64,8,256,1,0,1,0.0074880002066493034,0.0074880002066493034,1015.086669921875,1
2026-08-15T17:16:50Z,NVIDIA H200 NVL,smoke,uniform_0_1,gemv,e5m4,10,5,4,fp32,padded,thread_packet,2,16,1,1,2,none,subnormal_lut_shared,padded/thread_packet/x2/subnormal_lut_shared,256,32,32,10560,16896,64,32,256,1,0,1,0.0050559998489916325,0.0050559998489916325,66.119255065917969,1
2026-08-15T17:16:50Z,NVIDIA H200 NVL,smoke,uniform_0_1,dot,e5m4,10,5,4,fp32,padded,thread_packet,4,16,1,1,4,none,subnormal_lut_shared,padded/thread_packet/x4/subnormal_lut_shared,4096,0,1,10240,16384,64,4,256,1,0,1,0.007807999849319458,0.007807999849319458,1015.086669921875,1
2026-08-15T17:16:50Z,NVIDIA H200 NVL,smoke,uniform_0_1,gemv,e5m4,10,5,4,fp32,padded,thread_packet,4,16,1,1,4,none,subnormal_lut_shared,padded/thread_packet/x4/subnormal_lut_shared,256,32,32,10560,16896,64,32,256,1,0,1,0.0057600000873208046,0.0057600000873208046,66.119255065917969,1
2026-08-15T17:16:50Z,NVIDIA H200 NVL,smoke,uniform_0_1,dot,e5m4,10,5,4,fp32,padded,thread_packet,8,16,1,1,8,none,subnormal_lut_shared,padded/thread_packet/x8/subnormal_lut_shared,4096,0,1,10240,16384,64,2,256,1,0,1,0.0080319996923208237,0.0080319996923208237,1015.086669921875,1
2026-08-15T17:16:50Z,NVIDIA H200 NVL,smoke,uniform_0_1,gemv,e5m4,10,5,4,fp32,padded,thread_packet,8,16,1,1,8,none,subnormal_lut_shared,padded/thread_packet/x8/subnormal_lut_shared,256,32,32,10560,16896,64,32,256,1,0,1,0.0060800001956522465,0.0060800001956522465,66.119255065917969,1
2026-08-15T17:16:50Z,NVIDIA H200 NVL,smoke,uniform_0_1,dot,e5m4,10,5,4,fp32,dense,cooperative_shuffle,16,32,5,8,2,warp_shuffle,subnormal_lut_shared,dense/cooperative_shuffle/x16/subnormal_lut_shared,4096,0,1,10240,10240,64,16,256,1,0,1,0.0075840000063180923,0.0075840000063180923,1015.086669921875,1
2026-08-15T17:16:50Z,NVIDIA H200 NVL,smoke,uniform_0_1,gemv,e5m4,10,5,4,fp32,dense,cooperative_shuffle,16,32,5,8,2,warp_shuffle,subnormal_lut_shared,dense/cooperative_shuffle/x16/subnormal_lut_shared,256,32,32,10560,10560,64,32,256,1,0,1,0.0057600000873208046,0.0057600000873208046,66.119255065917969,1
2026-08-15T17:16:50Z,NVIDIA H200 NVL,smoke,uniform_0_1,dot,e8m1,10,8,1,fp32,dense,scalar,1,32,1,1,1,none,generic,dense/scalar/x1/generic,4096,0,1,10240,10240,0,16,256,1,0,1,0.0072960001416504383,0.0072960001416504383,1012.57275390625,1
2026-08-15T17:16:50Z,NVIDIA H200 NVL,smoke,uniform_0_1,gemv,e8m1,10,8,1,fp32,dense,scalar,1,32,1,1,1,none,generic,dense/scalar/x1/generic,256,32,32,10560,10560,0,32,256,1,0,1,0.0048960000276565552,0.0048960000276565552,65.9620361328125,1
2026-08-15T17:16:50Z,NVIDIA H200 NVL,smoke,uniform_0_1,dot,e8m1,10,8,1,fp32,padded,scalar,1,16,1,1,1,none,generic,padded/scalar/x1/generic,4096,0,1,10240,16384,0,16,256,1,0,1,0.0074559999629855156,0.0074559999629855156,1012.57275390625,1
2026-08-15T17:16:50Z,NVIDIA H200 NVL,smoke,uniform_0_1,gemv,e8m1,10,8,1,fp32,padded,scalar,1,16,1,1,1,none,generic,padded/scalar/x1/generic,256,32,32,10560,16896,0,32,256,1,0,1,0.0046080001629889011,0.0046080001629889011,65.9620361328125,1
2026-08-15T17:16:50Z,NVIDIA H200 NVL,smoke,uniform_0_1,dot,e8m1,10,8,1,fp32,dense,scalar,1,32,1,1,1,none,direct_branchy,dense/scalar/x1/direct_branchy,4096,0,1,10240,10240,0,16,256,1,0,1,0.0071680000983178616,0.0071680000983178616,1012.57275390625,1
2026-08-15T17:16:50Z,NVIDIA H200 NVL,smoke,uniform_0_1,gemv,e8m1,10,8,1,fp32,dense,scalar,1,32,1,1,1,none,direct_branchy,dense/scalar/x1/direct_branchy,256,32,32,10560,10560,0,32,256,1,0,1,0.0046399999409914017,0.0046399999409914017,65.9620361328125,1
2026-08-15T17:16:50Z,NVIDIA H200 NVL,smoke,uniform_0_1,dot,e8m1,10,8,1,fp32,padded,scalar,1,16,1,1,1,none,direct_branchy,padded/scalar/x1/direct_branchy,4096,0,1,10240,16384,0,16,256,1,0,1,0.0070719998329877853,0.0070719998329877853,1012.57275390625,1
2026-08-15T17:16:50Z,NVIDIA H200 NVL,smoke,uniform_0_1,gemv,e8m1,10,8,1,fp32,padded,scalar,1,16,1,1,1,none,direct_branchy,padded/scalar/x1/direct_branchy,256,32,32,10560,16896,0,32,256,1,0,1,0.0049279998056590557,0.0049279998056590557,65.9620361328125,1
2026-08-15T17:16:50Z,NVIDIA H200 NVL,smoke,uniform_0_1,dot,e8m1,10,8,1,fp32,dense,thread_packet,2,32,1,1,2,none,direct_branchy,dense/thread_packet/x2/direct_branchy,4096,0,1,10240,10240,0,8,256,1,0,1,0.0073279999196529388,0.0073279999196529388,1012.57275390625,1
2026-08-15T17:16:50Z,NVIDIA H200 NVL,smoke,uniform_0_1,gemv,e8m1,10,8,1,fp32,dense,thread_packet,2,32,1,1,2,none,direct_branchy,dense/thread_packet/x2/direct_branchy,256,32,32,10560,10560,0,32,256,1,0,1,0.0045759999193251133,0.0045759999193251133,65.9620361328125,1
2026-08-15T17:16:50Z,NVIDIA H200 NVL,smoke,uniform_0_1,dot,e8m1,10,8,1,fp32,dense,thread_packet,4,32,1,1,4,none,direct_branchy,dense/thread_packet/x4/direct_branchy,4096,0,1,10240,10240,0,4,256,1,0,1,0.0073919999413192272,0.0073919999413192272,1012.5726928710938,1
2026-08-15T17:16:50Z,NVIDIA H200 NVL,smoke,uniform_0_1,gemv,e8m1,10,8,1,fp32,dense,thread_packet,4,32,1,1,4,none,direct_branchy,dense/thread_packet/x4/direct_branchy,256,32,32,10560,10560,0,32,256,1,0,1,0.0051839998923242092,0.0051839998923242092,65.9620361328125,1
2026-08-15T17:16:50Z,NVIDIA H200 NVL,smoke,uniform_0_1,dot,e8m1,10,8,1,fp32,dense,thread_packet,8,32,1,1,8,none,direct_branchy,dense/thread_packet/x8/direct_branchy,4096,0,1,10240,10240,0,2,256,1,0,1,0.0073919999413192272,0.0073919999413192272,1012.57275390625,1
2026-08-15T17:16:50Z,NVIDIA H200 NVL,smoke,uniform_0_1,gemv,e8m1,10,8,1,fp32,dense,thread_packet,8,32,1,1,8,none,direct_branchy,dense/thread_packet/x8/direct_branchy,256,32,32,10560,10560,0,32,256,1,0,1,0.0053759999573230743,0.0053759999573230743,65.9620361328125,1
2026-08-15T17:16:50Z,NVIDIA H200 NVL,smoke,uniform_0_1,dot,e8m1,10,8,1,fp32,padded,thread_packet,2,16,1,1,2,none,direct_branchy,padded/thread_packet/x2/direct_branchy,4096,0,1,10240,16384,0,8,256,1,0,1,0.0072960001416504383,0.0072960001416504383,1012.57275390625,1
2026-08-15T17:16:50Z,NVIDIA H200 NVL,smoke,uniform_0_1,gemv,e8m1,10,8,1,fp32,padded,thread_packet,2,16,1,1,2,none,direct_branchy,padded/thread_packet/x2/direct_branchy,256,32,32,10560,16896,0,32,256,1,0,1,0.0047360002063214779,0.0047360002063214779,65.9620361328125,1
2026-08-15T17:16:50Z,NVIDIA H200 NVL,smoke,uniform_0_1,dot,e8m1,10,8,1,fp32,padded,thread_packet,4,16,1,1,4,none,direct_branchy,padded/thread_packet/x4/direct_branchy,4096,0,1,10240,16384,0,4,256,1,0,1,0.0071680000983178616,0.0071680000983178616,1012.5726928710938,1
2026-08-15T17:16:50Z,NVIDIA H200 NVL,smoke,uniform_0_1,gemv,e8m1,10,8,1,fp32,padded,thread_packet,4,16,1,1,4,none,direct_branchy,padded/thread_packet/x4/direct_branchy,256,32,32,10560,16896,0,32,256,1,0,1,0.0045759999193251133,0.0045759999193251133,65.9620361328125,1
2026-08-15T17:16:50Z,NVIDIA H200 NVL,smoke,uniform_0_1,dot,e8m1,10,8,1,fp32,padded,thread_packet,8,16,1,1,8,none,direct_branchy,padded/thread_packet/x8/direct_branchy,4096,0,1,10240,16384,0,2,256,1,0,1,0.0071680000983178616,0.0071680000983178616,1012.57275390625,1
2026-08-15T17:16:50Z,NVIDIA H200 NVL,smoke,uniform_0_1,gemv,e8m1,10,8,1,fp32,padded,thread_packet,8,16,1,1,8,none,direct_branchy,padded/thread_packet/x8/direct_branchy,256,32,32,10560,16896,0,32,256,1,0,1,0.0047679999843239784,0.0047679999843239784,65.9620361328125,1
2026-08-15T17:16:50Z,NVIDIA H200 NVL,smoke,uniform_0_1,dot,e8m1,10,8,1,fp32,dense,cooperative_shuffle,16,32,5,8,2,warp_shuffle,direct_branchy,dense/cooperative_shuffle/x16/direct_branchy,4096,0,1,10240,10240,0,16,256,1,0,1,0.0074240001849830151,0.0074240001849830151,1012.57275390625,1
2026-08-15T17:16:50Z,NVIDIA H200 NVL,smoke,uniform_0_1,gemv,e8m1,10,8,1,fp32,dense,cooperative_shuffle,16,32,5,8,2,warp_shuffle,direct_branchy,dense/cooperative_shuffle/x16/direct_branchy,256,32,32,10560,10560,0,32,256,1,0,1,0.0048000002279877663,0.0048000002279877663,65.9620361328125,1
2026-08-15T17:16:50Z,NVIDIA H200 NVL,smoke,uniform_0_1,dot,e8m1,10,8,1,fp32,dense,scalar,1,32,1,1,1,none,full_lut_global,dense/scalar/x1/full_lut_global,4096,0,1,10240,10240,4096,16,256,1,0,1,0.0071999998763203621,0.0071999998763203621,1012.57275390625,1
2026-08-15T17:16:50Z,NVIDIA H200 NVL,smoke,uniform_0_1,gemv,e8m1,10,8,1,fp32,dense,scalar,1,32,1,1,1,none,full_lut_global,dense/scalar/x1/full_lut_global,256,32,32,10560,10560,4096,32,256,1,0,1,0.0048639997839927673,0.0048639997839927673,65.9620361328125,1
2026-08-15T17:16:50Z,NVIDIA H200 NVL,smoke,uniform_0_1,dot,e8m1,10,8,1,fp32,padded,scalar,1,16,1,1,1,none,full_lut_global,padded/scalar/x1/full_lut_global,4096,0,1,10240,16384,4096,16,256,1,0,1,0.0072960001416504383,0.0072960001416504383,1012.57275390625,1
2026-08-15T17:16:50Z,NVIDIA H200 NVL,smoke,uniform_0_1,gemv,e8m1,10,8,1,fp32,padded,scalar,1,16,1,1,1,none,full_lut_global,padded/scalar/x1/full_lut_global,256,32,32,10560,16896,4096,32,256,1,0,1,0.0050240000709891319,0.0050240000709891319,65.9620361328125,1
2026-08-15T17:16:50Z,NVIDIA H200 NVL,smoke,uniform_0_1,dot,e8m1,10,8,1,fp32,dense,thread_packet,2,32,1,1,2,none,full_lut_global,dense/thread_packet/x2/full_lut_global,4096,0,1,10240,10240,4096,8,256,1,0,1,0.0071680000983178616,0.0071680000983178616,1012.57275390625,1
2026-08-15T17:16:50Z,NVIDIA H200 NVL,smoke,uniform_0_1,gemv,e8m1,10,8,1,fp32,dense,thread_packet,2,32,1,1,2,none,full_lut_global,dense/thread_packet/x2/full_lut_global,256,32,32,10560,10560,4096,32,256,1,0,1,0.0050559998489916325,0.0050559998489916325,65.9620361328125,1
2026-08-15T17:16:50Z,NVIDIA H200 NVL,smoke,uniform_0_1,dot,e8m1,10,8,1,fp32,dense,thread_packet,4,32,1,1,4,none,full_lut_global,dense/thread_packet/x4/full_lut_global,4096,0,1,10240,10240,4096,4,256,1,0,1,0.0071040000766515732,0.0071040000766515732,1012.5726928710938,1
2026-08-15T17:16:50Z,NVIDIA H200 NVL,smoke,uniform_0_1,gemv,e8m1,10,8,1,fp32,dense,thread_packet,4,32,1,1,4,none,full_lut_global,dense/thread_packet/x4/full_lut_global,256,32,32,10560,10560,4096,32,256,1,0,1,0.0051199998706579208,0.0051199998706579208,65.9620361328125,1
2026-08-15T17:16:50Z,NVIDIA H200 NVL,smoke,uniform_0_1,dot,e8m1,10,8,1,fp32,dense,thread_packet,8,32,1,1,8,none,full_lut_global,dense/thread_packet/x8/full_lut_global,4096,0,1,10240,10240,4096,2,256,1,0,1,0.0077439998276531696,0.0077439998276531696,1012.57275390625,1
2026-08-15T17:16:50Z,NVIDIA H200 NVL,smoke,uniform_0_1,gemv,e8m1,10,8,1,fp32,dense,thread_packet,8,32,1,1,8,none,full_lut_global,dense/thread_packet/x8/full_lut_global,256,32,32,10560,10560,4096,32,256,1,0,1,0.0059839999303221703,0.0059839999303221703,65.9620361328125,1
2026-08-15T17:16:50Z,NVIDIA H200 NVL,smoke,uniform_0_1,dot,e8m1,10,8,1,fp32,padded,thread_packet,2,16,1,1,2,none,full_lut_global,padded/thread_packet/x2/full_lut_global,4096,0,1,10240,16384,4096,8,256,1,0,1,0.0076799998059868813,0.0076799998059868813,1012.57275390625,1
2026-08-15T17:16:50Z,NVIDIA H200 NVL,smoke,uniform_0_1,gemv,e8m1,10,8,1,fp32,padded,thread_packet,2,16,1,1,2,none,full_lut_global,padded/thread_packet/x2/full_lut_global,256,32,32,10560,16896,4096,32,256,1,0,1,0.0048000002279877663,0.0048000002279877663,65.9620361328125,1
2026-08-15T17:16:50Z,NVIDIA H200 NVL,smoke,uniform_0_1,dot,e8m1,10,8,1,fp32,padded,thread_packet,4,16,1,1,4,none,full_lut_global,padded/thread_packet/x4/full_lut_global,4096,0,1,10240,16384,4096,4,256,1,0,1,0.007807999849319458,0.007807999849319458,1012.5726928710938,1
2026-08-15T17:16:50Z,NVIDIA H200 NVL,smoke,uniform_0_1,gemv,e8m1,10,8,1,fp32,padded,thread_packet,4,16,1,1,4,none,full_lut_global,padded/thread_packet/x4/full_lut_global,256,32,32,10560,16896,4096,32,256,1,0,1,0.0047679999843239784,0.0047679999843239784,65.9620361328125,1
2026-08-15T17:16:50Z,NVIDIA H200 NVL,smoke,uniform_0_1,dot,e8m1,10,8,1,fp32,padded,thread_packet,8,16,1,1,8,none,full_lut_global,padded/thread_packet/x8/full_lut_global,4096,0,1,10240,16384,4096,2,256,1,0,1,0.0072639998979866505,0.0072639998979866505,1012.57275390625,1
2026-08-15T17:16:50Z,NVIDIA H200 NVL,smoke,uniform_0_1,gemv,e8m1,10,8,1,fp32,padded,thread_packet,8,16,1,1,8,none,full_lut_global,padded/thread_packet/x8/full_lut_global,256,32,32,10560,16896,4096,32,256,1,0,1,0.0048320000059902668,0.0048320000059902668,65.9620361328125,1
2026-08-15T17:16:50Z,NVIDIA H200 NVL,smoke,uniform_0_1,dot,e8m1,10,8,1,fp32,dense,cooperative_shuffle,16,32,5,8,2,warp_shuffle,full_lut_global,dense/cooperative_shuffle/x16/full_lut_global,4096,0,1,10240,10240,4096,16,256,1,0,1,0.0076799998059868813,0.0076799998059868813,1012.57275390625,1
2026-08-15T17:16:50Z,NVIDIA H200 NVL,smoke,uniform_0_1,gemv,e8m1,10,8,1,fp32,dense,cooperative_shuffle,16,32,5,8,2,warp_shuffle,full_lut_global,dense/cooperative_shuffle/x16/full_lut_global,256,32,32,10560,10560,4096,32,256,1,0,1,0.005824000108987093,0.005824000108987093,65.9620361328125,1
2026-08-15T17:16:50Z,NVIDIA H200 NVL,smoke,uniform_0_1,dot,e8m1,10,8,1,fp32,dense,scalar,1,32,1,1,1,none,full_lut_shared,dense/scalar/x1/full_lut_shared,4096,0,1,10240,10240,4096,16,256,1,0,1,0.0080639999359846115,0.0080639999359846115,1012.57275390625,1
2026-08-15T17:16:50Z,NVIDIA H200 NVL,smoke,uniform_0_1,gemv,e8m1,10,8,1,fp32,dense,scalar,1,32,1,1,1,none,full_lut_shared,dense/scalar/x1/full_lut_shared,256,32,32,10560,10560,4096,32,256,1,0,1,0.00559999980032444,0.00559999980032444,65.9620361328125,1
2026-08-15T17:16:50Z,NVIDIA H200 NVL,smoke,uniform_0_1,dot,e8m1,10,8,1,fp32,padded,scalar,1,16,1,1,1,none,full_lut_shared,padded/scalar/x1/full_lut_shared,4096,0,1,10240,16384,4096,16,256,1,0,1,0.0079039996489882469,0.0079039996489882469,1012.57275390625,1
2026-08-15T17:16:50Z,NVIDIA H200 NVL,smoke,uniform_0_1,gemv,e8m1,10,8,1,fp32,padded,scalar,1,16,1,1,1,none,full_lut_shared,padded/scalar/x1/full_lut_shared,256,32,32,10560,16896,4096,32,256,1,0,1,0.0055359997786581516,0.0055359997786581516,65.9620361328125,1
2026-08-15T17:16:50Z,NVIDIA H200 NVL,smoke,uniform_0_1,dot,e8m1,10,8,1,fp32,dense,thread_packet,2,32,1,1,2,none,full_lut_shared,dense/thread_packet/x2/full_lut_shared,4096,0,1,10240,10240,4096,8,256,1,0,1,0.0077760000713169575,0.0077760000713169575,1012.57275390625,1
2026-08-15T17:16:50Z,NVIDIA H200 NVL,smoke,uniform_0_1,gemv,e8m1,10,8,1,fp32,dense,thread_packet,2,32,1,1,2,none,full_lut_shared,dense/thread_packet/x2/full_lut_shared,256,32,32,10560,10560,4096,32,256,1,0,1,0.0055359997786581516,0.0055359997786581516,65.9620361328125,1
2026-08-15T17:16:50Z,NVIDIA H200 NVL,smoke,uniform_0_1,dot,e8m1,10,8,1,fp32,dense,thread_packet,4,32,1,1,4,none,full_lut_shared,dense/thread_packet/x4/full_lut_shared,4096,0,1,10240,10240,4096,4,256,1,0,1,0.0080639999359846115,0.0080639999359846115,1012.5726928710938,1
2026-08-15T17:16:50Z,NVIDIA H200 NVL,smoke,uniform_0_1,gemv,e8m1,10,8,1,fp32,dense,thread_packet,4,32,1,1,4,none,full_lut_shared,dense/thread_packet/x4/full_lut_shared,256,32,32,10560,10560,4096,32,256,1,0,1,0.0057600000873208046,0.0057600000873208046,65.9620361328125,1
2026-08-15T17:16:50Z,NVIDIA H200 NVL,smoke,uniform_0_1,dot,e8m1,10,8,1,fp32,dense,thread_packet,8,32,1,1,8,none,full_lut_shared,dense/thread_packet/x8/full_lut_shared,4096,0,1,10240,10240,4096,2,256,1,0,1,0.0084480000659823418,0.0084480000659823418,1012.57275390625,1
2026-08-15T17:16:50Z,NVIDIA H200 NVL,smoke,uniform_0_1,gemv,e8m1,10,8,1,fp32,dense,thread_packet,8,32,1,1,8,none,full_lut_shared,dense/thread_packet/x8/full_lut_shared,256,32,32,10560,10560,4096,32,256,1,0,1,0.006624000146985054,0.006624000146985054,65.9620361328125,1
2026-08-15T17:16:50Z,NVIDIA H200 NVL,smoke,uniform_0_1,dot,e8m1,10,8,1,fp32,padded,thread_packet,2,16,1,1,2,none,full_lut_shared,padded/thread_packet/x2/full_lut_shared,4096,0,1,10240,16384,4096,8,256,1,0,1,0.0080000003799796104,0.0080000003799796104,1012.57275390625,1
2026-08-15T17:16:50Z,NVIDIA H200 NVL,smoke,uniform_0_1,gemv,e8m1,10,8,1,fp32,padded,thread_packet,2,16,1,1,2,none,full_lut_shared,padded/thread_packet/x2/full_lut_shared,256,32,32,10560,16896,4096,32,256,1,0,1,0.0055359997786581516,0.0055359997786581516,65.9620361328125,1
2026-08-15T17:16:50Z,NVIDIA H200 NVL,smoke,uniform_0_1,dot,e8m1,10,8,1,fp32,padded,thread_packet,4,16,1,1,4,none,full_lut_shared,padded/thread_packet/x4/full_lut_shared,4096,0,1,10240,16384,4096,4,256,1,0,1,0.0079680001363158226,0.0079680001363158226,1012.5726928710938,1
2026-08-15T17:16:50Z,NVIDIA H200 NVL,smoke,uniform_0_1,gemv,e8m1,10,8,1,fp32,padded,thread_packet,4,16,1,1,4,none,full_lut_shared,padded/thread_packet/x4/full_lut_shared,256,32,32,10560,16896,4096,32,256,1,0,1,0.00559999980032444,0.00559999980032444,65.9620361328125,1
2026-08-15T17:16:50Z,NVIDIA H200 NVL,smoke,uniform_0_1,dot,e8m1,10,8,1,fp32,padded,thread_packet,8,16,1,1,8,none,full_lut_shared,padded/thread_packet/x8/full_lut_shared,4096,0,1,10240,16384,4096,2,256,1,0,1,0.0078720003366470337,0.0078720003366470337,1012.57275390625,1
2026-08-15T17:16:50Z,NVIDIA H200 NVL,smoke,uniform_0_1,gemv,e8m1,10,8,1,fp32,padded,thread_packet,8,16,1,1,8,none,full_lut_shared,padded/thread_packet/x8/full_lut_shared,256,32,32,10560,16896,4096,32,256,1,0,1,0.0062400000169873238,0.0062400000169873238,65.9620361328125,1
2026-08-15T17:16:50Z,NVIDIA H200 NVL,smoke,uniform_0_1,dot,e8m1,10,8,1,fp32,dense,cooperative_shuffle,16,32,5,8,2,warp_shuffle,full_lut_shared,dense/cooperative_shuffle/x16/full_lut_shared,4096,0,1,10240,10240,4096,16,256,1,0,1,0.0085760001093149185,0.0085760001093149185,1012.57275390625,1
2026-08-15T17:16:50Z,NVIDIA H200 NVL,smoke,uniform_0_1,gemv,e8m1,10,8,1,fp32,dense,cooperative_shuffle,16,32,5,8,2,warp_shuffle,full_lut_shared,dense/cooperative_shuffle/x16/full_lut_shared,256,32,32,10560,10560,4096,32,256,1,0,1,0.0057600000873208046,0.0057600000873208046,65.9620361328125,1
2026-08-15T17:16:50Z,NVIDIA H200 NVL,smoke,uniform_0_1,dot,e8m1,10,8,1,fp32,dense,scalar,1,32,1,1,1,none,prefix_lut_global,dense/scalar/x1/prefix_lut_global,4096,0,1,10240,10240,2048,16,256,1,0,1,0.0071999998763203621,0.0071999998763203621,1012.57275390625,1
2026-08-15T17:16:50Z,NVIDIA H200 NVL,smoke,uniform_0_1,gemv,e8m1,10,8,1,fp32,dense,scalar,1,32,1,1,1,none,prefix_lut_global,dense/scalar/x1/prefix_lut_global,256,32,32,10560,10560,2048,32,256,1,0,1,0.005311999935656786,0.005311999935656786,65.9620361328125,1
2026-08-15T17:16:50Z,NVIDIA H200 NVL,smoke,uniform_0_1,dot,e8m1,10,8,1,fp32,padded,scalar,1,16,1,1,1,none,prefix_lut_global,padded/scalar/x1/prefix_lut_global,4096,0,1,10240,16384,2048,16,256,1,0,1,0.0080319996923208237,0.0080319996923208237,1012.57275390625,1
2026-08-15T17:16:50Z,NVIDIA H200 NVL,smoke,uniform_0_1,gemv,e8m1,10,8,1,fp32,padded,scalar,1,16,1,1,1,none,prefix_lut_global,padded/scalar/x1/prefix_lut_global,256,32,32,10560,16896,2048,32,256,1,0,1,0.0048639997839927673,0.0048639997839927673,65.9620361328125,1
2026-08-15T17:16:50Z,NVIDIA H200 NVL,smoke,uniform_0_1,dot,e8m1,10,8,1,fp32,dense,thread_packet,2,32,1,1,2,none,prefix_lut_global,dense/thread_packet/x2/prefix_lut_global,4096,0,1,10240,10240,2048,8,256,1,0,1,0.0074880002066493034,0.0074880002066493034,1012.57275390625,1
2026-08-15T17:16:50Z,NVIDIA H200 NVL,smoke,uniform_0_1,gemv,e8m1,10,8,1,fp32,dense,thread_packet,2,32,1,1,2,none,prefix_lut_global,dense/thread_packet/x2/prefix_lut_global,256,32,32,10560,10560,2048,32,256,1,0,1,0.0048000002279877663,0.0048000002279877663,65.9620361328125,1
2026-08-15T17:16:50Z,NVIDIA H200 NVL,smoke,uniform_0_1,dot,e8m1,10,8,1,fp32,dense,thread_packet,4,32,1,1,4,none,prefix_lut_global,dense/thread_packet/x4/prefix_lut_global,4096,0,1,10240,10240,2048,4,256,1,0,1,0.0071999998763203621,0.0071999998763203621,1012.5726928710938,1
2026-08-15T17:16:50Z,NVIDIA H200 NVL,smoke,uniform_0_1,gemv,e8m1,10,8,1,fp32,dense,thread_packet,4,32,1,1,4,none,prefix_lut_global,dense/thread_packet/x4/prefix_lut_global,256,32,32,10560,10560,2048,32,256,1,0,1,0.0050559998489916325,0.0050559998489916325,65.9620361328125,1
2026-08-15T17:16:50Z,NVIDIA H200 NVL,smoke,uniform_0_1,dot,e8m1,10,8,1,fp32,dense,thread_packet,8,32,1,1,8,none,prefix_lut_global,dense/thread_packet/x8/prefix_lut_global,4096,0,1,10240,10240,2048,2,256,1,0,1,0.0080000003799796104,0.0080000003799796104,1012.57275390625,1
2026-08-15T17:16:50Z,NVIDIA H200 NVL,smoke,uniform_0_1,gemv,e8m1,10,8,1,fp32,dense,thread_packet,8,32,1,1,8,none,prefix_lut_global,dense/thread_packet/x8/prefix_lut_global,256,32,32,10560,10560,2048,32,256,1,0,1,0.00559999980032444,0.00559999980032444,65.9620361328125,1
2026-08-15T17:16:50Z,NVIDIA H200 NVL,smoke,uniform_0_1,dot,e8m1,10,8,1,fp32,padded,thread_packet,2,16,1,1,2,none,prefix_lut_global,padded/thread_packet/x2/prefix_lut_global,4096,0,1,10240,16384,2048,8,256,1,0,1,0.0069760000333189964,0.0069760000333189964,1012.57275390625,1
2026-08-15T17:16:50Z,NVIDIA H200 NVL,smoke,uniform_0_1,gemv,e8m1,10,8,1,fp32,padded,thread_packet,2,16,1,1,2,none,prefix_lut_global,padded/thread_packet/x2/prefix_lut_global,256,32,32,10560,16896,2048,32,256,1,0,1,0.0049600000493228436,0.0049600000493228436,65.9620361328125,1
2026-08-15T17:16:50Z,NVIDIA H200 NVL,smoke,uniform_0_1,dot,e8m1,10,8,1,fp32,padded,thread_packet,4,16,1,1,4,none,prefix_lut_global,padded/thread_packet/x4/prefix_lut_global,4096,0,1,10240,16384,2048,4,256,1,0,1,0.0073600001633167267,0.0073600001633167267,1012.5726928710938,1
2026-08-15T17:16:50Z,NVIDIA H200 NVL,smoke,uniform_0_1,gemv,e8m1,10,8,1,fp32,padded,thread_packet,4,16,1,1,4,none,prefix_lut_global,padded/thread_packet/x4/prefix_lut_global,256,32,32,10560,16896,2048,32,256,1,0,1,0.0051199998706579208,0.0051199998706579208,65.9620361328125,1
2026-08-15T17:16:50Z,NVIDIA H200 NVL,smoke,uniform_0_1,dot,e8m1,10,8,1,fp32,padded,thread_packet,8,16,1,1,8,none,prefix_lut_global,padded/thread_packet/x8/prefix_lut_global,4096,0,1,10240,16384,2048,2,256,1,0,1,0.0077439998276531696,0.0077439998276531696,1012.57275390625,1
2026-08-15T17:16:50Z,NVIDIA H200 NVL,smoke,uniform_0_1,gemv,e8m1,10,8,1,fp32,padded,thread_packet,8,16,1,1,8,none,prefix_lut_global,padded/thread_packet/x8/prefix_lut_global,256,32,32,10560,16896,2048,32,256,1,0,1,0.0056320000439882278,0.0056320000439882278,65.9620361328125,1
2026-08-15T17:16:50Z,NVIDIA H200 NVL,smoke,uniform_0_1,dot,e8m1,10,8,1,fp32,dense,cooperative_shuffle,16,32,5,8,2,warp_shuffle,prefix_lut_global,dense/cooperative_shuffle/x16/prefix_lut_global,4096,0,1,10240,10240,2048,16,256,1,0,1,0.0075840000063180923,0.0075840000063180923,1012.57275390625,1
2026-08-15T17:16:50Z,NVIDIA H200 NVL,smoke,uniform_0_1,gemv,e8m1,10,8,1,fp32,dense,cooperative_shuffle,16,32,5,8,2,warp_shuffle,prefix_lut_global,dense/cooperative_shuffle/x16/prefix_lut_global,256,32,32,10560,10560,2048,32,256,1,0,1,0.0056639998219907284,0.0056639998219907284,65.9620361328125,1
2026-08-15T17:16:50Z,NVIDIA H200 NVL,smoke,uniform_0_1,dot,e8m1,10,8,1,fp32,dense,scalar,1,32,1,1,1,none,prefix_lut_shared,dense/scalar/x1/prefix_lut_shared,4096,0,1,10240,10240,2048,16,256,1,0,1,0.0080960001796483994,0.0080960001796483994,1012.57275390625,1
2026-08-15T17:16:50Z,NVIDIA H200 NVL,smoke,uniform_0_1,gemv,e8m1,10,8,1,fp32,dense,scalar,1,32,1,1,1,none,prefix_lut_shared,dense/scalar/x1/prefix_lut_shared,256,32,32,10560,10560,2048,32,256,1,0,1,0.0051199998706579208,0.0051199998706579208,65.9620361328125,1
2026-08-15T17:16:50Z,NVIDIA H200 NVL,smoke,uniform_0_1,dot,e8m1,10,8,1,fp32,padded,scalar,1,16,1,1,1,none,prefix_lut_shared,padded/scalar/x1/prefix_lut_shared,4096,0,1,10240,16384,2048,16,256,1,0,1,0.0076799998059868813,0.0076799998059868813,1012.57275390625,1
2026-08-15T17:16:50Z,NVIDIA H200 NVL,smoke,uniform_0_1,gemv,e8m1,10,8,1,fp32,padded,scalar,1,16,1,1,1,none,prefix_lut_shared,padded/scalar/x1/prefix_lut_shared,256,32,32,10560,16896,2048,32,256,1,0,1,0.0051520001143217087,0.0051520001143217087,65.9620361328125,1
2026-08-15T17:16:50Z,NVIDIA H200 NVL,smoke,uniform_0_1,dot,e8m1,10,8,1,fp32,dense,thread_packet,2,32,1,1,2,none,prefix_lut_shared,dense/thread_packet/x2/prefix_lut_shared,4096,0,1,10240,10240,2048,8,256,1,0,1,0.0077760000713169575,0.0077760000713169575,1012.57275390625,1
2026-08-15T17:16:50Z,NVIDIA H200 NVL,smoke,uniform_0_1,gemv,e8m1,10,8,1,fp32,dense,thread_packet,2,32,1,1,2,none,prefix_lut_shared,dense/thread_packet/x2/prefix_lut_shared,256,32,32,10560,10560,2048,32,256,1,0,1,0.0055680000223219395,0.0055680000223219395,65.9620361328125,1
2026-08-15T17:16:50Z,NVIDIA H200 NVL,smoke,uniform_0_1,dot,e8m1,10,8,1,fp32,dense,thread_packet,4,32,1,1,4,none,prefix_lut_shared,dense/thread_packet/x4/prefix_lut_shared,4096,0,1,10240,10240,2048,4,256,1,0,1,0.0077120000496506691,0.0077120000496506691,1012.5726928710938,1
2026-08-15T17:16:50Z,NVIDIA H200 NVL,smoke,uniform_0_1,gemv,e8m1,10,8,1,fp32,dense,thread_packet,4,32,1,1,4,none,prefix_lut_shared,dense/thread_packet/x4/prefix_lut_shared,256,32,32,10560,10560,2048,32,256,1,0,1,0.00559999980032444,0.00559999980032444,65.9620361328125,1
2026-08-15T17:16:50Z,NVIDIA H200 NVL,smoke,uniform_0_1,dot,e8m1,10,8,1,fp32,dense,thread_packet,8,32,1,1,8,none,prefix_lut_shared,dense/thread_packet/x8/prefix_lut_shared,4096,0,1,10240,10240,2048,2,256,1,0,1,0.0082879997789859772,0.0082879997789859772,1012.57275390625,1
2026-08-15T17:16:50Z,NVIDIA H200 NVL,smoke,uniform_0_1,gemv,e8m1,10,8,1,fp32,dense,thread_packet,8,32,1,1,8,none,prefix_lut_shared,dense/thread_packet/x8/prefix_lut_shared,256,32,32,10560,10560,2048,32,256,1,0,1,0.0055040000006556511,0.0055040000006556511,65.9620361328125,1
2026-08-15T17:16:50Z,NVIDIA H200 NVL,smoke,uniform_0_1,dot,e8m1,10,8,1,fp32,padded,thread_packet,2,16,1,1,2,none,prefix_lut_shared,padded/thread_packet/x2/prefix_lut_shared,4096,0,1,10240,16384,2048,8,256,1,0,1,0.0080960001796483994,0.0080960001796483994,1012.57275390625,1
2026-08-15T17:16:50Z,NVIDIA H200 NVL,smoke,uniform_0_1,gemv,e8m1,10,8,1,fp32,padded,thread_packet,2,16,1,1,2,none,prefix_lut_shared,padded/thread_packet/x2/prefix_lut_shared,256,32,32,10560,16896,2048,32,256,1,0,1,0.0051839998923242092,0.0051839998923242092,65.9620361328125,1
2026-08-15T17:16:50Z,NVIDIA H200 NVL,smoke,uniform_0_1,dot,e8m1,10,8,1,fp32,padded,thread_packet,4,16,1,1,4,none,prefix_lut_shared,padded/thread_packet/x4/prefix_lut_shared,4096,0,1,10240,16384,2048,4,256,1,0,1,0.0073600001633167267,0.0073600001633167267,1012.5726928710938,1
2026-08-15T17:16:50Z,NVIDIA H200 NVL,smoke,uniform_0_1,gemv,e8m1,10,8,1,fp32,padded,thread_packet,4,16,1,1,4,none,prefix_lut_shared,padded/thread_packet/x4/prefix_lut_shared,256,32,32,10560,16896,2048,32,256,1,0,1,0.0051199998706579208,0.0051199998706579208,65.9620361328125,1
2026-08-15T17:16:50Z,NVIDIA H200 NVL,smoke,uniform_0_1,dot,e8m1,10,8,1,fp32,padded,thread_packet,8,16,1,1,8,none,prefix_lut_shared,padded/thread_packet/x8/prefix_lut_shared,4096,0,1,10240,16384,2048,2,256,1,0,1,0.0076799998059868813,0.0076799998059868813,1012.57275390625,1
2026-08-15T17:16:50Z,NVIDIA H200 NVL,smoke,uniform_0_1,gemv,e8m1,10,8,1,fp32,padded,thread_packet,8,16,1,1,8,none,prefix_lut_shared,padded/thread_packet/x8/prefix_lut_shared,256,32,32,10560,16896,2048,32,256,1,0,1,0.0053759999573230743,0.0053759999573230743,65.9620361328125,1
2026-08-15T17:16:50Z,NVIDIA H200 NVL,smoke,uniform_0_1,dot,e8m1,10,8,1,fp32,dense,cooperative_shuffle,16,32,5,8,2,warp_shuffle,prefix_lut_shared,dense/cooperative_shuffle/x16/prefix_lut_shared,4096,0,1,10240,10240,2048,16,256,1,0,1,0.0081280004233121872,0.0081280004233121872,1012.57275390625,1
2026-08-15T17:16:50Z,NVIDIA H200 NVL,smoke,uniform_0_1,gemv,e8m1,10,8,1,fp32,dense,cooperative_shuffle,16,32,5,8,2,warp_shuffle,prefix_lut_shared,dense/cooperative_shuffle/x16/prefix_lut_shared,256,32,32,10560,10560,2048,32,256,1,0,1,0.0058880001306533813,0.0058880001306533813,65.9620361328125,1
2026-08-15T17:16:50Z,NVIDIA H200 NVL,smoke,uniform_0_1,dot,e8m1,10,8,1,fp32,dense,scalar,1,32,1,1,1,none,subnormal_lut_global,dense/scalar/x1/subnormal_lut_global,4096,0,1,10240,10240,8,16,256,1,0,1,0.0076480000279843807,0.0076480000279843807,1012.57275390625,1
2026-08-15T17:16:50Z,NVIDIA H200 NVL,smoke,uniform_0_1,gemv,e8m1,10,8,1,fp32,dense,scalar,1,32,1,1,1,none,subnormal_lut_global,dense/scalar/x1/subnormal_lut_global,256,32,32,10560,10560,8,32,256,1,0,1,0.0046399999409914017,0.0046399999409914017,65.9620361328125,1
2026-08-15T17:16:50Z,NVIDIA H200 NVL,smoke,uniform_0_1,dot,e8m1,10,8,1,fp32,padded,scalar,1,16,1,1,1,none,subnormal_lut_global,padded/scalar/x1/subnormal_lut_global,4096,0,1,10240,16384,8,16,256,1,0,1,0.0071040000766515732,0.0071040000766515732,1012.57275390625,1
2026-08-15T17:16:50Z,NVIDIA H200 NVL,smoke,uniform_0_1,gemv,e8m1,10,8,1,fp32,padded,scalar,1,16,1,1,1,none,subnormal_lut_global,padded/scalar/x1/subnormal_lut_global,256,32,32,10560,16896,8,32,256,1,0,1,0.0046080001629889011,0.0046080001629889011,65.9620361328125,1
2026-08-15T17:16:50Z,NVIDIA H200 NVL,smoke,uniform_0_1,dot,e8m1,10,8,1,fp32,dense,thread_packet,2,32,1,1,2,none,subnormal_lut_global,dense/thread_packet/x2/subnormal_lut_global,4096,0,1,10240,10240,8,8,256,1,0,1,0.0069760000333189964,0.0069760000333189964,1012.57275390625,1
2026-08-15T17:16:50Z,NVIDIA H200 NVL,smoke,uniform_0_1,gemv,e8m1,10,8,1,fp32,dense,thread_packet,2,32,1,1,2,none,subnormal_lut_global,dense/thread_packet/x2/subnormal_lut_global,256,32,32,10560,10560,8,32,256,1,0,1,0.0045759999193251133,0.0045759999193251133,65.9620361328125,1
2026-08-15T17:16:50Z,NVIDIA H200 NVL,smoke,uniform_0_1,dot,e8m1,10,8,1,fp32,dense,thread_packet,4,32,1,1,4,none,subnormal_lut_global,dense/thread_packet/x4/subnormal_lut_global,4096,0,1,10240,10240,8,4,256,1,0,1,0.0070719998329877853,0.0070719998329877853,1012.5726928710938,1
2026-08-15T17:16:50Z,NVIDIA H200 NVL,smoke,uniform_0_1,gemv,e8m1,10,8,1,fp32,dense,thread_packet,4,32,1,1,4,none,subnormal_lut_global,dense/thread_packet/x4/subnormal_lut_global,256,32,32,10560,10560,8,32,256,1,0,1,0.0051199998706579208,0.0051199998706579208,65.9620361328125,1
2026-08-15T17:16:50Z,NVIDIA H200 NVL,smoke,uniform_0_1,dot,e8m1,10,8,1,fp32,dense,thread_packet,8,32,1,1,8,none,subnormal_lut_global,dense/thread_packet/x8/subnormal_lut_global,4096,0,1,10240,10240,8,2,256,1,0,1,0.007519999984651804,0.007519999984651804,1012.57275390625,1
2026-08-15T17:16:50Z,NVIDIA H200 NVL,smoke,uniform_0_1,gemv,e8m1,10,8,1,fp32,dense,thread_packet,8,32,1,1,8,none,subnormal_lut_global,dense/thread_packet/x8/subnormal_lut_global,256,32,32,10560,10560,8,32,256,1,0,1,0.0055359997786581516,0.0055359997786581516,65.9620361328125,1
2026-08-15T17:16:50Z,NVIDIA H200 NVL,smoke,uniform_0_1,dot,e8m1,10,8,1,fp32,padded,thread_packet,2,16,1,1,2,none,subnormal_lut_global,padded/thread_packet/x2/subnormal_lut_global,4096,0,1,10240,16384,8,8,256,1,0,1,0.0070719998329877853,0.0070719998329877853,1012.57275390625,1
2026-08-15T17:16:50Z,NVIDIA H200 NVL,smoke,uniform_0_1,gemv,e8m1,10,8,1,fp32,padded,thread_packet,2,16,1,1,2,none,subnormal_lut_global,padded/thread_packet/x2/subnormal_lut_global,256,32,32,10560,16896,8,32,256,1,0,1,0.0050240000709891319,0.0050240000709891319,65.9620361328125,1
2026-08-15T17:16:50Z,NVIDIA H200 NVL,smoke,uniform_0_1,dot,e8m1,10,8,1,fp32,padded,thread_packet,4,16,1,1,4,none,subnormal_lut_global,padded/thread_packet/x4/subnormal_lut_global,4096,0,1,10240,16384,8,4,256,1,0,1,0.0068799997679889202,0.0068799997679889202,1012.5726928710938,1
2026-08-15T17:16:50Z,NVIDIA H200 NVL,smoke,uniform_0_1,gemv,e8m1,10,8,1,fp32,padded,thread_packet,4,16,1,1,4,none,subnormal_lut_global,padded/thread_packet/x4/subnormal_lut_global,256,32,32,10560,16896,8,32,256,1,0,1,0.0048320000059902668,0.0048320000059902668,65.9620361328125,1
2026-08-15T17:16:50Z,NVIDIA H200 NVL,smoke,uniform_0_1,dot,e8m1,10,8,1,fp32,padded,thread_packet,8,16,1,1,8,none,subnormal_lut_global,padded/thread_packet/x8/subnormal_lut_global,4096,0,1,10240,16384,8,2,256,1,0,1,0.0072320001199841499,0.0072320001199841499,1012.57275390625,1
2026-08-15T17:16:50Z,NVIDIA H200 NVL,smoke,uniform_0_1,gemv,e8m1,10,8,1,fp32,padded,thread_packet,8,16,1,1,8,none,subnormal_lut_global,padded/thread_packet/x8/subnormal_lut_global,256,32,32,10560,16896,8,32,256,1,0,1,0.0048960000276565552,0.0048960000276565552,65.9620361328125,1
2026-08-15T17:16:50Z,NVIDIA H200 NVL,smoke,uniform_0_1,dot,e8m1,10,8,1,fp32,dense,cooperative_shuffle,16,32,5,8,2,warp_shuffle,subnormal_lut_global,dense/cooperative_shuffle/x16/subnormal_lut_global,4096,0,1,10240,10240,8,16,256,1,0,1,0.0074880002066493034,0.0074880002066493034,1012.57275390625,1
2026-08-15T17:16:50Z,NVIDIA H200 NVL,smoke,uniform_0_1,gemv,e8m1,10,8,1,fp32,dense,cooperative_shuffle,16,32,5,8,2,warp_shuffle,subnormal_lut_global,dense/cooperative_shuffle/x16/subnormal_lut_global,256,32,32,10560,10560,8,32,256,1,0,1,0.0050559998489916325,0.0050559998489916325,65.9620361328125,1
2026-08-15T17:16:50Z,NVIDIA H200 NVL,smoke,uniform_0_1,dot,e8m1,10,8,1,fp32,dense,scalar,1,32,1,1,1,none,subnormal_lut_shared,dense/scalar/x1/subnormal_lut_shared,4096,0,1,10240,10240,8,16,256,1,0,1,0.0074240001849830151,0.0074240001849830151,1012.57275390625,1
2026-08-15T17:16:50Z,NVIDIA H200 NVL,smoke,uniform_0_1,gemv,e8m1,10,8,1,fp32,dense,scalar,1,32,1,1,1,none,subnormal_lut_shared,dense/scalar/x1/subnormal_lut_shared,256,32,32,10560,10560,8,32,256,1,0,1,0.0049279998056590557,0.0049279998056590557,65.9620361328125,1
2026-08-15T17:16:50Z,NVIDIA H200 NVL,smoke,uniform_0_1,dot,e8m1,10,8,1,fp32,padded,scalar,1,16,1,1,1,none,subnormal_lut_shared,padded/scalar/x1/subnormal_lut_shared,4096,0,1,10240,16384,8,16,256,1,0,1,0.0073279999196529388,0.0073279999196529388,1012.57275390625,1
2026-08-15T17:16:50Z,NVIDIA H200 NVL,smoke,uniform_0_1,gemv,e8m1,10,8,1,fp32,padded,scalar,1,16,1,1,1,none,subnormal_lut_shared,padded/scalar/x1/subnormal_lut_shared,256,32,32,10560,16896,8,32,256,1,0,1,0.0048320000059902668,0.0048320000059902668,65.9620361328125,1
2026-08-15T17:16:50Z,NVIDIA H200 NVL,smoke,uniform_0_1,dot,e8m1,10,8,1,fp32,dense,thread_packet,2,32,1,1,2,none,subnormal_lut_shared,dense/thread_packet/x2/subnormal_lut_shared,4096,0,1,10240,10240,8,8,256,1,0,1,0.0074559999629855156,0.0074559999629855156,1012.57275390625,1
2026-08-15T17:16:50Z,NVIDIA H200 NVL,smoke,uniform_0_1,gemv,e8m1,10,8,1,fp32,dense,thread_packet,2,32,1,1,2,none,subnormal_lut_shared,dense/thread_packet/x2/subnormal_lut_shared,256,32,32,10560,10560,8,32,256,1,0,1,0.0049279998056590557,0.0049279998056590557,65.9620361328125,1
2026-08-15T17:16:50Z,NVIDIA H200 NVL,smoke,uniform_0_1,dot,e8m1,10,8,1,fp32,dense,thread_packet,4,32,1,1,4,none,subnormal_lut_shared,dense/thread_packet/x4/subnormal_lut_shared,4096,0,1,10240,10240,8,4,256,1,0,1,0.007519999984651804,0.007519999984651804,1012.5726928710938,1
2026-08-15T17:16:50Z,NVIDIA H200 NVL,smoke,uniform_0_1,gemv,e8m1,10,8,1,fp32,dense,thread_packet,4,32,1,1,4,none,subnormal_lut_shared,dense/thread_packet/x4/subnormal_lut_shared,256,32,32,10560,10560,8,32,256,1,0,1,0.0051199998706579208,0.0051199998706579208,65.9620361328125,1
2026-08-15T17:16:50Z,NVIDIA H200 NVL,smoke,uniform_0_1,dot,e8m1,10,8,1,fp32,dense,thread_packet,8,32,1,1,8,none,subnormal_lut_shared,dense/thread_packet/x8/subnormal_lut_shared,4096,0,1,10240,10240,8,2,256,1,0,1,0.0078720003366470337,0.0078720003366470337,1012.57275390625,1
2026-08-15T17:16:50Z,NVIDIA H200 NVL,smoke,uniform_0_1,gemv,e8m1,10,8,1,fp32,dense,thread_packet,8,32,1,1,8,none,subnormal_lut_shared,dense/thread_packet/x8/subnormal_lut_shared,256,32,32,10560,10560,8,32,256,1,0,1,0.0058559998869895935,0.0058559998869895935,65.9620361328125,1
2026-08-15T17:16:50Z,NVIDIA H200 NVL,smoke,uniform_0_1,dot,e8m1,10,8,1,fp32,padded,thread_packet,2,16,1,1,2,none,subnormal_lut_shared,padded/thread_packet/x2/subnormal_lut_shared,4096,0,1,10240,16384,8,8,256,1,0,1,0.0071040000766515732,0.0071040000766515732,1012.57275390625,1
2026-08-15T17:16:50Z,NVIDIA H200 NVL,smoke,uniform_0_1,gemv,e8m1,10,8,1,fp32,padded,thread_packet,2,16,1,1,2,none,subnormal_lut_shared,padded/thread_packet/x2/subnormal_lut_shared,256,32,32,10560,16896,8,32,256,1,0,1,0.0049279998056590557,0.0049279998056590557,65.9620361328125,1
2026-08-15T17:16:50Z,NVIDIA H200 NVL,smoke,uniform_0_1,dot,e8m1,10,8,1,fp32,padded,thread_packet,4,16,1,1,4,none,subnormal_lut_shared,padded/thread_packet/x4/subnormal_lut_shared,4096,0,1,10240,16384,8,4,256,1,0,1,0.0072960001416504383,0.0072960001416504383,1012.5726928710938,1
2026-08-15T17:16:50Z,NVIDIA H200 NVL,smoke,uniform_0_1,gemv,e8m1,10,8,1,fp32,padded,thread_packet,4,16,1,1,4,none,subnormal_lut_shared,padded/thread_packet/x4/subnormal_lut_shared,256,32,32,10560,16896,8,32,256,1,0,1,0.0048960000276565552,0.0048960000276565552,65.9620361328125,1
2026-08-15T17:16:50Z,NVIDIA H200 NVL,smoke,uniform_0_1,dot,e8m1,10,8,1,fp32,padded,thread_packet,8,16,1,1,8,none,subnormal_lut_shared,padded/thread_packet/x8/subnormal_lut_shared,4096,0,1,10240,16384,8,2,256,1,0,1,0.0076480000279843807,0.0076480000279843807,1012.57275390625,1
2026-08-15T17:16:50Z,NVIDIA H200 NVL,smoke,uniform_0_1,gemv,e8m1,10,8,1,fp32,padded,thread_packet,8,16,1,1,8,none,subnormal_lut_shared,padded/thread_packet/x8/subnormal_lut_shared,256,32,32,10560,16896,8,32,256,1,0,1,0.0051199998706579208,0.0051199998706579208,65.9620361328125,1
2026-08-15T17:16:50Z,NVIDIA H200 NVL,smoke,uniform_0_1,dot,e8m1,10,8,1,fp32,dense,cooperative_shuffle,16,32,5,8,2,warp_shuffle,subnormal_lut_shared,dense/cooperative_shuffle/x16/subnormal_lut_shared,4096,0,1,10240,10240,8,16,256,1,0,1,0.0078720003366470337,0.0078720003366470337,1012.57275390625,1
2026-08-15T17:16:50Z,NVIDIA H200 NVL,smoke,uniform_0_1,gemv,e8m1,10,8,1,fp32,dense,cooperative_shuffle,16,32,5,8,2,warp_shuffle,subnormal_lut_shared,dense/cooperative_shuffle/x16/subnormal_lut_shared,256,32,32,10560,10560,8,32,256,1,0,1,0.0054399999789893627,0.0054399999789893627,65.9620361328125,1
2026-08-15T17:16:50Z,NVIDIA H200 NVL,smoke,uniform_0_1,dot,e2m7,10,2,7,fp64,dense,scalar,1,32,1,1,1,none,generic,dense/scalar/x1/generic,4096,0,1,10240,10240,0,16,256,1,0,1,0.0074240001849830151,0.0074240001849830151,1015.1060180664062,1
2026-08-15T17:16:50Z,NVIDIA H200 NVL,smoke,uniform_0_1,gemv,e2m7,10,2,7,fp64,dense,scalar,1,32,1,1,1,none,generic,dense/scalar/x1/generic,256,32,32,10560,10560,0,32,256,1,0,1,0.0050559998489916325,0.0050559998489916325,66.1536865234375,1
2026-08-15T17:16:50Z,NVIDIA H200 NVL,smoke,uniform_0_1,dot,e2m7,10,2,7,fp64,padded,scalar,1,16,1,1,1,none,generic,padded/scalar/x1/generic,4096,0,1,10240,16384,0,16,256,1,0,1,0.0073279999196529388,0.0073279999196529388,1015.1060180664062,1
2026-08-15T17:16:50Z,NVIDIA H200 NVL,smoke,uniform_0_1,gemv,e2m7,10,2,7,fp64,padded,scalar,1,16,1,1,1,none,generic,padded/scalar/x1/generic,256,32,32,10560,16896,0,32,256,1,0,1,0.0048320000059902668,0.0048320000059902668,66.1536865234375,1
2026-08-15T17:16:50Z,NVIDIA H200 NVL,smoke,uniform_0_1,dot,e2m7,10,2,7,fp64,dense,scalar,1,32,1,1,1,none,direct_branchy,dense/scalar/x1/direct_branchy,4096,0,1,10240,10240,0,16,256,1,0,1,0.0071999998763203621,0.0071999998763203621,1015.1060180664062,1
2026-08-15T17:16:50Z,NVIDIA H200 NVL,smoke,uniform_0_1,gemv,e2m7,10,2,7,fp64,dense,scalar,1,32,1,1,1,none,direct_branchy,dense/scalar/x1/direct_branchy,256,32,32,10560,10560,0,32,256,1,0,1,0.0048639997839927673,0.0048639997839927673,66.1536865234375,1
2026-08-15T17:16:50Z,NVIDIA H200 NVL,smoke,uniform_0_1,dot,e2m7,10,2,7,fp64,padded,scalar,1,16,1,1,1,none,direct_branchy,padded/scalar/x1/direct_branchy,4096,0,1,10240,16384,0,16,256,1,0,1,0.0073279999196529388,0.0073279999196529388,1015.1060180664062,1
2026-08-15T17:16:50Z,NVIDIA H200 NVL,smoke,uniform_0_1,gemv,e2m7,10,2,7,fp64,padded,scalar,1,16,1,1,1,none,direct_branchy,padded/scalar/x1/direct_branchy,256,32,32,10560,16896,0,32,256,1,0,1,0.0049919998273253441,0.0049919998273253441,66.1536865234375,1
2026-08-15T17:16:50Z,NVIDIA H200 NVL,smoke,uniform_0_1,dot,e2m7,10,2,7,fp64,dense,thread_packet,2,32,1,1,2,none,direct_branchy,dense/thread_packet/x2/direct_branchy,4096,0,1,10240,10240,0,8,256,1,0,1,0.0072320001199841499,0.0072320001199841499,1015.1060180664062,1
2026-08-15T17:16:50Z,NVIDIA H200 NVL,smoke,uniform_0_1,gemv,e2m7,10,2,7,fp64,dense,thread_packet,2,32,1,1,2,none,direct_branchy,dense/thread_packet/x2/direct_branchy,256,32,32,10560,10560,0,32,256,1,0,1,0.0050559998489916325,0.0050559998489916325,66.1536865234375,1
2026-08-15T17:16:50Z,NVIDIA H200 NVL,smoke,uniform_0_1,dot,e2m7,10,2,7,fp64,dense,thread_packet,4,32,1,1,4,none,direct_branchy,dense/thread_packet/x4/direct_branchy,4096,0,1,10240,10240,0,4,256,1,0,1,0.0076799998059868813,0.0076799998059868813,1015.1060180664062,1
2026-08-15T17:16:50Z,NVIDIA H200 NVL,smoke,uniform_0_1,gemv,e2m7,10,2,7,fp64,dense,thread_packet,4,32,1,1,4,none,direct_branchy,dense/thread_packet/x4/direct_branchy,256,32,32,10560,10560,0,32,256,1,0,1,0.0055040000006556511,0.0055040000006556511,66.1536865234375,1
2026-08-15T17:16:50Z,NVIDIA H200 NVL,smoke,uniform_0_1,dot,e2m7,10,2,7,fp64,dense,thread_packet,8,32,1,1,8,none,direct_branchy,dense/thread_packet/x8/direct_branchy,4096,0,1,10240,10240,0,2,256,1,0,1,0.0087679997086524963,0.0087679997086524963,1015.1060180664062,1
2026-08-15T17:16:50Z,NVIDIA H200 NVL,smoke,uniform_0_1,gemv,e2m7,10,2,7,fp64,dense,thread_packet,8,32,1,1,8,none,direct_branchy,dense/thread_packet/x8/direct_branchy,256,32,32,10560,10560,0,32,256,1,0,1,0.0061759999953210354,0.0061759999953210354,66.1536865234375,1
2026-08-15T17:16:50Z,NVIDIA H200 NVL,smoke,uniform_0_1,dot,e2m7,10,2,7,fp64,padded,thread_packet,2,16,1,1,2,none,direct_branchy,padded/thread_packet/x2/direct_branchy,4096,0,1,10240,16384,0,8,256,1,0,1,0.0071040000766515732,0.0071040000766515732,1015.1060180664062,1
2026-08-15T17:16:50Z,NVIDIA H200 NVL,smoke,uniform_0_1,gemv,e2m7,10,2,7,fp64,padded,thread_packet,2,16,1,1,2,none,direct_branchy,padded/thread_packet/x2/direct_branchy,256,32,32,10560,16896,0,32,256,1,0,1,0.0050880000926554203,0.0050880000926554203,66.1536865234375,1
2026-08-15T17:16:50Z,NVIDIA H200 NVL,smoke,uniform_0_1,dot,e2m7,10,2,7,fp64,padded,thread_packet,4,16,1,1,4,none,direct_branchy,padded/thread_packet/x4/direct_branchy,4096,0,1,10240,16384,0,4,256,1,0,1,0.0076159997843205929,0.0076159997843205929,1015.1060180664062,1
2026-08-15T17:16:50Z,NVIDIA H200 NVL,smoke,uniform_0_1,gemv,e2m7,10,2,7,fp64,padded,thread_packet,4,16,1,1,4,none,direct_branchy,padded/thread_packet/x4/direct_branchy,256,32,32,10560,16896,0,32,256,1,0,1,0.0052800001576542854,0.0052800001576542854,66.1536865234375,1
2026-08-15T17:16:50Z,NVIDIA H200 NVL,smoke,uniform_0_1,dot,e2m7,10,2,7,fp64,padded,thread_packet,8,16,1,1,8,none,direct_branchy,padded/thread_packet/x8/direct_branchy,4096,0,1,10240,16384,0,2,256,1,0,1,0.0082559995353221893,0.0082559995353221893,1015.1060180664062,1
2026-08-15T17:16:50Z,NVIDIA H200 NVL,smoke,uniform_0_1,gemv,e2m7,10,2,7,fp64,padded,thread_packet,8,16,1,1,8,none,direct_branchy,padded/thread_packet/x8/direct_branchy,256,32,32,10560,16896,0,32,256,1,0,1,0.0057919998653233051,0.0057919998653233051,66.1536865234375,1
2026-08-15T17:16:50Z,NVIDIA H200 NVL,smoke,uniform_0_1,dot,e2m7,10,2,7,fp64,dense,cooperative_shuffle,16,32,5,8,2,warp_shuffle,direct_branchy,dense/cooperative_shuffle/x16/direct_branchy,4096,0,1,10240,10240,0,16,256,1,0,1,0.0075840000063180923,0.0075840000063180923,1015.1060180664062,1
2026-08-15T17:16:50Z,NVIDIA H200 NVL,smoke,uniform_0_1,gemv,e2m7,10,2,7,fp64,dense,cooperative_shuffle,16,32,5,8,2,warp_shuffle,direct_branchy,dense/cooperative_shuffle/x16/direct_branchy,256,32,32,10560,10560,0,32,256,1,0,1,0.0051199998706579208,0.0051199998706579208,66.1536865234375,1
2026-08-15T17:16:50Z,NVIDIA H200 NVL,smoke,uniform_0_1,dot,e2m7,10,2,7,fp64,dense,scalar,1,32,1,1,1,none,direct_masked,dense/scalar/x1/direct_masked,4096,0,1,10240,10240,0,16,256,1,0,1,0.0072639998979866505,0.0072639998979866505,1015.1060180664062,1
2026-08-15T17:16:50Z,NVIDIA H200 NVL,smoke,uniform_0_1,gemv,e2m7,10,2,7,fp64,dense,scalar,1,32,1,1,1,none,direct_masked,dense/scalar/x1/direct_masked,256,32,32,10560,10560,0,32,256,1,0,1,0.00470399996265769,0.00470399996265769,66.1536865234375,1
2026-08-15T17:16:50Z,NVIDIA H200 NVL,smoke,uniform_0_1,dot,e2m7,10,2,7,fp64,padded,scalar,1,16,1,1,1,none,direct_masked,padded/scalar/x1/direct_masked,4096,0,1,10240,16384,0,16,256,1,0,1,0.0072320001199841499,0.0072320001199841499,1015.1060180664062,1
2026-08-15T17:16:50Z,NVIDIA H200 NVL,smoke,uniform_0_1,gemv,e2m7,10,2,7,fp64,padded,scalar,1,16,1,1,1,none,direct_masked,padded/scalar/x1/direct_masked,256,32,32,10560,16896,0,32,256,1,0,1,0.0050240000709891319,0.0050240000709891319,66.1536865234375,1
2026-08-15T17:16:50Z,NVIDIA H200 NVL,smoke,uniform_0_1,dot,e2m7,10,2,7,fp64,dense,thread_packet,2,32,1,1,2,none,direct_masked,dense/thread_packet/x2/direct_masked,4096,0,1,10240,10240,0,8,256,1,0,1,0.0070719998329877853,0.0070719998329877853,1015.1060180664062,1
2026-08-15T17:16:50Z,NVIDIA H200 NVL,smoke,uniform_0_1,gemv,e2m7,10,2,7,fp64,dense,thread_packet,2,32,1,1,2,none,direct_masked,dense/thread_packet/x2/direct_masked,256,32,32,10560,10560,0,32,256,1,0,1,0.0048320000059902668,0.0048320000059902668,66.1536865234375,1
2026-08-15T17:16:50Z,NVIDIA H200 NVL,smoke,uniform_0_1,dot,e2m7,10,2,7,fp64,dense,thread_packet,4,32,1,1,4,none,direct_masked,dense/thread_packet/x4/direct_masked,4096,0,1,10240,10240,0,4,256,1,0,1,0.0076159997843205929,0.0076159997843205929,1015.1060180664062,1
2026-08-15T17:16:50Z,NVIDIA H200 NVL,smoke,uniform_0_1,gemv,e2m7,10,2,7,fp64,dense,thread_packet,4,32,1,1,4,none,direct_masked,dense/thread_packet/x4/direct_masked,256,32,32,10560,10560,0,32,256,1,0,1,0.0054399999789893627,0.0054399999789893627,66.1536865234375,1
2026-08-15T17:16:50Z,NVIDIA H200 NVL,smoke,uniform_0_1,dot,e2m7,10,2,7,fp64,dense,thread_packet,8,32,1,1,8,none,direct_masked,dense/thread_packet/x8/direct_masked,4096,0,1,10240,10240,0,2,256,1,0,1,0.0082879997789859772,0.0082879997789859772,1015.1060180664062,1
2026-08-15T17:16:50Z,NVIDIA H200 NVL,smoke,uniform_0_1,gemv,e2m7,10,2,7,fp64,dense,thread_packet,8,32,1,1,8,none,direct_masked,dense/thread_packet/x8/direct_masked,256,32,32,10560,10560,0,32,256,1,0,1,0.0058559998869895935,0.0058559998869895935,66.1536865234375,1
2026-08-15T17:16:50Z,NVIDIA H200 NVL,smoke,uniform_0_1,dot,e2m7,10,2,7,fp64,padded,thread_packet,2,16,1,1,2,none,direct_masked,padded/thread_packet/x2/direct_masked,4096,0,1,10240,16384,0,8,256,1,0,1,0.0073600001633167267,0.0073600001633167267,1015.1060180664062,1
2026-08-15T17:16:50Z,NVIDIA H200 NVL,smoke,uniform_0_1,gemv,e2m7,10,2,7,fp64,padded,thread_packet,2,16,1,1,2,none,direct_masked,padded/thread_packet/x2/direct_masked,256,32,32,10560,16896,0,32,256,1,0,1,0.0050880000926554203,0.0050880000926554203,66.1536865234375,1
2026-08-15T17:16:50Z,NVIDIA H200 NVL,smoke,uniform_0_1,dot,e2m7,10,2,7,fp64,padded,thread_packet,4,16,1,1,4,none,direct_masked,padded/thread_packet/x4/direct_masked,4096,0,1,10240,16384,0,4,256,1,0,1,0.0074880002066493034,0.0074880002066493034,1015.1060180664062,1
2026-08-15T17:16:50Z,NVIDIA H200 NVL,smoke,uniform_0_1,gemv,e2m7,10,2,7,fp64,padded,thread_packet,4,16,1,1,4,none,direct_masked,padded/thread_packet/x4/direct_masked,256,32,32,10560,16896,0,32,256,1,0,1,0.0050880000926554203,0.0050880000926554203,66.1536865234375,1
2026-08-15T17:16:50Z,NVIDIA H200 NVL,smoke,uniform_0_1,dot,e2m7,10,2,7,fp64,padded,thread_packet,8,16,1,1,8,none,direct_masked,padded/thread_packet/x8/direct_masked,4096,0,1,10240,16384,0,2,256,1,0,1,0.0080639999359846115,0.0080639999359846115,1015.1060180664062,1
2026-08-15T17:16:50Z,NVIDIA H200 NVL,smoke,uniform_0_1,gemv,e2m7,10,2,7,fp64,padded,thread_packet,8,16,1,1,8,none,direct_masked,padded/thread_packet/x8/direct_masked,256,32,32,10560,16896,0,32,256,1,0,1,0.0053759999573230743,0.0053759999573230743,66.1536865234375,1
2026-08-15T17:16:50Z,NVIDIA H200 NVL,smoke,uniform_0_1,dot,e2m7,10,2,7,fp64,dense,cooperative_shuffle,16,32,5,8,2,warp_shuffle,direct_masked,dense/cooperative_shuffle/x16/direct_masked,4096,0,1,10240,10240,0,16,256,1,0,1,0.007519999984651804,0.007519999984651804,1015.1060180664062,1
2026-08-15T17:16:50Z,NVIDIA H200 NVL,smoke,uniform_0_1,gemv,e2m7,10,2,7,fp64,dense,cooperative_shuffle,16,32,5,8,2,warp_shuffle,direct_masked,dense/cooperative_shuffle/x16/direct_masked,256,32,32,10560,10560,0,32,256,1,0,1,0.0050559998489916325,0.0050559998489916325,66.1536865234375,1
2026-08-15T17:16:50Z,NVIDIA H200 NVL,smoke,uniform_0_1,dot,e2m7,10,2,7,fp64,dense,scalar,1,32,1,1,1,none,full_lut_global,dense/scalar/x1/full_lut_global,4096,0,1,10240,10240,4096,16,256,1,0,1,0.0071999998763203621,0.0071999998763203621,1015.1060180664062,1
2026-08-15T17:16:50Z,NVIDIA H200 NVL,smoke,uniform_0_1,gemv,e2m7,10,2,7,fp64,dense,scalar,1,32,1,1,1,none,full_lut_global,dense/scalar/x1/full_lut_global,256,32,32,10560,10560,4096,32,256,1,0,1,0.0050559998489916325,0.0050559998489916325,66.1536865234375,1
2026-08-15T17:16:50Z,NVIDIA H200 NVL,smoke,uniform_0_1,dot,e2m7,10,2,7,fp64,padded,scalar,1,16,1,1,1,none,full_lut_global,padded/scalar/x1/full_lut_global,4096,0,1,10240,16384,4096,16,256,1,0,1,0.0072960001416504383,0.0072960001416504383,1015.1060180664062,1
2026-08-15T17:16:50Z,NVIDIA H200 NVL,smoke,uniform_0_1,gemv,e2m7,10,2,7,fp64,padded,scalar,1,16,1,1,1,none,full_lut_global,padded/scalar/x1/full_lut_global,256,32,32,10560,16896,4096,32,256,1,0,1,0.0049600000493228436,0.0049600000493228436,66.1536865234375,1
2026-08-15T17:16:50Z,NVIDIA H200 NVL,smoke,uniform_0_1,dot,e2m7,10,2,7,fp64,dense,thread_packet,2,32,1,1,2,none,full_lut_global,dense/thread_packet/x2/full_lut_global,4096,0,1,10240,10240,4096,8,256,1,0,1,0.0071680000983178616,0.0071680000983178616,1015.1060180664062,1
2026-08-15T17:16:50Z,NVIDIA H200 NVL,smoke,uniform_0_1,gemv,e2m7,10,2,7,fp64,dense,thread_packet,2,32,1,1,2,none,full_lut_global,dense/thread_packet/x2/full_lut_global,256,32,32,10560,10560,4096,32,256,1,0,1,0.0049919998273253441,0.0049919998273253441,66.1536865234375,1
2026-08-15T17:16:50Z,NVIDIA H200 NVL,smoke,uniform_0_1,dot,e2m7,10,2,7,fp64,dense,thread_packet,4,32,1,1,4,none,full_lut_global,dense/thread_packet/x4/full_lut_global,4096,0,1,10240,10240,4096,4,256,1,0,1,0.0073919999413192272,0.0073919999413192272,1015.1060180664062,1
2026-08-15T17:16:50Z,NVIDIA H200 NVL,smoke,uniform_0_1,gemv,e2m7,10,2,7,fp64,dense,thread_packet,4,32,1,1,4,none,full_lut_global,dense/thread_packet/x4/full_lut_global,256,32,32,10560,10560,4096,32,256,1,0,1,0.0050559998489916325,0.0050559998489916325,66.1536865234375,1
2026-08-15T17:16:50Z,NVIDIA H200 NVL,smoke,uniform_0_1,dot,e2m7,10,2,7,fp64,dense,thread_packet,8,32,1,1,8,none,full_lut_global,dense/thread_packet/x8/full_lut_global,4096,0,1,10240,10240,4096,2,256,1,0,1,0.0075520002283155918,0.0075520002283155918,1015.1060180664062,1
2026-08-15T17:16:50Z,NVIDIA H200 NVL,smoke,uniform_0_1,gemv,e2m7,10,2,7,fp64,dense,thread_packet,8,32,1,1,8,none,full_lut_global,dense/thread_packet/x8/full_lut_global,256,32,32,10560,10560,4096,32,256,1,0,1,0.0056960000656545162,0.0056960000656545162,66.1536865234375,1
2026-08-15T17:16:50Z,NVIDIA H200 NVL,smoke,uniform_0_1,dot,e2m7,10,2,7,fp64,padded,thread_packet,2,16,1,1,2,none,full_lut_global,padded/thread_packet/x2/full_lut_global,4096,0,1,10240,16384,4096,8,256,1,0,1,0.0073279999196529388,0.0073279999196529388,1015.1060180664062,1
2026-08-15T17:16:50Z,NVIDIA H200 NVL,smoke,uniform_0_1,gemv,e2m7,10,2,7,fp64,padded,thread_packet,2,16,1,1,2,none,full_lut_global,padded/thread_packet/x2/full_lut_global,256,32,32,10560,16896,4096,32,256,1,0,1,0.0049279998056590557,0.0049279998056590557,66.1536865234375,1
2026-08-15T17:16:50Z,NVIDIA H200 NVL,smoke,uniform_0_1,dot,e2m7,10,2,7,fp64,padded,thread_packet,4,16,1,1,4,none,full_lut_global,padded/thread_packet/x4/full_lut_global,4096,0,1,10240,16384,4096,4,256,1,0,1,0.0071359998546540737,0.0071359998546540737,1015.1060180664062,1
2026-08-15T17:16:50Z,NVIDIA H200 NVL,smoke,uniform_0_1,gemv,e2m7,10,2,7,fp64,padded,thread_packet,4,16,1,1,4,none,full_lut_global,padded/thread_packet/x4/full_lut_global,256,32,32,10560,16896,4096,32,256,1,0,1,0.0049279998056590557,0.0049279998056590557,66.1536865234375,1
2026-08-15T17:16:50Z,NVIDIA H200 NVL,smoke,uniform_0_1,dot,e2m7,10,2,7,fp64,padded,thread_packet,8,16,1,1,8,none,full_lut_global,padded/thread_packet/x8/full_lut_global,4096,0,1,10240,16384,4096,2,256,1,0,1,0.0072639998979866505,0.0072639998979866505,1015.1060180664062,1
2026-08-15T17:16:50Z,NVIDIA H200 NVL,smoke,uniform_0_1,gemv,e2m7,10,2,7,fp64,padded,thread_packet,8,16,1,1,8,none,full_lut_global,padded/thread_packet/x8/full_lut_global,256,32,32,10560,16896,4096,32,256,1,0,1,0.0049279998056590557,0.0049279998056590557,66.1536865234375,1
2026-08-15T17:16:50Z,NVIDIA H200 NVL,smoke,uniform_0_1,dot,e2m7,10,2,7,fp64,dense,cooperative_shuffle,16,32,5,8,2,warp_shuffle,full_lut_global,dense/cooperative_shuffle/x16/full_lut_global,4096,0,1,10240,10240,4096,16,256,1,0,1,0.0075840000063180923,0.0075840000063180923,1015.1060180664062,1
2026-08-15T17:16:50Z,NVIDIA H200 NVL,smoke,uniform_0_1,gemv,e2m7,10,2,7,fp64,dense,cooperative_shuffle,16,32,5,8,2,warp_shuffle,full_lut_global,dense/cooperative_shuffle/x16/full_lut_global,256,32,32,10560,10560,4096,32,256,1,0,1,0.0053440001793205738,0.0053440001793205738,66.1536865234375,1
2026-08-15T17:16:50Z,NVIDIA H200 NVL,smoke,uniform_0_1,dot,e2m7,10,2,7,fp64,dense,scalar,1,32,1,1,1,none,full_lut_shared,dense/scalar/x1/full_lut_shared,4096,0,1,10240,10240,4096,16,256,1,0,1,0.0079359998926520348,0.0079359998926520348,1015.1060180664062,1
2026-08-15T17:16:50Z,NVIDIA H200 NVL,smoke,uniform_0_1,gemv,e2m7,10,2,7,fp64,dense,scalar,1,32,1,1,1,none,full_lut_shared,dense/scalar/x1/full_lut_shared,256,32,32,10560,10560,4096,32,256,1,0,1,0.0055359997786581516,0.0055359997786581516,66.1536865234375,1
2026-08-15T17:16:50Z,NVIDIA H200 NVL,smoke,uniform_0_1,dot,e2m7,10,2,7,fp64,padded,scalar,1,16,1,1,1,none,full_lut_shared,padded/scalar/x1/full_lut_shared,4096,0,1,10240,16384,4096,16,256,1,0,1,0.0078400000929832458,0.0078400000929832458,1015.1060180664062,1
2026-08-15T17:16:50Z,NVIDIA H200 NVL,smoke,uniform_0_1,gemv,e2m7,10,2,7,fp64,padded,scalar,1,16,1,1,1,none,full_lut_shared,padded/scalar/x1/full_lut_shared,256,32,32,10560,16896,4096,32,256,1,0,1,0.0056960000656545162,0.0056960000656545162,66.1536865234375,1
2026-08-15T17:16:50Z,NVIDIA H200 NVL,smoke,uniform_0_1,dot,e2m7,10,2,7,fp64,dense,thread_packet,2,32,1,1,2,none,full_lut_shared,dense/thread_packet/x2/full_lut_shared,4096,0,1,10240,10240,4096,8,256,1,0,1,0.0076799998059868813,0.0076799998059868813,1015.1060180664062,1
2026-08-15T17:16:50Z,NVIDIA H200 NVL,smoke,uniform_0_1,gemv,e2m7,10,2,7,fp64,dense,thread_packet,2,32,1,1,2,none,full_lut_shared,dense/thread_packet/x2/full_lut_shared,256,32,32,10560,10560,4096,32,256,1,0,1,0.0055359997786581516,0.0055359997786581516,66.1536865234375,1
2026-08-15T17:16:50Z,NVIDIA H200 NVL,smoke,uniform_0_1,dot,e2m7,10,2,7,fp64,dense,thread_packet,4,32,1,1,4,none,full_lut_shared,dense/thread_packet/x4/full_lut_shared,4096,0,1,10240,10240,4096,4,256,1,0,1,0.0079680001363158226,0.0079680001363158226,1015.1060180664062,1
2026-08-15T17:16:50Z,NVIDIA H200 NVL,smoke,uniform_0_1,gemv,e2m7,10,2,7,fp64,dense,thread_packet,4,32,1,1,4,none,full_lut_shared,dense/thread_packet/x4/full_lut_shared,256,32,32,10560,10560,4096,32,256,1,0,1,0.0057600000873208046,0.0057600000873208046,66.1536865234375,1
2026-08-15T17:16:50Z,NVIDIA H200 NVL,smoke,uniform_0_1,dot,e2m7,10,2,7,fp64,dense,thread_packet,8,32,1,1,8,none,full_lut_shared,dense/thread_packet/x8/full_lut_shared,4096,0,1,10240,10240,4096,2,256,1,0,1,0.0082559995353221893,0.0082559995353221893,1015.1060180664062,1
2026-08-15T17:16:50Z,NVIDIA H200 NVL,smoke,uniform_0_1,gemv,e2m7,10,2,7,fp64,dense,thread_packet,8,32,1,1,8,none,full_lut_shared,dense/thread_packet/x8/full_lut_shared,256,32,32,10560,10560,4096,32,256,1,0,1,0.0062400000169873238,0.0062400000169873238,66.1536865234375,1
2026-08-15T17:16:50Z,NVIDIA H200 NVL,smoke,uniform_0_1,dot,e2m7,10,2,7,fp64,padded,thread_packet,2,16,1,1,2,none,full_lut_shared,padded/thread_packet/x2/full_lut_shared,4096,0,1,10240,16384,4096,8,256,1,0,1,0.0077760000713169575,0.0077760000713169575,1015.1060180664062,1
2026-08-15T17:16:50Z,NVIDIA H200 NVL,smoke,uniform_0_1,gemv,e2m7,10,2,7,fp64,padded,thread_packet,2,16,1,1,2,none,full_lut_shared,padded/thread_packet/x2/full_lut_shared,256,32,32,10560,16896,4096,32,256,1,0,1,0.0055040000006556511,0.0055040000006556511,66.1536865234375,1
2026-08-15T17:16:50Z,NVIDIA H200 NVL,smoke,uniform_0_1,dot,e2m7,10,2,7,fp64,padded,thread_packet,4,16,1,1,4,none,full_lut_shared,padded/thread_packet/x4/full_lut_shared,4096,0,1,10240,16384,4096,4,256,1,0,1,0.0077760000713169575,0.0077760000713169575,1015.1060180664062,1
2026-08-15T17:16:50Z,NVIDIA H200 NVL,smoke,uniform_0_1,gemv,e2m7,10,2,7,fp64,padded,thread_packet,4,16,1,1,4,none,full_lut_shared,padded/thread_packet/x4/full_lut_shared,256,32,32,10560,16896,4096,32,256,1,0,1,0.0054399999789893627,0.0054399999789893627,66.1536865234375,1
2026-08-15T17:16:50Z,NVIDIA H200 NVL,smoke,uniform_0_1,dot,e2m7,10,2,7,fp64,padded,thread_packet,8,16,1,1,8,none,full_lut_shared,padded/thread_packet/x8/full_lut_shared,4096,0,1,10240,16384,4096,2,256,1,0,1,0.0080319996923208237,0.0080319996923208237,1015.1060180664062,1
2026-08-15T17:16:50Z,NVIDIA H200 NVL,smoke,uniform_0_1,gemv,e2m7,10,2,7,fp64,padded,thread_packet,8,16,1,1,8,none,full_lut_shared,padded/thread_packet/x8/full_lut_shared,256,32,32,10560,16896,4096,32,256,1,0,1,0.0055680000223219395,0.0055680000223219395,66.1536865234375,1
2026-08-15T17:16:50Z,NVIDIA H200 NVL,smoke,uniform_0_1,dot,e2m7,10,2,7,fp64,dense,cooperative_shuffle,16,32,5,8,2,warp_shuffle,full_lut_shared,dense/cooperative_shuffle/x16/full_lut_shared,4096,0,1,10240,10240,4096,16,256,1,0,1,0.0081280004233121872,0.0081280004233121872,1015.1060180664062,1
2026-08-15T17:16:50Z,NVIDIA H200 NVL,smoke,uniform_0_1,gemv,e2m7,10,2,7,fp64,dense,cooperative_shuffle,16,32,5,8,2,warp_shuffle,full_lut_shared,dense/cooperative_shuffle/x16/full_lut_shared,256,32,32,10560,10560,4096,32,256,1,0,1,0.0058880001306533813,0.0058880001306533813,66.1536865234375,1
2026-08-15T17:16:50Z,NVIDIA H200 NVL,smoke,uniform_0_1,dot,e2m7,10,2,7,fp64,dense,scalar,1,32,1,1,1,none,prefix_lut_global,dense/scalar/x1/prefix_lut_global,4096,0,1,10240,10240,32,16,256,1,0,1,0.0074559999629855156,0.0074559999629855156,1015.1060180664062,1
2026-08-15T17:16:50Z,NVIDIA H200 NVL,smoke,uniform_0_1,gemv,e2m7,10,2,7,fp64,dense,scalar,1,32,1,1,1,none,prefix_lut_global,dense/scalar/x1/prefix_lut_global,256,32,32,10560,10560,32,32,256,1,0,1,0.0051520001143217087,0.0051520001143217087,66.1536865234375,1
2026-08-15T17:16:50Z,NVIDIA H200 NVL,smoke,uniform_0_1,dot,e2m7,10,2,7,fp64,padded,scalar,1,16,1,1,1,none,prefix_lut_global,padded/scalar/x1/prefix_lut_global,4096,0,1,10240,16384,32,16,256,1,0,1,0.0074240001849830151,0.0074240001849830151,1015.1060180664062,1
2026-08-15T17:16:50Z,NVIDIA H200 NVL,smoke,uniform_0_1,gemv,e2m7,10,2,7,fp64,padded,scalar,1,16,1,1,1,none,prefix_lut_global,padded/scalar/x1/prefix_lut_global,256,32,32,10560,16896,32,32,256,1,0,1,0.0051839998923242092,0.0051839998923242092,66.1536865234375,1
2026-08-15T17:16:50Z,NVIDIA H200 NVL,smoke,uniform_0_1,dot,e2m7,10,2,7,fp64,dense,thread_packet,2,32,1,1,2,none,prefix_lut_global,dense/thread_packet/x2/prefix_lut_global,4096,0,1,10240,10240,32,8,256,1,0,1,0.0076480000279843807,0.0076480000279843807,1015.1060180664062,1
2026-08-15T17:16:50Z,NVIDIA H200 NVL,smoke,uniform_0_1,gemv,e2m7,10,2,7,fp64,dense,thread_packet,2,32,1,1,2,none,prefix_lut_global,dense/thread_packet/x2/prefix_lut_global,256,32,32,10560,10560,32,32,256,1,0,1,0.005311999935656786,0.005311999935656786,66.1536865234375,1
2026-08-15T17:16:50Z,NVIDIA H200 NVL,smoke,uniform_0_1,dot,e2m7,10,2,7,fp64,dense,thread_packet,4,32,1,1,4,none,prefix_lut_global,dense/thread_packet/x4/prefix_lut_global,4096,0,1,10240,10240,32,4,256,1,0,1,0.0083520002663135529,0.0083520002663135529,1015.1060180664062,1
2026-08-15T17:16:50Z,NVIDIA H200 NVL,smoke,uniform_0_1,gemv,e2m7,10,2,7,fp64,dense,thread_packet,4,32,1,1,4,none,prefix_lut_global,dense/thread_packet/x4/prefix_lut_global,256,32,32,10560,10560,32,32,256,1,0,1,0.0057919998653233051,0.0057919998653233051,66.1536865234375,1
2026-08-15T17:16:50Z,NVIDIA H200 NVL,smoke,uniform_0_1,dot,e2m7,10,2,7,fp64,dense,thread_packet,8,32,1,1,8,none,prefix_lut_global,dense/thread_packet/x8/prefix_lut_global,4096,0,1,10240,10240,32,2,256,1,0,1,0.009503999724984169,0.009503999724984169,1015.1060180664062,1
2026-08-15T17:16:50Z,NVIDIA H200 NVL,smoke,uniform_0_1,gemv,e2m7,10,2,7,fp64,dense,thread_packet,8,32,1,1,8,none,prefix_lut_global,dense/thread_packet/x8/prefix_lut_global,256,32,32,10560,10560,32,32,256,1,0,1,0.0071040000766515732,0.0071040000766515732,66.1536865234375,1
2026-08-15T17:16:50Z,NVIDIA H200 NVL,smoke,uniform_0_1,dot,e2m7,10,2,7,fp64,padded,thread_packet,2,16,1,1,2,none,prefix_lut_global,padded/thread_packet/x2/prefix_lut_global,4096,0,1,10240,16384,32,8,256,1,0,1,0.0075840000063180923,0.0075840000063180923,1015.1060180664062,1
2026-08-15T17:16:50Z,NVIDIA H200 NVL,smoke,uniform_0_1,gemv,e2m7,10,2,7,fp64,padded,thread_packet,2,16,1,1,2,none,prefix_lut_global,padded/thread_packet/x2/prefix_lut_global,256,32,32,10560,16896,32,32,256,1,0,1,0.0051839998923242092,0.0051839998923242092,66.1536865234375,1
2026-08-15T17:16:50Z,NVIDIA H200 NVL,smoke,uniform_0_1,dot,e2m7,10,2,7,fp64,padded,thread_packet,4,16,1,1,4,none,prefix_lut_global,padded/thread_packet/x4/prefix_lut_global,4096,0,1,10240,16384,32,4,256,1,0,1,0.0082240002229809761,0.0082240002229809761,1015.1060180664062,1
2026-08-15T17:16:50Z,NVIDIA H200 NVL,smoke,uniform_0_1,gemv,e2m7,10,2,7,fp64,padded,thread_packet,4,16,1,1,4,none,prefix_lut_global,padded/thread_packet/x4/prefix_lut_global,256,32,32,10560,16896,32,32,256,1,0,1,0.0057600000873208046,0.0057600000873208046,66.1536865234375,1
2026-08-15T17:16:50Z,NVIDIA H200 NVL,smoke,uniform_0_1,dot,e2m7,10,2,7,fp64,padded,thread_packet,8,16,1,1,8,none,prefix_lut_global,padded/thread_packet/x8/prefix_lut_global,4096,0,1,10240,16384,32,2,256,1,0,1,0.0088640004396438599,0.0088640004396438599,1015.1060180664062,1
2026-08-15T17:16:50Z,NVIDIA H200 NVL,smoke,uniform_0_1,gemv,e2m7,10,2,7,fp64,padded,thread_packet,8,16,1,1,8,none,prefix_lut_global,padded/thread_packet/x8/prefix_lut_global,256,32,32,10560,16896,32,32,256,1,0,1,0.0067520001903176308,0.0067520001903176308,66.1536865234375,1
2026-08-15T17:16:50Z,NVIDIA H200 NVL,smoke,uniform_0_1,dot,e2m7,10,2,7,fp64,dense,cooperative_shuffle,16,32,5,8,2,warp_shuffle,prefix_lut_global,dense/cooperative_shuffle/x16/prefix_lut_global,4096,0,1,10240,10240,32,16,256,1,0,1,0.0077760000713169575,0.0077760000713169575,1015.1060180664062,1
2026-08-15T17:16:50Z,NVIDIA H200 NVL,smoke,uniform_0_1,gemv,e2m7,10,2,7,fp64,dense,cooperative_shuffle,16,32,5,8,2,warp_shuffle,prefix_lut_global,dense/cooperative_shuffle/x16/prefix_lut_global,256,32,32,10560,10560,32,32,256,1,0,1,0.00559999980032444,0.00559999980032444,66.1536865234375,1
2026-08-15T17:16:50Z,NVIDIA H200 NVL,smoke,uniform_0_1,dot,e2m7,10,2,7,fp64,dense,scalar,1,32,1,1,1,none,prefix_lut_shared,dense/scalar/x1/prefix_lut_shared,4096,0,1,10240,10240,32,16,256,1,0,1,0.0075840000063180923,0.0075840000063180923,1015.1060180664062,1
2026-08-15T17:16:50Z,NVIDIA H200 NVL,smoke,uniform_0_1,gemv,e2m7,10,2,7,fp64,dense,scalar,1,32,1,1,1,none,prefix_lut_shared,dense/scalar/x1/prefix_lut_shared,256,32,32,10560,10560,32,32,256,1,0,1,0.0055040000006556511,0.0055040000006556511,66.1536865234375,1
2026-08-15T17:16:50Z,NVIDIA H200 NVL,smoke,uniform_0_1,dot,e2m7,10,2,7,fp64,padded,scalar,1,16,1,1,1,none,prefix_lut_shared,padded/scalar/x1/prefix_lut_shared,4096,0,1,10240,16384,32,16,256,1,0,1,0.0076799998059868813,0.0076799998059868813,1015.1060180664062,1
2026-08-15T17:16:50Z,NVIDIA H200 NVL,smoke,uniform_0_1,gemv,e2m7,10,2,7,fp64,padded,scalar,1,16,1,1,1,none,prefix_lut_shared,padded/scalar/x1/prefix_lut_shared,256,32,32,10560,16896,32,32,256,1,0,1,0.0050880000926554203,0.0050880000926554203,66.1536865234375,1
2026-08-15T17:16:50Z,NVIDIA H200 NVL,smoke,uniform_0_1,dot,e2m7,10,2,7,fp64,dense,thread_packet,2,32,1,1,2,none,prefix_lut_shared,dense/thread_packet/x2/prefix_lut_shared,4096,0,1,10240,10240,32,8,256,1,0,1,0.0076480000279843807,0.0076480000279843807,1015.1060180664062,1
2026-08-15T17:16:50Z,NVIDIA H200 NVL,smoke,uniform_0_1,gemv,e2m7,10,2,7,fp64,dense,thread_packet,2,32,1,1,2,none,prefix_lut_shared,dense/thread_packet/x2/prefix_lut_shared,256,32,32,10560,10560,32,32,256,1,0,1,0.005311999935656786,0.005311999935656786,66.1536865234375,1
2026-08-15T17:16:50Z,NVIDIA H200 NVL,smoke,uniform_0_1,dot,e2m7,10,2,7,fp64,dense,thread_packet,4,32,1,1,4,none,prefix_lut_shared,dense/thread_packet/x4/prefix_lut_shared,4096,0,1,10240,10240,32,4,256,1,0,1,0.0084159998223185539,0.0084159998223185539,1015.1060180664062,1
2026-08-15T17:16:50Z,NVIDIA H200 NVL,smoke,uniform_0_1,gemv,e2m7,10,2,7,fp64,dense,thread_packet,4,32,1,1,4,none,prefix_lut_shared,dense/thread_packet/x4/prefix_lut_shared,256,32,32,10560,10560,32,32,256,1,0,1,0.0057919998653233051,0.0057919998653233051,66.1536865234375,1
2026-08-15T17:16:50Z,NVIDIA H200 NVL,smoke,uniform_0_1,dot,e2m7,10,2,7,fp64,dense,thread_packet,8,32,1,1,8,none,prefix_lut_shared,dense/thread_packet/x8/prefix_lut_shared,4096,0,1,10240,10240,32,2,256,1,0,1,0.0093759996816515923,0.0093759996816515923,1015.1060180664062,1
2026-08-15T17:16:50Z,NVIDIA H200 NVL,smoke,uniform_0_1,gemv,e2m7,10,2,7,fp64,dense,thread_packet,8,32,1,1,8,none,prefix_lut_shared,dense/thread_packet/x8/prefix_lut_shared,256,32,32,10560,10560,32,32,256,1,0,1,0.0069439997896552086,0.0069439997896552086,66.1536865234375,1
2026-08-15T17:16:50Z,NVIDIA H200 NVL,smoke,uniform_0_1,dot,e2m7,10,2,7,fp64,padded,thread_packet,2,16,1,1,2,none,prefix_lut_shared,padded/thread_packet/x2/prefix_lut_shared,4096,0,1,10240,16384,32,8,256,1,0,1,0.0075840000063180923,0.0075840000063180923,1015.1060180664062,1
2026-08-15T17:16:50Z,NVIDIA H200 NVL,smoke,uniform_0_1,gemv,e2m7,10,2,7,fp64,padded,thread_packet,2,16,1,1,2,none,prefix_lut_shared,padded/thread_packet/x2/prefix_lut_shared,256,32,32,10560,16896,32,32,256,1,0,1,0.0053440001793205738,0.0053440001793205738,66.1536865234375,1
2026-08-15T17:16:50Z,NVIDIA H200 NVL,smoke,uniform_0_1,dot,e2m7,10,2,7,fp64,padded,thread_packet,4,16,1,1,4,none,prefix_lut_shared,padded/thread_packet/x4/prefix_lut_shared,4096,0,1,10240,16384,32,4,256,1,0,1,0.0081280004233121872,0.0081280004233121872,1015.1060180664062,1
2026-08-15T17:16:50Z,NVIDIA H200 NVL,smoke,uniform_0_1,gemv,e2m7,10,2,7,fp64,padded,thread_packet,4,16,1,1,4,none,prefix_lut_shared,padded/thread_packet/x4/prefix_lut_shared,256,32,32,10560,16896,32,32,256,1,0,1,0.0060800001956522465,0.0060800001956522465,66.1536865234375,1
2026-08-15T17:16:50Z,NVIDIA H200 NVL,smoke,uniform_0_1,dot,e2m7,10,2,7,fp64,padded,thread_packet,8,16,1,1,8,none,prefix_lut_shared,padded/thread_packet/x8/prefix_lut_shared,4096,0,1,10240,16384,32,2,256,1,0,1,0.0090880002826452255,0.0090880002826452255,1015.1060180664062,1
2026-08-15T17:16:50Z,NVIDIA H200 NVL,smoke,uniform_0_1,gemv,e2m7,10,2,7,fp64,padded,thread_packet,8,16,1,1,8,none,prefix_lut_shared,padded/thread_packet/x8/prefix_lut_shared,256,32,32,10560,16896,32,32,256,1,0,1,0.0068479999899864197,0.0068479999899864197,66.1536865234375,1
2026-08-15T17:16:50Z,NVIDIA H200 NVL,smoke,uniform_0_1,dot,e2m7,10,2,7,fp64,dense,cooperative_shuffle,16,32,5,8,2,warp_shuffle,prefix_lut_shared,dense/cooperative_shuffle/x16/prefix_lut_shared,4096,0,1,10240,10240,32,16,256,1,0,1,0.0082559995353221893,0.0082559995353221893,1015.1060180664062,1
2026-08-15T17:16:50Z,NVIDIA H200 NVL,smoke,uniform_0_1,gemv,e2m7,10,2,7,fp64,dense,cooperative_shuffle,16,32,5,8,2,warp_shuffle,prefix_lut_shared,dense/cooperative_shuffle/x16/prefix_lut_shared,256,32,32,10560,10560,32,32,256,1,0,1,0.0055359997786581516,0.0055359997786581516,66.1536865234375,1
2026-08-15T17:16:50Z,NVIDIA H200 NVL,smoke,uniform_0_1,dot,e2m7,10,2,7,fp64,dense,scalar,1,32,1,1,1,none,subnormal_lut_global,dense/scalar/x1/subnormal_lut_global,4096,0,1,10240,10240,512,16,256,1,0,1,0.0076799998059868813,0.0076799998059868813,1015.1060180664062,1
2026-08-15T17:16:50Z,NVIDIA H200 NVL,smoke,uniform_0_1,gemv,e2m7,10,2,7,fp64,dense,scalar,1,32,1,1,1,none,subnormal_lut_global,dense/scalar/x1/subnormal_lut_global,256,32,32,10560,10560,512,32,256,1,0,1,0.0050240000709891319,0.0050240000709891319,66.1536865234375,1
2026-08-15T17:16:50Z,NVIDIA H200 NVL,smoke,uniform_0_1,dot,e2m7,10,2,7,fp64,padded,scalar,1,16,1,1,1,none,subnormal_lut_global,padded/scalar/x1/subnormal_lut_global,4096,0,1,10240,16384,512,16,256,1,0,1,0.0075840000063180923,0.0075840000063180923,1015.1060180664062,1
2026-08-15T17:16:50Z,NVIDIA H200 NVL,smoke,uniform_0_1,gemv,e2m7,10,2,7,fp64,padded,scalar,1,16,1,1,1,none,subnormal_lut_global,padded/scalar/x1/subnormal_lut_global,256,32,32,10560,16896,512,32,256,1,0,1,0.0048320000059902668,0.0048320000059902668,66.1536865234375,1
2026-08-15T17:16:50Z,NVIDIA H200 NVL,smoke,uniform_0_1,dot,e2m7,10,2,7,fp64,dense,thread_packet,2,32,1,1,2,none,subnormal_lut_global,dense/thread_packet/x2/subnormal_lut_global,4096,0,1,10240,10240,512,8,256,1,0,1,0.0076480000279843807,0.0076480000279843807,1015.1060180664062,1
2026-08-15T17:16:50Z,NVIDIA H200 NVL,smoke,uniform_0_1,gemv,e2m7,10,2,7,fp64,dense,thread_packet,2,32,1,1,2,none,subnormal_lut_global,dense/thread_packet/x2/subnormal_lut_global,256,32,32,10560,10560,512,32,256,1,0,1,0.0050880000926554203,0.0050880000926554203,66.1536865234375,1
2026-08-15T17:16:50Z,NVIDIA H200 NVL,smoke,uniform_0_1,dot,e2m7,10,2,7,fp64,dense,thread_packet,4,32,1,1,4,none,subnormal_lut_global,dense/thread_packet/x4/subnormal_lut_global,4096,0,1,10240,10240,512,4,256,1,0,1,0.0079039996489882469,0.0079039996489882469,1015.1060180664062,1
2026-08-15T17:16:50Z,NVIDIA H200 NVL,smoke,uniform_0_1,gemv,e2m7,10,2,7,fp64,dense,thread_packet,4,32,1,1,4,none,subnormal_lut_global,dense/thread_packet/x4/subnormal_lut_global,256,32,32,10560,10560,512,32,256,1,0,1,0.0056960000656545162,0.0056960000656545162,66.1536865234375,1
2026-08-15T17:16:50Z,NVIDIA H200 NVL,smoke,uniform_0_1,dot,e2m7,10,2,7,fp64,dense,thread_packet,8,32,1,1,8,none,subnormal_lut_global,dense/thread_packet/x8/subnormal_lut_global,4096,0,1,10240,10240,512,2,256,1,0,1,0.0087040001526474953,0.0087040001526474953,1015.1060180664062,1
2026-08-15T17:16:50Z,NVIDIA H200 NVL,smoke,uniform_0_1,gemv,e2m7,10,2,7,fp64,dense,thread_packet,8,32,1,1,8,none,subnormal_lut_global,dense/thread_packet/x8/subnormal_lut_global,256,32,32,10560,10560,512,32,256,1,0,1,0.0067199999466538429,0.0067199999466538429,66.1536865234375,1
2026-08-15T17:16:50Z,NVIDIA H200 NVL,smoke,uniform_0_1,dot,e2m7,10,2,7,fp64,padded,thread_packet,2,16,1,1,2,none,subnormal_lut_global,padded/thread_packet/x2/subnormal_lut_global,4096,0,1,10240,16384,512,8,256,1,0,1,0.0072320001199841499,0.0072320001199841499,1015.1060180664062,1
2026-08-15T17:16:50Z,NVIDIA H200 NVL,smoke,uniform_0_1,gemv,e2m7,10,2,7,fp64,padded,thread_packet,2,16,1,1,2,none,subnormal_lut_global,padded/thread_packet/x2/subnormal_lut_global,256,32,32,10560,16896,512,32,256,1,0,1,0.0051520001143217087,0.0051520001143217087,66.1536865234375,1
2026-08-15T17:16:50Z,NVIDIA H200 NVL,smoke,uniform_0_1,dot,e2m7,10,2,7,fp64,padded,thread_packet,4,16,1,1,4,none,subnormal_lut_global,padded/thread_packet/x4/subnormal_lut_global,4096,0,1,10240,16384,512,4,256,1,0,1,0.0076799998059868813,0.0076799998059868813,1015.1060180664062,1
2026-08-15T17:16:50Z,NVIDIA H200 NVL,smoke,uniform_0_1,gemv,e2m7,10,2,7,fp64,padded,thread_packet,4,16,1,1,4,none,subnormal_lut_global,padded/thread_packet/x4/subnormal_lut_global,256,32,32,10560,16896,512,32,256,1,0,1,0.0055680000223219395,0.0055680000223219395,66.1536865234375,1
2026-08-15T17:16:50Z,NVIDIA H200 NVL,smoke,uniform_0_1,dot,e2m7,10,2,7,fp64,padded,thread_packet,8,16,1,1,8,none,subnormal_lut_global,padded/thread_packet/x8/subnormal_lut_global,4096,0,1,10240,16384,512,2,256,1,0,1,0.008320000022649765,0.008320000022649765,1015.1060180664062,1
2026-08-15T17:16:50Z,NVIDIA H200 NVL,smoke,uniform_0_1,gemv,e2m7,10,2,7,fp64,padded,thread_packet,8,16,1,1,8,none,subnormal_lut_global,padded/thread_packet/x8/subnormal_lut_global,256,32,32,10560,16896,512,32,256,1,0,1,0.0062400000169873238,0.0062400000169873238,66.1536865234375,1
2026-08-15T17:16:50Z,NVIDIA H200 NVL,smoke,uniform_0_1,dot,e2m7,10,2,7,fp64,dense,cooperative_shuffle,16,32,5,8,2,warp_shuffle,subnormal_lut_global,dense/cooperative_shuffle/x16/subnormal_lut_global,4096,0,1,10240,10240,512,16,256,1,0,1,0.0076799998059868813,0.0076799998059868813,1015.1060180664062,1
2026-08-15T17:16:50Z,NVIDIA H200 NVL,smoke,uniform_0_1,gemv,e2m7,10,2,7,fp64,dense,cooperative_shuffle,16,32,5,8,2,warp_shuffle,subnormal_lut_global,dense/cooperative_shuffle/x16/subnormal_lut_global,256,32,32,10560,10560,512,32,256,1,0,1,0.0053440001793205738,0.0053440001793205738,66.1536865234375,1
2026-08-15T17:16:50Z,NVIDIA H200 NVL,smoke,uniform_0_1,dot,e2m7,10,2,7,fp64,dense,scalar,1,32,1,1,1,none,subnormal_lut_shared,dense/scalar/x1/subnormal_lut_shared,4096,0,1,10240,10240,512,16,256,1,0,1,0.0074880002066493034,0.0074880002066493034,1015.1060180664062,1
2026-08-15T17:16:50Z,NVIDIA H200 NVL,smoke,uniform_0_1,gemv,e2m7,10,2,7,fp64,dense,scalar,1,32,1,1,1,none,subnormal_lut_shared,dense/scalar/x1/subnormal_lut_shared,256,32,32,10560,10560,512,32,256,1,0,1,0.0051520001143217087,0.0051520001143217087,66.1536865234375,1
2026-08-15T17:16:50Z,NVIDIA H200 NVL,smoke,uniform_0_1,dot,e2m7,10,2,7,fp64,padded,scalar,1,16,1,1,1,none,subnormal_lut_shared,padded/scalar/x1/subnormal_lut_shared,4096,0,1,10240,16384,512,16,256,1,0,1,0.0076799998059868813,0.0076799998059868813,1015.1060180664062,1
2026-08-15T17:16:50Z,NVIDIA H200 NVL,smoke,uniform_0_1,gemv,e2m7,10,2,7,fp64,padded,scalar,1,16,1,1,1,none,subnormal_lut_shared,padded/scalar/x1/subnormal_lut_shared,256,32,32,10560,16896,512,32,256,1,0,1,0.0050559998489916325,0.0050559998489916325,66.1536865234375,1
2026-08-15T17:16:50Z,NVIDIA H200 NVL,smoke,uniform_0_1,dot,e2m7,10,2,7,fp64,dense,thread_packet,2,32,1,1,2,none,subnormal_lut_shared,dense/thread_packet/x2/subnormal_lut_shared,4096,0,1,10240,10240,512,8,256,1,0,1,0.0076480000279843807,0.0076480000279843807,1015.1060180664062,1
2026-08-15T17:16:50Z,NVIDIA H200 NVL,smoke,uniform_0_1,gemv,e2m7,10,2,7,fp64,dense,thread_packet,2,32,1,1,2,none,subnormal_lut_shared,dense/thread_packet/x2/subnormal_lut_shared,256,32,32,10560,10560,512,32,256,1,0,1,0.0052800001576542854,0.0052800001576542854,66.1536865234375,1
2026-08-15T17:16:50Z,NVIDIA H200 NVL,smoke,uniform_0_1,dot,e2m7,10,2,7,fp64,dense,thread_packet,4,32,1,1,4,none,subnormal_lut_shared,dense/thread_packet/x4/subnormal_lut_shared,4096,0,1,10240,10240,512,4,256,1,0,1,0.0080960001796483994,0.0080960001796483994,1015.1060180664062,1
2026-08-15T17:16:50Z,NVIDIA H200 NVL,smoke,uniform_0_1,gemv,e2m7,10,2,7,fp64,dense,thread_packet,4,32,1,1,4,none,subnormal_lut_shared,dense/thread_packet/x4/subnormal_lut_shared,256,32,32,10560,10560,512,32,256,1,0,1,0.0058880001306533813,0.0058880001306533813,66.1536865234375,1
2026-08-15T17:16:50Z,NVIDIA H200 NVL,smoke,uniform_0_1,dot,e2m7,10,2,7,fp64,dense,thread_packet,8,32,1,1,8,none,subnormal_lut_shared,dense/thread_packet/x8/subnormal_lut_shared,4096,0,1,10240,10240,512,2,256,1,0,1,0.0092799998819828033,0.0092799998819828033,1015.1060180664062,1
2026-08-15T17:16:50Z,NVIDIA H200 NVL,smoke,uniform_0_1,gemv,e2m7,10,2,7,fp64,dense,thread_packet,8,32,1,1,8,none,subnormal_lut_shared,dense/thread_packet/x8/subnormal_lut_shared,256,32,32,10560,10560,512,32,256,1,0,1,0.0064960001036524773,0.0064960001036524773,66.1536865234375,1
2026-08-15T17:16:50Z,NVIDIA H200 NVL,smoke,uniform_0_1,dot,e2m7,10,2,7,fp64,padded,thread_packet,2,16,1,1,2,none,subnormal_lut_shared,padded/thread_packet/x2/subnormal_lut_shared,4096,0,1,10240,16384,512,8,256,1,0,1,0.0073279999196529388,0.0073279999196529388,1015.1060180664062,1
2026-08-15T17:16:50Z,NVIDIA H200 NVL,smoke,uniform_0_1,gemv,e2m7,10,2,7,fp64,padded,thread_packet,2,16,1,1,2,none,subnormal_lut_shared,padded/thread_packet/x2/subnormal_lut_shared,256,32,32,10560,16896,512,32,256,1,0,1,0.0054080002009868622,0.0054080002009868622,66.1536865234375,1
2026-08-15T17:16:50Z,NVIDIA H200 NVL,smoke,uniform_0_1,dot,e2m7,10,2,7,fp64,padded,thread_packet,4,16,1,1,4,none,subnormal_lut_shared,padded/thread_packet/x4/subnormal_lut_shared,4096,0,1,10240,16384,512,4,256,1,0,1,0.007807999849319458,0.007807999849319458,1015.1060180664062,1
2026-08-15T17:16:50Z,NVIDIA H200 NVL,smoke,uniform_0_1,gemv,e2m7,10,2,7,fp64,padded,thread_packet,4,16,1,1,4,none,subnormal_lut_shared,padded/thread_packet/x4/subnormal_lut_shared,256,32,32,10560,16896,512,32,256,1,0,1,0.0058880001306533813,0.0058880001306533813,66.1536865234375,1
2026-08-15T17:16:50Z,NVIDIA H200 NVL,smoke,uniform_0_1,dot,e2m7,10,2,7,fp64,padded,thread_packet,8,16,1,1,8,none,subnormal_lut_shared,padded/thread_packet/x8/subnormal_lut_shared,4096,0,1,10240,16384,512,2,256,1,0,1,0.0086719999089837074,0.0086719999089837074,1015.1060180664062,1
2026-08-15T17:16:50Z,NVIDIA H200 NVL,smoke,uniform_0_1,gemv,e2m7,10,2,7,fp64,padded,thread_packet,8,16,1,1,8,none,subnormal_lut_shared,padded/thread_packet/x8/subnormal_lut_shared,256,32,32,10560,16896,512,32,256,1,0,1,0.0063359998166561127,0.0063359998166561127,66.1536865234375,1
2026-08-15T17:16:50Z,NVIDIA H200 NVL,smoke,uniform_0_1,dot,e2m7,10,2,7,fp64,dense,cooperative_shuffle,16,32,5,8,2,warp_shuffle,subnormal_lut_shared,dense/cooperative_shuffle/x16/subnormal_lut_shared,4096,0,1,10240,10240,512,16,256,1,0,1,0.0079359998926520348,0.0079359998926520348,1015.1060180664062,1
2026-08-15T17:16:50Z,NVIDIA H200 NVL,smoke,uniform_0_1,gemv,e2m7,10,2,7,fp64,dense,cooperative_shuffle,16,32,5,8,2,warp_shuffle,subnormal_lut_shared,dense/cooperative_shuffle/x16/subnormal_lut_shared,256,32,32,10560,10560,512,32,256,1,0,1,0.0055040000006556511,0.0055040000006556511,66.1536865234375,1
2026-08-15T17:16:50Z,NVIDIA H200 NVL,smoke,uniform_0_1,dot,e5m4,10,5,4,fp64,dense,scalar,1,32,1,1,1,none,generic,dense/scalar/x1/generic,4096,0,1,10240,10240,0,16,256,1,0,1,0.0074559999629855156,0.0074559999629855156,1015.0866786241531,1
2026-08-15T17:16:50Z,NVIDIA H200 NVL,smoke,uniform_0_1,gemv,e5m4,10,5,4,fp64,dense,scalar,1,32,1,1,1,none,generic,dense/scalar/x1/generic,256,32,32,10560,10560,0,32,256,1,0,1,0.0049600000493228436,0.0049600000493228436,66.119256973266602,1
2026-08-15T17:16:50Z,NVIDIA H200 NVL,smoke,uniform_0_1,dot,e5m4,10,5,4,fp64,padded,scalar,1,16,1,1,1,none,generic,padded/scalar/x1/generic,4096,0,1,10240,16384,0,16,256,1,0,1,0.0073600001633167267,0.0073600001633167267,1015.0866786241531,1
2026-08-15T17:16:50Z,NVIDIA H200 NVL,smoke,uniform_0_1,gemv,e5m4,10,5,4,fp64,padded,scalar,1,16,1,1,1,none,generic,padded/scalar/x1/generic,256,32,32,10560,16896,0,32,256,1,0,1,0.0048960000276565552,0.0048960000276565552,66.119256973266602,1
2026-08-15T17:16:50Z,NVIDIA H200 NVL,smoke,uniform_0_1,dot,e5m4,10,5,4,fp64,dense,scalar,1,32,1,1,1,none,direct_branchy,dense/scalar/x1/direct_branchy,4096,0,1,10240,10240,0,16,256,1,0,1,0.0072320001199841499,0.0072320001199841499,1015.0866786241531,1
2026-08-15T17:16:50Z,NVIDIA H200 NVL,smoke,uniform_0_1,gemv,e5m4,10,5,4,fp64,dense,scalar,1,32,1,1,1,none,direct_branchy,dense/scalar/x1/direct_branchy,256,32,32,10560,10560,0,32,256,1,0,1,0.0046399999409914017,0.0046399999409914017,66.119256973266602,1
2026-08-15T17:16:50Z,NVIDIA H200 NVL,smoke,uniform_0_1,dot,e5m4,10,5,4,fp64,padded,scalar,1,16,1,1,1,none,direct_branchy,padded/scalar/x1/direct_branchy,4096,0,1,10240,16384,0,16,256,1,0,1,0.0071040000766515732,0.0071040000766515732,1015.0866786241531,1
2026-08-15T17:16:50Z,NVIDIA H200 NVL,smoke,uniform_0_1,gemv,e5m4,10,5,4,fp64,padded,scalar,1,16,1,1,1,none,direct_branchy,padded/scalar/x1/direct_branchy,256,32,32,10560,16896,0,32,256,1,0,1,0.0049600000493228436,0.0049600000493228436,66.119256973266602,1
2026-08-15T17:16:50Z,NVIDIA H200 NVL,smoke,uniform_0_1,dot,e5m4,10,5,4,fp64,dense,thread_packet,2,32,1,1,2,none,direct_branchy,dense/thread_packet/x2/direct_branchy,4096,0,1,10240,10240,0,8,256,1,0,1,0.0070719998329877853,0.0070719998329877853,1015.0866786241531,1
2026-08-15T17:16:50Z,NVIDIA H200 NVL,smoke,uniform_0_1,gemv,e5m4,10,5,4,fp64,dense,thread_packet,2,32,1,1,2,none,direct_branchy,dense/thread_packet/x2/direct_branchy,256,32,32,10560,10560,0,32,256,1,0,1,0.0049279998056590557,0.0049279998056590557,66.119256973266602,1
2026-08-15T17:16:50Z,NVIDIA H200 NVL,smoke,uniform_0_1,dot,e5m4,10,5,4,fp64,dense,thread_packet,4,32,1,1,4,none,direct_branchy,dense/thread_packet/x4/direct_branchy,4096,0,1,10240,10240,0,4,256,1,0,1,0.0075840000063180923,0.0075840000063180923,1015.0866786241531,1
2026-08-15T17:16:50Z,NVIDIA H200 NVL,smoke,uniform_0_1,gemv,e5m4,10,5,4,fp64,dense,thread_packet,4,32,1,1,4,none,direct_branchy,dense/thread_packet/x4/direct_branchy,256,32,32,10560,10560,0,32,256,1,0,1,0.0050559998489916325,0.0050559998489916325,66.119256973266602,1
2026-08-15T17:16:50Z,NVIDIA H200 NVL,smoke,uniform_0_1,dot,e5m4,10,5,4,fp64,dense,thread_packet,8,32,1,1,8,none,direct_branchy,dense/thread_packet/x8/direct_branchy,4096,0,1,10240,10240,0,2,256,1,0,1,0.0081280004233121872,0.0081280004233121872,1015.0866786241531,1
2026-08-15T17:16:50Z,NVIDIA H200 NVL,smoke,uniform_0_1,gemv,e5m4,10,5,4,fp64,dense,thread_packet,8,32,1,1,8,none,direct_branchy,dense/thread_packet/x8/direct_branchy,256,32,32,10560,10560,0,32,256,1,0,1,0.005824000108987093,0.005824000108987093,66.119256973266602,1
2026-08-15T17:16:50Z,NVIDIA H200 NVL,smoke,uniform_0_1,dot,e5m4,10,5,4,fp64,padded,thread_packet,2,16,1,1,2,none,direct_branchy,padded/thread_packet/x2/direct_branchy,4096,0,1,10240,16384,0,8,256,1,0,1,0.0073600001633167267,0.0073600001633167267,1015.0866786241531,1
2026-08-15T17:16:50Z,NVIDIA H200 NVL,smoke,uniform_0_1,gemv,e5m4,10,5,4,fp64,padded,thread_packet,2,16,1,1,2,none,direct_branchy,padded/thread_packet/x2/direct_branchy,256,32,32,10560,16896,0,32,256,1,0,1,0.0049279998056590557,0.0049279998056590557,66.119256973266602,1
2026-08-15T17:16:50Z,NVIDIA H200 NVL,smoke,uniform_0_1,dot,e5m4,10,5,4,fp64,padded,thread_packet,4,16,1,1,4,none,direct_branchy,padded/thread_packet/x4/direct_branchy,4096,0,1,10240,16384,0,4,256,1,0,1,0.0074559999629855156,0.0074559999629855156,1015.0866786241531,1
2026-08-15T17:16:50Z,NVIDIA H200 NVL,smoke,uniform_0_1,gemv,e5m4,10,5,4,fp64,padded,thread_packet,4,16,1,1,4,none,direct_branchy,padded/thread_packet/x4/direct_branchy,256,32,32,10560,16896,0,32,256,1,0,1,0.0050880000926554203,0.0050880000926554203,66.119256973266602,1
2026-08-15T17:16:50Z,NVIDIA H200 NVL,smoke,uniform_0_1,dot,e5m4,10,5,4,fp64,padded,thread_packet,8,16,1,1,8,none,direct_branchy,padded/thread_packet/x8/direct_branchy,4096,0,1,10240,16384,0,2,256,1,0,1,0.0078720003366470337,0.0078720003366470337,1015.0866786241531,1
2026-08-15T17:16:50Z,NVIDIA H200 NVL,smoke,uniform_0_1,gemv,e5m4,10,5,4,fp64,padded,thread_packet,8,16,1,1,8,none,direct_branchy,padded/thread_packet/x8/direct_branchy,256,32,32,10560,16896,0,32,256,1,0,1,0.0054080002009868622,0.0054080002009868622,66.119256973266602,1
2026-08-15T17:16:50Z,NVIDIA H200 NVL,smoke,uniform_0_1,dot,e5m4,10,5,4,fp64,dense,cooperative_shuffle,16,32,5,8,2,warp_shuffle,direct_branchy,dense/cooperative_shuffle/x16/direct_branchy,4096,0,1,10240,10240,0,16,256,1,0,1,0.0076480000279843807,0.0076480000279843807,1015.0866786241531,1
2026-08-15T17:16:50Z,NVIDIA H200 NVL,smoke,uniform_0_1,gemv,e5m4,10,5,4,fp64,dense,cooperative_shuffle,16,32,5,8,2,warp_shuffle,direct_branchy,dense/cooperative_shuffle/x16/direct_branchy,256,32,32,10560,10560,0,32,256,1,0,1,0.0050559998489916325,0.0050559998489916325,66.119256973266602,1
2026-08-15T17:16:50Z,NVIDIA H200 NVL,smoke,uniform_0_1,dot,e5m4,10,5,4,fp64,dense,scalar,1,32,1,1,1,none,direct_masked,dense/scalar/x1/direct_masked,4096,0,1,10240,10240,0,16,256,1,0,1,0.007007999811321497,0.007007999811321497,1015.0866786241531,1
2026-08-15T17:16:50Z,NVIDIA H200 NVL,smoke,uniform_0_1,gemv,e5m4,10,5,4,fp64,dense,scalar,1,32,1,1,1,none,direct_masked,dense/scalar/x1/direct_masked,256,32,32,10560,10560,0,32,256,1,0,1,0.0048320000059902668,0.0048320000059902668,66.119256973266602,1
2026-08-15T17:16:50Z,NVIDIA H200 NVL,smoke,uniform_0_1,dot,e5m4,10,5,4,fp64,padded,scalar,1,16,1,1,1,none,direct_masked,padded/scalar/x1/direct_masked,4096,0,1,10240,16384,0,16,256,1,0,1,0.007007999811321497,0.007007999811321497,1015.0866786241531,1
2026-08-15T17:16:50Z,NVIDIA H200 NVL,smoke,uniform_0_1,gemv,e5m4,10,5,4,fp64,padded,scalar,1,16,1,1,1,none,direct_masked,padded/scalar/x1/direct_masked,256,32,32,10560,16896,0,32,256,1,0,1,0.0048000002279877663,0.0048000002279877663,66.119256973266602,1
2026-08-15T17:16:50Z,NVIDIA H200 NVL,smoke,uniform_0_1,dot,e5m4,10,5,4,fp64,dense,thread_packet,2,32,1,1,2,none,direct_masked,dense/thread_packet/x2/direct_masked,4096,0,1,10240,10240,0,8,256,1,0,1,0.0073600001633167267,0.0073600001633167267,1015.0866786241531,1
2026-08-15T17:16:50Z,NVIDIA H200 NVL,smoke,uniform_0_1,gemv,e5m4,10,5,4,fp64,dense,thread_packet,2,32,1,1,2,none,direct_masked,dense/thread_packet/x2/direct_masked,256,32,32,10560,10560,0,32,256,1,0,1,0.0047679999843239784,0.0047679999843239784,66.119256973266602,1
2026-08-15T17:16:50Z,NVIDIA H200 NVL,smoke,uniform_0_1,dot,e5m4,10,5,4,fp64,dense,thread_packet,4,32,1,1,4,none,direct_masked,dense/thread_packet/x4/direct_masked,4096,0,1,10240,10240,0,4,256,1,0,1,0.007519999984651804,0.007519999984651804,1015.0866786241531,1
2026-08-15T17:16:50Z,NVIDIA H200 NVL,smoke,uniform_0_1,gemv,e5m4,10,5,4,fp64,dense,thread_packet,4,32,1,1,4,none,direct_masked,dense/thread_packet/x4/direct_masked,256,32,32,10560,10560,0,32,256,1,0,1,0.0053440001793205738,0.0053440001793205738,66.119256973266602,1
2026-08-15T17:16:50Z,NVIDIA H200 NVL,smoke,uniform_0_1,dot,e5m4,10,5,4,fp64,dense,thread_packet,8,32,1,1,8,none,direct_masked,dense/thread_packet/x8/direct_masked,4096,0,1,10240,10240,0,2,256,1,0,1,0.0083520002663135529,0.0083520002663135529,1015.0866786241531,1
2026-08-15T17:16:50Z,NVIDIA H200 NVL,smoke,uniform_0_1,gemv,e5m4,10,5,4,fp64,dense,thread_packet,8,32,1,1,8,none,direct_masked,dense/thread_packet/x8/direct_masked,256,32,32,10560,10560,0,32,256,1,0,1,0.0057600000873208046,0.0057600000873208046,66.119256973266602,1
2026-08-15T17:16:50Z,NVIDIA H200 NVL,smoke,uniform_0_1,dot,e5m4,10,5,4,fp64,padded,thread_packet,2,16,1,1,2,none,direct_masked,padded/thread_packet/x2/direct_masked,4096,0,1,10240,16384,0,8,256,1,0,1,0.0074559999629855156,0.0074559999629855156,1015.0866786241531,1
2026-08-15T17:16:50Z,NVIDIA H200 NVL,smoke,uniform_0_1,gemv,e5m4,10,5,4,fp64,padded,thread_packet,2,16,1,1,2,none,direct_masked,padded/thread_packet/x2/direct_masked,256,32,32,10560,16896,0,32,256,1,0,1,0.0050240000709891319,0.0050240000709891319,66.119256973266602,1
2026-08-15T17:16:50Z,NVIDIA H200 NVL,smoke,uniform_0_1,dot,e5m4,10,5,4,fp64,padded,thread_packet,4,16,1,1,4,none,direct_masked,padded/thread_packet/x4/direct_masked,4096,0,1,10240,16384,0,4,256,1,0,1,0.0075520002283155918,0.0075520002283155918,1015.0866786241531,1
2026-08-15T17:16:50Z,NVIDIA H200 NVL,smoke,uniform_0_1,gemv,e5m4,10,5,4,fp64,padded,thread_packet,4,16,1,1,4,none,direct_masked,padded/thread_packet/x4/direct_masked,256,32,32,10560,16896,0,32,256,1,0,1,0.0051839998923242092,0.0051839998923242092,66.119256973266602,1
2026-08-15T17:16:50Z,NVIDIA H200 NVL,smoke,uniform_0_1,dot,e5m4,10,5,4,fp64,padded,thread_packet,8,16,1,1,8,none,direct_masked,padded/thread_packet/x8/direct_masked,4096,0,1,10240,16384,0,2,256,1,0,1,0.0079680001363158226,0.0079680001363158226,1015.0866786241531,1
2026-08-15T17:16:50Z,NVIDIA H200 NVL,smoke,uniform_0_1,gemv,e5m4,10,5,4,fp64,padded,thread_packet,8,16,1,1,8,none,direct_masked,padded/thread_packet/x8/direct_masked,256,32,32,10560,16896,0,32,256,1,0,1,0.0053440001793205738,0.0053440001793205738,66.119256973266602,1
2026-08-15T17:16:50Z,NVIDIA H200 NVL,smoke,uniform_0_1,dot,e5m4,10,5,4,fp64,dense,cooperative_shuffle,16,32,5,8,2,warp_shuffle,direct_masked,dense/cooperative_shuffle/x16/direct_masked,4096,0,1,10240,10240,0,16,256,1,0,1,0.007519999984651804,0.007519999984651804,1015.0866786241531,1
2026-08-15T17:16:50Z,NVIDIA H200 NVL,smoke,uniform_0_1,gemv,e5m4,10,5,4,fp64,dense,cooperative_shuffle,16,32,5,8,2,warp_shuffle,direct_masked,dense/cooperative_shuffle/x16/direct_masked,256,32,32,10560,10560,0,32,256,1,0,1,0.0051839998923242092,0.0051839998923242092,66.119256973266602,1
2026-08-15T17:16:50Z,NVIDIA H200 NVL,smoke,uniform_0_1,dot,e5m4,10,5,4,fp64,dense,scalar,1,32,1,1,1,none,full_lut_global,dense/scalar/x1/full_lut_global,4096,0,1,10240,10240,4096,16,256,1,0,1,0.0072320001199841499,0.0072320001199841499,1015.0866786241531,1
2026-08-15T17:16:50Z,NVIDIA H200 NVL,smoke,uniform_0_1,gemv,e5m4,10,5,4,fp64,dense,scalar,1,32,1,1,1,none,full_lut_global,dense/scalar/x1/full_lut_global,256,32,32,10560,10560,4096,32,256,1,0,1,0.0051839998923242092,0.0051839998923242092,66.119256973266602,1
2026-08-15T17:16:50Z,NVIDIA H200 NVL,smoke,uniform_0_1,dot,e5m4,10,5,4,fp64,padded,scalar,1,16,1,1,1,none,full_lut_global,padded/scalar/x1/full_lut_global,4096,0,1,10240,16384,4096,16,256,1,0,1,0.0072960001416504383,0.0072960001416504383,1015.0866786241531,1
2026-08-15T17:16:50Z,NVIDIA H200 NVL,smoke,uniform_0_1,gemv,e5m4,10,5,4,fp64,padded,scalar,1,16,1,1,1,none,full_lut_global,padded/scalar/x1/full_lut_global,256,32,32,10560,16896,4096,32,256,1,0,1,0.0048320000059902668,0.0048320000059902668,66.119256973266602,1
2026-08-15T17:16:50Z,NVIDIA H200 NVL,smoke,uniform_0_1,dot,e5m4,10,5,4,fp64,dense,thread_packet,2,32,1,1,2,none,full_lut_global,dense/thread_packet/x2/full_lut_global,4096,0,1,10240,10240,4096,8,256,1,0,1,0.0070400000549852848,0.0070400000549852848,1015.0866786241531,1
2026-08-15T17:16:50Z,NVIDIA H200 NVL,smoke,uniform_0_1,gemv,e5m4,10,5,4,fp64,dense,thread_packet,2,32,1,1,2,none,full_lut_global,dense/thread_packet/x2/full_lut_global,256,32,32,10560,10560,4096,32,256,1,0,1,0.0048639997839927673,0.0048639997839927673,66.119256973266602,1
2026-08-15T17:16:50Z,NVIDIA H200 NVL,smoke,uniform_0_1,dot,e5m4,10,5,4,fp64,dense,thread_packet,4,32,1,1,4,none,full_lut_global,dense/thread_packet/x4/full_lut_global,4096,0,1,10240,10240,4096,4,256,1,0,1,0.007007999811321497,0.007007999811321497,1015.0866786241531,1
2026-08-15T17:16:50Z,NVIDIA H200 NVL,smoke,uniform_0_1,gemv,e5m4,10,5,4,fp64,dense,thread_packet,4,32,1,1,4,none,full_lut_global,dense/thread_packet/x4/full_lut_global,256,32,32,10560,10560,4096,32,256,1,0,1,0.0052479999139904976,0.0052479999139904976,66.119256973266602,1
2026-08-15T17:16:50Z,NVIDIA H200 NVL,smoke,uniform_0_1,dot,e5m4,10,5,4,fp64,dense,thread_packet,8,32,1,1,8,none,full_lut_global,dense/thread_packet/x8/full_lut_global,4096,0,1,10240,10240,4096,2,256,1,0,1,0.0076799998059868813,0.0076799998059868813,1015.0866786241531,1
2026-08-15T17:16:50Z,NVIDIA H200 NVL,smoke,uniform_0_1,gemv,e5m4,10,5,4,fp64,dense,thread_packet,8,32,1,1,8,none,full_lut_global,dense/thread_packet/x8/full_lut_global,256,32,32,10560,10560,4096,32,256,1,0,1,0.0055359997786581516,0.0055359997786581516,66.119256973266602,1
2026-08-15T17:16:50Z,NVIDIA H200 NVL,smoke,uniform_0_1,dot,e5m4,10,5,4,fp64,padded,thread_packet,2,16,1,1,2,none,full_lut_global,padded/thread_packet/x2/full_lut_global,4096,0,1,10240,16384,4096,8,256,1,0,1,0.0071999998763203621,0.0071999998763203621,1015.0866786241531,1
2026-08-15T17:16:50Z,NVIDIA H200 NVL,smoke,uniform_0_1,gemv,e5m4,10,5,4,fp64,padded,thread_packet,2,16,1,1,2,none,full_lut_global,padded/thread_packet/x2/full_lut_global,256,32,32,10560,16896,4096,32,256,1,0,1,0.0048000002279877663,0.0048000002279877663,66.119256973266602,1
2026-08-15T17:16:50Z,NVIDIA H200 NVL,smoke,uniform_0_1,dot,e5m4,10,5,4,fp64,padded,thread_packet,4,16,1,1,4,none,full_lut_global,padded/thread_packet/x4/full_lut_global,4096,0,1,10240,16384,4096,4,256,1,0,1,0.0072639998979866505,0.0072639998979866505,1015.0866786241531,1
2026-08-15T17:16:50Z,NVIDIA H200 NVL,smoke,uniform_0_1,gemv,e5m4,10,5,4,fp64,padded,thread_packet,4,16,1,1,4,none,full_lut_global,padded/thread_packet/x4/full_lut_global,256,32,32,10560,16896,4096,32,256,1,0,1,0.0049279998056590557,0.0049279998056590557,66.119256973266602,1
2026-08-15T17:16:50Z,NVIDIA H200 NVL,smoke,uniform_0_1,dot,e5m4,10,5,4,fp64,padded,thread_packet,8,16,1,1,8,none,full_lut_global,padded/thread_packet/x8/full_lut_global,4096,0,1,10240,16384,4096,2,256,1,0,1,0.0073919999413192272,0.0073919999413192272,1015.0866786241531,1
2026-08-15T17:16:50Z,NVIDIA H200 NVL,smoke,uniform_0_1,gemv,e5m4,10,5,4,fp64,padded,thread_packet,8,16,1,1,8,none,full_lut_global,padded/thread_packet/x8/full_lut_global,256,32,32,10560,16896,4096,32,256,1,0,1,0.0048639997839927673,0.0048639997839927673,66.119256973266602,1
2026-08-15T17:16:50Z,NVIDIA H200 NVL,smoke,uniform_0_1,dot,e5m4,10,5,4,fp64,dense,cooperative_shuffle,16,32,5,8,2,warp_shuffle,full_lut_global,dense/cooperative_shuffle/x16/full_lut_global,4096,0,1,10240,10240,4096,16,256,1,0,1,0.0075520002283155918,0.0075520002283155918,1015.0866786241531,1
2026-08-15T17:16:50Z,NVIDIA H200 NVL,smoke,uniform_0_1,gemv,e5m4,10,5,4,fp64,dense,cooperative_shuffle,16,32,5,8,2,warp_shuffle,full_lut_global,dense/cooperative_shuffle/x16/full_lut_global,256,32,32,10560,10560,4096,32,256,1,0,1,0.005311999935656786,0.005311999935656786,66.119256973266602,1
2026-08-15T17:16:50Z,NVIDIA H200 NVL,smoke,uniform_0_1,dot,e5m4,10,5,4,fp64,dense,scalar,1,32,1,1,1,none,full_lut_shared,dense/scalar/x1/full_lut_shared,4096,0,1,10240,10240,4096,16,256,1,0,1,0.007807999849319458,0.007807999849319458,1015.0866786241531,1
2026-08-15T17:16:50Z,NVIDIA H200 NVL,smoke,uniform_0_1,gemv,e5m4,10,5,4,fp64,dense,scalar,1,32,1,1,1,none,full_lut_shared,dense/scalar/x1/full_lut_shared,256,32,32,10560,10560,4096,32,256,1,0,1,0.0057919998653233051,0.0057919998653233051,66.119256973266602,1
2026-08-15T17:16:50Z,NVIDIA H200 NVL,smoke,uniform_0_1,dot,e5m4,10,5,4,fp64,padded,scalar,1,16,1,1,1,none,full_lut_shared,padded/scalar/x1/full_lut_shared,4096,0,1,10240,16384,4096,16,256,1,0,1,0.0077439998276531696,0.0077439998276531696,1015.0866786241531,1
2026-08-15T17:16:50Z,NVIDIA H200 NVL,smoke,uniform_0_1,gemv,e5m4,10,5,4,fp64,padded,scalar,1,16,1,1,1,none,full_lut_shared,padded/scalar/x1/full_lut_shared,256,32,32,10560,16896,4096,32,256,1,0,1,0.0055040000006556511,0.0055040000006556511,66.119256973266602,1
2026-08-15T17:16:50Z,NVIDIA H200 NVL,smoke,uniform_0_1,dot,e5m4,10,5,4,fp64,dense,thread_packet,2,32,1,1,2,none,full_lut_shared,dense/thread_packet/x2/full_lut_shared,4096,0,1,10240,10240,4096,8,256,1,0,1,0.0077439998276531696,0.0077439998276531696,1015.0866786241531,1
2026-08-15T17:16:50Z,NVIDIA H200 NVL,smoke,uniform_0_1,gemv,e5m4,10,5,4,fp64,dense,thread_packet,2,32,1,1,2,none,full_lut_shared,dense/thread_packet/x2/full_lut_shared,256,32,32,10560,10560,4096,32,256,1,0,1,0.0055680000223219395,0.0055680000223219395,66.119256973266602,1
2026-08-15T17:16:50Z,NVIDIA H200 NVL,smoke,uniform_0_1,dot,e5m4,10,5,4,fp64,dense,thread_packet,4,32,1,1,4,none,full_lut_shared,dense/thread_packet/x4/full_lut_shared,4096,0,1,10240,10240,4096,4,256,1,0,1,0.0080000003799796104,0.0080000003799796104,1015.0866786241531,1
2026-08-15T17:16:50Z,NVIDIA H200 NVL,smoke,uniform_0_1,gemv,e5m4,10,5,4,fp64,dense,thread_packet,4,32,1,1,4,none,full_lut_shared,dense/thread_packet/x4/full_lut_shared,256,32,32,10560,10560,4096,32,256,1,0,1,0.0057600000873208046,0.0057600000873208046,66.119256973266602,1
2026-08-15T17:16:50Z,NVIDIA H200 NVL,smoke,uniform_0_1,dot,e5m4,10,5,4,fp64,dense,thread_packet,8,32,1,1,8,none,full_lut_shared,dense/thread_packet/x8/full_lut_shared,4096,0,1,10240,10240,4096,2,256,1,0,1,0.008320000022649765,0.008320000022649765,1015.0866786241531,1
2026-08-15T17:16:50Z,NVIDIA H200 NVL,smoke,uniform_0_1,gemv,e5m4,10,5,4,fp64,dense,thread_packet,8,32,1,1,8,none,full_lut_shared,dense/thread_packet/x8/full_lut_shared,256,32,32,10560,10560,4096,32,256,1,0,1,0.0062400000169873238,0.0062400000169873238,66.119256973266602,1
2026-08-15T17:16:50Z,NVIDIA H200 NVL,smoke,uniform_0_1,dot,e5m4,10,5,4,fp64,padded,thread_packet,2,16,1,1,2,none,full_lut_shared,padded/thread_packet/x2/full_lut_shared,4096,0,1,10240,16384,4096,8,256,1,0,1,0.0079680001363158226,0.0079680001363158226,1015.0866786241531,1
2026-08-15T17:16:50Z,NVIDIA H200 NVL,smoke,uniform_0_1,gemv,e5m4,10,5,4,fp64,padded,thread_packet,2,16,1,1,2,none,full_lut_shared,padded/thread_packet/x2/full_lut_shared,256,32,32,10560,16896,4096,32,256,1,0,1,0.0056639998219907284,0.0056639998219907284,66.119256973266602,1
2026-08-15T17:16:50Z,NVIDIA H200 NVL,smoke,uniform_0_1,dot,e5m4,10,5,4,fp64,padded,thread_packet,4,16,1,1,4,none,full_lut_shared,padded/thread_packet/x4/full_lut_shared,4096,0,1,10240,16384,4096,4,256,1,0,1,0.0077439998276531696,0.0077439998276531696,1015.0866786241531,1
2026-08-15T17:16:50Z,NVIDIA H200 NVL,smoke,uniform_0_1,gemv,e5m4,10,5,4,fp64,padded,thread_packet,4,16,1,1,4,none,full_lut_shared,padded/thread_packet/x4/full_lut_shared,256,32,32,10560,16896,4096,32,256,1,0,1,0.0057279998436570168,0.0057279998436570168,66.119256973266602,1
2026-08-15T17:16:50Z,NVIDIA H200 NVL,smoke,uniform_0_1,dot,e5m4,10,5,4,fp64,padded,thread_packet,8,16,1,1,8,none,full_lut_shared,padded/thread_packet/x8/full_lut_shared,4096,0,1,10240,16384,4096,2,256,1,0,1,0.0078400000929832458,0.0078400000929832458,1015.0866786241531,1
2026-08-15T17:16:50Z,NVIDIA H200 NVL,smoke,uniform_0_1,gemv,e5m4,10,5,4,fp64,padded,thread_packet,8,16,1,1,8,none,full_lut_shared,padded/thread_packet/x8/full_lut_shared,256,32,32,10560,16896,4096,32,256,1,0,1,0.0056320000439882278,0.0056320000439882278,66.119256973266602,1
2026-08-15T17:16:50Z,NVIDIA H200 NVL,smoke,uniform_0_1,dot,e5m4,10,5,4,fp64,dense,cooperative_shuffle,16,32,5,8,2,warp_shuffle,full_lut_shared,dense/cooperative_shuffle/x16/full_lut_shared,4096,0,1,10240,10240,4096,16,256,1,0,1,0.0081280004233121872,0.0081280004233121872,1015.0866786241531,1
2026-08-15T17:16:50Z,NVIDIA H200 NVL,smoke,uniform_0_1,gemv,e5m4,10,5,4,fp64,dense,cooperative_shuffle,16,32,5,8,2,warp_shuffle,full_lut_shared,dense/cooperative_shuffle/x16/full_lut_shared,256,32,32,10560,10560,4096,32,256,1,0,1,0.0059199999086558819,0.0059199999086558819,66.119256973266602,1
2026-08-15T17:16:50Z,NVIDIA H200 NVL,smoke,uniform_0_1,dot,e5m4,10,5,4,fp64,dense,scalar,1,32,1,1,1,none,prefix_lut_global,dense/scalar/x1/prefix_lut_global,4096,0,1,10240,10240,256,16,256,1,0,1,0.0073919999413192272,0.0073919999413192272,1015.0866786241531,1
2026-08-15T17:16:50Z,NVIDIA H200 NVL,smoke,uniform_0_1,gemv,e5m4,10,5,4,fp64,dense,scalar,1,32,1,1,1,none,prefix_lut_global,dense/scalar/x1/prefix_lut_global,256,32,32,10560,10560,256,32,256,1,0,1,0.0050559998489916325,0.0050559998489916325,66.119256973266602,1
2026-08-15T17:16:50Z,NVIDIA H200 NVL,smoke,uniform_0_1,dot,e5m4,10,5,4,fp64,padded,scalar,1,16,1,1,1,none,prefix_lut_global,padded/scalar/x1/prefix_lut_global,4096,0,1,10240,16384,256,16,256,1,0,1,0.0073279999196529388,0.0073279999196529388,1015.0866786241531,1
2026-08-15T17:16:50Z,NVIDIA H200 NVL,smoke,uniform_0_1,gemv,e5m4,10,5,4,fp64,padded,scalar,1,16,1,1,1,none,prefix_lut_global,padded/scalar/x1/prefix_lut_global,256,32,32,10560,16896,256,32,256,1,0,1,0.0050559998489916325,0.0050559998489916325,66.119256973266602,1
2026-08-15T17:16:50Z,NVIDIA H200 NVL,smoke,uniform_0_1,dot,e5m4,10,5,4,fp64,dense,thread_packet,2,32,1,1,2,none,prefix_lut_global,dense/thread_packet/x2/prefix_lut_global,4096,0,1,10240,10240,256,8,256,1,0,1,0.0076480000279843807,0.0076480000279843807,1015.0866786241531,1
2026-08-15T17:16:50Z,NVIDIA H200 NVL,smoke,uniform_0_1,gemv,e5m4,10,5,4,fp64,dense,thread_packet,2,32,1,1,2,none,prefix_lut_global,dense/thread_packet/x2/prefix_lut_global,256,32,32,10560,10560,256,32,256,1,0,1,0.0053440001793205738,0.0053440001793205738,66.119256973266602,1
2026-08-15T17:16:50Z,NVIDIA H200 NVL,smoke,uniform_0_1,dot,e5m4,10,5,4,fp64,dense,thread_packet,4,32,1,1,4,none,prefix_lut_global,dense/thread_packet/x4/prefix_lut_global,4096,0,1,10240,10240,256,4,256,1,0,1,0.0078400000929832458,0.0078400000929832458,1015.0866786241531,1
2026-08-15T17:16:50Z,NVIDIA H200 NVL,smoke,uniform_0_1,gemv,e5m4,10,5,4,fp64,dense,thread_packet,4,32,1,1,4,none,prefix_lut_global,dense/thread_packet/x4/prefix_lut_global,256,32,32,10560,10560,256,32,256,1,0,1,0.0055359997786581516,0.0055359997786581516,66.119256973266602,1
2026-08-15T17:16:50Z,NVIDIA H200 NVL,smoke,uniform_0_1,dot,e5m4,10,5,4,fp64,dense,thread_packet,8,32,1,1,8,none,prefix_lut_global,dense/thread_packet/x8/prefix_lut_global,4096,0,1,10240,10240,256,2,256,1,0,1,0.0087040001526474953,0.0087040001526474953,1015.0866786241531,1
2026-08-15T17:16:50Z,NVIDIA H200 NVL,smoke,uniform_0_1,gemv,e5m4,10,5,4,fp64,dense,thread_packet,8,32,1,1,8,none,prefix_lut_global,dense/thread_packet/x8/prefix_lut_global,256,32,32,10560,10560,256,32,256,1,0,1,0.0067199999466538429,0.0067199999466538429,66.119256973266602,1
2026-08-15T17:16:50Z,NVIDIA H200 NVL,smoke,uniform_0_1,dot,e5m4,10,5,4,fp64,padded,thread_packet,2,16,1,1,2,none,prefix_lut_global,padded/thread_packet/x2/prefix_lut_global,4096,0,1,10240,16384,256,8,256,1,0,1,0.0073600001633167267,0.0073600001633167267,1015.0866786241531,1
2026-08-15T17:16:50Z,NVIDIA H200 NVL,smoke,uniform_0_1,gemv,e5m4,10,5,4,fp64,padded,thread_packet,2,16,1,1,2,none,prefix_lut_global,padded/thread_packet/x2/prefix_lut_global,256,32,32,10560,16896,256,32,256,1,0,1,0.0050559998489916325,0.0050559998489916325,66.119256973266602,1
2026-08-15T17:16:50Z,NVIDIA H200 NVL,smoke,uniform_0_1,dot,e5m4,10,5,4,fp64,padded,thread_packet,4,16,1,1,4,none,prefix_lut_global,padded/thread_packet/x4/prefix_lut_global,4096,0,1,10240,16384,256,4,256,1,0,1,0.0076480000279843807,0.0076480000279843807,1015.0866786241531,1
2026-08-15T17:16:50Z,NVIDIA H200 NVL,smoke,uniform_0_1,gemv,e5m4,10,5,4,fp64,padded,thread_packet,4,16,1,1,4,none,prefix_lut_global,padded/thread_packet/x4/prefix_lut_global,256,32,32,10560,16896,256,32,256,1,0,1,0.0055359997786581516,0.0055359997786581516,66.119256973266602,1
2026-08-15T17:16:50Z,NVIDIA H200 NVL,smoke,uniform_0_1,dot,e5m4,10,5,4,fp64,padded,thread_packet,8,16,1,1,8,none,prefix_lut_global,padded/thread_packet/x8/prefix_lut_global,4096,0,1,10240,16384,256,2,256,1,0,1,0.0083520002663135529,0.0083520002663135529,1015.0866786241531,1
2026-08-15T17:16:50Z,NVIDIA H200 NVL,smoke,uniform_0_1,gemv,e5m4,10,5,4,fp64,padded,thread_packet,8,16,1,1,8,none,prefix_lut_global,padded/thread_packet/x8/prefix_lut_global,256,32,32,10560,16896,256,32,256,1,0,1,0.0063040000386536121,0.0063040000386536121,66.119256973266602,1
2026-08-15T17:16:50Z,NVIDIA H200 NVL,smoke,uniform_0_1,dot,e5m4,10,5,4,fp64,dense,cooperative_shuffle,16,32,5,8,2,warp_shuffle,prefix_lut_global,dense/cooperative_shuffle/x16/prefix_lut_global,4096,0,1,10240,10240,256,16,256,1,0,1,0.0076799998059868813,0.0076799998059868813,1015.0866786241531,1
2026-08-15T17:16:50Z,NVIDIA H200 NVL,smoke,uniform_0_1,gemv,e5m4,10,5,4,fp64,dense,cooperative_shuffle,16,32,5,8,2,warp_shuffle,prefix_lut_global,dense/cooperative_shuffle/x16/prefix_lut_global,256,32,32,10560,10560,256,32,256,1,0,1,0.0056960000656545162,0.0056960000656545162,66.119256973266602,1
2026-08-15T17:16:50Z,NVIDIA H200 NVL,smoke,uniform_0_1,dot,e5m4,10,5,4,fp64,dense,scalar,1,32,1,1,1,none,prefix_lut_shared,dense/scalar/x1/prefix_lut_shared,4096,0,1,10240,10240,256,16,256,1,0,1,0.0073279999196529388,0.0073279999196529388,1015.0866786241531,1
2026-08-15T17:16:50Z,NVIDIA H200 NVL,smoke,uniform_0_1,gemv,e5m4,10,5,4,fp64,dense,scalar,1,32,1,1,1,none,prefix_lut_shared,dense/scalar/x1/prefix_lut_shared,256,32,32,10560,10560,256,32,256,1,0,1,0.0050559998489916325,0.0050559998489916325,66.119256973266602,1
2026-08-15T17:16:50Z,NVIDIA H200 NVL,smoke,uniform_0_1,dot,e5m4,10,5,4,fp64,padded,scalar,1,16,1,1,1,none,prefix_lut_shared,padded/scalar/x1/prefix_lut_shared,4096,0,1,10240,16384,256,16,256,1,0,1,0.0074559999629855156,0.0074559999629855156,1015.0866786241531,1
2026-08-15T17:16:50Z,NVIDIA H200 NVL,smoke,uniform_0_1,gemv,e5m4,10,5,4,fp64,padded,scalar,1,16,1,1,1,none,prefix_lut_shared,padded/scalar/x1/prefix_lut_shared,256,32,32,10560,16896,256,32,256,1,0,1,0.0050240000709891319,0.0050240000709891319,66.119256973266602,1
2026-08-15T17:16:50Z,NVIDIA H200 NVL,smoke,uniform_0_1,dot,e5m4,10,5,4,fp64,dense,thread_packet,2,32,1,1,2,none,prefix_lut_shared,dense/thread_packet/x2/prefix_lut_shared,4096,0,1,10240,10240,256,8,256,1,0,1,0.0075520002283155918,0.0075520002283155918,1015.0866786241531,1
2026-08-15T17:16:50Z,NVIDIA H200 NVL,smoke,uniform_0_1,gemv,e5m4,10,5,4,fp64,dense,thread_packet,2,32,1,1,2,none,prefix_lut_shared,dense/thread_packet/x2/prefix_lut_shared,256,32,32,10560,10560,256,32,256,1,0,1,0.0052800001576542854,0.0052800001576542854,66.119256973266602,1
2026-08-15T17:16:50Z,NVIDIA H200 NVL,smoke,uniform_0_1,dot,e5m4,10,5,4,fp64,dense,thread_packet,4,32,1,1,4,none,prefix_lut_shared,dense/thread_packet/x4/prefix_lut_shared,4096,0,1,10240,10240,256,4,256,1,0,1,0.0079680001363158226,0.0079680001363158226,1015.0866786241531,1
2026-08-15T17:16:50Z,NVIDIA H200 NVL,smoke,uniform_0_1,gemv,e5m4,10,5,4,fp64,dense,thread_packet,4,32,1,1,4,none,prefix_lut_shared,dense/thread_packet/x4/prefix_lut_shared,256,32,32,10560,10560,256,32,256,1,0,1,0.0055040000006556511,0.0055040000006556511,66.119256973266602,1
2026-08-15T17:16:50Z,NVIDIA H200 NVL,smoke,uniform_0_1,dot,e5m4,10,5,4,fp64,dense,thread_packet,8,32,1,1,8,none,prefix_lut_shared,dense/thread_packet/x8/prefix_lut_shared,4096,0,1,10240,10240,256,2,256,1,0,1,0.008832000195980072,0.008832000195980072,1015.0866786241531,1
2026-08-15T17:16:50Z,NVIDIA H200 NVL,smoke,uniform_0_1,gemv,e5m4,10,5,4,fp64,dense,thread_packet,8,32,1,1,8,none,prefix_lut_shared,dense/thread_packet/x8/prefix_lut_shared,256,32,32,10560,10560,256,32,256,1,0,1,0.006399999838322401,0.006399999838322401,66.119256973266602,1
2026-08-15T17:16:50Z,NVIDIA H200 NVL,smoke,uniform_0_1,dot,e5m4,10,5,4,fp64,padded,thread_packet,2,16,1,1,2,none,prefix_lut_shared,padded/thread_packet/x2/prefix_lut_shared,4096,0,1,10240,16384,256,8,256,1,0,1,0.0075840000063180923,0.0075840000063180923,1015.0866786241531,1
2026-08-15T17:16:50Z,NVIDIA H200 NVL,smoke,uniform_0_1,gemv,e5m4,10,5,4,fp64,padded,thread_packet,2,16,1,1,2,none,prefix_lut_shared,padded/thread_packet/x2/prefix_lut_shared,256,32,32,10560,16896,256,32,256,1,0,1,0.005311999935656786,0.005311999935656786,66.119256973266602,1
2026-08-15T17:16:50Z,NVIDIA H200 NVL,smoke,uniform_0_1,dot,e5m4,10,5,4,fp64,padded,thread_packet,4,16,1,1,4,none,prefix_lut_shared,padded/thread_packet/x4/prefix_lut_shared,4096,0,1,10240,16384,256,4,256,1,0,1,0.0080319996923208237,0.0080319996923208237,1015.0866786241531,1
2026-08-15T17:16:50Z,NVIDIA H200 NVL,smoke,uniform_0_1,gemv,e5m4,10,5,4,fp64,padded,thread_packet,4,16,1,1,4,none,prefix_lut_shared,padded/thread_packet/x4/prefix_lut_shared,256,32,32,10560,16896,256,32,256,1,0,1,0.0055359997786581516,0.0055359997786581516,66.119256973266602,1
2026-08-15T17:16:50Z,NVIDIA H200 NVL,smoke,uniform_0_1,dot,e5m4,10,5,4,fp64,padded,thread_packet,8,16,1,1,8,none,prefix_lut_shared,padded/thread_packet/x8/prefix_lut_shared,4096,0,1,10240,16384,256,2,256,1,0,1,0.0085760001093149185,0.0085760001093149185,1015.0866786241531,1
2026-08-15T17:16:50Z,NVIDIA H200 NVL,smoke,uniform_0_1,gemv,e5m4,10,5,4,fp64,padded,thread_packet,8,16,1,1,8,none,prefix_lut_shared,padded/thread_packet/x8/prefix_lut_shared,256,32,32,10560,16896,256,32,256,1,0,1,0.0062400000169873238,0.0062400000169873238,66.119256973266602,1
2026-08-15T17:16:50Z,NVIDIA H200 NVL,smoke,uniform_0_1,dot,e5m4,10,5,4,fp64,dense,cooperative_shuffle,16,32,5,8,2,warp_shuffle,prefix_lut_shared,dense/cooperative_shuffle/x16/prefix_lut_shared,4096,0,1,10240,10240,256,16,256,1,0,1,0.0079359998926520348,0.0079359998926520348,1015.0866786241531,1
2026-08-15T17:16:50Z,NVIDIA H200 NVL,smoke,uniform_0_1,gemv,e5m4,10,5,4,fp64,dense,cooperative_shuffle,16,32,5,8,2,warp_shuffle,prefix_lut_shared,dense/cooperative_shuffle/x16/prefix_lut_shared,256,32,32,10560,10560,256,32,256,1,0,1,0.0056320000439882278,0.0056320000439882278,66.119256973266602,1
2026-08-15T17:16:50Z,NVIDIA H200 NVL,smoke,uniform_0_1,dot,e5m4,10,5,4,fp64,dense,scalar,1,32,1,1,1,none,subnormal_lut_global,dense/scalar/x1/subnormal_lut_global,4096,0,1,10240,10240,64,16,256,1,0,1,0.007519999984651804,0.007519999984651804,1015.0866786241531,1
2026-08-15T17:16:50Z,NVIDIA H200 NVL,smoke,uniform_0_1,gemv,e5m4,10,5,4,fp64,dense,scalar,1,32,1,1,1,none,subnormal_lut_global,dense/scalar/x1/subnormal_lut_global,256,32,32,10560,10560,64,32,256,1,0,1,0.0048320000059902668,0.0048320000059902668,66.119256973266602,1
2026-08-15T17:16:50Z,NVIDIA H200 NVL,smoke,uniform_0_1,dot,e5m4,10,5,4,fp64,padded,scalar,1,16,1,1,1,none,subnormal_lut_global,padded/scalar/x1/subnormal_lut_global,4096,0,1,10240,16384,64,16,256,1,0,1,0.0072639998979866505,0.0072639998979866505,1015.0866786241531,1
2026-08-15T17:16:50Z,NVIDIA H200 NVL,smoke,uniform_0_1,gemv,e5m4,10,5,4,fp64,padded,scalar,1,16,1,1,1,none,subnormal_lut_global,padded/scalar/x1/subnormal_lut_global,256,32,32,10560,16896,64,32,256,1,0,1,0.0047679999843239784,0.0047679999843239784,66.119256973266602,1
2026-08-15T17:16:50Z,NVIDIA H200 NVL,smoke,uniform_0_1,dot,e5m4,10,5,4,fp64,dense,thread_packet,2,32,1,1,2,none,subnormal_lut_global,dense/thread_packet/x2/subnormal_lut_global,4096,0,1,10240,10240,64,8,256,1,0,1,0.0073600001633167267,0.0073600001633167267,1015.0866786241531,1
2026-08-15T17:16:50Z,NVIDIA H200 NVL,smoke,uniform_0_1,gemv,e5m4,10,5,4,fp64,dense,thread_packet,2,32,1,1,2,none,subnormal_lut_global,dense/thread_packet/x2/subnormal_lut_global,256,32,32,10560,10560,64,32,256,1,0,1,0.0048960000276565552,0.0048960000276565552,66.119256973266602,1
2026-08-15T17:16:50Z,NVIDIA H200 NVL,smoke,uniform_0_1,dot,e5m4,10,5,4,fp64,dense,thread_packet,4,32,1,1,4,none,subnormal_lut_global,dense/thread_packet/x4/subnormal_lut_global,4096,0,1,10240,10240,64,4,256,1,0,1,0.0079680001363158226,0.0079680001363158226,1015.0866786241531,1
2026-08-15T17:16:50Z,NVIDIA H200 NVL,smoke,uniform_0_1,gemv,e5m4,10,5,4,fp64,dense,thread_packet,4,32,1,1,4,none,subnormal_lut_global,dense/thread_packet/x4/subnormal_lut_global,256,32,32,10560,10560,64,32,256,1,0,1,0.005311999935656786,0.005311999935656786,66.119256973266602,1
2026-08-15T17:16:50Z,NVIDIA H200 NVL,smoke,uniform_0_1,dot,e5m4,10,5,4,fp64,dense,thread_packet,8,32,1,1,8,none,subnormal_lut_global,dense/thread_packet/x8/subnormal_lut_global,4096,0,1,10240,10240,64,2,256,1,0,1,0.0084480000659823418,0.0084480000659823418,1015.0866786241531,1
2026-08-15T17:16:50Z,NVIDIA H200 NVL,smoke,uniform_0_1,gemv,e5m4,10,5,4,fp64,dense,thread_packet,8,32,1,1,8,none,subnormal_lut_global,dense/thread_packet/x8/subnormal_lut_global,256,32,32,10560,10560,64,32,256,1,0,1,0.0060160001739859581,0.0060160001739859581,66.119256973266602,1
2026-08-15T17:16:50Z,NVIDIA H200 NVL,smoke,uniform_0_1,dot,e5m4,10,5,4,fp64,padded,thread_packet,2,16,1,1,2,none,subnormal_lut_global,padded/thread_packet/x2/subnormal_lut_global,4096,0,1,10240,16384,64,8,256,1,0,1,0.0072320001199841499,0.0072320001199841499,1015.0866786241531,1
2026-08-15T17:16:50Z,NVIDIA H200 NVL,smoke,uniform_0_1,gemv,e5m4,10,5,4,fp64,padded,thread_packet,2,16,1,1,2,none,subnormal_lut_global,padded/thread_packet/x2/subnormal_lut_global,256,32,32,10560,16896,64,32,256,1,0,1,0.0050880000926554203,0.0050880000926554203,66.119256973266602,1
2026-08-15T17:16:50Z,NVIDIA H200 NVL,smoke,uniform_0_1,dot,e5m4,10,5,4,fp64,padded,thread_packet,4,16,1,1,4,none,subnormal_lut_global,padded/thread_packet/x4/subnormal_lut_global,4096,0,1,10240,16384,64,4,256,1,0,1,0.007519999984651804,0.007519999984651804,1015.0866786241531,1
2026-08-15T17:16:50Z,NVIDIA H200 NVL,smoke,uniform_0_1,gemv,e5m4,10,5,4,fp64,padded,thread_packet,4,16,1,1,4,none,subnormal_lut_global,padded/thread_packet/x4/subnormal_lut_global,256,32,32,10560,16896,64,32,256,1,0,1,0.005311999935656786,0.005311999935656786,66.119256973266602,1
2026-08-15T17:16:50Z,NVIDIA H200 NVL,smoke,uniform_0_1,dot,e5m4,10,5,4,fp64,padded,thread_packet,8,16,1,1,8,none,subnormal_lut_global,padded/thread_packet/x8/subnormal_lut_global,4096,0,1,10240,16384,64,2,256,1,0,1,0.0082240002229809761,0.0082240002229809761,1015.0866786241531,1
2026-08-15T17:16:50Z,NVIDIA H200 NVL,smoke,uniform_0_1,gemv,e5m4,10,5,4,fp64,padded,thread_packet,8,16,1,1,8,none,subnormal_lut_global,padded/thread_packet/x8/subnormal_lut_global,256,32,32,10560,16896,64,32,256,1,0,1,0.005824000108987093,0.005824000108987093,66.119256973266602,1
2026-08-15T17:16:50Z,NVIDIA H200 NVL,smoke,uniform_0_1,dot,e5m4,10,5,4,fp64,dense,cooperative_shuffle,16,32,5,8,2,warp_shuffle,subnormal_lut_global,dense/cooperative_shuffle/x16/subnormal_lut_global,4096,0,1,10240,10240,64,16,256,1,0,1,0.0076480000279843807,0.0076480000279843807,1015.0866786241531,1
2026-08-15T17:16:50Z,NVIDIA H200 NVL,smoke,uniform_0_1,gemv,e5m4,10,5,4,fp64,dense,cooperative_shuffle,16,32,5,8,2,warp_shuffle,subnormal_lut_global,dense/cooperative_shuffle/x16/subnormal_lut_global,256,32,32,10560,10560,64,32,256,1,0,1,0.0051199998706579208,0.0051199998706579208,66.119256973266602,1
2026-08-15T17:16:50Z,NVIDIA H200 NVL,smoke,uniform_0_1,dot,e5m4,10,5,4,fp64,dense,scalar,1,32,1,1,1,none,subnormal_lut_shared,dense/scalar/x1/subnormal_lut_shared,4096,0,1,10240,10240,64,16,256,1,0,1,0.0076480000279843807,0.0076480000279843807,1015.0866786241531,1
2026-08-15T17:16:50Z,NVIDIA H200 NVL,smoke,uniform_0_1,gemv,e5m4,10,5,4,fp64,dense,scalar,1,32,1,1,1,none,subnormal_lut_shared,dense/scalar/x1/subnormal_lut_shared,256,32,32,10560,10560,64,32,256,1,0,1,0.0051199998706579208,0.0051199998706579208,66.119256973266602,1
2026-08-15T17:16:50Z,NVIDIA H200 NVL,smoke,uniform_0_1,dot,e5m4,10,5,4,fp64,padded,scalar,1,16,1,1,1,none,subnormal_lut_shared,padded/scalar/x1/subnormal_lut_shared,4096,0,1,10240,16384,64,16,256,1,0,1,0.0073279999196529388,0.0073279999196529388,1015.0866786241531,1
2026-08-15T17:16:50Z,NVIDIA H200 NVL,smoke,uniform_0_1,gemv,e5m4,10,5,4,fp64,padded,scalar,1,16,1,1,1,none,subnormal_lut_shared,padded/scalar/x1/subnormal_lut_shared,256,32,32,10560,16896,64,32,256,1,0,1,0.0050559998489916325,0.0050559998489916325,66.119256973266602,1
2026-08-15T17:16:50Z,NVIDIA H200 NVL,smoke,uniform_0_1,dot,e5m4,10,5,4,fp64,dense,thread_packet,2,32,1,1,2,none,subnormal_lut_shared,dense/thread_packet/x2/subnormal_lut_shared,4096,0,1,10240,10240,64,8,256,1,0,1,0.007519999984651804,0.007519999984651804,1015.0866786241531,1
2026-08-15T17:16:50Z,NVIDIA H200 NVL,smoke,uniform_0_1,gemv,e5m4,10,5,4,fp64,dense,thread_packet,2,32,1,1,2,none,subnormal_lut_shared,dense/thread_packet/x2/subnormal_lut_shared,256,32,32,10560,10560,64,32,256,1,0,1,0.0050240000709891319,0.0050240000709891319,66.119256973266602,1
2026-08-15T17:16:50Z,NVIDIA H200 NVL,smoke,uniform_0_1,dot,e5m4,10,5,4,fp64,dense,thread_packet,4,32,1,1,4,none,subnormal_lut_shared,dense/thread_packet/x4/subnormal_lut_shared,4096,0,1,10240,10240,64,4,256,1,0,1,0.0079359998926520348,0.0079359998926520348,1015.0866786241531,1
2026-08-15T17:16:50Z,NVIDIA H200 NVL,smoke,uniform_0_1,gemv,e5m4,10,5,4,fp64,dense,thread_packet,4,32,1,1,4,none,subnormal_lut_shared,dense/thread_packet/x4/subnormal_lut_shared,256,32,32,10560,10560,64,32,256,1,0,1,0.00559999980032444,0.00559999980032444,66.119256973266602,1
2026-08-15T17:16:50Z,NVIDIA H200 NVL,smoke,uniform_0_1,dot,e5m4,10,5,4,fp64,dense,thread_packet,8,32,1,1,8,none,subnormal_lut_shared,dense/thread_packet/x8/subnormal_lut_shared,4096,0,1,10240,10240,64,2,256,1,0,1,0.0087999999523162842,0.0087999999523162842,1015.0866786241531,1
2026-08-15T17:16:50Z,NVIDIA H200 NVL,smoke,uniform_0_1,gemv,e5m4,10,5,4,fp64,dense,thread_packet,8,32,1,1,8,none,subnormal_lut_shared,dense/thread_packet/x8/subnormal_lut_shared,256,32,32,10560,10560,64,32,256,1,0,1,0.0063680000603199005,0.0063680000603199005,66.119256973266602,1
2026-08-15T17:16:50Z,NVIDIA H200 NVL,smoke,uniform_0_1,dot,e5m4,10,5,4,fp64,padded,thread_packet,2,16,1,1,2,none,subnormal_lut_shared,padded/thread_packet/x2/subnormal_lut_shared,4096,0,1,10240,16384,64,8,256,1,0,1,0.0073279999196529388,0.0073279999196529388,1015.0866786241531,1
2026-08-15T17:16:50Z,NVIDIA H200 NVL,smoke,uniform_0_1,gemv,e5m4,10,5,4,fp64,padded,thread_packet,2,16,1,1,2,none,subnormal_lut_shared,padded/thread_packet/x2/subnormal_lut_shared,256,32,32,10560,16896,64,32,256,1,0,1,0.0050559998489916325,0.0050559998489916325,66.119256973266602,1
2026-08-15T17:16:50Z,NVIDIA H200 NVL,smoke,uniform_0_1,dot,e5m4,10,5,4,fp64,padded,thread_packet,4,16,1,1,4,none,subnormal_lut_shared,padded/thread_packet/x4/subnormal_lut_shared,4096,0,1,10240,16384,64,4,256,1,0,1,0.0077439998276531696,0.0077439998276531696,1015.0866786241531,1
2026-08-15T17:16:50Z,NVIDIA H200 NVL,smoke,uniform_0_1,gemv,e5m4,10,5,4,fp64,padded,thread_packet,4,16,1,1,4,none,subnormal_lut_shared,padded/thread_packet/x4/subnormal_lut_shared,256,32,32,10560,16896,64,32,256,1,0,1,0.0053759999573230743,0.0053759999573230743,66.119256973266602,1
2026-08-15T17:16:50Z,NVIDIA H200 NVL,smoke,uniform_0_1,dot,e5m4,10,5,4,fp64,padded,thread_packet,8,16,1,1,8,none,subnormal_lut_shared,padded/thread_packet/x8/subnormal_lut_shared,4096,0,1,10240,16384,64,2,256,1,0,1,0.0085439998656511307,0.0085439998656511307,1015.0866786241531,1
2026-08-15T17:16:50Z,NVIDIA H200 NVL,smoke,uniform_0_1,gemv,e5m4,10,5,4,fp64,padded,thread_packet,8,16,1,1,8,none,subnormal_lut_shared,padded/thread_packet/x8/subnormal_lut_shared,256,32,32,10560,16896,64,32,256,1,0,1,0.0060479999519884586,0.0060479999519884586,66.119256973266602,1
2026-08-15T17:16:50Z,NVIDIA H200 NVL,smoke,uniform_0_1,dot,e5m4,10,5,4,fp64,dense,cooperative_shuffle,16,32,5,8,2,warp_shuffle,subnormal_lut_shared,dense/cooperative_shuffle/x16/subnormal_lut_shared,4096,0,1,10240,10240,64,16,256,1,0,1,0.0079359998926520348,0.0079359998926520348,1015.0866786241531,1
2026-08-15T17:16:50Z,NVIDIA H200 NVL,smoke,uniform_0_1,gemv,e5m4,10,5,4,fp64,dense,cooperative_shuffle,16,32,5,8,2,warp_shuffle,subnormal_lut_shared,dense/cooperative_shuffle/x16/subnormal_lut_shared,256,32,32,10560,10560,64,32,256,1,0,1,0.0055359997786581516,0.0055359997786581516,66.119256973266602,1
2026-08-15T17:16:50Z,NVIDIA H200 NVL,smoke,uniform_0_1,dot,e8m1,10,8,1,fp64,dense,scalar,1,32,1,1,1,none,generic,dense/scalar/x1/generic,4096,0,1,10240,10240,0,16,256,1,0,1,0.0073919999413192272,0.0073919999413192272,1012.5727157592773,1
2026-08-15T17:16:50Z,NVIDIA H200 NVL,smoke,uniform_0_1,gemv,e8m1,10,8,1,fp64,dense,scalar,1,32,1,1,1,none,generic,dense/scalar/x1/generic,256,32,32,10560,10560,0,32,256,1,0,1,0.0049279998056590557,0.0049279998056590557,65.9620361328125,1
2026-08-15T17:16:50Z,NVIDIA H200 NVL,smoke,uniform_0_1,dot,e8m1,10,8,1,fp64,padded,scalar,1,16,1,1,1,none,generic,padded/scalar/x1/generic,4096,0,1,10240,16384,0,16,256,1,0,1,0.0074240001849830151,0.0074240001849830151,1012.5727157592773,1
2026-08-15T17:16:50Z,NVIDIA H200 NVL,smoke,uniform_0_1,gemv,e8m1,10,8,1,fp64,padded,scalar,1,16,1,1,1,none,generic,padded/scalar/x1/generic,256,32,32,10560,16896,0,32,256,1,0,1,0.0047679999843239784,0.0047679999843239784,65.9620361328125,1
2026-08-15T17:16:50Z,NVIDIA H200 NVL,smoke,uniform_0_1,dot,e8m1,10,8,1,fp64,dense,scalar,1,32,1,1,1,none,direct_branchy,dense/scalar/x1/direct_branchy,4096,0,1,10240,10240,0,16,256,1,0,1,0.0078720003366470337,0.0078720003366470337,1012.5727157592773,1
2026-08-15T17:16:50Z,NVIDIA H200 NVL,smoke,uniform_0_1,gemv,e8m1,10,8,1,fp64,dense,scalar,1,32,1,1,1,none,direct_branchy,dense/scalar/x1/direct_branchy,256,32,32,10560,10560,0,32,256,1,0,1,0.0049279998056590557,0.0049279998056590557,65.9620361328125,1
2026-08-15T17:16:50Z,NVIDIA H200 NVL,smoke,uniform_0_1,dot,e8m1,10,8,1,fp64,padded,scalar,1,16,1,1,1,none,direct_branchy,padded/scalar/x1/direct_branchy,4096,0,1,10240,16384,0,16,256,1,0,1,0.0071040000766515732,0.0071040000766515732,1012.5727157592773,1
2026-08-15T17:16:50Z,NVIDIA H200 NVL,smoke,uniform_0_1,gemv,e8m1,10,8,1,fp64,padded,scalar,1,16,1,1,1,none,direct_branchy,padded/scalar/x1/direct_branchy,256,32,32,10560,16896,0,32,256,1,0,1,0.0046080001629889011,0.0046080001629889011,65.9620361328125,1
2026-08-15T17:16:50Z,NVIDIA H200 NVL,smoke,uniform_0_1,dot,e8m1,10,8,1,fp64,dense,thread_packet,2,32,1,1,2,none,direct_branchy,dense/thread_packet/x2/direct_branchy,4096,0,1,10240,10240,0,8,256,1,0,1,0.0070400000549852848,0.0070400000549852848,1012.5727157592773,1
2026-08-15T17:16:50Z,NVIDIA H200 NVL,smoke,uniform_0_1,gemv,e8m1,10,8,1,fp64,dense,thread_packet,2,32,1,1,2,none,direct_branchy,dense/thread_packet/x2/direct_branchy,256,32,32,10560,10560,0,32,256,1,0,1,0.0048639997839927673,0.0048639997839927673,65.9620361328125,1
2026-08-15T17:16:50Z,NVIDIA H200 NVL,smoke,uniform_0_1,dot,e8m1,10,8,1,fp64,dense,thread_packet,4,32,1,1,4,none,direct_branchy,dense/thread_packet/x4/direct_branchy,4096,0,1,10240,10240,0,4,256,1,0,1,0.0076159997843205929,0.0076159997843205929,1012.5727157592773,1
2026-08-15T17:16:50Z,NVIDIA H200 NVL,smoke,uniform_0_1,gemv,e8m1,10,8,1,fp64,dense,thread_packet,4,32,1,1,4,none,direct_branchy,dense/thread_packet/x4/direct_branchy,256,32,32,10560,10560,0,32,256,1,0,1,0.005311999935656786,0.005311999935656786,65.9620361328125,1
2026-08-15T17:16:50Z,NVIDIA H200 NVL,smoke,uniform_0_1,dot,e8m1,10,8,1,fp64,dense,thread_packet,8,32,1,1,8,none,direct_branchy,dense/thread_packet/x8/direct_branchy,4096,0,1,10240,10240,0,2,256,1,0,1,0.0081919999793171883,0.0081919999793171883,1012.5727157592773,1
2026-08-15T17:16:50Z,NVIDIA H200 NVL,smoke,uniform_0_1,gemv,e8m1,10,8,1,fp64,dense,thread_packet,8,32,1,1,8,none,direct_branchy,dense/thread_packet/x8/direct_branchy,256,32,32,10560,10560,0,32,256,1,0,1,0.0059839999303221703,0.0059839999303221703,65.9620361328125,1
2026-08-15T17:16:50Z,NVIDIA H200 NVL,smoke,uniform_0_1,dot,e8m1,10,8,1,fp64,padded,thread_packet,2,16,1,1,2,none,direct_branchy,padded/thread_packet/x2/direct_branchy,4096,0,1,10240,16384,0,8,256,1,0,1,0.0070719998329877853,0.0070719998329877853,1012.5727157592773,1
2026-08-15T17:16:50Z,NVIDIA H200 NVL,smoke,uniform_0_1,gemv,e8m1,10,8,1,fp64,padded,thread_packet,2,16,1,1,2,none,direct_branchy,padded/thread_packet/x2/direct_branchy,256,32,32,10560,16896,0,32,256,1,0,1,0.0049279998056590557,0.0049279998056590557,65.9620361328125,1
2026-08-15T17:16:50Z,NVIDIA H200 NVL,smoke,uniform_0_1,dot,e8m1,10,8,1,fp64,padded,thread_packet,4,16,1,1,4,none,direct_branchy,padded/thread_packet/x4/direct_branchy,4096,0,1,10240,16384,0,4,256,1,0,1,0.0075520002283155918,0.0075520002283155918,1012.5727157592773,1
2026-08-15T17:16:50Z,NVIDIA H200 NVL,smoke,uniform_0_1,gemv,e8m1,10,8,1,fp64,padded,thread_packet,4,16,1,1,4,none,direct_branchy,padded/thread_packet/x4/direct_branchy,256,32,32,10560,16896,0,32,256,1,0,1,0.0050559998489916325,0.0050559998489916325,65.9620361328125,1
2026-08-15T17:16:50Z,NVIDIA H200 NVL,smoke,uniform_0_1,dot,e8m1,10,8,1,fp64,padded,thread_packet,8,16,1,1,8,none,direct_branchy,padded/thread_packet/x8/direct_branchy,4096,0,1,10240,16384,0,2,256,1,0,1,0.0081599997356534004,0.0081599997356534004,1012.5727157592773,1
2026-08-15T17:16:50Z,NVIDIA H200 NVL,smoke,uniform_0_1,gemv,e8m1,10,8,1,fp64,padded,thread_packet,8,16,1,1,8,none,direct_branchy,padded/thread_packet/x8/direct_branchy,256,32,32,10560,16896,0,32,256,1,0,1,0.0056639998219907284,0.0056639998219907284,65.9620361328125,1
2026-08-15T17:16:50Z,NVIDIA H200 NVL,smoke,uniform_0_1,dot,e8m1,10,8,1,fp64,dense,cooperative_shuffle,16,32,5,8,2,warp_shuffle,direct_branchy,dense/cooperative_shuffle/x16/direct_branchy,4096,0,1,10240,10240,0,16,256,1,0,1,0.0079680001363158226,0.0079680001363158226,1012.5727157592773,1
2026-08-15T17:16:50Z,NVIDIA H200 NVL,smoke,uniform_0_1,gemv,e8m1,10,8,1,fp64,dense,cooperative_shuffle,16,32,5,8,2,warp_shuffle,direct_branchy,dense/cooperative_shuffle/x16/direct_branchy,256,32,32,10560,10560,0,32,256,1,0,1,0.0050880000926554203,0.0050880000926554203,65.9620361328125,1
2026-08-15T17:16:50Z,NVIDIA H200 NVL,smoke,uniform_0_1,dot,e8m1,10,8,1,fp64,dense,scalar,1,32,1,1,1,none,direct_masked,dense/scalar/x1/direct_masked,4096,0,1,10240,10240,0,16,256,1,0,1,0.0072639998979866505,0.0072639998979866505,1012.5727157592773,1
2026-08-15T17:16:50Z,NVIDIA H200 NVL,smoke,uniform_0_1,gemv,e8m1,10,8,1,fp64,dense,scalar,1,32,1,1,1,none,direct_masked,dense/scalar/x1/direct_masked,256,32,32,10560,10560,0,32,256,1,0,1,0.0048000002279877663,0.0048000002279877663,65.9620361328125,1
2026-08-15T17:16:50Z,NVIDIA H200 NVL,smoke,uniform_0_1,dot,e8m1,10,8,1,fp64,padded,scalar,1,16,1,1,1,none,direct_masked,padded/scalar/x1/direct_masked,4096,0,1,10240,16384,0,16,256,1,0,1,0.0071359998546540737,0.0071359998546540737,1012.5727157592773,1
2026-08-15T17:16:50Z,NVIDIA H200 NVL,smoke,uniform_0_1,gemv,e8m1,10,8,1,fp64,padded,scalar,1,16,1,1,1,none,direct_masked,padded/scalar/x1/direct_masked,256,32,32,10560,16896,0,32,256,1,0,1,0.0048000002279877663,0.0048000002279877663,65.9620361328125,1
2026-08-15T17:16:50Z,NVIDIA H200 NVL,smoke,uniform_0_1,dot,e8m1,10,8,1,fp64,dense,thread_packet,2,32,1,1,2,none,direct_masked,dense/thread_packet/x2/direct_masked,4096,0,1,10240,10240,0,8,256,1,0,1,0.0072320001199841499,0.0072320001199841499,1012.5727157592773,1
2026-08-15T17:16:50Z,NVIDIA H200 NVL,smoke,uniform_0_1,gemv,e8m1,10,8,1,fp64,dense,thread_packet,2,32,1,1,2,none,direct_masked,dense/thread_packet/x2/direct_masked,256,32,32,10560,10560,0,32,256,1,0,1,0.0049279998056590557,0.0049279998056590557,65.9620361328125,1
2026-08-15T17:16:50Z,NVIDIA H200 NVL,smoke,uniform_0_1,dot,e8m1,10,8,1,fp64,dense,thread_packet,4,32,1,1,4,none,direct_masked,dense/thread_packet/x4/direct_masked,4096,0,1,10240,10240,0,4,256,1,0,1,0.007519999984651804,0.007519999984651804,1012.5727157592773,1
2026-08-15T17:16:50Z,NVIDIA H200 NVL,smoke,uniform_0_1,gemv,e8m1,10,8,1,fp64,dense,thread_packet,4,32,1,1,4,none,direct_masked,dense/thread_packet/x4/direct_masked,256,32,32,10560,10560,0,32,256,1,0,1,0.0051839998923242092,0.0051839998923242092,65.9620361328125,1
2026-08-15T17:16:50Z,NVIDIA H200 NVL,smoke,uniform_0_1,dot,e8m1,10,8,1,fp64,dense,thread_packet,8,32,1,1,8,none,direct_masked,dense/thread_packet/x8/direct_masked,4096,0,1,10240,10240,0,2,256,1,0,1,0.0081280004233121872,0.0081280004233121872,1012.5727157592773,1
2026-08-15T17:16:50Z,NVIDIA H200 NVL,smoke,uniform_0_1,gemv,e8m1,10,8,1,fp64,dense,thread_packet,8,32,1,1,8,none,direct_masked,dense/thread_packet/x8/direct_masked,256,32,32,10560,10560,0,32,256,1,0,1,0.00559999980032444,0.00559999980032444,65.9620361328125,1
2026-08-15T17:16:50Z,NVIDIA H200 NVL,smoke,uniform_0_1,dot,e8m1,10,8,1,fp64,padded,thread_packet,2,16,1,1,2,none,direct_masked,padded/thread_packet/x2/direct_masked,4096,0,1,10240,16384,0,8,256,1,0,1,0.0074880002066493034,0.0074880002066493034,1012.5727157592773,1
2026-08-15T17:16:50Z,NVIDIA H200 NVL,smoke,uniform_0_1,gemv,e8m1,10,8,1,fp64,padded,thread_packet,2,16,1,1,2,none,direct_masked,padded/thread_packet/x2/direct_masked,256,32,32,10560,16896,0,32,256,1,0,1,0.0048639997839927673,0.0048639997839927673,65.9620361328125,1
2026-08-15T17:16:50Z,NVIDIA H200 NVL,smoke,uniform_0_1,dot,e8m1,10,8,1,fp64,padded,thread_packet,4,16,1,1,4,none,direct_masked,padded/thread_packet/x4/direct_masked,4096,0,1,10240,16384,0,4,256,1,0,1,0.0075840000063180923,0.0075840000063180923,1012.5727157592773,1
2026-08-15T17:16:50Z,NVIDIA H200 NVL,smoke,uniform_0_1,gemv,e8m1,10,8,1,fp64,padded,thread_packet,4,16,1,1,4,none,direct_masked,padded/thread_packet/x4/direct_masked,256,32,32,10560,16896,0,32,256,1,0,1,0.0048000002279877663,0.0048000002279877663,65.9620361328125,1
2026-08-15T17:16:50Z,NVIDIA H200 NVL,smoke,uniform_0_1,dot,e8m1,10,8,1,fp64,padded,thread_packet,8,16,1,1,8,none,direct_masked,padded/thread_packet/x8/direct_masked,4096,0,1,10240,16384,0,2,256,1,0,1,0.0078720003366470337,0.0078720003366470337,1012.5727157592773,1
2026-08-15T17:16:50Z,NVIDIA H200 NVL,smoke,uniform_0_1,gemv,e8m1,10,8,1,fp64,padded,thread_packet,8,16,1,1,8,none,direct_masked,padded/thread_packet/x8/direct_masked,256,32,32,10560,16896,0,32,256,1,0,1,0.0051199998706579208,0.0051199998706579208,65.9620361328125,1
2026-08-15T17:16:50Z,NVIDIA H200 NVL,smoke,uniform_0_1,dot,e8m1,10,8,1,fp64,dense,cooperative_shuffle,16,32,5,8,2,warp_shuffle,direct_masked,dense/cooperative_shuffle/x16/direct_masked,4096,0,1,10240,10240,0,16,256,1,0,1,0.0076799998059868813,0.0076799998059868813,1012.5727157592773,1
2026-08-15T17:16:50Z,NVIDIA H200 NVL,smoke,uniform_0_1,gemv,e8m1,10,8,1,fp64,dense,cooperative_shuffle,16,32,5,8,2,warp_shuffle,direct_masked,dense/cooperative_shuffle/x16/direct_masked,256,32,32,10560,10560,0,32,256,1,0,1,0.0050559998489916325,0.0050559998489916325,65.9620361328125,1
2026-08-15T17:16:50Z,NVIDIA H200 NVL,smoke,uniform_0_1,dot,e8m1,10,8,1,fp64,dense,scalar,1,32,1,1,1,none,full_lut_global,dense/scalar/x1/full_lut_global,4096,0,1,10240,10240,4096,16,256,1,0,1,0.0072960001416504383,0.0072960001416504383,1012.5727157592773,1
2026-08-15T17:16:50Z,NVIDIA H200 NVL,smoke,uniform_0_1,gemv,e8m1,10,8,1,fp64,dense,scalar,1,32,1,1,1,none,full_lut_global,dense/scalar/x1/full_lut_global,256,32,32,10560,10560,4096,32,256,1,0,1,0.0050880000926554203,0.0050880000926554203,65.9620361328125,1
2026-08-15T17:16:50Z,NVIDIA H200 NVL,smoke,uniform_0_1,dot,e8m1,10,8,1,fp64,padded,scalar,1,16,1,1,1,none,full_lut_global,padded/scalar/x1/full_lut_global,4096,0,1,10240,16384,4096,16,256,1,0,1,0.0072639998979866505,0.0072639998979866505,1012.5727157592773,1
2026-08-15T17:16:50Z,NVIDIA H200 NVL,smoke,uniform_0_1,gemv,e8m1,10,8,1,fp64,padded,scalar,1,16,1,1,1,none,full_lut_global,padded/scalar/x1/full_lut_global,256,32,32,10560,16896,4096,32,256,1,0,1,0.0048639997839927673,0.0048639997839927673,65.9620361328125,1
2026-08-15T17:16:50Z,NVIDIA H200 NVL,smoke,uniform_0_1,dot,e8m1,10,8,1,fp64,dense,thread_packet,2,32,1,1,2,none,full_lut_global,dense/thread_packet/x2/full_lut_global,4096,0,1,10240,10240,4096,8,256,1,0,1,0.0071999998763203621,0.0071999998763203621,1012.5727157592773,1
2026-08-15T17:16:50Z,NVIDIA H200 NVL,smoke,uniform_0_1,gemv,e8m1,10,8,1,fp64,dense,thread_packet,2,32,1,1,2,none,full_lut_global,dense/thread_packet/x2/full_lut_global,256,32,32,10560,10560,4096,32,256,1,0,1,0.0048960000276565552,0.0048960000276565552,65.9620361328125,1
2026-08-15T17:16:50Z,NVIDIA H200 NVL,smoke,uniform_0_1,dot,e8m1,10,8,1,fp64,dense,thread_packet,4,32,1,1,4,none,full_lut_global,dense/thread_packet/x4/full_lut_global,4096,0,1,10240,10240,4096,4,256,1,0,1,0.0072320001199841499,0.0072320001199841499,1012.5727157592773,1
2026-08-15T17:16:50Z,NVIDIA H200 NVL,smoke,uniform_0_1,gemv,e8m1,10,8,1,fp64,dense,thread_packet,4,32,1,1,4,none,full_lut_global,dense/thread_packet/x4/full_lut_global,256,32,32,10560,10560,4096,32,256,1,0,1,0.0051839998923242092,0.0051839998923242092,65.9620361328125,1
2026-08-15T17:16:50Z,NVIDIA H200 NVL,smoke,uniform_0_1,dot,e8m1,10,8,1,fp64,dense,thread_packet,8,32,1,1,8,none,full_lut_global,dense/thread_packet/x8/full_lut_global,4096,0,1,10240,10240,4096,2,256,1,0,1,0.0075520002283155918,0.0075520002283155918,1012.5727157592773,1
2026-08-15T17:16:50Z,NVIDIA H200 NVL,smoke,uniform_0_1,gemv,e8m1,10,8,1,fp64,dense,thread_packet,8,32,1,1,8,none,full_lut_global,dense/thread_packet/x8/full_lut_global,256,32,32,10560,10560,4096,32,256,1,0,1,0.0055359997786581516,0.0055359997786581516,65.9620361328125,1
2026-08-15T17:16:50Z,NVIDIA H200 NVL,smoke,uniform_0_1,dot,e8m1,10,8,1,fp64,padded,thread_packet,2,16,1,1,2,none,full_lut_global,padded/thread_packet/x2/full_lut_global,4096,0,1,10240,16384,4096,8,256,1,0,1,0.0073919999413192272,0.0073919999413192272,1012.5727157592773,1
2026-08-15T17:16:50Z,NVIDIA H200 NVL,smoke,uniform_0_1,gemv,e8m1,10,8,1,fp64,padded,thread_packet,2,16,1,1,2,none,full_lut_global,padded/thread_packet/x2/full_lut_global,256,32,32,10560,16896,4096,32,256,1,0,1,0.0048000002279877663,0.0048000002279877663,65.9620361328125,1
2026-08-15T17:16:50Z,NVIDIA H200 NVL,smoke,uniform_0_1,dot,e8m1,10,8,1,fp64,padded,thread_packet,4,16,1,1,4,none,full_lut_global,padded/thread_packet/x4/full_lut_global,4096,0,1,10240,16384,4096,4,256,1,0,1,0.0072960001416504383,0.0072960001416504383,1012.5727157592773,1
2026-08-15T17:16:50Z,NVIDIA H200 NVL,smoke,uniform_0_1,gemv,e8m1,10,8,1,fp64,padded,thread_packet,4,16,1,1,4,none,full_lut_global,padded/thread_packet/x4/full_lut_global,256,32,32,10560,16896,4096,32,256,1,0,1,0.0048320000059902668,0.0048320000059902668,65.9620361328125,1
2026-08-15T17:16:50Z,NVIDIA H200 NVL,smoke,uniform_0_1,dot,e8m1,10,8,1,fp64,padded,thread_packet,8,16,1,1,8,none,full_lut_global,padded/thread_packet/x8/full_lut_global,4096,0,1,10240,16384,4096,2,256,1,0,1,0.0074559999629855156,0.0074559999629855156,1012.5727157592773,1
2026-08-15T17:16:50Z,NVIDIA H200 NVL,smoke,uniform_0_1,gemv,e8m1,10,8,1,fp64,padded,thread_packet,8,16,1,1,8,none,full_lut_global,padded/thread_packet/x8/full_lut_global,256,32,32,10560,16896,4096,32,256,1,0,1,0.0048000002279877663,0.0048000002279877663,65.9620361328125,1
2026-08-15T17:16:50Z,NVIDIA H200 NVL,smoke,uniform_0_1,dot,e8m1,10,8,1,fp64,dense,cooperative_shuffle,16,32,5,8,2,warp_shuffle,full_lut_global,dense/cooperative_shuffle/x16/full_lut_global,4096,0,1,10240,10240,4096,16,256,1,0,1,0.0076480000279843807,0.0076480000279843807,1012.5727157592773,1
2026-08-15T17:16:50Z,NVIDIA H200 NVL,smoke,uniform_0_1,gemv,e8m1,10,8,1,fp64,dense,cooperative_shuffle,16,32,5,8,2,warp_shuffle,full_lut_global,dense/cooperative_shuffle/x16/full_lut_global,256,32,32,10560,10560,4096,32,256,1,0,1,0.0053759999573230743,0.0053759999573230743,65.9620361328125,1
2026-08-15T17:16:50Z,NVIDIA H200 NVL,smoke,uniform_0_1,dot,e8m1,10,8,1,fp64,dense,scalar,1,32,1,1,1,none,full_lut_shared,dense/scalar/x1/full_lut_shared,4096,0,1,10240,10240,4096,16,256,1,0,1,0.0081280004233121872,0.0081280004233121872,1012.5727157592773,1
2026-08-15T17:16:50Z,NVIDIA H200 NVL,smoke,uniform_0_1,gemv,e8m1,10,8,1,fp64,dense,scalar,1,32,1,1,1,none,full_lut_shared,dense/scalar/x1/full_lut_shared,256,32,32,10560,10560,4096,32,256,1,0,1,0.0055359997786581516,0.0055359997786581516,65.9620361328125,1
2026-08-15T17:16:50Z,NVIDIA H200 NVL,smoke,uniform_0_1,dot,e8m1,10,8,1,fp64,padded,scalar,1,16,1,1,1,none,full_lut_shared,padded/scalar/x1/full_lut_shared,4096,0,1,10240,16384,4096,16,256,1,0,1,0.0080319996923208237,0.0080319996923208237,1012.5727157592773,1
2026-08-15T17:16:50Z,NVIDIA H200 NVL,smoke,uniform_0_1,gemv,e8m1,10,8,1,fp64,padded,scalar,1,16,1,1,1,none,full_lut_shared,padded/scalar/x1/full_lut_shared,256,32,32,10560,16896,4096,32,256,1,0,1,0.0055680000223219395,0.0055680000223219395,65.9620361328125,1
2026-08-15T17:16:50Z,NVIDIA H200 NVL,smoke,uniform_0_1,dot,e8m1,10,8,1,fp64,dense,thread_packet,2,32,1,1,2,none,full_lut_shared,dense/thread_packet/x2/full_lut_shared,4096,0,1,10240,10240,4096,8,256,1,0,1,0.0078400000929832458,0.0078400000929832458,1012.5727157592773,1
2026-08-15T17:16:50Z,NVIDIA H200 NVL,smoke,uniform_0_1,gemv,e8m1,10,8,1,fp64,dense,thread_packet,2,32,1,1,2,none,full_lut_shared,dense/thread_packet/x2/full_lut_shared,256,32,32,10560,10560,4096,32,256,1,0,1,0.0055359997786581516,0.0055359997786581516,65.9620361328125,1
2026-08-15T17:16:50Z,NVIDIA H200 NVL,smoke,uniform_0_1,dot,e8m1,10,8,1,fp64,dense,thread_packet,4,32,1,1,4,none,full_lut_shared,dense/thread_packet/x4/full_lut_shared,4096,0,1,10240,10240,4096,4,256,1,0,1,0.0079039996489882469,0.0079039996489882469,1012.5727157592773,1
2026-08-15T17:16:50Z,NVIDIA H200 NVL,smoke,uniform_0_1,gemv,e8m1,10,8,1,fp64,dense,thread_packet,4,32,1,1,4,none,full_lut_shared,dense/thread_packet/x4/full_lut_shared,256,32,32,10560,10560,4096,32,256,1,0,1,0.0057279998436570168,0.0057279998436570168,65.9620361328125,1
2026-08-15T17:16:50Z,NVIDIA H200 NVL,smoke,uniform_0_1,dot,e8m1,10,8,1,fp64,dense,thread_packet,8,32,1,1,8,none,full_lut_shared,dense/thread_packet/x8/full_lut_shared,4096,0,1,10240,10240,4096,2,256,1,0,1,0.0081599997356534004,0.0081599997356534004,1012.5727157592773,1
2026-08-15T17:16:50Z,NVIDIA H200 NVL,smoke,uniform_0_1,gemv,e8m1,10,8,1,fp64,dense,thread_packet,8,32,1,1,8,none,full_lut_shared,dense/thread_packet/x8/full_lut_shared,256,32,32,10560,10560,4096,32,256,1,0,1,0.0060160001739859581,0.0060160001739859581,65.9620361328125,1
2026-08-15T17:16:50Z,NVIDIA H200 NVL,smoke,uniform_0_1,dot,e8m1,10,8,1,fp64,padded,thread_packet,2,16,1,1,2,none,full_lut_shared,padded/thread_packet/x2/full_lut_shared,4096,0,1,10240,16384,4096,8,256,1,0,1,0.0077760000713169575,0.0077760000713169575,1012.5727157592773,1
2026-08-15T17:16:50Z,NVIDIA H200 NVL,smoke,uniform_0_1,gemv,e8m1,10,8,1,fp64,padded,thread_packet,2,16,1,1,2,none,full_lut_shared,padded/thread_packet/x2/full_lut_shared,256,32,32,10560,16896,4096,32,256,1,0,1,0.0055680000223219395,0.0055680000223219395,65.9620361328125,1
2026-08-15T17:16:50Z,NVIDIA H200 NVL,smoke,uniform_0_1,dot,e8m1,10,8,1,fp64,padded,thread_packet,4,16,1,1,4,none,full_lut_shared,padded/thread_packet/x4/full_lut_shared,4096,0,1,10240,16384,4096,4,256,1,0,1,0.0077439998276531696,0.0077439998276531696,1012.5727157592773,1
2026-08-15T17:16:50Z,NVIDIA H200 NVL,smoke,uniform_0_1,gemv,e8m1,10,8,1,fp64,padded,thread_packet,4,16,1,1,4,none,full_lut_shared,padded/thread_packet/x4/full_lut_shared,256,32,32,10560,16896,4096,32,256,1,0,1,0.0055359997786581516,0.0055359997786581516,65.9620361328125,1
2026-08-15T17:16:50Z,NVIDIA H200 NVL,smoke,uniform_0_1,dot,e8m1,10,8,1,fp64,padded,thread_packet,8,16,1,1,8,none,full_lut_shared,padded/thread_packet/x8/full_lut_shared,4096,0,1,10240,16384,4096,2,256,1,0,1,0.0080639999359846115,0.0080639999359846115,1012.5727157592773,1
2026-08-15T17:16:50Z,NVIDIA H200 NVL,smoke,uniform_0_1,gemv,e8m1,10,8,1,fp64,padded,thread_packet,8,16,1,1,8,none,full_lut_shared,padded/thread_packet/x8/full_lut_shared,256,32,32,10560,16896,4096,32,256,1,0,1,0.0056960000656545162,0.0056960000656545162,65.9620361328125,1
2026-08-15T17:16:50Z,NVIDIA H200 NVL,smoke,uniform_0_1,dot,e8m1,10,8,1,fp64,dense,cooperative_shuffle,16,32,5,8,2,warp_shuffle,full_lut_shared,dense/cooperative_shuffle/x16/full_lut_shared,4096,0,1,10240,10240,4096,16,256,1,0,1,0.008320000022649765,0.008320000022649765,1012.5727157592773,1
2026-08-15T17:16:50Z,NVIDIA H200 NVL,smoke,uniform_0_1,gemv,e8m1,10,8,1,fp64,dense,cooperative_shuffle,16,32,5,8,2,warp_shuffle,full_lut_shared,dense/cooperative_shuffle/x16/full_lut_shared,256,32,32,10560,10560,4096,32,256,1,0,1,0.0057919998653233051,0.0057919998653233051,65.9620361328125,1
2026-08-15T17:16:50Z,NVIDIA H200 NVL,smoke,uniform_0_1,dot,e8m1,10,8,1,fp64,dense,scalar,1,32,1,1,1,none,prefix_lut_global,dense/scalar/x1/prefix_lut_global,4096,0,1,10240,10240,2048,16,256,1,0,1,0.0074559999629855156,0.0074559999629855156,1012.5727157592773,1
2026-08-15T17:16:50Z,NVIDIA H200 NVL,smoke,uniform_0_1,gemv,e8m1,10,8,1,fp64,dense,scalar,1,32,1,1,1,none,prefix_lut_global,dense/scalar/x1/prefix_lut_global,256,32,32,10560,10560,2048,32,256,1,0,1,0.0050880000926554203,0.0050880000926554203,65.9620361328125,1
2026-08-15T17:16:50Z,NVIDIA H200 NVL,smoke,uniform_0_1,dot,e8m1,10,8,1,fp64,padded,scalar,1,16,1,1,1,none,prefix_lut_global,padded/scalar/x1/prefix_lut_global,4096,0,1,10240,16384,2048,16,256,1,0,1,0.0073279999196529388,0.0073279999196529388,1012.5727157592773,1
2026-08-15T17:16:50Z,NVIDIA H200 NVL,smoke,uniform_0_1,gemv,e8m1,10,8,1,fp64,padded,scalar,1,16,1,1,1,none,prefix_lut_global,padded/scalar/x1/prefix_lut_global,256,32,32,10560,16896,2048,32,256,1,0,1,0.0050559998489916325,0.0050559998489916325,65.9620361328125,1
2026-08-15T17:16:50Z,NVIDIA H200 NVL,smoke,uniform_0_1,dot,e8m1,10,8,1,fp64,dense,thread_packet,2,32,1,1,2,none,prefix_lut_global,dense/thread_packet/x2/prefix_lut_global,4096,0,1,10240,10240,2048,8,256,1,0,1,0.0076480000279843807,0.0076480000279843807,1012.5727157592773,1
2026-08-15T17:16:50Z,NVIDIA H200 NVL,smoke,uniform_0_1,gemv,e8m1,10,8,1,fp64,dense,thread_packet,2,32,1,1,2,none,prefix_lut_global,dense/thread_packet/x2/prefix_lut_global,256,32,32,10560,10560,2048,32,256,1,0,1,0.0050880000926554203,0.0050880000926554203,65.9620361328125,1
2026-08-15T17:16:50Z,NVIDIA H200 NVL,smoke,uniform_0_1,dot,e8m1,10,8,1,fp64,dense,thread_packet,4,32,1,1,4,none,prefix_lut_global,dense/thread_packet/x4/prefix_lut_global,4096,0,1,10240,10240,2048,4,256,1,0,1,0.0076799998059868813,0.0076799998059868813,1012.5727157592773,1
2026-08-15T17:16:50Z,NVIDIA H200 NVL,smoke,uniform_0_1,gemv,e8m1,10,8,1,fp64,dense,thread_packet,4,32,1,1,4,none,prefix_lut_global,dense/thread_packet/x4/prefix_lut_global,256,32,32,10560,10560,2048,32,256,1,0,1,0.0056960000656545162,0.0056960000656545162,65.9620361328125,1
2026-08-15T17:16:50Z,NVIDIA H200 NVL,smoke,uniform_0_1,dot,e8m1,10,8,1,fp64,dense,thread_packet,8,32,1,1,8,none,prefix_lut_global,dense/thread_packet/x8/prefix_lut_global,4096,0,1,10240,10240,2048,2,256,1,0,1,0.0085119996219873428,0.0085119996219873428,1012.5727157592773,1
2026-08-15T17:16:50Z,NVIDIA H200 NVL,smoke,uniform_0_1,gemv,e8m1,10,8,1,fp64,dense,thread_packet,8,32,1,1,8,none,prefix_lut_global,dense/thread_packet/x8/prefix_lut_global,256,32,32,10560,10560,2048,32,256,1,0,1,0.0065279998816549778,0.0065279998816549778,65.9620361328125,1
2026-08-15T17:16:50Z,NVIDIA H200 NVL,smoke,uniform_0_1,dot,e8m1,10,8,1,fp64,padded,thread_packet,2,16,1,1,2,none,prefix_lut_global,padded/thread_packet/x2/prefix_lut_global,4096,0,1,10240,16384,2048,8,256,1,0,1,0.0073919999413192272,0.0073919999413192272,1012.5727157592773,1
2026-08-15T17:16:50Z,NVIDIA H200 NVL,smoke,uniform_0_1,gemv,e8m1,10,8,1,fp64,padded,thread_packet,2,16,1,1,2,none,prefix_lut_global,padded/thread_packet/x2/prefix_lut_global,256,32,32,10560,16896,2048,32,256,1,0,1,0.0050880000926554203,0.0050880000926554203,65.9620361328125,1
2026-08-15T17:16:50Z,NVIDIA H200 NVL,smoke,uniform_0_1,dot,e8m1,10,8,1,fp64,padded,thread_packet,4,16,1,1,4,none,prefix_lut_global,padded/thread_packet/x4/prefix_lut_global,4096,0,1,10240,16384,2048,4,256,1,0,1,0.0077439998276531696,0.0077439998276531696,1012.5727157592773,1
2026-08-15T17:16:50Z,NVIDIA H200 NVL,smoke,uniform_0_1,gemv,e8m1,10,8,1,fp64,padded,thread_packet,4,16,1,1,4,none,prefix_lut_global,padded/thread_packet/x4/prefix_lut_global,256,32,32,10560,16896,2048,32,256,1,0,1,0.0057919998653233051,0.0057919998653233051,65.9620361328125,1
2026-08-15T17:16:50Z,NVIDIA H200 NVL,smoke,uniform_0_1,dot,e8m1,10,8,1,fp64,padded,thread_packet,8,16,1,1,8,none,prefix_lut_global,padded/thread_packet/x8/prefix_lut_global,4096,0,1,10240,16384,2048,2,256,1,0,1,0.0083839995786547661,0.0083839995786547661,1012.5727157592773,1
2026-08-15T17:16:50Z,NVIDIA H200 NVL,smoke,uniform_0_1,gemv,e8m1,10,8,1,fp64,padded,thread_packet,8,16,1,1,8,none,prefix_lut_global,padded/thread_packet/x8/prefix_lut_global,256,32,32,10560,16896,2048,32,256,1,0,1,0.0063359998166561127,0.0063359998166561127,65.9620361328125,1
2026-08-15T17:16:50Z,NVIDIA H200 NVL,smoke,uniform_0_1,dot,e8m1,10,8,1,fp64,dense,cooperative_shuffle,16,32,5,8,2,warp_shuffle,prefix_lut_global,dense/cooperative_shuffle/x16/prefix_lut_global,4096,0,1,10240,10240,2048,16,256,1,0,1,0.0079039996489882469,0.0079039996489882469,1012.5727157592773,1
2026-08-15T17:16:50Z,NVIDIA H200 NVL,smoke,uniform_0_1,gemv,e8m1,10,8,1,fp64,dense,cooperative_shuffle,16,32,5,8,2,warp_shuffle,prefix_lut_global,dense/cooperative_shuffle/x16/prefix_lut_global,256,32,32,10560,10560,2048,32,256,1,0,1,0.0056320000439882278,0.0056320000439882278,65.9620361328125,1
2026-08-15T17:16:50Z,NVIDIA H200 NVL,smoke,uniform_0_1,dot,e8m1,10,8,1,fp64,dense,scalar,1,32,1,1,1,none,prefix_lut_shared,dense/scalar/x1/prefix_lut_shared,4096,0,1,10240,10240,2048,16,256,1,0,1,0.0076799998059868813,0.0076799998059868813,1012.5727157592773,1
2026-08-15T17:16:50Z,NVIDIA H200 NVL,smoke,uniform_0_1,gemv,e8m1,10,8,1,fp64,dense,scalar,1,32,1,1,1,none,prefix_lut_shared,dense/scalar/x1/prefix_lut_shared,256,32,32,10560,10560,2048,32,256,1,0,1,0.0053440001793205738,0.0053440001793205738,65.9620361328125,1
2026-08-15T17:16:50Z,NVIDIA H200 NVL,smoke,uniform_0_1,dot,e8m1,10,8,1,fp64,padded,scalar,1,16,1,1,1,none,prefix_lut_shared,padded/scalar/x1/prefix_lut_shared,4096,0,1,10240,16384,2048,16,256,1,0,1,0.007807999849319458,0.007807999849319458,1012.5727157592773,1
2026-08-15T17:16:50Z,NVIDIA H200 NVL,smoke,uniform_0_1,gemv,e8m1,10,8,1,fp64,padded,scalar,1,16,1,1,1,none,prefix_lut_shared,padded/scalar/x1/prefix_lut_shared,256,32,32,10560,16896,2048,32,256,1,0,1,0.0055359997786581516,0.0055359997786581516,65.9620361328125,1
2026-08-15T17:16:50Z,NVIDIA H200 NVL,smoke,uniform_0_1,dot,e8m1,10,8,1,fp64,dense,thread_packet,2,32,1,1,2,none,prefix_lut_shared,dense/thread_packet/x2/prefix_lut_shared,4096,0,1,10240,10240,2048,8,256,1,0,1,0.0078720003366470337,0.0078720003366470337,1012.5727157592773,1
2026-08-15T17:16:50Z,NVIDIA H200 NVL,smoke,uniform_0_1,gemv,e8m1,10,8,1,fp64,dense,thread_packet,2,32,1,1,2,none,prefix_lut_shared,dense/thread_packet/x2/prefix_lut_shared,256,32,32,10560,10560,2048,32,256,1,0,1,0.0053759999573230743,0.0053759999573230743,65.9620361328125,1
2026-08-15T17:16:50Z,NVIDIA H200 NVL,smoke,uniform_0_1,dot,e8m1,10,8,1,fp64,dense,thread_packet,4,32,1,1,4,none,prefix_lut_shared,dense/thread_packet/x4/prefix_lut_shared,4096,0,1,10240,10240,2048,4,256,1,0,1,0.0082559995353221893,0.0082559995353221893,1012.5727157592773,1
2026-08-15T17:16:50Z,NVIDIA H200 NVL,smoke,uniform_0_1,gemv,e8m1,10,8,1,fp64,dense,thread_packet,4,32,1,1,4,none,prefix_lut_shared,dense/thread_packet/x4/prefix_lut_shared,256,32,32,10560,10560,2048,32,256,1,0,1,0.0061759999953210354,0.0061759999953210354,65.9620361328125,1
2026-08-15T17:16:50Z,NVIDIA H200 NVL,smoke,uniform_0_1,dot,e8m1,10,8,1,fp64,dense,thread_packet,8,32,1,1,8,none,prefix_lut_shared,dense/thread_packet/x8/prefix_lut_shared,4096,0,1,10240,10240,2048,2,256,1,0,1,0.0088640004396438599,0.0088640004396438599,1012.5727157592773,1
2026-08-15T17:16:50Z,NVIDIA H200 NVL,smoke,uniform_0_1,gemv,e8m1,10,8,1,fp64,dense,thread_packet,8,32,1,1,8,none,prefix_lut_shared,dense/thread_packet/x8/prefix_lut_shared,256,32,32,10560,10560,2048,32,256,1,0,1,0.0065279998816549778,0.0065279998816549778,65.9620361328125,1
2026-08-15T17:16:50Z,NVIDIA H200 NVL,smoke,uniform_0_1,dot,e8m1,10,8,1,fp64,padded,thread_packet,2,16,1,1,2,none,prefix_lut_shared,padded/thread_packet/x2/prefix_lut_shared,4096,0,1,10240,16384,2048,8,256,1,0,1,0.007807999849319458,0.007807999849319458,1012.5727157592773,1
2026-08-15T17:16:50Z,NVIDIA H200 NVL,smoke,uniform_0_1,gemv,e8m1,10,8,1,fp64,padded,thread_packet,2,16,1,1,2,none,prefix_lut_shared,padded/thread_packet/x2/prefix_lut_shared,256,32,32,10560,16896,2048,32,256,1,0,1,0.0053759999573230743,0.0053759999573230743,65.9620361328125,1
2026-08-15T17:16:50Z,NVIDIA H200 NVL,smoke,uniform_0_1,dot,e8m1,10,8,1,fp64,padded,thread_packet,4,16,1,1,4,none,prefix_lut_shared,padded/thread_packet/x4/prefix_lut_shared,4096,0,1,10240,16384,2048,4,256,1,0,1,0.0081919999793171883,0.0081919999793171883,1012.5727157592773,1
2026-08-15T17:16:50Z,NVIDIA H200 NVL,smoke,uniform_0_1,gemv,e8m1,10,8,1,fp64,padded,thread_packet,4,16,1,1,4,none,prefix_lut_shared,padded/thread_packet/x4/prefix_lut_shared,256,32,32,10560,16896,2048,32,256,1,0,1,0.0057279998436570168,0.0057279998436570168,65.9620361328125,1
2026-08-15T17:16:50Z,NVIDIA H200 NVL,smoke,uniform_0_1,dot,e8m1,10,8,1,fp64,padded,thread_packet,8,16,1,1,8,none,prefix_lut_shared,padded/thread_packet/x8/prefix_lut_shared,4096,0,1,10240,16384,2048,2,256,1,0,1,0.0087040001526474953,0.0087040001526474953,1012.5727157592773,1
2026-08-15T17:16:50Z,NVIDIA H200 NVL,smoke,uniform_0_1,gemv,e8m1,10,8,1,fp64,padded,thread_packet,8,16,1,1,8,none,prefix_lut_shared,padded/thread_packet/x8/prefix_lut_shared,256,32,32,10560,16896,2048,32,256,1,0,1,0.0062719997949898243,0.0062719997949898243,65.9620361328125,1
2026-08-15T17:16:50Z,NVIDIA H200 NVL,smoke,uniform_0_1,dot,e8m1,10,8,1,fp64,dense,cooperative_shuffle,16,32,5,8,2,warp_shuffle,prefix_lut_shared,dense/cooperative_shuffle/x16/prefix_lut_shared,4096,0,1,10240,10240,2048,16,256,1,0,1,0.0081919999793171883,0.0081919999793171883,1012.5727157592773,1
2026-08-15T17:16:50Z,NVIDIA H200 NVL,smoke,uniform_0_1,gemv,e8m1,10,8,1,fp64,dense,cooperative_shuffle,16,32,5,8,2,warp_shuffle,prefix_lut_shared,dense/cooperative_shuffle/x16/prefix_lut_shared,256,32,32,10560,10560,2048,32,256,1,0,1,0.0055359997786581516,0.0055359997786581516,65.9620361328125,1
2026-08-15T17:16:50Z,NVIDIA H200 NVL,smoke,uniform_0_1,dot,e8m1,10,8,1,fp64,dense,scalar,1,32,1,1,1,none,subnormal_lut_global,dense/scalar/x1/subnormal_lut_global,4096,0,1,10240,10240,8,16,256,1,0,1,0.0072960001416504383,0.0072960001416504383,1012.5727157592773,1
2026-08-15T17:16:50Z,NVIDIA H200 NVL,smoke,uniform_0_1,gemv,e8m1,10,8,1,fp64,dense,scalar,1,32,1,1,1,none,subnormal_lut_global,dense/scalar/x1/subnormal_lut_global,256,32,32,10560,10560,8,32,256,1,0,1,0.0048960000276565552,0.0048960000276565552,65.9620361328125,1
2026-08-15T17:16:50Z,NVIDIA H200 NVL,smoke,uniform_0_1,dot,e8m1,10,8,1,fp64,padded,scalar,1,16,1,1,1,none,subnormal_lut_global,padded/scalar/x1/subnormal_lut_global,4096,0,1,10240,16384,8,16,256,1,0,1,0.0074240001849830151,0.0074240001849830151,1012.5727157592773,1
2026-08-15T17:16:50Z,NVIDIA H200 NVL,smoke,uniform_0_1,gemv,e8m1,10,8,1,fp64,padded,scalar,1,16,1,1,1,none,subnormal_lut_global,padded/scalar/x1/subnormal_lut_global,256,32,32,10560,16896,8,32,256,1,0,1,0.0048960000276565552,0.0048960000276565552,65.9620361328125,1
2026-08-15T17:16:50Z,NVIDIA H200 NVL,smoke,uniform_0_1,dot,e8m1,10,8,1,fp64,dense,thread_packet,2,32,1,1,2,none,subnormal_lut_global,dense/thread_packet/x2/subnormal_lut_global,4096,0,1,10240,10240,8,8,256,1,0,1,0.0072960001416504383,0.0072960001416504383,1012.5727157592773,1
2026-08-15T17:16:50Z,NVIDIA H200 NVL,smoke,uniform_0_1,gemv,e8m1,10,8,1,fp64,dense,thread_packet,2,32,1,1,2,none,subnormal_lut_global,dense/thread_packet/x2/subnormal_lut_global,256,32,32,10560,10560,8,32,256,1,0,1,0.0048320000059902668,0.0048320000059902668,65.9620361328125,1
2026-08-15T17:16:50Z,NVIDIA H200 NVL,smoke,uniform_0_1,dot,e8m1,10,8,1,fp64,dense,thread_packet,4,32,1,1,4,none,subnormal_lut_global,dense/thread_packet/x4/subnormal_lut_global,4096,0,1,10240,10240,8,4,256,1,0,1,0.0076159997843205929,0.0076159997843205929,1012.5727157592773,1
2026-08-15T17:16:50Z,NVIDIA H200 NVL,smoke,uniform_0_1,gemv,e8m1,10,8,1,fp64,dense,thread_packet,4,32,1,1,4,none,subnormal_lut_global,dense/thread_packet/x4/subnormal_lut_global,256,32,32,10560,10560,8,32,256,1,0,1,0.0053440001793205738,0.0053440001793205738,65.9620361328125,1
2026-08-15T17:16:50Z,NVIDIA H200 NVL,smoke,uniform_0_1,dot,e8m1,10,8,1,fp64,dense,thread_packet,8,32,1,1,8,none,subnormal_lut_global,dense/thread_packet/x8/subnormal_lut_global,4096,0,1,10240,10240,8,2,256,1,0,1,0.0082879997789859772,0.0082879997789859772,1012.5727157592773,1
2026-08-15T17:16:50Z,NVIDIA H200 NVL,smoke,uniform_0_1,gemv,e8m1,10,8,1,fp64,dense,thread_packet,8,32,1,1,8,none,subnormal_lut_global,dense/thread_packet/x8/subnormal_lut_global,256,32,32,10560,10560,8,32,256,1,0,1,0.0059839999303221703,0.0059839999303221703,65.9620361328125,1
2026-08-15T17:16:50Z,NVIDIA H200 NVL,smoke,uniform_0_1,dot,e8m1,10,8,1,fp64,padded,thread_packet,2,16,1,1,2,none,subnormal_lut_global,padded/thread_packet/x2/subnormal_lut_global,4096,0,1,10240,16384,8,8,256,1,0,1,0.0072960001416504383,0.0072960001416504383,1012.5727157592773,1
2026-08-15T17:16:50Z,NVIDIA H200 NVL,smoke,uniform_0_1,gemv,e8m1,10,8,1,fp64,padded,thread_packet,2,16,1,1,2,none,subnormal_lut_global,padded/thread_packet/x2/subnormal_lut_global,256,32,32,10560,16896,8,32,256,1,0,1,0.0050240000709891319,0.0050240000709891319,65.9620361328125,1
2026-08-15T17:16:50Z,NVIDIA H200 NVL,smoke,uniform_0_1,dot,e8m1,10,8,1,fp64,padded,thread_packet,4,16,1,1,4,none,subnormal_lut_global,padded/thread_packet/x4/subnormal_lut_global,4096,0,1,10240,16384,8,4,256,1,0,1,0.007519999984651804,0.007519999984651804,1012.5727157592773,1
2026-08-15T17:16:50Z,NVIDIA H200 NVL,smoke,uniform_0_1,gemv,e8m1,10,8,1,fp64,padded,thread_packet,4,16,1,1,4,none,subnormal_lut_global,padded/thread_packet/x4/subnormal_lut_global,256,32,32,10560,16896,8,32,256,1,0,1,0.0051199998706579208,0.0051199998706579208,65.9620361328125,1
2026-08-15T17:16:50Z,NVIDIA H200 NVL,smoke,uniform_0_1,dot,e8m1,10,8,1,fp64,padded,thread_packet,8,16,1,1,8,none,subnormal_lut_global,padded/thread_packet/x8/subnormal_lut_global,4096,0,1,10240,16384,8,2,256,1,0,1,0.0079359998926520348,0.0079359998926520348,1012.5727157592773,1
2026-08-15T17:16:50Z,NVIDIA H200 NVL,smoke,uniform_0_1,gemv,e8m1,10,8,1,fp64,padded,thread_packet,8,16,1,1,8,none,subnormal_lut_global,padded/thread_packet/x8/subnormal_lut_global,256,32,32,10560,16896,8,32,256,1,0,1,0.0055359997786581516,0.0055359997786581516,65.9620361328125,1
2026-08-15T17:16:50Z,NVIDIA H200 NVL,smoke,uniform_0_1,dot,e8m1,10,8,1,fp64,dense,cooperative_shuffle,16,32,5,8,2,warp_shuffle,subnormal_lut_global,dense/cooperative_shuffle/x16/subnormal_lut_global,4096,0,1,10240,10240,8,16,256,1,0,1,0.0076480000279843807,0.0076480000279843807,1012.5727157592773,1
2026-08-15T17:16:50Z,NVIDIA H200 NVL,smoke,uniform_0_1,gemv,e8m1,10,8,1,fp64,dense,cooperative_shuffle,16,32,5,8,2,warp_shuffle,subnormal_lut_global,dense/cooperative_shuffle/x16/subnormal_lut_global,256,32,32,10560,10560,8,32,256,1,0,1,0.0051199998706579208,0.0051199998706579208,65.9620361328125,1
2026-08-15T17:16:50Z,NVIDIA H200 NVL,smoke,uniform_0_1,dot,e8m1,10,8,1,fp64,dense,scalar,1,32,1,1,1,none,subnormal_lut_shared,dense/scalar/x1/subnormal_lut_shared,4096,0,1,10240,10240,8,16,256,1,0,1,0.0074559999629855156,0.0074559999629855156,1012.5727157592773,1
2026-08-15T17:16:50Z,NVIDIA H200 NVL,smoke,uniform_0_1,gemv,e8m1,10,8,1,fp64,dense,scalar,1,32,1,1,1,none,subnormal_lut_shared,dense/scalar/x1/subnormal_lut_shared,256,32,32,10560,10560,8,32,256,1,0,1,0.0050880000926554203,0.0050880000926554203,65.9620361328125,1
2026-08-15T17:16:50Z,NVIDIA H200 NVL,smoke,uniform_0_1,dot,e8m1,10,8,1,fp64,padded,scalar,1,16,1,1,1,none,subnormal_lut_shared,padded/scalar/x1/subnormal_lut_shared,4096,0,1,10240,16384,8,16,256,1,0,1,0.0075520002283155918,0.0075520002283155918,1012.5727157592773,1
2026-08-15T17:16:50Z,NVIDIA H200 NVL,smoke,uniform_0_1,gemv,e8m1,10,8,1,fp64,padded,scalar,1,16,1,1,1,none,subnormal_lut_shared,padded/scalar/x1/subnormal_lut_shared,256,32,32,10560,16896,8,32,256,1,0,1,0.0048639997839927673,0.0048639997839927673,65.9620361328125,1
2026-08-15T17:16:50Z,NVIDIA H200 NVL,smoke,uniform_0_1,dot,e8m1,10,8,1,fp64,dense,thread_packet,2,32,1,1,2,none,subnormal_lut_shared,dense/thread_packet/x2/subnormal_lut_shared,4096,0,1,10240,10240,8,8,256,1,0,1,0.0074559999629855156,0.0074559999629855156,1012.5727157592773,1
2026-08-15T17:16:50Z,NVIDIA H200 NVL,smoke,uniform_0_1,gemv,e8m1,10,8,1,fp64,dense,thread_packet,2,32,1,1,2,none,subnormal_lut_shared,dense/thread_packet/x2/subnormal_lut_shared,256,32,32,10560,10560,8,32,256,1,0,1,0.0050559998489916325,0.0050559998489916325,65.9620361328125,1
2026-08-15T17:16:50Z,NVIDIA H200 NVL,smoke,uniform_0_1,dot,e8m1,10,8,1,fp64,dense,thread_packet,4,32,1,1,4,none,subnormal_lut_shared,dense/thread_packet/x4/subnormal_lut_shared,4096,0,1,10240,10240,8,4,256,1,0,1,0.0077439998276531696,0.0077439998276531696,1012.5727157592773,1
2026-08-15T17:16:50Z,NVIDIA H200 NVL,smoke,uniform_0_1,gemv,e8m1,10,8,1,fp64,dense,thread_packet,4,32,1,1,4,none,subnormal_lut_shared,dense/thread_packet/x4/subnormal_lut_shared,256,32,32,10560,10560,8,32,256,1,0,1,0.0055680000223219395,0.0055680000223219395,65.9620361328125,1
2026-08-15T17:16:50Z,NVIDIA H200 NVL,smoke,uniform_0_1,dot,e8m1,10,8,1,fp64,dense,thread_packet,8,32,1,1,8,none,subnormal_lut_shared,dense/thread_packet/x8/subnormal_lut_shared,4096,0,1,10240,10240,8,2,256,1,0,1,0.0085119996219873428,0.0085119996219873428,1012.5727157592773,1
2026-08-15T17:16:50Z,NVIDIA H200 NVL,smoke,uniform_0_1,gemv,e8m1,10,8,1,fp64,dense,thread_packet,8,32,1,1,8,none,subnormal_lut_shared,dense/thread_packet/x8/subnormal_lut_shared,256,32,32,10560,10560,8,32,256,1,0,1,0.0062400000169873238,0.0062400000169873238,65.9620361328125,1
2026-08-15T17:16:50Z,NVIDIA H200 NVL,smoke,uniform_0_1,dot,e8m1,10,8,1,fp64,padded,thread_packet,2,16,1,1,2,none,subnormal_lut_shared,padded/thread_packet/x2/subnormal_lut_shared,4096,0,1,10240,16384,8,8,256,1,0,1,0.007519999984651804,0.007519999984651804,1012.5727157592773,1
2026-08-15T17:16:50Z,NVIDIA H200 NVL,smoke,uniform_0_1,gemv,e8m1,10,8,1,fp64,padded,thread_packet,2,16,1,1,2,none,subnormal_lut_shared,padded/thread_packet/x2/subnormal_lut_shared,256,32,32,10560,16896,8,32,256,1,0,1,0.0051199998706579208,0.0051199998706579208,65.9620361328125,1
2026-08-15T17:16:50Z,NVIDIA H200 NVL,smoke,uniform_0_1,dot,e8m1,10,8,1,fp64,padded,thread_packet,4,16,1,1,4,none,subnormal_lut_shared,padded/thread_packet/x4/subnormal_lut_shared,4096,0,1,10240,16384,8,4,256,1,0,1,0.0074880002066493034,0.0074880002066493034,1012.5727157592773,1
2026-08-15T17:16:50Z,NVIDIA H200 NVL,smoke,uniform_0_1,gemv,e8m1,10,8,1,fp64,padded,thread_packet,4,16,1,1,4,none,subnormal_lut_shared,padded/thread_packet/x4/subnormal_lut_shared,256,32,32,10560,16896,8,32,256,1,0,1,0.0054399999789893627,0.0054399999789893627,65.9620361328125,1
2026-08-15T17:16:50Z,NVIDIA H200 NVL,smoke,uniform_0_1,dot,e8m1,10,8,1,fp64,padded,thread_packet,8,16,1,1,8,none,subnormal_lut_shared,padded/thread_packet/x8/subnormal_lut_shared,4096,0,1,10240,16384,8,2,256,1,0,1,0.0081280004233121872,0.0081280004233121872,1012.5727157592773,1
2026-08-15T17:16:50Z,NVIDIA H200 NVL,smoke,uniform_0_1,gemv,e8m1,10,8,1,fp64,padded,thread_packet,8,16,1,1,8,none,subnormal_lut_shared,padded/thread_packet/x8/subnormal_lut_shared,256,32,32,10560,16896,8,32,256,1,0,1,0.0058880001306533813,0.0058880001306533813,65.9620361328125,1
2026-08-15T17:16:50Z,NVIDIA H200 NVL,smoke,uniform_0_1,dot,e8m1,10,8,1,fp64,dense,cooperative_shuffle,16,32,5,8,2,warp_shuffle,subnormal_lut_shared,dense/cooperative_shuffle/x16/subnormal_lut_shared,4096,0,1,10240,10240,8,16,256,1,0,1,0.0081280004233121872,0.0081280004233121872,1012.5727157592773,1
2026-08-15T17:16:50Z,NVIDIA H200 NVL,smoke,uniform_0_1,gemv,e8m1,10,8,1,fp64,dense,cooperative_shuffle,16,32,5,8,2,warp_shuffle,subnormal_lut_shared,dense/cooperative_shuffle/x16/subnormal_lut_shared,256,32,32,10560,10560,8,32,256,1,0,1,0.0055359997786581516,0.0055359997786581516,65.9620361328125,1
2026-08-15T17:16:50Z,NVIDIA H200 NVL,smoke,normal_0_1,dot,e2m7,10,2,7,fp32,dense,scalar,1,32,1,1,1,none,generic,dense/scalar/x1/generic,4096,0,1,10240,10240,0,16,256,1,0,1,0.0073919999413192272,0.0073919999413192272,19.1270751953125,1
2026-08-15T17:16:50Z,NVIDIA H200 NVL,smoke,normal_0_1,gemv,e2m7,10,2,7,fp32,dense,scalar,1,32,1,1,1,none,generic,dense/scalar/x1/generic,256,32,32,10560,10560,0,32,256,1,0,1,0.0048960000276565552,0.0048960000276565552,-11.81500244140625,1
2026-08-15T17:16:50Z,NVIDIA H200 NVL,smoke,normal_0_1,dot,e2m7,10,2,7,fp32,padded,scalar,1,16,1,1,1,none,generic,padded/scalar/x1/generic,4096,0,1,10240,16384,0,16,256,1,0,1,0.0073600001633167267,0.0073600001633167267,19.1270751953125,1
2026-08-15T17:16:50Z,NVIDIA H200 NVL,smoke,normal_0_1,gemv,e2m7,10,2,7,fp32,padded,scalar,1,16,1,1,1,none,generic,padded/scalar/x1/generic,256,32,32,10560,16896,0,32,256,1,0,1,0.0048960000276565552,0.0048960000276565552,-11.81500244140625,1
2026-08-15T17:16:50Z,NVIDIA H200 NVL,smoke,normal_0_1,dot,e2m7,10,2,7,fp32,dense,scalar,1,32,1,1,1,none,direct_branchy,dense/scalar/x1/direct_branchy,4096,0,1,10240,10240,0,16,256,1,0,1,0.0070400000549852848,0.0070400000549852848,19.1270751953125,1
2026-08-15T17:16:50Z,NVIDIA H200 NVL,smoke,normal_0_1,gemv,e2m7,10,2,7,fp32,dense,scalar,1,32,1,1,1,none,direct_branchy,dense/scalar/x1/direct_branchy,256,32,32,10560,10560,0,32,256,1,0,1,0.0049279998056590557,0.0049279998056590557,-11.81500244140625,1
2026-08-15T17:16:50Z,NVIDIA H200 NVL,smoke,normal_0_1,dot,e2m7,10,2,7,fp32,padded,scalar,1,16,1,1,1,none,direct_branchy,padded/scalar/x1/direct_branchy,4096,0,1,10240,16384,0,16,256,1,0,1,0.0071359998546540737,0.0071359998546540737,19.1270751953125,1
2026-08-15T17:16:50Z,NVIDIA H200 NVL,smoke,normal_0_1,gemv,e2m7,10,2,7,fp32,padded,scalar,1,16,1,1,1,none,direct_branchy,padded/scalar/x1/direct_branchy,256,32,32,10560,16896,0,32,256,1,0,1,0.0048320000059902668,0.0048320000059902668,-11.81500244140625,1
2026-08-15T17:16:50Z,NVIDIA H200 NVL,smoke,normal_0_1,dot,e2m7,10,2,7,fp32,dense,thread_packet,2,32,1,1,2,none,direct_branchy,dense/thread_packet/x2/direct_branchy,4096,0,1,10240,10240,0,8,256,1,0,1,0.0071999998763203621,0.0071999998763203621,19.1270751953125,1
2026-08-15T17:16:50Z,NVIDIA H200 NVL,smoke,normal_0_1,gemv,e2m7,10,2,7,fp32,dense,thread_packet,2,32,1,1,2,none,direct_branchy,dense/thread_packet/x2/direct_branchy,256,32,32,10560,10560,0,32,256,1,0,1,0.0050559998489916325,0.0050559998489916325,-11.81500244140625,1
2026-08-15T17:16:50Z,NVIDIA H200 NVL,smoke,normal_0_1,dot,e2m7,10,2,7,fp32,dense,thread_packet,4,32,1,1,4,none,direct_branchy,dense/thread_packet/x4/direct_branchy,4096,0,1,10240,10240,0,4,256,1,0,1,0.0079359998926520348,0.0079359998926520348,19.1270751953125,1
2026-08-15T17:16:50Z,NVIDIA H200 NVL,smoke,normal_0_1,gemv,e2m7,10,2,7,fp32,dense,thread_packet,4,32,1,1,4,none,direct_branchy,dense/thread_packet/x4/direct_branchy,256,32,32,10560,10560,0,32,256,1,0,1,0.0055359997786581516,0.0055359997786581516,-11.81500244140625,1
2026-08-15T17:16:50Z,NVIDIA H200 NVL,smoke,normal_0_1,dot,e2m7,10,2,7,fp32,dense,thread_packet,8,32,1,1,8,none,direct_branchy,dense/thread_packet/x8/direct_branchy,4096,0,1,10240,10240,0,2,256,1,0,1,0.0087999999523162842,0.0087999999523162842,19.1270751953125,1
2026-08-15T17:16:50Z,NVIDIA H200 NVL,smoke,normal_0_1,gemv,e2m7,10,2,7,fp32,dense,thread_packet,8,32,1,1,8,none,direct_branchy,dense/thread_packet/x8/direct_branchy,256,32,32,10560,10560,0,32,256,1,0,1,0.0066880001686513424,0.0066880001686513424,-11.81500244140625,1
2026-08-15T17:16:50Z,NVIDIA H200 NVL,smoke,normal_0_1,dot,e2m7,10,2,7,fp32,padded,thread_packet,2,16,1,1,2,none,direct_branchy,padded/thread_packet/x2/direct_branchy,4096,0,1,10240,16384,0,8,256,1,0,1,0.0072639998979866505,0.0072639998979866505,19.1270751953125,1
2026-08-15T17:16:50Z,NVIDIA H200 NVL,smoke,normal_0_1,gemv,e2m7,10,2,7,fp32,padded,thread_packet,2,16,1,1,2,none,direct_branchy,padded/thread_packet/x2/direct_branchy,256,32,32,10560,16896,0,32,256,1,0,1,0.0048639997839927673,0.0048639997839927673,-11.81500244140625,1
2026-08-15T17:16:50Z,NVIDIA H200 NVL,smoke,normal_0_1,dot,e2m7,10,2,7,fp32,padded,thread_packet,4,16,1,1,4,none,direct_branchy,padded/thread_packet/x4/direct_branchy,4096,0,1,10240,16384,0,4,256,1,0,1,0.007807999849319458,0.007807999849319458,19.1270751953125,1
2026-08-15T17:16:50Z,NVIDIA H200 NVL,smoke,normal_0_1,gemv,e2m7,10,2,7,fp32,padded,thread_packet,4,16,1,1,4,none,direct_branchy,padded/thread_packet/x4/direct_branchy,256,32,32,10560,16896,0,32,256,1,0,1,0.0052800001576542854,0.0052800001576542854,-11.81500244140625,1
2026-08-15T17:16:50Z,NVIDIA H200 NVL,smoke,normal_0_1,dot,e2m7,10,2,7,fp32,padded,thread_packet,8,16,1,1,8,none,direct_branchy,padded/thread_packet/x8/direct_branchy,4096,0,1,10240,16384,0,2,256,1,0,1,0.0084800003096461296,0.0084800003096461296,19.1270751953125,1
2026-08-15T17:16:50Z,NVIDIA H200 NVL,smoke,normal_0_1,gemv,e2m7,10,2,7,fp32,padded,thread_packet,8,16,1,1,8,none,direct_branchy,padded/thread_packet/x8/direct_branchy,256,32,32,10560,16896,0,32,256,1,0,1,0.0061440002173185349,0.0061440002173185349,-11.81500244140625,1
2026-08-15T17:16:50Z,NVIDIA H200 NVL,smoke,normal_0_1,dot,e2m7,10,2,7,fp32,dense,cooperative_shuffle,16,32,5,8,2,warp_shuffle,direct_branchy,dense/cooperative_shuffle/x16/direct_branchy,4096,0,1,10240,10240,0,16,256,1,0,1,0.0077120000496506691,0.0077120000496506691,19.1270751953125,1
2026-08-15T17:16:50Z,NVIDIA H200 NVL,smoke,normal_0_1,gemv,e2m7,10,2,7,fp32,dense,cooperative_shuffle,16,32,5,8,2,warp_shuffle,direct_branchy,dense/cooperative_shuffle/x16/direct_branchy,256,32,32,10560,10560,0,32,256,1,0,1,0.005311999935656786,0.005311999935656786,-11.81500244140625,1
2026-08-15T17:16:50Z,NVIDIA H200 NVL,smoke,normal_0_1,dot,e2m7,10,2,7,fp32,dense,scalar,1,32,1,1,1,none,full_lut_global,dense/scalar/x1/full_lut_global,4096,0,1,10240,10240,4096,16,256,1,0,1,0.0072320001199841499,0.0072320001199841499,19.1270751953125,1
2026-08-15T17:16:50Z,NVIDIA H200 NVL,smoke,normal_0_1,gemv,e2m7,10,2,7,fp32,dense,scalar,1,32,1,1,1,none,full_lut_global,dense/scalar/x1/full_lut_global,256,32,32,10560,10560,4096,32,256,1,0,1,0.0048639997839927673,0.0048639997839927673,-11.81500244140625,1
2026-08-15T17:16:50Z,NVIDIA H200 NVL,smoke,normal_0_1,dot,e2m7,10,2,7,fp32,padded,scalar,1,16,1,1,1,none,full_lut_global,padded/scalar/x1/full_lut_global,4096,0,1,10240,16384,4096,16,256,1,0,1,0.0071680000983178616,0.0071680000983178616,19.1270751953125,1
2026-08-15T17:16:50Z,NVIDIA H200 NVL,smoke,normal_0_1,gemv,e2m7,10,2,7,fp32,padded,scalar,1,16,1,1,1,none,full_lut_global,padded/scalar/x1/full_lut_global,256,32,32,10560,16896,4096,32,256,1,0,1,0.0048320000059902668,0.0048320000059902668,-11.81500244140625,1
2026-08-15T17:16:50Z,NVIDIA H200 NVL,smoke,normal_0_1,dot,e2m7,10,2,7,fp32,dense,thread_packet,2,32,1,1,2,none,full_lut_global,dense/thread_packet/x2/full_lut_global,4096,0,1,10240,10240,4096,8,256,1,0,1,0.0072960001416504383,0.0072960001416504383,19.1270751953125,1
2026-08-15T17:16:50Z,NVIDIA H200 NVL,smoke,normal_0_1,gemv,e2m7,10,2,7,fp32,dense,thread_packet,2,32,1,1,2,none,full_lut_global,dense/thread_packet/x2/full_lut_global,256,32,32,10560,10560,4096,32,256,1,0,1,0.0048000002279877663,0.0048000002279877663,-11.81500244140625,1
2026-08-15T17:16:50Z,NVIDIA H200 NVL,smoke,normal_0_1,dot,e2m7,10,2,7,fp32,dense,thread_packet,4,32,1,1,4,none,full_lut_global,dense/thread_packet/x4/full_lut_global,4096,0,1,10240,10240,4096,4,256,1,0,1,0.0073279999196529388,0.0073279999196529388,19.1270751953125,1
2026-08-15T17:16:50Z,NVIDIA H200 NVL,smoke,normal_0_1,gemv,e2m7,10,2,7,fp32,dense,thread_packet,4,32,1,1,4,none,full_lut_global,dense/thread_packet/x4/full_lut_global,256,32,32,10560,10560,4096,32,256,1,0,1,0.0050559998489916325,0.0050559998489916325,-11.81500244140625,1
2026-08-15T17:16:50Z,NVIDIA H200 NVL,smoke,normal_0_1,dot,e2m7,10,2,7,fp32,dense,thread_packet,8,32,1,1,8,none,full_lut_global,dense/thread_packet/x8/full_lut_global,4096,0,1,10240,10240,4096,2,256,1,0,1,0.0077120000496506691,0.0077120000496506691,19.1270751953125,1
2026-08-15T17:16:50Z,NVIDIA H200 NVL,smoke,normal_0_1,gemv,e2m7,10,2,7,fp32,dense,thread_packet,8,32,1,1,8,none,full_lut_global,dense/thread_packet/x8/full_lut_global,256,32,32,10560,10560,4096,32,256,1,0,1,0.0056320000439882278,0.0056320000439882278,-11.81500244140625,1
2026-08-15T17:16:50Z,NVIDIA H200 NVL,smoke,normal_0_1,dot,e2m7,10,2,7,fp32,padded,thread_packet,2,16,1,1,2,none,full_lut_global,padded/thread_packet/x2/full_lut_global,4096,0,1,10240,16384,4096,8,256,1,0,1,0.007007999811321497,0.007007999811321497,19.1270751953125,1
2026-08-15T17:16:50Z,NVIDIA H200 NVL,smoke,normal_0_1,gemv,e2m7,10,2,7,fp32,padded,thread_packet,2,16,1,1,2,none,full_lut_global,padded/thread_packet/x2/full_lut_global,256,32,32,10560,16896,4096,32,256,1,0,1,0.0048320000059902668,0.0048320000059902668,-11.81500244140625,1
2026-08-15T17:16:50Z,NVIDIA H200 NVL,smoke,normal_0_1,dot,e2m7,10,2,7,fp32,padded,thread_packet,4,16,1,1,4,none,full_lut_global,padded/thread_packet/x4/full_lut_global,4096,0,1,10240,16384,4096,4,256,1,0,1,0.0071359998546540737,0.0071359998546540737,19.1270751953125,1
2026-08-15T17:16:50Z,NVIDIA H200 NVL,smoke,normal_0_1,gemv,e2m7,10,2,7,fp32,padded,thread_packet,4,16,1,1,4,none,full_lut_global,padded/thread_packet/x4/full_lut_global,256,32,32,10560,16896,4096,32,256,1,0,1,0.0051199998706579208,0.0051199998706579208,-11.81500244140625,1
2026-08-15T17:16:50Z,NVIDIA H200 NVL,smoke,normal_0_1,dot,e2m7,10,2,7,fp32,padded,thread_packet,8,16,1,1,8,none,full_lut_global,padded/thread_packet/x8/full_lut_global,4096,0,1,10240,16384,4096,2,256,1,0,1,0.0073600001633167267,0.0073600001633167267,19.1270751953125,1
2026-08-15T17:16:50Z,NVIDIA H200 NVL,smoke,normal_0_1,gemv,e2m7,10,2,7,fp32,padded,thread_packet,8,16,1,1,8,none,full_lut_global,padded/thread_packet/x8/full_lut_global,256,32,32,10560,16896,4096,32,256,1,0,1,0.0053759999573230743,0.0053759999573230743,-11.81500244140625,1
2026-08-15T17:16:50Z,NVIDIA H200 NVL,smoke,normal_0_1,dot,e2m7,10,2,7,fp32,dense,cooperative_shuffle,16,32,5,8,2,warp_shuffle,full_lut_global,dense/cooperative_shuffle/x16/full_lut_global,4096,0,1,10240,10240,4096,16,256,1,0,1,0.0076159997843205929,0.0076159997843205929,19.1270751953125,1
2026-08-15T17:16:50Z,NVIDIA H200 NVL,smoke,normal_0_1,gemv,e2m7,10,2,7,fp32,dense,cooperative_shuffle,16,32,5,8,2,warp_shuffle,full_lut_global,dense/cooperative_shuffle/x16/full_lut_global,256,32,32,10560,10560,4096,32,256,1,0,1,0.0053759999573230743,0.0053759999573230743,-11.81500244140625,1
2026-08-15T17:16:50Z,NVIDIA H200 NVL,smoke,normal_0_1,dot,e2m7,10,2,7,fp32,dense,scalar,1,32,1,1,1,none,full_lut_shared,dense/scalar/x1/full_lut_shared,4096,0,1,10240,10240,4096,16,256,1,0,1,0.0077439998276531696,0.0077439998276531696,19.1270751953125,1
2026-08-15T17:16:50Z,NVIDIA H200 NVL,smoke,normal_0_1,gemv,e2m7,10,2,7,fp32,dense,scalar,1,32,1,1,1,none,full_lut_shared,dense/scalar/x1/full_lut_shared,256,32,32,10560,10560,4096,32,256,1,0,1,0.0055040000006556511,0.0055040000006556511,-11.81500244140625,1
2026-08-15T17:16:50Z,NVIDIA H200 NVL,smoke,normal_0_1,dot,e2m7,10,2,7,fp32,padded,scalar,1,16,1,1,1,none,full_lut_shared,padded/scalar/x1/full_lut_shared,4096,0,1,10240,16384,4096,16,256,1,0,1,0.0080960001796483994,0.0080960001796483994,19.1270751953125,1
2026-08-15T17:16:50Z,NVIDIA H200 NVL,smoke,normal_0_1,gemv,e2m7,10,2,7,fp32,padded,scalar,1,16,1,1,1,none,full_lut_shared,padded/scalar/x1/full_lut_shared,256,32,32,10560,16896,4096,32,256,1,0,1,0.0056320000439882278,0.0056320000439882278,-11.81500244140625,1
2026-08-15T17:16:50Z,NVIDIA H200 NVL,smoke,normal_0_1,dot,e2m7,10,2,7,fp32,dense,thread_packet,2,32,1,1,2,none,full_lut_shared,dense/thread_packet/x2/full_lut_shared,4096,0,1,10240,10240,4096,8,256,1,0,1,0.0077760000713169575,0.0077760000713169575,19.1270751953125,1
2026-08-15T17:16:50Z,NVIDIA H200 NVL,smoke,normal_0_1,gemv,e2m7,10,2,7,fp32,dense,thread_packet,2,32,1,1,2,none,full_lut_shared,dense/thread_packet/x2/full_lut_shared,256,32,32,10560,10560,4096,32,256,1,0,1,0.0057279998436570168,0.0057279998436570168,-11.81500244140625,1
2026-08-15T17:16:50Z,NVIDIA H200 NVL,smoke,normal_0_1,dot,e2m7,10,2,7,fp32,dense,thread_packet,4,32,1,1,4,none,full_lut_shared,dense/thread_packet/x4/full_lut_shared,4096,0,1,10240,10240,4096,4,256,1,0,1,0.007807999849319458,0.007807999849319458,19.1270751953125,1
2026-08-15T17:16:50Z,NVIDIA H200 NVL,smoke,normal_0_1,gemv,e2m7,10,2,7,fp32,dense,thread_packet,4,32,1,1,4,none,full_lut_shared,dense/thread_packet/x4/full_lut_shared,256,32,32,10560,10560,4096,32,256,1,0,1,0.0057600000873208046,0.0057600000873208046,-11.81500244140625,1
2026-08-15T17:16:50Z,NVIDIA H200 NVL,smoke,normal_0_1,dot,e2m7,10,2,7,fp32,dense,thread_packet,8,32,1,1,8,none,full_lut_shared,dense/thread_packet/x8/full_lut_shared,4096,0,1,10240,10240,4096,2,256,1,0,1,0.0083839995786547661,0.0083839995786547661,19.1270751953125,1
2026-08-15T17:16:50Z,NVIDIA H200 NVL,smoke,normal_0_1,gemv,e2m7,10,2,7,fp32,dense,thread_packet,8,32,1,1,8,none,full_lut_shared,dense/thread_packet/x8/full_lut_shared,256,32,32,10560,10560,4096,32,256,1,0,1,0.0060479999519884586,0.0060479999519884586,-11.81500244140625,1
2026-08-15T17:16:50Z,NVIDIA H200 NVL,smoke,normal_0_1,dot,e2m7,10,2,7,fp32,padded,thread_packet,2,16,1,1,2,none,full_lut_shared,padded/thread_packet/x2/full_lut_shared,4096,0,1,10240,16384,4096,8,256,1,0,1,0.0077439998276531696,0.0077439998276531696,19.1270751953125,1
2026-08-15T17:16:50Z,NVIDIA H200 NVL,smoke,normal_0_1,gemv,e2m7,10,2,7,fp32,padded,thread_packet,2,16,1,1,2,none,full_lut_shared,padded/thread_packet/x2/full_lut_shared,256,32,32,10560,16896,4096,32,256,1,0,1,0.0054399999789893627,0.0054399999789893627,-11.81500244140625,1
2026-08-15T17:16:50Z,NVIDIA H200 NVL,smoke,normal_0_1,dot,e2m7,10,2,7,fp32,padded,thread_packet,4,16,1,1,4,none,full_lut_shared,padded/thread_packet/x4/full_lut_shared,4096,0,1,10240,16384,4096,4,256,1,0,1,0.0077120000496506691,0.0077120000496506691,19.1270751953125,1
2026-08-15T17:16:50Z,NVIDIA H200 NVL,smoke,normal_0_1,gemv,e2m7,10,2,7,fp32,padded,thread_packet,4,16,1,1,4,none,full_lut_shared,padded/thread_packet/x4/full_lut_shared,256,32,32,10560,16896,4096,32,256,1,0,1,0.00559999980032444,0.00559999980032444,-11.81500244140625,1
2026-08-15T17:16:50Z,NVIDIA H200 NVL,smoke,normal_0_1,dot,e2m7,10,2,7,fp32,padded,thread_packet,8,16,1,1,8,none,full_lut_shared,padded/thread_packet/x8/full_lut_shared,4096,0,1,10240,16384,4096,2,256,1,0,1,0.0076799998059868813,0.0076799998059868813,19.1270751953125,1
2026-08-15T17:16:50Z,NVIDIA H200 NVL,smoke,normal_0_1,gemv,e2m7,10,2,7,fp32,padded,thread_packet,8,16,1,1,8,none,full_lut_shared,padded/thread_packet/x8/full_lut_shared,256,32,32,10560,16896,4096,32,256,1,0,1,0.0055680000223219395,0.0055680000223219395,-11.81500244140625,1
2026-08-15T17:16:50Z,NVIDIA H200 NVL,smoke,normal_0_1,dot,e2m7,10,2,7,fp32,dense,cooperative_shuffle,16,32,5,8,2,warp_shuffle,full_lut_shared,dense/cooperative_shuffle/x16/full_lut_shared,4096,0,1,10240,10240,4096,16,256,1,0,1,0.0080960001796483994,0.0080960001796483994,19.1270751953125,1
2026-08-15T17:16:50Z,NVIDIA H200 NVL,smoke,normal_0_1,gemv,e2m7,10,2,7,fp32,dense,cooperative_shuffle,16,32,5,8,2,warp_shuffle,full_lut_shared,dense/cooperative_shuffle/x16/full_lut_shared,256,32,32,10560,10560,4096,32,256,1,0,1,0.0057600000873208046,0.0057600000873208046,-11.81500244140625,1
2026-08-15T17:16:50Z,NVIDIA H200 NVL,smoke,normal_0_1,dot,e2m7,10,2,7,fp32,dense,scalar,1,32,1,1,1,none,prefix_lut_global,dense/scalar/x1/prefix_lut_global,4096,0,1,10240,10240,32,16,256,1,0,1,0.0074880002066493034,0.0074880002066493034,19.1270751953125,1
2026-08-15T17:16:50Z,NVIDIA H200 NVL,smoke,normal_0_1,gemv,e2m7,10,2,7,fp32,dense,scalar,1,32,1,1,1,none,prefix_lut_global,dense/scalar/x1/prefix_lut_global,256,32,32,10560,10560,32,32,256,1,0,1,0.0051520001143217087,0.0051520001143217087,-11.81500244140625,1
2026-08-15T17:16:50Z,NVIDIA H200 NVL,smoke,normal_0_1,dot,e2m7,10,2,7,fp32,padded,scalar,1,16,1,1,1,none,prefix_lut_global,padded/scalar/x1/prefix_lut_global,4096,0,1,10240,16384,32,16,256,1,0,1,0.007519999984651804,0.007519999984651804,19.1270751953125,1
2026-08-15T17:16:50Z,NVIDIA H200 NVL,smoke,normal_0_1,gemv,e2m7,10,2,7,fp32,padded,scalar,1,16,1,1,1,none,prefix_lut_global,padded/scalar/x1/prefix_lut_global,256,32,32,10560,16896,32,32,256,1,0,1,0.0051199998706579208,0.0051199998706579208,-11.81500244140625,1
2026-08-15T17:16:50Z,NVIDIA H200 NVL,smoke,normal_0_1,dot,e2m7,10,2,7,fp32,dense,thread_packet,2,32,1,1,2,none,prefix_lut_global,dense/thread_packet/x2/prefix_lut_global,4096,0,1,10240,10240,32,8,256,1,0,1,0.0076799998059868813,0.0076799998059868813,19.1270751953125,1
2026-08-15T17:16:50Z,NVIDIA H200 NVL,smoke,normal_0_1,gemv,e2m7,10,2,7,fp32,dense,thread_packet,2,32,1,1,2,none,prefix_lut_global,dense/thread_packet/x2/prefix_lut_global,256,32,32,10560,10560,32,32,256,1,0,1,0.005311999935656786,0.005311999935656786,-11.81500244140625,1
2026-08-15T17:16:50Z,NVIDIA H200 NVL,smoke,normal_0_1,dot,e2m7,10,2,7,fp32,dense,thread_packet,4,32,1,1,4,none,prefix_lut_global,dense/thread_packet/x4/prefix_lut_global,4096,0,1,10240,10240,32,4,256,1,0,1,0.0081919999793171883,0.0081919999793171883,19.1270751953125,1
2026-08-15T17:16:50Z,NVIDIA H200 NVL,smoke,normal_0_1,gemv,e2m7,10,2,7,fp32,dense,thread_packet,4,32,1,1,4,none,prefix_lut_global,dense/thread_packet/x4/prefix_lut_global,256,32,32,10560,10560,32,32,256,1,0,1,0.0061440002173185349,0.0061440002173185349,-11.81500244140625,1
2026-08-15T17:16:50Z,NVIDIA H200 NVL,smoke,normal_0_1,dot,e2m7,10,2,7,fp32,dense,thread_packet,8,32,1,1,8,none,prefix_lut_global,dense/thread_packet/x8/prefix_lut_global,4096,0,1,10240,10240,32,2,256,1,0,1,0.0095680002123117447,0.0095680002123117447,19.1270751953125,1
2026-08-15T17:16:50Z,NVIDIA H200 NVL,smoke,normal_0_1,gemv,e2m7,10,2,7,fp32,dense,thread_packet,8,32,1,1,8,none,prefix_lut_global,dense/thread_packet/x8/prefix_lut_global,256,32,32,10560,10560,32,32,256,1,0,1,0.0076480000279843807,0.0076480000279843807,-11.81500244140625,1
2026-08-15T17:16:50Z,NVIDIA H200 NVL,smoke,normal_0_1,dot,e2m7,10,2,7,fp32,padded,thread_packet,2,16,1,1,2,none,prefix_lut_global,padded/thread_packet/x2/prefix_lut_global,4096,0,1,10240,16384,32,8,256,1,0,1,0.0073600001633167267,0.0073600001633167267,19.1270751953125,1
2026-08-15T17:16:50Z,NVIDIA H200 NVL,smoke,normal_0_1,gemv,e2m7,10,2,7,fp32,padded,thread_packet,2,16,1,1,2,none,prefix_lut_global,padded/thread_packet/x2/prefix_lut_global,256,32,32,10560,16896,32,32,256,1,0,1,0.0053440001793205738,0.0053440001793205738,-11.81500244140625,1
2026-08-15T17:16:50Z,NVIDIA H200 NVL,smoke,normal_0_1,dot,e2m7,10,2,7,fp32,padded,thread_packet,4,16,1,1,4,none,prefix_lut_global,padded/thread_packet/x4/prefix_lut_global,4096,0,1,10240,16384,32,4,256,1,0,1,0.0079039996489882469,0.0079039996489882469,19.1270751953125,1
2026-08-15T17:16:50Z,NVIDIA H200 NVL,smoke,normal_0_1,gemv,e2m7,10,2,7,fp32,padded,thread_packet,4,16,1,1,4,none,prefix_lut_global,padded/thread_packet/x4/prefix_lut_global,256,32,32,10560,16896,32,32,256,1,0,1,0.0057600000873208046,0.0057600000873208046,-11.81500244140625,1
2026-08-15T17:16:50Z,NVIDIA H200 NVL,smoke,normal_0_1,dot,e2m7,10,2,7,fp32,padded,thread_packet,8,16,1,1,8,none,prefix_lut_global,padded/thread_packet/x8/prefix_lut_global,4096,0,1,10240,16384,32,2,256,1,0,1,0.0092160003259778023,0.0092160003259778023,19.1270751953125,1
2026-08-15T17:16:50Z,NVIDIA H200 NVL,smoke,normal_0_1,gemv,e2m7,10,2,7,fp32,padded,thread_packet,8,16,1,1,8,none,prefix_lut_global,padded/thread_packet/x8/prefix_lut_global,256,32,32,10560,16896,32,32,256,1,0,1,0.0070719998329877853,0.0070719998329877853,-11.81500244140625,1
2026-08-15T17:16:50Z,NVIDIA H200 NVL,smoke,normal_0_1,dot,e2m7,10,2,7,fp32,dense,cooperative_shuffle,16,32,5,8,2,warp_shuffle,prefix_lut_global,dense/cooperative_shuffle/x16/prefix_lut_global,4096,0,1,10240,10240,32,16,256,1,0,1,0.0080000003799796104,0.0080000003799796104,19.1270751953125,1
2026-08-15T17:16:50Z,NVIDIA H200 NVL,smoke,normal_0_1,gemv,e2m7,10,2,7,fp32,dense,cooperative_shuffle,16,32,5,8,2,warp_shuffle,prefix_lut_global,dense/cooperative_shuffle/x16/prefix_lut_global,256,32,32,10560,10560,32,32,256,1,0,1,0.00559999980032444,0.00559999980032444,-11.81500244140625,1
2026-08-15T17:16:50Z,NVIDIA H200 NVL,smoke,normal_0_1,dot,e2m7,10,2,7,fp32,dense,scalar,1,32,1,1,1,none,prefix_lut_shared,dense/scalar/x1/prefix_lut_shared,4096,0,1,10240,10240,32,16,256,1,0,1,0.0076799998059868813,0.0076799998059868813,19.1270751953125,1
2026-08-15T17:16:50Z,NVIDIA H200 NVL,smoke,normal_0_1,gemv,e2m7,10,2,7,fp32,dense,scalar,1,32,1,1,1,none,prefix_lut_shared,dense/scalar/x1/prefix_lut_shared,256,32,32,10560,10560,32,32,256,1,0,1,0.0051199998706579208,0.0051199998706579208,-11.81500244140625,1
2026-08-15T17:16:50Z,NVIDIA H200 NVL,smoke,normal_0_1,dot,e2m7,10,2,7,fp32,padded,scalar,1,16,1,1,1,none,prefix_lut_shared,padded/scalar/x1/prefix_lut_shared,4096,0,1,10240,16384,32,16,256,1,0,1,0.0098879998549818993,0.0098879998549818993,19.1270751953125,1
2026-08-15T17:16:50Z,NVIDIA H200 NVL,smoke,normal_0_1,gemv,e2m7,10,2,7,fp32,padded,scalar,1,16,1,1,1,none,prefix_lut_shared,padded/scalar/x1/prefix_lut_shared,256,32,32,10560,16896,32,32,256,1,0,1,0.0051199998706579208,0.0051199998706579208,-11.81500244140625,1
2026-08-15T17:16:50Z,NVIDIA H200 NVL,smoke,normal_0_1,dot,e2m7,10,2,7,fp32,dense,thread_packet,2,32,1,1,2,none,prefix_lut_shared,dense/thread_packet/x2/prefix_lut_shared,4096,0,1,10240,10240,32,8,256,1,0,1,0.0080000003799796104,0.0080000003799796104,19.1270751953125,1
2026-08-15T17:16:50Z,NVIDIA H200 NVL,smoke,normal_0_1,gemv,e2m7,10,2,7,fp32,dense,thread_packet,2,32,1,1,2,none,prefix_lut_shared,dense/thread_packet/x2/prefix_lut_shared,256,32,32,10560,10560,32,32,256,1,0,1,0.005311999935656786,0.005311999935656786,-11.81500244140625,1
2026-08-15T17:16:50Z,NVIDIA H200 NVL,smoke,normal_0_1,dot,e2m7,10,2,7,fp32,dense,thread_packet,4,32,1,1,4,none,prefix_lut_shared,dense/thread_packet/x4/prefix_lut_shared,4096,0,1,10240,10240,32,4,256,1,0,1,0.0084480000659823418,0.0084480000659823418,19.1270751953125,1
2026-08-15T17:16:50Z,NVIDIA H200 NVL,smoke,normal_0_1,gemv,e2m7,10,2,7,fp32,dense,thread_packet,4,32,1,1,4,none,prefix_lut_shared,dense/thread_packet/x4/prefix_lut_shared,256,32,32,10560,10560,32,32,256,1,0,1,0.0062400000169873238,0.0062400000169873238,-11.81500244140625,1
2026-08-15T17:16:50Z,NVIDIA H200 NVL,smoke,normal_0_1,dot,e2m7,10,2,7,fp32,dense,thread_packet,8,32,1,1,8,none,prefix_lut_shared,dense/thread_packet/x8/prefix_lut_shared,4096,0,1,10240,10240,32,2,256,1,0,1,0.0098240002989768982,0.0098240002989768982,19.1270751953125,1
2026-08-15T17:16:50Z,NVIDIA H200 NVL,smoke,normal_0_1,gemv,e2m7,10,2,7,fp32,dense,thread_packet,8,32,1,1,8,none,prefix_lut_shared,dense/thread_packet/x8/prefix_lut_shared,256,32,32,10560,10560,32,32,256,1,0,1,0.0076480000279843807,0.0076480000279843807,-11.81500244140625,1
2026-08-15T17:16:50Z,NVIDIA H200 NVL,smoke,normal_0_1,dot,e2m7,10,2,7,fp32,padded,thread_packet,2,16,1,1,2,none,prefix_lut_shared,padded/thread_packet/x2/prefix_lut_shared,4096,0,1,10240,16384,32,8,256,1,0,1,0.0076799998059868813,0.0076799998059868813,19.1270751953125,1
2026-08-15T17:16:50Z,NVIDIA H200 NVL,smoke,normal_0_1,gemv,e2m7,10,2,7,fp32,padded,thread_packet,2,16,1,1,2,none,prefix_lut_shared,padded/thread_packet/x2/prefix_lut_shared,256,32,32,10560,16896,32,32,256,1,0,1,0.0055359997786581516,0.0055359997786581516,-11.81500244140625,1
2026-08-15T17:16:50Z,NVIDIA H200 NVL,smoke,normal_0_1,dot,e2m7,10,2,7,fp32,padded,thread_packet,4,16,1,1,4,none,prefix_lut_shared,padded/thread_packet/x4/prefix_lut_shared,4096,0,1,10240,16384,32,4,256,1,0,1,0.0082559995353221893,0.0082559995353221893,19.1270751953125,1
2026-08-15T17:16:50Z,NVIDIA H200 NVL,smoke,normal_0_1,gemv,e2m7,10,2,7,fp32,padded,thread_packet,4,16,1,1,4,none,prefix_lut_shared,padded/thread_packet/x4/prefix_lut_shared,256,32,32,10560,16896,32,32,256,1,0,1,0.0061759999953210354,0.0061759999953210354,-11.81500244140625,1
2026-08-15T17:16:50Z,NVIDIA H200 NVL,smoke,normal_0_1,dot,e2m7,10,2,7,fp32,padded,thread_packet,8,16,1,1,8,none,prefix_lut_shared,padded/thread_packet/x8/prefix_lut_shared,4096,0,1,10240,16384,32,2,256,1,0,1,0.0094720004126429558,0.0094720004126429558,19.1270751953125,1
2026-08-15T17:16:50Z,NVIDIA H200 NVL,smoke,normal_0_1,gemv,e2m7,10,2,7,fp32,padded,thread_packet,8,16,1,1,8,none,prefix_lut_shared,padded/thread_packet/x8/prefix_lut_shared,256,32,32,10560,16896,32,32,256,1,0,1,0.0069439997896552086,0.0069439997896552086,-11.81500244140625,1
2026-08-15T17:16:50Z,NVIDIA H200 NVL,smoke,normal_0_1,dot,e2m7,10,2,7,fp32,dense,cooperative_shuffle,16,32,5,8,2,warp_shuffle,prefix_lut_shared,dense/cooperative_shuffle/x16/prefix_lut_shared,4096,0,1,10240,10240,32,16,256,1,0,1,0.0082240002229809761,0.0082240002229809761,19.1270751953125,1
2026-08-15T17:16:50Z,NVIDIA H200 NVL,smoke,normal_0_1,gemv,e2m7,10,2,7,fp32,dense,cooperative_shuffle,16,32,5,8,2,warp_shuffle,prefix_lut_shared,dense/cooperative_shuffle/x16/prefix_lut_shared,256,32,32,10560,10560,32,32,256,1,0,1,0.0057600000873208046,0.0057600000873208046,-11.81500244140625,1
2026-08-15T17:16:50Z,NVIDIA H200 NVL,smoke,normal_0_1,dot,e2m7,10,2,7,fp32,dense,scalar,1,32,1,1,1,none,subnormal_lut_global,dense/scalar/x1/subnormal_lut_global,4096,0,1,10240,10240,512,16,256,1,0,1,0.0073919999413192272,0.0073919999413192272,19.1270751953125,1
2026-08-15T17:16:50Z,NVIDIA H200 NVL,smoke,normal_0_1,gemv,e2m7,10,2,7,fp32,dense,scalar,1,32,1,1,1,none,subnormal_lut_global,dense/scalar/x1/subnormal_lut_global,256,32,32,10560,10560,512,32,256,1,0,1,0.0051199998706579208,0.0051199998706579208,-11.81500244140625,1
2026-08-15T17:16:50Z,NVIDIA H200 NVL,smoke,normal_0_1,dot,e2m7,10,2,7,fp32,padded,scalar,1,16,1,1,1,none,subnormal_lut_global,padded/scalar/x1/subnormal_lut_global,4096,0,1,10240,16384,512,16,256,1,0,1,0.0073919999413192272,0.0073919999413192272,19.1270751953125,1
2026-08-15T17:16:50Z,NVIDIA H200 NVL,smoke,normal_0_1,gemv,e2m7,10,2,7,fp32,padded,scalar,1,16,1,1,1,none,subnormal_lut_global,padded/scalar/x1/subnormal_lut_global,256,32,32,10560,16896,512,32,256,1,0,1,0.0051199998706579208,0.0051199998706579208,-11.81500244140625,1
2026-08-15T17:16:50Z,NVIDIA H200 NVL,smoke,normal_0_1,dot,e2m7,10,2,7,fp32,dense,thread_packet,2,32,1,1,2,none,subnormal_lut_global,dense/thread_packet/x2/subnormal_lut_global,4096,0,1,10240,10240,512,8,256,1,0,1,0.0075520002283155918,0.0075520002283155918,19.1270751953125,1
2026-08-15T17:16:50Z,NVIDIA H200 NVL,smoke,normal_0_1,gemv,e2m7,10,2,7,fp32,dense,thread_packet,2,32,1,1,2,none,subnormal_lut_global,dense/thread_packet/x2/subnormal_lut_global,256,32,32,10560,10560,512,32,256,1,0,1,0.0052800001576542854,0.0052800001576542854,-11.81500244140625,1
2026-08-15T17:16:50Z,NVIDIA H200 NVL,smoke,normal_0_1,dot,e2m7,10,2,7,fp32,dense,thread_packet,4,32,1,1,4,none,subnormal_lut_global,dense/thread_packet/x4/subnormal_lut_global,4096,0,1,10240,10240,512,4,256,1,0,1,0.0082879997789859772,0.0082879997789859772,19.1270751953125,1
2026-08-15T17:16:50Z,NVIDIA H200 NVL,smoke,normal_0_1,gemv,e2m7,10,2,7,fp32,dense,thread_packet,4,32,1,1,4,none,subnormal_lut_global,dense/thread_packet/x4/subnormal_lut_global,256,32,32,10560,10560,512,32,256,1,0,1,0.0060800001956522465,0.0060800001956522465,-11.81500244140625,1
2026-08-15T17:16:50Z,NVIDIA H200 NVL,smoke,normal_0_1,dot,e2m7,10,2,7,fp32,dense,thread_packet,8,32,1,1,8,none,subnormal_lut_global,dense/thread_packet/x8/subnormal_lut_global,4096,0,1,10240,10240,512,2,256,1,0,1,0.0091199995949864388,0.0091199995949864388,19.1270751953125,1
2026-08-15T17:16:50Z,NVIDIA H200 NVL,smoke,normal_0_1,gemv,e2m7,10,2,7,fp32,dense,thread_packet,8,32,1,1,8,none,subnormal_lut_global,dense/thread_packet/x8/subnormal_lut_global,256,32,32,10560,10560,512,32,256,1,0,1,0.0071999998763203621,0.0071999998763203621,-11.81500244140625,1
2026-08-15T17:16:50Z,NVIDIA H200 NVL,smoke,normal_0_1,dot,e2m7,10,2,7,fp32,padded,thread_packet,2,16,1,1,2,none,subnormal_lut_global,padded/thread_packet/x2/subnormal_lut_global,4096,0,1,10240,16384,512,8,256,1,0,1,0.007519999984651804,0.007519999984651804,19.1270751953125,1
2026-08-15T17:16:50Z,NVIDIA H200 NVL,smoke,normal_0_1,gemv,e2m7,10,2,7,fp32,padded,thread_packet,2,16,1,1,2,none,subnormal_lut_global,padded/thread_packet/x2/subnormal_lut_global,256,32,32,10560,16896,512,32,256,1,0,1,0.0054720002226531506,0.0054720002226531506,-11.81500244140625,1
2026-08-15T17:16:50Z,NVIDIA H200 NVL,smoke,normal_0_1,dot,e2m7,10,2,7,fp32,padded,thread_packet,4,16,1,1,4,none,subnormal_lut_global,padded/thread_packet/x4/subnormal_lut_global,4096,0,1,10240,16384,512,4,256,1,0,1,0.0078400000929832458,0.0078400000929832458,19.1270751953125,1
2026-08-15T17:16:50Z,NVIDIA H200 NVL,smoke,normal_0_1,gemv,e2m7,10,2,7,fp32,padded,thread_packet,4,16,1,1,4,none,subnormal_lut_global,padded/thread_packet/x4/subnormal_lut_global,256,32,32,10560,16896,512,32,256,1,0,1,0.0057919998653233051,0.0057919998653233051,-11.81500244140625,1
2026-08-15T17:16:50Z,NVIDIA H200 NVL,smoke,normal_0_1,dot,e2m7,10,2,7,fp32,padded,thread_packet,8,16,1,1,8,none,subnormal_lut_global,padded/thread_packet/x8/subnormal_lut_global,4096,0,1,10240,16384,512,2,256,1,0,1,0.008832000195980072,0.008832000195980072,19.1270751953125,1
2026-08-15T17:16:50Z,NVIDIA H200 NVL,smoke,normal_0_1,gemv,e2m7,10,2,7,fp32,padded,thread_packet,8,16,1,1,8,none,subnormal_lut_global,padded/thread_packet/x8/subnormal_lut_global,256,32,32,10560,16896,512,32,256,1,0,1,0.007007999811321497,0.007007999811321497,-11.81500244140625,1
2026-08-15T17:16:50Z,NVIDIA H200 NVL,smoke,normal_0_1,dot,e2m7,10,2,7,fp32,dense,cooperative_shuffle,16,32,5,8,2,warp_shuffle,subnormal_lut_global,dense/cooperative_shuffle/x16/subnormal_lut_global,4096,0,1,10240,10240,512,16,256,1,0,1,0.0078400000929832458,0.0078400000929832458,19.1270751953125,1
2026-08-15T17:16:50Z,NVIDIA H200 NVL,smoke,normal_0_1,gemv,e2m7,10,2,7,fp32,dense,cooperative_shuffle,16,32,5,8,2,warp_shuffle,subnormal_lut_global,dense/cooperative_shuffle/x16/subnormal_lut_global,256,32,32,10560,10560,512,32,256,1,0,1,0.0055359997786581516,0.0055359997786581516,-11.81500244140625,1
2026-08-15T17:16:50Z,NVIDIA H200 NVL,smoke,normal_0_1,dot,e2m7,10,2,7,fp32,dense,scalar,1,32,1,1,1,none,subnormal_lut_shared,dense/scalar/x1/subnormal_lut_shared,4096,0,1,10240,10240,512,16,256,1,0,1,0.0076480000279843807,0.0076480000279843807,19.1270751953125,1
2026-08-15T17:16:50Z,NVIDIA H200 NVL,smoke,normal_0_1,gemv,e2m7,10,2,7,fp32,dense,scalar,1,32,1,1,1,none,subnormal_lut_shared,dense/scalar/x1/subnormal_lut_shared,256,32,32,10560,10560,512,32,256,1,0,1,0.0051199998706579208,0.0051199998706579208,-11.81500244140625,1
2026-08-15T17:16:50Z,NVIDIA H200 NVL,smoke,normal_0_1,dot,e2m7,10,2,7,fp32,padded,scalar,1,16,1,1,1,none,subnormal_lut_shared,padded/scalar/x1/subnormal_lut_shared,4096,0,1,10240,16384,512,16,256,1,0,1,0.0072960001416504383,0.0072960001416504383,19.1270751953125,1
2026-08-15T17:16:50Z,NVIDIA H200 NVL,smoke,normal_0_1,gemv,e2m7,10,2,7,fp32,padded,scalar,1,16,1,1,1,none,subnormal_lut_shared,padded/scalar/x1/subnormal_lut_shared,256,32,32,10560,16896,512,32,256,1,0,1,0.0052479999139904976,0.0052479999139904976,-11.81500244140625,1
2026-08-15T17:16:50Z,NVIDIA H200 NVL,smoke,normal_0_1,dot,e2m7,10,2,7,fp32,dense,thread_packet,2,32,1,1,2,none,subnormal_lut_shared,dense/thread_packet/x2/subnormal_lut_shared,4096,0,1,10240,10240,512,8,256,1,0,1,0.0076480000279843807,0.0076480000279843807,19.1270751953125,1
2026-08-15T17:16:50Z,NVIDIA H200 NVL,smoke,normal_0_1,gemv,e2m7,10,2,7,fp32,dense,thread_packet,2,32,1,1,2,none,subnormal_lut_shared,dense/thread_packet/x2/subnormal_lut_shared,256,32,32,10560,10560,512,32,256,1,0,1,0.0053759999573230743,0.0053759999573230743,-11.81500244140625,1
2026-08-15T17:16:50Z,NVIDIA H200 NVL,smoke,normal_0_1,dot,e2m7,10,2,7,fp32,dense,thread_packet,4,32,1,1,4,none,subnormal_lut_shared,dense/thread_packet/x4/subnormal_lut_shared,4096,0,1,10240,10240,512,4,256,1,0,1,0.0081919999793171883,0.0081919999793171883,19.1270751953125,1
2026-08-15T17:16:50Z,NVIDIA H200 NVL,smoke,normal_0_1,gemv,e2m7,10,2,7,fp32,dense,thread_packet,4,32,1,1,4,none,subnormal_lut_shared,dense/thread_packet/x4/subnormal_lut_shared,256,32,32,10560,10560,512,32,256,1,0,1,0.006111999973654747,0.006111999973654747,-11.81500244140625,1
2026-08-15T17:16:50Z,NVIDIA H200 NVL,smoke,normal_0_1,dot,e2m7,10,2,7,fp32,dense,thread_packet,8,32,1,1,8,none,subnormal_lut_shared,dense/thread_packet/x8/subnormal_lut_shared,4096,0,1,10240,10240,512,2,256,1,0,1,0.0091519998386502266,0.0091519998386502266,19.1270751953125,1
2026-08-15T17:16:50Z,NVIDIA H200 NVL,smoke,normal_0_1,gemv,e2m7,10,2,7,fp32,dense,thread_packet,8,32,1,1,8,none,subnormal_lut_shared,dense/thread_packet/x8/subnormal_lut_shared,256,32,32,10560,10560,512,32,256,1,0,1,0.0069760000333189964,0.0069760000333189964,-11.81500244140625,1
2026-08-15T17:16:50Z,NVIDIA H200 NVL,smoke,normal_0_1,dot,e2m7,10,2,7,fp32,padded,thread_packet,2,16,1,1,2,none,subnormal_lut_shared,padded/thread_packet/x2/subnormal_lut_shared,4096,0,1,10240,16384,512,8,256,1,0,1,0.0077120000496506691,0.0077120000496506691,19.1270751953125,1
2026-08-15T17:16:50Z,NVIDIA H200 NVL,smoke,normal_0_1,gemv,e2m7,10,2,7,fp32,padded,thread_packet,2,16,1,1,2,none,subnormal_lut_shared,padded/thread_packet/x2/subnormal_lut_shared,256,32,32,10560,16896,512,32,256,1,0,1,0.005311999935656786,0.005311999935656786,-11.81500244140625,1
2026-08-15T17:16:50Z,NVIDIA H200 NVL,smoke,normal_0_1,dot,e2m7,10,2,7,fp32,padded,thread_packet,4,16,1,1,4,none,subnormal_lut_shared,padded/thread_packet/x4/subnormal_lut_shared,4096,0,1,10240,16384,512,4,256,1,0,1,0.0081280004233121872,0.0081280004233121872,19.1270751953125,1
2026-08-15T17:16:50Z,NVIDIA H200 NVL,smoke,normal_0_1,gemv,e2m7,10,2,7,fp32,padded,thread_packet,4,16,1,1,4,none,subnormal_lut_shared,padded/thread_packet/x4/subnormal_lut_shared,256,32,32,10560,16896,512,32,256,1,0,1,0.0057919998653233051,0.0057919998653233051,-11.81500244140625,1
2026-08-15T17:16:50Z,NVIDIA H200 NVL,smoke,normal_0_1,dot,e2m7,10,2,7,fp32,padded,thread_packet,8,16,1,1,8,none,subnormal_lut_shared,padded/thread_packet/x8/subnormal_lut_shared,4096,0,1,10240,16384,512,2,256,1,0,1,0.0091840000823140144,0.0091840000823140144,19.1270751953125,1
2026-08-15T17:16:50Z,NVIDIA H200 NVL,smoke,normal_0_1,gemv,e2m7,10,2,7,fp32,padded,thread_packet,8,16,1,1,8,none,subnormal_lut_shared,padded/thread_packet/x8/subnormal_lut_shared,256,32,32,10560,16896,512,32,256,1,0,1,0.0068160002119839191,0.0068160002119839191,-11.81500244140625,1
2026-08-15T17:16:50Z,NVIDIA H200 NVL,smoke,normal_0_1,dot,e2m7,10,2,7,fp32,dense,cooperative_shuffle,16,32,5,8,2,warp_shuffle,subnormal_lut_shared,dense/cooperative_shuffle/x16/subnormal_lut_shared,4096,0,1,10240,10240,512,16,256,1,0,1,0.0080000003799796104,0.0080000003799796104,19.1270751953125,1
2026-08-15T17:16:50Z,NVIDIA H200 NVL,smoke,normal_0_1,gemv,e2m7,10,2,7,fp32,dense,cooperative_shuffle,16,32,5,8,2,warp_shuffle,subnormal_lut_shared,dense/cooperative_shuffle/x16/subnormal_lut_shared,256,32,32,10560,10560,512,32,256,1,0,1,0.00559999980032444,0.00559999980032444,-11.81500244140625,1
2026-08-15T17:16:50Z,NVIDIA H200 NVL,smoke,normal_0_1,dot,e5m4,10,5,4,fp32,dense,scalar,1,32,1,1,1,none,generic,dense/scalar/x1/generic,4096,0,1,10240,10240,0,16,256,1,0,1,0.0072320001199841499,0.0072320001199841499,20.457607269287109,1
2026-08-15T17:16:50Z,NVIDIA H200 NVL,smoke,normal_0_1,gemv,e5m4,10,5,4,fp32,dense,scalar,1,32,1,1,1,none,generic,dense/scalar/x1/generic,256,32,32,10560,10560,0,32,256,1,0,1,0.0047679999843239784,0.0047679999843239784,-11.586105346679688,1
2026-08-15T17:16:50Z,NVIDIA H200 NVL,smoke,normal_0_1,dot,e5m4,10,5,4,fp32,padded,scalar,1,16,1,1,1,none,generic,padded/scalar/x1/generic,4096,0,1,10240,16384,0,16,256,1,0,1,0.0071680000983178616,0.0071680000983178616,20.457607269287109,1
2026-08-15T17:16:50Z,NVIDIA H200 NVL,smoke,normal_0_1,gemv,e5m4,10,5,4,fp32,padded,scalar,1,16,1,1,1,none,generic,padded/scalar/x1/generic,256,32,32,10560,16896,0,32,256,1,0,1,0.0047679999843239784,0.0047679999843239784,-11.586105346679688,1
2026-08-15T17:16:50Z,NVIDIA H200 NVL,smoke,normal_0_1,dot,e5m4,10,5,4,fp32,dense,scalar,1,32,1,1,1,none,direct_branchy,dense/scalar/x1/direct_branchy,4096,0,1,10240,10240,0,16,256,1,0,1,0.0071680000983178616,0.0071680000983178616,20.457607269287109,1
2026-08-15T17:16:50Z,NVIDIA H200 NVL,smoke,normal_0_1,gemv,e5m4,10,5,4,fp32,dense,scalar,1,32,1,1,1,none,direct_branchy,dense/scalar/x1/direct_branchy,256,32,32,10560,10560,0,32,256,1,0,1,0.0048960000276565552,0.0048960000276565552,-11.586105346679688,1
2026-08-15T17:16:50Z,NVIDIA H200 NVL,smoke,normal_0_1,dot,e5m4,10,5,4,fp32,padded,scalar,1,16,1,1,1,none,direct_branchy,padded/scalar/x1/direct_branchy,4096,0,1,10240,16384,0,16,256,1,0,1,0.0070719998329877853,0.0070719998329877853,20.457607269287109,1
2026-08-15T17:16:50Z,NVIDIA H200 NVL,smoke,normal_0_1,gemv,e5m4,10,5,4,fp32,padded,scalar,1,16,1,1,1,none,direct_branchy,padded/scalar/x1/direct_branchy,256,32,32,10560,16896,0,32,256,1,0,1,0.0048000002279877663,0.0048000002279877663,-11.586105346679688,1
2026-08-15T17:16:50Z,NVIDIA H200 NVL,smoke,normal_0_1,dot,e5m4,10,5,4,fp32,dense,thread_packet,2,32,1,1,2,none,direct_branchy,dense/thread_packet/x2/direct_branchy,4096,0,1,10240,10240,0,8,256,1,0,1,0.007007999811321497,0.007007999811321497,20.457603454589844,1
2026-08-15T17:16:50Z,NVIDIA H200 NVL,smoke,normal_0_1,gemv,e5m4,10,5,4,fp32,dense,thread_packet,2,32,1,1,2,none,direct_branchy,dense/thread_packet/x2/direct_branchy,256,32,32,10560,10560,0,32,256,1,0,1,0.0048960000276565552,0.0048960000276565552,-11.586105346679688,1
2026-08-15T17:16:50Z,NVIDIA H200 NVL,smoke,normal_0_1,dot,e5m4,10,5,4,fp32,dense,thread_packet,4,32,1,1,4,none,direct_branchy,dense/thread_packet/x4/direct_branchy,4096,0,1,10240,10240,0,4,256,1,0,1,0.0075840000063180923,0.0075840000063180923,20.457607269287109,1
2026-08-15T17:16:50Z,NVIDIA H200 NVL,smoke,normal_0_1,gemv,e5m4,10,5,4,fp32,dense,thread_packet,4,32,1,1,4,none,direct_branchy,dense/thread_packet/x4/direct_branchy,256,32,32,10560,10560,0,32,256,1,0,1,0.0050880000926554203,0.0050880000926554203,-11.586105346679688,1
2026-08-15T17:16:50Z,NVIDIA H200 NVL,smoke,normal_0_1,dot,e5m4,10,5,4,fp32,dense,thread_packet,8,32,1,1,8,none,direct_branchy,dense/thread_packet/x8/direct_branchy,4096,0,1,10240,10240,0,2,256,1,0,1,0.0080639999359846115,0.0080639999359846115,20.457601547241211,1
2026-08-15T17:16:50Z,NVIDIA H200 NVL,smoke,normal_0_1,gemv,e5m4,10,5,4,fp32,dense,thread_packet,8,32,1,1,8,none,direct_branchy,dense/thread_packet/x8/direct_branchy,256,32,32,10560,10560,0,32,256,1,0,1,0.0057919998653233051,0.0057919998653233051,-11.586105346679688,1
2026-08-15T17:16:50Z,NVIDIA H200 NVL,smoke,normal_0_1,dot,e5m4,10,5,4,fp32,padded,thread_packet,2,16,1,1,2,none,direct_branchy,padded/thread_packet/x2/direct_branchy,4096,0,1,10240,16384,0,8,256,1,0,1,0.0072960001416504383,0.0072960001416504383,20.457603454589844,1
2026-08-15T17:16:50Z,NVIDIA H200 NVL,smoke,normal_0_1,gemv,e5m4,10,5,4,fp32,padded,thread_packet,2,16,1,1,2,none,direct_branchy,padded/thread_packet/x2/direct_branchy,256,32,32,10560,16896,0,32,256,1,0,1,0.0048320000059902668,0.0048320000059902668,-11.586105346679688,1
2026-08-15T17:16:50Z,NVIDIA H200 NVL,smoke,normal_0_1,dot,e5m4,10,5,4,fp32,padded,thread_packet,4,16,1,1,4,none,direct_branchy,padded/thread_packet/x4/direct_branchy,4096,0,1,10240,16384,0,4,256,1,0,1,0.0071359998546540737,0.0071359998546540737,20.457607269287109,1
2026-08-15T17:16:50Z,NVIDIA H200 NVL,smoke,normal_0_1,gemv,e5m4,10,5,4,fp32,padded,thread_packet,4,16,1,1,4,none,direct_branchy,padded/thread_packet/x4/direct_branchy,256,32,32,10560,16896,0,32,256,1,0,1,0.0049600000493228436,0.0049600000493228436,-11.586105346679688,1
2026-08-15T17:16:50Z,NVIDIA H200 NVL,smoke,normal_0_1,dot,e5m4,10,5,4,fp32,padded,thread_packet,8,16,1,1,8,none,direct_branchy,padded/thread_packet/x8/direct_branchy,4096,0,1,10240,16384,0,2,256,1,0,1,0.0077439998276531696,0.0077439998276531696,20.457601547241211,1
2026-08-15T17:16:50Z,NVIDIA H200 NVL,smoke,normal_0_1,gemv,e5m4,10,5,4,fp32,padded,thread_packet,8,16,1,1,8,none,direct_branchy,padded/thread_packet/x8/direct_branchy,256,32,32,10560,16896,0,32,256,1,0,1,0.0052479999139904976,0.0052479999139904976,-11.586105346679688,1
2026-08-15T17:16:50Z,NVIDIA H200 NVL,smoke,normal_0_1,dot,e5m4,10,5,4,fp32,dense,cooperative_shuffle,16,32,5,8,2,warp_shuffle,direct_branchy,dense/cooperative_shuffle/x16/direct_branchy,4096,0,1,10240,10240,0,16,256,1,0,1,0.0073600001633167267,0.0073600001633167267,20.457603454589844,1
2026-08-15T17:16:50Z,NVIDIA H200 NVL,smoke,normal_0_1,gemv,e5m4,10,5,4,fp32,dense,cooperative_shuffle,16,32,5,8,2,warp_shuffle,direct_branchy,dense/cooperative_shuffle/x16/direct_branchy,256,32,32,10560,10560,0,32,256,1,0,1,0.0050880000926554203,0.0050880000926554203,-11.586105346679688,1
2026-08-15T17:16:50Z,NVIDIA H200 NVL,smoke,normal_0_1,dot,e5m4,10,5,4,fp32,dense,scalar,1,32,1,1,1,none,full_lut_global,dense/scalar/x1/full_lut_global,4096,0,1,10240,10240,4096,16,256,1,0,1,0.0071359998546540737,0.0071359998546540737,20.457607269287109,1
2026-08-15T17:16:50Z,NVIDIA H200 NVL,smoke,normal_0_1,gemv,e5m4,10,5,4,fp32,dense,scalar,1,32,1,1,1,none,full_lut_global,dense/scalar/x1/full_lut_global,256,32,32,10560,10560,4096,32,256,1,0,1,0.0049600000493228436,0.0049600000493228436,-11.586105346679688,1
2026-08-15T17:16:50Z,NVIDIA H200 NVL,smoke,normal_0_1,dot,e5m4,10,5,4,fp32,padded,scalar,1,16,1,1,1,none,full_lut_global,padded/scalar/x1/full_lut_global,4096,0,1,10240,16384,4096,16,256,1,0,1,0.0070719998329877853,0.0070719998329877853,20.457607269287109,1
2026-08-15T17:16:50Z,NVIDIA H200 NVL,smoke,normal_0_1,gemv,e5m4,10,5,4,fp32,padded,scalar,1,16,1,1,1,none,full_lut_global,padded/scalar/x1/full_lut_global,256,32,32,10560,16896,4096,32,256,1,0,1,0.0048960000276565552,0.0048960000276565552,-11.586105346679688,1
2026-08-15T17:16:50Z,NVIDIA H200 NVL,smoke,normal_0_1,dot,e5m4,10,5,4,fp32,dense,thread_packet,2,32,1,1,2,none,full_lut_global,dense/thread_packet/x2/full_lut_global,4096,0,1,10240,10240,4096,8,256,1,0,1,0.0070400000549852848,0.0070400000549852848,20.457603454589844,1
2026-08-15T17:16:50Z,NVIDIA H200 NVL,smoke,normal_0_1,gemv,e5m4,10,5,4,fp32,dense,thread_packet,2,32,1,1,2,none,full_lut_global,dense/thread_packet/x2/full_lut_global,256,32,32,10560,10560,4096,32,256,1,0,1,0.0049279998056590557,0.0049279998056590557,-11.586105346679688,1
2026-08-15T17:16:50Z,NVIDIA H200 NVL,smoke,normal_0_1,dot,e5m4,10,5,4,fp32,dense,thread_packet,4,32,1,1,4,none,full_lut_global,dense/thread_packet/x4/full_lut_global,4096,0,1,10240,10240,4096,4,256,1,0,1,0.0074240001849830151,0.0074240001849830151,20.457607269287109,1
2026-08-15T17:16:50Z,NVIDIA H200 NVL,smoke,normal_0_1,gemv,e5m4,10,5,4,fp32,dense,thread_packet,4,32,1,1,4,none,full_lut_global,dense/thread_packet/x4/full_lut_global,256,32,32,10560,10560,4096,32,256,1,0,1,0.0052479999139904976,0.0052479999139904976,-11.586105346679688,1
2026-08-15T17:16:50Z,NVIDIA H200 NVL,smoke,normal_0_1,dot,e5m4,10,5,4,fp32,dense,thread_packet,8,32,1,1,8,none,full_lut_global,dense/thread_packet/x8/full_lut_global,4096,0,1,10240,10240,4096,2,256,1,0,1,0.0077760000713169575,0.0077760000713169575,20.457601547241211,1
2026-08-15T17:16:50Z,NVIDIA H200 NVL,smoke,normal_0_1,gemv,e5m4,10,5,4,fp32,dense,thread_packet,8,32,1,1,8,none,full_lut_global,dense/thread_packet/x8/full_lut_global,256,32,32,10560,10560,4096,32,256,1,0,1,0.0057919998653233051,0.0057919998653233051,-11.586105346679688,1
2026-08-15T17:16:50Z,NVIDIA H200 NVL,smoke,normal_0_1,dot,e5m4,10,5,4,fp32,padded,thread_packet,2,16,1,1,2,none,full_lut_global,padded/thread_packet/x2/full_lut_global,4096,0,1,10240,16384,4096,8,256,1,0,1,0.0071359998546540737,0.0071359998546540737,20.457603454589844,1
2026-08-15T17:16:50Z,NVIDIA H200 NVL,smoke,normal_0_1,gemv,e5m4,10,5,4,fp32,padded,thread_packet,2,16,1,1,2,none,full_lut_global,padded/thread_packet/x2/full_lut_global,256,32,32,10560,16896,4096,32,256,1,0,1,0.0048639997839927673,0.0048639997839927673,-11.586105346679688,1
2026-08-15T17:16:50Z,NVIDIA H200 NVL,smoke,normal_0_1,dot,e5m4,10,5,4,fp32,padded,thread_packet,4,16,1,1,4,none,full_lut_global,padded/thread_packet/x4/full_lut_global,4096,0,1,10240,16384,4096,4,256,1,0,1,0.0072320001199841499,0.0072320001199841499,20.457607269287109,1
2026-08-15T17:16:50Z,NVIDIA H200 NVL,smoke,normal_0_1,gemv,e5m4,10,5,4,fp32,padded,thread_packet,4,16,1,1,4,none,full_lut_global,padded/thread_packet/x4/full_lut_global,256,32,32,10560,16896,4096,32,256,1,0,1,0.0048639997839927673,0.0048639997839927673,-11.586105346679688,1
2026-08-15T17:16:50Z,NVIDIA H200 NVL,smoke,normal_0_1,dot,e5m4,10,5,4,fp32,padded,thread_packet,8,16,1,1,8,none,full_lut_global,padded/thread_packet/x8/full_lut_global,4096,0,1,10240,16384,4096,2,256,1,0,1,0.0071999998763203621,0.0071999998763203621,20.457601547241211,1
2026-08-15T17:16:50Z,NVIDIA H200 NVL,smoke,normal_0_1,gemv,e5m4,10,5,4,fp32,padded,thread_packet,8,16,1,1,8,none,full_lut_global,padded/thread_packet/x8/full_lut_global,256,32,32,10560,16896,4096,32,256,1,0,1,0.0056639998219907284,0.0056639998219907284,-11.586105346679688,1
2026-08-15T17:16:50Z,NVIDIA H200 NVL,smoke,normal_0_1,dot,e5m4,10,5,4,fp32,dense,cooperative_shuffle,16,32,5,8,2,warp_shuffle,full_lut_global,dense/cooperative_shuffle/x16/full_lut_global,4096,0,1,10240,10240,4096,16,256,1,0,1,0.0076799998059868813,0.0076799998059868813,20.457603454589844,1
2026-08-15T17:16:50Z,NVIDIA H200 NVL,smoke,normal_0_1,gemv,e5m4,10,5,4,fp32,dense,cooperative_shuffle,16,32,5,8,2,warp_shuffle,full_lut_global,dense/cooperative_shuffle/x16/full_lut_global,256,32,32,10560,10560,4096,32,256,1,0,1,0.005311999935656786,0.005311999935656786,-11.586105346679688,1
2026-08-15T17:16:50Z,NVIDIA H200 NVL,smoke,normal_0_1,dot,e5m4,10,5,4,fp32,dense,scalar,1,32,1,1,1,none,full_lut_shared,dense/scalar/x1/full_lut_shared,4096,0,1,10240,10240,4096,16,256,1,0,1,0.0076799998059868813,0.0076799998059868813,20.457607269287109,1
2026-08-15T17:16:50Z,NVIDIA H200 NVL,smoke,normal_0_1,gemv,e5m4,10,5,4,fp32,dense,scalar,1,32,1,1,1,none,full_lut_shared,dense/scalar/x1/full_lut_shared,256,32,32,10560,10560,4096,32,256,1,0,1,0.0055359997786581516,0.0055359997786581516,-11.586105346679688,1
2026-08-15T17:16:50Z,NVIDIA H200 NVL,smoke,normal_0_1,dot,e5m4,10,5,4,fp32,padded,scalar,1,16,1,1,1,none,full_lut_shared,padded/scalar/x1/full_lut_shared,4096,0,1,10240,16384,4096,16,256,1,0,1,0.0078720003366470337,0.0078720003366470337,20.457607269287109,1
2026-08-15T17:16:50Z,NVIDIA H200 NVL,smoke,normal_0_1,gemv,e5m4,10,5,4,fp32,padded,scalar,1,16,1,1,1,none,full_lut_shared,padded/scalar/x1/full_lut_shared,256,32,32,10560,16896,4096,32,256,1,0,1,0.0053759999573230743,0.0053759999573230743,-11.586105346679688,1
2026-08-15T17:16:50Z,NVIDIA H200 NVL,smoke,normal_0_1,dot,e5m4,10,5,4,fp32,dense,thread_packet,2,32,1,1,2,none,full_lut_shared,dense/thread_packet/x2/full_lut_shared,4096,0,1,10240,10240,4096,8,256,1,0,1,0.0077120000496506691,0.0077120000496506691,20.457603454589844,1
2026-08-15T17:16:50Z,NVIDIA H200 NVL,smoke,normal_0_1,gemv,e5m4,10,5,4,fp32,dense,thread_packet,2,32,1,1,2,none,full_lut_shared,dense/thread_packet/x2/full_lut_shared,256,32,32,10560,10560,4096,32,256,1,0,1,0.0055040000006556511,0.0055040000006556511,-11.586105346679688,1
2026-08-15T17:16:50Z,NVIDIA H200 NVL,smoke,normal_0_1,dot,e5m4,10,5,4,fp32,dense,thread_packet,4,32,1,1,4,none,full_lut_shared,dense/thread_packet/x4/full_lut_shared,4096,0,1,10240,10240,4096,4,256,1,0,1,0.0080000003799796104,0.0080000003799796104,20.457607269287109,1
2026-08-15T17:16:50Z,NVIDIA H200 NVL,smoke,normal_0_1,gemv,e5m4,10,5,4,fp32,dense,thread_packet,4,32,1,1,4,none,full_lut_shared,dense/thread_packet/x4/full_lut_shared,256,32,32,10560,10560,4096,32,256,1,0,1,0.0057919998653233051,0.0057919998653233051,-11.586105346679688,1
2026-08-15T17:16:50Z,NVIDIA H200 NVL,smoke,normal_0_1,dot,e5m4,10,5,4,fp32,dense,thread_packet,8,32,1,1,8,none,full_lut_shared,dense/thread_packet/x8/full_lut_shared,4096,0,1,10240,10240,4096,2,256,1,0,1,0.0082559995353221893,0.0082559995353221893,20.457601547241211,1
2026-08-15T17:16:50Z,NVIDIA H200 NVL,smoke,normal_0_1,gemv,e5m4,10,5,4,fp32,dense,thread_packet,8,32,1,1,8,none,full_lut_shared,dense/thread_packet/x8/full_lut_shared,256,32,32,10560,10560,4096,32,256,1,0,1,0.006111999973654747,0.006111999973654747,-11.586105346679688,1
2026-08-15T17:16:50Z,NVIDIA H200 NVL,smoke,normal_0_1,dot,e5m4,10,5,4,fp32,padded,thread_packet,2,16,1,1,2,none,full_lut_shared,padded/thread_packet/x2/full_lut_shared,4096,0,1,10240,16384,4096,8,256,1,0,1,0.0077760000713169575,0.0077760000713169575,20.457603454589844,1
2026-08-15T17:16:50Z,NVIDIA H200 NVL,smoke,normal_0_1,gemv,e5m4,10,5,4,fp32,padded,thread_packet,2,16,1,1,2,none,full_lut_shared,padded/thread_packet/x2/full_lut_shared,256,32,32,10560,16896,4096,32,256,1,0,1,0.0053759999573230743,0.0053759999573230743,-11.586105346679688,1
2026-08-15T17:16:50Z,NVIDIA H200 NVL,smoke,normal_0_1,dot,e5m4,10,5,4,fp32,padded,thread_packet,4,16,1,1,4,none,full_lut_shared,padded/thread_packet/x4/full_lut_shared,4096,0,1,10240,16384,4096,4,256,1,0,1,0.0079680001363158226,0.0079680001363158226,20.457607269287109,1
2026-08-15T17:16:50Z,NVIDIA H200 NVL,smoke,normal_0_1,gemv,e5m4,10,5,4,fp32,padded,thread_packet,4,16,1,1,4,none,full_lut_shared,padded/thread_packet/x4/full_lut_shared,256,32,32,10560,16896,4096,32,256,1,0,1,0.0055359997786581516,0.0055359997786581516,-11.586105346679688,1
2026-08-15T17:16:50Z,NVIDIA H200 NVL,smoke,normal_0_1,dot,e5m4,10,5,4,fp32,padded,thread_packet,8,16,1,1,8,none,full_lut_shared,padded/thread_packet/x8/full_lut_shared,4096,0,1,10240,16384,4096,2,256,1,0,1,0.0078720003366470337,0.0078720003366470337,20.457601547241211,1
2026-08-15T17:16:50Z,NVIDIA H200 NVL,smoke,normal_0_1,gemv,e5m4,10,5,4,fp32,padded,thread_packet,8,16,1,1,8,none,full_lut_shared,padded/thread_packet/x8/full_lut_shared,256,32,32,10560,16896,4096,32,256,1,0,1,0.0055680000223219395,0.0055680000223219395,-11.586105346679688,1
2026-08-15T17:16:50Z,NVIDIA H200 NVL,smoke,normal_0_1,dot,e5m4,10,5,4,fp32,dense,cooperative_shuffle,16,32,5,8,2,warp_shuffle,full_lut_shared,dense/cooperative_shuffle/x16/full_lut_shared,4096,0,1,10240,10240,4096,16,256,1,0,1,0.0081599997356534004,0.0081599997356534004,20.457603454589844,1
2026-08-15T17:16:50Z,NVIDIA H200 NVL,smoke,normal_0_1,gemv,e5m4,10,5,4,fp32,dense,cooperative_shuffle,16,32,5,8,2,warp_shuffle,full_lut_shared,dense/cooperative_shuffle/x16/full_lut_shared,256,32,32,10560,10560,4096,32,256,1,0,1,0.005824000108987093,0.005824000108987093,-11.586105346679688,1
2026-08-15T17:16:50Z,NVIDIA H200 NVL,smoke,normal_0_1,dot,e5m4,10,5,4,fp32,dense,scalar,1,32,1,1,1,none,prefix_lut_global,dense/scalar/x1/prefix_lut_global,4096,0,1,10240,10240,256,16,256,1,0,1,0.0073600001633167267,0.0073600001633167267,20.457607269287109,1
2026-08-15T17:16:50Z,NVIDIA H200 NVL,smoke,normal_0_1,gemv,e5m4,10,5,4,fp32,dense,scalar,1,32,1,1,1,none,prefix_lut_global,dense/scalar/x1/prefix_lut_global,256,32,32,10560,10560,256,32,256,1,0,1,0.0050880000926554203,0.0050880000926554203,-11.586105346679688,1
2026-08-15T17:16:50Z,NVIDIA H200 NVL,smoke,normal_0_1,dot,e5m4,10,5,4,fp32,padded,scalar,1,16,1,1,1,none,prefix_lut_global,padded/scalar/x1/prefix_lut_global,4096,0,1,10240,16384,256,16,256,1,0,1,0.0074559999629855156,0.0074559999629855156,20.457607269287109,1
2026-08-15T17:16:50Z,NVIDIA H200 NVL,smoke,normal_0_1,gemv,e5m4,10,5,4,fp32,padded,scalar,1,16,1,1,1,none,prefix_lut_global,padded/scalar/x1/prefix_lut_global,256,32,32,10560,16896,256,32,256,1,0,1,0.0050559998489916325,0.0050559998489916325,-11.586105346679688,1
2026-08-15T17:16:50Z,NVIDIA H200 NVL,smoke,normal_0_1,dot,e5m4,10,5,4,fp32,dense,thread_packet,2,32,1,1,2,none,prefix_lut_global,dense/thread_packet/x2/prefix_lut_global,4096,0,1,10240,10240,256,8,256,1,0,1,0.0075840000063180923,0.0075840000063180923,20.457603454589844,1
2026-08-15T17:16:50Z,NVIDIA H200 NVL,smoke,normal_0_1,gemv,e5m4,10,5,4,fp32,dense,thread_packet,2,32,1,1,2,none,prefix_lut_global,dense/thread_packet/x2/prefix_lut_global,256,32,32,10560,10560,256,32,256,1,0,1,0.0052160001359879971,0.0052160001359879971,-11.586105346679688,1
2026-08-15T17:16:50Z,NVIDIA H200 NVL,smoke,normal_0_1,dot,e5m4,10,5,4,fp32,dense,thread_packet,4,32,1,1,4,none,prefix_lut_global,dense/thread_packet/x4/prefix_lut_global,4096,0,1,10240,10240,256,4,256,1,0,1,0.0076480000279843807,0.0076480000279843807,20.457607269287109,1
2026-08-15T17:16:50Z,NVIDIA H200 NVL,smoke,normal_0_1,gemv,e5m4,10,5,4,fp32,dense,thread_packet,4,32,1,1,4,none,prefix_lut_global,dense/thread_packet/x4/prefix_lut_global,256,32,32,10560,10560,256,32,256,1,0,1,0.0058559998869895935,0.0058559998869895935,-11.586105346679688,1
2026-08-15T17:16:50Z,NVIDIA H200 NVL,smoke,normal_0_1,dot,e5m4,10,5,4,fp32,dense,thread_packet,8,32,1,1,8,none,prefix_lut_global,dense/thread_packet/x8/prefix_lut_global,4096,0,1,10240,10240,256,2,256,1,0,1,0.008991999551653862,0.008991999551653862,20.457601547241211,1
2026-08-15T17:16:50Z,NVIDIA H200 NVL,smoke,normal_0_1,gemv,e5m4,10,5,4,fp32,dense,thread_packet,8,32,1,1,8,none,prefix_lut_global,dense/thread_packet/x8/prefix_lut_global,256,32,32,10560,10560,256,32,256,1,0,1,0.0071680000983178616,0.0071680000983178616,-11.586105346679688,1
2026-08-15T17:16:50Z,NVIDIA H200 NVL,smoke,normal_0_1,dot,e5m4,10,5,4,fp32,padded,thread_packet,2,16,1,1,2,none,prefix_lut_global,padded/thread_packet/x2/prefix_lut_global,4096,0,1,10240,16384,256,8,256,1,0,1,0.0074880002066493034,0.0074880002066493034,20.457603454589844,1
2026-08-15T17:16:50Z,NVIDIA H200 NVL,smoke,normal_0_1,gemv,e5m4,10,5,4,fp32,padded,thread_packet,2,16,1,1,2,none,prefix_lut_global,padded/thread_packet/x2/prefix_lut_global,256,32,32,10560,16896,256,32,256,1,0,1,0.0050559998489916325,0.0050559998489916325,-11.586105346679688,1
2026-08-15T17:16:50Z,NVIDIA H200 NVL,smoke,normal_0_1,dot,e5m4,10,5,4,fp32,padded,thread_packet,4,16,1,1,4,none,prefix_lut_global,padded/thread_packet/x4/prefix_lut_global,4096,0,1,10240,16384,256,4,256,1,0,1,0.0075840000063180923,0.0075840000063180923,20.457607269287109,1
2026-08-15T17:16:50Z,NVIDIA H200 NVL,smoke,normal_0_1,gemv,e5m4,10,5,4,fp32,padded,thread_packet,4,16,1,1,4,none,prefix_lut_global,padded/thread_packet/x4/prefix_lut_global,256,32,32,10560,16896,256,32,256,1,0,1,0.0056639998219907284,0.0056639998219907284,-11.586105346679688,1
2026-08-15T17:16:50Z,NVIDIA H200 NVL,smoke,normal_0_1,dot,e5m4,10,5,4,fp32,padded,thread_packet,8,16,1,1,8,none,prefix_lut_global,padded/thread_packet/x8/prefix_lut_global,4096,0,1,10240,16384,256,2,256,1,0,1,0.0085439998656511307,0.0085439998656511307,20.457601547241211,1
2026-08-15T17:16:50Z,NVIDIA H200 NVL,smoke,normal_0_1,gemv,e5m4,10,5,4,fp32,padded,thread_packet,8,16,1,1,8,none,prefix_lut_global,padded/thread_packet/x8/prefix_lut_global,256,32,32,10560,16896,256,32,256,1,0,1,0.0065279998816549778,0.0065279998816549778,-11.586105346679688,1
2026-08-15T17:16:50Z,NVIDIA H200 NVL,smoke,normal_0_1,dot,e5m4,10,5,4,fp32,dense,cooperative_shuffle,16,32,5,8,2,warp_shuffle,prefix_lut_global,dense/cooperative_shuffle/x16/prefix_lut_global,4096,0,1,10240,10240,256,16,256,1,0,1,0.0076799998059868813,0.0076799998059868813,20.457603454589844,1
2026-08-15T17:16:50Z,NVIDIA H200 NVL,smoke,normal_0_1,gemv,e5m4,10,5,4,fp32,dense,cooperative_shuffle,16,32,5,8,2,warp_shuffle,prefix_lut_global,dense/cooperative_shuffle/x16/prefix_lut_global,256,32,32,10560,10560,256,32,256,1,0,1,0.0055359997786581516,0.0055359997786581516,-11.586105346679688,1
2026-08-15T17:16:50Z,NVIDIA H200 NVL,smoke,normal_0_1,dot,e5m4,10,5,4,fp32,dense,scalar,1,32,1,1,1,none,prefix_lut_shared,dense/scalar/x1/prefix_lut_shared,4096,0,1,10240,10240,256,16,256,1,0,1,0.0073919999413192272,0.0073919999413192272,20.457607269287109,1
2026-08-15T17:16:50Z,NVIDIA H200 NVL,smoke,normal_0_1,gemv,e5m4,10,5,4,fp32,dense,scalar,1,32,1,1,1,none,prefix_lut_shared,dense/scalar/x1/prefix_lut_shared,256,32,32,10560,10560,256,32,256,1,0,1,0.0050559998489916325,0.0050559998489916325,-11.586105346679688,1
2026-08-15T17:16:50Z,NVIDIA H200 NVL,smoke,normal_0_1,dot,e5m4,10,5,4,fp32,padded,scalar,1,16,1,1,1,none,prefix_lut_shared,padded/scalar/x1/prefix_lut_shared,4096,0,1,10240,16384,256,16,256,1,0,1,0.0074880002066493034,0.0074880002066493034,20.457607269287109,1
2026-08-15T17:16:50Z,NVIDIA H200 NVL,smoke,normal_0_1,gemv,e5m4,10,5,4,fp32,padded,scalar,1,16,1,1,1,none,prefix_lut_shared,padded/scalar/x1/prefix_lut_shared,256,32,32,10560,16896,256,32,256,1,0,1,0.0051199998706579208,0.0051199998706579208,-11.586105346679688,1
2026-08-15T17:16:50Z,NVIDIA H200 NVL,smoke,normal_0_1,dot,e5m4,10,5,4,fp32,dense,thread_packet,2,32,1,1,2,none,prefix_lut_shared,dense/thread_packet/x2/prefix_lut_shared,4096,0,1,10240,10240,256,8,256,1,0,1,0.0075840000063180923,0.0075840000063180923,20.457603454589844,1
2026-08-15T17:16:50Z,NVIDIA H200 NVL,smoke,normal_0_1,gemv,e5m4,10,5,4,fp32,dense,thread_packet,2,32,1,1,2,none,prefix_lut_shared,dense/thread_packet/x2/prefix_lut_shared,256,32,32,10560,10560,256,32,256,1,0,1,0.0050559998489916325,0.0050559998489916325,-11.586105346679688,1
2026-08-15T17:16:50Z,NVIDIA H200 NVL,smoke,normal_0_1,dot,e5m4,10,5,4,fp32,dense,thread_packet,4,32,1,1,4,none,prefix_lut_shared,dense/thread_packet/x4/prefix_lut_shared,4096,0,1,10240,10240,256,4,256,1,0,1,0.0078720003366470337,0.0078720003366470337,20.457607269287109,1
2026-08-15T17:16:50Z,NVIDIA H200 NVL,smoke,normal_0_1,gemv,e5m4,10,5,4,fp32,dense,thread_packet,4,32,1,1,4,none,prefix_lut_shared,dense/thread_packet/x4/prefix_lut_shared,256,32,32,10560,10560,256,32,256,1,0,1,0.0055359997786581516,0.0055359997786581516,-11.586105346679688,1
2026-08-15T17:16:50Z,NVIDIA H200 NVL,smoke,normal_0_1,dot,e5m4,10,5,4,fp32,dense,thread_packet,8,32,1,1,8,none,prefix_lut_shared,dense/thread_packet/x8/prefix_lut_shared,4096,0,1,10240,10240,256,2,256,1,0,1,0.0087679997086524963,0.0087679997086524963,20.457601547241211,1
2026-08-15T17:16:50Z,NVIDIA H200 NVL,smoke,normal_0_1,gemv,e5m4,10,5,4,fp32,dense,thread_packet,8,32,1,1,8,none,prefix_lut_shared,dense/thread_packet/x8/prefix_lut_shared,256,32,32,10560,10560,256,32,256,1,0,1,0.0067199999466538429,0.0067199999466538429,-11.586105346679688,1
2026-08-15T17:16:50Z,NVIDIA H200 NVL,smoke,normal_0_1,dot,e5m4,10,5,4,fp32,padded,thread_packet,2,16,1,1,2,none,prefix_lut_shared,padded/thread_packet/x2/prefix_lut_shared,4096,0,1,10240,16384,256,8,256,1,0,1,0.0075840000063180923,0.0075840000063180923,20.457603454589844,1
2026-08-15T17:16:50Z,NVIDIA H200 NVL,smoke,normal_0_1,gemv,e5m4,10,5,4,fp32,padded,thread_packet,2,16,1,1,2,none,prefix_lut_shared,padded/thread_packet/x2/prefix_lut_shared,256,32,32,10560,16896,256,32,256,1,0,1,0.0052800001576542854,0.0052800001576542854,-11.586105346679688,1
2026-08-15T17:16:50Z,NVIDIA H200 NVL,smoke,normal_0_1,dot,e5m4,10,5,4,fp32,padded,thread_packet,4,16,1,1,4,none,prefix_lut_shared,padded/thread_packet/x4/prefix_lut_shared,4096,0,1,10240,16384,256,4,256,1,0,1,0.0076480000279843807,0.0076480000279843807,20.457607269287109,1
2026-08-15T17:16:50Z,NVIDIA H200 NVL,smoke,normal_0_1,gemv,e5m4,10,5,4,fp32,padded,thread_packet,4,16,1,1,4,none,prefix_lut_shared,padded/thread_packet/x4/prefix_lut_shared,256,32,32,10560,16896,256,32,256,1,0,1,0.0055680000223219395,0.0055680000223219395,-11.586105346679688,1
2026-08-15T17:16:50Z,NVIDIA H200 NVL,smoke,normal_0_1,dot,e5m4,10,5,4,fp32,padded,thread_packet,8,16,1,1,8,none,prefix_lut_shared,padded/thread_packet/x8/prefix_lut_shared,4096,0,1,10240,16384,256,2,256,1,0,1,0.0085760001093149185,0.0085760001093149185,20.457601547241211,1
2026-08-15T17:16:50Z,NVIDIA H200 NVL,smoke,normal_0_1,gemv,e5m4,10,5,4,fp32,padded,thread_packet,8,16,1,1,8,none,prefix_lut_shared,padded/thread_packet/x8/prefix_lut_shared,256,32,32,10560,16896,256,32,256,1,0,1,0.0060479999519884586,0.0060479999519884586,-11.586105346679688,1
2026-08-15T17:16:50Z,NVIDIA H200 NVL,smoke,normal_0_1,dot,e5m4,10,5,4,fp32,dense,cooperative_shuffle,16,32,5,8,2,warp_shuffle,prefix_lut_shared,dense/cooperative_shuffle/x16/prefix_lut_shared,4096,0,1,10240,10240,256,16,256,1,0,1,0.010751999914646149,0.010751999914646149,20.457603454589844,1
2026-08-15T17:16:50Z,NVIDIA H200 NVL,smoke,normal_0_1,gemv,e5m4,10,5,4,fp32,dense,cooperative_shuffle,16,32,5,8,2,warp_shuffle,prefix_lut_shared,dense/cooperative_shuffle/x16/prefix_lut_shared,256,32,32,10560,10560,256,32,256,1,0,1,0.00559999980032444,0.00559999980032444,-11.586105346679688,1
2026-08-15T17:16:50Z,NVIDIA H200 NVL,smoke,normal_0_1,dot,e5m4,10,5,4,fp32,dense,scalar,1,32,1,1,1,none,subnormal_lut_global,dense/scalar/x1/subnormal_lut_global,4096,0,1,10240,10240,64,16,256,1,0,1,0.0074559999629855156,0.0074559999629855156,20.457607269287109,1
2026-08-15T17:16:50Z,NVIDIA H200 NVL,smoke,normal_0_1,gemv,e5m4,10,5,4,fp32,dense,scalar,1,32,1,1,1,none,subnormal_lut_global,dense/scalar/x1/subnormal_lut_global,256,32,32,10560,10560,64,32,256,1,0,1,0.0048639997839927673,0.0048639997839927673,-11.586105346679688,1
2026-08-15T17:16:50Z,NVIDIA H200 NVL,smoke,normal_0_1,dot,e5m4,10,5,4,fp32,padded,scalar,1,16,1,1,1,none,subnormal_lut_global,padded/scalar/x1/subnormal_lut_global,4096,0,1,10240,16384,64,16,256,1,0,1,0.0071040000766515732,0.0071040000766515732,20.457607269287109,1
2026-08-15T17:16:50Z,NVIDIA H200 NVL,smoke,normal_0_1,gemv,e5m4,10,5,4,fp32,padded,scalar,1,16,1,1,1,none,subnormal_lut_global,padded/scalar/x1/subnormal_lut_global,256,32,32,10560,16896,64,32,256,1,0,1,0.0048320000059902668,0.0048320000059902668,-11.586105346679688,1
2026-08-15T17:16:50Z,NVIDIA H200 NVL,smoke,normal_0_1,dot,e5m4,10,5,4,fp32,dense,thread_packet,2,32,1,1,2,none,subnormal_lut_global,dense/thread_packet/x2/subnormal_lut_global,4096,0,1,10240,10240,64,8,256,1,0,1,0.0070400000549852848,0.0070400000549852848,20.457603454589844,1
2026-08-15T17:16:50Z,NVIDIA H200 NVL,smoke,normal_0_1,gemv,e5m4,10,5,4,fp32,dense,thread_packet,2,32,1,1,2,none,subnormal_lut_global,dense/thread_packet/x2/subnormal_lut_global,256,32,32,10560,10560,64,32,256,1,0,1,0.0048960000276565552,0.0048960000276565552,-11.586105346679688,1
2026-08-15T17:16:50Z,NVIDIA H200 NVL,smoke,normal_0_1,dot,e5m4,10,5,4,fp32,dense,thread_packet,4,32,1,1,4,none,subnormal_lut_global,dense/thread_packet/x4/subnormal_lut_global,4096,0,1,10240,10240,64,4,256,1,0,1,0.0073919999413192272,0.0073919999413192272,20.457607269287109,1
2026-08-15T17:16:50Z,NVIDIA H200 NVL,smoke,normal_0_1,gemv,e5m4,10,5,4,fp32,dense,thread_packet,4,32,1,1,4,none,subnormal_lut_global,dense/thread_packet/x4/subnormal_lut_global,256,32,32,10560,10560,64,32,256,1,0,1,0.005311999935656786,0.005311999935656786,-11.586105346679688,1
2026-08-15T17:16:50Z,NVIDIA H200 NVL,smoke,normal_0_1,dot,e5m4,10,5,4,fp32,dense,thread_packet,8,32,1,1,8,none,subnormal_lut_global,dense/thread_packet/x8/subnormal_lut_global,4096,0,1,10240,10240,64,2,256,1,0,1,0.0083520002663135529,0.0083520002663135529,20.457601547241211,1
2026-08-15T17:16:50Z,NVIDIA H200 NVL,smoke,normal_0_1,gemv,e5m4,10,5,4,fp32,dense,thread_packet,8,32,1,1,8,none,subnormal_lut_global,dense/thread_packet/x8/subnormal_lut_global,256,32,32,10560,10560,64,32,256,1,0,1,0.005824000108987093,0.005824000108987093,-11.586105346679688,1
2026-08-15T17:16:50Z,NVIDIA H200 NVL,smoke,normal_0_1,dot,e5m4,10,5,4,fp32,padded,thread_packet,2,16,1,1,2,none,subnormal_lut_global,padded/thread_packet/x2/subnormal_lut_global,4096,0,1,10240,16384,64,8,256,1,0,1,0.0071359998546540737,0.0071359998546540737,20.457603454589844,1
2026-08-15T17:16:50Z,NVIDIA H200 NVL,smoke,normal_0_1,gemv,e5m4,10,5,4,fp32,padded,thread_packet,2,16,1,1,2,none,subnormal_lut_global,padded/thread_packet/x2/subnormal_lut_global,256,32,32,10560,16896,64,32,256,1,0,1,0.0048960000276565552,0.0048960000276565552,-11.586105346679688,1
2026-08-15T17:16:50Z,NVIDIA H200 NVL,smoke,normal_0_1,dot,e5m4,10,5,4,fp32,padded,thread_packet,4,16,1,1,4,none,subnormal_lut_global,padded/thread_packet/x4/subnormal_lut_global,4096,0,1,10240,16384,64,4,256,1,0,1,0.0074240001849830151,0.0074240001849830151,20.457607269287109,1
2026-08-15T17:16:50Z,NVIDIA H200 NVL,smoke,normal_0_1,gemv,e5m4,10,5,4,fp32,padded,thread_packet,4,16,1,1,4,none,subnormal_lut_global,padded/thread_packet/x4/subnormal_lut_global,256,32,32,10560,16896,64,32,256,1,0,1,0.0050559998489916325,0.0050559998489916325,-11.586105346679688,1
2026-08-15T17:16:50Z,NVIDIA H200 NVL,smoke,normal_0_1,dot,e5m4,10,5,4,fp32,padded,thread_packet,8,16,1,1,8,none,subnormal_lut_global,padded/thread_packet/x8/subnormal_lut_global,4096,0,1,10240,16384,64,2,256,1,0,1,0.0079680001363158226,0.0079680001363158226,20.457601547241211,1
2026-08-15T17:16:50Z,NVIDIA H200 NVL,smoke,normal_0_1,gemv,e5m4,10,5,4,fp32,padded,thread_packet,8,16,1,1,8,none,subnormal_lut_global,padded/thread_packet/x8/subnormal_lut_global,256,32,32,10560,16896,64,32,256,1,0,1,0.0056639998219907284,0.0056639998219907284,-11.586105346679688,1
2026-08-15T17:16:50Z,NVIDIA H200 NVL,smoke,normal_0_1,dot,e5m4,10,5,4,fp32,dense,cooperative_shuffle,16,32,5,8,2,warp_shuffle,subnormal_lut_global,dense/cooperative_shuffle/x16/subnormal_lut_global,4096,0,1,10240,10240,64,16,256,1,0,1,0.007519999984651804,0.007519999984651804,20.457603454589844,1
2026-08-15T17:16:50Z,NVIDIA H200 NVL,smoke,normal_0_1,gemv,e5m4,10,5,4,fp32,dense,cooperative_shuffle,16,32,5,8,2,warp_shuffle,subnormal_lut_global,dense/cooperative_shuffle/x16/subnormal_lut_global,256,32,32,10560,10560,64,32,256,1,0,1,0.0051199998706579208,0.0051199998706579208,-11.586105346679688,1
2026-08-15T17:16:50Z,NVIDIA H200 NVL,smoke,normal_0_1,dot,e5m4,10,5,4,fp32,dense,scalar,1,32,1,1,1,none,subnormal_lut_shared,dense/scalar/x1/subnormal_lut_shared,4096,0,1,10240,10240,64,16,256,1,0,1,0.0075520002283155918,0.0075520002283155918,20.457607269287109,1
2026-08-15T17:16:50Z,NVIDIA H200 NVL,smoke,normal_0_1,gemv,e5m4,10,5,4,fp32,dense,scalar,1,32,1,1,1,none,subnormal_lut_shared,dense/scalar/x1/subnormal_lut_shared,256,32,32,10560,10560,64,32,256,1,0,1,0.0051839998923242092,0.0051839998923242092,-11.586105346679688,1
2026-08-15T17:16:50Z,NVIDIA H200 NVL,smoke,normal_0_1,dot,e5m4,10,5,4,fp32,padded,scalar,1,16,1,1,1,none,subnormal_lut_shared,padded/scalar/x1/subnormal_lut_shared,4096,0,1,10240,16384,64,16,256,1,0,1,0.0072639998979866505,0.0072639998979866505,20.457607269287109,1
2026-08-15T17:16:50Z,NVIDIA H200 NVL,smoke,normal_0_1,gemv,e5m4,10,5,4,fp32,padded,scalar,1,16,1,1,1,none,subnormal_lut_shared,padded/scalar/x1/subnormal_lut_shared,256,32,32,10560,16896,64,32,256,1,0,1,0.0048320000059902668,0.0048320000059902668,-11.586105346679688,1
2026-08-15T17:16:50Z,NVIDIA H200 NVL,smoke,normal_0_1,dot,e5m4,10,5,4,fp32,dense,thread_packet,2,32,1,1,2,none,subnormal_lut_shared,dense/thread_packet/x2/subnormal_lut_shared,4096,0,1,10240,10240,64,8,256,1,0,1,0.0073600001633167267,0.0073600001633167267,20.457603454589844,1
2026-08-15T17:16:50Z,NVIDIA H200 NVL,smoke,normal_0_1,gemv,e5m4,10,5,4,fp32,dense,thread_packet,2,32,1,1,2,none,subnormal_lut_shared,dense/thread_packet/x2/subnormal_lut_shared,256,32,32,10560,10560,64,32,256,1,0,1,0.0051199998706579208,0.0051199998706579208,-11.586105346679688,1
2026-08-15T17:16:50Z,NVIDIA H200 NVL,smoke,normal_0_1,dot,e5m4,10,5,4,fp32,dense,thread_packet,4,32,1,1,4,none,subnormal_lut_shared,dense/thread_packet/x4/subnormal_lut_shared,4096,0,1,10240,10240,64,4,256,1,0,1,0.0077439998276531696,0.0077439998276531696,20.457607269287109,1
2026-08-15T17:16:50Z,NVIDIA H200 NVL,smoke,normal_0_1,gemv,e5m4,10,5,4,fp32,dense,thread_packet,4,32,1,1,4,none,subnormal_lut_shared,dense/thread_packet/x4/subnormal_lut_shared,256,32,32,10560,10560,64,32,256,1,0,1,0.0055680000223219395,0.0055680000223219395,-11.586105346679688,1
2026-08-15T17:16:50Z,NVIDIA H200 NVL,smoke,normal_0_1,dot,e5m4,10,5,4,fp32,dense,thread_packet,8,32,1,1,8,none,subnormal_lut_shared,dense/thread_packet/x8/subnormal_lut_shared,4096,0,1,10240,10240,64,2,256,1,0,1,0.0083520002663135529,0.0083520002663135529,20.457601547241211,1
2026-08-15T17:16:50Z,NVIDIA H200 NVL,smoke,normal_0_1,gemv,e5m4,10,5,4,fp32,dense,thread_packet,8,32,1,1,8,none,subnormal_lut_shared,dense/thread_packet/x8/subnormal_lut_shared,256,32,32,10560,10560,64,32,256,1,0,1,0.0060479999519884586,0.0060479999519884586,-11.586105346679688,1
2026-08-15T17:16:50Z,NVIDIA H200 NVL,smoke,normal_0_1,dot,e5m4,10,5,4,fp32,padded,thread_packet,2,16,1,1,2,none,subnormal_lut_shared,padded/thread_packet/x2/subnormal_lut_shared,4096,0,1,10240,16384,64,8,256,1,0,1,0.0071999998763203621,0.0071999998763203621,20.457603454589844,1
2026-08-15T17:16:50Z,NVIDIA H200 NVL,smoke,normal_0_1,gemv,e5m4,10,5,4,fp32,padded,thread_packet,2,16,1,1,2,none,subnormal_lut_shared,padded/thread_packet/x2/subnormal_lut_shared,256,32,32,10560,16896,64,32,256,1,0,1,0.0051520001143217087,0.0051520001143217087,-11.586105346679688,1
2026-08-15T17:16:50Z,NVIDIA H200 NVL,smoke,normal_0_1,dot,e5m4,10,5,4,fp32,padded,thread_packet,4,16,1,1,4,none,subnormal_lut_shared,padded/thread_packet/x4/subnormal_lut_shared,4096,0,1,10240,16384,64,4,256,1,0,1,0.007519999984651804,0.007519999984651804,20.457607269287109,1
2026-08-15T17:16:50Z,NVIDIA H200 NVL,smoke,normal_0_1,gemv,e5m4,10,5,4,fp32,padded,thread_packet,4,16,1,1,4,none,subnormal_lut_shared,padded/thread_packet/x4/subnormal_lut_shared,256,32,32,10560,16896,64,32,256,1,0,1,0.005311999935656786,0.005311999935656786,-11.586105346679688,1
2026-08-15T17:16:50Z,NVIDIA H200 NVL,smoke,normal_0_1,dot,e5m4,10,5,4,fp32,padded,thread_packet,8,16,1,1,8,none,subnormal_lut_shared,padded/thread_packet/x8/subnormal_lut_shared,4096,0,1,10240,16384,64,2,256,1,0,1,0.0081599997356534004,0.0081599997356534004,20.457601547241211,1
2026-08-15T17:16:50Z,NVIDIA H200 NVL,smoke,normal_0_1,gemv,e5m4,10,5,4,fp32,padded,thread_packet,8,16,1,1,8,none,subnormal_lut_shared,padded/thread_packet/x8/subnormal_lut_shared,256,32,32,10560,16896,64,32,256,1,0,1,0.0057919998653233051,0.0057919998653233051,-11.586105346679688,1
2026-08-15T17:16:50Z,NVIDIA H200 NVL,smoke,normal_0_1,dot,e5m4,10,5,4,fp32,dense,cooperative_shuffle,16,32,5,8,2,warp_shuffle,subnormal_lut_shared,dense/cooperative_shuffle/x16/subnormal_lut_shared,4096,0,1,10240,10240,64,16,256,1,0,1,0.0077760000713169575,0.0077760000713169575,20.457603454589844,1
2026-08-15T17:16:50Z,NVIDIA H200 NVL,smoke,normal_0_1,gemv,e5m4,10,5,4,fp32,dense,cooperative_shuffle,16,32,5,8,2,warp_shuffle,subnormal_lut_shared,dense/cooperative_shuffle/x16/subnormal_lut_shared,256,32,32,10560,10560,64,32,256,1,0,1,0.0052800001576542854,0.0052800001576542854,-11.586105346679688,1
2026-08-15T17:16:50Z,NVIDIA H200 NVL,smoke,normal_0_1,dot,e8m1,10,8,1,fp32,dense,scalar,1,32,1,1,1,none,generic,dense/scalar/x1/generic,4096,0,1,10240,10240,0,16,256,1,0,1,0.0074240001849830151,0.0074240001849830151,26.022781372070312,1
2026-08-15T17:16:50Z,NVIDIA H200 NVL,smoke,normal_0_1,gemv,e8m1,10,8,1,fp32,dense,scalar,1,32,1,1,1,none,generic,dense/scalar/x1/generic,256,32,32,10560,10560,0,32,256,1,0,1,0.0049600000493228436,0.0049600000493228436,-8.36865234375,1
2026-08-15T17:16:50Z,NVIDIA H200 NVL,smoke,normal_0_1,dot,e8m1,10,8,1,fp32,padded,scalar,1,16,1,1,1,none,generic,padded/scalar/x1/generic,4096,0,1,10240,16384,0,16,256,1,0,1,0.0071359998546540737,0.0071359998546540737,26.022781372070312,1
2026-08-15T17:16:50Z,NVIDIA H200 NVL,smoke,normal_0_1,gemv,e8m1,10,8,1,fp32,padded,scalar,1,16,1,1,1,none,generic,padded/scalar/x1/generic,256,32,32,10560,16896,0,32,256,1,0,1,0.0049279998056590557,0.0049279998056590557,-8.36865234375,1
2026-08-15T17:16:50Z,NVIDIA H200 NVL,smoke,normal_0_1,dot,e8m1,10,8,1,fp32,dense,scalar,1,32,1,1,1,none,direct_branchy,dense/scalar/x1/direct_branchy,4096,0,1,10240,10240,0,16,256,1,0,1,0.0072320001199841499,0.0072320001199841499,26.022781372070312,1
2026-08-15T17:16:50Z,NVIDIA H200 NVL,smoke,normal_0_1,gemv,e8m1,10,8,1,fp32,dense,scalar,1,32,1,1,1,none,direct_branchy,dense/scalar/x1/direct_branchy,256,32,32,10560,10560,0,32,256,1,0,1,0.0045759999193251133,0.0045759999193251133,-8.36865234375,1
2026-08-15T17:16:50Z,NVIDIA H200 NVL,smoke,normal_0_1,dot,e8m1,10,8,1,fp32,padded,scalar,1,16,1,1,1,none,direct_branchy,padded/scalar/x1/direct_branchy,4096,0,1,10240,16384,0,16,256,1,0,1,0.007007999811321497,0.007007999811321497,26.022781372070312,1
2026-08-15T17:16:50Z,NVIDIA H200 NVL,smoke,normal_0_1,gemv,e8m1,10,8,1,fp32,padded,scalar,1,16,1,1,1,none,direct_branchy,padded/scalar/x1/direct_branchy,256,32,32,10560,16896,0,32,256,1,0,1,0.0047679999843239784,0.0047679999843239784,-8.36865234375,1
2026-08-15T17:16:50Z,NVIDIA H200 NVL,smoke,normal_0_1,dot,e8m1,10,8,1,fp32,dense,thread_packet,2,32,1,1,2,none,direct_branchy,dense/thread_packet/x2/direct_branchy,4096,0,1,10240,10240,0,8,256,1,0,1,0.0069120000116527081,0.0069120000116527081,26.022781372070312,1
2026-08-15T17:16:50Z,NVIDIA H200 NVL,smoke,normal_0_1,gemv,e8m1,10,8,1,fp32,dense,thread_packet,2,32,1,1,2,none,direct_branchy,dense/thread_packet/x2/direct_branchy,256,32,32,10560,10560,0,32,256,1,0,1,0.0048000002279877663,0.0048000002279877663,-8.36865234375,1
2026-08-15T17:16:50Z,NVIDIA H200 NVL,smoke,normal_0_1,dot,e8m1,10,8,1,fp32,dense,thread_packet,4,32,1,1,4,none,direct_branchy,dense/thread_packet/x4/direct_branchy,4096,0,1,10240,10240,0,4,256,1,0,1,0.0068160002119839191,0.0068160002119839191,26.022781372070312,1
2026-08-15T17:16:50Z,NVIDIA H200 NVL,smoke,normal_0_1,gemv,e8m1,10,8,1,fp32,dense,thread_packet,4,32,1,1,4,none,direct_branchy,dense/thread_packet/x4/direct_branchy,256,32,32,10560,10560,0,32,256,1,0,1,0.0048000002279877663,0.0048000002279877663,-8.36865234375,1
2026-08-15T17:16:50Z,NVIDIA H200 NVL,smoke,normal_0_1,dot,e8m1,10,8,1,fp32,dense,thread_packet,8,32,1,1,8,none,direct_branchy,dense/thread_packet/x8/direct_branchy,4096,0,1,10240,10240,0,2,256,1,0,1,0.0072639998979866505,0.0072639998979866505,26.022781372070312,1
2026-08-15T17:16:50Z,NVIDIA H200 NVL,smoke,normal_0_1,gemv,e8m1,10,8,1,fp32,dense,thread_packet,8,32,1,1,8,none,direct_branchy,dense/thread_packet/x8/direct_branchy,256,32,32,10560,10560,0,32,256,1,0,1,0.0050559998489916325,0.0050559998489916325,-8.36865234375,1
2026-08-15T17:16:50Z,NVIDIA H200 NVL,smoke,normal_0_1,dot,e8m1,10,8,1,fp32,padded,thread_packet,2,16,1,1,2,none,direct_branchy,padded/thread_packet/x2/direct_branchy,4096,0,1,10240,16384,0,8,256,1,0,1,0.0068479999899864197,0.0068479999899864197,26.022781372070312,1
2026-08-15T17:16:50Z,NVIDIA H200 NVL,smoke,normal_0_1,gemv,e8m1,10,8,1,fp32,padded,thread_packet,2,16,1,1,2,none,direct_branchy,padded/thread_packet/x2/direct_branchy,256,32,32,10560,16896,0,32,256,1,0,1,0.0046720001846551895,0.0046720001846551895,-8.36865234375,1
2026-08-15T17:16:50Z,NVIDIA H200 NVL,smoke,normal_0_1,dot,e8m1,10,8,1,fp32,padded,thread_packet,4,16,1,1,4,none,direct_branchy,padded/thread_packet/x4/direct_branchy,4096,0,1,10240,16384,0,4,256,1,0,1,0.0071680000983178616,0.0071680000983178616,26.022781372070312,1
2026-08-15T17:16:50Z,NVIDIA H200 NVL,smoke,normal_0_1,gemv,e8m1,10,8,1,fp32,padded,thread_packet,4,16,1,1,4,none,direct_branchy,padded/thread_packet/x4/direct_branchy,256,32,32,10560,16896,0,32,256,1,0,1,0.0045759999193251133,0.0045759999193251133,-8.36865234375,1
2026-08-15T17:16:50Z,NVIDIA H200 NVL,smoke,normal_0_1,dot,e8m1,10,8,1,fp32,padded,thread_packet,8,16,1,1,8,none,direct_branchy,padded/thread_packet/x8/direct_branchy,4096,0,1,10240,16384,0,2,256,1,0,1,0.0071040000766515732,0.0071040000766515732,26.022781372070312,1
2026-08-15T17:16:50Z,NVIDIA H200 NVL,smoke,normal_0_1,gemv,e8m1,10,8,1,fp32,padded,thread_packet,8,16,1,1,8,none,direct_branchy,padded/thread_packet/x8/direct_branchy,256,32,32,10560,16896,0,32,256,1,0,1,0.00470399996265769,0.00470399996265769,-8.36865234375,1
2026-08-15T17:16:50Z,NVIDIA H200 NVL,smoke,normal_0_1,dot,e8m1,10,8,1,fp32,dense,cooperative_shuffle,16,32,5,8,2,warp_shuffle,direct_branchy,dense/cooperative_shuffle/x16/direct_branchy,4096,0,1,10240,10240,0,16,256,1,0,1,0.0072960001416504383,0.0072960001416504383,26.022781372070312,1
2026-08-15T17:16:50Z,NVIDIA H200 NVL,smoke,normal_0_1,gemv,e8m1,10,8,1,fp32,dense,cooperative_shuffle,16,32,5,8,2,warp_shuffle,direct_branchy,dense/cooperative_shuffle/x16/direct_branchy,256,32,32,10560,10560,0,32,256,1,0,1,0.0048320000059902668,0.0048320000059902668,-8.36865234375,1
2026-08-15T17:16:50Z,NVIDIA H200 NVL,smoke,normal_0_1,dot,e8m1,10,8,1,fp32,dense,scalar,1,32,1,1,1,none,full_lut_global,dense/scalar/x1/full_lut_global,4096,0,1,10240,10240,4096,16,256,1,0,1,0.0073600001633167267,0.0073600001633167267,26.022781372070312,1
2026-08-15T17:16:50Z,NVIDIA H200 NVL,smoke,normal_0_1,gemv,e8m1,10,8,1,fp32,dense,scalar,1,32,1,1,1,none,full_lut_global,dense/scalar/x1/full_lut_global,256,32,32,10560,10560,4096,32,256,1,0,1,0.0050880000926554203,0.0050880000926554203,-8.36865234375,1
2026-08-15T17:16:50Z,NVIDIA H200 NVL,smoke,normal_0_1,dot,e8m1,10,8,1,fp32,padded,scalar,1,16,1,1,1,none,full_lut_global,padded/scalar/x1/full_lut_global,4096,0,1,10240,16384,4096,16,256,1,0,1,0.0073919999413192272,0.0073919999413192272,26.022781372070312,1
2026-08-15T17:16:50Z,NVIDIA H200 NVL,smoke,normal_0_1,gemv,e8m1,10,8,1,fp32,padded,scalar,1,16,1,1,1,none,full_lut_global,padded/scalar/x1/full_lut_global,256,32,32,10560,16896,4096,32,256,1,0,1,0.0048320000059902668,0.0048320000059902668,-8.36865234375,1
2026-08-15T17:16:50Z,NVIDIA H200 NVL,smoke,normal_0_1,dot,e8m1,10,8,1,fp32,dense,thread_packet,2,32,1,1,2,none,full_lut_global,dense/thread_packet/x2/full_lut_global,4096,0,1,10240,10240,4096,8,256,1,0,1,0.0071680000983178616,0.0071680000983178616,26.022781372070312,1
2026-08-15T17:16:50Z,NVIDIA H200 NVL,smoke,normal_0_1,gemv,e8m1,10,8,1,fp32,dense,thread_packet,2,32,1,1,2,none,full_lut_global,dense/thread_packet/x2/full_lut_global,256,32,32,10560,10560,4096,32,256,1,0,1,0.0048320000059902668,0.0048320000059902668,-8.36865234375,1
2026-08-15T17:16:50Z,NVIDIA H200 NVL,smoke,normal_0_1,dot,e8m1,10,8,1,fp32,dense,thread_packet,4,32,1,1,4,none,full_lut_global,dense/thread_packet/x4/full_lut_global,4096,0,1,10240,10240,4096,4,256,1,0,1,0.0073279999196529388,0.0073279999196529388,26.022781372070312,1
2026-08-15T17:16:50Z,NVIDIA H200 NVL,smoke,normal_0_1,gemv,e8m1,10,8,1,fp32,dense,thread_packet,4,32,1,1,4,none,full_lut_global,dense/thread_packet/x4/full_lut_global,256,32,32,10560,10560,4096,32,256,1,0,1,0.0051520001143217087,0.0051520001143217087,-8.36865234375,1
2026-08-15T17:16:50Z,NVIDIA H200 NVL,smoke,normal_0_1,dot,e8m1,10,8,1,fp32,dense,thread_packet,8,32,1,1,8,none,full_lut_global,dense/thread_packet/x8/full_lut_global,4096,0,1,10240,10240,4096,2,256,1,0,1,0.0074240001849830151,0.0074240001849830151,26.022781372070312,1
2026-08-15T17:16:50Z,NVIDIA H200 NVL,smoke,normal_0_1,gemv,e8m1,10,8,1,fp32,dense,thread_packet,8,32,1,1,8,none,full_lut_global,dense/thread_packet/x8/full_lut_global,256,32,32,10560,10560,4096,32,256,1,0,1,0.0056320000439882278,0.0056320000439882278,-8.36865234375,1
2026-08-15T17:16:50Z,NVIDIA H200 NVL,smoke,normal_0_1,dot,e8m1,10,8,1,fp32,padded,thread_packet,2,16,1,1,2,none,full_lut_global,padded/thread_packet/x2/full_lut_global,4096,0,1,10240,16384,4096,8,256,1,0,1,0.0073919999413192272,0.0073919999413192272,26.022781372070312,1
2026-08-15T17:16:50Z,NVIDIA H200 NVL,smoke,normal_0_1,gemv,e8m1,10,8,1,fp32,padded,thread_packet,2,16,1,1,2,none,full_lut_global,padded/thread_packet/x2/full_lut_global,256,32,32,10560,16896,4096,32,256,1,0,1,0.0048320000059902668,0.0048320000059902668,-8.36865234375,1
2026-08-15T17:16:50Z,NVIDIA H200 NVL,smoke,normal_0_1,dot,e8m1,10,8,1,fp32,padded,thread_packet,4,16,1,1,4,none,full_lut_global,padded/thread_packet/x4/full_lut_global,4096,0,1,10240,16384,4096,4,256,1,0,1,0.0071680000983178616,0.0071680000983178616,26.022781372070312,1
2026-08-15T17:16:50Z,NVIDIA H200 NVL,smoke,normal_0_1,gemv,e8m1,10,8,1,fp32,padded,thread_packet,4,16,1,1,4,none,full_lut_global,padded/thread_packet/x4/full_lut_global,256,32,32,10560,16896,4096,32,256,1,0,1,0.0049279998056590557,0.0049279998056590557,-8.36865234375,1
2026-08-15T17:16:50Z,NVIDIA H200 NVL,smoke,normal_0_1,dot,e8m1,10,8,1,fp32,padded,thread_packet,8,16,1,1,8,none,full_lut_global,padded/thread_packet/x8/full_lut_global,4096,0,1,10240,16384,4096,2,256,1,0,1,0.0074559999629855156,0.0074559999629855156,26.022781372070312,1
2026-08-15T17:16:50Z,NVIDIA H200 NVL,smoke,normal_0_1,gemv,e8m1,10,8,1,fp32,padded,thread_packet,8,16,1,1,8,none,full_lut_global,padded/thread_packet/x8/full_lut_global,256,32,32,10560,16896,4096,32,256,1,0,1,0.0048320000059902668,0.0048320000059902668,-8.36865234375,1
2026-08-15T17:16:50Z,NVIDIA H200 NVL,smoke,normal_0_1,dot,e8m1,10,8,1,fp32,dense,cooperative_shuffle,16,32,5,8,2,warp_shuffle,full_lut_global,dense/cooperative_shuffle/x16/full_lut_global,4096,0,1,10240,10240,4096,16,256,1,0,1,0.0077120000496506691,0.0077120000496506691,26.022781372070312,1
2026-08-15T17:16:50Z,NVIDIA H200 NVL,smoke,normal_0_1,gemv,e8m1,10,8,1,fp32,dense,cooperative_shuffle,16,32,5,8,2,warp_shuffle,full_lut_global,dense/cooperative_shuffle/x16/full_lut_global,256,32,32,10560,10560,4096,32,256,1,0,1,0.0053440001793205738,0.0053440001793205738,-8.36865234375,1
2026-08-15T17:16:50Z,NVIDIA H200 NVL,smoke,normal_0_1,dot,e8m1,10,8,1,fp32,dense,scalar,1,32,1,1,1,none,full_lut_shared,dense/scalar/x1/full_lut_shared,4096,0,1,10240,10240,4096,16,256,1,0,1,0.0081919999793171883,0.0081919999793171883,26.022781372070312,1
2026-08-15T17:16:50Z,NVIDIA H200 NVL,smoke,normal_0_1,gemv,e8m1,10,8,1,fp32,dense,scalar,1,32,1,1,1,none,full_lut_shared,dense/scalar/x1/full_lut_shared,256,32,32,10560,10560,4096,32,256,1,0,1,0.0056639998219907284,0.0056639998219907284,-8.36865234375,1
2026-08-15T17:16:50Z,NVIDIA H200 NVL,smoke,normal_0_1,dot,e8m1,10,8,1,fp32,padded,scalar,1,16,1,1,1,none,full_lut_shared,padded/scalar/x1/full_lut_shared,4096,0,1,10240,16384,4096,16,256,1,0,1,0.0075840000063180923,0.0075840000063180923,26.022781372070312,1
2026-08-15T17:16:50Z,NVIDIA H200 NVL,smoke,normal_0_1,gemv,e8m1,10,8,1,fp32,padded,scalar,1,16,1,1,1,none,full_lut_shared,padded/scalar/x1/full_lut_shared,256,32,32,10560,16896,4096,32,256,1,0,1,0.0056320000439882278,0.0056320000439882278,-8.36865234375,1
2026-08-15T17:16:50Z,NVIDIA H200 NVL,smoke,normal_0_1,dot,e8m1,10,8,1,fp32,dense,thread_packet,2,32,1,1,2,none,full_lut_shared,dense/thread_packet/x2/full_lut_shared,4096,0,1,10240,10240,4096,8,256,1,0,1,0.0077439998276531696,0.0077439998276531696,26.022781372070312,1
2026-08-15T17:16:50Z,NVIDIA H200 NVL,smoke,normal_0_1,gemv,e8m1,10,8,1,fp32,dense,thread_packet,2,32,1,1,2,none,full_lut_shared,dense/thread_packet/x2/full_lut_shared,256,32,32,10560,10560,4096,32,256,1,0,1,0.0055680000223219395,0.0055680000223219395,-8.36865234375,1
2026-08-15T17:16:50Z,NVIDIA H200 NVL,smoke,normal_0_1,dot,e8m1,10,8,1,fp32,dense,thread_packet,4,32,1,1,4,none,full_lut_shared,dense/thread_packet/x4/full_lut_shared,4096,0,1,10240,10240,4096,4,256,1,0,1,0.0079359998926520348,0.0079359998926520348,26.022781372070312,1
2026-08-15T17:16:50Z,NVIDIA H200 NVL,smoke,normal_0_1,gemv,e8m1,10,8,1,fp32,dense,thread_packet,4,32,1,1,4,none,full_lut_shared,dense/thread_packet/x4/full_lut_shared,256,32,32,10560,10560,4096,32,256,1,0,1,0.0057600000873208046,0.0057600000873208046,-8.36865234375,1
2026-08-15T17:16:50Z,NVIDIA H200 NVL,smoke,normal_0_1,dot,e8m1,10,8,1,fp32,dense,thread_packet,8,32,1,1,8,none,full_lut_shared,dense/thread_packet/x8/full_lut_shared,4096,0,1,10240,10240,4096,2,256,1,0,1,0.0080639999359846115,0.0080639999359846115,26.022781372070312,1
2026-08-15T17:16:50Z,NVIDIA H200 NVL,smoke,normal_0_1,gemv,e8m1,10,8,1,fp32,dense,thread_packet,8,32,1,1,8,none,full_lut_shared,dense/thread_packet/x8/full_lut_shared,256,32,32,10560,10560,4096,32,256,1,0,1,0.0061440002173185349,0.0061440002173185349,-8.36865234375,1
2026-08-15T17:16:50Z,NVIDIA H200 NVL,smoke,normal_0_1,dot,e8m1,10,8,1,fp32,padded,thread_packet,2,16,1,1,2,none,full_lut_shared,padded/thread_packet/x2/full_lut_shared,4096,0,1,10240,16384,4096,8,256,1,0,1,0.007807999849319458,0.007807999849319458,26.022781372070312,1
2026-08-15T17:16:50Z,NVIDIA H200 NVL,smoke,normal_0_1,gemv,e8m1,10,8,1,fp32,padded,thread_packet,2,16,1,1,2,none,full_lut_shared,padded/thread_packet/x2/full_lut_shared,256,32,32,10560,16896,4096,32,256,1,0,1,0.005311999935656786,0.005311999935656786,-8.36865234375,1
2026-08-15T17:16:50Z,NVIDIA H200 NVL,smoke,normal_0_1,dot,e8m1,10,8,1,fp32,padded,thread_packet,4,16,1,1,4,none,full_lut_shared,padded/thread_packet/x4/full_lut_shared,4096,0,1,10240,16384,4096,4,256,1,0,1,0.0078400000929832458,0.0078400000929832458,26.022781372070312,1
2026-08-15T17:16:50Z,NVIDIA H200 NVL,smoke,normal_0_1,gemv,e8m1,10,8,1,fp32,padded,thread_packet,4,16,1,1,4,none,full_lut_shared,padded/thread_packet/x4/full_lut_shared,256,32,32,10560,16896,4096,32,256,1,0,1,0.0053440001793205738,0.0053440001793205738,-8.36865234375,1
2026-08-15T17:16:50Z,NVIDIA H200 NVL,smoke,normal_0_1,dot,e8m1,10,8,1,fp32,padded,thread_packet,8,16,1,1,8,none,full_lut_shared,padded/thread_packet/x8/full_lut_shared,4096,0,1,10240,16384,4096,2,256,1,0,1,0.0080000003799796104,0.0080000003799796104,26.022781372070312,1
2026-08-15T17:16:50Z,NVIDIA H200 NVL,smoke,normal_0_1,gemv,e8m1,10,8,1,fp32,padded,thread_packet,8,16,1,1,8,none,full_lut_shared,padded/thread_packet/x8/full_lut_shared,256,32,32,10560,16896,4096,32,256,1,0,1,0.0055680000223219395,0.0055680000223219395,-8.36865234375,1
2026-08-15T17:16:50Z,NVIDIA H200 NVL,smoke,normal_0_1,dot,e8m1,10,8,1,fp32,dense,cooperative_shuffle,16,32,5,8,2,warp_shuffle,full_lut_shared,dense/cooperative_shuffle/x16/full_lut_shared,4096,0,1,10240,10240,4096,16,256,1,0,1,0.0081280004233121872,0.0081280004233121872,26.022781372070312,1
2026-08-15T17:16:50Z,NVIDIA H200 NVL,smoke,normal_0_1,gemv,e8m1,10,8,1,fp32,dense,cooperative_shuffle,16,32,5,8,2,warp_shuffle,full_lut_shared,dense/cooperative_shuffle/x16/full_lut_shared,256,32,32,10560,10560,4096,32,256,1,0,1,0.0058880001306533813,0.0058880001306533813,-8.36865234375,1
2026-08-15T17:16:50Z,NVIDIA H200 NVL,smoke,normal_0_1,dot,e8m1,10,8,1,fp32,dense,scalar,1,32,1,1,1,none,prefix_lut_global,dense/scalar/x1/prefix_lut_global,4096,0,1,10240,10240,2048,16,256,1,0,1,0.0072639998979866505,0.0072639998979866505,26.022781372070312,1
2026-08-15T17:16:50Z,NVIDIA H200 NVL,smoke,normal_0_1,gemv,e8m1,10,8,1,fp32,dense,scalar,1,32,1,1,1,none,prefix_lut_global,dense/scalar/x1/prefix_lut_global,256,32,32,10560,10560,2048,32,256,1,0,1,0.0048960000276565552,0.0048960000276565552,-8.36865234375,1
2026-08-15T17:16:50Z,NVIDIA H200 NVL,smoke,normal_0_1,dot,e8m1,10,8,1,fp32,padded,scalar,1,16,1,1,1,none,prefix_lut_global,padded/scalar/x1/prefix_lut_global,4096,0,1,10240,16384,2048,16,256,1,0,1,0.0072639998979866505,0.0072639998979866505,26.022781372070312,1
2026-08-15T17:16:50Z,NVIDIA H200 NVL,smoke,normal_0_1,gemv,e8m1,10,8,1,fp32,padded,scalar,1,16,1,1,1,none,prefix_lut_global,padded/scalar/x1/prefix_lut_global,256,32,32,10560,16896,2048,32,256,1,0,1,0.0048000002279877663,0.0048000002279877663,-8.36865234375,1
2026-08-15T17:16:50Z,NVIDIA H200 NVL,smoke,normal_0_1,dot,e8m1,10,8,1,fp32,dense,thread_packet,2,32,1,1,2,none,prefix_lut_global,dense/thread_packet/x2/prefix_lut_global,4096,0,1,10240,10240,2048,8,256,1,0,1,0.0073279999196529388,0.0073279999196529388,26.022781372070312,1
2026-08-15T17:16:50Z,NVIDIA H200 NVL,smoke,normal_0_1,gemv,e8m1,10,8,1,fp32,dense,thread_packet,2,32,1,1,2,none,prefix_lut_global,dense/thread_packet/x2/prefix_lut_global,256,32,32,10560,10560,2048,32,256,1,0,1,0.0048960000276565552,0.0048960000276565552,-8.36865234375,1
2026-08-15T17:16:50Z,NVIDIA H200 NVL,smoke,normal_0_1,dot,e8m1,10,8,1,fp32,dense,thread_packet,4,32,1,1,4,none,prefix_lut_global,dense/thread_packet/x4/prefix_lut_global,4096,0,1,10240,10240,2048,4,256,1,0,1,0.0075520002283155918,0.0075520002283155918,26.022781372070312,1
2026-08-15T17:16:50Z,NVIDIA H200 NVL,smoke,normal_0_1,gemv,e8m1,10,8,1,fp32,dense,thread_packet,4,32,1,1,4,none,prefix_lut_global,dense/thread_packet/x4/prefix_lut_global,256,32,32,10560,10560,2048,32,256,1,0,1,0.0051520001143217087,0.0051520001143217087,-8.36865234375,1
2026-08-15T17:16:50Z,NVIDIA H200 NVL,smoke,normal_0_1,dot,e8m1,10,8,1,fp32,dense,thread_packet,8,32,1,1,8,none,prefix_lut_global,dense/thread_packet/x8/prefix_lut_global,4096,0,1,10240,10240,2048,2,256,1,0,1,0.0077760000713169575,0.0077760000713169575,26.022781372070312,1
2026-08-15T17:16:50Z,NVIDIA H200 NVL,smoke,normal_0_1,gemv,e8m1,10,8,1,fp32,dense,thread_packet,8,32,1,1,8,none,prefix_lut_global,dense/thread_packet/x8/prefix_lut_global,256,32,32,10560,10560,2048,32,256,1,0,1,0.0056639998219907284,0.0056639998219907284,-8.36865234375,1
2026-08-15T17:16:50Z,NVIDIA H200 NVL,smoke,normal_0_1,dot,e8m1,10,8,1,fp32,padded,thread_packet,2,16,1,1,2,none,prefix_lut_global,padded/thread_packet/x2/prefix_lut_global,4096,0,1,10240,16384,2048,8,256,1,0,1,0.0072960001416504383,0.0072960001416504383,26.022781372070312,1
2026-08-15T17:16:50Z,NVIDIA H200 NVL,smoke,normal_0_1,gemv,e8m1,10,8,1,fp32,padded,thread_packet,2,16,1,1,2,none,prefix_lut_global,padded/thread_packet/x2/prefix_lut_global,256,32,32,10560,16896,2048,32,256,1,0,1,0.0048320000059902668,0.0048320000059902668,-8.36865234375,1
2026-08-15T17:16:50Z,NVIDIA H200 NVL,smoke,normal_0_1,dot,e8m1,10,8,1,fp32,padded,thread_packet,4,16,1,1,4,none,prefix_lut_global,padded/thread_packet/x4/prefix_lut_global,4096,0,1,10240,16384,2048,4,256,1,0,1,0.0071999998763203621,0.0071999998763203621,26.022781372070312,1
2026-08-15T17:16:50Z,NVIDIA H200 NVL,smoke,normal_0_1,gemv,e8m1,10,8,1,fp32,padded,thread_packet,4,16,1,1,4,none,prefix_lut_global,padded/thread_packet/x4/prefix_lut_global,256,32,32,10560,16896,2048,32,256,1,0,1,0.0050240000709891319,0.0050240000709891319,-8.36865234375,1
2026-08-15T17:16:50Z,NVIDIA H200 NVL,smoke,normal_0_1,dot,e8m1,10,8,1,fp32,padded,thread_packet,8,16,1,1,8,none,prefix_lut_global,padded/thread_packet/x8/prefix_lut_global,4096,0,1,10240,16384,2048,2,256,1,0,1,0.0072639998979866505,0.0072639998979866505,26.022781372070312,1
2026-08-15T17:16:50Z,NVIDIA H200 NVL,smoke,normal_0_1,gemv,e8m1,10,8,1,fp32,padded,thread_packet,8,16,1,1,8,none,prefix_lut_global,padded/thread_packet/x8/prefix_lut_global,256,32,32,10560,16896,2048,32,256,1,0,1,0.0055040000006556511,0.0055040000006556511,-8.36865234375,1
2026-08-15T17:16:50Z,NVIDIA H200 NVL,smoke,normal_0_1,dot,e8m1,10,8,1,fp32,dense,cooperative_shuffle,16,32,5,8,2,warp_shuffle,prefix_lut_global,dense/cooperative_shuffle/x16/prefix_lut_global,4096,0,1,10240,10240,2048,16,256,1,0,1,0.0078400000929832458,0.0078400000929832458,26.022781372070312,1
2026-08-15T17:16:50Z,NVIDIA H200 NVL,smoke,normal_0_1,gemv,e8m1,10,8,1,fp32,dense,cooperative_shuffle,16,32,5,8,2,warp_shuffle,prefix_lut_global,dense/cooperative_shuffle/x16/prefix_lut_global,256,32,32,10560,10560,2048,32,256,1,0,1,0.0053759999573230743,0.0053759999573230743,-8.36865234375,1
2026-08-15T17:16:50Z,NVIDIA H200 NVL,smoke,normal_0_1,dot,e8m1,10,8,1,fp32,dense,scalar,1,32,1,1,1,none,prefix_lut_shared,dense/scalar/x1/prefix_lut_shared,4096,0,1,10240,10240,2048,16,256,1,0,1,0.0076480000279843807,0.0076480000279843807,26.022781372070312,1
2026-08-15T17:16:50Z,NVIDIA H200 NVL,smoke,normal_0_1,gemv,e8m1,10,8,1,fp32,dense,scalar,1,32,1,1,1,none,prefix_lut_shared,dense/scalar/x1/prefix_lut_shared,256,32,32,10560,10560,2048,32,256,1,0,1,0.0051520001143217087,0.0051520001143217087,-8.36865234375,1
2026-08-15T17:16:50Z,NVIDIA H200 NVL,smoke,normal_0_1,dot,e8m1,10,8,1,fp32,padded,scalar,1,16,1,1,1,none,prefix_lut_shared,padded/scalar/x1/prefix_lut_shared,4096,0,1,10240,16384,2048,16,256,1,0,1,0.0076480000279843807,0.0076480000279843807,26.022781372070312,1
2026-08-15T17:16:50Z,NVIDIA H200 NVL,smoke,normal_0_1,gemv,e8m1,10,8,1,fp32,padded,scalar,1,16,1,1,1,none,prefix_lut_shared,padded/scalar/x1/prefix_lut_shared,256,32,32,10560,16896,2048,32,256,1,0,1,0.0051199998706579208,0.0051199998706579208,-8.36865234375,1
2026-08-15T17:16:50Z,NVIDIA H200 NVL,smoke,normal_0_1,dot,e8m1,10,8,1,fp32,dense,thread_packet,2,32,1,1,2,none,prefix_lut_shared,dense/thread_packet/x2/prefix_lut_shared,4096,0,1,10240,10240,2048,8,256,1,0,1,0.0076480000279843807,0.0076480000279843807,26.022781372070312,1
2026-08-15T17:16:50Z,NVIDIA H200 NVL,smoke,normal_0_1,gemv,e8m1,10,8,1,fp32,dense,thread_packet,2,32,1,1,2,none,prefix_lut_shared,dense/thread_packet/x2/prefix_lut_shared,256,32,32,10560,10560,2048,32,256,1,0,1,0.0050880000926554203,0.0050880000926554203,-8.36865234375,1
2026-08-15T17:16:50Z,NVIDIA H200 NVL,smoke,normal_0_1,dot,e8m1,10,8,1,fp32,dense,thread_packet,4,32,1,1,4,none,prefix_lut_shared,dense/thread_packet/x4/prefix_lut_shared,4096,0,1,10240,10240,2048,4,256,1,0,1,0.0077120000496506691,0.0077120000496506691,26.022781372070312,1
2026-08-15T17:16:50Z,NVIDIA H200 NVL,smoke,normal_0_1,gemv,e8m1,10,8,1,fp32,dense,thread_packet,4,32,1,1,4,none,prefix_lut_shared,dense/thread_packet/x4/prefix_lut_shared,256,32,32,10560,10560,2048,32,256,1,0,1,0.0052800001576542854,0.0052800001576542854,-8.36865234375,1
2026-08-15T17:16:50Z,NVIDIA H200 NVL,smoke,normal_0_1,dot,e8m1,10,8,1,fp32,dense,thread_packet,8,32,1,1,8,none,prefix_lut_shared,dense/thread_packet/x8/prefix_lut_shared,4096,0,1,10240,10240,2048,2,256,1,0,1,0.0080639999359846115,0.0080639999359846115,26.022781372070312,1
2026-08-15T17:16:50Z,NVIDIA H200 NVL,smoke,normal_0_1,gemv,e8m1,10,8,1,fp32,dense,thread_packet,8,32,1,1,8,none,prefix_lut_shared,dense/thread_packet/x8/prefix_lut_shared,256,32,32,10560,10560,2048,32,256,1,0,1,0.0055359997786581516,0.0055359997786581516,-8.36865234375,1
2026-08-15T17:16:50Z,NVIDIA H200 NVL,smoke,normal_0_1,dot,e8m1,10,8,1,fp32,padded,thread_packet,2,16,1,1,2,none,prefix_lut_shared,padded/thread_packet/x2/prefix_lut_shared,4096,0,1,10240,16384,2048,8,256,1,0,1,0.0075520002283155918,0.0075520002283155918,26.022781372070312,1
2026-08-15T17:16:50Z,NVIDIA H200 NVL,smoke,normal_0_1,gemv,e8m1,10,8,1,fp32,padded,thread_packet,2,16,1,1,2,none,prefix_lut_shared,padded/thread_packet/x2/prefix_lut_shared,256,32,32,10560,16896,2048,32,256,1,0,1,0.0051839998923242092,0.0051839998923242092,-8.36865234375,1
2026-08-15T17:16:50Z,NVIDIA H200 NVL,smoke,normal_0_1,dot,e8m1,10,8,1,fp32,padded,thread_packet,4,16,1,1,4,none,prefix_lut_shared,padded/thread_packet/x4/prefix_lut_shared,4096,0,1,10240,16384,2048,4,256,1,0,1,0.0074240001849830151,0.0074240001849830151,26.022781372070312,1
2026-08-15T17:16:50Z,NVIDIA H200 NVL,smoke,normal_0_1,gemv,e8m1,10,8,1,fp32,padded,thread_packet,4,16,1,1,4,none,prefix_lut_shared,padded/thread_packet/x4/prefix_lut_shared,256,32,32,10560,16896,2048,32,256,1,0,1,0.0052800001576542854,0.0052800001576542854,-8.36865234375,1
2026-08-15T17:16:50Z,NVIDIA H200 NVL,smoke,normal_0_1,dot,e8m1,10,8,1,fp32,padded,thread_packet,8,16,1,1,8,none,prefix_lut_shared,padded/thread_packet/x8/prefix_lut_shared,4096,0,1,10240,16384,2048,2,256,1,0,1,0.0085119996219873428,0.0085119996219873428,26.022781372070312,1
2026-08-15T17:16:50Z,NVIDIA H200 NVL,smoke,normal_0_1,gemv,e8m1,10,8,1,fp32,padded,thread_packet,8,16,1,1,8,none,prefix_lut_shared,padded/thread_packet/x8/prefix_lut_shared,256,32,32,10560,16896,2048,32,256,1,0,1,0.0054399999789893627,0.0054399999789893627,-8.36865234375,1
2026-08-15T17:16:50Z,NVIDIA H200 NVL,smoke,normal_0_1,dot,e8m1,10,8,1,fp32,dense,cooperative_shuffle,16,32,5,8,2,warp_shuffle,prefix_lut_shared,dense/cooperative_shuffle/x16/prefix_lut_shared,4096,0,1,10240,10240,2048,16,256,1,0,1,0.0081919999793171883,0.0081919999793171883,26.022781372070312,1
2026-08-15T17:16:50Z,NVIDIA H200 NVL,smoke,normal_0_1,gemv,e8m1,10,8,1,fp32,dense,cooperative_shuffle,16,32,5,8,2,warp_shuffle,prefix_lut_shared,dense/cooperative_shuffle/x16/prefix_lut_shared,256,32,32,10560,10560,2048,32,256,1,0,1,0.00559999980032444,0.00559999980032444,-8.36865234375,1
2026-08-15T17:16:50Z,NVIDIA H200 NVL,smoke,normal_0_1,dot,e8m1,10,8,1,fp32,dense,scalar,1,32,1,1,1,none,subnormal_lut_global,dense/scalar/x1/subnormal_lut_global,4096,0,1,10240,10240,8,16,256,1,0,1,0.0073279999196529388,0.0073279999196529388,26.022781372070312,1
2026-08-15T17:16:50Z,NVIDIA H200 NVL,smoke,normal_0_1,gemv,e8m1,10,8,1,fp32,dense,scalar,1,32,1,1,1,none,subnormal_lut_global,dense/scalar/x1/subnormal_lut_global,256,32,32,10560,10560,8,32,256,1,0,1,0.00470399996265769,0.00470399996265769,-8.36865234375,1
2026-08-15T17:16:50Z,NVIDIA H200 NVL,smoke,normal_0_1,dot,e8m1,10,8,1,fp32,padded,scalar,1,16,1,1,1,none,subnormal_lut_global,padded/scalar/x1/subnormal_lut_global,4096,0,1,10240,16384,8,16,256,1,0,1,0.007007999811321497,0.007007999811321497,26.022781372070312,1
2026-08-15T17:16:50Z,NVIDIA H200 NVL,smoke,normal_0_1,gemv,e8m1,10,8,1,fp32,padded,scalar,1,16,1,1,1,none,subnormal_lut_global,padded/scalar/x1/subnormal_lut_global,256,32,32,10560,16896,8,32,256,1,0,1,0.0048320000059902668,0.0048320000059902668,-8.36865234375,1
2026-08-15T17:16:50Z,NVIDIA H200 NVL,smoke,normal_0_1,dot,e8m1,10,8,1,fp32,dense,thread_packet,2,32,1,1,2,none,subnormal_lut_global,dense/thread_packet/x2/subnormal_lut_global,4096,0,1,10240,10240,8,8,256,1,0,1,0.0070400000549852848,0.0070400000549852848,26.022781372070312,1
2026-08-15T17:16:50Z,NVIDIA H200 NVL,smoke,normal_0_1,gemv,e8m1,10,8,1,fp32,dense,thread_packet,2,32,1,1,2,none,subnormal_lut_global,dense/thread_packet/x2/subnormal_lut_global,256,32,32,10560,10560,8,32,256,1,0,1,0.0045759999193251133,0.0045759999193251133,-8.36865234375,1
2026-08-15T17:16:50Z,NVIDIA H200 NVL,smoke,normal_0_1,dot,e8m1,10,8,1,fp32,dense,thread_packet,4,32,1,1,4,none,subnormal_lut_global,dense/thread_packet/x4/subnormal_lut_global,4096,0,1,10240,10240,8,4,256,1,0,1,0.007007999811321497,0.007007999811321497,26.022781372070312,1
2026-08-15T17:16:50Z,NVIDIA H200 NVL,smoke,normal_0_1,gemv,e8m1,10,8,1,fp32,dense,thread_packet,4,32,1,1,4,none,subnormal_lut_global,dense/thread_packet/x4/subnormal_lut_global,256,32,32,10560,10560,8,32,256,1,0,1,0.0050559998489916325,0.0050559998489916325,-8.36865234375,1
2026-08-15T17:16:50Z,NVIDIA H200 NVL,smoke,normal_0_1,dot,e8m1,10,8,1,fp32,dense,thread_packet,8,32,1,1,8,none,subnormal_lut_global,dense/thread_packet/x8/subnormal_lut_global,4096,0,1,10240,10240,8,2,256,1,0,1,0.0076480000279843807,0.0076480000279843807,26.022781372070312,1
2026-08-15T17:16:50Z,NVIDIA H200 NVL,smoke,normal_0_1,gemv,e8m1,10,8,1,fp32,dense,thread_packet,8,32,1,1,8,none,subnormal_lut_global,dense/thread_packet/x8/subnormal_lut_global,256,32,32,10560,10560,8,32,256,1,0,1,0.0056320000439882278,0.0056320000439882278,-8.36865234375,1
2026-08-15T17:16:50Z,NVIDIA H200 NVL,smoke,normal_0_1,dot,e8m1,10,8,1,fp32,padded,thread_packet,2,16,1,1,2,none,subnormal_lut_global,padded/thread_packet/x2/subnormal_lut_global,4096,0,1,10240,16384,8,8,256,1,0,1,0.0068160002119839191,0.0068160002119839191,26.022781372070312,1
2026-08-15T17:16:50Z,NVIDIA H200 NVL,smoke,normal_0_1,gemv,e8m1,10,8,1,fp32,padded,thread_packet,2,16,1,1,2,none,subnormal_lut_global,padded/thread_packet/x2/subnormal_lut_global,256,32,32,10560,16896,8,32,256,1,0,1,0.0048000002279877663,0.0048000002279877663,-8.36865234375,1
2026-08-15T17:16:50Z,NVIDIA H200 NVL,smoke,normal_0_1,dot,e8m1,10,8,1,fp32,padded,thread_packet,4,16,1,1,4,none,subnormal_lut_global,padded/thread_packet/x4/subnormal_lut_global,4096,0,1,10240,16384,8,4,256,1,0,1,0.007007999811321497,0.007007999811321497,26.022781372070312,1
2026-08-15T17:16:50Z,NVIDIA H200 NVL,smoke,normal_0_1,gemv,e8m1,10,8,1,fp32,padded,thread_packet,4,16,1,1,4,none,subnormal_lut_global,padded/thread_packet/x4/subnormal_lut_global,256,32,32,10560,16896,8,32,256,1,0,1,0.0048000002279877663,0.0048000002279877663,-8.36865234375,1
2026-08-15T17:16:50Z,NVIDIA H200 NVL,smoke,normal_0_1,dot,e8m1,10,8,1,fp32,padded,thread_packet,8,16,1,1,8,none,subnormal_lut_global,padded/thread_packet/x8/subnormal_lut_global,4096,0,1,10240,16384,8,2,256,1,0,1,0.0072960001416504383,0.0072960001416504383,26.022781372070312,1
2026-08-15T17:16:50Z,NVIDIA H200 NVL,smoke,normal_0_1,gemv,e8m1,10,8,1,fp32,padded,thread_packet,8,16,1,1,8,none,subnormal_lut_global,padded/thread_packet/x8/subnormal_lut_global,256,32,32,10560,16896,8,32,256,1,0,1,0.0048960000276565552,0.0048960000276565552,-8.36865234375,1
2026-08-15T17:16:50Z,NVIDIA H200 NVL,smoke,normal_0_1,dot,e8m1,10,8,1,fp32,dense,cooperative_shuffle,16,32,5,8,2,warp_shuffle,subnormal_lut_global,dense/cooperative_shuffle/x16/subnormal_lut_global,4096,0,1,10240,10240,8,16,256,1,0,1,0.0075840000063180923,0.0075840000063180923,26.022781372070312,1
2026-08-15T17:16:50Z,NVIDIA H200 NVL,smoke,normal_0_1,gemv,e8m1,10,8,1,fp32,dense,cooperative_shuffle,16,32,5,8,2,warp_shuffle,subnormal_lut_global,dense/cooperative_shuffle/x16/subnormal_lut_global,256,32,32,10560,10560,8,32,256,1,0,1,0.0050880000926554203,0.0050880000926554203,-8.36865234375,1
2026-08-15T17:16:50Z,NVIDIA H200 NVL,smoke,normal_0_1,dot,e8m1,10,8,1,fp32,dense,scalar,1,32,1,1,1,none,subnormal_lut_shared,dense/scalar/x1/subnormal_lut_shared,4096,0,1,10240,10240,8,16,256,1,0,1,0.0073600001633167267,0.0073600001633167267,26.022781372070312,1
2026-08-15T17:16:50Z,NVIDIA H200 NVL,smoke,normal_0_1,gemv,e8m1,10,8,1,fp32,dense,scalar,1,32,1,1,1,none,subnormal_lut_shared,dense/scalar/x1/subnormal_lut_shared,256,32,32,10560,10560,8,32,256,1,0,1,0.0049600000493228436,0.0049600000493228436,-8.36865234375,1
2026-08-15T17:16:50Z,NVIDIA H200 NVL,smoke,normal_0_1,dot,e8m1,10,8,1,fp32,padded,scalar,1,16,1,1,1,none,subnormal_lut_shared,padded/scalar/x1/subnormal_lut_shared,4096,0,1,10240,16384,8,16,256,1,0,1,0.0074240001849830151,0.0074240001849830151,26.022781372070312,1
2026-08-15T17:16:50Z,NVIDIA H200 NVL,smoke,normal_0_1,gemv,e8m1,10,8,1,fp32,padded,scalar,1,16,1,1,1,none,subnormal_lut_shared,padded/scalar/x1/subnormal_lut_shared,256,32,32,10560,16896,8,32,256,1,0,1,0.0049600000493228436,0.0049600000493228436,-8.36865234375,1
2026-08-15T17:16:50Z,NVIDIA H200 NVL,smoke,normal_0_1,dot,e8m1,10,8,1,fp32,dense,thread_packet,2,32,1,1,2,none,subnormal_lut_shared,dense/thread_packet/x2/subnormal_lut_shared,4096,0,1,10240,10240,8,8,256,1,0,1,0.0071680000983178616,0.0071680000983178616,26.022781372070312,1
2026-08-15T17:16:50Z,NVIDIA H200 NVL,smoke,normal_0_1,gemv,e8m1,10,8,1,fp32,dense,thread_packet,2,32,1,1,2,none,subnormal_lut_shared,dense/thread_packet/x2/subnormal_lut_shared,256,32,32,10560,10560,8,32,256,1,0,1,0.0048320000059902668,0.0048320000059902668,-8.36865234375,1
2026-08-15T17:16:50Z,NVIDIA H200 NVL,smoke,normal_0_1,dot,e8m1,10,8,1,fp32,dense,thread_packet,4,32,1,1,4,none,subnormal_lut_shared,dense/thread_packet/x4/subnormal_lut_shared,4096,0,1,10240,10240,8,4,256,1,0,1,0.0072320001199841499,0.0072320001199841499,26.022781372070312,1
2026-08-15T17:16:50Z,NVIDIA H200 NVL,smoke,normal_0_1,gemv,e8m1,10,8,1,fp32,dense,thread_packet,4,32,1,1,4,none,subnormal_lut_shared,dense/thread_packet/x4/subnormal_lut_shared,256,32,32,10560,10560,8,32,256,1,0,1,0.0052800001576542854,0.0052800001576542854,-8.36865234375,1
2026-08-15T17:16:50Z,NVIDIA H200 NVL,smoke,normal_0_1,dot,e8m1,10,8,1,fp32,dense,thread_packet,8,32,1,1,8,none,subnormal_lut_shared,dense/thread_packet/x8/subnormal_lut_shared,4096,0,1,10240,10240,8,2,256,1,0,1,0.0079359998926520348,0.0079359998926520348,26.022781372070312,1
2026-08-15T17:16:50Z,NVIDIA H200 NVL,smoke,normal_0_1,gemv,e8m1,10,8,1,fp32,dense,thread_packet,8,32,1,1,8,none,subnormal_lut_shared,dense/thread_packet/x8/subnormal_lut_shared,256,32,32,10560,10560,8,32,256,1,0,1,0.00559999980032444,0.00559999980032444,-8.36865234375,1
2026-08-15T17:16:50Z,NVIDIA H200 NVL,smoke,normal_0_1,dot,e8m1,10,8,1,fp32,padded,thread_packet,2,16,1,1,2,none,subnormal_lut_shared,padded/thread_packet/x2/subnormal_lut_shared,4096,0,1,10240,16384,8,8,256,1,0,1,0.007007999811321497,0.007007999811321497,26.022781372070312,1
2026-08-15T17:16:50Z,NVIDIA H200 NVL,smoke,normal_0_1,gemv,e8m1,10,8,1,fp32,padded,thread_packet,2,16,1,1,2,none,subnormal_lut_shared,padded/thread_packet/x2/subnormal_lut_shared,256,32,32,10560,16896,8,32,256,1,0,1,0.0048960000276565552,0.0048960000276565552,-8.36865234375,1
2026-08-15T17:16:50Z,NVIDIA H200 NVL,smoke,normal_0_1,dot,e8m1,10,8,1,fp32,padded,thread_packet,4,16,1,1,4,none,subnormal_lut_shared,padded/thread_packet/x4/subnormal_lut_shared,4096,0,1,10240,16384,8,4,256,1,0,1,0.0071680000983178616,0.0071680000983178616,26.022781372070312,1
2026-08-15T17:16:50Z,NVIDIA H200 NVL,smoke,normal_0_1,gemv,e8m1,10,8,1,fp32,padded,thread_packet,4,16,1,1,4,none,subnormal_lut_shared,padded/thread_packet/x4/subnormal_lut_shared,256,32,32,10560,16896,8,32,256,1,0,1,0.0050880000926554203,0.0050880000926554203,-8.36865234375,1
2026-08-15T17:16:50Z,NVIDIA H200 NVL,smoke,normal_0_1,dot,e8m1,10,8,1,fp32,padded,thread_packet,8,16,1,1,8,none,subnormal_lut_shared,padded/thread_packet/x8/subnormal_lut_shared,4096,0,1,10240,16384,8,2,256,1,0,1,0.0077439998276531696,0.0077439998276531696,26.022781372070312,1
2026-08-15T17:16:50Z,NVIDIA H200 NVL,smoke,normal_0_1,gemv,e8m1,10,8,1,fp32,padded,thread_packet,8,16,1,1,8,none,subnormal_lut_shared,padded/thread_packet/x8/subnormal_lut_shared,256,32,32,10560,16896,8,32,256,1,0,1,0.0050559998489916325,0.0050559998489916325,-8.36865234375,1
2026-08-15T17:16:50Z,NVIDIA H200 NVL,smoke,normal_0_1,dot,e8m1,10,8,1,fp32,dense,cooperative_shuffle,16,32,5,8,2,warp_shuffle,subnormal_lut_shared,dense/cooperative_shuffle/x16/subnormal_lut_shared,4096,0,1,10240,10240,8,16,256,1,0,1,0.0076480000279843807,0.0076480000279843807,26.022781372070312,1
2026-08-15T17:16:50Z,NVIDIA H200 NVL,smoke,normal_0_1,gemv,e8m1,10,8,1,fp32,dense,cooperative_shuffle,16,32,5,8,2,warp_shuffle,subnormal_lut_shared,dense/cooperative_shuffle/x16/subnormal_lut_shared,256,32,32,10560,10560,8,32,256,1,0,1,0.005311999935656786,0.005311999935656786,-8.36865234375,1
2026-08-15T17:16:50Z,NVIDIA H200 NVL,smoke,normal_0_1,dot,e2m7,10,2,7,fp64,dense,scalar,1,32,1,1,1,none,generic,dense/scalar/x1/generic,4096,0,1,10240,10240,0,16,256,1,0,1,0.0073919999413192272,0.0073919999413192272,19.1270751953125,1
2026-08-15T17:16:50Z,NVIDIA H200 NVL,smoke,normal_0_1,gemv,e2m7,10,2,7,fp64,dense,scalar,1,32,1,1,1,none,generic,dense/scalar/x1/generic,256,32,32,10560,10560,0,32,256,1,0,1,0.0050559998489916325,0.0050559998489916325,-11.81500244140625,1
2026-08-15T17:16:50Z,NVIDIA H200 NVL,smoke,normal_0_1,dot,e2m7,10,2,7,fp64,padded,scalar,1,16,1,1,1,none,generic,padded/scalar/x1/generic,4096,0,1,10240,16384,0,16,256,1,0,1,0.0074240001849830151,0.0074240001849830151,19.1270751953125,1
2026-08-15T17:16:50Z,NVIDIA H200 NVL,smoke,normal_0_1,gemv,e2m7,10,2,7,fp64,padded,scalar,1,16,1,1,1,none,generic,padded/scalar/x1/generic,256,32,32,10560,16896,0,32,256,1,0,1,0.0048320000059902668,0.0048320000059902668,-11.81500244140625,1
2026-08-15T17:16:50Z,NVIDIA H200 NVL,smoke,normal_0_1,dot,e2m7,10,2,7,fp64,dense,scalar,1,32,1,1,1,none,direct_branchy,dense/scalar/x1/direct_branchy,4096,0,1,10240,10240,0,16,256,1,0,1,0.0074559999629855156,0.0074559999629855156,19.1270751953125,1
2026-08-15T17:16:50Z,NVIDIA H200 NVL,smoke,normal_0_1,gemv,e2m7,10,2,7,fp64,dense,scalar,1,32,1,1,1,none,direct_branchy,dense/scalar/x1/direct_branchy,256,32,32,10560,10560,0,32,256,1,0,1,0.0048639997839927673,0.0048639997839927673,-11.81500244140625,1
2026-08-15T17:16:50Z,NVIDIA H200 NVL,smoke,normal_0_1,dot,e2m7,10,2,7,fp64,padded,scalar,1,16,1,1,1,none,direct_branchy,padded/scalar/x1/direct_branchy,4096,0,1,10240,16384,0,16,256,1,0,1,0.0075520002283155918,0.0075520002283155918,19.1270751953125,1
2026-08-15T17:16:50Z,NVIDIA H200 NVL,smoke,normal_0_1,gemv,e2m7,10,2,7,fp64,padded,scalar,1,16,1,1,1,none,direct_branchy,padded/scalar/x1/direct_branchy,256,32,32,10560,16896,0,32,256,1,0,1,0.0048639997839927673,0.0048639997839927673,-11.81500244140625,1
2026-08-15T17:16:50Z,NVIDIA H200 NVL,smoke,normal_0_1,dot,e2m7,10,2,7,fp64,dense,thread_packet,2,32,1,1,2,none,direct_branchy,dense/thread_packet/x2/direct_branchy,4096,0,1,10240,10240,0,8,256,1,0,1,0.0075520002283155918,0.0075520002283155918,19.1270751953125,1
2026-08-15T17:16:50Z,NVIDIA H200 NVL,smoke,normal_0_1,gemv,e2m7,10,2,7,fp64,dense,thread_packet,2,32,1,1,2,none,direct_branchy,dense/thread_packet/x2/direct_branchy,256,32,32,10560,10560,0,32,256,1,0,1,0.0050880000926554203,0.0050880000926554203,-11.81500244140625,1
2026-08-15T17:16:50Z,NVIDIA H200 NVL,smoke,normal_0_1,dot,e2m7,10,2,7,fp64,dense,thread_packet,4,32,1,1,4,none,direct_branchy,dense/thread_packet/x4/direct_branchy,4096,0,1,10240,10240,0,4,256,1,0,1,0.0080639999359846115,0.0080639999359846115,19.1270751953125,1
2026-08-15T17:16:50Z,NVIDIA H200 NVL,smoke,normal_0_1,gemv,e2m7,10,2,7,fp64,dense,thread_packet,4,32,1,1,4,none,direct_branchy,dense/thread_packet/x4/direct_branchy,256,32,32,10560,10560,0,32,256,1,0,1,0.0055359997786581516,0.0055359997786581516,-11.81500244140625,1
2026-08-15T17:16:50Z,NVIDIA H200 NVL,smoke,normal_0_1,dot,e2m7,10,2,7,fp64,dense,thread_packet,8,32,1,1,8,none,direct_branchy,dense/thread_packet/x8/direct_branchy,4096,0,1,10240,10240,0,2,256,1,0,1,0.0088640004396438599,0.0088640004396438599,19.1270751953125,1
2026-08-15T17:16:50Z,NVIDIA H200 NVL,smoke,normal_0_1,gemv,e2m7,10,2,7,fp64,dense,thread_packet,8,32,1,1,8,none,direct_branchy,dense/thread_packet/x8/direct_branchy,256,32,32,10560,10560,0,32,256,1,0,1,0.006624000146985054,0.006624000146985054,-11.81500244140625,1
2026-08-15T17:16:50Z,NVIDIA H200 NVL,smoke,normal_0_1,dot,e2m7,10,2,7,fp64,padded,thread_packet,2,16,1,1,2,none,direct_branchy,padded/thread_packet/x2/direct_branchy,4096,0,1,10240,16384,0,8,256,1,0,1,0.0073600001633167267,0.0073600001633167267,19.1270751953125,1
2026-08-15T17:16:50Z,NVIDIA H200 NVL,smoke,normal_0_1,gemv,e2m7,10,2,7,fp64,padded,thread_packet,2,16,1,1,2,none,direct_branchy,padded/thread_packet/x2/direct_branchy,256,32,32,10560,16896,0,32,256,1,0,1,0.0058559998869895935,0.0058559998869895935,-11.81500244140625,1
2026-08-15T17:16:50Z,NVIDIA H200 NVL,smoke,normal_0_1,dot,e2m7,10,2,7,fp64,padded,thread_packet,4,16,1,1,4,none,direct_branchy,padded/thread_packet/x4/direct_branchy,4096,0,1,10240,16384,0,4,256,1,0,1,0.0079359998926520348,0.0079359998926520348,19.1270751953125,1
2026-08-15T17:16:50Z,NVIDIA H200 NVL,smoke,normal_0_1,gemv,e2m7,10,2,7,fp64,padded,thread_packet,4,16,1,1,4,none,direct_branchy,padded/thread_packet/x4/direct_branchy,256,32,32,10560,16896,0,32,256,1,0,1,0.0055359997786581516,0.0055359997786581516,-11.81500244140625,1
2026-08-15T17:16:50Z,NVIDIA H200 NVL,smoke,normal_0_1,dot,e2m7,10,2,7,fp64,padded,thread_packet,8,16,1,1,8,none,direct_branchy,padded/thread_packet/x8/direct_branchy,4096,0,1,10240,16384,0,2,256,1,0,1,0.0087999999523162842,0.0087999999523162842,19.1270751953125,1
2026-08-15T17:16:50Z,NVIDIA H200 NVL,smoke,normal_0_1,gemv,e2m7,10,2,7,fp64,padded,thread_packet,8,16,1,1,8,none,direct_branchy,padded/thread_packet/x8/direct_branchy,256,32,32,10560,16896,0,32,256,1,0,1,0.0063359998166561127,0.0063359998166561127,-11.81500244140625,1
2026-08-15T17:16:50Z,NVIDIA H200 NVL,smoke,normal_0_1,dot,e2m7,10,2,7,fp64,dense,cooperative_shuffle,16,32,5,8,2,warp_shuffle,direct_branchy,dense/cooperative_shuffle/x16/direct_branchy,4096,0,1,10240,10240,0,16,256,1,0,1,0.0077439998276531696,0.0077439998276531696,19.1270751953125,1
2026-08-15T17:16:50Z,NVIDIA H200 NVL,smoke,normal_0_1,gemv,e2m7,10,2,7,fp64,dense,cooperative_shuffle,16,32,5,8,2,warp_shuffle,direct_branchy,dense/cooperative_shuffle/x16/direct_branchy,256,32,32,10560,10560,0,32,256,1,0,1,0.005311999935656786,0.005311999935656786,-11.81500244140625,1
2026-08-15T17:16:50Z,NVIDIA H200 NVL,smoke,normal_0_1,dot,e2m7,10,2,7,fp64,dense,scalar,1,32,1,1,1,none,direct_masked,dense/scalar/x1/direct_masked,4096,0,1,10240,10240,0,16,256,1,0,1,0.0071359998546540737,0.0071359998546540737,19.1270751953125,1
2026-08-15T17:16:50Z,NVIDIA H200 NVL,smoke,normal_0_1,gemv,e2m7,10,2,7,fp64,dense,scalar,1,32,1,1,1,none,direct_masked,dense/scalar/x1/direct_masked,256,32,32,10560,10560,0,32,256,1,0,1,0.0048639997839927673,0.0048639997839927673,-11.81500244140625,1
2026-08-15T17:16:50Z,NVIDIA H200 NVL,smoke,normal_0_1,dot,e2m7,10,2,7,fp64,padded,scalar,1,16,1,1,1,none,direct_masked,padded/scalar/x1/direct_masked,4096,0,1,10240,16384,0,16,256,1,0,1,0.0072960001416504383,0.0072960001416504383,19.1270751953125,1
2026-08-15T17:16:50Z,NVIDIA H200 NVL,smoke,normal_0_1,gemv,e2m7,10,2,7,fp64,padded,scalar,1,16,1,1,1,none,direct_masked,padded/scalar/x1/direct_masked,256,32,32,10560,16896,0,32,256,1,0,1,0.0048320000059902668,0.0048320000059902668,-11.81500244140625,1
2026-08-15T17:16:50Z,NVIDIA H200 NVL,smoke,normal_0_1,dot,e2m7,10,2,7,fp64,dense,thread_packet,2,32,1,1,2,none,direct_masked,dense/thread_packet/x2/direct_masked,4096,0,1,10240,10240,0,8,256,1,0,1,0.0072639998979866505,0.0072639998979866505,19.1270751953125,1
2026-08-15T17:16:50Z,NVIDIA H200 NVL,smoke,normal_0_1,gemv,e2m7,10,2,7,fp64,dense,thread_packet,2,32,1,1,2,none,direct_masked,dense/thread_packet/x2/direct_masked,256,32,32,10560,10560,0,32,256,1,0,1,0.0050559998489916325,0.0050559998489916325,-11.81500244140625,1
2026-08-15T17:16:50Z,NVIDIA H200 NVL,smoke,normal_0_1,dot,e2m7,10,2,7,fp64,dense,thread_packet,4,32,1,1,4,none,direct_masked,dense/thread_packet/x4/direct_masked,4096,0,1,10240,10240,0,4,256,1,0,1,0.0073279999196529388,0.0073279999196529388,19.1270751953125,1
2026-08-15T17:16:50Z,NVIDIA H200 NVL,smoke,normal_0_1,gemv,e2m7,10,2,7,fp64,dense,thread_packet,4,32,1,1,4,none,direct_masked,dense/thread_packet/x4/direct_masked,256,32,32,10560,10560,0,32,256,1,0,1,0.005311999935656786,0.005311999935656786,-11.81500244140625,1
2026-08-15T17:16:50Z,NVIDIA H200 NVL,smoke,normal_0_1,dot,e2m7,10,2,7,fp64,dense,thread_packet,8,32,1,1,8,none,direct_masked,dense/thread_packet/x8/direct_masked,4096,0,1,10240,10240,0,2,256,1,0,1,0.0081919999793171883,0.0081919999793171883,19.1270751953125,1
2026-08-15T17:16:50Z,NVIDIA H200 NVL,smoke,normal_0_1,gemv,e2m7,10,2,7,fp64,dense,thread_packet,8,32,1,1,8,none,direct_masked,dense/thread_packet/x8/direct_masked,256,32,32,10560,10560,0,32,256,1,0,1,0.0057600000873208046,0.0057600000873208046,-11.81500244140625,1
2026-08-15T17:16:50Z,NVIDIA H200 NVL,smoke,normal_0_1,dot,e2m7,10,2,7,fp64,padded,thread_packet,2,16,1,1,2,none,direct_masked,padded/thread_packet/x2/direct_masked,4096,0,1,10240,16384,0,8,256,1,0,1,0.0074559999629855156,0.0074559999629855156,19.1270751953125,1
2026-08-15T17:16:50Z,NVIDIA H200 NVL,smoke,normal_0_1,gemv,e2m7,10,2,7,fp64,padded,thread_packet,2,16,1,1,2,none,direct_masked,padded/thread_packet/x2/direct_masked,256,32,32,10560,16896,0,32,256,1,0,1,0.0048960000276565552,0.0048960000276565552,-11.81500244140625,1
2026-08-15T17:16:50Z,NVIDIA H200 NVL,smoke,normal_0_1,dot,e2m7,10,2,7,fp64,padded,thread_packet,4,16,1,1,4,none,direct_masked,padded/thread_packet/x4/direct_masked,4096,0,1,10240,16384,0,4,256,1,0,1,0.0075840000063180923,0.0075840000063180923,19.1270751953125,1
2026-08-15T17:16:50Z,NVIDIA H200 NVL,smoke,normal_0_1,gemv,e2m7,10,2,7,fp64,padded,thread_packet,4,16,1,1,4,none,direct_masked,padded/thread_packet/x4/direct_masked,256,32,32,10560,16896,0,32,256,1,0,1,0.0048639997839927673,0.0048639997839927673,-11.81500244140625,1
2026-08-15T17:16:50Z,NVIDIA H200 NVL,smoke,normal_0_1,dot,e2m7,10,2,7,fp64,padded,thread_packet,8,16,1,1,8,none,direct_masked,padded/thread_packet/x8/direct_masked,4096,0,1,10240,16384,0,2,256,1,0,1,0.0081280004233121872,0.0081280004233121872,19.1270751953125,1
2026-08-15T17:16:50Z,NVIDIA H200 NVL,smoke,normal_0_1,gemv,e2m7,10,2,7,fp64,padded,thread_packet,8,16,1,1,8,none,direct_masked,padded/thread_packet/x8/direct_masked,256,32,32,10560,16896,0,32,256,1,0,1,0.0053440001793205738,0.0053440001793205738,-11.81500244140625,1
2026-08-15T17:16:50Z,NVIDIA H200 NVL,smoke,normal_0_1,dot,e2m7,10,2,7,fp64,dense,cooperative_shuffle,16,32,5,8,2,warp_shuffle,direct_masked,dense/cooperative_shuffle/x16/direct_masked,4096,0,1,10240,10240,0,16,256,1,0,1,0.0077120000496506691,0.0077120000496506691,19.1270751953125,1
2026-08-15T17:16:50Z,NVIDIA H200 NVL,smoke,normal_0_1,gemv,e2m7,10,2,7,fp64,dense,cooperative_shuffle,16,32,5,8,2,warp_shuffle,direct_masked,dense/cooperative_shuffle/x16/direct_masked,256,32,32,10560,10560,0,32,256,1,0,1,0.0052160001359879971,0.0052160001359879971,-11.81500244140625,1
2026-08-15T17:16:50Z,NVIDIA H200 NVL,smoke,normal_0_1,dot,e2m7,10,2,7,fp64,dense,scalar,1,32,1,1,1,none,full_lut_global,dense/scalar/x1/full_lut_global,4096,0,1,10240,10240,4096,16,256,1,0,1,0.0072639998979866505,0.0072639998979866505,19.1270751953125,1
2026-08-15T17:16:50Z,NVIDIA H200 NVL,smoke,normal_0_1,gemv,e2m7,10,2,7,fp64,dense,scalar,1,32,1,1,1,none,full_lut_global,dense/scalar/x1/full_lut_global,256,32,32,10560,10560,4096,32,256,1,0,1,0.0051520001143217087,0.0051520001143217087,-11.81500244140625,1
2026-08-15T17:16:50Z,NVIDIA H200 NVL,smoke,normal_0_1,dot,e2m7,10,2,7,fp64,padded,scalar,1,16,1,1,1,none,full_lut_global,padded/scalar/x1/full_lut_global,4096,0,1,10240,16384,4096,16,256,1,0,1,0.0074240001849830151,0.0074240001849830151,19.1270751953125,1
2026-08-15T17:16:50Z,NVIDIA H200 NVL,smoke,normal_0_1,gemv,e2m7,10,2,7,fp64,padded,scalar,1,16,1,1,1,none,full_lut_global,padded/scalar/x1/full_lut_global,256,32,32,10560,16896,4096,32,256,1,0,1,0.0050559998489916325,0.0050559998489916325,-11.81500244140625,1
2026-08-15T17:16:50Z,NVIDIA H200 NVL,smoke,normal_0_1,dot,e2m7,10,2,7,fp64,dense,thread_packet,2,32,1,1,2,none,full_lut_global,dense/thread_packet/x2/full_lut_global,4096,0,1,10240,10240,4096,8,256,1,0,1,0.0074559999629855156,0.0074559999629855156,19.1270751953125,1
2026-08-15T17:16:50Z,NVIDIA H200 NVL,smoke,normal_0_1,gemv,e2m7,10,2,7,fp64,dense,thread_packet,2,32,1,1,2,none,full_lut_global,dense/thread_packet/x2/full_lut_global,256,32,32,10560,10560,4096,32,256,1,0,1,0.0050559998489916325,0.0050559998489916325,-11.81500244140625,1
2026-08-15T17:16:50Z,NVIDIA H200 NVL,smoke,normal_0_1,dot,e2m7,10,2,7,fp64,dense,thread_packet,4,32,1,1,4,none,full_lut_global,dense/thread_packet/x4/full_lut_global,4096,0,1,10240,10240,4096,4,256,1,0,1,0.007519999984651804,0.007519999984651804,19.1270751953125,1
2026-08-15T17:16:50Z,NVIDIA H200 NVL,smoke,normal_0_1,gemv,e2m7,10,2,7,fp64,dense,thread_packet,4,32,1,1,4,none,full_lut_global,dense/thread_packet/x4/full_lut_global,256,32,32,10560,10560,4096,32,256,1,0,1,0.0051520001143217087,0.0051520001143217087,-11.81500244140625,1
2026-08-15T17:16:50Z,NVIDIA H200 NVL,smoke,normal_0_1,dot,e2m7,10,2,7,fp64,dense,thread_packet,8,32,1,1,8,none,full_lut_global,dense/thread_packet/x8/full_lut_global,4096,0,1,10240,10240,4096,2,256,1,0,1,0.0078720003366470337,0.0078720003366470337,19.1270751953125,1
2026-08-15T17:16:50Z,NVIDIA H200 NVL,smoke,normal_0_1,gemv,e2m7,10,2,7,fp64,dense,thread_packet,8,32,1,1,8,none,full_lut_global,dense/thread_packet/x8/full_lut_global,256,32,32,10560,10560,4096,32,256,1,0,1,0.00559999980032444,0.00559999980032444,-11.81500244140625,1
2026-08-15T17:16:50Z,NVIDIA H200 NVL,smoke,normal_0_1,dot,e2m7,10,2,7,fp64,padded,thread_packet,2,16,1,1,2,none,full_lut_global,padded/thread_packet/x2/full_lut_global,4096,0,1,10240,16384,4096,8,256,1,0,1,0.0074240001849830151,0.0074240001849830151,19.1270751953125,1
2026-08-15T17:16:50Z,NVIDIA H200 NVL,smoke,normal_0_1,gemv,e2m7,10,2,7,fp64,padded,thread_packet,2,16,1,1,2,none,full_lut_global,padded/thread_packet/x2/full_lut_global,256,32,32,10560,16896,4096,32,256,1,0,1,0.0048000002279877663,0.0048000002279877663,-11.81500244140625,1
2026-08-15T17:16:50Z,NVIDIA H200 NVL,smoke,normal_0_1,dot,e2m7,10,2,7,fp64,padded,thread_packet,4,16,1,1,4,none,full_lut_global,padded/thread_packet/x4/full_lut_global,4096,0,1,10240,16384,4096,4,256,1,0,1,0.0073600001633167267,0.0073600001633167267,19.1270751953125,1
2026-08-15T17:16:50Z,NVIDIA H200 NVL,smoke,normal_0_1,gemv,e2m7,10,2,7,fp64,padded,thread_packet,4,16,1,1,4,none,full_lut_global,padded/thread_packet/x4/full_lut_global,256,32,32,10560,16896,4096,32,256,1,0,1,0.0049919998273253441,0.0049919998273253441,-11.81500244140625,1
2026-08-15T17:16:50Z,NVIDIA H200 NVL,smoke,normal_0_1,dot,e2m7,10,2,7,fp64,padded,thread_packet,8,16,1,1,8,none,full_lut_global,padded/thread_packet/x8/full_lut_global,4096,0,1,10240,16384,4096,2,256,1,0,1,0.0077439998276531696,0.0077439998276531696,19.1270751953125,1
2026-08-15T17:16:50Z,NVIDIA H200 NVL,smoke,normal_0_1,gemv,e2m7,10,2,7,fp64,padded,thread_packet,8,16,1,1,8,none,full_lut_global,padded/thread_packet/x8/full_lut_global,256,32,32,10560,16896,4096,32,256,1,0,1,0.0048639997839927673,0.0048639997839927673,-11.81500244140625,1
2026-08-15T17:16:50Z,NVIDIA H200 NVL,smoke,normal_0_1,dot,e2m7,10,2,7,fp64,dense,cooperative_shuffle,16,32,5,8,2,warp_shuffle,full_lut_global,dense/cooperative_shuffle/x16/full_lut_global,4096,0,1,10240,10240,4096,16,256,1,0,1,0.0076480000279843807,0.0076480000279843807,19.1270751953125,1
2026-08-15T17:16:50Z,NVIDIA H200 NVL,smoke,normal_0_1,gemv,e2m7,10,2,7,fp64,dense,cooperative_shuffle,16,32,5,8,2,warp_shuffle,full_lut_global,dense/cooperative_shuffle/x16/full_lut_global,256,32,32,10560,10560,4096,32,256,1,0,1,0.0055040000006556511,0.0055040000006556511,-11.81500244140625,1
2026-08-15T17:16:50Z,NVIDIA H200 NVL,smoke,normal_0_1,dot,e2m7,10,2,7,fp64,dense,scalar,1,32,1,1,1,none,full_lut_shared,dense/scalar/x1/full_lut_shared,4096,0,1,10240,10240,4096,16,256,1,0,1,0.0077760000713169575,0.0077760000713169575,19.1270751953125,1
2026-08-15T17:16:50Z,NVIDIA H200 NVL,smoke,normal_0_1,gemv,e2m7,10,2,7,fp64,dense,scalar,1,32,1,1,1,none,full_lut_shared,dense/scalar/x1/full_lut_shared,256,32,32,10560,10560,4096,32,256,1,0,1,0.0056320000439882278,0.0056320000439882278,-11.81500244140625,1
2026-08-15T17:16:50Z,NVIDIA H200 NVL,smoke,normal_0_1,dot,e2m7,10,2,7,fp64,padded,scalar,1,16,1,1,1,none,full_lut_shared,padded/scalar/x1/full_lut_shared,4096,0,1,10240,16384,4096,16,256,1,0,1,0.0076480000279843807,0.0076480000279843807,19.1270751953125,1
2026-08-15T17:16:50Z,NVIDIA H200 NVL,smoke,normal_0_1,gemv,e2m7,10,2,7,fp64,padded,scalar,1,16,1,1,1,none,full_lut_shared,padded/scalar/x1/full_lut_shared,256,32,32,10560,16896,4096,32,256,1,0,1,0.0055040000006556511,0.0055040000006556511,-11.81500244140625,1
2026-08-15T17:16:50Z,NVIDIA H200 NVL,smoke,normal_0_1,dot,e2m7,10,2,7,fp64,dense,thread_packet,2,32,1,1,2,none,full_lut_shared,dense/thread_packet/x2/full_lut_shared,4096,0,1,10240,10240,4096,8,256,1,0,1,0.0080319996923208237,0.0080319996923208237,19.1270751953125,1
2026-08-15T17:16:50Z,NVIDIA H200 NVL,smoke,normal_0_1,gemv,e2m7,10,2,7,fp64,dense,thread_packet,2,32,1,1,2,none,full_lut_shared,dense/thread_packet/x2/full_lut_shared,256,32,32,10560,10560,4096,32,256,1,0,1,0.0055680000223219395,0.0055680000223219395,-11.81500244140625,1
2026-08-15T17:16:50Z,NVIDIA H200 NVL,smoke,normal_0_1,dot,e2m7,10,2,7,fp64,dense,thread_packet,4,32,1,1,4,none,full_lut_shared,dense/thread_packet/x4/full_lut_shared,4096,0,1,10240,10240,4096,4,256,1,0,1,0.0081599997356534004,0.0081599997356534004,19.1270751953125,1
2026-08-15T17:16:50Z,NVIDIA H200 NVL,smoke,normal_0_1,gemv,e2m7,10,2,7,fp64,dense,thread_packet,4,32,1,1,4,none,full_lut_shared,dense/thread_packet/x4/full_lut_shared,256,32,32,10560,10560,4096,32,256,1,0,1,0.0057919998653233051,0.0057919998653233051,-11.81500244140625,1
2026-08-15T17:16:50Z,NVIDIA H200 NVL,smoke,normal_0_1,dot,e2m7,10,2,7,fp64,dense,thread_packet,8,32,1,1,8,none,full_lut_shared,dense/thread_packet/x8/full_lut_shared,4096,0,1,10240,10240,4096,2,256,1,0,1,0.0082240002229809761,0.0082240002229809761,19.1270751953125,1
2026-08-15T17:16:50Z,NVIDIA H200 NVL,smoke,normal_0_1,gemv,e2m7,10,2,7,fp64,dense,thread_packet,8,32,1,1,8,none,full_lut_shared,dense/thread_packet/x8/full_lut_shared,256,32,32,10560,10560,4096,32,256,1,0,1,0.0062400000169873238,0.0062400000169873238,-11.81500244140625,1
2026-08-15T17:16:50Z,NVIDIA H200 NVL,smoke,normal_0_1,dot,e2m7,10,2,7,fp64,padded,thread_packet,2,16,1,1,2,none,full_lut_shared,padded/thread_packet/x2/full_lut_shared,4096,0,1,10240,16384,4096,8,256,1,0,1,0.0077120000496506691,0.0077120000496506691,19.1270751953125,1
2026-08-15T17:16:50Z,NVIDIA H200 NVL,smoke,normal_0_1,gemv,e2m7,10,2,7,fp64,padded,thread_packet,2,16,1,1,2,none,full_lut_shared,padded/thread_packet/x2/full_lut_shared,256,32,32,10560,16896,4096,32,256,1,0,1,0.0055359997786581516,0.0055359997786581516,-11.81500244140625,1
2026-08-15T17:16:50Z,NVIDIA H200 NVL,smoke,normal_0_1,dot,e2m7,10,2,7,fp64,padded,thread_packet,4,16,1,1,4,none,full_lut_shared,padded/thread_packet/x4/full_lut_shared,4096,0,1,10240,16384,4096,4,256,1,0,1,0.0079039996489882469,0.0079039996489882469,19.1270751953125,1
2026-08-15T17:16:50Z,NVIDIA H200 NVL,smoke,normal_0_1,gemv,e2m7,10,2,7,fp64,padded,thread_packet,4,16,1,1,4,none,full_lut_shared,padded/thread_packet/x4/full_lut_shared,256,32,32,10560,16896,4096,32,256,1,0,1,0.0056320000439882278,0.0056320000439882278,-11.81500244140625,1
2026-08-15T17:16:50Z,NVIDIA H200 NVL,smoke,normal_0_1,dot,e2m7,10,2,7,fp64,padded,thread_packet,8,16,1,1,8,none,full_lut_shared,padded/thread_packet/x8/full_lut_shared,4096,0,1,10240,16384,4096,2,256,1,0,1,0.0078720003366470337,0.0078720003366470337,19.1270751953125,1
2026-08-15T17:16:50Z,NVIDIA H200 NVL,smoke,normal_0_1,gemv,e2m7,10,2,7,fp64,padded,thread_packet,8,16,1,1,8,none,full_lut_shared,padded/thread_packet/x8/full_lut_shared,256,32,32,10560,16896,4096,32,256,1,0,1,0.0057279998436570168,0.0057279998436570168,-11.81500244140625,1
2026-08-15T17:16:50Z,NVIDIA H200 NVL,smoke,normal_0_1,dot,e2m7,10,2,7,fp64,dense,cooperative_shuffle,16,32,5,8,2,warp_shuffle,full_lut_shared,dense/cooperative_shuffle/x16/full_lut_shared,4096,0,1,10240,10240,4096,16,256,1,0,1,0.0082240002229809761,0.0082240002229809761,19.1270751953125,1
2026-08-15T17:16:50Z,NVIDIA H200 NVL,smoke,normal_0_1,gemv,e2m7,10,2,7,fp64,dense,cooperative_shuffle,16,32,5,8,2,warp_shuffle,full_lut_shared,dense/cooperative_shuffle/x16/full_lut_shared,256,32,32,10560,10560,4096,32,256,1,0,1,0.005824000108987093,0.005824000108987093,-11.81500244140625,1
2026-08-15T17:16:50Z,NVIDIA H200 NVL,smoke,normal_0_1,dot,e2m7,10,2,7,fp64,dense,scalar,1,32,1,1,1,none,prefix_lut_global,dense/scalar/x1/prefix_lut_global,4096,0,1,10240,10240,32,16,256,1,0,1,0.0075520002283155918,0.0075520002283155918,19.1270751953125,1
2026-08-15T17:16:50Z,NVIDIA H200 NVL,smoke,normal_0_1,gemv,e2m7,10,2,7,fp64,dense,scalar,1,32,1,1,1,none,prefix_lut_global,dense/scalar/x1/prefix_lut_global,256,32,32,10560,10560,32,32,256,1,0,1,0.0050240000709891319,0.0050240000709891319,-11.81500244140625,1
2026-08-15T17:16:50Z,NVIDIA H200 NVL,smoke,normal_0_1,dot,e2m7,10,2,7,fp64,padded,scalar,1,16,1,1,1,none,prefix_lut_global,padded/scalar/x1/prefix_lut_global,4096,0,1,10240,16384,32,16,256,1,0,1,0.0075520002283155918,0.0075520002283155918,19.1270751953125,1
2026-08-15T17:16:50Z,NVIDIA H200 NVL,smoke,normal_0_1,gemv,e2m7,10,2,7,fp64,padded,scalar,1,16,1,1,1,none,prefix_lut_global,padded/scalar/x1/prefix_lut_global,256,32,32,10560,16896,32,32,256,1,0,1,0.0052800001576542854,0.0052800001576542854,-11.81500244140625,1
2026-08-15T17:16:50Z,NVIDIA H200 NVL,smoke,normal_0_1,dot,e2m7,10,2,7,fp64,dense,thread_packet,2,32,1,1,2,none,prefix_lut_global,dense/thread_packet/x2/prefix_lut_global,4096,0,1,10240,10240,32,8,256,1,0,1,0.0077120000496506691,0.0077120000496506691,19.1270751953125,1
2026-08-15T17:16:50Z,NVIDIA H200 NVL,smoke,normal_0_1,gemv,e2m7,10,2,7,fp64,dense,thread_packet,2,32,1,1,2,none,prefix_lut_global,dense/thread_packet/x2/prefix_lut_global,256,32,32,10560,10560,32,32,256,1,0,1,0.0053440001793205738,0.0053440001793205738,-11.81500244140625,1
2026-08-15T17:16:50Z,NVIDIA H200 NVL,smoke,normal_0_1,dot,e2m7,10,2,7,fp64,dense,thread_packet,4,32,1,1,4,none,prefix_lut_global,dense/thread_packet/x4/prefix_lut_global,4096,0,1,10240,10240,32,4,256,1,0,1,0.0086399996653199196,0.0086399996653199196,19.1270751953125,1
2026-08-15T17:16:50Z,NVIDIA H200 NVL,smoke,normal_0_1,gemv,e2m7,10,2,7,fp64,dense,thread_packet,4,32,1,1,4,none,prefix_lut_global,dense/thread_packet/x4/prefix_lut_global,256,32,32,10560,10560,32,32,256,1,0,1,0.0060160001739859581,0.0060160001739859581,-11.81500244140625,1
2026-08-15T17:16:50Z,NVIDIA H200 NVL,smoke,normal_0_1,dot,e2m7,10,2,7,fp64,dense,thread_packet,8,32,1,1,8,none,prefix_lut_global,dense/thread_packet/x8/prefix_lut_global,4096,0,1,10240,10240,32,2,256,1,0,1,0.010080000385642052,0.010080000385642052,19.1270751953125,1
2026-08-15T17:16:50Z,NVIDIA H200 NVL,smoke,normal_0_1,gemv,e2m7,10,2,7,fp64,dense,thread_packet,8,32,1,1,8,none,prefix_lut_global,dense/thread_packet/x8/prefix_lut_global,256,32,32,10560,10560,32,32,256,1,0,1,0.0076799998059868813,0.0076799998059868813,-11.81500244140625,1
2026-08-15T17:16:50Z,NVIDIA H200 NVL,smoke,normal_0_1,dot,e2m7,10,2,7,fp64,padded,thread_packet,2,16,1,1,2,none,prefix_lut_global,padded/thread_packet/x2/prefix_lut_global,4096,0,1,10240,16384,32,8,256,1,0,1,0.0077120000496506691,0.0077120000496506691,19.1270751953125,1
2026-08-15T17:16:50Z,NVIDIA H200 NVL,smoke,normal_0_1,gemv,e2m7,10,2,7,fp64,padded,thread_packet,2,16,1,1,2,none,prefix_lut_global,padded/thread_packet/x2/prefix_lut_global,256,32,32,10560,16896,32,32,256,1,0,1,0.0053759999573230743,0.0053759999573230743,-11.81500244140625,1
2026-08-15T17:16:50Z,NVIDIA H200 NVL,smoke,normal_0_1,dot,e2m7,10,2,7,fp64,padded,thread_packet,4,16,1,1,4,none,prefix_lut_global,padded/thread_packet/x4/prefix_lut_global,4096,0,1,10240,16384,32,4,256,1,0,1,0.0084159998223185539,0.0084159998223185539,19.1270751953125,1
2026-08-15T17:16:50Z,NVIDIA H200 NVL,smoke,normal_0_1,gemv,e2m7,10,2,7,fp64,padded,thread_packet,4,16,1,1,4,none,prefix_lut_global,padded/thread_packet/x4/prefix_lut_global,256,32,32,10560,16896,32,32,256,1,0,1,0.0063680000603199005,0.0063680000603199005,-11.81500244140625,1
2026-08-15T17:16:50Z,NVIDIA H200 NVL,smoke,normal_0_1,dot,e2m7,10,2,7,fp64,padded,thread_packet,8,16,1,1,8,none,prefix_lut_global,padded/thread_packet/x8/prefix_lut_global,4096,0,1,10240,16384,32,2,256,1,0,1,0.0098559996113181114,0.0098559996113181114,19.1270751953125,1
2026-08-15T17:16:50Z,NVIDIA H200 NVL,smoke,normal_0_1,gemv,e2m7,10,2,7,fp64,padded,thread_packet,8,16,1,1,8,none,prefix_lut_global,padded/thread_packet/x8/prefix_lut_global,256,32,32,10560,16896,32,32,256,1,0,1,0.0074559999629855156,0.0074559999629855156,-11.81500244140625,1
2026-08-15T17:16:50Z,NVIDIA H200 NVL,smoke,normal_0_1,dot,e2m7,10,2,7,fp64,dense,cooperative_shuffle,16,32,5,8,2,warp_shuffle,prefix_lut_global,dense/cooperative_shuffle/x16/prefix_lut_global,4096,0,1,10240,10240,32,16,256,1,0,1,0.0084800003096461296,0.0084800003096461296,19.1270751953125,1
2026-08-15T17:16:50Z,NVIDIA H200 NVL,smoke,normal_0_1,gemv,e2m7,10,2,7,fp64,dense,cooperative_shuffle,16,32,5,8,2,warp_shuffle,prefix_lut_global,dense/cooperative_shuffle/x16/prefix_lut_global,256,32,32,10560,10560,32,32,256,1,0,1,0.0056960000656545162,0.0056960000656545162,-11.81500244140625,1
2026-08-15T17:16:50Z,NVIDIA H200 NVL,smoke,normal_0_1,dot,e2m7,10,2,7,fp64,dense,scalar,1,32,1,1,1,none,prefix_lut_shared,dense/scalar/x1/prefix_lut_shared,4096,0,1,10240,10240,32,16,256,1,0,1,0.0075840000063180923,0.0075840000063180923,19.1270751953125,1
2026-08-15T17:16:50Z,NVIDIA H200 NVL,smoke,normal_0_1,gemv,e2m7,10,2,7,fp64,dense,scalar,1,32,1,1,1,none,prefix_lut_shared,dense/scalar/x1/prefix_lut_shared,256,32,32,10560,10560,32,32,256,1,0,1,0.0053440001793205738,0.0053440001793205738,-11.81500244140625,1
2026-08-15T17:16:50Z,NVIDIA H200 NVL,smoke,normal_0_1,dot,e2m7,10,2,7,fp64,padded,scalar,1,16,1,1,1,none,prefix_lut_shared,padded/scalar/x1/prefix_lut_shared,4096,0,1,10240,16384,32,16,256,1,0,1,0.0076480000279843807,0.0076480000279843807,19.1270751953125,1
2026-08-15T17:16:50Z,NVIDIA H200 NVL,smoke,normal_0_1,gemv,e2m7,10,2,7,fp64,padded,scalar,1,16,1,1,1,none,prefix_lut_shared,padded/scalar/x1/prefix_lut_shared,256,32,32,10560,16896,32,32,256,1,0,1,0.0050880000926554203,0.0050880000926554203,-11.81500244140625,1
2026-08-15T17:16:50Z,NVIDIA H200 NVL,smoke,normal_0_1,dot,e2m7,10,2,7,fp64,dense,thread_packet,2,32,1,1,2,none,prefix_lut_shared,dense/thread_packet/x2/prefix_lut_shared,4096,0,1,10240,10240,32,8,256,1,0,1,0.0080000003799796104,0.0080000003799796104,19.1270751953125,1
2026-08-15T17:16:50Z,NVIDIA H200 NVL,smoke,normal_0_1,gemv,e2m7,10,2,7,fp64,dense,thread_packet,2,32,1,1,2,none,prefix_lut_shared,dense/thread_packet/x2/prefix_lut_shared,256,32,32,10560,10560,32,32,256,1,0,1,0.0056320000439882278,0.0056320000439882278,-11.81500244140625,1
2026-08-15T17:16:50Z,NVIDIA H200 NVL,smoke,normal_0_1,dot,e2m7,10,2,7,fp64,dense,thread_packet,4,32,1,1,4,none,prefix_lut_shared,dense/thread_packet/x4/prefix_lut_shared,4096,0,1,10240,10240,32,4,256,1,0,1,0.0086080003529787064,0.0086080003529787064,19.1270751953125,1
2026-08-15T17:16:50Z,NVIDIA H200 NVL,smoke,normal_0_1,gemv,e2m7,10,2,7,fp64,dense,thread_packet,4,32,1,1,4,none,prefix_lut_shared,dense/thread_packet/x4/prefix_lut_shared,256,32,32,10560,10560,32,32,256,1,0,1,0.0063040000386536121,0.0063040000386536121,-11.81500244140625,1
2026-08-15T17:16:50Z,NVIDIA H200 NVL,smoke,normal_0_1,dot,e2m7,10,2,7,fp64,dense,thread_packet,8,32,1,1,8,none,prefix_lut_shared,dense/thread_packet/x8/prefix_lut_shared,4096,0,1,10240,10240,32,2,256,1,0,1,0.010304000228643417,0.010304000228643417,19.1270751953125,1
2026-08-15T17:16:50Z,NVIDIA H200 NVL,smoke,normal_0_1,gemv,e2m7,10,2,7,fp64,dense,thread_packet,8,32,1,1,8,none,prefix_lut_shared,dense/thread_packet/x8/prefix_lut_shared,256,32,32,10560,10560,32,32,256,1,0,1,0.0076159997843205929,0.0076159997843205929,-11.81500244140625,1
2026-08-15T17:16:50Z,NVIDIA H200 NVL,smoke,normal_0_1,dot,e2m7,10,2,7,fp64,padded,thread_packet,2,16,1,1,2,none,prefix_lut_shared,padded/thread_packet/x2/prefix_lut_shared,4096,0,1,10240,16384,32,8,256,1,0,1,0.007807999849319458,0.007807999849319458,19.1270751953125,1
2026-08-15T17:16:50Z,NVIDIA H200 NVL,smoke,normal_0_1,gemv,e2m7,10,2,7,fp64,padded,thread_packet,2,16,1,1,2,none,prefix_lut_shared,padded/thread_packet/x2/prefix_lut_shared,256,32,32,10560,16896,32,32,256,1,0,1,0.0055359997786581516,0.0055359997786581516,-11.81500244140625,1
2026-08-15T17:16:50Z,NVIDIA H200 NVL,smoke,normal_0_1,dot,e2m7,10,2,7,fp64,padded,thread_packet,4,16,1,1,4,none,prefix_lut_shared,padded/thread_packet/x4/prefix_lut_shared,4096,0,1,10240,16384,32,4,256,1,0,1,0.0085439998656511307,0.0085439998656511307,19.1270751953125,1
2026-08-15T17:16:50Z,NVIDIA H200 NVL,smoke,normal_0_1,gemv,e2m7,10,2,7,fp64,padded,thread_packet,4,16,1,1,4,none,prefix_lut_shared,padded/thread_packet/x4/prefix_lut_shared,256,32,32,10560,16896,32,32,256,1,0,1,0.0060800001956522465,0.0060800001956522465,-11.81500244140625,1
2026-08-15T17:16:50Z,NVIDIA H200 NVL,smoke,normal_0_1,dot,e2m7,10,2,7,fp64,padded,thread_packet,8,16,1,1,8,none,prefix_lut_shared,padded/thread_packet/x8/prefix_lut_shared,4096,0,1,10240,16384,32,2,256,1,0,1,0.0097920000553131104,0.0097920000553131104,19.1270751953125,1
2026-08-15T17:16:50Z,NVIDIA H200 NVL,smoke,normal_0_1,gemv,e2m7,10,2,7,fp64,padded,thread_packet,8,16,1,1,8,none,prefix_lut_shared,padded/thread_packet/x8/prefix_lut_shared,256,32,32,10560,16896,32,32,256,1,0,1,0.0074240001849830151,0.0074240001849830151,-11.81500244140625,1
2026-08-15T17:16:50Z,NVIDIA H200 NVL,smoke,normal_0_1,dot,e2m7,10,2,7,fp64,dense,cooperative_shuffle,16,32,5,8,2,warp_shuffle,prefix_lut_shared,dense/cooperative_shuffle/x16/prefix_lut_shared,4096,0,1,10240,10240,32,16,256,1,0,1,0.0082879997789859772,0.0082879997789859772,19.1270751953125,1
2026-08-15T17:16:50Z,NVIDIA H200 NVL,smoke,normal_0_1,gemv,e2m7,10,2,7,fp64,dense,cooperative_shuffle,16,32,5,8,2,warp_shuffle,prefix_lut_shared,dense/cooperative_shuffle/x16/prefix_lut_shared,256,32,32,10560,10560,32,32,256,1,0,1,0.0059199999086558819,0.0059199999086558819,-11.81500244140625,1
2026-08-15T17:16:50Z,NVIDIA H200 NVL,smoke,normal_0_1,dot,e2m7,10,2,7,fp64,dense,scalar,1,32,1,1,1,none,subnormal_lut_global,dense/scalar/x1/subnormal_lut_global,4096,0,1,10240,10240,512,16,256,1,0,1,0.0076159997843205929,0.0076159997843205929,19.1270751953125,1
2026-08-15T17:16:50Z,NVIDIA H200 NVL,smoke,normal_0_1,gemv,e2m7,10,2,7,fp64,dense,scalar,1,32,1,1,1,none,subnormal_lut_global,dense/scalar/x1/subnormal_lut_global,256,32,32,10560,10560,512,32,256,1,0,1,0.0050880000926554203,0.0050880000926554203,-11.81500244140625,1
2026-08-15T17:16:50Z,NVIDIA H200 NVL,smoke,normal_0_1,dot,e2m7,10,2,7,fp64,padded,scalar,1,16,1,1,1,none,subnormal_lut_global,padded/scalar/x1/subnormal_lut_global,4096,0,1,10240,16384,512,16,256,1,0,1,0.0075840000063180923,0.0075840000063180923,19.1270751953125,1
2026-08-15T17:16:50Z,NVIDIA H200 NVL,smoke,normal_0_1,gemv,e2m7,10,2,7,fp64,padded,scalar,1,16,1,1,1,none,subnormal_lut_global,padded/scalar/x1/subnormal_lut_global,256,32,32,10560,16896,512,32,256,1,0,1,0.0050880000926554203,0.0050880000926554203,-11.81500244140625,1
2026-08-15T17:16:50Z,NVIDIA H200 NVL,smoke,normal_0_1,dot,e2m7,10,2,7,fp64,dense,thread_packet,2,32,1,1,2,none,subnormal_lut_global,dense/thread_packet/x2/subnormal_lut_global,4096,0,1,10240,10240,512,8,256,1,0,1,0.0074559999629855156,0.0074559999629855156,19.1270751953125,1
2026-08-15T17:16:50Z,NVIDIA H200 NVL,smoke,normal_0_1,gemv,e2m7,10,2,7,fp64,dense,thread_packet,2,32,1,1,2,none,subnormal_lut_global,dense/thread_packet/x2/subnormal_lut_global,256,32,32,10560,10560,512,32,256,1,0,1,0.005311999935656786,0.005311999935656786,-11.81500244140625,1
2026-08-15T17:16:50Z,NVIDIA H200 NVL,smoke,normal_0_1,dot,e2m7,10,2,7,fp64,dense,thread_packet,4,32,1,1,4,none,subnormal_lut_global,dense/thread_packet/x4/subnormal_lut_global,4096,0,1,10240,10240,512,4,256,1,0,1,0.0081919999793171883,0.0081919999793171883,19.1270751953125,1
2026-08-15T17:16:50Z,NVIDIA H200 NVL,smoke,normal_0_1,gemv,e2m7,10,2,7,fp64,dense,thread_packet,4,32,1,1,4,none,subnormal_lut_global,dense/thread_packet/x4/subnormal_lut_global,256,32,32,10560,10560,512,32,256,1,0,1,0.0059199999086558819,0.0059199999086558819,-11.81500244140625,1
2026-08-15T17:16:50Z,NVIDIA H200 NVL,smoke,normal_0_1,dot,e2m7,10,2,7,fp64,dense,thread_packet,8,32,1,1,8,none,subnormal_lut_global,dense/thread_packet/x8/subnormal_lut_global,4096,0,1,10240,10240,512,2,256,1,0,1,0.0096000004559755325,0.0096000004559755325,19.1270751953125,1
2026-08-15T17:16:50Z,NVIDIA H200 NVL,smoke,normal_0_1,gemv,e2m7,10,2,7,fp64,dense,thread_packet,8,32,1,1,8,none,subnormal_lut_global,dense/thread_packet/x8/subnormal_lut_global,256,32,32,10560,10560,512,32,256,1,0,1,0.0074240001849830151,0.0074240001849830151,-11.81500244140625,1
2026-08-15T17:16:50Z,NVIDIA H200 NVL,smoke,normal_0_1,dot,e2m7,10,2,7,fp64,padded,thread_packet,2,16,1,1,2,none,subnormal_lut_global,padded/thread_packet/x2/subnormal_lut_global,4096,0,1,10240,16384,512,8,256,1,0,1,0.0077439998276531696,0.0077439998276531696,19.1270751953125,1
2026-08-15T17:16:50Z,NVIDIA H200 NVL,smoke,normal_0_1,gemv,e2m7,10,2,7,fp64,padded,thread_packet,2,16,1,1,2,none,subnormal_lut_global,padded/thread_packet/x2/subnormal_lut_global,256,32,32,10560,16896,512,32,256,1,0,1,0.0056320000439882278,0.0056320000439882278,-11.81500244140625,1
2026-08-15T17:16:50Z,NVIDIA H200 NVL,smoke,normal_0_1,dot,e2m7,10,2,7,fp64,padded,thread_packet,4,16,1,1,4,none,subnormal_lut_global,padded/thread_packet/x4/subnormal_lut_global,4096,0,1,10240,16384,512,4,256,1,0,1,0.0080319996923208237,0.0080319996923208237,19.1270751953125,1
2026-08-15T17:16:50Z,NVIDIA H200 NVL,smoke,normal_0_1,gemv,e2m7,10,2,7,fp64,padded,thread_packet,4,16,1,1,4,none,subnormal_lut_global,padded/thread_packet/x4/subnormal_lut_global,256,32,32,10560,16896,512,32,256,1,0,1,0.0060479999519884586,0.0060479999519884586,-11.81500244140625,1
2026-08-15T17:16:50Z,NVIDIA H200 NVL,smoke,normal_0_1,dot,e2m7,10,2,7,fp64,padded,thread_packet,8,16,1,1,8,none,subnormal_lut_global,padded/thread_packet/x8/subnormal_lut_global,4096,0,1,10240,16384,512,2,256,1,0,1,0.0090239997953176498,0.0090239997953176498,19.1270751953125,1
2026-08-15T17:16:50Z,NVIDIA H200 NVL,smoke,normal_0_1,gemv,e2m7,10,2,7,fp64,padded,thread_packet,8,16,1,1,8,none,subnormal_lut_global,padded/thread_packet/x8/subnormal_lut_global,256,32,32,10560,16896,512,32,256,1,0,1,0.0071680000983178616,0.0071680000983178616,-11.81500244140625,1
2026-08-15T17:16:50Z,NVIDIA H200 NVL,smoke,normal_0_1,dot,e2m7,10,2,7,fp64,dense,cooperative_shuffle,16,32,5,8,2,warp_shuffle,subnormal_lut_global,dense/cooperative_shuffle/x16/subnormal_lut_global,4096,0,1,10240,10240,512,16,256,1,0,1,0.0080639999359846115,0.0080639999359846115,19.1270751953125,1
2026-08-15T17:16:50Z,NVIDIA H200 NVL,smoke,normal_0_1,gemv,e2m7,10,2,7,fp64,dense,cooperative_shuffle,16,32,5,8,2,warp_shuffle,subnormal_lut_global,dense/cooperative_shuffle/x16/subnormal_lut_global,256,32,32,10560,10560,512,32,256,1,0,1,0.00559999980032444,0.00559999980032444,-11.81500244140625,1
2026-08-15T17:16:50Z,NVIDIA H200 NVL,smoke,normal_0_1,dot,e2m7,10,2,7,fp64,dense,scalar,1,32,1,1,1,none,subnormal_lut_shared,dense/scalar/x1/subnormal_lut_shared,4096,0,1,10240,10240,512,16,256,1,0,1,0.0076799998059868813,0.0076799998059868813,19.1270751953125,1
2026-08-15T17:16:50Z,NVIDIA H200 NVL,smoke,normal_0_1,gemv,e2m7,10,2,7,fp64,dense,scalar,1,32,1,1,1,none,subnormal_lut_shared,dense/scalar/x1/subnormal_lut_shared,256,32,32,10560,10560,512,32,256,1,0,1,0.0051199998706579208,0.0051199998706579208,-11.81500244140625,1
2026-08-15T17:16:50Z,NVIDIA H200 NVL,smoke,normal_0_1,dot,e2m7,10,2,7,fp64,padded,scalar,1,16,1,1,1,none,subnormal_lut_shared,padded/scalar/x1/subnormal_lut_shared,4096,0,1,10240,16384,512,16,256,1,0,1,0.0076799998059868813,0.0076799998059868813,19.1270751953125,1
2026-08-15T17:16:50Z,NVIDIA H200 NVL,smoke,normal_0_1,gemv,e2m7,10,2,7,fp64,padded,scalar,1,16,1,1,1,none,subnormal_lut_shared,padded/scalar/x1/subnormal_lut_shared,256,32,32,10560,16896,512,32,256,1,0,1,0.0050559998489916325,0.0050559998489916325,-11.81500244140625,1
2026-08-15T17:16:50Z,NVIDIA H200 NVL,smoke,normal_0_1,dot,e2m7,10,2,7,fp64,dense,thread_packet,2,32,1,1,2,none,subnormal_lut_shared,dense/thread_packet/x2/subnormal_lut_shared,4096,0,1,10240,10240,512,8,256,1,0,1,0.0079359998926520348,0.0079359998926520348,19.1270751953125,1
2026-08-15T17:16:50Z,NVIDIA H200 NVL,smoke,normal_0_1,gemv,e2m7,10,2,7,fp64,dense,thread_packet,2,32,1,1,2,none,subnormal_lut_shared,dense/thread_packet/x2/subnormal_lut_shared,256,32,32,10560,10560,512,32,256,1,0,1,0.0061440002173185349,0.0061440002173185349,-11.81500244140625,1
2026-08-15T17:16:50Z,NVIDIA H200 NVL,smoke,normal_0_1,dot,e2m7,10,2,7,fp64,dense,thread_packet,4,32,1,1,4,none,subnormal_lut_shared,dense/thread_packet/x4/subnormal_lut_shared,4096,0,1,10240,10240,512,4,256,1,0,1,0.0084159998223185539,0.0084159998223185539,19.1270751953125,1
2026-08-15T17:16:50Z,NVIDIA H200 NVL,smoke,normal_0_1,gemv,e2m7,10,2,7,fp64,dense,thread_packet,4,32,1,1,4,none,subnormal_lut_shared,dense/thread_packet/x4/subnormal_lut_shared,256,32,32,10560,10560,512,32,256,1,0,1,0.0062079997733235359,0.0062079997733235359,-11.81500244140625,1
2026-08-15T17:16:50Z,NVIDIA H200 NVL,smoke,normal_0_1,dot,e2m7,10,2,7,fp64,dense,thread_packet,8,32,1,1,8,none,subnormal_lut_shared,dense/thread_packet/x8/subnormal_lut_shared,4096,0,1,10240,10240,512,2,256,1,0,1,0.0095359999686479568,0.0095359999686479568,19.1270751953125,1
2026-08-15T17:16:50Z,NVIDIA H200 NVL,smoke,normal_0_1,gemv,e2m7,10,2,7,fp64,dense,thread_packet,8,32,1,1,8,none,subnormal_lut_shared,dense/thread_packet/x8/subnormal_lut_shared,256,32,32,10560,10560,512,32,256,1,0,1,0.0072320001199841499,0.0072320001199841499,-11.81500244140625,1
2026-08-15T17:16:50Z,NVIDIA H200 NVL,smoke,normal_0_1,dot,e2m7,10,2,7,fp64,padded,thread_packet,2,16,1,1,2,none,subnormal_lut_shared,padded/thread_packet/x2/subnormal_lut_shared,4096,0,1,10240,16384,512,8,256,1,0,1,0.0077439998276531696,0.0077439998276531696,19.1270751953125,1
2026-08-15T17:16:50Z,NVIDIA H200 NVL,smoke,normal_0_1,gemv,e2m7,10,2,7,fp64,padded,thread_packet,2,16,1,1,2,none,subnormal_lut_shared,padded/thread_packet/x2/subnormal_lut_shared,256,32,32,10560,16896,512,32,256,1,0,1,0.0054080002009868622,0.0054080002009868622,-11.81500244140625,1
2026-08-15T17:16:50Z,NVIDIA H200 NVL,smoke,normal_0_1,dot,e2m7,10,2,7,fp64,padded,thread_packet,4,16,1,1,4,none,subnormal_lut_shared,padded/thread_packet/x4/subnormal_lut_shared,4096,0,1,10240,16384,512,4,256,1,0,1,0.0082879997789859772,0.0082879997789859772,19.1270751953125,1
2026-08-15T17:16:50Z,NVIDIA H200 NVL,smoke,normal_0_1,gemv,e2m7,10,2,7,fp64,padded,thread_packet,4,16,1,1,4,none,subnormal_lut_shared,padded/thread_packet/x4/subnormal_lut_shared,256,32,32,10560,16896,512,32,256,1,0,1,0.0059199999086558819,0.0059199999086558819,-11.81500244140625,1
2026-08-15T17:16:50Z,NVIDIA H200 NVL,smoke,normal_0_1,dot,e2m7,10,2,7,fp64,padded,thread_packet,8,16,1,1,8,none,subnormal_lut_shared,padded/thread_packet/x8/subnormal_lut_shared,4096,0,1,10240,16384,512,2,256,1,0,1,0.0093759996816515923,0.0093759996816515923,19.1270751953125,1
2026-08-15T17:16:50Z,NVIDIA H200 NVL,smoke,normal_0_1,gemv,e2m7,10,2,7,fp64,padded,thread_packet,8,16,1,1,8,none,subnormal_lut_shared,padded/thread_packet/x8/subnormal_lut_shared,256,32,32,10560,16896,512,32,256,1,0,1,0.007007999811321497,0.007007999811321497,-11.81500244140625,1
2026-08-15T17:16:50Z,NVIDIA H200 NVL,smoke,normal_0_1,dot,e2m7,10,2,7,fp64,dense,cooperative_shuffle,16,32,5,8,2,warp_shuffle,subnormal_lut_shared,dense/cooperative_shuffle/x16/subnormal_lut_shared,4096,0,1,10240,10240,512,16,256,1,0,1,0.0081919999793171883,0.0081919999793171883,19.1270751953125,1
2026-08-15T17:16:50Z,NVIDIA H200 NVL,smoke,normal_0_1,gemv,e2m7,10,2,7,fp64,dense,cooperative_shuffle,16,32,5,8,2,warp_shuffle,subnormal_lut_shared,dense/cooperative_shuffle/x16/subnormal_lut_shared,256,32,32,10560,10560,512,32,256,1,0,1,0.0057600000873208046,0.0057600000873208046,-11.81500244140625,1
2026-08-15T17:16:50Z,NVIDIA H200 NVL,smoke,normal_0_1,dot,e5m4,10,5,4,fp64,dense,scalar,1,32,1,1,1,none,generic,dense/scalar/x1/generic,4096,0,1,10240,10240,0,16,256,1,0,1,0.0074559999629855156,0.0074559999629855156,20.457602709531784,1
2026-08-15T17:16:50Z,NVIDIA H200 NVL,smoke,normal_0_1,gemv,e5m4,10,5,4,fp64,dense,scalar,1,32,1,1,1,none,generic,dense/scalar/x1/generic,256,32,32,10560,10560,0,32,256,1,0,1,0.0048639997839927673,0.0048639997839927673,-11.586105346679688,1
2026-08-15T17:16:50Z,NVIDIA H200 NVL,smoke,normal_0_1,dot,e5m4,10,5,4,fp64,padded,scalar,1,16,1,1,1,none,generic,padded/scalar/x1/generic,4096,0,1,10240,16384,0,16,256,1,0,1,0.0071680000983178616,0.0071680000983178616,20.457602709531784,1
2026-08-15T17:16:50Z,NVIDIA H200 NVL,smoke,normal_0_1,gemv,e5m4,10,5,4,fp64,padded,scalar,1,16,1,1,1,none,generic,padded/scalar/x1/generic,256,32,32,10560,16896,0,32,256,1,0,1,0.0050240000709891319,0.0050240000709891319,-11.586105346679688,1
2026-08-15T17:16:50Z,NVIDIA H200 NVL,smoke,normal_0_1,dot,e5m4,10,5,4,fp64,dense,scalar,1,32,1,1,1,none,direct_branchy,dense/scalar/x1/direct_branchy,4096,0,1,10240,10240,0,16,256,1,0,1,0.0071680000983178616,0.0071680000983178616,20.457602709531784,1
2026-08-15T17:16:50Z,NVIDIA H200 NVL,smoke,normal_0_1,gemv,e5m4,10,5,4,fp64,dense,scalar,1,32,1,1,1,none,direct_branchy,dense/scalar/x1/direct_branchy,256,32,32,10560,10560,0,32,256,1,0,1,0.0049919998273253441,0.0049919998273253441,-11.586105346679688,1
2026-08-15T17:16:50Z,NVIDIA H200 NVL,smoke,normal_0_1,dot,e5m4,10,5,4,fp64,padded,scalar,1,16,1,1,1,none,direct_branchy,padded/scalar/x1/direct_branchy,4096,0,1,10240,16384,0,16,256,1,0,1,0.0073279999196529388,0.0073279999196529388,20.457602709531784,1
2026-08-15T17:16:50Z,NVIDIA H200 NVL,smoke,normal_0_1,gemv,e5m4,10,5,4,fp64,padded,scalar,1,16,1,1,1,none,direct_branchy,padded/scalar/x1/direct_branchy,256,32,32,10560,16896,0,32,256,1,0,1,0.0048000002279877663,0.0048000002279877663,-11.586105346679688,1
2026-08-15T17:16:50Z,NVIDIA H200 NVL,smoke,normal_0_1,dot,e5m4,10,5,4,fp64,dense,thread_packet,2,32,1,1,2,none,direct_branchy,dense/thread_packet/x2/direct_branchy,4096,0,1,10240,10240,0,8,256,1,0,1,0.0070400000549852848,0.0070400000549852848,20.457602709531784,1
2026-08-15T17:16:50Z,NVIDIA H200 NVL,smoke,normal_0_1,gemv,e5m4,10,5,4,fp64,dense,thread_packet,2,32,1,1,2,none,direct_branchy,dense/thread_packet/x2/direct_branchy,256,32,32,10560,10560,0,32,256,1,0,1,0.0048320000059902668,0.0048320000059902668,-11.586105346679688,1
2026-08-15T17:16:50Z,NVIDIA H200 NVL,smoke,normal_0_1,dot,e5m4,10,5,4,fp64,dense,thread_packet,4,32,1,1,4,none,direct_branchy,dense/thread_packet/x4/direct_branchy,4096,0,1,10240,10240,0,4,256,1,0,1,0.0073919999413192272,0.0073919999413192272,20.457602709531784,1
2026-08-15T17:16:50Z,NVIDIA H200 NVL,smoke,normal_0_1,gemv,e5m4,10,5,4,fp64,dense,thread_packet,4,32,1,1,4,none,direct_branchy,dense/thread_packet/x4/direct_branchy,256,32,32,10560,10560,0,32,256,1,0,1,0.0051520001143217087,0.0051520001143217087,-11.586105346679688,1
2026-08-15T17:16:50Z,NVIDIA H200 NVL,smoke,normal_0_1,dot,e5m4,10,5,4,fp64,dense,thread_packet,8,32,1,1,8,none,direct_branchy,dense/thread_packet/x8/direct_branchy,4096,0,1,10240,10240,0,2,256,1,0,1,0.0081280004233121872,0.0081280004233121872,20.457602709531784,1
2026-08-15T17:16:50Z,NVIDIA H200 NVL,smoke,normal_0_1,gemv,e5m4,10,5,4,fp64,dense,thread_packet,8,32,1,1,8,none,direct_branchy,dense/thread_packet/x8/direct_branchy,256,32,32,10560,10560,0,32,256,1,0,1,0.0057600000873208046,0.0057600000873208046,-11.586105346679688,1
2026-08-15T17:16:50Z,NVIDIA H200 NVL,smoke,normal_0_1,dot,e5m4,10,5,4,fp64,padded,thread_packet,2,16,1,1,2,none,direct_branchy,padded/thread_packet/x2/direct_branchy,4096,0,1,10240,16384,0,8,256,1,0,1,0.0071680000983178616,0.0071680000983178616,20.457602709531784,1
2026-08-15T17:16:50Z,NVIDIA H200 NVL,smoke,normal_0_1,gemv,e5m4,10,5,4,fp64,padded,thread_packet,2,16,1,1,2,none,direct_branchy,padded/thread_packet/x2/direct_branchy,256,32,32,10560,16896,0,32,256,1,0,1,0.0048960000276565552,0.0048960000276565552,-11.586105346679688,1
2026-08-15T17:16:50Z,NVIDIA H200 NVL,smoke,normal_0_1,dot,e5m4,10,5,4,fp64,padded,thread_packet,4,16,1,1,4,none,direct_branchy,padded/thread_packet/x4/direct_branchy,4096,0,1,10240,16384,0,4,256,1,0,1,0.0076480000279843807,0.0076480000279843807,20.457602709531784,1
2026-08-15T17:16:50Z,NVIDIA H200 NVL,smoke,normal_0_1,gemv,e5m4,10,5,4,fp64,padded,thread_packet,4,16,1,1,4,none,direct_branchy,padded/thread_packet/x4/direct_branchy,256,32,32,10560,16896,0,32,256,1,0,1,0.0051199998706579208,0.0051199998706579208,-11.586105346679688,1
2026-08-15T17:16:50Z,NVIDIA H200 NVL,smoke,normal_0_1,dot,e5m4,10,5,4,fp64,padded,thread_packet,8,16,1,1,8,none,direct_branchy,padded/thread_packet/x8/direct_branchy,4096,0,1,10240,16384,0,2,256,1,0,1,0.0079039996489882469,0.0079039996489882469,20.457602709531784,1
2026-08-15T17:16:50Z,NVIDIA H200 NVL,smoke,normal_0_1,gemv,e5m4,10,5,4,fp64,padded,thread_packet,8,16,1,1,8,none,direct_branchy,padded/thread_packet/x8/direct_branchy,256,32,32,10560,16896,0,32,256,1,0,1,0.0053440001793205738,0.0053440001793205738,-11.586105346679688,1
2026-08-15T17:16:50Z,NVIDIA H200 NVL,smoke,normal_0_1,dot,e5m4,10,5,4,fp64,dense,cooperative_shuffle,16,32,5,8,2,warp_shuffle,direct_branchy,dense/cooperative_shuffle/x16/direct_branchy,4096,0,1,10240,10240,0,16,256,1,0,1,0.0075840000063180923,0.0075840000063180923,20.457602709531784,1
2026-08-15T17:16:50Z,NVIDIA H200 NVL,smoke,normal_0_1,gemv,e5m4,10,5,4,fp64,dense,cooperative_shuffle,16,32,5,8,2,warp_shuffle,direct_branchy,dense/cooperative_shuffle/x16/direct_branchy,256,32,32,10560,10560,0,32,256,1,0,1,0.0050880000926554203,0.0050880000926554203,-11.586105346679688,1
2026-08-15T17:16:50Z,NVIDIA H200 NVL,smoke,normal_0_1,dot,e5m4,10,5,4,fp64,dense,scalar,1,32,1,1,1,none,direct_masked,dense/scalar/x1/direct_masked,4096,0,1,10240,10240,0,16,256,1,0,1,0.0071359998546540737,0.0071359998546540737,20.457602709531784,1
2026-08-15T17:16:50Z,NVIDIA H200 NVL,smoke,normal_0_1,gemv,e5m4,10,5,4,fp64,dense,scalar,1,32,1,1,1,none,direct_masked,dense/scalar/x1/direct_masked,256,32,32,10560,10560,0,32,256,1,0,1,0.0049600000493228436,0.0049600000493228436,-11.586105346679688,1
2026-08-15T17:16:50Z,NVIDIA H200 NVL,smoke,normal_0_1,dot,e5m4,10,5,4,fp64,padded,scalar,1,16,1,1,1,none,direct_masked,padded/scalar/x1/direct_masked,4096,0,1,10240,16384,0,16,256,1,0,1,0.0074240001849830151,0.0074240001849830151,20.457602709531784,1
2026-08-15T17:16:50Z,NVIDIA H200 NVL,smoke,normal_0_1,gemv,e5m4,10,5,4,fp64,padded,scalar,1,16,1,1,1,none,direct_masked,padded/scalar/x1/direct_masked,256,32,32,10560,16896,0,32,256,1,0,1,0.0048639997839927673,0.0048639997839927673,-11.586105346679688,1
2026-08-15T17:16:50Z,NVIDIA H200 NVL,smoke,normal_0_1,dot,e5m4,10,5,4,fp64,dense,thread_packet,2,32,1,1,2,none,direct_masked,dense/thread_packet/x2/direct_masked,4096,0,1,10240,10240,0,8,256,1,0,1,0.0071040000766515732,0.0071040000766515732,20.457602709531784,1
2026-08-15T17:16:50Z,NVIDIA H200 NVL,smoke,normal_0_1,gemv,e5m4,10,5,4,fp64,dense,thread_packet,2,32,1,1,2,none,direct_masked,dense/thread_packet/x2/direct_masked,256,32,32,10560,10560,0,32,256,1,0,1,0.0048960000276565552,0.0048960000276565552,-11.586105346679688,1
2026-08-15T17:16:50Z,NVIDIA H200 NVL,smoke,normal_0_1,dot,e5m4,10,5,4,fp64,dense,thread_packet,4,32,1,1,4,none,direct_masked,dense/thread_packet/x4/direct_masked,4096,0,1,10240,10240,0,4,256,1,0,1,0.0072960001416504383,0.0072960001416504383,20.457602709531784,1
2026-08-15T17:16:50Z,NVIDIA H200 NVL,smoke,normal_0_1,gemv,e5m4,10,5,4,fp64,dense,thread_packet,4,32,1,1,4,none,direct_masked,dense/thread_packet/x4/direct_masked,256,32,32,10560,10560,0,32,256,1,0,1,0.0054399999789893627,0.0054399999789893627,-11.586105346679688,1
2026-08-15T17:16:50Z,NVIDIA H200 NVL,smoke,normal_0_1,dot,e5m4,10,5,4,fp64,dense,thread_packet,8,32,1,1,8,none,direct_masked,dense/thread_packet/x8/direct_masked,4096,0,1,10240,10240,0,2,256,1,0,1,0.0083520002663135529,0.0083520002663135529,20.457602709531784,1
2026-08-15T17:16:50Z,NVIDIA H200 NVL,smoke,normal_0_1,gemv,e5m4,10,5,4,fp64,dense,thread_packet,8,32,1,1,8,none,direct_masked,dense/thread_packet/x8/direct_masked,256,32,32,10560,10560,0,32,256,1,0,1,0.0057919998653233051,0.0057919998653233051,-11.586105346679688,1
2026-08-15T17:16:50Z,NVIDIA H200 NVL,smoke,normal_0_1,dot,e5m4,10,5,4,fp64,padded,thread_packet,2,16,1,1,2,none,direct_masked,padded/thread_packet/x2/direct_masked,4096,0,1,10240,16384,0,8,256,1,0,1,0.0072639998979866505,0.0072639998979866505,20.457602709531784,1
2026-08-15T17:16:50Z,NVIDIA H200 NVL,smoke,normal_0_1,gemv,e5m4,10,5,4,fp64,padded,thread_packet,2,16,1,1,2,none,direct_masked,padded/thread_packet/x2/direct_masked,256,32,32,10560,16896,0,32,256,1,0,1,0.0048639997839927673,0.0048639997839927673,-11.586105346679688,1
2026-08-15T17:16:50Z,NVIDIA H200 NVL,smoke,normal_0_1,dot,e5m4,10,5,4,fp64,padded,thread_packet,4,16,1,1,4,none,direct_masked,padded/thread_packet/x4/direct_masked,4096,0,1,10240,16384,0,4,256,1,0,1,0.0075840000063180923,0.0075840000063180923,20.457602709531784,1
2026-08-15T17:16:50Z,NVIDIA H200 NVL,smoke,normal_0_1,gemv,e5m4,10,5,4,fp64,padded,thread_packet,4,16,1,1,4,none,direct_masked,padded/thread_packet/x4/direct_masked,256,32,32,10560,16896,0,32,256,1,0,1,0.0050559998489916325,0.0050559998489916325,-11.586105346679688,1
2026-08-15T17:16:50Z,NVIDIA H200 NVL,smoke,normal_0_1,dot,e5m4,10,5,4,fp64,padded,thread_packet,8,16,1,1,8,none,direct_masked,padded/thread_packet/x8/direct_masked,4096,0,1,10240,16384,0,2,256,1,0,1,0.0081280004233121872,0.0081280004233121872,20.457602709531784,1
2026-08-15T17:16:50Z,NVIDIA H200 NVL,smoke,normal_0_1,gemv,e5m4,10,5,4,fp64,padded,thread_packet,8,16,1,1,8,none,direct_masked,padded/thread_packet/x8/direct_masked,256,32,32,10560,16896,0,32,256,1,0,1,0.0053440001793205738,0.0053440001793205738,-11.586105346679688,1
2026-08-15T17:16:50Z,NVIDIA H200 NVL,smoke,normal_0_1,dot,e5m4,10,5,4,fp64,dense,cooperative_shuffle,16,32,5,8,2,warp_shuffle,direct_masked,dense/cooperative_shuffle/x16/direct_masked,4096,0,1,10240,10240,0,16,256,1,0,1,0.0076159997843205929,0.0076159997843205929,20.457602709531784,1
2026-08-15T17:16:50Z,NVIDIA H200 NVL,smoke,normal_0_1,gemv,e5m4,10,5,4,fp64,dense,cooperative_shuffle,16,32,5,8,2,warp_shuffle,direct_masked,dense/cooperative_shuffle/x16/direct_masked,256,32,32,10560,10560,0,32,256,1,0,1,0.0050240000709891319,0.0050240000709891319,-11.586105346679688,1
2026-08-15T17:16:50Z,NVIDIA H200 NVL,smoke,normal_0_1,dot,e5m4,10,5,4,fp64,dense,scalar,1,32,1,1,1,none,full_lut_global,dense/scalar/x1/full_lut_global,4096,0,1,10240,10240,4096,16,256,1,0,1,0.0074559999629855156,0.0074559999629855156,20.457602709531784,1
2026-08-15T17:16:50Z,NVIDIA H200 NVL,smoke,normal_0_1,gemv,e5m4,10,5,4,fp64,dense,scalar,1,32,1,1,1,none,full_lut_global,dense/scalar/x1/full_lut_global,256,32,32,10560,10560,4096,32,256,1,0,1,0.0050880000926554203,0.0050880000926554203,-11.586105346679688,1
2026-08-15T17:16:50Z,NVIDIA H200 NVL,smoke,normal_0_1,dot,e5m4,10,5,4,fp64,padded,scalar,1,16,1,1,1,none,full_lut_global,padded/scalar/x1/full_lut_global,4096,0,1,10240,16384,4096,16,256,1,0,1,0.0074240001849830151,0.0074240001849830151,20.457602709531784,1
2026-08-15T17:16:50Z,NVIDIA H200 NVL,smoke,normal_0_1,gemv,e5m4,10,5,4,fp64,padded,scalar,1,16,1,1,1,none,full_lut_global,padded/scalar/x1/full_lut_global,256,32,32,10560,16896,4096,32,256,1,0,1,0.0048639997839927673,0.0048639997839927673,-11.586105346679688,1
2026-08-15T17:16:50Z,NVIDIA H200 NVL,smoke,normal_0_1,dot,e5m4,10,5,4,fp64,dense,thread_packet,2,32,1,1,2,none,full_lut_global,dense/thread_packet/x2/full_lut_global,4096,0,1,10240,10240,4096,8,256,1,0,1,0.0071680000983178616,0.0071680000983178616,20.457602709531784,1
2026-08-15T17:16:50Z,NVIDIA H200 NVL,smoke,normal_0_1,gemv,e5m4,10,5,4,fp64,dense,thread_packet,2,32,1,1,2,none,full_lut_global,dense/thread_packet/x2/full_lut_global,256,32,32,10560,10560,4096,32,256,1,0,1,0.0048639997839927673,0.0048639997839927673,-11.586105346679688,1
2026-08-15T17:16:50Z,NVIDIA H200 NVL,smoke,normal_0_1,dot,e5m4,10,5,4,fp64,dense,thread_packet,4,32,1,1,4,none,full_lut_global,dense/thread_packet/x4/full_lut_global,4096,0,1,10240,10240,4096,4,256,1,0,1,0.0073279999196529388,0.0073279999196529388,20.457602709531784,1
2026-08-15T17:16:50Z,NVIDIA H200 NVL,smoke,normal_0_1,gemv,e5m4,10,5,4,fp64,dense,thread_packet,4,32,1,1,4,none,full_lut_global,dense/thread_packet/x4/full_lut_global,256,32,32,10560,10560,4096,32,256,1,0,1,0.0051199998706579208,0.0051199998706579208,-11.586105346679688,1
2026-08-15T17:16:50Z,NVIDIA H200 NVL,smoke,normal_0_1,dot,e5m4,10,5,4,fp64,dense,thread_packet,8,32,1,1,8,none,full_lut_global,dense/thread_packet/x8/full_lut_global,4096,0,1,10240,10240,4096,2,256,1,0,1,0.0078720003366470337,0.0078720003366470337,20.457602709531784,1
2026-08-15T17:16:50Z,NVIDIA H200 NVL,smoke,normal_0_1,gemv,e5m4,10,5,4,fp64,dense,thread_packet,8,32,1,1,8,none,full_lut_global,dense/thread_packet/x8/full_lut_global,256,32,32,10560,10560,4096,32,256,1,0,1,0.0055359997786581516,0.0055359997786581516,-11.586105346679688,1
2026-08-15T17:16:50Z,NVIDIA H200 NVL,smoke,normal_0_1,dot,e5m4,10,5,4,fp64,padded,thread_packet,2,16,1,1,2,none,full_lut_global,padded/thread_packet/x2/full_lut_global,4096,0,1,10240,16384,4096,8,256,1,0,1,0.0073279999196529388,0.0073279999196529388,20.457602709531784,1
2026-08-15T17:16:50Z,NVIDIA H200 NVL,smoke,normal_0_1,gemv,e5m4,10,5,4,fp64,padded,thread_packet,2,16,1,1,2,none,full_lut_global,padded/thread_packet/x2/full_lut_global,256,32,32,10560,16896,4096,32,256,1,0,1,0.0048639997839927673,0.0048639997839927673,-11.586105346679688,1
2026-08-15T17:16:50Z,NVIDIA H200 NVL,smoke,normal_0_1,dot,e5m4,10,5,4,fp64,padded,thread_packet,4,16,1,1,4,none,full_lut_global,padded/thread_packet/x4/full_lut_global,4096,0,1,10240,16384,4096,4,256,1,0,1,0.0074240001849830151,0.0074240001849830151,20.457602709531784,1
2026-08-15T17:16:50Z,NVIDIA H200 NVL,smoke,normal_0_1,gemv,e5m4,10,5,4,fp64,padded,thread_packet,4,16,1,1,4,none,full_lut_global,padded/thread_packet/x4/full_lut_global,256,32,32,10560,16896,4096,32,256,1,0,1,0.0048320000059902668,0.0048320000059902668,-11.586105346679688,1
2026-08-15T17:16:50Z,NVIDIA H200 NVL,smoke,normal_0_1,dot,e5m4,10,5,4,fp64,padded,thread_packet,8,16,1,1,8,none,full_lut_global,padded/thread_packet/x8/full_lut_global,4096,0,1,10240,16384,4096,2,256,1,0,1,0.0075520002283155918,0.0075520002283155918,20.457602709531784,1
2026-08-15T17:16:50Z,NVIDIA H200 NVL,smoke,normal_0_1,gemv,e5m4,10,5,4,fp64,padded,thread_packet,8,16,1,1,8,none,full_lut_global,padded/thread_packet/x8/full_lut_global,256,32,32,10560,16896,4096,32,256,1,0,1,0.0048960000276565552,0.0048960000276565552,-11.586105346679688,1
2026-08-15T17:16:50Z,NVIDIA H200 NVL,smoke,normal_0_1,dot,e5m4,10,5,4,fp64,dense,cooperative_shuffle,16,32,5,8,2,warp_shuffle,full_lut_global,dense/cooperative_shuffle/x16/full_lut_global,4096,0,1,10240,10240,4096,16,256,1,0,1,0.0075840000063180923,0.0075840000063180923,20.457602709531784,1
2026-08-15T17:16:50Z,NVIDIA H200 NVL,smoke,normal_0_1,gemv,e5m4,10,5,4,fp64,dense,cooperative_shuffle,16,32,5,8,2,warp_shuffle,full_lut_global,dense/cooperative_shuffle/x16/full_lut_global,256,32,32,10560,10560,4096,32,256,1,0,1,0.0052800001576542854,0.0052800001576542854,-11.586105346679688,1
2026-08-15T17:16:50Z,NVIDIA H200 NVL,smoke,normal_0_1,dot,e5m4,10,5,4,fp64,dense,scalar,1,32,1,1,1,none,full_lut_shared,dense/scalar/x1/full_lut_shared,4096,0,1,10240,10240,4096,16,256,1,0,1,0.0079359998926520348,0.0079359998926520348,20.457602709531784,1
2026-08-15T17:16:50Z,NVIDIA H200 NVL,smoke,normal_0_1,gemv,e5m4,10,5,4,fp64,dense,scalar,1,32,1,1,1,none,full_lut_shared,dense/scalar/x1/full_lut_shared,256,32,32,10560,10560,4096,32,256,1,0,1,0.0057600000873208046,0.0057600000873208046,-11.586105346679688,1
2026-08-15T17:16:50Z,NVIDIA H200 NVL,smoke,normal_0_1,dot,e5m4,10,5,4,fp64,padded,scalar,1,16,1,1,1,none,full_lut_shared,padded/scalar/x1/full_lut_shared,4096,0,1,10240,16384,4096,16,256,1,0,1,0.0077760000713169575,0.0077760000713169575,20.457602709531784,1
2026-08-15T17:16:50Z,NVIDIA H200 NVL,smoke,normal_0_1,gemv,e5m4,10,5,4,fp64,padded,scalar,1,16,1,1,1,none,full_lut_shared,padded/scalar/x1/full_lut_shared,256,32,32,10560,16896,4096,32,256,1,0,1,0.0057919998653233051,0.0057919998653233051,-11.586105346679688,1
2026-08-15T17:16:50Z,NVIDIA H200 NVL,smoke,normal_0_1,dot,e5m4,10,5,4,fp64,dense,thread_packet,2,32,1,1,2,none,full_lut_shared,dense/thread_packet/x2/full_lut_shared,4096,0,1,10240,10240,4096,8,256,1,0,1,0.0078400000929832458,0.0078400000929832458,20.457602709531784,1
2026-08-15T17:16:50Z,NVIDIA H200 NVL,smoke,normal_0_1,gemv,e5m4,10,5,4,fp64,dense,thread_packet,2,32,1,1,2,none,full_lut_shared,dense/thread_packet/x2/full_lut_shared,256,32,32,10560,10560,4096,32,256,1,0,1,0.0056320000439882278,0.0056320000439882278,-11.586105346679688,1
2026-08-15T17:16:50Z,NVIDIA H200 NVL,smoke,normal_0_1,dot,e5m4,10,5,4,fp64,dense,thread_packet,4,32,1,1,4,none,full_lut_shared,dense/thread_packet/x4/full_lut_shared,4096,0,1,10240,10240,4096,4,256,1,0,1,0.0079039996489882469,0.0079039996489882469,20.457602709531784,1
2026-08-15T17:16:50Z,NVIDIA H200 NVL,smoke,normal_0_1,gemv,e5m4,10,5,4,fp64,dense,thread_packet,4,32,1,1,4,none,full_lut_shared,dense/thread_packet/x4/full_lut_shared,256,32,32,10560,10560,4096,32,256,1,0,1,0.0058559998869895935,0.0058559998869895935,-11.586105346679688,1
2026-08-15T17:16:50Z,NVIDIA H200 NVL,smoke,normal_0_1,dot,e5m4,10,5,4,fp64,dense,thread_packet,8,32,1,1,8,none,full_lut_shared,dense/thread_packet/x8/full_lut_shared,4096,0,1,10240,10240,4096,2,256,1,0,1,0.0084159998223185539,0.0084159998223185539,20.457602709531784,1
2026-08-15T17:16:50Z,NVIDIA H200 NVL,smoke,normal_0_1,gemv,e5m4,10,5,4,fp64,dense,thread_packet,8,32,1,1,8,none,full_lut_shared,dense/thread_packet/x8/full_lut_shared,256,32,32,10560,10560,4096,32,256,1,0,1,0.0062719997949898243,0.0062719997949898243,-11.586105346679688,1
2026-08-15T17:16:50Z,NVIDIA H200 NVL,smoke,normal_0_1,dot,e5m4,10,5,4,fp64,padded,thread_packet,2,16,1,1,2,none,full_lut_shared,padded/thread_packet/x2/full_lut_shared,4096,0,1,10240,16384,4096,8,256,1,0,1,0.0078720003366470337,0.0078720003366470337,20.457602709531784,1
2026-08-15T17:16:50Z,NVIDIA H200 NVL,smoke,normal_0_1,gemv,e5m4,10,5,4,fp64,padded,thread_packet,2,16,1,1,2,none,full_lut_shared,padded/thread_packet/x2/full_lut_shared,256,32,32,10560,16896,4096,32,256,1,0,1,0.0056639998219907284,0.0056639998219907284,-11.586105346679688,1
2026-08-15T17:16:50Z,NVIDIA H200 NVL,smoke,normal_0_1,dot,e5m4,10,5,4,fp64,padded,thread_packet,4,16,1,1,4,none,full_lut_shared,padded/thread_packet/x4/full_lut_shared,4096,0,1,10240,16384,4096,4,256,1,0,1,0.0076799998059868813,0.0076799998059868813,20.457602709531784,1
2026-08-15T17:16:50Z,NVIDIA H200 NVL,smoke,normal_0_1,gemv,e5m4,10,5,4,fp64,padded,thread_packet,4,16,1,1,4,none,full_lut_shared,padded/thread_packet/x4/full_lut_shared,256,32,32,10560,16896,4096,32,256,1,0,1,0.0056960000656545162,0.0056960000656545162,-11.586105346679688,1
2026-08-15T17:16:50Z,NVIDIA H200 NVL,smoke,normal_0_1,dot,e5m4,10,5,4,fp64,padded,thread_packet,8,16,1,1,8,none,full_lut_shared,padded/thread_packet/x8/full_lut_shared,4096,0,1,10240,16384,4096,2,256,1,0,1,0.0078720003366470337,0.0078720003366470337,20.457602709531784,1
2026-08-15T17:16:50Z,NVIDIA H200 NVL,smoke,normal_0_1,gemv,e5m4,10,5,4,fp64,padded,thread_packet,8,16,1,1,8,none,full_lut_shared,padded/thread_packet/x8/full_lut_shared,256,32,32,10560,16896,4096,32,256,1,0,1,0.00559999980032444,0.00559999980032444,-11.586105346679688,1
2026-08-15T17:16:50Z,NVIDIA H200 NVL,smoke,normal_0_1,dot,e5m4,10,5,4,fp64,dense,cooperative_shuffle,16,32,5,8,2,warp_shuffle,full_lut_shared,dense/cooperative_shuffle/x16/full_lut_shared,4096,0,1,10240,10240,4096,16,256,1,0,1,0.0080960001796483994,0.0080960001796483994,20.457602709531784,1
2026-08-15T17:16:50Z,NVIDIA H200 NVL,smoke,normal_0_1,gemv,e5m4,10,5,4,fp64,dense,cooperative_shuffle,16,32,5,8,2,warp_shuffle,full_lut_shared,dense/cooperative_shuffle/x16/full_lut_shared,256,32,32,10560,10560,4096,32,256,1,0,1,0.0058559998869895935,0.0058559998869895935,-11.586105346679688,1
2026-08-15T17:16:50Z,NVIDIA H200 NVL,smoke,normal_0_1,dot,e5m4,10,5,4,fp64,dense,scalar,1,32,1,1,1,none,prefix_lut_global,dense/scalar/x1/prefix_lut_global,4096,0,1,10240,10240,256,16,256,1,0,1,0.0073279999196529388,0.0073279999196529388,20.457602709531784,1
2026-08-15T17:16:50Z,NVIDIA H200 NVL,smoke,normal_0_1,gemv,e5m4,10,5,4,fp64,dense,scalar,1,32,1,1,1,none,prefix_lut_global,dense/scalar/x1/prefix_lut_global,256,32,32,10560,10560,256,32,256,1,0,1,0.0050559998489916325,0.0050559998489916325,-11.586105346679688,1
2026-08-15T17:16:50Z,NVIDIA H200 NVL,smoke,normal_0_1,dot,e5m4,10,5,4,fp64,padded,scalar,1,16,1,1,1,none,prefix_lut_global,padded/scalar/x1/prefix_lut_global,4096,0,1,10240,16384,256,16,256,1,0,1,0.0073600001633167267,0.0073600001633167267,20.457602709531784,1
2026-08-15T17:16:50Z,NVIDIA H200 NVL,smoke,normal_0_1,gemv,e5m4,10,5,4,fp64,padded,scalar,1,16,1,1,1,none,prefix_lut_global,padded/scalar/x1/prefix_lut_global,256,32,32,10560,16896,256,32,256,1,0,1,0.0051839998923242092,0.0051839998923242092,-11.586105346679688,1
2026-08-15T17:16:50Z,NVIDIA H200 NVL,smoke,normal_0_1,dot,e5m4,10,5,4,fp64,dense,thread_packet,2,32,1,1,2,none,prefix_lut_global,dense/thread_packet/x2/prefix_lut_global,4096,0,1,10240,10240,256,8,256,1,0,1,0.0075520002283155918,0.0075520002283155918,20.457602709531784,1
2026-08-15T17:16:50Z,NVIDIA H200 NVL,smoke,normal_0_1,gemv,e5m4,10,5,4,fp64,dense,thread_packet,2,32,1,1,2,none,prefix_lut_global,dense/thread_packet/x2/prefix_lut_global,256,32,32,10560,10560,256,32,256,1,0,1,0.0051520001143217087,0.0051520001143217087,-11.586105346679688,1
2026-08-15T17:16:50Z,NVIDIA H200 NVL,smoke,normal_0_1,dot,e5m4,10,5,4,fp64,dense,thread_packet,4,32,1,1,4,none,prefix_lut_global,dense/thread_packet/x4/prefix_lut_global,4096,0,1,10240,10240,256,4,256,1,0,1,0.0079680001363158226,0.0079680001363158226,20.457602709531784,1
2026-08-15T17:16:50Z,NVIDIA H200 NVL,smoke,normal_0_1,gemv,e5m4,10,5,4,fp64,dense,thread_packet,4,32,1,1,4,none,prefix_lut_global,dense/thread_packet/x4/prefix_lut_global,256,32,32,10560,10560,256,32,256,1,0,1,0.0057600000873208046,0.0057600000873208046,-11.586105346679688,1
2026-08-15T17:16:50Z,NVIDIA H200 NVL,smoke,normal_0_1,dot,e5m4,10,5,4,fp64,dense,thread_packet,8,32,1,1,8,none,prefix_lut_global,dense/thread_packet/x8/prefix_lut_global,4096,0,1,10240,10240,256,2,256,1,0,1,0.0089279999956488609,0.0089279999956488609,20.457602709531784,1
2026-08-15T17:16:50Z,NVIDIA H200 NVL,smoke,normal_0_1,gemv,e5m4,10,5,4,fp64,dense,thread_packet,8,32,1,1,8,none,prefix_lut_global,dense/thread_packet/x8/prefix_lut_global,256,32,32,10560,10560,256,32,256,1,0,1,0.0066880001686513424,0.0066880001686513424,-11.586105346679688,1
2026-08-15T17:16:50Z,NVIDIA H200 NVL,smoke,normal_0_1,dot,e5m4,10,5,4,fp64,padded,thread_packet,2,16,1,1,2,none,prefix_lut_global,padded/thread_packet/x2/prefix_lut_global,4096,0,1,10240,16384,256,8,256,1,0,1,0.0076159997843205929,0.0076159997843205929,20.457602709531784,1
2026-08-15T17:16:50Z,NVIDIA H200 NVL,smoke,normal_0_1,gemv,e5m4,10,5,4,fp64,padded,thread_packet,2,16,1,1,2,none,prefix_lut_global,padded/thread_packet/x2/prefix_lut_global,256,32,32,10560,16896,256,32,256,1,0,1,0.0051520001143217087,0.0051520001143217087,-11.586105346679688,1
2026-08-15T17:16:50Z,NVIDIA H200 NVL,smoke,normal_0_1,dot,e5m4,10,5,4,fp64,padded,thread_packet,4,16,1,1,4,none,prefix_lut_global,padded/thread_packet/x4/prefix_lut_global,4096,0,1,10240,16384,256,4,256,1,0,1,0.0081280004233121872,0.0081280004233121872,20.457602709531784,1
2026-08-15T17:16:50Z,NVIDIA H200 NVL,smoke,normal_0_1,gemv,e5m4,10,5,4,fp64,padded,thread_packet,4,16,1,1,4,none,prefix_lut_global,padded/thread_packet/x4/prefix_lut_global,256,32,32,10560,16896,256,32,256,1,0,1,0.0057279998436570168,0.0057279998436570168,-11.586105346679688,1
2026-08-15T17:16:50Z,NVIDIA H200 NVL,smoke,normal_0_1,dot,e5m4,10,5,4,fp64,padded,thread_packet,8,16,1,1,8,none,prefix_lut_global,padded/thread_packet/x8/prefix_lut_global,4096,0,1,10240,16384,256,2,256,1,0,1,0.0086080003529787064,0.0086080003529787064,20.457602709531784,1
2026-08-15T17:16:50Z,NVIDIA H200 NVL,smoke,normal_0_1,gemv,e5m4,10,5,4,fp64,padded,thread_packet,8,16,1,1,8,none,prefix_lut_global,padded/thread_packet/x8/prefix_lut_global,256,32,32,10560,16896,256,32,256,1,0,1,0.0065600001253187656,0.0065600001253187656,-11.586105346679688,1
2026-08-15T17:16:50Z,NVIDIA H200 NVL,smoke,normal_0_1,dot,e5m4,10,5,4,fp64,dense,cooperative_shuffle,16,32,5,8,2,warp_shuffle,prefix_lut_global,dense/cooperative_shuffle/x16/prefix_lut_global,4096,0,1,10240,10240,256,16,256,1,0,1,0.0078400000929832458,0.0078400000929832458,20.457602709531784,1
2026-08-15T17:16:50Z,NVIDIA H200 NVL,smoke,normal_0_1,gemv,e5m4,10,5,4,fp64,dense,cooperative_shuffle,16,32,5,8,2,warp_shuffle,prefix_lut_global,dense/cooperative_shuffle/x16/prefix_lut_global,256,32,32,10560,10560,256,32,256,1,0,1,0.00559999980032444,0.00559999980032444,-11.586105346679688,1
2026-08-15T17:16:50Z,NVIDIA H200 NVL,smoke,normal_0_1,dot,e5m4,10,5,4,fp64,dense,scalar,1,32,1,1,1,none,prefix_lut_shared,dense/scalar/x1/prefix_lut_shared,4096,0,1,10240,10240,256,16,256,1,0,1,0.0074240001849830151,0.0074240001849830151,20.457602709531784,1
2026-08-15T17:16:50Z,NVIDIA H200 NVL,smoke,normal_0_1,gemv,e5m4,10,5,4,fp64,dense,scalar,1,32,1,1,1,none,prefix_lut_shared,dense/scalar/x1/prefix_lut_shared,256,32,32,10560,10560,256,32,256,1,0,1,0.0050559998489916325,0.0050559998489916325,-11.586105346679688,1
2026-08-15T17:16:50Z,NVIDIA H200 NVL,smoke,normal_0_1,dot,e5m4,10,5,4,fp64,padded,scalar,1,16,1,1,1,none,prefix_lut_shared,padded/scalar/x1/prefix_lut_shared,4096,0,1,10240,16384,256,16,256,1,0,1,0.007519999984651804,0.007519999984651804,20.457602709531784,1
2026-08-15T17:16:50Z,NVIDIA H200 NVL,smoke,normal_0_1,gemv,e5m4,10,5,4,fp64,padded,scalar,1,16,1,1,1,none,prefix_lut_shared,padded/scalar/x1/prefix_lut_shared,256,32,32,10560,16896,256,32,256,1,0,1,0.0051839998923242092,0.0051839998923242092,-11.586105346679688,1
2026-08-15T17:16:50Z,NVIDIA H200 NVL,smoke,normal_0_1,dot,e5m4,10,5,4,fp64,dense,thread_packet,2,32,1,1,2,none,prefix_lut_shared,dense/thread_packet/x2/prefix_lut_shared,4096,0,1,10240,10240,256,8,256,1,0,1,0.007519999984651804,0.007519999984651804,20.457602709531784,1
2026-08-15T17:16:50Z,NVIDIA H200 NVL,smoke,normal_0_1,gemv,e5m4,10,5,4,fp64,dense,thread_packet,2,32,1,1,2,none,prefix_lut_shared,dense/thread_packet/x2/prefix_lut_shared,256,32,32,10560,10560,256,32,256,1,0,1,0.0050880000926554203,0.0050880000926554203,-11.586105346679688,1
2026-08-15T17:16:50Z,NVIDIA H200 NVL,smoke,normal_0_1,dot,e5m4,10,5,4,fp64,dense,thread_packet,4,32,1,1,4,none,prefix_lut_shared,dense/thread_packet/x4/prefix_lut_shared,4096,0,1,10240,10240,256,4,256,1,0,1,0.0080639999359846115,0.0080639999359846115,20.457602709531784,1
2026-08-15T17:16:50Z,NVIDIA H200 NVL,smoke,normal_0_1,gemv,e5m4,10,5,4,fp64,dense,thread_packet,4,32,1,1,4,none,prefix_lut_shared,dense/thread_packet/x4/prefix_lut_shared,256,32,32,10560,10560,256,32,256,1,0,1,0.0055359997786581516,0.0055359997786581516,-11.586105346679688,1
2026-08-15T17:16:50Z,NVIDIA H200 NVL,smoke,normal_0_1,dot,e5m4,10,5,4,fp64,dense,thread_packet,8,32,1,1,8,none,prefix_lut_shared,dense/thread_packet/x8/prefix_lut_shared,4096,0,1,10240,10240,256,2,256,1,0,1,0.0087679997086524963,0.0087679997086524963,20.457602709531784,1
2026-08-15T17:16:50Z,NVIDIA H200 NVL,smoke,normal_0_1,gemv,e5m4,10,5,4,fp64,dense,thread_packet,8,32,1,1,8,none,prefix_lut_shared,dense/thread_packet/x8/prefix_lut_shared,256,32,32,10560,10560,256,32,256,1,0,1,0.0062719997949898243,0.0062719997949898243,-11.586105346679688,1
2026-08-15T17:16:50Z,NVIDIA H200 NVL,smoke,normal_0_1,dot,e5m4,10,5,4,fp64,padded,thread_packet,2,16,1,1,2,none,prefix_lut_shared,padded/thread_packet/x2/prefix_lut_shared,4096,0,1,10240,16384,256,8,256,1,0,1,0.0076159997843205929,0.0076159997843205929,20.457602709531784,1
2026-08-15T17:16:50Z,NVIDIA H200 NVL,smoke,normal_0_1,gemv,e5m4,10,5,4,fp64,padded,thread_packet,2,16,1,1,2,none,prefix_lut_shared,padded/thread_packet/x2/prefix_lut_shared,256,32,32,10560,16896,256,32,256,1,0,1,0.0052800001576542854,0.0052800001576542854,-11.586105346679688,1
2026-08-15T17:16:50Z,NVIDIA H200 NVL,smoke,normal_0_1,dot,e5m4,10,5,4,fp64,padded,thread_packet,4,16,1,1,4,none,prefix_lut_shared,padded/thread_packet/x4/prefix_lut_shared,4096,0,1,10240,16384,256,4,256,1,0,1,0.0078400000929832458,0.0078400000929832458,20.457602709531784,1
2026-08-15T17:16:50Z,NVIDIA H200 NVL,smoke,normal_0_1,gemv,e5m4,10,5,4,fp64,padded,thread_packet,4,16,1,1,4,none,prefix_lut_shared,padded/thread_packet/x4/prefix_lut_shared,256,32,32,10560,16896,256,32,256,1,0,1,0.0055359997786581516,0.0055359997786581516,-11.586105346679688,1
2026-08-15T17:16:50Z,NVIDIA H200 NVL,smoke,normal_0_1,dot,e5m4,10,5,4,fp64,padded,thread_packet,8,16,1,1,8,none,prefix_lut_shared,padded/thread_packet/x8/prefix_lut_shared,4096,0,1,10240,16384,256,2,256,1,0,1,0.0084159998223185539,0.0084159998223185539,20.457602709531784,1
2026-08-15T17:16:50Z,NVIDIA H200 NVL,smoke,normal_0_1,gemv,e5m4,10,5,4,fp64,padded,thread_packet,8,16,1,1,8,none,prefix_lut_shared,padded/thread_packet/x8/prefix_lut_shared,256,32,32,10560,16896,256,32,256,1,0,1,0.0063680000603199005,0.0063680000603199005,-11.586105346679688,1
2026-08-15T17:16:50Z,NVIDIA H200 NVL,smoke,normal_0_1,dot,e5m4,10,5,4,fp64,dense,cooperative_shuffle,16,32,5,8,2,warp_shuffle,prefix_lut_shared,dense/cooperative_shuffle/x16/prefix_lut_shared,4096,0,1,10240,10240,256,16,256,1,0,1,0.0080319996923208237,0.0080319996923208237,20.457602709531784,1
2026-08-15T17:16:50Z,NVIDIA H200 NVL,smoke,normal_0_1,gemv,e5m4,10,5,4,fp64,dense,cooperative_shuffle,16,32,5,8,2,warp_shuffle,prefix_lut_shared,dense/cooperative_shuffle/x16/prefix_lut_shared,256,32,32,10560,10560,256,32,256,1,0,1,0.0055359997786581516,0.0055359997786581516,-11.586105346679688,1
2026-08-15T17:16:50Z,NVIDIA H200 NVL,smoke,normal_0_1,dot,e5m4,10,5,4,fp64,dense,scalar,1,32,1,1,1,none,subnormal_lut_global,dense/scalar/x1/subnormal_lut_global,4096,0,1,10240,10240,64,16,256,1,0,1,0.0073279999196529388,0.0073279999196529388,20.457602709531784,1
2026-08-15T17:16:50Z,NVIDIA H200 NVL,smoke,normal_0_1,gemv,e5m4,10,5,4,fp64,dense,scalar,1,32,1,1,1,none,subnormal_lut_global,dense/scalar/x1/subnormal_lut_global,256,32,32,10560,10560,64,32,256,1,0,1,0.0048320000059902668,0.0048320000059902668,-11.586105346679688,1
2026-08-15T17:16:50Z,NVIDIA H200 NVL,smoke,normal_0_1,dot,e5m4,10,5,4,fp64,padded,scalar,1,16,1,1,1,none,subnormal_lut_global,padded/scalar/x1/subnormal_lut_global,4096,0,1,10240,16384,64,16,256,1,0,1,0.0074240001849830151,0.0074240001849830151,20.457602709531784,1
2026-08-15T17:16:50Z,NVIDIA H200 NVL,smoke,normal_0_1,gemv,e5m4,10,5,4,fp64,padded,scalar,1,16,1,1,1,none,subnormal_lut_global,padded/scalar/x1/subnormal_lut_global,256,32,32,10560,16896,64,32,256,1,0,1,0.0048639997839927673,0.0048639997839927673,-11.586105346679688,1
2026-08-15T17:16:50Z,NVIDIA H200 NVL,smoke,normal_0_1,dot,e5m4,10,5,4,fp64,dense,thread_packet,2,32,1,1,2,none,subnormal_lut_global,dense/thread_packet/x2/subnormal_lut_global,4096,0,1,10240,10240,64,8,256,1,0,1,0.0073279999196529388,0.0073279999196529388,20.457602709531784,1
2026-08-15T17:16:50Z,NVIDIA H200 NVL,smoke,normal_0_1,gemv,e5m4,10,5,4,fp64,dense,thread_packet,2,32,1,1,2,none,subnormal_lut_global,dense/thread_packet/x2/subnormal_lut_global,256,32,32,10560,10560,64,32,256,1,0,1,0.0048639997839927673,0.0048639997839927673,-11.586105346679688,1
2026-08-15T17:16:50Z,NVIDIA H200 NVL,smoke,normal_0_1,dot,e5m4,10,5,4,fp64,dense,thread_packet,4,32,1,1,4,none,subnormal_lut_global,dense/thread_packet/x4/subnormal_lut_global,4096,0,1,10240,10240,64,4,256,1,0,1,0.0077439998276531696,0.0077439998276531696,20.457602709531784,1
2026-08-15T17:16:50Z,NVIDIA H200 NVL,smoke,normal_0_1,gemv,e5m4,10,5,4,fp64,dense,thread_packet,4,32,1,1,4,none,subnormal_lut_global,dense/thread_packet/x4/subnormal_lut_global,256,32,32,10560,10560,64,32,256,1,0,1,0.0052479999139904976,0.0052479999139904976,-11.586105346679688,1
2026-08-15T17:16:50Z,NVIDIA H200 NVL,smoke,normal_0_1,dot,e5m4,10,5,4,fp64,dense,thread_packet,8,32,1,1,8,none,subnormal_lut_global,dense/thread_packet/x8/subnormal_lut_global,4096,0,1,10240,10240,64,2,256,1,0,1,0.0085119996219873428,0.0085119996219873428,20.457602709531784,1
2026-08-15T17:16:50Z,NVIDIA H200 NVL,smoke,normal_0_1,gemv,e5m4,10,5,4,fp64,dense,thread_packet,8,32,1,1,8,none,subnormal_lut_global,dense/thread_packet/x8/subnormal_lut_global,256,32,32,10560,10560,64,32,256,1,0,1,0.0060479999519884586,0.0060479999519884586,-11.586105346679688,1
2026-08-15T17:16:50Z,NVIDIA H200 NVL,smoke,normal_0_1,dot,e5m4,10,5,4,fp64,padded,thread_packet,2,16,1,1,2,none,subnormal_lut_global,padded/thread_packet/x2/subnormal_lut_global,4096,0,1,10240,16384,64,8,256,1,0,1,0.0072960001416504383,0.0072960001416504383,20.457602709531784,1
2026-08-15T17:16:50Z,NVIDIA H200 NVL,smoke,normal_0_1,gemv,e5m4,10,5,4,fp64,padded,thread_packet,2,16,1,1,2,none,subnormal_lut_global,padded/thread_packet/x2/subnormal_lut_global,256,32,32,10560,16896,64,32,256,1,0,1,0.0050559998489916325,0.0050559998489916325,-11.586105346679688,1
2026-08-15T17:16:50Z,NVIDIA H200 NVL,smoke,normal_0_1,dot,e5m4,10,5,4,fp64,padded,thread_packet,4,16,1,1,4,none,subnormal_lut_global,padded/thread_packet/x4/subnormal_lut_global,4096,0,1,10240,16384,64,4,256,1,0,1,0.007519999984651804,0.007519999984651804,20.457602709531784,1
2026-08-15T17:16:50Z,NVIDIA H200 NVL,smoke,normal_0_1,gemv,e5m4,10,5,4,fp64,padded,thread_packet,4,16,1,1,4,none,subnormal_lut_global,padded/thread_packet/x4/subnormal_lut_global,256,32,32,10560,16896,64,32,256,1,0,1,0.0054080002009868622,0.0054080002009868622,-11.586105346679688,1
2026-08-15T17:16:50Z,NVIDIA H200 NVL,smoke,normal_0_1,dot,e5m4,10,5,4,fp64,padded,thread_packet,8,16,1,1,8,none,subnormal_lut_global,padded/thread_packet/x8/subnormal_lut_global,4096,0,1,10240,16384,64,2,256,1,0,1,0.0082559995353221893,0.0082559995353221893,20.457602709531784,1
2026-08-15T17:16:50Z,NVIDIA H200 NVL,smoke,normal_0_1,gemv,e5m4,10,5,4,fp64,padded,thread_packet,8,16,1,1,8,none,subnormal_lut_global,padded/thread_packet/x8/subnormal_lut_global,256,32,32,10560,16896,64,32,256,1,0,1,0.0057919998653233051,0.0057919998653233051,-11.586105346679688,1
2026-08-15T17:16:50Z,NVIDIA H200 NVL,smoke,normal_0_1,dot,e5m4,10,5,4,fp64,dense,cooperative_shuffle,16,32,5,8,2,warp_shuffle,subnormal_lut_global,dense/cooperative_shuffle/x16/subnormal_lut_global,4096,0,1,10240,10240,64,16,256,1,0,1,0.0076159997843205929,0.0076159997843205929,20.457602709531784,1
2026-08-15T17:16:50Z,NVIDIA H200 NVL,smoke,normal_0_1,gemv,e5m4,10,5,4,fp64,dense,cooperative_shuffle,16,32,5,8,2,warp_shuffle,subnormal_lut_global,dense/cooperative_shuffle/x16/subnormal_lut_global,256,32,32,10560,10560,64,32,256,1,0,1,0.0051520001143217087,0.0051520001143217087,-11.586105346679688,1
2026-08-15T17:16:50Z,NVIDIA H200 NVL,smoke,normal_0_1,dot,e5m4,10,5,4,fp64,dense,scalar,1,32,1,1,1,none,subnormal_lut_shared,dense/scalar/x1/subnormal_lut_shared,4096,0,1,10240,10240,64,16,256,1,0,1,0.0075520002283155918,0.0075520002283155918,20.457602709531784,1
2026-08-15T17:16:50Z,NVIDIA H200 NVL,smoke,normal_0_1,gemv,e5m4,10,5,4,fp64,dense,scalar,1,32,1,1,1,none,subnormal_lut_shared,dense/scalar/x1/subnormal_lut_shared,256,32,32,10560,10560,64,32,256,1,0,1,0.0051199998706579208,0.0051199998706579208,-11.586105346679688,1
2026-08-15T17:16:50Z,NVIDIA H200 NVL,smoke,normal_0_1,dot,e5m4,10,5,4,fp64,padded,scalar,1,16,1,1,1,none,subnormal_lut_shared,padded/scalar/x1/subnormal_lut_shared,4096,0,1,10240,16384,64,16,256,1,0,1,0.0073919999413192272,0.0073919999413192272,20.457602709531784,1
2026-08-15T17:16:50Z,NVIDIA H200 NVL,smoke,normal_0_1,gemv,e5m4,10,5,4,fp64,padded,scalar,1,16,1,1,1,none,subnormal_lut_shared,padded/scalar/x1/subnormal_lut_shared,256,32,32,10560,16896,64,32,256,1,0,1,0.0048960000276565552,0.0048960000276565552,-11.586105346679688,1
2026-08-15T17:16:50Z,NVIDIA H200 NVL,smoke,normal_0_1,dot,e5m4,10,5,4,fp64,dense,thread_packet,2,32,1,1,2,none,subnormal_lut_shared,dense/thread_packet/x2/subnormal_lut_shared,4096,0,1,10240,10240,64,8,256,1,0,1,0.007519999984651804,0.007519999984651804,20.457602709531784,1
2026-08-15T17:16:50Z,NVIDIA H200 NVL,smoke,normal_0_1,gemv,e5m4,10,5,4,fp64,dense,thread_packet,2,32,1,1,2,none,subnormal_lut_shared,dense/thread_packet/x2/subnormal_lut_shared,256,32,32,10560,10560,64,32,256,1,0,1,0.0053759999573230743,0.0053759999573230743,-11.586105346679688,1
2026-08-15T17:16:50Z,NVIDIA H200 NVL,smoke,normal_0_1,dot,e5m4,10,5,4,fp64,dense,thread_packet,4,32,1,1,4,none,subnormal_lut_shared,dense/thread_packet/x4/subnormal_lut_shared,4096,0,1,10240,10240,64,4,256,1,0,1,0.0078720003366470337,0.0078720003366470337,20.457602709531784,1
2026-08-15T17:16:50Z,NVIDIA H200 NVL,smoke,normal_0_1,gemv,e5m4,10,5,4,fp64,dense,thread_packet,4,32,1,1,4,none,subnormal_lut_shared,dense/thread_packet/x4/subnormal_lut_shared,256,32,32,10560,10560,64,32,256,1,0,1,0.0055359997786581516,0.0055359997786581516,-11.586105346679688,1
2026-08-15T17:16:50Z,NVIDIA H200 NVL,smoke,normal_0_1,dot,e5m4,10,5,4,fp64,dense,thread_packet,8,32,1,1,8,none,subnormal_lut_shared,dense/thread_packet/x8/subnormal_lut_shared,4096,0,1,10240,10240,64,2,256,1,0,1,0.0087360003963112831,0.0087360003963112831,20.457602709531784,1
2026-08-15T17:16:50Z,NVIDIA H200 NVL,smoke,normal_0_1,gemv,e5m4,10,5,4,fp64,dense,thread_packet,8,32,1,1,8,none,subnormal_lut_shared,dense/thread_packet/x8/subnormal_lut_shared,256,32,32,10560,10560,64,32,256,1,0,1,0.0063359998166561127,0.0063359998166561127,-11.586105346679688,1
2026-08-15T17:16:50Z,NVIDIA H200 NVL,smoke,normal_0_1,dot,e5m4,10,5,4,fp64,padded,thread_packet,2,16,1,1,2,none,subnormal_lut_shared,padded/thread_packet/x2/subnormal_lut_shared,4096,0,1,10240,16384,64,8,256,1,0,1,0.0076159997843205929,0.0076159997843205929,20.457602709531784,1
2026-08-15T17:16:50Z,NVIDIA H200 NVL,smoke,normal_0_1,gemv,e5m4,10,5,4,fp64,padded,thread_packet,2,16,1,1,2,none,subnormal_lut_shared,padded/thread_packet/x2/subnormal_lut_shared,256,32,32,10560,16896,64,32,256,1,0,1,0.0051199998706579208,0.0051199998706579208,-11.586105346679688,1
2026-08-15T17:16:50Z,NVIDIA H200 NVL,smoke,normal_0_1,dot,e5m4,10,5,4,fp64,padded,thread_packet,4,16,1,1,4,none,subnormal_lut_shared,padded/thread_packet/x4/subnormal_lut_shared,4096,0,1,10240,16384,64,4,256,1,0,1,0.0079039996489882469,0.0079039996489882469,20.457602709531784,1
2026-08-15T17:16:50Z,NVIDIA H200 NVL,smoke,normal_0_1,gemv,e5m4,10,5,4,fp64,padded,thread_packet,4,16,1,1,4,none,subnormal_lut_shared,padded/thread_packet/x4/subnormal_lut_shared,256,32,32,10560,16896,64,32,256,1,0,1,0.0055359997786581516,0.0055359997786581516,-11.586105346679688,1
2026-08-15T17:16:50Z,NVIDIA H200 NVL,smoke,normal_0_1,dot,e5m4,10,5,4,fp64,padded,thread_packet,8,16,1,1,8,none,subnormal_lut_shared,padded/thread_packet/x8/subnormal_lut_shared,4096,0,1,10240,16384,64,2,256,1,0,1,0.0084159998223185539,0.0084159998223185539,20.457602709531784,1
2026-08-15T17:16:50Z,NVIDIA H200 NVL,smoke,normal_0_1,gemv,e5m4,10,5,4,fp64,padded,thread_packet,8,16,1,1,8,none,subnormal_lut_shared,padded/thread_packet/x8/subnormal_lut_shared,256,32,32,10560,16896,64,32,256,1,0,1,0.0059199999086558819,0.0059199999086558819,-11.586105346679688,1
2026-08-15T17:16:50Z,NVIDIA H200 NVL,smoke,normal_0_1,dot,e5m4,10,5,4,fp64,dense,cooperative_shuffle,16,32,5,8,2,warp_shuffle,subnormal_lut_shared,dense/cooperative_shuffle/x16/subnormal_lut_shared,4096,0,1,10240,10240,64,16,256,1,0,1,0.0078400000929832458,0.0078400000929832458,20.457602709531784,1
2026-08-15T17:16:50Z,NVIDIA H200 NVL,smoke,normal_0_1,gemv,e5m4,10,5,4,fp64,dense,cooperative_shuffle,16,32,5,8,2,warp_shuffle,subnormal_lut_shared,dense/cooperative_shuffle/x16/subnormal_lut_shared,256,32,32,10560,10560,64,32,256,1,0,1,0.0056639998219907284,0.0056639998219907284,-11.586105346679688,1
2026-08-15T17:16:50Z,NVIDIA H200 NVL,smoke,normal_0_1,dot,e8m1,10,8,1,fp64,dense,scalar,1,32,1,1,1,none,generic,dense/scalar/x1/generic,4096,0,1,10240,10240,0,16,256,1,0,1,0.0074880002066493034,0.0074880002066493034,26.022782444953918,1
2026-08-15T17:16:50Z,NVIDIA H200 NVL,smoke,normal_0_1,gemv,e8m1,10,8,1,fp64,dense,scalar,1,32,1,1,1,none,generic,dense/scalar/x1/generic,256,32,32,10560,10560,0,32,256,1,0,1,0.0049279998056590557,0.0049279998056590557,-8.36865234375,1
2026-08-15T17:16:50Z,NVIDIA H200 NVL,smoke,normal_0_1,dot,e8m1,10,8,1,fp64,padded,scalar,1,16,1,1,1,none,generic,padded/scalar/x1/generic,4096,0,1,10240,16384,0,16,256,1,0,1,0.0071999998763203621,0.0071999998763203621,26.022782444953918,1
2026-08-15T17:16:50Z,NVIDIA H200 NVL,smoke,normal_0_1,gemv,e8m1,10,8,1,fp64,padded,scalar,1,16,1,1,1,none,generic,padded/scalar/x1/generic,256,32,32,10560,16896,0,32,256,1,0,1,0.0048960000276565552,0.0048960000276565552,-8.36865234375,1
2026-08-15T17:16:50Z,NVIDIA H200 NVL,smoke,normal_0_1,dot,e8m1,10,8,1,fp64,dense,scalar,1,32,1,1,1,none,direct_branchy,dense/scalar/x1/direct_branchy,4096,0,1,10240,10240,0,16,256,1,0,1,0.0073600001633167267,0.0073600001633167267,26.022782444953918,1
2026-08-15T17:16:50Z,NVIDIA H200 NVL,smoke,normal_0_1,gemv,e8m1,10,8,1,fp64,dense,scalar,1,32,1,1,1,none,direct_branchy,dense/scalar/x1/direct_branchy,256,32,32,10560,10560,0,32,256,1,0,1,0.0046399999409914017,0.0046399999409914017,-8.36865234375,1
2026-08-15T17:16:50Z,NVIDIA H200 NVL,smoke,normal_0_1,dot,e8m1,10,8,1,fp64,padded,scalar,1,16,1,1,1,none,direct_branchy,padded/scalar/x1/direct_branchy,4096,0,1,10240,16384,0,16,256,1,0,1,0.0071999998763203621,0.0071999998763203621,26.022782444953918,1
2026-08-15T17:16:50Z,NVIDIA H200 NVL,smoke,normal_0_1,gemv,e8m1,10,8,1,fp64,padded,scalar,1,16,1,1,1,none,direct_branchy,padded/scalar/x1/direct_branchy,256,32,32,10560,16896,0,32,256,1,0,1,0.0048000002279877663,0.0048000002279877663,-8.36865234375,1
2026-08-15T17:16:50Z,NVIDIA H200 NVL,smoke,normal_0_1,dot,e8m1,10,8,1,fp64,dense,thread_packet,2,32,1,1,2,none,direct_branchy,dense/thread_packet/x2/direct_branchy,4096,0,1,10240,10240,0,8,256,1,0,1,0.0073600001633167267,0.0073600001633167267,26.022782444953918,1
2026-08-15T17:16:50Z,NVIDIA H200 NVL,smoke,normal_0_1,gemv,e8m1,10,8,1,fp64,dense,thread_packet,2,32,1,1,2,none,direct_branchy,dense/thread_packet/x2/direct_branchy,256,32,32,10560,10560,0,32,256,1,0,1,0.0049600000493228436,0.0049600000493228436,-8.36865234375,1
2026-08-15T17:16:50Z,NVIDIA H200 NVL,smoke,normal_0_1,dot,e8m1,10,8,1,fp64,dense,thread_packet,4,32,1,1,4,none,direct_branchy,dense/thread_packet/x4/direct_branchy,4096,0,1,10240,10240,0,4,256,1,0,1,0.0076159997843205929,0.0076159997843205929,26.022782444953918,1
2026-08-15T17:16:50Z,NVIDIA H200 NVL,smoke,normal_0_1,gemv,e8m1,10,8,1,fp64,dense,thread_packet,4,32,1,1,4,none,direct_branchy,dense/thread_packet/x4/direct_branchy,256,32,32,10560,10560,0,32,256,1,0,1,0.0052800001576542854,0.0052800001576542854,-8.36865234375,1
2026-08-15T17:16:50Z,NVIDIA H200 NVL,smoke,normal_0_1,dot,e8m1,10,8,1,fp64,dense,thread_packet,8,32,1,1,8,none,direct_branchy,dense/thread_packet/x8/direct_branchy,4096,0,1,10240,10240,0,2,256,1,0,1,0.0080000003799796104,0.0080000003799796104,26.022782444953918,1
2026-08-15T17:16:50Z,NVIDIA H200 NVL,smoke,normal_0_1,gemv,e8m1,10,8,1,fp64,dense,thread_packet,8,32,1,1,8,none,direct_branchy,dense/thread_packet/x8/direct_branchy,256,32,32,10560,10560,0,32,256,1,0,1,0.0059839999303221703,0.0059839999303221703,-8.36865234375,1
2026-08-15T17:16:50Z,NVIDIA H200 NVL,smoke,normal_0_1,dot,e8m1,10,8,1,fp64,padded,thread_packet,2,16,1,1,2,none,direct_branchy,padded/thread_packet/x2/direct_branchy,4096,0,1,10240,16384,0,8,256,1,0,1,0.0071359998546540737,0.0071359998546540737,26.022782444953918,1
2026-08-15T17:16:50Z,NVIDIA H200 NVL,smoke,normal_0_1,gemv,e8m1,10,8,1,fp64,padded,thread_packet,2,16,1,1,2,none,direct_branchy,padded/thread_packet/x2/direct_branchy,256,32,32,10560,16896,0,32,256,1,0,1,0.0048960000276565552,0.0048960000276565552,-8.36865234375,1
2026-08-15T17:16:50Z,NVIDIA H200 NVL,smoke,normal_0_1,dot,e8m1,10,8,1,fp64,padded,thread_packet,4,16,1,1,4,none,direct_branchy,padded/thread_packet/x4/direct_branchy,4096,0,1,10240,16384,0,4,256,1,0,1,0.0074559999629855156,0.0074559999629855156,26.022782444953918,1
2026-08-15T17:16:50Z,NVIDIA H200 NVL,smoke,normal_0_1,gemv,e8m1,10,8,1,fp64,padded,thread_packet,4,16,1,1,4,none,direct_branchy,padded/thread_packet/x4/direct_branchy,256,32,32,10560,16896,0,32,256,1,0,1,0.0051520001143217087,0.0051520001143217087,-8.36865234375,1
2026-08-15T17:16:50Z,NVIDIA H200 NVL,smoke,normal_0_1,dot,e8m1,10,8,1,fp64,padded,thread_packet,8,16,1,1,8,none,direct_branchy,padded/thread_packet/x8/direct_branchy,4096,0,1,10240,16384,0,2,256,1,0,1,0.0079359998926520348,0.0079359998926520348,26.022782444953918,1
2026-08-15T17:16:50Z,NVIDIA H200 NVL,smoke,normal_0_1,gemv,e8m1,10,8,1,fp64,padded,thread_packet,8,16,1,1,8,none,direct_branchy,padded/thread_packet/x8/direct_branchy,256,32,32,10560,16896,0,32,256,1,0,1,0.0055359997786581516,0.0055359997786581516,-8.36865234375,1
2026-08-15T17:16:50Z,NVIDIA H200 NVL,smoke,normal_0_1,dot,e8m1,10,8,1,fp64,dense,cooperative_shuffle,16,32,5,8,2,warp_shuffle,direct_branchy,dense/cooperative_shuffle/x16/direct_branchy,4096,0,1,10240,10240,0,16,256,1,0,1,0.0077120000496506691,0.0077120000496506691,26.022782444953918,1
2026-08-15T17:16:50Z,NVIDIA H200 NVL,smoke,normal_0_1,gemv,e8m1,10,8,1,fp64,dense,cooperative_shuffle,16,32,5,8,2,warp_shuffle,direct_branchy,dense/cooperative_shuffle/x16/direct_branchy,256,32,32,10560,10560,0,32,256,1,0,1,0.0051520001143217087,0.0051520001143217087,-8.36865234375,1
2026-08-15T17:16:50Z,NVIDIA H200 NVL,smoke,normal_0_1,dot,e8m1,10,8,1,fp64,dense,scalar,1,32,1,1,1,none,direct_masked,dense/scalar/x1/direct_masked,4096,0,1,10240,10240,0,16,256,1,0,1,0.0072320001199841499,0.0072320001199841499,26.022782444953918,1
2026-08-15T17:16:50Z,NVIDIA H200 NVL,smoke,normal_0_1,gemv,e8m1,10,8,1,fp64,dense,scalar,1,32,1,1,1,none,direct_masked,dense/scalar/x1/direct_masked,256,32,32,10560,10560,0,32,256,1,0,1,0.0045759999193251133,0.0045759999193251133,-8.36865234375,1
2026-08-15T17:16:50Z,NVIDIA H200 NVL,smoke,normal_0_1,dot,e8m1,10,8,1,fp64,padded,scalar,1,16,1,1,1,none,direct_masked,padded/scalar/x1/direct_masked,4096,0,1,10240,16384,0,16,256,1,0,1,0.0071040000766515732,0.0071040000766515732,26.022782444953918,1
2026-08-15T17:16:50Z,NVIDIA H200 NVL,smoke,normal_0_1,gemv,e8m1,10,8,1,fp64,padded,scalar,1,16,1,1,1,none,direct_masked,padded/scalar/x1/direct_masked,256,32,32,10560,16896,0,32,256,1,0,1,0.0048320000059902668,0.0048320000059902668,-8.36865234375,1
2026-08-15T17:16:50Z,NVIDIA H200 NVL,smoke,normal_0_1,dot,e8m1,10,8,1,fp64,dense,thread_packet,2,32,1,1,2,none,direct_masked,dense/thread_packet/x2/direct_masked,4096,0,1,10240,10240,0,8,256,1,0,1,0.0073279999196529388,0.0073279999196529388,26.022782444953918,1
2026-08-15T17:16:50Z,NVIDIA H200 NVL,smoke,normal_0_1,gemv,e8m1,10,8,1,fp64,dense,thread_packet,2,32,1,1,2,none,direct_masked,dense/thread_packet/x2/direct_masked,256,32,32,10560,10560,0,32,256,1,0,1,0.0048320000059902668,0.0048320000059902668,-8.36865234375,1
2026-08-15T17:16:50Z,NVIDIA H200 NVL,smoke,normal_0_1,dot,e8m1,10,8,1,fp64,dense,thread_packet,4,32,1,1,4,none,direct_masked,dense/thread_packet/x4/direct_masked,4096,0,1,10240,10240,0,4,256,1,0,1,0.0073279999196529388,0.0073279999196529388,26.022782444953918,1
2026-08-15T17:16:50Z,NVIDIA H200 NVL,smoke,normal_0_1,gemv,e8m1,10,8,1,fp64,dense,thread_packet,4,32,1,1,4,none,direct_masked,dense/thread_packet/x4/direct_masked,256,32,32,10560,10560,0,32,256,1,0,1,0.0050880000926554203,0.0050880000926554203,-8.36865234375,1
2026-08-15T17:16:50Z,NVIDIA H200 NVL,smoke,normal_0_1,dot,e8m1,10,8,1,fp64,dense,thread_packet,8,32,1,1,8,none,direct_masked,dense/thread_packet/x8/direct_masked,4096,0,1,10240,10240,0,2,256,1,0,1,0.0080639999359846115,0.0080639999359846115,26.022782444953918,1
2026-08-15T17:16:50Z,NVIDIA H200 NVL,smoke,normal_0_1,gemv,e8m1,10,8,1,fp64,dense,thread_packet,8,32,1,1,8,none,direct_masked,dense/thread_packet/x8/direct_masked,256,32,32,10560,10560,0,32,256,1,0,1,0.0056960000656545162,0.0056960000656545162,-8.36865234375,1
2026-08-15T17:16:50Z,NVIDIA H200 NVL,smoke,normal_0_1,dot,e8m1,10,8,1,fp64,padded,thread_packet,2,16,1,1,2,none,direct_masked,padded/thread_packet/x2/direct_masked,4096,0,1,10240,16384,0,8,256,1,0,1,0.0072320001199841499,0.0072320001199841499,26.022782444953918,1
2026-08-15T17:16:50Z,NVIDIA H200 NVL,smoke,normal_0_1,gemv,e8m1,10,8,1,fp64,padded,thread_packet,2,16,1,1,2,none,direct_masked,padded/thread_packet/x2/direct_masked,256,32,32,10560,16896,0,32,256,1,0,1,0.0049600000493228436,0.0049600000493228436,-8.36865234375,1
2026-08-15T17:16:50Z,NVIDIA H200 NVL,smoke,normal_0_1,dot,e8m1,10,8,1,fp64,padded,thread_packet,4,16,1,1,4,none,direct_masked,padded/thread_packet/x4/direct_masked,4096,0,1,10240,16384,0,4,256,1,0,1,0.0073279999196529388,0.0073279999196529388,26.022782444953918,1
2026-08-15T17:16:50Z,NVIDIA H200 NVL,smoke,normal_0_1,gemv,e8m1,10,8,1,fp64,padded,thread_packet,4,16,1,1,4,none,direct_masked,padded/thread_packet/x4/direct_masked,256,32,32,10560,16896,0,32,256,1,0,1,0.0048320000059902668,0.0048320000059902668,-8.36865234375,1
2026-08-15T17:16:50Z,NVIDIA H200 NVL,smoke,normal_0_1,dot,e8m1,10,8,1,fp64,padded,thread_packet,8,16,1,1,8,none,direct_masked,padded/thread_packet/x8/direct_masked,4096,0,1,10240,16384,0,2,256,1,0,1,0.0079680001363158226,0.0079680001363158226,26.022782444953918,1
2026-08-15T17:16:50Z,NVIDIA H200 NVL,smoke,normal_0_1,gemv,e8m1,10,8,1,fp64,padded,thread_packet,8,16,1,1,8,none,direct_masked,padded/thread_packet/x8/direct_masked,256,32,32,10560,16896,0,32,256,1,0,1,0.0050559998489916325,0.0050559998489916325,-8.36865234375,1
2026-08-15T17:16:50Z,NVIDIA H200 NVL,smoke,normal_0_1,dot,e8m1,10,8,1,fp64,dense,cooperative_shuffle,16,32,5,8,2,warp_shuffle,direct_masked,dense/cooperative_shuffle/x16/direct_masked,4096,0,1,10240,10240,0,16,256,1,0,1,0.0075520002283155918,0.0075520002283155918,26.022782444953918,1
2026-08-15T17:16:50Z,NVIDIA H200 NVL,smoke,normal_0_1,gemv,e8m1,10,8,1,fp64,dense,cooperative_shuffle,16,32,5,8,2,warp_shuffle,direct_masked,dense/cooperative_shuffle/x16/direct_masked,256,32,32,10560,10560,0,32,256,1,0,1,0.0048960000276565552,0.0048960000276565552,-8.36865234375,1
2026-08-15T17:16:50Z,NVIDIA H200 NVL,smoke,normal_0_1,dot,e8m1,10,8,1,fp64,dense,scalar,1,32,1,1,1,none,full_lut_global,dense/scalar/x1/full_lut_global,4096,0,1,10240,10240,4096,16,256,1,0,1,0.0073279999196529388,0.0073279999196529388,26.022782444953918,1
2026-08-15T17:16:50Z,NVIDIA H200 NVL,smoke,normal_0_1,gemv,e8m1,10,8,1,fp64,dense,scalar,1,32,1,1,1,none,full_lut_global,dense/scalar/x1/full_lut_global,256,32,32,10560,10560,4096,32,256,1,0,1,0.0051520001143217087,0.0051520001143217087,-8.36865234375,1
2026-08-15T17:16:50Z,NVIDIA H200 NVL,smoke,normal_0_1,dot,e8m1,10,8,1,fp64,padded,scalar,1,16,1,1,1,none,full_lut_global,padded/scalar/x1/full_lut_global,4096,0,1,10240,16384,4096,16,256,1,0,1,0.0073919999413192272,0.0073919999413192272,26.022782444953918,1
2026-08-15T17:16:50Z,NVIDIA H200 NVL,smoke,normal_0_1,gemv,e8m1,10,8,1,fp64,padded,scalar,1,16,1,1,1,none,full_lut_global,padded/scalar/x1/full_lut_global,256,32,32,10560,16896,4096,32,256,1,0,1,0.0049919998273253441,0.0049919998273253441,-8.36865234375,1
2026-08-15T17:16:50Z,NVIDIA H200 NVL,smoke,normal_0_1,dot,e8m1,10,8,1,fp64,dense,thread_packet,2,32,1,1,2,none,full_lut_global,dense/thread_packet/x2/full_lut_global,4096,0,1,10240,10240,4096,8,256,1,0,1,0.0070719998329877853,0.0070719998329877853,26.022782444953918,1
2026-08-15T17:16:50Z,NVIDIA H200 NVL,smoke,normal_0_1,gemv,e8m1,10,8,1,fp64,dense,thread_packet,2,32,1,1,2,none,full_lut_global,dense/thread_packet/x2/full_lut_global,256,32,32,10560,10560,4096,32,256,1,0,1,0.0048320000059902668,0.0048320000059902668,-8.36865234375,1
2026-08-15T17:16:50Z,NVIDIA H200 NVL,smoke,normal_0_1,dot,e8m1,10,8,1,fp64,dense,thread_packet,4,32,1,1,4,none,full_lut_global,dense/thread_packet/x4/full_lut_global,4096,0,1,10240,10240,4096,4,256,1,0,1,0.0072960001416504383,0.0072960001416504383,26.022782444953918,1
2026-08-15T17:16:50Z,NVIDIA H200 NVL,smoke,normal_0_1,gemv,e8m1,10,8,1,fp64,dense,thread_packet,4,32,1,1,4,none,full_lut_global,dense/thread_packet/x4/full_lut_global,256,32,32,10560,10560,4096,32,256,1,0,1,0.0052160001359879971,0.0052160001359879971,-8.36865234375,1
2026-08-15T17:16:50Z,NVIDIA H200 NVL,smoke,normal_0_1,dot,e8m1,10,8,1,fp64,dense,thread_packet,8,32,1,1,8,none,full_lut_global,dense/thread_packet/x8/full_lut_global,4096,0,1,10240,10240,4096,2,256,1,0,1,0.007519999984651804,0.007519999984651804,26.022782444953918,1
2026-08-15T17:16:50Z,NVIDIA H200 NVL,smoke,normal_0_1,gemv,e8m1,10,8,1,fp64,dense,thread_packet,8,32,1,1,8,none,full_lut_global,dense/thread_packet/x8/full_lut_global,256,32,32,10560,10560,4096,32,256,1,0,1,0.0055680000223219395,0.0055680000223219395,-8.36865234375,1
2026-08-15T17:16:50Z,NVIDIA H200 NVL,smoke,normal_0_1,dot,e8m1,10,8,1,fp64,padded,thread_packet,2,16,1,1,2,none,full_lut_global,padded/thread_packet/x2/full_lut_global,4096,0,1,10240,16384,4096,8,256,1,0,1,0.007519999984651804,0.007519999984651804,26.022782444953918,1
2026-08-15T17:16:50Z,NVIDIA H200 NVL,smoke,normal_0_1,gemv,e8m1,10,8,1,fp64,padded,thread_packet,2,16,1,1,2,none,full_lut_global,padded/thread_packet/x2/full_lut_global,256,32,32,10560,16896,4096,32,256,1,0,1,0.0048000002279877663,0.0048000002279877663,-8.36865234375,1
2026-08-15T17:16:50Z,NVIDIA H200 NVL,smoke,normal_0_1,dot,e8m1,10,8,1,fp64,padded,thread_packet,4,16,1,1,4,none,full_lut_global,padded/thread_packet/x4/full_lut_global,4096,0,1,10240,16384,4096,4,256,1,0,1,0.0074240001849830151,0.0074240001849830151,26.022782444953918,1
2026-08-15T17:16:50Z,NVIDIA H200 NVL,smoke,normal_0_1,gemv,e8m1,10,8,1,fp64,padded,thread_packet,4,16,1,1,4,none,full_lut_global,padded/thread_packet/x4/full_lut_global,256,32,32,10560,16896,4096,32,256,1,0,1,0.0048960000276565552,0.0048960000276565552,-8.36865234375,1
2026-08-15T17:16:50Z,NVIDIA H200 NVL,smoke,normal_0_1,dot,e8m1,10,8,1,fp64,padded,thread_packet,8,16,1,1,8,none,full_lut_global,padded/thread_packet/x8/full_lut_global,4096,0,1,10240,16384,4096,2,256,1,0,1,0.0073600001633167267,0.0073600001633167267,26.022782444953918,1
2026-08-15T17:16:50Z,NVIDIA H200 NVL,smoke,normal_0_1,gemv,e8m1,10,8,1,fp64,padded,thread_packet,8,16,1,1,8,none,full_lut_global,padded/thread_packet/x8/full_lut_global,256,32,32,10560,16896,4096,32,256,1,0,1,0.0048320000059902668,0.0048320000059902668,-8.36865234375,1
2026-08-15T17:16:50Z,NVIDIA H200 NVL,smoke,normal_0_1,dot,e8m1,10,8,1,fp64,dense,cooperative_shuffle,16,32,5,8,2,warp_shuffle,full_lut_global,dense/cooperative_shuffle/x16/full_lut_global,4096,0,1,10240,10240,4096,16,256,1,0,1,0.0076159997843205929,0.0076159997843205929,26.022782444953918,1
2026-08-15T17:16:50Z,NVIDIA H200 NVL,smoke,normal_0_1,gemv,e8m1,10,8,1,fp64,dense,cooperative_shuffle,16,32,5,8,2,warp_shuffle,full_lut_global,dense/cooperative_shuffle/x16/full_lut_global,256,32,32,10560,10560,4096,32,256,1,0,1,0.005311999935656786,0.005311999935656786,-8.36865234375,1
2026-08-15T17:16:50Z,NVIDIA H200 NVL,smoke,normal_0_1,dot,e8m1,10,8,1,fp64,dense,scalar,1,32,1,1,1,none,full_lut_shared,dense/scalar/x1/full_lut_shared,4096,0,1,10240,10240,4096,16,256,1,0,1,0.0080639999359846115,0.0080639999359846115,26.022782444953918,1
2026-08-15T17:16:50Z,NVIDIA H200 NVL,smoke,normal_0_1,gemv,e8m1,10,8,1,fp64,dense,scalar,1,32,1,1,1,none,full_lut_shared,dense/scalar/x1/full_lut_shared,256,32,32,10560,10560,4096,32,256,1,0,1,0.0055359997786581516,0.0055359997786581516,-8.36865234375,1
2026-08-15T17:16:50Z,NVIDIA H200 NVL,smoke,normal_0_1,dot,e8m1,10,8,1,fp64,padded,scalar,1,16,1,1,1,none,full_lut_shared,padded/scalar/x1/full_lut_shared,4096,0,1,10240,16384,4096,16,256,1,0,1,0.0076159997843205929,0.0076159997843205929,26.022782444953918,1
2026-08-15T17:16:50Z,NVIDIA H200 NVL,smoke,normal_0_1,gemv,e8m1,10,8,1,fp64,padded,scalar,1,16,1,1,1,none,full_lut_shared,padded/scalar/x1/full_lut_shared,256,32,32,10560,16896,4096,32,256,1,0,1,0.00559999980032444,0.00559999980032444,-8.36865234375,1
2026-08-15T17:16:50Z,NVIDIA H200 NVL,smoke,normal_0_1,dot,e8m1,10,8,1,fp64,dense,thread_packet,2,32,1,1,2,none,full_lut_shared,dense/thread_packet/x2/full_lut_shared,4096,0,1,10240,10240,4096,8,256,1,0,1,0.0076799998059868813,0.0076799998059868813,26.022782444953918,1
2026-08-15T17:16:50Z,NVIDIA H200 NVL,smoke,normal_0_1,gemv,e8m1,10,8,1,fp64,dense,thread_packet,2,32,1,1,2,none,full_lut_shared,dense/thread_packet/x2/full_lut_shared,256,32,32,10560,10560,4096,32,256,1,0,1,0.00559999980032444,0.00559999980032444,-8.36865234375,1
2026-08-15T17:16:50Z,NVIDIA H200 NVL,smoke,normal_0_1,dot,e8m1,10,8,1,fp64,dense,thread_packet,4,32,1,1,4,none,full_lut_shared,dense/thread_packet/x4/full_lut_shared,4096,0,1,10240,10240,4096,4,256,1,0,1,0.0078720003366470337,0.0078720003366470337,26.022782444953918,1
2026-08-15T17:16:50Z,NVIDIA H200 NVL,smoke,normal_0_1,gemv,e8m1,10,8,1,fp64,dense,thread_packet,4,32,1,1,4,none,full_lut_shared,dense/thread_packet/x4/full_lut_shared,256,32,32,10560,10560,4096,32,256,1,0,1,0.0058559998869895935,0.0058559998869895935,-8.36865234375,1
2026-08-15T17:16:50Z,NVIDIA H200 NVL,smoke,normal_0_1,dot,e8m1,10,8,1,fp64,dense,thread_packet,8,32,1,1,8,none,full_lut_shared,dense/thread_packet/x8/full_lut_shared,4096,0,1,10240,10240,4096,2,256,1,0,1,0.0082559995353221893,0.0082559995353221893,26.022782444953918,1
2026-08-15T17:16:50Z,NVIDIA H200 NVL,smoke,normal_0_1,gemv,e8m1,10,8,1,fp64,dense,thread_packet,8,32,1,1,8,none,full_lut_shared,dense/thread_packet/x8/full_lut_shared,256,32,32,10560,10560,4096,32,256,1,0,1,0.0060479999519884586,0.0060479999519884586,-8.36865234375,1
2026-08-15T17:16:50Z,NVIDIA H200 NVL,smoke,normal_0_1,dot,e8m1,10,8,1,fp64,padded,thread_packet,2,16,1,1,2,none,full_lut_shared,padded/thread_packet/x2/full_lut_shared,4096,0,1,10240,16384,4096,8,256,1,0,1,0.0080000003799796104,0.0080000003799796104,26.022782444953918,1
2026-08-15T17:16:50Z,NVIDIA H200 NVL,smoke,normal_0_1,gemv,e8m1,10,8,1,fp64,padded,thread_packet,2,16,1,1,2,none,full_lut_shared,padded/thread_packet/x2/full_lut_shared,256,32,32,10560,16896,4096,32,256,1,0,1,0.0055680000223219395,0.0055680000223219395,-8.36865234375,1
2026-08-15T17:16:50Z,NVIDIA H200 NVL,smoke,normal_0_1,dot,e8m1,10,8,1,fp64,padded,thread_packet,4,16,1,1,4,none,full_lut_shared,padded/thread_packet/x4/full_lut_shared,4096,0,1,10240,16384,4096,4,256,1,0,1,0.0079359998926520348,0.0079359998926520348,26.022782444953918,1
2026-08-15T17:16:50Z,NVIDIA H200 NVL,smoke,normal_0_1,gemv,e8m1,10,8,1,fp64,padded,thread_packet,4,16,1,1,4,none,full_lut_shared,padded/thread_packet/x4/full_lut_shared,256,32,32,10560,16896,4096,32,256,1,0,1,0.0054080002009868622,0.0054080002009868622,-8.36865234375,1
2026-08-15T17:16:50Z,NVIDIA H200 NVL,smoke,normal_0_1,dot,e8m1,10,8,1,fp64,padded,thread_packet,8,16,1,1,8,none,full_lut_shared,padded/thread_packet/x8/full_lut_shared,4096,0,1,10240,16384,4096,2,256,1,0,1,0.0079680001363158226,0.0079680001363158226,26.022782444953918,1
2026-08-15T17:16:50Z,NVIDIA H200 NVL,smoke,normal_0_1,gemv,e8m1,10,8,1,fp64,padded,thread_packet,8,16,1,1,8,none,full_lut_shared,padded/thread_packet/x8/full_lut_shared,256,32,32,10560,16896,4096,32,256,1,0,1,0.0055040000006556511,0.0055040000006556511,-8.36865234375,1
2026-08-15T17:16:50Z,NVIDIA H200 NVL,smoke,normal_0_1,dot,e8m1,10,8,1,fp64,dense,cooperative_shuffle,16,32,5,8,2,warp_shuffle,full_lut_shared,dense/cooperative_shuffle/x16/full_lut_shared,4096,0,1,10240,10240,4096,16,256,1,0,1,0.0082240002229809761,0.0082240002229809761,26.022782444953918,1
2026-08-15T17:16:50Z,NVIDIA H200 NVL,smoke,normal_0_1,gemv,e8m1,10,8,1,fp64,dense,cooperative_shuffle,16,32,5,8,2,warp_shuffle,full_lut_shared,dense/cooperative_shuffle/x16/full_lut_shared,256,32,32,10560,10560,4096,32,256,1,0,1,0.005824000108987093,0.005824000108987093,-8.36865234375,1
2026-08-15T17:16:50Z,NVIDIA H200 NVL,smoke,normal_0_1,dot,e8m1,10,8,1,fp64,dense,scalar,1,32,1,1,1,none,prefix_lut_global,dense/scalar/x1/prefix_lut_global,4096,0,1,10240,10240,2048,16,256,1,0,1,0.0075520002283155918,0.0075520002283155918,26.022782444953918,1
2026-08-15T17:16:50Z,NVIDIA H200 NVL,smoke,normal_0_1,gemv,e8m1,10,8,1,fp64,dense,scalar,1,32,1,1,1,none,prefix_lut_global,dense/scalar/x1/prefix_lut_global,256,32,32,10560,10560,2048,32,256,1,0,1,0.0057919998653233051,0.0057919998653233051,-8.36865234375,1
2026-08-15T17:16:50Z,NVIDIA H200 NVL,smoke,normal_0_1,dot,e8m1,10,8,1,fp64,padded,scalar,1,16,1,1,1,none,prefix_lut_global,padded/scalar/x1/prefix_lut_global,4096,0,1,10240,16384,2048,16,256,1,0,1,0.0073600001633167267,0.0073600001633167267,26.022782444953918,1
2026-08-15T17:16:50Z,NVIDIA H200 NVL,smoke,normal_0_1,gemv,e8m1,10,8,1,fp64,padded,scalar,1,16,1,1,1,none,prefix_lut_global,padded/scalar/x1/prefix_lut_global,256,32,32,10560,16896,2048,32,256,1,0,1,0.0051839998923242092,0.0051839998923242092,-8.36865234375,1
2026-08-15T17:16:50Z,NVIDIA H200 NVL,smoke,normal_0_1,dot,e8m1,10,8,1,fp64,dense,thread_packet,2,32,1,1,2,none,prefix_lut_global,dense/thread_packet/x2/prefix_lut_global,4096,0,1,10240,10240,2048,8,256,1,0,1,0.007519999984651804,0.007519999984651804,26.022782444953918,1
2026-08-15T17:16:50Z,NVIDIA H200 NVL,smoke,normal_0_1,gemv,e8m1,10,8,1,fp64,dense,thread_packet,2,32,1,1,2,none,prefix_lut_global,dense/thread_packet/x2/prefix_lut_global,256,32,32,10560,10560,2048,32,256,1,0,1,0.0053440001793205738,0.0053440001793205738,-8.36865234375,1
2026-08-15T17:16:50Z,NVIDIA H200 NVL,smoke,normal_0_1,dot,e8m1,10,8,1,fp64,dense,thread_packet,4,32,1,1,4,none,prefix_lut_global,dense/thread_packet/x4/prefix_lut_global,4096,0,1,10240,10240,2048,4,256,1,0,1,0.0079039996489882469,0.0079039996489882469,26.022782444953918,1
2026-08-15T17:16:50Z,NVIDIA H200 NVL,smoke,normal_0_1,gemv,e8m1,10,8,1,fp64,dense,thread_packet,4,32,1,1,4,none,prefix_lut_global,dense/thread_packet/x4/prefix_lut_global,256,32,32,10560,10560,2048,32,256,1,0,1,0.006111999973654747,0.006111999973654747,-8.36865234375,1
2026-08-15T17:16:50Z,NVIDIA H200 NVL,smoke,normal_0_1,dot,e8m1,10,8,1,fp64,dense,thread_packet,8,32,1,1,8,none,prefix_lut_global,dense/thread_packet/x8/prefix_lut_global,4096,0,1,10240,10240,2048,2,256,1,0,1,0.0087040001526474953,0.0087040001526474953,26.022782444953918,1
2026-08-15T17:16:50Z,NVIDIA H200 NVL,smoke,normal_0_1,gemv,e8m1,10,8,1,fp64,dense,thread_packet,8,32,1,1,8,none,prefix_lut_global,dense/thread_packet/x8/prefix_lut_global,256,32,32,10560,10560,2048,32,256,1,0,1,0.0067839999683201313,0.0067839999683201313,-8.36865234375,1
2026-08-15T17:16:50Z,NVIDIA H200 NVL,smoke,normal_0_1,dot,e8m1,10,8,1,fp64,padded,thread_packet,2,16,1,1,2,none,prefix_lut_global,padded/thread_packet/x2/prefix_lut_global,4096,0,1,10240,16384,2048,8,256,1,0,1,0.0076480000279843807,0.0076480000279843807,26.022782444953918,1
2026-08-15T17:16:50Z,NVIDIA H200 NVL,smoke,normal_0_1,gemv,e8m1,10,8,1,fp64,padded,thread_packet,2,16,1,1,2,none,prefix_lut_global,padded/thread_packet/x2/prefix_lut_global,256,32,32,10560,16896,2048,32,256,1,0,1,0.0051839998923242092,0.0051839998923242092,-8.36865234375,1
2026-08-15T17:16:50Z,NVIDIA H200 NVL,smoke,normal_0_1,dot,e8m1,10,8,1,fp64,padded,thread_packet,4,16,1,1,4,none,prefix_lut_global,padded/thread_packet/x4/prefix_lut_global,4096,0,1,10240,16384,2048,4,256,1,0,1,0.0077760000713169575,0.0077760000713169575,26.022782444953918,1
2026-08-15T17:16:50Z,NVIDIA H200 NVL,smoke,normal_0_1,gemv,e8m1,10,8,1,fp64,padded,thread_packet,4,16,1,1,4,none,prefix_lut_global,padded/thread_packet/x4/prefix_lut_global,256,32,32,10560,16896,2048,32,256,1,0,1,0.0057600000873208046,0.0057600000873208046,-8.36865234375,1
2026-08-15T17:16:50Z,NVIDIA H200 NVL,smoke,normal_0_1,dot,e8m1,10,8,1,fp64,padded,thread_packet,8,16,1,1,8,none,prefix_lut_global,padded/thread_packet/x8/prefix_lut_global,4096,0,1,10240,16384,2048,2,256,1,0,1,0.0086399996653199196,0.0086399996653199196,26.022782444953918,1
2026-08-15T17:16:50Z,NVIDIA H200 NVL,smoke,normal_0_1,gemv,e8m1,10,8,1,fp64,padded,thread_packet,8,16,1,1,8,none,prefix_lut_global,padded/thread_packet/x8/prefix_lut_global,256,32,32,10560,16896,2048,32,256,1,0,1,0.0064960001036524773,0.0064960001036524773,-8.36865234375,1
2026-08-15T17:16:50Z,NVIDIA H200 NVL,smoke,normal_0_1,dot,e8m1,10,8,1,fp64,dense,cooperative_shuffle,16,32,5,8,2,warp_shuffle,prefix_lut_global,dense/cooperative_shuffle/x16/prefix_lut_global,4096,0,1,10240,10240,2048,16,256,1,0,1,0.0077439998276531696,0.0077439998276531696,26.022782444953918,1
2026-08-15T17:16:50Z,NVIDIA H200 NVL,smoke,normal_0_1,gemv,e8m1,10,8,1,fp64,dense,cooperative_shuffle,16,32,5,8,2,warp_shuffle,prefix_lut_global,dense/cooperative_shuffle/x16/prefix_lut_global,256,32,32,10560,10560,2048,32,256,1,0,1,0.0056639998219907284,0.0056639998219907284,-8.36865234375,1
2026-08-15T17:16:50Z,NVIDIA H200 NVL,smoke,normal_0_1,dot,e8m1,10,8,1,fp64,dense,scalar,1,32,1,1,1,none,prefix_lut_shared,dense/scalar/x1/prefix_lut_shared,4096,0,1,10240,10240,2048,16,256,1,0,1,0.0077760000713169575,0.0077760000713169575,26.022782444953918,1
2026-08-15T17:16:50Z,NVIDIA H200 NVL,smoke,normal_0_1,gemv,e8m1,10,8,1,fp64,dense,scalar,1,32,1,1,1,none,prefix_lut_shared,dense/scalar/x1/prefix_lut_shared,256,32,32,10560,10560,2048,32,256,1,0,1,0.005311999935656786,0.005311999935656786,-8.36865234375,1
2026-08-15T17:16:50Z,NVIDIA H200 NVL,smoke,normal_0_1,dot,e8m1,10,8,1,fp64,padded,scalar,1,16,1,1,1,none,prefix_lut_shared,padded/scalar/x1/prefix_lut_shared,4096,0,1,10240,16384,2048,16,256,1,0,1,0.007807999849319458,0.007807999849319458,26.022782444953918,1
2026-08-15T17:16:50Z,NVIDIA H200 NVL,smoke,normal_0_1,gemv,e8m1,10,8,1,fp64,padded,scalar,1,16,1,1,1,none,prefix_lut_shared,padded/scalar/x1/prefix_lut_shared,256,32,32,10560,16896,2048,32,256,1,0,1,0.0053759999573230743,0.0053759999573230743,-8.36865234375,1
2026-08-15T17:16:50Z,NVIDIA H200 NVL,smoke,normal_0_1,dot,e8m1,10,8,1,fp64,dense,thread_packet,2,32,1,1,2,none,prefix_lut_shared,dense/thread_packet/x2/prefix_lut_shared,4096,0,1,10240,10240,2048,8,256,1,0,1,0.007807999849319458,0.007807999849319458,26.022782444953918,1
2026-08-15T17:16:50Z,NVIDIA H200 NVL,smoke,normal_0_1,gemv,e8m1,10,8,1,fp64,dense,thread_packet,2,32,1,1,2,none,prefix_lut_shared,dense/thread_packet/x2/prefix_lut_shared,256,32,32,10560,10560,2048,32,256,1,0,1,0.0052800001576542854,0.0052800001576542854,-8.36865234375,1
2026-08-15T17:16:50Z,NVIDIA H200 NVL,smoke,normal_0_1,dot,e8m1,10,8,1,fp64,dense,thread_packet,4,32,1,1,4,none,prefix_lut_shared,dense/thread_packet/x4/prefix_lut_shared,4096,0,1,10240,10240,2048,4,256,1,0,1,0.0082879997789859772,0.0082879997789859772,26.022782444953918,1
2026-08-15T17:16:50Z,NVIDIA H200 NVL,smoke,normal_0_1,gemv,e8m1,10,8,1,fp64,dense,thread_packet,4,32,1,1,4,none,prefix_lut_shared,dense/thread_packet/x4/prefix_lut_shared,256,32,32,10560,10560,2048,32,256,1,0,1,0.0060160001739859581,0.0060160001739859581,-8.36865234375,1
2026-08-15T17:16:50Z,NVIDIA H200 NVL,smoke,normal_0_1,dot,e8m1,10,8,1,fp64,dense,thread_packet,8,32,1,1,8,none,prefix_lut_shared,dense/thread_packet/x8/prefix_lut_shared,4096,0,1,10240,10240,2048,2,256,1,0,1,0.0090239997953176498,0.0090239997953176498,26.022782444953918,1
2026-08-15T17:16:50Z,NVIDIA H200 NVL,smoke,normal_0_1,gemv,e8m1,10,8,1,fp64,dense,thread_packet,8,32,1,1,8,none,prefix_lut_shared,dense/thread_packet/x8/prefix_lut_shared,256,32,32,10560,10560,2048,32,256,1,0,1,0.006624000146985054,0.006624000146985054,-8.36865234375,1
2026-08-15T17:16:50Z,NVIDIA H200 NVL,smoke,normal_0_1,dot,e8m1,10,8,1,fp64,padded,thread_packet,2,16,1,1,2,none,prefix_lut_shared,padded/thread_packet/x2/prefix_lut_shared,4096,0,1,10240,16384,2048,8,256,1,0,1,0.007807999849319458,0.007807999849319458,26.022782444953918,1
2026-08-15T17:16:50Z,NVIDIA H200 NVL,smoke,normal_0_1,gemv,e8m1,10,8,1,fp64,padded,thread_packet,2,16,1,1,2,none,prefix_lut_shared,padded/thread_packet/x2/prefix_lut_shared,256,32,32,10560,16896,2048,32,256,1,0,1,0.0055040000006556511,0.0055040000006556511,-8.36865234375,1
2026-08-15T17:16:50Z,NVIDIA H200 NVL,smoke,normal_0_1,dot,e8m1,10,8,1,fp64,padded,thread_packet,4,16,1,1,4,none,prefix_lut_shared,padded/thread_packet/x4/prefix_lut_shared,4096,0,1,10240,16384,2048,4,256,1,0,1,0.0080319996923208237,0.0080319996923208237,26.022782444953918,1
2026-08-15T17:16:50Z,NVIDIA H200 NVL,smoke,normal_0_1,gemv,e8m1,10,8,1,fp64,padded,thread_packet,4,16,1,1,4,none,prefix_lut_shared,padded/thread_packet/x4/prefix_lut_shared,256,32,32,10560,16896,2048,32,256,1,0,1,0.0057600000873208046,0.0057600000873208046,-8.36865234375,1
2026-08-15T17:16:50Z,NVIDIA H200 NVL,smoke,normal_0_1,dot,e8m1,10,8,1,fp64,padded,thread_packet,8,16,1,1,8,none,prefix_lut_shared,padded/thread_packet/x8/prefix_lut_shared,4096,0,1,10240,16384,2048,2,256,1,0,1,0.0088640004396438599,0.0088640004396438599,26.022782444953918,1
2026-08-15T17:16:50Z,NVIDIA H200 NVL,smoke,normal_0_1,gemv,e8m1,10,8,1,fp64,padded,thread_packet,8,16,1,1,8,none,prefix_lut_shared,padded/thread_packet/x8/prefix_lut_shared,256,32,32,10560,16896,2048,32,256,1,0,1,0.0064639998599886894,0.0064639998599886894,-8.36865234375,1
2026-08-15T17:16:50Z,NVIDIA H200 NVL,smoke,normal_0_1,dot,e8m1,10,8,1,fp64,dense,cooperative_shuffle,16,32,5,8,2,warp_shuffle,prefix_lut_shared,dense/cooperative_shuffle/x16/prefix_lut_shared,4096,0,1,10240,10240,2048,16,256,1,0,1,0.0081919999793171883,0.0081919999793171883,26.022782444953918,1
2026-08-15T17:16:50Z,NVIDIA H200 NVL,smoke,normal_0_1,gemv,e8m1,10,8,1,fp64,dense,cooperative_shuffle,16,32,5,8,2,warp_shuffle,prefix_lut_shared,dense/cooperative_shuffle/x16/prefix_lut_shared,256,32,32,10560,10560,2048,32,256,1,0,1,0.0055680000223219395,0.0055680000223219395,-8.36865234375,1
2026-08-15T17:16:50Z,NVIDIA H200 NVL,smoke,normal_0_1,dot,e8m1,10,8,1,fp64,dense,scalar,1,32,1,1,1,none,subnormal_lut_global,dense/scalar/x1/subnormal_lut_global,4096,0,1,10240,10240,8,16,256,1,0,1,0.0072960001416504383,0.0072960001416504383,26.022782444953918,1
2026-08-15T17:16:50Z,NVIDIA H200 NVL,smoke,normal_0_1,gemv,e8m1,10,8,1,fp64,dense,scalar,1,32,1,1,1,none,subnormal_lut_global,dense/scalar/x1/subnormal_lut_global,256,32,32,10560,10560,8,32,256,1,0,1,0.0049600000493228436,0.0049600000493228436,-8.36865234375,1
2026-08-15T17:16:50Z,NVIDIA H200 NVL,smoke,normal_0_1,dot,e8m1,10,8,1,fp64,padded,scalar,1,16,1,1,1,none,subnormal_lut_global,padded/scalar/x1/subnormal_lut_global,4096,0,1,10240,16384,8,16,256,1,0,1,0.0072960001416504383,0.0072960001416504383,26.022782444953918,1
2026-08-15T17:16:50Z,NVIDIA H200 NVL,smoke,normal_0_1,gemv,e8m1,10,8,1,fp64,padded,scalar,1,16,1,1,1,none,subnormal_lut_global,padded/scalar/x1/subnormal_lut_global,256,32,32,10560,16896,8,32,256,1,0,1,0.0048639997839927673,0.0048639997839927673,-8.36865234375,1
2026-08-15T17:16:50Z,NVIDIA H200 NVL,smoke,normal_0_1,dot,e8m1,10,8,1,fp64,dense,thread_packet,2,32,1,1,2,none,subnormal_lut_global,dense/thread_packet/x2/subnormal_lut_global,4096,0,1,10240,10240,8,8,256,1,0,1,0.0074240001849830151,0.0074240001849830151,26.022782444953918,1
2026-08-15T17:16:50Z,NVIDIA H200 NVL,smoke,normal_0_1,gemv,e8m1,10,8,1,fp64,dense,thread_packet,2,32,1,1,2,none,subnormal_lut_global,dense/thread_packet/x2/subnormal_lut_global,256,32,32,10560,10560,8,32,256,1,0,1,0.0048960000276565552,0.0048960000276565552,-8.36865234375,1
2026-08-15T17:16:50Z,NVIDIA H200 NVL,smoke,normal_0_1,dot,e8m1,10,8,1,fp64,dense,thread_packet,4,32,1,1,4,none,subnormal_lut_global,dense/thread_packet/x4/subnormal_lut_global,4096,0,1,10240,10240,8,4,256,1,0,1,0.0077120000496506691,0.0077120000496506691,26.022782444953918,1
2026-08-15T17:16:50Z,NVIDIA H200 NVL,smoke,normal_0_1,gemv,e8m1,10,8,1,fp64,dense,thread_packet,4,32,1,1,4,none,subnormal_lut_global,dense/thread_packet/x4/subnormal_lut_global,256,32,32,10560,10560,8,32,256,1,0,1,0.0054080002009868622,0.0054080002009868622,-8.36865234375,1
2026-08-15T17:16:50Z,NVIDIA H200 NVL,smoke,normal_0_1,dot,e8m1,10,8,1,fp64,dense,thread_packet,8,32,1,1,8,none,subnormal_lut_global,dense/thread_packet/x8/subnormal_lut_global,4096,0,1,10240,10240,8,2,256,1,0,1,0.0082879997789859772,0.0082879997789859772,26.022782444953918,1
2026-08-15T17:16:50Z,NVIDIA H200 NVL,smoke,normal_0_1,gemv,e8m1,10,8,1,fp64,dense,thread_packet,8,32,1,1,8,none,subnormal_lut_global,dense/thread_packet/x8/subnormal_lut_global,256,32,32,10560,10560,8,32,256,1,0,1,0.0060479999519884586,0.0060479999519884586,-8.36865234375,1
2026-08-15T17:16:50Z,NVIDIA H200 NVL,smoke,normal_0_1,dot,e8m1,10,8,1,fp64,padded,thread_packet,2,16,1,1,2,none,subnormal_lut_global,padded/thread_packet/x2/subnormal_lut_global,4096,0,1,10240,16384,8,8,256,1,0,1,0.0074559999629855156,0.0074559999629855156,26.022782444953918,1
2026-08-15T17:16:50Z,NVIDIA H200 NVL,smoke,normal_0_1,gemv,e8m1,10,8,1,fp64,padded,thread_packet,2,16,1,1,2,none,subnormal_lut_global,padded/thread_packet/x2/subnormal_lut_global,256,32,32,10560,16896,8,32,256,1,0,1,0.0049279998056590557,0.0049279998056590557,-8.36865234375,1
2026-08-15T17:16:50Z,NVIDIA H200 NVL,smoke,normal_0_1,dot,e8m1,10,8,1,fp64,padded,thread_packet,4,16,1,1,4,none,subnormal_lut_global,padded/thread_packet/x4/subnormal_lut_global,4096,0,1,10240,16384,8,4,256,1,0,1,0.0073919999413192272,0.0073919999413192272,26.022782444953918,1
2026-08-15T17:16:50Z,NVIDIA H200 NVL,smoke,normal_0_1,gemv,e8m1,10,8,1,fp64,padded,thread_packet,4,16,1,1,4,none,subnormal_lut_global,padded/thread_packet/x4/subnormal_lut_global,256,32,32,10560,16896,8,32,256,1,0,1,0.0050559998489916325,0.0050559998489916325,-8.36865234375,1
2026-08-15T17:16:50Z,NVIDIA H200 NVL,smoke,normal_0_1,dot,e8m1,10,8,1,fp64,padded,thread_packet,8,16,1,1,8,none,subnormal_lut_global,padded/thread_packet/x8/subnormal_lut_global,4096,0,1,10240,16384,8,2,256,1,0,1,0.0079680001363158226,0.0079680001363158226,26.022782444953918,1
2026-08-15T17:16:50Z,NVIDIA H200 NVL,smoke,normal_0_1,gemv,e8m1,10,8,1,fp64,padded,thread_packet,8,16,1,1,8,none,subnormal_lut_global,padded/thread_packet/x8/subnormal_lut_global,256,32,32,10560,16896,8,32,256,1,0,1,0.0055359997786581516,0.0055359997786581516,-8.36865234375,1
2026-08-15T17:16:50Z,NVIDIA H200 NVL,smoke,normal_0_1,dot,e8m1,10,8,1,fp64,dense,cooperative_shuffle,16,32,5,8,2,warp_shuffle,subnormal_lut_global,dense/cooperative_shuffle/x16/subnormal_lut_global,4096,0,1,10240,10240,8,16,256,1,0,1,0.0079359998926520348,0.0079359998926520348,26.022782444953918,1
2026-08-15T17:16:50Z,NVIDIA H200 NVL,smoke,normal_0_1,gemv,e8m1,10,8,1,fp64,dense,cooperative_shuffle,16,32,5,8,2,warp_shuffle,subnormal_lut_global,dense/cooperative_shuffle/x16/subnormal_lut_global,256,32,32,10560,10560,8,32,256,1,0,1,0.0055040000006556511,0.0055040000006556511,-8.36865234375,1
2026-08-15T17:16:50Z,NVIDIA H200 NVL,smoke,normal_0_1,dot,e8m1,10,8,1,fp64,dense,scalar,1,32,1,1,1,none,subnormal_lut_shared,dense/scalar/x1/subnormal_lut_shared,4096,0,1,10240,10240,8,16,256,1,0,1,0.0075520002283155918,0.0075520002283155918,26.022782444953918,1
2026-08-15T17:16:50Z,NVIDIA H200 NVL,smoke,normal_0_1,gemv,e8m1,10,8,1,fp64,dense,scalar,1,32,1,1,1,none,subnormal_lut_shared,dense/scalar/x1/subnormal_lut_shared,256,32,32,10560,10560,8,32,256,1,0,1,0.0050559998489916325,0.0050559998489916325,-8.36865234375,1
2026-08-15T17:16:50Z,NVIDIA H200 NVL,smoke,normal_0_1,dot,e8m1,10,8,1,fp64,padded,scalar,1,16,1,1,1,none,subnormal_lut_shared,padded/scalar/x1/subnormal_lut_shared,4096,0,1,10240,16384,8,16,256,1,0,1,0.0072960001416504383,0.0072960001416504383,26.022782444953918,1
2026-08-15T17:16:50Z,NVIDIA H200 NVL,smoke,normal_0_1,gemv,e8m1,10,8,1,fp64,padded,scalar,1,16,1,1,1,none,subnormal_lut_shared,padded/scalar/x1/subnormal_lut_shared,256,32,32,10560,16896,8,32,256,1,0,1,0.0051199998706579208,0.0051199998706579208,-8.36865234375,1
2026-08-15T17:16:50Z,NVIDIA H200 NVL,smoke,normal_0_1,dot,e8m1,10,8,1,fp64,dense,thread_packet,2,32,1,1,2,none,subnormal_lut_shared,dense/thread_packet/x2/subnormal_lut_shared,4096,0,1,10240,10240,8,8,256,1,0,1,0.0074880002066493034,0.0074880002066493034,26.022782444953918,1
2026-08-15T17:16:50Z,NVIDIA H200 NVL,smoke,normal_0_1,gemv,e8m1,10,8,1,fp64,dense,thread_packet,2,32,1,1,2,none,subnormal_lut_shared,dense/thread_packet/x2/subnormal_lut_shared,256,32,32,10560,10560,8,32,256,1,0,1,0.0051199998706579208,0.0051199998706579208,-8.36865234375,1
2026-08-15T17:16:50Z,NVIDIA H200 NVL,smoke,normal_0_1,dot,e8m1,10,8,1,fp64,dense,thread_packet,4,32,1,1,4,none,subnormal_lut_shared,dense/thread_packet/x4/subnormal_lut_shared,4096,0,1,10240,10240,8,4,256,1,0,1,0.0078400000929832458,0.0078400000929832458,26.022782444953918,1
2026-08-15T17:16:50Z,NVIDIA H200 NVL,smoke,normal_0_1,gemv,e8m1,10,8,1,fp64,dense,thread_packet,4,32,1,1,4,none,subnormal_lut_shared,dense/thread_packet/x4/subnormal_lut_shared,256,32,32,10560,10560,8,32,256,1,0,1,0.0057600000873208046,0.0057600000873208046,-8.36865234375,1
2026-08-15T17:16:50Z,NVIDIA H200 NVL,smoke,normal_0_1,dot,e8m1,10,8,1,fp64,dense,thread_packet,8,32,1,1,8,none,subnormal_lut_shared,dense/thread_packet/x8/subnormal_lut_shared,4096,0,1,10240,10240,8,2,256,1,0,1,0.0084159998223185539,0.0084159998223185539,26.022782444953918,1
2026-08-15T17:16:50Z,NVIDIA H200 NVL,smoke,normal_0_1,gemv,e8m1,10,8,1,fp64,dense,thread_packet,8,32,1,1,8,none,subnormal_lut_shared,dense/thread_packet/x8/subnormal_lut_shared,256,32,32,10560,10560,8,32,256,1,0,1,0.0062400000169873238,0.0062400000169873238,-8.36865234375,1
2026-08-15T17:16:50Z,NVIDIA H200 NVL,smoke,normal_0_1,dot,e8m1,10,8,1,fp64,padded,thread_packet,2,16,1,1,2,none,subnormal_lut_shared,padded/thread_packet/x2/subnormal_lut_shared,4096,0,1,10240,16384,8,8,256,1,0,1,0.0073279999196529388,0.0073279999196529388,26.022782444953918,1
2026-08-15T17:16:50Z,NVIDIA H200 NVL,smoke,normal_0_1,gemv,e8m1,10,8,1,fp64,padded,thread_packet,2,16,1,1,2,none,subnormal_lut_shared,padded/thread_packet/x2/subnormal_lut_shared,256,32,32,10560,16896,8,32,256,1,0,1,0.0051520001143217087,0.0051520001143217087,-8.36865234375,1
2026-08-15T17:16:50Z,NVIDIA H200 NVL,smoke,normal_0_1,dot,e8m1,10,8,1,fp64,padded,thread_packet,4,16,1,1,4,none,subnormal_lut_shared,padded/thread_packet/x4/subnormal_lut_shared,4096,0,1,10240,16384,8,4,256,1,0,1,0.0076799998059868813,0.0076799998059868813,26.022782444953918,1
2026-08-15T17:16:50Z,NVIDIA H200 NVL,smoke,normal_0_1,gemv,e8m1,10,8,1,fp64,padded,thread_packet,4,16,1,1,4,none,subnormal_lut_shared,padded/thread_packet/x4/subnormal_lut_shared,256,32,32,10560,16896,8,32,256,1,0,1,0.0052800001576542854,0.0052800001576542854,-8.36865234375,1
2026-08-15T17:16:50Z,NVIDIA H200 NVL,smoke,normal_0_1,dot,e8m1,10,8,1,fp64,padded,thread_packet,8,16,1,1,8,none,subnormal_lut_shared,padded/thread_packet/x8/subnormal_lut_shared,4096,0,1,10240,16384,8,2,256,1,0,1,0.0084159998223185539,0.0084159998223185539,26.022782444953918,1
2026-08-15T17:16:50Z,NVIDIA H200 NVL,smoke,normal_0_1,gemv,e8m1,10,8,1,fp64,padded,thread_packet,8,16,1,1,8,none,subnormal_lut_shared,padded/thread_packet/x8/subnormal_lut_shared,256,32,32,10560,16896,8,32,256,1,0,1,0.0057600000873208046,0.0057600000873208046,-8.36865234375,1
2026-08-15T17:16:50Z,NVIDIA H200 NVL,smoke,normal_0_1,dot,e8m1,10,8,1,fp64,dense,cooperative_shuffle,16,32,5,8,2,warp_shuffle,subnormal_lut_shared,dense/cooperative_shuffle/x16/subnormal_lut_shared,4096,0,1,10240,10240,8,16,256,1,0,1,0.0079680001363158226,0.0079680001363158226,26.022782444953918,1
2026-08-15T17:16:50Z,NVIDIA H200 NVL,smoke,normal_0_1,gemv,e8m1,10,8,1,fp64,dense,cooperative_shuffle,16,32,5,8,2,warp_shuffle,subnormal_lut_shared,dense/cooperative_shuffle/x16/subnormal_lut_shared,256,32,32,10560,10560,8,32,256,1,0,1,0.0056639998219907284,0.0056639998219907284,-8.36865234375,1
