slurmstepd: error: Unable to create TMPDIR [/scratch/timofeirusanov/tmp]: No such file or directory
slurmstepd: error: Setting TMPDIR to /tmp
-- Configuring done (0.1s)
-- Generating done (0.7s)
-- Build files have been written to: /storage/home/timofeirusanov/accessor_universal_test/build-h200
Building precision_packing_bench_fp16
[ 50%] Building CUDA object CMakeFiles/precision_packing_bench_fp16.dir/src/precision_packing_bench.cu.o
ptxas info    : 29 bytes gmem
ptxas info    : Compiling entry function '_ZN3aut17precision_packing16arithmetic_chainILNS0_15arithmetic_kindE3ELi8EEEviPd' for 'sm_90'
ptxas info    : Function properties for _ZN3aut17precision_packing16arithmetic_chainILNS0_15arithmetic_kindE3ELi8EEEviPd
    0 bytes stack frame, 0 bytes spill stores, 0 bytes spill loads
ptxas info    : Used 26 registers, used 0 barriers
ptxas info    : Compile time = 43.427 ms
ptxas info    : Compiling entry function '_ZN3aut17precision_packing16arithmetic_chainILNS0_15arithmetic_kindE3ELi4EEEviPd' for 'sm_90'
ptxas info    : Function properties for _ZN3aut17precision_packing16arithmetic_chainILNS0_15arithmetic_kindE3ELi4EEEviPd
    0 bytes stack frame, 0 bytes spill stores, 0 bytes spill loads
ptxas info    : Used 18 registers, used 0 barriers
ptxas info    : Compile time = 1.652 ms
ptxas info    : Compiling entry function '_ZN3aut17precision_packing16arithmetic_chainILNS0_15arithmetic_kindE3ELi2EEEviPd' for 'sm_90'
ptxas info    : Function properties for _ZN3aut17precision_packing16arithmetic_chainILNS0_15arithmetic_kindE3ELi2EEEviPd
    0 bytes stack frame, 0 bytes spill stores, 0 bytes spill loads
ptxas info    : Used 14 registers, used 0 barriers
ptxas info    : Compile time = 1.345 ms
ptxas info    : Compiling entry function '_ZN3aut17precision_packing16arithmetic_chainILNS0_15arithmetic_kindE3ELi1EEEviPd' for 'sm_90'
ptxas info    : Function properties for _ZN3aut17precision_packing16arithmetic_chainILNS0_15arithmetic_kindE3ELi1EEEviPd
    0 bytes stack frame, 0 bytes spill stores, 0 bytes spill loads
ptxas info    : Used 12 registers, used 0 barriers
ptxas info    : Compile time = 1.253 ms
ptxas info    : Compiling entry function '_ZN3aut17precision_packing15register_decodeINS_7storage10fp16_e5m10ELNS0_15arithmetic_kindE3ELi8EEEvPKNSt11conditionalIXltsrT_10total_bitsLi8EEhNS2_5codecIS6_E12storage_typeEE4typeEmiPd' for 'sm_90'
ptxas info    : Function properties for _ZN3aut17precision_packing15register_decodeINS_7storage10fp16_e5m10ELNS0_15arithmetic_kindE3ELi8EEEvPKNSt11conditionalIXltsrT_10total_bitsLi8EEhNS2_5codecIS6_E12storage_typeEE4typeEmiPd
    0 bytes stack frame, 0 bytes spill stores, 0 bytes spill loads
ptxas info    : Used 40 registers, used 0 barriers
ptxas info    : Compile time = 5.574 ms
ptxas info    : Compiling entry function '_ZN3aut17precision_packing15register_decodeINS_7storage10fp16_e5m10ELNS0_15arithmetic_kindE3ELi4EEEvPKNSt11conditionalIXltsrT_10total_bitsLi8EEhNS2_5codecIS6_E12storage_typeEE4typeEmiPd' for 'sm_90'
ptxas info    : Function properties for _ZN3aut17precision_packing15register_decodeINS_7storage10fp16_e5m10ELNS0_15arithmetic_kindE3ELi4EEEvPKNSt11conditionalIXltsrT_10total_bitsLi8EEhNS2_5codecIS6_E12storage_typeEE4typeEmiPd
    0 bytes stack frame, 0 bytes spill stores, 0 bytes spill loads
ptxas info    : Used 25 registers, used 0 barriers
ptxas info    : Compile time = 4.469 ms
ptxas info    : Compiling entry function '_ZN3aut17precision_packing15register_decodeINS_7storage10fp16_e5m10ELNS0_15arithmetic_kindE3ELi2EEEvPKNSt11conditionalIXltsrT_10total_bitsLi8EEhNS2_5codecIS6_E12storage_typeEE4typeEmiPd' for 'sm_90'
ptxas info    : Function properties for _ZN3aut17precision_packing15register_decodeINS_7storage10fp16_e5m10ELNS0_15arithmetic_kindE3ELi2EEEvPKNSt11conditionalIXltsrT_10total_bitsLi8EEhNS2_5codecIS6_E12storage_typeEE4typeEmiPd
    0 bytes stack frame, 0 bytes spill stores, 0 bytes spill loads
ptxas info    : Used 20 registers, used 0 barriers
ptxas info    : Compile time = 4.220 ms
ptxas info    : Compiling entry function '_ZN3aut17precision_packing15register_decodeINS_7storage10fp16_e5m10ELNS0_15arithmetic_kindE3ELi1EEEvPKNSt11conditionalIXltsrT_10total_bitsLi8EEhNS2_5codecIS6_E12storage_typeEE4typeEmiPd' for 'sm_90'
ptxas info    : Function properties for _ZN3aut17precision_packing15register_decodeINS_7storage10fp16_e5m10ELNS0_15arithmetic_kindE3ELi1EEEvPKNSt11conditionalIXltsrT_10total_bitsLi8EEhNS2_5codecIS6_E12storage_typeEE4typeEmiPd
    0 bytes stack frame, 0 bytes spill stores, 0 bytes spill loads
ptxas info    : Used 18 registers, used 0 barriers
ptxas info    : Compile time = 4.082 ms
ptxas info    : Compiling entry function '_ZN3aut17precision_packing13stream_decodeINS_7storage10fp16_e5m10ELNS0_15arithmetic_kindE3ELNS0_11access_kindE2ELi8EEEvPKNSt11conditionalIXltsrT_10total_bitsLi8EEhNS2_5codecIS7_E12storage_typeEE4typeEmPd' for 'sm_90'
ptxas info    : Function properties for _ZN3aut17precision_packing13stream_decodeINS_7storage10fp16_e5m10ELNS0_15arithmetic_kindE3ELNS0_11access_kindE2ELi8EEEvPKNSt11conditionalIXltsrT_10total_bitsLi8EEhNS2_5codecIS7_E12storage_typeEE4typeEmPd
    0 bytes stack frame, 0 bytes spill stores, 0 bytes spill loads
ptxas info    : Used 32 registers, used 1 barriers, 2048 bytes smem
ptxas info    : Compile time = 4.963 ms
ptxas info    : Compiling entry function '_ZN3aut17precision_packing13stream_decodeINS_7storage10fp16_e5m10ELNS0_15arithmetic_kindE3ELNS0_11access_kindE1ELi8EEEvPKNSt11conditionalIXltsrT_10total_bitsLi8EEhNS2_5codecIS7_E12storage_typeEE4typeEmPd' for 'sm_90'
ptxas info    : Function properties for _ZN3aut17precision_packing13stream_decodeINS_7storage10fp16_e5m10ELNS0_15arithmetic_kindE3ELNS0_11access_kindE1ELi8EEEvPKNSt11conditionalIXltsrT_10total_bitsLi8EEhNS2_5codecIS7_E12storage_typeEE4typeEmPd
    0 bytes stack frame, 0 bytes spill stores, 0 bytes spill loads
ptxas info    : Used 32 registers, used 1 barriers, 2048 bytes smem
ptxas info    : Compile time = 4.384 ms
ptxas info    : Compiling entry function '_ZN3aut17precision_packing13stream_decodeINS_7storage10fp16_e5m10ELNS0_15arithmetic_kindE3ELNS0_11access_kindE2ELi4EEEvPKNSt11conditionalIXltsrT_10total_bitsLi8EEhNS2_5codecIS7_E12storage_typeEE4typeEmPd' for 'sm_90'
ptxas info    : Function properties for _ZN3aut17precision_packing13stream_decodeINS_7storage10fp16_e5m10ELNS0_15arithmetic_kindE3ELNS0_11access_kindE2ELi4EEEvPKNSt11conditionalIXltsrT_10total_bitsLi8EEhNS2_5codecIS7_E12storage_typeEE4typeEmPd
    0 bytes stack frame, 0 bytes spill stores, 0 bytes spill loads
ptxas info    : Used 32 registers, used 1 barriers, 2048 bytes smem
ptxas info    : Compile time = 3.764 ms
ptxas info    : Compiling entry function '_ZN3aut17precision_packing13stream_decodeINS_7storage10fp16_e5m10ELNS0_15arithmetic_kindE3ELNS0_11access_kindE1ELi4EEEvPKNSt11conditionalIXltsrT_10total_bitsLi8EEhNS2_5codecIS7_E12storage_typeEE4typeEmPd' for 'sm_90'
ptxas info    : Function properties for _ZN3aut17precision_packing13stream_decodeINS_7storage10fp16_e5m10ELNS0_15arithmetic_kindE3ELNS0_11access_kindE1ELi4EEEvPKNSt11conditionalIXltsrT_10total_bitsLi8EEhNS2_5codecIS7_E12storage_typeEE4typeEmPd
    0 bytes stack frame, 0 bytes spill stores, 0 bytes spill loads
ptxas info    : Used 32 registers, used 1 barriers, 2048 bytes smem
ptxas info    : Compile time = 3.818 ms
ptxas info    : Compiling entry function '_ZN3aut17precision_packing13stream_decodeINS_7storage10fp16_e5m10ELNS0_15arithmetic_kindE3ELNS0_11access_kindE2ELi2EEEvPKNSt11conditionalIXltsrT_10total_bitsLi8EEhNS2_5codecIS7_E12storage_typeEE4typeEmPd' for 'sm_90'
ptxas info    : Function properties for _ZN3aut17precision_packing13stream_decodeINS_7storage10fp16_e5m10ELNS0_15arithmetic_kindE3ELNS0_11access_kindE2ELi2EEEvPKNSt11conditionalIXltsrT_10total_bitsLi8EEhNS2_5codecIS7_E12storage_typeEE4typeEmPd
    0 bytes stack frame, 0 bytes spill stores, 0 bytes spill loads
ptxas info    : Used 24 registers, used 1 barriers, 2048 bytes smem
ptxas info    : Compile time = 3.556 ms
ptxas info    : Compiling entry function '_ZN3aut17precision_packing13stream_decodeINS_7storage10fp16_e5m10ELNS0_15arithmetic_kindE3ELNS0_11access_kindE1ELi2EEEvPKNSt11conditionalIXltsrT_10total_bitsLi8EEhNS2_5codecIS7_E12storage_typeEE4typeEmPd' for 'sm_90'
ptxas info    : Function properties for _ZN3aut17precision_packing13stream_decodeINS_7storage10fp16_e5m10ELNS0_15arithmetic_kindE3ELNS0_11access_kindE1ELi2EEEvPKNSt11conditionalIXltsrT_10total_bitsLi8EEhNS2_5codecIS7_E12storage_typeEE4typeEmPd
    0 bytes stack frame, 0 bytes spill stores, 0 bytes spill loads
ptxas info    : Used 24 registers, used 1 barriers, 2048 bytes smem
ptxas info    : Compile time = 3.590 ms
ptxas info    : Compiling entry function '_ZN3aut17precision_packing13stream_decodeINS_7storage10fp16_e5m10ELNS0_15arithmetic_kindE3ELNS0_11access_kindE0ELi1EEEvPKNSt11conditionalIXltsrT_10total_bitsLi8EEhNS2_5codecIS7_E12storage_typeEE4typeEmPd' for 'sm_90'
ptxas info    : Function properties for _ZN3aut17precision_packing13stream_decodeINS_7storage10fp16_e5m10ELNS0_15arithmetic_kindE3ELNS0_11access_kindE0ELi1EEEvPKNSt11conditionalIXltsrT_10total_bitsLi8EEhNS2_5codecIS7_E12storage_typeEE4typeEmPd
    0 bytes stack frame, 0 bytes spill stores, 0 bytes spill loads
ptxas info    : Used 18 registers, used 1 barriers, 2048 bytes smem
ptxas info    : Compile time = 3.358 ms
ptxas info    : Compiling entry function '_ZN3aut17precision_packing16arithmetic_chainILNS0_15arithmetic_kindE0ELi8EEEviPd' for 'sm_90'
ptxas info    : Function properties for _ZN3aut17precision_packing16arithmetic_chainILNS0_15arithmetic_kindE0ELi8EEEviPd
    0 bytes stack frame, 0 bytes spill stores, 0 bytes spill loads
ptxas info    : Used 13 registers, used 0 barriers
ptxas info    : Compile time = 2.029 ms
ptxas info    : Compiling entry function '_ZN3aut17precision_packing16arithmetic_chainILNS0_15arithmetic_kindE0ELi4EEEviPd' for 'sm_90'
ptxas info    : Function properties for _ZN3aut17precision_packing16arithmetic_chainILNS0_15arithmetic_kindE0ELi4EEEviPd
    0 bytes stack frame, 0 bytes spill stores, 0 bytes spill loads
ptxas info    : Used 11 registers, used 0 barriers
ptxas info    : Compile time = 1.617 ms
ptxas info    : Compiling entry function '_ZN3aut17precision_packing16arithmetic_chainILNS0_15arithmetic_kindE0ELi2EEEviPd' for 'sm_90'
ptxas info    : Function properties for _ZN3aut17precision_packing16arithmetic_chainILNS0_15arithmetic_kindE0ELi2EEEviPd
    0 bytes stack frame, 0 bytes spill stores, 0 bytes spill loads
ptxas info    : Used 10 registers, used 0 barriers
ptxas info    : Compile time = 1.379 ms
ptxas info    : Compiling entry function '_ZN3aut17precision_packing16arithmetic_chainILNS0_15arithmetic_kindE0ELi1EEEviPd' for 'sm_90'
ptxas info    : Function properties for _ZN3aut17precision_packing16arithmetic_chainILNS0_15arithmetic_kindE0ELi1EEEviPd
    0 bytes stack frame, 0 bytes spill stores, 0 bytes spill loads
ptxas info    : Used 10 registers, used 0 barriers
ptxas info    : Compile time = 1.290 ms
ptxas info    : Compiling entry function '_ZN3aut17precision_packing15register_decodeINS_7storage10fp16_e5m10ELNS0_15arithmetic_kindE0ELi8EEEvPKNSt11conditionalIXltsrT_10total_bitsLi8EEhNS2_5codecIS6_E12storage_typeEE4typeEmiPd' for 'sm_90'
ptxas info    : Function properties for _ZN3aut17precision_packing15register_decodeINS_7storage10fp16_e5m10ELNS0_15arithmetic_kindE0ELi8EEEvPKNSt11conditionalIXltsrT_10total_bitsLi8EEhNS2_5codecIS6_E12storage_typeEE4typeEmiPd
    0 bytes stack frame, 0 bytes spill stores, 0 bytes spill loads
ptxas info    : Used 20 registers, used 0 barriers
ptxas info    : Compile time = 4.898 ms
ptxas info    : Compiling entry function '_ZN3aut17precision_packing15register_decodeINS_7storage10fp16_e5m10ELNS0_15arithmetic_kindE0ELi4EEEvPKNSt11conditionalIXltsrT_10total_bitsLi8EEhNS2_5codecIS6_E12storage_typeEE4typeEmiPd' for 'sm_90'
ptxas info    : Function properties for _ZN3aut17precision_packing15register_decodeINS_7storage10fp16_e5m10ELNS0_15arithmetic_kindE0ELi4EEEvPKNSt11conditionalIXltsrT_10total_bitsLi8EEhNS2_5codecIS6_E12storage_typeEE4typeEmiPd
    0 bytes stack frame, 0 bytes spill stores, 0 bytes spill loads
ptxas info    : Used 20 registers, used 0 barriers
ptxas info    : Compile time = 4.447 ms
ptxas info    : Compiling entry function '_ZN3aut17precision_packing15register_decodeINS_7storage10fp16_e5m10ELNS0_15arithmetic_kindE0ELi2EEEvPKNSt11conditionalIXltsrT_10total_bitsLi8EEhNS2_5codecIS6_E12storage_typeEE4typeEmiPd' for 'sm_90'
ptxas info    : Function properties for _ZN3aut17precision_packing15register_decodeINS_7storage10fp16_e5m10ELNS0_15arithmetic_kindE0ELi2EEEvPKNSt11conditionalIXltsrT_10total_bitsLi8EEhNS2_5codecIS6_E12storage_typeEE4typeEmiPd
    0 bytes stack frame, 0 bytes spill stores, 0 bytes spill loads
ptxas info    : Used 20 registers, used 0 barriers
ptxas info    : Compile time = 4.237 ms
ptxas info    : Compiling entry function '_ZN3aut17precision_packing15register_decodeINS_7storage10fp16_e5m10ELNS0_15arithmetic_kindE0ELi1EEEvPKNSt11conditionalIXltsrT_10total_bitsLi8EEhNS2_5codecIS6_E12storage_typeEE4typeEmiPd' for 'sm_90'
ptxas info    : Function properties for _ZN3aut17precision_packing15register_decodeINS_7storage10fp16_e5m10ELNS0_15arithmetic_kindE0ELi1EEEvPKNSt11conditionalIXltsrT_10total_bitsLi8EEhNS2_5codecIS6_E12storage_typeEE4typeEmiPd
    0 bytes stack frame, 0 bytes spill stores, 0 bytes spill loads
ptxas info    : Used 18 registers, used 0 barriers
ptxas info    : Compile time = 4.078 ms
ptxas info    : Compiling entry function '_ZN3aut17precision_packing13stream_decodeINS_7storage10fp16_e5m10ELNS0_15arithmetic_kindE0ELNS0_11access_kindE2ELi8EEEvPKNSt11conditionalIXltsrT_10total_bitsLi8EEhNS2_5codecIS7_E12storage_typeEE4typeEmPd' for 'sm_90'
ptxas info    : Function properties for _ZN3aut17precision_packing13stream_decodeINS_7storage10fp16_e5m10ELNS0_15arithmetic_kindE0ELNS0_11access_kindE2ELi8EEEvPKNSt11conditionalIXltsrT_10total_bitsLi8EEhNS2_5codecIS7_E12storage_typeEE4typeEmPd
    0 bytes stack frame, 0 bytes spill stores, 0 bytes spill loads
ptxas info    : Used 24 registers, used 1 barriers, 512 bytes smem
ptxas info    : Compile time = 4.086 ms
ptxas info    : Compiling entry function '_ZN3aut17precision_packing13stream_decodeINS_7storage10fp16_e5m10ELNS0_15arithmetic_kindE0ELNS0_11access_kindE1ELi8EEEvPKNSt11conditionalIXltsrT_10total_bitsLi8EEhNS2_5codecIS7_E12storage_typeEE4typeEmPd' for 'sm_90'
ptxas info    : Function properties for _ZN3aut17precision_packing13stream_decodeINS_7storage10fp16_e5m10ELNS0_15arithmetic_kindE0ELNS0_11access_kindE1ELi8EEEvPKNSt11conditionalIXltsrT_10total_bitsLi8EEhNS2_5codecIS7_E12storage_typeEE4typeEmPd
    0 bytes stack frame, 0 bytes spill stores, 0 bytes spill loads
ptxas info    : Used 26 registers, used 1 barriers, 512 bytes smem
ptxas info    : Compile time = 3.958 ms
ptxas info    : Compiling entry function '_ZN3aut17precision_packing13stream_decodeINS_7storage10fp16_e5m10ELNS0_15arithmetic_kindE0ELNS0_11access_kindE2ELi4EEEvPKNSt11conditionalIXltsrT_10total_bitsLi8EEhNS2_5codecIS7_E12storage_typeEE4typeEmPd' for 'sm_90'
ptxas info    : Function properties for _ZN3aut17precision_packing13stream_decodeINS_7storage10fp16_e5m10ELNS0_15arithmetic_kindE0ELNS0_11access_kindE2ELi4EEEvPKNSt11conditionalIXltsrT_10total_bitsLi8EEhNS2_5codecIS7_E12storage_typeEE4typeEmPd
    0 bytes stack frame, 0 bytes spill stores, 0 bytes spill loads
ptxas info    : Used 20 registers, used 1 barriers, 512 bytes smem
ptxas info    : Compile time = 3.829 ms
ptxas info    : Compiling entry function '_ZN3aut17precision_packing13stream_decodeINS_7storage10fp16_e5m10ELNS0_15arithmetic_kindE0ELNS0_11access_kindE1ELi4EEEvPKNSt11conditionalIXltsrT_10total_bitsLi8EEhNS2_5codecIS7_E12storage_typeEE4typeEmPd' for 'sm_90'
ptxas info    : Function properties for _ZN3aut17precision_packing13stream_decodeINS_7storage10fp16_e5m10ELNS0_15arithmetic_kindE0ELNS0_11access_kindE1ELi4EEEvPKNSt11conditionalIXltsrT_10total_bitsLi8EEhNS2_5codecIS7_E12storage_typeEE4typeEmPd
    0 bytes stack frame, 0 bytes spill stores, 0 bytes spill loads
ptxas info    : Used 20 registers, used 1 barriers, 512 bytes smem
ptxas info    : Compile time = 3.631 ms
ptxas info    : Compiling entry function '_ZN3aut17precision_packing13stream_decodeINS_7storage10fp16_e5m10ELNS0_15arithmetic_kindE0ELNS0_11access_kindE2ELi2EEEvPKNSt11conditionalIXltsrT_10total_bitsLi8EEhNS2_5codecIS7_E12storage_typeEE4typeEmPd' for 'sm_90'
ptxas info    : Function properties for _ZN3aut17precision_packing13stream_decodeINS_7storage10fp16_e5m10ELNS0_15arithmetic_kindE0ELNS0_11access_kindE2ELi2EEEvPKNSt11conditionalIXltsrT_10total_bitsLi8EEhNS2_5codecIS7_E12storage_typeEE4typeEmPd
    0 bytes stack frame, 0 bytes spill stores, 0 bytes spill loads
ptxas info    : Used 18 registers, used 1 barriers, 512 bytes smem
ptxas info    : Compile time = 3.742 ms
ptxas info    : Compiling entry function '_ZN3aut17precision_packing13stream_decodeINS_7storage10fp16_e5m10ELNS0_15arithmetic_kindE0ELNS0_11access_kindE1ELi2EEEvPKNSt11conditionalIXltsrT_10total_bitsLi8EEhNS2_5codecIS7_E12storage_typeEE4typeEmPd' for 'sm_90'
ptxas info    : Function properties for _ZN3aut17precision_packing13stream_decodeINS_7storage10fp16_e5m10ELNS0_15arithmetic_kindE0ELNS0_11access_kindE1ELi2EEEvPKNSt11conditionalIXltsrT_10total_bitsLi8EEhNS2_5codecIS7_E12storage_typeEE4typeEmPd
    0 bytes stack frame, 0 bytes spill stores, 0 bytes spill loads
ptxas info    : Used 18 registers, used 1 barriers, 512 bytes smem
ptxas info    : Compile time = 3.612 ms
ptxas info    : Compiling entry function '_ZN3aut17precision_packing13stream_decodeINS_7storage10fp16_e5m10ELNS0_15arithmetic_kindE0ELNS0_11access_kindE0ELi1EEEvPKNSt11conditionalIXltsrT_10total_bitsLi8EEhNS2_5codecIS7_E12storage_typeEE4typeEmPd' for 'sm_90'
ptxas info    : Function properties for _ZN3aut17precision_packing13stream_decodeINS_7storage10fp16_e5m10ELNS0_15arithmetic_kindE0ELNS0_11access_kindE0ELi1EEEvPKNSt11conditionalIXltsrT_10total_bitsLi8EEhNS2_5codecIS7_E12storage_typeEE4typeEmPd
    0 bytes stack frame, 0 bytes spill stores, 0 bytes spill loads
ptxas info    : Used 16 registers, used 1 barriers, 512 bytes smem
ptxas info    : Compile time = 3.366 ms
ptxas info    : Compiling entry function '_ZN3aut17precision_packing11stream_loadINS_7storage10fp16_e5m10ELNS0_11access_kindE2ELi8EEEvPKNSt11conditionalIXltsrT_10total_bitsLi8EEhNS2_5codecIS6_E12storage_typeEE4typeEmPm' for 'sm_90'
ptxas info    : Function properties for _ZN3aut17precision_packing11stream_loadINS_7storage10fp16_e5m10ELNS0_11access_kindE2ELi8EEEvPKNSt11conditionalIXltsrT_10total_bitsLi8EEhNS2_5codecIS6_E12storage_typeEE4typeEmPm
    0 bytes stack frame, 0 bytes spill stores, 0 bytes spill loads
ptxas info    : Used 24 registers, used 1 barriers, 2048 bytes smem
ptxas info    : Compile time = 4.362 ms
ptxas info    : Compiling entry function '_ZN3aut17precision_packing11stream_loadINS_7storage10fp16_e5m10ELNS0_11access_kindE1ELi8EEEvPKNSt11conditionalIXltsrT_10total_bitsLi8EEhNS2_5codecIS6_E12storage_typeEE4typeEmPm' for 'sm_90'
ptxas info    : Function properties for _ZN3aut17precision_packing11stream_loadINS_7storage10fp16_e5m10ELNS0_11access_kindE1ELi8EEEvPKNSt11conditionalIXltsrT_10total_bitsLi8EEhNS2_5codecIS6_E12storage_typeEE4typeEmPm
    0 bytes stack frame, 0 bytes spill stores, 0 bytes spill loads
ptxas info    : Used 26 registers, used 1 barriers, 2048 bytes smem
ptxas info    : Compile time = 4.030 ms
ptxas info    : Compiling entry function '_ZN3aut17precision_packing11stream_loadINS_7storage10fp16_e5m10ELNS0_11access_kindE2ELi4EEEvPKNSt11conditionalIXltsrT_10total_bitsLi8EEhNS2_5codecIS6_E12storage_typeEE4typeEmPm' for 'sm_90'
ptxas info    : Function properties for _ZN3aut17precision_packing11stream_loadINS_7storage10fp16_e5m10ELNS0_11access_kindE2ELi4EEEvPKNSt11conditionalIXltsrT_10total_bitsLi8EEhNS2_5codecIS6_E12storage_typeEE4typeEmPm
    0 bytes stack frame, 0 bytes spill stores, 0 bytes spill loads
ptxas info    : Used 20 registers, used 1 barriers, 2048 bytes smem
ptxas info    : Compile time = 3.583 ms
ptxas info    : Compiling entry function '_ZN3aut17precision_packing11stream_loadINS_7storage10fp16_e5m10ELNS0_11access_kindE1ELi4EEEvPKNSt11conditionalIXltsrT_10total_bitsLi8EEhNS2_5codecIS6_E12storage_typeEE4typeEmPm' for 'sm_90'
ptxas info    : Function properties for _ZN3aut17precision_packing11stream_loadINS_7storage10fp16_e5m10ELNS0_11access_kindE1ELi4EEEvPKNSt11conditionalIXltsrT_10total_bitsLi8EEhNS2_5codecIS6_E12storage_typeEE4typeEmPm
    0 bytes stack frame, 0 bytes spill stores, 0 bytes spill loads
ptxas info    : Used 24 registers, used 1 barriers, 2048 bytes smem
ptxas info    : Compile time = 3.758 ms
ptxas info    : Compiling entry function '_ZN3aut17precision_packing11stream_loadINS_7storage10fp16_e5m10ELNS0_11access_kindE2ELi2EEEvPKNSt11conditionalIXltsrT_10total_bitsLi8EEhNS2_5codecIS6_E12storage_typeEE4typeEmPm' for 'sm_90'
ptxas info    : Function properties for _ZN3aut17precision_packing11stream_loadINS_7storage10fp16_e5m10ELNS0_11access_kindE2ELi2EEEvPKNSt11conditionalIXltsrT_10total_bitsLi8EEhNS2_5codecIS6_E12storage_typeEE4typeEmPm
    0 bytes stack frame, 0 bytes spill stores, 0 bytes spill loads
ptxas info    : Used 18 registers, used 1 barriers, 2048 bytes smem
ptxas info    : Compile time = 3.549 ms
ptxas info    : Compiling entry function '_ZN3aut17precision_packing11stream_loadINS_7storage10fp16_e5m10ELNS0_11access_kindE1ELi2EEEvPKNSt11conditionalIXltsrT_10total_bitsLi8EEhNS2_5codecIS6_E12storage_typeEE4typeEmPm' for 'sm_90'
ptxas info    : Function properties for _ZN3aut17precision_packing11stream_loadINS_7storage10fp16_e5m10ELNS0_11access_kindE1ELi2EEEvPKNSt11conditionalIXltsrT_10total_bitsLi8EEhNS2_5codecIS6_E12storage_typeEE4typeEmPm
    0 bytes stack frame, 0 bytes spill stores, 0 bytes spill loads
ptxas info    : Used 22 registers, used 1 barriers, 2048 bytes smem
ptxas info    : Compile time = 3.604 ms
ptxas info    : Compiling entry function '_ZN3aut17precision_packing11stream_loadINS_7storage10fp16_e5m10ELNS0_11access_kindE0ELi1EEEvPKNSt11conditionalIXltsrT_10total_bitsLi8EEhNS2_5codecIS6_E12storage_typeEE4typeEmPm' for 'sm_90'
ptxas info    : Function properties for _ZN3aut17precision_packing11stream_loadINS_7storage10fp16_e5m10ELNS0_11access_kindE0ELi1EEEvPKNSt11conditionalIXltsrT_10total_bitsLi8EEhNS2_5codecIS6_E12storage_typeEE4typeEmPm
    0 bytes stack frame, 0 bytes spill stores, 0 bytes spill loads
ptxas info    : Used 16 registers, used 1 barriers, 2048 bytes smem
ptxas info    : Compile time = 3.451 ms
ptxas info    : Compiling entry function '_ZN3aut17precision_packing22packed_arithmetic_gemvINS_7storage10fp16_e5m10ELi8EEEvPKNSt11conditionalIXltsrT_10total_bitsLi8EEhNS2_5codecIS5_E12storage_typeEE4typeESC_mmmPd' for 'sm_90'
ptxas info    : Function properties for _ZN3aut17precision_packing22packed_arithmetic_gemvINS_7storage10fp16_e5m10ELi8EEEvPKNSt11conditionalIXltsrT_10total_bitsLi8EEhNS2_5codecIS5_E12storage_typeEE4typeESC_mmmPd
    0 bytes stack frame, 0 bytes spill stores, 0 bytes spill loads
ptxas info    : Used 25 registers, used 1 barriers, 512 bytes smem
ptxas info    : Compile time = 3.918 ms
ptxas info    : Compiling entry function '_ZN3aut17precision_packing22packed_arithmetic_gemvINS_7storage10fp16_e5m10ELi4EEEvPKNSt11conditionalIXltsrT_10total_bitsLi8EEhNS2_5codecIS5_E12storage_typeEE4typeESC_mmmPd' for 'sm_90'
ptxas info    : Function properties for _ZN3aut17precision_packing22packed_arithmetic_gemvINS_7storage10fp16_e5m10ELi4EEEvPKNSt11conditionalIXltsrT_10total_bitsLi8EEhNS2_5codecIS5_E12storage_typeEE4typeESC_mmmPd
    0 bytes stack frame, 0 bytes spill stores, 0 bytes spill loads
ptxas info    : Used 19 registers, used 1 barriers, 512 bytes smem
ptxas info    : Compile time = 3.824 ms
ptxas info    : Compiling entry function '_ZN3aut17precision_packing22packed_arithmetic_gemvINS_7storage10fp16_e5m10ELi2EEEvPKNSt11conditionalIXltsrT_10total_bitsLi8EEhNS2_5codecIS5_E12storage_typeEE4typeESC_mmmPd' for 'sm_90'
ptxas info    : Function properties for _ZN3aut17precision_packing22packed_arithmetic_gemvINS_7storage10fp16_e5m10ELi2EEEvPKNSt11conditionalIXltsrT_10total_bitsLi8EEhNS2_5codecIS5_E12storage_typeEE4typeESC_mmmPd
    0 bytes stack frame, 0 bytes spill stores, 0 bytes spill loads
ptxas info    : Used 16 registers, used 1 barriers, 512 bytes smem
ptxas info    : Compile time = 3.442 ms
ptxas info    : Compiling entry function '_ZN3aut17precision_packing4gemvINS_7storage10fp16_e5m10ELNS0_15arithmetic_kindE3ELNS0_11access_kindE2ELi8EEEvPKNSt11conditionalIXltsrT_10total_bitsLi8EEhNS2_5codecIS7_E12storage_typeEE4typeESE_mmmPd' for 'sm_90'
ptxas info    : Function properties for _ZN3aut17precision_packing4gemvINS_7storage10fp16_e5m10ELNS0_15arithmetic_kindE3ELNS0_11access_kindE2ELi8EEEvPKNSt11conditionalIXltsrT_10total_bitsLi8EEhNS2_5codecIS7_E12storage_typeEE4typeESE_mmmPd
    0 bytes stack frame, 0 bytes spill stores, 0 bytes spill loads
ptxas info    : Used 40 registers, used 1 barriers, 2048 bytes smem
ptxas info    : Compile time = 5.152 ms
ptxas info    : Compiling entry function '_ZN3aut17precision_packing4gemvINS_7storage10fp16_e5m10ELNS0_15arithmetic_kindE3ELNS0_11access_kindE1ELi8EEEvPKNSt11conditionalIXltsrT_10total_bitsLi8EEhNS2_5codecIS7_E12storage_typeEE4typeESE_mmmPd' for 'sm_90'
ptxas info    : Function properties for _ZN3aut17precision_packing4gemvINS_7storage10fp16_e5m10ELNS0_15arithmetic_kindE3ELNS0_11access_kindE1ELi8EEEvPKNSt11conditionalIXltsrT_10total_bitsLi8EEhNS2_5codecIS7_E12storage_typeEE4typeESE_mmmPd
    0 bytes stack frame, 0 bytes spill stores, 0 bytes spill loads
ptxas info    : Used 32 registers, used 1 barriers, 2048 bytes smem
ptxas info    : Compile time = 5.365 ms
ptxas info    : Compiling entry function '_ZN3aut17precision_packing4gemvINS_7storage10fp16_e5m10ELNS0_15arithmetic_kindE3ELNS0_11access_kindE2ELi4EEEvPKNSt11conditionalIXltsrT_10total_bitsLi8EEhNS2_5codecIS7_E12storage_typeEE4typeESE_mmmPd' for 'sm_90'
ptxas info    : Function properties for _ZN3aut17precision_packing4gemvINS_7storage10fp16_e5m10ELNS0_15arithmetic_kindE3ELNS0_11access_kindE2ELi4EEEvPKNSt11conditionalIXltsrT_10total_bitsLi8EEhNS2_5codecIS7_E12storage_typeEE4typeESE_mmmPd
    0 bytes stack frame, 0 bytes spill stores, 0 bytes spill loads
ptxas info    : Used 29 registers, used 1 barriers, 2048 bytes smem
ptxas info    : Compile time = 4.520 ms
ptxas info    : Compiling entry function '_ZN3aut17precision_packing4gemvINS_7storage10fp16_e5m10ELNS0_15arithmetic_kindE3ELNS0_11access_kindE1ELi4EEEvPKNSt11conditionalIXltsrT_10total_bitsLi8EEhNS2_5codecIS7_E12storage_typeEE4typeESE_mmmPd' for 'sm_90'
ptxas info    : Function properties for _ZN3aut17precision_packing4gemvINS_7storage10fp16_e5m10ELNS0_15arithmetic_kindE3ELNS0_11access_kindE1ELi4EEEvPKNSt11conditionalIXltsrT_10total_bitsLi8EEhNS2_5codecIS7_E12storage_typeEE4typeESE_mmmPd
    0 bytes stack frame, 0 bytes spill stores, 0 bytes spill loads
ptxas info    : Used 32 registers, used 1 barriers, 2048 bytes smem
ptxas info    : Compile time = 4.635 ms
ptxas info    : Compiling entry function '_ZN3aut17precision_packing4gemvINS_7storage10fp16_e5m10ELNS0_15arithmetic_kindE3ELNS0_11access_kindE2ELi2EEEvPKNSt11conditionalIXltsrT_10total_bitsLi8EEhNS2_5codecIS7_E12storage_typeEE4typeESE_mmmPd' for 'sm_90'
ptxas info    : Function properties for _ZN3aut17precision_packing4gemvINS_7storage10fp16_e5m10ELNS0_15arithmetic_kindE3ELNS0_11access_kindE2ELi2EEEvPKNSt11conditionalIXltsrT_10total_bitsLi8EEhNS2_5codecIS7_E12storage_typeEE4typeESE_mmmPd
    0 bytes stack frame, 0 bytes spill stores, 0 bytes spill loads
ptxas info    : Used 24 registers, used 1 barriers, 2048 bytes smem
ptxas info    : Compile time = 4.185 ms
ptxas info    : Compiling entry function '_ZN3aut17precision_packing4gemvINS_7storage10fp16_e5m10ELNS0_15arithmetic_kindE3ELNS0_11access_kindE1ELi2EEEvPKNSt11conditionalIXltsrT_10total_bitsLi8EEhNS2_5codecIS7_E12storage_typeEE4typeESE_mmmPd' for 'sm_90'
ptxas info    : Function properties for _ZN3aut17precision_packing4gemvINS_7storage10fp16_e5m10ELNS0_15arithmetic_kindE3ELNS0_11access_kindE1ELi2EEEvPKNSt11conditionalIXltsrT_10total_bitsLi8EEhNS2_5codecIS7_E12storage_typeEE4typeESE_mmmPd
    0 bytes stack frame, 0 bytes spill stores, 0 bytes spill loads
ptxas info    : Used 26 registers, used 1 barriers, 2048 bytes smem
ptxas info    : Compile time = 4.209 ms
ptxas info    : Compiling entry function '_ZN3aut17precision_packing4gemvINS_7storage10fp16_e5m10ELNS0_15arithmetic_kindE3ELNS0_11access_kindE0ELi1EEEvPKNSt11conditionalIXltsrT_10total_bitsLi8EEhNS2_5codecIS7_E12storage_typeEE4typeESE_mmmPd' for 'sm_90'
ptxas info    : Function properties for _ZN3aut17precision_packing4gemvINS_7storage10fp16_e5m10ELNS0_15arithmetic_kindE3ELNS0_11access_kindE0ELi1EEEvPKNSt11conditionalIXltsrT_10total_bitsLi8EEhNS2_5codecIS7_E12storage_typeEE4typeESE_mmmPd
    0 bytes stack frame, 0 bytes spill stores, 0 bytes spill loads
ptxas info    : Used 22 registers, used 1 barriers, 2048 bytes smem
ptxas info    : Compile time = 3.887 ms
ptxas info    : Compiling entry function '_ZN3aut17precision_packing4gemvINS_7storage10fp16_e5m10ELNS0_15arithmetic_kindE0ELNS0_11access_kindE2ELi8EEEvPKNSt11conditionalIXltsrT_10total_bitsLi8EEhNS2_5codecIS7_E12storage_typeEE4typeESE_mmmPd' for 'sm_90'
ptxas info    : Function properties for _ZN3aut17precision_packing4gemvINS_7storage10fp16_e5m10ELNS0_15arithmetic_kindE0ELNS0_11access_kindE2ELi8EEEvPKNSt11conditionalIXltsrT_10total_bitsLi8EEhNS2_5codecIS7_E12storage_typeEE4typeESE_mmmPd
    0 bytes stack frame, 0 bytes spill stores, 0 bytes spill loads
ptxas info    : Used 24 registers, used 1 barriers, 512 bytes smem
ptxas info    : Compile time = 4.884 ms
ptxas info    : Compiling entry function '_ZN3aut17precision_packing4gemvINS_7storage10fp16_e5m10ELNS0_15arithmetic_kindE0ELNS0_11access_kindE1ELi8EEEvPKNSt11conditionalIXltsrT_10total_bitsLi8EEhNS2_5codecIS7_E12storage_typeEE4typeESE_mmmPd' for 'sm_90'
ptxas info    : Function properties for _ZN3aut17precision_packing4gemvINS_7storage10fp16_e5m10ELNS0_15arithmetic_kindE0ELNS0_11access_kindE1ELi8EEEvPKNSt11conditionalIXltsrT_10total_bitsLi8EEhNS2_5codecIS7_E12storage_typeEE4typeESE_mmmPd
    0 bytes stack frame, 0 bytes spill stores, 0 bytes spill loads
ptxas info    : Used 32 registers, used 1 barriers, 512 bytes smem
ptxas info    : Compile time = 4.833 ms
ptxas info    : Compiling entry function '_ZN3aut17precision_packing4gemvINS_7storage10fp16_e5m10ELNS0_15arithmetic_kindE0ELNS0_11access_kindE2ELi4EEEvPKNSt11conditionalIXltsrT_10total_bitsLi8EEhNS2_5codecIS7_E12storage_typeEE4typeESE_mmmPd' for 'sm_90'
ptxas info    : Function properties for _ZN3aut17precision_packing4gemvINS_7storage10fp16_e5m10ELNS0_15arithmetic_kindE0ELNS0_11access_kindE2ELi4EEEvPKNSt11conditionalIXltsrT_10total_bitsLi8EEhNS2_5codecIS7_E12storage_typeEE4typeESE_mmmPd
    0 bytes stack frame, 0 bytes spill stores, 0 bytes spill loads
ptxas info    : Used 22 registers, used 1 barriers, 512 bytes smem
ptxas info    : Compile time = 4.532 ms
ptxas info    : Compiling entry function '_ZN3aut17precision_packing4gemvINS_7storage10fp16_e5m10ELNS0_15arithmetic_kindE0ELNS0_11access_kindE1ELi4EEEvPKNSt11conditionalIXltsrT_10total_bitsLi8EEhNS2_5codecIS7_E12storage_typeEE4typeESE_mmmPd' for 'sm_90'
ptxas info    : Function properties for _ZN3aut17precision_packing4gemvINS_7storage10fp16_e5m10ELNS0_15arithmetic_kindE0ELNS0_11access_kindE1ELi4EEEvPKNSt11conditionalIXltsrT_10total_bitsLi8EEhNS2_5codecIS7_E12storage_typeEE4typeESE_mmmPd
    0 bytes stack frame, 0 bytes spill stores, 0 bytes spill loads
ptxas info    : Used 23 registers, used 1 barriers, 512 bytes smem
ptxas info    : Compile time = 4.446 ms
ptxas info    : Compiling entry function '_ZN3aut17precision_packing4gemvINS_7storage10fp16_e5m10ELNS0_15arithmetic_kindE0ELNS0_11access_kindE2ELi2EEEvPKNSt11conditionalIXltsrT_10total_bitsLi8EEhNS2_5codecIS7_E12storage_typeEE4typeESE_mmmPd' for 'sm_90'
ptxas info    : Function properties for _ZN3aut17precision_packing4gemvINS_7storage10fp16_e5m10ELNS0_15arithmetic_kindE0ELNS0_11access_kindE2ELi2EEEvPKNSt11conditionalIXltsrT_10total_bitsLi8EEhNS2_5codecIS7_E12storage_typeEE4typeESE_mmmPd
    0 bytes stack frame, 0 bytes spill stores, 0 bytes spill loads
ptxas info    : Used 17 registers, used 1 barriers, 512 bytes smem
ptxas info    : Compile time = 4.321 ms
ptxas info    : Compiling entry function '_ZN3aut17precision_packing4gemvINS_7storage10fp16_e5m10ELNS0_15arithmetic_kindE0ELNS0_11access_kindE1ELi2EEEvPKNSt11conditionalIXltsrT_10total_bitsLi8EEhNS2_5codecIS7_E12storage_typeEE4typeESE_mmmPd' for 'sm_90'
ptxas info    : Function properties for _ZN3aut17precision_packing4gemvINS_7storage10fp16_e5m10ELNS0_15arithmetic_kindE0ELNS0_11access_kindE1ELi2EEEvPKNSt11conditionalIXltsrT_10total_bitsLi8EEhNS2_5codecIS7_E12storage_typeEE4typeESE_mmmPd
    0 bytes stack frame, 0 bytes spill stores, 0 bytes spill loads
ptxas info    : Used 18 registers, used 1 barriers, 512 bytes smem
ptxas info    : Compile time = 4.182 ms
ptxas info    : Compiling entry function '_ZN3aut17precision_packing4gemvINS_7storage10fp16_e5m10ELNS0_15arithmetic_kindE0ELNS0_11access_kindE0ELi1EEEvPKNSt11conditionalIXltsrT_10total_bitsLi8EEhNS2_5codecIS7_E12storage_typeEE4typeESE_mmmPd' for 'sm_90'
ptxas info    : Function properties for _ZN3aut17precision_packing4gemvINS_7storage10fp16_e5m10ELNS0_15arithmetic_kindE0ELNS0_11access_kindE0ELi1EEEvPKNSt11conditionalIXltsrT_10total_bitsLi8EEhNS2_5codecIS7_E12storage_typeEE4typeESE_mmmPd
    0 bytes stack frame, 0 bytes spill stores, 0 bytes spill loads
ptxas info    : Used 18 registers, used 1 barriers, 512 bytes smem
ptxas info    : Compile time = 3.835 ms
ptxas info    : Compiling entry function '_ZN3aut17precision_packing25packed_arithmetic_dot_mapINS_7storage10fp16_e5m10ELi8EEEvPKNSt11conditionalIXltsrT_10total_bitsLi8EEhNS2_5codecIS5_E12storage_typeEE4typeESC_mPS8_' for 'sm_90'
ptxas info    : Function properties for _ZN3aut17precision_packing25packed_arithmetic_dot_mapINS_7storage10fp16_e5m10ELi8EEEvPKNSt11conditionalIXltsrT_10total_bitsLi8EEhNS2_5codecIS5_E12storage_typeEE4typeESC_mPS8_
    0 bytes stack frame, 0 bytes spill stores, 0 bytes spill loads
ptxas info    : Used 26 registers, used 1 barriers, 512 bytes smem
ptxas info    : Compile time = 3.505 ms
ptxas info    : Compiling entry function '_ZN3aut17precision_packing25packed_arithmetic_dot_mapINS_7storage10fp16_e5m10ELi4EEEvPKNSt11conditionalIXltsrT_10total_bitsLi8EEhNS2_5codecIS5_E12storage_typeEE4typeESC_mPS8_' for 'sm_90'
ptxas info    : Function properties for _ZN3aut17precision_packing25packed_arithmetic_dot_mapINS_7storage10fp16_e5m10ELi4EEEvPKNSt11conditionalIXltsrT_10total_bitsLi8EEhNS2_5codecIS5_E12storage_typeEE4typeESC_mPS8_
    0 bytes stack frame, 0 bytes spill stores, 0 bytes spill loads
ptxas info    : Used 20 registers, used 1 barriers, 512 bytes smem
ptxas info    : Compile time = 3.402 ms
ptxas info    : Compiling entry function '_ZN3aut17precision_packing25packed_arithmetic_dot_mapINS_7storage10fp16_e5m10ELi2EEEvPKNSt11conditionalIXltsrT_10total_bitsLi8EEhNS2_5codecIS5_E12storage_typeEE4typeESC_mPS8_' for 'sm_90'
ptxas info    : Function properties for _ZN3aut17precision_packing25packed_arithmetic_dot_mapINS_7storage10fp16_e5m10ELi2EEEvPKNSt11conditionalIXltsrT_10total_bitsLi8EEhNS2_5codecIS5_E12storage_typeEE4typeESC_mPS8_
    0 bytes stack frame, 0 bytes spill stores, 0 bytes spill loads
ptxas info    : Used 15 registers, used 1 barriers, 512 bytes smem
ptxas info    : Compile time = 3.213 ms
ptxas info    : Compiling entry function '_ZN3aut17precision_packing7dot_mapINS_7storage10fp16_e5m10ELNS0_15arithmetic_kindE3ELNS0_11access_kindE2ELi8EEEvPKNSt11conditionalIXltsrT_10total_bitsLi8EEhNS2_5codecIS7_E12storage_typeEE4typeESE_mPNS0_10arithmeticIXT0_EE4typeE' for 'sm_90'
ptxas info    : Function properties for _ZN3aut17precision_packing7dot_mapINS_7storage10fp16_e5m10ELNS0_15arithmetic_kindE3ELNS0_11access_kindE2ELi8EEEvPKNSt11conditionalIXltsrT_10total_bitsLi8EEhNS2_5codecIS7_E12storage_typeEE4typeESE_mPNS0_10arithmeticIXT0_EE4typeE
    0 bytes stack frame, 0 bytes spill stores, 0 bytes spill loads
ptxas info    : Used 40 registers, used 1 barriers, 2048 bytes smem
ptxas info    : Compile time = 4.923 ms
ptxas info    : Compiling entry function '_ZN3aut17precision_packing7dot_mapINS_7storage10fp16_e5m10ELNS0_15arithmetic_kindE3ELNS0_11access_kindE1ELi8EEEvPKNSt11conditionalIXltsrT_10total_bitsLi8EEhNS2_5codecIS7_E12storage_typeEE4typeESE_mPNS0_10arithmeticIXT0_EE4typeE' for 'sm_90'
ptxas info    : Function properties for _ZN3aut17precision_packing7dot_mapINS_7storage10fp16_e5m10ELNS0_15arithmetic_kindE3ELNS0_11access_kindE1ELi8EEEvPKNSt11conditionalIXltsrT_10total_bitsLi8EEhNS2_5codecIS7_E12storage_typeEE4typeESE_mPNS0_10arithmeticIXT0_EE4typeE
    0 bytes stack frame, 0 bytes spill stores, 0 bytes spill loads
ptxas info    : Used 40 registers, used 1 barriers, 2048 bytes smem
ptxas info    : Compile time = 5.456 ms
ptxas info    : Compiling entry function '_ZN3aut17precision_packing7dot_mapINS_7storage10fp16_e5m10ELNS0_15arithmetic_kindE3ELNS0_11access_kindE2ELi4EEEvPKNSt11conditionalIXltsrT_10total_bitsLi8EEhNS2_5codecIS7_E12storage_typeEE4typeESE_mPNS0_10arithmeticIXT0_EE4typeE' for 'sm_90'
ptxas info    : Function properties for _ZN3aut17precision_packing7dot_mapINS_7storage10fp16_e5m10ELNS0_15arithmetic_kindE3ELNS0_11access_kindE2ELi4EEEvPKNSt11conditionalIXltsrT_10total_bitsLi8EEhNS2_5codecIS7_E12storage_typeEE4typeESE_mPNS0_10arithmeticIXT0_EE4typeE
    0 bytes stack frame, 0 bytes spill stores, 0 bytes spill loads
ptxas info    : Used 31 registers, used 1 barriers, 2048 bytes smem
ptxas info    : Compile time = 4.337 ms
ptxas info    : Compiling entry function '_ZN3aut17precision_packing7dot_mapINS_7storage10fp16_e5m10ELNS0_15arithmetic_kindE3ELNS0_11access_kindE1ELi4EEEvPKNSt11conditionalIXltsrT_10total_bitsLi8EEhNS2_5codecIS7_E12storage_typeEE4typeESE_mPNS0_10arithmeticIXT0_EE4typeE' for 'sm_90'
ptxas info    : Function properties for _ZN3aut17precision_packing7dot_mapINS_7storage10fp16_e5m10ELNS0_15arithmetic_kindE3ELNS0_11access_kindE1ELi4EEEvPKNSt11conditionalIXltsrT_10total_bitsLi8EEhNS2_5codecIS7_E12storage_typeEE4typeESE_mPNS0_10arithmeticIXT0_EE4typeE
    0 bytes stack frame, 0 bytes spill stores, 0 bytes spill loads
ptxas info    : Used 32 registers, used 1 barriers, 2048 bytes smem
ptxas info    : Compile time = 4.457 ms
ptxas info    : Compiling entry function '_ZN3aut17precision_packing7dot_mapINS_7storage10fp16_e5m10ELNS0_15arithmetic_kindE3ELNS0_11access_kindE2ELi2EEEvPKNSt11conditionalIXltsrT_10total_bitsLi8EEhNS2_5codecIS7_E12storage_typeEE4typeESE_mPNS0_10arithmeticIXT0_EE4typeE' for 'sm_90'
ptxas info    : Function properties for _ZN3aut17precision_packing7dot_mapINS_7storage10fp16_e5m10ELNS0_15arithmetic_kindE3ELNS0_11access_kindE2ELi2EEEvPKNSt11conditionalIXltsrT_10total_bitsLi8EEhNS2_5codecIS7_E12storage_typeEE4typeESE_mPNS0_10arithmeticIXT0_EE4typeE
    0 bytes stack frame, 0 bytes spill stores, 0 bytes spill loads
ptxas info    : Used 28 registers, used 1 barriers, 2048 bytes smem
ptxas info    : Compile time = 3.952 ms
ptxas info    : Compiling entry function '_ZN3aut17precision_packing7dot_mapINS_7storage10fp16_e5m10ELNS0_15arithmetic_kindE3ELNS0_11access_kindE1ELi2EEEvPKNSt11conditionalIXltsrT_10total_bitsLi8EEhNS2_5codecIS7_E12storage_typeEE4typeESE_mPNS0_10arithmeticIXT0_EE4typeE' for 'sm_90'
ptxas info    : Function properties for _ZN3aut17precision_packing7dot_mapINS_7storage10fp16_e5m10ELNS0_15arithmetic_kindE3ELNS0_11access_kindE1ELi2EEEvPKNSt11conditionalIXltsrT_10total_bitsLi8EEhNS2_5codecIS7_E12storage_typeEE4typeESE_mPNS0_10arithmeticIXT0_EE4typeE
    0 bytes stack frame, 0 bytes spill stores, 0 bytes spill loads
ptxas info    : Used 28 registers, used 1 barriers, 2048 bytes smem
ptxas info    : Compile time = 3.980 ms
ptxas info    : Compiling entry function '_ZN3aut17precision_packing12dot_finalizeILNS0_15arithmetic_kindE3EEEvPKNS0_10arithmeticIXT_EE4typeEmPd' for 'sm_90'
ptxas info    : Function properties for _ZN3aut17precision_packing12dot_finalizeILNS0_15arithmetic_kindE3EEEvPKNS0_10arithmeticIXT_EE4typeEmPd
    0 bytes stack frame, 0 bytes spill stores, 0 bytes spill loads
ptxas info    : Used 14 registers, used 1 barriers, 2048 bytes smem
ptxas info    : Compile time = 2.597 ms
ptxas info    : Compiling entry function '_ZN3aut17precision_packing7dot_mapINS_7storage10fp16_e5m10ELNS0_15arithmetic_kindE3ELNS0_11access_kindE0ELi1EEEvPKNSt11conditionalIXltsrT_10total_bitsLi8EEhNS2_5codecIS7_E12storage_typeEE4typeESE_mPNS0_10arithmeticIXT0_EE4typeE' for 'sm_90'
ptxas info    : Function properties for _ZN3aut17precision_packing7dot_mapINS_7storage10fp16_e5m10ELNS0_15arithmetic_kindE3ELNS0_11access_kindE0ELi1EEEvPKNSt11conditionalIXltsrT_10total_bitsLi8EEhNS2_5codecIS7_E12storage_typeEE4typeESE_mPNS0_10arithmeticIXT0_EE4typeE
    0 bytes stack frame, 0 bytes spill stores, 0 bytes spill loads
ptxas info    : Used 22 registers, used 1 barriers, 2048 bytes smem
ptxas info    : Compile time = 3.700 ms
ptxas info    : Compiling entry function '_ZN3aut17precision_packing7dot_mapINS_7storage10fp16_e5m10ELNS0_15arithmetic_kindE0ELNS0_11access_kindE2ELi8EEEvPKNSt11conditionalIXltsrT_10total_bitsLi8EEhNS2_5codecIS7_E12storage_typeEE4typeESE_mPNS0_10arithmeticIXT0_EE4typeE' for 'sm_90'
ptxas info    : Function properties for _ZN3aut17precision_packing7dot_mapINS_7storage10fp16_e5m10ELNS0_15arithmetic_kindE0ELNS0_11access_kindE2ELi8EEEvPKNSt11conditionalIXltsrT_10total_bitsLi8EEhNS2_5codecIS7_E12storage_typeEE4typeESE_mPNS0_10arithmeticIXT0_EE4typeE
    0 bytes stack frame, 0 bytes spill stores, 0 bytes spill loads
ptxas info    : Used 24 registers, used 1 barriers, 512 bytes smem
ptxas info    : Compile time = 4.514 ms
ptxas info    : Compiling entry function '_ZN3aut17precision_packing7dot_mapINS_7storage10fp16_e5m10ELNS0_15arithmetic_kindE0ELNS0_11access_kindE1ELi8EEEvPKNSt11conditionalIXltsrT_10total_bitsLi8EEhNS2_5codecIS7_E12storage_typeEE4typeESE_mPNS0_10arithmeticIXT0_EE4typeE' for 'sm_90'
ptxas info    : Function properties for _ZN3aut17precision_packing7dot_mapINS_7storage10fp16_e5m10ELNS0_15arithmetic_kindE0ELNS0_11access_kindE1ELi8EEEvPKNSt11conditionalIXltsrT_10total_bitsLi8EEhNS2_5codecIS7_E12storage_typeEE4typeESE_mPNS0_10arithmeticIXT0_EE4typeE
    0 bytes stack frame, 0 bytes spill stores, 0 bytes spill loads
ptxas info    : Used 29 registers, used 1 barriers, 512 bytes smem
ptxas info    : Compile time = 4.500 ms
ptxas info    : Compiling entry function '_ZN3aut17precision_packing7dot_mapINS_7storage10fp16_e5m10ELNS0_15arithmetic_kindE0ELNS0_11access_kindE2ELi4EEEvPKNSt11conditionalIXltsrT_10total_bitsLi8EEhNS2_5codecIS7_E12storage_typeEE4typeESE_mPNS0_10arithmeticIXT0_EE4typeE' for 'sm_90'
ptxas info    : Function properties for _ZN3aut17precision_packing7dot_mapINS_7storage10fp16_e5m10ELNS0_15arithmetic_kindE0ELNS0_11access_kindE2ELi4EEEvPKNSt11conditionalIXltsrT_10total_bitsLi8EEhNS2_5codecIS7_E12storage_typeEE4typeESE_mPNS0_10arithmeticIXT0_EE4typeE
    0 bytes stack frame, 0 bytes spill stores, 0 bytes spill loads
ptxas info    : Used 26 registers, used 1 barriers, 512 bytes smem
ptxas info    : Compile time = 4.127 ms
ptxas info    : Compiling entry function '_ZN3aut17precision_packing7dot_mapINS_7storage10fp16_e5m10ELNS0_15arithmetic_kindE0ELNS0_11access_kindE1ELi4EEEvPKNSt11conditionalIXltsrT_10total_bitsLi8EEhNS2_5codecIS7_E12storage_typeEE4typeESE_mPNS0_10arithmeticIXT0_EE4typeE' for 'sm_90'
ptxas info    : Function properties for _ZN3aut17precision_packing7dot_mapINS_7storage10fp16_e5m10ELNS0_15arithmetic_kindE0ELNS0_11access_kindE1ELi4EEEvPKNSt11conditionalIXltsrT_10total_bitsLi8EEhNS2_5codecIS7_E12storage_typeEE4typeESE_mPNS0_10arithmeticIXT0_EE4typeE
    0 bytes stack frame, 0 bytes spill stores, 0 bytes spill loads
ptxas info    : Used 26 registers, used 1 barriers, 512 bytes smem
ptxas info    : Compile time = 3.937 ms
ptxas info    : Compiling entry function '_ZN3aut17precision_packing7dot_mapINS_7storage10fp16_e5m10ELNS0_15arithmetic_kindE0ELNS0_11access_kindE2ELi2EEEvPKNSt11conditionalIXltsrT_10total_bitsLi8EEhNS2_5codecIS7_E12storage_typeEE4typeESE_mPNS0_10arithmeticIXT0_EE4typeE' for 'sm_90'
ptxas info    : Function properties for _ZN3aut17precision_packing7dot_mapINS_7storage10fp16_e5m10ELNS0_15arithmetic_kindE0ELNS0_11access_kindE2ELi2EEEvPKNSt11conditionalIXltsrT_10total_bitsLi8EEhNS2_5codecIS7_E12storage_typeEE4typeESE_mPNS0_10arithmeticIXT0_EE4typeE
    0 bytes stack frame, 0 bytes spill stores, 0 bytes spill loads
ptxas info    : Used 22 registers, used 1 barriers, 512 bytes smem
ptxas info    : Compile time = 3.986 ms
ptxas info    : Compiling entry function '_ZN3aut17precision_packing7dot_mapINS_7storage10fp16_e5m10ELNS0_15arithmetic_kindE0ELNS0_11access_kindE1ELi2EEEvPKNSt11conditionalIXltsrT_10total_bitsLi8EEhNS2_5codecIS7_E12storage_typeEE4typeESE_mPNS0_10arithmeticIXT0_EE4typeE' for 'sm_90'
ptxas info    : Function properties for _ZN3aut17precision_packing7dot_mapINS_7storage10fp16_e5m10ELNS0_15arithmetic_kindE0ELNS0_11access_kindE1ELi2EEEvPKNSt11conditionalIXltsrT_10total_bitsLi8EEhNS2_5codecIS7_E12storage_typeEE4typeESE_mPNS0_10arithmeticIXT0_EE4typeE
    0 bytes stack frame, 0 bytes spill stores, 0 bytes spill loads
ptxas info    : Used 22 registers, used 1 barriers, 512 bytes smem
ptxas info    : Compile time = 3.862 ms
ptxas info    : Compiling entry function '_ZN3aut17precision_packing12dot_finalizeILNS0_15arithmetic_kindE0EEEvPKNS0_10arithmeticIXT_EE4typeEmPd' for 'sm_90'
ptxas info    : Function properties for _ZN3aut17precision_packing12dot_finalizeILNS0_15arithmetic_kindE0EEEvPKNS0_10arithmeticIXT_EE4typeEmPd
    0 bytes stack frame, 0 bytes spill stores, 0 bytes spill loads
ptxas info    : Used 14 registers, used 1 barriers, 2048 bytes smem
ptxas info    : Compile time = 2.663 ms
ptxas info    : Compiling entry function '_ZN3aut17precision_packing7dot_mapINS_7storage10fp16_e5m10ELNS0_15arithmetic_kindE0ELNS0_11access_kindE0ELi1EEEvPKNSt11conditionalIXltsrT_10total_bitsLi8EEhNS2_5codecIS7_E12storage_typeEE4typeESE_mPNS0_10arithmeticIXT0_EE4typeE' for 'sm_90'
ptxas info    : Function properties for _ZN3aut17precision_packing7dot_mapINS_7storage10fp16_e5m10ELNS0_15arithmetic_kindE0ELNS0_11access_kindE0ELi1EEEvPKNSt11conditionalIXltsrT_10total_bitsLi8EEhNS2_5codecIS7_E12storage_typeEE4typeESE_mPNS0_10arithmeticIXT0_EE4typeE
    0 bytes stack frame, 0 bytes spill stores, 0 bytes spill loads
ptxas info    : Used 18 registers, used 1 barriers, 512 bytes smem
ptxas info    : Compile time = 3.567 ms
ptxas info    : Compiling entry function '_ZN3aut17precision_packing13encode_valuesINS_7storage10fp16_e5m10EEEvPKdPNSt11conditionalIXltsrT_10total_bitsLi8EEhNS2_5codecIS7_E12storage_typeEE4typeEm' for 'sm_90'
ptxas info    : Function properties for _ZN3aut17precision_packing13encode_valuesINS_7storage10fp16_e5m10EEEvPKdPNSt11conditionalIXltsrT_10total_bitsLi8EEhNS2_5codecIS7_E12storage_typeEE4typeEm
    0 bytes stack frame, 0 bytes spill stores, 0 bytes spill loads
ptxas info    : Used 14 registers, used 0 barriers
ptxas info    : Compile time = 1.437 ms
[100%] Linking CUDA executable bin/precision_packing_bench_fp16
[100%] Built target precision_packing_bench_fp16
Building precision_packing_bench_bf16
[ 50%] Building CUDA object CMakeFiles/precision_packing_bench_bf16.dir/src/precision_packing_bench.cu.o
ptxas info    : 29 bytes gmem
ptxas info    : Compiling entry function '_ZN3aut17precision_packing16arithmetic_chainILNS0_15arithmetic_kindE3ELi8EEEviPd' for 'sm_90'
ptxas info    : Function properties for _ZN3aut17precision_packing16arithmetic_chainILNS0_15arithmetic_kindE3ELi8EEEviPd
    0 bytes stack frame, 0 bytes spill stores, 0 bytes spill loads
ptxas info    : Used 26 registers, used 0 barriers
ptxas info    : Compile time = 3.093 ms
ptxas info    : Compiling entry function '_ZN3aut17precision_packing16arithmetic_chainILNS0_15arithmetic_kindE3ELi4EEEviPd' for 'sm_90'
ptxas info    : Function properties for _ZN3aut17precision_packing16arithmetic_chainILNS0_15arithmetic_kindE3ELi4EEEviPd
    0 bytes stack frame, 0 bytes spill stores, 0 bytes spill loads
ptxas info    : Used 18 registers, used 0 barriers
ptxas info    : Compile time = 1.710 ms
ptxas info    : Compiling entry function '_ZN3aut17precision_packing16arithmetic_chainILNS0_15arithmetic_kindE3ELi2EEEviPd' for 'sm_90'
ptxas info    : Function properties for _ZN3aut17precision_packing16arithmetic_chainILNS0_15arithmetic_kindE3ELi2EEEviPd
    0 bytes stack frame, 0 bytes spill stores, 0 bytes spill loads
ptxas info    : Used 14 registers, used 0 barriers
ptxas info    : Compile time = 1.384 ms
ptxas info    : Compiling entry function '_ZN3aut17precision_packing16arithmetic_chainILNS0_15arithmetic_kindE3ELi1EEEviPd' for 'sm_90'
ptxas info    : Function properties for _ZN3aut17precision_packing16arithmetic_chainILNS0_15arithmetic_kindE3ELi1EEEviPd
    0 bytes stack frame, 0 bytes spill stores, 0 bytes spill loads
ptxas info    : Used 12 registers, used 0 barriers
ptxas info    : Compile time = 1.269 ms
ptxas info    : Compiling entry function '_ZN3aut17precision_packing15register_decodeINS_7storage9bf16_e8m7ELNS0_15arithmetic_kindE3ELi8EEEvPKNSt11conditionalIXltsrT_10total_bitsLi8EEhNS2_5codecIS6_E12storage_typeEE4typeEmiPd' for 'sm_90'
ptxas info    : Function properties for _ZN3aut17precision_packing15register_decodeINS_7storage9bf16_e8m7ELNS0_15arithmetic_kindE3ELi8EEEvPKNSt11conditionalIXltsrT_10total_bitsLi8EEhNS2_5codecIS6_E12storage_typeEE4typeEmiPd
    0 bytes stack frame, 0 bytes spill stores, 0 bytes spill loads
ptxas info    : Used 40 registers, used 0 barriers
ptxas info    : Compile time = 5.104 ms
ptxas info    : Compiling entry function '_ZN3aut17precision_packing15register_decodeINS_7storage9bf16_e8m7ELNS0_15arithmetic_kindE3ELi4EEEvPKNSt11conditionalIXltsrT_10total_bitsLi8EEhNS2_5codecIS6_E12storage_typeEE4typeEmiPd' for 'sm_90'
ptxas info    : Function properties for _ZN3aut17precision_packing15register_decodeINS_7storage9bf16_e8m7ELNS0_15arithmetic_kindE3ELi4EEEvPKNSt11conditionalIXltsrT_10total_bitsLi8EEhNS2_5codecIS6_E12storage_typeEE4typeEmiPd
    0 bytes stack frame, 0 bytes spill stores, 0 bytes spill loads
ptxas info    : Used 25 registers, used 0 barriers
ptxas info    : Compile time = 4.430 ms
ptxas info    : Compiling entry function '_ZN3aut17precision_packing15register_decodeINS_7storage9bf16_e8m7ELNS0_15arithmetic_kindE3ELi2EEEvPKNSt11conditionalIXltsrT_10total_bitsLi8EEhNS2_5codecIS6_E12storage_typeEE4typeEmiPd' for 'sm_90'
ptxas info    : Function properties for _ZN3aut17precision_packing15register_decodeINS_7storage9bf16_e8m7ELNS0_15arithmetic_kindE3ELi2EEEvPKNSt11conditionalIXltsrT_10total_bitsLi8EEhNS2_5codecIS6_E12storage_typeEE4typeEmiPd
    0 bytes stack frame, 0 bytes spill stores, 0 bytes spill loads
ptxas info    : Used 20 registers, used 0 barriers
ptxas info    : Compile time = 4.167 ms
ptxas info    : Compiling entry function '_ZN3aut17precision_packing15register_decodeINS_7storage9bf16_e8m7ELNS0_15arithmetic_kindE3ELi1EEEvPKNSt11conditionalIXltsrT_10total_bitsLi8EEhNS2_5codecIS6_E12storage_typeEE4typeEmiPd' for 'sm_90'
ptxas info    : Function properties for _ZN3aut17precision_packing15register_decodeINS_7storage9bf16_e8m7ELNS0_15arithmetic_kindE3ELi1EEEvPKNSt11conditionalIXltsrT_10total_bitsLi8EEhNS2_5codecIS6_E12storage_typeEE4typeEmiPd
    0 bytes stack frame, 0 bytes spill stores, 0 bytes spill loads
ptxas info    : Used 18 registers, used 0 barriers
ptxas info    : Compile time = 4.070 ms
ptxas info    : Compiling entry function '_ZN3aut17precision_packing13stream_decodeINS_7storage9bf16_e8m7ELNS0_15arithmetic_kindE3ELNS0_11access_kindE2ELi8EEEvPKNSt11conditionalIXltsrT_10total_bitsLi8EEhNS2_5codecIS7_E12storage_typeEE4typeEmPd' for 'sm_90'
ptxas info    : Function properties for _ZN3aut17precision_packing13stream_decodeINS_7storage9bf16_e8m7ELNS0_15arithmetic_kindE3ELNS0_11access_kindE2ELi8EEEvPKNSt11conditionalIXltsrT_10total_bitsLi8EEhNS2_5codecIS7_E12storage_typeEE4typeEmPd
    0 bytes stack frame, 0 bytes spill stores, 0 bytes spill loads
ptxas info    : Used 32 registers, used 1 barriers, 2048 bytes smem
ptxas info    : Compile time = 4.278 ms
ptxas info    : Compiling entry function '_ZN3aut17precision_packing13stream_decodeINS_7storage9bf16_e8m7ELNS0_15arithmetic_kindE3ELNS0_11access_kindE1ELi8EEEvPKNSt11conditionalIXltsrT_10total_bitsLi8EEhNS2_5codecIS7_E12storage_typeEE4typeEmPd' for 'sm_90'
ptxas info    : Function properties for _ZN3aut17precision_packing13stream_decodeINS_7storage9bf16_e8m7ELNS0_15arithmetic_kindE3ELNS0_11access_kindE1ELi8EEEvPKNSt11conditionalIXltsrT_10total_bitsLi8EEhNS2_5codecIS7_E12storage_typeEE4typeEmPd
    0 bytes stack frame, 0 bytes spill stores, 0 bytes spill loads
ptxas info    : Used 32 registers, used 1 barriers, 2048 bytes smem
ptxas info    : Compile time = 4.323 ms
ptxas info    : Compiling entry function '_ZN3aut17precision_packing13stream_decodeINS_7storage9bf16_e8m7ELNS0_15arithmetic_kindE3ELNS0_11access_kindE2ELi4EEEvPKNSt11conditionalIXltsrT_10total_bitsLi8EEhNS2_5codecIS7_E12storage_typeEE4typeEmPd' for 'sm_90'
ptxas info    : Function properties for _ZN3aut17precision_packing13stream_decodeINS_7storage9bf16_e8m7ELNS0_15arithmetic_kindE3ELNS0_11access_kindE2ELi4EEEvPKNSt11conditionalIXltsrT_10total_bitsLi8EEhNS2_5codecIS7_E12storage_typeEE4typeEmPd
    0 bytes stack frame, 0 bytes spill stores, 0 bytes spill loads
ptxas info    : Used 32 registers, used 1 barriers, 2048 bytes smem
ptxas info    : Compile time = 3.741 ms
ptxas info    : Compiling entry function '_ZN3aut17precision_packing13stream_decodeINS_7storage9bf16_e8m7ELNS0_15arithmetic_kindE3ELNS0_11access_kindE1ELi4EEEvPKNSt11conditionalIXltsrT_10total_bitsLi8EEhNS2_5codecIS7_E12storage_typeEE4typeEmPd' for 'sm_90'
ptxas info    : Function properties for _ZN3aut17precision_packing13stream_decodeINS_7storage9bf16_e8m7ELNS0_15arithmetic_kindE3ELNS0_11access_kindE1ELi4EEEvPKNSt11conditionalIXltsrT_10total_bitsLi8EEhNS2_5codecIS7_E12storage_typeEE4typeEmPd
    0 bytes stack frame, 0 bytes spill stores, 0 bytes spill loads
ptxas info    : Used 32 registers, used 1 barriers, 2048 bytes smem
ptxas info    : Compile time = 3.748 ms
ptxas info    : Compiling entry function '_ZN3aut17precision_packing13stream_decodeINS_7storage9bf16_e8m7ELNS0_15arithmetic_kindE3ELNS0_11access_kindE2ELi2EEEvPKNSt11conditionalIXltsrT_10total_bitsLi8EEhNS2_5codecIS7_E12storage_typeEE4typeEmPd' for 'sm_90'
ptxas info    : Function properties for _ZN3aut17precision_packing13stream_decodeINS_7storage9bf16_e8m7ELNS0_15arithmetic_kindE3ELNS0_11access_kindE2ELi2EEEvPKNSt11conditionalIXltsrT_10total_bitsLi8EEhNS2_5codecIS7_E12storage_typeEE4typeEmPd
    0 bytes stack frame, 0 bytes spill stores, 0 bytes spill loads
ptxas info    : Used 24 registers, used 1 barriers, 2048 bytes smem
ptxas info    : Compile time = 3.533 ms
ptxas info    : Compiling entry function '_ZN3aut17precision_packing13stream_decodeINS_7storage9bf16_e8m7ELNS0_15arithmetic_kindE3ELNS0_11access_kindE1ELi2EEEvPKNSt11conditionalIXltsrT_10total_bitsLi8EEhNS2_5codecIS7_E12storage_typeEE4typeEmPd' for 'sm_90'
ptxas info    : Function properties for _ZN3aut17precision_packing13stream_decodeINS_7storage9bf16_e8m7ELNS0_15arithmetic_kindE3ELNS0_11access_kindE1ELi2EEEvPKNSt11conditionalIXltsrT_10total_bitsLi8EEhNS2_5codecIS7_E12storage_typeEE4typeEmPd
    0 bytes stack frame, 0 bytes spill stores, 0 bytes spill loads
ptxas info    : Used 24 registers, used 1 barriers, 2048 bytes smem
ptxas info    : Compile time = 3.522 ms
ptxas info    : Compiling entry function '_ZN3aut17precision_packing13stream_decodeINS_7storage9bf16_e8m7ELNS0_15arithmetic_kindE3ELNS0_11access_kindE0ELi1EEEvPKNSt11conditionalIXltsrT_10total_bitsLi8EEhNS2_5codecIS7_E12storage_typeEE4typeEmPd' for 'sm_90'
ptxas info    : Function properties for _ZN3aut17precision_packing13stream_decodeINS_7storage9bf16_e8m7ELNS0_15arithmetic_kindE3ELNS0_11access_kindE0ELi1EEEvPKNSt11conditionalIXltsrT_10total_bitsLi8EEhNS2_5codecIS7_E12storage_typeEE4typeEmPd
    0 bytes stack frame, 0 bytes spill stores, 0 bytes spill loads
ptxas info    : Used 18 registers, used 1 barriers, 2048 bytes smem
ptxas info    : Compile time = 3.313 ms
ptxas info    : Compiling entry function '_ZN3aut17precision_packing16arithmetic_chainILNS0_15arithmetic_kindE1ELi8EEEviPd' for 'sm_90'
ptxas info    : Function properties for _ZN3aut17precision_packing16arithmetic_chainILNS0_15arithmetic_kindE1ELi8EEEviPd
    0 bytes stack frame, 0 bytes spill stores, 0 bytes spill loads
ptxas info    : Used 13 registers, used 0 barriers
ptxas info    : Compile time = 1.847 ms
ptxas info    : Compiling entry function '_ZN3aut17precision_packing16arithmetic_chainILNS0_15arithmetic_kindE1ELi4EEEviPd' for 'sm_90'
ptxas info    : Function properties for _ZN3aut17precision_packing16arithmetic_chainILNS0_15arithmetic_kindE1ELi4EEEviPd
    0 bytes stack frame, 0 bytes spill stores, 0 bytes spill loads
ptxas info    : Used 11 registers, used 0 barriers
ptxas info    : Compile time = 1.517 ms
ptxas info    : Compiling entry function '_ZN3aut17precision_packing16arithmetic_chainILNS0_15arithmetic_kindE1ELi2EEEviPd' for 'sm_90'
ptxas info    : Function properties for _ZN3aut17precision_packing16arithmetic_chainILNS0_15arithmetic_kindE1ELi2EEEviPd
    0 bytes stack frame, 0 bytes spill stores, 0 bytes spill loads
ptxas info    : Used 10 registers, used 0 barriers
ptxas info    : Compile time = 1.365 ms
ptxas info    : Compiling entry function '_ZN3aut17precision_packing16arithmetic_chainILNS0_15arithmetic_kindE1ELi1EEEviPd' for 'sm_90'
ptxas info    : Function properties for _ZN3aut17precision_packing16arithmetic_chainILNS0_15arithmetic_kindE1ELi1EEEviPd
    0 bytes stack frame, 0 bytes spill stores, 0 bytes spill loads
ptxas info    : Used 10 registers, used 0 barriers
ptxas info    : Compile time = 1.310 ms
ptxas info    : Compiling entry function '_ZN3aut17precision_packing15register_decodeINS_7storage9bf16_e8m7ELNS0_15arithmetic_kindE1ELi8EEEvPKNSt11conditionalIXltsrT_10total_bitsLi8EEhNS2_5codecIS6_E12storage_typeEE4typeEmiPd' for 'sm_90'
ptxas info    : Function properties for _ZN3aut17precision_packing15register_decodeINS_7storage9bf16_e8m7ELNS0_15arithmetic_kindE1ELi8EEEvPKNSt11conditionalIXltsrT_10total_bitsLi8EEhNS2_5codecIS6_E12storage_typeEE4typeEmiPd
    0 bytes stack frame, 0 bytes spill stores, 0 bytes spill loads
ptxas info    : Used 20 registers, used 0 barriers
ptxas info    : Compile time = 4.763 ms
ptxas info    : Compiling entry function '_ZN3aut17precision_packing15register_decodeINS_7storage9bf16_e8m7ELNS0_15arithmetic_kindE1ELi4EEEvPKNSt11conditionalIXltsrT_10total_bitsLi8EEhNS2_5codecIS6_E12storage_typeEE4typeEmiPd' for 'sm_90'
ptxas info    : Function properties for _ZN3aut17precision_packing15register_decodeINS_7storage9bf16_e8m7ELNS0_15arithmetic_kindE1ELi4EEEvPKNSt11conditionalIXltsrT_10total_bitsLi8EEhNS2_5codecIS6_E12storage_typeEE4typeEmiPd
    0 bytes stack frame, 0 bytes spill stores, 0 bytes spill loads
ptxas info    : Used 20 registers, used 0 barriers
ptxas info    : Compile time = 4.427 ms
ptxas info    : Compiling entry function '_ZN3aut17precision_packing15register_decodeINS_7storage9bf16_e8m7ELNS0_15arithmetic_kindE1ELi2EEEvPKNSt11conditionalIXltsrT_10total_bitsLi8EEhNS2_5codecIS6_E12storage_typeEE4typeEmiPd' for 'sm_90'
ptxas info    : Function properties for _ZN3aut17precision_packing15register_decodeINS_7storage9bf16_e8m7ELNS0_15arithmetic_kindE1ELi2EEEvPKNSt11conditionalIXltsrT_10total_bitsLi8EEhNS2_5codecIS6_E12storage_typeEE4typeEmiPd
    0 bytes stack frame, 0 bytes spill stores, 0 bytes spill loads
ptxas info    : Used 20 registers, used 0 barriers
ptxas info    : Compile time = 4.199 ms
ptxas info    : Compiling entry function '_ZN3aut17precision_packing15register_decodeINS_7storage9bf16_e8m7ELNS0_15arithmetic_kindE1ELi1EEEvPKNSt11conditionalIXltsrT_10total_bitsLi8EEhNS2_5codecIS6_E12storage_typeEE4typeEmiPd' for 'sm_90'
ptxas info    : Function properties for _ZN3aut17precision_packing15register_decodeINS_7storage9bf16_e8m7ELNS0_15arithmetic_kindE1ELi1EEEvPKNSt11conditionalIXltsrT_10total_bitsLi8EEhNS2_5codecIS6_E12storage_typeEE4typeEmiPd
    0 bytes stack frame, 0 bytes spill stores, 0 bytes spill loads
ptxas info    : Used 18 registers, used 0 barriers
ptxas info    : Compile time = 4.089 ms
ptxas info    : Compiling entry function '_ZN3aut17precision_packing13stream_decodeINS_7storage9bf16_e8m7ELNS0_15arithmetic_kindE1ELNS0_11access_kindE2ELi8EEEvPKNSt11conditionalIXltsrT_10total_bitsLi8EEhNS2_5codecIS7_E12storage_typeEE4typeEmPd' for 'sm_90'
ptxas info    : Function properties for _ZN3aut17precision_packing13stream_decodeINS_7storage9bf16_e8m7ELNS0_15arithmetic_kindE1ELNS0_11access_kindE2ELi8EEEvPKNSt11conditionalIXltsrT_10total_bitsLi8EEhNS2_5codecIS7_E12storage_typeEE4typeEmPd
    0 bytes stack frame, 0 bytes spill stores, 0 bytes spill loads
ptxas info    : Used 24 registers, used 1 barriers, 512 bytes smem
ptxas info    : Compile time = 4.028 ms
ptxas info    : Compiling entry function '_ZN3aut17precision_packing13stream_decodeINS_7storage9bf16_e8m7ELNS0_15arithmetic_kindE1ELNS0_11access_kindE1ELi8EEEvPKNSt11conditionalIXltsrT_10total_bitsLi8EEhNS2_5codecIS7_E12storage_typeEE4typeEmPd' for 'sm_90'
ptxas info    : Function properties for _ZN3aut17precision_packing13stream_decodeINS_7storage9bf16_e8m7ELNS0_15arithmetic_kindE1ELNS0_11access_kindE1ELi8EEEvPKNSt11conditionalIXltsrT_10total_bitsLi8EEhNS2_5codecIS7_E12storage_typeEE4typeEmPd
    0 bytes stack frame, 0 bytes spill stores, 0 bytes spill loads
ptxas info    : Used 26 registers, used 1 barriers, 512 bytes smem
ptxas info    : Compile time = 4.120 ms
ptxas info    : Compiling entry function '_ZN3aut17precision_packing13stream_decodeINS_7storage9bf16_e8m7ELNS0_15arithmetic_kindE1ELNS0_11access_kindE2ELi4EEEvPKNSt11conditionalIXltsrT_10total_bitsLi8EEhNS2_5codecIS7_E12storage_typeEE4typeEmPd' for 'sm_90'
ptxas info    : Function properties for _ZN3aut17precision_packing13stream_decodeINS_7storage9bf16_e8m7ELNS0_15arithmetic_kindE1ELNS0_11access_kindE2ELi4EEEvPKNSt11conditionalIXltsrT_10total_bitsLi8EEhNS2_5codecIS7_E12storage_typeEE4typeEmPd
    0 bytes stack frame, 0 bytes spill stores, 0 bytes spill loads
ptxas info    : Used 20 registers, used 1 barriers, 512 bytes smem
ptxas info    : Compile time = 3.796 ms
ptxas info    : Compiling entry function '_ZN3aut17precision_packing13stream_decodeINS_7storage9bf16_e8m7ELNS0_15arithmetic_kindE1ELNS0_11access_kindE1ELi4EEEvPKNSt11conditionalIXltsrT_10total_bitsLi8EEhNS2_5codecIS7_E12storage_typeEE4typeEmPd' for 'sm_90'
ptxas info    : Function properties for _ZN3aut17precision_packing13stream_decodeINS_7storage9bf16_e8m7ELNS0_15arithmetic_kindE1ELNS0_11access_kindE1ELi4EEEvPKNSt11conditionalIXltsrT_10total_bitsLi8EEhNS2_5codecIS7_E12storage_typeEE4typeEmPd
    0 bytes stack frame, 0 bytes spill stores, 0 bytes spill loads
ptxas info    : Used 20 registers, used 1 barriers, 512 bytes smem
ptxas info    : Compile time = 3.592 ms
ptxas info    : Compiling entry function '_ZN3aut17precision_packing13stream_decodeINS_7storage9bf16_e8m7ELNS0_15arithmetic_kindE1ELNS0_11access_kindE2ELi2EEEvPKNSt11conditionalIXltsrT_10total_bitsLi8EEhNS2_5codecIS7_E12storage_typeEE4typeEmPd' for 'sm_90'
ptxas info    : Function properties for _ZN3aut17precision_packing13stream_decodeINS_7storage9bf16_e8m7ELNS0_15arithmetic_kindE1ELNS0_11access_kindE2ELi2EEEvPKNSt11conditionalIXltsrT_10total_bitsLi8EEhNS2_5codecIS7_E12storage_typeEE4typeEmPd
    0 bytes stack frame, 0 bytes spill stores, 0 bytes spill loads
ptxas info    : Used 18 registers, used 1 barriers, 512 bytes smem
ptxas info    : Compile time = 3.708 ms
ptxas info    : Compiling entry function '_ZN3aut17precision_packing13stream_decodeINS_7storage9bf16_e8m7ELNS0_15arithmetic_kindE1ELNS0_11access_kindE1ELi2EEEvPKNSt11conditionalIXltsrT_10total_bitsLi8EEhNS2_5codecIS7_E12storage_typeEE4typeEmPd' for 'sm_90'
ptxas info    : Function properties for _ZN3aut17precision_packing13stream_decodeINS_7storage9bf16_e8m7ELNS0_15arithmetic_kindE1ELNS0_11access_kindE1ELi2EEEvPKNSt11conditionalIXltsrT_10total_bitsLi8EEhNS2_5codecIS7_E12storage_typeEE4typeEmPd
    0 bytes stack frame, 0 bytes spill stores, 0 bytes spill loads
ptxas info    : Used 18 registers, used 1 barriers, 512 bytes smem
ptxas info    : Compile time = 3.581 ms
ptxas info    : Compiling entry function '_ZN3aut17precision_packing13stream_decodeINS_7storage9bf16_e8m7ELNS0_15arithmetic_kindE1ELNS0_11access_kindE0ELi1EEEvPKNSt11conditionalIXltsrT_10total_bitsLi8EEhNS2_5codecIS7_E12storage_typeEE4typeEmPd' for 'sm_90'
ptxas info    : Function properties for _ZN3aut17precision_packing13stream_decodeINS_7storage9bf16_e8m7ELNS0_15arithmetic_kindE1ELNS0_11access_kindE0ELi1EEEvPKNSt11conditionalIXltsrT_10total_bitsLi8EEhNS2_5codecIS7_E12storage_typeEE4typeEmPd
    0 bytes stack frame, 0 bytes spill stores, 0 bytes spill loads
ptxas info    : Used 16 registers, used 1 barriers, 512 bytes smem
ptxas info    : Compile time = 3.322 ms
ptxas info    : Compiling entry function '_ZN3aut17precision_packing11stream_loadINS_7storage9bf16_e8m7ELNS0_11access_kindE2ELi8EEEvPKNSt11conditionalIXltsrT_10total_bitsLi8EEhNS2_5codecIS6_E12storage_typeEE4typeEmPm' for 'sm_90'
ptxas info    : Function properties for _ZN3aut17precision_packing11stream_loadINS_7storage9bf16_e8m7ELNS0_11access_kindE2ELi8EEEvPKNSt11conditionalIXltsrT_10total_bitsLi8EEhNS2_5codecIS6_E12storage_typeEE4typeEmPm
    0 bytes stack frame, 0 bytes spill stores, 0 bytes spill loads
ptxas info    : Used 24 registers, used 1 barriers, 2048 bytes smem
ptxas info    : Compile time = 3.701 ms
ptxas info    : Compiling entry function '_ZN3aut17precision_packing11stream_loadINS_7storage9bf16_e8m7ELNS0_11access_kindE1ELi8EEEvPKNSt11conditionalIXltsrT_10total_bitsLi8EEhNS2_5codecIS6_E12storage_typeEE4typeEmPm' for 'sm_90'
ptxas info    : Function properties for _ZN3aut17precision_packing11stream_loadINS_7storage9bf16_e8m7ELNS0_11access_kindE1ELi8EEEvPKNSt11conditionalIXltsrT_10total_bitsLi8EEhNS2_5codecIS6_E12storage_typeEE4typeEmPm
    0 bytes stack frame, 0 bytes spill stores, 0 bytes spill loads
ptxas info    : Used 26 registers, used 1 barriers, 2048 bytes smem
ptxas info    : Compile time = 4.009 ms
ptxas info    : Compiling entry function '_ZN3aut17precision_packing11stream_loadINS_7storage9bf16_e8m7ELNS0_11access_kindE2ELi4EEEvPKNSt11conditionalIXltsrT_10total_bitsLi8EEhNS2_5codecIS6_E12storage_typeEE4typeEmPm' for 'sm_90'
ptxas info    : Function properties for _ZN3aut17precision_packing11stream_loadINS_7storage9bf16_e8m7ELNS0_11access_kindE2ELi4EEEvPKNSt11conditionalIXltsrT_10total_bitsLi8EEhNS2_5codecIS6_E12storage_typeEE4typeEmPm
    0 bytes stack frame, 0 bytes spill stores, 0 bytes spill loads
ptxas info    : Used 20 registers, used 1 barriers, 2048 bytes smem
ptxas info    : Compile time = 3.560 ms
ptxas info    : Compiling entry function '_ZN3aut17precision_packing11stream_loadINS_7storage9bf16_e8m7ELNS0_11access_kindE1ELi4EEEvPKNSt11conditionalIXltsrT_10total_bitsLi8EEhNS2_5codecIS6_E12storage_typeEE4typeEmPm' for 'sm_90'
ptxas info    : Function properties for _ZN3aut17precision_packing11stream_loadINS_7storage9bf16_e8m7ELNS0_11access_kindE1ELi4EEEvPKNSt11conditionalIXltsrT_10total_bitsLi8EEhNS2_5codecIS6_E12storage_typeEE4typeEmPm
    0 bytes stack frame, 0 bytes spill stores, 0 bytes spill loads
ptxas info    : Used 24 registers, used 1 barriers, 2048 bytes smem
ptxas info    : Compile time = 3.732 ms
ptxas info    : Compiling entry function '_ZN3aut17precision_packing11stream_loadINS_7storage9bf16_e8m7ELNS0_11access_kindE2ELi2EEEvPKNSt11conditionalIXltsrT_10total_bitsLi8EEhNS2_5codecIS6_E12storage_typeEE4typeEmPm' for 'sm_90'
ptxas info    : Function properties for _ZN3aut17precision_packing11stream_loadINS_7storage9bf16_e8m7ELNS0_11access_kindE2ELi2EEEvPKNSt11conditionalIXltsrT_10total_bitsLi8EEhNS2_5codecIS6_E12storage_typeEE4typeEmPm
    0 bytes stack frame, 0 bytes spill stores, 0 bytes spill loads
ptxas info    : Used 18 registers, used 1 barriers, 2048 bytes smem
ptxas info    : Compile time = 3.508 ms
ptxas info    : Compiling entry function '_ZN3aut17precision_packing11stream_loadINS_7storage9bf16_e8m7ELNS0_11access_kindE1ELi2EEEvPKNSt11conditionalIXltsrT_10total_bitsLi8EEhNS2_5codecIS6_E12storage_typeEE4typeEmPm' for 'sm_90'
ptxas info    : Function properties for _ZN3aut17precision_packing11stream_loadINS_7storage9bf16_e8m7ELNS0_11access_kindE1ELi2EEEvPKNSt11conditionalIXltsrT_10total_bitsLi8EEhNS2_5codecIS6_E12storage_typeEE4typeEmPm
    0 bytes stack frame, 0 bytes spill stores, 0 bytes spill loads
ptxas info    : Used 22 registers, used 1 barriers, 2048 bytes smem
ptxas info    : Compile time = 3.574 ms
ptxas info    : Compiling entry function '_ZN3aut17precision_packing11stream_loadINS_7storage9bf16_e8m7ELNS0_11access_kindE0ELi1EEEvPKNSt11conditionalIXltsrT_10total_bitsLi8EEhNS2_5codecIS6_E12storage_typeEE4typeEmPm' for 'sm_90'
ptxas info    : Function properties for _ZN3aut17precision_packing11stream_loadINS_7storage9bf16_e8m7ELNS0_11access_kindE0ELi1EEEvPKNSt11conditionalIXltsrT_10total_bitsLi8EEhNS2_5codecIS6_E12storage_typeEE4typeEmPm
    0 bytes stack frame, 0 bytes spill stores, 0 bytes spill loads
ptxas info    : Used 16 registers, used 1 barriers, 2048 bytes smem
ptxas info    : Compile time = 3.457 ms
ptxas info    : Compiling entry function '_ZN3aut17precision_packing22packed_arithmetic_gemvINS_7storage9bf16_e8m7ELi8EEEvPKNSt11conditionalIXltsrT_10total_bitsLi8EEhNS2_5codecIS5_E12storage_typeEE4typeESC_mmmPd' for 'sm_90'
ptxas info    : Function properties for _ZN3aut17precision_packing22packed_arithmetic_gemvINS_7storage9bf16_e8m7ELi8EEEvPKNSt11conditionalIXltsrT_10total_bitsLi8EEhNS2_5codecIS5_E12storage_typeEE4typeESC_mmmPd
    0 bytes stack frame, 0 bytes spill stores, 0 bytes spill loads
ptxas info    : Used 25 registers, used 1 barriers, 512 bytes smem
ptxas info    : Compile time = 3.876 ms
ptxas info    : Compiling entry function '_ZN3aut17precision_packing22packed_arithmetic_gemvINS_7storage9bf16_e8m7ELi4EEEvPKNSt11conditionalIXltsrT_10total_bitsLi8EEhNS2_5codecIS5_E12storage_typeEE4typeESC_mmmPd' for 'sm_90'
ptxas info    : Function properties for _ZN3aut17precision_packing22packed_arithmetic_gemvINS_7storage9bf16_e8m7ELi4EEEvPKNSt11conditionalIXltsrT_10total_bitsLi8EEhNS2_5codecIS5_E12storage_typeEE4typeESC_mmmPd
    0 bytes stack frame, 0 bytes spill stores, 0 bytes spill loads
ptxas info    : Used 19 registers, used 1 barriers, 512 bytes smem
ptxas info    : Compile time = 3.606 ms
ptxas info    : Compiling entry function '_ZN3aut17precision_packing22packed_arithmetic_gemvINS_7storage9bf16_e8m7ELi2EEEvPKNSt11conditionalIXltsrT_10total_bitsLi8EEhNS2_5codecIS5_E12storage_typeEE4typeESC_mmmPd' for 'sm_90'
ptxas info    : Function properties for _ZN3aut17precision_packing22packed_arithmetic_gemvINS_7storage9bf16_e8m7ELi2EEEvPKNSt11conditionalIXltsrT_10total_bitsLi8EEhNS2_5codecIS5_E12storage_typeEE4typeESC_mmmPd
    0 bytes stack frame, 0 bytes spill stores, 0 bytes spill loads
ptxas info    : Used 16 registers, used 1 barriers, 512 bytes smem
ptxas info    : Compile time = 3.427 ms
ptxas info    : Compiling entry function '_ZN3aut17precision_packing4gemvINS_7storage9bf16_e8m7ELNS0_15arithmetic_kindE3ELNS0_11access_kindE2ELi8EEEvPKNSt11conditionalIXltsrT_10total_bitsLi8EEhNS2_5codecIS7_E12storage_typeEE4typeESE_mmmPd' for 'sm_90'
ptxas info    : Function properties for _ZN3aut17precision_packing4gemvINS_7storage9bf16_e8m7ELNS0_15arithmetic_kindE3ELNS0_11access_kindE2ELi8EEEvPKNSt11conditionalIXltsrT_10total_bitsLi8EEhNS2_5codecIS7_E12storage_typeEE4typeESE_mmmPd
    0 bytes stack frame, 0 bytes spill stores, 0 bytes spill loads
ptxas info    : Used 40 registers, used 1 barriers, 2048 bytes smem
ptxas info    : Compile time = 5.162 ms
ptxas info    : Compiling entry function '_ZN3aut17precision_packing4gemvINS_7storage9bf16_e8m7ELNS0_15arithmetic_kindE3ELNS0_11access_kindE1ELi8EEEvPKNSt11conditionalIXltsrT_10total_bitsLi8EEhNS2_5codecIS7_E12storage_typeEE4typeESE_mmmPd' for 'sm_90'
ptxas info    : Function properties for _ZN3aut17precision_packing4gemvINS_7storage9bf16_e8m7ELNS0_15arithmetic_kindE3ELNS0_11access_kindE1ELi8EEEvPKNSt11conditionalIXltsrT_10total_bitsLi8EEhNS2_5codecIS7_E12storage_typeEE4typeESE_mmmPd
    0 bytes stack frame, 0 bytes spill stores, 0 bytes spill loads
ptxas info    : Used 32 registers, used 1 barriers, 2048 bytes smem
ptxas info    : Compile time = 5.282 ms
ptxas info    : Compiling entry function '_ZN3aut17precision_packing4gemvINS_7storage9bf16_e8m7ELNS0_15arithmetic_kindE3ELNS0_11access_kindE2ELi4EEEvPKNSt11conditionalIXltsrT_10total_bitsLi8EEhNS2_5codecIS7_E12storage_typeEE4typeESE_mmmPd' for 'sm_90'
ptxas info    : Function properties for _ZN3aut17precision_packing4gemvINS_7storage9bf16_e8m7ELNS0_15arithmetic_kindE3ELNS0_11access_kindE2ELi4EEEvPKNSt11conditionalIXltsrT_10total_bitsLi8EEhNS2_5codecIS7_E12storage_typeEE4typeESE_mmmPd
    0 bytes stack frame, 0 bytes spill stores, 0 bytes spill loads
ptxas info    : Used 29 registers, used 1 barriers, 2048 bytes smem
ptxas info    : Compile time = 4.512 ms
ptxas info    : Compiling entry function '_ZN3aut17precision_packing4gemvINS_7storage9bf16_e8m7ELNS0_15arithmetic_kindE3ELNS0_11access_kindE1ELi4EEEvPKNSt11conditionalIXltsrT_10total_bitsLi8EEhNS2_5codecIS7_E12storage_typeEE4typeESE_mmmPd' for 'sm_90'
ptxas info    : Function properties for _ZN3aut17precision_packing4gemvINS_7storage9bf16_e8m7ELNS0_15arithmetic_kindE3ELNS0_11access_kindE1ELi4EEEvPKNSt11conditionalIXltsrT_10total_bitsLi8EEhNS2_5codecIS7_E12storage_typeEE4typeESE_mmmPd
    0 bytes stack frame, 0 bytes spill stores, 0 bytes spill loads
ptxas info    : Used 32 registers, used 1 barriers, 2048 bytes smem
ptxas info    : Compile time = 4.592 ms
ptxas info    : Compiling entry function '_ZN3aut17precision_packing4gemvINS_7storage9bf16_e8m7ELNS0_15arithmetic_kindE3ELNS0_11access_kindE2ELi2EEEvPKNSt11conditionalIXltsrT_10total_bitsLi8EEhNS2_5codecIS7_E12storage_typeEE4typeESE_mmmPd' for 'sm_90'
ptxas info    : Function properties for _ZN3aut17precision_packing4gemvINS_7storage9bf16_e8m7ELNS0_15arithmetic_kindE3ELNS0_11access_kindE2ELi2EEEvPKNSt11conditionalIXltsrT_10total_bitsLi8EEhNS2_5codecIS7_E12storage_typeEE4typeESE_mmmPd
    0 bytes stack frame, 0 bytes spill stores, 0 bytes spill loads
ptxas info    : Used 24 registers, used 1 barriers, 2048 bytes smem
ptxas info    : Compile time = 4.182 ms
ptxas info    : Compiling entry function '_ZN3aut17precision_packing4gemvINS_7storage9bf16_e8m7ELNS0_15arithmetic_kindE3ELNS0_11access_kindE1ELi2EEEvPKNSt11conditionalIXltsrT_10total_bitsLi8EEhNS2_5codecIS7_E12storage_typeEE4typeESE_mmmPd' for 'sm_90'
ptxas info    : Function properties for _ZN3aut17precision_packing4gemvINS_7storage9bf16_e8m7ELNS0_15arithmetic_kindE3ELNS0_11access_kindE1ELi2EEEvPKNSt11conditionalIXltsrT_10total_bitsLi8EEhNS2_5codecIS7_E12storage_typeEE4typeESE_mmmPd
    0 bytes stack frame, 0 bytes spill stores, 0 bytes spill loads
ptxas info    : Used 26 registers, used 1 barriers, 2048 bytes smem
ptxas info    : Compile time = 4.160 ms
ptxas info    : Compiling entry function '_ZN3aut17precision_packing4gemvINS_7storage9bf16_e8m7ELNS0_15arithmetic_kindE3ELNS0_11access_kindE0ELi1EEEvPKNSt11conditionalIXltsrT_10total_bitsLi8EEhNS2_5codecIS7_E12storage_typeEE4typeESE_mmmPd' for 'sm_90'
ptxas info    : Function properties for _ZN3aut17precision_packing4gemvINS_7storage9bf16_e8m7ELNS0_15arithmetic_kindE3ELNS0_11access_kindE0ELi1EEEvPKNSt11conditionalIXltsrT_10total_bitsLi8EEhNS2_5codecIS7_E12storage_typeEE4typeESE_mmmPd
    0 bytes stack frame, 0 bytes spill stores, 0 bytes spill loads
ptxas info    : Used 22 registers, used 1 barriers, 2048 bytes smem
ptxas info    : Compile time = 3.850 ms
ptxas info    : Compiling entry function '_ZN3aut17precision_packing4gemvINS_7storage9bf16_e8m7ELNS0_15arithmetic_kindE1ELNS0_11access_kindE2ELi8EEEvPKNSt11conditionalIXltsrT_10total_bitsLi8EEhNS2_5codecIS7_E12storage_typeEE4typeESE_mmmPd' for 'sm_90'
ptxas info    : Function properties for _ZN3aut17precision_packing4gemvINS_7storage9bf16_e8m7ELNS0_15arithmetic_kindE1ELNS0_11access_kindE2ELi8EEEvPKNSt11conditionalIXltsrT_10total_bitsLi8EEhNS2_5codecIS7_E12storage_typeEE4typeESE_mmmPd
    0 bytes stack frame, 0 bytes spill stores, 0 bytes spill loads
ptxas info    : Used 24 registers, used 1 barriers, 512 bytes smem
ptxas info    : Compile time = 4.850 ms
ptxas info    : Compiling entry function '_ZN3aut17precision_packing4gemvINS_7storage9bf16_e8m7ELNS0_15arithmetic_kindE1ELNS0_11access_kindE1ELi8EEEvPKNSt11conditionalIXltsrT_10total_bitsLi8EEhNS2_5codecIS7_E12storage_typeEE4typeESE_mmmPd' for 'sm_90'
ptxas info    : Function properties for _ZN3aut17precision_packing4gemvINS_7storage9bf16_e8m7ELNS0_15arithmetic_kindE1ELNS0_11access_kindE1ELi8EEEvPKNSt11conditionalIXltsrT_10total_bitsLi8EEhNS2_5codecIS7_E12storage_typeEE4typeESE_mmmPd
    0 bytes stack frame, 0 bytes spill stores, 0 bytes spill loads
ptxas info    : Used 32 registers, used 1 barriers, 512 bytes smem
ptxas info    : Compile time = 5.024 ms
ptxas info    : Compiling entry function '_ZN3aut17precision_packing4gemvINS_7storage9bf16_e8m7ELNS0_15arithmetic_kindE1ELNS0_11access_kindE2ELi4EEEvPKNSt11conditionalIXltsrT_10total_bitsLi8EEhNS2_5codecIS7_E12storage_typeEE4typeESE_mmmPd' for 'sm_90'
ptxas info    : Function properties for _ZN3aut17precision_packing4gemvINS_7storage9bf16_e8m7ELNS0_15arithmetic_kindE1ELNS0_11access_kindE2ELi4EEEvPKNSt11conditionalIXltsrT_10total_bitsLi8EEhNS2_5codecIS7_E12storage_typeEE4typeESE_mmmPd
    0 bytes stack frame, 0 bytes spill stores, 0 bytes spill loads
ptxas info    : Used 22 registers, used 1 barriers, 512 bytes smem
ptxas info    : Compile time = 4.498 ms
ptxas info    : Compiling entry function '_ZN3aut17precision_packing4gemvINS_7storage9bf16_e8m7ELNS0_15arithmetic_kindE1ELNS0_11access_kindE1ELi4EEEvPKNSt11conditionalIXltsrT_10total_bitsLi8EEhNS2_5codecIS7_E12storage_typeEE4typeESE_mmmPd' for 'sm_90'
ptxas info    : Function properties for _ZN3aut17precision_packing4gemvINS_7storage9bf16_e8m7ELNS0_15arithmetic_kindE1ELNS0_11access_kindE1ELi4EEEvPKNSt11conditionalIXltsrT_10total_bitsLi8EEhNS2_5codecIS7_E12storage_typeEE4typeESE_mmmPd
    0 bytes stack frame, 0 bytes spill stores, 0 bytes spill loads
ptxas info    : Used 23 registers, used 1 barriers, 512 bytes smem
ptxas info    : Compile time = 4.419 ms
ptxas info    : Compiling entry function '_ZN3aut17precision_packing4gemvINS_7storage9bf16_e8m7ELNS0_15arithmetic_kindE1ELNS0_11access_kindE2ELi2EEEvPKNSt11conditionalIXltsrT_10total_bitsLi8EEhNS2_5codecIS7_E12storage_typeEE4typeESE_mmmPd' for 'sm_90'
ptxas info    : Function properties for _ZN3aut17precision_packing4gemvINS_7storage9bf16_e8m7ELNS0_15arithmetic_kindE1ELNS0_11access_kindE2ELi2EEEvPKNSt11conditionalIXltsrT_10total_bitsLi8EEhNS2_5codecIS7_E12storage_typeEE4typeESE_mmmPd
    0 bytes stack frame, 0 bytes spill stores, 0 bytes spill loads
ptxas info    : Used 17 registers, used 1 barriers, 512 bytes smem
ptxas info    : Compile time = 4.279 ms
ptxas info    : Compiling entry function '_ZN3aut17precision_packing4gemvINS_7storage9bf16_e8m7ELNS0_15arithmetic_kindE1ELNS0_11access_kindE1ELi2EEEvPKNSt11conditionalIXltsrT_10total_bitsLi8EEhNS2_5codecIS7_E12storage_typeEE4typeESE_mmmPd' for 'sm_90'
ptxas info    : Function properties for _ZN3aut17precision_packing4gemvINS_7storage9bf16_e8m7ELNS0_15arithmetic_kindE1ELNS0_11access_kindE1ELi2EEEvPKNSt11conditionalIXltsrT_10total_bitsLi8EEhNS2_5codecIS7_E12storage_typeEE4typeESE_mmmPd
    0 bytes stack frame, 0 bytes spill stores, 0 bytes spill loads
ptxas info    : Used 18 registers, used 1 barriers, 512 bytes smem
ptxas info    : Compile time = 4.166 ms
ptxas info    : Compiling entry function '_ZN3aut17precision_packing4gemvINS_7storage9bf16_e8m7ELNS0_15arithmetic_kindE1ELNS0_11access_kindE0ELi1EEEvPKNSt11conditionalIXltsrT_10total_bitsLi8EEhNS2_5codecIS7_E12storage_typeEE4typeESE_mmmPd' for 'sm_90'
ptxas info    : Function properties for _ZN3aut17precision_packing4gemvINS_7storage9bf16_e8m7ELNS0_15arithmetic_kindE1ELNS0_11access_kindE0ELi1EEEvPKNSt11conditionalIXltsrT_10total_bitsLi8EEhNS2_5codecIS7_E12storage_typeEE4typeESE_mmmPd
    0 bytes stack frame, 0 bytes spill stores, 0 bytes spill loads
ptxas info    : Used 18 registers, used 1 barriers, 512 bytes smem
ptxas info    : Compile time = 3.820 ms
ptxas info    : Compiling entry function '_ZN3aut17precision_packing25packed_arithmetic_dot_mapINS_7storage9bf16_e8m7ELi8EEEvPKNSt11conditionalIXltsrT_10total_bitsLi8EEhNS2_5codecIS5_E12storage_typeEE4typeESC_mPS8_' for 'sm_90'
ptxas info    : Function properties for _ZN3aut17precision_packing25packed_arithmetic_dot_mapINS_7storage9bf16_e8m7ELi8EEEvPKNSt11conditionalIXltsrT_10total_bitsLi8EEhNS2_5codecIS5_E12storage_typeEE4typeESC_mPS8_
    0 bytes stack frame, 0 bytes spill stores, 0 bytes spill loads
ptxas info    : Used 26 registers, used 1 barriers, 512 bytes smem
ptxas info    : Compile time = 3.510 ms
ptxas info    : Compiling entry function '_ZN3aut17precision_packing25packed_arithmetic_dot_mapINS_7storage9bf16_e8m7ELi4EEEvPKNSt11conditionalIXltsrT_10total_bitsLi8EEhNS2_5codecIS5_E12storage_typeEE4typeESC_mPS8_' for 'sm_90'
ptxas info    : Function properties for _ZN3aut17precision_packing25packed_arithmetic_dot_mapINS_7storage9bf16_e8m7ELi4EEEvPKNSt11conditionalIXltsrT_10total_bitsLi8EEhNS2_5codecIS5_E12storage_typeEE4typeESC_mPS8_
    0 bytes stack frame, 0 bytes spill stores, 0 bytes spill loads
ptxas info    : Used 20 registers, used 1 barriers, 512 bytes smem
ptxas info    : Compile time = 3.385 ms
ptxas info    : Compiling entry function '_ZN3aut17precision_packing25packed_arithmetic_dot_mapINS_7storage9bf16_e8m7ELi2EEEvPKNSt11conditionalIXltsrT_10total_bitsLi8EEhNS2_5codecIS5_E12storage_typeEE4typeESC_mPS8_' for 'sm_90'
ptxas info    : Function properties for _ZN3aut17precision_packing25packed_arithmetic_dot_mapINS_7storage9bf16_e8m7ELi2EEEvPKNSt11conditionalIXltsrT_10total_bitsLi8EEhNS2_5codecIS5_E12storage_typeEE4typeESC_mPS8_
    0 bytes stack frame, 0 bytes spill stores, 0 bytes spill loads
ptxas info    : Used 15 registers, used 1 barriers, 512 bytes smem
ptxas info    : Compile time = 3.217 ms
ptxas info    : Compiling entry function '_ZN3aut17precision_packing7dot_mapINS_7storage9bf16_e8m7ELNS0_15arithmetic_kindE3ELNS0_11access_kindE2ELi8EEEvPKNSt11conditionalIXltsrT_10total_bitsLi8EEhNS2_5codecIS7_E12storage_typeEE4typeESE_mPNS0_10arithmeticIXT0_EE4typeE' for 'sm_90'
ptxas info    : Function properties for _ZN3aut17precision_packing7dot_mapINS_7storage9bf16_e8m7ELNS0_15arithmetic_kindE3ELNS0_11access_kindE2ELi8EEEvPKNSt11conditionalIXltsrT_10total_bitsLi8EEhNS2_5codecIS7_E12storage_typeEE4typeESE_mPNS0_10arithmeticIXT0_EE4typeE
    0 bytes stack frame, 0 bytes spill stores, 0 bytes spill loads
ptxas info    : Used 40 registers, used 1 barriers, 2048 bytes smem
ptxas info    : Compile time = 4.969 ms
ptxas info    : Compiling entry function '_ZN3aut17precision_packing7dot_mapINS_7storage9bf16_e8m7ELNS0_15arithmetic_kindE3ELNS0_11access_kindE1ELi8EEEvPKNSt11conditionalIXltsrT_10total_bitsLi8EEhNS2_5codecIS7_E12storage_typeEE4typeESE_mPNS0_10arithmeticIXT0_EE4typeE' for 'sm_90'
ptxas info    : Function properties for _ZN3aut17precision_packing7dot_mapINS_7storage9bf16_e8m7ELNS0_15arithmetic_kindE3ELNS0_11access_kindE1ELi8EEEvPKNSt11conditionalIXltsrT_10total_bitsLi8EEhNS2_5codecIS7_E12storage_typeEE4typeESE_mPNS0_10arithmeticIXT0_EE4typeE
    0 bytes stack frame, 0 bytes spill stores, 0 bytes spill loads
ptxas info    : Used 40 registers, used 1 barriers, 2048 bytes smem
ptxas info    : Compile time = 5.172 ms
ptxas info    : Compiling entry function '_ZN3aut17precision_packing7dot_mapINS_7storage9bf16_e8m7ELNS0_15arithmetic_kindE3ELNS0_11access_kindE2ELi4EEEvPKNSt11conditionalIXltsrT_10total_bitsLi8EEhNS2_5codecIS7_E12storage_typeEE4typeESE_mPNS0_10arithmeticIXT0_EE4typeE' for 'sm_90'
ptxas info    : Function properties for _ZN3aut17precision_packing7dot_mapINS_7storage9bf16_e8m7ELNS0_15arithmetic_kindE3ELNS0_11access_kindE2ELi4EEEvPKNSt11conditionalIXltsrT_10total_bitsLi8EEhNS2_5codecIS7_E12storage_typeEE4typeESE_mPNS0_10arithmeticIXT0_EE4typeE
    0 bytes stack frame, 0 bytes spill stores, 0 bytes spill loads
ptxas info    : Used 31 registers, used 1 barriers, 2048 bytes smem
ptxas info    : Compile time = 4.336 ms
ptxas info    : Compiling entry function '_ZN3aut17precision_packing7dot_mapINS_7storage9bf16_e8m7ELNS0_15arithmetic_kindE3ELNS0_11access_kindE1ELi4EEEvPKNSt11conditionalIXltsrT_10total_bitsLi8EEhNS2_5codecIS7_E12storage_typeEE4typeESE_mPNS0_10arithmeticIXT0_EE4typeE' for 'sm_90'
ptxas info    : Function properties for _ZN3aut17precision_packing7dot_mapINS_7storage9bf16_e8m7ELNS0_15arithmetic_kindE3ELNS0_11access_kindE1ELi4EEEvPKNSt11conditionalIXltsrT_10total_bitsLi8EEhNS2_5codecIS7_E12storage_typeEE4typeESE_mPNS0_10arithmeticIXT0_EE4typeE
    0 bytes stack frame, 0 bytes spill stores, 0 bytes spill loads
ptxas info    : Used 32 registers, used 1 barriers, 2048 bytes smem
ptxas info    : Compile time = 4.409 ms
ptxas info    : Compiling entry function '_ZN3aut17precision_packing7dot_mapINS_7storage9bf16_e8m7ELNS0_15arithmetic_kindE3ELNS0_11access_kindE2ELi2EEEvPKNSt11conditionalIXltsrT_10total_bitsLi8EEhNS2_5codecIS7_E12storage_typeEE4typeESE_mPNS0_10arithmeticIXT0_EE4typeE' for 'sm_90'
ptxas info    : Function properties for _ZN3aut17precision_packing7dot_mapINS_7storage9bf16_e8m7ELNS0_15arithmetic_kindE3ELNS0_11access_kindE2ELi2EEEvPKNSt11conditionalIXltsrT_10total_bitsLi8EEhNS2_5codecIS7_E12storage_typeEE4typeESE_mPNS0_10arithmeticIXT0_EE4typeE
    0 bytes stack frame, 0 bytes spill stores, 0 bytes spill loads
ptxas info    : Used 27 registers, used 1 barriers, 2048 bytes smem
ptxas info    : Compile time = 3.930 ms
ptxas info    : Compiling entry function '_ZN3aut17precision_packing7dot_mapINS_7storage9bf16_e8m7ELNS0_15arithmetic_kindE3ELNS0_11access_kindE1ELi2EEEvPKNSt11conditionalIXltsrT_10total_bitsLi8EEhNS2_5codecIS7_E12storage_typeEE4typeESE_mPNS0_10arithmeticIXT0_EE4typeE' for 'sm_90'
ptxas info    : Function properties for _ZN3aut17precision_packing7dot_mapINS_7storage9bf16_e8m7ELNS0_15arithmetic_kindE3ELNS0_11access_kindE1ELi2EEEvPKNSt11conditionalIXltsrT_10total_bitsLi8EEhNS2_5codecIS7_E12storage_typeEE4typeESE_mPNS0_10arithmeticIXT0_EE4typeE
    0 bytes stack frame, 0 bytes spill stores, 0 bytes spill loads
ptxas info    : Used 28 registers, used 1 barriers, 2048 bytes smem
ptxas info    : Compile time = 3.928 ms
ptxas info    : Compiling entry function '_ZN3aut17precision_packing12dot_finalizeILNS0_15arithmetic_kindE3EEEvPKNS0_10arithmeticIXT_EE4typeEmPd' for 'sm_90'
ptxas info    : Function properties for _ZN3aut17precision_packing12dot_finalizeILNS0_15arithmetic_kindE3EEEvPKNS0_10arithmeticIXT_EE4typeEmPd
    0 bytes stack frame, 0 bytes spill stores, 0 bytes spill loads
ptxas info    : Used 14 registers, used 1 barriers, 2048 bytes smem
ptxas info    : Compile time = 2.569 ms
ptxas info    : Compiling entry function '_ZN3aut17precision_packing7dot_mapINS_7storage9bf16_e8m7ELNS0_15arithmetic_kindE3ELNS0_11access_kindE0ELi1EEEvPKNSt11conditionalIXltsrT_10total_bitsLi8EEhNS2_5codecIS7_E12storage_typeEE4typeESE_mPNS0_10arithmeticIXT0_EE4typeE' for 'sm_90'
ptxas info    : Function properties for _ZN3aut17precision_packing7dot_mapINS_7storage9bf16_e8m7ELNS0_15arithmetic_kindE3ELNS0_11access_kindE0ELi1EEEvPKNSt11conditionalIXltsrT_10total_bitsLi8EEhNS2_5codecIS7_E12storage_typeEE4typeESE_mPNS0_10arithmeticIXT0_EE4typeE
    0 bytes stack frame, 0 bytes spill stores, 0 bytes spill loads
ptxas info    : Used 22 registers, used 1 barriers, 2048 bytes smem
ptxas info    : Compile time = 3.654 ms
ptxas info    : Compiling entry function '_ZN3aut17precision_packing7dot_mapINS_7storage9bf16_e8m7ELNS0_15arithmetic_kindE1ELNS0_11access_kindE2ELi8EEEvPKNSt11conditionalIXltsrT_10total_bitsLi8EEhNS2_5codecIS7_E12storage_typeEE4typeESE_mPNS0_10arithmeticIXT0_EE4typeE' for 'sm_90'
ptxas info    : Function properties for _ZN3aut17precision_packing7dot_mapINS_7storage9bf16_e8m7ELNS0_15arithmetic_kindE1ELNS0_11access_kindE2ELi8EEEvPKNSt11conditionalIXltsrT_10total_bitsLi8EEhNS2_5codecIS7_E12storage_typeEE4typeESE_mPNS0_10arithmeticIXT0_EE4typeE
    0 bytes stack frame, 0 bytes spill stores, 0 bytes spill loads
ptxas info    : Used 24 registers, used 1 barriers, 512 bytes smem
ptxas info    : Compile time = 4.513 ms
ptxas info    : Compiling entry function '_ZN3aut17precision_packing7dot_mapINS_7storage9bf16_e8m7ELNS0_15arithmetic_kindE1ELNS0_11access_kindE1ELi8EEEvPKNSt11conditionalIXltsrT_10total_bitsLi8EEhNS2_5codecIS7_E12storage_typeEE4typeESE_mPNS0_10arithmeticIXT0_EE4typeE' for 'sm_90'
ptxas info    : Function properties for _ZN3aut17precision_packing7dot_mapINS_7storage9bf16_e8m7ELNS0_15arithmetic_kindE1ELNS0_11access_kindE1ELi8EEEvPKNSt11conditionalIXltsrT_10total_bitsLi8EEhNS2_5codecIS7_E12storage_typeEE4typeESE_mPNS0_10arithmeticIXT0_EE4typeE
    0 bytes stack frame, 0 bytes spill stores, 0 bytes spill loads
ptxas info    : Used 29 registers, used 1 barriers, 512 bytes smem
ptxas info    : Compile time = 4.476 ms
ptxas info    : Compiling entry function '_ZN3aut17precision_packing7dot_mapINS_7storage9bf16_e8m7ELNS0_15arithmetic_kindE1ELNS0_11access_kindE2ELi4EEEvPKNSt11conditionalIXltsrT_10total_bitsLi8EEhNS2_5codecIS7_E12storage_typeEE4typeESE_mPNS0_10arithmeticIXT0_EE4typeE' for 'sm_90'
ptxas info    : Function properties for _ZN3aut17precision_packing7dot_mapINS_7storage9bf16_e8m7ELNS0_15arithmetic_kindE1ELNS0_11access_kindE2ELi4EEEvPKNSt11conditionalIXltsrT_10total_bitsLi8EEhNS2_5codecIS7_E12storage_typeEE4typeESE_mPNS0_10arithmeticIXT0_EE4typeE
    0 bytes stack frame, 0 bytes spill stores, 0 bytes spill loads
ptxas info    : Used 26 registers, used 1 barriers, 512 bytes smem
ptxas info    : Compile time = 4.289 ms
ptxas info    : Compiling entry function '_ZN3aut17precision_packing7dot_mapINS_7storage9bf16_e8m7ELNS0_15arithmetic_kindE1ELNS0_11access_kindE1ELi4EEEvPKNSt11conditionalIXltsrT_10total_bitsLi8EEhNS2_5codecIS7_E12storage_typeEE4typeESE_mPNS0_10arithmeticIXT0_EE4typeE' for 'sm_90'
ptxas info    : Function properties for _ZN3aut17precision_packing7dot_mapINS_7storage9bf16_e8m7ELNS0_15arithmetic_kindE1ELNS0_11access_kindE1ELi4EEEvPKNSt11conditionalIXltsrT_10total_bitsLi8EEhNS2_5codecIS7_E12storage_typeEE4typeESE_mPNS0_10arithmeticIXT0_EE4typeE
    0 bytes stack frame, 0 bytes spill stores, 0 bytes spill loads
ptxas info    : Used 26 registers, used 1 barriers, 512 bytes smem
ptxas info    : Compile time = 3.903 ms
ptxas info    : Compiling entry function '_ZN3aut17precision_packing7dot_mapINS_7storage9bf16_e8m7ELNS0_15arithmetic_kindE1ELNS0_11access_kindE2ELi2EEEvPKNSt11conditionalIXltsrT_10total_bitsLi8EEhNS2_5codecIS7_E12storage_typeEE4typeESE_mPNS0_10arithmeticIXT0_EE4typeE' for 'sm_90'
ptxas info    : Function properties for _ZN3aut17precision_packing7dot_mapINS_7storage9bf16_e8m7ELNS0_15arithmetic_kindE1ELNS0_11access_kindE2ELi2EEEvPKNSt11conditionalIXltsrT_10total_bitsLi8EEhNS2_5codecIS7_E12storage_typeEE4typeESE_mPNS0_10arithmeticIXT0_EE4typeE
    0 bytes stack frame, 0 bytes spill stores, 0 bytes spill loads
ptxas info    : Used 22 registers, used 1 barriers, 512 bytes smem
ptxas info    : Compile time = 3.965 ms
ptxas info    : Compiling entry function '_ZN3aut17precision_packing7dot_mapINS_7storage9bf16_e8m7ELNS0_15arithmetic_kindE1ELNS0_11access_kindE1ELi2EEEvPKNSt11conditionalIXltsrT_10total_bitsLi8EEhNS2_5codecIS7_E12storage_typeEE4typeESE_mPNS0_10arithmeticIXT0_EE4typeE' for 'sm_90'
ptxas info    : Function properties for _ZN3aut17precision_packing7dot_mapINS_7storage9bf16_e8m7ELNS0_15arithmetic_kindE1ELNS0_11access_kindE1ELi2EEEvPKNSt11conditionalIXltsrT_10total_bitsLi8EEhNS2_5codecIS7_E12storage_typeEE4typeESE_mPNS0_10arithmeticIXT0_EE4typeE
    0 bytes stack frame, 0 bytes spill stores, 0 bytes spill loads
ptxas info    : Used 22 registers, used 1 barriers, 512 bytes smem
ptxas info    : Compile time = 3.849 ms
ptxas info    : Compiling entry function '_ZN3aut17precision_packing12dot_finalizeILNS0_15arithmetic_kindE1EEEvPKNS0_10arithmeticIXT_EE4typeEmPd' for 'sm_90'
ptxas info    : Function properties for _ZN3aut17precision_packing12dot_finalizeILNS0_15arithmetic_kindE1EEEvPKNS0_10arithmeticIXT_EE4typeEmPd
    0 bytes stack frame, 0 bytes spill stores, 0 bytes spill loads
ptxas info    : Used 14 registers, used 1 barriers, 2048 bytes smem
ptxas info    : Compile time = 2.643 ms
ptxas info    : Compiling entry function '_ZN3aut17precision_packing7dot_mapINS_7storage9bf16_e8m7ELNS0_15arithmetic_kindE1ELNS0_11access_kindE0ELi1EEEvPKNSt11conditionalIXltsrT_10total_bitsLi8EEhNS2_5codecIS7_E12storage_typeEE4typeESE_mPNS0_10arithmeticIXT0_EE4typeE' for 'sm_90'
ptxas info    : Function properties for _ZN3aut17precision_packing7dot_mapINS_7storage9bf16_e8m7ELNS0_15arithmetic_kindE1ELNS0_11access_kindE0ELi1EEEvPKNSt11conditionalIXltsrT_10total_bitsLi8EEhNS2_5codecIS7_E12storage_typeEE4typeESE_mPNS0_10arithmeticIXT0_EE4typeE
    0 bytes stack frame, 0 bytes spill stores, 0 bytes spill loads
ptxas info    : Used 18 registers, used 1 barriers, 512 bytes smem
ptxas info    : Compile time = 3.575 ms
ptxas info    : Compiling entry function '_ZN3aut17precision_packing13encode_valuesINS_7storage9bf16_e8m7EEEvPKdPNSt11conditionalIXltsrT_10total_bitsLi8EEhNS2_5codecIS7_E12storage_typeEE4typeEm' for 'sm_90'
ptxas info    : Function properties for _ZN3aut17precision_packing13encode_valuesINS_7storage9bf16_e8m7EEEvPKdPNSt11conditionalIXltsrT_10total_bitsLi8EEhNS2_5codecIS7_E12storage_typeEE4typeEm
    0 bytes stack frame, 0 bytes spill stores, 0 bytes spill loads
ptxas info    : Used 14 registers, used 0 barriers
ptxas info    : Compile time = 1.438 ms
[100%] Linking CUDA executable bin/precision_packing_bench_bf16
[100%] Built target precision_packing_bench_bf16
Building precision_packing_bench_fp32
[ 50%] Building CUDA object CMakeFiles/precision_packing_bench_fp32.dir/src/precision_packing_bench.cu.o
ptxas info    : 29 bytes gmem
ptxas info    : Compiling entry function '_ZN3aut17precision_packing16arithmetic_chainILNS0_15arithmetic_kindE3ELi8EEEviPd' for 'sm_90'
ptxas info    : Function properties for _ZN3aut17precision_packing16arithmetic_chainILNS0_15arithmetic_kindE3ELi8EEEviPd
    0 bytes stack frame, 0 bytes spill stores, 0 bytes spill loads
ptxas info    : Used 26 registers, used 0 barriers
ptxas info    : Compile time = 3.139 ms
ptxas info    : Compiling entry function '_ZN3aut17precision_packing16arithmetic_chainILNS0_15arithmetic_kindE3ELi4EEEviPd' for 'sm_90'
ptxas info    : Function properties for _ZN3aut17precision_packing16arithmetic_chainILNS0_15arithmetic_kindE3ELi4EEEviPd
    0 bytes stack frame, 0 bytes spill stores, 0 bytes spill loads
ptxas info    : Used 18 registers, used 0 barriers
ptxas info    : Compile time = 1.713 ms
ptxas info    : Compiling entry function '_ZN3aut17precision_packing16arithmetic_chainILNS0_15arithmetic_kindE3ELi2EEEviPd' for 'sm_90'
ptxas info    : Function properties for _ZN3aut17precision_packing16arithmetic_chainILNS0_15arithmetic_kindE3ELi2EEEviPd
    0 bytes stack frame, 0 bytes spill stores, 0 bytes spill loads
ptxas info    : Used 14 registers, used 0 barriers
ptxas info    : Compile time = 1.349 ms
ptxas info    : Compiling entry function '_ZN3aut17precision_packing16arithmetic_chainILNS0_15arithmetic_kindE3ELi1EEEviPd' for 'sm_90'
ptxas info    : Function properties for _ZN3aut17precision_packing16arithmetic_chainILNS0_15arithmetic_kindE3ELi1EEEviPd
    0 bytes stack frame, 0 bytes spill stores, 0 bytes spill loads
ptxas info    : Used 12 registers, used 0 barriers
ptxas info    : Compile time = 1.237 ms
ptxas info    : Compiling entry function '_ZN3aut17precision_packing15register_decodeINS_7storage10fp32_e8m23ELNS0_15arithmetic_kindE3ELi8EEEvPKNSt11conditionalIXltsrT_10total_bitsLi8EEhNS2_5codecIS6_E12storage_typeEE4typeEmiPd' for 'sm_90'
ptxas info    : Function properties for _ZN3aut17precision_packing15register_decodeINS_7storage10fp32_e8m23ELNS0_15arithmetic_kindE3ELi8EEEvPKNSt11conditionalIXltsrT_10total_bitsLi8EEhNS2_5codecIS6_E12storage_typeEE4typeEmiPd
    0 bytes stack frame, 0 bytes spill stores, 0 bytes spill loads
ptxas info    : Used 40 registers, used 0 barriers
ptxas info    : Compile time = 4.913 ms
ptxas info    : Compiling entry function '_ZN3aut17precision_packing15register_decodeINS_7storage10fp32_e8m23ELNS0_15arithmetic_kindE3ELi4EEEvPKNSt11conditionalIXltsrT_10total_bitsLi8EEhNS2_5codecIS6_E12storage_typeEE4typeEmiPd' for 'sm_90'
ptxas info    : Function properties for _ZN3aut17precision_packing15register_decodeINS_7storage10fp32_e8m23ELNS0_15arithmetic_kindE3ELi4EEEvPKNSt11conditionalIXltsrT_10total_bitsLi8EEhNS2_5codecIS6_E12storage_typeEE4typeEmiPd
    0 bytes stack frame, 0 bytes spill stores, 0 bytes spill loads
ptxas info    : Used 25 registers, used 0 barriers
ptxas info    : Compile time = 4.355 ms
ptxas info    : Compiling entry function '_ZN3aut17precision_packing15register_decodeINS_7storage10fp32_e8m23ELNS0_15arithmetic_kindE3ELi2EEEvPKNSt11conditionalIXltsrT_10total_bitsLi8EEhNS2_5codecIS6_E12storage_typeEE4typeEmiPd' for 'sm_90'
ptxas info    : Function properties for _ZN3aut17precision_packing15register_decodeINS_7storage10fp32_e8m23ELNS0_15arithmetic_kindE3ELi2EEEvPKNSt11conditionalIXltsrT_10total_bitsLi8EEhNS2_5codecIS6_E12storage_typeEE4typeEmiPd
    0 bytes stack frame, 0 bytes spill stores, 0 bytes spill loads
ptxas info    : Used 20 registers, used 0 barriers
ptxas info    : Compile time = 4.115 ms
ptxas info    : Compiling entry function '_ZN3aut17precision_packing15register_decodeINS_7storage10fp32_e8m23ELNS0_15arithmetic_kindE3ELi1EEEvPKNSt11conditionalIXltsrT_10total_bitsLi8EEhNS2_5codecIS6_E12storage_typeEE4typeEmiPd' for 'sm_90'
ptxas info    : Function properties for _ZN3aut17precision_packing15register_decodeINS_7storage10fp32_e8m23ELNS0_15arithmetic_kindE3ELi1EEEvPKNSt11conditionalIXltsrT_10total_bitsLi8EEhNS2_5codecIS6_E12storage_typeEE4typeEmiPd
    0 bytes stack frame, 0 bytes spill stores, 0 bytes spill loads
ptxas info    : Used 18 registers, used 0 barriers
ptxas info    : Compile time = 4.038 ms
ptxas info    : Compiling entry function '_ZN3aut17precision_packing13stream_decodeINS_7storage10fp32_e8m23ELNS0_15arithmetic_kindE3ELNS0_11access_kindE2ELi8EEEvPKNSt11conditionalIXltsrT_10total_bitsLi8EEhNS2_5codecIS7_E12storage_typeEE4typeEmPd' for 'sm_90'
ptxas info    : Function properties for _ZN3aut17precision_packing13stream_decodeINS_7storage10fp32_e8m23ELNS0_15arithmetic_kindE3ELNS0_11access_kindE2ELi8EEEvPKNSt11conditionalIXltsrT_10total_bitsLi8EEhNS2_5codecIS7_E12storage_typeEE4typeEmPd
    0 bytes stack frame, 0 bytes spill stores, 0 bytes spill loads
ptxas info    : Used 39 registers, used 1 barriers, 2048 bytes smem
ptxas info    : Compile time = 4.120 ms
ptxas info    : Compiling entry function '_ZN3aut17precision_packing13stream_decodeINS_7storage10fp32_e8m23ELNS0_15arithmetic_kindE3ELNS0_11access_kindE1ELi8EEEvPKNSt11conditionalIXltsrT_10total_bitsLi8EEhNS2_5codecIS7_E12storage_typeEE4typeEmPd' for 'sm_90'
ptxas info    : Function properties for _ZN3aut17precision_packing13stream_decodeINS_7storage10fp32_e8m23ELNS0_15arithmetic_kindE3ELNS0_11access_kindE1ELi8EEEvPKNSt11conditionalIXltsrT_10total_bitsLi8EEhNS2_5codecIS7_E12storage_typeEE4typeEmPd
    0 bytes stack frame, 0 bytes spill stores, 0 bytes spill loads
ptxas info    : Used 32 registers, used 1 barriers, 2048 bytes smem
ptxas info    : Compile time = 4.177 ms
ptxas info    : Compiling entry function '_ZN3aut17precision_packing13stream_decodeINS_7storage10fp32_e8m23ELNS0_15arithmetic_kindE3ELNS0_11access_kindE2ELi4EEEvPKNSt11conditionalIXltsrT_10total_bitsLi8EEhNS2_5codecIS7_E12storage_typeEE4typeEmPd' for 'sm_90'
ptxas info    : Function properties for _ZN3aut17precision_packing13stream_decodeINS_7storage10fp32_e8m23ELNS0_15arithmetic_kindE3ELNS0_11access_kindE2ELi4EEEvPKNSt11conditionalIXltsrT_10total_bitsLi8EEhNS2_5codecIS7_E12storage_typeEE4typeEmPd
    0 bytes stack frame, 0 bytes spill stores, 0 bytes spill loads
ptxas info    : Used 32 registers, used 1 barriers, 2048 bytes smem
ptxas info    : Compile time = 3.631 ms
ptxas info    : Compiling entry function '_ZN3aut17precision_packing13stream_decodeINS_7storage10fp32_e8m23ELNS0_15arithmetic_kindE3ELNS0_11access_kindE1ELi4EEEvPKNSt11conditionalIXltsrT_10total_bitsLi8EEhNS2_5codecIS7_E12storage_typeEE4typeEmPd' for 'sm_90'
ptxas info    : Function properties for _ZN3aut17precision_packing13stream_decodeINS_7storage10fp32_e8m23ELNS0_15arithmetic_kindE3ELNS0_11access_kindE1ELi4EEEvPKNSt11conditionalIXltsrT_10total_bitsLi8EEhNS2_5codecIS7_E12storage_typeEE4typeEmPd
    0 bytes stack frame, 0 bytes spill stores, 0 bytes spill loads
ptxas info    : Used 32 registers, used 1 barriers, 2048 bytes smem
ptxas info    : Compile time = 3.686 ms
ptxas info    : Compiling entry function '_ZN3aut17precision_packing13stream_decodeINS_7storage10fp32_e8m23ELNS0_15arithmetic_kindE3ELNS0_11access_kindE2ELi2EEEvPKNSt11conditionalIXltsrT_10total_bitsLi8EEhNS2_5codecIS7_E12storage_typeEE4typeEmPd' for 'sm_90'
ptxas info    : Function properties for _ZN3aut17precision_packing13stream_decodeINS_7storage10fp32_e8m23ELNS0_15arithmetic_kindE3ELNS0_11access_kindE2ELi2EEEvPKNSt11conditionalIXltsrT_10total_bitsLi8EEhNS2_5codecIS7_E12storage_typeEE4typeEmPd
    0 bytes stack frame, 0 bytes spill stores, 0 bytes spill loads
ptxas info    : Used 24 registers, used 1 barriers, 2048 bytes smem
ptxas info    : Compile time = 3.461 ms
ptxas info    : Compiling entry function '_ZN3aut17precision_packing13stream_decodeINS_7storage10fp32_e8m23ELNS0_15arithmetic_kindE3ELNS0_11access_kindE1ELi2EEEvPKNSt11conditionalIXltsrT_10total_bitsLi8EEhNS2_5codecIS7_E12storage_typeEE4typeEmPd' for 'sm_90'
ptxas info    : Function properties for _ZN3aut17precision_packing13stream_decodeINS_7storage10fp32_e8m23ELNS0_15arithmetic_kindE3ELNS0_11access_kindE1ELi2EEEvPKNSt11conditionalIXltsrT_10total_bitsLi8EEhNS2_5codecIS7_E12storage_typeEE4typeEmPd
    0 bytes stack frame, 0 bytes spill stores, 0 bytes spill loads
ptxas info    : Used 24 registers, used 1 barriers, 2048 bytes smem
ptxas info    : Compile time = 3.464 ms
ptxas info    : Compiling entry function '_ZN3aut17precision_packing13stream_decodeINS_7storage10fp32_e8m23ELNS0_15arithmetic_kindE3ELNS0_11access_kindE0ELi1EEEvPKNSt11conditionalIXltsrT_10total_bitsLi8EEhNS2_5codecIS7_E12storage_typeEE4typeEmPd' for 'sm_90'
ptxas info    : Function properties for _ZN3aut17precision_packing13stream_decodeINS_7storage10fp32_e8m23ELNS0_15arithmetic_kindE3ELNS0_11access_kindE0ELi1EEEvPKNSt11conditionalIXltsrT_10total_bitsLi8EEhNS2_5codecIS7_E12storage_typeEE4typeEmPd
    0 bytes stack frame, 0 bytes spill stores, 0 bytes spill loads
ptxas info    : Used 18 registers, used 1 barriers, 2048 bytes smem
ptxas info    : Compile time = 3.252 ms
ptxas info    : Compiling entry function '_ZN3aut17precision_packing16arithmetic_chainILNS0_15arithmetic_kindE2ELi8EEEviPd' for 'sm_90'
ptxas info    : Function properties for _ZN3aut17precision_packing16arithmetic_chainILNS0_15arithmetic_kindE2ELi8EEEviPd
    0 bytes stack frame, 0 bytes spill stores, 0 bytes spill loads
ptxas info    : Used 22 registers, used 0 barriers
ptxas info    : Compile time = 1.699 ms
ptxas info    : Compiling entry function '_ZN3aut17precision_packing16arithmetic_chainILNS0_15arithmetic_kindE2ELi4EEEviPd' for 'sm_90'
ptxas info    : Function properties for _ZN3aut17precision_packing16arithmetic_chainILNS0_15arithmetic_kindE2ELi4EEEviPd
    0 bytes stack frame, 0 bytes spill stores, 0 bytes spill loads
ptxas info    : Used 14 registers, used 0 barriers
ptxas info    : Compile time = 1.520 ms
ptxas info    : Compiling entry function '_ZN3aut17precision_packing16arithmetic_chainILNS0_15arithmetic_kindE2ELi2EEEviPd' for 'sm_90'
ptxas info    : Function properties for _ZN3aut17precision_packing16arithmetic_chainILNS0_15arithmetic_kindE2ELi2EEEviPd
    0 bytes stack frame, 0 bytes spill stores, 0 bytes spill loads
ptxas info    : Used 11 registers, used 0 barriers
ptxas info    : Compile time = 1.299 ms
ptxas info    : Compiling entry function '_ZN3aut17precision_packing16arithmetic_chainILNS0_15arithmetic_kindE2ELi1EEEviPd' for 'sm_90'
ptxas info    : Function properties for _ZN3aut17precision_packing16arithmetic_chainILNS0_15arithmetic_kindE2ELi1EEEviPd
    0 bytes stack frame, 0 bytes spill stores, 0 bytes spill loads
ptxas info    : Used 11 registers, used 0 barriers
ptxas info    : Compile time = 1.210 ms
ptxas info    : Compiling entry function '_ZN3aut17precision_packing15register_decodeINS_7storage10fp32_e8m23ELNS0_15arithmetic_kindE2ELi8EEEvPKNSt11conditionalIXltsrT_10total_bitsLi8EEhNS2_5codecIS6_E12storage_typeEE4typeEmiPd' for 'sm_90'
ptxas info    : Function properties for _ZN3aut17precision_packing15register_decodeINS_7storage10fp32_e8m23ELNS0_15arithmetic_kindE2ELi8EEEvPKNSt11conditionalIXltsrT_10total_bitsLi8EEhNS2_5codecIS6_E12storage_typeEE4typeEmiPd
    0 bytes stack frame, 0 bytes spill stores, 0 bytes spill loads
ptxas info    : Used 24 registers, used 0 barriers
ptxas info    : Compile time = 4.665 ms
ptxas info    : Compiling entry function '_ZN3aut17precision_packing15register_decodeINS_7storage10fp32_e8m23ELNS0_15arithmetic_kindE2ELi4EEEvPKNSt11conditionalIXltsrT_10total_bitsLi8EEhNS2_5codecIS6_E12storage_typeEE4typeEmiPd' for 'sm_90'
ptxas info    : Function properties for _ZN3aut17precision_packing15register_decodeINS_7storage10fp32_e8m23ELNS0_15arithmetic_kindE2ELi4EEEvPKNSt11conditionalIXltsrT_10total_bitsLi8EEhNS2_5codecIS6_E12storage_typeEE4typeEmiPd
    0 bytes stack frame, 0 bytes spill stores, 0 bytes spill loads
ptxas info    : Used 20 registers, used 0 barriers
ptxas info    : Compile time = 4.263 ms
ptxas info    : Compiling entry function '_ZN3aut17precision_packing15register_decodeINS_7storage10fp32_e8m23ELNS0_15arithmetic_kindE2ELi2EEEvPKNSt11conditionalIXltsrT_10total_bitsLi8EEhNS2_5codecIS6_E12storage_typeEE4typeEmiPd' for 'sm_90'
ptxas info    : Function properties for _ZN3aut17precision_packing15register_decodeINS_7storage10fp32_e8m23ELNS0_15arithmetic_kindE2ELi2EEEvPKNSt11conditionalIXltsrT_10total_bitsLi8EEhNS2_5codecIS6_E12storage_typeEE4typeEmiPd
    0 bytes stack frame, 0 bytes spill stores, 0 bytes spill loads
ptxas info    : Used 20 registers, used 0 barriers
ptxas info    : Compile time = 4.095 ms
ptxas info    : Compiling entry function '_ZN3aut17precision_packing15register_decodeINS_7storage10fp32_e8m23ELNS0_15arithmetic_kindE2ELi1EEEvPKNSt11conditionalIXltsrT_10total_bitsLi8EEhNS2_5codecIS6_E12storage_typeEE4typeEmiPd' for 'sm_90'
ptxas info    : Function properties for _ZN3aut17precision_packing15register_decodeINS_7storage10fp32_e8m23ELNS0_15arithmetic_kindE2ELi1EEEvPKNSt11conditionalIXltsrT_10total_bitsLi8EEhNS2_5codecIS6_E12storage_typeEE4typeEmiPd
    0 bytes stack frame, 0 bytes spill stores, 0 bytes spill loads
ptxas info    : Used 18 registers, used 0 barriers
ptxas info    : Compile time = 4.001 ms
ptxas info    : Compiling entry function '_ZN3aut17precision_packing13stream_decodeINS_7storage10fp32_e8m23ELNS0_15arithmetic_kindE2ELNS0_11access_kindE2ELi8EEEvPKNSt11conditionalIXltsrT_10total_bitsLi8EEhNS2_5codecIS7_E12storage_typeEE4typeEmPd' for 'sm_90'
ptxas info    : Function properties for _ZN3aut17precision_packing13stream_decodeINS_7storage10fp32_e8m23ELNS0_15arithmetic_kindE2ELNS0_11access_kindE2ELi8EEEvPKNSt11conditionalIXltsrT_10total_bitsLi8EEhNS2_5codecIS7_E12storage_typeEE4typeEmPd
    0 bytes stack frame, 0 bytes spill stores, 0 bytes spill loads
ptxas info    : Used 32 registers, used 1 barriers, 1024 bytes smem
ptxas info    : Compile time = 3.750 ms
ptxas info    : Compiling entry function '_ZN3aut17precision_packing13stream_decodeINS_7storage10fp32_e8m23ELNS0_15arithmetic_kindE2ELNS0_11access_kindE1ELi8EEEvPKNSt11conditionalIXltsrT_10total_bitsLi8EEhNS2_5codecIS7_E12storage_typeEE4typeEmPd' for 'sm_90'
ptxas info    : Function properties for _ZN3aut17precision_packing13stream_decodeINS_7storage10fp32_e8m23ELNS0_15arithmetic_kindE2ELNS0_11access_kindE1ELi8EEEvPKNSt11conditionalIXltsrT_10total_bitsLi8EEhNS2_5codecIS7_E12storage_typeEE4typeEmPd
    0 bytes stack frame, 0 bytes spill stores, 0 bytes spill loads
ptxas info    : Used 32 registers, used 1 barriers, 1024 bytes smem
ptxas info    : Compile time = 3.814 ms
ptxas info    : Compiling entry function '_ZN3aut17precision_packing13stream_decodeINS_7storage10fp32_e8m23ELNS0_15arithmetic_kindE2ELNS0_11access_kindE2ELi4EEEvPKNSt11conditionalIXltsrT_10total_bitsLi8EEhNS2_5codecIS7_E12storage_typeEE4typeEmPd' for 'sm_90'
ptxas info    : Function properties for _ZN3aut17precision_packing13stream_decodeINS_7storage10fp32_e8m23ELNS0_15arithmetic_kindE2ELNS0_11access_kindE2ELi4EEEvPKNSt11conditionalIXltsrT_10total_bitsLi8EEhNS2_5codecIS7_E12storage_typeEE4typeEmPd
    0 bytes stack frame, 0 bytes spill stores, 0 bytes spill loads
ptxas info    : Used 22 registers, used 1 barriers, 1024 bytes smem
ptxas info    : Compile time = 3.496 ms
ptxas info    : Compiling entry function '_ZN3aut17precision_packing13stream_decodeINS_7storage10fp32_e8m23ELNS0_15arithmetic_kindE2ELNS0_11access_kindE1ELi4EEEvPKNSt11conditionalIXltsrT_10total_bitsLi8EEhNS2_5codecIS7_E12storage_typeEE4typeEmPd' for 'sm_90'
ptxas info    : Function properties for _ZN3aut17precision_packing13stream_decodeINS_7storage10fp32_e8m23ELNS0_15arithmetic_kindE2ELNS0_11access_kindE1ELi4EEEvPKNSt11conditionalIXltsrT_10total_bitsLi8EEhNS2_5codecIS7_E12storage_typeEE4typeEmPd
    0 bytes stack frame, 0 bytes spill stores, 0 bytes spill loads
ptxas info    : Used 24 registers, used 1 barriers, 1024 bytes smem
ptxas info    : Compile time = 3.549 ms
ptxas info    : Compiling entry function '_ZN3aut17precision_packing13stream_decodeINS_7storage10fp32_e8m23ELNS0_15arithmetic_kindE2ELNS0_11access_kindE2ELi2EEEvPKNSt11conditionalIXltsrT_10total_bitsLi8EEhNS2_5codecIS7_E12storage_typeEE4typeEmPd' for 'sm_90'
ptxas info    : Function properties for _ZN3aut17precision_packing13stream_decodeINS_7storage10fp32_e8m23ELNS0_15arithmetic_kindE2ELNS0_11access_kindE2ELi2EEEvPKNSt11conditionalIXltsrT_10total_bitsLi8EEhNS2_5codecIS7_E12storage_typeEE4typeEmPd
    0 bytes stack frame, 0 bytes spill stores, 0 bytes spill loads
ptxas info    : Used 18 registers, used 1 barriers, 1024 bytes smem
ptxas info    : Compile time = 3.354 ms
ptxas info    : Compiling entry function '_ZN3aut17precision_packing13stream_decodeINS_7storage10fp32_e8m23ELNS0_15arithmetic_kindE2ELNS0_11access_kindE1ELi2EEEvPKNSt11conditionalIXltsrT_10total_bitsLi8EEhNS2_5codecIS7_E12storage_typeEE4typeEmPd' for 'sm_90'
ptxas info    : Function properties for _ZN3aut17precision_packing13stream_decodeINS_7storage10fp32_e8m23ELNS0_15arithmetic_kindE2ELNS0_11access_kindE1ELi2EEEvPKNSt11conditionalIXltsrT_10total_bitsLi8EEhNS2_5codecIS7_E12storage_typeEE4typeEmPd
    0 bytes stack frame, 0 bytes spill stores, 0 bytes spill loads
ptxas info    : Used 20 registers, used 1 barriers, 1024 bytes smem
ptxas info    : Compile time = 3.380 ms
ptxas info    : Compiling entry function '_ZN3aut17precision_packing13stream_decodeINS_7storage10fp32_e8m23ELNS0_15arithmetic_kindE2ELNS0_11access_kindE0ELi1EEEvPKNSt11conditionalIXltsrT_10total_bitsLi8EEhNS2_5codecIS7_E12storage_typeEE4typeEmPd' for 'sm_90'
ptxas info    : Function properties for _ZN3aut17precision_packing13stream_decodeINS_7storage10fp32_e8m23ELNS0_15arithmetic_kindE2ELNS0_11access_kindE0ELi1EEEvPKNSt11conditionalIXltsrT_10total_bitsLi8EEhNS2_5codecIS7_E12storage_typeEE4typeEmPd
    0 bytes stack frame, 0 bytes spill stores, 0 bytes spill loads
ptxas info    : Used 16 registers, used 1 barriers, 1024 bytes smem
ptxas info    : Compile time = 3.191 ms
ptxas info    : Compiling entry function '_ZN3aut17precision_packing11stream_loadINS_7storage10fp32_e8m23ELNS0_11access_kindE2ELi8EEEvPKNSt11conditionalIXltsrT_10total_bitsLi8EEhNS2_5codecIS6_E12storage_typeEE4typeEmPm' for 'sm_90'
ptxas info    : Function properties for _ZN3aut17precision_packing11stream_loadINS_7storage10fp32_e8m23ELNS0_11access_kindE2ELi8EEEvPKNSt11conditionalIXltsrT_10total_bitsLi8EEhNS2_5codecIS6_E12storage_typeEE4typeEmPm
    0 bytes stack frame, 0 bytes spill stores, 0 bytes spill loads
ptxas info    : Used 26 registers, used 1 barriers, 2048 bytes smem
ptxas info    : Compile time = 3.916 ms
ptxas info    : Compiling entry function '_ZN3aut17precision_packing11stream_loadINS_7storage10fp32_e8m23ELNS0_11access_kindE1ELi8EEEvPKNSt11conditionalIXltsrT_10total_bitsLi8EEhNS2_5codecIS6_E12storage_typeEE4typeEmPm' for 'sm_90'
ptxas info    : Function properties for _ZN3aut17precision_packing11stream_loadINS_7storage10fp32_e8m23ELNS0_11access_kindE1ELi8EEEvPKNSt11conditionalIXltsrT_10total_bitsLi8EEhNS2_5codecIS6_E12storage_typeEE4typeEmPm
    0 bytes stack frame, 0 bytes spill stores, 0 bytes spill loads
ptxas info    : Used 26 registers, used 1 barriers, 2048 bytes smem
ptxas info    : Compile time = 3.978 ms
ptxas info    : Compiling entry function '_ZN3aut17precision_packing11stream_loadINS_7storage10fp32_e8m23ELNS0_11access_kindE2ELi4EEEvPKNSt11conditionalIXltsrT_10total_bitsLi8EEhNS2_5codecIS6_E12storage_typeEE4typeEmPm' for 'sm_90'
ptxas info    : Function properties for _ZN3aut17precision_packing11stream_loadINS_7storage10fp32_e8m23ELNS0_11access_kindE2ELi4EEEvPKNSt11conditionalIXltsrT_10total_bitsLi8EEhNS2_5codecIS6_E12storage_typeEE4typeEmPm
    0 bytes stack frame, 0 bytes spill stores, 0 bytes spill loads
ptxas info    : Used 24 registers, used 1 barriers, 2048 bytes smem
ptxas info    : Compile time = 3.691 ms
ptxas info    : Compiling entry function '_ZN3aut17precision_packing11stream_loadINS_7storage10fp32_e8m23ELNS0_11access_kindE1ELi4EEEvPKNSt11conditionalIXltsrT_10total_bitsLi8EEhNS2_5codecIS6_E12storage_typeEE4typeEmPm' for 'sm_90'
ptxas info    : Function properties for _ZN3aut17precision_packing11stream_loadINS_7storage10fp32_e8m23ELNS0_11access_kindE1ELi4EEEvPKNSt11conditionalIXltsrT_10total_bitsLi8EEhNS2_5codecIS6_E12storage_typeEE4typeEmPm
    0 bytes stack frame, 0 bytes spill stores, 0 bytes spill loads
ptxas info    : Used 24 registers, used 1 barriers, 2048 bytes smem
ptxas info    : Compile time = 3.722 ms
ptxas info    : Compiling entry function '_ZN3aut17precision_packing11stream_loadINS_7storage10fp32_e8m23ELNS0_11access_kindE2ELi2EEEvPKNSt11conditionalIXltsrT_10total_bitsLi8EEhNS2_5codecIS6_E12storage_typeEE4typeEmPm' for 'sm_90'
ptxas info    : Function properties for _ZN3aut17precision_packing11stream_loadINS_7storage10fp32_e8m23ELNS0_11access_kindE2ELi2EEEvPKNSt11conditionalIXltsrT_10total_bitsLi8EEhNS2_5codecIS6_E12storage_typeEE4typeEmPm
    0 bytes stack frame, 0 bytes spill stores, 0 bytes spill loads
ptxas info    : Used 20 registers, used 1 barriers, 2048 bytes smem
ptxas info    : Compile time = 3.572 ms
ptxas info    : Compiling entry function '_ZN3aut17precision_packing11stream_loadINS_7storage10fp32_e8m23ELNS0_11access_kindE1ELi2EEEvPKNSt11conditionalIXltsrT_10total_bitsLi8EEhNS2_5codecIS6_E12storage_typeEE4typeEmPm' for 'sm_90'
ptxas info    : Function properties for _ZN3aut17precision_packing11stream_loadINS_7storage10fp32_e8m23ELNS0_11access_kindE1ELi2EEEvPKNSt11conditionalIXltsrT_10total_bitsLi8EEhNS2_5codecIS6_E12storage_typeEE4typeEmPm
    0 bytes stack frame, 0 bytes spill stores, 0 bytes spill loads
ptxas info    : Used 22 registers, used 1 barriers, 2048 bytes smem
ptxas info    : Compile time = 3.612 ms
ptxas info    : Compiling entry function '_ZN3aut17precision_packing11stream_loadINS_7storage10fp32_e8m23ELNS0_11access_kindE0ELi1EEEvPKNSt11conditionalIXltsrT_10total_bitsLi8EEhNS2_5codecIS6_E12storage_typeEE4typeEmPm' for 'sm_90'
ptxas info    : Function properties for _ZN3aut17precision_packing11stream_loadINS_7storage10fp32_e8m23ELNS0_11access_kindE0ELi1EEEvPKNSt11conditionalIXltsrT_10total_bitsLi8EEhNS2_5codecIS6_E12storage_typeEE4typeEmPm
    0 bytes stack frame, 0 bytes spill stores, 0 bytes spill loads
ptxas info    : Used 16 registers, used 1 barriers, 2048 bytes smem
ptxas info    : Compile time = 3.411 ms
ptxas info    : Compiling entry function '_ZN3aut17precision_packing4gemvINS_7storage10fp32_e8m23ELNS0_15arithmetic_kindE3ELNS0_11access_kindE2ELi8EEEvPKNSt11conditionalIXltsrT_10total_bitsLi8EEhNS2_5codecIS7_E12storage_typeEE4typeESE_mmmPd' for 'sm_90'
ptxas info    : Function properties for _ZN3aut17precision_packing4gemvINS_7storage10fp32_e8m23ELNS0_15arithmetic_kindE3ELNS0_11access_kindE2ELi8EEEvPKNSt11conditionalIXltsrT_10total_bitsLi8EEhNS2_5codecIS7_E12storage_typeEE4typeESE_mmmPd
    0 bytes stack frame, 0 bytes spill stores, 0 bytes spill loads
ptxas info    : Used 48 registers, used 1 barriers, 2048 bytes smem
ptxas info    : Compile time = 4.841 ms
ptxas info    : Compiling entry function '_ZN3aut17precision_packing4gemvINS_7storage10fp32_e8m23ELNS0_15arithmetic_kindE3ELNS0_11access_kindE1ELi8EEEvPKNSt11conditionalIXltsrT_10total_bitsLi8EEhNS2_5codecIS7_E12storage_typeEE4typeESE_mmmPd' for 'sm_90'
ptxas info    : Function properties for _ZN3aut17precision_packing4gemvINS_7storage10fp32_e8m23ELNS0_15arithmetic_kindE3ELNS0_11access_kindE1ELi8EEEvPKNSt11conditionalIXltsrT_10total_bitsLi8EEhNS2_5codecIS7_E12storage_typeEE4typeESE_mmmPd
    0 bytes stack frame, 0 bytes spill stores, 0 bytes spill loads
ptxas info    : Used 32 registers, used 1 barriers, 2048 bytes smem
ptxas info    : Compile time = 5.252 ms
ptxas info    : Compiling entry function '_ZN3aut17precision_packing4gemvINS_7storage10fp32_e8m23ELNS0_15arithmetic_kindE3ELNS0_11access_kindE2ELi4EEEvPKNSt11conditionalIXltsrT_10total_bitsLi8EEhNS2_5codecIS7_E12storage_typeEE4typeESE_mmmPd' for 'sm_90'
ptxas info    : Function properties for _ZN3aut17precision_packing4gemvINS_7storage10fp32_e8m23ELNS0_15arithmetic_kindE3ELNS0_11access_kindE2ELi4EEEvPKNSt11conditionalIXltsrT_10total_bitsLi8EEhNS2_5codecIS7_E12storage_typeEE4typeESE_mmmPd
    0 bytes stack frame, 0 bytes spill stores, 0 bytes spill loads
ptxas info    : Used 32 registers, used 1 barriers, 2048 bytes smem
ptxas info    : Compile time = 4.300 ms
ptxas info    : Compiling entry function '_ZN3aut17precision_packing4gemvINS_7storage10fp32_e8m23ELNS0_15arithmetic_kindE3ELNS0_11access_kindE1ELi4EEEvPKNSt11conditionalIXltsrT_10total_bitsLi8EEhNS2_5codecIS7_E12storage_typeEE4typeESE_mmmPd' for 'sm_90'
ptxas info    : Function properties for _ZN3aut17precision_packing4gemvINS_7storage10fp32_e8m23ELNS0_15arithmetic_kindE3ELNS0_11access_kindE1ELi4EEEvPKNSt11conditionalIXltsrT_10total_bitsLi8EEhNS2_5codecIS7_E12storage_typeEE4typeESE_mmmPd
    0 bytes stack frame, 0 bytes spill stores, 0 bytes spill loads
ptxas info    : Used 32 registers, used 1 barriers, 2048 bytes smem
ptxas info    : Compile time = 4.425 ms
ptxas info    : Compiling entry function '_ZN3aut17precision_packing4gemvINS_7storage10fp32_e8m23ELNS0_15arithmetic_kindE3ELNS0_11access_kindE2ELi2EEEvPKNSt11conditionalIXltsrT_10total_bitsLi8EEhNS2_5codecIS7_E12storage_typeEE4typeESE_mmmPd' for 'sm_90'
ptxas info    : Function properties for _ZN3aut17precision_packing4gemvINS_7storage10fp32_e8m23ELNS0_15arithmetic_kindE3ELNS0_11access_kindE2ELi2EEEvPKNSt11conditionalIXltsrT_10total_bitsLi8EEhNS2_5codecIS7_E12storage_typeEE4typeESE_mmmPd
    0 bytes stack frame, 0 bytes spill stores, 0 bytes spill loads
ptxas info    : Used 26 registers, used 1 barriers, 2048 bytes smem
ptxas info    : Compile time = 4.021 ms
ptxas info    : Compiling entry function '_ZN3aut17precision_packing4gemvINS_7storage10fp32_e8m23ELNS0_15arithmetic_kindE3ELNS0_11access_kindE1ELi2EEEvPKNSt11conditionalIXltsrT_10total_bitsLi8EEhNS2_5codecIS7_E12storage_typeEE4typeESE_mmmPd' for 'sm_90'
ptxas info    : Function properties for _ZN3aut17precision_packing4gemvINS_7storage10fp32_e8m23ELNS0_15arithmetic_kindE3ELNS0_11access_kindE1ELi2EEEvPKNSt11conditionalIXltsrT_10total_bitsLi8EEhNS2_5codecIS7_E12storage_typeEE4typeESE_mmmPd
    0 bytes stack frame, 0 bytes spill stores, 0 bytes spill loads
ptxas info    : Used 26 registers, used 1 barriers, 2048 bytes smem
ptxas info    : Compile time = 4.058 ms
ptxas info    : Compiling entry function '_ZN3aut17precision_packing4gemvINS_7storage10fp32_e8m23ELNS0_15arithmetic_kindE3ELNS0_11access_kindE0ELi1EEEvPKNSt11conditionalIXltsrT_10total_bitsLi8EEhNS2_5codecIS7_E12storage_typeEE4typeESE_mmmPd' for 'sm_90'
ptxas info    : Function properties for _ZN3aut17precision_packing4gemvINS_7storage10fp32_e8m23ELNS0_15arithmetic_kindE3ELNS0_11access_kindE0ELi1EEEvPKNSt11conditionalIXltsrT_10total_bitsLi8EEhNS2_5codecIS7_E12storage_typeEE4typeESE_mmmPd
    0 bytes stack frame, 0 bytes spill stores, 0 bytes spill loads
ptxas info    : Used 21 registers, used 1 barriers, 2048 bytes smem
ptxas info    : Compile time = 3.755 ms
ptxas info    : Compiling entry function '_ZN3aut17precision_packing4gemvINS_7storage10fp32_e8m23ELNS0_15arithmetic_kindE2ELNS0_11access_kindE2ELi8EEEvPKNSt11conditionalIXltsrT_10total_bitsLi8EEhNS2_5codecIS7_E12storage_typeEE4typeESE_mmmPd' for 'sm_90'
ptxas info    : Function properties for _ZN3aut17precision_packing4gemvINS_7storage10fp32_e8m23ELNS0_15arithmetic_kindE2ELNS0_11access_kindE2ELi8EEEvPKNSt11conditionalIXltsrT_10total_bitsLi8EEhNS2_5codecIS7_E12storage_typeEE4typeESE_mmmPd
    0 bytes stack frame, 0 bytes spill stores, 0 bytes spill loads
ptxas info    : Used 31 registers, used 1 barriers, 1024 bytes smem
ptxas info    : Compile time = 4.364 ms
ptxas info    : Compiling entry function '_ZN3aut17precision_packing4gemvINS_7storage10fp32_e8m23ELNS0_15arithmetic_kindE2ELNS0_11access_kindE1ELi8EEEvPKNSt11conditionalIXltsrT_10total_bitsLi8EEhNS2_5codecIS7_E12storage_typeEE4typeESE_mmmPd' for 'sm_90'
ptxas info    : Function properties for _ZN3aut17precision_packing4gemvINS_7storage10fp32_e8m23ELNS0_15arithmetic_kindE2ELNS0_11access_kindE1ELi8EEEvPKNSt11conditionalIXltsrT_10total_bitsLi8EEhNS2_5codecIS7_E12storage_typeEE4typeESE_mmmPd
    0 bytes stack frame, 0 bytes spill stores, 0 bytes spill loads
ptxas info    : Used 31 registers, used 1 barriers, 1024 bytes smem
ptxas info    : Compile time = 4.525 ms
ptxas info    : Compiling entry function '_ZN3aut17precision_packing4gemvINS_7storage10fp32_e8m23ELNS0_15arithmetic_kindE2ELNS0_11access_kindE2ELi4EEEvPKNSt11conditionalIXltsrT_10total_bitsLi8EEhNS2_5codecIS7_E12storage_typeEE4typeESE_mmmPd' for 'sm_90'
ptxas info    : Function properties for _ZN3aut17precision_packing4gemvINS_7storage10fp32_e8m23ELNS0_15arithmetic_kindE2ELNS0_11access_kindE2ELi4EEEvPKNSt11conditionalIXltsrT_10total_bitsLi8EEhNS2_5codecIS7_E12storage_typeEE4typeESE_mmmPd
    0 bytes stack frame, 0 bytes spill stores, 0 bytes spill loads
ptxas info    : Used 21 registers, used 1 barriers, 1024 bytes smem
ptxas info    : Compile time = 4.027 ms
ptxas info    : Compiling entry function '_ZN3aut17precision_packing4gemvINS_7storage10fp32_e8m23ELNS0_15arithmetic_kindE2ELNS0_11access_kindE1ELi4EEEvPKNSt11conditionalIXltsrT_10total_bitsLi8EEhNS2_5codecIS7_E12storage_typeEE4typeESE_mmmPd' for 'sm_90'
ptxas info    : Function properties for _ZN3aut17precision_packing4gemvINS_7storage10fp32_e8m23ELNS0_15arithmetic_kindE2ELNS0_11access_kindE1ELi4EEEvPKNSt11conditionalIXltsrT_10total_bitsLi8EEhNS2_5codecIS7_E12storage_typeEE4typeESE_mmmPd
    0 bytes stack frame, 0 bytes spill stores, 0 bytes spill loads
ptxas info    : Used 23 registers, used 1 barriers, 1024 bytes smem
ptxas info    : Compile time = 4.117 ms
ptxas info    : Compiling entry function '_ZN3aut17precision_packing4gemvINS_7storage10fp32_e8m23ELNS0_15arithmetic_kindE2ELNS0_11access_kindE2ELi2EEEvPKNSt11conditionalIXltsrT_10total_bitsLi8EEhNS2_5codecIS7_E12storage_typeEE4typeESE_mmmPd' for 'sm_90'
ptxas info    : Function properties for _ZN3aut17precision_packing4gemvINS_7storage10fp32_e8m23ELNS0_15arithmetic_kindE2ELNS0_11access_kindE2ELi2EEEvPKNSt11conditionalIXltsrT_10total_bitsLi8EEhNS2_5codecIS7_E12storage_typeEE4typeESE_mmmPd
    0 bytes stack frame, 0 bytes spill stores, 0 bytes spill loads
ptxas info    : Used 18 registers, used 1 barriers, 1024 bytes smem
ptxas info    : Compile time = 3.856 ms
ptxas info    : Compiling entry function '_ZN3aut17precision_packing4gemvINS_7storage10fp32_e8m23ELNS0_15arithmetic_kindE2ELNS0_11access_kindE1ELi2EEEvPKNSt11conditionalIXltsrT_10total_bitsLi8EEhNS2_5codecIS7_E12storage_typeEE4typeESE_mmmPd' for 'sm_90'
ptxas info    : Function properties for _ZN3aut17precision_packing4gemvINS_7storage10fp32_e8m23ELNS0_15arithmetic_kindE2ELNS0_11access_kindE1ELi2EEEvPKNSt11conditionalIXltsrT_10total_bitsLi8EEhNS2_5codecIS7_E12storage_typeEE4typeESE_mmmPd
    0 bytes stack frame, 0 bytes spill stores, 0 bytes spill loads
ptxas info    : Used 19 registers, used 1 barriers, 1024 bytes smem
ptxas info    : Compile time = 3.907 ms
ptxas info    : Compiling entry function '_ZN3aut17precision_packing4gemvINS_7storage10fp32_e8m23ELNS0_15arithmetic_kindE2ELNS0_11access_kindE0ELi1EEEvPKNSt11conditionalIXltsrT_10total_bitsLi8EEhNS2_5codecIS7_E12storage_typeEE4typeESE_mmmPd' for 'sm_90'
ptxas info    : Function properties for _ZN3aut17precision_packing4gemvINS_7storage10fp32_e8m23ELNS0_15arithmetic_kindE2ELNS0_11access_kindE0ELi1EEEvPKNSt11conditionalIXltsrT_10total_bitsLi8EEhNS2_5codecIS7_E12storage_typeEE4typeESE_mmmPd
    0 bytes stack frame, 0 bytes spill stores, 0 bytes spill loads
ptxas info    : Used 18 registers, used 1 barriers, 1024 bytes smem
ptxas info    : Compile time = 3.659 ms
ptxas info    : Compiling entry function '_ZN3aut17precision_packing7dot_mapINS_7storage10fp32_e8m23ELNS0_15arithmetic_kindE3ELNS0_11access_kindE2ELi8EEEvPKNSt11conditionalIXltsrT_10total_bitsLi8EEhNS2_5codecIS7_E12storage_typeEE4typeESE_mPNS0_10arithmeticIXT0_EE4typeE' for 'sm_90'
ptxas info    : Function properties for _ZN3aut17precision_packing7dot_mapINS_7storage10fp32_e8m23ELNS0_15arithmetic_kindE3ELNS0_11access_kindE2ELi8EEEvPKNSt11conditionalIXltsrT_10total_bitsLi8EEhNS2_5codecIS7_E12storage_typeEE4typeESE_mPNS0_10arithmeticIXT0_EE4typeE
    0 bytes stack frame, 0 bytes spill stores, 0 bytes spill loads
ptxas info    : Used 44 registers, used 1 barriers, 2048 bytes smem
ptxas info    : Compile time = 4.644 ms
ptxas info    : Compiling entry function '_ZN3aut17precision_packing7dot_mapINS_7storage10fp32_e8m23ELNS0_15arithmetic_kindE3ELNS0_11access_kindE1ELi8EEEvPKNSt11conditionalIXltsrT_10total_bitsLi8EEhNS2_5codecIS7_E12storage_typeEE4typeESE_mPNS0_10arithmeticIXT0_EE4typeE' for 'sm_90'
ptxas info    : Function properties for _ZN3aut17precision_packing7dot_mapINS_7storage10fp32_e8m23ELNS0_15arithmetic_kindE3ELNS0_11access_kindE1ELi8EEEvPKNSt11conditionalIXltsrT_10total_bitsLi8EEhNS2_5codecIS7_E12storage_typeEE4typeESE_mPNS0_10arithmeticIXT0_EE4typeE
    0 bytes stack frame, 0 bytes spill stores, 0 bytes spill loads
ptxas info    : Used 40 registers, used 1 barriers, 2048 bytes smem
ptxas info    : Compile time = 4.888 ms
ptxas info    : Compiling entry function '_ZN3aut17precision_packing7dot_mapINS_7storage10fp32_e8m23ELNS0_15arithmetic_kindE3ELNS0_11access_kindE2ELi4EEEvPKNSt11conditionalIXltsrT_10total_bitsLi8EEhNS2_5codecIS7_E12storage_typeEE4typeESE_mPNS0_10arithmeticIXT0_EE4typeE' for 'sm_90'
ptxas info    : Function properties for _ZN3aut17precision_packing7dot_mapINS_7storage10fp32_e8m23ELNS0_15arithmetic_kindE3ELNS0_11access_kindE2ELi4EEEvPKNSt11conditionalIXltsrT_10total_bitsLi8EEhNS2_5codecIS7_E12storage_typeEE4typeESE_mPNS0_10arithmeticIXT0_EE4typeE
    0 bytes stack frame, 0 bytes spill stores, 0 bytes spill loads
ptxas info    : Used 31 registers, used 1 barriers, 2048 bytes smem
ptxas info    : Compile time = 4.141 ms
ptxas info    : Compiling entry function '_ZN3aut17precision_packing7dot_mapINS_7storage10fp32_e8m23ELNS0_15arithmetic_kindE3ELNS0_11access_kindE1ELi4EEEvPKNSt11conditionalIXltsrT_10total_bitsLi8EEhNS2_5codecIS7_E12storage_typeEE4typeESE_mPNS0_10arithmeticIXT0_EE4typeE' for 'sm_90'
ptxas info    : Function properties for _ZN3aut17precision_packing7dot_mapINS_7storage10fp32_e8m23ELNS0_15arithmetic_kindE3ELNS0_11access_kindE1ELi4EEEvPKNSt11conditionalIXltsrT_10total_bitsLi8EEhNS2_5codecIS7_E12storage_typeEE4typeESE_mPNS0_10arithmeticIXT0_EE4typeE
    0 bytes stack frame, 0 bytes spill stores, 0 bytes spill loads
ptxas info    : Used 32 registers, used 1 barriers, 2048 bytes smem
ptxas info    : Compile time = 4.245 ms
ptxas info    : Compiling entry function '_ZN3aut17precision_packing7dot_mapINS_7storage10fp32_e8m23ELNS0_15arithmetic_kindE3ELNS0_11access_kindE2ELi2EEEvPKNSt11conditionalIXltsrT_10total_bitsLi8EEhNS2_5codecIS7_E12storage_typeEE4typeESE_mPNS0_10arithmeticIXT0_EE4typeE' for 'sm_90'
ptxas info    : Function properties for _ZN3aut17precision_packing7dot_mapINS_7storage10fp32_e8m23ELNS0_15arithmetic_kindE3ELNS0_11access_kindE2ELi2EEEvPKNSt11conditionalIXltsrT_10total_bitsLi8EEhNS2_5codecIS7_E12storage_typeEE4typeESE_mPNS0_10arithmeticIXT0_EE4typeE
    0 bytes stack frame, 0 bytes spill stores, 0 bytes spill loads
ptxas info    : Used 28 registers, used 1 barriers, 2048 bytes smem
ptxas info    : Compile time = 3.798 ms
ptxas info    : Compiling entry function '_ZN3aut17precision_packing7dot_mapINS_7storage10fp32_e8m23ELNS0_15arithmetic_kindE3ELNS0_11access_kindE1ELi2EEEvPKNSt11conditionalIXltsrT_10total_bitsLi8EEhNS2_5codecIS7_E12storage_typeEE4typeESE_mPNS0_10arithmeticIXT0_EE4typeE' for 'sm_90'
ptxas info    : Function properties for _ZN3aut17precision_packing7dot_mapINS_7storage10fp32_e8m23ELNS0_15arithmetic_kindE3ELNS0_11access_kindE1ELi2EEEvPKNSt11conditionalIXltsrT_10total_bitsLi8EEhNS2_5codecIS7_E12storage_typeEE4typeESE_mPNS0_10arithmeticIXT0_EE4typeE
    0 bytes stack frame, 0 bytes spill stores, 0 bytes spill loads
ptxas info    : Used 28 registers, used 1 barriers, 2048 bytes smem
ptxas info    : Compile time = 3.831 ms
ptxas info    : Compiling entry function '_ZN3aut17precision_packing12dot_finalizeILNS0_15arithmetic_kindE3EEEvPKNS0_10arithmeticIXT_EE4typeEmPd' for 'sm_90'
ptxas info    : Function properties for _ZN3aut17precision_packing12dot_finalizeILNS0_15arithmetic_kindE3EEEvPKNS0_10arithmeticIXT_EE4typeEmPd
    0 bytes stack frame, 0 bytes spill stores, 0 bytes spill loads
ptxas info    : Used 14 registers, used 1 barriers, 2048 bytes smem
ptxas info    : Compile time = 2.727 ms
ptxas info    : Compiling entry function '_ZN3aut17precision_packing7dot_mapINS_7storage10fp32_e8m23ELNS0_15arithmetic_kindE3ELNS0_11access_kindE0ELi1EEEvPKNSt11conditionalIXltsrT_10total_bitsLi8EEhNS2_5codecIS7_E12storage_typeEE4typeESE_mPNS0_10arithmeticIXT0_EE4typeE' for 'sm_90'
ptxas info    : Function properties for _ZN3aut17precision_packing7dot_mapINS_7storage10fp32_e8m23ELNS0_15arithmetic_kindE3ELNS0_11access_kindE0ELi1EEEvPKNSt11conditionalIXltsrT_10total_bitsLi8EEhNS2_5codecIS7_E12storage_typeEE4typeESE_mPNS0_10arithmeticIXT0_EE4typeE
    0 bytes stack frame, 0 bytes spill stores, 0 bytes spill loads
ptxas info    : Used 24 registers, used 1 barriers, 2048 bytes smem
ptxas info    : Compile time = 3.600 ms
ptxas info    : Compiling entry function '_ZN3aut17precision_packing7dot_mapINS_7storage10fp32_e8m23ELNS0_15arithmetic_kindE2ELNS0_11access_kindE2ELi8EEEvPKNSt11conditionalIXltsrT_10total_bitsLi8EEhNS2_5codecIS7_E12storage_typeEE4typeESE_mPNS0_10arithmeticIXT0_EE4typeE' for 'sm_90'
ptxas info    : Function properties for _ZN3aut17precision_packing7dot_mapINS_7storage10fp32_e8m23ELNS0_15arithmetic_kindE2ELNS0_11access_kindE2ELi8EEEvPKNSt11conditionalIXltsrT_10total_bitsLi8EEhNS2_5codecIS7_E12storage_typeEE4typeESE_mPNS0_10arithmeticIXT0_EE4typeE
    0 bytes stack frame, 0 bytes spill stores, 0 bytes spill loads
ptxas info    : Used 38 registers, used 1 barriers, 1024 bytes smem
ptxas info    : Compile time = 4.228 ms
ptxas info    : Compiling entry function '_ZN3aut17precision_packing7dot_mapINS_7storage10fp32_e8m23ELNS0_15arithmetic_kindE2ELNS0_11access_kindE1ELi8EEEvPKNSt11conditionalIXltsrT_10total_bitsLi8EEhNS2_5codecIS7_E12storage_typeEE4typeESE_mPNS0_10arithmeticIXT0_EE4typeE' for 'sm_90'
ptxas info    : Function properties for _ZN3aut17precision_packing7dot_mapINS_7storage10fp32_e8m23ELNS0_15arithmetic_kindE2ELNS0_11access_kindE1ELi8EEEvPKNSt11conditionalIXltsrT_10total_bitsLi8EEhNS2_5codecIS7_E12storage_typeEE4typeESE_mPNS0_10arithmeticIXT0_EE4typeE
    0 bytes stack frame, 0 bytes spill stores, 0 bytes spill loads
ptxas info    : Used 32 registers, used 1 barriers, 1024 bytes smem
ptxas info    : Compile time = 4.264 ms
ptxas info    : Compiling entry function '_ZN3aut17precision_packing7dot_mapINS_7storage10fp32_e8m23ELNS0_15arithmetic_kindE2ELNS0_11access_kindE2ELi4EEEvPKNSt11conditionalIXltsrT_10total_bitsLi8EEhNS2_5codecIS7_E12storage_typeEE4typeESE_mPNS0_10arithmeticIXT0_EE4typeE' for 'sm_90'
ptxas info    : Function properties for _ZN3aut17precision_packing7dot_mapINS_7storage10fp32_e8m23ELNS0_15arithmetic_kindE2ELNS0_11access_kindE2ELi4EEEvPKNSt11conditionalIXltsrT_10total_bitsLi8EEhNS2_5codecIS7_E12storage_typeEE4typeESE_mPNS0_10arithmeticIXT0_EE4typeE
    0 bytes stack frame, 0 bytes spill stores, 0 bytes spill loads
ptxas info    : Used 26 registers, used 1 barriers, 1024 bytes smem
ptxas info    : Compile time = 3.775 ms
ptxas info    : Compiling entry function '_ZN3aut17precision_packing7dot_mapINS_7storage10fp32_e8m23ELNS0_15arithmetic_kindE2ELNS0_11access_kindE1ELi4EEEvPKNSt11conditionalIXltsrT_10total_bitsLi8EEhNS2_5codecIS7_E12storage_typeEE4typeESE_mPNS0_10arithmeticIXT0_EE4typeE' for 'sm_90'
ptxas info    : Function properties for _ZN3aut17precision_packing7dot_mapINS_7storage10fp32_e8m23ELNS0_15arithmetic_kindE2ELNS0_11access_kindE1ELi4EEEvPKNSt11conditionalIXltsrT_10total_bitsLi8EEhNS2_5codecIS7_E12storage_typeEE4typeESE_mPNS0_10arithmeticIXT0_EE4typeE
    0 bytes stack frame, 0 bytes spill stores, 0 bytes spill loads
ptxas info    : Used 28 registers, used 1 barriers, 1024 bytes smem
ptxas info    : Compile time = 3.870 ms
ptxas info    : Compiling entry function '_ZN3aut17precision_packing7dot_mapINS_7storage10fp32_e8m23ELNS0_15arithmetic_kindE2ELNS0_11access_kindE2ELi2EEEvPKNSt11conditionalIXltsrT_10total_bitsLi8EEhNS2_5codecIS7_E12storage_typeEE4typeESE_mPNS0_10arithmeticIXT0_EE4typeE' for 'sm_90'
ptxas info    : Function properties for _ZN3aut17precision_packing7dot_mapINS_7storage10fp32_e8m23ELNS0_15arithmetic_kindE2ELNS0_11access_kindE2ELi2EEEvPKNSt11conditionalIXltsrT_10total_bitsLi8EEhNS2_5codecIS7_E12storage_typeEE4typeESE_mPNS0_10arithmeticIXT0_EE4typeE
    0 bytes stack frame, 0 bytes spill stores, 0 bytes spill loads
ptxas info    : Used 20 registers, used 1 barriers, 1024 bytes smem
ptxas info    : Compile time = 3.614 ms
ptxas info    : Compiling entry function '_ZN3aut17precision_packing7dot_mapINS_7storage10fp32_e8m23ELNS0_15arithmetic_kindE2ELNS0_11access_kindE1ELi2EEEvPKNSt11conditionalIXltsrT_10total_bitsLi8EEhNS2_5codecIS7_E12storage_typeEE4typeESE_mPNS0_10arithmeticIXT0_EE4typeE' for 'sm_90'
ptxas info    : Function properties for _ZN3aut17precision_packing7dot_mapINS_7storage10fp32_e8m23ELNS0_15arithmetic_kindE2ELNS0_11access_kindE1ELi2EEEvPKNSt11conditionalIXltsrT_10total_bitsLi8EEhNS2_5codecIS7_E12storage_typeEE4typeESE_mPNS0_10arithmeticIXT0_EE4typeE
    0 bytes stack frame, 0 bytes spill stores, 0 bytes spill loads
ptxas info    : Used 22 registers, used 1 barriers, 1024 bytes smem
ptxas info    : Compile time = 3.650 ms
ptxas info    : Compiling entry function '_ZN3aut17precision_packing12dot_finalizeILNS0_15arithmetic_kindE2EEEvPKNS0_10arithmeticIXT_EE4typeEmPd' for 'sm_90'
ptxas info    : Function properties for _ZN3aut17precision_packing12dot_finalizeILNS0_15arithmetic_kindE2EEEvPKNS0_10arithmeticIXT_EE4typeEmPd
    0 bytes stack frame, 0 bytes spill stores, 0 bytes spill loads
ptxas info    : Used 14 registers, used 1 barriers, 2048 bytes smem
ptxas info    : Compile time = 2.602 ms
ptxas info    : Compiling entry function '_ZN3aut17precision_packing7dot_mapINS_7storage10fp32_e8m23ELNS0_15arithmetic_kindE2ELNS0_11access_kindE0ELi1EEEvPKNSt11conditionalIXltsrT_10total_bitsLi8EEhNS2_5codecIS7_E12storage_typeEE4typeESE_mPNS0_10arithmeticIXT0_EE4typeE' for 'sm_90'
ptxas info    : Function properties for _ZN3aut17precision_packing7dot_mapINS_7storage10fp32_e8m23ELNS0_15arithmetic_kindE2ELNS0_11access_kindE0ELi1EEEvPKNSt11conditionalIXltsrT_10total_bitsLi8EEhNS2_5codecIS7_E12storage_typeEE4typeESE_mPNS0_10arithmeticIXT0_EE4typeE
    0 bytes stack frame, 0 bytes spill stores, 0 bytes spill loads
ptxas info    : Used 18 registers, used 1 barriers, 1024 bytes smem
ptxas info    : Compile time = 3.439 ms
ptxas info    : Compiling entry function '_ZN3aut17precision_packing13encode_valuesINS_7storage10fp32_e8m23EEEvPKdPNSt11conditionalIXltsrT_10total_bitsLi8EEhNS2_5codecIS7_E12storage_typeEE4typeEm' for 'sm_90'
ptxas info    : Function properties for _ZN3aut17precision_packing13encode_valuesINS_7storage10fp32_e8m23EEEvPKdPNSt11conditionalIXltsrT_10total_bitsLi8EEhNS2_5codecIS7_E12storage_typeEE4typeEm
    0 bytes stack frame, 0 bytes spill stores, 0 bytes spill loads
ptxas info    : Used 14 registers, used 0 barriers
ptxas info    : Compile time = 1.426 ms
[100%] Linking CUDA executable bin/precision_packing_bench_fp32
[100%] Built target precision_packing_bench_fp32
Building precision_packing_bench_fp8_e4m3
[ 50%] Building CUDA object CMakeFiles/precision_packing_bench_fp8_e4m3.dir/src/precision_packing_bench.cu.o
ptxas info    : 29 bytes gmem
ptxas info    : Compiling entry function '_ZN3aut17precision_packing16arithmetic_chainILNS0_15arithmetic_kindE3ELi8EEEviPd' for 'sm_90'
ptxas info    : Function properties for _ZN3aut17precision_packing16arithmetic_chainILNS0_15arithmetic_kindE3ELi8EEEviPd
    0 bytes stack frame, 0 bytes spill stores, 0 bytes spill loads
ptxas info    : Used 26 registers, used 0 barriers
ptxas info    : Compile time = 3.125 ms
ptxas info    : Compiling entry function '_ZN3aut17precision_packing16arithmetic_chainILNS0_15arithmetic_kindE3ELi4EEEviPd' for 'sm_90'
ptxas info    : Function properties for _ZN3aut17precision_packing16arithmetic_chainILNS0_15arithmetic_kindE3ELi4EEEviPd
    0 bytes stack frame, 0 bytes spill stores, 0 bytes spill loads
ptxas info    : Used 18 registers, used 0 barriers
ptxas info    : Compile time = 1.625 ms
ptxas info    : Compiling entry function '_ZN3aut17precision_packing16arithmetic_chainILNS0_15arithmetic_kindE3ELi2EEEviPd' for 'sm_90'
ptxas info    : Function properties for _ZN3aut17precision_packing16arithmetic_chainILNS0_15arithmetic_kindE3ELi2EEEviPd
    0 bytes stack frame, 0 bytes spill stores, 0 bytes spill loads
ptxas info    : Used 14 registers, used 0 barriers
ptxas info    : Compile time = 1.329 ms
ptxas info    : Compiling entry function '_ZN3aut17precision_packing16arithmetic_chainILNS0_15arithmetic_kindE3ELi1EEEviPd' for 'sm_90'
ptxas info    : Function properties for _ZN3aut17precision_packing16arithmetic_chainILNS0_15arithmetic_kindE3ELi1EEEviPd
    0 bytes stack frame, 0 bytes spill stores, 0 bytes spill loads
ptxas info    : Used 12 registers, used 0 barriers
ptxas info    : Compile time = 1.245 ms
ptxas info    : Compiling entry function '_ZN3aut17precision_packing15register_decodeINS_7storage8fp8_e4m3ELNS0_15arithmetic_kindE3ELi8EEEvPKNSt11conditionalIXltsrT_10total_bitsLi8EEhNS2_5codecIS6_E12storage_typeEE4typeEmiPd' for 'sm_90'
ptxas info    : Function properties for _ZN3aut17precision_packing15register_decodeINS_7storage8fp8_e4m3ELNS0_15arithmetic_kindE3ELi8EEEvPKNSt11conditionalIXltsrT_10total_bitsLi8EEhNS2_5codecIS6_E12storage_typeEE4typeEmiPd
    0 bytes stack frame, 0 bytes spill stores, 0 bytes spill loads
ptxas info    : Used 40 registers, used 0 barriers
ptxas info    : Compile time = 5.365 ms
ptxas info    : Compiling entry function '_ZN3aut17precision_packing15register_decodeINS_7storage8fp8_e4m3ELNS0_15arithmetic_kindE3ELi4EEEvPKNSt11conditionalIXltsrT_10total_bitsLi8EEhNS2_5codecIS6_E12storage_typeEE4typeEmiPd' for 'sm_90'
ptxas info    : Function properties for _ZN3aut17precision_packing15register_decodeINS_7storage8fp8_e4m3ELNS0_15arithmetic_kindE3ELi4EEEvPKNSt11conditionalIXltsrT_10total_bitsLi8EEhNS2_5codecIS6_E12storage_typeEE4typeEmiPd
    0 bytes stack frame, 0 bytes spill stores, 0 bytes spill loads
ptxas info    : Used 23 registers, used 0 barriers
ptxas info    : Compile time = 4.600 ms
ptxas info    : Compiling entry function '_ZN3aut17precision_packing15register_decodeINS_7storage8fp8_e4m3ELNS0_15arithmetic_kindE3ELi2EEEvPKNSt11conditionalIXltsrT_10total_bitsLi8EEhNS2_5codecIS6_E12storage_typeEE4typeEmiPd' for 'sm_90'
ptxas info    : Function properties for _ZN3aut17precision_packing15register_decodeINS_7storage8fp8_e4m3ELNS0_15arithmetic_kindE3ELi2EEEvPKNSt11conditionalIXltsrT_10total_bitsLi8EEhNS2_5codecIS6_E12storage_typeEE4typeEmiPd
    0 bytes stack frame, 0 bytes spill stores, 0 bytes spill loads
ptxas info    : Used 20 registers, used 0 barriers
ptxas info    : Compile time = 4.280 ms
ptxas info    : Compiling entry function '_ZN3aut17precision_packing15register_decodeINS_7storage8fp8_e4m3ELNS0_15arithmetic_kindE3ELi1EEEvPKNSt11conditionalIXltsrT_10total_bitsLi8EEhNS2_5codecIS6_E12storage_typeEE4typeEmiPd' for 'sm_90'
ptxas info    : Function properties for _ZN3aut17precision_packing15register_decodeINS_7storage8fp8_e4m3ELNS0_15arithmetic_kindE3ELi1EEEvPKNSt11conditionalIXltsrT_10total_bitsLi8EEhNS2_5codecIS6_E12storage_typeEE4typeEmiPd
    0 bytes stack frame, 0 bytes spill stores, 0 bytes spill loads
ptxas info    : Used 18 registers, used 0 barriers
ptxas info    : Compile time = 4.137 ms
ptxas info    : Compiling entry function '_ZN3aut17precision_packing13stream_decodeINS_7storage8fp8_e4m3ELNS0_15arithmetic_kindE3ELNS0_11access_kindE2ELi8EEEvPKNSt11conditionalIXltsrT_10total_bitsLi8EEhNS2_5codecIS7_E12storage_typeEE4typeEmPd' for 'sm_90'
ptxas info    : Function properties for _ZN3aut17precision_packing13stream_decodeINS_7storage8fp8_e4m3ELNS0_15arithmetic_kindE3ELNS0_11access_kindE2ELi8EEEvPKNSt11conditionalIXltsrT_10total_bitsLi8EEhNS2_5codecIS7_E12storage_typeEE4typeEmPd
    0 bytes stack frame, 0 bytes spill stores, 0 bytes spill loads
ptxas info    : Used 31 registers, used 1 barriers, 2048 bytes smem
ptxas info    : Compile time = 4.713 ms
ptxas info    : Compiling entry function '_ZN3aut17precision_packing13stream_decodeINS_7storage8fp8_e4m3ELNS0_15arithmetic_kindE3ELNS0_11access_kindE1ELi8EEEvPKNSt11conditionalIXltsrT_10total_bitsLi8EEhNS2_5codecIS7_E12storage_typeEE4typeEmPd' for 'sm_90'
ptxas info    : Function properties for _ZN3aut17precision_packing13stream_decodeINS_7storage8fp8_e4m3ELNS0_15arithmetic_kindE3ELNS0_11access_kindE1ELi8EEEvPKNSt11conditionalIXltsrT_10total_bitsLi8EEhNS2_5codecIS7_E12storage_typeEE4typeEmPd
    0 bytes stack frame, 0 bytes spill stores, 0 bytes spill loads
ptxas info    : Used 32 registers, used 1 barriers, 2048 bytes smem
ptxas info    : Compile time = 4.612 ms
ptxas info    : Compiling entry function '_ZN3aut17precision_packing13stream_decodeINS_7storage8fp8_e4m3ELNS0_15arithmetic_kindE3ELNS0_11access_kindE2ELi4EEEvPKNSt11conditionalIXltsrT_10total_bitsLi8EEhNS2_5codecIS7_E12storage_typeEE4typeEmPd' for 'sm_90'
ptxas info    : Function properties for _ZN3aut17precision_packing13stream_decodeINS_7storage8fp8_e4m3ELNS0_15arithmetic_kindE3ELNS0_11access_kindE2ELi4EEEvPKNSt11conditionalIXltsrT_10total_bitsLi8EEhNS2_5codecIS7_E12storage_typeEE4typeEmPd
    0 bytes stack frame, 0 bytes spill stores, 0 bytes spill loads
ptxas info    : Used 31 registers, used 1 barriers, 2048 bytes smem
ptxas info    : Compile time = 4.003 ms
ptxas info    : Compiling entry function '_ZN3aut17precision_packing13stream_decodeINS_7storage8fp8_e4m3ELNS0_15arithmetic_kindE3ELNS0_11access_kindE1ELi4EEEvPKNSt11conditionalIXltsrT_10total_bitsLi8EEhNS2_5codecIS7_E12storage_typeEE4typeEmPd' for 'sm_90'
ptxas info    : Function properties for _ZN3aut17precision_packing13stream_decodeINS_7storage8fp8_e4m3ELNS0_15arithmetic_kindE3ELNS0_11access_kindE1ELi4EEEvPKNSt11conditionalIXltsrT_10total_bitsLi8EEhNS2_5codecIS7_E12storage_typeEE4typeEmPd
    0 bytes stack frame, 0 bytes spill stores, 0 bytes spill loads
ptxas info    : Used 30 registers, used 1 barriers, 2048 bytes smem
ptxas info    : Compile time = 3.968 ms
ptxas info    : Compiling entry function '_ZN3aut17precision_packing13stream_decodeINS_7storage8fp8_e4m3ELNS0_15arithmetic_kindE3ELNS0_11access_kindE2ELi2EEEvPKNSt11conditionalIXltsrT_10total_bitsLi8EEhNS2_5codecIS7_E12storage_typeEE4typeEmPd' for 'sm_90'
ptxas info    : Function properties for _ZN3aut17precision_packing13stream_decodeINS_7storage8fp8_e4m3ELNS0_15arithmetic_kindE3ELNS0_11access_kindE2ELi2EEEvPKNSt11conditionalIXltsrT_10total_bitsLi8EEhNS2_5codecIS7_E12storage_typeEE4typeEmPd
    0 bytes stack frame, 0 bytes spill stores, 0 bytes spill loads
ptxas info    : Used 24 registers, used 1 barriers, 2048 bytes smem
ptxas info    : Compile time = 3.691 ms
ptxas info    : Compiling entry function '_ZN3aut17precision_packing13stream_decodeINS_7storage8fp8_e4m3ELNS0_15arithmetic_kindE3ELNS0_11access_kindE1ELi2EEEvPKNSt11conditionalIXltsrT_10total_bitsLi8EEhNS2_5codecIS7_E12storage_typeEE4typeEmPd' for 'sm_90'
ptxas info    : Function properties for _ZN3aut17precision_packing13stream_decodeINS_7storage8fp8_e4m3ELNS0_15arithmetic_kindE3ELNS0_11access_kindE1ELi2EEEvPKNSt11conditionalIXltsrT_10total_bitsLi8EEhNS2_5codecIS7_E12storage_typeEE4typeEmPd
    0 bytes stack frame, 0 bytes spill stores, 0 bytes spill loads
ptxas info    : Used 24 registers, used 1 barriers, 2048 bytes smem
ptxas info    : Compile time = 3.678 ms
ptxas info    : Compiling entry function '_ZN3aut17precision_packing13stream_decodeINS_7storage8fp8_e4m3ELNS0_15arithmetic_kindE3ELNS0_11access_kindE0ELi1EEEvPKNSt11conditionalIXltsrT_10total_bitsLi8EEhNS2_5codecIS7_E12storage_typeEE4typeEmPd' for 'sm_90'
ptxas info    : Function properties for _ZN3aut17precision_packing13stream_decodeINS_7storage8fp8_e4m3ELNS0_15arithmetic_kindE3ELNS0_11access_kindE0ELi1EEEvPKNSt11conditionalIXltsrT_10total_bitsLi8EEhNS2_5codecIS7_E12storage_typeEE4typeEmPd
    0 bytes stack frame, 0 bytes spill stores, 0 bytes spill loads
ptxas info    : Used 18 registers, used 1 barriers, 2048 bytes smem
ptxas info    : Compile time = 3.428 ms
ptxas info    : Compiling entry function '_ZN3aut17precision_packing16arithmetic_chainILNS0_15arithmetic_kindE2ELi8EEEviPd' for 'sm_90'
ptxas info    : Function properties for _ZN3aut17precision_packing16arithmetic_chainILNS0_15arithmetic_kindE2ELi8EEEviPd
    0 bytes stack frame, 0 bytes spill stores, 0 bytes spill loads
ptxas info    : Used 22 registers, used 0 barriers
ptxas info    : Compile time = 1.689 ms
ptxas info    : Compiling entry function '_ZN3aut17precision_packing16arithmetic_chainILNS0_15arithmetic_kindE2ELi4EEEviPd' for 'sm_90'
ptxas info    : Function properties for _ZN3aut17precision_packing16arithmetic_chainILNS0_15arithmetic_kindE2ELi4EEEviPd
    0 bytes stack frame, 0 bytes spill stores, 0 bytes spill loads
ptxas info    : Used 14 registers, used 0 barriers
ptxas info    : Compile time = 1.474 ms
ptxas info    : Compiling entry function '_ZN3aut17precision_packing16arithmetic_chainILNS0_15arithmetic_kindE2ELi2EEEviPd' for 'sm_90'
ptxas info    : Function properties for _ZN3aut17precision_packing16arithmetic_chainILNS0_15arithmetic_kindE2ELi2EEEviPd
    0 bytes stack frame, 0 bytes spill stores, 0 bytes spill loads
ptxas info    : Used 11 registers, used 0 barriers
ptxas info    : Compile time = 1.294 ms
ptxas info    : Compiling entry function '_ZN3aut17precision_packing16arithmetic_chainILNS0_15arithmetic_kindE2ELi1EEEviPd' for 'sm_90'
ptxas info    : Function properties for _ZN3aut17precision_packing16arithmetic_chainILNS0_15arithmetic_kindE2ELi1EEEviPd
    0 bytes stack frame, 0 bytes spill stores, 0 bytes spill loads
ptxas info    : Used 11 registers, used 0 barriers
ptxas info    : Compile time = 1.223 ms
ptxas info    : Compiling entry function '_ZN3aut17precision_packing15register_decodeINS_7storage8fp8_e4m3ELNS0_15arithmetic_kindE2ELi8EEEvPKNSt11conditionalIXltsrT_10total_bitsLi8EEhNS2_5codecIS6_E12storage_typeEE4typeEmiPd' for 'sm_90'
ptxas info    : Function properties for _ZN3aut17precision_packing15register_decodeINS_7storage8fp8_e4m3ELNS0_15arithmetic_kindE2ELi8EEEvPKNSt11conditionalIXltsrT_10total_bitsLi8EEhNS2_5codecIS6_E12storage_typeEE4typeEmiPd
    0 bytes stack frame, 0 bytes spill stores, 0 bytes spill loads
ptxas info    : Used 23 registers, used 0 barriers
ptxas info    : Compile time = 5.236 ms
ptxas info    : Compiling entry function '_ZN3aut17precision_packing15register_decodeINS_7storage8fp8_e4m3ELNS0_15arithmetic_kindE2ELi4EEEvPKNSt11conditionalIXltsrT_10total_bitsLi8EEhNS2_5codecIS6_E12storage_typeEE4typeEmiPd' for 'sm_90'
ptxas info    : Function properties for _ZN3aut17precision_packing15register_decodeINS_7storage8fp8_e4m3ELNS0_15arithmetic_kindE2ELi4EEEvPKNSt11conditionalIXltsrT_10total_bitsLi8EEhNS2_5codecIS6_E12storage_typeEE4typeEmiPd
    0 bytes stack frame, 0 bytes spill stores, 0 bytes spill loads
ptxas info    : Used 20 registers, used 0 barriers
ptxas info    : Compile time = 4.519 ms
ptxas info    : Compiling entry function '_ZN3aut17precision_packing15register_decodeINS_7storage8fp8_e4m3ELNS0_15arithmetic_kindE2ELi2EEEvPKNSt11conditionalIXltsrT_10total_bitsLi8EEhNS2_5codecIS6_E12storage_typeEE4typeEmiPd' for 'sm_90'
ptxas info    : Function properties for _ZN3aut17precision_packing15register_decodeINS_7storage8fp8_e4m3ELNS0_15arithmetic_kindE2ELi2EEEvPKNSt11conditionalIXltsrT_10total_bitsLi8EEhNS2_5codecIS6_E12storage_typeEE4typeEmiPd
    0 bytes stack frame, 0 bytes spill stores, 0 bytes spill loads
ptxas info    : Used 20 registers, used 0 barriers
ptxas info    : Compile time = 4.271 ms
ptxas info    : Compiling entry function '_ZN3aut17precision_packing15register_decodeINS_7storage8fp8_e4m3ELNS0_15arithmetic_kindE2ELi1EEEvPKNSt11conditionalIXltsrT_10total_bitsLi8EEhNS2_5codecIS6_E12storage_typeEE4typeEmiPd' for 'sm_90'
ptxas info    : Function properties for _ZN3aut17precision_packing15register_decodeINS_7storage8fp8_e4m3ELNS0_15arithmetic_kindE2ELi1EEEvPKNSt11conditionalIXltsrT_10total_bitsLi8EEhNS2_5codecIS6_E12storage_typeEE4typeEmiPd
    0 bytes stack frame, 0 bytes spill stores, 0 bytes spill loads
ptxas info    : Used 18 registers, used 0 barriers
ptxas info    : Compile time = 4.130 ms
ptxas info    : Compiling entry function '_ZN3aut17precision_packing13stream_decodeINS_7storage8fp8_e4m3ELNS0_15arithmetic_kindE2ELNS0_11access_kindE2ELi8EEEvPKNSt11conditionalIXltsrT_10total_bitsLi8EEhNS2_5codecIS7_E12storage_typeEE4typeEmPd' for 'sm_90'
ptxas info    : Function properties for _ZN3aut17precision_packing13stream_decodeINS_7storage8fp8_e4m3ELNS0_15arithmetic_kindE2ELNS0_11access_kindE2ELi8EEEvPKNSt11conditionalIXltsrT_10total_bitsLi8EEhNS2_5codecIS7_E12storage_typeEE4typeEmPd
    0 bytes stack frame, 0 bytes spill stores, 0 bytes spill loads
ptxas info    : Used 26 registers, used 1 barriers, 1024 bytes smem
ptxas info    : Compile time = 4.346 ms
ptxas info    : Compiling entry function '_ZN3aut17precision_packing13stream_decodeINS_7storage8fp8_e4m3ELNS0_15arithmetic_kindE2ELNS0_11access_kindE1ELi8EEEvPKNSt11conditionalIXltsrT_10total_bitsLi8EEhNS2_5codecIS7_E12storage_typeEE4typeEmPd' for 'sm_90'
ptxas info    : Function properties for _ZN3aut17precision_packing13stream_decodeINS_7storage8fp8_e4m3ELNS0_15arithmetic_kindE2ELNS0_11access_kindE1ELi8EEEvPKNSt11conditionalIXltsrT_10total_bitsLi8EEhNS2_5codecIS7_E12storage_typeEE4typeEmPd
    0 bytes stack frame, 0 bytes spill stores, 0 bytes spill loads
ptxas info    : Used 32 registers, used 1 barriers, 1024 bytes smem
ptxas info    : Compile time = 4.360 ms
ptxas info    : Compiling entry function '_ZN3aut17precision_packing13stream_decodeINS_7storage8fp8_e4m3ELNS0_15arithmetic_kindE2ELNS0_11access_kindE2ELi4EEEvPKNSt11conditionalIXltsrT_10total_bitsLi8EEhNS2_5codecIS7_E12storage_typeEE4typeEmPd' for 'sm_90'
ptxas info    : Function properties for _ZN3aut17precision_packing13stream_decodeINS_7storage8fp8_e4m3ELNS0_15arithmetic_kindE2ELNS0_11access_kindE2ELi4EEEvPKNSt11conditionalIXltsrT_10total_bitsLi8EEhNS2_5codecIS7_E12storage_typeEE4typeEmPd
    0 bytes stack frame, 0 bytes spill stores, 0 bytes spill loads
ptxas info    : Used 22 registers, used 1 barriers, 1024 bytes smem
ptxas info    : Compile time = 3.882 ms
ptxas info    : Compiling entry function '_ZN3aut17precision_packing13stream_decodeINS_7storage8fp8_e4m3ELNS0_15arithmetic_kindE2ELNS0_11access_kindE1ELi4EEEvPKNSt11conditionalIXltsrT_10total_bitsLi8EEhNS2_5codecIS7_E12storage_typeEE4typeEmPd' for 'sm_90'
ptxas info    : Function properties for _ZN3aut17precision_packing13stream_decodeINS_7storage8fp8_e4m3ELNS0_15arithmetic_kindE2ELNS0_11access_kindE1ELi4EEEvPKNSt11conditionalIXltsrT_10total_bitsLi8EEhNS2_5codecIS7_E12storage_typeEE4typeEmPd
    0 bytes stack frame, 0 bytes spill stores, 0 bytes spill loads
ptxas info    : Used 22 registers, used 1 barriers, 1024 bytes smem
ptxas info    : Compile time = 3.854 ms
ptxas info    : Compiling entry function '_ZN3aut17precision_packing13stream_decodeINS_7storage8fp8_e4m3ELNS0_15arithmetic_kindE2ELNS0_11access_kindE2ELi2EEEvPKNSt11conditionalIXltsrT_10total_bitsLi8EEhNS2_5codecIS7_E12storage_typeEE4typeEmPd' for 'sm_90'
ptxas info    : Function properties for _ZN3aut17precision_packing13stream_decodeINS_7storage8fp8_e4m3ELNS0_15arithmetic_kindE2ELNS0_11access_kindE2ELi2EEEvPKNSt11conditionalIXltsrT_10total_bitsLi8EEhNS2_5codecIS7_E12storage_typeEE4typeEmPd
    0 bytes stack frame, 0 bytes spill stores, 0 bytes spill loads
ptxas info    : Used 20 registers, used 1 barriers, 1024 bytes smem
ptxas info    : Compile time = 3.628 ms
ptxas info    : Compiling entry function '_ZN3aut17precision_packing13stream_decodeINS_7storage8fp8_e4m3ELNS0_15arithmetic_kindE2ELNS0_11access_kindE1ELi2EEEvPKNSt11conditionalIXltsrT_10total_bitsLi8EEhNS2_5codecIS7_E12storage_typeEE4typeEmPd' for 'sm_90'
ptxas info    : Function properties for _ZN3aut17precision_packing13stream_decodeINS_7storage8fp8_e4m3ELNS0_15arithmetic_kindE2ELNS0_11access_kindE1ELi2EEEvPKNSt11conditionalIXltsrT_10total_bitsLi8EEhNS2_5codecIS7_E12storage_typeEE4typeEmPd
    0 bytes stack frame, 0 bytes spill stores, 0 bytes spill loads
ptxas info    : Used 20 registers, used 1 barriers, 1024 bytes smem
ptxas info    : Compile time = 3.593 ms
ptxas info    : Compiling entry function '_ZN3aut17precision_packing13stream_decodeINS_7storage8fp8_e4m3ELNS0_15arithmetic_kindE2ELNS0_11access_kindE0ELi1EEEvPKNSt11conditionalIXltsrT_10total_bitsLi8EEhNS2_5codecIS7_E12storage_typeEE4typeEmPd' for 'sm_90'
ptxas info    : Function properties for _ZN3aut17precision_packing13stream_decodeINS_7storage8fp8_e4m3ELNS0_15arithmetic_kindE2ELNS0_11access_kindE0ELi1EEEvPKNSt11conditionalIXltsrT_10total_bitsLi8EEhNS2_5codecIS7_E12storage_typeEE4typeEmPd
    0 bytes stack frame, 0 bytes spill stores, 0 bytes spill loads
ptxas info    : Used 16 registers, used 1 barriers, 1024 bytes smem
ptxas info    : Compile time = 3.356 ms
ptxas info    : Compiling entry function '_ZN3aut17precision_packing16arithmetic_chainILNS0_15arithmetic_kindE0ELi8EEEviPd' for 'sm_90'
ptxas info    : Function properties for _ZN3aut17precision_packing16arithmetic_chainILNS0_15arithmetic_kindE0ELi8EEEviPd
    0 bytes stack frame, 0 bytes spill stores, 0 bytes spill loads
ptxas info    : Used 13 registers, used 0 barriers
ptxas info    : Compile time = 1.780 ms
ptxas info    : Compiling entry function '_ZN3aut17precision_packing16arithmetic_chainILNS0_15arithmetic_kindE0ELi4EEEviPd' for 'sm_90'
ptxas info    : Function properties for _ZN3aut17precision_packing16arithmetic_chainILNS0_15arithmetic_kindE0ELi4EEEviPd
    0 bytes stack frame, 0 bytes spill stores, 0 bytes spill loads
ptxas info    : Used 11 registers, used 0 barriers
ptxas info    : Compile time = 1.496 ms
ptxas info    : Compiling entry function '_ZN3aut17precision_packing16arithmetic_chainILNS0_15arithmetic_kindE0ELi2EEEviPd' for 'sm_90'
ptxas info    : Function properties for _ZN3aut17precision_packing16arithmetic_chainILNS0_15arithmetic_kindE0ELi2EEEviPd
    0 bytes stack frame, 0 bytes spill stores, 0 bytes spill loads
ptxas info    : Used 10 registers, used 0 barriers
ptxas info    : Compile time = 1.366 ms
ptxas info    : Compiling entry function '_ZN3aut17precision_packing16arithmetic_chainILNS0_15arithmetic_kindE0ELi1EEEviPd' for 'sm_90'
ptxas info    : Function properties for _ZN3aut17precision_packing16arithmetic_chainILNS0_15arithmetic_kindE0ELi1EEEviPd
    0 bytes stack frame, 0 bytes spill stores, 0 bytes spill loads
ptxas info    : Used 10 registers, used 0 barriers
ptxas info    : Compile time = 1.292 ms
ptxas info    : Compiling entry function '_ZN3aut17precision_packing15register_decodeINS_7storage8fp8_e4m3ELNS0_15arithmetic_kindE0ELi8EEEvPKNSt11conditionalIXltsrT_10total_bitsLi8EEhNS2_5codecIS6_E12storage_typeEE4typeEmiPd' for 'sm_90'
ptxas info    : Function properties for _ZN3aut17precision_packing15register_decodeINS_7storage8fp8_e4m3ELNS0_15arithmetic_kindE0ELi8EEEvPKNSt11conditionalIXltsrT_10total_bitsLi8EEhNS2_5codecIS6_E12storage_typeEE4typeEmiPd
    0 bytes stack frame, 0 bytes spill stores, 0 bytes spill loads
ptxas info    : Used 20 registers, used 0 barriers
ptxas info    : Compile time = 5.042 ms
ptxas info    : Compiling entry function '_ZN3aut17precision_packing15register_decodeINS_7storage8fp8_e4m3ELNS0_15arithmetic_kindE0ELi4EEEvPKNSt11conditionalIXltsrT_10total_bitsLi8EEhNS2_5codecIS6_E12storage_typeEE4typeEmiPd' for 'sm_90'
ptxas info    : Function properties for _ZN3aut17precision_packing15register_decodeINS_7storage8fp8_e4m3ELNS0_15arithmetic_kindE0ELi4EEEvPKNSt11conditionalIXltsrT_10total_bitsLi8EEhNS2_5codecIS6_E12storage_typeEE4typeEmiPd
    0 bytes stack frame, 0 bytes spill stores, 0 bytes spill loads
ptxas info    : Used 20 registers, used 0 barriers
ptxas info    : Compile time = 4.574 ms
ptxas info    : Compiling entry function '_ZN3aut17precision_packing15register_decodeINS_7storage8fp8_e4m3ELNS0_15arithmetic_kindE0ELi2EEEvPKNSt11conditionalIXltsrT_10total_bitsLi8EEhNS2_5codecIS6_E12storage_typeEE4typeEmiPd' for 'sm_90'
ptxas info    : Function properties for _ZN3aut17precision_packing15register_decodeINS_7storage8fp8_e4m3ELNS0_15arithmetic_kindE0ELi2EEEvPKNSt11conditionalIXltsrT_10total_bitsLi8EEhNS2_5codecIS6_E12storage_typeEE4typeEmiPd
    0 bytes stack frame, 0 bytes spill stores, 0 bytes spill loads
ptxas info    : Used 20 registers, used 0 barriers
ptxas info    : Compile time = 4.311 ms
ptxas info    : Compiling entry function '_ZN3aut17precision_packing15register_decodeINS_7storage8fp8_e4m3ELNS0_15arithmetic_kindE0ELi1EEEvPKNSt11conditionalIXltsrT_10total_bitsLi8EEhNS2_5codecIS6_E12storage_typeEE4typeEmiPd' for 'sm_90'
ptxas info    : Function properties for _ZN3aut17precision_packing15register_decodeINS_7storage8fp8_e4m3ELNS0_15arithmetic_kindE0ELi1EEEvPKNSt11conditionalIXltsrT_10total_bitsLi8EEhNS2_5codecIS6_E12storage_typeEE4typeEmiPd
    0 bytes stack frame, 0 bytes spill stores, 0 bytes spill loads
ptxas info    : Used 18 registers, used 0 barriers
ptxas info    : Compile time = 4.116 ms
ptxas info    : Compiling entry function '_ZN3aut17precision_packing13stream_decodeINS_7storage8fp8_e4m3ELNS0_15arithmetic_kindE0ELNS0_11access_kindE2ELi8EEEvPKNSt11conditionalIXltsrT_10total_bitsLi8EEhNS2_5codecIS7_E12storage_typeEE4typeEmPd' for 'sm_90'
ptxas info    : Function properties for _ZN3aut17precision_packing13stream_decodeINS_7storage8fp8_e4m3ELNS0_15arithmetic_kindE0ELNS0_11access_kindE2ELi8EEEvPKNSt11conditionalIXltsrT_10total_bitsLi8EEhNS2_5codecIS7_E12storage_typeEE4typeEmPd
    0 bytes stack frame, 0 bytes spill stores, 0 bytes spill loads
ptxas info    : Used 27 registers, used 1 barriers, 512 bytes smem
ptxas info    : Compile time = 4.249 ms
ptxas info    : Compiling entry function '_ZN3aut17precision_packing13stream_decodeINS_7storage8fp8_e4m3ELNS0_15arithmetic_kindE0ELNS0_11access_kindE1ELi8EEEvPKNSt11conditionalIXltsrT_10total_bitsLi8EEhNS2_5codecIS7_E12storage_typeEE4typeEmPd' for 'sm_90'
ptxas info    : Function properties for _ZN3aut17precision_packing13stream_decodeINS_7storage8fp8_e4m3ELNS0_15arithmetic_kindE0ELNS0_11access_kindE1ELi8EEEvPKNSt11conditionalIXltsrT_10total_bitsLi8EEhNS2_5codecIS7_E12storage_typeEE4typeEmPd
    0 bytes stack frame, 0 bytes spill stores, 0 bytes spill loads
ptxas info    : Used 26 registers, used 1 barriers, 512 bytes smem
ptxas info    : Compile time = 4.175 ms
ptxas info    : Compiling entry function '_ZN3aut17precision_packing13stream_decodeINS_7storage8fp8_e4m3ELNS0_15arithmetic_kindE0ELNS0_11access_kindE2ELi4EEEvPKNSt11conditionalIXltsrT_10total_bitsLi8EEhNS2_5codecIS7_E12storage_typeEE4typeEmPd' for 'sm_90'
ptxas info    : Function properties for _ZN3aut17precision_packing13stream_decodeINS_7storage8fp8_e4m3ELNS0_15arithmetic_kindE0ELNS0_11access_kindE2ELi4EEEvPKNSt11conditionalIXltsrT_10total_bitsLi8EEhNS2_5codecIS7_E12storage_typeEE4typeEmPd
    0 bytes stack frame, 0 bytes spill stores, 0 bytes spill loads
ptxas info    : Used 22 registers, used 1 barriers, 512 bytes smem
ptxas info    : Compile time = 4.052 ms
ptxas info    : Compiling entry function '_ZN3aut17precision_packing13stream_decodeINS_7storage8fp8_e4m3ELNS0_15arithmetic_kindE0ELNS0_11access_kindE1ELi4EEEvPKNSt11conditionalIXltsrT_10total_bitsLi8EEhNS2_5codecIS7_E12storage_typeEE4typeEmPd' for 'sm_90'
ptxas info    : Function properties for _ZN3aut17precision_packing13stream_decodeINS_7storage8fp8_e4m3ELNS0_15arithmetic_kindE0ELNS0_11access_kindE1ELi4EEEvPKNSt11conditionalIXltsrT_10total_bitsLi8EEhNS2_5codecIS7_E12storage_typeEE4typeEmPd
    0 bytes stack frame, 0 bytes spill stores, 0 bytes spill loads
ptxas info    : Used 20 registers, used 1 barriers, 512 bytes smem
ptxas info    : Compile time = 3.795 ms
ptxas info    : Compiling entry function '_ZN3aut17precision_packing13stream_decodeINS_7storage8fp8_e4m3ELNS0_15arithmetic_kindE0ELNS0_11access_kindE2ELi2EEEvPKNSt11conditionalIXltsrT_10total_bitsLi8EEhNS2_5codecIS7_E12storage_typeEE4typeEmPd' for 'sm_90'
ptxas info    : Function properties for _ZN3aut17precision_packing13stream_decodeINS_7storage8fp8_e4m3ELNS0_15arithmetic_kindE0ELNS0_11access_kindE2ELi2EEEvPKNSt11conditionalIXltsrT_10total_bitsLi8EEhNS2_5codecIS7_E12storage_typeEE4typeEmPd
    0 bytes stack frame, 0 bytes spill stores, 0 bytes spill loads
ptxas info    : Used 18 registers, used 1 barriers, 512 bytes smem
ptxas info    : Compile time = 3.725 ms
ptxas info    : Compiling entry function '_ZN3aut17precision_packing13stream_decodeINS_7storage8fp8_e4m3ELNS0_15arithmetic_kindE0ELNS0_11access_kindE1ELi2EEEvPKNSt11conditionalIXltsrT_10total_bitsLi8EEhNS2_5codecIS7_E12storage_typeEE4typeEmPd' for 'sm_90'
ptxas info    : Function properties for _ZN3aut17precision_packing13stream_decodeINS_7storage8fp8_e4m3ELNS0_15arithmetic_kindE0ELNS0_11access_kindE1ELi2EEEvPKNSt11conditionalIXltsrT_10total_bitsLi8EEhNS2_5codecIS7_E12storage_typeEE4typeEmPd
    0 bytes stack frame, 0 bytes spill stores, 0 bytes spill loads
ptxas info    : Used 18 registers, used 1 barriers, 512 bytes smem
ptxas info    : Compile time = 3.703 ms
ptxas info    : Compiling entry function '_ZN3aut17precision_packing13stream_decodeINS_7storage8fp8_e4m3ELNS0_15arithmetic_kindE0ELNS0_11access_kindE0ELi1EEEvPKNSt11conditionalIXltsrT_10total_bitsLi8EEhNS2_5codecIS7_E12storage_typeEE4typeEmPd' for 'sm_90'
ptxas info    : Function properties for _ZN3aut17precision_packing13stream_decodeINS_7storage8fp8_e4m3ELNS0_15arithmetic_kindE0ELNS0_11access_kindE0ELi1EEEvPKNSt11conditionalIXltsrT_10total_bitsLi8EEhNS2_5codecIS7_E12storage_typeEE4typeEmPd
    0 bytes stack frame, 0 bytes spill stores, 0 bytes spill loads
ptxas info    : Used 16 registers, used 1 barriers, 512 bytes smem
ptxas info    : Compile time = 3.406 ms
ptxas info    : Compiling entry function '_ZN3aut17precision_packing11stream_loadINS_7storage8fp8_e4m3ELNS0_11access_kindE2ELi8EEEvPKNSt11conditionalIXltsrT_10total_bitsLi8EEhNS2_5codecIS6_E12storage_typeEE4typeEmPm' for 'sm_90'
ptxas info    : Function properties for _ZN3aut17precision_packing11stream_loadINS_7storage8fp8_e4m3ELNS0_11access_kindE2ELi8EEEvPKNSt11conditionalIXltsrT_10total_bitsLi8EEhNS2_5codecIS6_E12storage_typeEE4typeEmPm
    0 bytes stack frame, 0 bytes spill stores, 0 bytes spill loads
ptxas info    : Used 20 registers, used 1 barriers, 2048 bytes smem
ptxas info    : Compile time = 3.593 ms
ptxas info    : Compiling entry function '_ZN3aut17precision_packing11stream_loadINS_7storage8fp8_e4m3ELNS0_11access_kindE1ELi8EEEvPKNSt11conditionalIXltsrT_10total_bitsLi8EEhNS2_5codecIS6_E12storage_typeEE4typeEmPm' for 'sm_90'
ptxas info    : Function properties for _ZN3aut17precision_packing11stream_loadINS_7storage8fp8_e4m3ELNS0_11access_kindE1ELi8EEEvPKNSt11conditionalIXltsrT_10total_bitsLi8EEhNS2_5codecIS6_E12storage_typeEE4typeEmPm
    0 bytes stack frame, 0 bytes spill stores, 0 bytes spill loads
ptxas info    : Used 26 registers, used 1 barriers, 2048 bytes smem
ptxas info    : Compile time = 4.017 ms
ptxas info    : Compiling entry function '_ZN3aut17precision_packing11stream_loadINS_7storage8fp8_e4m3ELNS0_11access_kindE2ELi4EEEvPKNSt11conditionalIXltsrT_10total_bitsLi8EEhNS2_5codecIS6_E12storage_typeEE4typeEmPm' for 'sm_90'
ptxas info    : Function properties for _ZN3aut17precision_packing11stream_loadINS_7storage8fp8_e4m3ELNS0_11access_kindE2ELi4EEEvPKNSt11conditionalIXltsrT_10total_bitsLi8EEhNS2_5codecIS6_E12storage_typeEE4typeEmPm
    0 bytes stack frame, 0 bytes spill stores, 0 bytes spill loads
ptxas info    : Used 18 registers, used 1 barriers, 2048 bytes smem
ptxas info    : Compile time = 3.509 ms
ptxas info    : Compiling entry function '_ZN3aut17precision_packing11stream_loadINS_7storage8fp8_e4m3ELNS0_11access_kindE1ELi4EEEvPKNSt11conditionalIXltsrT_10total_bitsLi8EEhNS2_5codecIS6_E12storage_typeEE4typeEmPm' for 'sm_90'
ptxas info    : Function properties for _ZN3aut17precision_packing11stream_loadINS_7storage8fp8_e4m3ELNS0_11access_kindE1ELi4EEEvPKNSt11conditionalIXltsrT_10total_bitsLi8EEhNS2_5codecIS6_E12storage_typeEE4typeEmPm
    0 bytes stack frame, 0 bytes spill stores, 0 bytes spill loads
ptxas info    : Used 24 registers, used 1 barriers, 2048 bytes smem
ptxas info    : Compile time = 3.733 ms
ptxas info    : Compiling entry function '_ZN3aut17precision_packing11stream_loadINS_7storage8fp8_e4m3ELNS0_11access_kindE2ELi2EEEvPKNSt11conditionalIXltsrT_10total_bitsLi8EEhNS2_5codecIS6_E12storage_typeEE4typeEmPm' for 'sm_90'
ptxas info    : Function properties for _ZN3aut17precision_packing11stream_loadINS_7storage8fp8_e4m3ELNS0_11access_kindE2ELi2EEEvPKNSt11conditionalIXltsrT_10total_bitsLi8EEhNS2_5codecIS6_E12storage_typeEE4typeEmPm
    0 bytes stack frame, 0 bytes spill stores, 0 bytes spill loads
ptxas info    : Used 18 registers, used 1 barriers, 2048 bytes smem
ptxas info    : Compile time = 3.518 ms
ptxas info    : Compiling entry function '_ZN3aut17precision_packing11stream_loadINS_7storage8fp8_e4m3ELNS0_11access_kindE1ELi2EEEvPKNSt11conditionalIXltsrT_10total_bitsLi8EEhNS2_5codecIS6_E12storage_typeEE4typeEmPm' for 'sm_90'
ptxas info    : Function properties for _ZN3aut17precision_packing11stream_loadINS_7storage8fp8_e4m3ELNS0_11access_kindE1ELi2EEEvPKNSt11conditionalIXltsrT_10total_bitsLi8EEhNS2_5codecIS6_E12storage_typeEE4typeEmPm
    0 bytes stack frame, 0 bytes spill stores, 0 bytes spill loads
ptxas info    : Used 22 registers, used 1 barriers, 2048 bytes smem
ptxas info    : Compile time = 3.614 ms
ptxas info    : Compiling entry function '_ZN3aut17precision_packing11stream_loadINS_7storage8fp8_e4m3ELNS0_11access_kindE0ELi1EEEvPKNSt11conditionalIXltsrT_10total_bitsLi8EEhNS2_5codecIS6_E12storage_typeEE4typeEmPm' for 'sm_90'
ptxas info    : Function properties for _ZN3aut17precision_packing11stream_loadINS_7storage8fp8_e4m3ELNS0_11access_kindE0ELi1EEEvPKNSt11conditionalIXltsrT_10total_bitsLi8EEhNS2_5codecIS6_E12storage_typeEE4typeEmPm
    0 bytes stack frame, 0 bytes spill stores, 0 bytes spill loads
ptxas info    : Used 16 registers, used 1 barriers, 2048 bytes smem
ptxas info    : Compile time = 3.415 ms
ptxas info    : Compiling entry function '_ZN3aut17precision_packing4gemvINS_7storage8fp8_e4m3ELNS0_15arithmetic_kindE3ELNS0_11access_kindE2ELi8EEEvPKNSt11conditionalIXltsrT_10total_bitsLi8EEhNS2_5codecIS7_E12storage_typeEE4typeESE_mmmPd' for 'sm_90'
ptxas info    : Function properties for _ZN3aut17precision_packing4gemvINS_7storage8fp8_e4m3ELNS0_15arithmetic_kindE3ELNS0_11access_kindE2ELi8EEEvPKNSt11conditionalIXltsrT_10total_bitsLi8EEhNS2_5codecIS7_E12storage_typeEE4typeESE_mmmPd
    0 bytes stack frame, 0 bytes spill stores, 0 bytes spill loads
ptxas info    : Used 32 registers, used 1 barriers, 2048 bytes smem
ptxas info    : Compile time = 5.789 ms
ptxas info    : Compiling entry function '_ZN3aut17precision_packing4gemvINS_7storage8fp8_e4m3ELNS0_15arithmetic_kindE3ELNS0_11access_kindE1ELi8EEEvPKNSt11conditionalIXltsrT_10total_bitsLi8EEhNS2_5codecIS7_E12storage_typeEE4typeESE_mmmPd' for 'sm_90'
ptxas info    : Function properties for _ZN3aut17precision_packing4gemvINS_7storage8fp8_e4m3ELNS0_15arithmetic_kindE3ELNS0_11access_kindE1ELi8EEEvPKNSt11conditionalIXltsrT_10total_bitsLi8EEhNS2_5codecIS7_E12storage_typeEE4typeESE_mmmPd
    0 bytes stack frame, 0 bytes spill stores, 0 bytes spill loads
ptxas info    : Used 32 registers, used 1 barriers, 2048 bytes smem
ptxas info    : Compile time = 5.685 ms
ptxas info    : Compiling entry function '_ZN3aut17precision_packing4gemvINS_7storage8fp8_e4m3ELNS0_15arithmetic_kindE3ELNS0_11access_kindE2ELi4EEEvPKNSt11conditionalIXltsrT_10total_bitsLi8EEhNS2_5codecIS7_E12storage_typeEE4typeESE_mmmPd' for 'sm_90'
ptxas info    : Function properties for _ZN3aut17precision_packing4gemvINS_7storage8fp8_e4m3ELNS0_15arithmetic_kindE3ELNS0_11access_kindE2ELi4EEEvPKNSt11conditionalIXltsrT_10total_bitsLi8EEhNS2_5codecIS7_E12storage_typeEE4typeESE_mmmPd
    0 bytes stack frame, 0 bytes spill stores, 0 bytes spill loads
ptxas info    : Used 30 registers, used 1 barriers, 2048 bytes smem
ptxas info    : Compile time = 4.819 ms
ptxas info    : Compiling entry function '_ZN3aut17precision_packing4gemvINS_7storage8fp8_e4m3ELNS0_15arithmetic_kindE3ELNS0_11access_kindE1ELi4EEEvPKNSt11conditionalIXltsrT_10total_bitsLi8EEhNS2_5codecIS7_E12storage_typeEE4typeESE_mmmPd' for 'sm_90'
ptxas info    : Function properties for _ZN3aut17precision_packing4gemvINS_7storage8fp8_e4m3ELNS0_15arithmetic_kindE3ELNS0_11access_kindE1ELi4EEEvPKNSt11conditionalIXltsrT_10total_bitsLi8EEhNS2_5codecIS7_E12storage_typeEE4typeESE_mmmPd
    0 bytes stack frame, 0 bytes spill stores, 0 bytes spill loads
ptxas info    : Used 29 registers, used 1 barriers, 2048 bytes smem
ptxas info    : Compile time = 4.783 ms
ptxas info    : Compiling entry function '_ZN3aut17precision_packing4gemvINS_7storage8fp8_e4m3ELNS0_15arithmetic_kindE3ELNS0_11access_kindE2ELi2EEEvPKNSt11conditionalIXltsrT_10total_bitsLi8EEhNS2_5codecIS7_E12storage_typeEE4typeESE_mmmPd' for 'sm_90'
ptxas info    : Function properties for _ZN3aut17precision_packing4gemvINS_7storage8fp8_e4m3ELNS0_15arithmetic_kindE3ELNS0_11access_kindE2ELi2EEEvPKNSt11conditionalIXltsrT_10total_bitsLi8EEhNS2_5codecIS7_E12storage_typeEE4typeESE_mmmPd
    0 bytes stack frame, 0 bytes spill stores, 0 bytes spill loads
ptxas info    : Used 23 registers, used 1 barriers, 2048 bytes smem
ptxas info    : Compile time = 4.299 ms
ptxas info    : Compiling entry function '_ZN3aut17precision_packing4gemvINS_7storage8fp8_e4m3ELNS0_15arithmetic_kindE3ELNS0_11access_kindE1ELi2EEEvPKNSt11conditionalIXltsrT_10total_bitsLi8EEhNS2_5codecIS7_E12storage_typeEE4typeESE_mmmPd' for 'sm_90'
ptxas info    : Function properties for _ZN3aut17precision_packing4gemvINS_7storage8fp8_e4m3ELNS0_15arithmetic_kindE3ELNS0_11access_kindE1ELi2EEEvPKNSt11conditionalIXltsrT_10total_bitsLi8EEhNS2_5codecIS7_E12storage_typeEE4typeESE_mmmPd
    0 bytes stack frame, 0 bytes spill stores, 0 bytes spill loads
ptxas info    : Used 23 registers, used 1 barriers, 2048 bytes smem
ptxas info    : Compile time = 4.267 ms
ptxas info    : Compiling entry function '_ZN3aut17precision_packing4gemvINS_7storage8fp8_e4m3ELNS0_15arithmetic_kindE3ELNS0_11access_kindE0ELi1EEEvPKNSt11conditionalIXltsrT_10total_bitsLi8EEhNS2_5codecIS7_E12storage_typeEE4typeESE_mmmPd' for 'sm_90'
ptxas info    : Function properties for _ZN3aut17precision_packing4gemvINS_7storage8fp8_e4m3ELNS0_15arithmetic_kindE3ELNS0_11access_kindE0ELi1EEEvPKNSt11conditionalIXltsrT_10total_bitsLi8EEhNS2_5codecIS7_E12storage_typeEE4typeESE_mmmPd
    0 bytes stack frame, 0 bytes spill stores, 0 bytes spill loads
ptxas info    : Used 21 registers, used 1 barriers, 2048 bytes smem
ptxas info    : Compile time = 3.879 ms
ptxas info    : Compiling entry function '_ZN3aut17precision_packing4gemvINS_7storage8fp8_e4m3ELNS0_15arithmetic_kindE2ELNS0_11access_kindE2ELi8EEEvPKNSt11conditionalIXltsrT_10total_bitsLi8EEhNS2_5codecIS7_E12storage_typeEE4typeESE_mmmPd' for 'sm_90'
ptxas info    : Function properties for _ZN3aut17precision_packing4gemvINS_7storage8fp8_e4m3ELNS0_15arithmetic_kindE2ELNS0_11access_kindE2ELi8EEEvPKNSt11conditionalIXltsrT_10total_bitsLi8EEhNS2_5codecIS7_E12storage_typeEE4typeESE_mmmPd
    0 bytes stack frame, 0 bytes spill stores, 0 bytes spill loads
ptxas info    : Used 27 registers, used 1 barriers, 1024 bytes smem
ptxas info    : Compile time = 5.441 ms
ptxas info    : Compiling entry function '_ZN3aut17precision_packing4gemvINS_7storage8fp8_e4m3ELNS0_15arithmetic_kindE2ELNS0_11access_kindE1ELi8EEEvPKNSt11conditionalIXltsrT_10total_bitsLi8EEhNS2_5codecIS7_E12storage_typeEE4typeESE_mmmPd' for 'sm_90'
ptxas info    : Function properties for _ZN3aut17precision_packing4gemvINS_7storage8fp8_e4m3ELNS0_15arithmetic_kindE2ELNS0_11access_kindE1ELi8EEEvPKNSt11conditionalIXltsrT_10total_bitsLi8EEhNS2_5codecIS7_E12storage_typeEE4typeESE_mmmPd
    0 bytes stack frame, 0 bytes spill stores, 0 bytes spill loads
ptxas info    : Used 32 registers, used 1 barriers, 1024 bytes smem
ptxas info    : Compile time = 5.451 ms
ptxas info    : Compiling entry function '_ZN3aut17precision_packing4gemvINS_7storage8fp8_e4m3ELNS0_15arithmetic_kindE2ELNS0_11access_kindE2ELi4EEEvPKNSt11conditionalIXltsrT_10total_bitsLi8EEhNS2_5codecIS7_E12storage_typeEE4typeESE_mmmPd' for 'sm_90'
ptxas info    : Function properties for _ZN3aut17precision_packing4gemvINS_7storage8fp8_e4m3ELNS0_15arithmetic_kindE2ELNS0_11access_kindE2ELi4EEEvPKNSt11conditionalIXltsrT_10total_bitsLi8EEhNS2_5codecIS7_E12storage_typeEE4typeESE_mmmPd
    0 bytes stack frame, 0 bytes spill stores, 0 bytes spill loads
ptxas info    : Used 22 registers, used 1 barriers, 1024 bytes smem
ptxas info    : Compile time = 4.868 ms
ptxas info    : Compiling entry function '_ZN3aut17precision_packing4gemvINS_7storage8fp8_e4m3ELNS0_15arithmetic_kindE2ELNS0_11access_kindE1ELi4EEEvPKNSt11conditionalIXltsrT_10total_bitsLi8EEhNS2_5codecIS7_E12storage_typeEE4typeESE_mmmPd' for 'sm_90'
ptxas info    : Function properties for _ZN3aut17precision_packing4gemvINS_7storage8fp8_e4m3ELNS0_15arithmetic_kindE2ELNS0_11access_kindE1ELi4EEEvPKNSt11conditionalIXltsrT_10total_bitsLi8EEhNS2_5codecIS7_E12storage_typeEE4typeESE_mmmPd
    0 bytes stack frame, 0 bytes spill stores, 0 bytes spill loads
ptxas info    : Used 25 registers, used 1 barriers, 1024 bytes smem
ptxas info    : Compile time = 4.623 ms
ptxas info    : Compiling entry function '_ZN3aut17precision_packing4gemvINS_7storage8fp8_e4m3ELNS0_15arithmetic_kindE2ELNS0_11access_kindE2ELi2EEEvPKNSt11conditionalIXltsrT_10total_bitsLi8EEhNS2_5codecIS7_E12storage_typeEE4typeESE_mmmPd' for 'sm_90'
ptxas info    : Function properties for _ZN3aut17precision_packing4gemvINS_7storage8fp8_e4m3ELNS0_15arithmetic_kindE2ELNS0_11access_kindE2ELi2EEEvPKNSt11conditionalIXltsrT_10total_bitsLi8EEhNS2_5codecIS7_E12storage_typeEE4typeESE_mmmPd
    0 bytes stack frame, 0 bytes spill stores, 0 bytes spill loads
ptxas info    : Used 18 registers, used 1 barriers, 1024 bytes smem
ptxas info    : Compile time = 4.283 ms
ptxas info    : Compiling entry function '_ZN3aut17precision_packing4gemvINS_7storage8fp8_e4m3ELNS0_15arithmetic_kindE2ELNS0_11access_kindE1ELi2EEEvPKNSt11conditionalIXltsrT_10total_bitsLi8EEhNS2_5codecIS7_E12storage_typeEE4typeESE_mmmPd' for 'sm_90'
ptxas info    : Function properties for _ZN3aut17precision_packing4gemvINS_7storage8fp8_e4m3ELNS0_15arithmetic_kindE2ELNS0_11access_kindE1ELi2EEEvPKNSt11conditionalIXltsrT_10total_bitsLi8EEhNS2_5codecIS7_E12storage_typeEE4typeESE_mmmPd
    0 bytes stack frame, 0 bytes spill stores, 0 bytes spill loads
ptxas info    : Used 19 registers, used 1 barriers, 1024 bytes smem
ptxas info    : Compile time = 4.246 ms
ptxas info    : Compiling entry function '_ZN3aut17precision_packing4gemvINS_7storage8fp8_e4m3ELNS0_15arithmetic_kindE2ELNS0_11access_kindE0ELi1EEEvPKNSt11conditionalIXltsrT_10total_bitsLi8EEhNS2_5codecIS7_E12storage_typeEE4typeESE_mmmPd' for 'sm_90'
ptxas info    : Function properties for _ZN3aut17precision_packing4gemvINS_7storage8fp8_e4m3ELNS0_15arithmetic_kindE2ELNS0_11access_kindE0ELi1EEEvPKNSt11conditionalIXltsrT_10total_bitsLi8EEhNS2_5codecIS7_E12storage_typeEE4typeESE_mmmPd
    0 bytes stack frame, 0 bytes spill stores, 0 bytes spill loads
ptxas info    : Used 18 registers, used 1 barriers, 1024 bytes smem
ptxas info    : Compile time = 3.915 ms
ptxas info    : Compiling entry function '_ZN3aut17precision_packing4gemvINS_7storage8fp8_e4m3ELNS0_15arithmetic_kindE0ELNS0_11access_kindE2ELi8EEEvPKNSt11conditionalIXltsrT_10total_bitsLi8EEhNS2_5codecIS7_E12storage_typeEE4typeESE_mmmPd' for 'sm_90'
ptxas info    : Function properties for _ZN3aut17precision_packing4gemvINS_7storage8fp8_e4m3ELNS0_15arithmetic_kindE0ELNS0_11access_kindE2ELi8EEEvPKNSt11conditionalIXltsrT_10total_bitsLi8EEhNS2_5codecIS7_E12storage_typeEE4typeESE_mmmPd
    0 bytes stack frame, 0 bytes spill stores, 0 bytes spill loads
ptxas info    : Used 29 registers, used 1 barriers, 512 bytes smem
ptxas info    : Compile time = 5.424 ms
ptxas info    : Compiling entry function '_ZN3aut17precision_packing4gemvINS_7storage8fp8_e4m3ELNS0_15arithmetic_kindE0ELNS0_11access_kindE1ELi8EEEvPKNSt11conditionalIXltsrT_10total_bitsLi8EEhNS2_5codecIS7_E12storage_typeEE4typeESE_mmmPd' for 'sm_90'
ptxas info    : Function properties for _ZN3aut17precision_packing4gemvINS_7storage8fp8_e4m3ELNS0_15arithmetic_kindE0ELNS0_11access_kindE1ELi8EEEvPKNSt11conditionalIXltsrT_10total_bitsLi8EEhNS2_5codecIS7_E12storage_typeEE4typeESE_mmmPd
    0 bytes stack frame, 0 bytes spill stores, 0 bytes spill loads
ptxas info    : Used 32 registers, used 1 barriers, 512 bytes smem
ptxas info    : Compile time = 5.218 ms
ptxas info    : Compiling entry function '_ZN3aut17precision_packing4gemvINS_7storage8fp8_e4m3ELNS0_15arithmetic_kindE0ELNS0_11access_kindE2ELi4EEEvPKNSt11conditionalIXltsrT_10total_bitsLi8EEhNS2_5codecIS7_E12storage_typeEE4typeESE_mmmPd' for 'sm_90'
ptxas info    : Function properties for _ZN3aut17precision_packing4gemvINS_7storage8fp8_e4m3ELNS0_15arithmetic_kindE0ELNS0_11access_kindE2ELi4EEEvPKNSt11conditionalIXltsrT_10total_bitsLi8EEhNS2_5codecIS7_E12storage_typeEE4typeESE_mmmPd
    0 bytes stack frame, 0 bytes spill stores, 0 bytes spill loads
ptxas info    : Used 20 registers, used 1 barriers, 512 bytes smem
ptxas info    : Compile time = 4.730 ms
ptxas info    : Compiling entry function '_ZN3aut17precision_packing4gemvINS_7storage8fp8_e4m3ELNS0_15arithmetic_kindE0ELNS0_11access_kindE1ELi4EEEvPKNSt11conditionalIXltsrT_10total_bitsLi8EEhNS2_5codecIS7_E12storage_typeEE4typeESE_mmmPd' for 'sm_90'
ptxas info    : Function properties for _ZN3aut17precision_packing4gemvINS_7storage8fp8_e4m3ELNS0_15arithmetic_kindE0ELNS0_11access_kindE1ELi4EEEvPKNSt11conditionalIXltsrT_10total_bitsLi8EEhNS2_5codecIS7_E12storage_typeEE4typeESE_mmmPd
    0 bytes stack frame, 0 bytes spill stores, 0 bytes spill loads
ptxas info    : Used 23 registers, used 1 barriers, 512 bytes smem
ptxas info    : Compile time = 4.669 ms
ptxas info    : Compiling entry function '_ZN3aut17precision_packing4gemvINS_7storage8fp8_e4m3ELNS0_15arithmetic_kindE0ELNS0_11access_kindE2ELi2EEEvPKNSt11conditionalIXltsrT_10total_bitsLi8EEhNS2_5codecIS7_E12storage_typeEE4typeESE_mmmPd' for 'sm_90'
ptxas info    : Function properties for _ZN3aut17precision_packing4gemvINS_7storage8fp8_e4m3ELNS0_15arithmetic_kindE0ELNS0_11access_kindE2ELi2EEEvPKNSt11conditionalIXltsrT_10total_bitsLi8EEhNS2_5codecIS7_E12storage_typeEE4typeESE_mmmPd
    0 bytes stack frame, 0 bytes spill stores, 0 bytes spill loads
ptxas info    : Used 17 registers, used 1 barriers, 512 bytes smem
ptxas info    : Compile time = 4.341 ms
ptxas info    : Compiling entry function '_ZN3aut17precision_packing4gemvINS_7storage8fp8_e4m3ELNS0_15arithmetic_kindE0ELNS0_11access_kindE1ELi2EEEvPKNSt11conditionalIXltsrT_10total_bitsLi8EEhNS2_5codecIS7_E12storage_typeEE4typeESE_mmmPd' for 'sm_90'
ptxas info    : Function properties for _ZN3aut17precision_packing4gemvINS_7storage8fp8_e4m3ELNS0_15arithmetic_kindE0ELNS0_11access_kindE1ELi2EEEvPKNSt11conditionalIXltsrT_10total_bitsLi8EEhNS2_5codecIS7_E12storage_typeEE4typeESE_mmmPd
    0 bytes stack frame, 0 bytes spill stores, 0 bytes spill loads
ptxas info    : Used 18 registers, used 1 barriers, 512 bytes smem
ptxas info    : Compile time = 4.335 ms
ptxas info    : Compiling entry function '_ZN3aut17precision_packing4gemvINS_7storage8fp8_e4m3ELNS0_15arithmetic_kindE0ELNS0_11access_kindE0ELi1EEEvPKNSt11conditionalIXltsrT_10total_bitsLi8EEhNS2_5codecIS7_E12storage_typeEE4typeESE_mmmPd' for 'sm_90'
ptxas info    : Function properties for _ZN3aut17precision_packing4gemvINS_7storage8fp8_e4m3ELNS0_15arithmetic_kindE0ELNS0_11access_kindE0ELi1EEEvPKNSt11conditionalIXltsrT_10total_bitsLi8EEhNS2_5codecIS7_E12storage_typeEE4typeESE_mmmPd
    0 bytes stack frame, 0 bytes spill stores, 0 bytes spill loads
ptxas info    : Used 16 registers, used 1 barriers, 512 bytes smem
ptxas info    : Compile time = 3.964 ms
ptxas info    : Compiling entry function '_ZN3aut17precision_packing7dot_mapINS_7storage8fp8_e4m3ELNS0_15arithmetic_kindE3ELNS0_11access_kindE2ELi8EEEvPKNSt11conditionalIXltsrT_10total_bitsLi8EEhNS2_5codecIS7_E12storage_typeEE4typeESE_mPNS0_10arithmeticIXT0_EE4typeE' for 'sm_90'
ptxas info    : Function properties for _ZN3aut17precision_packing7dot_mapINS_7storage8fp8_e4m3ELNS0_15arithmetic_kindE3ELNS0_11access_kindE2ELi8EEEvPKNSt11conditionalIXltsrT_10total_bitsLi8EEhNS2_5codecIS7_E12storage_typeEE4typeESE_mPNS0_10arithmeticIXT0_EE4typeE
    0 bytes stack frame, 0 bytes spill stores, 0 bytes spill loads
ptxas info    : Used 37 registers, used 1 barriers, 2048 bytes smem
ptxas info    : Compile time = 5.676 ms
ptxas info    : Compiling entry function '_ZN3aut17precision_packing7dot_mapINS_7storage8fp8_e4m3ELNS0_15arithmetic_kindE3ELNS0_11access_kindE1ELi8EEEvPKNSt11conditionalIXltsrT_10total_bitsLi8EEhNS2_5codecIS7_E12storage_typeEE4typeESE_mPNS0_10arithmeticIXT0_EE4typeE' for 'sm_90'
ptxas info    : Function properties for _ZN3aut17precision_packing7dot_mapINS_7storage8fp8_e4m3ELNS0_15arithmetic_kindE3ELNS0_11access_kindE1ELi8EEEvPKNSt11conditionalIXltsrT_10total_bitsLi8EEhNS2_5codecIS7_E12storage_typeEE4typeESE_mPNS0_10arithmeticIXT0_EE4typeE
    0 bytes stack frame, 0 bytes spill stores, 0 bytes spill loads
ptxas info    : Used 40 registers, used 1 barriers, 2048 bytes smem
ptxas info    : Compile time = 5.639 ms
ptxas info    : Compiling entry function '_ZN3aut17precision_packing7dot_mapINS_7storage8fp8_e4m3ELNS0_15arithmetic_kindE3ELNS0_11access_kindE2ELi4EEEvPKNSt11conditionalIXltsrT_10total_bitsLi8EEhNS2_5codecIS7_E12storage_typeEE4typeESE_mPNS0_10arithmeticIXT0_EE4typeE' for 'sm_90'
ptxas info    : Function properties for _ZN3aut17precision_packing7dot_mapINS_7storage8fp8_e4m3ELNS0_15arithmetic_kindE3ELNS0_11access_kindE2ELi4EEEvPKNSt11conditionalIXltsrT_10total_bitsLi8EEhNS2_5codecIS7_E12storage_typeEE4typeESE_mPNS0_10arithmeticIXT0_EE4typeE
    0 bytes stack frame, 0 bytes spill stores, 0 bytes spill loads
ptxas info    : Used 30 registers, used 1 barriers, 2048 bytes smem
ptxas info    : Compile time = 4.766 ms
ptxas info    : Compiling entry function '_ZN3aut17precision_packing7dot_mapINS_7storage8fp8_e4m3ELNS0_15arithmetic_kindE3ELNS0_11access_kindE1ELi4EEEvPKNSt11conditionalIXltsrT_10total_bitsLi8EEhNS2_5codecIS7_E12storage_typeEE4typeESE_mPNS0_10arithmeticIXT0_EE4typeE' for 'sm_90'
ptxas info    : Function properties for _ZN3aut17precision_packing7dot_mapINS_7storage8fp8_e4m3ELNS0_15arithmetic_kindE3ELNS0_11access_kindE1ELi4EEEvPKNSt11conditionalIXltsrT_10total_bitsLi8EEhNS2_5codecIS7_E12storage_typeEE4typeESE_mPNS0_10arithmeticIXT0_EE4typeE
    0 bytes stack frame, 0 bytes spill stores, 0 bytes spill loads
ptxas info    : Used 32 registers, used 1 barriers, 2048 bytes smem
ptxas info    : Compile time = 4.742 ms
ptxas info    : Compiling entry function '_ZN3aut17precision_packing7dot_mapINS_7storage8fp8_e4m3ELNS0_15arithmetic_kindE3ELNS0_11access_kindE2ELi2EEEvPKNSt11conditionalIXltsrT_10total_bitsLi8EEhNS2_5codecIS7_E12storage_typeEE4typeESE_mPNS0_10arithmeticIXT0_EE4typeE' for 'sm_90'
ptxas info    : Function properties for _ZN3aut17precision_packing7dot_mapINS_7storage8fp8_e4m3ELNS0_15arithmetic_kindE3ELNS0_11access_kindE2ELi2EEEvPKNSt11conditionalIXltsrT_10total_bitsLi8EEhNS2_5codecIS7_E12storage_typeEE4typeESE_mPNS0_10arithmeticIXT0_EE4typeE
    0 bytes stack frame, 0 bytes spill stores, 0 bytes spill loads
ptxas info    : Used 24 registers, used 1 barriers, 2048 bytes smem
ptxas info    : Compile time = 4.179 ms
ptxas info    : Compiling entry function '_ZN3aut17precision_packing7dot_mapINS_7storage8fp8_e4m3ELNS0_15arithmetic_kindE3ELNS0_11access_kindE1ELi2EEEvPKNSt11conditionalIXltsrT_10total_bitsLi8EEhNS2_5codecIS7_E12storage_typeEE4typeESE_mPNS0_10arithmeticIXT0_EE4typeE' for 'sm_90'
ptxas info    : Function properties for _ZN3aut17precision_packing7dot_mapINS_7storage8fp8_e4m3ELNS0_15arithmetic_kindE3ELNS0_11access_kindE1ELi2EEEvPKNSt11conditionalIXltsrT_10total_bitsLi8EEhNS2_5codecIS7_E12storage_typeEE4typeESE_mPNS0_10arithmeticIXT0_EE4typeE
    0 bytes stack frame, 0 bytes spill stores, 0 bytes spill loads
ptxas info    : Used 26 registers, used 1 barriers, 2048 bytes smem
ptxas info    : Compile time = 4.148 ms
ptxas info    : Compiling entry function '_ZN3aut17precision_packing12dot_finalizeILNS0_15arithmetic_kindE3EEEvPKNS0_10arithmeticIXT_EE4typeEmPd' for 'sm_90'
ptxas info    : Function properties for _ZN3aut17precision_packing12dot_finalizeILNS0_15arithmetic_kindE3EEEvPKNS0_10arithmeticIXT_EE4typeEmPd
    0 bytes stack frame, 0 bytes spill stores, 0 bytes spill loads
ptxas info    : Used 14 registers, used 1 barriers, 2048 bytes smem
ptxas info    : Compile time = 2.598 ms
ptxas info    : Compiling entry function '_ZN3aut17precision_packing7dot_mapINS_7storage8fp8_e4m3ELNS0_15arithmetic_kindE3ELNS0_11access_kindE0ELi1EEEvPKNSt11conditionalIXltsrT_10total_bitsLi8EEhNS2_5codecIS7_E12storage_typeEE4typeESE_mPNS0_10arithmeticIXT0_EE4typeE' for 'sm_90'
ptxas info    : Function properties for _ZN3aut17precision_packing7dot_mapINS_7storage8fp8_e4m3ELNS0_15arithmetic_kindE3ELNS0_11access_kindE0ELi1EEEvPKNSt11conditionalIXltsrT_10total_bitsLi8EEhNS2_5codecIS7_E12storage_typeEE4typeESE_mPNS0_10arithmeticIXT0_EE4typeE
    0 bytes stack frame, 0 bytes spill stores, 0 bytes spill loads
ptxas info    : Used 22 registers, used 1 barriers, 2048 bytes smem
ptxas info    : Compile time = 3.760 ms
ptxas info    : Compiling entry function '_ZN3aut17precision_packing7dot_mapINS_7storage8fp8_e4m3ELNS0_15arithmetic_kindE2ELNS0_11access_kindE2ELi8EEEvPKNSt11conditionalIXltsrT_10total_bitsLi8EEhNS2_5codecIS7_E12storage_typeEE4typeESE_mPNS0_10arithmeticIXT0_EE4typeE' for 'sm_90'
ptxas info    : Function properties for _ZN3aut17precision_packing7dot_mapINS_7storage8fp8_e4m3ELNS0_15arithmetic_kindE2ELNS0_11access_kindE2ELi8EEEvPKNSt11conditionalIXltsrT_10total_bitsLi8EEhNS2_5codecIS7_E12storage_typeEE4typeESE_mPNS0_10arithmeticIXT0_EE4typeE
    0 bytes stack frame, 0 bytes spill stores, 0 bytes spill loads
ptxas info    : Used 29 registers, used 1 barriers, 1024 bytes smem
ptxas info    : Compile time = 5.458 ms
ptxas info    : Compiling entry function '_ZN3aut17precision_packing7dot_mapINS_7storage8fp8_e4m3ELNS0_15arithmetic_kindE2ELNS0_11access_kindE1ELi8EEEvPKNSt11conditionalIXltsrT_10total_bitsLi8EEhNS2_5codecIS7_E12storage_typeEE4typeESE_mPNS0_10arithmeticIXT0_EE4typeE' for 'sm_90'
ptxas info    : Function properties for _ZN3aut17precision_packing7dot_mapINS_7storage8fp8_e4m3ELNS0_15arithmetic_kindE2ELNS0_11access_kindE1ELi8EEEvPKNSt11conditionalIXltsrT_10total_bitsLi8EEhNS2_5codecIS7_E12storage_typeEE4typeESE_mPNS0_10arithmeticIXT0_EE4typeE
    0 bytes stack frame, 0 bytes spill stores, 0 bytes spill loads
ptxas info    : Used 32 registers, used 1 barriers, 1024 bytes smem
ptxas info    : Compile time = 5.270 ms
ptxas info    : Compiling entry function '_ZN3aut17precision_packing7dot_mapINS_7storage8fp8_e4m3ELNS0_15arithmetic_kindE2ELNS0_11access_kindE2ELi4EEEvPKNSt11conditionalIXltsrT_10total_bitsLi8EEhNS2_5codecIS7_E12storage_typeEE4typeESE_mPNS0_10arithmeticIXT0_EE4typeE' for 'sm_90'
ptxas info    : Function properties for _ZN3aut17precision_packing7dot_mapINS_7storage8fp8_e4m3ELNS0_15arithmetic_kindE2ELNS0_11access_kindE2ELi4EEEvPKNSt11conditionalIXltsrT_10total_bitsLi8EEhNS2_5codecIS7_E12storage_typeEE4typeESE_mPNS0_10arithmeticIXT0_EE4typeE
    0 bytes stack frame, 0 bytes spill stores, 0 bytes spill loads
ptxas info    : Used 25 registers, used 1 barriers, 1024 bytes smem
ptxas info    : Compile time = 4.413 ms
ptxas info    : Compiling entry function '_ZN3aut17precision_packing7dot_mapINS_7storage8fp8_e4m3ELNS0_15arithmetic_kindE2ELNS0_11access_kindE1ELi4EEEvPKNSt11conditionalIXltsrT_10total_bitsLi8EEhNS2_5codecIS7_E12storage_typeEE4typeESE_mPNS0_10arithmeticIXT0_EE4typeE' for 'sm_90'
ptxas info    : Function properties for _ZN3aut17precision_packing7dot_mapINS_7storage8fp8_e4m3ELNS0_15arithmetic_kindE2ELNS0_11access_kindE1ELi4EEEvPKNSt11conditionalIXltsrT_10total_bitsLi8EEhNS2_5codecIS7_E12storage_typeEE4typeESE_mPNS0_10arithmeticIXT0_EE4typeE
    0 bytes stack frame, 0 bytes spill stores, 0 bytes spill loads
ptxas info    : Used 29 registers, used 1 barriers, 1024 bytes smem
ptxas info    : Compile time = 4.347 ms
ptxas info    : Compiling entry function '_ZN3aut17precision_packing7dot_mapINS_7storage8fp8_e4m3ELNS0_15arithmetic_kindE2ELNS0_11access_kindE2ELi2EEEvPKNSt11conditionalIXltsrT_10total_bitsLi8EEhNS2_5codecIS7_E12storage_typeEE4typeESE_mPNS0_10arithmeticIXT0_EE4typeE' for 'sm_90'
ptxas info    : Function properties for _ZN3aut17precision_packing7dot_mapINS_7storage8fp8_e4m3ELNS0_15arithmetic_kindE2ELNS0_11access_kindE2ELi2EEEvPKNSt11conditionalIXltsrT_10total_bitsLi8EEhNS2_5codecIS7_E12storage_typeEE4typeESE_mPNS0_10arithmeticIXT0_EE4typeE
    0 bytes stack frame, 0 bytes spill stores, 0 bytes spill loads
ptxas info    : Used 22 registers, used 1 barriers, 1024 bytes smem
ptxas info    : Compile time = 4.004 ms
ptxas info    : Compiling entry function '_ZN3aut17precision_packing7dot_mapINS_7storage8fp8_e4m3ELNS0_15arithmetic_kindE2ELNS0_11access_kindE1ELi2EEEvPKNSt11conditionalIXltsrT_10total_bitsLi8EEhNS2_5codecIS7_E12storage_typeEE4typeESE_mPNS0_10arithmeticIXT0_EE4typeE' for 'sm_90'
ptxas info    : Function properties for _ZN3aut17precision_packing7dot_mapINS_7storage8fp8_e4m3ELNS0_15arithmetic_kindE2ELNS0_11access_kindE1ELi2EEEvPKNSt11conditionalIXltsrT_10total_bitsLi8EEhNS2_5codecIS7_E12storage_typeEE4typeESE_mPNS0_10arithmeticIXT0_EE4typeE
    0 bytes stack frame, 0 bytes spill stores, 0 bytes spill loads
ptxas info    : Used 22 registers, used 1 barriers, 1024 bytes smem
ptxas info    : Compile time = 3.980 ms
ptxas info    : Compiling entry function '_ZN3aut17precision_packing12dot_finalizeILNS0_15arithmetic_kindE2EEEvPKNS0_10arithmeticIXT_EE4typeEmPd' for 'sm_90'
ptxas info    : Function properties for _ZN3aut17precision_packing12dot_finalizeILNS0_15arithmetic_kindE2EEEvPKNS0_10arithmeticIXT_EE4typeEmPd
    0 bytes stack frame, 0 bytes spill stores, 0 bytes spill loads
ptxas info    : Used 14 registers, used 1 barriers, 2048 bytes smem
ptxas info    : Compile time = 2.634 ms
ptxas info    : Compiling entry function '_ZN3aut17precision_packing7dot_mapINS_7storage8fp8_e4m3ELNS0_15arithmetic_kindE2ELNS0_11access_kindE0ELi1EEEvPKNSt11conditionalIXltsrT_10total_bitsLi8EEhNS2_5codecIS7_E12storage_typeEE4typeESE_mPNS0_10arithmeticIXT0_EE4typeE' for 'sm_90'
ptxas info    : Function properties for _ZN3aut17precision_packing7dot_mapINS_7storage8fp8_e4m3ELNS0_15arithmetic_kindE2ELNS0_11access_kindE0ELi1EEEvPKNSt11conditionalIXltsrT_10total_bitsLi8EEhNS2_5codecIS7_E12storage_typeEE4typeESE_mPNS0_10arithmeticIXT0_EE4typeE
    0 bytes stack frame, 0 bytes spill stores, 0 bytes spill loads
ptxas info    : Used 20 registers, used 1 barriers, 1024 bytes smem
ptxas info    : Compile time = 3.626 ms
ptxas info    : Compiling entry function '_ZN3aut17precision_packing7dot_mapINS_7storage8fp8_e4m3ELNS0_15arithmetic_kindE0ELNS0_11access_kindE2ELi8EEEvPKNSt11conditionalIXltsrT_10total_bitsLi8EEhNS2_5codecIS7_E12storage_typeEE4typeESE_mPNS0_10arithmeticIXT0_EE4typeE' for 'sm_90'
ptxas info    : Function properties for _ZN3aut17precision_packing7dot_mapINS_7storage8fp8_e4m3ELNS0_15arithmetic_kindE0ELNS0_11access_kindE2ELi8EEEvPKNSt11conditionalIXltsrT_10total_bitsLi8EEhNS2_5codecIS7_E12storage_typeEE4typeESE_mPNS0_10arithmeticIXT0_EE4typeE
    0 bytes stack frame, 0 bytes spill stores, 0 bytes spill loads
ptxas info    : Used 31 registers, used 1 barriers, 512 bytes smem
ptxas info    : Compile time = 5.007 ms
ptxas info    : Compiling entry function '_ZN3aut17precision_packing7dot_mapINS_7storage8fp8_e4m3ELNS0_15arithmetic_kindE0ELNS0_11access_kindE1ELi8EEEvPKNSt11conditionalIXltsrT_10total_bitsLi8EEhNS2_5codecIS7_E12storage_typeEE4typeESE_mPNS0_10arithmeticIXT0_EE4typeE' for 'sm_90'
ptxas info    : Function properties for _ZN3aut17precision_packing7dot_mapINS_7storage8fp8_e4m3ELNS0_15arithmetic_kindE0ELNS0_11access_kindE1ELi8EEEvPKNSt11conditionalIXltsrT_10total_bitsLi8EEhNS2_5codecIS7_E12storage_typeEE4typeESE_mPNS0_10arithmeticIXT0_EE4typeE
    0 bytes stack frame, 0 bytes spill stores, 0 bytes spill loads
ptxas info    : Used 30 registers, used 1 barriers, 512 bytes smem
ptxas info    : Compile time = 4.940 ms
ptxas info    : Compiling entry function '_ZN3aut17precision_packing7dot_mapINS_7storage8fp8_e4m3ELNS0_15arithmetic_kindE0ELNS0_11access_kindE2ELi4EEEvPKNSt11conditionalIXltsrT_10total_bitsLi8EEhNS2_5codecIS7_E12storage_typeEE4typeESE_mPNS0_10arithmeticIXT0_EE4typeE' for 'sm_90'
ptxas info    : Function properties for _ZN3aut17precision_packing7dot_mapINS_7storage8fp8_e4m3ELNS0_15arithmetic_kindE0ELNS0_11access_kindE2ELi4EEEvPKNSt11conditionalIXltsrT_10total_bitsLi8EEhNS2_5codecIS7_E12storage_typeEE4typeESE_mPNS0_10arithmeticIXT0_EE4typeE
    0 bytes stack frame, 0 bytes spill stores, 0 bytes spill loads
ptxas info    : Used 24 registers, used 1 barriers, 512 bytes smem
ptxas info    : Compile time = 4.312 ms
ptxas info    : Compiling entry function '_ZN3aut17precision_packing7dot_mapINS_7storage8fp8_e4m3ELNS0_15arithmetic_kindE0ELNS0_11access_kindE1ELi4EEEvPKNSt11conditionalIXltsrT_10total_bitsLi8EEhNS2_5codecIS7_E12storage_typeEE4typeESE_mPNS0_10arithmeticIXT0_EE4typeE' for 'sm_90'
ptxas info    : Function properties for _ZN3aut17precision_packing7dot_mapINS_7storage8fp8_e4m3ELNS0_15arithmetic_kindE0ELNS0_11access_kindE1ELi4EEEvPKNSt11conditionalIXltsrT_10total_bitsLi8EEhNS2_5codecIS7_E12storage_typeEE4typeESE_mPNS0_10arithmeticIXT0_EE4typeE
    0 bytes stack frame, 0 bytes spill stores, 0 bytes spill loads
ptxas info    : Used 26 registers, used 1 barriers, 512 bytes smem
ptxas info    : Compile time = 4.169 ms
ptxas info    : Compiling entry function '_ZN3aut17precision_packing7dot_mapINS_7storage8fp8_e4m3ELNS0_15arithmetic_kindE0ELNS0_11access_kindE2ELi2EEEvPKNSt11conditionalIXltsrT_10total_bitsLi8EEhNS2_5codecIS7_E12storage_typeEE4typeESE_mPNS0_10arithmeticIXT0_EE4typeE' for 'sm_90'
ptxas info    : Function properties for _ZN3aut17precision_packing7dot_mapINS_7storage8fp8_e4m3ELNS0_15arithmetic_kindE0ELNS0_11access_kindE2ELi2EEEvPKNSt11conditionalIXltsrT_10total_bitsLi8EEhNS2_5codecIS7_E12storage_typeEE4typeESE_mPNS0_10arithmeticIXT0_EE4typeE
    0 bytes stack frame, 0 bytes spill stores, 0 bytes spill loads
ptxas info    : Used 22 registers, used 1 barriers, 512 bytes smem
ptxas info    : Compile time = 4.029 ms
ptxas info    : Compiling entry function '_ZN3aut17precision_packing7dot_mapINS_7storage8fp8_e4m3ELNS0_15arithmetic_kindE0ELNS0_11access_kindE1ELi2EEEvPKNSt11conditionalIXltsrT_10total_bitsLi8EEhNS2_5codecIS7_E12storage_typeEE4typeESE_mPNS0_10arithmeticIXT0_EE4typeE' for 'sm_90'
ptxas info    : Function properties for _ZN3aut17precision_packing7dot_mapINS_7storage8fp8_e4m3ELNS0_15arithmetic_kindE0ELNS0_11access_kindE1ELi2EEEvPKNSt11conditionalIXltsrT_10total_bitsLi8EEhNS2_5codecIS7_E12storage_typeEE4typeESE_mPNS0_10arithmeticIXT0_EE4typeE
    0 bytes stack frame, 0 bytes spill stores, 0 bytes spill loads
ptxas info    : Used 22 registers, used 1 barriers, 512 bytes smem
ptxas info    : Compile time = 4.015 ms
ptxas info    : Compiling entry function '_ZN3aut17precision_packing12dot_finalizeILNS0_15arithmetic_kindE0EEEvPKNS0_10arithmeticIXT_EE4typeEmPd' for 'sm_90'
ptxas info    : Function properties for _ZN3aut17precision_packing12dot_finalizeILNS0_15arithmetic_kindE0EEEvPKNS0_10arithmeticIXT_EE4typeEmPd
    0 bytes stack frame, 0 bytes spill stores, 0 bytes spill loads
ptxas info    : Used 14 registers, used 1 barriers, 2048 bytes smem
ptxas info    : Compile time = 2.655 ms
ptxas info    : Compiling entry function '_ZN3aut17precision_packing7dot_mapINS_7storage8fp8_e4m3ELNS0_15arithmetic_kindE0ELNS0_11access_kindE0ELi1EEEvPKNSt11conditionalIXltsrT_10total_bitsLi8EEhNS2_5codecIS7_E12storage_typeEE4typeESE_mPNS0_10arithmeticIXT0_EE4typeE' for 'sm_90'
ptxas info    : Function properties for _ZN3aut17precision_packing7dot_mapINS_7storage8fp8_e4m3ELNS0_15arithmetic_kindE0ELNS0_11access_kindE0ELi1EEEvPKNSt11conditionalIXltsrT_10total_bitsLi8EEhNS2_5codecIS7_E12storage_typeEE4typeESE_mPNS0_10arithmeticIXT0_EE4typeE
    0 bytes stack frame, 0 bytes spill stores, 0 bytes spill loads
ptxas info    : Used 18 registers, used 1 barriers, 512 bytes smem
ptxas info    : Compile time = 3.641 ms
ptxas info    : Compiling entry function '_ZN3aut17precision_packing13encode_valuesINS_7storage8fp8_e4m3EEEvPKdPNSt11conditionalIXltsrT_10total_bitsLi8EEhNS2_5codecIS7_E12storage_typeEE4typeEm' for 'sm_90'
ptxas info    : Function properties for _ZN3aut17precision_packing13encode_valuesINS_7storage8fp8_e4m3EEEvPKdPNSt11conditionalIXltsrT_10total_bitsLi8EEhNS2_5codecIS7_E12storage_typeEE4typeEm
    0 bytes stack frame, 0 bytes spill stores, 0 bytes spill loads
ptxas info    : Used 16 registers, used 0 barriers
ptxas info    : Compile time = 2.854 ms
[100%] Linking CUDA executable bin/precision_packing_bench_fp8_e4m3
[100%] Built target precision_packing_bench_fp8_e4m3
Building precision_packing_bench_fp8_e5m2
[ 50%] Building CUDA object CMakeFiles/precision_packing_bench_fp8_e5m2.dir/src/precision_packing_bench.cu.o
ptxas info    : 29 bytes gmem
ptxas info    : Compiling entry function '_ZN3aut17precision_packing16arithmetic_chainILNS0_15arithmetic_kindE3ELi8EEEviPd' for 'sm_90'
ptxas info    : Function properties for _ZN3aut17precision_packing16arithmetic_chainILNS0_15arithmetic_kindE3ELi8EEEviPd
    0 bytes stack frame, 0 bytes spill stores, 0 bytes spill loads
ptxas info    : Used 26 registers, used 0 barriers
ptxas info    : Compile time = 3.129 ms
ptxas info    : Compiling entry function '_ZN3aut17precision_packing16arithmetic_chainILNS0_15arithmetic_kindE3ELi4EEEviPd' for 'sm_90'
ptxas info    : Function properties for _ZN3aut17precision_packing16arithmetic_chainILNS0_15arithmetic_kindE3ELi4EEEviPd
    0 bytes stack frame, 0 bytes spill stores, 0 bytes spill loads
ptxas info    : Used 18 registers, used 0 barriers
ptxas info    : Compile time = 1.731 ms
ptxas info    : Compiling entry function '_ZN3aut17precision_packing16arithmetic_chainILNS0_15arithmetic_kindE3ELi2EEEviPd' for 'sm_90'
ptxas info    : Function properties for _ZN3aut17precision_packing16arithmetic_chainILNS0_15arithmetic_kindE3ELi2EEEviPd
    0 bytes stack frame, 0 bytes spill stores, 0 bytes spill loads
ptxas info    : Used 14 registers, used 0 barriers
ptxas info    : Compile time = 1.366 ms
ptxas info    : Compiling entry function '_ZN3aut17precision_packing16arithmetic_chainILNS0_15arithmetic_kindE3ELi1EEEviPd' for 'sm_90'
ptxas info    : Function properties for _ZN3aut17precision_packing16arithmetic_chainILNS0_15arithmetic_kindE3ELi1EEEviPd
    0 bytes stack frame, 0 bytes spill stores, 0 bytes spill loads
ptxas info    : Used 12 registers, used 0 barriers
ptxas info    : Compile time = 1.251 ms
ptxas info    : Compiling entry function '_ZN3aut17precision_packing15register_decodeINS_7storage8fp8_e5m2ELNS0_15arithmetic_kindE3ELi8EEEvPKNSt11conditionalIXltsrT_10total_bitsLi8EEhNS2_5codecIS6_E12storage_typeEE4typeEmiPd' for 'sm_90'
ptxas info    : Function properties for _ZN3aut17precision_packing15register_decodeINS_7storage8fp8_e5m2ELNS0_15arithmetic_kindE3ELi8EEEvPKNSt11conditionalIXltsrT_10total_bitsLi8EEhNS2_5codecIS6_E12storage_typeEE4typeEmiPd
    0 bytes stack frame, 0 bytes spill stores, 0 bytes spill loads
ptxas info    : Used 40 registers, used 0 barriers
ptxas info    : Compile time = 5.365 ms
ptxas info    : Compiling entry function '_ZN3aut17precision_packing15register_decodeINS_7storage8fp8_e5m2ELNS0_15arithmetic_kindE3ELi4EEEvPKNSt11conditionalIXltsrT_10total_bitsLi8EEhNS2_5codecIS6_E12storage_typeEE4typeEmiPd' for 'sm_90'
ptxas info    : Function properties for _ZN3aut17precision_packing15register_decodeINS_7storage8fp8_e5m2ELNS0_15arithmetic_kindE3ELi4EEEvPKNSt11conditionalIXltsrT_10total_bitsLi8EEhNS2_5codecIS6_E12storage_typeEE4typeEmiPd
    0 bytes stack frame, 0 bytes spill stores, 0 bytes spill loads
ptxas info    : Used 23 registers, used 0 barriers
ptxas info    : Compile time = 4.597 ms
ptxas info    : Compiling entry function '_ZN3aut17precision_packing15register_decodeINS_7storage8fp8_e5m2ELNS0_15arithmetic_kindE3ELi2EEEvPKNSt11conditionalIXltsrT_10total_bitsLi8EEhNS2_5codecIS6_E12storage_typeEE4typeEmiPd' for 'sm_90'
ptxas info    : Function properties for _ZN3aut17precision_packing15register_decodeINS_7storage8fp8_e5m2ELNS0_15arithmetic_kindE3ELi2EEEvPKNSt11conditionalIXltsrT_10total_bitsLi8EEhNS2_5codecIS6_E12storage_typeEE4typeEmiPd
    0 bytes stack frame, 0 bytes spill stores, 0 bytes spill loads
ptxas info    : Used 20 registers, used 0 barriers
ptxas info    : Compile time = 4.298 ms
ptxas info    : Compiling entry function '_ZN3aut17precision_packing15register_decodeINS_7storage8fp8_e5m2ELNS0_15arithmetic_kindE3ELi1EEEvPKNSt11conditionalIXltsrT_10total_bitsLi8EEhNS2_5codecIS6_E12storage_typeEE4typeEmiPd' for 'sm_90'
ptxas info    : Function properties for _ZN3aut17precision_packing15register_decodeINS_7storage8fp8_e5m2ELNS0_15arithmetic_kindE3ELi1EEEvPKNSt11conditionalIXltsrT_10total_bitsLi8EEhNS2_5codecIS6_E12storage_typeEE4typeEmiPd
    0 bytes stack frame, 0 bytes spill stores, 0 bytes spill loads
ptxas info    : Used 18 registers, used 0 barriers
ptxas info    : Compile time = 4.140 ms
ptxas info    : Compiling entry function '_ZN3aut17precision_packing13stream_decodeINS_7storage8fp8_e5m2ELNS0_15arithmetic_kindE3ELNS0_11access_kindE2ELi8EEEvPKNSt11conditionalIXltsrT_10total_bitsLi8EEhNS2_5codecIS7_E12storage_typeEE4typeEmPd' for 'sm_90'
ptxas info    : Function properties for _ZN3aut17precision_packing13stream_decodeINS_7storage8fp8_e5m2ELNS0_15arithmetic_kindE3ELNS0_11access_kindE2ELi8EEEvPKNSt11conditionalIXltsrT_10total_bitsLi8EEhNS2_5codecIS7_E12storage_typeEE4typeEmPd
    0 bytes stack frame, 0 bytes spill stores, 0 bytes spill loads
ptxas info    : Used 31 registers, used 1 barriers, 2048 bytes smem
ptxas info    : Compile time = 4.687 ms
ptxas info    : Compiling entry function '_ZN3aut17precision_packing13stream_decodeINS_7storage8fp8_e5m2ELNS0_15arithmetic_kindE3ELNS0_11access_kindE1ELi8EEEvPKNSt11conditionalIXltsrT_10total_bitsLi8EEhNS2_5codecIS7_E12storage_typeEE4typeEmPd' for 'sm_90'
ptxas info    : Function properties for _ZN3aut17precision_packing13stream_decodeINS_7storage8fp8_e5m2ELNS0_15arithmetic_kindE3ELNS0_11access_kindE1ELi8EEEvPKNSt11conditionalIXltsrT_10total_bitsLi8EEhNS2_5codecIS7_E12storage_typeEE4typeEmPd
    0 bytes stack frame, 0 bytes spill stores, 0 bytes spill loads
ptxas info    : Used 32 registers, used 1 barriers, 2048 bytes smem
ptxas info    : Compile time = 4.618 ms
ptxas info    : Compiling entry function '_ZN3aut17precision_packing13stream_decodeINS_7storage8fp8_e5m2ELNS0_15arithmetic_kindE3ELNS0_11access_kindE2ELi4EEEvPKNSt11conditionalIXltsrT_10total_bitsLi8EEhNS2_5codecIS7_E12storage_typeEE4typeEmPd' for 'sm_90'
ptxas info    : Function properties for _ZN3aut17precision_packing13stream_decodeINS_7storage8fp8_e5m2ELNS0_15arithmetic_kindE3ELNS0_11access_kindE2ELi4EEEvPKNSt11conditionalIXltsrT_10total_bitsLi8EEhNS2_5codecIS7_E12storage_typeEE4typeEmPd
    0 bytes stack frame, 0 bytes spill stores, 0 bytes spill loads
ptxas info    : Used 31 registers, used 1 barriers, 2048 bytes smem
ptxas info    : Compile time = 4.005 ms
ptxas info    : Compiling entry function '_ZN3aut17precision_packing13stream_decodeINS_7storage8fp8_e5m2ELNS0_15arithmetic_kindE3ELNS0_11access_kindE1ELi4EEEvPKNSt11conditionalIXltsrT_10total_bitsLi8EEhNS2_5codecIS7_E12storage_typeEE4typeEmPd' for 'sm_90'
ptxas info    : Function properties for _ZN3aut17precision_packing13stream_decodeINS_7storage8fp8_e5m2ELNS0_15arithmetic_kindE3ELNS0_11access_kindE1ELi4EEEvPKNSt11conditionalIXltsrT_10total_bitsLi8EEhNS2_5codecIS7_E12storage_typeEE4typeEmPd
    0 bytes stack frame, 0 bytes spill stores, 0 bytes spill loads
ptxas info    : Used 30 registers, used 1 barriers, 2048 bytes smem
ptxas info    : Compile time = 3.958 ms
ptxas info    : Compiling entry function '_ZN3aut17precision_packing13stream_decodeINS_7storage8fp8_e5m2ELNS0_15arithmetic_kindE3ELNS0_11access_kindE2ELi2EEEvPKNSt11conditionalIXltsrT_10total_bitsLi8EEhNS2_5codecIS7_E12storage_typeEE4typeEmPd' for 'sm_90'
ptxas info    : Function properties for _ZN3aut17precision_packing13stream_decodeINS_7storage8fp8_e5m2ELNS0_15arithmetic_kindE3ELNS0_11access_kindE2ELi2EEEvPKNSt11conditionalIXltsrT_10total_bitsLi8EEhNS2_5codecIS7_E12storage_typeEE4typeEmPd
    0 bytes stack frame, 0 bytes spill stores, 0 bytes spill loads
ptxas info    : Used 24 registers, used 1 barriers, 2048 bytes smem
ptxas info    : Compile time = 3.690 ms
ptxas info    : Compiling entry function '_ZN3aut17precision_packing13stream_decodeINS_7storage8fp8_e5m2ELNS0_15arithmetic_kindE3ELNS0_11access_kindE1ELi2EEEvPKNSt11conditionalIXltsrT_10total_bitsLi8EEhNS2_5codecIS7_E12storage_typeEE4typeEmPd' for 'sm_90'
ptxas info    : Function properties for _ZN3aut17precision_packing13stream_decodeINS_7storage8fp8_e5m2ELNS0_15arithmetic_kindE3ELNS0_11access_kindE1ELi2EEEvPKNSt11conditionalIXltsrT_10total_bitsLi8EEhNS2_5codecIS7_E12storage_typeEE4typeEmPd
    0 bytes stack frame, 0 bytes spill stores, 0 bytes spill loads
ptxas info    : Used 24 registers, used 1 barriers, 2048 bytes smem
ptxas info    : Compile time = 3.681 ms
ptxas info    : Compiling entry function '_ZN3aut17precision_packing13stream_decodeINS_7storage8fp8_e5m2ELNS0_15arithmetic_kindE3ELNS0_11access_kindE0ELi1EEEvPKNSt11conditionalIXltsrT_10total_bitsLi8EEhNS2_5codecIS7_E12storage_typeEE4typeEmPd' for 'sm_90'
ptxas info    : Function properties for _ZN3aut17precision_packing13stream_decodeINS_7storage8fp8_e5m2ELNS0_15arithmetic_kindE3ELNS0_11access_kindE0ELi1EEEvPKNSt11conditionalIXltsrT_10total_bitsLi8EEhNS2_5codecIS7_E12storage_typeEE4typeEmPd
    0 bytes stack frame, 0 bytes spill stores, 0 bytes spill loads
ptxas info    : Used 18 registers, used 1 barriers, 2048 bytes smem
ptxas info    : Compile time = 3.411 ms
ptxas info    : Compiling entry function '_ZN3aut17precision_packing16arithmetic_chainILNS0_15arithmetic_kindE2ELi8EEEviPd' for 'sm_90'
ptxas info    : Function properties for _ZN3aut17precision_packing16arithmetic_chainILNS0_15arithmetic_kindE2ELi8EEEviPd
    0 bytes stack frame, 0 bytes spill stores, 0 bytes spill loads
ptxas info    : Used 22 registers, used 0 barriers
ptxas info    : Compile time = 1.687 ms
ptxas info    : Compiling entry function '_ZN3aut17precision_packing16arithmetic_chainILNS0_15arithmetic_kindE2ELi4EEEviPd' for 'sm_90'
ptxas info    : Function properties for _ZN3aut17precision_packing16arithmetic_chainILNS0_15arithmetic_kindE2ELi4EEEviPd
    0 bytes stack frame, 0 bytes spill stores, 0 bytes spill loads
ptxas info    : Used 14 registers, used 0 barriers
ptxas info    : Compile time = 1.445 ms
ptxas info    : Compiling entry function '_ZN3aut17precision_packing16arithmetic_chainILNS0_15arithmetic_kindE2ELi2EEEviPd' for 'sm_90'
ptxas info    : Function properties for _ZN3aut17precision_packing16arithmetic_chainILNS0_15arithmetic_kindE2ELi2EEEviPd
    0 bytes stack frame, 0 bytes spill stores, 0 bytes spill loads
ptxas info    : Used 11 registers, used 0 barriers
ptxas info    : Compile time = 1.307 ms
ptxas info    : Compiling entry function '_ZN3aut17precision_packing16arithmetic_chainILNS0_15arithmetic_kindE2ELi1EEEviPd' for 'sm_90'
ptxas info    : Function properties for _ZN3aut17precision_packing16arithmetic_chainILNS0_15arithmetic_kindE2ELi1EEEviPd
    0 bytes stack frame, 0 bytes spill stores, 0 bytes spill loads
ptxas info    : Used 11 registers, used 0 barriers
ptxas info    : Compile time = 1.227 ms
ptxas info    : Compiling entry function '_ZN3aut17precision_packing15register_decodeINS_7storage8fp8_e5m2ELNS0_15arithmetic_kindE2ELi8EEEvPKNSt11conditionalIXltsrT_10total_bitsLi8EEhNS2_5codecIS6_E12storage_typeEE4typeEmiPd' for 'sm_90'
ptxas info    : Function properties for _ZN3aut17precision_packing15register_decodeINS_7storage8fp8_e5m2ELNS0_15arithmetic_kindE2ELi8EEEvPKNSt11conditionalIXltsrT_10total_bitsLi8EEhNS2_5codecIS6_E12storage_typeEE4typeEmiPd
    0 bytes stack frame, 0 bytes spill stores, 0 bytes spill loads
ptxas info    : Used 23 registers, used 0 barriers
ptxas info    : Compile time = 5.223 ms
ptxas info    : Compiling entry function '_ZN3aut17precision_packing15register_decodeINS_7storage8fp8_e5m2ELNS0_15arithmetic_kindE2ELi4EEEvPKNSt11conditionalIXltsrT_10total_bitsLi8EEhNS2_5codecIS6_E12storage_typeEE4typeEmiPd' for 'sm_90'
ptxas info    : Function properties for _ZN3aut17precision_packing15register_decodeINS_7storage8fp8_e5m2ELNS0_15arithmetic_kindE2ELi4EEEvPKNSt11conditionalIXltsrT_10total_bitsLi8EEhNS2_5codecIS6_E12storage_typeEE4typeEmiPd
    0 bytes stack frame, 0 bytes spill stores, 0 bytes spill loads
ptxas info    : Used 20 registers, used 0 barriers
ptxas info    : Compile time = 4.520 ms
ptxas info    : Compiling entry function '_ZN3aut17precision_packing15register_decodeINS_7storage8fp8_e5m2ELNS0_15arithmetic_kindE2ELi2EEEvPKNSt11conditionalIXltsrT_10total_bitsLi8EEhNS2_5codecIS6_E12storage_typeEE4typeEmiPd' for 'sm_90'
ptxas info    : Function properties for _ZN3aut17precision_packing15register_decodeINS_7storage8fp8_e5m2ELNS0_15arithmetic_kindE2ELi2EEEvPKNSt11conditionalIXltsrT_10total_bitsLi8EEhNS2_5codecIS6_E12storage_typeEE4typeEmiPd
    0 bytes stack frame, 0 bytes spill stores, 0 bytes spill loads
ptxas info    : Used 20 registers, used 0 barriers
ptxas info    : Compile time = 4.253 ms
ptxas info    : Compiling entry function '_ZN3aut17precision_packing15register_decodeINS_7storage8fp8_e5m2ELNS0_15arithmetic_kindE2ELi1EEEvPKNSt11conditionalIXltsrT_10total_bitsLi8EEhNS2_5codecIS6_E12storage_typeEE4typeEmiPd' for 'sm_90'
ptxas info    : Function properties for _ZN3aut17precision_packing15register_decodeINS_7storage8fp8_e5m2ELNS0_15arithmetic_kindE2ELi1EEEvPKNSt11conditionalIXltsrT_10total_bitsLi8EEhNS2_5codecIS6_E12storage_typeEE4typeEmiPd
    0 bytes stack frame, 0 bytes spill stores, 0 bytes spill loads
ptxas info    : Used 18 registers, used 0 barriers
ptxas info    : Compile time = 4.129 ms
ptxas info    : Compiling entry function '_ZN3aut17precision_packing13stream_decodeINS_7storage8fp8_e5m2ELNS0_15arithmetic_kindE2ELNS0_11access_kindE2ELi8EEEvPKNSt11conditionalIXltsrT_10total_bitsLi8EEhNS2_5codecIS7_E12storage_typeEE4typeEmPd' for 'sm_90'
ptxas info    : Function properties for _ZN3aut17precision_packing13stream_decodeINS_7storage8fp8_e5m2ELNS0_15arithmetic_kindE2ELNS0_11access_kindE2ELi8EEEvPKNSt11conditionalIXltsrT_10total_bitsLi8EEhNS2_5codecIS7_E12storage_typeEE4typeEmPd
    0 bytes stack frame, 0 bytes spill stores, 0 bytes spill loads
ptxas info    : Used 26 registers, used 1 barriers, 1024 bytes smem
ptxas info    : Compile time = 4.326 ms
ptxas info    : Compiling entry function '_ZN3aut17precision_packing13stream_decodeINS_7storage8fp8_e5m2ELNS0_15arithmetic_kindE2ELNS0_11access_kindE1ELi8EEEvPKNSt11conditionalIXltsrT_10total_bitsLi8EEhNS2_5codecIS7_E12storage_typeEE4typeEmPd' for 'sm_90'
ptxas info    : Function properties for _ZN3aut17precision_packing13stream_decodeINS_7storage8fp8_e5m2ELNS0_15arithmetic_kindE2ELNS0_11access_kindE1ELi8EEEvPKNSt11conditionalIXltsrT_10total_bitsLi8EEhNS2_5codecIS7_E12storage_typeEE4typeEmPd
    0 bytes stack frame, 0 bytes spill stores, 0 bytes spill loads
ptxas info    : Used 32 registers, used 1 barriers, 1024 bytes smem
ptxas info    : Compile time = 4.337 ms
ptxas info    : Compiling entry function '_ZN3aut17precision_packing13stream_decodeINS_7storage8fp8_e5m2ELNS0_15arithmetic_kindE2ELNS0_11access_kindE2ELi4EEEvPKNSt11conditionalIXltsrT_10total_bitsLi8EEhNS2_5codecIS7_E12storage_typeEE4typeEmPd' for 'sm_90'
ptxas info    : Function properties for _ZN3aut17precision_packing13stream_decodeINS_7storage8fp8_e5m2ELNS0_15arithmetic_kindE2ELNS0_11access_kindE2ELi4EEEvPKNSt11conditionalIXltsrT_10total_bitsLi8EEhNS2_5codecIS7_E12storage_typeEE4typeEmPd
    0 bytes stack frame, 0 bytes spill stores, 0 bytes spill loads
ptxas info    : Used 22 registers, used 1 barriers, 1024 bytes smem
ptxas info    : Compile time = 3.908 ms
ptxas info    : Compiling entry function '_ZN3aut17precision_packing13stream_decodeINS_7storage8fp8_e5m2ELNS0_15arithmetic_kindE2ELNS0_11access_kindE1ELi4EEEvPKNSt11conditionalIXltsrT_10total_bitsLi8EEhNS2_5codecIS7_E12storage_typeEE4typeEmPd' for 'sm_90'
ptxas info    : Function properties for _ZN3aut17precision_packing13stream_decodeINS_7storage8fp8_e5m2ELNS0_15arithmetic_kindE2ELNS0_11access_kindE1ELi4EEEvPKNSt11conditionalIXltsrT_10total_bitsLi8EEhNS2_5codecIS7_E12storage_typeEE4typeEmPd
    0 bytes stack frame, 0 bytes spill stores, 0 bytes spill loads
ptxas info    : Used 22 registers, used 1 barriers, 1024 bytes smem
ptxas info    : Compile time = 3.867 ms
ptxas info    : Compiling entry function '_ZN3aut17precision_packing13stream_decodeINS_7storage8fp8_e5m2ELNS0_15arithmetic_kindE2ELNS0_11access_kindE2ELi2EEEvPKNSt11conditionalIXltsrT_10total_bitsLi8EEhNS2_5codecIS7_E12storage_typeEE4typeEmPd' for 'sm_90'
ptxas info    : Function properties for _ZN3aut17precision_packing13stream_decodeINS_7storage8fp8_e5m2ELNS0_15arithmetic_kindE2ELNS0_11access_kindE2ELi2EEEvPKNSt11conditionalIXltsrT_10total_bitsLi8EEhNS2_5codecIS7_E12storage_typeEE4typeEmPd
    0 bytes stack frame, 0 bytes spill stores, 0 bytes spill loads
ptxas info    : Used 20 registers, used 1 barriers, 1024 bytes smem
ptxas info    : Compile time = 3.638 ms
ptxas info    : Compiling entry function '_ZN3aut17precision_packing13stream_decodeINS_7storage8fp8_e5m2ELNS0_15arithmetic_kindE2ELNS0_11access_kindE1ELi2EEEvPKNSt11conditionalIXltsrT_10total_bitsLi8EEhNS2_5codecIS7_E12storage_typeEE4typeEmPd' for 'sm_90'
ptxas info    : Function properties for _ZN3aut17precision_packing13stream_decodeINS_7storage8fp8_e5m2ELNS0_15arithmetic_kindE2ELNS0_11access_kindE1ELi2EEEvPKNSt11conditionalIXltsrT_10total_bitsLi8EEhNS2_5codecIS7_E12storage_typeEE4typeEmPd
    0 bytes stack frame, 0 bytes spill stores, 0 bytes spill loads
ptxas info    : Used 20 registers, used 1 barriers, 1024 bytes smem
ptxas info    : Compile time = 3.608 ms
ptxas info    : Compiling entry function '_ZN3aut17precision_packing13stream_decodeINS_7storage8fp8_e5m2ELNS0_15arithmetic_kindE2ELNS0_11access_kindE0ELi1EEEvPKNSt11conditionalIXltsrT_10total_bitsLi8EEhNS2_5codecIS7_E12storage_typeEE4typeEmPd' for 'sm_90'
ptxas info    : Function properties for _ZN3aut17precision_packing13stream_decodeINS_7storage8fp8_e5m2ELNS0_15arithmetic_kindE2ELNS0_11access_kindE0ELi1EEEvPKNSt11conditionalIXltsrT_10total_bitsLi8EEhNS2_5codecIS7_E12storage_typeEE4typeEmPd
    0 bytes stack frame, 0 bytes spill stores, 0 bytes spill loads
ptxas info    : Used 16 registers, used 1 barriers, 1024 bytes smem
ptxas info    : Compile time = 3.356 ms
ptxas info    : Compiling entry function '_ZN3aut17precision_packing16arithmetic_chainILNS0_15arithmetic_kindE0ELi8EEEviPd' for 'sm_90'
ptxas info    : Function properties for _ZN3aut17precision_packing16arithmetic_chainILNS0_15arithmetic_kindE0ELi8EEEviPd
    0 bytes stack frame, 0 bytes spill stores, 0 bytes spill loads
ptxas info    : Used 13 registers, used 0 barriers
ptxas info    : Compile time = 1.770 ms
ptxas info    : Compiling entry function '_ZN3aut17precision_packing16arithmetic_chainILNS0_15arithmetic_kindE0ELi4EEEviPd' for 'sm_90'
ptxas info    : Function properties for _ZN3aut17precision_packing16arithmetic_chainILNS0_15arithmetic_kindE0ELi4EEEviPd
    0 bytes stack frame, 0 bytes spill stores, 0 bytes spill loads
ptxas info    : Used 11 registers, used 0 barriers
ptxas info    : Compile time = 1.504 ms
ptxas info    : Compiling entry function '_ZN3aut17precision_packing16arithmetic_chainILNS0_15arithmetic_kindE0ELi2EEEviPd' for 'sm_90'
ptxas info    : Function properties for _ZN3aut17precision_packing16arithmetic_chainILNS0_15arithmetic_kindE0ELi2EEEviPd
    0 bytes stack frame, 0 bytes spill stores, 0 bytes spill loads
ptxas info    : Used 10 registers, used 0 barriers
ptxas info    : Compile time = 1.366 ms
ptxas info    : Compiling entry function '_ZN3aut17precision_packing16arithmetic_chainILNS0_15arithmetic_kindE0ELi1EEEviPd' for 'sm_90'
ptxas info    : Function properties for _ZN3aut17precision_packing16arithmetic_chainILNS0_15arithmetic_kindE0ELi1EEEviPd
    0 bytes stack frame, 0 bytes spill stores, 0 bytes spill loads
ptxas info    : Used 10 registers, used 0 barriers
ptxas info    : Compile time = 1.292 ms
ptxas info    : Compiling entry function '_ZN3aut17precision_packing15register_decodeINS_7storage8fp8_e5m2ELNS0_15arithmetic_kindE0ELi8EEEvPKNSt11conditionalIXltsrT_10total_bitsLi8EEhNS2_5codecIS6_E12storage_typeEE4typeEmiPd' for 'sm_90'
ptxas info    : Function properties for _ZN3aut17precision_packing15register_decodeINS_7storage8fp8_e5m2ELNS0_15arithmetic_kindE0ELi8EEEvPKNSt11conditionalIXltsrT_10total_bitsLi8EEhNS2_5codecIS6_E12storage_typeEE4typeEmiPd
    0 bytes stack frame, 0 bytes spill stores, 0 bytes spill loads
ptxas info    : Used 20 registers, used 0 barriers
ptxas info    : Compile time = 5.023 ms
ptxas info    : Compiling entry function '_ZN3aut17precision_packing15register_decodeINS_7storage8fp8_e5m2ELNS0_15arithmetic_kindE0ELi4EEEvPKNSt11conditionalIXltsrT_10total_bitsLi8EEhNS2_5codecIS6_E12storage_typeEE4typeEmiPd' for 'sm_90'
ptxas info    : Function properties for _ZN3aut17precision_packing15register_decodeINS_7storage8fp8_e5m2ELNS0_15arithmetic_kindE0ELi4EEEvPKNSt11conditionalIXltsrT_10total_bitsLi8EEhNS2_5codecIS6_E12storage_typeEE4typeEmiPd
    0 bytes stack frame, 0 bytes spill stores, 0 bytes spill loads
ptxas info    : Used 20 registers, used 0 barriers
ptxas info    : Compile time = 4.575 ms
ptxas info    : Compiling entry function '_ZN3aut17precision_packing15register_decodeINS_7storage8fp8_e5m2ELNS0_15arithmetic_kindE0ELi2EEEvPKNSt11conditionalIXltsrT_10total_bitsLi8EEhNS2_5codecIS6_E12storage_typeEE4typeEmiPd' for 'sm_90'
ptxas info    : Function properties for _ZN3aut17precision_packing15register_decodeINS_7storage8fp8_e5m2ELNS0_15arithmetic_kindE0ELi2EEEvPKNSt11conditionalIXltsrT_10total_bitsLi8EEhNS2_5codecIS6_E12storage_typeEE4typeEmiPd
    0 bytes stack frame, 0 bytes spill stores, 0 bytes spill loads
ptxas info    : Used 20 registers, used 0 barriers
ptxas info    : Compile time = 4.302 ms
ptxas info    : Compiling entry function '_ZN3aut17precision_packing15register_decodeINS_7storage8fp8_e5m2ELNS0_15arithmetic_kindE0ELi1EEEvPKNSt11conditionalIXltsrT_10total_bitsLi8EEhNS2_5codecIS6_E12storage_typeEE4typeEmiPd' for 'sm_90'
ptxas info    : Function properties for _ZN3aut17precision_packing15register_decodeINS_7storage8fp8_e5m2ELNS0_15arithmetic_kindE0ELi1EEEvPKNSt11conditionalIXltsrT_10total_bitsLi8EEhNS2_5codecIS6_E12storage_typeEE4typeEmiPd
    0 bytes stack frame, 0 bytes spill stores, 0 bytes spill loads
ptxas info    : Used 18 registers, used 0 barriers
ptxas info    : Compile time = 4.133 ms
ptxas info    : Compiling entry function '_ZN3aut17precision_packing13stream_decodeINS_7storage8fp8_e5m2ELNS0_15arithmetic_kindE0ELNS0_11access_kindE2ELi8EEEvPKNSt11conditionalIXltsrT_10total_bitsLi8EEhNS2_5codecIS7_E12storage_typeEE4typeEmPd' for 'sm_90'
ptxas info    : Function properties for _ZN3aut17precision_packing13stream_decodeINS_7storage8fp8_e5m2ELNS0_15arithmetic_kindE0ELNS0_11access_kindE2ELi8EEEvPKNSt11conditionalIXltsrT_10total_bitsLi8EEhNS2_5codecIS7_E12storage_typeEE4typeEmPd
    0 bytes stack frame, 0 bytes spill stores, 0 bytes spill loads
ptxas info    : Used 27 registers, used 1 barriers, 512 bytes smem
ptxas info    : Compile time = 4.254 ms
ptxas info    : Compiling entry function '_ZN3aut17precision_packing13stream_decodeINS_7storage8fp8_e5m2ELNS0_15arithmetic_kindE0ELNS0_11access_kindE1ELi8EEEvPKNSt11conditionalIXltsrT_10total_bitsLi8EEhNS2_5codecIS7_E12storage_typeEE4typeEmPd' for 'sm_90'
ptxas info    : Function properties for _ZN3aut17precision_packing13stream_decodeINS_7storage8fp8_e5m2ELNS0_15arithmetic_kindE0ELNS0_11access_kindE1ELi8EEEvPKNSt11conditionalIXltsrT_10total_bitsLi8EEhNS2_5codecIS7_E12storage_typeEE4typeEmPd
    0 bytes stack frame, 0 bytes spill stores, 0 bytes spill loads
ptxas info    : Used 26 registers, used 1 barriers, 512 bytes smem
ptxas info    : Compile time = 4.179 ms
ptxas info    : Compiling entry function '_ZN3aut17precision_packing13stream_decodeINS_7storage8fp8_e5m2ELNS0_15arithmetic_kindE0ELNS0_11access_kindE2ELi4EEEvPKNSt11conditionalIXltsrT_10total_bitsLi8EEhNS2_5codecIS7_E12storage_typeEE4typeEmPd' for 'sm_90'
ptxas info    : Function properties for _ZN3aut17precision_packing13stream_decodeINS_7storage8fp8_e5m2ELNS0_15arithmetic_kindE0ELNS0_11access_kindE2ELi4EEEvPKNSt11conditionalIXltsrT_10total_bitsLi8EEhNS2_5codecIS7_E12storage_typeEE4typeEmPd
    0 bytes stack frame, 0 bytes spill stores, 0 bytes spill loads
ptxas info    : Used 22 registers, used 1 barriers, 512 bytes smem
ptxas info    : Compile time = 4.066 ms
ptxas info    : Compiling entry function '_ZN3aut17precision_packing13stream_decodeINS_7storage8fp8_e5m2ELNS0_15arithmetic_kindE0ELNS0_11access_kindE1ELi4EEEvPKNSt11conditionalIXltsrT_10total_bitsLi8EEhNS2_5codecIS7_E12storage_typeEE4typeEmPd' for 'sm_90'
ptxas info    : Function properties for _ZN3aut17precision_packing13stream_decodeINS_7storage8fp8_e5m2ELNS0_15arithmetic_kindE0ELNS0_11access_kindE1ELi4EEEvPKNSt11conditionalIXltsrT_10total_bitsLi8EEhNS2_5codecIS7_E12storage_typeEE4typeEmPd
    0 bytes stack frame, 0 bytes spill stores, 0 bytes spill loads
ptxas info    : Used 20 registers, used 1 barriers, 512 bytes smem
ptxas info    : Compile time = 3.753 ms
ptxas info    : Compiling entry function '_ZN3aut17precision_packing13stream_decodeINS_7storage8fp8_e5m2ELNS0_15arithmetic_kindE0ELNS0_11access_kindE2ELi2EEEvPKNSt11conditionalIXltsrT_10total_bitsLi8EEhNS2_5codecIS7_E12storage_typeEE4typeEmPd' for 'sm_90'
ptxas info    : Function properties for _ZN3aut17precision_packing13stream_decodeINS_7storage8fp8_e5m2ELNS0_15arithmetic_kindE0ELNS0_11access_kindE2ELi2EEEvPKNSt11conditionalIXltsrT_10total_bitsLi8EEhNS2_5codecIS7_E12storage_typeEE4typeEmPd
    0 bytes stack frame, 0 bytes spill stores, 0 bytes spill loads
ptxas info    : Used 18 registers, used 1 barriers, 512 bytes smem
ptxas info    : Compile time = 3.708 ms
ptxas info    : Compiling entry function '_ZN3aut17precision_packing13stream_decodeINS_7storage8fp8_e5m2ELNS0_15arithmetic_kindE0ELNS0_11access_kindE1ELi2EEEvPKNSt11conditionalIXltsrT_10total_bitsLi8EEhNS2_5codecIS7_E12storage_typeEE4typeEmPd' for 'sm_90'
ptxas info    : Function properties for _ZN3aut17precision_packing13stream_decodeINS_7storage8fp8_e5m2ELNS0_15arithmetic_kindE0ELNS0_11access_kindE1ELi2EEEvPKNSt11conditionalIXltsrT_10total_bitsLi8EEhNS2_5codecIS7_E12storage_typeEE4typeEmPd
    0 bytes stack frame, 0 bytes spill stores, 0 bytes spill loads
ptxas info    : Used 18 registers, used 1 barriers, 512 bytes smem
ptxas info    : Compile time = 3.713 ms
ptxas info    : Compiling entry function '_ZN3aut17precision_packing13stream_decodeINS_7storage8fp8_e5m2ELNS0_15arithmetic_kindE0ELNS0_11access_kindE0ELi1EEEvPKNSt11conditionalIXltsrT_10total_bitsLi8EEhNS2_5codecIS7_E12storage_typeEE4typeEmPd' for 'sm_90'
ptxas info    : Function properties for _ZN3aut17precision_packing13stream_decodeINS_7storage8fp8_e5m2ELNS0_15arithmetic_kindE0ELNS0_11access_kindE0ELi1EEEvPKNSt11conditionalIXltsrT_10total_bitsLi8EEhNS2_5codecIS7_E12storage_typeEE4typeEmPd
    0 bytes stack frame, 0 bytes spill stores, 0 bytes spill loads
ptxas info    : Used 16 registers, used 1 barriers, 512 bytes smem
ptxas info    : Compile time = 3.409 ms
ptxas info    : Compiling entry function '_ZN3aut17precision_packing11stream_loadINS_7storage8fp8_e5m2ELNS0_11access_kindE2ELi8EEEvPKNSt11conditionalIXltsrT_10total_bitsLi8EEhNS2_5codecIS6_E12storage_typeEE4typeEmPm' for 'sm_90'
ptxas info    : Function properties for _ZN3aut17precision_packing11stream_loadINS_7storage8fp8_e5m2ELNS0_11access_kindE2ELi8EEEvPKNSt11conditionalIXltsrT_10total_bitsLi8EEhNS2_5codecIS6_E12storage_typeEE4typeEmPm
    0 bytes stack frame, 0 bytes spill stores, 0 bytes spill loads
ptxas info    : Used 20 registers, used 1 barriers, 2048 bytes smem
ptxas info    : Compile time = 3.589 ms
ptxas info    : Compiling entry function '_ZN3aut17precision_packing11stream_loadINS_7storage8fp8_e5m2ELNS0_11access_kindE1ELi8EEEvPKNSt11conditionalIXltsrT_10total_bitsLi8EEhNS2_5codecIS6_E12storage_typeEE4typeEmPm' for 'sm_90'
ptxas info    : Function properties for _ZN3aut17precision_packing11stream_loadINS_7storage8fp8_e5m2ELNS0_11access_kindE1ELi8EEEvPKNSt11conditionalIXltsrT_10total_bitsLi8EEhNS2_5codecIS6_E12storage_typeEE4typeEmPm
    0 bytes stack frame, 0 bytes spill stores, 0 bytes spill loads
ptxas info    : Used 26 registers, used 1 barriers, 2048 bytes smem
ptxas info    : Compile time = 4.015 ms
ptxas info    : Compiling entry function '_ZN3aut17precision_packing11stream_loadINS_7storage8fp8_e5m2ELNS0_11access_kindE2ELi4EEEvPKNSt11conditionalIXltsrT_10total_bitsLi8EEhNS2_5codecIS6_E12storage_typeEE4typeEmPm' for 'sm_90'
ptxas info    : Function properties for _ZN3aut17precision_packing11stream_loadINS_7storage8fp8_e5m2ELNS0_11access_kindE2ELi4EEEvPKNSt11conditionalIXltsrT_10total_bitsLi8EEhNS2_5codecIS6_E12storage_typeEE4typeEmPm
    0 bytes stack frame, 0 bytes spill stores, 0 bytes spill loads
ptxas info    : Used 18 registers, used 1 barriers, 2048 bytes smem
ptxas info    : Compile time = 3.511 ms
ptxas info    : Compiling entry function '_ZN3aut17precision_packing11stream_loadINS_7storage8fp8_e5m2ELNS0_11access_kindE1ELi4EEEvPKNSt11conditionalIXltsrT_10total_bitsLi8EEhNS2_5codecIS6_E12storage_typeEE4typeEmPm' for 'sm_90'
ptxas info    : Function properties for _ZN3aut17precision_packing11stream_loadINS_7storage8fp8_e5m2ELNS0_11access_kindE1ELi4EEEvPKNSt11conditionalIXltsrT_10total_bitsLi8EEhNS2_5codecIS6_E12storage_typeEE4typeEmPm
    0 bytes stack frame, 0 bytes spill stores, 0 bytes spill loads
ptxas info    : Used 24 registers, used 1 barriers, 2048 bytes smem
ptxas info    : Compile time = 3.747 ms
ptxas info    : Compiling entry function '_ZN3aut17precision_packing11stream_loadINS_7storage8fp8_e5m2ELNS0_11access_kindE2ELi2EEEvPKNSt11conditionalIXltsrT_10total_bitsLi8EEhNS2_5codecIS6_E12storage_typeEE4typeEmPm' for 'sm_90'
ptxas info    : Function properties for _ZN3aut17precision_packing11stream_loadINS_7storage8fp8_e5m2ELNS0_11access_kindE2ELi2EEEvPKNSt11conditionalIXltsrT_10total_bitsLi8EEhNS2_5codecIS6_E12storage_typeEE4typeEmPm
    0 bytes stack frame, 0 bytes spill stores, 0 bytes spill loads
ptxas info    : Used 18 registers, used 1 barriers, 2048 bytes smem
ptxas info    : Compile time = 3.510 ms
ptxas info    : Compiling entry function '_ZN3aut17precision_packing11stream_loadINS_7storage8fp8_e5m2ELNS0_11access_kindE1ELi2EEEvPKNSt11conditionalIXltsrT_10total_bitsLi8EEhNS2_5codecIS6_E12storage_typeEE4typeEmPm' for 'sm_90'
ptxas info    : Function properties for _ZN3aut17precision_packing11stream_loadINS_7storage8fp8_e5m2ELNS0_11access_kindE1ELi2EEEvPKNSt11conditionalIXltsrT_10total_bitsLi8EEhNS2_5codecIS6_E12storage_typeEE4typeEmPm
    0 bytes stack frame, 0 bytes spill stores, 0 bytes spill loads
ptxas info    : Used 22 registers, used 1 barriers, 2048 bytes smem
ptxas info    : Compile time = 3.592 ms
ptxas info    : Compiling entry function '_ZN3aut17precision_packing11stream_loadINS_7storage8fp8_e5m2ELNS0_11access_kindE0ELi1EEEvPKNSt11conditionalIXltsrT_10total_bitsLi8EEhNS2_5codecIS6_E12storage_typeEE4typeEmPm' for 'sm_90'
ptxas info    : Function properties for _ZN3aut17precision_packing11stream_loadINS_7storage8fp8_e5m2ELNS0_11access_kindE0ELi1EEEvPKNSt11conditionalIXltsrT_10total_bitsLi8EEhNS2_5codecIS6_E12storage_typeEE4typeEmPm
    0 bytes stack frame, 0 bytes spill stores, 0 bytes spill loads
ptxas info    : Used 16 registers, used 1 barriers, 2048 bytes smem
ptxas info    : Compile time = 3.433 ms
ptxas info    : Compiling entry function '_ZN3aut17precision_packing4gemvINS_7storage8fp8_e5m2ELNS0_15arithmetic_kindE3ELNS0_11access_kindE2ELi8EEEvPKNSt11conditionalIXltsrT_10total_bitsLi8EEhNS2_5codecIS7_E12storage_typeEE4typeESE_mmmPd' for 'sm_90'
ptxas info    : Function properties for _ZN3aut17precision_packing4gemvINS_7storage8fp8_e5m2ELNS0_15arithmetic_kindE3ELNS0_11access_kindE2ELi8EEEvPKNSt11conditionalIXltsrT_10total_bitsLi8EEhNS2_5codecIS7_E12storage_typeEE4typeESE_mmmPd
    0 bytes stack frame, 0 bytes spill stores, 0 bytes spill loads
ptxas info    : Used 32 registers, used 1 barriers, 2048 bytes smem
ptxas info    : Compile time = 5.779 ms
ptxas info    : Compiling entry function '_ZN3aut17precision_packing4gemvINS_7storage8fp8_e5m2ELNS0_15arithmetic_kindE3ELNS0_11access_kindE1ELi8EEEvPKNSt11conditionalIXltsrT_10total_bitsLi8EEhNS2_5codecIS7_E12storage_typeEE4typeESE_mmmPd' for 'sm_90'
ptxas info    : Function properties for _ZN3aut17precision_packing4gemvINS_7storage8fp8_e5m2ELNS0_15arithmetic_kindE3ELNS0_11access_kindE1ELi8EEEvPKNSt11conditionalIXltsrT_10total_bitsLi8EEhNS2_5codecIS7_E12storage_typeEE4typeESE_mmmPd
    0 bytes stack frame, 0 bytes spill stores, 0 bytes spill loads
ptxas info    : Used 32 registers, used 1 barriers, 2048 bytes smem
ptxas info    : Compile time = 5.691 ms
ptxas info    : Compiling entry function '_ZN3aut17precision_packing4gemvINS_7storage8fp8_e5m2ELNS0_15arithmetic_kindE3ELNS0_11access_kindE2ELi4EEEvPKNSt11conditionalIXltsrT_10total_bitsLi8EEhNS2_5codecIS7_E12storage_typeEE4typeESE_mmmPd' for 'sm_90'
ptxas info    : Function properties for _ZN3aut17precision_packing4gemvINS_7storage8fp8_e5m2ELNS0_15arithmetic_kindE3ELNS0_11access_kindE2ELi4EEEvPKNSt11conditionalIXltsrT_10total_bitsLi8EEhNS2_5codecIS7_E12storage_typeEE4typeESE_mmmPd
    0 bytes stack frame, 0 bytes spill stores, 0 bytes spill loads
ptxas info    : Used 30 registers, used 1 barriers, 2048 bytes smem
ptxas info    : Compile time = 4.797 ms
ptxas info    : Compiling entry function '_ZN3aut17precision_packing4gemvINS_7storage8fp8_e5m2ELNS0_15arithmetic_kindE3ELNS0_11access_kindE1ELi4EEEvPKNSt11conditionalIXltsrT_10total_bitsLi8EEhNS2_5codecIS7_E12storage_typeEE4typeESE_mmmPd' for 'sm_90'
ptxas info    : Function properties for _ZN3aut17precision_packing4gemvINS_7storage8fp8_e5m2ELNS0_15arithmetic_kindE3ELNS0_11access_kindE1ELi4EEEvPKNSt11conditionalIXltsrT_10total_bitsLi8EEhNS2_5codecIS7_E12storage_typeEE4typeESE_mmmPd
    0 bytes stack frame, 0 bytes spill stores, 0 bytes spill loads
ptxas info    : Used 29 registers, used 1 barriers, 2048 bytes smem
ptxas info    : Compile time = 4.796 ms
ptxas info    : Compiling entry function '_ZN3aut17precision_packing4gemvINS_7storage8fp8_e5m2ELNS0_15arithmetic_kindE3ELNS0_11access_kindE2ELi2EEEvPKNSt11conditionalIXltsrT_10total_bitsLi8EEhNS2_5codecIS7_E12storage_typeEE4typeESE_mmmPd' for 'sm_90'
ptxas info    : Function properties for _ZN3aut17precision_packing4gemvINS_7storage8fp8_e5m2ELNS0_15arithmetic_kindE3ELNS0_11access_kindE2ELi2EEEvPKNSt11conditionalIXltsrT_10total_bitsLi8EEhNS2_5codecIS7_E12storage_typeEE4typeESE_mmmPd
    0 bytes stack frame, 0 bytes spill stores, 0 bytes spill loads
ptxas info    : Used 23 registers, used 1 barriers, 2048 bytes smem
ptxas info    : Compile time = 4.291 ms
ptxas info    : Compiling entry function '_ZN3aut17precision_packing4gemvINS_7storage8fp8_e5m2ELNS0_15arithmetic_kindE3ELNS0_11access_kindE1ELi2EEEvPKNSt11conditionalIXltsrT_10total_bitsLi8EEhNS2_5codecIS7_E12storage_typeEE4typeESE_mmmPd' for 'sm_90'
ptxas info    : Function properties for _ZN3aut17precision_packing4gemvINS_7storage8fp8_e5m2ELNS0_15arithmetic_kindE3ELNS0_11access_kindE1ELi2EEEvPKNSt11conditionalIXltsrT_10total_bitsLi8EEhNS2_5codecIS7_E12storage_typeEE4typeESE_mmmPd
    0 bytes stack frame, 0 bytes spill stores, 0 bytes spill loads
ptxas info    : Used 23 registers, used 1 barriers, 2048 bytes smem
ptxas info    : Compile time = 4.268 ms
ptxas info    : Compiling entry function '_ZN3aut17precision_packing4gemvINS_7storage8fp8_e5m2ELNS0_15arithmetic_kindE3ELNS0_11access_kindE0ELi1EEEvPKNSt11conditionalIXltsrT_10total_bitsLi8EEhNS2_5codecIS7_E12storage_typeEE4typeESE_mmmPd' for 'sm_90'
ptxas info    : Function properties for _ZN3aut17precision_packing4gemvINS_7storage8fp8_e5m2ELNS0_15arithmetic_kindE3ELNS0_11access_kindE0ELi1EEEvPKNSt11conditionalIXltsrT_10total_bitsLi8EEhNS2_5codecIS7_E12storage_typeEE4typeESE_mmmPd
    0 bytes stack frame, 0 bytes spill stores, 0 bytes spill loads
ptxas info    : Used 21 registers, used 1 barriers, 2048 bytes smem
ptxas info    : Compile time = 3.887 ms
ptxas info    : Compiling entry function '_ZN3aut17precision_packing4gemvINS_7storage8fp8_e5m2ELNS0_15arithmetic_kindE2ELNS0_11access_kindE2ELi8EEEvPKNSt11conditionalIXltsrT_10total_bitsLi8EEhNS2_5codecIS7_E12storage_typeEE4typeESE_mmmPd' for 'sm_90'
ptxas info    : Function properties for _ZN3aut17precision_packing4gemvINS_7storage8fp8_e5m2ELNS0_15arithmetic_kindE2ELNS0_11access_kindE2ELi8EEEvPKNSt11conditionalIXltsrT_10total_bitsLi8EEhNS2_5codecIS7_E12storage_typeEE4typeESE_mmmPd
    0 bytes stack frame, 0 bytes spill stores, 0 bytes spill loads
ptxas info    : Used 27 registers, used 1 barriers, 1024 bytes smem
ptxas info    : Compile time = 5.414 ms
ptxas info    : Compiling entry function '_ZN3aut17precision_packing4gemvINS_7storage8fp8_e5m2ELNS0_15arithmetic_kindE2ELNS0_11access_kindE1ELi8EEEvPKNSt11conditionalIXltsrT_10total_bitsLi8EEhNS2_5codecIS7_E12storage_typeEE4typeESE_mmmPd' for 'sm_90'
ptxas info    : Function properties for _ZN3aut17precision_packing4gemvINS_7storage8fp8_e5m2ELNS0_15arithmetic_kindE2ELNS0_11access_kindE1ELi8EEEvPKNSt11conditionalIXltsrT_10total_bitsLi8EEhNS2_5codecIS7_E12storage_typeEE4typeESE_mmmPd
    0 bytes stack frame, 0 bytes spill stores, 0 bytes spill loads
ptxas info    : Used 32 registers, used 1 barriers, 1024 bytes smem
ptxas info    : Compile time = 5.452 ms
ptxas info    : Compiling entry function '_ZN3aut17precision_packing4gemvINS_7storage8fp8_e5m2ELNS0_15arithmetic_kindE2ELNS0_11access_kindE2ELi4EEEvPKNSt11conditionalIXltsrT_10total_bitsLi8EEhNS2_5codecIS7_E12storage_typeEE4typeESE_mmmPd' for 'sm_90'
ptxas info    : Function properties for _ZN3aut17precision_packing4gemvINS_7storage8fp8_e5m2ELNS0_15arithmetic_kindE2ELNS0_11access_kindE2ELi4EEEvPKNSt11conditionalIXltsrT_10total_bitsLi8EEhNS2_5codecIS7_E12storage_typeEE4typeESE_mmmPd
    0 bytes stack frame, 0 bytes spill stores, 0 bytes spill loads
ptxas info    : Used 22 registers, used 1 barriers, 1024 bytes smem
ptxas info    : Compile time = 4.871 ms
ptxas info    : Compiling entry function '_ZN3aut17precision_packing4gemvINS_7storage8fp8_e5m2ELNS0_15arithmetic_kindE2ELNS0_11access_kindE1ELi4EEEvPKNSt11conditionalIXltsrT_10total_bitsLi8EEhNS2_5codecIS7_E12storage_typeEE4typeESE_mmmPd' for 'sm_90'
ptxas info    : Function properties for _ZN3aut17precision_packing4gemvINS_7storage8fp8_e5m2ELNS0_15arithmetic_kindE2ELNS0_11access_kindE1ELi4EEEvPKNSt11conditionalIXltsrT_10total_bitsLi8EEhNS2_5codecIS7_E12storage_typeEE4typeESE_mmmPd
    0 bytes stack frame, 0 bytes spill stores, 0 bytes spill loads
ptxas info    : Used 25 registers, used 1 barriers, 1024 bytes smem
ptxas info    : Compile time = 4.611 ms
ptxas info    : Compiling entry function '_ZN3aut17precision_packing4gemvINS_7storage8fp8_e5m2ELNS0_15arithmetic_kindE2ELNS0_11access_kindE2ELi2EEEvPKNSt11conditionalIXltsrT_10total_bitsLi8EEhNS2_5codecIS7_E12storage_typeEE4typeESE_mmmPd' for 'sm_90'
ptxas info    : Function properties for _ZN3aut17precision_packing4gemvINS_7storage8fp8_e5m2ELNS0_15arithmetic_kindE2ELNS0_11access_kindE2ELi2EEEvPKNSt11conditionalIXltsrT_10total_bitsLi8EEhNS2_5codecIS7_E12storage_typeEE4typeESE_mmmPd
    0 bytes stack frame, 0 bytes spill stores, 0 bytes spill loads
ptxas info    : Used 18 registers, used 1 barriers, 1024 bytes smem
ptxas info    : Compile time = 4.261 ms
ptxas info    : Compiling entry function '_ZN3aut17precision_packing4gemvINS_7storage8fp8_e5m2ELNS0_15arithmetic_kindE2ELNS0_11access_kindE1ELi2EEEvPKNSt11conditionalIXltsrT_10total_bitsLi8EEhNS2_5codecIS7_E12storage_typeEE4typeESE_mmmPd' for 'sm_90'
ptxas info    : Function properties for _ZN3aut17precision_packing4gemvINS_7storage8fp8_e5m2ELNS0_15arithmetic_kindE2ELNS0_11access_kindE1ELi2EEEvPKNSt11conditionalIXltsrT_10total_bitsLi8EEhNS2_5codecIS7_E12storage_typeEE4typeESE_mmmPd
    0 bytes stack frame, 0 bytes spill stores, 0 bytes spill loads
ptxas info    : Used 19 registers, used 1 barriers, 1024 bytes smem
ptxas info    : Compile time = 4.216 ms
ptxas info    : Compiling entry function '_ZN3aut17precision_packing4gemvINS_7storage8fp8_e5m2ELNS0_15arithmetic_kindE2ELNS0_11access_kindE0ELi1EEEvPKNSt11conditionalIXltsrT_10total_bitsLi8EEhNS2_5codecIS7_E12storage_typeEE4typeESE_mmmPd' for 'sm_90'
ptxas info    : Function properties for _ZN3aut17precision_packing4gemvINS_7storage8fp8_e5m2ELNS0_15arithmetic_kindE2ELNS0_11access_kindE0ELi1EEEvPKNSt11conditionalIXltsrT_10total_bitsLi8EEhNS2_5codecIS7_E12storage_typeEE4typeESE_mmmPd
    0 bytes stack frame, 0 bytes spill stores, 0 bytes spill loads
ptxas info    : Used 18 registers, used 1 barriers, 1024 bytes smem
ptxas info    : Compile time = 3.894 ms
ptxas info    : Compiling entry function '_ZN3aut17precision_packing4gemvINS_7storage8fp8_e5m2ELNS0_15arithmetic_kindE0ELNS0_11access_kindE2ELi8EEEvPKNSt11conditionalIXltsrT_10total_bitsLi8EEhNS2_5codecIS7_E12storage_typeEE4typeESE_mmmPd' for 'sm_90'
ptxas info    : Function properties for _ZN3aut17precision_packing4gemvINS_7storage8fp8_e5m2ELNS0_15arithmetic_kindE0ELNS0_11access_kindE2ELi8EEEvPKNSt11conditionalIXltsrT_10total_bitsLi8EEhNS2_5codecIS7_E12storage_typeEE4typeESE_mmmPd
    0 bytes stack frame, 0 bytes spill stores, 0 bytes spill loads
ptxas info    : Used 29 registers, used 1 barriers, 512 bytes smem
ptxas info    : Compile time = 5.383 ms
ptxas info    : Compiling entry function '_ZN3aut17precision_packing4gemvINS_7storage8fp8_e5m2ELNS0_15arithmetic_kindE0ELNS0_11access_kindE1ELi8EEEvPKNSt11conditionalIXltsrT_10total_bitsLi8EEhNS2_5codecIS7_E12storage_typeEE4typeESE_mmmPd' for 'sm_90'
ptxas info    : Function properties for _ZN3aut17precision_packing4gemvINS_7storage8fp8_e5m2ELNS0_15arithmetic_kindE0ELNS0_11access_kindE1ELi8EEEvPKNSt11conditionalIXltsrT_10total_bitsLi8EEhNS2_5codecIS7_E12storage_typeEE4typeESE_mmmPd
    0 bytes stack frame, 0 bytes spill stores, 0 bytes spill loads
ptxas info    : Used 32 registers, used 1 barriers, 512 bytes smem
ptxas info    : Compile time = 5.225 ms
ptxas info    : Compiling entry function '_ZN3aut17precision_packing4gemvINS_7storage8fp8_e5m2ELNS0_15arithmetic_kindE0ELNS0_11access_kindE2ELi4EEEvPKNSt11conditionalIXltsrT_10total_bitsLi8EEhNS2_5codecIS7_E12storage_typeEE4typeESE_mmmPd' for 'sm_90'
ptxas info    : Function properties for _ZN3aut17precision_packing4gemvINS_7storage8fp8_e5m2ELNS0_15arithmetic_kindE0ELNS0_11access_kindE2ELi4EEEvPKNSt11conditionalIXltsrT_10total_bitsLi8EEhNS2_5codecIS7_E12storage_typeEE4typeESE_mmmPd
    0 bytes stack frame, 0 bytes spill stores, 0 bytes spill loads
ptxas info    : Used 20 registers, used 1 barriers, 512 bytes smem
ptxas info    : Compile time = 4.726 ms
ptxas info    : Compiling entry function '_ZN3aut17precision_packing4gemvINS_7storage8fp8_e5m2ELNS0_15arithmetic_kindE0ELNS0_11access_kindE1ELi4EEEvPKNSt11conditionalIXltsrT_10total_bitsLi8EEhNS2_5codecIS7_E12storage_typeEE4typeESE_mmmPd' for 'sm_90'
ptxas info    : Function properties for _ZN3aut17precision_packing4gemvINS_7storage8fp8_e5m2ELNS0_15arithmetic_kindE0ELNS0_11access_kindE1ELi4EEEvPKNSt11conditionalIXltsrT_10total_bitsLi8EEhNS2_5codecIS7_E12storage_typeEE4typeESE_mmmPd
    0 bytes stack frame, 0 bytes spill stores, 0 bytes spill loads
ptxas info    : Used 23 registers, used 1 barriers, 512 bytes smem
ptxas info    : Compile time = 4.653 ms
ptxas info    : Compiling entry function '_ZN3aut17precision_packing4gemvINS_7storage8fp8_e5m2ELNS0_15arithmetic_kindE0ELNS0_11access_kindE2ELi2EEEvPKNSt11conditionalIXltsrT_10total_bitsLi8EEhNS2_5codecIS7_E12storage_typeEE4typeESE_mmmPd' for 'sm_90'
ptxas info    : Function properties for _ZN3aut17precision_packing4gemvINS_7storage8fp8_e5m2ELNS0_15arithmetic_kindE0ELNS0_11access_kindE2ELi2EEEvPKNSt11conditionalIXltsrT_10total_bitsLi8EEhNS2_5codecIS7_E12storage_typeEE4typeESE_mmmPd
    0 bytes stack frame, 0 bytes spill stores, 0 bytes spill loads
ptxas info    : Used 17 registers, used 1 barriers, 512 bytes smem
ptxas info    : Compile time = 4.348 ms
ptxas info    : Compiling entry function '_ZN3aut17precision_packing4gemvINS_7storage8fp8_e5m2ELNS0_15arithmetic_kindE0ELNS0_11access_kindE1ELi2EEEvPKNSt11conditionalIXltsrT_10total_bitsLi8EEhNS2_5codecIS7_E12storage_typeEE4typeESE_mmmPd' for 'sm_90'
ptxas info    : Function properties for _ZN3aut17precision_packing4gemvINS_7storage8fp8_e5m2ELNS0_15arithmetic_kindE0ELNS0_11access_kindE1ELi2EEEvPKNSt11conditionalIXltsrT_10total_bitsLi8EEhNS2_5codecIS7_E12storage_typeEE4typeESE_mmmPd
    0 bytes stack frame, 0 bytes spill stores, 0 bytes spill loads
ptxas info    : Used 18 registers, used 1 barriers, 512 bytes smem
ptxas info    : Compile time = 4.312 ms
ptxas info    : Compiling entry function '_ZN3aut17precision_packing4gemvINS_7storage8fp8_e5m2ELNS0_15arithmetic_kindE0ELNS0_11access_kindE0ELi1EEEvPKNSt11conditionalIXltsrT_10total_bitsLi8EEhNS2_5codecIS7_E12storage_typeEE4typeESE_mmmPd' for 'sm_90'
ptxas info    : Function properties for _ZN3aut17precision_packing4gemvINS_7storage8fp8_e5m2ELNS0_15arithmetic_kindE0ELNS0_11access_kindE0ELi1EEEvPKNSt11conditionalIXltsrT_10total_bitsLi8EEhNS2_5codecIS7_E12storage_typeEE4typeESE_mmmPd
    0 bytes stack frame, 0 bytes spill stores, 0 bytes spill loads
ptxas info    : Used 16 registers, used 1 barriers, 512 bytes smem
ptxas info    : Compile time = 3.932 ms
ptxas info    : Compiling entry function '_ZN3aut17precision_packing7dot_mapINS_7storage8fp8_e5m2ELNS0_15arithmetic_kindE3ELNS0_11access_kindE2ELi8EEEvPKNSt11conditionalIXltsrT_10total_bitsLi8EEhNS2_5codecIS7_E12storage_typeEE4typeESE_mPNS0_10arithmeticIXT0_EE4typeE' for 'sm_90'
ptxas info    : Function properties for _ZN3aut17precision_packing7dot_mapINS_7storage8fp8_e5m2ELNS0_15arithmetic_kindE3ELNS0_11access_kindE2ELi8EEEvPKNSt11conditionalIXltsrT_10total_bitsLi8EEhNS2_5codecIS7_E12storage_typeEE4typeESE_mPNS0_10arithmeticIXT0_EE4typeE
    0 bytes stack frame, 0 bytes spill stores, 0 bytes spill loads
ptxas info    : Used 37 registers, used 1 barriers, 2048 bytes smem
ptxas info    : Compile time = 5.656 ms
ptxas info    : Compiling entry function '_ZN3aut17precision_packing7dot_mapINS_7storage8fp8_e5m2ELNS0_15arithmetic_kindE3ELNS0_11access_kindE1ELi8EEEvPKNSt11conditionalIXltsrT_10total_bitsLi8EEhNS2_5codecIS7_E12storage_typeEE4typeESE_mPNS0_10arithmeticIXT0_EE4typeE' for 'sm_90'
ptxas info    : Function properties for _ZN3aut17precision_packing7dot_mapINS_7storage8fp8_e5m2ELNS0_15arithmetic_kindE3ELNS0_11access_kindE1ELi8EEEvPKNSt11conditionalIXltsrT_10total_bitsLi8EEhNS2_5codecIS7_E12storage_typeEE4typeESE_mPNS0_10arithmeticIXT0_EE4typeE
    0 bytes stack frame, 0 bytes spill stores, 0 bytes spill loads
ptxas info    : Used 40 registers, used 1 barriers, 2048 bytes smem
ptxas info    : Compile time = 5.619 ms
ptxas info    : Compiling entry function '_ZN3aut17precision_packing7dot_mapINS_7storage8fp8_e5m2ELNS0_15arithmetic_kindE3ELNS0_11access_kindE2ELi4EEEvPKNSt11conditionalIXltsrT_10total_bitsLi8EEhNS2_5codecIS7_E12storage_typeEE4typeESE_mPNS0_10arithmeticIXT0_EE4typeE' for 'sm_90'
ptxas info    : Function properties for _ZN3aut17precision_packing7dot_mapINS_7storage8fp8_e5m2ELNS0_15arithmetic_kindE3ELNS0_11access_kindE2ELi4EEEvPKNSt11conditionalIXltsrT_10total_bitsLi8EEhNS2_5codecIS7_E12storage_typeEE4typeESE_mPNS0_10arithmeticIXT0_EE4typeE
    0 bytes stack frame, 0 bytes spill stores, 0 bytes spill loads
ptxas info    : Used 30 registers, used 1 barriers, 2048 bytes smem
ptxas info    : Compile time = 4.738 ms
ptxas info    : Compiling entry function '_ZN3aut17precision_packing7dot_mapINS_7storage8fp8_e5m2ELNS0_15arithmetic_kindE3ELNS0_11access_kindE1ELi4EEEvPKNSt11conditionalIXltsrT_10total_bitsLi8EEhNS2_5codecIS7_E12storage_typeEE4typeESE_mPNS0_10arithmeticIXT0_EE4typeE' for 'sm_90'
ptxas info    : Function properties for _ZN3aut17precision_packing7dot_mapINS_7storage8fp8_e5m2ELNS0_15arithmetic_kindE3ELNS0_11access_kindE1ELi4EEEvPKNSt11conditionalIXltsrT_10total_bitsLi8EEhNS2_5codecIS7_E12storage_typeEE4typeESE_mPNS0_10arithmeticIXT0_EE4typeE
    0 bytes stack frame, 0 bytes spill stores, 0 bytes spill loads
ptxas info    : Used 32 registers, used 1 barriers, 2048 bytes smem
ptxas info    : Compile time = 4.721 ms
ptxas info    : Compiling entry function '_ZN3aut17precision_packing7dot_mapINS_7storage8fp8_e5m2ELNS0_15arithmetic_kindE3ELNS0_11access_kindE2ELi2EEEvPKNSt11conditionalIXltsrT_10total_bitsLi8EEhNS2_5codecIS7_E12storage_typeEE4typeESE_mPNS0_10arithmeticIXT0_EE4typeE' for 'sm_90'
ptxas info    : Function properties for _ZN3aut17precision_packing7dot_mapINS_7storage8fp8_e5m2ELNS0_15arithmetic_kindE3ELNS0_11access_kindE2ELi2EEEvPKNSt11conditionalIXltsrT_10total_bitsLi8EEhNS2_5codecIS7_E12storage_typeEE4typeESE_mPNS0_10arithmeticIXT0_EE4typeE
    0 bytes stack frame, 0 bytes spill stores, 0 bytes spill loads
ptxas info    : Used 24 registers, used 1 barriers, 2048 bytes smem
ptxas info    : Compile time = 4.173 ms
ptxas info    : Compiling entry function '_ZN3aut17precision_packing7dot_mapINS_7storage8fp8_e5m2ELNS0_15arithmetic_kindE3ELNS0_11access_kindE1ELi2EEEvPKNSt11conditionalIXltsrT_10total_bitsLi8EEhNS2_5codecIS7_E12storage_typeEE4typeESE_mPNS0_10arithmeticIXT0_EE4typeE' for 'sm_90'
ptxas info    : Function properties for _ZN3aut17precision_packing7dot_mapINS_7storage8fp8_e5m2ELNS0_15arithmetic_kindE3ELNS0_11access_kindE1ELi2EEEvPKNSt11conditionalIXltsrT_10total_bitsLi8EEhNS2_5codecIS7_E12storage_typeEE4typeESE_mPNS0_10arithmeticIXT0_EE4typeE
    0 bytes stack frame, 0 bytes spill stores, 0 bytes spill loads
ptxas info    : Used 26 registers, used 1 barriers, 2048 bytes smem
ptxas info    : Compile time = 4.132 ms
ptxas info    : Compiling entry function '_ZN3aut17precision_packing12dot_finalizeILNS0_15arithmetic_kindE3EEEvPKNS0_10arithmeticIXT_EE4typeEmPd' for 'sm_90'
ptxas info    : Function properties for _ZN3aut17precision_packing12dot_finalizeILNS0_15arithmetic_kindE3EEEvPKNS0_10arithmeticIXT_EE4typeEmPd
    0 bytes stack frame, 0 bytes spill stores, 0 bytes spill loads
ptxas info    : Used 14 registers, used 1 barriers, 2048 bytes smem
ptxas info    : Compile time = 2.584 ms
ptxas info    : Compiling entry function '_ZN3aut17precision_packing7dot_mapINS_7storage8fp8_e5m2ELNS0_15arithmetic_kindE3ELNS0_11access_kindE0ELi1EEEvPKNSt11conditionalIXltsrT_10total_bitsLi8EEhNS2_5codecIS7_E12storage_typeEE4typeESE_mPNS0_10arithmeticIXT0_EE4typeE' for 'sm_90'
ptxas info    : Function properties for _ZN3aut17precision_packing7dot_mapINS_7storage8fp8_e5m2ELNS0_15arithmetic_kindE3ELNS0_11access_kindE0ELi1EEEvPKNSt11conditionalIXltsrT_10total_bitsLi8EEhNS2_5codecIS7_E12storage_typeEE4typeESE_mPNS0_10arithmeticIXT0_EE4typeE
    0 bytes stack frame, 0 bytes spill stores, 0 bytes spill loads
ptxas info    : Used 22 registers, used 1 barriers, 2048 bytes smem
ptxas info    : Compile time = 3.737 ms
ptxas info    : Compiling entry function '_ZN3aut17precision_packing7dot_mapINS_7storage8fp8_e5m2ELNS0_15arithmetic_kindE2ELNS0_11access_kindE2ELi8EEEvPKNSt11conditionalIXltsrT_10total_bitsLi8EEhNS2_5codecIS7_E12storage_typeEE4typeESE_mPNS0_10arithmeticIXT0_EE4typeE' for 'sm_90'
ptxas info    : Function properties for _ZN3aut17precision_packing7dot_mapINS_7storage8fp8_e5m2ELNS0_15arithmetic_kindE2ELNS0_11access_kindE2ELi8EEEvPKNSt11conditionalIXltsrT_10total_bitsLi8EEhNS2_5codecIS7_E12storage_typeEE4typeESE_mPNS0_10arithmeticIXT0_EE4typeE
    0 bytes stack frame, 0 bytes spill stores, 0 bytes spill loads
ptxas info    : Used 29 registers, used 1 barriers, 1024 bytes smem
ptxas info    : Compile time = 5.450 ms
ptxas info    : Compiling entry function '_ZN3aut17precision_packing7dot_mapINS_7storage8fp8_e5m2ELNS0_15arithmetic_kindE2ELNS0_11access_kindE1ELi8EEEvPKNSt11conditionalIXltsrT_10total_bitsLi8EEhNS2_5codecIS7_E12storage_typeEE4typeESE_mPNS0_10arithmeticIXT0_EE4typeE' for 'sm_90'
ptxas info    : Function properties for _ZN3aut17precision_packing7dot_mapINS_7storage8fp8_e5m2ELNS0_15arithmetic_kindE2ELNS0_11access_kindE1ELi8EEEvPKNSt11conditionalIXltsrT_10total_bitsLi8EEhNS2_5codecIS7_E12storage_typeEE4typeESE_mPNS0_10arithmeticIXT0_EE4typeE
    0 bytes stack frame, 0 bytes spill stores, 0 bytes spill loads
ptxas info    : Used 32 registers, used 1 barriers, 1024 bytes smem
ptxas info    : Compile time = 5.250 ms
ptxas info    : Compiling entry function '_ZN3aut17precision_packing7dot_mapINS_7storage8fp8_e5m2ELNS0_15arithmetic_kindE2ELNS0_11access_kindE2ELi4EEEvPKNSt11conditionalIXltsrT_10total_bitsLi8EEhNS2_5codecIS7_E12storage_typeEE4typeESE_mPNS0_10arithmeticIXT0_EE4typeE' for 'sm_90'
ptxas info    : Function properties for _ZN3aut17precision_packing7dot_mapINS_7storage8fp8_e5m2ELNS0_15arithmetic_kindE2ELNS0_11access_kindE2ELi4EEEvPKNSt11conditionalIXltsrT_10total_bitsLi8EEhNS2_5codecIS7_E12storage_typeEE4typeESE_mPNS0_10arithmeticIXT0_EE4typeE
    0 bytes stack frame, 0 bytes spill stores, 0 bytes spill loads
ptxas info    : Used 25 registers, used 1 barriers, 1024 bytes smem
ptxas info    : Compile time = 4.395 ms
ptxas info    : Compiling entry function '_ZN3aut17precision_packing7dot_mapINS_7storage8fp8_e5m2ELNS0_15arithmetic_kindE2ELNS0_11access_kindE1ELi4EEEvPKNSt11conditionalIXltsrT_10total_bitsLi8EEhNS2_5codecIS7_E12storage_typeEE4typeESE_mPNS0_10arithmeticIXT0_EE4typeE' for 'sm_90'
ptxas info    : Function properties for _ZN3aut17precision_packing7dot_mapINS_7storage8fp8_e5m2ELNS0_15arithmetic_kindE2ELNS0_11access_kindE1ELi4EEEvPKNSt11conditionalIXltsrT_10total_bitsLi8EEhNS2_5codecIS7_E12storage_typeEE4typeESE_mPNS0_10arithmeticIXT0_EE4typeE
    0 bytes stack frame, 0 bytes spill stores, 0 bytes spill loads
ptxas info    : Used 29 registers, used 1 barriers, 1024 bytes smem
ptxas info    : Compile time = 4.340 ms
ptxas info    : Compiling entry function '_ZN3aut17precision_packing7dot_mapINS_7storage8fp8_e5m2ELNS0_15arithmetic_kindE2ELNS0_11access_kindE2ELi2EEEvPKNSt11conditionalIXltsrT_10total_bitsLi8EEhNS2_5codecIS7_E12storage_typeEE4typeESE_mPNS0_10arithmeticIXT0_EE4typeE' for 'sm_90'
ptxas info    : Function properties for _ZN3aut17precision_packing7dot_mapINS_7storage8fp8_e5m2ELNS0_15arithmetic_kindE2ELNS0_11access_kindE2ELi2EEEvPKNSt11conditionalIXltsrT_10total_bitsLi8EEhNS2_5codecIS7_E12storage_typeEE4typeESE_mPNS0_10arithmeticIXT0_EE4typeE
    0 bytes stack frame, 0 bytes spill stores, 0 bytes spill loads
ptxas info    : Used 22 registers, used 1 barriers, 1024 bytes smem
ptxas info    : Compile time = 3.990 ms
ptxas info    : Compiling entry function '_ZN3aut17precision_packing7dot_mapINS_7storage8fp8_e5m2ELNS0_15arithmetic_kindE2ELNS0_11access_kindE1ELi2EEEvPKNSt11conditionalIXltsrT_10total_bitsLi8EEhNS2_5codecIS7_E12storage_typeEE4typeESE_mPNS0_10arithmeticIXT0_EE4typeE' for 'sm_90'
ptxas info    : Function properties for _ZN3aut17precision_packing7dot_mapINS_7storage8fp8_e5m2ELNS0_15arithmetic_kindE2ELNS0_11access_kindE1ELi2EEEvPKNSt11conditionalIXltsrT_10total_bitsLi8EEhNS2_5codecIS7_E12storage_typeEE4typeESE_mPNS0_10arithmeticIXT0_EE4typeE
    0 bytes stack frame, 0 bytes spill stores, 0 bytes spill loads
ptxas info    : Used 22 registers, used 1 barriers, 1024 bytes smem
ptxas info    : Compile time = 3.961 ms
ptxas info    : Compiling entry function '_ZN3aut17precision_packing12dot_finalizeILNS0_15arithmetic_kindE2EEEvPKNS0_10arithmeticIXT_EE4typeEmPd' for 'sm_90'
ptxas info    : Function properties for _ZN3aut17precision_packing12dot_finalizeILNS0_15arithmetic_kindE2EEEvPKNS0_10arithmeticIXT_EE4typeEmPd
    0 bytes stack frame, 0 bytes spill stores, 0 bytes spill loads
ptxas info    : Used 14 registers, used 1 barriers, 2048 bytes smem
ptxas info    : Compile time = 2.629 ms
ptxas info    : Compiling entry function '_ZN3aut17precision_packing7dot_mapINS_7storage8fp8_e5m2ELNS0_15arithmetic_kindE2ELNS0_11access_kindE0ELi1EEEvPKNSt11conditionalIXltsrT_10total_bitsLi8EEhNS2_5codecIS7_E12storage_typeEE4typeESE_mPNS0_10arithmeticIXT0_EE4typeE' for 'sm_90'
ptxas info    : Function properties for _ZN3aut17precision_packing7dot_mapINS_7storage8fp8_e5m2ELNS0_15arithmetic_kindE2ELNS0_11access_kindE0ELi1EEEvPKNSt11conditionalIXltsrT_10total_bitsLi8EEhNS2_5codecIS7_E12storage_typeEE4typeESE_mPNS0_10arithmeticIXT0_EE4typeE
    0 bytes stack frame, 0 bytes spill stores, 0 bytes spill loads
ptxas info    : Used 20 registers, used 1 barriers, 1024 bytes smem
ptxas info    : Compile time = 3.623 ms
ptxas info    : Compiling entry function '_ZN3aut17precision_packing7dot_mapINS_7storage8fp8_e5m2ELNS0_15arithmetic_kindE0ELNS0_11access_kindE2ELi8EEEvPKNSt11conditionalIXltsrT_10total_bitsLi8EEhNS2_5codecIS7_E12storage_typeEE4typeESE_mPNS0_10arithmeticIXT0_EE4typeE' for 'sm_90'
ptxas info    : Function properties for _ZN3aut17precision_packing7dot_mapINS_7storage8fp8_e5m2ELNS0_15arithmetic_kindE0ELNS0_11access_kindE2ELi8EEEvPKNSt11conditionalIXltsrT_10total_bitsLi8EEhNS2_5codecIS7_E12storage_typeEE4typeESE_mPNS0_10arithmeticIXT0_EE4typeE
    0 bytes stack frame, 0 bytes spill stores, 0 bytes spill loads
ptxas info    : Used 31 registers, used 1 barriers, 512 bytes smem
ptxas info    : Compile time = 4.994 ms
ptxas info    : Compiling entry function '_ZN3aut17precision_packing7dot_mapINS_7storage8fp8_e5m2ELNS0_15arithmetic_kindE0ELNS0_11access_kindE1ELi8EEEvPKNSt11conditionalIXltsrT_10total_bitsLi8EEhNS2_5codecIS7_E12storage_typeEE4typeESE_mPNS0_10arithmeticIXT0_EE4typeE' for 'sm_90'
ptxas info    : Function properties for _ZN3aut17precision_packing7dot_mapINS_7storage8fp8_e5m2ELNS0_15arithmetic_kindE0ELNS0_11access_kindE1ELi8EEEvPKNSt11conditionalIXltsrT_10total_bitsLi8EEhNS2_5codecIS7_E12storage_typeEE4typeESE_mPNS0_10arithmeticIXT0_EE4typeE
    0 bytes stack frame, 0 bytes spill stores, 0 bytes spill loads
ptxas info    : Used 30 registers, used 1 barriers, 512 bytes smem
ptxas info    : Compile time = 4.935 ms
ptxas info    : Compiling entry function '_ZN3aut17precision_packing7dot_mapINS_7storage8fp8_e5m2ELNS0_15arithmetic_kindE0ELNS0_11access_kindE2ELi4EEEvPKNSt11conditionalIXltsrT_10total_bitsLi8EEhNS2_5codecIS7_E12storage_typeEE4typeESE_mPNS0_10arithmeticIXT0_EE4typeE' for 'sm_90'
ptxas info    : Function properties for _ZN3aut17precision_packing7dot_mapINS_7storage8fp8_e5m2ELNS0_15arithmetic_kindE0ELNS0_11access_kindE2ELi4EEEvPKNSt11conditionalIXltsrT_10total_bitsLi8EEhNS2_5codecIS7_E12storage_typeEE4typeESE_mPNS0_10arithmeticIXT0_EE4typeE
    0 bytes stack frame, 0 bytes spill stores, 0 bytes spill loads
ptxas info    : Used 24 registers, used 1 barriers, 512 bytes smem
ptxas info    : Compile time = 4.301 ms
ptxas info    : Compiling entry function '_ZN3aut17precision_packing7dot_mapINS_7storage8fp8_e5m2ELNS0_15arithmetic_kindE0ELNS0_11access_kindE1ELi4EEEvPKNSt11conditionalIXltsrT_10total_bitsLi8EEhNS2_5codecIS7_E12storage_typeEE4typeESE_mPNS0_10arithmeticIXT0_EE4typeE' for 'sm_90'
ptxas info    : Function properties for _ZN3aut17precision_packing7dot_mapINS_7storage8fp8_e5m2ELNS0_15arithmetic_kindE0ELNS0_11access_kindE1ELi4EEEvPKNSt11conditionalIXltsrT_10total_bitsLi8EEhNS2_5codecIS7_E12storage_typeEE4typeESE_mPNS0_10arithmeticIXT0_EE4typeE
    0 bytes stack frame, 0 bytes spill stores, 0 bytes spill loads
ptxas info    : Used 26 registers, used 1 barriers, 512 bytes smem
ptxas info    : Compile time = 4.165 ms
ptxas info    : Compiling entry function '_ZN3aut17precision_packing7dot_mapINS_7storage8fp8_e5m2ELNS0_15arithmetic_kindE0ELNS0_11access_kindE2ELi2EEEvPKNSt11conditionalIXltsrT_10total_bitsLi8EEhNS2_5codecIS7_E12storage_typeEE4typeESE_mPNS0_10arithmeticIXT0_EE4typeE' for 'sm_90'
ptxas info    : Function properties for _ZN3aut17precision_packing7dot_mapINS_7storage8fp8_e5m2ELNS0_15arithmetic_kindE0ELNS0_11access_kindE2ELi2EEEvPKNSt11conditionalIXltsrT_10total_bitsLi8EEhNS2_5codecIS7_E12storage_typeEE4typeESE_mPNS0_10arithmeticIXT0_EE4typeE
    0 bytes stack frame, 0 bytes spill stores, 0 bytes spill loads
ptxas info    : Used 22 registers, used 1 barriers, 512 bytes smem
ptxas info    : Compile time = 4.024 ms
ptxas info    : Compiling entry function '_ZN3aut17precision_packing7dot_mapINS_7storage8fp8_e5m2ELNS0_15arithmetic_kindE0ELNS0_11access_kindE1ELi2EEEvPKNSt11conditionalIXltsrT_10total_bitsLi8EEhNS2_5codecIS7_E12storage_typeEE4typeESE_mPNS0_10arithmeticIXT0_EE4typeE' for 'sm_90'
ptxas info    : Function properties for _ZN3aut17precision_packing7dot_mapINS_7storage8fp8_e5m2ELNS0_15arithmetic_kindE0ELNS0_11access_kindE1ELi2EEEvPKNSt11conditionalIXltsrT_10total_bitsLi8EEhNS2_5codecIS7_E12storage_typeEE4typeESE_mPNS0_10arithmeticIXT0_EE4typeE
    0 bytes stack frame, 0 bytes spill stores, 0 bytes spill loads
ptxas info    : Used 22 registers, used 1 barriers, 512 bytes smem
ptxas info    : Compile time = 4.001 ms
ptxas info    : Compiling entry function '_ZN3aut17precision_packing12dot_finalizeILNS0_15arithmetic_kindE0EEEvPKNS0_10arithmeticIXT_EE4typeEmPd' for 'sm_90'
ptxas info    : Function properties for _ZN3aut17precision_packing12dot_finalizeILNS0_15arithmetic_kindE0EEEvPKNS0_10arithmeticIXT_EE4typeEmPd
    0 bytes stack frame, 0 bytes spill stores, 0 bytes spill loads
ptxas info    : Used 14 registers, used 1 barriers, 2048 bytes smem
ptxas info    : Compile time = 2.654 ms
ptxas info    : Compiling entry function '_ZN3aut17precision_packing7dot_mapINS_7storage8fp8_e5m2ELNS0_15arithmetic_kindE0ELNS0_11access_kindE0ELi1EEEvPKNSt11conditionalIXltsrT_10total_bitsLi8EEhNS2_5codecIS7_E12storage_typeEE4typeESE_mPNS0_10arithmeticIXT0_EE4typeE' for 'sm_90'
ptxas info    : Function properties for _ZN3aut17precision_packing7dot_mapINS_7storage8fp8_e5m2ELNS0_15arithmetic_kindE0ELNS0_11access_kindE0ELi1EEEvPKNSt11conditionalIXltsrT_10total_bitsLi8EEhNS2_5codecIS7_E12storage_typeEE4typeESE_mPNS0_10arithmeticIXT0_EE4typeE
    0 bytes stack frame, 0 bytes spill stores, 0 bytes spill loads
ptxas info    : Used 18 registers, used 1 barriers, 512 bytes smem
ptxas info    : Compile time = 3.626 ms
ptxas info    : Compiling entry function '_ZN3aut17precision_packing13encode_valuesINS_7storage8fp8_e5m2EEEvPKdPNSt11conditionalIXltsrT_10total_bitsLi8EEhNS2_5codecIS7_E12storage_typeEE4typeEm' for 'sm_90'
ptxas info    : Function properties for _ZN3aut17precision_packing13encode_valuesINS_7storage8fp8_e5m2EEEvPKdPNSt11conditionalIXltsrT_10total_bitsLi8EEhNS2_5codecIS7_E12storage_typeEE4typeEm
    0 bytes stack frame, 0 bytes spill stores, 0 bytes spill loads
ptxas info    : Used 16 registers, used 0 barriers
ptxas info    : Compile time = 2.820 ms
[100%] Linking CUDA executable bin/precision_packing_bench_fp8_e5m2
[100%] Built target precision_packing_bench_fp8_e5m2
Building precision_packing_bench_fp4_e2m1
[ 50%] Building CUDA object CMakeFiles/precision_packing_bench_fp4_e2m1.dir/src/precision_packing_bench.cu.o
ptxas info    : 29 bytes gmem
ptxas info    : Compiling entry function '_ZN3aut17precision_packing16arithmetic_chainILNS0_15arithmetic_kindE3ELi8EEEviPd' for 'sm_90'
ptxas info    : Function properties for _ZN3aut17precision_packing16arithmetic_chainILNS0_15arithmetic_kindE3ELi8EEEviPd
    0 bytes stack frame, 0 bytes spill stores, 0 bytes spill loads
ptxas info    : Used 26 registers, used 0 barriers
ptxas info    : Compile time = 3.133 ms
ptxas info    : Compiling entry function '_ZN3aut17precision_packing16arithmetic_chainILNS0_15arithmetic_kindE3ELi4EEEviPd' for 'sm_90'
ptxas info    : Function properties for _ZN3aut17precision_packing16arithmetic_chainILNS0_15arithmetic_kindE3ELi4EEEviPd
    0 bytes stack frame, 0 bytes spill stores, 0 bytes spill loads
ptxas info    : Used 18 registers, used 0 barriers
ptxas info    : Compile time = 1.632 ms
ptxas info    : Compiling entry function '_ZN3aut17precision_packing16arithmetic_chainILNS0_15arithmetic_kindE3ELi2EEEviPd' for 'sm_90'
ptxas info    : Function properties for _ZN3aut17precision_packing16arithmetic_chainILNS0_15arithmetic_kindE3ELi2EEEviPd
    0 bytes stack frame, 0 bytes spill stores, 0 bytes spill loads
ptxas info    : Used 14 registers, used 0 barriers
ptxas info    : Compile time = 1.327 ms
ptxas info    : Compiling entry function '_ZN3aut17precision_packing16arithmetic_chainILNS0_15arithmetic_kindE3ELi1EEEviPd' for 'sm_90'
ptxas info    : Function properties for _ZN3aut17precision_packing16arithmetic_chainILNS0_15arithmetic_kindE3ELi1EEEviPd
    0 bytes stack frame, 0 bytes spill stores, 0 bytes spill loads
ptxas info    : Used 12 registers, used 0 barriers
ptxas info    : Compile time = 1.244 ms
ptxas info    : Compiling entry function '_ZN3aut17precision_packing15register_decodeINS_7storage8fp4_e2m1ELNS0_15arithmetic_kindE3ELi8EEEvPKNSt11conditionalIXltsrT_10total_bitsLi8EEhNS2_5codecIS6_E12storage_typeEE4typeEmiPd' for 'sm_90'
ptxas info    : Function properties for _ZN3aut17precision_packing15register_decodeINS_7storage8fp4_e2m1ELNS0_15arithmetic_kindE3ELi8EEEvPKNSt11conditionalIXltsrT_10total_bitsLi8EEhNS2_5codecIS6_E12storage_typeEE4typeEmiPd
    0 bytes stack frame, 0 bytes spill stores, 0 bytes spill loads
ptxas info    : Used 40 registers, used 0 barriers
ptxas info    : Compile time = 12.351 ms
ptxas info    : Compiling entry function '_ZN3aut17precision_packing15register_decodeINS_7storage8fp4_e2m1ELNS0_15arithmetic_kindE3ELi4EEEvPKNSt11conditionalIXltsrT_10total_bitsLi8EEhNS2_5codecIS6_E12storage_typeEE4typeEmiPd' for 'sm_90'
ptxas info    : Function properties for _ZN3aut17precision_packing15register_decodeINS_7storage8fp4_e2m1ELNS0_15arithmetic_kindE3ELi4EEEvPKNSt11conditionalIXltsrT_10total_bitsLi8EEhNS2_5codecIS6_E12storage_typeEE4typeEmiPd
    0 bytes stack frame, 0 bytes spill stores, 0 bytes spill loads
ptxas info    : Used 30 registers, used 0 barriers
ptxas info    : Compile time = 8.291 ms
ptxas info    : Compiling entry function '_ZN3aut17precision_packing15register_decodeINS_7storage8fp4_e2m1ELNS0_15arithmetic_kindE3ELi2EEEvPKNSt11conditionalIXltsrT_10total_bitsLi8EEhNS2_5codecIS6_E12storage_typeEE4typeEmiPd' for 'sm_90'
ptxas info    : Function properties for _ZN3aut17precision_packing15register_decodeINS_7storage8fp4_e2m1ELNS0_15arithmetic_kindE3ELi2EEEvPKNSt11conditionalIXltsrT_10total_bitsLi8EEhNS2_5codecIS6_E12storage_typeEE4typeEmiPd
    0 bytes stack frame, 0 bytes spill stores, 0 bytes spill loads
ptxas info    : Used 23 registers, used 0 barriers
ptxas info    : Compile time = 6.404 ms
ptxas info    : Compiling entry function '_ZN3aut17precision_packing15register_decodeINS_7storage8fp4_e2m1ELNS0_15arithmetic_kindE3ELi1EEEvPKNSt11conditionalIXltsrT_10total_bitsLi8EEhNS2_5codecIS6_E12storage_typeEE4typeEmiPd' for 'sm_90'
ptxas info    : Function properties for _ZN3aut17precision_packing15register_decodeINS_7storage8fp4_e2m1ELNS0_15arithmetic_kindE3ELi1EEEvPKNSt11conditionalIXltsrT_10total_bitsLi8EEhNS2_5codecIS6_E12storage_typeEE4typeEmiPd
    0 bytes stack frame, 0 bytes spill stores, 0 bytes spill loads
ptxas info    : Used 19 registers, used 0 barriers
ptxas info    : Compile time = 5.298 ms
ptxas info    : Compiling entry function '_ZN3aut17precision_packing13stream_decodeINS_7storage8fp4_e2m1ELNS0_15arithmetic_kindE3ELNS0_11access_kindE2ELi8EEEvPKNSt11conditionalIXltsrT_10total_bitsLi8EEhNS2_5codecIS7_E12storage_typeEE4typeEmPd' for 'sm_90'
ptxas info    : Function properties for _ZN3aut17precision_packing13stream_decodeINS_7storage8fp4_e2m1ELNS0_15arithmetic_kindE3ELNS0_11access_kindE2ELi8EEEvPKNSt11conditionalIXltsrT_10total_bitsLi8EEhNS2_5codecIS7_E12storage_typeEE4typeEmPd
    0 bytes stack frame, 0 bytes spill stores, 0 bytes spill loads
ptxas info    : Used 48 registers, used 1 barriers, 2048 bytes smem
ptxas info    : Compile time = 10.226 ms
ptxas info    : Compiling entry function '_ZN3aut17precision_packing13stream_decodeINS_7storage8fp4_e2m1ELNS0_15arithmetic_kindE3ELNS0_11access_kindE1ELi8EEEvPKNSt11conditionalIXltsrT_10total_bitsLi8EEhNS2_5codecIS7_E12storage_typeEE4typeEmPd' for 'sm_90'
ptxas info    : Function properties for _ZN3aut17precision_packing13stream_decodeINS_7storage8fp4_e2m1ELNS0_15arithmetic_kindE3ELNS0_11access_kindE1ELi8EEEvPKNSt11conditionalIXltsrT_10total_bitsLi8EEhNS2_5codecIS7_E12storage_typeEE4typeEmPd
    0 bytes stack frame, 0 bytes spill stores, 0 bytes spill loads
ptxas info    : Used 48 registers, used 1 barriers, 2048 bytes smem
ptxas info    : Compile time = 11.347 ms
ptxas info    : Compiling entry function '_ZN3aut17precision_packing13stream_decodeINS_7storage8fp4_e2m1ELNS0_15arithmetic_kindE3ELNS0_11access_kindE2ELi4EEEvPKNSt11conditionalIXltsrT_10total_bitsLi8EEhNS2_5codecIS7_E12storage_typeEE4typeEmPd' for 'sm_90'
ptxas info    : Function properties for _ZN3aut17precision_packing13stream_decodeINS_7storage8fp4_e2m1ELNS0_15arithmetic_kindE3ELNS0_11access_kindE2ELi4EEEvPKNSt11conditionalIXltsrT_10total_bitsLi8EEhNS2_5codecIS7_E12storage_typeEE4typeEmPd
    0 bytes stack frame, 0 bytes spill stores, 0 bytes spill loads
ptxas info    : Used 32 registers, used 1 barriers, 2048 bytes smem
ptxas info    : Compile time = 7.226 ms
ptxas info    : Compiling entry function '_ZN3aut17precision_packing13stream_decodeINS_7storage8fp4_e2m1ELNS0_15arithmetic_kindE3ELNS0_11access_kindE1ELi4EEEvPKNSt11conditionalIXltsrT_10total_bitsLi8EEhNS2_5codecIS7_E12storage_typeEE4typeEmPd' for 'sm_90'
ptxas info    : Function properties for _ZN3aut17precision_packing13stream_decodeINS_7storage8fp4_e2m1ELNS0_15arithmetic_kindE3ELNS0_11access_kindE1ELi4EEEvPKNSt11conditionalIXltsrT_10total_bitsLi8EEhNS2_5codecIS7_E12storage_typeEE4typeEmPd
    0 bytes stack frame, 0 bytes spill stores, 0 bytes spill loads
ptxas info    : Used 38 registers, used 1 barriers, 2048 bytes smem
ptxas info    : Compile time = 7.855 ms
ptxas info    : Compiling entry function '_ZN3aut17precision_packing13stream_decodeINS_7storage8fp4_e2m1ELNS0_15arithmetic_kindE3ELNS0_11access_kindE2ELi2EEEvPKNSt11conditionalIXltsrT_10total_bitsLi8EEhNS2_5codecIS7_E12storage_typeEE4typeEmPd' for 'sm_90'
ptxas info    : Function properties for _ZN3aut17precision_packing13stream_decodeINS_7storage8fp4_e2m1ELNS0_15arithmetic_kindE3ELNS0_11access_kindE2ELi2EEEvPKNSt11conditionalIXltsrT_10total_bitsLi8EEhNS2_5codecIS7_E12storage_typeEE4typeEmPd
    0 bytes stack frame, 0 bytes spill stores, 0 bytes spill loads
ptxas info    : Used 29 registers, used 1 barriers, 2048 bytes smem
ptxas info    : Compile time = 5.792 ms
ptxas info    : Compiling entry function '_ZN3aut17precision_packing13stream_decodeINS_7storage8fp4_e2m1ELNS0_15arithmetic_kindE3ELNS0_11access_kindE1ELi2EEEvPKNSt11conditionalIXltsrT_10total_bitsLi8EEhNS2_5codecIS7_E12storage_typeEE4typeEmPd' for 'sm_90'
ptxas info    : Function properties for _ZN3aut17precision_packing13stream_decodeINS_7storage8fp4_e2m1ELNS0_15arithmetic_kindE3ELNS0_11access_kindE1ELi2EEEvPKNSt11conditionalIXltsrT_10total_bitsLi8EEhNS2_5codecIS7_E12storage_typeEE4typeEmPd
    0 bytes stack frame, 0 bytes spill stores, 0 bytes spill loads
ptxas info    : Used 29 registers, used 1 barriers, 2048 bytes smem
ptxas info    : Compile time = 5.836 ms
ptxas info    : Compiling entry function '_ZN3aut17precision_packing13stream_decodeINS_7storage8fp4_e2m1ELNS0_15arithmetic_kindE3ELNS0_11access_kindE0ELi1EEEvPKNSt11conditionalIXltsrT_10total_bitsLi8EEhNS2_5codecIS7_E12storage_typeEE4typeEmPd' for 'sm_90'
ptxas info    : Function properties for _ZN3aut17precision_packing13stream_decodeINS_7storage8fp4_e2m1ELNS0_15arithmetic_kindE3ELNS0_11access_kindE0ELi1EEEvPKNSt11conditionalIXltsrT_10total_bitsLi8EEhNS2_5codecIS7_E12storage_typeEE4typeEmPd
    0 bytes stack frame, 0 bytes spill stores, 0 bytes spill loads
ptxas info    : Used 22 registers, used 1 barriers, 2048 bytes smem
ptxas info    : Compile time = 5.173 ms
ptxas info    : Compiling entry function '_ZN3aut17precision_packing16arithmetic_chainILNS0_15arithmetic_kindE2ELi8EEEviPd' for 'sm_90'
ptxas info    : Function properties for _ZN3aut17precision_packing16arithmetic_chainILNS0_15arithmetic_kindE2ELi8EEEviPd
    0 bytes stack frame, 0 bytes spill stores, 0 bytes spill loads
ptxas info    : Used 22 registers, used 0 barriers
ptxas info    : Compile time = 1.680 ms
ptxas info    : Compiling entry function '_ZN3aut17precision_packing16arithmetic_chainILNS0_15arithmetic_kindE2ELi4EEEviPd' for 'sm_90'
ptxas info    : Function properties for _ZN3aut17precision_packing16arithmetic_chainILNS0_15arithmetic_kindE2ELi4EEEviPd
    0 bytes stack frame, 0 bytes spill stores, 0 bytes spill loads
ptxas info    : Used 14 registers, used 0 barriers
ptxas info    : Compile time = 1.417 ms
ptxas info    : Compiling entry function '_ZN3aut17precision_packing16arithmetic_chainILNS0_15arithmetic_kindE2ELi2EEEviPd' for 'sm_90'
ptxas info    : Function properties for _ZN3aut17precision_packing16arithmetic_chainILNS0_15arithmetic_kindE2ELi2EEEviPd
    0 bytes stack frame, 0 bytes spill stores, 0 bytes spill loads
ptxas info    : Used 11 registers, used 0 barriers
ptxas info    : Compile time = 1.405 ms
ptxas info    : Compiling entry function '_ZN3aut17precision_packing16arithmetic_chainILNS0_15arithmetic_kindE2ELi1EEEviPd' for 'sm_90'
ptxas info    : Function properties for _ZN3aut17precision_packing16arithmetic_chainILNS0_15arithmetic_kindE2ELi1EEEviPd
    0 bytes stack frame, 0 bytes spill stores, 0 bytes spill loads
ptxas info    : Used 11 registers, used 0 barriers
ptxas info    : Compile time = 1.217 ms
ptxas info    : Compiling entry function '_ZN3aut17precision_packing15register_decodeINS_7storage8fp4_e2m1ELNS0_15arithmetic_kindE2ELi8EEEvPKNSt11conditionalIXltsrT_10total_bitsLi8EEhNS2_5codecIS6_E12storage_typeEE4typeEmiPd' for 'sm_90'
ptxas info    : Function properties for _ZN3aut17precision_packing15register_decodeINS_7storage8fp4_e2m1ELNS0_15arithmetic_kindE2ELi8EEEvPKNSt11conditionalIXltsrT_10total_bitsLi8EEhNS2_5codecIS6_E12storage_typeEE4typeEmiPd
    0 bytes stack frame, 0 bytes spill stores, 0 bytes spill loads
ptxas info    : Used 32 registers, used 0 barriers
ptxas info    : Compile time = 12.135 ms
ptxas info    : Compiling entry function '_ZN3aut17precision_packing15register_decodeINS_7storage8fp4_e2m1ELNS0_15arithmetic_kindE2ELi4EEEvPKNSt11conditionalIXltsrT_10total_bitsLi8EEhNS2_5codecIS6_E12storage_typeEE4typeEmiPd' for 'sm_90'
ptxas info    : Function properties for _ZN3aut17precision_packing15register_decodeINS_7storage8fp4_e2m1ELNS0_15arithmetic_kindE2ELi4EEEvPKNSt11conditionalIXltsrT_10total_bitsLi8EEhNS2_5codecIS6_E12storage_typeEE4typeEmiPd
    0 bytes stack frame, 0 bytes spill stores, 0 bytes spill loads
ptxas info    : Used 29 registers, used 0 barriers
ptxas info    : Compile time = 8.261 ms
ptxas info    : Compiling entry function '_ZN3aut17precision_packing15register_decodeINS_7storage8fp4_e2m1ELNS0_15arithmetic_kindE2ELi2EEEvPKNSt11conditionalIXltsrT_10total_bitsLi8EEhNS2_5codecIS6_E12storage_typeEE4typeEmiPd' for 'sm_90'
ptxas info    : Function properties for _ZN3aut17precision_packing15register_decodeINS_7storage8fp4_e2m1ELNS0_15arithmetic_kindE2ELi2EEEvPKNSt11conditionalIXltsrT_10total_bitsLi8EEhNS2_5codecIS6_E12storage_typeEE4typeEmiPd
    0 bytes stack frame, 0 bytes spill stores, 0 bytes spill loads
ptxas info    : Used 20 registers, used 0 barriers
ptxas info    : Compile time = 6.379 ms
ptxas info    : Compiling entry function '_ZN3aut17precision_packing15register_decodeINS_7storage8fp4_e2m1ELNS0_15arithmetic_kindE2ELi1EEEvPKNSt11conditionalIXltsrT_10total_bitsLi8EEhNS2_5codecIS6_E12storage_typeEE4typeEmiPd' for 'sm_90'
ptxas info    : Function properties for _ZN3aut17precision_packing15register_decodeINS_7storage8fp4_e2m1ELNS0_15arithmetic_kindE2ELi1EEEvPKNSt11conditionalIXltsrT_10total_bitsLi8EEhNS2_5codecIS6_E12storage_typeEE4typeEmiPd
    0 bytes stack frame, 0 bytes spill stores, 0 bytes spill loads
ptxas info    : Used 18 registers, used 0 barriers
ptxas info    : Compile time = 5.306 ms
ptxas info    : Compiling entry function '_ZN3aut17precision_packing13stream_decodeINS_7storage8fp4_e2m1ELNS0_15arithmetic_kindE2ELNS0_11access_kindE2ELi8EEEvPKNSt11conditionalIXltsrT_10total_bitsLi8EEhNS2_5codecIS7_E12storage_typeEE4typeEmPd' for 'sm_90'
ptxas info    : Function properties for _ZN3aut17precision_packing13stream_decodeINS_7storage8fp4_e2m1ELNS0_15arithmetic_kindE2ELNS0_11access_kindE2ELi8EEEvPKNSt11conditionalIXltsrT_10total_bitsLi8EEhNS2_5codecIS7_E12storage_typeEE4typeEmPd
    0 bytes stack frame, 0 bytes spill stores, 0 bytes spill loads
ptxas info    : Used 39 registers, used 1 barriers, 1024 bytes smem
ptxas info    : Compile time = 9.947 ms
ptxas info    : Compiling entry function '_ZN3aut17precision_packing13stream_decodeINS_7storage8fp4_e2m1ELNS0_15arithmetic_kindE2ELNS0_11access_kindE1ELi8EEEvPKNSt11conditionalIXltsrT_10total_bitsLi8EEhNS2_5codecIS7_E12storage_typeEE4typeEmPd' for 'sm_90'
ptxas info    : Function properties for _ZN3aut17precision_packing13stream_decodeINS_7storage8fp4_e2m1ELNS0_15arithmetic_kindE2ELNS0_11access_kindE1ELi8EEEvPKNSt11conditionalIXltsrT_10total_bitsLi8EEhNS2_5codecIS7_E12storage_typeEE4typeEmPd
    0 bytes stack frame, 0 bytes spill stores, 0 bytes spill loads
ptxas info    : Used 40 registers, used 1 barriers, 1024 bytes smem
ptxas info    : Compile time = 11.126 ms
ptxas info    : Compiling entry function '_ZN3aut17precision_packing13stream_decodeINS_7storage8fp4_e2m1ELNS0_15arithmetic_kindE2ELNS0_11access_kindE2ELi4EEEvPKNSt11conditionalIXltsrT_10total_bitsLi8EEhNS2_5codecIS7_E12storage_typeEE4typeEmPd' for 'sm_90'
ptxas info    : Function properties for _ZN3aut17precision_packing13stream_decodeINS_7storage8fp4_e2m1ELNS0_15arithmetic_kindE2ELNS0_11access_kindE2ELi4EEEvPKNSt11conditionalIXltsrT_10total_bitsLi8EEhNS2_5codecIS7_E12storage_typeEE4typeEmPd
    0 bytes stack frame, 0 bytes spill stores, 0 bytes spill loads
ptxas info    : Used 31 registers, used 1 barriers, 1024 bytes smem
ptxas info    : Compile time = 7.119 ms
ptxas info    : Compiling entry function '_ZN3aut17precision_packing13stream_decodeINS_7storage8fp4_e2m1ELNS0_15arithmetic_kindE2ELNS0_11access_kindE1ELi4EEEvPKNSt11conditionalIXltsrT_10total_bitsLi8EEhNS2_5codecIS7_E12storage_typeEE4typeEmPd' for 'sm_90'
ptxas info    : Function properties for _ZN3aut17precision_packing13stream_decodeINS_7storage8fp4_e2m1ELNS0_15arithmetic_kindE2ELNS0_11access_kindE1ELi4EEEvPKNSt11conditionalIXltsrT_10total_bitsLi8EEhNS2_5codecIS7_E12storage_typeEE4typeEmPd
    0 bytes stack frame, 0 bytes spill stores, 0 bytes spill loads
ptxas info    : Used 31 registers, used 1 barriers, 1024 bytes smem
ptxas info    : Compile time = 7.696 ms
ptxas info    : Compiling entry function '_ZN3aut17precision_packing13stream_decodeINS_7storage8fp4_e2m1ELNS0_15arithmetic_kindE2ELNS0_11access_kindE2ELi2EEEvPKNSt11conditionalIXltsrT_10total_bitsLi8EEhNS2_5codecIS7_E12storage_typeEE4typeEmPd' for 'sm_90'
ptxas info    : Function properties for _ZN3aut17precision_packing13stream_decodeINS_7storage8fp4_e2m1ELNS0_15arithmetic_kindE2ELNS0_11access_kindE2ELi2EEEvPKNSt11conditionalIXltsrT_10total_bitsLi8EEhNS2_5codecIS7_E12storage_typeEE4typeEmPd
    0 bytes stack frame, 0 bytes spill stores, 0 bytes spill loads
ptxas info    : Used 28 registers, used 1 barriers, 1024 bytes smem
ptxas info    : Compile time = 5.773 ms
ptxas info    : Compiling entry function '_ZN3aut17precision_packing13stream_decodeINS_7storage8fp4_e2m1ELNS0_15arithmetic_kindE2ELNS0_11access_kindE1ELi2EEEvPKNSt11conditionalIXltsrT_10total_bitsLi8EEhNS2_5codecIS7_E12storage_typeEE4typeEmPd' for 'sm_90'
ptxas info    : Function properties for _ZN3aut17precision_packing13stream_decodeINS_7storage8fp4_e2m1ELNS0_15arithmetic_kindE2ELNS0_11access_kindE1ELi2EEEvPKNSt11conditionalIXltsrT_10total_bitsLi8EEhNS2_5codecIS7_E12storage_typeEE4typeEmPd
    0 bytes stack frame, 0 bytes spill stores, 0 bytes spill loads
ptxas info    : Used 28 registers, used 1 barriers, 1024 bytes smem
ptxas info    : Compile time = 5.822 ms
ptxas info    : Compiling entry function '_ZN3aut17precision_packing13stream_decodeINS_7storage8fp4_e2m1ELNS0_15arithmetic_kindE2ELNS0_11access_kindE0ELi1EEEvPKNSt11conditionalIXltsrT_10total_bitsLi8EEhNS2_5codecIS7_E12storage_typeEE4typeEmPd' for 'sm_90'
ptxas info    : Function properties for _ZN3aut17precision_packing13stream_decodeINS_7storage8fp4_e2m1ELNS0_15arithmetic_kindE2ELNS0_11access_kindE0ELi1EEEvPKNSt11conditionalIXltsrT_10total_bitsLi8EEhNS2_5codecIS7_E12storage_typeEE4typeEmPd
    0 bytes stack frame, 0 bytes spill stores, 0 bytes spill loads
ptxas info    : Used 22 registers, used 1 barriers, 1024 bytes smem
ptxas info    : Compile time = 5.124 ms
ptxas info    : Compiling entry function '_ZN3aut17precision_packing16arithmetic_chainILNS0_15arithmetic_kindE0ELi8EEEviPd' for 'sm_90'
ptxas info    : Function properties for _ZN3aut17precision_packing16arithmetic_chainILNS0_15arithmetic_kindE0ELi8EEEviPd
    0 bytes stack frame, 0 bytes spill stores, 0 bytes spill loads
ptxas info    : Used 13 registers, used 0 barriers
ptxas info    : Compile time = 1.799 ms
ptxas info    : Compiling entry function '_ZN3aut17precision_packing16arithmetic_chainILNS0_15arithmetic_kindE0ELi4EEEviPd' for 'sm_90'
ptxas info    : Function properties for _ZN3aut17precision_packing16arithmetic_chainILNS0_15arithmetic_kindE0ELi4EEEviPd
    0 bytes stack frame, 0 bytes spill stores, 0 bytes spill loads
ptxas info    : Used 11 registers, used 0 barriers
ptxas info    : Compile time = 1.521 ms
ptxas info    : Compiling entry function '_ZN3aut17precision_packing16arithmetic_chainILNS0_15arithmetic_kindE0ELi2EEEviPd' for 'sm_90'
ptxas info    : Function properties for _ZN3aut17precision_packing16arithmetic_chainILNS0_15arithmetic_kindE0ELi2EEEviPd
    0 bytes stack frame, 0 bytes spill stores, 0 bytes spill loads
ptxas info    : Used 10 registers, used 0 barriers
ptxas info    : Compile time = 1.371 ms
ptxas info    : Compiling entry function '_ZN3aut17precision_packing16arithmetic_chainILNS0_15arithmetic_kindE0ELi1EEEviPd' for 'sm_90'
ptxas info    : Function properties for _ZN3aut17precision_packing16arithmetic_chainILNS0_15arithmetic_kindE0ELi1EEEviPd
    0 bytes stack frame, 0 bytes spill stores, 0 bytes spill loads
ptxas info    : Used 10 registers, used 0 barriers
ptxas info    : Compile time = 1.281 ms
ptxas info    : Compiling entry function '_ZN3aut17precision_packing15register_decodeINS_7storage8fp4_e2m1ELNS0_15arithmetic_kindE0ELi8EEEvPKNSt11conditionalIXltsrT_10total_bitsLi8EEhNS2_5codecIS6_E12storage_typeEE4typeEmiPd' for 'sm_90'
ptxas info    : Function properties for _ZN3aut17precision_packing15register_decodeINS_7storage8fp4_e2m1ELNS0_15arithmetic_kindE0ELi8EEEvPKNSt11conditionalIXltsrT_10total_bitsLi8EEhNS2_5codecIS6_E12storage_typeEE4typeEmiPd
    0 bytes stack frame, 0 bytes spill stores, 0 bytes spill loads
ptxas info    : Used 37 registers, used 0 barriers
ptxas info    : Compile time = 12.797 ms
ptxas info    : Compiling entry function '_ZN3aut17precision_packing15register_decodeINS_7storage8fp4_e2m1ELNS0_15arithmetic_kindE0ELi4EEEvPKNSt11conditionalIXltsrT_10total_bitsLi8EEhNS2_5codecIS6_E12storage_typeEE4typeEmiPd' for 'sm_90'
ptxas info    : Function properties for _ZN3aut17precision_packing15register_decodeINS_7storage8fp4_e2m1ELNS0_15arithmetic_kindE0ELi4EEEvPKNSt11conditionalIXltsrT_10total_bitsLi8EEhNS2_5codecIS6_E12storage_typeEE4typeEmiPd
    0 bytes stack frame, 0 bytes spill stores, 0 bytes spill loads
ptxas info    : Used 29 registers, used 0 barriers
ptxas info    : Compile time = 8.470 ms
ptxas info    : Compiling entry function '_ZN3aut17precision_packing15register_decodeINS_7storage8fp4_e2m1ELNS0_15arithmetic_kindE0ELi2EEEvPKNSt11conditionalIXltsrT_10total_bitsLi8EEhNS2_5codecIS6_E12storage_typeEE4typeEmiPd' for 'sm_90'
ptxas info    : Function properties for _ZN3aut17precision_packing15register_decodeINS_7storage8fp4_e2m1ELNS0_15arithmetic_kindE0ELi2EEEvPKNSt11conditionalIXltsrT_10total_bitsLi8EEhNS2_5codecIS6_E12storage_typeEE4typeEmiPd
    0 bytes stack frame, 0 bytes spill stores, 0 bytes spill loads
ptxas info    : Used 24 registers, used 0 barriers
ptxas info    : Compile time = 6.520 ms
ptxas info    : Compiling entry function '_ZN3aut17precision_packing15register_decodeINS_7storage8fp4_e2m1ELNS0_15arithmetic_kindE0ELi1EEEvPKNSt11conditionalIXltsrT_10total_bitsLi8EEhNS2_5codecIS6_E12storage_typeEE4typeEmiPd' for 'sm_90'
ptxas info    : Function properties for _ZN3aut17precision_packing15register_decodeINS_7storage8fp4_e2m1ELNS0_15arithmetic_kindE0ELi1EEEvPKNSt11conditionalIXltsrT_10total_bitsLi8EEhNS2_5codecIS6_E12storage_typeEE4typeEmiPd
    0 bytes stack frame, 0 bytes spill stores, 0 bytes spill loads
ptxas info    : Used 18 registers, used 0 barriers
ptxas info    : Compile time = 5.420 ms
ptxas info    : Compiling entry function '_ZN3aut17precision_packing13stream_decodeINS_7storage8fp4_e2m1ELNS0_15arithmetic_kindE0ELNS0_11access_kindE2ELi8EEEvPKNSt11conditionalIXltsrT_10total_bitsLi8EEhNS2_5codecIS7_E12storage_typeEE4typeEmPd' for 'sm_90'
ptxas info    : Function properties for _ZN3aut17precision_packing13stream_decodeINS_7storage8fp4_e2m1ELNS0_15arithmetic_kindE0ELNS0_11access_kindE2ELi8EEEvPKNSt11conditionalIXltsrT_10total_bitsLi8EEhNS2_5codecIS7_E12storage_typeEE4typeEmPd
    0 bytes stack frame, 0 bytes spill stores, 0 bytes spill loads
ptxas info    : Used 30 registers, used 1 barriers, 512 bytes smem
ptxas info    : Compile time = 10.461 ms
ptxas info    : Compiling entry function '_ZN3aut17precision_packing13stream_decodeINS_7storage8fp4_e2m1ELNS0_15arithmetic_kindE0ELNS0_11access_kindE1ELi8EEEvPKNSt11conditionalIXltsrT_10total_bitsLi8EEhNS2_5codecIS7_E12storage_typeEE4typeEmPd' for 'sm_90'
ptxas info    : Function properties for _ZN3aut17precision_packing13stream_decodeINS_7storage8fp4_e2m1ELNS0_15arithmetic_kindE0ELNS0_11access_kindE1ELi8EEEvPKNSt11conditionalIXltsrT_10total_bitsLi8EEhNS2_5codecIS7_E12storage_typeEE4typeEmPd
    0 bytes stack frame, 0 bytes spill stores, 0 bytes spill loads
ptxas info    : Used 32 registers, used 1 barriers, 512 bytes smem
ptxas info    : Compile time = 11.641 ms
ptxas info    : Compiling entry function '_ZN3aut17precision_packing13stream_decodeINS_7storage8fp4_e2m1ELNS0_15arithmetic_kindE0ELNS0_11access_kindE2ELi4EEEvPKNSt11conditionalIXltsrT_10total_bitsLi8EEhNS2_5codecIS7_E12storage_typeEE4typeEmPd' for 'sm_90'
ptxas info    : Function properties for _ZN3aut17precision_packing13stream_decodeINS_7storage8fp4_e2m1ELNS0_15arithmetic_kindE0ELNS0_11access_kindE2ELi4EEEvPKNSt11conditionalIXltsrT_10total_bitsLi8EEhNS2_5codecIS7_E12storage_typeEE4typeEmPd
    0 bytes stack frame, 0 bytes spill stores, 0 bytes spill loads
ptxas info    : Used 28 registers, used 1 barriers, 512 bytes smem
ptxas info    : Compile time = 7.475 ms
ptxas info    : Compiling entry function '_ZN3aut17precision_packing13stream_decodeINS_7storage8fp4_e2m1ELNS0_15arithmetic_kindE0ELNS0_11access_kindE1ELi4EEEvPKNSt11conditionalIXltsrT_10total_bitsLi8EEhNS2_5codecIS7_E12storage_typeEE4typeEmPd' for 'sm_90'
ptxas info    : Function properties for _ZN3aut17precision_packing13stream_decodeINS_7storage8fp4_e2m1ELNS0_15arithmetic_kindE0ELNS0_11access_kindE1ELi4EEEvPKNSt11conditionalIXltsrT_10total_bitsLi8EEhNS2_5codecIS7_E12storage_typeEE4typeEmPd
    0 bytes stack frame, 0 bytes spill stores, 0 bytes spill loads
ptxas info    : Used 28 registers, used 1 barriers, 512 bytes smem
ptxas info    : Compile time = 8.042 ms
ptxas info    : Compiling entry function '_ZN3aut17precision_packing13stream_decodeINS_7storage8fp4_e2m1ELNS0_15arithmetic_kindE0ELNS0_11access_kindE2ELi2EEEvPKNSt11conditionalIXltsrT_10total_bitsLi8EEhNS2_5codecIS7_E12storage_typeEE4typeEmPd' for 'sm_90'
ptxas info    : Function properties for _ZN3aut17precision_packing13stream_decodeINS_7storage8fp4_e2m1ELNS0_15arithmetic_kindE0ELNS0_11access_kindE2ELi2EEEvPKNSt11conditionalIXltsrT_10total_bitsLi8EEhNS2_5codecIS7_E12storage_typeEE4typeEmPd
    0 bytes stack frame, 0 bytes spill stores, 0 bytes spill loads
ptxas info    : Used 24 registers, used 1 barriers, 512 bytes smem
ptxas info    : Compile time = 6.048 ms
ptxas info    : Compiling entry function '_ZN3aut17precision_packing13stream_decodeINS_7storage8fp4_e2m1ELNS0_15arithmetic_kindE0ELNS0_11access_kindE1ELi2EEEvPKNSt11conditionalIXltsrT_10total_bitsLi8EEhNS2_5codecIS7_E12storage_typeEE4typeEmPd' for 'sm_90'
ptxas info    : Function properties for _ZN3aut17precision_packing13stream_decodeINS_7storage8fp4_e2m1ELNS0_15arithmetic_kindE0ELNS0_11access_kindE1ELi2EEEvPKNSt11conditionalIXltsrT_10total_bitsLi8EEhNS2_5codecIS7_E12storage_typeEE4typeEmPd
    0 bytes stack frame, 0 bytes spill stores, 0 bytes spill loads
ptxas info    : Used 24 registers, used 1 barriers, 512 bytes smem
ptxas info    : Compile time = 6.061 ms
ptxas info    : Compiling entry function '_ZN3aut17precision_packing13stream_decodeINS_7storage8fp4_e2m1ELNS0_15arithmetic_kindE0ELNS0_11access_kindE0ELi1EEEvPKNSt11conditionalIXltsrT_10total_bitsLi8EEhNS2_5codecIS7_E12storage_typeEE4typeEmPd' for 'sm_90'
ptxas info    : Function properties for _ZN3aut17precision_packing13stream_decodeINS_7storage8fp4_e2m1ELNS0_15arithmetic_kindE0ELNS0_11access_kindE0ELi1EEEvPKNSt11conditionalIXltsrT_10total_bitsLi8EEhNS2_5codecIS7_E12storage_typeEE4typeEmPd
    0 bytes stack frame, 0 bytes spill stores, 0 bytes spill loads
ptxas info    : Used 22 registers, used 1 barriers, 512 bytes smem
ptxas info    : Compile time = 5.321 ms
ptxas info    : Compiling entry function '_ZN3aut17precision_packing11stream_loadINS_7storage8fp4_e2m1ELNS0_11access_kindE2ELi8EEEvPKNSt11conditionalIXltsrT_10total_bitsLi8EEhNS2_5codecIS6_E12storage_typeEE4typeEmPm' for 'sm_90'
ptxas info    : Function properties for _ZN3aut17precision_packing11stream_loadINS_7storage8fp4_e2m1ELNS0_11access_kindE2ELi8EEEvPKNSt11conditionalIXltsrT_10total_bitsLi8EEhNS2_5codecIS6_E12storage_typeEE4typeEmPm
    0 bytes stack frame, 0 bytes spill stores, 0 bytes spill loads
ptxas info    : Used 18 registers, used 1 barriers, 2048 bytes smem
ptxas info    : Compile time = 3.707 ms
ptxas info    : Compiling entry function '_ZN3aut17precision_packing11stream_loadINS_7storage8fp4_e2m1ELNS0_11access_kindE1ELi8EEEvPKNSt11conditionalIXltsrT_10total_bitsLi8EEhNS2_5codecIS6_E12storage_typeEE4typeEmPm' for 'sm_90'
ptxas info    : Function properties for _ZN3aut17precision_packing11stream_loadINS_7storage8fp4_e2m1ELNS0_11access_kindE1ELi8EEEvPKNSt11conditionalIXltsrT_10total_bitsLi8EEhNS2_5codecIS6_E12storage_typeEE4typeEmPm
    0 bytes stack frame, 0 bytes spill stores, 0 bytes spill loads
ptxas info    : Used 25 registers, used 1 barriers, 2048 bytes smem
ptxas info    : Compile time = 4.712 ms
ptxas info    : Compiling entry function '_ZN3aut17precision_packing11stream_loadINS_7storage8fp4_e2m1ELNS0_11access_kindE2ELi4EEEvPKNSt11conditionalIXltsrT_10total_bitsLi8EEhNS2_5codecIS6_E12storage_typeEE4typeEmPm' for 'sm_90'
ptxas info    : Function properties for _ZN3aut17precision_packing11stream_loadINS_7storage8fp4_e2m1ELNS0_11access_kindE2ELi4EEEvPKNSt11conditionalIXltsrT_10total_bitsLi8EEhNS2_5codecIS6_E12storage_typeEE4typeEmPm
    0 bytes stack frame, 0 bytes spill stores, 0 bytes spill loads
ptxas info    : Used 18 registers, used 1 barriers, 2048 bytes smem
ptxas info    : Compile time = 3.701 ms
ptxas info    : Compiling entry function '_ZN3aut17precision_packing11stream_loadINS_7storage8fp4_e2m1ELNS0_11access_kindE1ELi4EEEvPKNSt11conditionalIXltsrT_10total_bitsLi8EEhNS2_5codecIS6_E12storage_typeEE4typeEmPm' for 'sm_90'
ptxas info    : Function properties for _ZN3aut17precision_packing11stream_loadINS_7storage8fp4_e2m1ELNS0_11access_kindE1ELi4EEEvPKNSt11conditionalIXltsrT_10total_bitsLi8EEhNS2_5codecIS6_E12storage_typeEE4typeEmPm
    0 bytes stack frame, 0 bytes spill stores, 0 bytes spill loads
ptxas info    : Used 22 registers, used 1 barriers, 2048 bytes smem
ptxas info    : Compile time = 4.155 ms
ptxas info    : Compiling entry function '_ZN3aut17precision_packing11stream_loadINS_7storage8fp4_e2m1ELNS0_11access_kindE2ELi2EEEvPKNSt11conditionalIXltsrT_10total_bitsLi8EEhNS2_5codecIS6_E12storage_typeEE4typeEmPm' for 'sm_90'
ptxas info    : Function properties for _ZN3aut17precision_packing11stream_loadINS_7storage8fp4_e2m1ELNS0_11access_kindE2ELi2EEEvPKNSt11conditionalIXltsrT_10total_bitsLi8EEhNS2_5codecIS6_E12storage_typeEE4typeEmPm
    0 bytes stack frame, 0 bytes spill stores, 0 bytes spill loads
ptxas info    : Used 18 registers, used 1 barriers, 2048 bytes smem
ptxas info    : Compile time = 3.669 ms
ptxas info    : Compiling entry function '_ZN3aut17precision_packing11stream_loadINS_7storage8fp4_e2m1ELNS0_11access_kindE1ELi2EEEvPKNSt11conditionalIXltsrT_10total_bitsLi8EEhNS2_5codecIS6_E12storage_typeEE4typeEmPm' for 'sm_90'
ptxas info    : Function properties for _ZN3aut17precision_packing11stream_loadINS_7storage8fp4_e2m1ELNS0_11access_kindE1ELi2EEEvPKNSt11conditionalIXltsrT_10total_bitsLi8EEhNS2_5codecIS6_E12storage_typeEE4typeEmPm
    0 bytes stack frame, 0 bytes spill stores, 0 bytes spill loads
ptxas info    : Used 20 registers, used 1 barriers, 2048 bytes smem
ptxas info    : Compile time = 3.786 ms
ptxas info    : Compiling entry function '_ZN3aut17precision_packing11stream_loadINS_7storage8fp4_e2m1ELNS0_11access_kindE0ELi1EEEvPKNSt11conditionalIXltsrT_10total_bitsLi8EEhNS2_5codecIS6_E12storage_typeEE4typeEmPm' for 'sm_90'
ptxas info    : Function properties for _ZN3aut17precision_packing11stream_loadINS_7storage8fp4_e2m1ELNS0_11access_kindE0ELi1EEEvPKNSt11conditionalIXltsrT_10total_bitsLi8EEhNS2_5codecIS6_E12storage_typeEE4typeEmPm
    0 bytes stack frame, 0 bytes spill stores, 0 bytes spill loads
ptxas info    : Used 18 registers, used 1 barriers, 2048 bytes smem
ptxas info    : Compile time = 3.692 ms
ptxas info    : Compiling entry function '_ZN3aut17precision_packing4gemvINS_7storage8fp4_e2m1ELNS0_15arithmetic_kindE3ELNS0_11access_kindE2ELi8EEEvPKNSt11conditionalIXltsrT_10total_bitsLi8EEhNS2_5codecIS7_E12storage_typeEE4typeESE_mmmPd' for 'sm_90'
ptxas info    : Function properties for _ZN3aut17precision_packing4gemvINS_7storage8fp4_e2m1ELNS0_15arithmetic_kindE3ELNS0_11access_kindE2ELi8EEEvPKNSt11conditionalIXltsrT_10total_bitsLi8EEhNS2_5codecIS7_E12storage_typeEE4typeESE_mmmPd
    0 bytes stack frame, 0 bytes spill stores, 0 bytes spill loads
ptxas info    : Used 64 registers, used 1 barriers, 2048 bytes smem
ptxas info    : Compile time = 18.654 ms
ptxas info    : Compiling entry function '_ZN3aut17precision_packing4gemvINS_7storage8fp4_e2m1ELNS0_15arithmetic_kindE3ELNS0_11access_kindE1ELi8EEEvPKNSt11conditionalIXltsrT_10total_bitsLi8EEhNS2_5codecIS7_E12storage_typeEE4typeESE_mmmPd' for 'sm_90'
ptxas info    : Function properties for _ZN3aut17precision_packing4gemvINS_7storage8fp4_e2m1ELNS0_15arithmetic_kindE3ELNS0_11access_kindE1ELi8EEEvPKNSt11conditionalIXltsrT_10total_bitsLi8EEhNS2_5codecIS7_E12storage_typeEE4typeESE_mmmPd
    0 bytes stack frame, 0 bytes spill stores, 0 bytes spill loads
ptxas info    : Used 64 registers, used 1 barriers, 2048 bytes smem
ptxas info    : Compile time = 21.057 ms
ptxas info    : Compiling entry function '_ZN3aut17precision_packing4gemvINS_7storage8fp4_e2m1ELNS0_15arithmetic_kindE3ELNS0_11access_kindE2ELi4EEEvPKNSt11conditionalIXltsrT_10total_bitsLi8EEhNS2_5codecIS7_E12storage_typeEE4typeESE_mmmPd' for 'sm_90'
ptxas info    : Function properties for _ZN3aut17precision_packing4gemvINS_7storage8fp4_e2m1ELNS0_15arithmetic_kindE3ELNS0_11access_kindE2ELi4EEEvPKNSt11conditionalIXltsrT_10total_bitsLi8EEhNS2_5codecIS7_E12storage_typeEE4typeESE_mmmPd
    0 bytes stack frame, 0 bytes spill stores, 0 bytes spill loads
ptxas info    : Used 40 registers, used 1 barriers, 2048 bytes smem
ptxas info    : Compile time = 12.039 ms
ptxas info    : Compiling entry function '_ZN3aut17precision_packing4gemvINS_7storage8fp4_e2m1ELNS0_15arithmetic_kindE3ELNS0_11access_kindE1ELi4EEEvPKNSt11conditionalIXltsrT_10total_bitsLi8EEhNS2_5codecIS7_E12storage_typeEE4typeESE_mmmPd' for 'sm_90'
ptxas info    : Function properties for _ZN3aut17precision_packing4gemvINS_7storage8fp4_e2m1ELNS0_15arithmetic_kindE3ELNS0_11access_kindE1ELi4EEEvPKNSt11conditionalIXltsrT_10total_bitsLi8EEhNS2_5codecIS7_E12storage_typeEE4typeESE_mmmPd
    0 bytes stack frame, 0 bytes spill stores, 0 bytes spill loads
ptxas info    : Used 40 registers, used 1 barriers, 2048 bytes smem
ptxas info    : Compile time = 12.147 ms
ptxas info    : Compiling entry function '_ZN3aut17precision_packing4gemvINS_7storage8fp4_e2m1ELNS0_15arithmetic_kindE3ELNS0_11access_kindE2ELi2EEEvPKNSt11conditionalIXltsrT_10total_bitsLi8EEhNS2_5codecIS7_E12storage_typeEE4typeESE_mmmPd' for 'sm_90'
ptxas info    : Function properties for _ZN3aut17precision_packing4gemvINS_7storage8fp4_e2m1ELNS0_15arithmetic_kindE3ELNS0_11access_kindE2ELi2EEEvPKNSt11conditionalIXltsrT_10total_bitsLi8EEhNS2_5codecIS7_E12storage_typeEE4typeESE_mmmPd
    0 bytes stack frame, 0 bytes spill stores, 0 bytes spill loads
ptxas info    : Used 28 registers, used 1 barriers, 2048 bytes smem
ptxas info    : Compile time = 8.608 ms
ptxas info    : Compiling entry function '_ZN3aut17precision_packing4gemvINS_7storage8fp4_e2m1ELNS0_15arithmetic_kindE3ELNS0_11access_kindE1ELi2EEEvPKNSt11conditionalIXltsrT_10total_bitsLi8EEhNS2_5codecIS7_E12storage_typeEE4typeESE_mmmPd' for 'sm_90'
ptxas info    : Function properties for _ZN3aut17precision_packing4gemvINS_7storage8fp4_e2m1ELNS0_15arithmetic_kindE3ELNS0_11access_kindE1ELi2EEEvPKNSt11conditionalIXltsrT_10total_bitsLi8EEhNS2_5codecIS7_E12storage_typeEE4typeESE_mmmPd
    0 bytes stack frame, 0 bytes spill stores, 0 bytes spill loads
ptxas info    : Used 28 registers, used 1 barriers, 2048 bytes smem
ptxas info    : Compile time = 8.654 ms
ptxas info    : Compiling entry function '_ZN3aut17precision_packing4gemvINS_7storage8fp4_e2m1ELNS0_15arithmetic_kindE3ELNS0_11access_kindE0ELi1EEEvPKNSt11conditionalIXltsrT_10total_bitsLi8EEhNS2_5codecIS7_E12storage_typeEE4typeESE_mmmPd' for 'sm_90'
ptxas info    : Function properties for _ZN3aut17precision_packing4gemvINS_7storage8fp4_e2m1ELNS0_15arithmetic_kindE3ELNS0_11access_kindE0ELi1EEEvPKNSt11conditionalIXltsrT_10total_bitsLi8EEhNS2_5codecIS7_E12storage_typeEE4typeESE_mmmPd
    0 bytes stack frame, 0 bytes spill stores, 0 bytes spill loads
ptxas info    : Used 24 registers, used 1 barriers, 2048 bytes smem
ptxas info    : Compile time = 6.876 ms
ptxas info    : Compiling entry function '_ZN3aut17precision_packing4gemvINS_7storage8fp4_e2m1ELNS0_15arithmetic_kindE2ELNS0_11access_kindE2ELi8EEEvPKNSt11conditionalIXltsrT_10total_bitsLi8EEhNS2_5codecIS7_E12storage_typeEE4typeESE_mmmPd' for 'sm_90'
ptxas info    : Function properties for _ZN3aut17precision_packing4gemvINS_7storage8fp4_e2m1ELNS0_15arithmetic_kindE2ELNS0_11access_kindE2ELi8EEEvPKNSt11conditionalIXltsrT_10total_bitsLi8EEhNS2_5codecIS7_E12storage_typeEE4typeESE_mmmPd
    0 bytes stack frame, 0 bytes spill stores, 0 bytes spill loads
ptxas info    : Used 56 registers, used 1 barriers, 1024 bytes smem
ptxas info    : Compile time = 17.955 ms
ptxas info    : Compiling entry function '_ZN3aut17precision_packing4gemvINS_7storage8fp4_e2m1ELNS0_15arithmetic_kindE2ELNS0_11access_kindE1ELi8EEEvPKNSt11conditionalIXltsrT_10total_bitsLi8EEhNS2_5codecIS7_E12storage_typeEE4typeESE_mmmPd' for 'sm_90'
ptxas info    : Function properties for _ZN3aut17precision_packing4gemvINS_7storage8fp4_e2m1ELNS0_15arithmetic_kindE2ELNS0_11access_kindE1ELi8EEEvPKNSt11conditionalIXltsrT_10total_bitsLi8EEhNS2_5codecIS7_E12storage_typeEE4typeESE_mmmPd
    0 bytes stack frame, 0 bytes spill stores, 0 bytes spill loads
ptxas info    : Used 56 registers, used 1 barriers, 1024 bytes smem
ptxas info    : Compile time = 20.559 ms
ptxas info    : Compiling entry function '_ZN3aut17precision_packing4gemvINS_7storage8fp4_e2m1ELNS0_15arithmetic_kindE2ELNS0_11access_kindE2ELi4EEEvPKNSt11conditionalIXltsrT_10total_bitsLi8EEhNS2_5codecIS7_E12storage_typeEE4typeESE_mmmPd' for 'sm_90'
ptxas info    : Function properties for _ZN3aut17precision_packing4gemvINS_7storage8fp4_e2m1ELNS0_15arithmetic_kindE2ELNS0_11access_kindE2ELi4EEEvPKNSt11conditionalIXltsrT_10total_bitsLi8EEhNS2_5codecIS7_E12storage_typeEE4typeESE_mmmPd
    0 bytes stack frame, 0 bytes spill stores, 0 bytes spill loads
ptxas info    : Used 32 registers, used 1 barriers, 1024 bytes smem
ptxas info    : Compile time = 11.783 ms
ptxas info    : Compiling entry function '_ZN3aut17precision_packing4gemvINS_7storage8fp4_e2m1ELNS0_15arithmetic_kindE2ELNS0_11access_kindE1ELi4EEEvPKNSt11conditionalIXltsrT_10total_bitsLi8EEhNS2_5codecIS7_E12storage_typeEE4typeESE_mmmPd' for 'sm_90'
ptxas info    : Function properties for _ZN3aut17precision_packing4gemvINS_7storage8fp4_e2m1ELNS0_15arithmetic_kindE2ELNS0_11access_kindE1ELi4EEEvPKNSt11conditionalIXltsrT_10total_bitsLi8EEhNS2_5codecIS7_E12storage_typeEE4typeESE_mmmPd
    0 bytes stack frame, 0 bytes spill stores, 0 bytes spill loads
ptxas info    : Used 36 registers, used 1 barriers, 1024 bytes smem
ptxas info    : Compile time = 11.938 ms
ptxas info    : Compiling entry function '_ZN3aut17precision_packing4gemvINS_7storage8fp4_e2m1ELNS0_15arithmetic_kindE2ELNS0_11access_kindE2ELi2EEEvPKNSt11conditionalIXltsrT_10total_bitsLi8EEhNS2_5codecIS7_E12storage_typeEE4typeESE_mmmPd' for 'sm_90'
ptxas info    : Function properties for _ZN3aut17precision_packing4gemvINS_7storage8fp4_e2m1ELNS0_15arithmetic_kindE2ELNS0_11access_kindE2ELi2EEEvPKNSt11conditionalIXltsrT_10total_bitsLi8EEhNS2_5codecIS7_E12storage_typeEE4typeESE_mmmPd
    0 bytes stack frame, 0 bytes spill stores, 0 bytes spill loads
ptxas info    : Used 28 registers, used 1 barriers, 1024 bytes smem
ptxas info    : Compile time = 8.531 ms
ptxas info    : Compiling entry function '_ZN3aut17precision_packing4gemvINS_7storage8fp4_e2m1ELNS0_15arithmetic_kindE2ELNS0_11access_kindE1ELi2EEEvPKNSt11conditionalIXltsrT_10total_bitsLi8EEhNS2_5codecIS7_E12storage_typeEE4typeESE_mmmPd' for 'sm_90'
ptxas info    : Function properties for _ZN3aut17precision_packing4gemvINS_7storage8fp4_e2m1ELNS0_15arithmetic_kindE2ELNS0_11access_kindE1ELi2EEEvPKNSt11conditionalIXltsrT_10total_bitsLi8EEhNS2_5codecIS7_E12storage_typeEE4typeESE_mmmPd
    0 bytes stack frame, 0 bytes spill stores, 0 bytes spill loads
ptxas info    : Used 31 registers, used 1 barriers, 1024 bytes smem
ptxas info    : Compile time = 8.500 ms
ptxas info    : Compiling entry function '_ZN3aut17precision_packing4gemvINS_7storage8fp4_e2m1ELNS0_15arithmetic_kindE2ELNS0_11access_kindE0ELi1EEEvPKNSt11conditionalIXltsrT_10total_bitsLi8EEhNS2_5codecIS7_E12storage_typeEE4typeESE_mmmPd' for 'sm_90'
ptxas info    : Function properties for _ZN3aut17precision_packing4gemvINS_7storage8fp4_e2m1ELNS0_15arithmetic_kindE2ELNS0_11access_kindE0ELi1EEEvPKNSt11conditionalIXltsrT_10total_bitsLi8EEhNS2_5codecIS7_E12storage_typeEE4typeESE_mmmPd
    0 bytes stack frame, 0 bytes spill stores, 0 bytes spill loads
ptxas info    : Used 24 registers, used 1 barriers, 1024 bytes smem
ptxas info    : Compile time = 6.811 ms
ptxas info    : Compiling entry function '_ZN3aut17precision_packing4gemvINS_7storage8fp4_e2m1ELNS0_15arithmetic_kindE0ELNS0_11access_kindE2ELi8EEEvPKNSt11conditionalIXltsrT_10total_bitsLi8EEhNS2_5codecIS7_E12storage_typeEE4typeESE_mmmPd' for 'sm_90'
ptxas info    : Function properties for _ZN3aut17precision_packing4gemvINS_7storage8fp4_e2m1ELNS0_15arithmetic_kindE0ELNS0_11access_kindE2ELi8EEEvPKNSt11conditionalIXltsrT_10total_bitsLi8EEhNS2_5codecIS7_E12storage_typeEE4typeESE_mmmPd
    0 bytes stack frame, 0 bytes spill stores, 0 bytes spill loads
ptxas info    : Used 32 registers, used 1 barriers, 512 bytes smem
ptxas info    : Compile time = 18.171 ms
ptxas info    : Compiling entry function '_ZN3aut17precision_packing4gemvINS_7storage8fp4_e2m1ELNS0_15arithmetic_kindE0ELNS0_11access_kindE1ELi8EEEvPKNSt11conditionalIXltsrT_10total_bitsLi8EEhNS2_5codecIS7_E12storage_typeEE4typeESE_mmmPd' for 'sm_90'
ptxas info    : Function properties for _ZN3aut17precision_packing4gemvINS_7storage8fp4_e2m1ELNS0_15arithmetic_kindE0ELNS0_11access_kindE1ELi8EEEvPKNSt11conditionalIXltsrT_10total_bitsLi8EEhNS2_5codecIS7_E12storage_typeEE4typeESE_mmmPd
    0 bytes stack frame, 0 bytes spill stores, 0 bytes spill loads
ptxas info    : Used 38 registers, used 1 barriers, 512 bytes smem
ptxas info    : Compile time = 20.941 ms
ptxas info    : Compiling entry function '_ZN3aut17precision_packing4gemvINS_7storage8fp4_e2m1ELNS0_15arithmetic_kindE0ELNS0_11access_kindE2ELi4EEEvPKNSt11conditionalIXltsrT_10total_bitsLi8EEhNS2_5codecIS7_E12storage_typeEE4typeESE_mmmPd' for 'sm_90'
ptxas info    : Function properties for _ZN3aut17precision_packing4gemvINS_7storage8fp4_e2m1ELNS0_15arithmetic_kindE0ELNS0_11access_kindE2ELi4EEEvPKNSt11conditionalIXltsrT_10total_bitsLi8EEhNS2_5codecIS7_E12storage_typeEE4typeESE_mmmPd
    0 bytes stack frame, 0 bytes spill stores, 0 bytes spill loads
ptxas info    : Used 29 registers, used 1 barriers, 512 bytes smem
ptxas info    : Compile time = 12.020 ms
ptxas info    : Compiling entry function '_ZN3aut17precision_packing4gemvINS_7storage8fp4_e2m1ELNS0_15arithmetic_kindE0ELNS0_11access_kindE1ELi4EEEvPKNSt11conditionalIXltsrT_10total_bitsLi8EEhNS2_5codecIS7_E12storage_typeEE4typeESE_mmmPd' for 'sm_90'
ptxas info    : Function properties for _ZN3aut17precision_packing4gemvINS_7storage8fp4_e2m1ELNS0_15arithmetic_kindE0ELNS0_11access_kindE1ELi4EEEvPKNSt11conditionalIXltsrT_10total_bitsLi8EEhNS2_5codecIS7_E12storage_typeEE4typeESE_mmmPd
    0 bytes stack frame, 0 bytes spill stores, 0 bytes spill loads
ptxas info    : Used 32 registers, used 1 barriers, 512 bytes smem
ptxas info    : Compile time = 12.445 ms
ptxas info    : Compiling entry function '_ZN3aut17precision_packing4gemvINS_7storage8fp4_e2m1ELNS0_15arithmetic_kindE0ELNS0_11access_kindE2ELi2EEEvPKNSt11conditionalIXltsrT_10total_bitsLi8EEhNS2_5codecIS7_E12storage_typeEE4typeESE_mmmPd' for 'sm_90'
ptxas info    : Function properties for _ZN3aut17precision_packing4gemvINS_7storage8fp4_e2m1ELNS0_15arithmetic_kindE0ELNS0_11access_kindE2ELi2EEEvPKNSt11conditionalIXltsrT_10total_bitsLi8EEhNS2_5codecIS7_E12storage_typeEE4typeESE_mmmPd
    0 bytes stack frame, 0 bytes spill stores, 0 bytes spill loads
ptxas info    : Used 23 registers, used 1 barriers, 512 bytes smem
ptxas info    : Compile time = 8.900 ms
ptxas info    : Compiling entry function '_ZN3aut17precision_packing4gemvINS_7storage8fp4_e2m1ELNS0_15arithmetic_kindE0ELNS0_11access_kindE1ELi2EEEvPKNSt11conditionalIXltsrT_10total_bitsLi8EEhNS2_5codecIS7_E12storage_typeEE4typeESE_mmmPd' for 'sm_90'
ptxas info    : Function properties for _ZN3aut17precision_packing4gemvINS_7storage8fp4_e2m1ELNS0_15arithmetic_kindE0ELNS0_11access_kindE1ELi2EEEvPKNSt11conditionalIXltsrT_10total_bitsLi8EEhNS2_5codecIS7_E12storage_typeEE4typeESE_mmmPd
    0 bytes stack frame, 0 bytes spill stores, 0 bytes spill loads
ptxas info    : Used 26 registers, used 1 barriers, 512 bytes smem
ptxas info    : Compile time = 8.925 ms
ptxas info    : Compiling entry function '_ZN3aut17precision_packing4gemvINS_7storage8fp4_e2m1ELNS0_15arithmetic_kindE0ELNS0_11access_kindE0ELi1EEEvPKNSt11conditionalIXltsrT_10total_bitsLi8EEhNS2_5codecIS7_E12storage_typeEE4typeESE_mmmPd' for 'sm_90'
ptxas info    : Function properties for _ZN3aut17precision_packing4gemvINS_7storage8fp4_e2m1ELNS0_15arithmetic_kindE0ELNS0_11access_kindE0ELi1EEEvPKNSt11conditionalIXltsrT_10total_bitsLi8EEhNS2_5codecIS7_E12storage_typeEE4typeESE_mmmPd
    0 bytes stack frame, 0 bytes spill stores, 0 bytes spill loads
ptxas info    : Used 20 registers, used 1 barriers, 512 bytes smem
ptxas info    : Compile time = 7.063 ms
ptxas info    : Compiling entry function '_ZN3aut17precision_packing7dot_mapINS_7storage8fp4_e2m1ELNS0_15arithmetic_kindE3ELNS0_11access_kindE2ELi8EEEvPKNSt11conditionalIXltsrT_10total_bitsLi8EEhNS2_5codecIS7_E12storage_typeEE4typeESE_mPNS0_10arithmeticIXT0_EE4typeE' for 'sm_90'
ptxas info    : Function properties for _ZN3aut17precision_packing7dot_mapINS_7storage8fp4_e2m1ELNS0_15arithmetic_kindE3ELNS0_11access_kindE2ELi8EEEvPKNSt11conditionalIXltsrT_10total_bitsLi8EEhNS2_5codecIS7_E12storage_typeEE4typeESE_mPNS0_10arithmeticIXT0_EE4typeE
    0 bytes stack frame, 0 bytes spill stores, 0 bytes spill loads
ptxas info    : Used 64 registers, used 1 barriers, 2048 bytes smem
ptxas info    : Compile time = 16.799 ms
ptxas info    : Compiling entry function '_ZN3aut17precision_packing7dot_mapINS_7storage8fp4_e2m1ELNS0_15arithmetic_kindE3ELNS0_11access_kindE1ELi8EEEvPKNSt11conditionalIXltsrT_10total_bitsLi8EEhNS2_5codecIS7_E12storage_typeEE4typeESE_mPNS0_10arithmeticIXT0_EE4typeE' for 'sm_90'
ptxas info    : Function properties for _ZN3aut17precision_packing7dot_mapINS_7storage8fp4_e2m1ELNS0_15arithmetic_kindE3ELNS0_11access_kindE1ELi8EEEvPKNSt11conditionalIXltsrT_10total_bitsLi8EEhNS2_5codecIS7_E12storage_typeEE4typeESE_mPNS0_10arithmeticIXT0_EE4typeE
    0 bytes stack frame, 0 bytes spill stores, 0 bytes spill loads
ptxas info    : Used 64 registers, used 1 barriers, 2048 bytes smem
ptxas info    : Compile time = 18.416 ms
ptxas info    : Compiling entry function '_ZN3aut17precision_packing7dot_mapINS_7storage8fp4_e2m1ELNS0_15arithmetic_kindE3ELNS0_11access_kindE2ELi4EEEvPKNSt11conditionalIXltsrT_10total_bitsLi8EEhNS2_5codecIS7_E12storage_typeEE4typeESE_mPNS0_10arithmeticIXT0_EE4typeE' for 'sm_90'
ptxas info    : Function properties for _ZN3aut17precision_packing7dot_mapINS_7storage8fp4_e2m1ELNS0_15arithmetic_kindE3ELNS0_11access_kindE2ELi4EEEvPKNSt11conditionalIXltsrT_10total_bitsLi8EEhNS2_5codecIS7_E12storage_typeEE4typeESE_mPNS0_10arithmeticIXT0_EE4typeE
    0 bytes stack frame, 0 bytes spill stores, 0 bytes spill loads
ptxas info    : Used 40 registers, used 1 barriers, 2048 bytes smem
ptxas info    : Compile time = 10.735 ms
ptxas info    : Compiling entry function '_ZN3aut17precision_packing7dot_mapINS_7storage8fp4_e2m1ELNS0_15arithmetic_kindE3ELNS0_11access_kindE1ELi4EEEvPKNSt11conditionalIXltsrT_10total_bitsLi8EEhNS2_5codecIS7_E12storage_typeEE4typeESE_mPNS0_10arithmeticIXT0_EE4typeE' for 'sm_90'
ptxas info    : Function properties for _ZN3aut17precision_packing7dot_mapINS_7storage8fp4_e2m1ELNS0_15arithmetic_kindE3ELNS0_11access_kindE1ELi4EEEvPKNSt11conditionalIXltsrT_10total_bitsLi8EEhNS2_5codecIS7_E12storage_typeEE4typeESE_mPNS0_10arithmeticIXT0_EE4typeE
    0 bytes stack frame, 0 bytes spill stores, 0 bytes spill loads
ptxas info    : Used 40 registers, used 1 barriers, 2048 bytes smem
ptxas info    : Compile time = 11.616 ms
ptxas info    : Compiling entry function '_ZN3aut17precision_packing7dot_mapINS_7storage8fp4_e2m1ELNS0_15arithmetic_kindE3ELNS0_11access_kindE2ELi2EEEvPKNSt11conditionalIXltsrT_10total_bitsLi8EEhNS2_5codecIS7_E12storage_typeEE4typeESE_mPNS0_10arithmeticIXT0_EE4typeE' for 'sm_90'
ptxas info    : Function properties for _ZN3aut17precision_packing7dot_mapINS_7storage8fp4_e2m1ELNS0_15arithmetic_kindE3ELNS0_11access_kindE2ELi2EEEvPKNSt11conditionalIXltsrT_10total_bitsLi8EEhNS2_5codecIS7_E12storage_typeEE4typeESE_mPNS0_10arithmeticIXT0_EE4typeE
    0 bytes stack frame, 0 bytes spill stores, 0 bytes spill loads
ptxas info    : Used 32 registers, used 1 barriers, 2048 bytes smem
ptxas info    : Compile time = 7.908 ms
ptxas info    : Compiling entry function '_ZN3aut17precision_packing7dot_mapINS_7storage8fp4_e2m1ELNS0_15arithmetic_kindE3ELNS0_11access_kindE1ELi2EEEvPKNSt11conditionalIXltsrT_10total_bitsLi8EEhNS2_5codecIS7_E12storage_typeEE4typeESE_mPNS0_10arithmeticIXT0_EE4typeE' for 'sm_90'
ptxas info    : Function properties for _ZN3aut17precision_packing7dot_mapINS_7storage8fp4_e2m1ELNS0_15arithmetic_kindE3ELNS0_11access_kindE1ELi2EEEvPKNSt11conditionalIXltsrT_10total_bitsLi8EEhNS2_5codecIS7_E12storage_typeEE4typeESE_mPNS0_10arithmeticIXT0_EE4typeE
    0 bytes stack frame, 0 bytes spill stores, 0 bytes spill loads
ptxas info    : Used 32 registers, used 1 barriers, 2048 bytes smem
ptxas info    : Compile time = 7.961 ms
ptxas info    : Compiling entry function '_ZN3aut17precision_packing12dot_finalizeILNS0_15arithmetic_kindE3EEEvPKNS0_10arithmeticIXT_EE4typeEmPd' for 'sm_90'
ptxas info    : Function properties for _ZN3aut17precision_packing12dot_finalizeILNS0_15arithmetic_kindE3EEEvPKNS0_10arithmeticIXT_EE4typeEmPd
    0 bytes stack frame, 0 bytes spill stores, 0 bytes spill loads
ptxas info    : Used 14 registers, used 1 barriers, 2048 bytes smem
ptxas info    : Compile time = 2.613 ms
ptxas info    : Compiling entry function '_ZN3aut17precision_packing7dot_mapINS_7storage8fp4_e2m1ELNS0_15arithmetic_kindE3ELNS0_11access_kindE0ELi1EEEvPKNSt11conditionalIXltsrT_10total_bitsLi8EEhNS2_5codecIS7_E12storage_typeEE4typeESE_mPNS0_10arithmeticIXT0_EE4typeE' for 'sm_90'
ptxas info    : Function properties for _ZN3aut17precision_packing7dot_mapINS_7storage8fp4_e2m1ELNS0_15arithmetic_kindE3ELNS0_11access_kindE0ELi1EEEvPKNSt11conditionalIXltsrT_10total_bitsLi8EEhNS2_5codecIS7_E12storage_typeEE4typeESE_mPNS0_10arithmeticIXT0_EE4typeE
    0 bytes stack frame, 0 bytes spill stores, 0 bytes spill loads
ptxas info    : Used 29 registers, used 1 barriers, 2048 bytes smem
ptxas info    : Compile time = 6.673 ms
ptxas info    : Compiling entry function '_ZN3aut17precision_packing7dot_mapINS_7storage8fp4_e2m1ELNS0_15arithmetic_kindE2ELNS0_11access_kindE2ELi8EEEvPKNSt11conditionalIXltsrT_10total_bitsLi8EEhNS2_5codecIS7_E12storage_typeEE4typeESE_mPNS0_10arithmeticIXT0_EE4typeE' for 'sm_90'
ptxas info    : Function properties for _ZN3aut17precision_packing7dot_mapINS_7storage8fp4_e2m1ELNS0_15arithmetic_kindE2ELNS0_11access_kindE2ELi8EEEvPKNSt11conditionalIXltsrT_10total_bitsLi8EEhNS2_5codecIS7_E12storage_typeEE4typeESE_mPNS0_10arithmeticIXT0_EE4typeE
    0 bytes stack frame, 0 bytes spill stores, 0 bytes spill loads
ptxas info    : Used 56 registers, used 1 barriers, 1024 bytes smem
ptxas info    : Compile time = 16.730 ms
ptxas info    : Compiling entry function '_ZN3aut17precision_packing7dot_mapINS_7storage8fp4_e2m1ELNS0_15arithmetic_kindE2ELNS0_11access_kindE1ELi8EEEvPKNSt11conditionalIXltsrT_10total_bitsLi8EEhNS2_5codecIS7_E12storage_typeEE4typeESE_mPNS0_10arithmeticIXT0_EE4typeE' for 'sm_90'
ptxas info    : Function properties for _ZN3aut17precision_packing7dot_mapINS_7storage8fp4_e2m1ELNS0_15arithmetic_kindE2ELNS0_11access_kindE1ELi8EEEvPKNSt11conditionalIXltsrT_10total_bitsLi8EEhNS2_5codecIS7_E12storage_typeEE4typeESE_mPNS0_10arithmeticIXT0_EE4typeE
    0 bytes stack frame, 0 bytes spill stores, 0 bytes spill loads
ptxas info    : Used 56 registers, used 1 barriers, 1024 bytes smem
ptxas info    : Compile time = 18.392 ms
ptxas info    : Compiling entry function '_ZN3aut17precision_packing7dot_mapINS_7storage8fp4_e2m1ELNS0_15arithmetic_kindE2ELNS0_11access_kindE2ELi4EEEvPKNSt11conditionalIXltsrT_10total_bitsLi8EEhNS2_5codecIS7_E12storage_typeEE4typeESE_mPNS0_10arithmeticIXT0_EE4typeE' for 'sm_90'
ptxas info    : Function properties for _ZN3aut17precision_packing7dot_mapINS_7storage8fp4_e2m1ELNS0_15arithmetic_kindE2ELNS0_11access_kindE2ELi4EEEvPKNSt11conditionalIXltsrT_10total_bitsLi8EEhNS2_5codecIS7_E12storage_typeEE4typeESE_mPNS0_10arithmeticIXT0_EE4typeE
    0 bytes stack frame, 0 bytes spill stores, 0 bytes spill loads
ptxas info    : Used 40 registers, used 1 barriers, 1024 bytes smem
ptxas info    : Compile time = 10.536 ms
ptxas info    : Compiling entry function '_ZN3aut17precision_packing7dot_mapINS_7storage8fp4_e2m1ELNS0_15arithmetic_kindE2ELNS0_11access_kindE1ELi4EEEvPKNSt11conditionalIXltsrT_10total_bitsLi8EEhNS2_5codecIS7_E12storage_typeEE4typeESE_mPNS0_10arithmeticIXT0_EE4typeE' for 'sm_90'
ptxas info    : Function properties for _ZN3aut17precision_packing7dot_mapINS_7storage8fp4_e2m1ELNS0_15arithmetic_kindE2ELNS0_11access_kindE1ELi4EEEvPKNSt11conditionalIXltsrT_10total_bitsLi8EEhNS2_5codecIS7_E12storage_typeEE4typeESE_mPNS0_10arithmeticIXT0_EE4typeE
    0 bytes stack frame, 0 bytes spill stores, 0 bytes spill loads
ptxas info    : Used 38 registers, used 1 barriers, 1024 bytes smem
ptxas info    : Compile time = 11.379 ms
ptxas info    : Compiling entry function '_ZN3aut17precision_packing7dot_mapINS_7storage8fp4_e2m1ELNS0_15arithmetic_kindE2ELNS0_11access_kindE2ELi2EEEvPKNSt11conditionalIXltsrT_10total_bitsLi8EEhNS2_5codecIS7_E12storage_typeEE4typeESE_mPNS0_10arithmeticIXT0_EE4typeE' for 'sm_90'
ptxas info    : Function properties for _ZN3aut17precision_packing7dot_mapINS_7storage8fp4_e2m1ELNS0_15arithmetic_kindE2ELNS0_11access_kindE2ELi2EEEvPKNSt11conditionalIXltsrT_10total_bitsLi8EEhNS2_5codecIS7_E12storage_typeEE4typeESE_mPNS0_10arithmeticIXT0_EE4typeE
    0 bytes stack frame, 0 bytes spill stores, 0 bytes spill loads
ptxas info    : Used 30 registers, used 1 barriers, 1024 bytes smem
ptxas info    : Compile time = 7.756 ms
ptxas info    : Compiling entry function '_ZN3aut17precision_packing7dot_mapINS_7storage8fp4_e2m1ELNS0_15arithmetic_kindE2ELNS0_11access_kindE1ELi2EEEvPKNSt11conditionalIXltsrT_10total_bitsLi8EEhNS2_5codecIS7_E12storage_typeEE4typeESE_mPNS0_10arithmeticIXT0_EE4typeE' for 'sm_90'
ptxas info    : Function properties for _ZN3aut17precision_packing7dot_mapINS_7storage8fp4_e2m1ELNS0_15arithmetic_kindE2ELNS0_11access_kindE1ELi2EEEvPKNSt11conditionalIXltsrT_10total_bitsLi8EEhNS2_5codecIS7_E12storage_typeEE4typeESE_mPNS0_10arithmeticIXT0_EE4typeE
    0 bytes stack frame, 0 bytes spill stores, 0 bytes spill loads
ptxas info    : Used 31 registers, used 1 barriers, 1024 bytes smem
ptxas info    : Compile time = 7.849 ms
ptxas info    : Compiling entry function '_ZN3aut17precision_packing12dot_finalizeILNS0_15arithmetic_kindE2EEEvPKNS0_10arithmeticIXT_EE4typeEmPd' for 'sm_90'
ptxas info    : Function properties for _ZN3aut17precision_packing12dot_finalizeILNS0_15arithmetic_kindE2EEEvPKNS0_10arithmeticIXT_EE4typeEmPd
    0 bytes stack frame, 0 bytes spill stores, 0 bytes spill loads
ptxas info    : Used 14 registers, used 1 barriers, 2048 bytes smem
ptxas info    : Compile time = 2.648 ms
ptxas info    : Compiling entry function '_ZN3aut17precision_packing7dot_mapINS_7storage8fp4_e2m1ELNS0_15arithmetic_kindE2ELNS0_11access_kindE0ELi1EEEvPKNSt11conditionalIXltsrT_10total_bitsLi8EEhNS2_5codecIS7_E12storage_typeEE4typeESE_mPNS0_10arithmeticIXT0_EE4typeE' for 'sm_90'
ptxas info    : Function properties for _ZN3aut17precision_packing7dot_mapINS_7storage8fp4_e2m1ELNS0_15arithmetic_kindE2ELNS0_11access_kindE0ELi1EEEvPKNSt11conditionalIXltsrT_10total_bitsLi8EEhNS2_5codecIS7_E12storage_typeEE4typeESE_mPNS0_10arithmeticIXT0_EE4typeE
    0 bytes stack frame, 0 bytes spill stores, 0 bytes spill loads
ptxas info    : Used 29 registers, used 1 barriers, 1024 bytes smem
ptxas info    : Compile time = 6.576 ms
ptxas info    : Compiling entry function '_ZN3aut17precision_packing7dot_mapINS_7storage8fp4_e2m1ELNS0_15arithmetic_kindE0ELNS0_11access_kindE2ELi8EEEvPKNSt11conditionalIXltsrT_10total_bitsLi8EEhNS2_5codecIS7_E12storage_typeEE4typeESE_mPNS0_10arithmeticIXT0_EE4typeE' for 'sm_90'
ptxas info    : Function properties for _ZN3aut17precision_packing7dot_mapINS_7storage8fp4_e2m1ELNS0_15arithmetic_kindE0ELNS0_11access_kindE2ELi8EEEvPKNSt11conditionalIXltsrT_10total_bitsLi8EEhNS2_5codecIS7_E12storage_typeEE4typeESE_mPNS0_10arithmeticIXT0_EE4typeE
    0 bytes stack frame, 0 bytes spill stores, 0 bytes spill loads
ptxas info    : Used 37 registers, used 1 barriers, 512 bytes smem
ptxas info    : Compile time = 16.815 ms
ptxas info    : Compiling entry function '_ZN3aut17precision_packing7dot_mapINS_7storage8fp4_e2m1ELNS0_15arithmetic_kindE0ELNS0_11access_kindE1ELi8EEEvPKNSt11conditionalIXltsrT_10total_bitsLi8EEhNS2_5codecIS7_E12storage_typeEE4typeESE_mPNS0_10arithmeticIXT0_EE4typeE' for 'sm_90'
ptxas info    : Function properties for _ZN3aut17precision_packing7dot_mapINS_7storage8fp4_e2m1ELNS0_15arithmetic_kindE0ELNS0_11access_kindE1ELi8EEEvPKNSt11conditionalIXltsrT_10total_bitsLi8EEhNS2_5codecIS7_E12storage_typeEE4typeESE_mPNS0_10arithmeticIXT0_EE4typeE
    0 bytes stack frame, 0 bytes spill stores, 0 bytes spill loads
ptxas info    : Used 46 registers, used 1 barriers, 512 bytes smem
ptxas info    : Compile time = 19.266 ms
ptxas info    : Compiling entry function '_ZN3aut17precision_packing7dot_mapINS_7storage8fp4_e2m1ELNS0_15arithmetic_kindE0ELNS0_11access_kindE2ELi4EEEvPKNSt11conditionalIXltsrT_10total_bitsLi8EEhNS2_5codecIS7_E12storage_typeEE4typeESE_mPNS0_10arithmeticIXT0_EE4typeE' for 'sm_90'
ptxas info    : Function properties for _ZN3aut17precision_packing7dot_mapINS_7storage8fp4_e2m1ELNS0_15arithmetic_kindE0ELNS0_11access_kindE2ELi4EEEvPKNSt11conditionalIXltsrT_10total_bitsLi8EEhNS2_5codecIS7_E12storage_typeEE4typeESE_mPNS0_10arithmeticIXT0_EE4typeE
    0 bytes stack frame, 0 bytes spill stores, 0 bytes spill loads
ptxas info    : Used 31 registers, used 1 barriers, 512 bytes smem
ptxas info    : Compile time = 11.008 ms
ptxas info    : Compiling entry function '_ZN3aut17precision_packing7dot_mapINS_7storage8fp4_e2m1ELNS0_15arithmetic_kindE0ELNS0_11access_kindE1ELi4EEEvPKNSt11conditionalIXltsrT_10total_bitsLi8EEhNS2_5codecIS7_E12storage_typeEE4typeESE_mPNS0_10arithmeticIXT0_EE4typeE' for 'sm_90'
ptxas info    : Function properties for _ZN3aut17precision_packing7dot_mapINS_7storage8fp4_e2m1ELNS0_15arithmetic_kindE0ELNS0_11access_kindE1ELi4EEEvPKNSt11conditionalIXltsrT_10total_bitsLi8EEhNS2_5codecIS7_E12storage_typeEE4typeESE_mPNS0_10arithmeticIXT0_EE4typeE
    0 bytes stack frame, 0 bytes spill stores, 0 bytes spill loads
ptxas info    : Used 32 registers, used 1 barriers, 512 bytes smem
ptxas info    : Compile time = 11.778 ms
ptxas info    : Compiling entry function '_ZN3aut17precision_packing7dot_mapINS_7storage8fp4_e2m1ELNS0_15arithmetic_kindE0ELNS0_11access_kindE2ELi2EEEvPKNSt11conditionalIXltsrT_10total_bitsLi8EEhNS2_5codecIS7_E12storage_typeEE4typeESE_mPNS0_10arithmeticIXT0_EE4typeE' for 'sm_90'
ptxas info    : Function properties for _ZN3aut17precision_packing7dot_mapINS_7storage8fp4_e2m1ELNS0_15arithmetic_kindE0ELNS0_11access_kindE2ELi2EEEvPKNSt11conditionalIXltsrT_10total_bitsLi8EEhNS2_5codecIS7_E12storage_typeEE4typeESE_mPNS0_10arithmeticIXT0_EE4typeE
    0 bytes stack frame, 0 bytes spill stores, 0 bytes spill loads
ptxas info    : Used 26 registers, used 1 barriers, 512 bytes smem
ptxas info    : Compile time = 8.170 ms
ptxas info    : Compiling entry function '_ZN3aut17precision_packing7dot_mapINS_7storage8fp4_e2m1ELNS0_15arithmetic_kindE0ELNS0_11access_kindE1ELi2EEEvPKNSt11conditionalIXltsrT_10total_bitsLi8EEhNS2_5codecIS7_E12storage_typeEE4typeESE_mPNS0_10arithmeticIXT0_EE4typeE' for 'sm_90'
ptxas info    : Function properties for _ZN3aut17precision_packing7dot_mapINS_7storage8fp4_e2m1ELNS0_15arithmetic_kindE0ELNS0_11access_kindE1ELi2EEEvPKNSt11conditionalIXltsrT_10total_bitsLi8EEhNS2_5codecIS7_E12storage_typeEE4typeESE_mPNS0_10arithmeticIXT0_EE4typeE
    0 bytes stack frame, 0 bytes spill stores, 0 bytes spill loads
ptxas info    : Used 26 registers, used 1 barriers, 512 bytes smem
ptxas info    : Compile time = 8.171 ms
ptxas info    : Compiling entry function '_ZN3aut17precision_packing12dot_finalizeILNS0_15arithmetic_kindE0EEEvPKNS0_10arithmeticIXT_EE4typeEmPd' for 'sm_90'
ptxas info    : Function properties for _ZN3aut17precision_packing12dot_finalizeILNS0_15arithmetic_kindE0EEEvPKNS0_10arithmeticIXT_EE4typeEmPd
    0 bytes stack frame, 0 bytes spill stores, 0 bytes spill loads
ptxas info    : Used 14 registers, used 1 barriers, 2048 bytes smem
ptxas info    : Compile time = 2.664 ms
ptxas info    : Compiling entry function '_ZN3aut17precision_packing7dot_mapINS_7storage8fp4_e2m1ELNS0_15arithmetic_kindE0ELNS0_11access_kindE0ELi1EEEvPKNSt11conditionalIXltsrT_10total_bitsLi8EEhNS2_5codecIS7_E12storage_typeEE4typeESE_mPNS0_10arithmeticIXT0_EE4typeE' for 'sm_90'
ptxas info    : Function properties for _ZN3aut17precision_packing7dot_mapINS_7storage8fp4_e2m1ELNS0_15arithmetic_kindE0ELNS0_11access_kindE0ELi1EEEvPKNSt11conditionalIXltsrT_10total_bitsLi8EEhNS2_5codecIS7_E12storage_typeEE4typeESE_mPNS0_10arithmeticIXT0_EE4typeE
    0 bytes stack frame, 0 bytes spill stores, 0 bytes spill loads
ptxas info    : Used 25 registers, used 1 barriers, 512 bytes smem
ptxas info    : Compile time = 6.767 ms
ptxas info    : Compiling entry function '_ZN3aut17precision_packing13encode_valuesINS_7storage8fp4_e2m1EEEvPKdPNSt11conditionalIXltsrT_10total_bitsLi8EEhNS2_5codecIS7_E12storage_typeEE4typeEm' for 'sm_90'
ptxas info    : Function properties for _ZN3aut17precision_packing13encode_valuesINS_7storage8fp4_e2m1EEEvPKdPNSt11conditionalIXltsrT_10total_bitsLi8EEhNS2_5codecIS7_E12storage_typeEE4typeEm
    0 bytes stack frame, 0 bytes spill stores, 0 bytes spill loads
ptxas info    : Used 25 registers, used 0 barriers
ptxas info    : Compile time = 5.211 ms
[100%] Linking CUDA executable bin/precision_packing_bench_fp4_e2m1
[100%] Built target precision_packing_bench_fp4_e2m1
Building precision_packing_bench_fp64
[ 50%] Building CUDA object CMakeFiles/precision_packing_bench_fp64.dir/src/precision_packing_bench.cu.o
ptxas info    : 29 bytes gmem
ptxas info    : Compiling entry function '_ZN3aut17precision_packing16arithmetic_chainILNS0_15arithmetic_kindE3ELi8EEEviPd' for 'sm_90'
ptxas info    : Function properties for _ZN3aut17precision_packing16arithmetic_chainILNS0_15arithmetic_kindE3ELi8EEEviPd
    0 bytes stack frame, 0 bytes spill stores, 0 bytes spill loads
ptxas info    : Used 26 registers, used 0 barriers
ptxas info    : Compile time = 3.195 ms
ptxas info    : Compiling entry function '_ZN3aut17precision_packing16arithmetic_chainILNS0_15arithmetic_kindE3ELi4EEEviPd' for 'sm_90'
ptxas info    : Function properties for _ZN3aut17precision_packing16arithmetic_chainILNS0_15arithmetic_kindE3ELi4EEEviPd
    0 bytes stack frame, 0 bytes spill stores, 0 bytes spill loads
ptxas info    : Used 18 registers, used 0 barriers
ptxas info    : Compile time = 1.647 ms
ptxas info    : Compiling entry function '_ZN3aut17precision_packing16arithmetic_chainILNS0_15arithmetic_kindE3ELi2EEEviPd' for 'sm_90'
ptxas info    : Function properties for _ZN3aut17precision_packing16arithmetic_chainILNS0_15arithmetic_kindE3ELi2EEEviPd
    0 bytes stack frame, 0 bytes spill stores, 0 bytes spill loads
ptxas info    : Used 14 registers, used 0 barriers
ptxas info    : Compile time = 1.361 ms
ptxas info    : Compiling entry function '_ZN3aut17precision_packing16arithmetic_chainILNS0_15arithmetic_kindE3ELi1EEEviPd' for 'sm_90'
ptxas info    : Function properties for _ZN3aut17precision_packing16arithmetic_chainILNS0_15arithmetic_kindE3ELi1EEEviPd
    0 bytes stack frame, 0 bytes spill stores, 0 bytes spill loads
ptxas info    : Used 12 registers, used 0 barriers
ptxas info    : Compile time = 1.248 ms
ptxas info    : Compiling entry function '_ZN3aut17precision_packing15register_decodeINS_7storage11fp64_e11m52ELNS0_15arithmetic_kindE3ELi8EEEvPKNSt11conditionalIXltsrT_10total_bitsLi8EEhNS2_5codecIS6_E12storage_typeEE4typeEmiPd' for 'sm_90'
ptxas info    : Function properties for _ZN3aut17precision_packing15register_decodeINS_7storage11fp64_e11m52ELNS0_15arithmetic_kindE3ELi8EEEvPKNSt11conditionalIXltsrT_10total_bitsLi8EEhNS2_5codecIS6_E12storage_typeEE4typeEmiPd
    0 bytes stack frame, 0 bytes spill stores, 0 bytes spill loads
ptxas info    : Used 39 registers, used 0 barriers
ptxas info    : Compile time = 4.834 ms
ptxas info    : Compiling entry function '_ZN3aut17precision_packing15register_decodeINS_7storage11fp64_e11m52ELNS0_15arithmetic_kindE3ELi4EEEvPKNSt11conditionalIXltsrT_10total_bitsLi8EEhNS2_5codecIS6_E12storage_typeEE4typeEmiPd' for 'sm_90'
ptxas info    : Function properties for _ZN3aut17precision_packing15register_decodeINS_7storage11fp64_e11m52ELNS0_15arithmetic_kindE3ELi4EEEvPKNSt11conditionalIXltsrT_10total_bitsLi8EEhNS2_5codecIS6_E12storage_typeEE4typeEmiPd
    0 bytes stack frame, 0 bytes spill stores, 0 bytes spill loads
ptxas info    : Used 25 registers, used 0 barriers
ptxas info    : Compile time = 4.331 ms
ptxas info    : Compiling entry function '_ZN3aut17precision_packing15register_decodeINS_7storage11fp64_e11m52ELNS0_15arithmetic_kindE3ELi2EEEvPKNSt11conditionalIXltsrT_10total_bitsLi8EEhNS2_5codecIS6_E12storage_typeEE4typeEmiPd' for 'sm_90'
ptxas info    : Function properties for _ZN3aut17precision_packing15register_decodeINS_7storage11fp64_e11m52ELNS0_15arithmetic_kindE3ELi2EEEvPKNSt11conditionalIXltsrT_10total_bitsLi8EEhNS2_5codecIS6_E12storage_typeEE4typeEmiPd
    0 bytes stack frame, 0 bytes spill stores, 0 bytes spill loads
ptxas info    : Used 20 registers, used 0 barriers
ptxas info    : Compile time = 4.140 ms
ptxas info    : Compiling entry function '_ZN3aut17precision_packing15register_decodeINS_7storage11fp64_e11m52ELNS0_15arithmetic_kindE3ELi1EEEvPKNSt11conditionalIXltsrT_10total_bitsLi8EEhNS2_5codecIS6_E12storage_typeEE4typeEmiPd' for 'sm_90'
ptxas info    : Function properties for _ZN3aut17precision_packing15register_decodeINS_7storage11fp64_e11m52ELNS0_15arithmetic_kindE3ELi1EEEvPKNSt11conditionalIXltsrT_10total_bitsLi8EEhNS2_5codecIS6_E12storage_typeEE4typeEmiPd
    0 bytes stack frame, 0 bytes spill stores, 0 bytes spill loads
ptxas info    : Used 18 registers, used 0 barriers
ptxas info    : Compile time = 4.065 ms
ptxas info    : Compiling entry function '_ZN3aut17precision_packing13stream_decodeINS_7storage11fp64_e11m52ELNS0_15arithmetic_kindE3ELNS0_11access_kindE2ELi8EEEvPKNSt11conditionalIXltsrT_10total_bitsLi8EEhNS2_5codecIS7_E12storage_typeEE4typeEmPd' for 'sm_90'
ptxas info    : Function properties for _ZN3aut17precision_packing13stream_decodeINS_7storage11fp64_e11m52ELNS0_15arithmetic_kindE3ELNS0_11access_kindE2ELi8EEEvPKNSt11conditionalIXltsrT_10total_bitsLi8EEhNS2_5codecIS7_E12storage_typeEE4typeEmPd
    0 bytes stack frame, 0 bytes spill stores, 0 bytes spill loads
ptxas info    : Used 44 registers, used 1 barriers, 2048 bytes smem
ptxas info    : Compile time = 4.037 ms
ptxas info    : Compiling entry function '_ZN3aut17precision_packing13stream_decodeINS_7storage11fp64_e11m52ELNS0_15arithmetic_kindE3ELNS0_11access_kindE1ELi8EEEvPKNSt11conditionalIXltsrT_10total_bitsLi8EEhNS2_5codecIS7_E12storage_typeEE4typeEmPd' for 'sm_90'
ptxas info    : Function properties for _ZN3aut17precision_packing13stream_decodeINS_7storage11fp64_e11m52ELNS0_15arithmetic_kindE3ELNS0_11access_kindE1ELi8EEEvPKNSt11conditionalIXltsrT_10total_bitsLi8EEhNS2_5codecIS7_E12storage_typeEE4typeEmPd
    0 bytes stack frame, 0 bytes spill stores, 0 bytes spill loads
ptxas info    : Used 39 registers, used 1 barriers, 2048 bytes smem
ptxas info    : Compile time = 4.055 ms
ptxas info    : Compiling entry function '_ZN3aut17precision_packing13stream_decodeINS_7storage11fp64_e11m52ELNS0_15arithmetic_kindE3ELNS0_11access_kindE2ELi4EEEvPKNSt11conditionalIXltsrT_10total_bitsLi8EEhNS2_5codecIS7_E12storage_typeEE4typeEmPd' for 'sm_90'
ptxas info    : Function properties for _ZN3aut17precision_packing13stream_decodeINS_7storage11fp64_e11m52ELNS0_15arithmetic_kindE3ELNS0_11access_kindE2ELi4EEEvPKNSt11conditionalIXltsrT_10total_bitsLi8EEhNS2_5codecIS7_E12storage_typeEE4typeEmPd
    0 bytes stack frame, 0 bytes spill stores, 0 bytes spill loads
ptxas info    : Used 32 registers, used 1 barriers, 2048 bytes smem
ptxas info    : Compile time = 3.605 ms
ptxas info    : Compiling entry function '_ZN3aut17precision_packing13stream_decodeINS_7storage11fp64_e11m52ELNS0_15arithmetic_kindE3ELNS0_11access_kindE1ELi4EEEvPKNSt11conditionalIXltsrT_10total_bitsLi8EEhNS2_5codecIS7_E12storage_typeEE4typeEmPd' for 'sm_90'
ptxas info    : Function properties for _ZN3aut17precision_packing13stream_decodeINS_7storage11fp64_e11m52ELNS0_15arithmetic_kindE3ELNS0_11access_kindE1ELi4EEEvPKNSt11conditionalIXltsrT_10total_bitsLi8EEhNS2_5codecIS7_E12storage_typeEE4typeEmPd
    0 bytes stack frame, 0 bytes spill stores, 0 bytes spill loads
ptxas info    : Used 32 registers, used 1 barriers, 2048 bytes smem
ptxas info    : Compile time = 3.624 ms
ptxas info    : Compiling entry function '_ZN3aut17precision_packing13stream_decodeINS_7storage11fp64_e11m52ELNS0_15arithmetic_kindE3ELNS0_11access_kindE2ELi2EEEvPKNSt11conditionalIXltsrT_10total_bitsLi8EEhNS2_5codecIS7_E12storage_typeEE4typeEmPd' for 'sm_90'
ptxas info    : Function properties for _ZN3aut17precision_packing13stream_decodeINS_7storage11fp64_e11m52ELNS0_15arithmetic_kindE3ELNS0_11access_kindE2ELi2EEEvPKNSt11conditionalIXltsrT_10total_bitsLi8EEhNS2_5codecIS7_E12storage_typeEE4typeEmPd
    0 bytes stack frame, 0 bytes spill stores, 0 bytes spill loads
ptxas info    : Used 22 registers, used 1 barriers, 2048 bytes smem
ptxas info    : Compile time = 3.432 ms
ptxas info    : Compiling entry function '_ZN3aut17precision_packing13stream_decodeINS_7storage11fp64_e11m52ELNS0_15arithmetic_kindE3ELNS0_11access_kindE1ELi2EEEvPKNSt11conditionalIXltsrT_10total_bitsLi8EEhNS2_5codecIS7_E12storage_typeEE4typeEmPd' for 'sm_90'
ptxas info    : Function properties for _ZN3aut17precision_packing13stream_decodeINS_7storage11fp64_e11m52ELNS0_15arithmetic_kindE3ELNS0_11access_kindE1ELi2EEEvPKNSt11conditionalIXltsrT_10total_bitsLi8EEhNS2_5codecIS7_E12storage_typeEE4typeEmPd
    0 bytes stack frame, 0 bytes spill stores, 0 bytes spill loads
ptxas info    : Used 24 registers, used 1 barriers, 2048 bytes smem
ptxas info    : Compile time = 3.449 ms
ptxas info    : Compiling entry function '_ZN3aut17precision_packing13stream_decodeINS_7storage11fp64_e11m52ELNS0_15arithmetic_kindE3ELNS0_11access_kindE0ELi1EEEvPKNSt11conditionalIXltsrT_10total_bitsLi8EEhNS2_5codecIS7_E12storage_typeEE4typeEmPd' for 'sm_90'
ptxas info    : Function properties for _ZN3aut17precision_packing13stream_decodeINS_7storage11fp64_e11m52ELNS0_15arithmetic_kindE3ELNS0_11access_kindE0ELi1EEEvPKNSt11conditionalIXltsrT_10total_bitsLi8EEhNS2_5codecIS7_E12storage_typeEE4typeEmPd
    0 bytes stack frame, 0 bytes spill stores, 0 bytes spill loads
ptxas info    : Used 18 registers, used 1 barriers, 2048 bytes smem
ptxas info    : Compile time = 3.285 ms
ptxas info    : Compiling entry function '_ZN3aut17precision_packing11stream_loadINS_7storage11fp64_e11m52ELNS0_11access_kindE2ELi8EEEvPKNSt11conditionalIXltsrT_10total_bitsLi8EEhNS2_5codecIS6_E12storage_typeEE4typeEmPm' for 'sm_90'
ptxas info    : Function properties for _ZN3aut17precision_packing11stream_loadINS_7storage11fp64_e11m52ELNS0_11access_kindE2ELi8EEEvPKNSt11conditionalIXltsrT_10total_bitsLi8EEhNS2_5codecIS6_E12storage_typeEE4typeEmPm
    0 bytes stack frame, 0 bytes spill stores, 0 bytes spill loads
ptxas info    : Used 32 registers, used 1 barriers, 2048 bytes smem
ptxas info    : Compile time = 3.963 ms
ptxas info    : Compiling entry function '_ZN3aut17precision_packing11stream_loadINS_7storage11fp64_e11m52ELNS0_11access_kindE1ELi8EEEvPKNSt11conditionalIXltsrT_10total_bitsLi8EEhNS2_5codecIS6_E12storage_typeEE4typeEmPm' for 'sm_90'
ptxas info    : Function properties for _ZN3aut17precision_packing11stream_loadINS_7storage11fp64_e11m52ELNS0_11access_kindE1ELi8EEEvPKNSt11conditionalIXltsrT_10total_bitsLi8EEhNS2_5codecIS6_E12storage_typeEE4typeEmPm
    0 bytes stack frame, 0 bytes spill stores, 0 bytes spill loads
ptxas info    : Used 32 registers, used 1 barriers, 2048 bytes smem
ptxas info    : Compile time = 4.144 ms
ptxas info    : Compiling entry function '_ZN3aut17precision_packing11stream_loadINS_7storage11fp64_e11m52ELNS0_11access_kindE2ELi4EEEvPKNSt11conditionalIXltsrT_10total_bitsLi8EEhNS2_5codecIS6_E12storage_typeEE4typeEmPm' for 'sm_90'
ptxas info    : Function properties for _ZN3aut17precision_packing11stream_loadINS_7storage11fp64_e11m52ELNS0_11access_kindE2ELi4EEEvPKNSt11conditionalIXltsrT_10total_bitsLi8EEhNS2_5codecIS6_E12storage_typeEE4typeEmPm
    0 bytes stack frame, 0 bytes spill stores, 0 bytes spill loads
ptxas info    : Used 28 registers, used 1 barriers, 2048 bytes smem
ptxas info    : Compile time = 3.784 ms
ptxas info    : Compiling entry function '_ZN3aut17precision_packing11stream_loadINS_7storage11fp64_e11m52ELNS0_11access_kindE1ELi4EEEvPKNSt11conditionalIXltsrT_10total_bitsLi8EEhNS2_5codecIS6_E12storage_typeEE4typeEmPm' for 'sm_90'
ptxas info    : Function properties for _ZN3aut17precision_packing11stream_loadINS_7storage11fp64_e11m52ELNS0_11access_kindE1ELi4EEEvPKNSt11conditionalIXltsrT_10total_bitsLi8EEhNS2_5codecIS6_E12storage_typeEE4typeEmPm
    0 bytes stack frame, 0 bytes spill stores, 0 bytes spill loads
ptxas info    : Used 30 registers, used 1 barriers, 2048 bytes smem
ptxas info    : Compile time = 3.844 ms
ptxas info    : Compiling entry function '_ZN3aut17precision_packing11stream_loadINS_7storage11fp64_e11m52ELNS0_11access_kindE2ELi2EEEvPKNSt11conditionalIXltsrT_10total_bitsLi8EEhNS2_5codecIS6_E12storage_typeEE4typeEmPm' for 'sm_90'
ptxas info    : Function properties for _ZN3aut17precision_packing11stream_loadINS_7storage11fp64_e11m52ELNS0_11access_kindE2ELi2EEEvPKNSt11conditionalIXltsrT_10total_bitsLi8EEhNS2_5codecIS6_E12storage_typeEE4typeEmPm
    0 bytes stack frame, 0 bytes spill stores, 0 bytes spill loads
ptxas info    : Used 24 registers, used 1 barriers, 2048 bytes smem
ptxas info    : Compile time = 3.694 ms
ptxas info    : Compiling entry function '_ZN3aut17precision_packing11stream_loadINS_7storage11fp64_e11m52ELNS0_11access_kindE1ELi2EEEvPKNSt11conditionalIXltsrT_10total_bitsLi8EEhNS2_5codecIS6_E12storage_typeEE4typeEmPm' for 'sm_90'
ptxas info    : Function properties for _ZN3aut17precision_packing11stream_loadINS_7storage11fp64_e11m52ELNS0_11access_kindE1ELi2EEEvPKNSt11conditionalIXltsrT_10total_bitsLi8EEhNS2_5codecIS6_E12storage_typeEE4typeEmPm
    0 bytes stack frame, 0 bytes spill stores, 0 bytes spill loads
ptxas info    : Used 24 registers, used 1 barriers, 2048 bytes smem
ptxas info    : Compile time = 3.690 ms
ptxas info    : Compiling entry function '_ZN3aut17precision_packing11stream_loadINS_7storage11fp64_e11m52ELNS0_11access_kindE0ELi1EEEvPKNSt11conditionalIXltsrT_10total_bitsLi8EEhNS2_5codecIS6_E12storage_typeEE4typeEmPm' for 'sm_90'
ptxas info    : Function properties for _ZN3aut17precision_packing11stream_loadINS_7storage11fp64_e11m52ELNS0_11access_kindE0ELi1EEEvPKNSt11conditionalIXltsrT_10total_bitsLi8EEhNS2_5codecIS6_E12storage_typeEE4typeEmPm
    0 bytes stack frame, 0 bytes spill stores, 0 bytes spill loads
ptxas info    : Used 20 registers, used 1 barriers, 2048 bytes smem
ptxas info    : Compile time = 3.517 ms
ptxas info    : Compiling entry function '_ZN3aut17precision_packing4gemvINS_7storage11fp64_e11m52ELNS0_15arithmetic_kindE3ELNS0_11access_kindE2ELi8EEEvPKNSt11conditionalIXltsrT_10total_bitsLi8EEhNS2_5codecIS7_E12storage_typeEE4typeESE_mmmPd' for 'sm_90'
ptxas info    : Function properties for _ZN3aut17precision_packing4gemvINS_7storage11fp64_e11m52ELNS0_15arithmetic_kindE3ELNS0_11access_kindE2ELi8EEEvPKNSt11conditionalIXltsrT_10total_bitsLi8EEhNS2_5codecIS7_E12storage_typeEE4typeESE_mmmPd
    0 bytes stack frame, 0 bytes spill stores, 0 bytes spill loads
ptxas info    : Used 42 registers, used 1 barriers, 2048 bytes smem
ptxas info    : Compile time = 4.675 ms
ptxas info    : Compiling entry function '_ZN3aut17precision_packing4gemvINS_7storage11fp64_e11m52ELNS0_15arithmetic_kindE3ELNS0_11access_kindE1ELi8EEEvPKNSt11conditionalIXltsrT_10total_bitsLi8EEhNS2_5codecIS7_E12storage_typeEE4typeESE_mmmPd' for 'sm_90'
ptxas info    : Function properties for _ZN3aut17precision_packing4gemvINS_7storage11fp64_e11m52ELNS0_15arithmetic_kindE3ELNS0_11access_kindE1ELi8EEEvPKNSt11conditionalIXltsrT_10total_bitsLi8EEhNS2_5codecIS7_E12storage_typeEE4typeESE_mmmPd
    0 bytes stack frame, 0 bytes spill stores, 0 bytes spill loads
ptxas info    : Used 30 registers, used 1 barriers, 2048 bytes smem
ptxas info    : Compile time = 4.951 ms
ptxas info    : Compiling entry function '_ZN3aut17precision_packing4gemvINS_7storage11fp64_e11m52ELNS0_15arithmetic_kindE3ELNS0_11access_kindE2ELi4EEEvPKNSt11conditionalIXltsrT_10total_bitsLi8EEhNS2_5codecIS7_E12storage_typeEE4typeESE_mmmPd' for 'sm_90'
ptxas info    : Function properties for _ZN3aut17precision_packing4gemvINS_7storage11fp64_e11m52ELNS0_15arithmetic_kindE3ELNS0_11access_kindE2ELi4EEEvPKNSt11conditionalIXltsrT_10total_bitsLi8EEhNS2_5codecIS7_E12storage_typeEE4typeESE_mmmPd
    0 bytes stack frame, 0 bytes spill stores, 0 bytes spill loads
ptxas info    : Used 32 registers, used 1 barriers, 2048 bytes smem
ptxas info    : Compile time = 4.182 ms
ptxas info    : Compiling entry function '_ZN3aut17precision_packing4gemvINS_7storage11fp64_e11m52ELNS0_15arithmetic_kindE3ELNS0_11access_kindE1ELi4EEEvPKNSt11conditionalIXltsrT_10total_bitsLi8EEhNS2_5codecIS7_E12storage_typeEE4typeESE_mmmPd' for 'sm_90'
ptxas info    : Function properties for _ZN3aut17precision_packing4gemvINS_7storage11fp64_e11m52ELNS0_15arithmetic_kindE3ELNS0_11access_kindE1ELi4EEEvPKNSt11conditionalIXltsrT_10total_bitsLi8EEhNS2_5codecIS7_E12storage_typeEE4typeESE_mmmPd
    0 bytes stack frame, 0 bytes spill stores, 0 bytes spill loads
ptxas info    : Used 32 registers, used 1 barriers, 2048 bytes smem
ptxas info    : Compile time = 4.215 ms
ptxas info    : Compiling entry function '_ZN3aut17precision_packing4gemvINS_7storage11fp64_e11m52ELNS0_15arithmetic_kindE3ELNS0_11access_kindE2ELi2EEEvPKNSt11conditionalIXltsrT_10total_bitsLi8EEhNS2_5codecIS7_E12storage_typeEE4typeESE_mmmPd' for 'sm_90'
ptxas info    : Function properties for _ZN3aut17precision_packing4gemvINS_7storage11fp64_e11m52ELNS0_15arithmetic_kindE3ELNS0_11access_kindE2ELi2EEEvPKNSt11conditionalIXltsrT_10total_bitsLi8EEhNS2_5codecIS7_E12storage_typeEE4typeESE_mmmPd
    0 bytes stack frame, 0 bytes spill stores, 0 bytes spill loads
ptxas info    : Used 21 registers, used 1 barriers, 2048 bytes smem
ptxas info    : Compile time = 3.964 ms
ptxas info    : Compiling entry function '_ZN3aut17precision_packing4gemvINS_7storage11fp64_e11m52ELNS0_15arithmetic_kindE3ELNS0_11access_kindE1ELi2EEEvPKNSt11conditionalIXltsrT_10total_bitsLi8EEhNS2_5codecIS7_E12storage_typeEE4typeESE_mmmPd' for 'sm_90'
ptxas info    : Function properties for _ZN3aut17precision_packing4gemvINS_7storage11fp64_e11m52ELNS0_15arithmetic_kindE3ELNS0_11access_kindE1ELi2EEEvPKNSt11conditionalIXltsrT_10total_bitsLi8EEhNS2_5codecIS7_E12storage_typeEE4typeESE_mmmPd
    0 bytes stack frame, 0 bytes spill stores, 0 bytes spill loads
ptxas info    : Used 25 registers, used 1 barriers, 2048 bytes smem
ptxas info    : Compile time = 3.989 ms
ptxas info    : Compiling entry function '_ZN3aut17precision_packing4gemvINS_7storage11fp64_e11m52ELNS0_15arithmetic_kindE3ELNS0_11access_kindE0ELi1EEEvPKNSt11conditionalIXltsrT_10total_bitsLi8EEhNS2_5codecIS7_E12storage_typeEE4typeESE_mmmPd' for 'sm_90'
ptxas info    : Function properties for _ZN3aut17precision_packing4gemvINS_7storage11fp64_e11m52ELNS0_15arithmetic_kindE3ELNS0_11access_kindE0ELi1EEEvPKNSt11conditionalIXltsrT_10total_bitsLi8EEhNS2_5codecIS7_E12storage_typeEE4typeESE_mmmPd
    0 bytes stack frame, 0 bytes spill stores, 0 bytes spill loads
ptxas info    : Used 21 registers, used 1 barriers, 2048 bytes smem
ptxas info    : Compile time = 3.740 ms
ptxas info    : Compiling entry function '_ZN3aut17precision_packing7dot_mapINS_7storage11fp64_e11m52ELNS0_15arithmetic_kindE3ELNS0_11access_kindE2ELi8EEEvPKNSt11conditionalIXltsrT_10total_bitsLi8EEhNS2_5codecIS7_E12storage_typeEE4typeESE_mPNS0_10arithmeticIXT0_EE4typeE' for 'sm_90'
ptxas info    : Function properties for _ZN3aut17precision_packing7dot_mapINS_7storage11fp64_e11m52ELNS0_15arithmetic_kindE3ELNS0_11access_kindE2ELi8EEEvPKNSt11conditionalIXltsrT_10total_bitsLi8EEhNS2_5codecIS7_E12storage_typeEE4typeESE_mPNS0_10arithmeticIXT0_EE4typeE
    0 bytes stack frame, 0 bytes spill stores, 0 bytes spill loads
ptxas info    : Used 44 registers, used 1 barriers, 2048 bytes smem
ptxas info    : Compile time = 4.495 ms
ptxas info    : Compiling entry function '_ZN3aut17precision_packing7dot_mapINS_7storage11fp64_e11m52ELNS0_15arithmetic_kindE3ELNS0_11access_kindE1ELi8EEEvPKNSt11conditionalIXltsrT_10total_bitsLi8EEhNS2_5codecIS7_E12storage_typeEE4typeESE_mPNS0_10arithmeticIXT0_EE4typeE' for 'sm_90'
ptxas info    : Function properties for _ZN3aut17precision_packing7dot_mapINS_7storage11fp64_e11m52ELNS0_15arithmetic_kindE3ELNS0_11access_kindE1ELi8EEEvPKNSt11conditionalIXltsrT_10total_bitsLi8EEhNS2_5codecIS7_E12storage_typeEE4typeESE_mPNS0_10arithmeticIXT0_EE4typeE
    0 bytes stack frame, 0 bytes spill stores, 0 bytes spill loads
ptxas info    : Used 40 registers, used 1 barriers, 2048 bytes smem
ptxas info    : Compile time = 4.553 ms
ptxas info    : Compiling entry function '_ZN3aut17precision_packing7dot_mapINS_7storage11fp64_e11m52ELNS0_15arithmetic_kindE3ELNS0_11access_kindE2ELi4EEEvPKNSt11conditionalIXltsrT_10total_bitsLi8EEhNS2_5codecIS7_E12storage_typeEE4typeESE_mPNS0_10arithmeticIXT0_EE4typeE' for 'sm_90'
ptxas info    : Function properties for _ZN3aut17precision_packing7dot_mapINS_7storage11fp64_e11m52ELNS0_15arithmetic_kindE3ELNS0_11access_kindE2ELi4EEEvPKNSt11conditionalIXltsrT_10total_bitsLi8EEhNS2_5codecIS7_E12storage_typeEE4typeESE_mPNS0_10arithmeticIXT0_EE4typeE
    0 bytes stack frame, 0 bytes spill stores, 0 bytes spill loads
ptxas info    : Used 38 registers, used 1 barriers, 2048 bytes smem
ptxas info    : Compile time = 4.027 ms
ptxas info    : Compiling entry function '_ZN3aut17precision_packing7dot_mapINS_7storage11fp64_e11m52ELNS0_15arithmetic_kindE3ELNS0_11access_kindE1ELi4EEEvPKNSt11conditionalIXltsrT_10total_bitsLi8EEhNS2_5codecIS7_E12storage_typeEE4typeESE_mPNS0_10arithmeticIXT0_EE4typeE' for 'sm_90'
ptxas info    : Function properties for _ZN3aut17precision_packing7dot_mapINS_7storage11fp64_e11m52ELNS0_15arithmetic_kindE3ELNS0_11access_kindE1ELi4EEEvPKNSt11conditionalIXltsrT_10total_bitsLi8EEhNS2_5codecIS7_E12storage_typeEE4typeESE_mPNS0_10arithmeticIXT0_EE4typeE
    0 bytes stack frame, 0 bytes spill stores, 0 bytes spill loads
ptxas info    : Used 32 registers, used 1 barriers, 2048 bytes smem
ptxas info    : Compile time = 3.978 ms
ptxas info    : Compiling entry function '_ZN3aut17precision_packing7dot_mapINS_7storage11fp64_e11m52ELNS0_15arithmetic_kindE3ELNS0_11access_kindE2ELi2EEEvPKNSt11conditionalIXltsrT_10total_bitsLi8EEhNS2_5codecIS7_E12storage_typeEE4typeESE_mPNS0_10arithmeticIXT0_EE4typeE' for 'sm_90'
ptxas info    : Function properties for _ZN3aut17precision_packing7dot_mapINS_7storage11fp64_e11m52ELNS0_15arithmetic_kindE3ELNS0_11access_kindE2ELi2EEEvPKNSt11conditionalIXltsrT_10total_bitsLi8EEhNS2_5codecIS7_E12storage_typeEE4typeESE_mPNS0_10arithmeticIXT0_EE4typeE
    0 bytes stack frame, 0 bytes spill stores, 0 bytes spill loads
ptxas info    : Used 26 registers, used 1 barriers, 2048 bytes smem
ptxas info    : Compile time = 3.731 ms
ptxas info    : Compiling entry function '_ZN3aut17precision_packing7dot_mapINS_7storage11fp64_e11m52ELNS0_15arithmetic_kindE3ELNS0_11access_kindE1ELi2EEEvPKNSt11conditionalIXltsrT_10total_bitsLi8EEhNS2_5codecIS7_E12storage_typeEE4typeESE_mPNS0_10arithmeticIXT0_EE4typeE' for 'sm_90'
ptxas info    : Function properties for _ZN3aut17precision_packing7dot_mapINS_7storage11fp64_e11m52ELNS0_15arithmetic_kindE3ELNS0_11access_kindE1ELi2EEEvPKNSt11conditionalIXltsrT_10total_bitsLi8EEhNS2_5codecIS7_E12storage_typeEE4typeESE_mPNS0_10arithmeticIXT0_EE4typeE
    0 bytes stack frame, 0 bytes spill stores, 0 bytes spill loads
ptxas info    : Used 30 registers, used 1 barriers, 2048 bytes smem
ptxas info    : Compile time = 3.759 ms
ptxas info    : Compiling entry function '_ZN3aut17precision_packing12dot_finalizeILNS0_15arithmetic_kindE3EEEvPKNS0_10arithmeticIXT_EE4typeEmPd' for 'sm_90'
ptxas info    : Function properties for _ZN3aut17precision_packing12dot_finalizeILNS0_15arithmetic_kindE3EEEvPKNS0_10arithmeticIXT_EE4typeEmPd
    0 bytes stack frame, 0 bytes spill stores, 0 bytes spill loads
ptxas info    : Used 14 registers, used 1 barriers, 2048 bytes smem
ptxas info    : Compile time = 2.624 ms
ptxas info    : Compiling entry function '_ZN3aut17precision_packing7dot_mapINS_7storage11fp64_e11m52ELNS0_15arithmetic_kindE3ELNS0_11access_kindE0ELi1EEEvPKNSt11conditionalIXltsrT_10total_bitsLi8EEhNS2_5codecIS7_E12storage_typeEE4typeESE_mPNS0_10arithmeticIXT0_EE4typeE' for 'sm_90'
ptxas info    : Function properties for _ZN3aut17precision_packing7dot_mapINS_7storage11fp64_e11m52ELNS0_15arithmetic_kindE3ELNS0_11access_kindE0ELi1EEEvPKNSt11conditionalIXltsrT_10total_bitsLi8EEhNS2_5codecIS7_E12storage_typeEE4typeESE_mPNS0_10arithmeticIXT0_EE4typeE
    0 bytes stack frame, 0 bytes spill stores, 0 bytes spill loads
ptxas info    : Used 22 registers, used 1 barriers, 2048 bytes smem
ptxas info    : Compile time = 3.523 ms
ptxas info    : Compiling entry function '_ZN3aut17precision_packing13encode_valuesINS_7storage11fp64_e11m52EEEvPKdPNSt11conditionalIXltsrT_10total_bitsLi8EEhNS2_5codecIS7_E12storage_typeEE4typeEm' for 'sm_90'
ptxas info    : Function properties for _ZN3aut17precision_packing13encode_valuesINS_7storage11fp64_e11m52EEEvPKdPNSt11conditionalIXltsrT_10total_bitsLi8EEhNS2_5codecIS7_E12storage_typeEE4typeEm
    0 bytes stack frame, 0 bytes spill stores, 0 bytes spill loads
ptxas info    : Used 12 registers, used 0 barriers
ptxas info    : Compile time = 1.438 ms
[100%] Linking CUDA executable bin/precision_packing_bench_fp64
[100%] Built target precision_packing_bench_fp64
All precision-packing CUDA targets compiled successfully.
