-- Configuring done (0.1s)
-- Generating done (0.5s)
-- Build files have been written to: /storage/home/timofeirusanov/accessor_universal_test/build-h200
[ 50%] Building CUDA object CMakeFiles/all_format_strategy_bench.dir/src/all_format_strategy_bench.cu.o
/storage/home/timofeirusanov/accessor_universal_test/src/all_format_strategy_bench.cu(431): warning #186-D: pointless comparison of unsigned integer with zero
      for (std::uint32_t raw = 0; raw < full_count; ++raw) {
                                      ^
          detected during:
            instantiation of "<unnamed>::format_tables<Format>::format_tables() [with Format=aut::storage::e1m30]" at line 1086
            instantiation of "void <unnamed>::run_format<Format>(const <unnamed>::options &, const <unnamed>::device_info &, <unnamed>::source_buffers &, <unnamed>::random_generator &, <unnamed>::sample_output &, <unnamed>::event_timer &, std::size_t, std::size_t, std::size_t) [with Format=aut::storage::e1m30]" at line 1179
            instantiation of "void <unnamed>::dispatch_format(const std::string &, Callback &) [with Callback=lambda [](auto)->auto]" at line 1223

Remark: The warnings can be suppressed with "-diag-suppress <warning-number>"

/storage/home/timofeirusanov/accessor_universal_test/src/all_format_strategy_bench.cu(436): warning #186-D: pointless comparison of unsigned integer with zero
      for (std::uint32_t fraction = 0; fraction < subnormal_count; ++fraction) {
                                                ^
          detected during:
            instantiation of "<unnamed>::format_tables<Format>::format_tables() [with Format=aut::storage::e1m30]" at line 1086
            instantiation of "void <unnamed>::run_format<Format>(const <unnamed>::options &, const <unnamed>::device_info &, <unnamed>::source_buffers &, <unnamed>::random_generator &, <unnamed>::sample_output &, <unnamed>::event_timer &, std::size_t, std::size_t, std::size_t) [with Format=aut::storage::e1m30]" at line 1179
            instantiation of "void <unnamed>::dispatch_format(const std::string &, Callback &) [with Callback=lambda [](auto)->auto]" at line 1223

/storage/home/timofeirusanov/accessor_universal_test/src/all_format_strategy_bench.cu(431): warning #186-D: pointless comparison of unsigned integer with zero
      for (std::uint32_t raw = 0; raw < full_count; ++raw) {
                                      ^
          detected during:
            instantiation of "<unnamed>::format_tables<Format>::format_tables() [with Format=aut::storage::e2m29]" at line 1086
            instantiation of "void <unnamed>::run_format<Format>(const <unnamed>::options &, const <unnamed>::device_info &, <unnamed>::source_buffers &, <unnamed>::random_generator &, <unnamed>::sample_output &, <unnamed>::event_timer &, std::size_t, std::size_t, std::size_t) [with Format=aut::storage::e2m29]" at line 1180
            instantiation of "void <unnamed>::dispatch_format(const std::string &, Callback &) [with Callback=lambda [](auto)->auto]" at line 1223

/storage/home/timofeirusanov/accessor_universal_test/src/all_format_strategy_bench.cu(436): warning #186-D: pointless comparison of unsigned integer with zero
      for (std::uint32_t fraction = 0; fraction < subnormal_count; ++fraction) {
                                                ^
          detected during:
            instantiation of "<unnamed>::format_tables<Format>::format_tables() [with Format=aut::storage::e2m29]" at line 1086
            instantiation of "void <unnamed>::run_format<Format>(const <unnamed>::options &, const <unnamed>::device_info &, <unnamed>::source_buffers &, <unnamed>::random_generator &, <unnamed>::sample_output &, <unnamed>::event_timer &, std::size_t, std::size_t, std::size_t) [with Format=aut::storage::e2m29]" at line 1180
            instantiation of "void <unnamed>::dispatch_format(const std::string &, Callback &) [with Callback=lambda [](auto)->auto]" at line 1223

/storage/home/timofeirusanov/accessor_universal_test/src/all_format_strategy_bench.cu(431): warning #186-D: pointless comparison of unsigned integer with zero
      for (std::uint32_t raw = 0; raw < full_count; ++raw) {
                                      ^
          detected during:
            instantiation of "<unnamed>::format_tables<Format>::format_tables() [with Format=aut::storage::e3m28]" at line 1086
            instantiation of "void <unnamed>::run_format<Format>(const <unnamed>::options &, const <unnamed>::device_info &, <unnamed>::source_buffers &, <unnamed>::random_generator &, <unnamed>::sample_output &, <unnamed>::event_timer &, std::size_t, std::size_t, std::size_t) [with Format=aut::storage::e3m28]" at line 1181
            instantiation of "void <unnamed>::dispatch_format(const std::string &, Callback &) [with Callback=lambda [](auto)->auto]" at line 1223

/storage/home/timofeirusanov/accessor_universal_test/src/all_format_strategy_bench.cu(436): warning #186-D: pointless comparison of unsigned integer with zero
      for (std::uint32_t fraction = 0; fraction < subnormal_count; ++fraction) {
                                                ^
          detected during:
            instantiation of "<unnamed>::format_tables<Format>::format_tables() [with Format=aut::storage::e3m28]" at line 1086
            instantiation of "void <unnamed>::run_format<Format>(const <unnamed>::options &, const <unnamed>::device_info &, <unnamed>::source_buffers &, <unnamed>::random_generator &, <unnamed>::sample_output &, <unnamed>::event_timer &, std::size_t, std::size_t, std::size_t) [with Format=aut::storage::e3m28]" at line 1181
            instantiation of "void <unnamed>::dispatch_format(const std::string &, Callback &) [with Callback=lambda [](auto)->auto]" at line 1223

/storage/home/timofeirusanov/accessor_universal_test/src/all_format_strategy_bench.cu(431): warning #186-D: pointless comparison of unsigned integer with zero
      for (std::uint32_t raw = 0; raw < full_count; ++raw) {
                                      ^
          detected during:
            instantiation of "<unnamed>::format_tables<Format>::format_tables() [with Format=aut::storage::fp32_e8m23]" at line 1086
            instantiation of "void <unnamed>::run_format<Format>(const <unnamed>::options &, const <unnamed>::device_info &, <unnamed>::source_buffers &, <unnamed>::random_generator &, <unnamed>::sample_output &, <unnamed>::event_timer &, std::size_t, std::size_t, std::size_t) [with Format=aut::storage::fp32_e8m23]" at line 1182
            instantiation of "void <unnamed>::dispatch_format(const std::string &, Callback &) [with Callback=lambda [](auto)->auto]" at line 1223

/storage/home/timofeirusanov/accessor_universal_test/src/all_format_strategy_bench.cu(436): warning #186-D: pointless comparison of unsigned integer with zero
      for (std::uint32_t fraction = 0; fraction < subnormal_count; ++fraction) {
                                                ^
          detected during:
            instantiation of "<unnamed>::format_tables<Format>::format_tables() [with Format=aut::storage::fp32_e8m23]" at line 1086
            instantiation of "void <unnamed>::run_format<Format>(const <unnamed>::options &, const <unnamed>::device_info &, <unnamed>::source_buffers &, <unnamed>::random_generator &, <unnamed>::sample_output &, <unnamed>::event_timer &, std::size_t, std::size_t, std::size_t) [with Format=aut::storage::fp32_e8m23]" at line 1182
            instantiation of "void <unnamed>::dispatch_format(const std::string &, Callback &) [with Callback=lambda [](auto)->auto]" at line 1223

/storage/home/timofeirusanov/accessor_universal_test/src/all_format_strategy_bench.cu(431): warning #186-D: pointless comparison of unsigned integer with zero
      for (std::uint32_t raw = 0; raw < full_count; ++raw) {
                                      ^
          detected during:
            instantiation of "<unnamed>::format_tables<Format>::format_tables() [with Format=aut::storage::e11m20]" at line 1086
            instantiation of "void <unnamed>::run_format<Format>(const <unnamed>::options &, const <unnamed>::device_info &, <unnamed>::source_buffers &, <unnamed>::random_generator &, <unnamed>::sample_output &, <unnamed>::event_timer &, std::size_t, std::size_t, std::size_t) [with Format=aut::storage::e11m20]" at line 1183
            instantiation of "void <unnamed>::dispatch_format(const std::string &, Callback &) [with Callback=lambda [](auto)->auto]" at line 1223

/storage/home/timofeirusanov/accessor_universal_test/src/all_format_strategy_bench.cu(436): warning #186-D: pointless comparison of unsigned integer with zero
      for (std::uint32_t fraction = 0; fraction < subnormal_count; ++fraction) {
                                                ^
          detected during:
            instantiation of "<unnamed>::format_tables<Format>::format_tables() [with Format=aut::storage::e11m20]" at line 1086
            instantiation of "void <unnamed>::run_format<Format>(const <unnamed>::options &, const <unnamed>::device_info &, <unnamed>::source_buffers &, <unnamed>::random_generator &, <unnamed>::sample_output &, <unnamed>::event_timer &, std::size_t, std::size_t, std::size_t) [with Format=aut::storage::e11m20]" at line 1183
            instantiation of "void <unnamed>::dispatch_format(const std::string &, Callback &) [with Callback=lambda [](auto)->auto]" at line 1223

ptxas info    : 29 bytes gmem
ptxas info    : Compiling entry function '_ZN61_GLOBAL__N__25c6ba74_28_all_format_strategy_bench_cu_af2961a120encode_values_kernelIN3aut7storage6e11m20EEEvPKdPNS2_5codecIT_E12storage_typeEm' for 'sm_90'
ptxas info    : Function properties for _ZN61_GLOBAL__N__25c6ba74_28_all_format_strategy_bench_cu_af2961a120encode_values_kernelIN3aut7storage6e11m20EEEvPKdPNS2_5codecIT_E12storage_typeEm
    0 bytes stack frame, 0 bytes spill stores, 0 bytes spill loads
ptxas info    : Used 14 registers, used 0 barriers
ptxas info    : Compile time = 50.736 ms
ptxas info    : Compiling entry function '_ZN61_GLOBAL__N__25c6ba74_28_all_format_strategy_bench_cu_af2961a120encode_values_kernelIN3aut7storage10fp32_e8m23EEEvPKdPNS2_5codecIT_E12storage_typeEm' for 'sm_90'
ptxas info    : Function properties for _ZN61_GLOBAL__N__25c6ba74_28_all_format_strategy_bench_cu_af2961a120encode_values_kernelIN3aut7storage10fp32_e8m23EEEvPKdPNS2_5codecIT_E12storage_typeEm
    0 bytes stack frame, 0 bytes spill stores, 0 bytes spill loads
ptxas info    : Used 14 registers, used 0 barriers
ptxas info    : Compile time = 2.426 ms
ptxas info    : Compiling entry function '_ZN61_GLOBAL__N__25c6ba74_28_all_format_strategy_bench_cu_af2961a120encode_values_kernelIN3aut7storage5e3m28EEEvPKdPNS2_5codecIT_E12storage_typeEm' for 'sm_90'
ptxas info    : Function properties for _ZN61_GLOBAL__N__25c6ba74_28_all_format_strategy_bench_cu_af2961a120encode_values_kernelIN3aut7storage5e3m28EEEvPKdPNS2_5codecIT_E12storage_typeEm
    0 bytes stack frame, 0 bytes spill stores, 0 bytes spill loads
ptxas info    : Used 20 registers, used 0 barriers
ptxas info    : Compile time = 3.910 ms
ptxas info    : Compiling entry function '_ZN61_GLOBAL__N__25c6ba74_28_all_format_strategy_bench_cu_af2961a120encode_values_kernelIN3aut7storage5e2m29EEEvPKdPNS2_5codecIT_E12storage_typeEm' for 'sm_90'
ptxas info    : Function properties for _ZN61_GLOBAL__N__25c6ba74_28_all_format_strategy_bench_cu_af2961a120encode_values_kernelIN3aut7storage5e2m29EEEvPKdPNS2_5codecIT_E12storage_typeEm
    0 bytes stack frame, 0 bytes spill stores, 0 bytes spill loads
ptxas info    : Used 20 registers, used 0 barriers
ptxas info    : Compile time = 3.748 ms
ptxas info    : Compiling entry function '_ZN61_GLOBAL__N__25c6ba74_28_all_format_strategy_bench_cu_af2961a120encode_values_kernelIN3aut7storage5e1m30EEEvPKdPNS2_5codecIT_E12storage_typeEm' for 'sm_90'
ptxas info    : Function properties for _ZN61_GLOBAL__N__25c6ba74_28_all_format_strategy_bench_cu_af2961a120encode_values_kernelIN3aut7storage5e1m30EEEvPKdPNS2_5codecIT_E12storage_typeEm
    0 bytes stack frame, 0 bytes spill stores, 0 bytes spill loads
ptxas info    : Used 20 registers, used 0 barriers
ptxas info    : Compile time = 3.530 ms
ptxas info    : Compiling entry function '_ZN61_GLOBAL__N__25c6ba74_28_all_format_strategy_bench_cu_af2961a120encode_values_kernelIN3aut7storage5e11m4EEEvPKdPNS2_5codecIT_E12storage_typeEm' for 'sm_90'
ptxas info    : Function properties for _ZN61_GLOBAL__N__25c6ba74_28_all_format_strategy_bench_cu_af2961a120encode_values_kernelIN3aut7storage5e11m4EEEvPKdPNS2_5codecIT_E12storage_typeEm
    0 bytes stack frame, 0 bytes spill stores, 0 bytes spill loads
ptxas info    : Used 12 registers, used 0 barriers
ptxas info    : Compile time = 2.114 ms
ptxas info    : Compiling entry function '_ZN61_GLOBAL__N__25c6ba74_28_all_format_strategy_bench_cu_af2961a120encode_values_kernelIN3aut7storage9bf16_e8m7EEEvPKdPNS2_5codecIT_E12storage_typeEm' for 'sm_90'
ptxas info    : Function properties for _ZN61_GLOBAL__N__25c6ba74_28_all_format_strategy_bench_cu_af2961a120encode_values_kernelIN3aut7storage9bf16_e8m7EEEvPKdPNS2_5codecIT_E12storage_typeEm
    0 bytes stack frame, 0 bytes spill stores, 0 bytes spill loads
ptxas info    : Used 14 registers, used 0 barriers
ptxas info    : Compile time = 1.554 ms
ptxas info    : Compiling entry function '_ZN61_GLOBAL__N__25c6ba74_28_all_format_strategy_bench_cu_af2961a120encode_values_kernelIN3aut7storage10fp16_e5m10EEEvPKdPNS2_5codecIT_E12storage_typeEm' for 'sm_90'
ptxas info    : Function properties for _ZN61_GLOBAL__N__25c6ba74_28_all_format_strategy_bench_cu_af2961a120encode_values_kernelIN3aut7storage10fp16_e5m10EEEvPKdPNS2_5codecIT_E12storage_typeEm
    0 bytes stack frame, 0 bytes spill stores, 0 bytes spill loads
ptxas info    : Used 14 registers, used 0 barriers
ptxas info    : Compile time = 1.502 ms
ptxas info    : Compiling entry function '_ZN61_GLOBAL__N__25c6ba74_28_all_format_strategy_bench_cu_af2961a120encode_values_kernelIN3aut7storage5e3m12EEEvPKdPNS2_5codecIT_E12storage_typeEm' for 'sm_90'
ptxas info    : Function properties for _ZN61_GLOBAL__N__25c6ba74_28_all_format_strategy_bench_cu_af2961a120encode_values_kernelIN3aut7storage5e3m12EEEvPKdPNS2_5codecIT_E12storage_typeEm
    0 bytes stack frame, 0 bytes spill stores, 0 bytes spill loads
ptxas info    : Used 20 registers, used 0 barriers
ptxas info    : Compile time = 3.624 ms
ptxas info    : Compiling entry function '_ZN61_GLOBAL__N__25c6ba74_28_all_format_strategy_bench_cu_af2961a120encode_values_kernelIN3aut7storage5e2m13EEEvPKdPNS2_5codecIT_E12storage_typeEm' for 'sm_90'
ptxas info    : Function properties for _ZN61_GLOBAL__N__25c6ba74_28_all_format_strategy_bench_cu_af2961a120encode_values_kernelIN3aut7storage5e2m13EEEvPKdPNS2_5codecIT_E12storage_typeEm
    0 bytes stack frame, 0 bytes spill stores, 0 bytes spill loads
ptxas info    : Used 20 registers, used 0 barriers
ptxas info    : Compile time = 3.632 ms
ptxas info    : Compiling entry function '_ZN61_GLOBAL__N__25c6ba74_28_all_format_strategy_bench_cu_af2961a120encode_values_kernelIN3aut7storage5e1m14EEEvPKdPNS2_5codecIT_E12storage_typeEm' for 'sm_90'
ptxas info    : Function properties for _ZN61_GLOBAL__N__25c6ba74_28_all_format_strategy_bench_cu_af2961a120encode_values_kernelIN3aut7storage5e1m14EEEvPKdPNS2_5codecIT_E12storage_typeEm
    0 bytes stack frame, 0 bytes spill stores, 0 bytes spill loads
ptxas info    : Used 18 registers, used 0 barriers
ptxas info    : Compile time = 3.556 ms
ptxas info    : Compiling entry function '_ZN61_GLOBAL__N__25c6ba74_28_all_format_strategy_bench_cu_af2961a120encode_values_kernelIN3aut7storage8fp8_e5m2EEEvPKdPNS2_5codecIT_E12storage_typeEm' for 'sm_90'
ptxas info    : Function properties for _ZN61_GLOBAL__N__25c6ba74_28_all_format_strategy_bench_cu_af2961a120encode_values_kernelIN3aut7storage8fp8_e5m2EEEvPKdPNS2_5codecIT_E12storage_typeEm
    0 bytes stack frame, 0 bytes spill stores, 0 bytes spill loads
ptxas info    : Used 16 registers, used 0 barriers
ptxas info    : Compile time = 2.935 ms
ptxas info    : Compiling entry function '_ZN61_GLOBAL__N__25c6ba74_28_all_format_strategy_bench_cu_af2961a120encode_values_kernelIN3aut7storage8fp8_e4m3EEEvPKdPNS2_5codecIT_E12storage_typeEm' for 'sm_90'
ptxas info    : Function properties for _ZN61_GLOBAL__N__25c6ba74_28_all_format_strategy_bench_cu_af2961a120encode_values_kernelIN3aut7storage8fp8_e4m3EEEvPKdPNS2_5codecIT_E12storage_typeEm
    0 bytes stack frame, 0 bytes spill stores, 0 bytes spill loads
ptxas info    : Used 16 registers, used 0 barriers
ptxas info    : Compile time = 2.881 ms
ptxas info    : Compiling entry function '_ZN61_GLOBAL__N__25c6ba74_28_all_format_strategy_bench_cu_af2961a120encode_values_kernelIN3aut7storage4e1m6EEEvPKdPNS2_5codecIT_E12storage_typeEm' for 'sm_90'
ptxas info    : Function properties for _ZN61_GLOBAL__N__25c6ba74_28_all_format_strategy_bench_cu_af2961a120encode_values_kernelIN3aut7storage4e1m6EEEvPKdPNS2_5codecIT_E12storage_typeEm
    0 bytes stack frame, 0 bytes spill stores, 0 bytes spill loads
ptxas info    : Used 18 registers, used 0 barriers
ptxas info    : Compile time = 3.397 ms
ptxas info    : Compiling entry function '_ZN61_GLOBAL__N__25c6ba74_28_all_format_strategy_bench_cu_af2961a113raw_fp64_gemvEPKdS1_mmmPd' for 'sm_90'
ptxas info    : Function properties for _ZN61_GLOBAL__N__25c6ba74_28_all_format_strategy_bench_cu_af2961a113raw_fp64_gemvEPKdS1_mmmPd
    0 bytes stack frame, 0 bytes spill stores, 0 bytes spill loads
ptxas info    : Used 18 registers, used 1 barriers, 80 bytes smem
ptxas info    : Compile time = 3.557 ms
ptxas info    : Compiling entry function '_ZN61_GLOBAL__N__25c6ba74_28_all_format_strategy_bench_cu_af2961a123raw_fp64_dot_map_reduceEPKdS1_mPd' for 'sm_90'
ptxas info    : Function properties for _ZN61_GLOBAL__N__25c6ba74_28_all_format_strategy_bench_cu_af2961a123raw_fp64_dot_map_reduceEPKdS1_mPd
    0 bytes stack frame, 0 bytes spill stores, 0 bytes spill loads
ptxas info    : Used 18 registers, used 1 barriers, 80 bytes smem
ptxas info    : Compile time = 3.408 ms
ptxas info    : Compiling entry function '_ZN3aut7kernels20storage_dot_finalizeEPKdmPd' for 'sm_90'
ptxas info    : Function properties for _ZN3aut7kernels20storage_dot_finalizeEPKdmPd
    0 bytes stack frame, 0 bytes spill stores, 0 bytes spill loads
ptxas info    : Used 18 registers, used 1 barriers, 80 bytes smem
ptxas info    : Compile time = 2.908 ms
ptxas info    : Compiling entry function '_ZN3aut17format_strategies4gemvINS_7storage6e11m20ENS0_8strategyILNS0_11decode_kindE5ELi8ELNS0_14table_locationE0ELNS0_11unpack_kindE0EEEEEvPKNS2_5codecIT_E12storage_typeESE_mmmNS0_12table_bundleEPd' for 'sm_90'
ptxas info    : Function properties for _ZN3aut17format_strategies4gemvINS_7storage6e11m20ENS0_8strategyILNS0_11decode_kindE5ELi8ELNS0_14table_locationE0ELNS0_11unpack_kindE0EEEEEvPKNS2_5codecIT_E12storage_typeESE_mmmNS0_12table_bundleEPd
    0 bytes stack frame, 0 bytes spill stores, 0 bytes spill loads
ptxas info    : Used 42 registers, used 1 barriers, 80 bytes smem
ptxas info    : Compile time = 5.278 ms
ptxas info    : Compiling entry function '_ZN3aut17format_strategies4gemvINS_7storage6e11m20ENS0_8strategyILNS0_11decode_kindE5ELi4ELNS0_14table_locationE0ELNS0_11unpack_kindE0EEEEEvPKNS2_5codecIT_E12storage_typeESE_mmmNS0_12table_bundleEPd' for 'sm_90'
ptxas info    : Function properties for _ZN3aut17format_strategies4gemvINS_7storage6e11m20ENS0_8strategyILNS0_11decode_kindE5ELi4ELNS0_14table_locationE0ELNS0_11unpack_kindE0EEEEEvPKNS2_5codecIT_E12storage_typeESE_mmmNS0_12table_bundleEPd
    0 bytes stack frame, 0 bytes spill stores, 0 bytes spill loads
ptxas info    : Used 28 registers, used 1 barriers, 80 bytes smem
ptxas info    : Compile time = 4.703 ms
ptxas info    : Compiling entry function '_ZN3aut17format_strategies4gemvINS_7storage6e11m20ENS0_8strategyILNS0_11decode_kindE5ELi2ELNS0_14table_locationE0ELNS0_11unpack_kindE0EEEEEvPKNS2_5codecIT_E12storage_typeESE_mmmNS0_12table_bundleEPd' for 'sm_90'
ptxas info    : Function properties for _ZN3aut17format_strategies4gemvINS_7storage6e11m20ENS0_8strategyILNS0_11decode_kindE5ELi2ELNS0_14table_locationE0ELNS0_11unpack_kindE0EEEEEvPKNS2_5codecIT_E12storage_typeESE_mmmNS0_12table_bundleEPd
    0 bytes stack frame, 0 bytes spill stores, 0 bytes spill loads
ptxas info    : Used 22 registers, used 1 barriers, 80 bytes smem
ptxas info    : Compile time = 4.481 ms
ptxas info    : Compiling entry function '_ZN3aut17format_strategies4gemvINS_7storage6e11m20ENS0_8strategyILNS0_11decode_kindE5ELi1ELNS0_14table_locationE0ELNS0_11unpack_kindE0EEEEEvPKNS2_5codecIT_E12storage_typeESE_mmmNS0_12table_bundleEPd' for 'sm_90'
ptxas info    : Function properties for _ZN3aut17format_strategies4gemvINS_7storage6e11m20ENS0_8strategyILNS0_11decode_kindE5ELi1ELNS0_14table_locationE0ELNS0_11unpack_kindE0EEEEEvPKNS2_5codecIT_E12storage_typeESE_mmmNS0_12table_bundleEPd
    0 bytes stack frame, 0 bytes spill stores, 0 bytes spill loads
ptxas info    : Used 21 registers, used 1 barriers, 80 bytes smem
ptxas info    : Compile time = 4.156 ms
ptxas info    : Compiling entry function '_ZN3aut17format_strategies4gemvINS_7storage6e11m20ENS0_8strategyILNS0_11decode_kindE0ELi8ELNS0_14table_locationE0ELNS0_11unpack_kindE0EEEEEvPKNS2_5codecIT_E12storage_typeESE_mmmNS0_12table_bundleEPd' for 'sm_90'
ptxas info    : Function properties for _ZN3aut17format_strategies4gemvINS_7storage6e11m20ENS0_8strategyILNS0_11decode_kindE0ELi8ELNS0_14table_locationE0ELNS0_11unpack_kindE0EEEEEvPKNS2_5codecIT_E12storage_typeESE_mmmNS0_12table_bundleEPd
    0 bytes stack frame, 0 bytes spill stores, 0 bytes spill loads
ptxas info    : Used 42 registers, used 1 barriers, 80 bytes smem
ptxas info    : Compile time = 5.315 ms
ptxas info    : Compiling entry function '_ZN3aut17format_strategies4gemvINS_7storage6e11m20ENS0_8strategyILNS0_11decode_kindE0ELi4ELNS0_14table_locationE0ELNS0_11unpack_kindE0EEEEEvPKNS2_5codecIT_E12storage_typeESE_mmmNS0_12table_bundleEPd' for 'sm_90'
ptxas info    : Function properties for _ZN3aut17format_strategies4gemvINS_7storage6e11m20ENS0_8strategyILNS0_11decode_kindE0ELi4ELNS0_14table_locationE0ELNS0_11unpack_kindE0EEEEEvPKNS2_5codecIT_E12storage_typeESE_mmmNS0_12table_bundleEPd
    0 bytes stack frame, 0 bytes spill stores, 0 bytes spill loads
ptxas info    : Used 28 registers, used 1 barriers, 80 bytes smem
ptxas info    : Compile time = 4.737 ms
ptxas info    : Compiling entry function '_ZN3aut17format_strategies4gemvINS_7storage6e11m20ENS0_8strategyILNS0_11decode_kindE0ELi2ELNS0_14table_locationE0ELNS0_11unpack_kindE0EEEEEvPKNS2_5codecIT_E12storage_typeESE_mmmNS0_12table_bundleEPd' for 'sm_90'
ptxas info    : Function properties for _ZN3aut17format_strategies4gemvINS_7storage6e11m20ENS0_8strategyILNS0_11decode_kindE0ELi2ELNS0_14table_locationE0ELNS0_11unpack_kindE0EEEEEvPKNS2_5codecIT_E12storage_typeESE_mmmNS0_12table_bundleEPd
    0 bytes stack frame, 0 bytes spill stores, 0 bytes spill loads
ptxas info    : Used 22 registers, used 1 barriers, 80 bytes smem
ptxas info    : Compile time = 4.446 ms
ptxas info    : Compiling entry function '_ZN3aut17format_strategies4gemvINS_7storage6e11m20ENS0_8strategyILNS0_11decode_kindE0ELi1ELNS0_14table_locationE0ELNS0_11unpack_kindE0EEEEEvPKNS2_5codecIT_E12storage_typeESE_mmmNS0_12table_bundleEPd' for 'sm_90'
ptxas info    : Function properties for _ZN3aut17format_strategies4gemvINS_7storage6e11m20ENS0_8strategyILNS0_11decode_kindE0ELi1ELNS0_14table_locationE0ELNS0_11unpack_kindE0EEEEEvPKNS2_5codecIT_E12storage_typeESE_mmmNS0_12table_bundleEPd
    0 bytes stack frame, 0 bytes spill stores, 0 bytes spill loads
ptxas info    : Used 21 registers, used 1 barriers, 80 bytes smem
ptxas info    : Compile time = 4.149 ms
ptxas info    : Compiling entry function '_ZN3aut17format_strategies14dot_map_reduceINS_7storage6e11m20ENS0_8strategyILNS0_11decode_kindE5ELi8ELNS0_14table_locationE0ELNS0_11unpack_kindE0EEEEEvPKNS2_5codecIT_E12storage_typeESE_mNS0_12table_bundleEPd' for 'sm_90'
ptxas info    : Function properties for _ZN3aut17format_strategies14dot_map_reduceINS_7storage6e11m20ENS0_8strategyILNS0_11decode_kindE5ELi8ELNS0_14table_locationE0ELNS0_11unpack_kindE0EEEEEvPKNS2_5codecIT_E12storage_typeESE_mNS0_12table_bundleEPd
    0 bytes stack frame, 0 bytes spill stores, 0 bytes spill loads
ptxas info    : Used 42 registers, used 1 barriers, 80 bytes smem
ptxas info    : Compile time = 5.239 ms
ptxas info    : Compiling entry function '_ZN3aut17format_strategies14dot_map_reduceINS_7storage6e11m20ENS0_8strategyILNS0_11decode_kindE5ELi4ELNS0_14table_locationE0ELNS0_11unpack_kindE0EEEEEvPKNS2_5codecIT_E12storage_typeESE_mNS0_12table_bundleEPd' for 'sm_90'
ptxas info    : Function properties for _ZN3aut17format_strategies14dot_map_reduceINS_7storage6e11m20ENS0_8strategyILNS0_11decode_kindE5ELi4ELNS0_14table_locationE0ELNS0_11unpack_kindE0EEEEEvPKNS2_5codecIT_E12storage_typeESE_mNS0_12table_bundleEPd
    0 bytes stack frame, 0 bytes spill stores, 0 bytes spill loads
ptxas info    : Used 29 registers, used 1 barriers, 80 bytes smem
ptxas info    : Compile time = 4.509 ms
ptxas info    : Compiling entry function '_ZN3aut17format_strategies14dot_map_reduceINS_7storage6e11m20ENS0_8strategyILNS0_11decode_kindE5ELi2ELNS0_14table_locationE0ELNS0_11unpack_kindE0EEEEEvPKNS2_5codecIT_E12storage_typeESE_mNS0_12table_bundleEPd' for 'sm_90'
ptxas info    : Function properties for _ZN3aut17format_strategies14dot_map_reduceINS_7storage6e11m20ENS0_8strategyILNS0_11decode_kindE5ELi2ELNS0_14table_locationE0ELNS0_11unpack_kindE0EEEEEvPKNS2_5codecIT_E12storage_typeESE_mNS0_12table_bundleEPd
    0 bytes stack frame, 0 bytes spill stores, 0 bytes spill loads
ptxas info    : Used 24 registers, used 1 barriers, 80 bytes smem
ptxas info    : Compile time = 4.211 ms
ptxas info    : Compiling entry function '_ZN3aut17format_strategies14dot_map_reduceINS_7storage6e11m20ENS0_8strategyILNS0_11decode_kindE5ELi1ELNS0_14table_locationE0ELNS0_11unpack_kindE0EEEEEvPKNS2_5codecIT_E12storage_typeESE_mNS0_12table_bundleEPd' for 'sm_90'
ptxas info    : Function properties for _ZN3aut17format_strategies14dot_map_reduceINS_7storage6e11m20ENS0_8strategyILNS0_11decode_kindE5ELi1ELNS0_14table_locationE0ELNS0_11unpack_kindE0EEEEEvPKNS2_5codecIT_E12storage_typeESE_mNS0_12table_bundleEPd
    0 bytes stack frame, 0 bytes spill stores, 0 bytes spill loads
ptxas info    : Used 22 registers, used 1 barriers, 80 bytes smem
ptxas info    : Compile time = 3.989 ms
ptxas info    : Compiling entry function '_ZN3aut17format_strategies14dot_map_reduceINS_7storage6e11m20ENS0_8strategyILNS0_11decode_kindE0ELi8ELNS0_14table_locationE0ELNS0_11unpack_kindE0EEEEEvPKNS2_5codecIT_E12storage_typeESE_mNS0_12table_bundleEPd' for 'sm_90'
ptxas info    : Function properties for _ZN3aut17format_strategies14dot_map_reduceINS_7storage6e11m20ENS0_8strategyILNS0_11decode_kindE0ELi8ELNS0_14table_locationE0ELNS0_11unpack_kindE0EEEEEvPKNS2_5codecIT_E12storage_typeESE_mNS0_12table_bundleEPd
    0 bytes stack frame, 0 bytes spill stores, 0 bytes spill loads
ptxas info    : Used 42 registers, used 1 barriers, 80 bytes smem
ptxas info    : Compile time = 5.100 ms
ptxas info    : Compiling entry function '_ZN3aut17format_strategies14dot_map_reduceINS_7storage6e11m20ENS0_8strategyILNS0_11decode_kindE0ELi4ELNS0_14table_locationE0ELNS0_11unpack_kindE0EEEEEvPKNS2_5codecIT_E12storage_typeESE_mNS0_12table_bundleEPd' for 'sm_90'
ptxas info    : Function properties for _ZN3aut17format_strategies14dot_map_reduceINS_7storage6e11m20ENS0_8strategyILNS0_11decode_kindE0ELi4ELNS0_14table_locationE0ELNS0_11unpack_kindE0EEEEEvPKNS2_5codecIT_E12storage_typeESE_mNS0_12table_bundleEPd
    0 bytes stack frame, 0 bytes spill stores, 0 bytes spill loads
ptxas info    : Used 29 registers, used 1 barriers, 80 bytes smem
ptxas info    : Compile time = 4.544 ms
ptxas info    : Compiling entry function '_ZN3aut17format_strategies14dot_map_reduceINS_7storage6e11m20ENS0_8strategyILNS0_11decode_kindE0ELi2ELNS0_14table_locationE0ELNS0_11unpack_kindE0EEEEEvPKNS2_5codecIT_E12storage_typeESE_mNS0_12table_bundleEPd' for 'sm_90'
ptxas info    : Function properties for _ZN3aut17format_strategies14dot_map_reduceINS_7storage6e11m20ENS0_8strategyILNS0_11decode_kindE0ELi2ELNS0_14table_locationE0ELNS0_11unpack_kindE0EEEEEvPKNS2_5codecIT_E12storage_typeESE_mNS0_12table_bundleEPd
    0 bytes stack frame, 0 bytes spill stores, 0 bytes spill loads
ptxas info    : Used 24 registers, used 1 barriers, 80 bytes smem
ptxas info    : Compile time = 4.246 ms
ptxas info    : Compiling entry function '_ZN3aut17format_strategies14dot_map_reduceINS_7storage6e11m20ENS0_8strategyILNS0_11decode_kindE0ELi1ELNS0_14table_locationE0ELNS0_11unpack_kindE0EEEEEvPKNS2_5codecIT_E12storage_typeESE_mNS0_12table_bundleEPd' for 'sm_90'
ptxas info    : Function properties for _ZN3aut17format_strategies14dot_map_reduceINS_7storage6e11m20ENS0_8strategyILNS0_11decode_kindE0ELi1ELNS0_14table_locationE0ELNS0_11unpack_kindE0EEEEEvPKNS2_5codecIT_E12storage_typeESE_mNS0_12table_bundleEPd
    0 bytes stack frame, 0 bytes spill stores, 0 bytes spill loads
ptxas info    : Used 22 registers, used 1 barriers, 80 bytes smem
ptxas info    : Compile time = 3.996 ms
ptxas info    : Compiling entry function '_ZN3aut17format_strategies4gemvINS_7storage10fp32_e8m23ENS0_8strategyILNS0_11decode_kindE8ELi8ELNS0_14table_locationE1ELNS0_11unpack_kindE0EEEEEvPKNS2_5codecIT_E12storage_typeESE_mmmNS0_12table_bundleEPd' for 'sm_90'
ptxas info    : Function properties for _ZN3aut17format_strategies4gemvINS_7storage10fp32_e8m23ENS0_8strategyILNS0_11decode_kindE8ELi8ELNS0_14table_locationE1ELNS0_11unpack_kindE0EEEEEvPKNS2_5codecIT_E12storage_typeESE_mmmNS0_12table_bundleEPd
    0 bytes stack frame, 0 bytes spill stores, 0 bytes spill loads
ptxas info    : Used 59 registers, used 1 barriers, 80 bytes smem
ptxas info    : Compile time = 19.699 ms
ptxas info    : Compiling entry function '_ZN3aut17format_strategies4gemvINS_7storage10fp32_e8m23ENS0_8strategyILNS0_11decode_kindE8ELi4ELNS0_14table_locationE1ELNS0_11unpack_kindE0EEEEEvPKNS2_5codecIT_E12storage_typeESE_mmmNS0_12table_bundleEPd' for 'sm_90'
ptxas info    : Function properties for _ZN3aut17format_strategies4gemvINS_7storage10fp32_e8m23ENS0_8strategyILNS0_11decode_kindE8ELi4ELNS0_14table_locationE1ELNS0_11unpack_kindE0EEEEEvPKNS2_5codecIT_E12storage_typeESE_mmmNS0_12table_bundleEPd
    0 bytes stack frame, 0 bytes spill stores, 0 bytes spill loads
ptxas info    : Used 37 registers, used 1 barriers, 80 bytes smem
ptxas info    : Compile time = 11.731 ms
ptxas info    : Compiling entry function '_ZN3aut17format_strategies4gemvINS_7storage10fp32_e8m23ENS0_8strategyILNS0_11decode_kindE8ELi8ELNS0_14table_locationE0ELNS0_11unpack_kindE0EEEEEvPKNS2_5codecIT_E12storage_typeESE_mmmNS0_12table_bundleEPd' for 'sm_90'
ptxas info    : Function properties for _ZN3aut17format_strategies4gemvINS_7storage10fp32_e8m23ENS0_8strategyILNS0_11decode_kindE8ELi8ELNS0_14table_locationE0ELNS0_11unpack_kindE0EEEEEvPKNS2_5codecIT_E12storage_typeESE_mmmNS0_12table_bundleEPd
    0 bytes stack frame, 0 bytes spill stores, 0 bytes spill loads
ptxas info    : Used 64 registers, used 1 barriers, 80 bytes smem
ptxas info    : Compile time = 17.478 ms
ptxas info    : Compiling entry function '_ZN3aut17format_strategies4gemvINS_7storage10fp32_e8m23ENS0_8strategyILNS0_11decode_kindE8ELi4ELNS0_14table_locationE0ELNS0_11unpack_kindE0EEEEEvPKNS2_5codecIT_E12storage_typeESE_mmmNS0_12table_bundleEPd' for 'sm_90'
ptxas info    : Function properties for _ZN3aut17format_strategies4gemvINS_7storage10fp32_e8m23ENS0_8strategyILNS0_11decode_kindE8ELi4ELNS0_14table_locationE0ELNS0_11unpack_kindE0EEEEEvPKNS2_5codecIT_E12storage_typeESE_mmmNS0_12table_bundleEPd
    0 bytes stack frame, 0 bytes spill stores, 0 bytes spill loads
ptxas info    : Used 40 registers, used 1 barriers, 80 bytes smem
ptxas info    : Compile time = 11.107 ms
ptxas info    : Compiling entry function '_ZN3aut17format_strategies4gemvINS_7storage10fp32_e8m23ENS0_8strategyILNS0_11decode_kindE2ELi8ELNS0_14table_locationE0ELNS0_11unpack_kindE0EEEEEvPKNS2_5codecIT_E12storage_typeESE_mmmNS0_12table_bundleEPd' for 'sm_90'
ptxas info    : Function properties for _ZN3aut17format_strategies4gemvINS_7storage10fp32_e8m23ENS0_8strategyILNS0_11decode_kindE2ELi8ELNS0_14table_locationE0ELNS0_11unpack_kindE0EEEEEvPKNS2_5codecIT_E12storage_typeESE_mmmNS0_12table_bundleEPd
    0 bytes stack frame, 0 bytes spill stores, 0 bytes spill loads
ptxas info    : Used 48 registers, used 1 barriers, 80 bytes smem
ptxas info    : Compile time = 19.204 ms
ptxas info    : Compiling entry function '_ZN3aut17format_strategies4gemvINS_7storage10fp32_e8m23ENS0_8strategyILNS0_11decode_kindE2ELi4ELNS0_14table_locationE0ELNS0_11unpack_kindE0EEEEEvPKNS2_5codecIT_E12storage_typeESE_mmmNS0_12table_bundleEPd' for 'sm_90'
ptxas info    : Function properties for _ZN3aut17format_strategies4gemvINS_7storage10fp32_e8m23ENS0_8strategyILNS0_11decode_kindE2ELi4ELNS0_14table_locationE0ELNS0_11unpack_kindE0EEEEEvPKNS2_5codecIT_E12storage_typeESE_mmmNS0_12table_bundleEPd
    0 bytes stack frame, 0 bytes spill stores, 0 bytes spill loads
ptxas info    : Used 32 registers, used 1 barriers, 80 bytes smem
ptxas info    : Compile time = 11.764 ms
ptxas info    : Compiling entry function '_ZN3aut17format_strategies4gemvINS_7storage10fp32_e8m23ENS0_8strategyILNS0_11decode_kindE2ELi2ELNS0_14table_locationE0ELNS0_11unpack_kindE0EEEEEvPKNS2_5codecIT_E12storage_typeESE_mmmNS0_12table_bundleEPd' for 'sm_90'
ptxas info    : Function properties for _ZN3aut17format_strategies4gemvINS_7storage10fp32_e8m23ENS0_8strategyILNS0_11decode_kindE2ELi2ELNS0_14table_locationE0ELNS0_11unpack_kindE0EEEEEvPKNS2_5codecIT_E12storage_typeESE_mmmNS0_12table_bundleEPd
    0 bytes stack frame, 0 bytes spill stores, 0 bytes spill loads
ptxas info    : Used 30 registers, used 1 barriers, 80 bytes smem
ptxas info    : Compile time = 8.845 ms
ptxas info    : Compiling entry function '_ZN3aut17format_strategies4gemvINS_7storage10fp32_e8m23ENS0_8strategyILNS0_11decode_kindE2ELi1ELNS0_14table_locationE0ELNS0_11unpack_kindE0EEEEEvPKNS2_5codecIT_E12storage_typeESE_mmmNS0_12table_bundleEPd' for 'sm_90'
ptxas info    : Function properties for _ZN3aut17format_strategies4gemvINS_7storage10fp32_e8m23ENS0_8strategyILNS0_11decode_kindE2ELi1ELNS0_14table_locationE0ELNS0_11unpack_kindE0EEEEEvPKNS2_5codecIT_E12storage_typeESE_mmmNS0_12table_bundleEPd
    0 bytes stack frame, 0 bytes spill stores, 0 bytes spill loads
ptxas info    : Used 29 registers, used 1 barriers, 80 bytes smem
ptxas info    : Compile time = 7.189 ms
ptxas info    : Compiling entry function '_ZN3aut17format_strategies4gemvINS_7storage10fp32_e8m23ENS0_8strategyILNS0_11decode_kindE1ELi8ELNS0_14table_locationE0ELNS0_11unpack_kindE0EEEEEvPKNS2_5codecIT_E12storage_typeESE_mmmNS0_12table_bundleEPd' for 'sm_90'
ptxas info    : Function properties for _ZN3aut17format_strategies4gemvINS_7storage10fp32_e8m23ENS0_8strategyILNS0_11decode_kindE1ELi8ELNS0_14table_locationE0ELNS0_11unpack_kindE0EEEEEvPKNS2_5codecIT_E12storage_typeESE_mmmNS0_12table_bundleEPd
    0 bytes stack frame, 0 bytes spill stores, 0 bytes spill loads
ptxas info    : Used 60 registers, used 1 barriers, 80 bytes smem
ptxas info    : Compile time = 16.975 ms
ptxas info    : Compiling entry function '_ZN3aut17format_strategies4gemvINS_7storage10fp32_e8m23ENS0_8strategyILNS0_11decode_kindE1ELi4ELNS0_14table_locationE0ELNS0_11unpack_kindE0EEEEEvPKNS2_5codecIT_E12storage_typeESE_mmmNS0_12table_bundleEPd' for 'sm_90'
ptxas info    : Function properties for _ZN3aut17format_strategies4gemvINS_7storage10fp32_e8m23ENS0_8strategyILNS0_11decode_kindE1ELi4ELNS0_14table_locationE0ELNS0_11unpack_kindE0EEEEEvPKNS2_5codecIT_E12storage_typeESE_mmmNS0_12table_bundleEPd
    0 bytes stack frame, 0 bytes spill stores, 0 bytes spill loads
ptxas info    : Used 38 registers, used 1 barriers, 80 bytes smem
ptxas info    : Compile time = 11.106 ms
ptxas info    : Compiling entry function '_ZN3aut17format_strategies4gemvINS_7storage10fp32_e8m23ENS0_8strategyILNS0_11decode_kindE1ELi2ELNS0_14table_locationE0ELNS0_11unpack_kindE0EEEEEvPKNS2_5codecIT_E12storage_typeESE_mmmNS0_12table_bundleEPd' for 'sm_90'
ptxas info    : Function properties for _ZN3aut17format_strategies4gemvINS_7storage10fp32_e8m23ENS0_8strategyILNS0_11decode_kindE1ELi2ELNS0_14table_locationE0ELNS0_11unpack_kindE0EEEEEvPKNS2_5codecIT_E12storage_typeESE_mmmNS0_12table_bundleEPd
    0 bytes stack frame, 0 bytes spill stores, 0 bytes spill loads
ptxas info    : Used 27 registers, used 1 barriers, 80 bytes smem
ptxas info    : Compile time = 8.537 ms
ptxas info    : Compiling entry function '_ZN3aut17format_strategies4gemvINS_7storage10fp32_e8m23ENS0_8strategyILNS0_11decode_kindE1ELi1ELNS0_14table_locationE0ELNS0_11unpack_kindE0EEEEEvPKNS2_5codecIT_E12storage_typeESE_mmmNS0_12table_bundleEPd' for 'sm_90'
ptxas info    : Function properties for _ZN3aut17format_strategies4gemvINS_7storage10fp32_e8m23ENS0_8strategyILNS0_11decode_kindE1ELi1ELNS0_14table_locationE0ELNS0_11unpack_kindE0EEEEEvPKNS2_5codecIT_E12storage_typeESE_mmmNS0_12table_bundleEPd
    0 bytes stack frame, 0 bytes spill stores, 0 bytes spill loads
ptxas info    : Used 21 registers, used 1 barriers, 80 bytes smem
ptxas info    : Compile time = 7.104 ms
ptxas info    : Compiling entry function '_ZN3aut17format_strategies4gemvINS_7storage10fp32_e8m23ENS0_8strategyILNS0_11decode_kindE11ELi8ELNS0_14table_locationE0ELNS0_11unpack_kindE0EEEEEvPKNS2_5codecIT_E12storage_typeESE_mmmNS0_12table_bundleEPd' for 'sm_90'
ptxas info    : Function properties for _ZN3aut17format_strategies4gemvINS_7storage10fp32_e8m23ENS0_8strategyILNS0_11decode_kindE11ELi8ELNS0_14table_locationE0ELNS0_11unpack_kindE0EEEEEvPKNS2_5codecIT_E12storage_typeESE_mmmNS0_12table_bundleEPd
    0 bytes stack frame, 0 bytes spill stores, 0 bytes spill loads
ptxas info    : Used 48 registers, used 1 barriers, 80 bytes smem
ptxas info    : Compile time = 5.229 ms
ptxas info    : Compiling entry function '_ZN3aut17format_strategies4gemvINS_7storage10fp32_e8m23ENS0_8strategyILNS0_11decode_kindE11ELi4ELNS0_14table_locationE0ELNS0_11unpack_kindE0EEEEEvPKNS2_5codecIT_E12storage_typeESE_mmmNS0_12table_bundleEPd' for 'sm_90'
ptxas info    : Function properties for _ZN3aut17format_strategies4gemvINS_7storage10fp32_e8m23ENS0_8strategyILNS0_11decode_kindE11ELi4ELNS0_14table_locationE0ELNS0_11unpack_kindE0EEEEEvPKNS2_5codecIT_E12storage_typeESE_mmmNS0_12table_bundleEPd
    0 bytes stack frame, 0 bytes spill stores, 0 bytes spill loads
ptxas info    : Used 32 registers, used 1 barriers, 80 bytes smem
ptxas info    : Compile time = 4.708 ms
ptxas info    : Compiling entry function '_ZN3aut17format_strategies4gemvINS_7storage10fp32_e8m23ENS0_8strategyILNS0_11decode_kindE11ELi2ELNS0_14table_locationE0ELNS0_11unpack_kindE0EEEEEvPKNS2_5codecIT_E12storage_typeESE_mmmNS0_12table_bundleEPd' for 'sm_90'
ptxas info    : Function properties for _ZN3aut17format_strategies4gemvINS_7storage10fp32_e8m23ENS0_8strategyILNS0_11decode_kindE11ELi2ELNS0_14table_locationE0ELNS0_11unpack_kindE0EEEEEvPKNS2_5codecIT_E12storage_typeESE_mmmNS0_12table_bundleEPd
    0 bytes stack frame, 0 bytes spill stores, 0 bytes spill loads
ptxas info    : Used 26 registers, used 1 barriers, 80 bytes smem
ptxas info    : Compile time = 4.456 ms
ptxas info    : Compiling entry function '_ZN3aut17format_strategies4gemvINS_7storage10fp32_e8m23ENS0_8strategyILNS0_11decode_kindE9ELi1ELNS0_14table_locationE0ELNS0_11unpack_kindE0EEEEEvPKNS2_5codecIT_E12storage_typeESE_mmmNS0_12table_bundleEPd' for 'sm_90'
ptxas info    : Function properties for _ZN3aut17format_strategies4gemvINS_7storage10fp32_e8m23ENS0_8strategyILNS0_11decode_kindE9ELi1ELNS0_14table_locationE0ELNS0_11unpack_kindE0EEEEEvPKNS2_5codecIT_E12storage_typeESE_mmmNS0_12table_bundleEPd
    0 bytes stack frame, 0 bytes spill stores, 0 bytes spill loads
ptxas info    : Used 23 registers, used 1 barriers, 80 bytes smem
ptxas info    : Compile time = 4.189 ms
ptxas info    : Compiling entry function '_ZN3aut17format_strategies4gemvINS_7storage10fp32_e8m23ENS0_8strategyILNS0_11decode_kindE0ELi1ELNS0_14table_locationE0ELNS0_11unpack_kindE0EEEEEvPKNS2_5codecIT_E12storage_typeESE_mmmNS0_12table_bundleEPd' for 'sm_90'
ptxas info    : Function properties for _ZN3aut17format_strategies4gemvINS_7storage10fp32_e8m23ENS0_8strategyILNS0_11decode_kindE0ELi1ELNS0_14table_locationE0ELNS0_11unpack_kindE0EEEEEvPKNS2_5codecIT_E12storage_typeESE_mmmNS0_12table_bundleEPd
    0 bytes stack frame, 0 bytes spill stores, 0 bytes spill loads
ptxas info    : Used 23 registers, used 1 barriers, 80 bytes smem
ptxas info    : Compile time = 4.175 ms
ptxas info    : Compiling entry function '_ZN3aut17format_strategies14dot_map_reduceINS_7storage10fp32_e8m23ENS0_8strategyILNS0_11decode_kindE8ELi8ELNS0_14table_locationE1ELNS0_11unpack_kindE0EEEEEvPKNS2_5codecIT_E12storage_typeESE_mNS0_12table_bundleEPd' for 'sm_90'
ptxas info    : Function properties for _ZN3aut17format_strategies14dot_map_reduceINS_7storage10fp32_e8m23ENS0_8strategyILNS0_11decode_kindE8ELi8ELNS0_14table_locationE1ELNS0_11unpack_kindE0EEEEEvPKNS2_5codecIT_E12storage_typeESE_mNS0_12table_bundleEPd
    0 bytes stack frame, 0 bytes spill stores, 0 bytes spill loads
ptxas info    : Used 61 registers, used 1 barriers, 80 bytes smem
ptxas info    : Compile time = 17.296 ms
ptxas info    : Compiling entry function '_ZN3aut17format_strategies14dot_map_reduceINS_7storage10fp32_e8m23ENS0_8strategyILNS0_11decode_kindE8ELi4ELNS0_14table_locationE1ELNS0_11unpack_kindE0EEEEEvPKNS2_5codecIT_E12storage_typeESE_mNS0_12table_bundleEPd' for 'sm_90'
ptxas info    : Function properties for _ZN3aut17format_strategies14dot_map_reduceINS_7storage10fp32_e8m23ENS0_8strategyILNS0_11decode_kindE8ELi4ELNS0_14table_locationE1ELNS0_11unpack_kindE0EEEEEvPKNS2_5codecIT_E12storage_typeESE_mNS0_12table_bundleEPd
    0 bytes stack frame, 0 bytes spill stores, 0 bytes spill loads
ptxas info    : Used 40 registers, used 1 barriers, 80 bytes smem
ptxas info    : Compile time = 11.614 ms
ptxas info    : Compiling entry function '_ZN3aut17format_strategies14dot_map_reduceINS_7storage10fp32_e8m23ENS0_8strategyILNS0_11decode_kindE8ELi8ELNS0_14table_locationE0ELNS0_11unpack_kindE0EEEEEvPKNS2_5codecIT_E12storage_typeESE_mNS0_12table_bundleEPd' for 'sm_90'
ptxas info    : Function properties for _ZN3aut17format_strategies14dot_map_reduceINS_7storage10fp32_e8m23ENS0_8strategyILNS0_11decode_kindE8ELi8ELNS0_14table_locationE0ELNS0_11unpack_kindE0EEEEEvPKNS2_5codecIT_E12storage_typeESE_mNS0_12table_bundleEPd
    0 bytes stack frame, 0 bytes spill stores, 0 bytes spill loads
ptxas info    : Used 68 registers, used 1 barriers, 80 bytes smem
ptxas info    : Compile time = 17.207 ms
ptxas info    : Compiling entry function '_ZN3aut17format_strategies14dot_map_reduceINS_7storage10fp32_e8m23ENS0_8strategyILNS0_11decode_kindE8ELi4ELNS0_14table_locationE0ELNS0_11unpack_kindE0EEEEEvPKNS2_5codecIT_E12storage_typeESE_mNS0_12table_bundleEPd' for 'sm_90'
ptxas info    : Function properties for _ZN3aut17format_strategies14dot_map_reduceINS_7storage10fp32_e8m23ENS0_8strategyILNS0_11decode_kindE8ELi4ELNS0_14table_locationE0ELNS0_11unpack_kindE0EEEEEvPKNS2_5codecIT_E12storage_typeESE_mNS0_12table_bundleEPd
    0 bytes stack frame, 0 bytes spill stores, 0 bytes spill loads
ptxas info    : Used 40 registers, used 1 barriers, 80 bytes smem
ptxas info    : Compile time = 11.063 ms
ptxas info    : Compiling entry function '_ZN3aut17format_strategies14dot_map_reduceINS_7storage10fp32_e8m23ENS0_8strategyILNS0_11decode_kindE2ELi8ELNS0_14table_locationE0ELNS0_11unpack_kindE0EEEEEvPKNS2_5codecIT_E12storage_typeESE_mNS0_12table_bundleEPd' for 'sm_90'
ptxas info    : Function properties for _ZN3aut17format_strategies14dot_map_reduceINS_7storage10fp32_e8m23ENS0_8strategyILNS0_11decode_kindE2ELi8ELNS0_14table_locationE0ELNS0_11unpack_kindE0EEEEEvPKNS2_5codecIT_E12storage_typeESE_mNS0_12table_bundleEPd
    0 bytes stack frame, 0 bytes spill stores, 0 bytes spill loads
ptxas info    : Used 60 registers, used 1 barriers, 80 bytes smem
ptxas info    : Compile time = 19.573 ms
ptxas info    : Compiling entry function '_ZN3aut17format_strategies14dot_map_reduceINS_7storage10fp32_e8m23ENS0_8strategyILNS0_11decode_kindE2ELi4ELNS0_14table_locationE0ELNS0_11unpack_kindE0EEEEEvPKNS2_5codecIT_E12storage_typeESE_mNS0_12table_bundleEPd' for 'sm_90'
ptxas info    : Function properties for _ZN3aut17format_strategies14dot_map_reduceINS_7storage10fp32_e8m23ENS0_8strategyILNS0_11decode_kindE2ELi4ELNS0_14table_locationE0ELNS0_11unpack_kindE0EEEEEvPKNS2_5codecIT_E12storage_typeESE_mNS0_12table_bundleEPd
    0 bytes stack frame, 0 bytes spill stores, 0 bytes spill loads
ptxas info    : Used 43 registers, used 1 barriers, 80 bytes smem
ptxas info    : Compile time = 12.195 ms
ptxas info    : Compiling entry function '_ZN3aut17format_strategies14dot_map_reduceINS_7storage10fp32_e8m23ENS0_8strategyILNS0_11decode_kindE2ELi2ELNS0_14table_locationE0ELNS0_11unpack_kindE0EEEEEvPKNS2_5codecIT_E12storage_typeESE_mNS0_12table_bundleEPd' for 'sm_90'
ptxas info    : Function properties for _ZN3aut17format_strategies14dot_map_reduceINS_7storage10fp32_e8m23ENS0_8strategyILNS0_11decode_kindE2ELi2ELNS0_14table_locationE0ELNS0_11unpack_kindE0EEEEEvPKNS2_5codecIT_E12storage_typeESE_mNS0_12table_bundleEPd
    0 bytes stack frame, 0 bytes spill stores, 0 bytes spill loads
ptxas info    : Used 32 registers, used 1 barriers, 80 bytes smem
ptxas info    : Compile time = 8.557 ms
ptxas info    : Compiling entry function '_ZN3aut17format_strategies14dot_map_reduceINS_7storage10fp32_e8m23ENS0_8strategyILNS0_11decode_kindE2ELi1ELNS0_14table_locationE0ELNS0_11unpack_kindE0EEEEEvPKNS2_5codecIT_E12storage_typeESE_mNS0_12table_bundleEPd' for 'sm_90'
ptxas info    : Function properties for _ZN3aut17format_strategies14dot_map_reduceINS_7storage10fp32_e8m23ENS0_8strategyILNS0_11decode_kindE2ELi1ELNS0_14table_locationE0ELNS0_11unpack_kindE0EEEEEvPKNS2_5codecIT_E12storage_typeESE_mNS0_12table_bundleEPd
    0 bytes stack frame, 0 bytes spill stores, 0 bytes spill loads
ptxas info    : Used 28 registers, used 1 barriers, 80 bytes smem
ptxas info    : Compile time = 7.019 ms
ptxas info    : Compiling entry function '_ZN3aut17format_strategies14dot_map_reduceINS_7storage10fp32_e8m23ENS0_8strategyILNS0_11decode_kindE1ELi8ELNS0_14table_locationE0ELNS0_11unpack_kindE0EEEEEvPKNS2_5codecIT_E12storage_typeESE_mNS0_12table_bundleEPd' for 'sm_90'
ptxas info    : Function properties for _ZN3aut17format_strategies14dot_map_reduceINS_7storage10fp32_e8m23ENS0_8strategyILNS0_11decode_kindE1ELi8ELNS0_14table_locationE0ELNS0_11unpack_kindE0EEEEEvPKNS2_5codecIT_E12storage_typeESE_mNS0_12table_bundleEPd
    0 bytes stack frame, 0 bytes spill stores, 0 bytes spill loads
ptxas info    : Used 61 registers, used 1 barriers, 80 bytes smem
ptxas info    : Compile time = 16.589 ms
ptxas info    : Compiling entry function '_ZN3aut17format_strategies14dot_map_reduceINS_7storage10fp32_e8m23ENS0_8strategyILNS0_11decode_kindE1ELi4ELNS0_14table_locationE0ELNS0_11unpack_kindE0EEEEEvPKNS2_5codecIT_E12storage_typeESE_mNS0_12table_bundleEPd' for 'sm_90'
ptxas info    : Function properties for _ZN3aut17format_strategies14dot_map_reduceINS_7storage10fp32_e8m23ENS0_8strategyILNS0_11decode_kindE1ELi4ELNS0_14table_locationE0ELNS0_11unpack_kindE0EEEEEvPKNS2_5codecIT_E12storage_typeESE_mNS0_12table_bundleEPd
    0 bytes stack frame, 0 bytes spill stores, 0 bytes spill loads
ptxas info    : Used 40 registers, used 1 barriers, 80 bytes smem
ptxas info    : Compile time = 11.094 ms
ptxas info    : Compiling entry function '_ZN3aut17format_strategies14dot_map_reduceINS_7storage10fp32_e8m23ENS0_8strategyILNS0_11decode_kindE1ELi2ELNS0_14table_locationE0ELNS0_11unpack_kindE0EEEEEvPKNS2_5codecIT_E12storage_typeESE_mNS0_12table_bundleEPd' for 'sm_90'
ptxas info    : Function properties for _ZN3aut17format_strategies14dot_map_reduceINS_7storage10fp32_e8m23ENS0_8strategyILNS0_11decode_kindE1ELi2ELNS0_14table_locationE0ELNS0_11unpack_kindE0EEEEEvPKNS2_5codecIT_E12storage_typeESE_mNS0_12table_bundleEPd
    0 bytes stack frame, 0 bytes spill stores, 0 bytes spill loads
ptxas info    : Used 31 registers, used 1 barriers, 80 bytes smem
ptxas info    : Compile time = 8.335 ms
ptxas info    : Compiling entry function '_ZN3aut17format_strategies14dot_map_reduceINS_7storage10fp32_e8m23ENS0_8strategyILNS0_11decode_kindE1ELi1ELNS0_14table_locationE0ELNS0_11unpack_kindE0EEEEEvPKNS2_5codecIT_E12storage_typeESE_mNS0_12table_bundleEPd' for 'sm_90'
ptxas info    : Function properties for _ZN3aut17format_strategies14dot_map_reduceINS_7storage10fp32_e8m23ENS0_8strategyILNS0_11decode_kindE1ELi1ELNS0_14table_locationE0ELNS0_11unpack_kindE0EEEEEvPKNS2_5codecIT_E12storage_typeESE_mNS0_12table_bundleEPd
    0 bytes stack frame, 0 bytes spill stores, 0 bytes spill loads
ptxas info    : Used 28 registers, used 1 barriers, 80 bytes smem
ptxas info    : Compile time = 6.974 ms
ptxas info    : Compiling entry function '_ZN3aut17format_strategies14dot_map_reduceINS_7storage10fp32_e8m23ENS0_8strategyILNS0_11decode_kindE11ELi8ELNS0_14table_locationE0ELNS0_11unpack_kindE0EEEEEvPKNS2_5codecIT_E12storage_typeESE_mNS0_12table_bundleEPd' for 'sm_90'
ptxas info    : Function properties for _ZN3aut17format_strategies14dot_map_reduceINS_7storage10fp32_e8m23ENS0_8strategyILNS0_11decode_kindE11ELi8ELNS0_14table_locationE0ELNS0_11unpack_kindE0EEEEEvPKNS2_5codecIT_E12storage_typeESE_mNS0_12table_bundleEPd
    0 bytes stack frame, 0 bytes spill stores, 0 bytes spill loads
ptxas info    : Used 42 registers, used 1 barriers, 80 bytes smem
ptxas info    : Compile time = 5.079 ms
ptxas info    : Compiling entry function '_ZN3aut17format_strategies14dot_map_reduceINS_7storage10fp32_e8m23ENS0_8strategyILNS0_11decode_kindE11ELi4ELNS0_14table_locationE0ELNS0_11unpack_kindE0EEEEEvPKNS2_5codecIT_E12storage_typeESE_mNS0_12table_bundleEPd' for 'sm_90'
ptxas info    : Function properties for _ZN3aut17format_strategies14dot_map_reduceINS_7storage10fp32_e8m23ENS0_8strategyILNS0_11decode_kindE11ELi4ELNS0_14table_locationE0ELNS0_11unpack_kindE0EEEEEvPKNS2_5codecIT_E12storage_typeESE_mNS0_12table_bundleEPd
    0 bytes stack frame, 0 bytes spill stores, 0 bytes spill loads
ptxas info    : Used 32 registers, used 1 barriers, 80 bytes smem
ptxas info    : Compile time = 4.554 ms
ptxas info    : Compiling entry function '_ZN3aut17format_strategies14dot_map_reduceINS_7storage10fp32_e8m23ENS0_8strategyILNS0_11decode_kindE11ELi2ELNS0_14table_locationE0ELNS0_11unpack_kindE0EEEEEvPKNS2_5codecIT_E12storage_typeESE_mNS0_12table_bundleEPd' for 'sm_90'
ptxas info    : Function properties for _ZN3aut17format_strategies14dot_map_reduceINS_7storage10fp32_e8m23ENS0_8strategyILNS0_11decode_kindE11ELi2ELNS0_14table_locationE0ELNS0_11unpack_kindE0EEEEEvPKNS2_5codecIT_E12storage_typeESE_mNS0_12table_bundleEPd
    0 bytes stack frame, 0 bytes spill stores, 0 bytes spill loads
ptxas info    : Used 28 registers, used 1 barriers, 80 bytes smem
ptxas info    : Compile time = 4.195 ms
ptxas info    : Compiling entry function '_ZN3aut17format_strategies14dot_map_reduceINS_7storage10fp32_e8m23ENS0_8strategyILNS0_11decode_kindE9ELi1ELNS0_14table_locationE0ELNS0_11unpack_kindE0EEEEEvPKNS2_5codecIT_E12storage_typeESE_mNS0_12table_bundleEPd' for 'sm_90'
ptxas info    : Function properties for _ZN3aut17format_strategies14dot_map_reduceINS_7storage10fp32_e8m23ENS0_8strategyILNS0_11decode_kindE9ELi1ELNS0_14table_locationE0ELNS0_11unpack_kindE0EEEEEvPKNS2_5codecIT_E12storage_typeESE_mNS0_12table_bundleEPd
    0 bytes stack frame, 0 bytes spill stores, 0 bytes spill loads
ptxas info    : Used 26 registers, used 1 barriers, 80 bytes smem
ptxas info    : Compile time = 4.008 ms
ptxas info    : Compiling entry function '_ZN3aut17format_strategies14dot_map_reduceINS_7storage10fp32_e8m23ENS0_8strategyILNS0_11decode_kindE0ELi1ELNS0_14table_locationE0ELNS0_11unpack_kindE0EEEEEvPKNS2_5codecIT_E12storage_typeESE_mNS0_12table_bundleEPd' for 'sm_90'
ptxas info    : Function properties for _ZN3aut17format_strategies14dot_map_reduceINS_7storage10fp32_e8m23ENS0_8strategyILNS0_11decode_kindE0ELi1ELNS0_14table_locationE0ELNS0_11unpack_kindE0EEEEEvPKNS2_5codecIT_E12storage_typeESE_mNS0_12table_bundleEPd
    0 bytes stack frame, 0 bytes spill stores, 0 bytes spill loads
ptxas info    : Used 26 registers, used 1 barriers, 80 bytes smem
ptxas info    : Compile time = 3.983 ms
ptxas info    : Compiling entry function '_ZN3aut17format_strategies4gemvINS_7storage5e3m28ENS0_8strategyILNS0_11decode_kindE8ELi8ELNS0_14table_locationE1ELNS0_11unpack_kindE0EEEEEvPKNS2_5codecIT_E12storage_typeESE_mmmNS0_12table_bundleEPd' for 'sm_90'
ptxas info    : Function properties for _ZN3aut17format_strategies4gemvINS_7storage5e3m28ENS0_8strategyILNS0_11decode_kindE8ELi8ELNS0_14table_locationE1ELNS0_11unpack_kindE0EEEEEvPKNS2_5codecIT_E12storage_typeESE_mmmNS0_12table_bundleEPd
    0 bytes stack frame, 0 bytes spill stores, 0 bytes spill loads
ptxas info    : Used 59 registers, used 1 barriers, 80 bytes smem
ptxas info    : Compile time = 17.813 ms
ptxas info    : Compiling entry function '_ZN3aut17format_strategies4gemvINS_7storage5e3m28ENS0_8strategyILNS0_11decode_kindE8ELi4ELNS0_14table_locationE1ELNS0_11unpack_kindE0EEEEEvPKNS2_5codecIT_E12storage_typeESE_mmmNS0_12table_bundleEPd' for 'sm_90'
ptxas info    : Function properties for _ZN3aut17format_strategies4gemvINS_7storage5e3m28ENS0_8strategyILNS0_11decode_kindE8ELi4ELNS0_14table_locationE1ELNS0_11unpack_kindE0EEEEEvPKNS2_5codecIT_E12storage_typeESE_mmmNS0_12table_bundleEPd
    0 bytes stack frame, 0 bytes spill stores, 0 bytes spill loads
ptxas info    : Used 37 registers, used 1 barriers, 80 bytes smem
ptxas info    : Compile time = 11.713 ms
ptxas info    : Compiling entry function '_ZN3aut17format_strategies4gemvINS_7storage5e3m28ENS0_8strategyILNS0_11decode_kindE8ELi8ELNS0_14table_locationE0ELNS0_11unpack_kindE0EEEEEvPKNS2_5codecIT_E12storage_typeESE_mmmNS0_12table_bundleEPd' for 'sm_90'
ptxas info    : Function properties for _ZN3aut17format_strategies4gemvINS_7storage5e3m28ENS0_8strategyILNS0_11decode_kindE8ELi8ELNS0_14table_locationE0ELNS0_11unpack_kindE0EEEEEvPKNS2_5codecIT_E12storage_typeESE_mmmNS0_12table_bundleEPd
    0 bytes stack frame, 0 bytes spill stores, 0 bytes spill loads
ptxas info    : Used 64 registers, used 1 barriers, 80 bytes smem
ptxas info    : Compile time = 17.464 ms
ptxas info    : Compiling entry function '_ZN3aut17format_strategies4gemvINS_7storage5e3m28ENS0_8strategyILNS0_11decode_kindE8ELi4ELNS0_14table_locationE0ELNS0_11unpack_kindE0EEEEEvPKNS2_5codecIT_E12storage_typeESE_mmmNS0_12table_bundleEPd' for 'sm_90'
ptxas info    : Function properties for _ZN3aut17format_strategies4gemvINS_7storage5e3m28ENS0_8strategyILNS0_11decode_kindE8ELi4ELNS0_14table_locationE0ELNS0_11unpack_kindE0EEEEEvPKNS2_5codecIT_E12storage_typeESE_mmmNS0_12table_bundleEPd
    0 bytes stack frame, 0 bytes spill stores, 0 bytes spill loads
ptxas info    : Used 40 registers, used 1 barriers, 80 bytes smem
ptxas info    : Compile time = 11.084 ms
ptxas info    : Compiling entry function '_ZN3aut17format_strategies4gemvINS_7storage5e3m28ENS0_8strategyILNS0_11decode_kindE2ELi8ELNS0_14table_locationE0ELNS0_11unpack_kindE0EEEEEvPKNS2_5codecIT_E12storage_typeESE_mmmNS0_12table_bundleEPd' for 'sm_90'
ptxas info    : Function properties for _ZN3aut17format_strategies4gemvINS_7storage5e3m28ENS0_8strategyILNS0_11decode_kindE2ELi8ELNS0_14table_locationE0ELNS0_11unpack_kindE0EEEEEvPKNS2_5codecIT_E12storage_typeESE_mmmNS0_12table_bundleEPd
    0 bytes stack frame, 0 bytes spill stores, 0 bytes spill loads
ptxas info    : Used 48 registers, used 1 barriers, 80 bytes smem
ptxas info    : Compile time = 19.148 ms
ptxas info    : Compiling entry function '_ZN3aut17format_strategies4gemvINS_7storage5e3m28ENS0_8strategyILNS0_11decode_kindE2ELi4ELNS0_14table_locationE0ELNS0_11unpack_kindE0EEEEEvPKNS2_5codecIT_E12storage_typeESE_mmmNS0_12table_bundleEPd' for 'sm_90'
ptxas info    : Function properties for _ZN3aut17format_strategies4gemvINS_7storage5e3m28ENS0_8strategyILNS0_11decode_kindE2ELi4ELNS0_14table_locationE0ELNS0_11unpack_kindE0EEEEEvPKNS2_5codecIT_E12storage_typeESE_mmmNS0_12table_bundleEPd
    0 bytes stack frame, 0 bytes spill stores, 0 bytes spill loads
ptxas info    : Used 32 registers, used 1 barriers, 80 bytes smem
ptxas info    : Compile time = 11.709 ms
ptxas info    : Compiling entry function '_ZN3aut17format_strategies4gemvINS_7storage5e3m28ENS0_8strategyILNS0_11decode_kindE2ELi2ELNS0_14table_locationE0ELNS0_11unpack_kindE0EEEEEvPKNS2_5codecIT_E12storage_typeESE_mmmNS0_12table_bundleEPd' for 'sm_90'
ptxas info    : Function properties for _ZN3aut17format_strategies4gemvINS_7storage5e3m28ENS0_8strategyILNS0_11decode_kindE2ELi2ELNS0_14table_locationE0ELNS0_11unpack_kindE0EEEEEvPKNS2_5codecIT_E12storage_typeESE_mmmNS0_12table_bundleEPd
    0 bytes stack frame, 0 bytes spill stores, 0 bytes spill loads
ptxas info    : Used 30 registers, used 1 barriers, 80 bytes smem
ptxas info    : Compile time = 8.798 ms
ptxas info    : Compiling entry function '_ZN3aut17format_strategies4gemvINS_7storage5e3m28ENS0_8strategyILNS0_11decode_kindE2ELi1ELNS0_14table_locationE0ELNS0_11unpack_kindE0EEEEEvPKNS2_5codecIT_E12storage_typeESE_mmmNS0_12table_bundleEPd' for 'sm_90'
ptxas info    : Function properties for _ZN3aut17format_strategies4gemvINS_7storage5e3m28ENS0_8strategyILNS0_11decode_kindE2ELi1ELNS0_14table_locationE0ELNS0_11unpack_kindE0EEEEEvPKNS2_5codecIT_E12storage_typeESE_mmmNS0_12table_bundleEPd
    0 bytes stack frame, 0 bytes spill stores, 0 bytes spill loads
ptxas info    : Used 29 registers, used 1 barriers, 80 bytes smem
ptxas info    : Compile time = 7.203 ms
ptxas info    : Compiling entry function '_ZN3aut17format_strategies4gemvINS_7storage5e3m28ENS0_8strategyILNS0_11decode_kindE1ELi8ELNS0_14table_locationE0ELNS0_11unpack_kindE0EEEEEvPKNS2_5codecIT_E12storage_typeESE_mmmNS0_12table_bundleEPd' for 'sm_90'
ptxas info    : Function properties for _ZN3aut17format_strategies4gemvINS_7storage5e3m28ENS0_8strategyILNS0_11decode_kindE1ELi8ELNS0_14table_locationE0ELNS0_11unpack_kindE0EEEEEvPKNS2_5codecIT_E12storage_typeESE_mmmNS0_12table_bundleEPd
    0 bytes stack frame, 0 bytes spill stores, 0 bytes spill loads
ptxas info    : Used 60 registers, used 1 barriers, 80 bytes smem
ptxas info    : Compile time = 16.874 ms
ptxas info    : Compiling entry function '_ZN3aut17format_strategies4gemvINS_7storage5e3m28ENS0_8strategyILNS0_11decode_kindE1ELi4ELNS0_14table_locationE0ELNS0_11unpack_kindE0EEEEEvPKNS2_5codecIT_E12storage_typeESE_mmmNS0_12table_bundleEPd' for 'sm_90'
ptxas info    : Function properties for _ZN3aut17format_strategies4gemvINS_7storage5e3m28ENS0_8strategyILNS0_11decode_kindE1ELi4ELNS0_14table_locationE0ELNS0_11unpack_kindE0EEEEEvPKNS2_5codecIT_E12storage_typeESE_mmmNS0_12table_bundleEPd
    0 bytes stack frame, 0 bytes spill stores, 0 bytes spill loads
ptxas info    : Used 38 registers, used 1 barriers, 80 bytes smem
ptxas info    : Compile time = 11.106 ms
ptxas info    : Compiling entry function '_ZN3aut17format_strategies4gemvINS_7storage5e3m28ENS0_8strategyILNS0_11decode_kindE1ELi2ELNS0_14table_locationE0ELNS0_11unpack_kindE0EEEEEvPKNS2_5codecIT_E12storage_typeESE_mmmNS0_12table_bundleEPd' for 'sm_90'
ptxas info    : Function properties for _ZN3aut17format_strategies4gemvINS_7storage5e3m28ENS0_8strategyILNS0_11decode_kindE1ELi2ELNS0_14table_locationE0ELNS0_11unpack_kindE0EEEEEvPKNS2_5codecIT_E12storage_typeESE_mmmNS0_12table_bundleEPd
    0 bytes stack frame, 0 bytes spill stores, 0 bytes spill loads
ptxas info    : Used 27 registers, used 1 barriers, 80 bytes smem
ptxas info    : Compile time = 8.549 ms
ptxas info    : Compiling entry function '_ZN3aut17format_strategies4gemvINS_7storage5e3m28ENS0_8strategyILNS0_11decode_kindE1ELi1ELNS0_14table_locationE0ELNS0_11unpack_kindE0EEEEEvPKNS2_5codecIT_E12storage_typeESE_mmmNS0_12table_bundleEPd' for 'sm_90'
ptxas info    : Function properties for _ZN3aut17format_strategies4gemvINS_7storage5e3m28ENS0_8strategyILNS0_11decode_kindE1ELi1ELNS0_14table_locationE0ELNS0_11unpack_kindE0EEEEEvPKNS2_5codecIT_E12storage_typeESE_mmmNS0_12table_bundleEPd
    0 bytes stack frame, 0 bytes spill stores, 0 bytes spill loads
ptxas info    : Used 21 registers, used 1 barriers, 80 bytes smem
ptxas info    : Compile time = 7.101 ms
ptxas info    : Compiling entry function '_ZN3aut17format_strategies4gemvINS_7storage5e3m28ENS0_8strategyILNS0_11decode_kindE0ELi8ELNS0_14table_locationE0ELNS0_11unpack_kindE0EEEEEvPKNS2_5codecIT_E12storage_typeESE_mmmNS0_12table_bundleEPd' for 'sm_90'
ptxas info    : Function properties for _ZN3aut17format_strategies4gemvINS_7storage5e3m28ENS0_8strategyILNS0_11decode_kindE0ELi8ELNS0_14table_locationE0ELNS0_11unpack_kindE0EEEEEvPKNS2_5codecIT_E12storage_typeESE_mmmNS0_12table_bundleEPd
    0 bytes stack frame, 0 bytes spill stores, 0 bytes spill loads
ptxas info    : Used 59 registers, used 1 barriers, 80 bytes smem
ptxas info    : Compile time = 17.900 ms
ptxas info    : Compiling entry function '_ZN3aut17format_strategies4gemvINS_7storage5e3m28ENS0_8strategyILNS0_11decode_kindE0ELi4ELNS0_14table_locationE0ELNS0_11unpack_kindE0EEEEEvPKNS2_5codecIT_E12storage_typeESE_mmmNS0_12table_bundleEPd' for 'sm_90'
ptxas info    : Function properties for _ZN3aut17format_strategies4gemvINS_7storage5e3m28ENS0_8strategyILNS0_11decode_kindE0ELi4ELNS0_14table_locationE0ELNS0_11unpack_kindE0EEEEEvPKNS2_5codecIT_E12storage_typeESE_mmmNS0_12table_bundleEPd
    0 bytes stack frame, 0 bytes spill stores, 0 bytes spill loads
ptxas info    : Used 37 registers, used 1 barriers, 80 bytes smem
ptxas info    : Compile time = 11.688 ms
ptxas info    : Compiling entry function '_ZN3aut17format_strategies4gemvINS_7storage5e3m28ENS0_8strategyILNS0_11decode_kindE0ELi2ELNS0_14table_locationE0ELNS0_11unpack_kindE0EEEEEvPKNS2_5codecIT_E12storage_typeESE_mmmNS0_12table_bundleEPd' for 'sm_90'
ptxas info    : Function properties for _ZN3aut17format_strategies4gemvINS_7storage5e3m28ENS0_8strategyILNS0_11decode_kindE0ELi2ELNS0_14table_locationE0ELNS0_11unpack_kindE0EEEEEvPKNS2_5codecIT_E12storage_typeESE_mmmNS0_12table_bundleEPd
    0 bytes stack frame, 0 bytes spill stores, 0 bytes spill loads
ptxas info    : Used 27 registers, used 1 barriers, 80 bytes smem
ptxas info    : Compile time = 8.894 ms
ptxas info    : Compiling entry function '_ZN3aut17format_strategies4gemvINS_7storage5e3m28ENS0_8strategyILNS0_11decode_kindE0ELi1ELNS0_14table_locationE0ELNS0_11unpack_kindE0EEEEEvPKNS2_5codecIT_E12storage_typeESE_mmmNS0_12table_bundleEPd' for 'sm_90'
ptxas info    : Function properties for _ZN3aut17format_strategies4gemvINS_7storage5e3m28ENS0_8strategyILNS0_11decode_kindE0ELi1ELNS0_14table_locationE0ELNS0_11unpack_kindE0EEEEEvPKNS2_5codecIT_E12storage_typeESE_mmmNS0_12table_bundleEPd
    0 bytes stack frame, 0 bytes spill stores, 0 bytes spill loads
ptxas info    : Used 22 registers, used 1 barriers, 80 bytes smem
ptxas info    : Compile time = 7.312 ms
ptxas info    : Compiling entry function '_ZN3aut17format_strategies14dot_map_reduceINS_7storage5e3m28ENS0_8strategyILNS0_11decode_kindE8ELi8ELNS0_14table_locationE1ELNS0_11unpack_kindE0EEEEEvPKNS2_5codecIT_E12storage_typeESE_mNS0_12table_bundleEPd' for 'sm_90'
ptxas info    : Function properties for _ZN3aut17format_strategies14dot_map_reduceINS_7storage5e3m28ENS0_8strategyILNS0_11decode_kindE8ELi8ELNS0_14table_locationE1ELNS0_11unpack_kindE0EEEEEvPKNS2_5codecIT_E12storage_typeESE_mNS0_12table_bundleEPd
    0 bytes stack frame, 0 bytes spill stores, 0 bytes spill loads
ptxas info    : Used 61 registers, used 1 barriers, 80 bytes smem
ptxas info    : Compile time = 17.390 ms
ptxas info    : Compiling entry function '_ZN3aut17format_strategies14dot_map_reduceINS_7storage5e3m28ENS0_8strategyILNS0_11decode_kindE8ELi4ELNS0_14table_locationE1ELNS0_11unpack_kindE0EEEEEvPKNS2_5codecIT_E12storage_typeESE_mNS0_12table_bundleEPd' for 'sm_90'
ptxas info    : Function properties for _ZN3aut17format_strategies14dot_map_reduceINS_7storage5e3m28ENS0_8strategyILNS0_11decode_kindE8ELi4ELNS0_14table_locationE1ELNS0_11unpack_kindE0EEEEEvPKNS2_5codecIT_E12storage_typeESE_mNS0_12table_bundleEPd
    0 bytes stack frame, 0 bytes spill stores, 0 bytes spill loads
ptxas info    : Used 40 registers, used 1 barriers, 80 bytes smem
ptxas info    : Compile time = 11.588 ms
ptxas info    : Compiling entry function '_ZN3aut17format_strategies14dot_map_reduceINS_7storage5e3m28ENS0_8strategyILNS0_11decode_kindE8ELi8ELNS0_14table_locationE0ELNS0_11unpack_kindE0EEEEEvPKNS2_5codecIT_E12storage_typeESE_mNS0_12table_bundleEPd' for 'sm_90'
ptxas info    : Function properties for _ZN3aut17format_strategies14dot_map_reduceINS_7storage5e3m28ENS0_8strategyILNS0_11decode_kindE8ELi8ELNS0_14table_locationE0ELNS0_11unpack_kindE0EEEEEvPKNS2_5codecIT_E12storage_typeESE_mNS0_12table_bundleEPd
    0 bytes stack frame, 0 bytes spill stores, 0 bytes spill loads
ptxas info    : Used 68 registers, used 1 barriers, 80 bytes smem
ptxas info    : Compile time = 17.053 ms
ptxas info    : Compiling entry function '_ZN3aut17format_strategies14dot_map_reduceINS_7storage5e3m28ENS0_8strategyILNS0_11decode_kindE8ELi4ELNS0_14table_locationE0ELNS0_11unpack_kindE0EEEEEvPKNS2_5codecIT_E12storage_typeESE_mNS0_12table_bundleEPd' for 'sm_90'
ptxas info    : Function properties for _ZN3aut17format_strategies14dot_map_reduceINS_7storage5e3m28ENS0_8strategyILNS0_11decode_kindE8ELi4ELNS0_14table_locationE0ELNS0_11unpack_kindE0EEEEEvPKNS2_5codecIT_E12storage_typeESE_mNS0_12table_bundleEPd
    0 bytes stack frame, 0 bytes spill stores, 0 bytes spill loads
ptxas info    : Used 40 registers, used 1 barriers, 80 bytes smem
ptxas info    : Compile time = 11.163 ms
ptxas info    : Compiling entry function '_ZN3aut17format_strategies14dot_map_reduceINS_7storage5e3m28ENS0_8strategyILNS0_11decode_kindE2ELi8ELNS0_14table_locationE0ELNS0_11unpack_kindE0EEEEEvPKNS2_5codecIT_E12storage_typeESE_mNS0_12table_bundleEPd' for 'sm_90'
ptxas info    : Function properties for _ZN3aut17format_strategies14dot_map_reduceINS_7storage5e3m28ENS0_8strategyILNS0_11decode_kindE2ELi8ELNS0_14table_locationE0ELNS0_11unpack_kindE0EEEEEvPKNS2_5codecIT_E12storage_typeESE_mNS0_12table_bundleEPd
    0 bytes stack frame, 0 bytes spill stores, 0 bytes spill loads
ptxas info    : Used 60 registers, used 1 barriers, 80 bytes smem
ptxas info    : Compile time = 19.701 ms
ptxas info    : Compiling entry function '_ZN3aut17format_strategies14dot_map_reduceINS_7storage5e3m28ENS0_8strategyILNS0_11decode_kindE2ELi4ELNS0_14table_locationE0ELNS0_11unpack_kindE0EEEEEvPKNS2_5codecIT_E12storage_typeESE_mNS0_12table_bundleEPd' for 'sm_90'
ptxas info    : Function properties for _ZN3aut17format_strategies14dot_map_reduceINS_7storage5e3m28ENS0_8strategyILNS0_11decode_kindE2ELi4ELNS0_14table_locationE0ELNS0_11unpack_kindE0EEEEEvPKNS2_5codecIT_E12storage_typeESE_mNS0_12table_bundleEPd
    0 bytes stack frame, 0 bytes spill stores, 0 bytes spill loads
ptxas info    : Used 43 registers, used 1 barriers, 80 bytes smem
ptxas info    : Compile time = 12.277 ms
ptxas info    : Compiling entry function '_ZN3aut17format_strategies14dot_map_reduceINS_7storage5e3m28ENS0_8strategyILNS0_11decode_kindE2ELi2ELNS0_14table_locationE0ELNS0_11unpack_kindE0EEEEEvPKNS2_5codecIT_E12storage_typeESE_mNS0_12table_bundleEPd' for 'sm_90'
ptxas info    : Function properties for _ZN3aut17format_strategies14dot_map_reduceINS_7storage5e3m28ENS0_8strategyILNS0_11decode_kindE2ELi2ELNS0_14table_locationE0ELNS0_11unpack_kindE0EEEEEvPKNS2_5codecIT_E12storage_typeESE_mNS0_12table_bundleEPd
    0 bytes stack frame, 0 bytes spill stores, 0 bytes spill loads
ptxas info    : Used 32 registers, used 1 barriers, 80 bytes smem
ptxas info    : Compile time = 8.579 ms
ptxas info    : Compiling entry function '_ZN3aut17format_strategies14dot_map_reduceINS_7storage5e3m28ENS0_8strategyILNS0_11decode_kindE2ELi1ELNS0_14table_locationE0ELNS0_11unpack_kindE0EEEEEvPKNS2_5codecIT_E12storage_typeESE_mNS0_12table_bundleEPd' for 'sm_90'
ptxas info    : Function properties for _ZN3aut17format_strategies14dot_map_reduceINS_7storage5e3m28ENS0_8strategyILNS0_11decode_kindE2ELi1ELNS0_14table_locationE0ELNS0_11unpack_kindE0EEEEEvPKNS2_5codecIT_E12storage_typeESE_mNS0_12table_bundleEPd
    0 bytes stack frame, 0 bytes spill stores, 0 bytes spill loads
ptxas info    : Used 28 registers, used 1 barriers, 80 bytes smem
ptxas info    : Compile time = 7.058 ms
ptxas info    : Compiling entry function '_ZN3aut17format_strategies14dot_map_reduceINS_7storage5e3m28ENS0_8strategyILNS0_11decode_kindE1ELi8ELNS0_14table_locationE0ELNS0_11unpack_kindE0EEEEEvPKNS2_5codecIT_E12storage_typeESE_mNS0_12table_bundleEPd' for 'sm_90'
ptxas info    : Function properties for _ZN3aut17format_strategies14dot_map_reduceINS_7storage5e3m28ENS0_8strategyILNS0_11decode_kindE1ELi8ELNS0_14table_locationE0ELNS0_11unpack_kindE0EEEEEvPKNS2_5codecIT_E12storage_typeESE_mNS0_12table_bundleEPd
    0 bytes stack frame, 0 bytes spill stores, 0 bytes spill loads
ptxas info    : Used 61 registers, used 1 barriers, 80 bytes smem
ptxas info    : Compile time = 16.656 ms
ptxas info    : Compiling entry function '_ZN3aut17format_strategies14dot_map_reduceINS_7storage5e3m28ENS0_8strategyILNS0_11decode_kindE1ELi4ELNS0_14table_locationE0ELNS0_11unpack_kindE0EEEEEvPKNS2_5codecIT_E12storage_typeESE_mNS0_12table_bundleEPd' for 'sm_90'
ptxas info    : Function properties for _ZN3aut17format_strategies14dot_map_reduceINS_7storage5e3m28ENS0_8strategyILNS0_11decode_kindE1ELi4ELNS0_14table_locationE0ELNS0_11unpack_kindE0EEEEEvPKNS2_5codecIT_E12storage_typeESE_mNS0_12table_bundleEPd
    0 bytes stack frame, 0 bytes spill stores, 0 bytes spill loads
ptxas info    : Used 40 registers, used 1 barriers, 80 bytes smem
ptxas info    : Compile time = 11.149 ms
ptxas info    : Compiling entry function '_ZN3aut17format_strategies14dot_map_reduceINS_7storage5e3m28ENS0_8strategyILNS0_11decode_kindE1ELi2ELNS0_14table_locationE0ELNS0_11unpack_kindE0EEEEEvPKNS2_5codecIT_E12storage_typeESE_mNS0_12table_bundleEPd' for 'sm_90'
ptxas info    : Function properties for _ZN3aut17format_strategies14dot_map_reduceINS_7storage5e3m28ENS0_8strategyILNS0_11decode_kindE1ELi2ELNS0_14table_locationE0ELNS0_11unpack_kindE0EEEEEvPKNS2_5codecIT_E12storage_typeESE_mNS0_12table_bundleEPd
    0 bytes stack frame, 0 bytes spill stores, 0 bytes spill loads
ptxas info    : Used 31 registers, used 1 barriers, 80 bytes smem
ptxas info    : Compile time = 8.333 ms
ptxas info    : Compiling entry function '_ZN3aut17format_strategies14dot_map_reduceINS_7storage5e3m28ENS0_8strategyILNS0_11decode_kindE1ELi1ELNS0_14table_locationE0ELNS0_11unpack_kindE0EEEEEvPKNS2_5codecIT_E12storage_typeESE_mNS0_12table_bundleEPd' for 'sm_90'
ptxas info    : Function properties for _ZN3aut17format_strategies14dot_map_reduceINS_7storage5e3m28ENS0_8strategyILNS0_11decode_kindE1ELi1ELNS0_14table_locationE0ELNS0_11unpack_kindE0EEEEEvPKNS2_5codecIT_E12storage_typeESE_mNS0_12table_bundleEPd
    0 bytes stack frame, 0 bytes spill stores, 0 bytes spill loads
ptxas info    : Used 28 registers, used 1 barriers, 80 bytes smem
ptxas info    : Compile time = 6.927 ms
ptxas info    : Compiling entry function '_ZN3aut17format_strategies14dot_map_reduceINS_7storage5e3m28ENS0_8strategyILNS0_11decode_kindE0ELi8ELNS0_14table_locationE0ELNS0_11unpack_kindE0EEEEEvPKNS2_5codecIT_E12storage_typeESE_mNS0_12table_bundleEPd' for 'sm_90'
ptxas info    : Function properties for _ZN3aut17format_strategies14dot_map_reduceINS_7storage5e3m28ENS0_8strategyILNS0_11decode_kindE0ELi8ELNS0_14table_locationE0ELNS0_11unpack_kindE0EEEEEvPKNS2_5codecIT_E12storage_typeESE_mNS0_12table_bundleEPd
    0 bytes stack frame, 0 bytes spill stores, 0 bytes spill loads
ptxas info    : Used 62 registers, used 1 barriers, 80 bytes smem
ptxas info    : Compile time = 17.535 ms
ptxas info    : Compiling entry function '_ZN3aut17format_strategies14dot_map_reduceINS_7storage5e3m28ENS0_8strategyILNS0_11decode_kindE0ELi4ELNS0_14table_locationE0ELNS0_11unpack_kindE0EEEEEvPKNS2_5codecIT_E12storage_typeESE_mNS0_12table_bundleEPd' for 'sm_90'
ptxas info    : Function properties for _ZN3aut17format_strategies14dot_map_reduceINS_7storage5e3m28ENS0_8strategyILNS0_11decode_kindE0ELi4ELNS0_14table_locationE0ELNS0_11unpack_kindE0EEEEEvPKNS2_5codecIT_E12storage_typeESE_mNS0_12table_bundleEPd
    0 bytes stack frame, 0 bytes spill stores, 0 bytes spill loads
ptxas info    : Used 40 registers, used 1 barriers, 80 bytes smem
ptxas info    : Compile time = 11.666 ms
ptxas info    : Compiling entry function '_ZN3aut17format_strategies14dot_map_reduceINS_7storage5e3m28ENS0_8strategyILNS0_11decode_kindE0ELi2ELNS0_14table_locationE0ELNS0_11unpack_kindE0EEEEEvPKNS2_5codecIT_E12storage_typeESE_mNS0_12table_bundleEPd' for 'sm_90'
ptxas info    : Function properties for _ZN3aut17format_strategies14dot_map_reduceINS_7storage5e3m28ENS0_8strategyILNS0_11decode_kindE0ELi2ELNS0_14table_locationE0ELNS0_11unpack_kindE0EEEEEvPKNS2_5codecIT_E12storage_typeESE_mNS0_12table_bundleEPd
    0 bytes stack frame, 0 bytes spill stores, 0 bytes spill loads
ptxas info    : Used 30 registers, used 1 barriers, 80 bytes smem
ptxas info    : Compile time = 8.685 ms
ptxas info    : Compiling entry function '_ZN3aut17format_strategies14dot_map_reduceINS_7storage5e3m28ENS0_8strategyILNS0_11decode_kindE0ELi1ELNS0_14table_locationE0ELNS0_11unpack_kindE0EEEEEvPKNS2_5codecIT_E12storage_typeESE_mNS0_12table_bundleEPd' for 'sm_90'
ptxas info    : Function properties for _ZN3aut17format_strategies14dot_map_reduceINS_7storage5e3m28ENS0_8strategyILNS0_11decode_kindE0ELi1ELNS0_14table_locationE0ELNS0_11unpack_kindE0EEEEEvPKNS2_5codecIT_E12storage_typeESE_mNS0_12table_bundleEPd
    0 bytes stack frame, 0 bytes spill stores, 0 bytes spill loads
ptxas info    : Used 28 registers, used 1 barriers, 80 bytes smem
ptxas info    : Compile time = 7.189 ms
ptxas info    : Compiling entry function '_ZN3aut17format_strategies4gemvINS_7storage5e2m29ENS0_8strategyILNS0_11decode_kindE8ELi8ELNS0_14table_locationE1ELNS0_11unpack_kindE0EEEEEvPKNS2_5codecIT_E12storage_typeESE_mmmNS0_12table_bundleEPd' for 'sm_90'
ptxas info    : Function properties for _ZN3aut17format_strategies4gemvINS_7storage5e2m29ENS0_8strategyILNS0_11decode_kindE8ELi8ELNS0_14table_locationE1ELNS0_11unpack_kindE0EEEEEvPKNS2_5codecIT_E12storage_typeESE_mmmNS0_12table_bundleEPd
    0 bytes stack frame, 0 bytes spill stores, 0 bytes spill loads
ptxas info    : Used 59 registers, used 1 barriers, 80 bytes smem
ptxas info    : Compile time = 17.612 ms
ptxas info    : Compiling entry function '_ZN3aut17format_strategies4gemvINS_7storage5e2m29ENS0_8strategyILNS0_11decode_kindE8ELi4ELNS0_14table_locationE1ELNS0_11unpack_kindE0EEEEEvPKNS2_5codecIT_E12storage_typeESE_mmmNS0_12table_bundleEPd' for 'sm_90'
ptxas info    : Function properties for _ZN3aut17format_strategies4gemvINS_7storage5e2m29ENS0_8strategyILNS0_11decode_kindE8ELi4ELNS0_14table_locationE1ELNS0_11unpack_kindE0EEEEEvPKNS2_5codecIT_E12storage_typeESE_mmmNS0_12table_bundleEPd
    0 bytes stack frame, 0 bytes spill stores, 0 bytes spill loads
ptxas info    : Used 37 registers, used 1 barriers, 80 bytes smem
ptxas info    : Compile time = 11.694 ms
ptxas info    : Compiling entry function '_ZN3aut17format_strategies4gemvINS_7storage5e2m29ENS0_8strategyILNS0_11decode_kindE8ELi8ELNS0_14table_locationE0ELNS0_11unpack_kindE0EEEEEvPKNS2_5codecIT_E12storage_typeESE_mmmNS0_12table_bundleEPd' for 'sm_90'
ptxas info    : Function properties for _ZN3aut17format_strategies4gemvINS_7storage5e2m29ENS0_8strategyILNS0_11decode_kindE8ELi8ELNS0_14table_locationE0ELNS0_11unpack_kindE0EEEEEvPKNS2_5codecIT_E12storage_typeESE_mmmNS0_12table_bundleEPd
    0 bytes stack frame, 0 bytes spill stores, 0 bytes spill loads
ptxas info    : Used 64 registers, used 1 barriers, 80 bytes smem
ptxas info    : Compile time = 17.521 ms
ptxas info    : Compiling entry function '_ZN3aut17format_strategies4gemvINS_7storage5e2m29ENS0_8strategyILNS0_11decode_kindE8ELi4ELNS0_14table_locationE0ELNS0_11unpack_kindE0EEEEEvPKNS2_5codecIT_E12storage_typeESE_mmmNS0_12table_bundleEPd' for 'sm_90'
ptxas info    : Function properties for _ZN3aut17format_strategies4gemvINS_7storage5e2m29ENS0_8strategyILNS0_11decode_kindE8ELi4ELNS0_14table_locationE0ELNS0_11unpack_kindE0EEEEEvPKNS2_5codecIT_E12storage_typeESE_mmmNS0_12table_bundleEPd
    0 bytes stack frame, 0 bytes spill stores, 0 bytes spill loads
ptxas info    : Used 40 registers, used 1 barriers, 80 bytes smem
ptxas info    : Compile time = 11.033 ms
ptxas info    : Compiling entry function '_ZN3aut17format_strategies4gemvINS_7storage5e2m29ENS0_8strategyILNS0_11decode_kindE2ELi8ELNS0_14table_locationE0ELNS0_11unpack_kindE0EEEEEvPKNS2_5codecIT_E12storage_typeESE_mmmNS0_12table_bundleEPd' for 'sm_90'
ptxas info    : Function properties for _ZN3aut17format_strategies4gemvINS_7storage5e2m29ENS0_8strategyILNS0_11decode_kindE2ELi8ELNS0_14table_locationE0ELNS0_11unpack_kindE0EEEEEvPKNS2_5codecIT_E12storage_typeESE_mmmNS0_12table_bundleEPd
    0 bytes stack frame, 0 bytes spill stores, 0 bytes spill loads
ptxas info    : Used 48 registers, used 1 barriers, 80 bytes smem
ptxas info    : Compile time = 19.093 ms
ptxas info    : Compiling entry function '_ZN3aut17format_strategies4gemvINS_7storage5e2m29ENS0_8strategyILNS0_11decode_kindE2ELi4ELNS0_14table_locationE0ELNS0_11unpack_kindE0EEEEEvPKNS2_5codecIT_E12storage_typeESE_mmmNS0_12table_bundleEPd' for 'sm_90'
ptxas info    : Function properties for _ZN3aut17format_strategies4gemvINS_7storage5e2m29ENS0_8strategyILNS0_11decode_kindE2ELi4ELNS0_14table_locationE0ELNS0_11unpack_kindE0EEEEEvPKNS2_5codecIT_E12storage_typeESE_mmmNS0_12table_bundleEPd
    0 bytes stack frame, 0 bytes spill stores, 0 bytes spill loads
ptxas info    : Used 32 registers, used 1 barriers, 80 bytes smem
ptxas info    : Compile time = 11.741 ms
ptxas info    : Compiling entry function '_ZN3aut17format_strategies4gemvINS_7storage5e2m29ENS0_8strategyILNS0_11decode_kindE2ELi2ELNS0_14table_locationE0ELNS0_11unpack_kindE0EEEEEvPKNS2_5codecIT_E12storage_typeESE_mmmNS0_12table_bundleEPd' for 'sm_90'
ptxas info    : Function properties for _ZN3aut17format_strategies4gemvINS_7storage5e2m29ENS0_8strategyILNS0_11decode_kindE2ELi2ELNS0_14table_locationE0ELNS0_11unpack_kindE0EEEEEvPKNS2_5codecIT_E12storage_typeESE_mmmNS0_12table_bundleEPd
    0 bytes stack frame, 0 bytes spill stores, 0 bytes spill loads
ptxas info    : Used 30 registers, used 1 barriers, 80 bytes smem
ptxas info    : Compile time = 8.832 ms
ptxas info    : Compiling entry function '_ZN3aut17format_strategies4gemvINS_7storage5e2m29ENS0_8strategyILNS0_11decode_kindE2ELi1ELNS0_14table_locationE0ELNS0_11unpack_kindE0EEEEEvPKNS2_5codecIT_E12storage_typeESE_mmmNS0_12table_bundleEPd' for 'sm_90'
ptxas info    : Function properties for _ZN3aut17format_strategies4gemvINS_7storage5e2m29ENS0_8strategyILNS0_11decode_kindE2ELi1ELNS0_14table_locationE0ELNS0_11unpack_kindE0EEEEEvPKNS2_5codecIT_E12storage_typeESE_mmmNS0_12table_bundleEPd
    0 bytes stack frame, 0 bytes spill stores, 0 bytes spill loads
ptxas info    : Used 29 registers, used 1 barriers, 80 bytes smem
ptxas info    : Compile time = 7.222 ms
ptxas info    : Compiling entry function '_ZN3aut17format_strategies4gemvINS_7storage5e2m29ENS0_8strategyILNS0_11decode_kindE1ELi8ELNS0_14table_locationE0ELNS0_11unpack_kindE0EEEEEvPKNS2_5codecIT_E12storage_typeESE_mmmNS0_12table_bundleEPd' for 'sm_90'
ptxas info    : Function properties for _ZN3aut17format_strategies4gemvINS_7storage5e2m29ENS0_8strategyILNS0_11decode_kindE1ELi8ELNS0_14table_locationE0ELNS0_11unpack_kindE0EEEEEvPKNS2_5codecIT_E12storage_typeESE_mmmNS0_12table_bundleEPd
    0 bytes stack frame, 0 bytes spill stores, 0 bytes spill loads
ptxas info    : Used 60 registers, used 1 barriers, 80 bytes smem
ptxas info    : Compile time = 17.018 ms
ptxas info    : Compiling entry function '_ZN3aut17format_strategies4gemvINS_7storage5e2m29ENS0_8strategyILNS0_11decode_kindE1ELi4ELNS0_14table_locationE0ELNS0_11unpack_kindE0EEEEEvPKNS2_5codecIT_E12storage_typeESE_mmmNS0_12table_bundleEPd' for 'sm_90'
ptxas info    : Function properties for _ZN3aut17format_strategies4gemvINS_7storage5e2m29ENS0_8strategyILNS0_11decode_kindE1ELi4ELNS0_14table_locationE0ELNS0_11unpack_kindE0EEEEEvPKNS2_5codecIT_E12storage_typeESE_mmmNS0_12table_bundleEPd
    0 bytes stack frame, 0 bytes spill stores, 0 bytes spill loads
ptxas info    : Used 38 registers, used 1 barriers, 80 bytes smem
ptxas info    : Compile time = 11.159 ms
ptxas info    : Compiling entry function '_ZN3aut17format_strategies4gemvINS_7storage5e2m29ENS0_8strategyILNS0_11decode_kindE1ELi2ELNS0_14table_locationE0ELNS0_11unpack_kindE0EEEEEvPKNS2_5codecIT_E12storage_typeESE_mmmNS0_12table_bundleEPd' for 'sm_90'
ptxas info    : Function properties for _ZN3aut17format_strategies4gemvINS_7storage5e2m29ENS0_8strategyILNS0_11decode_kindE1ELi2ELNS0_14table_locationE0ELNS0_11unpack_kindE0EEEEEvPKNS2_5codecIT_E12storage_typeESE_mmmNS0_12table_bundleEPd
    0 bytes stack frame, 0 bytes spill stores, 0 bytes spill loads
ptxas info    : Used 27 registers, used 1 barriers, 80 bytes smem
ptxas info    : Compile time = 8.528 ms
ptxas info    : Compiling entry function '_ZN3aut17format_strategies4gemvINS_7storage5e2m29ENS0_8strategyILNS0_11decode_kindE1ELi1ELNS0_14table_locationE0ELNS0_11unpack_kindE0EEEEEvPKNS2_5codecIT_E12storage_typeESE_mmmNS0_12table_bundleEPd' for 'sm_90'
ptxas info    : Function properties for _ZN3aut17format_strategies4gemvINS_7storage5e2m29ENS0_8strategyILNS0_11decode_kindE1ELi1ELNS0_14table_locationE0ELNS0_11unpack_kindE0EEEEEvPKNS2_5codecIT_E12storage_typeESE_mmmNS0_12table_bundleEPd
    0 bytes stack frame, 0 bytes spill stores, 0 bytes spill loads
ptxas info    : Used 21 registers, used 1 barriers, 80 bytes smem
ptxas info    : Compile time = 7.093 ms
ptxas info    : Compiling entry function '_ZN3aut17format_strategies4gemvINS_7storage5e2m29ENS0_8strategyILNS0_11decode_kindE0ELi8ELNS0_14table_locationE0ELNS0_11unpack_kindE0EEEEEvPKNS2_5codecIT_E12storage_typeESE_mmmNS0_12table_bundleEPd' for 'sm_90'
ptxas info    : Function properties for _ZN3aut17format_strategies4gemvINS_7storage5e2m29ENS0_8strategyILNS0_11decode_kindE0ELi8ELNS0_14table_locationE0ELNS0_11unpack_kindE0EEEEEvPKNS2_5codecIT_E12storage_typeESE_mmmNS0_12table_bundleEPd
    0 bytes stack frame, 0 bytes spill stores, 0 bytes spill loads
ptxas info    : Used 59 registers, used 1 barriers, 80 bytes smem
ptxas info    : Compile time = 17.684 ms
ptxas info    : Compiling entry function '_ZN3aut17format_strategies4gemvINS_7storage5e2m29ENS0_8strategyILNS0_11decode_kindE0ELi4ELNS0_14table_locationE0ELNS0_11unpack_kindE0EEEEEvPKNS2_5codecIT_E12storage_typeESE_mmmNS0_12table_bundleEPd' for 'sm_90'
ptxas info    : Function properties for _ZN3aut17format_strategies4gemvINS_7storage5e2m29ENS0_8strategyILNS0_11decode_kindE0ELi4ELNS0_14table_locationE0ELNS0_11unpack_kindE0EEEEEvPKNS2_5codecIT_E12storage_typeESE_mmmNS0_12table_bundleEPd
    0 bytes stack frame, 0 bytes spill stores, 0 bytes spill loads
ptxas info    : Used 37 registers, used 1 barriers, 80 bytes smem
ptxas info    : Compile time = 11.731 ms
ptxas info    : Compiling entry function '_ZN3aut17format_strategies4gemvINS_7storage5e2m29ENS0_8strategyILNS0_11decode_kindE0ELi2ELNS0_14table_locationE0ELNS0_11unpack_kindE0EEEEEvPKNS2_5codecIT_E12storage_typeESE_mmmNS0_12table_bundleEPd' for 'sm_90'
ptxas info    : Function properties for _ZN3aut17format_strategies4gemvINS_7storage5e2m29ENS0_8strategyILNS0_11decode_kindE0ELi2ELNS0_14table_locationE0ELNS0_11unpack_kindE0EEEEEvPKNS2_5codecIT_E12storage_typeESE_mmmNS0_12table_bundleEPd
    0 bytes stack frame, 0 bytes spill stores, 0 bytes spill loads
ptxas info    : Used 27 registers, used 1 barriers, 80 bytes smem
ptxas info    : Compile time = 8.906 ms
ptxas info    : Compiling entry function '_ZN3aut17format_strategies4gemvINS_7storage5e2m29ENS0_8strategyILNS0_11decode_kindE0ELi1ELNS0_14table_locationE0ELNS0_11unpack_kindE0EEEEEvPKNS2_5codecIT_E12storage_typeESE_mmmNS0_12table_bundleEPd' for 'sm_90'
ptxas info    : Function properties for _ZN3aut17format_strategies4gemvINS_7storage5e2m29ENS0_8strategyILNS0_11decode_kindE0ELi1ELNS0_14table_locationE0ELNS0_11unpack_kindE0EEEEEvPKNS2_5codecIT_E12storage_typeESE_mmmNS0_12table_bundleEPd
    0 bytes stack frame, 0 bytes spill stores, 0 bytes spill loads
ptxas info    : Used 22 registers, used 1 barriers, 80 bytes smem
ptxas info    : Compile time = 7.321 ms
ptxas info    : Compiling entry function '_ZN3aut17format_strategies14dot_map_reduceINS_7storage5e2m29ENS0_8strategyILNS0_11decode_kindE8ELi8ELNS0_14table_locationE1ELNS0_11unpack_kindE0EEEEEvPKNS2_5codecIT_E12storage_typeESE_mNS0_12table_bundleEPd' for 'sm_90'
ptxas info    : Function properties for _ZN3aut17format_strategies14dot_map_reduceINS_7storage5e2m29ENS0_8strategyILNS0_11decode_kindE8ELi8ELNS0_14table_locationE1ELNS0_11unpack_kindE0EEEEEvPKNS2_5codecIT_E12storage_typeESE_mNS0_12table_bundleEPd
    0 bytes stack frame, 0 bytes spill stores, 0 bytes spill loads
ptxas info    : Used 61 registers, used 1 barriers, 80 bytes smem
ptxas info    : Compile time = 17.252 ms
ptxas info    : Compiling entry function '_ZN3aut17format_strategies14dot_map_reduceINS_7storage5e2m29ENS0_8strategyILNS0_11decode_kindE8ELi4ELNS0_14table_locationE1ELNS0_11unpack_kindE0EEEEEvPKNS2_5codecIT_E12storage_typeESE_mNS0_12table_bundleEPd' for 'sm_90'
ptxas info    : Function properties for _ZN3aut17format_strategies14dot_map_reduceINS_7storage5e2m29ENS0_8strategyILNS0_11decode_kindE8ELi4ELNS0_14table_locationE1ELNS0_11unpack_kindE0EEEEEvPKNS2_5codecIT_E12storage_typeESE_mNS0_12table_bundleEPd
    0 bytes stack frame, 0 bytes spill stores, 0 bytes spill loads
ptxas info    : Used 40 registers, used 1 barriers, 80 bytes smem
ptxas info    : Compile time = 11.611 ms
ptxas info    : Compiling entry function '_ZN3aut17format_strategies14dot_map_reduceINS_7storage5e2m29ENS0_8strategyILNS0_11decode_kindE8ELi8ELNS0_14table_locationE0ELNS0_11unpack_kindE0EEEEEvPKNS2_5codecIT_E12storage_typeESE_mNS0_12table_bundleEPd' for 'sm_90'
ptxas info    : Function properties for _ZN3aut17format_strategies14dot_map_reduceINS_7storage5e2m29ENS0_8strategyILNS0_11decode_kindE8ELi8ELNS0_14table_locationE0ELNS0_11unpack_kindE0EEEEEvPKNS2_5codecIT_E12storage_typeESE_mNS0_12table_bundleEPd
    0 bytes stack frame, 0 bytes spill stores, 0 bytes spill loads
ptxas info    : Used 68 registers, used 1 barriers, 80 bytes smem
ptxas info    : Compile time = 17.062 ms
ptxas info    : Compiling entry function '_ZN3aut17format_strategies14dot_map_reduceINS_7storage5e2m29ENS0_8strategyILNS0_11decode_kindE8ELi4ELNS0_14table_locationE0ELNS0_11unpack_kindE0EEEEEvPKNS2_5codecIT_E12storage_typeESE_mNS0_12table_bundleEPd' for 'sm_90'
ptxas info    : Function properties for _ZN3aut17format_strategies14dot_map_reduceINS_7storage5e2m29ENS0_8strategyILNS0_11decode_kindE8ELi4ELNS0_14table_locationE0ELNS0_11unpack_kindE0EEEEEvPKNS2_5codecIT_E12storage_typeESE_mNS0_12table_bundleEPd
    0 bytes stack frame, 0 bytes spill stores, 0 bytes spill loads
ptxas info    : Used 40 registers, used 1 barriers, 80 bytes smem
ptxas info    : Compile time = 11.050 ms
ptxas info    : Compiling entry function '_ZN3aut17format_strategies14dot_map_reduceINS_7storage5e2m29ENS0_8strategyILNS0_11decode_kindE2ELi8ELNS0_14table_locationE0ELNS0_11unpack_kindE0EEEEEvPKNS2_5codecIT_E12storage_typeESE_mNS0_12table_bundleEPd' for 'sm_90'
ptxas info    : Function properties for _ZN3aut17format_strategies14dot_map_reduceINS_7storage5e2m29ENS0_8strategyILNS0_11decode_kindE2ELi8ELNS0_14table_locationE0ELNS0_11unpack_kindE0EEEEEvPKNS2_5codecIT_E12storage_typeESE_mNS0_12table_bundleEPd
    0 bytes stack frame, 0 bytes spill stores, 0 bytes spill loads
ptxas info    : Used 60 registers, used 1 barriers, 80 bytes smem
ptxas info    : Compile time = 19.627 ms
ptxas info    : Compiling entry function '_ZN3aut17format_strategies14dot_map_reduceINS_7storage5e2m29ENS0_8strategyILNS0_11decode_kindE2ELi4ELNS0_14table_locationE0ELNS0_11unpack_kindE0EEEEEvPKNS2_5codecIT_E12storage_typeESE_mNS0_12table_bundleEPd' for 'sm_90'
ptxas info    : Function properties for _ZN3aut17format_strategies14dot_map_reduceINS_7storage5e2m29ENS0_8strategyILNS0_11decode_kindE2ELi4ELNS0_14table_locationE0ELNS0_11unpack_kindE0EEEEEvPKNS2_5codecIT_E12storage_typeESE_mNS0_12table_bundleEPd
    0 bytes stack frame, 0 bytes spill stores, 0 bytes spill loads
ptxas info    : Used 43 registers, used 1 barriers, 80 bytes smem
ptxas info    : Compile time = 12.244 ms
ptxas info    : Compiling entry function '_ZN3aut17format_strategies14dot_map_reduceINS_7storage5e2m29ENS0_8strategyILNS0_11decode_kindE2ELi2ELNS0_14table_locationE0ELNS0_11unpack_kindE0EEEEEvPKNS2_5codecIT_E12storage_typeESE_mNS0_12table_bundleEPd' for 'sm_90'
ptxas info    : Function properties for _ZN3aut17format_strategies14dot_map_reduceINS_7storage5e2m29ENS0_8strategyILNS0_11decode_kindE2ELi2ELNS0_14table_locationE0ELNS0_11unpack_kindE0EEEEEvPKNS2_5codecIT_E12storage_typeESE_mNS0_12table_bundleEPd
    0 bytes stack frame, 0 bytes spill stores, 0 bytes spill loads
ptxas info    : Used 32 registers, used 1 barriers, 80 bytes smem
ptxas info    : Compile time = 8.550 ms
ptxas info    : Compiling entry function '_ZN3aut17format_strategies14dot_map_reduceINS_7storage5e2m29ENS0_8strategyILNS0_11decode_kindE2ELi1ELNS0_14table_locationE0ELNS0_11unpack_kindE0EEEEEvPKNS2_5codecIT_E12storage_typeESE_mNS0_12table_bundleEPd' for 'sm_90'
ptxas info    : Function properties for _ZN3aut17format_strategies14dot_map_reduceINS_7storage5e2m29ENS0_8strategyILNS0_11decode_kindE2ELi1ELNS0_14table_locationE0ELNS0_11unpack_kindE0EEEEEvPKNS2_5codecIT_E12storage_typeESE_mNS0_12table_bundleEPd
    0 bytes stack frame, 0 bytes spill stores, 0 bytes spill loads
ptxas info    : Used 28 registers, used 1 barriers, 80 bytes smem
ptxas info    : Compile time = 7.027 ms
ptxas info    : Compiling entry function '_ZN3aut17format_strategies14dot_map_reduceINS_7storage5e2m29ENS0_8strategyILNS0_11decode_kindE1ELi8ELNS0_14table_locationE0ELNS0_11unpack_kindE0EEEEEvPKNS2_5codecIT_E12storage_typeESE_mNS0_12table_bundleEPd' for 'sm_90'
ptxas info    : Function properties for _ZN3aut17format_strategies14dot_map_reduceINS_7storage5e2m29ENS0_8strategyILNS0_11decode_kindE1ELi8ELNS0_14table_locationE0ELNS0_11unpack_kindE0EEEEEvPKNS2_5codecIT_E12storage_typeESE_mNS0_12table_bundleEPd
    0 bytes stack frame, 0 bytes spill stores, 0 bytes spill loads
ptxas info    : Used 61 registers, used 1 barriers, 80 bytes smem
ptxas info    : Compile time = 16.495 ms
ptxas info    : Compiling entry function '_ZN3aut17format_strategies14dot_map_reduceINS_7storage5e2m29ENS0_8strategyILNS0_11decode_kindE1ELi4ELNS0_14table_locationE0ELNS0_11unpack_kindE0EEEEEvPKNS2_5codecIT_E12storage_typeESE_mNS0_12table_bundleEPd' for 'sm_90'
ptxas info    : Function properties for _ZN3aut17format_strategies14dot_map_reduceINS_7storage5e2m29ENS0_8strategyILNS0_11decode_kindE1ELi4ELNS0_14table_locationE0ELNS0_11unpack_kindE0EEEEEvPKNS2_5codecIT_E12storage_typeESE_mNS0_12table_bundleEPd
    0 bytes stack frame, 0 bytes spill stores, 0 bytes spill loads
ptxas info    : Used 40 registers, used 1 barriers, 80 bytes smem
ptxas info    : Compile time = 11.114 ms
ptxas info    : Compiling entry function '_ZN3aut17format_strategies14dot_map_reduceINS_7storage5e2m29ENS0_8strategyILNS0_11decode_kindE1ELi2ELNS0_14table_locationE0ELNS0_11unpack_kindE0EEEEEvPKNS2_5codecIT_E12storage_typeESE_mNS0_12table_bundleEPd' for 'sm_90'
ptxas info    : Function properties for _ZN3aut17format_strategies14dot_map_reduceINS_7storage5e2m29ENS0_8strategyILNS0_11decode_kindE1ELi2ELNS0_14table_locationE0ELNS0_11unpack_kindE0EEEEEvPKNS2_5codecIT_E12storage_typeESE_mNS0_12table_bundleEPd
    0 bytes stack frame, 0 bytes spill stores, 0 bytes spill loads
ptxas info    : Used 31 registers, used 1 barriers, 80 bytes smem
ptxas info    : Compile time = 8.341 ms
ptxas info    : Compiling entry function '_ZN3aut17format_strategies14dot_map_reduceINS_7storage5e2m29ENS0_8strategyILNS0_11decode_kindE1ELi1ELNS0_14table_locationE0ELNS0_11unpack_kindE0EEEEEvPKNS2_5codecIT_E12storage_typeESE_mNS0_12table_bundleEPd' for 'sm_90'
ptxas info    : Function properties for _ZN3aut17format_strategies14dot_map_reduceINS_7storage5e2m29ENS0_8strategyILNS0_11decode_kindE1ELi1ELNS0_14table_locationE0ELNS0_11unpack_kindE0EEEEEvPKNS2_5codecIT_E12storage_typeESE_mNS0_12table_bundleEPd
    0 bytes stack frame, 0 bytes spill stores, 0 bytes spill loads
ptxas info    : Used 28 registers, used 1 barriers, 80 bytes smem
ptxas info    : Compile time = 6.956 ms
ptxas info    : Compiling entry function '_ZN3aut17format_strategies14dot_map_reduceINS_7storage5e2m29ENS0_8strategyILNS0_11decode_kindE0ELi8ELNS0_14table_locationE0ELNS0_11unpack_kindE0EEEEEvPKNS2_5codecIT_E12storage_typeESE_mNS0_12table_bundleEPd' for 'sm_90'
ptxas info    : Function properties for _ZN3aut17format_strategies14dot_map_reduceINS_7storage5e2m29ENS0_8strategyILNS0_11decode_kindE0ELi8ELNS0_14table_locationE0ELNS0_11unpack_kindE0EEEEEvPKNS2_5codecIT_E12storage_typeESE_mNS0_12table_bundleEPd
    0 bytes stack frame, 0 bytes spill stores, 0 bytes spill loads
ptxas info    : Used 62 registers, used 1 barriers, 80 bytes smem
ptxas info    : Compile time = 17.432 ms
ptxas info    : Compiling entry function '_ZN3aut17format_strategies14dot_map_reduceINS_7storage5e2m29ENS0_8strategyILNS0_11decode_kindE0ELi4ELNS0_14table_locationE0ELNS0_11unpack_kindE0EEEEEvPKNS2_5codecIT_E12storage_typeESE_mNS0_12table_bundleEPd' for 'sm_90'
ptxas info    : Function properties for _ZN3aut17format_strategies14dot_map_reduceINS_7storage5e2m29ENS0_8strategyILNS0_11decode_kindE0ELi4ELNS0_14table_locationE0ELNS0_11unpack_kindE0EEEEEvPKNS2_5codecIT_E12storage_typeESE_mNS0_12table_bundleEPd
    0 bytes stack frame, 0 bytes spill stores, 0 bytes spill loads
ptxas info    : Used 40 registers, used 1 barriers, 80 bytes smem
ptxas info    : Compile time = 11.614 ms
ptxas info    : Compiling entry function '_ZN3aut17format_strategies14dot_map_reduceINS_7storage5e2m29ENS0_8strategyILNS0_11decode_kindE0ELi2ELNS0_14table_locationE0ELNS0_11unpack_kindE0EEEEEvPKNS2_5codecIT_E12storage_typeESE_mNS0_12table_bundleEPd' for 'sm_90'
ptxas info    : Function properties for _ZN3aut17format_strategies14dot_map_reduceINS_7storage5e2m29ENS0_8strategyILNS0_11decode_kindE0ELi2ELNS0_14table_locationE0ELNS0_11unpack_kindE0EEEEEvPKNS2_5codecIT_E12storage_typeESE_mNS0_12table_bundleEPd
    0 bytes stack frame, 0 bytes spill stores, 0 bytes spill loads
ptxas info    : Used 30 registers, used 1 barriers, 80 bytes smem
ptxas info    : Compile time = 8.725 ms
ptxas info    : Compiling entry function '_ZN3aut17format_strategies14dot_map_reduceINS_7storage5e2m29ENS0_8strategyILNS0_11decode_kindE0ELi1ELNS0_14table_locationE0ELNS0_11unpack_kindE0EEEEEvPKNS2_5codecIT_E12storage_typeESE_mNS0_12table_bundleEPd' for 'sm_90'
ptxas info    : Function properties for _ZN3aut17format_strategies14dot_map_reduceINS_7storage5e2m29ENS0_8strategyILNS0_11decode_kindE0ELi1ELNS0_14table_locationE0ELNS0_11unpack_kindE0EEEEEvPKNS2_5codecIT_E12storage_typeESE_mNS0_12table_bundleEPd
    0 bytes stack frame, 0 bytes spill stores, 0 bytes spill loads
ptxas info    : Used 28 registers, used 1 barriers, 80 bytes smem
ptxas info    : Compile time = 7.188 ms
ptxas info    : Compiling entry function '_ZN3aut17format_strategies4gemvINS_7storage5e1m30ENS0_8strategyILNS0_11decode_kindE8ELi8ELNS0_14table_locationE1ELNS0_11unpack_kindE0EEEEEvPKNS2_5codecIT_E12storage_typeESE_mmmNS0_12table_bundleEPd' for 'sm_90'
ptxas info    : Function properties for _ZN3aut17format_strategies4gemvINS_7storage5e1m30ENS0_8strategyILNS0_11decode_kindE8ELi8ELNS0_14table_locationE1ELNS0_11unpack_kindE0EEEEEvPKNS2_5codecIT_E12storage_typeESE_mmmNS0_12table_bundleEPd
    0 bytes stack frame, 0 bytes spill stores, 0 bytes spill loads
ptxas info    : Used 59 registers, used 1 barriers, 80 bytes smem
ptxas info    : Compile time = 17.618 ms
ptxas info    : Compiling entry function '_ZN3aut17format_strategies4gemvINS_7storage5e1m30ENS0_8strategyILNS0_11decode_kindE8ELi4ELNS0_14table_locationE1ELNS0_11unpack_kindE0EEEEEvPKNS2_5codecIT_E12storage_typeESE_mmmNS0_12table_bundleEPd' for 'sm_90'
ptxas info    : Function properties for _ZN3aut17format_strategies4gemvINS_7storage5e1m30ENS0_8strategyILNS0_11decode_kindE8ELi4ELNS0_14table_locationE1ELNS0_11unpack_kindE0EEEEEvPKNS2_5codecIT_E12storage_typeESE_mmmNS0_12table_bundleEPd
    0 bytes stack frame, 0 bytes spill stores, 0 bytes spill loads
ptxas info    : Used 37 registers, used 1 barriers, 80 bytes smem
ptxas info    : Compile time = 11.750 ms
ptxas info    : Compiling entry function '_ZN3aut17format_strategies4gemvINS_7storage5e1m30ENS0_8strategyILNS0_11decode_kindE8ELi8ELNS0_14table_locationE0ELNS0_11unpack_kindE0EEEEEvPKNS2_5codecIT_E12storage_typeESE_mmmNS0_12table_bundleEPd' for 'sm_90'
ptxas info    : Function properties for _ZN3aut17format_strategies4gemvINS_7storage5e1m30ENS0_8strategyILNS0_11decode_kindE8ELi8ELNS0_14table_locationE0ELNS0_11unpack_kindE0EEEEEvPKNS2_5codecIT_E12storage_typeESE_mmmNS0_12table_bundleEPd
    0 bytes stack frame, 0 bytes spill stores, 0 bytes spill loads
ptxas info    : Used 64 registers, used 1 barriers, 80 bytes smem
ptxas info    : Compile time = 17.658 ms
ptxas info    : Compiling entry function '_ZN3aut17format_strategies4gemvINS_7storage5e1m30ENS0_8strategyILNS0_11decode_kindE8ELi4ELNS0_14table_locationE0ELNS0_11unpack_kindE0EEEEEvPKNS2_5codecIT_E12storage_typeESE_mmmNS0_12table_bundleEPd' for 'sm_90'
ptxas info    : Function properties for _ZN3aut17format_strategies4gemvINS_7storage5e1m30ENS0_8strategyILNS0_11decode_kindE8ELi4ELNS0_14table_locationE0ELNS0_11unpack_kindE0EEEEEvPKNS2_5codecIT_E12storage_typeESE_mmmNS0_12table_bundleEPd
    0 bytes stack frame, 0 bytes spill stores, 0 bytes spill loads
ptxas info    : Used 40 registers, used 1 barriers, 80 bytes smem
ptxas info    : Compile time = 11.312 ms
ptxas info    : Compiling entry function '_ZN3aut17format_strategies4gemvINS_7storage5e1m30ENS0_8strategyILNS0_11decode_kindE2ELi8ELNS0_14table_locationE0ELNS0_11unpack_kindE0EEEEEvPKNS2_5codecIT_E12storage_typeESE_mmmNS0_12table_bundleEPd' for 'sm_90'
ptxas info    : Function properties for _ZN3aut17format_strategies4gemvINS_7storage5e1m30ENS0_8strategyILNS0_11decode_kindE2ELi8ELNS0_14table_locationE0ELNS0_11unpack_kindE0EEEEEvPKNS2_5codecIT_E12storage_typeESE_mmmNS0_12table_bundleEPd
    0 bytes stack frame, 0 bytes spill stores, 0 bytes spill loads
ptxas info    : Used 50 registers, used 1 barriers, 80 bytes smem
ptxas info    : Compile time = 17.883 ms
ptxas info    : Compiling entry function '_ZN3aut17format_strategies4gemvINS_7storage5e1m30ENS0_8strategyILNS0_11decode_kindE2ELi4ELNS0_14table_locationE0ELNS0_11unpack_kindE0EEEEEvPKNS2_5codecIT_E12storage_typeESE_mmmNS0_12table_bundleEPd' for 'sm_90'
ptxas info    : Function properties for _ZN3aut17format_strategies4gemvINS_7storage5e1m30ENS0_8strategyILNS0_11decode_kindE2ELi4ELNS0_14table_locationE0ELNS0_11unpack_kindE0EEEEEvPKNS2_5codecIT_E12storage_typeESE_mmmNS0_12table_bundleEPd
    0 bytes stack frame, 0 bytes spill stores, 0 bytes spill loads
ptxas info    : Used 31 registers, used 1 barriers, 80 bytes smem
ptxas info    : Compile time = 10.973 ms
ptxas info    : Compiling entry function '_ZN3aut17format_strategies4gemvINS_7storage5e1m30ENS0_8strategyILNS0_11decode_kindE2ELi2ELNS0_14table_locationE0ELNS0_11unpack_kindE0EEEEEvPKNS2_5codecIT_E12storage_typeESE_mmmNS0_12table_bundleEPd' for 'sm_90'
ptxas info    : Function properties for _ZN3aut17format_strategies4gemvINS_7storage5e1m30ENS0_8strategyILNS0_11decode_kindE2ELi2ELNS0_14table_locationE0ELNS0_11unpack_kindE0EEEEEvPKNS2_5codecIT_E12storage_typeESE_mmmNS0_12table_bundleEPd
    0 bytes stack frame, 0 bytes spill stores, 0 bytes spill loads
ptxas info    : Used 31 registers, used 1 barriers, 80 bytes smem
ptxas info    : Compile time = 8.352 ms
ptxas info    : Compiling entry function '_ZN3aut17format_strategies4gemvINS_7storage5e1m30ENS0_8strategyILNS0_11decode_kindE2ELi1ELNS0_14table_locationE0ELNS0_11unpack_kindE0EEEEEvPKNS2_5codecIT_E12storage_typeESE_mmmNS0_12table_bundleEPd' for 'sm_90'
ptxas info    : Function properties for _ZN3aut17format_strategies4gemvINS_7storage5e1m30ENS0_8strategyILNS0_11decode_kindE2ELi1ELNS0_14table_locationE0ELNS0_11unpack_kindE0EEEEEvPKNS2_5codecIT_E12storage_typeESE_mmmNS0_12table_bundleEPd
    0 bytes stack frame, 0 bytes spill stores, 0 bytes spill loads
ptxas info    : Used 27 registers, used 1 barriers, 80 bytes smem
ptxas info    : Compile time = 6.881 ms
ptxas info    : Compiling entry function '_ZN3aut17format_strategies4gemvINS_7storage5e1m30ENS0_8strategyILNS0_11decode_kindE1ELi8ELNS0_14table_locationE0ELNS0_11unpack_kindE0EEEEEvPKNS2_5codecIT_E12storage_typeESE_mmmNS0_12table_bundleEPd' for 'sm_90'
ptxas info    : Function properties for _ZN3aut17format_strategies4gemvINS_7storage5e1m30ENS0_8strategyILNS0_11decode_kindE1ELi8ELNS0_14table_locationE0ELNS0_11unpack_kindE0EEEEEvPKNS2_5codecIT_E12storage_typeESE_mmmNS0_12table_bundleEPd
    0 bytes stack frame, 0 bytes spill stores, 0 bytes spill loads
ptxas info    : Used 61 registers, used 1 barriers, 80 bytes smem
ptxas info    : Compile time = 15.956 ms
ptxas info    : Compiling entry function '_ZN3aut17format_strategies4gemvINS_7storage5e1m30ENS0_8strategyILNS0_11decode_kindE1ELi4ELNS0_14table_locationE0ELNS0_11unpack_kindE0EEEEEvPKNS2_5codecIT_E12storage_typeESE_mmmNS0_12table_bundleEPd' for 'sm_90'
ptxas info    : Function properties for _ZN3aut17format_strategies4gemvINS_7storage5e1m30ENS0_8strategyILNS0_11decode_kindE1ELi4ELNS0_14table_locationE0ELNS0_11unpack_kindE0EEEEEvPKNS2_5codecIT_E12storage_typeESE_mmmNS0_12table_bundleEPd
    0 bytes stack frame, 0 bytes spill stores, 0 bytes spill loads
ptxas info    : Used 39 registers, used 1 barriers, 80 bytes smem
ptxas info    : Compile time = 10.453 ms
ptxas info    : Compiling entry function '_ZN3aut17format_strategies4gemvINS_7storage5e1m30ENS0_8strategyILNS0_11decode_kindE1ELi2ELNS0_14table_locationE0ELNS0_11unpack_kindE0EEEEEvPKNS2_5codecIT_E12storage_typeESE_mmmNS0_12table_bundleEPd' for 'sm_90'
ptxas info    : Function properties for _ZN3aut17format_strategies4gemvINS_7storage5e1m30ENS0_8strategyILNS0_11decode_kindE1ELi2ELNS0_14table_locationE0ELNS0_11unpack_kindE0EEEEEvPKNS2_5codecIT_E12storage_typeESE_mmmNS0_12table_bundleEPd
    0 bytes stack frame, 0 bytes spill stores, 0 bytes spill loads
ptxas info    : Used 29 registers, used 1 barriers, 80 bytes smem
ptxas info    : Compile time = 8.084 ms
ptxas info    : Compiling entry function '_ZN3aut17format_strategies4gemvINS_7storage5e1m30ENS0_8strategyILNS0_11decode_kindE1ELi1ELNS0_14table_locationE0ELNS0_11unpack_kindE0EEEEEvPKNS2_5codecIT_E12storage_typeESE_mmmNS0_12table_bundleEPd' for 'sm_90'
ptxas info    : Function properties for _ZN3aut17format_strategies4gemvINS_7storage5e1m30ENS0_8strategyILNS0_11decode_kindE1ELi1ELNS0_14table_locationE0ELNS0_11unpack_kindE0EEEEEvPKNS2_5codecIT_E12storage_typeESE_mmmNS0_12table_bundleEPd
    0 bytes stack frame, 0 bytes spill stores, 0 bytes spill loads
ptxas info    : Used 22 registers, used 1 barriers, 80 bytes smem
ptxas info    : Compile time = 6.786 ms
ptxas info    : Compiling entry function '_ZN3aut17format_strategies4gemvINS_7storage5e1m30ENS0_8strategyILNS0_11decode_kindE4ELi8ELNS0_14table_locationE0ELNS0_11unpack_kindE0EEEEEvPKNS2_5codecIT_E12storage_typeESE_mmmNS0_12table_bundleEPd' for 'sm_90'
ptxas info    : Function properties for _ZN3aut17format_strategies4gemvINS_7storage5e1m30ENS0_8strategyILNS0_11decode_kindE4ELi8ELNS0_14table_locationE0ELNS0_11unpack_kindE0EEEEEvPKNS2_5codecIT_E12storage_typeESE_mmmNS0_12table_bundleEPd
    0 bytes stack frame, 0 bytes spill stores, 0 bytes spill loads
ptxas info    : Used 44 registers, used 1 barriers, 80 bytes smem
ptxas info    : Compile time = 7.105 ms
ptxas info    : Compiling entry function '_ZN3aut17format_strategies4gemvINS_7storage5e1m30ENS0_8strategyILNS0_11decode_kindE4ELi4ELNS0_14table_locationE0ELNS0_11unpack_kindE0EEEEEvPKNS2_5codecIT_E12storage_typeESE_mmmNS0_12table_bundleEPd' for 'sm_90'
ptxas info    : Function properties for _ZN3aut17format_strategies4gemvINS_7storage5e1m30ENS0_8strategyILNS0_11decode_kindE4ELi4ELNS0_14table_locationE0ELNS0_11unpack_kindE0EEEEEvPKNS2_5codecIT_E12storage_typeESE_mmmNS0_12table_bundleEPd
    0 bytes stack frame, 0 bytes spill stores, 0 bytes spill loads
ptxas info    : Used 32 registers, used 1 barriers, 80 bytes smem
ptxas info    : Compile time = 5.645 ms
ptxas info    : Compiling entry function '_ZN3aut17format_strategies4gemvINS_7storage5e1m30ENS0_8strategyILNS0_11decode_kindE4ELi2ELNS0_14table_locationE0ELNS0_11unpack_kindE0EEEEEvPKNS2_5codecIT_E12storage_typeESE_mmmNS0_12table_bundleEPd' for 'sm_90'
ptxas info    : Function properties for _ZN3aut17format_strategies4gemvINS_7storage5e1m30ENS0_8strategyILNS0_11decode_kindE4ELi2ELNS0_14table_locationE0ELNS0_11unpack_kindE0EEEEEvPKNS2_5codecIT_E12storage_typeESE_mmmNS0_12table_bundleEPd
    0 bytes stack frame, 0 bytes spill stores, 0 bytes spill loads
ptxas info    : Used 32 registers, used 1 barriers, 80 bytes smem
ptxas info    : Compile time = 5.020 ms
ptxas info    : Compiling entry function '_ZN3aut17format_strategies4gemvINS_7storage5e1m30ENS0_8strategyILNS0_11decode_kindE4ELi1ELNS0_14table_locationE0ELNS0_11unpack_kindE0EEEEEvPKNS2_5codecIT_E12storage_typeESE_mmmNS0_12table_bundleEPd' for 'sm_90'
ptxas info    : Function properties for _ZN3aut17format_strategies4gemvINS_7storage5e1m30ENS0_8strategyILNS0_11decode_kindE4ELi1ELNS0_14table_locationE0ELNS0_11unpack_kindE0EEEEEvPKNS2_5codecIT_E12storage_typeESE_mmmNS0_12table_bundleEPd
    0 bytes stack frame, 0 bytes spill stores, 0 bytes spill loads
ptxas info    : Used 27 registers, used 1 barriers, 80 bytes smem
ptxas info    : Compile time = 4.514 ms
ptxas info    : Compiling entry function '_ZN3aut17format_strategies4gemvINS_7storage5e1m30ENS0_8strategyILNS0_11decode_kindE0ELi8ELNS0_14table_locationE0ELNS0_11unpack_kindE0EEEEEvPKNS2_5codecIT_E12storage_typeESE_mmmNS0_12table_bundleEPd' for 'sm_90'
ptxas info    : Function properties for _ZN3aut17format_strategies4gemvINS_7storage5e1m30ENS0_8strategyILNS0_11decode_kindE0ELi8ELNS0_14table_locationE0ELNS0_11unpack_kindE0EEEEEvPKNS2_5codecIT_E12storage_typeESE_mmmNS0_12table_bundleEPd
    0 bytes stack frame, 0 bytes spill stores, 0 bytes spill loads
ptxas info    : Used 64 registers, used 1 barriers, 80 bytes smem
ptxas info    : Compile time = 16.067 ms
ptxas info    : Compiling entry function '_ZN3aut17format_strategies4gemvINS_7storage5e1m30ENS0_8strategyILNS0_11decode_kindE0ELi4ELNS0_14table_locationE0ELNS0_11unpack_kindE0EEEEEvPKNS2_5codecIT_E12storage_typeESE_mmmNS0_12table_bundleEPd' for 'sm_90'
ptxas info    : Function properties for _ZN3aut17format_strategies4gemvINS_7storage5e1m30ENS0_8strategyILNS0_11decode_kindE0ELi4ELNS0_14table_locationE0ELNS0_11unpack_kindE0EEEEEvPKNS2_5codecIT_E12storage_typeESE_mmmNS0_12table_bundleEPd
    0 bytes stack frame, 0 bytes spill stores, 0 bytes spill loads
ptxas info    : Used 40 registers, used 1 barriers, 80 bytes smem
ptxas info    : Compile time = 10.700 ms
ptxas info    : Compiling entry function '_ZN3aut17format_strategies4gemvINS_7storage5e1m30ENS0_8strategyILNS0_11decode_kindE0ELi2ELNS0_14table_locationE0ELNS0_11unpack_kindE0EEEEEvPKNS2_5codecIT_E12storage_typeESE_mmmNS0_12table_bundleEPd' for 'sm_90'
ptxas info    : Function properties for _ZN3aut17format_strategies4gemvINS_7storage5e1m30ENS0_8strategyILNS0_11decode_kindE0ELi2ELNS0_14table_locationE0ELNS0_11unpack_kindE0EEEEEvPKNS2_5codecIT_E12storage_typeESE_mmmNS0_12table_bundleEPd
    0 bytes stack frame, 0 bytes spill stores, 0 bytes spill loads
ptxas info    : Used 30 registers, used 1 barriers, 80 bytes smem
ptxas info    : Compile time = 8.275 ms
ptxas info    : Compiling entry function '_ZN3aut17format_strategies4gemvINS_7storage5e1m30ENS0_8strategyILNS0_11decode_kindE0ELi1ELNS0_14table_locationE0ELNS0_11unpack_kindE0EEEEEvPKNS2_5codecIT_E12storage_typeESE_mmmNS0_12table_bundleEPd' for 'sm_90'
ptxas info    : Function properties for _ZN3aut17format_strategies4gemvINS_7storage5e1m30ENS0_8strategyILNS0_11decode_kindE0ELi1ELNS0_14table_locationE0ELNS0_11unpack_kindE0EEEEEvPKNS2_5codecIT_E12storage_typeESE_mmmNS0_12table_bundleEPd
    0 bytes stack frame, 0 bytes spill stores, 0 bytes spill loads
ptxas info    : Used 26 registers, used 1 barriers, 80 bytes smem
ptxas info    : Compile time = 6.842 ms
ptxas info    : Compiling entry function '_ZN3aut17format_strategies14dot_map_reduceINS_7storage5e1m30ENS0_8strategyILNS0_11decode_kindE8ELi8ELNS0_14table_locationE1ELNS0_11unpack_kindE0EEEEEvPKNS2_5codecIT_E12storage_typeESE_mNS0_12table_bundleEPd' for 'sm_90'
ptxas info    : Function properties for _ZN3aut17format_strategies14dot_map_reduceINS_7storage5e1m30ENS0_8strategyILNS0_11decode_kindE8ELi8ELNS0_14table_locationE1ELNS0_11unpack_kindE0EEEEEvPKNS2_5codecIT_E12storage_typeESE_mNS0_12table_bundleEPd
    0 bytes stack frame, 0 bytes spill stores, 0 bytes spill loads
ptxas info    : Used 61 registers, used 1 barriers, 80 bytes smem
ptxas info    : Compile time = 17.370 ms
ptxas info    : Compiling entry function '_ZN3aut17format_strategies14dot_map_reduceINS_7storage5e1m30ENS0_8strategyILNS0_11decode_kindE8ELi4ELNS0_14table_locationE1ELNS0_11unpack_kindE0EEEEEvPKNS2_5codecIT_E12storage_typeESE_mNS0_12table_bundleEPd' for 'sm_90'
ptxas info    : Function properties for _ZN3aut17format_strategies14dot_map_reduceINS_7storage5e1m30ENS0_8strategyILNS0_11decode_kindE8ELi4ELNS0_14table_locationE1ELNS0_11unpack_kindE0EEEEEvPKNS2_5codecIT_E12storage_typeESE_mNS0_12table_bundleEPd
    0 bytes stack frame, 0 bytes spill stores, 0 bytes spill loads
ptxas info    : Used 40 registers, used 1 barriers, 80 bytes smem
ptxas info    : Compile time = 11.656 ms
ptxas info    : Compiling entry function '_ZN3aut17format_strategies14dot_map_reduceINS_7storage5e1m30ENS0_8strategyILNS0_11decode_kindE8ELi8ELNS0_14table_locationE0ELNS0_11unpack_kindE0EEEEEvPKNS2_5codecIT_E12storage_typeESE_mNS0_12table_bundleEPd' for 'sm_90'
ptxas info    : Function properties for _ZN3aut17format_strategies14dot_map_reduceINS_7storage5e1m30ENS0_8strategyILNS0_11decode_kindE8ELi8ELNS0_14table_locationE0ELNS0_11unpack_kindE0EEEEEvPKNS2_5codecIT_E12storage_typeESE_mNS0_12table_bundleEPd
    0 bytes stack frame, 0 bytes spill stores, 0 bytes spill loads
ptxas info    : Used 68 registers, used 1 barriers, 80 bytes smem
ptxas info    : Compile time = 17.129 ms
ptxas info    : Compiling entry function '_ZN3aut17format_strategies14dot_map_reduceINS_7storage5e1m30ENS0_8strategyILNS0_11decode_kindE8ELi4ELNS0_14table_locationE0ELNS0_11unpack_kindE0EEEEEvPKNS2_5codecIT_E12storage_typeESE_mNS0_12table_bundleEPd' for 'sm_90'
ptxas info    : Function properties for _ZN3aut17format_strategies14dot_map_reduceINS_7storage5e1m30ENS0_8strategyILNS0_11decode_kindE8ELi4ELNS0_14table_locationE0ELNS0_11unpack_kindE0EEEEEvPKNS2_5codecIT_E12storage_typeESE_mNS0_12table_bundleEPd
    0 bytes stack frame, 0 bytes spill stores, 0 bytes spill loads
ptxas info    : Used 40 registers, used 1 barriers, 80 bytes smem
ptxas info    : Compile time = 11.075 ms
ptxas info    : Compiling entry function '_ZN3aut17format_strategies14dot_map_reduceINS_7storage5e1m30ENS0_8strategyILNS0_11decode_kindE2ELi8ELNS0_14table_locationE0ELNS0_11unpack_kindE0EEEEEvPKNS2_5codecIT_E12storage_typeESE_mNS0_12table_bundleEPd' for 'sm_90'
ptxas info    : Function properties for _ZN3aut17format_strategies14dot_map_reduceINS_7storage5e1m30ENS0_8strategyILNS0_11decode_kindE2ELi8ELNS0_14table_locationE0ELNS0_11unpack_kindE0EEEEEvPKNS2_5codecIT_E12storage_typeESE_mNS0_12table_bundleEPd
    0 bytes stack frame, 0 bytes spill stores, 0 bytes spill loads
ptxas info    : Used 50 registers, used 1 barriers, 80 bytes smem
ptxas info    : Compile time = 17.248 ms
ptxas info    : Compiling entry function '_ZN3aut17format_strategies14dot_map_reduceINS_7storage5e1m30ENS0_8strategyILNS0_11decode_kindE2ELi4ELNS0_14table_locationE0ELNS0_11unpack_kindE0EEEEEvPKNS2_5codecIT_E12storage_typeESE_mNS0_12table_bundleEPd' for 'sm_90'
ptxas info    : Function properties for _ZN3aut17format_strategies14dot_map_reduceINS_7storage5e1m30ENS0_8strategyILNS0_11decode_kindE2ELi4ELNS0_14table_locationE0ELNS0_11unpack_kindE0EEEEEvPKNS2_5codecIT_E12storage_typeESE_mNS0_12table_bundleEPd
    0 bytes stack frame, 0 bytes spill stores, 0 bytes spill loads
ptxas info    : Used 40 registers, used 1 barriers, 80 bytes smem
ptxas info    : Compile time = 11.224 ms
ptxas info    : Compiling entry function '_ZN3aut17format_strategies14dot_map_reduceINS_7storage5e1m30ENS0_8strategyILNS0_11decode_kindE2ELi2ELNS0_14table_locationE0ELNS0_11unpack_kindE0EEEEEvPKNS2_5codecIT_E12storage_typeESE_mNS0_12table_bundleEPd' for 'sm_90'
ptxas info    : Function properties for _ZN3aut17format_strategies14dot_map_reduceINS_7storage5e1m30ENS0_8strategyILNS0_11decode_kindE2ELi2ELNS0_14table_locationE0ELNS0_11unpack_kindE0EEEEEvPKNS2_5codecIT_E12storage_typeESE_mNS0_12table_bundleEPd
    0 bytes stack frame, 0 bytes spill stores, 0 bytes spill loads
ptxas info    : Used 32 registers, used 1 barriers, 80 bytes smem
ptxas info    : Compile time = 8.161 ms
ptxas info    : Compiling entry function '_ZN3aut17format_strategies14dot_map_reduceINS_7storage5e1m30ENS0_8strategyILNS0_11decode_kindE2ELi1ELNS0_14table_locationE0ELNS0_11unpack_kindE0EEEEEvPKNS2_5codecIT_E12storage_typeESE_mNS0_12table_bundleEPd' for 'sm_90'
ptxas info    : Function properties for _ZN3aut17format_strategies14dot_map_reduceINS_7storage5e1m30ENS0_8strategyILNS0_11decode_kindE2ELi1ELNS0_14table_locationE0ELNS0_11unpack_kindE0EEEEEvPKNS2_5codecIT_E12storage_typeESE_mNS0_12table_bundleEPd
    0 bytes stack frame, 0 bytes spill stores, 0 bytes spill loads
ptxas info    : Used 28 registers, used 1 barriers, 80 bytes smem
ptxas info    : Compile time = 6.719 ms
ptxas info    : Compiling entry function '_ZN3aut17format_strategies14dot_map_reduceINS_7storage5e1m30ENS0_8strategyILNS0_11decode_kindE1ELi8ELNS0_14table_locationE0ELNS0_11unpack_kindE0EEEEEvPKNS2_5codecIT_E12storage_typeESE_mNS0_12table_bundleEPd' for 'sm_90'
ptxas info    : Function properties for _ZN3aut17format_strategies14dot_map_reduceINS_7storage5e1m30ENS0_8strategyILNS0_11decode_kindE1ELi8ELNS0_14table_locationE0ELNS0_11unpack_kindE0EEEEEvPKNS2_5codecIT_E12storage_typeESE_mNS0_12table_bundleEPd
    0 bytes stack frame, 0 bytes spill stores, 0 bytes spill loads
ptxas info    : Used 61 registers, used 1 barriers, 80 bytes smem
ptxas info    : Compile time = 15.476 ms
ptxas info    : Compiling entry function '_ZN3aut17format_strategies14dot_map_reduceINS_7storage5e1m30ENS0_8strategyILNS0_11decode_kindE1ELi4ELNS0_14table_locationE0ELNS0_11unpack_kindE0EEEEEvPKNS2_5codecIT_E12storage_typeESE_mNS0_12table_bundleEPd' for 'sm_90'
ptxas info    : Function properties for _ZN3aut17format_strategies14dot_map_reduceINS_7storage5e1m30ENS0_8strategyILNS0_11decode_kindE1ELi4ELNS0_14table_locationE0ELNS0_11unpack_kindE0EEEEEvPKNS2_5codecIT_E12storage_typeESE_mNS0_12table_bundleEPd
    0 bytes stack frame, 0 bytes spill stores, 0 bytes spill loads
ptxas info    : Used 40 registers, used 1 barriers, 80 bytes smem
ptxas info    : Compile time = 10.430 ms
ptxas info    : Compiling entry function '_ZN3aut17format_strategies14dot_map_reduceINS_7storage5e1m30ENS0_8strategyILNS0_11decode_kindE1ELi2ELNS0_14table_locationE0ELNS0_11unpack_kindE0EEEEEvPKNS2_5codecIT_E12storage_typeESE_mNS0_12table_bundleEPd' for 'sm_90'
ptxas info    : Function properties for _ZN3aut17format_strategies14dot_map_reduceINS_7storage5e1m30ENS0_8strategyILNS0_11decode_kindE1ELi2ELNS0_14table_locationE0ELNS0_11unpack_kindE0EEEEEvPKNS2_5codecIT_E12storage_typeESE_mNS0_12table_bundleEPd
    0 bytes stack frame, 0 bytes spill stores, 0 bytes spill loads
ptxas info    : Used 31 registers, used 1 barriers, 80 bytes smem
ptxas info    : Compile time = 7.844 ms
ptxas info    : Compiling entry function '_ZN3aut17format_strategies14dot_map_reduceINS_7storage5e1m30ENS0_8strategyILNS0_11decode_kindE1ELi1ELNS0_14table_locationE0ELNS0_11unpack_kindE0EEEEEvPKNS2_5codecIT_E12storage_typeESE_mNS0_12table_bundleEPd' for 'sm_90'
ptxas info    : Function properties for _ZN3aut17format_strategies14dot_map_reduceINS_7storage5e1m30ENS0_8strategyILNS0_11decode_kindE1ELi1ELNS0_14table_locationE0ELNS0_11unpack_kindE0EEEEEvPKNS2_5codecIT_E12storage_typeESE_mNS0_12table_bundleEPd
    0 bytes stack frame, 0 bytes spill stores, 0 bytes spill loads
ptxas info    : Used 28 registers, used 1 barriers, 80 bytes smem
ptxas info    : Compile time = 6.593 ms
ptxas info    : Compiling entry function '_ZN3aut17format_strategies14dot_map_reduceINS_7storage5e1m30ENS0_8strategyILNS0_11decode_kindE4ELi8ELNS0_14table_locationE0ELNS0_11unpack_kindE0EEEEEvPKNS2_5codecIT_E12storage_typeESE_mNS0_12table_bundleEPd' for 'sm_90'
ptxas info    : Function properties for _ZN3aut17format_strategies14dot_map_reduceINS_7storage5e1m30ENS0_8strategyILNS0_11decode_kindE4ELi8ELNS0_14table_locationE0ELNS0_11unpack_kindE0EEEEEvPKNS2_5codecIT_E12storage_typeESE_mNS0_12table_bundleEPd
    0 bytes stack frame, 0 bytes spill stores, 0 bytes spill loads
ptxas info    : Used 48 registers, used 1 barriers, 80 bytes smem
ptxas info    : Compile time = 7.074 ms
ptxas info    : Compiling entry function '_ZN3aut17format_strategies14dot_map_reduceINS_7storage5e1m30ENS0_8strategyILNS0_11decode_kindE4ELi4ELNS0_14table_locationE0ELNS0_11unpack_kindE0EEEEEvPKNS2_5codecIT_E12storage_typeESE_mNS0_12table_bundleEPd' for 'sm_90'
ptxas info    : Function properties for _ZN3aut17format_strategies14dot_map_reduceINS_7storage5e1m30ENS0_8strategyILNS0_11decode_kindE4ELi4ELNS0_14table_locationE0ELNS0_11unpack_kindE0EEEEEvPKNS2_5codecIT_E12storage_typeESE_mNS0_12table_bundleEPd
    0 bytes stack frame, 0 bytes spill stores, 0 bytes spill loads
ptxas info    : Used 32 registers, used 1 barriers, 80 bytes smem
ptxas info    : Compile time = 5.562 ms
ptxas info    : Compiling entry function '_ZN3aut17format_strategies14dot_map_reduceINS_7storage5e1m30ENS0_8strategyILNS0_11decode_kindE4ELi2ELNS0_14table_locationE0ELNS0_11unpack_kindE0EEEEEvPKNS2_5codecIT_E12storage_typeESE_mNS0_12table_bundleEPd' for 'sm_90'
ptxas info    : Function properties for _ZN3aut17format_strategies14dot_map_reduceINS_7storage5e1m30ENS0_8strategyILNS0_11decode_kindE4ELi2ELNS0_14table_locationE0ELNS0_11unpack_kindE0EEEEEvPKNS2_5codecIT_E12storage_typeESE_mNS0_12table_bundleEPd
    0 bytes stack frame, 0 bytes spill stores, 0 bytes spill loads
ptxas info    : Used 31 registers, used 1 barriers, 80 bytes smem
ptxas info    : Compile time = 4.768 ms
ptxas info    : Compiling entry function '_ZN3aut17format_strategies14dot_map_reduceINS_7storage5e1m30ENS0_8strategyILNS0_11decode_kindE4ELi1ELNS0_14table_locationE0ELNS0_11unpack_kindE0EEEEEvPKNS2_5codecIT_E12storage_typeESE_mNS0_12table_bundleEPd' for 'sm_90'
ptxas info    : Function properties for _ZN3aut17format_strategies14dot_map_reduceINS_7storage5e1m30ENS0_8strategyILNS0_11decode_kindE4ELi1ELNS0_14table_locationE0ELNS0_11unpack_kindE0EEEEEvPKNS2_5codecIT_E12storage_typeESE_mNS0_12table_bundleEPd
    0 bytes stack frame, 0 bytes spill stores, 0 bytes spill loads
ptxas info    : Used 28 registers, used 1 barriers, 80 bytes smem
ptxas info    : Compile time = 4.329 ms
ptxas info    : Compiling entry function '_ZN3aut17format_strategies14dot_map_reduceINS_7storage5e1m30ENS0_8strategyILNS0_11decode_kindE0ELi8ELNS0_14table_locationE0ELNS0_11unpack_kindE0EEEEEvPKNS2_5codecIT_E12storage_typeESE_mNS0_12table_bundleEPd' for 'sm_90'
ptxas info    : Function properties for _ZN3aut17format_strategies14dot_map_reduceINS_7storage5e1m30ENS0_8strategyILNS0_11decode_kindE0ELi8ELNS0_14table_locationE0ELNS0_11unpack_kindE0EEEEEvPKNS2_5codecIT_E12storage_typeESE_mNS0_12table_bundleEPd
    0 bytes stack frame, 0 bytes spill stores, 0 bytes spill loads
ptxas info    : Used 64 registers, used 1 barriers, 80 bytes smem
ptxas info    : Compile time = 15.843 ms
ptxas info    : Compiling entry function '_ZN3aut17format_strategies14dot_map_reduceINS_7storage5e1m30ENS0_8strategyILNS0_11decode_kindE0ELi4ELNS0_14table_locationE0ELNS0_11unpack_kindE0EEEEEvPKNS2_5codecIT_E12storage_typeESE_mNS0_12table_bundleEPd' for 'sm_90'
ptxas info    : Function properties for _ZN3aut17format_strategies14dot_map_reduceINS_7storage5e1m30ENS0_8strategyILNS0_11decode_kindE0ELi4ELNS0_14table_locationE0ELNS0_11unpack_kindE0EEEEEvPKNS2_5codecIT_E12storage_typeESE_mNS0_12table_bundleEPd
    0 bytes stack frame, 0 bytes spill stores, 0 bytes spill loads
ptxas info    : Used 40 registers, used 1 barriers, 80 bytes smem
ptxas info    : Compile time = 10.525 ms
ptxas info    : Compiling entry function '_ZN3aut17format_strategies14dot_map_reduceINS_7storage5e1m30ENS0_8strategyILNS0_11decode_kindE0ELi2ELNS0_14table_locationE0ELNS0_11unpack_kindE0EEEEEvPKNS2_5codecIT_E12storage_typeESE_mNS0_12table_bundleEPd' for 'sm_90'
ptxas info    : Function properties for _ZN3aut17format_strategies14dot_map_reduceINS_7storage5e1m30ENS0_8strategyILNS0_11decode_kindE0ELi2ELNS0_14table_locationE0ELNS0_11unpack_kindE0EEEEEvPKNS2_5codecIT_E12storage_typeESE_mNS0_12table_bundleEPd
    0 bytes stack frame, 0 bytes spill stores, 0 bytes spill loads
ptxas info    : Used 31 registers, used 1 barriers, 80 bytes smem
ptxas info    : Compile time = 8.063 ms
ptxas info    : Compiling entry function '_ZN3aut17format_strategies14dot_map_reduceINS_7storage5e1m30ENS0_8strategyILNS0_11decode_kindE0ELi1ELNS0_14table_locationE0ELNS0_11unpack_kindE0EEEEEvPKNS2_5codecIT_E12storage_typeESE_mNS0_12table_bundleEPd' for 'sm_90'
ptxas info    : Function properties for _ZN3aut17format_strategies14dot_map_reduceINS_7storage5e1m30ENS0_8strategyILNS0_11decode_kindE0ELi1ELNS0_14table_locationE0ELNS0_11unpack_kindE0EEEEEvPKNS2_5codecIT_E12storage_typeESE_mNS0_12table_bundleEPd
    0 bytes stack frame, 0 bytes spill stores, 0 bytes spill loads
ptxas info    : Used 30 registers, used 1 barriers, 80 bytes smem
ptxas info    : Compile time = 6.725 ms
ptxas info    : Compiling entry function '_ZN3aut17format_strategies4gemvINS_7storage5e11m4ENS0_8strategyILNS0_11decode_kindE6ELi8ELNS0_14table_locationE0ELNS0_11unpack_kindE0EEEEEvPKNS2_5codecIT_E12storage_typeESE_mmmNS0_12table_bundleEPd' for 'sm_90'
ptxas info    : Function properties for _ZN3aut17format_strategies4gemvINS_7storage5e11m4ENS0_8strategyILNS0_11decode_kindE6ELi8ELNS0_14table_locationE0ELNS0_11unpack_kindE0EEEEEvPKNS2_5codecIT_E12storage_typeESE_mmmNS0_12table_bundleEPd
    0 bytes stack frame, 0 bytes spill stores, 0 bytes spill loads
ptxas info    : Used 48 registers, used 1 barriers, 80 bytes smem
ptxas info    : Compile time = 6.665 ms
ptxas info    : Compiling entry function '_ZN3aut17format_strategies4gemvINS_7storage5e11m4ENS0_8strategyILNS0_11decode_kindE6ELi4ELNS0_14table_locationE0ELNS0_11unpack_kindE0EEEEEvPKNS2_5codecIT_E12storage_typeESE_mmmNS0_12table_bundleEPd' for 'sm_90'
ptxas info    : Function properties for _ZN3aut17format_strategies4gemvINS_7storage5e11m4ENS0_8strategyILNS0_11decode_kindE6ELi4ELNS0_14table_locationE0ELNS0_11unpack_kindE0EEEEEvPKNS2_5codecIT_E12storage_typeESE_mmmNS0_12table_bundleEPd
    0 bytes stack frame, 0 bytes spill stores, 0 bytes spill loads
ptxas info    : Used 32 registers, used 1 barriers, 80 bytes smem
ptxas info    : Compile time = 5.481 ms
ptxas info    : Compiling entry function '_ZN3aut17format_strategies4gemvINS_7storage5e11m4ENS0_8strategyILNS0_11decode_kindE6ELi1ELNS0_14table_locationE0ELNS0_11unpack_kindE0EEEEEvPKNS2_5codecIT_E12storage_typeESE_mmmNS0_12table_bundleEPd' for 'sm_90'
ptxas info    : Function properties for _ZN3aut17format_strategies4gemvINS_7storage5e11m4ENS0_8strategyILNS0_11decode_kindE6ELi1ELNS0_14table_locationE0ELNS0_11unpack_kindE0EEEEEvPKNS2_5codecIT_E12storage_typeESE_mmmNS0_12table_bundleEPd
    0 bytes stack frame, 0 bytes spill stores, 0 bytes spill loads
ptxas info    : Used 24 registers, used 1 barriers, 80 bytes smem
ptxas info    : Compile time = 4.334 ms
ptxas info    : Compiling entry function '_ZN3aut17format_strategies4gemvINS_7storage5e11m4ENS0_8strategyILNS0_11decode_kindE5ELi8ELNS0_14table_locationE0ELNS0_11unpack_kindE0EEEEEvPKNS2_5codecIT_E12storage_typeESE_mmmNS0_12table_bundleEPd' for 'sm_90'
ptxas info    : Function properties for _ZN3aut17format_strategies4gemvINS_7storage5e11m4ENS0_8strategyILNS0_11decode_kindE5ELi8ELNS0_14table_locationE0ELNS0_11unpack_kindE0EEEEEvPKNS2_5codecIT_E12storage_typeESE_mmmNS0_12table_bundleEPd
    0 bytes stack frame, 0 bytes spill stores, 0 bytes spill loads
ptxas info    : Used 44 registers, used 1 barriers, 80 bytes smem
ptxas info    : Compile time = 5.396 ms
ptxas info    : Compiling entry function '_ZN3aut17format_strategies4gemvINS_7storage5e11m4ENS0_8strategyILNS0_11decode_kindE5ELi4ELNS0_14table_locationE0ELNS0_11unpack_kindE0EEEEEvPKNS2_5codecIT_E12storage_typeESE_mmmNS0_12table_bundleEPd' for 'sm_90'
ptxas info    : Function properties for _ZN3aut17format_strategies4gemvINS_7storage5e11m4ENS0_8strategyILNS0_11decode_kindE5ELi4ELNS0_14table_locationE0ELNS0_11unpack_kindE0EEEEEvPKNS2_5codecIT_E12storage_typeESE_mmmNS0_12table_bundleEPd
    0 bytes stack frame, 0 bytes spill stores, 0 bytes spill loads
ptxas info    : Used 30 registers, used 1 barriers, 80 bytes smem
ptxas info    : Compile time = 4.820 ms
ptxas info    : Compiling entry function '_ZN3aut17format_strategies4gemvINS_7storage5e11m4ENS0_8strategyILNS0_11decode_kindE5ELi2ELNS0_14table_locationE0ELNS0_11unpack_kindE0EEEEEvPKNS2_5codecIT_E12storage_typeESE_mmmNS0_12table_bundleEPd' for 'sm_90'
ptxas info    : Function properties for _ZN3aut17format_strategies4gemvINS_7storage5e11m4ENS0_8strategyILNS0_11decode_kindE5ELi2ELNS0_14table_locationE0ELNS0_11unpack_kindE0EEEEEvPKNS2_5codecIT_E12storage_typeESE_mmmNS0_12table_bundleEPd
    0 bytes stack frame, 0 bytes spill stores, 0 bytes spill loads
ptxas info    : Used 25 registers, used 1 barriers, 80 bytes smem
ptxas info    : Compile time = 4.557 ms
ptxas info    : Compiling entry function '_ZN3aut17format_strategies4gemvINS_7storage5e11m4ENS0_8strategyILNS0_11decode_kindE5ELi1ELNS0_14table_locationE0ELNS0_11unpack_kindE0EEEEEvPKNS2_5codecIT_E12storage_typeESE_mmmNS0_12table_bundleEPd' for 'sm_90'
ptxas info    : Function properties for _ZN3aut17format_strategies4gemvINS_7storage5e11m4ENS0_8strategyILNS0_11decode_kindE5ELi1ELNS0_14table_locationE0ELNS0_11unpack_kindE0EEEEEvPKNS2_5codecIT_E12storage_typeESE_mmmNS0_12table_bundleEPd
    0 bytes stack frame, 0 bytes spill stores, 0 bytes spill loads
ptxas info    : Used 23 registers, used 1 barriers, 80 bytes smem
ptxas info    : Compile time = 4.233 ms
ptxas info    : Compiling entry function '_ZN3aut17format_strategies4gemvINS_7storage5e11m4ENS0_8strategyILNS0_11decode_kindE0ELi8ELNS0_14table_locationE0ELNS0_11unpack_kindE0EEEEEvPKNS2_5codecIT_E12storage_typeESE_mmmNS0_12table_bundleEPd' for 'sm_90'
ptxas info    : Function properties for _ZN3aut17format_strategies4gemvINS_7storage5e11m4ENS0_8strategyILNS0_11decode_kindE0ELi8ELNS0_14table_locationE0ELNS0_11unpack_kindE0EEEEEvPKNS2_5codecIT_E12storage_typeESE_mmmNS0_12table_bundleEPd
    0 bytes stack frame, 0 bytes spill stores, 0 bytes spill loads
ptxas info    : Used 36 registers, used 1 barriers, 80 bytes smem
ptxas info    : Compile time = 5.500 ms
ptxas info    : Compiling entry function '_ZN3aut17format_strategies4gemvINS_7storage5e11m4ENS0_8strategyILNS0_11decode_kindE0ELi4ELNS0_14table_locationE0ELNS0_11unpack_kindE0EEEEEvPKNS2_5codecIT_E12storage_typeESE_mmmNS0_12table_bundleEPd' for 'sm_90'
ptxas info    : Function properties for _ZN3aut17format_strategies4gemvINS_7storage5e11m4ENS0_8strategyILNS0_11decode_kindE0ELi4ELNS0_14table_locationE0ELNS0_11unpack_kindE0EEEEEvPKNS2_5codecIT_E12storage_typeESE_mmmNS0_12table_bundleEPd
    0 bytes stack frame, 0 bytes spill stores, 0 bytes spill loads
ptxas info    : Used 30 registers, used 1 barriers, 80 bytes smem
ptxas info    : Compile time = 4.918 ms
ptxas info    : Compiling entry function '_ZN3aut17format_strategies4gemvINS_7storage5e11m4ENS0_8strategyILNS0_11decode_kindE0ELi2ELNS0_14table_locationE0ELNS0_11unpack_kindE0EEEEEvPKNS2_5codecIT_E12storage_typeESE_mmmNS0_12table_bundleEPd' for 'sm_90'
ptxas info    : Function properties for _ZN3aut17format_strategies4gemvINS_7storage5e11m4ENS0_8strategyILNS0_11decode_kindE0ELi2ELNS0_14table_locationE0ELNS0_11unpack_kindE0EEEEEvPKNS2_5codecIT_E12storage_typeESE_mmmNS0_12table_bundleEPd
    0 bytes stack frame, 0 bytes spill stores, 0 bytes spill loads
ptxas info    : Used 24 registers, used 1 barriers, 80 bytes smem
ptxas info    : Compile time = 4.557 ms
ptxas info    : Compiling entry function '_ZN3aut17format_strategies4gemvINS_7storage5e11m4ENS0_8strategyILNS0_11decode_kindE0ELi1ELNS0_14table_locationE0ELNS0_11unpack_kindE0EEEEEvPKNS2_5codecIT_E12storage_typeESE_mmmNS0_12table_bundleEPd' for 'sm_90'
ptxas info    : Function properties for _ZN3aut17format_strategies4gemvINS_7storage5e11m4ENS0_8strategyILNS0_11decode_kindE0ELi1ELNS0_14table_locationE0ELNS0_11unpack_kindE0EEEEEvPKNS2_5codecIT_E12storage_typeESE_mmmNS0_12table_bundleEPd
    0 bytes stack frame, 0 bytes spill stores, 0 bytes spill loads
ptxas info    : Used 23 registers, used 1 barriers, 80 bytes smem
ptxas info    : Compile time = 4.234 ms
ptxas info    : Compiling entry function '_ZN3aut17format_strategies14dot_map_reduceINS_7storage5e11m4ENS0_8strategyILNS0_11decode_kindE6ELi8ELNS0_14table_locationE0ELNS0_11unpack_kindE0EEEEEvPKNS2_5codecIT_E12storage_typeESE_mNS0_12table_bundleEPd' for 'sm_90'
ptxas info    : Function properties for _ZN3aut17format_strategies14dot_map_reduceINS_7storage5e11m4ENS0_8strategyILNS0_11decode_kindE6ELi8ELNS0_14table_locationE0ELNS0_11unpack_kindE0EEEEEvPKNS2_5codecIT_E12storage_typeESE_mNS0_12table_bundleEPd
    0 bytes stack frame, 0 bytes spill stores, 0 bytes spill loads
ptxas info    : Used 44 registers, used 1 barriers, 80 bytes smem
ptxas info    : Compile time = 6.611 ms
ptxas info    : Compiling entry function '_ZN3aut17format_strategies14dot_map_reduceINS_7storage5e11m4ENS0_8strategyILNS0_11decode_kindE6ELi4ELNS0_14table_locationE0ELNS0_11unpack_kindE0EEEEEvPKNS2_5codecIT_E12storage_typeESE_mNS0_12table_bundleEPd' for 'sm_90'
ptxas info    : Function properties for _ZN3aut17format_strategies14dot_map_reduceINS_7storage5e11m4ENS0_8strategyILNS0_11decode_kindE6ELi4ELNS0_14table_locationE0ELNS0_11unpack_kindE0EEEEEvPKNS2_5codecIT_E12storage_typeESE_mNS0_12table_bundleEPd
    0 bytes stack frame, 0 bytes spill stores, 0 bytes spill loads
ptxas info    : Used 34 registers, used 1 barriers, 80 bytes smem
ptxas info    : Compile time = 5.656 ms
ptxas info    : Compiling entry function '_ZN3aut17format_strategies14dot_map_reduceINS_7storage5e11m4ENS0_8strategyILNS0_11decode_kindE6ELi1ELNS0_14table_locationE0ELNS0_11unpack_kindE0EEEEEvPKNS2_5codecIT_E12storage_typeESE_mNS0_12table_bundleEPd' for 'sm_90'
ptxas info    : Function properties for _ZN3aut17format_strategies14dot_map_reduceINS_7storage5e11m4ENS0_8strategyILNS0_11decode_kindE6ELi1ELNS0_14table_locationE0ELNS0_11unpack_kindE0EEEEEvPKNS2_5codecIT_E12storage_typeESE_mNS0_12table_bundleEPd
    0 bytes stack frame, 0 bytes spill stores, 0 bytes spill loads
ptxas info    : Used 26 registers, used 1 barriers, 80 bytes smem
ptxas info    : Compile time = 4.267 ms
ptxas info    : Compiling entry function '_ZN3aut17format_strategies14dot_map_reduceINS_7storage5e11m4ENS0_8strategyILNS0_11decode_kindE5ELi8ELNS0_14table_locationE0ELNS0_11unpack_kindE0EEEEEvPKNS2_5codecIT_E12storage_typeESE_mNS0_12table_bundleEPd' for 'sm_90'
ptxas info    : Function properties for _ZN3aut17format_strategies14dot_map_reduceINS_7storage5e11m4ENS0_8strategyILNS0_11decode_kindE5ELi8ELNS0_14table_locationE0ELNS0_11unpack_kindE0EEEEEvPKNS2_5codecIT_E12storage_typeESE_mNS0_12table_bundleEPd
    0 bytes stack frame, 0 bytes spill stores, 0 bytes spill loads
ptxas info    : Used 40 registers, used 1 barriers, 80 bytes smem
ptxas info    : Compile time = 5.144 ms
ptxas info    : Compiling entry function '_ZN3aut17format_strategies14dot_map_reduceINS_7storage5e11m4ENS0_8strategyILNS0_11decode_kindE5ELi4ELNS0_14table_locationE0ELNS0_11unpack_kindE0EEEEEvPKNS2_5codecIT_E12storage_typeESE_mNS0_12table_bundleEPd' for 'sm_90'
ptxas info    : Function properties for _ZN3aut17format_strategies14dot_map_reduceINS_7storage5e11m4ENS0_8strategyILNS0_11decode_kindE5ELi4ELNS0_14table_locationE0ELNS0_11unpack_kindE0EEEEEvPKNS2_5codecIT_E12storage_typeESE_mNS0_12table_bundleEPd
    0 bytes stack frame, 0 bytes spill stores, 0 bytes spill loads
ptxas info    : Used 29 registers, used 1 barriers, 80 bytes smem
ptxas info    : Compile time = 4.661 ms
ptxas info    : Compiling entry function '_ZN3aut17format_strategies14dot_map_reduceINS_7storage5e11m4ENS0_8strategyILNS0_11decode_kindE5ELi2ELNS0_14table_locationE0ELNS0_11unpack_kindE0EEEEEvPKNS2_5codecIT_E12storage_typeESE_mNS0_12table_bundleEPd' for 'sm_90'
ptxas info    : Function properties for _ZN3aut17format_strategies14dot_map_reduceINS_7storage5e11m4ENS0_8strategyILNS0_11decode_kindE5ELi2ELNS0_14table_locationE0ELNS0_11unpack_kindE0EEEEEvPKNS2_5codecIT_E12storage_typeESE_mNS0_12table_bundleEPd
    0 bytes stack frame, 0 bytes spill stores, 0 bytes spill loads
ptxas info    : Used 30 registers, used 1 barriers, 80 bytes smem
ptxas info    : Compile time = 4.295 ms
ptxas info    : Compiling entry function '_ZN3aut17format_strategies14dot_map_reduceINS_7storage5e11m4ENS0_8strategyILNS0_11decode_kindE5ELi1ELNS0_14table_locationE0ELNS0_11unpack_kindE0EEEEEvPKNS2_5codecIT_E12storage_typeESE_mNS0_12table_bundleEPd' for 'sm_90'
ptxas info    : Function properties for _ZN3aut17format_strategies14dot_map_reduceINS_7storage5e11m4ENS0_8strategyILNS0_11decode_kindE5ELi1ELNS0_14table_locationE0ELNS0_11unpack_kindE0EEEEEvPKNS2_5codecIT_E12storage_typeESE_mNS0_12table_bundleEPd
    0 bytes stack frame, 0 bytes spill stores, 0 bytes spill loads
ptxas info    : Used 26 registers, used 1 barriers, 80 bytes smem
ptxas info    : Compile time = 4.066 ms
ptxas info    : Compiling entry function '_ZN3aut17format_strategies14dot_map_reduceINS_7storage5e11m4ENS0_8strategyILNS0_11decode_kindE0ELi8ELNS0_14table_locationE0ELNS0_11unpack_kindE0EEEEEvPKNS2_5codecIT_E12storage_typeESE_mNS0_12table_bundleEPd' for 'sm_90'
ptxas info    : Function properties for _ZN3aut17format_strategies14dot_map_reduceINS_7storage5e11m4ENS0_8strategyILNS0_11decode_kindE0ELi8ELNS0_14table_locationE0ELNS0_11unpack_kindE0EEEEEvPKNS2_5codecIT_E12storage_typeESE_mNS0_12table_bundleEPd
    0 bytes stack frame, 0 bytes spill stores, 0 bytes spill loads
ptxas info    : Used 37 registers, used 1 barriers, 80 bytes smem
ptxas info    : Compile time = 5.294 ms
ptxas info    : Compiling entry function '_ZN3aut17format_strategies14dot_map_reduceINS_7storage5e11m4ENS0_8strategyILNS0_11decode_kindE0ELi4ELNS0_14table_locationE0ELNS0_11unpack_kindE0EEEEEvPKNS2_5codecIT_E12storage_typeESE_mNS0_12table_bundleEPd' for 'sm_90'
ptxas info    : Function properties for _ZN3aut17format_strategies14dot_map_reduceINS_7storage5e11m4ENS0_8strategyILNS0_11decode_kindE0ELi4ELNS0_14table_locationE0ELNS0_11unpack_kindE0EEEEEvPKNS2_5codecIT_E12storage_typeESE_mNS0_12table_bundleEPd
    0 bytes stack frame, 0 bytes spill stores, 0 bytes spill loads
ptxas info    : Used 29 registers, used 1 barriers, 80 bytes smem
ptxas info    : Compile time = 4.712 ms
ptxas info    : Compiling entry function '_ZN3aut17format_strategies14dot_map_reduceINS_7storage5e11m4ENS0_8strategyILNS0_11decode_kindE0ELi2ELNS0_14table_locationE0ELNS0_11unpack_kindE0EEEEEvPKNS2_5codecIT_E12storage_typeESE_mNS0_12table_bundleEPd' for 'sm_90'
ptxas info    : Function properties for _ZN3aut17format_strategies14dot_map_reduceINS_7storage5e11m4ENS0_8strategyILNS0_11decode_kindE0ELi2ELNS0_14table_locationE0ELNS0_11unpack_kindE0EEEEEvPKNS2_5codecIT_E12storage_typeESE_mNS0_12table_bundleEPd
    0 bytes stack frame, 0 bytes spill stores, 0 bytes spill loads
ptxas info    : Used 26 registers, used 1 barriers, 80 bytes smem
ptxas info    : Compile time = 4.336 ms
ptxas info    : Compiling entry function '_ZN3aut17format_strategies14dot_map_reduceINS_7storage5e11m4ENS0_8strategyILNS0_11decode_kindE0ELi1ELNS0_14table_locationE0ELNS0_11unpack_kindE0EEEEEvPKNS2_5codecIT_E12storage_typeESE_mNS0_12table_bundleEPd' for 'sm_90'
ptxas info    : Function properties for _ZN3aut17format_strategies14dot_map_reduceINS_7storage5e11m4ENS0_8strategyILNS0_11decode_kindE0ELi1ELNS0_14table_locationE0ELNS0_11unpack_kindE0EEEEEvPKNS2_5codecIT_E12storage_typeESE_mNS0_12table_bundleEPd
    0 bytes stack frame, 0 bytes spill stores, 0 bytes spill loads
ptxas info    : Used 26 registers, used 1 barriers, 80 bytes smem
ptxas info    : Compile time = 4.063 ms
ptxas info    : Compiling entry function '_ZN3aut17format_strategies4gemvINS_7storage9bf16_e8m7ENS0_8strategyILNS0_11decode_kindE7ELi8ELNS0_14table_locationE1ELNS0_11unpack_kindE0EEEEEvPKNS2_5codecIT_E12storage_typeESE_mmmNS0_12table_bundleEPd' for 'sm_90'
ptxas info    : Function properties for _ZN3aut17format_strategies4gemvINS_7storage9bf16_e8m7ENS0_8strategyILNS0_11decode_kindE7ELi8ELNS0_14table_locationE1ELNS0_11unpack_kindE0EEEEEvPKNS2_5codecIT_E12storage_typeESE_mmmNS0_12table_bundleEPd
    0 bytes stack frame, 0 bytes spill stores, 0 bytes spill loads
ptxas info    : Used 44 registers, used 1 barriers, 80 bytes smem
ptxas info    : Compile time = 12.492 ms
ptxas info    : Compiling entry function '_ZN3aut17format_strategies4gemvINS_7storage9bf16_e8m7ENS0_8strategyILNS0_11decode_kindE7ELi8ELNS0_14table_locationE0ELNS0_11unpack_kindE0EEEEEvPKNS2_5codecIT_E12storage_typeESE_mmmNS0_12table_bundleEPd' for 'sm_90'
ptxas info    : Function properties for _ZN3aut17format_strategies4gemvINS_7storage9bf16_e8m7ENS0_8strategyILNS0_11decode_kindE7ELi8ELNS0_14table_locationE0ELNS0_11unpack_kindE0EEEEEvPKNS2_5codecIT_E12storage_typeESE_mmmNS0_12table_bundleEPd
    0 bytes stack frame, 0 bytes spill stores, 0 bytes spill loads
ptxas info    : Used 48 registers, used 1 barriers, 80 bytes smem
ptxas info    : Compile time = 11.216 ms
ptxas info    : Compiling entry function '_ZN3aut17format_strategies4gemvINS_7storage9bf16_e8m7ENS0_8strategyILNS0_11decode_kindE6ELi8ELNS0_14table_locationE0ELNS0_11unpack_kindE0EEEEEvPKNS2_5codecIT_E12storage_typeESE_mmmNS0_12table_bundleEPd' for 'sm_90'
ptxas info    : Function properties for _ZN3aut17format_strategies4gemvINS_7storage9bf16_e8m7ENS0_8strategyILNS0_11decode_kindE6ELi8ELNS0_14table_locationE0ELNS0_11unpack_kindE0EEEEEvPKNS2_5codecIT_E12storage_typeESE_mmmNS0_12table_bundleEPd
    0 bytes stack frame, 0 bytes spill stores, 0 bytes spill loads
ptxas info    : Used 48 registers, used 1 barriers, 80 bytes smem
ptxas info    : Compile time = 6.637 ms
ptxas info    : Compiling entry function '_ZN3aut17format_strategies4gemvINS_7storage9bf16_e8m7ENS0_8strategyILNS0_11decode_kindE6ELi4ELNS0_14table_locationE0ELNS0_11unpack_kindE0EEEEEvPKNS2_5codecIT_E12storage_typeESE_mmmNS0_12table_bundleEPd' for 'sm_90'
ptxas info    : Function properties for _ZN3aut17format_strategies4gemvINS_7storage9bf16_e8m7ENS0_8strategyILNS0_11decode_kindE6ELi4ELNS0_14table_locationE0ELNS0_11unpack_kindE0EEEEEvPKNS2_5codecIT_E12storage_typeESE_mmmNS0_12table_bundleEPd
    0 bytes stack frame, 0 bytes spill stores, 0 bytes spill loads
ptxas info    : Used 32 registers, used 1 barriers, 80 bytes smem
ptxas info    : Compile time = 5.477 ms
ptxas info    : Compiling entry function '_ZN3aut17format_strategies4gemvINS_7storage9bf16_e8m7ENS0_8strategyILNS0_11decode_kindE6ELi1ELNS0_14table_locationE0ELNS0_11unpack_kindE0EEEEEvPKNS2_5codecIT_E12storage_typeESE_mmmNS0_12table_bundleEPd' for 'sm_90'
ptxas info    : Function properties for _ZN3aut17format_strategies4gemvINS_7storage9bf16_e8m7ENS0_8strategyILNS0_11decode_kindE6ELi1ELNS0_14table_locationE0ELNS0_11unpack_kindE0EEEEEvPKNS2_5codecIT_E12storage_typeESE_mmmNS0_12table_bundleEPd
    0 bytes stack frame, 0 bytes spill stores, 0 bytes spill loads
ptxas info    : Used 24 registers, used 1 barriers, 80 bytes smem
ptxas info    : Compile time = 4.317 ms
ptxas info    : Compiling entry function '_ZN3aut17format_strategies4gemvINS_7storage9bf16_e8m7ENS0_8strategyILNS0_11decode_kindE3ELi8ELNS0_14table_locationE0ELNS0_11unpack_kindE0EEEEEvPKNS2_5codecIT_E12storage_typeESE_mmmNS0_12table_bundleEPd' for 'sm_90'
ptxas info    : Function properties for _ZN3aut17format_strategies4gemvINS_7storage9bf16_e8m7ENS0_8strategyILNS0_11decode_kindE3ELi8ELNS0_14table_locationE0ELNS0_11unpack_kindE0EEEEEvPKNS2_5codecIT_E12storage_typeESE_mmmNS0_12table_bundleEPd
    0 bytes stack frame, 0 bytes spill stores, 0 bytes spill loads
ptxas info    : Used 40 registers, used 1 barriers, 80 bytes smem
ptxas info    : Compile time = 5.457 ms
ptxas info    : Compiling entry function '_ZN3aut17format_strategies4gemvINS_7storage9bf16_e8m7ENS0_8strategyILNS0_11decode_kindE3ELi4ELNS0_14table_locationE0ELNS0_11unpack_kindE0EEEEEvPKNS2_5codecIT_E12storage_typeESE_mmmNS0_12table_bundleEPd' for 'sm_90'
ptxas info    : Function properties for _ZN3aut17format_strategies4gemvINS_7storage9bf16_e8m7ENS0_8strategyILNS0_11decode_kindE3ELi4ELNS0_14table_locationE0ELNS0_11unpack_kindE0EEEEEvPKNS2_5codecIT_E12storage_typeESE_mmmNS0_12table_bundleEPd
    0 bytes stack frame, 0 bytes spill stores, 0 bytes spill loads
ptxas info    : Used 29 registers, used 1 barriers, 80 bytes smem
ptxas info    : Compile time = 4.881 ms
ptxas info    : Compiling entry function '_ZN3aut17format_strategies4gemvINS_7storage9bf16_e8m7ENS0_8strategyILNS0_11decode_kindE3ELi1ELNS0_14table_locationE0ELNS0_11unpack_kindE0EEEEEvPKNS2_5codecIT_E12storage_typeESE_mmmNS0_12table_bundleEPd' for 'sm_90'
ptxas info    : Function properties for _ZN3aut17format_strategies4gemvINS_7storage9bf16_e8m7ENS0_8strategyILNS0_11decode_kindE3ELi1ELNS0_14table_locationE0ELNS0_11unpack_kindE0EEEEEvPKNS2_5codecIT_E12storage_typeESE_mmmNS0_12table_bundleEPd
    0 bytes stack frame, 0 bytes spill stores, 0 bytes spill loads
ptxas info    : Used 23 registers, used 1 barriers, 80 bytes smem
ptxas info    : Compile time = 4.258 ms
ptxas info    : Compiling entry function '_ZN3aut17format_strategies4gemvINS_7storage9bf16_e8m7ENS0_8strategyILNS0_11decode_kindE2ELi8ELNS0_14table_locationE0ELNS0_11unpack_kindE0EEEEEvPKNS2_5codecIT_E12storage_typeESE_mmmNS0_12table_bundleEPd' for 'sm_90'
ptxas info    : Function properties for _ZN3aut17format_strategies4gemvINS_7storage9bf16_e8m7ENS0_8strategyILNS0_11decode_kindE2ELi8ELNS0_14table_locationE0ELNS0_11unpack_kindE0EEEEEvPKNS2_5codecIT_E12storage_typeESE_mmmNS0_12table_bundleEPd
    0 bytes stack frame, 0 bytes spill stores, 0 bytes spill loads
ptxas info    : Used 48 registers, used 1 barriers, 80 bytes smem
ptxas info    : Compile time = 18.106 ms
ptxas info    : Compiling entry function '_ZN3aut17format_strategies4gemvINS_7storage9bf16_e8m7ENS0_8strategyILNS0_11decode_kindE2ELi4ELNS0_14table_locationE0ELNS0_11unpack_kindE0EEEEEvPKNS2_5codecIT_E12storage_typeESE_mmmNS0_12table_bundleEPd' for 'sm_90'
ptxas info    : Function properties for _ZN3aut17format_strategies4gemvINS_7storage9bf16_e8m7ENS0_8strategyILNS0_11decode_kindE2ELi4ELNS0_14table_locationE0ELNS0_11unpack_kindE0EEEEEvPKNS2_5codecIT_E12storage_typeESE_mmmNS0_12table_bundleEPd
    0 bytes stack frame, 0 bytes spill stores, 0 bytes spill loads
ptxas info    : Used 32 registers, used 1 barriers, 80 bytes smem
ptxas info    : Compile time = 11.241 ms
ptxas info    : Compiling entry function '_ZN3aut17format_strategies4gemvINS_7storage9bf16_e8m7ENS0_8strategyILNS0_11decode_kindE2ELi1ELNS0_14table_locationE0ELNS0_11unpack_kindE0EEEEEvPKNS2_5codecIT_E12storage_typeESE_mmmNS0_12table_bundleEPd' for 'sm_90'
ptxas info    : Function properties for _ZN3aut17format_strategies4gemvINS_7storage9bf16_e8m7ENS0_8strategyILNS0_11decode_kindE2ELi1ELNS0_14table_locationE0ELNS0_11unpack_kindE0EEEEEvPKNS2_5codecIT_E12storage_typeESE_mmmNS0_12table_bundleEPd
    0 bytes stack frame, 0 bytes spill stores, 0 bytes spill loads
ptxas info    : Used 26 registers, used 1 barriers, 80 bytes smem
ptxas info    : Compile time = 7.001 ms
ptxas info    : Compiling entry function '_ZN3aut17format_strategies4gemvINS_7storage9bf16_e8m7ENS0_8strategyILNS0_11decode_kindE1ELi8ELNS0_14table_locationE0ELNS0_11unpack_kindE0EEEEEvPKNS2_5codecIT_E12storage_typeESE_mmmNS0_12table_bundleEPd' for 'sm_90'
ptxas info    : Function properties for _ZN3aut17format_strategies4gemvINS_7storage9bf16_e8m7ENS0_8strategyILNS0_11decode_kindE1ELi8ELNS0_14table_locationE0ELNS0_11unpack_kindE0EEEEEvPKNS2_5codecIT_E12storage_typeESE_mmmNS0_12table_bundleEPd
    0 bytes stack frame, 0 bytes spill stores, 0 bytes spill loads
ptxas info    : Used 60 registers, used 1 barriers, 80 bytes smem
ptxas info    : Compile time = 16.665 ms
ptxas info    : Compiling entry function '_ZN3aut17format_strategies4gemvINS_7storage9bf16_e8m7ENS0_8strategyILNS0_11decode_kindE1ELi4ELNS0_14table_locationE0ELNS0_11unpack_kindE0EEEEEvPKNS2_5codecIT_E12storage_typeESE_mmmNS0_12table_bundleEPd' for 'sm_90'
ptxas info    : Function properties for _ZN3aut17format_strategies4gemvINS_7storage9bf16_e8m7ENS0_8strategyILNS0_11decode_kindE1ELi4ELNS0_14table_locationE0ELNS0_11unpack_kindE0EEEEEvPKNS2_5codecIT_E12storage_typeESE_mmmNS0_12table_bundleEPd
    0 bytes stack frame, 0 bytes spill stores, 0 bytes spill loads
ptxas info    : Used 38 registers, used 1 barriers, 80 bytes smem
ptxas info    : Compile time = 11.410 ms
ptxas info    : Compiling entry function '_ZN3aut17format_strategies4gemvINS_7storage9bf16_e8m7ENS0_8strategyILNS0_11decode_kindE1ELi1ELNS0_14table_locationE0ELNS0_11unpack_kindE0EEEEEvPKNS2_5codecIT_E12storage_typeESE_mmmNS0_12table_bundleEPd' for 'sm_90'
ptxas info    : Function properties for _ZN3aut17format_strategies4gemvINS_7storage9bf16_e8m7ENS0_8strategyILNS0_11decode_kindE1ELi1ELNS0_14table_locationE0ELNS0_11unpack_kindE0EEEEEvPKNS2_5codecIT_E12storage_typeESE_mmmNS0_12table_bundleEPd
    0 bytes stack frame, 0 bytes spill stores, 0 bytes spill loads
ptxas info    : Used 21 registers, used 1 barriers, 80 bytes smem
ptxas info    : Compile time = 7.088 ms
ptxas info    : Compiling entry function '_ZN3aut17format_strategies4gemvINS_7storage9bf16_e8m7ENS0_8strategyILNS0_11decode_kindE11ELi8ELNS0_14table_locationE0ELNS0_11unpack_kindE0EEEEEvPKNS2_5codecIT_E12storage_typeESE_mmmNS0_12table_bundleEPd' for 'sm_90'
ptxas info    : Function properties for _ZN3aut17format_strategies4gemvINS_7storage9bf16_e8m7ENS0_8strategyILNS0_11decode_kindE11ELi8ELNS0_14table_locationE0ELNS0_11unpack_kindE0EEEEEvPKNS2_5codecIT_E12storage_typeESE_mmmNS0_12table_bundleEPd
    0 bytes stack frame, 0 bytes spill stores, 0 bytes spill loads
ptxas info    : Used 39 registers, used 1 barriers, 80 bytes smem
ptxas info    : Compile time = 5.566 ms
ptxas info    : Compiling entry function '_ZN3aut17format_strategies4gemvINS_7storage9bf16_e8m7ENS0_8strategyILNS0_11decode_kindE11ELi4ELNS0_14table_locationE0ELNS0_11unpack_kindE0EEEEEvPKNS2_5codecIT_E12storage_typeESE_mmmNS0_12table_bundleEPd' for 'sm_90'
ptxas info    : Function properties for _ZN3aut17format_strategies4gemvINS_7storage9bf16_e8m7ENS0_8strategyILNS0_11decode_kindE11ELi4ELNS0_14table_locationE0ELNS0_11unpack_kindE0EEEEEvPKNS2_5codecIT_E12storage_typeESE_mmmNS0_12table_bundleEPd
    0 bytes stack frame, 0 bytes spill stores, 0 bytes spill loads
ptxas info    : Used 30 registers, used 1 barriers, 80 bytes smem
ptxas info    : Compile time = 4.947 ms
ptxas info    : Compiling entry function '_ZN3aut17format_strategies4gemvINS_7storage9bf16_e8m7ENS0_8strategyILNS0_11decode_kindE11ELi2ELNS0_14table_locationE0ELNS0_11unpack_kindE0EEEEEvPKNS2_5codecIT_E12storage_typeESE_mmmNS0_12table_bundleEPd' for 'sm_90'
ptxas info    : Function properties for _ZN3aut17format_strategies4gemvINS_7storage9bf16_e8m7ENS0_8strategyILNS0_11decode_kindE11ELi2ELNS0_14table_locationE0ELNS0_11unpack_kindE0EEEEEvPKNS2_5codecIT_E12storage_typeESE_mmmNS0_12table_bundleEPd
    0 bytes stack frame, 0 bytes spill stores, 0 bytes spill loads
ptxas info    : Used 25 registers, used 1 barriers, 80 bytes smem
ptxas info    : Compile time = 4.586 ms
ptxas info    : Compiling entry function '_ZN3aut17format_strategies4gemvINS_7storage9bf16_e8m7ENS0_8strategyILNS0_11decode_kindE10ELi1ELNS0_14table_locationE0ELNS0_11unpack_kindE0EEEEEvPKNS2_5codecIT_E12storage_typeESE_mmmNS0_12table_bundleEPd' for 'sm_90'
ptxas info    : Function properties for _ZN3aut17format_strategies4gemvINS_7storage9bf16_e8m7ENS0_8strategyILNS0_11decode_kindE10ELi1ELNS0_14table_locationE0ELNS0_11unpack_kindE0EEEEEvPKNS2_5codecIT_E12storage_typeESE_mmmNS0_12table_bundleEPd
    0 bytes stack frame, 0 bytes spill stores, 0 bytes spill loads
ptxas info    : Used 23 registers, used 1 barriers, 80 bytes smem
ptxas info    : Compile time = 4.249 ms
ptxas info    : Compiling entry function '_ZN3aut17format_strategies4gemvINS_7storage9bf16_e8m7ENS0_8strategyILNS0_11decode_kindE9ELi1ELNS0_14table_locationE0ELNS0_11unpack_kindE0EEEEEvPKNS2_5codecIT_E12storage_typeESE_mmmNS0_12table_bundleEPd' for 'sm_90'
ptxas info    : Function properties for _ZN3aut17format_strategies4gemvINS_7storage9bf16_e8m7ENS0_8strategyILNS0_11decode_kindE9ELi1ELNS0_14table_locationE0ELNS0_11unpack_kindE0EEEEEvPKNS2_5codecIT_E12storage_typeESE_mmmNS0_12table_bundleEPd
    0 bytes stack frame, 0 bytes spill stores, 0 bytes spill loads
ptxas info    : Used 23 registers, used 1 barriers, 80 bytes smem
ptxas info    : Compile time = 4.269 ms
ptxas info    : Compiling entry function '_ZN3aut17format_strategies4gemvINS_7storage9bf16_e8m7ENS0_8strategyILNS0_11decode_kindE0ELi1ELNS0_14table_locationE0ELNS0_11unpack_kindE0EEEEEvPKNS2_5codecIT_E12storage_typeESE_mmmNS0_12table_bundleEPd' for 'sm_90'
ptxas info    : Function properties for _ZN3aut17format_strategies4gemvINS_7storage9bf16_e8m7ENS0_8strategyILNS0_11decode_kindE0ELi1ELNS0_14table_locationE0ELNS0_11unpack_kindE0EEEEEvPKNS2_5codecIT_E12storage_typeESE_mmmNS0_12table_bundleEPd
    0 bytes stack frame, 0 bytes spill stores, 0 bytes spill loads
ptxas info    : Used 23 registers, used 1 barriers, 80 bytes smem
ptxas info    : Compile time = 4.262 ms
ptxas info    : Compiling entry function '_ZN3aut17format_strategies14dot_map_reduceINS_7storage9bf16_e8m7ENS0_8strategyILNS0_11decode_kindE7ELi8ELNS0_14table_locationE1ELNS0_11unpack_kindE0EEEEEvPKNS2_5codecIT_E12storage_typeESE_mNS0_12table_bundleEPd' for 'sm_90'
ptxas info    : Function properties for _ZN3aut17format_strategies14dot_map_reduceINS_7storage9bf16_e8m7ENS0_8strategyILNS0_11decode_kindE7ELi8ELNS0_14table_locationE1ELNS0_11unpack_kindE0EEEEEvPKNS2_5codecIT_E12storage_typeESE_mNS0_12table_bundleEPd
    0 bytes stack frame, 0 bytes spill stores, 0 bytes spill loads
ptxas info    : Used 48 registers, used 1 barriers, 80 bytes smem
ptxas info    : Compile time = 12.163 ms
ptxas info    : Compiling entry function '_ZN3aut17format_strategies14dot_map_reduceINS_7storage9bf16_e8m7ENS0_8strategyILNS0_11decode_kindE7ELi8ELNS0_14table_locationE0ELNS0_11unpack_kindE0EEEEEvPKNS2_5codecIT_E12storage_typeESE_mNS0_12table_bundleEPd' for 'sm_90'
ptxas info    : Function properties for _ZN3aut17format_strategies14dot_map_reduceINS_7storage9bf16_e8m7ENS0_8strategyILNS0_11decode_kindE7ELi8ELNS0_14table_locationE0ELNS0_11unpack_kindE0EEEEEvPKNS2_5codecIT_E12storage_typeESE_mNS0_12table_bundleEPd
    0 bytes stack frame, 0 bytes spill stores, 0 bytes spill loads
ptxas info    : Used 46 registers, used 1 barriers, 80 bytes smem
ptxas info    : Compile time = 11.126 ms
ptxas info    : Compiling entry function '_ZN3aut17format_strategies14dot_map_reduceINS_7storage9bf16_e8m7ENS0_8strategyILNS0_11decode_kindE6ELi8ELNS0_14table_locationE0ELNS0_11unpack_kindE0EEEEEvPKNS2_5codecIT_E12storage_typeESE_mNS0_12table_bundleEPd' for 'sm_90'
ptxas info    : Function properties for _ZN3aut17format_strategies14dot_map_reduceINS_7storage9bf16_e8m7ENS0_8strategyILNS0_11decode_kindE6ELi8ELNS0_14table_locationE0ELNS0_11unpack_kindE0EEEEEvPKNS2_5codecIT_E12storage_typeESE_mNS0_12table_bundleEPd
    0 bytes stack frame, 0 bytes spill stores, 0 bytes spill loads
ptxas info    : Used 44 registers, used 1 barriers, 80 bytes smem
ptxas info    : Compile time = 6.605 ms
ptxas info    : Compiling entry function '_ZN3aut17format_strategies14dot_map_reduceINS_7storage9bf16_e8m7ENS0_8strategyILNS0_11decode_kindE6ELi4ELNS0_14table_locationE0ELNS0_11unpack_kindE0EEEEEvPKNS2_5codecIT_E12storage_typeESE_mNS0_12table_bundleEPd' for 'sm_90'
ptxas info    : Function properties for _ZN3aut17format_strategies14dot_map_reduceINS_7storage9bf16_e8m7ENS0_8strategyILNS0_11decode_kindE6ELi4ELNS0_14table_locationE0ELNS0_11unpack_kindE0EEEEEvPKNS2_5codecIT_E12storage_typeESE_mNS0_12table_bundleEPd
    0 bytes stack frame, 0 bytes spill stores, 0 bytes spill loads
ptxas info    : Used 34 registers, used 1 barriers, 80 bytes smem
ptxas info    : Compile time = 5.523 ms
ptxas info    : Compiling entry function '_ZN3aut17format_strategies14dot_map_reduceINS_7storage9bf16_e8m7ENS0_8strategyILNS0_11decode_kindE6ELi1ELNS0_14table_locationE0ELNS0_11unpack_kindE0EEEEEvPKNS2_5codecIT_E12storage_typeESE_mNS0_12table_bundleEPd' for 'sm_90'
ptxas info    : Function properties for _ZN3aut17format_strategies14dot_map_reduceINS_7storage9bf16_e8m7ENS0_8strategyILNS0_11decode_kindE6ELi1ELNS0_14table_locationE0ELNS0_11unpack_kindE0EEEEEvPKNS2_5codecIT_E12storage_typeESE_mNS0_12table_bundleEPd
    0 bytes stack frame, 0 bytes spill stores, 0 bytes spill loads
ptxas info    : Used 26 registers, used 1 barriers, 80 bytes smem
ptxas info    : Compile time = 4.281 ms
ptxas info    : Compiling entry function '_ZN3aut17format_strategies14dot_map_reduceINS_7storage9bf16_e8m7ENS0_8strategyILNS0_11decode_kindE3ELi8ELNS0_14table_locationE0ELNS0_11unpack_kindE0EEEEEvPKNS2_5codecIT_E12storage_typeESE_mNS0_12table_bundleEPd' for 'sm_90'
ptxas info    : Function properties for _ZN3aut17format_strategies14dot_map_reduceINS_7storage9bf16_e8m7ENS0_8strategyILNS0_11decode_kindE3ELi8ELNS0_14table_locationE0ELNS0_11unpack_kindE0EEEEEvPKNS2_5codecIT_E12storage_typeESE_mNS0_12table_bundleEPd
    0 bytes stack frame, 0 bytes spill stores, 0 bytes spill loads
ptxas info    : Used 40 registers, used 1 barriers, 80 bytes smem
ptxas info    : Compile time = 5.275 ms
ptxas info    : Compiling entry function '_ZN3aut17format_strategies14dot_map_reduceINS_7storage9bf16_e8m7ENS0_8strategyILNS0_11decode_kindE3ELi4ELNS0_14table_locationE0ELNS0_11unpack_kindE0EEEEEvPKNS2_5codecIT_E12storage_typeESE_mNS0_12table_bundleEPd' for 'sm_90'
ptxas info    : Function properties for _ZN3aut17format_strategies14dot_map_reduceINS_7storage9bf16_e8m7ENS0_8strategyILNS0_11decode_kindE3ELi4ELNS0_14table_locationE0ELNS0_11unpack_kindE0EEEEEvPKNS2_5codecIT_E12storage_typeESE_mNS0_12table_bundleEPd
    0 bytes stack frame, 0 bytes spill stores, 0 bytes spill loads
ptxas info    : Used 31 registers, used 1 barriers, 80 bytes smem
ptxas info    : Compile time = 4.694 ms
ptxas info    : Compiling entry function '_ZN3aut17format_strategies14dot_map_reduceINS_7storage9bf16_e8m7ENS0_8strategyILNS0_11decode_kindE3ELi1ELNS0_14table_locationE0ELNS0_11unpack_kindE0EEEEEvPKNS2_5codecIT_E12storage_typeESE_mNS0_12table_bundleEPd' for 'sm_90'
ptxas info    : Function properties for _ZN3aut17format_strategies14dot_map_reduceINS_7storage9bf16_e8m7ENS0_8strategyILNS0_11decode_kindE3ELi1ELNS0_14table_locationE0ELNS0_11unpack_kindE0EEEEEvPKNS2_5codecIT_E12storage_typeESE_mNS0_12table_bundleEPd
    0 bytes stack frame, 0 bytes spill stores, 0 bytes spill loads
ptxas info    : Used 26 registers, used 1 barriers, 80 bytes smem
ptxas info    : Compile time = 4.092 ms
ptxas info    : Compiling entry function '_ZN3aut17format_strategies14dot_map_reduceINS_7storage9bf16_e8m7ENS0_8strategyILNS0_11decode_kindE2ELi8ELNS0_14table_locationE0ELNS0_11unpack_kindE0EEEEEvPKNS2_5codecIT_E12storage_typeESE_mNS0_12table_bundleEPd' for 'sm_90'
ptxas info    : Function properties for _ZN3aut17format_strategies14dot_map_reduceINS_7storage9bf16_e8m7ENS0_8strategyILNS0_11decode_kindE2ELi8ELNS0_14table_locationE0ELNS0_11unpack_kindE0EEEEEvPKNS2_5codecIT_E12storage_typeESE_mNS0_12table_bundleEPd
    0 bytes stack frame, 0 bytes spill stores, 0 bytes spill loads
ptxas info    : Used 68 registers, used 1 barriers, 80 bytes smem
ptxas info    : Compile time = 18.537 ms
ptxas info    : Compiling entry function '_ZN3aut17format_strategies14dot_map_reduceINS_7storage9bf16_e8m7ENS0_8strategyILNS0_11decode_kindE2ELi4ELNS0_14table_locationE0ELNS0_11unpack_kindE0EEEEEvPKNS2_5codecIT_E12storage_typeESE_mNS0_12table_bundleEPd' for 'sm_90'
ptxas info    : Function properties for _ZN3aut17format_strategies14dot_map_reduceINS_7storage9bf16_e8m7ENS0_8strategyILNS0_11decode_kindE2ELi4ELNS0_14table_locationE0ELNS0_11unpack_kindE0EEEEEvPKNS2_5codecIT_E12storage_typeESE_mNS0_12table_bundleEPd
    0 bytes stack frame, 0 bytes spill stores, 0 bytes spill loads
ptxas info    : Used 44 registers, used 1 barriers, 80 bytes smem
ptxas info    : Compile time = 11.829 ms
ptxas info    : Compiling entry function '_ZN3aut17format_strategies14dot_map_reduceINS_7storage9bf16_e8m7ENS0_8strategyILNS0_11decode_kindE2ELi1ELNS0_14table_locationE0ELNS0_11unpack_kindE0EEEEEvPKNS2_5codecIT_E12storage_typeESE_mNS0_12table_bundleEPd' for 'sm_90'
ptxas info    : Function properties for _ZN3aut17format_strategies14dot_map_reduceINS_7storage9bf16_e8m7ENS0_8strategyILNS0_11decode_kindE2ELi1ELNS0_14table_locationE0ELNS0_11unpack_kindE0EEEEEvPKNS2_5codecIT_E12storage_typeESE_mNS0_12table_bundleEPd
    0 bytes stack frame, 0 bytes spill stores, 0 bytes spill loads
ptxas info    : Used 28 registers, used 1 barriers, 80 bytes smem
ptxas info    : Compile time = 6.853 ms
ptxas info    : Compiling entry function '_ZN3aut17format_strategies14dot_map_reduceINS_7storage9bf16_e8m7ENS0_8strategyILNS0_11decode_kindE1ELi8ELNS0_14table_locationE0ELNS0_11unpack_kindE0EEEEEvPKNS2_5codecIT_E12storage_typeESE_mNS0_12table_bundleEPd' for 'sm_90'
ptxas info    : Function properties for _ZN3aut17format_strategies14dot_map_reduceINS_7storage9bf16_e8m7ENS0_8strategyILNS0_11decode_kindE1ELi8ELNS0_14table_locationE0ELNS0_11unpack_kindE0EEEEEvPKNS2_5codecIT_E12storage_typeESE_mNS0_12table_bundleEPd
    0 bytes stack frame, 0 bytes spill stores, 0 bytes spill loads
ptxas info    : Used 61 registers, used 1 barriers, 80 bytes smem
ptxas info    : Compile time = 16.211 ms
ptxas info    : Compiling entry function '_ZN3aut17format_strategies14dot_map_reduceINS_7storage9bf16_e8m7ENS0_8strategyILNS0_11decode_kindE1ELi4ELNS0_14table_locationE0ELNS0_11unpack_kindE0EEEEEvPKNS2_5codecIT_E12storage_typeESE_mNS0_12table_bundleEPd' for 'sm_90'
ptxas info    : Function properties for _ZN3aut17format_strategies14dot_map_reduceINS_7storage9bf16_e8m7ENS0_8strategyILNS0_11decode_kindE1ELi4ELNS0_14table_locationE0ELNS0_11unpack_kindE0EEEEEvPKNS2_5codecIT_E12storage_typeESE_mNS0_12table_bundleEPd
    0 bytes stack frame, 0 bytes spill stores, 0 bytes spill loads
ptxas info    : Used 40 registers, used 1 barriers, 80 bytes smem
ptxas info    : Compile time = 11.027 ms
ptxas info    : Compiling entry function '_ZN3aut17format_strategies14dot_map_reduceINS_7storage9bf16_e8m7ENS0_8strategyILNS0_11decode_kindE1ELi1ELNS0_14table_locationE0ELNS0_11unpack_kindE0EEEEEvPKNS2_5codecIT_E12storage_typeESE_mNS0_12table_bundleEPd' for 'sm_90'
ptxas info    : Function properties for _ZN3aut17format_strategies14dot_map_reduceINS_7storage9bf16_e8m7ENS0_8strategyILNS0_11decode_kindE1ELi1ELNS0_14table_locationE0ELNS0_11unpack_kindE0EEEEEvPKNS2_5codecIT_E12storage_typeESE_mNS0_12table_bundleEPd
    0 bytes stack frame, 0 bytes spill stores, 0 bytes spill loads
ptxas info    : Used 28 registers, used 1 barriers, 80 bytes smem
ptxas info    : Compile time = 6.916 ms
ptxas info    : Compiling entry function '_ZN3aut17format_strategies14dot_map_reduceINS_7storage9bf16_e8m7ENS0_8strategyILNS0_11decode_kindE11ELi8ELNS0_14table_locationE0ELNS0_11unpack_kindE0EEEEEvPKNS2_5codecIT_E12storage_typeESE_mNS0_12table_bundleEPd' for 'sm_90'
ptxas info    : Function properties for _ZN3aut17format_strategies14dot_map_reduceINS_7storage9bf16_e8m7ENS0_8strategyILNS0_11decode_kindE11ELi8ELNS0_14table_locationE0ELNS0_11unpack_kindE0EEEEEvPKNS2_5codecIT_E12storage_typeESE_mNS0_12table_bundleEPd
    0 bytes stack frame, 0 bytes spill stores, 0 bytes spill loads
ptxas info    : Used 40 registers, used 1 barriers, 80 bytes smem
ptxas info    : Compile time = 5.366 ms
ptxas info    : Compiling entry function '_ZN3aut17format_strategies14dot_map_reduceINS_7storage9bf16_e8m7ENS0_8strategyILNS0_11decode_kindE11ELi4ELNS0_14table_locationE0ELNS0_11unpack_kindE0EEEEEvPKNS2_5codecIT_E12storage_typeESE_mNS0_12table_bundleEPd' for 'sm_90'
ptxas info    : Function properties for _ZN3aut17format_strategies14dot_map_reduceINS_7storage9bf16_e8m7ENS0_8strategyILNS0_11decode_kindE11ELi4ELNS0_14table_locationE0ELNS0_11unpack_kindE0EEEEEvPKNS2_5codecIT_E12storage_typeESE_mNS0_12table_bundleEPd
    0 bytes stack frame, 0 bytes spill stores, 0 bytes spill loads
ptxas info    : Used 30 registers, used 1 barriers, 80 bytes smem
ptxas info    : Compile time = 4.734 ms
ptxas info    : Compiling entry function '_ZN3aut17format_strategies14dot_map_reduceINS_7storage9bf16_e8m7ENS0_8strategyILNS0_11decode_kindE11ELi2ELNS0_14table_locationE0ELNS0_11unpack_kindE0EEEEEvPKNS2_5codecIT_E12storage_typeESE_mNS0_12table_bundleEPd' for 'sm_90'
ptxas info    : Function properties for _ZN3aut17format_strategies14dot_map_reduceINS_7storage9bf16_e8m7ENS0_8strategyILNS0_11decode_kindE11ELi2ELNS0_14table_locationE0ELNS0_11unpack_kindE0EEEEEvPKNS2_5codecIT_E12storage_typeESE_mNS0_12table_bundleEPd
    0 bytes stack frame, 0 bytes spill stores, 0 bytes spill loads
ptxas info    : Used 27 registers, used 1 barriers, 80 bytes smem
ptxas info    : Compile time = 4.360 ms
ptxas info    : Compiling entry function '_ZN3aut17format_strategies14dot_map_reduceINS_7storage9bf16_e8m7ENS0_8strategyILNS0_11decode_kindE10ELi1ELNS0_14table_locationE0ELNS0_11unpack_kindE0EEEEEvPKNS2_5codecIT_E12storage_typeESE_mNS0_12table_bundleEPd' for 'sm_90'
ptxas info    : Function properties for _ZN3aut17format_strategies14dot_map_reduceINS_7storage9bf16_e8m7ENS0_8strategyILNS0_11decode_kindE10ELi1ELNS0_14table_locationE0ELNS0_11unpack_kindE0EEEEEvPKNS2_5codecIT_E12storage_typeESE_mNS0_12table_bundleEPd
    0 bytes stack frame, 0 bytes spill stores, 0 bytes spill loads
ptxas info    : Used 26 registers, used 1 barriers, 80 bytes smem
ptxas info    : Compile time = 4.069 ms
ptxas info    : Compiling entry function '_ZN3aut17format_strategies14dot_map_reduceINS_7storage9bf16_e8m7ENS0_8strategyILNS0_11decode_kindE9ELi1ELNS0_14table_locationE0ELNS0_11unpack_kindE0EEEEEvPKNS2_5codecIT_E12storage_typeESE_mNS0_12table_bundleEPd' for 'sm_90'
ptxas info    : Function properties for _ZN3aut17format_strategies14dot_map_reduceINS_7storage9bf16_e8m7ENS0_8strategyILNS0_11decode_kindE9ELi1ELNS0_14table_locationE0ELNS0_11unpack_kindE0EEEEEvPKNS2_5codecIT_E12storage_typeESE_mNS0_12table_bundleEPd
    0 bytes stack frame, 0 bytes spill stores, 0 bytes spill loads
ptxas info    : Used 26 registers, used 1 barriers, 80 bytes smem
ptxas info    : Compile time = 4.080 ms
ptxas info    : Compiling entry function '_ZN3aut17format_strategies14dot_map_reduceINS_7storage9bf16_e8m7ENS0_8strategyILNS0_11decode_kindE0ELi1ELNS0_14table_locationE0ELNS0_11unpack_kindE0EEEEEvPKNS2_5codecIT_E12storage_typeESE_mNS0_12table_bundleEPd' for 'sm_90'
ptxas info    : Function properties for _ZN3aut17format_strategies14dot_map_reduceINS_7storage9bf16_e8m7ENS0_8strategyILNS0_11decode_kindE0ELi1ELNS0_14table_locationE0ELNS0_11unpack_kindE0EEEEEvPKNS2_5codecIT_E12storage_typeESE_mNS0_12table_bundleEPd
    0 bytes stack frame, 0 bytes spill stores, 0 bytes spill loads
ptxas info    : Used 26 registers, used 1 barriers, 80 bytes smem
ptxas info    : Compile time = 4.181 ms
ptxas info    : Compiling entry function '_ZN3aut17format_strategies4gemvINS_7storage10fp16_e5m10ENS0_8strategyILNS0_11decode_kindE7ELi8ELNS0_14table_locationE1ELNS0_11unpack_kindE0EEEEEvPKNS2_5codecIT_E12storage_typeESE_mmmNS0_12table_bundleEPd' for 'sm_90'
ptxas info    : Function properties for _ZN3aut17format_strategies4gemvINS_7storage10fp16_e5m10ENS0_8strategyILNS0_11decode_kindE7ELi8ELNS0_14table_locationE1ELNS0_11unpack_kindE0EEEEEvPKNS2_5codecIT_E12storage_typeESE_mmmNS0_12table_bundleEPd
    0 bytes stack frame, 0 bytes spill stores, 0 bytes spill loads
ptxas info    : Used 44 registers, used 1 barriers, 80 bytes smem
ptxas info    : Compile time = 12.567 ms
ptxas info    : Compiling entry function '_ZN3aut17format_strategies4gemvINS_7storage10fp16_e5m10ENS0_8strategyILNS0_11decode_kindE7ELi8ELNS0_14table_locationE0ELNS0_11unpack_kindE0EEEEEvPKNS2_5codecIT_E12storage_typeESE_mmmNS0_12table_bundleEPd' for 'sm_90'
ptxas info    : Function properties for _ZN3aut17format_strategies4gemvINS_7storage10fp16_e5m10ENS0_8strategyILNS0_11decode_kindE7ELi8ELNS0_14table_locationE0ELNS0_11unpack_kindE0EEEEEvPKNS2_5codecIT_E12storage_typeESE_mmmNS0_12table_bundleEPd
    0 bytes stack frame, 0 bytes spill stores, 0 bytes spill loads
ptxas info    : Used 48 registers, used 1 barriers, 80 bytes smem
ptxas info    : Compile time = 11.123 ms
ptxas info    : Compiling entry function '_ZN3aut17format_strategies4gemvINS_7storage10fp16_e5m10ENS0_8strategyILNS0_11decode_kindE6ELi8ELNS0_14table_locationE0ELNS0_11unpack_kindE0EEEEEvPKNS2_5codecIT_E12storage_typeESE_mmmNS0_12table_bundleEPd' for 'sm_90'
ptxas info    : Function properties for _ZN3aut17format_strategies4gemvINS_7storage10fp16_e5m10ENS0_8strategyILNS0_11decode_kindE6ELi8ELNS0_14table_locationE0ELNS0_11unpack_kindE0EEEEEvPKNS2_5codecIT_E12storage_typeESE_mmmNS0_12table_bundleEPd
    0 bytes stack frame, 0 bytes spill stores, 0 bytes spill loads
ptxas info    : Used 48 registers, used 1 barriers, 80 bytes smem
ptxas info    : Compile time = 6.702 ms
ptxas info    : Compiling entry function '_ZN3aut17format_strategies4gemvINS_7storage10fp16_e5m10ENS0_8strategyILNS0_11decode_kindE6ELi4ELNS0_14table_locationE0ELNS0_11unpack_kindE0EEEEEvPKNS2_5codecIT_E12storage_typeESE_mmmNS0_12table_bundleEPd' for 'sm_90'
ptxas info    : Function properties for _ZN3aut17format_strategies4gemvINS_7storage10fp16_e5m10ENS0_8strategyILNS0_11decode_kindE6ELi4ELNS0_14table_locationE0ELNS0_11unpack_kindE0EEEEEvPKNS2_5codecIT_E12storage_typeESE_mmmNS0_12table_bundleEPd
    0 bytes stack frame, 0 bytes spill stores, 0 bytes spill loads
ptxas info    : Used 32 registers, used 1 barriers, 80 bytes smem
ptxas info    : Compile time = 5.507 ms
ptxas info    : Compiling entry function '_ZN3aut17format_strategies4gemvINS_7storage10fp16_e5m10ENS0_8strategyILNS0_11decode_kindE6ELi1ELNS0_14table_locationE0ELNS0_11unpack_kindE0EEEEEvPKNS2_5codecIT_E12storage_typeESE_mmmNS0_12table_bundleEPd' for 'sm_90'
ptxas info    : Function properties for _ZN3aut17format_strategies4gemvINS_7storage10fp16_e5m10ENS0_8strategyILNS0_11decode_kindE6ELi1ELNS0_14table_locationE0ELNS0_11unpack_kindE0EEEEEvPKNS2_5codecIT_E12storage_typeESE_mmmNS0_12table_bundleEPd
    0 bytes stack frame, 0 bytes spill stores, 0 bytes spill loads
ptxas info    : Used 24 registers, used 1 barriers, 80 bytes smem
ptxas info    : Compile time = 4.333 ms
ptxas info    : Compiling entry function '_ZN3aut17format_strategies4gemvINS_7storage10fp16_e5m10ENS0_8strategyILNS0_11decode_kindE3ELi8ELNS0_14table_locationE0ELNS0_11unpack_kindE0EEEEEvPKNS2_5codecIT_E12storage_typeESE_mmmNS0_12table_bundleEPd' for 'sm_90'
ptxas info    : Function properties for _ZN3aut17format_strategies4gemvINS_7storage10fp16_e5m10ENS0_8strategyILNS0_11decode_kindE3ELi8ELNS0_14table_locationE0ELNS0_11unpack_kindE0EEEEEvPKNS2_5codecIT_E12storage_typeESE_mmmNS0_12table_bundleEPd
    0 bytes stack frame, 0 bytes spill stores, 0 bytes spill loads
ptxas info    : Used 48 registers, used 1 barriers, 80 bytes smem
ptxas info    : Compile time = 14.302 ms
ptxas info    : Compiling entry function '_ZN3aut17format_strategies4gemvINS_7storage10fp16_e5m10ENS0_8strategyILNS0_11decode_kindE3ELi4ELNS0_14table_locationE0ELNS0_11unpack_kindE0EEEEEvPKNS2_5codecIT_E12storage_typeESE_mmmNS0_12table_bundleEPd' for 'sm_90'
ptxas info    : Function properties for _ZN3aut17format_strategies4gemvINS_7storage10fp16_e5m10ENS0_8strategyILNS0_11decode_kindE3ELi4ELNS0_14table_locationE0ELNS0_11unpack_kindE0EEEEEvPKNS2_5codecIT_E12storage_typeESE_mmmNS0_12table_bundleEPd
    0 bytes stack frame, 0 bytes spill stores, 0 bytes spill loads
ptxas info    : Used 31 registers, used 1 barriers, 80 bytes smem
ptxas info    : Compile time = 9.764 ms
ptxas info    : Compiling entry function '_ZN3aut17format_strategies4gemvINS_7storage10fp16_e5m10ENS0_8strategyILNS0_11decode_kindE3ELi1ELNS0_14table_locationE0ELNS0_11unpack_kindE0EEEEEvPKNS2_5codecIT_E12storage_typeESE_mmmNS0_12table_bundleEPd' for 'sm_90'
ptxas info    : Function properties for _ZN3aut17format_strategies4gemvINS_7storage10fp16_e5m10ENS0_8strategyILNS0_11decode_kindE3ELi1ELNS0_14table_locationE0ELNS0_11unpack_kindE0EEEEEvPKNS2_5codecIT_E12storage_typeESE_mmmNS0_12table_bundleEPd
    0 bytes stack frame, 0 bytes spill stores, 0 bytes spill loads
ptxas info    : Used 20 registers, used 1 barriers, 80 bytes smem
ptxas info    : Compile time = 6.468 ms
ptxas info    : Compiling entry function '_ZN3aut17format_strategies4gemvINS_7storage10fp16_e5m10ENS0_8strategyILNS0_11decode_kindE2ELi8ELNS0_14table_locationE0ELNS0_11unpack_kindE0EEEEEvPKNS2_5codecIT_E12storage_typeESE_mmmNS0_12table_bundleEPd' for 'sm_90'
ptxas info    : Function properties for _ZN3aut17format_strategies4gemvINS_7storage10fp16_e5m10ENS0_8strategyILNS0_11decode_kindE2ELi8ELNS0_14table_locationE0ELNS0_11unpack_kindE0EEEEEvPKNS2_5codecIT_E12storage_typeESE_mmmNS0_12table_bundleEPd
    0 bytes stack frame, 0 bytes spill stores, 0 bytes spill loads
ptxas info    : Used 48 registers, used 1 barriers, 80 bytes smem
ptxas info    : Compile time = 17.955 ms
ptxas info    : Compiling entry function '_ZN3aut17format_strategies4gemvINS_7storage10fp16_e5m10ENS0_8strategyILNS0_11decode_kindE2ELi4ELNS0_14table_locationE0ELNS0_11unpack_kindE0EEEEEvPKNS2_5codecIT_E12storage_typeESE_mmmNS0_12table_bundleEPd' for 'sm_90'
ptxas info    : Function properties for _ZN3aut17format_strategies4gemvINS_7storage10fp16_e5m10ENS0_8strategyILNS0_11decode_kindE2ELi4ELNS0_14table_locationE0ELNS0_11unpack_kindE0EEEEEvPKNS2_5codecIT_E12storage_typeESE_mmmNS0_12table_bundleEPd
    0 bytes stack frame, 0 bytes spill stores, 0 bytes spill loads
ptxas info    : Used 32 registers, used 1 barriers, 80 bytes smem
ptxas info    : Compile time = 11.257 ms
ptxas info    : Compiling entry function '_ZN3aut17format_strategies4gemvINS_7storage10fp16_e5m10ENS0_8strategyILNS0_11decode_kindE2ELi1ELNS0_14table_locationE0ELNS0_11unpack_kindE0EEEEEvPKNS2_5codecIT_E12storage_typeESE_mmmNS0_12table_bundleEPd' for 'sm_90'
ptxas info    : Function properties for _ZN3aut17format_strategies4gemvINS_7storage10fp16_e5m10ENS0_8strategyILNS0_11decode_kindE2ELi1ELNS0_14table_locationE0ELNS0_11unpack_kindE0EEEEEvPKNS2_5codecIT_E12storage_typeESE_mmmNS0_12table_bundleEPd
    0 bytes stack frame, 0 bytes spill stores, 0 bytes spill loads
ptxas info    : Used 26 registers, used 1 barriers, 80 bytes smem
ptxas info    : Compile time = 7.002 ms
ptxas info    : Compiling entry function '_ZN3aut17format_strategies4gemvINS_7storage10fp16_e5m10ENS0_8strategyILNS0_11decode_kindE1ELi8ELNS0_14table_locationE0ELNS0_11unpack_kindE0EEEEEvPKNS2_5codecIT_E12storage_typeESE_mmmNS0_12table_bundleEPd' for 'sm_90'
ptxas info    : Function properties for _ZN3aut17format_strategies4gemvINS_7storage10fp16_e5m10ENS0_8strategyILNS0_11decode_kindE1ELi8ELNS0_14table_locationE0ELNS0_11unpack_kindE0EEEEEvPKNS2_5codecIT_E12storage_typeESE_mmmNS0_12table_bundleEPd
    0 bytes stack frame, 0 bytes spill stores, 0 bytes spill loads
ptxas info    : Used 60 registers, used 1 barriers, 80 bytes smem
ptxas info    : Compile time = 16.985 ms
ptxas info    : Compiling entry function '_ZN3aut17format_strategies4gemvINS_7storage10fp16_e5m10ENS0_8strategyILNS0_11decode_kindE1ELi4ELNS0_14table_locationE0ELNS0_11unpack_kindE0EEEEEvPKNS2_5codecIT_E12storage_typeESE_mmmNS0_12table_bundleEPd' for 'sm_90'
ptxas info    : Function properties for _ZN3aut17format_strategies4gemvINS_7storage10fp16_e5m10ENS0_8strategyILNS0_11decode_kindE1ELi4ELNS0_14table_locationE0ELNS0_11unpack_kindE0EEEEEvPKNS2_5codecIT_E12storage_typeESE_mmmNS0_12table_bundleEPd
    0 bytes stack frame, 0 bytes spill stores, 0 bytes spill loads
ptxas info    : Used 38 registers, used 1 barriers, 80 bytes smem
ptxas info    : Compile time = 11.099 ms
ptxas info    : Compiling entry function '_ZN3aut17format_strategies4gemvINS_7storage10fp16_e5m10ENS0_8strategyILNS0_11decode_kindE1ELi1ELNS0_14table_locationE0ELNS0_11unpack_kindE0EEEEEvPKNS2_5codecIT_E12storage_typeESE_mmmNS0_12table_bundleEPd' for 'sm_90'
ptxas info    : Function properties for _ZN3aut17format_strategies4gemvINS_7storage10fp16_e5m10ENS0_8strategyILNS0_11decode_kindE1ELi1ELNS0_14table_locationE0ELNS0_11unpack_kindE0EEEEEvPKNS2_5codecIT_E12storage_typeESE_mmmNS0_12table_bundleEPd
    0 bytes stack frame, 0 bytes spill stores, 0 bytes spill loads
ptxas info    : Used 21 registers, used 1 barriers, 80 bytes smem
ptxas info    : Compile time = 7.053 ms
ptxas info    : Compiling entry function '_ZN3aut17format_strategies4gemvINS_7storage10fp16_e5m10ENS0_8strategyILNS0_11decode_kindE11ELi8ELNS0_14table_locationE0ELNS0_11unpack_kindE0EEEEEvPKNS2_5codecIT_E12storage_typeESE_mmmNS0_12table_bundleEPd' for 'sm_90'
ptxas info    : Function properties for _ZN3aut17format_strategies4gemvINS_7storage10fp16_e5m10ENS0_8strategyILNS0_11decode_kindE11ELi8ELNS0_14table_locationE0ELNS0_11unpack_kindE0EEEEEvPKNS2_5codecIT_E12storage_typeESE_mmmNS0_12table_bundleEPd
    0 bytes stack frame, 0 bytes spill stores, 0 bytes spill loads
ptxas info    : Used 38 registers, used 1 barriers, 80 bytes smem
ptxas info    : Compile time = 5.820 ms
ptxas info    : Compiling entry function '_ZN3aut17format_strategies4gemvINS_7storage10fp16_e5m10ENS0_8strategyILNS0_11decode_kindE11ELi4ELNS0_14table_locationE0ELNS0_11unpack_kindE0EEEEEvPKNS2_5codecIT_E12storage_typeESE_mmmNS0_12table_bundleEPd' for 'sm_90'
ptxas info    : Function properties for _ZN3aut17format_strategies4gemvINS_7storage10fp16_e5m10ENS0_8strategyILNS0_11decode_kindE11ELi4ELNS0_14table_locationE0ELNS0_11unpack_kindE0EEEEEvPKNS2_5codecIT_E12storage_typeESE_mmmNS0_12table_bundleEPd
    0 bytes stack frame, 0 bytes spill stores, 0 bytes spill loads
ptxas info    : Used 31 registers, used 1 barriers, 80 bytes smem
ptxas info    : Compile time = 5.056 ms
ptxas info    : Compiling entry function '_ZN3aut17format_strategies4gemvINS_7storage10fp16_e5m10ENS0_8strategyILNS0_11decode_kindE11ELi2ELNS0_14table_locationE0ELNS0_11unpack_kindE0EEEEEvPKNS2_5codecIT_E12storage_typeESE_mmmNS0_12table_bundleEPd' for 'sm_90'
ptxas info    : Function properties for _ZN3aut17format_strategies4gemvINS_7storage10fp16_e5m10ENS0_8strategyILNS0_11decode_kindE11ELi2ELNS0_14table_locationE0ELNS0_11unpack_kindE0EEEEEvPKNS2_5codecIT_E12storage_typeESE_mmmNS0_12table_bundleEPd
    0 bytes stack frame, 0 bytes spill stores, 0 bytes spill loads
ptxas info    : Used 22 registers, used 1 barriers, 80 bytes smem
ptxas info    : Compile time = 4.655 ms
ptxas info    : Compiling entry function '_ZN3aut17format_strategies4gemvINS_7storage10fp16_e5m10ENS0_8strategyILNS0_11decode_kindE10ELi1ELNS0_14table_locationE0ELNS0_11unpack_kindE0EEEEEvPKNS2_5codecIT_E12storage_typeESE_mmmNS0_12table_bundleEPd' for 'sm_90'
ptxas info    : Function properties for _ZN3aut17format_strategies4gemvINS_7storage10fp16_e5m10ENS0_8strategyILNS0_11decode_kindE10ELi1ELNS0_14table_locationE0ELNS0_11unpack_kindE0EEEEEvPKNS2_5codecIT_E12storage_typeESE_mmmNS0_12table_bundleEPd
    0 bytes stack frame, 0 bytes spill stores, 0 bytes spill loads
ptxas info    : Used 23 registers, used 1 barriers, 80 bytes smem
ptxas info    : Compile time = 4.268 ms
ptxas info    : Compiling entry function '_ZN3aut17format_strategies4gemvINS_7storage10fp16_e5m10ENS0_8strategyILNS0_11decode_kindE9ELi1ELNS0_14table_locationE0ELNS0_11unpack_kindE0EEEEEvPKNS2_5codecIT_E12storage_typeESE_mmmNS0_12table_bundleEPd' for 'sm_90'
ptxas info    : Function properties for _ZN3aut17format_strategies4gemvINS_7storage10fp16_e5m10ENS0_8strategyILNS0_11decode_kindE9ELi1ELNS0_14table_locationE0ELNS0_11unpack_kindE0EEEEEvPKNS2_5codecIT_E12storage_typeESE_mmmNS0_12table_bundleEPd
    0 bytes stack frame, 0 bytes spill stores, 0 bytes spill loads
ptxas info    : Used 23 registers, used 1 barriers, 80 bytes smem
ptxas info    : Compile time = 4.286 ms
ptxas info    : Compiling entry function '_ZN3aut17format_strategies4gemvINS_7storage10fp16_e5m10ENS0_8strategyILNS0_11decode_kindE0ELi1ELNS0_14table_locationE0ELNS0_11unpack_kindE0EEEEEvPKNS2_5codecIT_E12storage_typeESE_mmmNS0_12table_bundleEPd' for 'sm_90'
ptxas info    : Function properties for _ZN3aut17format_strategies4gemvINS_7storage10fp16_e5m10ENS0_8strategyILNS0_11decode_kindE0ELi1ELNS0_14table_locationE0ELNS0_11unpack_kindE0EEEEEvPKNS2_5codecIT_E12storage_typeESE_mmmNS0_12table_bundleEPd
    0 bytes stack frame, 0 bytes spill stores, 0 bytes spill loads
ptxas info    : Used 23 registers, used 1 barriers, 80 bytes smem
ptxas info    : Compile time = 4.714 ms
ptxas info    : Compiling entry function '_ZN3aut17format_strategies14dot_map_reduceINS_7storage10fp16_e5m10ENS0_8strategyILNS0_11decode_kindE7ELi8ELNS0_14table_locationE1ELNS0_11unpack_kindE0EEEEEvPKNS2_5codecIT_E12storage_typeESE_mNS0_12table_bundleEPd' for 'sm_90'
ptxas info    : Function properties for _ZN3aut17format_strategies14dot_map_reduceINS_7storage10fp16_e5m10ENS0_8strategyILNS0_11decode_kindE7ELi8ELNS0_14table_locationE1ELNS0_11unpack_kindE0EEEEEvPKNS2_5codecIT_E12storage_typeESE_mNS0_12table_bundleEPd
    0 bytes stack frame, 0 bytes spill stores, 0 bytes spill loads
ptxas info    : Used 48 registers, used 1 barriers, 80 bytes smem
ptxas info    : Compile time = 12.153 ms
ptxas info    : Compiling entry function '_ZN3aut17format_strategies14dot_map_reduceINS_7storage10fp16_e5m10ENS0_8strategyILNS0_11decode_kindE7ELi8ELNS0_14table_locationE0ELNS0_11unpack_kindE0EEEEEvPKNS2_5codecIT_E12storage_typeESE_mNS0_12table_bundleEPd' for 'sm_90'
ptxas info    : Function properties for _ZN3aut17format_strategies14dot_map_reduceINS_7storage10fp16_e5m10ENS0_8strategyILNS0_11decode_kindE7ELi8ELNS0_14table_locationE0ELNS0_11unpack_kindE0EEEEEvPKNS2_5codecIT_E12storage_typeESE_mNS0_12table_bundleEPd
    0 bytes stack frame, 0 bytes spill stores, 0 bytes spill loads
ptxas info    : Used 46 registers, used 1 barriers, 80 bytes smem
ptxas info    : Compile time = 11.183 ms
ptxas info    : Compiling entry function '_ZN3aut17format_strategies14dot_map_reduceINS_7storage10fp16_e5m10ENS0_8strategyILNS0_11decode_kindE6ELi8ELNS0_14table_locationE0ELNS0_11unpack_kindE0EEEEEvPKNS2_5codecIT_E12storage_typeESE_mNS0_12table_bundleEPd' for 'sm_90'
ptxas info    : Function properties for _ZN3aut17format_strategies14dot_map_reduceINS_7storage10fp16_e5m10ENS0_8strategyILNS0_11decode_kindE6ELi8ELNS0_14table_locationE0ELNS0_11unpack_kindE0EEEEEvPKNS2_5codecIT_E12storage_typeESE_mNS0_12table_bundleEPd
    0 bytes stack frame, 0 bytes spill stores, 0 bytes spill loads
ptxas info    : Used 44 registers, used 1 barriers, 80 bytes smem
ptxas info    : Compile time = 6.614 ms
ptxas info    : Compiling entry function '_ZN3aut17format_strategies14dot_map_reduceINS_7storage10fp16_e5m10ENS0_8strategyILNS0_11decode_kindE6ELi4ELNS0_14table_locationE0ELNS0_11unpack_kindE0EEEEEvPKNS2_5codecIT_E12storage_typeESE_mNS0_12table_bundleEPd' for 'sm_90'
ptxas info    : Function properties for _ZN3aut17format_strategies14dot_map_reduceINS_7storage10fp16_e5m10ENS0_8strategyILNS0_11decode_kindE6ELi4ELNS0_14table_locationE0ELNS0_11unpack_kindE0EEEEEvPKNS2_5codecIT_E12storage_typeESE_mNS0_12table_bundleEPd
    0 bytes stack frame, 0 bytes spill stores, 0 bytes spill loads
ptxas info    : Used 34 registers, used 1 barriers, 80 bytes smem
ptxas info    : Compile time = 5.539 ms
ptxas info    : Compiling entry function '_ZN3aut17format_strategies14dot_map_reduceINS_7storage10fp16_e5m10ENS0_8strategyILNS0_11decode_kindE6ELi1ELNS0_14table_locationE0ELNS0_11unpack_kindE0EEEEEvPKNS2_5codecIT_E12storage_typeESE_mNS0_12table_bundleEPd' for 'sm_90'
ptxas info    : Function properties for _ZN3aut17format_strategies14dot_map_reduceINS_7storage10fp16_e5m10ENS0_8strategyILNS0_11decode_kindE6ELi1ELNS0_14table_locationE0ELNS0_11unpack_kindE0EEEEEvPKNS2_5codecIT_E12storage_typeESE_mNS0_12table_bundleEPd
    0 bytes stack frame, 0 bytes spill stores, 0 bytes spill loads
ptxas info    : Used 26 registers, used 1 barriers, 80 bytes smem
ptxas info    : Compile time = 4.355 ms
ptxas info    : Compiling entry function '_ZN3aut17format_strategies14dot_map_reduceINS_7storage10fp16_e5m10ENS0_8strategyILNS0_11decode_kindE3ELi8ELNS0_14table_locationE0ELNS0_11unpack_kindE0EEEEEvPKNS2_5codecIT_E12storage_typeESE_mNS0_12table_bundleEPd' for 'sm_90'
ptxas info    : Function properties for _ZN3aut17format_strategies14dot_map_reduceINS_7storage10fp16_e5m10ENS0_8strategyILNS0_11decode_kindE3ELi8ELNS0_14table_locationE0ELNS0_11unpack_kindE0EEEEEvPKNS2_5codecIT_E12storage_typeESE_mNS0_12table_bundleEPd
    0 bytes stack frame, 0 bytes spill stores, 0 bytes spill loads
ptxas info    : Used 56 registers, used 1 barriers, 80 bytes smem
ptxas info    : Compile time = 14.401 ms
ptxas info    : Compiling entry function '_ZN3aut17format_strategies14dot_map_reduceINS_7storage10fp16_e5m10ENS0_8strategyILNS0_11decode_kindE3ELi4ELNS0_14table_locationE0ELNS0_11unpack_kindE0EEEEEvPKNS2_5codecIT_E12storage_typeESE_mNS0_12table_bundleEPd' for 'sm_90'
ptxas info    : Function properties for _ZN3aut17format_strategies14dot_map_reduceINS_7storage10fp16_e5m10ENS0_8strategyILNS0_11decode_kindE3ELi4ELNS0_14table_locationE0ELNS0_11unpack_kindE0EEEEEvPKNS2_5codecIT_E12storage_typeESE_mNS0_12table_bundleEPd
    0 bytes stack frame, 0 bytes spill stores, 0 bytes spill loads
ptxas info    : Used 32 registers, used 1 barriers, 80 bytes smem
ptxas info    : Compile time = 9.588 ms
ptxas info    : Compiling entry function '_ZN3aut17format_strategies14dot_map_reduceINS_7storage10fp16_e5m10ENS0_8strategyILNS0_11decode_kindE3ELi1ELNS0_14table_locationE0ELNS0_11unpack_kindE0EEEEEvPKNS2_5codecIT_E12storage_typeESE_mNS0_12table_bundleEPd' for 'sm_90'
ptxas info    : Function properties for _ZN3aut17format_strategies14dot_map_reduceINS_7storage10fp16_e5m10ENS0_8strategyILNS0_11decode_kindE3ELi1ELNS0_14table_locationE0ELNS0_11unpack_kindE0EEEEEvPKNS2_5codecIT_E12storage_typeESE_mNS0_12table_bundleEPd
    0 bytes stack frame, 0 bytes spill stores, 0 bytes spill loads
ptxas info    : Used 24 registers, used 1 barriers, 80 bytes smem
ptxas info    : Compile time = 6.303 ms
ptxas info    : Compiling entry function '_ZN3aut17format_strategies14dot_map_reduceINS_7storage10fp16_e5m10ENS0_8strategyILNS0_11decode_kindE2ELi8ELNS0_14table_locationE0ELNS0_11unpack_kindE0EEEEEvPKNS2_5codecIT_E12storage_typeESE_mNS0_12table_bundleEPd' for 'sm_90'
ptxas info    : Function properties for _ZN3aut17format_strategies14dot_map_reduceINS_7storage10fp16_e5m10ENS0_8strategyILNS0_11decode_kindE2ELi8ELNS0_14table_locationE0ELNS0_11unpack_kindE0EEEEEvPKNS2_5codecIT_E12storage_typeESE_mNS0_12table_bundleEPd
    0 bytes stack frame, 0 bytes spill stores, 0 bytes spill loads
ptxas info    : Used 68 registers, used 1 barriers, 80 bytes smem
ptxas info    : Compile time = 18.400 ms
ptxas info    : Compiling entry function '_ZN3aut17format_strategies14dot_map_reduceINS_7storage10fp16_e5m10ENS0_8strategyILNS0_11decode_kindE2ELi4ELNS0_14table_locationE0ELNS0_11unpack_kindE0EEEEEvPKNS2_5codecIT_E12storage_typeESE_mNS0_12table_bundleEPd' for 'sm_90'
ptxas info    : Function properties for _ZN3aut17format_strategies14dot_map_reduceINS_7storage10fp16_e5m10ENS0_8strategyILNS0_11decode_kindE2ELi4ELNS0_14table_locationE0ELNS0_11unpack_kindE0EEEEEvPKNS2_5codecIT_E12storage_typeESE_mNS0_12table_bundleEPd
    0 bytes stack frame, 0 bytes spill stores, 0 bytes spill loads
ptxas info    : Used 44 registers, used 1 barriers, 80 bytes smem
ptxas info    : Compile time = 11.849 ms
ptxas info    : Compiling entry function '_ZN3aut17format_strategies14dot_map_reduceINS_7storage10fp16_e5m10ENS0_8strategyILNS0_11decode_kindE2ELi1ELNS0_14table_locationE0ELNS0_11unpack_kindE0EEEEEvPKNS2_5codecIT_E12storage_typeESE_mNS0_12table_bundleEPd' for 'sm_90'
ptxas info    : Function properties for _ZN3aut17format_strategies14dot_map_reduceINS_7storage10fp16_e5m10ENS0_8strategyILNS0_11decode_kindE2ELi1ELNS0_14table_locationE0ELNS0_11unpack_kindE0EEEEEvPKNS2_5codecIT_E12storage_typeESE_mNS0_12table_bundleEPd
    0 bytes stack frame, 0 bytes spill stores, 0 bytes spill loads
ptxas info    : Used 28 registers, used 1 barriers, 80 bytes smem
ptxas info    : Compile time = 6.832 ms
ptxas info    : Compiling entry function '_ZN3aut17format_strategies14dot_map_reduceINS_7storage10fp16_e5m10ENS0_8strategyILNS0_11decode_kindE1ELi8ELNS0_14table_locationE0ELNS0_11unpack_kindE0EEEEEvPKNS2_5codecIT_E12storage_typeESE_mNS0_12table_bundleEPd' for 'sm_90'
ptxas info    : Function properties for _ZN3aut17format_strategies14dot_map_reduceINS_7storage10fp16_e5m10ENS0_8strategyILNS0_11decode_kindE1ELi8ELNS0_14table_locationE0ELNS0_11unpack_kindE0EEEEEvPKNS2_5codecIT_E12storage_typeESE_mNS0_12table_bundleEPd
    0 bytes stack frame, 0 bytes spill stores, 0 bytes spill loads
ptxas info    : Used 61 registers, used 1 barriers, 80 bytes smem
ptxas info    : Compile time = 16.268 ms
ptxas info    : Compiling entry function '_ZN3aut17format_strategies14dot_map_reduceINS_7storage10fp16_e5m10ENS0_8strategyILNS0_11decode_kindE1ELi4ELNS0_14table_locationE0ELNS0_11unpack_kindE0EEEEEvPKNS2_5codecIT_E12storage_typeESE_mNS0_12table_bundleEPd' for 'sm_90'
ptxas info    : Function properties for _ZN3aut17format_strategies14dot_map_reduceINS_7storage10fp16_e5m10ENS0_8strategyILNS0_11decode_kindE1ELi4ELNS0_14table_locationE0ELNS0_11unpack_kindE0EEEEEvPKNS2_5codecIT_E12storage_typeESE_mNS0_12table_bundleEPd
    0 bytes stack frame, 0 bytes spill stores, 0 bytes spill loads
ptxas info    : Used 40 registers, used 1 barriers, 80 bytes smem
ptxas info    : Compile time = 11.002 ms
ptxas info    : Compiling entry function '_ZN3aut17format_strategies14dot_map_reduceINS_7storage10fp16_e5m10ENS0_8strategyILNS0_11decode_kindE1ELi1ELNS0_14table_locationE0ELNS0_11unpack_kindE0EEEEEvPKNS2_5codecIT_E12storage_typeESE_mNS0_12table_bundleEPd' for 'sm_90'
ptxas info    : Function properties for _ZN3aut17format_strategies14dot_map_reduceINS_7storage10fp16_e5m10ENS0_8strategyILNS0_11decode_kindE1ELi1ELNS0_14table_locationE0ELNS0_11unpack_kindE0EEEEEvPKNS2_5codecIT_E12storage_typeESE_mNS0_12table_bundleEPd
    0 bytes stack frame, 0 bytes spill stores, 0 bytes spill loads
ptxas info    : Used 28 registers, used 1 barriers, 80 bytes smem
ptxas info    : Compile time = 6.980 ms
ptxas info    : Compiling entry function '_ZN3aut17format_strategies14dot_map_reduceINS_7storage10fp16_e5m10ENS0_8strategyILNS0_11decode_kindE11ELi8ELNS0_14table_locationE0ELNS0_11unpack_kindE0EEEEEvPKNS2_5codecIT_E12storage_typeESE_mNS0_12table_bundleEPd' for 'sm_90'
ptxas info    : Function properties for _ZN3aut17format_strategies14dot_map_reduceINS_7storage10fp16_e5m10ENS0_8strategyILNS0_11decode_kindE11ELi8ELNS0_14table_locationE0ELNS0_11unpack_kindE0EEEEEvPKNS2_5codecIT_E12storage_typeESE_mNS0_12table_bundleEPd
    0 bytes stack frame, 0 bytes spill stores, 0 bytes spill loads
ptxas info    : Used 39 registers, used 1 barriers, 80 bytes smem
ptxas info    : Compile time = 5.601 ms
ptxas info    : Compiling entry function '_ZN3aut17format_strategies14dot_map_reduceINS_7storage10fp16_e5m10ENS0_8strategyILNS0_11decode_kindE11ELi4ELNS0_14table_locationE0ELNS0_11unpack_kindE0EEEEEvPKNS2_5codecIT_E12storage_typeESE_mNS0_12table_bundleEPd' for 'sm_90'
ptxas info    : Function properties for _ZN3aut17format_strategies14dot_map_reduceINS_7storage10fp16_e5m10ENS0_8strategyILNS0_11decode_kindE11ELi4ELNS0_14table_locationE0ELNS0_11unpack_kindE0EEEEEvPKNS2_5codecIT_E12storage_typeESE_mNS0_12table_bundleEPd
    0 bytes stack frame, 0 bytes spill stores, 0 bytes spill loads
ptxas info    : Used 30 registers, used 1 barriers, 80 bytes smem
ptxas info    : Compile time = 4.866 ms
ptxas info    : Compiling entry function '_ZN3aut17format_strategies14dot_map_reduceINS_7storage10fp16_e5m10ENS0_8strategyILNS0_11decode_kindE11ELi2ELNS0_14table_locationE0ELNS0_11unpack_kindE0EEEEEvPKNS2_5codecIT_E12storage_typeESE_mNS0_12table_bundleEPd' for 'sm_90'
ptxas info    : Function properties for _ZN3aut17format_strategies14dot_map_reduceINS_7storage10fp16_e5m10ENS0_8strategyILNS0_11decode_kindE11ELi2ELNS0_14table_locationE0ELNS0_11unpack_kindE0EEEEEvPKNS2_5codecIT_E12storage_typeESE_mNS0_12table_bundleEPd
    0 bytes stack frame, 0 bytes spill stores, 0 bytes spill loads
ptxas info    : Used 25 registers, used 1 barriers, 80 bytes smem
ptxas info    : Compile time = 4.453 ms
ptxas info    : Compiling entry function '_ZN3aut17format_strategies14dot_map_reduceINS_7storage10fp16_e5m10ENS0_8strategyILNS0_11decode_kindE10ELi1ELNS0_14table_locationE0ELNS0_11unpack_kindE0EEEEEvPKNS2_5codecIT_E12storage_typeESE_mNS0_12table_bundleEPd' for 'sm_90'
ptxas info    : Function properties for _ZN3aut17format_strategies14dot_map_reduceINS_7storage10fp16_e5m10ENS0_8strategyILNS0_11decode_kindE10ELi1ELNS0_14table_locationE0ELNS0_11unpack_kindE0EEEEEvPKNS2_5codecIT_E12storage_typeESE_mNS0_12table_bundleEPd
    0 bytes stack frame, 0 bytes spill stores, 0 bytes spill loads
ptxas info    : Used 26 registers, used 1 barriers, 80 bytes smem
ptxas info    : Compile time = 4.096 ms
ptxas info    : Compiling entry function '_ZN3aut17format_strategies14dot_map_reduceINS_7storage10fp16_e5m10ENS0_8strategyILNS0_11decode_kindE9ELi1ELNS0_14table_locationE0ELNS0_11unpack_kindE0EEEEEvPKNS2_5codecIT_E12storage_typeESE_mNS0_12table_bundleEPd' for 'sm_90'
ptxas info    : Function properties for _ZN3aut17format_strategies14dot_map_reduceINS_7storage10fp16_e5m10ENS0_8strategyILNS0_11decode_kindE9ELi1ELNS0_14table_locationE0ELNS0_11unpack_kindE0EEEEEvPKNS2_5codecIT_E12storage_typeESE_mNS0_12table_bundleEPd
    0 bytes stack frame, 0 bytes spill stores, 0 bytes spill loads
ptxas info    : Used 26 registers, used 1 barriers, 80 bytes smem
ptxas info    : Compile time = 4.105 ms
ptxas info    : Compiling entry function '_ZN3aut17format_strategies14dot_map_reduceINS_7storage10fp16_e5m10ENS0_8strategyILNS0_11decode_kindE0ELi1ELNS0_14table_locationE0ELNS0_11unpack_kindE0EEEEEvPKNS2_5codecIT_E12storage_typeESE_mNS0_12table_bundleEPd' for 'sm_90'
ptxas info    : Function properties for _ZN3aut17format_strategies14dot_map_reduceINS_7storage10fp16_e5m10ENS0_8strategyILNS0_11decode_kindE0ELi1ELNS0_14table_locationE0ELNS0_11unpack_kindE0EEEEEvPKNS2_5codecIT_E12storage_typeESE_mNS0_12table_bundleEPd
    0 bytes stack frame, 0 bytes spill stores, 0 bytes spill loads
ptxas info    : Used 26 registers, used 1 barriers, 80 bytes smem
ptxas info    : Compile time = 4.109 ms
ptxas info    : Compiling entry function '_ZN3aut17format_strategies4gemvINS_7storage5e3m12ENS0_8strategyILNS0_11decode_kindE8ELi8ELNS0_14table_locationE1ELNS0_11unpack_kindE0EEEEEvPKNS2_5codecIT_E12storage_typeESE_mmmNS0_12table_bundleEPd' for 'sm_90'
ptxas info    : Function properties for _ZN3aut17format_strategies4gemvINS_7storage5e3m12ENS0_8strategyILNS0_11decode_kindE8ELi8ELNS0_14table_locationE1ELNS0_11unpack_kindE0EEEEEvPKNS2_5codecIT_E12storage_typeESE_mmmNS0_12table_bundleEPd
    0 bytes stack frame, 0 bytes spill stores, 0 bytes spill loads
ptxas info    : Used 59 registers, used 1 barriers, 80 bytes smem
ptxas info    : Compile time = 17.168 ms
ptxas info    : Compiling entry function '_ZN3aut17format_strategies4gemvINS_7storage5e3m12ENS0_8strategyILNS0_11decode_kindE8ELi4ELNS0_14table_locationE1ELNS0_11unpack_kindE0EEEEEvPKNS2_5codecIT_E12storage_typeESE_mmmNS0_12table_bundleEPd' for 'sm_90'
ptxas info    : Function properties for _ZN3aut17format_strategies4gemvINS_7storage5e3m12ENS0_8strategyILNS0_11decode_kindE8ELi4ELNS0_14table_locationE1ELNS0_11unpack_kindE0EEEEEvPKNS2_5codecIT_E12storage_typeESE_mmmNS0_12table_bundleEPd
    0 bytes stack frame, 0 bytes spill stores, 0 bytes spill loads
ptxas info    : Used 38 registers, used 1 barriers, 80 bytes smem
ptxas info    : Compile time = 11.579 ms
ptxas info    : Compiling entry function '_ZN3aut17format_strategies4gemvINS_7storage5e3m12ENS0_8strategyILNS0_11decode_kindE8ELi8ELNS0_14table_locationE0ELNS0_11unpack_kindE0EEEEEvPKNS2_5codecIT_E12storage_typeESE_mmmNS0_12table_bundleEPd' for 'sm_90'
ptxas info    : Function properties for _ZN3aut17format_strategies4gemvINS_7storage5e3m12ENS0_8strategyILNS0_11decode_kindE8ELi8ELNS0_14table_locationE0ELNS0_11unpack_kindE0EEEEEvPKNS2_5codecIT_E12storage_typeESE_mmmNS0_12table_bundleEPd
    0 bytes stack frame, 0 bytes spill stores, 0 bytes spill loads
ptxas info    : Used 59 registers, used 1 barriers, 80 bytes smem
ptxas info    : Compile time = 16.674 ms
ptxas info    : Compiling entry function '_ZN3aut17format_strategies4gemvINS_7storage5e3m12ENS0_8strategyILNS0_11decode_kindE8ELi4ELNS0_14table_locationE0ELNS0_11unpack_kindE0EEEEEvPKNS2_5codecIT_E12storage_typeESE_mmmNS0_12table_bundleEPd' for 'sm_90'
ptxas info    : Function properties for _ZN3aut17format_strategies4gemvINS_7storage5e3m12ENS0_8strategyILNS0_11decode_kindE8ELi4ELNS0_14table_locationE0ELNS0_11unpack_kindE0EEEEEvPKNS2_5codecIT_E12storage_typeESE_mmmNS0_12table_bundleEPd
    0 bytes stack frame, 0 bytes spill stores, 0 bytes spill loads
ptxas info    : Used 36 registers, used 1 barriers, 80 bytes smem
ptxas info    : Compile time = 10.881 ms
ptxas info    : Compiling entry function '_ZN3aut17format_strategies4gemvINS_7storage5e3m12ENS0_8strategyILNS0_11decode_kindE7ELi8ELNS0_14table_locationE1ELNS0_11unpack_kindE0EEEEEvPKNS2_5codecIT_E12storage_typeESE_mmmNS0_12table_bundleEPd' for 'sm_90'
ptxas info    : Function properties for _ZN3aut17format_strategies4gemvINS_7storage5e3m12ENS0_8strategyILNS0_11decode_kindE7ELi8ELNS0_14table_locationE1ELNS0_11unpack_kindE0EEEEEvPKNS2_5codecIT_E12storage_typeESE_mmmNS0_12table_bundleEPd
    0 bytes stack frame, 0 bytes spill stores, 0 bytes spill loads
ptxas info    : Used 44 registers, used 1 barriers, 80 bytes smem
ptxas info    : Compile time = 12.411 ms
ptxas info    : Compiling entry function '_ZN3aut17format_strategies4gemvINS_7storage5e3m12ENS0_8strategyILNS0_11decode_kindE7ELi4ELNS0_14table_locationE1ELNS0_11unpack_kindE0EEEEEvPKNS2_5codecIT_E12storage_typeESE_mmmNS0_12table_bundleEPd' for 'sm_90'
ptxas info    : Function properties for _ZN3aut17format_strategies4gemvINS_7storage5e3m12ENS0_8strategyILNS0_11decode_kindE7ELi4ELNS0_14table_locationE1ELNS0_11unpack_kindE0EEEEEvPKNS2_5codecIT_E12storage_typeESE_mmmNS0_12table_bundleEPd
    0 bytes stack frame, 0 bytes spill stores, 0 bytes spill loads
ptxas info    : Used 28 registers, used 1 barriers, 80 bytes smem
ptxas info    : Compile time = 9.266 ms
ptxas info    : Compiling entry function '_ZN3aut17format_strategies4gemvINS_7storage5e3m12ENS0_8strategyILNS0_11decode_kindE7ELi8ELNS0_14table_locationE0ELNS0_11unpack_kindE0EEEEEvPKNS2_5codecIT_E12storage_typeESE_mmmNS0_12table_bundleEPd' for 'sm_90'
ptxas info    : Function properties for _ZN3aut17format_strategies4gemvINS_7storage5e3m12ENS0_8strategyILNS0_11decode_kindE7ELi8ELNS0_14table_locationE0ELNS0_11unpack_kindE0EEEEEvPKNS2_5codecIT_E12storage_typeESE_mmmNS0_12table_bundleEPd
    0 bytes stack frame, 0 bytes spill stores, 0 bytes spill loads
ptxas info    : Used 48 registers, used 1 barriers, 80 bytes smem
ptxas info    : Compile time = 11.206 ms
ptxas info    : Compiling entry function '_ZN3aut17format_strategies4gemvINS_7storage5e3m12ENS0_8strategyILNS0_11decode_kindE7ELi4ELNS0_14table_locationE0ELNS0_11unpack_kindE0EEEEEvPKNS2_5codecIT_E12storage_typeESE_mmmNS0_12table_bundleEPd' for 'sm_90'
ptxas info    : Function properties for _ZN3aut17format_strategies4gemvINS_7storage5e3m12ENS0_8strategyILNS0_11decode_kindE7ELi4ELNS0_14table_locationE0ELNS0_11unpack_kindE0EEEEEvPKNS2_5codecIT_E12storage_typeESE_mmmNS0_12table_bundleEPd
    0 bytes stack frame, 0 bytes spill stores, 0 bytes spill loads
ptxas info    : Used 32 registers, used 1 barriers, 80 bytes smem
ptxas info    : Compile time = 8.110 ms
ptxas info    : Compiling entry function '_ZN3aut17format_strategies4gemvINS_7storage5e3m12ENS0_8strategyILNS0_11decode_kindE6ELi8ELNS0_14table_locationE0ELNS0_11unpack_kindE0EEEEEvPKNS2_5codecIT_E12storage_typeESE_mmmNS0_12table_bundleEPd' for 'sm_90'
ptxas info    : Function properties for _ZN3aut17format_strategies4gemvINS_7storage5e3m12ENS0_8strategyILNS0_11decode_kindE6ELi8ELNS0_14table_locationE0ELNS0_11unpack_kindE0EEEEEvPKNS2_5codecIT_E12storage_typeESE_mmmNS0_12table_bundleEPd
    0 bytes stack frame, 0 bytes spill stores, 0 bytes spill loads
ptxas info    : Used 48 registers, used 1 barriers, 80 bytes smem
ptxas info    : Compile time = 6.660 ms
ptxas info    : Compiling entry function '_ZN3aut17format_strategies4gemvINS_7storage5e3m12ENS0_8strategyILNS0_11decode_kindE6ELi4ELNS0_14table_locationE0ELNS0_11unpack_kindE0EEEEEvPKNS2_5codecIT_E12storage_typeESE_mmmNS0_12table_bundleEPd' for 'sm_90'
ptxas info    : Function properties for _ZN3aut17format_strategies4gemvINS_7storage5e3m12ENS0_8strategyILNS0_11decode_kindE6ELi4ELNS0_14table_locationE0ELNS0_11unpack_kindE0EEEEEvPKNS2_5codecIT_E12storage_typeESE_mmmNS0_12table_bundleEPd
    0 bytes stack frame, 0 bytes spill stores, 0 bytes spill loads
ptxas info    : Used 32 registers, used 1 barriers, 80 bytes smem
ptxas info    : Compile time = 5.499 ms
ptxas info    : Compiling entry function '_ZN3aut17format_strategies4gemvINS_7storage5e3m12ENS0_8strategyILNS0_11decode_kindE6ELi1ELNS0_14table_locationE0ELNS0_11unpack_kindE0EEEEEvPKNS2_5codecIT_E12storage_typeESE_mmmNS0_12table_bundleEPd' for 'sm_90'
ptxas info    : Function properties for _ZN3aut17format_strategies4gemvINS_7storage5e3m12ENS0_8strategyILNS0_11decode_kindE6ELi1ELNS0_14table_locationE0ELNS0_11unpack_kindE0EEEEEvPKNS2_5codecIT_E12storage_typeESE_mmmNS0_12table_bundleEPd
    0 bytes stack frame, 0 bytes spill stores, 0 bytes spill loads
ptxas info    : Used 24 registers, used 1 barriers, 80 bytes smem
ptxas info    : Compile time = 4.330 ms
ptxas info    : Compiling entry function '_ZN3aut17format_strategies4gemvINS_7storage5e3m12ENS0_8strategyILNS0_11decode_kindE3ELi8ELNS0_14table_locationE0ELNS0_11unpack_kindE0EEEEEvPKNS2_5codecIT_E12storage_typeESE_mmmNS0_12table_bundleEPd' for 'sm_90'
ptxas info    : Function properties for _ZN3aut17format_strategies4gemvINS_7storage5e3m12ENS0_8strategyILNS0_11decode_kindE3ELi8ELNS0_14table_locationE0ELNS0_11unpack_kindE0EEEEEvPKNS2_5codecIT_E12storage_typeESE_mmmNS0_12table_bundleEPd
    0 bytes stack frame, 0 bytes spill stores, 0 bytes spill loads
ptxas info    : Used 48 registers, used 1 barriers, 80 bytes smem
ptxas info    : Compile time = 14.524 ms
ptxas info    : Compiling entry function '_ZN3aut17format_strategies4gemvINS_7storage5e3m12ENS0_8strategyILNS0_11decode_kindE3ELi4ELNS0_14table_locationE0ELNS0_11unpack_kindE0EEEEEvPKNS2_5codecIT_E12storage_typeESE_mmmNS0_12table_bundleEPd' for 'sm_90'
ptxas info    : Function properties for _ZN3aut17format_strategies4gemvINS_7storage5e3m12ENS0_8strategyILNS0_11decode_kindE3ELi4ELNS0_14table_locationE0ELNS0_11unpack_kindE0EEEEEvPKNS2_5codecIT_E12storage_typeESE_mmmNS0_12table_bundleEPd
    0 bytes stack frame, 0 bytes spill stores, 0 bytes spill loads
ptxas info    : Used 31 registers, used 1 barriers, 80 bytes smem
ptxas info    : Compile time = 9.778 ms
ptxas info    : Compiling entry function '_ZN3aut17format_strategies4gemvINS_7storage5e3m12ENS0_8strategyILNS0_11decode_kindE3ELi1ELNS0_14table_locationE0ELNS0_11unpack_kindE0EEEEEvPKNS2_5codecIT_E12storage_typeESE_mmmNS0_12table_bundleEPd' for 'sm_90'
ptxas info    : Function properties for _ZN3aut17format_strategies4gemvINS_7storage5e3m12ENS0_8strategyILNS0_11decode_kindE3ELi1ELNS0_14table_locationE0ELNS0_11unpack_kindE0EEEEEvPKNS2_5codecIT_E12storage_typeESE_mmmNS0_12table_bundleEPd
    0 bytes stack frame, 0 bytes spill stores, 0 bytes spill loads
ptxas info    : Used 20 registers, used 1 barriers, 80 bytes smem
ptxas info    : Compile time = 6.458 ms
ptxas info    : Compiling entry function '_ZN3aut17format_strategies4gemvINS_7storage5e3m12ENS0_8strategyILNS0_11decode_kindE2ELi8ELNS0_14table_locationE0ELNS0_11unpack_kindE0EEEEEvPKNS2_5codecIT_E12storage_typeESE_mmmNS0_12table_bundleEPd' for 'sm_90'
ptxas info    : Function properties for _ZN3aut17format_strategies4gemvINS_7storage5e3m12ENS0_8strategyILNS0_11decode_kindE2ELi8ELNS0_14table_locationE0ELNS0_11unpack_kindE0EEEEEvPKNS2_5codecIT_E12storage_typeESE_mmmNS0_12table_bundleEPd
    0 bytes stack frame, 0 bytes spill stores, 0 bytes spill loads
ptxas info    : Used 48 registers, used 1 barriers, 80 bytes smem
ptxas info    : Compile time = 17.946 ms
ptxas info    : Compiling entry function '_ZN3aut17format_strategies4gemvINS_7storage5e3m12ENS0_8strategyILNS0_11decode_kindE2ELi4ELNS0_14table_locationE0ELNS0_11unpack_kindE0EEEEEvPKNS2_5codecIT_E12storage_typeESE_mmmNS0_12table_bundleEPd' for 'sm_90'
ptxas info    : Function properties for _ZN3aut17format_strategies4gemvINS_7storage5e3m12ENS0_8strategyILNS0_11decode_kindE2ELi4ELNS0_14table_locationE0ELNS0_11unpack_kindE0EEEEEvPKNS2_5codecIT_E12storage_typeESE_mmmNS0_12table_bundleEPd
    0 bytes stack frame, 0 bytes spill stores, 0 bytes spill loads
ptxas info    : Used 32 registers, used 1 barriers, 80 bytes smem
ptxas info    : Compile time = 11.353 ms
ptxas info    : Compiling entry function '_ZN3aut17format_strategies4gemvINS_7storage5e3m12ENS0_8strategyILNS0_11decode_kindE2ELi1ELNS0_14table_locationE0ELNS0_11unpack_kindE0EEEEEvPKNS2_5codecIT_E12storage_typeESE_mmmNS0_12table_bundleEPd' for 'sm_90'
ptxas info    : Function properties for _ZN3aut17format_strategies4gemvINS_7storage5e3m12ENS0_8strategyILNS0_11decode_kindE2ELi1ELNS0_14table_locationE0ELNS0_11unpack_kindE0EEEEEvPKNS2_5codecIT_E12storage_typeESE_mmmNS0_12table_bundleEPd
    0 bytes stack frame, 0 bytes spill stores, 0 bytes spill loads
ptxas info    : Used 26 registers, used 1 barriers, 80 bytes smem
ptxas info    : Compile time = 6.997 ms
ptxas info    : Compiling entry function '_ZN3aut17format_strategies4gemvINS_7storage5e3m12ENS0_8strategyILNS0_11decode_kindE1ELi8ELNS0_14table_locationE0ELNS0_11unpack_kindE0EEEEEvPKNS2_5codecIT_E12storage_typeESE_mmmNS0_12table_bundleEPd' for 'sm_90'
ptxas info    : Function properties for _ZN3aut17format_strategies4gemvINS_7storage5e3m12ENS0_8strategyILNS0_11decode_kindE1ELi8ELNS0_14table_locationE0ELNS0_11unpack_kindE0EEEEEvPKNS2_5codecIT_E12storage_typeESE_mmmNS0_12table_bundleEPd
    0 bytes stack frame, 0 bytes spill stores, 0 bytes spill loads
ptxas info    : Used 60 registers, used 1 barriers, 80 bytes smem
ptxas info    : Compile time = 16.569 ms
ptxas info    : Compiling entry function '_ZN3aut17format_strategies4gemvINS_7storage5e3m12ENS0_8strategyILNS0_11decode_kindE1ELi4ELNS0_14table_locationE0ELNS0_11unpack_kindE0EEEEEvPKNS2_5codecIT_E12storage_typeESE_mmmNS0_12table_bundleEPd' for 'sm_90'
ptxas info    : Function properties for _ZN3aut17format_strategies4gemvINS_7storage5e3m12ENS0_8strategyILNS0_11decode_kindE1ELi4ELNS0_14table_locationE0ELNS0_11unpack_kindE0EEEEEvPKNS2_5codecIT_E12storage_typeESE_mmmNS0_12table_bundleEPd
    0 bytes stack frame, 0 bytes spill stores, 0 bytes spill loads
ptxas info    : Used 38 registers, used 1 barriers, 80 bytes smem
ptxas info    : Compile time = 11.132 ms
ptxas info    : Compiling entry function '_ZN3aut17format_strategies4gemvINS_7storage5e3m12ENS0_8strategyILNS0_11decode_kindE1ELi1ELNS0_14table_locationE0ELNS0_11unpack_kindE0EEEEEvPKNS2_5codecIT_E12storage_typeESE_mmmNS0_12table_bundleEPd' for 'sm_90'
ptxas info    : Function properties for _ZN3aut17format_strategies4gemvINS_7storage5e3m12ENS0_8strategyILNS0_11decode_kindE1ELi1ELNS0_14table_locationE0ELNS0_11unpack_kindE0EEEEEvPKNS2_5codecIT_E12storage_typeESE_mmmNS0_12table_bundleEPd
    0 bytes stack frame, 0 bytes spill stores, 0 bytes spill loads
ptxas info    : Used 21 registers, used 1 barriers, 80 bytes smem
ptxas info    : Compile time = 7.114 ms
ptxas info    : Compiling entry function '_ZN3aut17format_strategies4gemvINS_7storage5e3m12ENS0_8strategyILNS0_11decode_kindE0ELi8ELNS0_14table_locationE0ELNS0_11unpack_kindE0EEEEEvPKNS2_5codecIT_E12storage_typeESE_mmmNS0_12table_bundleEPd' for 'sm_90'
ptxas info    : Function properties for _ZN3aut17format_strategies4gemvINS_7storage5e3m12ENS0_8strategyILNS0_11decode_kindE0ELi8ELNS0_14table_locationE0ELNS0_11unpack_kindE0EEEEEvPKNS2_5codecIT_E12storage_typeESE_mmmNS0_12table_bundleEPd
    0 bytes stack frame, 0 bytes spill stores, 0 bytes spill loads
ptxas info    : Used 60 registers, used 1 barriers, 80 bytes smem
ptxas info    : Compile time = 17.373 ms
ptxas info    : Compiling entry function '_ZN3aut17format_strategies4gemvINS_7storage5e3m12ENS0_8strategyILNS0_11decode_kindE0ELi4ELNS0_14table_locationE0ELNS0_11unpack_kindE0EEEEEvPKNS2_5codecIT_E12storage_typeESE_mmmNS0_12table_bundleEPd' for 'sm_90'
ptxas info    : Function properties for _ZN3aut17format_strategies4gemvINS_7storage5e3m12ENS0_8strategyILNS0_11decode_kindE0ELi4ELNS0_14table_locationE0ELNS0_11unpack_kindE0EEEEEvPKNS2_5codecIT_E12storage_typeESE_mmmNS0_12table_bundleEPd
    0 bytes stack frame, 0 bytes spill stores, 0 bytes spill loads
ptxas info    : Used 37 registers, used 1 barriers, 80 bytes smem
ptxas info    : Compile time = 11.498 ms
ptxas info    : Compiling entry function '_ZN3aut17format_strategies4gemvINS_7storage5e3m12ENS0_8strategyILNS0_11decode_kindE0ELi1ELNS0_14table_locationE0ELNS0_11unpack_kindE0EEEEEvPKNS2_5codecIT_E12storage_typeESE_mmmNS0_12table_bundleEPd' for 'sm_90'
ptxas info    : Function properties for _ZN3aut17format_strategies4gemvINS_7storage5e3m12ENS0_8strategyILNS0_11decode_kindE0ELi1ELNS0_14table_locationE0ELNS0_11unpack_kindE0EEEEEvPKNS2_5codecIT_E12storage_typeESE_mmmNS0_12table_bundleEPd
    0 bytes stack frame, 0 bytes spill stores, 0 bytes spill loads
ptxas info    : Used 22 registers, used 1 barriers, 80 bytes smem
ptxas info    : Compile time = 7.197 ms
ptxas info    : Compiling entry function '_ZN3aut17format_strategies14dot_map_reduceINS_7storage5e3m12ENS0_8strategyILNS0_11decode_kindE8ELi8ELNS0_14table_locationE1ELNS0_11unpack_kindE0EEEEEvPKNS2_5codecIT_E12storage_typeESE_mNS0_12table_bundleEPd' for 'sm_90'
ptxas info    : Function properties for _ZN3aut17format_strategies14dot_map_reduceINS_7storage5e3m12ENS0_8strategyILNS0_11decode_kindE8ELi8ELNS0_14table_locationE1ELNS0_11unpack_kindE0EEEEEvPKNS2_5codecIT_E12storage_typeESE_mNS0_12table_bundleEPd
    0 bytes stack frame, 0 bytes spill stores, 0 bytes spill loads
ptxas info    : Used 60 registers, used 1 barriers, 80 bytes smem
ptxas info    : Compile time = 16.820 ms
ptxas info    : Compiling entry function '_ZN3aut17format_strategies14dot_map_reduceINS_7storage5e3m12ENS0_8strategyILNS0_11decode_kindE8ELi4ELNS0_14table_locationE1ELNS0_11unpack_kindE0EEEEEvPKNS2_5codecIT_E12storage_typeESE_mNS0_12table_bundleEPd' for 'sm_90'
ptxas info    : Function properties for _ZN3aut17format_strategies14dot_map_reduceINS_7storage5e3m12ENS0_8strategyILNS0_11decode_kindE8ELi4ELNS0_14table_locationE1ELNS0_11unpack_kindE0EEEEEvPKNS2_5codecIT_E12storage_typeESE_mNS0_12table_bundleEPd
    0 bytes stack frame, 0 bytes spill stores, 0 bytes spill loads
ptxas info    : Used 40 registers, used 1 barriers, 80 bytes smem
ptxas info    : Compile time = 11.524 ms
ptxas info    : Compiling entry function '_ZN3aut17format_strategies14dot_map_reduceINS_7storage5e3m12ENS0_8strategyILNS0_11decode_kindE8ELi8ELNS0_14table_locationE0ELNS0_11unpack_kindE0EEEEEvPKNS2_5codecIT_E12storage_typeESE_mNS0_12table_bundleEPd' for 'sm_90'
ptxas info    : Function properties for _ZN3aut17format_strategies14dot_map_reduceINS_7storage5e3m12ENS0_8strategyILNS0_11decode_kindE8ELi8ELNS0_14table_locationE0ELNS0_11unpack_kindE0EEEEEvPKNS2_5codecIT_E12storage_typeESE_mNS0_12table_bundleEPd
    0 bytes stack frame, 0 bytes spill stores, 0 bytes spill loads
ptxas info    : Used 60 registers, used 1 barriers, 80 bytes smem
ptxas info    : Compile time = 15.983 ms
ptxas info    : Compiling entry function '_ZN3aut17format_strategies14dot_map_reduceINS_7storage5e3m12ENS0_8strategyILNS0_11decode_kindE8ELi4ELNS0_14table_locationE0ELNS0_11unpack_kindE0EEEEEvPKNS2_5codecIT_E12storage_typeESE_mNS0_12table_bundleEPd' for 'sm_90'
ptxas info    : Function properties for _ZN3aut17format_strategies14dot_map_reduceINS_7storage5e3m12ENS0_8strategyILNS0_11decode_kindE8ELi4ELNS0_14table_locationE0ELNS0_11unpack_kindE0EEEEEvPKNS2_5codecIT_E12storage_typeESE_mNS0_12table_bundleEPd
    0 bytes stack frame, 0 bytes spill stores, 0 bytes spill loads
ptxas info    : Used 40 registers, used 1 barriers, 80 bytes smem
ptxas info    : Compile time = 10.823 ms
ptxas info    : Compiling entry function '_ZN3aut17format_strategies14dot_map_reduceINS_7storage5e3m12ENS0_8strategyILNS0_11decode_kindE7ELi8ELNS0_14table_locationE1ELNS0_11unpack_kindE0EEEEEvPKNS2_5codecIT_E12storage_typeESE_mNS0_12table_bundleEPd' for 'sm_90'
ptxas info    : Function properties for _ZN3aut17format_strategies14dot_map_reduceINS_7storage5e3m12ENS0_8strategyILNS0_11decode_kindE7ELi8ELNS0_14table_locationE1ELNS0_11unpack_kindE0EEEEEvPKNS2_5codecIT_E12storage_typeESE_mNS0_12table_bundleEPd
    0 bytes stack frame, 0 bytes spill stores, 0 bytes spill loads
ptxas info    : Used 48 registers, used 1 barriers, 80 bytes smem
ptxas info    : Compile time = 12.154 ms
ptxas info    : Compiling entry function '_ZN3aut17format_strategies14dot_map_reduceINS_7storage5e3m12ENS0_8strategyILNS0_11decode_kindE7ELi4ELNS0_14table_locationE1ELNS0_11unpack_kindE0EEEEEvPKNS2_5codecIT_E12storage_typeESE_mNS0_12table_bundleEPd' for 'sm_90'
ptxas info    : Function properties for _ZN3aut17format_strategies14dot_map_reduceINS_7storage5e3m12ENS0_8strategyILNS0_11decode_kindE7ELi4ELNS0_14table_locationE1ELNS0_11unpack_kindE0EEEEEvPKNS2_5codecIT_E12storage_typeESE_mNS0_12table_bundleEPd
    0 bytes stack frame, 0 bytes spill stores, 0 bytes spill loads
ptxas info    : Used 32 registers, used 1 barriers, 80 bytes smem
ptxas info    : Compile time = 8.860 ms
ptxas info    : Compiling entry function '_ZN3aut17format_strategies14dot_map_reduceINS_7storage5e3m12ENS0_8strategyILNS0_11decode_kindE7ELi8ELNS0_14table_locationE0ELNS0_11unpack_kindE0EEEEEvPKNS2_5codecIT_E12storage_typeESE_mNS0_12table_bundleEPd' for 'sm_90'
ptxas info    : Function properties for _ZN3aut17format_strategies14dot_map_reduceINS_7storage5e3m12ENS0_8strategyILNS0_11decode_kindE7ELi8ELNS0_14table_locationE0ELNS0_11unpack_kindE0EEEEEvPKNS2_5codecIT_E12storage_typeESE_mNS0_12table_bundleEPd
    0 bytes stack frame, 0 bytes spill stores, 0 bytes spill loads
ptxas info    : Used 46 registers, used 1 barriers, 80 bytes smem
ptxas info    : Compile time = 11.256 ms
ptxas info    : Compiling entry function '_ZN3aut17format_strategies14dot_map_reduceINS_7storage5e3m12ENS0_8strategyILNS0_11decode_kindE7ELi4ELNS0_14table_locationE0ELNS0_11unpack_kindE0EEEEEvPKNS2_5codecIT_E12storage_typeESE_mNS0_12table_bundleEPd' for 'sm_90'
ptxas info    : Function properties for _ZN3aut17format_strategies14dot_map_reduceINS_7storage5e3m12ENS0_8strategyILNS0_11decode_kindE7ELi4ELNS0_14table_locationE0ELNS0_11unpack_kindE0EEEEEvPKNS2_5codecIT_E12storage_typeESE_mNS0_12table_bundleEPd
    0 bytes stack frame, 0 bytes spill stores, 0 bytes spill loads
ptxas info    : Used 34 registers, used 1 barriers, 80 bytes smem
ptxas info    : Compile time = 7.951 ms
ptxas info    : Compiling entry function '_ZN3aut17format_strategies14dot_map_reduceINS_7storage5e3m12ENS0_8strategyILNS0_11decode_kindE6ELi8ELNS0_14table_locationE0ELNS0_11unpack_kindE0EEEEEvPKNS2_5codecIT_E12storage_typeESE_mNS0_12table_bundleEPd' for 'sm_90'
ptxas info    : Function properties for _ZN3aut17format_strategies14dot_map_reduceINS_7storage5e3m12ENS0_8strategyILNS0_11decode_kindE6ELi8ELNS0_14table_locationE0ELNS0_11unpack_kindE0EEEEEvPKNS2_5codecIT_E12storage_typeESE_mNS0_12table_bundleEPd
    0 bytes stack frame, 0 bytes spill stores, 0 bytes spill loads
ptxas info    : Used 44 registers, used 1 barriers, 80 bytes smem
ptxas info    : Compile time = 6.621 ms
ptxas info    : Compiling entry function '_ZN3aut17format_strategies14dot_map_reduceINS_7storage5e3m12ENS0_8strategyILNS0_11decode_kindE6ELi4ELNS0_14table_locationE0ELNS0_11unpack_kindE0EEEEEvPKNS2_5codecIT_E12storage_typeESE_mNS0_12table_bundleEPd' for 'sm_90'
ptxas info    : Function properties for _ZN3aut17format_strategies14dot_map_reduceINS_7storage5e3m12ENS0_8strategyILNS0_11decode_kindE6ELi4ELNS0_14table_locationE0ELNS0_11unpack_kindE0EEEEEvPKNS2_5codecIT_E12storage_typeESE_mNS0_12table_bundleEPd
    0 bytes stack frame, 0 bytes spill stores, 0 bytes spill loads
ptxas info    : Used 34 registers, used 1 barriers, 80 bytes smem
ptxas info    : Compile time = 5.515 ms
ptxas info    : Compiling entry function '_ZN3aut17format_strategies14dot_map_reduceINS_7storage5e3m12ENS0_8strategyILNS0_11decode_kindE6ELi1ELNS0_14table_locationE0ELNS0_11unpack_kindE0EEEEEvPKNS2_5codecIT_E12storage_typeESE_mNS0_12table_bundleEPd' for 'sm_90'
ptxas info    : Function properties for _ZN3aut17format_strategies14dot_map_reduceINS_7storage5e3m12ENS0_8strategyILNS0_11decode_kindE6ELi1ELNS0_14table_locationE0ELNS0_11unpack_kindE0EEEEEvPKNS2_5codecIT_E12storage_typeESE_mNS0_12table_bundleEPd
    0 bytes stack frame, 0 bytes spill stores, 0 bytes spill loads
ptxas info    : Used 26 registers, used 1 barriers, 80 bytes smem
ptxas info    : Compile time = 4.284 ms
ptxas info    : Compiling entry function '_ZN3aut17format_strategies14dot_map_reduceINS_7storage5e3m12ENS0_8strategyILNS0_11decode_kindE3ELi8ELNS0_14table_locationE0ELNS0_11unpack_kindE0EEEEEvPKNS2_5codecIT_E12storage_typeESE_mNS0_12table_bundleEPd' for 'sm_90'
ptxas info    : Function properties for _ZN3aut17format_strategies14dot_map_reduceINS_7storage5e3m12ENS0_8strategyILNS0_11decode_kindE3ELi8ELNS0_14table_locationE0ELNS0_11unpack_kindE0EEEEEvPKNS2_5codecIT_E12storage_typeESE_mNS0_12table_bundleEPd
    0 bytes stack frame, 0 bytes spill stores, 0 bytes spill loads
ptxas info    : Used 56 registers, used 1 barriers, 80 bytes smem
ptxas info    : Compile time = 14.478 ms
ptxas info    : Compiling entry function '_ZN3aut17format_strategies14dot_map_reduceINS_7storage5e3m12ENS0_8strategyILNS0_11decode_kindE3ELi4ELNS0_14table_locationE0ELNS0_11unpack_kindE0EEEEEvPKNS2_5codecIT_E12storage_typeESE_mNS0_12table_bundleEPd' for 'sm_90'
ptxas info    : Function properties for _ZN3aut17format_strategies14dot_map_reduceINS_7storage5e3m12ENS0_8strategyILNS0_11decode_kindE3ELi4ELNS0_14table_locationE0ELNS0_11unpack_kindE0EEEEEvPKNS2_5codecIT_E12storage_typeESE_mNS0_12table_bundleEPd
    0 bytes stack frame, 0 bytes spill stores, 0 bytes spill loads
ptxas info    : Used 32 registers, used 1 barriers, 80 bytes smem
ptxas info    : Compile time = 9.678 ms
ptxas info    : Compiling entry function '_ZN3aut17format_strategies14dot_map_reduceINS_7storage5e3m12ENS0_8strategyILNS0_11decode_kindE3ELi1ELNS0_14table_locationE0ELNS0_11unpack_kindE0EEEEEvPKNS2_5codecIT_E12storage_typeESE_mNS0_12table_bundleEPd' for 'sm_90'
ptxas info    : Function properties for _ZN3aut17format_strategies14dot_map_reduceINS_7storage5e3m12ENS0_8strategyILNS0_11decode_kindE3ELi1ELNS0_14table_locationE0ELNS0_11unpack_kindE0EEEEEvPKNS2_5codecIT_E12storage_typeESE_mNS0_12table_bundleEPd
    0 bytes stack frame, 0 bytes spill stores, 0 bytes spill loads
ptxas info    : Used 24 registers, used 1 barriers, 80 bytes smem
ptxas info    : Compile time = 6.315 ms
ptxas info    : Compiling entry function '_ZN3aut17format_strategies14dot_map_reduceINS_7storage5e3m12ENS0_8strategyILNS0_11decode_kindE2ELi8ELNS0_14table_locationE0ELNS0_11unpack_kindE0EEEEEvPKNS2_5codecIT_E12storage_typeESE_mNS0_12table_bundleEPd' for 'sm_90'
ptxas info    : Function properties for _ZN3aut17format_strategies14dot_map_reduceINS_7storage5e3m12ENS0_8strategyILNS0_11decode_kindE2ELi8ELNS0_14table_locationE0ELNS0_11unpack_kindE0EEEEEvPKNS2_5codecIT_E12storage_typeESE_mNS0_12table_bundleEPd
    0 bytes stack frame, 0 bytes spill stores, 0 bytes spill loads
ptxas info    : Used 68 registers, used 1 barriers, 80 bytes smem
ptxas info    : Compile time = 18.465 ms
ptxas info    : Compiling entry function '_ZN3aut17format_strategies14dot_map_reduceINS_7storage5e3m12ENS0_8strategyILNS0_11decode_kindE2ELi4ELNS0_14table_locationE0ELNS0_11unpack_kindE0EEEEEvPKNS2_5codecIT_E12storage_typeESE_mNS0_12table_bundleEPd' for 'sm_90'
ptxas info    : Function properties for _ZN3aut17format_strategies14dot_map_reduceINS_7storage5e3m12ENS0_8strategyILNS0_11decode_kindE2ELi4ELNS0_14table_locationE0ELNS0_11unpack_kindE0EEEEEvPKNS2_5codecIT_E12storage_typeESE_mNS0_12table_bundleEPd
    0 bytes stack frame, 0 bytes spill stores, 0 bytes spill loads
ptxas info    : Used 44 registers, used 1 barriers, 80 bytes smem
ptxas info    : Compile time = 11.820 ms
ptxas info    : Compiling entry function '_ZN3aut17format_strategies14dot_map_reduceINS_7storage5e3m12ENS0_8strategyILNS0_11decode_kindE2ELi1ELNS0_14table_locationE0ELNS0_11unpack_kindE0EEEEEvPKNS2_5codecIT_E12storage_typeESE_mNS0_12table_bundleEPd' for 'sm_90'
ptxas info    : Function properties for _ZN3aut17format_strategies14dot_map_reduceINS_7storage5e3m12ENS0_8strategyILNS0_11decode_kindE2ELi1ELNS0_14table_locationE0ELNS0_11unpack_kindE0EEEEEvPKNS2_5codecIT_E12storage_typeESE_mNS0_12table_bundleEPd
    0 bytes stack frame, 0 bytes spill stores, 0 bytes spill loads
ptxas info    : Used 28 registers, used 1 barriers, 80 bytes smem
ptxas info    : Compile time = 6.851 ms
ptxas info    : Compiling entry function '_ZN3aut17format_strategies14dot_map_reduceINS_7storage5e3m12ENS0_8strategyILNS0_11decode_kindE1ELi8ELNS0_14table_locationE0ELNS0_11unpack_kindE0EEEEEvPKNS2_5codecIT_E12storage_typeESE_mNS0_12table_bundleEPd' for 'sm_90'
ptxas info    : Function properties for _ZN3aut17format_strategies14dot_map_reduceINS_7storage5e3m12ENS0_8strategyILNS0_11decode_kindE1ELi8ELNS0_14table_locationE0ELNS0_11unpack_kindE0EEEEEvPKNS2_5codecIT_E12storage_typeESE_mNS0_12table_bundleEPd
    0 bytes stack frame, 0 bytes spill stores, 0 bytes spill loads
ptxas info    : Used 61 registers, used 1 barriers, 80 bytes smem
ptxas info    : Compile time = 16.250 ms
ptxas info    : Compiling entry function '_ZN3aut17format_strategies14dot_map_reduceINS_7storage5e3m12ENS0_8strategyILNS0_11decode_kindE1ELi4ELNS0_14table_locationE0ELNS0_11unpack_kindE0EEEEEvPKNS2_5codecIT_E12storage_typeESE_mNS0_12table_bundleEPd' for 'sm_90'
ptxas info    : Function properties for _ZN3aut17format_strategies14dot_map_reduceINS_7storage5e3m12ENS0_8strategyILNS0_11decode_kindE1ELi4ELNS0_14table_locationE0ELNS0_11unpack_kindE0EEEEEvPKNS2_5codecIT_E12storage_typeESE_mNS0_12table_bundleEPd
    0 bytes stack frame, 0 bytes spill stores, 0 bytes spill loads
ptxas info    : Used 40 registers, used 1 barriers, 80 bytes smem
ptxas info    : Compile time = 11.048 ms
ptxas info    : Compiling entry function '_ZN3aut17format_strategies14dot_map_reduceINS_7storage5e3m12ENS0_8strategyILNS0_11decode_kindE1ELi1ELNS0_14table_locationE0ELNS0_11unpack_kindE0EEEEEvPKNS2_5codecIT_E12storage_typeESE_mNS0_12table_bundleEPd' for 'sm_90'
ptxas info    : Function properties for _ZN3aut17format_strategies14dot_map_reduceINS_7storage5e3m12ENS0_8strategyILNS0_11decode_kindE1ELi1ELNS0_14table_locationE0ELNS0_11unpack_kindE0EEEEEvPKNS2_5codecIT_E12storage_typeESE_mNS0_12table_bundleEPd
    0 bytes stack frame, 0 bytes spill stores, 0 bytes spill loads
ptxas info    : Used 28 registers, used 1 barriers, 80 bytes smem
ptxas info    : Compile time = 6.950 ms
ptxas info    : Compiling entry function '_ZN3aut17format_strategies14dot_map_reduceINS_7storage5e3m12ENS0_8strategyILNS0_11decode_kindE0ELi8ELNS0_14table_locationE0ELNS0_11unpack_kindE0EEEEEvPKNS2_5codecIT_E12storage_typeESE_mNS0_12table_bundleEPd' for 'sm_90'
ptxas info    : Function properties for _ZN3aut17format_strategies14dot_map_reduceINS_7storage5e3m12ENS0_8strategyILNS0_11decode_kindE0ELi8ELNS0_14table_locationE0ELNS0_11unpack_kindE0EEEEEvPKNS2_5codecIT_E12storage_typeESE_mNS0_12table_bundleEPd
    0 bytes stack frame, 0 bytes spill stores, 0 bytes spill loads
ptxas info    : Used 62 registers, used 1 barriers, 80 bytes smem
ptxas info    : Compile time = 17.238 ms
ptxas info    : Compiling entry function '_ZN3aut17format_strategies14dot_map_reduceINS_7storage5e3m12ENS0_8strategyILNS0_11decode_kindE0ELi4ELNS0_14table_locationE0ELNS0_11unpack_kindE0EEEEEvPKNS2_5codecIT_E12storage_typeESE_mNS0_12table_bundleEPd' for 'sm_90'
ptxas info    : Function properties for _ZN3aut17format_strategies14dot_map_reduceINS_7storage5e3m12ENS0_8strategyILNS0_11decode_kindE0ELi4ELNS0_14table_locationE0ELNS0_11unpack_kindE0EEEEEvPKNS2_5codecIT_E12storage_typeESE_mNS0_12table_bundleEPd
    0 bytes stack frame, 0 bytes spill stores, 0 bytes spill loads
ptxas info    : Used 40 registers, used 1 barriers, 80 bytes smem
ptxas info    : Compile time = 11.434 ms
ptxas info    : Compiling entry function '_ZN3aut17format_strategies14dot_map_reduceINS_7storage5e3m12ENS0_8strategyILNS0_11decode_kindE0ELi1ELNS0_14table_locationE0ELNS0_11unpack_kindE0EEEEEvPKNS2_5codecIT_E12storage_typeESE_mNS0_12table_bundleEPd' for 'sm_90'
ptxas info    : Function properties for _ZN3aut17format_strategies14dot_map_reduceINS_7storage5e3m12ENS0_8strategyILNS0_11decode_kindE0ELi1ELNS0_14table_locationE0ELNS0_11unpack_kindE0EEEEEvPKNS2_5codecIT_E12storage_typeESE_mNS0_12table_bundleEPd
    0 bytes stack frame, 0 bytes spill stores, 0 bytes spill loads
ptxas info    : Used 28 registers, used 1 barriers, 80 bytes smem
ptxas info    : Compile time = 7.082 ms
ptxas info    : Compiling entry function '_ZN3aut17format_strategies4gemvINS_7storage5e2m13ENS0_8strategyILNS0_11decode_kindE8ELi8ELNS0_14table_locationE1ELNS0_11unpack_kindE0EEEEEvPKNS2_5codecIT_E12storage_typeESE_mmmNS0_12table_bundleEPd' for 'sm_90'
ptxas info    : Function properties for _ZN3aut17format_strategies4gemvINS_7storage5e2m13ENS0_8strategyILNS0_11decode_kindE8ELi8ELNS0_14table_locationE1ELNS0_11unpack_kindE0EEEEEvPKNS2_5codecIT_E12storage_typeESE_mmmNS0_12table_bundleEPd
    0 bytes stack frame, 0 bytes spill stores, 0 bytes spill loads
ptxas info    : Used 59 registers, used 1 barriers, 80 bytes smem
ptxas info    : Compile time = 17.097 ms
ptxas info    : Compiling entry function '_ZN3aut17format_strategies4gemvINS_7storage5e2m13ENS0_8strategyILNS0_11decode_kindE8ELi4ELNS0_14table_locationE1ELNS0_11unpack_kindE0EEEEEvPKNS2_5codecIT_E12storage_typeESE_mmmNS0_12table_bundleEPd' for 'sm_90'
ptxas info    : Function properties for _ZN3aut17format_strategies4gemvINS_7storage5e2m13ENS0_8strategyILNS0_11decode_kindE8ELi4ELNS0_14table_locationE1ELNS0_11unpack_kindE0EEEEEvPKNS2_5codecIT_E12storage_typeESE_mmmNS0_12table_bundleEPd
    0 bytes stack frame, 0 bytes spill stores, 0 bytes spill loads
ptxas info    : Used 38 registers, used 1 barriers, 80 bytes smem
ptxas info    : Compile time = 11.582 ms
ptxas info    : Compiling entry function '_ZN3aut17format_strategies4gemvINS_7storage5e2m13ENS0_8strategyILNS0_11decode_kindE8ELi8ELNS0_14table_locationE0ELNS0_11unpack_kindE0EEEEEvPKNS2_5codecIT_E12storage_typeESE_mmmNS0_12table_bundleEPd' for 'sm_90'
ptxas info    : Function properties for _ZN3aut17format_strategies4gemvINS_7storage5e2m13ENS0_8strategyILNS0_11decode_kindE8ELi8ELNS0_14table_locationE0ELNS0_11unpack_kindE0EEEEEvPKNS2_5codecIT_E12storage_typeESE_mmmNS0_12table_bundleEPd
    0 bytes stack frame, 0 bytes spill stores, 0 bytes spill loads
ptxas info    : Used 59 registers, used 1 barriers, 80 bytes smem
ptxas info    : Compile time = 16.381 ms
ptxas info    : Compiling entry function '_ZN3aut17format_strategies4gemvINS_7storage5e2m13ENS0_8strategyILNS0_11decode_kindE8ELi4ELNS0_14table_locationE0ELNS0_11unpack_kindE0EEEEEvPKNS2_5codecIT_E12storage_typeESE_mmmNS0_12table_bundleEPd' for 'sm_90'
ptxas info    : Function properties for _ZN3aut17format_strategies4gemvINS_7storage5e2m13ENS0_8strategyILNS0_11decode_kindE8ELi4ELNS0_14table_locationE0ELNS0_11unpack_kindE0EEEEEvPKNS2_5codecIT_E12storage_typeESE_mmmNS0_12table_bundleEPd
    0 bytes stack frame, 0 bytes spill stores, 0 bytes spill loads
ptxas info    : Used 36 registers, used 1 barriers, 80 bytes smem
ptxas info    : Compile time = 10.877 ms
ptxas info    : Compiling entry function '_ZN3aut17format_strategies4gemvINS_7storage5e2m13ENS0_8strategyILNS0_11decode_kindE7ELi8ELNS0_14table_locationE1ELNS0_11unpack_kindE0EEEEEvPKNS2_5codecIT_E12storage_typeESE_mmmNS0_12table_bundleEPd' for 'sm_90'
ptxas info    : Function properties for _ZN3aut17format_strategies4gemvINS_7storage5e2m13ENS0_8strategyILNS0_11decode_kindE7ELi8ELNS0_14table_locationE1ELNS0_11unpack_kindE0EEEEEvPKNS2_5codecIT_E12storage_typeESE_mmmNS0_12table_bundleEPd
    0 bytes stack frame, 0 bytes spill stores, 0 bytes spill loads
ptxas info    : Used 44 registers, used 1 barriers, 80 bytes smem
ptxas info    : Compile time = 12.397 ms
ptxas info    : Compiling entry function '_ZN3aut17format_strategies4gemvINS_7storage5e2m13ENS0_8strategyILNS0_11decode_kindE7ELi4ELNS0_14table_locationE1ELNS0_11unpack_kindE0EEEEEvPKNS2_5codecIT_E12storage_typeESE_mmmNS0_12table_bundleEPd' for 'sm_90'
ptxas info    : Function properties for _ZN3aut17format_strategies4gemvINS_7storage5e2m13ENS0_8strategyILNS0_11decode_kindE7ELi4ELNS0_14table_locationE1ELNS0_11unpack_kindE0EEEEEvPKNS2_5codecIT_E12storage_typeESE_mmmNS0_12table_bundleEPd
    0 bytes stack frame, 0 bytes spill stores, 0 bytes spill loads
ptxas info    : Used 28 registers, used 1 barriers, 80 bytes smem
ptxas info    : Compile time = 9.048 ms
ptxas info    : Compiling entry function '_ZN3aut17format_strategies4gemvINS_7storage5e2m13ENS0_8strategyILNS0_11decode_kindE7ELi8ELNS0_14table_locationE0ELNS0_11unpack_kindE0EEEEEvPKNS2_5codecIT_E12storage_typeESE_mmmNS0_12table_bundleEPd' for 'sm_90'
ptxas info    : Function properties for _ZN3aut17format_strategies4gemvINS_7storage5e2m13ENS0_8strategyILNS0_11decode_kindE7ELi8ELNS0_14table_locationE0ELNS0_11unpack_kindE0EEEEEvPKNS2_5codecIT_E12storage_typeESE_mmmNS0_12table_bundleEPd
    0 bytes stack frame, 0 bytes spill stores, 0 bytes spill loads
ptxas info    : Used 48 registers, used 1 barriers, 80 bytes smem
ptxas info    : Compile time = 11.105 ms
ptxas info    : Compiling entry function '_ZN3aut17format_strategies4gemvINS_7storage5e2m13ENS0_8strategyILNS0_11decode_kindE7ELi4ELNS0_14table_locationE0ELNS0_11unpack_kindE0EEEEEvPKNS2_5codecIT_E12storage_typeESE_mmmNS0_12table_bundleEPd' for 'sm_90'
ptxas info    : Function properties for _ZN3aut17format_strategies4gemvINS_7storage5e2m13ENS0_8strategyILNS0_11decode_kindE7ELi4ELNS0_14table_locationE0ELNS0_11unpack_kindE0EEEEEvPKNS2_5codecIT_E12storage_typeESE_mmmNS0_12table_bundleEPd
    0 bytes stack frame, 0 bytes spill stores, 0 bytes spill loads
ptxas info    : Used 32 registers, used 1 barriers, 80 bytes smem
ptxas info    : Compile time = 8.086 ms
ptxas info    : Compiling entry function '_ZN3aut17format_strategies4gemvINS_7storage5e2m13ENS0_8strategyILNS0_11decode_kindE6ELi8ELNS0_14table_locationE0ELNS0_11unpack_kindE0EEEEEvPKNS2_5codecIT_E12storage_typeESE_mmmNS0_12table_bundleEPd' for 'sm_90'
ptxas info    : Function properties for _ZN3aut17format_strategies4gemvINS_7storage5e2m13ENS0_8strategyILNS0_11decode_kindE6ELi8ELNS0_14table_locationE0ELNS0_11unpack_kindE0EEEEEvPKNS2_5codecIT_E12storage_typeESE_mmmNS0_12table_bundleEPd
    0 bytes stack frame, 0 bytes spill stores, 0 bytes spill loads
ptxas info    : Used 48 registers, used 1 barriers, 80 bytes smem
ptxas info    : Compile time = 6.678 ms
ptxas info    : Compiling entry function '_ZN3aut17format_strategies4gemvINS_7storage5e2m13ENS0_8strategyILNS0_11decode_kindE6ELi4ELNS0_14table_locationE0ELNS0_11unpack_kindE0EEEEEvPKNS2_5codecIT_E12storage_typeESE_mmmNS0_12table_bundleEPd' for 'sm_90'
ptxas info    : Function properties for _ZN3aut17format_strategies4gemvINS_7storage5e2m13ENS0_8strategyILNS0_11decode_kindE6ELi4ELNS0_14table_locationE0ELNS0_11unpack_kindE0EEEEEvPKNS2_5codecIT_E12storage_typeESE_mmmNS0_12table_bundleEPd
    0 bytes stack frame, 0 bytes spill stores, 0 bytes spill loads
ptxas info    : Used 32 registers, used 1 barriers, 80 bytes smem
ptxas info    : Compile time = 5.497 ms
ptxas info    : Compiling entry function '_ZN3aut17format_strategies4gemvINS_7storage5e2m13ENS0_8strategyILNS0_11decode_kindE6ELi1ELNS0_14table_locationE0ELNS0_11unpack_kindE0EEEEEvPKNS2_5codecIT_E12storage_typeESE_mmmNS0_12table_bundleEPd' for 'sm_90'
ptxas info    : Function properties for _ZN3aut17format_strategies4gemvINS_7storage5e2m13ENS0_8strategyILNS0_11decode_kindE6ELi1ELNS0_14table_locationE0ELNS0_11unpack_kindE0EEEEEvPKNS2_5codecIT_E12storage_typeESE_mmmNS0_12table_bundleEPd
    0 bytes stack frame, 0 bytes spill stores, 0 bytes spill loads
ptxas info    : Used 24 registers, used 1 barriers, 80 bytes smem
ptxas info    : Compile time = 4.322 ms
ptxas info    : Compiling entry function '_ZN3aut17format_strategies4gemvINS_7storage5e2m13ENS0_8strategyILNS0_11decode_kindE3ELi8ELNS0_14table_locationE0ELNS0_11unpack_kindE0EEEEEvPKNS2_5codecIT_E12storage_typeESE_mmmNS0_12table_bundleEPd' for 'sm_90'
ptxas info    : Function properties for _ZN3aut17format_strategies4gemvINS_7storage5e2m13ENS0_8strategyILNS0_11decode_kindE3ELi8ELNS0_14table_locationE0ELNS0_11unpack_kindE0EEEEEvPKNS2_5codecIT_E12storage_typeESE_mmmNS0_12table_bundleEPd
    0 bytes stack frame, 0 bytes spill stores, 0 bytes spill loads
ptxas info    : Used 48 registers, used 1 barriers, 80 bytes smem
ptxas info    : Compile time = 14.315 ms
ptxas info    : Compiling entry function '_ZN3aut17format_strategies4gemvINS_7storage5e2m13ENS0_8strategyILNS0_11decode_kindE3ELi4ELNS0_14table_locationE0ELNS0_11unpack_kindE0EEEEEvPKNS2_5codecIT_E12storage_typeESE_mmmNS0_12table_bundleEPd' for 'sm_90'
ptxas info    : Function properties for _ZN3aut17format_strategies4gemvINS_7storage5e2m13ENS0_8strategyILNS0_11decode_kindE3ELi4ELNS0_14table_locationE0ELNS0_11unpack_kindE0EEEEEvPKNS2_5codecIT_E12storage_typeESE_mmmNS0_12table_bundleEPd
    0 bytes stack frame, 0 bytes spill stores, 0 bytes spill loads
ptxas info    : Used 31 registers, used 1 barriers, 80 bytes smem
ptxas info    : Compile time = 9.804 ms
ptxas info    : Compiling entry function '_ZN3aut17format_strategies4gemvINS_7storage5e2m13ENS0_8strategyILNS0_11decode_kindE3ELi1ELNS0_14table_locationE0ELNS0_11unpack_kindE0EEEEEvPKNS2_5codecIT_E12storage_typeESE_mmmNS0_12table_bundleEPd' for 'sm_90'
ptxas info    : Function properties for _ZN3aut17format_strategies4gemvINS_7storage5e2m13ENS0_8strategyILNS0_11decode_kindE3ELi1ELNS0_14table_locationE0ELNS0_11unpack_kindE0EEEEEvPKNS2_5codecIT_E12storage_typeESE_mmmNS0_12table_bundleEPd
    0 bytes stack frame, 0 bytes spill stores, 0 bytes spill loads
ptxas info    : Used 20 registers, used 1 barriers, 80 bytes smem
ptxas info    : Compile time = 6.458 ms
ptxas info    : Compiling entry function '_ZN3aut17format_strategies4gemvINS_7storage5e2m13ENS0_8strategyILNS0_11decode_kindE2ELi8ELNS0_14table_locationE0ELNS0_11unpack_kindE0EEEEEvPKNS2_5codecIT_E12storage_typeESE_mmmNS0_12table_bundleEPd' for 'sm_90'
ptxas info    : Function properties for _ZN3aut17format_strategies4gemvINS_7storage5e2m13ENS0_8strategyILNS0_11decode_kindE2ELi8ELNS0_14table_locationE0ELNS0_11unpack_kindE0EEEEEvPKNS2_5codecIT_E12storage_typeESE_mmmNS0_12table_bundleEPd
    0 bytes stack frame, 0 bytes spill stores, 0 bytes spill loads
ptxas info    : Used 48 registers, used 1 barriers, 80 bytes smem
ptxas info    : Compile time = 17.928 ms
ptxas info    : Compiling entry function '_ZN3aut17format_strategies4gemvINS_7storage5e2m13ENS0_8strategyILNS0_11decode_kindE2ELi4ELNS0_14table_locationE0ELNS0_11unpack_kindE0EEEEEvPKNS2_5codecIT_E12storage_typeESE_mmmNS0_12table_bundleEPd' for 'sm_90'
ptxas info    : Function properties for _ZN3aut17format_strategies4gemvINS_7storage5e2m13ENS0_8strategyILNS0_11decode_kindE2ELi4ELNS0_14table_locationE0ELNS0_11unpack_kindE0EEEEEvPKNS2_5codecIT_E12storage_typeESE_mmmNS0_12table_bundleEPd
    0 bytes stack frame, 0 bytes spill stores, 0 bytes spill loads
ptxas info    : Used 32 registers, used 1 barriers, 80 bytes smem
ptxas info    : Compile time = 11.272 ms
ptxas info    : Compiling entry function '_ZN3aut17format_strategies4gemvINS_7storage5e2m13ENS0_8strategyILNS0_11decode_kindE2ELi1ELNS0_14table_locationE0ELNS0_11unpack_kindE0EEEEEvPKNS2_5codecIT_E12storage_typeESE_mmmNS0_12table_bundleEPd' for 'sm_90'
ptxas info    : Function properties for _ZN3aut17format_strategies4gemvINS_7storage5e2m13ENS0_8strategyILNS0_11decode_kindE2ELi1ELNS0_14table_locationE0ELNS0_11unpack_kindE0EEEEEvPKNS2_5codecIT_E12storage_typeESE_mmmNS0_12table_bundleEPd
    0 bytes stack frame, 0 bytes spill stores, 0 bytes spill loads
ptxas info    : Used 26 registers, used 1 barriers, 80 bytes smem
ptxas info    : Compile time = 7.014 ms
ptxas info    : Compiling entry function '_ZN3aut17format_strategies4gemvINS_7storage5e2m13ENS0_8strategyILNS0_11decode_kindE1ELi8ELNS0_14table_locationE0ELNS0_11unpack_kindE0EEEEEvPKNS2_5codecIT_E12storage_typeESE_mmmNS0_12table_bundleEPd' for 'sm_90'
ptxas info    : Function properties for _ZN3aut17format_strategies4gemvINS_7storage5e2m13ENS0_8strategyILNS0_11decode_kindE1ELi8ELNS0_14table_locationE0ELNS0_11unpack_kindE0EEEEEvPKNS2_5codecIT_E12storage_typeESE_mmmNS0_12table_bundleEPd
    0 bytes stack frame, 0 bytes spill stores, 0 bytes spill loads
ptxas info    : Used 60 registers, used 1 barriers, 80 bytes smem
ptxas info    : Compile time = 16.791 ms
ptxas info    : Compiling entry function '_ZN3aut17format_strategies4gemvINS_7storage5e2m13ENS0_8strategyILNS0_11decode_kindE1ELi4ELNS0_14table_locationE0ELNS0_11unpack_kindE0EEEEEvPKNS2_5codecIT_E12storage_typeESE_mmmNS0_12table_bundleEPd' for 'sm_90'
ptxas info    : Function properties for _ZN3aut17format_strategies4gemvINS_7storage5e2m13ENS0_8strategyILNS0_11decode_kindE1ELi4ELNS0_14table_locationE0ELNS0_11unpack_kindE0EEEEEvPKNS2_5codecIT_E12storage_typeESE_mmmNS0_12table_bundleEPd
    0 bytes stack frame, 0 bytes spill stores, 0 bytes spill loads
ptxas info    : Used 38 registers, used 1 barriers, 80 bytes smem
ptxas info    : Compile time = 11.117 ms
ptxas info    : Compiling entry function '_ZN3aut17format_strategies4gemvINS_7storage5e2m13ENS0_8strategyILNS0_11decode_kindE1ELi1ELNS0_14table_locationE0ELNS0_11unpack_kindE0EEEEEvPKNS2_5codecIT_E12storage_typeESE_mmmNS0_12table_bundleEPd' for 'sm_90'
ptxas info    : Function properties for _ZN3aut17format_strategies4gemvINS_7storage5e2m13ENS0_8strategyILNS0_11decode_kindE1ELi1ELNS0_14table_locationE0ELNS0_11unpack_kindE0EEEEEvPKNS2_5codecIT_E12storage_typeESE_mmmNS0_12table_bundleEPd
    0 bytes stack frame, 0 bytes spill stores, 0 bytes spill loads
ptxas info    : Used 21 registers, used 1 barriers, 80 bytes smem
ptxas info    : Compile time = 7.087 ms
ptxas info    : Compiling entry function '_ZN3aut17format_strategies4gemvINS_7storage5e2m13ENS0_8strategyILNS0_11decode_kindE0ELi8ELNS0_14table_locationE0ELNS0_11unpack_kindE0EEEEEvPKNS2_5codecIT_E12storage_typeESE_mmmNS0_12table_bundleEPd' for 'sm_90'
ptxas info    : Function properties for _ZN3aut17format_strategies4gemvINS_7storage5e2m13ENS0_8strategyILNS0_11decode_kindE0ELi8ELNS0_14table_locationE0ELNS0_11unpack_kindE0EEEEEvPKNS2_5codecIT_E12storage_typeESE_mmmNS0_12table_bundleEPd
    0 bytes stack frame, 0 bytes spill stores, 0 bytes spill loads
ptxas info    : Used 60 registers, used 1 barriers, 80 bytes smem
ptxas info    : Compile time = 17.375 ms
ptxas info    : Compiling entry function '_ZN3aut17format_strategies4gemvINS_7storage5e2m13ENS0_8strategyILNS0_11decode_kindE0ELi4ELNS0_14table_locationE0ELNS0_11unpack_kindE0EEEEEvPKNS2_5codecIT_E12storage_typeESE_mmmNS0_12table_bundleEPd' for 'sm_90'
ptxas info    : Function properties for _ZN3aut17format_strategies4gemvINS_7storage5e2m13ENS0_8strategyILNS0_11decode_kindE0ELi4ELNS0_14table_locationE0ELNS0_11unpack_kindE0EEEEEvPKNS2_5codecIT_E12storage_typeESE_mmmNS0_12table_bundleEPd
    0 bytes stack frame, 0 bytes spill stores, 0 bytes spill loads
ptxas info    : Used 37 registers, used 1 barriers, 80 bytes smem
ptxas info    : Compile time = 11.497 ms
ptxas info    : Compiling entry function '_ZN3aut17format_strategies4gemvINS_7storage5e2m13ENS0_8strategyILNS0_11decode_kindE0ELi1ELNS0_14table_locationE0ELNS0_11unpack_kindE0EEEEEvPKNS2_5codecIT_E12storage_typeESE_mmmNS0_12table_bundleEPd' for 'sm_90'
ptxas info    : Function properties for _ZN3aut17format_strategies4gemvINS_7storage5e2m13ENS0_8strategyILNS0_11decode_kindE0ELi1ELNS0_14table_locationE0ELNS0_11unpack_kindE0EEEEEvPKNS2_5codecIT_E12storage_typeESE_mmmNS0_12table_bundleEPd
    0 bytes stack frame, 0 bytes spill stores, 0 bytes spill loads
ptxas info    : Used 22 registers, used 1 barriers, 80 bytes smem
ptxas info    : Compile time = 7.219 ms
ptxas info    : Compiling entry function '_ZN3aut17format_strategies14dot_map_reduceINS_7storage5e2m13ENS0_8strategyILNS0_11decode_kindE8ELi8ELNS0_14table_locationE1ELNS0_11unpack_kindE0EEEEEvPKNS2_5codecIT_E12storage_typeESE_mNS0_12table_bundleEPd' for 'sm_90'
ptxas info    : Function properties for _ZN3aut17format_strategies14dot_map_reduceINS_7storage5e2m13ENS0_8strategyILNS0_11decode_kindE8ELi8ELNS0_14table_locationE1ELNS0_11unpack_kindE0EEEEEvPKNS2_5codecIT_E12storage_typeESE_mNS0_12table_bundleEPd
    0 bytes stack frame, 0 bytes spill stores, 0 bytes spill loads
ptxas info    : Used 60 registers, used 1 barriers, 80 bytes smem
ptxas info    : Compile time = 16.757 ms
ptxas info    : Compiling entry function '_ZN3aut17format_strategies14dot_map_reduceINS_7storage5e2m13ENS0_8strategyILNS0_11decode_kindE8ELi4ELNS0_14table_locationE1ELNS0_11unpack_kindE0EEEEEvPKNS2_5codecIT_E12storage_typeESE_mNS0_12table_bundleEPd' for 'sm_90'
ptxas info    : Function properties for _ZN3aut17format_strategies14dot_map_reduceINS_7storage5e2m13ENS0_8strategyILNS0_11decode_kindE8ELi4ELNS0_14table_locationE1ELNS0_11unpack_kindE0EEEEEvPKNS2_5codecIT_E12storage_typeESE_mNS0_12table_bundleEPd
    0 bytes stack frame, 0 bytes spill stores, 0 bytes spill loads
ptxas info    : Used 40 registers, used 1 barriers, 80 bytes smem
ptxas info    : Compile time = 11.510 ms
ptxas info    : Compiling entry function '_ZN3aut17format_strategies14dot_map_reduceINS_7storage5e2m13ENS0_8strategyILNS0_11decode_kindE8ELi8ELNS0_14table_locationE0ELNS0_11unpack_kindE0EEEEEvPKNS2_5codecIT_E12storage_typeESE_mNS0_12table_bundleEPd' for 'sm_90'
ptxas info    : Function properties for _ZN3aut17format_strategies14dot_map_reduceINS_7storage5e2m13ENS0_8strategyILNS0_11decode_kindE8ELi8ELNS0_14table_locationE0ELNS0_11unpack_kindE0EEEEEvPKNS2_5codecIT_E12storage_typeESE_mNS0_12table_bundleEPd
    0 bytes stack frame, 0 bytes spill stores, 0 bytes spill loads
ptxas info    : Used 60 registers, used 1 barriers, 80 bytes smem
ptxas info    : Compile time = 16.109 ms
ptxas info    : Compiling entry function '_ZN3aut17format_strategies14dot_map_reduceINS_7storage5e2m13ENS0_8strategyILNS0_11decode_kindE8ELi4ELNS0_14table_locationE0ELNS0_11unpack_kindE0EEEEEvPKNS2_5codecIT_E12storage_typeESE_mNS0_12table_bundleEPd' for 'sm_90'
ptxas info    : Function properties for _ZN3aut17format_strategies14dot_map_reduceINS_7storage5e2m13ENS0_8strategyILNS0_11decode_kindE8ELi4ELNS0_14table_locationE0ELNS0_11unpack_kindE0EEEEEvPKNS2_5codecIT_E12storage_typeESE_mNS0_12table_bundleEPd
    0 bytes stack frame, 0 bytes spill stores, 0 bytes spill loads
ptxas info    : Used 40 registers, used 1 barriers, 80 bytes smem
ptxas info    : Compile time = 10.810 ms
ptxas info    : Compiling entry function '_ZN3aut17format_strategies14dot_map_reduceINS_7storage5e2m13ENS0_8strategyILNS0_11decode_kindE7ELi8ELNS0_14table_locationE1ELNS0_11unpack_kindE0EEEEEvPKNS2_5codecIT_E12storage_typeESE_mNS0_12table_bundleEPd' for 'sm_90'
ptxas info    : Function properties for _ZN3aut17format_strategies14dot_map_reduceINS_7storage5e2m13ENS0_8strategyILNS0_11decode_kindE7ELi8ELNS0_14table_locationE1ELNS0_11unpack_kindE0EEEEEvPKNS2_5codecIT_E12storage_typeESE_mNS0_12table_bundleEPd
    0 bytes stack frame, 0 bytes spill stores, 0 bytes spill loads
ptxas info    : Used 48 registers, used 1 barriers, 80 bytes smem
ptxas info    : Compile time = 12.186 ms
ptxas info    : Compiling entry function '_ZN3aut17format_strategies14dot_map_reduceINS_7storage5e2m13ENS0_8strategyILNS0_11decode_kindE7ELi4ELNS0_14table_locationE1ELNS0_11unpack_kindE0EEEEEvPKNS2_5codecIT_E12storage_typeESE_mNS0_12table_bundleEPd' for 'sm_90'
ptxas info    : Function properties for _ZN3aut17format_strategies14dot_map_reduceINS_7storage5e2m13ENS0_8strategyILNS0_11decode_kindE7ELi4ELNS0_14table_locationE1ELNS0_11unpack_kindE0EEEEEvPKNS2_5codecIT_E12storage_typeESE_mNS0_12table_bundleEPd
    0 bytes stack frame, 0 bytes spill stores, 0 bytes spill loads
ptxas info    : Used 32 registers, used 1 barriers, 80 bytes smem
ptxas info    : Compile time = 8.846 ms
ptxas info    : Compiling entry function '_ZN3aut17format_strategies14dot_map_reduceINS_7storage5e2m13ENS0_8strategyILNS0_11decode_kindE7ELi8ELNS0_14table_locationE0ELNS0_11unpack_kindE0EEEEEvPKNS2_5codecIT_E12storage_typeESE_mNS0_12table_bundleEPd' for 'sm_90'
ptxas info    : Function properties for _ZN3aut17format_strategies14dot_map_reduceINS_7storage5e2m13ENS0_8strategyILNS0_11decode_kindE7ELi8ELNS0_14table_locationE0ELNS0_11unpack_kindE0EEEEEvPKNS2_5codecIT_E12storage_typeESE_mNS0_12table_bundleEPd
    0 bytes stack frame, 0 bytes spill stores, 0 bytes spill loads
ptxas info    : Used 46 registers, used 1 barriers, 80 bytes smem
ptxas info    : Compile time = 11.150 ms
ptxas info    : Compiling entry function '_ZN3aut17format_strategies14dot_map_reduceINS_7storage5e2m13ENS0_8strategyILNS0_11decode_kindE7ELi4ELNS0_14table_locationE0ELNS0_11unpack_kindE0EEEEEvPKNS2_5codecIT_E12storage_typeESE_mNS0_12table_bundleEPd' for 'sm_90'
ptxas info    : Function properties for _ZN3aut17format_strategies14dot_map_reduceINS_7storage5e2m13ENS0_8strategyILNS0_11decode_kindE7ELi4ELNS0_14table_locationE0ELNS0_11unpack_kindE0EEEEEvPKNS2_5codecIT_E12storage_typeESE_mNS0_12table_bundleEPd
    0 bytes stack frame, 0 bytes spill stores, 0 bytes spill loads
ptxas info    : Used 34 registers, used 1 barriers, 80 bytes smem
ptxas info    : Compile time = 7.945 ms
ptxas info    : Compiling entry function '_ZN3aut17format_strategies14dot_map_reduceINS_7storage5e2m13ENS0_8strategyILNS0_11decode_kindE6ELi8ELNS0_14table_locationE0ELNS0_11unpack_kindE0EEEEEvPKNS2_5codecIT_E12storage_typeESE_mNS0_12table_bundleEPd' for 'sm_90'
ptxas info    : Function properties for _ZN3aut17format_strategies14dot_map_reduceINS_7storage5e2m13ENS0_8strategyILNS0_11decode_kindE6ELi8ELNS0_14table_locationE0ELNS0_11unpack_kindE0EEEEEvPKNS2_5codecIT_E12storage_typeESE_mNS0_12table_bundleEPd
    0 bytes stack frame, 0 bytes spill stores, 0 bytes spill loads
ptxas info    : Used 44 registers, used 1 barriers, 80 bytes smem
ptxas info    : Compile time = 6.623 ms
ptxas info    : Compiling entry function '_ZN3aut17format_strategies14dot_map_reduceINS_7storage5e2m13ENS0_8strategyILNS0_11decode_kindE6ELi4ELNS0_14table_locationE0ELNS0_11unpack_kindE0EEEEEvPKNS2_5codecIT_E12storage_typeESE_mNS0_12table_bundleEPd' for 'sm_90'
ptxas info    : Function properties for _ZN3aut17format_strategies14dot_map_reduceINS_7storage5e2m13ENS0_8strategyILNS0_11decode_kindE6ELi4ELNS0_14table_locationE0ELNS0_11unpack_kindE0EEEEEvPKNS2_5codecIT_E12storage_typeESE_mNS0_12table_bundleEPd
    0 bytes stack frame, 0 bytes spill stores, 0 bytes spill loads
ptxas info    : Used 34 registers, used 1 barriers, 80 bytes smem
ptxas info    : Compile time = 5.528 ms
ptxas info    : Compiling entry function '_ZN3aut17format_strategies14dot_map_reduceINS_7storage5e2m13ENS0_8strategyILNS0_11decode_kindE6ELi1ELNS0_14table_locationE0ELNS0_11unpack_kindE0EEEEEvPKNS2_5codecIT_E12storage_typeESE_mNS0_12table_bundleEPd' for 'sm_90'
ptxas info    : Function properties for _ZN3aut17format_strategies14dot_map_reduceINS_7storage5e2m13ENS0_8strategyILNS0_11decode_kindE6ELi1ELNS0_14table_locationE0ELNS0_11unpack_kindE0EEEEEvPKNS2_5codecIT_E12storage_typeESE_mNS0_12table_bundleEPd
    0 bytes stack frame, 0 bytes spill stores, 0 bytes spill loads
ptxas info    : Used 26 registers, used 1 barriers, 80 bytes smem
ptxas info    : Compile time = 4.489 ms
ptxas info    : Compiling entry function '_ZN3aut17format_strategies14dot_map_reduceINS_7storage5e2m13ENS0_8strategyILNS0_11decode_kindE3ELi8ELNS0_14table_locationE0ELNS0_11unpack_kindE0EEEEEvPKNS2_5codecIT_E12storage_typeESE_mNS0_12table_bundleEPd' for 'sm_90'
ptxas info    : Function properties for _ZN3aut17format_strategies14dot_map_reduceINS_7storage5e2m13ENS0_8strategyILNS0_11decode_kindE3ELi8ELNS0_14table_locationE0ELNS0_11unpack_kindE0EEEEEvPKNS2_5codecIT_E12storage_typeESE_mNS0_12table_bundleEPd
    0 bytes stack frame, 0 bytes spill stores, 0 bytes spill loads
ptxas info    : Used 56 registers, used 1 barriers, 80 bytes smem
ptxas info    : Compile time = 14.345 ms
ptxas info    : Compiling entry function '_ZN3aut17format_strategies14dot_map_reduceINS_7storage5e2m13ENS0_8strategyILNS0_11decode_kindE3ELi4ELNS0_14table_locationE0ELNS0_11unpack_kindE0EEEEEvPKNS2_5codecIT_E12storage_typeESE_mNS0_12table_bundleEPd' for 'sm_90'
ptxas info    : Function properties for _ZN3aut17format_strategies14dot_map_reduceINS_7storage5e2m13ENS0_8strategyILNS0_11decode_kindE3ELi4ELNS0_14table_locationE0ELNS0_11unpack_kindE0EEEEEvPKNS2_5codecIT_E12storage_typeESE_mNS0_12table_bundleEPd
    0 bytes stack frame, 0 bytes spill stores, 0 bytes spill loads
ptxas info    : Used 32 registers, used 1 barriers, 80 bytes smem
ptxas info    : Compile time = 9.608 ms
ptxas info    : Compiling entry function '_ZN3aut17format_strategies14dot_map_reduceINS_7storage5e2m13ENS0_8strategyILNS0_11decode_kindE3ELi1ELNS0_14table_locationE0ELNS0_11unpack_kindE0EEEEEvPKNS2_5codecIT_E12storage_typeESE_mNS0_12table_bundleEPd' for 'sm_90'
ptxas info    : Function properties for _ZN3aut17format_strategies14dot_map_reduceINS_7storage5e2m13ENS0_8strategyILNS0_11decode_kindE3ELi1ELNS0_14table_locationE0ELNS0_11unpack_kindE0EEEEEvPKNS2_5codecIT_E12storage_typeESE_mNS0_12table_bundleEPd
    0 bytes stack frame, 0 bytes spill stores, 0 bytes spill loads
ptxas info    : Used 24 registers, used 1 barriers, 80 bytes smem
ptxas info    : Compile time = 6.327 ms
ptxas info    : Compiling entry function '_ZN3aut17format_strategies14dot_map_reduceINS_7storage5e2m13ENS0_8strategyILNS0_11decode_kindE2ELi8ELNS0_14table_locationE0ELNS0_11unpack_kindE0EEEEEvPKNS2_5codecIT_E12storage_typeESE_mNS0_12table_bundleEPd' for 'sm_90'
ptxas info    : Function properties for _ZN3aut17format_strategies14dot_map_reduceINS_7storage5e2m13ENS0_8strategyILNS0_11decode_kindE2ELi8ELNS0_14table_locationE0ELNS0_11unpack_kindE0EEEEEvPKNS2_5codecIT_E12storage_typeESE_mNS0_12table_bundleEPd
    0 bytes stack frame, 0 bytes spill stores, 0 bytes spill loads
ptxas info    : Used 68 registers, used 1 barriers, 80 bytes smem
ptxas info    : Compile time = 18.768 ms
ptxas info    : Compiling entry function '_ZN3aut17format_strategies14dot_map_reduceINS_7storage5e2m13ENS0_8strategyILNS0_11decode_kindE2ELi4ELNS0_14table_locationE0ELNS0_11unpack_kindE0EEEEEvPKNS2_5codecIT_E12storage_typeESE_mNS0_12table_bundleEPd' for 'sm_90'
ptxas info    : Function properties for _ZN3aut17format_strategies14dot_map_reduceINS_7storage5e2m13ENS0_8strategyILNS0_11decode_kindE2ELi4ELNS0_14table_locationE0ELNS0_11unpack_kindE0EEEEEvPKNS2_5codecIT_E12storage_typeESE_mNS0_12table_bundleEPd
    0 bytes stack frame, 0 bytes spill stores, 0 bytes spill loads
ptxas info    : Used 44 registers, used 1 barriers, 80 bytes smem
ptxas info    : Compile time = 11.840 ms
ptxas info    : Compiling entry function '_ZN3aut17format_strategies14dot_map_reduceINS_7storage5e2m13ENS0_8strategyILNS0_11decode_kindE2ELi1ELNS0_14table_locationE0ELNS0_11unpack_kindE0EEEEEvPKNS2_5codecIT_E12storage_typeESE_mNS0_12table_bundleEPd' for 'sm_90'
ptxas info    : Function properties for _ZN3aut17format_strategies14dot_map_reduceINS_7storage5e2m13ENS0_8strategyILNS0_11decode_kindE2ELi1ELNS0_14table_locationE0ELNS0_11unpack_kindE0EEEEEvPKNS2_5codecIT_E12storage_typeESE_mNS0_12table_bundleEPd
    0 bytes stack frame, 0 bytes spill stores, 0 bytes spill loads
ptxas info    : Used 28 registers, used 1 barriers, 80 bytes smem
ptxas info    : Compile time = 6.850 ms
ptxas info    : Compiling entry function '_ZN3aut17format_strategies14dot_map_reduceINS_7storage5e2m13ENS0_8strategyILNS0_11decode_kindE1ELi8ELNS0_14table_locationE0ELNS0_11unpack_kindE0EEEEEvPKNS2_5codecIT_E12storage_typeESE_mNS0_12table_bundleEPd' for 'sm_90'
ptxas info    : Function properties for _ZN3aut17format_strategies14dot_map_reduceINS_7storage5e2m13ENS0_8strategyILNS0_11decode_kindE1ELi8ELNS0_14table_locationE0ELNS0_11unpack_kindE0EEEEEvPKNS2_5codecIT_E12storage_typeESE_mNS0_12table_bundleEPd
    0 bytes stack frame, 0 bytes spill stores, 0 bytes spill loads
ptxas info    : Used 61 registers, used 1 barriers, 80 bytes smem
ptxas info    : Compile time = 16.338 ms
ptxas info    : Compiling entry function '_ZN3aut17format_strategies14dot_map_reduceINS_7storage5e2m13ENS0_8strategyILNS0_11decode_kindE1ELi4ELNS0_14table_locationE0ELNS0_11unpack_kindE0EEEEEvPKNS2_5codecIT_E12storage_typeESE_mNS0_12table_bundleEPd' for 'sm_90'
ptxas info    : Function properties for _ZN3aut17format_strategies14dot_map_reduceINS_7storage5e2m13ENS0_8strategyILNS0_11decode_kindE1ELi4ELNS0_14table_locationE0ELNS0_11unpack_kindE0EEEEEvPKNS2_5codecIT_E12storage_typeESE_mNS0_12table_bundleEPd
    0 bytes stack frame, 0 bytes spill stores, 0 bytes spill loads
ptxas info    : Used 40 registers, used 1 barriers, 80 bytes smem
ptxas info    : Compile time = 11.035 ms
ptxas info    : Compiling entry function '_ZN3aut17format_strategies14dot_map_reduceINS_7storage5e2m13ENS0_8strategyILNS0_11decode_kindE1ELi1ELNS0_14table_locationE0ELNS0_11unpack_kindE0EEEEEvPKNS2_5codecIT_E12storage_typeESE_mNS0_12table_bundleEPd' for 'sm_90'
ptxas info    : Function properties for _ZN3aut17format_strategies14dot_map_reduceINS_7storage5e2m13ENS0_8strategyILNS0_11decode_kindE1ELi1ELNS0_14table_locationE0ELNS0_11unpack_kindE0EEEEEvPKNS2_5codecIT_E12storage_typeESE_mNS0_12table_bundleEPd
    0 bytes stack frame, 0 bytes spill stores, 0 bytes spill loads
ptxas info    : Used 28 registers, used 1 barriers, 80 bytes smem
ptxas info    : Compile time = 6.930 ms
ptxas info    : Compiling entry function '_ZN3aut17format_strategies14dot_map_reduceINS_7storage5e2m13ENS0_8strategyILNS0_11decode_kindE0ELi8ELNS0_14table_locationE0ELNS0_11unpack_kindE0EEEEEvPKNS2_5codecIT_E12storage_typeESE_mNS0_12table_bundleEPd' for 'sm_90'
ptxas info    : Function properties for _ZN3aut17format_strategies14dot_map_reduceINS_7storage5e2m13ENS0_8strategyILNS0_11decode_kindE0ELi8ELNS0_14table_locationE0ELNS0_11unpack_kindE0EEEEEvPKNS2_5codecIT_E12storage_typeESE_mNS0_12table_bundleEPd
    0 bytes stack frame, 0 bytes spill stores, 0 bytes spill loads
ptxas info    : Used 62 registers, used 1 barriers, 80 bytes smem
ptxas info    : Compile time = 17.172 ms
ptxas info    : Compiling entry function '_ZN3aut17format_strategies14dot_map_reduceINS_7storage5e2m13ENS0_8strategyILNS0_11decode_kindE0ELi4ELNS0_14table_locationE0ELNS0_11unpack_kindE0EEEEEvPKNS2_5codecIT_E12storage_typeESE_mNS0_12table_bundleEPd' for 'sm_90'
ptxas info    : Function properties for _ZN3aut17format_strategies14dot_map_reduceINS_7storage5e2m13ENS0_8strategyILNS0_11decode_kindE0ELi4ELNS0_14table_locationE0ELNS0_11unpack_kindE0EEEEEvPKNS2_5codecIT_E12storage_typeESE_mNS0_12table_bundleEPd
    0 bytes stack frame, 0 bytes spill stores, 0 bytes spill loads
ptxas info    : Used 40 registers, used 1 barriers, 80 bytes smem
ptxas info    : Compile time = 11.440 ms
ptxas info    : Compiling entry function '_ZN3aut17format_strategies14dot_map_reduceINS_7storage5e2m13ENS0_8strategyILNS0_11decode_kindE0ELi1ELNS0_14table_locationE0ELNS0_11unpack_kindE0EEEEEvPKNS2_5codecIT_E12storage_typeESE_mNS0_12table_bundleEPd' for 'sm_90'
ptxas info    : Function properties for _ZN3aut17format_strategies14dot_map_reduceINS_7storage5e2m13ENS0_8strategyILNS0_11decode_kindE0ELi1ELNS0_14table_locationE0ELNS0_11unpack_kindE0EEEEEvPKNS2_5codecIT_E12storage_typeESE_mNS0_12table_bundleEPd
    0 bytes stack frame, 0 bytes spill stores, 0 bytes spill loads
ptxas info    : Used 28 registers, used 1 barriers, 80 bytes smem
ptxas info    : Compile time = 7.078 ms
ptxas info    : Compiling entry function '_ZN3aut17format_strategies4gemvINS_7storage5e1m14ENS0_8strategyILNS0_11decode_kindE7ELi8ELNS0_14table_locationE0ELNS0_11unpack_kindE0EEEEEvPKNS2_5codecIT_E12storage_typeESE_mmmNS0_12table_bundleEPd' for 'sm_90'
ptxas info    : Function properties for _ZN3aut17format_strategies4gemvINS_7storage5e1m14ENS0_8strategyILNS0_11decode_kindE7ELi8ELNS0_14table_locationE0ELNS0_11unpack_kindE0EEEEEvPKNS2_5codecIT_E12storage_typeESE_mmmNS0_12table_bundleEPd
    0 bytes stack frame, 0 bytes spill stores, 0 bytes spill loads
ptxas info    : Used 40 registers, used 1 barriers, 80 bytes smem
ptxas info    : Compile time = 9.937 ms
ptxas info    : Compiling entry function '_ZN3aut17format_strategies4gemvINS_7storage5e1m14ENS0_8strategyILNS0_11decode_kindE7ELi4ELNS0_14table_locationE0ELNS0_11unpack_kindE0EEEEEvPKNS2_5codecIT_E12storage_typeESE_mmmNS0_12table_bundleEPd' for 'sm_90'
ptxas info    : Function properties for _ZN3aut17format_strategies4gemvINS_7storage5e1m14ENS0_8strategyILNS0_11decode_kindE7ELi4ELNS0_14table_locationE0ELNS0_11unpack_kindE0EEEEEvPKNS2_5codecIT_E12storage_typeESE_mmmNS0_12table_bundleEPd
    0 bytes stack frame, 0 bytes spill stores, 0 bytes spill loads
ptxas info    : Used 32 registers, used 1 barriers, 80 bytes smem
ptxas info    : Compile time = 7.434 ms
ptxas info    : Compiling entry function '_ZN3aut17format_strategies4gemvINS_7storage5e1m14ENS0_8strategyILNS0_11decode_kindE6ELi8ELNS0_14table_locationE0ELNS0_11unpack_kindE0EEEEEvPKNS2_5codecIT_E12storage_typeESE_mmmNS0_12table_bundleEPd' for 'sm_90'
ptxas info    : Function properties for _ZN3aut17format_strategies4gemvINS_7storage5e1m14ENS0_8strategyILNS0_11decode_kindE6ELi8ELNS0_14table_locationE0ELNS0_11unpack_kindE0EEEEEvPKNS2_5codecIT_E12storage_typeESE_mmmNS0_12table_bundleEPd
    0 bytes stack frame, 0 bytes spill stores, 0 bytes spill loads
ptxas info    : Used 48 registers, used 1 barriers, 80 bytes smem
ptxas info    : Compile time = 6.668 ms
ptxas info    : Compiling entry function '_ZN3aut17format_strategies4gemvINS_7storage5e1m14ENS0_8strategyILNS0_11decode_kindE6ELi4ELNS0_14table_locationE0ELNS0_11unpack_kindE0EEEEEvPKNS2_5codecIT_E12storage_typeESE_mmmNS0_12table_bundleEPd' for 'sm_90'
ptxas info    : Function properties for _ZN3aut17format_strategies4gemvINS_7storage5e1m14ENS0_8strategyILNS0_11decode_kindE6ELi4ELNS0_14table_locationE0ELNS0_11unpack_kindE0EEEEEvPKNS2_5codecIT_E12storage_typeESE_mmmNS0_12table_bundleEPd
    0 bytes stack frame, 0 bytes spill stores, 0 bytes spill loads
ptxas info    : Used 32 registers, used 1 barriers, 80 bytes smem
ptxas info    : Compile time = 5.489 ms
ptxas info    : Compiling entry function '_ZN3aut17format_strategies4gemvINS_7storage5e1m14ENS0_8strategyILNS0_11decode_kindE6ELi1ELNS0_14table_locationE0ELNS0_11unpack_kindE0EEEEEvPKNS2_5codecIT_E12storage_typeESE_mmmNS0_12table_bundleEPd' for 'sm_90'
ptxas info    : Function properties for _ZN3aut17format_strategies4gemvINS_7storage5e1m14ENS0_8strategyILNS0_11decode_kindE6ELi1ELNS0_14table_locationE0ELNS0_11unpack_kindE0EEEEEvPKNS2_5codecIT_E12storage_typeESE_mmmNS0_12table_bundleEPd
    0 bytes stack frame, 0 bytes spill stores, 0 bytes spill loads
ptxas info    : Used 24 registers, used 1 barriers, 80 bytes smem
ptxas info    : Compile time = 4.352 ms
ptxas info    : Compiling entry function '_ZN3aut17format_strategies4gemvINS_7storage5e1m14ENS0_8strategyILNS0_11decode_kindE3ELi8ELNS0_14table_locationE0ELNS0_11unpack_kindE0EEEEEvPKNS2_5codecIT_E12storage_typeESE_mmmNS0_12table_bundleEPd' for 'sm_90'
ptxas info    : Function properties for _ZN3aut17format_strategies4gemvINS_7storage5e1m14ENS0_8strategyILNS0_11decode_kindE3ELi8ELNS0_14table_locationE0ELNS0_11unpack_kindE0EEEEEvPKNS2_5codecIT_E12storage_typeESE_mmmNS0_12table_bundleEPd
    0 bytes stack frame, 0 bytes spill stores, 0 bytes spill loads
ptxas info    : Used 48 registers, used 1 barriers, 80 bytes smem
ptxas info    : Compile time = 12.560 ms
ptxas info    : Compiling entry function '_ZN3aut17format_strategies4gemvINS_7storage5e1m14ENS0_8strategyILNS0_11decode_kindE3ELi4ELNS0_14table_locationE0ELNS0_11unpack_kindE0EEEEEvPKNS2_5codecIT_E12storage_typeESE_mmmNS0_12table_bundleEPd' for 'sm_90'
ptxas info    : Function properties for _ZN3aut17format_strategies4gemvINS_7storage5e1m14ENS0_8strategyILNS0_11decode_kindE3ELi4ELNS0_14table_locationE0ELNS0_11unpack_kindE0EEEEEvPKNS2_5codecIT_E12storage_typeESE_mmmNS0_12table_bundleEPd
    0 bytes stack frame, 0 bytes spill stores, 0 bytes spill loads
ptxas info    : Used 32 registers, used 1 barriers, 80 bytes smem
ptxas info    : Compile time = 8.866 ms
ptxas info    : Compiling entry function '_ZN3aut17format_strategies4gemvINS_7storage5e1m14ENS0_8strategyILNS0_11decode_kindE3ELi1ELNS0_14table_locationE0ELNS0_11unpack_kindE0EEEEEvPKNS2_5codecIT_E12storage_typeESE_mmmNS0_12table_bundleEPd' for 'sm_90'
ptxas info    : Function properties for _ZN3aut17format_strategies4gemvINS_7storage5e1m14ENS0_8strategyILNS0_11decode_kindE3ELi1ELNS0_14table_locationE0ELNS0_11unpack_kindE0EEEEEvPKNS2_5codecIT_E12storage_typeESE_mmmNS0_12table_bundleEPd
    0 bytes stack frame, 0 bytes spill stores, 0 bytes spill loads
ptxas info    : Used 20 registers, used 1 barriers, 80 bytes smem
ptxas info    : Compile time = 6.038 ms
ptxas info    : Compiling entry function '_ZN3aut17format_strategies4gemvINS_7storage5e1m14ENS0_8strategyILNS0_11decode_kindE2ELi8ELNS0_14table_locationE0ELNS0_11unpack_kindE0EEEEEvPKNS2_5codecIT_E12storage_typeESE_mmmNS0_12table_bundleEPd' for 'sm_90'
ptxas info    : Function properties for _ZN3aut17format_strategies4gemvINS_7storage5e1m14ENS0_8strategyILNS0_11decode_kindE2ELi8ELNS0_14table_locationE0ELNS0_11unpack_kindE0EEEEEvPKNS2_5codecIT_E12storage_typeESE_mmmNS0_12table_bundleEPd
    0 bytes stack frame, 0 bytes spill stores, 0 bytes spill loads
ptxas info    : Used 40 registers, used 1 barriers, 80 bytes smem
ptxas info    : Compile time = 16.446 ms
ptxas info    : Compiling entry function '_ZN3aut17format_strategies4gemvINS_7storage5e1m14ENS0_8strategyILNS0_11decode_kindE2ELi4ELNS0_14table_locationE0ELNS0_11unpack_kindE0EEEEEvPKNS2_5codecIT_E12storage_typeESE_mmmNS0_12table_bundleEPd' for 'sm_90'
ptxas info    : Function properties for _ZN3aut17format_strategies4gemvINS_7storage5e1m14ENS0_8strategyILNS0_11decode_kindE2ELi4ELNS0_14table_locationE0ELNS0_11unpack_kindE0EEEEEvPKNS2_5codecIT_E12storage_typeESE_mmmNS0_12table_bundleEPd
    0 bytes stack frame, 0 bytes spill stores, 0 bytes spill loads
ptxas info    : Used 32 registers, used 1 barriers, 80 bytes smem
ptxas info    : Compile time = 10.671 ms
ptxas info    : Compiling entry function '_ZN3aut17format_strategies4gemvINS_7storage5e1m14ENS0_8strategyILNS0_11decode_kindE2ELi1ELNS0_14table_locationE0ELNS0_11unpack_kindE0EEEEEvPKNS2_5codecIT_E12storage_typeESE_mmmNS0_12table_bundleEPd' for 'sm_90'
ptxas info    : Function properties for _ZN3aut17format_strategies4gemvINS_7storage5e1m14ENS0_8strategyILNS0_11decode_kindE2ELi1ELNS0_14table_locationE0ELNS0_11unpack_kindE0EEEEEvPKNS2_5codecIT_E12storage_typeESE_mmmNS0_12table_bundleEPd
    0 bytes stack frame, 0 bytes spill stores, 0 bytes spill loads
ptxas info    : Used 26 registers, used 1 barriers, 80 bytes smem
ptxas info    : Compile time = 6.728 ms
ptxas info    : Compiling entry function '_ZN3aut17format_strategies4gemvINS_7storage5e1m14ENS0_8strategyILNS0_11decode_kindE1ELi8ELNS0_14table_locationE0ELNS0_11unpack_kindE0EEEEEvPKNS2_5codecIT_E12storage_typeESE_mmmNS0_12table_bundleEPd' for 'sm_90'
ptxas info    : Function properties for _ZN3aut17format_strategies4gemvINS_7storage5e1m14ENS0_8strategyILNS0_11decode_kindE1ELi8ELNS0_14table_locationE0ELNS0_11unpack_kindE0EEEEEvPKNS2_5codecIT_E12storage_typeESE_mmmNS0_12table_bundleEPd
    0 bytes stack frame, 0 bytes spill stores, 0 bytes spill loads
ptxas info    : Used 60 registers, used 1 barriers, 80 bytes smem
ptxas info    : Compile time = 15.710 ms
ptxas info    : Compiling entry function '_ZN3aut17format_strategies4gemvINS_7storage5e1m14ENS0_8strategyILNS0_11decode_kindE1ELi4ELNS0_14table_locationE0ELNS0_11unpack_kindE0EEEEEvPKNS2_5codecIT_E12storage_typeESE_mmmNS0_12table_bundleEPd' for 'sm_90'
ptxas info    : Function properties for _ZN3aut17format_strategies4gemvINS_7storage5e1m14ENS0_8strategyILNS0_11decode_kindE1ELi4ELNS0_14table_locationE0ELNS0_11unpack_kindE0EEEEEvPKNS2_5codecIT_E12storage_typeESE_mmmNS0_12table_bundleEPd
    0 bytes stack frame, 0 bytes spill stores, 0 bytes spill loads
ptxas info    : Used 38 registers, used 1 barriers, 80 bytes smem
ptxas info    : Compile time = 10.501 ms
ptxas info    : Compiling entry function '_ZN3aut17format_strategies4gemvINS_7storage5e1m14ENS0_8strategyILNS0_11decode_kindE1ELi1ELNS0_14table_locationE0ELNS0_11unpack_kindE0EEEEEvPKNS2_5codecIT_E12storage_typeESE_mmmNS0_12table_bundleEPd' for 'sm_90'
ptxas info    : Function properties for _ZN3aut17format_strategies4gemvINS_7storage5e1m14ENS0_8strategyILNS0_11decode_kindE1ELi1ELNS0_14table_locationE0ELNS0_11unpack_kindE0EEEEEvPKNS2_5codecIT_E12storage_typeESE_mmmNS0_12table_bundleEPd
    0 bytes stack frame, 0 bytes spill stores, 0 bytes spill loads
ptxas info    : Used 21 registers, used 1 barriers, 80 bytes smem
ptxas info    : Compile time = 6.794 ms
ptxas info    : Compiling entry function '_ZN3aut17format_strategies4gemvINS_7storage5e1m14ENS0_8strategyILNS0_11decode_kindE4ELi8ELNS0_14table_locationE0ELNS0_11unpack_kindE0EEEEEvPKNS2_5codecIT_E12storage_typeESE_mmmNS0_12table_bundleEPd' for 'sm_90'
ptxas info    : Function properties for _ZN3aut17format_strategies4gemvINS_7storage5e1m14ENS0_8strategyILNS0_11decode_kindE4ELi8ELNS0_14table_locationE0ELNS0_11unpack_kindE0EEEEEvPKNS2_5codecIT_E12storage_typeESE_mmmNS0_12table_bundleEPd
    0 bytes stack frame, 0 bytes spill stores, 0 bytes spill loads
ptxas info    : Used 39 registers, used 1 barriers, 80 bytes smem
ptxas info    : Compile time = 7.413 ms
ptxas info    : Compiling entry function '_ZN3aut17format_strategies4gemvINS_7storage5e1m14ENS0_8strategyILNS0_11decode_kindE4ELi4ELNS0_14table_locationE0ELNS0_11unpack_kindE0EEEEEvPKNS2_5codecIT_E12storage_typeESE_mmmNS0_12table_bundleEPd' for 'sm_90'
ptxas info    : Function properties for _ZN3aut17format_strategies4gemvINS_7storage5e1m14ENS0_8strategyILNS0_11decode_kindE4ELi4ELNS0_14table_locationE0ELNS0_11unpack_kindE0EEEEEvPKNS2_5codecIT_E12storage_typeESE_mmmNS0_12table_bundleEPd
    0 bytes stack frame, 0 bytes spill stores, 0 bytes spill loads
ptxas info    : Used 31 registers, used 1 barriers, 80 bytes smem
ptxas info    : Compile time = 5.933 ms
ptxas info    : Compiling entry function '_ZN3aut17format_strategies4gemvINS_7storage5e1m14ENS0_8strategyILNS0_11decode_kindE4ELi1ELNS0_14table_locationE0ELNS0_11unpack_kindE0EEEEEvPKNS2_5codecIT_E12storage_typeESE_mmmNS0_12table_bundleEPd' for 'sm_90'
ptxas info    : Function properties for _ZN3aut17format_strategies4gemvINS_7storage5e1m14ENS0_8strategyILNS0_11decode_kindE4ELi1ELNS0_14table_locationE0ELNS0_11unpack_kindE0EEEEEvPKNS2_5codecIT_E12storage_typeESE_mmmNS0_12table_bundleEPd
    0 bytes stack frame, 0 bytes spill stores, 0 bytes spill loads
ptxas info    : Used 25 registers, used 1 barriers, 80 bytes smem
ptxas info    : Compile time = 4.629 ms
ptxas info    : Compiling entry function '_ZN3aut17format_strategies4gemvINS_7storage5e1m14ENS0_8strategyILNS0_11decode_kindE0ELi8ELNS0_14table_locationE0ELNS0_11unpack_kindE0EEEEEvPKNS2_5codecIT_E12storage_typeESE_mmmNS0_12table_bundleEPd' for 'sm_90'
ptxas info    : Function properties for _ZN3aut17format_strategies4gemvINS_7storage5e1m14ENS0_8strategyILNS0_11decode_kindE0ELi8ELNS0_14table_locationE0ELNS0_11unpack_kindE0EEEEEvPKNS2_5codecIT_E12storage_typeESE_mmmNS0_12table_bundleEPd
    0 bytes stack frame, 0 bytes spill stores, 0 bytes spill loads
ptxas info    : Used 64 registers, used 1 barriers, 80 bytes smem
ptxas info    : Compile time = 16.783 ms
ptxas info    : Compiling entry function '_ZN3aut17format_strategies4gemvINS_7storage5e1m14ENS0_8strategyILNS0_11decode_kindE0ELi4ELNS0_14table_locationE0ELNS0_11unpack_kindE0EEEEEvPKNS2_5codecIT_E12storage_typeESE_mmmNS0_12table_bundleEPd' for 'sm_90'
ptxas info    : Function properties for _ZN3aut17format_strategies4gemvINS_7storage5e1m14ENS0_8strategyILNS0_11decode_kindE0ELi4ELNS0_14table_locationE0ELNS0_11unpack_kindE0EEEEEvPKNS2_5codecIT_E12storage_typeESE_mmmNS0_12table_bundleEPd
    0 bytes stack frame, 0 bytes spill stores, 0 bytes spill loads
ptxas info    : Used 40 registers, used 1 barriers, 80 bytes smem
ptxas info    : Compile time = 10.883 ms
ptxas info    : Compiling entry function '_ZN3aut17format_strategies4gemvINS_7storage5e1m14ENS0_8strategyILNS0_11decode_kindE0ELi1ELNS0_14table_locationE0ELNS0_11unpack_kindE0EEEEEvPKNS2_5codecIT_E12storage_typeESE_mmmNS0_12table_bundleEPd' for 'sm_90'
ptxas info    : Function properties for _ZN3aut17format_strategies4gemvINS_7storage5e1m14ENS0_8strategyILNS0_11decode_kindE0ELi1ELNS0_14table_locationE0ELNS0_11unpack_kindE0EEEEEvPKNS2_5codecIT_E12storage_typeESE_mmmNS0_12table_bundleEPd
    0 bytes stack frame, 0 bytes spill stores, 0 bytes spill loads
ptxas info    : Used 26 registers, used 1 barriers, 80 bytes smem
ptxas info    : Compile time = 6.832 ms
ptxas info    : Compiling entry function '_ZN3aut17format_strategies4gemvINS_7storage5e1m14ENS0_8strategyILNS0_11decode_kindE7ELi8ELNS0_14table_locationE1ELNS0_11unpack_kindE0EEEEEvPKNS2_5codecIT_E12storage_typeESE_mmmNS0_12table_bundleEPd' for 'sm_90'
ptxas info    : Function properties for _ZN3aut17format_strategies4gemvINS_7storage5e1m14ENS0_8strategyILNS0_11decode_kindE7ELi8ELNS0_14table_locationE1ELNS0_11unpack_kindE0EEEEEvPKNS2_5codecIT_E12storage_typeESE_mmmNS0_12table_bundleEPd
    0 bytes stack frame, 0 bytes spill stores, 0 bytes spill loads
ptxas info    : Used 40 registers, used 1 barriers, 80 bytes smem
ptxas info    : Compile time = 11.388 ms
ptxas info    : Compiling entry function '_ZN3aut17format_strategies14dot_map_reduceINS_7storage5e1m14ENS0_8strategyILNS0_11decode_kindE7ELi8ELNS0_14table_locationE1ELNS0_11unpack_kindE0EEEEEvPKNS2_5codecIT_E12storage_typeESE_mNS0_12table_bundleEPd' for 'sm_90'
ptxas info    : Function properties for _ZN3aut17format_strategies14dot_map_reduceINS_7storage5e1m14ENS0_8strategyILNS0_11decode_kindE7ELi8ELNS0_14table_locationE1ELNS0_11unpack_kindE0EEEEEvPKNS2_5codecIT_E12storage_typeESE_mNS0_12table_bundleEPd
    0 bytes stack frame, 0 bytes spill stores, 0 bytes spill loads
ptxas info    : Used 40 registers, used 1 barriers, 80 bytes smem
ptxas info    : Compile time = 11.254 ms
ptxas info    : Compiling entry function '_ZN3aut17format_strategies4gemvINS_7storage5e1m14ENS0_8strategyILNS0_11decode_kindE7ELi4ELNS0_14table_locationE1ELNS0_11unpack_kindE0EEEEEvPKNS2_5codecIT_E12storage_typeESE_mmmNS0_12table_bundleEPd' for 'sm_90'
ptxas info    : Function properties for _ZN3aut17format_strategies4gemvINS_7storage5e1m14ENS0_8strategyILNS0_11decode_kindE7ELi4ELNS0_14table_locationE1ELNS0_11unpack_kindE0EEEEEvPKNS2_5codecIT_E12storage_typeESE_mmmNS0_12table_bundleEPd
    0 bytes stack frame, 0 bytes spill stores, 0 bytes spill loads
ptxas info    : Used 31 registers, used 1 barriers, 80 bytes smem
ptxas info    : Compile time = 8.437 ms
ptxas info    : Compiling entry function '_ZN3aut17format_strategies14dot_map_reduceINS_7storage5e1m14ENS0_8strategyILNS0_11decode_kindE7ELi4ELNS0_14table_locationE1ELNS0_11unpack_kindE0EEEEEvPKNS2_5codecIT_E12storage_typeESE_mNS0_12table_bundleEPd' for 'sm_90'
ptxas info    : Function properties for _ZN3aut17format_strategies14dot_map_reduceINS_7storage5e1m14ENS0_8strategyILNS0_11decode_kindE7ELi4ELNS0_14table_locationE1ELNS0_11unpack_kindE0EEEEEvPKNS2_5codecIT_E12storage_typeESE_mNS0_12table_bundleEPd
    0 bytes stack frame, 0 bytes spill stores, 0 bytes spill loads
ptxas info    : Used 32 registers, used 1 barriers, 80 bytes smem
ptxas info    : Compile time = 8.195 ms
ptxas info    : Compiling entry function '_ZN3aut17format_strategies14dot_map_reduceINS_7storage5e1m14ENS0_8strategyILNS0_11decode_kindE7ELi8ELNS0_14table_locationE0ELNS0_11unpack_kindE0EEEEEvPKNS2_5codecIT_E12storage_typeESE_mNS0_12table_bundleEPd' for 'sm_90'
ptxas info    : Function properties for _ZN3aut17format_strategies14dot_map_reduceINS_7storage5e1m14ENS0_8strategyILNS0_11decode_kindE7ELi8ELNS0_14table_locationE0ELNS0_11unpack_kindE0EEEEEvPKNS2_5codecIT_E12storage_typeESE_mNS0_12table_bundleEPd
    0 bytes stack frame, 0 bytes spill stores, 0 bytes spill loads
ptxas info    : Used 40 registers, used 1 barriers, 80 bytes smem
ptxas info    : Compile time = 9.876 ms
ptxas info    : Compiling entry function '_ZN3aut17format_strategies14dot_map_reduceINS_7storage5e1m14ENS0_8strategyILNS0_11decode_kindE7ELi4ELNS0_14table_locationE0ELNS0_11unpack_kindE0EEEEEvPKNS2_5codecIT_E12storage_typeESE_mNS0_12table_bundleEPd' for 'sm_90'
ptxas info    : Function properties for _ZN3aut17format_strategies14dot_map_reduceINS_7storage5e1m14ENS0_8strategyILNS0_11decode_kindE7ELi4ELNS0_14table_locationE0ELNS0_11unpack_kindE0EEEEEvPKNS2_5codecIT_E12storage_typeESE_mNS0_12table_bundleEPd
    0 bytes stack frame, 0 bytes spill stores, 0 bytes spill loads
ptxas info    : Used 32 registers, used 1 barriers, 80 bytes smem
ptxas info    : Compile time = 7.197 ms
ptxas info    : Compiling entry function '_ZN3aut17format_strategies14dot_map_reduceINS_7storage5e1m14ENS0_8strategyILNS0_11decode_kindE6ELi8ELNS0_14table_locationE0ELNS0_11unpack_kindE0EEEEEvPKNS2_5codecIT_E12storage_typeESE_mNS0_12table_bundleEPd' for 'sm_90'
ptxas info    : Function properties for _ZN3aut17format_strategies14dot_map_reduceINS_7storage5e1m14ENS0_8strategyILNS0_11decode_kindE6ELi8ELNS0_14table_locationE0ELNS0_11unpack_kindE0EEEEEvPKNS2_5codecIT_E12storage_typeESE_mNS0_12table_bundleEPd
    0 bytes stack frame, 0 bytes spill stores, 0 bytes spill loads
ptxas info    : Used 44 registers, used 1 barriers, 80 bytes smem
ptxas info    : Compile time = 6.616 ms
ptxas info    : Compiling entry function '_ZN3aut17format_strategies14dot_map_reduceINS_7storage5e1m14ENS0_8strategyILNS0_11decode_kindE6ELi4ELNS0_14table_locationE0ELNS0_11unpack_kindE0EEEEEvPKNS2_5codecIT_E12storage_typeESE_mNS0_12table_bundleEPd' for 'sm_90'
ptxas info    : Function properties for _ZN3aut17format_strategies14dot_map_reduceINS_7storage5e1m14ENS0_8strategyILNS0_11decode_kindE6ELi4ELNS0_14table_locationE0ELNS0_11unpack_kindE0EEEEEvPKNS2_5codecIT_E12storage_typeESE_mNS0_12table_bundleEPd
    0 bytes stack frame, 0 bytes spill stores, 0 bytes spill loads
ptxas info    : Used 34 registers, used 1 barriers, 80 bytes smem
ptxas info    : Compile time = 5.526 ms
ptxas info    : Compiling entry function '_ZN3aut17format_strategies14dot_map_reduceINS_7storage5e1m14ENS0_8strategyILNS0_11decode_kindE6ELi1ELNS0_14table_locationE0ELNS0_11unpack_kindE0EEEEEvPKNS2_5codecIT_E12storage_typeESE_mNS0_12table_bundleEPd' for 'sm_90'
ptxas info    : Function properties for _ZN3aut17format_strategies14dot_map_reduceINS_7storage5e1m14ENS0_8strategyILNS0_11decode_kindE6ELi1ELNS0_14table_locationE0ELNS0_11unpack_kindE0EEEEEvPKNS2_5codecIT_E12storage_typeESE_mNS0_12table_bundleEPd
    0 bytes stack frame, 0 bytes spill stores, 0 bytes spill loads
ptxas info    : Used 26 registers, used 1 barriers, 80 bytes smem
ptxas info    : Compile time = 4.285 ms
ptxas info    : Compiling entry function '_ZN3aut17format_strategies14dot_map_reduceINS_7storage5e1m14ENS0_8strategyILNS0_11decode_kindE3ELi8ELNS0_14table_locationE0ELNS0_11unpack_kindE0EEEEEvPKNS2_5codecIT_E12storage_typeESE_mNS0_12table_bundleEPd' for 'sm_90'
ptxas info    : Function properties for _ZN3aut17format_strategies14dot_map_reduceINS_7storage5e1m14ENS0_8strategyILNS0_11decode_kindE3ELi8ELNS0_14table_locationE0ELNS0_11unpack_kindE0EEEEEvPKNS2_5codecIT_E12storage_typeESE_mNS0_12table_bundleEPd
    0 bytes stack frame, 0 bytes spill stores, 0 bytes spill loads
ptxas info    : Used 56 registers, used 1 barriers, 80 bytes smem
ptxas info    : Compile time = 12.763 ms
ptxas info    : Compiling entry function '_ZN3aut17format_strategies14dot_map_reduceINS_7storage5e1m14ENS0_8strategyILNS0_11decode_kindE3ELi4ELNS0_14table_locationE0ELNS0_11unpack_kindE0EEEEEvPKNS2_5codecIT_E12storage_typeESE_mNS0_12table_bundleEPd' for 'sm_90'
ptxas info    : Function properties for _ZN3aut17format_strategies14dot_map_reduceINS_7storage5e1m14ENS0_8strategyILNS0_11decode_kindE3ELi4ELNS0_14table_locationE0ELNS0_11unpack_kindE0EEEEEvPKNS2_5codecIT_E12storage_typeESE_mNS0_12table_bundleEPd
    0 bytes stack frame, 0 bytes spill stores, 0 bytes spill loads
ptxas info    : Used 32 registers, used 1 barriers, 80 bytes smem
ptxas info    : Compile time = 8.772 ms
ptxas info    : Compiling entry function '_ZN3aut17format_strategies14dot_map_reduceINS_7storage5e1m14ENS0_8strategyILNS0_11decode_kindE3ELi1ELNS0_14table_locationE0ELNS0_11unpack_kindE0EEEEEvPKNS2_5codecIT_E12storage_typeESE_mNS0_12table_bundleEPd' for 'sm_90'
ptxas info    : Function properties for _ZN3aut17format_strategies14dot_map_reduceINS_7storage5e1m14ENS0_8strategyILNS0_11decode_kindE3ELi1ELNS0_14table_locationE0ELNS0_11unpack_kindE0EEEEEvPKNS2_5codecIT_E12storage_typeESE_mNS0_12table_bundleEPd
    0 bytes stack frame, 0 bytes spill stores, 0 bytes spill loads
ptxas info    : Used 26 registers, used 1 barriers, 80 bytes smem
ptxas info    : Compile time = 5.900 ms
ptxas info    : Compiling entry function '_ZN3aut17format_strategies14dot_map_reduceINS_7storage5e1m14ENS0_8strategyILNS0_11decode_kindE2ELi8ELNS0_14table_locationE0ELNS0_11unpack_kindE0EEEEEvPKNS2_5codecIT_E12storage_typeESE_mNS0_12table_bundleEPd' for 'sm_90'
ptxas info    : Function properties for _ZN3aut17format_strategies14dot_map_reduceINS_7storage5e1m14ENS0_8strategyILNS0_11decode_kindE2ELi8ELNS0_14table_locationE0ELNS0_11unpack_kindE0EEEEEvPKNS2_5codecIT_E12storage_typeESE_mNS0_12table_bundleEPd
    0 bytes stack frame, 0 bytes spill stores, 0 bytes spill loads
ptxas info    : Used 48 registers, used 1 barriers, 80 bytes smem
ptxas info    : Compile time = 16.283 ms
ptxas info    : Compiling entry function '_ZN3aut17format_strategies14dot_map_reduceINS_7storage5e1m14ENS0_8strategyILNS0_11decode_kindE2ELi4ELNS0_14table_locationE0ELNS0_11unpack_kindE0EEEEEvPKNS2_5codecIT_E12storage_typeESE_mNS0_12table_bundleEPd' for 'sm_90'
ptxas info    : Function properties for _ZN3aut17format_strategies14dot_map_reduceINS_7storage5e1m14ENS0_8strategyILNS0_11decode_kindE2ELi4ELNS0_14table_locationE0ELNS0_11unpack_kindE0EEEEEvPKNS2_5codecIT_E12storage_typeESE_mNS0_12table_bundleEPd
    0 bytes stack frame, 0 bytes spill stores, 0 bytes spill loads
ptxas info    : Used 39 registers, used 1 barriers, 80 bytes smem
ptxas info    : Compile time = 10.776 ms
ptxas info    : Compiling entry function '_ZN3aut17format_strategies14dot_map_reduceINS_7storage5e1m14ENS0_8strategyILNS0_11decode_kindE2ELi1ELNS0_14table_locationE0ELNS0_11unpack_kindE0EEEEEvPKNS2_5codecIT_E12storage_typeESE_mNS0_12table_bundleEPd' for 'sm_90'
ptxas info    : Function properties for _ZN3aut17format_strategies14dot_map_reduceINS_7storage5e1m14ENS0_8strategyILNS0_11decode_kindE2ELi1ELNS0_14table_locationE0ELNS0_11unpack_kindE0EEEEEvPKNS2_5codecIT_E12storage_typeESE_mNS0_12table_bundleEPd
    0 bytes stack frame, 0 bytes spill stores, 0 bytes spill loads
ptxas info    : Used 28 registers, used 1 barriers, 80 bytes smem
ptxas info    : Compile time = 6.592 ms
ptxas info    : Compiling entry function '_ZN3aut17format_strategies14dot_map_reduceINS_7storage5e1m14ENS0_8strategyILNS0_11decode_kindE1ELi8ELNS0_14table_locationE0ELNS0_11unpack_kindE0EEEEEvPKNS2_5codecIT_E12storage_typeESE_mNS0_12table_bundleEPd' for 'sm_90'
ptxas info    : Function properties for _ZN3aut17format_strategies14dot_map_reduceINS_7storage5e1m14ENS0_8strategyILNS0_11decode_kindE1ELi8ELNS0_14table_locationE0ELNS0_11unpack_kindE0EEEEEvPKNS2_5codecIT_E12storage_typeESE_mNS0_12table_bundleEPd
    0 bytes stack frame, 0 bytes spill stores, 0 bytes spill loads
ptxas info    : Used 64 registers, used 1 barriers, 80 bytes smem
ptxas info    : Compile time = 15.306 ms
ptxas info    : Compiling entry function '_ZN3aut17format_strategies14dot_map_reduceINS_7storage5e1m14ENS0_8strategyILNS0_11decode_kindE1ELi4ELNS0_14table_locationE0ELNS0_11unpack_kindE0EEEEEvPKNS2_5codecIT_E12storage_typeESE_mNS0_12table_bundleEPd' for 'sm_90'
ptxas info    : Function properties for _ZN3aut17format_strategies14dot_map_reduceINS_7storage5e1m14ENS0_8strategyILNS0_11decode_kindE1ELi4ELNS0_14table_locationE0ELNS0_11unpack_kindE0EEEEEvPKNS2_5codecIT_E12storage_typeESE_mNS0_12table_bundleEPd
    0 bytes stack frame, 0 bytes spill stores, 0 bytes spill loads
ptxas info    : Used 40 registers, used 1 barriers, 80 bytes smem
ptxas info    : Compile time = 10.421 ms
ptxas info    : Compiling entry function '_ZN3aut17format_strategies14dot_map_reduceINS_7storage5e1m14ENS0_8strategyILNS0_11decode_kindE1ELi1ELNS0_14table_locationE0ELNS0_11unpack_kindE0EEEEEvPKNS2_5codecIT_E12storage_typeESE_mNS0_12table_bundleEPd' for 'sm_90'
ptxas info    : Function properties for _ZN3aut17format_strategies14dot_map_reduceINS_7storage5e1m14ENS0_8strategyILNS0_11decode_kindE1ELi1ELNS0_14table_locationE0ELNS0_11unpack_kindE0EEEEEvPKNS2_5codecIT_E12storage_typeESE_mNS0_12table_bundleEPd
    0 bytes stack frame, 0 bytes spill stores, 0 bytes spill loads
ptxas info    : Used 28 registers, used 1 barriers, 80 bytes smem
ptxas info    : Compile time = 6.635 ms
ptxas info    : Compiling entry function '_ZN3aut17format_strategies14dot_map_reduceINS_7storage5e1m14ENS0_8strategyILNS0_11decode_kindE4ELi8ELNS0_14table_locationE0ELNS0_11unpack_kindE0EEEEEvPKNS2_5codecIT_E12storage_typeESE_mNS0_12table_bundleEPd' for 'sm_90'
ptxas info    : Function properties for _ZN3aut17format_strategies14dot_map_reduceINS_7storage5e1m14ENS0_8strategyILNS0_11decode_kindE4ELi8ELNS0_14table_locationE0ELNS0_11unpack_kindE0EEEEEvPKNS2_5codecIT_E12storage_typeESE_mNS0_12table_bundleEPd
    0 bytes stack frame, 0 bytes spill stores, 0 bytes spill loads
ptxas info    : Used 46 registers, used 1 barriers, 80 bytes smem
ptxas info    : Compile time = 7.488 ms
ptxas info    : Compiling entry function '_ZN3aut17format_strategies14dot_map_reduceINS_7storage5e1m14ENS0_8strategyILNS0_11decode_kindE4ELi4ELNS0_14table_locationE0ELNS0_11unpack_kindE0EEEEEvPKNS2_5codecIT_E12storage_typeESE_mNS0_12table_bundleEPd' for 'sm_90'
ptxas info    : Function properties for _ZN3aut17format_strategies14dot_map_reduceINS_7storage5e1m14ENS0_8strategyILNS0_11decode_kindE4ELi4ELNS0_14table_locationE0ELNS0_11unpack_kindE0EEEEEvPKNS2_5codecIT_E12storage_typeESE_mNS0_12table_bundleEPd
    0 bytes stack frame, 0 bytes spill stores, 0 bytes spill loads
ptxas info    : Used 31 registers, used 1 barriers, 80 bytes smem
ptxas info    : Compile time = 5.816 ms
ptxas info    : Compiling entry function '_ZN3aut17format_strategies14dot_map_reduceINS_7storage5e1m14ENS0_8strategyILNS0_11decode_kindE4ELi1ELNS0_14table_locationE0ELNS0_11unpack_kindE0EEEEEvPKNS2_5codecIT_E12storage_typeESE_mNS0_12table_bundleEPd' for 'sm_90'
ptxas info    : Function properties for _ZN3aut17format_strategies14dot_map_reduceINS_7storage5e1m14ENS0_8strategyILNS0_11decode_kindE4ELi1ELNS0_14table_locationE0ELNS0_11unpack_kindE0EEEEEvPKNS2_5codecIT_E12storage_typeESE_mNS0_12table_bundleEPd
    0 bytes stack frame, 0 bytes spill stores, 0 bytes spill loads
ptxas info    : Used 27 registers, used 1 barriers, 80 bytes smem
ptxas info    : Compile time = 4.432 ms
ptxas info    : Compiling entry function '_ZN3aut17format_strategies14dot_map_reduceINS_7storage5e1m14ENS0_8strategyILNS0_11decode_kindE0ELi8ELNS0_14table_locationE0ELNS0_11unpack_kindE0EEEEEvPKNS2_5codecIT_E12storage_typeESE_mNS0_12table_bundleEPd' for 'sm_90'
ptxas info    : Function properties for _ZN3aut17format_strategies14dot_map_reduceINS_7storage5e1m14ENS0_8strategyILNS0_11decode_kindE0ELi8ELNS0_14table_locationE0ELNS0_11unpack_kindE0EEEEEvPKNS2_5codecIT_E12storage_typeESE_mNS0_12table_bundleEPd
    0 bytes stack frame, 0 bytes spill stores, 0 bytes spill loads
ptxas info    : Used 64 registers, used 1 barriers, 80 bytes smem
ptxas info    : Compile time = 16.669 ms
ptxas info    : Compiling entry function '_ZN3aut17format_strategies14dot_map_reduceINS_7storage5e1m14ENS0_8strategyILNS0_11decode_kindE0ELi4ELNS0_14table_locationE0ELNS0_11unpack_kindE0EEEEEvPKNS2_5codecIT_E12storage_typeESE_mNS0_12table_bundleEPd' for 'sm_90'
ptxas info    : Function properties for _ZN3aut17format_strategies14dot_map_reduceINS_7storage5e1m14ENS0_8strategyILNS0_11decode_kindE0ELi4ELNS0_14table_locationE0ELNS0_11unpack_kindE0EEEEEvPKNS2_5codecIT_E12storage_typeESE_mNS0_12table_bundleEPd
    0 bytes stack frame, 0 bytes spill stores, 0 bytes spill loads
ptxas info    : Used 40 registers, used 1 barriers, 80 bytes smem
ptxas info    : Compile time = 10.690 ms
ptxas info    : Compiling entry function '_ZN3aut17format_strategies14dot_map_reduceINS_7storage5e1m14ENS0_8strategyILNS0_11decode_kindE0ELi1ELNS0_14table_locationE0ELNS0_11unpack_kindE0EEEEEvPKNS2_5codecIT_E12storage_typeESE_mNS0_12table_bundleEPd' for 'sm_90'
ptxas info    : Function properties for _ZN3aut17format_strategies14dot_map_reduceINS_7storage5e1m14ENS0_8strategyILNS0_11decode_kindE0ELi1ELNS0_14table_locationE0ELNS0_11unpack_kindE0EEEEEvPKNS2_5codecIT_E12storage_typeESE_mNS0_12table_bundleEPd
    0 bytes stack frame, 0 bytes spill stores, 0 bytes spill loads
ptxas info    : Used 30 registers, used 1 barriers, 80 bytes smem
ptxas info    : Compile time = 6.721 ms
ptxas info    : Compiling entry function '_ZN3aut17format_strategies4gemvINS_7storage8fp8_e5m2ENS0_8strategyILNS0_11decode_kindE14ELi8ELNS0_14table_locationE1ELNS0_11unpack_kindE0EEEEEvPKNS2_5codecIT_E12storage_typeESE_mmmNS0_12table_bundleEPd' for 'sm_90'
ptxas info    : Function properties for _ZN3aut17format_strategies4gemvINS_7storage8fp8_e5m2ENS0_8strategyILNS0_11decode_kindE14ELi8ELNS0_14table_locationE1ELNS0_11unpack_kindE0EEEEEvPKNS2_5codecIT_E12storage_typeESE_mmmNS0_12table_bundleEPd
    0 bytes stack frame, 0 bytes spill stores, 0 bytes spill loads
ptxas info    : Used 44 registers, used 1 barriers, 80 bytes smem
ptxas info    : Compile time = 7.423 ms
ptxas info    : Compiling entry function '_ZN3aut17format_strategies4gemvINS_7storage8fp8_e5m2ENS0_8strategyILNS0_11decode_kindE14ELi4ELNS0_14table_locationE1ELNS0_11unpack_kindE0EEEEEvPKNS2_5codecIT_E12storage_typeESE_mmmNS0_12table_bundleEPd' for 'sm_90'
ptxas info    : Function properties for _ZN3aut17format_strategies4gemvINS_7storage8fp8_e5m2ENS0_8strategyILNS0_11decode_kindE14ELi4ELNS0_14table_locationE1ELNS0_11unpack_kindE0EEEEEvPKNS2_5codecIT_E12storage_typeESE_mmmNS0_12table_bundleEPd
    0 bytes stack frame, 0 bytes spill stores, 0 bytes spill loads
ptxas info    : Used 34 registers, used 1 barriers, 80 bytes smem
ptxas info    : Compile time = 6.336 ms
ptxas info    : Compiling entry function '_ZN3aut17format_strategies4gemvINS_7storage8fp8_e5m2ENS0_8strategyILNS0_11decode_kindE1ELi8ELNS0_14table_locationE0ELNS0_11unpack_kindE1EEEEEvPKNS2_5codecIT_E12storage_typeESE_mmmNS0_12table_bundleEPd' for 'sm_90'
ptxas info    : Function properties for _ZN3aut17format_strategies4gemvINS_7storage8fp8_e5m2ENS0_8strategyILNS0_11decode_kindE1ELi8ELNS0_14table_locationE0ELNS0_11unpack_kindE1EEEEEvPKNS2_5codecIT_E12storage_typeESE_mmmNS0_12table_bundleEPd
    0 bytes stack frame, 0 bytes spill stores, 0 bytes spill loads
ptxas info    : Used 61 registers, used 1 barriers, 80 bytes smem
ptxas info    : Compile time = 16.605 ms
ptxas info    : Compiling entry function '_ZN3aut17format_strategies4gemvINS_7storage8fp8_e5m2ENS0_8strategyILNS0_11decode_kindE1ELi4ELNS0_14table_locationE0ELNS0_11unpack_kindE1EEEEEvPKNS2_5codecIT_E12storage_typeESE_mmmNS0_12table_bundleEPd' for 'sm_90'
ptxas info    : Function properties for _ZN3aut17format_strategies4gemvINS_7storage8fp8_e5m2ENS0_8strategyILNS0_11decode_kindE1ELi4ELNS0_14table_locationE0ELNS0_11unpack_kindE1EEEEEvPKNS2_5codecIT_E12storage_typeESE_mmmNS0_12table_bundleEPd
    0 bytes stack frame, 0 bytes spill stores, 0 bytes spill loads
ptxas info    : Used 38 registers, used 1 barriers, 80 bytes smem
ptxas info    : Compile time = 11.615 ms
ptxas info    : Compiling entry function '_ZN3aut17format_strategies4gemvINS_7storage8fp8_e5m2ENS0_8strategyILNS0_11decode_kindE13ELi8ELNS0_14table_locationE0ELNS0_11unpack_kindE0EEEEEvPKNS2_5codecIT_E12storage_typeESE_mmmNS0_12table_bundleEPd' for 'sm_90'
ptxas info    : Function properties for _ZN3aut17format_strategies4gemvINS_7storage8fp8_e5m2ENS0_8strategyILNS0_11decode_kindE13ELi8ELNS0_14table_locationE0ELNS0_11unpack_kindE0EEEEEvPKNS2_5codecIT_E12storage_typeESE_mmmNS0_12table_bundleEPd
    0 bytes stack frame, 0 bytes spill stores, 0 bytes spill loads
ptxas info    : Used 40 registers, used 1 barriers, 80 bytes smem
ptxas info    : Compile time = 5.809 ms
ptxas info    : Compiling entry function '_ZN3aut17format_strategies4gemvINS_7storage8fp8_e5m2ENS0_8strategyILNS0_11decode_kindE13ELi4ELNS0_14table_locationE0ELNS0_11unpack_kindE0EEEEEvPKNS2_5codecIT_E12storage_typeESE_mmmNS0_12table_bundleEPd' for 'sm_90'
ptxas info    : Function properties for _ZN3aut17format_strategies4gemvINS_7storage8fp8_e5m2ENS0_8strategyILNS0_11decode_kindE13ELi4ELNS0_14table_locationE0ELNS0_11unpack_kindE0EEEEEvPKNS2_5codecIT_E12storage_typeESE_mmmNS0_12table_bundleEPd
    0 bytes stack frame, 0 bytes spill stores, 0 bytes spill loads
ptxas info    : Used 28 registers, used 1 barriers, 80 bytes smem
ptxas info    : Compile time = 5.059 ms
ptxas info    : Compiling entry function '_ZN3aut17format_strategies4gemvINS_7storage8fp8_e5m2ENS0_8strategyILNS0_11decode_kindE7ELi8ELNS0_14table_locationE1ELNS0_11unpack_kindE0EEEEEvPKNS2_5codecIT_E12storage_typeESE_mmmNS0_12table_bundleEPd' for 'sm_90'
ptxas info    : Function properties for _ZN3aut17format_strategies4gemvINS_7storage8fp8_e5m2ENS0_8strategyILNS0_11decode_kindE7ELi8ELNS0_14table_locationE1ELNS0_11unpack_kindE0EEEEEvPKNS2_5codecIT_E12storage_typeESE_mmmNS0_12table_bundleEPd
    0 bytes stack frame, 0 bytes spill stores, 0 bytes spill loads
ptxas info    : Used 44 registers, used 1 barriers, 80 bytes smem
ptxas info    : Compile time = 12.350 ms
ptxas info    : Compiling entry function '_ZN3aut17format_strategies4gemvINS_7storage8fp8_e5m2ENS0_8strategyILNS0_11decode_kindE6ELi8ELNS0_14table_locationE1ELNS0_11unpack_kindE0EEEEEvPKNS2_5codecIT_E12storage_typeESE_mmmNS0_12table_bundleEPd' for 'sm_90'
ptxas info    : Function properties for _ZN3aut17format_strategies4gemvINS_7storage8fp8_e5m2ENS0_8strategyILNS0_11decode_kindE6ELi8ELNS0_14table_locationE1ELNS0_11unpack_kindE0EEEEEvPKNS2_5codecIT_E12storage_typeESE_mmmNS0_12table_bundleEPd
    0 bytes stack frame, 0 bytes spill stores, 0 bytes spill loads
ptxas info    : Used 36 registers, used 1 barriers, 80 bytes smem
ptxas info    : Compile time = 6.869 ms
ptxas info    : Compiling entry function '_ZN3aut17format_strategies4gemvINS_7storage8fp8_e5m2ENS0_8strategyILNS0_11decode_kindE6ELi4ELNS0_14table_locationE1ELNS0_11unpack_kindE0EEEEEvPKNS2_5codecIT_E12storage_typeESE_mmmNS0_12table_bundleEPd' for 'sm_90'
ptxas info    : Function properties for _ZN3aut17format_strategies4gemvINS_7storage8fp8_e5m2ENS0_8strategyILNS0_11decode_kindE6ELi4ELNS0_14table_locationE1ELNS0_11unpack_kindE0EEEEEvPKNS2_5codecIT_E12storage_typeESE_mmmNS0_12table_bundleEPd
    0 bytes stack frame, 0 bytes spill stores, 0 bytes spill loads
ptxas info    : Used 32 registers, used 1 barriers, 80 bytes smem
ptxas info    : Compile time = 5.987 ms
ptxas info    : Compiling entry function '_ZN3aut17format_strategies4gemvINS_7storage8fp8_e5m2ENS0_8strategyILNS0_11decode_kindE6ELi8ELNS0_14table_locationE0ELNS0_11unpack_kindE0EEEEEvPKNS2_5codecIT_E12storage_typeESE_mmmNS0_12table_bundleEPd' for 'sm_90'
ptxas info    : Function properties for _ZN3aut17format_strategies4gemvINS_7storage8fp8_e5m2ENS0_8strategyILNS0_11decode_kindE6ELi8ELNS0_14table_locationE0ELNS0_11unpack_kindE0EEEEEvPKNS2_5codecIT_E12storage_typeESE_mmmNS0_12table_bundleEPd
    0 bytes stack frame, 0 bytes spill stores, 0 bytes spill loads
ptxas info    : Used 36 registers, used 1 barriers, 80 bytes smem
ptxas info    : Compile time = 6.646 ms
ptxas info    : Compiling entry function '_ZN3aut17format_strategies4gemvINS_7storage8fp8_e5m2ENS0_8strategyILNS0_11decode_kindE6ELi4ELNS0_14table_locationE0ELNS0_11unpack_kindE0EEEEEvPKNS2_5codecIT_E12storage_typeESE_mmmNS0_12table_bundleEPd' for 'sm_90'
ptxas info    : Function properties for _ZN3aut17format_strategies4gemvINS_7storage8fp8_e5m2ENS0_8strategyILNS0_11decode_kindE6ELi4ELNS0_14table_locationE0ELNS0_11unpack_kindE0EEEEEvPKNS2_5codecIT_E12storage_typeESE_mmmNS0_12table_bundleEPd
    0 bytes stack frame, 0 bytes spill stores, 0 bytes spill loads
ptxas info    : Used 32 registers, used 1 barriers, 80 bytes smem
ptxas info    : Compile time = 5.474 ms
ptxas info    : Compiling entry function '_ZN3aut17format_strategies4gemvINS_7storage8fp8_e5m2ENS0_8strategyILNS0_11decode_kindE6ELi1ELNS0_14table_locationE0ELNS0_11unpack_kindE0EEEEEvPKNS2_5codecIT_E12storage_typeESE_mmmNS0_12table_bundleEPd' for 'sm_90'
ptxas info    : Function properties for _ZN3aut17format_strategies4gemvINS_7storage8fp8_e5m2ENS0_8strategyILNS0_11decode_kindE6ELi1ELNS0_14table_locationE0ELNS0_11unpack_kindE0EEEEEvPKNS2_5codecIT_E12storage_typeESE_mmmNS0_12table_bundleEPd
    0 bytes stack frame, 0 bytes spill stores, 0 bytes spill loads
ptxas info    : Used 24 registers, used 1 barriers, 80 bytes smem
ptxas info    : Compile time = 4.278 ms
ptxas info    : Compiling entry function '_ZN3aut17format_strategies4gemvINS_7storage8fp8_e5m2ENS0_8strategyILNS0_11decode_kindE3ELi8ELNS0_14table_locationE0ELNS0_11unpack_kindE0EEEEEvPKNS2_5codecIT_E12storage_typeESE_mmmNS0_12table_bundleEPd' for 'sm_90'
ptxas info    : Function properties for _ZN3aut17format_strategies4gemvINS_7storage8fp8_e5m2ENS0_8strategyILNS0_11decode_kindE3ELi8ELNS0_14table_locationE0ELNS0_11unpack_kindE0EEEEEvPKNS2_5codecIT_E12storage_typeESE_mmmNS0_12table_bundleEPd
    0 bytes stack frame, 0 bytes spill stores, 0 bytes spill loads
ptxas info    : Used 48 registers, used 1 barriers, 80 bytes smem
ptxas info    : Compile time = 14.204 ms
ptxas info    : Compiling entry function '_ZN3aut17format_strategies4gemvINS_7storage8fp8_e5m2ENS0_8strategyILNS0_11decode_kindE3ELi4ELNS0_14table_locationE0ELNS0_11unpack_kindE0EEEEEvPKNS2_5codecIT_E12storage_typeESE_mmmNS0_12table_bundleEPd' for 'sm_90'
ptxas info    : Function properties for _ZN3aut17format_strategies4gemvINS_7storage8fp8_e5m2ENS0_8strategyILNS0_11decode_kindE3ELi4ELNS0_14table_locationE0ELNS0_11unpack_kindE0EEEEEvPKNS2_5codecIT_E12storage_typeESE_mmmNS0_12table_bundleEPd
    0 bytes stack frame, 0 bytes spill stores, 0 bytes spill loads
ptxas info    : Used 31 registers, used 1 barriers, 80 bytes smem
ptxas info    : Compile time = 9.676 ms
ptxas info    : Compiling entry function '_ZN3aut17format_strategies4gemvINS_7storage8fp8_e5m2ENS0_8strategyILNS0_11decode_kindE3ELi1ELNS0_14table_locationE0ELNS0_11unpack_kindE0EEEEEvPKNS2_5codecIT_E12storage_typeESE_mmmNS0_12table_bundleEPd' for 'sm_90'
ptxas info    : Function properties for _ZN3aut17format_strategies4gemvINS_7storage8fp8_e5m2ENS0_8strategyILNS0_11decode_kindE3ELi1ELNS0_14table_locationE0ELNS0_11unpack_kindE0EEEEEvPKNS2_5codecIT_E12storage_typeESE_mmmNS0_12table_bundleEPd
    0 bytes stack frame, 0 bytes spill stores, 0 bytes spill loads
ptxas info    : Used 20 registers, used 1 barriers, 80 bytes smem
ptxas info    : Compile time = 6.426 ms
ptxas info    : Compiling entry function '_ZN3aut17format_strategies4gemvINS_7storage8fp8_e5m2ENS0_8strategyILNS0_11decode_kindE2ELi8ELNS0_14table_locationE0ELNS0_11unpack_kindE0EEEEEvPKNS2_5codecIT_E12storage_typeESE_mmmNS0_12table_bundleEPd' for 'sm_90'
ptxas info    : Function properties for _ZN3aut17format_strategies4gemvINS_7storage8fp8_e5m2ENS0_8strategyILNS0_11decode_kindE2ELi8ELNS0_14table_locationE0ELNS0_11unpack_kindE0EEEEEvPKNS2_5codecIT_E12storage_typeESE_mmmNS0_12table_bundleEPd
    0 bytes stack frame, 0 bytes spill stores, 0 bytes spill loads
ptxas info    : Used 40 registers, used 1 barriers, 80 bytes smem
ptxas info    : Compile time = 17.309 ms
ptxas info    : Compiling entry function '_ZN3aut17format_strategies4gemvINS_7storage8fp8_e5m2ENS0_8strategyILNS0_11decode_kindE2ELi4ELNS0_14table_locationE0ELNS0_11unpack_kindE0EEEEEvPKNS2_5codecIT_E12storage_typeESE_mmmNS0_12table_bundleEPd' for 'sm_90'
ptxas info    : Function properties for _ZN3aut17format_strategies4gemvINS_7storage8fp8_e5m2ENS0_8strategyILNS0_11decode_kindE2ELi4ELNS0_14table_locationE0ELNS0_11unpack_kindE0EEEEEvPKNS2_5codecIT_E12storage_typeESE_mmmNS0_12table_bundleEPd
    0 bytes stack frame, 0 bytes spill stores, 0 bytes spill loads
ptxas info    : Used 32 registers, used 1 barriers, 80 bytes smem
ptxas info    : Compile time = 11.188 ms
ptxas info    : Compiling entry function '_ZN3aut17format_strategies4gemvINS_7storage8fp8_e5m2ENS0_8strategyILNS0_11decode_kindE2ELi1ELNS0_14table_locationE0ELNS0_11unpack_kindE0EEEEEvPKNS2_5codecIT_E12storage_typeESE_mmmNS0_12table_bundleEPd' for 'sm_90'
ptxas info    : Function properties for _ZN3aut17format_strategies4gemvINS_7storage8fp8_e5m2ENS0_8strategyILNS0_11decode_kindE2ELi1ELNS0_14table_locationE0ELNS0_11unpack_kindE0EEEEEvPKNS2_5codecIT_E12storage_typeESE_mmmNS0_12table_bundleEPd
    0 bytes stack frame, 0 bytes spill stores, 0 bytes spill loads
ptxas info    : Used 26 registers, used 1 barriers, 80 bytes smem
ptxas info    : Compile time = 6.985 ms
ptxas info    : Compiling entry function '_ZN3aut17format_strategies4gemvINS_7storage8fp8_e5m2ENS0_8strategyILNS0_11decode_kindE1ELi8ELNS0_14table_locationE0ELNS0_11unpack_kindE0EEEEEvPKNS2_5codecIT_E12storage_typeESE_mmmNS0_12table_bundleEPd' for 'sm_90'
ptxas info    : Function properties for _ZN3aut17format_strategies4gemvINS_7storage8fp8_e5m2ENS0_8strategyILNS0_11decode_kindE1ELi8ELNS0_14table_locationE0ELNS0_11unpack_kindE0EEEEEvPKNS2_5codecIT_E12storage_typeESE_mmmNS0_12table_bundleEPd
    0 bytes stack frame, 0 bytes spill stores, 0 bytes spill loads
ptxas info    : Used 60 registers, used 1 barriers, 80 bytes smem
ptxas info    : Compile time = 16.584 ms
ptxas info    : Compiling entry function '_ZN3aut17format_strategies4gemvINS_7storage8fp8_e5m2ENS0_8strategyILNS0_11decode_kindE1ELi4ELNS0_14table_locationE0ELNS0_11unpack_kindE0EEEEEvPKNS2_5codecIT_E12storage_typeESE_mmmNS0_12table_bundleEPd' for 'sm_90'
ptxas info    : Function properties for _ZN3aut17format_strategies4gemvINS_7storage8fp8_e5m2ENS0_8strategyILNS0_11decode_kindE1ELi4ELNS0_14table_locationE0ELNS0_11unpack_kindE0EEEEEvPKNS2_5codecIT_E12storage_typeESE_mmmNS0_12table_bundleEPd
    0 bytes stack frame, 0 bytes spill stores, 0 bytes spill loads
ptxas info    : Used 38 registers, used 1 barriers, 80 bytes smem
ptxas info    : Compile time = 11.052 ms
ptxas info    : Compiling entry function '_ZN3aut17format_strategies4gemvINS_7storage8fp8_e5m2ENS0_8strategyILNS0_11decode_kindE1ELi1ELNS0_14table_locationE0ELNS0_11unpack_kindE0EEEEEvPKNS2_5codecIT_E12storage_typeESE_mmmNS0_12table_bundleEPd' for 'sm_90'
ptxas info    : Function properties for _ZN3aut17format_strategies4gemvINS_7storage8fp8_e5m2ENS0_8strategyILNS0_11decode_kindE1ELi1ELNS0_14table_locationE0ELNS0_11unpack_kindE0EEEEEvPKNS2_5codecIT_E12storage_typeESE_mmmNS0_12table_bundleEPd
    0 bytes stack frame, 0 bytes spill stores, 0 bytes spill loads
ptxas info    : Used 21 registers, used 1 barriers, 80 bytes smem
ptxas info    : Compile time = 7.076 ms
ptxas info    : Compiling entry function '_ZN3aut17format_strategies4gemvINS_7storage8fp8_e5m2ENS0_8strategyILNS0_11decode_kindE12ELi8ELNS0_14table_locationE0ELNS0_11unpack_kindE0EEEEEvPKNS2_5codecIT_E12storage_typeESE_mmmNS0_12table_bundleEPd' for 'sm_90'
ptxas info    : Function properties for _ZN3aut17format_strategies4gemvINS_7storage8fp8_e5m2ENS0_8strategyILNS0_11decode_kindE12ELi8ELNS0_14table_locationE0ELNS0_11unpack_kindE0EEEEEvPKNS2_5codecIT_E12storage_typeESE_mmmNS0_12table_bundleEPd
    0 bytes stack frame, 0 bytes spill stores, 0 bytes spill loads
ptxas info    : Used 32 registers, used 1 barriers, 80 bytes smem
ptxas info    : Compile time = 6.331 ms
ptxas info    : Compiling entry function '_ZN3aut17format_strategies4gemvINS_7storage8fp8_e5m2ENS0_8strategyILNS0_11decode_kindE12ELi4ELNS0_14table_locationE0ELNS0_11unpack_kindE0EEEEEvPKNS2_5codecIT_E12storage_typeESE_mmmNS0_12table_bundleEPd' for 'sm_90'
ptxas info    : Function properties for _ZN3aut17format_strategies4gemvINS_7storage8fp8_e5m2ENS0_8strategyILNS0_11decode_kindE12ELi4ELNS0_14table_locationE0ELNS0_11unpack_kindE0EEEEEvPKNS2_5codecIT_E12storage_typeESE_mmmNS0_12table_bundleEPd
    0 bytes stack frame, 0 bytes spill stores, 0 bytes spill loads
ptxas info    : Used 28 registers, used 1 barriers, 80 bytes smem
ptxas info    : Compile time = 4.977 ms
ptxas info    : Compiling entry function '_ZN3aut17format_strategies4gemvINS_7storage8fp8_e5m2ENS0_8strategyILNS0_11decode_kindE12ELi2ELNS0_14table_locationE0ELNS0_11unpack_kindE0EEEEEvPKNS2_5codecIT_E12storage_typeESE_mmmNS0_12table_bundleEPd' for 'sm_90'
ptxas info    : Function properties for _ZN3aut17format_strategies4gemvINS_7storage8fp8_e5m2ENS0_8strategyILNS0_11decode_kindE12ELi2ELNS0_14table_locationE0ELNS0_11unpack_kindE0EEEEEvPKNS2_5codecIT_E12storage_typeESE_mmmNS0_12table_bundleEPd
    0 bytes stack frame, 0 bytes spill stores, 0 bytes spill loads
ptxas info    : Used 25 registers, used 1 barriers, 80 bytes smem
ptxas info    : Compile time = 4.586 ms
ptxas info    : Compiling entry function '_ZN3aut17format_strategies4gemvINS_7storage8fp8_e5m2ENS0_8strategyILNS0_11decode_kindE11ELi8ELNS0_14table_locationE0ELNS0_11unpack_kindE0EEEEEvPKNS2_5codecIT_E12storage_typeESE_mmmNS0_12table_bundleEPd' for 'sm_90'
ptxas info    : Function properties for _ZN3aut17format_strategies4gemvINS_7storage8fp8_e5m2ENS0_8strategyILNS0_11decode_kindE11ELi8ELNS0_14table_locationE0ELNS0_11unpack_kindE0EEEEEvPKNS2_5codecIT_E12storage_typeESE_mmmNS0_12table_bundleEPd
    0 bytes stack frame, 0 bytes spill stores, 0 bytes spill loads
ptxas info    : Used 32 registers, used 1 barriers, 80 bytes smem
ptxas info    : Compile time = 5.721 ms
ptxas info    : Compiling entry function '_ZN3aut17format_strategies4gemvINS_7storage8fp8_e5m2ENS0_8strategyILNS0_11decode_kindE11ELi4ELNS0_14table_locationE0ELNS0_11unpack_kindE0EEEEEvPKNS2_5codecIT_E12storage_typeESE_mmmNS0_12table_bundleEPd' for 'sm_90'
ptxas info    : Function properties for _ZN3aut17format_strategies4gemvINS_7storage8fp8_e5m2ENS0_8strategyILNS0_11decode_kindE11ELi4ELNS0_14table_locationE0ELNS0_11unpack_kindE0EEEEEvPKNS2_5codecIT_E12storage_typeESE_mmmNS0_12table_bundleEPd
    0 bytes stack frame, 0 bytes spill stores, 0 bytes spill loads
ptxas info    : Used 28 registers, used 1 barriers, 80 bytes smem
ptxas info    : Compile time = 4.969 ms
ptxas info    : Compiling entry function '_ZN3aut17format_strategies4gemvINS_7storage8fp8_e5m2ENS0_8strategyILNS0_11decode_kindE11ELi2ELNS0_14table_locationE0ELNS0_11unpack_kindE0EEEEEvPKNS2_5codecIT_E12storage_typeESE_mmmNS0_12table_bundleEPd' for 'sm_90'
ptxas info    : Function properties for _ZN3aut17format_strategies4gemvINS_7storage8fp8_e5m2ENS0_8strategyILNS0_11decode_kindE11ELi2ELNS0_14table_locationE0ELNS0_11unpack_kindE0EEEEEvPKNS2_5codecIT_E12storage_typeESE_mmmNS0_12table_bundleEPd
    0 bytes stack frame, 0 bytes spill stores, 0 bytes spill loads
ptxas info    : Used 25 registers, used 1 barriers, 80 bytes smem
ptxas info    : Compile time = 4.573 ms
ptxas info    : Compiling entry function '_ZN3aut17format_strategies4gemvINS_7storage8fp8_e5m2ENS0_8strategyILNS0_11decode_kindE10ELi1ELNS0_14table_locationE0ELNS0_11unpack_kindE0EEEEEvPKNS2_5codecIT_E12storage_typeESE_mmmNS0_12table_bundleEPd' for 'sm_90'
ptxas info    : Function properties for _ZN3aut17format_strategies4gemvINS_7storage8fp8_e5m2ENS0_8strategyILNS0_11decode_kindE10ELi1ELNS0_14table_locationE0ELNS0_11unpack_kindE0EEEEEvPKNS2_5codecIT_E12storage_typeESE_mmmNS0_12table_bundleEPd
    0 bytes stack frame, 0 bytes spill stores, 0 bytes spill loads
ptxas info    : Used 21 registers, used 1 barriers, 80 bytes smem
ptxas info    : Compile time = 4.272 ms
ptxas info    : Compiling entry function '_ZN3aut17format_strategies4gemvINS_7storage8fp8_e5m2ENS0_8strategyILNS0_11decode_kindE9ELi1ELNS0_14table_locationE0ELNS0_11unpack_kindE0EEEEEvPKNS2_5codecIT_E12storage_typeESE_mmmNS0_12table_bundleEPd' for 'sm_90'
ptxas info    : Function properties for _ZN3aut17format_strategies4gemvINS_7storage8fp8_e5m2ENS0_8strategyILNS0_11decode_kindE9ELi1ELNS0_14table_locationE0ELNS0_11unpack_kindE0EEEEEvPKNS2_5codecIT_E12storage_typeESE_mmmNS0_12table_bundleEPd
    0 bytes stack frame, 0 bytes spill stores, 0 bytes spill loads
ptxas info    : Used 21 registers, used 1 barriers, 80 bytes smem
ptxas info    : Compile time = 4.270 ms
ptxas info    : Compiling entry function '_ZN3aut17format_strategies4gemvINS_7storage8fp8_e5m2ENS0_8strategyILNS0_11decode_kindE0ELi1ELNS0_14table_locationE0ELNS0_11unpack_kindE0EEEEEvPKNS2_5codecIT_E12storage_typeESE_mmmNS0_12table_bundleEPd' for 'sm_90'
ptxas info    : Function properties for _ZN3aut17format_strategies4gemvINS_7storage8fp8_e5m2ENS0_8strategyILNS0_11decode_kindE0ELi1ELNS0_14table_locationE0ELNS0_11unpack_kindE0EEEEEvPKNS2_5codecIT_E12storage_typeESE_mmmNS0_12table_bundleEPd
    0 bytes stack frame, 0 bytes spill stores, 0 bytes spill loads
ptxas info    : Used 21 registers, used 1 barriers, 80 bytes smem
ptxas info    : Compile time = 4.275 ms
ptxas info    : Compiling entry function '_ZN3aut17format_strategies14dot_map_reduceINS_7storage8fp8_e5m2ENS0_8strategyILNS0_11decode_kindE14ELi8ELNS0_14table_locationE1ELNS0_11unpack_kindE0EEEEEvPKNS2_5codecIT_E12storage_typeESE_mNS0_12table_bundleEPd' for 'sm_90'
ptxas info    : Function properties for _ZN3aut17format_strategies14dot_map_reduceINS_7storage8fp8_e5m2ENS0_8strategyILNS0_11decode_kindE14ELi8ELNS0_14table_locationE1ELNS0_11unpack_kindE0EEEEEvPKNS2_5codecIT_E12storage_typeESE_mNS0_12table_bundleEPd
    0 bytes stack frame, 0 bytes spill stores, 0 bytes spill loads
ptxas info    : Used 44 registers, used 1 barriers, 80 bytes smem
ptxas info    : Compile time = 7.274 ms
ptxas info    : Compiling entry function '_ZN3aut17format_strategies14dot_map_reduceINS_7storage8fp8_e5m2ENS0_8strategyILNS0_11decode_kindE14ELi4ELNS0_14table_locationE1ELNS0_11unpack_kindE0EEEEEvPKNS2_5codecIT_E12storage_typeESE_mNS0_12table_bundleEPd' for 'sm_90'
ptxas info    : Function properties for _ZN3aut17format_strategies14dot_map_reduceINS_7storage8fp8_e5m2ENS0_8strategyILNS0_11decode_kindE14ELi4ELNS0_14table_locationE1ELNS0_11unpack_kindE0EEEEEvPKNS2_5codecIT_E12storage_typeESE_mNS0_12table_bundleEPd
    0 bytes stack frame, 0 bytes spill stores, 0 bytes spill loads
ptxas info    : Used 36 registers, used 1 barriers, 80 bytes smem
ptxas info    : Compile time = 6.213 ms
ptxas info    : Compiling entry function '_ZN3aut17format_strategies14dot_map_reduceINS_7storage8fp8_e5m2ENS0_8strategyILNS0_11decode_kindE1ELi8ELNS0_14table_locationE0ELNS0_11unpack_kindE1EEEEEvPKNS2_5codecIT_E12storage_typeESE_mNS0_12table_bundleEPd' for 'sm_90'
ptxas info    : Function properties for _ZN3aut17format_strategies14dot_map_reduceINS_7storage8fp8_e5m2ENS0_8strategyILNS0_11decode_kindE1ELi8ELNS0_14table_locationE0ELNS0_11unpack_kindE1EEEEEvPKNS2_5codecIT_E12storage_typeESE_mNS0_12table_bundleEPd
    0 bytes stack frame, 0 bytes spill stores, 0 bytes spill loads
ptxas info    : Used 61 registers, used 1 barriers, 80 bytes smem
ptxas info    : Compile time = 16.437 ms
ptxas info    : Compiling entry function '_ZN3aut17format_strategies14dot_map_reduceINS_7storage8fp8_e5m2ENS0_8strategyILNS0_11decode_kindE1ELi4ELNS0_14table_locationE0ELNS0_11unpack_kindE1EEEEEvPKNS2_5codecIT_E12storage_typeESE_mNS0_12table_bundleEPd' for 'sm_90'
ptxas info    : Function properties for _ZN3aut17format_strategies14dot_map_reduceINS_7storage8fp8_e5m2ENS0_8strategyILNS0_11decode_kindE1ELi4ELNS0_14table_locationE0ELNS0_11unpack_kindE1EEEEEvPKNS2_5codecIT_E12storage_typeESE_mNS0_12table_bundleEPd
    0 bytes stack frame, 0 bytes spill stores, 0 bytes spill loads
ptxas info    : Used 40 registers, used 1 barriers, 80 bytes smem
ptxas info    : Compile time = 11.047 ms
ptxas info    : Compiling entry function '_ZN3aut17format_strategies14dot_map_reduceINS_7storage8fp8_e5m2ENS0_8strategyILNS0_11decode_kindE13ELi8ELNS0_14table_locationE0ELNS0_11unpack_kindE0EEEEEvPKNS2_5codecIT_E12storage_typeESE_mNS0_12table_bundleEPd' for 'sm_90'
ptxas info    : Function properties for _ZN3aut17format_strategies14dot_map_reduceINS_7storage8fp8_e5m2ENS0_8strategyILNS0_11decode_kindE13ELi8ELNS0_14table_locationE0ELNS0_11unpack_kindE0EEEEEvPKNS2_5codecIT_E12storage_typeESE_mNS0_12table_bundleEPd
    0 bytes stack frame, 0 bytes spill stores, 0 bytes spill loads
ptxas info    : Used 40 registers, used 1 barriers, 80 bytes smem
ptxas info    : Compile time = 5.916 ms
ptxas info    : Compiling entry function '_ZN3aut17format_strategies14dot_map_reduceINS_7storage8fp8_e5m2ENS0_8strategyILNS0_11decode_kindE13ELi4ELNS0_14table_locationE0ELNS0_11unpack_kindE0EEEEEvPKNS2_5codecIT_E12storage_typeESE_mNS0_12table_bundleEPd' for 'sm_90'
ptxas info    : Function properties for _ZN3aut17format_strategies14dot_map_reduceINS_7storage8fp8_e5m2ENS0_8strategyILNS0_11decode_kindE13ELi4ELNS0_14table_locationE0ELNS0_11unpack_kindE0EEEEEvPKNS2_5codecIT_E12storage_typeESE_mNS0_12table_bundleEPd
    0 bytes stack frame, 0 bytes spill stores, 0 bytes spill loads
ptxas info    : Used 30 registers, used 1 barriers, 80 bytes smem
ptxas info    : Compile time = 4.997 ms
ptxas info    : Compiling entry function '_ZN3aut17format_strategies14dot_map_reduceINS_7storage8fp8_e5m2ENS0_8strategyILNS0_11decode_kindE7ELi8ELNS0_14table_locationE1ELNS0_11unpack_kindE0EEEEEvPKNS2_5codecIT_E12storage_typeESE_mNS0_12table_bundleEPd' for 'sm_90'
ptxas info    : Function properties for _ZN3aut17format_strategies14dot_map_reduceINS_7storage8fp8_e5m2ENS0_8strategyILNS0_11decode_kindE7ELi8ELNS0_14table_locationE1ELNS0_11unpack_kindE0EEEEEvPKNS2_5codecIT_E12storage_typeESE_mNS0_12table_bundleEPd
    0 bytes stack frame, 0 bytes spill stores, 0 bytes spill loads
ptxas info    : Used 44 registers, used 1 barriers, 80 bytes smem
ptxas info    : Compile time = 12.314 ms
ptxas info    : Compiling entry function '_ZN3aut17format_strategies14dot_map_reduceINS_7storage8fp8_e5m2ENS0_8strategyILNS0_11decode_kindE6ELi8ELNS0_14table_locationE1ELNS0_11unpack_kindE0EEEEEvPKNS2_5codecIT_E12storage_typeESE_mNS0_12table_bundleEPd' for 'sm_90'
ptxas info    : Function properties for _ZN3aut17format_strategies14dot_map_reduceINS_7storage8fp8_e5m2ENS0_8strategyILNS0_11decode_kindE6ELi8ELNS0_14table_locationE1ELNS0_11unpack_kindE0EEEEEvPKNS2_5codecIT_E12storage_typeESE_mNS0_12table_bundleEPd
    0 bytes stack frame, 0 bytes spill stores, 0 bytes spill loads
ptxas info    : Used 44 registers, used 1 barriers, 80 bytes smem
ptxas info    : Compile time = 6.765 ms
ptxas info    : Compiling entry function '_ZN3aut17format_strategies14dot_map_reduceINS_7storage8fp8_e5m2ENS0_8strategyILNS0_11decode_kindE6ELi4ELNS0_14table_locationE1ELNS0_11unpack_kindE0EEEEEvPKNS2_5codecIT_E12storage_typeESE_mNS0_12table_bundleEPd' for 'sm_90'
ptxas info    : Function properties for _ZN3aut17format_strategies14dot_map_reduceINS_7storage8fp8_e5m2ENS0_8strategyILNS0_11decode_kindE6ELi4ELNS0_14table_locationE1ELNS0_11unpack_kindE0EEEEEvPKNS2_5codecIT_E12storage_typeESE_mNS0_12table_bundleEPd
    0 bytes stack frame, 0 bytes spill stores, 0 bytes spill loads
ptxas info    : Used 40 registers, used 1 barriers, 80 bytes smem
ptxas info    : Compile time = 5.825 ms
ptxas info    : Compiling entry function '_ZN3aut17format_strategies14dot_map_reduceINS_7storage8fp8_e5m2ENS0_8strategyILNS0_11decode_kindE6ELi8ELNS0_14table_locationE0ELNS0_11unpack_kindE0EEEEEvPKNS2_5codecIT_E12storage_typeESE_mNS0_12table_bundleEPd' for 'sm_90'
ptxas info    : Function properties for _ZN3aut17format_strategies14dot_map_reduceINS_7storage8fp8_e5m2ENS0_8strategyILNS0_11decode_kindE6ELi8ELNS0_14table_locationE0ELNS0_11unpack_kindE0EEEEEvPKNS2_5codecIT_E12storage_typeESE_mNS0_12table_bundleEPd
    0 bytes stack frame, 0 bytes spill stores, 0 bytes spill loads
ptxas info    : Used 42 registers, used 1 barriers, 80 bytes smem
ptxas info    : Compile time = 6.653 ms
ptxas info    : Compiling entry function '_ZN3aut17format_strategies14dot_map_reduceINS_7storage8fp8_e5m2ENS0_8strategyILNS0_11decode_kindE6ELi4ELNS0_14table_locationE0ELNS0_11unpack_kindE0EEEEEvPKNS2_5codecIT_E12storage_typeESE_mNS0_12table_bundleEPd' for 'sm_90'
ptxas info    : Function properties for _ZN3aut17format_strategies14dot_map_reduceINS_7storage8fp8_e5m2ENS0_8strategyILNS0_11decode_kindE6ELi4ELNS0_14table_locationE0ELNS0_11unpack_kindE0EEEEEvPKNS2_5codecIT_E12storage_typeESE_mNS0_12table_bundleEPd
    0 bytes stack frame, 0 bytes spill stores, 0 bytes spill loads
ptxas info    : Used 32 registers, used 1 barriers, 80 bytes smem
ptxas info    : Compile time = 5.502 ms
ptxas info    : Compiling entry function '_ZN3aut17format_strategies14dot_map_reduceINS_7storage8fp8_e5m2ENS0_8strategyILNS0_11decode_kindE6ELi1ELNS0_14table_locationE0ELNS0_11unpack_kindE0EEEEEvPKNS2_5codecIT_E12storage_typeESE_mNS0_12table_bundleEPd' for 'sm_90'
ptxas info    : Function properties for _ZN3aut17format_strategies14dot_map_reduceINS_7storage8fp8_e5m2ENS0_8strategyILNS0_11decode_kindE6ELi1ELNS0_14table_locationE0ELNS0_11unpack_kindE0EEEEEvPKNS2_5codecIT_E12storage_typeESE_mNS0_12table_bundleEPd
    0 bytes stack frame, 0 bytes spill stores, 0 bytes spill loads
ptxas info    : Used 26 registers, used 1 barriers, 80 bytes smem
ptxas info    : Compile time = 4.183 ms
ptxas info    : Compiling entry function '_ZN3aut17format_strategies14dot_map_reduceINS_7storage8fp8_e5m2ENS0_8strategyILNS0_11decode_kindE3ELi8ELNS0_14table_locationE0ELNS0_11unpack_kindE0EEEEEvPKNS2_5codecIT_E12storage_typeESE_mNS0_12table_bundleEPd' for 'sm_90'
ptxas info    : Function properties for _ZN3aut17format_strategies14dot_map_reduceINS_7storage8fp8_e5m2ENS0_8strategyILNS0_11decode_kindE3ELi8ELNS0_14table_locationE0ELNS0_11unpack_kindE0EEEEEvPKNS2_5codecIT_E12storage_typeESE_mNS0_12table_bundleEPd
    0 bytes stack frame, 0 bytes spill stores, 0 bytes spill loads
ptxas info    : Used 56 registers, used 1 barriers, 80 bytes smem
ptxas info    : Compile time = 14.179 ms
ptxas info    : Compiling entry function '_ZN3aut17format_strategies14dot_map_reduceINS_7storage8fp8_e5m2ENS0_8strategyILNS0_11decode_kindE3ELi4ELNS0_14table_locationE0ELNS0_11unpack_kindE0EEEEEvPKNS2_5codecIT_E12storage_typeESE_mNS0_12table_bundleEPd' for 'sm_90'
ptxas info    : Function properties for _ZN3aut17format_strategies14dot_map_reduceINS_7storage8fp8_e5m2ENS0_8strategyILNS0_11decode_kindE3ELi4ELNS0_14table_locationE0ELNS0_11unpack_kindE0EEEEEvPKNS2_5codecIT_E12storage_typeESE_mNS0_12table_bundleEPd
    0 bytes stack frame, 0 bytes spill stores, 0 bytes spill loads
ptxas info    : Used 32 registers, used 1 barriers, 80 bytes smem
ptxas info    : Compile time = 9.472 ms
ptxas info    : Compiling entry function '_ZN3aut17format_strategies14dot_map_reduceINS_7storage8fp8_e5m2ENS0_8strategyILNS0_11decode_kindE3ELi1ELNS0_14table_locationE0ELNS0_11unpack_kindE0EEEEEvPKNS2_5codecIT_E12storage_typeESE_mNS0_12table_bundleEPd' for 'sm_90'
ptxas info    : Function properties for _ZN3aut17format_strategies14dot_map_reduceINS_7storage8fp8_e5m2ENS0_8strategyILNS0_11decode_kindE3ELi1ELNS0_14table_locationE0ELNS0_11unpack_kindE0EEEEEvPKNS2_5codecIT_E12storage_typeESE_mNS0_12table_bundleEPd
    0 bytes stack frame, 0 bytes spill stores, 0 bytes spill loads
ptxas info    : Used 24 registers, used 1 barriers, 80 bytes smem
ptxas info    : Compile time = 6.178 ms
ptxas info    : Compiling entry function '_ZN3aut17format_strategies14dot_map_reduceINS_7storage8fp8_e5m2ENS0_8strategyILNS0_11decode_kindE2ELi8ELNS0_14table_locationE0ELNS0_11unpack_kindE0EEEEEvPKNS2_5codecIT_E12storage_typeESE_mNS0_12table_bundleEPd' for 'sm_90'
ptxas info    : Function properties for _ZN3aut17format_strategies14dot_map_reduceINS_7storage8fp8_e5m2ENS0_8strategyILNS0_11decode_kindE2ELi8ELNS0_14table_locationE0ELNS0_11unpack_kindE0EEEEEvPKNS2_5codecIT_E12storage_typeESE_mNS0_12table_bundleEPd
    0 bytes stack frame, 0 bytes spill stores, 0 bytes spill loads
ptxas info    : Used 40 registers, used 1 barriers, 80 bytes smem
ptxas info    : Compile time = 16.797 ms
ptxas info    : Compiling entry function '_ZN3aut17format_strategies14dot_map_reduceINS_7storage8fp8_e5m2ENS0_8strategyILNS0_11decode_kindE2ELi4ELNS0_14table_locationE0ELNS0_11unpack_kindE0EEEEEvPKNS2_5codecIT_E12storage_typeESE_mNS0_12table_bundleEPd' for 'sm_90'
ptxas info    : Function properties for _ZN3aut17format_strategies14dot_map_reduceINS_7storage8fp8_e5m2ENS0_8strategyILNS0_11decode_kindE2ELi4ELNS0_14table_locationE0ELNS0_11unpack_kindE0EEEEEvPKNS2_5codecIT_E12storage_typeESE_mNS0_12table_bundleEPd
    0 bytes stack frame, 0 bytes spill stores, 0 bytes spill loads
ptxas info    : Used 30 registers, used 1 barriers, 80 bytes smem
ptxas info    : Compile time = 11.138 ms
ptxas info    : Compiling entry function '_ZN3aut17format_strategies14dot_map_reduceINS_7storage8fp8_e5m2ENS0_8strategyILNS0_11decode_kindE2ELi1ELNS0_14table_locationE0ELNS0_11unpack_kindE0EEEEEvPKNS2_5codecIT_E12storage_typeESE_mNS0_12table_bundleEPd' for 'sm_90'
ptxas info    : Function properties for _ZN3aut17format_strategies14dot_map_reduceINS_7storage8fp8_e5m2ENS0_8strategyILNS0_11decode_kindE2ELi1ELNS0_14table_locationE0ELNS0_11unpack_kindE0EEEEEvPKNS2_5codecIT_E12storage_typeESE_mNS0_12table_bundleEPd
    0 bytes stack frame, 0 bytes spill stores, 0 bytes spill loads
ptxas info    : Used 30 registers, used 1 barriers, 80 bytes smem
ptxas info    : Compile time = 6.750 ms
ptxas info    : Compiling entry function '_ZN3aut17format_strategies14dot_map_reduceINS_7storage8fp8_e5m2ENS0_8strategyILNS0_11decode_kindE1ELi8ELNS0_14table_locationE0ELNS0_11unpack_kindE0EEEEEvPKNS2_5codecIT_E12storage_typeESE_mNS0_12table_bundleEPd' for 'sm_90'
ptxas info    : Function properties for _ZN3aut17format_strategies14dot_map_reduceINS_7storage8fp8_e5m2ENS0_8strategyILNS0_11decode_kindE1ELi8ELNS0_14table_locationE0ELNS0_11unpack_kindE0EEEEEvPKNS2_5codecIT_E12storage_typeESE_mNS0_12table_bundleEPd
    0 bytes stack frame, 0 bytes spill stores, 0 bytes spill loads
ptxas info    : Used 61 registers, used 1 barriers, 80 bytes smem
ptxas info    : Compile time = 16.225 ms
ptxas info    : Compiling entry function '_ZN3aut17format_strategies14dot_map_reduceINS_7storage8fp8_e5m2ENS0_8strategyILNS0_11decode_kindE1ELi4ELNS0_14table_locationE0ELNS0_11unpack_kindE0EEEEEvPKNS2_5codecIT_E12storage_typeESE_mNS0_12table_bundleEPd' for 'sm_90'
ptxas info    : Function properties for _ZN3aut17format_strategies14dot_map_reduceINS_7storage8fp8_e5m2ENS0_8strategyILNS0_11decode_kindE1ELi4ELNS0_14table_locationE0ELNS0_11unpack_kindE0EEEEEvPKNS2_5codecIT_E12storage_typeESE_mNS0_12table_bundleEPd
    0 bytes stack frame, 0 bytes spill stores, 0 bytes spill loads
ptxas info    : Used 40 registers, used 1 barriers, 80 bytes smem
ptxas info    : Compile time = 10.906 ms
ptxas info    : Compiling entry function '_ZN3aut17format_strategies14dot_map_reduceINS_7storage8fp8_e5m2ENS0_8strategyILNS0_11decode_kindE1ELi1ELNS0_14table_locationE0ELNS0_11unpack_kindE0EEEEEvPKNS2_5codecIT_E12storage_typeESE_mNS0_12table_bundleEPd' for 'sm_90'
ptxas info    : Function properties for _ZN3aut17format_strategies14dot_map_reduceINS_7storage8fp8_e5m2ENS0_8strategyILNS0_11decode_kindE1ELi1ELNS0_14table_locationE0ELNS0_11unpack_kindE0EEEEEvPKNS2_5codecIT_E12storage_typeESE_mNS0_12table_bundleEPd
    0 bytes stack frame, 0 bytes spill stores, 0 bytes spill loads
ptxas info    : Used 24 registers, used 1 barriers, 80 bytes smem
ptxas info    : Compile time = 6.788 ms
ptxas info    : Compiling entry function '_ZN3aut17format_strategies14dot_map_reduceINS_7storage8fp8_e5m2ENS0_8strategyILNS0_11decode_kindE12ELi8ELNS0_14table_locationE0ELNS0_11unpack_kindE0EEEEEvPKNS2_5codecIT_E12storage_typeESE_mNS0_12table_bundleEPd' for 'sm_90'
ptxas info    : Function properties for _ZN3aut17format_strategies14dot_map_reduceINS_7storage8fp8_e5m2ENS0_8strategyILNS0_11decode_kindE12ELi8ELNS0_14table_locationE0ELNS0_11unpack_kindE0EEEEEvPKNS2_5codecIT_E12storage_typeESE_mNS0_12table_bundleEPd
    0 bytes stack frame, 0 bytes spill stores, 0 bytes spill loads
ptxas info    : Used 40 registers, used 1 barriers, 80 bytes smem
ptxas info    : Compile time = 5.666 ms
ptxas info    : Compiling entry function '_ZN3aut17format_strategies14dot_map_reduceINS_7storage8fp8_e5m2ENS0_8strategyILNS0_11decode_kindE12ELi4ELNS0_14table_locationE0ELNS0_11unpack_kindE0EEEEEvPKNS2_5codecIT_E12storage_typeESE_mNS0_12table_bundleEPd' for 'sm_90'
ptxas info    : Function properties for _ZN3aut17format_strategies14dot_map_reduceINS_7storage8fp8_e5m2ENS0_8strategyILNS0_11decode_kindE12ELi4ELNS0_14table_locationE0ELNS0_11unpack_kindE0EEEEEvPKNS2_5codecIT_E12storage_typeESE_mNS0_12table_bundleEPd
    0 bytes stack frame, 0 bytes spill stores, 0 bytes spill loads
ptxas info    : Used 32 registers, used 1 barriers, 80 bytes smem
ptxas info    : Compile time = 4.939 ms
ptxas info    : Compiling entry function '_ZN3aut17format_strategies14dot_map_reduceINS_7storage8fp8_e5m2ENS0_8strategyILNS0_11decode_kindE12ELi2ELNS0_14table_locationE0ELNS0_11unpack_kindE0EEEEEvPKNS2_5codecIT_E12storage_typeESE_mNS0_12table_bundleEPd' for 'sm_90'
ptxas info    : Function properties for _ZN3aut17format_strategies14dot_map_reduceINS_7storage8fp8_e5m2ENS0_8strategyILNS0_11decode_kindE12ELi2ELNS0_14table_locationE0ELNS0_11unpack_kindE0EEEEEvPKNS2_5codecIT_E12storage_typeESE_mNS0_12table_bundleEPd
    0 bytes stack frame, 0 bytes spill stores, 0 bytes spill loads
ptxas info    : Used 26 registers, used 1 barriers, 80 bytes smem
ptxas info    : Compile time = 4.494 ms
ptxas info    : Compiling entry function '_ZN3aut17format_strategies14dot_map_reduceINS_7storage8fp8_e5m2ENS0_8strategyILNS0_11decode_kindE11ELi8ELNS0_14table_locationE0ELNS0_11unpack_kindE0EEEEEvPKNS2_5codecIT_E12storage_typeESE_mNS0_12table_bundleEPd' for 'sm_90'
ptxas info    : Function properties for _ZN3aut17format_strategies14dot_map_reduceINS_7storage8fp8_e5m2ENS0_8strategyILNS0_11decode_kindE11ELi8ELNS0_14table_locationE0ELNS0_11unpack_kindE0EEEEEvPKNS2_5codecIT_E12storage_typeESE_mNS0_12table_bundleEPd
    0 bytes stack frame, 0 bytes spill stores, 0 bytes spill loads
ptxas info    : Used 40 registers, used 1 barriers, 80 bytes smem
ptxas info    : Compile time = 5.645 ms
ptxas info    : Compiling entry function '_ZN3aut17format_strategies14dot_map_reduceINS_7storage8fp8_e5m2ENS0_8strategyILNS0_11decode_kindE11ELi4ELNS0_14table_locationE0ELNS0_11unpack_kindE0EEEEEvPKNS2_5codecIT_E12storage_typeESE_mNS0_12table_bundleEPd' for 'sm_90'
ptxas info    : Function properties for _ZN3aut17format_strategies14dot_map_reduceINS_7storage8fp8_e5m2ENS0_8strategyILNS0_11decode_kindE11ELi4ELNS0_14table_locationE0ELNS0_11unpack_kindE0EEEEEvPKNS2_5codecIT_E12storage_typeESE_mNS0_12table_bundleEPd
    0 bytes stack frame, 0 bytes spill stores, 0 bytes spill loads
ptxas info    : Used 32 registers, used 1 barriers, 80 bytes smem
ptxas info    : Compile time = 4.929 ms
ptxas info    : Compiling entry function '_ZN3aut17format_strategies14dot_map_reduceINS_7storage8fp8_e5m2ENS0_8strategyILNS0_11decode_kindE11ELi2ELNS0_14table_locationE0ELNS0_11unpack_kindE0EEEEEvPKNS2_5codecIT_E12storage_typeESE_mNS0_12table_bundleEPd' for 'sm_90'
ptxas info    : Function properties for _ZN3aut17format_strategies14dot_map_reduceINS_7storage8fp8_e5m2ENS0_8strategyILNS0_11decode_kindE11ELi2ELNS0_14table_locationE0ELNS0_11unpack_kindE0EEEEEvPKNS2_5codecIT_E12storage_typeESE_mNS0_12table_bundleEPd
    0 bytes stack frame, 0 bytes spill stores, 0 bytes spill loads
ptxas info    : Used 26 registers, used 1 barriers, 80 bytes smem
ptxas info    : Compile time = 4.485 ms
ptxas info    : Compiling entry function '_ZN3aut17format_strategies14dot_map_reduceINS_7storage8fp8_e5m2ENS0_8strategyILNS0_11decode_kindE10ELi1ELNS0_14table_locationE0ELNS0_11unpack_kindE0EEEEEvPKNS2_5codecIT_E12storage_typeESE_mNS0_12table_bundleEPd' for 'sm_90'
ptxas info    : Function properties for _ZN3aut17format_strategies14dot_map_reduceINS_7storage8fp8_e5m2ENS0_8strategyILNS0_11decode_kindE10ELi1ELNS0_14table_locationE0ELNS0_11unpack_kindE0EEEEEvPKNS2_5codecIT_E12storage_typeESE_mNS0_12table_bundleEPd
    0 bytes stack frame, 0 bytes spill stores, 0 bytes spill loads
ptxas info    : Used 26 registers, used 1 barriers, 80 bytes smem
ptxas info    : Compile time = 4.157 ms
ptxas info    : Compiling entry function '_ZN3aut17format_strategies14dot_map_reduceINS_7storage8fp8_e5m2ENS0_8strategyILNS0_11decode_kindE9ELi1ELNS0_14table_locationE0ELNS0_11unpack_kindE0EEEEEvPKNS2_5codecIT_E12storage_typeESE_mNS0_12table_bundleEPd' for 'sm_90'
ptxas info    : Function properties for _ZN3aut17format_strategies14dot_map_reduceINS_7storage8fp8_e5m2ENS0_8strategyILNS0_11decode_kindE9ELi1ELNS0_14table_locationE0ELNS0_11unpack_kindE0EEEEEvPKNS2_5codecIT_E12storage_typeESE_mNS0_12table_bundleEPd
    0 bytes stack frame, 0 bytes spill stores, 0 bytes spill loads
ptxas info    : Used 26 registers, used 1 barriers, 80 bytes smem
ptxas info    : Compile time = 4.169 ms
ptxas info    : Compiling entry function '_ZN3aut17format_strategies14dot_map_reduceINS_7storage8fp8_e5m2ENS0_8strategyILNS0_11decode_kindE0ELi1ELNS0_14table_locationE0ELNS0_11unpack_kindE0EEEEEvPKNS2_5codecIT_E12storage_typeESE_mNS0_12table_bundleEPd' for 'sm_90'
ptxas info    : Function properties for _ZN3aut17format_strategies14dot_map_reduceINS_7storage8fp8_e5m2ENS0_8strategyILNS0_11decode_kindE0ELi1ELNS0_14table_locationE0ELNS0_11unpack_kindE0EEEEEvPKNS2_5codecIT_E12storage_typeESE_mNS0_12table_bundleEPd
    0 bytes stack frame, 0 bytes spill stores, 0 bytes spill loads
ptxas info    : Used 26 registers, used 1 barriers, 80 bytes smem
ptxas info    : Compile time = 4.165 ms
ptxas info    : Compiling entry function '_ZN3aut17format_strategies4gemvINS_7storage8fp8_e4m3ENS0_8strategyILNS0_11decode_kindE14ELi8ELNS0_14table_locationE1ELNS0_11unpack_kindE0EEEEEvPKNS2_5codecIT_E12storage_typeESE_mmmNS0_12table_bundleEPd' for 'sm_90'
ptxas info    : Function properties for _ZN3aut17format_strategies4gemvINS_7storage8fp8_e4m3ENS0_8strategyILNS0_11decode_kindE14ELi8ELNS0_14table_locationE1ELNS0_11unpack_kindE0EEEEEvPKNS2_5codecIT_E12storage_typeESE_mmmNS0_12table_bundleEPd
    0 bytes stack frame, 0 bytes spill stores, 0 bytes spill loads
ptxas info    : Used 44 registers, used 1 barriers, 80 bytes smem
ptxas info    : Compile time = 7.458 ms
ptxas info    : Compiling entry function '_ZN3aut17format_strategies4gemvINS_7storage8fp8_e4m3ENS0_8strategyILNS0_11decode_kindE14ELi4ELNS0_14table_locationE1ELNS0_11unpack_kindE0EEEEEvPKNS2_5codecIT_E12storage_typeESE_mmmNS0_12table_bundleEPd' for 'sm_90'
ptxas info    : Function properties for _ZN3aut17format_strategies4gemvINS_7storage8fp8_e4m3ENS0_8strategyILNS0_11decode_kindE14ELi4ELNS0_14table_locationE1ELNS0_11unpack_kindE0EEEEEvPKNS2_5codecIT_E12storage_typeESE_mmmNS0_12table_bundleEPd
    0 bytes stack frame, 0 bytes spill stores, 0 bytes spill loads
ptxas info    : Used 34 registers, used 1 barriers, 80 bytes smem
ptxas info    : Compile time = 6.357 ms
ptxas info    : Compiling entry function '_ZN3aut17format_strategies4gemvINS_7storage8fp8_e4m3ENS0_8strategyILNS0_11decode_kindE1ELi8ELNS0_14table_locationE0ELNS0_11unpack_kindE1EEEEEvPKNS2_5codecIT_E12storage_typeESE_mmmNS0_12table_bundleEPd' for 'sm_90'
ptxas info    : Function properties for _ZN3aut17format_strategies4gemvINS_7storage8fp8_e4m3ENS0_8strategyILNS0_11decode_kindE1ELi8ELNS0_14table_locationE0ELNS0_11unpack_kindE1EEEEEvPKNS2_5codecIT_E12storage_typeESE_mmmNS0_12table_bundleEPd
    0 bytes stack frame, 0 bytes spill stores, 0 bytes spill loads
ptxas info    : Used 61 registers, used 1 barriers, 80 bytes smem
ptxas info    : Compile time = 16.795 ms
ptxas info    : Compiling entry function '_ZN3aut17format_strategies4gemvINS_7storage8fp8_e4m3ENS0_8strategyILNS0_11decode_kindE1ELi4ELNS0_14table_locationE0ELNS0_11unpack_kindE1EEEEEvPKNS2_5codecIT_E12storage_typeESE_mmmNS0_12table_bundleEPd' for 'sm_90'
ptxas info    : Function properties for _ZN3aut17format_strategies4gemvINS_7storage8fp8_e4m3ENS0_8strategyILNS0_11decode_kindE1ELi4ELNS0_14table_locationE0ELNS0_11unpack_kindE1EEEEEvPKNS2_5codecIT_E12storage_typeESE_mmmNS0_12table_bundleEPd
    0 bytes stack frame, 0 bytes spill stores, 0 bytes spill loads
ptxas info    : Used 38 registers, used 1 barriers, 80 bytes smem
ptxas info    : Compile time = 11.168 ms
ptxas info    : Compiling entry function '_ZN3aut17format_strategies4gemvINS_7storage8fp8_e4m3ENS0_8strategyILNS0_11decode_kindE13ELi8ELNS0_14table_locationE0ELNS0_11unpack_kindE0EEEEEvPKNS2_5codecIT_E12storage_typeESE_mmmNS0_12table_bundleEPd' for 'sm_90'
ptxas info    : Function properties for _ZN3aut17format_strategies4gemvINS_7storage8fp8_e4m3ENS0_8strategyILNS0_11decode_kindE13ELi8ELNS0_14table_locationE0ELNS0_11unpack_kindE0EEEEEvPKNS2_5codecIT_E12storage_typeESE_mmmNS0_12table_bundleEPd
    0 bytes stack frame, 0 bytes spill stores, 0 bytes spill loads
ptxas info    : Used 40 registers, used 1 barriers, 80 bytes smem
ptxas info    : Compile time = 5.821 ms
ptxas info    : Compiling entry function '_ZN3aut17format_strategies4gemvINS_7storage8fp8_e4m3ENS0_8strategyILNS0_11decode_kindE13ELi4ELNS0_14table_locationE0ELNS0_11unpack_kindE0EEEEEvPKNS2_5codecIT_E12storage_typeESE_mmmNS0_12table_bundleEPd' for 'sm_90'
ptxas info    : Function properties for _ZN3aut17format_strategies4gemvINS_7storage8fp8_e4m3ENS0_8strategyILNS0_11decode_kindE13ELi4ELNS0_14table_locationE0ELNS0_11unpack_kindE0EEEEEvPKNS2_5codecIT_E12storage_typeESE_mmmNS0_12table_bundleEPd
    0 bytes stack frame, 0 bytes spill stores, 0 bytes spill loads
ptxas info    : Used 28 registers, used 1 barriers, 80 bytes smem
ptxas info    : Compile time = 5.078 ms
ptxas info    : Compiling entry function '_ZN3aut17format_strategies4gemvINS_7storage8fp8_e4m3ENS0_8strategyILNS0_11decode_kindE7ELi8ELNS0_14table_locationE1ELNS0_11unpack_kindE0EEEEEvPKNS2_5codecIT_E12storage_typeESE_mmmNS0_12table_bundleEPd' for 'sm_90'
ptxas info    : Function properties for _ZN3aut17format_strategies4gemvINS_7storage8fp8_e4m3ENS0_8strategyILNS0_11decode_kindE7ELi8ELNS0_14table_locationE1ELNS0_11unpack_kindE0EEEEEvPKNS2_5codecIT_E12storage_typeESE_mmmNS0_12table_bundleEPd
    0 bytes stack frame, 0 bytes spill stores, 0 bytes spill loads
ptxas info    : Used 46 registers, used 1 barriers, 80 bytes smem
ptxas info    : Compile time = 12.663 ms
ptxas info    : Compiling entry function '_ZN3aut17format_strategies4gemvINS_7storage8fp8_e4m3ENS0_8strategyILNS0_11decode_kindE6ELi8ELNS0_14table_locationE1ELNS0_11unpack_kindE0EEEEEvPKNS2_5codecIT_E12storage_typeESE_mmmNS0_12table_bundleEPd' for 'sm_90'
ptxas info    : Function properties for _ZN3aut17format_strategies4gemvINS_7storage8fp8_e4m3ENS0_8strategyILNS0_11decode_kindE6ELi8ELNS0_14table_locationE1ELNS0_11unpack_kindE0EEEEEvPKNS2_5codecIT_E12storage_typeESE_mmmNS0_12table_bundleEPd
    0 bytes stack frame, 0 bytes spill stores, 0 bytes spill loads
ptxas info    : Used 36 registers, used 1 barriers, 80 bytes smem
ptxas info    : Compile time = 6.867 ms
ptxas info    : Compiling entry function '_ZN3aut17format_strategies4gemvINS_7storage8fp8_e4m3ENS0_8strategyILNS0_11decode_kindE6ELi4ELNS0_14table_locationE1ELNS0_11unpack_kindE0EEEEEvPKNS2_5codecIT_E12storage_typeESE_mmmNS0_12table_bundleEPd' for 'sm_90'
ptxas info    : Function properties for _ZN3aut17format_strategies4gemvINS_7storage8fp8_e4m3ENS0_8strategyILNS0_11decode_kindE6ELi4ELNS0_14table_locationE1ELNS0_11unpack_kindE0EEEEEvPKNS2_5codecIT_E12storage_typeESE_mmmNS0_12table_bundleEPd
    0 bytes stack frame, 0 bytes spill stores, 0 bytes spill loads
ptxas info    : Used 32 registers, used 1 barriers, 80 bytes smem
ptxas info    : Compile time = 5.937 ms
ptxas info    : Compiling entry function '_ZN3aut17format_strategies4gemvINS_7storage8fp8_e4m3ENS0_8strategyILNS0_11decode_kindE6ELi8ELNS0_14table_locationE0ELNS0_11unpack_kindE0EEEEEvPKNS2_5codecIT_E12storage_typeESE_mmmNS0_12table_bundleEPd' for 'sm_90'
ptxas info    : Function properties for _ZN3aut17format_strategies4gemvINS_7storage8fp8_e4m3ENS0_8strategyILNS0_11decode_kindE6ELi8ELNS0_14table_locationE0ELNS0_11unpack_kindE0EEEEEvPKNS2_5codecIT_E12storage_typeESE_mmmNS0_12table_bundleEPd
    0 bytes stack frame, 0 bytes spill stores, 0 bytes spill loads
ptxas info    : Used 36 registers, used 1 barriers, 80 bytes smem
ptxas info    : Compile time = 6.666 ms
ptxas info    : Compiling entry function '_ZN3aut17format_strategies4gemvINS_7storage8fp8_e4m3ENS0_8strategyILNS0_11decode_kindE6ELi4ELNS0_14table_locationE0ELNS0_11unpack_kindE0EEEEEvPKNS2_5codecIT_E12storage_typeESE_mmmNS0_12table_bundleEPd' for 'sm_90'
ptxas info    : Function properties for _ZN3aut17format_strategies4gemvINS_7storage8fp8_e4m3ENS0_8strategyILNS0_11decode_kindE6ELi4ELNS0_14table_locationE0ELNS0_11unpack_kindE0EEEEEvPKNS2_5codecIT_E12storage_typeESE_mmmNS0_12table_bundleEPd
    0 bytes stack frame, 0 bytes spill stores, 0 bytes spill loads
ptxas info    : Used 32 registers, used 1 barriers, 80 bytes smem
ptxas info    : Compile time = 5.481 ms
ptxas info    : Compiling entry function '_ZN3aut17format_strategies4gemvINS_7storage8fp8_e4m3ENS0_8strategyILNS0_11decode_kindE6ELi1ELNS0_14table_locationE0ELNS0_11unpack_kindE0EEEEEvPKNS2_5codecIT_E12storage_typeESE_mmmNS0_12table_bundleEPd' for 'sm_90'
ptxas info    : Function properties for _ZN3aut17format_strategies4gemvINS_7storage8fp8_e4m3ENS0_8strategyILNS0_11decode_kindE6ELi1ELNS0_14table_locationE0ELNS0_11unpack_kindE0EEEEEvPKNS2_5codecIT_E12storage_typeESE_mmmNS0_12table_bundleEPd
    0 bytes stack frame, 0 bytes spill stores, 0 bytes spill loads
ptxas info    : Used 24 registers, used 1 barriers, 80 bytes smem
ptxas info    : Compile time = 4.291 ms
ptxas info    : Compiling entry function '_ZN3aut17format_strategies4gemvINS_7storage8fp8_e4m3ENS0_8strategyILNS0_11decode_kindE3ELi8ELNS0_14table_locationE0ELNS0_11unpack_kindE0EEEEEvPKNS2_5codecIT_E12storage_typeESE_mmmNS0_12table_bundleEPd' for 'sm_90'
ptxas info    : Function properties for _ZN3aut17format_strategies4gemvINS_7storage8fp8_e4m3ENS0_8strategyILNS0_11decode_kindE3ELi8ELNS0_14table_locationE0ELNS0_11unpack_kindE0EEEEEvPKNS2_5codecIT_E12storage_typeESE_mmmNS0_12table_bundleEPd
    0 bytes stack frame, 0 bytes spill stores, 0 bytes spill loads
ptxas info    : Used 48 registers, used 1 barriers, 80 bytes smem
ptxas info    : Compile time = 14.267 ms
ptxas info    : Compiling entry function '_ZN3aut17format_strategies4gemvINS_7storage8fp8_e4m3ENS0_8strategyILNS0_11decode_kindE3ELi4ELNS0_14table_locationE0ELNS0_11unpack_kindE0EEEEEvPKNS2_5codecIT_E12storage_typeESE_mmmNS0_12table_bundleEPd' for 'sm_90'
ptxas info    : Function properties for _ZN3aut17format_strategies4gemvINS_7storage8fp8_e4m3ENS0_8strategyILNS0_11decode_kindE3ELi4ELNS0_14table_locationE0ELNS0_11unpack_kindE0EEEEEvPKNS2_5codecIT_E12storage_typeESE_mmmNS0_12table_bundleEPd
    0 bytes stack frame, 0 bytes spill stores, 0 bytes spill loads
ptxas info    : Used 31 registers, used 1 barriers, 80 bytes smem
ptxas info    : Compile time = 9.680 ms
ptxas info    : Compiling entry function '_ZN3aut17format_strategies4gemvINS_7storage8fp8_e4m3ENS0_8strategyILNS0_11decode_kindE3ELi1ELNS0_14table_locationE0ELNS0_11unpack_kindE0EEEEEvPKNS2_5codecIT_E12storage_typeESE_mmmNS0_12table_bundleEPd' for 'sm_90'
ptxas info    : Function properties for _ZN3aut17format_strategies4gemvINS_7storage8fp8_e4m3ENS0_8strategyILNS0_11decode_kindE3ELi1ELNS0_14table_locationE0ELNS0_11unpack_kindE0EEEEEvPKNS2_5codecIT_E12storage_typeESE_mmmNS0_12table_bundleEPd
    0 bytes stack frame, 0 bytes spill stores, 0 bytes spill loads
ptxas info    : Used 20 registers, used 1 barriers, 80 bytes smem
ptxas info    : Compile time = 6.410 ms
ptxas info    : Compiling entry function '_ZN3aut17format_strategies4gemvINS_7storage8fp8_e4m3ENS0_8strategyILNS0_11decode_kindE2ELi8ELNS0_14table_locationE0ELNS0_11unpack_kindE0EEEEEvPKNS2_5codecIT_E12storage_typeESE_mmmNS0_12table_bundleEPd' for 'sm_90'
ptxas info    : Function properties for _ZN3aut17format_strategies4gemvINS_7storage8fp8_e4m3ENS0_8strategyILNS0_11decode_kindE2ELi8ELNS0_14table_locationE0ELNS0_11unpack_kindE0EEEEEvPKNS2_5codecIT_E12storage_typeESE_mmmNS0_12table_bundleEPd
    0 bytes stack frame, 0 bytes spill stores, 0 bytes spill loads
ptxas info    : Used 42 registers, used 1 barriers, 80 bytes smem
ptxas info    : Compile time = 18.076 ms
ptxas info    : Compiling entry function '_ZN3aut17format_strategies4gemvINS_7storage8fp8_e4m3ENS0_8strategyILNS0_11decode_kindE2ELi4ELNS0_14table_locationE0ELNS0_11unpack_kindE0EEEEEvPKNS2_5codecIT_E12storage_typeESE_mmmNS0_12table_bundleEPd' for 'sm_90'
ptxas info    : Function properties for _ZN3aut17format_strategies4gemvINS_7storage8fp8_e4m3ENS0_8strategyILNS0_11decode_kindE2ELi4ELNS0_14table_locationE0ELNS0_11unpack_kindE0EEEEEvPKNS2_5codecIT_E12storage_typeESE_mmmNS0_12table_bundleEPd
    0 bytes stack frame, 0 bytes spill stores, 0 bytes spill loads
ptxas info    : Used 32 registers, used 1 barriers, 80 bytes smem
ptxas info    : Compile time = 11.248 ms
ptxas info    : Compiling entry function '_ZN3aut17format_strategies4gemvINS_7storage8fp8_e4m3ENS0_8strategyILNS0_11decode_kindE2ELi1ELNS0_14table_locationE0ELNS0_11unpack_kindE0EEEEEvPKNS2_5codecIT_E12storage_typeESE_mmmNS0_12table_bundleEPd' for 'sm_90'
ptxas info    : Function properties for _ZN3aut17format_strategies4gemvINS_7storage8fp8_e4m3ENS0_8strategyILNS0_11decode_kindE2ELi1ELNS0_14table_locationE0ELNS0_11unpack_kindE0EEEEEvPKNS2_5codecIT_E12storage_typeESE_mmmNS0_12table_bundleEPd
    0 bytes stack frame, 0 bytes spill stores, 0 bytes spill loads
ptxas info    : Used 25 registers, used 1 barriers, 80 bytes smem
ptxas info    : Compile time = 6.991 ms
ptxas info    : Compiling entry function '_ZN3aut17format_strategies4gemvINS_7storage8fp8_e4m3ENS0_8strategyILNS0_11decode_kindE1ELi8ELNS0_14table_locationE0ELNS0_11unpack_kindE0EEEEEvPKNS2_5codecIT_E12storage_typeESE_mmmNS0_12table_bundleEPd' for 'sm_90'
ptxas info    : Function properties for _ZN3aut17format_strategies4gemvINS_7storage8fp8_e4m3ENS0_8strategyILNS0_11decode_kindE1ELi8ELNS0_14table_locationE0ELNS0_11unpack_kindE0EEEEEvPKNS2_5codecIT_E12storage_typeESE_mmmNS0_12table_bundleEPd
    0 bytes stack frame, 0 bytes spill stores, 0 bytes spill loads
ptxas info    : Used 61 registers, used 1 barriers, 80 bytes smem
ptxas info    : Compile time = 16.732 ms
ptxas info    : Compiling entry function '_ZN3aut17format_strategies4gemvINS_7storage8fp8_e4m3ENS0_8strategyILNS0_11decode_kindE1ELi4ELNS0_14table_locationE0ELNS0_11unpack_kindE0EEEEEvPKNS2_5codecIT_E12storage_typeESE_mmmNS0_12table_bundleEPd' for 'sm_90'
ptxas info    : Function properties for _ZN3aut17format_strategies4gemvINS_7storage8fp8_e4m3ENS0_8strategyILNS0_11decode_kindE1ELi4ELNS0_14table_locationE0ELNS0_11unpack_kindE0EEEEEvPKNS2_5codecIT_E12storage_typeESE_mmmNS0_12table_bundleEPd
    0 bytes stack frame, 0 bytes spill stores, 0 bytes spill loads
ptxas info    : Used 38 registers, used 1 barriers, 80 bytes smem
ptxas info    : Compile time = 11.280 ms
ptxas info    : Compiling entry function '_ZN3aut17format_strategies4gemvINS_7storage8fp8_e4m3ENS0_8strategyILNS0_11decode_kindE1ELi1ELNS0_14table_locationE0ELNS0_11unpack_kindE0EEEEEvPKNS2_5codecIT_E12storage_typeESE_mmmNS0_12table_bundleEPd' for 'sm_90'
ptxas info    : Function properties for _ZN3aut17format_strategies4gemvINS_7storage8fp8_e4m3ENS0_8strategyILNS0_11decode_kindE1ELi1ELNS0_14table_locationE0ELNS0_11unpack_kindE0EEEEEvPKNS2_5codecIT_E12storage_typeESE_mmmNS0_12table_bundleEPd
    0 bytes stack frame, 0 bytes spill stores, 0 bytes spill loads
ptxas info    : Used 21 registers, used 1 barriers, 80 bytes smem
ptxas info    : Compile time = 7.063 ms
ptxas info    : Compiling entry function '_ZN3aut17format_strategies4gemvINS_7storage8fp8_e4m3ENS0_8strategyILNS0_11decode_kindE12ELi8ELNS0_14table_locationE0ELNS0_11unpack_kindE0EEEEEvPKNS2_5codecIT_E12storage_typeESE_mmmNS0_12table_bundleEPd' for 'sm_90'
ptxas info    : Function properties for _ZN3aut17format_strategies4gemvINS_7storage8fp8_e4m3ENS0_8strategyILNS0_11decode_kindE12ELi8ELNS0_14table_locationE0ELNS0_11unpack_kindE0EEEEEvPKNS2_5codecIT_E12storage_typeESE_mmmNS0_12table_bundleEPd
    0 bytes stack frame, 0 bytes spill stores, 0 bytes spill loads
ptxas info    : Used 32 registers, used 1 barriers, 80 bytes smem
ptxas info    : Compile time = 5.717 ms
ptxas info    : Compiling entry function '_ZN3aut17format_strategies4gemvINS_7storage8fp8_e4m3ENS0_8strategyILNS0_11decode_kindE12ELi4ELNS0_14table_locationE0ELNS0_11unpack_kindE0EEEEEvPKNS2_5codecIT_E12storage_typeESE_mmmNS0_12table_bundleEPd' for 'sm_90'
ptxas info    : Function properties for _ZN3aut17format_strategies4gemvINS_7storage8fp8_e4m3ENS0_8strategyILNS0_11decode_kindE12ELi4ELNS0_14table_locationE0ELNS0_11unpack_kindE0EEEEEvPKNS2_5codecIT_E12storage_typeESE_mmmNS0_12table_bundleEPd
    0 bytes stack frame, 0 bytes spill stores, 0 bytes spill loads
ptxas info    : Used 28 registers, used 1 barriers, 80 bytes smem
ptxas info    : Compile time = 5.034 ms
ptxas info    : Compiling entry function '_ZN3aut17format_strategies4gemvINS_7storage8fp8_e4m3ENS0_8strategyILNS0_11decode_kindE12ELi2ELNS0_14table_locationE0ELNS0_11unpack_kindE0EEEEEvPKNS2_5codecIT_E12storage_typeESE_mmmNS0_12table_bundleEPd' for 'sm_90'
ptxas info    : Function properties for _ZN3aut17format_strategies4gemvINS_7storage8fp8_e4m3ENS0_8strategyILNS0_11decode_kindE12ELi2ELNS0_14table_locationE0ELNS0_11unpack_kindE0EEEEEvPKNS2_5codecIT_E12storage_typeESE_mmmNS0_12table_bundleEPd
    0 bytes stack frame, 0 bytes spill stores, 0 bytes spill loads
ptxas info    : Used 25 registers, used 1 barriers, 80 bytes smem
ptxas info    : Compile time = 4.579 ms
ptxas info    : Compiling entry function '_ZN3aut17format_strategies4gemvINS_7storage8fp8_e4m3ENS0_8strategyILNS0_11decode_kindE11ELi8ELNS0_14table_locationE0ELNS0_11unpack_kindE0EEEEEvPKNS2_5codecIT_E12storage_typeESE_mmmNS0_12table_bundleEPd' for 'sm_90'
ptxas info    : Function properties for _ZN3aut17format_strategies4gemvINS_7storage8fp8_e4m3ENS0_8strategyILNS0_11decode_kindE11ELi8ELNS0_14table_locationE0ELNS0_11unpack_kindE0EEEEEvPKNS2_5codecIT_E12storage_typeESE_mmmNS0_12table_bundleEPd
    0 bytes stack frame, 0 bytes spill stores, 0 bytes spill loads
ptxas info    : Used 32 registers, used 1 barriers, 80 bytes smem
ptxas info    : Compile time = 5.706 ms
ptxas info    : Compiling entry function '_ZN3aut17format_strategies4gemvINS_7storage8fp8_e4m3ENS0_8strategyILNS0_11decode_kindE11ELi4ELNS0_14table_locationE0ELNS0_11unpack_kindE0EEEEEvPKNS2_5codecIT_E12storage_typeESE_mmmNS0_12table_bundleEPd' for 'sm_90'
ptxas info    : Function properties for _ZN3aut17format_strategies4gemvINS_7storage8fp8_e4m3ENS0_8strategyILNS0_11decode_kindE11ELi4ELNS0_14table_locationE0ELNS0_11unpack_kindE0EEEEEvPKNS2_5codecIT_E12storage_typeESE_mmmNS0_12table_bundleEPd
    0 bytes stack frame, 0 bytes spill stores, 0 bytes spill loads
ptxas info    : Used 28 registers, used 1 barriers, 80 bytes smem
ptxas info    : Compile time = 4.989 ms
ptxas info    : Compiling entry function '_ZN3aut17format_strategies4gemvINS_7storage8fp8_e4m3ENS0_8strategyILNS0_11decode_kindE11ELi2ELNS0_14table_locationE0ELNS0_11unpack_kindE0EEEEEvPKNS2_5codecIT_E12storage_typeESE_mmmNS0_12table_bundleEPd' for 'sm_90'
ptxas info    : Function properties for _ZN3aut17format_strategies4gemvINS_7storage8fp8_e4m3ENS0_8strategyILNS0_11decode_kindE11ELi2ELNS0_14table_locationE0ELNS0_11unpack_kindE0EEEEEvPKNS2_5codecIT_E12storage_typeESE_mmmNS0_12table_bundleEPd
    0 bytes stack frame, 0 bytes spill stores, 0 bytes spill loads
ptxas info    : Used 25 registers, used 1 barriers, 80 bytes smem
ptxas info    : Compile time = 4.571 ms
ptxas info    : Compiling entry function '_ZN3aut17format_strategies4gemvINS_7storage8fp8_e4m3ENS0_8strategyILNS0_11decode_kindE10ELi1ELNS0_14table_locationE0ELNS0_11unpack_kindE0EEEEEvPKNS2_5codecIT_E12storage_typeESE_mmmNS0_12table_bundleEPd' for 'sm_90'
ptxas info    : Function properties for _ZN3aut17format_strategies4gemvINS_7storage8fp8_e4m3ENS0_8strategyILNS0_11decode_kindE10ELi1ELNS0_14table_locationE0ELNS0_11unpack_kindE0EEEEEvPKNS2_5codecIT_E12storage_typeESE_mmmNS0_12table_bundleEPd
    0 bytes stack frame, 0 bytes spill stores, 0 bytes spill loads
ptxas info    : Used 21 registers, used 1 barriers, 80 bytes smem
ptxas info    : Compile time = 4.303 ms
ptxas info    : Compiling entry function '_ZN3aut17format_strategies4gemvINS_7storage8fp8_e4m3ENS0_8strategyILNS0_11decode_kindE9ELi1ELNS0_14table_locationE0ELNS0_11unpack_kindE0EEEEEvPKNS2_5codecIT_E12storage_typeESE_mmmNS0_12table_bundleEPd' for 'sm_90'
ptxas info    : Function properties for _ZN3aut17format_strategies4gemvINS_7storage8fp8_e4m3ENS0_8strategyILNS0_11decode_kindE9ELi1ELNS0_14table_locationE0ELNS0_11unpack_kindE0EEEEEvPKNS2_5codecIT_E12storage_typeESE_mmmNS0_12table_bundleEPd
    0 bytes stack frame, 0 bytes spill stores, 0 bytes spill loads
ptxas info    : Used 21 registers, used 1 barriers, 80 bytes smem
ptxas info    : Compile time = 4.278 ms
ptxas info    : Compiling entry function '_ZN3aut17format_strategies4gemvINS_7storage8fp8_e4m3ENS0_8strategyILNS0_11decode_kindE0ELi1ELNS0_14table_locationE0ELNS0_11unpack_kindE0EEEEEvPKNS2_5codecIT_E12storage_typeESE_mmmNS0_12table_bundleEPd' for 'sm_90'
ptxas info    : Function properties for _ZN3aut17format_strategies4gemvINS_7storage8fp8_e4m3ENS0_8strategyILNS0_11decode_kindE0ELi1ELNS0_14table_locationE0ELNS0_11unpack_kindE0EEEEEvPKNS2_5codecIT_E12storage_typeESE_mmmNS0_12table_bundleEPd
    0 bytes stack frame, 0 bytes spill stores, 0 bytes spill loads
ptxas info    : Used 21 registers, used 1 barriers, 80 bytes smem
ptxas info    : Compile time = 4.279 ms
ptxas info    : Compiling entry function '_ZN3aut17format_strategies14dot_map_reduceINS_7storage8fp8_e4m3ENS0_8strategyILNS0_11decode_kindE14ELi8ELNS0_14table_locationE1ELNS0_11unpack_kindE0EEEEEvPKNS2_5codecIT_E12storage_typeESE_mNS0_12table_bundleEPd' for 'sm_90'
ptxas info    : Function properties for _ZN3aut17format_strategies14dot_map_reduceINS_7storage8fp8_e4m3ENS0_8strategyILNS0_11decode_kindE14ELi8ELNS0_14table_locationE1ELNS0_11unpack_kindE0EEEEEvPKNS2_5codecIT_E12storage_typeESE_mNS0_12table_bundleEPd
    0 bytes stack frame, 0 bytes spill stores, 0 bytes spill loads
ptxas info    : Used 44 registers, used 1 barriers, 80 bytes smem
ptxas info    : Compile time = 7.275 ms
ptxas info    : Compiling entry function '_ZN3aut17format_strategies14dot_map_reduceINS_7storage8fp8_e4m3ENS0_8strategyILNS0_11decode_kindE14ELi4ELNS0_14table_locationE1ELNS0_11unpack_kindE0EEEEEvPKNS2_5codecIT_E12storage_typeESE_mNS0_12table_bundleEPd' for 'sm_90'
ptxas info    : Function properties for _ZN3aut17format_strategies14dot_map_reduceINS_7storage8fp8_e4m3ENS0_8strategyILNS0_11decode_kindE14ELi4ELNS0_14table_locationE1ELNS0_11unpack_kindE0EEEEEvPKNS2_5codecIT_E12storage_typeESE_mNS0_12table_bundleEPd
    0 bytes stack frame, 0 bytes spill stores, 0 bytes spill loads
ptxas info    : Used 36 registers, used 1 barriers, 80 bytes smem
ptxas info    : Compile time = 6.209 ms
ptxas info    : Compiling entry function '_ZN3aut17format_strategies14dot_map_reduceINS_7storage8fp8_e4m3ENS0_8strategyILNS0_11decode_kindE1ELi8ELNS0_14table_locationE0ELNS0_11unpack_kindE1EEEEEvPKNS2_5codecIT_E12storage_typeESE_mNS0_12table_bundleEPd' for 'sm_90'
ptxas info    : Function properties for _ZN3aut17format_strategies14dot_map_reduceINS_7storage8fp8_e4m3ENS0_8strategyILNS0_11decode_kindE1ELi8ELNS0_14table_locationE0ELNS0_11unpack_kindE1EEEEEvPKNS2_5codecIT_E12storage_typeESE_mNS0_12table_bundleEPd
    0 bytes stack frame, 0 bytes spill stores, 0 bytes spill loads
ptxas info    : Used 61 registers, used 1 barriers, 80 bytes smem
ptxas info    : Compile time = 16.393 ms
ptxas info    : Compiling entry function '_ZN3aut17format_strategies14dot_map_reduceINS_7storage8fp8_e4m3ENS0_8strategyILNS0_11decode_kindE1ELi4ELNS0_14table_locationE0ELNS0_11unpack_kindE1EEEEEvPKNS2_5codecIT_E12storage_typeESE_mNS0_12table_bundleEPd' for 'sm_90'
ptxas info    : Function properties for _ZN3aut17format_strategies14dot_map_reduceINS_7storage8fp8_e4m3ENS0_8strategyILNS0_11decode_kindE1ELi4ELNS0_14table_locationE0ELNS0_11unpack_kindE1EEEEEvPKNS2_5codecIT_E12storage_typeESE_mNS0_12table_bundleEPd
    0 bytes stack frame, 0 bytes spill stores, 0 bytes spill loads
ptxas info    : Used 40 registers, used 1 barriers, 80 bytes smem
ptxas info    : Compile time = 11.025 ms
ptxas info    : Compiling entry function '_ZN3aut17format_strategies14dot_map_reduceINS_7storage8fp8_e4m3ENS0_8strategyILNS0_11decode_kindE13ELi8ELNS0_14table_locationE0ELNS0_11unpack_kindE0EEEEEvPKNS2_5codecIT_E12storage_typeESE_mNS0_12table_bundleEPd' for 'sm_90'
ptxas info    : Function properties for _ZN3aut17format_strategies14dot_map_reduceINS_7storage8fp8_e4m3ENS0_8strategyILNS0_11decode_kindE13ELi8ELNS0_14table_locationE0ELNS0_11unpack_kindE0EEEEEvPKNS2_5codecIT_E12storage_typeESE_mNS0_12table_bundleEPd
    0 bytes stack frame, 0 bytes spill stores, 0 bytes spill loads
ptxas info    : Used 40 registers, used 1 barriers, 80 bytes smem
ptxas info    : Compile time = 5.918 ms
ptxas info    : Compiling entry function '_ZN3aut17format_strategies14dot_map_reduceINS_7storage8fp8_e4m3ENS0_8strategyILNS0_11decode_kindE13ELi4ELNS0_14table_locationE0ELNS0_11unpack_kindE0EEEEEvPKNS2_5codecIT_E12storage_typeESE_mNS0_12table_bundleEPd' for 'sm_90'
ptxas info    : Function properties for _ZN3aut17format_strategies14dot_map_reduceINS_7storage8fp8_e4m3ENS0_8strategyILNS0_11decode_kindE13ELi4ELNS0_14table_locationE0ELNS0_11unpack_kindE0EEEEEvPKNS2_5codecIT_E12storage_typeESE_mNS0_12table_bundleEPd
    0 bytes stack frame, 0 bytes spill stores, 0 bytes spill loads
ptxas info    : Used 30 registers, used 1 barriers, 80 bytes smem
ptxas info    : Compile time = 4.996 ms
ptxas info    : Compiling entry function '_ZN3aut17format_strategies14dot_map_reduceINS_7storage8fp8_e4m3ENS0_8strategyILNS0_11decode_kindE7ELi8ELNS0_14table_locationE1ELNS0_11unpack_kindE0EEEEEvPKNS2_5codecIT_E12storage_typeESE_mNS0_12table_bundleEPd' for 'sm_90'
ptxas info    : Function properties for _ZN3aut17format_strategies14dot_map_reduceINS_7storage8fp8_e4m3ENS0_8strategyILNS0_11decode_kindE7ELi8ELNS0_14table_locationE1ELNS0_11unpack_kindE0EEEEEvPKNS2_5codecIT_E12storage_typeESE_mNS0_12table_bundleEPd
    0 bytes stack frame, 0 bytes spill stores, 0 bytes spill loads
ptxas info    : Used 44 registers, used 1 barriers, 80 bytes smem
ptxas info    : Compile time = 12.533 ms
ptxas info    : Compiling entry function '_ZN3aut17format_strategies14dot_map_reduceINS_7storage8fp8_e4m3ENS0_8strategyILNS0_11decode_kindE6ELi8ELNS0_14table_locationE1ELNS0_11unpack_kindE0EEEEEvPKNS2_5codecIT_E12storage_typeESE_mNS0_12table_bundleEPd' for 'sm_90'
ptxas info    : Function properties for _ZN3aut17format_strategies14dot_map_reduceINS_7storage8fp8_e4m3ENS0_8strategyILNS0_11decode_kindE6ELi8ELNS0_14table_locationE1ELNS0_11unpack_kindE0EEEEEvPKNS2_5codecIT_E12storage_typeESE_mNS0_12table_bundleEPd
    0 bytes stack frame, 0 bytes spill stores, 0 bytes spill loads
ptxas info    : Used 44 registers, used 1 barriers, 80 bytes smem
ptxas info    : Compile time = 6.813 ms
ptxas info    : Compiling entry function '_ZN3aut17format_strategies14dot_map_reduceINS_7storage8fp8_e4m3ENS0_8strategyILNS0_11decode_kindE6ELi4ELNS0_14table_locationE1ELNS0_11unpack_kindE0EEEEEvPKNS2_5codecIT_E12storage_typeESE_mNS0_12table_bundleEPd' for 'sm_90'
ptxas info    : Function properties for _ZN3aut17format_strategies14dot_map_reduceINS_7storage8fp8_e4m3ENS0_8strategyILNS0_11decode_kindE6ELi4ELNS0_14table_locationE1ELNS0_11unpack_kindE0EEEEEvPKNS2_5codecIT_E12storage_typeESE_mNS0_12table_bundleEPd
    0 bytes stack frame, 0 bytes spill stores, 0 bytes spill loads
ptxas info    : Used 40 registers, used 1 barriers, 80 bytes smem
ptxas info    : Compile time = 5.822 ms
ptxas info    : Compiling entry function '_ZN3aut17format_strategies14dot_map_reduceINS_7storage8fp8_e4m3ENS0_8strategyILNS0_11decode_kindE6ELi8ELNS0_14table_locationE0ELNS0_11unpack_kindE0EEEEEvPKNS2_5codecIT_E12storage_typeESE_mNS0_12table_bundleEPd' for 'sm_90'
ptxas info    : Function properties for _ZN3aut17format_strategies14dot_map_reduceINS_7storage8fp8_e4m3ENS0_8strategyILNS0_11decode_kindE6ELi8ELNS0_14table_locationE0ELNS0_11unpack_kindE0EEEEEvPKNS2_5codecIT_E12storage_typeESE_mNS0_12table_bundleEPd
    0 bytes stack frame, 0 bytes spill stores, 0 bytes spill loads
ptxas info    : Used 42 registers, used 1 barriers, 80 bytes smem
ptxas info    : Compile time = 7.631 ms
ptxas info    : Compiling entry function '_ZN3aut17format_strategies14dot_map_reduceINS_7storage8fp8_e4m3ENS0_8strategyILNS0_11decode_kindE6ELi4ELNS0_14table_locationE0ELNS0_11unpack_kindE0EEEEEvPKNS2_5codecIT_E12storage_typeESE_mNS0_12table_bundleEPd' for 'sm_90'
ptxas info    : Function properties for _ZN3aut17format_strategies14dot_map_reduceINS_7storage8fp8_e4m3ENS0_8strategyILNS0_11decode_kindE6ELi4ELNS0_14table_locationE0ELNS0_11unpack_kindE0EEEEEvPKNS2_5codecIT_E12storage_typeESE_mNS0_12table_bundleEPd
    0 bytes stack frame, 0 bytes spill stores, 0 bytes spill loads
ptxas info    : Used 32 registers, used 1 barriers, 80 bytes smem
ptxas info    : Compile time = 5.490 ms
ptxas info    : Compiling entry function '_ZN3aut17format_strategies14dot_map_reduceINS_7storage8fp8_e4m3ENS0_8strategyILNS0_11decode_kindE6ELi1ELNS0_14table_locationE0ELNS0_11unpack_kindE0EEEEEvPKNS2_5codecIT_E12storage_typeESE_mNS0_12table_bundleEPd' for 'sm_90'
ptxas info    : Function properties for _ZN3aut17format_strategies14dot_map_reduceINS_7storage8fp8_e4m3ENS0_8strategyILNS0_11decode_kindE6ELi1ELNS0_14table_locationE0ELNS0_11unpack_kindE0EEEEEvPKNS2_5codecIT_E12storage_typeESE_mNS0_12table_bundleEPd
    0 bytes stack frame, 0 bytes spill stores, 0 bytes spill loads
ptxas info    : Used 26 registers, used 1 barriers, 80 bytes smem
ptxas info    : Compile time = 4.202 ms
ptxas info    : Compiling entry function '_ZN3aut17format_strategies14dot_map_reduceINS_7storage8fp8_e4m3ENS0_8strategyILNS0_11decode_kindE3ELi8ELNS0_14table_locationE0ELNS0_11unpack_kindE0EEEEEvPKNS2_5codecIT_E12storage_typeESE_mNS0_12table_bundleEPd' for 'sm_90'
ptxas info    : Function properties for _ZN3aut17format_strategies14dot_map_reduceINS_7storage8fp8_e4m3ENS0_8strategyILNS0_11decode_kindE3ELi8ELNS0_14table_locationE0ELNS0_11unpack_kindE0EEEEEvPKNS2_5codecIT_E12storage_typeESE_mNS0_12table_bundleEPd
    0 bytes stack frame, 0 bytes spill stores, 0 bytes spill loads
ptxas info    : Used 56 registers, used 1 barriers, 80 bytes smem
ptxas info    : Compile time = 14.035 ms
ptxas info    : Compiling entry function '_ZN3aut17format_strategies14dot_map_reduceINS_7storage8fp8_e4m3ENS0_8strategyILNS0_11decode_kindE3ELi4ELNS0_14table_locationE0ELNS0_11unpack_kindE0EEEEEvPKNS2_5codecIT_E12storage_typeESE_mNS0_12table_bundleEPd' for 'sm_90'
ptxas info    : Function properties for _ZN3aut17format_strategies14dot_map_reduceINS_7storage8fp8_e4m3ENS0_8strategyILNS0_11decode_kindE3ELi4ELNS0_14table_locationE0ELNS0_11unpack_kindE0EEEEEvPKNS2_5codecIT_E12storage_typeESE_mNS0_12table_bundleEPd
    0 bytes stack frame, 0 bytes spill stores, 0 bytes spill loads
ptxas info    : Used 32 registers, used 1 barriers, 80 bytes smem
ptxas info    : Compile time = 9.575 ms
ptxas info    : Compiling entry function '_ZN3aut17format_strategies14dot_map_reduceINS_7storage8fp8_e4m3ENS0_8strategyILNS0_11decode_kindE3ELi1ELNS0_14table_locationE0ELNS0_11unpack_kindE0EEEEEvPKNS2_5codecIT_E12storage_typeESE_mNS0_12table_bundleEPd' for 'sm_90'
ptxas info    : Function properties for _ZN3aut17format_strategies14dot_map_reduceINS_7storage8fp8_e4m3ENS0_8strategyILNS0_11decode_kindE3ELi1ELNS0_14table_locationE0ELNS0_11unpack_kindE0EEEEEvPKNS2_5codecIT_E12storage_typeESE_mNS0_12table_bundleEPd
    0 bytes stack frame, 0 bytes spill stores, 0 bytes spill loads
ptxas info    : Used 24 registers, used 1 barriers, 80 bytes smem
ptxas info    : Compile time = 6.198 ms
ptxas info    : Compiling entry function '_ZN3aut17format_strategies14dot_map_reduceINS_7storage8fp8_e4m3ENS0_8strategyILNS0_11decode_kindE2ELi8ELNS0_14table_locationE0ELNS0_11unpack_kindE0EEEEEvPKNS2_5codecIT_E12storage_typeESE_mNS0_12table_bundleEPd' for 'sm_90'
ptxas info    : Function properties for _ZN3aut17format_strategies14dot_map_reduceINS_7storage8fp8_e4m3ENS0_8strategyILNS0_11decode_kindE2ELi8ELNS0_14table_locationE0ELNS0_11unpack_kindE0EEEEEvPKNS2_5codecIT_E12storage_typeESE_mNS0_12table_bundleEPd
    0 bytes stack frame, 0 bytes spill stores, 0 bytes spill loads
ptxas info    : Used 38 registers, used 1 barriers, 80 bytes smem
ptxas info    : Compile time = 16.912 ms
ptxas info    : Compiling entry function '_ZN3aut17format_strategies14dot_map_reduceINS_7storage8fp8_e4m3ENS0_8strategyILNS0_11decode_kindE2ELi4ELNS0_14table_locationE0ELNS0_11unpack_kindE0EEEEEvPKNS2_5codecIT_E12storage_typeESE_mNS0_12table_bundleEPd' for 'sm_90'
ptxas info    : Function properties for _ZN3aut17format_strategies14dot_map_reduceINS_7storage8fp8_e4m3ENS0_8strategyILNS0_11decode_kindE2ELi4ELNS0_14table_locationE0ELNS0_11unpack_kindE0EEEEEvPKNS2_5codecIT_E12storage_typeESE_mNS0_12table_bundleEPd
    0 bytes stack frame, 0 bytes spill stores, 0 bytes spill loads
ptxas info    : Used 32 registers, used 1 barriers, 80 bytes smem
ptxas info    : Compile time = 11.098 ms
ptxas info    : Compiling entry function '_ZN3aut17format_strategies14dot_map_reduceINS_7storage8fp8_e4m3ENS0_8strategyILNS0_11decode_kindE2ELi1ELNS0_14table_locationE0ELNS0_11unpack_kindE0EEEEEvPKNS2_5codecIT_E12storage_typeESE_mNS0_12table_bundleEPd' for 'sm_90'
ptxas info    : Function properties for _ZN3aut17format_strategies14dot_map_reduceINS_7storage8fp8_e4m3ENS0_8strategyILNS0_11decode_kindE2ELi1ELNS0_14table_locationE0ELNS0_11unpack_kindE0EEEEEvPKNS2_5codecIT_E12storage_typeESE_mNS0_12table_bundleEPd
    0 bytes stack frame, 0 bytes spill stores, 0 bytes spill loads
ptxas info    : Used 29 registers, used 1 barriers, 80 bytes smem
ptxas info    : Compile time = 6.771 ms
ptxas info    : Compiling entry function '_ZN3aut17format_strategies14dot_map_reduceINS_7storage8fp8_e4m3ENS0_8strategyILNS0_11decode_kindE1ELi8ELNS0_14table_locationE0ELNS0_11unpack_kindE0EEEEEvPKNS2_5codecIT_E12storage_typeESE_mNS0_12table_bundleEPd' for 'sm_90'
ptxas info    : Function properties for _ZN3aut17format_strategies14dot_map_reduceINS_7storage8fp8_e4m3ENS0_8strategyILNS0_11decode_kindE1ELi8ELNS0_14table_locationE0ELNS0_11unpack_kindE0EEEEEvPKNS2_5codecIT_E12storage_typeESE_mNS0_12table_bundleEPd
    0 bytes stack frame, 0 bytes spill stores, 0 bytes spill loads
ptxas info    : Used 61 registers, used 1 barriers, 80 bytes smem
ptxas info    : Compile time = 16.200 ms
ptxas info    : Compiling entry function '_ZN3aut17format_strategies14dot_map_reduceINS_7storage8fp8_e4m3ENS0_8strategyILNS0_11decode_kindE1ELi4ELNS0_14table_locationE0ELNS0_11unpack_kindE0EEEEEvPKNS2_5codecIT_E12storage_typeESE_mNS0_12table_bundleEPd' for 'sm_90'
ptxas info    : Function properties for _ZN3aut17format_strategies14dot_map_reduceINS_7storage8fp8_e4m3ENS0_8strategyILNS0_11decode_kindE1ELi4ELNS0_14table_locationE0ELNS0_11unpack_kindE0EEEEEvPKNS2_5codecIT_E12storage_typeESE_mNS0_12table_bundleEPd
    0 bytes stack frame, 0 bytes spill stores, 0 bytes spill loads
ptxas info    : Used 40 registers, used 1 barriers, 80 bytes smem
ptxas info    : Compile time = 10.931 ms
ptxas info    : Compiling entry function '_ZN3aut17format_strategies14dot_map_reduceINS_7storage8fp8_e4m3ENS0_8strategyILNS0_11decode_kindE1ELi1ELNS0_14table_locationE0ELNS0_11unpack_kindE0EEEEEvPKNS2_5codecIT_E12storage_typeESE_mNS0_12table_bundleEPd' for 'sm_90'
ptxas info    : Function properties for _ZN3aut17format_strategies14dot_map_reduceINS_7storage8fp8_e4m3ENS0_8strategyILNS0_11decode_kindE1ELi1ELNS0_14table_locationE0ELNS0_11unpack_kindE0EEEEEvPKNS2_5codecIT_E12storage_typeESE_mNS0_12table_bundleEPd
    0 bytes stack frame, 0 bytes spill stores, 0 bytes spill loads
ptxas info    : Used 26 registers, used 1 barriers, 80 bytes smem
ptxas info    : Compile time = 6.815 ms
ptxas info    : Compiling entry function '_ZN3aut17format_strategies14dot_map_reduceINS_7storage8fp8_e4m3ENS0_8strategyILNS0_11decode_kindE12ELi8ELNS0_14table_locationE0ELNS0_11unpack_kindE0EEEEEvPKNS2_5codecIT_E12storage_typeESE_mNS0_12table_bundleEPd' for 'sm_90'
ptxas info    : Function properties for _ZN3aut17format_strategies14dot_map_reduceINS_7storage8fp8_e4m3ENS0_8strategyILNS0_11decode_kindE12ELi8ELNS0_14table_locationE0ELNS0_11unpack_kindE0EEEEEvPKNS2_5codecIT_E12storage_typeESE_mNS0_12table_bundleEPd
    0 bytes stack frame, 0 bytes spill stores, 0 bytes spill loads
ptxas info    : Used 40 registers, used 1 barriers, 80 bytes smem
ptxas info    : Compile time = 5.696 ms
ptxas info    : Compiling entry function '_ZN3aut17format_strategies14dot_map_reduceINS_7storage8fp8_e4m3ENS0_8strategyILNS0_11decode_kindE12ELi4ELNS0_14table_locationE0ELNS0_11unpack_kindE0EEEEEvPKNS2_5codecIT_E12storage_typeESE_mNS0_12table_bundleEPd' for 'sm_90'
ptxas info    : Function properties for _ZN3aut17format_strategies14dot_map_reduceINS_7storage8fp8_e4m3ENS0_8strategyILNS0_11decode_kindE12ELi4ELNS0_14table_locationE0ELNS0_11unpack_kindE0EEEEEvPKNS2_5codecIT_E12storage_typeESE_mNS0_12table_bundleEPd
    0 bytes stack frame, 0 bytes spill stores, 0 bytes spill loads
ptxas info    : Used 32 registers, used 1 barriers, 80 bytes smem
ptxas info    : Compile time = 4.977 ms
ptxas info    : Compiling entry function '_ZN3aut17format_strategies14dot_map_reduceINS_7storage8fp8_e4m3ENS0_8strategyILNS0_11decode_kindE12ELi2ELNS0_14table_locationE0ELNS0_11unpack_kindE0EEEEEvPKNS2_5codecIT_E12storage_typeESE_mNS0_12table_bundleEPd' for 'sm_90'
ptxas info    : Function properties for _ZN3aut17format_strategies14dot_map_reduceINS_7storage8fp8_e4m3ENS0_8strategyILNS0_11decode_kindE12ELi2ELNS0_14table_locationE0ELNS0_11unpack_kindE0EEEEEvPKNS2_5codecIT_E12storage_typeESE_mNS0_12table_bundleEPd
    0 bytes stack frame, 0 bytes spill stores, 0 bytes spill loads
ptxas info    : Used 26 registers, used 1 barriers, 80 bytes smem
ptxas info    : Compile time = 4.483 ms
ptxas info    : Compiling entry function '_ZN3aut17format_strategies14dot_map_reduceINS_7storage8fp8_e4m3ENS0_8strategyILNS0_11decode_kindE11ELi8ELNS0_14table_locationE0ELNS0_11unpack_kindE0EEEEEvPKNS2_5codecIT_E12storage_typeESE_mNS0_12table_bundleEPd' for 'sm_90'
ptxas info    : Function properties for _ZN3aut17format_strategies14dot_map_reduceINS_7storage8fp8_e4m3ENS0_8strategyILNS0_11decode_kindE11ELi8ELNS0_14table_locationE0ELNS0_11unpack_kindE0EEEEEvPKNS2_5codecIT_E12storage_typeESE_mNS0_12table_bundleEPd
    0 bytes stack frame, 0 bytes spill stores, 0 bytes spill loads
ptxas info    : Used 40 registers, used 1 barriers, 80 bytes smem
ptxas info    : Compile time = 5.660 ms
ptxas info    : Compiling entry function '_ZN3aut17format_strategies14dot_map_reduceINS_7storage8fp8_e4m3ENS0_8strategyILNS0_11decode_kindE11ELi4ELNS0_14table_locationE0ELNS0_11unpack_kindE0EEEEEvPKNS2_5codecIT_E12storage_typeESE_mNS0_12table_bundleEPd' for 'sm_90'
ptxas info    : Function properties for _ZN3aut17format_strategies14dot_map_reduceINS_7storage8fp8_e4m3ENS0_8strategyILNS0_11decode_kindE11ELi4ELNS0_14table_locationE0ELNS0_11unpack_kindE0EEEEEvPKNS2_5codecIT_E12storage_typeESE_mNS0_12table_bundleEPd
    0 bytes stack frame, 0 bytes spill stores, 0 bytes spill loads
ptxas info    : Used 32 registers, used 1 barriers, 80 bytes smem
ptxas info    : Compile time = 4.968 ms
ptxas info    : Compiling entry function '_ZN3aut17format_strategies14dot_map_reduceINS_7storage8fp8_e4m3ENS0_8strategyILNS0_11decode_kindE11ELi2ELNS0_14table_locationE0ELNS0_11unpack_kindE0EEEEEvPKNS2_5codecIT_E12storage_typeESE_mNS0_12table_bundleEPd' for 'sm_90'
ptxas info    : Function properties for _ZN3aut17format_strategies14dot_map_reduceINS_7storage8fp8_e4m3ENS0_8strategyILNS0_11decode_kindE11ELi2ELNS0_14table_locationE0ELNS0_11unpack_kindE0EEEEEvPKNS2_5codecIT_E12storage_typeESE_mNS0_12table_bundleEPd
    0 bytes stack frame, 0 bytes spill stores, 0 bytes spill loads
ptxas info    : Used 26 registers, used 1 barriers, 80 bytes smem
ptxas info    : Compile time = 4.479 ms
ptxas info    : Compiling entry function '_ZN3aut17format_strategies14dot_map_reduceINS_7storage8fp8_e4m3ENS0_8strategyILNS0_11decode_kindE10ELi1ELNS0_14table_locationE0ELNS0_11unpack_kindE0EEEEEvPKNS2_5codecIT_E12storage_typeESE_mNS0_12table_bundleEPd' for 'sm_90'
ptxas info    : Function properties for _ZN3aut17format_strategies14dot_map_reduceINS_7storage8fp8_e4m3ENS0_8strategyILNS0_11decode_kindE10ELi1ELNS0_14table_locationE0ELNS0_11unpack_kindE0EEEEEvPKNS2_5codecIT_E12storage_typeESE_mNS0_12table_bundleEPd
    0 bytes stack frame, 0 bytes spill stores, 0 bytes spill loads
ptxas info    : Used 26 registers, used 1 barriers, 80 bytes smem
ptxas info    : Compile time = 4.157 ms
ptxas info    : Compiling entry function '_ZN3aut17format_strategies14dot_map_reduceINS_7storage8fp8_e4m3ENS0_8strategyILNS0_11decode_kindE9ELi1ELNS0_14table_locationE0ELNS0_11unpack_kindE0EEEEEvPKNS2_5codecIT_E12storage_typeESE_mNS0_12table_bundleEPd' for 'sm_90'
ptxas info    : Function properties for _ZN3aut17format_strategies14dot_map_reduceINS_7storage8fp8_e4m3ENS0_8strategyILNS0_11decode_kindE9ELi1ELNS0_14table_locationE0ELNS0_11unpack_kindE0EEEEEvPKNS2_5codecIT_E12storage_typeESE_mNS0_12table_bundleEPd
    0 bytes stack frame, 0 bytes spill stores, 0 bytes spill loads
ptxas info    : Used 26 registers, used 1 barriers, 80 bytes smem
ptxas info    : Compile time = 4.152 ms
ptxas info    : Compiling entry function '_ZN3aut17format_strategies14dot_map_reduceINS_7storage8fp8_e4m3ENS0_8strategyILNS0_11decode_kindE0ELi1ELNS0_14table_locationE0ELNS0_11unpack_kindE0EEEEEvPKNS2_5codecIT_E12storage_typeESE_mNS0_12table_bundleEPd' for 'sm_90'
ptxas info    : Function properties for _ZN3aut17format_strategies14dot_map_reduceINS_7storage8fp8_e4m3ENS0_8strategyILNS0_11decode_kindE0ELi1ELNS0_14table_locationE0ELNS0_11unpack_kindE0EEEEEvPKNS2_5codecIT_E12storage_typeESE_mNS0_12table_bundleEPd
    0 bytes stack frame, 0 bytes spill stores, 0 bytes spill loads
ptxas info    : Used 26 registers, used 1 barriers, 80 bytes smem
ptxas info    : Compile time = 4.213 ms
ptxas info    : Compiling entry function '_ZN3aut17format_strategies4gemvINS_7storage4e1m6ENS0_8strategyILNS0_11decode_kindE14ELi8ELNS0_14table_locationE1ELNS0_11unpack_kindE0EEEEEvPKNS2_5codecIT_E12storage_typeESE_mmmNS0_12table_bundleEPd' for 'sm_90'
ptxas info    : Function properties for _ZN3aut17format_strategies4gemvINS_7storage4e1m6ENS0_8strategyILNS0_11decode_kindE14ELi8ELNS0_14table_locationE1ELNS0_11unpack_kindE0EEEEEvPKNS2_5codecIT_E12storage_typeESE_mmmNS0_12table_bundleEPd
    0 bytes stack frame, 0 bytes spill stores, 0 bytes spill loads
ptxas info    : Used 44 registers, used 1 barriers, 80 bytes smem
ptxas info    : Compile time = 7.442 ms
ptxas info    : Compiling entry function '_ZN3aut17format_strategies4gemvINS_7storage4e1m6ENS0_8strategyILNS0_11decode_kindE14ELi4ELNS0_14table_locationE1ELNS0_11unpack_kindE0EEEEEvPKNS2_5codecIT_E12storage_typeESE_mmmNS0_12table_bundleEPd' for 'sm_90'
ptxas info    : Function properties for _ZN3aut17format_strategies4gemvINS_7storage4e1m6ENS0_8strategyILNS0_11decode_kindE14ELi4ELNS0_14table_locationE1ELNS0_11unpack_kindE0EEEEEvPKNS2_5codecIT_E12storage_typeESE_mmmNS0_12table_bundleEPd
    0 bytes stack frame, 0 bytes spill stores, 0 bytes spill loads
ptxas info    : Used 34 registers, used 1 barriers, 80 bytes smem
ptxas info    : Compile time = 6.338 ms
ptxas info    : Compiling entry function '_ZN3aut17format_strategies4gemvINS_7storage4e1m6ENS0_8strategyILNS0_11decode_kindE1ELi8ELNS0_14table_locationE0ELNS0_11unpack_kindE1EEEEEvPKNS2_5codecIT_E12storage_typeESE_mmmNS0_12table_bundleEPd' for 'sm_90'
ptxas info    : Function properties for _ZN3aut17format_strategies4gemvINS_7storage4e1m6ENS0_8strategyILNS0_11decode_kindE1ELi8ELNS0_14table_locationE0ELNS0_11unpack_kindE1EEEEEvPKNS2_5codecIT_E12storage_typeESE_mmmNS0_12table_bundleEPd
    0 bytes stack frame, 0 bytes spill stores, 0 bytes spill loads
ptxas info    : Used 61 registers, used 1 barriers, 80 bytes smem
ptxas info    : Compile time = 16.194 ms
ptxas info    : Compiling entry function '_ZN3aut17format_strategies4gemvINS_7storage4e1m6ENS0_8strategyILNS0_11decode_kindE1ELi4ELNS0_14table_locationE0ELNS0_11unpack_kindE1EEEEEvPKNS2_5codecIT_E12storage_typeESE_mmmNS0_12table_bundleEPd' for 'sm_90'
ptxas info    : Function properties for _ZN3aut17format_strategies4gemvINS_7storage4e1m6ENS0_8strategyILNS0_11decode_kindE1ELi4ELNS0_14table_locationE0ELNS0_11unpack_kindE1EEEEEvPKNS2_5codecIT_E12storage_typeESE_mmmNS0_12table_bundleEPd
    0 bytes stack frame, 0 bytes spill stores, 0 bytes spill loads
ptxas info    : Used 38 registers, used 1 barriers, 80 bytes smem
ptxas info    : Compile time = 10.629 ms
ptxas info    : Compiling entry function '_ZN3aut17format_strategies4gemvINS_7storage4e1m6ENS0_8strategyILNS0_11decode_kindE13ELi8ELNS0_14table_locationE0ELNS0_11unpack_kindE0EEEEEvPKNS2_5codecIT_E12storage_typeESE_mmmNS0_12table_bundleEPd' for 'sm_90'
ptxas info    : Function properties for _ZN3aut17format_strategies4gemvINS_7storage4e1m6ENS0_8strategyILNS0_11decode_kindE13ELi8ELNS0_14table_locationE0ELNS0_11unpack_kindE0EEEEEvPKNS2_5codecIT_E12storage_typeESE_mmmNS0_12table_bundleEPd
    0 bytes stack frame, 0 bytes spill stores, 0 bytes spill loads
ptxas info    : Used 40 registers, used 1 barriers, 80 bytes smem
ptxas info    : Compile time = 5.815 ms
ptxas info    : Compiling entry function '_ZN3aut17format_strategies4gemvINS_7storage4e1m6ENS0_8strategyILNS0_11decode_kindE13ELi4ELNS0_14table_locationE0ELNS0_11unpack_kindE0EEEEEvPKNS2_5codecIT_E12storage_typeESE_mmmNS0_12table_bundleEPd' for 'sm_90'
ptxas info    : Function properties for _ZN3aut17format_strategies4gemvINS_7storage4e1m6ENS0_8strategyILNS0_11decode_kindE13ELi4ELNS0_14table_locationE0ELNS0_11unpack_kindE0EEEEEvPKNS2_5codecIT_E12storage_typeESE_mmmNS0_12table_bundleEPd
    0 bytes stack frame, 0 bytes spill stores, 0 bytes spill loads
ptxas info    : Used 28 registers, used 1 barriers, 80 bytes smem
ptxas info    : Compile time = 5.092 ms
ptxas info    : Compiling entry function '_ZN3aut17format_strategies4gemvINS_7storage4e1m6ENS0_8strategyILNS0_11decode_kindE7ELi8ELNS0_14table_locationE1ELNS0_11unpack_kindE0EEEEEvPKNS2_5codecIT_E12storage_typeESE_mmmNS0_12table_bundleEPd' for 'sm_90'
ptxas info    : Function properties for _ZN3aut17format_strategies4gemvINS_7storage4e1m6ENS0_8strategyILNS0_11decode_kindE7ELi8ELNS0_14table_locationE1ELNS0_11unpack_kindE0EEEEEvPKNS2_5codecIT_E12storage_typeESE_mmmNS0_12table_bundleEPd
    0 bytes stack frame, 0 bytes spill stores, 0 bytes spill loads
ptxas info    : Used 40 registers, used 1 barriers, 80 bytes smem
ptxas info    : Compile time = 11.430 ms
ptxas info    : Compiling entry function '_ZN3aut17format_strategies4gemvINS_7storage4e1m6ENS0_8strategyILNS0_11decode_kindE7ELi4ELNS0_14table_locationE0ELNS0_11unpack_kindE0EEEEEvPKNS2_5codecIT_E12storage_typeESE_mmmNS0_12table_bundleEPd' for 'sm_90'
ptxas info    : Function properties for _ZN3aut17format_strategies4gemvINS_7storage4e1m6ENS0_8strategyILNS0_11decode_kindE7ELi4ELNS0_14table_locationE0ELNS0_11unpack_kindE0EEEEEvPKNS2_5codecIT_E12storage_typeESE_mmmNS0_12table_bundleEPd
    0 bytes stack frame, 0 bytes spill stores, 0 bytes spill loads
ptxas info    : Used 32 registers, used 1 barriers, 80 bytes smem
ptxas info    : Compile time = 7.428 ms
ptxas info    : Compiling entry function '_ZN3aut17format_strategies4gemvINS_7storage4e1m6ENS0_8strategyILNS0_11decode_kindE6ELi8ELNS0_14table_locationE1ELNS0_11unpack_kindE0EEEEEvPKNS2_5codecIT_E12storage_typeESE_mmmNS0_12table_bundleEPd' for 'sm_90'
ptxas info    : Function properties for _ZN3aut17format_strategies4gemvINS_7storage4e1m6ENS0_8strategyILNS0_11decode_kindE6ELi8ELNS0_14table_locationE1ELNS0_11unpack_kindE0EEEEEvPKNS2_5codecIT_E12storage_typeESE_mmmNS0_12table_bundleEPd
    0 bytes stack frame, 0 bytes spill stores, 0 bytes spill loads
ptxas info    : Used 36 registers, used 1 barriers, 80 bytes smem
ptxas info    : Compile time = 6.905 ms
ptxas info    : Compiling entry function '_ZN3aut17format_strategies4gemvINS_7storage4e1m6ENS0_8strategyILNS0_11decode_kindE6ELi4ELNS0_14table_locationE1ELNS0_11unpack_kindE0EEEEEvPKNS2_5codecIT_E12storage_typeESE_mmmNS0_12table_bundleEPd' for 'sm_90'
ptxas info    : Function properties for _ZN3aut17format_strategies4gemvINS_7storage4e1m6ENS0_8strategyILNS0_11decode_kindE6ELi4ELNS0_14table_locationE1ELNS0_11unpack_kindE0EEEEEvPKNS2_5codecIT_E12storage_typeESE_mmmNS0_12table_bundleEPd
    0 bytes stack frame, 0 bytes spill stores, 0 bytes spill loads
ptxas info    : Used 32 registers, used 1 barriers, 80 bytes smem
ptxas info    : Compile time = 5.939 ms
ptxas info    : Compiling entry function '_ZN3aut17format_strategies4gemvINS_7storage4e1m6ENS0_8strategyILNS0_11decode_kindE6ELi8ELNS0_14table_locationE0ELNS0_11unpack_kindE0EEEEEvPKNS2_5codecIT_E12storage_typeESE_mmmNS0_12table_bundleEPd' for 'sm_90'
ptxas info    : Function properties for _ZN3aut17format_strategies4gemvINS_7storage4e1m6ENS0_8strategyILNS0_11decode_kindE6ELi8ELNS0_14table_locationE0ELNS0_11unpack_kindE0EEEEEvPKNS2_5codecIT_E12storage_typeESE_mmmNS0_12table_bundleEPd
    0 bytes stack frame, 0 bytes spill stores, 0 bytes spill loads
ptxas info    : Used 36 registers, used 1 barriers, 80 bytes smem
ptxas info    : Compile time = 6.731 ms
ptxas info    : Compiling entry function '_ZN3aut17format_strategies4gemvINS_7storage4e1m6ENS0_8strategyILNS0_11decode_kindE6ELi4ELNS0_14table_locationE0ELNS0_11unpack_kindE0EEEEEvPKNS2_5codecIT_E12storage_typeESE_mmmNS0_12table_bundleEPd' for 'sm_90'
ptxas info    : Function properties for _ZN3aut17format_strategies4gemvINS_7storage4e1m6ENS0_8strategyILNS0_11decode_kindE6ELi4ELNS0_14table_locationE0ELNS0_11unpack_kindE0EEEEEvPKNS2_5codecIT_E12storage_typeESE_mmmNS0_12table_bundleEPd
    0 bytes stack frame, 0 bytes spill stores, 0 bytes spill loads
ptxas info    : Used 32 registers, used 1 barriers, 80 bytes smem
ptxas info    : Compile time = 5.504 ms
ptxas info    : Compiling entry function '_ZN3aut17format_strategies4gemvINS_7storage4e1m6ENS0_8strategyILNS0_11decode_kindE6ELi1ELNS0_14table_locationE0ELNS0_11unpack_kindE0EEEEEvPKNS2_5codecIT_E12storage_typeESE_mmmNS0_12table_bundleEPd' for 'sm_90'
ptxas info    : Function properties for _ZN3aut17format_strategies4gemvINS_7storage4e1m6ENS0_8strategyILNS0_11decode_kindE6ELi1ELNS0_14table_locationE0ELNS0_11unpack_kindE0EEEEEvPKNS2_5codecIT_E12storage_typeESE_mmmNS0_12table_bundleEPd
    0 bytes stack frame, 0 bytes spill stores, 0 bytes spill loads
ptxas info    : Used 24 registers, used 1 barriers, 80 bytes smem
ptxas info    : Compile time = 4.291 ms
ptxas info    : Compiling entry function '_ZN3aut17format_strategies4gemvINS_7storage4e1m6ENS0_8strategyILNS0_11decode_kindE4ELi8ELNS0_14table_locationE0ELNS0_11unpack_kindE0EEEEEvPKNS2_5codecIT_E12storage_typeESE_mmmNS0_12table_bundleEPd' for 'sm_90'
ptxas info    : Function properties for _ZN3aut17format_strategies4gemvINS_7storage4e1m6ENS0_8strategyILNS0_11decode_kindE4ELi8ELNS0_14table_locationE0ELNS0_11unpack_kindE0EEEEEvPKNS2_5codecIT_E12storage_typeESE_mmmNS0_12table_bundleEPd
    0 bytes stack frame, 0 bytes spill stores, 0 bytes spill loads
ptxas info    : Used 39 registers, used 1 barriers, 80 bytes smem
ptxas info    : Compile time = 7.235 ms
ptxas info    : Compiling entry function '_ZN3aut17format_strategies4gemvINS_7storage4e1m6ENS0_8strategyILNS0_11decode_kindE4ELi4ELNS0_14table_locationE0ELNS0_11unpack_kindE0EEEEEvPKNS2_5codecIT_E12storage_typeESE_mmmNS0_12table_bundleEPd' for 'sm_90'
ptxas info    : Function properties for _ZN3aut17format_strategies4gemvINS_7storage4e1m6ENS0_8strategyILNS0_11decode_kindE4ELi4ELNS0_14table_locationE0ELNS0_11unpack_kindE0EEEEEvPKNS2_5codecIT_E12storage_typeESE_mmmNS0_12table_bundleEPd
    0 bytes stack frame, 0 bytes spill stores, 0 bytes spill loads
ptxas info    : Used 31 registers, used 1 barriers, 80 bytes smem
ptxas info    : Compile time = 5.801 ms
ptxas info    : Compiling entry function '_ZN3aut17format_strategies4gemvINS_7storage4e1m6ENS0_8strategyILNS0_11decode_kindE4ELi1ELNS0_14table_locationE0ELNS0_11unpack_kindE0EEEEEvPKNS2_5codecIT_E12storage_typeESE_mmmNS0_12table_bundleEPd' for 'sm_90'
ptxas info    : Function properties for _ZN3aut17format_strategies4gemvINS_7storage4e1m6ENS0_8strategyILNS0_11decode_kindE4ELi1ELNS0_14table_locationE0ELNS0_11unpack_kindE0EEEEEvPKNS2_5codecIT_E12storage_typeESE_mmmNS0_12table_bundleEPd
    0 bytes stack frame, 0 bytes spill stores, 0 bytes spill loads
ptxas info    : Used 27 registers, used 1 barriers, 80 bytes smem
ptxas info    : Compile time = 4.502 ms
ptxas info    : Compiling entry function '_ZN3aut17format_strategies4gemvINS_7storage4e1m6ENS0_8strategyILNS0_11decode_kindE3ELi8ELNS0_14table_locationE0ELNS0_11unpack_kindE0EEEEEvPKNS2_5codecIT_E12storage_typeESE_mmmNS0_12table_bundleEPd' for 'sm_90'
ptxas info    : Function properties for _ZN3aut17format_strategies4gemvINS_7storage4e1m6ENS0_8strategyILNS0_11decode_kindE3ELi8ELNS0_14table_locationE0ELNS0_11unpack_kindE0EEEEEvPKNS2_5codecIT_E12storage_typeESE_mmmNS0_12table_bundleEPd
    0 bytes stack frame, 0 bytes spill stores, 0 bytes spill loads
ptxas info    : Used 48 registers, used 1 barriers, 80 bytes smem
ptxas info    : Compile time = 12.910 ms
ptxas info    : Compiling entry function '_ZN3aut17format_strategies4gemvINS_7storage4e1m6ENS0_8strategyILNS0_11decode_kindE3ELi4ELNS0_14table_locationE0ELNS0_11unpack_kindE0EEEEEvPKNS2_5codecIT_E12storage_typeESE_mmmNS0_12table_bundleEPd' for 'sm_90'
ptxas info    : Function properties for _ZN3aut17format_strategies4gemvINS_7storage4e1m6ENS0_8strategyILNS0_11decode_kindE3ELi4ELNS0_14table_locationE0ELNS0_11unpack_kindE0EEEEEvPKNS2_5codecIT_E12storage_typeESE_mmmNS0_12table_bundleEPd
    0 bytes stack frame, 0 bytes spill stores, 0 bytes spill loads
ptxas info    : Used 31 registers, used 1 barriers, 80 bytes smem
ptxas info    : Compile time = 8.829 ms
ptxas info    : Compiling entry function '_ZN3aut17format_strategies4gemvINS_7storage4e1m6ENS0_8strategyILNS0_11decode_kindE3ELi1ELNS0_14table_locationE0ELNS0_11unpack_kindE0EEEEEvPKNS2_5codecIT_E12storage_typeESE_mmmNS0_12table_bundleEPd' for 'sm_90'
ptxas info    : Function properties for _ZN3aut17format_strategies4gemvINS_7storage4e1m6ENS0_8strategyILNS0_11decode_kindE3ELi1ELNS0_14table_locationE0ELNS0_11unpack_kindE0EEEEEvPKNS2_5codecIT_E12storage_typeESE_mmmNS0_12table_bundleEPd
    0 bytes stack frame, 0 bytes spill stores, 0 bytes spill loads
ptxas info    : Used 20 registers, used 1 barriers, 80 bytes smem
ptxas info    : Compile time = 6.022 ms
ptxas info    : Compiling entry function '_ZN3aut17format_strategies4gemvINS_7storage4e1m6ENS0_8strategyILNS0_11decode_kindE2ELi8ELNS0_14table_locationE0ELNS0_11unpack_kindE0EEEEEvPKNS2_5codecIT_E12storage_typeESE_mmmNS0_12table_bundleEPd' for 'sm_90'
ptxas info    : Function properties for _ZN3aut17format_strategies4gemvINS_7storage4e1m6ENS0_8strategyILNS0_11decode_kindE2ELi8ELNS0_14table_locationE0ELNS0_11unpack_kindE0EEEEEvPKNS2_5codecIT_E12storage_typeESE_mmmNS0_12table_bundleEPd
    0 bytes stack frame, 0 bytes spill stores, 0 bytes spill loads
ptxas info    : Used 40 registers, used 1 barriers, 80 bytes smem
ptxas info    : Compile time = 16.331 ms
ptxas info    : Compiling entry function '_ZN3aut17format_strategies4gemvINS_7storage4e1m6ENS0_8strategyILNS0_11decode_kindE2ELi4ELNS0_14table_locationE0ELNS0_11unpack_kindE0EEEEEvPKNS2_5codecIT_E12storage_typeESE_mmmNS0_12table_bundleEPd' for 'sm_90'
ptxas info    : Function properties for _ZN3aut17format_strategies4gemvINS_7storage4e1m6ENS0_8strategyILNS0_11decode_kindE2ELi4ELNS0_14table_locationE0ELNS0_11unpack_kindE0EEEEEvPKNS2_5codecIT_E12storage_typeESE_mmmNS0_12table_bundleEPd
    0 bytes stack frame, 0 bytes spill stores, 0 bytes spill loads
ptxas info    : Used 31 registers, used 1 barriers, 80 bytes smem
ptxas info    : Compile time = 10.719 ms
ptxas info    : Compiling entry function '_ZN3aut17format_strategies4gemvINS_7storage4e1m6ENS0_8strategyILNS0_11decode_kindE2ELi1ELNS0_14table_locationE0ELNS0_11unpack_kindE0EEEEEvPKNS2_5codecIT_E12storage_typeESE_mmmNS0_12table_bundleEPd' for 'sm_90'
ptxas info    : Function properties for _ZN3aut17format_strategies4gemvINS_7storage4e1m6ENS0_8strategyILNS0_11decode_kindE2ELi1ELNS0_14table_locationE0ELNS0_11unpack_kindE0EEEEEvPKNS2_5codecIT_E12storage_typeESE_mmmNS0_12table_bundleEPd
    0 bytes stack frame, 0 bytes spill stores, 0 bytes spill loads
ptxas info    : Used 26 registers, used 1 barriers, 80 bytes smem
ptxas info    : Compile time = 6.713 ms
ptxas info    : Compiling entry function '_ZN3aut17format_strategies4gemvINS_7storage4e1m6ENS0_8strategyILNS0_11decode_kindE1ELi8ELNS0_14table_locationE0ELNS0_11unpack_kindE0EEEEEvPKNS2_5codecIT_E12storage_typeESE_mmmNS0_12table_bundleEPd' for 'sm_90'
ptxas info    : Function properties for _ZN3aut17format_strategies4gemvINS_7storage4e1m6ENS0_8strategyILNS0_11decode_kindE1ELi8ELNS0_14table_locationE0ELNS0_11unpack_kindE0EEEEEvPKNS2_5codecIT_E12storage_typeESE_mmmNS0_12table_bundleEPd
    0 bytes stack frame, 0 bytes spill stores, 0 bytes spill loads
ptxas info    : Used 61 registers, used 1 barriers, 80 bytes smem
ptxas info    : Compile time = 15.904 ms
ptxas info    : Compiling entry function '_ZN3aut17format_strategies4gemvINS_7storage4e1m6ENS0_8strategyILNS0_11decode_kindE1ELi4ELNS0_14table_locationE0ELNS0_11unpack_kindE0EEEEEvPKNS2_5codecIT_E12storage_typeESE_mmmNS0_12table_bundleEPd' for 'sm_90'
ptxas info    : Function properties for _ZN3aut17format_strategies4gemvINS_7storage4e1m6ENS0_8strategyILNS0_11decode_kindE1ELi4ELNS0_14table_locationE0ELNS0_11unpack_kindE0EEEEEvPKNS2_5codecIT_E12storage_typeESE_mmmNS0_12table_bundleEPd
    0 bytes stack frame, 0 bytes spill stores, 0 bytes spill loads
ptxas info    : Used 38 registers, used 1 barriers, 80 bytes smem
ptxas info    : Compile time = 10.471 ms
ptxas info    : Compiling entry function '_ZN3aut17format_strategies4gemvINS_7storage4e1m6ENS0_8strategyILNS0_11decode_kindE1ELi1ELNS0_14table_locationE0ELNS0_11unpack_kindE0EEEEEvPKNS2_5codecIT_E12storage_typeESE_mmmNS0_12table_bundleEPd' for 'sm_90'
ptxas info    : Function properties for _ZN3aut17format_strategies4gemvINS_7storage4e1m6ENS0_8strategyILNS0_11decode_kindE1ELi1ELNS0_14table_locationE0ELNS0_11unpack_kindE0EEEEEvPKNS2_5codecIT_E12storage_typeESE_mmmNS0_12table_bundleEPd
    0 bytes stack frame, 0 bytes spill stores, 0 bytes spill loads
ptxas info    : Used 21 registers, used 1 barriers, 80 bytes smem
ptxas info    : Compile time = 6.802 ms
ptxas info    : Compiling entry function '_ZN3aut17format_strategies4gemvINS_7storage4e1m6ENS0_8strategyILNS0_11decode_kindE0ELi8ELNS0_14table_locationE0ELNS0_11unpack_kindE0EEEEEvPKNS2_5codecIT_E12storage_typeESE_mmmNS0_12table_bundleEPd' for 'sm_90'
ptxas info    : Function properties for _ZN3aut17format_strategies4gemvINS_7storage4e1m6ENS0_8strategyILNS0_11decode_kindE0ELi8ELNS0_14table_locationE0ELNS0_11unpack_kindE0EEEEEvPKNS2_5codecIT_E12storage_typeESE_mmmNS0_12table_bundleEPd
    0 bytes stack frame, 0 bytes spill stores, 0 bytes spill loads
ptxas info    : Used 64 registers, used 1 barriers, 80 bytes smem
ptxas info    : Compile time = 16.757 ms
ptxas info    : Compiling entry function '_ZN3aut17format_strategies4gemvINS_7storage4e1m6ENS0_8strategyILNS0_11decode_kindE0ELi4ELNS0_14table_locationE0ELNS0_11unpack_kindE0EEEEEvPKNS2_5codecIT_E12storage_typeESE_mmmNS0_12table_bundleEPd' for 'sm_90'
ptxas info    : Function properties for _ZN3aut17format_strategies4gemvINS_7storage4e1m6ENS0_8strategyILNS0_11decode_kindE0ELi4ELNS0_14table_locationE0ELNS0_11unpack_kindE0EEEEEvPKNS2_5codecIT_E12storage_typeESE_mmmNS0_12table_bundleEPd
    0 bytes stack frame, 0 bytes spill stores, 0 bytes spill loads
ptxas info    : Used 39 registers, used 1 barriers, 80 bytes smem
ptxas info    : Compile time = 10.960 ms
ptxas info    : Compiling entry function '_ZN3aut17format_strategies4gemvINS_7storage4e1m6ENS0_8strategyILNS0_11decode_kindE0ELi1ELNS0_14table_locationE0ELNS0_11unpack_kindE0EEEEEvPKNS2_5codecIT_E12storage_typeESE_mmmNS0_12table_bundleEPd' for 'sm_90'
ptxas info    : Function properties for _ZN3aut17format_strategies4gemvINS_7storage4e1m6ENS0_8strategyILNS0_11decode_kindE0ELi1ELNS0_14table_locationE0ELNS0_11unpack_kindE0EEEEEvPKNS2_5codecIT_E12storage_typeESE_mmmNS0_12table_bundleEPd
    0 bytes stack frame, 0 bytes spill stores, 0 bytes spill loads
ptxas info    : Used 26 registers, used 1 barriers, 80 bytes smem
ptxas info    : Compile time = 6.805 ms
ptxas info    : Compiling entry function '_ZN3aut17format_strategies14dot_map_reduceINS_7storage4e1m6ENS0_8strategyILNS0_11decode_kindE14ELi8ELNS0_14table_locationE1ELNS0_11unpack_kindE0EEEEEvPKNS2_5codecIT_E12storage_typeESE_mNS0_12table_bundleEPd' for 'sm_90'
ptxas info    : Function properties for _ZN3aut17format_strategies14dot_map_reduceINS_7storage4e1m6ENS0_8strategyILNS0_11decode_kindE14ELi8ELNS0_14table_locationE1ELNS0_11unpack_kindE0EEEEEvPKNS2_5codecIT_E12storage_typeESE_mNS0_12table_bundleEPd
    0 bytes stack frame, 0 bytes spill stores, 0 bytes spill loads
ptxas info    : Used 44 registers, used 1 barriers, 80 bytes smem
ptxas info    : Compile time = 7.305 ms
ptxas info    : Compiling entry function '_ZN3aut17format_strategies14dot_map_reduceINS_7storage4e1m6ENS0_8strategyILNS0_11decode_kindE14ELi4ELNS0_14table_locationE1ELNS0_11unpack_kindE0EEEEEvPKNS2_5codecIT_E12storage_typeESE_mNS0_12table_bundleEPd' for 'sm_90'
ptxas info    : Function properties for _ZN3aut17format_strategies14dot_map_reduceINS_7storage4e1m6ENS0_8strategyILNS0_11decode_kindE14ELi4ELNS0_14table_locationE1ELNS0_11unpack_kindE0EEEEEvPKNS2_5codecIT_E12storage_typeESE_mNS0_12table_bundleEPd
    0 bytes stack frame, 0 bytes spill stores, 0 bytes spill loads
ptxas info    : Used 36 registers, used 1 barriers, 80 bytes smem
ptxas info    : Compile time = 6.234 ms
ptxas info    : Compiling entry function '_ZN3aut17format_strategies14dot_map_reduceINS_7storage4e1m6ENS0_8strategyILNS0_11decode_kindE1ELi8ELNS0_14table_locationE0ELNS0_11unpack_kindE1EEEEEvPKNS2_5codecIT_E12storage_typeESE_mNS0_12table_bundleEPd' for 'sm_90'
ptxas info    : Function properties for _ZN3aut17format_strategies14dot_map_reduceINS_7storage4e1m6ENS0_8strategyILNS0_11decode_kindE1ELi8ELNS0_14table_locationE0ELNS0_11unpack_kindE1EEEEEvPKNS2_5codecIT_E12storage_typeESE_mNS0_12table_bundleEPd
    0 bytes stack frame, 0 bytes spill stores, 0 bytes spill loads
ptxas info    : Used 62 registers, used 1 barriers, 80 bytes smem
ptxas info    : Compile time = 15.448 ms
ptxas info    : Compiling entry function '_ZN3aut17format_strategies14dot_map_reduceINS_7storage4e1m6ENS0_8strategyILNS0_11decode_kindE1ELi4ELNS0_14table_locationE0ELNS0_11unpack_kindE1EEEEEvPKNS2_5codecIT_E12storage_typeESE_mNS0_12table_bundleEPd' for 'sm_90'
ptxas info    : Function properties for _ZN3aut17format_strategies14dot_map_reduceINS_7storage4e1m6ENS0_8strategyILNS0_11decode_kindE1ELi4ELNS0_14table_locationE0ELNS0_11unpack_kindE1EEEEEvPKNS2_5codecIT_E12storage_typeESE_mNS0_12table_bundleEPd
    0 bytes stack frame, 0 bytes spill stores, 0 bytes spill loads
ptxas info    : Used 40 registers, used 1 barriers, 80 bytes smem
ptxas info    : Compile time = 10.494 ms
ptxas info    : Compiling entry function '_ZN3aut17format_strategies14dot_map_reduceINS_7storage4e1m6ENS0_8strategyILNS0_11decode_kindE13ELi8ELNS0_14table_locationE0ELNS0_11unpack_kindE0EEEEEvPKNS2_5codecIT_E12storage_typeESE_mNS0_12table_bundleEPd' for 'sm_90'
ptxas info    : Function properties for _ZN3aut17format_strategies14dot_map_reduceINS_7storage4e1m6ENS0_8strategyILNS0_11decode_kindE13ELi8ELNS0_14table_locationE0ELNS0_11unpack_kindE0EEEEEvPKNS2_5codecIT_E12storage_typeESE_mNS0_12table_bundleEPd
    0 bytes stack frame, 0 bytes spill stores, 0 bytes spill loads
ptxas info    : Used 40 registers, used 1 barriers, 80 bytes smem
ptxas info    : Compile time = 5.909 ms
ptxas info    : Compiling entry function '_ZN3aut17format_strategies14dot_map_reduceINS_7storage4e1m6ENS0_8strategyILNS0_11decode_kindE13ELi4ELNS0_14table_locationE0ELNS0_11unpack_kindE0EEEEEvPKNS2_5codecIT_E12storage_typeESE_mNS0_12table_bundleEPd' for 'sm_90'
ptxas info    : Function properties for _ZN3aut17format_strategies14dot_map_reduceINS_7storage4e1m6ENS0_8strategyILNS0_11decode_kindE13ELi4ELNS0_14table_locationE0ELNS0_11unpack_kindE0EEEEEvPKNS2_5codecIT_E12storage_typeESE_mNS0_12table_bundleEPd
    0 bytes stack frame, 0 bytes spill stores, 0 bytes spill loads
ptxas info    : Used 30 registers, used 1 barriers, 80 bytes smem
ptxas info    : Compile time = 4.998 ms
ptxas info    : Compiling entry function '_ZN3aut17format_strategies14dot_map_reduceINS_7storage4e1m6ENS0_8strategyILNS0_11decode_kindE7ELi8ELNS0_14table_locationE1ELNS0_11unpack_kindE0EEEEEvPKNS2_5codecIT_E12storage_typeESE_mNS0_12table_bundleEPd' for 'sm_90'
ptxas info    : Function properties for _ZN3aut17format_strategies14dot_map_reduceINS_7storage4e1m6ENS0_8strategyILNS0_11decode_kindE7ELi8ELNS0_14table_locationE1ELNS0_11unpack_kindE0EEEEEvPKNS2_5codecIT_E12storage_typeESE_mNS0_12table_bundleEPd
    0 bytes stack frame, 0 bytes spill stores, 0 bytes spill loads
ptxas info    : Used 40 registers, used 1 barriers, 80 bytes smem
ptxas info    : Compile time = 11.293 ms
ptxas info    : Compiling entry function '_ZN3aut17format_strategies14dot_map_reduceINS_7storage4e1m6ENS0_8strategyILNS0_11decode_kindE7ELi4ELNS0_14table_locationE0ELNS0_11unpack_kindE0EEEEEvPKNS2_5codecIT_E12storage_typeESE_mNS0_12table_bundleEPd' for 'sm_90'
ptxas info    : Function properties for _ZN3aut17format_strategies14dot_map_reduceINS_7storage4e1m6ENS0_8strategyILNS0_11decode_kindE7ELi4ELNS0_14table_locationE0ELNS0_11unpack_kindE0EEEEEvPKNS2_5codecIT_E12storage_typeESE_mNS0_12table_bundleEPd
    0 bytes stack frame, 0 bytes spill stores, 0 bytes spill loads
ptxas info    : Used 32 registers, used 1 barriers, 80 bytes smem
ptxas info    : Compile time = 7.178 ms
ptxas info    : Compiling entry function '_ZN3aut17format_strategies14dot_map_reduceINS_7storage4e1m6ENS0_8strategyILNS0_11decode_kindE6ELi8ELNS0_14table_locationE1ELNS0_11unpack_kindE0EEEEEvPKNS2_5codecIT_E12storage_typeESE_mNS0_12table_bundleEPd' for 'sm_90'
ptxas info    : Function properties for _ZN3aut17format_strategies14dot_map_reduceINS_7storage4e1m6ENS0_8strategyILNS0_11decode_kindE6ELi8ELNS0_14table_locationE1ELNS0_11unpack_kindE0EEEEEvPKNS2_5codecIT_E12storage_typeESE_mNS0_12table_bundleEPd
    0 bytes stack frame, 0 bytes spill stores, 0 bytes spill loads
ptxas info    : Used 44 registers, used 1 barriers, 80 bytes smem
ptxas info    : Compile time = 6.788 ms
ptxas info    : Compiling entry function '_ZN3aut17format_strategies14dot_map_reduceINS_7storage4e1m6ENS0_8strategyILNS0_11decode_kindE6ELi4ELNS0_14table_locationE1ELNS0_11unpack_kindE0EEEEEvPKNS2_5codecIT_E12storage_typeESE_mNS0_12table_bundleEPd' for 'sm_90'
ptxas info    : Function properties for _ZN3aut17format_strategies14dot_map_reduceINS_7storage4e1m6ENS0_8strategyILNS0_11decode_kindE6ELi4ELNS0_14table_locationE1ELNS0_11unpack_kindE0EEEEEvPKNS2_5codecIT_E12storage_typeESE_mNS0_12table_bundleEPd
    0 bytes stack frame, 0 bytes spill stores, 0 bytes spill loads
ptxas info    : Used 40 registers, used 1 barriers, 80 bytes smem
ptxas info    : Compile time = 5.861 ms
ptxas info    : Compiling entry function '_ZN3aut17format_strategies14dot_map_reduceINS_7storage4e1m6ENS0_8strategyILNS0_11decode_kindE6ELi8ELNS0_14table_locationE0ELNS0_11unpack_kindE0EEEEEvPKNS2_5codecIT_E12storage_typeESE_mNS0_12table_bundleEPd' for 'sm_90'
ptxas info    : Function properties for _ZN3aut17format_strategies14dot_map_reduceINS_7storage4e1m6ENS0_8strategyILNS0_11decode_kindE6ELi8ELNS0_14table_locationE0ELNS0_11unpack_kindE0EEEEEvPKNS2_5codecIT_E12storage_typeESE_mNS0_12table_bundleEPd
    0 bytes stack frame, 0 bytes spill stores, 0 bytes spill loads
ptxas info    : Used 42 registers, used 1 barriers, 80 bytes smem
ptxas info    : Compile time = 6.746 ms
ptxas info    : Compiling entry function '_ZN3aut17format_strategies14dot_map_reduceINS_7storage4e1m6ENS0_8strategyILNS0_11decode_kindE6ELi4ELNS0_14table_locationE0ELNS0_11unpack_kindE0EEEEEvPKNS2_5codecIT_E12storage_typeESE_mNS0_12table_bundleEPd' for 'sm_90'
ptxas info    : Function properties for _ZN3aut17format_strategies14dot_map_reduceINS_7storage4e1m6ENS0_8strategyILNS0_11decode_kindE6ELi4ELNS0_14table_locationE0ELNS0_11unpack_kindE0EEEEEvPKNS2_5codecIT_E12storage_typeESE_mNS0_12table_bundleEPd
    0 bytes stack frame, 0 bytes spill stores, 0 bytes spill loads
ptxas info    : Used 32 registers, used 1 barriers, 80 bytes smem
ptxas info    : Compile time = 5.492 ms
ptxas info    : Compiling entry function '_ZN3aut17format_strategies14dot_map_reduceINS_7storage4e1m6ENS0_8strategyILNS0_11decode_kindE6ELi1ELNS0_14table_locationE0ELNS0_11unpack_kindE0EEEEEvPKNS2_5codecIT_E12storage_typeESE_mNS0_12table_bundleEPd' for 'sm_90'
ptxas info    : Function properties for _ZN3aut17format_strategies14dot_map_reduceINS_7storage4e1m6ENS0_8strategyILNS0_11decode_kindE6ELi1ELNS0_14table_locationE0ELNS0_11unpack_kindE0EEEEEvPKNS2_5codecIT_E12storage_typeESE_mNS0_12table_bundleEPd
    0 bytes stack frame, 0 bytes spill stores, 0 bytes spill loads
ptxas info    : Used 26 registers, used 1 barriers, 80 bytes smem
ptxas info    : Compile time = 4.234 ms
ptxas info    : Compiling entry function '_ZN3aut17format_strategies14dot_map_reduceINS_7storage4e1m6ENS0_8strategyILNS0_11decode_kindE4ELi8ELNS0_14table_locationE0ELNS0_11unpack_kindE0EEEEEvPKNS2_5codecIT_E12storage_typeESE_mNS0_12table_bundleEPd' for 'sm_90'
ptxas info    : Function properties for _ZN3aut17format_strategies14dot_map_reduceINS_7storage4e1m6ENS0_8strategyILNS0_11decode_kindE4ELi8ELNS0_14table_locationE0ELNS0_11unpack_kindE0EEEEEvPKNS2_5codecIT_E12storage_typeESE_mNS0_12table_bundleEPd
    0 bytes stack frame, 0 bytes spill stores, 0 bytes spill loads
ptxas info    : Used 39 registers, used 1 barriers, 80 bytes smem
ptxas info    : Compile time = 7.058 ms
ptxas info    : Compiling entry function '_ZN3aut17format_strategies14dot_map_reduceINS_7storage4e1m6ENS0_8strategyILNS0_11decode_kindE4ELi4ELNS0_14table_locationE0ELNS0_11unpack_kindE0EEEEEvPKNS2_5codecIT_E12storage_typeESE_mNS0_12table_bundleEPd' for 'sm_90'
ptxas info    : Function properties for _ZN3aut17format_strategies14dot_map_reduceINS_7storage4e1m6ENS0_8strategyILNS0_11decode_kindE4ELi4ELNS0_14table_locationE0ELNS0_11unpack_kindE0EEEEEvPKNS2_5codecIT_E12storage_typeESE_mNS0_12table_bundleEPd
    0 bytes stack frame, 0 bytes spill stores, 0 bytes spill loads
ptxas info    : Used 31 registers, used 1 barriers, 80 bytes smem
ptxas info    : Compile time = 5.699 ms
ptxas info    : Compiling entry function '_ZN3aut17format_strategies14dot_map_reduceINS_7storage4e1m6ENS0_8strategyILNS0_11decode_kindE4ELi1ELNS0_14table_locationE0ELNS0_11unpack_kindE0EEEEEvPKNS2_5codecIT_E12storage_typeESE_mNS0_12table_bundleEPd' for 'sm_90'
ptxas info    : Function properties for _ZN3aut17format_strategies14dot_map_reduceINS_7storage4e1m6ENS0_8strategyILNS0_11decode_kindE4ELi1ELNS0_14table_locationE0ELNS0_11unpack_kindE0EEEEEvPKNS2_5codecIT_E12storage_typeESE_mNS0_12table_bundleEPd
    0 bytes stack frame, 0 bytes spill stores, 0 bytes spill loads
ptxas info    : Used 28 registers, used 1 barriers, 80 bytes smem
ptxas info    : Compile time = 4.298 ms
ptxas info    : Compiling entry function '_ZN3aut17format_strategies14dot_map_reduceINS_7storage4e1m6ENS0_8strategyILNS0_11decode_kindE3ELi8ELNS0_14table_locationE0ELNS0_11unpack_kindE0EEEEEvPKNS2_5codecIT_E12storage_typeESE_mNS0_12table_bundleEPd' for 'sm_90'
ptxas info    : Function properties for _ZN3aut17format_strategies14dot_map_reduceINS_7storage4e1m6ENS0_8strategyILNS0_11decode_kindE3ELi8ELNS0_14table_locationE0ELNS0_11unpack_kindE0EEEEEvPKNS2_5codecIT_E12storage_typeESE_mNS0_12table_bundleEPd
    0 bytes stack frame, 0 bytes spill stores, 0 bytes spill loads
ptxas info    : Used 56 registers, used 1 barriers, 80 bytes smem
ptxas info    : Compile time = 12.533 ms
ptxas info    : Compiling entry function '_ZN3aut17format_strategies14dot_map_reduceINS_7storage4e1m6ENS0_8strategyILNS0_11decode_kindE3ELi4ELNS0_14table_locationE0ELNS0_11unpack_kindE0EEEEEvPKNS2_5codecIT_E12storage_typeESE_mNS0_12table_bundleEPd' for 'sm_90'
ptxas info    : Function properties for _ZN3aut17format_strategies14dot_map_reduceINS_7storage4e1m6ENS0_8strategyILNS0_11decode_kindE3ELi4ELNS0_14table_locationE0ELNS0_11unpack_kindE0EEEEEvPKNS2_5codecIT_E12storage_typeESE_mNS0_12table_bundleEPd
    0 bytes stack frame, 0 bytes spill stores, 0 bytes spill loads
ptxas info    : Used 32 registers, used 1 barriers, 80 bytes smem
ptxas info    : Compile time = 8.565 ms
ptxas info    : Compiling entry function '_ZN3aut17format_strategies14dot_map_reduceINS_7storage4e1m6ENS0_8strategyILNS0_11decode_kindE3ELi1ELNS0_14table_locationE0ELNS0_11unpack_kindE0EEEEEvPKNS2_5codecIT_E12storage_typeESE_mNS0_12table_bundleEPd' for 'sm_90'
ptxas info    : Function properties for _ZN3aut17format_strategies14dot_map_reduceINS_7storage4e1m6ENS0_8strategyILNS0_11decode_kindE3ELi1ELNS0_14table_locationE0ELNS0_11unpack_kindE0EEEEEvPKNS2_5codecIT_E12storage_typeESE_mNS0_12table_bundleEPd
    0 bytes stack frame, 0 bytes spill stores, 0 bytes spill loads
ptxas info    : Used 24 registers, used 1 barriers, 80 bytes smem
ptxas info    : Compile time = 5.791 ms
ptxas info    : Compiling entry function '_ZN3aut17format_strategies14dot_map_reduceINS_7storage4e1m6ENS0_8strategyILNS0_11decode_kindE2ELi8ELNS0_14table_locationE0ELNS0_11unpack_kindE0EEEEEvPKNS2_5codecIT_E12storage_typeESE_mNS0_12table_bundleEPd' for 'sm_90'
ptxas info    : Function properties for _ZN3aut17format_strategies14dot_map_reduceINS_7storage4e1m6ENS0_8strategyILNS0_11decode_kindE2ELi8ELNS0_14table_locationE0ELNS0_11unpack_kindE0EEEEEvPKNS2_5codecIT_E12storage_typeESE_mNS0_12table_bundleEPd
    0 bytes stack frame, 0 bytes spill stores, 0 bytes spill loads
ptxas info    : Used 39 registers, used 1 barriers, 80 bytes smem
ptxas info    : Compile time = 15.709 ms
ptxas info    : Compiling entry function '_ZN3aut17format_strategies14dot_map_reduceINS_7storage4e1m6ENS0_8strategyILNS0_11decode_kindE2ELi4ELNS0_14table_locationE0ELNS0_11unpack_kindE0EEEEEvPKNS2_5codecIT_E12storage_typeESE_mNS0_12table_bundleEPd' for 'sm_90'
ptxas info    : Function properties for _ZN3aut17format_strategies14dot_map_reduceINS_7storage4e1m6ENS0_8strategyILNS0_11decode_kindE2ELi4ELNS0_14table_locationE0ELNS0_11unpack_kindE0EEEEEvPKNS2_5codecIT_E12storage_typeESE_mNS0_12table_bundleEPd
    0 bytes stack frame, 0 bytes spill stores, 0 bytes spill loads
ptxas info    : Used 32 registers, used 1 barriers, 80 bytes smem
ptxas info    : Compile time = 10.481 ms
ptxas info    : Compiling entry function '_ZN3aut17format_strategies14dot_map_reduceINS_7storage4e1m6ENS0_8strategyILNS0_11decode_kindE2ELi1ELNS0_14table_locationE0ELNS0_11unpack_kindE0EEEEEvPKNS2_5codecIT_E12storage_typeESE_mNS0_12table_bundleEPd' for 'sm_90'
ptxas info    : Function properties for _ZN3aut17format_strategies14dot_map_reduceINS_7storage4e1m6ENS0_8strategyILNS0_11decode_kindE2ELi1ELNS0_14table_locationE0ELNS0_11unpack_kindE0EEEEEvPKNS2_5codecIT_E12storage_typeESE_mNS0_12table_bundleEPd
    0 bytes stack frame, 0 bytes spill stores, 0 bytes spill loads
ptxas info    : Used 28 registers, used 1 barriers, 80 bytes smem
ptxas info    : Compile time = 6.512 ms
ptxas info    : Compiling entry function '_ZN3aut17format_strategies14dot_map_reduceINS_7storage4e1m6ENS0_8strategyILNS0_11decode_kindE1ELi8ELNS0_14table_locationE0ELNS0_11unpack_kindE0EEEEEvPKNS2_5codecIT_E12storage_typeESE_mNS0_12table_bundleEPd' for 'sm_90'
ptxas info    : Function properties for _ZN3aut17format_strategies14dot_map_reduceINS_7storage4e1m6ENS0_8strategyILNS0_11decode_kindE1ELi8ELNS0_14table_locationE0ELNS0_11unpack_kindE0EEEEEvPKNS2_5codecIT_E12storage_typeESE_mNS0_12table_bundleEPd
    0 bytes stack frame, 0 bytes spill stores, 0 bytes spill loads
ptxas info    : Used 61 registers, used 1 barriers, 80 bytes smem
ptxas info    : Compile time = 15.318 ms
ptxas info    : Compiling entry function '_ZN3aut17format_strategies14dot_map_reduceINS_7storage4e1m6ENS0_8strategyILNS0_11decode_kindE1ELi4ELNS0_14table_locationE0ELNS0_11unpack_kindE0EEEEEvPKNS2_5codecIT_E12storage_typeESE_mNS0_12table_bundleEPd' for 'sm_90'
ptxas info    : Function properties for _ZN3aut17format_strategies14dot_map_reduceINS_7storage4e1m6ENS0_8strategyILNS0_11decode_kindE1ELi4ELNS0_14table_locationE0ELNS0_11unpack_kindE0EEEEEvPKNS2_5codecIT_E12storage_typeESE_mNS0_12table_bundleEPd
    0 bytes stack frame, 0 bytes spill stores, 0 bytes spill loads
ptxas info    : Used 40 registers, used 1 barriers, 80 bytes smem
ptxas info    : Compile time = 10.372 ms
ptxas info    : Compiling entry function '_ZN3aut17format_strategies14dot_map_reduceINS_7storage4e1m6ENS0_8strategyILNS0_11decode_kindE1ELi1ELNS0_14table_locationE0ELNS0_11unpack_kindE0EEEEEvPKNS2_5codecIT_E12storage_typeESE_mNS0_12table_bundleEPd' for 'sm_90'
ptxas info    : Function properties for _ZN3aut17format_strategies14dot_map_reduceINS_7storage4e1m6ENS0_8strategyILNS0_11decode_kindE1ELi1ELNS0_14table_locationE0ELNS0_11unpack_kindE0EEEEEvPKNS2_5codecIT_E12storage_typeESE_mNS0_12table_bundleEPd
    0 bytes stack frame, 0 bytes spill stores, 0 bytes spill loads
ptxas info    : Used 26 registers, used 1 barriers, 80 bytes smem
ptxas info    : Compile time = 6.519 ms
ptxas info    : Compiling entry function '_ZN3aut17format_strategies14dot_map_reduceINS_7storage4e1m6ENS0_8strategyILNS0_11decode_kindE0ELi8ELNS0_14table_locationE0ELNS0_11unpack_kindE0EEEEEvPKNS2_5codecIT_E12storage_typeESE_mNS0_12table_bundleEPd' for 'sm_90'
ptxas info    : Function properties for _ZN3aut17format_strategies14dot_map_reduceINS_7storage4e1m6ENS0_8strategyILNS0_11decode_kindE0ELi8ELNS0_14table_locationE0ELNS0_11unpack_kindE0EEEEEvPKNS2_5codecIT_E12storage_typeESE_mNS0_12table_bundleEPd
    0 bytes stack frame, 0 bytes spill stores, 0 bytes spill loads
ptxas info    : Used 64 registers, used 1 barriers, 80 bytes smem
ptxas info    : Compile time = 16.467 ms
ptxas info    : Compiling entry function '_ZN3aut17format_strategies14dot_map_reduceINS_7storage4e1m6ENS0_8strategyILNS0_11decode_kindE0ELi4ELNS0_14table_locationE0ELNS0_11unpack_kindE0EEEEEvPKNS2_5codecIT_E12storage_typeESE_mNS0_12table_bundleEPd' for 'sm_90'
ptxas info    : Function properties for _ZN3aut17format_strategies14dot_map_reduceINS_7storage4e1m6ENS0_8strategyILNS0_11decode_kindE0ELi4ELNS0_14table_locationE0ELNS0_11unpack_kindE0EEEEEvPKNS2_5codecIT_E12storage_typeESE_mNS0_12table_bundleEPd
    0 bytes stack frame, 0 bytes spill stores, 0 bytes spill loads
ptxas info    : Used 40 registers, used 1 barriers, 80 bytes smem
ptxas info    : Compile time = 10.653 ms
ptxas info    : Compiling entry function '_ZN3aut17format_strategies14dot_map_reduceINS_7storage4e1m6ENS0_8strategyILNS0_11decode_kindE0ELi1ELNS0_14table_locationE0ELNS0_11unpack_kindE0EEEEEvPKNS2_5codecIT_E12storage_typeESE_mNS0_12table_bundleEPd' for 'sm_90'
ptxas info    : Function properties for _ZN3aut17format_strategies14dot_map_reduceINS_7storage4e1m6ENS0_8strategyILNS0_11decode_kindE0ELi1ELNS0_14table_locationE0ELNS0_11unpack_kindE0EEEEEvPKNS2_5codecIT_E12storage_typeESE_mNS0_12table_bundleEPd
    0 bytes stack frame, 0 bytes spill stores, 0 bytes spill loads
ptxas info    : Used 28 registers, used 1 barriers, 80 bytes smem
ptxas info    : Compile time = 6.570 ms
[100%] Linking CUDA executable bin/all_format_strategy_bench
[100%] Built target all_format_strategy_bench
[100%] Built target all_format_strategy_smoke
[100%] Built target decoder_strategy_core_test
[100%] Built target memory_accessor_test
[100%] Built target storage_formats_test
[100%] Built target accuracy_statistics_test
Internal ctest changing into directory: /storage/home/timofeirusanov/accessor_universal_test/build-h200
Test project /storage/home/timofeirusanov/accessor_universal_test/build-h200
    Start 1: memory_accessor_test
1/4 Test #1: memory_accessor_test .............   Passed    0.00 sec
    Start 2: storage_formats_test
2/4 Test #2: storage_formats_test .............   Passed    0.00 sec
    Start 3: decoder_strategy_core_test
3/4 Test #3: decoder_strategy_core_test .......   Passed    0.00 sec
    Start 4: accuracy_statistics_test
4/4 Test #4: accuracy_statistics_test .........   Passed    0.00 sec

100% tests passed, 0 tests failed out of 4

Total Test time (real) =   0.01 sec
All-format decoder strategy smoke test
GPU: NVIDIA H200 NVL (sm_90)
E1M6 exhaustive strategy validation
  generic_x1 passed
  generic_x4 passed
  generic_x8 passed
  word_branchy_x1 passed
  word_branchy_x4 passed
  word_branchy_x8 passed
  word_masked_x1 passed
  word_masked_x4 passed
  word_masked_x8 passed
  fp32_bits_x1 passed
  fp32_bits_x4 passed
  fp32_bits_x8 passed
  e1_integer_x1 passed
  e1_integer_x4 passed
  e1_integer_x8 passed
  full_high_global_x1 passed
  full_high_global_x4 passed
  full_high_global_x8 passed
  full_high_shared_x4 passed
  full_high_shared_x8 passed
  subnormal_global_x4 passed
  subnormal_shared_x8 passed
  pair_l2_x4 passed
  pair_l2_x8 passed
  word_branchy_prmt_x4 passed
  word_branchy_prmt_x8 passed
  full_high_swizzled_x4 passed
  full_high_swizzled_x8 passed
E2M5 additional packet strategy validation
  pair_l2_x4 passed
  pair_l2_x8 passed
  word_branchy_shift_x4 passed
  word_branchy_shift_x8 passed
  word_branchy_prmt_x4 passed
  word_branchy_prmt_x8 passed
E3M4 additional packet strategy validation
  pair_l2_x4 passed
  pair_l2_x8 passed
  word_branchy_shift_x4 passed
  word_branchy_shift_x8 passed
  word_branchy_prmt_x4 passed
  word_branchy_prmt_x8 passed
FP8 E4M3 exhaustive strategy validation
  generic_x1 passed
  native_direct_x1 passed
  native_fp32_x1 passed
  native_float2_x2 passed
  native_float4_x4 passed
  native_float4_x8 passed
  native_half2_x2 passed
  native_half2_x4 passed
  native_half2_x8 passed
  word_branchy_x1 passed
  word_branchy_x4 passed
  word_branchy_x8 passed
  word_masked_x1 passed
  word_masked_x4 passed
  word_masked_x8 passed
  fp32_bits_x1 passed
  fp32_bits_x4 passed
  fp32_bits_x8 passed
  full_high_global_x1 passed
  full_high_global_x4 passed
  full_high_global_x8 passed
  full_high_shared_x4 passed
  full_high_shared_x8 passed
  subnormal_shared_x8 passed
  pair_l2_x4 passed
  pair_l2_x8 passed
  word_branchy_prmt_x4 passed
  word_branchy_prmt_x8 passed
  full_high_swizzled_x4 passed
  full_high_swizzled_x8 passed
FP8 E5M2 exhaustive strategy validation
  generic_x1 passed
  native_direct_x1 passed
  native_fp32_x1 passed
  native_float2_x2 passed
  native_float4_x4 passed
  native_float4_x8 passed
  native_half2_x2 passed
  native_half2_x4 passed
  native_half2_x8 passed
  word_branchy_x1 passed
  word_branchy_x4 passed
  word_branchy_x8 passed
  word_masked_x1 passed
  word_masked_x4 passed
  word_masked_x8 passed
  fp32_bits_x1 passed
  fp32_bits_x4 passed
  fp32_bits_x8 passed
  full_high_global_x1 passed
  full_high_global_x4 passed
  full_high_global_x8 passed
  full_high_shared_x4 passed
  full_high_shared_x8 passed
  subnormal_shared_x8 passed
  pair_l2_x4 passed
  pair_l2_x8 passed
  word_branchy_prmt_x4 passed
  word_branchy_prmt_x8 passed
  full_high_swizzled_x4 passed
  full_high_swizzled_x8 passed
E1M14 exhaustive strategy validation
  generic_x1 passed
  generic_x4 passed
  generic_x8 passed
  e1_integer_x1 passed
  e1_integer_x4 passed
  e1_integer_x8 passed
  word_branchy_x1 passed
  word_branchy_x4 passed
  word_branchy_x8 passed
  word_masked_x1 passed
  word_masked_x4 passed
  word_masked_x8 passed
  fp32_bits_x1 passed
  fp32_bits_x4 passed
  fp32_bits_x8 passed
  full_high_l2_x1 passed
  full_high_l2_x4 passed
  full_high_l2_x8 passed
  subnormal_global_x4 passed
  subnormal_global_x8 passed
  subnormal_shared_x4 passed
  subnormal_shared_x8 passed
E2M13 exhaustive strategy validation
  generic_x1 passed
  generic_x4 passed
  generic_x8 passed
  word_branchy_x1 passed
  word_branchy_x4 passed
  word_branchy_x8 passed
  word_masked_x1 passed
  word_masked_x4 passed
  word_masked_x8 passed
  fp32_bits_x1 passed
  fp32_bits_x4 passed
  fp32_bits_x8 passed
  full_high_l2_x1 passed
  full_high_l2_x4 passed
  full_high_l2_x8 passed
  subnormal_global_x4 passed
  subnormal_global_x8 passed
  subnormal_shared_x4 passed
  subnormal_shared_x8 passed
  prefix_global_x4 passed
  prefix_global_x8 passed
  prefix_shared_x4 passed
  prefix_shared_x8 passed
E3M12 exhaustive strategy validation
  generic_x1 passed
  generic_x4 passed
  generic_x8 passed
  word_branchy_x1 passed
  word_branchy_x4 passed
  word_branchy_x8 passed
  word_masked_x1 passed
  word_masked_x4 passed
  word_masked_x8 passed
  fp32_bits_x1 passed
  fp32_bits_x4 passed
  fp32_bits_x8 passed
  full_high_l2_x1 passed
  full_high_l2_x4 passed
  full_high_l2_x8 passed
  subnormal_global_x4 passed
  subnormal_global_x8 passed
  subnormal_shared_x4 passed
  subnormal_shared_x8 passed
  prefix_global_x4 passed
  prefix_global_x8 passed
  prefix_shared_x4 passed
  prefix_shared_x8 passed
FP16 E5M10 exhaustive strategy validation
  generic_x1 passed
  native_direct_x1 passed
  native_fp32_x1 passed
  native_half2_x2 passed
  native_half2_x4 passed
  native_half2_x8 passed
  word_branchy_x1 passed
  word_branchy_x4 passed
  word_branchy_x8 passed
  word_masked_x1 passed
  word_masked_x4 passed
  word_masked_x8 passed
  fp32_bits_x1 passed
  fp32_bits_x4 passed
  fp32_bits_x8 passed
  full_high_l2_x1 passed
  full_high_l2_x4 passed
  full_high_l2_x8 passed
  subnormal_global_x8 passed
  subnormal_shared_x8 passed
BF16 E8M7 exhaustive strategy validation
  generic_x1 passed
  native_direct_x1 passed
  native_fp32_x1 passed
  native_bfloat162_x2 passed
  native_bfloat162_x4 passed
  native_bfloat162_x8 passed
  word_branchy_x1 passed
  word_branchy_x4 passed
  word_branchy_x8 passed
  word_masked_x1 passed
  word_masked_x4 passed
  word_masked_x8 passed
  fp32_bit_lift_x1 passed
  fp32_bit_lift_x4 passed
  fp32_bit_lift_x8 passed
  full_high_l2_x1 passed
  full_high_l2_x4 passed
  full_high_l2_x8 passed
  subnormal_global_x8 passed
  subnormal_shared_x8 passed
E11M4 exhaustive strategy validation
  generic_x1 passed
  generic_x2 passed
  generic_x4 passed
  generic_x8 passed
  prefix_word_x1 passed
  prefix_word_x2 passed
  prefix_word_x4 passed
  prefix_word_x8 passed
  full_high_l2_x1 passed
  full_high_l2_x4 passed
  full_high_l2_x8 passed
E1M30 sampled strategy validation
  generic_x1 passed
  generic_x2 passed
  generic_x4 passed
  generic_x8 passed
  e1_integer_x1 passed
  e1_integer_x2 passed
  e1_integer_x4 passed
  e1_integer_x8 passed
  word_branchy_x1 passed
  word_branchy_x2 passed
  word_branchy_x4 passed
  word_branchy_x8 passed
  word_masked_x1 passed
  word_masked_x2 passed
  word_masked_x4 passed
  word_masked_x8 passed
  prefix_global_x4 passed
  prefix_global_x8 passed
  prefix_shared_x4 passed
  prefix_shared_x8 passed
E2M29 sampled strategy validation
  generic_x1 passed
  generic_x2 passed
  generic_x4 passed
  generic_x8 passed
  word_branchy_x1 passed
  word_branchy_x2 passed
  word_branchy_x4 passed
  word_branchy_x8 passed
  word_masked_x1 passed
  word_masked_x2 passed
  word_masked_x4 passed
  word_masked_x8 passed
  prefix_global_x4 passed
  prefix_global_x8 passed
  prefix_shared_x4 passed
  prefix_shared_x8 passed
E3M28 sampled strategy validation
  generic_x1 passed
  generic_x2 passed
  generic_x4 passed
  generic_x8 passed
  word_branchy_x1 passed
  word_branchy_x2 passed
  word_branchy_x4 passed
  word_branchy_x8 passed
  word_masked_x1 passed
  word_masked_x2 passed
  word_masked_x4 passed
  word_masked_x8 passed
  prefix_global_x4 passed
  prefix_global_x8 passed
  prefix_shared_x4 passed
  prefix_shared_x8 passed
FP32 E8M23 sampled strategy validation
  generic_x1 passed
  native_f64_x1 passed
  native_float2_x2 passed
  native_float4_x4 passed
  native_float4_x8 passed
  word_branchy_x1 passed
  word_branchy_x2 passed
  word_branchy_x4 passed
  word_branchy_x8 passed
  word_masked_x1 passed
  word_masked_x2 passed
  word_masked_x4 passed
  word_masked_x8 passed
  prefix_global_x4 passed
  prefix_global_x8 passed
  prefix_shared_x4 passed
  prefix_shared_x8 passed
E11M20 sampled strategy validation
  generic_x1 passed
  generic_x2 passed
  generic_x4 passed
  generic_x8 passed
  prefix_word_x1 passed
  prefix_word_x2 passed
  prefix_word_x4 passed
  prefix_word_x8 passed
All registered strategies passed.
All-format decoder strategy benchmark
GPU: NVIDIA H200 NVL (sm_90)
bf16_e8m7 (16 bit, 20 strategies)
  uniform_0_1
    DOT N=2^10 complete
    GEMV M=64, N=2^8 complete
  normal_0_1
    DOT N=2^10 complete
    GEMV M=64, N=2^8 complete
e11m20 (32 bit, 8 strategies)
  uniform_0_1
    DOT N=2^10 complete
    GEMV M=64, N=2^8 complete
  normal_0_1
    DOT N=2^10 complete
    GEMV M=64, N=2^8 complete
e11m4 (16 bit, 11 strategies)
  uniform_0_1
    DOT N=2^10 complete
    GEMV M=64, N=2^8 complete
  normal_0_1
    DOT N=2^10 complete
    GEMV M=64, N=2^8 complete
e1m14 (16 bit, 22 strategies)
  uniform_0_1
    DOT N=2^10 complete
    GEMV M=64, N=2^8 complete
  normal_0_1
    DOT N=2^10 complete
    GEMV M=64, N=2^8 complete
e1m30 (32 bit, 20 strategies)
  uniform_0_1
    DOT N=2^10 complete
    GEMV M=64, N=2^8 complete
  normal_0_1
    DOT N=2^10 complete
    GEMV M=64, N=2^8 complete
e1m6 (8 bit, 28 strategies)
  uniform_0_1
    DOT N=2^10 complete
    GEMV M=64, N=2^8 complete
  normal_0_1
    DOT N=2^10 complete
    GEMV M=64, N=2^8 complete
e2m13 (16 bit, 23 strategies)
  uniform_0_1
    DOT N=2^10 complete
    GEMV M=64, N=2^8 complete
  normal_0_1
    DOT N=2^10 complete
    GEMV M=64, N=2^8 complete
e2m29 (32 bit, 16 strategies)
  uniform_0_1
    DOT N=2^10 complete
    GEMV M=64, N=2^8 complete
  normal_0_1
    DOT N=2^10 complete
    GEMV M=64, N=2^8 complete
e3m12 (16 bit, 23 strategies)
  uniform_0_1
    DOT N=2^10 complete
    GEMV M=64, N=2^8 complete
  normal_0_1
    DOT N=2^10 complete
    GEMV M=64, N=2^8 complete
e3m28 (32 bit, 16 strategies)
  uniform_0_1
    DOT N=2^10 complete
    GEMV M=64, N=2^8 complete
  normal_0_1
    DOT N=2^10 complete
    GEMV M=64, N=2^8 complete
fp16_e5m10 (16 bit, 20 strategies)
  uniform_0_1
    DOT N=2^10 complete
    GEMV M=64, N=2^8 complete
  normal_0_1
    DOT N=2^10 complete
    GEMV M=64, N=2^8 complete
fp32_e8m23 (32 bit, 17 strategies)
  uniform_0_1
    DOT N=2^10 complete
    GEMV M=64, N=2^8 complete
  normal_0_1
    DOT N=2^10 complete
    GEMV M=64, N=2^8 complete
fp8_e4m3 (8 bit, 30 strategies)
  uniform_0_1
    DOT N=2^10 complete
    GEMV M=64, N=2^8 complete
  normal_0_1
    DOT N=2^10 complete
    GEMV M=64, N=2^8 complete
fp8_e5m2 (8 bit, 30 strategies)
  uniform_0_1
    DOT N=2^10 complete
    GEMV M=64, N=2^8 complete
  normal_0_1
    DOT N=2^10 complete
    GEMV M=64, N=2^8 complete
Wrote /storage/home/timofeirusanov/accessor_universal_test/results/015_all_format_strategy_performance/run_20260809T143636Z/validation/timing_samples.csv
Validated 1192 samples in 1192 groups across 14 formats; 1 samples per variant
Wrote /storage/home/timofeirusanov/accessor_universal_test/results/015_all_format_strategy_performance/run_20260809T143636Z/validation/timing_summary.csv
Wrote /storage/home/timofeirusanov/accessor_universal_test/results/015_all_format_strategy_performance/run_20260809T143636Z/validation/strategy_inventory.csv
Wrote /storage/home/timofeirusanov/accessor_universal_test/results/015_all_format_strategy_performance/run_20260809T143636Z/validation/case_winners.csv
Wrote /storage/home/timofeirusanov/accessor_universal_test/results/015_all_format_strategy_performance/run_20260809T143636Z/validation/strategy_rankings.csv
All-format decoder strategy benchmark
GPU: NVIDIA H200 NVL (sm_90)
bf16_e8m7 (16 bit, 20 strategies)
  uniform_0_1
    DOT N=2^12 complete
    DOT N=2^16 complete
    DOT N=2^20 complete
    DOT N=2^24 complete
    DOT N=2^27 complete
    GEMV M=1024, N=2^8 complete
    GEMV M=1024, N=2^10 complete
    GEMV M=1024, N=2^12 complete
    GEMV M=1024, N=2^14 complete
    GEMV M=1024, N=2^16 complete
  normal_0_1
    DOT N=2^12 complete
    DOT N=2^16 complete
    DOT N=2^20 complete
    DOT N=2^24 complete
    DOT N=2^27 complete
    GEMV M=1024, N=2^8 complete
    GEMV M=1024, N=2^10 complete
    GEMV M=1024, N=2^12 complete
    GEMV M=1024, N=2^14 complete
    GEMV M=1024, N=2^16 complete
e11m20 (32 bit, 8 strategies)
  uniform_0_1
    DOT N=2^12 complete
    DOT N=2^16 complete
    DOT N=2^20 complete
    DOT N=2^24 complete
    DOT N=2^27 complete
    GEMV M=1024, N=2^8 complete
    GEMV M=1024, N=2^10 complete
    GEMV M=1024, N=2^12 complete
    GEMV M=1024, N=2^14 complete
    GEMV M=1024, N=2^16 complete
  normal_0_1
    DOT N=2^12 complete
    DOT N=2^16 complete
    DOT N=2^20 complete
    DOT N=2^24 complete
    DOT N=2^27 complete
    GEMV M=1024, N=2^8 complete
    GEMV M=1024, N=2^10 complete
    GEMV M=1024, N=2^12 complete
    GEMV M=1024, N=2^14 complete
    GEMV M=1024, N=2^16 complete
e11m4 (16 bit, 11 strategies)
  uniform_0_1
    DOT N=2^12 complete
    DOT N=2^16 complete
    DOT N=2^20 complete
    DOT N=2^24 complete
    DOT N=2^27 complete
    GEMV M=1024, N=2^8 complete
    GEMV M=1024, N=2^10 complete
    GEMV M=1024, N=2^12 complete
    GEMV M=1024, N=2^14 complete
    GEMV M=1024, N=2^16 complete
  normal_0_1
    DOT N=2^12 complete
    DOT N=2^16 complete
    DOT N=2^20 complete
    DOT N=2^24 complete
    DOT N=2^27 complete
    GEMV M=1024, N=2^8 complete
    GEMV M=1024, N=2^10 complete
    GEMV M=1024, N=2^12 complete
    GEMV M=1024, N=2^14 complete
    GEMV M=1024, N=2^16 complete
e1m14 (16 bit, 22 strategies)
  uniform_0_1
    DOT N=2^12 complete
    DOT N=2^16 complete
    DOT N=2^20 complete
    DOT N=2^24 complete
    DOT N=2^27 complete
    GEMV M=1024, N=2^8 complete
    GEMV M=1024, N=2^10 complete
    GEMV M=1024, N=2^12 complete
    GEMV M=1024, N=2^14 complete
    GEMV M=1024, N=2^16 complete
  normal_0_1
    DOT N=2^12 complete
    DOT N=2^16 complete
    DOT N=2^20 complete
    DOT N=2^24 complete
    DOT N=2^27 complete
    GEMV M=1024, N=2^8 complete
    GEMV M=1024, N=2^10 complete
    GEMV M=1024, N=2^12 complete
    GEMV M=1024, N=2^14 complete
    GEMV M=1024, N=2^16 complete
e1m30 (32 bit, 20 strategies)
  uniform_0_1
    DOT N=2^12 complete
    DOT N=2^16 complete
    DOT N=2^20 complete
    DOT N=2^24 complete
    DOT N=2^27 complete
    GEMV M=1024, N=2^8 complete
    GEMV M=1024, N=2^10 complete
    GEMV M=1024, N=2^12 complete
    GEMV M=1024, N=2^14 complete
    GEMV M=1024, N=2^16 complete
  normal_0_1
    DOT N=2^12 complete
    DOT N=2^16 complete
    DOT N=2^20 complete
    DOT N=2^24 complete
    DOT N=2^27 complete
    GEMV M=1024, N=2^8 complete
    GEMV M=1024, N=2^10 complete
    GEMV M=1024, N=2^12 complete
    GEMV M=1024, N=2^14 complete
    GEMV M=1024, N=2^16 complete
e1m6 (8 bit, 28 strategies)
  uniform_0_1
    DOT N=2^12 complete
    DOT N=2^16 complete
    DOT N=2^20 complete
    DOT N=2^24 complete
    DOT N=2^27 complete
    GEMV M=1024, N=2^8 complete
    GEMV M=1024, N=2^10 complete
    GEMV M=1024, N=2^12 complete
    GEMV M=1024, N=2^14 complete
    GEMV M=1024, N=2^16 complete
  normal_0_1
    DOT N=2^12 complete
    DOT N=2^16 complete
    DOT N=2^20 complete
    DOT N=2^24 complete
    DOT N=2^27 complete
    GEMV M=1024, N=2^8 complete
    GEMV M=1024, N=2^10 complete
    GEMV M=1024, N=2^12 complete
    GEMV M=1024, N=2^14 complete
    GEMV M=1024, N=2^16 complete
e2m13 (16 bit, 23 strategies)
  uniform_0_1
    DOT N=2^12 complete
    DOT N=2^16 complete
    DOT N=2^20 complete
    DOT N=2^24 complete
    DOT N=2^27 complete
    GEMV M=1024, N=2^8 complete
    GEMV M=1024, N=2^10 complete
    GEMV M=1024, N=2^12 complete
    GEMV M=1024, N=2^14 complete
    GEMV M=1024, N=2^16 complete
  normal_0_1
    DOT N=2^12 complete
    DOT N=2^16 complete
    DOT N=2^20 complete
    DOT N=2^24 complete
    DOT N=2^27 complete
    GEMV M=1024, N=2^8 complete
    GEMV M=1024, N=2^10 complete
    GEMV M=1024, N=2^12 complete
    GEMV M=1024, N=2^14 complete
    GEMV M=1024, N=2^16 complete
e2m29 (32 bit, 16 strategies)
  uniform_0_1
    DOT N=2^12 complete
    DOT N=2^16 complete
    DOT N=2^20 complete
    DOT N=2^24 complete
    DOT N=2^27 complete
    GEMV M=1024, N=2^8 complete
    GEMV M=1024, N=2^10 complete
    GEMV M=1024, N=2^12 complete
    GEMV M=1024, N=2^14 complete
    GEMV M=1024, N=2^16 complete
  normal_0_1
    DOT N=2^12 complete
    DOT N=2^16 complete
    DOT N=2^20 complete
    DOT N=2^24 complete
    DOT N=2^27 complete
    GEMV M=1024, N=2^8 complete
    GEMV M=1024, N=2^10 complete
    GEMV M=1024, N=2^12 complete
    GEMV M=1024, N=2^14 complete
    GEMV M=1024, N=2^16 complete
e3m12 (16 bit, 23 strategies)
  uniform_0_1
    DOT N=2^12 complete
    DOT N=2^16 complete
    DOT N=2^20 complete
    DOT N=2^24 complete
    DOT N=2^27 complete
    GEMV M=1024, N=2^8 complete
    GEMV M=1024, N=2^10 complete
    GEMV M=1024, N=2^12 complete
    GEMV M=1024, N=2^14 complete
    GEMV M=1024, N=2^16 complete
  normal_0_1
    DOT N=2^12 complete
    DOT N=2^16 complete
    DOT N=2^20 complete
    DOT N=2^24 complete
    DOT N=2^27 complete
    GEMV M=1024, N=2^8 complete
    GEMV M=1024, N=2^10 complete
    GEMV M=1024, N=2^12 complete
    GEMV M=1024, N=2^14 complete
    GEMV M=1024, N=2^16 complete
e3m28 (32 bit, 16 strategies)
  uniform_0_1
    DOT N=2^12 complete
    DOT N=2^16 complete
    DOT N=2^20 complete
    DOT N=2^24 complete
    DOT N=2^27 complete
    GEMV M=1024, N=2^8 complete
    GEMV M=1024, N=2^10 complete
    GEMV M=1024, N=2^12 complete
    GEMV M=1024, N=2^14 complete
    GEMV M=1024, N=2^16 complete
  normal_0_1
    DOT N=2^12 complete
    DOT N=2^16 complete
    DOT N=2^20 complete
    DOT N=2^24 complete
    DOT N=2^27 complete
    GEMV M=1024, N=2^8 complete
    GEMV M=1024, N=2^10 complete
    GEMV M=1024, N=2^12 complete
    GEMV M=1024, N=2^14 complete
    GEMV M=1024, N=2^16 complete
fp16_e5m10 (16 bit, 20 strategies)
  uniform_0_1
    DOT N=2^12 complete
    DOT N=2^16 complete
    DOT N=2^20 complete
    DOT N=2^24 complete
    DOT N=2^27 complete
    GEMV M=1024, N=2^8 complete
    GEMV M=1024, N=2^10 complete
    GEMV M=1024, N=2^12 complete
    GEMV M=1024, N=2^14 complete
    GEMV M=1024, N=2^16 complete
  normal_0_1
    DOT N=2^12 complete
    DOT N=2^16 complete
    DOT N=2^20 complete
    DOT N=2^24 complete
    DOT N=2^27 complete
    GEMV M=1024, N=2^8 complete
    GEMV M=1024, N=2^10 complete
    GEMV M=1024, N=2^12 complete
    GEMV M=1024, N=2^14 complete
    GEMV M=1024, N=2^16 complete
fp32_e8m23 (32 bit, 17 strategies)
  uniform_0_1
    DOT N=2^12 complete
    DOT N=2^16 complete
    DOT N=2^20 complete
    DOT N=2^24 complete
    DOT N=2^27 complete
    GEMV M=1024, N=2^8 complete
    GEMV M=1024, N=2^10 complete
    GEMV M=1024, N=2^12 complete
    GEMV M=1024, N=2^14 complete
    GEMV M=1024, N=2^16 complete
  normal_0_1
    DOT N=2^12 complete
    DOT N=2^16 complete
    DOT N=2^20 complete
    DOT N=2^24 complete
    DOT N=2^27 complete
    GEMV M=1024, N=2^8 complete
    GEMV M=1024, N=2^10 complete
    GEMV M=1024, N=2^12 complete
    GEMV M=1024, N=2^14 complete
    GEMV M=1024, N=2^16 complete
fp8_e4m3 (8 bit, 30 strategies)
  uniform_0_1
    DOT N=2^12 complete
    DOT N=2^16 complete
    DOT N=2^20 complete
    DOT N=2^24 complete
    DOT N=2^27 complete
    GEMV M=1024, N=2^8 complete
    GEMV M=1024, N=2^10 complete
    GEMV M=1024, N=2^12 complete
    GEMV M=1024, N=2^14 complete
    GEMV M=1024, N=2^16 complete
  normal_0_1
    DOT N=2^12 complete
    DOT N=2^16 complete
    DOT N=2^20 complete
    DOT N=2^24 complete
    DOT N=2^27 complete
    GEMV M=1024, N=2^8 complete
    GEMV M=1024, N=2^10 complete
    GEMV M=1024, N=2^12 complete
    GEMV M=1024, N=2^14 complete
    GEMV M=1024, N=2^16 complete
fp8_e5m2 (8 bit, 30 strategies)
  uniform_0_1
    DOT N=2^12 complete
    DOT N=2^16 complete
    DOT N=2^20 complete
    DOT N=2^24 complete
    DOT N=2^27 complete
    GEMV M=1024, N=2^8 complete
    GEMV M=1024, N=2^10 complete
    GEMV M=1024, N=2^12 complete
    GEMV M=1024, N=2^14 complete
    GEMV M=1024, N=2^16 complete
  normal_0_1
    DOT N=2^12 complete
    DOT N=2^16 complete
    DOT N=2^20 complete
    DOT N=2^24 complete
    DOT N=2^27 complete
    GEMV M=1024, N=2^8 complete
    GEMV M=1024, N=2^10 complete
    GEMV M=1024, N=2^12 complete
    GEMV M=1024, N=2^14 complete
    GEMV M=1024, N=2^16 complete
Wrote /storage/home/timofeirusanov/accessor_universal_test/results/015_all_format_strategy_performance/run_20260809T143636Z/timing_samples.csv
Validated 89400 samples in 5960 groups across 14 formats; 15 samples per variant
Wrote /storage/home/timofeirusanov/accessor_universal_test/results/015_all_format_strategy_performance/run_20260809T143636Z/timing_summary.csv
Wrote /storage/home/timofeirusanov/accessor_universal_test/results/015_all_format_strategy_performance/run_20260809T143636Z/strategy_inventory.csv
Wrote /storage/home/timofeirusanov/accessor_universal_test/results/015_all_format_strategy_performance/run_20260809T143636Z/case_winners.csv
Wrote /storage/home/timofeirusanov/accessor_universal_test/results/015_all_format_strategy_performance/run_20260809T143636Z/strategy_rankings.csv

All-format strategy benchmark complete:
  /storage/home/timofeirusanov/accessor_universal_test/results/015_all_format_strategy_performance/run_20260809T143636Z
  /storage/home/timofeirusanov/accessor_universal_test/results/015_all_format_strategy_performance/run_20260809T143636Z/timing_samples.csv
  /storage/home/timofeirusanov/accessor_universal_test/results/015_all_format_strategy_performance/run_20260809T143636Z/timing_summary.csv
  /storage/home/timofeirusanov/accessor_universal_test/results/015_all_format_strategy_performance/run_20260809T143636Z/case_winners.csv
  /storage/home/timofeirusanov/accessor_universal_test/results/015_all_format_strategy_performance/run_20260809T143636Z/strategy_rankings.csv
