-- Configuring done (0.1s)
-- Generating done (0.3s)
-- Build files have been written to: /storage/home/timofeirusanov/accessor_universal_test/build-h200
[ 50%] Building CUDA object CMakeFiles/storage_performance_bench.dir/src/storage_performance_bench.cu.o
/storage/home/timofeirusanov/accessor_universal_test/src/storage_performance_bench.cu(638): warning #2361-D: invalid narrowing conversion from "int" to "unsigned long"
    device_buffer<unsigned long long> integer_sink{max_blocks};
                                                   ^
          detected during:
            instantiation of "void <unnamed>::run_format_sweep<Format>(const <unnamed>::options &, const <unnamed>::device_info &, <unnamed>::distribution, const double *, const double *, const double *, const double *, <unnamed>::sample_output &, <unnamed>::event_timer &) [with Format=aut::storage::e1m6]" at line 733
            instantiation of "void <unnamed>::run_sweep_formats<Formats...>(const <unnamed>::options &, const <unnamed>::device_info &, <unnamed>::distribution, const double *, const double *, const double *, const double *, <unnamed>::sample_output &, <unnamed>::event_timer &) [with Formats=<aut::storage::e1m6, aut::storage::e2m5, aut::storage::e3m4, aut::storage::fp8_e4m3, aut::storage::fp8_e5m2, aut::storage::e1m14, aut::storage::e2m13, aut::storage::e3m12, aut::storage::fp16_e5m10, aut::storage::bf16_e8m7, aut::storage::e11m4, aut::storage::e1m30, aut::storage::e2m29, aut::storage::e3m28, aut::storage::fp32_e8m23, aut::storage::e11m20, aut::storage::fp64_e11m52>]" at line 762

Remark: The warnings can be suppressed with "-diag-suppress <warning-number>"

/storage/home/timofeirusanov/accessor_universal_test/src/storage_performance_bench.cu(639): warning #2361-D: invalid narrowing conversion from "int" to "unsigned long"
    device_buffer<double> partials{max_blocks};
                                   ^
          detected during:
            instantiation of "void <unnamed>::run_format_sweep<Format>(const <unnamed>::options &, const <unnamed>::device_info &, <unnamed>::distribution, const double *, const double *, const double *, const double *, <unnamed>::sample_output &, <unnamed>::event_timer &) [with Format=aut::storage::e1m6]" at line 733
            instantiation of "void <unnamed>::run_sweep_formats<Formats...>(const <unnamed>::options &, const <unnamed>::device_info &, <unnamed>::distribution, const double *, const double *, const double *, const double *, <unnamed>::sample_output &, <unnamed>::event_timer &) [with Formats=<aut::storage::e1m6, aut::storage::e2m5, aut::storage::e3m4, aut::storage::fp8_e4m3, aut::storage::fp8_e5m2, aut::storage::e1m14, aut::storage::e2m13, aut::storage::e3m12, aut::storage::fp16_e5m10, aut::storage::bf16_e8m7, aut::storage::e11m4, aut::storage::e1m30, aut::storage::e2m29, aut::storage::e3m28, aut::storage::fp32_e8m23, aut::storage::e11m20, aut::storage::fp64_e11m52>]" at line 762

/storage/home/timofeirusanov/accessor_universal_test/src/storage_performance_bench.cu(638): warning #2361-D: invalid narrowing conversion from "int" to "unsigned long"
    device_buffer<unsigned long long> integer_sink{max_blocks};
                                                   ^
          detected during:
            instantiation of "void <unnamed>::run_format_sweep<Format>(const <unnamed>::options &, const <unnamed>::device_info &, <unnamed>::distribution, const double *, const double *, const double *, const double *, <unnamed>::sample_output &, <unnamed>::event_timer &) [with Format=aut::storage::e2m5]" at line 733
            instantiation of "void <unnamed>::run_sweep_formats<Formats...>(const <unnamed>::options &, const <unnamed>::device_info &, <unnamed>::distribution, const double *, const double *, const double *, const double *, <unnamed>::sample_output &, <unnamed>::event_timer &) [with Formats=<aut::storage::e1m6, aut::storage::e2m5, aut::storage::e3m4, aut::storage::fp8_e4m3, aut::storage::fp8_e5m2, aut::storage::e1m14, aut::storage::e2m13, aut::storage::e3m12, aut::storage::fp16_e5m10, aut::storage::bf16_e8m7, aut::storage::e11m4, aut::storage::e1m30, aut::storage::e2m29, aut::storage::e3m28, aut::storage::fp32_e8m23, aut::storage::e11m20, aut::storage::fp64_e11m52>]" at line 762

/storage/home/timofeirusanov/accessor_universal_test/src/storage_performance_bench.cu(639): warning #2361-D: invalid narrowing conversion from "int" to "unsigned long"
    device_buffer<double> partials{max_blocks};
                                   ^
          detected during:
            instantiation of "void <unnamed>::run_format_sweep<Format>(const <unnamed>::options &, const <unnamed>::device_info &, <unnamed>::distribution, const double *, const double *, const double *, const double *, <unnamed>::sample_output &, <unnamed>::event_timer &) [with Format=aut::storage::e2m5]" at line 733
            instantiation of "void <unnamed>::run_sweep_formats<Formats...>(const <unnamed>::options &, const <unnamed>::device_info &, <unnamed>::distribution, const double *, const double *, const double *, const double *, <unnamed>::sample_output &, <unnamed>::event_timer &) [with Formats=<aut::storage::e1m6, aut::storage::e2m5, aut::storage::e3m4, aut::storage::fp8_e4m3, aut::storage::fp8_e5m2, aut::storage::e1m14, aut::storage::e2m13, aut::storage::e3m12, aut::storage::fp16_e5m10, aut::storage::bf16_e8m7, aut::storage::e11m4, aut::storage::e1m30, aut::storage::e2m29, aut::storage::e3m28, aut::storage::fp32_e8m23, aut::storage::e11m20, aut::storage::fp64_e11m52>]" at line 762

/storage/home/timofeirusanov/accessor_universal_test/src/storage_performance_bench.cu(638): warning #2361-D: invalid narrowing conversion from "int" to "unsigned long"
    device_buffer<unsigned long long> integer_sink{max_blocks};
                                                   ^
          detected during:
            instantiation of "void <unnamed>::run_format_sweep<Format>(const <unnamed>::options &, const <unnamed>::device_info &, <unnamed>::distribution, const double *, const double *, const double *, const double *, <unnamed>::sample_output &, <unnamed>::event_timer &) [with Format=aut::storage::e3m4]" at line 733
            instantiation of "void <unnamed>::run_sweep_formats<Formats...>(const <unnamed>::options &, const <unnamed>::device_info &, <unnamed>::distribution, const double *, const double *, const double *, const double *, <unnamed>::sample_output &, <unnamed>::event_timer &) [with Formats=<aut::storage::e1m6, aut::storage::e2m5, aut::storage::e3m4, aut::storage::fp8_e4m3, aut::storage::fp8_e5m2, aut::storage::e1m14, aut::storage::e2m13, aut::storage::e3m12, aut::storage::fp16_e5m10, aut::storage::bf16_e8m7, aut::storage::e11m4, aut::storage::e1m30, aut::storage::e2m29, aut::storage::e3m28, aut::storage::fp32_e8m23, aut::storage::e11m20, aut::storage::fp64_e11m52>]" at line 762

/storage/home/timofeirusanov/accessor_universal_test/src/storage_performance_bench.cu(639): warning #2361-D: invalid narrowing conversion from "int" to "unsigned long"
    device_buffer<double> partials{max_blocks};
                                   ^
          detected during:
            instantiation of "void <unnamed>::run_format_sweep<Format>(const <unnamed>::options &, const <unnamed>::device_info &, <unnamed>::distribution, const double *, const double *, const double *, const double *, <unnamed>::sample_output &, <unnamed>::event_timer &) [with Format=aut::storage::e3m4]" at line 733
            instantiation of "void <unnamed>::run_sweep_formats<Formats...>(const <unnamed>::options &, const <unnamed>::device_info &, <unnamed>::distribution, const double *, const double *, const double *, const double *, <unnamed>::sample_output &, <unnamed>::event_timer &) [with Formats=<aut::storage::e1m6, aut::storage::e2m5, aut::storage::e3m4, aut::storage::fp8_e4m3, aut::storage::fp8_e5m2, aut::storage::e1m14, aut::storage::e2m13, aut::storage::e3m12, aut::storage::fp16_e5m10, aut::storage::bf16_e8m7, aut::storage::e11m4, aut::storage::e1m30, aut::storage::e2m29, aut::storage::e3m28, aut::storage::fp32_e8m23, aut::storage::e11m20, aut::storage::fp64_e11m52>]" at line 762

/storage/home/timofeirusanov/accessor_universal_test/src/storage_performance_bench.cu(638): warning #2361-D: invalid narrowing conversion from "int" to "unsigned long"
    device_buffer<unsigned long long> integer_sink{max_blocks};
                                                   ^
          detected during:
            instantiation of "void <unnamed>::run_format_sweep<Format>(const <unnamed>::options &, const <unnamed>::device_info &, <unnamed>::distribution, const double *, const double *, const double *, const double *, <unnamed>::sample_output &, <unnamed>::event_timer &) [with Format=aut::storage::fp8_e4m3]" at line 733
            instantiation of "void <unnamed>::run_sweep_formats<Formats...>(const <unnamed>::options &, const <unnamed>::device_info &, <unnamed>::distribution, const double *, const double *, const double *, const double *, <unnamed>::sample_output &, <unnamed>::event_timer &) [with Formats=<aut::storage::e1m6, aut::storage::e2m5, aut::storage::e3m4, aut::storage::fp8_e4m3, aut::storage::fp8_e5m2, aut::storage::e1m14, aut::storage::e2m13, aut::storage::e3m12, aut::storage::fp16_e5m10, aut::storage::bf16_e8m7, aut::storage::e11m4, aut::storage::e1m30, aut::storage::e2m29, aut::storage::e3m28, aut::storage::fp32_e8m23, aut::storage::e11m20, aut::storage::fp64_e11m52>]" at line 762

/storage/home/timofeirusanov/accessor_universal_test/src/storage_performance_bench.cu(639): warning #2361-D: invalid narrowing conversion from "int" to "unsigned long"
    device_buffer<double> partials{max_blocks};
                                   ^
          detected during:
            instantiation of "void <unnamed>::run_format_sweep<Format>(const <unnamed>::options &, const <unnamed>::device_info &, <unnamed>::distribution, const double *, const double *, const double *, const double *, <unnamed>::sample_output &, <unnamed>::event_timer &) [with Format=aut::storage::fp8_e4m3]" at line 733
            instantiation of "void <unnamed>::run_sweep_formats<Formats...>(const <unnamed>::options &, const <unnamed>::device_info &, <unnamed>::distribution, const double *, const double *, const double *, const double *, <unnamed>::sample_output &, <unnamed>::event_timer &) [with Formats=<aut::storage::e1m6, aut::storage::e2m5, aut::storage::e3m4, aut::storage::fp8_e4m3, aut::storage::fp8_e5m2, aut::storage::e1m14, aut::storage::e2m13, aut::storage::e3m12, aut::storage::fp16_e5m10, aut::storage::bf16_e8m7, aut::storage::e11m4, aut::storage::e1m30, aut::storage::e2m29, aut::storage::e3m28, aut::storage::fp32_e8m23, aut::storage::e11m20, aut::storage::fp64_e11m52>]" at line 762

/storage/home/timofeirusanov/accessor_universal_test/src/storage_performance_bench.cu(638): warning #2361-D: invalid narrowing conversion from "int" to "unsigned long"
    device_buffer<unsigned long long> integer_sink{max_blocks};
                                                   ^
          detected during:
            instantiation of "void <unnamed>::run_format_sweep<Format>(const <unnamed>::options &, const <unnamed>::device_info &, <unnamed>::distribution, const double *, const double *, const double *, const double *, <unnamed>::sample_output &, <unnamed>::event_timer &) [with Format=aut::storage::fp8_e5m2]" at line 733
            instantiation of "void <unnamed>::run_sweep_formats<Formats...>(const <unnamed>::options &, const <unnamed>::device_info &, <unnamed>::distribution, const double *, const double *, const double *, const double *, <unnamed>::sample_output &, <unnamed>::event_timer &) [with Formats=<aut::storage::e1m6, aut::storage::e2m5, aut::storage::e3m4, aut::storage::fp8_e4m3, aut::storage::fp8_e5m2, aut::storage::e1m14, aut::storage::e2m13, aut::storage::e3m12, aut::storage::fp16_e5m10, aut::storage::bf16_e8m7, aut::storage::e11m4, aut::storage::e1m30, aut::storage::e2m29, aut::storage::e3m28, aut::storage::fp32_e8m23, aut::storage::e11m20, aut::storage::fp64_e11m52>]" at line 762

/storage/home/timofeirusanov/accessor_universal_test/src/storage_performance_bench.cu(639): warning #2361-D: invalid narrowing conversion from "int" to "unsigned long"
    device_buffer<double> partials{max_blocks};
                                   ^
          detected during:
            instantiation of "void <unnamed>::run_format_sweep<Format>(const <unnamed>::options &, const <unnamed>::device_info &, <unnamed>::distribution, const double *, const double *, const double *, const double *, <unnamed>::sample_output &, <unnamed>::event_timer &) [with Format=aut::storage::fp8_e5m2]" at line 733
            instantiation of "void <unnamed>::run_sweep_formats<Formats...>(const <unnamed>::options &, const <unnamed>::device_info &, <unnamed>::distribution, const double *, const double *, const double *, const double *, <unnamed>::sample_output &, <unnamed>::event_timer &) [with Formats=<aut::storage::e1m6, aut::storage::e2m5, aut::storage::e3m4, aut::storage::fp8_e4m3, aut::storage::fp8_e5m2, aut::storage::e1m14, aut::storage::e2m13, aut::storage::e3m12, aut::storage::fp16_e5m10, aut::storage::bf16_e8m7, aut::storage::e11m4, aut::storage::e1m30, aut::storage::e2m29, aut::storage::e3m28, aut::storage::fp32_e8m23, aut::storage::e11m20, aut::storage::fp64_e11m52>]" at line 762

/storage/home/timofeirusanov/accessor_universal_test/src/storage_performance_bench.cu(638): warning #2361-D: invalid narrowing conversion from "int" to "unsigned long"
    device_buffer<unsigned long long> integer_sink{max_blocks};
                                                   ^
          detected during:
            instantiation of "void <unnamed>::run_format_sweep<Format>(const <unnamed>::options &, const <unnamed>::device_info &, <unnamed>::distribution, const double *, const double *, const double *, const double *, <unnamed>::sample_output &, <unnamed>::event_timer &) [with Format=aut::storage::e1m14]" at line 733
            instantiation of "void <unnamed>::run_sweep_formats<Formats...>(const <unnamed>::options &, const <unnamed>::device_info &, <unnamed>::distribution, const double *, const double *, const double *, const double *, <unnamed>::sample_output &, <unnamed>::event_timer &) [with Formats=<aut::storage::e1m6, aut::storage::e2m5, aut::storage::e3m4, aut::storage::fp8_e4m3, aut::storage::fp8_e5m2, aut::storage::e1m14, aut::storage::e2m13, aut::storage::e3m12, aut::storage::fp16_e5m10, aut::storage::bf16_e8m7, aut::storage::e11m4, aut::storage::e1m30, aut::storage::e2m29, aut::storage::e3m28, aut::storage::fp32_e8m23, aut::storage::e11m20, aut::storage::fp64_e11m52>]" at line 762

/storage/home/timofeirusanov/accessor_universal_test/src/storage_performance_bench.cu(639): warning #2361-D: invalid narrowing conversion from "int" to "unsigned long"
    device_buffer<double> partials{max_blocks};
                                   ^
          detected during:
            instantiation of "void <unnamed>::run_format_sweep<Format>(const <unnamed>::options &, const <unnamed>::device_info &, <unnamed>::distribution, const double *, const double *, const double *, const double *, <unnamed>::sample_output &, <unnamed>::event_timer &) [with Format=aut::storage::e1m14]" at line 733
            instantiation of "void <unnamed>::run_sweep_formats<Formats...>(const <unnamed>::options &, const <unnamed>::device_info &, <unnamed>::distribution, const double *, const double *, const double *, const double *, <unnamed>::sample_output &, <unnamed>::event_timer &) [with Formats=<aut::storage::e1m6, aut::storage::e2m5, aut::storage::e3m4, aut::storage::fp8_e4m3, aut::storage::fp8_e5m2, aut::storage::e1m14, aut::storage::e2m13, aut::storage::e3m12, aut::storage::fp16_e5m10, aut::storage::bf16_e8m7, aut::storage::e11m4, aut::storage::e1m30, aut::storage::e2m29, aut::storage::e3m28, aut::storage::fp32_e8m23, aut::storage::e11m20, aut::storage::fp64_e11m52>]" at line 762

/storage/home/timofeirusanov/accessor_universal_test/src/storage_performance_bench.cu(638): warning #2361-D: invalid narrowing conversion from "int" to "unsigned long"
    device_buffer<unsigned long long> integer_sink{max_blocks};
                                                   ^
          detected during:
            instantiation of "void <unnamed>::run_format_sweep<Format>(const <unnamed>::options &, const <unnamed>::device_info &, <unnamed>::distribution, const double *, const double *, const double *, const double *, <unnamed>::sample_output &, <unnamed>::event_timer &) [with Format=aut::storage::e2m13]" at line 733
            instantiation of "void <unnamed>::run_sweep_formats<Formats...>(const <unnamed>::options &, const <unnamed>::device_info &, <unnamed>::distribution, const double *, const double *, const double *, const double *, <unnamed>::sample_output &, <unnamed>::event_timer &) [with Formats=<aut::storage::e1m6, aut::storage::e2m5, aut::storage::e3m4, aut::storage::fp8_e4m3, aut::storage::fp8_e5m2, aut::storage::e1m14, aut::storage::e2m13, aut::storage::e3m12, aut::storage::fp16_e5m10, aut::storage::bf16_e8m7, aut::storage::e11m4, aut::storage::e1m30, aut::storage::e2m29, aut::storage::e3m28, aut::storage::fp32_e8m23, aut::storage::e11m20, aut::storage::fp64_e11m52>]" at line 762

/storage/home/timofeirusanov/accessor_universal_test/src/storage_performance_bench.cu(639): warning #2361-D: invalid narrowing conversion from "int" to "unsigned long"
    device_buffer<double> partials{max_blocks};
                                   ^
          detected during:
            instantiation of "void <unnamed>::run_format_sweep<Format>(const <unnamed>::options &, const <unnamed>::device_info &, <unnamed>::distribution, const double *, const double *, const double *, const double *, <unnamed>::sample_output &, <unnamed>::event_timer &) [with Format=aut::storage::e2m13]" at line 733
            instantiation of "void <unnamed>::run_sweep_formats<Formats...>(const <unnamed>::options &, const <unnamed>::device_info &, <unnamed>::distribution, const double *, const double *, const double *, const double *, <unnamed>::sample_output &, <unnamed>::event_timer &) [with Formats=<aut::storage::e1m6, aut::storage::e2m5, aut::storage::e3m4, aut::storage::fp8_e4m3, aut::storage::fp8_e5m2, aut::storage::e1m14, aut::storage::e2m13, aut::storage::e3m12, aut::storage::fp16_e5m10, aut::storage::bf16_e8m7, aut::storage::e11m4, aut::storage::e1m30, aut::storage::e2m29, aut::storage::e3m28, aut::storage::fp32_e8m23, aut::storage::e11m20, aut::storage::fp64_e11m52>]" at line 762

/storage/home/timofeirusanov/accessor_universal_test/src/storage_performance_bench.cu(638): warning #2361-D: invalid narrowing conversion from "int" to "unsigned long"
    device_buffer<unsigned long long> integer_sink{max_blocks};
                                                   ^
          detected during:
            instantiation of "void <unnamed>::run_format_sweep<Format>(const <unnamed>::options &, const <unnamed>::device_info &, <unnamed>::distribution, const double *, const double *, const double *, const double *, <unnamed>::sample_output &, <unnamed>::event_timer &) [with Format=aut::storage::e3m12]" at line 733
            instantiation of "void <unnamed>::run_sweep_formats<Formats...>(const <unnamed>::options &, const <unnamed>::device_info &, <unnamed>::distribution, const double *, const double *, const double *, const double *, <unnamed>::sample_output &, <unnamed>::event_timer &) [with Formats=<aut::storage::e1m6, aut::storage::e2m5, aut::storage::e3m4, aut::storage::fp8_e4m3, aut::storage::fp8_e5m2, aut::storage::e1m14, aut::storage::e2m13, aut::storage::e3m12, aut::storage::fp16_e5m10, aut::storage::bf16_e8m7, aut::storage::e11m4, aut::storage::e1m30, aut::storage::e2m29, aut::storage::e3m28, aut::storage::fp32_e8m23, aut::storage::e11m20, aut::storage::fp64_e11m52>]" at line 762

/storage/home/timofeirusanov/accessor_universal_test/src/storage_performance_bench.cu(639): warning #2361-D: invalid narrowing conversion from "int" to "unsigned long"
    device_buffer<double> partials{max_blocks};
                                   ^
          detected during:
            instantiation of "void <unnamed>::run_format_sweep<Format>(const <unnamed>::options &, const <unnamed>::device_info &, <unnamed>::distribution, const double *, const double *, const double *, const double *, <unnamed>::sample_output &, <unnamed>::event_timer &) [with Format=aut::storage::e3m12]" at line 733
            instantiation of "void <unnamed>::run_sweep_formats<Formats...>(const <unnamed>::options &, const <unnamed>::device_info &, <unnamed>::distribution, const double *, const double *, const double *, const double *, <unnamed>::sample_output &, <unnamed>::event_timer &) [with Formats=<aut::storage::e1m6, aut::storage::e2m5, aut::storage::e3m4, aut::storage::fp8_e4m3, aut::storage::fp8_e5m2, aut::storage::e1m14, aut::storage::e2m13, aut::storage::e3m12, aut::storage::fp16_e5m10, aut::storage::bf16_e8m7, aut::storage::e11m4, aut::storage::e1m30, aut::storage::e2m29, aut::storage::e3m28, aut::storage::fp32_e8m23, aut::storage::e11m20, aut::storage::fp64_e11m52>]" at line 762

/storage/home/timofeirusanov/accessor_universal_test/src/storage_performance_bench.cu(638): warning #2361-D: invalid narrowing conversion from "int" to "unsigned long"
    device_buffer<unsigned long long> integer_sink{max_blocks};
                                                   ^
          detected during:
            instantiation of "void <unnamed>::run_format_sweep<Format>(const <unnamed>::options &, const <unnamed>::device_info &, <unnamed>::distribution, const double *, const double *, const double *, const double *, <unnamed>::sample_output &, <unnamed>::event_timer &) [with Format=aut::storage::fp16_e5m10]" at line 733
            instantiation of "void <unnamed>::run_sweep_formats<Formats...>(const <unnamed>::options &, const <unnamed>::device_info &, <unnamed>::distribution, const double *, const double *, const double *, const double *, <unnamed>::sample_output &, <unnamed>::event_timer &) [with Formats=<aut::storage::e1m6, aut::storage::e2m5, aut::storage::e3m4, aut::storage::fp8_e4m3, aut::storage::fp8_e5m2, aut::storage::e1m14, aut::storage::e2m13, aut::storage::e3m12, aut::storage::fp16_e5m10, aut::storage::bf16_e8m7, aut::storage::e11m4, aut::storage::e1m30, aut::storage::e2m29, aut::storage::e3m28, aut::storage::fp32_e8m23, aut::storage::e11m20, aut::storage::fp64_e11m52>]" at line 762

/storage/home/timofeirusanov/accessor_universal_test/src/storage_performance_bench.cu(639): warning #2361-D: invalid narrowing conversion from "int" to "unsigned long"
    device_buffer<double> partials{max_blocks};
                                   ^
          detected during:
            instantiation of "void <unnamed>::run_format_sweep<Format>(const <unnamed>::options &, const <unnamed>::device_info &, <unnamed>::distribution, const double *, const double *, const double *, const double *, <unnamed>::sample_output &, <unnamed>::event_timer &) [with Format=aut::storage::fp16_e5m10]" at line 733
            instantiation of "void <unnamed>::run_sweep_formats<Formats...>(const <unnamed>::options &, const <unnamed>::device_info &, <unnamed>::distribution, const double *, const double *, const double *, const double *, <unnamed>::sample_output &, <unnamed>::event_timer &) [with Formats=<aut::storage::e1m6, aut::storage::e2m5, aut::storage::e3m4, aut::storage::fp8_e4m3, aut::storage::fp8_e5m2, aut::storage::e1m14, aut::storage::e2m13, aut::storage::e3m12, aut::storage::fp16_e5m10, aut::storage::bf16_e8m7, aut::storage::e11m4, aut::storage::e1m30, aut::storage::e2m29, aut::storage::e3m28, aut::storage::fp32_e8m23, aut::storage::e11m20, aut::storage::fp64_e11m52>]" at line 762

/storage/home/timofeirusanov/accessor_universal_test/src/storage_performance_bench.cu(638): warning #2361-D: invalid narrowing conversion from "int" to "unsigned long"
    device_buffer<unsigned long long> integer_sink{max_blocks};
                                                   ^
          detected during:
            instantiation of "void <unnamed>::run_format_sweep<Format>(const <unnamed>::options &, const <unnamed>::device_info &, <unnamed>::distribution, const double *, const double *, const double *, const double *, <unnamed>::sample_output &, <unnamed>::event_timer &) [with Format=aut::storage::bf16_e8m7]" at line 733
            instantiation of "void <unnamed>::run_sweep_formats<Formats...>(const <unnamed>::options &, const <unnamed>::device_info &, <unnamed>::distribution, const double *, const double *, const double *, const double *, <unnamed>::sample_output &, <unnamed>::event_timer &) [with Formats=<aut::storage::e1m6, aut::storage::e2m5, aut::storage::e3m4, aut::storage::fp8_e4m3, aut::storage::fp8_e5m2, aut::storage::e1m14, aut::storage::e2m13, aut::storage::e3m12, aut::storage::fp16_e5m10, aut::storage::bf16_e8m7, aut::storage::e11m4, aut::storage::e1m30, aut::storage::e2m29, aut::storage::e3m28, aut::storage::fp32_e8m23, aut::storage::e11m20, aut::storage::fp64_e11m52>]" at line 762

/storage/home/timofeirusanov/accessor_universal_test/src/storage_performance_bench.cu(639): warning #2361-D: invalid narrowing conversion from "int" to "unsigned long"
    device_buffer<double> partials{max_blocks};
                                   ^
          detected during:
            instantiation of "void <unnamed>::run_format_sweep<Format>(const <unnamed>::options &, const <unnamed>::device_info &, <unnamed>::distribution, const double *, const double *, const double *, const double *, <unnamed>::sample_output &, <unnamed>::event_timer &) [with Format=aut::storage::bf16_e8m7]" at line 733
            instantiation of "void <unnamed>::run_sweep_formats<Formats...>(const <unnamed>::options &, const <unnamed>::device_info &, <unnamed>::distribution, const double *, const double *, const double *, const double *, <unnamed>::sample_output &, <unnamed>::event_timer &) [with Formats=<aut::storage::e1m6, aut::storage::e2m5, aut::storage::e3m4, aut::storage::fp8_e4m3, aut::storage::fp8_e5m2, aut::storage::e1m14, aut::storage::e2m13, aut::storage::e3m12, aut::storage::fp16_e5m10, aut::storage::bf16_e8m7, aut::storage::e11m4, aut::storage::e1m30, aut::storage::e2m29, aut::storage::e3m28, aut::storage::fp32_e8m23, aut::storage::e11m20, aut::storage::fp64_e11m52>]" at line 762

/storage/home/timofeirusanov/accessor_universal_test/src/storage_performance_bench.cu(638): warning #2361-D: invalid narrowing conversion from "int" to "unsigned long"
    device_buffer<unsigned long long> integer_sink{max_blocks};
                                                   ^
          detected during:
            instantiation of "void <unnamed>::run_format_sweep<Format>(const <unnamed>::options &, const <unnamed>::device_info &, <unnamed>::distribution, const double *, const double *, const double *, const double *, <unnamed>::sample_output &, <unnamed>::event_timer &) [with Format=aut::storage::e11m4]" at line 733
            instantiation of "void <unnamed>::run_sweep_formats<Formats...>(const <unnamed>::options &, const <unnamed>::device_info &, <unnamed>::distribution, const double *, const double *, const double *, const double *, <unnamed>::sample_output &, <unnamed>::event_timer &) [with Formats=<aut::storage::e1m6, aut::storage::e2m5, aut::storage::e3m4, aut::storage::fp8_e4m3, aut::storage::fp8_e5m2, aut::storage::e1m14, aut::storage::e2m13, aut::storage::e3m12, aut::storage::fp16_e5m10, aut::storage::bf16_e8m7, aut::storage::e11m4, aut::storage::e1m30, aut::storage::e2m29, aut::storage::e3m28, aut::storage::fp32_e8m23, aut::storage::e11m20, aut::storage::fp64_e11m52>]" at line 762

/storage/home/timofeirusanov/accessor_universal_test/src/storage_performance_bench.cu(639): warning #2361-D: invalid narrowing conversion from "int" to "unsigned long"
    device_buffer<double> partials{max_blocks};
                                   ^
          detected during:
            instantiation of "void <unnamed>::run_format_sweep<Format>(const <unnamed>::options &, const <unnamed>::device_info &, <unnamed>::distribution, const double *, const double *, const double *, const double *, <unnamed>::sample_output &, <unnamed>::event_timer &) [with Format=aut::storage::e11m4]" at line 733
            instantiation of "void <unnamed>::run_sweep_formats<Formats...>(const <unnamed>::options &, const <unnamed>::device_info &, <unnamed>::distribution, const double *, const double *, const double *, const double *, <unnamed>::sample_output &, <unnamed>::event_timer &) [with Formats=<aut::storage::e1m6, aut::storage::e2m5, aut::storage::e3m4, aut::storage::fp8_e4m3, aut::storage::fp8_e5m2, aut::storage::e1m14, aut::storage::e2m13, aut::storage::e3m12, aut::storage::fp16_e5m10, aut::storage::bf16_e8m7, aut::storage::e11m4, aut::storage::e1m30, aut::storage::e2m29, aut::storage::e3m28, aut::storage::fp32_e8m23, aut::storage::e11m20, aut::storage::fp64_e11m52>]" at line 762

/storage/home/timofeirusanov/accessor_universal_test/src/storage_performance_bench.cu(638): warning #2361-D: invalid narrowing conversion from "int" to "unsigned long"
    device_buffer<unsigned long long> integer_sink{max_blocks};
                                                   ^
          detected during:
            instantiation of "void <unnamed>::run_format_sweep<Format>(const <unnamed>::options &, const <unnamed>::device_info &, <unnamed>::distribution, const double *, const double *, const double *, const double *, <unnamed>::sample_output &, <unnamed>::event_timer &) [with Format=aut::storage::e1m30]" at line 733
            instantiation of "void <unnamed>::run_sweep_formats<Formats...>(const <unnamed>::options &, const <unnamed>::device_info &, <unnamed>::distribution, const double *, const double *, const double *, const double *, <unnamed>::sample_output &, <unnamed>::event_timer &) [with Formats=<aut::storage::e1m6, aut::storage::e2m5, aut::storage::e3m4, aut::storage::fp8_e4m3, aut::storage::fp8_e5m2, aut::storage::e1m14, aut::storage::e2m13, aut::storage::e3m12, aut::storage::fp16_e5m10, aut::storage::bf16_e8m7, aut::storage::e11m4, aut::storage::e1m30, aut::storage::e2m29, aut::storage::e3m28, aut::storage::fp32_e8m23, aut::storage::e11m20, aut::storage::fp64_e11m52>]" at line 762

/storage/home/timofeirusanov/accessor_universal_test/src/storage_performance_bench.cu(639): warning #2361-D: invalid narrowing conversion from "int" to "unsigned long"
    device_buffer<double> partials{max_blocks};
                                   ^
          detected during:
            instantiation of "void <unnamed>::run_format_sweep<Format>(const <unnamed>::options &, const <unnamed>::device_info &, <unnamed>::distribution, const double *, const double *, const double *, const double *, <unnamed>::sample_output &, <unnamed>::event_timer &) [with Format=aut::storage::e1m30]" at line 733
            instantiation of "void <unnamed>::run_sweep_formats<Formats...>(const <unnamed>::options &, const <unnamed>::device_info &, <unnamed>::distribution, const double *, const double *, const double *, const double *, <unnamed>::sample_output &, <unnamed>::event_timer &) [with Formats=<aut::storage::e1m6, aut::storage::e2m5, aut::storage::e3m4, aut::storage::fp8_e4m3, aut::storage::fp8_e5m2, aut::storage::e1m14, aut::storage::e2m13, aut::storage::e3m12, aut::storage::fp16_e5m10, aut::storage::bf16_e8m7, aut::storage::e11m4, aut::storage::e1m30, aut::storage::e2m29, aut::storage::e3m28, aut::storage::fp32_e8m23, aut::storage::e11m20, aut::storage::fp64_e11m52>]" at line 762

/storage/home/timofeirusanov/accessor_universal_test/src/storage_performance_bench.cu(638): warning #2361-D: invalid narrowing conversion from "int" to "unsigned long"
    device_buffer<unsigned long long> integer_sink{max_blocks};
                                                   ^
          detected during:
            instantiation of "void <unnamed>::run_format_sweep<Format>(const <unnamed>::options &, const <unnamed>::device_info &, <unnamed>::distribution, const double *, const double *, const double *, const double *, <unnamed>::sample_output &, <unnamed>::event_timer &) [with Format=aut::storage::e2m29]" at line 733
            instantiation of "void <unnamed>::run_sweep_formats<Formats...>(const <unnamed>::options &, const <unnamed>::device_info &, <unnamed>::distribution, const double *, const double *, const double *, const double *, <unnamed>::sample_output &, <unnamed>::event_timer &) [with Formats=<aut::storage::e1m6, aut::storage::e2m5, aut::storage::e3m4, aut::storage::fp8_e4m3, aut::storage::fp8_e5m2, aut::storage::e1m14, aut::storage::e2m13, aut::storage::e3m12, aut::storage::fp16_e5m10, aut::storage::bf16_e8m7, aut::storage::e11m4, aut::storage::e1m30, aut::storage::e2m29, aut::storage::e3m28, aut::storage::fp32_e8m23, aut::storage::e11m20, aut::storage::fp64_e11m52>]" at line 762

/storage/home/timofeirusanov/accessor_universal_test/src/storage_performance_bench.cu(639): warning #2361-D: invalid narrowing conversion from "int" to "unsigned long"
    device_buffer<double> partials{max_blocks};
                                   ^
          detected during:
            instantiation of "void <unnamed>::run_format_sweep<Format>(const <unnamed>::options &, const <unnamed>::device_info &, <unnamed>::distribution, const double *, const double *, const double *, const double *, <unnamed>::sample_output &, <unnamed>::event_timer &) [with Format=aut::storage::e2m29]" at line 733
            instantiation of "void <unnamed>::run_sweep_formats<Formats...>(const <unnamed>::options &, const <unnamed>::device_info &, <unnamed>::distribution, const double *, const double *, const double *, const double *, <unnamed>::sample_output &, <unnamed>::event_timer &) [with Formats=<aut::storage::e1m6, aut::storage::e2m5, aut::storage::e3m4, aut::storage::fp8_e4m3, aut::storage::fp8_e5m2, aut::storage::e1m14, aut::storage::e2m13, aut::storage::e3m12, aut::storage::fp16_e5m10, aut::storage::bf16_e8m7, aut::storage::e11m4, aut::storage::e1m30, aut::storage::e2m29, aut::storage::e3m28, aut::storage::fp32_e8m23, aut::storage::e11m20, aut::storage::fp64_e11m52>]" at line 762

/storage/home/timofeirusanov/accessor_universal_test/src/storage_performance_bench.cu(638): warning #2361-D: invalid narrowing conversion from "int" to "unsigned long"
    device_buffer<unsigned long long> integer_sink{max_blocks};
                                                   ^
          detected during:
            instantiation of "void <unnamed>::run_format_sweep<Format>(const <unnamed>::options &, const <unnamed>::device_info &, <unnamed>::distribution, const double *, const double *, const double *, const double *, <unnamed>::sample_output &, <unnamed>::event_timer &) [with Format=aut::storage::e3m28]" at line 733
            instantiation of "void <unnamed>::run_sweep_formats<Formats...>(const <unnamed>::options &, const <unnamed>::device_info &, <unnamed>::distribution, const double *, const double *, const double *, const double *, <unnamed>::sample_output &, <unnamed>::event_timer &) [with Formats=<aut::storage::e1m6, aut::storage::e2m5, aut::storage::e3m4, aut::storage::fp8_e4m3, aut::storage::fp8_e5m2, aut::storage::e1m14, aut::storage::e2m13, aut::storage::e3m12, aut::storage::fp16_e5m10, aut::storage::bf16_e8m7, aut::storage::e11m4, aut::storage::e1m30, aut::storage::e2m29, aut::storage::e3m28, aut::storage::fp32_e8m23, aut::storage::e11m20, aut::storage::fp64_e11m52>]" at line 762

/storage/home/timofeirusanov/accessor_universal_test/src/storage_performance_bench.cu(639): warning #2361-D: invalid narrowing conversion from "int" to "unsigned long"
    device_buffer<double> partials{max_blocks};
                                   ^
          detected during:
            instantiation of "void <unnamed>::run_format_sweep<Format>(const <unnamed>::options &, const <unnamed>::device_info &, <unnamed>::distribution, const double *, const double *, const double *, const double *, <unnamed>::sample_output &, <unnamed>::event_timer &) [with Format=aut::storage::e3m28]" at line 733
            instantiation of "void <unnamed>::run_sweep_formats<Formats...>(const <unnamed>::options &, const <unnamed>::device_info &, <unnamed>::distribution, const double *, const double *, const double *, const double *, <unnamed>::sample_output &, <unnamed>::event_timer &) [with Formats=<aut::storage::e1m6, aut::storage::e2m5, aut::storage::e3m4, aut::storage::fp8_e4m3, aut::storage::fp8_e5m2, aut::storage::e1m14, aut::storage::e2m13, aut::storage::e3m12, aut::storage::fp16_e5m10, aut::storage::bf16_e8m7, aut::storage::e11m4, aut::storage::e1m30, aut::storage::e2m29, aut::storage::e3m28, aut::storage::fp32_e8m23, aut::storage::e11m20, aut::storage::fp64_e11m52>]" at line 762

/storage/home/timofeirusanov/accessor_universal_test/src/storage_performance_bench.cu(638): warning #2361-D: invalid narrowing conversion from "int" to "unsigned long"
    device_buffer<unsigned long long> integer_sink{max_blocks};
                                                   ^
          detected during:
            instantiation of "void <unnamed>::run_format_sweep<Format>(const <unnamed>::options &, const <unnamed>::device_info &, <unnamed>::distribution, const double *, const double *, const double *, const double *, <unnamed>::sample_output &, <unnamed>::event_timer &) [with Format=aut::storage::fp32_e8m23]" at line 733
            instantiation of "void <unnamed>::run_sweep_formats<Formats...>(const <unnamed>::options &, const <unnamed>::device_info &, <unnamed>::distribution, const double *, const double *, const double *, const double *, <unnamed>::sample_output &, <unnamed>::event_timer &) [with Formats=<aut::storage::e1m6, aut::storage::e2m5, aut::storage::e3m4, aut::storage::fp8_e4m3, aut::storage::fp8_e5m2, aut::storage::e1m14, aut::storage::e2m13, aut::storage::e3m12, aut::storage::fp16_e5m10, aut::storage::bf16_e8m7, aut::storage::e11m4, aut::storage::e1m30, aut::storage::e2m29, aut::storage::e3m28, aut::storage::fp32_e8m23, aut::storage::e11m20, aut::storage::fp64_e11m52>]" at line 762

/storage/home/timofeirusanov/accessor_universal_test/src/storage_performance_bench.cu(639): warning #2361-D: invalid narrowing conversion from "int" to "unsigned long"
    device_buffer<double> partials{max_blocks};
                                   ^
          detected during:
            instantiation of "void <unnamed>::run_format_sweep<Format>(const <unnamed>::options &, const <unnamed>::device_info &, <unnamed>::distribution, const double *, const double *, const double *, const double *, <unnamed>::sample_output &, <unnamed>::event_timer &) [with Format=aut::storage::fp32_e8m23]" at line 733
            instantiation of "void <unnamed>::run_sweep_formats<Formats...>(const <unnamed>::options &, const <unnamed>::device_info &, <unnamed>::distribution, const double *, const double *, const double *, const double *, <unnamed>::sample_output &, <unnamed>::event_timer &) [with Formats=<aut::storage::e1m6, aut::storage::e2m5, aut::storage::e3m4, aut::storage::fp8_e4m3, aut::storage::fp8_e5m2, aut::storage::e1m14, aut::storage::e2m13, aut::storage::e3m12, aut::storage::fp16_e5m10, aut::storage::bf16_e8m7, aut::storage::e11m4, aut::storage::e1m30, aut::storage::e2m29, aut::storage::e3m28, aut::storage::fp32_e8m23, aut::storage::e11m20, aut::storage::fp64_e11m52>]" at line 762

/storage/home/timofeirusanov/accessor_universal_test/src/storage_performance_bench.cu(638): warning #2361-D: invalid narrowing conversion from "int" to "unsigned long"
    device_buffer<unsigned long long> integer_sink{max_blocks};
                                                   ^
          detected during:
            instantiation of "void <unnamed>::run_format_sweep<Format>(const <unnamed>::options &, const <unnamed>::device_info &, <unnamed>::distribution, const double *, const double *, const double *, const double *, <unnamed>::sample_output &, <unnamed>::event_timer &) [with Format=aut::storage::e11m20]" at line 733
            instantiation of "void <unnamed>::run_sweep_formats<Formats...>(const <unnamed>::options &, const <unnamed>::device_info &, <unnamed>::distribution, const double *, const double *, const double *, const double *, <unnamed>::sample_output &, <unnamed>::event_timer &) [with Formats=<aut::storage::e1m6, aut::storage::e2m5, aut::storage::e3m4, aut::storage::fp8_e4m3, aut::storage::fp8_e5m2, aut::storage::e1m14, aut::storage::e2m13, aut::storage::e3m12, aut::storage::fp16_e5m10, aut::storage::bf16_e8m7, aut::storage::e11m4, aut::storage::e1m30, aut::storage::e2m29, aut::storage::e3m28, aut::storage::fp32_e8m23, aut::storage::e11m20, aut::storage::fp64_e11m52>]" at line 762

/storage/home/timofeirusanov/accessor_universal_test/src/storage_performance_bench.cu(639): warning #2361-D: invalid narrowing conversion from "int" to "unsigned long"
    device_buffer<double> partials{max_blocks};
                                   ^
          detected during:
            instantiation of "void <unnamed>::run_format_sweep<Format>(const <unnamed>::options &, const <unnamed>::device_info &, <unnamed>::distribution, const double *, const double *, const double *, const double *, <unnamed>::sample_output &, <unnamed>::event_timer &) [with Format=aut::storage::e11m20]" at line 733
            instantiation of "void <unnamed>::run_sweep_formats<Formats...>(const <unnamed>::options &, const <unnamed>::device_info &, <unnamed>::distribution, const double *, const double *, const double *, const double *, <unnamed>::sample_output &, <unnamed>::event_timer &) [with Formats=<aut::storage::e1m6, aut::storage::e2m5, aut::storage::e3m4, aut::storage::fp8_e4m3, aut::storage::fp8_e5m2, aut::storage::e1m14, aut::storage::e2m13, aut::storage::e3m12, aut::storage::fp16_e5m10, aut::storage::bf16_e8m7, aut::storage::e11m4, aut::storage::e1m30, aut::storage::e2m29, aut::storage::e3m28, aut::storage::fp32_e8m23, aut::storage::e11m20, aut::storage::fp64_e11m52>]" at line 762

/storage/home/timofeirusanov/accessor_universal_test/src/storage_performance_bench.cu(638): warning #2361-D: invalid narrowing conversion from "int" to "unsigned long"
    device_buffer<unsigned long long> integer_sink{max_blocks};
                                                   ^
          detected during:
            instantiation of "void <unnamed>::run_format_sweep<Format>(const <unnamed>::options &, const <unnamed>::device_info &, <unnamed>::distribution, const double *, const double *, const double *, const double *, <unnamed>::sample_output &, <unnamed>::event_timer &) [with Format=aut::storage::fp64_e11m52]" at line 733
            instantiation of "void <unnamed>::run_sweep_formats<Formats...>(const <unnamed>::options &, const <unnamed>::device_info &, <unnamed>::distribution, const double *, const double *, const double *, const double *, <unnamed>::sample_output &, <unnamed>::event_timer &) [with Formats=<aut::storage::e1m6, aut::storage::e2m5, aut::storage::e3m4, aut::storage::fp8_e4m3, aut::storage::fp8_e5m2, aut::storage::e1m14, aut::storage::e2m13, aut::storage::e3m12, aut::storage::fp16_e5m10, aut::storage::bf16_e8m7, aut::storage::e11m4, aut::storage::e1m30, aut::storage::e2m29, aut::storage::e3m28, aut::storage::fp32_e8m23, aut::storage::e11m20, aut::storage::fp64_e11m52>]" at line 762

/storage/home/timofeirusanov/accessor_universal_test/src/storage_performance_bench.cu(639): warning #2361-D: invalid narrowing conversion from "int" to "unsigned long"
    device_buffer<double> partials{max_blocks};
                                   ^
          detected during:
            instantiation of "void <unnamed>::run_format_sweep<Format>(const <unnamed>::options &, const <unnamed>::device_info &, <unnamed>::distribution, const double *, const double *, const double *, const double *, <unnamed>::sample_output &, <unnamed>::event_timer &) [with Format=aut::storage::fp64_e11m52]" at line 733
            instantiation of "void <unnamed>::run_sweep_formats<Formats...>(const <unnamed>::options &, const <unnamed>::device_info &, <unnamed>::distribution, const double *, const double *, const double *, const double *, <unnamed>::sample_output &, <unnamed>::event_timer &) [with Formats=<aut::storage::e1m6, aut::storage::e2m5, aut::storage::e3m4, aut::storage::fp8_e4m3, aut::storage::fp8_e5m2, aut::storage::e1m14, aut::storage::e2m13, aut::storage::e3m12, aut::storage::fp16_e5m10, aut::storage::bf16_e8m7, aut::storage::e11m4, aut::storage::e1m30, aut::storage::e2m29, aut::storage::e3m28, aut::storage::fp32_e8m23, aut::storage::e11m20, aut::storage::fp64_e11m52>]" at line 762

/storage/home/timofeirusanov/accessor_universal_test/src/storage_performance_bench.cu(824): warning #2361-D: invalid narrowing conversion from "int" to "unsigned long"
    device_buffer<unsigned long long> integer_sink{device.multiprocessors * 16};
                                                   ^
          detected during:
            instantiation of "void <unnamed>::profile_format_lane<Format,Lanes>(const <unnamed>::options &, const <unnamed>::device_info &, const double *, const double *, <unnamed>::profile_output &, std::size_t) [with Format=aut::storage::e1m6, Lanes=1]" at line 876
            instantiation of "__nv_bool <unnamed>::try_profile_format<Format>(const <unnamed>::options &, const <unnamed>::device_info &, const double *, const double *, <unnamed>::profile_output &, std::size_t &) [with Format=aut::storage::e1m6]" at line 894
            instantiation of "void <unnamed>::profile_formats<Formats...>(const <unnamed>::options &, const <unnamed>::device_info &, const double *, const double *, <unnamed>::profile_output &) [with Formats=<aut::storage::e1m6, aut::storage::e2m5, aut::storage::e3m4, aut::storage::fp8_e4m3, aut::storage::fp8_e5m2, aut::storage::e1m14, aut::storage::e2m13, aut::storage::e3m12, aut::storage::fp16_e5m10, aut::storage::bf16_e8m7, aut::storage::e11m4, aut::storage::e1m30, aut::storage::e2m29, aut::storage::e3m28, aut::storage::fp32_e8m23, aut::storage::e11m20, aut::storage::fp64_e11m52>]" at line 921

/storage/home/timofeirusanov/accessor_universal_test/src/storage_performance_bench.cu(825): warning #2361-D: invalid narrowing conversion from "int" to "unsigned long"
    device_buffer<double> partials{device.multiprocessors * 16};
                                   ^
          detected during:
            instantiation of "void <unnamed>::profile_format_lane<Format,Lanes>(const <unnamed>::options &, const <unnamed>::device_info &, const double *, const double *, <unnamed>::profile_output &, std::size_t) [with Format=aut::storage::e1m6, Lanes=1]" at line 876
            instantiation of "__nv_bool <unnamed>::try_profile_format<Format>(const <unnamed>::options &, const <unnamed>::device_info &, const double *, const double *, <unnamed>::profile_output &, std::size_t &) [with Format=aut::storage::e1m6]" at line 894
            instantiation of "void <unnamed>::profile_formats<Formats...>(const <unnamed>::options &, const <unnamed>::device_info &, const double *, const double *, <unnamed>::profile_output &) [with Formats=<aut::storage::e1m6, aut::storage::e2m5, aut::storage::e3m4, aut::storage::fp8_e4m3, aut::storage::fp8_e5m2, aut::storage::e1m14, aut::storage::e2m13, aut::storage::e3m12, aut::storage::fp16_e5m10, aut::storage::bf16_e8m7, aut::storage::e11m4, aut::storage::e1m30, aut::storage::e2m29, aut::storage::e3m28, aut::storage::fp32_e8m23, aut::storage::e11m20, aut::storage::fp64_e11m52>]" at line 921

/storage/home/timofeirusanov/accessor_universal_test/src/storage_performance_bench.cu(824): warning #2361-D: invalid narrowing conversion from "int" to "unsigned long"
    device_buffer<unsigned long long> integer_sink{device.multiprocessors * 16};
                                                   ^
          detected during:
            instantiation of "void <unnamed>::profile_format_lane<Format,Lanes>(const <unnamed>::options &, const <unnamed>::device_info &, const double *, const double *, <unnamed>::profile_output &, std::size_t) [with Format=aut::storage::e1m6, Lanes=2]" at line 879
            instantiation of "__nv_bool <unnamed>::try_profile_format<Format>(const <unnamed>::options &, const <unnamed>::device_info &, const double *, const double *, <unnamed>::profile_output &, std::size_t &) [with Format=aut::storage::e1m6]" at line 894
            instantiation of "void <unnamed>::profile_formats<Formats...>(const <unnamed>::options &, const <unnamed>::device_info &, const double *, const double *, <unnamed>::profile_output &) [with Formats=<aut::storage::e1m6, aut::storage::e2m5, aut::storage::e3m4, aut::storage::fp8_e4m3, aut::storage::fp8_e5m2, aut::storage::e1m14, aut::storage::e2m13, aut::storage::e3m12, aut::storage::fp16_e5m10, aut::storage::bf16_e8m7, aut::storage::e11m4, aut::storage::e1m30, aut::storage::e2m29, aut::storage::e3m28, aut::storage::fp32_e8m23, aut::storage::e11m20, aut::storage::fp64_e11m52>]" at line 921

/storage/home/timofeirusanov/accessor_universal_test/src/storage_performance_bench.cu(825): warning #2361-D: invalid narrowing conversion from "int" to "unsigned long"
    device_buffer<double> partials{device.multiprocessors * 16};
                                   ^
          detected during:
            instantiation of "void <unnamed>::profile_format_lane<Format,Lanes>(const <unnamed>::options &, const <unnamed>::device_info &, const double *, const double *, <unnamed>::profile_output &, std::size_t) [with Format=aut::storage::e1m6, Lanes=2]" at line 879
            instantiation of "__nv_bool <unnamed>::try_profile_format<Format>(const <unnamed>::options &, const <unnamed>::device_info &, const double *, const double *, <unnamed>::profile_output &, std::size_t &) [with Format=aut::storage::e1m6]" at line 894
            instantiation of "void <unnamed>::profile_formats<Formats...>(const <unnamed>::options &, const <unnamed>::device_info &, const double *, const double *, <unnamed>::profile_output &) [with Formats=<aut::storage::e1m6, aut::storage::e2m5, aut::storage::e3m4, aut::storage::fp8_e4m3, aut::storage::fp8_e5m2, aut::storage::e1m14, aut::storage::e2m13, aut::storage::e3m12, aut::storage::fp16_e5m10, aut::storage::bf16_e8m7, aut::storage::e11m4, aut::storage::e1m30, aut::storage::e2m29, aut::storage::e3m28, aut::storage::fp32_e8m23, aut::storage::e11m20, aut::storage::fp64_e11m52>]" at line 921

/storage/home/timofeirusanov/accessor_universal_test/src/storage_performance_bench.cu(824): warning #2361-D: invalid narrowing conversion from "int" to "unsigned long"
    device_buffer<unsigned long long> integer_sink{device.multiprocessors * 16};
                                                   ^
          detected during:
            instantiation of "void <unnamed>::profile_format_lane<Format,Lanes>(const <unnamed>::options &, const <unnamed>::device_info &, const double *, const double *, <unnamed>::profile_output &, std::size_t) [with Format=aut::storage::e1m6, Lanes=4]" at line 882
            instantiation of "__nv_bool <unnamed>::try_profile_format<Format>(const <unnamed>::options &, const <unnamed>::device_info &, const double *, const double *, <unnamed>::profile_output &, std::size_t &) [with Format=aut::storage::e1m6]" at line 894
            instantiation of "void <unnamed>::profile_formats<Formats...>(const <unnamed>::options &, const <unnamed>::device_info &, const double *, const double *, <unnamed>::profile_output &) [with Formats=<aut::storage::e1m6, aut::storage::e2m5, aut::storage::e3m4, aut::storage::fp8_e4m3, aut::storage::fp8_e5m2, aut::storage::e1m14, aut::storage::e2m13, aut::storage::e3m12, aut::storage::fp16_e5m10, aut::storage::bf16_e8m7, aut::storage::e11m4, aut::storage::e1m30, aut::storage::e2m29, aut::storage::e3m28, aut::storage::fp32_e8m23, aut::storage::e11m20, aut::storage::fp64_e11m52>]" at line 921

/storage/home/timofeirusanov/accessor_universal_test/src/storage_performance_bench.cu(825): warning #2361-D: invalid narrowing conversion from "int" to "unsigned long"
    device_buffer<double> partials{device.multiprocessors * 16};
                                   ^
          detected during:
            instantiation of "void <unnamed>::profile_format_lane<Format,Lanes>(const <unnamed>::options &, const <unnamed>::device_info &, const double *, const double *, <unnamed>::profile_output &, std::size_t) [with Format=aut::storage::e1m6, Lanes=4]" at line 882
            instantiation of "__nv_bool <unnamed>::try_profile_format<Format>(const <unnamed>::options &, const <unnamed>::device_info &, const double *, const double *, <unnamed>::profile_output &, std::size_t &) [with Format=aut::storage::e1m6]" at line 894
            instantiation of "void <unnamed>::profile_formats<Formats...>(const <unnamed>::options &, const <unnamed>::device_info &, const double *, const double *, <unnamed>::profile_output &) [with Formats=<aut::storage::e1m6, aut::storage::e2m5, aut::storage::e3m4, aut::storage::fp8_e4m3, aut::storage::fp8_e5m2, aut::storage::e1m14, aut::storage::e2m13, aut::storage::e3m12, aut::storage::fp16_e5m10, aut::storage::bf16_e8m7, aut::storage::e11m4, aut::storage::e1m30, aut::storage::e2m29, aut::storage::e3m28, aut::storage::fp32_e8m23, aut::storage::e11m20, aut::storage::fp64_e11m52>]" at line 921

/storage/home/timofeirusanov/accessor_universal_test/src/storage_performance_bench.cu(824): warning #2361-D: invalid narrowing conversion from "int" to "unsigned long"
    device_buffer<unsigned long long> integer_sink{device.multiprocessors * 16};
                                                   ^
          detected during:
            instantiation of "void <unnamed>::profile_format_lane<Format,Lanes>(const <unnamed>::options &, const <unnamed>::device_info &, const double *, const double *, <unnamed>::profile_output &, std::size_t) [with Format=aut::storage::e2m5, Lanes=1]" at line 876
            instantiation of "__nv_bool <unnamed>::try_profile_format<Format>(const <unnamed>::options &, const <unnamed>::device_info &, const double *, const double *, <unnamed>::profile_output &, std::size_t &) [with Format=aut::storage::e2m5]" at line 894
            instantiation of "void <unnamed>::profile_formats<Formats...>(const <unnamed>::options &, const <unnamed>::device_info &, const double *, const double *, <unnamed>::profile_output &) [with Formats=<aut::storage::e1m6, aut::storage::e2m5, aut::storage::e3m4, aut::storage::fp8_e4m3, aut::storage::fp8_e5m2, aut::storage::e1m14, aut::storage::e2m13, aut::storage::e3m12, aut::storage::fp16_e5m10, aut::storage::bf16_e8m7, aut::storage::e11m4, aut::storage::e1m30, aut::storage::e2m29, aut::storage::e3m28, aut::storage::fp32_e8m23, aut::storage::e11m20, aut::storage::fp64_e11m52>]" at line 921

/storage/home/timofeirusanov/accessor_universal_test/src/storage_performance_bench.cu(825): warning #2361-D: invalid narrowing conversion from "int" to "unsigned long"
    device_buffer<double> partials{device.multiprocessors * 16};
                                   ^
          detected during:
            instantiation of "void <unnamed>::profile_format_lane<Format,Lanes>(const <unnamed>::options &, const <unnamed>::device_info &, const double *, const double *, <unnamed>::profile_output &, std::size_t) [with Format=aut::storage::e2m5, Lanes=1]" at line 876
            instantiation of "__nv_bool <unnamed>::try_profile_format<Format>(const <unnamed>::options &, const <unnamed>::device_info &, const double *, const double *, <unnamed>::profile_output &, std::size_t &) [with Format=aut::storage::e2m5]" at line 894
            instantiation of "void <unnamed>::profile_formats<Formats...>(const <unnamed>::options &, const <unnamed>::device_info &, const double *, const double *, <unnamed>::profile_output &) [with Formats=<aut::storage::e1m6, aut::storage::e2m5, aut::storage::e3m4, aut::storage::fp8_e4m3, aut::storage::fp8_e5m2, aut::storage::e1m14, aut::storage::e2m13, aut::storage::e3m12, aut::storage::fp16_e5m10, aut::storage::bf16_e8m7, aut::storage::e11m4, aut::storage::e1m30, aut::storage::e2m29, aut::storage::e3m28, aut::storage::fp32_e8m23, aut::storage::e11m20, aut::storage::fp64_e11m52>]" at line 921

/storage/home/timofeirusanov/accessor_universal_test/src/storage_performance_bench.cu(824): warning #2361-D: invalid narrowing conversion from "int" to "unsigned long"
    device_buffer<unsigned long long> integer_sink{device.multiprocessors * 16};
                                                   ^
          detected during:
            instantiation of "void <unnamed>::profile_format_lane<Format,Lanes>(const <unnamed>::options &, const <unnamed>::device_info &, const double *, const double *, <unnamed>::profile_output &, std::size_t) [with Format=aut::storage::e2m5, Lanes=2]" at line 879
            instantiation of "__nv_bool <unnamed>::try_profile_format<Format>(const <unnamed>::options &, const <unnamed>::device_info &, const double *, const double *, <unnamed>::profile_output &, std::size_t &) [with Format=aut::storage::e2m5]" at line 894
            instantiation of "void <unnamed>::profile_formats<Formats...>(const <unnamed>::options &, const <unnamed>::device_info &, const double *, const double *, <unnamed>::profile_output &) [with Formats=<aut::storage::e1m6, aut::storage::e2m5, aut::storage::e3m4, aut::storage::fp8_e4m3, aut::storage::fp8_e5m2, aut::storage::e1m14, aut::storage::e2m13, aut::storage::e3m12, aut::storage::fp16_e5m10, aut::storage::bf16_e8m7, aut::storage::e11m4, aut::storage::e1m30, aut::storage::e2m29, aut::storage::e3m28, aut::storage::fp32_e8m23, aut::storage::e11m20, aut::storage::fp64_e11m52>]" at line 921

/storage/home/timofeirusanov/accessor_universal_test/src/storage_performance_bench.cu(825): warning #2361-D: invalid narrowing conversion from "int" to "unsigned long"
    device_buffer<double> partials{device.multiprocessors * 16};
                                   ^
          detected during:
            instantiation of "void <unnamed>::profile_format_lane<Format,Lanes>(const <unnamed>::options &, const <unnamed>::device_info &, const double *, const double *, <unnamed>::profile_output &, std::size_t) [with Format=aut::storage::e2m5, Lanes=2]" at line 879
            instantiation of "__nv_bool <unnamed>::try_profile_format<Format>(const <unnamed>::options &, const <unnamed>::device_info &, const double *, const double *, <unnamed>::profile_output &, std::size_t &) [with Format=aut::storage::e2m5]" at line 894
            instantiation of "void <unnamed>::profile_formats<Formats...>(const <unnamed>::options &, const <unnamed>::device_info &, const double *, const double *, <unnamed>::profile_output &) [with Formats=<aut::storage::e1m6, aut::storage::e2m5, aut::storage::e3m4, aut::storage::fp8_e4m3, aut::storage::fp8_e5m2, aut::storage::e1m14, aut::storage::e2m13, aut::storage::e3m12, aut::storage::fp16_e5m10, aut::storage::bf16_e8m7, aut::storage::e11m4, aut::storage::e1m30, aut::storage::e2m29, aut::storage::e3m28, aut::storage::fp32_e8m23, aut::storage::e11m20, aut::storage::fp64_e11m52>]" at line 921

/storage/home/timofeirusanov/accessor_universal_test/src/storage_performance_bench.cu(824): warning #2361-D: invalid narrowing conversion from "int" to "unsigned long"
    device_buffer<unsigned long long> integer_sink{device.multiprocessors * 16};
                                                   ^
          detected during:
            instantiation of "void <unnamed>::profile_format_lane<Format,Lanes>(const <unnamed>::options &, const <unnamed>::device_info &, const double *, const double *, <unnamed>::profile_output &, std::size_t) [with Format=aut::storage::e2m5, Lanes=4]" at line 882
            instantiation of "__nv_bool <unnamed>::try_profile_format<Format>(const <unnamed>::options &, const <unnamed>::device_info &, const double *, const double *, <unnamed>::profile_output &, std::size_t &) [with Format=aut::storage::e2m5]" at line 894
            instantiation of "void <unnamed>::profile_formats<Formats...>(const <unnamed>::options &, const <unnamed>::device_info &, const double *, const double *, <unnamed>::profile_output &) [with Formats=<aut::storage::e1m6, aut::storage::e2m5, aut::storage::e3m4, aut::storage::fp8_e4m3, aut::storage::fp8_e5m2, aut::storage::e1m14, aut::storage::e2m13, aut::storage::e3m12, aut::storage::fp16_e5m10, aut::storage::bf16_e8m7, aut::storage::e11m4, aut::storage::e1m30, aut::storage::e2m29, aut::storage::e3m28, aut::storage::fp32_e8m23, aut::storage::e11m20, aut::storage::fp64_e11m52>]" at line 921

/storage/home/timofeirusanov/accessor_universal_test/src/storage_performance_bench.cu(825): warning #2361-D: invalid narrowing conversion from "int" to "unsigned long"
    device_buffer<double> partials{device.multiprocessors * 16};
                                   ^
          detected during:
            instantiation of "void <unnamed>::profile_format_lane<Format,Lanes>(const <unnamed>::options &, const <unnamed>::device_info &, const double *, const double *, <unnamed>::profile_output &, std::size_t) [with Format=aut::storage::e2m5, Lanes=4]" at line 882
            instantiation of "__nv_bool <unnamed>::try_profile_format<Format>(const <unnamed>::options &, const <unnamed>::device_info &, const double *, const double *, <unnamed>::profile_output &, std::size_t &) [with Format=aut::storage::e2m5]" at line 894
            instantiation of "void <unnamed>::profile_formats<Formats...>(const <unnamed>::options &, const <unnamed>::device_info &, const double *, const double *, <unnamed>::profile_output &) [with Formats=<aut::storage::e1m6, aut::storage::e2m5, aut::storage::e3m4, aut::storage::fp8_e4m3, aut::storage::fp8_e5m2, aut::storage::e1m14, aut::storage::e2m13, aut::storage::e3m12, aut::storage::fp16_e5m10, aut::storage::bf16_e8m7, aut::storage::e11m4, aut::storage::e1m30, aut::storage::e2m29, aut::storage::e3m28, aut::storage::fp32_e8m23, aut::storage::e11m20, aut::storage::fp64_e11m52>]" at line 921

/storage/home/timofeirusanov/accessor_universal_test/src/storage_performance_bench.cu(824): warning #2361-D: invalid narrowing conversion from "int" to "unsigned long"
    device_buffer<unsigned long long> integer_sink{device.multiprocessors * 16};
                                                   ^
          detected during:
            instantiation of "void <unnamed>::profile_format_lane<Format,Lanes>(const <unnamed>::options &, const <unnamed>::device_info &, const double *, const double *, <unnamed>::profile_output &, std::size_t) [with Format=aut::storage::e3m4, Lanes=1]" at line 876
            instantiation of "__nv_bool <unnamed>::try_profile_format<Format>(const <unnamed>::options &, const <unnamed>::device_info &, const double *, const double *, <unnamed>::profile_output &, std::size_t &) [with Format=aut::storage::e3m4]" at line 894
            instantiation of "void <unnamed>::profile_formats<Formats...>(const <unnamed>::options &, const <unnamed>::device_info &, const double *, const double *, <unnamed>::profile_output &) [with Formats=<aut::storage::e1m6, aut::storage::e2m5, aut::storage::e3m4, aut::storage::fp8_e4m3, aut::storage::fp8_e5m2, aut::storage::e1m14, aut::storage::e2m13, aut::storage::e3m12, aut::storage::fp16_e5m10, aut::storage::bf16_e8m7, aut::storage::e11m4, aut::storage::e1m30, aut::storage::e2m29, aut::storage::e3m28, aut::storage::fp32_e8m23, aut::storage::e11m20, aut::storage::fp64_e11m52>]" at line 921

/storage/home/timofeirusanov/accessor_universal_test/src/storage_performance_bench.cu(825): warning #2361-D: invalid narrowing conversion from "int" to "unsigned long"
    device_buffer<double> partials{device.multiprocessors * 16};
                                   ^
          detected during:
            instantiation of "void <unnamed>::profile_format_lane<Format,Lanes>(const <unnamed>::options &, const <unnamed>::device_info &, const double *, const double *, <unnamed>::profile_output &, std::size_t) [with Format=aut::storage::e3m4, Lanes=1]" at line 876
            instantiation of "__nv_bool <unnamed>::try_profile_format<Format>(const <unnamed>::options &, const <unnamed>::device_info &, const double *, const double *, <unnamed>::profile_output &, std::size_t &) [with Format=aut::storage::e3m4]" at line 894
            instantiation of "void <unnamed>::profile_formats<Formats...>(const <unnamed>::options &, const <unnamed>::device_info &, const double *, const double *, <unnamed>::profile_output &) [with Formats=<aut::storage::e1m6, aut::storage::e2m5, aut::storage::e3m4, aut::storage::fp8_e4m3, aut::storage::fp8_e5m2, aut::storage::e1m14, aut::storage::e2m13, aut::storage::e3m12, aut::storage::fp16_e5m10, aut::storage::bf16_e8m7, aut::storage::e11m4, aut::storage::e1m30, aut::storage::e2m29, aut::storage::e3m28, aut::storage::fp32_e8m23, aut::storage::e11m20, aut::storage::fp64_e11m52>]" at line 921

/storage/home/timofeirusanov/accessor_universal_test/src/storage_performance_bench.cu(824): warning #2361-D: invalid narrowing conversion from "int" to "unsigned long"
    device_buffer<unsigned long long> integer_sink{device.multiprocessors * 16};
                                                   ^
          detected during:
            instantiation of "void <unnamed>::profile_format_lane<Format,Lanes>(const <unnamed>::options &, const <unnamed>::device_info &, const double *, const double *, <unnamed>::profile_output &, std::size_t) [with Format=aut::storage::e3m4, Lanes=2]" at line 879
            instantiation of "__nv_bool <unnamed>::try_profile_format<Format>(const <unnamed>::options &, const <unnamed>::device_info &, const double *, const double *, <unnamed>::profile_output &, std::size_t &) [with Format=aut::storage::e3m4]" at line 894
            instantiation of "void <unnamed>::profile_formats<Formats...>(const <unnamed>::options &, const <unnamed>::device_info &, const double *, const double *, <unnamed>::profile_output &) [with Formats=<aut::storage::e1m6, aut::storage::e2m5, aut::storage::e3m4, aut::storage::fp8_e4m3, aut::storage::fp8_e5m2, aut::storage::e1m14, aut::storage::e2m13, aut::storage::e3m12, aut::storage::fp16_e5m10, aut::storage::bf16_e8m7, aut::storage::e11m4, aut::storage::e1m30, aut::storage::e2m29, aut::storage::e3m28, aut::storage::fp32_e8m23, aut::storage::e11m20, aut::storage::fp64_e11m52>]" at line 921

/storage/home/timofeirusanov/accessor_universal_test/src/storage_performance_bench.cu(825): warning #2361-D: invalid narrowing conversion from "int" to "unsigned long"
    device_buffer<double> partials{device.multiprocessors * 16};
                                   ^
          detected during:
            instantiation of "void <unnamed>::profile_format_lane<Format,Lanes>(const <unnamed>::options &, const <unnamed>::device_info &, const double *, const double *, <unnamed>::profile_output &, std::size_t) [with Format=aut::storage::e3m4, Lanes=2]" at line 879
            instantiation of "__nv_bool <unnamed>::try_profile_format<Format>(const <unnamed>::options &, const <unnamed>::device_info &, const double *, const double *, <unnamed>::profile_output &, std::size_t &) [with Format=aut::storage::e3m4]" at line 894
            instantiation of "void <unnamed>::profile_formats<Formats...>(const <unnamed>::options &, const <unnamed>::device_info &, const double *, const double *, <unnamed>::profile_output &) [with Formats=<aut::storage::e1m6, aut::storage::e2m5, aut::storage::e3m4, aut::storage::fp8_e4m3, aut::storage::fp8_e5m2, aut::storage::e1m14, aut::storage::e2m13, aut::storage::e3m12, aut::storage::fp16_e5m10, aut::storage::bf16_e8m7, aut::storage::e11m4, aut::storage::e1m30, aut::storage::e2m29, aut::storage::e3m28, aut::storage::fp32_e8m23, aut::storage::e11m20, aut::storage::fp64_e11m52>]" at line 921

/storage/home/timofeirusanov/accessor_universal_test/src/storage_performance_bench.cu(824): warning #2361-D: invalid narrowing conversion from "int" to "unsigned long"
    device_buffer<unsigned long long> integer_sink{device.multiprocessors * 16};
                                                   ^
          detected during:
            instantiation of "void <unnamed>::profile_format_lane<Format,Lanes>(const <unnamed>::options &, const <unnamed>::device_info &, const double *, const double *, <unnamed>::profile_output &, std::size_t) [with Format=aut::storage::e3m4, Lanes=4]" at line 882
            instantiation of "__nv_bool <unnamed>::try_profile_format<Format>(const <unnamed>::options &, const <unnamed>::device_info &, const double *, const double *, <unnamed>::profile_output &, std::size_t &) [with Format=aut::storage::e3m4]" at line 894
            instantiation of "void <unnamed>::profile_formats<Formats...>(const <unnamed>::options &, const <unnamed>::device_info &, const double *, const double *, <unnamed>::profile_output &) [with Formats=<aut::storage::e1m6, aut::storage::e2m5, aut::storage::e3m4, aut::storage::fp8_e4m3, aut::storage::fp8_e5m2, aut::storage::e1m14, aut::storage::e2m13, aut::storage::e3m12, aut::storage::fp16_e5m10, aut::storage::bf16_e8m7, aut::storage::e11m4, aut::storage::e1m30, aut::storage::e2m29, aut::storage::e3m28, aut::storage::fp32_e8m23, aut::storage::e11m20, aut::storage::fp64_e11m52>]" at line 921

/storage/home/timofeirusanov/accessor_universal_test/src/storage_performance_bench.cu(825): warning #2361-D: invalid narrowing conversion from "int" to "unsigned long"
    device_buffer<double> partials{device.multiprocessors * 16};
                                   ^
          detected during:
            instantiation of "void <unnamed>::profile_format_lane<Format,Lanes>(const <unnamed>::options &, const <unnamed>::device_info &, const double *, const double *, <unnamed>::profile_output &, std::size_t) [with Format=aut::storage::e3m4, Lanes=4]" at line 882
            instantiation of "__nv_bool <unnamed>::try_profile_format<Format>(const <unnamed>::options &, const <unnamed>::device_info &, const double *, const double *, <unnamed>::profile_output &, std::size_t &) [with Format=aut::storage::e3m4]" at line 894
            instantiation of "void <unnamed>::profile_formats<Formats...>(const <unnamed>::options &, const <unnamed>::device_info &, const double *, const double *, <unnamed>::profile_output &) [with Formats=<aut::storage::e1m6, aut::storage::e2m5, aut::storage::e3m4, aut::storage::fp8_e4m3, aut::storage::fp8_e5m2, aut::storage::e1m14, aut::storage::e2m13, aut::storage::e3m12, aut::storage::fp16_e5m10, aut::storage::bf16_e8m7, aut::storage::e11m4, aut::storage::e1m30, aut::storage::e2m29, aut::storage::e3m28, aut::storage::fp32_e8m23, aut::storage::e11m20, aut::storage::fp64_e11m52>]" at line 921

/storage/home/timofeirusanov/accessor_universal_test/src/storage_performance_bench.cu(824): warning #2361-D: invalid narrowing conversion from "int" to "unsigned long"
    device_buffer<unsigned long long> integer_sink{device.multiprocessors * 16};
                                                   ^
          detected during:
            instantiation of "void <unnamed>::profile_format_lane<Format,Lanes>(const <unnamed>::options &, const <unnamed>::device_info &, const double *, const double *, <unnamed>::profile_output &, std::size_t) [with Format=aut::storage::fp8_e4m3, Lanes=1]" at line 876
            instantiation of "__nv_bool <unnamed>::try_profile_format<Format>(const <unnamed>::options &, const <unnamed>::device_info &, const double *, const double *, <unnamed>::profile_output &, std::size_t &) [with Format=aut::storage::fp8_e4m3]" at line 894
            instantiation of "void <unnamed>::profile_formats<Formats...>(const <unnamed>::options &, const <unnamed>::device_info &, const double *, const double *, <unnamed>::profile_output &) [with Formats=<aut::storage::e1m6, aut::storage::e2m5, aut::storage::e3m4, aut::storage::fp8_e4m3, aut::storage::fp8_e5m2, aut::storage::e1m14, aut::storage::e2m13, aut::storage::e3m12, aut::storage::fp16_e5m10, aut::storage::bf16_e8m7, aut::storage::e11m4, aut::storage::e1m30, aut::storage::e2m29, aut::storage::e3m28, aut::storage::fp32_e8m23, aut::storage::e11m20, aut::storage::fp64_e11m52>]" at line 921

/storage/home/timofeirusanov/accessor_universal_test/src/storage_performance_bench.cu(825): warning #2361-D: invalid narrowing conversion from "int" to "unsigned long"
    device_buffer<double> partials{device.multiprocessors * 16};
                                   ^
          detected during:
            instantiation of "void <unnamed>::profile_format_lane<Format,Lanes>(const <unnamed>::options &, const <unnamed>::device_info &, const double *, const double *, <unnamed>::profile_output &, std::size_t) [with Format=aut::storage::fp8_e4m3, Lanes=1]" at line 876
            instantiation of "__nv_bool <unnamed>::try_profile_format<Format>(const <unnamed>::options &, const <unnamed>::device_info &, const double *, const double *, <unnamed>::profile_output &, std::size_t &) [with Format=aut::storage::fp8_e4m3]" at line 894
            instantiation of "void <unnamed>::profile_formats<Formats...>(const <unnamed>::options &, const <unnamed>::device_info &, const double *, const double *, <unnamed>::profile_output &) [with Formats=<aut::storage::e1m6, aut::storage::e2m5, aut::storage::e3m4, aut::storage::fp8_e4m3, aut::storage::fp8_e5m2, aut::storage::e1m14, aut::storage::e2m13, aut::storage::e3m12, aut::storage::fp16_e5m10, aut::storage::bf16_e8m7, aut::storage::e11m4, aut::storage::e1m30, aut::storage::e2m29, aut::storage::e3m28, aut::storage::fp32_e8m23, aut::storage::e11m20, aut::storage::fp64_e11m52>]" at line 921

/storage/home/timofeirusanov/accessor_universal_test/src/storage_performance_bench.cu(824): warning #2361-D: invalid narrowing conversion from "int" to "unsigned long"
    device_buffer<unsigned long long> integer_sink{device.multiprocessors * 16};
                                                   ^
          detected during:
            instantiation of "void <unnamed>::profile_format_lane<Format,Lanes>(const <unnamed>::options &, const <unnamed>::device_info &, const double *, const double *, <unnamed>::profile_output &, std::size_t) [with Format=aut::storage::fp8_e4m3, Lanes=2]" at line 879
            instantiation of "__nv_bool <unnamed>::try_profile_format<Format>(const <unnamed>::options &, const <unnamed>::device_info &, const double *, const double *, <unnamed>::profile_output &, std::size_t &) [with Format=aut::storage::fp8_e4m3]" at line 894
            instantiation of "void <unnamed>::profile_formats<Formats...>(const <unnamed>::options &, const <unnamed>::device_info &, const double *, const double *, <unnamed>::profile_output &) [with Formats=<aut::storage::e1m6, aut::storage::e2m5, aut::storage::e3m4, aut::storage::fp8_e4m3, aut::storage::fp8_e5m2, aut::storage::e1m14, aut::storage::e2m13, aut::storage::e3m12, aut::storage::fp16_e5m10, aut::storage::bf16_e8m7, aut::storage::e11m4, aut::storage::e1m30, aut::storage::e2m29, aut::storage::e3m28, aut::storage::fp32_e8m23, aut::storage::e11m20, aut::storage::fp64_e11m52>]" at line 921

/storage/home/timofeirusanov/accessor_universal_test/src/storage_performance_bench.cu(825): warning #2361-D: invalid narrowing conversion from "int" to "unsigned long"
    device_buffer<double> partials{device.multiprocessors * 16};
                                   ^
          detected during:
            instantiation of "void <unnamed>::profile_format_lane<Format,Lanes>(const <unnamed>::options &, const <unnamed>::device_info &, const double *, const double *, <unnamed>::profile_output &, std::size_t) [with Format=aut::storage::fp8_e4m3, Lanes=2]" at line 879
            instantiation of "__nv_bool <unnamed>::try_profile_format<Format>(const <unnamed>::options &, const <unnamed>::device_info &, const double *, const double *, <unnamed>::profile_output &, std::size_t &) [with Format=aut::storage::fp8_e4m3]" at line 894
            instantiation of "void <unnamed>::profile_formats<Formats...>(const <unnamed>::options &, const <unnamed>::device_info &, const double *, const double *, <unnamed>::profile_output &) [with Formats=<aut::storage::e1m6, aut::storage::e2m5, aut::storage::e3m4, aut::storage::fp8_e4m3, aut::storage::fp8_e5m2, aut::storage::e1m14, aut::storage::e2m13, aut::storage::e3m12, aut::storage::fp16_e5m10, aut::storage::bf16_e8m7, aut::storage::e11m4, aut::storage::e1m30, aut::storage::e2m29, aut::storage::e3m28, aut::storage::fp32_e8m23, aut::storage::e11m20, aut::storage::fp64_e11m52>]" at line 921

/storage/home/timofeirusanov/accessor_universal_test/src/storage_performance_bench.cu(824): warning #2361-D: invalid narrowing conversion from "int" to "unsigned long"
    device_buffer<unsigned long long> integer_sink{device.multiprocessors * 16};
                                                   ^
          detected during:
            instantiation of "void <unnamed>::profile_format_lane<Format,Lanes>(const <unnamed>::options &, const <unnamed>::device_info &, const double *, const double *, <unnamed>::profile_output &, std::size_t) [with Format=aut::storage::fp8_e4m3, Lanes=4]" at line 882
            instantiation of "__nv_bool <unnamed>::try_profile_format<Format>(const <unnamed>::options &, const <unnamed>::device_info &, const double *, const double *, <unnamed>::profile_output &, std::size_t &) [with Format=aut::storage::fp8_e4m3]" at line 894
            instantiation of "void <unnamed>::profile_formats<Formats...>(const <unnamed>::options &, const <unnamed>::device_info &, const double *, const double *, <unnamed>::profile_output &) [with Formats=<aut::storage::e1m6, aut::storage::e2m5, aut::storage::e3m4, aut::storage::fp8_e4m3, aut::storage::fp8_e5m2, aut::storage::e1m14, aut::storage::e2m13, aut::storage::e3m12, aut::storage::fp16_e5m10, aut::storage::bf16_e8m7, aut::storage::e11m4, aut::storage::e1m30, aut::storage::e2m29, aut::storage::e3m28, aut::storage::fp32_e8m23, aut::storage::e11m20, aut::storage::fp64_e11m52>]" at line 921

/storage/home/timofeirusanov/accessor_universal_test/src/storage_performance_bench.cu(825): warning #2361-D: invalid narrowing conversion from "int" to "unsigned long"
    device_buffer<double> partials{device.multiprocessors * 16};
                                   ^
          detected during:
            instantiation of "void <unnamed>::profile_format_lane<Format,Lanes>(const <unnamed>::options &, const <unnamed>::device_info &, const double *, const double *, <unnamed>::profile_output &, std::size_t) [with Format=aut::storage::fp8_e4m3, Lanes=4]" at line 882
            instantiation of "__nv_bool <unnamed>::try_profile_format<Format>(const <unnamed>::options &, const <unnamed>::device_info &, const double *, const double *, <unnamed>::profile_output &, std::size_t &) [with Format=aut::storage::fp8_e4m3]" at line 894
            instantiation of "void <unnamed>::profile_formats<Formats...>(const <unnamed>::options &, const <unnamed>::device_info &, const double *, const double *, <unnamed>::profile_output &) [with Formats=<aut::storage::e1m6, aut::storage::e2m5, aut::storage::e3m4, aut::storage::fp8_e4m3, aut::storage::fp8_e5m2, aut::storage::e1m14, aut::storage::e2m13, aut::storage::e3m12, aut::storage::fp16_e5m10, aut::storage::bf16_e8m7, aut::storage::e11m4, aut::storage::e1m30, aut::storage::e2m29, aut::storage::e3m28, aut::storage::fp32_e8m23, aut::storage::e11m20, aut::storage::fp64_e11m52>]" at line 921

/storage/home/timofeirusanov/accessor_universal_test/src/storage_performance_bench.cu(824): warning #2361-D: invalid narrowing conversion from "int" to "unsigned long"
    device_buffer<unsigned long long> integer_sink{device.multiprocessors * 16};
                                                   ^
          detected during:
            instantiation of "void <unnamed>::profile_format_lane<Format,Lanes>(const <unnamed>::options &, const <unnamed>::device_info &, const double *, const double *, <unnamed>::profile_output &, std::size_t) [with Format=aut::storage::fp8_e5m2, Lanes=1]" at line 876
            instantiation of "__nv_bool <unnamed>::try_profile_format<Format>(const <unnamed>::options &, const <unnamed>::device_info &, const double *, const double *, <unnamed>::profile_output &, std::size_t &) [with Format=aut::storage::fp8_e5m2]" at line 894
            instantiation of "void <unnamed>::profile_formats<Formats...>(const <unnamed>::options &, const <unnamed>::device_info &, const double *, const double *, <unnamed>::profile_output &) [with Formats=<aut::storage::e1m6, aut::storage::e2m5, aut::storage::e3m4, aut::storage::fp8_e4m3, aut::storage::fp8_e5m2, aut::storage::e1m14, aut::storage::e2m13, aut::storage::e3m12, aut::storage::fp16_e5m10, aut::storage::bf16_e8m7, aut::storage::e11m4, aut::storage::e1m30, aut::storage::e2m29, aut::storage::e3m28, aut::storage::fp32_e8m23, aut::storage::e11m20, aut::storage::fp64_e11m52>]" at line 921

/storage/home/timofeirusanov/accessor_universal_test/src/storage_performance_bench.cu(825): warning #2361-D: invalid narrowing conversion from "int" to "unsigned long"
    device_buffer<double> partials{device.multiprocessors * 16};
                                   ^
          detected during:
            instantiation of "void <unnamed>::profile_format_lane<Format,Lanes>(const <unnamed>::options &, const <unnamed>::device_info &, const double *, const double *, <unnamed>::profile_output &, std::size_t) [with Format=aut::storage::fp8_e5m2, Lanes=1]" at line 876
            instantiation of "__nv_bool <unnamed>::try_profile_format<Format>(const <unnamed>::options &, const <unnamed>::device_info &, const double *, const double *, <unnamed>::profile_output &, std::size_t &) [with Format=aut::storage::fp8_e5m2]" at line 894
            instantiation of "void <unnamed>::profile_formats<Formats...>(const <unnamed>::options &, const <unnamed>::device_info &, const double *, const double *, <unnamed>::profile_output &) [with Formats=<aut::storage::e1m6, aut::storage::e2m5, aut::storage::e3m4, aut::storage::fp8_e4m3, aut::storage::fp8_e5m2, aut::storage::e1m14, aut::storage::e2m13, aut::storage::e3m12, aut::storage::fp16_e5m10, aut::storage::bf16_e8m7, aut::storage::e11m4, aut::storage::e1m30, aut::storage::e2m29, aut::storage::e3m28, aut::storage::fp32_e8m23, aut::storage::e11m20, aut::storage::fp64_e11m52>]" at line 921

/storage/home/timofeirusanov/accessor_universal_test/src/storage_performance_bench.cu(824): warning #2361-D: invalid narrowing conversion from "int" to "unsigned long"
    device_buffer<unsigned long long> integer_sink{device.multiprocessors * 16};
                                                   ^
          detected during:
            instantiation of "void <unnamed>::profile_format_lane<Format,Lanes>(const <unnamed>::options &, const <unnamed>::device_info &, const double *, const double *, <unnamed>::profile_output &, std::size_t) [with Format=aut::storage::fp8_e5m2, Lanes=2]" at line 879
            instantiation of "__nv_bool <unnamed>::try_profile_format<Format>(const <unnamed>::options &, const <unnamed>::device_info &, const double *, const double *, <unnamed>::profile_output &, std::size_t &) [with Format=aut::storage::fp8_e5m2]" at line 894
            instantiation of "void <unnamed>::profile_formats<Formats...>(const <unnamed>::options &, const <unnamed>::device_info &, const double *, const double *, <unnamed>::profile_output &) [with Formats=<aut::storage::e1m6, aut::storage::e2m5, aut::storage::e3m4, aut::storage::fp8_e4m3, aut::storage::fp8_e5m2, aut::storage::e1m14, aut::storage::e2m13, aut::storage::e3m12, aut::storage::fp16_e5m10, aut::storage::bf16_e8m7, aut::storage::e11m4, aut::storage::e1m30, aut::storage::e2m29, aut::storage::e3m28, aut::storage::fp32_e8m23, aut::storage::e11m20, aut::storage::fp64_e11m52>]" at line 921

/storage/home/timofeirusanov/accessor_universal_test/src/storage_performance_bench.cu(825): warning #2361-D: invalid narrowing conversion from "int" to "unsigned long"
    device_buffer<double> partials{device.multiprocessors * 16};
                                   ^
          detected during:
            instantiation of "void <unnamed>::profile_format_lane<Format,Lanes>(const <unnamed>::options &, const <unnamed>::device_info &, const double *, const double *, <unnamed>::profile_output &, std::size_t) [with Format=aut::storage::fp8_e5m2, Lanes=2]" at line 879
            instantiation of "__nv_bool <unnamed>::try_profile_format<Format>(const <unnamed>::options &, const <unnamed>::device_info &, const double *, const double *, <unnamed>::profile_output &, std::size_t &) [with Format=aut::storage::fp8_e5m2]" at line 894
            instantiation of "void <unnamed>::profile_formats<Formats...>(const <unnamed>::options &, const <unnamed>::device_info &, const double *, const double *, <unnamed>::profile_output &) [with Formats=<aut::storage::e1m6, aut::storage::e2m5, aut::storage::e3m4, aut::storage::fp8_e4m3, aut::storage::fp8_e5m2, aut::storage::e1m14, aut::storage::e2m13, aut::storage::e3m12, aut::storage::fp16_e5m10, aut::storage::bf16_e8m7, aut::storage::e11m4, aut::storage::e1m30, aut::storage::e2m29, aut::storage::e3m28, aut::storage::fp32_e8m23, aut::storage::e11m20, aut::storage::fp64_e11m52>]" at line 921

/storage/home/timofeirusanov/accessor_universal_test/src/storage_performance_bench.cu(824): warning #2361-D: invalid narrowing conversion from "int" to "unsigned long"
    device_buffer<unsigned long long> integer_sink{device.multiprocessors * 16};
                                                   ^
          detected during:
            instantiation of "void <unnamed>::profile_format_lane<Format,Lanes>(const <unnamed>::options &, const <unnamed>::device_info &, const double *, const double *, <unnamed>::profile_output &, std::size_t) [with Format=aut::storage::fp8_e5m2, Lanes=4]" at line 882
            instantiation of "__nv_bool <unnamed>::try_profile_format<Format>(const <unnamed>::options &, const <unnamed>::device_info &, const double *, const double *, <unnamed>::profile_output &, std::size_t &) [with Format=aut::storage::fp8_e5m2]" at line 894
            instantiation of "void <unnamed>::profile_formats<Formats...>(const <unnamed>::options &, const <unnamed>::device_info &, const double *, const double *, <unnamed>::profile_output &) [with Formats=<aut::storage::e1m6, aut::storage::e2m5, aut::storage::e3m4, aut::storage::fp8_e4m3, aut::storage::fp8_e5m2, aut::storage::e1m14, aut::storage::e2m13, aut::storage::e3m12, aut::storage::fp16_e5m10, aut::storage::bf16_e8m7, aut::storage::e11m4, aut::storage::e1m30, aut::storage::e2m29, aut::storage::e3m28, aut::storage::fp32_e8m23, aut::storage::e11m20, aut::storage::fp64_e11m52>]" at line 921

/storage/home/timofeirusanov/accessor_universal_test/src/storage_performance_bench.cu(825): warning #2361-D: invalid narrowing conversion from "int" to "unsigned long"
    device_buffer<double> partials{device.multiprocessors * 16};
                                   ^
          detected during:
            instantiation of "void <unnamed>::profile_format_lane<Format,Lanes>(const <unnamed>::options &, const <unnamed>::device_info &, const double *, const double *, <unnamed>::profile_output &, std::size_t) [with Format=aut::storage::fp8_e5m2, Lanes=4]" at line 882
            instantiation of "__nv_bool <unnamed>::try_profile_format<Format>(const <unnamed>::options &, const <unnamed>::device_info &, const double *, const double *, <unnamed>::profile_output &, std::size_t &) [with Format=aut::storage::fp8_e5m2]" at line 894
            instantiation of "void <unnamed>::profile_formats<Formats...>(const <unnamed>::options &, const <unnamed>::device_info &, const double *, const double *, <unnamed>::profile_output &) [with Formats=<aut::storage::e1m6, aut::storage::e2m5, aut::storage::e3m4, aut::storage::fp8_e4m3, aut::storage::fp8_e5m2, aut::storage::e1m14, aut::storage::e2m13, aut::storage::e3m12, aut::storage::fp16_e5m10, aut::storage::bf16_e8m7, aut::storage::e11m4, aut::storage::e1m30, aut::storage::e2m29, aut::storage::e3m28, aut::storage::fp32_e8m23, aut::storage::e11m20, aut::storage::fp64_e11m52>]" at line 921

/storage/home/timofeirusanov/accessor_universal_test/src/storage_performance_bench.cu(824): warning #2361-D: invalid narrowing conversion from "int" to "unsigned long"
    device_buffer<unsigned long long> integer_sink{device.multiprocessors * 16};
                                                   ^
          detected during:
            instantiation of "void <unnamed>::profile_format_lane<Format,Lanes>(const <unnamed>::options &, const <unnamed>::device_info &, const double *, const double *, <unnamed>::profile_output &, std::size_t) [with Format=aut::storage::e1m14, Lanes=1]" at line 876
            instantiation of "__nv_bool <unnamed>::try_profile_format<Format>(const <unnamed>::options &, const <unnamed>::device_info &, const double *, const double *, <unnamed>::profile_output &, std::size_t &) [with Format=aut::storage::e1m14]" at line 894
            instantiation of "void <unnamed>::profile_formats<Formats...>(const <unnamed>::options &, const <unnamed>::device_info &, const double *, const double *, <unnamed>::profile_output &) [with Formats=<aut::storage::e1m6, aut::storage::e2m5, aut::storage::e3m4, aut::storage::fp8_e4m3, aut::storage::fp8_e5m2, aut::storage::e1m14, aut::storage::e2m13, aut::storage::e3m12, aut::storage::fp16_e5m10, aut::storage::bf16_e8m7, aut::storage::e11m4, aut::storage::e1m30, aut::storage::e2m29, aut::storage::e3m28, aut::storage::fp32_e8m23, aut::storage::e11m20, aut::storage::fp64_e11m52>]" at line 921

/storage/home/timofeirusanov/accessor_universal_test/src/storage_performance_bench.cu(825): warning #2361-D: invalid narrowing conversion from "int" to "unsigned long"
    device_buffer<double> partials{device.multiprocessors * 16};
                                   ^
          detected during:
            instantiation of "void <unnamed>::profile_format_lane<Format,Lanes>(const <unnamed>::options &, const <unnamed>::device_info &, const double *, const double *, <unnamed>::profile_output &, std::size_t) [with Format=aut::storage::e1m14, Lanes=1]" at line 876
            instantiation of "__nv_bool <unnamed>::try_profile_format<Format>(const <unnamed>::options &, const <unnamed>::device_info &, const double *, const double *, <unnamed>::profile_output &, std::size_t &) [with Format=aut::storage::e1m14]" at line 894
            instantiation of "void <unnamed>::profile_formats<Formats...>(const <unnamed>::options &, const <unnamed>::device_info &, const double *, const double *, <unnamed>::profile_output &) [with Formats=<aut::storage::e1m6, aut::storage::e2m5, aut::storage::e3m4, aut::storage::fp8_e4m3, aut::storage::fp8_e5m2, aut::storage::e1m14, aut::storage::e2m13, aut::storage::e3m12, aut::storage::fp16_e5m10, aut::storage::bf16_e8m7, aut::storage::e11m4, aut::storage::e1m30, aut::storage::e2m29, aut::storage::e3m28, aut::storage::fp32_e8m23, aut::storage::e11m20, aut::storage::fp64_e11m52>]" at line 921

/storage/home/timofeirusanov/accessor_universal_test/src/storage_performance_bench.cu(824): warning #2361-D: invalid narrowing conversion from "int" to "unsigned long"
    device_buffer<unsigned long long> integer_sink{device.multiprocessors * 16};
                                                   ^
          detected during:
            instantiation of "void <unnamed>::profile_format_lane<Format,Lanes>(const <unnamed>::options &, const <unnamed>::device_info &, const double *, const double *, <unnamed>::profile_output &, std::size_t) [with Format=aut::storage::e1m14, Lanes=2]" at line 879
            instantiation of "__nv_bool <unnamed>::try_profile_format<Format>(const <unnamed>::options &, const <unnamed>::device_info &, const double *, const double *, <unnamed>::profile_output &, std::size_t &) [with Format=aut::storage::e1m14]" at line 894
            instantiation of "void <unnamed>::profile_formats<Formats...>(const <unnamed>::options &, const <unnamed>::device_info &, const double *, const double *, <unnamed>::profile_output &) [with Formats=<aut::storage::e1m6, aut::storage::e2m5, aut::storage::e3m4, aut::storage::fp8_e4m3, aut::storage::fp8_e5m2, aut::storage::e1m14, aut::storage::e2m13, aut::storage::e3m12, aut::storage::fp16_e5m10, aut::storage::bf16_e8m7, aut::storage::e11m4, aut::storage::e1m30, aut::storage::e2m29, aut::storage::e3m28, aut::storage::fp32_e8m23, aut::storage::e11m20, aut::storage::fp64_e11m52>]" at line 921

/storage/home/timofeirusanov/accessor_universal_test/src/storage_performance_bench.cu(825): warning #2361-D: invalid narrowing conversion from "int" to "unsigned long"
    device_buffer<double> partials{device.multiprocessors * 16};
                                   ^
          detected during:
            instantiation of "void <unnamed>::profile_format_lane<Format,Lanes>(const <unnamed>::options &, const <unnamed>::device_info &, const double *, const double *, <unnamed>::profile_output &, std::size_t) [with Format=aut::storage::e1m14, Lanes=2]" at line 879
            instantiation of "__nv_bool <unnamed>::try_profile_format<Format>(const <unnamed>::options &, const <unnamed>::device_info &, const double *, const double *, <unnamed>::profile_output &, std::size_t &) [with Format=aut::storage::e1m14]" at line 894
            instantiation of "void <unnamed>::profile_formats<Formats...>(const <unnamed>::options &, const <unnamed>::device_info &, const double *, const double *, <unnamed>::profile_output &) [with Formats=<aut::storage::e1m6, aut::storage::e2m5, aut::storage::e3m4, aut::storage::fp8_e4m3, aut::storage::fp8_e5m2, aut::storage::e1m14, aut::storage::e2m13, aut::storage::e3m12, aut::storage::fp16_e5m10, aut::storage::bf16_e8m7, aut::storage::e11m4, aut::storage::e1m30, aut::storage::e2m29, aut::storage::e3m28, aut::storage::fp32_e8m23, aut::storage::e11m20, aut::storage::fp64_e11m52>]" at line 921

/storage/home/timofeirusanov/accessor_universal_test/src/storage_performance_bench.cu(824): warning #2361-D: invalid narrowing conversion from "int" to "unsigned long"
    device_buffer<unsigned long long> integer_sink{device.multiprocessors * 16};
                                                   ^
          detected during:
            instantiation of "void <unnamed>::profile_format_lane<Format,Lanes>(const <unnamed>::options &, const <unnamed>::device_info &, const double *, const double *, <unnamed>::profile_output &, std::size_t) [with Format=aut::storage::e1m14, Lanes=4]" at line 882
            instantiation of "__nv_bool <unnamed>::try_profile_format<Format>(const <unnamed>::options &, const <unnamed>::device_info &, const double *, const double *, <unnamed>::profile_output &, std::size_t &) [with Format=aut::storage::e1m14]" at line 894
            instantiation of "void <unnamed>::profile_formats<Formats...>(const <unnamed>::options &, const <unnamed>::device_info &, const double *, const double *, <unnamed>::profile_output &) [with Formats=<aut::storage::e1m6, aut::storage::e2m5, aut::storage::e3m4, aut::storage::fp8_e4m3, aut::storage::fp8_e5m2, aut::storage::e1m14, aut::storage::e2m13, aut::storage::e3m12, aut::storage::fp16_e5m10, aut::storage::bf16_e8m7, aut::storage::e11m4, aut::storage::e1m30, aut::storage::e2m29, aut::storage::e3m28, aut::storage::fp32_e8m23, aut::storage::e11m20, aut::storage::fp64_e11m52>]" at line 921

/storage/home/timofeirusanov/accessor_universal_test/src/storage_performance_bench.cu(825): warning #2361-D: invalid narrowing conversion from "int" to "unsigned long"
    device_buffer<double> partials{device.multiprocessors * 16};
                                   ^
          detected during:
            instantiation of "void <unnamed>::profile_format_lane<Format,Lanes>(const <unnamed>::options &, const <unnamed>::device_info &, const double *, const double *, <unnamed>::profile_output &, std::size_t) [with Format=aut::storage::e1m14, Lanes=4]" at line 882
            instantiation of "__nv_bool <unnamed>::try_profile_format<Format>(const <unnamed>::options &, const <unnamed>::device_info &, const double *, const double *, <unnamed>::profile_output &, std::size_t &) [with Format=aut::storage::e1m14]" at line 894
            instantiation of "void <unnamed>::profile_formats<Formats...>(const <unnamed>::options &, const <unnamed>::device_info &, const double *, const double *, <unnamed>::profile_output &) [with Formats=<aut::storage::e1m6, aut::storage::e2m5, aut::storage::e3m4, aut::storage::fp8_e4m3, aut::storage::fp8_e5m2, aut::storage::e1m14, aut::storage::e2m13, aut::storage::e3m12, aut::storage::fp16_e5m10, aut::storage::bf16_e8m7, aut::storage::e11m4, aut::storage::e1m30, aut::storage::e2m29, aut::storage::e3m28, aut::storage::fp32_e8m23, aut::storage::e11m20, aut::storage::fp64_e11m52>]" at line 921

/storage/home/timofeirusanov/accessor_universal_test/src/storage_performance_bench.cu(824): warning #2361-D: invalid narrowing conversion from "int" to "unsigned long"
    device_buffer<unsigned long long> integer_sink{device.multiprocessors * 16};
                                                   ^
          detected during:
            instantiation of "void <unnamed>::profile_format_lane<Format,Lanes>(const <unnamed>::options &, const <unnamed>::device_info &, const double *, const double *, <unnamed>::profile_output &, std::size_t) [with Format=aut::storage::e2m13, Lanes=1]" at line 876
            instantiation of "__nv_bool <unnamed>::try_profile_format<Format>(const <unnamed>::options &, const <unnamed>::device_info &, const double *, const double *, <unnamed>::profile_output &, std::size_t &) [with Format=aut::storage::e2m13]" at line 894
            instantiation of "void <unnamed>::profile_formats<Formats...>(const <unnamed>::options &, const <unnamed>::device_info &, const double *, const double *, <unnamed>::profile_output &) [with Formats=<aut::storage::e1m6, aut::storage::e2m5, aut::storage::e3m4, aut::storage::fp8_e4m3, aut::storage::fp8_e5m2, aut::storage::e1m14, aut::storage::e2m13, aut::storage::e3m12, aut::storage::fp16_e5m10, aut::storage::bf16_e8m7, aut::storage::e11m4, aut::storage::e1m30, aut::storage::e2m29, aut::storage::e3m28, aut::storage::fp32_e8m23, aut::storage::e11m20, aut::storage::fp64_e11m52>]" at line 921

/storage/home/timofeirusanov/accessor_universal_test/src/storage_performance_bench.cu(825): warning #2361-D: invalid narrowing conversion from "int" to "unsigned long"
    device_buffer<double> partials{device.multiprocessors * 16};
                                   ^
          detected during:
            instantiation of "void <unnamed>::profile_format_lane<Format,Lanes>(const <unnamed>::options &, const <unnamed>::device_info &, const double *, const double *, <unnamed>::profile_output &, std::size_t) [with Format=aut::storage::e2m13, Lanes=1]" at line 876
            instantiation of "__nv_bool <unnamed>::try_profile_format<Format>(const <unnamed>::options &, const <unnamed>::device_info &, const double *, const double *, <unnamed>::profile_output &, std::size_t &) [with Format=aut::storage::e2m13]" at line 894
            instantiation of "void <unnamed>::profile_formats<Formats...>(const <unnamed>::options &, const <unnamed>::device_info &, const double *, const double *, <unnamed>::profile_output &) [with Formats=<aut::storage::e1m6, aut::storage::e2m5, aut::storage::e3m4, aut::storage::fp8_e4m3, aut::storage::fp8_e5m2, aut::storage::e1m14, aut::storage::e2m13, aut::storage::e3m12, aut::storage::fp16_e5m10, aut::storage::bf16_e8m7, aut::storage::e11m4, aut::storage::e1m30, aut::storage::e2m29, aut::storage::e3m28, aut::storage::fp32_e8m23, aut::storage::e11m20, aut::storage::fp64_e11m52>]" at line 921

/storage/home/timofeirusanov/accessor_universal_test/src/storage_performance_bench.cu(824): warning #2361-D: invalid narrowing conversion from "int" to "unsigned long"
    device_buffer<unsigned long long> integer_sink{device.multiprocessors * 16};
                                                   ^
          detected during:
            instantiation of "void <unnamed>::profile_format_lane<Format,Lanes>(const <unnamed>::options &, const <unnamed>::device_info &, const double *, const double *, <unnamed>::profile_output &, std::size_t) [with Format=aut::storage::e2m13, Lanes=2]" at line 879
            instantiation of "__nv_bool <unnamed>::try_profile_format<Format>(const <unnamed>::options &, const <unnamed>::device_info &, const double *, const double *, <unnamed>::profile_output &, std::size_t &) [with Format=aut::storage::e2m13]" at line 894
            instantiation of "void <unnamed>::profile_formats<Formats...>(const <unnamed>::options &, const <unnamed>::device_info &, const double *, const double *, <unnamed>::profile_output &) [with Formats=<aut::storage::e1m6, aut::storage::e2m5, aut::storage::e3m4, aut::storage::fp8_e4m3, aut::storage::fp8_e5m2, aut::storage::e1m14, aut::storage::e2m13, aut::storage::e3m12, aut::storage::fp16_e5m10, aut::storage::bf16_e8m7, aut::storage::e11m4, aut::storage::e1m30, aut::storage::e2m29, aut::storage::e3m28, aut::storage::fp32_e8m23, aut::storage::e11m20, aut::storage::fp64_e11m52>]" at line 921

/storage/home/timofeirusanov/accessor_universal_test/src/storage_performance_bench.cu(825): warning #2361-D: invalid narrowing conversion from "int" to "unsigned long"
    device_buffer<double> partials{device.multiprocessors * 16};
                                   ^
          detected during:
            instantiation of "void <unnamed>::profile_format_lane<Format,Lanes>(const <unnamed>::options &, const <unnamed>::device_info &, const double *, const double *, <unnamed>::profile_output &, std::size_t) [with Format=aut::storage::e2m13, Lanes=2]" at line 879
            instantiation of "__nv_bool <unnamed>::try_profile_format<Format>(const <unnamed>::options &, const <unnamed>::device_info &, const double *, const double *, <unnamed>::profile_output &, std::size_t &) [with Format=aut::storage::e2m13]" at line 894
            instantiation of "void <unnamed>::profile_formats<Formats...>(const <unnamed>::options &, const <unnamed>::device_info &, const double *, const double *, <unnamed>::profile_output &) [with Formats=<aut::storage::e1m6, aut::storage::e2m5, aut::storage::e3m4, aut::storage::fp8_e4m3, aut::storage::fp8_e5m2, aut::storage::e1m14, aut::storage::e2m13, aut::storage::e3m12, aut::storage::fp16_e5m10, aut::storage::bf16_e8m7, aut::storage::e11m4, aut::storage::e1m30, aut::storage::e2m29, aut::storage::e3m28, aut::storage::fp32_e8m23, aut::storage::e11m20, aut::storage::fp64_e11m52>]" at line 921

/storage/home/timofeirusanov/accessor_universal_test/src/storage_performance_bench.cu(824): warning #2361-D: invalid narrowing conversion from "int" to "unsigned long"
    device_buffer<unsigned long long> integer_sink{device.multiprocessors * 16};
                                                   ^
          detected during:
            instantiation of "void <unnamed>::profile_format_lane<Format,Lanes>(const <unnamed>::options &, const <unnamed>::device_info &, const double *, const double *, <unnamed>::profile_output &, std::size_t) [with Format=aut::storage::e2m13, Lanes=4]" at line 882
            instantiation of "__nv_bool <unnamed>::try_profile_format<Format>(const <unnamed>::options &, const <unnamed>::device_info &, const double *, const double *, <unnamed>::profile_output &, std::size_t &) [with Format=aut::storage::e2m13]" at line 894
            instantiation of "void <unnamed>::profile_formats<Formats...>(const <unnamed>::options &, const <unnamed>::device_info &, const double *, const double *, <unnamed>::profile_output &) [with Formats=<aut::storage::e1m6, aut::storage::e2m5, aut::storage::e3m4, aut::storage::fp8_e4m3, aut::storage::fp8_e5m2, aut::storage::e1m14, aut::storage::e2m13, aut::storage::e3m12, aut::storage::fp16_e5m10, aut::storage::bf16_e8m7, aut::storage::e11m4, aut::storage::e1m30, aut::storage::e2m29, aut::storage::e3m28, aut::storage::fp32_e8m23, aut::storage::e11m20, aut::storage::fp64_e11m52>]" at line 921

/storage/home/timofeirusanov/accessor_universal_test/src/storage_performance_bench.cu(825): warning #2361-D: invalid narrowing conversion from "int" to "unsigned long"
    device_buffer<double> partials{device.multiprocessors * 16};
                                   ^
          detected during:
            instantiation of "void <unnamed>::profile_format_lane<Format,Lanes>(const <unnamed>::options &, const <unnamed>::device_info &, const double *, const double *, <unnamed>::profile_output &, std::size_t) [with Format=aut::storage::e2m13, Lanes=4]" at line 882
            instantiation of "__nv_bool <unnamed>::try_profile_format<Format>(const <unnamed>::options &, const <unnamed>::device_info &, const double *, const double *, <unnamed>::profile_output &, std::size_t &) [with Format=aut::storage::e2m13]" at line 894
            instantiation of "void <unnamed>::profile_formats<Formats...>(const <unnamed>::options &, const <unnamed>::device_info &, const double *, const double *, <unnamed>::profile_output &) [with Formats=<aut::storage::e1m6, aut::storage::e2m5, aut::storage::e3m4, aut::storage::fp8_e4m3, aut::storage::fp8_e5m2, aut::storage::e1m14, aut::storage::e2m13, aut::storage::e3m12, aut::storage::fp16_e5m10, aut::storage::bf16_e8m7, aut::storage::e11m4, aut::storage::e1m30, aut::storage::e2m29, aut::storage::e3m28, aut::storage::fp32_e8m23, aut::storage::e11m20, aut::storage::fp64_e11m52>]" at line 921

/storage/home/timofeirusanov/accessor_universal_test/src/storage_performance_bench.cu(824): warning #2361-D: invalid narrowing conversion from "int" to "unsigned long"
    device_buffer<unsigned long long> integer_sink{device.multiprocessors * 16};
                                                   ^
          detected during:
            instantiation of "void <unnamed>::profile_format_lane<Format,Lanes>(const <unnamed>::options &, const <unnamed>::device_info &, const double *, const double *, <unnamed>::profile_output &, std::size_t) [with Format=aut::storage::e3m12, Lanes=1]" at line 876
            instantiation of "__nv_bool <unnamed>::try_profile_format<Format>(const <unnamed>::options &, const <unnamed>::device_info &, const double *, const double *, <unnamed>::profile_output &, std::size_t &) [with Format=aut::storage::e3m12]" at line 894
            instantiation of "void <unnamed>::profile_formats<Formats...>(const <unnamed>::options &, const <unnamed>::device_info &, const double *, const double *, <unnamed>::profile_output &) [with Formats=<aut::storage::e1m6, aut::storage::e2m5, aut::storage::e3m4, aut::storage::fp8_e4m3, aut::storage::fp8_e5m2, aut::storage::e1m14, aut::storage::e2m13, aut::storage::e3m12, aut::storage::fp16_e5m10, aut::storage::bf16_e8m7, aut::storage::e11m4, aut::storage::e1m30, aut::storage::e2m29, aut::storage::e3m28, aut::storage::fp32_e8m23, aut::storage::e11m20, aut::storage::fp64_e11m52>]" at line 921

/storage/home/timofeirusanov/accessor_universal_test/src/storage_performance_bench.cu(825): warning #2361-D: invalid narrowing conversion from "int" to "unsigned long"
    device_buffer<double> partials{device.multiprocessors * 16};
                                   ^
          detected during:
            instantiation of "void <unnamed>::profile_format_lane<Format,Lanes>(const <unnamed>::options &, const <unnamed>::device_info &, const double *, const double *, <unnamed>::profile_output &, std::size_t) [with Format=aut::storage::e3m12, Lanes=1]" at line 876
            instantiation of "__nv_bool <unnamed>::try_profile_format<Format>(const <unnamed>::options &, const <unnamed>::device_info &, const double *, const double *, <unnamed>::profile_output &, std::size_t &) [with Format=aut::storage::e3m12]" at line 894
            instantiation of "void <unnamed>::profile_formats<Formats...>(const <unnamed>::options &, const <unnamed>::device_info &, const double *, const double *, <unnamed>::profile_output &) [with Formats=<aut::storage::e1m6, aut::storage::e2m5, aut::storage::e3m4, aut::storage::fp8_e4m3, aut::storage::fp8_e5m2, aut::storage::e1m14, aut::storage::e2m13, aut::storage::e3m12, aut::storage::fp16_e5m10, aut::storage::bf16_e8m7, aut::storage::e11m4, aut::storage::e1m30, aut::storage::e2m29, aut::storage::e3m28, aut::storage::fp32_e8m23, aut::storage::e11m20, aut::storage::fp64_e11m52>]" at line 921

/storage/home/timofeirusanov/accessor_universal_test/src/storage_performance_bench.cu(824): warning #2361-D: invalid narrowing conversion from "int" to "unsigned long"
    device_buffer<unsigned long long> integer_sink{device.multiprocessors * 16};
                                                   ^
          detected during:
            instantiation of "void <unnamed>::profile_format_lane<Format,Lanes>(const <unnamed>::options &, const <unnamed>::device_info &, const double *, const double *, <unnamed>::profile_output &, std::size_t) [with Format=aut::storage::e3m12, Lanes=2]" at line 879
            instantiation of "__nv_bool <unnamed>::try_profile_format<Format>(const <unnamed>::options &, const <unnamed>::device_info &, const double *, const double *, <unnamed>::profile_output &, std::size_t &) [with Format=aut::storage::e3m12]" at line 894
            instantiation of "void <unnamed>::profile_formats<Formats...>(const <unnamed>::options &, const <unnamed>::device_info &, const double *, const double *, <unnamed>::profile_output &) [with Formats=<aut::storage::e1m6, aut::storage::e2m5, aut::storage::e3m4, aut::storage::fp8_e4m3, aut::storage::fp8_e5m2, aut::storage::e1m14, aut::storage::e2m13, aut::storage::e3m12, aut::storage::fp16_e5m10, aut::storage::bf16_e8m7, aut::storage::e11m4, aut::storage::e1m30, aut::storage::e2m29, aut::storage::e3m28, aut::storage::fp32_e8m23, aut::storage::e11m20, aut::storage::fp64_e11m52>]" at line 921

/storage/home/timofeirusanov/accessor_universal_test/src/storage_performance_bench.cu(825): warning #2361-D: invalid narrowing conversion from "int" to "unsigned long"
    device_buffer<double> partials{device.multiprocessors * 16};
                                   ^
          detected during:
            instantiation of "void <unnamed>::profile_format_lane<Format,Lanes>(const <unnamed>::options &, const <unnamed>::device_info &, const double *, const double *, <unnamed>::profile_output &, std::size_t) [with Format=aut::storage::e3m12, Lanes=2]" at line 879
            instantiation of "__nv_bool <unnamed>::try_profile_format<Format>(const <unnamed>::options &, const <unnamed>::device_info &, const double *, const double *, <unnamed>::profile_output &, std::size_t &) [with Format=aut::storage::e3m12]" at line 894
            instantiation of "void <unnamed>::profile_formats<Formats...>(const <unnamed>::options &, const <unnamed>::device_info &, const double *, const double *, <unnamed>::profile_output &) [with Formats=<aut::storage::e1m6, aut::storage::e2m5, aut::storage::e3m4, aut::storage::fp8_e4m3, aut::storage::fp8_e5m2, aut::storage::e1m14, aut::storage::e2m13, aut::storage::e3m12, aut::storage::fp16_e5m10, aut::storage::bf16_e8m7, aut::storage::e11m4, aut::storage::e1m30, aut::storage::e2m29, aut::storage::e3m28, aut::storage::fp32_e8m23, aut::storage::e11m20, aut::storage::fp64_e11m52>]" at line 921

/storage/home/timofeirusanov/accessor_universal_test/src/storage_performance_bench.cu(824): warning #2361-D: invalid narrowing conversion from "int" to "unsigned long"
    device_buffer<unsigned long long> integer_sink{device.multiprocessors * 16};
                                                   ^
          detected during:
            instantiation of "void <unnamed>::profile_format_lane<Format,Lanes>(const <unnamed>::options &, const <unnamed>::device_info &, const double *, const double *, <unnamed>::profile_output &, std::size_t) [with Format=aut::storage::e3m12, Lanes=4]" at line 882
            instantiation of "__nv_bool <unnamed>::try_profile_format<Format>(const <unnamed>::options &, const <unnamed>::device_info &, const double *, const double *, <unnamed>::profile_output &, std::size_t &) [with Format=aut::storage::e3m12]" at line 894
            instantiation of "void <unnamed>::profile_formats<Formats...>(const <unnamed>::options &, const <unnamed>::device_info &, const double *, const double *, <unnamed>::profile_output &) [with Formats=<aut::storage::e1m6, aut::storage::e2m5, aut::storage::e3m4, aut::storage::fp8_e4m3, aut::storage::fp8_e5m2, aut::storage::e1m14, aut::storage::e2m13, aut::storage::e3m12, aut::storage::fp16_e5m10, aut::storage::bf16_e8m7, aut::storage::e11m4, aut::storage::e1m30, aut::storage::e2m29, aut::storage::e3m28, aut::storage::fp32_e8m23, aut::storage::e11m20, aut::storage::fp64_e11m52>]" at line 921

/storage/home/timofeirusanov/accessor_universal_test/src/storage_performance_bench.cu(825): warning #2361-D: invalid narrowing conversion from "int" to "unsigned long"
    device_buffer<double> partials{device.multiprocessors * 16};
                                   ^
          detected during:
            instantiation of "void <unnamed>::profile_format_lane<Format,Lanes>(const <unnamed>::options &, const <unnamed>::device_info &, const double *, const double *, <unnamed>::profile_output &, std::size_t) [with Format=aut::storage::e3m12, Lanes=4]" at line 882
            instantiation of "__nv_bool <unnamed>::try_profile_format<Format>(const <unnamed>::options &, const <unnamed>::device_info &, const double *, const double *, <unnamed>::profile_output &, std::size_t &) [with Format=aut::storage::e3m12]" at line 894
            instantiation of "void <unnamed>::profile_formats<Formats...>(const <unnamed>::options &, const <unnamed>::device_info &, const double *, const double *, <unnamed>::profile_output &) [with Formats=<aut::storage::e1m6, aut::storage::e2m5, aut::storage::e3m4, aut::storage::fp8_e4m3, aut::storage::fp8_e5m2, aut::storage::e1m14, aut::storage::e2m13, aut::storage::e3m12, aut::storage::fp16_e5m10, aut::storage::bf16_e8m7, aut::storage::e11m4, aut::storage::e1m30, aut::storage::e2m29, aut::storage::e3m28, aut::storage::fp32_e8m23, aut::storage::e11m20, aut::storage::fp64_e11m52>]" at line 921

/storage/home/timofeirusanov/accessor_universal_test/src/storage_performance_bench.cu(824): warning #2361-D: invalid narrowing conversion from "int" to "unsigned long"
    device_buffer<unsigned long long> integer_sink{device.multiprocessors * 16};
                                                   ^
          detected during:
            instantiation of "void <unnamed>::profile_format_lane<Format,Lanes>(const <unnamed>::options &, const <unnamed>::device_info &, const double *, const double *, <unnamed>::profile_output &, std::size_t) [with Format=aut::storage::fp16_e5m10, Lanes=1]" at line 876
            instantiation of "__nv_bool <unnamed>::try_profile_format<Format>(const <unnamed>::options &, const <unnamed>::device_info &, const double *, const double *, <unnamed>::profile_output &, std::size_t &) [with Format=aut::storage::fp16_e5m10]" at line 894
            instantiation of "void <unnamed>::profile_formats<Formats...>(const <unnamed>::options &, const <unnamed>::device_info &, const double *, const double *, <unnamed>::profile_output &) [with Formats=<aut::storage::e1m6, aut::storage::e2m5, aut::storage::e3m4, aut::storage::fp8_e4m3, aut::storage::fp8_e5m2, aut::storage::e1m14, aut::storage::e2m13, aut::storage::e3m12, aut::storage::fp16_e5m10, aut::storage::bf16_e8m7, aut::storage::e11m4, aut::storage::e1m30, aut::storage::e2m29, aut::storage::e3m28, aut::storage::fp32_e8m23, aut::storage::e11m20, aut::storage::fp64_e11m52>]" at line 921

/storage/home/timofeirusanov/accessor_universal_test/src/storage_performance_bench.cu(825): warning #2361-D: invalid narrowing conversion from "int" to "unsigned long"
    device_buffer<double> partials{device.multiprocessors * 16};
                                   ^
          detected during:
            instantiation of "void <unnamed>::profile_format_lane<Format,Lanes>(const <unnamed>::options &, const <unnamed>::device_info &, const double *, const double *, <unnamed>::profile_output &, std::size_t) [with Format=aut::storage::fp16_e5m10, Lanes=1]" at line 876
            instantiation of "__nv_bool <unnamed>::try_profile_format<Format>(const <unnamed>::options &, const <unnamed>::device_info &, const double *, const double *, <unnamed>::profile_output &, std::size_t &) [with Format=aut::storage::fp16_e5m10]" at line 894
            instantiation of "void <unnamed>::profile_formats<Formats...>(const <unnamed>::options &, const <unnamed>::device_info &, const double *, const double *, <unnamed>::profile_output &) [with Formats=<aut::storage::e1m6, aut::storage::e2m5, aut::storage::e3m4, aut::storage::fp8_e4m3, aut::storage::fp8_e5m2, aut::storage::e1m14, aut::storage::e2m13, aut::storage::e3m12, aut::storage::fp16_e5m10, aut::storage::bf16_e8m7, aut::storage::e11m4, aut::storage::e1m30, aut::storage::e2m29, aut::storage::e3m28, aut::storage::fp32_e8m23, aut::storage::e11m20, aut::storage::fp64_e11m52>]" at line 921

/storage/home/timofeirusanov/accessor_universal_test/src/storage_performance_bench.cu(824): warning #2361-D: invalid narrowing conversion from "int" to "unsigned long"
    device_buffer<unsigned long long> integer_sink{device.multiprocessors * 16};
                                                   ^
          detected during:
            instantiation of "void <unnamed>::profile_format_lane<Format,Lanes>(const <unnamed>::options &, const <unnamed>::device_info &, const double *, const double *, <unnamed>::profile_output &, std::size_t) [with Format=aut::storage::fp16_e5m10, Lanes=2]" at line 879
            instantiation of "__nv_bool <unnamed>::try_profile_format<Format>(const <unnamed>::options &, const <unnamed>::device_info &, const double *, const double *, <unnamed>::profile_output &, std::size_t &) [with Format=aut::storage::fp16_e5m10]" at line 894
            instantiation of "void <unnamed>::profile_formats<Formats...>(const <unnamed>::options &, const <unnamed>::device_info &, const double *, const double *, <unnamed>::profile_output &) [with Formats=<aut::storage::e1m6, aut::storage::e2m5, aut::storage::e3m4, aut::storage::fp8_e4m3, aut::storage::fp8_e5m2, aut::storage::e1m14, aut::storage::e2m13, aut::storage::e3m12, aut::storage::fp16_e5m10, aut::storage::bf16_e8m7, aut::storage::e11m4, aut::storage::e1m30, aut::storage::e2m29, aut::storage::e3m28, aut::storage::fp32_e8m23, aut::storage::e11m20, aut::storage::fp64_e11m52>]" at line 921

/storage/home/timofeirusanov/accessor_universal_test/src/storage_performance_bench.cu(825): warning #2361-D: invalid narrowing conversion from "int" to "unsigned long"
    device_buffer<double> partials{device.multiprocessors * 16};
                                   ^
          detected during:
            instantiation of "void <unnamed>::profile_format_lane<Format,Lanes>(const <unnamed>::options &, const <unnamed>::device_info &, const double *, const double *, <unnamed>::profile_output &, std::size_t) [with Format=aut::storage::fp16_e5m10, Lanes=2]" at line 879
            instantiation of "__nv_bool <unnamed>::try_profile_format<Format>(const <unnamed>::options &, const <unnamed>::device_info &, const double *, const double *, <unnamed>::profile_output &, std::size_t &) [with Format=aut::storage::fp16_e5m10]" at line 894
            instantiation of "void <unnamed>::profile_formats<Formats...>(const <unnamed>::options &, const <unnamed>::device_info &, const double *, const double *, <unnamed>::profile_output &) [with Formats=<aut::storage::e1m6, aut::storage::e2m5, aut::storage::e3m4, aut::storage::fp8_e4m3, aut::storage::fp8_e5m2, aut::storage::e1m14, aut::storage::e2m13, aut::storage::e3m12, aut::storage::fp16_e5m10, aut::storage::bf16_e8m7, aut::storage::e11m4, aut::storage::e1m30, aut::storage::e2m29, aut::storage::e3m28, aut::storage::fp32_e8m23, aut::storage::e11m20, aut::storage::fp64_e11m52>]" at line 921

/storage/home/timofeirusanov/accessor_universal_test/src/storage_performance_bench.cu(824): warning #2361-D: invalid narrowing conversion from "int" to "unsigned long"
    device_buffer<unsigned long long> integer_sink{device.multiprocessors * 16};
                                                   ^
          detected during:
            instantiation of "void <unnamed>::profile_format_lane<Format,Lanes>(const <unnamed>::options &, const <unnamed>::device_info &, const double *, const double *, <unnamed>::profile_output &, std::size_t) [with Format=aut::storage::fp16_e5m10, Lanes=4]" at line 882
            instantiation of "__nv_bool <unnamed>::try_profile_format<Format>(const <unnamed>::options &, const <unnamed>::device_info &, const double *, const double *, <unnamed>::profile_output &, std::size_t &) [with Format=aut::storage::fp16_e5m10]" at line 894
            instantiation of "void <unnamed>::profile_formats<Formats...>(const <unnamed>::options &, const <unnamed>::device_info &, const double *, const double *, <unnamed>::profile_output &) [with Formats=<aut::storage::e1m6, aut::storage::e2m5, aut::storage::e3m4, aut::storage::fp8_e4m3, aut::storage::fp8_e5m2, aut::storage::e1m14, aut::storage::e2m13, aut::storage::e3m12, aut::storage::fp16_e5m10, aut::storage::bf16_e8m7, aut::storage::e11m4, aut::storage::e1m30, aut::storage::e2m29, aut::storage::e3m28, aut::storage::fp32_e8m23, aut::storage::e11m20, aut::storage::fp64_e11m52>]" at line 921

/storage/home/timofeirusanov/accessor_universal_test/src/storage_performance_bench.cu(825): warning #2361-D: invalid narrowing conversion from "int" to "unsigned long"
    device_buffer<double> partials{device.multiprocessors * 16};
                                   ^
          detected during:
            instantiation of "void <unnamed>::profile_format_lane<Format,Lanes>(const <unnamed>::options &, const <unnamed>::device_info &, const double *, const double *, <unnamed>::profile_output &, std::size_t) [with Format=aut::storage::fp16_e5m10, Lanes=4]" at line 882
            instantiation of "__nv_bool <unnamed>::try_profile_format<Format>(const <unnamed>::options &, const <unnamed>::device_info &, const double *, const double *, <unnamed>::profile_output &, std::size_t &) [with Format=aut::storage::fp16_e5m10]" at line 894
            instantiation of "void <unnamed>::profile_formats<Formats...>(const <unnamed>::options &, const <unnamed>::device_info &, const double *, const double *, <unnamed>::profile_output &) [with Formats=<aut::storage::e1m6, aut::storage::e2m5, aut::storage::e3m4, aut::storage::fp8_e4m3, aut::storage::fp8_e5m2, aut::storage::e1m14, aut::storage::e2m13, aut::storage::e3m12, aut::storage::fp16_e5m10, aut::storage::bf16_e8m7, aut::storage::e11m4, aut::storage::e1m30, aut::storage::e2m29, aut::storage::e3m28, aut::storage::fp32_e8m23, aut::storage::e11m20, aut::storage::fp64_e11m52>]" at line 921

/storage/home/timofeirusanov/accessor_universal_test/src/storage_performance_bench.cu(824): warning #2361-D: invalid narrowing conversion from "int" to "unsigned long"
    device_buffer<unsigned long long> integer_sink{device.multiprocessors * 16};
                                                   ^
          detected during:
            instantiation of "void <unnamed>::profile_format_lane<Format,Lanes>(const <unnamed>::options &, const <unnamed>::device_info &, const double *, const double *, <unnamed>::profile_output &, std::size_t) [with Format=aut::storage::bf16_e8m7, Lanes=1]" at line 876
            instantiation of "__nv_bool <unnamed>::try_profile_format<Format>(const <unnamed>::options &, const <unnamed>::device_info &, const double *, const double *, <unnamed>::profile_output &, std::size_t &) [with Format=aut::storage::bf16_e8m7]" at line 894
            instantiation of "void <unnamed>::profile_formats<Formats...>(const <unnamed>::options &, const <unnamed>::device_info &, const double *, const double *, <unnamed>::profile_output &) [with Formats=<aut::storage::e1m6, aut::storage::e2m5, aut::storage::e3m4, aut::storage::fp8_e4m3, aut::storage::fp8_e5m2, aut::storage::e1m14, aut::storage::e2m13, aut::storage::e3m12, aut::storage::fp16_e5m10, aut::storage::bf16_e8m7, aut::storage::e11m4, aut::storage::e1m30, aut::storage::e2m29, aut::storage::e3m28, aut::storage::fp32_e8m23, aut::storage::e11m20, aut::storage::fp64_e11m52>]" at line 921

/storage/home/timofeirusanov/accessor_universal_test/src/storage_performance_bench.cu(825): warning #2361-D: invalid narrowing conversion from "int" to "unsigned long"
    device_buffer<double> partials{device.multiprocessors * 16};
                                   ^
          detected during:
            instantiation of "void <unnamed>::profile_format_lane<Format,Lanes>(const <unnamed>::options &, const <unnamed>::device_info &, const double *, const double *, <unnamed>::profile_output &, std::size_t) [with Format=aut::storage::bf16_e8m7, Lanes=1]" at line 876
            instantiation of "__nv_bool <unnamed>::try_profile_format<Format>(const <unnamed>::options &, const <unnamed>::device_info &, const double *, const double *, <unnamed>::profile_output &, std::size_t &) [with Format=aut::storage::bf16_e8m7]" at line 894
            instantiation of "void <unnamed>::profile_formats<Formats...>(const <unnamed>::options &, const <unnamed>::device_info &, const double *, const double *, <unnamed>::profile_output &) [with Formats=<aut::storage::e1m6, aut::storage::e2m5, aut::storage::e3m4, aut::storage::fp8_e4m3, aut::storage::fp8_e5m2, aut::storage::e1m14, aut::storage::e2m13, aut::storage::e3m12, aut::storage::fp16_e5m10, aut::storage::bf16_e8m7, aut::storage::e11m4, aut::storage::e1m30, aut::storage::e2m29, aut::storage::e3m28, aut::storage::fp32_e8m23, aut::storage::e11m20, aut::storage::fp64_e11m52>]" at line 921

/storage/home/timofeirusanov/accessor_universal_test/src/storage_performance_bench.cu(824): warning #2361-D: invalid narrowing conversion from "int" to "unsigned long"
    device_buffer<unsigned long long> integer_sink{device.multiprocessors * 16};
                                                   ^
          detected during:
            instantiation of "void <unnamed>::profile_format_lane<Format,Lanes>(const <unnamed>::options &, const <unnamed>::device_info &, const double *, const double *, <unnamed>::profile_output &, std::size_t) [with Format=aut::storage::bf16_e8m7, Lanes=2]" at line 879
            instantiation of "__nv_bool <unnamed>::try_profile_format<Format>(const <unnamed>::options &, const <unnamed>::device_info &, const double *, const double *, <unnamed>::profile_output &, std::size_t &) [with Format=aut::storage::bf16_e8m7]" at line 894
            instantiation of "void <unnamed>::profile_formats<Formats...>(const <unnamed>::options &, const <unnamed>::device_info &, const double *, const double *, <unnamed>::profile_output &) [with Formats=<aut::storage::e1m6, aut::storage::e2m5, aut::storage::e3m4, aut::storage::fp8_e4m3, aut::storage::fp8_e5m2, aut::storage::e1m14, aut::storage::e2m13, aut::storage::e3m12, aut::storage::fp16_e5m10, aut::storage::bf16_e8m7, aut::storage::e11m4, aut::storage::e1m30, aut::storage::e2m29, aut::storage::e3m28, aut::storage::fp32_e8m23, aut::storage::e11m20, aut::storage::fp64_e11m52>]" at line 921

/storage/home/timofeirusanov/accessor_universal_test/src/storage_performance_bench.cu(825): warning #2361-D: invalid narrowing conversion from "int" to "unsigned long"
    device_buffer<double> partials{device.multiprocessors * 16};
                                   ^
          detected during:
            instantiation of "void <unnamed>::profile_format_lane<Format,Lanes>(const <unnamed>::options &, const <unnamed>::device_info &, const double *, const double *, <unnamed>::profile_output &, std::size_t) [with Format=aut::storage::bf16_e8m7, Lanes=2]" at line 879
            instantiation of "__nv_bool <unnamed>::try_profile_format<Format>(const <unnamed>::options &, const <unnamed>::device_info &, const double *, const double *, <unnamed>::profile_output &, std::size_t &) [with Format=aut::storage::bf16_e8m7]" at line 894
            instantiation of "void <unnamed>::profile_formats<Formats...>(const <unnamed>::options &, const <unnamed>::device_info &, const double *, const double *, <unnamed>::profile_output &) [with Formats=<aut::storage::e1m6, aut::storage::e2m5, aut::storage::e3m4, aut::storage::fp8_e4m3, aut::storage::fp8_e5m2, aut::storage::e1m14, aut::storage::e2m13, aut::storage::e3m12, aut::storage::fp16_e5m10, aut::storage::bf16_e8m7, aut::storage::e11m4, aut::storage::e1m30, aut::storage::e2m29, aut::storage::e3m28, aut::storage::fp32_e8m23, aut::storage::e11m20, aut::storage::fp64_e11m52>]" at line 921

/storage/home/timofeirusanov/accessor_universal_test/src/storage_performance_bench.cu(824): warning #2361-D: invalid narrowing conversion from "int" to "unsigned long"
    device_buffer<unsigned long long> integer_sink{device.multiprocessors * 16};
                                                   ^
          detected during:
            instantiation of "void <unnamed>::profile_format_lane<Format,Lanes>(const <unnamed>::options &, const <unnamed>::device_info &, const double *, const double *, <unnamed>::profile_output &, std::size_t) [with Format=aut::storage::bf16_e8m7, Lanes=4]" at line 882
            instantiation of "__nv_bool <unnamed>::try_profile_format<Format>(const <unnamed>::options &, const <unnamed>::device_info &, const double *, const double *, <unnamed>::profile_output &, std::size_t &) [with Format=aut::storage::bf16_e8m7]" at line 894
            instantiation of "void <unnamed>::profile_formats<Formats...>(const <unnamed>::options &, const <unnamed>::device_info &, const double *, const double *, <unnamed>::profile_output &) [with Formats=<aut::storage::e1m6, aut::storage::e2m5, aut::storage::e3m4, aut::storage::fp8_e4m3, aut::storage::fp8_e5m2, aut::storage::e1m14, aut::storage::e2m13, aut::storage::e3m12, aut::storage::fp16_e5m10, aut::storage::bf16_e8m7, aut::storage::e11m4, aut::storage::e1m30, aut::storage::e2m29, aut::storage::e3m28, aut::storage::fp32_e8m23, aut::storage::e11m20, aut::storage::fp64_e11m52>]" at line 921

/storage/home/timofeirusanov/accessor_universal_test/src/storage_performance_bench.cu(825): warning #2361-D: invalid narrowing conversion from "int" to "unsigned long"
    device_buffer<double> partials{device.multiprocessors * 16};
                                   ^
          detected during:
            instantiation of "void <unnamed>::profile_format_lane<Format,Lanes>(const <unnamed>::options &, const <unnamed>::device_info &, const double *, const double *, <unnamed>::profile_output &, std::size_t) [with Format=aut::storage::bf16_e8m7, Lanes=4]" at line 882
            instantiation of "__nv_bool <unnamed>::try_profile_format<Format>(const <unnamed>::options &, const <unnamed>::device_info &, const double *, const double *, <unnamed>::profile_output &, std::size_t &) [with Format=aut::storage::bf16_e8m7]" at line 894
            instantiation of "void <unnamed>::profile_formats<Formats...>(const <unnamed>::options &, const <unnamed>::device_info &, const double *, const double *, <unnamed>::profile_output &) [with Formats=<aut::storage::e1m6, aut::storage::e2m5, aut::storage::e3m4, aut::storage::fp8_e4m3, aut::storage::fp8_e5m2, aut::storage::e1m14, aut::storage::e2m13, aut::storage::e3m12, aut::storage::fp16_e5m10, aut::storage::bf16_e8m7, aut::storage::e11m4, aut::storage::e1m30, aut::storage::e2m29, aut::storage::e3m28, aut::storage::fp32_e8m23, aut::storage::e11m20, aut::storage::fp64_e11m52>]" at line 921

/storage/home/timofeirusanov/accessor_universal_test/src/storage_performance_bench.cu(824): warning #2361-D: invalid narrowing conversion from "int" to "unsigned long"
    device_buffer<unsigned long long> integer_sink{device.multiprocessors * 16};
                                                   ^
          detected during:
            instantiation of "void <unnamed>::profile_format_lane<Format,Lanes>(const <unnamed>::options &, const <unnamed>::device_info &, const double *, const double *, <unnamed>::profile_output &, std::size_t) [with Format=aut::storage::e11m4, Lanes=1]" at line 876
            instantiation of "__nv_bool <unnamed>::try_profile_format<Format>(const <unnamed>::options &, const <unnamed>::device_info &, const double *, const double *, <unnamed>::profile_output &, std::size_t &) [with Format=aut::storage::e11m4]" at line 894
            instantiation of "void <unnamed>::profile_formats<Formats...>(const <unnamed>::options &, const <unnamed>::device_info &, const double *, const double *, <unnamed>::profile_output &) [with Formats=<aut::storage::e1m6, aut::storage::e2m5, aut::storage::e3m4, aut::storage::fp8_e4m3, aut::storage::fp8_e5m2, aut::storage::e1m14, aut::storage::e2m13, aut::storage::e3m12, aut::storage::fp16_e5m10, aut::storage::bf16_e8m7, aut::storage::e11m4, aut::storage::e1m30, aut::storage::e2m29, aut::storage::e3m28, aut::storage::fp32_e8m23, aut::storage::e11m20, aut::storage::fp64_e11m52>]" at line 921

/storage/home/timofeirusanov/accessor_universal_test/src/storage_performance_bench.cu(825): warning #2361-D: invalid narrowing conversion from "int" to "unsigned long"
    device_buffer<double> partials{device.multiprocessors * 16};
                                   ^
          detected during:
            instantiation of "void <unnamed>::profile_format_lane<Format,Lanes>(const <unnamed>::options &, const <unnamed>::device_info &, const double *, const double *, <unnamed>::profile_output &, std::size_t) [with Format=aut::storage::e11m4, Lanes=1]" at line 876
            instantiation of "__nv_bool <unnamed>::try_profile_format<Format>(const <unnamed>::options &, const <unnamed>::device_info &, const double *, const double *, <unnamed>::profile_output &, std::size_t &) [with Format=aut::storage::e11m4]" at line 894
            instantiation of "void <unnamed>::profile_formats<Formats...>(const <unnamed>::options &, const <unnamed>::device_info &, const double *, const double *, <unnamed>::profile_output &) [with Formats=<aut::storage::e1m6, aut::storage::e2m5, aut::storage::e3m4, aut::storage::fp8_e4m3, aut::storage::fp8_e5m2, aut::storage::e1m14, aut::storage::e2m13, aut::storage::e3m12, aut::storage::fp16_e5m10, aut::storage::bf16_e8m7, aut::storage::e11m4, aut::storage::e1m30, aut::storage::e2m29, aut::storage::e3m28, aut::storage::fp32_e8m23, aut::storage::e11m20, aut::storage::fp64_e11m52>]" at line 921

/storage/home/timofeirusanov/accessor_universal_test/src/storage_performance_bench.cu(824): warning #2361-D: invalid narrowing conversion from "int" to "unsigned long"
    device_buffer<unsigned long long> integer_sink{device.multiprocessors * 16};
                                                   ^
          detected during:
            instantiation of "void <unnamed>::profile_format_lane<Format,Lanes>(const <unnamed>::options &, const <unnamed>::device_info &, const double *, const double *, <unnamed>::profile_output &, std::size_t) [with Format=aut::storage::e11m4, Lanes=2]" at line 879
            instantiation of "__nv_bool <unnamed>::try_profile_format<Format>(const <unnamed>::options &, const <unnamed>::device_info &, const double *, const double *, <unnamed>::profile_output &, std::size_t &) [with Format=aut::storage::e11m4]" at line 894
            instantiation of "void <unnamed>::profile_formats<Formats...>(const <unnamed>::options &, const <unnamed>::device_info &, const double *, const double *, <unnamed>::profile_output &) [with Formats=<aut::storage::e1m6, aut::storage::e2m5, aut::storage::e3m4, aut::storage::fp8_e4m3, aut::storage::fp8_e5m2, aut::storage::e1m14, aut::storage::e2m13, aut::storage::e3m12, aut::storage::fp16_e5m10, aut::storage::bf16_e8m7, aut::storage::e11m4, aut::storage::e1m30, aut::storage::e2m29, aut::storage::e3m28, aut::storage::fp32_e8m23, aut::storage::e11m20, aut::storage::fp64_e11m52>]" at line 921

/storage/home/timofeirusanov/accessor_universal_test/src/storage_performance_bench.cu(825): warning #2361-D: invalid narrowing conversion from "int" to "unsigned long"
    device_buffer<double> partials{device.multiprocessors * 16};
                                   ^
          detected during:
            instantiation of "void <unnamed>::profile_format_lane<Format,Lanes>(const <unnamed>::options &, const <unnamed>::device_info &, const double *, const double *, <unnamed>::profile_output &, std::size_t) [with Format=aut::storage::e11m4, Lanes=2]" at line 879
            instantiation of "__nv_bool <unnamed>::try_profile_format<Format>(const <unnamed>::options &, const <unnamed>::device_info &, const double *, const double *, <unnamed>::profile_output &, std::size_t &) [with Format=aut::storage::e11m4]" at line 894
            instantiation of "void <unnamed>::profile_formats<Formats...>(const <unnamed>::options &, const <unnamed>::device_info &, const double *, const double *, <unnamed>::profile_output &) [with Formats=<aut::storage::e1m6, aut::storage::e2m5, aut::storage::e3m4, aut::storage::fp8_e4m3, aut::storage::fp8_e5m2, aut::storage::e1m14, aut::storage::e2m13, aut::storage::e3m12, aut::storage::fp16_e5m10, aut::storage::bf16_e8m7, aut::storage::e11m4, aut::storage::e1m30, aut::storage::e2m29, aut::storage::e3m28, aut::storage::fp32_e8m23, aut::storage::e11m20, aut::storage::fp64_e11m52>]" at line 921

/storage/home/timofeirusanov/accessor_universal_test/src/storage_performance_bench.cu(824): warning #2361-D: invalid narrowing conversion from "int" to "unsigned long"
    device_buffer<unsigned long long> integer_sink{device.multiprocessors * 16};
                                                   ^
          detected during:
            instantiation of "void <unnamed>::profile_format_lane<Format,Lanes>(const <unnamed>::options &, const <unnamed>::device_info &, const double *, const double *, <unnamed>::profile_output &, std::size_t) [with Format=aut::storage::e11m4, Lanes=4]" at line 882
            instantiation of "__nv_bool <unnamed>::try_profile_format<Format>(const <unnamed>::options &, const <unnamed>::device_info &, const double *, const double *, <unnamed>::profile_output &, std::size_t &) [with Format=aut::storage::e11m4]" at line 894
            instantiation of "void <unnamed>::profile_formats<Formats...>(const <unnamed>::options &, const <unnamed>::device_info &, const double *, const double *, <unnamed>::profile_output &) [with Formats=<aut::storage::e1m6, aut::storage::e2m5, aut::storage::e3m4, aut::storage::fp8_e4m3, aut::storage::fp8_e5m2, aut::storage::e1m14, aut::storage::e2m13, aut::storage::e3m12, aut::storage::fp16_e5m10, aut::storage::bf16_e8m7, aut::storage::e11m4, aut::storage::e1m30, aut::storage::e2m29, aut::storage::e3m28, aut::storage::fp32_e8m23, aut::storage::e11m20, aut::storage::fp64_e11m52>]" at line 921

/storage/home/timofeirusanov/accessor_universal_test/src/storage_performance_bench.cu(825): warning #2361-D: invalid narrowing conversion from "int" to "unsigned long"
    device_buffer<double> partials{device.multiprocessors * 16};
                                   ^
          detected during:
            instantiation of "void <unnamed>::profile_format_lane<Format,Lanes>(const <unnamed>::options &, const <unnamed>::device_info &, const double *, const double *, <unnamed>::profile_output &, std::size_t) [with Format=aut::storage::e11m4, Lanes=4]" at line 882
            instantiation of "__nv_bool <unnamed>::try_profile_format<Format>(const <unnamed>::options &, const <unnamed>::device_info &, const double *, const double *, <unnamed>::profile_output &, std::size_t &) [with Format=aut::storage::e11m4]" at line 894
            instantiation of "void <unnamed>::profile_formats<Formats...>(const <unnamed>::options &, const <unnamed>::device_info &, const double *, const double *, <unnamed>::profile_output &) [with Formats=<aut::storage::e1m6, aut::storage::e2m5, aut::storage::e3m4, aut::storage::fp8_e4m3, aut::storage::fp8_e5m2, aut::storage::e1m14, aut::storage::e2m13, aut::storage::e3m12, aut::storage::fp16_e5m10, aut::storage::bf16_e8m7, aut::storage::e11m4, aut::storage::e1m30, aut::storage::e2m29, aut::storage::e3m28, aut::storage::fp32_e8m23, aut::storage::e11m20, aut::storage::fp64_e11m52>]" at line 921

/storage/home/timofeirusanov/accessor_universal_test/src/storage_performance_bench.cu(824): warning #2361-D: invalid narrowing conversion from "int" to "unsigned long"
    device_buffer<unsigned long long> integer_sink{device.multiprocessors * 16};
                                                   ^
          detected during:
            instantiation of "void <unnamed>::profile_format_lane<Format,Lanes>(const <unnamed>::options &, const <unnamed>::device_info &, const double *, const double *, <unnamed>::profile_output &, std::size_t) [with Format=aut::storage::e1m30, Lanes=1]" at line 876
            instantiation of "__nv_bool <unnamed>::try_profile_format<Format>(const <unnamed>::options &, const <unnamed>::device_info &, const double *, const double *, <unnamed>::profile_output &, std::size_t &) [with Format=aut::storage::e1m30]" at line 894
            instantiation of "void <unnamed>::profile_formats<Formats...>(const <unnamed>::options &, const <unnamed>::device_info &, const double *, const double *, <unnamed>::profile_output &) [with Formats=<aut::storage::e1m6, aut::storage::e2m5, aut::storage::e3m4, aut::storage::fp8_e4m3, aut::storage::fp8_e5m2, aut::storage::e1m14, aut::storage::e2m13, aut::storage::e3m12, aut::storage::fp16_e5m10, aut::storage::bf16_e8m7, aut::storage::e11m4, aut::storage::e1m30, aut::storage::e2m29, aut::storage::e3m28, aut::storage::fp32_e8m23, aut::storage::e11m20, aut::storage::fp64_e11m52>]" at line 921

/storage/home/timofeirusanov/accessor_universal_test/src/storage_performance_bench.cu(825): warning #2361-D: invalid narrowing conversion from "int" to "unsigned long"
    device_buffer<double> partials{device.multiprocessors * 16};
                                   ^
          detected during:
            instantiation of "void <unnamed>::profile_format_lane<Format,Lanes>(const <unnamed>::options &, const <unnamed>::device_info &, const double *, const double *, <unnamed>::profile_output &, std::size_t) [with Format=aut::storage::e1m30, Lanes=1]" at line 876
            instantiation of "__nv_bool <unnamed>::try_profile_format<Format>(const <unnamed>::options &, const <unnamed>::device_info &, const double *, const double *, <unnamed>::profile_output &, std::size_t &) [with Format=aut::storage::e1m30]" at line 894
            instantiation of "void <unnamed>::profile_formats<Formats...>(const <unnamed>::options &, const <unnamed>::device_info &, const double *, const double *, <unnamed>::profile_output &) [with Formats=<aut::storage::e1m6, aut::storage::e2m5, aut::storage::e3m4, aut::storage::fp8_e4m3, aut::storage::fp8_e5m2, aut::storage::e1m14, aut::storage::e2m13, aut::storage::e3m12, aut::storage::fp16_e5m10, aut::storage::bf16_e8m7, aut::storage::e11m4, aut::storage::e1m30, aut::storage::e2m29, aut::storage::e3m28, aut::storage::fp32_e8m23, aut::storage::e11m20, aut::storage::fp64_e11m52>]" at line 921

/storage/home/timofeirusanov/accessor_universal_test/src/storage_performance_bench.cu(824): warning #2361-D: invalid narrowing conversion from "int" to "unsigned long"
    device_buffer<unsigned long long> integer_sink{device.multiprocessors * 16};
                                                   ^
          detected during:
            instantiation of "void <unnamed>::profile_format_lane<Format,Lanes>(const <unnamed>::options &, const <unnamed>::device_info &, const double *, const double *, <unnamed>::profile_output &, std::size_t) [with Format=aut::storage::e1m30, Lanes=2]" at line 879
            instantiation of "__nv_bool <unnamed>::try_profile_format<Format>(const <unnamed>::options &, const <unnamed>::device_info &, const double *, const double *, <unnamed>::profile_output &, std::size_t &) [with Format=aut::storage::e1m30]" at line 894
            instantiation of "void <unnamed>::profile_formats<Formats...>(const <unnamed>::options &, const <unnamed>::device_info &, const double *, const double *, <unnamed>::profile_output &) [with Formats=<aut::storage::e1m6, aut::storage::e2m5, aut::storage::e3m4, aut::storage::fp8_e4m3, aut::storage::fp8_e5m2, aut::storage::e1m14, aut::storage::e2m13, aut::storage::e3m12, aut::storage::fp16_e5m10, aut::storage::bf16_e8m7, aut::storage::e11m4, aut::storage::e1m30, aut::storage::e2m29, aut::storage::e3m28, aut::storage::fp32_e8m23, aut::storage::e11m20, aut::storage::fp64_e11m52>]" at line 921

/storage/home/timofeirusanov/accessor_universal_test/src/storage_performance_bench.cu(825): warning #2361-D: invalid narrowing conversion from "int" to "unsigned long"
    device_buffer<double> partials{device.multiprocessors * 16};
                                   ^
          detected during:
            instantiation of "void <unnamed>::profile_format_lane<Format,Lanes>(const <unnamed>::options &, const <unnamed>::device_info &, const double *, const double *, <unnamed>::profile_output &, std::size_t) [with Format=aut::storage::e1m30, Lanes=2]" at line 879
            instantiation of "__nv_bool <unnamed>::try_profile_format<Format>(const <unnamed>::options &, const <unnamed>::device_info &, const double *, const double *, <unnamed>::profile_output &, std::size_t &) [with Format=aut::storage::e1m30]" at line 894
            instantiation of "void <unnamed>::profile_formats<Formats...>(const <unnamed>::options &, const <unnamed>::device_info &, const double *, const double *, <unnamed>::profile_output &) [with Formats=<aut::storage::e1m6, aut::storage::e2m5, aut::storage::e3m4, aut::storage::fp8_e4m3, aut::storage::fp8_e5m2, aut::storage::e1m14, aut::storage::e2m13, aut::storage::e3m12, aut::storage::fp16_e5m10, aut::storage::bf16_e8m7, aut::storage::e11m4, aut::storage::e1m30, aut::storage::e2m29, aut::storage::e3m28, aut::storage::fp32_e8m23, aut::storage::e11m20, aut::storage::fp64_e11m52>]" at line 921

/storage/home/timofeirusanov/accessor_universal_test/src/storage_performance_bench.cu(824): warning #2361-D: invalid narrowing conversion from "int" to "unsigned long"
    device_buffer<unsigned long long> integer_sink{device.multiprocessors * 16};
                                                   ^
          detected during:
            instantiation of "void <unnamed>::profile_format_lane<Format,Lanes>(const <unnamed>::options &, const <unnamed>::device_info &, const double *, const double *, <unnamed>::profile_output &, std::size_t) [with Format=aut::storage::e1m30, Lanes=4]" at line 882
            instantiation of "__nv_bool <unnamed>::try_profile_format<Format>(const <unnamed>::options &, const <unnamed>::device_info &, const double *, const double *, <unnamed>::profile_output &, std::size_t &) [with Format=aut::storage::e1m30]" at line 894
            instantiation of "void <unnamed>::profile_formats<Formats...>(const <unnamed>::options &, const <unnamed>::device_info &, const double *, const double *, <unnamed>::profile_output &) [with Formats=<aut::storage::e1m6, aut::storage::e2m5, aut::storage::e3m4, aut::storage::fp8_e4m3, aut::storage::fp8_e5m2, aut::storage::e1m14, aut::storage::e2m13, aut::storage::e3m12, aut::storage::fp16_e5m10, aut::storage::bf16_e8m7, aut::storage::e11m4, aut::storage::e1m30, aut::storage::e2m29, aut::storage::e3m28, aut::storage::fp32_e8m23, aut::storage::e11m20, aut::storage::fp64_e11m52>]" at line 921

/storage/home/timofeirusanov/accessor_universal_test/src/storage_performance_bench.cu(825): warning #2361-D: invalid narrowing conversion from "int" to "unsigned long"
    device_buffer<double> partials{device.multiprocessors * 16};
                                   ^
          detected during:
            instantiation of "void <unnamed>::profile_format_lane<Format,Lanes>(const <unnamed>::options &, const <unnamed>::device_info &, const double *, const double *, <unnamed>::profile_output &, std::size_t) [with Format=aut::storage::e1m30, Lanes=4]" at line 882
            instantiation of "__nv_bool <unnamed>::try_profile_format<Format>(const <unnamed>::options &, const <unnamed>::device_info &, const double *, const double *, <unnamed>::profile_output &, std::size_t &) [with Format=aut::storage::e1m30]" at line 894
            instantiation of "void <unnamed>::profile_formats<Formats...>(const <unnamed>::options &, const <unnamed>::device_info &, const double *, const double *, <unnamed>::profile_output &) [with Formats=<aut::storage::e1m6, aut::storage::e2m5, aut::storage::e3m4, aut::storage::fp8_e4m3, aut::storage::fp8_e5m2, aut::storage::e1m14, aut::storage::e2m13, aut::storage::e3m12, aut::storage::fp16_e5m10, aut::storage::bf16_e8m7, aut::storage::e11m4, aut::storage::e1m30, aut::storage::e2m29, aut::storage::e3m28, aut::storage::fp32_e8m23, aut::storage::e11m20, aut::storage::fp64_e11m52>]" at line 921

/storage/home/timofeirusanov/accessor_universal_test/src/storage_performance_bench.cu(824): warning #2361-D: invalid narrowing conversion from "int" to "unsigned long"
    device_buffer<unsigned long long> integer_sink{device.multiprocessors * 16};
                                                   ^
          detected during:
            instantiation of "void <unnamed>::profile_format_lane<Format,Lanes>(const <unnamed>::options &, const <unnamed>::device_info &, const double *, const double *, <unnamed>::profile_output &, std::size_t) [with Format=aut::storage::e2m29, Lanes=1]" at line 876
            instantiation of "__nv_bool <unnamed>::try_profile_format<Format>(const <unnamed>::options &, const <unnamed>::device_info &, const double *, const double *, <unnamed>::profile_output &, std::size_t &) [with Format=aut::storage::e2m29]" at line 894
            instantiation of "void <unnamed>::profile_formats<Formats...>(const <unnamed>::options &, const <unnamed>::device_info &, const double *, const double *, <unnamed>::profile_output &) [with Formats=<aut::storage::e1m6, aut::storage::e2m5, aut::storage::e3m4, aut::storage::fp8_e4m3, aut::storage::fp8_e5m2, aut::storage::e1m14, aut::storage::e2m13, aut::storage::e3m12, aut::storage::fp16_e5m10, aut::storage::bf16_e8m7, aut::storage::e11m4, aut::storage::e1m30, aut::storage::e2m29, aut::storage::e3m28, aut::storage::fp32_e8m23, aut::storage::e11m20, aut::storage::fp64_e11m52>]" at line 921

/storage/home/timofeirusanov/accessor_universal_test/src/storage_performance_bench.cu(825): warning #2361-D: invalid narrowing conversion from "int" to "unsigned long"
    device_buffer<double> partials{device.multiprocessors * 16};
                                   ^
          detected during:
            instantiation of "void <unnamed>::profile_format_lane<Format,Lanes>(const <unnamed>::options &, const <unnamed>::device_info &, const double *, const double *, <unnamed>::profile_output &, std::size_t) [with Format=aut::storage::e2m29, Lanes=1]" at line 876
            instantiation of "__nv_bool <unnamed>::try_profile_format<Format>(const <unnamed>::options &, const <unnamed>::device_info &, const double *, const double *, <unnamed>::profile_output &, std::size_t &) [with Format=aut::storage::e2m29]" at line 894
            instantiation of "void <unnamed>::profile_formats<Formats...>(const <unnamed>::options &, const <unnamed>::device_info &, const double *, const double *, <unnamed>::profile_output &) [with Formats=<aut::storage::e1m6, aut::storage::e2m5, aut::storage::e3m4, aut::storage::fp8_e4m3, aut::storage::fp8_e5m2, aut::storage::e1m14, aut::storage::e2m13, aut::storage::e3m12, aut::storage::fp16_e5m10, aut::storage::bf16_e8m7, aut::storage::e11m4, aut::storage::e1m30, aut::storage::e2m29, aut::storage::e3m28, aut::storage::fp32_e8m23, aut::storage::e11m20, aut::storage::fp64_e11m52>]" at line 921

/storage/home/timofeirusanov/accessor_universal_test/src/storage_performance_bench.cu(824): warning #2361-D: invalid narrowing conversion from "int" to "unsigned long"
    device_buffer<unsigned long long> integer_sink{device.multiprocessors * 16};
                                                   ^
          detected during:
            instantiation of "void <unnamed>::profile_format_lane<Format,Lanes>(const <unnamed>::options &, const <unnamed>::device_info &, const double *, const double *, <unnamed>::profile_output &, std::size_t) [with Format=aut::storage::e2m29, Lanes=2]" at line 879
            instantiation of "__nv_bool <unnamed>::try_profile_format<Format>(const <unnamed>::options &, const <unnamed>::device_info &, const double *, const double *, <unnamed>::profile_output &, std::size_t &) [with Format=aut::storage::e2m29]" at line 894
            instantiation of "void <unnamed>::profile_formats<Formats...>(const <unnamed>::options &, const <unnamed>::device_info &, const double *, const double *, <unnamed>::profile_output &) [with Formats=<aut::storage::e1m6, aut::storage::e2m5, aut::storage::e3m4, aut::storage::fp8_e4m3, aut::storage::fp8_e5m2, aut::storage::e1m14, aut::storage::e2m13, aut::storage::e3m12, aut::storage::fp16_e5m10, aut::storage::bf16_e8m7, aut::storage::e11m4, aut::storage::e1m30, aut::storage::e2m29, aut::storage::e3m28, aut::storage::fp32_e8m23, aut::storage::e11m20, aut::storage::fp64_e11m52>]" at line 921

/storage/home/timofeirusanov/accessor_universal_test/src/storage_performance_bench.cu(825): warning #2361-D: invalid narrowing conversion from "int" to "unsigned long"
    device_buffer<double> partials{device.multiprocessors * 16};
                                   ^
          detected during:
            instantiation of "void <unnamed>::profile_format_lane<Format,Lanes>(const <unnamed>::options &, const <unnamed>::device_info &, const double *, const double *, <unnamed>::profile_output &, std::size_t) [with Format=aut::storage::e2m29, Lanes=2]" at line 879
            instantiation of "__nv_bool <unnamed>::try_profile_format<Format>(const <unnamed>::options &, const <unnamed>::device_info &, const double *, const double *, <unnamed>::profile_output &, std::size_t &) [with Format=aut::storage::e2m29]" at line 894
            instantiation of "void <unnamed>::profile_formats<Formats...>(const <unnamed>::options &, const <unnamed>::device_info &, const double *, const double *, <unnamed>::profile_output &) [with Formats=<aut::storage::e1m6, aut::storage::e2m5, aut::storage::e3m4, aut::storage::fp8_e4m3, aut::storage::fp8_e5m2, aut::storage::e1m14, aut::storage::e2m13, aut::storage::e3m12, aut::storage::fp16_e5m10, aut::storage::bf16_e8m7, aut::storage::e11m4, aut::storage::e1m30, aut::storage::e2m29, aut::storage::e3m28, aut::storage::fp32_e8m23, aut::storage::e11m20, aut::storage::fp64_e11m52>]" at line 921

/storage/home/timofeirusanov/accessor_universal_test/src/storage_performance_bench.cu(824): warning #2361-D: invalid narrowing conversion from "int" to "unsigned long"
    device_buffer<unsigned long long> integer_sink{device.multiprocessors * 16};
                                                   ^
          detected during:
            instantiation of "void <unnamed>::profile_format_lane<Format,Lanes>(const <unnamed>::options &, const <unnamed>::device_info &, const double *, const double *, <unnamed>::profile_output &, std::size_t) [with Format=aut::storage::e2m29, Lanes=4]" at line 882
            instantiation of "__nv_bool <unnamed>::try_profile_format<Format>(const <unnamed>::options &, const <unnamed>::device_info &, const double *, const double *, <unnamed>::profile_output &, std::size_t &) [with Format=aut::storage::e2m29]" at line 894
            instantiation of "void <unnamed>::profile_formats<Formats...>(const <unnamed>::options &, const <unnamed>::device_info &, const double *, const double *, <unnamed>::profile_output &) [with Formats=<aut::storage::e1m6, aut::storage::e2m5, aut::storage::e3m4, aut::storage::fp8_e4m3, aut::storage::fp8_e5m2, aut::storage::e1m14, aut::storage::e2m13, aut::storage::e3m12, aut::storage::fp16_e5m10, aut::storage::bf16_e8m7, aut::storage::e11m4, aut::storage::e1m30, aut::storage::e2m29, aut::storage::e3m28, aut::storage::fp32_e8m23, aut::storage::e11m20, aut::storage::fp64_e11m52>]" at line 921

/storage/home/timofeirusanov/accessor_universal_test/src/storage_performance_bench.cu(825): warning #2361-D: invalid narrowing conversion from "int" to "unsigned long"
    device_buffer<double> partials{device.multiprocessors * 16};
                                   ^
          detected during:
            instantiation of "void <unnamed>::profile_format_lane<Format,Lanes>(const <unnamed>::options &, const <unnamed>::device_info &, const double *, const double *, <unnamed>::profile_output &, std::size_t) [with Format=aut::storage::e2m29, Lanes=4]" at line 882
            instantiation of "__nv_bool <unnamed>::try_profile_format<Format>(const <unnamed>::options &, const <unnamed>::device_info &, const double *, const double *, <unnamed>::profile_output &, std::size_t &) [with Format=aut::storage::e2m29]" at line 894
            instantiation of "void <unnamed>::profile_formats<Formats...>(const <unnamed>::options &, const <unnamed>::device_info &, const double *, const double *, <unnamed>::profile_output &) [with Formats=<aut::storage::e1m6, aut::storage::e2m5, aut::storage::e3m4, aut::storage::fp8_e4m3, aut::storage::fp8_e5m2, aut::storage::e1m14, aut::storage::e2m13, aut::storage::e3m12, aut::storage::fp16_e5m10, aut::storage::bf16_e8m7, aut::storage::e11m4, aut::storage::e1m30, aut::storage::e2m29, aut::storage::e3m28, aut::storage::fp32_e8m23, aut::storage::e11m20, aut::storage::fp64_e11m52>]" at line 921

/storage/home/timofeirusanov/accessor_universal_test/src/storage_performance_bench.cu(824): warning #2361-D: invalid narrowing conversion from "int" to "unsigned long"
    device_buffer<unsigned long long> integer_sink{device.multiprocessors * 16};
                                                   ^
          detected during:
            instantiation of "void <unnamed>::profile_format_lane<Format,Lanes>(const <unnamed>::options &, const <unnamed>::device_info &, const double *, const double *, <unnamed>::profile_output &, std::size_t) [with Format=aut::storage::e3m28, Lanes=1]" at line 876
            instantiation of "__nv_bool <unnamed>::try_profile_format<Format>(const <unnamed>::options &, const <unnamed>::device_info &, const double *, const double *, <unnamed>::profile_output &, std::size_t &) [with Format=aut::storage::e3m28]" at line 894
            instantiation of "void <unnamed>::profile_formats<Formats...>(const <unnamed>::options &, const <unnamed>::device_info &, const double *, const double *, <unnamed>::profile_output &) [with Formats=<aut::storage::e1m6, aut::storage::e2m5, aut::storage::e3m4, aut::storage::fp8_e4m3, aut::storage::fp8_e5m2, aut::storage::e1m14, aut::storage::e2m13, aut::storage::e3m12, aut::storage::fp16_e5m10, aut::storage::bf16_e8m7, aut::storage::e11m4, aut::storage::e1m30, aut::storage::e2m29, aut::storage::e3m28, aut::storage::fp32_e8m23, aut::storage::e11m20, aut::storage::fp64_e11m52>]" at line 921

/storage/home/timofeirusanov/accessor_universal_test/src/storage_performance_bench.cu(825): warning #2361-D: invalid narrowing conversion from "int" to "unsigned long"
    device_buffer<double> partials{device.multiprocessors * 16};
                                   ^
          detected during:
            instantiation of "void <unnamed>::profile_format_lane<Format,Lanes>(const <unnamed>::options &, const <unnamed>::device_info &, const double *, const double *, <unnamed>::profile_output &, std::size_t) [with Format=aut::storage::e3m28, Lanes=1]" at line 876
            instantiation of "__nv_bool <unnamed>::try_profile_format<Format>(const <unnamed>::options &, const <unnamed>::device_info &, const double *, const double *, <unnamed>::profile_output &, std::size_t &) [with Format=aut::storage::e3m28]" at line 894
            instantiation of "void <unnamed>::profile_formats<Formats...>(const <unnamed>::options &, const <unnamed>::device_info &, const double *, const double *, <unnamed>::profile_output &) [with Formats=<aut::storage::e1m6, aut::storage::e2m5, aut::storage::e3m4, aut::storage::fp8_e4m3, aut::storage::fp8_e5m2, aut::storage::e1m14, aut::storage::e2m13, aut::storage::e3m12, aut::storage::fp16_e5m10, aut::storage::bf16_e8m7, aut::storage::e11m4, aut::storage::e1m30, aut::storage::e2m29, aut::storage::e3m28, aut::storage::fp32_e8m23, aut::storage::e11m20, aut::storage::fp64_e11m52>]" at line 921

/storage/home/timofeirusanov/accessor_universal_test/src/storage_performance_bench.cu(824): warning #2361-D: invalid narrowing conversion from "int" to "unsigned long"
    device_buffer<unsigned long long> integer_sink{device.multiprocessors * 16};
                                                   ^
          detected during:
            instantiation of "void <unnamed>::profile_format_lane<Format,Lanes>(const <unnamed>::options &, const <unnamed>::device_info &, const double *, const double *, <unnamed>::profile_output &, std::size_t) [with Format=aut::storage::e3m28, Lanes=2]" at line 879
            instantiation of "__nv_bool <unnamed>::try_profile_format<Format>(const <unnamed>::options &, const <unnamed>::device_info &, const double *, const double *, <unnamed>::profile_output &, std::size_t &) [with Format=aut::storage::e3m28]" at line 894
            instantiation of "void <unnamed>::profile_formats<Formats...>(const <unnamed>::options &, const <unnamed>::device_info &, const double *, const double *, <unnamed>::profile_output &) [with Formats=<aut::storage::e1m6, aut::storage::e2m5, aut::storage::e3m4, aut::storage::fp8_e4m3, aut::storage::fp8_e5m2, aut::storage::e1m14, aut::storage::e2m13, aut::storage::e3m12, aut::storage::fp16_e5m10, aut::storage::bf16_e8m7, aut::storage::e11m4, aut::storage::e1m30, aut::storage::e2m29, aut::storage::e3m28, aut::storage::fp32_e8m23, aut::storage::e11m20, aut::storage::fp64_e11m52>]" at line 921

/storage/home/timofeirusanov/accessor_universal_test/src/storage_performance_bench.cu(825): warning #2361-D: invalid narrowing conversion from "int" to "unsigned long"
    device_buffer<double> partials{device.multiprocessors * 16};
                                   ^
          detected during:
            instantiation of "void <unnamed>::profile_format_lane<Format,Lanes>(const <unnamed>::options &, const <unnamed>::device_info &, const double *, const double *, <unnamed>::profile_output &, std::size_t) [with Format=aut::storage::e3m28, Lanes=2]" at line 879
            instantiation of "__nv_bool <unnamed>::try_profile_format<Format>(const <unnamed>::options &, const <unnamed>::device_info &, const double *, const double *, <unnamed>::profile_output &, std::size_t &) [with Format=aut::storage::e3m28]" at line 894
            instantiation of "void <unnamed>::profile_formats<Formats...>(const <unnamed>::options &, const <unnamed>::device_info &, const double *, const double *, <unnamed>::profile_output &) [with Formats=<aut::storage::e1m6, aut::storage::e2m5, aut::storage::e3m4, aut::storage::fp8_e4m3, aut::storage::fp8_e5m2, aut::storage::e1m14, aut::storage::e2m13, aut::storage::e3m12, aut::storage::fp16_e5m10, aut::storage::bf16_e8m7, aut::storage::e11m4, aut::storage::e1m30, aut::storage::e2m29, aut::storage::e3m28, aut::storage::fp32_e8m23, aut::storage::e11m20, aut::storage::fp64_e11m52>]" at line 921

/storage/home/timofeirusanov/accessor_universal_test/src/storage_performance_bench.cu(824): warning #2361-D: invalid narrowing conversion from "int" to "unsigned long"
    device_buffer<unsigned long long> integer_sink{device.multiprocessors * 16};
                                                   ^
          detected during:
            instantiation of "void <unnamed>::profile_format_lane<Format,Lanes>(const <unnamed>::options &, const <unnamed>::device_info &, const double *, const double *, <unnamed>::profile_output &, std::size_t) [with Format=aut::storage::e3m28, Lanes=4]" at line 882
            instantiation of "__nv_bool <unnamed>::try_profile_format<Format>(const <unnamed>::options &, const <unnamed>::device_info &, const double *, const double *, <unnamed>::profile_output &, std::size_t &) [with Format=aut::storage::e3m28]" at line 894
            instantiation of "void <unnamed>::profile_formats<Formats...>(const <unnamed>::options &, const <unnamed>::device_info &, const double *, const double *, <unnamed>::profile_output &) [with Formats=<aut::storage::e1m6, aut::storage::e2m5, aut::storage::e3m4, aut::storage::fp8_e4m3, aut::storage::fp8_e5m2, aut::storage::e1m14, aut::storage::e2m13, aut::storage::e3m12, aut::storage::fp16_e5m10, aut::storage::bf16_e8m7, aut::storage::e11m4, aut::storage::e1m30, aut::storage::e2m29, aut::storage::e3m28, aut::storage::fp32_e8m23, aut::storage::e11m20, aut::storage::fp64_e11m52>]" at line 921

/storage/home/timofeirusanov/accessor_universal_test/src/storage_performance_bench.cu(825): warning #2361-D: invalid narrowing conversion from "int" to "unsigned long"
    device_buffer<double> partials{device.multiprocessors * 16};
                                   ^
          detected during:
            instantiation of "void <unnamed>::profile_format_lane<Format,Lanes>(const <unnamed>::options &, const <unnamed>::device_info &, const double *, const double *, <unnamed>::profile_output &, std::size_t) [with Format=aut::storage::e3m28, Lanes=4]" at line 882
            instantiation of "__nv_bool <unnamed>::try_profile_format<Format>(const <unnamed>::options &, const <unnamed>::device_info &, const double *, const double *, <unnamed>::profile_output &, std::size_t &) [with Format=aut::storage::e3m28]" at line 894
            instantiation of "void <unnamed>::profile_formats<Formats...>(const <unnamed>::options &, const <unnamed>::device_info &, const double *, const double *, <unnamed>::profile_output &) [with Formats=<aut::storage::e1m6, aut::storage::e2m5, aut::storage::e3m4, aut::storage::fp8_e4m3, aut::storage::fp8_e5m2, aut::storage::e1m14, aut::storage::e2m13, aut::storage::e3m12, aut::storage::fp16_e5m10, aut::storage::bf16_e8m7, aut::storage::e11m4, aut::storage::e1m30, aut::storage::e2m29, aut::storage::e3m28, aut::storage::fp32_e8m23, aut::storage::e11m20, aut::storage::fp64_e11m52>]" at line 921

/storage/home/timofeirusanov/accessor_universal_test/src/storage_performance_bench.cu(824): warning #2361-D: invalid narrowing conversion from "int" to "unsigned long"
    device_buffer<unsigned long long> integer_sink{device.multiprocessors * 16};
                                                   ^
          detected during:
            instantiation of "void <unnamed>::profile_format_lane<Format,Lanes>(const <unnamed>::options &, const <unnamed>::device_info &, const double *, const double *, <unnamed>::profile_output &, std::size_t) [with Format=aut::storage::fp32_e8m23, Lanes=1]" at line 876
            instantiation of "__nv_bool <unnamed>::try_profile_format<Format>(const <unnamed>::options &, const <unnamed>::device_info &, const double *, const double *, <unnamed>::profile_output &, std::size_t &) [with Format=aut::storage::fp32_e8m23]" at line 894
            instantiation of "void <unnamed>::profile_formats<Formats...>(const <unnamed>::options &, const <unnamed>::device_info &, const double *, const double *, <unnamed>::profile_output &) [with Formats=<aut::storage::e1m6, aut::storage::e2m5, aut::storage::e3m4, aut::storage::fp8_e4m3, aut::storage::fp8_e5m2, aut::storage::e1m14, aut::storage::e2m13, aut::storage::e3m12, aut::storage::fp16_e5m10, aut::storage::bf16_e8m7, aut::storage::e11m4, aut::storage::e1m30, aut::storage::e2m29, aut::storage::e3m28, aut::storage::fp32_e8m23, aut::storage::e11m20, aut::storage::fp64_e11m52>]" at line 921

/storage/home/timofeirusanov/accessor_universal_test/src/storage_performance_bench.cu(825): warning #2361-D: invalid narrowing conversion from "int" to "unsigned long"
    device_buffer<double> partials{device.multiprocessors * 16};
                                   ^
          detected during:
            instantiation of "void <unnamed>::profile_format_lane<Format,Lanes>(const <unnamed>::options &, const <unnamed>::device_info &, const double *, const double *, <unnamed>::profile_output &, std::size_t) [with Format=aut::storage::fp32_e8m23, Lanes=1]" at line 876
            instantiation of "__nv_bool <unnamed>::try_profile_format<Format>(const <unnamed>::options &, const <unnamed>::device_info &, const double *, const double *, <unnamed>::profile_output &, std::size_t &) [with Format=aut::storage::fp32_e8m23]" at line 894
            instantiation of "void <unnamed>::profile_formats<Formats...>(const <unnamed>::options &, const <unnamed>::device_info &, const double *, const double *, <unnamed>::profile_output &) [with Formats=<aut::storage::e1m6, aut::storage::e2m5, aut::storage::e3m4, aut::storage::fp8_e4m3, aut::storage::fp8_e5m2, aut::storage::e1m14, aut::storage::e2m13, aut::storage::e3m12, aut::storage::fp16_e5m10, aut::storage::bf16_e8m7, aut::storage::e11m4, aut::storage::e1m30, aut::storage::e2m29, aut::storage::e3m28, aut::storage::fp32_e8m23, aut::storage::e11m20, aut::storage::fp64_e11m52>]" at line 921

/storage/home/timofeirusanov/accessor_universal_test/src/storage_performance_bench.cu(824): warning #2361-D: invalid narrowing conversion from "int" to "unsigned long"
    device_buffer<unsigned long long> integer_sink{device.multiprocessors * 16};
                                                   ^
          detected during:
            instantiation of "void <unnamed>::profile_format_lane<Format,Lanes>(const <unnamed>::options &, const <unnamed>::device_info &, const double *, const double *, <unnamed>::profile_output &, std::size_t) [with Format=aut::storage::fp32_e8m23, Lanes=2]" at line 879
            instantiation of "__nv_bool <unnamed>::try_profile_format<Format>(const <unnamed>::options &, const <unnamed>::device_info &, const double *, const double *, <unnamed>::profile_output &, std::size_t &) [with Format=aut::storage::fp32_e8m23]" at line 894
            instantiation of "void <unnamed>::profile_formats<Formats...>(const <unnamed>::options &, const <unnamed>::device_info &, const double *, const double *, <unnamed>::profile_output &) [with Formats=<aut::storage::e1m6, aut::storage::e2m5, aut::storage::e3m4, aut::storage::fp8_e4m3, aut::storage::fp8_e5m2, aut::storage::e1m14, aut::storage::e2m13, aut::storage::e3m12, aut::storage::fp16_e5m10, aut::storage::bf16_e8m7, aut::storage::e11m4, aut::storage::e1m30, aut::storage::e2m29, aut::storage::e3m28, aut::storage::fp32_e8m23, aut::storage::e11m20, aut::storage::fp64_e11m52>]" at line 921

/storage/home/timofeirusanov/accessor_universal_test/src/storage_performance_bench.cu(825): warning #2361-D: invalid narrowing conversion from "int" to "unsigned long"
    device_buffer<double> partials{device.multiprocessors * 16};
                                   ^
          detected during:
            instantiation of "void <unnamed>::profile_format_lane<Format,Lanes>(const <unnamed>::options &, const <unnamed>::device_info &, const double *, const double *, <unnamed>::profile_output &, std::size_t) [with Format=aut::storage::fp32_e8m23, Lanes=2]" at line 879
            instantiation of "__nv_bool <unnamed>::try_profile_format<Format>(const <unnamed>::options &, const <unnamed>::device_info &, const double *, const double *, <unnamed>::profile_output &, std::size_t &) [with Format=aut::storage::fp32_e8m23]" at line 894
            instantiation of "void <unnamed>::profile_formats<Formats...>(const <unnamed>::options &, const <unnamed>::device_info &, const double *, const double *, <unnamed>::profile_output &) [with Formats=<aut::storage::e1m6, aut::storage::e2m5, aut::storage::e3m4, aut::storage::fp8_e4m3, aut::storage::fp8_e5m2, aut::storage::e1m14, aut::storage::e2m13, aut::storage::e3m12, aut::storage::fp16_e5m10, aut::storage::bf16_e8m7, aut::storage::e11m4, aut::storage::e1m30, aut::storage::e2m29, aut::storage::e3m28, aut::storage::fp32_e8m23, aut::storage::e11m20, aut::storage::fp64_e11m52>]" at line 921

/storage/home/timofeirusanov/accessor_universal_test/src/storage_performance_bench.cu(824): warning #2361-D: invalid narrowing conversion from "int" to "unsigned long"
    device_buffer<unsigned long long> integer_sink{device.multiprocessors * 16};
                                                   ^
          detected during:
            instantiation of "void <unnamed>::profile_format_lane<Format,Lanes>(const <unnamed>::options &, const <unnamed>::device_info &, const double *, const double *, <unnamed>::profile_output &, std::size_t) [with Format=aut::storage::fp32_e8m23, Lanes=4]" at line 882
            instantiation of "__nv_bool <unnamed>::try_profile_format<Format>(const <unnamed>::options &, const <unnamed>::device_info &, const double *, const double *, <unnamed>::profile_output &, std::size_t &) [with Format=aut::storage::fp32_e8m23]" at line 894
            instantiation of "void <unnamed>::profile_formats<Formats...>(const <unnamed>::options &, const <unnamed>::device_info &, const double *, const double *, <unnamed>::profile_output &) [with Formats=<aut::storage::e1m6, aut::storage::e2m5, aut::storage::e3m4, aut::storage::fp8_e4m3, aut::storage::fp8_e5m2, aut::storage::e1m14, aut::storage::e2m13, aut::storage::e3m12, aut::storage::fp16_e5m10, aut::storage::bf16_e8m7, aut::storage::e11m4, aut::storage::e1m30, aut::storage::e2m29, aut::storage::e3m28, aut::storage::fp32_e8m23, aut::storage::e11m20, aut::storage::fp64_e11m52>]" at line 921

/storage/home/timofeirusanov/accessor_universal_test/src/storage_performance_bench.cu(825): warning #2361-D: invalid narrowing conversion from "int" to "unsigned long"
    device_buffer<double> partials{device.multiprocessors * 16};
                                   ^
          detected during:
            instantiation of "void <unnamed>::profile_format_lane<Format,Lanes>(const <unnamed>::options &, const <unnamed>::device_info &, const double *, const double *, <unnamed>::profile_output &, std::size_t) [with Format=aut::storage::fp32_e8m23, Lanes=4]" at line 882
            instantiation of "__nv_bool <unnamed>::try_profile_format<Format>(const <unnamed>::options &, const <unnamed>::device_info &, const double *, const double *, <unnamed>::profile_output &, std::size_t &) [with Format=aut::storage::fp32_e8m23]" at line 894
            instantiation of "void <unnamed>::profile_formats<Formats...>(const <unnamed>::options &, const <unnamed>::device_info &, const double *, const double *, <unnamed>::profile_output &) [with Formats=<aut::storage::e1m6, aut::storage::e2m5, aut::storage::e3m4, aut::storage::fp8_e4m3, aut::storage::fp8_e5m2, aut::storage::e1m14, aut::storage::e2m13, aut::storage::e3m12, aut::storage::fp16_e5m10, aut::storage::bf16_e8m7, aut::storage::e11m4, aut::storage::e1m30, aut::storage::e2m29, aut::storage::e3m28, aut::storage::fp32_e8m23, aut::storage::e11m20, aut::storage::fp64_e11m52>]" at line 921

/storage/home/timofeirusanov/accessor_universal_test/src/storage_performance_bench.cu(824): warning #2361-D: invalid narrowing conversion from "int" to "unsigned long"
    device_buffer<unsigned long long> integer_sink{device.multiprocessors * 16};
                                                   ^
          detected during:
            instantiation of "void <unnamed>::profile_format_lane<Format,Lanes>(const <unnamed>::options &, const <unnamed>::device_info &, const double *, const double *, <unnamed>::profile_output &, std::size_t) [with Format=aut::storage::e11m20, Lanes=1]" at line 876
            instantiation of "__nv_bool <unnamed>::try_profile_format<Format>(const <unnamed>::options &, const <unnamed>::device_info &, const double *, const double *, <unnamed>::profile_output &, std::size_t &) [with Format=aut::storage::e11m20]" at line 894
            instantiation of "void <unnamed>::profile_formats<Formats...>(const <unnamed>::options &, const <unnamed>::device_info &, const double *, const double *, <unnamed>::profile_output &) [with Formats=<aut::storage::e1m6, aut::storage::e2m5, aut::storage::e3m4, aut::storage::fp8_e4m3, aut::storage::fp8_e5m2, aut::storage::e1m14, aut::storage::e2m13, aut::storage::e3m12, aut::storage::fp16_e5m10, aut::storage::bf16_e8m7, aut::storage::e11m4, aut::storage::e1m30, aut::storage::e2m29, aut::storage::e3m28, aut::storage::fp32_e8m23, aut::storage::e11m20, aut::storage::fp64_e11m52>]" at line 921

/storage/home/timofeirusanov/accessor_universal_test/src/storage_performance_bench.cu(825): warning #2361-D: invalid narrowing conversion from "int" to "unsigned long"
    device_buffer<double> partials{device.multiprocessors * 16};
                                   ^
          detected during:
            instantiation of "void <unnamed>::profile_format_lane<Format,Lanes>(const <unnamed>::options &, const <unnamed>::device_info &, const double *, const double *, <unnamed>::profile_output &, std::size_t) [with Format=aut::storage::e11m20, Lanes=1]" at line 876
            instantiation of "__nv_bool <unnamed>::try_profile_format<Format>(const <unnamed>::options &, const <unnamed>::device_info &, const double *, const double *, <unnamed>::profile_output &, std::size_t &) [with Format=aut::storage::e11m20]" at line 894
            instantiation of "void <unnamed>::profile_formats<Formats...>(const <unnamed>::options &, const <unnamed>::device_info &, const double *, const double *, <unnamed>::profile_output &) [with Formats=<aut::storage::e1m6, aut::storage::e2m5, aut::storage::e3m4, aut::storage::fp8_e4m3, aut::storage::fp8_e5m2, aut::storage::e1m14, aut::storage::e2m13, aut::storage::e3m12, aut::storage::fp16_e5m10, aut::storage::bf16_e8m7, aut::storage::e11m4, aut::storage::e1m30, aut::storage::e2m29, aut::storage::e3m28, aut::storage::fp32_e8m23, aut::storage::e11m20, aut::storage::fp64_e11m52>]" at line 921

/storage/home/timofeirusanov/accessor_universal_test/src/storage_performance_bench.cu(824): warning #2361-D: invalid narrowing conversion from "int" to "unsigned long"
    device_buffer<unsigned long long> integer_sink{device.multiprocessors * 16};
                                                   ^
          detected during:
            instantiation of "void <unnamed>::profile_format_lane<Format,Lanes>(const <unnamed>::options &, const <unnamed>::device_info &, const double *, const double *, <unnamed>::profile_output &, std::size_t) [with Format=aut::storage::e11m20, Lanes=2]" at line 879
            instantiation of "__nv_bool <unnamed>::try_profile_format<Format>(const <unnamed>::options &, const <unnamed>::device_info &, const double *, const double *, <unnamed>::profile_output &, std::size_t &) [with Format=aut::storage::e11m20]" at line 894
            instantiation of "void <unnamed>::profile_formats<Formats...>(const <unnamed>::options &, const <unnamed>::device_info &, const double *, const double *, <unnamed>::profile_output &) [with Formats=<aut::storage::e1m6, aut::storage::e2m5, aut::storage::e3m4, aut::storage::fp8_e4m3, aut::storage::fp8_e5m2, aut::storage::e1m14, aut::storage::e2m13, aut::storage::e3m12, aut::storage::fp16_e5m10, aut::storage::bf16_e8m7, aut::storage::e11m4, aut::storage::e1m30, aut::storage::e2m29, aut::storage::e3m28, aut::storage::fp32_e8m23, aut::storage::e11m20, aut::storage::fp64_e11m52>]" at line 921

/storage/home/timofeirusanov/accessor_universal_test/src/storage_performance_bench.cu(825): warning #2361-D: invalid narrowing conversion from "int" to "unsigned long"
    device_buffer<double> partials{device.multiprocessors * 16};
                                   ^
          detected during:
            instantiation of "void <unnamed>::profile_format_lane<Format,Lanes>(const <unnamed>::options &, const <unnamed>::device_info &, const double *, const double *, <unnamed>::profile_output &, std::size_t) [with Format=aut::storage::e11m20, Lanes=2]" at line 879
            instantiation of "__nv_bool <unnamed>::try_profile_format<Format>(const <unnamed>::options &, const <unnamed>::device_info &, const double *, const double *, <unnamed>::profile_output &, std::size_t &) [with Format=aut::storage::e11m20]" at line 894
            instantiation of "void <unnamed>::profile_formats<Formats...>(const <unnamed>::options &, const <unnamed>::device_info &, const double *, const double *, <unnamed>::profile_output &) [with Formats=<aut::storage::e1m6, aut::storage::e2m5, aut::storage::e3m4, aut::storage::fp8_e4m3, aut::storage::fp8_e5m2, aut::storage::e1m14, aut::storage::e2m13, aut::storage::e3m12, aut::storage::fp16_e5m10, aut::storage::bf16_e8m7, aut::storage::e11m4, aut::storage::e1m30, aut::storage::e2m29, aut::storage::e3m28, aut::storage::fp32_e8m23, aut::storage::e11m20, aut::storage::fp64_e11m52>]" at line 921

/storage/home/timofeirusanov/accessor_universal_test/src/storage_performance_bench.cu(824): warning #2361-D: invalid narrowing conversion from "int" to "unsigned long"
    device_buffer<unsigned long long> integer_sink{device.multiprocessors * 16};
                                                   ^
          detected during:
            instantiation of "void <unnamed>::profile_format_lane<Format,Lanes>(const <unnamed>::options &, const <unnamed>::device_info &, const double *, const double *, <unnamed>::profile_output &, std::size_t) [with Format=aut::storage::e11m20, Lanes=4]" at line 882
            instantiation of "__nv_bool <unnamed>::try_profile_format<Format>(const <unnamed>::options &, const <unnamed>::device_info &, const double *, const double *, <unnamed>::profile_output &, std::size_t &) [with Format=aut::storage::e11m20]" at line 894
            instantiation of "void <unnamed>::profile_formats<Formats...>(const <unnamed>::options &, const <unnamed>::device_info &, const double *, const double *, <unnamed>::profile_output &) [with Formats=<aut::storage::e1m6, aut::storage::e2m5, aut::storage::e3m4, aut::storage::fp8_e4m3, aut::storage::fp8_e5m2, aut::storage::e1m14, aut::storage::e2m13, aut::storage::e3m12, aut::storage::fp16_e5m10, aut::storage::bf16_e8m7, aut::storage::e11m4, aut::storage::e1m30, aut::storage::e2m29, aut::storage::e3m28, aut::storage::fp32_e8m23, aut::storage::e11m20, aut::storage::fp64_e11m52>]" at line 921

/storage/home/timofeirusanov/accessor_universal_test/src/storage_performance_bench.cu(825): warning #2361-D: invalid narrowing conversion from "int" to "unsigned long"
    device_buffer<double> partials{device.multiprocessors * 16};
                                   ^
          detected during:
            instantiation of "void <unnamed>::profile_format_lane<Format,Lanes>(const <unnamed>::options &, const <unnamed>::device_info &, const double *, const double *, <unnamed>::profile_output &, std::size_t) [with Format=aut::storage::e11m20, Lanes=4]" at line 882
            instantiation of "__nv_bool <unnamed>::try_profile_format<Format>(const <unnamed>::options &, const <unnamed>::device_info &, const double *, const double *, <unnamed>::profile_output &, std::size_t &) [with Format=aut::storage::e11m20]" at line 894
            instantiation of "void <unnamed>::profile_formats<Formats...>(const <unnamed>::options &, const <unnamed>::device_info &, const double *, const double *, <unnamed>::profile_output &) [with Formats=<aut::storage::e1m6, aut::storage::e2m5, aut::storage::e3m4, aut::storage::fp8_e4m3, aut::storage::fp8_e5m2, aut::storage::e1m14, aut::storage::e2m13, aut::storage::e3m12, aut::storage::fp16_e5m10, aut::storage::bf16_e8m7, aut::storage::e11m4, aut::storage::e1m30, aut::storage::e2m29, aut::storage::e3m28, aut::storage::fp32_e8m23, aut::storage::e11m20, aut::storage::fp64_e11m52>]" at line 921

/storage/home/timofeirusanov/accessor_universal_test/src/storage_performance_bench.cu(824): warning #2361-D: invalid narrowing conversion from "int" to "unsigned long"
    device_buffer<unsigned long long> integer_sink{device.multiprocessors * 16};
                                                   ^
          detected during:
            instantiation of "void <unnamed>::profile_format_lane<Format,Lanes>(const <unnamed>::options &, const <unnamed>::device_info &, const double *, const double *, <unnamed>::profile_output &, std::size_t) [with Format=aut::storage::fp64_e11m52, Lanes=1]" at line 876
            instantiation of "__nv_bool <unnamed>::try_profile_format<Format>(const <unnamed>::options &, const <unnamed>::device_info &, const double *, const double *, <unnamed>::profile_output &, std::size_t &) [with Format=aut::storage::fp64_e11m52]" at line 894
            instantiation of "void <unnamed>::profile_formats<Formats...>(const <unnamed>::options &, const <unnamed>::device_info &, const double *, const double *, <unnamed>::profile_output &) [with Formats=<aut::storage::e1m6, aut::storage::e2m5, aut::storage::e3m4, aut::storage::fp8_e4m3, aut::storage::fp8_e5m2, aut::storage::e1m14, aut::storage::e2m13, aut::storage::e3m12, aut::storage::fp16_e5m10, aut::storage::bf16_e8m7, aut::storage::e11m4, aut::storage::e1m30, aut::storage::e2m29, aut::storage::e3m28, aut::storage::fp32_e8m23, aut::storage::e11m20, aut::storage::fp64_e11m52>]" at line 921

/storage/home/timofeirusanov/accessor_universal_test/src/storage_performance_bench.cu(825): warning #2361-D: invalid narrowing conversion from "int" to "unsigned long"
    device_buffer<double> partials{device.multiprocessors * 16};
                                   ^
          detected during:
            instantiation of "void <unnamed>::profile_format_lane<Format,Lanes>(const <unnamed>::options &, const <unnamed>::device_info &, const double *, const double *, <unnamed>::profile_output &, std::size_t) [with Format=aut::storage::fp64_e11m52, Lanes=1]" at line 876
            instantiation of "__nv_bool <unnamed>::try_profile_format<Format>(const <unnamed>::options &, const <unnamed>::device_info &, const double *, const double *, <unnamed>::profile_output &, std::size_t &) [with Format=aut::storage::fp64_e11m52]" at line 894
            instantiation of "void <unnamed>::profile_formats<Formats...>(const <unnamed>::options &, const <unnamed>::device_info &, const double *, const double *, <unnamed>::profile_output &) [with Formats=<aut::storage::e1m6, aut::storage::e2m5, aut::storage::e3m4, aut::storage::fp8_e4m3, aut::storage::fp8_e5m2, aut::storage::e1m14, aut::storage::e2m13, aut::storage::e3m12, aut::storage::fp16_e5m10, aut::storage::bf16_e8m7, aut::storage::e11m4, aut::storage::e1m30, aut::storage::e2m29, aut::storage::e3m28, aut::storage::fp32_e8m23, aut::storage::e11m20, aut::storage::fp64_e11m52>]" at line 921

/storage/home/timofeirusanov/accessor_universal_test/src/storage_performance_bench.cu(824): warning #2361-D: invalid narrowing conversion from "int" to "unsigned long"
    device_buffer<unsigned long long> integer_sink{device.multiprocessors * 16};
                                                   ^
          detected during:
            instantiation of "void <unnamed>::profile_format_lane<Format,Lanes>(const <unnamed>::options &, const <unnamed>::device_info &, const double *, const double *, <unnamed>::profile_output &, std::size_t) [with Format=aut::storage::fp64_e11m52, Lanes=2]" at line 879
            instantiation of "__nv_bool <unnamed>::try_profile_format<Format>(const <unnamed>::options &, const <unnamed>::device_info &, const double *, const double *, <unnamed>::profile_output &, std::size_t &) [with Format=aut::storage::fp64_e11m52]" at line 894
            instantiation of "void <unnamed>::profile_formats<Formats...>(const <unnamed>::options &, const <unnamed>::device_info &, const double *, const double *, <unnamed>::profile_output &) [with Formats=<aut::storage::e1m6, aut::storage::e2m5, aut::storage::e3m4, aut::storage::fp8_e4m3, aut::storage::fp8_e5m2, aut::storage::e1m14, aut::storage::e2m13, aut::storage::e3m12, aut::storage::fp16_e5m10, aut::storage::bf16_e8m7, aut::storage::e11m4, aut::storage::e1m30, aut::storage::e2m29, aut::storage::e3m28, aut::storage::fp32_e8m23, aut::storage::e11m20, aut::storage::fp64_e11m52>]" at line 921

/storage/home/timofeirusanov/accessor_universal_test/src/storage_performance_bench.cu(825): warning #2361-D: invalid narrowing conversion from "int" to "unsigned long"
    device_buffer<double> partials{device.multiprocessors * 16};
                                   ^
          detected during:
            instantiation of "void <unnamed>::profile_format_lane<Format,Lanes>(const <unnamed>::options &, const <unnamed>::device_info &, const double *, const double *, <unnamed>::profile_output &, std::size_t) [with Format=aut::storage::fp64_e11m52, Lanes=2]" at line 879
            instantiation of "__nv_bool <unnamed>::try_profile_format<Format>(const <unnamed>::options &, const <unnamed>::device_info &, const double *, const double *, <unnamed>::profile_output &, std::size_t &) [with Format=aut::storage::fp64_e11m52]" at line 894
            instantiation of "void <unnamed>::profile_formats<Formats...>(const <unnamed>::options &, const <unnamed>::device_info &, const double *, const double *, <unnamed>::profile_output &) [with Formats=<aut::storage::e1m6, aut::storage::e2m5, aut::storage::e3m4, aut::storage::fp8_e4m3, aut::storage::fp8_e5m2, aut::storage::e1m14, aut::storage::e2m13, aut::storage::e3m12, aut::storage::fp16_e5m10, aut::storage::bf16_e8m7, aut::storage::e11m4, aut::storage::e1m30, aut::storage::e2m29, aut::storage::e3m28, aut::storage::fp32_e8m23, aut::storage::e11m20, aut::storage::fp64_e11m52>]" at line 921

/storage/home/timofeirusanov/accessor_universal_test/src/storage_performance_bench.cu(824): warning #2361-D: invalid narrowing conversion from "int" to "unsigned long"
    device_buffer<unsigned long long> integer_sink{device.multiprocessors * 16};
                                                   ^
          detected during:
            instantiation of "void <unnamed>::profile_format_lane<Format,Lanes>(const <unnamed>::options &, const <unnamed>::device_info &, const double *, const double *, <unnamed>::profile_output &, std::size_t) [with Format=aut::storage::fp64_e11m52, Lanes=4]" at line 882
            instantiation of "__nv_bool <unnamed>::try_profile_format<Format>(const <unnamed>::options &, const <unnamed>::device_info &, const double *, const double *, <unnamed>::profile_output &, std::size_t &) [with Format=aut::storage::fp64_e11m52]" at line 894
            instantiation of "void <unnamed>::profile_formats<Formats...>(const <unnamed>::options &, const <unnamed>::device_info &, const double *, const double *, <unnamed>::profile_output &) [with Formats=<aut::storage::e1m6, aut::storage::e2m5, aut::storage::e3m4, aut::storage::fp8_e4m3, aut::storage::fp8_e5m2, aut::storage::e1m14, aut::storage::e2m13, aut::storage::e3m12, aut::storage::fp16_e5m10, aut::storage::bf16_e8m7, aut::storage::e11m4, aut::storage::e1m30, aut::storage::e2m29, aut::storage::e3m28, aut::storage::fp32_e8m23, aut::storage::e11m20, aut::storage::fp64_e11m52>]" at line 921

/storage/home/timofeirusanov/accessor_universal_test/src/storage_performance_bench.cu(825): warning #2361-D: invalid narrowing conversion from "int" to "unsigned long"
    device_buffer<double> partials{device.multiprocessors * 16};
                                   ^
          detected during:
            instantiation of "void <unnamed>::profile_format_lane<Format,Lanes>(const <unnamed>::options &, const <unnamed>::device_info &, const double *, const double *, <unnamed>::profile_output &, std::size_t) [with Format=aut::storage::fp64_e11m52, Lanes=4]" at line 882
            instantiation of "__nv_bool <unnamed>::try_profile_format<Format>(const <unnamed>::options &, const <unnamed>::device_info &, const double *, const double *, <unnamed>::profile_output &, std::size_t &) [with Format=aut::storage::fp64_e11m52]" at line 894
            instantiation of "void <unnamed>::profile_formats<Formats...>(const <unnamed>::options &, const <unnamed>::device_info &, const double *, const double *, <unnamed>::profile_output &) [with Formats=<aut::storage::e1m6, aut::storage::e2m5, aut::storage::e3m4, aut::storage::fp8_e4m3, aut::storage::fp8_e5m2, aut::storage::e1m14, aut::storage::e2m13, aut::storage::e3m12, aut::storage::fp16_e5m10, aut::storage::bf16_e8m7, aut::storage::e11m4, aut::storage::e1m30, aut::storage::e2m29, aut::storage::e3m28, aut::storage::fp32_e8m23, aut::storage::e11m20, aut::storage::fp64_e11m52>]" at line 921

ptxas info    : 29 bytes gmem
ptxas info    : Compiling entry function '_ZN61_GLOBAL__N__9bcc3e08_28_storage_performance_bench_cu_af2961a120encode_values_kernelIN3aut7storage11fp64_e11m52EEEvPKdPNS2_5codecIT_E12storage_typeEm' for 'sm_90'
ptxas info    : Function properties for _ZN61_GLOBAL__N__9bcc3e08_28_storage_performance_bench_cu_af2961a120encode_values_kernelIN3aut7storage11fp64_e11m52EEEvPKdPNS2_5codecIT_E12storage_typeEm
    0 bytes stack frame, 0 bytes spill stores, 0 bytes spill loads
ptxas info    : Used 12 registers, used 0 barriers
ptxas info    : Compile time = 2.551 ms
ptxas info    : Compiling entry function '_ZN61_GLOBAL__N__9bcc3e08_28_storage_performance_bench_cu_af2961a120encode_values_kernelIN3aut7storage6e11m20EEEvPKdPNS2_5codecIT_E12storage_typeEm' for 'sm_90'
ptxas info    : Function properties for _ZN61_GLOBAL__N__9bcc3e08_28_storage_performance_bench_cu_af2961a120encode_values_kernelIN3aut7storage6e11m20EEEvPKdPNS2_5codecIT_E12storage_typeEm
    0 bytes stack frame, 0 bytes spill stores, 0 bytes spill loads
ptxas info    : Used 14 registers, used 0 barriers
ptxas info    : Compile time = 2.282 ms
ptxas info    : Compiling entry function '_ZN61_GLOBAL__N__9bcc3e08_28_storage_performance_bench_cu_af2961a120encode_values_kernelIN3aut7storage10fp32_e8m23EEEvPKdPNS2_5codecIT_E12storage_typeEm' for 'sm_90'
ptxas info    : Function properties for _ZN61_GLOBAL__N__9bcc3e08_28_storage_performance_bench_cu_af2961a120encode_values_kernelIN3aut7storage10fp32_e8m23EEEvPKdPNS2_5codecIT_E12storage_typeEm
    0 bytes stack frame, 0 bytes spill stores, 0 bytes spill loads
ptxas info    : Used 14 registers, used 0 barriers
ptxas info    : Compile time = 1.515 ms
ptxas info    : Compiling entry function '_ZN61_GLOBAL__N__9bcc3e08_28_storage_performance_bench_cu_af2961a120encode_values_kernelIN3aut7storage5e3m28EEEvPKdPNS2_5codecIT_E12storage_typeEm' for 'sm_90'
ptxas info    : Function properties for _ZN61_GLOBAL__N__9bcc3e08_28_storage_performance_bench_cu_af2961a120encode_values_kernelIN3aut7storage5e3m28EEEvPKdPNS2_5codecIT_E12storage_typeEm
    0 bytes stack frame, 0 bytes spill stores, 0 bytes spill loads
ptxas info    : Used 20 registers, used 0 barriers
ptxas info    : Compile time = 3.613 ms
ptxas info    : Compiling entry function '_ZN61_GLOBAL__N__9bcc3e08_28_storage_performance_bench_cu_af2961a120encode_values_kernelIN3aut7storage5e2m29EEEvPKdPNS2_5codecIT_E12storage_typeEm' for 'sm_90'
ptxas info    : Function properties for _ZN61_GLOBAL__N__9bcc3e08_28_storage_performance_bench_cu_af2961a120encode_values_kernelIN3aut7storage5e2m29EEEvPKdPNS2_5codecIT_E12storage_typeEm
    0 bytes stack frame, 0 bytes spill stores, 0 bytes spill loads
ptxas info    : Used 20 registers, used 0 barriers
ptxas info    : Compile time = 3.559 ms
ptxas info    : Compiling entry function '_ZN61_GLOBAL__N__9bcc3e08_28_storage_performance_bench_cu_af2961a120encode_values_kernelIN3aut7storage5e1m30EEEvPKdPNS2_5codecIT_E12storage_typeEm' for 'sm_90'
ptxas info    : Function properties for _ZN61_GLOBAL__N__9bcc3e08_28_storage_performance_bench_cu_af2961a120encode_values_kernelIN3aut7storage5e1m30EEEvPKdPNS2_5codecIT_E12storage_typeEm
    0 bytes stack frame, 0 bytes spill stores, 0 bytes spill loads
ptxas info    : Used 20 registers, used 0 barriers
ptxas info    : Compile time = 3.352 ms
ptxas info    : Compiling entry function '_ZN61_GLOBAL__N__9bcc3e08_28_storage_performance_bench_cu_af2961a120encode_values_kernelIN3aut7storage5e11m4EEEvPKdPNS2_5codecIT_E12storage_typeEm' for 'sm_90'
ptxas info    : Function properties for _ZN61_GLOBAL__N__9bcc3e08_28_storage_performance_bench_cu_af2961a120encode_values_kernelIN3aut7storage5e11m4EEEvPKdPNS2_5codecIT_E12storage_typeEm
    0 bytes stack frame, 0 bytes spill stores, 0 bytes spill loads
ptxas info    : Used 12 registers, used 0 barriers
ptxas info    : Compile time = 2.016 ms
ptxas info    : Compiling entry function '_ZN61_GLOBAL__N__9bcc3e08_28_storage_performance_bench_cu_af2961a120encode_values_kernelIN3aut7storage9bf16_e8m7EEEvPKdPNS2_5codecIT_E12storage_typeEm' for 'sm_90'
ptxas info    : Function properties for _ZN61_GLOBAL__N__9bcc3e08_28_storage_performance_bench_cu_af2961a120encode_values_kernelIN3aut7storage9bf16_e8m7EEEvPKdPNS2_5codecIT_E12storage_typeEm
    0 bytes stack frame, 0 bytes spill stores, 0 bytes spill loads
ptxas info    : Used 14 registers, used 0 barriers
ptxas info    : Compile time = 1.482 ms
ptxas info    : Compiling entry function '_ZN61_GLOBAL__N__9bcc3e08_28_storage_performance_bench_cu_af2961a120encode_values_kernelIN3aut7storage10fp16_e5m10EEEvPKdPNS2_5codecIT_E12storage_typeEm' for 'sm_90'
ptxas info    : Function properties for _ZN61_GLOBAL__N__9bcc3e08_28_storage_performance_bench_cu_af2961a120encode_values_kernelIN3aut7storage10fp16_e5m10EEEvPKdPNS2_5codecIT_E12storage_typeEm
    0 bytes stack frame, 0 bytes spill stores, 0 bytes spill loads
ptxas info    : Used 14 registers, used 0 barriers
ptxas info    : Compile time = 1.446 ms
ptxas info    : Compiling entry function '_ZN61_GLOBAL__N__9bcc3e08_28_storage_performance_bench_cu_af2961a120encode_values_kernelIN3aut7storage5e3m12EEEvPKdPNS2_5codecIT_E12storage_typeEm' for 'sm_90'
ptxas info    : Function properties for _ZN61_GLOBAL__N__9bcc3e08_28_storage_performance_bench_cu_af2961a120encode_values_kernelIN3aut7storage5e3m12EEEvPKdPNS2_5codecIT_E12storage_typeEm
    0 bytes stack frame, 0 bytes spill stores, 0 bytes spill loads
ptxas info    : Used 20 registers, used 0 barriers
ptxas info    : Compile time = 3.559 ms
ptxas info    : Compiling entry function '_ZN61_GLOBAL__N__9bcc3e08_28_storage_performance_bench_cu_af2961a120encode_values_kernelIN3aut7storage5e2m13EEEvPKdPNS2_5codecIT_E12storage_typeEm' for 'sm_90'
ptxas info    : Function properties for _ZN61_GLOBAL__N__9bcc3e08_28_storage_performance_bench_cu_af2961a120encode_values_kernelIN3aut7storage5e2m13EEEvPKdPNS2_5codecIT_E12storage_typeEm
    0 bytes stack frame, 0 bytes spill stores, 0 bytes spill loads
ptxas info    : Used 20 registers, used 0 barriers
ptxas info    : Compile time = 3.553 ms
ptxas info    : Compiling entry function '_ZN61_GLOBAL__N__9bcc3e08_28_storage_performance_bench_cu_af2961a120encode_values_kernelIN3aut7storage5e1m14EEEvPKdPNS2_5codecIT_E12storage_typeEm' for 'sm_90'
ptxas info    : Function properties for _ZN61_GLOBAL__N__9bcc3e08_28_storage_performance_bench_cu_af2961a120encode_values_kernelIN3aut7storage5e1m14EEEvPKdPNS2_5codecIT_E12storage_typeEm
    0 bytes stack frame, 0 bytes spill stores, 0 bytes spill loads
ptxas info    : Used 18 registers, used 0 barriers
ptxas info    : Compile time = 3.354 ms
ptxas info    : Compiling entry function '_ZN61_GLOBAL__N__9bcc3e08_28_storage_performance_bench_cu_af2961a120encode_values_kernelIN3aut7storage8fp8_e5m2EEEvPKdPNS2_5codecIT_E12storage_typeEm' for 'sm_90'
ptxas info    : Function properties for _ZN61_GLOBAL__N__9bcc3e08_28_storage_performance_bench_cu_af2961a120encode_values_kernelIN3aut7storage8fp8_e5m2EEEvPKdPNS2_5codecIT_E12storage_typeEm
    0 bytes stack frame, 0 bytes spill stores, 0 bytes spill loads
ptxas info    : Used 16 registers, used 0 barriers
ptxas info    : Compile time = 2.884 ms
ptxas info    : Compiling entry function '_ZN61_GLOBAL__N__9bcc3e08_28_storage_performance_bench_cu_af2961a120encode_values_kernelIN3aut7storage8fp8_e4m3EEEvPKdPNS2_5codecIT_E12storage_typeEm' for 'sm_90'
ptxas info    : Function properties for _ZN61_GLOBAL__N__9bcc3e08_28_storage_performance_bench_cu_af2961a120encode_values_kernelIN3aut7storage8fp8_e4m3EEEvPKdPNS2_5codecIT_E12storage_typeEm
    0 bytes stack frame, 0 bytes spill stores, 0 bytes spill loads
ptxas info    : Used 16 registers, used 0 barriers
ptxas info    : Compile time = 2.852 ms
ptxas info    : Compiling entry function '_ZN61_GLOBAL__N__9bcc3e08_28_storage_performance_bench_cu_af2961a120encode_values_kernelIN3aut7storage4e3m4EEEvPKdPNS2_5codecIT_E12storage_typeEm' for 'sm_90'
ptxas info    : Function properties for _ZN61_GLOBAL__N__9bcc3e08_28_storage_performance_bench_cu_af2961a120encode_values_kernelIN3aut7storage4e3m4EEEvPKdPNS2_5codecIT_E12storage_typeEm
    0 bytes stack frame, 0 bytes spill stores, 0 bytes spill loads
ptxas info    : Used 20 registers, used 0 barriers
ptxas info    : Compile time = 3.563 ms
ptxas info    : Compiling entry function '_ZN61_GLOBAL__N__9bcc3e08_28_storage_performance_bench_cu_af2961a120encode_values_kernelIN3aut7storage4e2m5EEEvPKdPNS2_5codecIT_E12storage_typeEm' for 'sm_90'
ptxas info    : Function properties for _ZN61_GLOBAL__N__9bcc3e08_28_storage_performance_bench_cu_af2961a120encode_values_kernelIN3aut7storage4e2m5EEEvPKdPNS2_5codecIT_E12storage_typeEm
    0 bytes stack frame, 0 bytes spill stores, 0 bytes spill loads
ptxas info    : Used 20 registers, used 0 barriers
ptxas info    : Compile time = 3.582 ms
ptxas info    : Compiling entry function '_ZN61_GLOBAL__N__9bcc3e08_28_storage_performance_bench_cu_af2961a120encode_values_kernelIN3aut7storage4e1m6EEEvPKdPNS2_5codecIT_E12storage_typeEm' for 'sm_90'
ptxas info    : Function properties for _ZN61_GLOBAL__N__9bcc3e08_28_storage_performance_bench_cu_af2961a120encode_values_kernelIN3aut7storage4e1m6EEEvPKdPNS2_5codecIT_E12storage_typeEm
    0 bytes stack frame, 0 bytes spill stores, 0 bytes spill loads
ptxas info    : Used 18 registers, used 0 barriers
ptxas info    : Compile time = 3.347 ms
ptxas info    : Compiling entry function '_ZN3aut11performance18stream_load_decodeINS_7storage11fp64_e11m52ELi4EEEvPKNS2_5codecIT_E12storage_typeEmPd' for 'sm_90'
ptxas info    : Function properties for _ZN3aut11performance18stream_load_decodeINS_7storage11fp64_e11m52ELi4EEEvPKNS2_5codecIT_E12storage_typeEmPd
    0 bytes stack frame, 0 bytes spill stores, 0 bytes spill loads
ptxas info    : Used 32 registers, used 1 barriers, 80 bytes smem
ptxas info    : Compile time = 3.951 ms
ptxas info    : Compiling entry function '_ZN3aut11performance18stream_load_decodeINS_7storage11fp64_e11m52ELi2EEEvPKNS2_5codecIT_E12storage_typeEmPd' for 'sm_90'
ptxas info    : Function properties for _ZN3aut11performance18stream_load_decodeINS_7storage11fp64_e11m52ELi2EEEvPKNS2_5codecIT_E12storage_typeEmPd
    0 bytes stack frame, 0 bytes spill stores, 0 bytes spill loads
ptxas info    : Used 22 registers, used 1 barriers, 80 bytes smem
ptxas info    : Compile time = 3.729 ms
ptxas info    : Compiling entry function '_ZN3aut11performance18stream_load_decodeINS_7storage11fp64_e11m52ELi1EEEvPKNS2_5codecIT_E12storage_typeEmPd' for 'sm_90'
ptxas info    : Function properties for _ZN3aut11performance18stream_load_decodeINS_7storage11fp64_e11m52ELi1EEEvPKNS2_5codecIT_E12storage_typeEmPd
    0 bytes stack frame, 0 bytes spill stores, 0 bytes spill loads
ptxas info    : Used 18 registers, used 1 barriers, 80 bytes smem
ptxas info    : Compile time = 3.550 ms
ptxas info    : Compiling entry function '_ZN3aut11performance11stream_loadINS_7storage11fp64_e11m52ELi4EEEvPKNS2_5codecIT_E12storage_typeEmPy' for 'sm_90'
ptxas info    : Function properties for _ZN3aut11performance11stream_loadINS_7storage11fp64_e11m52ELi4EEEvPKNS2_5codecIT_E12storage_typeEmPy
    0 bytes stack frame, 0 bytes spill stores, 0 bytes spill loads
ptxas info    : Used 28 registers, used 1 barriers, 80 bytes smem
ptxas info    : Compile time = 4.014 ms
ptxas info    : Compiling entry function '_ZN3aut11performance11stream_loadINS_7storage11fp64_e11m52ELi2EEEvPKNS2_5codecIT_E12storage_typeEmPy' for 'sm_90'
ptxas info    : Function properties for _ZN3aut11performance11stream_loadINS_7storage11fp64_e11m52ELi2EEEvPKNS2_5codecIT_E12storage_typeEmPy
    0 bytes stack frame, 0 bytes spill stores, 0 bytes spill loads
ptxas info    : Used 22 registers, used 1 barriers, 80 bytes smem
ptxas info    : Compile time = 3.848 ms
ptxas info    : Compiling entry function '_ZN3aut11performance11stream_loadINS_7storage11fp64_e11m52ELi1EEEvPKNS2_5codecIT_E12storage_typeEmPy' for 'sm_90'
ptxas info    : Function properties for _ZN3aut11performance11stream_loadINS_7storage11fp64_e11m52ELi1EEEvPKNS2_5codecIT_E12storage_typeEmPy
    0 bytes stack frame, 0 bytes spill stores, 0 bytes spill loads
ptxas info    : Used 22 registers, used 1 barriers, 80 bytes smem
ptxas info    : Compile time = 3.682 ms
ptxas info    : Compiling entry function '_ZN3aut11performance15register_decodeINS_7storage11fp64_e11m52ELi4EEEvPKNS2_5codecIT_E12storage_typeEmiPd' for 'sm_90'
ptxas info    : Function properties for _ZN3aut11performance15register_decodeINS_7storage11fp64_e11m52ELi4EEEvPKNS2_5codecIT_E12storage_typeEmiPd
    0 bytes stack frame, 0 bytes spill stores, 0 bytes spill loads
ptxas info    : Used 25 registers, used 0 barriers
ptxas info    : Compile time = 4.420 ms
ptxas info    : Compiling entry function '_ZN3aut11performance15register_decodeINS_7storage11fp64_e11m52ELi2EEEvPKNS2_5codecIT_E12storage_typeEmiPd' for 'sm_90'
ptxas info    : Function properties for _ZN3aut11performance15register_decodeINS_7storage11fp64_e11m52ELi2EEEvPKNS2_5codecIT_E12storage_typeEmiPd
    0 bytes stack frame, 0 bytes spill stores, 0 bytes spill loads
ptxas info    : Used 20 registers, used 0 barriers
ptxas info    : Compile time = 4.158 ms
ptxas info    : Compiling entry function '_ZN3aut11performance15register_decodeINS_7storage11fp64_e11m52ELi1EEEvPKNS2_5codecIT_E12storage_typeEmiPd' for 'sm_90'
ptxas info    : Function properties for _ZN3aut11performance15register_decodeINS_7storage11fp64_e11m52ELi1EEEvPKNS2_5codecIT_E12storage_typeEmiPd
    0 bytes stack frame, 0 bytes spill stores, 0 bytes spill loads
ptxas info    : Used 18 registers, used 0 barriers
ptxas info    : Compile time = 4.469 ms
ptxas info    : Compiling entry function '_ZN3aut11performance18stream_load_decodeINS_7storage6e11m20ELi4EEEvPKNS2_5codecIT_E12storage_typeEmPd' for 'sm_90'
ptxas info    : Function properties for _ZN3aut11performance18stream_load_decodeINS_7storage6e11m20ELi4EEEvPKNS2_5codecIT_E12storage_typeEmPd
    0 bytes stack frame, 0 bytes spill stores, 0 bytes spill loads
ptxas info    : Used 26 registers, used 1 barriers, 80 bytes smem
ptxas info    : Compile time = 3.992 ms
ptxas info    : Compiling entry function '_ZN3aut11performance18stream_load_decodeINS_7storage6e11m20ELi2EEEvPKNS2_5codecIT_E12storage_typeEmPd' for 'sm_90'
ptxas info    : Function properties for _ZN3aut11performance18stream_load_decodeINS_7storage6e11m20ELi2EEEvPKNS2_5codecIT_E12storage_typeEmPd
    0 bytes stack frame, 0 bytes spill stores, 0 bytes spill loads
ptxas info    : Used 22 registers, used 1 barriers, 80 bytes smem
ptxas info    : Compile time = 3.786 ms
ptxas info    : Compiling entry function '_ZN3aut11performance18stream_load_decodeINS_7storage6e11m20ELi1EEEvPKNS2_5codecIT_E12storage_typeEmPd' for 'sm_90'
ptxas info    : Function properties for _ZN3aut11performance18stream_load_decodeINS_7storage6e11m20ELi1EEEvPKNS2_5codecIT_E12storage_typeEmPd
    0 bytes stack frame, 0 bytes spill stores, 0 bytes spill loads
ptxas info    : Used 18 registers, used 1 barriers, 80 bytes smem
ptxas info    : Compile time = 3.566 ms
ptxas info    : Compiling entry function '_ZN3aut11performance11stream_loadINS_7storage6e11m20ELi4EEEvPKNS2_5codecIT_E12storage_typeEmPy' for 'sm_90'
ptxas info    : Function properties for _ZN3aut11performance11stream_loadINS_7storage6e11m20ELi4EEEvPKNS2_5codecIT_E12storage_typeEmPy
    0 bytes stack frame, 0 bytes spill stores, 0 bytes spill loads
ptxas info    : Used 24 registers, used 1 barriers, 80 bytes smem
ptxas info    : Compile time = 3.919 ms
ptxas info    : Compiling entry function '_ZN3aut11performance11stream_loadINS_7storage6e11m20ELi2EEEvPKNS2_5codecIT_E12storage_typeEmPy' for 'sm_90'
ptxas info    : Function properties for _ZN3aut11performance11stream_loadINS_7storage6e11m20ELi2EEEvPKNS2_5codecIT_E12storage_typeEmPy
    0 bytes stack frame, 0 bytes spill stores, 0 bytes spill loads
ptxas info    : Used 22 registers, used 1 barriers, 80 bytes smem
ptxas info    : Compile time = 3.808 ms
ptxas info    : Compiling entry function '_ZN3aut11performance11stream_loadINS_7storage6e11m20ELi1EEEvPKNS2_5codecIT_E12storage_typeEmPy' for 'sm_90'
ptxas info    : Function properties for _ZN3aut11performance11stream_loadINS_7storage6e11m20ELi1EEEvPKNS2_5codecIT_E12storage_typeEmPy
    0 bytes stack frame, 0 bytes spill stores, 0 bytes spill loads
ptxas info    : Used 22 registers, used 1 barriers, 80 bytes smem
ptxas info    : Compile time = 3.656 ms
ptxas info    : Compiling entry function '_ZN3aut11performance15register_decodeINS_7storage6e11m20ELi4EEEvPKNS2_5codecIT_E12storage_typeEmiPd' for 'sm_90'
ptxas info    : Function properties for _ZN3aut11performance15register_decodeINS_7storage6e11m20ELi4EEEvPKNS2_5codecIT_E12storage_typeEmiPd
    0 bytes stack frame, 0 bytes spill stores, 0 bytes spill loads
ptxas info    : Used 23 registers, used 0 barriers
ptxas info    : Compile time = 4.448 ms
ptxas info    : Compiling entry function '_ZN3aut11performance15register_decodeINS_7storage6e11m20ELi2EEEvPKNS2_5codecIT_E12storage_typeEmiPd' for 'sm_90'
ptxas info    : Function properties for _ZN3aut11performance15register_decodeINS_7storage6e11m20ELi2EEEvPKNS2_5codecIT_E12storage_typeEmiPd
    0 bytes stack frame, 0 bytes spill stores, 0 bytes spill loads
ptxas info    : Used 20 registers, used 0 barriers
ptxas info    : Compile time = 4.221 ms
ptxas info    : Compiling entry function '_ZN3aut11performance15register_decodeINS_7storage6e11m20ELi1EEEvPKNS2_5codecIT_E12storage_typeEmiPd' for 'sm_90'
ptxas info    : Function properties for _ZN3aut11performance15register_decodeINS_7storage6e11m20ELi1EEEvPKNS2_5codecIT_E12storage_typeEmiPd
    0 bytes stack frame, 0 bytes spill stores, 0 bytes spill loads
ptxas info    : Used 18 registers, used 0 barriers
ptxas info    : Compile time = 4.131 ms
ptxas info    : Compiling entry function '_ZN3aut11performance18stream_load_decodeINS_7storage10fp32_e8m23ELi4EEEvPKNS2_5codecIT_E12storage_typeEmPd' for 'sm_90'
ptxas info    : Function properties for _ZN3aut11performance18stream_load_decodeINS_7storage10fp32_e8m23ELi4EEEvPKNS2_5codecIT_E12storage_typeEmPd
    0 bytes stack frame, 0 bytes spill stores, 0 bytes spill loads
ptxas info    : Used 32 registers, used 1 barriers, 80 bytes smem
ptxas info    : Compile time = 3.976 ms
ptxas info    : Compiling entry function '_ZN3aut11performance18stream_load_decodeINS_7storage10fp32_e8m23ELi2EEEvPKNS2_5codecIT_E12storage_typeEmPd' for 'sm_90'
ptxas info    : Function properties for _ZN3aut11performance18stream_load_decodeINS_7storage10fp32_e8m23ELi2EEEvPKNS2_5codecIT_E12storage_typeEmPd
    0 bytes stack frame, 0 bytes spill stores, 0 bytes spill loads
ptxas info    : Used 24 registers, used 1 barriers, 80 bytes smem
ptxas info    : Compile time = 3.762 ms
ptxas info    : Compiling entry function '_ZN3aut11performance18stream_load_decodeINS_7storage10fp32_e8m23ELi1EEEvPKNS2_5codecIT_E12storage_typeEmPd' for 'sm_90'
ptxas info    : Function properties for _ZN3aut11performance18stream_load_decodeINS_7storage10fp32_e8m23ELi1EEEvPKNS2_5codecIT_E12storage_typeEmPd
    0 bytes stack frame, 0 bytes spill stores, 0 bytes spill loads
ptxas info    : Used 20 registers, used 1 barriers, 80 bytes smem
ptxas info    : Compile time = 3.573 ms
ptxas info    : Compiling entry function '_ZN3aut11performance11stream_loadINS_7storage10fp32_e8m23ELi4EEEvPKNS2_5codecIT_E12storage_typeEmPy' for 'sm_90'
ptxas info    : Function properties for _ZN3aut11performance11stream_loadINS_7storage10fp32_e8m23ELi4EEEvPKNS2_5codecIT_E12storage_typeEmPy
    0 bytes stack frame, 0 bytes spill stores, 0 bytes spill loads
ptxas info    : Used 24 registers, used 1 barriers, 80 bytes smem
ptxas info    : Compile time = 3.921 ms
ptxas info    : Compiling entry function '_ZN3aut11performance11stream_loadINS_7storage10fp32_e8m23ELi2EEEvPKNS2_5codecIT_E12storage_typeEmPy' for 'sm_90'
ptxas info    : Function properties for _ZN3aut11performance11stream_loadINS_7storage10fp32_e8m23ELi2EEEvPKNS2_5codecIT_E12storage_typeEmPy
    0 bytes stack frame, 0 bytes spill stores, 0 bytes spill loads
ptxas info    : Used 22 registers, used 1 barriers, 80 bytes smem
ptxas info    : Compile time = 3.796 ms
ptxas info    : Compiling entry function '_ZN3aut11performance11stream_loadINS_7storage10fp32_e8m23ELi1EEEvPKNS2_5codecIT_E12storage_typeEmPy' for 'sm_90'
ptxas info    : Function properties for _ZN3aut11performance11stream_loadINS_7storage10fp32_e8m23ELi1EEEvPKNS2_5codecIT_E12storage_typeEmPy
    0 bytes stack frame, 0 bytes spill stores, 0 bytes spill loads
ptxas info    : Used 22 registers, used 1 barriers, 80 bytes smem
ptxas info    : Compile time = 3.659 ms
ptxas info    : Compiling entry function '_ZN3aut11performance15register_decodeINS_7storage10fp32_e8m23ELi4EEEvPKNS2_5codecIT_E12storage_typeEmiPd' for 'sm_90'
ptxas info    : Function properties for _ZN3aut11performance15register_decodeINS_7storage10fp32_e8m23ELi4EEEvPKNS2_5codecIT_E12storage_typeEmiPd
    0 bytes stack frame, 0 bytes spill stores, 0 bytes spill loads
ptxas info    : Used 30 registers, used 0 barriers
ptxas info    : Compile time = 4.414 ms
ptxas info    : Compiling entry function '_ZN3aut11performance15register_decodeINS_7storage10fp32_e8m23ELi2EEEvPKNS2_5codecIT_E12storage_typeEmiPd' for 'sm_90'
ptxas info    : Function properties for _ZN3aut11performance15register_decodeINS_7storage10fp32_e8m23ELi2EEEvPKNS2_5codecIT_E12storage_typeEmiPd
    0 bytes stack frame, 0 bytes spill stores, 0 bytes spill loads
ptxas info    : Used 20 registers, used 0 barriers
ptxas info    : Compile time = 4.221 ms
ptxas info    : Compiling entry function '_ZN3aut11performance15register_decodeINS_7storage10fp32_e8m23ELi1EEEvPKNS2_5codecIT_E12storage_typeEmiPd' for 'sm_90'
ptxas info    : Function properties for _ZN3aut11performance15register_decodeINS_7storage10fp32_e8m23ELi1EEEvPKNS2_5codecIT_E12storage_typeEmiPd
    0 bytes stack frame, 0 bytes spill stores, 0 bytes spill loads
ptxas info    : Used 18 registers, used 0 barriers
ptxas info    : Compile time = 4.128 ms
ptxas info    : Compiling entry function '_ZN3aut11performance18stream_load_decodeINS_7storage5e3m28ELi4EEEvPKNS2_5codecIT_E12storage_typeEmPd' for 'sm_90'
ptxas info    : Function properties for _ZN3aut11performance18stream_load_decodeINS_7storage5e3m28ELi4EEEvPKNS2_5codecIT_E12storage_typeEmPd
    0 bytes stack frame, 0 bytes spill stores, 0 bytes spill loads
ptxas info    : Used 34 registers, used 1 barriers, 80 bytes smem
ptxas info    : Compile time = 8.179 ms
ptxas info    : Compiling entry function '_ZN3aut11performance18stream_load_decodeINS_7storage5e3m28ELi2EEEvPKNS2_5codecIT_E12storage_typeEmPd' for 'sm_90'
ptxas info    : Function properties for _ZN3aut11performance18stream_load_decodeINS_7storage5e3m28ELi2EEEvPKNS2_5codecIT_E12storage_typeEmPd
    0 bytes stack frame, 0 bytes spill stores, 0 bytes spill loads
ptxas info    : Used 28 registers, used 1 barriers, 80 bytes smem
ptxas info    : Compile time = 6.432 ms
ptxas info    : Compiling entry function '_ZN3aut11performance18stream_load_decodeINS_7storage5e3m28ELi1EEEvPKNS2_5codecIT_E12storage_typeEmPd' for 'sm_90'
ptxas info    : Function properties for _ZN3aut11performance18stream_load_decodeINS_7storage5e3m28ELi1EEEvPKNS2_5codecIT_E12storage_typeEmPd
    0 bytes stack frame, 0 bytes spill stores, 0 bytes spill loads
ptxas info    : Used 26 registers, used 1 barriers, 80 bytes smem
ptxas info    : Compile time = 5.505 ms
ptxas info    : Compiling entry function '_ZN3aut11performance11stream_loadINS_7storage5e3m28ELi4EEEvPKNS2_5codecIT_E12storage_typeEmPy' for 'sm_90'
ptxas info    : Function properties for _ZN3aut11performance11stream_loadINS_7storage5e3m28ELi4EEEvPKNS2_5codecIT_E12storage_typeEmPy
    0 bytes stack frame, 0 bytes spill stores, 0 bytes spill loads
ptxas info    : Used 24 registers, used 1 barriers, 80 bytes smem
ptxas info    : Compile time = 3.939 ms
ptxas info    : Compiling entry function '_ZN3aut11performance11stream_loadINS_7storage5e3m28ELi2EEEvPKNS2_5codecIT_E12storage_typeEmPy' for 'sm_90'
ptxas info    : Function properties for _ZN3aut11performance11stream_loadINS_7storage5e3m28ELi2EEEvPKNS2_5codecIT_E12storage_typeEmPy
    0 bytes stack frame, 0 bytes spill stores, 0 bytes spill loads
ptxas info    : Used 22 registers, used 1 barriers, 80 bytes smem
ptxas info    : Compile time = 3.920 ms
ptxas info    : Compiling entry function '_ZN3aut11performance11stream_loadINS_7storage5e3m28ELi1EEEvPKNS2_5codecIT_E12storage_typeEmPy' for 'sm_90'
ptxas info    : Function properties for _ZN3aut11performance11stream_loadINS_7storage5e3m28ELi1EEEvPKNS2_5codecIT_E12storage_typeEmPy
    0 bytes stack frame, 0 bytes spill stores, 0 bytes spill loads
ptxas info    : Used 22 registers, used 1 barriers, 80 bytes smem
ptxas info    : Compile time = 3.651 ms
ptxas info    : Compiling entry function '_ZN3aut11performance15register_decodeINS_7storage5e3m28ELi4EEEvPKNS2_5codecIT_E12storage_typeEmiPd' for 'sm_90'
ptxas info    : Function properties for _ZN3aut11performance15register_decodeINS_7storage5e3m28ELi4EEEvPKNS2_5codecIT_E12storage_typeEmiPd
    0 bytes stack frame, 0 bytes spill stores, 0 bytes spill loads
ptxas info    : Used 32 registers, used 0 barriers
ptxas info    : Compile time = 8.184 ms
ptxas info    : Compiling entry function '_ZN3aut11performance15register_decodeINS_7storage5e3m28ELi2EEEvPKNS2_5codecIT_E12storage_typeEmiPd' for 'sm_90'
ptxas info    : Function properties for _ZN3aut11performance15register_decodeINS_7storage5e3m28ELi2EEEvPKNS2_5codecIT_E12storage_typeEmiPd
    0 bytes stack frame, 0 bytes spill stores, 0 bytes spill loads
ptxas info    : Used 26 registers, used 0 barriers
ptxas info    : Compile time = 6.373 ms
ptxas info    : Compiling entry function '_ZN3aut11performance15register_decodeINS_7storage5e3m28ELi1EEEvPKNS2_5codecIT_E12storage_typeEmiPd' for 'sm_90'
ptxas info    : Function properties for _ZN3aut11performance15register_decodeINS_7storage5e3m28ELi1EEEvPKNS2_5codecIT_E12storage_typeEmiPd
    0 bytes stack frame, 0 bytes spill stores, 0 bytes spill loads
ptxas info    : Used 20 registers, used 0 barriers
ptxas info    : Compile time = 5.439 ms
ptxas info    : Compiling entry function '_ZN3aut11performance18stream_load_decodeINS_7storage5e2m29ELi4EEEvPKNS2_5codecIT_E12storage_typeEmPd' for 'sm_90'
ptxas info    : Function properties for _ZN3aut11performance18stream_load_decodeINS_7storage5e2m29ELi4EEEvPKNS2_5codecIT_E12storage_typeEmPd
    0 bytes stack frame, 0 bytes spill stores, 0 bytes spill loads
ptxas info    : Used 34 registers, used 1 barriers, 80 bytes smem
ptxas info    : Compile time = 7.859 ms
ptxas info    : Compiling entry function '_ZN3aut11performance18stream_load_decodeINS_7storage5e2m29ELi2EEEvPKNS2_5codecIT_E12storage_typeEmPd' for 'sm_90'
ptxas info    : Function properties for _ZN3aut11performance18stream_load_decodeINS_7storage5e2m29ELi2EEEvPKNS2_5codecIT_E12storage_typeEmPd
    0 bytes stack frame, 0 bytes spill stores, 0 bytes spill loads
ptxas info    : Used 28 registers, used 1 barriers, 80 bytes smem
ptxas info    : Compile time = 6.308 ms
ptxas info    : Compiling entry function '_ZN3aut11performance18stream_load_decodeINS_7storage5e2m29ELi1EEEvPKNS2_5codecIT_E12storage_typeEmPd' for 'sm_90'
ptxas info    : Function properties for _ZN3aut11performance18stream_load_decodeINS_7storage5e2m29ELi1EEEvPKNS2_5codecIT_E12storage_typeEmPd
    0 bytes stack frame, 0 bytes spill stores, 0 bytes spill loads
ptxas info    : Used 26 registers, used 1 barriers, 80 bytes smem
ptxas info    : Compile time = 5.508 ms
ptxas info    : Compiling entry function '_ZN3aut11performance11stream_loadINS_7storage5e2m29ELi4EEEvPKNS2_5codecIT_E12storage_typeEmPy' for 'sm_90'
ptxas info    : Function properties for _ZN3aut11performance11stream_loadINS_7storage5e2m29ELi4EEEvPKNS2_5codecIT_E12storage_typeEmPy
    0 bytes stack frame, 0 bytes spill stores, 0 bytes spill loads
ptxas info    : Used 24 registers, used 1 barriers, 80 bytes smem
ptxas info    : Compile time = 3.913 ms
ptxas info    : Compiling entry function '_ZN3aut11performance11stream_loadINS_7storage5e2m29ELi2EEEvPKNS2_5codecIT_E12storage_typeEmPy' for 'sm_90'
ptxas info    : Function properties for _ZN3aut11performance11stream_loadINS_7storage5e2m29ELi2EEEvPKNS2_5codecIT_E12storage_typeEmPy
    0 bytes stack frame, 0 bytes spill stores, 0 bytes spill loads
ptxas info    : Used 22 registers, used 1 barriers, 80 bytes smem
ptxas info    : Compile time = 3.773 ms
ptxas info    : Compiling entry function '_ZN3aut11performance11stream_loadINS_7storage5e2m29ELi1EEEvPKNS2_5codecIT_E12storage_typeEmPy' for 'sm_90'
ptxas info    : Function properties for _ZN3aut11performance11stream_loadINS_7storage5e2m29ELi1EEEvPKNS2_5codecIT_E12storage_typeEmPy
    0 bytes stack frame, 0 bytes spill stores, 0 bytes spill loads
ptxas info    : Used 22 registers, used 1 barriers, 80 bytes smem
ptxas info    : Compile time = 3.647 ms
ptxas info    : Compiling entry function '_ZN3aut11performance15register_decodeINS_7storage5e2m29ELi4EEEvPKNS2_5codecIT_E12storage_typeEmiPd' for 'sm_90'
ptxas info    : Function properties for _ZN3aut11performance15register_decodeINS_7storage5e2m29ELi4EEEvPKNS2_5codecIT_E12storage_typeEmiPd
    0 bytes stack frame, 0 bytes spill stores, 0 bytes spill loads
ptxas info    : Used 32 registers, used 0 barriers
ptxas info    : Compile time = 8.127 ms
ptxas info    : Compiling entry function '_ZN3aut11performance15register_decodeINS_7storage5e2m29ELi2EEEvPKNS2_5codecIT_E12storage_typeEmiPd' for 'sm_90'
ptxas info    : Function properties for _ZN3aut11performance15register_decodeINS_7storage5e2m29ELi2EEEvPKNS2_5codecIT_E12storage_typeEmiPd
    0 bytes stack frame, 0 bytes spill stores, 0 bytes spill loads
ptxas info    : Used 26 registers, used 0 barriers
ptxas info    : Compile time = 6.429 ms
ptxas info    : Compiling entry function '_ZN3aut11performance15register_decodeINS_7storage5e2m29ELi1EEEvPKNS2_5codecIT_E12storage_typeEmiPd' for 'sm_90'
ptxas info    : Function properties for _ZN3aut11performance15register_decodeINS_7storage5e2m29ELi1EEEvPKNS2_5codecIT_E12storage_typeEmiPd
    0 bytes stack frame, 0 bytes spill stores, 0 bytes spill loads
ptxas info    : Used 20 registers, used 0 barriers
ptxas info    : Compile time = 5.417 ms
ptxas info    : Compiling entry function '_ZN3aut11performance18stream_load_decodeINS_7storage5e1m30ELi4EEEvPKNS2_5codecIT_E12storage_typeEmPd' for 'sm_90'
ptxas info    : Function properties for _ZN3aut11performance18stream_load_decodeINS_7storage5e1m30ELi4EEEvPKNS2_5codecIT_E12storage_typeEmPd
    0 bytes stack frame, 0 bytes spill stores, 0 bytes spill loads
ptxas info    : Used 32 registers, used 1 barriers, 80 bytes smem
ptxas info    : Compile time = 7.223 ms
ptxas info    : Compiling entry function '_ZN3aut11performance18stream_load_decodeINS_7storage5e1m30ELi2EEEvPKNS2_5codecIT_E12storage_typeEmPd' for 'sm_90'
ptxas info    : Function properties for _ZN3aut11performance18stream_load_decodeINS_7storage5e1m30ELi2EEEvPKNS2_5codecIT_E12storage_typeEmPd
    0 bytes stack frame, 0 bytes spill stores, 0 bytes spill loads
ptxas info    : Used 30 registers, used 1 barriers, 80 bytes smem
ptxas info    : Compile time = 5.937 ms
ptxas info    : Compiling entry function '_ZN3aut11performance18stream_load_decodeINS_7storage5e1m30ELi1EEEvPKNS2_5codecIT_E12storage_typeEmPd' for 'sm_90'
ptxas info    : Function properties for _ZN3aut11performance18stream_load_decodeINS_7storage5e1m30ELi1EEEvPKNS2_5codecIT_E12storage_typeEmPd
    0 bytes stack frame, 0 bytes spill stores, 0 bytes spill loads
ptxas info    : Used 26 registers, used 1 barriers, 80 bytes smem
ptxas info    : Compile time = 5.204 ms
ptxas info    : Compiling entry function '_ZN3aut11performance11stream_loadINS_7storage5e1m30ELi4EEEvPKNS2_5codecIT_E12storage_typeEmPy' for 'sm_90'
ptxas info    : Function properties for _ZN3aut11performance11stream_loadINS_7storage5e1m30ELi4EEEvPKNS2_5codecIT_E12storage_typeEmPy
    0 bytes stack frame, 0 bytes spill stores, 0 bytes spill loads
ptxas info    : Used 24 registers, used 1 barriers, 80 bytes smem
ptxas info    : Compile time = 3.933 ms
ptxas info    : Compiling entry function '_ZN3aut11performance11stream_loadINS_7storage5e1m30ELi2EEEvPKNS2_5codecIT_E12storage_typeEmPy' for 'sm_90'
ptxas info    : Function properties for _ZN3aut11performance11stream_loadINS_7storage5e1m30ELi2EEEvPKNS2_5codecIT_E12storage_typeEmPy
    0 bytes stack frame, 0 bytes spill stores, 0 bytes spill loads
ptxas info    : Used 22 registers, used 1 barriers, 80 bytes smem
ptxas info    : Compile time = 3.876 ms
ptxas info    : Compiling entry function '_ZN3aut11performance11stream_loadINS_7storage5e1m30ELi1EEEvPKNS2_5codecIT_E12storage_typeEmPy' for 'sm_90'
ptxas info    : Function properties for _ZN3aut11performance11stream_loadINS_7storage5e1m30ELi1EEEvPKNS2_5codecIT_E12storage_typeEmPy
    0 bytes stack frame, 0 bytes spill stores, 0 bytes spill loads
ptxas info    : Used 22 registers, used 1 barriers, 80 bytes smem
ptxas info    : Compile time = 3.648 ms
ptxas info    : Compiling entry function '_ZN3aut11performance15register_decodeINS_7storage5e1m30ELi4EEEvPKNS2_5codecIT_E12storage_typeEmiPd' for 'sm_90'
ptxas info    : Function properties for _ZN3aut11performance15register_decodeINS_7storage5e1m30ELi4EEEvPKNS2_5codecIT_E12storage_typeEmiPd
    0 bytes stack frame, 0 bytes spill stores, 0 bytes spill loads
ptxas info    : Used 32 registers, used 0 barriers
ptxas info    : Compile time = 7.738 ms
ptxas info    : Compiling entry function '_ZN3aut11performance15register_decodeINS_7storage5e1m30ELi2EEEvPKNS2_5codecIT_E12storage_typeEmiPd' for 'sm_90'
ptxas info    : Function properties for _ZN3aut11performance15register_decodeINS_7storage5e1m30ELi2EEEvPKNS2_5codecIT_E12storage_typeEmiPd
    0 bytes stack frame, 0 bytes spill stores, 0 bytes spill loads
ptxas info    : Used 27 registers, used 0 barriers
ptxas info    : Compile time = 6.124 ms
ptxas info    : Compiling entry function '_ZN3aut11performance15register_decodeINS_7storage5e1m30ELi1EEEvPKNS2_5codecIT_E12storage_typeEmiPd' for 'sm_90'
ptxas info    : Function properties for _ZN3aut11performance15register_decodeINS_7storage5e1m30ELi1EEEvPKNS2_5codecIT_E12storage_typeEmiPd
    0 bytes stack frame, 0 bytes spill stores, 0 bytes spill loads
ptxas info    : Used 19 registers, used 0 barriers
ptxas info    : Compile time = 5.231 ms
ptxas info    : Compiling entry function '_ZN3aut11performance18stream_load_decodeINS_7storage5e11m4ELi4EEEvPKNS2_5codecIT_E12storage_typeEmPd' for 'sm_90'
ptxas info    : Function properties for _ZN3aut11performance18stream_load_decodeINS_7storage5e11m4ELi4EEEvPKNS2_5codecIT_E12storage_typeEmPd
    0 bytes stack frame, 0 bytes spill stores, 0 bytes spill loads
ptxas info    : Used 28 registers, used 1 barriers, 80 bytes smem
ptxas info    : Compile time = 4.091 ms
ptxas info    : Compiling entry function '_ZN3aut11performance18stream_load_decodeINS_7storage5e11m4ELi2EEEvPKNS2_5codecIT_E12storage_typeEmPd' for 'sm_90'
ptxas info    : Function properties for _ZN3aut11performance18stream_load_decodeINS_7storage5e11m4ELi2EEEvPKNS2_5codecIT_E12storage_typeEmPd
    0 bytes stack frame, 0 bytes spill stores, 0 bytes spill loads
ptxas info    : Used 24 registers, used 1 barriers, 80 bytes smem
ptxas info    : Compile time = 3.851 ms
ptxas info    : Compiling entry function '_ZN3aut11performance18stream_load_decodeINS_7storage5e11m4ELi1EEEvPKNS2_5codecIT_E12storage_typeEmPd' for 'sm_90'
ptxas info    : Function properties for _ZN3aut11performance18stream_load_decodeINS_7storage5e11m4ELi1EEEvPKNS2_5codecIT_E12storage_typeEmPd
    0 bytes stack frame, 0 bytes spill stores, 0 bytes spill loads
ptxas info    : Used 20 registers, used 1 barriers, 80 bytes smem
ptxas info    : Compile time = 3.613 ms
ptxas info    : Compiling entry function '_ZN3aut11performance11stream_loadINS_7storage5e11m4ELi4EEEvPKNS2_5codecIT_E12storage_typeEmPy' for 'sm_90'
ptxas info    : Function properties for _ZN3aut11performance11stream_loadINS_7storage5e11m4ELi4EEEvPKNS2_5codecIT_E12storage_typeEmPy
    0 bytes stack frame, 0 bytes spill stores, 0 bytes spill loads
ptxas info    : Used 22 registers, used 1 barriers, 80 bytes smem
ptxas info    : Compile time = 3.960 ms
ptxas info    : Compiling entry function '_ZN3aut11performance11stream_loadINS_7storage5e11m4ELi2EEEvPKNS2_5codecIT_E12storage_typeEmPy' for 'sm_90'
ptxas info    : Function properties for _ZN3aut11performance11stream_loadINS_7storage5e11m4ELi2EEEvPKNS2_5codecIT_E12storage_typeEmPy
    0 bytes stack frame, 0 bytes spill stores, 0 bytes spill loads
ptxas info    : Used 22 registers, used 1 barriers, 80 bytes smem
ptxas info    : Compile time = 3.795 ms
ptxas info    : Compiling entry function '_ZN3aut11performance11stream_loadINS_7storage5e11m4ELi1EEEvPKNS2_5codecIT_E12storage_typeEmPy' for 'sm_90'
ptxas info    : Function properties for _ZN3aut11performance11stream_loadINS_7storage5e11m4ELi1EEEvPKNS2_5codecIT_E12storage_typeEmPy
    0 bytes stack frame, 0 bytes spill stores, 0 bytes spill loads
ptxas info    : Used 22 registers, used 1 barriers, 80 bytes smem
ptxas info    : Compile time = 3.647 ms
ptxas info    : Compiling entry function '_ZN3aut11performance15register_decodeINS_7storage5e11m4ELi4EEEvPKNS2_5codecIT_E12storage_typeEmiPd' for 'sm_90'
ptxas info    : Function properties for _ZN3aut11performance15register_decodeINS_7storage5e11m4ELi4EEEvPKNS2_5codecIT_E12storage_typeEmiPd
    0 bytes stack frame, 0 bytes spill stores, 0 bytes spill loads
ptxas info    : Used 25 registers, used 0 barriers
ptxas info    : Compile time = 4.537 ms
ptxas info    : Compiling entry function '_ZN3aut11performance15register_decodeINS_7storage5e11m4ELi2EEEvPKNS2_5codecIT_E12storage_typeEmiPd' for 'sm_90'
ptxas info    : Function properties for _ZN3aut11performance15register_decodeINS_7storage5e11m4ELi2EEEvPKNS2_5codecIT_E12storage_typeEmiPd
    0 bytes stack frame, 0 bytes spill stores, 0 bytes spill loads
ptxas info    : Used 20 registers, used 0 barriers
ptxas info    : Compile time = 4.261 ms
ptxas info    : Compiling entry function '_ZN3aut11performance15register_decodeINS_7storage5e11m4ELi1EEEvPKNS2_5codecIT_E12storage_typeEmiPd' for 'sm_90'
ptxas info    : Function properties for _ZN3aut11performance15register_decodeINS_7storage5e11m4ELi1EEEvPKNS2_5codecIT_E12storage_typeEmiPd
    0 bytes stack frame, 0 bytes spill stores, 0 bytes spill loads
ptxas info    : Used 18 registers, used 0 barriers
ptxas info    : Compile time = 4.134 ms
ptxas info    : Compiling entry function '_ZN3aut11performance18stream_load_decodeINS_7storage9bf16_e8m7ELi4EEEvPKNS2_5codecIT_E12storage_typeEmPd' for 'sm_90'
ptxas info    : Function properties for _ZN3aut11performance18stream_load_decodeINS_7storage9bf16_e8m7ELi4EEEvPKNS2_5codecIT_E12storage_typeEmPd
    0 bytes stack frame, 0 bytes spill stores, 0 bytes spill loads
ptxas info    : Used 32 registers, used 1 barriers, 80 bytes smem
ptxas info    : Compile time = 4.084 ms
ptxas info    : Compiling entry function '_ZN3aut11performance18stream_load_decodeINS_7storage9bf16_e8m7ELi2EEEvPKNS2_5codecIT_E12storage_typeEmPd' for 'sm_90'
ptxas info    : Function properties for _ZN3aut11performance18stream_load_decodeINS_7storage9bf16_e8m7ELi2EEEvPKNS2_5codecIT_E12storage_typeEmPd
    0 bytes stack frame, 0 bytes spill stores, 0 bytes spill loads
ptxas info    : Used 24 registers, used 1 barriers, 80 bytes smem
ptxas info    : Compile time = 3.872 ms
ptxas info    : Compiling entry function '_ZN3aut11performance18stream_load_decodeINS_7storage9bf16_e8m7ELi1EEEvPKNS2_5codecIT_E12storage_typeEmPd' for 'sm_90'
ptxas info    : Function properties for _ZN3aut11performance18stream_load_decodeINS_7storage9bf16_e8m7ELi1EEEvPKNS2_5codecIT_E12storage_typeEmPd
    0 bytes stack frame, 0 bytes spill stores, 0 bytes spill loads
ptxas info    : Used 20 registers, used 1 barriers, 80 bytes smem
ptxas info    : Compile time = 3.643 ms
ptxas info    : Compiling entry function '_ZN3aut11performance11stream_loadINS_7storage9bf16_e8m7ELi4EEEvPKNS2_5codecIT_E12storage_typeEmPy' for 'sm_90'
ptxas info    : Function properties for _ZN3aut11performance11stream_loadINS_7storage9bf16_e8m7ELi4EEEvPKNS2_5codecIT_E12storage_typeEmPy
    0 bytes stack frame, 0 bytes spill stores, 0 bytes spill loads
ptxas info    : Used 22 registers, used 1 barriers, 80 bytes smem
ptxas info    : Compile time = 3.969 ms
ptxas info    : Compiling entry function '_ZN3aut11performance11stream_loadINS_7storage9bf16_e8m7ELi2EEEvPKNS2_5codecIT_E12storage_typeEmPy' for 'sm_90'
ptxas info    : Function properties for _ZN3aut11performance11stream_loadINS_7storage9bf16_e8m7ELi2EEEvPKNS2_5codecIT_E12storage_typeEmPy
    0 bytes stack frame, 0 bytes spill stores, 0 bytes spill loads
ptxas info    : Used 22 registers, used 1 barriers, 80 bytes smem
ptxas info    : Compile time = 3.809 ms
ptxas info    : Compiling entry function '_ZN3aut11performance11stream_loadINS_7storage9bf16_e8m7ELi1EEEvPKNS2_5codecIT_E12storage_typeEmPy' for 'sm_90'
ptxas info    : Function properties for _ZN3aut11performance11stream_loadINS_7storage9bf16_e8m7ELi1EEEvPKNS2_5codecIT_E12storage_typeEmPy
    0 bytes stack frame, 0 bytes spill stores, 0 bytes spill loads
ptxas info    : Used 22 registers, used 1 barriers, 80 bytes smem
ptxas info    : Compile time = 3.648 ms
ptxas info    : Compiling entry function '_ZN3aut11performance15register_decodeINS_7storage9bf16_e8m7ELi4EEEvPKNS2_5codecIT_E12storage_typeEmiPd' for 'sm_90'
ptxas info    : Function properties for _ZN3aut11performance15register_decodeINS_7storage9bf16_e8m7ELi4EEEvPKNS2_5codecIT_E12storage_typeEmiPd
    0 bytes stack frame, 0 bytes spill stores, 0 bytes spill loads
ptxas info    : Used 23 registers, used 0 barriers
ptxas info    : Compile time = 4.636 ms
ptxas info    : Compiling entry function '_ZN3aut11performance15register_decodeINS_7storage9bf16_e8m7ELi2EEEvPKNS2_5codecIT_E12storage_typeEmiPd' for 'sm_90'
ptxas info    : Function properties for _ZN3aut11performance15register_decodeINS_7storage9bf16_e8m7ELi2EEEvPKNS2_5codecIT_E12storage_typeEmiPd
    0 bytes stack frame, 0 bytes spill stores, 0 bytes spill loads
ptxas info    : Used 20 registers, used 0 barriers
ptxas info    : Compile time = 4.329 ms
ptxas info    : Compiling entry function '_ZN3aut11performance15register_decodeINS_7storage9bf16_e8m7ELi1EEEvPKNS2_5codecIT_E12storage_typeEmiPd' for 'sm_90'
ptxas info    : Function properties for _ZN3aut11performance15register_decodeINS_7storage9bf16_e8m7ELi1EEEvPKNS2_5codecIT_E12storage_typeEmiPd
    0 bytes stack frame, 0 bytes spill stores, 0 bytes spill loads
ptxas info    : Used 18 registers, used 0 barriers
ptxas info    : Compile time = 4.159 ms
ptxas info    : Compiling entry function '_ZN3aut11performance18stream_load_decodeINS_7storage10fp16_e5m10ELi4EEEvPKNS2_5codecIT_E12storage_typeEmPd' for 'sm_90'
ptxas info    : Function properties for _ZN3aut11performance18stream_load_decodeINS_7storage10fp16_e5m10ELi4EEEvPKNS2_5codecIT_E12storage_typeEmPd
    0 bytes stack frame, 0 bytes spill stores, 0 bytes spill loads
ptxas info    : Used 30 registers, used 1 barriers, 80 bytes smem
ptxas info    : Compile time = 4.164 ms
ptxas info    : Compiling entry function '_ZN3aut11performance18stream_load_decodeINS_7storage10fp16_e5m10ELi2EEEvPKNS2_5codecIT_E12storage_typeEmPd' for 'sm_90'
ptxas info    : Function properties for _ZN3aut11performance18stream_load_decodeINS_7storage10fp16_e5m10ELi2EEEvPKNS2_5codecIT_E12storage_typeEmPd
    0 bytes stack frame, 0 bytes spill stores, 0 bytes spill loads
ptxas info    : Used 24 registers, used 1 barriers, 80 bytes smem
ptxas info    : Compile time = 3.918 ms
ptxas info    : Compiling entry function '_ZN3aut11performance18stream_load_decodeINS_7storage10fp16_e5m10ELi1EEEvPKNS2_5codecIT_E12storage_typeEmPd' for 'sm_90'
ptxas info    : Function properties for _ZN3aut11performance18stream_load_decodeINS_7storage10fp16_e5m10ELi1EEEvPKNS2_5codecIT_E12storage_typeEmPd
    0 bytes stack frame, 0 bytes spill stores, 0 bytes spill loads
ptxas info    : Used 20 registers, used 1 barriers, 80 bytes smem
ptxas info    : Compile time = 3.787 ms
ptxas info    : Compiling entry function '_ZN3aut11performance11stream_loadINS_7storage10fp16_e5m10ELi4EEEvPKNS2_5codecIT_E12storage_typeEmPy' for 'sm_90'
ptxas info    : Function properties for _ZN3aut11performance11stream_loadINS_7storage10fp16_e5m10ELi4EEEvPKNS2_5codecIT_E12storage_typeEmPy
    0 bytes stack frame, 0 bytes spill stores, 0 bytes spill loads
ptxas info    : Used 22 registers, used 1 barriers, 80 bytes smem
ptxas info    : Compile time = 3.962 ms
ptxas info    : Compiling entry function '_ZN3aut11performance11stream_loadINS_7storage10fp16_e5m10ELi2EEEvPKNS2_5codecIT_E12storage_typeEmPy' for 'sm_90'
ptxas info    : Function properties for _ZN3aut11performance11stream_loadINS_7storage10fp16_e5m10ELi2EEEvPKNS2_5codecIT_E12storage_typeEmPy
    0 bytes stack frame, 0 bytes spill stores, 0 bytes spill loads
ptxas info    : Used 22 registers, used 1 barriers, 80 bytes smem
ptxas info    : Compile time = 3.793 ms
ptxas info    : Compiling entry function '_ZN3aut11performance11stream_loadINS_7storage10fp16_e5m10ELi1EEEvPKNS2_5codecIT_E12storage_typeEmPy' for 'sm_90'
ptxas info    : Function properties for _ZN3aut11performance11stream_loadINS_7storage10fp16_e5m10ELi1EEEvPKNS2_5codecIT_E12storage_typeEmPy
    0 bytes stack frame, 0 bytes spill stores, 0 bytes spill loads
ptxas info    : Used 22 registers, used 1 barriers, 80 bytes smem
ptxas info    : Compile time = 3.634 ms
ptxas info    : Compiling entry function '_ZN3aut11performance15register_decodeINS_7storage10fp16_e5m10ELi4EEEvPKNS2_5codecIT_E12storage_typeEmiPd' for 'sm_90'
ptxas info    : Function properties for _ZN3aut11performance15register_decodeINS_7storage10fp16_e5m10ELi4EEEvPKNS2_5codecIT_E12storage_typeEmiPd
    0 bytes stack frame, 0 bytes spill stores, 0 bytes spill loads
ptxas info    : Used 23 registers, used 0 barriers
ptxas info    : Compile time = 4.755 ms
ptxas info    : Compiling entry function '_ZN3aut11performance15register_decodeINS_7storage10fp16_e5m10ELi2EEEvPKNS2_5codecIT_E12storage_typeEmiPd' for 'sm_90'
ptxas info    : Function properties for _ZN3aut11performance15register_decodeINS_7storage10fp16_e5m10ELi2EEEvPKNS2_5codecIT_E12storage_typeEmiPd
    0 bytes stack frame, 0 bytes spill stores, 0 bytes spill loads
ptxas info    : Used 20 registers, used 0 barriers
ptxas info    : Compile time = 4.405 ms
ptxas info    : Compiling entry function '_ZN3aut11performance15register_decodeINS_7storage10fp16_e5m10ELi1EEEvPKNS2_5codecIT_E12storage_typeEmiPd' for 'sm_90'
ptxas info    : Function properties for _ZN3aut11performance15register_decodeINS_7storage10fp16_e5m10ELi1EEEvPKNS2_5codecIT_E12storage_typeEmiPd
    0 bytes stack frame, 0 bytes spill stores, 0 bytes spill loads
ptxas info    : Used 18 registers, used 0 barriers
ptxas info    : Compile time = 4.162 ms
ptxas info    : Compiling entry function '_ZN3aut11performance18stream_load_decodeINS_7storage5e3m12ELi4EEEvPKNS2_5codecIT_E12storage_typeEmPd' for 'sm_90'
ptxas info    : Function properties for _ZN3aut11performance18stream_load_decodeINS_7storage5e3m12ELi4EEEvPKNS2_5codecIT_E12storage_typeEmPd
    0 bytes stack frame, 0 bytes spill stores, 0 bytes spill loads
ptxas info    : Used 32 registers, used 1 barriers, 80 bytes smem
ptxas info    : Compile time = 7.887 ms
ptxas info    : Compiling entry function '_ZN3aut11performance18stream_load_decodeINS_7storage5e3m12ELi2EEEvPKNS2_5codecIT_E12storage_typeEmPd' for 'sm_90'
ptxas info    : Function properties for _ZN3aut11performance18stream_load_decodeINS_7storage5e3m12ELi2EEEvPKNS2_5codecIT_E12storage_typeEmPd
    0 bytes stack frame, 0 bytes spill stores, 0 bytes spill loads
ptxas info    : Used 26 registers, used 1 barriers, 80 bytes smem
ptxas info    : Compile time = 6.226 ms
ptxas info    : Compiling entry function '_ZN3aut11performance18stream_load_decodeINS_7storage5e3m12ELi1EEEvPKNS2_5codecIT_E12storage_typeEmPd' for 'sm_90'
ptxas info    : Function properties for _ZN3aut11performance18stream_load_decodeINS_7storage5e3m12ELi1EEEvPKNS2_5codecIT_E12storage_typeEmPd
    0 bytes stack frame, 0 bytes spill stores, 0 bytes spill loads
ptxas info    : Used 26 registers, used 1 barriers, 80 bytes smem
ptxas info    : Compile time = 5.431 ms
ptxas info    : Compiling entry function '_ZN3aut11performance11stream_loadINS_7storage5e3m12ELi4EEEvPKNS2_5codecIT_E12storage_typeEmPy' for 'sm_90'
ptxas info    : Function properties for _ZN3aut11performance11stream_loadINS_7storage5e3m12ELi4EEEvPKNS2_5codecIT_E12storage_typeEmPy
    0 bytes stack frame, 0 bytes spill stores, 0 bytes spill loads
ptxas info    : Used 22 registers, used 1 barriers, 80 bytes smem
ptxas info    : Compile time = 3.947 ms
ptxas info    : Compiling entry function '_ZN3aut11performance11stream_loadINS_7storage5e3m12ELi2EEEvPKNS2_5codecIT_E12storage_typeEmPy' for 'sm_90'
ptxas info    : Function properties for _ZN3aut11performance11stream_loadINS_7storage5e3m12ELi2EEEvPKNS2_5codecIT_E12storage_typeEmPy
    0 bytes stack frame, 0 bytes spill stores, 0 bytes spill loads
ptxas info    : Used 22 registers, used 1 barriers, 80 bytes smem
ptxas info    : Compile time = 3.796 ms
ptxas info    : Compiling entry function '_ZN3aut11performance11stream_loadINS_7storage5e3m12ELi1EEEvPKNS2_5codecIT_E12storage_typeEmPy' for 'sm_90'
ptxas info    : Function properties for _ZN3aut11performance11stream_loadINS_7storage5e3m12ELi1EEEvPKNS2_5codecIT_E12storage_typeEmPy
    0 bytes stack frame, 0 bytes spill stores, 0 bytes spill loads
ptxas info    : Used 22 registers, used 1 barriers, 80 bytes smem
ptxas info    : Compile time = 3.670 ms
ptxas info    : Compiling entry function '_ZN3aut11performance15register_decodeINS_7storage5e3m12ELi4EEEvPKNS2_5codecIT_E12storage_typeEmiPd' for 'sm_90'
ptxas info    : Function properties for _ZN3aut11performance15register_decodeINS_7storage5e3m12ELi4EEEvPKNS2_5codecIT_E12storage_typeEmiPd
    0 bytes stack frame, 0 bytes spill stores, 0 bytes spill loads
ptxas info    : Used 32 registers, used 0 barriers
ptxas info    : Compile time = 8.052 ms
ptxas info    : Compiling entry function '_ZN3aut11performance15register_decodeINS_7storage5e3m12ELi2EEEvPKNS2_5codecIT_E12storage_typeEmiPd' for 'sm_90'
ptxas info    : Function properties for _ZN3aut11performance15register_decodeINS_7storage5e3m12ELi2EEEvPKNS2_5codecIT_E12storage_typeEmiPd
    0 bytes stack frame, 0 bytes spill stores, 0 bytes spill loads
ptxas info    : Used 26 registers, used 0 barriers
ptxas info    : Compile time = 6.385 ms
ptxas info    : Compiling entry function '_ZN3aut11performance15register_decodeINS_7storage5e3m12ELi1EEEvPKNS2_5codecIT_E12storage_typeEmiPd' for 'sm_90'
ptxas info    : Function properties for _ZN3aut11performance15register_decodeINS_7storage5e3m12ELi1EEEvPKNS2_5codecIT_E12storage_typeEmiPd
    0 bytes stack frame, 0 bytes spill stores, 0 bytes spill loads
ptxas info    : Used 20 registers, used 0 barriers
ptxas info    : Compile time = 5.441 ms
ptxas info    : Compiling entry function '_ZN3aut11performance18stream_load_decodeINS_7storage5e2m13ELi4EEEvPKNS2_5codecIT_E12storage_typeEmPd' for 'sm_90'
ptxas info    : Function properties for _ZN3aut11performance18stream_load_decodeINS_7storage5e2m13ELi4EEEvPKNS2_5codecIT_E12storage_typeEmPd
    0 bytes stack frame, 0 bytes spill stores, 0 bytes spill loads
ptxas info    : Used 32 registers, used 1 barriers, 80 bytes smem
ptxas info    : Compile time = 7.774 ms
ptxas info    : Compiling entry function '_ZN3aut11performance18stream_load_decodeINS_7storage5e2m13ELi2EEEvPKNS2_5codecIT_E12storage_typeEmPd' for 'sm_90'
ptxas info    : Function properties for _ZN3aut11performance18stream_load_decodeINS_7storage5e2m13ELi2EEEvPKNS2_5codecIT_E12storage_typeEmPd
    0 bytes stack frame, 0 bytes spill stores, 0 bytes spill loads
ptxas info    : Used 26 registers, used 1 barriers, 80 bytes smem
ptxas info    : Compile time = 6.348 ms
ptxas info    : Compiling entry function '_ZN3aut11performance18stream_load_decodeINS_7storage5e2m13ELi1EEEvPKNS2_5codecIT_E12storage_typeEmPd' for 'sm_90'
ptxas info    : Function properties for _ZN3aut11performance18stream_load_decodeINS_7storage5e2m13ELi1EEEvPKNS2_5codecIT_E12storage_typeEmPd
    0 bytes stack frame, 0 bytes spill stores, 0 bytes spill loads
ptxas info    : Used 26 registers, used 1 barriers, 80 bytes smem
ptxas info    : Compile time = 5.505 ms
ptxas info    : Compiling entry function '_ZN3aut11performance11stream_loadINS_7storage5e2m13ELi4EEEvPKNS2_5codecIT_E12storage_typeEmPy' for 'sm_90'
ptxas info    : Function properties for _ZN3aut11performance11stream_loadINS_7storage5e2m13ELi4EEEvPKNS2_5codecIT_E12storage_typeEmPy
    0 bytes stack frame, 0 bytes spill stores, 0 bytes spill loads
ptxas info    : Used 22 registers, used 1 barriers, 80 bytes smem
ptxas info    : Compile time = 3.968 ms
ptxas info    : Compiling entry function '_ZN3aut11performance11stream_loadINS_7storage5e2m13ELi2EEEvPKNS2_5codecIT_E12storage_typeEmPy' for 'sm_90'
ptxas info    : Function properties for _ZN3aut11performance11stream_loadINS_7storage5e2m13ELi2EEEvPKNS2_5codecIT_E12storage_typeEmPy
    0 bytes stack frame, 0 bytes spill stores, 0 bytes spill loads
ptxas info    : Used 22 registers, used 1 barriers, 80 bytes smem
ptxas info    : Compile time = 3.801 ms
ptxas info    : Compiling entry function '_ZN3aut11performance11stream_loadINS_7storage5e2m13ELi1EEEvPKNS2_5codecIT_E12storage_typeEmPy' for 'sm_90'
ptxas info    : Function properties for _ZN3aut11performance11stream_loadINS_7storage5e2m13ELi1EEEvPKNS2_5codecIT_E12storage_typeEmPy
    0 bytes stack frame, 0 bytes spill stores, 0 bytes spill loads
ptxas info    : Used 22 registers, used 1 barriers, 80 bytes smem
ptxas info    : Compile time = 3.651 ms
ptxas info    : Compiling entry function '_ZN3aut11performance15register_decodeINS_7storage5e2m13ELi4EEEvPKNS2_5codecIT_E12storage_typeEmiPd' for 'sm_90'
ptxas info    : Function properties for _ZN3aut11performance15register_decodeINS_7storage5e2m13ELi4EEEvPKNS2_5codecIT_E12storage_typeEmiPd
    0 bytes stack frame, 0 bytes spill stores, 0 bytes spill loads
ptxas info    : Used 32 registers, used 0 barriers
ptxas info    : Compile time = 8.145 ms
ptxas info    : Compiling entry function '_ZN3aut11performance15register_decodeINS_7storage5e2m13ELi2EEEvPKNS2_5codecIT_E12storage_typeEmiPd' for 'sm_90'
ptxas info    : Function properties for _ZN3aut11performance15register_decodeINS_7storage5e2m13ELi2EEEvPKNS2_5codecIT_E12storage_typeEmiPd
    0 bytes stack frame, 0 bytes spill stores, 0 bytes spill loads
ptxas info    : Used 26 registers, used 0 barriers
ptxas info    : Compile time = 6.305 ms
ptxas info    : Compiling entry function '_ZN3aut11performance15register_decodeINS_7storage5e2m13ELi1EEEvPKNS2_5codecIT_E12storage_typeEmiPd' for 'sm_90'
ptxas info    : Function properties for _ZN3aut11performance15register_decodeINS_7storage5e2m13ELi1EEEvPKNS2_5codecIT_E12storage_typeEmiPd
    0 bytes stack frame, 0 bytes spill stores, 0 bytes spill loads
ptxas info    : Used 20 registers, used 0 barriers
ptxas info    : Compile time = 5.382 ms
ptxas info    : Compiling entry function '_ZN3aut11performance18stream_load_decodeINS_7storage5e1m14ELi4EEEvPKNS2_5codecIT_E12storage_typeEmPd' for 'sm_90'
ptxas info    : Function properties for _ZN3aut11performance18stream_load_decodeINS_7storage5e1m14ELi4EEEvPKNS2_5codecIT_E12storage_typeEmPd
    0 bytes stack frame, 0 bytes spill stores, 0 bytes spill loads
ptxas info    : Used 32 registers, used 1 barriers, 80 bytes smem
ptxas info    : Compile time = 7.323 ms
ptxas info    : Compiling entry function '_ZN3aut11performance18stream_load_decodeINS_7storage5e1m14ELi2EEEvPKNS2_5codecIT_E12storage_typeEmPd' for 'sm_90'
ptxas info    : Function properties for _ZN3aut11performance18stream_load_decodeINS_7storage5e1m14ELi2EEEvPKNS2_5codecIT_E12storage_typeEmPd
    0 bytes stack frame, 0 bytes spill stores, 0 bytes spill loads
ptxas info    : Used 29 registers, used 1 barriers, 80 bytes smem
ptxas info    : Compile time = 5.962 ms
ptxas info    : Compiling entry function '_ZN3aut11performance18stream_load_decodeINS_7storage5e1m14ELi1EEEvPKNS2_5codecIT_E12storage_typeEmPd' for 'sm_90'
ptxas info    : Function properties for _ZN3aut11performance18stream_load_decodeINS_7storage5e1m14ELi1EEEvPKNS2_5codecIT_E12storage_typeEmPd
    0 bytes stack frame, 0 bytes spill stores, 0 bytes spill loads
ptxas info    : Used 26 registers, used 1 barriers, 80 bytes smem
ptxas info    : Compile time = 5.199 ms
ptxas info    : Compiling entry function '_ZN3aut11performance11stream_loadINS_7storage5e1m14ELi4EEEvPKNS2_5codecIT_E12storage_typeEmPy' for 'sm_90'
ptxas info    : Function properties for _ZN3aut11performance11stream_loadINS_7storage5e1m14ELi4EEEvPKNS2_5codecIT_E12storage_typeEmPy
    0 bytes stack frame, 0 bytes spill stores, 0 bytes spill loads
ptxas info    : Used 22 registers, used 1 barriers, 80 bytes smem
ptxas info    : Compile time = 3.962 ms
ptxas info    : Compiling entry function '_ZN3aut11performance11stream_loadINS_7storage5e1m14ELi2EEEvPKNS2_5codecIT_E12storage_typeEmPy' for 'sm_90'
ptxas info    : Function properties for _ZN3aut11performance11stream_loadINS_7storage5e1m14ELi2EEEvPKNS2_5codecIT_E12storage_typeEmPy
    0 bytes stack frame, 0 bytes spill stores, 0 bytes spill loads
ptxas info    : Used 22 registers, used 1 barriers, 80 bytes smem
ptxas info    : Compile time = 3.814 ms
ptxas info    : Compiling entry function '_ZN3aut11performance11stream_loadINS_7storage5e1m14ELi1EEEvPKNS2_5codecIT_E12storage_typeEmPy' for 'sm_90'
ptxas info    : Function properties for _ZN3aut11performance11stream_loadINS_7storage5e1m14ELi1EEEvPKNS2_5codecIT_E12storage_typeEmPy
    0 bytes stack frame, 0 bytes spill stores, 0 bytes spill loads
ptxas info    : Used 22 registers, used 1 barriers, 80 bytes smem
ptxas info    : Compile time = 3.680 ms
ptxas info    : Compiling entry function '_ZN3aut11performance15register_decodeINS_7storage5e1m14ELi4EEEvPKNS2_5codecIT_E12storage_typeEmiPd' for 'sm_90'
ptxas info    : Function properties for _ZN3aut11performance15register_decodeINS_7storage5e1m14ELi4EEEvPKNS2_5codecIT_E12storage_typeEmiPd
    0 bytes stack frame, 0 bytes spill stores, 0 bytes spill loads
ptxas info    : Used 32 registers, used 0 barriers
ptxas info    : Compile time = 7.620 ms
ptxas info    : Compiling entry function '_ZN3aut11performance15register_decodeINS_7storage5e1m14ELi2EEEvPKNS2_5codecIT_E12storage_typeEmiPd' for 'sm_90'
ptxas info    : Function properties for _ZN3aut11performance15register_decodeINS_7storage5e1m14ELi2EEEvPKNS2_5codecIT_E12storage_typeEmiPd
    0 bytes stack frame, 0 bytes spill stores, 0 bytes spill loads
ptxas info    : Used 28 registers, used 0 barriers
ptxas info    : Compile time = 6.160 ms
ptxas info    : Compiling entry function '_ZN3aut11performance15register_decodeINS_7storage5e1m14ELi1EEEvPKNS2_5codecIT_E12storage_typeEmiPd' for 'sm_90'
ptxas info    : Function properties for _ZN3aut11performance15register_decodeINS_7storage5e1m14ELi1EEEvPKNS2_5codecIT_E12storage_typeEmiPd
    0 bytes stack frame, 0 bytes spill stores, 0 bytes spill loads
ptxas info    : Used 19 registers, used 0 barriers
ptxas info    : Compile time = 5.236 ms
ptxas info    : Compiling entry function '_ZN3aut11performance18stream_load_decodeINS_7storage8fp8_e5m2ELi4EEEvPKNS2_5codecIT_E12storage_typeEmPd' for 'sm_90'
ptxas info    : Function properties for _ZN3aut11performance18stream_load_decodeINS_7storage8fp8_e5m2ELi4EEEvPKNS2_5codecIT_E12storage_typeEmPd
    0 bytes stack frame, 0 bytes spill stores, 0 bytes spill loads
ptxas info    : Used 30 registers, used 1 barriers, 80 bytes smem
ptxas info    : Compile time = 4.226 ms
ptxas info    : Compiling entry function '_ZN3aut11performance18stream_load_decodeINS_7storage8fp8_e5m2ELi2EEEvPKNS2_5codecIT_E12storage_typeEmPd' for 'sm_90'
ptxas info    : Function properties for _ZN3aut11performance18stream_load_decodeINS_7storage8fp8_e5m2ELi2EEEvPKNS2_5codecIT_E12storage_typeEmPd
    0 bytes stack frame, 0 bytes spill stores, 0 bytes spill loads
ptxas info    : Used 24 registers, used 1 barriers, 80 bytes smem
ptxas info    : Compile time = 3.957 ms
ptxas info    : Compiling entry function '_ZN3aut11performance18stream_load_decodeINS_7storage8fp8_e5m2ELi1EEEvPKNS2_5codecIT_E12storage_typeEmPd' for 'sm_90'
ptxas info    : Function properties for _ZN3aut11performance18stream_load_decodeINS_7storage8fp8_e5m2ELi1EEEvPKNS2_5codecIT_E12storage_typeEmPd
    0 bytes stack frame, 0 bytes spill stores, 0 bytes spill loads
ptxas info    : Used 20 registers, used 1 barriers, 80 bytes smem
ptxas info    : Compile time = 3.752 ms
ptxas info    : Compiling entry function '_ZN3aut11performance11stream_loadINS_7storage8fp8_e5m2ELi4EEEvPKNS2_5codecIT_E12storage_typeEmPy' for 'sm_90'
ptxas info    : Function properties for _ZN3aut11performance11stream_loadINS_7storage8fp8_e5m2ELi4EEEvPKNS2_5codecIT_E12storage_typeEmPy
    0 bytes stack frame, 0 bytes spill stores, 0 bytes spill loads
ptxas info    : Used 22 registers, used 1 barriers, 80 bytes smem
ptxas info    : Compile time = 3.965 ms
ptxas info    : Compiling entry function '_ZN3aut11performance11stream_loadINS_7storage8fp8_e5m2ELi2EEEvPKNS2_5codecIT_E12storage_typeEmPy' for 'sm_90'
ptxas info    : Function properties for _ZN3aut11performance11stream_loadINS_7storage8fp8_e5m2ELi2EEEvPKNS2_5codecIT_E12storage_typeEmPy
    0 bytes stack frame, 0 bytes spill stores, 0 bytes spill loads
ptxas info    : Used 22 registers, used 1 barriers, 80 bytes smem
ptxas info    : Compile time = 3.818 ms
ptxas info    : Compiling entry function '_ZN3aut11performance11stream_loadINS_7storage8fp8_e5m2ELi1EEEvPKNS2_5codecIT_E12storage_typeEmPy' for 'sm_90'
ptxas info    : Function properties for _ZN3aut11performance11stream_loadINS_7storage8fp8_e5m2ELi1EEEvPKNS2_5codecIT_E12storage_typeEmPy
    0 bytes stack frame, 0 bytes spill stores, 0 bytes spill loads
ptxas info    : Used 22 registers, used 1 barriers, 80 bytes smem
ptxas info    : Compile time = 3.706 ms
ptxas info    : Compiling entry function '_ZN3aut11performance15register_decodeINS_7storage8fp8_e5m2ELi4EEEvPKNS2_5codecIT_E12storage_typeEmiPd' for 'sm_90'
ptxas info    : Function properties for _ZN3aut11performance15register_decodeINS_7storage8fp8_e5m2ELi4EEEvPKNS2_5codecIT_E12storage_typeEmiPd
    0 bytes stack frame, 0 bytes spill stores, 0 bytes spill loads
ptxas info    : Used 23 registers, used 0 barriers
ptxas info    : Compile time = 4.778 ms
ptxas info    : Compiling entry function '_ZN3aut11performance15register_decodeINS_7storage8fp8_e5m2ELi2EEEvPKNS2_5codecIT_E12storage_typeEmiPd' for 'sm_90'
ptxas info    : Function properties for _ZN3aut11performance15register_decodeINS_7storage8fp8_e5m2ELi2EEEvPKNS2_5codecIT_E12storage_typeEmiPd
    0 bytes stack frame, 0 bytes spill stores, 0 bytes spill loads
ptxas info    : Used 20 registers, used 0 barriers
ptxas info    : Compile time = 4.394 ms
ptxas info    : Compiling entry function '_ZN3aut11performance15register_decodeINS_7storage8fp8_e5m2ELi1EEEvPKNS2_5codecIT_E12storage_typeEmiPd' for 'sm_90'
ptxas info    : Function properties for _ZN3aut11performance15register_decodeINS_7storage8fp8_e5m2ELi1EEEvPKNS2_5codecIT_E12storage_typeEmiPd
    0 bytes stack frame, 0 bytes spill stores, 0 bytes spill loads
ptxas info    : Used 18 registers, used 0 barriers
ptxas info    : Compile time = 4.215 ms
ptxas info    : Compiling entry function '_ZN3aut11performance18stream_load_decodeINS_7storage8fp8_e4m3ELi4EEEvPKNS2_5codecIT_E12storage_typeEmPd' for 'sm_90'
ptxas info    : Function properties for _ZN3aut11performance18stream_load_decodeINS_7storage8fp8_e4m3ELi4EEEvPKNS2_5codecIT_E12storage_typeEmPd
    0 bytes stack frame, 0 bytes spill stores, 0 bytes spill loads
ptxas info    : Used 30 registers, used 1 barriers, 80 bytes smem
ptxas info    : Compile time = 4.252 ms
ptxas info    : Compiling entry function '_ZN3aut11performance18stream_load_decodeINS_7storage8fp8_e4m3ELi2EEEvPKNS2_5codecIT_E12storage_typeEmPd' for 'sm_90'
ptxas info    : Function properties for _ZN3aut11performance18stream_load_decodeINS_7storage8fp8_e4m3ELi2EEEvPKNS2_5codecIT_E12storage_typeEmPd
    0 bytes stack frame, 0 bytes spill stores, 0 bytes spill loads
ptxas info    : Used 24 registers, used 1 barriers, 80 bytes smem
ptxas info    : Compile time = 4.059 ms
ptxas info    : Compiling entry function '_ZN3aut11performance18stream_load_decodeINS_7storage8fp8_e4m3ELi1EEEvPKNS2_5codecIT_E12storage_typeEmPd' for 'sm_90'
ptxas info    : Function properties for _ZN3aut11performance18stream_load_decodeINS_7storage8fp8_e4m3ELi1EEEvPKNS2_5codecIT_E12storage_typeEmPd
    0 bytes stack frame, 0 bytes spill stores, 0 bytes spill loads
ptxas info    : Used 20 registers, used 1 barriers, 80 bytes smem
ptxas info    : Compile time = 3.750 ms
ptxas info    : Compiling entry function '_ZN3aut11performance11stream_loadINS_7storage8fp8_e4m3ELi4EEEvPKNS2_5codecIT_E12storage_typeEmPy' for 'sm_90'
ptxas info    : Function properties for _ZN3aut11performance11stream_loadINS_7storage8fp8_e4m3ELi4EEEvPKNS2_5codecIT_E12storage_typeEmPy
    0 bytes stack frame, 0 bytes spill stores, 0 bytes spill loads
ptxas info    : Used 22 registers, used 1 barriers, 80 bytes smem
ptxas info    : Compile time = 3.961 ms
ptxas info    : Compiling entry function '_ZN3aut11performance11stream_loadINS_7storage8fp8_e4m3ELi2EEEvPKNS2_5codecIT_E12storage_typeEmPy' for 'sm_90'
ptxas info    : Function properties for _ZN3aut11performance11stream_loadINS_7storage8fp8_e4m3ELi2EEEvPKNS2_5codecIT_E12storage_typeEmPy
    0 bytes stack frame, 0 bytes spill stores, 0 bytes spill loads
ptxas info    : Used 22 registers, used 1 barriers, 80 bytes smem
ptxas info    : Compile time = 3.823 ms
ptxas info    : Compiling entry function '_ZN3aut11performance11stream_loadINS_7storage8fp8_e4m3ELi1EEEvPKNS2_5codecIT_E12storage_typeEmPy' for 'sm_90'
ptxas info    : Function properties for _ZN3aut11performance11stream_loadINS_7storage8fp8_e4m3ELi1EEEvPKNS2_5codecIT_E12storage_typeEmPy
    0 bytes stack frame, 0 bytes spill stores, 0 bytes spill loads
ptxas info    : Used 22 registers, used 1 barriers, 80 bytes smem
ptxas info    : Compile time = 3.626 ms
ptxas info    : Compiling entry function '_ZN3aut11performance15register_decodeINS_7storage8fp8_e4m3ELi4EEEvPKNS2_5codecIT_E12storage_typeEmiPd' for 'sm_90'
ptxas info    : Function properties for _ZN3aut11performance15register_decodeINS_7storage8fp8_e4m3ELi4EEEvPKNS2_5codecIT_E12storage_typeEmiPd
    0 bytes stack frame, 0 bytes spill stores, 0 bytes spill loads
ptxas info    : Used 23 registers, used 0 barriers
ptxas info    : Compile time = 4.813 ms
ptxas info    : Compiling entry function '_ZN3aut11performance15register_decodeINS_7storage8fp8_e4m3ELi2EEEvPKNS2_5codecIT_E12storage_typeEmiPd' for 'sm_90'
ptxas info    : Function properties for _ZN3aut11performance15register_decodeINS_7storage8fp8_e4m3ELi2EEEvPKNS2_5codecIT_E12storage_typeEmiPd
    0 bytes stack frame, 0 bytes spill stores, 0 bytes spill loads
ptxas info    : Used 20 registers, used 0 barriers
ptxas info    : Compile time = 4.399 ms
ptxas info    : Compiling entry function '_ZN3aut11performance15register_decodeINS_7storage8fp8_e4m3ELi1EEEvPKNS2_5codecIT_E12storage_typeEmiPd' for 'sm_90'
ptxas info    : Function properties for _ZN3aut11performance15register_decodeINS_7storage8fp8_e4m3ELi1EEEvPKNS2_5codecIT_E12storage_typeEmiPd
    0 bytes stack frame, 0 bytes spill stores, 0 bytes spill loads
ptxas info    : Used 18 registers, used 0 barriers
ptxas info    : Compile time = 4.240 ms
ptxas info    : Compiling entry function '_ZN3aut11performance18stream_load_decodeINS_7storage4e3m4ELi4EEEvPKNS2_5codecIT_E12storage_typeEmPd' for 'sm_90'
ptxas info    : Function properties for _ZN3aut11performance18stream_load_decodeINS_7storage4e3m4ELi4EEEvPKNS2_5codecIT_E12storage_typeEmPd
    0 bytes stack frame, 0 bytes spill stores, 0 bytes spill loads
ptxas info    : Used 32 registers, used 1 barriers, 80 bytes smem
ptxas info    : Compile time = 7.836 ms
ptxas info    : Compiling entry function '_ZN3aut11performance18stream_load_decodeINS_7storage4e3m4ELi2EEEvPKNS2_5codecIT_E12storage_typeEmPd' for 'sm_90'
ptxas info    : Function properties for _ZN3aut11performance18stream_load_decodeINS_7storage4e3m4ELi2EEEvPKNS2_5codecIT_E12storage_typeEmPd
    0 bytes stack frame, 0 bytes spill stores, 0 bytes spill loads
ptxas info    : Used 26 registers, used 1 barriers, 80 bytes smem
ptxas info    : Compile time = 6.287 ms
ptxas info    : Compiling entry function '_ZN3aut11performance18stream_load_decodeINS_7storage4e3m4ELi1EEEvPKNS2_5codecIT_E12storage_typeEmPd' for 'sm_90'
ptxas info    : Function properties for _ZN3aut11performance18stream_load_decodeINS_7storage4e3m4ELi1EEEvPKNS2_5codecIT_E12storage_typeEmPd
    0 bytes stack frame, 0 bytes spill stores, 0 bytes spill loads
ptxas info    : Used 26 registers, used 1 barriers, 80 bytes smem
ptxas info    : Compile time = 5.411 ms
ptxas info    : Compiling entry function '_ZN3aut11performance11stream_loadINS_7storage4e3m4ELi4EEEvPKNS2_5codecIT_E12storage_typeEmPy' for 'sm_90'
ptxas info    : Function properties for _ZN3aut11performance11stream_loadINS_7storage4e3m4ELi4EEEvPKNS2_5codecIT_E12storage_typeEmPy
    0 bytes stack frame, 0 bytes spill stores, 0 bytes spill loads
ptxas info    : Used 22 registers, used 1 barriers, 80 bytes smem
ptxas info    : Compile time = 3.945 ms
ptxas info    : Compiling entry function '_ZN3aut11performance11stream_loadINS_7storage4e3m4ELi2EEEvPKNS2_5codecIT_E12storage_typeEmPy' for 'sm_90'
ptxas info    : Function properties for _ZN3aut11performance11stream_loadINS_7storage4e3m4ELi2EEEvPKNS2_5codecIT_E12storage_typeEmPy
    0 bytes stack frame, 0 bytes spill stores, 0 bytes spill loads
ptxas info    : Used 22 registers, used 1 barriers, 80 bytes smem
ptxas info    : Compile time = 3.801 ms
ptxas info    : Compiling entry function '_ZN3aut11performance11stream_loadINS_7storage4e3m4ELi1EEEvPKNS2_5codecIT_E12storage_typeEmPy' for 'sm_90'
ptxas info    : Function properties for _ZN3aut11performance11stream_loadINS_7storage4e3m4ELi1EEEvPKNS2_5codecIT_E12storage_typeEmPy
    0 bytes stack frame, 0 bytes spill stores, 0 bytes spill loads
ptxas info    : Used 22 registers, used 1 barriers, 80 bytes smem
ptxas info    : Compile time = 3.629 ms
ptxas info    : Compiling entry function '_ZN3aut11performance15register_decodeINS_7storage4e3m4ELi4EEEvPKNS2_5codecIT_E12storage_typeEmiPd' for 'sm_90'
ptxas info    : Function properties for _ZN3aut11performance15register_decodeINS_7storage4e3m4ELi4EEEvPKNS2_5codecIT_E12storage_typeEmiPd
    0 bytes stack frame, 0 bytes spill stores, 0 bytes spill loads
ptxas info    : Used 32 registers, used 0 barriers
ptxas info    : Compile time = 8.066 ms
ptxas info    : Compiling entry function '_ZN3aut11performance15register_decodeINS_7storage4e3m4ELi2EEEvPKNS2_5codecIT_E12storage_typeEmiPd' for 'sm_90'
ptxas info    : Function properties for _ZN3aut11performance15register_decodeINS_7storage4e3m4ELi2EEEvPKNS2_5codecIT_E12storage_typeEmiPd
    0 bytes stack frame, 0 bytes spill stores, 0 bytes spill loads
ptxas info    : Used 26 registers, used 0 barriers
ptxas info    : Compile time = 6.381 ms
ptxas info    : Compiling entry function '_ZN3aut11performance15register_decodeINS_7storage4e3m4ELi1EEEvPKNS2_5codecIT_E12storage_typeEmiPd' for 'sm_90'
ptxas info    : Function properties for _ZN3aut11performance15register_decodeINS_7storage4e3m4ELi1EEEvPKNS2_5codecIT_E12storage_typeEmiPd
    0 bytes stack frame, 0 bytes spill stores, 0 bytes spill loads
ptxas info    : Used 20 registers, used 0 barriers
ptxas info    : Compile time = 5.397 ms
ptxas info    : Compiling entry function '_ZN3aut11performance18stream_load_decodeINS_7storage4e2m5ELi4EEEvPKNS2_5codecIT_E12storage_typeEmPd' for 'sm_90'
ptxas info    : Function properties for _ZN3aut11performance18stream_load_decodeINS_7storage4e2m5ELi4EEEvPKNS2_5codecIT_E12storage_typeEmPd
    0 bytes stack frame, 0 bytes spill stores, 0 bytes spill loads
ptxas info    : Used 32 registers, used 1 barriers, 80 bytes smem
ptxas info    : Compile time = 7.707 ms
ptxas info    : Compiling entry function '_ZN3aut11performance18stream_load_decodeINS_7storage4e2m5ELi2EEEvPKNS2_5codecIT_E12storage_typeEmPd' for 'sm_90'
ptxas info    : Function properties for _ZN3aut11performance18stream_load_decodeINS_7storage4e2m5ELi2EEEvPKNS2_5codecIT_E12storage_typeEmPd
    0 bytes stack frame, 0 bytes spill stores, 0 bytes spill loads
ptxas info    : Used 26 registers, used 1 barriers, 80 bytes smem
ptxas info    : Compile time = 6.250 ms
ptxas info    : Compiling entry function '_ZN3aut11performance18stream_load_decodeINS_7storage4e2m5ELi1EEEvPKNS2_5codecIT_E12storage_typeEmPd' for 'sm_90'
ptxas info    : Function properties for _ZN3aut11performance18stream_load_decodeINS_7storage4e2m5ELi1EEEvPKNS2_5codecIT_E12storage_typeEmPd
    0 bytes stack frame, 0 bytes spill stores, 0 bytes spill loads
ptxas info    : Used 26 registers, used 1 barriers, 80 bytes smem
ptxas info    : Compile time = 5.435 ms
ptxas info    : Compiling entry function '_ZN3aut11performance11stream_loadINS_7storage4e2m5ELi4EEEvPKNS2_5codecIT_E12storage_typeEmPy' for 'sm_90'
ptxas info    : Function properties for _ZN3aut11performance11stream_loadINS_7storage4e2m5ELi4EEEvPKNS2_5codecIT_E12storage_typeEmPy
    0 bytes stack frame, 0 bytes spill stores, 0 bytes spill loads
ptxas info    : Used 22 registers, used 1 barriers, 80 bytes smem
ptxas info    : Compile time = 3.974 ms
ptxas info    : Compiling entry function '_ZN3aut11performance11stream_loadINS_7storage4e2m5ELi2EEEvPKNS2_5codecIT_E12storage_typeEmPy' for 'sm_90'
ptxas info    : Function properties for _ZN3aut11performance11stream_loadINS_7storage4e2m5ELi2EEEvPKNS2_5codecIT_E12storage_typeEmPy
    0 bytes stack frame, 0 bytes spill stores, 0 bytes spill loads
ptxas info    : Used 22 registers, used 1 barriers, 80 bytes smem
ptxas info    : Compile time = 3.827 ms
ptxas info    : Compiling entry function '_ZN3aut11performance11stream_loadINS_7storage4e2m5ELi1EEEvPKNS2_5codecIT_E12storage_typeEmPy' for 'sm_90'
ptxas info    : Function properties for _ZN3aut11performance11stream_loadINS_7storage4e2m5ELi1EEEvPKNS2_5codecIT_E12storage_typeEmPy
    0 bytes stack frame, 0 bytes spill stores, 0 bytes spill loads
ptxas info    : Used 22 registers, used 1 barriers, 80 bytes smem
ptxas info    : Compile time = 3.620 ms
ptxas info    : Compiling entry function '_ZN3aut11performance15register_decodeINS_7storage4e2m5ELi4EEEvPKNS2_5codecIT_E12storage_typeEmiPd' for 'sm_90'
ptxas info    : Function properties for _ZN3aut11performance15register_decodeINS_7storage4e2m5ELi4EEEvPKNS2_5codecIT_E12storage_typeEmiPd
    0 bytes stack frame, 0 bytes spill stores, 0 bytes spill loads
ptxas info    : Used 32 registers, used 0 barriers
ptxas info    : Compile time = 8.055 ms
ptxas info    : Compiling entry function '_ZN3aut11performance15register_decodeINS_7storage4e2m5ELi2EEEvPKNS2_5codecIT_E12storage_typeEmiPd' for 'sm_90'
ptxas info    : Function properties for _ZN3aut11performance15register_decodeINS_7storage4e2m5ELi2EEEvPKNS2_5codecIT_E12storage_typeEmiPd
    0 bytes stack frame, 0 bytes spill stores, 0 bytes spill loads
ptxas info    : Used 26 registers, used 0 barriers
ptxas info    : Compile time = 6.368 ms
ptxas info    : Compiling entry function '_ZN3aut11performance15register_decodeINS_7storage4e2m5ELi1EEEvPKNS2_5codecIT_E12storage_typeEmiPd' for 'sm_90'
ptxas info    : Function properties for _ZN3aut11performance15register_decodeINS_7storage4e2m5ELi1EEEvPKNS2_5codecIT_E12storage_typeEmiPd
    0 bytes stack frame, 0 bytes spill stores, 0 bytes spill loads
ptxas info    : Used 20 registers, used 0 barriers
ptxas info    : Compile time = 5.487 ms
ptxas info    : Compiling entry function '_ZN3aut11performance18stream_load_decodeINS_7storage4e1m6ELi4EEEvPKNS2_5codecIT_E12storage_typeEmPd' for 'sm_90'
ptxas info    : Function properties for _ZN3aut11performance18stream_load_decodeINS_7storage4e1m6ELi4EEEvPKNS2_5codecIT_E12storage_typeEmPd
    0 bytes stack frame, 0 bytes spill stores, 0 bytes spill loads
ptxas info    : Used 32 registers, used 1 barriers, 80 bytes smem
ptxas info    : Compile time = 7.382 ms
ptxas info    : Compiling entry function '_ZN3aut11performance18stream_load_decodeINS_7storage4e1m6ELi2EEEvPKNS2_5codecIT_E12storage_typeEmPd' for 'sm_90'
ptxas info    : Function properties for _ZN3aut11performance18stream_load_decodeINS_7storage4e1m6ELi2EEEvPKNS2_5codecIT_E12storage_typeEmPd
    0 bytes stack frame, 0 bytes spill stores, 0 bytes spill loads
ptxas info    : Used 29 registers, used 1 barriers, 80 bytes smem
ptxas info    : Compile time = 6.007 ms
ptxas info    : Compiling entry function '_ZN3aut11performance18stream_load_decodeINS_7storage4e1m6ELi1EEEvPKNS2_5codecIT_E12storage_typeEmPd' for 'sm_90'
ptxas info    : Function properties for _ZN3aut11performance18stream_load_decodeINS_7storage4e1m6ELi1EEEvPKNS2_5codecIT_E12storage_typeEmPd
    0 bytes stack frame, 0 bytes spill stores, 0 bytes spill loads
ptxas info    : Used 26 registers, used 1 barriers, 80 bytes smem
ptxas info    : Compile time = 5.193 ms
ptxas info    : Compiling entry function '_ZN3aut11performance11stream_loadINS_7storage4e1m6ELi4EEEvPKNS2_5codecIT_E12storage_typeEmPy' for 'sm_90'
ptxas info    : Function properties for _ZN3aut11performance11stream_loadINS_7storage4e1m6ELi4EEEvPKNS2_5codecIT_E12storage_typeEmPy
    0 bytes stack frame, 0 bytes spill stores, 0 bytes spill loads
ptxas info    : Used 22 registers, used 1 barriers, 80 bytes smem
ptxas info    : Compile time = 3.962 ms
ptxas info    : Compiling entry function '_ZN3aut11performance11stream_loadINS_7storage4e1m6ELi2EEEvPKNS2_5codecIT_E12storage_typeEmPy' for 'sm_90'
ptxas info    : Function properties for _ZN3aut11performance11stream_loadINS_7storage4e1m6ELi2EEEvPKNS2_5codecIT_E12storage_typeEmPy
    0 bytes stack frame, 0 bytes spill stores, 0 bytes spill loads
ptxas info    : Used 22 registers, used 1 barriers, 80 bytes smem
ptxas info    : Compile time = 3.827 ms
ptxas info    : Compiling entry function '_ZN3aut11performance11stream_loadINS_7storage4e1m6ELi1EEEvPKNS2_5codecIT_E12storage_typeEmPy' for 'sm_90'
ptxas info    : Function properties for _ZN3aut11performance11stream_loadINS_7storage4e1m6ELi1EEEvPKNS2_5codecIT_E12storage_typeEmPy
    0 bytes stack frame, 0 bytes spill stores, 0 bytes spill loads
ptxas info    : Used 22 registers, used 1 barriers, 80 bytes smem
ptxas info    : Compile time = 3.666 ms
ptxas info    : Compiling entry function '_ZN3aut11performance15register_decodeINS_7storage4e1m6ELi4EEEvPKNS2_5codecIT_E12storage_typeEmiPd' for 'sm_90'
ptxas info    : Function properties for _ZN3aut11performance15register_decodeINS_7storage4e1m6ELi4EEEvPKNS2_5codecIT_E12storage_typeEmiPd
    0 bytes stack frame, 0 bytes spill stores, 0 bytes spill loads
ptxas info    : Used 32 registers, used 0 barriers
ptxas info    : Compile time = 7.625 ms
ptxas info    : Compiling entry function '_ZN3aut11performance15register_decodeINS_7storage4e1m6ELi2EEEvPKNS2_5codecIT_E12storage_typeEmiPd' for 'sm_90'
ptxas info    : Function properties for _ZN3aut11performance15register_decodeINS_7storage4e1m6ELi2EEEvPKNS2_5codecIT_E12storage_typeEmiPd
    0 bytes stack frame, 0 bytes spill stores, 0 bytes spill loads
ptxas info    : Used 28 registers, used 0 barriers
ptxas info    : Compile time = 6.168 ms
ptxas info    : Compiling entry function '_ZN3aut11performance15register_decodeINS_7storage4e1m6ELi1EEEvPKNS2_5codecIT_E12storage_typeEmiPd' for 'sm_90'
ptxas info    : Function properties for _ZN3aut11performance15register_decodeINS_7storage4e1m6ELi1EEEvPKNS2_5codecIT_E12storage_typeEmiPd
    0 bytes stack frame, 0 bytes spill stores, 0 bytes spill loads
ptxas info    : Used 19 registers, used 0 barriers
ptxas info    : Compile time = 5.285 ms
ptxas info    : Compiling entry function '_ZN3aut7kernels12storage_gemvINS_7storage11fp64_e11m52ELi4EEEvPKNS2_5codecIT_E12storage_typeES9_mmmPd' for 'sm_90'
ptxas info    : Function properties for _ZN3aut7kernels12storage_gemvINS_7storage11fp64_e11m52ELi4EEEvPKNS2_5codecIT_E12storage_typeES9_mmmPd
    0 bytes stack frame, 0 bytes spill stores, 0 bytes spill loads
ptxas info    : Used 32 registers, used 1 barriers, 80 bytes smem
ptxas info    : Compile time = 4.511 ms
ptxas info    : Compiling entry function '_ZN3aut7kernels12storage_gemvINS_7storage11fp64_e11m52ELi2EEEvPKNS2_5codecIT_E12storage_typeES9_mmmPd' for 'sm_90'
ptxas info    : Function properties for _ZN3aut7kernels12storage_gemvINS_7storage11fp64_e11m52ELi2EEEvPKNS2_5codecIT_E12storage_typeES9_mmmPd
    0 bytes stack frame, 0 bytes spill stores, 0 bytes spill loads
ptxas info    : Used 21 registers, used 1 barriers, 80 bytes smem
ptxas info    : Compile time = 4.245 ms
ptxas info    : Compiling entry function '_ZN3aut7kernels12storage_gemvINS_7storage11fp64_e11m52ELi1EEEvPKNS2_5codecIT_E12storage_typeES9_mmmPd' for 'sm_90'
ptxas info    : Function properties for _ZN3aut7kernels12storage_gemvINS_7storage11fp64_e11m52ELi1EEEvPKNS2_5codecIT_E12storage_typeES9_mmmPd
    0 bytes stack frame, 0 bytes spill stores, 0 bytes spill loads
ptxas info    : Used 21 registers, used 1 barriers, 80 bytes smem
ptxas info    : Compile time = 4.012 ms
ptxas info    : Compiling entry function '_ZN3aut7kernels22storage_dot_map_reduceINS_7storage11fp64_e11m52ELi4EEEvPKNS2_5codecIT_E12storage_typeES9_mPd' for 'sm_90'
ptxas info    : Function properties for _ZN3aut7kernels22storage_dot_map_reduceINS_7storage11fp64_e11m52ELi4EEEvPKNS2_5codecIT_E12storage_typeES9_mPd
    0 bytes stack frame, 0 bytes spill stores, 0 bytes spill loads
ptxas info    : Used 38 registers, used 1 barriers, 80 bytes smem
ptxas info    : Compile time = 4.331 ms
ptxas info    : Compiling entry function '_ZN3aut7kernels22storage_dot_map_reduceINS_7storage11fp64_e11m52ELi2EEEvPKNS2_5codecIT_E12storage_typeES9_mPd' for 'sm_90'
ptxas info    : Function properties for _ZN3aut7kernels22storage_dot_map_reduceINS_7storage11fp64_e11m52ELi2EEEvPKNS2_5codecIT_E12storage_typeES9_mPd
    0 bytes stack frame, 0 bytes spill stores, 0 bytes spill loads
ptxas info    : Used 26 registers, used 1 barriers, 80 bytes smem
ptxas info    : Compile time = 4.009 ms
ptxas info    : Compiling entry function '_ZN3aut7kernels22storage_dot_map_reduceINS_7storage11fp64_e11m52ELi1EEEvPKNS2_5codecIT_E12storage_typeES9_mPd' for 'sm_90'
ptxas info    : Function properties for _ZN3aut7kernels22storage_dot_map_reduceINS_7storage11fp64_e11m52ELi1EEEvPKNS2_5codecIT_E12storage_typeES9_mPd
    0 bytes stack frame, 0 bytes spill stores, 0 bytes spill loads
ptxas info    : Used 22 registers, used 1 barriers, 80 bytes smem
ptxas info    : Compile time = 3.819 ms
ptxas info    : Compiling entry function '_ZN3aut7kernels12storage_gemvINS_7storage6e11m20ELi4EEEvPKNS2_5codecIT_E12storage_typeES9_mmmPd' for 'sm_90'
ptxas info    : Function properties for _ZN3aut7kernels12storage_gemvINS_7storage6e11m20ELi4EEEvPKNS2_5codecIT_E12storage_typeES9_mmmPd
    0 bytes stack frame, 0 bytes spill stores, 0 bytes spill loads
ptxas info    : Used 28 registers, used 1 barriers, 80 bytes smem
ptxas info    : Compile time = 4.700 ms
ptxas info    : Compiling entry function '_ZN3aut7kernels12storage_gemvINS_7storage6e11m20ELi2EEEvPKNS2_5codecIT_E12storage_typeES9_mmmPd' for 'sm_90'
ptxas info    : Function properties for _ZN3aut7kernels12storage_gemvINS_7storage6e11m20ELi2EEEvPKNS2_5codecIT_E12storage_typeES9_mmmPd
    0 bytes stack frame, 0 bytes spill stores, 0 bytes spill loads
ptxas info    : Used 22 registers, used 1 barriers, 80 bytes smem
ptxas info    : Compile time = 4.414 ms
ptxas info    : Compiling entry function '_ZN3aut7kernels12storage_gemvINS_7storage6e11m20ELi1EEEvPKNS2_5codecIT_E12storage_typeES9_mmmPd' for 'sm_90'
ptxas info    : Function properties for _ZN3aut7kernels12storage_gemvINS_7storage6e11m20ELi1EEEvPKNS2_5codecIT_E12storage_typeES9_mmmPd
    0 bytes stack frame, 0 bytes spill stores, 0 bytes spill loads
ptxas info    : Used 21 registers, used 1 barriers, 80 bytes smem
ptxas info    : Compile time = 4.118 ms
ptxas info    : Compiling entry function '_ZN3aut7kernels22storage_dot_map_reduceINS_7storage6e11m20ELi4EEEvPKNS2_5codecIT_E12storage_typeES9_mPd' for 'sm_90'
ptxas info    : Function properties for _ZN3aut7kernels22storage_dot_map_reduceINS_7storage6e11m20ELi4EEEvPKNS2_5codecIT_E12storage_typeES9_mPd
    0 bytes stack frame, 0 bytes spill stores, 0 bytes spill loads
ptxas info    : Used 29 registers, used 1 barriers, 80 bytes smem
ptxas info    : Compile time = 4.510 ms
ptxas info    : Compiling entry function '_ZN3aut7kernels22storage_dot_map_reduceINS_7storage6e11m20ELi2EEEvPKNS2_5codecIT_E12storage_typeES9_mPd' for 'sm_90'
ptxas info    : Function properties for _ZN3aut7kernels22storage_dot_map_reduceINS_7storage6e11m20ELi2EEEvPKNS2_5codecIT_E12storage_typeES9_mPd
    0 bytes stack frame, 0 bytes spill stores, 0 bytes spill loads
ptxas info    : Used 24 registers, used 1 barriers, 80 bytes smem
ptxas info    : Compile time = 4.187 ms
ptxas info    : Compiling entry function '_ZN3aut7kernels22storage_dot_map_reduceINS_7storage6e11m20ELi1EEEvPKNS2_5codecIT_E12storage_typeES9_mPd' for 'sm_90'
ptxas info    : Function properties for _ZN3aut7kernels22storage_dot_map_reduceINS_7storage6e11m20ELi1EEEvPKNS2_5codecIT_E12storage_typeES9_mPd
    0 bytes stack frame, 0 bytes spill stores, 0 bytes spill loads
ptxas info    : Used 22 registers, used 1 barriers, 80 bytes smem
ptxas info    : Compile time = 3.922 ms
ptxas info    : Compiling entry function '_ZN3aut7kernels12storage_gemvINS_7storage10fp32_e8m23ELi4EEEvPKNS2_5codecIT_E12storage_typeES9_mmmPd' for 'sm_90'
ptxas info    : Function properties for _ZN3aut7kernels12storage_gemvINS_7storage10fp32_e8m23ELi4EEEvPKNS2_5codecIT_E12storage_typeES9_mmmPd
    0 bytes stack frame, 0 bytes spill stores, 0 bytes spill loads
ptxas info    : Used 32 registers, used 1 barriers, 80 bytes smem
ptxas info    : Compile time = 4.672 ms
ptxas info    : Compiling entry function '_ZN3aut7kernels12storage_gemvINS_7storage10fp32_e8m23ELi2EEEvPKNS2_5codecIT_E12storage_typeES9_mmmPd' for 'sm_90'
ptxas info    : Function properties for _ZN3aut7kernels12storage_gemvINS_7storage10fp32_e8m23ELi2EEEvPKNS2_5codecIT_E12storage_typeES9_mmmPd
    0 bytes stack frame, 0 bytes spill stores, 0 bytes spill loads
ptxas info    : Used 26 registers, used 1 barriers, 80 bytes smem
ptxas info    : Compile time = 4.386 ms
ptxas info    : Compiling entry function '_ZN3aut7kernels12storage_gemvINS_7storage10fp32_e8m23ELi1EEEvPKNS2_5codecIT_E12storage_typeES9_mmmPd' for 'sm_90'
ptxas info    : Function properties for _ZN3aut7kernels12storage_gemvINS_7storage10fp32_e8m23ELi1EEEvPKNS2_5codecIT_E12storage_typeES9_mmmPd
    0 bytes stack frame, 0 bytes spill stores, 0 bytes spill loads
ptxas info    : Used 23 registers, used 1 barriers, 80 bytes smem
ptxas info    : Compile time = 4.102 ms
ptxas info    : Compiling entry function '_ZN3aut7kernels22storage_dot_map_reduceINS_7storage10fp32_e8m23ELi4EEEvPKNS2_5codecIT_E12storage_typeES9_mPd' for 'sm_90'
ptxas info    : Function properties for _ZN3aut7kernels22storage_dot_map_reduceINS_7storage10fp32_e8m23ELi4EEEvPKNS2_5codecIT_E12storage_typeES9_mPd
    0 bytes stack frame, 0 bytes spill stores, 0 bytes spill loads
ptxas info    : Used 32 registers, used 1 barriers, 80 bytes smem
ptxas info    : Compile time = 4.484 ms
ptxas info    : Compiling entry function '_ZN3aut7kernels22storage_dot_map_reduceINS_7storage10fp32_e8m23ELi2EEEvPKNS2_5codecIT_E12storage_typeES9_mPd' for 'sm_90'
ptxas info    : Function properties for _ZN3aut7kernels22storage_dot_map_reduceINS_7storage10fp32_e8m23ELi2EEEvPKNS2_5codecIT_E12storage_typeES9_mPd
    0 bytes stack frame, 0 bytes spill stores, 0 bytes spill loads
ptxas info    : Used 28 registers, used 1 barriers, 80 bytes smem
ptxas info    : Compile time = 4.174 ms
ptxas info    : Compiling entry function '_ZN3aut7kernels22storage_dot_map_reduceINS_7storage10fp32_e8m23ELi1EEEvPKNS2_5codecIT_E12storage_typeES9_mPd' for 'sm_90'
ptxas info    : Function properties for _ZN3aut7kernels22storage_dot_map_reduceINS_7storage10fp32_e8m23ELi1EEEvPKNS2_5codecIT_E12storage_typeES9_mPd
    0 bytes stack frame, 0 bytes spill stores, 0 bytes spill loads
ptxas info    : Used 26 registers, used 1 barriers, 80 bytes smem
ptxas info    : Compile time = 3.922 ms
ptxas info    : Compiling entry function '_ZN3aut7kernels12storage_gemvINS_7storage5e3m28ELi4EEEvPKNS2_5codecIT_E12storage_typeES9_mmmPd' for 'sm_90'
ptxas info    : Function properties for _ZN3aut7kernels12storage_gemvINS_7storage5e3m28ELi4EEEvPKNS2_5codecIT_E12storage_typeES9_mmmPd
    0 bytes stack frame, 0 bytes spill stores, 0 bytes spill loads
ptxas info    : Used 37 registers, used 1 barriers, 80 bytes smem
ptxas info    : Compile time = 12.035 ms
ptxas info    : Compiling entry function '_ZN3aut7kernels12storage_gemvINS_7storage5e3m28ELi2EEEvPKNS2_5codecIT_E12storage_typeES9_mmmPd' for 'sm_90'
ptxas info    : Function properties for _ZN3aut7kernels12storage_gemvINS_7storage5e3m28ELi2EEEvPKNS2_5codecIT_E12storage_typeES9_mmmPd
    0 bytes stack frame, 0 bytes spill stores, 0 bytes spill loads
ptxas info    : Used 27 registers, used 1 barriers, 80 bytes smem
ptxas info    : Compile time = 8.837 ms
ptxas info    : Compiling entry function '_ZN3aut7kernels12storage_gemvINS_7storage5e3m28ELi1EEEvPKNS2_5codecIT_E12storage_typeES9_mmmPd' for 'sm_90'
ptxas info    : Function properties for _ZN3aut7kernels12storage_gemvINS_7storage5e3m28ELi1EEEvPKNS2_5codecIT_E12storage_typeES9_mmmPd
    0 bytes stack frame, 0 bytes spill stores, 0 bytes spill loads
ptxas info    : Used 22 registers, used 1 barriers, 80 bytes smem
ptxas info    : Compile time = 7.272 ms
ptxas info    : Compiling entry function '_ZN3aut7kernels22storage_dot_map_reduceINS_7storage5e3m28ELi4EEEvPKNS2_5codecIT_E12storage_typeES9_mPd' for 'sm_90'
ptxas info    : Function properties for _ZN3aut7kernels22storage_dot_map_reduceINS_7storage5e3m28ELi4EEEvPKNS2_5codecIT_E12storage_typeES9_mPd
    0 bytes stack frame, 0 bytes spill stores, 0 bytes spill loads
ptxas info    : Used 40 registers, used 1 barriers, 80 bytes smem
ptxas info    : Compile time = 11.590 ms
ptxas info    : Compiling entry function '_ZN3aut7kernels22storage_dot_map_reduceINS_7storage5e3m28ELi2EEEvPKNS2_5codecIT_E12storage_typeES9_mPd' for 'sm_90'
ptxas info    : Function properties for _ZN3aut7kernels22storage_dot_map_reduceINS_7storage5e3m28ELi2EEEvPKNS2_5codecIT_E12storage_typeES9_mPd
    0 bytes stack frame, 0 bytes spill stores, 0 bytes spill loads
ptxas info    : Used 30 registers, used 1 barriers, 80 bytes smem
ptxas info    : Compile time = 8.627 ms
ptxas info    : Compiling entry function '_ZN3aut7kernels22storage_dot_map_reduceINS_7storage5e3m28ELi1EEEvPKNS2_5codecIT_E12storage_typeES9_mPd' for 'sm_90'
ptxas info    : Function properties for _ZN3aut7kernels22storage_dot_map_reduceINS_7storage5e3m28ELi1EEEvPKNS2_5codecIT_E12storage_typeES9_mPd
    0 bytes stack frame, 0 bytes spill stores, 0 bytes spill loads
ptxas info    : Used 28 registers, used 1 barriers, 80 bytes smem
ptxas info    : Compile time = 7.115 ms
ptxas info    : Compiling entry function '_ZN3aut7kernels12storage_gemvINS_7storage5e2m29ELi4EEEvPKNS2_5codecIT_E12storage_typeES9_mmmPd' for 'sm_90'
ptxas info    : Function properties for _ZN3aut7kernels12storage_gemvINS_7storage5e2m29ELi4EEEvPKNS2_5codecIT_E12storage_typeES9_mmmPd
    0 bytes stack frame, 0 bytes spill stores, 0 bytes spill loads
ptxas info    : Used 37 registers, used 1 barriers, 80 bytes smem
ptxas info    : Compile time = 11.646 ms
ptxas info    : Compiling entry function '_ZN3aut7kernels12storage_gemvINS_7storage5e2m29ELi2EEEvPKNS2_5codecIT_E12storage_typeES9_mmmPd' for 'sm_90'
ptxas info    : Function properties for _ZN3aut7kernels12storage_gemvINS_7storage5e2m29ELi2EEEvPKNS2_5codecIT_E12storage_typeES9_mmmPd
    0 bytes stack frame, 0 bytes spill stores, 0 bytes spill loads
ptxas info    : Used 27 registers, used 1 barriers, 80 bytes smem
ptxas info    : Compile time = 8.825 ms
ptxas info    : Compiling entry function '_ZN3aut7kernels12storage_gemvINS_7storage5e2m29ELi1EEEvPKNS2_5codecIT_E12storage_typeES9_mmmPd' for 'sm_90'
ptxas info    : Function properties for _ZN3aut7kernels12storage_gemvINS_7storage5e2m29ELi1EEEvPKNS2_5codecIT_E12storage_typeES9_mmmPd
    0 bytes stack frame, 0 bytes spill stores, 0 bytes spill loads
ptxas info    : Used 22 registers, used 1 barriers, 80 bytes smem
ptxas info    : Compile time = 7.240 ms
ptxas info    : Compiling entry function '_ZN3aut7kernels22storage_dot_map_reduceINS_7storage5e2m29ELi4EEEvPKNS2_5codecIT_E12storage_typeES9_mPd' for 'sm_90'
ptxas info    : Function properties for _ZN3aut7kernels22storage_dot_map_reduceINS_7storage5e2m29ELi4EEEvPKNS2_5codecIT_E12storage_typeES9_mPd
    0 bytes stack frame, 0 bytes spill stores, 0 bytes spill loads
ptxas info    : Used 40 registers, used 1 barriers, 80 bytes smem
ptxas info    : Compile time = 11.558 ms
ptxas info    : Compiling entry function '_ZN3aut7kernels22storage_dot_map_reduceINS_7storage5e2m29ELi2EEEvPKNS2_5codecIT_E12storage_typeES9_mPd' for 'sm_90'
ptxas info    : Function properties for _ZN3aut7kernels22storage_dot_map_reduceINS_7storage5e2m29ELi2EEEvPKNS2_5codecIT_E12storage_typeES9_mPd
    0 bytes stack frame, 0 bytes spill stores, 0 bytes spill loads
ptxas info    : Used 30 registers, used 1 barriers, 80 bytes smem
ptxas info    : Compile time = 8.635 ms
ptxas info    : Compiling entry function '_ZN3aut7kernels22storage_dot_map_reduceINS_7storage5e2m29ELi1EEEvPKNS2_5codecIT_E12storage_typeES9_mPd' for 'sm_90'
ptxas info    : Function properties for _ZN3aut7kernels22storage_dot_map_reduceINS_7storage5e2m29ELi1EEEvPKNS2_5codecIT_E12storage_typeES9_mPd
    0 bytes stack frame, 0 bytes spill stores, 0 bytes spill loads
ptxas info    : Used 28 registers, used 1 barriers, 80 bytes smem
ptxas info    : Compile time = 7.105 ms
ptxas info    : Compiling entry function '_ZN3aut7kernels12storage_gemvINS_7storage5e1m30ELi4EEEvPKNS2_5codecIT_E12storage_typeES9_mmmPd' for 'sm_90'
ptxas info    : Function properties for _ZN3aut7kernels12storage_gemvINS_7storage5e1m30ELi4EEEvPKNS2_5codecIT_E12storage_typeES9_mmmPd
    0 bytes stack frame, 0 bytes spill stores, 0 bytes spill loads
ptxas info    : Used 40 registers, used 1 barriers, 80 bytes smem
ptxas info    : Compile time = 10.693 ms
ptxas info    : Compiling entry function '_ZN3aut7kernels12storage_gemvINS_7storage5e1m30ELi2EEEvPKNS2_5codecIT_E12storage_typeES9_mmmPd' for 'sm_90'
ptxas info    : Function properties for _ZN3aut7kernels12storage_gemvINS_7storage5e1m30ELi2EEEvPKNS2_5codecIT_E12storage_typeES9_mmmPd
    0 bytes stack frame, 0 bytes spill stores, 0 bytes spill loads
ptxas info    : Used 30 registers, used 1 barriers, 80 bytes smem
ptxas info    : Compile time = 8.256 ms
ptxas info    : Compiling entry function '_ZN3aut7kernels12storage_gemvINS_7storage5e1m30ELi1EEEvPKNS2_5codecIT_E12storage_typeES9_mmmPd' for 'sm_90'
ptxas info    : Function properties for _ZN3aut7kernels12storage_gemvINS_7storage5e1m30ELi1EEEvPKNS2_5codecIT_E12storage_typeES9_mmmPd
    0 bytes stack frame, 0 bytes spill stores, 0 bytes spill loads
ptxas info    : Used 26 registers, used 1 barriers, 80 bytes smem
ptxas info    : Compile time = 6.808 ms
ptxas info    : Compiling entry function '_ZN3aut7kernels22storage_dot_map_reduceINS_7storage5e1m30ELi4EEEvPKNS2_5codecIT_E12storage_typeES9_mPd' for 'sm_90'
ptxas info    : Function properties for _ZN3aut7kernels22storage_dot_map_reduceINS_7storage5e1m30ELi4EEEvPKNS2_5codecIT_E12storage_typeES9_mPd
    0 bytes stack frame, 0 bytes spill stores, 0 bytes spill loads
ptxas info    : Used 40 registers, used 1 barriers, 80 bytes smem
ptxas info    : Compile time = 10.650 ms
ptxas info    : Compiling entry function '_ZN3aut7kernels22storage_dot_map_reduceINS_7storage5e1m30ELi2EEEvPKNS2_5codecIT_E12storage_typeES9_mPd' for 'sm_90'
ptxas info    : Function properties for _ZN3aut7kernels22storage_dot_map_reduceINS_7storage5e1m30ELi2EEEvPKNS2_5codecIT_E12storage_typeES9_mPd
    0 bytes stack frame, 0 bytes spill stores, 0 bytes spill loads
ptxas info    : Used 31 registers, used 1 barriers, 80 bytes smem
ptxas info    : Compile time = 8.008 ms
ptxas info    : Compiling entry function '_ZN3aut7kernels22storage_dot_map_reduceINS_7storage5e1m30ELi1EEEvPKNS2_5codecIT_E12storage_typeES9_mPd' for 'sm_90'
ptxas info    : Function properties for _ZN3aut7kernels22storage_dot_map_reduceINS_7storage5e1m30ELi1EEEvPKNS2_5codecIT_E12storage_typeES9_mPd
    0 bytes stack frame, 0 bytes spill stores, 0 bytes spill loads
ptxas info    : Used 30 registers, used 1 barriers, 80 bytes smem
ptxas info    : Compile time = 6.649 ms
ptxas info    : Compiling entry function '_ZN3aut7kernels12storage_gemvINS_7storage5e11m4ELi4EEEvPKNS2_5codecIT_E12storage_typeES9_mmmPd' for 'sm_90'
ptxas info    : Function properties for _ZN3aut7kernels12storage_gemvINS_7storage5e11m4ELi4EEEvPKNS2_5codecIT_E12storage_typeES9_mmmPd
    0 bytes stack frame, 0 bytes spill stores, 0 bytes spill loads
ptxas info    : Used 30 registers, used 1 barriers, 80 bytes smem
ptxas info    : Compile time = 4.881 ms
ptxas info    : Compiling entry function '_ZN3aut7kernels12storage_gemvINS_7storage5e11m4ELi2EEEvPKNS2_5codecIT_E12storage_typeES9_mmmPd' for 'sm_90'
ptxas info    : Function properties for _ZN3aut7kernels12storage_gemvINS_7storage5e11m4ELi2EEEvPKNS2_5codecIT_E12storage_typeES9_mmmPd
    0 bytes stack frame, 0 bytes spill stores, 0 bytes spill loads
ptxas info    : Used 24 registers, used 1 barriers, 80 bytes smem
ptxas info    : Compile time = 4.500 ms
ptxas info    : Compiling entry function '_ZN3aut7kernels12storage_gemvINS_7storage5e11m4ELi1EEEvPKNS2_5codecIT_E12storage_typeES9_mmmPd' for 'sm_90'
ptxas info    : Function properties for _ZN3aut7kernels12storage_gemvINS_7storage5e11m4ELi1EEEvPKNS2_5codecIT_E12storage_typeES9_mmmPd
    0 bytes stack frame, 0 bytes spill stores, 0 bytes spill loads
ptxas info    : Used 23 registers, used 1 barriers, 80 bytes smem
ptxas info    : Compile time = 4.203 ms
ptxas info    : Compiling entry function '_ZN3aut7kernels22storage_dot_map_reduceINS_7storage5e11m4ELi4EEEvPKNS2_5codecIT_E12storage_typeES9_mPd' for 'sm_90'
ptxas info    : Function properties for _ZN3aut7kernels22storage_dot_map_reduceINS_7storage5e11m4ELi4EEEvPKNS2_5codecIT_E12storage_typeES9_mPd
    0 bytes stack frame, 0 bytes spill stores, 0 bytes spill loads
ptxas info    : Used 29 registers, used 1 barriers, 80 bytes smem
ptxas info    : Compile time = 4.663 ms
ptxas info    : Compiling entry function '_ZN3aut7kernels22storage_dot_map_reduceINS_7storage5e11m4ELi2EEEvPKNS2_5codecIT_E12storage_typeES9_mPd' for 'sm_90'
ptxas info    : Function properties for _ZN3aut7kernels22storage_dot_map_reduceINS_7storage5e11m4ELi2EEEvPKNS2_5codecIT_E12storage_typeES9_mPd
    0 bytes stack frame, 0 bytes spill stores, 0 bytes spill loads
ptxas info    : Used 26 registers, used 1 barriers, 80 bytes smem
ptxas info    : Compile time = 4.283 ms
ptxas info    : Compiling entry function '_ZN3aut7kernels22storage_dot_map_reduceINS_7storage5e11m4ELi1EEEvPKNS2_5codecIT_E12storage_typeES9_mPd' for 'sm_90'
ptxas info    : Function properties for _ZN3aut7kernels22storage_dot_map_reduceINS_7storage5e11m4ELi1EEEvPKNS2_5codecIT_E12storage_typeES9_mPd
    0 bytes stack frame, 0 bytes spill stores, 0 bytes spill loads
ptxas info    : Used 26 registers, used 1 barriers, 80 bytes smem
ptxas info    : Compile time = 3.999 ms
ptxas info    : Compiling entry function '_ZN3aut7kernels12storage_gemvINS_7storage9bf16_e8m7ELi4EEEvPKNS2_5codecIT_E12storage_typeES9_mmmPd' for 'sm_90'
ptxas info    : Function properties for _ZN3aut7kernels12storage_gemvINS_7storage9bf16_e8m7ELi4EEEvPKNS2_5codecIT_E12storage_typeES9_mmmPd
    0 bytes stack frame, 0 bytes spill stores, 0 bytes spill loads
ptxas info    : Used 30 registers, used 1 barriers, 80 bytes smem
ptxas info    : Compile time = 4.911 ms
ptxas info    : Compiling entry function '_ZN3aut7kernels12storage_gemvINS_7storage9bf16_e8m7ELi2EEEvPKNS2_5codecIT_E12storage_typeES9_mmmPd' for 'sm_90'
ptxas info    : Function properties for _ZN3aut7kernels12storage_gemvINS_7storage9bf16_e8m7ELi2EEEvPKNS2_5codecIT_E12storage_typeES9_mmmPd
    0 bytes stack frame, 0 bytes spill stores, 0 bytes spill loads
ptxas info    : Used 25 registers, used 1 barriers, 80 bytes smem
ptxas info    : Compile time = 4.551 ms
ptxas info    : Compiling entry function '_ZN3aut7kernels12storage_gemvINS_7storage9bf16_e8m7ELi1EEEvPKNS2_5codecIT_E12storage_typeES9_mmmPd' for 'sm_90'
ptxas info    : Function properties for _ZN3aut7kernels12storage_gemvINS_7storage9bf16_e8m7ELi1EEEvPKNS2_5codecIT_E12storage_typeES9_mmmPd
    0 bytes stack frame, 0 bytes spill stores, 0 bytes spill loads
ptxas info    : Used 23 registers, used 1 barriers, 80 bytes smem
ptxas info    : Compile time = 4.205 ms
ptxas info    : Compiling entry function '_ZN3aut7kernels22storage_dot_map_reduceINS_7storage9bf16_e8m7ELi4EEEvPKNS2_5codecIT_E12storage_typeES9_mPd' for 'sm_90'
ptxas info    : Function properties for _ZN3aut7kernels22storage_dot_map_reduceINS_7storage9bf16_e8m7ELi4EEEvPKNS2_5codecIT_E12storage_typeES9_mPd
    0 bytes stack frame, 0 bytes spill stores, 0 bytes spill loads
ptxas info    : Used 30 registers, used 1 barriers, 80 bytes smem
ptxas info    : Compile time = 4.695 ms
ptxas info    : Compiling entry function '_ZN3aut7kernels22storage_dot_map_reduceINS_7storage9bf16_e8m7ELi2EEEvPKNS2_5codecIT_E12storage_typeES9_mPd' for 'sm_90'
ptxas info    : Function properties for _ZN3aut7kernels22storage_dot_map_reduceINS_7storage9bf16_e8m7ELi2EEEvPKNS2_5codecIT_E12storage_typeES9_mPd
    0 bytes stack frame, 0 bytes spill stores, 0 bytes spill loads
ptxas info    : Used 27 registers, used 1 barriers, 80 bytes smem
ptxas info    : Compile time = 4.319 ms
ptxas info    : Compiling entry function '_ZN3aut7kernels22storage_dot_map_reduceINS_7storage9bf16_e8m7ELi1EEEvPKNS2_5codecIT_E12storage_typeES9_mPd' for 'sm_90'
ptxas info    : Function properties for _ZN3aut7kernels22storage_dot_map_reduceINS_7storage9bf16_e8m7ELi1EEEvPKNS2_5codecIT_E12storage_typeES9_mPd
    0 bytes stack frame, 0 bytes spill stores, 0 bytes spill loads
ptxas info    : Used 26 registers, used 1 barriers, 80 bytes smem
ptxas info    : Compile time = 4.003 ms
ptxas info    : Compiling entry function '_ZN3aut7kernels12storage_gemvINS_7storage10fp16_e5m10ELi4EEEvPKNS2_5codecIT_E12storage_typeES9_mmmPd' for 'sm_90'
ptxas info    : Function properties for _ZN3aut7kernels12storage_gemvINS_7storage10fp16_e5m10ELi4EEEvPKNS2_5codecIT_E12storage_typeES9_mmmPd
    0 bytes stack frame, 0 bytes spill stores, 0 bytes spill loads
ptxas info    : Used 31 registers, used 1 barriers, 80 bytes smem
ptxas info    : Compile time = 5.016 ms
ptxas info    : Compiling entry function '_ZN3aut7kernels12storage_gemvINS_7storage10fp16_e5m10ELi2EEEvPKNS2_5codecIT_E12storage_typeES9_mmmPd' for 'sm_90'
ptxas info    : Function properties for _ZN3aut7kernels12storage_gemvINS_7storage10fp16_e5m10ELi2EEEvPKNS2_5codecIT_E12storage_typeES9_mmmPd
    0 bytes stack frame, 0 bytes spill stores, 0 bytes spill loads
ptxas info    : Used 24 registers, used 1 barriers, 80 bytes smem
ptxas info    : Compile time = 4.554 ms
ptxas info    : Compiling entry function '_ZN3aut7kernels12storage_gemvINS_7storage10fp16_e5m10ELi1EEEvPKNS2_5codecIT_E12storage_typeES9_mmmPd' for 'sm_90'
ptxas info    : Function properties for _ZN3aut7kernels12storage_gemvINS_7storage10fp16_e5m10ELi1EEEvPKNS2_5codecIT_E12storage_typeES9_mmmPd
    0 bytes stack frame, 0 bytes spill stores, 0 bytes spill loads
ptxas info    : Used 23 registers, used 1 barriers, 80 bytes smem
ptxas info    : Compile time = 4.224 ms
ptxas info    : Compiling entry function '_ZN3aut7kernels22storage_dot_map_reduceINS_7storage10fp16_e5m10ELi4EEEvPKNS2_5codecIT_E12storage_typeES9_mPd' for 'sm_90'
ptxas info    : Function properties for _ZN3aut7kernels22storage_dot_map_reduceINS_7storage10fp16_e5m10ELi4EEEvPKNS2_5codecIT_E12storage_typeES9_mPd
    0 bytes stack frame, 0 bytes spill stores, 0 bytes spill loads
ptxas info    : Used 30 registers, used 1 barriers, 80 bytes smem
ptxas info    : Compile time = 4.838 ms
ptxas info    : Compiling entry function '_ZN3aut7kernels22storage_dot_map_reduceINS_7storage10fp16_e5m10ELi2EEEvPKNS2_5codecIT_E12storage_typeES9_mPd' for 'sm_90'
ptxas info    : Function properties for _ZN3aut7kernels22storage_dot_map_reduceINS_7storage10fp16_e5m10ELi2EEEvPKNS2_5codecIT_E12storage_typeES9_mPd
    0 bytes stack frame, 0 bytes spill stores, 0 bytes spill loads
ptxas info    : Used 28 registers, used 1 barriers, 80 bytes smem
ptxas info    : Compile time = 4.271 ms
ptxas info    : Compiling entry function '_ZN3aut7kernels22storage_dot_map_reduceINS_7storage10fp16_e5m10ELi1EEEvPKNS2_5codecIT_E12storage_typeES9_mPd' for 'sm_90'
ptxas info    : Function properties for _ZN3aut7kernels22storage_dot_map_reduceINS_7storage10fp16_e5m10ELi1EEEvPKNS2_5codecIT_E12storage_typeES9_mPd
    0 bytes stack frame, 0 bytes spill stores, 0 bytes spill loads
ptxas info    : Used 26 registers, used 1 barriers, 80 bytes smem
ptxas info    : Compile time = 4.027 ms
ptxas info    : Compiling entry function '_ZN3aut7kernels12storage_gemvINS_7storage5e3m12ELi4EEEvPKNS2_5codecIT_E12storage_typeES9_mmmPd' for 'sm_90'
ptxas info    : Function properties for _ZN3aut7kernels12storage_gemvINS_7storage5e3m12ELi4EEEvPKNS2_5codecIT_E12storage_typeES9_mmmPd
    0 bytes stack frame, 0 bytes spill stores, 0 bytes spill loads
ptxas info    : Used 37 registers, used 1 barriers, 80 bytes smem
ptxas info    : Compile time = 11.542 ms
ptxas info    : Compiling entry function '_ZN3aut7kernels12storage_gemvINS_7storage5e3m12ELi2EEEvPKNS2_5codecIT_E12storage_typeES9_mmmPd' for 'sm_90'
ptxas info    : Function properties for _ZN3aut7kernels12storage_gemvINS_7storage5e3m12ELi2EEEvPKNS2_5codecIT_E12storage_typeES9_mmmPd
    0 bytes stack frame, 0 bytes spill stores, 0 bytes spill loads
ptxas info    : Used 27 registers, used 1 barriers, 80 bytes smem
ptxas info    : Compile time = 8.613 ms
ptxas info    : Compiling entry function '_ZN3aut7kernels12storage_gemvINS_7storage5e3m12ELi1EEEvPKNS2_5codecIT_E12storage_typeES9_mmmPd' for 'sm_90'
ptxas info    : Function properties for _ZN3aut7kernels12storage_gemvINS_7storage5e3m12ELi1EEEvPKNS2_5codecIT_E12storage_typeES9_mmmPd
    0 bytes stack frame, 0 bytes spill stores, 0 bytes spill loads
ptxas info    : Used 22 registers, used 1 barriers, 80 bytes smem
ptxas info    : Compile time = 7.115 ms
ptxas info    : Compiling entry function '_ZN3aut7kernels22storage_dot_map_reduceINS_7storage5e3m12ELi4EEEvPKNS2_5codecIT_E12storage_typeES9_mPd' for 'sm_90'
ptxas info    : Function properties for _ZN3aut7kernels22storage_dot_map_reduceINS_7storage5e3m12ELi4EEEvPKNS2_5codecIT_E12storage_typeES9_mPd
    0 bytes stack frame, 0 bytes spill stores, 0 bytes spill loads
ptxas info    : Used 40 registers, used 1 barriers, 80 bytes smem
ptxas info    : Compile time = 11.473 ms
ptxas info    : Compiling entry function '_ZN3aut7kernels22storage_dot_map_reduceINS_7storage5e3m12ELi2EEEvPKNS2_5codecIT_E12storage_typeES9_mPd' for 'sm_90'
ptxas info    : Function properties for _ZN3aut7kernels22storage_dot_map_reduceINS_7storage5e3m12ELi2EEEvPKNS2_5codecIT_E12storage_typeES9_mPd
    0 bytes stack frame, 0 bytes spill stores, 0 bytes spill loads
ptxas info    : Used 30 registers, used 1 barriers, 80 bytes smem
ptxas info    : Compile time = 8.464 ms
ptxas info    : Compiling entry function '_ZN3aut7kernels22storage_dot_map_reduceINS_7storage5e3m12ELi1EEEvPKNS2_5codecIT_E12storage_typeES9_mPd' for 'sm_90'
ptxas info    : Function properties for _ZN3aut7kernels22storage_dot_map_reduceINS_7storage5e3m12ELi1EEEvPKNS2_5codecIT_E12storage_typeES9_mPd
    0 bytes stack frame, 0 bytes spill stores, 0 bytes spill loads
ptxas info    : Used 28 registers, used 1 barriers, 80 bytes smem
ptxas info    : Compile time = 6.978 ms
ptxas info    : Compiling entry function '_ZN3aut7kernels12storage_gemvINS_7storage5e2m13ELi4EEEvPKNS2_5codecIT_E12storage_typeES9_mmmPd' for 'sm_90'
ptxas info    : Function properties for _ZN3aut7kernels12storage_gemvINS_7storage5e2m13ELi4EEEvPKNS2_5codecIT_E12storage_typeES9_mmmPd
    0 bytes stack frame, 0 bytes spill stores, 0 bytes spill loads
ptxas info    : Used 37 registers, used 1 barriers, 80 bytes smem
ptxas info    : Compile time = 11.461 ms
ptxas info    : Compiling entry function '_ZN3aut7kernels12storage_gemvINS_7storage5e2m13ELi2EEEvPKNS2_5codecIT_E12storage_typeES9_mmmPd' for 'sm_90'
ptxas info    : Function properties for _ZN3aut7kernels12storage_gemvINS_7storage5e2m13ELi2EEEvPKNS2_5codecIT_E12storage_typeES9_mmmPd
    0 bytes stack frame, 0 bytes spill stores, 0 bytes spill loads
ptxas info    : Used 27 registers, used 1 barriers, 80 bytes smem
ptxas info    : Compile time = 8.530 ms
ptxas info    : Compiling entry function '_ZN3aut7kernels12storage_gemvINS_7storage5e2m13ELi1EEEvPKNS2_5codecIT_E12storage_typeES9_mmmPd' for 'sm_90'
ptxas info    : Function properties for _ZN3aut7kernels12storage_gemvINS_7storage5e2m13ELi1EEEvPKNS2_5codecIT_E12storage_typeES9_mmmPd
    0 bytes stack frame, 0 bytes spill stores, 0 bytes spill loads
ptxas info    : Used 22 registers, used 1 barriers, 80 bytes smem
ptxas info    : Compile time = 7.106 ms
ptxas info    : Compiling entry function '_ZN3aut7kernels22storage_dot_map_reduceINS_7storage5e2m13ELi4EEEvPKNS2_5codecIT_E12storage_typeES9_mPd' for 'sm_90'
ptxas info    : Function properties for _ZN3aut7kernels22storage_dot_map_reduceINS_7storage5e2m13ELi4EEEvPKNS2_5codecIT_E12storage_typeES9_mPd
    0 bytes stack frame, 0 bytes spill stores, 0 bytes spill loads
ptxas info    : Used 40 registers, used 1 barriers, 80 bytes smem
ptxas info    : Compile time = 11.397 ms
ptxas info    : Compiling entry function '_ZN3aut7kernels22storage_dot_map_reduceINS_7storage5e2m13ELi2EEEvPKNS2_5codecIT_E12storage_typeES9_mPd' for 'sm_90'
ptxas info    : Function properties for _ZN3aut7kernels22storage_dot_map_reduceINS_7storage5e2m13ELi2EEEvPKNS2_5codecIT_E12storage_typeES9_mPd
    0 bytes stack frame, 0 bytes spill stores, 0 bytes spill loads
ptxas info    : Used 30 registers, used 1 barriers, 80 bytes smem
ptxas info    : Compile time = 8.537 ms
ptxas info    : Compiling entry function '_ZN3aut7kernels22storage_dot_map_reduceINS_7storage5e2m13ELi1EEEvPKNS2_5codecIT_E12storage_typeES9_mPd' for 'sm_90'
ptxas info    : Function properties for _ZN3aut7kernels22storage_dot_map_reduceINS_7storage5e2m13ELi1EEEvPKNS2_5codecIT_E12storage_typeES9_mPd
    0 bytes stack frame, 0 bytes spill stores, 0 bytes spill loads
ptxas info    : Used 28 registers, used 1 barriers, 80 bytes smem
ptxas info    : Compile time = 7.012 ms
ptxas info    : Compiling entry function '_ZN3aut7kernels12storage_gemvINS_7storage5e1m14ELi4EEEvPKNS2_5codecIT_E12storage_typeES9_mmmPd' for 'sm_90'
ptxas info    : Function properties for _ZN3aut7kernels12storage_gemvINS_7storage5e1m14ELi4EEEvPKNS2_5codecIT_E12storage_typeES9_mmmPd
    0 bytes stack frame, 0 bytes spill stores, 0 bytes spill loads
ptxas info    : Used 40 registers, used 1 barriers, 80 bytes smem
ptxas info    : Compile time = 10.817 ms
ptxas info    : Compiling entry function '_ZN3aut7kernels12storage_gemvINS_7storage5e1m14ELi2EEEvPKNS2_5codecIT_E12storage_typeES9_mmmPd' for 'sm_90'
ptxas info    : Function properties for _ZN3aut7kernels12storage_gemvINS_7storage5e1m14ELi2EEEvPKNS2_5codecIT_E12storage_typeES9_mmmPd
    0 bytes stack frame, 0 bytes spill stores, 0 bytes spill loads
ptxas info    : Used 28 registers, used 1 barriers, 80 bytes smem
ptxas info    : Compile time = 8.150 ms
ptxas info    : Compiling entry function '_ZN3aut7kernels12storage_gemvINS_7storage5e1m14ELi1EEEvPKNS2_5codecIT_E12storage_typeES9_mmmPd' for 'sm_90'
ptxas info    : Function properties for _ZN3aut7kernels12storage_gemvINS_7storage5e1m14ELi1EEEvPKNS2_5codecIT_E12storage_typeES9_mmmPd
    0 bytes stack frame, 0 bytes spill stores, 0 bytes spill loads
ptxas info    : Used 26 registers, used 1 barriers, 80 bytes smem
ptxas info    : Compile time = 6.734 ms
ptxas info    : Compiling entry function '_ZN3aut7kernels22storage_dot_map_reduceINS_7storage5e1m14ELi4EEEvPKNS2_5codecIT_E12storage_typeES9_mPd' for 'sm_90'
ptxas info    : Function properties for _ZN3aut7kernels22storage_dot_map_reduceINS_7storage5e1m14ELi4EEEvPKNS2_5codecIT_E12storage_typeES9_mPd
    0 bytes stack frame, 0 bytes spill stores, 0 bytes spill loads
ptxas info    : Used 40 registers, used 1 barriers, 80 bytes smem
ptxas info    : Compile time = 10.570 ms
ptxas info    : Compiling entry function '_ZN3aut7kernels22storage_dot_map_reduceINS_7storage5e1m14ELi2EEEvPKNS2_5codecIT_E12storage_typeES9_mPd' for 'sm_90'
ptxas info    : Function properties for _ZN3aut7kernels22storage_dot_map_reduceINS_7storage5e1m14ELi2EEEvPKNS2_5codecIT_E12storage_typeES9_mPd
    0 bytes stack frame, 0 bytes spill stores, 0 bytes spill loads
ptxas info    : Used 31 registers, used 1 barriers, 80 bytes smem
ptxas info    : Compile time = 8.013 ms
ptxas info    : Compiling entry function '_ZN3aut7kernels22storage_dot_map_reduceINS_7storage5e1m14ELi1EEEvPKNS2_5codecIT_E12storage_typeES9_mPd' for 'sm_90'
ptxas info    : Function properties for _ZN3aut7kernels22storage_dot_map_reduceINS_7storage5e1m14ELi1EEEvPKNS2_5codecIT_E12storage_typeES9_mPd
    0 bytes stack frame, 0 bytes spill stores, 0 bytes spill loads
ptxas info    : Used 30 registers, used 1 barriers, 80 bytes smem
ptxas info    : Compile time = 6.650 ms
ptxas info    : Compiling entry function '_ZN3aut7kernels12storage_gemvINS_7storage8fp8_e5m2ELi4EEEvPKNS2_5codecIT_E12storage_typeES9_mmmPd' for 'sm_90'
ptxas info    : Function properties for _ZN3aut7kernels12storage_gemvINS_7storage8fp8_e5m2ELi4EEEvPKNS2_5codecIT_E12storage_typeES9_mmmPd
    0 bytes stack frame, 0 bytes spill stores, 0 bytes spill loads
ptxas info    : Used 28 registers, used 1 barriers, 80 bytes smem
ptxas info    : Compile time = 4.936 ms
ptxas info    : Compiling entry function '_ZN3aut7kernels12storage_gemvINS_7storage8fp8_e5m2ELi2EEEvPKNS2_5codecIT_E12storage_typeES9_mmmPd' for 'sm_90'
ptxas info    : Function properties for _ZN3aut7kernels12storage_gemvINS_7storage8fp8_e5m2ELi2EEEvPKNS2_5codecIT_E12storage_typeES9_mmmPd
    0 bytes stack frame, 0 bytes spill stores, 0 bytes spill loads
ptxas info    : Used 25 registers, used 1 barriers, 80 bytes smem
ptxas info    : Compile time = 4.519 ms
ptxas info    : Compiling entry function '_ZN3aut7kernels12storage_gemvINS_7storage8fp8_e5m2ELi1EEEvPKNS2_5codecIT_E12storage_typeES9_mmmPd' for 'sm_90'
ptxas info    : Function properties for _ZN3aut7kernels12storage_gemvINS_7storage8fp8_e5m2ELi1EEEvPKNS2_5codecIT_E12storage_typeES9_mmmPd
    0 bytes stack frame, 0 bytes spill stores, 0 bytes spill loads
ptxas info    : Used 21 registers, used 1 barriers, 80 bytes smem
ptxas info    : Compile time = 4.194 ms
ptxas info    : Compiling entry function '_ZN3aut7kernels22storage_dot_map_reduceINS_7storage8fp8_e5m2ELi4EEEvPKNS2_5codecIT_E12storage_typeES9_mPd' for 'sm_90'
ptxas info    : Function properties for _ZN3aut7kernels22storage_dot_map_reduceINS_7storage8fp8_e5m2ELi4EEEvPKNS2_5codecIT_E12storage_typeES9_mPd
    0 bytes stack frame, 0 bytes spill stores, 0 bytes spill loads
ptxas info    : Used 32 registers, used 1 barriers, 80 bytes smem
ptxas info    : Compile time = 4.891 ms
ptxas info    : Compiling entry function '_ZN3aut7kernels22storage_dot_map_reduceINS_7storage8fp8_e5m2ELi2EEEvPKNS2_5codecIT_E12storage_typeES9_mPd' for 'sm_90'
ptxas info    : Function properties for _ZN3aut7kernels22storage_dot_map_reduceINS_7storage8fp8_e5m2ELi2EEEvPKNS2_5codecIT_E12storage_typeES9_mPd
    0 bytes stack frame, 0 bytes spill stores, 0 bytes spill loads
ptxas info    : Used 26 registers, used 1 barriers, 80 bytes smem
ptxas info    : Compile time = 4.405 ms
ptxas info    : Compiling entry function '_ZN3aut7kernels22storage_dot_map_reduceINS_7storage8fp8_e5m2ELi1EEEvPKNS2_5codecIT_E12storage_typeES9_mPd' for 'sm_90'
ptxas info    : Function properties for _ZN3aut7kernels22storage_dot_map_reduceINS_7storage8fp8_e5m2ELi1EEEvPKNS2_5codecIT_E12storage_typeES9_mPd
    0 bytes stack frame, 0 bytes spill stores, 0 bytes spill loads
ptxas info    : Used 26 registers, used 1 barriers, 80 bytes smem
ptxas info    : Compile time = 4.124 ms
ptxas info    : Compiling entry function '_ZN3aut7kernels12storage_gemvINS_7storage8fp8_e4m3ELi4EEEvPKNS2_5codecIT_E12storage_typeES9_mmmPd' for 'sm_90'
ptxas info    : Function properties for _ZN3aut7kernels12storage_gemvINS_7storage8fp8_e4m3ELi4EEEvPKNS2_5codecIT_E12storage_typeES9_mmmPd
    0 bytes stack frame, 0 bytes spill stores, 0 bytes spill loads
ptxas info    : Used 28 registers, used 1 barriers, 80 bytes smem
ptxas info    : Compile time = 4.931 ms
ptxas info    : Compiling entry function '_ZN3aut7kernels12storage_gemvINS_7storage8fp8_e4m3ELi2EEEvPKNS2_5codecIT_E12storage_typeES9_mmmPd' for 'sm_90'
ptxas info    : Function properties for _ZN3aut7kernels12storage_gemvINS_7storage8fp8_e4m3ELi2EEEvPKNS2_5codecIT_E12storage_typeES9_mmmPd
    0 bytes stack frame, 0 bytes spill stores, 0 bytes spill loads
ptxas info    : Used 25 registers, used 1 barriers, 80 bytes smem
ptxas info    : Compile time = 4.490 ms
ptxas info    : Compiling entry function '_ZN3aut7kernels12storage_gemvINS_7storage8fp8_e4m3ELi1EEEvPKNS2_5codecIT_E12storage_typeES9_mmmPd' for 'sm_90'
ptxas info    : Function properties for _ZN3aut7kernels12storage_gemvINS_7storage8fp8_e4m3ELi1EEEvPKNS2_5codecIT_E12storage_typeES9_mmmPd
    0 bytes stack frame, 0 bytes spill stores, 0 bytes spill loads
ptxas info    : Used 21 registers, used 1 barriers, 80 bytes smem
ptxas info    : Compile time = 4.199 ms
ptxas info    : Compiling entry function '_ZN3aut7kernels22storage_dot_map_reduceINS_7storage8fp8_e4m3ELi4EEEvPKNS2_5codecIT_E12storage_typeES9_mPd' for 'sm_90'
ptxas info    : Function properties for _ZN3aut7kernels22storage_dot_map_reduceINS_7storage8fp8_e4m3ELi4EEEvPKNS2_5codecIT_E12storage_typeES9_mPd
    0 bytes stack frame, 0 bytes spill stores, 0 bytes spill loads
ptxas info    : Used 32 registers, used 1 barriers, 80 bytes smem
ptxas info    : Compile time = 4.883 ms
ptxas info    : Compiling entry function '_ZN3aut7kernels22storage_dot_map_reduceINS_7storage8fp8_e4m3ELi2EEEvPKNS2_5codecIT_E12storage_typeES9_mPd' for 'sm_90'
ptxas info    : Function properties for _ZN3aut7kernels22storage_dot_map_reduceINS_7storage8fp8_e4m3ELi2EEEvPKNS2_5codecIT_E12storage_typeES9_mPd
    0 bytes stack frame, 0 bytes spill stores, 0 bytes spill loads
ptxas info    : Used 26 registers, used 1 barriers, 80 bytes smem
ptxas info    : Compile time = 4.414 ms
ptxas info    : Compiling entry function '_ZN3aut7kernels22storage_dot_map_reduceINS_7storage8fp8_e4m3ELi1EEEvPKNS2_5codecIT_E12storage_typeES9_mPd' for 'sm_90'
ptxas info    : Function properties for _ZN3aut7kernels22storage_dot_map_reduceINS_7storage8fp8_e4m3ELi1EEEvPKNS2_5codecIT_E12storage_typeES9_mPd
    0 bytes stack frame, 0 bytes spill stores, 0 bytes spill loads
ptxas info    : Used 26 registers, used 1 barriers, 80 bytes smem
ptxas info    : Compile time = 4.083 ms
ptxas info    : Compiling entry function '_ZN3aut7kernels12storage_gemvINS_7storage4e3m4ELi4EEEvPKNS2_5codecIT_E12storage_typeES9_mmmPd' for 'sm_90'
ptxas info    : Function properties for _ZN3aut7kernels12storage_gemvINS_7storage4e3m4ELi4EEEvPKNS2_5codecIT_E12storage_typeES9_mmmPd
    0 bytes stack frame, 0 bytes spill stores, 0 bytes spill loads
ptxas info    : Used 37 registers, used 1 barriers, 80 bytes smem
ptxas info    : Compile time = 11.394 ms
ptxas info    : Compiling entry function '_ZN3aut7kernels12storage_gemvINS_7storage4e3m4ELi2EEEvPKNS2_5codecIT_E12storage_typeES9_mmmPd' for 'sm_90'
ptxas info    : Function properties for _ZN3aut7kernels12storage_gemvINS_7storage4e3m4ELi2EEEvPKNS2_5codecIT_E12storage_typeES9_mmmPd
    0 bytes stack frame, 0 bytes spill stores, 0 bytes spill loads
ptxas info    : Used 27 registers, used 1 barriers, 80 bytes smem
ptxas info    : Compile time = 8.575 ms
ptxas info    : Compiling entry function '_ZN3aut7kernels12storage_gemvINS_7storage4e3m4ELi1EEEvPKNS2_5codecIT_E12storage_typeES9_mmmPd' for 'sm_90'
ptxas info    : Function properties for _ZN3aut7kernels12storage_gemvINS_7storage4e3m4ELi1EEEvPKNS2_5codecIT_E12storage_typeES9_mmmPd
    0 bytes stack frame, 0 bytes spill stores, 0 bytes spill loads
ptxas info    : Used 22 registers, used 1 barriers, 80 bytes smem
ptxas info    : Compile time = 7.048 ms
ptxas info    : Compiling entry function '_ZN3aut7kernels22storage_dot_map_reduceINS_7storage4e3m4ELi4EEEvPKNS2_5codecIT_E12storage_typeES9_mPd' for 'sm_90'
ptxas info    : Function properties for _ZN3aut7kernels22storage_dot_map_reduceINS_7storage4e3m4ELi4EEEvPKNS2_5codecIT_E12storage_typeES9_mPd
    0 bytes stack frame, 0 bytes spill stores, 0 bytes spill loads
ptxas info    : Used 40 registers, used 1 barriers, 80 bytes smem
ptxas info    : Compile time = 11.248 ms
ptxas info    : Compiling entry function '_ZN3aut7kernels22storage_dot_map_reduceINS_7storage4e3m4ELi2EEEvPKNS2_5codecIT_E12storage_typeES9_mPd' for 'sm_90'
ptxas info    : Function properties for _ZN3aut7kernels22storage_dot_map_reduceINS_7storage4e3m4ELi2EEEvPKNS2_5codecIT_E12storage_typeES9_mPd
    0 bytes stack frame, 0 bytes spill stores, 0 bytes spill loads
ptxas info    : Used 30 registers, used 1 barriers, 80 bytes smem
ptxas info    : Compile time = 8.426 ms
ptxas info    : Compiling entry function '_ZN3aut7kernels22storage_dot_map_reduceINS_7storage4e3m4ELi1EEEvPKNS2_5codecIT_E12storage_typeES9_mPd' for 'sm_90'
ptxas info    : Function properties for _ZN3aut7kernels22storage_dot_map_reduceINS_7storage4e3m4ELi1EEEvPKNS2_5codecIT_E12storage_typeES9_mPd
    0 bytes stack frame, 0 bytes spill stores, 0 bytes spill loads
ptxas info    : Used 24 registers, used 1 barriers, 80 bytes smem
ptxas info    : Compile time = 6.863 ms
ptxas info    : Compiling entry function '_ZN3aut7kernels12storage_gemvINS_7storage4e2m5ELi4EEEvPKNS2_5codecIT_E12storage_typeES9_mmmPd' for 'sm_90'
ptxas info    : Function properties for _ZN3aut7kernels12storage_gemvINS_7storage4e2m5ELi4EEEvPKNS2_5codecIT_E12storage_typeES9_mmmPd
    0 bytes stack frame, 0 bytes spill stores, 0 bytes spill loads
ptxas info    : Used 37 registers, used 1 barriers, 80 bytes smem
ptxas info    : Compile time = 11.610 ms
ptxas info    : Compiling entry function '_ZN3aut7kernels12storage_gemvINS_7storage4e2m5ELi2EEEvPKNS2_5codecIT_E12storage_typeES9_mmmPd' for 'sm_90'
ptxas info    : Function properties for _ZN3aut7kernels12storage_gemvINS_7storage4e2m5ELi2EEEvPKNS2_5codecIT_E12storage_typeES9_mmmPd
    0 bytes stack frame, 0 bytes spill stores, 0 bytes spill loads
ptxas info    : Used 27 registers, used 1 barriers, 80 bytes smem
ptxas info    : Compile time = 8.634 ms
ptxas info    : Compiling entry function '_ZN3aut7kernels12storage_gemvINS_7storage4e2m5ELi1EEEvPKNS2_5codecIT_E12storage_typeES9_mmmPd' for 'sm_90'
ptxas info    : Function properties for _ZN3aut7kernels12storage_gemvINS_7storage4e2m5ELi1EEEvPKNS2_5codecIT_E12storage_typeES9_mmmPd
    0 bytes stack frame, 0 bytes spill stores, 0 bytes spill loads
ptxas info    : Used 22 registers, used 1 barriers, 80 bytes smem
ptxas info    : Compile time = 7.044 ms
ptxas info    : Compiling entry function '_ZN3aut7kernels22storage_dot_map_reduceINS_7storage4e2m5ELi4EEEvPKNS2_5codecIT_E12storage_typeES9_mPd' for 'sm_90'
ptxas info    : Function properties for _ZN3aut7kernels22storage_dot_map_reduceINS_7storage4e2m5ELi4EEEvPKNS2_5codecIT_E12storage_typeES9_mPd
    0 bytes stack frame, 0 bytes spill stores, 0 bytes spill loads
ptxas info    : Used 40 registers, used 1 barriers, 80 bytes smem
ptxas info    : Compile time = 11.238 ms
ptxas info    : Compiling entry function '_ZN3aut7kernels22storage_dot_map_reduceINS_7storage4e2m5ELi2EEEvPKNS2_5codecIT_E12storage_typeES9_mPd' for 'sm_90'
ptxas info    : Function properties for _ZN3aut7kernels22storage_dot_map_reduceINS_7storage4e2m5ELi2EEEvPKNS2_5codecIT_E12storage_typeES9_mPd
    0 bytes stack frame, 0 bytes spill stores, 0 bytes spill loads
ptxas info    : Used 30 registers, used 1 barriers, 80 bytes smem
ptxas info    : Compile time = 8.431 ms
ptxas info    : Compiling entry function '_ZN3aut7kernels22storage_dot_map_reduceINS_7storage4e2m5ELi1EEEvPKNS2_5codecIT_E12storage_typeES9_mPd' for 'sm_90'
ptxas info    : Function properties for _ZN3aut7kernels22storage_dot_map_reduceINS_7storage4e2m5ELi1EEEvPKNS2_5codecIT_E12storage_typeES9_mPd
    0 bytes stack frame, 0 bytes spill stores, 0 bytes spill loads
ptxas info    : Used 24 registers, used 1 barriers, 80 bytes smem
ptxas info    : Compile time = 6.827 ms
ptxas info    : Compiling entry function '_ZN3aut7kernels12storage_gemvINS_7storage4e1m6ELi4EEEvPKNS2_5codecIT_E12storage_typeES9_mmmPd' for 'sm_90'
ptxas info    : Function properties for _ZN3aut7kernels12storage_gemvINS_7storage4e1m6ELi4EEEvPKNS2_5codecIT_E12storage_typeES9_mmmPd
    0 bytes stack frame, 0 bytes spill stores, 0 bytes spill loads
ptxas info    : Used 39 registers, used 1 barriers, 80 bytes smem
ptxas info    : Compile time = 10.734 ms
ptxas info    : Compiling entry function '_ZN3aut7kernels12storage_gemvINS_7storage4e1m6ELi2EEEvPKNS2_5codecIT_E12storage_typeES9_mmmPd' for 'sm_90'
ptxas info    : Function properties for _ZN3aut7kernels12storage_gemvINS_7storage4e1m6ELi2EEEvPKNS2_5codecIT_E12storage_typeES9_mmmPd
    0 bytes stack frame, 0 bytes spill stores, 0 bytes spill loads
ptxas info    : Used 30 registers, used 1 barriers, 80 bytes smem
ptxas info    : Compile time = 8.171 ms
ptxas info    : Compiling entry function '_ZN3aut7kernels12storage_gemvINS_7storage4e1m6ELi1EEEvPKNS2_5codecIT_E12storage_typeES9_mmmPd' for 'sm_90'
ptxas info    : Function properties for _ZN3aut7kernels12storage_gemvINS_7storage4e1m6ELi1EEEvPKNS2_5codecIT_E12storage_typeES9_mmmPd
    0 bytes stack frame, 0 bytes spill stores, 0 bytes spill loads
ptxas info    : Used 26 registers, used 1 barriers, 80 bytes smem
ptxas info    : Compile time = 6.701 ms
ptxas info    : Compiling entry function '_ZN3aut7kernels22storage_dot_map_reduceINS_7storage4e1m6ELi4EEEvPKNS2_5codecIT_E12storage_typeES9_mPd' for 'sm_90'
ptxas info    : Function properties for _ZN3aut7kernels22storage_dot_map_reduceINS_7storage4e1m6ELi4EEEvPKNS2_5codecIT_E12storage_typeES9_mPd
    0 bytes stack frame, 0 bytes spill stores, 0 bytes spill loads
ptxas info    : Used 40 registers, used 1 barriers, 80 bytes smem
ptxas info    : Compile time = 10.566 ms
ptxas info    : Compiling entry function '_ZN3aut7kernels22storage_dot_map_reduceINS_7storage4e1m6ELi2EEEvPKNS2_5codecIT_E12storage_typeES9_mPd' for 'sm_90'
ptxas info    : Function properties for _ZN3aut7kernels22storage_dot_map_reduceINS_7storage4e1m6ELi2EEEvPKNS2_5codecIT_E12storage_typeES9_mPd
    0 bytes stack frame, 0 bytes spill stores, 0 bytes spill loads
ptxas info    : Used 31 registers, used 1 barriers, 80 bytes smem
ptxas info    : Compile time = 8.030 ms
ptxas info    : Compiling entry function '_ZN3aut7kernels22storage_dot_map_reduceINS_7storage4e1m6ELi1EEEvPKNS2_5codecIT_E12storage_typeES9_mPd' for 'sm_90'
ptxas info    : Function properties for _ZN3aut7kernels22storage_dot_map_reduceINS_7storage4e1m6ELi1EEEvPKNS2_5codecIT_E12storage_typeES9_mPd
    0 bytes stack frame, 0 bytes spill stores, 0 bytes spill loads
ptxas info    : Used 28 registers, used 1 barriers, 80 bytes smem
ptxas info    : Compile time = 6.552 ms
ptxas info    : Compiling entry function '_ZN3aut7kernels20storage_dot_finalizeEPKdmPd' for 'sm_90'
ptxas info    : Function properties for _ZN3aut7kernels20storage_dot_finalizeEPKdmPd
    0 bytes stack frame, 0 bytes spill stores, 0 bytes spill loads
ptxas info    : Used 18 registers, used 1 barriers, 80 bytes smem
ptxas info    : Compile time = 2.890 ms
/storage/home/timofeirusanov/accessor_universal_test/src/storage_performance_bench.cu: In instantiation of ‘void _GLOBAL__N__9bcc3e08_28_storage_performance_bench_cu_af2961a1::run_format_sweep(const _GLOBAL__N__9bcc3e08_28_storage_performance_bench_cu_af2961a1::options&, const _GLOBAL__N__9bcc3e08_28_storage_performance_bench_cu_af2961a1::device_info&, _GLOBAL__N__9bcc3e08_28_storage_performance_bench_cu_af2961a1::distribution, const double*, const double*, const double*, const double*, _GLOBAL__N__9bcc3e08_28_storage_performance_bench_cu_af2961a1::sample_output&, _GLOBAL__N__9bcc3e08_28_storage_performance_bench_cu_af2961a1::event_timer&) [with Format = aut::storage::e1m6]’:
/storage/home/timofeirusanov/accessor_universal_test/src/storage_performance_bench.cu:731:29:   required from ‘void _GLOBAL__N__9bcc3e08_28_storage_performance_bench_cu_af2961a1::run_sweep_formats(const _GLOBAL__N__9bcc3e08_28_storage_performance_bench_cu_af2961a1::options&, const _GLOBAL__N__9bcc3e08_28_storage_performance_bench_cu_af2961a1::device_info&, _GLOBAL__N__9bcc3e08_28_storage_performance_bench_cu_af2961a1::distribution, const double*, const double*, const double*, const double*, _GLOBAL__N__9bcc3e08_28_storage_performance_bench_cu_af2961a1::sample_output&, _GLOBAL__N__9bcc3e08_28_storage_performance_bench_cu_af2961a1::event_timer&) [with Formats = {aut::storage::e1m6, aut::storage::e2m5, aut::storage::e3m4, aut::storage::fp8_e4m3, aut::storage::fp8_e5m2, aut::storage::e1m14, aut::storage::e2m13, aut::storage::e3m12, aut::storage::fp16_e5m10, aut::storage::bf16_e8m7, aut::storage::e11m4, aut::storage::e1m30, aut::storage::e2m29, aut::storage::e3m28, aut::storage::fp32_e8m23, aut::storage::e11m20, aut::storage::fp64_e11m52}]’
/storage/home/timofeirusanov/accessor_universal_test/src/storage_performance_bench.cu:762:401:   required from here
/storage/home/timofeirusanov/accessor_universal_test/src/storage_performance_bench.cu:638:50: warning: narrowing conversion of ‘(int)max_blocks’ from ‘int’ to ‘std::size_t’ {aka ‘long unsigned int’} [-Wnarrowing]
  638 |   device_buffer<unsigned long long> integer_sink{max_blocks};
      |                                                  ^~~~~~~~~~
/storage/home/timofeirusanov/accessor_universal_test/src/storage_performance_bench.cu:639:34: warning: narrowing conversion of ‘(int)max_blocks’ from ‘int’ to ‘std::size_t’ {aka ‘long unsigned int’} [-Wnarrowing]
  639 |   device_buffer<double> partials{max_blocks};
      |                                  ^~~~~~~~~~
/storage/home/timofeirusanov/accessor_universal_test/src/storage_performance_bench.cu: In instantiation of ‘void _GLOBAL__N__9bcc3e08_28_storage_performance_bench_cu_af2961a1::run_format_sweep(const _GLOBAL__N__9bcc3e08_28_storage_performance_bench_cu_af2961a1::options&, const _GLOBAL__N__9bcc3e08_28_storage_performance_bench_cu_af2961a1::device_info&, _GLOBAL__N__9bcc3e08_28_storage_performance_bench_cu_af2961a1::distribution, const double*, const double*, const double*, const double*, _GLOBAL__N__9bcc3e08_28_storage_performance_bench_cu_af2961a1::sample_output&, _GLOBAL__N__9bcc3e08_28_storage_performance_bench_cu_af2961a1::event_timer&) [with Format = aut::storage::e2m5]’:
/storage/home/timofeirusanov/accessor_universal_test/src/storage_performance_bench.cu:731:29:   required from ‘void _GLOBAL__N__9bcc3e08_28_storage_performance_bench_cu_af2961a1::run_sweep_formats(const _GLOBAL__N__9bcc3e08_28_storage_performance_bench_cu_af2961a1::options&, const _GLOBAL__N__9bcc3e08_28_storage_performance_bench_cu_af2961a1::device_info&, _GLOBAL__N__9bcc3e08_28_storage_performance_bench_cu_af2961a1::distribution, const double*, const double*, const double*, const double*, _GLOBAL__N__9bcc3e08_28_storage_performance_bench_cu_af2961a1::sample_output&, _GLOBAL__N__9bcc3e08_28_storage_performance_bench_cu_af2961a1::event_timer&) [with Formats = {aut::storage::e1m6, aut::storage::e2m5, aut::storage::e3m4, aut::storage::fp8_e4m3, aut::storage::fp8_e5m2, aut::storage::e1m14, aut::storage::e2m13, aut::storage::e3m12, aut::storage::fp16_e5m10, aut::storage::bf16_e8m7, aut::storage::e11m4, aut::storage::e1m30, aut::storage::e2m29, aut::storage::e3m28, aut::storage::fp32_e8m23, aut::storage::e11m20, aut::storage::fp64_e11m52}]’
/storage/home/timofeirusanov/accessor_universal_test/src/storage_performance_bench.cu:762:401:   required from here
/storage/home/timofeirusanov/accessor_universal_test/src/storage_performance_bench.cu:638:50: warning: narrowing conversion of ‘(int)max_blocks’ from ‘int’ to ‘std::size_t’ {aka ‘long unsigned int’} [-Wnarrowing]
  638 |   device_buffer<unsigned long long> integer_sink{max_blocks};
      |                                                  ^~~~~~~~~~
/storage/home/timofeirusanov/accessor_universal_test/src/storage_performance_bench.cu:639:34: warning: narrowing conversion of ‘(int)max_blocks’ from ‘int’ to ‘std::size_t’ {aka ‘long unsigned int’} [-Wnarrowing]
  639 |   device_buffer<double> partials{max_blocks};
      |                                  ^~~~~~~~~~
/storage/home/timofeirusanov/accessor_universal_test/src/storage_performance_bench.cu: In instantiation of ‘void _GLOBAL__N__9bcc3e08_28_storage_performance_bench_cu_af2961a1::run_format_sweep(const _GLOBAL__N__9bcc3e08_28_storage_performance_bench_cu_af2961a1::options&, const _GLOBAL__N__9bcc3e08_28_storage_performance_bench_cu_af2961a1::device_info&, _GLOBAL__N__9bcc3e08_28_storage_performance_bench_cu_af2961a1::distribution, const double*, const double*, const double*, const double*, _GLOBAL__N__9bcc3e08_28_storage_performance_bench_cu_af2961a1::sample_output&, _GLOBAL__N__9bcc3e08_28_storage_performance_bench_cu_af2961a1::event_timer&) [with Format = aut::storage::e3m4]’:
/storage/home/timofeirusanov/accessor_universal_test/src/storage_performance_bench.cu:731:29:   required from ‘void _GLOBAL__N__9bcc3e08_28_storage_performance_bench_cu_af2961a1::run_sweep_formats(const _GLOBAL__N__9bcc3e08_28_storage_performance_bench_cu_af2961a1::options&, const _GLOBAL__N__9bcc3e08_28_storage_performance_bench_cu_af2961a1::device_info&, _GLOBAL__N__9bcc3e08_28_storage_performance_bench_cu_af2961a1::distribution, const double*, const double*, const double*, const double*, _GLOBAL__N__9bcc3e08_28_storage_performance_bench_cu_af2961a1::sample_output&, _GLOBAL__N__9bcc3e08_28_storage_performance_bench_cu_af2961a1::event_timer&) [with Formats = {aut::storage::e1m6, aut::storage::e2m5, aut::storage::e3m4, aut::storage::fp8_e4m3, aut::storage::fp8_e5m2, aut::storage::e1m14, aut::storage::e2m13, aut::storage::e3m12, aut::storage::fp16_e5m10, aut::storage::bf16_e8m7, aut::storage::e11m4, aut::storage::e1m30, aut::storage::e2m29, aut::storage::e3m28, aut::storage::fp32_e8m23, aut::storage::e11m20, aut::storage::fp64_e11m52}]’
/storage/home/timofeirusanov/accessor_universal_test/src/storage_performance_bench.cu:762:401:   required from here
/storage/home/timofeirusanov/accessor_universal_test/src/storage_performance_bench.cu:638:50: warning: narrowing conversion of ‘(int)max_blocks’ from ‘int’ to ‘std::size_t’ {aka ‘long unsigned int’} [-Wnarrowing]
  638 |   device_buffer<unsigned long long> integer_sink{max_blocks};
      |                                                  ^~~~~~~~~~
/storage/home/timofeirusanov/accessor_universal_test/src/storage_performance_bench.cu:639:34: warning: narrowing conversion of ‘(int)max_blocks’ from ‘int’ to ‘std::size_t’ {aka ‘long unsigned int’} [-Wnarrowing]
  639 |   device_buffer<double> partials{max_blocks};
      |                                  ^~~~~~~~~~
/storage/home/timofeirusanov/accessor_universal_test/src/storage_performance_bench.cu: In instantiation of ‘void _GLOBAL__N__9bcc3e08_28_storage_performance_bench_cu_af2961a1::run_format_sweep(const _GLOBAL__N__9bcc3e08_28_storage_performance_bench_cu_af2961a1::options&, const _GLOBAL__N__9bcc3e08_28_storage_performance_bench_cu_af2961a1::device_info&, _GLOBAL__N__9bcc3e08_28_storage_performance_bench_cu_af2961a1::distribution, const double*, const double*, const double*, const double*, _GLOBAL__N__9bcc3e08_28_storage_performance_bench_cu_af2961a1::sample_output&, _GLOBAL__N__9bcc3e08_28_storage_performance_bench_cu_af2961a1::event_timer&) [with Format = aut::storage::fp8_e4m3]’:
/storage/home/timofeirusanov/accessor_universal_test/src/storage_performance_bench.cu:731:29:   required from ‘void _GLOBAL__N__9bcc3e08_28_storage_performance_bench_cu_af2961a1::run_sweep_formats(const _GLOBAL__N__9bcc3e08_28_storage_performance_bench_cu_af2961a1::options&, const _GLOBAL__N__9bcc3e08_28_storage_performance_bench_cu_af2961a1::device_info&, _GLOBAL__N__9bcc3e08_28_storage_performance_bench_cu_af2961a1::distribution, const double*, const double*, const double*, const double*, _GLOBAL__N__9bcc3e08_28_storage_performance_bench_cu_af2961a1::sample_output&, _GLOBAL__N__9bcc3e08_28_storage_performance_bench_cu_af2961a1::event_timer&) [with Formats = {aut::storage::e1m6, aut::storage::e2m5, aut::storage::e3m4, aut::storage::fp8_e4m3, aut::storage::fp8_e5m2, aut::storage::e1m14, aut::storage::e2m13, aut::storage::e3m12, aut::storage::fp16_e5m10, aut::storage::bf16_e8m7, aut::storage::e11m4, aut::storage::e1m30, aut::storage::e2m29, aut::storage::e3m28, aut::storage::fp32_e8m23, aut::storage::e11m20, aut::storage::fp64_e11m52}]’
/storage/home/timofeirusanov/accessor_universal_test/src/storage_performance_bench.cu:762:401:   required from here
/storage/home/timofeirusanov/accessor_universal_test/src/storage_performance_bench.cu:638:50: warning: narrowing conversion of ‘(int)max_blocks’ from ‘int’ to ‘std::size_t’ {aka ‘long unsigned int’} [-Wnarrowing]
  638 |   device_buffer<unsigned long long> integer_sink{max_blocks};
      |                                                  ^~~~~~~~~~
/storage/home/timofeirusanov/accessor_universal_test/src/storage_performance_bench.cu:639:34: warning: narrowing conversion of ‘(int)max_blocks’ from ‘int’ to ‘std::size_t’ {aka ‘long unsigned int’} [-Wnarrowing]
  639 |   device_buffer<double> partials{max_blocks};
      |                                  ^~~~~~~~~~
/storage/home/timofeirusanov/accessor_universal_test/src/storage_performance_bench.cu: In instantiation of ‘void _GLOBAL__N__9bcc3e08_28_storage_performance_bench_cu_af2961a1::run_format_sweep(const _GLOBAL__N__9bcc3e08_28_storage_performance_bench_cu_af2961a1::options&, const _GLOBAL__N__9bcc3e08_28_storage_performance_bench_cu_af2961a1::device_info&, _GLOBAL__N__9bcc3e08_28_storage_performance_bench_cu_af2961a1::distribution, const double*, const double*, const double*, const double*, _GLOBAL__N__9bcc3e08_28_storage_performance_bench_cu_af2961a1::sample_output&, _GLOBAL__N__9bcc3e08_28_storage_performance_bench_cu_af2961a1::event_timer&) [with Format = aut::storage::fp8_e5m2]’:
/storage/home/timofeirusanov/accessor_universal_test/src/storage_performance_bench.cu:731:29:   required from ‘void _GLOBAL__N__9bcc3e08_28_storage_performance_bench_cu_af2961a1::run_sweep_formats(const _GLOBAL__N__9bcc3e08_28_storage_performance_bench_cu_af2961a1::options&, const _GLOBAL__N__9bcc3e08_28_storage_performance_bench_cu_af2961a1::device_info&, _GLOBAL__N__9bcc3e08_28_storage_performance_bench_cu_af2961a1::distribution, const double*, const double*, const double*, const double*, _GLOBAL__N__9bcc3e08_28_storage_performance_bench_cu_af2961a1::sample_output&, _GLOBAL__N__9bcc3e08_28_storage_performance_bench_cu_af2961a1::event_timer&) [with Formats = {aut::storage::e1m6, aut::storage::e2m5, aut::storage::e3m4, aut::storage::fp8_e4m3, aut::storage::fp8_e5m2, aut::storage::e1m14, aut::storage::e2m13, aut::storage::e3m12, aut::storage::fp16_e5m10, aut::storage::bf16_e8m7, aut::storage::e11m4, aut::storage::e1m30, aut::storage::e2m29, aut::storage::e3m28, aut::storage::fp32_e8m23, aut::storage::e11m20, aut::storage::fp64_e11m52}]’
/storage/home/timofeirusanov/accessor_universal_test/src/storage_performance_bench.cu:762:401:   required from here
/storage/home/timofeirusanov/accessor_universal_test/src/storage_performance_bench.cu:638:50: warning: narrowing conversion of ‘(int)max_blocks’ from ‘int’ to ‘std::size_t’ {aka ‘long unsigned int’} [-Wnarrowing]
  638 |   device_buffer<unsigned long long> integer_sink{max_blocks};
      |                                                  ^~~~~~~~~~
/storage/home/timofeirusanov/accessor_universal_test/src/storage_performance_bench.cu:639:34: warning: narrowing conversion of ‘(int)max_blocks’ from ‘int’ to ‘std::size_t’ {aka ‘long unsigned int’} [-Wnarrowing]
  639 |   device_buffer<double> partials{max_blocks};
      |                                  ^~~~~~~~~~
/storage/home/timofeirusanov/accessor_universal_test/src/storage_performance_bench.cu: In instantiation of ‘void _GLOBAL__N__9bcc3e08_28_storage_performance_bench_cu_af2961a1::run_format_sweep(const _GLOBAL__N__9bcc3e08_28_storage_performance_bench_cu_af2961a1::options&, const _GLOBAL__N__9bcc3e08_28_storage_performance_bench_cu_af2961a1::device_info&, _GLOBAL__N__9bcc3e08_28_storage_performance_bench_cu_af2961a1::distribution, const double*, const double*, const double*, const double*, _GLOBAL__N__9bcc3e08_28_storage_performance_bench_cu_af2961a1::sample_output&, _GLOBAL__N__9bcc3e08_28_storage_performance_bench_cu_af2961a1::event_timer&) [with Format = aut::storage::e1m14]’:
/storage/home/timofeirusanov/accessor_universal_test/src/storage_performance_bench.cu:731:29:   required from ‘void _GLOBAL__N__9bcc3e08_28_storage_performance_bench_cu_af2961a1::run_sweep_formats(const _GLOBAL__N__9bcc3e08_28_storage_performance_bench_cu_af2961a1::options&, const _GLOBAL__N__9bcc3e08_28_storage_performance_bench_cu_af2961a1::device_info&, _GLOBAL__N__9bcc3e08_28_storage_performance_bench_cu_af2961a1::distribution, const double*, const double*, const double*, const double*, _GLOBAL__N__9bcc3e08_28_storage_performance_bench_cu_af2961a1::sample_output&, _GLOBAL__N__9bcc3e08_28_storage_performance_bench_cu_af2961a1::event_timer&) [with Formats = {aut::storage::e1m6, aut::storage::e2m5, aut::storage::e3m4, aut::storage::fp8_e4m3, aut::storage::fp8_e5m2, aut::storage::e1m14, aut::storage::e2m13, aut::storage::e3m12, aut::storage::fp16_e5m10, aut::storage::bf16_e8m7, aut::storage::e11m4, aut::storage::e1m30, aut::storage::e2m29, aut::storage::e3m28, aut::storage::fp32_e8m23, aut::storage::e11m20, aut::storage::fp64_e11m52}]’
/storage/home/timofeirusanov/accessor_universal_test/src/storage_performance_bench.cu:762:401:   required from here
/storage/home/timofeirusanov/accessor_universal_test/src/storage_performance_bench.cu:638:50: warning: narrowing conversion of ‘(int)max_blocks’ from ‘int’ to ‘std::size_t’ {aka ‘long unsigned int’} [-Wnarrowing]
  638 |   device_buffer<unsigned long long> integer_sink{max_blocks};
      |                                                  ^~~~~~~~~~
/storage/home/timofeirusanov/accessor_universal_test/src/storage_performance_bench.cu:639:34: warning: narrowing conversion of ‘(int)max_blocks’ from ‘int’ to ‘std::size_t’ {aka ‘long unsigned int’} [-Wnarrowing]
  639 |   device_buffer<double> partials{max_blocks};
      |                                  ^~~~~~~~~~
/storage/home/timofeirusanov/accessor_universal_test/src/storage_performance_bench.cu: In instantiation of ‘void _GLOBAL__N__9bcc3e08_28_storage_performance_bench_cu_af2961a1::run_format_sweep(const _GLOBAL__N__9bcc3e08_28_storage_performance_bench_cu_af2961a1::options&, const _GLOBAL__N__9bcc3e08_28_storage_performance_bench_cu_af2961a1::device_info&, _GLOBAL__N__9bcc3e08_28_storage_performance_bench_cu_af2961a1::distribution, const double*, const double*, const double*, const double*, _GLOBAL__N__9bcc3e08_28_storage_performance_bench_cu_af2961a1::sample_output&, _GLOBAL__N__9bcc3e08_28_storage_performance_bench_cu_af2961a1::event_timer&) [with Format = aut::storage::e2m13]’:
/storage/home/timofeirusanov/accessor_universal_test/src/storage_performance_bench.cu:731:29:   required from ‘void _GLOBAL__N__9bcc3e08_28_storage_performance_bench_cu_af2961a1::run_sweep_formats(const _GLOBAL__N__9bcc3e08_28_storage_performance_bench_cu_af2961a1::options&, const _GLOBAL__N__9bcc3e08_28_storage_performance_bench_cu_af2961a1::device_info&, _GLOBAL__N__9bcc3e08_28_storage_performance_bench_cu_af2961a1::distribution, const double*, const double*, const double*, const double*, _GLOBAL__N__9bcc3e08_28_storage_performance_bench_cu_af2961a1::sample_output&, _GLOBAL__N__9bcc3e08_28_storage_performance_bench_cu_af2961a1::event_timer&) [with Formats = {aut::storage::e1m6, aut::storage::e2m5, aut::storage::e3m4, aut::storage::fp8_e4m3, aut::storage::fp8_e5m2, aut::storage::e1m14, aut::storage::e2m13, aut::storage::e3m12, aut::storage::fp16_e5m10, aut::storage::bf16_e8m7, aut::storage::e11m4, aut::storage::e1m30, aut::storage::e2m29, aut::storage::e3m28, aut::storage::fp32_e8m23, aut::storage::e11m20, aut::storage::fp64_e11m52}]’
/storage/home/timofeirusanov/accessor_universal_test/src/storage_performance_bench.cu:762:401:   required from here
/storage/home/timofeirusanov/accessor_universal_test/src/storage_performance_bench.cu:638:50: warning: narrowing conversion of ‘(int)max_blocks’ from ‘int’ to ‘std::size_t’ {aka ‘long unsigned int’} [-Wnarrowing]
  638 |   device_buffer<unsigned long long> integer_sink{max_blocks};
      |                                                  ^~~~~~~~~~
/storage/home/timofeirusanov/accessor_universal_test/src/storage_performance_bench.cu:639:34: warning: narrowing conversion of ‘(int)max_blocks’ from ‘int’ to ‘std::size_t’ {aka ‘long unsigned int’} [-Wnarrowing]
  639 |   device_buffer<double> partials{max_blocks};
      |                                  ^~~~~~~~~~
/storage/home/timofeirusanov/accessor_universal_test/src/storage_performance_bench.cu: In instantiation of ‘void _GLOBAL__N__9bcc3e08_28_storage_performance_bench_cu_af2961a1::run_format_sweep(const _GLOBAL__N__9bcc3e08_28_storage_performance_bench_cu_af2961a1::options&, const _GLOBAL__N__9bcc3e08_28_storage_performance_bench_cu_af2961a1::device_info&, _GLOBAL__N__9bcc3e08_28_storage_performance_bench_cu_af2961a1::distribution, const double*, const double*, const double*, const double*, _GLOBAL__N__9bcc3e08_28_storage_performance_bench_cu_af2961a1::sample_output&, _GLOBAL__N__9bcc3e08_28_storage_performance_bench_cu_af2961a1::event_timer&) [with Format = aut::storage::e3m12]’:
/storage/home/timofeirusanov/accessor_universal_test/src/storage_performance_bench.cu:731:29:   required from ‘void _GLOBAL__N__9bcc3e08_28_storage_performance_bench_cu_af2961a1::run_sweep_formats(const _GLOBAL__N__9bcc3e08_28_storage_performance_bench_cu_af2961a1::options&, const _GLOBAL__N__9bcc3e08_28_storage_performance_bench_cu_af2961a1::device_info&, _GLOBAL__N__9bcc3e08_28_storage_performance_bench_cu_af2961a1::distribution, const double*, const double*, const double*, const double*, _GLOBAL__N__9bcc3e08_28_storage_performance_bench_cu_af2961a1::sample_output&, _GLOBAL__N__9bcc3e08_28_storage_performance_bench_cu_af2961a1::event_timer&) [with Formats = {aut::storage::e1m6, aut::storage::e2m5, aut::storage::e3m4, aut::storage::fp8_e4m3, aut::storage::fp8_e5m2, aut::storage::e1m14, aut::storage::e2m13, aut::storage::e3m12, aut::storage::fp16_e5m10, aut::storage::bf16_e8m7, aut::storage::e11m4, aut::storage::e1m30, aut::storage::e2m29, aut::storage::e3m28, aut::storage::fp32_e8m23, aut::storage::e11m20, aut::storage::fp64_e11m52}]’
/storage/home/timofeirusanov/accessor_universal_test/src/storage_performance_bench.cu:762:401:   required from here
/storage/home/timofeirusanov/accessor_universal_test/src/storage_performance_bench.cu:638:50: warning: narrowing conversion of ‘(int)max_blocks’ from ‘int’ to ‘std::size_t’ {aka ‘long unsigned int’} [-Wnarrowing]
  638 |   device_buffer<unsigned long long> integer_sink{max_blocks};
      |                                                  ^~~~~~~~~~
/storage/home/timofeirusanov/accessor_universal_test/src/storage_performance_bench.cu:639:34: warning: narrowing conversion of ‘(int)max_blocks’ from ‘int’ to ‘std::size_t’ {aka ‘long unsigned int’} [-Wnarrowing]
  639 |   device_buffer<double> partials{max_blocks};
      |                                  ^~~~~~~~~~
/storage/home/timofeirusanov/accessor_universal_test/src/storage_performance_bench.cu: In instantiation of ‘void _GLOBAL__N__9bcc3e08_28_storage_performance_bench_cu_af2961a1::run_format_sweep(const _GLOBAL__N__9bcc3e08_28_storage_performance_bench_cu_af2961a1::options&, const _GLOBAL__N__9bcc3e08_28_storage_performance_bench_cu_af2961a1::device_info&, _GLOBAL__N__9bcc3e08_28_storage_performance_bench_cu_af2961a1::distribution, const double*, const double*, const double*, const double*, _GLOBAL__N__9bcc3e08_28_storage_performance_bench_cu_af2961a1::sample_output&, _GLOBAL__N__9bcc3e08_28_storage_performance_bench_cu_af2961a1::event_timer&) [with Format = aut::storage::fp16_e5m10]’:
/storage/home/timofeirusanov/accessor_universal_test/src/storage_performance_bench.cu:731:29:   required from ‘void _GLOBAL__N__9bcc3e08_28_storage_performance_bench_cu_af2961a1::run_sweep_formats(const _GLOBAL__N__9bcc3e08_28_storage_performance_bench_cu_af2961a1::options&, const _GLOBAL__N__9bcc3e08_28_storage_performance_bench_cu_af2961a1::device_info&, _GLOBAL__N__9bcc3e08_28_storage_performance_bench_cu_af2961a1::distribution, const double*, const double*, const double*, const double*, _GLOBAL__N__9bcc3e08_28_storage_performance_bench_cu_af2961a1::sample_output&, _GLOBAL__N__9bcc3e08_28_storage_performance_bench_cu_af2961a1::event_timer&) [with Formats = {aut::storage::e1m6, aut::storage::e2m5, aut::storage::e3m4, aut::storage::fp8_e4m3, aut::storage::fp8_e5m2, aut::storage::e1m14, aut::storage::e2m13, aut::storage::e3m12, aut::storage::fp16_e5m10, aut::storage::bf16_e8m7, aut::storage::e11m4, aut::storage::e1m30, aut::storage::e2m29, aut::storage::e3m28, aut::storage::fp32_e8m23, aut::storage::e11m20, aut::storage::fp64_e11m52}]’
/storage/home/timofeirusanov/accessor_universal_test/src/storage_performance_bench.cu:762:401:   required from here
/storage/home/timofeirusanov/accessor_universal_test/src/storage_performance_bench.cu:638:50: warning: narrowing conversion of ‘(int)max_blocks’ from ‘int’ to ‘std::size_t’ {aka ‘long unsigned int’} [-Wnarrowing]
  638 |   device_buffer<unsigned long long> integer_sink{max_blocks};
      |                                                  ^~~~~~~~~~
/storage/home/timofeirusanov/accessor_universal_test/src/storage_performance_bench.cu:639:34: warning: narrowing conversion of ‘(int)max_blocks’ from ‘int’ to ‘std::size_t’ {aka ‘long unsigned int’} [-Wnarrowing]
  639 |   device_buffer<double> partials{max_blocks};
      |                                  ^~~~~~~~~~
/storage/home/timofeirusanov/accessor_universal_test/src/storage_performance_bench.cu: In instantiation of ‘void _GLOBAL__N__9bcc3e08_28_storage_performance_bench_cu_af2961a1::run_format_sweep(const _GLOBAL__N__9bcc3e08_28_storage_performance_bench_cu_af2961a1::options&, const _GLOBAL__N__9bcc3e08_28_storage_performance_bench_cu_af2961a1::device_info&, _GLOBAL__N__9bcc3e08_28_storage_performance_bench_cu_af2961a1::distribution, const double*, const double*, const double*, const double*, _GLOBAL__N__9bcc3e08_28_storage_performance_bench_cu_af2961a1::sample_output&, _GLOBAL__N__9bcc3e08_28_storage_performance_bench_cu_af2961a1::event_timer&) [with Format = aut::storage::bf16_e8m7]’:
/storage/home/timofeirusanov/accessor_universal_test/src/storage_performance_bench.cu:731:29:   required from ‘void _GLOBAL__N__9bcc3e08_28_storage_performance_bench_cu_af2961a1::run_sweep_formats(const _GLOBAL__N__9bcc3e08_28_storage_performance_bench_cu_af2961a1::options&, const _GLOBAL__N__9bcc3e08_28_storage_performance_bench_cu_af2961a1::device_info&, _GLOBAL__N__9bcc3e08_28_storage_performance_bench_cu_af2961a1::distribution, const double*, const double*, const double*, const double*, _GLOBAL__N__9bcc3e08_28_storage_performance_bench_cu_af2961a1::sample_output&, _GLOBAL__N__9bcc3e08_28_storage_performance_bench_cu_af2961a1::event_timer&) [with Formats = {aut::storage::e1m6, aut::storage::e2m5, aut::storage::e3m4, aut::storage::fp8_e4m3, aut::storage::fp8_e5m2, aut::storage::e1m14, aut::storage::e2m13, aut::storage::e3m12, aut::storage::fp16_e5m10, aut::storage::bf16_e8m7, aut::storage::e11m4, aut::storage::e1m30, aut::storage::e2m29, aut::storage::e3m28, aut::storage::fp32_e8m23, aut::storage::e11m20, aut::storage::fp64_e11m52}]’
/storage/home/timofeirusanov/accessor_universal_test/src/storage_performance_bench.cu:762:401:   required from here
/storage/home/timofeirusanov/accessor_universal_test/src/storage_performance_bench.cu:638:50: warning: narrowing conversion of ‘(int)max_blocks’ from ‘int’ to ‘std::size_t’ {aka ‘long unsigned int’} [-Wnarrowing]
  638 |   device_buffer<unsigned long long> integer_sink{max_blocks};
      |                                                  ^~~~~~~~~~
/storage/home/timofeirusanov/accessor_universal_test/src/storage_performance_bench.cu:639:34: warning: narrowing conversion of ‘(int)max_blocks’ from ‘int’ to ‘std::size_t’ {aka ‘long unsigned int’} [-Wnarrowing]
  639 |   device_buffer<double> partials{max_blocks};
      |                                  ^~~~~~~~~~
/storage/home/timofeirusanov/accessor_universal_test/src/storage_performance_bench.cu: In instantiation of ‘void _GLOBAL__N__9bcc3e08_28_storage_performance_bench_cu_af2961a1::run_format_sweep(const _GLOBAL__N__9bcc3e08_28_storage_performance_bench_cu_af2961a1::options&, const _GLOBAL__N__9bcc3e08_28_storage_performance_bench_cu_af2961a1::device_info&, _GLOBAL__N__9bcc3e08_28_storage_performance_bench_cu_af2961a1::distribution, const double*, const double*, const double*, const double*, _GLOBAL__N__9bcc3e08_28_storage_performance_bench_cu_af2961a1::sample_output&, _GLOBAL__N__9bcc3e08_28_storage_performance_bench_cu_af2961a1::event_timer&) [with Format = aut::storage::e11m4]’:
/storage/home/timofeirusanov/accessor_universal_test/src/storage_performance_bench.cu:731:29:   required from ‘void _GLOBAL__N__9bcc3e08_28_storage_performance_bench_cu_af2961a1::run_sweep_formats(const _GLOBAL__N__9bcc3e08_28_storage_performance_bench_cu_af2961a1::options&, const _GLOBAL__N__9bcc3e08_28_storage_performance_bench_cu_af2961a1::device_info&, _GLOBAL__N__9bcc3e08_28_storage_performance_bench_cu_af2961a1::distribution, const double*, const double*, const double*, const double*, _GLOBAL__N__9bcc3e08_28_storage_performance_bench_cu_af2961a1::sample_output&, _GLOBAL__N__9bcc3e08_28_storage_performance_bench_cu_af2961a1::event_timer&) [with Formats = {aut::storage::e1m6, aut::storage::e2m5, aut::storage::e3m4, aut::storage::fp8_e4m3, aut::storage::fp8_e5m2, aut::storage::e1m14, aut::storage::e2m13, aut::storage::e3m12, aut::storage::fp16_e5m10, aut::storage::bf16_e8m7, aut::storage::e11m4, aut::storage::e1m30, aut::storage::e2m29, aut::storage::e3m28, aut::storage::fp32_e8m23, aut::storage::e11m20, aut::storage::fp64_e11m52}]’
/storage/home/timofeirusanov/accessor_universal_test/src/storage_performance_bench.cu:762:401:   required from here
/storage/home/timofeirusanov/accessor_universal_test/src/storage_performance_bench.cu:638:50: warning: narrowing conversion of ‘(int)max_blocks’ from ‘int’ to ‘std::size_t’ {aka ‘long unsigned int’} [-Wnarrowing]
  638 |   device_buffer<unsigned long long> integer_sink{max_blocks};
      |                                                  ^~~~~~~~~~
/storage/home/timofeirusanov/accessor_universal_test/src/storage_performance_bench.cu:639:34: warning: narrowing conversion of ‘(int)max_blocks’ from ‘int’ to ‘std::size_t’ {aka ‘long unsigned int’} [-Wnarrowing]
  639 |   device_buffer<double> partials{max_blocks};
      |                                  ^~~~~~~~~~
/storage/home/timofeirusanov/accessor_universal_test/src/storage_performance_bench.cu: In instantiation of ‘void _GLOBAL__N__9bcc3e08_28_storage_performance_bench_cu_af2961a1::run_format_sweep(const _GLOBAL__N__9bcc3e08_28_storage_performance_bench_cu_af2961a1::options&, const _GLOBAL__N__9bcc3e08_28_storage_performance_bench_cu_af2961a1::device_info&, _GLOBAL__N__9bcc3e08_28_storage_performance_bench_cu_af2961a1::distribution, const double*, const double*, const double*, const double*, _GLOBAL__N__9bcc3e08_28_storage_performance_bench_cu_af2961a1::sample_output&, _GLOBAL__N__9bcc3e08_28_storage_performance_bench_cu_af2961a1::event_timer&) [with Format = aut::storage::e1m30]’:
/storage/home/timofeirusanov/accessor_universal_test/src/storage_performance_bench.cu:731:29:   required from ‘void _GLOBAL__N__9bcc3e08_28_storage_performance_bench_cu_af2961a1::run_sweep_formats(const _GLOBAL__N__9bcc3e08_28_storage_performance_bench_cu_af2961a1::options&, const _GLOBAL__N__9bcc3e08_28_storage_performance_bench_cu_af2961a1::device_info&, _GLOBAL__N__9bcc3e08_28_storage_performance_bench_cu_af2961a1::distribution, const double*, const double*, const double*, const double*, _GLOBAL__N__9bcc3e08_28_storage_performance_bench_cu_af2961a1::sample_output&, _GLOBAL__N__9bcc3e08_28_storage_performance_bench_cu_af2961a1::event_timer&) [with Formats = {aut::storage::e1m6, aut::storage::e2m5, aut::storage::e3m4, aut::storage::fp8_e4m3, aut::storage::fp8_e5m2, aut::storage::e1m14, aut::storage::e2m13, aut::storage::e3m12, aut::storage::fp16_e5m10, aut::storage::bf16_e8m7, aut::storage::e11m4, aut::storage::e1m30, aut::storage::e2m29, aut::storage::e3m28, aut::storage::fp32_e8m23, aut::storage::e11m20, aut::storage::fp64_e11m52}]’
/storage/home/timofeirusanov/accessor_universal_test/src/storage_performance_bench.cu:762:401:   required from here
/storage/home/timofeirusanov/accessor_universal_test/src/storage_performance_bench.cu:638:50: warning: narrowing conversion of ‘(int)max_blocks’ from ‘int’ to ‘std::size_t’ {aka ‘long unsigned int’} [-Wnarrowing]
  638 |   device_buffer<unsigned long long> integer_sink{max_blocks};
      |                                                  ^~~~~~~~~~
/storage/home/timofeirusanov/accessor_universal_test/src/storage_performance_bench.cu:639:34: warning: narrowing conversion of ‘(int)max_blocks’ from ‘int’ to ‘std::size_t’ {aka ‘long unsigned int’} [-Wnarrowing]
  639 |   device_buffer<double> partials{max_blocks};
      |                                  ^~~~~~~~~~
/storage/home/timofeirusanov/accessor_universal_test/src/storage_performance_bench.cu: In instantiation of ‘void _GLOBAL__N__9bcc3e08_28_storage_performance_bench_cu_af2961a1::run_format_sweep(const _GLOBAL__N__9bcc3e08_28_storage_performance_bench_cu_af2961a1::options&, const _GLOBAL__N__9bcc3e08_28_storage_performance_bench_cu_af2961a1::device_info&, _GLOBAL__N__9bcc3e08_28_storage_performance_bench_cu_af2961a1::distribution, const double*, const double*, const double*, const double*, _GLOBAL__N__9bcc3e08_28_storage_performance_bench_cu_af2961a1::sample_output&, _GLOBAL__N__9bcc3e08_28_storage_performance_bench_cu_af2961a1::event_timer&) [with Format = aut::storage::e2m29]’:
/storage/home/timofeirusanov/accessor_universal_test/src/storage_performance_bench.cu:731:29:   required from ‘void _GLOBAL__N__9bcc3e08_28_storage_performance_bench_cu_af2961a1::run_sweep_formats(const _GLOBAL__N__9bcc3e08_28_storage_performance_bench_cu_af2961a1::options&, const _GLOBAL__N__9bcc3e08_28_storage_performance_bench_cu_af2961a1::device_info&, _GLOBAL__N__9bcc3e08_28_storage_performance_bench_cu_af2961a1::distribution, const double*, const double*, const double*, const double*, _GLOBAL__N__9bcc3e08_28_storage_performance_bench_cu_af2961a1::sample_output&, _GLOBAL__N__9bcc3e08_28_storage_performance_bench_cu_af2961a1::event_timer&) [with Formats = {aut::storage::e1m6, aut::storage::e2m5, aut::storage::e3m4, aut::storage::fp8_e4m3, aut::storage::fp8_e5m2, aut::storage::e1m14, aut::storage::e2m13, aut::storage::e3m12, aut::storage::fp16_e5m10, aut::storage::bf16_e8m7, aut::storage::e11m4, aut::storage::e1m30, aut::storage::e2m29, aut::storage::e3m28, aut::storage::fp32_e8m23, aut::storage::e11m20, aut::storage::fp64_e11m52}]’
/storage/home/timofeirusanov/accessor_universal_test/src/storage_performance_bench.cu:762:401:   required from here
/storage/home/timofeirusanov/accessor_universal_test/src/storage_performance_bench.cu:638:50: warning: narrowing conversion of ‘(int)max_blocks’ from ‘int’ to ‘std::size_t’ {aka ‘long unsigned int’} [-Wnarrowing]
  638 |   device_buffer<unsigned long long> integer_sink{max_blocks};
      |                                                  ^~~~~~~~~~
/storage/home/timofeirusanov/accessor_universal_test/src/storage_performance_bench.cu:639:34: warning: narrowing conversion of ‘(int)max_blocks’ from ‘int’ to ‘std::size_t’ {aka ‘long unsigned int’} [-Wnarrowing]
  639 |   device_buffer<double> partials{max_blocks};
      |                                  ^~~~~~~~~~
/storage/home/timofeirusanov/accessor_universal_test/src/storage_performance_bench.cu: In instantiation of ‘void _GLOBAL__N__9bcc3e08_28_storage_performance_bench_cu_af2961a1::run_format_sweep(const _GLOBAL__N__9bcc3e08_28_storage_performance_bench_cu_af2961a1::options&, const _GLOBAL__N__9bcc3e08_28_storage_performance_bench_cu_af2961a1::device_info&, _GLOBAL__N__9bcc3e08_28_storage_performance_bench_cu_af2961a1::distribution, const double*, const double*, const double*, const double*, _GLOBAL__N__9bcc3e08_28_storage_performance_bench_cu_af2961a1::sample_output&, _GLOBAL__N__9bcc3e08_28_storage_performance_bench_cu_af2961a1::event_timer&) [with Format = aut::storage::e3m28]’:
/storage/home/timofeirusanov/accessor_universal_test/src/storage_performance_bench.cu:731:29:   required from ‘void _GLOBAL__N__9bcc3e08_28_storage_performance_bench_cu_af2961a1::run_sweep_formats(const _GLOBAL__N__9bcc3e08_28_storage_performance_bench_cu_af2961a1::options&, const _GLOBAL__N__9bcc3e08_28_storage_performance_bench_cu_af2961a1::device_info&, _GLOBAL__N__9bcc3e08_28_storage_performance_bench_cu_af2961a1::distribution, const double*, const double*, const double*, const double*, _GLOBAL__N__9bcc3e08_28_storage_performance_bench_cu_af2961a1::sample_output&, _GLOBAL__N__9bcc3e08_28_storage_performance_bench_cu_af2961a1::event_timer&) [with Formats = {aut::storage::e1m6, aut::storage::e2m5, aut::storage::e3m4, aut::storage::fp8_e4m3, aut::storage::fp8_e5m2, aut::storage::e1m14, aut::storage::e2m13, aut::storage::e3m12, aut::storage::fp16_e5m10, aut::storage::bf16_e8m7, aut::storage::e11m4, aut::storage::e1m30, aut::storage::e2m29, aut::storage::e3m28, aut::storage::fp32_e8m23, aut::storage::e11m20, aut::storage::fp64_e11m52}]’
/storage/home/timofeirusanov/accessor_universal_test/src/storage_performance_bench.cu:762:401:   required from here
/storage/home/timofeirusanov/accessor_universal_test/src/storage_performance_bench.cu:638:50: warning: narrowing conversion of ‘(int)max_blocks’ from ‘int’ to ‘std::size_t’ {aka ‘long unsigned int’} [-Wnarrowing]
  638 |   device_buffer<unsigned long long> integer_sink{max_blocks};
      |                                                  ^~~~~~~~~~
/storage/home/timofeirusanov/accessor_universal_test/src/storage_performance_bench.cu:639:34: warning: narrowing conversion of ‘(int)max_blocks’ from ‘int’ to ‘std::size_t’ {aka ‘long unsigned int’} [-Wnarrowing]
  639 |   device_buffer<double> partials{max_blocks};
      |                                  ^~~~~~~~~~
/storage/home/timofeirusanov/accessor_universal_test/src/storage_performance_bench.cu: In instantiation of ‘void _GLOBAL__N__9bcc3e08_28_storage_performance_bench_cu_af2961a1::run_format_sweep(const _GLOBAL__N__9bcc3e08_28_storage_performance_bench_cu_af2961a1::options&, const _GLOBAL__N__9bcc3e08_28_storage_performance_bench_cu_af2961a1::device_info&, _GLOBAL__N__9bcc3e08_28_storage_performance_bench_cu_af2961a1::distribution, const double*, const double*, const double*, const double*, _GLOBAL__N__9bcc3e08_28_storage_performance_bench_cu_af2961a1::sample_output&, _GLOBAL__N__9bcc3e08_28_storage_performance_bench_cu_af2961a1::event_timer&) [with Format = aut::storage::fp32_e8m23]’:
/storage/home/timofeirusanov/accessor_universal_test/src/storage_performance_bench.cu:731:29:   required from ‘void _GLOBAL__N__9bcc3e08_28_storage_performance_bench_cu_af2961a1::run_sweep_formats(const _GLOBAL__N__9bcc3e08_28_storage_performance_bench_cu_af2961a1::options&, const _GLOBAL__N__9bcc3e08_28_storage_performance_bench_cu_af2961a1::device_info&, _GLOBAL__N__9bcc3e08_28_storage_performance_bench_cu_af2961a1::distribution, const double*, const double*, const double*, const double*, _GLOBAL__N__9bcc3e08_28_storage_performance_bench_cu_af2961a1::sample_output&, _GLOBAL__N__9bcc3e08_28_storage_performance_bench_cu_af2961a1::event_timer&) [with Formats = {aut::storage::e1m6, aut::storage::e2m5, aut::storage::e3m4, aut::storage::fp8_e4m3, aut::storage::fp8_e5m2, aut::storage::e1m14, aut::storage::e2m13, aut::storage::e3m12, aut::storage::fp16_e5m10, aut::storage::bf16_e8m7, aut::storage::e11m4, aut::storage::e1m30, aut::storage::e2m29, aut::storage::e3m28, aut::storage::fp32_e8m23, aut::storage::e11m20, aut::storage::fp64_e11m52}]’
/storage/home/timofeirusanov/accessor_universal_test/src/storage_performance_bench.cu:762:401:   required from here
/storage/home/timofeirusanov/accessor_universal_test/src/storage_performance_bench.cu:638:50: warning: narrowing conversion of ‘(int)max_blocks’ from ‘int’ to ‘std::size_t’ {aka ‘long unsigned int’} [-Wnarrowing]
  638 |   device_buffer<unsigned long long> integer_sink{max_blocks};
      |                                                  ^~~~~~~~~~
/storage/home/timofeirusanov/accessor_universal_test/src/storage_performance_bench.cu:639:34: warning: narrowing conversion of ‘(int)max_blocks’ from ‘int’ to ‘std::size_t’ {aka ‘long unsigned int’} [-Wnarrowing]
  639 |   device_buffer<double> partials{max_blocks};
      |                                  ^~~~~~~~~~
/storage/home/timofeirusanov/accessor_universal_test/src/storage_performance_bench.cu: In instantiation of ‘void _GLOBAL__N__9bcc3e08_28_storage_performance_bench_cu_af2961a1::run_format_sweep(const _GLOBAL__N__9bcc3e08_28_storage_performance_bench_cu_af2961a1::options&, const _GLOBAL__N__9bcc3e08_28_storage_performance_bench_cu_af2961a1::device_info&, _GLOBAL__N__9bcc3e08_28_storage_performance_bench_cu_af2961a1::distribution, const double*, const double*, const double*, const double*, _GLOBAL__N__9bcc3e08_28_storage_performance_bench_cu_af2961a1::sample_output&, _GLOBAL__N__9bcc3e08_28_storage_performance_bench_cu_af2961a1::event_timer&) [with Format = aut::storage::e11m20]’:
/storage/home/timofeirusanov/accessor_universal_test/src/storage_performance_bench.cu:731:29:   required from ‘void _GLOBAL__N__9bcc3e08_28_storage_performance_bench_cu_af2961a1::run_sweep_formats(const _GLOBAL__N__9bcc3e08_28_storage_performance_bench_cu_af2961a1::options&, const _GLOBAL__N__9bcc3e08_28_storage_performance_bench_cu_af2961a1::device_info&, _GLOBAL__N__9bcc3e08_28_storage_performance_bench_cu_af2961a1::distribution, const double*, const double*, const double*, const double*, _GLOBAL__N__9bcc3e08_28_storage_performance_bench_cu_af2961a1::sample_output&, _GLOBAL__N__9bcc3e08_28_storage_performance_bench_cu_af2961a1::event_timer&) [with Formats = {aut::storage::e1m6, aut::storage::e2m5, aut::storage::e3m4, aut::storage::fp8_e4m3, aut::storage::fp8_e5m2, aut::storage::e1m14, aut::storage::e2m13, aut::storage::e3m12, aut::storage::fp16_e5m10, aut::storage::bf16_e8m7, aut::storage::e11m4, aut::storage::e1m30, aut::storage::e2m29, aut::storage::e3m28, aut::storage::fp32_e8m23, aut::storage::e11m20, aut::storage::fp64_e11m52}]’
/storage/home/timofeirusanov/accessor_universal_test/src/storage_performance_bench.cu:762:401:   required from here
/storage/home/timofeirusanov/accessor_universal_test/src/storage_performance_bench.cu:638:50: warning: narrowing conversion of ‘(int)max_blocks’ from ‘int’ to ‘std::size_t’ {aka ‘long unsigned int’} [-Wnarrowing]
  638 |   device_buffer<unsigned long long> integer_sink{max_blocks};
      |                                                  ^~~~~~~~~~
/storage/home/timofeirusanov/accessor_universal_test/src/storage_performance_bench.cu:639:34: warning: narrowing conversion of ‘(int)max_blocks’ from ‘int’ to ‘std::size_t’ {aka ‘long unsigned int’} [-Wnarrowing]
  639 |   device_buffer<double> partials{max_blocks};
      |                                  ^~~~~~~~~~
/storage/home/timofeirusanov/accessor_universal_test/src/storage_performance_bench.cu: In instantiation of ‘void _GLOBAL__N__9bcc3e08_28_storage_performance_bench_cu_af2961a1::run_format_sweep(const _GLOBAL__N__9bcc3e08_28_storage_performance_bench_cu_af2961a1::options&, const _GLOBAL__N__9bcc3e08_28_storage_performance_bench_cu_af2961a1::device_info&, _GLOBAL__N__9bcc3e08_28_storage_performance_bench_cu_af2961a1::distribution, const double*, const double*, const double*, const double*, _GLOBAL__N__9bcc3e08_28_storage_performance_bench_cu_af2961a1::sample_output&, _GLOBAL__N__9bcc3e08_28_storage_performance_bench_cu_af2961a1::event_timer&) [with Format = aut::storage::fp64_e11m52]’:
/storage/home/timofeirusanov/accessor_universal_test/src/storage_performance_bench.cu:731:29:   required from ‘void _GLOBAL__N__9bcc3e08_28_storage_performance_bench_cu_af2961a1::run_sweep_formats(const _GLOBAL__N__9bcc3e08_28_storage_performance_bench_cu_af2961a1::options&, const _GLOBAL__N__9bcc3e08_28_storage_performance_bench_cu_af2961a1::device_info&, _GLOBAL__N__9bcc3e08_28_storage_performance_bench_cu_af2961a1::distribution, const double*, const double*, const double*, const double*, _GLOBAL__N__9bcc3e08_28_storage_performance_bench_cu_af2961a1::sample_output&, _GLOBAL__N__9bcc3e08_28_storage_performance_bench_cu_af2961a1::event_timer&) [with Formats = {aut::storage::e1m6, aut::storage::e2m5, aut::storage::e3m4, aut::storage::fp8_e4m3, aut::storage::fp8_e5m2, aut::storage::e1m14, aut::storage::e2m13, aut::storage::e3m12, aut::storage::fp16_e5m10, aut::storage::bf16_e8m7, aut::storage::e11m4, aut::storage::e1m30, aut::storage::e2m29, aut::storage::e3m28, aut::storage::fp32_e8m23, aut::storage::e11m20, aut::storage::fp64_e11m52}]’
/storage/home/timofeirusanov/accessor_universal_test/src/storage_performance_bench.cu:762:401:   required from here
/storage/home/timofeirusanov/accessor_universal_test/src/storage_performance_bench.cu:638:50: warning: narrowing conversion of ‘(int)max_blocks’ from ‘int’ to ‘std::size_t’ {aka ‘long unsigned int’} [-Wnarrowing]
  638 |   device_buffer<unsigned long long> integer_sink{max_blocks};
      |                                                  ^~~~~~~~~~
/storage/home/timofeirusanov/accessor_universal_test/src/storage_performance_bench.cu:639:34: warning: narrowing conversion of ‘(int)max_blocks’ from ‘int’ to ‘std::size_t’ {aka ‘long unsigned int’} [-Wnarrowing]
  639 |   device_buffer<double> partials{max_blocks};
      |                                  ^~~~~~~~~~
/storage/home/timofeirusanov/accessor_universal_test/src/storage_performance_bench.cu: In instantiation of ‘void _GLOBAL__N__9bcc3e08_28_storage_performance_bench_cu_af2961a1::profile_format_lane(const _GLOBAL__N__9bcc3e08_28_storage_performance_bench_cu_af2961a1::options&, const _GLOBAL__N__9bcc3e08_28_storage_performance_bench_cu_af2961a1::device_info&, const double*, const double*, _GLOBAL__N__9bcc3e08_28_storage_performance_bench_cu_af2961a1::profile_output&, std::size_t) [with Format = aut::storage::e1m6; int Lanes = 1; std::size_t = long unsigned int]’:
/storage/home/timofeirusanov/accessor_universal_test/src/storage_performance_bench.cu:875:33:   required from ‘bool _GLOBAL__N__9bcc3e08_28_storage_performance_bench_cu_af2961a1::try_profile_format(const _GLOBAL__N__9bcc3e08_28_storage_performance_bench_cu_af2961a1::options&, const _GLOBAL__N__9bcc3e08_28_storage_performance_bench_cu_af2961a1::device_info&, const double*, const double*, _GLOBAL__N__9bcc3e08_28_storage_performance_bench_cu_af2961a1::profile_output&, std::size_t&) [with Format = aut::storage::e1m6; std::size_t = long unsigned int]’
/storage/home/timofeirusanov/accessor_universal_test/src/storage_performance_bench.cu:892:84:   required from ‘void _GLOBAL__N__9bcc3e08_28_storage_performance_bench_cu_af2961a1::profile_formats(const _GLOBAL__N__9bcc3e08_28_storage_performance_bench_cu_af2961a1::options&, const _GLOBAL__N__9bcc3e08_28_storage_performance_bench_cu_af2961a1::device_info&, const double*, const double*, _GLOBAL__N__9bcc3e08_28_storage_performance_bench_cu_af2961a1::profile_output&) [with Formats = {aut::storage::e1m6, aut::storage::e2m5, aut::storage::e3m4, aut::storage::fp8_e4m3, aut::storage::fp8_e5m2, aut::storage::e1m14, aut::storage::e2m13, aut::storage::e3m12, aut::storage::fp16_e5m10, aut::storage::bf16_e8m7, aut::storage::e11m4, aut::storage::e1m30, aut::storage::e2m29, aut::storage::e3m28, aut::storage::fp32_e8m23, aut::storage::e11m20, aut::storage::fp64_e11m52}]’
/storage/home/timofeirusanov/accessor_universal_test/src/storage_performance_bench.cu:921:399:   required from here
/storage/home/timofeirusanov/accessor_universal_test/src/storage_performance_bench.cu:824:75: warning: narrowing conversion of ‘(((int)device._GLOBAL__N__9bcc3e08_28_storage_performance_bench_cu_af2961a1::device_info::multiprocessors) * 16)’ from ‘int’ to ‘std::size_t’ {aka ‘long unsigned int’} [-Wnarrowing]
  824 |   device_buffer<unsigned long long> integer_sink{device.multiprocessors * 16};
      |                                                  ~~~~~~~~~~~~~~~~~~~~~~~~~^~~~
/storage/home/timofeirusanov/accessor_universal_test/src/storage_performance_bench.cu:825:59: warning: narrowing conversion of ‘(((int)device._GLOBAL__N__9bcc3e08_28_storage_performance_bench_cu_af2961a1::device_info::multiprocessors) * 16)’ from ‘int’ to ‘std::size_t’ {aka ‘long unsigned int’} [-Wnarrowing]
  825 |   device_buffer<double> partials{device.multiprocessors * 16};
      |                                  ~~~~~~~~~~~~~~~~~~~~~~~~~^~~~
/storage/home/timofeirusanov/accessor_universal_test/src/storage_performance_bench.cu: In instantiation of ‘void _GLOBAL__N__9bcc3e08_28_storage_performance_bench_cu_af2961a1::profile_format_lane(const _GLOBAL__N__9bcc3e08_28_storage_performance_bench_cu_af2961a1::options&, const _GLOBAL__N__9bcc3e08_28_storage_performance_bench_cu_af2961a1::device_info&, const double*, const double*, _GLOBAL__N__9bcc3e08_28_storage_performance_bench_cu_af2961a1::profile_output&, std::size_t) [with Format = aut::storage::e1m6; int Lanes = 2; std::size_t = long unsigned int]’:
/storage/home/timofeirusanov/accessor_universal_test/src/storage_performance_bench.cu:878:33:   required from ‘bool _GLOBAL__N__9bcc3e08_28_storage_performance_bench_cu_af2961a1::try_profile_format(const _GLOBAL__N__9bcc3e08_28_storage_performance_bench_cu_af2961a1::options&, const _GLOBAL__N__9bcc3e08_28_storage_performance_bench_cu_af2961a1::device_info&, const double*, const double*, _GLOBAL__N__9bcc3e08_28_storage_performance_bench_cu_af2961a1::profile_output&, std::size_t&) [with Format = aut::storage::e1m6; std::size_t = long unsigned int]’
/storage/home/timofeirusanov/accessor_universal_test/src/storage_performance_bench.cu:892:84:   required from ‘void _GLOBAL__N__9bcc3e08_28_storage_performance_bench_cu_af2961a1::profile_formats(const _GLOBAL__N__9bcc3e08_28_storage_performance_bench_cu_af2961a1::options&, const _GLOBAL__N__9bcc3e08_28_storage_performance_bench_cu_af2961a1::device_info&, const double*, const double*, _GLOBAL__N__9bcc3e08_28_storage_performance_bench_cu_af2961a1::profile_output&) [with Formats = {aut::storage::e1m6, aut::storage::e2m5, aut::storage::e3m4, aut::storage::fp8_e4m3, aut::storage::fp8_e5m2, aut::storage::e1m14, aut::storage::e2m13, aut::storage::e3m12, aut::storage::fp16_e5m10, aut::storage::bf16_e8m7, aut::storage::e11m4, aut::storage::e1m30, aut::storage::e2m29, aut::storage::e3m28, aut::storage::fp32_e8m23, aut::storage::e11m20, aut::storage::fp64_e11m52}]’
/storage/home/timofeirusanov/accessor_universal_test/src/storage_performance_bench.cu:921:399:   required from here
/storage/home/timofeirusanov/accessor_universal_test/src/storage_performance_bench.cu:824:75: warning: narrowing conversion of ‘(((int)device._GLOBAL__N__9bcc3e08_28_storage_performance_bench_cu_af2961a1::device_info::multiprocessors) * 16)’ from ‘int’ to ‘std::size_t’ {aka ‘long unsigned int’} [-Wnarrowing]
  824 |   device_buffer<unsigned long long> integer_sink{device.multiprocessors * 16};
      |                                                  ~~~~~~~~~~~~~~~~~~~~~~~~~^~~~
/storage/home/timofeirusanov/accessor_universal_test/src/storage_performance_bench.cu:825:59: warning: narrowing conversion of ‘(((int)device._GLOBAL__N__9bcc3e08_28_storage_performance_bench_cu_af2961a1::device_info::multiprocessors) * 16)’ from ‘int’ to ‘std::size_t’ {aka ‘long unsigned int’} [-Wnarrowing]
  825 |   device_buffer<double> partials{device.multiprocessors * 16};
      |                                  ~~~~~~~~~~~~~~~~~~~~~~~~~^~~~
/storage/home/timofeirusanov/accessor_universal_test/src/storage_performance_bench.cu: In instantiation of ‘void _GLOBAL__N__9bcc3e08_28_storage_performance_bench_cu_af2961a1::profile_format_lane(const _GLOBAL__N__9bcc3e08_28_storage_performance_bench_cu_af2961a1::options&, const _GLOBAL__N__9bcc3e08_28_storage_performance_bench_cu_af2961a1::device_info&, const double*, const double*, _GLOBAL__N__9bcc3e08_28_storage_performance_bench_cu_af2961a1::profile_output&, std::size_t) [with Format = aut::storage::e1m6; int Lanes = 4; std::size_t = long unsigned int]’:
/storage/home/timofeirusanov/accessor_universal_test/src/storage_performance_bench.cu:881:33:   required from ‘bool _GLOBAL__N__9bcc3e08_28_storage_performance_bench_cu_af2961a1::try_profile_format(const _GLOBAL__N__9bcc3e08_28_storage_performance_bench_cu_af2961a1::options&, const _GLOBAL__N__9bcc3e08_28_storage_performance_bench_cu_af2961a1::device_info&, const double*, const double*, _GLOBAL__N__9bcc3e08_28_storage_performance_bench_cu_af2961a1::profile_output&, std::size_t&) [with Format = aut::storage::e1m6; std::size_t = long unsigned int]’
/storage/home/timofeirusanov/accessor_universal_test/src/storage_performance_bench.cu:892:84:   required from ‘void _GLOBAL__N__9bcc3e08_28_storage_performance_bench_cu_af2961a1::profile_formats(const _GLOBAL__N__9bcc3e08_28_storage_performance_bench_cu_af2961a1::options&, const _GLOBAL__N__9bcc3e08_28_storage_performance_bench_cu_af2961a1::device_info&, const double*, const double*, _GLOBAL__N__9bcc3e08_28_storage_performance_bench_cu_af2961a1::profile_output&) [with Formats = {aut::storage::e1m6, aut::storage::e2m5, aut::storage::e3m4, aut::storage::fp8_e4m3, aut::storage::fp8_e5m2, aut::storage::e1m14, aut::storage::e2m13, aut::storage::e3m12, aut::storage::fp16_e5m10, aut::storage::bf16_e8m7, aut::storage::e11m4, aut::storage::e1m30, aut::storage::e2m29, aut::storage::e3m28, aut::storage::fp32_e8m23, aut::storage::e11m20, aut::storage::fp64_e11m52}]’
/storage/home/timofeirusanov/accessor_universal_test/src/storage_performance_bench.cu:921:399:   required from here
/storage/home/timofeirusanov/accessor_universal_test/src/storage_performance_bench.cu:824:75: warning: narrowing conversion of ‘(((int)device._GLOBAL__N__9bcc3e08_28_storage_performance_bench_cu_af2961a1::device_info::multiprocessors) * 16)’ from ‘int’ to ‘std::size_t’ {aka ‘long unsigned int’} [-Wnarrowing]
  824 |   device_buffer<unsigned long long> integer_sink{device.multiprocessors * 16};
      |                                                  ~~~~~~~~~~~~~~~~~~~~~~~~~^~~~
/storage/home/timofeirusanov/accessor_universal_test/src/storage_performance_bench.cu:825:59: warning: narrowing conversion of ‘(((int)device._GLOBAL__N__9bcc3e08_28_storage_performance_bench_cu_af2961a1::device_info::multiprocessors) * 16)’ from ‘int’ to ‘std::size_t’ {aka ‘long unsigned int’} [-Wnarrowing]
  825 |   device_buffer<double> partials{device.multiprocessors * 16};
      |                                  ~~~~~~~~~~~~~~~~~~~~~~~~~^~~~
/storage/home/timofeirusanov/accessor_universal_test/src/storage_performance_bench.cu: In instantiation of ‘void _GLOBAL__N__9bcc3e08_28_storage_performance_bench_cu_af2961a1::profile_format_lane(const _GLOBAL__N__9bcc3e08_28_storage_performance_bench_cu_af2961a1::options&, const _GLOBAL__N__9bcc3e08_28_storage_performance_bench_cu_af2961a1::device_info&, const double*, const double*, _GLOBAL__N__9bcc3e08_28_storage_performance_bench_cu_af2961a1::profile_output&, std::size_t) [with Format = aut::storage::e2m5; int Lanes = 1; std::size_t = long unsigned int]’:
/storage/home/timofeirusanov/accessor_universal_test/src/storage_performance_bench.cu:875:33:   required from ‘bool _GLOBAL__N__9bcc3e08_28_storage_performance_bench_cu_af2961a1::try_profile_format(const _GLOBAL__N__9bcc3e08_28_storage_performance_bench_cu_af2961a1::options&, const _GLOBAL__N__9bcc3e08_28_storage_performance_bench_cu_af2961a1::device_info&, const double*, const double*, _GLOBAL__N__9bcc3e08_28_storage_performance_bench_cu_af2961a1::profile_output&, std::size_t&) [with Format = aut::storage::e2m5; std::size_t = long unsigned int]’
/storage/home/timofeirusanov/accessor_universal_test/src/storage_performance_bench.cu:892:84:   required from ‘void _GLOBAL__N__9bcc3e08_28_storage_performance_bench_cu_af2961a1::profile_formats(const _GLOBAL__N__9bcc3e08_28_storage_performance_bench_cu_af2961a1::options&, const _GLOBAL__N__9bcc3e08_28_storage_performance_bench_cu_af2961a1::device_info&, const double*, const double*, _GLOBAL__N__9bcc3e08_28_storage_performance_bench_cu_af2961a1::profile_output&) [with Formats = {aut::storage::e1m6, aut::storage::e2m5, aut::storage::e3m4, aut::storage::fp8_e4m3, aut::storage::fp8_e5m2, aut::storage::e1m14, aut::storage::e2m13, aut::storage::e3m12, aut::storage::fp16_e5m10, aut::storage::bf16_e8m7, aut::storage::e11m4, aut::storage::e1m30, aut::storage::e2m29, aut::storage::e3m28, aut::storage::fp32_e8m23, aut::storage::e11m20, aut::storage::fp64_e11m52}]’
/storage/home/timofeirusanov/accessor_universal_test/src/storage_performance_bench.cu:921:399:   required from here
/storage/home/timofeirusanov/accessor_universal_test/src/storage_performance_bench.cu:824:75: warning: narrowing conversion of ‘(((int)device._GLOBAL__N__9bcc3e08_28_storage_performance_bench_cu_af2961a1::device_info::multiprocessors) * 16)’ from ‘int’ to ‘std::size_t’ {aka ‘long unsigned int’} [-Wnarrowing]
  824 |   device_buffer<unsigned long long> integer_sink{device.multiprocessors * 16};
      |                                                  ~~~~~~~~~~~~~~~~~~~~~~~~~^~~~
/storage/home/timofeirusanov/accessor_universal_test/src/storage_performance_bench.cu:825:59: warning: narrowing conversion of ‘(((int)device._GLOBAL__N__9bcc3e08_28_storage_performance_bench_cu_af2961a1::device_info::multiprocessors) * 16)’ from ‘int’ to ‘std::size_t’ {aka ‘long unsigned int’} [-Wnarrowing]
  825 |   device_buffer<double> partials{device.multiprocessors * 16};
      |                                  ~~~~~~~~~~~~~~~~~~~~~~~~~^~~~
/storage/home/timofeirusanov/accessor_universal_test/src/storage_performance_bench.cu: In instantiation of ‘void _GLOBAL__N__9bcc3e08_28_storage_performance_bench_cu_af2961a1::profile_format_lane(const _GLOBAL__N__9bcc3e08_28_storage_performance_bench_cu_af2961a1::options&, const _GLOBAL__N__9bcc3e08_28_storage_performance_bench_cu_af2961a1::device_info&, const double*, const double*, _GLOBAL__N__9bcc3e08_28_storage_performance_bench_cu_af2961a1::profile_output&, std::size_t) [with Format = aut::storage::e2m5; int Lanes = 2; std::size_t = long unsigned int]’:
/storage/home/timofeirusanov/accessor_universal_test/src/storage_performance_bench.cu:878:33:   required from ‘bool _GLOBAL__N__9bcc3e08_28_storage_performance_bench_cu_af2961a1::try_profile_format(const _GLOBAL__N__9bcc3e08_28_storage_performance_bench_cu_af2961a1::options&, const _GLOBAL__N__9bcc3e08_28_storage_performance_bench_cu_af2961a1::device_info&, const double*, const double*, _GLOBAL__N__9bcc3e08_28_storage_performance_bench_cu_af2961a1::profile_output&, std::size_t&) [with Format = aut::storage::e2m5; std::size_t = long unsigned int]’
/storage/home/timofeirusanov/accessor_universal_test/src/storage_performance_bench.cu:892:84:   required from ‘void _GLOBAL__N__9bcc3e08_28_storage_performance_bench_cu_af2961a1::profile_formats(const _GLOBAL__N__9bcc3e08_28_storage_performance_bench_cu_af2961a1::options&, const _GLOBAL__N__9bcc3e08_28_storage_performance_bench_cu_af2961a1::device_info&, const double*, const double*, _GLOBAL__N__9bcc3e08_28_storage_performance_bench_cu_af2961a1::profile_output&) [with Formats = {aut::storage::e1m6, aut::storage::e2m5, aut::storage::e3m4, aut::storage::fp8_e4m3, aut::storage::fp8_e5m2, aut::storage::e1m14, aut::storage::e2m13, aut::storage::e3m12, aut::storage::fp16_e5m10, aut::storage::bf16_e8m7, aut::storage::e11m4, aut::storage::e1m30, aut::storage::e2m29, aut::storage::e3m28, aut::storage::fp32_e8m23, aut::storage::e11m20, aut::storage::fp64_e11m52}]’
/storage/home/timofeirusanov/accessor_universal_test/src/storage_performance_bench.cu:921:399:   required from here
/storage/home/timofeirusanov/accessor_universal_test/src/storage_performance_bench.cu:824:75: warning: narrowing conversion of ‘(((int)device._GLOBAL__N__9bcc3e08_28_storage_performance_bench_cu_af2961a1::device_info::multiprocessors) * 16)’ from ‘int’ to ‘std::size_t’ {aka ‘long unsigned int’} [-Wnarrowing]
  824 |   device_buffer<unsigned long long> integer_sink{device.multiprocessors * 16};
      |                                                  ~~~~~~~~~~~~~~~~~~~~~~~~~^~~~
/storage/home/timofeirusanov/accessor_universal_test/src/storage_performance_bench.cu:825:59: warning: narrowing conversion of ‘(((int)device._GLOBAL__N__9bcc3e08_28_storage_performance_bench_cu_af2961a1::device_info::multiprocessors) * 16)’ from ‘int’ to ‘std::size_t’ {aka ‘long unsigned int’} [-Wnarrowing]
  825 |   device_buffer<double> partials{device.multiprocessors * 16};
      |                                  ~~~~~~~~~~~~~~~~~~~~~~~~~^~~~
/storage/home/timofeirusanov/accessor_universal_test/src/storage_performance_bench.cu: In instantiation of ‘void _GLOBAL__N__9bcc3e08_28_storage_performance_bench_cu_af2961a1::profile_format_lane(const _GLOBAL__N__9bcc3e08_28_storage_performance_bench_cu_af2961a1::options&, const _GLOBAL__N__9bcc3e08_28_storage_performance_bench_cu_af2961a1::device_info&, const double*, const double*, _GLOBAL__N__9bcc3e08_28_storage_performance_bench_cu_af2961a1::profile_output&, std::size_t) [with Format = aut::storage::e2m5; int Lanes = 4; std::size_t = long unsigned int]’:
/storage/home/timofeirusanov/accessor_universal_test/src/storage_performance_bench.cu:881:33:   required from ‘bool _GLOBAL__N__9bcc3e08_28_storage_performance_bench_cu_af2961a1::try_profile_format(const _GLOBAL__N__9bcc3e08_28_storage_performance_bench_cu_af2961a1::options&, const _GLOBAL__N__9bcc3e08_28_storage_performance_bench_cu_af2961a1::device_info&, const double*, const double*, _GLOBAL__N__9bcc3e08_28_storage_performance_bench_cu_af2961a1::profile_output&, std::size_t&) [with Format = aut::storage::e2m5; std::size_t = long unsigned int]’
/storage/home/timofeirusanov/accessor_universal_test/src/storage_performance_bench.cu:892:84:   required from ‘void _GLOBAL__N__9bcc3e08_28_storage_performance_bench_cu_af2961a1::profile_formats(const _GLOBAL__N__9bcc3e08_28_storage_performance_bench_cu_af2961a1::options&, const _GLOBAL__N__9bcc3e08_28_storage_performance_bench_cu_af2961a1::device_info&, const double*, const double*, _GLOBAL__N__9bcc3e08_28_storage_performance_bench_cu_af2961a1::profile_output&) [with Formats = {aut::storage::e1m6, aut::storage::e2m5, aut::storage::e3m4, aut::storage::fp8_e4m3, aut::storage::fp8_e5m2, aut::storage::e1m14, aut::storage::e2m13, aut::storage::e3m12, aut::storage::fp16_e5m10, aut::storage::bf16_e8m7, aut::storage::e11m4, aut::storage::e1m30, aut::storage::e2m29, aut::storage::e3m28, aut::storage::fp32_e8m23, aut::storage::e11m20, aut::storage::fp64_e11m52}]’
/storage/home/timofeirusanov/accessor_universal_test/src/storage_performance_bench.cu:921:399:   required from here
/storage/home/timofeirusanov/accessor_universal_test/src/storage_performance_bench.cu:824:75: warning: narrowing conversion of ‘(((int)device._GLOBAL__N__9bcc3e08_28_storage_performance_bench_cu_af2961a1::device_info::multiprocessors) * 16)’ from ‘int’ to ‘std::size_t’ {aka ‘long unsigned int’} [-Wnarrowing]
  824 |   device_buffer<unsigned long long> integer_sink{device.multiprocessors * 16};
      |                                                  ~~~~~~~~~~~~~~~~~~~~~~~~~^~~~
/storage/home/timofeirusanov/accessor_universal_test/src/storage_performance_bench.cu:825:59: warning: narrowing conversion of ‘(((int)device._GLOBAL__N__9bcc3e08_28_storage_performance_bench_cu_af2961a1::device_info::multiprocessors) * 16)’ from ‘int’ to ‘std::size_t’ {aka ‘long unsigned int’} [-Wnarrowing]
  825 |   device_buffer<double> partials{device.multiprocessors * 16};
      |                                  ~~~~~~~~~~~~~~~~~~~~~~~~~^~~~
/storage/home/timofeirusanov/accessor_universal_test/src/storage_performance_bench.cu: In instantiation of ‘void _GLOBAL__N__9bcc3e08_28_storage_performance_bench_cu_af2961a1::profile_format_lane(const _GLOBAL__N__9bcc3e08_28_storage_performance_bench_cu_af2961a1::options&, const _GLOBAL__N__9bcc3e08_28_storage_performance_bench_cu_af2961a1::device_info&, const double*, const double*, _GLOBAL__N__9bcc3e08_28_storage_performance_bench_cu_af2961a1::profile_output&, std::size_t) [with Format = aut::storage::e3m4; int Lanes = 1; std::size_t = long unsigned int]’:
/storage/home/timofeirusanov/accessor_universal_test/src/storage_performance_bench.cu:875:33:   required from ‘bool _GLOBAL__N__9bcc3e08_28_storage_performance_bench_cu_af2961a1::try_profile_format(const _GLOBAL__N__9bcc3e08_28_storage_performance_bench_cu_af2961a1::options&, const _GLOBAL__N__9bcc3e08_28_storage_performance_bench_cu_af2961a1::device_info&, const double*, const double*, _GLOBAL__N__9bcc3e08_28_storage_performance_bench_cu_af2961a1::profile_output&, std::size_t&) [with Format = aut::storage::e3m4; std::size_t = long unsigned int]’
/storage/home/timofeirusanov/accessor_universal_test/src/storage_performance_bench.cu:892:84:   required from ‘void _GLOBAL__N__9bcc3e08_28_storage_performance_bench_cu_af2961a1::profile_formats(const _GLOBAL__N__9bcc3e08_28_storage_performance_bench_cu_af2961a1::options&, const _GLOBAL__N__9bcc3e08_28_storage_performance_bench_cu_af2961a1::device_info&, const double*, const double*, _GLOBAL__N__9bcc3e08_28_storage_performance_bench_cu_af2961a1::profile_output&) [with Formats = {aut::storage::e1m6, aut::storage::e2m5, aut::storage::e3m4, aut::storage::fp8_e4m3, aut::storage::fp8_e5m2, aut::storage::e1m14, aut::storage::e2m13, aut::storage::e3m12, aut::storage::fp16_e5m10, aut::storage::bf16_e8m7, aut::storage::e11m4, aut::storage::e1m30, aut::storage::e2m29, aut::storage::e3m28, aut::storage::fp32_e8m23, aut::storage::e11m20, aut::storage::fp64_e11m52}]’
/storage/home/timofeirusanov/accessor_universal_test/src/storage_performance_bench.cu:921:399:   required from here
/storage/home/timofeirusanov/accessor_universal_test/src/storage_performance_bench.cu:824:75: warning: narrowing conversion of ‘(((int)device._GLOBAL__N__9bcc3e08_28_storage_performance_bench_cu_af2961a1::device_info::multiprocessors) * 16)’ from ‘int’ to ‘std::size_t’ {aka ‘long unsigned int’} [-Wnarrowing]
  824 |   device_buffer<unsigned long long> integer_sink{device.multiprocessors * 16};
      |                                                  ~~~~~~~~~~~~~~~~~~~~~~~~~^~~~
/storage/home/timofeirusanov/accessor_universal_test/src/storage_performance_bench.cu:825:59: warning: narrowing conversion of ‘(((int)device._GLOBAL__N__9bcc3e08_28_storage_performance_bench_cu_af2961a1::device_info::multiprocessors) * 16)’ from ‘int’ to ‘std::size_t’ {aka ‘long unsigned int’} [-Wnarrowing]
  825 |   device_buffer<double> partials{device.multiprocessors * 16};
      |                                  ~~~~~~~~~~~~~~~~~~~~~~~~~^~~~
/storage/home/timofeirusanov/accessor_universal_test/src/storage_performance_bench.cu: In instantiation of ‘void _GLOBAL__N__9bcc3e08_28_storage_performance_bench_cu_af2961a1::profile_format_lane(const _GLOBAL__N__9bcc3e08_28_storage_performance_bench_cu_af2961a1::options&, const _GLOBAL__N__9bcc3e08_28_storage_performance_bench_cu_af2961a1::device_info&, const double*, const double*, _GLOBAL__N__9bcc3e08_28_storage_performance_bench_cu_af2961a1::profile_output&, std::size_t) [with Format = aut::storage::e3m4; int Lanes = 2; std::size_t = long unsigned int]’:
/storage/home/timofeirusanov/accessor_universal_test/src/storage_performance_bench.cu:878:33:   required from ‘bool _GLOBAL__N__9bcc3e08_28_storage_performance_bench_cu_af2961a1::try_profile_format(const _GLOBAL__N__9bcc3e08_28_storage_performance_bench_cu_af2961a1::options&, const _GLOBAL__N__9bcc3e08_28_storage_performance_bench_cu_af2961a1::device_info&, const double*, const double*, _GLOBAL__N__9bcc3e08_28_storage_performance_bench_cu_af2961a1::profile_output&, std::size_t&) [with Format = aut::storage::e3m4; std::size_t = long unsigned int]’
/storage/home/timofeirusanov/accessor_universal_test/src/storage_performance_bench.cu:892:84:   required from ‘void _GLOBAL__N__9bcc3e08_28_storage_performance_bench_cu_af2961a1::profile_formats(const _GLOBAL__N__9bcc3e08_28_storage_performance_bench_cu_af2961a1::options&, const _GLOBAL__N__9bcc3e08_28_storage_performance_bench_cu_af2961a1::device_info&, const double*, const double*, _GLOBAL__N__9bcc3e08_28_storage_performance_bench_cu_af2961a1::profile_output&) [with Formats = {aut::storage::e1m6, aut::storage::e2m5, aut::storage::e3m4, aut::storage::fp8_e4m3, aut::storage::fp8_e5m2, aut::storage::e1m14, aut::storage::e2m13, aut::storage::e3m12, aut::storage::fp16_e5m10, aut::storage::bf16_e8m7, aut::storage::e11m4, aut::storage::e1m30, aut::storage::e2m29, aut::storage::e3m28, aut::storage::fp32_e8m23, aut::storage::e11m20, aut::storage::fp64_e11m52}]’
/storage/home/timofeirusanov/accessor_universal_test/src/storage_performance_bench.cu:921:399:   required from here
/storage/home/timofeirusanov/accessor_universal_test/src/storage_performance_bench.cu:824:75: warning: narrowing conversion of ‘(((int)device._GLOBAL__N__9bcc3e08_28_storage_performance_bench_cu_af2961a1::device_info::multiprocessors) * 16)’ from ‘int’ to ‘std::size_t’ {aka ‘long unsigned int’} [-Wnarrowing]
  824 |   device_buffer<unsigned long long> integer_sink{device.multiprocessors * 16};
      |                                                  ~~~~~~~~~~~~~~~~~~~~~~~~~^~~~
/storage/home/timofeirusanov/accessor_universal_test/src/storage_performance_bench.cu:825:59: warning: narrowing conversion of ‘(((int)device._GLOBAL__N__9bcc3e08_28_storage_performance_bench_cu_af2961a1::device_info::multiprocessors) * 16)’ from ‘int’ to ‘std::size_t’ {aka ‘long unsigned int’} [-Wnarrowing]
  825 |   device_buffer<double> partials{device.multiprocessors * 16};
      |                                  ~~~~~~~~~~~~~~~~~~~~~~~~~^~~~
/storage/home/timofeirusanov/accessor_universal_test/src/storage_performance_bench.cu: In instantiation of ‘void _GLOBAL__N__9bcc3e08_28_storage_performance_bench_cu_af2961a1::profile_format_lane(const _GLOBAL__N__9bcc3e08_28_storage_performance_bench_cu_af2961a1::options&, const _GLOBAL__N__9bcc3e08_28_storage_performance_bench_cu_af2961a1::device_info&, const double*, const double*, _GLOBAL__N__9bcc3e08_28_storage_performance_bench_cu_af2961a1::profile_output&, std::size_t) [with Format = aut::storage::e3m4; int Lanes = 4; std::size_t = long unsigned int]’:
/storage/home/timofeirusanov/accessor_universal_test/src/storage_performance_bench.cu:881:33:   required from ‘bool _GLOBAL__N__9bcc3e08_28_storage_performance_bench_cu_af2961a1::try_profile_format(const _GLOBAL__N__9bcc3e08_28_storage_performance_bench_cu_af2961a1::options&, const _GLOBAL__N__9bcc3e08_28_storage_performance_bench_cu_af2961a1::device_info&, const double*, const double*, _GLOBAL__N__9bcc3e08_28_storage_performance_bench_cu_af2961a1::profile_output&, std::size_t&) [with Format = aut::storage::e3m4; std::size_t = long unsigned int]’
/storage/home/timofeirusanov/accessor_universal_test/src/storage_performance_bench.cu:892:84:   required from ‘void _GLOBAL__N__9bcc3e08_28_storage_performance_bench_cu_af2961a1::profile_formats(const _GLOBAL__N__9bcc3e08_28_storage_performance_bench_cu_af2961a1::options&, const _GLOBAL__N__9bcc3e08_28_storage_performance_bench_cu_af2961a1::device_info&, const double*, const double*, _GLOBAL__N__9bcc3e08_28_storage_performance_bench_cu_af2961a1::profile_output&) [with Formats = {aut::storage::e1m6, aut::storage::e2m5, aut::storage::e3m4, aut::storage::fp8_e4m3, aut::storage::fp8_e5m2, aut::storage::e1m14, aut::storage::e2m13, aut::storage::e3m12, aut::storage::fp16_e5m10, aut::storage::bf16_e8m7, aut::storage::e11m4, aut::storage::e1m30, aut::storage::e2m29, aut::storage::e3m28, aut::storage::fp32_e8m23, aut::storage::e11m20, aut::storage::fp64_e11m52}]’
/storage/home/timofeirusanov/accessor_universal_test/src/storage_performance_bench.cu:921:399:   required from here
/storage/home/timofeirusanov/accessor_universal_test/src/storage_performance_bench.cu:824:75: warning: narrowing conversion of ‘(((int)device._GLOBAL__N__9bcc3e08_28_storage_performance_bench_cu_af2961a1::device_info::multiprocessors) * 16)’ from ‘int’ to ‘std::size_t’ {aka ‘long unsigned int’} [-Wnarrowing]
  824 |   device_buffer<unsigned long long> integer_sink{device.multiprocessors * 16};
      |                                                  ~~~~~~~~~~~~~~~~~~~~~~~~~^~~~
/storage/home/timofeirusanov/accessor_universal_test/src/storage_performance_bench.cu:825:59: warning: narrowing conversion of ‘(((int)device._GLOBAL__N__9bcc3e08_28_storage_performance_bench_cu_af2961a1::device_info::multiprocessors) * 16)’ from ‘int’ to ‘std::size_t’ {aka ‘long unsigned int’} [-Wnarrowing]
  825 |   device_buffer<double> partials{device.multiprocessors * 16};
      |                                  ~~~~~~~~~~~~~~~~~~~~~~~~~^~~~
/storage/home/timofeirusanov/accessor_universal_test/src/storage_performance_bench.cu: In instantiation of ‘void _GLOBAL__N__9bcc3e08_28_storage_performance_bench_cu_af2961a1::profile_format_lane(const _GLOBAL__N__9bcc3e08_28_storage_performance_bench_cu_af2961a1::options&, const _GLOBAL__N__9bcc3e08_28_storage_performance_bench_cu_af2961a1::device_info&, const double*, const double*, _GLOBAL__N__9bcc3e08_28_storage_performance_bench_cu_af2961a1::profile_output&, std::size_t) [with Format = aut::storage::fp8_e4m3; int Lanes = 1; std::size_t = long unsigned int]’:
/storage/home/timofeirusanov/accessor_universal_test/src/storage_performance_bench.cu:875:33:   required from ‘bool _GLOBAL__N__9bcc3e08_28_storage_performance_bench_cu_af2961a1::try_profile_format(const _GLOBAL__N__9bcc3e08_28_storage_performance_bench_cu_af2961a1::options&, const _GLOBAL__N__9bcc3e08_28_storage_performance_bench_cu_af2961a1::device_info&, const double*, const double*, _GLOBAL__N__9bcc3e08_28_storage_performance_bench_cu_af2961a1::profile_output&, std::size_t&) [with Format = aut::storage::fp8_e4m3; std::size_t = long unsigned int]’
/storage/home/timofeirusanov/accessor_universal_test/src/storage_performance_bench.cu:892:84:   required from ‘void _GLOBAL__N__9bcc3e08_28_storage_performance_bench_cu_af2961a1::profile_formats(const _GLOBAL__N__9bcc3e08_28_storage_performance_bench_cu_af2961a1::options&, const _GLOBAL__N__9bcc3e08_28_storage_performance_bench_cu_af2961a1::device_info&, const double*, const double*, _GLOBAL__N__9bcc3e08_28_storage_performance_bench_cu_af2961a1::profile_output&) [with Formats = {aut::storage::e1m6, aut::storage::e2m5, aut::storage::e3m4, aut::storage::fp8_e4m3, aut::storage::fp8_e5m2, aut::storage::e1m14, aut::storage::e2m13, aut::storage::e3m12, aut::storage::fp16_e5m10, aut::storage::bf16_e8m7, aut::storage::e11m4, aut::storage::e1m30, aut::storage::e2m29, aut::storage::e3m28, aut::storage::fp32_e8m23, aut::storage::e11m20, aut::storage::fp64_e11m52}]’
/storage/home/timofeirusanov/accessor_universal_test/src/storage_performance_bench.cu:921:399:   required from here
/storage/home/timofeirusanov/accessor_universal_test/src/storage_performance_bench.cu:824:75: warning: narrowing conversion of ‘(((int)device._GLOBAL__N__9bcc3e08_28_storage_performance_bench_cu_af2961a1::device_info::multiprocessors) * 16)’ from ‘int’ to ‘std::size_t’ {aka ‘long unsigned int’} [-Wnarrowing]
  824 |   device_buffer<unsigned long long> integer_sink{device.multiprocessors * 16};
      |                                                  ~~~~~~~~~~~~~~~~~~~~~~~~~^~~~
/storage/home/timofeirusanov/accessor_universal_test/src/storage_performance_bench.cu:825:59: warning: narrowing conversion of ‘(((int)device._GLOBAL__N__9bcc3e08_28_storage_performance_bench_cu_af2961a1::device_info::multiprocessors) * 16)’ from ‘int’ to ‘std::size_t’ {aka ‘long unsigned int’} [-Wnarrowing]
  825 |   device_buffer<double> partials{device.multiprocessors * 16};
      |                                  ~~~~~~~~~~~~~~~~~~~~~~~~~^~~~
/storage/home/timofeirusanov/accessor_universal_test/src/storage_performance_bench.cu: In instantiation of ‘void _GLOBAL__N__9bcc3e08_28_storage_performance_bench_cu_af2961a1::profile_format_lane(const _GLOBAL__N__9bcc3e08_28_storage_performance_bench_cu_af2961a1::options&, const _GLOBAL__N__9bcc3e08_28_storage_performance_bench_cu_af2961a1::device_info&, const double*, const double*, _GLOBAL__N__9bcc3e08_28_storage_performance_bench_cu_af2961a1::profile_output&, std::size_t) [with Format = aut::storage::fp8_e4m3; int Lanes = 2; std::size_t = long unsigned int]’:
/storage/home/timofeirusanov/accessor_universal_test/src/storage_performance_bench.cu:878:33:   required from ‘bool _GLOBAL__N__9bcc3e08_28_storage_performance_bench_cu_af2961a1::try_profile_format(const _GLOBAL__N__9bcc3e08_28_storage_performance_bench_cu_af2961a1::options&, const _GLOBAL__N__9bcc3e08_28_storage_performance_bench_cu_af2961a1::device_info&, const double*, const double*, _GLOBAL__N__9bcc3e08_28_storage_performance_bench_cu_af2961a1::profile_output&, std::size_t&) [with Format = aut::storage::fp8_e4m3; std::size_t = long unsigned int]’
/storage/home/timofeirusanov/accessor_universal_test/src/storage_performance_bench.cu:892:84:   required from ‘void _GLOBAL__N__9bcc3e08_28_storage_performance_bench_cu_af2961a1::profile_formats(const _GLOBAL__N__9bcc3e08_28_storage_performance_bench_cu_af2961a1::options&, const _GLOBAL__N__9bcc3e08_28_storage_performance_bench_cu_af2961a1::device_info&, const double*, const double*, _GLOBAL__N__9bcc3e08_28_storage_performance_bench_cu_af2961a1::profile_output&) [with Formats = {aut::storage::e1m6, aut::storage::e2m5, aut::storage::e3m4, aut::storage::fp8_e4m3, aut::storage::fp8_e5m2, aut::storage::e1m14, aut::storage::e2m13, aut::storage::e3m12, aut::storage::fp16_e5m10, aut::storage::bf16_e8m7, aut::storage::e11m4, aut::storage::e1m30, aut::storage::e2m29, aut::storage::e3m28, aut::storage::fp32_e8m23, aut::storage::e11m20, aut::storage::fp64_e11m52}]’
/storage/home/timofeirusanov/accessor_universal_test/src/storage_performance_bench.cu:921:399:   required from here
/storage/home/timofeirusanov/accessor_universal_test/src/storage_performance_bench.cu:824:75: warning: narrowing conversion of ‘(((int)device._GLOBAL__N__9bcc3e08_28_storage_performance_bench_cu_af2961a1::device_info::multiprocessors) * 16)’ from ‘int’ to ‘std::size_t’ {aka ‘long unsigned int’} [-Wnarrowing]
  824 |   device_buffer<unsigned long long> integer_sink{device.multiprocessors * 16};
      |                                                  ~~~~~~~~~~~~~~~~~~~~~~~~~^~~~
/storage/home/timofeirusanov/accessor_universal_test/src/storage_performance_bench.cu:825:59: warning: narrowing conversion of ‘(((int)device._GLOBAL__N__9bcc3e08_28_storage_performance_bench_cu_af2961a1::device_info::multiprocessors) * 16)’ from ‘int’ to ‘std::size_t’ {aka ‘long unsigned int’} [-Wnarrowing]
  825 |   device_buffer<double> partials{device.multiprocessors * 16};
      |                                  ~~~~~~~~~~~~~~~~~~~~~~~~~^~~~
/storage/home/timofeirusanov/accessor_universal_test/src/storage_performance_bench.cu: In instantiation of ‘void _GLOBAL__N__9bcc3e08_28_storage_performance_bench_cu_af2961a1::profile_format_lane(const _GLOBAL__N__9bcc3e08_28_storage_performance_bench_cu_af2961a1::options&, const _GLOBAL__N__9bcc3e08_28_storage_performance_bench_cu_af2961a1::device_info&, const double*, const double*, _GLOBAL__N__9bcc3e08_28_storage_performance_bench_cu_af2961a1::profile_output&, std::size_t) [with Format = aut::storage::fp8_e4m3; int Lanes = 4; std::size_t = long unsigned int]’:
/storage/home/timofeirusanov/accessor_universal_test/src/storage_performance_bench.cu:881:33:   required from ‘bool _GLOBAL__N__9bcc3e08_28_storage_performance_bench_cu_af2961a1::try_profile_format(const _GLOBAL__N__9bcc3e08_28_storage_performance_bench_cu_af2961a1::options&, const _GLOBAL__N__9bcc3e08_28_storage_performance_bench_cu_af2961a1::device_info&, const double*, const double*, _GLOBAL__N__9bcc3e08_28_storage_performance_bench_cu_af2961a1::profile_output&, std::size_t&) [with Format = aut::storage::fp8_e4m3; std::size_t = long unsigned int]’
/storage/home/timofeirusanov/accessor_universal_test/src/storage_performance_bench.cu:892:84:   required from ‘void _GLOBAL__N__9bcc3e08_28_storage_performance_bench_cu_af2961a1::profile_formats(const _GLOBAL__N__9bcc3e08_28_storage_performance_bench_cu_af2961a1::options&, const _GLOBAL__N__9bcc3e08_28_storage_performance_bench_cu_af2961a1::device_info&, const double*, const double*, _GLOBAL__N__9bcc3e08_28_storage_performance_bench_cu_af2961a1::profile_output&) [with Formats = {aut::storage::e1m6, aut::storage::e2m5, aut::storage::e3m4, aut::storage::fp8_e4m3, aut::storage::fp8_e5m2, aut::storage::e1m14, aut::storage::e2m13, aut::storage::e3m12, aut::storage::fp16_e5m10, aut::storage::bf16_e8m7, aut::storage::e11m4, aut::storage::e1m30, aut::storage::e2m29, aut::storage::e3m28, aut::storage::fp32_e8m23, aut::storage::e11m20, aut::storage::fp64_e11m52}]’
/storage/home/timofeirusanov/accessor_universal_test/src/storage_performance_bench.cu:921:399:   required from here
/storage/home/timofeirusanov/accessor_universal_test/src/storage_performance_bench.cu:824:75: warning: narrowing conversion of ‘(((int)device._GLOBAL__N__9bcc3e08_28_storage_performance_bench_cu_af2961a1::device_info::multiprocessors) * 16)’ from ‘int’ to ‘std::size_t’ {aka ‘long unsigned int’} [-Wnarrowing]
  824 |   device_buffer<unsigned long long> integer_sink{device.multiprocessors * 16};
      |                                                  ~~~~~~~~~~~~~~~~~~~~~~~~~^~~~
/storage/home/timofeirusanov/accessor_universal_test/src/storage_performance_bench.cu:825:59: warning: narrowing conversion of ‘(((int)device._GLOBAL__N__9bcc3e08_28_storage_performance_bench_cu_af2961a1::device_info::multiprocessors) * 16)’ from ‘int’ to ‘std::size_t’ {aka ‘long unsigned int’} [-Wnarrowing]
  825 |   device_buffer<double> partials{device.multiprocessors * 16};
      |                                  ~~~~~~~~~~~~~~~~~~~~~~~~~^~~~
/storage/home/timofeirusanov/accessor_universal_test/src/storage_performance_bench.cu: In instantiation of ‘void _GLOBAL__N__9bcc3e08_28_storage_performance_bench_cu_af2961a1::profile_format_lane(const _GLOBAL__N__9bcc3e08_28_storage_performance_bench_cu_af2961a1::options&, const _GLOBAL__N__9bcc3e08_28_storage_performance_bench_cu_af2961a1::device_info&, const double*, const double*, _GLOBAL__N__9bcc3e08_28_storage_performance_bench_cu_af2961a1::profile_output&, std::size_t) [with Format = aut::storage::fp8_e5m2; int Lanes = 1; std::size_t = long unsigned int]’:
/storage/home/timofeirusanov/accessor_universal_test/src/storage_performance_bench.cu:875:33:   required from ‘bool _GLOBAL__N__9bcc3e08_28_storage_performance_bench_cu_af2961a1::try_profile_format(const _GLOBAL__N__9bcc3e08_28_storage_performance_bench_cu_af2961a1::options&, const _GLOBAL__N__9bcc3e08_28_storage_performance_bench_cu_af2961a1::device_info&, const double*, const double*, _GLOBAL__N__9bcc3e08_28_storage_performance_bench_cu_af2961a1::profile_output&, std::size_t&) [with Format = aut::storage::fp8_e5m2; std::size_t = long unsigned int]’
/storage/home/timofeirusanov/accessor_universal_test/src/storage_performance_bench.cu:892:84:   required from ‘void _GLOBAL__N__9bcc3e08_28_storage_performance_bench_cu_af2961a1::profile_formats(const _GLOBAL__N__9bcc3e08_28_storage_performance_bench_cu_af2961a1::options&, const _GLOBAL__N__9bcc3e08_28_storage_performance_bench_cu_af2961a1::device_info&, const double*, const double*, _GLOBAL__N__9bcc3e08_28_storage_performance_bench_cu_af2961a1::profile_output&) [with Formats = {aut::storage::e1m6, aut::storage::e2m5, aut::storage::e3m4, aut::storage::fp8_e4m3, aut::storage::fp8_e5m2, aut::storage::e1m14, aut::storage::e2m13, aut::storage::e3m12, aut::storage::fp16_e5m10, aut::storage::bf16_e8m7, aut::storage::e11m4, aut::storage::e1m30, aut::storage::e2m29, aut::storage::e3m28, aut::storage::fp32_e8m23, aut::storage::e11m20, aut::storage::fp64_e11m52}]’
/storage/home/timofeirusanov/accessor_universal_test/src/storage_performance_bench.cu:921:399:   required from here
/storage/home/timofeirusanov/accessor_universal_test/src/storage_performance_bench.cu:824:75: warning: narrowing conversion of ‘(((int)device._GLOBAL__N__9bcc3e08_28_storage_performance_bench_cu_af2961a1::device_info::multiprocessors) * 16)’ from ‘int’ to ‘std::size_t’ {aka ‘long unsigned int’} [-Wnarrowing]
  824 |   device_buffer<unsigned long long> integer_sink{device.multiprocessors * 16};
      |                                                  ~~~~~~~~~~~~~~~~~~~~~~~~~^~~~
/storage/home/timofeirusanov/accessor_universal_test/src/storage_performance_bench.cu:825:59: warning: narrowing conversion of ‘(((int)device._GLOBAL__N__9bcc3e08_28_storage_performance_bench_cu_af2961a1::device_info::multiprocessors) * 16)’ from ‘int’ to ‘std::size_t’ {aka ‘long unsigned int’} [-Wnarrowing]
  825 |   device_buffer<double> partials{device.multiprocessors * 16};
      |                                  ~~~~~~~~~~~~~~~~~~~~~~~~~^~~~
/storage/home/timofeirusanov/accessor_universal_test/src/storage_performance_bench.cu: In instantiation of ‘void _GLOBAL__N__9bcc3e08_28_storage_performance_bench_cu_af2961a1::profile_format_lane(const _GLOBAL__N__9bcc3e08_28_storage_performance_bench_cu_af2961a1::options&, const _GLOBAL__N__9bcc3e08_28_storage_performance_bench_cu_af2961a1::device_info&, const double*, const double*, _GLOBAL__N__9bcc3e08_28_storage_performance_bench_cu_af2961a1::profile_output&, std::size_t) [with Format = aut::storage::fp8_e5m2; int Lanes = 2; std::size_t = long unsigned int]’:
/storage/home/timofeirusanov/accessor_universal_test/src/storage_performance_bench.cu:878:33:   required from ‘bool _GLOBAL__N__9bcc3e08_28_storage_performance_bench_cu_af2961a1::try_profile_format(const _GLOBAL__N__9bcc3e08_28_storage_performance_bench_cu_af2961a1::options&, const _GLOBAL__N__9bcc3e08_28_storage_performance_bench_cu_af2961a1::device_info&, const double*, const double*, _GLOBAL__N__9bcc3e08_28_storage_performance_bench_cu_af2961a1::profile_output&, std::size_t&) [with Format = aut::storage::fp8_e5m2; std::size_t = long unsigned int]’
/storage/home/timofeirusanov/accessor_universal_test/src/storage_performance_bench.cu:892:84:   required from ‘void _GLOBAL__N__9bcc3e08_28_storage_performance_bench_cu_af2961a1::profile_formats(const _GLOBAL__N__9bcc3e08_28_storage_performance_bench_cu_af2961a1::options&, const _GLOBAL__N__9bcc3e08_28_storage_performance_bench_cu_af2961a1::device_info&, const double*, const double*, _GLOBAL__N__9bcc3e08_28_storage_performance_bench_cu_af2961a1::profile_output&) [with Formats = {aut::storage::e1m6, aut::storage::e2m5, aut::storage::e3m4, aut::storage::fp8_e4m3, aut::storage::fp8_e5m2, aut::storage::e1m14, aut::storage::e2m13, aut::storage::e3m12, aut::storage::fp16_e5m10, aut::storage::bf16_e8m7, aut::storage::e11m4, aut::storage::e1m30, aut::storage::e2m29, aut::storage::e3m28, aut::storage::fp32_e8m23, aut::storage::e11m20, aut::storage::fp64_e11m52}]’
/storage/home/timofeirusanov/accessor_universal_test/src/storage_performance_bench.cu:921:399:   required from here
/storage/home/timofeirusanov/accessor_universal_test/src/storage_performance_bench.cu:824:75: warning: narrowing conversion of ‘(((int)device._GLOBAL__N__9bcc3e08_28_storage_performance_bench_cu_af2961a1::device_info::multiprocessors) * 16)’ from ‘int’ to ‘std::size_t’ {aka ‘long unsigned int’} [-Wnarrowing]
  824 |   device_buffer<unsigned long long> integer_sink{device.multiprocessors * 16};
      |                                                  ~~~~~~~~~~~~~~~~~~~~~~~~~^~~~
/storage/home/timofeirusanov/accessor_universal_test/src/storage_performance_bench.cu:825:59: warning: narrowing conversion of ‘(((int)device._GLOBAL__N__9bcc3e08_28_storage_performance_bench_cu_af2961a1::device_info::multiprocessors) * 16)’ from ‘int’ to ‘std::size_t’ {aka ‘long unsigned int’} [-Wnarrowing]
  825 |   device_buffer<double> partials{device.multiprocessors * 16};
      |                                  ~~~~~~~~~~~~~~~~~~~~~~~~~^~~~
/storage/home/timofeirusanov/accessor_universal_test/src/storage_performance_bench.cu: In instantiation of ‘void _GLOBAL__N__9bcc3e08_28_storage_performance_bench_cu_af2961a1::profile_format_lane(const _GLOBAL__N__9bcc3e08_28_storage_performance_bench_cu_af2961a1::options&, const _GLOBAL__N__9bcc3e08_28_storage_performance_bench_cu_af2961a1::device_info&, const double*, const double*, _GLOBAL__N__9bcc3e08_28_storage_performance_bench_cu_af2961a1::profile_output&, std::size_t) [with Format = aut::storage::fp8_e5m2; int Lanes = 4; std::size_t = long unsigned int]’:
/storage/home/timofeirusanov/accessor_universal_test/src/storage_performance_bench.cu:881:33:   required from ‘bool _GLOBAL__N__9bcc3e08_28_storage_performance_bench_cu_af2961a1::try_profile_format(const _GLOBAL__N__9bcc3e08_28_storage_performance_bench_cu_af2961a1::options&, const _GLOBAL__N__9bcc3e08_28_storage_performance_bench_cu_af2961a1::device_info&, const double*, const double*, _GLOBAL__N__9bcc3e08_28_storage_performance_bench_cu_af2961a1::profile_output&, std::size_t&) [with Format = aut::storage::fp8_e5m2; std::size_t = long unsigned int]’
/storage/home/timofeirusanov/accessor_universal_test/src/storage_performance_bench.cu:892:84:   required from ‘void _GLOBAL__N__9bcc3e08_28_storage_performance_bench_cu_af2961a1::profile_formats(const _GLOBAL__N__9bcc3e08_28_storage_performance_bench_cu_af2961a1::options&, const _GLOBAL__N__9bcc3e08_28_storage_performance_bench_cu_af2961a1::device_info&, const double*, const double*, _GLOBAL__N__9bcc3e08_28_storage_performance_bench_cu_af2961a1::profile_output&) [with Formats = {aut::storage::e1m6, aut::storage::e2m5, aut::storage::e3m4, aut::storage::fp8_e4m3, aut::storage::fp8_e5m2, aut::storage::e1m14, aut::storage::e2m13, aut::storage::e3m12, aut::storage::fp16_e5m10, aut::storage::bf16_e8m7, aut::storage::e11m4, aut::storage::e1m30, aut::storage::e2m29, aut::storage::e3m28, aut::storage::fp32_e8m23, aut::storage::e11m20, aut::storage::fp64_e11m52}]’
/storage/home/timofeirusanov/accessor_universal_test/src/storage_performance_bench.cu:921:399:   required from here
/storage/home/timofeirusanov/accessor_universal_test/src/storage_performance_bench.cu:824:75: warning: narrowing conversion of ‘(((int)device._GLOBAL__N__9bcc3e08_28_storage_performance_bench_cu_af2961a1::device_info::multiprocessors) * 16)’ from ‘int’ to ‘std::size_t’ {aka ‘long unsigned int’} [-Wnarrowing]
  824 |   device_buffer<unsigned long long> integer_sink{device.multiprocessors * 16};
      |                                                  ~~~~~~~~~~~~~~~~~~~~~~~~~^~~~
/storage/home/timofeirusanov/accessor_universal_test/src/storage_performance_bench.cu:825:59: warning: narrowing conversion of ‘(((int)device._GLOBAL__N__9bcc3e08_28_storage_performance_bench_cu_af2961a1::device_info::multiprocessors) * 16)’ from ‘int’ to ‘std::size_t’ {aka ‘long unsigned int’} [-Wnarrowing]
  825 |   device_buffer<double> partials{device.multiprocessors * 16};
      |                                  ~~~~~~~~~~~~~~~~~~~~~~~~~^~~~
/storage/home/timofeirusanov/accessor_universal_test/src/storage_performance_bench.cu: In instantiation of ‘void _GLOBAL__N__9bcc3e08_28_storage_performance_bench_cu_af2961a1::profile_format_lane(const _GLOBAL__N__9bcc3e08_28_storage_performance_bench_cu_af2961a1::options&, const _GLOBAL__N__9bcc3e08_28_storage_performance_bench_cu_af2961a1::device_info&, const double*, const double*, _GLOBAL__N__9bcc3e08_28_storage_performance_bench_cu_af2961a1::profile_output&, std::size_t) [with Format = aut::storage::e1m14; int Lanes = 1; std::size_t = long unsigned int]’:
/storage/home/timofeirusanov/accessor_universal_test/src/storage_performance_bench.cu:875:33:   required from ‘bool _GLOBAL__N__9bcc3e08_28_storage_performance_bench_cu_af2961a1::try_profile_format(const _GLOBAL__N__9bcc3e08_28_storage_performance_bench_cu_af2961a1::options&, const _GLOBAL__N__9bcc3e08_28_storage_performance_bench_cu_af2961a1::device_info&, const double*, const double*, _GLOBAL__N__9bcc3e08_28_storage_performance_bench_cu_af2961a1::profile_output&, std::size_t&) [with Format = aut::storage::e1m14; std::size_t = long unsigned int]’
/storage/home/timofeirusanov/accessor_universal_test/src/storage_performance_bench.cu:892:84:   required from ‘void _GLOBAL__N__9bcc3e08_28_storage_performance_bench_cu_af2961a1::profile_formats(const _GLOBAL__N__9bcc3e08_28_storage_performance_bench_cu_af2961a1::options&, const _GLOBAL__N__9bcc3e08_28_storage_performance_bench_cu_af2961a1::device_info&, const double*, const double*, _GLOBAL__N__9bcc3e08_28_storage_performance_bench_cu_af2961a1::profile_output&) [with Formats = {aut::storage::e1m6, aut::storage::e2m5, aut::storage::e3m4, aut::storage::fp8_e4m3, aut::storage::fp8_e5m2, aut::storage::e1m14, aut::storage::e2m13, aut::storage::e3m12, aut::storage::fp16_e5m10, aut::storage::bf16_e8m7, aut::storage::e11m4, aut::storage::e1m30, aut::storage::e2m29, aut::storage::e3m28, aut::storage::fp32_e8m23, aut::storage::e11m20, aut::storage::fp64_e11m52}]’
/storage/home/timofeirusanov/accessor_universal_test/src/storage_performance_bench.cu:921:399:   required from here
/storage/home/timofeirusanov/accessor_universal_test/src/storage_performance_bench.cu:824:75: warning: narrowing conversion of ‘(((int)device._GLOBAL__N__9bcc3e08_28_storage_performance_bench_cu_af2961a1::device_info::multiprocessors) * 16)’ from ‘int’ to ‘std::size_t’ {aka ‘long unsigned int’} [-Wnarrowing]
  824 |   device_buffer<unsigned long long> integer_sink{device.multiprocessors * 16};
      |                                                  ~~~~~~~~~~~~~~~~~~~~~~~~~^~~~
/storage/home/timofeirusanov/accessor_universal_test/src/storage_performance_bench.cu:825:59: warning: narrowing conversion of ‘(((int)device._GLOBAL__N__9bcc3e08_28_storage_performance_bench_cu_af2961a1::device_info::multiprocessors) * 16)’ from ‘int’ to ‘std::size_t’ {aka ‘long unsigned int’} [-Wnarrowing]
  825 |   device_buffer<double> partials{device.multiprocessors * 16};
      |                                  ~~~~~~~~~~~~~~~~~~~~~~~~~^~~~
/storage/home/timofeirusanov/accessor_universal_test/src/storage_performance_bench.cu: In instantiation of ‘void _GLOBAL__N__9bcc3e08_28_storage_performance_bench_cu_af2961a1::profile_format_lane(const _GLOBAL__N__9bcc3e08_28_storage_performance_bench_cu_af2961a1::options&, const _GLOBAL__N__9bcc3e08_28_storage_performance_bench_cu_af2961a1::device_info&, const double*, const double*, _GLOBAL__N__9bcc3e08_28_storage_performance_bench_cu_af2961a1::profile_output&, std::size_t) [with Format = aut::storage::e1m14; int Lanes = 2; std::size_t = long unsigned int]’:
/storage/home/timofeirusanov/accessor_universal_test/src/storage_performance_bench.cu:878:33:   required from ‘bool _GLOBAL__N__9bcc3e08_28_storage_performance_bench_cu_af2961a1::try_profile_format(const _GLOBAL__N__9bcc3e08_28_storage_performance_bench_cu_af2961a1::options&, const _GLOBAL__N__9bcc3e08_28_storage_performance_bench_cu_af2961a1::device_info&, const double*, const double*, _GLOBAL__N__9bcc3e08_28_storage_performance_bench_cu_af2961a1::profile_output&, std::size_t&) [with Format = aut::storage::e1m14; std::size_t = long unsigned int]’
/storage/home/timofeirusanov/accessor_universal_test/src/storage_performance_bench.cu:892:84:   required from ‘void _GLOBAL__N__9bcc3e08_28_storage_performance_bench_cu_af2961a1::profile_formats(const _GLOBAL__N__9bcc3e08_28_storage_performance_bench_cu_af2961a1::options&, const _GLOBAL__N__9bcc3e08_28_storage_performance_bench_cu_af2961a1::device_info&, const double*, const double*, _GLOBAL__N__9bcc3e08_28_storage_performance_bench_cu_af2961a1::profile_output&) [with Formats = {aut::storage::e1m6, aut::storage::e2m5, aut::storage::e3m4, aut::storage::fp8_e4m3, aut::storage::fp8_e5m2, aut::storage::e1m14, aut::storage::e2m13, aut::storage::e3m12, aut::storage::fp16_e5m10, aut::storage::bf16_e8m7, aut::storage::e11m4, aut::storage::e1m30, aut::storage::e2m29, aut::storage::e3m28, aut::storage::fp32_e8m23, aut::storage::e11m20, aut::storage::fp64_e11m52}]’
/storage/home/timofeirusanov/accessor_universal_test/src/storage_performance_bench.cu:921:399:   required from here
/storage/home/timofeirusanov/accessor_universal_test/src/storage_performance_bench.cu:824:75: warning: narrowing conversion of ‘(((int)device._GLOBAL__N__9bcc3e08_28_storage_performance_bench_cu_af2961a1::device_info::multiprocessors) * 16)’ from ‘int’ to ‘std::size_t’ {aka ‘long unsigned int’} [-Wnarrowing]
  824 |   device_buffer<unsigned long long> integer_sink{device.multiprocessors * 16};
      |                                                  ~~~~~~~~~~~~~~~~~~~~~~~~~^~~~
/storage/home/timofeirusanov/accessor_universal_test/src/storage_performance_bench.cu:825:59: warning: narrowing conversion of ‘(((int)device._GLOBAL__N__9bcc3e08_28_storage_performance_bench_cu_af2961a1::device_info::multiprocessors) * 16)’ from ‘int’ to ‘std::size_t’ {aka ‘long unsigned int’} [-Wnarrowing]
  825 |   device_buffer<double> partials{device.multiprocessors * 16};
      |                                  ~~~~~~~~~~~~~~~~~~~~~~~~~^~~~
/storage/home/timofeirusanov/accessor_universal_test/src/storage_performance_bench.cu: In instantiation of ‘void _GLOBAL__N__9bcc3e08_28_storage_performance_bench_cu_af2961a1::profile_format_lane(const _GLOBAL__N__9bcc3e08_28_storage_performance_bench_cu_af2961a1::options&, const _GLOBAL__N__9bcc3e08_28_storage_performance_bench_cu_af2961a1::device_info&, const double*, const double*, _GLOBAL__N__9bcc3e08_28_storage_performance_bench_cu_af2961a1::profile_output&, std::size_t) [with Format = aut::storage::e1m14; int Lanes = 4; std::size_t = long unsigned int]’:
/storage/home/timofeirusanov/accessor_universal_test/src/storage_performance_bench.cu:881:33:   required from ‘bool _GLOBAL__N__9bcc3e08_28_storage_performance_bench_cu_af2961a1::try_profile_format(const _GLOBAL__N__9bcc3e08_28_storage_performance_bench_cu_af2961a1::options&, const _GLOBAL__N__9bcc3e08_28_storage_performance_bench_cu_af2961a1::device_info&, const double*, const double*, _GLOBAL__N__9bcc3e08_28_storage_performance_bench_cu_af2961a1::profile_output&, std::size_t&) [with Format = aut::storage::e1m14; std::size_t = long unsigned int]’
/storage/home/timofeirusanov/accessor_universal_test/src/storage_performance_bench.cu:892:84:   required from ‘void _GLOBAL__N__9bcc3e08_28_storage_performance_bench_cu_af2961a1::profile_formats(const _GLOBAL__N__9bcc3e08_28_storage_performance_bench_cu_af2961a1::options&, const _GLOBAL__N__9bcc3e08_28_storage_performance_bench_cu_af2961a1::device_info&, const double*, const double*, _GLOBAL__N__9bcc3e08_28_storage_performance_bench_cu_af2961a1::profile_output&) [with Formats = {aut::storage::e1m6, aut::storage::e2m5, aut::storage::e3m4, aut::storage::fp8_e4m3, aut::storage::fp8_e5m2, aut::storage::e1m14, aut::storage::e2m13, aut::storage::e3m12, aut::storage::fp16_e5m10, aut::storage::bf16_e8m7, aut::storage::e11m4, aut::storage::e1m30, aut::storage::e2m29, aut::storage::e3m28, aut::storage::fp32_e8m23, aut::storage::e11m20, aut::storage::fp64_e11m52}]’
/storage/home/timofeirusanov/accessor_universal_test/src/storage_performance_bench.cu:921:399:   required from here
/storage/home/timofeirusanov/accessor_universal_test/src/storage_performance_bench.cu:824:75: warning: narrowing conversion of ‘(((int)device._GLOBAL__N__9bcc3e08_28_storage_performance_bench_cu_af2961a1::device_info::multiprocessors) * 16)’ from ‘int’ to ‘std::size_t’ {aka ‘long unsigned int’} [-Wnarrowing]
  824 |   device_buffer<unsigned long long> integer_sink{device.multiprocessors * 16};
      |                                                  ~~~~~~~~~~~~~~~~~~~~~~~~~^~~~
/storage/home/timofeirusanov/accessor_universal_test/src/storage_performance_bench.cu:825:59: warning: narrowing conversion of ‘(((int)device._GLOBAL__N__9bcc3e08_28_storage_performance_bench_cu_af2961a1::device_info::multiprocessors) * 16)’ from ‘int’ to ‘std::size_t’ {aka ‘long unsigned int’} [-Wnarrowing]
  825 |   device_buffer<double> partials{device.multiprocessors * 16};
      |                                  ~~~~~~~~~~~~~~~~~~~~~~~~~^~~~
/storage/home/timofeirusanov/accessor_universal_test/src/storage_performance_bench.cu: In instantiation of ‘void _GLOBAL__N__9bcc3e08_28_storage_performance_bench_cu_af2961a1::profile_format_lane(const _GLOBAL__N__9bcc3e08_28_storage_performance_bench_cu_af2961a1::options&, const _GLOBAL__N__9bcc3e08_28_storage_performance_bench_cu_af2961a1::device_info&, const double*, const double*, _GLOBAL__N__9bcc3e08_28_storage_performance_bench_cu_af2961a1::profile_output&, std::size_t) [with Format = aut::storage::e2m13; int Lanes = 1; std::size_t = long unsigned int]’:
/storage/home/timofeirusanov/accessor_universal_test/src/storage_performance_bench.cu:875:33:   required from ‘bool _GLOBAL__N__9bcc3e08_28_storage_performance_bench_cu_af2961a1::try_profile_format(const _GLOBAL__N__9bcc3e08_28_storage_performance_bench_cu_af2961a1::options&, const _GLOBAL__N__9bcc3e08_28_storage_performance_bench_cu_af2961a1::device_info&, const double*, const double*, _GLOBAL__N__9bcc3e08_28_storage_performance_bench_cu_af2961a1::profile_output&, std::size_t&) [with Format = aut::storage::e2m13; std::size_t = long unsigned int]’
/storage/home/timofeirusanov/accessor_universal_test/src/storage_performance_bench.cu:892:84:   required from ‘void _GLOBAL__N__9bcc3e08_28_storage_performance_bench_cu_af2961a1::profile_formats(const _GLOBAL__N__9bcc3e08_28_storage_performance_bench_cu_af2961a1::options&, const _GLOBAL__N__9bcc3e08_28_storage_performance_bench_cu_af2961a1::device_info&, const double*, const double*, _GLOBAL__N__9bcc3e08_28_storage_performance_bench_cu_af2961a1::profile_output&) [with Formats = {aut::storage::e1m6, aut::storage::e2m5, aut::storage::e3m4, aut::storage::fp8_e4m3, aut::storage::fp8_e5m2, aut::storage::e1m14, aut::storage::e2m13, aut::storage::e3m12, aut::storage::fp16_e5m10, aut::storage::bf16_e8m7, aut::storage::e11m4, aut::storage::e1m30, aut::storage::e2m29, aut::storage::e3m28, aut::storage::fp32_e8m23, aut::storage::e11m20, aut::storage::fp64_e11m52}]’
/storage/home/timofeirusanov/accessor_universal_test/src/storage_performance_bench.cu:921:399:   required from here
/storage/home/timofeirusanov/accessor_universal_test/src/storage_performance_bench.cu:824:75: warning: narrowing conversion of ‘(((int)device._GLOBAL__N__9bcc3e08_28_storage_performance_bench_cu_af2961a1::device_info::multiprocessors) * 16)’ from ‘int’ to ‘std::size_t’ {aka ‘long unsigned int’} [-Wnarrowing]
  824 |   device_buffer<unsigned long long> integer_sink{device.multiprocessors * 16};
      |                                                  ~~~~~~~~~~~~~~~~~~~~~~~~~^~~~
/storage/home/timofeirusanov/accessor_universal_test/src/storage_performance_bench.cu:825:59: warning: narrowing conversion of ‘(((int)device._GLOBAL__N__9bcc3e08_28_storage_performance_bench_cu_af2961a1::device_info::multiprocessors) * 16)’ from ‘int’ to ‘std::size_t’ {aka ‘long unsigned int’} [-Wnarrowing]
  825 |   device_buffer<double> partials{device.multiprocessors * 16};
      |                                  ~~~~~~~~~~~~~~~~~~~~~~~~~^~~~
/storage/home/timofeirusanov/accessor_universal_test/src/storage_performance_bench.cu: In instantiation of ‘void _GLOBAL__N__9bcc3e08_28_storage_performance_bench_cu_af2961a1::profile_format_lane(const _GLOBAL__N__9bcc3e08_28_storage_performance_bench_cu_af2961a1::options&, const _GLOBAL__N__9bcc3e08_28_storage_performance_bench_cu_af2961a1::device_info&, const double*, const double*, _GLOBAL__N__9bcc3e08_28_storage_performance_bench_cu_af2961a1::profile_output&, std::size_t) [with Format = aut::storage::e2m13; int Lanes = 2; std::size_t = long unsigned int]’:
/storage/home/timofeirusanov/accessor_universal_test/src/storage_performance_bench.cu:878:33:   required from ‘bool _GLOBAL__N__9bcc3e08_28_storage_performance_bench_cu_af2961a1::try_profile_format(const _GLOBAL__N__9bcc3e08_28_storage_performance_bench_cu_af2961a1::options&, const _GLOBAL__N__9bcc3e08_28_storage_performance_bench_cu_af2961a1::device_info&, const double*, const double*, _GLOBAL__N__9bcc3e08_28_storage_performance_bench_cu_af2961a1::profile_output&, std::size_t&) [with Format = aut::storage::e2m13; std::size_t = long unsigned int]’
/storage/home/timofeirusanov/accessor_universal_test/src/storage_performance_bench.cu:892:84:   required from ‘void _GLOBAL__N__9bcc3e08_28_storage_performance_bench_cu_af2961a1::profile_formats(const _GLOBAL__N__9bcc3e08_28_storage_performance_bench_cu_af2961a1::options&, const _GLOBAL__N__9bcc3e08_28_storage_performance_bench_cu_af2961a1::device_info&, const double*, const double*, _GLOBAL__N__9bcc3e08_28_storage_performance_bench_cu_af2961a1::profile_output&) [with Formats = {aut::storage::e1m6, aut::storage::e2m5, aut::storage::e3m4, aut::storage::fp8_e4m3, aut::storage::fp8_e5m2, aut::storage::e1m14, aut::storage::e2m13, aut::storage::e3m12, aut::storage::fp16_e5m10, aut::storage::bf16_e8m7, aut::storage::e11m4, aut::storage::e1m30, aut::storage::e2m29, aut::storage::e3m28, aut::storage::fp32_e8m23, aut::storage::e11m20, aut::storage::fp64_e11m52}]’
/storage/home/timofeirusanov/accessor_universal_test/src/storage_performance_bench.cu:921:399:   required from here
/storage/home/timofeirusanov/accessor_universal_test/src/storage_performance_bench.cu:824:75: warning: narrowing conversion of ‘(((int)device._GLOBAL__N__9bcc3e08_28_storage_performance_bench_cu_af2961a1::device_info::multiprocessors) * 16)’ from ‘int’ to ‘std::size_t’ {aka ‘long unsigned int’} [-Wnarrowing]
  824 |   device_buffer<unsigned long long> integer_sink{device.multiprocessors * 16};
      |                                                  ~~~~~~~~~~~~~~~~~~~~~~~~~^~~~
/storage/home/timofeirusanov/accessor_universal_test/src/storage_performance_bench.cu:825:59: warning: narrowing conversion of ‘(((int)device._GLOBAL__N__9bcc3e08_28_storage_performance_bench_cu_af2961a1::device_info::multiprocessors) * 16)’ from ‘int’ to ‘std::size_t’ {aka ‘long unsigned int’} [-Wnarrowing]
  825 |   device_buffer<double> partials{device.multiprocessors * 16};
      |                                  ~~~~~~~~~~~~~~~~~~~~~~~~~^~~~
/storage/home/timofeirusanov/accessor_universal_test/src/storage_performance_bench.cu: In instantiation of ‘void _GLOBAL__N__9bcc3e08_28_storage_performance_bench_cu_af2961a1::profile_format_lane(const _GLOBAL__N__9bcc3e08_28_storage_performance_bench_cu_af2961a1::options&, const _GLOBAL__N__9bcc3e08_28_storage_performance_bench_cu_af2961a1::device_info&, const double*, const double*, _GLOBAL__N__9bcc3e08_28_storage_performance_bench_cu_af2961a1::profile_output&, std::size_t) [with Format = aut::storage::e2m13; int Lanes = 4; std::size_t = long unsigned int]’:
/storage/home/timofeirusanov/accessor_universal_test/src/storage_performance_bench.cu:881:33:   required from ‘bool _GLOBAL__N__9bcc3e08_28_storage_performance_bench_cu_af2961a1::try_profile_format(const _GLOBAL__N__9bcc3e08_28_storage_performance_bench_cu_af2961a1::options&, const _GLOBAL__N__9bcc3e08_28_storage_performance_bench_cu_af2961a1::device_info&, const double*, const double*, _GLOBAL__N__9bcc3e08_28_storage_performance_bench_cu_af2961a1::profile_output&, std::size_t&) [with Format = aut::storage::e2m13; std::size_t = long unsigned int]’
/storage/home/timofeirusanov/accessor_universal_test/src/storage_performance_bench.cu:892:84:   required from ‘void _GLOBAL__N__9bcc3e08_28_storage_performance_bench_cu_af2961a1::profile_formats(const _GLOBAL__N__9bcc3e08_28_storage_performance_bench_cu_af2961a1::options&, const _GLOBAL__N__9bcc3e08_28_storage_performance_bench_cu_af2961a1::device_info&, const double*, const double*, _GLOBAL__N__9bcc3e08_28_storage_performance_bench_cu_af2961a1::profile_output&) [with Formats = {aut::storage::e1m6, aut::storage::e2m5, aut::storage::e3m4, aut::storage::fp8_e4m3, aut::storage::fp8_e5m2, aut::storage::e1m14, aut::storage::e2m13, aut::storage::e3m12, aut::storage::fp16_e5m10, aut::storage::bf16_e8m7, aut::storage::e11m4, aut::storage::e1m30, aut::storage::e2m29, aut::storage::e3m28, aut::storage::fp32_e8m23, aut::storage::e11m20, aut::storage::fp64_e11m52}]’
/storage/home/timofeirusanov/accessor_universal_test/src/storage_performance_bench.cu:921:399:   required from here
/storage/home/timofeirusanov/accessor_universal_test/src/storage_performance_bench.cu:824:75: warning: narrowing conversion of ‘(((int)device._GLOBAL__N__9bcc3e08_28_storage_performance_bench_cu_af2961a1::device_info::multiprocessors) * 16)’ from ‘int’ to ‘std::size_t’ {aka ‘long unsigned int’} [-Wnarrowing]
  824 |   device_buffer<unsigned long long> integer_sink{device.multiprocessors * 16};
      |                                                  ~~~~~~~~~~~~~~~~~~~~~~~~~^~~~
/storage/home/timofeirusanov/accessor_universal_test/src/storage_performance_bench.cu:825:59: warning: narrowing conversion of ‘(((int)device._GLOBAL__N__9bcc3e08_28_storage_performance_bench_cu_af2961a1::device_info::multiprocessors) * 16)’ from ‘int’ to ‘std::size_t’ {aka ‘long unsigned int’} [-Wnarrowing]
  825 |   device_buffer<double> partials{device.multiprocessors * 16};
      |                                  ~~~~~~~~~~~~~~~~~~~~~~~~~^~~~
/storage/home/timofeirusanov/accessor_universal_test/src/storage_performance_bench.cu: In instantiation of ‘void _GLOBAL__N__9bcc3e08_28_storage_performance_bench_cu_af2961a1::profile_format_lane(const _GLOBAL__N__9bcc3e08_28_storage_performance_bench_cu_af2961a1::options&, const _GLOBAL__N__9bcc3e08_28_storage_performance_bench_cu_af2961a1::device_info&, const double*, const double*, _GLOBAL__N__9bcc3e08_28_storage_performance_bench_cu_af2961a1::profile_output&, std::size_t) [with Format = aut::storage::e3m12; int Lanes = 1; std::size_t = long unsigned int]’:
/storage/home/timofeirusanov/accessor_universal_test/src/storage_performance_bench.cu:875:33:   required from ‘bool _GLOBAL__N__9bcc3e08_28_storage_performance_bench_cu_af2961a1::try_profile_format(const _GLOBAL__N__9bcc3e08_28_storage_performance_bench_cu_af2961a1::options&, const _GLOBAL__N__9bcc3e08_28_storage_performance_bench_cu_af2961a1::device_info&, const double*, const double*, _GLOBAL__N__9bcc3e08_28_storage_performance_bench_cu_af2961a1::profile_output&, std::size_t&) [with Format = aut::storage::e3m12; std::size_t = long unsigned int]’
/storage/home/timofeirusanov/accessor_universal_test/src/storage_performance_bench.cu:892:84:   required from ‘void _GLOBAL__N__9bcc3e08_28_storage_performance_bench_cu_af2961a1::profile_formats(const _GLOBAL__N__9bcc3e08_28_storage_performance_bench_cu_af2961a1::options&, const _GLOBAL__N__9bcc3e08_28_storage_performance_bench_cu_af2961a1::device_info&, const double*, const double*, _GLOBAL__N__9bcc3e08_28_storage_performance_bench_cu_af2961a1::profile_output&) [with Formats = {aut::storage::e1m6, aut::storage::e2m5, aut::storage::e3m4, aut::storage::fp8_e4m3, aut::storage::fp8_e5m2, aut::storage::e1m14, aut::storage::e2m13, aut::storage::e3m12, aut::storage::fp16_e5m10, aut::storage::bf16_e8m7, aut::storage::e11m4, aut::storage::e1m30, aut::storage::e2m29, aut::storage::e3m28, aut::storage::fp32_e8m23, aut::storage::e11m20, aut::storage::fp64_e11m52}]’
/storage/home/timofeirusanov/accessor_universal_test/src/storage_performance_bench.cu:921:399:   required from here
/storage/home/timofeirusanov/accessor_universal_test/src/storage_performance_bench.cu:824:75: warning: narrowing conversion of ‘(((int)device._GLOBAL__N__9bcc3e08_28_storage_performance_bench_cu_af2961a1::device_info::multiprocessors) * 16)’ from ‘int’ to ‘std::size_t’ {aka ‘long unsigned int’} [-Wnarrowing]
  824 |   device_buffer<unsigned long long> integer_sink{device.multiprocessors * 16};
      |                                                  ~~~~~~~~~~~~~~~~~~~~~~~~~^~~~
/storage/home/timofeirusanov/accessor_universal_test/src/storage_performance_bench.cu:825:59: warning: narrowing conversion of ‘(((int)device._GLOBAL__N__9bcc3e08_28_storage_performance_bench_cu_af2961a1::device_info::multiprocessors) * 16)’ from ‘int’ to ‘std::size_t’ {aka ‘long unsigned int’} [-Wnarrowing]
  825 |   device_buffer<double> partials{device.multiprocessors * 16};
      |                                  ~~~~~~~~~~~~~~~~~~~~~~~~~^~~~
/storage/home/timofeirusanov/accessor_universal_test/src/storage_performance_bench.cu: In instantiation of ‘void _GLOBAL__N__9bcc3e08_28_storage_performance_bench_cu_af2961a1::profile_format_lane(const _GLOBAL__N__9bcc3e08_28_storage_performance_bench_cu_af2961a1::options&, const _GLOBAL__N__9bcc3e08_28_storage_performance_bench_cu_af2961a1::device_info&, const double*, const double*, _GLOBAL__N__9bcc3e08_28_storage_performance_bench_cu_af2961a1::profile_output&, std::size_t) [with Format = aut::storage::e3m12; int Lanes = 2; std::size_t = long unsigned int]’:
/storage/home/timofeirusanov/accessor_universal_test/src/storage_performance_bench.cu:878:33:   required from ‘bool _GLOBAL__N__9bcc3e08_28_storage_performance_bench_cu_af2961a1::try_profile_format(const _GLOBAL__N__9bcc3e08_28_storage_performance_bench_cu_af2961a1::options&, const _GLOBAL__N__9bcc3e08_28_storage_performance_bench_cu_af2961a1::device_info&, const double*, const double*, _GLOBAL__N__9bcc3e08_28_storage_performance_bench_cu_af2961a1::profile_output&, std::size_t&) [with Format = aut::storage::e3m12; std::size_t = long unsigned int]’
/storage/home/timofeirusanov/accessor_universal_test/src/storage_performance_bench.cu:892:84:   required from ‘void _GLOBAL__N__9bcc3e08_28_storage_performance_bench_cu_af2961a1::profile_formats(const _GLOBAL__N__9bcc3e08_28_storage_performance_bench_cu_af2961a1::options&, const _GLOBAL__N__9bcc3e08_28_storage_performance_bench_cu_af2961a1::device_info&, const double*, const double*, _GLOBAL__N__9bcc3e08_28_storage_performance_bench_cu_af2961a1::profile_output&) [with Formats = {aut::storage::e1m6, aut::storage::e2m5, aut::storage::e3m4, aut::storage::fp8_e4m3, aut::storage::fp8_e5m2, aut::storage::e1m14, aut::storage::e2m13, aut::storage::e3m12, aut::storage::fp16_e5m10, aut::storage::bf16_e8m7, aut::storage::e11m4, aut::storage::e1m30, aut::storage::e2m29, aut::storage::e3m28, aut::storage::fp32_e8m23, aut::storage::e11m20, aut::storage::fp64_e11m52}]’
/storage/home/timofeirusanov/accessor_universal_test/src/storage_performance_bench.cu:921:399:   required from here
/storage/home/timofeirusanov/accessor_universal_test/src/storage_performance_bench.cu:824:75: warning: narrowing conversion of ‘(((int)device._GLOBAL__N__9bcc3e08_28_storage_performance_bench_cu_af2961a1::device_info::multiprocessors) * 16)’ from ‘int’ to ‘std::size_t’ {aka ‘long unsigned int’} [-Wnarrowing]
  824 |   device_buffer<unsigned long long> integer_sink{device.multiprocessors * 16};
      |                                                  ~~~~~~~~~~~~~~~~~~~~~~~~~^~~~
/storage/home/timofeirusanov/accessor_universal_test/src/storage_performance_bench.cu:825:59: warning: narrowing conversion of ‘(((int)device._GLOBAL__N__9bcc3e08_28_storage_performance_bench_cu_af2961a1::device_info::multiprocessors) * 16)’ from ‘int’ to ‘std::size_t’ {aka ‘long unsigned int’} [-Wnarrowing]
  825 |   device_buffer<double> partials{device.multiprocessors * 16};
      |                                  ~~~~~~~~~~~~~~~~~~~~~~~~~^~~~
/storage/home/timofeirusanov/accessor_universal_test/src/storage_performance_bench.cu: In instantiation of ‘void _GLOBAL__N__9bcc3e08_28_storage_performance_bench_cu_af2961a1::profile_format_lane(const _GLOBAL__N__9bcc3e08_28_storage_performance_bench_cu_af2961a1::options&, const _GLOBAL__N__9bcc3e08_28_storage_performance_bench_cu_af2961a1::device_info&, const double*, const double*, _GLOBAL__N__9bcc3e08_28_storage_performance_bench_cu_af2961a1::profile_output&, std::size_t) [with Format = aut::storage::e3m12; int Lanes = 4; std::size_t = long unsigned int]’:
/storage/home/timofeirusanov/accessor_universal_test/src/storage_performance_bench.cu:881:33:   required from ‘bool _GLOBAL__N__9bcc3e08_28_storage_performance_bench_cu_af2961a1::try_profile_format(const _GLOBAL__N__9bcc3e08_28_storage_performance_bench_cu_af2961a1::options&, const _GLOBAL__N__9bcc3e08_28_storage_performance_bench_cu_af2961a1::device_info&, const double*, const double*, _GLOBAL__N__9bcc3e08_28_storage_performance_bench_cu_af2961a1::profile_output&, std::size_t&) [with Format = aut::storage::e3m12; std::size_t = long unsigned int]’
/storage/home/timofeirusanov/accessor_universal_test/src/storage_performance_bench.cu:892:84:   required from ‘void _GLOBAL__N__9bcc3e08_28_storage_performance_bench_cu_af2961a1::profile_formats(const _GLOBAL__N__9bcc3e08_28_storage_performance_bench_cu_af2961a1::options&, const _GLOBAL__N__9bcc3e08_28_storage_performance_bench_cu_af2961a1::device_info&, const double*, const double*, _GLOBAL__N__9bcc3e08_28_storage_performance_bench_cu_af2961a1::profile_output&) [with Formats = {aut::storage::e1m6, aut::storage::e2m5, aut::storage::e3m4, aut::storage::fp8_e4m3, aut::storage::fp8_e5m2, aut::storage::e1m14, aut::storage::e2m13, aut::storage::e3m12, aut::storage::fp16_e5m10, aut::storage::bf16_e8m7, aut::storage::e11m4, aut::storage::e1m30, aut::storage::e2m29, aut::storage::e3m28, aut::storage::fp32_e8m23, aut::storage::e11m20, aut::storage::fp64_e11m52}]’
/storage/home/timofeirusanov/accessor_universal_test/src/storage_performance_bench.cu:921:399:   required from here
/storage/home/timofeirusanov/accessor_universal_test/src/storage_performance_bench.cu:824:75: warning: narrowing conversion of ‘(((int)device._GLOBAL__N__9bcc3e08_28_storage_performance_bench_cu_af2961a1::device_info::multiprocessors) * 16)’ from ‘int’ to ‘std::size_t’ {aka ‘long unsigned int’} [-Wnarrowing]
  824 |   device_buffer<unsigned long long> integer_sink{device.multiprocessors * 16};
      |                                                  ~~~~~~~~~~~~~~~~~~~~~~~~~^~~~
/storage/home/timofeirusanov/accessor_universal_test/src/storage_performance_bench.cu:825:59: warning: narrowing conversion of ‘(((int)device._GLOBAL__N__9bcc3e08_28_storage_performance_bench_cu_af2961a1::device_info::multiprocessors) * 16)’ from ‘int’ to ‘std::size_t’ {aka ‘long unsigned int’} [-Wnarrowing]
  825 |   device_buffer<double> partials{device.multiprocessors * 16};
      |                                  ~~~~~~~~~~~~~~~~~~~~~~~~~^~~~
/storage/home/timofeirusanov/accessor_universal_test/src/storage_performance_bench.cu: In instantiation of ‘void _GLOBAL__N__9bcc3e08_28_storage_performance_bench_cu_af2961a1::profile_format_lane(const _GLOBAL__N__9bcc3e08_28_storage_performance_bench_cu_af2961a1::options&, const _GLOBAL__N__9bcc3e08_28_storage_performance_bench_cu_af2961a1::device_info&, const double*, const double*, _GLOBAL__N__9bcc3e08_28_storage_performance_bench_cu_af2961a1::profile_output&, std::size_t) [with Format = aut::storage::fp16_e5m10; int Lanes = 1; std::size_t = long unsigned int]’:
/storage/home/timofeirusanov/accessor_universal_test/src/storage_performance_bench.cu:875:33:   required from ‘bool _GLOBAL__N__9bcc3e08_28_storage_performance_bench_cu_af2961a1::try_profile_format(const _GLOBAL__N__9bcc3e08_28_storage_performance_bench_cu_af2961a1::options&, const _GLOBAL__N__9bcc3e08_28_storage_performance_bench_cu_af2961a1::device_info&, const double*, const double*, _GLOBAL__N__9bcc3e08_28_storage_performance_bench_cu_af2961a1::profile_output&, std::size_t&) [with Format = aut::storage::fp16_e5m10; std::size_t = long unsigned int]’
/storage/home/timofeirusanov/accessor_universal_test/src/storage_performance_bench.cu:892:84:   required from ‘void _GLOBAL__N__9bcc3e08_28_storage_performance_bench_cu_af2961a1::profile_formats(const _GLOBAL__N__9bcc3e08_28_storage_performance_bench_cu_af2961a1::options&, const _GLOBAL__N__9bcc3e08_28_storage_performance_bench_cu_af2961a1::device_info&, const double*, const double*, _GLOBAL__N__9bcc3e08_28_storage_performance_bench_cu_af2961a1::profile_output&) [with Formats = {aut::storage::e1m6, aut::storage::e2m5, aut::storage::e3m4, aut::storage::fp8_e4m3, aut::storage::fp8_e5m2, aut::storage::e1m14, aut::storage::e2m13, aut::storage::e3m12, aut::storage::fp16_e5m10, aut::storage::bf16_e8m7, aut::storage::e11m4, aut::storage::e1m30, aut::storage::e2m29, aut::storage::e3m28, aut::storage::fp32_e8m23, aut::storage::e11m20, aut::storage::fp64_e11m52}]’
/storage/home/timofeirusanov/accessor_universal_test/src/storage_performance_bench.cu:921:399:   required from here
/storage/home/timofeirusanov/accessor_universal_test/src/storage_performance_bench.cu:824:75: warning: narrowing conversion of ‘(((int)device._GLOBAL__N__9bcc3e08_28_storage_performance_bench_cu_af2961a1::device_info::multiprocessors) * 16)’ from ‘int’ to ‘std::size_t’ {aka ‘long unsigned int’} [-Wnarrowing]
  824 |   device_buffer<unsigned long long> integer_sink{device.multiprocessors * 16};
      |                                                  ~~~~~~~~~~~~~~~~~~~~~~~~~^~~~
/storage/home/timofeirusanov/accessor_universal_test/src/storage_performance_bench.cu:825:59: warning: narrowing conversion of ‘(((int)device._GLOBAL__N__9bcc3e08_28_storage_performance_bench_cu_af2961a1::device_info::multiprocessors) * 16)’ from ‘int’ to ‘std::size_t’ {aka ‘long unsigned int’} [-Wnarrowing]
  825 |   device_buffer<double> partials{device.multiprocessors * 16};
      |                                  ~~~~~~~~~~~~~~~~~~~~~~~~~^~~~
/storage/home/timofeirusanov/accessor_universal_test/src/storage_performance_bench.cu: In instantiation of ‘void _GLOBAL__N__9bcc3e08_28_storage_performance_bench_cu_af2961a1::profile_format_lane(const _GLOBAL__N__9bcc3e08_28_storage_performance_bench_cu_af2961a1::options&, const _GLOBAL__N__9bcc3e08_28_storage_performance_bench_cu_af2961a1::device_info&, const double*, const double*, _GLOBAL__N__9bcc3e08_28_storage_performance_bench_cu_af2961a1::profile_output&, std::size_t) [with Format = aut::storage::fp16_e5m10; int Lanes = 2; std::size_t = long unsigned int]’:
/storage/home/timofeirusanov/accessor_universal_test/src/storage_performance_bench.cu:878:33:   required from ‘bool _GLOBAL__N__9bcc3e08_28_storage_performance_bench_cu_af2961a1::try_profile_format(const _GLOBAL__N__9bcc3e08_28_storage_performance_bench_cu_af2961a1::options&, const _GLOBAL__N__9bcc3e08_28_storage_performance_bench_cu_af2961a1::device_info&, const double*, const double*, _GLOBAL__N__9bcc3e08_28_storage_performance_bench_cu_af2961a1::profile_output&, std::size_t&) [with Format = aut::storage::fp16_e5m10; std::size_t = long unsigned int]’
/storage/home/timofeirusanov/accessor_universal_test/src/storage_performance_bench.cu:892:84:   required from ‘void _GLOBAL__N__9bcc3e08_28_storage_performance_bench_cu_af2961a1::profile_formats(const _GLOBAL__N__9bcc3e08_28_storage_performance_bench_cu_af2961a1::options&, const _GLOBAL__N__9bcc3e08_28_storage_performance_bench_cu_af2961a1::device_info&, const double*, const double*, _GLOBAL__N__9bcc3e08_28_storage_performance_bench_cu_af2961a1::profile_output&) [with Formats = {aut::storage::e1m6, aut::storage::e2m5, aut::storage::e3m4, aut::storage::fp8_e4m3, aut::storage::fp8_e5m2, aut::storage::e1m14, aut::storage::e2m13, aut::storage::e3m12, aut::storage::fp16_e5m10, aut::storage::bf16_e8m7, aut::storage::e11m4, aut::storage::e1m30, aut::storage::e2m29, aut::storage::e3m28, aut::storage::fp32_e8m23, aut::storage::e11m20, aut::storage::fp64_e11m52}]’
/storage/home/timofeirusanov/accessor_universal_test/src/storage_performance_bench.cu:921:399:   required from here
/storage/home/timofeirusanov/accessor_universal_test/src/storage_performance_bench.cu:824:75: warning: narrowing conversion of ‘(((int)device._GLOBAL__N__9bcc3e08_28_storage_performance_bench_cu_af2961a1::device_info::multiprocessors) * 16)’ from ‘int’ to ‘std::size_t’ {aka ‘long unsigned int’} [-Wnarrowing]
  824 |   device_buffer<unsigned long long> integer_sink{device.multiprocessors * 16};
      |                                                  ~~~~~~~~~~~~~~~~~~~~~~~~~^~~~
/storage/home/timofeirusanov/accessor_universal_test/src/storage_performance_bench.cu:825:59: warning: narrowing conversion of ‘(((int)device._GLOBAL__N__9bcc3e08_28_storage_performance_bench_cu_af2961a1::device_info::multiprocessors) * 16)’ from ‘int’ to ‘std::size_t’ {aka ‘long unsigned int’} [-Wnarrowing]
  825 |   device_buffer<double> partials{device.multiprocessors * 16};
      |                                  ~~~~~~~~~~~~~~~~~~~~~~~~~^~~~
/storage/home/timofeirusanov/accessor_universal_test/src/storage_performance_bench.cu: In instantiation of ‘void _GLOBAL__N__9bcc3e08_28_storage_performance_bench_cu_af2961a1::profile_format_lane(const _GLOBAL__N__9bcc3e08_28_storage_performance_bench_cu_af2961a1::options&, const _GLOBAL__N__9bcc3e08_28_storage_performance_bench_cu_af2961a1::device_info&, const double*, const double*, _GLOBAL__N__9bcc3e08_28_storage_performance_bench_cu_af2961a1::profile_output&, std::size_t) [with Format = aut::storage::fp16_e5m10; int Lanes = 4; std::size_t = long unsigned int]’:
/storage/home/timofeirusanov/accessor_universal_test/src/storage_performance_bench.cu:881:33:   required from ‘bool _GLOBAL__N__9bcc3e08_28_storage_performance_bench_cu_af2961a1::try_profile_format(const _GLOBAL__N__9bcc3e08_28_storage_performance_bench_cu_af2961a1::options&, const _GLOBAL__N__9bcc3e08_28_storage_performance_bench_cu_af2961a1::device_info&, const double*, const double*, _GLOBAL__N__9bcc3e08_28_storage_performance_bench_cu_af2961a1::profile_output&, std::size_t&) [with Format = aut::storage::fp16_e5m10; std::size_t = long unsigned int]’
/storage/home/timofeirusanov/accessor_universal_test/src/storage_performance_bench.cu:892:84:   required from ‘void _GLOBAL__N__9bcc3e08_28_storage_performance_bench_cu_af2961a1::profile_formats(const _GLOBAL__N__9bcc3e08_28_storage_performance_bench_cu_af2961a1::options&, const _GLOBAL__N__9bcc3e08_28_storage_performance_bench_cu_af2961a1::device_info&, const double*, const double*, _GLOBAL__N__9bcc3e08_28_storage_performance_bench_cu_af2961a1::profile_output&) [with Formats = {aut::storage::e1m6, aut::storage::e2m5, aut::storage::e3m4, aut::storage::fp8_e4m3, aut::storage::fp8_e5m2, aut::storage::e1m14, aut::storage::e2m13, aut::storage::e3m12, aut::storage::fp16_e5m10, aut::storage::bf16_e8m7, aut::storage::e11m4, aut::storage::e1m30, aut::storage::e2m29, aut::storage::e3m28, aut::storage::fp32_e8m23, aut::storage::e11m20, aut::storage::fp64_e11m52}]’
/storage/home/timofeirusanov/accessor_universal_test/src/storage_performance_bench.cu:921:399:   required from here
/storage/home/timofeirusanov/accessor_universal_test/src/storage_performance_bench.cu:824:75: warning: narrowing conversion of ‘(((int)device._GLOBAL__N__9bcc3e08_28_storage_performance_bench_cu_af2961a1::device_info::multiprocessors) * 16)’ from ‘int’ to ‘std::size_t’ {aka ‘long unsigned int’} [-Wnarrowing]
  824 |   device_buffer<unsigned long long> integer_sink{device.multiprocessors * 16};
      |                                                  ~~~~~~~~~~~~~~~~~~~~~~~~~^~~~
/storage/home/timofeirusanov/accessor_universal_test/src/storage_performance_bench.cu:825:59: warning: narrowing conversion of ‘(((int)device._GLOBAL__N__9bcc3e08_28_storage_performance_bench_cu_af2961a1::device_info::multiprocessors) * 16)’ from ‘int’ to ‘std::size_t’ {aka ‘long unsigned int’} [-Wnarrowing]
  825 |   device_buffer<double> partials{device.multiprocessors * 16};
      |                                  ~~~~~~~~~~~~~~~~~~~~~~~~~^~~~
/storage/home/timofeirusanov/accessor_universal_test/src/storage_performance_bench.cu: In instantiation of ‘void _GLOBAL__N__9bcc3e08_28_storage_performance_bench_cu_af2961a1::profile_format_lane(const _GLOBAL__N__9bcc3e08_28_storage_performance_bench_cu_af2961a1::options&, const _GLOBAL__N__9bcc3e08_28_storage_performance_bench_cu_af2961a1::device_info&, const double*, const double*, _GLOBAL__N__9bcc3e08_28_storage_performance_bench_cu_af2961a1::profile_output&, std::size_t) [with Format = aut::storage::bf16_e8m7; int Lanes = 1; std::size_t = long unsigned int]’:
/storage/home/timofeirusanov/accessor_universal_test/src/storage_performance_bench.cu:875:33:   required from ‘bool _GLOBAL__N__9bcc3e08_28_storage_performance_bench_cu_af2961a1::try_profile_format(const _GLOBAL__N__9bcc3e08_28_storage_performance_bench_cu_af2961a1::options&, const _GLOBAL__N__9bcc3e08_28_storage_performance_bench_cu_af2961a1::device_info&, const double*, const double*, _GLOBAL__N__9bcc3e08_28_storage_performance_bench_cu_af2961a1::profile_output&, std::size_t&) [with Format = aut::storage::bf16_e8m7; std::size_t = long unsigned int]’
/storage/home/timofeirusanov/accessor_universal_test/src/storage_performance_bench.cu:892:84:   required from ‘void _GLOBAL__N__9bcc3e08_28_storage_performance_bench_cu_af2961a1::profile_formats(const _GLOBAL__N__9bcc3e08_28_storage_performance_bench_cu_af2961a1::options&, const _GLOBAL__N__9bcc3e08_28_storage_performance_bench_cu_af2961a1::device_info&, const double*, const double*, _GLOBAL__N__9bcc3e08_28_storage_performance_bench_cu_af2961a1::profile_output&) [with Formats = {aut::storage::e1m6, aut::storage::e2m5, aut::storage::e3m4, aut::storage::fp8_e4m3, aut::storage::fp8_e5m2, aut::storage::e1m14, aut::storage::e2m13, aut::storage::e3m12, aut::storage::fp16_e5m10, aut::storage::bf16_e8m7, aut::storage::e11m4, aut::storage::e1m30, aut::storage::e2m29, aut::storage::e3m28, aut::storage::fp32_e8m23, aut::storage::e11m20, aut::storage::fp64_e11m52}]’
/storage/home/timofeirusanov/accessor_universal_test/src/storage_performance_bench.cu:921:399:   required from here
/storage/home/timofeirusanov/accessor_universal_test/src/storage_performance_bench.cu:824:75: warning: narrowing conversion of ‘(((int)device._GLOBAL__N__9bcc3e08_28_storage_performance_bench_cu_af2961a1::device_info::multiprocessors) * 16)’ from ‘int’ to ‘std::size_t’ {aka ‘long unsigned int’} [-Wnarrowing]
  824 |   device_buffer<unsigned long long> integer_sink{device.multiprocessors * 16};
      |                                                  ~~~~~~~~~~~~~~~~~~~~~~~~~^~~~
/storage/home/timofeirusanov/accessor_universal_test/src/storage_performance_bench.cu:825:59: warning: narrowing conversion of ‘(((int)device._GLOBAL__N__9bcc3e08_28_storage_performance_bench_cu_af2961a1::device_info::multiprocessors) * 16)’ from ‘int’ to ‘std::size_t’ {aka ‘long unsigned int’} [-Wnarrowing]
  825 |   device_buffer<double> partials{device.multiprocessors * 16};
      |                                  ~~~~~~~~~~~~~~~~~~~~~~~~~^~~~
/storage/home/timofeirusanov/accessor_universal_test/src/storage_performance_bench.cu: In instantiation of ‘void _GLOBAL__N__9bcc3e08_28_storage_performance_bench_cu_af2961a1::profile_format_lane(const _GLOBAL__N__9bcc3e08_28_storage_performance_bench_cu_af2961a1::options&, const _GLOBAL__N__9bcc3e08_28_storage_performance_bench_cu_af2961a1::device_info&, const double*, const double*, _GLOBAL__N__9bcc3e08_28_storage_performance_bench_cu_af2961a1::profile_output&, std::size_t) [with Format = aut::storage::bf16_e8m7; int Lanes = 2; std::size_t = long unsigned int]’:
/storage/home/timofeirusanov/accessor_universal_test/src/storage_performance_bench.cu:878:33:   required from ‘bool _GLOBAL__N__9bcc3e08_28_storage_performance_bench_cu_af2961a1::try_profile_format(const _GLOBAL__N__9bcc3e08_28_storage_performance_bench_cu_af2961a1::options&, const _GLOBAL__N__9bcc3e08_28_storage_performance_bench_cu_af2961a1::device_info&, const double*, const double*, _GLOBAL__N__9bcc3e08_28_storage_performance_bench_cu_af2961a1::profile_output&, std::size_t&) [with Format = aut::storage::bf16_e8m7; std::size_t = long unsigned int]’
/storage/home/timofeirusanov/accessor_universal_test/src/storage_performance_bench.cu:892:84:   required from ‘void _GLOBAL__N__9bcc3e08_28_storage_performance_bench_cu_af2961a1::profile_formats(const _GLOBAL__N__9bcc3e08_28_storage_performance_bench_cu_af2961a1::options&, const _GLOBAL__N__9bcc3e08_28_storage_performance_bench_cu_af2961a1::device_info&, const double*, const double*, _GLOBAL__N__9bcc3e08_28_storage_performance_bench_cu_af2961a1::profile_output&) [with Formats = {aut::storage::e1m6, aut::storage::e2m5, aut::storage::e3m4, aut::storage::fp8_e4m3, aut::storage::fp8_e5m2, aut::storage::e1m14, aut::storage::e2m13, aut::storage::e3m12, aut::storage::fp16_e5m10, aut::storage::bf16_e8m7, aut::storage::e11m4, aut::storage::e1m30, aut::storage::e2m29, aut::storage::e3m28, aut::storage::fp32_e8m23, aut::storage::e11m20, aut::storage::fp64_e11m52}]’
/storage/home/timofeirusanov/accessor_universal_test/src/storage_performance_bench.cu:921:399:   required from here
/storage/home/timofeirusanov/accessor_universal_test/src/storage_performance_bench.cu:824:75: warning: narrowing conversion of ‘(((int)device._GLOBAL__N__9bcc3e08_28_storage_performance_bench_cu_af2961a1::device_info::multiprocessors) * 16)’ from ‘int’ to ‘std::size_t’ {aka ‘long unsigned int’} [-Wnarrowing]
  824 |   device_buffer<unsigned long long> integer_sink{device.multiprocessors * 16};
      |                                                  ~~~~~~~~~~~~~~~~~~~~~~~~~^~~~
/storage/home/timofeirusanov/accessor_universal_test/src/storage_performance_bench.cu:825:59: warning: narrowing conversion of ‘(((int)device._GLOBAL__N__9bcc3e08_28_storage_performance_bench_cu_af2961a1::device_info::multiprocessors) * 16)’ from ‘int’ to ‘std::size_t’ {aka ‘long unsigned int’} [-Wnarrowing]
  825 |   device_buffer<double> partials{device.multiprocessors * 16};
      |                                  ~~~~~~~~~~~~~~~~~~~~~~~~~^~~~
/storage/home/timofeirusanov/accessor_universal_test/src/storage_performance_bench.cu: In instantiation of ‘void _GLOBAL__N__9bcc3e08_28_storage_performance_bench_cu_af2961a1::profile_format_lane(const _GLOBAL__N__9bcc3e08_28_storage_performance_bench_cu_af2961a1::options&, const _GLOBAL__N__9bcc3e08_28_storage_performance_bench_cu_af2961a1::device_info&, const double*, const double*, _GLOBAL__N__9bcc3e08_28_storage_performance_bench_cu_af2961a1::profile_output&, std::size_t) [with Format = aut::storage::bf16_e8m7; int Lanes = 4; std::size_t = long unsigned int]’:
/storage/home/timofeirusanov/accessor_universal_test/src/storage_performance_bench.cu:881:33:   required from ‘bool _GLOBAL__N__9bcc3e08_28_storage_performance_bench_cu_af2961a1::try_profile_format(const _GLOBAL__N__9bcc3e08_28_storage_performance_bench_cu_af2961a1::options&, const _GLOBAL__N__9bcc3e08_28_storage_performance_bench_cu_af2961a1::device_info&, const double*, const double*, _GLOBAL__N__9bcc3e08_28_storage_performance_bench_cu_af2961a1::profile_output&, std::size_t&) [with Format = aut::storage::bf16_e8m7; std::size_t = long unsigned int]’
/storage/home/timofeirusanov/accessor_universal_test/src/storage_performance_bench.cu:892:84:   required from ‘void _GLOBAL__N__9bcc3e08_28_storage_performance_bench_cu_af2961a1::profile_formats(const _GLOBAL__N__9bcc3e08_28_storage_performance_bench_cu_af2961a1::options&, const _GLOBAL__N__9bcc3e08_28_storage_performance_bench_cu_af2961a1::device_info&, const double*, const double*, _GLOBAL__N__9bcc3e08_28_storage_performance_bench_cu_af2961a1::profile_output&) [with Formats = {aut::storage::e1m6, aut::storage::e2m5, aut::storage::e3m4, aut::storage::fp8_e4m3, aut::storage::fp8_e5m2, aut::storage::e1m14, aut::storage::e2m13, aut::storage::e3m12, aut::storage::fp16_e5m10, aut::storage::bf16_e8m7, aut::storage::e11m4, aut::storage::e1m30, aut::storage::e2m29, aut::storage::e3m28, aut::storage::fp32_e8m23, aut::storage::e11m20, aut::storage::fp64_e11m52}]’
/storage/home/timofeirusanov/accessor_universal_test/src/storage_performance_bench.cu:921:399:   required from here
/storage/home/timofeirusanov/accessor_universal_test/src/storage_performance_bench.cu:824:75: warning: narrowing conversion of ‘(((int)device._GLOBAL__N__9bcc3e08_28_storage_performance_bench_cu_af2961a1::device_info::multiprocessors) * 16)’ from ‘int’ to ‘std::size_t’ {aka ‘long unsigned int’} [-Wnarrowing]
  824 |   device_buffer<unsigned long long> integer_sink{device.multiprocessors * 16};
      |                                                  ~~~~~~~~~~~~~~~~~~~~~~~~~^~~~
/storage/home/timofeirusanov/accessor_universal_test/src/storage_performance_bench.cu:825:59: warning: narrowing conversion of ‘(((int)device._GLOBAL__N__9bcc3e08_28_storage_performance_bench_cu_af2961a1::device_info::multiprocessors) * 16)’ from ‘int’ to ‘std::size_t’ {aka ‘long unsigned int’} [-Wnarrowing]
  825 |   device_buffer<double> partials{device.multiprocessors * 16};
      |                                  ~~~~~~~~~~~~~~~~~~~~~~~~~^~~~
/storage/home/timofeirusanov/accessor_universal_test/src/storage_performance_bench.cu: In instantiation of ‘void _GLOBAL__N__9bcc3e08_28_storage_performance_bench_cu_af2961a1::profile_format_lane(const _GLOBAL__N__9bcc3e08_28_storage_performance_bench_cu_af2961a1::options&, const _GLOBAL__N__9bcc3e08_28_storage_performance_bench_cu_af2961a1::device_info&, const double*, const double*, _GLOBAL__N__9bcc3e08_28_storage_performance_bench_cu_af2961a1::profile_output&, std::size_t) [with Format = aut::storage::e11m4; int Lanes = 1; std::size_t = long unsigned int]’:
/storage/home/timofeirusanov/accessor_universal_test/src/storage_performance_bench.cu:875:33:   required from ‘bool _GLOBAL__N__9bcc3e08_28_storage_performance_bench_cu_af2961a1::try_profile_format(const _GLOBAL__N__9bcc3e08_28_storage_performance_bench_cu_af2961a1::options&, const _GLOBAL__N__9bcc3e08_28_storage_performance_bench_cu_af2961a1::device_info&, const double*, const double*, _GLOBAL__N__9bcc3e08_28_storage_performance_bench_cu_af2961a1::profile_output&, std::size_t&) [with Format = aut::storage::e11m4; std::size_t = long unsigned int]’
/storage/home/timofeirusanov/accessor_universal_test/src/storage_performance_bench.cu:892:84:   required from ‘void _GLOBAL__N__9bcc3e08_28_storage_performance_bench_cu_af2961a1::profile_formats(const _GLOBAL__N__9bcc3e08_28_storage_performance_bench_cu_af2961a1::options&, const _GLOBAL__N__9bcc3e08_28_storage_performance_bench_cu_af2961a1::device_info&, const double*, const double*, _GLOBAL__N__9bcc3e08_28_storage_performance_bench_cu_af2961a1::profile_output&) [with Formats = {aut::storage::e1m6, aut::storage::e2m5, aut::storage::e3m4, aut::storage::fp8_e4m3, aut::storage::fp8_e5m2, aut::storage::e1m14, aut::storage::e2m13, aut::storage::e3m12, aut::storage::fp16_e5m10, aut::storage::bf16_e8m7, aut::storage::e11m4, aut::storage::e1m30, aut::storage::e2m29, aut::storage::e3m28, aut::storage::fp32_e8m23, aut::storage::e11m20, aut::storage::fp64_e11m52}]’
/storage/home/timofeirusanov/accessor_universal_test/src/storage_performance_bench.cu:921:399:   required from here
/storage/home/timofeirusanov/accessor_universal_test/src/storage_performance_bench.cu:824:75: warning: narrowing conversion of ‘(((int)device._GLOBAL__N__9bcc3e08_28_storage_performance_bench_cu_af2961a1::device_info::multiprocessors) * 16)’ from ‘int’ to ‘std::size_t’ {aka ‘long unsigned int’} [-Wnarrowing]
  824 |   device_buffer<unsigned long long> integer_sink{device.multiprocessors * 16};
      |                                                  ~~~~~~~~~~~~~~~~~~~~~~~~~^~~~
/storage/home/timofeirusanov/accessor_universal_test/src/storage_performance_bench.cu:825:59: warning: narrowing conversion of ‘(((int)device._GLOBAL__N__9bcc3e08_28_storage_performance_bench_cu_af2961a1::device_info::multiprocessors) * 16)’ from ‘int’ to ‘std::size_t’ {aka ‘long unsigned int’} [-Wnarrowing]
  825 |   device_buffer<double> partials{device.multiprocessors * 16};
      |                                  ~~~~~~~~~~~~~~~~~~~~~~~~~^~~~
/storage/home/timofeirusanov/accessor_universal_test/src/storage_performance_bench.cu: In instantiation of ‘void _GLOBAL__N__9bcc3e08_28_storage_performance_bench_cu_af2961a1::profile_format_lane(const _GLOBAL__N__9bcc3e08_28_storage_performance_bench_cu_af2961a1::options&, const _GLOBAL__N__9bcc3e08_28_storage_performance_bench_cu_af2961a1::device_info&, const double*, const double*, _GLOBAL__N__9bcc3e08_28_storage_performance_bench_cu_af2961a1::profile_output&, std::size_t) [with Format = aut::storage::e11m4; int Lanes = 2; std::size_t = long unsigned int]’:
/storage/home/timofeirusanov/accessor_universal_test/src/storage_performance_bench.cu:878:33:   required from ‘bool _GLOBAL__N__9bcc3e08_28_storage_performance_bench_cu_af2961a1::try_profile_format(const _GLOBAL__N__9bcc3e08_28_storage_performance_bench_cu_af2961a1::options&, const _GLOBAL__N__9bcc3e08_28_storage_performance_bench_cu_af2961a1::device_info&, const double*, const double*, _GLOBAL__N__9bcc3e08_28_storage_performance_bench_cu_af2961a1::profile_output&, std::size_t&) [with Format = aut::storage::e11m4; std::size_t = long unsigned int]’
/storage/home/timofeirusanov/accessor_universal_test/src/storage_performance_bench.cu:892:84:   required from ‘void _GLOBAL__N__9bcc3e08_28_storage_performance_bench_cu_af2961a1::profile_formats(const _GLOBAL__N__9bcc3e08_28_storage_performance_bench_cu_af2961a1::options&, const _GLOBAL__N__9bcc3e08_28_storage_performance_bench_cu_af2961a1::device_info&, const double*, const double*, _GLOBAL__N__9bcc3e08_28_storage_performance_bench_cu_af2961a1::profile_output&) [with Formats = {aut::storage::e1m6, aut::storage::e2m5, aut::storage::e3m4, aut::storage::fp8_e4m3, aut::storage::fp8_e5m2, aut::storage::e1m14, aut::storage::e2m13, aut::storage::e3m12, aut::storage::fp16_e5m10, aut::storage::bf16_e8m7, aut::storage::e11m4, aut::storage::e1m30, aut::storage::e2m29, aut::storage::e3m28, aut::storage::fp32_e8m23, aut::storage::e11m20, aut::storage::fp64_e11m52}]’
/storage/home/timofeirusanov/accessor_universal_test/src/storage_performance_bench.cu:921:399:   required from here
/storage/home/timofeirusanov/accessor_universal_test/src/storage_performance_bench.cu:824:75: warning: narrowing conversion of ‘(((int)device._GLOBAL__N__9bcc3e08_28_storage_performance_bench_cu_af2961a1::device_info::multiprocessors) * 16)’ from ‘int’ to ‘std::size_t’ {aka ‘long unsigned int’} [-Wnarrowing]
  824 |   device_buffer<unsigned long long> integer_sink{device.multiprocessors * 16};
      |                                                  ~~~~~~~~~~~~~~~~~~~~~~~~~^~~~
/storage/home/timofeirusanov/accessor_universal_test/src/storage_performance_bench.cu:825:59: warning: narrowing conversion of ‘(((int)device._GLOBAL__N__9bcc3e08_28_storage_performance_bench_cu_af2961a1::device_info::multiprocessors) * 16)’ from ‘int’ to ‘std::size_t’ {aka ‘long unsigned int’} [-Wnarrowing]
  825 |   device_buffer<double> partials{device.multiprocessors * 16};
      |                                  ~~~~~~~~~~~~~~~~~~~~~~~~~^~~~
/storage/home/timofeirusanov/accessor_universal_test/src/storage_performance_bench.cu: In instantiation of ‘void _GLOBAL__N__9bcc3e08_28_storage_performance_bench_cu_af2961a1::profile_format_lane(const _GLOBAL__N__9bcc3e08_28_storage_performance_bench_cu_af2961a1::options&, const _GLOBAL__N__9bcc3e08_28_storage_performance_bench_cu_af2961a1::device_info&, const double*, const double*, _GLOBAL__N__9bcc3e08_28_storage_performance_bench_cu_af2961a1::profile_output&, std::size_t) [with Format = aut::storage::e11m4; int Lanes = 4; std::size_t = long unsigned int]’:
/storage/home/timofeirusanov/accessor_universal_test/src/storage_performance_bench.cu:881:33:   required from ‘bool _GLOBAL__N__9bcc3e08_28_storage_performance_bench_cu_af2961a1::try_profile_format(const _GLOBAL__N__9bcc3e08_28_storage_performance_bench_cu_af2961a1::options&, const _GLOBAL__N__9bcc3e08_28_storage_performance_bench_cu_af2961a1::device_info&, const double*, const double*, _GLOBAL__N__9bcc3e08_28_storage_performance_bench_cu_af2961a1::profile_output&, std::size_t&) [with Format = aut::storage::e11m4; std::size_t = long unsigned int]’
/storage/home/timofeirusanov/accessor_universal_test/src/storage_performance_bench.cu:892:84:   required from ‘void _GLOBAL__N__9bcc3e08_28_storage_performance_bench_cu_af2961a1::profile_formats(const _GLOBAL__N__9bcc3e08_28_storage_performance_bench_cu_af2961a1::options&, const _GLOBAL__N__9bcc3e08_28_storage_performance_bench_cu_af2961a1::device_info&, const double*, const double*, _GLOBAL__N__9bcc3e08_28_storage_performance_bench_cu_af2961a1::profile_output&) [with Formats = {aut::storage::e1m6, aut::storage::e2m5, aut::storage::e3m4, aut::storage::fp8_e4m3, aut::storage::fp8_e5m2, aut::storage::e1m14, aut::storage::e2m13, aut::storage::e3m12, aut::storage::fp16_e5m10, aut::storage::bf16_e8m7, aut::storage::e11m4, aut::storage::e1m30, aut::storage::e2m29, aut::storage::e3m28, aut::storage::fp32_e8m23, aut::storage::e11m20, aut::storage::fp64_e11m52}]’
/storage/home/timofeirusanov/accessor_universal_test/src/storage_performance_bench.cu:921:399:   required from here
/storage/home/timofeirusanov/accessor_universal_test/src/storage_performance_bench.cu:824:75: warning: narrowing conversion of ‘(((int)device._GLOBAL__N__9bcc3e08_28_storage_performance_bench_cu_af2961a1::device_info::multiprocessors) * 16)’ from ‘int’ to ‘std::size_t’ {aka ‘long unsigned int’} [-Wnarrowing]
  824 |   device_buffer<unsigned long long> integer_sink{device.multiprocessors * 16};
      |                                                  ~~~~~~~~~~~~~~~~~~~~~~~~~^~~~
/storage/home/timofeirusanov/accessor_universal_test/src/storage_performance_bench.cu:825:59: warning: narrowing conversion of ‘(((int)device._GLOBAL__N__9bcc3e08_28_storage_performance_bench_cu_af2961a1::device_info::multiprocessors) * 16)’ from ‘int’ to ‘std::size_t’ {aka ‘long unsigned int’} [-Wnarrowing]
  825 |   device_buffer<double> partials{device.multiprocessors * 16};
      |                                  ~~~~~~~~~~~~~~~~~~~~~~~~~^~~~
/storage/home/timofeirusanov/accessor_universal_test/src/storage_performance_bench.cu: In instantiation of ‘void _GLOBAL__N__9bcc3e08_28_storage_performance_bench_cu_af2961a1::profile_format_lane(const _GLOBAL__N__9bcc3e08_28_storage_performance_bench_cu_af2961a1::options&, const _GLOBAL__N__9bcc3e08_28_storage_performance_bench_cu_af2961a1::device_info&, const double*, const double*, _GLOBAL__N__9bcc3e08_28_storage_performance_bench_cu_af2961a1::profile_output&, std::size_t) [with Format = aut::storage::e1m30; int Lanes = 1; std::size_t = long unsigned int]’:
/storage/home/timofeirusanov/accessor_universal_test/src/storage_performance_bench.cu:875:33:   required from ‘bool _GLOBAL__N__9bcc3e08_28_storage_performance_bench_cu_af2961a1::try_profile_format(const _GLOBAL__N__9bcc3e08_28_storage_performance_bench_cu_af2961a1::options&, const _GLOBAL__N__9bcc3e08_28_storage_performance_bench_cu_af2961a1::device_info&, const double*, const double*, _GLOBAL__N__9bcc3e08_28_storage_performance_bench_cu_af2961a1::profile_output&, std::size_t&) [with Format = aut::storage::e1m30; std::size_t = long unsigned int]’
/storage/home/timofeirusanov/accessor_universal_test/src/storage_performance_bench.cu:892:84:   required from ‘void _GLOBAL__N__9bcc3e08_28_storage_performance_bench_cu_af2961a1::profile_formats(const _GLOBAL__N__9bcc3e08_28_storage_performance_bench_cu_af2961a1::options&, const _GLOBAL__N__9bcc3e08_28_storage_performance_bench_cu_af2961a1::device_info&, const double*, const double*, _GLOBAL__N__9bcc3e08_28_storage_performance_bench_cu_af2961a1::profile_output&) [with Formats = {aut::storage::e1m6, aut::storage::e2m5, aut::storage::e3m4, aut::storage::fp8_e4m3, aut::storage::fp8_e5m2, aut::storage::e1m14, aut::storage::e2m13, aut::storage::e3m12, aut::storage::fp16_e5m10, aut::storage::bf16_e8m7, aut::storage::e11m4, aut::storage::e1m30, aut::storage::e2m29, aut::storage::e3m28, aut::storage::fp32_e8m23, aut::storage::e11m20, aut::storage::fp64_e11m52}]’
/storage/home/timofeirusanov/accessor_universal_test/src/storage_performance_bench.cu:921:399:   required from here
/storage/home/timofeirusanov/accessor_universal_test/src/storage_performance_bench.cu:824:75: warning: narrowing conversion of ‘(((int)device._GLOBAL__N__9bcc3e08_28_storage_performance_bench_cu_af2961a1::device_info::multiprocessors) * 16)’ from ‘int’ to ‘std::size_t’ {aka ‘long unsigned int’} [-Wnarrowing]
  824 |   device_buffer<unsigned long long> integer_sink{device.multiprocessors * 16};
      |                                                  ~~~~~~~~~~~~~~~~~~~~~~~~~^~~~
/storage/home/timofeirusanov/accessor_universal_test/src/storage_performance_bench.cu:825:59: warning: narrowing conversion of ‘(((int)device._GLOBAL__N__9bcc3e08_28_storage_performance_bench_cu_af2961a1::device_info::multiprocessors) * 16)’ from ‘int’ to ‘std::size_t’ {aka ‘long unsigned int’} [-Wnarrowing]
  825 |   device_buffer<double> partials{device.multiprocessors * 16};
      |                                  ~~~~~~~~~~~~~~~~~~~~~~~~~^~~~
/storage/home/timofeirusanov/accessor_universal_test/src/storage_performance_bench.cu: In instantiation of ‘void _GLOBAL__N__9bcc3e08_28_storage_performance_bench_cu_af2961a1::profile_format_lane(const _GLOBAL__N__9bcc3e08_28_storage_performance_bench_cu_af2961a1::options&, const _GLOBAL__N__9bcc3e08_28_storage_performance_bench_cu_af2961a1::device_info&, const double*, const double*, _GLOBAL__N__9bcc3e08_28_storage_performance_bench_cu_af2961a1::profile_output&, std::size_t) [with Format = aut::storage::e1m30; int Lanes = 2; std::size_t = long unsigned int]’:
/storage/home/timofeirusanov/accessor_universal_test/src/storage_performance_bench.cu:878:33:   required from ‘bool _GLOBAL__N__9bcc3e08_28_storage_performance_bench_cu_af2961a1::try_profile_format(const _GLOBAL__N__9bcc3e08_28_storage_performance_bench_cu_af2961a1::options&, const _GLOBAL__N__9bcc3e08_28_storage_performance_bench_cu_af2961a1::device_info&, const double*, const double*, _GLOBAL__N__9bcc3e08_28_storage_performance_bench_cu_af2961a1::profile_output&, std::size_t&) [with Format = aut::storage::e1m30; std::size_t = long unsigned int]’
/storage/home/timofeirusanov/accessor_universal_test/src/storage_performance_bench.cu:892:84:   required from ‘void _GLOBAL__N__9bcc3e08_28_storage_performance_bench_cu_af2961a1::profile_formats(const _GLOBAL__N__9bcc3e08_28_storage_performance_bench_cu_af2961a1::options&, const _GLOBAL__N__9bcc3e08_28_storage_performance_bench_cu_af2961a1::device_info&, const double*, const double*, _GLOBAL__N__9bcc3e08_28_storage_performance_bench_cu_af2961a1::profile_output&) [with Formats = {aut::storage::e1m6, aut::storage::e2m5, aut::storage::e3m4, aut::storage::fp8_e4m3, aut::storage::fp8_e5m2, aut::storage::e1m14, aut::storage::e2m13, aut::storage::e3m12, aut::storage::fp16_e5m10, aut::storage::bf16_e8m7, aut::storage::e11m4, aut::storage::e1m30, aut::storage::e2m29, aut::storage::e3m28, aut::storage::fp32_e8m23, aut::storage::e11m20, aut::storage::fp64_e11m52}]’
/storage/home/timofeirusanov/accessor_universal_test/src/storage_performance_bench.cu:921:399:   required from here
/storage/home/timofeirusanov/accessor_universal_test/src/storage_performance_bench.cu:824:75: warning: narrowing conversion of ‘(((int)device._GLOBAL__N__9bcc3e08_28_storage_performance_bench_cu_af2961a1::device_info::multiprocessors) * 16)’ from ‘int’ to ‘std::size_t’ {aka ‘long unsigned int’} [-Wnarrowing]
  824 |   device_buffer<unsigned long long> integer_sink{device.multiprocessors * 16};
      |                                                  ~~~~~~~~~~~~~~~~~~~~~~~~~^~~~
/storage/home/timofeirusanov/accessor_universal_test/src/storage_performance_bench.cu:825:59: warning: narrowing conversion of ‘(((int)device._GLOBAL__N__9bcc3e08_28_storage_performance_bench_cu_af2961a1::device_info::multiprocessors) * 16)’ from ‘int’ to ‘std::size_t’ {aka ‘long unsigned int’} [-Wnarrowing]
  825 |   device_buffer<double> partials{device.multiprocessors * 16};
      |                                  ~~~~~~~~~~~~~~~~~~~~~~~~~^~~~
/storage/home/timofeirusanov/accessor_universal_test/src/storage_performance_bench.cu: In instantiation of ‘void _GLOBAL__N__9bcc3e08_28_storage_performance_bench_cu_af2961a1::profile_format_lane(const _GLOBAL__N__9bcc3e08_28_storage_performance_bench_cu_af2961a1::options&, const _GLOBAL__N__9bcc3e08_28_storage_performance_bench_cu_af2961a1::device_info&, const double*, const double*, _GLOBAL__N__9bcc3e08_28_storage_performance_bench_cu_af2961a1::profile_output&, std::size_t) [with Format = aut::storage::e1m30; int Lanes = 4; std::size_t = long unsigned int]’:
/storage/home/timofeirusanov/accessor_universal_test/src/storage_performance_bench.cu:881:33:   required from ‘bool _GLOBAL__N__9bcc3e08_28_storage_performance_bench_cu_af2961a1::try_profile_format(const _GLOBAL__N__9bcc3e08_28_storage_performance_bench_cu_af2961a1::options&, const _GLOBAL__N__9bcc3e08_28_storage_performance_bench_cu_af2961a1::device_info&, const double*, const double*, _GLOBAL__N__9bcc3e08_28_storage_performance_bench_cu_af2961a1::profile_output&, std::size_t&) [with Format = aut::storage::e1m30; std::size_t = long unsigned int]’
/storage/home/timofeirusanov/accessor_universal_test/src/storage_performance_bench.cu:892:84:   required from ‘void _GLOBAL__N__9bcc3e08_28_storage_performance_bench_cu_af2961a1::profile_formats(const _GLOBAL__N__9bcc3e08_28_storage_performance_bench_cu_af2961a1::options&, const _GLOBAL__N__9bcc3e08_28_storage_performance_bench_cu_af2961a1::device_info&, const double*, const double*, _GLOBAL__N__9bcc3e08_28_storage_performance_bench_cu_af2961a1::profile_output&) [with Formats = {aut::storage::e1m6, aut::storage::e2m5, aut::storage::e3m4, aut::storage::fp8_e4m3, aut::storage::fp8_e5m2, aut::storage::e1m14, aut::storage::e2m13, aut::storage::e3m12, aut::storage::fp16_e5m10, aut::storage::bf16_e8m7, aut::storage::e11m4, aut::storage::e1m30, aut::storage::e2m29, aut::storage::e3m28, aut::storage::fp32_e8m23, aut::storage::e11m20, aut::storage::fp64_e11m52}]’
/storage/home/timofeirusanov/accessor_universal_test/src/storage_performance_bench.cu:921:399:   required from here
/storage/home/timofeirusanov/accessor_universal_test/src/storage_performance_bench.cu:824:75: warning: narrowing conversion of ‘(((int)device._GLOBAL__N__9bcc3e08_28_storage_performance_bench_cu_af2961a1::device_info::multiprocessors) * 16)’ from ‘int’ to ‘std::size_t’ {aka ‘long unsigned int’} [-Wnarrowing]
  824 |   device_buffer<unsigned long long> integer_sink{device.multiprocessors * 16};
      |                                                  ~~~~~~~~~~~~~~~~~~~~~~~~~^~~~
/storage/home/timofeirusanov/accessor_universal_test/src/storage_performance_bench.cu:825:59: warning: narrowing conversion of ‘(((int)device._GLOBAL__N__9bcc3e08_28_storage_performance_bench_cu_af2961a1::device_info::multiprocessors) * 16)’ from ‘int’ to ‘std::size_t’ {aka ‘long unsigned int’} [-Wnarrowing]
  825 |   device_buffer<double> partials{device.multiprocessors * 16};
      |                                  ~~~~~~~~~~~~~~~~~~~~~~~~~^~~~
/storage/home/timofeirusanov/accessor_universal_test/src/storage_performance_bench.cu: In instantiation of ‘void _GLOBAL__N__9bcc3e08_28_storage_performance_bench_cu_af2961a1::profile_format_lane(const _GLOBAL__N__9bcc3e08_28_storage_performance_bench_cu_af2961a1::options&, const _GLOBAL__N__9bcc3e08_28_storage_performance_bench_cu_af2961a1::device_info&, const double*, const double*, _GLOBAL__N__9bcc3e08_28_storage_performance_bench_cu_af2961a1::profile_output&, std::size_t) [with Format = aut::storage::e2m29; int Lanes = 1; std::size_t = long unsigned int]’:
/storage/home/timofeirusanov/accessor_universal_test/src/storage_performance_bench.cu:875:33:   required from ‘bool _GLOBAL__N__9bcc3e08_28_storage_performance_bench_cu_af2961a1::try_profile_format(const _GLOBAL__N__9bcc3e08_28_storage_performance_bench_cu_af2961a1::options&, const _GLOBAL__N__9bcc3e08_28_storage_performance_bench_cu_af2961a1::device_info&, const double*, const double*, _GLOBAL__N__9bcc3e08_28_storage_performance_bench_cu_af2961a1::profile_output&, std::size_t&) [with Format = aut::storage::e2m29; std::size_t = long unsigned int]’
/storage/home/timofeirusanov/accessor_universal_test/src/storage_performance_bench.cu:892:84:   required from ‘void _GLOBAL__N__9bcc3e08_28_storage_performance_bench_cu_af2961a1::profile_formats(const _GLOBAL__N__9bcc3e08_28_storage_performance_bench_cu_af2961a1::options&, const _GLOBAL__N__9bcc3e08_28_storage_performance_bench_cu_af2961a1::device_info&, const double*, const double*, _GLOBAL__N__9bcc3e08_28_storage_performance_bench_cu_af2961a1::profile_output&) [with Formats = {aut::storage::e1m6, aut::storage::e2m5, aut::storage::e3m4, aut::storage::fp8_e4m3, aut::storage::fp8_e5m2, aut::storage::e1m14, aut::storage::e2m13, aut::storage::e3m12, aut::storage::fp16_e5m10, aut::storage::bf16_e8m7, aut::storage::e11m4, aut::storage::e1m30, aut::storage::e2m29, aut::storage::e3m28, aut::storage::fp32_e8m23, aut::storage::e11m20, aut::storage::fp64_e11m52}]’
/storage/home/timofeirusanov/accessor_universal_test/src/storage_performance_bench.cu:921:399:   required from here
/storage/home/timofeirusanov/accessor_universal_test/src/storage_performance_bench.cu:824:75: warning: narrowing conversion of ‘(((int)device._GLOBAL__N__9bcc3e08_28_storage_performance_bench_cu_af2961a1::device_info::multiprocessors) * 16)’ from ‘int’ to ‘std::size_t’ {aka ‘long unsigned int’} [-Wnarrowing]
  824 |   device_buffer<unsigned long long> integer_sink{device.multiprocessors * 16};
      |                                                  ~~~~~~~~~~~~~~~~~~~~~~~~~^~~~
/storage/home/timofeirusanov/accessor_universal_test/src/storage_performance_bench.cu:825:59: warning: narrowing conversion of ‘(((int)device._GLOBAL__N__9bcc3e08_28_storage_performance_bench_cu_af2961a1::device_info::multiprocessors) * 16)’ from ‘int’ to ‘std::size_t’ {aka ‘long unsigned int’} [-Wnarrowing]
  825 |   device_buffer<double> partials{device.multiprocessors * 16};
      |                                  ~~~~~~~~~~~~~~~~~~~~~~~~~^~~~
/storage/home/timofeirusanov/accessor_universal_test/src/storage_performance_bench.cu: In instantiation of ‘void _GLOBAL__N__9bcc3e08_28_storage_performance_bench_cu_af2961a1::profile_format_lane(const _GLOBAL__N__9bcc3e08_28_storage_performance_bench_cu_af2961a1::options&, const _GLOBAL__N__9bcc3e08_28_storage_performance_bench_cu_af2961a1::device_info&, const double*, const double*, _GLOBAL__N__9bcc3e08_28_storage_performance_bench_cu_af2961a1::profile_output&, std::size_t) [with Format = aut::storage::e2m29; int Lanes = 2; std::size_t = long unsigned int]’:
/storage/home/timofeirusanov/accessor_universal_test/src/storage_performance_bench.cu:878:33:   required from ‘bool _GLOBAL__N__9bcc3e08_28_storage_performance_bench_cu_af2961a1::try_profile_format(const _GLOBAL__N__9bcc3e08_28_storage_performance_bench_cu_af2961a1::options&, const _GLOBAL__N__9bcc3e08_28_storage_performance_bench_cu_af2961a1::device_info&, const double*, const double*, _GLOBAL__N__9bcc3e08_28_storage_performance_bench_cu_af2961a1::profile_output&, std::size_t&) [with Format = aut::storage::e2m29; std::size_t = long unsigned int]’
/storage/home/timofeirusanov/accessor_universal_test/src/storage_performance_bench.cu:892:84:   required from ‘void _GLOBAL__N__9bcc3e08_28_storage_performance_bench_cu_af2961a1::profile_formats(const _GLOBAL__N__9bcc3e08_28_storage_performance_bench_cu_af2961a1::options&, const _GLOBAL__N__9bcc3e08_28_storage_performance_bench_cu_af2961a1::device_info&, const double*, const double*, _GLOBAL__N__9bcc3e08_28_storage_performance_bench_cu_af2961a1::profile_output&) [with Formats = {aut::storage::e1m6, aut::storage::e2m5, aut::storage::e3m4, aut::storage::fp8_e4m3, aut::storage::fp8_e5m2, aut::storage::e1m14, aut::storage::e2m13, aut::storage::e3m12, aut::storage::fp16_e5m10, aut::storage::bf16_e8m7, aut::storage::e11m4, aut::storage::e1m30, aut::storage::e2m29, aut::storage::e3m28, aut::storage::fp32_e8m23, aut::storage::e11m20, aut::storage::fp64_e11m52}]’
/storage/home/timofeirusanov/accessor_universal_test/src/storage_performance_bench.cu:921:399:   required from here
/storage/home/timofeirusanov/accessor_universal_test/src/storage_performance_bench.cu:824:75: warning: narrowing conversion of ‘(((int)device._GLOBAL__N__9bcc3e08_28_storage_performance_bench_cu_af2961a1::device_info::multiprocessors) * 16)’ from ‘int’ to ‘std::size_t’ {aka ‘long unsigned int’} [-Wnarrowing]
  824 |   device_buffer<unsigned long long> integer_sink{device.multiprocessors * 16};
      |                                                  ~~~~~~~~~~~~~~~~~~~~~~~~~^~~~
/storage/home/timofeirusanov/accessor_universal_test/src/storage_performance_bench.cu:825:59: warning: narrowing conversion of ‘(((int)device._GLOBAL__N__9bcc3e08_28_storage_performance_bench_cu_af2961a1::device_info::multiprocessors) * 16)’ from ‘int’ to ‘std::size_t’ {aka ‘long unsigned int’} [-Wnarrowing]
  825 |   device_buffer<double> partials{device.multiprocessors * 16};
      |                                  ~~~~~~~~~~~~~~~~~~~~~~~~~^~~~
/storage/home/timofeirusanov/accessor_universal_test/src/storage_performance_bench.cu: In instantiation of ‘void _GLOBAL__N__9bcc3e08_28_storage_performance_bench_cu_af2961a1::profile_format_lane(const _GLOBAL__N__9bcc3e08_28_storage_performance_bench_cu_af2961a1::options&, const _GLOBAL__N__9bcc3e08_28_storage_performance_bench_cu_af2961a1::device_info&, const double*, const double*, _GLOBAL__N__9bcc3e08_28_storage_performance_bench_cu_af2961a1::profile_output&, std::size_t) [with Format = aut::storage::e2m29; int Lanes = 4; std::size_t = long unsigned int]’:
/storage/home/timofeirusanov/accessor_universal_test/src/storage_performance_bench.cu:881:33:   required from ‘bool _GLOBAL__N__9bcc3e08_28_storage_performance_bench_cu_af2961a1::try_profile_format(const _GLOBAL__N__9bcc3e08_28_storage_performance_bench_cu_af2961a1::options&, const _GLOBAL__N__9bcc3e08_28_storage_performance_bench_cu_af2961a1::device_info&, const double*, const double*, _GLOBAL__N__9bcc3e08_28_storage_performance_bench_cu_af2961a1::profile_output&, std::size_t&) [with Format = aut::storage::e2m29; std::size_t = long unsigned int]’
/storage/home/timofeirusanov/accessor_universal_test/src/storage_performance_bench.cu:892:84:   required from ‘void _GLOBAL__N__9bcc3e08_28_storage_performance_bench_cu_af2961a1::profile_formats(const _GLOBAL__N__9bcc3e08_28_storage_performance_bench_cu_af2961a1::options&, const _GLOBAL__N__9bcc3e08_28_storage_performance_bench_cu_af2961a1::device_info&, const double*, const double*, _GLOBAL__N__9bcc3e08_28_storage_performance_bench_cu_af2961a1::profile_output&) [with Formats = {aut::storage::e1m6, aut::storage::e2m5, aut::storage::e3m4, aut::storage::fp8_e4m3, aut::storage::fp8_e5m2, aut::storage::e1m14, aut::storage::e2m13, aut::storage::e3m12, aut::storage::fp16_e5m10, aut::storage::bf16_e8m7, aut::storage::e11m4, aut::storage::e1m30, aut::storage::e2m29, aut::storage::e3m28, aut::storage::fp32_e8m23, aut::storage::e11m20, aut::storage::fp64_e11m52}]’
/storage/home/timofeirusanov/accessor_universal_test/src/storage_performance_bench.cu:921:399:   required from here
/storage/home/timofeirusanov/accessor_universal_test/src/storage_performance_bench.cu:824:75: warning: narrowing conversion of ‘(((int)device._GLOBAL__N__9bcc3e08_28_storage_performance_bench_cu_af2961a1::device_info::multiprocessors) * 16)’ from ‘int’ to ‘std::size_t’ {aka ‘long unsigned int’} [-Wnarrowing]
  824 |   device_buffer<unsigned long long> integer_sink{device.multiprocessors * 16};
      |                                                  ~~~~~~~~~~~~~~~~~~~~~~~~~^~~~
/storage/home/timofeirusanov/accessor_universal_test/src/storage_performance_bench.cu:825:59: warning: narrowing conversion of ‘(((int)device._GLOBAL__N__9bcc3e08_28_storage_performance_bench_cu_af2961a1::device_info::multiprocessors) * 16)’ from ‘int’ to ‘std::size_t’ {aka ‘long unsigned int’} [-Wnarrowing]
  825 |   device_buffer<double> partials{device.multiprocessors * 16};
      |                                  ~~~~~~~~~~~~~~~~~~~~~~~~~^~~~
/storage/home/timofeirusanov/accessor_universal_test/src/storage_performance_bench.cu: In instantiation of ‘void _GLOBAL__N__9bcc3e08_28_storage_performance_bench_cu_af2961a1::profile_format_lane(const _GLOBAL__N__9bcc3e08_28_storage_performance_bench_cu_af2961a1::options&, const _GLOBAL__N__9bcc3e08_28_storage_performance_bench_cu_af2961a1::device_info&, const double*, const double*, _GLOBAL__N__9bcc3e08_28_storage_performance_bench_cu_af2961a1::profile_output&, std::size_t) [with Format = aut::storage::e3m28; int Lanes = 1; std::size_t = long unsigned int]’:
/storage/home/timofeirusanov/accessor_universal_test/src/storage_performance_bench.cu:875:33:   required from ‘bool _GLOBAL__N__9bcc3e08_28_storage_performance_bench_cu_af2961a1::try_profile_format(const _GLOBAL__N__9bcc3e08_28_storage_performance_bench_cu_af2961a1::options&, const _GLOBAL__N__9bcc3e08_28_storage_performance_bench_cu_af2961a1::device_info&, const double*, const double*, _GLOBAL__N__9bcc3e08_28_storage_performance_bench_cu_af2961a1::profile_output&, std::size_t&) [with Format = aut::storage::e3m28; std::size_t = long unsigned int]’
/storage/home/timofeirusanov/accessor_universal_test/src/storage_performance_bench.cu:892:84:   required from ‘void _GLOBAL__N__9bcc3e08_28_storage_performance_bench_cu_af2961a1::profile_formats(const _GLOBAL__N__9bcc3e08_28_storage_performance_bench_cu_af2961a1::options&, const _GLOBAL__N__9bcc3e08_28_storage_performance_bench_cu_af2961a1::device_info&, const double*, const double*, _GLOBAL__N__9bcc3e08_28_storage_performance_bench_cu_af2961a1::profile_output&) [with Formats = {aut::storage::e1m6, aut::storage::e2m5, aut::storage::e3m4, aut::storage::fp8_e4m3, aut::storage::fp8_e5m2, aut::storage::e1m14, aut::storage::e2m13, aut::storage::e3m12, aut::storage::fp16_e5m10, aut::storage::bf16_e8m7, aut::storage::e11m4, aut::storage::e1m30, aut::storage::e2m29, aut::storage::e3m28, aut::storage::fp32_e8m23, aut::storage::e11m20, aut::storage::fp64_e11m52}]’
/storage/home/timofeirusanov/accessor_universal_test/src/storage_performance_bench.cu:921:399:   required from here
/storage/home/timofeirusanov/accessor_universal_test/src/storage_performance_bench.cu:824:75: warning: narrowing conversion of ‘(((int)device._GLOBAL__N__9bcc3e08_28_storage_performance_bench_cu_af2961a1::device_info::multiprocessors) * 16)’ from ‘int’ to ‘std::size_t’ {aka ‘long unsigned int’} [-Wnarrowing]
  824 |   device_buffer<unsigned long long> integer_sink{device.multiprocessors * 16};
      |                                                  ~~~~~~~~~~~~~~~~~~~~~~~~~^~~~
/storage/home/timofeirusanov/accessor_universal_test/src/storage_performance_bench.cu:825:59: warning: narrowing conversion of ‘(((int)device._GLOBAL__N__9bcc3e08_28_storage_performance_bench_cu_af2961a1::device_info::multiprocessors) * 16)’ from ‘int’ to ‘std::size_t’ {aka ‘long unsigned int’} [-Wnarrowing]
  825 |   device_buffer<double> partials{device.multiprocessors * 16};
      |                                  ~~~~~~~~~~~~~~~~~~~~~~~~~^~~~
/storage/home/timofeirusanov/accessor_universal_test/src/storage_performance_bench.cu: In instantiation of ‘void _GLOBAL__N__9bcc3e08_28_storage_performance_bench_cu_af2961a1::profile_format_lane(const _GLOBAL__N__9bcc3e08_28_storage_performance_bench_cu_af2961a1::options&, const _GLOBAL__N__9bcc3e08_28_storage_performance_bench_cu_af2961a1::device_info&, const double*, const double*, _GLOBAL__N__9bcc3e08_28_storage_performance_bench_cu_af2961a1::profile_output&, std::size_t) [with Format = aut::storage::e3m28; int Lanes = 2; std::size_t = long unsigned int]’:
/storage/home/timofeirusanov/accessor_universal_test/src/storage_performance_bench.cu:878:33:   required from ‘bool _GLOBAL__N__9bcc3e08_28_storage_performance_bench_cu_af2961a1::try_profile_format(const _GLOBAL__N__9bcc3e08_28_storage_performance_bench_cu_af2961a1::options&, const _GLOBAL__N__9bcc3e08_28_storage_performance_bench_cu_af2961a1::device_info&, const double*, const double*, _GLOBAL__N__9bcc3e08_28_storage_performance_bench_cu_af2961a1::profile_output&, std::size_t&) [with Format = aut::storage::e3m28; std::size_t = long unsigned int]’
/storage/home/timofeirusanov/accessor_universal_test/src/storage_performance_bench.cu:892:84:   required from ‘void _GLOBAL__N__9bcc3e08_28_storage_performance_bench_cu_af2961a1::profile_formats(const _GLOBAL__N__9bcc3e08_28_storage_performance_bench_cu_af2961a1::options&, const _GLOBAL__N__9bcc3e08_28_storage_performance_bench_cu_af2961a1::device_info&, const double*, const double*, _GLOBAL__N__9bcc3e08_28_storage_performance_bench_cu_af2961a1::profile_output&) [with Formats = {aut::storage::e1m6, aut::storage::e2m5, aut::storage::e3m4, aut::storage::fp8_e4m3, aut::storage::fp8_e5m2, aut::storage::e1m14, aut::storage::e2m13, aut::storage::e3m12, aut::storage::fp16_e5m10, aut::storage::bf16_e8m7, aut::storage::e11m4, aut::storage::e1m30, aut::storage::e2m29, aut::storage::e3m28, aut::storage::fp32_e8m23, aut::storage::e11m20, aut::storage::fp64_e11m52}]’
/storage/home/timofeirusanov/accessor_universal_test/src/storage_performance_bench.cu:921:399:   required from here
/storage/home/timofeirusanov/accessor_universal_test/src/storage_performance_bench.cu:824:75: warning: narrowing conversion of ‘(((int)device._GLOBAL__N__9bcc3e08_28_storage_performance_bench_cu_af2961a1::device_info::multiprocessors) * 16)’ from ‘int’ to ‘std::size_t’ {aka ‘long unsigned int’} [-Wnarrowing]
  824 |   device_buffer<unsigned long long> integer_sink{device.multiprocessors * 16};
      |                                                  ~~~~~~~~~~~~~~~~~~~~~~~~~^~~~
/storage/home/timofeirusanov/accessor_universal_test/src/storage_performance_bench.cu:825:59: warning: narrowing conversion of ‘(((int)device._GLOBAL__N__9bcc3e08_28_storage_performance_bench_cu_af2961a1::device_info::multiprocessors) * 16)’ from ‘int’ to ‘std::size_t’ {aka ‘long unsigned int’} [-Wnarrowing]
  825 |   device_buffer<double> partials{device.multiprocessors * 16};
      |                                  ~~~~~~~~~~~~~~~~~~~~~~~~~^~~~
/storage/home/timofeirusanov/accessor_universal_test/src/storage_performance_bench.cu: In instantiation of ‘void _GLOBAL__N__9bcc3e08_28_storage_performance_bench_cu_af2961a1::profile_format_lane(const _GLOBAL__N__9bcc3e08_28_storage_performance_bench_cu_af2961a1::options&, const _GLOBAL__N__9bcc3e08_28_storage_performance_bench_cu_af2961a1::device_info&, const double*, const double*, _GLOBAL__N__9bcc3e08_28_storage_performance_bench_cu_af2961a1::profile_output&, std::size_t) [with Format = aut::storage::e3m28; int Lanes = 4; std::size_t = long unsigned int]’:
/storage/home/timofeirusanov/accessor_universal_test/src/storage_performance_bench.cu:881:33:   required from ‘bool _GLOBAL__N__9bcc3e08_28_storage_performance_bench_cu_af2961a1::try_profile_format(const _GLOBAL__N__9bcc3e08_28_storage_performance_bench_cu_af2961a1::options&, const _GLOBAL__N__9bcc3e08_28_storage_performance_bench_cu_af2961a1::device_info&, const double*, const double*, _GLOBAL__N__9bcc3e08_28_storage_performance_bench_cu_af2961a1::profile_output&, std::size_t&) [with Format = aut::storage::e3m28; std::size_t = long unsigned int]’
/storage/home/timofeirusanov/accessor_universal_test/src/storage_performance_bench.cu:892:84:   required from ‘void _GLOBAL__N__9bcc3e08_28_storage_performance_bench_cu_af2961a1::profile_formats(const _GLOBAL__N__9bcc3e08_28_storage_performance_bench_cu_af2961a1::options&, const _GLOBAL__N__9bcc3e08_28_storage_performance_bench_cu_af2961a1::device_info&, const double*, const double*, _GLOBAL__N__9bcc3e08_28_storage_performance_bench_cu_af2961a1::profile_output&) [with Formats = {aut::storage::e1m6, aut::storage::e2m5, aut::storage::e3m4, aut::storage::fp8_e4m3, aut::storage::fp8_e5m2, aut::storage::e1m14, aut::storage::e2m13, aut::storage::e3m12, aut::storage::fp16_e5m10, aut::storage::bf16_e8m7, aut::storage::e11m4, aut::storage::e1m30, aut::storage::e2m29, aut::storage::e3m28, aut::storage::fp32_e8m23, aut::storage::e11m20, aut::storage::fp64_e11m52}]’
/storage/home/timofeirusanov/accessor_universal_test/src/storage_performance_bench.cu:921:399:   required from here
/storage/home/timofeirusanov/accessor_universal_test/src/storage_performance_bench.cu:824:75: warning: narrowing conversion of ‘(((int)device._GLOBAL__N__9bcc3e08_28_storage_performance_bench_cu_af2961a1::device_info::multiprocessors) * 16)’ from ‘int’ to ‘std::size_t’ {aka ‘long unsigned int’} [-Wnarrowing]
  824 |   device_buffer<unsigned long long> integer_sink{device.multiprocessors * 16};
      |                                                  ~~~~~~~~~~~~~~~~~~~~~~~~~^~~~
/storage/home/timofeirusanov/accessor_universal_test/src/storage_performance_bench.cu:825:59: warning: narrowing conversion of ‘(((int)device._GLOBAL__N__9bcc3e08_28_storage_performance_bench_cu_af2961a1::device_info::multiprocessors) * 16)’ from ‘int’ to ‘std::size_t’ {aka ‘long unsigned int’} [-Wnarrowing]
  825 |   device_buffer<double> partials{device.multiprocessors * 16};
      |                                  ~~~~~~~~~~~~~~~~~~~~~~~~~^~~~
/storage/home/timofeirusanov/accessor_universal_test/src/storage_performance_bench.cu: In instantiation of ‘void _GLOBAL__N__9bcc3e08_28_storage_performance_bench_cu_af2961a1::profile_format_lane(const _GLOBAL__N__9bcc3e08_28_storage_performance_bench_cu_af2961a1::options&, const _GLOBAL__N__9bcc3e08_28_storage_performance_bench_cu_af2961a1::device_info&, const double*, const double*, _GLOBAL__N__9bcc3e08_28_storage_performance_bench_cu_af2961a1::profile_output&, std::size_t) [with Format = aut::storage::fp32_e8m23; int Lanes = 1; std::size_t = long unsigned int]’:
/storage/home/timofeirusanov/accessor_universal_test/src/storage_performance_bench.cu:875:33:   required from ‘bool _GLOBAL__N__9bcc3e08_28_storage_performance_bench_cu_af2961a1::try_profile_format(const _GLOBAL__N__9bcc3e08_28_storage_performance_bench_cu_af2961a1::options&, const _GLOBAL__N__9bcc3e08_28_storage_performance_bench_cu_af2961a1::device_info&, const double*, const double*, _GLOBAL__N__9bcc3e08_28_storage_performance_bench_cu_af2961a1::profile_output&, std::size_t&) [with Format = aut::storage::fp32_e8m23; std::size_t = long unsigned int]’
/storage/home/timofeirusanov/accessor_universal_test/src/storage_performance_bench.cu:892:84:   required from ‘void _GLOBAL__N__9bcc3e08_28_storage_performance_bench_cu_af2961a1::profile_formats(const _GLOBAL__N__9bcc3e08_28_storage_performance_bench_cu_af2961a1::options&, const _GLOBAL__N__9bcc3e08_28_storage_performance_bench_cu_af2961a1::device_info&, const double*, const double*, _GLOBAL__N__9bcc3e08_28_storage_performance_bench_cu_af2961a1::profile_output&) [with Formats = {aut::storage::e1m6, aut::storage::e2m5, aut::storage::e3m4, aut::storage::fp8_e4m3, aut::storage::fp8_e5m2, aut::storage::e1m14, aut::storage::e2m13, aut::storage::e3m12, aut::storage::fp16_e5m10, aut::storage::bf16_e8m7, aut::storage::e11m4, aut::storage::e1m30, aut::storage::e2m29, aut::storage::e3m28, aut::storage::fp32_e8m23, aut::storage::e11m20, aut::storage::fp64_e11m52}]’
/storage/home/timofeirusanov/accessor_universal_test/src/storage_performance_bench.cu:921:399:   required from here
/storage/home/timofeirusanov/accessor_universal_test/src/storage_performance_bench.cu:824:75: warning: narrowing conversion of ‘(((int)device._GLOBAL__N__9bcc3e08_28_storage_performance_bench_cu_af2961a1::device_info::multiprocessors) * 16)’ from ‘int’ to ‘std::size_t’ {aka ‘long unsigned int’} [-Wnarrowing]
  824 |   device_buffer<unsigned long long> integer_sink{device.multiprocessors * 16};
      |                                                  ~~~~~~~~~~~~~~~~~~~~~~~~~^~~~
/storage/home/timofeirusanov/accessor_universal_test/src/storage_performance_bench.cu:825:59: warning: narrowing conversion of ‘(((int)device._GLOBAL__N__9bcc3e08_28_storage_performance_bench_cu_af2961a1::device_info::multiprocessors) * 16)’ from ‘int’ to ‘std::size_t’ {aka ‘long unsigned int’} [-Wnarrowing]
  825 |   device_buffer<double> partials{device.multiprocessors * 16};
      |                                  ~~~~~~~~~~~~~~~~~~~~~~~~~^~~~
/storage/home/timofeirusanov/accessor_universal_test/src/storage_performance_bench.cu: In instantiation of ‘void _GLOBAL__N__9bcc3e08_28_storage_performance_bench_cu_af2961a1::profile_format_lane(const _GLOBAL__N__9bcc3e08_28_storage_performance_bench_cu_af2961a1::options&, const _GLOBAL__N__9bcc3e08_28_storage_performance_bench_cu_af2961a1::device_info&, const double*, const double*, _GLOBAL__N__9bcc3e08_28_storage_performance_bench_cu_af2961a1::profile_output&, std::size_t) [with Format = aut::storage::fp32_e8m23; int Lanes = 2; std::size_t = long unsigned int]’:
/storage/home/timofeirusanov/accessor_universal_test/src/storage_performance_bench.cu:878:33:   required from ‘bool _GLOBAL__N__9bcc3e08_28_storage_performance_bench_cu_af2961a1::try_profile_format(const _GLOBAL__N__9bcc3e08_28_storage_performance_bench_cu_af2961a1::options&, const _GLOBAL__N__9bcc3e08_28_storage_performance_bench_cu_af2961a1::device_info&, const double*, const double*, _GLOBAL__N__9bcc3e08_28_storage_performance_bench_cu_af2961a1::profile_output&, std::size_t&) [with Format = aut::storage::fp32_e8m23; std::size_t = long unsigned int]’
/storage/home/timofeirusanov/accessor_universal_test/src/storage_performance_bench.cu:892:84:   required from ‘void _GLOBAL__N__9bcc3e08_28_storage_performance_bench_cu_af2961a1::profile_formats(const _GLOBAL__N__9bcc3e08_28_storage_performance_bench_cu_af2961a1::options&, const _GLOBAL__N__9bcc3e08_28_storage_performance_bench_cu_af2961a1::device_info&, const double*, const double*, _GLOBAL__N__9bcc3e08_28_storage_performance_bench_cu_af2961a1::profile_output&) [with Formats = {aut::storage::e1m6, aut::storage::e2m5, aut::storage::e3m4, aut::storage::fp8_e4m3, aut::storage::fp8_e5m2, aut::storage::e1m14, aut::storage::e2m13, aut::storage::e3m12, aut::storage::fp16_e5m10, aut::storage::bf16_e8m7, aut::storage::e11m4, aut::storage::e1m30, aut::storage::e2m29, aut::storage::e3m28, aut::storage::fp32_e8m23, aut::storage::e11m20, aut::storage::fp64_e11m52}]’
/storage/home/timofeirusanov/accessor_universal_test/src/storage_performance_bench.cu:921:399:   required from here
/storage/home/timofeirusanov/accessor_universal_test/src/storage_performance_bench.cu:824:75: warning: narrowing conversion of ‘(((int)device._GLOBAL__N__9bcc3e08_28_storage_performance_bench_cu_af2961a1::device_info::multiprocessors) * 16)’ from ‘int’ to ‘std::size_t’ {aka ‘long unsigned int’} [-Wnarrowing]
  824 |   device_buffer<unsigned long long> integer_sink{device.multiprocessors * 16};
      |                                                  ~~~~~~~~~~~~~~~~~~~~~~~~~^~~~
/storage/home/timofeirusanov/accessor_universal_test/src/storage_performance_bench.cu:825:59: warning: narrowing conversion of ‘(((int)device._GLOBAL__N__9bcc3e08_28_storage_performance_bench_cu_af2961a1::device_info::multiprocessors) * 16)’ from ‘int’ to ‘std::size_t’ {aka ‘long unsigned int’} [-Wnarrowing]
  825 |   device_buffer<double> partials{device.multiprocessors * 16};
      |                                  ~~~~~~~~~~~~~~~~~~~~~~~~~^~~~
/storage/home/timofeirusanov/accessor_universal_test/src/storage_performance_bench.cu: In instantiation of ‘void _GLOBAL__N__9bcc3e08_28_storage_performance_bench_cu_af2961a1::profile_format_lane(const _GLOBAL__N__9bcc3e08_28_storage_performance_bench_cu_af2961a1::options&, const _GLOBAL__N__9bcc3e08_28_storage_performance_bench_cu_af2961a1::device_info&, const double*, const double*, _GLOBAL__N__9bcc3e08_28_storage_performance_bench_cu_af2961a1::profile_output&, std::size_t) [with Format = aut::storage::fp32_e8m23; int Lanes = 4; std::size_t = long unsigned int]’:
/storage/home/timofeirusanov/accessor_universal_test/src/storage_performance_bench.cu:881:33:   required from ‘bool _GLOBAL__N__9bcc3e08_28_storage_performance_bench_cu_af2961a1::try_profile_format(const _GLOBAL__N__9bcc3e08_28_storage_performance_bench_cu_af2961a1::options&, const _GLOBAL__N__9bcc3e08_28_storage_performance_bench_cu_af2961a1::device_info&, const double*, const double*, _GLOBAL__N__9bcc3e08_28_storage_performance_bench_cu_af2961a1::profile_output&, std::size_t&) [with Format = aut::storage::fp32_e8m23; std::size_t = long unsigned int]’
/storage/home/timofeirusanov/accessor_universal_test/src/storage_performance_bench.cu:892:84:   required from ‘void _GLOBAL__N__9bcc3e08_28_storage_performance_bench_cu_af2961a1::profile_formats(const _GLOBAL__N__9bcc3e08_28_storage_performance_bench_cu_af2961a1::options&, const _GLOBAL__N__9bcc3e08_28_storage_performance_bench_cu_af2961a1::device_info&, const double*, const double*, _GLOBAL__N__9bcc3e08_28_storage_performance_bench_cu_af2961a1::profile_output&) [with Formats = {aut::storage::e1m6, aut::storage::e2m5, aut::storage::e3m4, aut::storage::fp8_e4m3, aut::storage::fp8_e5m2, aut::storage::e1m14, aut::storage::e2m13, aut::storage::e3m12, aut::storage::fp16_e5m10, aut::storage::bf16_e8m7, aut::storage::e11m4, aut::storage::e1m30, aut::storage::e2m29, aut::storage::e3m28, aut::storage::fp32_e8m23, aut::storage::e11m20, aut::storage::fp64_e11m52}]’
/storage/home/timofeirusanov/accessor_universal_test/src/storage_performance_bench.cu:921:399:   required from here
/storage/home/timofeirusanov/accessor_universal_test/src/storage_performance_bench.cu:824:75: warning: narrowing conversion of ‘(((int)device._GLOBAL__N__9bcc3e08_28_storage_performance_bench_cu_af2961a1::device_info::multiprocessors) * 16)’ from ‘int’ to ‘std::size_t’ {aka ‘long unsigned int’} [-Wnarrowing]
  824 |   device_buffer<unsigned long long> integer_sink{device.multiprocessors * 16};
      |                                                  ~~~~~~~~~~~~~~~~~~~~~~~~~^~~~
/storage/home/timofeirusanov/accessor_universal_test/src/storage_performance_bench.cu:825:59: warning: narrowing conversion of ‘(((int)device._GLOBAL__N__9bcc3e08_28_storage_performance_bench_cu_af2961a1::device_info::multiprocessors) * 16)’ from ‘int’ to ‘std::size_t’ {aka ‘long unsigned int’} [-Wnarrowing]
  825 |   device_buffer<double> partials{device.multiprocessors * 16};
      |                                  ~~~~~~~~~~~~~~~~~~~~~~~~~^~~~
/storage/home/timofeirusanov/accessor_universal_test/src/storage_performance_bench.cu: In instantiation of ‘void _GLOBAL__N__9bcc3e08_28_storage_performance_bench_cu_af2961a1::profile_format_lane(const _GLOBAL__N__9bcc3e08_28_storage_performance_bench_cu_af2961a1::options&, const _GLOBAL__N__9bcc3e08_28_storage_performance_bench_cu_af2961a1::device_info&, const double*, const double*, _GLOBAL__N__9bcc3e08_28_storage_performance_bench_cu_af2961a1::profile_output&, std::size_t) [with Format = aut::storage::e11m20; int Lanes = 1; std::size_t = long unsigned int]’:
/storage/home/timofeirusanov/accessor_universal_test/src/storage_performance_bench.cu:875:33:   required from ‘bool _GLOBAL__N__9bcc3e08_28_storage_performance_bench_cu_af2961a1::try_profile_format(const _GLOBAL__N__9bcc3e08_28_storage_performance_bench_cu_af2961a1::options&, const _GLOBAL__N__9bcc3e08_28_storage_performance_bench_cu_af2961a1::device_info&, const double*, const double*, _GLOBAL__N__9bcc3e08_28_storage_performance_bench_cu_af2961a1::profile_output&, std::size_t&) [with Format = aut::storage::e11m20; std::size_t = long unsigned int]’
/storage/home/timofeirusanov/accessor_universal_test/src/storage_performance_bench.cu:892:84:   required from ‘void _GLOBAL__N__9bcc3e08_28_storage_performance_bench_cu_af2961a1::profile_formats(const _GLOBAL__N__9bcc3e08_28_storage_performance_bench_cu_af2961a1::options&, const _GLOBAL__N__9bcc3e08_28_storage_performance_bench_cu_af2961a1::device_info&, const double*, const double*, _GLOBAL__N__9bcc3e08_28_storage_performance_bench_cu_af2961a1::profile_output&) [with Formats = {aut::storage::e1m6, aut::storage::e2m5, aut::storage::e3m4, aut::storage::fp8_e4m3, aut::storage::fp8_e5m2, aut::storage::e1m14, aut::storage::e2m13, aut::storage::e3m12, aut::storage::fp16_e5m10, aut::storage::bf16_e8m7, aut::storage::e11m4, aut::storage::e1m30, aut::storage::e2m29, aut::storage::e3m28, aut::storage::fp32_e8m23, aut::storage::e11m20, aut::storage::fp64_e11m52}]’
/storage/home/timofeirusanov/accessor_universal_test/src/storage_performance_bench.cu:921:399:   required from here
/storage/home/timofeirusanov/accessor_universal_test/src/storage_performance_bench.cu:824:75: warning: narrowing conversion of ‘(((int)device._GLOBAL__N__9bcc3e08_28_storage_performance_bench_cu_af2961a1::device_info::multiprocessors) * 16)’ from ‘int’ to ‘std::size_t’ {aka ‘long unsigned int’} [-Wnarrowing]
  824 |   device_buffer<unsigned long long> integer_sink{device.multiprocessors * 16};
      |                                                  ~~~~~~~~~~~~~~~~~~~~~~~~~^~~~
/storage/home/timofeirusanov/accessor_universal_test/src/storage_performance_bench.cu:825:59: warning: narrowing conversion of ‘(((int)device._GLOBAL__N__9bcc3e08_28_storage_performance_bench_cu_af2961a1::device_info::multiprocessors) * 16)’ from ‘int’ to ‘std::size_t’ {aka ‘long unsigned int’} [-Wnarrowing]
  825 |   device_buffer<double> partials{device.multiprocessors * 16};
      |                                  ~~~~~~~~~~~~~~~~~~~~~~~~~^~~~
/storage/home/timofeirusanov/accessor_universal_test/src/storage_performance_bench.cu: In instantiation of ‘void _GLOBAL__N__9bcc3e08_28_storage_performance_bench_cu_af2961a1::profile_format_lane(const _GLOBAL__N__9bcc3e08_28_storage_performance_bench_cu_af2961a1::options&, const _GLOBAL__N__9bcc3e08_28_storage_performance_bench_cu_af2961a1::device_info&, const double*, const double*, _GLOBAL__N__9bcc3e08_28_storage_performance_bench_cu_af2961a1::profile_output&, std::size_t) [with Format = aut::storage::e11m20; int Lanes = 2; std::size_t = long unsigned int]’:
/storage/home/timofeirusanov/accessor_universal_test/src/storage_performance_bench.cu:878:33:   required from ‘bool _GLOBAL__N__9bcc3e08_28_storage_performance_bench_cu_af2961a1::try_profile_format(const _GLOBAL__N__9bcc3e08_28_storage_performance_bench_cu_af2961a1::options&, const _GLOBAL__N__9bcc3e08_28_storage_performance_bench_cu_af2961a1::device_info&, const double*, const double*, _GLOBAL__N__9bcc3e08_28_storage_performance_bench_cu_af2961a1::profile_output&, std::size_t&) [with Format = aut::storage::e11m20; std::size_t = long unsigned int]’
/storage/home/timofeirusanov/accessor_universal_test/src/storage_performance_bench.cu:892:84:   required from ‘void _GLOBAL__N__9bcc3e08_28_storage_performance_bench_cu_af2961a1::profile_formats(const _GLOBAL__N__9bcc3e08_28_storage_performance_bench_cu_af2961a1::options&, const _GLOBAL__N__9bcc3e08_28_storage_performance_bench_cu_af2961a1::device_info&, const double*, const double*, _GLOBAL__N__9bcc3e08_28_storage_performance_bench_cu_af2961a1::profile_output&) [with Formats = {aut::storage::e1m6, aut::storage::e2m5, aut::storage::e3m4, aut::storage::fp8_e4m3, aut::storage::fp8_e5m2, aut::storage::e1m14, aut::storage::e2m13, aut::storage::e3m12, aut::storage::fp16_e5m10, aut::storage::bf16_e8m7, aut::storage::e11m4, aut::storage::e1m30, aut::storage::e2m29, aut::storage::e3m28, aut::storage::fp32_e8m23, aut::storage::e11m20, aut::storage::fp64_e11m52}]’
/storage/home/timofeirusanov/accessor_universal_test/src/storage_performance_bench.cu:921:399:   required from here
/storage/home/timofeirusanov/accessor_universal_test/src/storage_performance_bench.cu:824:75: warning: narrowing conversion of ‘(((int)device._GLOBAL__N__9bcc3e08_28_storage_performance_bench_cu_af2961a1::device_info::multiprocessors) * 16)’ from ‘int’ to ‘std::size_t’ {aka ‘long unsigned int’} [-Wnarrowing]
  824 |   device_buffer<unsigned long long> integer_sink{device.multiprocessors * 16};
      |                                                  ~~~~~~~~~~~~~~~~~~~~~~~~~^~~~
/storage/home/timofeirusanov/accessor_universal_test/src/storage_performance_bench.cu:825:59: warning: narrowing conversion of ‘(((int)device._GLOBAL__N__9bcc3e08_28_storage_performance_bench_cu_af2961a1::device_info::multiprocessors) * 16)’ from ‘int’ to ‘std::size_t’ {aka ‘long unsigned int’} [-Wnarrowing]
  825 |   device_buffer<double> partials{device.multiprocessors * 16};
      |                                  ~~~~~~~~~~~~~~~~~~~~~~~~~^~~~
/storage/home/timofeirusanov/accessor_universal_test/src/storage_performance_bench.cu: In instantiation of ‘void _GLOBAL__N__9bcc3e08_28_storage_performance_bench_cu_af2961a1::profile_format_lane(const _GLOBAL__N__9bcc3e08_28_storage_performance_bench_cu_af2961a1::options&, const _GLOBAL__N__9bcc3e08_28_storage_performance_bench_cu_af2961a1::device_info&, const double*, const double*, _GLOBAL__N__9bcc3e08_28_storage_performance_bench_cu_af2961a1::profile_output&, std::size_t) [with Format = aut::storage::e11m20; int Lanes = 4; std::size_t = long unsigned int]’:
/storage/home/timofeirusanov/accessor_universal_test/src/storage_performance_bench.cu:881:33:   required from ‘bool _GLOBAL__N__9bcc3e08_28_storage_performance_bench_cu_af2961a1::try_profile_format(const _GLOBAL__N__9bcc3e08_28_storage_performance_bench_cu_af2961a1::options&, const _GLOBAL__N__9bcc3e08_28_storage_performance_bench_cu_af2961a1::device_info&, const double*, const double*, _GLOBAL__N__9bcc3e08_28_storage_performance_bench_cu_af2961a1::profile_output&, std::size_t&) [with Format = aut::storage::e11m20; std::size_t = long unsigned int]’
/storage/home/timofeirusanov/accessor_universal_test/src/storage_performance_bench.cu:892:84:   required from ‘void _GLOBAL__N__9bcc3e08_28_storage_performance_bench_cu_af2961a1::profile_formats(const _GLOBAL__N__9bcc3e08_28_storage_performance_bench_cu_af2961a1::options&, const _GLOBAL__N__9bcc3e08_28_storage_performance_bench_cu_af2961a1::device_info&, const double*, const double*, _GLOBAL__N__9bcc3e08_28_storage_performance_bench_cu_af2961a1::profile_output&) [with Formats = {aut::storage::e1m6, aut::storage::e2m5, aut::storage::e3m4, aut::storage::fp8_e4m3, aut::storage::fp8_e5m2, aut::storage::e1m14, aut::storage::e2m13, aut::storage::e3m12, aut::storage::fp16_e5m10, aut::storage::bf16_e8m7, aut::storage::e11m4, aut::storage::e1m30, aut::storage::e2m29, aut::storage::e3m28, aut::storage::fp32_e8m23, aut::storage::e11m20, aut::storage::fp64_e11m52}]’
/storage/home/timofeirusanov/accessor_universal_test/src/storage_performance_bench.cu:921:399:   required from here
/storage/home/timofeirusanov/accessor_universal_test/src/storage_performance_bench.cu:824:75: warning: narrowing conversion of ‘(((int)device._GLOBAL__N__9bcc3e08_28_storage_performance_bench_cu_af2961a1::device_info::multiprocessors) * 16)’ from ‘int’ to ‘std::size_t’ {aka ‘long unsigned int’} [-Wnarrowing]
  824 |   device_buffer<unsigned long long> integer_sink{device.multiprocessors * 16};
      |                                                  ~~~~~~~~~~~~~~~~~~~~~~~~~^~~~
/storage/home/timofeirusanov/accessor_universal_test/src/storage_performance_bench.cu:825:59: warning: narrowing conversion of ‘(((int)device._GLOBAL__N__9bcc3e08_28_storage_performance_bench_cu_af2961a1::device_info::multiprocessors) * 16)’ from ‘int’ to ‘std::size_t’ {aka ‘long unsigned int’} [-Wnarrowing]
  825 |   device_buffer<double> partials{device.multiprocessors * 16};
      |                                  ~~~~~~~~~~~~~~~~~~~~~~~~~^~~~
/storage/home/timofeirusanov/accessor_universal_test/src/storage_performance_bench.cu: In instantiation of ‘void _GLOBAL__N__9bcc3e08_28_storage_performance_bench_cu_af2961a1::profile_format_lane(const _GLOBAL__N__9bcc3e08_28_storage_performance_bench_cu_af2961a1::options&, const _GLOBAL__N__9bcc3e08_28_storage_performance_bench_cu_af2961a1::device_info&, const double*, const double*, _GLOBAL__N__9bcc3e08_28_storage_performance_bench_cu_af2961a1::profile_output&, std::size_t) [with Format = aut::storage::fp64_e11m52; int Lanes = 1; std::size_t = long unsigned int]’:
/storage/home/timofeirusanov/accessor_universal_test/src/storage_performance_bench.cu:875:33:   required from ‘bool _GLOBAL__N__9bcc3e08_28_storage_performance_bench_cu_af2961a1::try_profile_format(const _GLOBAL__N__9bcc3e08_28_storage_performance_bench_cu_af2961a1::options&, const _GLOBAL__N__9bcc3e08_28_storage_performance_bench_cu_af2961a1::device_info&, const double*, const double*, _GLOBAL__N__9bcc3e08_28_storage_performance_bench_cu_af2961a1::profile_output&, std::size_t&) [with Format = aut::storage::fp64_e11m52; std::size_t = long unsigned int]’
/storage/home/timofeirusanov/accessor_universal_test/src/storage_performance_bench.cu:892:84:   required from ‘void _GLOBAL__N__9bcc3e08_28_storage_performance_bench_cu_af2961a1::profile_formats(const _GLOBAL__N__9bcc3e08_28_storage_performance_bench_cu_af2961a1::options&, const _GLOBAL__N__9bcc3e08_28_storage_performance_bench_cu_af2961a1::device_info&, const double*, const double*, _GLOBAL__N__9bcc3e08_28_storage_performance_bench_cu_af2961a1::profile_output&) [with Formats = {aut::storage::e1m6, aut::storage::e2m5, aut::storage::e3m4, aut::storage::fp8_e4m3, aut::storage::fp8_e5m2, aut::storage::e1m14, aut::storage::e2m13, aut::storage::e3m12, aut::storage::fp16_e5m10, aut::storage::bf16_e8m7, aut::storage::e11m4, aut::storage::e1m30, aut::storage::e2m29, aut::storage::e3m28, aut::storage::fp32_e8m23, aut::storage::e11m20, aut::storage::fp64_e11m52}]’
/storage/home/timofeirusanov/accessor_universal_test/src/storage_performance_bench.cu:921:399:   required from here
/storage/home/timofeirusanov/accessor_universal_test/src/storage_performance_bench.cu:824:75: warning: narrowing conversion of ‘(((int)device._GLOBAL__N__9bcc3e08_28_storage_performance_bench_cu_af2961a1::device_info::multiprocessors) * 16)’ from ‘int’ to ‘std::size_t’ {aka ‘long unsigned int’} [-Wnarrowing]
  824 |   device_buffer<unsigned long long> integer_sink{device.multiprocessors * 16};
      |                                                  ~~~~~~~~~~~~~~~~~~~~~~~~~^~~~
/storage/home/timofeirusanov/accessor_universal_test/src/storage_performance_bench.cu:825:59: warning: narrowing conversion of ‘(((int)device._GLOBAL__N__9bcc3e08_28_storage_performance_bench_cu_af2961a1::device_info::multiprocessors) * 16)’ from ‘int’ to ‘std::size_t’ {aka ‘long unsigned int’} [-Wnarrowing]
  825 |   device_buffer<double> partials{device.multiprocessors * 16};
      |                                  ~~~~~~~~~~~~~~~~~~~~~~~~~^~~~
/storage/home/timofeirusanov/accessor_universal_test/src/storage_performance_bench.cu: In instantiation of ‘void _GLOBAL__N__9bcc3e08_28_storage_performance_bench_cu_af2961a1::profile_format_lane(const _GLOBAL__N__9bcc3e08_28_storage_performance_bench_cu_af2961a1::options&, const _GLOBAL__N__9bcc3e08_28_storage_performance_bench_cu_af2961a1::device_info&, const double*, const double*, _GLOBAL__N__9bcc3e08_28_storage_performance_bench_cu_af2961a1::profile_output&, std::size_t) [with Format = aut::storage::fp64_e11m52; int Lanes = 2; std::size_t = long unsigned int]’:
/storage/home/timofeirusanov/accessor_universal_test/src/storage_performance_bench.cu:878:33:   required from ‘bool _GLOBAL__N__9bcc3e08_28_storage_performance_bench_cu_af2961a1::try_profile_format(const _GLOBAL__N__9bcc3e08_28_storage_performance_bench_cu_af2961a1::options&, const _GLOBAL__N__9bcc3e08_28_storage_performance_bench_cu_af2961a1::device_info&, const double*, const double*, _GLOBAL__N__9bcc3e08_28_storage_performance_bench_cu_af2961a1::profile_output&, std::size_t&) [with Format = aut::storage::fp64_e11m52; std::size_t = long unsigned int]’
/storage/home/timofeirusanov/accessor_universal_test/src/storage_performance_bench.cu:892:84:   required from ‘void _GLOBAL__N__9bcc3e08_28_storage_performance_bench_cu_af2961a1::profile_formats(const _GLOBAL__N__9bcc3e08_28_storage_performance_bench_cu_af2961a1::options&, const _GLOBAL__N__9bcc3e08_28_storage_performance_bench_cu_af2961a1::device_info&, const double*, const double*, _GLOBAL__N__9bcc3e08_28_storage_performance_bench_cu_af2961a1::profile_output&) [with Formats = {aut::storage::e1m6, aut::storage::e2m5, aut::storage::e3m4, aut::storage::fp8_e4m3, aut::storage::fp8_e5m2, aut::storage::e1m14, aut::storage::e2m13, aut::storage::e3m12, aut::storage::fp16_e5m10, aut::storage::bf16_e8m7, aut::storage::e11m4, aut::storage::e1m30, aut::storage::e2m29, aut::storage::e3m28, aut::storage::fp32_e8m23, aut::storage::e11m20, aut::storage::fp64_e11m52}]’
/storage/home/timofeirusanov/accessor_universal_test/src/storage_performance_bench.cu:921:399:   required from here
/storage/home/timofeirusanov/accessor_universal_test/src/storage_performance_bench.cu:824:75: warning: narrowing conversion of ‘(((int)device._GLOBAL__N__9bcc3e08_28_storage_performance_bench_cu_af2961a1::device_info::multiprocessors) * 16)’ from ‘int’ to ‘std::size_t’ {aka ‘long unsigned int’} [-Wnarrowing]
  824 |   device_buffer<unsigned long long> integer_sink{device.multiprocessors * 16};
      |                                                  ~~~~~~~~~~~~~~~~~~~~~~~~~^~~~
/storage/home/timofeirusanov/accessor_universal_test/src/storage_performance_bench.cu:825:59: warning: narrowing conversion of ‘(((int)device._GLOBAL__N__9bcc3e08_28_storage_performance_bench_cu_af2961a1::device_info::multiprocessors) * 16)’ from ‘int’ to ‘std::size_t’ {aka ‘long unsigned int’} [-Wnarrowing]
  825 |   device_buffer<double> partials{device.multiprocessors * 16};
      |                                  ~~~~~~~~~~~~~~~~~~~~~~~~~^~~~
/storage/home/timofeirusanov/accessor_universal_test/src/storage_performance_bench.cu: In instantiation of ‘void _GLOBAL__N__9bcc3e08_28_storage_performance_bench_cu_af2961a1::profile_format_lane(const _GLOBAL__N__9bcc3e08_28_storage_performance_bench_cu_af2961a1::options&, const _GLOBAL__N__9bcc3e08_28_storage_performance_bench_cu_af2961a1::device_info&, const double*, const double*, _GLOBAL__N__9bcc3e08_28_storage_performance_bench_cu_af2961a1::profile_output&, std::size_t) [with Format = aut::storage::fp64_e11m52; int Lanes = 4; std::size_t = long unsigned int]’:
/storage/home/timofeirusanov/accessor_universal_test/src/storage_performance_bench.cu:881:33:   required from ‘bool _GLOBAL__N__9bcc3e08_28_storage_performance_bench_cu_af2961a1::try_profile_format(const _GLOBAL__N__9bcc3e08_28_storage_performance_bench_cu_af2961a1::options&, const _GLOBAL__N__9bcc3e08_28_storage_performance_bench_cu_af2961a1::device_info&, const double*, const double*, _GLOBAL__N__9bcc3e08_28_storage_performance_bench_cu_af2961a1::profile_output&, std::size_t&) [with Format = aut::storage::fp64_e11m52; std::size_t = long unsigned int]’
/storage/home/timofeirusanov/accessor_universal_test/src/storage_performance_bench.cu:892:84:   required from ‘void _GLOBAL__N__9bcc3e08_28_storage_performance_bench_cu_af2961a1::profile_formats(const _GLOBAL__N__9bcc3e08_28_storage_performance_bench_cu_af2961a1::options&, const _GLOBAL__N__9bcc3e08_28_storage_performance_bench_cu_af2961a1::device_info&, const double*, const double*, _GLOBAL__N__9bcc3e08_28_storage_performance_bench_cu_af2961a1::profile_output&) [with Formats = {aut::storage::e1m6, aut::storage::e2m5, aut::storage::e3m4, aut::storage::fp8_e4m3, aut::storage::fp8_e5m2, aut::storage::e1m14, aut::storage::e2m13, aut::storage::e3m12, aut::storage::fp16_e5m10, aut::storage::bf16_e8m7, aut::storage::e11m4, aut::storage::e1m30, aut::storage::e2m29, aut::storage::e3m28, aut::storage::fp32_e8m23, aut::storage::e11m20, aut::storage::fp64_e11m52}]’
/storage/home/timofeirusanov/accessor_universal_test/src/storage_performance_bench.cu:921:399:   required from here
/storage/home/timofeirusanov/accessor_universal_test/src/storage_performance_bench.cu:824:75: warning: narrowing conversion of ‘(((int)device._GLOBAL__N__9bcc3e08_28_storage_performance_bench_cu_af2961a1::device_info::multiprocessors) * 16)’ from ‘int’ to ‘std::size_t’ {aka ‘long unsigned int’} [-Wnarrowing]
  824 |   device_buffer<unsigned long long> integer_sink{device.multiprocessors * 16};
      |                                                  ~~~~~~~~~~~~~~~~~~~~~~~~~^~~~
/storage/home/timofeirusanov/accessor_universal_test/src/storage_performance_bench.cu:825:59: warning: narrowing conversion of ‘(((int)device._GLOBAL__N__9bcc3e08_28_storage_performance_bench_cu_af2961a1::device_info::multiprocessors) * 16)’ from ‘int’ to ‘std::size_t’ {aka ‘long unsigned int’} [-Wnarrowing]
  825 |   device_buffer<double> partials{device.multiprocessors * 16};
      |                                  ~~~~~~~~~~~~~~~~~~~~~~~~~^~~~
[100%] Linking CUDA executable bin/storage_performance_bench
[100%] Built target storage_performance_bench
[100%] Built target memory_accessor_test
[100%] Built target storage_formats_test
[100%] Built target accuracy_statistics_test
Internal ctest changing into directory: /storage/home/timofeirusanov/accessor_universal_test/build-h200
Test project /storage/home/timofeirusanov/accessor_universal_test/build-h200
    Start 1: memory_accessor_test
1/3 Test #1: memory_accessor_test .............   Passed    0.00 sec
    Start 2: storage_formats_test
2/3 Test #2: storage_formats_test .............   Passed    0.00 sec
    Start 3: accuracy_statistics_test
3/3 Test #3: accuracy_statistics_test .........   Passed    0.00 sec

100% tests passed, 0 tests failed out of 3

Total Test time (real) =   0.01 sec
Storage performance benchmark
GPU: NVIDIA H200 NVL (sm_90)
Mode: sweep
uniform_0_1
  e1m6           complete
  e2m5           complete
  e3m4           complete
  fp8_e4m3       complete
  fp8_e5m2       complete
  e1m14          complete
  e2m13          complete
  e3m12          complete
  fp16_e5m10     complete
  bf16_e8m7      complete
  e11m4          complete
  e1m30          complete
  e2m29          complete
  e3m28          complete
  fp32_e8m23     complete
  e11m20         complete
  fp64_e11m52    complete
normal_0_1
  e1m6           complete
  e2m5           complete
  e3m4           complete
  fp8_e4m3       complete
  fp8_e5m2       complete
  e1m14          complete
  e2m13          complete
  e3m12          complete
  fp16_e5m10     complete
  bf16_e8m7      complete
  e11m4          complete
  e1m30          complete
  e2m29          complete
  e3m28          complete
  fp32_e8m23     complete
  e11m20         complete
  fp64_e11m52    complete
Wrote /storage/home/timofeirusanov/accessor_universal_test/results/008_storage_performance/run_20260808T131626Z/timing_samples.csv
timings: 32130 samples, 2142 complete groups, 15 samples/group
==PROF== Connected to process 1677101 (/storage/home/timofeirusanov/accessor_universal_test/build-h200/bin/storage_performance_bench)
==PROF== Profiling "register_decode" - 0: 0%....50%....100% - 14 passes
==PROF== Profiling "register_decode" - 1: 0%....50%....100% - 14 passes
==PROF== Profiling "register_decode" - 2: 0%....50%....100% - 14 passes
==PROF== Profiling "register_decode" - 3: 0%....50%....100% - 14 passes
==PROF== Profiling "register_decode" - 4: 0%....50%....100% - 14 passes
==PROF== Profiling "register_decode" - 5: 0%....50%....100% - 14 passes
==PROF== Profiling "register_decode" - 6: 0%....50%....100% - 14 passes
==PROF== Profiling "register_decode" - 7: 0%....50%....100% - 14 passes
==PROF== Profiling "register_decode" - 8: 0%....50%....100% - 14 passes
==PROF== Profiling "register_decode" - 9: 0%....50%....100% - 14 passes
==PROF== Profiling "register_decode" - 10: 0%....50%....100% - 14 passes
==PROF== Profiling "register_decode" - 11: 0%....50%....100% - 14 passes
==PROF== Profiling "register_decode" - 12: 0%....50%....100% - 14 passes
==PROF== Profiling "register_decode" - 13: 0%....50%....100% - 14 passes
==PROF== Profiling "register_decode" - 14: 0%....50%....100% - 14 passes
==PROF== Profiling "register_decode" - 15: 0%....50%....100% - 14 passes
==PROF== Profiling "register_decode" - 16: 0%....50%....100% - 14 passes
Storage performance benchmark
GPU: NVIDIA H200 NVL (sm_90)
Mode: profile
  profiled e1m6
  profiled e2m5
  profiled e3m4
  profiled fp8_e4m3
  profiled fp8_e5m2
  profiled e1m14
  profiled e2m13
  profiled e3m12
  profiled fp16_e5m10
  profiled bf16_e8m7
  profiled e11m4
  profiled e1m30
  profiled e2m29
  profiled e3m28
  profiled fp32_e8m23
  profiled e11m20
  profiled fp64_e11m52
Wrote /storage/home/timofeirusanov/accessor_universal_test/results/008_storage_performance/run_20260808T131626Z/profile/register_decode_x1/register_decode_x1_20260808T131626Z_metadata.csv
==PROF== Disconnected from process 1677101
==PROF== Report: /storage/home/timofeirusanov/accessor_universal_test/results/008_storage_performance/run_20260808T131626Z/profile/register_decode_x1/register_decode_x1_20260808T131626Z.ncu-rep
==PROF== Connected to process 1677426 (/storage/home/timofeirusanov/accessor_universal_test/build-h200/bin/storage_performance_bench)
==PROF== Profiling "register_decode" - 0: 0%....50%....100% - 14 passes
==PROF== Profiling "register_decode" - 1: 0%....50%....100% - 14 passes
==PROF== Profiling "register_decode" - 2: 0%....50%....100% - 14 passes
==PROF== Profiling "register_decode" - 3: 0%....50%....100% - 14 passes
==PROF== Profiling "register_decode" - 4: 0%....50%....100% - 14 passes
==PROF== Profiling "register_decode" - 5: 0%....50%....100% - 14 passes
==PROF== Profiling "register_decode" - 6: 0%....50%....100% - 14 passes
==PROF== Profiling "register_decode" - 7: 0%....50%....100% - 14 passes
==PROF== Profiling "register_decode" - 8: 0%....50%....100% - 14 passes
==PROF== Profiling "register_decode" - 9: 0%....50%....100% - 14 passes
==PROF== Profiling "register_decode" - 10: 0%....50%....100% - 14 passes
==PROF== Profiling "register_decode" - 11: 0%....50%....100% - 14 passes
==PROF== Profiling "register_decode" - 12: 0%....50%....100% - 14 passes
==PROF== Profiling "register_decode" - 13: 0%....50%....100% - 14 passes
==PROF== Profiling "register_decode" - 14: 0%....50%....100% - 14 passes
==PROF== Profiling "register_decode" - 15: 0%....50%....100% - 14 passes
==PROF== Profiling "register_decode" - 16: 0%....50%....100% - 14 passes
Storage performance benchmark
GPU: NVIDIA H200 NVL (sm_90)
Mode: profile
  profiled e1m6
  profiled e2m5
  profiled e3m4
  profiled fp8_e4m3
  profiled fp8_e5m2
  profiled e1m14
  profiled e2m13
  profiled e3m12
  profiled fp16_e5m10
  profiled bf16_e8m7
  profiled e11m4
  profiled e1m30
  profiled e2m29
  profiled e3m28
  profiled fp32_e8m23
  profiled e11m20
  profiled fp64_e11m52
Wrote /storage/home/timofeirusanov/accessor_universal_test/results/008_storage_performance/run_20260808T131626Z/profile/register_decode_x4/register_decode_x4_20260808T131626Z_metadata.csv
==PROF== Disconnected from process 1677426
==PROF== Report: /storage/home/timofeirusanov/accessor_universal_test/results/008_storage_performance/run_20260808T131626Z/profile/register_decode_x4/register_decode_x4_20260808T131626Z.ncu-rep
==PROF== Connected to process 1677743 (/storage/home/timofeirusanov/accessor_universal_test/build-h200/bin/storage_performance_bench)
==PROF== Profiling "stream_load_decode" - 0: 0%....50%....100% - 14 passes
==PROF== Profiling "stream_load_decode" - 1: 0%....50%....100% - 14 passes
==PROF== Profiling "stream_load_decode" - 2: 0%....50%....100% - 14 passes
==PROF== Profiling "stream_load_decode" - 3: 0%....50%....100% - 14 passes
==PROF== Profiling "stream_load_decode" - 4: 0%....50%....100% - 14 passes
==PROF== Profiling "stream_load_decode" - 5: 0%....50%....100% - 14 passes
==PROF== Profiling "stream_load_decode" - 6: 0%....50%....100% - 14 passes
==PROF== Profiling "stream_load_decode" - 7: 0%....50%....100% - 14 passes
==PROF== Profiling "stream_load_decode" - 8: 0%....50%....100% - 14 passes
==PROF== Profiling "stream_load_decode" - 9: 0%....50%....100% - 14 passes
==PROF== Profiling "stream_load_decode" - 10: 0%....50%....100% - 14 passes
==PROF== Profiling "stream_load_decode" - 11: 0%....50%....100% - 14 passes
==PROF== Profiling "stream_load_decode" - 12: 0%....50%....100% - 14 passes
==PROF== Profiling "stream_load_decode" - 13: 0%....50%....100% - 14 passes
==PROF== Profiling "stream_load_decode" - 14: 0%....50%....100% - 14 passes
==PROF== Profiling "stream_load_decode" - 15: 0%....50%....100% - 14 passes
==PROF== Profiling "stream_load_decode" - 16: 0%....50%....100% - 14 passes
Storage performance benchmark
GPU: NVIDIA H200 NVL (sm_90)
Mode: profile
  profiled e1m6
  profiled e2m5
  profiled e3m4
  profiled fp8_e4m3
  profiled fp8_e5m2
  profiled e1m14
  profiled e2m13
  profiled e3m12
  profiled fp16_e5m10
  profiled bf16_e8m7
  profiled e11m4
  profiled e1m30
  profiled e2m29
  profiled e3m28
  profiled fp32_e8m23
  profiled e11m20
  profiled fp64_e11m52
Wrote /storage/home/timofeirusanov/accessor_universal_test/results/008_storage_performance/run_20260808T131626Z/profile/stream_decode_x1/stream_decode_x1_20260808T131626Z_metadata.csv
==PROF== Disconnected from process 1677743
==PROF== Report: /storage/home/timofeirusanov/accessor_universal_test/results/008_storage_performance/run_20260808T131626Z/profile/stream_decode_x1/stream_decode_x1_20260808T131626Z.ncu-rep
==PROF== Connected to process 1678066 (/storage/home/timofeirusanov/accessor_universal_test/build-h200/bin/storage_performance_bench)
==PROF== Profiling "stream_load_decode" - 0: 0%....50%....100% - 14 passes
==PROF== Profiling "stream_load_decode" - 1: 0%....50%....100% - 14 passes
==PROF== Profiling "stream_load_decode" - 2: 0%....50%....100% - 14 passes
==PROF== Profiling "stream_load_decode" - 3: 0%....50%....100% - 14 passes
==PROF== Profiling "stream_load_decode" - 4: 0%....50%....100% - 14 passes
==PROF== Profiling "stream_load_decode" - 5: 0%....50%....100% - 14 passes
==PROF== Profiling "stream_load_decode" - 6: 0%....50%....100% - 14 passes
==PROF== Profiling "stream_load_decode" - 7: 0%....50%....100% - 14 passes
==PROF== Profiling "stream_load_decode" - 8: 0%....50%....100% - 14 passes
==PROF== Profiling "stream_load_decode" - 9: 0%....50%....100% - 14 passes
==PROF== Profiling "stream_load_decode" - 10: 0%....50%....100% - 14 passes
==PROF== Profiling "stream_load_decode" - 11: 0%....50%....100% - 14 passes
==PROF== Profiling "stream_load_decode" - 12: 0%....50%....100% - 14 passes
==PROF== Profiling "stream_load_decode" - 13: 0%....50%....100% - 14 passes
==PROF== Profiling "stream_load_decode" - 14: 0%....50%....100% - 14 passes
==PROF== Profiling "stream_load_decode" - 15: 0%....50%....100% - 14 passes
==PROF== Profiling "stream_load_decode" - 16: 0%....50%....100% - 14 passes
Storage performance benchmark
GPU: NVIDIA H200 NVL (sm_90)
Mode: profile
  profiled e1m6
  profiled e2m5
  profiled e3m4
  profiled fp8_e4m3
  profiled fp8_e5m2
  profiled e1m14
  profiled e2m13
  profiled e3m12
  profiled fp16_e5m10
  profiled bf16_e8m7
  profiled e11m4
  profiled e1m30
  profiled e2m29
  profiled e3m28
  profiled fp32_e8m23
  profiled e11m20
  profiled fp64_e11m52
Wrote /storage/home/timofeirusanov/accessor_universal_test/results/008_storage_performance/run_20260808T131626Z/profile/stream_decode_x4/stream_decode_x4_20260808T131626Z_metadata.csv
==PROF== Disconnected from process 1678066
==PROF== Report: /storage/home/timofeirusanov/accessor_universal_test/results/008_storage_performance/run_20260808T131626Z/profile/stream_decode_x4/stream_decode_x4_20260808T131626Z.ncu-rep
==PROF== Connected to process 1678391 (/storage/home/timofeirusanov/accessor_universal_test/build-h200/bin/storage_performance_bench)
==PROF== Profiling "storage_dot_map_reduce" - 0: 0%....50%....100% - 14 passes
==PROF== Profiling "storage_dot_finalize" - 1: 0%....50%....100% - 14 passes
==PROF== Profiling "storage_dot_map_reduce" - 2: 0%....50%....100% - 14 passes
==PROF== Profiling "storage_dot_finalize" - 3: 0%....50%....100% - 14 passes
==PROF== Profiling "storage_dot_map_reduce" - 4: 0%....50%....100% - 14 passes
==PROF== Profiling "storage_dot_finalize" - 5: 0%....50%....100% - 14 passes
==PROF== Profiling "storage_dot_map_reduce" - 6: 0%....50%....100% - 14 passes
==PROF== Profiling "storage_dot_finalize" - 7: 0%....50%....100% - 14 passes
==PROF== Profiling "storage_dot_map_reduce" - 8: 0%....50%....100% - 14 passes
==PROF== Profiling "storage_dot_finalize" - 9: 0%....50%....100% - 14 passes
==PROF== Profiling "storage_dot_map_reduce" - 10: 0%....50%....100% - 14 passes
==PROF== Profiling "storage_dot_finalize" - 11: 0%....50%....100% - 14 passes
==PROF== Profiling "storage_dot_map_reduce" - 12: 0%....50%....100% - 14 passes
==PROF== Profiling "storage_dot_finalize" - 13: 0%....50%....100% - 14 passes
==PROF== Profiling "storage_dot_map_reduce" - 14: 0%....50%....100% - 14 passes
==PROF== Profiling "storage_dot_finalize" - 15: 0%....50%....100% - 14 passes
==PROF== Profiling "storage_dot_map_reduce" - 16: 0%....50%....100% - 14 passes
==PROF== Profiling "storage_dot_finalize" - 17: 0%....50%....100% - 14 passes
==PROF== Profiling "storage_dot_map_reduce" - 18: 0%....50%....100% - 14 passes
==PROF== Profiling "storage_dot_finalize" - 19: 0%....50%....100% - 14 passes
==PROF== Profiling "storage_dot_map_reduce" - 20: 0%....50%....100% - 14 passes
==PROF== Profiling "storage_dot_finalize" - 21: 0%....50%....100% - 14 passes
==PROF== Profiling "storage_dot_map_reduce" - 22: 0%....50%....100% - 14 passes
==PROF== Profiling "storage_dot_finalize" - 23: 0%....50%....100% - 14 passes
==PROF== Profiling "storage_dot_map_reduce" - 24: 0%....50%....100% - 14 passes
==PROF== Profiling "storage_dot_finalize" - 25: 0%....50%....100% - 14 passes
==PROF== Profiling "storage_dot_map_reduce" - 26: 0%....50%....100% - 14 passes
==PROF== Profiling "storage_dot_finalize" - 27: 0%....50%....100% - 14 passes
==PROF== Profiling "storage_dot_map_reduce" - 28: 0%....50%....100% - 14 passes
==PROF== Profiling "storage_dot_finalize" - 29: 0%....50%....100% - 14 passes
==PROF== Profiling "storage_dot_map_reduce" - 30: 0%....50%....100% - 14 passes
==PROF== Profiling "storage_dot_finalize" - 31: 0%....50%....100% - 14 passes
==PROF== Profiling "storage_dot_map_reduce" - 32: 0%....50%....100% - 14 passes
==PROF== Profiling "storage_dot_finalize" - 33: 0%....50%....100% - 14 passes
Storage performance benchmark
GPU: NVIDIA H200 NVL (sm_90)
Mode: profile
  profiled e1m6
  profiled e2m5
  profiled e3m4
  profiled fp8_e4m3
  profiled fp8_e5m2
  profiled e1m14
  profiled e2m13
  profiled e3m12
  profiled fp16_e5m10
  profiled bf16_e8m7
  profiled e11m4
  profiled e1m30
  profiled e2m29
  profiled e3m28
  profiled fp32_e8m23
  profiled e11m20
  profiled fp64_e11m52
Wrote /storage/home/timofeirusanov/accessor_universal_test/results/008_storage_performance/run_20260808T131626Z/profile/dot_x1/dot_x1_20260808T131626Z_metadata.csv
==PROF== Disconnected from process 1678391
==PROF== Report: /storage/home/timofeirusanov/accessor_universal_test/results/008_storage_performance/run_20260808T131626Z/profile/dot_x1/dot_x1_20260808T131626Z.ncu-rep
==PROF== Connected to process 1678952 (/storage/home/timofeirusanov/accessor_universal_test/build-h200/bin/storage_performance_bench)
==PROF== Profiling "storage_dot_map_reduce" - 0: 0%....50%....100% - 14 passes
==PROF== Profiling "storage_dot_finalize" - 1: 0%....50%....100% - 14 passes
==PROF== Profiling "storage_dot_map_reduce" - 2: 0%....50%....100% - 14 passes
==PROF== Profiling "storage_dot_finalize" - 3: 0%....50%....100% - 14 passes
==PROF== Profiling "storage_dot_map_reduce" - 4: 0%....50%....100% - 14 passes
==PROF== Profiling "storage_dot_finalize" - 5: 0%....50%....100% - 14 passes
==PROF== Profiling "storage_dot_map_reduce" - 6: 0%....50%....100% - 14 passes
==PROF== Profiling "storage_dot_finalize" - 7: 0%....50%....100% - 14 passes
==PROF== Profiling "storage_dot_map_reduce" - 8: 0%....50%....100% - 14 passes
==PROF== Profiling "storage_dot_finalize" - 9: 0%....50%....100% - 14 passes
==PROF== Profiling "storage_dot_map_reduce" - 10: 0%....50%....100% - 14 passes
==PROF== Profiling "storage_dot_finalize" - 11: 0%....50%....100% - 14 passes
==PROF== Profiling "storage_dot_map_reduce" - 12: 0%....50%....100% - 14 passes
==PROF== Profiling "storage_dot_finalize" - 13: 0%....50%....100% - 14 passes
==PROF== Profiling "storage_dot_map_reduce" - 14: 0%....50%....100% - 14 passes
==PROF== Profiling "storage_dot_finalize" - 15: 0%....50%....100% - 14 passes
==PROF== Profiling "storage_dot_map_reduce" - 16: 0%....50%....100% - 14 passes
==PROF== Profiling "storage_dot_finalize" - 17: 0%....50%....100% - 14 passes
==PROF== Profiling "storage_dot_map_reduce" - 18: 0%....50%....100% - 14 passes
==PROF== Profiling "storage_dot_finalize" - 19: 0%....50%....100% - 14 passes
==PROF== Profiling "storage_dot_map_reduce" - 20: 0%....50%....100% - 14 passes
==PROF== Profiling "storage_dot_finalize" - 21: 0%....50%....100% - 14 passes
==PROF== Profiling "storage_dot_map_reduce" - 22: 0%....50%....100% - 14 passes
==PROF== Profiling "storage_dot_finalize" - 23: 0%....50%....100% - 14 passes
==PROF== Profiling "storage_dot_map_reduce" - 24: 0%....50%....100% - 14 passes
==PROF== Profiling "storage_dot_finalize" - 25: 0%....50%....100% - 14 passes
==PROF== Profiling "storage_dot_map_reduce" - 26: 0%....50%....100% - 14 passes
==PROF== Profiling "storage_dot_finalize" - 27: 0%....50%....100% - 14 passes
==PROF== Profiling "storage_dot_map_reduce" - 28: 0%....50%....100% - 14 passes
==PROF== Profiling "storage_dot_finalize" - 29: 0%....50%....100% - 14 passes
==PROF== Profiling "storage_dot_map_reduce" - 30: 0%....50%....100% - 14 passes
==PROF== Profiling "storage_dot_finalize" - 31: 0%....50%....100% - 14 passes
==PROF== Profiling "storage_dot_map_reduce" - 32: 0%....50%....100% - 14 passes
==PROF== Profiling "storage_dot_finalize" - 33: 0%....50%....100% - 14 passes
Storage performance benchmark
GPU: NVIDIA H200 NVL (sm_90)
Mode: profile
  profiled e1m6
  profiled e2m5
  profiled e3m4
  profiled fp8_e4m3
  profiled fp8_e5m2
  profiled e1m14
  profiled e2m13
  profiled e3m12
  profiled fp16_e5m10
  profiled bf16_e8m7
  profiled e11m4
  profiled e1m30
  profiled e2m29
  profiled e3m28
  profiled fp32_e8m23
  profiled e11m20
  profiled fp64_e11m52
Wrote /storage/home/timofeirusanov/accessor_universal_test/results/008_storage_performance/run_20260808T131626Z/profile/dot_x4/dot_x4_20260808T131626Z_metadata.csv
==PROF== Disconnected from process 1678952
==PROF== Report: /storage/home/timofeirusanov/accessor_universal_test/results/008_storage_performance/run_20260808T131626Z/profile/dot_x4/dot_x4_20260808T131626Z.ncu-rep
==PROF== Connected to process 1679518 (/storage/home/timofeirusanov/accessor_universal_test/build-h200/bin/storage_performance_bench)
==PROF== Profiling "storage_gemv" - 0: 0%....50%....100% - 14 passes
==PROF== Profiling "storage_gemv" - 1: 0%....50%....100% - 14 passes
==PROF== Profiling "storage_gemv" - 2: 0%....50%....100% - 14 passes
==PROF== Profiling "storage_gemv" - 3: 0%....50%....100% - 14 passes
==PROF== Profiling "storage_gemv" - 4: 0%....50%....100% - 14 passes
==PROF== Profiling "storage_gemv" - 5: 0%....50%....100% - 14 passes
==PROF== Profiling "storage_gemv" - 6: 0%....50%....100% - 14 passes
==PROF== Profiling "storage_gemv" - 7: 0%....50%....100% - 14 passes
==PROF== Profiling "storage_gemv" - 8: 0%....50%....100% - 14 passes
==PROF== Profiling "storage_gemv" - 9: 0%....50%....100% - 14 passes
==PROF== Profiling "storage_gemv" - 10: 0%....50%....100% - 14 passes
==PROF== Profiling "storage_gemv" - 11: 0%....50%....100% - 14 passes
==PROF== Profiling "storage_gemv" - 12: 0%....50%....100% - 14 passes
==PROF== Profiling "storage_gemv" - 13: 0%....50%....100% - 14 passes
==PROF== Profiling "storage_gemv" - 14: 0%....50%....100% - 14 passes
==PROF== Profiling "storage_gemv" - 15: 0%....50%....100% - 14 passes
==PROF== Profiling "storage_gemv" - 16: 0%....50%....100% - 14 passes
Storage performance benchmark
GPU: NVIDIA H200 NVL (sm_90)
Mode: profile
  profiled e1m6
  profiled e2m5
  profiled e3m4
  profiled fp8_e4m3
  profiled fp8_e5m2
  profiled e1m14
  profiled e2m13
  profiled e3m12
  profiled fp16_e5m10
  profiled bf16_e8m7
  profiled e11m4
  profiled e1m30
  profiled e2m29
  profiled e3m28
  profiled fp32_e8m23
  profiled e11m20
  profiled fp64_e11m52
Wrote /storage/home/timofeirusanov/accessor_universal_test/results/008_storage_performance/run_20260808T131626Z/profile/gemv_x1/gemv_x1_20260808T131626Z_metadata.csv
==PROF== Disconnected from process 1679518
==PROF== Report: /storage/home/timofeirusanov/accessor_universal_test/results/008_storage_performance/run_20260808T131626Z/profile/gemv_x1/gemv_x1_20260808T131626Z.ncu-rep
==PROF== Connected to process 1679835 (/storage/home/timofeirusanov/accessor_universal_test/build-h200/bin/storage_performance_bench)
==PROF== Profiling "storage_gemv" - 0: 0%....50%....100% - 14 passes
==PROF== Profiling "storage_gemv" - 1: 0%....50%....100% - 14 passes
==PROF== Profiling "storage_gemv" - 2: 0%....50%....100% - 14 passes
==PROF== Profiling "storage_gemv" - 3: 0%....50%....100% - 14 passes
==PROF== Profiling "storage_gemv" - 4: 0%....50%....100% - 14 passes
==PROF== Profiling "storage_gemv" - 5: 0%....50%....100% - 14 passes
==PROF== Profiling "storage_gemv" - 6: 0%....50%....100% - 14 passes
==PROF== Profiling "storage_gemv" - 7: 0%....50%....100% - 14 passes
==PROF== Profiling "storage_gemv" - 8: 0%....50%....100% - 14 passes
==PROF== Profiling "storage_gemv" - 9: 0%....50%....100% - 14 passes
==PROF== Profiling "storage_gemv" - 10: 0%....50%....100% - 14 passes
==PROF== Profiling "storage_gemv" - 11: 0%....50%....100% - 14 passes
==PROF== Profiling "storage_gemv" - 12: 0%....50%....100% - 14 passes
==PROF== Profiling "storage_gemv" - 13: 0%....50%....100% - 14 passes
==PROF== Profiling "storage_gemv" - 14: 0%....50%....100% - 14 passes
==PROF== Profiling "storage_gemv" - 15: 0%....50%....100% - 14 passes
==PROF== Profiling "storage_gemv" - 16: 0%....50%....100% - 14 passes
Storage performance benchmark
GPU: NVIDIA H200 NVL (sm_90)
Mode: profile
  profiled e1m6
  profiled e2m5
  profiled e3m4
  profiled fp8_e4m3
  profiled fp8_e5m2
  profiled e1m14
  profiled e2m13
  profiled e3m12
  profiled fp16_e5m10
  profiled bf16_e8m7
  profiled e11m4
  profiled e1m30
  profiled e2m29
  profiled e3m28
  profiled fp32_e8m23
  profiled e11m20
  profiled fp64_e11m52
Wrote /storage/home/timofeirusanov/accessor_universal_test/results/008_storage_performance/run_20260808T131626Z/profile/gemv_x4/gemv_x4_20260808T131626Z_metadata.csv
==PROF== Disconnected from process 1679835
==PROF== Report: /storage/home/timofeirusanov/accessor_universal_test/results/008_storage_performance/run_20260808T131626Z/profile/gemv_x4/gemv_x4_20260808T131626Z.ncu-rep
timings: 32130 samples, 2142 complete groups, 15 samples/group
profiles: 8 reports, 170 kernels, 136 operations

Storage performance experiment complete:
  /storage/home/timofeirusanov/accessor_universal_test/results/008_storage_performance/run_20260808T131626Z
  /storage/home/timofeirusanov/accessor_universal_test/results/008_storage_performance/run_20260808T131626Z/timing_summary.csv
  /storage/home/timofeirusanov/accessor_universal_test/results/008_storage_performance/run_20260808T131626Z/packed_speedups.csv
  /storage/home/timofeirusanov/accessor_universal_test/results/008_storage_performance/run_20260808T131626Z/profile_operations.csv
  /storage/home/timofeirusanov/accessor_universal_test/results/008_storage_performance/run_20260808T131626Z/profile_kernels.csv
