timestamp,gpu,mode,distribution,kernel,format,bits,exponent_bits,mantissa_bits,arithmetic_type,storage_layout,access_method,packet_values,load_word_bits,loader_threads,consumer_threads,values_per_consumer,redistribution,decoder,strategy_id,N,M,rows,logical_input_bytes,physical_input_bytes,table_bytes,blocks,threads,warmup,sample,iterations,total_ms,mean_ms,result,valid
2026-08-16T15:19:17Z,NVIDIA H200 NVL,full,uniform_0_1,dot,raw_fp32,32,8,23,fp32,natural,scalar,1,32,1,1,1,none,raw,natural/scalar/x1/raw,4096,0,1,32768,32768,0,16,256,10,0,1699,8.17878,0.00481388,1019.6925048828125,1
2026-08-16T15:19:17Z,NVIDIA H200 NVL,full,uniform_0_1,dot,raw_fp32,32,8,23,fp32,natural,scalar,1,32,1,1,1,none,raw,natural/scalar/x1/raw,4096,0,1,32768,32768,0,16,256,10,1,1699,8.1800642013549805,0.0048146346093908068,1019.6925048828125,1
2026-08-16T15:19:17Z,NVIDIA H200 NVL,full,uniform_0_1,dot,raw_fp32,32,8,23,fp32,natural,scalar,1,32,1,1,1,none,raw,natural/scalar/x1/raw,4096,0,1,32768,32768,0,16,256,10,2,1699,8.1775035858154297,0.0048131274784081399,1019.6925048828125,1
2026-08-16T15:19:17Z,NVIDIA H200 NVL,full,uniform_0_1,dot,raw_fp32,32,8,23,fp32,natural,scalar,1,32,1,1,1,none,raw,natural/scalar/x1/raw,4096,0,1,32768,32768,0,16,256,10,3,1699,8.1851835250854492,0.0048176477487259853,1019.6925048828125,1
2026-08-16T15:19:17Z,NVIDIA H200 NVL,full,uniform_0_1,dot,raw_fp32,32,8,23,fp32,natural,scalar,1,32,1,1,1,none,raw,natural/scalar/x1/raw,4096,0,1,32768,32768,0,16,256,10,4,1699,8.1632957458496094,0.0048047650063858796,1019.6925048828125,1
2026-08-16T15:19:17Z,NVIDIA H200 NVL,full,uniform_0_1,dot,raw_fp32,32,8,23,fp32,natural,scalar,1,32,1,1,1,none,raw,natural/scalar/x1/raw,65536,0,1,524288,524288,0,256,256,10,0,2141,11.129983901977539,0.0051984978523949271,16361.328125,1
2026-08-16T15:19:17Z,NVIDIA H200 NVL,full,uniform_0_1,dot,raw_fp32,32,8,23,fp32,natural,scalar,1,32,1,1,1,none,raw,natural/scalar/x1/raw,65536,0,1,524288,524288,0,256,256,10,1,2141,11.129856109619141,0.0051984381642312663,16361.328125,1
2026-08-16T15:19:17Z,NVIDIA H200 NVL,full,uniform_0_1,dot,raw_fp32,32,8,23,fp32,natural,scalar,1,32,1,1,1,none,raw,natural/scalar/x1/raw,65536,0,1,524288,524288,0,256,256,10,2,2141,11.128959655761719,0.0051980194562175237,16361.328125,1
2026-08-16T15:19:17Z,NVIDIA H200 NVL,full,uniform_0_1,dot,raw_fp32,32,8,23,fp32,natural,scalar,1,32,1,1,1,none,raw,natural/scalar/x1/raw,65536,0,1,524288,524288,0,256,256,10,3,2141,11.129856109619141,0.0051984381642312663,16361.328125,1
2026-08-16T15:19:17Z,NVIDIA H200 NVL,full,uniform_0_1,dot,raw_fp32,32,8,23,fp32,natural,scalar,1,32,1,1,1,none,raw,natural/scalar/x1/raw,65536,0,1,524288,524288,0,256,256,10,4,2141,11.131008148193359,0.0051989762485723304,16361.328125,1
2026-08-16T15:19:17Z,NVIDIA H200 NVL,full,uniform_0_1,dot,raw_fp32,32,8,23,fp32,natural,scalar,1,32,1,1,1,none,raw,natural/scalar/x1/raw,1048576,0,1,8388608,8388608,0,512,256,10,0,1553,10.945023536682129,0.007047664865860997,261997.40625,1
2026-08-16T15:19:17Z,NVIDIA H200 NVL,full,uniform_0_1,dot,raw_fp32,32,8,23,fp32,natural,scalar,1,32,1,1,1,none,raw,natural/scalar/x1/raw,1048576,0,1,8388608,8388608,0,512,256,10,1,1553,10.948384284973145,0.0070498289021076266,261997.40625,1
2026-08-16T15:19:17Z,NVIDIA H200 NVL,full,uniform_0_1,dot,raw_fp32,32,8,23,fp32,natural,scalar,1,32,1,1,1,none,raw,natural/scalar/x1/raw,1048576,0,1,8388608,8388608,0,512,256,10,2,1553,10.949407577514648,0.0070504878155277836,261997.40625,1
2026-08-16T15:19:17Z,NVIDIA H200 NVL,full,uniform_0_1,dot,raw_fp32,32,8,23,fp32,natural,scalar,1,32,1,1,1,none,raw,natural/scalar/x1/raw,1048576,0,1,8388608,8388608,0,512,256,10,3,1553,10.950336456298828,0.0070510859345130896,261997.40625,1
2026-08-16T15:19:17Z,NVIDIA H200 NVL,full,uniform_0_1,dot,raw_fp32,32,8,23,fp32,natural,scalar,1,32,1,1,1,none,raw,natural/scalar/x1/raw,1048576,0,1,8388608,8388608,0,512,256,10,4,1553,10.949024200439453,0.0070502409532771752,261997.40625,1
2026-08-16T15:19:17Z,NVIDIA H200 NVL,full,uniform_0_1,dot,raw_fp32,32,8,23,fp32,natural,scalar,1,32,1,1,1,none,raw,natural/scalar/x1/raw,16777216,0,1,134217728,134217728,0,512,256,10,0,213,14.939455986022949,0.07013829101419225,4194144.5,1
2026-08-16T15:19:17Z,NVIDIA H200 NVL,full,uniform_0_1,dot,raw_fp32,32,8,23,fp32,natural,scalar,1,32,1,1,1,none,raw,natural/scalar/x1/raw,16777216,0,1,134217728,134217728,0,512,256,10,1,213,14.928319931030273,0.070086009065869828,4194144.5,1
2026-08-16T15:19:17Z,NVIDIA H200 NVL,full,uniform_0_1,dot,raw_fp32,32,8,23,fp32,natural,scalar,1,32,1,1,1,none,raw,natural/scalar/x1/raw,16777216,0,1,134217728,134217728,0,512,256,10,2,213,14.918784141540527,0.070041240101129235,4194144.5,1
2026-08-16T15:19:17Z,NVIDIA H200 NVL,full,uniform_0_1,dot,raw_fp32,32,8,23,fp32,natural,scalar,1,32,1,1,1,none,raw,natural/scalar/x1/raw,16777216,0,1,134217728,134217728,0,512,256,10,3,213,14.926239967346191,0.07007624397815114,4194144.5,1
2026-08-16T15:19:17Z,NVIDIA H200 NVL,full,uniform_0_1,dot,raw_fp32,32,8,23,fp32,natural,scalar,1,32,1,1,1,none,raw,natural/scalar/x1/raw,16777216,0,1,134217728,134217728,0,512,256,10,4,213,14.952447891235352,0.070199285874344375,4194144.5,1
2026-08-16T15:19:17Z,NVIDIA H200 NVL,full,uniform_0_1,dot,raw_fp32,32,8,23,fp32,natural,scalar,1,32,1,1,1,none,raw,natural/scalar/x1/raw,134217728,0,1,1073741824,1073741824,0,512,256,10,0,30,15.111968040466309,0.5037322680155436,33555792,1
2026-08-16T15:19:17Z,NVIDIA H200 NVL,full,uniform_0_1,dot,raw_fp32,32,8,23,fp32,natural,scalar,1,32,1,1,1,none,raw,natural/scalar/x1/raw,134217728,0,1,1073741824,1073741824,0,512,256,10,1,30,15.124128341674805,0.50413761138916013,33555792,1
2026-08-16T15:19:17Z,NVIDIA H200 NVL,full,uniform_0_1,dot,raw_fp32,32,8,23,fp32,natural,scalar,1,32,1,1,1,none,raw,natural/scalar/x1/raw,134217728,0,1,1073741824,1073741824,0,512,256,10,2,30,15.118176460266113,0.50393921534220376,33555792,1
2026-08-16T15:19:17Z,NVIDIA H200 NVL,full,uniform_0_1,dot,raw_fp32,32,8,23,fp32,natural,scalar,1,32,1,1,1,none,raw,natural/scalar/x1/raw,134217728,0,1,1073741824,1073741824,0,512,256,10,3,30,15.106528282165527,0.50355094273885093,33555792,1
2026-08-16T15:19:17Z,NVIDIA H200 NVL,full,uniform_0_1,dot,raw_fp32,32,8,23,fp32,natural,scalar,1,32,1,1,1,none,raw,natural/scalar/x1/raw,134217728,0,1,1073741824,1073741824,0,512,256,10,4,30,15.137344360351562,0.50457814534505208,33555792,1
2026-08-16T15:19:17Z,NVIDIA H200 NVL,full,uniform_0_1,gemv,raw_fp32,32,8,23,fp32,natural,scalar,1,32,1,1,1,none,raw,natural/scalar/x1/raw,256,1024,1024,1049600,1049600,0,1024,256,10,0,2562,9.321375846862793,0.0036383200026786858,62.262413024902344,1
2026-08-16T15:19:17Z,NVIDIA H200 NVL,full,uniform_0_1,gemv,raw_fp32,32,8,23,fp32,natural,scalar,1,32,1,1,1,none,raw,natural/scalar/x1/raw,256,1024,1024,1049600,1049600,0,1024,256,10,1,2562,9.3125438690185547,0.003634872704534955,62.262413024902344,1
2026-08-16T15:19:17Z,NVIDIA H200 NVL,full,uniform_0_1,gemv,raw_fp32,32,8,23,fp32,natural,scalar,1,32,1,1,1,none,raw,natural/scalar/x1/raw,256,1024,1024,1049600,1049600,0,1024,256,10,2,2562,9.3112316131591797,0.0036343605047459717,62.262413024902344,1
2026-08-16T15:19:17Z,NVIDIA H200 NVL,full,uniform_0_1,gemv,raw_fp32,32,8,23,fp32,natural,scalar,1,32,1,1,1,none,raw,natural/scalar/x1/raw,256,1024,1024,1049600,1049600,0,1024,256,10,3,2562,9.3137598037719727,0.0036353473082638456,62.262413024902344,1
2026-08-16T15:19:17Z,NVIDIA H200 NVL,full,uniform_0_1,gemv,raw_fp32,32,8,23,fp32,natural,scalar,1,32,1,1,1,none,raw,natural/scalar/x1/raw,256,1024,1024,1049600,1049600,0,1024,256,10,4,2562,9.3092155456542969,0.0036335735931515602,62.262413024902344,1
2026-08-16T15:19:17Z,NVIDIA H200 NVL,full,uniform_0_1,gemv,raw_fp32,32,8,23,fp32,natural,scalar,1,32,1,1,1,none,raw,natural/scalar/x1/raw,1024,1024,1024,4198400,4198400,0,1024,256,10,0,2298,10.040608406066895,0.0043692812907166643,248.53376770019531,1
2026-08-16T15:19:17Z,NVIDIA H200 NVL,full,uniform_0_1,gemv,raw_fp32,32,8,23,fp32,natural,scalar,1,32,1,1,1,none,raw,natural/scalar/x1/raw,1024,1024,1024,4198400,4198400,0,1024,256,10,1,2298,10.055135726928711,0.0043756030143292908,248.53376770019531,1
2026-08-16T15:19:17Z,NVIDIA H200 NVL,full,uniform_0_1,gemv,raw_fp32,32,8,23,fp32,natural,scalar,1,32,1,1,1,none,raw,natural/scalar/x1/raw,1024,1024,1024,4198400,4198400,0,1024,256,10,2,2298,10.05180835723877,0.0043741550727757917,248.53376770019531,1
2026-08-16T15:19:17Z,NVIDIA H200 NVL,full,uniform_0_1,gemv,raw_fp32,32,8,23,fp32,natural,scalar,1,32,1,1,1,none,raw,natural/scalar/x1/raw,1024,1024,1024,4198400,4198400,0,1024,256,10,3,2298,10.052191734313965,0.0043743219035308808,248.53376770019531,1
2026-08-16T15:19:17Z,NVIDIA H200 NVL,full,uniform_0_1,gemv,raw_fp32,32,8,23,fp32,natural,scalar,1,32,1,1,1,none,raw,natural/scalar/x1/raw,1024,1024,1024,4198400,4198400,0,1024,256,10,4,2298,10.059167861938477,0.0043773576422708772,248.53376770019531,1
2026-08-16T15:19:17Z,NVIDIA H200 NVL,full,uniform_0_1,gemv,raw_fp32,32,8,23,fp32,natural,scalar,1,32,1,1,1,none,raw,natural/scalar/x1/raw,4096,1024,1024,16793600,16793600,0,1024,256,10,0,1617,11.47862434387207,0.0070987163536623812,1019.6925048828125,1
2026-08-16T15:19:17Z,NVIDIA H200 NVL,full,uniform_0_1,gemv,raw_fp32,32,8,23,fp32,natural,scalar,1,32,1,1,1,none,raw,natural/scalar/x1/raw,4096,1024,1024,16793600,16793600,0,1024,256,10,1,1617,11.487520217895508,0.007104217821827772,1019.6925048828125,1
2026-08-16T15:19:17Z,NVIDIA H200 NVL,full,uniform_0_1,gemv,raw_fp32,32,8,23,fp32,natural,scalar,1,32,1,1,1,none,raw,natural/scalar/x1/raw,4096,1024,1024,16793600,16793600,0,1024,256,10,2,1617,11.485119819641113,0.007102733345479971,1019.6925048828125,1
2026-08-16T15:19:17Z,NVIDIA H200 NVL,full,uniform_0_1,gemv,raw_fp32,32,8,23,fp32,natural,scalar,1,32,1,1,1,none,raw,natural/scalar/x1/raw,4096,1024,1024,16793600,16793600,0,1024,256,10,3,1617,11.480352401733398,0.0070997850350855898,1019.6925048828125,1
2026-08-16T15:19:17Z,NVIDIA H200 NVL,full,uniform_0_1,gemv,raw_fp32,32,8,23,fp32,natural,scalar,1,32,1,1,1,none,raw,natural/scalar/x1/raw,4096,1024,1024,16793600,16793600,0,1024,256,10,4,1617,11.473247528076172,0.0070953911738257094,1019.6925048828125,1
2026-08-16T15:19:17Z,NVIDIA H200 NVL,full,uniform_0_1,gemv,raw_fp32,32,8,23,fp32,natural,scalar,1,32,1,1,1,none,raw,natural/scalar/x1/raw,16384,1024,1024,67174400,67174400,0,1024,256,10,0,408,13.871871948242188,0.033999686147652419,4110.29638671875,1
2026-08-16T15:19:17Z,NVIDIA H200 NVL,full,uniform_0_1,gemv,raw_fp32,32,8,23,fp32,natural,scalar,1,32,1,1,1,none,raw,natural/scalar/x1/raw,16384,1024,1024,67174400,67174400,0,1024,256,10,1,408,13.872768402099609,0.034001883338479436,4110.29638671875,1
2026-08-16T15:19:17Z,NVIDIA H200 NVL,full,uniform_0_1,gemv,raw_fp32,32,8,23,fp32,natural,scalar,1,32,1,1,1,none,raw,natural/scalar/x1/raw,16384,1024,1024,67174400,67174400,0,1024,256,10,2,408,13.867615699768066,0.033989254166098201,4110.29638671875,1
2026-08-16T15:19:17Z,NVIDIA H200 NVL,full,uniform_0_1,gemv,raw_fp32,32,8,23,fp32,natural,scalar,1,32,1,1,1,none,raw,natural/scalar/x1/raw,16384,1024,1024,67174400,67174400,0,1024,256,10,3,408,13.887040138244629,0.034036863083932917,4110.29638671875,1
2026-08-16T15:19:17Z,NVIDIA H200 NVL,full,uniform_0_1,gemv,raw_fp32,32,8,23,fp32,natural,scalar,1,32,1,1,1,none,raw,natural/scalar/x1/raw,16384,1024,1024,67174400,67174400,0,1024,256,10,4,408,13.888192176818848,0.03403968670788933,4110.29638671875,1
2026-08-16T15:19:17Z,NVIDIA H200 NVL,full,uniform_0_1,gemv,raw_fp32,32,8,23,fp32,natural,scalar,1,32,1,1,1,none,raw,natural/scalar/x1/raw,65536,1024,1024,268697600,268697600,0,1024,256,10,0,123,14.907967567443848,0.12120298835320201,16361.3291015625,1
2026-08-16T15:19:17Z,NVIDIA H200 NVL,full,uniform_0_1,gemv,raw_fp32,32,8,23,fp32,natural,scalar,1,32,1,1,1,none,raw,natural/scalar/x1/raw,65536,1024,1024,268697600,268697600,0,1024,256,10,1,123,14.918399810791016,0.12128780333976436,16361.3291015625,1
2026-08-16T15:19:17Z,NVIDIA H200 NVL,full,uniform_0_1,gemv,raw_fp32,32,8,23,fp32,natural,scalar,1,32,1,1,1,none,raw,natural/scalar/x1/raw,65536,1024,1024,268697600,268697600,0,1024,256,10,2,123,14.903167724609375,0.12116396524072663,16361.3291015625,1
2026-08-16T15:19:17Z,NVIDIA H200 NVL,full,uniform_0_1,gemv,raw_fp32,32,8,23,fp32,natural,scalar,1,32,1,1,1,none,raw,natural/scalar/x1/raw,65536,1024,1024,268697600,268697600,0,1024,256,10,3,123,14.894783973693848,0.12109580466417762,16361.3291015625,1
2026-08-16T15:19:17Z,NVIDIA H200 NVL,full,uniform_0_1,gemv,raw_fp32,32,8,23,fp32,natural,scalar,1,32,1,1,1,none,raw,natural/scalar/x1/raw,65536,1024,1024,268697600,268697600,0,1024,256,10,4,123,14.906656265258789,0.12119232735982756,16361.3291015625,1
2026-08-16T15:19:17Z,NVIDIA H200 NVL,full,uniform_0_1,dot,raw_fp32,32,8,23,fp32,natural,thread_packet,2,64,1,1,2,none,raw,natural/thread_packet/x2/raw,4096,0,1,32768,32768,0,8,256,10,0,2254,10.79263973236084,0.004788216385253256,1019.6925048828125,1
2026-08-16T15:19:17Z,NVIDIA H200 NVL,full,uniform_0_1,dot,raw_fp32,32,8,23,fp32,natural,thread_packet,2,64,1,1,2,none,raw,natural/thread_packet/x2/raw,4096,0,1,32768,32768,0,8,256,10,1,2254,10.789919853210449,0.0047870096953018856,1019.6925048828125,1
2026-08-16T15:19:17Z,NVIDIA H200 NVL,full,uniform_0_1,dot,raw_fp32,32,8,23,fp32,natural,thread_packet,2,64,1,1,2,none,raw,natural/thread_packet/x2/raw,4096,0,1,32768,32768,0,8,256,10,2,2254,10.809344291687012,0.004795627458601159,1019.6925048828125,1
2026-08-16T15:19:17Z,NVIDIA H200 NVL,full,uniform_0_1,dot,raw_fp32,32,8,23,fp32,natural,thread_packet,2,64,1,1,2,none,raw,natural/thread_packet/x2/raw,4096,0,1,32768,32768,0,8,256,10,3,2254,10.827936172485352,0.0048038758529216291,1019.6925048828125,1
2026-08-16T15:19:17Z,NVIDIA H200 NVL,full,uniform_0_1,dot,raw_fp32,32,8,23,fp32,natural,thread_packet,2,64,1,1,2,none,raw,natural/thread_packet/x2/raw,4096,0,1,32768,32768,0,8,256,10,4,2254,10.821632385253906,0.0048010791416388228,1019.6925048828125,1
2026-08-16T15:19:17Z,NVIDIA H200 NVL,full,uniform_0_1,dot,raw_fp32,32,8,23,fp32,natural,thread_packet,2,64,1,1,2,none,raw,natural/thread_packet/x2/raw,65536,0,1,524288,524288,0,128,256,10,0,2075,10.561408042907715,0.005089835201401308,16361.3291015625,1
2026-08-16T15:19:17Z,NVIDIA H200 NVL,full,uniform_0_1,dot,raw_fp32,32,8,23,fp32,natural,thread_packet,2,64,1,1,2,none,raw,natural/thread_packet/x2/raw,65536,0,1,524288,524288,0,128,256,10,1,2075,10.558303833007812,0.005088339196630271,16361.3291015625,1
2026-08-16T15:19:17Z,NVIDIA H200 NVL,full,uniform_0_1,dot,raw_fp32,32,8,23,fp32,natural,thread_packet,2,64,1,1,2,none,raw,natural/thread_packet/x2/raw,65536,0,1,524288,524288,0,128,256,10,2,2075,10.562047958374023,0.0050901435943971193,16361.3291015625,1
2026-08-16T15:19:17Z,NVIDIA H200 NVL,full,uniform_0_1,dot,raw_fp32,32,8,23,fp32,natural,thread_packet,2,64,1,1,2,none,raw,natural/thread_packet/x2/raw,65536,0,1,524288,524288,0,128,256,10,3,2075,10.554847717285156,0.0050866735986916413,16361.3291015625,1
2026-08-16T15:19:17Z,NVIDIA H200 NVL,full,uniform_0_1,dot,raw_fp32,32,8,23,fp32,natural,thread_packet,2,64,1,1,2,none,raw,natural/thread_packet/x2/raw,65536,0,1,524288,524288,0,128,256,10,4,2075,10.55731201171875,0.0050878612104668678,16361.3291015625,1
2026-08-16T15:19:17Z,NVIDIA H200 NVL,full,uniform_0_1,dot,raw_fp32,32,8,23,fp32,natural,thread_packet,2,64,1,1,2,none,raw,natural/thread_packet/x2/raw,1048576,0,1,8388608,8388608,0,512,256,10,0,1711,11.272992134094238,0.0065885401134390641,261997.40625,1
2026-08-16T15:19:17Z,NVIDIA H200 NVL,full,uniform_0_1,dot,raw_fp32,32,8,23,fp32,natural,thread_packet,2,64,1,1,2,none,raw,natural/thread_packet/x2/raw,1048576,0,1,8388608,8388608,0,512,256,10,1,1711,11.269887924194336,0.006586725846986754,261997.40625,1
2026-08-16T15:19:17Z,NVIDIA H200 NVL,full,uniform_0_1,dot,raw_fp32,32,8,23,fp32,natural,thread_packet,2,64,1,1,2,none,raw,natural/thread_packet/x2/raw,1048576,0,1,8388608,8388608,0,512,256,10,2,1711,11.275039672851562,0.0065897368047057644,261997.40625,1
2026-08-16T15:19:17Z,NVIDIA H200 NVL,full,uniform_0_1,dot,raw_fp32,32,8,23,fp32,natural,thread_packet,2,64,1,1,2,none,raw,natural/thread_packet/x2/raw,1048576,0,1,8388608,8388608,0,512,256,10,3,1711,11.272000312805176,0.0065879604399796468,261997.40625,1
2026-08-16T15:19:17Z,NVIDIA H200 NVL,full,uniform_0_1,dot,raw_fp32,32,8,23,fp32,natural,thread_packet,2,64,1,1,2,none,raw,natural/thread_packet/x2/raw,1048576,0,1,8388608,8388608,0,512,256,10,4,1711,11.26905632019043,0.0065862398130861659,261997.40625,1
2026-08-16T15:19:17Z,NVIDIA H200 NVL,full,uniform_0_1,dot,raw_fp32,32,8,23,fp32,natural,thread_packet,2,64,1,1,2,none,raw,natural/thread_packet/x2/raw,16777216,0,1,134217728,134217728,0,512,256,10,0,315,14.306912422180176,0.04541876959422278,4194144.75,1
2026-08-16T15:19:17Z,NVIDIA H200 NVL,full,uniform_0_1,dot,raw_fp32,32,8,23,fp32,natural,thread_packet,2,64,1,1,2,none,raw,natural/thread_packet/x2/raw,16777216,0,1,134217728,134217728,0,512,256,10,1,315,14.275967597961426,0.045320532057020399,4194144.75,1
2026-08-16T15:19:17Z,NVIDIA H200 NVL,full,uniform_0_1,dot,raw_fp32,32,8,23,fp32,natural,thread_packet,2,64,1,1,2,none,raw,natural/thread_packet/x2/raw,16777216,0,1,134217728,134217728,0,512,256,10,2,315,14.291904449462891,0.045371125236390128,4194144.75,1
2026-08-16T15:19:17Z,NVIDIA H200 NVL,full,uniform_0_1,dot,raw_fp32,32,8,23,fp32,natural,thread_packet,2,64,1,1,2,none,raw,natural/thread_packet/x2/raw,16777216,0,1,134217728,134217728,0,512,256,10,3,315,14.31065559387207,0.045430652678958953,4194144.75,1
2026-08-16T15:19:17Z,NVIDIA H200 NVL,full,uniform_0_1,dot,raw_fp32,32,8,23,fp32,natural,thread_packet,2,64,1,1,2,none,raw,natural/thread_packet/x2/raw,16777216,0,1,134217728,134217728,0,512,256,10,4,315,14.306015968322754,0.045415923708961123,4194144.75,1
2026-08-16T15:19:17Z,NVIDIA H200 NVL,full,uniform_0_1,dot,raw_fp32,32,8,23,fp32,natural,thread_packet,2,64,1,1,2,none,raw,natural/thread_packet/x2/raw,134217728,0,1,1073741824,1073741824,0,512,256,10,0,49,15.03929615020752,0.30692441122872488,33555792,1
2026-08-16T15:19:17Z,NVIDIA H200 NVL,full,uniform_0_1,dot,raw_fp32,32,8,23,fp32,natural,thread_packet,2,64,1,1,2,none,raw,natural/thread_packet/x2/raw,134217728,0,1,1073741824,1073741824,0,512,256,10,1,49,15.018048286437988,0.30649078135587732,33555792,1
2026-08-16T15:19:17Z,NVIDIA H200 NVL,full,uniform_0_1,dot,raw_fp32,32,8,23,fp32,natural,thread_packet,2,64,1,1,2,none,raw,natural/thread_packet/x2/raw,134217728,0,1,1073741824,1073741824,0,512,256,10,2,49,15.019968032836914,0.30652995985381459,33555792,1
2026-08-16T15:19:17Z,NVIDIA H200 NVL,full,uniform_0_1,dot,raw_fp32,32,8,23,fp32,natural,thread_packet,2,64,1,1,2,none,raw,natural/thread_packet/x2/raw,134217728,0,1,1073741824,1073741824,0,512,256,10,3,49,15.035840034484863,0.30685387825479316,33555792,1
2026-08-16T15:19:17Z,NVIDIA H200 NVL,full,uniform_0_1,dot,raw_fp32,32,8,23,fp32,natural,thread_packet,2,64,1,1,2,none,raw,natural/thread_packet/x2/raw,134217728,0,1,1073741824,1073741824,0,512,256,10,4,49,15.027968406677246,0.30669323278933153,33555792,1
2026-08-16T15:19:17Z,NVIDIA H200 NVL,full,uniform_0_1,gemv,raw_fp32,32,8,23,fp32,natural,thread_packet,2,64,1,1,2,none,raw,natural/thread_packet/x2/raw,256,1024,1024,1049600,1049600,0,1024,256,10,0,2605,9.4329919815063477,0.0036211101656454308,62.262413024902344,1
2026-08-16T15:19:17Z,NVIDIA H200 NVL,full,uniform_0_1,gemv,raw_fp32,32,8,23,fp32,natural,thread_packet,2,64,1,1,2,none,raw,natural/thread_packet/x2/raw,256,1024,1024,1049600,1049600,0,1024,256,10,1,2605,9.4421758651733398,0.0036246356488189406,62.262413024902344,1
2026-08-16T15:19:17Z,NVIDIA H200 NVL,full,uniform_0_1,gemv,raw_fp32,32,8,23,fp32,natural,thread_packet,2,64,1,1,2,none,raw,natural/thread_packet/x2/raw,256,1024,1024,1049600,1049600,0,1024,256,10,2,2605,9.4401922225952148,0.0036238741737409652,62.262413024902344,1
2026-08-16T15:19:17Z,NVIDIA H200 NVL,full,uniform_0_1,gemv,raw_fp32,32,8,23,fp32,natural,thread_packet,2,64,1,1,2,none,raw,natural/thread_packet/x2/raw,256,1024,1024,1049600,1049600,0,1024,256,10,3,2605,9.4419841766357422,0.0036245620639676554,62.262413024902344,1
2026-08-16T15:19:17Z,NVIDIA H200 NVL,full,uniform_0_1,gemv,raw_fp32,32,8,23,fp32,natural,thread_packet,2,64,1,1,2,none,raw,natural/thread_packet/x2/raw,256,1024,1024,1049600,1049600,0,1024,256,10,4,2605,9.4444160461425781,0.0036254956031257497,62.262413024902344,1
2026-08-16T15:19:17Z,NVIDIA H200 NVL,full,uniform_0_1,gemv,raw_fp32,32,8,23,fp32,natural,thread_packet,2,64,1,1,2,none,raw,natural/thread_packet/x2/raw,1024,1024,1024,4198400,4198400,0,1024,256,10,0,2344,9.8769598007202148,0.0042137200515017983,248.53376770019531,1
2026-08-16T15:19:17Z,NVIDIA H200 NVL,full,uniform_0_1,gemv,raw_fp32,32,8,23,fp32,natural,thread_packet,2,64,1,1,2,none,raw,natural/thread_packet/x2/raw,1024,1024,1024,4198400,4198400,0,1024,256,10,1,2344,9.8856000900268555,0.0042174061817520717,248.53376770019531,1
2026-08-16T15:19:17Z,NVIDIA H200 NVL,full,uniform_0_1,gemv,raw_fp32,32,8,23,fp32,natural,thread_packet,2,64,1,1,2,none,raw,natural/thread_packet/x2/raw,1024,1024,1024,4198400,4198400,0,1024,256,10,2,2344,9.8884162902832031,0.0042186076323733803,248.53376770019531,1
2026-08-16T15:19:17Z,NVIDIA H200 NVL,full,uniform_0_1,gemv,raw_fp32,32,8,23,fp32,natural,thread_packet,2,64,1,1,2,none,raw,natural/thread_packet/x2/raw,1024,1024,1024,4198400,4198400,0,1024,256,10,3,2344,9.8994884490966797,0.0042233312496146244,248.53376770019531,1
2026-08-16T15:19:17Z,NVIDIA H200 NVL,full,uniform_0_1,gemv,raw_fp32,32,8,23,fp32,natural,thread_packet,2,64,1,1,2,none,raw,natural/thread_packet/x2/raw,1024,1024,1024,4198400,4198400,0,1024,256,10,4,2344,9.9651517868041992,0.004251344618943771,248.53376770019531,1
2026-08-16T15:19:17Z,NVIDIA H200 NVL,full,uniform_0_1,gemv,raw_fp32,32,8,23,fp32,natural,thread_packet,2,64,1,1,2,none,raw,natural/thread_packet/x2/raw,4096,1024,1024,16793600,16793600,0,1024,256,10,0,1796,11.437376022338867,0.0063682494556452493,1019.6925048828125,1
2026-08-16T15:19:17Z,NVIDIA H200 NVL,full,uniform_0_1,gemv,raw_fp32,32,8,23,fp32,natural,thread_packet,2,64,1,1,2,none,raw,natural/thread_packet/x2/raw,4096,1024,1024,16793600,16793600,0,1024,256,10,1,1796,11.428064346313477,0.00636306478079815,1019.6925048828125,1
2026-08-16T15:19:17Z,NVIDIA H200 NVL,full,uniform_0_1,gemv,raw_fp32,32,8,23,fp32,natural,thread_packet,2,64,1,1,2,none,raw,natural/thread_packet/x2/raw,4096,1024,1024,16793600,16793600,0,1024,256,10,2,1796,11.428799629211426,0.0063634741810754038,1019.6925048828125,1
2026-08-16T15:19:17Z,NVIDIA H200 NVL,full,uniform_0_1,gemv,raw_fp32,32,8,23,fp32,natural,thread_packet,2,64,1,1,2,none,raw,natural/thread_packet/x2/raw,4096,1024,1024,16793600,16793600,0,1024,256,10,3,1796,11.419615745544434,0.0063583606601026917,1019.6925048828125,1
2026-08-16T15:19:17Z,NVIDIA H200 NVL,full,uniform_0_1,gemv,raw_fp32,32,8,23,fp32,natural,thread_packet,2,64,1,1,2,none,raw,natural/thread_packet/x2/raw,4096,1024,1024,16793600,16793600,0,1024,256,10,4,1796,11.420736312866211,0.0063589845840012309,1019.6925048828125,1
2026-08-16T15:19:17Z,NVIDIA H200 NVL,full,uniform_0_1,gemv,raw_fp32,32,8,23,fp32,natural,thread_packet,2,64,1,1,2,none,raw,natural/thread_packet/x2/raw,16384,1024,1024,67174400,67174400,0,1024,256,10,0,584,13.784576416015625,0.023603726739752782,4110.29638671875,1
2026-08-16T15:19:17Z,NVIDIA H200 NVL,full,uniform_0_1,gemv,raw_fp32,32,8,23,fp32,natural,thread_packet,2,64,1,1,2,none,raw,natural/thread_packet/x2/raw,16384,1024,1024,67174400,67174400,0,1024,256,10,1,584,13.782336235046387,0.023599890813435595,4110.29638671875,1
2026-08-16T15:19:17Z,NVIDIA H200 NVL,full,uniform_0_1,gemv,raw_fp32,32,8,23,fp32,natural,thread_packet,2,64,1,1,2,none,raw,natural/thread_packet/x2/raw,16384,1024,1024,67174400,67174400,0,1024,256,10,2,584,13.764960289001465,0.023570137481166892,4110.29638671875,1
2026-08-16T15:19:17Z,NVIDIA H200 NVL,full,uniform_0_1,gemv,raw_fp32,32,8,23,fp32,natural,thread_packet,2,64,1,1,2,none,raw,natural/thread_packet/x2/raw,16384,1024,1024,67174400,67174400,0,1024,256,10,3,584,13.765983581542969,0.023571889694422893,4110.29638671875,1
2026-08-16T15:19:17Z,NVIDIA H200 NVL,full,uniform_0_1,gemv,raw_fp32,32,8,23,fp32,natural,thread_packet,2,64,1,1,2,none,raw,natural/thread_packet/x2/raw,16384,1024,1024,67174400,67174400,0,1024,256,10,4,584,13.775039672851562,0.023587396700088293,4110.29638671875,1
2026-08-16T15:19:17Z,NVIDIA H200 NVL,full,uniform_0_1,gemv,raw_fp32,32,8,23,fp32,natural,thread_packet,2,64,1,1,2,none,raw,natural/thread_packet/x2/raw,65536,1024,1024,268697600,268697600,0,1024,256,10,0,183,14.753631591796875,0.080620937660092207,16361.3291015625,1
2026-08-16T15:19:17Z,NVIDIA H200 NVL,full,uniform_0_1,gemv,raw_fp32,32,8,23,fp32,natural,thread_packet,2,64,1,1,2,none,raw,natural/thread_packet/x2/raw,65536,1024,1024,268697600,268697600,0,1024,256,10,1,183,14.748288154602051,0.080591738549737987,16361.3291015625,1
2026-08-16T15:19:17Z,NVIDIA H200 NVL,full,uniform_0_1,gemv,raw_fp32,32,8,23,fp32,natural,thread_packet,2,64,1,1,2,none,raw,natural/thread_packet/x2/raw,65536,1024,1024,268697600,268697600,0,1024,256,10,2,183,14.748512268066406,0.080592963213477628,16361.3291015625,1
2026-08-16T15:19:17Z,NVIDIA H200 NVL,full,uniform_0_1,gemv,raw_fp32,32,8,23,fp32,natural,thread_packet,2,64,1,1,2,none,raw,natural/thread_packet/x2/raw,65536,1024,1024,268697600,268697600,0,1024,256,10,3,183,14.745023727416992,0.080573900149819633,16361.3291015625,1
2026-08-16T15:19:17Z,NVIDIA H200 NVL,full,uniform_0_1,gemv,raw_fp32,32,8,23,fp32,natural,thread_packet,2,64,1,1,2,none,raw,natural/thread_packet/x2/raw,65536,1024,1024,268697600,268697600,0,1024,256,10,4,183,14.755904197692871,0.080633356271545747,16361.3291015625,1
2026-08-16T15:19:17Z,NVIDIA H200 NVL,full,uniform_0_1,dot,raw_fp32,32,8,23,fp32,natural,thread_packet,4,128,1,1,4,none,raw,natural/thread_packet/x4/raw,4096,0,1,32768,32768,0,4,256,10,0,2112,10.491840362548828,0.0049677274443886499,1019.6925048828125,1
2026-08-16T15:19:17Z,NVIDIA H200 NVL,full,uniform_0_1,dot,raw_fp32,32,8,23,fp32,natural,thread_packet,4,128,1,1,4,none,raw,natural/thread_packet/x4/raw,4096,0,1,32768,32768,0,4,256,10,1,2112,10.526111602783203,0.0049839543573784104,1019.6925048828125,1
2026-08-16T15:19:17Z,NVIDIA H200 NVL,full,uniform_0_1,dot,raw_fp32,32,8,23,fp32,natural,thread_packet,4,128,1,1,4,none,raw,natural/thread_packet/x4/raw,4096,0,1,32768,32768,0,4,256,10,2,2112,10.527071952819824,0.0049844090685699921,1019.6925048828125,1
2026-08-16T15:19:17Z,NVIDIA H200 NVL,full,uniform_0_1,dot,raw_fp32,32,8,23,fp32,natural,thread_packet,4,128,1,1,4,none,raw,natural/thread_packet/x4/raw,4096,0,1,32768,32768,0,4,256,10,3,2112,10.52569580078125,0.0049837574814305162,1019.6925048828125,1
2026-08-16T15:19:17Z,NVIDIA H200 NVL,full,uniform_0_1,dot,raw_fp32,32,8,23,fp32,natural,thread_packet,4,128,1,1,4,none,raw,natural/thread_packet/x4/raw,4096,0,1,32768,32768,0,4,256,10,4,2112,10.507519721984863,0.0049751513835155602,1019.6925048828125,1
2026-08-16T15:19:17Z,NVIDIA H200 NVL,full,uniform_0_1,dot,raw_fp32,32,8,23,fp32,natural,thread_packet,4,128,1,1,4,none,raw,natural/thread_packet/x4/raw,65536,0,1,524288,524288,0,64,256,10,0,2093,10.908448219299316,0.0052118720589103282,16361.330078125,1
2026-08-16T15:19:17Z,NVIDIA H200 NVL,full,uniform_0_1,dot,raw_fp32,32,8,23,fp32,natural,thread_packet,4,128,1,1,4,none,raw,natural/thread_packet/x4/raw,65536,0,1,524288,524288,0,64,256,10,1,2093,10.911295890808105,0.0052132326281930748,16361.330078125,1
2026-08-16T15:19:17Z,NVIDIA H200 NVL,full,uniform_0_1,dot,raw_fp32,32,8,23,fp32,natural,thread_packet,4,128,1,1,4,none,raw,natural/thread_packet/x4/raw,65536,0,1,524288,524288,0,64,256,10,2,2093,10.912447929382324,0.0052137830527388077,16361.330078125,1
2026-08-16T15:19:17Z,NVIDIA H200 NVL,full,uniform_0_1,dot,raw_fp32,32,8,23,fp32,natural,thread_packet,4,128,1,1,4,none,raw,natural/thread_packet/x4/raw,65536,0,1,524288,524288,0,64,256,10,3,2093,10.903840065002441,0.0052096703607273972,16361.330078125,1
2026-08-16T15:19:17Z,NVIDIA H200 NVL,full,uniform_0_1,dot,raw_fp32,32,8,23,fp32,natural,thread_packet,4,128,1,1,4,none,raw,natural/thread_packet/x4/raw,65536,0,1,524288,524288,0,64,256,10,4,2093,10.881343841552734,0.00519892204565348,16361.330078125,1
2026-08-16T15:19:17Z,NVIDIA H200 NVL,full,uniform_0_1,dot,raw_fp32,32,8,23,fp32,natural,thread_packet,4,128,1,1,4,none,raw,natural/thread_packet/x4/raw,1048576,0,1,8388608,8388608,0,512,256,10,0,1699,11.655263900756836,0.006860072925695607,261997.40625,1
2026-08-16T15:19:17Z,NVIDIA H200 NVL,full,uniform_0_1,dot,raw_fp32,32,8,23,fp32,natural,thread_packet,4,128,1,1,4,none,raw,natural/thread_packet/x4/raw,1048576,0,1,8388608,8388608,0,512,256,10,1,1699,11.665439605712891,0.00686606215757086,261997.40625,1
2026-08-16T15:19:17Z,NVIDIA H200 NVL,full,uniform_0_1,dot,raw_fp32,32,8,23,fp32,natural,thread_packet,4,128,1,1,4,none,raw,natural/thread_packet/x4/raw,1048576,0,1,8388608,8388608,0,512,256,10,2,1699,11.676575660705566,0.006872616633728997,261997.40625,1
2026-08-16T15:19:17Z,NVIDIA H200 NVL,full,uniform_0_1,dot,raw_fp32,32,8,23,fp32,natural,thread_packet,4,128,1,1,4,none,raw,natural/thread_packet/x4/raw,1048576,0,1,8388608,8388608,0,512,256,10,3,1699,11.672672271728516,0.0068703191711174316,261997.40625,1
2026-08-16T15:19:17Z,NVIDIA H200 NVL,full,uniform_0_1,dot,raw_fp32,32,8,23,fp32,natural,thread_packet,4,128,1,1,4,none,raw,natural/thread_packet/x4/raw,1048576,0,1,8388608,8388608,0,512,256,10,4,1699,11.673151969909668,0.0068706015126013351,261997.40625,1
2026-08-16T15:19:17Z,NVIDIA H200 NVL,full,uniform_0_1,dot,raw_fp32,32,8,23,fp32,natural,thread_packet,4,128,1,1,4,none,raw,natural/thread_packet/x4/raw,16777216,0,1,134217728,134217728,0,512,256,10,0,387,14.976479530334473,0.038698913515076157,4194144.75,1
2026-08-16T15:19:17Z,NVIDIA H200 NVL,full,uniform_0_1,dot,raw_fp32,32,8,23,fp32,natural,thread_packet,4,128,1,1,4,none,raw,natural/thread_packet/x4/raw,16777216,0,1,134217728,134217728,0,512,256,10,1,387,14.951935768127441,0.038635492940897784,4194144.75,1
2026-08-16T15:19:17Z,NVIDIA H200 NVL,full,uniform_0_1,dot,raw_fp32,32,8,23,fp32,natural,thread_packet,4,128,1,1,4,none,raw,natural/thread_packet/x4/raw,16777216,0,1,134217728,134217728,0,512,256,10,2,387,14.977760314941406,0.038702223036024302,4194144.75,1
2026-08-16T15:19:17Z,NVIDIA H200 NVL,full,uniform_0_1,dot,raw_fp32,32,8,23,fp32,natural,thread_packet,4,128,1,1,4,none,raw,natural/thread_packet/x4/raw,16777216,0,1,134217728,134217728,0,512,256,10,3,387,14.963808059692383,0.03866617069687954,4194144.75,1
2026-08-16T15:19:17Z,NVIDIA H200 NVL,full,uniform_0_1,dot,raw_fp32,32,8,23,fp32,natural,thread_packet,4,128,1,1,4,none,raw,natural/thread_packet/x4/raw,16777216,0,1,134217728,134217728,0,512,256,10,4,387,14.962719917297363,0.038663358959424708,4194144.75,1
2026-08-16T15:19:17Z,NVIDIA H200 NVL,full,uniform_0_1,dot,raw_fp32,32,8,23,fp32,natural,thread_packet,4,128,1,1,4,none,raw,natural/thread_packet/x4/raw,134217728,0,1,1073741824,1073741824,0,512,256,10,0,59,14.92188835144043,0.25291336188882085,33555792,1
2026-08-16T15:19:17Z,NVIDIA H200 NVL,full,uniform_0_1,dot,raw_fp32,32,8,23,fp32,natural,thread_packet,4,128,1,1,4,none,raw,natural/thread_packet/x4/raw,134217728,0,1,1073741824,1073741824,0,512,256,10,1,59,14.913151741027832,0.25276528374623441,33555792,1
2026-08-16T15:19:17Z,NVIDIA H200 NVL,full,uniform_0_1,dot,raw_fp32,32,8,23,fp32,natural,thread_packet,4,128,1,1,4,none,raw,natural/thread_packet/x4/raw,134217728,0,1,1073741824,1073741824,0,512,256,10,2,59,14.911935806274414,0.25274467468261719,33555792,1
2026-08-16T15:19:17Z,NVIDIA H200 NVL,full,uniform_0_1,dot,raw_fp32,32,8,23,fp32,natural,thread_packet,4,128,1,1,4,none,raw,natural/thread_packet/x4/raw,134217728,0,1,1073741824,1073741824,0,512,256,10,3,59,14.912704467773438,0.25275770284361759,33555792,1
2026-08-16T15:19:17Z,NVIDIA H200 NVL,full,uniform_0_1,dot,raw_fp32,32,8,23,fp32,natural,thread_packet,4,128,1,1,4,none,raw,natural/thread_packet/x4/raw,134217728,0,1,1073741824,1073741824,0,512,256,10,4,59,14.909600257873535,0.25270508911650058,33555792,1
2026-08-16T15:19:17Z,NVIDIA H200 NVL,full,uniform_0_1,gemv,raw_fp32,32,8,23,fp32,natural,thread_packet,4,128,1,1,4,none,raw,natural/thread_packet/x4/raw,256,1024,1024,1049600,1049600,0,1024,256,10,0,2534,9.7664003372192383,0.0038541437794866766,62.262413024902344,1
2026-08-16T15:19:17Z,NVIDIA H200 NVL,full,uniform_0_1,gemv,raw_fp32,32,8,23,fp32,natural,thread_packet,4,128,1,1,4,none,raw,natural/thread_packet/x4/raw,256,1024,1024,1049600,1049600,0,1024,256,10,1,2534,9.7814083099365234,0.003860066420653719,62.262413024902344,1
2026-08-16T15:19:17Z,NVIDIA H200 NVL,full,uniform_0_1,gemv,raw_fp32,32,8,23,fp32,natural,thread_packet,4,128,1,1,4,none,raw,natural/thread_packet/x4/raw,256,1024,1024,1049600,1049600,0,1024,256,10,2,2534,9.7776317596435547,0.0038585760693147413,62.262413024902344,1
2026-08-16T15:19:17Z,NVIDIA H200 NVL,full,uniform_0_1,gemv,raw_fp32,32,8,23,fp32,natural,thread_packet,4,128,1,1,4,none,raw,natural/thread_packet/x4/raw,256,1024,1024,1049600,1049600,0,1024,256,10,3,2534,9.7792959213256836,0.0038592328024173971,62.262413024902344,1
2026-08-16T15:19:17Z,NVIDIA H200 NVL,full,uniform_0_1,gemv,raw_fp32,32,8,23,fp32,natural,thread_packet,4,128,1,1,4,none,raw,natural/thread_packet/x4/raw,256,1024,1024,1049600,1049600,0,1024,256,10,4,2534,9.7832317352294922,0.0038607860044315282,62.262413024902344,1
2026-08-16T15:19:17Z,NVIDIA H200 NVL,full,uniform_0_1,gemv,raw_fp32,32,8,23,fp32,natural,thread_packet,4,128,1,1,4,none,raw,natural/thread_packet/x4/raw,1024,1024,1024,4198400,4198400,0,1024,256,10,0,2222,10.599488258361816,0.0047702467409369113,248.53378295898438,1
2026-08-16T15:19:17Z,NVIDIA H200 NVL,full,uniform_0_1,gemv,raw_fp32,32,8,23,fp32,natural,thread_packet,4,128,1,1,4,none,raw,natural/thread_packet/x4/raw,1024,1024,1024,4198400,4198400,0,1024,256,10,1,2222,10.607680320739746,0.0047739335376866541,248.53378295898438,1
2026-08-16T15:19:17Z,NVIDIA H200 NVL,full,uniform_0_1,gemv,raw_fp32,32,8,23,fp32,natural,thread_packet,4,128,1,1,4,none,raw,natural/thread_packet/x4/raw,1024,1024,1024,4198400,4198400,0,1024,256,10,2,2222,10.595423698425293,0.0047684175060419857,248.53378295898438,1
2026-08-16T15:19:17Z,NVIDIA H200 NVL,full,uniform_0_1,gemv,raw_fp32,32,8,23,fp32,natural,thread_packet,4,128,1,1,4,none,raw,natural/thread_packet/x4/raw,1024,1024,1024,4198400,4198400,0,1024,256,10,3,2222,10.601792335510254,0.004771283679347549,248.53378295898438,1
2026-08-16T15:19:17Z,NVIDIA H200 NVL,full,uniform_0_1,gemv,raw_fp32,32,8,23,fp32,natural,thread_packet,4,128,1,1,4,none,raw,natural/thread_packet/x4/raw,1024,1024,1024,4198400,4198400,0,1024,256,10,4,2222,10.601375579833984,0.0047710961205373464,248.53378295898438,1
2026-08-16T15:19:17Z,NVIDIA H200 NVL,full,uniform_0_1,gemv,raw_fp32,32,8,23,fp32,natural,thread_packet,4,128,1,1,4,none,raw,natural/thread_packet/x4/raw,4096,1024,1024,16793600,16793600,0,1024,256,10,0,1461,12.021504402160645,0.0082282713224918862,1019.6925048828125,1
2026-08-16T15:19:17Z,NVIDIA H200 NVL,full,uniform_0_1,gemv,raw_fp32,32,8,23,fp32,natural,thread_packet,4,128,1,1,4,none,raw,natural/thread_packet/x4/raw,4096,1024,1024,16793600,16793600,0,1024,256,10,1,1461,12.019807815551758,0.0082271100722462413,1019.6925048828125,1
2026-08-16T15:19:17Z,NVIDIA H200 NVL,full,uniform_0_1,gemv,raw_fp32,32,8,23,fp32,natural,thread_packet,4,128,1,1,4,none,raw,natural/thread_packet/x4/raw,4096,1024,1024,16793600,16793600,0,1024,256,10,2,1461,12.02086353302002,0.0082278326714716084,1019.6925048828125,1
2026-08-16T15:19:17Z,NVIDIA H200 NVL,full,uniform_0_1,gemv,raw_fp32,32,8,23,fp32,natural,thread_packet,4,128,1,1,4,none,raw,natural/thread_packet/x4/raw,4096,1024,1024,16793600,16793600,0,1024,256,10,3,1461,12.021856307983398,0.0082285121889003419,1019.6925048828125,1
2026-08-16T15:19:17Z,NVIDIA H200 NVL,full,uniform_0_1,gemv,raw_fp32,32,8,23,fp32,natural,thread_packet,4,128,1,1,4,none,raw,natural/thread_packet/x4/raw,4096,1024,1024,16793600,16793600,0,1024,256,10,4,1461,12.018655776977539,0.0082263215448169329,1019.6925048828125,1
2026-08-16T15:19:17Z,NVIDIA H200 NVL,full,uniform_0_1,gemv,raw_fp32,32,8,23,fp32,natural,thread_packet,4,128,1,1,4,none,raw,natural/thread_packet/x4/raw,16384,1024,1024,67174400,67174400,0,1024,256,10,0,615,14.360128402709961,0.023349802280829206,4110.29638671875,1
2026-08-16T15:19:17Z,NVIDIA H200 NVL,full,uniform_0_1,gemv,raw_fp32,32,8,23,fp32,natural,thread_packet,4,128,1,1,4,none,raw,natural/thread_packet/x4/raw,16384,1024,1024,67174400,67174400,0,1024,256,10,1,615,14.362815856933594,0.023354172125095274,4110.29638671875,1
2026-08-16T15:19:17Z,NVIDIA H200 NVL,full,uniform_0_1,gemv,raw_fp32,32,8,23,fp32,natural,thread_packet,4,128,1,1,4,none,raw,natural/thread_packet/x4/raw,16384,1024,1024,67174400,67174400,0,1024,256,10,2,615,14.357855796813965,0.023346106986689374,4110.29638671875,1
2026-08-16T15:19:17Z,NVIDIA H200 NVL,full,uniform_0_1,gemv,raw_fp32,32,8,23,fp32,natural,thread_packet,4,128,1,1,4,none,raw,natural/thread_packet/x4/raw,16384,1024,1024,67174400,67174400,0,1024,256,10,3,615,14.35859203338623,0.023347304119327204,4110.29638671875,1
2026-08-16T15:19:17Z,NVIDIA H200 NVL,full,uniform_0_1,gemv,raw_fp32,32,8,23,fp32,natural,thread_packet,4,128,1,1,4,none,raw,natural/thread_packet/x4/raw,16384,1024,1024,67174400,67174400,0,1024,256,10,4,615,14.35747241973877,0.023345483609331332,4110.29638671875,1
2026-08-16T15:19:17Z,NVIDIA H200 NVL,full,uniform_0_1,gemv,raw_fp32,32,8,23,fp32,natural,thread_packet,4,128,1,1,4,none,raw,natural/thread_packet/x4/raw,65536,1024,1024,268697600,268697600,0,1024,256,10,0,186,14.78758430480957,0.079503141423707374,16361.3291015625,1
2026-08-16T15:19:17Z,NVIDIA H200 NVL,full,uniform_0_1,gemv,raw_fp32,32,8,23,fp32,natural,thread_packet,4,128,1,1,4,none,raw,natural/thread_packet/x4/raw,65536,1024,1024,268697600,268697600,0,1024,256,10,1,186,14.793600082397461,0.079535484313964844,16361.3291015625,1
2026-08-16T15:19:17Z,NVIDIA H200 NVL,full,uniform_0_1,gemv,raw_fp32,32,8,23,fp32,natural,thread_packet,4,128,1,1,4,none,raw,natural/thread_packet/x4/raw,65536,1024,1024,268697600,268697600,0,1024,256,10,2,186,14.772128105163574,0.07942004357614825,16361.3291015625,1
2026-08-16T15:19:17Z,NVIDIA H200 NVL,full,uniform_0_1,gemv,raw_fp32,32,8,23,fp32,natural,thread_packet,4,128,1,1,4,none,raw,natural/thread_packet/x4/raw,65536,1024,1024,268697600,268697600,0,1024,256,10,3,186,14.751839637756348,0.079310965794388968,16361.3291015625,1
2026-08-16T15:19:17Z,NVIDIA H200 NVL,full,uniform_0_1,gemv,raw_fp32,32,8,23,fp32,natural,thread_packet,4,128,1,1,4,none,raw,natural/thread_packet/x4/raw,65536,1024,1024,268697600,268697600,0,1024,256,10,4,186,14.752384185791016,0.079313893471994704,16361.3291015625,1
2026-08-16T15:19:17Z,NVIDIA H200 NVL,full,uniform_0_1,dot,raw_fp32,32,8,23,fp32,natural,thread_packet,8,128,1,1,8,none,raw,natural/thread_packet/x8/raw,4096,0,1,32768,32768,0,2,256,10,0,1995,10.779104232788086,0.0054030597658085641,1019.6924438476562,1
2026-08-16T15:19:17Z,NVIDIA H200 NVL,full,uniform_0_1,dot,raw_fp32,32,8,23,fp32,natural,thread_packet,8,128,1,1,8,none,raw,natural/thread_packet/x8/raw,4096,0,1,32768,32768,0,2,256,10,1,1995,10.772640228271484,0.0053998196632939772,1019.6924438476562,1
2026-08-16T15:19:17Z,NVIDIA H200 NVL,full,uniform_0_1,dot,raw_fp32,32,8,23,fp32,natural,thread_packet,8,128,1,1,8,none,raw,natural/thread_packet/x8/raw,4096,0,1,32768,32768,0,2,256,10,2,1995,10.789440155029297,0.0054082406792126799,1019.6924438476562,1
2026-08-16T15:19:17Z,NVIDIA H200 NVL,full,uniform_0_1,dot,raw_fp32,32,8,23,fp32,natural,thread_packet,8,128,1,1,8,none,raw,natural/thread_packet/x8/raw,4096,0,1,32768,32768,0,2,256,10,3,1995,10.750783920288086,0.0053888641204451557,1019.6924438476562,1
2026-08-16T15:19:17Z,NVIDIA H200 NVL,full,uniform_0_1,dot,raw_fp32,32,8,23,fp32,natural,thread_packet,8,128,1,1,8,none,raw,natural/thread_packet/x8/raw,4096,0,1,32768,32768,0,2,256,10,4,1995,10.748607635498047,0.0053877732508762141,1019.6924438476562,1
2026-08-16T15:19:17Z,NVIDIA H200 NVL,full,uniform_0_1,dot,raw_fp32,32,8,23,fp32,natural,thread_packet,8,128,1,1,8,none,raw,natural/thread_packet/x8/raw,65536,0,1,524288,524288,0,32,256,10,0,1914,10.471487998962402,0.0054709968646616518,16361.3291015625,1
2026-08-16T15:19:17Z,NVIDIA H200 NVL,full,uniform_0_1,dot,raw_fp32,32,8,23,fp32,natural,thread_packet,8,128,1,1,8,none,raw,natural/thread_packet/x8/raw,65536,0,1,524288,524288,0,32,256,10,1,1914,10.529536247253418,0.0055013251030582118,16361.3291015625,1
2026-08-16T15:19:17Z,NVIDIA H200 NVL,full,uniform_0_1,dot,raw_fp32,32,8,23,fp32,natural,thread_packet,8,128,1,1,8,none,raw,natural/thread_packet/x8/raw,65536,0,1,524288,524288,0,32,256,10,2,1914,10.532575607299805,0.005502913065464893,16361.3291015625,1
2026-08-16T15:19:17Z,NVIDIA H200 NVL,full,uniform_0_1,dot,raw_fp32,32,8,23,fp32,natural,thread_packet,8,128,1,1,8,none,raw,natural/thread_packet/x8/raw,65536,0,1,524288,524288,0,32,256,10,3,1914,10.536447525024414,0.0055049360109845425,16361.3291015625,1
2026-08-16T15:19:17Z,NVIDIA H200 NVL,full,uniform_0_1,dot,raw_fp32,32,8,23,fp32,natural,thread_packet,8,128,1,1,8,none,raw,natural/thread_packet/x8/raw,65536,0,1,524288,524288,0,32,256,10,4,1914,10.536959648132324,0.005505203577916575,16361.3291015625,1
2026-08-16T15:19:17Z,NVIDIA H200 NVL,full,uniform_0_1,dot,raw_fp32,32,8,23,fp32,natural,thread_packet,8,128,1,1,8,none,raw,natural/thread_packet/x8/raw,1048576,0,1,8388608,8388608,0,512,256,10,0,1465,11.92131233215332,0.0081374145611968051,261997.421875,1
2026-08-16T15:19:17Z,NVIDIA H200 NVL,full,uniform_0_1,dot,raw_fp32,32,8,23,fp32,natural,thread_packet,8,128,1,1,8,none,raw,natural/thread_packet/x8/raw,1048576,0,1,8388608,8388608,0,512,256,10,1,1465,11.917568206787109,0.0081348588442232833,261997.421875,1
2026-08-16T15:19:17Z,NVIDIA H200 NVL,full,uniform_0_1,dot,raw_fp32,32,8,23,fp32,natural,thread_packet,8,128,1,1,8,none,raw,natural/thread_packet/x8/raw,1048576,0,1,8388608,8388608,0,512,256,10,2,1465,11.919455528259277,0.0081361471182657182,261997.421875,1
2026-08-16T15:19:17Z,NVIDIA H200 NVL,full,uniform_0_1,dot,raw_fp32,32,8,23,fp32,natural,thread_packet,8,128,1,1,8,none,raw,natural/thread_packet/x8/raw,1048576,0,1,8388608,8388608,0,512,256,10,3,1465,11.916959762573242,0.0081344435239407795,261997.421875,1
2026-08-16T15:19:17Z,NVIDIA H200 NVL,full,uniform_0_1,dot,raw_fp32,32,8,23,fp32,natural,thread_packet,8,128,1,1,8,none,raw,natural/thread_packet/x8/raw,1048576,0,1,8388608,8388608,0,512,256,10,4,1465,11.918335914611816,0.0081353828768681337,261997.421875,1
2026-08-16T15:19:17Z,NVIDIA H200 NVL,full,uniform_0_1,dot,raw_fp32,32,8,23,fp32,natural,thread_packet,8,128,1,1,8,none,raw,natural/thread_packet/x8/raw,16777216,0,1,134217728,134217728,0,512,256,10,0,313,14.783904075622559,0.047232920369401146,4194144.5,1
2026-08-16T15:19:17Z,NVIDIA H200 NVL,full,uniform_0_1,dot,raw_fp32,32,8,23,fp32,natural,thread_packet,8,128,1,1,8,none,raw,natural/thread_packet/x8/raw,16777216,0,1,134217728,134217728,0,512,256,10,1,313,14.778752326965332,0.047216461108515441,4194144.5,1
2026-08-16T15:19:17Z,NVIDIA H200 NVL,full,uniform_0_1,dot,raw_fp32,32,8,23,fp32,natural,thread_packet,8,128,1,1,8,none,raw,natural/thread_packet/x8/raw,16777216,0,1,134217728,134217728,0,512,256,10,2,313,14.774656295776367,0.047203374746889355,4194144.5,1
2026-08-16T15:19:17Z,NVIDIA H200 NVL,full,uniform_0_1,dot,raw_fp32,32,8,23,fp32,natural,thread_packet,8,128,1,1,8,none,raw,natural/thread_packet/x8/raw,16777216,0,1,134217728,134217728,0,512,256,10,3,313,14.775232315063477,0.047205215064100567,4194144.5,1
2026-08-16T15:19:17Z,NVIDIA H200 NVL,full,uniform_0_1,dot,raw_fp32,32,8,23,fp32,natural,thread_packet,8,128,1,1,8,none,raw,natural/thread_packet/x8/raw,16777216,0,1,134217728,134217728,0,512,256,10,4,313,14.764639854431152,0.047171373336840745,4194144.5,1
2026-08-16T15:19:17Z,NVIDIA H200 NVL,full,uniform_0_1,dot,raw_fp32,32,8,23,fp32,natural,thread_packet,8,128,1,1,8,none,raw,natural/thread_packet/x8/raw,134217728,0,1,1073741824,1073741824,0,512,256,10,0,47,15.01097583770752,0.31938246463207487,33555792,1
2026-08-16T15:19:17Z,NVIDIA H200 NVL,full,uniform_0_1,dot,raw_fp32,32,8,23,fp32,natural,thread_packet,8,128,1,1,8,none,raw,natural/thread_packet/x8/raw,134217728,0,1,1073741824,1073741824,0,512,256,10,1,47,15.017312049865723,0.3195172776567175,33555792,1
2026-08-16T15:19:17Z,NVIDIA H200 NVL,full,uniform_0_1,dot,raw_fp32,32,8,23,fp32,natural,thread_packet,8,128,1,1,8,none,raw,natural/thread_packet/x8/raw,134217728,0,1,1073741824,1073741824,0,512,256,10,2,47,15.011296272277832,0.31938928238889003,33555792,1
2026-08-16T15:19:17Z,NVIDIA H200 NVL,full,uniform_0_1,dot,raw_fp32,32,8,23,fp32,natural,thread_packet,8,128,1,1,8,none,raw,natural/thread_packet/x8/raw,134217728,0,1,1073741824,1073741824,0,512,256,10,3,47,15.032928466796875,0.31984954184674202,33555792,1
2026-08-16T15:19:17Z,NVIDIA H200 NVL,full,uniform_0_1,dot,raw_fp32,32,8,23,fp32,natural,thread_packet,8,128,1,1,8,none,raw,natural/thread_packet/x8/raw,134217728,0,1,1073741824,1073741824,0,512,256,10,4,47,15.026816368103027,0.31971949719368142,33555792,1
2026-08-16T15:19:17Z,NVIDIA H200 NVL,full,uniform_0_1,gemv,raw_fp32,32,8,23,fp32,natural,thread_packet,8,128,1,1,8,none,raw,natural/thread_packet/x8/raw,256,1024,1024,1049600,1049600,0,1024,256,10,0,2442,9.999903678894043,0.0040949646514717624,62.262416839599609,1
2026-08-16T15:19:17Z,NVIDIA H200 NVL,full,uniform_0_1,gemv,raw_fp32,32,8,23,fp32,natural,thread_packet,8,128,1,1,8,none,raw,natural/thread_packet/x8/raw,256,1024,1024,1049600,1049600,0,1024,256,10,1,2442,10.009344100952148,0.0040988305081704132,62.262416839599609,1
2026-08-16T15:19:17Z,NVIDIA H200 NVL,full,uniform_0_1,gemv,raw_fp32,32,8,23,fp32,natural,thread_packet,8,128,1,1,8,none,raw,natural/thread_packet/x8/raw,256,1024,1024,1049600,1049600,0,1024,256,10,2,2442,10.009407997131348,0.0040988566736819606,62.262416839599609,1
2026-08-16T15:19:17Z,NVIDIA H200 NVL,full,uniform_0_1,gemv,raw_fp32,32,8,23,fp32,natural,thread_packet,8,128,1,1,8,none,raw,natural/thread_packet/x8/raw,256,1024,1024,1049600,1049600,0,1024,256,10,3,2442,10.011167526245117,0.0040995772015745774,62.262416839599609,1
2026-08-16T15:19:17Z,NVIDIA H200 NVL,full,uniform_0_1,gemv,raw_fp32,32,8,23,fp32,natural,thread_packet,8,128,1,1,8,none,raw,natural/thread_packet/x8/raw,256,1024,1024,1049600,1049600,0,1024,256,10,4,2442,10.013248443603516,0.0041004293380849776,62.262416839599609,1
2026-08-16T15:19:17Z,NVIDIA H200 NVL,full,uniform_0_1,gemv,raw_fp32,32,8,23,fp32,natural,thread_packet,8,128,1,1,8,none,raw,natural/thread_packet/x8/raw,1024,1024,1024,4198400,4198400,0,1024,256,10,0,1839,11.104288101196289,0.006038220827186672,248.53375244140625,1
2026-08-16T15:19:17Z,NVIDIA H200 NVL,full,uniform_0_1,gemv,raw_fp32,32,8,23,fp32,natural,thread_packet,8,128,1,1,8,none,raw,natural/thread_packet/x8/raw,1024,1024,1024,4198400,4198400,0,1024,256,10,1,1839,11.107583999633789,0.0060400130503718268,248.53375244140625,1
2026-08-16T15:19:17Z,NVIDIA H200 NVL,full,uniform_0_1,gemv,raw_fp32,32,8,23,fp32,natural,thread_packet,8,128,1,1,8,none,raw,natural/thread_packet/x8/raw,1024,1024,1024,4198400,4198400,0,1024,256,10,2,1839,11.106847763061523,0.0060396127042205133,248.53375244140625,1
2026-08-16T15:19:17Z,NVIDIA H200 NVL,full,uniform_0_1,gemv,raw_fp32,32,8,23,fp32,natural,thread_packet,8,128,1,1,8,none,raw,natural/thread_packet/x8/raw,1024,1024,1024,4198400,4198400,0,1024,256,10,3,1839,11.105952262878418,0.0060391257546919073,248.53375244140625,1
2026-08-16T15:19:17Z,NVIDIA H200 NVL,full,uniform_0_1,gemv,raw_fp32,32,8,23,fp32,natural,thread_packet,8,128,1,1,8,none,raw,natural/thread_packet/x8/raw,1024,1024,1024,4198400,4198400,0,1024,256,10,4,1839,11.106975555419922,0.0060396821943555857,248.53375244140625,1
2026-08-16T15:19:17Z,NVIDIA H200 NVL,full,uniform_0_1,gemv,raw_fp32,32,8,23,fp32,natural,thread_packet,8,128,1,1,8,none,raw,natural/thread_packet/x8/raw,4096,1024,1024,16793600,16793600,0,1024,256,10,0,985,13.062496185302734,0.013261417447007852,1019.6925048828125,1
2026-08-16T15:19:17Z,NVIDIA H200 NVL,full,uniform_0_1,gemv,raw_fp32,32,8,23,fp32,natural,thread_packet,8,128,1,1,8,none,raw,natural/thread_packet/x8/raw,4096,1024,1024,16793600,16793600,0,1024,256,10,1,985,13.06390380859375,0.013262846506186548,1019.6925048828125,1
2026-08-16T15:19:17Z,NVIDIA H200 NVL,full,uniform_0_1,gemv,raw_fp32,32,8,23,fp32,natural,thread_packet,8,128,1,1,8,none,raw,natural/thread_packet/x8/raw,4096,1024,1024,16793600,16793600,0,1024,256,10,2,985,13.065600395202637,0.013264568929139733,1019.6925048828125,1
2026-08-16T15:19:17Z,NVIDIA H200 NVL,full,uniform_0_1,gemv,raw_fp32,32,8,23,fp32,natural,thread_packet,8,128,1,1,8,none,raw,natural/thread_packet/x8/raw,4096,1024,1024,16793600,16793600,0,1024,256,10,3,985,13.064127922058105,0.0132630740325463,1019.6925048828125,1
2026-08-16T15:19:17Z,NVIDIA H200 NVL,full,uniform_0_1,gemv,raw_fp32,32,8,23,fp32,natural,thread_packet,8,128,1,1,8,none,raw,natural/thread_packet/x8/raw,4096,1024,1024,16793600,16793600,0,1024,256,10,4,985,13.066080093383789,0.013265055932369329,1019.6925048828125,1
2026-08-16T15:19:17Z,NVIDIA H200 NVL,full,uniform_0_1,gemv,raw_fp32,32,8,23,fp32,natural,thread_packet,8,128,1,1,8,none,raw,natural/thread_packet/x8/raw,16384,1024,1024,67174400,67174400,0,1024,256,10,0,337,14.521920204162598,0.043091751347663493,4110.29638671875,1
2026-08-16T15:19:17Z,NVIDIA H200 NVL,full,uniform_0_1,gemv,raw_fp32,32,8,23,fp32,natural,thread_packet,8,128,1,1,8,none,raw,natural/thread_packet/x8/raw,16384,1024,1024,67174400,67174400,0,1024,256,10,1,337,14.529952049255371,0.04311558471589131,4110.29638671875,1
2026-08-16T15:19:17Z,NVIDIA H200 NVL,full,uniform_0_1,gemv,raw_fp32,32,8,23,fp32,natural,thread_packet,8,128,1,1,8,none,raw,natural/thread_packet/x8/raw,16384,1024,1024,67174400,67174400,0,1024,256,10,2,337,14.523263931274414,0.043095738668470072,4110.29638671875,1
2026-08-16T15:19:17Z,NVIDIA H200 NVL,full,uniform_0_1,gemv,raw_fp32,32,8,23,fp32,natural,thread_packet,8,128,1,1,8,none,raw,natural/thread_packet/x8/raw,16384,1024,1024,67174400,67174400,0,1024,256,10,3,337,14.52239990234375,0.043093174784402818,4110.29638671875,1
2026-08-16T15:19:17Z,NVIDIA H200 NVL,full,uniform_0_1,gemv,raw_fp32,32,8,23,fp32,natural,thread_packet,8,128,1,1,8,none,raw,natural/thread_packet/x8/raw,16384,1024,1024,67174400,67174400,0,1024,256,10,4,337,14.527744293212891,0.043109033511017476,4110.29638671875,1
2026-08-16T15:19:17Z,NVIDIA H200 NVL,full,uniform_0_1,gemv,raw_fp32,32,8,23,fp32,natural,thread_packet,8,128,1,1,8,none,raw,natural/thread_packet/x8/raw,65536,1024,1024,268697600,268697600,0,1024,256,10,0,95,14.96720027923584,0.15754947662353516,16361.3291015625,1
2026-08-16T15:19:17Z,NVIDIA H200 NVL,full,uniform_0_1,gemv,raw_fp32,32,8,23,fp32,natural,thread_packet,8,128,1,1,8,none,raw,natural/thread_packet/x8/raw,65536,1024,1024,268697600,268697600,0,1024,256,10,1,95,14.959456443786621,0.15746796256617496,16361.3291015625,1
2026-08-16T15:19:17Z,NVIDIA H200 NVL,full,uniform_0_1,gemv,raw_fp32,32,8,23,fp32,natural,thread_packet,8,128,1,1,8,none,raw,natural/thread_packet/x8/raw,65536,1024,1024,268697600,268697600,0,1024,256,10,2,95,14.961983680725098,0.15749456506026419,16361.3291015625,1
2026-08-16T15:19:17Z,NVIDIA H200 NVL,full,uniform_0_1,gemv,raw_fp32,32,8,23,fp32,natural,thread_packet,8,128,1,1,8,none,raw,natural/thread_packet/x8/raw,65536,1024,1024,268697600,268697600,0,1024,256,10,3,95,14.953632354736328,0.15740665636564555,16361.3291015625,1
2026-08-16T15:19:17Z,NVIDIA H200 NVL,full,uniform_0_1,gemv,raw_fp32,32,8,23,fp32,natural,thread_packet,8,128,1,1,8,none,raw,natural/thread_packet/x8/raw,65536,1024,1024,268697600,268697600,0,1024,256,10,4,95,14.961183547973633,0.15748614261024876,16361.3291015625,1
2026-08-16T15:19:17Z,NVIDIA H200 NVL,full,uniform_0_1,dot,raw_fp64,64,11,52,fp64,natural,scalar,1,64,1,1,1,none,raw,natural/scalar/x1/raw,4096,0,1,65536,65536,0,16,256,10,0,1954,9.7375040054321289,0.0049833695012446921,1019.6924867658463,1
2026-08-16T15:19:17Z,NVIDIA H200 NVL,full,uniform_0_1,dot,raw_fp64,64,11,52,fp64,natural,scalar,1,64,1,1,1,none,raw,natural/scalar/x1/raw,4096,0,1,65536,65536,0,16,256,10,1,1954,9.740544319152832,0.0049849254448069763,1019.6924867658463,1
2026-08-16T15:19:17Z,NVIDIA H200 NVL,full,uniform_0_1,dot,raw_fp64,64,11,52,fp64,natural,scalar,1,64,1,1,1,none,raw,natural/scalar/x1/raw,4096,0,1,65536,65536,0,16,256,10,2,1954,9.728480339050293,0.0049787514529428317,1019.6924867658463,1
2026-08-16T15:19:17Z,NVIDIA H200 NVL,full,uniform_0_1,dot,raw_fp64,64,11,52,fp64,natural,scalar,1,64,1,1,1,none,raw,natural/scalar/x1/raw,4096,0,1,65536,65536,0,16,256,10,3,1954,9.7238082885742188,0.0049763604342754446,1019.6924867658463,1
2026-08-16T15:19:17Z,NVIDIA H200 NVL,full,uniform_0_1,dot,raw_fp64,64,11,52,fp64,natural,scalar,1,64,1,1,1,none,raw,natural/scalar/x1/raw,4096,0,1,65536,65536,0,16,256,10,4,1954,9.7232637405395508,0.0049760817505320118,1019.6924867658463,1
2026-08-16T15:19:17Z,NVIDIA H200 NVL,full,uniform_0_1,dot,raw_fp64,64,11,52,fp64,natural,scalar,1,64,1,1,1,none,raw,natural/scalar/x1/raw,65536,0,1,1048576,1048576,0,256,256,10,0,2075,11.069503784179688,0.0053347006188817769,16361.329375903359,1
2026-08-16T15:19:17Z,NVIDIA H200 NVL,full,uniform_0_1,dot,raw_fp64,64,11,52,fp64,natural,scalar,1,64,1,1,1,none,raw,natural/scalar/x1/raw,65536,0,1,1048576,1048576,0,256,256,10,1,2075,11.072416305541992,0.0053361042436346953,16361.329375903359,1
2026-08-16T15:19:17Z,NVIDIA H200 NVL,full,uniform_0_1,dot,raw_fp64,64,11,52,fp64,natural,scalar,1,64,1,1,1,none,raw,natural/scalar/x1/raw,65536,0,1,1048576,1048576,0,256,256,10,2,2075,11.074048042297363,0.0053368906227939097,16361.329375903359,1
2026-08-16T15:19:17Z,NVIDIA H200 NVL,full,uniform_0_1,dot,raw_fp64,64,11,52,fp64,natural,scalar,1,64,1,1,1,none,raw,natural/scalar/x1/raw,65536,0,1,1048576,1048576,0,256,256,10,3,2075,11.072575569152832,0.005336180997182088,16361.329375903359,1
2026-08-16T15:19:17Z,NVIDIA H200 NVL,full,uniform_0_1,dot,raw_fp64,64,11,52,fp64,natural,scalar,1,64,1,1,1,none,raw,natural/scalar/x1/raw,65536,0,1,1048576,1048576,0,256,256,10,4,2075,11.070176124572754,0.005335024638348315,16361.329375903359,1
2026-08-16T15:19:17Z,NVIDIA H200 NVL,full,uniform_0_1,dot,raw_fp64,64,11,52,fp64,natural,scalar,1,64,1,1,1,none,raw,natural/scalar/x1/raw,1048576,0,1,16777216,16777216,0,512,256,10,0,1513,12.129471778869629,0.0080168352801517698,261997.41491179512,1
2026-08-16T15:19:17Z,NVIDIA H200 NVL,full,uniform_0_1,dot,raw_fp64,64,11,52,fp64,natural,scalar,1,64,1,1,1,none,raw,natural/scalar/x1/raw,1048576,0,1,16777216,16777216,0,512,256,10,1,1513,12.153152465820312,0.0080324867586386729,261997.41491179512,1
2026-08-16T15:19:17Z,NVIDIA H200 NVL,full,uniform_0_1,dot,raw_fp64,64,11,52,fp64,natural,scalar,1,64,1,1,1,none,raw,natural/scalar/x1/raw,1048576,0,1,16777216,16777216,0,512,256,10,2,1513,12.162783622741699,0.0080388523613626559,261997.41491179512,1
2026-08-16T15:19:17Z,NVIDIA H200 NVL,full,uniform_0_1,dot,raw_fp64,64,11,52,fp64,natural,scalar,1,64,1,1,1,none,raw,natural/scalar/x1/raw,1048576,0,1,16777216,16777216,0,512,256,10,3,1513,12.161503791809082,0.0080380064717839265,261997.41491179512,1
2026-08-16T15:19:17Z,NVIDIA H200 NVL,full,uniform_0_1,dot,raw_fp64,64,11,52,fp64,natural,scalar,1,64,1,1,1,none,raw,natural/scalar/x1/raw,1048576,0,1,16777216,16777216,0,512,256,10,4,1513,12.165087699890137,0.0080403752147324096,261997.41491179512,1
2026-08-16T15:19:17Z,NVIDIA H200 NVL,full,uniform_0_1,dot,raw_fp64,64,11,52,fp64,natural,scalar,1,64,1,1,1,none,raw,natural/scalar/x1/raw,16777216,0,1,268435456,268435456,0,512,256,10,0,180,14.946368217468262,0.083035378985934785,4194144.5995463934,1
2026-08-16T15:19:17Z,NVIDIA H200 NVL,full,uniform_0_1,dot,raw_fp64,64,11,52,fp64,natural,scalar,1,64,1,1,1,none,raw,natural/scalar/x1/raw,16777216,0,1,268435456,268435456,0,512,256,10,1,180,14.918975830078125,0.082883199055989579,4194144.5995463934,1
2026-08-16T15:19:17Z,NVIDIA H200 NVL,full,uniform_0_1,dot,raw_fp64,64,11,52,fp64,natural,scalar,1,64,1,1,1,none,raw,natural/scalar/x1/raw,16777216,0,1,268435456,268435456,0,512,256,10,2,180,14.926783561706543,0.082926575342814127,4194144.5995463934,1
2026-08-16T15:19:17Z,NVIDIA H200 NVL,full,uniform_0_1,dot,raw_fp64,64,11,52,fp64,natural,scalar,1,64,1,1,1,none,raw,natural/scalar/x1/raw,16777216,0,1,268435456,268435456,0,512,256,10,3,180,14.913536071777344,0.082852978176540804,4194144.5995463934,1
2026-08-16T15:19:17Z,NVIDIA H200 NVL,full,uniform_0_1,dot,raw_fp64,64,11,52,fp64,natural,scalar,1,64,1,1,1,none,raw,natural/scalar/x1/raw,16777216,0,1,268435456,268435456,0,512,256,10,4,180,14.918239593505859,0.082879108852810329,4194144.5995463934,1
2026-08-16T15:19:17Z,NVIDIA H200 NVL,full,uniform_0_1,dot,raw_fp64,64,11,52,fp64,natural,scalar,1,64,1,1,1,none,raw,natural/scalar/x1/raw,134217728,0,1,2147483648,2147483648,0,512,256,10,0,25,15.024543762207031,0.60098175048828129,33555791.351023234,1
2026-08-16T15:19:17Z,NVIDIA H200 NVL,full,uniform_0_1,dot,raw_fp64,64,11,52,fp64,natural,scalar,1,64,1,1,1,none,raw,natural/scalar/x1/raw,134217728,0,1,2147483648,2147483648,0,512,256,10,1,25,15.022944450378418,0.60091777801513668,33555791.351023234,1
2026-08-16T15:19:17Z,NVIDIA H200 NVL,full,uniform_0_1,dot,raw_fp64,64,11,52,fp64,natural,scalar,1,64,1,1,1,none,raw,natural/scalar/x1/raw,134217728,0,1,2147483648,2147483648,0,512,256,10,2,25,15.016544342041016,0.60066177368164064,33555791.351023234,1
2026-08-16T15:19:17Z,NVIDIA H200 NVL,full,uniform_0_1,dot,raw_fp64,64,11,52,fp64,natural,scalar,1,64,1,1,1,none,raw,natural/scalar/x1/raw,134217728,0,1,2147483648,2147483648,0,512,256,10,3,25,15.01318359375,0.60052734375000005,33555791.351023234,1
2026-08-16T15:19:17Z,NVIDIA H200 NVL,full,uniform_0_1,dot,raw_fp64,64,11,52,fp64,natural,scalar,1,64,1,1,1,none,raw,natural/scalar/x1/raw,134217728,0,1,2147483648,2147483648,0,512,256,10,4,25,15.01420783996582,0.60056831359863283,33555791.351023234,1
2026-08-16T15:19:17Z,NVIDIA H200 NVL,full,uniform_0_1,gemv,raw_fp64,64,11,52,fp64,natural,scalar,1,64,1,1,1,none,raw,natural/scalar/x1/raw,256,1024,1024,2099200,2099200,0,1024,256,10,0,2494,9.6380157470703125,0.0038644810533561796,62.262414696816933,1
2026-08-16T15:19:17Z,NVIDIA H200 NVL,full,uniform_0_1,gemv,raw_fp64,64,11,52,fp64,natural,scalar,1,64,1,1,1,none,raw,natural/scalar/x1/raw,256,1024,1024,2099200,2099200,0,1024,256,10,1,2494,9.6419839859008789,0.0038660721675625015,62.262414696816933,1
2026-08-16T15:19:17Z,NVIDIA H200 NVL,full,uniform_0_1,gemv,raw_fp64,64,11,52,fp64,natural,scalar,1,64,1,1,1,none,raw,natural/scalar/x1/raw,256,1024,1024,2099200,2099200,0,1024,256,10,2,2494,9.6462078094482422,0.0038677657616071541,62.262414696816933,1
2026-08-16T15:19:17Z,NVIDIA H200 NVL,full,uniform_0_1,gemv,raw_fp64,64,11,52,fp64,natural,scalar,1,64,1,1,1,none,raw,natural/scalar/x1/raw,256,1024,1024,2099200,2099200,0,1024,256,10,3,2494,9.646240234375,0.0038677787627806738,62.262414696816933,1
2026-08-16T15:19:17Z,NVIDIA H200 NVL,full,uniform_0_1,gemv,raw_fp64,64,11,52,fp64,natural,scalar,1,64,1,1,1,none,raw,natural/scalar/x1/raw,256,1024,1024,2099200,2099200,0,1024,256,10,4,2494,9.6468477249145508,0.0038680223435904374,62.262414696816933,1
2026-08-16T15:19:17Z,NVIDIA H200 NVL,full,uniform_0_1,gemv,raw_fp64,64,11,52,fp64,natural,scalar,1,64,1,1,1,none,raw,natural/scalar/x1/raw,1024,1024,1024,8396800,8396800,0,1024,256,10,0,2191,10.71235179901123,0.0048892523044323276,248.53376947185922,1
2026-08-16T15:19:17Z,NVIDIA H200 NVL,full,uniform_0_1,gemv,raw_fp64,64,11,52,fp64,natural,scalar,1,64,1,1,1,none,raw,natural/scalar/x1/raw,1024,1024,1024,8396800,8396800,0,1024,256,10,1,2191,10.714688301086426,0.0048903187134123347,248.53376947185922,1
2026-08-16T15:19:17Z,NVIDIA H200 NVL,full,uniform_0_1,gemv,raw_fp64,64,11,52,fp64,natural,scalar,1,64,1,1,1,none,raw,natural/scalar/x1/raw,1024,1024,1024,8396800,8396800,0,1024,256,10,2,2191,10.713536262512207,0.0048897929084948458,248.53376947185922,1
2026-08-16T15:19:17Z,NVIDIA H200 NVL,full,uniform_0_1,gemv,raw_fp64,64,11,52,fp64,natural,scalar,1,64,1,1,1,none,raw,natural/scalar/x1/raw,1024,1024,1024,8396800,8396800,0,1024,256,10,3,2191,10.715071678161621,0.0048904936915388506,248.53376947185922,1
2026-08-16T15:19:17Z,NVIDIA H200 NVL,full,uniform_0_1,gemv,raw_fp64,64,11,52,fp64,natural,scalar,1,64,1,1,1,none,raw,natural/scalar/x1/raw,1024,1024,1024,8396800,8396800,0,1024,256,10,4,2191,10.715968132019043,0.0048909028443719959,248.53376947185922,1
2026-08-16T15:19:17Z,NVIDIA H200 NVL,full,uniform_0_1,gemv,raw_fp64,64,11,52,fp64,natural,scalar,1,64,1,1,1,none,raw,natural/scalar/x1/raw,4096,1024,1024,33587200,33587200,0,1024,256,10,0,1292,12.246527671813965,0.0094787365880913046,1019.6924867658464,1
2026-08-16T15:19:17Z,NVIDIA H200 NVL,full,uniform_0_1,gemv,raw_fp64,64,11,52,fp64,natural,scalar,1,64,1,1,1,none,raw,natural/scalar/x1/raw,4096,1024,1024,33587200,33587200,0,1024,256,10,1,1292,12.245759963989258,0.0094781423869885889,1019.6924867658464,1
2026-08-16T15:19:17Z,NVIDIA H200 NVL,full,uniform_0_1,gemv,raw_fp64,64,11,52,fp64,natural,scalar,1,64,1,1,1,none,raw,natural/scalar/x1/raw,4096,1024,1024,33587200,33587200,0,1024,256,10,2,1292,12.220864295959473,0.0094588732940862792,1019.6924867658464,1
2026-08-16T15:19:17Z,NVIDIA H200 NVL,full,uniform_0_1,gemv,raw_fp64,64,11,52,fp64,natural,scalar,1,64,1,1,1,none,raw,natural/scalar/x1/raw,4096,1024,1024,33587200,33587200,0,1024,256,10,3,1292,12.220704078674316,0.0094587492868996263,1019.6924867658464,1
2026-08-16T15:19:17Z,NVIDIA H200 NVL,full,uniform_0_1,gemv,raw_fp64,64,11,52,fp64,natural,scalar,1,64,1,1,1,none,raw,natural/scalar/x1/raw,4096,1024,1024,33587200,33587200,0,1024,256,10,4,1292,12.218111991882324,0.0094567430277726974,1019.6924867658464,1
2026-08-16T15:19:17Z,NVIDIA H200 NVL,full,uniform_0_1,gemv,raw_fp64,64,11,52,fp64,natural,scalar,1,64,1,1,1,none,raw,natural/scalar/x1/raw,16384,1024,1024,134348800,134348800,0,1024,256,10,0,333,14.482111930847168,0.043489825618159665,4110.2963092903155,1
2026-08-16T15:19:17Z,NVIDIA H200 NVL,full,uniform_0_1,gemv,raw_fp64,64,11,52,fp64,natural,scalar,1,64,1,1,1,none,raw,natural/scalar/x1/raw,16384,1024,1024,134348800,134348800,0,1024,256,10,1,333,14.479743957519531,0.04348271458714574,4110.2963092903155,1
2026-08-16T15:19:17Z,NVIDIA H200 NVL,full,uniform_0_1,gemv,raw_fp64,64,11,52,fp64,natural,scalar,1,64,1,1,1,none,raw,natural/scalar/x1/raw,16384,1024,1024,134348800,134348800,0,1024,256,10,2,333,14.477439880371094,0.043475795436549829,4110.2963092903155,1
2026-08-16T15:19:17Z,NVIDIA H200 NVL,full,uniform_0_1,gemv,raw_fp64,64,11,52,fp64,natural,scalar,1,64,1,1,1,none,raw,natural/scalar/x1/raw,16384,1024,1024,134348800,134348800,0,1024,256,10,3,333,14.482272148132324,0.043490306751148122,4110.2963092903155,1
2026-08-16T15:19:17Z,NVIDIA H200 NVL,full,uniform_0_1,gemv,raw_fp64,64,11,52,fp64,natural,scalar,1,64,1,1,1,none,raw,natural/scalar/x1/raw,16384,1024,1024,134348800,134348800,0,1024,256,10,4,333,14.475263595581055,0.043469260046789956,4110.2963092903155,1
2026-08-16T15:19:17Z,NVIDIA H200 NVL,full,uniform_0_1,gemv,raw_fp64,64,11,52,fp64,natural,scalar,1,64,1,1,1,none,raw,natural/scalar/x1/raw,65536,1024,1024,537395200,537395200,0,1024,256,10,0,98,14.744799613952637,0.15045713891788404,16361.329375903357,1
2026-08-16T15:19:17Z,NVIDIA H200 NVL,full,uniform_0_1,gemv,raw_fp64,64,11,52,fp64,natural,scalar,1,64,1,1,1,none,raw,natural/scalar/x1/raw,65536,1024,1024,537395200,537395200,0,1024,256,10,1,98,14.72105598449707,0.15021485698466397,16361.329375903357,1
2026-08-16T15:19:17Z,NVIDIA H200 NVL,full,uniform_0_1,gemv,raw_fp64,64,11,52,fp64,natural,scalar,1,64,1,1,1,none,raw,natural/scalar/x1/raw,65536,1024,1024,537395200,537395200,0,1024,256,10,2,98,14.73583984375,0.15036571269132654,16361.329375903357,1
2026-08-16T15:19:17Z,NVIDIA H200 NVL,full,uniform_0_1,gemv,raw_fp64,64,11,52,fp64,natural,scalar,1,64,1,1,1,none,raw,natural/scalar/x1/raw,65536,1024,1024,537395200,537395200,0,1024,256,10,3,98,14.733983993530273,0.15034677544418645,16361.329375903357,1
2026-08-16T15:19:17Z,NVIDIA H200 NVL,full,uniform_0_1,gemv,raw_fp64,64,11,52,fp64,natural,scalar,1,64,1,1,1,none,raw,natural/scalar/x1/raw,65536,1024,1024,537395200,537395200,0,1024,256,10,4,98,14.71452808380127,0.15014824575307417,16361.329375903357,1
2026-08-16T15:19:17Z,NVIDIA H200 NVL,full,uniform_0_1,dot,raw_fp64,64,11,52,fp64,natural,thread_packet,2,128,1,1,2,none,raw,natural/thread_packet/x2/raw,4096,0,1,65536,65536,0,8,256,10,0,2181,11.088640213012695,0.0050842000059663894,1019.6924867658463,1
2026-08-16T15:19:17Z,NVIDIA H200 NVL,full,uniform_0_1,dot,raw_fp64,64,11,52,fp64,natural,thread_packet,2,128,1,1,2,none,raw,natural/thread_packet/x2/raw,4096,0,1,65536,65536,0,8,256,10,1,2181,11.125280380249023,0.0051009997158409093,1019.6924867658463,1
2026-08-16T15:19:17Z,NVIDIA H200 NVL,full,uniform_0_1,dot,raw_fp64,64,11,52,fp64,natural,thread_packet,2,128,1,1,2,none,raw,natural/thread_packet/x2/raw,4096,0,1,65536,65536,0,8,256,10,2,2181,11.12384033203125,0.0051003394461399589,1019.6924867658463,1
2026-08-16T15:19:17Z,NVIDIA H200 NVL,full,uniform_0_1,dot,raw_fp64,64,11,52,fp64,natural,thread_packet,2,128,1,1,2,none,raw,natural/thread_packet/x2/raw,4096,0,1,65536,65536,0,8,256,10,3,2181,11.10649585723877,0.0050923869129934751,1019.6924867658463,1
2026-08-16T15:19:17Z,NVIDIA H200 NVL,full,uniform_0_1,dot,raw_fp64,64,11,52,fp64,natural,thread_packet,2,128,1,1,2,none,raw,natural/thread_packet/x2/raw,4096,0,1,65536,65536,0,8,256,10,4,2181,11.09670352935791,0.0050878970790270107,1019.6924867658463,1
2026-08-16T15:19:17Z,NVIDIA H200 NVL,full,uniform_0_1,dot,raw_fp64,64,11,52,fp64,natural,thread_packet,2,128,1,1,2,none,raw,natural/thread_packet/x2/raw,65536,0,1,1048576,1048576,0,128,256,10,0,2103,11.213727951049805,0.0053322529486684762,16361.329375903359,1
2026-08-16T15:19:17Z,NVIDIA H200 NVL,full,uniform_0_1,dot,raw_fp64,64,11,52,fp64,natural,thread_packet,2,128,1,1,2,none,raw,natural/thread_packet/x2/raw,65536,0,1,1048576,1048576,0,128,256,10,1,2103,11.214943885803223,0.0053328311392312044,16361.329375903359,1
2026-08-16T15:19:17Z,NVIDIA H200 NVL,full,uniform_0_1,dot,raw_fp64,64,11,52,fp64,natural,thread_packet,2,128,1,1,2,none,raw,natural/thread_packet/x2/raw,65536,0,1,1048576,1048576,0,128,256,10,2,2103,11.213536262512207,0.005332161798626822,16361.329375903359,1
2026-08-16T15:19:17Z,NVIDIA H200 NVL,full,uniform_0_1,dot,raw_fp64,64,11,52,fp64,natural,thread_packet,2,128,1,1,2,none,raw,natural/thread_packet/x2/raw,65536,0,1,1048576,1048576,0,128,256,10,3,2103,11.19382381439209,0.0053227883092687063,16361.329375903359,1
2026-08-16T15:19:17Z,NVIDIA H200 NVL,full,uniform_0_1,dot,raw_fp64,64,11,52,fp64,natural,thread_packet,2,128,1,1,2,none,raw,natural/thread_packet/x2/raw,65536,0,1,1048576,1048576,0,128,256,10,4,2103,11.195487976074219,0.0053235796367447543,16361.329375903359,1
2026-08-16T15:19:17Z,NVIDIA H200 NVL,full,uniform_0_1,dot,raw_fp64,64,11,52,fp64,natural,thread_packet,2,128,1,1,2,none,raw,natural/thread_packet/x2/raw,1048576,0,1,16777216,16777216,0,512,256,10,0,1513,11.984512329101562,0.0079210259941186797,261997.41491179512,1
2026-08-16T15:19:17Z,NVIDIA H200 NVL,full,uniform_0_1,dot,raw_fp64,64,11,52,fp64,natural,thread_packet,2,128,1,1,2,none,raw,natural/thread_packet/x2/raw,1048576,0,1,16777216,16777216,0,512,256,10,1,1513,11.98249626159668,0.0079196934974201452,261997.41491179512,1
2026-08-16T15:19:17Z,NVIDIA H200 NVL,full,uniform_0_1,dot,raw_fp64,64,11,52,fp64,natural,thread_packet,2,128,1,1,2,none,raw,natural/thread_packet/x2/raw,1048576,0,1,16777216,16777216,0,512,256,10,2,1513,11.98243236541748,0.0079196512659732189,261997.41491179512,1
2026-08-16T15:19:17Z,NVIDIA H200 NVL,full,uniform_0_1,dot,raw_fp64,64,11,52,fp64,natural,thread_packet,2,128,1,1,2,none,raw,natural/thread_packet/x2/raw,1048576,0,1,16777216,16777216,0,512,256,10,3,1513,11.981216430664062,0.0079188476078414158,261997.41491179512,1
2026-08-16T15:19:17Z,NVIDIA H200 NVL,full,uniform_0_1,dot,raw_fp64,64,11,52,fp64,natural,thread_packet,2,128,1,1,2,none,raw,natural/thread_packet/x2/raw,1048576,0,1,16777216,16777216,0,512,256,10,4,1513,11.980607986450195,0.0079184454636154634,261997.41491179512,1
2026-08-16T15:19:17Z,NVIDIA H200 NVL,full,uniform_0_1,dot,raw_fp64,64,11,52,fp64,natural,thread_packet,2,128,1,1,2,none,raw,natural/thread_packet/x2/raw,16777216,0,1,268435456,268435456,0,512,256,10,0,212,14.572959899902344,0.068740376886331805,4194144.5995463934,1
2026-08-16T15:19:17Z,NVIDIA H200 NVL,full,uniform_0_1,dot,raw_fp64,64,11,52,fp64,natural,thread_packet,2,128,1,1,2,none,raw,natural/thread_packet/x2/raw,16777216,0,1,268435456,268435456,0,512,256,10,1,212,14.597439765930176,0.068855847952500826,4194144.5995463934,1
2026-08-16T15:19:17Z,NVIDIA H200 NVL,full,uniform_0_1,dot,raw_fp64,64,11,52,fp64,natural,thread_packet,2,128,1,1,2,none,raw,natural/thread_packet/x2/raw,16777216,0,1,268435456,268435456,0,512,256,10,2,212,14.592255592346191,0.068831394303519769,4194144.5995463934,1
2026-08-16T15:19:17Z,NVIDIA H200 NVL,full,uniform_0_1,dot,raw_fp64,64,11,52,fp64,natural,thread_packet,2,128,1,1,2,none,raw,natural/thread_packet/x2/raw,16777216,0,1,268435456,268435456,0,512,256,10,3,212,14.586015701293945,0.068801960855160119,4194144.5995463934,1
2026-08-16T15:19:17Z,NVIDIA H200 NVL,full,uniform_0_1,dot,raw_fp64,64,11,52,fp64,natural,thread_packet,2,128,1,1,2,none,raw,natural/thread_packet/x2/raw,16777216,0,1,268435456,268435456,0,512,256,10,4,212,14.594047546386719,0.068839846916918482,4194144.5995463934,1
2026-08-16T15:19:17Z,NVIDIA H200 NVL,full,uniform_0_1,dot,raw_fp64,64,11,52,fp64,natural,thread_packet,2,128,1,1,2,none,raw,natural/thread_packet/x2/raw,134217728,0,1,2147483648,2147483648,0,512,256,10,0,31,15.354496002197266,0.49530632265152469,33555791.351023242,1
2026-08-16T15:19:17Z,NVIDIA H200 NVL,full,uniform_0_1,dot,raw_fp64,64,11,52,fp64,natural,thread_packet,2,128,1,1,2,none,raw,natural/thread_packet/x2/raw,134217728,0,1,2147483648,2147483648,0,512,256,10,1,31,15.36838436126709,0.49575433423442228,33555791.351023242,1
2026-08-16T15:19:17Z,NVIDIA H200 NVL,full,uniform_0_1,dot,raw_fp64,64,11,52,fp64,natural,thread_packet,2,128,1,1,2,none,raw,natural/thread_packet/x2/raw,134217728,0,1,2147483648,2147483648,0,512,256,10,2,31,15.361920356750488,0.49554581795969316,33555791.351023242,1
2026-08-16T15:19:17Z,NVIDIA H200 NVL,full,uniform_0_1,dot,raw_fp64,64,11,52,fp64,natural,thread_packet,2,128,1,1,2,none,raw,natural/thread_packet/x2/raw,134217728,0,1,2147483648,2147483648,0,512,256,10,3,31,15.364095687866211,0.49561598993116812,33555791.351023242,1
2026-08-16T15:19:17Z,NVIDIA H200 NVL,full,uniform_0_1,dot,raw_fp64,64,11,52,fp64,natural,thread_packet,2,128,1,1,2,none,raw,natural/thread_packet/x2/raw,134217728,0,1,2147483648,2147483648,0,512,256,10,4,31,15.354368209838867,0.49530220031738281,33555791.351023242,1
2026-08-16T15:19:17Z,NVIDIA H200 NVL,full,uniform_0_1,gemv,raw_fp64,64,11,52,fp64,natural,thread_packet,2,128,1,1,2,none,raw,natural/thread_packet/x2/raw,256,1024,1024,2099200,2099200,0,1024,256,10,0,2455,9.6333761215209961,0.003923982126892463,62.262414696816933,1
2026-08-16T15:19:17Z,NVIDIA H200 NVL,full,uniform_0_1,gemv,raw_fp64,64,11,52,fp64,natural,thread_packet,2,128,1,1,2,none,raw,natural/thread_packet/x2/raw,256,1024,1024,2099200,2099200,0,1024,256,10,1,2455,9.6254396438598633,0.0039207493457677654,62.262414696816933,1
2026-08-16T15:19:17Z,NVIDIA H200 NVL,full,uniform_0_1,gemv,raw_fp64,64,11,52,fp64,natural,thread_packet,2,128,1,1,2,none,raw,natural/thread_packet/x2/raw,256,1024,1024,2099200,2099200,0,1024,256,10,2,2455,9.6366395950317383,0.0039253114440047816,62.262414696816933,1
2026-08-16T15:19:17Z,NVIDIA H200 NVL,full,uniform_0_1,gemv,raw_fp64,64,11,52,fp64,natural,thread_packet,2,128,1,1,2,none,raw,natural/thread_packet/x2/raw,256,1024,1024,2099200,2099200,0,1024,256,10,3,2455,9.6467199325561523,0.0039294174878029137,62.262414696816933,1
2026-08-16T15:19:17Z,NVIDIA H200 NVL,full,uniform_0_1,gemv,raw_fp64,64,11,52,fp64,natural,thread_packet,2,128,1,1,2,none,raw,natural/thread_packet/x2/raw,256,1024,1024,2099200,2099200,0,1024,256,10,4,2455,9.6439037322998047,0.0039282703593889225,62.262414696816933,1
2026-08-16T15:19:17Z,NVIDIA H200 NVL,full,uniform_0_1,gemv,raw_fp64,64,11,52,fp64,natural,thread_packet,2,128,1,1,2,none,raw,natural/thread_packet/x2/raw,1024,1024,1024,8396800,8396800,0,1024,256,10,0,2122,10.419327735900879,0.0049101450216309517,248.53376947185922,1
2026-08-16T15:19:17Z,NVIDIA H200 NVL,full,uniform_0_1,gemv,raw_fp64,64,11,52,fp64,natural,thread_packet,2,128,1,1,2,none,raw,natural/thread_packet/x2/raw,1024,1024,1024,8396800,8396800,0,1024,256,10,1,2122,10.423999786376953,0.0049123467419307032,248.53376947185922,1
2026-08-16T15:19:17Z,NVIDIA H200 NVL,full,uniform_0_1,gemv,raw_fp64,64,11,52,fp64,natural,thread_packet,2,128,1,1,2,none,raw,natural/thread_packet/x2/raw,1024,1024,1024,8396800,8396800,0,1024,256,10,2,2122,10.428447723388672,0.0049144428479682718,248.53376947185922,1
2026-08-16T15:19:17Z,NVIDIA H200 NVL,full,uniform_0_1,gemv,raw_fp64,64,11,52,fp64,natural,thread_packet,2,128,1,1,2,none,raw,natural/thread_packet/x2/raw,1024,1024,1024,8396800,8396800,0,1024,256,10,3,2122,10.430144309997559,0.0049152423704041277,248.53376947185922,1
2026-08-16T15:19:17Z,NVIDIA H200 NVL,full,uniform_0_1,gemv,raw_fp64,64,11,52,fp64,natural,thread_packet,2,128,1,1,2,none,raw,natural/thread_packet/x2/raw,1024,1024,1024,8396800,8396800,0,1024,256,10,4,2122,10.42966365814209,0.0049150158615184208,248.53376947185922,1
2026-08-16T15:19:17Z,NVIDIA H200 NVL,full,uniform_0_1,gemv,raw_fp64,64,11,52,fp64,natural,thread_packet,2,128,1,1,2,none,raw,natural/thread_packet/x2/raw,4096,1024,1024,33587200,33587200,0,1024,256,10,0,1425,12.25273609161377,0.0085984112923605405,1019.6924867658463,1
2026-08-16T15:19:17Z,NVIDIA H200 NVL,full,uniform_0_1,gemv,raw_fp64,64,11,52,fp64,natural,thread_packet,2,128,1,1,2,none,raw,natural/thread_packet/x2/raw,4096,1024,1024,33587200,33587200,0,1024,256,10,1,1425,12.242112159729004,0.008590955901564213,1019.6924867658463,1
2026-08-16T15:19:17Z,NVIDIA H200 NVL,full,uniform_0_1,gemv,raw_fp64,64,11,52,fp64,natural,thread_packet,2,128,1,1,2,none,raw,natural/thread_packet/x2/raw,4096,1024,1024,33587200,33587200,0,1024,256,10,2,1425,12.237983703613281,0.0085880587393777404,1019.6924867658463,1
2026-08-16T15:19:17Z,NVIDIA H200 NVL,full,uniform_0_1,gemv,raw_fp64,64,11,52,fp64,natural,thread_packet,2,128,1,1,2,none,raw,natural/thread_packet/x2/raw,4096,1024,1024,33587200,33587200,0,1024,256,10,3,1425,12.231264114379883,0.0085833432381613207,1019.6924867658463,1
2026-08-16T15:19:17Z,NVIDIA H200 NVL,full,uniform_0_1,gemv,raw_fp64,64,11,52,fp64,natural,thread_packet,2,128,1,1,2,none,raw,natural/thread_packet/x2/raw,4096,1024,1024,33587200,33587200,0,1024,256,10,4,1425,12.229151725769043,0.0085818608601888023,1019.6924867658463,1
2026-08-16T15:19:17Z,NVIDIA H200 NVL,full,uniform_0_1,gemv,raw_fp64,64,11,52,fp64,natural,thread_packet,2,128,1,1,2,none,raw,natural/thread_packet/x2/raw,16384,1024,1024,134348800,134348800,0,1024,256,10,0,376,14.215359687805176,0.037806807680332913,4110.2963092903155,1
2026-08-16T15:19:17Z,NVIDIA H200 NVL,full,uniform_0_1,gemv,raw_fp64,64,11,52,fp64,natural,thread_packet,2,128,1,1,2,none,raw,natural/thread_packet/x2/raw,16384,1024,1024,134348800,134348800,0,1024,256,10,1,376,14.214591979980469,0.037804765904203376,4110.2963092903155,1
2026-08-16T15:19:17Z,NVIDIA H200 NVL,full,uniform_0_1,gemv,raw_fp64,64,11,52,fp64,natural,thread_packet,2,128,1,1,2,none,raw,natural/thread_packet/x2/raw,16384,1024,1024,134348800,134348800,0,1024,256,10,2,376,14.225728034973145,0.037834383071737088,4110.2963092903155,1
2026-08-16T15:19:17Z,NVIDIA H200 NVL,full,uniform_0_1,gemv,raw_fp64,64,11,52,fp64,natural,thread_packet,2,128,1,1,2,none,raw,natural/thread_packet/x2/raw,16384,1024,1024,134348800,134348800,0,1024,256,10,3,376,14.221183776855469,0.037822297278870924,4110.2963092903155,1
2026-08-16T15:19:17Z,NVIDIA H200 NVL,full,uniform_0_1,gemv,raw_fp64,64,11,52,fp64,natural,thread_packet,2,128,1,1,2,none,raw,natural/thread_packet/x2/raw,16384,1024,1024,134348800,134348800,0,1024,256,10,4,376,14.235679626464844,0.03786085007038522,4110.2963092903155,1
2026-08-16T15:19:17Z,NVIDIA H200 NVL,full,uniform_0_1,gemv,raw_fp64,64,11,52,fp64,natural,thread_packet,2,128,1,1,2,none,raw,natural/thread_packet/x2/raw,65536,1024,1024,537395200,537395200,0,1024,256,10,0,113,14.89628791809082,0.1318255567972639,16361.329375903359,1
2026-08-16T15:19:17Z,NVIDIA H200 NVL,full,uniform_0_1,gemv,raw_fp64,64,11,52,fp64,natural,thread_packet,2,128,1,1,2,none,raw,natural/thread_packet/x2/raw,65536,1024,1024,537395200,537395200,0,1024,256,10,1,113,14.913599967956543,0.13197876077837647,16361.329375903359,1
2026-08-16T15:19:17Z,NVIDIA H200 NVL,full,uniform_0_1,gemv,raw_fp64,64,11,52,fp64,natural,thread_packet,2,128,1,1,2,none,raw,natural/thread_packet/x2/raw,65536,1024,1024,537395200,537395200,0,1024,256,10,2,113,14.90236759185791,0.13187935921998151,16361.329375903359,1
2026-08-16T15:19:17Z,NVIDIA H200 NVL,full,uniform_0_1,gemv,raw_fp64,64,11,52,fp64,natural,thread_packet,2,128,1,1,2,none,raw,natural/thread_packet/x2/raw,65536,1024,1024,537395200,537395200,0,1024,256,10,3,113,14.90668773651123,0.13191759058859495,16361.329375903359,1
2026-08-16T15:19:17Z,NVIDIA H200 NVL,full,uniform_0_1,gemv,raw_fp64,64,11,52,fp64,natural,thread_packet,2,128,1,1,2,none,raw,natural/thread_packet/x2/raw,65536,1024,1024,537395200,537395200,0,1024,256,10,4,113,14.905599594116211,0.13190796100987798,16361.329375903359,1
2026-08-16T15:19:17Z,NVIDIA H200 NVL,full,uniform_0_1,dot,raw_fp64,64,11,52,fp64,natural,thread_packet,4,128,1,1,4,none,raw,natural/thread_packet/x4/raw,4096,0,1,65536,65536,0,4,256,10,0,2047,10.887999534606934,0.005319003192284775,1019.6924867658463,1
2026-08-16T15:19:17Z,NVIDIA H200 NVL,full,uniform_0_1,dot,raw_fp64,64,11,52,fp64,natural,thread_packet,4,128,1,1,4,none,raw,natural/thread_packet/x4/raw,4096,0,1,65536,65536,0,4,256,10,1,2047,10.932928085327148,0.0053409516782252798,1019.6924867658463,1
2026-08-16T15:19:17Z,NVIDIA H200 NVL,full,uniform_0_1,dot,raw_fp64,64,11,52,fp64,natural,thread_packet,4,128,1,1,4,none,raw,natural/thread_packet/x4/raw,4096,0,1,65536,65536,0,4,256,10,2,2047,10.937376022338867,0.0053431245834581666,1019.6924867658463,1
2026-08-16T15:19:17Z,NVIDIA H200 NVL,full,uniform_0_1,dot,raw_fp64,64,11,52,fp64,natural,thread_packet,4,128,1,1,4,none,raw,natural/thread_packet/x4/raw,4096,0,1,65536,65536,0,4,256,10,3,2047,10.937536239624023,0.0053432028527718731,1019.6924867658463,1
2026-08-16T15:19:17Z,NVIDIA H200 NVL,full,uniform_0_1,dot,raw_fp64,64,11,52,fp64,natural,thread_packet,4,128,1,1,4,none,raw,natural/thread_packet/x4/raw,4096,0,1,65536,65536,0,4,256,10,4,2047,10.94048023223877,0.0053446410514112214,1019.6924867658463,1
2026-08-16T15:19:17Z,NVIDIA H200 NVL,full,uniform_0_1,dot,raw_fp64,64,11,52,fp64,natural,thread_packet,4,128,1,1,4,none,raw,natural/thread_packet/x4/raw,65536,0,1,1048576,1048576,0,64,256,10,0,1995,10.905344009399414,0.0054663378493230146,16361.32937590336,1
2026-08-16T15:19:17Z,NVIDIA H200 NVL,full,uniform_0_1,dot,raw_fp64,64,11,52,fp64,natural,thread_packet,4,128,1,1,4,none,raw,natural/thread_packet/x4/raw,65536,0,1,1048576,1048576,0,64,256,10,1,1995,10.904064178466797,0.0054656963300585447,16361.32937590336,1
2026-08-16T15:19:17Z,NVIDIA H200 NVL,full,uniform_0_1,dot,raw_fp64,64,11,52,fp64,natural,thread_packet,4,128,1,1,4,none,raw,natural/thread_packet/x4/raw,65536,0,1,1048576,1048576,0,64,256,10,2,1995,10.892800331115723,0.0054600502912860761,16361.32937590336,1
2026-08-16T15:19:17Z,NVIDIA H200 NVL,full,uniform_0_1,dot,raw_fp64,64,11,52,fp64,natural,thread_packet,4,128,1,1,4,none,raw,natural/thread_packet/x4/raw,65536,0,1,1048576,1048576,0,64,256,10,3,1995,10.892000198364258,0.0054596492222377235,16361.32937590336,1
2026-08-16T15:19:17Z,NVIDIA H200 NVL,full,uniform_0_1,dot,raw_fp64,64,11,52,fp64,natural,thread_packet,4,128,1,1,4,none,raw,natural/thread_packet/x4/raw,65536,0,1,1048576,1048576,0,64,256,10,4,1995,10.889984130859375,0.0054586386620849,16361.32937590336,1
2026-08-16T15:19:17Z,NVIDIA H200 NVL,full,uniform_0_1,dot,raw_fp64,64,11,52,fp64,natural,thread_packet,4,128,1,1,4,none,raw,natural/thread_packet/x4/raw,1048576,0,1,16777216,16777216,0,512,256,10,0,1396,11.948672294616699,0.0085592208414159744,261997.41491179512,1
2026-08-16T15:19:17Z,NVIDIA H200 NVL,full,uniform_0_1,dot,raw_fp64,64,11,52,fp64,natural,thread_packet,4,128,1,1,4,none,raw,natural/thread_packet/x4/raw,1048576,0,1,16777216,16777216,0,512,256,10,1,1396,11.944576263427734,0.0085562867216531051,261997.41491179512,1
2026-08-16T15:19:17Z,NVIDIA H200 NVL,full,uniform_0_1,dot,raw_fp64,64,11,52,fp64,natural,thread_packet,4,128,1,1,4,none,raw,natural/thread_packet/x4/raw,1048576,0,1,16777216,16777216,0,512,256,10,2,1396,11.94598388671875,0.0085572950477928005,261997.41491179512,1
2026-08-16T15:19:17Z,NVIDIA H200 NVL,full,uniform_0_1,dot,raw_fp64,64,11,52,fp64,natural,thread_packet,4,128,1,1,4,none,raw,natural/thread_packet/x4/raw,1048576,0,1,16777216,16777216,0,512,256,10,3,1396,11.95036792755127,0.0085604354781885893,261997.41491179512,1
2026-08-16T15:19:17Z,NVIDIA H200 NVL,full,uniform_0_1,dot,raw_fp64,64,11,52,fp64,natural,thread_packet,4,128,1,1,4,none,raw,natural/thread_packet/x4/raw,1048576,0,1,16777216,16777216,0,512,256,10,4,1396,11.946271896362305,0.00855750135842572,261997.41491179512,1
2026-08-16T15:19:17Z,NVIDIA H200 NVL,full,uniform_0_1,dot,raw_fp64,64,11,52,fp64,natural,thread_packet,4,128,1,1,4,none,raw,natural/thread_packet/x4/raw,16777216,0,1,268435456,268435456,0,512,256,10,0,220,15.226112365722656,0.069209601662375705,4194144.5995463938,1
2026-08-16T15:19:17Z,NVIDIA H200 NVL,full,uniform_0_1,dot,raw_fp64,64,11,52,fp64,natural,thread_packet,4,128,1,1,4,none,raw,natural/thread_packet/x4/raw,16777216,0,1,268435456,268435456,0,512,256,10,1,220,15.194399833679199,0.069065453789450906,4194144.5995463938,1
2026-08-16T15:19:17Z,NVIDIA H200 NVL,full,uniform_0_1,dot,raw_fp64,64,11,52,fp64,natural,thread_packet,4,128,1,1,4,none,raw,natural/thread_packet/x4/raw,16777216,0,1,268435456,268435456,0,512,256,10,2,220,15.206399917602539,0.069119999625466083,4194144.5995463938,1
2026-08-16T15:19:17Z,NVIDIA H200 NVL,full,uniform_0_1,dot,raw_fp64,64,11,52,fp64,natural,thread_packet,4,128,1,1,4,none,raw,natural/thread_packet/x4/raw,16777216,0,1,268435456,268435456,0,512,256,10,3,220,15.188032150268555,0.069036509773947971,4194144.5995463938,1
2026-08-16T15:19:17Z,NVIDIA H200 NVL,full,uniform_0_1,dot,raw_fp64,64,11,52,fp64,natural,thread_packet,4,128,1,1,4,none,raw,natural/thread_packet/x4/raw,16777216,0,1,268435456,268435456,0,512,256,10,4,220,15.202591896057129,0.069102690436623315,4194144.5995463938,1
2026-08-16T15:19:17Z,NVIDIA H200 NVL,full,uniform_0_1,dot,raw_fp64,64,11,52,fp64,natural,thread_packet,4,128,1,1,4,none,raw,natural/thread_packet/x4/raw,134217728,0,1,2147483648,2147483648,0,512,256,10,0,30,15.098015785217285,0.50326719284057619,33555791.351023242,1
2026-08-16T15:19:17Z,NVIDIA H200 NVL,full,uniform_0_1,dot,raw_fp64,64,11,52,fp64,natural,thread_packet,4,128,1,1,4,none,raw,natural/thread_packet/x4/raw,134217728,0,1,2147483648,2147483648,0,512,256,10,1,30,15.092991828918457,0.50309972763061528,33555791.351023242,1
2026-08-16T15:19:17Z,NVIDIA H200 NVL,full,uniform_0_1,dot,raw_fp64,64,11,52,fp64,natural,thread_packet,4,128,1,1,4,none,raw,natural/thread_packet/x4/raw,134217728,0,1,2147483648,2147483648,0,512,256,10,2,30,15.087200164794922,0.50290667215983076,33555791.351023242,1
2026-08-16T15:19:17Z,NVIDIA H200 NVL,full,uniform_0_1,dot,raw_fp64,64,11,52,fp64,natural,thread_packet,4,128,1,1,4,none,raw,natural/thread_packet/x4/raw,134217728,0,1,2147483648,2147483648,0,512,256,10,3,30,15.076095581054688,0.50253651936848953,33555791.351023242,1
2026-08-16T15:19:17Z,NVIDIA H200 NVL,full,uniform_0_1,dot,raw_fp64,64,11,52,fp64,natural,thread_packet,4,128,1,1,4,none,raw,natural/thread_packet/x4/raw,134217728,0,1,2147483648,2147483648,0,512,256,10,4,30,15.072863578796387,0.50242878595987961,33555791.351023242,1
2026-08-16T15:19:17Z,NVIDIA H200 NVL,full,uniform_0_1,gemv,raw_fp64,64,11,52,fp64,natural,thread_packet,4,128,1,1,4,none,raw,natural/thread_packet/x4/raw,256,1024,1024,2099200,2099200,0,1024,256,10,0,2404,10.144736289978027,0.0042199402204567502,62.262414696816933,1
2026-08-16T15:19:17Z,NVIDIA H200 NVL,full,uniform_0_1,gemv,raw_fp64,64,11,52,fp64,natural,thread_packet,4,128,1,1,4,none,raw,natural/thread_packet/x4/raw,256,1024,1024,2099200,2099200,0,1024,256,10,1,2404,10.150400161743164,0.0042222962403257753,62.262414696816933,1
2026-08-16T15:19:17Z,NVIDIA H200 NVL,full,uniform_0_1,gemv,raw_fp64,64,11,52,fp64,natural,thread_packet,4,128,1,1,4,none,raw,natural/thread_packet/x4/raw,256,1024,1024,2099200,2099200,0,1024,256,10,2,2404,10.13862419128418,0.0042173977501182109,62.262414696816933,1
2026-08-16T15:19:17Z,NVIDIA H200 NVL,full,uniform_0_1,gemv,raw_fp64,64,11,52,fp64,natural,thread_packet,4,128,1,1,4,none,raw,natural/thread_packet/x4/raw,256,1024,1024,2099200,2099200,0,1024,256,10,3,2404,10.143744468688965,0.0042195276492050602,62.262414696816933,1
2026-08-16T15:19:17Z,NVIDIA H200 NVL,full,uniform_0_1,gemv,raw_fp64,64,11,52,fp64,natural,thread_packet,4,128,1,1,4,none,raw,natural/thread_packet/x4/raw,256,1024,1024,2099200,2099200,0,1024,256,10,4,2404,10.153311729431152,0.0042235073749713609,62.262414696816933,1
2026-08-16T15:19:17Z,NVIDIA H200 NVL,full,uniform_0_1,gemv,raw_fp64,64,11,52,fp64,natural,thread_packet,4,128,1,1,4,none,raw,natural/thread_packet/x4/raw,1024,1024,1024,8396800,8396800,0,1024,256,10,0,1861,11.318623542785645,0.0060820115759192073,248.53376947185924,1
2026-08-16T15:19:17Z,NVIDIA H200 NVL,full,uniform_0_1,gemv,raw_fp64,64,11,52,fp64,natural,thread_packet,4,128,1,1,4,none,raw,natural/thread_packet/x4/raw,1024,1024,1024,8396800,8396800,0,1024,256,10,1,1861,11.323871612548828,0.0060848316026592304,248.53376947185924,1
2026-08-16T15:19:17Z,NVIDIA H200 NVL,full,uniform_0_1,gemv,raw_fp64,64,11,52,fp64,natural,thread_packet,4,128,1,1,4,none,raw,natural/thread_packet/x4/raw,1024,1024,1024,8396800,8396800,0,1024,256,10,2,1861,11.326496124267578,0.00608624187225555,248.53376947185924,1
2026-08-16T15:19:17Z,NVIDIA H200 NVL,full,uniform_0_1,gemv,raw_fp64,64,11,52,fp64,natural,thread_packet,4,128,1,1,4,none,raw,natural/thread_packet/x4/raw,1024,1024,1024,8396800,8396800,0,1024,256,10,3,1861,11.325183868408203,0.0060855367374573902,248.53376947185924,1
2026-08-16T15:19:17Z,NVIDIA H200 NVL,full,uniform_0_1,gemv,raw_fp64,64,11,52,fp64,natural,thread_packet,4,128,1,1,4,none,raw,natural/thread_packet/x4/raw,1024,1024,1024,8396800,8396800,0,1024,256,10,4,1861,11.32857608795166,0.006087359531408737,248.53376947185924,1
2026-08-16T15:19:17Z,NVIDIA H200 NVL,full,uniform_0_1,gemv,raw_fp64,64,11,52,fp64,natural,thread_packet,4,128,1,1,4,none,raw,natural/thread_packet/x4/raw,4096,1024,1024,33587200,33587200,0,1024,256,10,0,1009,13.192864418029785,0.013075187728473523,1019.6924867658463,1
2026-08-16T15:19:17Z,NVIDIA H200 NVL,full,uniform_0_1,gemv,raw_fp64,64,11,52,fp64,natural,thread_packet,4,128,1,1,4,none,raw,natural/thread_packet/x4/raw,4096,1024,1024,33587200,33587200,0,1024,256,10,1,1009,13.208512306213379,0.013090696041836847,1019.6924867658463,1
2026-08-16T15:19:17Z,NVIDIA H200 NVL,full,uniform_0_1,gemv,raw_fp64,64,11,52,fp64,natural,thread_packet,4,128,1,1,4,none,raw,natural/thread_packet/x4/raw,4096,1024,1024,33587200,33587200,0,1024,256,10,2,1009,13.212224006652832,0.013094374634938387,1019.6924867658463,1
2026-08-16T15:19:17Z,NVIDIA H200 NVL,full,uniform_0_1,gemv,raw_fp64,64,11,52,fp64,natural,thread_packet,4,128,1,1,4,none,raw,natural/thread_packet/x4/raw,4096,1024,1024,33587200,33587200,0,1024,256,10,3,1009,13.210432052612305,0.013092598664630629,1019.6924867658463,1
2026-08-16T15:19:17Z,NVIDIA H200 NVL,full,uniform_0_1,gemv,raw_fp64,64,11,52,fp64,natural,thread_packet,4,128,1,1,4,none,raw,natural/thread_packet/x4/raw,4096,1024,1024,33587200,33587200,0,1024,256,10,4,1009,13.209952354431152,0.013092123245224135,1019.6924867658463,1
2026-08-16T15:19:17Z,NVIDIA H200 NVL,full,uniform_0_1,gemv,raw_fp64,64,11,52,fp64,natural,thread_packet,4,128,1,1,4,none,raw,natural/thread_packet/x4/raw,16384,1024,1024,134348800,134348800,0,1024,256,10,0,338,14.218367576599121,0.04206617626212758,4110.2963092903155,1
2026-08-16T15:19:17Z,NVIDIA H200 NVL,full,uniform_0_1,gemv,raw_fp64,64,11,52,fp64,natural,thread_packet,4,128,1,1,4,none,raw,natural/thread_packet/x4/raw,16384,1024,1024,134348800,134348800,0,1024,256,10,1,338,14.214400291442871,0.042054438732079501,4110.2963092903155,1
2026-08-16T15:19:17Z,NVIDIA H200 NVL,full,uniform_0_1,gemv,raw_fp64,64,11,52,fp64,natural,thread_packet,4,128,1,1,4,none,raw,natural/thread_packet/x4/raw,16384,1024,1024,134348800,134348800,0,1024,256,10,2,338,14.201663970947266,0.042016757310494868,4110.2963092903155,1
2026-08-16T15:19:17Z,NVIDIA H200 NVL,full,uniform_0_1,gemv,raw_fp64,64,11,52,fp64,natural,thread_packet,4,128,1,1,4,none,raw,natural/thread_packet/x4/raw,16384,1024,1024,134348800,134348800,0,1024,256,10,3,338,14.195615768432617,0.041998863220214844,4110.2963092903155,1
2026-08-16T15:19:17Z,NVIDIA H200 NVL,full,uniform_0_1,gemv,raw_fp64,64,11,52,fp64,natural,thread_packet,4,128,1,1,4,none,raw,natural/thread_packet/x4/raw,16384,1024,1024,134348800,134348800,0,1024,256,10,4,338,14.18336009979248,0.041962603845539882,4110.2963092903155,1
2026-08-16T15:19:17Z,NVIDIA H200 NVL,full,uniform_0_1,gemv,raw_fp64,64,11,52,fp64,natural,thread_packet,4,128,1,1,4,none,raw,natural/thread_packet/x4/raw,65536,1024,1024,537395200,537395200,0,1024,256,10,0,98,14.944607734680176,0.15249599729265487,16361.329375903362,1
2026-08-16T15:19:17Z,NVIDIA H200 NVL,full,uniform_0_1,gemv,raw_fp64,64,11,52,fp64,natural,thread_packet,4,128,1,1,4,none,raw,natural/thread_packet/x4/raw,65536,1024,1024,537395200,537395200,0,1024,256,10,1,98,14.944864273071289,0.15249861503133968,16361.329375903362,1
2026-08-16T15:19:17Z,NVIDIA H200 NVL,full,uniform_0_1,gemv,raw_fp64,64,11,52,fp64,natural,thread_packet,4,128,1,1,4,none,raw,natural/thread_packet/x4/raw,65536,1024,1024,537395200,537395200,0,1024,256,10,2,98,14.95359992980957,0.15258775438581193,16361.329375903362,1
2026-08-16T15:19:17Z,NVIDIA H200 NVL,full,uniform_0_1,gemv,raw_fp64,64,11,52,fp64,natural,thread_packet,4,128,1,1,4,none,raw,natural/thread_packet/x4/raw,65536,1024,1024,537395200,537395200,0,1024,256,10,3,98,14.94598388671875,0.15251003966039542,16361.329375903362,1
2026-08-16T15:19:17Z,NVIDIA H200 NVL,full,uniform_0_1,gemv,raw_fp64,64,11,52,fp64,natural,thread_packet,4,128,1,1,4,none,raw,natural/thread_packet/x4/raw,65536,1024,1024,537395200,537395200,0,1024,256,10,4,98,14.951968193054199,0.15257110401075713,16361.329375903362,1
2026-08-16T15:19:17Z,NVIDIA H200 NVL,full,uniform_0_1,dot,raw_fp64,64,11,52,fp64,natural,thread_packet,8,128,1,1,8,none,raw,natural/thread_packet/x8/raw,4096,0,1,65536,65536,0,2,256,10,0,1832,11.074111938476562,0.0060448209271160274,1019.6924867658463,1
2026-08-16T15:19:17Z,NVIDIA H200 NVL,full,uniform_0_1,dot,raw_fp64,64,11,52,fp64,natural,thread_packet,8,128,1,1,8,none,raw,natural/thread_packet/x8/raw,4096,0,1,65536,65536,0,2,256,10,1,1832,11.10524845123291,0.0060618168401926362,1019.6924867658463,1
2026-08-16T15:19:17Z,NVIDIA H200 NVL,full,uniform_0_1,dot,raw_fp64,64,11,52,fp64,natural,thread_packet,8,128,1,1,8,none,raw,natural/thread_packet/x8/raw,4096,0,1,65536,65536,0,2,256,10,2,1832,11.106111526489258,0.0060622879511404246,1019.6924867658463,1
2026-08-16T15:19:17Z,NVIDIA H200 NVL,full,uniform_0_1,dot,raw_fp64,64,11,52,fp64,natural,thread_packet,8,128,1,1,8,none,raw,natural/thread_packet/x8/raw,4096,0,1,65536,65536,0,2,256,10,3,1832,11.109343528747559,0.0060640521445128595,1019.6924867658463,1
2026-08-16T15:19:17Z,NVIDIA H200 NVL,full,uniform_0_1,dot,raw_fp64,64,11,52,fp64,natural,thread_packet,8,128,1,1,8,none,raw,natural/thread_packet/x8/raw,4096,0,1,65536,65536,0,2,256,10,4,1832,11.113216400146484,0.0060661661572851992,1019.6924867658463,1
2026-08-16T15:19:17Z,NVIDIA H200 NVL,full,uniform_0_1,dot,raw_fp64,64,11,52,fp64,natural,thread_packet,8,128,1,1,8,none,raw,natural/thread_packet/x8/raw,65536,0,1,1048576,1048576,0,32,256,10,0,1824,11.493215560913086,0.0063011050224304199,16361.329375903359,1
2026-08-16T15:19:17Z,NVIDIA H200 NVL,full,uniform_0_1,dot,raw_fp64,64,11,52,fp64,natural,thread_packet,8,128,1,1,8,none,raw,natural/thread_packet/x8/raw,65536,0,1,1048576,1048576,0,32,256,10,1,1824,11.473440170288086,0.006290263251254433,16361.329375903359,1
2026-08-16T15:19:17Z,NVIDIA H200 NVL,full,uniform_0_1,dot,raw_fp64,64,11,52,fp64,natural,thread_packet,8,128,1,1,8,none,raw,natural/thread_packet/x8/raw,65536,0,1,1048576,1048576,0,32,256,10,2,1824,11.458016395568848,0.0062818072344127457,16361.329375903359,1
2026-08-16T15:19:17Z,NVIDIA H200 NVL,full,uniform_0_1,dot,raw_fp64,64,11,52,fp64,natural,thread_packet,8,128,1,1,8,none,raw,natural/thread_packet/x8/raw,65536,0,1,1048576,1048576,0,32,256,10,3,1824,11.453727722167969,0.0062794559880306848,16361.329375903359,1
2026-08-16T15:19:17Z,NVIDIA H200 NVL,full,uniform_0_1,dot,raw_fp64,64,11,52,fp64,natural,thread_packet,8,128,1,1,8,none,raw,natural/thread_packet/x8/raw,65536,0,1,1048576,1048576,0,32,256,10,4,1824,11.437151908874512,0.0062703683710934825,16361.329375903359,1
2026-08-16T15:19:17Z,NVIDIA H200 NVL,full,uniform_0_1,dot,raw_fp64,64,11,52,fp64,natural,thread_packet,8,128,1,1,8,none,raw,natural/thread_packet/x8/raw,1048576,0,1,16777216,16777216,0,512,256,10,0,1181,12.700927734375,0.010754384195067739,261997.41491179509,1
2026-08-16T15:19:17Z,NVIDIA H200 NVL,full,uniform_0_1,dot,raw_fp64,64,11,52,fp64,natural,thread_packet,8,128,1,1,8,none,raw,natural/thread_packet/x8/raw,1048576,0,1,16777216,16777216,0,512,256,10,1,1181,12.708095550537109,0.010760453472089,261997.41491179509,1
2026-08-16T15:19:17Z,NVIDIA H200 NVL,full,uniform_0_1,dot,raw_fp64,64,11,52,fp64,natural,thread_packet,8,128,1,1,8,none,raw,natural/thread_packet/x8/raw,1048576,0,1,16777216,16777216,0,512,256,10,2,1181,12.713760375976562,0.010765250106669401,261997.41491179509,1
2026-08-16T15:19:17Z,NVIDIA H200 NVL,full,uniform_0_1,dot,raw_fp64,64,11,52,fp64,natural,thread_packet,8,128,1,1,8,none,raw,natural/thread_packet/x8/raw,1048576,0,1,16777216,16777216,0,512,256,10,3,1181,12.713888168334961,0.010765358313577444,261997.41491179509,1
2026-08-16T15:19:17Z,NVIDIA H200 NVL,full,uniform_0_1,dot,raw_fp64,64,11,52,fp64,natural,thread_packet,8,128,1,1,8,none,raw,natural/thread_packet/x8/raw,1048576,0,1,16777216,16777216,0,512,256,10,4,1181,12.698240280151367,0.010752108619941886,261997.41491179509,1
2026-08-16T15:19:17Z,NVIDIA H200 NVL,full,uniform_0_1,dot,raw_fp64,64,11,52,fp64,natural,thread_packet,8,128,1,1,8,none,raw,natural/thread_packet/x8/raw,16777216,0,1,268435456,268435456,0,512,256,10,0,173,14.867551803588867,0.085939605801091723,4194144.5995463938,1
2026-08-16T15:19:17Z,NVIDIA H200 NVL,full,uniform_0_1,dot,raw_fp64,64,11,52,fp64,natural,thread_packet,8,128,1,1,8,none,raw,natural/thread_packet/x8/raw,16777216,0,1,268435456,268435456,0,512,256,10,1,173,14.832703590393066,0.085738171042734485,4194144.5995463938,1
2026-08-16T15:19:17Z,NVIDIA H200 NVL,full,uniform_0_1,dot,raw_fp64,64,11,52,fp64,natural,thread_packet,8,128,1,1,8,none,raw,natural/thread_packet/x8/raw,16777216,0,1,268435456,268435456,0,512,256,10,2,173,14.783743858337402,0.085455166811198857,4194144.5995463938,1
2026-08-16T15:19:17Z,NVIDIA H200 NVL,full,uniform_0_1,dot,raw_fp64,64,11,52,fp64,natural,thread_packet,8,128,1,1,8,none,raw,natural/thread_packet/x8/raw,16777216,0,1,268435456,268435456,0,512,256,10,3,173,14.787775993347168,0.085478473949983633,4194144.5995463938,1
2026-08-16T15:19:17Z,NVIDIA H200 NVL,full,uniform_0_1,dot,raw_fp64,64,11,52,fp64,natural,thread_packet,8,128,1,1,8,none,raw,natural/thread_packet/x8/raw,16777216,0,1,268435456,268435456,0,512,256,10,4,173,14.80777645111084,0.085594083532432599,4194144.5995463938,1
2026-08-16T15:19:17Z,NVIDIA H200 NVL,full,uniform_0_1,dot,raw_fp64,64,11,52,fp64,natural,thread_packet,8,128,1,1,8,none,raw,natural/thread_packet/x8/raw,134217728,0,1,2147483648,2147483648,0,512,256,10,0,25,15.23744010925293,0.60949760437011724,33555791.351023234,1
2026-08-16T15:19:17Z,NVIDIA H200 NVL,full,uniform_0_1,dot,raw_fp64,64,11,52,fp64,natural,thread_packet,8,128,1,1,8,none,raw,natural/thread_packet/x8/raw,134217728,0,1,2147483648,2147483648,0,512,256,10,1,25,15.228575706481934,0.60914302825927735,33555791.351023234,1
2026-08-16T15:19:17Z,NVIDIA H200 NVL,full,uniform_0_1,dot,raw_fp64,64,11,52,fp64,natural,thread_packet,8,128,1,1,8,none,raw,natural/thread_packet/x8/raw,134217728,0,1,2147483648,2147483648,0,512,256,10,2,25,15.244607925415039,0.60978431701660152,33555791.351023234,1
2026-08-16T15:19:17Z,NVIDIA H200 NVL,full,uniform_0_1,dot,raw_fp64,64,11,52,fp64,natural,thread_packet,8,128,1,1,8,none,raw,natural/thread_packet/x8/raw,134217728,0,1,2147483648,2147483648,0,512,256,10,3,25,15.279423713684082,0.61117694854736326,33555791.351023234,1
2026-08-16T15:19:17Z,NVIDIA H200 NVL,full,uniform_0_1,dot,raw_fp64,64,11,52,fp64,natural,thread_packet,8,128,1,1,8,none,raw,natural/thread_packet/x8/raw,134217728,0,1,2147483648,2147483648,0,512,256,10,4,25,15.287487983703613,0.6114995193481445,33555791.351023234,1
2026-08-16T15:19:17Z,NVIDIA H200 NVL,full,uniform_0_1,gemv,raw_fp64,64,11,52,fp64,natural,thread_packet,8,128,1,1,8,none,raw,natural/thread_packet/x8/raw,256,1024,1024,2099200,2099200,0,1024,256,10,0,2161,10.360032081604004,0.0047940916620101822,62.262414696816933,1
2026-08-16T15:19:17Z,NVIDIA H200 NVL,full,uniform_0_1,gemv,raw_fp64,64,11,52,fp64,natural,thread_packet,8,128,1,1,8,none,raw,natural/thread_packet/x8/raw,256,1024,1024,2099200,2099200,0,1024,256,10,1,2161,10.357952117919922,0.00479312916146225,62.262414696816933,1
2026-08-16T15:19:17Z,NVIDIA H200 NVL,full,uniform_0_1,gemv,raw_fp64,64,11,52,fp64,natural,thread_packet,8,128,1,1,8,none,raw,natural/thread_packet/x8/raw,256,1024,1024,2099200,2099200,0,1024,256,10,2,2161,10.375679969787598,0.0048013327023542791,62.262414696816933,1
2026-08-16T15:19:17Z,NVIDIA H200 NVL,full,uniform_0_1,gemv,raw_fp64,64,11,52,fp64,natural,thread_packet,8,128,1,1,8,none,raw,natural/thread_packet/x8/raw,256,1024,1024,2099200,2099200,0,1024,256,10,3,2161,10.387392044067383,0.0048067524498229446,62.262414696816933,1
2026-08-16T15:19:17Z,NVIDIA H200 NVL,full,uniform_0_1,gemv,raw_fp64,64,11,52,fp64,natural,thread_packet,8,128,1,1,8,none,raw,natural/thread_packet/x8/raw,256,1024,1024,2099200,2099200,0,1024,256,10,4,2161,10.382143974304199,0.0048043239122185092,62.262414696816933,1
2026-08-16T15:19:17Z,NVIDIA H200 NVL,full,uniform_0_1,gemv,raw_fp64,64,11,52,fp64,natural,thread_packet,8,128,1,1,8,none,raw,natural/thread_packet/x8/raw,1024,1024,1024,8396800,8396800,0,1024,256,10,0,1438,11.98969554901123,0.0083377576835961271,248.53376947185927,1
2026-08-16T15:19:17Z,NVIDIA H200 NVL,full,uniform_0_1,gemv,raw_fp64,64,11,52,fp64,natural,thread_packet,8,128,1,1,8,none,raw,natural/thread_packet/x8/raw,1024,1024,1024,8396800,8396800,0,1024,256,10,1,1438,11.961952209472656,0.0083184646797445447,248.53376947185927,1
2026-08-16T15:19:17Z,NVIDIA H200 NVL,full,uniform_0_1,gemv,raw_fp64,64,11,52,fp64,natural,thread_packet,8,128,1,1,8,none,raw,natural/thread_packet/x8/raw,1024,1024,1024,8396800,8396800,0,1024,256,10,2,1438,11.949728012084961,0.0083099638470688179,248.53376947185927,1
2026-08-16T15:19:17Z,NVIDIA H200 NVL,full,uniform_0_1,gemv,raw_fp64,64,11,52,fp64,natural,thread_packet,8,128,1,1,8,none,raw,natural/thread_packet/x8/raw,1024,1024,1024,8396800,8396800,0,1024,256,10,3,1438,11.949248313903809,0.008309630260016557,248.53376947185927,1
2026-08-16T15:19:17Z,NVIDIA H200 NVL,full,uniform_0_1,gemv,raw_fp64,64,11,52,fp64,natural,thread_packet,8,128,1,1,8,none,raw,natural/thread_packet/x8/raw,1024,1024,1024,8396800,8396800,0,1024,256,10,4,1438,11.950207710266113,0.0083102974341210806,248.53376947185927,1
2026-08-16T15:19:17Z,NVIDIA H200 NVL,full,uniform_0_1,gemv,raw_fp64,64,11,52,fp64,natural,thread_packet,8,128,1,1,8,none,raw,natural/thread_packet/x8/raw,4096,1024,1024,33587200,33587200,0,1024,256,10,0,615,13.875231742858887,0.022561352427412824,1019.6924867658464,1
2026-08-16T15:19:17Z,NVIDIA H200 NVL,full,uniform_0_1,gemv,raw_fp64,64,11,52,fp64,natural,thread_packet,8,128,1,1,8,none,raw,natural/thread_packet/x8/raw,4096,1024,1024,33587200,33587200,0,1024,256,10,1,615,13.874943733215332,0.022560884119049319,1019.6924867658464,1
2026-08-16T15:19:17Z,NVIDIA H200 NVL,full,uniform_0_1,gemv,raw_fp64,64,11,52,fp64,natural,thread_packet,8,128,1,1,8,none,raw,natural/thread_packet/x8/raw,4096,1024,1024,33587200,33587200,0,1024,256,10,2,615,13.877887725830078,0.022565671098910695,1019.6924867658464,1
2026-08-16T15:19:17Z,NVIDIA H200 NVL,full,uniform_0_1,gemv,raw_fp64,64,11,52,fp64,natural,thread_packet,8,128,1,1,8,none,raw,natural/thread_packet/x8/raw,4096,1024,1024,33587200,33587200,0,1024,256,10,3,615,13.878911972045898,0.022567336539912029,1019.6924867658464,1
2026-08-16T15:19:17Z,NVIDIA H200 NVL,full,uniform_0_1,gemv,raw_fp64,64,11,52,fp64,natural,thread_packet,8,128,1,1,8,none,raw,natural/thread_packet/x8/raw,4096,1024,1024,33587200,33587200,0,1024,256,10,4,615,13.90118408203125,0.02260355135289634,1019.6924867658464,1
2026-08-16T15:19:17Z,NVIDIA H200 NVL,full,uniform_0_1,gemv,raw_fp64,64,11,52,fp64,natural,thread_packet,8,128,1,1,8,none,raw,natural/thread_packet/x8/raw,16384,1024,1024,134348800,134348800,0,1024,256,10,0,184,14.699104309082031,0.079886436462402344,4110.2963092903155,1
2026-08-16T15:19:17Z,NVIDIA H200 NVL,full,uniform_0_1,gemv,raw_fp64,64,11,52,fp64,natural,thread_packet,8,128,1,1,8,none,raw,natural/thread_packet/x8/raw,16384,1024,1024,134348800,134348800,0,1024,256,10,1,184,14.703712463378906,0.079911480779233185,4110.2963092903155,1
2026-08-16T15:19:17Z,NVIDIA H200 NVL,full,uniform_0_1,gemv,raw_fp64,64,11,52,fp64,natural,thread_packet,8,128,1,1,8,none,raw,natural/thread_packet/x8/raw,16384,1024,1024,134348800,134348800,0,1024,256,10,2,184,14.69871997833252,0.079884347708328904,4110.2963092903155,1
2026-08-16T15:19:17Z,NVIDIA H200 NVL,full,uniform_0_1,gemv,raw_fp64,64,11,52,fp64,natural,thread_packet,8,128,1,1,8,none,raw,natural/thread_packet/x8/raw,16384,1024,1024,134348800,134348800,0,1024,256,10,3,184,14.703616142272949,0.079910957294961685,4110.2963092903155,1
2026-08-16T15:19:17Z,NVIDIA H200 NVL,full,uniform_0_1,gemv,raw_fp64,64,11,52,fp64,natural,thread_packet,8,128,1,1,8,none,raw,natural/thread_packet/x8/raw,16384,1024,1024,134348800,134348800,0,1024,256,10,4,184,14.697440147399902,0.07987739210543425,4110.2963092903155,1
2026-08-16T15:19:17Z,NVIDIA H200 NVL,full,uniform_0_1,gemv,raw_fp64,64,11,52,fp64,natural,thread_packet,8,128,1,1,8,none,raw,natural/thread_packet/x8/raw,65536,1024,1024,537395200,537395200,0,1024,256,10,0,50,15.077280044555664,0.30154560089111326,16361.329375903359,1
2026-08-16T15:19:17Z,NVIDIA H200 NVL,full,uniform_0_1,gemv,raw_fp64,64,11,52,fp64,natural,thread_packet,8,128,1,1,8,none,raw,natural/thread_packet/x8/raw,65536,1024,1024,537395200,537395200,0,1024,256,10,1,50,15.060992240905762,0.30121984481811526,16361.329375903359,1
2026-08-16T15:19:17Z,NVIDIA H200 NVL,full,uniform_0_1,gemv,raw_fp64,64,11,52,fp64,natural,thread_packet,8,128,1,1,8,none,raw,natural/thread_packet/x8/raw,65536,1024,1024,537395200,537395200,0,1024,256,10,2,50,15.045120239257812,0.30090240478515623,16361.329375903359,1
2026-08-16T15:19:17Z,NVIDIA H200 NVL,full,uniform_0_1,gemv,raw_fp64,64,11,52,fp64,natural,thread_packet,8,128,1,1,8,none,raw,natural/thread_packet/x8/raw,65536,1024,1024,537395200,537395200,0,1024,256,10,3,50,15.041952133178711,0.3008390426635742,16361.329375903359,1
2026-08-16T15:19:17Z,NVIDIA H200 NVL,full,uniform_0_1,gemv,raw_fp64,64,11,52,fp64,natural,thread_packet,8,128,1,1,8,none,raw,natural/thread_packet/x8/raw,65536,1024,1024,537395200,537395200,0,1024,256,10,4,50,15.039327621459961,0.30078655242919922,16361.329375903359,1
2026-08-16T15:19:17Z,NVIDIA H200 NVL,full,normal_0_1,dot,raw_fp32,32,8,23,fp32,natural,scalar,1,32,1,1,1,none,raw,natural/scalar/x1/raw,4096,0,1,32768,32768,0,16,256,10,0,1922,9.2341117858886719,0.0048044286086829716,32.916206359863281,1
2026-08-16T15:19:17Z,NVIDIA H200 NVL,full,normal_0_1,dot,raw_fp32,32,8,23,fp32,natural,scalar,1,32,1,1,1,none,raw,natural/scalar/x1/raw,4096,0,1,32768,32768,0,16,256,10,1,1922,9.2224960327148438,0.0047983850326299912,32.916206359863281,1
2026-08-16T15:19:17Z,NVIDIA H200 NVL,full,normal_0_1,dot,raw_fp32,32,8,23,fp32,natural,scalar,1,32,1,1,1,none,raw,natural/scalar/x1/raw,4096,0,1,32768,32768,0,16,256,10,2,1922,9.2954244613647461,0.004836329064185612,32.916206359863281,1
2026-08-16T15:19:17Z,NVIDIA H200 NVL,full,normal_0_1,dot,raw_fp32,32,8,23,fp32,natural,scalar,1,32,1,1,1,none,raw,natural/scalar/x1/raw,4096,0,1,32768,32768,0,16,256,10,3,1922,9.2986240386962891,0.004837993776636987,32.916206359863281,1
2026-08-16T15:19:17Z,NVIDIA H200 NVL,full,normal_0_1,dot,raw_fp32,32,8,23,fp32,natural,scalar,1,32,1,1,1,none,raw,natural/scalar/x1/raw,4096,0,1,32768,32768,0,16,256,10,4,1922,9.2917442321777344,0.0048344142727251476,32.916206359863281,1
2026-08-16T15:19:17Z,NVIDIA H200 NVL,full,normal_0_1,dot,raw_fp32,32,8,23,fp32,natural,scalar,1,32,1,1,1,none,raw,natural/scalar/x1/raw,65536,0,1,524288,524288,0,256,256,10,0,2103,10.712512016296387,0.0050939191708494471,424.98861694335938,1
2026-08-16T15:19:17Z,NVIDIA H200 NVL,full,normal_0_1,dot,raw_fp32,32,8,23,fp32,natural,scalar,1,32,1,1,1,none,raw,natural/scalar/x1/raw,65536,0,1,524288,524288,0,256,256,10,1,2103,10.712320327758789,0.0050938280208077929,424.98861694335938,1
2026-08-16T15:19:17Z,NVIDIA H200 NVL,full,normal_0_1,dot,raw_fp32,32,8,23,fp32,natural,scalar,1,32,1,1,1,none,raw,natural/scalar/x1/raw,65536,0,1,524288,524288,0,256,256,10,2,2103,10.712384223937988,0.0050938584041550113,424.98861694335938,1
2026-08-16T15:19:17Z,NVIDIA H200 NVL,full,normal_0_1,dot,raw_fp32,32,8,23,fp32,natural,scalar,1,32,1,1,1,none,raw,natural/scalar/x1/raw,65536,0,1,524288,524288,0,256,256,10,3,2103,10.709407806396484,0.0050924430843540111,424.98861694335938,1
2026-08-16T15:19:17Z,NVIDIA H200 NVL,full,normal_0_1,dot,raw_fp32,32,8,23,fp32,natural,scalar,1,32,1,1,1,none,raw,natural/scalar/x1/raw,65536,0,1,524288,524288,0,256,256,10,4,2103,10.710271835327148,0.0050928539397656434,424.98861694335938,1
2026-08-16T15:19:17Z,NVIDIA H200 NVL,full,normal_0_1,dot,raw_fp32,32,8,23,fp32,natural,scalar,1,32,1,1,1,none,raw,natural/scalar/x1/raw,1048576,0,1,8388608,8388608,0,512,256,10,0,1606,11.327520370483398,0.0070532505420195504,-1214.739990234375,1
2026-08-16T15:19:17Z,NVIDIA H200 NVL,full,normal_0_1,dot,raw_fp32,32,8,23,fp32,natural,scalar,1,32,1,1,1,none,raw,natural/scalar/x1/raw,1048576,0,1,8388608,8388608,0,512,256,10,1,1606,11.333375930786133,0.0070568965945119137,-1214.739990234375,1
2026-08-16T15:19:17Z,NVIDIA H200 NVL,full,normal_0_1,dot,raw_fp32,32,8,23,fp32,natural,scalar,1,32,1,1,1,none,raw,natural/scalar/x1/raw,1048576,0,1,8388608,8388608,0,512,256,10,2,1606,11.333919525146484,0.0070572350716976862,-1214.739990234375,1
2026-08-16T15:19:17Z,NVIDIA H200 NVL,full,normal_0_1,dot,raw_fp32,32,8,23,fp32,natural,scalar,1,32,1,1,1,none,raw,natural/scalar/x1/raw,1048576,0,1,8388608,8388608,0,512,256,10,3,1606,11.333536148071289,0.0070569963562087728,-1214.739990234375,1
2026-08-16T15:19:17Z,NVIDIA H200 NVL,full,normal_0_1,dot,raw_fp32,32,8,23,fp32,natural,scalar,1,32,1,1,1,none,raw,natural/scalar/x1/raw,1048576,0,1,8388608,8388608,0,512,256,10,4,1606,11.332192420959473,0.0070561596643583264,-1214.739990234375,1
2026-08-16T15:19:17Z,NVIDIA H200 NVL,full,normal_0_1,dot,raw_fp32,32,8,23,fp32,natural,scalar,1,32,1,1,1,none,raw,natural/scalar/x1/raw,16777216,0,1,134217728,134217728,0,512,256,10,0,212,14.921216011047363,0.070383094391732848,-2896.154296875,1
2026-08-16T15:19:17Z,NVIDIA H200 NVL,full,normal_0_1,dot,raw_fp32,32,8,23,fp32,natural,scalar,1,32,1,1,1,none,raw,natural/scalar/x1/raw,16777216,0,1,134217728,134217728,0,512,256,10,1,212,14.888031959533691,0.070226565846857034,-2896.154296875,1
2026-08-16T15:19:17Z,NVIDIA H200 NVL,full,normal_0_1,dot,raw_fp32,32,8,23,fp32,natural,scalar,1,32,1,1,1,none,raw,natural/scalar/x1/raw,16777216,0,1,134217728,134217728,0,512,256,10,2,212,14.895423889160156,0.070261433439434695,-2896.154296875,1
2026-08-16T15:19:17Z,NVIDIA H200 NVL,full,normal_0_1,dot,raw_fp32,32,8,23,fp32,natural,scalar,1,32,1,1,1,none,raw,natural/scalar/x1/raw,16777216,0,1,134217728,134217728,0,512,256,10,3,212,14.896096229553223,0.070264604856383125,-2896.154296875,1
2026-08-16T15:19:17Z,NVIDIA H200 NVL,full,normal_0_1,dot,raw_fp32,32,8,23,fp32,natural,scalar,1,32,1,1,1,none,raw,natural/scalar/x1/raw,16777216,0,1,134217728,134217728,0,512,256,10,4,212,14.888192176818848,0.070227321588768155,-2896.154296875,1
2026-08-16T15:19:17Z,NVIDIA H200 NVL,full,normal_0_1,dot,raw_fp32,32,8,23,fp32,natural,scalar,1,32,1,1,1,none,raw,natural/scalar/x1/raw,134217728,0,1,1073741824,1073741824,0,512,256,10,0,30,15.123071670532227,0.50410238901774085,13110.0732421875,1
2026-08-16T15:19:17Z,NVIDIA H200 NVL,full,normal_0_1,dot,raw_fp32,32,8,23,fp32,natural,scalar,1,32,1,1,1,none,raw,natural/scalar/x1/raw,134217728,0,1,1073741824,1073741824,0,512,256,10,1,30,15.111904144287109,0.50373013814290368,13110.0732421875,1
2026-08-16T15:19:17Z,NVIDIA H200 NVL,full,normal_0_1,dot,raw_fp32,32,8,23,fp32,natural,scalar,1,32,1,1,1,none,raw,natural/scalar/x1/raw,134217728,0,1,1073741824,1073741824,0,512,256,10,2,30,15.11689567565918,0.5038965225219727,13110.0732421875,1
2026-08-16T15:19:17Z,NVIDIA H200 NVL,full,normal_0_1,dot,raw_fp32,32,8,23,fp32,natural,scalar,1,32,1,1,1,none,raw,natural/scalar/x1/raw,134217728,0,1,1073741824,1073741824,0,512,256,10,3,30,15.114496231079102,0.50381654103597007,13110.0732421875,1
2026-08-16T15:19:17Z,NVIDIA H200 NVL,full,normal_0_1,dot,raw_fp32,32,8,23,fp32,natural,scalar,1,32,1,1,1,none,raw,natural/scalar/x1/raw,134217728,0,1,1073741824,1073741824,0,512,256,10,4,30,15.111455917358398,0.50371519724527991,13110.0732421875,1
2026-08-16T15:19:17Z,NVIDIA H200 NVL,full,normal_0_1,gemv,raw_fp32,32,8,23,fp32,natural,scalar,1,32,1,1,1,none,raw,natural/scalar/x1/raw,256,1024,1024,1049600,1049600,0,1024,256,10,0,2507,9.1021757125854492,0.0036307043129578977,18.843532562255859,1
2026-08-16T15:19:17Z,NVIDIA H200 NVL,full,normal_0_1,gemv,raw_fp32,32,8,23,fp32,natural,scalar,1,32,1,1,1,none,raw,natural/scalar/x1/raw,256,1024,1024,1049600,1049600,0,1024,256,10,1,2507,9.1008644104003906,0.0036301812566415597,18.843532562255859,1
2026-08-16T15:19:17Z,NVIDIA H200 NVL,full,normal_0_1,gemv,raw_fp32,32,8,23,fp32,natural,scalar,1,32,1,1,1,none,raw,natural/scalar/x1/raw,256,1024,1024,1049600,1049600,0,1024,256,10,2,2507,9.1016635894775391,0.0036305000356910808,18.843532562255859,1
2026-08-16T15:19:17Z,NVIDIA H200 NVL,full,normal_0_1,gemv,raw_fp32,32,8,23,fp32,natural,scalar,1,32,1,1,1,none,raw,natural/scalar/x1/raw,256,1024,1024,1049600,1049600,0,1024,256,10,3,2507,9.0990400314331055,0.0036294535426538116,18.843532562255859,1
2026-08-16T15:19:17Z,NVIDIA H200 NVL,full,normal_0_1,gemv,raw_fp32,32,8,23,fp32,natural,scalar,1,32,1,1,1,none,raw,natural/scalar/x1/raw,256,1024,1024,1049600,1049600,0,1024,256,10,4,2507,9.0997762680053711,0.0036297472150001479,18.843532562255859,1
2026-08-16T15:19:17Z,NVIDIA H200 NVL,full,normal_0_1,gemv,raw_fp32,32,8,23,fp32,natural,scalar,1,32,1,1,1,none,raw,natural/scalar/x1/raw,1024,1024,1024,4198400,4198400,0,1024,256,10,0,2298,10.018464088439941,0.0043596449471018026,17.024106979370117,1
2026-08-16T15:19:17Z,NVIDIA H200 NVL,full,normal_0_1,gemv,raw_fp32,32,8,23,fp32,natural,scalar,1,32,1,1,1,none,raw,natural/scalar/x1/raw,1024,1024,1024,4198400,4198400,0,1024,256,10,1,2298,10.021568298339844,0.0043609957782157717,17.024106979370117,1
2026-08-16T15:19:17Z,NVIDIA H200 NVL,full,normal_0_1,gemv,raw_fp32,32,8,23,fp32,natural,scalar,1,32,1,1,1,none,raw,natural/scalar/x1/raw,1024,1024,1024,4198400,4198400,0,1024,256,10,2,2298,10.022879600524902,0.004361566405798478,17.024106979370117,1
2026-08-16T15:19:17Z,NVIDIA H200 NVL,full,normal_0_1,gemv,raw_fp32,32,8,23,fp32,natural,scalar,1,32,1,1,1,none,raw,natural/scalar/x1/raw,1024,1024,1024,4198400,4198400,0,1024,256,10,3,2298,10.02393627166748,0.0043620262278796697,17.024106979370117,1
2026-08-16T15:19:17Z,NVIDIA H200 NVL,full,normal_0_1,gemv,raw_fp32,32,8,23,fp32,natural,scalar,1,32,1,1,1,none,raw,natural/scalar/x1/raw,1024,1024,1024,4198400,4198400,0,1024,256,10,4,2298,10.024224281311035,0.0043621515584469257,17.024106979370117,1
2026-08-16T15:19:17Z,NVIDIA H200 NVL,full,normal_0_1,gemv,raw_fp32,32,8,23,fp32,natural,scalar,1,32,1,1,1,none,raw,natural/scalar/x1/raw,4096,1024,1024,16793600,16793600,0,1024,256,10,0,1611,11.42796802520752,0.0070937107543187581,32.916213989257812,1
2026-08-16T15:19:17Z,NVIDIA H200 NVL,full,normal_0_1,gemv,raw_fp32,32,8,23,fp32,natural,scalar,1,32,1,1,1,none,raw,natural/scalar/x1/raw,4096,1024,1024,16793600,16793600,0,1024,256,10,1,1611,11.473024368286133,0.0071216786891906475,32.916213989257812,1
2026-08-16T15:19:17Z,NVIDIA H200 NVL,full,normal_0_1,gemv,raw_fp32,32,8,23,fp32,natural,scalar,1,32,1,1,1,none,raw,natural/scalar/x1/raw,4096,1024,1024,16793600,16793600,0,1024,256,10,2,1611,11.4683837890625,0.007118798131013346,32.916213989257812,1
2026-08-16T15:19:17Z,NVIDIA H200 NVL,full,normal_0_1,gemv,raw_fp32,32,8,23,fp32,natural,scalar,1,32,1,1,1,none,raw,natural/scalar/x1/raw,4096,1024,1024,16793600,16793600,0,1024,256,10,3,1611,11.461888313293457,0.0071147661783323756,32.916213989257812,1
2026-08-16T15:19:17Z,NVIDIA H200 NVL,full,normal_0_1,gemv,raw_fp32,32,8,23,fp32,natural,scalar,1,32,1,1,1,none,raw,natural/scalar/x1/raw,4096,1024,1024,16793600,16793600,0,1024,256,10,4,1611,11.461343765258789,0.0071144281596888818,32.916213989257812,1
2026-08-16T15:19:17Z,NVIDIA H200 NVL,full,normal_0_1,gemv,raw_fp32,32,8,23,fp32,natural,scalar,1,32,1,1,1,none,raw,natural/scalar/x1/raw,16384,1024,1024,67174400,67174400,0,1024,256,10,0,427,14.562239646911621,0.034103605730472178,14.335777282714844,1
2026-08-16T15:19:17Z,NVIDIA H200 NVL,full,normal_0_1,gemv,raw_fp32,32,8,23,fp32,natural,scalar,1,32,1,1,1,none,raw,natural/scalar/x1/raw,16384,1024,1024,67174400,67174400,0,1024,256,10,1,427,14.552384376525879,0.034080525471957564,14.335777282714844,1
2026-08-16T15:19:17Z,NVIDIA H200 NVL,full,normal_0_1,gemv,raw_fp32,32,8,23,fp32,natural,scalar,1,32,1,1,1,none,raw,natural/scalar/x1/raw,16384,1024,1024,67174400,67174400,0,1024,256,10,2,427,14.553695678710938,0.034083596437262151,14.335777282714844,1
2026-08-16T15:19:17Z,NVIDIA H200 NVL,full,normal_0_1,gemv,raw_fp32,32,8,23,fp32,natural,scalar,1,32,1,1,1,none,raw,natural/scalar/x1/raw,16384,1024,1024,67174400,67174400,0,1024,256,10,3,427,14.53279972076416,0.034034659767597564,14.335777282714844,1
2026-08-16T15:19:17Z,NVIDIA H200 NVL,full,normal_0_1,gemv,raw_fp32,32,8,23,fp32,natural,scalar,1,32,1,1,1,none,raw,natural/scalar/x1/raw,16384,1024,1024,67174400,67174400,0,1024,256,10,4,427,14.539615631103516,0.034050622086893481,14.335777282714844,1
2026-08-16T15:19:17Z,NVIDIA H200 NVL,full,normal_0_1,gemv,raw_fp32,32,8,23,fp32,natural,scalar,1,32,1,1,1,none,raw,natural/scalar/x1/raw,65536,1024,1024,268697600,268697600,0,1024,256,10,0,123,14.903743743896484,0.12116864832436167,424.98876953125,1
2026-08-16T15:19:17Z,NVIDIA H200 NVL,full,normal_0_1,gemv,raw_fp32,32,8,23,fp32,natural,scalar,1,32,1,1,1,none,raw,natural/scalar/x1/raw,65536,1024,1024,268697600,268697600,0,1024,256,10,1,123,14.901984214782715,0.12115434320961557,424.98876953125,1
2026-08-16T15:19:17Z,NVIDIA H200 NVL,full,normal_0_1,gemv,raw_fp32,32,8,23,fp32,natural,scalar,1,32,1,1,1,none,raw,natural/scalar/x1/raw,65536,1024,1024,268697600,268697600,0,1024,256,10,2,123,14.89577579498291,0.12110386825189358,424.98876953125,1
2026-08-16T15:19:17Z,NVIDIA H200 NVL,full,normal_0_1,gemv,raw_fp32,32,8,23,fp32,natural,scalar,1,32,1,1,1,none,raw,natural/scalar/x1/raw,65536,1024,1024,268697600,268697600,0,1024,256,10,3,123,14.888640403747559,0.12104585694103706,424.98876953125,1
2026-08-16T15:19:17Z,NVIDIA H200 NVL,full,normal_0_1,gemv,raw_fp32,32,8,23,fp32,natural,scalar,1,32,1,1,1,none,raw,natural/scalar/x1/raw,65536,1024,1024,268697600,268697600,0,1024,256,10,4,123,14.888319969177246,0.12104325178192883,424.98876953125,1
2026-08-16T15:19:17Z,NVIDIA H200 NVL,full,normal_0_1,dot,raw_fp32,32,8,23,fp32,natural,thread_packet,2,64,1,1,2,none,raw,natural/thread_packet/x2/raw,4096,0,1,32768,32768,0,8,256,10,0,2141,10.252320289611816,0.0047885662258812783,32.916213989257812,1
2026-08-16T15:19:17Z,NVIDIA H200 NVL,full,normal_0_1,dot,raw_fp32,32,8,23,fp32,natural,thread_packet,2,64,1,1,2,none,raw,natural/thread_packet/x2/raw,4096,0,1,32768,32768,0,8,256,10,1,2141,10.261183738708496,0.0047927060900086393,32.916213989257812,1
2026-08-16T15:19:17Z,NVIDIA H200 NVL,full,normal_0_1,dot,raw_fp32,32,8,23,fp32,natural,thread_packet,2,64,1,1,2,none,raw,natural/thread_packet/x2/raw,4096,0,1,32768,32768,0,8,256,10,2,2141,10.278112411499023,0.0048006129899575076,32.916213989257812,1
2026-08-16T15:19:17Z,NVIDIA H200 NVL,full,normal_0_1,dot,raw_fp32,32,8,23,fp32,natural,thread_packet,2,64,1,1,2,none,raw,natural/thread_packet/x2/raw,4096,0,1,32768,32768,0,8,256,10,3,2141,10.291904449462891,0.0048070548572923359,32.916213989257812,1
2026-08-16T15:19:17Z,NVIDIA H200 NVL,full,normal_0_1,dot,raw_fp32,32,8,23,fp32,natural,thread_packet,2,64,1,1,2,none,raw,natural/thread_packet/x2/raw,4096,0,1,32768,32768,0,8,256,10,4,2141,10.291935920715332,0.0048070695566162225,32.916213989257812,1
2026-08-16T15:19:17Z,NVIDIA H200 NVL,full,normal_0_1,dot,raw_fp32,32,8,23,fp32,natural,thread_packet,2,64,1,1,2,none,raw,natural/thread_packet/x2/raw,65536,0,1,524288,524288,0,128,256,10,0,2112,10.720767974853516,0.0050761212002147331,424.98867797851562,1
2026-08-16T15:19:17Z,NVIDIA H200 NVL,full,normal_0_1,dot,raw_fp32,32,8,23,fp32,natural,thread_packet,2,64,1,1,2,none,raw,natural/thread_packet/x2/raw,65536,0,1,524288,524288,0,128,256,10,1,2112,10.710687637329102,0.0050713483131293096,424.98867797851562,1
2026-08-16T15:19:17Z,NVIDIA H200 NVL,full,normal_0_1,dot,raw_fp32,32,8,23,fp32,natural,thread_packet,2,64,1,1,2,none,raw,natural/thread_packet/x2/raw,65536,0,1,524288,524288,0,128,256,10,2,2112,10.710592269897461,0.0050713031580953884,424.98867797851562,1
2026-08-16T15:19:17Z,NVIDIA H200 NVL,full,normal_0_1,dot,raw_fp32,32,8,23,fp32,natural,thread_packet,2,64,1,1,2,none,raw,natural/thread_packet/x2/raw,65536,0,1,524288,524288,0,128,256,10,3,2112,10.714624404907227,0.0050732123129295578,424.98867797851562,1
2026-08-16T15:19:17Z,NVIDIA H200 NVL,full,normal_0_1,dot,raw_fp32,32,8,23,fp32,natural,thread_packet,2,64,1,1,2,none,raw,natural/thread_packet/x2/raw,65536,0,1,524288,524288,0,128,256,10,4,2112,10.710687637329102,0.0050713483131293096,424.98867797851562,1
2026-08-16T15:19:17Z,NVIDIA H200 NVL,full,normal_0_1,dot,raw_fp32,32,8,23,fp32,natural,thread_packet,2,64,1,1,2,none,raw,natural/thread_packet/x2/raw,1048576,0,1,8388608,8388608,0,512,256,10,0,1763,11.616767883300781,0.0065892046984122408,-1214.7396240234375,1
2026-08-16T15:19:17Z,NVIDIA H200 NVL,full,normal_0_1,dot,raw_fp32,32,8,23,fp32,natural,thread_packet,2,64,1,1,2,none,raw,natural/thread_packet/x2/raw,1048576,0,1,8388608,8388608,0,512,256,10,1,1763,11.616031646728516,0.0065887870940036959,-1214.7396240234375,1
2026-08-16T15:19:17Z,NVIDIA H200 NVL,full,normal_0_1,dot,raw_fp32,32,8,23,fp32,natural,thread_packet,2,64,1,1,2,none,raw,natural/thread_packet/x2/raw,1048576,0,1,8388608,8388608,0,512,256,10,2,1763,11.615039825439453,0.0065882245181165359,-1214.7396240234375,1
2026-08-16T15:19:17Z,NVIDIA H200 NVL,full,normal_0_1,dot,raw_fp32,32,8,23,fp32,natural,thread_packet,2,64,1,1,2,none,raw,natural/thread_packet/x2/raw,1048576,0,1,8388608,8388608,0,512,256,10,3,1763,11.617759704589844,0.0065897672742994007,-1214.7396240234375,1
2026-08-16T15:19:17Z,NVIDIA H200 NVL,full,normal_0_1,dot,raw_fp32,32,8,23,fp32,natural,thread_packet,2,64,1,1,2,none,raw,natural/thread_packet/x2/raw,1048576,0,1,8388608,8388608,0,512,256,10,4,1763,11.616864204406738,0.0065892593331858982,-1214.7396240234375,1
2026-08-16T15:19:17Z,NVIDIA H200 NVL,full,normal_0_1,dot,raw_fp32,32,8,23,fp32,natural,thread_packet,2,64,1,1,2,none,raw,natural/thread_packet/x2/raw,16777216,0,1,134217728,134217728,0,512,256,10,0,330,14.999008178710938,0.045451539935487686,-2896.156005859375,1
2026-08-16T15:19:17Z,NVIDIA H200 NVL,full,normal_0_1,dot,raw_fp32,32,8,23,fp32,natural,thread_packet,2,64,1,1,2,none,raw,natural/thread_packet/x2/raw,16777216,0,1,134217728,134217728,0,512,256,10,1,330,14.979104042053223,0.045391224369858249,-2896.156005859375,1
2026-08-16T15:19:17Z,NVIDIA H200 NVL,full,normal_0_1,dot,raw_fp32,32,8,23,fp32,natural,thread_packet,2,64,1,1,2,none,raw,natural/thread_packet/x2/raw,16777216,0,1,134217728,134217728,0,512,256,10,2,330,14.988608360290527,0.045420025334213722,-2896.156005859375,1
2026-08-16T15:19:17Z,NVIDIA H200 NVL,full,normal_0_1,dot,raw_fp32,32,8,23,fp32,natural,thread_packet,2,64,1,1,2,none,raw,natural/thread_packet/x2/raw,16777216,0,1,134217728,134217728,0,512,256,10,3,330,14.98630428314209,0.045413043282248759,-2896.156005859375,1
2026-08-16T15:19:17Z,NVIDIA H200 NVL,full,normal_0_1,dot,raw_fp32,32,8,23,fp32,natural,thread_packet,2,64,1,1,2,none,raw,natural/thread_packet/x2/raw,16777216,0,1,134217728,134217728,0,512,256,10,4,330,14.994272232055664,0.045437188581986858,-2896.156005859375,1
2026-08-16T15:19:17Z,NVIDIA H200 NVL,full,normal_0_1,dot,raw_fp32,32,8,23,fp32,natural,thread_packet,2,64,1,1,2,none,raw,natural/thread_packet/x2/raw,134217728,0,1,1073741824,1073741824,0,512,256,10,0,49,15.028960227966309,0.30671347404012872,13110.080078125,1
2026-08-16T15:19:17Z,NVIDIA H200 NVL,full,normal_0_1,dot,raw_fp32,32,8,23,fp32,natural,thread_packet,2,64,1,1,2,none,raw,natural/thread_packet/x2/raw,134217728,0,1,1073741824,1073741824,0,512,256,10,1,49,15.02239990234375,0.30657958984375,13110.080078125,1
2026-08-16T15:19:17Z,NVIDIA H200 NVL,full,normal_0_1,dot,raw_fp32,32,8,23,fp32,natural,thread_packet,2,64,1,1,2,none,raw,natural/thread_packet/x2/raw,134217728,0,1,1073741824,1073741824,0,512,256,10,2,49,15.024224281311035,0.30661682206757213,13110.080078125,1
2026-08-16T15:19:17Z,NVIDIA H200 NVL,full,normal_0_1,dot,raw_fp32,32,8,23,fp32,natural,thread_packet,2,64,1,1,2,none,raw,natural/thread_packet/x2/raw,134217728,0,1,1073741824,1073741824,0,512,256,10,3,49,15.023967742919922,0.30661158659020249,13110.080078125,1
2026-08-16T15:19:17Z,NVIDIA H200 NVL,full,normal_0_1,dot,raw_fp32,32,8,23,fp32,natural,thread_packet,2,64,1,1,2,none,raw,natural/thread_packet/x2/raw,134217728,0,1,1073741824,1073741824,0,512,256,10,4,49,15.010623931884766,0.30633926391601562,13110.080078125,1
2026-08-16T15:19:17Z,NVIDIA H200 NVL,full,normal_0_1,gemv,raw_fp32,32,8,23,fp32,natural,thread_packet,2,64,1,1,2,none,raw,natural/thread_packet/x2/raw,256,1024,1024,1049600,1049600,0,1024,256,10,0,2576,9.340479850769043,0.0036259626749879825,18.843532562255859,1
2026-08-16T15:19:17Z,NVIDIA H200 NVL,full,normal_0_1,gemv,raw_fp32,32,8,23,fp32,natural,thread_packet,2,64,1,1,2,none,raw,natural/thread_packet/x2/raw,256,1024,1024,1049600,1049600,0,1024,256,10,1,2576,9.3436479568481445,0.0036271925298323542,18.843532562255859,1
2026-08-16T15:19:17Z,NVIDIA H200 NVL,full,normal_0_1,gemv,raw_fp32,32,8,23,fp32,natural,thread_packet,2,64,1,1,2,none,raw,natural/thread_packet/x2/raw,256,1024,1024,1049600,1049600,0,1024,256,10,2,2576,9.3419198989868164,0.0036265216999172424,18.843532562255859,1
2026-08-16T15:19:17Z,NVIDIA H200 NVL,full,normal_0_1,gemv,raw_fp32,32,8,23,fp32,natural,thread_packet,2,64,1,1,2,none,raw,natural/thread_packet/x2/raw,256,1024,1024,1049600,1049600,0,1024,256,10,3,2576,9.3423681259155273,0.0036266957010541645,18.843532562255859,1
2026-08-16T15:19:17Z,NVIDIA H200 NVL,full,normal_0_1,gemv,raw_fp32,32,8,23,fp32,natural,thread_packet,2,64,1,1,2,none,raw,natural/thread_packet/x2/raw,256,1024,1024,1049600,1049600,0,1024,256,10,4,2576,9.3467521667480469,0.0036283975802593352,18.843532562255859,1
2026-08-16T15:19:17Z,NVIDIA H200 NVL,full,normal_0_1,gemv,raw_fp32,32,8,23,fp32,natural,thread_packet,2,64,1,1,2,none,raw,natural/thread_packet/x2/raw,1024,1024,1024,4198400,4198400,0,1024,256,10,0,2392,10.025055885314941,0.0041910768751316644,17.024105072021484,1
2026-08-16T15:19:17Z,NVIDIA H200 NVL,full,normal_0_1,gemv,raw_fp32,32,8,23,fp32,natural,thread_packet,2,64,1,1,2,none,raw,natural/thread_packet/x2/raw,1024,1024,1024,4198400,4198400,0,1024,256,10,1,2392,10.029279708862305,0.0041928426876514649,17.024105072021484,1
2026-08-16T15:19:17Z,NVIDIA H200 NVL,full,normal_0_1,gemv,raw_fp32,32,8,23,fp32,natural,thread_packet,2,64,1,1,2,none,raw,natural/thread_packet/x2/raw,1024,1024,1024,4198400,4198400,0,1024,256,10,2,2392,10.046688079833984,0.0042001204347132046,17.024105072021484,1
2026-08-16T15:19:17Z,NVIDIA H200 NVL,full,normal_0_1,gemv,raw_fp32,32,8,23,fp32,natural,thread_packet,2,64,1,1,2,none,raw,natural/thread_packet/x2/raw,1024,1024,1024,4198400,4198400,0,1024,256,10,3,2392,10.058527946472168,0.0042050702117358563,17.024105072021484,1
2026-08-16T15:19:17Z,NVIDIA H200 NVL,full,normal_0_1,gemv,raw_fp32,32,8,23,fp32,natural,thread_packet,2,64,1,1,2,none,raw,natural/thread_packet/x2/raw,1024,1024,1024,4198400,4198400,0,1024,256,10,4,2392,10.113856315612793,0.0042282008008414683,17.024105072021484,1
2026-08-16T15:19:17Z,NVIDIA H200 NVL,full,normal_0_1,gemv,raw_fp32,32,8,23,fp32,natural,thread_packet,2,64,1,1,2,none,raw,natural/thread_packet/x2/raw,4096,1024,1024,16793600,16793600,0,1024,256,10,0,1796,11.416383743286133,0.0063565611042795843,32.916217803955078,1
2026-08-16T15:19:17Z,NVIDIA H200 NVL,full,normal_0_1,gemv,raw_fp32,32,8,23,fp32,natural,thread_packet,2,64,1,1,2,none,raw,natural/thread_packet/x2/raw,4096,1024,1024,16793600,16793600,0,1024,256,10,1,1796,11.417887687683105,0.0063573984898012839,32.916217803955078,1
2026-08-16T15:19:17Z,NVIDIA H200 NVL,full,normal_0_1,gemv,raw_fp32,32,8,23,fp32,natural,thread_packet,2,64,1,1,2,none,raw,natural/thread_packet/x2/raw,4096,1024,1024,16793600,16793600,0,1024,256,10,2,1796,11.412032127380371,0.0063541381555569992,32.916217803955078,1
2026-08-16T15:19:17Z,NVIDIA H200 NVL,full,normal_0_1,gemv,raw_fp32,32,8,23,fp32,natural,thread_packet,2,64,1,1,2,none,raw,natural/thread_packet/x2/raw,4096,1024,1024,16793600,16793600,0,1024,256,10,3,1796,11.410847663879395,0.0063534786547212669,32.916217803955078,1
2026-08-16T15:19:17Z,NVIDIA H200 NVL,full,normal_0_1,gemv,raw_fp32,32,8,23,fp32,natural,thread_packet,2,64,1,1,2,none,raw,natural/thread_packet/x2/raw,4096,1024,1024,16793600,16793600,0,1024,256,10,4,1796,11.40937614440918,0.0063526593231676949,32.916217803955078,1
2026-08-16T15:19:17Z,NVIDIA H200 NVL,full,normal_0_1,gemv,raw_fp32,32,8,23,fp32,natural,thread_packet,2,64,1,1,2,none,raw,natural/thread_packet/x2/raw,16384,1024,1024,67174400,67174400,0,1024,256,10,0,618,14.613727569580078,0.023646808365016307,14.335807800292969,1
2026-08-16T15:19:17Z,NVIDIA H200 NVL,full,normal_0_1,gemv,raw_fp32,32,8,23,fp32,natural,thread_packet,2,64,1,1,2,none,raw,natural/thread_packet/x2/raw,16384,1024,1024,67174400,67174400,0,1024,256,10,1,618,14.59113597869873,0.023610252392716392,14.335807800292969,1
2026-08-16T15:19:17Z,NVIDIA H200 NVL,full,normal_0_1,gemv,raw_fp32,32,8,23,fp32,natural,thread_packet,2,64,1,1,2,none,raw,natural/thread_packet/x2/raw,16384,1024,1024,67174400,67174400,0,1024,256,10,2,618,14.592831611633301,0.023612996135328964,14.335807800292969,1
2026-08-16T15:19:17Z,NVIDIA H200 NVL,full,normal_0_1,gemv,raw_fp32,32,8,23,fp32,natural,thread_packet,2,64,1,1,2,none,raw,natural/thread_packet/x2/raw,16384,1024,1024,67174400,67174400,0,1024,256,10,3,618,14.60102367401123,0.023626251899694549,14.335807800292969,1
2026-08-16T15:19:17Z,NVIDIA H200 NVL,full,normal_0_1,gemv,raw_fp32,32,8,23,fp32,natural,thread_packet,2,64,1,1,2,none,raw,natural/thread_packet/x2/raw,16384,1024,1024,67174400,67174400,0,1024,256,10,4,618,14.605055809020996,0.023632776390001612,14.335807800292969,1
2026-08-16T15:19:17Z,NVIDIA H200 NVL,full,normal_0_1,gemv,raw_fp32,32,8,23,fp32,natural,thread_packet,2,64,1,1,2,none,raw,natural/thread_packet/x2/raw,65536,1024,1024,268697600,268697600,0,1024,256,10,0,183,14.754591941833496,0.080626185474499984,424.98867797851562,1
2026-08-16T15:19:17Z,NVIDIA H200 NVL,full,normal_0_1,gemv,raw_fp32,32,8,23,fp32,natural,thread_packet,2,64,1,1,2,none,raw,natural/thread_packet/x2/raw,65536,1024,1024,268697600,268697600,0,1024,256,10,1,183,14.766783714294434,0.08069280718193679,424.98867797851562,1
2026-08-16T15:19:17Z,NVIDIA H200 NVL,full,normal_0_1,gemv,raw_fp32,32,8,23,fp32,natural,thread_packet,2,64,1,1,2,none,raw,natural/thread_packet/x2/raw,65536,1024,1024,268697600,268697600,0,1024,256,10,2,183,14.757663726806641,0.080642971184735734,424.98867797851562,1
2026-08-16T15:19:17Z,NVIDIA H200 NVL,full,normal_0_1,gemv,raw_fp32,32,8,23,fp32,natural,thread_packet,2,64,1,1,2,none,raw,natural/thread_packet/x2/raw,65536,1024,1024,268697600,268697600,0,1024,256,10,3,183,14.761152267456055,0.080662034248393744,424.98867797851562,1
2026-08-16T15:19:17Z,NVIDIA H200 NVL,full,normal_0_1,gemv,raw_fp32,32,8,23,fp32,natural,thread_packet,2,64,1,1,2,none,raw,natural/thread_packet/x2/raw,65536,1024,1024,268697600,268697600,0,1024,256,10,4,183,14.75596809387207,0.08063370543099492,424.98867797851562,1
2026-08-16T15:19:17Z,NVIDIA H200 NVL,full,normal_0_1,dot,raw_fp32,32,8,23,fp32,natural,thread_packet,4,128,1,1,4,none,raw,natural/thread_packet/x4/raw,4096,0,1,32768,32768,0,4,256,10,0,2161,10.726688385009766,0.0049637613998194195,32.916213989257812,1
2026-08-16T15:19:17Z,NVIDIA H200 NVL,full,normal_0_1,dot,raw_fp32,32,8,23,fp32,natural,thread_packet,4,128,1,1,4,none,raw,natural/thread_packet/x4/raw,4096,0,1,32768,32768,0,4,256,10,1,2161,10.75164794921875,0.0049753114063946086,32.916213989257812,1
2026-08-16T15:19:17Z,NVIDIA H200 NVL,full,normal_0_1,dot,raw_fp32,32,8,23,fp32,natural,thread_packet,4,128,1,1,4,none,raw,natural/thread_packet/x4/raw,4096,0,1,32768,32768,0,4,256,10,2,2161,10.764767646789551,0.0049813825297499075,32.916213989257812,1
2026-08-16T15:19:17Z,NVIDIA H200 NVL,full,normal_0_1,dot,raw_fp32,32,8,23,fp32,natural,thread_packet,4,128,1,1,4,none,raw,natural/thread_packet/x4/raw,4096,0,1,32768,32768,0,4,256,10,3,2161,10.764543533325195,0.0049812788215294751,32.916213989257812,1
2026-08-16T15:19:17Z,NVIDIA H200 NVL,full,normal_0_1,dot,raw_fp32,32,8,23,fp32,natural,thread_packet,4,128,1,1,4,none,raw,natural/thread_packet/x4/raw,4096,0,1,32768,32768,0,4,256,10,4,2161,10.754303932189941,0.0049765404591346329,32.916213989257812,1
2026-08-16T15:19:17Z,NVIDIA H200 NVL,full,normal_0_1,dot,raw_fp32,32,8,23,fp32,natural,thread_packet,4,128,1,1,4,none,raw,natural/thread_packet/x4/raw,65536,0,1,524288,524288,0,64,256,10,0,2084,10.822784423828125,0.0051932746755413272,424.9886474609375,1
2026-08-16T15:19:17Z,NVIDIA H200 NVL,full,normal_0_1,dot,raw_fp32,32,8,23,fp32,natural,thread_packet,4,128,1,1,4,none,raw,natural/thread_packet/x4/raw,65536,0,1,524288,524288,0,64,256,10,1,2084,10.81116771697998,0.0051877004400095877,424.9886474609375,1
2026-08-16T15:19:17Z,NVIDIA H200 NVL,full,normal_0_1,dot,raw_fp32,32,8,23,fp32,natural,thread_packet,4,128,1,1,4,none,raw,natural/thread_packet/x4/raw,65536,0,1,524288,524288,0,64,256,10,2,2084,10.823904037475586,0.0051938119181744657,424.9886474609375,1
2026-08-16T15:19:17Z,NVIDIA H200 NVL,full,normal_0_1,dot,raw_fp32,32,8,23,fp32,natural,thread_packet,4,128,1,1,4,none,raw,natural/thread_packet/x4/raw,65536,0,1,524288,524288,0,64,256,10,3,2084,10.821663856506348,0.0051927369752909538,424.9886474609375,1
2026-08-16T15:19:17Z,NVIDIA H200 NVL,full,normal_0_1,dot,raw_fp32,32,8,23,fp32,natural,thread_packet,4,128,1,1,4,none,raw,natural/thread_packet/x4/raw,65536,0,1,524288,524288,0,64,256,10,4,2084,10.810239791870117,0.0051872551784405549,424.9886474609375,1
2026-08-16T15:19:17Z,NVIDIA H200 NVL,full,normal_0_1,dot,raw_fp32,32,8,23,fp32,natural,thread_packet,4,128,1,1,4,none,raw,natural/thread_packet/x4/raw,1048576,0,1,8388608,8388608,0,512,256,10,0,1669,11.50870418548584,0.006895568715090377,-1214.73974609375,1
2026-08-16T15:19:17Z,NVIDIA H200 NVL,full,normal_0_1,dot,raw_fp32,32,8,23,fp32,natural,thread_packet,4,128,1,1,4,none,raw,natural/thread_packet/x4/raw,1048576,0,1,8388608,8388608,0,512,256,10,1,1669,11.50220775604248,0.0068916763067959743,-1214.73974609375,1
2026-08-16T15:19:17Z,NVIDIA H200 NVL,full,normal_0_1,dot,raw_fp32,32,8,23,fp32,natural,thread_packet,4,128,1,1,4,none,raw,natural/thread_packet/x4/raw,1048576,0,1,8388608,8388608,0,512,256,10,2,1669,11.503775596618652,0.0068926156959967962,-1214.73974609375,1
2026-08-16T15:19:17Z,NVIDIA H200 NVL,full,normal_0_1,dot,raw_fp32,32,8,23,fp32,natural,thread_packet,4,128,1,1,4,none,raw,natural/thread_packet/x4/raw,1048576,0,1,8388608,8388608,0,512,256,10,3,1669,11.501631736755371,0.0068913311784034575,-1214.73974609375,1
2026-08-16T15:19:17Z,NVIDIA H200 NVL,full,normal_0_1,dot,raw_fp32,32,8,23,fp32,natural,thread_packet,4,128,1,1,4,none,raw,natural/thread_packet/x4/raw,1048576,0,1,8388608,8388608,0,512,256,10,4,1669,11.51097583770752,0.0068969298009032469,-1214.73974609375,1
2026-08-16T15:19:17Z,NVIDIA H200 NVL,full,normal_0_1,dot,raw_fp32,32,8,23,fp32,natural,thread_packet,4,128,1,1,4,none,raw,natural/thread_packet/x4/raw,16777216,0,1,134217728,134217728,0,512,256,10,0,372,14.287520408630371,0.038407312926425727,-2896.15576171875,1
2026-08-16T15:19:17Z,NVIDIA H200 NVL,full,normal_0_1,dot,raw_fp32,32,8,23,fp32,natural,thread_packet,4,128,1,1,4,none,raw,natural/thread_packet/x4/raw,16777216,0,1,134217728,134217728,0,512,256,10,1,372,14.23583984375,0.038268386676747312,-2896.15576171875,1
2026-08-16T15:19:17Z,NVIDIA H200 NVL,full,normal_0_1,dot,raw_fp32,32,8,23,fp32,natural,thread_packet,4,128,1,1,4,none,raw,natural/thread_packet/x4/raw,16777216,0,1,134217728,134217728,0,512,256,10,2,372,14.196640014648438,0.038163010792065695,-2896.15576171875,1
2026-08-16T15:19:17Z,NVIDIA H200 NVL,full,normal_0_1,dot,raw_fp32,32,8,23,fp32,natural,thread_packet,4,128,1,1,4,none,raw,natural/thread_packet/x4/raw,16777216,0,1,134217728,134217728,0,512,256,10,3,372,14.19983959197998,0.038171611806397797,-2896.15576171875,1
2026-08-16T15:19:17Z,NVIDIA H200 NVL,full,normal_0_1,dot,raw_fp32,32,8,23,fp32,natural,thread_packet,4,128,1,1,4,none,raw,natural/thread_packet/x4/raw,16777216,0,1,134217728,134217728,0,512,256,10,4,372,14.202752113342285,0.038179441164898617,-2896.15576171875,1
2026-08-16T15:19:17Z,NVIDIA H200 NVL,full,normal_0_1,dot,raw_fp32,32,8,23,fp32,natural,thread_packet,4,128,1,1,4,none,raw,natural/thread_packet/x4/raw,134217728,0,1,1073741824,1073741824,0,512,256,10,0,60,15.135711669921875,0.25226186116536459,13110.076171875,1
2026-08-16T15:19:17Z,NVIDIA H200 NVL,full,normal_0_1,dot,raw_fp32,32,8,23,fp32,natural,thread_packet,4,128,1,1,4,none,raw,natural/thread_packet/x4/raw,134217728,0,1,1073741824,1073741824,0,512,256,10,1,60,15.130656242370605,0.25217760403951012,13110.076171875,1
2026-08-16T15:19:17Z,NVIDIA H200 NVL,full,normal_0_1,dot,raw_fp32,32,8,23,fp32,natural,thread_packet,4,128,1,1,4,none,raw,natural/thread_packet/x4/raw,134217728,0,1,1073741824,1073741824,0,512,256,10,2,60,15.143584251403809,0.25239307085673013,13110.076171875,1
2026-08-16T15:19:17Z,NVIDIA H200 NVL,full,normal_0_1,dot,raw_fp32,32,8,23,fp32,natural,thread_packet,4,128,1,1,4,none,raw,natural/thread_packet/x4/raw,134217728,0,1,1073741824,1073741824,0,512,256,10,3,60,15.142880439758301,0.25238134066263834,13110.076171875,1
2026-08-16T15:19:17Z,NVIDIA H200 NVL,full,normal_0_1,dot,raw_fp32,32,8,23,fp32,natural,thread_packet,4,128,1,1,4,none,raw,natural/thread_packet/x4/raw,134217728,0,1,1073741824,1073741824,0,512,256,10,4,60,15.145024299621582,0.2524170716603597,13110.076171875,1
2026-08-16T15:19:17Z,NVIDIA H200 NVL,full,normal_0_1,gemv,raw_fp32,32,8,23,fp32,natural,thread_packet,4,128,1,1,4,none,raw,natural/thread_packet/x4/raw,256,1024,1024,1049600,1049600,0,1024,256,10,0,2548,9.8214082717895508,0.0038545558366521,18.843528747558594,1
2026-08-16T15:19:17Z,NVIDIA H200 NVL,full,normal_0_1,gemv,raw_fp32,32,8,23,fp32,natural,thread_packet,4,128,1,1,4,none,raw,natural/thread_packet/x4/raw,256,1024,1024,1049600,1049600,0,1024,256,10,1,2548,9.8368644714355469,0.0038606218490720356,18.843528747558594,1
2026-08-16T15:19:17Z,NVIDIA H200 NVL,full,normal_0_1,gemv,raw_fp32,32,8,23,fp32,natural,thread_packet,4,128,1,1,4,none,raw,natural/thread_packet/x4/raw,256,1024,1024,1049600,1049600,0,1024,256,10,2,2548,9.8375043869018555,0.0038608729932895821,18.843528747558594,1
2026-08-16T15:19:17Z,NVIDIA H200 NVL,full,normal_0_1,gemv,raw_fp32,32,8,23,fp32,natural,thread_packet,4,128,1,1,4,none,raw,natural/thread_packet/x4/raw,256,1024,1024,1049600,1049600,0,1024,256,10,3,2548,9.8342723846435547,0.0038596045465634043,18.843528747558594,1
2026-08-16T15:19:17Z,NVIDIA H200 NVL,full,normal_0_1,gemv,raw_fp32,32,8,23,fp32,natural,thread_packet,4,128,1,1,4,none,raw,natural/thread_packet/x4/raw,256,1024,1024,1049600,1049600,0,1024,256,10,4,2548,9.8385915756225586,0.0038612996764609726,18.843528747558594,1
2026-08-16T15:19:17Z,NVIDIA H200 NVL,full,normal_0_1,gemv,raw_fp32,32,8,23,fp32,natural,thread_packet,4,128,1,1,4,none,raw,natural/thread_packet/x4/raw,1024,1024,1024,4198400,4198400,0,1024,256,10,0,2321,11.091839790344238,0.0047789055537889868,17.024105072021484,1
2026-08-16T15:19:17Z,NVIDIA H200 NVL,full,normal_0_1,gemv,raw_fp32,32,8,23,fp32,natural,thread_packet,4,128,1,1,4,none,raw,natural/thread_packet/x4/raw,1024,1024,1024,4198400,4198400,0,1024,256,10,1,2321,11.12172794342041,0.0047917828278416248,17.024105072021484,1
2026-08-16T15:19:17Z,NVIDIA H200 NVL,full,normal_0_1,gemv,raw_fp32,32,8,23,fp32,natural,thread_packet,4,128,1,1,4,none,raw,natural/thread_packet/x4/raw,1024,1024,1024,4198400,4198400,0,1024,256,10,2,2321,11.15715217590332,0.0048070453149087981,17.024105072021484,1
2026-08-16T15:19:17Z,NVIDIA H200 NVL,full,normal_0_1,gemv,raw_fp32,32,8,23,fp32,natural,thread_packet,4,128,1,1,4,none,raw,natural/thread_packet/x4/raw,1024,1024,1024,4198400,4198400,0,1024,256,10,3,2321,11.163647651672363,0.004809843882667972,17.024105072021484,1
2026-08-16T15:19:17Z,NVIDIA H200 NVL,full,normal_0_1,gemv,raw_fp32,32,8,23,fp32,natural,thread_packet,4,128,1,1,4,none,raw,natural/thread_packet/x4/raw,1024,1024,1024,4198400,4198400,0,1024,256,10,4,2321,11.167360305786133,0.0048114434751340513,17.024105072021484,1
2026-08-16T15:19:17Z,NVIDIA H200 NVL,full,normal_0_1,gemv,raw_fp32,32,8,23,fp32,natural,thread_packet,4,128,1,1,4,none,raw,natural/thread_packet/x4/raw,4096,1024,1024,16793600,16793600,0,1024,256,10,0,1452,11.964991569519043,0.008240352320605401,32.916213989257812,1
2026-08-16T15:19:17Z,NVIDIA H200 NVL,full,normal_0_1,gemv,raw_fp32,32,8,23,fp32,natural,thread_packet,4,128,1,1,4,none,raw,natural/thread_packet/x4/raw,4096,1024,1024,16793600,16793600,0,1024,256,10,1,1452,11.96399974822998,0.0082396692480922722,32.916213989257812,1
2026-08-16T15:19:17Z,NVIDIA H200 NVL,full,normal_0_1,gemv,raw_fp32,32,8,23,fp32,natural,thread_packet,4,128,1,1,4,none,raw,natural/thread_packet/x4/raw,4096,1024,1024,16793600,16793600,0,1024,256,10,2,1452,11.975199699401855,0.0082473827130866775,32.916213989257812,1
2026-08-16T15:19:17Z,NVIDIA H200 NVL,full,normal_0_1,gemv,raw_fp32,32,8,23,fp32,natural,thread_packet,4,128,1,1,4,none,raw,natural/thread_packet/x4/raw,4096,1024,1024,16793600,16793600,0,1024,256,10,3,1452,11.98630428314209,0.0082550304980317426,32.916213989257812,1
2026-08-16T15:19:17Z,NVIDIA H200 NVL,full,normal_0_1,gemv,raw_fp32,32,8,23,fp32,natural,thread_packet,4,128,1,1,4,none,raw,natural/thread_packet/x4/raw,4096,1024,1024,16793600,16793600,0,1024,256,10,4,1452,11.991488456726074,0.0082586008655138252,32.916213989257812,1
2026-08-16T15:19:17Z,NVIDIA H200 NVL,full,normal_0_1,gemv,raw_fp32,32,8,23,fp32,natural,thread_packet,4,128,1,1,4,none,raw,natural/thread_packet/x4/raw,16384,1024,1024,67174400,67174400,0,1024,256,10,0,613,14.283007621765137,0.023300175565685376,14.335830688476562,1
2026-08-16T15:19:17Z,NVIDIA H200 NVL,full,normal_0_1,gemv,raw_fp32,32,8,23,fp32,natural,thread_packet,4,128,1,1,4,none,raw,natural/thread_packet/x4/raw,16384,1024,1024,67174400,67174400,0,1024,256,10,1,613,14.270400047302246,0.023279608560036292,14.335830688476562,1
2026-08-16T15:19:17Z,NVIDIA H200 NVL,full,normal_0_1,gemv,raw_fp32,32,8,23,fp32,natural,thread_packet,4,128,1,1,4,none,raw,natural/thread_packet/x4/raw,16384,1024,1024,67174400,67174400,0,1024,256,10,2,613,14.266207695007324,0.023272769486145716,14.335830688476562,1
2026-08-16T15:19:17Z,NVIDIA H200 NVL,full,normal_0_1,gemv,raw_fp32,32,8,23,fp32,natural,thread_packet,4,128,1,1,4,none,raw,natural/thread_packet/x4/raw,16384,1024,1024,67174400,67174400,0,1024,256,10,3,613,14.270912170410156,0.023280443997406454,14.335830688476562,1
2026-08-16T15:19:17Z,NVIDIA H200 NVL,full,normal_0_1,gemv,raw_fp32,32,8,23,fp32,natural,thread_packet,4,128,1,1,4,none,raw,natural/thread_packet/x4/raw,16384,1024,1024,67174400,67174400,0,1024,256,10,4,613,14.268128395080566,0.023275902765221151,14.335830688476562,1
2026-08-16T15:19:17Z,NVIDIA H200 NVL,full,normal_0_1,gemv,raw_fp32,32,8,23,fp32,natural,thread_packet,4,128,1,1,4,none,raw,natural/thread_packet/x4/raw,65536,1024,1024,268697600,268697600,0,1024,256,10,0,184,14.597567558288574,0.0793346062950466,424.9886474609375,1
2026-08-16T15:19:17Z,NVIDIA H200 NVL,full,normal_0_1,gemv,raw_fp32,32,8,23,fp32,natural,thread_packet,4,128,1,1,4,none,raw,natural/thread_packet/x4/raw,65536,1024,1024,268697600,268697600,0,1024,256,10,1,184,14.631903648376465,0.07952121548030687,424.9886474609375,1
2026-08-16T15:19:17Z,NVIDIA H200 NVL,full,normal_0_1,gemv,raw_fp32,32,8,23,fp32,natural,thread_packet,4,128,1,1,4,none,raw,natural/thread_packet/x4/raw,65536,1024,1024,268697600,268697600,0,1024,256,10,2,184,14.637439727783203,0.079551302868386978,424.9886474609375,1
2026-08-16T15:19:17Z,NVIDIA H200 NVL,full,normal_0_1,gemv,raw_fp32,32,8,23,fp32,natural,thread_packet,4,128,1,1,4,none,raw,natural/thread_packet/x4/raw,65536,1024,1024,268697600,268697600,0,1024,256,10,3,184,14.627967834472656,0.079499825187351394,424.9886474609375,1
2026-08-16T15:19:17Z,NVIDIA H200 NVL,full,normal_0_1,gemv,raw_fp32,32,8,23,fp32,natural,thread_packet,4,128,1,1,4,none,raw,natural/thread_packet/x4/raw,65536,1024,1024,268697600,268697600,0,1024,256,10,4,184,14.631648063659668,0.079519826432932983,424.9886474609375,1
2026-08-16T15:19:17Z,NVIDIA H200 NVL,full,normal_0_1,dot,raw_fp32,32,8,23,fp32,natural,thread_packet,8,128,1,1,8,none,raw,natural/thread_packet/x8/raw,4096,0,1,32768,32768,0,2,256,10,0,2075,11.27945613861084,0.005435882476438959,32.916206359863281,1
2026-08-16T15:19:17Z,NVIDIA H200 NVL,full,normal_0_1,dot,raw_fp32,32,8,23,fp32,natural,thread_packet,8,128,1,1,8,none,raw,natural/thread_packet/x8/raw,4096,0,1,32768,32768,0,2,256,10,1,2075,11.323200225830078,0.0054569639642554589,32.916206359863281,1
2026-08-16T15:19:17Z,NVIDIA H200 NVL,full,normal_0_1,dot,raw_fp32,32,8,23,fp32,natural,thread_packet,8,128,1,1,8,none,raw,natural/thread_packet/x8/raw,4096,0,1,32768,32768,0,2,256,10,2,2075,11.329792022705078,0.0054601407338337729,32.916206359863281,1
2026-08-16T15:19:17Z,NVIDIA H200 NVL,full,normal_0_1,dot,raw_fp32,32,8,23,fp32,natural,thread_packet,8,128,1,1,8,none,raw,natural/thread_packet/x8/raw,4096,0,1,32768,32768,0,2,256,10,3,2075,11.23363208770752,0.005413798596485552,32.916206359863281,1
2026-08-16T15:19:17Z,NVIDIA H200 NVL,full,normal_0_1,dot,raw_fp32,32,8,23,fp32,natural,thread_packet,8,128,1,1,8,none,raw,natural/thread_packet/x8/raw,4096,0,1,32768,32768,0,2,256,10,4,2075,11.25318431854248,0.0054232213583337253,32.916206359863281,1
2026-08-16T15:19:17Z,NVIDIA H200 NVL,full,normal_0_1,dot,raw_fp32,32,8,23,fp32,natural,thread_packet,8,128,1,1,8,none,raw,natural/thread_packet/x8/raw,65536,0,1,524288,524288,0,32,256,10,0,1954,10.766271591186523,0.0055098626362264707,424.9886474609375,1
2026-08-16T15:19:17Z,NVIDIA H200 NVL,full,normal_0_1,dot,raw_fp32,32,8,23,fp32,natural,thread_packet,8,128,1,1,8,none,raw,natural/thread_packet/x8/raw,65536,0,1,524288,524288,0,32,256,10,1,1954,10.772735595703125,0.0055131707245154168,424.9886474609375,1
2026-08-16T15:19:17Z,NVIDIA H200 NVL,full,normal_0_1,dot,raw_fp32,32,8,23,fp32,natural,thread_packet,8,128,1,1,8,none,raw,natural/thread_packet/x8/raw,65536,0,1,524288,524288,0,32,256,10,2,1954,10.770560264587402,0.0055120574537294792,424.9886474609375,1
2026-08-16T15:19:17Z,NVIDIA H200 NVL,full,normal_0_1,dot,raw_fp32,32,8,23,fp32,natural,thread_packet,8,128,1,1,8,none,raw,natural/thread_packet/x8/raw,65536,0,1,524288,524288,0,32,256,10,3,1954,10.765151977539062,0.0055092896507364705,424.9886474609375,1
2026-08-16T15:19:17Z,NVIDIA H200 NVL,full,normal_0_1,dot,raw_fp32,32,8,23,fp32,natural,thread_packet,8,128,1,1,8,none,raw,natural/thread_packet/x8/raw,65536,0,1,524288,524288,0,32,256,10,4,1954,10.774239540100098,0.0055139403992323938,424.9886474609375,1
2026-08-16T15:19:17Z,NVIDIA H200 NVL,full,normal_0_1,dot,raw_fp32,32,8,23,fp32,natural,thread_packet,8,128,1,1,8,none,raw,natural/thread_packet/x8/raw,1048576,0,1,8388608,8388608,0,512,256,10,0,1475,12.013504028320312,0.0081447484937764835,-1214.73974609375,1
2026-08-16T15:19:17Z,NVIDIA H200 NVL,full,normal_0_1,dot,raw_fp32,32,8,23,fp32,natural,thread_packet,8,128,1,1,8,none,raw,natural/thread_packet/x8/raw,1048576,0,1,8388608,8388608,0,512,256,10,1,1475,12.013888359069824,0.0081450090569964908,-1214.73974609375,1
2026-08-16T15:19:17Z,NVIDIA H200 NVL,full,normal_0_1,dot,raw_fp32,32,8,23,fp32,natural,thread_packet,8,128,1,1,8,none,raw,natural/thread_packet/x8/raw,1048576,0,1,8388608,8388608,0,512,256,10,2,1475,12.013343811035156,0.0081446398718882408,-1214.73974609375,1
2026-08-16T15:19:17Z,NVIDIA H200 NVL,full,normal_0_1,dot,raw_fp32,32,8,23,fp32,natural,thread_packet,8,128,1,1,8,none,raw,natural/thread_packet/x8/raw,1048576,0,1,8388608,8388608,0,512,256,10,3,1475,12.012703895568848,0.0081442060308941338,-1214.73974609375,1
2026-08-16T15:19:17Z,NVIDIA H200 NVL,full,normal_0_1,dot,raw_fp32,32,8,23,fp32,natural,thread_packet,8,128,1,1,8,none,raw,natural/thread_packet/x8/raw,1048576,0,1,8388608,8388608,0,512,256,10,4,1475,12.015263557434082,0.0081459413948705636,-1214.73974609375,1
2026-08-16T15:19:17Z,NVIDIA H200 NVL,full,normal_0_1,dot,raw_fp32,32,8,23,fp32,natural,thread_packet,8,128,1,1,8,none,raw,natural/thread_packet/x8/raw,16777216,0,1,134217728,134217728,0,512,256,10,0,309,14.77507209777832,0.047815767306725952,-2896.156005859375,1
2026-08-16T15:19:17Z,NVIDIA H200 NVL,full,normal_0_1,dot,raw_fp32,32,8,23,fp32,natural,thread_packet,8,128,1,1,8,none,raw,natural/thread_packet/x8/raw,16777216,0,1,134217728,134217728,0,512,256,10,1,309,14.774239540100098,0.047813072945307761,-2896.156005859375,1
2026-08-16T15:19:17Z,NVIDIA H200 NVL,full,normal_0_1,dot,raw_fp32,32,8,23,fp32,natural,thread_packet,8,128,1,1,8,none,raw,natural/thread_packet/x8/raw,16777216,0,1,134217728,134217728,0,512,256,10,2,309,14.757216453552246,0.047757982050330897,-2896.156005859375,1
2026-08-16T15:19:17Z,NVIDIA H200 NVL,full,normal_0_1,dot,raw_fp32,32,8,23,fp32,natural,thread_packet,8,128,1,1,8,none,raw,natural/thread_packet/x8/raw,16777216,0,1,134217728,134217728,0,512,256,10,3,309,14.753408432006836,0.047745658356009177,-2896.156005859375,1
2026-08-16T15:19:17Z,NVIDIA H200 NVL,full,normal_0_1,dot,raw_fp32,32,8,23,fp32,natural,thread_packet,8,128,1,1,8,none,raw,natural/thread_packet/x8/raw,16777216,0,1,134217728,134217728,0,512,256,10,4,309,14.739583969116211,0.047700918993903593,-2896.156005859375,1
2026-08-16T15:19:17Z,NVIDIA H200 NVL,full,normal_0_1,dot,raw_fp32,32,8,23,fp32,natural,thread_packet,8,128,1,1,8,none,raw,natural/thread_packet/x8/raw,134217728,0,1,1073741824,1073741824,0,512,256,10,0,47,15.044511795043945,0.32009599563923286,13110.091796875,1
2026-08-16T15:19:17Z,NVIDIA H200 NVL,full,normal_0_1,dot,raw_fp32,32,8,23,fp32,natural,thread_packet,8,128,1,1,8,none,raw,natural/thread_packet/x8/raw,134217728,0,1,1073741824,1073741824,0,512,256,10,1,47,15.032352447509766,0.31983728611722906,13110.091796875,1
2026-08-16T15:19:17Z,NVIDIA H200 NVL,full,normal_0_1,dot,raw_fp32,32,8,23,fp32,natural,thread_packet,8,128,1,1,8,none,raw,natural/thread_packet/x8/raw,134217728,0,1,1073741824,1073741824,0,512,256,10,2,47,15.011039733886719,0.31938382412524935,13110.091796875,1
2026-08-16T15:19:17Z,NVIDIA H200 NVL,full,normal_0_1,dot,raw_fp32,32,8,23,fp32,natural,thread_packet,8,128,1,1,8,none,raw,natural/thread_packet/x8/raw,134217728,0,1,1073741824,1073741824,0,512,256,10,3,47,15.028032302856445,0.31974536814588184,13110.091796875,1
2026-08-16T15:19:17Z,NVIDIA H200 NVL,full,normal_0_1,dot,raw_fp32,32,8,23,fp32,natural,thread_packet,8,128,1,1,8,none,raw,natural/thread_packet/x8/raw,134217728,0,1,1073741824,1073741824,0,512,256,10,4,47,15.011039733886719,0.31938382412524935,13110.091796875,1
2026-08-16T15:19:17Z,NVIDIA H200 NVL,full,normal_0_1,gemv,raw_fp32,32,8,23,fp32,natural,thread_packet,8,128,1,1,8,none,raw,natural/thread_packet/x8/raw,256,1024,1024,1049600,1049600,0,1024,256,10,0,2468,10.110176086425781,0.0040965057076279504,18.843528747558594,1
2026-08-16T15:19:17Z,NVIDIA H200 NVL,full,normal_0_1,gemv,raw_fp32,32,8,23,fp32,natural,thread_packet,8,128,1,1,8,none,raw,natural/thread_packet/x8/raw,256,1024,1024,1049600,1049600,0,1024,256,10,1,2468,10.12342357635498,0.0041018734101924553,18.843528747558594,1
2026-08-16T15:19:17Z,NVIDIA H200 NVL,full,normal_0_1,gemv,raw_fp32,32,8,23,fp32,natural,thread_packet,8,128,1,1,8,none,raw,natural/thread_packet/x8/raw,256,1024,1024,1049600,1049600,0,1024,256,10,2,2468,10.124383926391602,0.004102262530952837,18.843528747558594,1
2026-08-16T15:19:17Z,NVIDIA H200 NVL,full,normal_0_1,gemv,raw_fp32,32,8,23,fp32,natural,thread_packet,8,128,1,1,8,none,raw,natural/thread_packet/x8/raw,256,1024,1024,1049600,1049600,0,1024,256,10,3,2468,10.123616218566895,0.0041019514661940412,18.843528747558594,1
2026-08-16T15:19:17Z,NVIDIA H200 NVL,full,normal_0_1,gemv,raw_fp32,32,8,23,fp32,natural,thread_packet,8,128,1,1,8,none,raw,natural/thread_packet/x8/raw,256,1024,1024,1049600,1049600,0,1024,256,10,4,2468,10.126527786254883,0.0041031311937823672,18.843528747558594,1
2026-08-16T15:19:17Z,NVIDIA H200 NVL,full,normal_0_1,gemv,raw_fp32,32,8,23,fp32,natural,thread_packet,8,128,1,1,8,none,raw,natural/thread_packet/x8/raw,1024,1024,1024,4198400,4198400,0,1024,256,10,0,1875,11.321951866149902,0.0060383743286132815,17.024103164672852,1
2026-08-16T15:19:17Z,NVIDIA H200 NVL,full,normal_0_1,gemv,raw_fp32,32,8,23,fp32,natural,thread_packet,8,128,1,1,8,none,raw,natural/thread_packet/x8/raw,1024,1024,1024,4198400,4198400,0,1024,256,10,1,1875,11.321439743041992,0.0060381011962890628,17.024103164672852,1
2026-08-16T15:19:17Z,NVIDIA H200 NVL,full,normal_0_1,gemv,raw_fp32,32,8,23,fp32,natural,thread_packet,8,128,1,1,8,none,raw,natural/thread_packet/x8/raw,1024,1024,1024,4198400,4198400,0,1024,256,10,2,1875,11.32316780090332,0.0060390228271484372,17.024103164672852,1
2026-08-16T15:19:17Z,NVIDIA H200 NVL,full,normal_0_1,gemv,raw_fp32,32,8,23,fp32,natural,thread_packet,8,128,1,1,8,none,raw,natural/thread_packet/x8/raw,1024,1024,1024,4198400,4198400,0,1024,256,10,3,1875,11.324799537658691,0.0060398930867513025,17.024103164672852,1
2026-08-16T15:19:17Z,NVIDIA H200 NVL,full,normal_0_1,gemv,raw_fp32,32,8,23,fp32,natural,thread_packet,8,128,1,1,8,none,raw,natural/thread_packet/x8/raw,1024,1024,1024,4198400,4198400,0,1024,256,10,4,1875,11.32374382019043,0.0060393300374348962,17.024103164672852,1
2026-08-16T15:19:17Z,NVIDIA H200 NVL,full,normal_0_1,gemv,raw_fp32,32,8,23,fp32,natural,thread_packet,8,128,1,1,8,none,raw,natural/thread_packet/x8/raw,4096,1024,1024,16793600,16793600,0,1024,256,10,0,983,13.025343894958496,0.013250604165776701,32.91619873046875,1
2026-08-16T15:19:17Z,NVIDIA H200 NVL,full,normal_0_1,gemv,raw_fp32,32,8,23,fp32,natural,thread_packet,8,128,1,1,8,none,raw,natural/thread_packet/x8/raw,4096,1024,1024,16793600,16793600,0,1024,256,10,1,983,13.04582405090332,0.013271438505496766,32.91619873046875,1
2026-08-16T15:19:17Z,NVIDIA H200 NVL,full,normal_0_1,gemv,raw_fp32,32,8,23,fp32,natural,thread_packet,8,128,1,1,8,none,raw,natural/thread_packet/x8/raw,4096,1024,1024,16793600,16793600,0,1024,256,10,2,983,13.063808441162109,0.013289733917764099,32.91619873046875,1
2026-08-16T15:19:17Z,NVIDIA H200 NVL,full,normal_0_1,gemv,raw_fp32,32,8,23,fp32,natural,thread_packet,8,128,1,1,8,none,raw,natural/thread_packet/x8/raw,4096,1024,1024,16793600,16793600,0,1024,256,10,3,983,13.057888031005859,0.013283711120046653,32.91619873046875,1
2026-08-16T15:19:17Z,NVIDIA H200 NVL,full,normal_0_1,gemv,raw_fp32,32,8,23,fp32,natural,thread_packet,8,128,1,1,8,none,raw,natural/thread_packet/x8/raw,4096,1024,1024,16793600,16793600,0,1024,256,10,4,983,13.060383796691895,0.013286250047499384,32.91619873046875,1
2026-08-16T15:19:17Z,NVIDIA H200 NVL,full,normal_0_1,gemv,raw_fp32,32,8,23,fp32,natural,thread_packet,8,128,1,1,8,none,raw,natural/thread_packet/x8/raw,16384,1024,1024,67174400,67174400,0,1024,256,10,0,336,14.557632446289062,0.043326287042526973,14.335763931274414,1
2026-08-16T15:19:17Z,NVIDIA H200 NVL,full,normal_0_1,gemv,raw_fp32,32,8,23,fp32,natural,thread_packet,8,128,1,1,8,none,raw,natural/thread_packet/x8/raw,16384,1024,1024,67174400,67174400,0,1024,256,10,1,336,14.554752349853516,0.043317715326944985,14.335763931274414,1
2026-08-16T15:19:17Z,NVIDIA H200 NVL,full,normal_0_1,gemv,raw_fp32,32,8,23,fp32,natural,thread_packet,8,128,1,1,8,none,raw,natural/thread_packet/x8/raw,16384,1024,1024,67174400,67174400,0,1024,256,10,2,336,14.54793643951416,0.043297429879506431,14.335763931274414,1
2026-08-16T15:19:17Z,NVIDIA H200 NVL,full,normal_0_1,gemv,raw_fp32,32,8,23,fp32,natural,thread_packet,8,128,1,1,8,none,raw,natural/thread_packet/x8/raw,16384,1024,1024,67174400,67174400,0,1024,256,10,3,336,14.53542423248291,0.043260191168103902,14.335763931274414,1
2026-08-16T15:19:17Z,NVIDIA H200 NVL,full,normal_0_1,gemv,raw_fp32,32,8,23,fp32,natural,thread_packet,8,128,1,1,8,none,raw,natural/thread_packet/x8/raw,16384,1024,1024,67174400,67174400,0,1024,256,10,4,336,14.46019172668457,0.043036284900846933,14.335763931274414,1
2026-08-16T15:19:17Z,NVIDIA H200 NVL,full,normal_0_1,gemv,raw_fp32,32,8,23,fp32,natural,thread_packet,8,128,1,1,8,none,raw,natural/thread_packet/x8/raw,65536,1024,1024,268697600,268697600,0,1024,256,10,0,95,14.897664070129395,0.15681751652767784,424.98867797851562,1
2026-08-16T15:19:17Z,NVIDIA H200 NVL,full,normal_0_1,gemv,raw_fp32,32,8,23,fp32,natural,thread_packet,8,128,1,1,8,none,raw,natural/thread_packet/x8/raw,65536,1024,1024,268697600,268697600,0,1024,256,10,1,95,14.914943695068359,0.15699940731650905,424.98867797851562,1
2026-08-16T15:19:17Z,NVIDIA H200 NVL,full,normal_0_1,gemv,raw_fp32,32,8,23,fp32,natural,thread_packet,8,128,1,1,8,none,raw,natural/thread_packet/x8/raw,65536,1024,1024,268697600,268697600,0,1024,256,10,2,95,14.911264419555664,0.15696067810058595,424.98867797851562,1
2026-08-16T15:19:17Z,NVIDIA H200 NVL,full,normal_0_1,gemv,raw_fp32,32,8,23,fp32,natural,thread_packet,8,128,1,1,8,none,raw,natural/thread_packet/x8/raw,65536,1024,1024,268697600,268697600,0,1024,256,10,3,95,14.914112091064453,0.15699065359015213,424.98867797851562,1
2026-08-16T15:19:17Z,NVIDIA H200 NVL,full,normal_0_1,gemv,raw_fp32,32,8,23,fp32,natural,thread_packet,8,128,1,1,8,none,raw,natural/thread_packet/x8/raw,65536,1024,1024,268697600,268697600,0,1024,256,10,4,95,14.901311874389648,0.15685591446725947,424.98867797851562,1
2026-08-16T15:19:17Z,NVIDIA H200 NVL,full,normal_0_1,dot,raw_fp64,64,11,52,fp64,natural,scalar,1,64,1,1,1,none,raw,natural/scalar/x1/raw,4096,0,1,65536,65536,0,16,256,10,0,2021,10.06281566619873,0.0049791269996035279,32.916210500166116,1
2026-08-16T15:19:17Z,NVIDIA H200 NVL,full,normal_0_1,dot,raw_fp64,64,11,52,fp64,natural,scalar,1,64,1,1,1,none,raw,natural/scalar/x1/raw,4096,0,1,65536,65536,0,16,256,10,1,2021,10.068703651428223,0.004982040401498378,32.916210500166116,1
2026-08-16T15:19:17Z,NVIDIA H200 NVL,full,normal_0_1,dot,raw_fp64,64,11,52,fp64,natural,scalar,1,64,1,1,1,none,raw,natural/scalar/x1/raw,4096,0,1,65536,65536,0,16,256,10,2,2021,10.062911987304688,0.0049791746597252287,32.916210500166116,1
2026-08-16T15:19:17Z,NVIDIA H200 NVL,full,normal_0_1,dot,raw_fp64,64,11,52,fp64,natural,scalar,1,64,1,1,1,none,raw,natural/scalar/x1/raw,4096,0,1,65536,65536,0,16,256,10,3,2021,10.063648223876953,0.0049795389529326837,32.916210500166116,1
2026-08-16T15:19:17Z,NVIDIA H200 NVL,full,normal_0_1,dot,raw_fp64,64,11,52,fp64,natural,scalar,1,64,1,1,1,none,raw,natural/scalar/x1/raw,4096,0,1,65536,65536,0,16,256,10,4,2021,10.066880226135254,0.0049811381623628172,32.916210500166116,1
2026-08-16T15:19:17Z,NVIDIA H200 NVL,full,normal_0_1,dot,raw_fp64,64,11,52,fp64,natural,scalar,1,64,1,1,1,none,raw,natural/scalar/x1/raw,65536,0,1,1048576,1048576,0,256,256,10,0,2122,11.317407608032227,0.0053333683355477031,424.98861562004163,1
2026-08-16T15:19:17Z,NVIDIA H200 NVL,full,normal_0_1,dot,raw_fp64,64,11,52,fp64,natural,scalar,1,64,1,1,1,none,raw,natural/scalar/x1/raw,65536,0,1,1048576,1048576,0,256,256,10,1,2122,11.321503639221191,0.0053352986047225217,424.98861562004163,1
2026-08-16T15:19:17Z,NVIDIA H200 NVL,full,normal_0_1,dot,raw_fp64,64,11,52,fp64,natural,scalar,1,64,1,1,1,none,raw,natural/scalar/x1/raw,65536,0,1,1048576,1048576,0,256,256,10,2,2122,11.319968223571777,0.0053345750346709599,424.98861562004163,1
2026-08-16T15:19:17Z,NVIDIA H200 NVL,full,normal_0_1,dot,raw_fp64,64,11,52,fp64,natural,scalar,1,64,1,1,1,none,raw,natural/scalar/x1/raw,65536,0,1,1048576,1048576,0,256,256,10,3,2122,11.321567535400391,0.0053353287160228038,424.98861562004163,1
2026-08-16T15:19:17Z,NVIDIA H200 NVL,full,normal_0_1,dot,raw_fp64,64,11,52,fp64,natural,scalar,1,64,1,1,1,none,raw,natural/scalar/x1/raw,65536,0,1,1048576,1048576,0,256,256,10,4,2122,11.32038402557373,0.0053347709828339921,424.98861562004163,1
2026-08-16T15:19:17Z,NVIDIA H200 NVL,full,normal_0_1,dot,raw_fp64,64,11,52,fp64,natural,scalar,1,64,1,1,1,none,raw,natural/scalar/x1/raw,1048576,0,1,16777216,16777216,0,512,256,10,0,1498,11.895520210266113,0.007940934719803814,-1214.7398837081475,1
2026-08-16T15:19:17Z,NVIDIA H200 NVL,full,normal_0_1,dot,raw_fp64,64,11,52,fp64,natural,scalar,1,64,1,1,1,none,raw,natural/scalar/x1/raw,1048576,0,1,16777216,16777216,0,512,256,10,1,1498,11.893440246582031,0.0079395462260227184,-1214.7398837081475,1
2026-08-16T15:19:17Z,NVIDIA H200 NVL,full,normal_0_1,dot,raw_fp64,64,11,52,fp64,natural,scalar,1,64,1,1,1,none,raw,natural/scalar/x1/raw,1048576,0,1,16777216,16777216,0,512,256,10,2,1498,11.902815818786621,0.0079458049524610292,-1214.7398837081475,1
2026-08-16T15:19:17Z,NVIDIA H200 NVL,full,normal_0_1,dot,raw_fp64,64,11,52,fp64,natural,scalar,1,64,1,1,1,none,raw,natural/scalar/x1/raw,1048576,0,1,16777216,16777216,0,512,256,10,3,1498,11.895423889160156,0.0079408704200001051,-1214.7398837081475,1
2026-08-16T15:19:17Z,NVIDIA H200 NVL,full,normal_0_1,dot,raw_fp64,64,11,52,fp64,natural,scalar,1,64,1,1,1,none,raw,natural/scalar/x1/raw,1048576,0,1,16777216,16777216,0,512,256,10,4,1498,11.894271850585938,0.0079401013688824677,-1214.7398837081475,1
2026-08-16T15:19:17Z,NVIDIA H200 NVL,full,normal_0_1,dot,raw_fp64,64,11,52,fp64,natural,scalar,1,64,1,1,1,none,raw,natural/scalar/x1/raw,16777216,0,1,268435456,268435456,0,512,256,10,0,180,14.902624130249023,0.082792356279161247,-2896.1557629640783,1
2026-08-16T15:19:17Z,NVIDIA H200 NVL,full,normal_0_1,dot,raw_fp64,64,11,52,fp64,natural,scalar,1,64,1,1,1,none,raw,natural/scalar/x1/raw,16777216,0,1,268435456,268435456,0,512,256,10,1,180,14.899904251098633,0.082777245839436853,-2896.1557629640783,1
2026-08-16T15:19:17Z,NVIDIA H200 NVL,full,normal_0_1,dot,raw_fp64,64,11,52,fp64,natural,scalar,1,64,1,1,1,none,raw,natural/scalar/x1/raw,16777216,0,1,268435456,268435456,0,512,256,10,2,180,14.913472175598145,0.082852623197767469,-2896.1557629640783,1
2026-08-16T15:19:17Z,NVIDIA H200 NVL,full,normal_0_1,dot,raw_fp64,64,11,52,fp64,natural,scalar,1,64,1,1,1,none,raw,natural/scalar/x1/raw,16777216,0,1,268435456,268435456,0,512,256,10,3,180,14.930879592895508,0.082949331071641708,-2896.1557629640783,1
2026-08-16T15:19:17Z,NVIDIA H200 NVL,full,normal_0_1,dot,raw_fp64,64,11,52,fp64,natural,scalar,1,64,1,1,1,none,raw,natural/scalar/x1/raw,16777216,0,1,268435456,268435456,0,512,256,10,4,180,14.932064056396484,0.082955911424424919,-2896.1557629640783,1
2026-08-16T15:19:17Z,NVIDIA H200 NVL,full,normal_0_1,dot,raw_fp64,64,11,52,fp64,natural,scalar,1,64,1,1,1,none,raw,natural/scalar/x1/raw,134217728,0,1,2147483648,2147483648,0,512,256,10,0,25,15.01734447479248,0.60069377899169918,13110.077467888223,1
2026-08-16T15:19:17Z,NVIDIA H200 NVL,full,normal_0_1,dot,raw_fp64,64,11,52,fp64,natural,scalar,1,64,1,1,1,none,raw,natural/scalar/x1/raw,134217728,0,1,2147483648,2147483648,0,512,256,10,1,25,15.012351989746094,0.6004940795898438,13110.077467888223,1
2026-08-16T15:19:17Z,NVIDIA H200 NVL,full,normal_0_1,dot,raw_fp64,64,11,52,fp64,natural,scalar,1,64,1,1,1,none,raw,natural/scalar/x1/raw,134217728,0,1,2147483648,2147483648,0,512,256,10,2,25,15.016384124755859,0.60065536499023442,13110.077467888223,1
2026-08-16T15:19:17Z,NVIDIA H200 NVL,full,normal_0_1,dot,raw_fp64,64,11,52,fp64,natural,scalar,1,64,1,1,1,none,raw,natural/scalar/x1/raw,134217728,0,1,2147483648,2147483648,0,512,256,10,3,25,15.012928009033203,0.60051712036132809,13110.077467888223,1
2026-08-16T15:19:17Z,NVIDIA H200 NVL,full,normal_0_1,dot,raw_fp64,64,11,52,fp64,natural,scalar,1,64,1,1,1,none,raw,natural/scalar/x1/raw,134217728,0,1,2147483648,2147483648,0,512,256,10,4,25,15.01529598236084,0.60061183929443362,13110.077467888223,1
2026-08-16T15:19:17Z,NVIDIA H200 NVL,full,normal_0_1,gemv,raw_fp64,64,11,52,fp64,natural,scalar,1,64,1,1,1,none,raw,natural/scalar/x1/raw,256,1024,1024,2099200,2099200,0,1024,256,10,0,2481,9.5606718063354492,0.0038535557462053404,18.843530593165923,1
2026-08-16T15:19:17Z,NVIDIA H200 NVL,full,normal_0_1,gemv,raw_fp64,64,11,52,fp64,natural,scalar,1,64,1,1,1,none,raw,natural/scalar/x1/raw,256,1024,1024,2099200,2099200,0,1024,256,10,1,2481,9.5599040985107422,0.0038532463113707142,18.843530593165923,1
2026-08-16T15:19:17Z,NVIDIA H200 NVL,full,normal_0_1,gemv,raw_fp64,64,11,52,fp64,natural,scalar,1,64,1,1,1,none,raw,natural/scalar/x1/raw,256,1024,1024,2099200,2099200,0,1024,256,10,2,2481,9.5634241104125977,0.0038546650989168068,18.843530593165923,1
2026-08-16T15:19:17Z,NVIDIA H200 NVL,full,normal_0_1,gemv,raw_fp64,64,11,52,fp64,natural,scalar,1,64,1,1,1,none,raw,natural/scalar/x1/raw,256,1024,1024,2099200,2099200,0,1024,256,10,3,2481,9.5620803833007812,0.0038541234918584365,18.843530593165923,1
2026-08-16T15:19:17Z,NVIDIA H200 NVL,full,normal_0_1,gemv,raw_fp64,64,11,52,fp64,natural,scalar,1,64,1,1,1,none,raw,natural/scalar/x1/raw,256,1024,1024,2099200,2099200,0,1024,256,10,4,2481,9.5592317581176758,0.0038529753156459796,18.843530593165923,1
2026-08-16T15:19:17Z,NVIDIA H200 NVL,full,normal_0_1,gemv,raw_fp64,64,11,52,fp64,natural,scalar,1,64,1,1,1,none,raw,natural/scalar/x1/raw,1024,1024,1024,8396800,8396800,0,1024,256,10,0,2112,10.346528053283691,0.0048989242676532631,17.024110028266094,1
2026-08-16T15:19:17Z,NVIDIA H200 NVL,full,normal_0_1,gemv,raw_fp64,64,11,52,fp64,natural,scalar,1,64,1,1,1,none,raw,natural/scalar/x1/raw,1024,1024,1024,8396800,8396800,0,1024,256,10,1,2112,10.347071647644043,0.004899181651346611,17.024110028266094,1
2026-08-16T15:19:17Z,NVIDIA H200 NVL,full,normal_0_1,gemv,raw_fp64,64,11,52,fp64,natural,scalar,1,64,1,1,1,none,raw,natural/scalar/x1/raw,1024,1024,1024,8396800,8396800,0,1024,256,10,2,2112,10.349535942077637,0.0049003484574231234,17.024110028266094,1
2026-08-16T15:19:17Z,NVIDIA H200 NVL,full,normal_0_1,gemv,raw_fp64,64,11,52,fp64,natural,scalar,1,64,1,1,1,none,raw,natural/scalar/x1/raw,1024,1024,1024,8396800,8396800,0,1024,256,10,3,2112,10.34995174407959,0.0049005453333710175,17.024110028266094,1
2026-08-16T15:19:17Z,NVIDIA H200 NVL,full,normal_0_1,gemv,raw_fp64,64,11,52,fp64,natural,scalar,1,64,1,1,1,none,raw,natural/scalar/x1/raw,1024,1024,1024,8396800,8396800,0,1024,256,10,4,2112,10.350591659545898,0.0049008483236486263,17.024110028266094,1
2026-08-16T15:19:17Z,NVIDIA H200 NVL,full,normal_0_1,gemv,raw_fp64,64,11,52,fp64,natural,scalar,1,64,1,1,1,none,raw,natural/scalar/x1/raw,4096,1024,1024,33587200,33587200,0,1024,256,10,0,1391,12.231807708740234,0.0087935353765206566,32.91621050016613,1
2026-08-16T15:19:17Z,NVIDIA H200 NVL,full,normal_0_1,gemv,raw_fp64,64,11,52,fp64,natural,scalar,1,64,1,1,1,none,raw,natural/scalar/x1/raw,4096,1024,1024,33587200,33587200,0,1024,256,10,1,1391,12.22003173828125,0.0087850695458528034,32.91621050016613,1
2026-08-16T15:19:17Z,NVIDIA H200 NVL,full,normal_0_1,gemv,raw_fp64,64,11,52,fp64,natural,scalar,1,64,1,1,1,none,raw,natural/scalar/x1/raw,4096,1024,1024,33587200,33587200,0,1024,256,10,2,1391,12.225248336791992,0.0087888197963997064,32.91621050016613,1
2026-08-16T15:19:17Z,NVIDIA H200 NVL,full,normal_0_1,gemv,raw_fp64,64,11,52,fp64,natural,scalar,1,64,1,1,1,none,raw,natural/scalar/x1/raw,4096,1024,1024,33587200,33587200,0,1024,256,10,3,1391,12.202303886413574,0.00877232486442385,32.91621050016613,1
2026-08-16T15:19:17Z,NVIDIA H200 NVL,full,normal_0_1,gemv,raw_fp64,64,11,52,fp64,natural,scalar,1,64,1,1,1,none,raw,natural/scalar/x1/raw,4096,1024,1024,33587200,33587200,0,1024,256,10,4,1391,12.20793628692627,0.0087763740380490795,32.91621050016613,1
2026-08-16T15:19:17Z,NVIDIA H200 NVL,full,normal_0_1,gemv,raw_fp64,64,11,52,fp64,natural,scalar,1,64,1,1,1,none,raw,natural/scalar/x1/raw,16384,1024,1024,134348800,134348800,0,1024,256,10,0,340,14.825535774230957,0.043604516983032228,14.335791721456388,1
2026-08-16T15:19:17Z,NVIDIA H200 NVL,full,normal_0_1,gemv,raw_fp64,64,11,52,fp64,natural,scalar,1,64,1,1,1,none,raw,natural/scalar/x1/raw,16384,1024,1024,134348800,134348800,0,1024,256,10,1,340,14.82652759552002,0.043607434104470648,14.335791721456388,1
2026-08-16T15:19:17Z,NVIDIA H200 NVL,full,normal_0_1,gemv,raw_fp64,64,11,52,fp64,natural,scalar,1,64,1,1,1,none,raw,natural/scalar/x1/raw,16384,1024,1024,134348800,134348800,0,1024,256,10,2,340,14.828991889953613,0.043614682029275334,14.335791721456388,1
2026-08-16T15:19:17Z,NVIDIA H200 NVL,full,normal_0_1,gemv,raw_fp64,64,11,52,fp64,natural,scalar,1,64,1,1,1,none,raw,natural/scalar/x1/raw,16384,1024,1024,134348800,134348800,0,1024,256,10,3,340,14.821087837219238,0.043591434815350702,14.335791721456388,1
2026-08-16T15:19:17Z,NVIDIA H200 NVL,full,normal_0_1,gemv,raw_fp64,64,11,52,fp64,natural,scalar,1,64,1,1,1,none,raw,natural/scalar/x1/raw,16384,1024,1024,134348800,134348800,0,1024,256,10,4,340,14.824992179870605,0.043602918176090015,14.335791721456388,1
2026-08-16T15:19:17Z,NVIDIA H200 NVL,full,normal_0_1,gemv,raw_fp64,64,11,52,fp64,natural,scalar,1,64,1,1,1,none,raw,natural/scalar/x1/raw,65536,1024,1024,537395200,537395200,0,1024,256,10,0,99,14.883584022521973,0.15033923255072701,424.98861562004168,1
2026-08-16T15:19:17Z,NVIDIA H200 NVL,full,normal_0_1,gemv,raw_fp64,64,11,52,fp64,natural,scalar,1,64,1,1,1,none,raw,natural/scalar/x1/raw,65536,1024,1024,537395200,537395200,0,1024,256,10,1,99,14.863583564758301,0.15013720772483133,424.98861562004168,1
2026-08-16T15:19:17Z,NVIDIA H200 NVL,full,normal_0_1,gemv,raw_fp64,64,11,52,fp64,natural,scalar,1,64,1,1,1,none,raw,natural/scalar/x1/raw,65536,1024,1024,537395200,537395200,0,1024,256,10,2,99,14.859135627746582,0.15009227906814729,424.98861562004168,1
2026-08-16T15:19:17Z,NVIDIA H200 NVL,full,normal_0_1,gemv,raw_fp64,64,11,52,fp64,natural,scalar,1,64,1,1,1,none,raw,natural/scalar/x1/raw,65536,1024,1024,537395200,537395200,0,1024,256,10,3,99,14.866304397583008,0.15016469088467685,424.98861562004168,1
2026-08-16T15:19:17Z,NVIDIA H200 NVL,full,normal_0_1,gemv,raw_fp64,64,11,52,fp64,natural,scalar,1,64,1,1,1,none,raw,natural/scalar/x1/raw,65536,1024,1024,537395200,537395200,0,1024,256,10,4,99,14.866911888122559,0.15017082715275312,424.98861562004168,1
2026-08-16T15:19:17Z,NVIDIA H200 NVL,full,normal_0_1,dot,raw_fp64,64,11,52,fp64,natural,thread_packet,2,128,1,1,2,none,raw,natural/thread_packet/x2/raw,4096,0,1,65536,65536,0,8,256,10,0,2151,10.930720329284668,0.005081692389253681,32.916210500166123,1
2026-08-16T15:19:17Z,NVIDIA H200 NVL,full,normal_0_1,dot,raw_fp64,64,11,52,fp64,natural,thread_packet,2,128,1,1,2,none,raw,natural/thread_packet/x2/raw,4096,0,1,65536,65536,0,8,256,10,1,2151,10.969023704528809,0.005099499630185406,32.916210500166123,1
2026-08-16T15:19:17Z,NVIDIA H200 NVL,full,normal_0_1,dot,raw_fp64,64,11,52,fp64,natural,thread_packet,2,128,1,1,2,none,raw,natural/thread_packet/x2/raw,4096,0,1,65536,65536,0,8,256,10,2,2151,10.96889591217041,0.0050994402195120459,32.916210500166123,1
2026-08-16T15:19:17Z,NVIDIA H200 NVL,full,normal_0_1,dot,raw_fp64,64,11,52,fp64,natural,thread_packet,2,128,1,1,2,none,raw,natural/thread_packet/x2/raw,4096,0,1,65536,65536,0,8,256,10,3,2151,10.969152450561523,0.0050995594842220011,32.916210500166123,1
2026-08-16T15:19:17Z,NVIDIA H200 NVL,full,normal_0_1,dot,raw_fp64,64,11,52,fp64,natural,thread_packet,2,128,1,1,2,none,raw,natural/thread_packet/x2/raw,4096,0,1,65536,65536,0,8,256,10,4,2151,10.947232246398926,0.0050893687802877384,32.916210500166123,1
2026-08-16T15:19:17Z,NVIDIA H200 NVL,full,normal_0_1,dot,raw_fp64,64,11,52,fp64,natural,thread_packet,2,128,1,1,2,none,raw,natural/thread_packet/x2/raw,65536,0,1,1048576,1048576,0,128,256,10,0,2039,10.87065601348877,0.0053313663626722756,424.9886156200418,1
2026-08-16T15:19:17Z,NVIDIA H200 NVL,full,normal_0_1,dot,raw_fp64,64,11,52,fp64,natural,thread_packet,2,128,1,1,2,none,raw,natural/thread_packet/x2/raw,65536,0,1,1048576,1048576,0,128,256,10,1,2039,10.871999740600586,0.0053320253754784632,424.9886156200418,1
2026-08-16T15:19:17Z,NVIDIA H200 NVL,full,normal_0_1,dot,raw_fp64,64,11,52,fp64,natural,thread_packet,2,128,1,1,2,none,raw,natural/thread_packet/x2/raw,65536,0,1,1048576,1048576,0,128,256,10,2,2039,10.87059211730957,0.0053313350256545223,424.9886156200418,1
2026-08-16T15:19:17Z,NVIDIA H200 NVL,full,normal_0_1,dot,raw_fp64,64,11,52,fp64,natural,thread_packet,2,128,1,1,2,none,raw,natural/thread_packet/x2/raw,65536,0,1,1048576,1048576,0,128,256,10,3,2039,10.872415542602539,0.0053322292999522019,424.9886156200418,1
2026-08-16T15:19:17Z,NVIDIA H200 NVL,full,normal_0_1,dot,raw_fp64,64,11,52,fp64,natural,thread_packet,2,128,1,1,2,none,raw,natural/thread_packet/x2/raw,65536,0,1,1048576,1048576,0,128,256,10,4,2039,10.87600040435791,0.0053339874469631732,424.9886156200418,1
2026-08-16T15:19:17Z,NVIDIA H200 NVL,full,normal_0_1,dot,raw_fp64,64,11,52,fp64,natural,thread_packet,2,128,1,1,2,none,raw,natural/thread_packet/x2/raw,1048576,0,1,16777216,16777216,0,512,256,10,0,1493,11.802080154418945,0.0079049431710776601,-1214.7398837081478,1
2026-08-16T15:19:17Z,NVIDIA H200 NVL,full,normal_0_1,dot,raw_fp64,64,11,52,fp64,natural,thread_packet,2,128,1,1,2,none,raw,natural/thread_packet/x2/raw,1048576,0,1,16777216,16777216,0,512,256,10,1,1493,11.805536270141602,0.007907258050999063,-1214.7398837081478,1
2026-08-16T15:19:17Z,NVIDIA H200 NVL,full,normal_0_1,dot,raw_fp64,64,11,52,fp64,natural,thread_packet,2,128,1,1,2,none,raw,natural/thread_packet/x2/raw,1048576,0,1,16777216,16777216,0,512,256,10,2,1493,11.803839683532715,0.007906121690242943,-1214.7398837081478,1
2026-08-16T15:19:17Z,NVIDIA H200 NVL,full,normal_0_1,dot,raw_fp64,64,11,52,fp64,natural,thread_packet,2,128,1,1,2,none,raw,natural/thread_packet/x2/raw,1048576,0,1,16777216,16777216,0,512,256,10,3,1493,11.802335739135742,0.0079051143597694187,-1214.7398837081478,1
2026-08-16T15:19:17Z,NVIDIA H200 NVL,full,normal_0_1,dot,raw_fp64,64,11,52,fp64,natural,thread_packet,2,128,1,1,2,none,raw,natural/thread_packet/x2/raw,1048576,0,1,16777216,16777216,0,512,256,10,4,1493,11.800800323486328,0.0079040859500913111,-1214.7398837081478,1
2026-08-16T15:19:17Z,NVIDIA H200 NVL,full,normal_0_1,dot,raw_fp64,64,11,52,fp64,natural,thread_packet,2,128,1,1,2,none,raw,natural/thread_packet/x2/raw,16777216,0,1,268435456,268435456,0,512,256,10,0,218,15.157024383544922,0.069527634786903311,-2896.1557629640779,1
2026-08-16T15:19:17Z,NVIDIA H200 NVL,full,normal_0_1,dot,raw_fp64,64,11,52,fp64,natural,thread_packet,2,128,1,1,2,none,raw,natural/thread_packet/x2/raw,16777216,0,1,268435456,268435456,0,512,256,10,1,218,15.137056350708008,0.069436038306000036,-2896.1557629640779,1
2026-08-16T15:19:17Z,NVIDIA H200 NVL,full,normal_0_1,dot,raw_fp64,64,11,52,fp64,natural,thread_packet,2,128,1,1,2,none,raw,natural/thread_packet/x2/raw,16777216,0,1,268435456,268435456,0,512,256,10,2,218,15.132575988769531,0.069415486187016193,-2896.1557629640779,1
2026-08-16T15:19:17Z,NVIDIA H200 NVL,full,normal_0_1,dot,raw_fp64,64,11,52,fp64,natural,thread_packet,2,128,1,1,2,none,raw,natural/thread_packet/x2/raw,16777216,0,1,268435456,268435456,0,512,256,10,3,218,15.130656242370605,0.069406680010874341,-2896.1557629640779,1
2026-08-16T15:19:17Z,NVIDIA H200 NVL,full,normal_0_1,dot,raw_fp64,64,11,52,fp64,natural,thread_packet,2,128,1,1,2,none,raw,natural/thread_packet/x2/raw,16777216,0,1,268435456,268435456,0,512,256,10,4,218,15.119551658630371,0.069355741553350322,-2896.1557629640779,1
2026-08-16T15:19:17Z,NVIDIA H200 NVL,full,normal_0_1,dot,raw_fp64,64,11,52,fp64,natural,thread_packet,2,128,1,1,2,none,raw,natural/thread_packet/x2/raw,134217728,0,1,2147483648,2147483648,0,512,256,10,0,31,15.387136459350586,0.49635924062421244,13110.077467888235,1
2026-08-16T15:19:17Z,NVIDIA H200 NVL,full,normal_0_1,dot,raw_fp64,64,11,52,fp64,natural,thread_packet,2,128,1,1,2,none,raw,natural/thread_packet/x2/raw,134217728,0,1,2147483648,2147483648,0,512,256,10,1,31,15.386528015136719,0.49633961339150706,13110.077467888235,1
2026-08-16T15:19:17Z,NVIDIA H200 NVL,full,normal_0_1,dot,raw_fp64,64,11,52,fp64,natural,thread_packet,2,128,1,1,2,none,raw,natural/thread_packet/x2/raw,134217728,0,1,2147483648,2147483648,0,512,256,10,2,31,15.380415916442871,0.49614244891751197,13110.077467888235,1
2026-08-16T15:19:17Z,NVIDIA H200 NVL,full,normal_0_1,dot,raw_fp64,64,11,52,fp64,natural,thread_packet,2,128,1,1,2,none,raw,natural/thread_packet/x2/raw,134217728,0,1,2147483648,2147483648,0,512,256,10,3,31,15.389311790466309,0.49642941259568735,13110.077467888235,1
2026-08-16T15:19:17Z,NVIDIA H200 NVL,full,normal_0_1,dot,raw_fp64,64,11,52,fp64,natural,thread_packet,2,128,1,1,2,none,raw,natural/thread_packet/x2/raw,134217728,0,1,2147483648,2147483648,0,512,256,10,4,31,15.3853759765625,0.49630245085685482,13110.077467888235,1
2026-08-16T15:19:17Z,NVIDIA H200 NVL,full,normal_0_1,gemv,raw_fp64,64,11,52,fp64,natural,thread_packet,2,128,1,1,2,none,raw,natural/thread_packet/x2/raw,256,1024,1024,2099200,2099200,0,1024,256,10,0,2455,9.5708160400390625,0.003898499405311227,18.843530593165923,1
2026-08-16T15:19:17Z,NVIDIA H200 NVL,full,normal_0_1,gemv,raw_fp64,64,11,52,fp64,natural,thread_packet,2,128,1,1,2,none,raw,natural/thread_packet/x2/raw,256,1024,1024,2099200,2099200,0,1024,256,10,1,2455,9.5806398391723633,0.0039025009528197,18.843530593165923,1
2026-08-16T15:19:17Z,NVIDIA H200 NVL,full,normal_0_1,gemv,raw_fp64,64,11,52,fp64,natural,thread_packet,2,128,1,1,2,none,raw,natural/thread_packet/x2/raw,256,1024,1024,2099200,2099200,0,1024,256,10,2,2455,9.5793275833129883,0.0039019664290480603,18.843530593165923,1
2026-08-16T15:19:17Z,NVIDIA H200 NVL,full,normal_0_1,gemv,raw_fp64,64,11,52,fp64,natural,thread_packet,2,128,1,1,2,none,raw,natural/thread_packet/x2/raw,256,1024,1024,2099200,2099200,0,1024,256,10,3,2455,9.5729923248291016,0.0038993858756941353,18.843530593165923,1
2026-08-16T15:19:17Z,NVIDIA H200 NVL,full,normal_0_1,gemv,raw_fp64,64,11,52,fp64,natural,thread_packet,2,128,1,1,2,none,raw,natural/thread_packet/x2/raw,256,1024,1024,2099200,2099200,0,1024,256,10,4,2455,9.5861120223999023,0.0039047299480244003,18.843530593165923,1
2026-08-16T15:19:17Z,NVIDIA H200 NVL,full,normal_0_1,gemv,raw_fp64,64,11,52,fp64,natural,thread_packet,2,128,1,1,2,none,raw,natural/thread_packet/x2/raw,1024,1024,1024,8396800,8396800,0,1024,256,10,0,2039,10.027584075927734,0.0049178931220832441,17.024110028266094,1
2026-08-16T15:19:17Z,NVIDIA H200 NVL,full,normal_0_1,gemv,raw_fp64,64,11,52,fp64,natural,thread_packet,2,128,1,1,2,none,raw,natural/thread_packet/x2/raw,1024,1024,1024,8396800,8396800,0,1024,256,10,1,2039,10.027487754821777,0.0049178458826982727,17.024110028266094,1
2026-08-16T15:19:17Z,NVIDIA H200 NVL,full,normal_0_1,gemv,raw_fp64,64,11,52,fp64,natural,thread_packet,2,128,1,1,2,none,raw,natural/thread_packet/x2/raw,1024,1024,1024,8396800,8396800,0,1024,256,10,2,2039,10.028448104858398,0.0049183168733979397,17.024110028266094,1
2026-08-16T15:19:17Z,NVIDIA H200 NVL,full,normal_0_1,gemv,raw_fp64,64,11,52,fp64,natural,thread_packet,2,128,1,1,2,none,raw,natural/thread_packet/x2/raw,1024,1024,1024,8396800,8396800,0,1024,256,10,3,2039,10.02940845489502,0.0049187878640976068,17.024110028266094,1
2026-08-16T15:19:17Z,NVIDIA H200 NVL,full,normal_0_1,gemv,raw_fp64,64,11,52,fp64,natural,thread_packet,2,128,1,1,2,none,raw,natural/thread_packet/x2/raw,1024,1024,1024,8396800,8396800,0,1024,256,10,4,2039,10.032192230224609,0.0049201531290949535,17.024110028266094,1
2026-08-16T15:19:17Z,NVIDIA H200 NVL,full,normal_0_1,gemv,raw_fp64,64,11,52,fp64,natural,thread_packet,2,128,1,1,2,none,raw,natural/thread_packet/x2/raw,4096,1024,1024,33587200,33587200,0,1024,256,10,0,1430,12.064031600952148,0.0084363857349315716,32.916210500166123,1
2026-08-16T15:19:17Z,NVIDIA H200 NVL,full,normal_0_1,gemv,raw_fp64,64,11,52,fp64,natural,thread_packet,2,128,1,1,2,none,raw,natural/thread_packet/x2/raw,4096,1024,1024,33587200,33587200,0,1024,256,10,1,1430,12.054495811462402,0.0084297173506730095,32.916210500166123,1
2026-08-16T15:19:17Z,NVIDIA H200 NVL,full,normal_0_1,gemv,raw_fp64,64,11,52,fp64,natural,thread_packet,2,128,1,1,2,none,raw,natural/thread_packet/x2/raw,4096,1024,1024,33587200,33587200,0,1024,256,10,2,1430,12.052255630493164,0.0084281507905546605,32.916210500166123,1
2026-08-16T15:19:17Z,NVIDIA H200 NVL,full,normal_0_1,gemv,raw_fp64,64,11,52,fp64,natural,thread_packet,2,128,1,1,2,none,raw,natural/thread_packet/x2/raw,4096,1024,1024,33587200,33587200,0,1024,256,10,3,1430,12.086367607116699,0.008452005319662028,32.916210500166123,1
2026-08-16T15:19:17Z,NVIDIA H200 NVL,full,normal_0_1,gemv,raw_fp64,64,11,52,fp64,natural,thread_packet,2,128,1,1,2,none,raw,natural/thread_packet/x2/raw,4096,1024,1024,33587200,33587200,0,1024,256,10,4,1430,12.123264312744141,0.0084778072117091888,32.916210500166123,1
2026-08-16T15:19:17Z,NVIDIA H200 NVL,full,normal_0_1,gemv,raw_fp64,64,11,52,fp64,natural,thread_packet,2,128,1,1,2,none,raw,natural/thread_packet/x2/raw,16384,1024,1024,134348800,134348800,0,1024,256,10,0,373,14.170656204223633,0.037991035400063357,14.335791721456317,1
2026-08-16T15:19:17Z,NVIDIA H200 NVL,full,normal_0_1,gemv,raw_fp64,64,11,52,fp64,natural,thread_packet,2,128,1,1,2,none,raw,natural/thread_packet/x2/raw,16384,1024,1024,134348800,134348800,0,1024,256,10,1,373,14.155488014221191,0.037950370011316868,14.335791721456317,1
2026-08-16T15:19:17Z,NVIDIA H200 NVL,full,normal_0_1,gemv,raw_fp64,64,11,52,fp64,natural,thread_packet,2,128,1,1,2,none,raw,natural/thread_packet/x2/raw,16384,1024,1024,134348800,134348800,0,1024,256,10,2,373,14.180095672607422,0.038016342285810779,14.335791721456317,1
2026-08-16T15:19:17Z,NVIDIA H200 NVL,full,normal_0_1,gemv,raw_fp64,64,11,52,fp64,natural,thread_packet,2,128,1,1,2,none,raw,natural/thread_packet/x2/raw,16384,1024,1024,134348800,134348800,0,1024,256,10,3,373,14.176128387451172,0.038005706132576866,14.335791721456317,1
2026-08-16T15:19:17Z,NVIDIA H200 NVL,full,normal_0_1,gemv,raw_fp64,64,11,52,fp64,natural,thread_packet,2,128,1,1,2,none,raw,natural/thread_packet/x2/raw,16384,1024,1024,134348800,134348800,0,1024,256,10,4,373,14.17414379119873,0.03800038549919231,14.335791721456317,1
2026-08-16T15:19:17Z,NVIDIA H200 NVL,full,normal_0_1,gemv,raw_fp64,64,11,52,fp64,natural,thread_packet,2,128,1,1,2,none,raw,natural/thread_packet/x2/raw,65536,1024,1024,537395200,537395200,0,1024,256,10,0,114,15.036704063415527,0.1319009128369783,424.98861562004186,1
2026-08-16T15:19:17Z,NVIDIA H200 NVL,full,normal_0_1,gemv,raw_fp64,64,11,52,fp64,natural,thread_packet,2,128,1,1,2,none,raw,natural/thread_packet/x2/raw,65536,1024,1024,537395200,537395200,0,1024,256,10,1,114,15.023648262023926,0.13178638826336778,424.98861562004186,1
2026-08-16T15:19:17Z,NVIDIA H200 NVL,full,normal_0_1,gemv,raw_fp64,64,11,52,fp64,natural,thread_packet,2,128,1,1,2,none,raw,natural/thread_packet/x2/raw,65536,1024,1024,537395200,537395200,0,1024,256,10,2,114,15.046591758728027,0.13198764700638621,424.98861562004186,1
2026-08-16T15:19:17Z,NVIDIA H200 NVL,full,normal_0_1,gemv,raw_fp64,64,11,52,fp64,natural,thread_packet,2,128,1,1,2,none,raw,natural/thread_packet/x2/raw,65536,1024,1024,537395200,537395200,0,1024,256,10,3,114,15.036319732666016,0.13189754151461416,424.98861562004186,1
2026-08-16T15:19:17Z,NVIDIA H200 NVL,full,normal_0_1,gemv,raw_fp64,64,11,52,fp64,natural,thread_packet,2,128,1,1,2,none,raw,natural/thread_packet/x2/raw,65536,1024,1024,537395200,537395200,0,1024,256,10,4,114,15.045632362365723,0.13197923124882213,424.98861562004186,1
2026-08-16T15:19:17Z,NVIDIA H200 NVL,full,normal_0_1,dot,raw_fp64,64,11,52,fp64,natural,thread_packet,4,128,1,1,4,none,raw,natural/thread_packet/x4/raw,4096,0,1,65536,65536,0,4,256,10,0,2039,10.842528343200684,0.0053175715268272113,32.916210500166137,1
2026-08-16T15:19:17Z,NVIDIA H200 NVL,full,normal_0_1,dot,raw_fp64,64,11,52,fp64,natural,thread_packet,4,128,1,1,4,none,raw,natural/thread_packet/x4/raw,4096,0,1,65536,65536,0,4,256,10,1,2039,10.883744239807129,0.0053377853064282147,32.916210500166137,1
2026-08-16T15:19:17Z,NVIDIA H200 NVL,full,normal_0_1,dot,raw_fp64,64,11,52,fp64,natural,thread_packet,4,128,1,1,4,none,raw,natural/thread_packet/x4/raw,4096,0,1,65536,65536,0,4,256,10,2,2039,10.888704299926758,0.0053402179008959086,32.916210500166137,1
2026-08-16T15:19:17Z,NVIDIA H200 NVL,full,normal_0_1,dot,raw_fp64,64,11,52,fp64,natural,thread_packet,4,128,1,1,4,none,raw,natural/thread_packet/x4/raw,4096,0,1,65536,65536,0,4,256,10,3,2039,10.889311790466309,0.0053405158364229072,32.916210500166137,1
2026-08-16T15:19:17Z,NVIDIA H200 NVL,full,normal_0_1,dot,raw_fp64,64,11,52,fp64,natural,thread_packet,4,128,1,1,4,none,raw,natural/thread_packet/x4/raw,4096,0,1,65536,65536,0,4,256,10,4,2039,10.895296096801758,0.0053434507586080223,32.916210500166137,1
2026-08-16T15:19:17Z,NVIDIA H200 NVL,full,normal_0_1,dot,raw_fp64,64,11,52,fp64,natural,thread_packet,4,128,1,1,4,none,raw,natural/thread_packet/x4/raw,65536,0,1,1048576,1048576,0,64,256,10,0,1987,10.898240089416504,0.0054847710565759959,424.98861562004174,1
2026-08-16T15:19:17Z,NVIDIA H200 NVL,full,normal_0_1,dot,raw_fp64,64,11,52,fp64,natural,thread_packet,4,128,1,1,4,none,raw,natural/thread_packet/x4/raw,65536,0,1,1048576,1048576,0,64,256,10,1,1987,10.89577579498291,0.0054835308480034777,424.98861562004174,1
2026-08-16T15:19:17Z,NVIDIA H200 NVL,full,normal_0_1,dot,raw_fp64,64,11,52,fp64,natural,thread_packet,4,128,1,1,4,none,raw,natural/thread_packet/x4/raw,65536,0,1,1048576,1048576,0,64,256,10,2,1987,10.892127990722656,0.0054816950129454737,424.98861562004174,1
2026-08-16T15:19:17Z,NVIDIA H200 NVL,full,normal_0_1,dot,raw_fp64,64,11,52,fp64,natural,thread_packet,4,128,1,1,4,none,raw,natural/thread_packet/x4/raw,65536,0,1,1048576,1048576,0,64,256,10,3,1987,10.888704299926758,0.0054799719677537783,424.98861562004174,1
2026-08-16T15:19:17Z,NVIDIA H200 NVL,full,normal_0_1,dot,raw_fp64,64,11,52,fp64,natural,thread_packet,4,128,1,1,4,none,raw,natural/thread_packet/x4/raw,65536,0,1,1048576,1048576,0,64,256,10,4,1987,10.886719703674316,0.0054789731774908491,424.98861562004174,1
2026-08-16T15:19:17Z,NVIDIA H200 NVL,full,normal_0_1,dot,raw_fp64,64,11,52,fp64,natural,thread_packet,4,128,1,1,4,none,raw,natural/thread_packet/x4/raw,1048576,0,1,16777216,16777216,0,512,256,10,0,1417,12.175552368164062,0.0085924857926351888,-1214.739883708148,1
2026-08-16T15:19:17Z,NVIDIA H200 NVL,full,normal_0_1,dot,raw_fp64,64,11,52,fp64,natural,thread_packet,4,128,1,1,4,none,raw,natural/thread_packet/x4/raw,1048576,0,1,16777216,16777216,0,512,256,10,1,1417,12.17903995513916,0.0085949470396183211,-1214.739883708148,1
2026-08-16T15:19:17Z,NVIDIA H200 NVL,full,normal_0_1,dot,raw_fp64,64,11,52,fp64,natural,thread_packet,4,128,1,1,4,none,raw,natural/thread_packet/x4/raw,1048576,0,1,16777216,16777216,0,512,256,10,2,1417,12.17955207824707,0.008595308453244228,-1214.739883708148,1
2026-08-16T15:19:17Z,NVIDIA H200 NVL,full,normal_0_1,dot,raw_fp64,64,11,52,fp64,natural,thread_packet,4,128,1,1,4,none,raw,natural/thread_packet/x4/raw,1048576,0,1,16777216,16777216,0,512,256,10,3,1417,12.174592018127441,0.0085918080579586737,-1214.739883708148,1
2026-08-16T15:19:17Z,NVIDIA H200 NVL,full,normal_0_1,dot,raw_fp64,64,11,52,fp64,natural,thread_packet,4,128,1,1,4,none,raw,natural/thread_packet/x4/raw,1048576,0,1,16777216,16777216,0,512,256,10,4,1417,12.176671981811523,0.0085932759222381964,-1214.739883708148,1
2026-08-16T15:19:17Z,NVIDIA H200 NVL,full,normal_0_1,dot,raw_fp64,64,11,52,fp64,natural,thread_packet,4,128,1,1,4,none,raw,natural/thread_packet/x4/raw,16777216,0,1,268435456,268435456,0,512,256,10,0,216,14.993696212768555,0.069415260244298865,-2896.1557629640774,1
2026-08-16T15:19:17Z,NVIDIA H200 NVL,full,normal_0_1,dot,raw_fp64,64,11,52,fp64,natural,thread_packet,4,128,1,1,4,none,raw,natural/thread_packet/x4/raw,16777216,0,1,268435456,268435456,0,512,256,10,1,216,14.987008094787598,0.069384296735127762,-2896.1557629640774,1
2026-08-16T15:19:17Z,NVIDIA H200 NVL,full,normal_0_1,dot,raw_fp64,64,11,52,fp64,natural,thread_packet,4,128,1,1,4,none,raw,natural/thread_packet/x4/raw,16777216,0,1,268435456,268435456,0,512,256,10,2,216,14.991359710693359,0.069404443105061844,-2896.1557629640774,1
2026-08-16T15:19:17Z,NVIDIA H200 NVL,full,normal_0_1,dot,raw_fp64,64,11,52,fp64,natural,thread_packet,4,128,1,1,4,none,raw,natural/thread_packet/x4/raw,16777216,0,1,268435456,268435456,0,512,256,10,3,216,14.957632064819336,0.069248296596385817,-2896.1557629640774,1
2026-08-16T15:19:17Z,NVIDIA H200 NVL,full,normal_0_1,dot,raw_fp64,64,11,52,fp64,natural,thread_packet,4,128,1,1,4,none,raw,natural/thread_packet/x4/raw,16777216,0,1,268435456,268435456,0,512,256,10,4,216,14.992799758911133,0.069411109994958947,-2896.1557629640774,1
2026-08-16T15:19:17Z,NVIDIA H200 NVL,full,normal_0_1,dot,raw_fp64,64,11,52,fp64,natural,thread_packet,4,128,1,1,4,none,raw,natural/thread_packet/x4/raw,134217728,0,1,2147483648,2147483648,0,512,256,10,0,30,15.076416015625,0.50254720052083335,13110.07746788823,1
2026-08-16T15:19:17Z,NVIDIA H200 NVL,full,normal_0_1,dot,raw_fp64,64,11,52,fp64,natural,thread_packet,4,128,1,1,4,none,raw,natural/thread_packet/x4/raw,134217728,0,1,2147483648,2147483648,0,512,256,10,1,30,15.095392227172852,0.50317974090576167,13110.07746788823,1
2026-08-16T15:19:17Z,NVIDIA H200 NVL,full,normal_0_1,dot,raw_fp64,64,11,52,fp64,natural,thread_packet,4,128,1,1,4,none,raw,natural/thread_packet/x4/raw,134217728,0,1,2147483648,2147483648,0,512,256,10,2,30,15.082912445068359,0.50276374816894531,13110.07746788823,1
2026-08-16T15:19:17Z,NVIDIA H200 NVL,full,normal_0_1,dot,raw_fp64,64,11,52,fp64,natural,thread_packet,4,128,1,1,4,none,raw,natural/thread_packet/x4/raw,134217728,0,1,2147483648,2147483648,0,512,256,10,3,30,15.103520393371582,0.50345067977905278,13110.07746788823,1
2026-08-16T15:19:17Z,NVIDIA H200 NVL,full,normal_0_1,dot,raw_fp64,64,11,52,fp64,natural,thread_packet,4,128,1,1,4,none,raw,natural/thread_packet/x4/raw,134217728,0,1,2147483648,2147483648,0,512,256,10,4,30,15.080320358276367,0.50267734527587893,13110.07746788823,1
2026-08-16T15:19:17Z,NVIDIA H200 NVL,full,normal_0_1,gemv,raw_fp64,64,11,52,fp64,natural,thread_packet,4,128,1,1,4,none,raw,natural/thread_packet/x4/raw,256,1024,1024,2099200,2099200,0,1024,256,10,0,2380,10.040063858032227,0.0042185142260639606,18.843530593165923,1
2026-08-16T15:19:17Z,NVIDIA H200 NVL,full,normal_0_1,gemv,raw_fp64,64,11,52,fp64,natural,thread_packet,4,128,1,1,4,none,raw,natural/thread_packet/x4/raw,256,1024,1024,2099200,2099200,0,1024,256,10,1,2380,10.021568298339844,0.0042107429824957323,18.843530593165923,1
2026-08-16T15:19:17Z,NVIDIA H200 NVL,full,normal_0_1,gemv,raw_fp64,64,11,52,fp64,natural,thread_packet,4,128,1,1,4,none,raw,natural/thread_packet/x4/raw,256,1024,1024,2099200,2099200,0,1024,256,10,2,2380,10.001855850219727,0.0042024604412687931,18.843530593165923,1
2026-08-16T15:19:17Z,NVIDIA H200 NVL,full,normal_0_1,gemv,raw_fp64,64,11,52,fp64,natural,thread_packet,4,128,1,1,4,none,raw,natural/thread_packet/x4/raw,256,1024,1024,2099200,2099200,0,1024,256,10,3,2380,9.9963521957397461,0.0042001479814032542,18.843530593165923,1
2026-08-16T15:19:17Z,NVIDIA H200 NVL,full,normal_0_1,gemv,raw_fp64,64,11,52,fp64,natural,thread_packet,4,128,1,1,4,none,raw,natural/thread_packet/x4/raw,256,1024,1024,2099200,2099200,0,1024,256,10,4,2380,10.004863739013672,0.0042037242600897777,18.843530593165923,1
2026-08-16T15:19:17Z,NVIDIA H200 NVL,full,normal_0_1,gemv,raw_fp64,64,11,52,fp64,natural,thread_packet,4,128,1,1,4,none,raw,natural/thread_packet/x4/raw,1024,1024,1024,8396800,8396800,0,1024,256,10,0,1853,11.281951904296875,0.0060884791712341475,17.024110028266101,1
2026-08-16T15:19:17Z,NVIDIA H200 NVL,full,normal_0_1,gemv,raw_fp64,64,11,52,fp64,natural,thread_packet,4,128,1,1,4,none,raw,natural/thread_packet/x4/raw,1024,1024,1024,8396800,8396800,0,1024,256,10,1,1853,11.285920143127441,0.0060906206924594931,17.024110028266101,1
2026-08-16T15:19:17Z,NVIDIA H200 NVL,full,normal_0_1,gemv,raw_fp64,64,11,52,fp64,natural,thread_packet,4,128,1,1,4,none,raw,natural/thread_packet/x4/raw,1024,1024,1024,8396800,8396800,0,1024,256,10,2,1853,11.28764820098877,0.0060915532655093198,17.024110028266101,1
2026-08-16T15:19:17Z,NVIDIA H200 NVL,full,normal_0_1,gemv,raw_fp64,64,11,52,fp64,natural,thread_packet,4,128,1,1,4,none,raw,natural/thread_packet/x4/raw,1024,1024,1024,8396800,8396800,0,1024,256,10,3,1853,11.287775993347168,0.0060916222306244836,17.024110028266101,1
2026-08-16T15:19:17Z,NVIDIA H200 NVL,full,normal_0_1,gemv,raw_fp64,64,11,52,fp64,natural,thread_packet,4,128,1,1,4,none,raw,natural/thread_packet/x4/raw,1024,1024,1024,8396800,8396800,0,1024,256,10,4,1853,11.291680335998535,0.0060937292692922482,17.024110028266101,1
2026-08-16T15:19:17Z,NVIDIA H200 NVL,full,normal_0_1,gemv,raw_fp64,64,11,52,fp64,natural,thread_packet,4,128,1,1,4,none,raw,natural/thread_packet/x4/raw,4096,1024,1024,33587200,33587200,0,1024,256,10,0,998,13.061951637268066,0.013088127893054175,32.916210500166144,1
2026-08-16T15:19:17Z,NVIDIA H200 NVL,full,normal_0_1,gemv,raw_fp64,64,11,52,fp64,natural,thread_packet,4,128,1,1,4,none,raw,natural/thread_packet/x4/raw,4096,1024,1024,33587200,33587200,0,1024,256,10,1,998,13.075167655944824,0.013101370396738301,32.916210500166144,1
2026-08-16T15:19:17Z,NVIDIA H200 NVL,full,normal_0_1,gemv,raw_fp64,64,11,52,fp64,natural,thread_packet,4,128,1,1,4,none,raw,natural/thread_packet/x4/raw,4096,1024,1024,33587200,33587200,0,1024,256,10,2,998,13.071359634399414,0.013097554743887189,32.916210500166144,1
2026-08-16T15:19:17Z,NVIDIA H200 NVL,full,normal_0_1,gemv,raw_fp64,64,11,52,fp64,natural,thread_packet,4,128,1,1,4,none,raw,natural/thread_packet/x4/raw,4096,1024,1024,33587200,33587200,0,1024,256,10,3,998,13.072416305541992,0.013098613532607207,32.916210500166144,1
2026-08-16T15:19:17Z,NVIDIA H200 NVL,full,normal_0_1,gemv,raw_fp64,64,11,52,fp64,natural,thread_packet,4,128,1,1,4,none,raw,natural/thread_packet/x4/raw,4096,1024,1024,33587200,33587200,0,1024,256,10,4,998,13.069503784179688,0.013095695174528745,32.916210500166144,1
2026-08-16T15:19:17Z,NVIDIA H200 NVL,full,normal_0_1,gemv,raw_fp64,64,11,52,fp64,natural,thread_packet,4,128,1,1,4,none,raw,natural/thread_packet/x4/raw,16384,1024,1024,134348800,134348800,0,1024,256,10,0,335,14.135871887207031,0.042196632499125468,14.335791721456317,1
2026-08-16T15:19:17Z,NVIDIA H200 NVL,full,normal_0_1,gemv,raw_fp64,64,11,52,fp64,natural,thread_packet,4,128,1,1,4,none,raw,natural/thread_packet/x4/raw,16384,1024,1024,134348800,134348800,0,1024,256,10,1,335,14.124863624572754,0.042163772013650014,14.335791721456317,1
2026-08-16T15:19:17Z,NVIDIA H200 NVL,full,normal_0_1,gemv,raw_fp64,64,11,52,fp64,natural,thread_packet,4,128,1,1,4,none,raw,natural/thread_packet/x4/raw,16384,1024,1024,134348800,134348800,0,1024,256,10,2,335,14.109279632568359,0.042117252634532414,14.335791721456317,1
2026-08-16T15:19:17Z,NVIDIA H200 NVL,full,normal_0_1,gemv,raw_fp64,64,11,52,fp64,natural,thread_packet,4,128,1,1,4,none,raw,natural/thread_packet/x4/raw,16384,1024,1024,134348800,134348800,0,1024,256,10,3,335,14.081279754638672,0.042033670909369172,14.335791721456317,1
2026-08-16T15:19:17Z,NVIDIA H200 NVL,full,normal_0_1,gemv,raw_fp64,64,11,52,fp64,natural,thread_packet,4,128,1,1,4,none,raw,natural/thread_packet/x4/raw,16384,1024,1024,134348800,134348800,0,1024,256,10,4,335,14.073504447937012,0.042010461038617948,14.335791721456317,1
2026-08-16T15:19:17Z,NVIDIA H200 NVL,full,normal_0_1,gemv,raw_fp64,64,11,52,fp64,natural,thread_packet,4,128,1,1,4,none,raw,natural/thread_packet/x4/raw,65536,1024,1024,537395200,537395200,0,1024,256,10,0,97,14.799263954162598,0.15256973148621233,424.98861562004163,1
2026-08-16T15:19:17Z,NVIDIA H200 NVL,full,normal_0_1,gemv,raw_fp64,64,11,52,fp64,natural,thread_packet,4,128,1,1,4,none,raw,natural/thread_packet/x4/raw,65536,1024,1024,537395200,537395200,0,1024,256,10,1,97,14.801919937133789,0.1525971127539566,424.98861562004163,1
2026-08-16T15:19:17Z,NVIDIA H200 NVL,full,normal_0_1,gemv,raw_fp64,64,11,52,fp64,natural,thread_packet,4,128,1,1,4,none,raw,natural/thread_packet/x4/raw,65536,1024,1024,537395200,537395200,0,1024,256,10,2,97,14.788512229919434,0.15245888896824158,424.98861562004163,1
2026-08-16T15:19:17Z,NVIDIA H200 NVL,full,normal_0_1,gemv,raw_fp64,64,11,52,fp64,natural,thread_packet,4,128,1,1,4,none,raw,natural/thread_packet/x4/raw,65536,1024,1024,537395200,537395200,0,1024,256,10,3,97,14.791647911071777,0.15249121557805956,424.98861562004163,1
2026-08-16T15:19:17Z,NVIDIA H200 NVL,full,normal_0_1,gemv,raw_fp64,64,11,52,fp64,natural,thread_packet,4,128,1,1,4,none,raw,natural/thread_packet/x4/raw,65536,1024,1024,537395200,537395200,0,1024,256,10,4,97,14.823583602905273,0.15282044951448737,424.98861562004163,1
2026-08-16T15:19:17Z,NVIDIA H200 NVL,full,normal_0_1,dot,raw_fp64,64,11,52,fp64,natural,thread_packet,8,128,1,1,8,none,raw,natural/thread_packet/x8/raw,4096,0,1,65536,65536,0,2,256,10,0,1803,10.894111633300781,0.0060422138842489079,32.91621050016613,1
2026-08-16T15:19:17Z,NVIDIA H200 NVL,full,normal_0_1,dot,raw_fp64,64,11,52,fp64,natural,thread_packet,8,128,1,1,8,none,raw,natural/thread_packet/x8/raw,4096,0,1,65536,65536,0,2,256,10,1,1803,10.928511619567871,0.0060612931888895565,32.91621050016613,1
2026-08-16T15:19:17Z,NVIDIA H200 NVL,full,normal_0_1,dot,raw_fp64,64,11,52,fp64,natural,thread_packet,8,128,1,1,8,none,raw,natural/thread_packet/x8/raw,4096,0,1,65536,65536,0,2,256,10,2,1803,10.931424140930176,0.0060629085640211732,32.91621050016613,1
2026-08-16T15:19:17Z,NVIDIA H200 NVL,full,normal_0_1,dot,raw_fp64,64,11,52,fp64,natural,thread_packet,8,128,1,1,8,none,raw,natural/thread_packet/x8/raw,4096,0,1,65536,65536,0,2,256,10,3,1803,10.92585563659668,0.0060598200979460233,32.91621050016613,1
2026-08-16T15:19:17Z,NVIDIA H200 NVL,full,normal_0_1,dot,raw_fp64,64,11,52,fp64,natural,thread_packet,8,128,1,1,8,none,raw,natural/thread_packet/x8/raw,4096,0,1,65536,65536,0,2,256,10,4,1803,10.903615951538086,0.0060474852753954998,32.91621050016613,1
2026-08-16T15:19:17Z,NVIDIA H200 NVL,full,normal_0_1,dot,raw_fp64,64,11,52,fp64,natural,thread_packet,8,128,1,1,8,none,raw,natural/thread_packet/x8/raw,65536,0,1,1048576,1048576,0,32,256,10,0,1839,11.552767753601074,0.0062820923075590394,424.98861562004174,1
2026-08-16T15:19:17Z,NVIDIA H200 NVL,full,normal_0_1,dot,raw_fp64,64,11,52,fp64,natural,thread_packet,8,128,1,1,8,none,raw,natural/thread_packet/x8/raw,65536,0,1,1048576,1048576,0,32,256,10,1,1839,11.552960395812988,0.0062821970613447459,424.98861562004174,1
2026-08-16T15:19:17Z,NVIDIA H200 NVL,full,normal_0_1,dot,raw_fp64,64,11,52,fp64,natural,thread_packet,8,128,1,1,8,none,raw,natural/thread_packet/x8/raw,65536,0,1,1048576,1048576,0,32,256,10,2,1839,11.553888320922852,0.0062827016426986685,424.98861562004174,1
2026-08-16T15:19:17Z,NVIDIA H200 NVL,full,normal_0_1,dot,raw_fp64,64,11,52,fp64,natural,thread_packet,8,128,1,1,8,none,raw,natural/thread_packet/x8/raw,65536,0,1,1048576,1048576,0,32,256,10,3,1839,11.552191734313965,0.0062817790833681157,424.98861562004174,1
2026-08-16T15:19:17Z,NVIDIA H200 NVL,full,normal_0_1,dot,raw_fp64,64,11,52,fp64,natural,thread_packet,8,128,1,1,8,none,raw,natural/thread_packet/x8/raw,65536,0,1,1048576,1048576,0,32,256,10,4,1839,11.554304122924805,0.0062829277449292032,424.98861562004174,1
2026-08-16T15:19:17Z,NVIDIA H200 NVL,full,normal_0_1,dot,raw_fp64,64,11,52,fp64,natural,thread_packet,8,128,1,1,8,none,raw,natural/thread_packet/x8/raw,1048576,0,1,16777216,16777216,0,512,256,10,0,1164,12.499808311462402,0.010738666934246049,-1214.7398837081475,1
2026-08-16T15:19:17Z,NVIDIA H200 NVL,full,normal_0_1,dot,raw_fp64,64,11,52,fp64,natural,thread_packet,8,128,1,1,8,none,raw,natural/thread_packet/x8/raw,1048576,0,1,16777216,16777216,0,512,256,10,1,1164,12.485183715820312,0.010726102848642879,-1214.7398837081475,1
2026-08-16T15:19:17Z,NVIDIA H200 NVL,full,normal_0_1,dot,raw_fp64,64,11,52,fp64,natural,thread_packet,8,128,1,1,8,none,raw,natural/thread_packet/x8/raw,1048576,0,1,16777216,16777216,0,512,256,10,2,1164,12.490719795227051,0.010730858930607432,-1214.7398837081475,1
2026-08-16T15:19:17Z,NVIDIA H200 NVL,full,normal_0_1,dot,raw_fp64,64,11,52,fp64,natural,thread_packet,8,128,1,1,8,none,raw,natural/thread_packet/x8/raw,1048576,0,1,16777216,16777216,0,512,256,10,3,1164,12.491488456726074,0.010731519292719994,-1214.7398837081475,1
2026-08-16T15:19:17Z,NVIDIA H200 NVL,full,normal_0_1,dot,raw_fp64,64,11,52,fp64,natural,thread_packet,8,128,1,1,8,none,raw,natural/thread_packet/x8/raw,1048576,0,1,16777216,16777216,0,512,256,10,4,1164,12.486687660217285,0.010727394897093888,-1214.7398837081475,1
2026-08-16T15:19:17Z,NVIDIA H200 NVL,full,normal_0_1,dot,raw_fp64,64,11,52,fp64,natural,thread_packet,8,128,1,1,8,none,raw,natural/thread_packet/x8/raw,16777216,0,1,268435456,268435456,0,512,256,10,0,174,14.883647918701172,0.085538206429317074,-2896.1557629640783,1
2026-08-16T15:19:17Z,NVIDIA H200 NVL,full,normal_0_1,dot,raw_fp64,64,11,52,fp64,natural,thread_packet,8,128,1,1,8,none,raw,natural/thread_packet/x8/raw,16777216,0,1,268435456,268435456,0,512,256,10,1,174,14.867551803588867,0.085445700020625667,-2896.1557629640783,1
2026-08-16T15:19:17Z,NVIDIA H200 NVL,full,normal_0_1,dot,raw_fp64,64,11,52,fp64,natural,thread_packet,8,128,1,1,8,none,raw,natural/thread_packet/x8/raw,16777216,0,1,268435456,268435456,0,512,256,10,2,174,14.864447593688965,0.085427859733844619,-2896.1557629640783,1
2026-08-16T15:19:17Z,NVIDIA H200 NVL,full,normal_0_1,dot,raw_fp64,64,11,52,fp64,natural,thread_packet,8,128,1,1,8,none,raw,natural/thread_packet/x8/raw,16777216,0,1,268435456,268435456,0,512,256,10,3,174,14.83955192565918,0.085284781181949307,-2896.1557629640783,1
2026-08-16T15:19:17Z,NVIDIA H200 NVL,full,normal_0_1,dot,raw_fp64,64,11,52,fp64,natural,thread_packet,8,128,1,1,8,none,raw,natural/thread_packet/x8/raw,16777216,0,1,268435456,268435456,0,512,256,10,4,174,14.850527763366699,0.08534786070900402,-2896.1557629640783,1
2026-08-16T15:19:17Z,NVIDIA H200 NVL,full,normal_0_1,dot,raw_fp64,64,11,52,fp64,natural,thread_packet,8,128,1,1,8,none,raw,natural/thread_packet/x8/raw,134217728,0,1,2147483648,2147483648,0,512,256,10,0,25,15.23481559753418,0.60939262390136717,13110.077467888219,1
2026-08-16T15:19:17Z,NVIDIA H200 NVL,full,normal_0_1,dot,raw_fp64,64,11,52,fp64,natural,thread_packet,8,128,1,1,8,none,raw,natural/thread_packet/x8/raw,134217728,0,1,2147483648,2147483648,0,512,256,10,1,25,15.231904029846191,0.60927616119384764,13110.077467888219,1
2026-08-16T15:19:17Z,NVIDIA H200 NVL,full,normal_0_1,dot,raw_fp64,64,11,52,fp64,natural,thread_packet,8,128,1,1,8,none,raw,natural/thread_packet/x8/raw,134217728,0,1,2147483648,2147483648,0,512,256,10,2,25,15.228480339050293,0.60913921356201173,13110.077467888219,1
2026-08-16T15:19:17Z,NVIDIA H200 NVL,full,normal_0_1,dot,raw_fp64,64,11,52,fp64,natural,thread_packet,8,128,1,1,8,none,raw,natural/thread_packet/x8/raw,134217728,0,1,2147483648,2147483648,0,512,256,10,3,25,15.213600158691406,0.60854400634765626,13110.077467888219,1
2026-08-16T15:19:17Z,NVIDIA H200 NVL,full,normal_0_1,dot,raw_fp64,64,11,52,fp64,natural,thread_packet,8,128,1,1,8,none,raw,natural/thread_packet/x8/raw,134217728,0,1,2147483648,2147483648,0,512,256,10,4,25,15.210176467895508,0.60840705871582035,13110.077467888219,1
2026-08-16T15:19:17Z,NVIDIA H200 NVL,full,normal_0_1,gemv,raw_fp64,64,11,52,fp64,natural,thread_packet,8,128,1,1,8,none,raw,natural/thread_packet/x8/raw,256,1024,1024,2099200,2099200,0,1024,256,10,0,2222,10.561504364013672,0.0047531522790340555,18.843530593165923,1
2026-08-16T15:19:17Z,NVIDIA H200 NVL,full,normal_0_1,gemv,raw_fp64,64,11,52,fp64,natural,thread_packet,8,128,1,1,8,none,raw,natural/thread_packet/x8/raw,256,1024,1024,2099200,2099200,0,1024,256,10,1,2222,10.55401611328125,0.0047497822291994824,18.843530593165923,1
2026-08-16T15:19:17Z,NVIDIA H200 NVL,full,normal_0_1,gemv,raw_fp64,64,11,52,fp64,natural,thread_packet,8,128,1,1,8,none,raw,natural/thread_packet/x8/raw,256,1024,1024,2099200,2099200,0,1024,256,10,2,2222,10.56544017791748,0.0047549235724201082,18.843530593165923,1
2026-08-16T15:19:17Z,NVIDIA H200 NVL,full,normal_0_1,gemv,raw_fp64,64,11,52,fp64,natural,thread_packet,8,128,1,1,8,none,raw,natural/thread_packet/x8/raw,256,1024,1024,2099200,2099200,0,1024,256,10,3,2222,10.571136474609375,0.0047574871622904479,18.843530593165923,1
2026-08-16T15:19:17Z,NVIDIA H200 NVL,full,normal_0_1,gemv,raw_fp64,64,11,52,fp64,natural,thread_packet,8,128,1,1,8,none,raw,natural/thread_packet/x8/raw,256,1024,1024,2099200,2099200,0,1024,256,10,4,2222,10.562560081481934,0.0047536273994068104,18.843530593165923,1
2026-08-16T15:19:17Z,NVIDIA H200 NVL,full,normal_0_1,gemv,raw_fp64,64,11,52,fp64,natural,thread_packet,8,128,1,1,8,none,raw,natural/thread_packet/x8/raw,1024,1024,1024,8396800,8396800,0,1024,256,10,0,1434,11.812159538269043,0.0082372102777329443,17.024110028266087,1
2026-08-16T15:19:17Z,NVIDIA H200 NVL,full,normal_0_1,gemv,raw_fp64,64,11,52,fp64,natural,thread_packet,8,128,1,1,8,none,raw,natural/thread_packet/x8/raw,1024,1024,1024,8396800,8396800,0,1024,256,10,1,1434,11.811648368835449,0.0082368538136927821,17.024110028266087,1
2026-08-16T15:19:17Z,NVIDIA H200 NVL,full,normal_0_1,gemv,raw_fp64,64,11,52,fp64,natural,thread_packet,8,128,1,1,8,none,raw,natural/thread_packet/x8/raw,1024,1024,1024,8396800,8396800,0,1024,256,10,2,1434,11.813920021057129,0.0082384379505279839,17.024110028266087,1
2026-08-16T15:19:17Z,NVIDIA H200 NVL,full,normal_0_1,gemv,raw_fp64,64,11,52,fp64,natural,thread_packet,8,128,1,1,8,none,raw,natural/thread_packet/x8/raw,1024,1024,1024,8396800,8396800,0,1024,256,10,3,1434,11.815615653991699,0.008239620400273151,17.024110028266087,1
2026-08-16T15:19:17Z,NVIDIA H200 NVL,full,normal_0_1,gemv,raw_fp64,64,11,52,fp64,natural,thread_packet,8,128,1,1,8,none,raw,natural/thread_packet/x8/raw,1024,1024,1024,8396800,8396800,0,1024,256,10,4,1434,11.81606388092041,0.0082399329713531456,17.024110028266087,1
2026-08-16T15:19:17Z,NVIDIA H200 NVL,full,normal_0_1,gemv,raw_fp64,64,11,52,fp64,natural,thread_packet,8,128,1,1,8,none,raw,natural/thread_packet/x8/raw,4096,1024,1024,33587200,33587200,0,1024,256,10,0,608,13.664896011352539,0.022475157913408782,32.916210500166123,1
2026-08-16T15:19:17Z,NVIDIA H200 NVL,full,normal_0_1,gemv,raw_fp64,64,11,52,fp64,natural,thread_packet,8,128,1,1,8,none,raw,natural/thread_packet/x8/raw,4096,1024,1024,33587200,33587200,0,1024,256,10,1,608,13.671199798583984,0.022485525984513133,32.916210500166123,1
2026-08-16T15:19:17Z,NVIDIA H200 NVL,full,normal_0_1,gemv,raw_fp64,64,11,52,fp64,natural,thread_packet,8,128,1,1,8,none,raw,natural/thread_packet/x8/raw,4096,1024,1024,33587200,33587200,0,1024,256,10,2,608,13.662655830383301,0.022471473405235691,32.916210500166123,1
2026-08-16T15:19:17Z,NVIDIA H200 NVL,full,normal_0_1,gemv,raw_fp64,64,11,52,fp64,natural,thread_packet,8,128,1,1,8,none,raw,natural/thread_packet/x8/raw,4096,1024,1024,33587200,33587200,0,1024,256,10,3,608,13.706591606140137,0.022543736194309435,32.916210500166123,1
2026-08-16T15:19:17Z,NVIDIA H200 NVL,full,normal_0_1,gemv,raw_fp64,64,11,52,fp64,natural,thread_packet,8,128,1,1,8,none,raw,natural/thread_packet/x8/raw,4096,1024,1024,33587200,33587200,0,1024,256,10,4,608,13.722368240356445,0.022569684605849415,32.916210500166123,1
2026-08-16T15:19:17Z,NVIDIA H200 NVL,full,normal_0_1,gemv,raw_fp64,64,11,52,fp64,natural,thread_packet,8,128,1,1,8,none,raw,natural/thread_packet/x8/raw,16384,1024,1024,134348800,134348800,0,1024,256,10,0,185,14.782464027404785,0.079905210958944789,14.335791721456346,1
2026-08-16T15:19:17Z,NVIDIA H200 NVL,full,normal_0_1,gemv,raw_fp64,64,11,52,fp64,natural,thread_packet,8,128,1,1,8,none,raw,natural/thread_packet/x8/raw,16384,1024,1024,134348800,134348800,0,1024,256,10,1,185,14.764512062072754,0.079808173308501373,14.335791721456346,1
2026-08-16T15:19:17Z,NVIDIA H200 NVL,full,normal_0_1,gemv,raw_fp64,64,11,52,fp64,natural,thread_packet,8,128,1,1,8,none,raw,natural/thread_packet/x8/raw,16384,1024,1024,134348800,134348800,0,1024,256,10,2,185,14.761568069458008,0.079792259834908147,14.335791721456346,1
2026-08-16T15:19:17Z,NVIDIA H200 NVL,full,normal_0_1,gemv,raw_fp64,64,11,52,fp64,natural,thread_packet,8,128,1,1,8,none,raw,natural/thread_packet/x8/raw,16384,1024,1024,134348800,134348800,0,1024,256,10,3,185,14.757439613342285,0.079769943855904246,14.335791721456346,1
2026-08-16T15:19:17Z,NVIDIA H200 NVL,full,normal_0_1,gemv,raw_fp64,64,11,52,fp64,natural,thread_packet,8,128,1,1,8,none,raw,natural/thread_packet/x8/raw,16384,1024,1024,134348800,134348800,0,1024,256,10,4,185,14.762271881103516,0.079796064222181162,14.335791721456346,1
2026-08-16T15:19:17Z,NVIDIA H200 NVL,full,normal_0_1,gemv,raw_fp64,64,11,52,fp64,natural,thread_packet,8,128,1,1,8,none,raw,natural/thread_packet/x8/raw,65536,1024,1024,537395200,537395200,0,1024,256,10,0,50,15.019167900085449,0.30038335800170901,424.98861562004186,1
2026-08-16T15:19:17Z,NVIDIA H200 NVL,full,normal_0_1,gemv,raw_fp64,64,11,52,fp64,natural,thread_packet,8,128,1,1,8,none,raw,natural/thread_packet/x8/raw,65536,1024,1024,537395200,537395200,0,1024,256,10,1,50,15.015456199645996,0.30030912399291992,424.98861562004186,1
2026-08-16T15:19:17Z,NVIDIA H200 NVL,full,normal_0_1,gemv,raw_fp64,64,11,52,fp64,natural,thread_packet,8,128,1,1,8,none,raw,natural/thread_packet/x8/raw,65536,1024,1024,537395200,537395200,0,1024,256,10,2,50,15.016287803649902,0.30032575607299805,424.98861562004186,1
2026-08-16T15:19:17Z,NVIDIA H200 NVL,full,normal_0_1,gemv,raw_fp64,64,11,52,fp64,natural,thread_packet,8,128,1,1,8,none,raw,natural/thread_packet/x8/raw,65536,1024,1024,537395200,537395200,0,1024,256,10,3,50,15.014016151428223,0.30028032302856444,424.98861562004186,1
2026-08-16T15:19:17Z,NVIDIA H200 NVL,full,normal_0_1,gemv,raw_fp64,64,11,52,fp64,natural,thread_packet,8,128,1,1,8,none,raw,natural/thread_packet/x8/raw,65536,1024,1024,537395200,537395200,0,1024,256,10,4,50,15.01961612701416,0.3003923225402832,424.98861562004186,1
