timestamp,gpu,mode,distribution,kernel,format,bits,exponent_bits,mantissa_bits,arithmetic_type,storage_layout,access_method,packet_values,load_word_bits,loader_threads,consumer_threads,values_per_consumer,redistribution,decoder,strategy_id,N,M,rows,logical_input_bytes,physical_input_bytes,table_bytes,blocks,threads,warmup,sample,iterations,total_ms,mean_ms,result,valid
2026-08-16T15:13:36Z,NVIDIA H200 NVL,full,uniform_0_1,dot,raw_fp32,32,8,23,fp32,natural,scalar,1,32,1,1,1,none,raw,natural/scalar/x1/raw,4096,0,1,32768,32768,0,16,256,10,0,1724,8.28819,0.00480754,1019.6925048828125,1
2026-08-16T15:13:36Z,NVIDIA H200 NVL,full,uniform_0_1,dot,raw_fp32,32,8,23,fp32,natural,scalar,1,32,1,1,1,none,raw,natural/scalar/x1/raw,4096,0,1,32768,32768,0,16,256,10,1,1724,8.3103675842285156,0.0048203988307589998,1019.6925048828125,1
2026-08-16T15:13:36Z,NVIDIA H200 NVL,full,uniform_0_1,dot,raw_fp32,32,8,23,fp32,natural,scalar,1,32,1,1,1,none,raw,natural/scalar/x1/raw,4096,0,1,32768,32768,0,16,256,10,2,1724,8.2860164642333984,0.0048062740511794653,1019.6925048828125,1
2026-08-16T15:13:36Z,NVIDIA H200 NVL,full,uniform_0_1,dot,raw_fp32,32,8,23,fp32,natural,scalar,1,32,1,1,1,none,raw,natural/scalar/x1/raw,4096,0,1,32768,32768,0,16,256,10,3,1724,8.2928962707519531,0.0048102646582087894,1019.6925048828125,1
2026-08-16T15:13:36Z,NVIDIA H200 NVL,full,uniform_0_1,dot,raw_fp32,32,8,23,fp32,natural,scalar,1,32,1,1,1,none,raw,natural/scalar/x1/raw,4096,0,1,32768,32768,0,16,256,10,4,1724,8.3014717102050781,0.0048152388110238274,1019.6925048828125,1
2026-08-16T15:13:36Z,NVIDIA H200 NVL,full,uniform_0_1,dot,raw_fp32,32,8,23,fp32,natural,scalar,1,32,1,1,1,none,raw,natural/scalar/x1/raw,65536,0,1,524288,524288,0,256,256,10,0,2093,10.879136085510254,0.0051978672171573122,16361.328125,1
2026-08-16T15:13:36Z,NVIDIA H200 NVL,full,uniform_0_1,dot,raw_fp32,32,8,23,fp32,natural,scalar,1,32,1,1,1,none,raw,natural/scalar/x1/raw,65536,0,1,524288,524288,0,256,256,10,1,2093,10.879424095153809,0.0051980048232937448,16361.328125,1
2026-08-16T15:13:36Z,NVIDIA H200 NVL,full,uniform_0_1,dot,raw_fp32,32,8,23,fp32,natural,scalar,1,32,1,1,1,none,raw,natural/scalar/x1/raw,65536,0,1,524288,524288,0,256,256,10,2,2093,10.879360198974609,0.005197974294780033,16361.328125,1
2026-08-16T15:13:36Z,NVIDIA H200 NVL,full,uniform_0_1,dot,raw_fp32,32,8,23,fp32,natural,scalar,1,32,1,1,1,none,raw,natural/scalar/x1/raw,65536,0,1,524288,524288,0,256,256,10,3,2093,10.87987232208252,0.0051982189785391873,16361.328125,1
2026-08-16T15:13:36Z,NVIDIA H200 NVL,full,uniform_0_1,dot,raw_fp32,32,8,23,fp32,natural,scalar,1,32,1,1,1,none,raw,natural/scalar/x1/raw,65536,0,1,524288,524288,0,256,256,10,4,2093,10.880191802978516,0.0051983716211077479,16361.328125,1
2026-08-16T15:13:36Z,NVIDIA H200 NVL,full,uniform_0_1,dot,raw_fp32,32,8,23,fp32,natural,scalar,1,32,1,1,1,none,raw,natural/scalar/x1/raw,1048576,0,1,8388608,8388608,0,512,256,10,0,1651,11.634880065917969,0.0070471714511919862,261997.40625,1
2026-08-16T15:13:36Z,NVIDIA H200 NVL,full,uniform_0_1,dot,raw_fp32,32,8,23,fp32,natural,scalar,1,32,1,1,1,none,raw,natural/scalar/x1/raw,1048576,0,1,8388608,8388608,0,512,256,10,1,1651,11.64031982421875,0.0070504662775401272,261997.40625,1
2026-08-16T15:13:36Z,NVIDIA H200 NVL,full,uniform_0_1,dot,raw_fp32,32,8,23,fp32,natural,scalar,1,32,1,1,1,none,raw,natural/scalar/x1/raw,1048576,0,1,8388608,8388608,0,512,256,10,2,1651,11.640640258789062,0.0070506603626826541,261997.40625,1
2026-08-16T15:13:36Z,NVIDIA H200 NVL,full,uniform_0_1,dot,raw_fp32,32,8,23,fp32,natural,scalar,1,32,1,1,1,none,raw,natural/scalar/x1/raw,1048576,0,1,8388608,8388608,0,512,256,10,3,1651,11.640288352966309,0.0070504472156064863,261997.40625,1
2026-08-16T15:13:36Z,NVIDIA H200 NVL,full,uniform_0_1,dot,raw_fp32,32,8,23,fp32,natural,scalar,1,32,1,1,1,none,raw,natural/scalar/x1/raw,1048576,0,1,8388608,8388608,0,512,256,10,4,1651,11.640800476074219,0.0070507574052539185,261997.40625,1
2026-08-16T15:13:36Z,NVIDIA H200 NVL,full,uniform_0_1,dot,raw_fp32,32,8,23,fp32,natural,scalar,1,32,1,1,1,none,raw,natural/scalar/x1/raw,16777216,0,1,134217728,134217728,0,512,256,10,0,212,14.866656303405762,0.070125737280215858,4194144.5,1
2026-08-16T15:13:36Z,NVIDIA H200 NVL,full,uniform_0_1,dot,raw_fp32,32,8,23,fp32,natural,scalar,1,32,1,1,1,none,raw,natural/scalar/x1/raw,16777216,0,1,134217728,134217728,0,512,256,10,1,212,14.871392250061035,0.070148076651231295,4194144.5,1
2026-08-16T15:13:36Z,NVIDIA H200 NVL,full,uniform_0_1,dot,raw_fp32,32,8,23,fp32,natural,scalar,1,32,1,1,1,none,raw,natural/scalar/x1/raw,16777216,0,1,134217728,134217728,0,512,256,10,2,212,14.88054370880127,0.070191243909439954,4194144.5,1
2026-08-16T15:13:36Z,NVIDIA H200 NVL,full,uniform_0_1,dot,raw_fp32,32,8,23,fp32,natural,scalar,1,32,1,1,1,none,raw,natural/scalar/x1/raw,16777216,0,1,134217728,134217728,0,512,256,10,3,212,14.879327774047852,0.07018550836815024,4194144.5,1
2026-08-16T15:13:36Z,NVIDIA H200 NVL,full,uniform_0_1,dot,raw_fp32,32,8,23,fp32,natural,scalar,1,32,1,1,1,none,raw,natural/scalar/x1/raw,16777216,0,1,134217728,134217728,0,512,256,10,4,212,14.882623672485352,0.070201055058893166,4194144.5,1
2026-08-16T15:13:36Z,NVIDIA H200 NVL,full,uniform_0_1,dot,raw_fp32,32,8,23,fp32,natural,scalar,1,32,1,1,1,none,raw,natural/scalar/x1/raw,134217728,0,1,1073741824,1073741824,0,512,256,10,0,30,15.107999801635742,0.5035999933878581,33555792,1
2026-08-16T15:13:36Z,NVIDIA H200 NVL,full,uniform_0_1,dot,raw_fp32,32,8,23,fp32,natural,scalar,1,32,1,1,1,none,raw,natural/scalar/x1/raw,134217728,0,1,1073741824,1073741824,0,512,256,10,1,30,15.102527618408203,0.50341758728027342,33555792,1
2026-08-16T15:13:36Z,NVIDIA H200 NVL,full,uniform_0_1,dot,raw_fp32,32,8,23,fp32,natural,scalar,1,32,1,1,1,none,raw,natural/scalar/x1/raw,134217728,0,1,1073741824,1073741824,0,512,256,10,2,30,15.104736328125,0.50349121093750004,33555792,1
2026-08-16T15:13:36Z,NVIDIA H200 NVL,full,uniform_0_1,dot,raw_fp32,32,8,23,fp32,natural,scalar,1,32,1,1,1,none,raw,natural/scalar/x1/raw,134217728,0,1,1073741824,1073741824,0,512,256,10,3,30,15.114656448364258,0.50382188161214192,33555792,1
2026-08-16T15:13:36Z,NVIDIA H200 NVL,full,uniform_0_1,dot,raw_fp32,32,8,23,fp32,natural,scalar,1,32,1,1,1,none,raw,natural/scalar/x1/raw,134217728,0,1,1073741824,1073741824,0,512,256,10,4,30,15.108832359313965,0.5036277453104655,33555792,1
2026-08-16T15:13:36Z,NVIDIA H200 NVL,full,uniform_0_1,gemv,raw_fp32,32,8,23,fp32,natural,scalar,1,32,1,1,1,none,raw,natural/scalar/x1/raw,256,1024,1024,1049600,1049600,0,1024,256,10,0,2664,9.6782083511352539,0.0036329610927684887,62.262413024902344,1
2026-08-16T15:13:36Z,NVIDIA H200 NVL,full,uniform_0_1,gemv,raw_fp32,32,8,23,fp32,natural,scalar,1,32,1,1,1,none,raw,natural/scalar/x1/raw,256,1024,1024,1049600,1049600,0,1024,256,10,1,2664,9.6849918365478516,0.0036355074461515958,62.262413024902344,1
2026-08-16T15:13:36Z,NVIDIA H200 NVL,full,uniform_0_1,gemv,raw_fp32,32,8,23,fp32,natural,scalar,1,32,1,1,1,none,raw,natural/scalar/x1/raw,256,1024,1024,1049600,1049600,0,1024,256,10,2,2664,9.6915197372436523,0.0036379578593256955,62.262413024902344,1
2026-08-16T15:13:36Z,NVIDIA H200 NVL,full,uniform_0_1,gemv,raw_fp32,32,8,23,fp32,natural,scalar,1,32,1,1,1,none,raw,natural/scalar/x1/raw,256,1024,1024,1049600,1049600,0,1024,256,10,3,2664,9.6864643096923828,0.0036360601763109545,62.262413024902344,1
2026-08-16T15:13:36Z,NVIDIA H200 NVL,full,uniform_0_1,gemv,raw_fp32,32,8,23,fp32,natural,scalar,1,32,1,1,1,none,raw,natural/scalar/x1/raw,256,1024,1024,1049600,1049600,0,1024,256,10,4,2664,9.6856956481933594,0.0036357716397122219,62.262413024902344,1
2026-08-16T15:13:36Z,NVIDIA H200 NVL,full,uniform_0_1,gemv,raw_fp32,32,8,23,fp32,natural,scalar,1,32,1,1,1,none,raw,natural/scalar/x1/raw,1024,1024,1024,4198400,4198400,0,1024,256,10,0,2287,9.9963521957397461,0.0043709454288324203,248.53376770019531,1
2026-08-16T15:13:36Z,NVIDIA H200 NVL,full,uniform_0_1,gemv,raw_fp32,32,8,23,fp32,natural,scalar,1,32,1,1,1,none,raw,natural/scalar/x1/raw,1024,1024,1024,4198400,4198400,0,1024,256,10,1,2287,10.012031555175781,0.004377801292162563,248.53376770019531,1
2026-08-16T15:13:36Z,NVIDIA H200 NVL,full,uniform_0_1,gemv,raw_fp32,32,8,23,fp32,natural,scalar,1,32,1,1,1,none,raw,natural/scalar/x1/raw,1024,1024,1024,4198400,4198400,0,1024,256,10,2,2287,10.028063774108887,0.0043848114447349743,248.53376770019531,1
2026-08-16T15:13:36Z,NVIDIA H200 NVL,full,uniform_0_1,gemv,raw_fp32,32,8,23,fp32,natural,scalar,1,32,1,1,1,none,raw,natural/scalar/x1/raw,1024,1024,1024,4198400,4198400,0,1024,256,10,3,2287,10.02899169921875,0.004385217183742348,248.53376770019531,1
2026-08-16T15:13:36Z,NVIDIA H200 NVL,full,uniform_0_1,gemv,raw_fp32,32,8,23,fp32,natural,scalar,1,32,1,1,1,none,raw,natural/scalar/x1/raw,1024,1024,1024,4198400,4198400,0,1024,256,10,4,2287,10.029248237609863,0.0043853293561914577,248.53376770019531,1
2026-08-16T15:13:36Z,NVIDIA H200 NVL,full,uniform_0_1,gemv,raw_fp32,32,8,23,fp32,natural,scalar,1,32,1,1,1,none,raw,natural/scalar/x1/raw,4096,1024,1024,16793600,16793600,0,1024,256,10,0,1606,11.43238353729248,0.0071185451664336737,1019.6925048828125,1
2026-08-16T15:13:36Z,NVIDIA H200 NVL,full,uniform_0_1,gemv,raw_fp32,32,8,23,fp32,natural,scalar,1,32,1,1,1,none,raw,natural/scalar/x1/raw,4096,1024,1024,16793600,16793600,0,1024,256,10,1,1606,11.412063598632812,0.0071058926517016266,1019.6925048828125,1
2026-08-16T15:13:36Z,NVIDIA H200 NVL,full,uniform_0_1,gemv,raw_fp32,32,8,23,fp32,natural,scalar,1,32,1,1,1,none,raw,natural/scalar/x1/raw,4096,1024,1024,16793600,16793600,0,1024,256,10,2,1606,11.408160209655762,0.0071034621479799265,1019.6925048828125,1
2026-08-16T15:13:36Z,NVIDIA H200 NVL,full,uniform_0_1,gemv,raw_fp32,32,8,23,fp32,natural,scalar,1,32,1,1,1,none,raw,natural/scalar/x1/raw,4096,1024,1024,16793600,16793600,0,1024,256,10,3,1606,11.406047821044922,0.0071021468375124051,1019.6925048828125,1
2026-08-16T15:13:36Z,NVIDIA H200 NVL,full,uniform_0_1,gemv,raw_fp32,32,8,23,fp32,natural,scalar,1,32,1,1,1,none,raw,natural/scalar/x1/raw,4096,1024,1024,16793600,16793600,0,1024,256,10,4,1606,11.406528472900391,0.0071024461226029826,1019.6925048828125,1
2026-08-16T15:13:36Z,NVIDIA H200 NVL,full,uniform_0_1,gemv,raw_fp32,32,8,23,fp32,natural,scalar,1,32,1,1,1,none,raw,natural/scalar/x1/raw,16384,1024,1024,67174400,67174400,0,1024,256,10,0,427,14.53382396697998,0.034037058470679109,4110.29638671875,1
2026-08-16T15:13:36Z,NVIDIA H200 NVL,full,uniform_0_1,gemv,raw_fp32,32,8,23,fp32,natural,scalar,1,32,1,1,1,none,raw,natural/scalar/x1/raw,16384,1024,1024,67174400,67174400,0,1024,256,10,1,427,14.527520179748535,0.034022295502923967,4110.29638671875,1
2026-08-16T15:13:36Z,NVIDIA H200 NVL,full,uniform_0_1,gemv,raw_fp32,32,8,23,fp32,natural,scalar,1,32,1,1,1,none,raw,natural/scalar/x1/raw,16384,1024,1024,67174400,67174400,0,1024,256,10,2,427,14.523167610168457,0.03401210213154205,4110.29638671875,1
2026-08-16T15:13:36Z,NVIDIA H200 NVL,full,uniform_0_1,gemv,raw_fp32,32,8,23,fp32,natural,scalar,1,32,1,1,1,none,raw,natural/scalar/x1/raw,16384,1024,1024,67174400,67174400,0,1024,256,10,3,427,14.521535873413086,0.03400828073398849,4110.29638671875,1
2026-08-16T15:13:36Z,NVIDIA H200 NVL,full,uniform_0_1,gemv,raw_fp32,32,8,23,fp32,natural,scalar,1,32,1,1,1,none,raw,natural/scalar/x1/raw,16384,1024,1024,67174400,67174400,0,1024,256,10,4,427,14.518655776977539,0.03400153577746496,4110.29638671875,1
2026-08-16T15:13:36Z,NVIDIA H200 NVL,full,uniform_0_1,gemv,raw_fp32,32,8,23,fp32,natural,scalar,1,32,1,1,1,none,raw,natural/scalar/x1/raw,65536,1024,1024,268697600,268697600,0,1024,256,10,0,123,14.917728424072266,0.12128234491115664,16361.3291015625,1
2026-08-16T15:13:36Z,NVIDIA H200 NVL,full,uniform_0_1,gemv,raw_fp32,32,8,23,fp32,natural,scalar,1,32,1,1,1,none,raw,natural/scalar/x1/raw,65536,1024,1024,268697600,268697600,0,1024,256,10,1,123,14.916064262390137,0.12126881514138323,16361.3291015625,1
2026-08-16T15:13:36Z,NVIDIA H200 NVL,full,uniform_0_1,gemv,raw_fp32,32,8,23,fp32,natural,scalar,1,32,1,1,1,none,raw,natural/scalar/x1/raw,65536,1024,1024,268697600,268697600,0,1024,256,10,2,123,14.907391548156738,0.12119830526956697,16361.3291015625,1
2026-08-16T15:13:36Z,NVIDIA H200 NVL,full,uniform_0_1,gemv,raw_fp32,32,8,23,fp32,natural,scalar,1,32,1,1,1,none,raw,natural/scalar/x1/raw,65536,1024,1024,268697600,268697600,0,1024,256,10,3,123,14.897215843200684,0.12111557596098117,16361.3291015625,1
2026-08-16T15:13:36Z,NVIDIA H200 NVL,full,uniform_0_1,gemv,raw_fp32,32,8,23,fp32,natural,scalar,1,32,1,1,1,none,raw,natural/scalar/x1/raw,65536,1024,1024,268697600,268697600,0,1024,256,10,4,123,14.900544166564941,0.12114263550052798,16361.3291015625,1
2026-08-16T15:13:36Z,NVIDIA H200 NVL,full,uniform_0_1,dot,raw_fp32,32,8,23,fp32,natural,thread_packet,2,64,1,1,2,none,raw,natural/thread_packet/x2/raw,4096,0,1,32768,32768,0,8,256,10,0,2171,10.471776008605957,0.0048234804277319009,1019.6925048828125,1
2026-08-16T15:13:36Z,NVIDIA H200 NVL,full,uniform_0_1,dot,raw_fp32,32,8,23,fp32,natural,thread_packet,2,64,1,1,2,none,raw,natural/thread_packet/x2/raw,4096,0,1,32768,32768,0,8,256,10,1,2171,10.471424102783203,0.0048233183338476293,1019.6925048828125,1
2026-08-16T15:13:36Z,NVIDIA H200 NVL,full,uniform_0_1,dot,raw_fp32,32,8,23,fp32,natural,thread_packet,2,64,1,1,2,none,raw,natural/thread_packet/x2/raw,4096,0,1,32768,32768,0,8,256,10,2,2171,10.476448059082031,0.0048256324546669879,1019.6925048828125,1
2026-08-16T15:13:36Z,NVIDIA H200 NVL,full,uniform_0_1,dot,raw_fp32,32,8,23,fp32,natural,thread_packet,2,64,1,1,2,none,raw,natural/thread_packet/x2/raw,4096,0,1,32768,32768,0,8,256,10,3,2171,10.489472389221191,0.0048316316855003183,1019.6925048828125,1
2026-08-16T15:13:36Z,NVIDIA H200 NVL,full,uniform_0_1,dot,raw_fp32,32,8,23,fp32,natural,thread_packet,2,64,1,1,2,none,raw,natural/thread_packet/x2/raw,4096,0,1,32768,32768,0,8,256,10,4,2171,10.48748779296875,0.0048307175462776368,1019.6925048828125,1
2026-08-16T15:13:36Z,NVIDIA H200 NVL,full,uniform_0_1,dot,raw_fp32,32,8,23,fp32,natural,thread_packet,2,64,1,1,2,none,raw,natural/thread_packet/x2/raw,65536,0,1,524288,524288,0,128,256,10,0,2103,10.728351593017578,0.0051014510665799229,16361.3291015625,1
2026-08-16T15:13:36Z,NVIDIA H200 NVL,full,uniform_0_1,dot,raw_fp32,32,8,23,fp32,natural,thread_packet,2,64,1,1,2,none,raw,natural/thread_packet/x2/raw,65536,0,1,524288,524288,0,128,256,10,1,2103,10.702560424804688,0.0050891870778909595,16361.3291015625,1
2026-08-16T15:13:36Z,NVIDIA H200 NVL,full,uniform_0_1,dot,raw_fp32,32,8,23,fp32,natural,thread_packet,2,64,1,1,2,none,raw,natural/thread_packet/x2/raw,65536,0,1,524288,524288,0,128,256,10,2,2103,10.706527709960938,0.0050910735663152341,16361.3291015625,1
2026-08-16T15:13:36Z,NVIDIA H200 NVL,full,uniform_0_1,dot,raw_fp32,32,8,23,fp32,natural,thread_packet,2,64,1,1,2,none,raw,natural/thread_packet/x2/raw,65536,0,1,524288,524288,0,128,256,10,3,2103,10.703071594238281,0.0050894301446687022,16361.3291015625,1
2026-08-16T15:13:36Z,NVIDIA H200 NVL,full,uniform_0_1,dot,raw_fp32,32,8,23,fp32,natural,thread_packet,2,64,1,1,2,none,raw,natural/thread_packet/x2/raw,65536,0,1,524288,524288,0,128,256,10,4,2103,10.706080436706543,0.0050908608828847089,16361.3291015625,1
2026-08-16T15:13:36Z,NVIDIA H200 NVL,full,uniform_0_1,dot,raw_fp32,32,8,23,fp32,natural,thread_packet,2,64,1,1,2,none,raw,natural/thread_packet/x2/raw,1048576,0,1,8388608,8388608,0,512,256,10,0,1724,11.352160453796387,0.0065847798455895513,261997.40625,1
2026-08-16T15:13:36Z,NVIDIA H200 NVL,full,uniform_0_1,dot,raw_fp32,32,8,23,fp32,natural,thread_packet,2,64,1,1,2,none,raw,natural/thread_packet/x2/raw,1048576,0,1,8388608,8388608,0,512,256,10,1,1724,11.353440284729004,0.0065855222069193756,261997.40625,1
2026-08-16T15:13:36Z,NVIDIA H200 NVL,full,uniform_0_1,dot,raw_fp32,32,8,23,fp32,natural,thread_packet,2,64,1,1,2,none,raw,natural/thread_packet/x2/raw,1048576,0,1,8388608,8388608,0,512,256,10,2,1724,11.354368209838867,0.0065860604465422662,261997.40625,1
2026-08-16T15:13:36Z,NVIDIA H200 NVL,full,uniform_0_1,dot,raw_fp32,32,8,23,fp32,natural,thread_packet,2,64,1,1,2,none,raw,natural/thread_packet/x2/raw,1048576,0,1,8388608,8388608,0,512,256,10,3,1724,11.35324764251709,0.006585410465497152,261997.40625,1
2026-08-16T15:13:36Z,NVIDIA H200 NVL,full,uniform_0_1,dot,raw_fp32,32,8,23,fp32,natural,thread_packet,2,64,1,1,2,none,raw,natural/thread_packet/x2/raw,1048576,0,1,8388608,8388608,0,512,256,10,4,1724,11.356415748596191,0.0065872481140349139,261997.40625,1
2026-08-16T15:13:36Z,NVIDIA H200 NVL,full,uniform_0_1,dot,raw_fp32,32,8,23,fp32,natural,thread_packet,2,64,1,1,2,none,raw,natural/thread_packet/x2/raw,16777216,0,1,134217728,134217728,0,512,256,10,0,316,14.532223701477051,0.045988049688218513,4194144.75,1
2026-08-16T15:13:36Z,NVIDIA H200 NVL,full,uniform_0_1,dot,raw_fp32,32,8,23,fp32,natural,thread_packet,2,64,1,1,2,none,raw,natural/thread_packet/x2/raw,16777216,0,1,134217728,134217728,0,512,256,10,1,316,14.520383834838867,0.045950581755819203,4194144.75,1
2026-08-16T15:13:36Z,NVIDIA H200 NVL,full,uniform_0_1,dot,raw_fp32,32,8,23,fp32,natural,thread_packet,2,64,1,1,2,none,raw,natural/thread_packet/x2/raw,16777216,0,1,134217728,134217728,0,512,256,10,2,316,14.513567924499512,0.045929012419302251,4194144.75,1
2026-08-16T15:13:36Z,NVIDIA H200 NVL,full,uniform_0_1,dot,raw_fp32,32,8,23,fp32,natural,thread_packet,2,64,1,1,2,none,raw,natural/thread_packet/x2/raw,16777216,0,1,134217728,134217728,0,512,256,10,3,316,14.50870418548584,0.04591362084014506,4194144.75,1
2026-08-16T15:13:36Z,NVIDIA H200 NVL,full,uniform_0_1,dot,raw_fp32,32,8,23,fp32,natural,thread_packet,2,64,1,1,2,none,raw,natural/thread_packet/x2/raw,16777216,0,1,134217728,134217728,0,512,256,10,4,316,14.510592460632324,0.045919596394406091,4194144.75,1
2026-08-16T15:13:36Z,NVIDIA H200 NVL,full,uniform_0_1,dot,raw_fp32,32,8,23,fp32,natural,thread_packet,2,64,1,1,2,none,raw,natural/thread_packet/x2/raw,134217728,0,1,1073741824,1073741824,0,512,256,10,0,49,15.058431625366211,0.3073149311299227,33555792,1
2026-08-16T15:13:36Z,NVIDIA H200 NVL,full,uniform_0_1,dot,raw_fp32,32,8,23,fp32,natural,thread_packet,2,64,1,1,2,none,raw,natural/thread_packet/x2/raw,134217728,0,1,1073741824,1073741824,0,512,256,10,1,49,15.047072410583496,0.30708311042007136,33555792,1
2026-08-16T15:13:36Z,NVIDIA H200 NVL,full,uniform_0_1,dot,raw_fp32,32,8,23,fp32,natural,thread_packet,2,64,1,1,2,none,raw,natural/thread_packet/x2/raw,134217728,0,1,1073741824,1073741824,0,512,256,10,2,49,15.042976379394531,0.30699951794682717,33555792,1
2026-08-16T15:13:36Z,NVIDIA H200 NVL,full,uniform_0_1,dot,raw_fp32,32,8,23,fp32,natural,thread_packet,2,64,1,1,2,none,raw,natural/thread_packet/x2/raw,134217728,0,1,1073741824,1073741824,0,512,256,10,3,49,15.046015739440918,0.30706154570287586,33555792,1
2026-08-16T15:13:36Z,NVIDIA H200 NVL,full,uniform_0_1,dot,raw_fp32,32,8,23,fp32,natural,thread_packet,2,64,1,1,2,none,raw,natural/thread_packet/x2/raw,134217728,0,1,1073741824,1073741824,0,512,256,10,4,49,15.045920372009277,0.30705959942876077,33555792,1
2026-08-16T15:13:36Z,NVIDIA H200 NVL,full,uniform_0_1,gemv,raw_fp32,32,8,23,fp32,natural,thread_packet,2,64,1,1,2,none,raw,natural/thread_packet/x2/raw,256,1024,1024,1049600,1049600,0,1024,256,10,0,2576,9.3292484283447266,0.0036216026507549406,62.262413024902344,1
2026-08-16T15:13:36Z,NVIDIA H200 NVL,full,uniform_0_1,gemv,raw_fp32,32,8,23,fp32,natural,thread_packet,2,64,1,1,2,none,raw,natural/thread_packet/x2/raw,256,1024,1024,1049600,1049600,0,1024,256,10,1,2576,9.3388481140136719,0.0036253292368065497,62.262413024902344,1
2026-08-16T15:13:36Z,NVIDIA H200 NVL,full,uniform_0_1,gemv,raw_fp32,32,8,23,fp32,natural,thread_packet,2,64,1,1,2,none,raw,natural/thread_packet/x2/raw,256,1024,1024,1049600,1049600,0,1024,256,10,2,2576,9.3361921310424805,0.0036242981875164908,62.262413024902344,1
2026-08-16T15:13:36Z,NVIDIA H200 NVL,full,uniform_0_1,gemv,raw_fp32,32,8,23,fp32,natural,thread_packet,2,64,1,1,2,none,raw,natural/thread_packet/x2/raw,256,1024,1024,1049600,1049600,0,1024,256,10,3,2576,9.338047981262207,0.0036250186262663849,62.262413024902344,1
2026-08-16T15:13:36Z,NVIDIA H200 NVL,full,uniform_0_1,gemv,raw_fp32,32,8,23,fp32,natural,thread_packet,2,64,1,1,2,none,raw,natural/thread_packet/x2/raw,256,1024,1024,1049600,1049600,0,1024,256,10,4,2576,9.3394241333007812,0.0036255528467782536,62.262413024902344,1
2026-08-16T15:13:36Z,NVIDIA H200 NVL,full,uniform_0_1,gemv,raw_fp32,32,8,23,fp32,natural,thread_packet,2,64,1,1,2,none,raw,natural/thread_packet/x2/raw,1024,1024,1024,4198400,4198400,0,1024,256,10,0,2380,9.985600471496582,0.0041956304502086478,248.53376770019531,1
2026-08-16T15:13:36Z,NVIDIA H200 NVL,full,uniform_0_1,gemv,raw_fp32,32,8,23,fp32,natural,thread_packet,2,64,1,1,2,none,raw,natural/thread_packet/x2/raw,1024,1024,1024,4198400,4198400,0,1024,256,10,1,2380,9.9971837997436523,0.0042004973948502741,248.53376770019531,1
2026-08-16T15:13:36Z,NVIDIA H200 NVL,full,uniform_0_1,gemv,raw_fp32,32,8,23,fp32,natural,thread_packet,2,64,1,1,2,none,raw,natural/thread_packet/x2/raw,1024,1024,1024,4198400,4198400,0,1024,256,10,2,2380,9.9910717010498047,0.0041979292861553802,248.53376770019531,1
2026-08-16T15:13:36Z,NVIDIA H200 NVL,full,uniform_0_1,gemv,raw_fp32,32,8,23,fp32,natural,thread_packet,2,64,1,1,2,none,raw,natural/thread_packet/x2/raw,1024,1024,1024,4198400,4198400,0,1024,256,10,3,2380,9.9992637634277344,0.0042013713291713167,248.53376770019531,1
2026-08-16T15:13:36Z,NVIDIA H200 NVL,full,uniform_0_1,gemv,raw_fp32,32,8,23,fp32,natural,thread_packet,2,64,1,1,2,none,raw,natural/thread_packet/x2/raw,1024,1024,1024,4198400,4198400,0,1024,256,10,4,2380,10.003168106079102,0.0042030118092769332,248.53376770019531,1
2026-08-16T15:13:36Z,NVIDIA H200 NVL,full,uniform_0_1,gemv,raw_fp32,32,8,23,fp32,natural,thread_packet,2,64,1,1,2,none,raw,natural/thread_packet/x2/raw,4096,1024,1024,16793600,16793600,0,1024,256,10,0,1796,11.376447677612305,0.0063343249875346909,1019.6925048828125,1
2026-08-16T15:13:36Z,NVIDIA H200 NVL,full,uniform_0_1,gemv,raw_fp32,32,8,23,fp32,natural,thread_packet,2,64,1,1,2,none,raw,natural/thread_packet/x2/raw,4096,1024,1024,16793600,16793600,0,1024,256,10,1,1796,11.371616363525391,0.0063316349462836253,1019.6925048828125,1
2026-08-16T15:13:36Z,NVIDIA H200 NVL,full,uniform_0_1,gemv,raw_fp32,32,8,23,fp32,natural,thread_packet,2,64,1,1,2,none,raw,natural/thread_packet/x2/raw,4096,1024,1024,16793600,16793600,0,1024,256,10,2,1796,11.369312286376953,0.0063303520525484153,1019.6925048828125,1
2026-08-16T15:13:36Z,NVIDIA H200 NVL,full,uniform_0_1,gemv,raw_fp32,32,8,23,fp32,natural,thread_packet,2,64,1,1,2,none,raw,natural/thread_packet/x2/raw,4096,1024,1024,16793600,16793600,0,1024,256,10,3,1796,11.367008209228516,0.0063290691588132044,1019.6925048828125,1
2026-08-16T15:13:36Z,NVIDIA H200 NVL,full,uniform_0_1,gemv,raw_fp32,32,8,23,fp32,natural,thread_packet,2,64,1,1,2,none,raw,natural/thread_packet/x2/raw,4096,1024,1024,16793600,16793600,0,1024,256,10,4,1796,11.427647590637207,0.0063628327342077993,1019.6925048828125,1
2026-08-16T15:13:36Z,NVIDIA H200 NVL,full,uniform_0_1,gemv,raw_fp32,32,8,23,fp32,natural,thread_packet,2,64,1,1,2,none,raw,natural/thread_packet/x2/raw,16384,1024,1024,67174400,67174400,0,1024,256,10,0,601,14.205375671386719,0.023636232398314007,4110.29638671875,1
2026-08-16T15:13:36Z,NVIDIA H200 NVL,full,uniform_0_1,gemv,raw_fp32,32,8,23,fp32,natural,thread_packet,2,64,1,1,2,none,raw,natural/thread_packet/x2/raw,16384,1024,1024,67174400,67174400,0,1024,256,10,1,601,14.178175926208496,0.023590974918816135,4110.29638671875,1
2026-08-16T15:13:36Z,NVIDIA H200 NVL,full,uniform_0_1,gemv,raw_fp32,32,8,23,fp32,natural,thread_packet,2,64,1,1,2,none,raw,natural/thread_packet/x2/raw,16384,1024,1024,67174400,67174400,0,1024,256,10,2,601,14.166015625,0.023570741472545759,4110.29638671875,1
2026-08-16T15:13:36Z,NVIDIA H200 NVL,full,uniform_0_1,gemv,raw_fp32,32,8,23,fp32,natural,thread_packet,2,64,1,1,2,none,raw,natural/thread_packet/x2/raw,16384,1024,1024,67174400,67174400,0,1024,256,10,3,601,14.178943634033203,0.023592252302883865,4110.29638671875,1
2026-08-16T15:13:36Z,NVIDIA H200 NVL,full,uniform_0_1,gemv,raw_fp32,32,8,23,fp32,natural,thread_packet,2,64,1,1,2,none,raw,natural/thread_packet/x2/raw,16384,1024,1024,67174400,67174400,0,1024,256,10,4,601,14.173855781555176,0.023583786658161691,4110.29638671875,1
2026-08-16T15:13:36Z,NVIDIA H200 NVL,full,uniform_0_1,gemv,raw_fp32,32,8,23,fp32,natural,thread_packet,2,64,1,1,2,none,raw,natural/thread_packet/x2/raw,65536,1024,1024,268697600,268697600,0,1024,256,10,0,184,14.843584060668945,0.080671652503635574,16361.3291015625,1
2026-08-16T15:13:36Z,NVIDIA H200 NVL,full,uniform_0_1,gemv,raw_fp32,32,8,23,fp32,natural,thread_packet,2,64,1,1,2,none,raw,natural/thread_packet/x2/raw,65536,1024,1024,268697600,268697600,0,1024,256,10,1,184,14.83356761932373,0.080617215322411576,16361.3291015625,1
2026-08-16T15:13:36Z,NVIDIA H200 NVL,full,uniform_0_1,gemv,raw_fp32,32,8,23,fp32,natural,thread_packet,2,64,1,1,2,none,raw,natural/thread_packet/x2/raw,65536,1024,1024,268697600,268697600,0,1024,256,10,2,184,14.828384399414062,0.080589045648989471,16361.3291015625,1
2026-08-16T15:13:36Z,NVIDIA H200 NVL,full,uniform_0_1,gemv,raw_fp32,32,8,23,fp32,natural,thread_packet,2,64,1,1,2,none,raw,natural/thread_packet/x2/raw,65536,1024,1024,268697600,268697600,0,1024,256,10,3,184,14.826016426086426,0.080576176228730576,16361.3291015625,1
2026-08-16T15:13:36Z,NVIDIA H200 NVL,full,uniform_0_1,gemv,raw_fp32,32,8,23,fp32,natural,thread_packet,2,64,1,1,2,none,raw,natural/thread_packet/x2/raw,65536,1024,1024,268697600,268697600,0,1024,256,10,4,184,14.832127571105957,0.080609388973401946,16361.3291015625,1
2026-08-16T15:13:36Z,NVIDIA H200 NVL,full,uniform_0_1,dot,raw_fp32,32,8,23,fp32,natural,thread_packet,4,128,1,1,4,none,raw,natural/thread_packet/x4/raw,4096,0,1,32768,32768,0,4,256,10,0,2056,10.212479591369629,0.0049671593343237497,1019.6925048828125,1
2026-08-16T15:13:36Z,NVIDIA H200 NVL,full,uniform_0_1,dot,raw_fp32,32,8,23,fp32,natural,thread_packet,4,128,1,1,4,none,raw,natural/thread_packet/x4/raw,4096,0,1,32768,32768,0,4,256,10,1,2056,10.245504379272461,0.0049832219743543094,1019.6925048828125,1
2026-08-16T15:13:36Z,NVIDIA H200 NVL,full,uniform_0_1,dot,raw_fp32,32,8,23,fp32,natural,thread_packet,4,128,1,1,4,none,raw,natural/thread_packet/x4/raw,4096,0,1,32768,32768,0,4,256,10,2,2056,10.248415946960449,0.0049846381064982733,1019.6925048828125,1
2026-08-16T15:13:36Z,NVIDIA H200 NVL,full,uniform_0_1,dot,raw_fp32,32,8,23,fp32,natural,thread_packet,4,128,1,1,4,none,raw,natural/thread_packet/x4/raw,4096,0,1,32768,32768,0,4,256,10,3,2056,10.245599746704102,0.0049832683592918783,1019.6925048828125,1
2026-08-16T15:13:36Z,NVIDIA H200 NVL,full,uniform_0_1,dot,raw_fp32,32,8,23,fp32,natural,thread_packet,4,128,1,1,4,none,raw,natural/thread_packet/x4/raw,4096,0,1,32768,32768,0,4,256,10,4,2056,10.228032112121582,0.0049747237899424035,1019.6925048828125,1
2026-08-16T15:13:36Z,NVIDIA H200 NVL,full,uniform_0_1,dot,raw_fp32,32,8,23,fp32,natural,thread_packet,4,128,1,1,4,none,raw,natural/thread_packet/x4/raw,65536,0,1,524288,524288,0,64,256,10,0,2093,10.904095649719238,0.0052097924747822452,16361.330078125,1
2026-08-16T15:13:36Z,NVIDIA H200 NVL,full,uniform_0_1,dot,raw_fp32,32,8,23,fp32,natural,thread_packet,4,128,1,1,4,none,raw,natural/thread_packet/x4/raw,65536,0,1,524288,524288,0,64,256,10,1,2093,10.904800415039062,0.0052101291997319939,16361.330078125,1
2026-08-16T15:13:36Z,NVIDIA H200 NVL,full,uniform_0_1,dot,raw_fp32,32,8,23,fp32,natural,thread_packet,4,128,1,1,4,none,raw,natural/thread_packet/x4/raw,65536,0,1,524288,524288,0,64,256,10,2,2093,10.903871536254883,0.0052096853971595235,16361.330078125,1
2026-08-16T15:13:36Z,NVIDIA H200 NVL,full,uniform_0_1,dot,raw_fp32,32,8,23,fp32,natural,thread_packet,4,128,1,1,4,none,raw,natural/thread_packet/x4/raw,65536,0,1,524288,524288,0,64,256,10,3,2093,10.904576301574707,0.0052100221221092723,16361.330078125,1
2026-08-16T15:13:36Z,NVIDIA H200 NVL,full,uniform_0_1,dot,raw_fp32,32,8,23,fp32,natural,thread_packet,4,128,1,1,4,none,raw,natural/thread_packet/x4/raw,65536,0,1,524288,524288,0,64,256,10,4,2093,10.903840065002441,0.0052096703607273972,16361.330078125,1
2026-08-16T15:13:36Z,NVIDIA H200 NVL,full,uniform_0_1,dot,raw_fp32,32,8,23,fp32,natural,thread_packet,4,128,1,1,4,none,raw,natural/thread_packet/x4/raw,1048576,0,1,8388608,8388608,0,512,256,10,0,1681,11.600192070007324,0.0069007686317711621,261997.40625,1
2026-08-16T15:13:36Z,NVIDIA H200 NVL,full,uniform_0_1,dot,raw_fp32,32,8,23,fp32,natural,thread_packet,4,128,1,1,4,none,raw,natural/thread_packet/x4/raw,1048576,0,1,8388608,8388608,0,512,256,10,1,1681,11.604351997375488,0.0069032433059937467,261997.40625,1
2026-08-16T15:13:36Z,NVIDIA H200 NVL,full,uniform_0_1,dot,raw_fp32,32,8,23,fp32,natural,thread_packet,4,128,1,1,4,none,raw,natural/thread_packet/x4/raw,1048576,0,1,8388608,8388608,0,512,256,10,2,1681,11.60854434967041,0.0069057372692863835,261997.40625,1
2026-08-16T15:13:36Z,NVIDIA H200 NVL,full,uniform_0_1,dot,raw_fp32,32,8,23,fp32,natural,thread_packet,4,128,1,1,4,none,raw,natural/thread_packet/x4/raw,1048576,0,1,8388608,8388608,0,512,256,10,3,1681,11.604607582092285,0.006903395349251806,261997.40625,1
2026-08-16T15:13:36Z,NVIDIA H200 NVL,full,uniform_0_1,dot,raw_fp32,32,8,23,fp32,natural,thread_packet,4,128,1,1,4,none,raw,natural/thread_packet/x4/raw,1048576,0,1,8388608,8388608,0,512,256,10,4,1681,11.613504409790039,0.0069086879296787855,261997.40625,1
2026-08-16T15:13:36Z,NVIDIA H200 NVL,full,uniform_0_1,dot,raw_fp32,32,8,23,fp32,natural,thread_packet,4,128,1,1,4,none,raw,natural/thread_packet/x4/raw,16777216,0,1,134217728,134217728,0,512,256,10,0,379,14.706624031066895,0.03880375733790737,4194144.75,1
2026-08-16T15:13:36Z,NVIDIA H200 NVL,full,uniform_0_1,dot,raw_fp32,32,8,23,fp32,natural,thread_packet,4,128,1,1,4,none,raw,natural/thread_packet/x4/raw,16777216,0,1,134217728,134217728,0,512,256,10,1,379,14.676896095275879,0.038725319512601261,4194144.75,1
2026-08-16T15:13:36Z,NVIDIA H200 NVL,full,uniform_0_1,dot,raw_fp32,32,8,23,fp32,natural,thread_packet,4,128,1,1,4,none,raw,natural/thread_packet/x4/raw,16777216,0,1,134217728,134217728,0,512,256,10,2,379,14.667872428894043,0.038701510366475046,4194144.75,1
2026-08-16T15:13:36Z,NVIDIA H200 NVL,full,uniform_0_1,dot,raw_fp32,32,8,23,fp32,natural,thread_packet,4,128,1,1,4,none,raw,natural/thread_packet/x4/raw,16777216,0,1,134217728,134217728,0,512,256,10,3,379,14.669216156005859,0.038705055820595934,4194144.75,1
2026-08-16T15:13:36Z,NVIDIA H200 NVL,full,uniform_0_1,dot,raw_fp32,32,8,23,fp32,natural,thread_packet,4,128,1,1,4,none,raw,natural/thread_packet/x4/raw,16777216,0,1,134217728,134217728,0,512,256,10,4,379,14.668607711791992,0.0387034504268918,4194144.75,1
2026-08-16T15:13:36Z,NVIDIA H200 NVL,full,uniform_0_1,dot,raw_fp32,32,8,23,fp32,natural,thread_packet,4,128,1,1,4,none,raw,natural/thread_packet/x4/raw,134217728,0,1,1073741824,1073741824,0,512,256,10,0,60,15.172991752624512,0.2528831958770752,33555792,1
2026-08-16T15:13:36Z,NVIDIA H200 NVL,full,uniform_0_1,dot,raw_fp32,32,8,23,fp32,natural,thread_packet,4,128,1,1,4,none,raw,natural/thread_packet/x4/raw,134217728,0,1,1073741824,1073741824,0,512,256,10,1,60,15.160032272338867,0.25266720453898112,33555792,1
2026-08-16T15:13:36Z,NVIDIA H200 NVL,full,uniform_0_1,dot,raw_fp32,32,8,23,fp32,natural,thread_packet,4,128,1,1,4,none,raw,natural/thread_packet/x4/raw,134217728,0,1,1073741824,1073741824,0,512,256,10,2,60,15.160351753234863,0.25267252922058103,33555792,1
2026-08-16T15:13:36Z,NVIDIA H200 NVL,full,uniform_0_1,dot,raw_fp32,32,8,23,fp32,natural,thread_packet,4,128,1,1,4,none,raw,natural/thread_packet/x4/raw,134217728,0,1,1073741824,1073741824,0,512,256,10,3,60,15.161952018737793,0.25269920031229653,33555792,1
2026-08-16T15:13:36Z,NVIDIA H200 NVL,full,uniform_0_1,dot,raw_fp32,32,8,23,fp32,natural,thread_packet,4,128,1,1,4,none,raw,natural/thread_packet/x4/raw,134217728,0,1,1073741824,1073741824,0,512,256,10,4,60,15.166303634643555,0.25277172724405922,33555792,1
2026-08-16T15:13:36Z,NVIDIA H200 NVL,full,uniform_0_1,gemv,raw_fp32,32,8,23,fp32,natural,thread_packet,4,128,1,1,4,none,raw,natural/thread_packet/x4/raw,256,1024,1024,1049600,1049600,0,1024,256,10,0,2507,9.6610879898071289,0.0038536449899509886,62.262413024902344,1
2026-08-16T15:13:36Z,NVIDIA H200 NVL,full,uniform_0_1,gemv,raw_fp32,32,8,23,fp32,natural,thread_packet,4,128,1,1,4,none,raw,natural/thread_packet/x4/raw,256,1024,1024,1049600,1049600,0,1024,256,10,1,2507,9.6767997741699219,0.0038599121556321986,62.262413024902344,1
2026-08-16T15:13:36Z,NVIDIA H200 NVL,full,uniform_0_1,gemv,raw_fp32,32,8,23,fp32,natural,thread_packet,4,128,1,1,4,none,raw,natural/thread_packet/x4/raw,256,1024,1024,1049600,1049600,0,1024,256,10,2,2507,9.6729917526245117,0.0038583932000895538,62.262413024902344,1
2026-08-16T15:13:36Z,NVIDIA H200 NVL,full,uniform_0_1,gemv,raw_fp32,32,8,23,fp32,natural,thread_packet,4,128,1,1,4,none,raw,natural/thread_packet/x4/raw,256,1024,1024,1049600,1049600,0,1024,256,10,3,2507,9.6742715835571289,0.0038589037030542996,62.262413024902344,1
2026-08-16T15:13:36Z,NVIDIA H200 NVL,full,uniform_0_1,gemv,raw_fp32,32,8,23,fp32,natural,thread_packet,4,128,1,1,4,none,raw,natural/thread_packet/x4/raw,256,1024,1024,1049600,1049600,0,1024,256,10,4,2507,9.6789760589599609,0.0038607802389150222,62.262413024902344,1
2026-08-16T15:13:36Z,NVIDIA H200 NVL,full,uniform_0_1,gemv,raw_fp32,32,8,23,fp32,natural,thread_packet,4,128,1,1,4,none,raw,natural/thread_packet/x4/raw,1024,1024,1024,4198400,4198400,0,1024,256,10,0,2212,10.610336303710938,0.0047967162313340582,248.53378295898438,1
2026-08-16T15:13:36Z,NVIDIA H200 NVL,full,uniform_0_1,gemv,raw_fp32,32,8,23,fp32,natural,thread_packet,4,128,1,1,4,none,raw,natural/thread_packet/x4/raw,1024,1024,1024,4198400,4198400,0,1024,256,10,1,2212,10.624959945678711,0.0048033272810482416,248.53378295898438,1
2026-08-16T15:13:36Z,NVIDIA H200 NVL,full,uniform_0_1,gemv,raw_fp32,32,8,23,fp32,natural,thread_packet,4,128,1,1,4,none,raw,natural/thread_packet/x4/raw,1024,1024,1024,4198400,4198400,0,1024,256,10,2,2212,10.617535591125488,0.0047999708820639642,248.53378295898438,1
2026-08-16T15:13:36Z,NVIDIA H200 NVL,full,uniform_0_1,gemv,raw_fp32,32,8,23,fp32,natural,thread_packet,4,128,1,1,4,none,raw,natural/thread_packet/x4/raw,1024,1024,1024,4198400,4198400,0,1024,256,10,3,2212,10.621855735778809,0.00480192393118391,248.53378295898438,1
2026-08-16T15:13:36Z,NVIDIA H200 NVL,full,uniform_0_1,gemv,raw_fp32,32,8,23,fp32,natural,thread_packet,4,128,1,1,4,none,raw,natural/thread_packet/x4/raw,1024,1024,1024,4198400,4198400,0,1024,256,10,4,2212,10.629152297973633,0.0048052225578542641,248.53378295898438,1
2026-08-16T15:13:36Z,NVIDIA H200 NVL,full,uniform_0_1,gemv,raw_fp32,32,8,23,fp32,natural,thread_packet,4,128,1,1,4,none,raw,natural/thread_packet/x4/raw,4096,1024,1024,16793600,16793600,0,1024,256,10,0,1456,11.989248275756836,0.0082343738157670578,1019.6925048828125,1
2026-08-16T15:13:36Z,NVIDIA H200 NVL,full,uniform_0_1,gemv,raw_fp32,32,8,23,fp32,natural,thread_packet,4,128,1,1,4,none,raw,natural/thread_packet/x4/raw,4096,1024,1024,16793600,16793600,0,1024,256,10,1,1456,11.990048408508301,0.0082349233574919647,1019.6925048828125,1
2026-08-16T15:13:36Z,NVIDIA H200 NVL,full,uniform_0_1,gemv,raw_fp32,32,8,23,fp32,natural,thread_packet,4,128,1,1,4,none,raw,natural/thread_packet/x4/raw,4096,1024,1024,16793600,16793600,0,1024,256,10,2,1456,11.98316764831543,0.0082301975606562019,1019.6925048828125,1
2026-08-16T15:13:36Z,NVIDIA H200 NVL,full,uniform_0_1,gemv,raw_fp32,32,8,23,fp32,natural,thread_packet,4,128,1,1,4,none,raw,natural/thread_packet/x4/raw,4096,1024,1024,16793600,16793600,0,1024,256,10,3,1456,11.979711532592773,0.008227823854802729,1019.6925048828125,1
2026-08-16T15:13:36Z,NVIDIA H200 NVL,full,uniform_0_1,gemv,raw_fp32,32,8,23,fp32,natural,thread_packet,4,128,1,1,4,none,raw,natural/thread_packet/x4/raw,4096,1024,1024,16793600,16793600,0,1024,256,10,4,1456,11.979776382446289,0.0082278683945372858,1019.6925048828125,1
2026-08-16T15:13:36Z,NVIDIA H200 NVL,full,uniform_0_1,gemv,raw_fp32,32,8,23,fp32,natural,thread_packet,4,128,1,1,4,none,raw,natural/thread_packet/x4/raw,16384,1024,1024,67174400,67174400,0,1024,256,10,0,612,14.25494384765625,0.023292391907935049,4110.29638671875,1
2026-08-16T15:13:36Z,NVIDIA H200 NVL,full,uniform_0_1,gemv,raw_fp32,32,8,23,fp32,natural,thread_packet,4,128,1,1,4,none,raw,natural/thread_packet/x4/raw,16384,1024,1024,67174400,67174400,0,1024,256,10,1,612,14.250304222106934,0.023284810820436166,4110.29638671875,1
2026-08-16T15:13:36Z,NVIDIA H200 NVL,full,uniform_0_1,gemv,raw_fp32,32,8,23,fp32,natural,thread_packet,4,128,1,1,4,none,raw,natural/thread_packet/x4/raw,16384,1024,1024,67174400,67174400,0,1024,256,10,2,612,14.244895935058594,0.023275973750095741,4110.29638671875,1
2026-08-16T15:13:36Z,NVIDIA H200 NVL,full,uniform_0_1,gemv,raw_fp32,32,8,23,fp32,natural,thread_packet,4,128,1,1,4,none,raw,natural/thread_packet/x4/raw,16384,1024,1024,67174400,67174400,0,1024,256,10,3,612,14.247584342956543,0.023280366573458403,4110.29638671875,1
2026-08-16T15:13:36Z,NVIDIA H200 NVL,full,uniform_0_1,gemv,raw_fp32,32,8,23,fp32,natural,thread_packet,4,128,1,1,4,none,raw,natural/thread_packet/x4/raw,16384,1024,1024,67174400,67174400,0,1024,256,10,4,612,14.26915168762207,0.023315607332715801,4110.29638671875,1
2026-08-16T15:13:36Z,NVIDIA H200 NVL,full,uniform_0_1,gemv,raw_fp32,32,8,23,fp32,natural,thread_packet,4,128,1,1,4,none,raw,natural/thread_packet/x4/raw,65536,1024,1024,268697600,268697600,0,1024,256,10,0,182,14.469152450561523,0.079500837640447936,16361.3291015625,1
2026-08-16T15:13:36Z,NVIDIA H200 NVL,full,uniform_0_1,gemv,raw_fp32,32,8,23,fp32,natural,thread_packet,4,128,1,1,4,none,raw,natural/thread_packet/x4/raw,65536,1024,1024,268697600,268697600,0,1024,256,10,1,182,14.475711822509766,0.079536878145658046,16361.3291015625,1
2026-08-16T15:13:36Z,NVIDIA H200 NVL,full,uniform_0_1,gemv,raw_fp32,32,8,23,fp32,natural,thread_packet,4,128,1,1,4,none,raw,natural/thread_packet/x4/raw,65536,1024,1024,268697600,268697600,0,1024,256,10,2,182,14.46729564666748,0.079490635421249886,16361.3291015625,1
2026-08-16T15:13:36Z,NVIDIA H200 NVL,full,uniform_0_1,gemv,raw_fp32,32,8,23,fp32,natural,thread_packet,4,128,1,1,4,none,raw,natural/thread_packet/x4/raw,65536,1024,1024,268697600,268697600,0,1024,256,10,3,182,14.46729564666748,0.079490635421249886,16361.3291015625,1
2026-08-16T15:13:36Z,NVIDIA H200 NVL,full,uniform_0_1,gemv,raw_fp32,32,8,23,fp32,natural,thread_packet,4,128,1,1,4,none,raw,natural/thread_packet/x4/raw,65536,1024,1024,268697600,268697600,0,1024,256,10,4,182,14.471936225891113,0.079516133109291828,16361.3291015625,1
2026-08-16T15:13:36Z,NVIDIA H200 NVL,full,uniform_0_1,dot,raw_fp32,32,8,23,fp32,natural,thread_packet,8,128,1,1,8,none,raw,natural/thread_packet/x8/raw,4096,0,1,32768,32768,0,2,256,10,0,2075,11.289567947387695,0.005440755637295275,1019.6924438476562,1
2026-08-16T15:13:36Z,NVIDIA H200 NVL,full,uniform_0_1,dot,raw_fp32,32,8,23,fp32,natural,thread_packet,8,128,1,1,8,none,raw,natural/thread_packet/x8/raw,4096,0,1,32768,32768,0,2,256,10,1,2075,11.316767692565918,0.0054538639482245386,1019.6924438476562,1
2026-08-16T15:13:36Z,NVIDIA H200 NVL,full,uniform_0_1,dot,raw_fp32,32,8,23,fp32,natural,thread_packet,8,128,1,1,8,none,raw,natural/thread_packet/x8/raw,4096,0,1,32768,32768,0,2,256,10,2,2075,11.310688018798828,0.0054509339849632904,1019.6924438476562,1
2026-08-16T15:13:36Z,NVIDIA H200 NVL,full,uniform_0_1,dot,raw_fp32,32,8,23,fp32,natural,thread_packet,8,128,1,1,8,none,raw,natural/thread_packet/x8/raw,4096,0,1,32768,32768,0,2,256,10,3,2075,11.303327560424805,0.0054473867761083393,1019.6924438476562,1
2026-08-16T15:13:36Z,NVIDIA H200 NVL,full,uniform_0_1,dot,raw_fp32,32,8,23,fp32,natural,thread_packet,8,128,1,1,8,none,raw,natural/thread_packet/x8/raw,4096,0,1,32768,32768,0,2,256,10,4,2075,11.296799659729004,0.0054442407998693994,1019.6924438476562,1
2026-08-16T15:13:36Z,NVIDIA H200 NVL,full,uniform_0_1,dot,raw_fp32,32,8,23,fp32,natural,thread_packet,8,128,1,1,8,none,raw,natural/thread_packet/x8/raw,65536,0,1,524288,524288,0,32,256,10,0,1962,10.837408065795898,0.0055236534484178895,16361.3291015625,1
2026-08-16T15:13:36Z,NVIDIA H200 NVL,full,uniform_0_1,dot,raw_fp32,32,8,23,fp32,natural,thread_packet,8,128,1,1,8,none,raw,natural/thread_packet/x8/raw,65536,0,1,524288,524288,0,32,256,10,1,1962,10.836864471435547,0.0055233763870721443,16361.3291015625,1
2026-08-16T15:13:36Z,NVIDIA H200 NVL,full,uniform_0_1,dot,raw_fp32,32,8,23,fp32,natural,thread_packet,8,128,1,1,8,none,raw,natural/thread_packet/x8/raw,65536,0,1,524288,524288,0,32,256,10,2,1962,10.82960033416748,0.0055196739725624265,16361.3291015625,1
2026-08-16T15:13:36Z,NVIDIA H200 NVL,full,uniform_0_1,dot,raw_fp32,32,8,23,fp32,natural,thread_packet,8,128,1,1,8,none,raw,natural/thread_packet/x8/raw,65536,0,1,524288,524288,0,32,256,10,3,1962,10.834527969360352,0.0055221855093579774,16361.3291015625,1
2026-08-16T15:13:36Z,NVIDIA H200 NVL,full,uniform_0_1,dot,raw_fp32,32,8,23,fp32,natural,thread_packet,8,128,1,1,8,none,raw,natural/thread_packet/x8/raw,65536,0,1,524288,524288,0,32,256,10,4,1962,10.833632469177246,0.0055217290872463026,16361.3291015625,1
2026-08-16T15:13:36Z,NVIDIA H200 NVL,full,uniform_0_1,dot,raw_fp32,32,8,23,fp32,natural,thread_packet,8,128,1,1,8,none,raw,natural/thread_packet/x8/raw,1048576,0,1,8388608,8388608,0,512,256,10,0,1484,12.073951721191406,0.0081360860654928618,261997.421875,1
2026-08-16T15:13:36Z,NVIDIA H200 NVL,full,uniform_0_1,dot,raw_fp32,32,8,23,fp32,natural,thread_packet,8,128,1,1,8,none,raw,natural/thread_packet/x8/raw,1048576,0,1,8388608,8388608,0,512,256,10,1,1484,12.055680274963379,0.0081237737701909569,261997.421875,1
2026-08-16T15:13:36Z,NVIDIA H200 NVL,full,uniform_0_1,dot,raw_fp32,32,8,23,fp32,natural,thread_packet,8,128,1,1,8,none,raw,natural/thread_packet/x8/raw,1048576,0,1,8388608,8388608,0,512,256,10,2,1484,12.055135726928711,0.0081234068240759513,261997.421875,1
2026-08-16T15:13:36Z,NVIDIA H200 NVL,full,uniform_0_1,dot,raw_fp32,32,8,23,fp32,natural,thread_packet,8,128,1,1,8,none,raw,natural/thread_packet/x8/raw,1048576,0,1,8388608,8388608,0,512,256,10,3,1484,12.057248115539551,0.0081248302665360862,261997.421875,1
2026-08-16T15:13:36Z,NVIDIA H200 NVL,full,uniform_0_1,dot,raw_fp32,32,8,23,fp32,natural,thread_packet,8,128,1,1,8,none,raw,natural/thread_packet/x8/raw,1048576,0,1,8388608,8388608,0,512,256,10,4,1484,12.054304122924805,0.0081228464440194093,261997.421875,1
2026-08-16T15:13:36Z,NVIDIA H200 NVL,full,uniform_0_1,dot,raw_fp32,32,8,23,fp32,natural,thread_packet,8,128,1,1,8,none,raw,natural/thread_packet/x8/raw,16777216,0,1,134217728,134217728,0,512,256,10,0,310,14.786815643310547,0.047699405301001765,4194144.5,1
2026-08-16T15:13:36Z,NVIDIA H200 NVL,full,uniform_0_1,dot,raw_fp32,32,8,23,fp32,natural,thread_packet,8,128,1,1,8,none,raw,natural/thread_packet/x8/raw,16777216,0,1,134217728,134217728,0,512,256,10,1,310,14.779520034790039,0.047675871079967867,4194144.5,1
2026-08-16T15:13:36Z,NVIDIA H200 NVL,full,uniform_0_1,dot,raw_fp32,32,8,23,fp32,natural,thread_packet,8,128,1,1,8,none,raw,natural/thread_packet/x8/raw,16777216,0,1,134217728,134217728,0,512,256,10,2,310,14.781248092651367,0.0476814454601657,4194144.5,1
2026-08-16T15:13:36Z,NVIDIA H200 NVL,full,uniform_0_1,dot,raw_fp32,32,8,23,fp32,natural,thread_packet,8,128,1,1,8,none,raw,natural/thread_packet/x8/raw,16777216,0,1,134217728,134217728,0,512,256,10,3,310,14.780863761901855,0.047680205683554369,4194144.5,1
2026-08-16T15:13:36Z,NVIDIA H200 NVL,full,uniform_0_1,dot,raw_fp32,32,8,23,fp32,natural,thread_packet,8,128,1,1,8,none,raw,natural/thread_packet/x8/raw,16777216,0,1,134217728,134217728,0,512,256,10,4,310,14.775936126708984,0.047664310086158013,4194144.5,1
2026-08-16T15:13:36Z,NVIDIA H200 NVL,full,uniform_0_1,dot,raw_fp32,32,8,23,fp32,natural,thread_packet,8,128,1,1,8,none,raw,natural/thread_packet/x8/raw,134217728,0,1,1073741824,1073741824,0,512,256,10,0,47,15.039360046386719,0.31998638396567486,33555792,1
2026-08-16T15:13:36Z,NVIDIA H200 NVL,full,uniform_0_1,dot,raw_fp32,32,8,23,fp32,natural,thread_packet,8,128,1,1,8,none,raw,natural/thread_packet/x8/raw,134217728,0,1,1073741824,1073741824,0,512,256,10,1,47,15.045727729797363,0.32012186659143327,33555792,1
2026-08-16T15:13:36Z,NVIDIA H200 NVL,full,uniform_0_1,dot,raw_fp32,32,8,23,fp32,natural,thread_packet,8,128,1,1,8,none,raw,natural/thread_packet/x8/raw,134217728,0,1,1073741824,1073741824,0,512,256,10,2,47,15.012479782104492,0.31941446344903174,33555792,1
2026-08-16T15:13:36Z,NVIDIA H200 NVL,full,uniform_0_1,dot,raw_fp32,32,8,23,fp32,natural,thread_packet,8,128,1,1,8,none,raw,natural/thread_packet/x8/raw,134217728,0,1,1073741824,1073741824,0,512,256,10,3,47,15.041343688964844,0.32002858912691157,33555792,1
2026-08-16T15:13:36Z,NVIDIA H200 NVL,full,uniform_0_1,dot,raw_fp32,32,8,23,fp32,natural,thread_packet,8,128,1,1,8,none,raw,natural/thread_packet/x8/raw,134217728,0,1,1073741824,1073741824,0,512,256,10,4,47,15.0382080078125,0.31996187250664893,33555792,1
2026-08-16T15:13:36Z,NVIDIA H200 NVL,full,uniform_0_1,gemv,raw_fp32,32,8,23,fp32,natural,thread_packet,8,128,1,1,8,none,raw,natural/thread_packet/x8/raw,256,1024,1024,1049600,1049600,0,1024,256,10,0,2481,10.159456253051758,0.0040949037698717284,62.262416839599609,1
2026-08-16T15:13:36Z,NVIDIA H200 NVL,full,uniform_0_1,gemv,raw_fp32,32,8,23,fp32,natural,thread_packet,8,128,1,1,8,none,raw,natural/thread_packet/x8/raw,256,1024,1024,1049600,1049600,0,1024,256,10,1,2481,10.169471740722656,0.0040989406451925258,62.262416839599609,1
2026-08-16T15:13:36Z,NVIDIA H200 NVL,full,uniform_0_1,gemv,raw_fp32,32,8,23,fp32,natural,thread_packet,8,128,1,1,8,none,raw,natural/thread_packet/x8/raw,256,1024,1024,1049600,1049600,0,1024,256,10,2,2481,10.169919967651367,0.0040991213090090153,62.262416839599609,1
2026-08-16T15:13:36Z,NVIDIA H200 NVL,full,uniform_0_1,gemv,raw_fp32,32,8,23,fp32,natural,thread_packet,8,128,1,1,8,none,raw,natural/thread_packet/x8/raw,256,1024,1024,1049600,1049600,0,1024,256,10,3,2481,10.171360015869141,0.004099701739568376,62.262416839599609,1
2026-08-16T15:13:36Z,NVIDIA H200 NVL,full,uniform_0_1,gemv,raw_fp32,32,8,23,fp32,natural,thread_packet,8,128,1,1,8,none,raw,natural/thread_packet/x8/raw,256,1024,1024,1049600,1049600,0,1024,256,10,4,2481,10.172896385192871,0.0041003209936287264,62.262416839599609,1
2026-08-16T15:13:36Z,NVIDIA H200 NVL,full,uniform_0_1,gemv,raw_fp32,32,8,23,fp32,natural,thread_packet,8,128,1,1,8,none,raw,natural/thread_packet/x8/raw,1024,1024,1024,4198400,4198400,0,1024,256,10,0,1875,11.318271636962891,0.0060364115397135414,248.53375244140625,1
2026-08-16T15:13:36Z,NVIDIA H200 NVL,full,uniform_0_1,gemv,raw_fp32,32,8,23,fp32,natural,thread_packet,8,128,1,1,8,none,raw,natural/thread_packet/x8/raw,1024,1024,1024,4198400,4198400,0,1024,256,10,1,1875,11.322208404541016,0.0060385111490885417,248.53375244140625,1
2026-08-16T15:13:36Z,NVIDIA H200 NVL,full,uniform_0_1,gemv,raw_fp32,32,8,23,fp32,natural,thread_packet,8,128,1,1,8,none,raw,natural/thread_packet/x8/raw,1024,1024,1024,4198400,4198400,0,1024,256,10,2,1875,11.322751998901367,0.0060388010660807293,248.53375244140625,1
2026-08-16T15:13:36Z,NVIDIA H200 NVL,full,uniform_0_1,gemv,raw_fp32,32,8,23,fp32,natural,thread_packet,8,128,1,1,8,none,raw,natural/thread_packet/x8/raw,1024,1024,1024,4198400,4198400,0,1024,256,10,3,1875,11.323103904724121,0.0060389887491861978,248.53375244140625,1
2026-08-16T15:13:36Z,NVIDIA H200 NVL,full,uniform_0_1,gemv,raw_fp32,32,8,23,fp32,natural,thread_packet,8,128,1,1,8,none,raw,natural/thread_packet/x8/raw,1024,1024,1024,4198400,4198400,0,1024,256,10,4,1875,11.322527885437012,0.0060386815388997397,248.53375244140625,1
2026-08-16T15:13:36Z,NVIDIA H200 NVL,full,uniform_0_1,gemv,raw_fp32,32,8,23,fp32,natural,thread_packet,8,128,1,1,8,none,raw,natural/thread_packet/x8/raw,4096,1024,1024,16793600,16793600,0,1024,256,10,0,983,13.034111976623535,0.013259523882628214,1019.6925048828125,1
2026-08-16T15:13:36Z,NVIDIA H200 NVL,full,uniform_0_1,gemv,raw_fp32,32,8,23,fp32,natural,thread_packet,8,128,1,1,8,none,raw,natural/thread_packet/x8/raw,4096,1024,1024,16793600,16793600,0,1024,256,10,1,983,13.035872459411621,0.013261314811202057,1019.6925048828125,1
2026-08-16T15:13:36Z,NVIDIA H200 NVL,full,uniform_0_1,gemv,raw_fp32,32,8,23,fp32,natural,thread_packet,8,128,1,1,8,none,raw,natural/thread_packet/x8/raw,4096,1024,1024,16793600,16793600,0,1024,256,10,2,983,13.037407875061035,0.013262876780326588,1019.6925048828125,1
2026-08-16T15:13:36Z,NVIDIA H200 NVL,full,uniform_0_1,gemv,raw_fp32,32,8,23,fp32,natural,thread_packet,8,128,1,1,8,none,raw,natural/thread_packet/x8/raw,4096,1024,1024,16793600,16793600,0,1024,256,10,3,983,13.039711952209473,0.013265220704180541,1019.6925048828125,1
2026-08-16T15:13:36Z,NVIDIA H200 NVL,full,uniform_0_1,gemv,raw_fp32,32,8,23,fp32,natural,thread_packet,8,128,1,1,8,none,raw,natural/thread_packet/x8/raw,4096,1024,1024,16793600,16793600,0,1024,256,10,4,983,13.039520263671875,0.013265025700581764,1019.6925048828125,1
2026-08-16T15:13:36Z,NVIDIA H200 NVL,full,uniform_0_1,gemv,raw_fp32,32,8,23,fp32,natural,thread_packet,8,128,1,1,8,none,raw,natural/thread_packet/x8/raw,16384,1024,1024,67174400,67174400,0,1024,256,10,0,327,14.109919548034668,0.0431496010643262,4110.29638671875,1
2026-08-16T15:13:36Z,NVIDIA H200 NVL,full,uniform_0_1,gemv,raw_fp32,32,8,23,fp32,natural,thread_packet,8,128,1,1,8,none,raw,natural/thread_packet/x8/raw,16384,1024,1024,67174400,67174400,0,1024,256,10,1,327,14.119775772094727,0.043179742422308029,4110.29638671875,1
2026-08-16T15:13:36Z,NVIDIA H200 NVL,full,uniform_0_1,gemv,raw_fp32,32,8,23,fp32,natural,thread_packet,8,128,1,1,8,none,raw,natural/thread_packet/x8/raw,16384,1024,1024,67174400,67174400,0,1024,256,10,2,327,14.128800392150879,0.043207340648779444,4110.29638671875,1
2026-08-16T15:13:36Z,NVIDIA H200 NVL,full,uniform_0_1,gemv,raw_fp32,32,8,23,fp32,natural,thread_packet,8,128,1,1,8,none,raw,natural/thread_packet/x8/raw,16384,1024,1024,67174400,67174400,0,1024,256,10,3,327,14.131999969482422,0.043217125288937071,4110.29638671875,1
2026-08-16T15:13:36Z,NVIDIA H200 NVL,full,uniform_0_1,gemv,raw_fp32,32,8,23,fp32,natural,thread_packet,8,128,1,1,8,none,raw,natural/thread_packet/x8/raw,16384,1024,1024,67174400,67174400,0,1024,256,10,4,327,14.12764835357666,0.043203817595035658,4110.29638671875,1
2026-08-16T15:13:36Z,NVIDIA H200 NVL,full,uniform_0_1,gemv,raw_fp32,32,8,23,fp32,natural,thread_packet,8,128,1,1,8,none,raw,natural/thread_packet/x8/raw,65536,1024,1024,268697600,268697600,0,1024,256,10,0,95,14.975135803222656,0.15763300845497533,16361.3291015625,1
2026-08-16T15:13:36Z,NVIDIA H200 NVL,full,uniform_0_1,gemv,raw_fp32,32,8,23,fp32,natural,thread_packet,8,128,1,1,8,none,raw,natural/thread_packet/x8/raw,65536,1024,1024,268697600,268697600,0,1024,256,10,1,95,14.95587158203125,0.15743022717927632,16361.3291015625,1
2026-08-16T15:13:36Z,NVIDIA H200 NVL,full,uniform_0_1,gemv,raw_fp32,32,8,23,fp32,natural,thread_packet,8,128,1,1,8,none,raw,natural/thread_packet/x8/raw,65536,1024,1024,268697600,268697600,0,1024,256,10,2,95,14.953311920166016,0.1574032833701686,16361.3291015625,1
2026-08-16T15:13:36Z,NVIDIA H200 NVL,full,uniform_0_1,gemv,raw_fp32,32,8,23,fp32,natural,thread_packet,8,128,1,1,8,none,raw,natural/thread_packet/x8/raw,65536,1024,1024,268697600,268697600,0,1024,256,10,3,95,14.929471969604492,0.15715233652215255,16361.3291015625,1
2026-08-16T15:13:36Z,NVIDIA H200 NVL,full,uniform_0_1,gemv,raw_fp32,32,8,23,fp32,natural,thread_packet,8,128,1,1,8,none,raw,natural/thread_packet/x8/raw,65536,1024,1024,268697600,268697600,0,1024,256,10,4,95,14.91868782043457,0.15703881916246917,16361.3291015625,1
2026-08-16T15:13:36Z,NVIDIA H200 NVL,full,uniform_0_1,dot,raw_fp64,64,11,52,fp64,natural,scalar,1,64,1,1,1,none,raw,natural/scalar/x1/raw,4096,0,1,65536,65536,0,16,256,10,0,2047,10.18671989440918,0.0049764142131945186,1019.6924867658463,1
2026-08-16T15:13:36Z,NVIDIA H200 NVL,full,uniform_0_1,dot,raw_fp64,64,11,52,fp64,natural,scalar,1,64,1,1,1,none,raw,natural/scalar/x1/raw,4096,0,1,65536,65536,0,16,256,10,1,2047,10.197919845581055,0.0049818856109335877,1019.6924867658463,1
2026-08-16T15:13:36Z,NVIDIA H200 NVL,full,uniform_0_1,dot,raw_fp64,64,11,52,fp64,natural,scalar,1,64,1,1,1,none,raw,natural/scalar/x1/raw,4096,0,1,65536,65536,0,16,256,10,2,2047,10.190208435058594,0.0049781184343227133,1019.6924867658463,1
2026-08-16T15:13:36Z,NVIDIA H200 NVL,full,uniform_0_1,dot,raw_fp64,64,11,52,fp64,natural,scalar,1,64,1,1,1,none,raw,natural/scalar/x1/raw,4096,0,1,65536,65536,0,16,256,10,3,2047,10.191871643066406,0.0049789309443411854,1019.6924867658463,1
2026-08-16T15:13:36Z,NVIDIA H200 NVL,full,uniform_0_1,dot,raw_fp64,64,11,52,fp64,natural,scalar,1,64,1,1,1,none,raw,natural/scalar/x1/raw,4096,0,1,65536,65536,0,16,256,10,4,2047,10.190496444702148,0.0049782591327318755,1019.6924867658463,1
2026-08-16T15:13:36Z,NVIDIA H200 NVL,full,uniform_0_1,dot,raw_fp64,64,11,52,fp64,natural,scalar,1,64,1,1,1,none,raw,natural/scalar/x1/raw,65536,0,1,1048576,1048576,0,256,256,10,0,2012,10.732000350952148,0.0053339961982863558,16361.329375903359,1
2026-08-16T15:13:36Z,NVIDIA H200 NVL,full,uniform_0_1,dot,raw_fp64,64,11,52,fp64,natural,scalar,1,64,1,1,1,none,raw,natural/scalar/x1/raw,65536,0,1,1048576,1048576,0,256,256,10,1,2012,10.738431930541992,0.0053371928084204731,16361.329375903359,1
2026-08-16T15:13:36Z,NVIDIA H200 NVL,full,uniform_0_1,dot,raw_fp64,64,11,52,fp64,natural,scalar,1,64,1,1,1,none,raw,natural/scalar/x1/raw,65536,0,1,1048576,1048576,0,256,256,10,2,2012,10.74015998840332,0.0053380516840970775,16361.329375903359,1
2026-08-16T15:13:36Z,NVIDIA H200 NVL,full,uniform_0_1,dot,raw_fp64,64,11,52,fp64,natural,scalar,1,64,1,1,1,none,raw,natural/scalar/x1/raw,65536,0,1,1048576,1048576,0,256,256,10,3,2012,10.74124813079834,0.0053385925103371472,16361.329375903359,1
2026-08-16T15:13:36Z,NVIDIA H200 NVL,full,uniform_0_1,dot,raw_fp64,64,11,52,fp64,natural,scalar,1,64,1,1,1,none,raw,natural/scalar/x1/raw,65536,0,1,1048576,1048576,0,256,256,10,4,2012,10.738080024719238,0.0053370179049300392,16361.329375903359,1
2026-08-16T15:13:36Z,NVIDIA H200 NVL,full,uniform_0_1,dot,raw_fp64,64,11,52,fp64,natural,scalar,1,64,1,1,1,none,raw,natural/scalar/x1/raw,1048576,0,1,16777216,16777216,0,512,256,10,0,1513,11.979776382446289,0.0079178958244853197,261997.41491179512,1
2026-08-16T15:13:36Z,NVIDIA H200 NVL,full,uniform_0_1,dot,raw_fp64,64,11,52,fp64,natural,scalar,1,64,1,1,1,none,raw,natural/scalar/x1/raw,1048576,0,1,16777216,16777216,0,512,256,10,1,1513,11.990015983581543,0.0079246635714352569,261997.41491179512,1
2026-08-16T15:13:36Z,NVIDIA H200 NVL,full,uniform_0_1,dot,raw_fp64,64,11,52,fp64,natural,scalar,1,64,1,1,1,none,raw,natural/scalar/x1/raw,1048576,0,1,16777216,16777216,0,512,256,10,2,1513,11.990367889404297,0.0079248961595534025,261997.41491179512,1
2026-08-16T15:13:36Z,NVIDIA H200 NVL,full,uniform_0_1,dot,raw_fp64,64,11,52,fp64,natural,scalar,1,64,1,1,1,none,raw,natural/scalar/x1/raw,1048576,0,1,16777216,16777216,0,512,256,10,3,1513,11.989439964294434,0.0079242828580928185,261997.41491179512,1
2026-08-16T15:13:36Z,NVIDIA H200 NVL,full,uniform_0_1,dot,raw_fp64,64,11,52,fp64,natural,scalar,1,64,1,1,1,none,raw,natural/scalar/x1/raw,1048576,0,1,16777216,16777216,0,512,256,10,4,1513,11.986016273498535,0.007922020008921702,261997.41491179512,1
2026-08-16T15:13:36Z,NVIDIA H200 NVL,full,uniform_0_1,dot,raw_fp64,64,11,52,fp64,natural,scalar,1,64,1,1,1,none,raw,natural/scalar/x1/raw,16777216,0,1,268435456,268435456,0,512,256,10,0,178,14.791232109069824,0.083096809601515872,4194144.5995463934,1
2026-08-16T15:13:36Z,NVIDIA H200 NVL,full,uniform_0_1,dot,raw_fp64,64,11,52,fp64,natural,scalar,1,64,1,1,1,none,raw,natural/scalar/x1/raw,16777216,0,1,268435456,268435456,0,512,256,10,1,178,14.788864135742188,0.083083506380574088,4194144.5995463934,1
2026-08-16T15:13:36Z,NVIDIA H200 NVL,full,uniform_0_1,dot,raw_fp64,64,11,52,fp64,natural,scalar,1,64,1,1,1,none,raw,natural/scalar/x1/raw,16777216,0,1,268435456,268435456,0,512,256,10,2,178,14.782303810119629,0.083046650618649603,4194144.5995463934,1
2026-08-16T15:13:36Z,NVIDIA H200 NVL,full,uniform_0_1,dot,raw_fp64,64,11,52,fp64,natural,scalar,1,64,1,1,1,none,raw,natural/scalar/x1/raw,16777216,0,1,268435456,268435456,0,512,256,10,3,178,14.777024269104004,0.083016990275865191,4194144.5995463934,1
2026-08-16T15:13:36Z,NVIDIA H200 NVL,full,uniform_0_1,dot,raw_fp64,64,11,52,fp64,natural,scalar,1,64,1,1,1,none,raw,natural/scalar/x1/raw,16777216,0,1,268435456,268435456,0,512,256,10,4,178,14.788512229919434,0.083081529381569846,4194144.5995463934,1
2026-08-16T15:13:36Z,NVIDIA H200 NVL,full,uniform_0_1,dot,raw_fp64,64,11,52,fp64,natural,scalar,1,64,1,1,1,none,raw,natural/scalar/x1/raw,134217728,0,1,2147483648,2147483648,0,512,256,10,0,25,15.04531192779541,0.6018124771118164,33555791.351023234,1
2026-08-16T15:13:36Z,NVIDIA H200 NVL,full,uniform_0_1,dot,raw_fp64,64,11,52,fp64,natural,scalar,1,64,1,1,1,none,raw,natural/scalar/x1/raw,134217728,0,1,2147483648,2147483648,0,512,256,10,1,25,15.03980827331543,0.60159233093261721,33555791.351023234,1
2026-08-16T15:13:36Z,NVIDIA H200 NVL,full,uniform_0_1,dot,raw_fp64,64,11,52,fp64,natural,scalar,1,64,1,1,1,none,raw,natural/scalar/x1/raw,134217728,0,1,2147483648,2147483648,0,512,256,10,2,25,15.036479949951172,0.60145919799804692,33555791.351023234,1
2026-08-16T15:13:36Z,NVIDIA H200 NVL,full,uniform_0_1,dot,raw_fp64,64,11,52,fp64,natural,scalar,1,64,1,1,1,none,raw,natural/scalar/x1/raw,134217728,0,1,2147483648,2147483648,0,512,256,10,3,25,15.015744209289551,0.600629768371582,33555791.351023234,1
2026-08-16T15:13:36Z,NVIDIA H200 NVL,full,uniform_0_1,dot,raw_fp64,64,11,52,fp64,natural,scalar,1,64,1,1,1,none,raw,natural/scalar/x1/raw,134217728,0,1,2147483648,2147483648,0,512,256,10,4,25,15.023008346557617,0.6009203338623047,33555791.351023234,1
2026-08-16T15:13:36Z,NVIDIA H200 NVL,full,uniform_0_1,gemv,raw_fp64,64,11,52,fp64,natural,scalar,1,64,1,1,1,none,raw,natural/scalar/x1/raw,256,1024,1024,2099200,2099200,0,1024,256,10,0,2590,10.001728057861328,0.0038616710648113235,62.262414696816933,1
2026-08-16T15:13:36Z,NVIDIA H200 NVL,full,uniform_0_1,gemv,raw_fp64,64,11,52,fp64,natural,scalar,1,64,1,1,1,none,raw,natural/scalar/x1/raw,256,1024,1024,2099200,2099200,0,1024,256,10,1,2590,10.006848335266113,0.0038636480058942524,62.262414696816933,1
2026-08-16T15:13:36Z,NVIDIA H200 NVL,full,uniform_0_1,gemv,raw_fp64,64,11,52,fp64,natural,scalar,1,64,1,1,1,none,raw,natural/scalar/x1/raw,256,1024,1024,2099200,2099200,0,1024,256,10,2,2590,10.00710391998291,0.0038637466872520889,62.262414696816933,1
2026-08-16T15:13:36Z,NVIDIA H200 NVL,full,uniform_0_1,gemv,raw_fp64,64,11,52,fp64,natural,scalar,1,64,1,1,1,none,raw,natural/scalar/x1/raw,256,1024,1024,2099200,2099200,0,1024,256,10,3,2590,10.009311676025391,0.0038645991027125058,62.262414696816933,1
2026-08-16T15:13:36Z,NVIDIA H200 NVL,full,uniform_0_1,gemv,raw_fp64,64,11,52,fp64,natural,scalar,1,64,1,1,1,none,raw,natural/scalar/x1/raw,256,1024,1024,2099200,2099200,0,1024,256,10,4,2590,10.014623641967773,0.003866650054813812,62.262414696816933,1
2026-08-16T15:13:36Z,NVIDIA H200 NVL,full,uniform_0_1,gemv,raw_fp64,64,11,52,fp64,natural,scalar,1,64,1,1,1,none,raw,natural/scalar/x1/raw,1024,1024,1024,8396800,8396800,0,1024,256,10,0,2191,10.75932788848877,0.004910692783427097,248.53376947185922,1
2026-08-16T15:13:36Z,NVIDIA H200 NVL,full,uniform_0_1,gemv,raw_fp64,64,11,52,fp64,natural,scalar,1,64,1,1,1,none,raw,natural/scalar/x1/raw,1024,1024,1024,8396800,8396800,0,1024,256,10,1,2191,10.759712219238281,0.0049108681968225839,248.53376947185922,1
2026-08-16T15:13:36Z,NVIDIA H200 NVL,full,uniform_0_1,gemv,raw_fp64,64,11,52,fp64,natural,scalar,1,64,1,1,1,none,raw,natural/scalar/x1/raw,1024,1024,1024,8396800,8396800,0,1024,256,10,2,2191,10.761311531066895,0.0049115981428876744,248.53376947185922,1
2026-08-16T15:13:36Z,NVIDIA H200 NVL,full,uniform_0_1,gemv,raw_fp64,64,11,52,fp64,natural,scalar,1,64,1,1,1,none,raw,natural/scalar/x1/raw,1024,1024,1024,8396800,8396800,0,1024,256,10,3,2191,10.762080192565918,0.0049119489696786483,248.53376947185922,1
2026-08-16T15:13:36Z,NVIDIA H200 NVL,full,uniform_0_1,gemv,raw_fp64,64,11,52,fp64,natural,scalar,1,64,1,1,1,none,raw,natural/scalar/x1/raw,1024,1024,1024,8396800,8396800,0,1024,256,10,4,2191,10.761216163635254,0.0049115546159905314,248.53376947185922,1
2026-08-16T15:13:36Z,NVIDIA H200 NVL,full,uniform_0_1,gemv,raw_fp64,64,11,52,fp64,natural,scalar,1,64,1,1,1,none,raw,natural/scalar/x1/raw,4096,1024,1024,33587200,33587200,0,1024,256,10,0,1404,12.093791961669922,0.0086138119385113406,1019.6924867658464,1
2026-08-16T15:13:36Z,NVIDIA H200 NVL,full,uniform_0_1,gemv,raw_fp64,64,11,52,fp64,natural,scalar,1,64,1,1,1,none,raw,natural/scalar/x1/raw,4096,1024,1024,33587200,33587200,0,1024,256,10,1,1404,12.082816123962402,0.0086059943902866108,1019.6924867658464,1
2026-08-16T15:13:36Z,NVIDIA H200 NVL,full,uniform_0_1,gemv,raw_fp64,64,11,52,fp64,natural,scalar,1,64,1,1,1,none,raw,natural/scalar/x1/raw,4096,1024,1024,33587200,33587200,0,1024,256,10,2,1404,12.078047752380371,0.0086025981142310338,1019.6924867658464,1
2026-08-16T15:13:36Z,NVIDIA H200 NVL,full,uniform_0_1,gemv,raw_fp64,64,11,52,fp64,natural,scalar,1,64,1,1,1,none,raw,natural/scalar/x1/raw,4096,1024,1024,33587200,33587200,0,1024,256,10,3,1404,12.073439598083496,0.0085993159530509226,1019.6924867658464,1
2026-08-16T15:13:36Z,NVIDIA H200 NVL,full,uniform_0_1,gemv,raw_fp64,64,11,52,fp64,natural,scalar,1,64,1,1,1,none,raw,natural/scalar/x1/raw,4096,1024,1024,33587200,33587200,0,1024,256,10,4,1404,12.074175834655762,0.0085998403380739049,1019.6924867658464,1
2026-08-16T15:13:36Z,NVIDIA H200 NVL,full,uniform_0_1,gemv,raw_fp64,64,11,52,fp64,natural,scalar,1,64,1,1,1,none,raw,natural/scalar/x1/raw,16384,1024,1024,134348800,134348800,0,1024,256,10,0,331,14.443136215209961,0.043634852613927376,4110.2963092903155,1
2026-08-16T15:13:36Z,NVIDIA H200 NVL,full,uniform_0_1,gemv,raw_fp64,64,11,52,fp64,natural,scalar,1,64,1,1,1,none,raw,natural/scalar/x1/raw,16384,1024,1024,134348800,134348800,0,1024,256,10,1,331,14.443967819213867,0.043637365012730717,4110.2963092903155,1
2026-08-16T15:13:36Z,NVIDIA H200 NVL,full,uniform_0_1,gemv,raw_fp64,64,11,52,fp64,natural,scalar,1,64,1,1,1,none,raw,natural/scalar/x1/raw,16384,1024,1024,134348800,134348800,0,1024,256,10,2,331,14.450176239013672,0.043656121568017132,4110.2963092903155,1
2026-08-16T15:13:36Z,NVIDIA H200 NVL,full,uniform_0_1,gemv,raw_fp64,64,11,52,fp64,natural,scalar,1,64,1,1,1,none,raw,natural/scalar/x1/raw,16384,1024,1024,134348800,134348800,0,1024,256,10,3,331,14.445695877075195,0.043642585731345003,4110.2963092903155,1
2026-08-16T15:13:36Z,NVIDIA H200 NVL,full,uniform_0_1,gemv,raw_fp64,64,11,52,fp64,natural,scalar,1,64,1,1,1,none,raw,natural/scalar/x1/raw,16384,1024,1024,134348800,134348800,0,1024,256,10,4,331,14.460160255432129,0.043686284759613683,4110.2963092903155,1
2026-08-16T15:13:36Z,NVIDIA H200 NVL,full,uniform_0_1,gemv,raw_fp64,64,11,52,fp64,natural,scalar,1,64,1,1,1,none,raw,natural/scalar/x1/raw,65536,1024,1024,537395200,537395200,0,1024,256,10,0,100,15.072447776794434,0.15072447776794434,16361.329375903357,1
2026-08-16T15:13:36Z,NVIDIA H200 NVL,full,uniform_0_1,gemv,raw_fp64,64,11,52,fp64,natural,scalar,1,64,1,1,1,none,raw,natural/scalar/x1/raw,65536,1024,1024,537395200,537395200,0,1024,256,10,1,100,15.064096450805664,0.15064096450805664,16361.329375903357,1
2026-08-16T15:13:36Z,NVIDIA H200 NVL,full,uniform_0_1,gemv,raw_fp64,64,11,52,fp64,natural,scalar,1,64,1,1,1,none,raw,natural/scalar/x1/raw,65536,1024,1024,537395200,537395200,0,1024,256,10,2,100,15.07414436340332,0.15074144363403319,16361.329375903357,1
2026-08-16T15:13:36Z,NVIDIA H200 NVL,full,uniform_0_1,gemv,raw_fp64,64,11,52,fp64,natural,scalar,1,64,1,1,1,none,raw,natural/scalar/x1/raw,65536,1024,1024,537395200,537395200,0,1024,256,10,3,100,15.063232421875,0.15063232421875,16361.329375903357,1
2026-08-16T15:13:36Z,NVIDIA H200 NVL,full,uniform_0_1,gemv,raw_fp64,64,11,52,fp64,natural,scalar,1,64,1,1,1,none,raw,natural/scalar/x1/raw,65536,1024,1024,537395200,537395200,0,1024,256,10,4,100,15.065376281738281,0.15065376281738282,16361.329375903357,1
2026-08-16T15:13:36Z,NVIDIA H200 NVL,full,uniform_0_1,dot,raw_fp64,64,11,52,fp64,natural,thread_packet,2,128,1,1,2,none,raw,natural/thread_packet/x2/raw,4096,0,1,65536,65536,0,8,256,10,0,2141,10.885343551635742,0.0050842333263128175,1019.6924867658463,1
2026-08-16T15:13:36Z,NVIDIA H200 NVL,full,uniform_0_1,dot,raw_fp64,64,11,52,fp64,natural,thread_packet,2,128,1,1,2,none,raw,natural/thread_packet/x2/raw,4096,0,1,65536,65536,0,8,256,10,1,2141,10.919903755187988,0.0051003754111106905,1019.6924867658463,1
2026-08-16T15:13:36Z,NVIDIA H200 NVL,full,uniform_0_1,dot,raw_fp64,64,11,52,fp64,natural,thread_packet,2,128,1,1,2,none,raw,natural/thread_packet/x2/raw,4096,0,1,65536,65536,0,8,256,10,2,2141,10.920703887939453,0.005100749130284658,1019.6924867658463,1
2026-08-16T15:13:36Z,NVIDIA H200 NVL,full,uniform_0_1,dot,raw_fp64,64,11,52,fp64,natural,thread_packet,2,128,1,1,2,none,raw,natural/thread_packet/x2/raw,4096,0,1,65536,65536,0,8,256,10,3,2141,10.90668773651123,0.0050942025859463946,1019.6924867658463,1
2026-08-16T15:13:36Z,NVIDIA H200 NVL,full,uniform_0_1,dot,raw_fp64,64,11,52,fp64,natural,thread_packet,2,128,1,1,2,none,raw,natural/thread_packet/x2/raw,4096,0,1,65536,65536,0,8,256,10,4,2141,10.888704299926758,0.0050858030359302933,1019.6924867658463,1
2026-08-16T15:13:36Z,NVIDIA H200 NVL,full,uniform_0_1,dot,raw_fp64,64,11,52,fp64,natural,thread_packet,2,128,1,1,2,none,raw,natural/thread_packet/x2/raw,65536,0,1,1048576,1048576,0,128,256,10,0,2030,10.822336196899414,0.0053312000969947849,16361.329375903359,1
2026-08-16T15:13:36Z,NVIDIA H200 NVL,full,uniform_0_1,dot,raw_fp64,64,11,52,fp64,natural,thread_packet,2,128,1,1,2,none,raw,natural/thread_packet/x2/raw,65536,0,1,1048576,1048576,0,128,256,10,1,2030,10.825183868408203,0.0053326028908414792,16361.329375903359,1
2026-08-16T15:13:36Z,NVIDIA H200 NVL,full,uniform_0_1,dot,raw_fp64,64,11,52,fp64,natural,thread_packet,2,128,1,1,2,none,raw,natural/thread_packet/x2/raw,65536,0,1,1048576,1048576,0,128,256,10,2,2030,10.821567535400391,0.0053308214460100443,16361.329375903359,1
2026-08-16T15:13:36Z,NVIDIA H200 NVL,full,uniform_0_1,dot,raw_fp64,64,11,52,fp64,natural,thread_packet,2,128,1,1,2,none,raw,natural/thread_packet/x2/raw,65536,0,1,1048576,1048576,0,128,256,10,3,2030,10.821824073791504,0.0053309478196017258,16361.329375903359,1
2026-08-16T15:13:36Z,NVIDIA H200 NVL,full,uniform_0_1,dot,raw_fp64,64,11,52,fp64,natural,thread_packet,2,128,1,1,2,none,raw,natural/thread_packet/x2/raw,65536,0,1,1048576,1048576,0,128,256,10,4,2030,10.824640274047852,0.0053323351103683999,16361.329375903359,1
2026-08-16T15:13:36Z,NVIDIA H200 NVL,full,uniform_0_1,dot,raw_fp64,64,11,52,fp64,natural,thread_packet,2,128,1,1,2,none,raw,natural/thread_packet/x2/raw,1048576,0,1,16777216,16777216,0,512,256,10,0,1489,11.80787181854248,0.0079300683804852112,261997.41491179512,1
2026-08-16T15:13:36Z,NVIDIA H200 NVL,full,uniform_0_1,dot,raw_fp64,64,11,52,fp64,natural,thread_packet,2,128,1,1,2,none,raw,natural/thread_packet/x2/raw,1048576,0,1,16777216,16777216,0,512,256,10,1,1489,11.808671951293945,0.0079306057429778011,261997.41491179512,1
2026-08-16T15:13:36Z,NVIDIA H200 NVL,full,uniform_0_1,dot,raw_fp64,64,11,52,fp64,natural,thread_packet,2,128,1,1,2,none,raw,natural/thread_packet/x2/raw,1048576,0,1,16777216,16777216,0,512,256,10,2,1489,11.808159828186035,0.0079302618053633551,261997.41491179512,1
2026-08-16T15:13:36Z,NVIDIA H200 NVL,full,uniform_0_1,dot,raw_fp64,64,11,52,fp64,natural,thread_packet,2,128,1,1,2,none,raw,natural/thread_packet/x2/raw,1048576,0,1,16777216,16777216,0,512,256,10,3,1489,11.80617618560791,0.0079289296075271392,261997.41491179512,1
2026-08-16T15:13:36Z,NVIDIA H200 NVL,full,uniform_0_1,dot,raw_fp64,64,11,52,fp64,natural,thread_packet,2,128,1,1,2,none,raw,natural/thread_packet/x2/raw,1048576,0,1,16777216,16777216,0,512,256,10,4,1489,11.806719779968262,0.007929294680972641,261997.41491179512,1
2026-08-16T15:13:36Z,NVIDIA H200 NVL,full,uniform_0_1,dot,raw_fp64,64,11,52,fp64,natural,thread_packet,2,128,1,1,2,none,raw,natural/thread_packet/x2/raw,16777216,0,1,268435456,268435456,0,512,256,10,0,212,14.59500789642334,0.068844376869921411,4194144.5995463934,1
2026-08-16T15:13:36Z,NVIDIA H200 NVL,full,uniform_0_1,dot,raw_fp64,64,11,52,fp64,natural,thread_packet,2,128,1,1,2,none,raw,natural/thread_packet/x2/raw,16777216,0,1,268435456,268435456,0,512,256,10,1,212,14.569215774536133,0.068722715917623273,4194144.5995463934,1
2026-08-16T15:13:36Z,NVIDIA H200 NVL,full,uniform_0_1,dot,raw_fp64,64,11,52,fp64,natural,thread_packet,2,128,1,1,2,none,raw,natural/thread_packet/x2/raw,16777216,0,1,268435456,268435456,0,512,256,10,2,212,14.567968368530273,0.068716831927029598,4194144.5995463934,1
2026-08-16T15:13:36Z,NVIDIA H200 NVL,full,uniform_0_1,dot,raw_fp64,64,11,52,fp64,natural,thread_packet,2,128,1,1,2,none,raw,natural/thread_packet/x2/raw,16777216,0,1,268435456,268435456,0,512,256,10,3,212,14.561568260192871,0.068686642736758827,4194144.5995463934,1
2026-08-16T15:13:36Z,NVIDIA H200 NVL,full,uniform_0_1,dot,raw_fp64,64,11,52,fp64,natural,thread_packet,2,128,1,1,2,none,raw,natural/thread_packet/x2/raw,16777216,0,1,268435456,268435456,0,512,256,10,4,212,14.56009578704834,0.068679697108718588,4194144.5995463934,1
2026-08-16T15:13:36Z,NVIDIA H200 NVL,full,uniform_0_1,dot,raw_fp64,64,11,52,fp64,natural,thread_packet,2,128,1,1,2,none,raw,natural/thread_packet/x2/raw,134217728,0,1,2147483648,2147483648,0,512,256,10,0,31,15.343104362487793,0.49493885040283203,33555791.351023242,1
2026-08-16T15:13:36Z,NVIDIA H200 NVL,full,uniform_0_1,dot,raw_fp64,64,11,52,fp64,natural,thread_packet,2,128,1,1,2,none,raw,natural/thread_packet/x2/raw,134217728,0,1,2147483648,2147483648,0,512,256,10,1,31,15.33676815032959,0.49473445646224484,33555791.351023242,1
2026-08-16T15:13:36Z,NVIDIA H200 NVL,full,uniform_0_1,dot,raw_fp64,64,11,52,fp64,natural,thread_packet,2,128,1,1,2,none,raw,natural/thread_packet/x2/raw,134217728,0,1,2147483648,2147483648,0,512,256,10,2,31,15.336416244506836,0.49472310466151082,33555791.351023242,1
2026-08-16T15:13:36Z,NVIDIA H200 NVL,full,uniform_0_1,dot,raw_fp64,64,11,52,fp64,natural,thread_packet,2,128,1,1,2,none,raw,natural/thread_packet/x2/raw,134217728,0,1,2147483648,2147483648,0,512,256,10,3,31,15.336704254150391,0.49473239529517388,33555791.351023242,1
2026-08-16T15:13:36Z,NVIDIA H200 NVL,full,uniform_0_1,dot,raw_fp64,64,11,52,fp64,natural,thread_packet,2,128,1,1,2,none,raw,natural/thread_packet/x2/raw,134217728,0,1,2147483648,2147483648,0,512,256,10,4,31,15.32316780090332,0.49429573551301031,33555791.351023242,1
2026-08-16T15:13:36Z,NVIDIA H200 NVL,full,uniform_0_1,gemv,raw_fp64,64,11,52,fp64,natural,thread_packet,2,128,1,1,2,none,raw,natural/thread_packet/x2/raw,256,1024,1024,2099200,2099200,0,1024,256,10,0,2481,9.6475839614868164,0.0038885868446137915,62.262414696816933,1
2026-08-16T15:13:36Z,NVIDIA H200 NVL,full,uniform_0_1,gemv,raw_fp64,64,11,52,fp64,natural,thread_packet,2,128,1,1,2,none,raw,natural/thread_packet/x2/raw,256,1024,1024,2099200,2099200,0,1024,256,10,1,2481,9.6435842514038086,0.0038869747083449448,62.262414696816933,1
2026-08-16T15:13:36Z,NVIDIA H200 NVL,full,uniform_0_1,gemv,raw_fp64,64,11,52,fp64,natural,thread_packet,2,128,1,1,2,none,raw,natural/thread_packet/x2/raw,256,1024,1024,2099200,2099200,0,1024,256,10,2,2481,9.6559362411499023,0.0038919533418580823,62.262414696816933,1
2026-08-16T15:13:36Z,NVIDIA H200 NVL,full,uniform_0_1,gemv,raw_fp64,64,11,52,fp64,natural,thread_packet,2,128,1,1,2,none,raw,natural/thread_packet/x2/raw,256,1024,1024,2099200,2099200,0,1024,256,10,3,2481,9.6520318984985352,0.0038903796446991272,62.262414696816933,1
2026-08-16T15:13:36Z,NVIDIA H200 NVL,full,uniform_0_1,gemv,raw_fp64,64,11,52,fp64,natural,thread_packet,2,128,1,1,2,none,raw,natural/thread_packet/x2/raw,256,1024,1024,2099200,2099200,0,1024,256,10,4,2481,9.661952018737793,0.0038943780809100334,62.262414696816933,1
2026-08-16T15:13:36Z,NVIDIA H200 NVL,full,uniform_0_1,gemv,raw_fp64,64,11,52,fp64,natural,thread_packet,2,128,1,1,2,none,raw,natural/thread_packet/x2/raw,1024,1024,1024,8396800,8396800,0,1024,256,10,0,2141,10.527711868286133,0.0049171937731369141,248.53376947185922,1
2026-08-16T15:13:36Z,NVIDIA H200 NVL,full,uniform_0_1,gemv,raw_fp64,64,11,52,fp64,natural,thread_packet,2,128,1,1,2,none,raw,natural/thread_packet/x2/raw,1024,1024,1024,8396800,8396800,0,1024,256,10,1,2141,10.530624389648438,0.0049185541287475191,248.53376947185922,1
2026-08-16T15:13:36Z,NVIDIA H200 NVL,full,uniform_0_1,gemv,raw_fp64,64,11,52,fp64,natural,thread_packet,2,128,1,1,2,none,raw,natural/thread_packet/x2/raw,1024,1024,1024,8396800,8396800,0,1024,256,10,2,2141,10.531007766723633,0.0049187331932385022,248.53376947185922,1
2026-08-16T15:13:36Z,NVIDIA H200 NVL,full,uniform_0_1,gemv,raw_fp64,64,11,52,fp64,natural,thread_packet,2,128,1,1,2,none,raw,natural/thread_packet/x2/raw,1024,1024,1024,8396800,8396800,0,1024,256,10,3,2141,10.530943870544434,0.0049187033491566714,248.53376947185922,1
2026-08-16T15:13:36Z,NVIDIA H200 NVL,full,uniform_0_1,gemv,raw_fp64,64,11,52,fp64,natural,thread_packet,2,128,1,1,2,none,raw,natural/thread_packet/x2/raw,1024,1024,1024,8396800,8396800,0,1024,256,10,4,2141,10.531007766723633,0.0049187331932385022,248.53376947185922,1
2026-08-16T15:13:36Z,NVIDIA H200 NVL,full,uniform_0_1,gemv,raw_fp64,64,11,52,fp64,natural,thread_packet,2,128,1,1,2,none,raw,natural/thread_packet/x2/raw,4096,1024,1024,33587200,33587200,0,1024,256,10,0,1400,11.903679847717285,0.008502628462655204,1019.6924867658463,1
2026-08-16T15:13:36Z,NVIDIA H200 NVL,full,uniform_0_1,gemv,raw_fp64,64,11,52,fp64,natural,thread_packet,2,128,1,1,2,none,raw,natural/thread_packet/x2/raw,4096,1024,1024,33587200,33587200,0,1024,256,10,1,1400,11.981151580810547,0.0085579654148646763,1019.6924867658463,1
2026-08-16T15:13:36Z,NVIDIA H200 NVL,full,uniform_0_1,gemv,raw_fp64,64,11,52,fp64,natural,thread_packet,2,128,1,1,2,none,raw,natural/thread_packet/x2/raw,4096,1024,1024,33587200,33587200,0,1024,256,10,2,1400,11.980256080627441,0.0085573257718767441,1019.6924867658463,1
2026-08-16T15:13:36Z,NVIDIA H200 NVL,full,uniform_0_1,gemv,raw_fp64,64,11,52,fp64,natural,thread_packet,2,128,1,1,2,none,raw,natural/thread_packet/x2/raw,4096,1024,1024,33587200,33587200,0,1024,256,10,3,1400,11.977343559265137,0.0085552453994750984,1019.6924867658463,1
2026-08-16T15:13:36Z,NVIDIA H200 NVL,full,uniform_0_1,gemv,raw_fp64,64,11,52,fp64,natural,thread_packet,2,128,1,1,2,none,raw,natural/thread_packet/x2/raw,4096,1024,1024,33587200,33587200,0,1024,256,10,4,1400,11.969504356384277,0.008549645968845913,1019.6924867658463,1
2026-08-16T15:13:36Z,NVIDIA H200 NVL,full,uniform_0_1,gemv,raw_fp64,64,11,52,fp64,natural,thread_packet,2,128,1,1,2,none,raw,natural/thread_packet/x2/raw,16384,1024,1024,134348800,134348800,0,1024,256,10,0,377,14.347647666931152,0.038057420867191383,4110.2963092903155,1
2026-08-16T15:13:36Z,NVIDIA H200 NVL,full,uniform_0_1,gemv,raw_fp64,64,11,52,fp64,natural,thread_packet,2,128,1,1,2,none,raw,natural/thread_packet/x2/raw,16384,1024,1024,134348800,134348800,0,1024,256,10,1,377,14.314080238342285,0.037968382595072375,4110.2963092903155,1
2026-08-16T15:13:36Z,NVIDIA H200 NVL,full,uniform_0_1,gemv,raw_fp64,64,11,52,fp64,natural,thread_packet,2,128,1,1,2,none,raw,natural/thread_packet/x2/raw,16384,1024,1024,134348800,134348800,0,1024,256,10,2,377,14.316736221313477,0.037975427642741318,4110.2963092903155,1
2026-08-16T15:13:36Z,NVIDIA H200 NVL,full,uniform_0_1,gemv,raw_fp64,64,11,52,fp64,natural,thread_packet,2,128,1,1,2,none,raw,natural/thread_packet/x2/raw,16384,1024,1024,134348800,134348800,0,1024,256,10,3,377,14.326848030090332,0.03800224941668523,4110.2963092903155,1
2026-08-16T15:13:36Z,NVIDIA H200 NVL,full,uniform_0_1,gemv,raw_fp64,64,11,52,fp64,natural,thread_packet,2,128,1,1,2,none,raw,natural/thread_packet/x2/raw,16384,1024,1024,134348800,134348800,0,1024,256,10,4,377,14.314047813415527,0.037968296587309089,4110.2963092903155,1
2026-08-16T15:13:36Z,NVIDIA H200 NVL,full,uniform_0_1,gemv,raw_fp64,64,11,52,fp64,natural,thread_packet,2,128,1,1,2,none,raw,natural/thread_packet/x2/raw,65536,1024,1024,537395200,537395200,0,1024,256,10,0,111,14.72486400604248,0.1326564324868692,16361.329375903359,1
2026-08-16T15:13:36Z,NVIDIA H200 NVL,full,uniform_0_1,gemv,raw_fp64,64,11,52,fp64,natural,thread_packet,2,128,1,1,2,none,raw,natural/thread_packet/x2/raw,65536,1024,1024,537395200,537395200,0,1024,256,10,1,111,14.722559928894043,0.13263567503508147,16361.329375903359,1
2026-08-16T15:13:36Z,NVIDIA H200 NVL,full,uniform_0_1,gemv,raw_fp64,64,11,52,fp64,natural,thread_packet,2,128,1,1,2,none,raw,natural/thread_packet/x2/raw,65536,1024,1024,537395200,537395200,0,1024,256,10,2,111,14.722399711608887,0.1326342316361161,16361.329375903359,1
2026-08-16T15:13:36Z,NVIDIA H200 NVL,full,uniform_0_1,gemv,raw_fp64,64,11,52,fp64,natural,thread_packet,2,128,1,1,2,none,raw,natural/thread_packet/x2/raw,65536,1024,1024,537395200,537395200,0,1024,256,10,3,111,14.745599746704102,0.13284324096129821,16361.329375903359,1
2026-08-16T15:13:36Z,NVIDIA H200 NVL,full,uniform_0_1,gemv,raw_fp64,64,11,52,fp64,natural,thread_packet,2,128,1,1,2,none,raw,natural/thread_packet/x2/raw,65536,1024,1024,537395200,537395200,0,1024,256,10,4,111,14.717280387878418,0.13258811160250827,16361.329375903359,1
2026-08-16T15:13:36Z,NVIDIA H200 NVL,full,uniform_0_1,dot,raw_fp64,64,11,52,fp64,natural,thread_packet,4,128,1,1,4,none,raw,natural/thread_packet/x4/raw,4096,0,1,65536,65536,0,4,256,10,0,2075,11.039360046386719,0.0053201735163309486,1019.6924867658463,1
2026-08-16T15:13:36Z,NVIDIA H200 NVL,full,uniform_0_1,dot,raw_fp64,64,11,52,fp64,natural,thread_packet,4,128,1,1,4,none,raw,natural/thread_packet/x4/raw,4096,0,1,65536,65536,0,4,256,10,1,2075,11.079456329345703,0.0053394970261907001,1019.6924867658463,1
2026-08-16T15:13:36Z,NVIDIA H200 NVL,full,uniform_0_1,dot,raw_fp64,64,11,52,fp64,natural,thread_packet,4,128,1,1,4,none,raw,natural/thread_packet/x4/raw,4096,0,1,65536,65536,0,4,256,10,2,2075,11.086496353149414,0.0053428898087467059,1019.6924867658463,1
2026-08-16T15:13:36Z,NVIDIA H200 NVL,full,uniform_0_1,dot,raw_fp64,64,11,52,fp64,natural,thread_packet,4,128,1,1,4,none,raw,natural/thread_packet/x4/raw,4096,0,1,65536,65536,0,4,256,10,3,2075,11.085280418395996,0.0053423038160944555,1019.6924867658463,1
2026-08-16T15:13:36Z,NVIDIA H200 NVL,full,uniform_0_1,dot,raw_fp64,64,11,52,fp64,natural,thread_packet,4,128,1,1,4,none,raw,natural/thread_packet/x4/raw,4096,0,1,65536,65536,0,4,256,10,4,2075,11.087807655334473,0.0053435217616069749,1019.6924867658463,1
2026-08-16T15:13:36Z,NVIDIA H200 NVL,full,uniform_0_1,dot,raw_fp64,64,11,52,fp64,natural,thread_packet,4,128,1,1,4,none,raw,natural/thread_packet/x4/raw,65536,0,1,1048576,1048576,0,64,256,10,0,1978,11.015263557434082,0.0055688895639201628,16361.32937590336,1
2026-08-16T15:13:36Z,NVIDIA H200 NVL,full,uniform_0_1,dot,raw_fp64,64,11,52,fp64,natural,thread_packet,4,128,1,1,4,none,raw,natural/thread_packet/x4/raw,65536,0,1,1048576,1048576,0,64,256,10,1,1978,11.011808395385742,0.0055671427681424383,16361.32937590336,1
2026-08-16T15:13:36Z,NVIDIA H200 NVL,full,uniform_0_1,dot,raw_fp64,64,11,52,fp64,natural,thread_packet,4,128,1,1,4,none,raw,natural/thread_packet/x4/raw,65536,0,1,1048576,1048576,0,64,256,10,2,1978,11.003040313720703,0.0055627099664917606,16361.32937590336,1
2026-08-16T15:13:36Z,NVIDIA H200 NVL,full,uniform_0_1,dot,raw_fp64,64,11,52,fp64,natural,thread_packet,4,128,1,1,4,none,raw,natural/thread_packet/x4/raw,65536,0,1,1048576,1048576,0,64,256,10,3,1978,11.007136344909668,0.005564780760823897,16361.32937590336,1
2026-08-16T15:13:36Z,NVIDIA H200 NVL,full,uniform_0_1,dot,raw_fp64,64,11,52,fp64,natural,thread_packet,4,128,1,1,4,none,raw,natural/thread_packet/x4/raw,65536,0,1,1048576,1048576,0,64,256,10,4,1978,10.983615875244141,0.0055528897245925891,16361.32937590336,1
2026-08-16T15:13:36Z,NVIDIA H200 NVL,full,uniform_0_1,dot,raw_fp64,64,11,52,fp64,natural,thread_packet,4,128,1,1,4,none,raw,natural/thread_packet/x4/raw,1048576,0,1,16777216,16777216,0,512,256,10,0,1417,12.247200012207031,0.0086430487030395419,261997.41491179512,1
2026-08-16T15:13:36Z,NVIDIA H200 NVL,full,uniform_0_1,dot,raw_fp64,64,11,52,fp64,natural,thread_packet,4,128,1,1,4,none,raw,natural/thread_packet/x4/raw,1048576,0,1,16777216,16777216,0,512,256,10,1,1417,12.252415657043457,0.0086467294686262929,261997.41491179512,1
2026-08-16T15:13:36Z,NVIDIA H200 NVL,full,uniform_0_1,dot,raw_fp64,64,11,52,fp64,natural,thread_packet,4,128,1,1,4,none,raw,natural/thread_packet/x4/raw,1048576,0,1,16777216,16777216,0,512,256,10,2,1417,12.256383895874023,0.0086495299194594387,261997.41491179512,1
2026-08-16T15:13:36Z,NVIDIA H200 NVL,full,uniform_0_1,dot,raw_fp64,64,11,52,fp64,natural,thread_packet,4,128,1,1,4,none,raw,natural/thread_packet/x4/raw,1048576,0,1,16777216,16777216,0,512,256,10,3,1417,12.255807876586914,0.0086491234132582313,261997.41491179512,1
2026-08-16T15:13:36Z,NVIDIA H200 NVL,full,uniform_0_1,dot,raw_fp64,64,11,52,fp64,natural,thread_packet,4,128,1,1,4,none,raw,natural/thread_packet/x4/raw,1048576,0,1,16777216,16777216,0,512,256,10,4,1417,12.255711555480957,0.0086490554378835273,261997.41491179512,1
2026-08-16T15:13:36Z,NVIDIA H200 NVL,full,uniform_0_1,dot,raw_fp64,64,11,52,fp64,natural,thread_packet,4,128,1,1,4,none,raw,natural/thread_packet/x4/raw,16777216,0,1,268435456,268435456,0,512,256,10,0,207,14.387743949890137,0.06950600941975911,4194144.5995463938,1
2026-08-16T15:13:36Z,NVIDIA H200 NVL,full,uniform_0_1,dot,raw_fp64,64,11,52,fp64,natural,thread_packet,4,128,1,1,4,none,raw,natural/thread_packet/x4/raw,16777216,0,1,268435456,268435456,0,512,256,10,1,207,14.330080032348633,0.069227439769800156,4194144.5995463938,1
2026-08-16T15:13:36Z,NVIDIA H200 NVL,full,uniform_0_1,dot,raw_fp64,64,11,52,fp64,natural,thread_packet,4,128,1,1,4,none,raw,natural/thread_packet/x4/raw,16777216,0,1,268435456,268435456,0,512,256,10,2,207,14.374496459960938,0.069442011883869267,4194144.5995463938,1
2026-08-16T15:13:36Z,NVIDIA H200 NVL,full,uniform_0_1,dot,raw_fp64,64,11,52,fp64,natural,thread_packet,4,128,1,1,4,none,raw,natural/thread_packet/x4/raw,16777216,0,1,268435456,268435456,0,512,256,10,3,207,14.360799789428711,0.069375844393375422,4194144.5995463938,1
2026-08-16T15:13:36Z,NVIDIA H200 NVL,full,uniform_0_1,dot,raw_fp64,64,11,52,fp64,natural,thread_packet,4,128,1,1,4,none,raw,natural/thread_packet/x4/raw,16777216,0,1,268435456,268435456,0,512,256,10,4,207,14.367584228515625,0.069408619461428137,4194144.5995463938,1
2026-08-16T15:13:36Z,NVIDIA H200 NVL,full,uniform_0_1,dot,raw_fp64,64,11,52,fp64,natural,thread_packet,4,128,1,1,4,none,raw,natural/thread_packet/x4/raw,134217728,0,1,2147483648,2147483648,0,512,256,10,0,30,15.087807655334473,0.5029269218444824,33555791.351023242,1
2026-08-16T15:13:36Z,NVIDIA H200 NVL,full,uniform_0_1,dot,raw_fp64,64,11,52,fp64,natural,thread_packet,4,128,1,1,4,none,raw,natural/thread_packet/x4/raw,134217728,0,1,2147483648,2147483648,0,512,256,10,1,30,15.084351539611816,0.50281171798706059,33555791.351023242,1
2026-08-16T15:13:36Z,NVIDIA H200 NVL,full,uniform_0_1,dot,raw_fp64,64,11,52,fp64,natural,thread_packet,4,128,1,1,4,none,raw,natural/thread_packet/x4/raw,134217728,0,1,2147483648,2147483648,0,512,256,10,2,30,15.026911735534668,0.50089705785115557,33555791.351023242,1
2026-08-16T15:13:36Z,NVIDIA H200 NVL,full,uniform_0_1,dot,raw_fp64,64,11,52,fp64,natural,thread_packet,4,128,1,1,4,none,raw,natural/thread_packet/x4/raw,134217728,0,1,2147483648,2147483648,0,512,256,10,3,30,15.045087814331055,0.5015029271443685,33555791.351023242,1
2026-08-16T15:13:36Z,NVIDIA H200 NVL,full,uniform_0_1,dot,raw_fp64,64,11,52,fp64,natural,thread_packet,4,128,1,1,4,none,raw,natural/thread_packet/x4/raw,134217728,0,1,2147483648,2147483648,0,512,256,10,4,30,15.027744293212891,0.50092480977376297,33555791.351023242,1
2026-08-16T15:13:36Z,NVIDIA H200 NVL,full,uniform_0_1,gemv,raw_fp64,64,11,52,fp64,natural,thread_packet,4,128,1,1,4,none,raw,natural/thread_packet/x4/raw,256,1024,1024,2099200,2099200,0,1024,256,10,0,2404,10.073663711547852,0.0041903759199450295,62.262414696816933,1
2026-08-16T15:13:36Z,NVIDIA H200 NVL,full,uniform_0_1,gemv,raw_fp64,64,11,52,fp64,natural,thread_packet,4,128,1,1,4,none,raw,natural/thread_packet/x4/raw,256,1024,1024,2099200,2099200,0,1024,256,10,1,2404,10.072480201721191,0.0041898836113648886,62.262414696816933,1
2026-08-16T15:13:36Z,NVIDIA H200 NVL,full,uniform_0_1,gemv,raw_fp64,64,11,52,fp64,natural,thread_packet,4,128,1,1,4,none,raw,natural/thread_packet/x4/raw,256,1024,1024,2099200,2099200,0,1024,256,10,2,2404,10.075360298156738,0.0041910816548072953,62.262414696816933,1
2026-08-16T15:13:36Z,NVIDIA H200 NVL,full,uniform_0_1,gemv,raw_fp64,64,11,52,fp64,natural,thread_packet,4,128,1,1,4,none,raw,natural/thread_packet/x4/raw,256,1024,1024,2099200,2099200,0,1024,256,10,3,2404,10.076064109802246,0.004191374421714745,62.262414696816933,1
2026-08-16T15:13:36Z,NVIDIA H200 NVL,full,uniform_0_1,gemv,raw_fp64,64,11,52,fp64,natural,thread_packet,4,128,1,1,4,none,raw,natural/thread_packet/x4/raw,256,1024,1024,2099200,2099200,0,1024,256,10,4,2404,10.088447570800781,0.0041965256118139688,62.262414696816933,1
2026-08-16T15:13:36Z,NVIDIA H200 NVL,full,uniform_0_1,gemv,raw_fp64,64,11,52,fp64,natural,thread_packet,4,128,1,1,4,none,raw,natural/thread_packet/x4/raw,1024,1024,1024,8396800,8396800,0,1024,256,10,0,1839,11.194304466247559,0.0060871693671819245,248.53376947185924,1
2026-08-16T15:13:36Z,NVIDIA H200 NVL,full,uniform_0_1,gemv,raw_fp64,64,11,52,fp64,natural,thread_packet,4,128,1,1,4,none,raw,natural/thread_packet/x4/raw,1024,1024,1024,8396800,8396800,0,1024,256,10,1,1839,11.198687553405762,0.0060895527750982935,248.53376947185924,1
2026-08-16T15:13:36Z,NVIDIA H200 NVL,full,uniform_0_1,gemv,raw_fp64,64,11,52,fp64,natural,thread_packet,4,128,1,1,4,none,raw,natural/thread_packet/x4/raw,1024,1024,1024,8396800,8396800,0,1024,256,10,2,1839,11.200160026550293,0.0060903534674009207,248.53376947185924,1
2026-08-16T15:13:36Z,NVIDIA H200 NVL,full,uniform_0_1,gemv,raw_fp64,64,11,52,fp64,natural,thread_packet,4,128,1,1,4,none,raw,natural/thread_packet/x4/raw,1024,1024,1024,8396800,8396800,0,1024,256,10,3,1839,11.199551582336426,0.0060900226113846795,248.53376947185924,1
2026-08-16T15:13:36Z,NVIDIA H200 NVL,full,uniform_0_1,gemv,raw_fp64,64,11,52,fp64,natural,thread_packet,4,128,1,1,4,none,raw,natural/thread_packet/x4/raw,1024,1024,1024,8396800,8396800,0,1024,256,10,4,1839,11.201984405517578,0.0060913455168665458,248.53376947185924,1
2026-08-16T15:13:36Z,NVIDIA H200 NVL,full,uniform_0_1,gemv,raw_fp64,64,11,52,fp64,natural,thread_packet,4,128,1,1,4,none,raw,natural/thread_packet/x4/raw,4096,1024,1024,33587200,33587200,0,1024,256,10,0,992,12.982848167419434,0.013087548555866364,1019.6924867658463,1
2026-08-16T15:13:36Z,NVIDIA H200 NVL,full,uniform_0_1,gemv,raw_fp64,64,11,52,fp64,natural,thread_packet,4,128,1,1,4,none,raw,natural/thread_packet/x4/raw,4096,1024,1024,33587200,33587200,0,1024,256,10,1,992,12.984224319458008,0.01308893580590525,1019.6924867658463,1
2026-08-16T15:13:36Z,NVIDIA H200 NVL,full,uniform_0_1,gemv,raw_fp64,64,11,52,fp64,natural,thread_packet,4,128,1,1,4,none,raw,natural/thread_packet/x4/raw,4096,1024,1024,33587200,33587200,0,1024,256,10,2,992,12.979392051696777,0.01308406456824272,1019.6924867658463,1
2026-08-16T15:13:36Z,NVIDIA H200 NVL,full,uniform_0_1,gemv,raw_fp64,64,11,52,fp64,natural,thread_packet,4,128,1,1,4,none,raw,natural/thread_packet/x4/raw,4096,1024,1024,33587200,33587200,0,1024,256,10,3,992,12.978816032409668,0.013083483903638778,1019.6924867658463,1
2026-08-16T15:13:36Z,NVIDIA H200 NVL,full,uniform_0_1,gemv,raw_fp64,64,11,52,fp64,natural,thread_packet,4,128,1,1,4,none,raw,natural/thread_packet/x4/raw,4096,1024,1024,33587200,33587200,0,1024,256,10,4,992,12.978464126586914,0.01308312915986584,1019.6924867658463,1
2026-08-16T15:13:36Z,NVIDIA H200 NVL,full,uniform_0_1,gemv,raw_fp64,64,11,52,fp64,natural,thread_packet,4,128,1,1,4,none,raw,natural/thread_packet/x4/raw,16384,1024,1024,134348800,134348800,0,1024,256,10,0,337,14.176032066345215,0.042065377051469482,4110.2963092903155,1
2026-08-16T15:13:36Z,NVIDIA H200 NVL,full,uniform_0_1,gemv,raw_fp64,64,11,52,fp64,natural,thread_packet,4,128,1,1,4,none,raw,natural/thread_packet/x4/raw,16384,1024,1024,134348800,134348800,0,1024,256,10,1,337,14.159711837768555,0.042016949073497192,4110.2963092903155,1
2026-08-16T15:13:36Z,NVIDIA H200 NVL,full,uniform_0_1,gemv,raw_fp64,64,11,52,fp64,natural,thread_packet,4,128,1,1,4,none,raw,natural/thread_packet/x4/raw,16384,1024,1024,134348800,134348800,0,1024,256,10,2,337,14.160608291625977,0.042019609173964322,4110.2963092903155,1
2026-08-16T15:13:36Z,NVIDIA H200 NVL,full,uniform_0_1,gemv,raw_fp64,64,11,52,fp64,natural,thread_packet,4,128,1,1,4,none,raw,natural/thread_packet/x4/raw,16384,1024,1024,134348800,134348800,0,1024,256,10,3,337,14.16096019744873,0.042020653404892375,4110.2963092903155,1
2026-08-16T15:13:36Z,NVIDIA H200 NVL,full,uniform_0_1,gemv,raw_fp64,64,11,52,fp64,natural,thread_packet,4,128,1,1,4,none,raw,natural/thread_packet/x4/raw,16384,1024,1024,134348800,134348800,0,1024,256,10,4,337,14.1627197265625,0.04202587455953264,4110.2963092903155,1
2026-08-16T15:13:36Z,NVIDIA H200 NVL,full,uniform_0_1,gemv,raw_fp64,64,11,52,fp64,natural,thread_packet,4,128,1,1,4,none,raw,natural/thread_packet/x4/raw,65536,1024,1024,537395200,537395200,0,1024,256,10,0,98,14.957023620605469,0.15262269000617826,16361.329375903362,1
2026-08-16T15:13:36Z,NVIDIA H200 NVL,full,uniform_0_1,gemv,raw_fp64,64,11,52,fp64,natural,thread_packet,4,128,1,1,4,none,raw,natural/thread_packet/x4/raw,65536,1024,1024,537395200,537395200,0,1024,256,10,1,98,14.948672294616699,0.15253747239404794,16361.329375903362,1
2026-08-16T15:13:36Z,NVIDIA H200 NVL,full,uniform_0_1,gemv,raw_fp64,64,11,52,fp64,natural,thread_packet,4,128,1,1,4,none,raw,natural/thread_packet/x4/raw,65536,1024,1024,537395200,537395200,0,1024,256,10,2,98,15.013471603393555,0.15319868983054646,16361.329375903362,1
2026-08-16T15:13:36Z,NVIDIA H200 NVL,full,uniform_0_1,gemv,raw_fp64,64,11,52,fp64,natural,thread_packet,4,128,1,1,4,none,raw,natural/thread_packet/x4/raw,65536,1024,1024,537395200,537395200,0,1024,256,10,3,98,14.99846363067627,0.15304554725179867,16361.329375903362,1
2026-08-16T15:13:36Z,NVIDIA H200 NVL,full,uniform_0_1,gemv,raw_fp64,64,11,52,fp64,natural,thread_packet,4,128,1,1,4,none,raw,natural/thread_packet/x4/raw,65536,1024,1024,537395200,537395200,0,1024,256,10,4,98,14.989376068115234,0.15295281702158403,16361.329375903362,1
2026-08-16T15:13:36Z,NVIDIA H200 NVL,full,uniform_0_1,dot,raw_fp64,64,11,52,fp64,natural,thread_packet,8,128,1,1,8,none,raw,natural/thread_packet/x8/raw,4096,0,1,65536,65536,0,2,256,10,0,1846,11.160799980163574,0.006045937150684493,1019.6924867658463,1
2026-08-16T15:13:36Z,NVIDIA H200 NVL,full,uniform_0_1,dot,raw_fp64,64,11,52,fp64,natural,thread_packet,8,128,1,1,8,none,raw,natural/thread_packet/x8/raw,4096,0,1,65536,65536,0,2,256,10,1,1846,11.193216323852539,0.006063497466875698,1019.6924867658463,1
2026-08-16T15:13:36Z,NVIDIA H200 NVL,full,uniform_0_1,dot,raw_fp64,64,11,52,fp64,natural,thread_packet,8,128,1,1,8,none,raw,natural/thread_packet/x8/raw,4096,0,1,65536,65536,0,2,256,10,2,1846,11.191712379455566,0.0060626827624353013,1019.6924867658463,1
2026-08-16T15:13:36Z,NVIDIA H200 NVL,full,uniform_0_1,dot,raw_fp64,64,11,52,fp64,natural,thread_packet,8,128,1,1,8,none,raw,natural/thread_packet/x8/raw,4096,0,1,65536,65536,0,2,256,10,3,1846,11.172287940979004,0.0060521603147231876,1019.6924867658463,1
2026-08-16T15:13:36Z,NVIDIA H200 NVL,full,uniform_0_1,dot,raw_fp64,64,11,52,fp64,natural,thread_packet,8,128,1,1,8,none,raw,natural/thread_packet/x8/raw,4096,0,1,65536,65536,0,2,256,10,4,1846,11.161696434020996,0.0060464227703255664,1019.6924867658463,1
2026-08-16T15:13:36Z,NVIDIA H200 NVL,full,uniform_0_1,dot,raw_fp64,64,11,52,fp64,natural,thread_packet,8,128,1,1,8,none,raw,natural/thread_packet/x8/raw,65536,0,1,1048576,1048576,0,32,256,10,0,1832,11.505439758300781,0.0062802618768017368,16361.329375903359,1
2026-08-16T15:13:36Z,NVIDIA H200 NVL,full,uniform_0_1,dot,raw_fp64,64,11,52,fp64,natural,thread_packet,8,128,1,1,8,none,raw,natural/thread_packet/x8/raw,65536,0,1,1048576,1048576,0,32,256,10,1,1832,11.507167816162109,0.0062812051398264792,16361.329375903359,1
2026-08-16T15:13:36Z,NVIDIA H200 NVL,full,uniform_0_1,dot,raw_fp64,64,11,52,fp64,natural,thread_packet,8,128,1,1,8,none,raw,natural/thread_packet/x8/raw,65536,0,1,1048576,1048576,0,32,256,10,2,1832,11.506879806518555,0.0062810479293223549,16361.329375903359,1
2026-08-16T15:13:36Z,NVIDIA H200 NVL,full,uniform_0_1,dot,raw_fp64,64,11,52,fp64,natural,thread_packet,8,128,1,1,8,none,raw,natural/thread_packet/x8/raw,65536,0,1,1048576,1048576,0,32,256,10,3,1832,11.506336212158203,0.0062807512075099365,16361.329375903359,1
2026-08-16T15:13:36Z,NVIDIA H200 NVL,full,uniform_0_1,dot,raw_fp64,64,11,52,fp64,natural,thread_packet,8,128,1,1,8,none,raw,natural/thread_packet/x8/raw,65536,0,1,1048576,1048576,0,32,256,10,4,1832,11.507167816162109,0.0062812051398264792,16361.329375903359,1
2026-08-16T15:13:36Z,NVIDIA H200 NVL,full,uniform_0_1,dot,raw_fp64,64,11,52,fp64,natural,thread_packet,8,128,1,1,8,none,raw,natural/thread_packet/x8/raw,1048576,0,1,16777216,16777216,0,512,256,10,0,1181,12.75654411315918,0.010801476810465012,261997.41491179509,1
2026-08-16T15:13:36Z,NVIDIA H200 NVL,full,uniform_0_1,dot,raw_fp64,64,11,52,fp64,natural,thread_packet,8,128,1,1,8,none,raw,natural/thread_packet/x8/raw,1048576,0,1,16777216,16777216,0,512,256,10,1,1181,12.757599830627441,0.010802370728727723,261997.41491179509,1
2026-08-16T15:13:36Z,NVIDIA H200 NVL,full,uniform_0_1,dot,raw_fp64,64,11,52,fp64,natural,thread_packet,8,128,1,1,8,none,raw,natural/thread_packet/x8/raw,1048576,0,1,16777216,16777216,0,512,256,10,2,1181,12.758432388305664,0.01080307568865848,261997.41491179509,1
2026-08-16T15:13:36Z,NVIDIA H200 NVL,full,uniform_0_1,dot,raw_fp64,64,11,52,fp64,natural,thread_packet,8,128,1,1,8,none,raw,natural/thread_packet/x8/raw,1048576,0,1,16777216,16777216,0,512,256,10,3,1181,12.745280265808105,0.010791939259786712,261997.41491179509,1
2026-08-16T15:13:36Z,NVIDIA H200 NVL,full,uniform_0_1,dot,raw_fp64,64,11,52,fp64,natural,thread_packet,8,128,1,1,8,none,raw,natural/thread_packet/x8/raw,1048576,0,1,16777216,16777216,0,512,256,10,4,1181,12.712703704833984,0.010764355380892451,261997.41491179509,1
2026-08-16T15:13:36Z,NVIDIA H200 NVL,full,uniform_0_1,dot,raw_fp64,64,11,52,fp64,natural,thread_packet,8,128,1,1,8,none,raw,natural/thread_packet/x8/raw,16777216,0,1,268435456,268435456,0,512,256,10,0,173,14.65715217590332,0.084723422982100116,4194144.5995463938,1
2026-08-16T15:13:36Z,NVIDIA H200 NVL,full,uniform_0_1,dot,raw_fp64,64,11,52,fp64,natural,thread_packet,8,128,1,1,8,none,raw,natural/thread_packet/x8/raw,16777216,0,1,268435456,268435456,0,512,256,10,1,173,14.636447906494141,0.084603745124243582,4194144.5995463938,1
2026-08-16T15:13:36Z,NVIDIA H200 NVL,full,uniform_0_1,dot,raw_fp64,64,11,52,fp64,natural,thread_packet,8,128,1,1,8,none,raw,natural/thread_packet/x8/raw,16777216,0,1,268435456,268435456,0,512,256,10,2,173,14.677727699279785,0.08484235664323575,4194144.5995463938,1
2026-08-16T15:13:36Z,NVIDIA H200 NVL,full,uniform_0_1,dot,raw_fp64,64,11,52,fp64,natural,thread_packet,8,128,1,1,8,none,raw,natural/thread_packet/x8/raw,16777216,0,1,268435456,268435456,0,512,256,10,3,173,14.642815589904785,0.084640552542802228,4194144.5995463938,1
2026-08-16T15:13:36Z,NVIDIA H200 NVL,full,uniform_0_1,dot,raw_fp64,64,11,52,fp64,natural,thread_packet,8,128,1,1,8,none,raw,natural/thread_packet/x8/raw,16777216,0,1,268435456,268435456,0,512,256,10,4,173,14.640928268432617,0.084629643170130733,4194144.5995463938,1
2026-08-16T15:13:36Z,NVIDIA H200 NVL,full,uniform_0_1,dot,raw_fp64,64,11,52,fp64,natural,thread_packet,8,128,1,1,8,none,raw,natural/thread_packet/x8/raw,134217728,0,1,2147483648,2147483648,0,512,256,10,0,25,15.258367538452148,0.61033470153808589,33555791.351023234,1
2026-08-16T15:13:36Z,NVIDIA H200 NVL,full,uniform_0_1,dot,raw_fp64,64,11,52,fp64,natural,thread_packet,8,128,1,1,8,none,raw,natural/thread_packet/x8/raw,134217728,0,1,2147483648,2147483648,0,512,256,10,1,25,15.269472122192383,0.61077888488769527,33555791.351023234,1
2026-08-16T15:13:36Z,NVIDIA H200 NVL,full,uniform_0_1,dot,raw_fp64,64,11,52,fp64,natural,thread_packet,8,128,1,1,8,none,raw,natural/thread_packet/x8/raw,134217728,0,1,2147483648,2147483648,0,512,256,10,2,25,15.251839637756348,0.61007358551025392,33555791.351023234,1
2026-08-16T15:13:36Z,NVIDIA H200 NVL,full,uniform_0_1,dot,raw_fp64,64,11,52,fp64,natural,thread_packet,8,128,1,1,8,none,raw,natural/thread_packet/x8/raw,134217728,0,1,2147483648,2147483648,0,512,256,10,3,25,15.282784461975098,0.61131137847900385,33555791.351023234,1
2026-08-16T15:13:36Z,NVIDIA H200 NVL,full,uniform_0_1,dot,raw_fp64,64,11,52,fp64,natural,thread_packet,8,128,1,1,8,none,raw,natural/thread_packet/x8/raw,134217728,0,1,2147483648,2147483648,0,512,256,10,4,25,15.248640060424805,0.60994560241699214,33555791.351023234,1
2026-08-16T15:13:36Z,NVIDIA H200 NVL,full,uniform_0_1,gemv,raw_fp64,64,11,52,fp64,natural,thread_packet,8,128,1,1,8,none,raw,natural/thread_packet/x8/raw,256,1024,1024,2099200,2099200,0,1024,256,10,0,2201,10.567680358886719,0.0048013086591943291,62.262414696816933,1
2026-08-16T15:13:36Z,NVIDIA H200 NVL,full,uniform_0_1,gemv,raw_fp64,64,11,52,fp64,natural,thread_packet,8,128,1,1,8,none,raw,natural/thread_packet/x8/raw,256,1024,1024,2099200,2099200,0,1024,256,10,1,2201,10.575296401977539,0.0048047689241151924,62.262414696816933,1
2026-08-16T15:13:36Z,NVIDIA H200 NVL,full,uniform_0_1,gemv,raw_fp64,64,11,52,fp64,natural,thread_packet,8,128,1,1,8,none,raw,natural/thread_packet/x8/raw,256,1024,1024,2099200,2099200,0,1024,256,10,2,2201,10.572447776794434,0.0048034746827780254,62.262414696816933,1
2026-08-16T15:13:36Z,NVIDIA H200 NVL,full,uniform_0_1,gemv,raw_fp64,64,11,52,fp64,natural,thread_packet,8,128,1,1,8,none,raw,natural/thread_packet/x8/raw,256,1024,1024,2099200,2099200,0,1024,256,10,3,2201,10.54860782623291,0.00479264326498542,62.262414696816933,1
2026-08-16T15:13:36Z,NVIDIA H200 NVL,full,uniform_0_1,gemv,raw_fp64,64,11,52,fp64,natural,thread_packet,8,128,1,1,8,none,raw,natural/thread_packet/x8/raw,256,1024,1024,2099200,2099200,0,1024,256,10,4,2201,10.549759864807129,0.0047931666809664375,62.262414696816933,1
2026-08-16T15:13:36Z,NVIDIA H200 NVL,full,uniform_0_1,gemv,raw_fp64,64,11,52,fp64,natural,thread_packet,8,128,1,1,8,none,raw,natural/thread_packet/x8/raw,1024,1024,1024,8396800,8396800,0,1024,256,10,0,1434,11.925888061523438,0.0083165188713552555,248.53376947185927,1
2026-08-16T15:13:36Z,NVIDIA H200 NVL,full,uniform_0_1,gemv,raw_fp64,64,11,52,fp64,natural,thread_packet,8,128,1,1,8,none,raw,natural/thread_packet/x8/raw,1024,1024,1024,8396800,8396800,0,1024,256,10,1,1434,11.925472259521484,0.008316228911800198,248.53376947185927,1
2026-08-16T15:13:36Z,NVIDIA H200 NVL,full,uniform_0_1,gemv,raw_fp64,64,11,52,fp64,natural,thread_packet,8,128,1,1,8,none,raw,natural/thread_packet/x8/raw,1024,1024,1024,8396800,8396800,0,1024,256,10,2,1434,11.926143646240234,0.0083166971033753374,248.53376947185927,1
2026-08-16T15:13:36Z,NVIDIA H200 NVL,full,uniform_0_1,gemv,raw_fp64,64,11,52,fp64,natural,thread_packet,8,128,1,1,8,none,raw,natural/thread_packet/x8/raw,1024,1024,1024,8396800,8396800,0,1024,256,10,3,1434,11.924575805664062,0.0083156037696402105,248.53376947185927,1
2026-08-16T15:13:36Z,NVIDIA H200 NVL,full,uniform_0_1,gemv,raw_fp64,64,11,52,fp64,natural,thread_packet,8,128,1,1,8,none,raw,natural/thread_packet/x8/raw,1024,1024,1024,8396800,8396800,0,1024,256,10,4,1434,11.927295684814453,0.0083175004775554069,248.53376947185927,1
2026-08-16T15:13:36Z,NVIDIA H200 NVL,full,uniform_0_1,gemv,raw_fp64,64,11,52,fp64,natural,thread_packet,8,128,1,1,8,none,raw,natural/thread_packet/x8/raw,4096,1024,1024,33587200,33587200,0,1024,256,10,0,612,13.816191673278809,0.022575476590324852,1019.6924867658464,1
2026-08-16T15:13:36Z,NVIDIA H200 NVL,full,uniform_0_1,gemv,raw_fp64,64,11,52,fp64,natural,thread_packet,8,128,1,1,8,none,raw,natural/thread_packet/x8/raw,4096,1024,1024,33587200,33587200,0,1024,256,10,1,612,13.821439743041992,0.022584051867715674,1019.6924867658464,1
2026-08-16T15:13:36Z,NVIDIA H200 NVL,full,uniform_0_1,gemv,raw_fp64,64,11,52,fp64,natural,thread_packet,8,128,1,1,8,none,raw,natural/thread_packet/x8/raw,4096,1024,1024,33587200,33587200,0,1024,256,10,2,612,13.822688102722168,0.022586091671114653,1019.6924867658464,1
2026-08-16T15:13:36Z,NVIDIA H200 NVL,full,uniform_0_1,gemv,raw_fp64,64,11,52,fp64,natural,thread_packet,8,128,1,1,8,none,raw,natural/thread_packet/x8/raw,4096,1024,1024,33587200,33587200,0,1024,256,10,3,612,13.822112083435059,0.022585150463129179,1019.6924867658464,1
2026-08-16T15:13:36Z,NVIDIA H200 NVL,full,uniform_0_1,gemv,raw_fp64,64,11,52,fp64,natural,thread_packet,8,128,1,1,8,none,raw,natural/thread_packet/x8/raw,4096,1024,1024,33587200,33587200,0,1024,256,10,4,612,13.823360443115234,0.022587190266528161,1019.6924867658464,1
2026-08-16T15:13:36Z,NVIDIA H200 NVL,full,uniform_0_1,gemv,raw_fp64,64,11,52,fp64,natural,thread_packet,8,128,1,1,8,none,raw,natural/thread_packet/x8/raw,16384,1024,1024,134348800,134348800,0,1024,256,10,0,184,14.713919639587402,0.079966954562975007,4110.2963092903155,1
2026-08-16T15:13:36Z,NVIDIA H200 NVL,full,uniform_0_1,gemv,raw_fp64,64,11,52,fp64,natural,thread_packet,8,128,1,1,8,none,raw,natural/thread_packet/x8/raw,16384,1024,1024,134348800,134348800,0,1024,256,10,1,184,14.712672233581543,0.079960175182508392,4110.2963092903155,1
2026-08-16T15:13:36Z,NVIDIA H200 NVL,full,uniform_0_1,gemv,raw_fp64,64,11,52,fp64,natural,thread_packet,8,128,1,1,8,none,raw,natural/thread_packet/x8/raw,16384,1024,1024,134348800,134348800,0,1024,256,10,2,184,14.705344200134277,0.07992034891377324,4110.2963092903155,1
2026-08-16T15:13:36Z,NVIDIA H200 NVL,full,uniform_0_1,gemv,raw_fp64,64,11,52,fp64,natural,thread_packet,8,128,1,1,8,none,raw,natural/thread_packet/x8/raw,16384,1024,1024,134348800,134348800,0,1024,256,10,3,184,14.662752151489258,0.079688870388528579,4110.2963092903155,1
2026-08-16T15:13:36Z,NVIDIA H200 NVL,full,uniform_0_1,gemv,raw_fp64,64,11,52,fp64,natural,thread_packet,8,128,1,1,8,none,raw,natural/thread_packet/x8/raw,16384,1024,1024,134348800,134348800,0,1024,256,10,4,184,14.660639762878418,0.07967739001564357,4110.2963092903155,1
2026-08-16T15:13:36Z,NVIDIA H200 NVL,full,uniform_0_1,gemv,raw_fp64,64,11,52,fp64,natural,thread_packet,8,128,1,1,8,none,raw,natural/thread_packet/x8/raw,65536,1024,1024,537395200,537395200,0,1024,256,10,0,50,15.041119575500488,0.30082239151000978,16361.329375903359,1
2026-08-16T15:13:36Z,NVIDIA H200 NVL,full,uniform_0_1,gemv,raw_fp64,64,11,52,fp64,natural,thread_packet,8,128,1,1,8,none,raw,natural/thread_packet/x8/raw,65536,1024,1024,537395200,537395200,0,1024,256,10,1,50,15.058688163757324,0.3011737632751465,16361.329375903359,1
2026-08-16T15:13:36Z,NVIDIA H200 NVL,full,uniform_0_1,gemv,raw_fp64,64,11,52,fp64,natural,thread_packet,8,128,1,1,8,none,raw,natural/thread_packet/x8/raw,65536,1024,1024,537395200,537395200,0,1024,256,10,2,50,15.044320106506348,0.30088640213012696,16361.329375903359,1
2026-08-16T15:13:36Z,NVIDIA H200 NVL,full,uniform_0_1,gemv,raw_fp64,64,11,52,fp64,natural,thread_packet,8,128,1,1,8,none,raw,natural/thread_packet/x8/raw,65536,1024,1024,537395200,537395200,0,1024,256,10,3,50,15.042783737182617,0.30085567474365232,16361.329375903359,1
2026-08-16T15:13:36Z,NVIDIA H200 NVL,full,uniform_0_1,gemv,raw_fp64,64,11,52,fp64,natural,thread_packet,8,128,1,1,8,none,raw,natural/thread_packet/x8/raw,65536,1024,1024,537395200,537395200,0,1024,256,10,4,50,15.097408294677734,0.30194816589355467,16361.329375903359,1
2026-08-16T15:13:36Z,NVIDIA H200 NVL,full,normal_0_1,dot,raw_fp32,32,8,23,fp32,natural,scalar,1,32,1,1,1,none,raw,natural/scalar/x1/raw,4096,0,1,32768,32768,0,16,256,10,0,1914,9.2294397354125977,0.004822068827279309,32.916206359863281,1
2026-08-16T15:13:36Z,NVIDIA H200 NVL,full,normal_0_1,dot,raw_fp32,32,8,23,fp32,natural,scalar,1,32,1,1,1,none,raw,natural/scalar/x1/raw,4096,0,1,32768,32768,0,16,256,10,1,1914,9.2357444763183594,0.0048253628402917239,32.916206359863281,1
2026-08-16T15:13:36Z,NVIDIA H200 NVL,full,normal_0_1,dot,raw_fp32,32,8,23,fp32,natural,scalar,1,32,1,1,1,none,raw,natural/scalar/x1/raw,4096,0,1,32768,32768,0,16,256,10,2,1914,9.2426881790161133,0.0048289906891411253,32.916206359863281,1
2026-08-16T15:13:36Z,NVIDIA H200 NVL,full,normal_0_1,dot,raw_fp32,32,8,23,fp32,natural,scalar,1,32,1,1,1,none,raw,natural/scalar/x1/raw,4096,0,1,32768,32768,0,16,256,10,3,1914,9.2447681427001953,0.0048300773995298826,32.916206359863281,1
2026-08-16T15:13:36Z,NVIDIA H200 NVL,full,normal_0_1,dot,raw_fp32,32,8,23,fp32,natural,scalar,1,32,1,1,1,none,raw,natural/scalar/x1/raw,4096,0,1,32768,32768,0,16,256,10,4,1914,9.2402238845825195,0.0048277031789877327,32.916206359863281,1
2026-08-16T15:13:36Z,NVIDIA H200 NVL,full,normal_0_1,dot,raw_fp32,32,8,23,fp32,natural,scalar,1,32,1,1,1,none,raw,natural/scalar/x1/raw,65536,0,1,524288,524288,0,256,256,10,0,2122,10.81049633026123,0.0050944846042701372,424.98861694335938,1
2026-08-16T15:13:36Z,NVIDIA H200 NVL,full,normal_0_1,dot,raw_fp32,32,8,23,fp32,natural,scalar,1,32,1,1,1,none,raw,natural/scalar/x1/raw,65536,0,1,524288,524288,0,256,256,10,1,2122,10.80720043182373,0.0050929314004824365,424.98861694335938,1
2026-08-16T15:13:36Z,NVIDIA H200 NVL,full,normal_0_1,dot,raw_fp32,32,8,23,fp32,natural,scalar,1,32,1,1,1,none,raw,natural/scalar/x1/raw,65536,0,1,524288,524288,0,256,256,10,2,2122,10.809344291687012,0.0050939417020202694,424.98861694335938,1
2026-08-16T15:13:36Z,NVIDIA H200 NVL,full,normal_0_1,dot,raw_fp32,32,8,23,fp32,natural,scalar,1,32,1,1,1,none,raw,natural/scalar/x1/raw,65536,0,1,524288,524288,0,256,256,10,3,2122,10.809663772583008,0.0050940922585216812,424.98861694335938,1
2026-08-16T15:13:36Z,NVIDIA H200 NVL,full,normal_0_1,dot,raw_fp32,32,8,23,fp32,natural,scalar,1,32,1,1,1,none,raw,natural/scalar/x1/raw,65536,0,1,524288,524288,0,256,256,10,4,2122,10.810688018798828,0.0050945749381709838,424.98861694335938,1
2026-08-16T15:13:36Z,NVIDIA H200 NVL,full,normal_0_1,dot,raw_fp32,32,8,23,fp32,natural,scalar,1,32,1,1,1,none,raw,natural/scalar/x1/raw,1048576,0,1,8388608,8388608,0,512,256,10,0,1651,11.64185619354248,0.0070513968464824229,-1214.739990234375,1
2026-08-16T15:13:36Z,NVIDIA H200 NVL,full,normal_0_1,dot,raw_fp32,32,8,23,fp32,natural,scalar,1,32,1,1,1,none,raw,natural/scalar/x1/raw,1048576,0,1,8388608,8388608,0,512,256,10,1,1651,11.647199630737305,0.0070546333317609358,-1214.739990234375,1
2026-08-16T15:13:36Z,NVIDIA H200 NVL,full,normal_0_1,dot,raw_fp32,32,8,23,fp32,natural,scalar,1,32,1,1,1,none,raw,natural/scalar/x1/raw,1048576,0,1,8388608,8388608,0,512,256,10,2,1651,11.647232055664062,0.0070546529713289294,-1214.739990234375,1
2026-08-16T15:13:36Z,NVIDIA H200 NVL,full,normal_0_1,dot,raw_fp32,32,8,23,fp32,natural,scalar,1,32,1,1,1,none,raw,natural/scalar/x1/raw,1048576,0,1,8388608,8388608,0,512,256,10,3,1651,11.648832321166992,0.0070556222417728605,-1214.739990234375,1
2026-08-16T15:13:36Z,NVIDIA H200 NVL,full,normal_0_1,dot,raw_fp32,32,8,23,fp32,natural,scalar,1,32,1,1,1,none,raw,natural/scalar/x1/raw,1048576,0,1,8388608,8388608,0,512,256,10,4,1651,11.648863792419434,0.0070556413037065014,-1214.739990234375,1
2026-08-16T15:13:36Z,NVIDIA H200 NVL,full,normal_0_1,dot,raw_fp32,32,8,23,fp32,natural,scalar,1,32,1,1,1,none,raw,natural/scalar/x1/raw,16777216,0,1,134217728,134217728,0,512,256,10,0,207,14.538847923278809,0.070235980305694723,-2896.154296875,1
2026-08-16T15:13:36Z,NVIDIA H200 NVL,full,normal_0_1,dot,raw_fp32,32,8,23,fp32,natural,scalar,1,32,1,1,1,none,raw,natural/scalar/x1/raw,16777216,0,1,134217728,134217728,0,512,256,10,1,207,14.541824340820312,0.070250359134397644,-2896.154296875,1
2026-08-16T15:13:36Z,NVIDIA H200 NVL,full,normal_0_1,dot,raw_fp32,32,8,23,fp32,natural,scalar,1,32,1,1,1,none,raw,natural/scalar/x1/raw,16777216,0,1,134217728,134217728,0,512,256,10,2,207,14.522975921630859,0.070159303969231201,-2896.154296875,1
2026-08-16T15:13:36Z,NVIDIA H200 NVL,full,normal_0_1,dot,raw_fp32,32,8,23,fp32,natural,scalar,1,32,1,1,1,none,raw,natural/scalar/x1/raw,16777216,0,1,134217728,134217728,0,512,256,10,3,207,14.51471996307373,0.070119420111467295,-2896.154296875,1
2026-08-16T15:13:36Z,NVIDIA H200 NVL,full,normal_0_1,dot,raw_fp32,32,8,23,fp32,natural,scalar,1,32,1,1,1,none,raw,natural/scalar/x1/raw,16777216,0,1,134217728,134217728,0,512,256,10,4,207,14.512031555175781,0.070106432633699423,-2896.154296875,1
2026-08-16T15:13:36Z,NVIDIA H200 NVL,full,normal_0_1,dot,raw_fp32,32,8,23,fp32,natural,scalar,1,32,1,1,1,none,raw,natural/scalar/x1/raw,134217728,0,1,1073741824,1073741824,0,512,256,10,0,30,15.115103721618652,0.50383679072062171,13110.0732421875,1
2026-08-16T15:13:36Z,NVIDIA H200 NVL,full,normal_0_1,dot,raw_fp32,32,8,23,fp32,natural,scalar,1,32,1,1,1,none,raw,natural/scalar/x1/raw,134217728,0,1,1073741824,1073741824,0,512,256,10,1,30,15.102592468261719,0.50341974894205732,13110.0732421875,1
2026-08-16T15:13:36Z,NVIDIA H200 NVL,full,normal_0_1,dot,raw_fp32,32,8,23,fp32,natural,scalar,1,32,1,1,1,none,raw,natural/scalar/x1/raw,134217728,0,1,1073741824,1073741824,0,512,256,10,2,30,15.118623733520508,0.50395412445068355,13110.0732421875,1
2026-08-16T15:13:36Z,NVIDIA H200 NVL,full,normal_0_1,dot,raw_fp32,32,8,23,fp32,natural,scalar,1,32,1,1,1,none,raw,natural/scalar/x1/raw,134217728,0,1,1073741824,1073741824,0,512,256,10,3,30,15.12230396270752,0.50407679875691735,13110.0732421875,1
2026-08-16T15:13:36Z,NVIDIA H200 NVL,full,normal_0_1,dot,raw_fp32,32,8,23,fp32,natural,scalar,1,32,1,1,1,none,raw,natural/scalar/x1/raw,134217728,0,1,1073741824,1073741824,0,512,256,10,4,30,15.12019157409668,0.50400638580322266,13110.0732421875,1
2026-08-16T15:13:36Z,NVIDIA H200 NVL,full,normal_0_1,gemv,raw_fp32,32,8,23,fp32,natural,scalar,1,32,1,1,1,none,raw,natural/scalar/x1/raw,256,1024,1024,1049600,1049600,0,1024,256,10,0,2562,9.3133764266967773,0.0036351976684999131,18.843532562255859,1
2026-08-16T15:13:36Z,NVIDIA H200 NVL,full,normal_0_1,gemv,raw_fp32,32,8,23,fp32,natural,scalar,1,32,1,1,1,none,raw,natural/scalar/x1/raw,256,1024,1024,1049600,1049600,0,1024,256,10,1,2562,9.3305282592773438,0.0036418923728639124,18.843532562255859,1
2026-08-16T15:13:36Z,NVIDIA H200 NVL,full,normal_0_1,gemv,raw_fp32,32,8,23,fp32,natural,scalar,1,32,1,1,1,none,raw,natural/scalar/x1/raw,256,1024,1024,1049600,1049600,0,1024,256,10,2,2562,9.3243198394775391,0.0036394691020599293,18.843532562255859,1
2026-08-16T15:13:36Z,NVIDIA H200 NVL,full,normal_0_1,gemv,raw_fp32,32,8,23,fp32,natural,scalar,1,32,1,1,1,none,raw,natural/scalar/x1/raw,256,1024,1024,1049600,1049600,0,1024,256,10,3,2562,9.330047607421875,0.0036417047648016686,18.843532562255859,1
2026-08-16T15:13:36Z,NVIDIA H200 NVL,full,normal_0_1,gemv,raw_fp32,32,8,23,fp32,natural,scalar,1,32,1,1,1,none,raw,natural/scalar/x1/raw,256,1024,1024,1049600,1049600,0,1024,256,10,4,2562,9.3218879699707031,0.0036385198946021478,18.843532562255859,1
2026-08-16T15:13:36Z,NVIDIA H200 NVL,full,normal_0_1,gemv,raw_fp32,32,8,23,fp32,natural,scalar,1,32,1,1,1,none,raw,natural/scalar/x1/raw,1024,1024,1024,4198400,4198400,0,1024,256,10,0,2298,10.10313606262207,0.0043964908888694827,17.024106979370117,1
2026-08-16T15:13:36Z,NVIDIA H200 NVL,full,normal_0_1,gemv,raw_fp32,32,8,23,fp32,natural,scalar,1,32,1,1,1,none,raw,natural/scalar/x1/raw,1024,1024,1024,4198400,4198400,0,1024,256,10,1,2298,10.088768005371094,0.0043902384705705368,17.024106979370117,1
2026-08-16T15:13:36Z,NVIDIA H200 NVL,full,normal_0_1,gemv,raw_fp32,32,8,23,fp32,natural,scalar,1,32,1,1,1,none,raw,natural/scalar/x1/raw,1024,1024,1024,4198400,4198400,0,1024,256,10,2,2298,10.078816413879395,0.0043859079259701457,17.024106979370117,1
2026-08-16T15:13:36Z,NVIDIA H200 NVL,full,normal_0_1,gemv,raw_fp32,32,8,23,fp32,natural,scalar,1,32,1,1,1,none,raw,natural/scalar/x1/raw,1024,1024,1024,4198400,4198400,0,1024,256,10,3,2298,10.084896087646484,0.0043885535629445104,17.024106979370117,1
2026-08-16T15:13:36Z,NVIDIA H200 NVL,full,normal_0_1,gemv,raw_fp32,32,8,23,fp32,natural,scalar,1,32,1,1,1,none,raw,natural/scalar/x1/raw,1024,1024,1024,4198400,4198400,0,1024,256,10,4,2298,10.086912155151367,0.0043894308769153031,17.024106979370117,1
2026-08-16T15:13:36Z,NVIDIA H200 NVL,full,normal_0_1,gemv,raw_fp32,32,8,23,fp32,natural,scalar,1,32,1,1,1,none,raw,natural/scalar/x1/raw,4096,1024,1024,16793600,16793600,0,1024,256,10,0,1651,11.695103645324707,0.0070836484829344074,32.916213989257812,1
2026-08-16T15:13:36Z,NVIDIA H200 NVL,full,normal_0_1,gemv,raw_fp32,32,8,23,fp32,natural,scalar,1,32,1,1,1,none,raw,natural/scalar/x1/raw,4096,1024,1024,16793600,16793600,0,1024,256,10,1,1651,11.683808326721191,0.0070768069816603222,32.916213989257812,1
2026-08-16T15:13:36Z,NVIDIA H200 NVL,full,normal_0_1,gemv,raw_fp32,32,8,23,fp32,natural,scalar,1,32,1,1,1,none,raw,natural/scalar/x1/raw,4096,1024,1024,16793600,16793600,0,1024,256,10,2,1651,11.68883228302002,0.00707984995943066,32.916213989257812,1
2026-08-16T15:13:36Z,NVIDIA H200 NVL,full,normal_0_1,gemv,raw_fp32,32,8,23,fp32,natural,scalar,1,32,1,1,1,none,raw,natural/scalar/x1/raw,4096,1024,1024,16793600,16793600,0,1024,256,10,3,1651,11.685983657836914,0.0070781245656189665,32.916213989257812,1
2026-08-16T15:13:36Z,NVIDIA H200 NVL,full,normal_0_1,gemv,raw_fp32,32,8,23,fp32,natural,scalar,1,32,1,1,1,none,raw,natural/scalar/x1/raw,4096,1024,1024,16793600,16793600,0,1024,256,10,4,1651,11.681056022644043,0.0070751399289182577,32.916213989257812,1
2026-08-16T15:13:36Z,NVIDIA H200 NVL,full,normal_0_1,gemv,raw_fp32,32,8,23,fp32,natural,scalar,1,32,1,1,1,none,raw,natural/scalar/x1/raw,16384,1024,1024,67174400,67174400,0,1024,256,10,0,404,13.748607635498047,0.034031207018559523,14.335777282714844,1
2026-08-16T15:13:36Z,NVIDIA H200 NVL,full,normal_0_1,gemv,raw_fp32,32,8,23,fp32,natural,scalar,1,32,1,1,1,none,raw,natural/scalar/x1/raw,16384,1024,1024,67174400,67174400,0,1024,256,10,1,404,13.739040374755859,0.03400752568008876,14.335777282714844,1
2026-08-16T15:13:36Z,NVIDIA H200 NVL,full,normal_0_1,gemv,raw_fp32,32,8,23,fp32,natural,scalar,1,32,1,1,1,none,raw,natural/scalar/x1/raw,16384,1024,1024,67174400,67174400,0,1024,256,10,2,404,13.739168167114258,0.03400784199780757,14.335777282714844,1
2026-08-16T15:13:36Z,NVIDIA H200 NVL,full,normal_0_1,gemv,raw_fp32,32,8,23,fp32,natural,scalar,1,32,1,1,1,none,raw,natural/scalar/x1/raw,16384,1024,1024,67174400,67174400,0,1024,256,10,3,404,13.735008239746094,0.033997545147886374,14.335777282714844,1
2026-08-16T15:13:36Z,NVIDIA H200 NVL,full,normal_0_1,gemv,raw_fp32,32,8,23,fp32,natural,scalar,1,32,1,1,1,none,raw,natural/scalar/x1/raw,16384,1024,1024,67174400,67174400,0,1024,256,10,4,404,13.734368324279785,0.033995961198712336,14.335777282714844,1
2026-08-16T15:13:36Z,NVIDIA H200 NVL,full,normal_0_1,gemv,raw_fp32,32,8,23,fp32,natural,scalar,1,32,1,1,1,none,raw,natural/scalar/x1/raw,65536,1024,1024,268697600,268697600,0,1024,256,10,0,122,14.788543701171875,0.12121757132108094,424.98876953125,1
2026-08-16T15:13:36Z,NVIDIA H200 NVL,full,normal_0_1,gemv,raw_fp32,32,8,23,fp32,natural,scalar,1,32,1,1,1,none,raw,natural/scalar/x1/raw,65536,1024,1024,268697600,268697600,0,1024,256,10,1,122,14.794655799865723,0.12126767049070264,424.98876953125,1
2026-08-16T15:13:36Z,NVIDIA H200 NVL,full,normal_0_1,gemv,raw_fp32,32,8,23,fp32,natural,scalar,1,32,1,1,1,none,raw,natural/scalar/x1/raw,65536,1024,1024,268697600,268697600,0,1024,256,10,2,122,14.80083179473877,0.12131829339949811,424.98876953125,1
2026-08-16T15:13:36Z,NVIDIA H200 NVL,full,normal_0_1,gemv,raw_fp32,32,8,23,fp32,natural,scalar,1,32,1,1,1,none,raw,natural/scalar/x1/raw,65536,1024,1024,268697600,268697600,0,1024,256,10,3,122,14.770079612731934,0.12106622633386831,424.98876953125,1
2026-08-16T15:13:36Z,NVIDIA H200 NVL,full,normal_0_1,gemv,raw_fp32,32,8,23,fp32,natural,scalar,1,32,1,1,1,none,raw,natural/scalar/x1/raw,65536,1024,1024,268697600,268697600,0,1024,256,10,4,122,14.768959999084473,0.12105704917282355,424.98876953125,1
2026-08-16T15:13:36Z,NVIDIA H200 NVL,full,normal_0_1,dot,raw_fp32,32,8,23,fp32,natural,thread_packet,2,64,1,1,2,none,raw,natural/thread_packet/x2/raw,4096,0,1,32768,32768,0,8,256,10,0,2222,10.648223876953125,0.0047921799626251685,32.916213989257812,1
2026-08-16T15:13:36Z,NVIDIA H200 NVL,full,normal_0_1,dot,raw_fp32,32,8,23,fp32,natural,thread_packet,2,64,1,1,2,none,raw,natural/thread_packet/x2/raw,4096,0,1,32768,32768,0,8,256,10,1,2222,10.622879981994629,0.0047807740693045133,32.916213989257812,1
2026-08-16T15:13:36Z,NVIDIA H200 NVL,full,normal_0_1,dot,raw_fp32,32,8,23,fp32,natural,thread_packet,2,64,1,1,2,none,raw,natural/thread_packet/x2/raw,4096,0,1,32768,32768,0,8,256,10,2,2222,10.635711669921875,0.0047865489063554792,32.916213989257812,1
2026-08-16T15:13:36Z,NVIDIA H200 NVL,full,normal_0_1,dot,raw_fp32,32,8,23,fp32,natural,thread_packet,2,64,1,1,2,none,raw,natural/thread_packet/x2/raw,4096,0,1,32768,32768,0,8,256,10,3,2222,10.64083194732666,0.0047888532616231598,32.916213989257812,1
2026-08-16T15:13:36Z,NVIDIA H200 NVL,full,normal_0_1,dot,raw_fp32,32,8,23,fp32,natural,thread_packet,2,64,1,1,2,none,raw,natural/thread_packet/x2/raw,4096,0,1,32768,32768,0,8,256,10,4,2222,10.63856029510498,0.0047878309158888299,32.916213989257812,1
2026-08-16T15:13:36Z,NVIDIA H200 NVL,full,normal_0_1,dot,raw_fp32,32,8,23,fp32,natural,thread_packet,2,64,1,1,2,none,raw,natural/thread_packet/x2/raw,65536,0,1,524288,524288,0,128,256,10,0,2131,10.590175628662109,0.0049695803043932939,424.98867797851562,1
2026-08-16T15:13:36Z,NVIDIA H200 NVL,full,normal_0_1,dot,raw_fp32,32,8,23,fp32,natural,thread_packet,2,64,1,1,2,none,raw,natural/thread_packet/x2/raw,65536,0,1,524288,524288,0,128,256,10,1,2131,10.593567848205566,0.0049711721483836537,424.98867797851562,1
2026-08-16T15:13:36Z,NVIDIA H200 NVL,full,normal_0_1,dot,raw_fp32,32,8,23,fp32,natural,thread_packet,2,64,1,1,2,none,raw,natural/thread_packet/x2/raw,65536,0,1,524288,524288,0,128,256,10,2,2131,10.590559959411621,0.0049697606566924549,424.98867797851562,1
2026-08-16T15:13:36Z,NVIDIA H200 NVL,full,normal_0_1,dot,raw_fp32,32,8,23,fp32,natural,thread_packet,2,64,1,1,2,none,raw,natural/thread_packet/x2/raw,65536,0,1,524288,524288,0,128,256,10,3,2131,10.592672348022461,0.0049707519230513661,424.98867797851562,1
2026-08-16T15:13:36Z,NVIDIA H200 NVL,full,normal_0_1,dot,raw_fp32,32,8,23,fp32,natural,thread_packet,2,64,1,1,2,none,raw,natural/thread_packet/x2/raw,65536,0,1,524288,524288,0,128,256,10,4,2131,10.588576316833496,0.004968829806116141,424.98867797851562,1
2026-08-16T15:13:36Z,NVIDIA H200 NVL,full,normal_0_1,dot,raw_fp32,32,8,23,fp32,natural,thread_packet,2,64,1,1,2,none,raw,natural/thread_packet/x2/raw,1048576,0,1,8388608,8388608,0,512,256,10,0,1737,11.458399772644043,0.006596660778724262,-1214.7396240234375,1
2026-08-16T15:13:36Z,NVIDIA H200 NVL,full,normal_0_1,dot,raw_fp32,32,8,23,fp32,natural,thread_packet,2,64,1,1,2,none,raw,natural/thread_packet/x2/raw,1048576,0,1,8388608,8388608,0,512,256,10,1,1737,11.462976455688477,0.0065992955991298081,-1214.7396240234375,1
2026-08-16T15:13:36Z,NVIDIA H200 NVL,full,normal_0_1,dot,raw_fp32,32,8,23,fp32,natural,thread_packet,2,64,1,1,2,none,raw,natural/thread_packet/x2/raw,1048576,0,1,8388608,8388608,0,512,256,10,2,1737,11.464735984802246,0.0066003085692586333,-1214.7396240234375,1
2026-08-16T15:13:36Z,NVIDIA H200 NVL,full,normal_0_1,dot,raw_fp32,32,8,23,fp32,natural,thread_packet,2,64,1,1,2,none,raw,natural/thread_packet/x2/raw,1048576,0,1,8388608,8388608,0,512,256,10,3,1737,11.465472221374512,0.0066007324245103693,-1214.7396240234375,1
2026-08-16T15:13:36Z,NVIDIA H200 NVL,full,normal_0_1,dot,raw_fp32,32,8,23,fp32,natural,thread_packet,2,64,1,1,2,none,raw,natural/thread_packet/x2/raw,1048576,0,1,8388608,8388608,0,512,256,10,4,1737,11.464223861694336,0.0066000137373024388,-1214.7396240234375,1
2026-08-16T15:13:36Z,NVIDIA H200 NVL,full,normal_0_1,dot,raw_fp32,32,8,23,fp32,natural,thread_packet,2,64,1,1,2,none,raw,natural/thread_packet/x2/raw,16777216,0,1,134217728,134217728,0,512,256,10,0,319,14.667903900146484,0.04598088996911124,-2896.156005859375,1
2026-08-16T15:13:36Z,NVIDIA H200 NVL,full,normal_0_1,dot,raw_fp32,32,8,23,fp32,natural,thread_packet,2,64,1,1,2,none,raw,natural/thread_packet/x2/raw,16777216,0,1,134217728,134217728,0,512,256,10,1,319,14.635680198669434,0.045879875230938665,-2896.156005859375,1
2026-08-16T15:13:36Z,NVIDIA H200 NVL,full,normal_0_1,dot,raw_fp32,32,8,23,fp32,natural,thread_packet,2,64,1,1,2,none,raw,natural/thread_packet/x2/raw,16777216,0,1,134217728,134217728,0,512,256,10,2,319,14.63811206817627,0.045887498646320593,-2896.156005859375,1
2026-08-16T15:13:36Z,NVIDIA H200 NVL,full,normal_0_1,dot,raw_fp32,32,8,23,fp32,natural,thread_packet,2,64,1,1,2,none,raw,natural/thread_packet/x2/raw,16777216,0,1,134217728,134217728,0,512,256,10,3,319,14.636960029602051,0.045883887240131822,-2896.156005859375,1
2026-08-16T15:13:36Z,NVIDIA H200 NVL,full,normal_0_1,dot,raw_fp32,32,8,23,fp32,natural,thread_packet,2,64,1,1,2,none,raw,natural/thread_packet/x2/raw,16777216,0,1,134217728,134217728,0,512,256,10,4,319,14.633567810058594,0.045873253323067693,-2896.156005859375,1
2026-08-16T15:13:36Z,NVIDIA H200 NVL,full,normal_0_1,dot,raw_fp32,32,8,23,fp32,natural,thread_packet,2,64,1,1,2,none,raw,natural/thread_packet/x2/raw,134217728,0,1,1073741824,1073741824,0,512,256,10,0,49,15.041440010070801,0.30696816347083267,13110.080078125,1
2026-08-16T15:13:36Z,NVIDIA H200 NVL,full,normal_0_1,dot,raw_fp32,32,8,23,fp32,natural,thread_packet,2,64,1,1,2,none,raw,natural/thread_packet/x2/raw,134217728,0,1,1073741824,1073741824,0,512,256,10,1,49,15.034272193908691,0.30682188150834067,13110.080078125,1
2026-08-16T15:13:36Z,NVIDIA H200 NVL,full,normal_0_1,dot,raw_fp32,32,8,23,fp32,natural,thread_packet,2,64,1,1,2,none,raw,natural/thread_packet/x2/raw,134217728,0,1,1073741824,1073741824,0,512,256,10,2,49,15.026495933532715,0.30666318231699419,13110.080078125,1
2026-08-16T15:13:36Z,NVIDIA H200 NVL,full,normal_0_1,dot,raw_fp32,32,8,23,fp32,natural,thread_packet,2,64,1,1,2,none,raw,natural/thread_packet/x2/raw,134217728,0,1,1073741824,1073741824,0,512,256,10,3,49,15.031680107116699,0.3067689817778918,13110.080078125,1
2026-08-16T15:13:36Z,NVIDIA H200 NVL,full,normal_0_1,dot,raw_fp32,32,8,23,fp32,natural,thread_packet,2,64,1,1,2,none,raw,natural/thread_packet/x2/raw,134217728,0,1,1073741824,1073741824,0,512,256,10,4,49,15.033151626586914,0.30679901278748806,13110.080078125,1
2026-08-16T15:13:36Z,NVIDIA H200 NVL,full,normal_0_1,gemv,raw_fp32,32,8,23,fp32,natural,thread_packet,2,64,1,1,2,none,raw,natural/thread_packet/x2/raw,256,1024,1024,1049600,1049600,0,1024,256,10,0,2590,9.3876800537109375,0.0036245868933246863,18.843532562255859,1
2026-08-16T15:13:36Z,NVIDIA H200 NVL,full,normal_0_1,gemv,raw_fp32,32,8,23,fp32,natural,thread_packet,2,64,1,1,2,none,raw,natural/thread_packet/x2/raw,256,1024,1024,1049600,1049600,0,1024,256,10,1,2590,9.3930883407592773,0.003626675035042192,18.843532562255859,1
2026-08-16T15:13:36Z,NVIDIA H200 NVL,full,normal_0_1,gemv,raw_fp32,32,8,23,fp32,natural,thread_packet,2,64,1,1,2,none,raw,natural/thread_packet/x2/raw,256,1024,1024,1049600,1049600,0,1024,256,10,2,2590,9.3918399810791016,0.0036261930428876841,18.843532562255859,1
2026-08-16T15:13:36Z,NVIDIA H200 NVL,full,normal_0_1,gemv,raw_fp32,32,8,23,fp32,natural,thread_packet,2,64,1,1,2,none,raw,natural/thread_packet/x2/raw,256,1024,1024,1049600,1049600,0,1024,256,10,3,2590,9.3916158676147461,0.0036261065125925661,18.843532562255859,1
2026-08-16T15:13:36Z,NVIDIA H200 NVL,full,normal_0_1,gemv,raw_fp32,32,8,23,fp32,natural,thread_packet,2,64,1,1,2,none,raw,natural/thread_packet/x2/raw,256,1024,1024,1049600,1049600,0,1024,256,10,4,2590,9.3939199447631836,0.0036269961176691829,18.843532562255859,1
2026-08-16T15:13:36Z,NVIDIA H200 NVL,full,normal_0_1,gemv,raw_fp32,32,8,23,fp32,natural,thread_packet,2,64,1,1,2,none,raw,natural/thread_packet/x2/raw,1024,1024,1024,4198400,4198400,0,1024,256,10,0,2333,9.8246402740478516,0.0042111617119793623,17.024105072021484,1
2026-08-16T15:13:36Z,NVIDIA H200 NVL,full,normal_0_1,gemv,raw_fp32,32,8,23,fp32,natural,thread_packet,2,64,1,1,2,none,raw,natural/thread_packet/x2/raw,1024,1024,1024,4198400,4198400,0,1024,256,10,1,2333,9.8336000442504883,0.0042150021621305137,17.024105072021484,1
2026-08-16T15:13:36Z,NVIDIA H200 NVL,full,normal_0_1,gemv,raw_fp32,32,8,23,fp32,natural,thread_packet,2,64,1,1,2,none,raw,natural/thread_packet/x2/raw,1024,1024,1024,4198400,4198400,0,1024,256,10,2,2333,9.8371200561523438,0.0042165109542016046,17.024105072021484,1
2026-08-16T15:13:36Z,NVIDIA H200 NVL,full,normal_0_1,gemv,raw_fp32,32,8,23,fp32,natural,thread_packet,2,64,1,1,2,none,raw,natural/thread_packet/x2/raw,1024,1024,1024,4198400,4198400,0,1024,256,10,3,2333,9.8446083068847656,0.0042197206630453345,17.024105072021484,1
2026-08-16T15:13:36Z,NVIDIA H200 NVL,full,normal_0_1,gemv,raw_fp32,32,8,23,fp32,natural,thread_packet,2,64,1,1,2,none,raw,natural/thread_packet/x2/raw,1024,1024,1024,4198400,4198400,0,1024,256,10,4,2333,9.8557443618774414,0.0042244939399388951,17.024105072021484,1
2026-08-16T15:13:36Z,NVIDIA H200 NVL,full,normal_0_1,gemv,raw_fp32,32,8,23,fp32,natural,thread_packet,2,64,1,1,2,none,raw,natural/thread_packet/x2/raw,4096,1024,1024,16793600,16793600,0,1024,256,10,0,1790,11.303839683532715,0.0063149942366104552,32.916217803955078,1
2026-08-16T15:13:36Z,NVIDIA H200 NVL,full,normal_0_1,gemv,raw_fp32,32,8,23,fp32,natural,thread_packet,2,64,1,1,2,none,raw,natural/thread_packet/x2/raw,4096,1024,1024,16793600,16793600,0,1024,256,10,1,1790,11.306528091430664,0.0063164961404640584,32.916217803955078,1
2026-08-16T15:13:36Z,NVIDIA H200 NVL,full,normal_0_1,gemv,raw_fp32,32,8,23,fp32,natural,thread_packet,2,64,1,1,2,none,raw,natural/thread_packet/x2/raw,4096,1024,1024,16793600,16793600,0,1024,256,10,2,1790,11.28825569152832,0.0063062880958258769,32.916217803955078,1
2026-08-16T15:13:36Z,NVIDIA H200 NVL,full,normal_0_1,gemv,raw_fp32,32,8,23,fp32,natural,thread_packet,2,64,1,1,2,none,raw,natural/thread_packet/x2/raw,4096,1024,1024,16793600,16793600,0,1024,256,10,3,1790,11.296064376831055,0.0063106504898497512,32.916217803955078,1
2026-08-16T15:13:36Z,NVIDIA H200 NVL,full,normal_0_1,gemv,raw_fp32,32,8,23,fp32,natural,thread_packet,2,64,1,1,2,none,raw,natural/thread_packet/x2/raw,4096,1024,1024,16793600,16793600,0,1024,256,10,4,1790,11.343423843383789,0.0063371082923931784,32.916217803955078,1
2026-08-16T15:13:36Z,NVIDIA H200 NVL,full,normal_0_1,gemv,raw_fp32,32,8,23,fp32,natural,thread_packet,2,64,1,1,2,none,raw,natural/thread_packet/x2/raw,16384,1024,1024,67174400,67174400,0,1024,256,10,0,616,14.540608406066895,0.023604883776082622,14.335807800292969,1
2026-08-16T15:13:36Z,NVIDIA H200 NVL,full,normal_0_1,gemv,raw_fp32,32,8,23,fp32,natural,thread_packet,2,64,1,1,2,none,raw,natural/thread_packet/x2/raw,16384,1024,1024,67174400,67174400,0,1024,256,10,1,616,14.518688201904297,0.023569299029065419,14.335807800292969,1
2026-08-16T15:13:36Z,NVIDIA H200 NVL,full,normal_0_1,gemv,raw_fp32,32,8,23,fp32,natural,thread_packet,2,64,1,1,2,none,raw,natural/thread_packet/x2/raw,16384,1024,1024,67174400,67174400,0,1024,256,10,2,616,14.522175788879395,0.023574960696232782,14.335807800292969,1
2026-08-16T15:13:36Z,NVIDIA H200 NVL,full,normal_0_1,gemv,raw_fp32,32,8,23,fp32,natural,thread_packet,2,64,1,1,2,none,raw,natural/thread_packet/x2/raw,16384,1024,1024,67174400,67174400,0,1024,256,10,3,616,14.518367767333984,0.02356877884307465,14.335807800292969,1
2026-08-16T15:13:36Z,NVIDIA H200 NVL,full,normal_0_1,gemv,raw_fp32,32,8,23,fp32,natural,thread_packet,2,64,1,1,2,none,raw,natural/thread_packet/x2/raw,16384,1024,1024,67174400,67174400,0,1024,256,10,4,616,14.522303581237793,0.023575168151360053,14.335807800292969,1
2026-08-16T15:13:36Z,NVIDIA H200 NVL,full,normal_0_1,gemv,raw_fp32,32,8,23,fp32,natural,thread_packet,2,64,1,1,2,none,raw,natural/thread_packet/x2/raw,65536,1024,1024,268697600,268697600,0,1024,256,10,0,186,15.013888359069824,0.080719829887472172,424.98867797851562,1
2026-08-16T15:13:36Z,NVIDIA H200 NVL,full,normal_0_1,gemv,raw_fp32,32,8,23,fp32,natural,thread_packet,2,64,1,1,2,none,raw,natural/thread_packet/x2/raw,65536,1024,1024,268697600,268697600,0,1024,256,10,1,186,15.014495849609375,0.080723095965641797,424.98867797851562,1
2026-08-16T15:13:36Z,NVIDIA H200 NVL,full,normal_0_1,gemv,raw_fp32,32,8,23,fp32,natural,thread_packet,2,64,1,1,2,none,raw,natural/thread_packet/x2/raw,65536,1024,1024,268697600,268697600,0,1024,256,10,2,186,15.01471996307373,0.080724300876740485,424.98867797851562,1
2026-08-16T15:13:36Z,NVIDIA H200 NVL,full,normal_0_1,gemv,raw_fp32,32,8,23,fp32,natural,thread_packet,2,64,1,1,2,none,raw,natural/thread_packet/x2/raw,65536,1024,1024,268697600,268697600,0,1024,256,10,3,186,15.017120361328125,0.080737206243699594,424.98867797851562,1
2026-08-16T15:13:36Z,NVIDIA H200 NVL,full,normal_0_1,gemv,raw_fp32,32,8,23,fp32,natural,thread_packet,2,64,1,1,2,none,raw,natural/thread_packet/x2/raw,65536,1024,1024,268697600,268697600,0,1024,256,10,4,186,15.027647972106934,0.080793806301650187,424.98867797851562,1
2026-08-16T15:13:36Z,NVIDIA H200 NVL,full,normal_0_1,dot,raw_fp32,32,8,23,fp32,natural,thread_packet,4,128,1,1,4,none,raw,natural/thread_packet/x4/raw,4096,0,1,32768,32768,0,4,256,10,0,2151,10.682175636291504,0.0049661439499263148,32.916213989257812,1
2026-08-16T15:13:36Z,NVIDIA H200 NVL,full,normal_0_1,dot,raw_fp32,32,8,23,fp32,natural,thread_packet,4,128,1,1,4,none,raw,natural/thread_packet/x4/raw,4096,0,1,32768,32768,0,4,256,10,1,2151,10.719136238098145,0.0049833269354245206,32.916213989257812,1
2026-08-16T15:13:36Z,NVIDIA H200 NVL,full,normal_0_1,dot,raw_fp32,32,8,23,fp32,natural,thread_packet,4,128,1,1,4,none,raw,natural/thread_packet/x4/raw,4096,0,1,32768,32768,0,4,256,10,2,2151,10.722432136535645,0.0049848591987613411,32.916213989257812,1
2026-08-16T15:13:36Z,NVIDIA H200 NVL,full,normal_0_1,dot,raw_fp32,32,8,23,fp32,natural,thread_packet,4,128,1,1,4,none,raw,natural/thread_packet/x4/raw,4096,0,1,32768,32768,0,4,256,10,3,2151,10.719167709350586,0.0049833415664112439,32.916213989257812,1
2026-08-16T15:13:36Z,NVIDIA H200 NVL,full,normal_0_1,dot,raw_fp32,32,8,23,fp32,natural,thread_packet,4,128,1,1,4,none,raw,natural/thread_packet/x4/raw,4096,0,1,32768,32768,0,4,256,10,4,2151,10.707424163818359,0.0049778819915473546,32.916213989257812,1
2026-08-16T15:13:36Z,NVIDIA H200 NVL,full,normal_0_1,dot,raw_fp32,32,8,23,fp32,natural,thread_packet,4,128,1,1,4,none,raw,natural/thread_packet/x4/raw,65536,0,1,524288,524288,0,64,256,10,0,2039,10.624575614929199,0.0052106795561202551,424.9886474609375,1
2026-08-16T15:13:36Z,NVIDIA H200 NVL,full,normal_0_1,dot,raw_fp32,32,8,23,fp32,natural,thread_packet,4,128,1,1,4,none,raw,natural/thread_packet/x4/raw,65536,0,1,524288,524288,0,64,256,10,1,2039,10.621376037597656,0.0052091103666491697,424.9886474609375,1
2026-08-16T15:13:36Z,NVIDIA H200 NVL,full,normal_0_1,dot,raw_fp32,32,8,23,fp32,natural,thread_packet,4,128,1,1,4,none,raw,natural/thread_packet/x4/raw,65536,0,1,524288,524288,0,64,256,10,2,2039,10.623071670532227,0.0052099419669113418,424.9886474609375,1
2026-08-16T15:13:36Z,NVIDIA H200 NVL,full,normal_0_1,dot,raw_fp32,32,8,23,fp32,natural,thread_packet,4,128,1,1,4,none,raw,natural/thread_packet/x4/raw,65536,0,1,524288,524288,0,64,256,10,3,2039,10.623200416564941,0.0052100051086635315,424.9886474609375,1
2026-08-16T15:13:36Z,NVIDIA H200 NVL,full,normal_0_1,dot,raw_fp32,32,8,23,fp32,natural,thread_packet,4,128,1,1,4,none,raw,natural/thread_packet/x4/raw,65536,0,1,524288,524288,0,64,256,10,4,2039,10.624256134033203,0.0052105228710314878,424.9886474609375,1
2026-08-16T15:13:36Z,NVIDIA H200 NVL,full,normal_0_1,dot,raw_fp32,32,8,23,fp32,natural,thread_packet,4,128,1,1,4,none,raw,natural/thread_packet/x4/raw,1048576,0,1,8388608,8388608,0,512,256,10,0,1622,11.243840217590332,0.006932083981251746,-1214.73974609375,1
2026-08-16T15:13:36Z,NVIDIA H200 NVL,full,normal_0_1,dot,raw_fp32,32,8,23,fp32,natural,thread_packet,4,128,1,1,4,none,raw,natural/thread_packet/x4/raw,1048576,0,1,8388608,8388608,0,512,256,10,1,1622,11.245183944702148,0.0069329124196684019,-1214.73974609375,1
2026-08-16T15:13:36Z,NVIDIA H200 NVL,full,normal_0_1,dot,raw_fp32,32,8,23,fp32,natural,thread_packet,4,128,1,1,4,none,raw,natural/thread_packet/x4/raw,1048576,0,1,8388608,8388608,0,512,256,10,2,1622,11.252287864685059,0.0069372921483878292,-1214.73974609375,1
2026-08-16T15:13:36Z,NVIDIA H200 NVL,full,normal_0_1,dot,raw_fp32,32,8,23,fp32,natural,thread_packet,4,128,1,1,4,none,raw,natural/thread_packet/x4/raw,1048576,0,1,8388608,8388608,0,512,256,10,3,1622,11.239935874938965,0.0069296768649438744,-1214.73974609375,1
2026-08-16T15:13:36Z,NVIDIA H200 NVL,full,normal_0_1,dot,raw_fp32,32,8,23,fp32,natural,thread_packet,4,128,1,1,4,none,raw,natural/thread_packet/x4/raw,1048576,0,1,8388608,8388608,0,512,256,10,4,1622,11.233856201171875,0.0069259286073809342,-1214.73974609375,1
2026-08-16T15:13:36Z,NVIDIA H200 NVL,full,normal_0_1,dot,raw_fp32,32,8,23,fp32,natural,thread_packet,4,128,1,1,4,none,raw,natural/thread_packet/x4/raw,16777216,0,1,134217728,134217728,0,512,256,10,0,379,14.727071762084961,0.038857709134788816,-2896.15576171875,1
2026-08-16T15:13:36Z,NVIDIA H200 NVL,full,normal_0_1,dot,raw_fp32,32,8,23,fp32,natural,thread_packet,4,128,1,1,4,none,raw,natural/thread_packet/x4/raw,16777216,0,1,134217728,134217728,0,512,256,10,1,379,14.698559761047363,0.038782479580599903,-2896.15576171875,1
2026-08-16T15:13:36Z,NVIDIA H200 NVL,full,normal_0_1,dot,raw_fp32,32,8,23,fp32,natural,thread_packet,4,128,1,1,4,none,raw,natural/thread_packet/x4/raw,16777216,0,1,134217728,134217728,0,512,256,10,2,379,14.701312065124512,0.038789741596634598,-2896.15576171875,1
2026-08-16T15:13:36Z,NVIDIA H200 NVL,full,normal_0_1,dot,raw_fp32,32,8,23,fp32,natural,thread_packet,4,128,1,1,4,none,raw,natural/thread_packet/x4/raw,16777216,0,1,134217728,134217728,0,512,256,10,3,379,14.686559677124023,0.038750817090036999,-2896.15576171875,1
2026-08-16T15:13:36Z,NVIDIA H200 NVL,full,normal_0_1,dot,raw_fp32,32,8,23,fp32,natural,thread_packet,4,128,1,1,4,none,raw,natural/thread_packet/x4/raw,16777216,0,1,134217728,134217728,0,512,256,10,4,379,14.684479713439941,0.038745329059208286,-2896.15576171875,1
2026-08-16T15:13:36Z,NVIDIA H200 NVL,full,normal_0_1,dot,raw_fp32,32,8,23,fp32,natural,thread_packet,4,128,1,1,4,none,raw,natural/thread_packet/x4/raw,134217728,0,1,1073741824,1073741824,0,512,256,10,0,59,14.933504104614258,0.25311023906125862,13110.076171875,1
2026-08-16T15:13:36Z,NVIDIA H200 NVL,full,normal_0_1,dot,raw_fp32,32,8,23,fp32,natural,thread_packet,4,128,1,1,4,none,raw,natural/thread_packet/x4/raw,134217728,0,1,1073741824,1073741824,0,512,256,10,1,59,14.935775756835938,0.25314874164128709,13110.076171875,1
2026-08-16T15:13:36Z,NVIDIA H200 NVL,full,normal_0_1,dot,raw_fp32,32,8,23,fp32,natural,thread_packet,4,128,1,1,4,none,raw,natural/thread_packet/x4/raw,134217728,0,1,1073741824,1073741824,0,512,256,10,2,59,14.941791534423828,0.2532507039732852,13110.076171875,1
2026-08-16T15:13:36Z,NVIDIA H200 NVL,full,normal_0_1,dot,raw_fp32,32,8,23,fp32,natural,thread_packet,4,128,1,1,4,none,raw,natural/thread_packet/x4/raw,134217728,0,1,1073741824,1073741824,0,512,256,10,3,59,14.948448181152344,0.25336352849410754,13110.076171875,1
2026-08-16T15:13:36Z,NVIDIA H200 NVL,full,normal_0_1,dot,raw_fp32,32,8,23,fp32,natural,thread_packet,4,128,1,1,4,none,raw,natural/thread_packet/x4/raw,134217728,0,1,1073741824,1073741824,0,512,256,10,4,59,14.932928085327148,0.25310047602249403,13110.076171875,1
2026-08-16T15:13:36Z,NVIDIA H200 NVL,full,normal_0_1,gemv,raw_fp32,32,8,23,fp32,natural,thread_packet,4,128,1,1,4,none,raw,natural/thread_packet/x4/raw,256,1024,1024,1049600,1049600,0,1024,256,10,0,2605,10.044063568115234,0.003855686590447307,18.843528747558594,1
2026-08-16T15:13:36Z,NVIDIA H200 NVL,full,normal_0_1,gemv,raw_fp32,32,8,23,fp32,natural,thread_packet,4,128,1,1,4,none,raw,natural/thread_packet/x4/raw,256,1024,1024,1049600,1049600,0,1024,256,10,1,2605,10.059840202331543,0.0038617428799737211,18.843528747558594,1
2026-08-16T15:13:36Z,NVIDIA H200 NVL,full,normal_0_1,gemv,raw_fp32,32,8,23,fp32,natural,thread_packet,4,128,1,1,4,none,raw,natural/thread_packet/x4/raw,256,1024,1024,1049600,1049600,0,1024,256,10,2,2605,10.05731201171875,0.0038607723653430901,18.843528747558594,1
2026-08-16T15:13:36Z,NVIDIA H200 NVL,full,normal_0_1,gemv,raw_fp32,32,8,23,fp32,natural,thread_packet,4,128,1,1,4,none,raw,natural/thread_packet/x4/raw,256,1024,1024,1049600,1049600,0,1024,256,10,3,2605,10.055264472961426,0.0038599863619813535,18.843528747558594,1
2026-08-16T15:13:36Z,NVIDIA H200 NVL,full,normal_0_1,gemv,raw_fp32,32,8,23,fp32,natural,thread_packet,4,128,1,1,4,none,raw,natural/thread_packet/x4/raw,256,1024,1024,1049600,1049600,0,1024,256,10,4,2605,10.059136390686035,0.0038614727027585548,18.843528747558594,1
2026-08-16T15:13:36Z,NVIDIA H200 NVL,full,normal_0_1,gemv,raw_fp32,32,8,23,fp32,natural,thread_packet,4,128,1,1,4,none,raw,natural/thread_packet/x4/raw,1024,1024,1024,4198400,4198400,0,1024,256,10,0,2212,10.642047882080078,0.0048110523879204697,17.024105072021484,1
2026-08-16T15:13:36Z,NVIDIA H200 NVL,full,normal_0_1,gemv,raw_fp32,32,8,23,fp32,natural,thread_packet,4,128,1,1,4,none,raw,natural/thread_packet/x4/raw,1024,1024,1024,4198400,4198400,0,1024,256,10,1,2212,10.646976470947266,0.0048132805022365575,17.024105072021484,1
2026-08-16T15:13:36Z,NVIDIA H200 NVL,full,normal_0_1,gemv,raw_fp32,32,8,23,fp32,natural,thread_packet,4,128,1,1,4,none,raw,natural/thread_packet/x4/raw,1024,1024,1024,4198400,4198400,0,1024,256,10,2,2212,10.639360427856445,0.0048098374447813948,17.024105072021484,1
2026-08-16T15:13:36Z,NVIDIA H200 NVL,full,normal_0_1,gemv,raw_fp32,32,8,23,fp32,natural,thread_packet,4,128,1,1,4,none,raw,natural/thread_packet/x4/raw,1024,1024,1024,4198400,4198400,0,1024,256,10,3,2212,10.618592262268066,0.0048004485814955094,17.024105072021484,1
2026-08-16T15:13:36Z,NVIDIA H200 NVL,full,normal_0_1,gemv,raw_fp32,32,8,23,fp32,natural,thread_packet,4,128,1,1,4,none,raw,natural/thread_packet/x4/raw,1024,1024,1024,4198400,4198400,0,1024,256,10,4,2212,10.652064323425293,0.0048155806163767152,17.024105072021484,1
2026-08-16T15:13:36Z,NVIDIA H200 NVL,full,normal_0_1,gemv,raw_fp32,32,8,23,fp32,natural,thread_packet,4,128,1,1,4,none,raw,natural/thread_packet/x4/raw,4096,1024,1024,16793600,16793600,0,1024,256,10,0,1470,12.109824180603027,0.0082379756330632839,32.916213989257812,1
2026-08-16T15:13:36Z,NVIDIA H200 NVL,full,normal_0_1,gemv,raw_fp32,32,8,23,fp32,natural,thread_packet,4,128,1,1,4,none,raw,natural/thread_packet/x4/raw,4096,1024,1024,16793600,16793600,0,1024,256,10,1,1470,12.11030387878418,0.008238301958356585,32.916213989257812,1
2026-08-16T15:13:36Z,NVIDIA H200 NVL,full,normal_0_1,gemv,raw_fp32,32,8,23,fp32,natural,thread_packet,4,128,1,1,4,none,raw,natural/thread_packet/x4/raw,4096,1024,1024,16793600,16793600,0,1024,256,10,2,1470,12.151424407958984,0.0082662751074550917,32.916213989257812,1
2026-08-16T15:13:36Z,NVIDIA H200 NVL,full,normal_0_1,gemv,raw_fp32,32,8,23,fp32,natural,thread_packet,4,128,1,1,4,none,raw,natural/thread_packet/x4/raw,4096,1024,1024,16793600,16793600,0,1024,256,10,3,1470,12.130399703979492,0.0082519725877411507,32.916213989257812,1
2026-08-16T15:13:36Z,NVIDIA H200 NVL,full,normal_0_1,gemv,raw_fp32,32,8,23,fp32,natural,thread_packet,4,128,1,1,4,none,raw,natural/thread_packet/x4/raw,4096,1024,1024,16793600,16793600,0,1024,256,10,4,1470,12.126079559326172,0.0082490337138273282,32.916213989257812,1
2026-08-16T15:13:36Z,NVIDIA H200 NVL,full,normal_0_1,gemv,raw_fp32,32,8,23,fp32,natural,thread_packet,4,128,1,1,4,none,raw,natural/thread_packet/x4/raw,16384,1024,1024,67174400,67174400,0,1024,256,10,0,602,14.079423904418945,0.023387747349533132,14.335830688476562,1
2026-08-16T15:13:36Z,NVIDIA H200 NVL,full,normal_0_1,gemv,raw_fp32,32,8,23,fp32,natural,thread_packet,4,128,1,1,4,none,raw,natural/thread_packet/x4/raw,16384,1024,1024,67174400,67174400,0,1024,256,10,1,602,14.067999839782715,0.02336877049797793,14.335830688476562,1
2026-08-16T15:13:36Z,NVIDIA H200 NVL,full,normal_0_1,gemv,raw_fp32,32,8,23,fp32,natural,thread_packet,4,128,1,1,4,none,raw,natural/thread_packet/x4/raw,16384,1024,1024,67174400,67174400,0,1024,256,10,2,602,14.055808067321777,0.023348518384255446,14.335830688476562,1
2026-08-16T15:13:36Z,NVIDIA H200 NVL,full,normal_0_1,gemv,raw_fp32,32,8,23,fp32,natural,thread_packet,4,128,1,1,4,none,raw,natural/thread_packet/x4/raw,16384,1024,1024,67174400,67174400,0,1024,256,10,3,602,14.057855606079102,0.023351919611427078,14.335830688476562,1
2026-08-16T15:13:36Z,NVIDIA H200 NVL,full,normal_0_1,gemv,raw_fp32,32,8,23,fp32,natural,thread_packet,4,128,1,1,4,none,raw,natural/thread_packet/x4/raw,16384,1024,1024,67174400,67174400,0,1024,256,10,4,602,14.051168441772461,0.023340811365070532,14.335830688476562,1
2026-08-16T15:13:36Z,NVIDIA H200 NVL,full,normal_0_1,gemv,raw_fp32,32,8,23,fp32,natural,thread_packet,4,128,1,1,4,none,raw,natural/thread_packet/x4/raw,65536,1024,1024,268697600,268697600,0,1024,256,10,0,183,14.532768249511719,0.079414034150337265,424.9886474609375,1
2026-08-16T15:13:36Z,NVIDIA H200 NVL,full,normal_0_1,gemv,raw_fp32,32,8,23,fp32,natural,thread_packet,4,128,1,1,4,none,raw,natural/thread_packet/x4/raw,65536,1024,1024,268697600,268697600,0,1024,256,10,1,183,14.525279998779297,0.07937311474742785,424.9886474609375,1
2026-08-16T15:13:36Z,NVIDIA H200 NVL,full,normal_0_1,gemv,raw_fp32,32,8,23,fp32,natural,thread_packet,4,128,1,1,4,none,raw,natural/thread_packet/x4/raw,65536,1024,1024,268697600,268697600,0,1024,256,10,2,183,14.529952049255371,0.079398645077898206,424.9886474609375,1
2026-08-16T15:13:36Z,NVIDIA H200 NVL,full,normal_0_1,gemv,raw_fp32,32,8,23,fp32,natural,thread_packet,4,128,1,1,4,none,raw,natural/thread_packet/x4/raw,65536,1024,1024,268697600,268697600,0,1024,256,10,3,183,14.526752471923828,0.079381161048764082,424.9886474609375,1
2026-08-16T15:13:36Z,NVIDIA H200 NVL,full,normal_0_1,gemv,raw_fp32,32,8,23,fp32,natural,thread_packet,4,128,1,1,4,none,raw,natural/thread_packet/x4/raw,65536,1024,1024,268697600,268697600,0,1024,256,10,4,183,14.524288177490234,0.079367694958963023,424.9886474609375,1
2026-08-16T15:13:36Z,NVIDIA H200 NVL,full,normal_0_1,dot,raw_fp32,32,8,23,fp32,natural,thread_packet,8,128,1,1,8,none,raw,natural/thread_packet/x8/raw,4096,0,1,32768,32768,0,2,256,10,0,2012,10.861184120178223,0.0053982028430309258,32.916206359863281,1
2026-08-16T15:13:36Z,NVIDIA H200 NVL,full,normal_0_1,dot,raw_fp32,32,8,23,fp32,natural,thread_packet,8,128,1,1,8,none,raw,natural/thread_packet/x8/raw,4096,0,1,32768,32768,0,2,256,10,1,2012,10.878496170043945,0.0054068072415725376,32.916206359863281,1
2026-08-16T15:13:36Z,NVIDIA H200 NVL,full,normal_0_1,dot,raw_fp32,32,8,23,fp32,natural,thread_packet,8,128,1,1,8,none,raw,natural/thread_packet/x8/raw,4096,0,1,32768,32768,0,2,256,10,2,2012,10.908576011657715,0.0054217574610624826,32.916206359863281,1
2026-08-16T15:13:36Z,NVIDIA H200 NVL,full,normal_0_1,dot,raw_fp32,32,8,23,fp32,natural,thread_packet,8,128,1,1,8,none,raw,natural/thread_packet/x8/raw,4096,0,1,32768,32768,0,2,256,10,3,2012,10.898752212524414,0.0054168748571194903,32.916206359863281,1
2026-08-16T15:13:36Z,NVIDIA H200 NVL,full,normal_0_1,dot,raw_fp32,32,8,23,fp32,natural,thread_packet,8,128,1,1,8,none,raw,natural/thread_packet/x8/raw,4096,0,1,32768,32768,0,2,256,10,4,2012,10.912639617919922,0.0054237771460834599,32.916206359863281,1
2026-08-16T15:13:36Z,NVIDIA H200 NVL,full,normal_0_1,dot,raw_fp32,32,8,23,fp32,natural,thread_packet,8,128,1,1,8,none,raw,natural/thread_packet/x8/raw,65536,0,1,524288,524288,0,32,256,10,0,2021,11.186400413513184,0.0055350818473593189,424.9886474609375,1
2026-08-16T15:13:36Z,NVIDIA H200 NVL,full,normal_0_1,dot,raw_fp32,32,8,23,fp32,natural,thread_packet,8,128,1,1,8,none,raw,natural/thread_packet/x8/raw,65536,0,1,524288,524288,0,32,256,10,1,2021,11.178208351135254,0.0055310283776027975,424.9886474609375,1
2026-08-16T15:13:36Z,NVIDIA H200 NVL,full,normal_0_1,dot,raw_fp32,32,8,23,fp32,natural,thread_packet,8,128,1,1,8,none,raw,natural/thread_packet/x8/raw,65536,0,1,524288,524288,0,32,256,10,2,2021,11.194656372070312,0.0055391669332361766,424.9886474609375,1
2026-08-16T15:13:36Z,NVIDIA H200 NVL,full,normal_0_1,dot,raw_fp32,32,8,23,fp32,natural,thread_packet,8,128,1,1,8,none,raw,natural/thread_packet/x8/raw,65536,0,1,524288,524288,0,32,256,10,3,2021,11.187680244445801,0.0055357151135308263,424.9886474609375,1
2026-08-16T15:13:36Z,NVIDIA H200 NVL,full,normal_0_1,dot,raw_fp32,32,8,23,fp32,natural,thread_packet,8,128,1,1,8,none,raw,natural/thread_packet/x8/raw,65536,0,1,524288,524288,0,32,256,10,4,2021,11.18995189666748,0.0055368391373911332,424.9886474609375,1
2026-08-16T15:13:36Z,NVIDIA H200 NVL,full,normal_0_1,dot,raw_fp32,32,8,23,fp32,natural,thread_packet,8,128,1,1,8,none,raw,natural/thread_packet/x8/raw,1048576,0,1,8388608,8388608,0,512,256,10,0,1484,12.090399742126465,0.0081471696375515264,-1214.73974609375,1
2026-08-16T15:13:36Z,NVIDIA H200 NVL,full,normal_0_1,dot,raw_fp32,32,8,23,fp32,natural,thread_packet,8,128,1,1,8,none,raw,natural/thread_packet/x8/raw,1048576,0,1,8388608,8388608,0,512,256,10,1,1484,12.086655616760254,0.0081446466420217346,-1214.73974609375,1
2026-08-16T15:13:36Z,NVIDIA H200 NVL,full,normal_0_1,dot,raw_fp32,32,8,23,fp32,natural,thread_packet,8,128,1,1,8,none,raw,natural/thread_packet/x8/raw,1048576,0,1,8388608,8388608,0,512,256,10,2,1484,12.085696220397949,0.0081440001485161388,-1214.73974609375,1
2026-08-16T15:13:36Z,NVIDIA H200 NVL,full,normal_0_1,dot,raw_fp32,32,8,23,fp32,natural,thread_packet,8,128,1,1,8,none,raw,natural/thread_packet/x8/raw,1048576,0,1,8388608,8388608,0,512,256,10,3,1484,12.089247703552246,0.0081463933312346665,-1214.73974609375,1
2026-08-16T15:13:36Z,NVIDIA H200 NVL,full,normal_0_1,dot,raw_fp32,32,8,23,fp32,natural,thread_packet,8,128,1,1,8,none,raw,natural/thread_packet/x8/raw,1048576,0,1,8388608,8388608,0,512,256,10,4,1484,12.088735580444336,0.0081460482348007651,-1214.73974609375,1
2026-08-16T15:13:36Z,NVIDIA H200 NVL,full,normal_0_1,dot,raw_fp32,32,8,23,fp32,natural,thread_packet,8,128,1,1,8,none,raw,natural/thread_packet/x8/raw,16777216,0,1,134217728,134217728,0,512,256,10,0,312,14.764767646789551,0.047322973226889588,-2896.156005859375,1
2026-08-16T15:13:36Z,NVIDIA H200 NVL,full,normal_0_1,dot,raw_fp32,32,8,23,fp32,natural,thread_packet,8,128,1,1,8,none,raw,natural/thread_packet/x8/raw,16777216,0,1,134217728,134217728,0,512,256,10,1,312,14.776543617248535,0.047360716721950434,-2896.156005859375,1
2026-08-16T15:13:36Z,NVIDIA H200 NVL,full,normal_0_1,dot,raw_fp32,32,8,23,fp32,natural,thread_packet,8,128,1,1,8,none,raw,natural/thread_packet/x8/raw,16777216,0,1,134217728,134217728,0,512,256,10,2,312,14.753791809082031,0.047287794259878307,-2896.156005859375,1
2026-08-16T15:13:36Z,NVIDIA H200 NVL,full,normal_0_1,dot,raw_fp32,32,8,23,fp32,natural,thread_packet,8,128,1,1,8,none,raw,natural/thread_packet/x8/raw,16777216,0,1,134217728,134217728,0,512,256,10,3,312,14.72111988067627,0.047183076540629067,-2896.156005859375,1
2026-08-16T15:13:36Z,NVIDIA H200 NVL,full,normal_0_1,dot,raw_fp32,32,8,23,fp32,natural,thread_packet,8,128,1,1,8,none,raw,natural/thread_packet/x8/raw,16777216,0,1,134217728,134217728,0,512,256,10,4,312,14.699423789978027,0.047113537788391113,-2896.156005859375,1
2026-08-16T15:13:36Z,NVIDIA H200 NVL,full,normal_0_1,dot,raw_fp32,32,8,23,fp32,natural,thread_packet,8,128,1,1,8,none,raw,natural/thread_packet/x8/raw,134217728,0,1,1073741824,1073741824,0,512,256,10,0,47,14.997632026672363,0.31909855375898644,13110.091796875,1
2026-08-16T15:13:36Z,NVIDIA H200 NVL,full,normal_0_1,dot,raw_fp32,32,8,23,fp32,natural,thread_packet,8,128,1,1,8,none,raw,natural/thread_packet/x8/raw,134217728,0,1,1073741824,1073741824,0,512,256,10,1,47,15.009696006774902,0.31935523418670003,13110.091796875,1
2026-08-16T15:13:36Z,NVIDIA H200 NVL,full,normal_0_1,dot,raw_fp32,32,8,23,fp32,natural,thread_packet,8,128,1,1,8,none,raw,natural/thread_packet/x8/raw,134217728,0,1,1073741824,1073741824,0,512,256,10,2,47,14.976287841796875,0.31864442216589095,13110.091796875,1
2026-08-16T15:13:36Z,NVIDIA H200 NVL,full,normal_0_1,dot,raw_fp32,32,8,23,fp32,natural,thread_packet,8,128,1,1,8,none,raw,natural/thread_packet/x8/raw,134217728,0,1,1073741824,1073741824,0,512,256,10,3,47,14.993887901306152,0.31901889151715218,13110.091796875,1
2026-08-16T15:13:36Z,NVIDIA H200 NVL,full,normal_0_1,dot,raw_fp32,32,8,23,fp32,natural,thread_packet,8,128,1,1,8,none,raw,natural/thread_packet/x8/raw,134217728,0,1,1073741824,1073741824,0,512,256,10,4,47,14.984543800354004,0.31882008085859581,13110.091796875,1
2026-08-16T15:13:36Z,NVIDIA H200 NVL,full,normal_0_1,gemv,raw_fp32,32,8,23,fp32,natural,thread_packet,8,128,1,1,8,none,raw,natural/thread_packet/x8/raw,256,1024,1024,1049600,1049600,0,1024,256,10,0,2481,10.158847808837891,0.0040946585283506212,18.843528747558594,1
2026-08-16T15:13:36Z,NVIDIA H200 NVL,full,normal_0_1,gemv,raw_fp32,32,8,23,fp32,natural,thread_packet,8,128,1,1,8,none,raw,natural/thread_packet/x8/raw,256,1024,1024,1049600,1049600,0,1024,256,10,1,2481,10.168576240539551,0.0040985797019506449,18.843528747558594,1
2026-08-16T15:13:36Z,NVIDIA H200 NVL,full,normal_0_1,gemv,raw_fp32,32,8,23,fp32,natural,thread_packet,8,128,1,1,8,none,raw,natural/thread_packet/x8/raw,256,1024,1024,1049600,1049600,0,1024,256,10,2,2481,10.171872138977051,0.0040999081575884928,18.843528747558594,1
2026-08-16T15:13:36Z,NVIDIA H200 NVL,full,normal_0_1,gemv,raw_fp32,32,8,23,fp32,natural,thread_packet,8,128,1,1,8,none,raw,natural/thread_packet/x8/raw,256,1024,1024,1049600,1049600,0,1024,256,10,3,2481,10.17142391204834,0.0040997274937720034,18.843528747558594,1
2026-08-16T15:13:36Z,NVIDIA H200 NVL,full,normal_0_1,gemv,raw_fp32,32,8,23,fp32,natural,thread_packet,8,128,1,1,8,none,raw,natural/thread_packet/x8/raw,256,1024,1024,1049600,1049600,0,1024,256,10,4,2481,10.175104141235352,0.0041012108590227133,18.843528747558594,1
2026-08-16T15:13:36Z,NVIDIA H200 NVL,full,normal_0_1,gemv,raw_fp32,32,8,23,fp32,natural,thread_packet,8,128,1,1,8,none,raw,natural/thread_packet/x8/raw,1024,1024,1024,4198400,4198400,0,1024,256,10,0,1883,11.368000030517578,0.0060371747373964835,17.024103164672852,1
2026-08-16T15:13:36Z,NVIDIA H200 NVL,full,normal_0_1,gemv,raw_fp32,32,8,23,fp32,natural,thread_packet,8,128,1,1,8,none,raw,natural/thread_packet/x8/raw,1024,1024,1024,4198400,4198400,0,1024,256,10,1,1883,11.371199607849121,0.0060388739287568355,17.024103164672852,1
2026-08-16T15:13:36Z,NVIDIA H200 NVL,full,normal_0_1,gemv,raw_fp32,32,8,23,fp32,natural,thread_packet,8,128,1,1,8,none,raw,natural/thread_packet/x8/raw,1024,1024,1024,4198400,4198400,0,1024,256,10,2,1883,11.370047569274902,0.0060382621185740316,17.024103164672852,1
2026-08-16T15:13:36Z,NVIDIA H200 NVL,full,normal_0_1,gemv,raw_fp32,32,8,23,fp32,natural,thread_packet,8,128,1,1,8,none,raw,natural/thread_packet/x8/raw,1024,1024,1024,4198400,4198400,0,1024,256,10,3,1883,11.376895904541016,0.006041899046490184,17.024103164672852,1
2026-08-16T15:13:36Z,NVIDIA H200 NVL,full,normal_0_1,gemv,raw_fp32,32,8,23,fp32,natural,thread_packet,8,128,1,1,8,none,raw,natural/thread_packet/x8/raw,1024,1024,1024,4198400,4198400,0,1024,256,10,4,1883,11.369824409484863,0.0060381436056743832,17.024103164672852,1
2026-08-16T15:13:36Z,NVIDIA H200 NVL,full,normal_0_1,gemv,raw_fp32,32,8,23,fp32,natural,thread_packet,8,128,1,1,8,none,raw,natural/thread_packet/x8/raw,4096,1024,1024,16793600,16793600,0,1024,256,10,0,983,13.045184135437012,0.013270787523333685,32.91619873046875,1
2026-08-16T15:13:36Z,NVIDIA H200 NVL,full,normal_0_1,gemv,raw_fp32,32,8,23,fp32,natural,thread_packet,8,128,1,1,8,none,raw,natural/thread_packet/x8/raw,4096,1024,1024,16793600,16793600,0,1024,256,10,1,983,13.04793643951416,0.013273587425751944,32.91619873046875,1
2026-08-16T15:13:36Z,NVIDIA H200 NVL,full,normal_0_1,gemv,raw_fp32,32,8,23,fp32,natural,thread_packet,8,128,1,1,8,none,raw,natural/thread_packet/x8/raw,4096,1024,1024,16793600,16793600,0,1024,256,10,2,983,13.048928260803223,0.013274596399596361,32.91619873046875,1
2026-08-16T15:13:36Z,NVIDIA H200 NVL,full,normal_0_1,gemv,raw_fp32,32,8,23,fp32,natural,thread_packet,8,128,1,1,8,none,raw,natural/thread_packet/x8/raw,4096,1024,1024,16793600,16793600,0,1024,256,10,3,983,13.050016403198242,0.013275703360323746,32.91619873046875,1
2026-08-16T15:13:36Z,NVIDIA H200 NVL,full,normal_0_1,gemv,raw_fp32,32,8,23,fp32,natural,thread_packet,8,128,1,1,8,none,raw,natural/thread_packet/x8/raw,4096,1024,1024,16793600,16793600,0,1024,256,10,4,983,13.051424026489258,0.013277135327049092,32.91619873046875,1
2026-08-16T15:13:36Z,NVIDIA H200 NVL,full,normal_0_1,gemv,raw_fp32,32,8,23,fp32,natural,thread_packet,8,128,1,1,8,none,raw,natural/thread_packet/x8/raw,16384,1024,1024,67174400,67174400,0,1024,256,10,0,340,14.692895889282227,0.043214399674359492,14.335763931274414,1
2026-08-16T15:13:36Z,NVIDIA H200 NVL,full,normal_0_1,gemv,raw_fp32,32,8,23,fp32,natural,thread_packet,8,128,1,1,8,none,raw,natural/thread_packet/x8/raw,16384,1024,1024,67174400,67174400,0,1024,256,10,1,340,14.674752235412598,0.04316103598650764,14.335763931274414,1
2026-08-16T15:13:36Z,NVIDIA H200 NVL,full,normal_0_1,gemv,raw_fp32,32,8,23,fp32,natural,thread_packet,8,128,1,1,8,none,raw,natural/thread_packet/x8/raw,16384,1024,1024,67174400,67174400,0,1024,256,10,2,340,14.640255928039551,0.043059576258939858,14.335763931274414,1
2026-08-16T15:13:36Z,NVIDIA H200 NVL,full,normal_0_1,gemv,raw_fp32,32,8,23,fp32,natural,thread_packet,8,128,1,1,8,none,raw,natural/thread_packet/x8/raw,16384,1024,1024,67174400,67174400,0,1024,256,10,3,340,14.650495529174805,0.043089692732867071,14.335763931274414,1
2026-08-16T15:13:36Z,NVIDIA H200 NVL,full,normal_0_1,gemv,raw_fp32,32,8,23,fp32,natural,thread_packet,8,128,1,1,8,none,raw,natural/thread_packet/x8/raw,16384,1024,1024,67174400,67174400,0,1024,256,10,4,340,14.643168449401855,0.043068142498240751,14.335763931274414,1
2026-08-16T15:13:36Z,NVIDIA H200 NVL,full,normal_0_1,gemv,raw_fp32,32,8,23,fp32,natural,thread_packet,8,128,1,1,8,none,raw,natural/thread_packet/x8/raw,65536,1024,1024,268697600,268697600,0,1024,256,10,0,95,14.925951957702637,0.15711528376529091,424.98867797851562,1
2026-08-16T15:13:36Z,NVIDIA H200 NVL,full,normal_0_1,gemv,raw_fp32,32,8,23,fp32,natural,thread_packet,8,128,1,1,8,none,raw,natural/thread_packet/x8/raw,65536,1024,1024,268697600,268697600,0,1024,256,10,1,95,14.932224273681641,0.15718130814401726,424.98867797851562,1
2026-08-16T15:13:36Z,NVIDIA H200 NVL,full,normal_0_1,gemv,raw_fp32,32,8,23,fp32,natural,thread_packet,8,128,1,1,8,none,raw,natural/thread_packet/x8/raw,65536,1024,1024,268697600,268697600,0,1024,256,10,2,95,14.91487979888916,0.15699873472514905,424.98867797851562,1
2026-08-16T15:13:36Z,NVIDIA H200 NVL,full,normal_0_1,gemv,raw_fp32,32,8,23,fp32,natural,thread_packet,8,128,1,1,8,none,raw,natural/thread_packet/x8/raw,65536,1024,1024,268697600,268697600,0,1024,256,10,3,95,14.964608192443848,0.15752219149940891,424.98867797851562,1
2026-08-16T15:13:36Z,NVIDIA H200 NVL,full,normal_0_1,gemv,raw_fp32,32,8,23,fp32,natural,thread_packet,8,128,1,1,8,none,raw,natural/thread_packet/x8/raw,65536,1024,1024,268697600,268697600,0,1024,256,10,4,95,14.95747184753418,0.15744707207930717,424.98867797851562,1
2026-08-16T15:13:36Z,NVIDIA H200 NVL,full,normal_0_1,dot,raw_fp64,64,11,52,fp64,natural,scalar,1,64,1,1,1,none,raw,natural/scalar/x1/raw,4096,0,1,65536,65536,0,16,256,10,0,2004,9.9704961776733398,0.0049752974938489722,32.916210500166116,1
2026-08-16T15:13:36Z,NVIDIA H200 NVL,full,normal_0_1,dot,raw_fp64,64,11,52,fp64,natural,scalar,1,64,1,1,1,none,raw,natural/scalar/x1/raw,4096,0,1,65536,65536,0,16,256,10,1,2004,9.9800643920898438,0.0049800720519410395,32.916210500166116,1
2026-08-16T15:13:36Z,NVIDIA H200 NVL,full,normal_0_1,dot,raw_fp64,64,11,52,fp64,natural,scalar,1,64,1,1,1,none,raw,natural/scalar/x1/raw,4096,0,1,65536,65536,0,16,256,10,2,2004,9.9718084335327148,0.0049759523121420731,32.916210500166116,1
2026-08-16T15:13:36Z,NVIDIA H200 NVL,full,normal_0_1,dot,raw_fp64,64,11,52,fp64,natural,scalar,1,64,1,1,1,none,raw,natural/scalar/x1/raw,4096,0,1,65536,65536,0,16,256,10,3,2004,9.9679040908813477,0.0049740040373659417,32.916210500166116,1
2026-08-16T15:13:36Z,NVIDIA H200 NVL,full,normal_0_1,dot,raw_fp64,64,11,52,fp64,natural,scalar,1,64,1,1,1,none,raw,natural/scalar/x1/raw,4096,0,1,65536,65536,0,16,256,10,4,2004,9.9693441390991211,0.004974722624300959,32.916210500166116,1
2026-08-16T15:13:36Z,NVIDIA H200 NVL,full,normal_0_1,dot,raw_fp64,64,11,52,fp64,natural,scalar,1,64,1,1,1,none,raw,natural/scalar/x1/raw,65536,0,1,1048576,1048576,0,256,256,10,0,2021,10.78774356842041,0.0053378246256409745,424.98861562004163,1
2026-08-16T15:13:36Z,NVIDIA H200 NVL,full,normal_0_1,dot,raw_fp64,64,11,52,fp64,natural,scalar,1,64,1,1,1,none,raw,natural/scalar/x1/raw,65536,0,1,1048576,1048576,0,256,256,10,1,2021,10.789376258850098,0.0053386324882979206,424.98861562004163,1
2026-08-16T15:13:36Z,NVIDIA H200 NVL,full,normal_0_1,dot,raw_fp64,64,11,52,fp64,natural,scalar,1,64,1,1,1,none,raw,natural/scalar/x1/raw,65536,0,1,1048576,1048576,0,256,256,10,2,2021,10.790431976318359,0.0053391548621070555,424.98861562004163,1
2026-08-16T15:13:36Z,NVIDIA H200 NVL,full,normal_0_1,dot,raw_fp64,64,11,52,fp64,natural,scalar,1,64,1,1,1,none,raw,natural/scalar/x1/raw,65536,0,1,1048576,1048576,0,256,256,10,3,2021,10.789728164672852,0.0053388066129009659,424.98861562004163,1
2026-08-16T15:13:36Z,NVIDIA H200 NVL,full,normal_0_1,dot,raw_fp64,64,11,52,fp64,natural,scalar,1,64,1,1,1,none,raw,natural/scalar/x1/raw,65536,0,1,1048576,1048576,0,256,256,10,4,2021,10.789504051208496,0.0053386957205385924,424.98861562004163,1
2026-08-16T15:13:36Z,NVIDIA H200 NVL,full,normal_0_1,dot,raw_fp64,64,11,52,fp64,natural,scalar,1,64,1,1,1,none,raw,natural/scalar/x1/raw,1048576,0,1,16777216,16777216,0,512,256,10,0,1513,12.077024459838867,0.0079821708260666667,-1214.7398837081475,1
2026-08-16T15:13:36Z,NVIDIA H200 NVL,full,normal_0_1,dot,raw_fp64,64,11,52,fp64,natural,scalar,1,64,1,1,1,none,raw,natural/scalar/x1/raw,1048576,0,1,16777216,16777216,0,512,256,10,1,1513,12.100480079650879,0.0079976735490091735,-1214.7398837081475,1
2026-08-16T15:13:36Z,NVIDIA H200 NVL,full,normal_0_1,dot,raw_fp64,64,11,52,fp64,natural,scalar,1,64,1,1,1,none,raw,natural/scalar/x1/raw,1048576,0,1,16777216,16777216,0,512,256,10,2,1513,12.099391937255859,0.0079969543537712229,-1214.7398837081475,1
2026-08-16T15:13:36Z,NVIDIA H200 NVL,full,normal_0_1,dot,raw_fp64,64,11,52,fp64,natural,scalar,1,64,1,1,1,none,raw,natural/scalar/x1/raw,1048576,0,1,16777216,16777216,0,512,256,10,3,1513,12.093503952026367,0.0079930627574529862,-1214.7398837081475,1
2026-08-16T15:13:36Z,NVIDIA H200 NVL,full,normal_0_1,dot,raw_fp64,64,11,52,fp64,natural,scalar,1,64,1,1,1,none,raw,natural/scalar/x1/raw,1048576,0,1,16777216,16777216,0,512,256,10,4,1513,12.093759536743164,0.0079932316832406897,-1214.7398837081475,1
2026-08-16T15:13:36Z,NVIDIA H200 NVL,full,normal_0_1,dot,raw_fp64,64,11,52,fp64,natural,scalar,1,64,1,1,1,none,raw,natural/scalar/x1/raw,16777216,0,1,268435456,268435456,0,512,256,10,0,181,15.038432121276855,0.083085260338546157,-2896.1557629640783,1
2026-08-16T15:13:36Z,NVIDIA H200 NVL,full,normal_0_1,dot,raw_fp64,64,11,52,fp64,natural,scalar,1,64,1,1,1,none,raw,natural/scalar/x1/raw,16777216,0,1,268435456,268435456,0,512,256,10,1,181,15.028448104858398,0.083030100026841983,-2896.1557629640783,1
2026-08-16T15:13:36Z,NVIDIA H200 NVL,full,normal_0_1,dot,raw_fp64,64,11,52,fp64,natural,scalar,1,64,1,1,1,none,raw,natural/scalar/x1/raw,16777216,0,1,268435456,268435456,0,512,256,10,2,181,15.034496307373047,0.083063515510348324,-2896.1557629640783,1
2026-08-16T15:13:36Z,NVIDIA H200 NVL,full,normal_0_1,dot,raw_fp64,64,11,52,fp64,natural,scalar,1,64,1,1,1,none,raw,natural/scalar/x1/raw,16777216,0,1,268435456,268435456,0,512,256,10,3,181,15.017888069152832,0.082971757288137188,-2896.1557629640783,1
2026-08-16T15:13:36Z,NVIDIA H200 NVL,full,normal_0_1,dot,raw_fp64,64,11,52,fp64,natural,scalar,1,64,1,1,1,none,raw,natural/scalar/x1/raw,16777216,0,1,268435456,268435456,0,512,256,10,4,181,15.012479782104492,0.082941877249196092,-2896.1557629640783,1
2026-08-16T15:13:36Z,NVIDIA H200 NVL,full,normal_0_1,dot,raw_fp64,64,11,52,fp64,natural,scalar,1,64,1,1,1,none,raw,natural/scalar/x1/raw,134217728,0,1,2147483648,2147483648,0,512,256,10,0,25,15.034111976623535,0.60136447906494139,13110.077467888223,1
2026-08-16T15:13:36Z,NVIDIA H200 NVL,full,normal_0_1,dot,raw_fp64,64,11,52,fp64,natural,scalar,1,64,1,1,1,none,raw,natural/scalar/x1/raw,134217728,0,1,2147483648,2147483648,0,512,256,10,1,25,15.035231590270996,0.60140926361083979,13110.077467888223,1
2026-08-16T15:13:36Z,NVIDIA H200 NVL,full,normal_0_1,dot,raw_fp64,64,11,52,fp64,natural,scalar,1,64,1,1,1,none,raw,natural/scalar/x1/raw,134217728,0,1,2147483648,2147483648,0,512,256,10,2,25,15.02950382232666,0.60118015289306637,13110.077467888223,1
2026-08-16T15:13:36Z,NVIDIA H200 NVL,full,normal_0_1,dot,raw_fp64,64,11,52,fp64,natural,scalar,1,64,1,1,1,none,raw,natural/scalar/x1/raw,134217728,0,1,2147483648,2147483648,0,512,256,10,3,25,15.03974437713623,0.6015897750854492,13110.077467888223,1
2026-08-16T15:13:36Z,NVIDIA H200 NVL,full,normal_0_1,dot,raw_fp64,64,11,52,fp64,natural,scalar,1,64,1,1,1,none,raw,natural/scalar/x1/raw,134217728,0,1,2147483648,2147483648,0,512,256,10,4,25,15.041728019714355,0.60166912078857426,13110.077467888223,1
2026-08-16T15:13:36Z,NVIDIA H200 NVL,full,normal_0_1,gemv,raw_fp64,64,11,52,fp64,natural,scalar,1,64,1,1,1,none,raw,natural/scalar/x1/raw,256,1024,1024,2099200,2099200,0,1024,256,10,0,2534,9.7795200347900391,0.0038593212449842301,18.843530593165923,1
2026-08-16T15:13:36Z,NVIDIA H200 NVL,full,normal_0_1,gemv,raw_fp64,64,11,52,fp64,natural,scalar,1,64,1,1,1,none,raw,natural/scalar/x1/raw,256,1024,1024,2099200,2099200,0,1024,256,10,1,2534,9.7841920852661133,0.0038611649902391921,18.843530593165923,1
2026-08-16T15:13:36Z,NVIDIA H200 NVL,full,normal_0_1,gemv,raw_fp64,64,11,52,fp64,natural,scalar,1,64,1,1,1,none,raw,natural/scalar/x1/raw,256,1024,1024,2099200,2099200,0,1024,256,10,2,2534,9.7850561141967773,0.0038615059645606855,18.843530593165923,1
2026-08-16T15:13:36Z,NVIDIA H200 NVL,full,normal_0_1,gemv,raw_fp64,64,11,52,fp64,natural,scalar,1,64,1,1,1,none,raw,natural/scalar/x1/raw,256,1024,1024,2099200,2099200,0,1024,256,10,3,2534,9.7903995513916016,0.0038636146611647991,18.843530593165923,1
2026-08-16T15:13:36Z,NVIDIA H200 NVL,full,normal_0_1,gemv,raw_fp64,64,11,52,fp64,natural,scalar,1,64,1,1,1,none,raw,natural/scalar/x1/raw,256,1024,1024,2099200,2099200,0,1024,256,10,4,2534,9.791071891784668,0.0038638799888652993,18.843530593165923,1
2026-08-16T15:13:36Z,NVIDIA H200 NVL,full,normal_0_1,gemv,raw_fp64,64,11,52,fp64,natural,scalar,1,64,1,1,1,none,raw,natural/scalar/x1/raw,1024,1024,1024,8396800,8396800,0,1024,256,10,0,2084,10.296863555908203,0.0049409134145432833,17.024110028266094,1
2026-08-16T15:13:36Z,NVIDIA H200 NVL,full,normal_0_1,gemv,raw_fp64,64,11,52,fp64,natural,scalar,1,64,1,1,1,none,raw,natural/scalar/x1/raw,1024,1024,1024,8396800,8396800,0,1024,256,10,1,2084,10.292991638183594,0.0049390554885717823,17.024110028266094,1
2026-08-16T15:13:36Z,NVIDIA H200 NVL,full,normal_0_1,gemv,raw_fp64,64,11,52,fp64,natural,scalar,1,64,1,1,1,none,raw,natural/scalar/x1/raw,1024,1024,1024,8396800,8396800,0,1024,256,10,2,2084,10.292799949645996,0.0049389635075076758,17.024110028266094,1
2026-08-16T15:13:36Z,NVIDIA H200 NVL,full,normal_0_1,gemv,raw_fp64,64,11,52,fp64,natural,scalar,1,64,1,1,1,none,raw,natural/scalar/x1/raw,1024,1024,1024,8396800,8396800,0,1024,256,10,3,2084,10.290752410888672,0.0049379810033055044,17.024110028266094,1
2026-08-16T15:13:36Z,NVIDIA H200 NVL,full,normal_0_1,gemv,raw_fp64,64,11,52,fp64,natural,scalar,1,64,1,1,1,none,raw,natural/scalar/x1/raw,1024,1024,1024,8396800,8396800,0,1024,256,10,4,2084,10.295807838439941,0.0049404068322648469,17.024110028266094,1
2026-08-16T15:13:36Z,NVIDIA H200 NVL,full,normal_0_1,gemv,raw_fp64,64,11,52,fp64,natural,scalar,1,64,1,1,1,none,raw,natural/scalar/x1/raw,4096,1024,1024,33587200,33587200,0,1024,256,10,0,1321,11.423232078552246,0.0086474126257019279,32.91621050016613,1
2026-08-16T15:13:36Z,NVIDIA H200 NVL,full,normal_0_1,gemv,raw_fp64,64,11,52,fp64,natural,scalar,1,64,1,1,1,none,raw,natural/scalar/x1/raw,4096,1024,1024,33587200,33587200,0,1024,256,10,1,1321,11.413408279418945,0.0086399759874481036,32.91621050016613,1
2026-08-16T15:13:36Z,NVIDIA H200 NVL,full,normal_0_1,gemv,raw_fp64,64,11,52,fp64,natural,scalar,1,64,1,1,1,none,raw,natural/scalar/x1/raw,4096,1024,1024,33587200,33587200,0,1024,256,10,2,1321,11.410464286804199,0.0086377473783529144,32.91621050016613,1
2026-08-16T15:13:36Z,NVIDIA H200 NVL,full,normal_0_1,gemv,raw_fp64,64,11,52,fp64,natural,scalar,1,64,1,1,1,none,raw,natural/scalar/x1/raw,4096,1024,1024,33587200,33587200,0,1024,256,10,3,1321,11.39840030670166,0.0086286149180179114,32.91621050016613,1
2026-08-16T15:13:36Z,NVIDIA H200 NVL,full,normal_0_1,gemv,raw_fp64,64,11,52,fp64,natural,scalar,1,64,1,1,1,none,raw,natural/scalar/x1/raw,4096,1024,1024,33587200,33587200,0,1024,256,10,4,1321,11.401503562927246,0.0086309640900281946,32.91621050016613,1
2026-08-16T15:13:36Z,NVIDIA H200 NVL,full,normal_0_1,gemv,raw_fp64,64,11,52,fp64,natural,scalar,1,64,1,1,1,none,raw,natural/scalar/x1/raw,16384,1024,1024,134348800,134348800,0,1024,256,10,0,320,13.94700813293457,0.043584400415420534,14.335791721456388,1
2026-08-16T15:13:36Z,NVIDIA H200 NVL,full,normal_0_1,gemv,raw_fp64,64,11,52,fp64,natural,scalar,1,64,1,1,1,none,raw,natural/scalar/x1/raw,16384,1024,1024,134348800,134348800,0,1024,256,10,1,320,13.943296432495117,0.043572801351547244,14.335791721456388,1
2026-08-16T15:13:36Z,NVIDIA H200 NVL,full,normal_0_1,gemv,raw_fp64,64,11,52,fp64,natural,scalar,1,64,1,1,1,none,raw,natural/scalar/x1/raw,16384,1024,1024,134348800,134348800,0,1024,256,10,2,320,13.955136299133301,0.043609800934791568,14.335791721456388,1
2026-08-16T15:13:36Z,NVIDIA H200 NVL,full,normal_0_1,gemv,raw_fp64,64,11,52,fp64,natural,scalar,1,64,1,1,1,none,raw,natural/scalar/x1/raw,16384,1024,1024,134348800,134348800,0,1024,256,10,3,320,13.956831932067871,0.043615099787712094,14.335791721456388,1
2026-08-16T15:13:36Z,NVIDIA H200 NVL,full,normal_0_1,gemv,raw_fp64,64,11,52,fp64,natural,scalar,1,64,1,1,1,none,raw,natural/scalar/x1/raw,16384,1024,1024,134348800,134348800,0,1024,256,10,4,320,13.946463584899902,0.043582698702812193,14.335791721456388,1
2026-08-16T15:13:36Z,NVIDIA H200 NVL,full,normal_0_1,gemv,raw_fp64,64,11,52,fp64,natural,scalar,1,64,1,1,1,none,raw,natural/scalar/x1/raw,65536,1024,1024,537395200,537395200,0,1024,256,10,0,100,15.092543601989746,0.15092543601989747,424.98861562004168,1
2026-08-16T15:13:36Z,NVIDIA H200 NVL,full,normal_0_1,gemv,raw_fp64,64,11,52,fp64,natural,scalar,1,64,1,1,1,none,raw,natural/scalar/x1/raw,65536,1024,1024,537395200,537395200,0,1024,256,10,1,100,15.081888198852539,0.15081888198852539,424.98861562004168,1
2026-08-16T15:13:36Z,NVIDIA H200 NVL,full,normal_0_1,gemv,raw_fp64,64,11,52,fp64,natural,scalar,1,64,1,1,1,none,raw,natural/scalar/x1/raw,65536,1024,1024,537395200,537395200,0,1024,256,10,2,100,15.102560043334961,0.15102560043334962,424.98861562004168,1
2026-08-16T15:13:36Z,NVIDIA H200 NVL,full,normal_0_1,gemv,raw_fp64,64,11,52,fp64,natural,scalar,1,64,1,1,1,none,raw,natural/scalar/x1/raw,65536,1024,1024,537395200,537395200,0,1024,256,10,3,100,15.088607788085938,0.15088607788085937,424.98861562004168,1
2026-08-16T15:13:36Z,NVIDIA H200 NVL,full,normal_0_1,gemv,raw_fp64,64,11,52,fp64,natural,scalar,1,64,1,1,1,none,raw,natural/scalar/x1/raw,65536,1024,1024,537395200,537395200,0,1024,256,10,4,100,15.084351539611816,0.15084351539611818,424.98861562004168,1
2026-08-16T15:13:36Z,NVIDIA H200 NVL,full,normal_0_1,dot,raw_fp64,64,11,52,fp64,natural,thread_packet,2,128,1,1,2,none,raw,natural/thread_packet/x2/raw,4096,0,1,65536,65536,0,8,256,10,0,2075,10.545344352722168,0.0050820936639624902,32.916210500166123,1
2026-08-16T15:13:36Z,NVIDIA H200 NVL,full,normal_0_1,dot,raw_fp64,64,11,52,fp64,natural,thread_packet,2,128,1,1,2,none,raw,natural/thread_packet/x2/raw,4096,0,1,65536,65536,0,8,256,10,1,2075,10.57919979095459,0.005098409537809441,32.916210500166123,1
2026-08-16T15:13:36Z,NVIDIA H200 NVL,full,normal_0_1,dot,raw_fp64,64,11,52,fp64,natural,thread_packet,2,128,1,1,2,none,raw,natural/thread_packet/x2/raw,4096,0,1,65536,65536,0,8,256,10,2,2075,10.584799766540527,0.0051011083212243501,32.916210500166123,1
2026-08-16T15:13:36Z,NVIDIA H200 NVL,full,normal_0_1,dot,raw_fp64,64,11,52,fp64,natural,thread_packet,2,128,1,1,2,none,raw,natural/thread_packet/x2/raw,4096,0,1,65536,65536,0,8,256,10,3,2075,10.569248199462891,0.0050936135901025982,32.916210500166123,1
2026-08-16T15:13:36Z,NVIDIA H200 NVL,full,normal_0_1,dot,raw_fp64,64,11,52,fp64,natural,thread_packet,2,128,1,1,2,none,raw,natural/thread_packet/x2/raw,4096,0,1,65536,65536,0,8,256,10,4,2075,10.558783531188965,0.0050885703764766092,32.916210500166123,1
2026-08-16T15:13:36Z,NVIDIA H200 NVL,full,normal_0_1,dot,raw_fp64,64,11,52,fp64,natural,thread_packet,2,128,1,1,2,none,raw,natural/thread_packet/x2/raw,65536,0,1,1048576,1048576,0,128,256,10,0,2021,10.767007827758789,0.0053275644867683269,424.9886156200418,1
2026-08-16T15:13:36Z,NVIDIA H200 NVL,full,normal_0_1,dot,raw_fp64,64,11,52,fp64,natural,thread_packet,2,128,1,1,2,none,raw,natural/thread_packet/x2/raw,65536,0,1,1048576,1048576,0,128,256,10,1,2021,10.771648406982422,0.005329860666493034,424.9886156200418,1
2026-08-16T15:13:36Z,NVIDIA H200 NVL,full,normal_0_1,dot,raw_fp64,64,11,52,fp64,natural,thread_packet,2,128,1,1,2,none,raw,natural/thread_packet/x2/raw,65536,0,1,1048576,1048576,0,128,256,10,2,2021,10.772543907165527,0.0053303037640601326,424.9886156200418,1
2026-08-16T15:13:36Z,NVIDIA H200 NVL,full,normal_0_1,dot,raw_fp64,64,11,52,fp64,natural,thread_packet,2,128,1,1,2,none,raw,natural/thread_packet/x2/raw,65536,0,1,1048576,1048576,0,128,256,10,3,2021,10.77302360534668,0.0053305411209038497,424.9886156200418,1
2026-08-16T15:13:36Z,NVIDIA H200 NVL,full,normal_0_1,dot,raw_fp64,64,11,52,fp64,natural,thread_packet,2,128,1,1,2,none,raw,natural/thread_packet/x2/raw,65536,0,1,1048576,1048576,0,128,256,10,4,2021,10.771936416625977,0.0053300031749757429,424.9886156200418,1
2026-08-16T15:13:36Z,NVIDIA H200 NVL,full,normal_0_1,dot,raw_fp64,64,11,52,fp64,natural,thread_packet,2,128,1,1,2,none,raw,natural/thread_packet/x2/raw,1048576,0,1,16777216,16777216,0,512,256,10,0,1508,11.974335670471191,0.0079405408955379245,-1214.7398837081478,1
2026-08-16T15:13:36Z,NVIDIA H200 NVL,full,normal_0_1,dot,raw_fp64,64,11,52,fp64,natural,thread_packet,2,128,1,1,2,none,raw,natural/thread_packet/x2/raw,1048576,0,1,16777216,16777216,0,512,256,10,1,1508,11.975263595581055,0.0079411562304914154,-1214.7398837081478,1
2026-08-16T15:13:36Z,NVIDIA H200 NVL,full,normal_0_1,dot,raw_fp64,64,11,52,fp64,natural,thread_packet,2,128,1,1,2,none,raw,natural/thread_packet/x2/raw,1048576,0,1,16777216,16777216,0,512,256,10,2,1508,11.974016189575195,0.0079403290381798372,-1214.7398837081478,1
2026-08-16T15:13:36Z,NVIDIA H200 NVL,full,normal_0_1,dot,raw_fp64,64,11,52,fp64,natural,thread_packet,2,128,1,1,2,none,raw,natural/thread_packet/x2/raw,1048576,0,1,16777216,16777216,0,512,256,10,3,1508,11.97606372833252,0.0079416868225016708,-1214.7398837081478,1
2026-08-16T15:13:36Z,NVIDIA H200 NVL,full,normal_0_1,dot,raw_fp64,64,11,52,fp64,natural,thread_packet,2,128,1,1,2,none,raw,natural/thread_packet/x2/raw,1048576,0,1,16777216,16777216,0,512,256,10,4,1508,11.97606372833252,0.0079416868225016708,-1214.7398837081478,1
2026-08-16T15:13:36Z,NVIDIA H200 NVL,full,normal_0_1,dot,raw_fp64,64,11,52,fp64,natural,thread_packet,2,128,1,1,2,none,raw,natural/thread_packet/x2/raw,16777216,0,1,268435456,268435456,0,512,256,10,0,213,14.761759757995605,0.069304036422514578,-2896.1557629640779,1
2026-08-16T15:13:36Z,NVIDIA H200 NVL,full,normal_0_1,dot,raw_fp64,64,11,52,fp64,natural,thread_packet,2,128,1,1,2,none,raw,natural/thread_packet/x2/raw,16777216,0,1,268435456,268435456,0,512,256,10,1,213,14.735775947570801,0.069182046702210329,-2896.1557629640779,1
2026-08-16T15:13:36Z,NVIDIA H200 NVL,full,normal_0_1,dot,raw_fp64,64,11,52,fp64,natural,thread_packet,2,128,1,1,2,none,raw,natural/thread_packet/x2/raw,16777216,0,1,268435456,268435456,0,512,256,10,2,213,14.743647575378418,0.069219002701307125,-2896.1557629640779,1
2026-08-16T15:13:36Z,NVIDIA H200 NVL,full,normal_0_1,dot,raw_fp64,64,11,52,fp64,natural,thread_packet,2,128,1,1,2,none,raw,natural/thread_packet/x2/raw,16777216,0,1,268435456,268435456,0,512,256,10,3,213,14.736000061035156,0.069183098878099328,-2896.1557629640779,1
2026-08-16T15:13:36Z,NVIDIA H200 NVL,full,normal_0_1,dot,raw_fp64,64,11,52,fp64,natural,thread_packet,2,128,1,1,2,none,raw,natural/thread_packet/x2/raw,16777216,0,1,268435456,268435456,0,512,256,10,4,213,14.732799530029297,0.069168072910935671,-2896.1557629640779,1
2026-08-16T15:13:36Z,NVIDIA H200 NVL,full,normal_0_1,dot,raw_fp64,64,11,52,fp64,natural,thread_packet,2,128,1,1,2,none,raw,natural/thread_packet/x2/raw,134217728,0,1,2147483648,2147483648,0,512,256,10,0,31,15.335840225219727,0.49470452339418475,13110.077467888235,1
2026-08-16T15:13:36Z,NVIDIA H200 NVL,full,normal_0_1,dot,raw_fp64,64,11,52,fp64,natural,thread_packet,2,128,1,1,2,none,raw,natural/thread_packet/x2/raw,134217728,0,1,2147483648,2147483648,0,512,256,10,1,31,15.338208198547363,0.4947809096305601,13110.077467888235,1
2026-08-16T15:13:36Z,NVIDIA H200 NVL,full,normal_0_1,dot,raw_fp64,64,11,52,fp64,natural,thread_packet,2,128,1,1,2,none,raw,natural/thread_packet/x2/raw,134217728,0,1,2147483648,2147483648,0,512,256,10,2,31,15.338335990905762,0.49478503196470197,13110.077467888235,1
2026-08-16T15:13:36Z,NVIDIA H200 NVL,full,normal_0_1,dot,raw_fp64,64,11,52,fp64,natural,thread_packet,2,128,1,1,2,none,raw,natural/thread_packet/x2/raw,134217728,0,1,2147483648,2147483648,0,512,256,10,3,31,15.348480224609375,0.49511226530997982,13110.077467888235,1
2026-08-16T15:13:36Z,NVIDIA H200 NVL,full,normal_0_1,dot,raw_fp64,64,11,52,fp64,natural,thread_packet,2,128,1,1,2,none,raw,natural/thread_packet/x2/raw,134217728,0,1,2147483648,2147483648,0,512,256,10,4,31,15.333024024963379,0.49461367822462515,13110.077467888235,1
2026-08-16T15:13:36Z,NVIDIA H200 NVL,full,normal_0_1,gemv,raw_fp64,64,11,52,fp64,natural,thread_packet,2,128,1,1,2,none,raw,natural/thread_packet/x2/raw,256,1024,1024,2099200,2099200,0,1024,256,10,0,2380,9.2598724365234375,0.0038907027044216124,18.843530593165923,1
2026-08-16T15:13:36Z,NVIDIA H200 NVL,full,normal_0_1,gemv,raw_fp64,64,11,52,fp64,natural,thread_packet,2,128,1,1,2,none,raw,natural/thread_packet/x2/raw,256,1024,1024,2099200,2099200,0,1024,256,10,1,2380,9.2595195770263672,0.0038905544441287256,18.843530593165923,1
2026-08-16T15:13:36Z,NVIDIA H200 NVL,full,normal_0_1,gemv,raw_fp64,64,11,52,fp64,natural,thread_packet,2,128,1,1,2,none,raw,natural/thread_packet/x2/raw,256,1024,1024,2099200,2099200,0,1024,256,10,2,2380,9.2664642333984375,0.0038934723669741332,18.843530593165923,1
2026-08-16T15:13:36Z,NVIDIA H200 NVL,full,normal_0_1,gemv,raw_fp64,64,11,52,fp64,natural,thread_packet,2,128,1,1,2,none,raw,natural/thread_packet/x2/raw,256,1024,1024,2099200,2099200,0,1024,256,10,3,2380,9.266143798828125,0.0038933377306000524,18.843530593165923,1
2026-08-16T15:13:36Z,NVIDIA H200 NVL,full,normal_0_1,gemv,raw_fp64,64,11,52,fp64,natural,thread_packet,2,128,1,1,2,none,raw,natural/thread_packet/x2/raw,256,1024,1024,2099200,2099200,0,1024,256,10,4,2380,9.2705602645874023,0.0038951933884821019,18.843530593165923,1
2026-08-16T15:13:36Z,NVIDIA H200 NVL,full,normal_0_1,gemv,raw_fp64,64,11,52,fp64,natural,thread_packet,2,128,1,1,2,none,raw,natural/thread_packet/x2/raw,1024,1024,1024,8396800,8396800,0,1024,256,10,0,2112,10.407199859619141,0.0049276514486833048,17.024110028266094,1
2026-08-16T15:13:36Z,NVIDIA H200 NVL,full,normal_0_1,gemv,raw_fp64,64,11,52,fp64,natural,thread_packet,2,128,1,1,2,none,raw,natural/thread_packet/x2/raw,1024,1024,1024,8396800,8396800,0,1024,256,10,1,2112,10.412896156311035,0.0049303485588593913,17.024110028266094,1
2026-08-16T15:13:36Z,NVIDIA H200 NVL,full,normal_0_1,gemv,raw_fp64,64,11,52,fp64,natural,thread_packet,2,128,1,1,2,none,raw,natural/thread_packet/x2/raw,1024,1024,1024,8396800,8396800,0,1024,256,10,2,2112,10.41209602355957,0.0049299697081247968,17.024110028266094,1
2026-08-16T15:13:36Z,NVIDIA H200 NVL,full,normal_0_1,gemv,raw_fp64,64,11,52,fp64,natural,thread_packet,2,128,1,1,2,none,raw,natural/thread_packet/x2/raw,1024,1024,1024,8396800,8396800,0,1024,256,10,3,2112,10.412192344665527,0.0049300153147090568,17.024110028266094,1
2026-08-16T15:13:36Z,NVIDIA H200 NVL,full,normal_0_1,gemv,raw_fp64,64,11,52,fp64,natural,thread_packet,2,128,1,1,2,none,raw,natural/thread_packet/x2/raw,1024,1024,1024,8396800,8396800,0,1024,256,10,4,2112,10.414496421813965,0.0049311062603285818,17.024110028266094,1
2026-08-16T15:13:36Z,NVIDIA H200 NVL,full,normal_0_1,gemv,raw_fp64,64,11,52,fp64,natural,thread_packet,2,128,1,1,2,none,raw,natural/thread_packet/x2/raw,4096,1024,1024,33587200,33587200,0,1024,256,10,0,1404,12.075103759765625,0.0086005012533943194,32.916210500166123,1
2026-08-16T15:13:36Z,NVIDIA H200 NVL,full,normal_0_1,gemv,raw_fp64,64,11,52,fp64,natural,thread_packet,2,128,1,1,2,none,raw,natural/thread_packet/x2/raw,4096,1024,1024,33587200,33587200,0,1024,256,10,1,1404,12.0731201171875,0.0085990884025551988,32.916210500166123,1
2026-08-16T15:13:36Z,NVIDIA H200 NVL,full,normal_0_1,gemv,raw_fp64,64,11,52,fp64,natural,thread_packet,2,128,1,1,2,none,raw,natural/thread_packet/x2/raw,4096,1024,1024,33587200,33587200,0,1024,256,10,2,1404,12.079775810241699,0.0086038289246735747,32.916210500166123,1
2026-08-16T15:13:36Z,NVIDIA H200 NVL,full,normal_0_1,gemv,raw_fp64,64,11,52,fp64,natural,thread_packet,2,128,1,1,2,none,raw,natural/thread_packet/x2/raw,4096,1024,1024,33587200,33587200,0,1024,256,10,3,1404,12.077216148376465,0.008602005803686941,32.916210500166123,1
2026-08-16T15:13:36Z,NVIDIA H200 NVL,full,normal_0_1,gemv,raw_fp64,64,11,52,fp64,natural,thread_packet,2,128,1,1,2,none,raw,natural/thread_packet/x2/raw,4096,1024,1024,33587200,33587200,0,1024,256,10,4,1404,12.07481575012207,0.0086002961183205637,32.916210500166123,1
2026-08-16T15:13:36Z,NVIDIA H200 NVL,full,normal_0_1,gemv,raw_fp64,64,11,52,fp64,natural,thread_packet,2,128,1,1,2,none,raw,natural/thread_packet/x2/raw,16384,1024,1024,134348800,134348800,0,1024,256,10,0,390,14.82975959777832,0.038025024609687999,14.335791721456317,1
2026-08-16T15:13:36Z,NVIDIA H200 NVL,full,normal_0_1,gemv,raw_fp64,64,11,52,fp64,natural,thread_packet,2,128,1,1,2,none,raw,natural/thread_packet/x2/raw,16384,1024,1024,134348800,134348800,0,1024,256,10,1,390,14.803999900817871,0.03795897410466121,14.335791721456317,1
2026-08-16T15:13:36Z,NVIDIA H200 NVL,full,normal_0_1,gemv,raw_fp64,64,11,52,fp64,natural,thread_packet,2,128,1,1,2,none,raw,natural/thread_packet/x2/raw,16384,1024,1024,134348800,134348800,0,1024,256,10,2,390,14.822048187255859,0.038005251762194513,14.335791721456317,1
2026-08-16T15:13:36Z,NVIDIA H200 NVL,full,normal_0_1,gemv,raw_fp64,64,11,52,fp64,natural,thread_packet,2,128,1,1,2,none,raw,natural/thread_packet/x2/raw,16384,1024,1024,134348800,134348800,0,1024,256,10,3,390,14.81107234954834,0.037977108588585488,14.335791721456317,1
2026-08-16T15:13:36Z,NVIDIA H200 NVL,full,normal_0_1,gemv,raw_fp64,64,11,52,fp64,natural,thread_packet,2,128,1,1,2,none,raw,natural/thread_packet/x2/raw,16384,1024,1024,134348800,134348800,0,1024,256,10,4,390,14.819519996643066,0.037998769222161707,14.335791721456317,1
2026-08-16T15:13:36Z,NVIDIA H200 NVL,full,normal_0_1,gemv,raw_fp64,64,11,52,fp64,natural,thread_packet,2,128,1,1,2,none,raw,natural/thread_packet/x2/raw,65536,1024,1024,537395200,537395200,0,1024,256,10,0,113,14.911999702453613,0.13196459913675765,424.98861562004186,1
2026-08-16T15:13:36Z,NVIDIA H200 NVL,full,normal_0_1,gemv,raw_fp64,64,11,52,fp64,natural,thread_packet,2,128,1,1,2,none,raw,natural/thread_packet/x2/raw,65536,1024,1024,537395200,537395200,0,1024,256,10,1,113,14.926400184631348,0.13209203703213582,424.98861562004186,1
2026-08-16T15:13:36Z,NVIDIA H200 NVL,full,normal_0_1,gemv,raw_fp64,64,11,52,fp64,natural,thread_packet,2,128,1,1,2,none,raw,natural/thread_packet/x2/raw,65536,1024,1024,537395200,537395200,0,1024,256,10,2,113,14.920384407043457,0.13203880006233149,424.98861562004186,1
2026-08-16T15:13:36Z,NVIDIA H200 NVL,full,normal_0_1,gemv,raw_fp64,64,11,52,fp64,natural,thread_packet,2,128,1,1,2,none,raw,natural/thread_packet/x2/raw,65536,1024,1024,537395200,537395200,0,1024,256,10,3,113,14.912544250488281,0.13196941814591398,424.98861562004186,1
2026-08-16T15:13:36Z,NVIDIA H200 NVL,full,normal_0_1,gemv,raw_fp64,64,11,52,fp64,natural,thread_packet,2,128,1,1,2,none,raw,natural/thread_packet/x2/raw,65536,1024,1024,537395200,537395200,0,1024,256,10,4,113,14.924736022949219,0.13207730993760369,424.98861562004186,1
2026-08-16T15:13:36Z,NVIDIA H200 NVL,full,normal_0_1,dot,raw_fp64,64,11,52,fp64,natural,thread_packet,4,128,1,1,4,none,raw,natural/thread_packet/x4/raw,4096,0,1,65536,65536,0,4,256,10,0,2112,11.234047889709473,0.0053191514629306212,32.916210500166137,1
2026-08-16T15:13:36Z,NVIDIA H200 NVL,full,normal_0_1,dot,raw_fp64,64,11,52,fp64,natural,thread_packet,4,128,1,1,4,none,raw,natural/thread_packet/x4/raw,4096,0,1,65536,65536,0,4,256,10,1,2112,11.282976150512695,0.0053423182530836629,32.916210500166137,1
2026-08-16T15:13:36Z,NVIDIA H200 NVL,full,normal_0_1,dot,raw_fp64,64,11,52,fp64,natural,thread_packet,4,128,1,1,4,none,raw,natural/thread_packet/x4/raw,4096,0,1,65536,65536,0,4,256,10,2,2112,11.28444766998291,0.00534301499525706,32.916210500166137,1
2026-08-16T15:13:36Z,NVIDIA H200 NVL,full,normal_0_1,dot,raw_fp64,64,11,52,fp64,natural,thread_packet,4,128,1,1,4,none,raw,natural/thread_packet/x4/raw,4096,0,1,65536,65536,0,4,256,10,3,2112,11.285632133483887,0.0053435758207783556,32.916210500166137,1
2026-08-16T15:13:36Z,NVIDIA H200 NVL,full,normal_0_1,dot,raw_fp64,64,11,52,fp64,natural,thread_packet,4,128,1,1,4,none,raw,natural/thread_packet/x4/raw,4096,0,1,65536,65536,0,4,256,10,4,2112,11.286815643310547,0.0053441361947493124,32.916210500166137,1
2026-08-16T15:13:36Z,NVIDIA H200 NVL,full,normal_0_1,dot,raw_fp64,64,11,52,fp64,natural,thread_packet,4,128,1,1,4,none,raw,natural/thread_packet/x4/raw,65536,0,1,1048576,1048576,0,64,256,10,0,2056,11.237504005432129,0.0054657120648988955,424.98861562004174,1
2026-08-16T15:13:36Z,NVIDIA H200 NVL,full,normal_0_1,dot,raw_fp64,64,11,52,fp64,natural,thread_packet,4,128,1,1,4,none,raw,natural/thread_packet/x4/raw,65536,0,1,1048576,1048576,0,64,256,10,1,2056,11.226112365722656,0.0054601713841063507,424.98861562004174,1
2026-08-16T15:13:36Z,NVIDIA H200 NVL,full,normal_0_1,dot,raw_fp64,64,11,52,fp64,natural,thread_packet,4,128,1,1,4,none,raw,natural/thread_packet/x4/raw,65536,0,1,1048576,1048576,0,64,256,10,2,2056,11.225376129150391,0.0054598132923883219,424.98861562004174,1
2026-08-16T15:13:36Z,NVIDIA H200 NVL,full,normal_0_1,dot,raw_fp64,64,11,52,fp64,natural,thread_packet,4,128,1,1,4,none,raw,natural/thread_packet/x4/raw,65536,0,1,1048576,1048576,0,64,256,10,3,2056,11.226911544799805,0.0054605600898831735,424.98861562004174,1
2026-08-16T15:13:36Z,NVIDIA H200 NVL,full,normal_0_1,dot,raw_fp64,64,11,52,fp64,natural,thread_packet,4,128,1,1,4,none,raw,natural/thread_packet/x4/raw,65536,0,1,1048576,1048576,0,64,256,10,4,2056,11.226943969726562,0.0054605758607619466,424.98861562004174,1
2026-08-16T15:13:36Z,NVIDIA H200 NVL,full,normal_0_1,dot,raw_fp64,64,11,52,fp64,natural,thread_packet,4,128,1,1,4,none,raw,natural/thread_packet/x4/raw,1048576,0,1,16777216,16777216,0,512,256,10,0,1391,12.085056304931641,0.0086880347267660959,-1214.739883708148,1
2026-08-16T15:13:36Z,NVIDIA H200 NVL,full,normal_0_1,dot,raw_fp64,64,11,52,fp64,natural,thread_packet,4,128,1,1,4,none,raw,natural/thread_packet/x4/raw,1048576,0,1,16777216,16777216,0,512,256,10,1,1391,12.071904182434082,0.0086785795704055219,-1214.739883708148,1
2026-08-16T15:13:36Z,NVIDIA H200 NVL,full,normal_0_1,dot,raw_fp64,64,11,52,fp64,natural,thread_packet,4,128,1,1,4,none,raw,natural/thread_packet/x4/raw,1048576,0,1,16777216,16777216,0,512,256,10,2,1391,12.072256088256836,0.0086788325580566764,-1214.739883708148,1
2026-08-16T15:13:36Z,NVIDIA H200 NVL,full,normal_0_1,dot,raw_fp64,64,11,52,fp64,natural,thread_packet,4,128,1,1,4,none,raw,natural/thread_packet/x4/raw,1048576,0,1,16777216,16777216,0,512,256,10,3,1391,12.069120407104492,0.00867657829410819,-1214.739883708148,1
2026-08-16T15:13:36Z,NVIDIA H200 NVL,full,normal_0_1,dot,raw_fp64,64,11,52,fp64,natural,thread_packet,4,128,1,1,4,none,raw,natural/thread_packet/x4/raw,1048576,0,1,16777216,16777216,0,512,256,10,4,1391,12.067296028137207,0.0086752667348218605,-1214.739883708148,1
2026-08-16T15:13:36Z,NVIDIA H200 NVL,full,normal_0_1,dot,raw_fp64,64,11,52,fp64,natural,thread_packet,4,128,1,1,4,none,raw,natural/thread_packet/x4/raw,16777216,0,1,268435456,268435456,0,512,256,10,0,215,14.935615539550781,0.069467979253724568,-2896.1557629640774,1
2026-08-16T15:13:36Z,NVIDIA H200 NVL,full,normal_0_1,dot,raw_fp64,64,11,52,fp64,natural,thread_packet,4,128,1,1,4,none,raw,natural/thread_packet/x4/raw,16777216,0,1,268435456,268435456,0,512,256,10,1,215,14.911359786987305,0.069355161799940945,-2896.1557629640774,1
2026-08-16T15:13:36Z,NVIDIA H200 NVL,full,normal_0_1,dot,raw_fp64,64,11,52,fp64,natural,thread_packet,4,128,1,1,4,none,raw,natural/thread_packet/x4/raw,16777216,0,1,268435456,268435456,0,512,256,10,2,215,14.930815696716309,0.069445654403331669,-2896.1557629640774,1
2026-08-16T15:13:36Z,NVIDIA H200 NVL,full,normal_0_1,dot,raw_fp64,64,11,52,fp64,natural,thread_packet,4,128,1,1,4,none,raw,natural/thread_packet/x4/raw,16777216,0,1,268435456,268435456,0,512,256,10,3,215,14.929632186889648,0.069440149706463478,-2896.1557629640774,1
2026-08-16T15:13:36Z,NVIDIA H200 NVL,full,normal_0_1,dot,raw_fp64,64,11,52,fp64,natural,thread_packet,4,128,1,1,4,none,raw,natural/thread_packet/x4/raw,16777216,0,1,268435456,268435456,0,512,256,10,4,215,14.912384033203125,0.069359925735828484,-2896.1557629640774,1
2026-08-16T15:13:36Z,NVIDIA H200 NVL,full,normal_0_1,dot,raw_fp64,64,11,52,fp64,natural,thread_packet,4,128,1,1,4,none,raw,natural/thread_packet/x4/raw,134217728,0,1,2147483648,2147483648,0,512,256,10,0,30,15.096287727355957,0.50320959091186523,13110.07746788823,1
2026-08-16T15:13:36Z,NVIDIA H200 NVL,full,normal_0_1,dot,raw_fp64,64,11,52,fp64,natural,thread_packet,4,128,1,1,4,none,raw,natural/thread_packet/x4/raw,134217728,0,1,2147483648,2147483648,0,512,256,10,1,30,15.088095664978027,0.50293652216593421,13110.07746788823,1
2026-08-16T15:13:36Z,NVIDIA H200 NVL,full,normal_0_1,dot,raw_fp64,64,11,52,fp64,natural,thread_packet,4,128,1,1,4,none,raw,natural/thread_packet/x4/raw,134217728,0,1,2147483648,2147483648,0,512,256,10,2,30,15.113375663757324,0.50377918879191086,13110.07746788823,1
2026-08-16T15:13:36Z,NVIDIA H200 NVL,full,normal_0_1,dot,raw_fp64,64,11,52,fp64,natural,thread_packet,4,128,1,1,4,none,raw,natural/thread_packet/x4/raw,134217728,0,1,2147483648,2147483648,0,512,256,10,3,30,15.084927558898926,0.50283091862996421,13110.07746788823,1
2026-08-16T15:13:36Z,NVIDIA H200 NVL,full,normal_0_1,dot,raw_fp64,64,11,52,fp64,natural,thread_packet,4,128,1,1,4,none,raw,natural/thread_packet/x4/raw,134217728,0,1,2147483648,2147483648,0,512,256,10,4,30,15.084992408752441,0.502833080291748,13110.07746788823,1
2026-08-16T15:13:36Z,NVIDIA H200 NVL,full,normal_0_1,gemv,raw_fp64,64,11,52,fp64,natural,thread_packet,4,128,1,1,4,none,raw,natural/thread_packet/x4/raw,256,1024,1024,2099200,2099200,0,1024,256,10,0,2310,9.7074880599975586,0.0042023757835487263,18.843530593165923,1
2026-08-16T15:13:36Z,NVIDIA H200 NVL,full,normal_0_1,gemv,raw_fp64,64,11,52,fp64,natural,thread_packet,4,128,1,1,4,none,raw,natural/thread_packet/x4/raw,256,1024,1024,2099200,2099200,0,1024,256,10,1,2310,9.7305278778076172,0.0042123497306526484,18.843530593165923,1
2026-08-16T15:13:36Z,NVIDIA H200 NVL,full,normal_0_1,gemv,raw_fp64,64,11,52,fp64,natural,thread_packet,4,128,1,1,4,none,raw,natural/thread_packet/x4/raw,256,1024,1024,2099200,2099200,0,1024,256,10,2,2310,9.7437763214111328,0.0042180849876238668,18.843530593165923,1
2026-08-16T15:13:36Z,NVIDIA H200 NVL,full,normal_0_1,gemv,raw_fp64,64,11,52,fp64,natural,thread_packet,4,128,1,1,4,none,raw,natural/thread_packet/x4/raw,256,1024,1024,2099200,2099200,0,1024,256,10,3,2310,9.749664306640625,0.0042206338989786256,18.843530593165923,1
2026-08-16T15:13:36Z,NVIDIA H200 NVL,full,normal_0_1,gemv,raw_fp64,64,11,52,fp64,natural,thread_packet,4,128,1,1,4,none,raw,natural/thread_packet/x4/raw,256,1024,1024,2099200,2099200,0,1024,256,10,4,2310,9.7527036666870117,0.0042219496392584465,18.843530593165923,1
2026-08-16T15:13:36Z,NVIDIA H200 NVL,full,normal_0_1,gemv,raw_fp64,64,11,52,fp64,natural,thread_packet,4,128,1,1,4,none,raw,natural/thread_packet/x4/raw,1024,1024,1024,8396800,8396800,0,1024,256,10,0,1810,11.052319526672363,0.0061062538821394273,17.024110028266101,1
2026-08-16T15:13:36Z,NVIDIA H200 NVL,full,normal_0_1,gemv,raw_fp64,64,11,52,fp64,natural,thread_packet,4,128,1,1,4,none,raw,natural/thread_packet/x4/raw,1024,1024,1024,8396800,8396800,0,1024,256,10,1,1810,11.055232048034668,0.0061078630099639045,17.024110028266101,1
2026-08-16T15:13:36Z,NVIDIA H200 NVL,full,normal_0_1,gemv,raw_fp64,64,11,52,fp64,natural,thread_packet,4,128,1,1,4,none,raw,natural/thread_packet/x4/raw,1024,1024,1024,8396800,8396800,0,1024,256,10,2,1810,11.058208465576172,0.006109507439544846,17.024110028266101,1
2026-08-16T15:13:36Z,NVIDIA H200 NVL,full,normal_0_1,gemv,raw_fp64,64,11,52,fp64,natural,thread_packet,4,128,1,1,4,none,raw,natural/thread_packet/x4/raw,1024,1024,1024,8396800,8396800,0,1024,256,10,3,1810,11.058079719543457,0.0061094363091400315,17.024110028266101,1
2026-08-16T15:13:36Z,NVIDIA H200 NVL,full,normal_0_1,gemv,raw_fp64,64,11,52,fp64,natural,thread_packet,4,128,1,1,4,none,raw,natural/thread_packet/x4/raw,1024,1024,1024,8396800,8396800,0,1024,256,10,4,1810,11.059328079223633,0.006110126010620792,17.024110028266101,1
2026-08-16T15:13:36Z,NVIDIA H200 NVL,full,normal_0_1,gemv,raw_fp64,64,11,52,fp64,natural,thread_packet,4,128,1,1,4,none,raw,natural/thread_packet/x4/raw,4096,1024,1024,33587200,33587200,0,1024,256,10,0,996,13.006272315979004,0.013058506341344381,32.916210500166144,1
2026-08-16T15:13:36Z,NVIDIA H200 NVL,full,normal_0_1,gemv,raw_fp64,64,11,52,fp64,natural,thread_packet,4,128,1,1,4,none,raw,natural/thread_packet/x4/raw,4096,1024,1024,33587200,33587200,0,1024,256,10,1,996,12.999456405639648,0.013051663057871133,32.916210500166144,1
2026-08-16T15:13:36Z,NVIDIA H200 NVL,full,normal_0_1,gemv,raw_fp64,64,11,52,fp64,natural,thread_packet,4,128,1,1,4,none,raw,natural/thread_packet/x4/raw,4096,1024,1024,33587200,33587200,0,1024,256,10,2,996,13.000703811645508,0.013052915473539666,32.916210500166144,1
2026-08-16T15:13:36Z,NVIDIA H200 NVL,full,normal_0_1,gemv,raw_fp64,64,11,52,fp64,natural,thread_packet,4,128,1,1,4,none,raw,natural/thread_packet/x4/raw,4096,1024,1024,33587200,33587200,0,1024,256,10,3,996,12.988096237182617,0.013040257266247607,32.916210500166144,1
2026-08-16T15:13:36Z,NVIDIA H200 NVL,full,normal_0_1,gemv,raw_fp64,64,11,52,fp64,natural,thread_packet,4,128,1,1,4,none,raw,natural/thread_packet/x4/raw,4096,1024,1024,33587200,33587200,0,1024,256,10,4,996,12.99407958984375,0.0130462646484375,32.916210500166144,1
2026-08-16T15:13:36Z,NVIDIA H200 NVL,full,normal_0_1,gemv,raw_fp64,64,11,52,fp64,natural,thread_packet,4,128,1,1,4,none,raw,natural/thread_packet/x4/raw,16384,1024,1024,134348800,134348800,0,1024,256,10,0,336,14.160767555236816,0.042145141533442905,14.335791721456317,1
2026-08-16T15:13:36Z,NVIDIA H200 NVL,full,normal_0_1,gemv,raw_fp64,64,11,52,fp64,natural,thread_packet,4,128,1,1,4,none,raw,natural/thread_packet/x4/raw,16384,1024,1024,134348800,134348800,0,1024,256,10,1,336,14.142687797546387,0.042091332730792817,14.335791721456317,1
2026-08-16T15:13:36Z,NVIDIA H200 NVL,full,normal_0_1,gemv,raw_fp64,64,11,52,fp64,natural,thread_packet,4,128,1,1,4,none,raw,natural/thread_packet/x4/raw,16384,1024,1024,134348800,134348800,0,1024,256,10,2,336,14.158368110656738,0.042138000329335533,14.335791721456317,1
2026-08-16T15:13:36Z,NVIDIA H200 NVL,full,normal_0_1,gemv,raw_fp64,64,11,52,fp64,natural,thread_packet,4,128,1,1,4,none,raw,natural/thread_packet/x4/raw,16384,1024,1024,134348800,134348800,0,1024,256,10,3,336,14.146847724914551,0.042103713467007593,14.335791721456317,1
2026-08-16T15:13:36Z,NVIDIA H200 NVL,full,normal_0_1,gemv,raw_fp64,64,11,52,fp64,natural,thread_packet,4,128,1,1,4,none,raw,natural/thread_packet/x4/raw,16384,1024,1024,134348800,134348800,0,1024,256,10,4,336,14.163135528564453,0.042152189073108491,14.335791721456317,1
2026-08-16T15:13:36Z,NVIDIA H200 NVL,full,normal_0_1,gemv,raw_fp64,64,11,52,fp64,natural,thread_packet,4,128,1,1,4,none,raw,natural/thread_packet/x4/raw,65536,1024,1024,537395200,537395200,0,1024,256,10,0,97,14.852095603942871,0.15311438766951413,424.98861562004163,1
2026-08-16T15:13:36Z,NVIDIA H200 NVL,full,normal_0_1,gemv,raw_fp64,64,11,52,fp64,natural,thread_packet,4,128,1,1,4,none,raw,natural/thread_packet/x4/raw,65536,1024,1024,537395200,537395200,0,1024,256,10,1,97,14.872415542602539,0.15332387157322205,424.98861562004163,1
2026-08-16T15:13:36Z,NVIDIA H200 NVL,full,normal_0_1,gemv,raw_fp64,64,11,52,fp64,natural,thread_packet,4,128,1,1,4,none,raw,natural/thread_packet/x4/raw,65536,1024,1024,537395200,537395200,0,1024,256,10,2,97,14.865983963012695,0.15325756662899687,424.98861562004163,1
2026-08-16T15:13:36Z,NVIDIA H200 NVL,full,normal_0_1,gemv,raw_fp64,64,11,52,fp64,natural,thread_packet,4,128,1,1,4,none,raw,natural/thread_packet/x4/raw,65536,1024,1024,537395200,537395200,0,1024,256,10,3,97,14.83516788482666,0.15293987510130577,424.98861562004163,1
2026-08-16T15:13:36Z,NVIDIA H200 NVL,full,normal_0_1,gemv,raw_fp64,64,11,52,fp64,natural,thread_packet,4,128,1,1,4,none,raw,natural/thread_packet/x4/raw,65536,1024,1024,537395200,537395200,0,1024,256,10,4,97,14.83955192565918,0.15298507139854825,424.98861562004163,1
2026-08-16T15:13:36Z,NVIDIA H200 NVL,full,normal_0_1,dot,raw_fp64,64,11,52,fp64,natural,thread_packet,8,128,1,1,8,none,raw,natural/thread_packet/x8/raw,4096,0,1,65536,65536,0,2,256,10,0,1868,11.290240287780762,0.0060440258499897008,32.91621050016613,1
2026-08-16T15:13:36Z,NVIDIA H200 NVL,full,normal_0_1,dot,raw_fp64,64,11,52,fp64,natural,thread_packet,8,128,1,1,8,none,raw,natural/thread_packet/x8/raw,4096,0,1,65536,65536,0,2,256,10,1,1868,11.324543952941895,0.0060623896964357039,32.91621050016613,1
2026-08-16T15:13:36Z,NVIDIA H200 NVL,full,normal_0_1,dot,raw_fp64,64,11,52,fp64,natural,thread_packet,8,128,1,1,8,none,raw,natural/thread_packet/x8/raw,4096,0,1,65536,65536,0,2,256,10,2,1868,11.326496124267578,0.0060634347560318937,32.91621050016613,1
2026-08-16T15:13:36Z,NVIDIA H200 NVL,full,normal_0_1,dot,raw_fp64,64,11,52,fp64,natural,thread_packet,8,128,1,1,8,none,raw,natural/thread_packet/x8/raw,4096,0,1,65536,65536,0,2,256,10,3,1868,11.312159538269043,0.0060557599241268965,32.91621050016613,1
2026-08-16T15:13:36Z,NVIDIA H200 NVL,full,normal_0_1,dot,raw_fp64,64,11,52,fp64,natural,thread_packet,8,128,1,1,8,none,raw,natural/thread_packet/x8/raw,4096,0,1,65536,65536,0,2,256,10,4,1868,11.297375679016113,0.0060478456525782194,32.91621050016613,1
2026-08-16T15:13:36Z,NVIDIA H200 NVL,full,normal_0_1,dot,raw_fp64,64,11,52,fp64,natural,thread_packet,8,128,1,1,8,none,raw,natural/thread_packet/x8/raw,65536,0,1,1048576,1048576,0,32,256,10,0,1839,11.551424026489258,0.006281361623974583,424.98861562004174,1
2026-08-16T15:13:36Z,NVIDIA H200 NVL,full,normal_0_1,dot,raw_fp64,64,11,52,fp64,natural,thread_packet,8,128,1,1,8,none,raw,natural/thread_packet/x8/raw,65536,0,1,1048576,1048576,0,32,256,10,1,1839,11.55020809173584,0.0062807004305251981,424.98861562004174,1
2026-08-16T15:13:36Z,NVIDIA H200 NVL,full,normal_0_1,dot,raw_fp64,64,11,52,fp64,natural,thread_packet,8,128,1,1,8,none,raw,natural/thread_packet/x8/raw,65536,0,1,1048576,1048576,0,32,256,10,2,1839,11.547776222229004,0.0062793780436264292,424.98861562004174,1
2026-08-16T15:13:36Z,NVIDIA H200 NVL,full,normal_0_1,dot,raw_fp64,64,11,52,fp64,natural,thread_packet,8,128,1,1,8,none,raw,natural/thread_packet/x8/raw,65536,0,1,1048576,1048576,0,32,256,10,3,1839,11.548319816589355,0.0062796736359920363,424.98861562004174,1
2026-08-16T15:13:36Z,NVIDIA H200 NVL,full,normal_0_1,dot,raw_fp64,64,11,52,fp64,natural,thread_packet,8,128,1,1,8,none,raw,natural/thread_packet/x8/raw,65536,0,1,1048576,1048576,0,32,256,10,4,1839,11.550304412841797,0.0062807528074180514,424.98861562004174,1
2026-08-16T15:13:36Z,NVIDIA H200 NVL,full,normal_0_1,dot,raw_fp64,64,11,52,fp64,natural,thread_packet,8,128,1,1,8,none,raw,natural/thread_packet/x8/raw,1048576,0,1,16777216,16777216,0,512,256,10,0,1175,12.590463638305664,0.01071528820281333,-1214.7398837081475,1
2026-08-16T15:13:36Z,NVIDIA H200 NVL,full,normal_0_1,dot,raw_fp64,64,11,52,fp64,natural,thread_packet,8,128,1,1,8,none,raw,natural/thread_packet/x8/raw,1048576,0,1,16777216,16777216,0,512,256,10,1,1175,12.581151962280273,0.010707363372153424,-1214.7398837081475,1
2026-08-16T15:13:36Z,NVIDIA H200 NVL,full,normal_0_1,dot,raw_fp64,64,11,52,fp64,natural,thread_packet,8,128,1,1,8,none,raw,natural/thread_packet/x8/raw,1048576,0,1,16777216,16777216,0,512,256,10,2,1175,12.575008392333984,0.01070213480198637,-1214.7398837081475,1
2026-08-16T15:13:36Z,NVIDIA H200 NVL,full,normal_0_1,dot,raw_fp64,64,11,52,fp64,natural,thread_packet,8,128,1,1,8,none,raw,natural/thread_packet/x8/raw,1048576,0,1,16777216,16777216,0,512,256,10,3,1175,12.589023590087891,0.010714062629862034,-1214.7398837081475,1
2026-08-16T15:13:36Z,NVIDIA H200 NVL,full,normal_0_1,dot,raw_fp64,64,11,52,fp64,natural,thread_packet,8,128,1,1,8,none,raw,natural/thread_packet/x8/raw,1048576,0,1,16777216,16777216,0,512,256,10,4,1175,12.63542366027832,0.010753552051300698,-1214.7398837081475,1
2026-08-16T15:13:36Z,NVIDIA H200 NVL,full,normal_0_1,dot,raw_fp64,64,11,52,fp64,natural,thread_packet,8,128,1,1,8,none,raw,natural/thread_packet/x8/raw,16777216,0,1,268435456,268435456,0,512,256,10,0,171,14.680000305175781,0.085847955001027959,-2896.1557629640783,1
2026-08-16T15:13:36Z,NVIDIA H200 NVL,full,normal_0_1,dot,raw_fp64,64,11,52,fp64,natural,thread_packet,8,128,1,1,8,none,raw,natural/thread_packet/x8/raw,16777216,0,1,268435456,268435456,0,512,256,10,1,171,14.667488098144531,0.085774784199675616,-2896.1557629640783,1
2026-08-16T15:13:36Z,NVIDIA H200 NVL,full,normal_0_1,dot,raw_fp64,64,11,52,fp64,natural,thread_packet,8,128,1,1,8,none,raw,natural/thread_packet/x8/raw,16777216,0,1,268435456,268435456,0,512,256,10,2,171,14.659232139587402,0.08572650374027721,-2896.1557629640783,1
2026-08-16T15:13:36Z,NVIDIA H200 NVL,full,normal_0_1,dot,raw_fp64,64,11,52,fp64,natural,thread_packet,8,128,1,1,8,none,raw,natural/thread_packet/x8/raw,16777216,0,1,268435456,268435456,0,512,256,10,3,171,14.64140796661377,0.085622268810606833,-2896.1557629640783,1
2026-08-16T15:13:36Z,NVIDIA H200 NVL,full,normal_0_1,dot,raw_fp64,64,11,52,fp64,natural,thread_packet,8,128,1,1,8,none,raw,natural/thread_packet/x8/raw,16777216,0,1,268435456,268435456,0,512,256,10,4,171,14.65494441986084,0.085701429355911338,-2896.1557629640783,1
2026-08-16T15:13:36Z,NVIDIA H200 NVL,full,normal_0_1,dot,raw_fp64,64,11,52,fp64,natural,thread_packet,8,128,1,1,8,none,raw,natural/thread_packet/x8/raw,134217728,0,1,2147483648,2147483648,0,512,256,10,0,25,15.243871688842773,0.60975486755371089,13110.077467888219,1
2026-08-16T15:13:36Z,NVIDIA H200 NVL,full,normal_0_1,dot,raw_fp64,64,11,52,fp64,natural,thread_packet,8,128,1,1,8,none,raw,natural/thread_packet/x8/raw,134217728,0,1,2147483648,2147483648,0,512,256,10,1,25,15.222240447998047,0.60888961791992191,13110.077467888219,1
2026-08-16T15:13:36Z,NVIDIA H200 NVL,full,normal_0_1,dot,raw_fp64,64,11,52,fp64,natural,thread_packet,8,128,1,1,8,none,raw,natural/thread_packet/x8/raw,134217728,0,1,2147483648,2147483648,0,512,256,10,2,25,15.214847564697266,0.60859390258789059,13110.077467888219,1
2026-08-16T15:13:36Z,NVIDIA H200 NVL,full,normal_0_1,dot,raw_fp64,64,11,52,fp64,natural,thread_packet,8,128,1,1,8,none,raw,natural/thread_packet/x8/raw,134217728,0,1,2147483648,2147483648,0,512,256,10,3,25,15.216640472412109,0.60866561889648441,13110.077467888219,1
2026-08-16T15:13:36Z,NVIDIA H200 NVL,full,normal_0_1,dot,raw_fp64,64,11,52,fp64,natural,thread_packet,8,128,1,1,8,none,raw,natural/thread_packet/x8/raw,134217728,0,1,2147483648,2147483648,0,512,256,10,4,25,15.213664054870605,0.60854656219482417,13110.077467888219,1
2026-08-16T15:13:36Z,NVIDIA H200 NVL,full,normal_0_1,gemv,raw_fp64,64,11,52,fp64,natural,thread_packet,8,128,1,1,8,none,raw,natural/thread_packet/x8/raw,256,1024,1024,2099200,2099200,0,1024,256,10,0,2212,10.573599815368652,0.0047801084156277813,18.843530593165923,1
2026-08-16T15:13:36Z,NVIDIA H200 NVL,full,normal_0_1,gemv,raw_fp64,64,11,52,fp64,natural,thread_packet,8,128,1,1,8,none,raw,natural/thread_packet/x8/raw,256,1024,1024,2099200,2099200,0,1024,256,10,1,2212,10.580320358276367,0.0047831466357488098,18.843530593165923,1
2026-08-16T15:13:36Z,NVIDIA H200 NVL,full,normal_0_1,gemv,raw_fp64,64,11,52,fp64,natural,thread_packet,8,128,1,1,8,none,raw,natural/thread_packet/x8/raw,256,1024,1024,2099200,2099200,0,1024,256,10,2,2212,10.610143661499023,0.0047966291417265022,18.843530593165923,1
2026-08-16T15:13:36Z,NVIDIA H200 NVL,full,normal_0_1,gemv,raw_fp64,64,11,52,fp64,natural,thread_packet,8,128,1,1,8,none,raw,natural/thread_packet/x8/raw,256,1024,1024,2099200,2099200,0,1024,256,10,3,2212,10.63526439666748,0.0048079857127791507,18.843530593165923,1
2026-08-16T15:13:36Z,NVIDIA H200 NVL,full,normal_0_1,gemv,raw_fp64,64,11,52,fp64,natural,thread_packet,8,128,1,1,8,none,raw,natural/thread_packet/x8/raw,256,1024,1024,2099200,2099200,0,1024,256,10,4,2212,10.633343696594238,0.0048071174035236161,18.843530593165923,1
2026-08-16T15:13:36Z,NVIDIA H200 NVL,full,normal_0_1,gemv,raw_fp64,64,11,52,fp64,natural,thread_packet,8,128,1,1,8,none,raw,natural/thread_packet/x8/raw,1024,1024,1024,8396800,8396800,0,1024,256,10,0,1434,11.967328071594238,0.0083454170652679481,17.024110028266087,1
2026-08-16T15:13:36Z,NVIDIA H200 NVL,full,normal_0_1,gemv,raw_fp64,64,11,52,fp64,natural,thread_packet,8,128,1,1,8,none,raw,natural/thread_packet/x8/raw,1024,1024,1024,8396800,8396800,0,1024,256,10,1,1434,11.961888313293457,0.008341623649437557,17.024110028266087,1
2026-08-16T15:13:36Z,NVIDIA H200 NVL,full,normal_0_1,gemv,raw_fp64,64,11,52,fp64,natural,thread_packet,8,128,1,1,8,none,raw,natural/thread_packet/x8/raw,1024,1024,1024,8396800,8396800,0,1024,256,10,2,1434,11.961952209472656,0.008341668207442577,17.024110028266087,1
2026-08-16T15:13:36Z,NVIDIA H200 NVL,full,normal_0_1,gemv,raw_fp64,64,11,52,fp64,natural,thread_packet,8,128,1,1,8,none,raw,natural/thread_packet/x8/raw,1024,1024,1024,8396800,8396800,0,1024,256,10,3,1434,11.968064308166504,0.0083459304798929601,17.024110028266087,1
2026-08-16T15:13:36Z,NVIDIA H200 NVL,full,normal_0_1,gemv,raw_fp64,64,11,52,fp64,natural,thread_packet,8,128,1,1,8,none,raw,natural/thread_packet/x8/raw,1024,1024,1024,8396800,8396800,0,1024,256,10,4,1434,11.970368385314941,0.0083475372282530973,17.024110028266087,1
2026-08-16T15:13:36Z,NVIDIA H200 NVL,full,normal_0_1,gemv,raw_fp64,64,11,52,fp64,natural,thread_packet,8,128,1,1,8,none,raw,natural/thread_packet/x8/raw,4096,1024,1024,33587200,33587200,0,1024,256,10,0,603,13.618975639343262,0.022585365902725144,32.916210500166123,1
2026-08-16T15:13:36Z,NVIDIA H200 NVL,full,normal_0_1,gemv,raw_fp64,64,11,52,fp64,natural,thread_packet,8,128,1,1,8,none,raw,natural/thread_packet/x8/raw,4096,1024,1024,33587200,33587200,0,1024,256,10,1,603,13.598112106323242,0.022550766345478014,32.916210500166123,1
2026-08-16T15:13:36Z,NVIDIA H200 NVL,full,normal_0_1,gemv,raw_fp64,64,11,52,fp64,natural,thread_packet,8,128,1,1,8,none,raw,natural/thread_packet/x8/raw,4096,1024,1024,33587200,33587200,0,1024,256,10,2,603,13.601632118225098,0.022556603844486066,32.916210500166123,1
2026-08-16T15:13:36Z,NVIDIA H200 NVL,full,normal_0_1,gemv,raw_fp64,64,11,52,fp64,natural,thread_packet,8,128,1,1,8,none,raw,natural/thread_packet/x8/raw,4096,1024,1024,33587200,33587200,0,1024,256,10,3,603,13.593471527099609,0.022543070525869999,32.916210500166123,1
2026-08-16T15:13:36Z,NVIDIA H200 NVL,full,normal_0_1,gemv,raw_fp64,64,11,52,fp64,natural,thread_packet,8,128,1,1,8,none,raw,natural/thread_packet/x8/raw,4096,1024,1024,33587200,33587200,0,1024,256,10,4,603,13.596575736999512,0.022548218469319255,32.916210500166123,1
2026-08-16T15:13:36Z,NVIDIA H200 NVL,full,normal_0_1,gemv,raw_fp64,64,11,52,fp64,natural,thread_packet,8,128,1,1,8,none,raw,natural/thread_packet/x8/raw,16384,1024,1024,134348800,134348800,0,1024,256,10,0,185,14.763039588928223,0.079800213994206615,14.335791721456346,1
2026-08-16T15:13:36Z,NVIDIA H200 NVL,full,normal_0_1,gemv,raw_fp64,64,11,52,fp64,natural,thread_packet,8,128,1,1,8,none,raw,natural/thread_packet/x8/raw,16384,1024,1024,134348800,134348800,0,1024,256,10,1,185,14.747136116027832,0.079714249275826113,14.335791721456346,1
2026-08-16T15:13:36Z,NVIDIA H200 NVL,full,normal_0_1,gemv,raw_fp64,64,11,52,fp64,natural,thread_packet,8,128,1,1,8,none,raw,natural/thread_packet/x8/raw,16384,1024,1024,134348800,134348800,0,1024,256,10,2,185,14.764351844787598,0.079807307269122149,14.335791721456346,1
2026-08-16T15:13:36Z,NVIDIA H200 NVL,full,normal_0_1,gemv,raw_fp64,64,11,52,fp64,natural,thread_packet,8,128,1,1,8,none,raw,natural/thread_packet/x8/raw,16384,1024,1024,134348800,134348800,0,1024,256,10,3,185,14.804672241210938,0.080025255357896966,14.335791721456346,1
2026-08-16T15:13:36Z,NVIDIA H200 NVL,full,normal_0_1,gemv,raw_fp64,64,11,52,fp64,natural,thread_packet,8,128,1,1,8,none,raw,natural/thread_packet/x8/raw,16384,1024,1024,134348800,134348800,0,1024,256,10,4,185,14.800800323486328,0.080004326072899076,14.335791721456346,1
2026-08-16T15:13:36Z,NVIDIA H200 NVL,full,normal_0_1,gemv,raw_fp64,64,11,52,fp64,natural,thread_packet,8,128,1,1,8,none,raw,natural/thread_packet/x8/raw,65536,1024,1024,537395200,537395200,0,1024,256,10,0,50,15.080896377563477,0.30161792755126954,424.98861562004186,1
2026-08-16T15:13:36Z,NVIDIA H200 NVL,full,normal_0_1,gemv,raw_fp64,64,11,52,fp64,natural,thread_packet,8,128,1,1,8,none,raw,natural/thread_packet/x8/raw,65536,1024,1024,537395200,537395200,0,1024,256,10,1,50,15.082079887390137,0.30164159774780275,424.98861562004186,1
2026-08-16T15:13:36Z,NVIDIA H200 NVL,full,normal_0_1,gemv,raw_fp64,64,11,52,fp64,natural,thread_packet,8,128,1,1,8,none,raw,natural/thread_packet/x8/raw,65536,1024,1024,537395200,537395200,0,1024,256,10,2,50,15.085856437683105,0.30171712875366213,424.98861562004186,1
2026-08-16T15:13:36Z,NVIDIA H200 NVL,full,normal_0_1,gemv,raw_fp64,64,11,52,fp64,natural,thread_packet,8,128,1,1,8,none,raw,natural/thread_packet/x8/raw,65536,1024,1024,537395200,537395200,0,1024,256,10,3,50,15.108832359313965,0.30217664718627929,424.98861562004186,1
2026-08-16T15:13:36Z,NVIDIA H200 NVL,full,normal_0_1,gemv,raw_fp64,64,11,52,fp64,natural,thread_packet,8,128,1,1,8,none,raw,natural/thread_packet/x8/raw,65536,1024,1024,537395200,537395200,0,1024,256,10,4,50,15.057663917541504,0.30115327835083006,424.98861562004186,1
