timestamp,gpu,mode,distribution,kernel,format,bits,exponent_bits,mantissa_bits,arithmetic_type,storage_layout,access_method,packet_values,load_word_bits,loader_threads,consumer_threads,values_per_consumer,redistribution,decoder,strategy_id,N,M,rows,logical_input_bytes,physical_input_bytes,table_bytes,blocks,threads,warmup,sample,iterations,total_ms,mean_ms,result,valid
2026-08-16T15:22:36Z,NVIDIA H200 NVL,full,uniform_0_1,dot,raw_fp32,32,8,23,fp32,natural,scalar,1,32,1,1,1,none,raw,natural/scalar/x1/raw,4096,0,1,32768,32768,0,16,256,10,0,1705,8.22362,0.00482323,1019.6925048828125,1
2026-08-16T15:22:36Z,NVIDIA H200 NVL,full,uniform_0_1,dot,raw_fp32,32,8,23,fp32,natural,scalar,1,32,1,1,1,none,raw,natural/scalar/x1/raw,4096,0,1,32768,32768,0,16,256,10,1,1705,8.2164802551269531,0.0048190500030070105,1019.6925048828125,1
2026-08-16T15:22:36Z,NVIDIA H200 NVL,full,uniform_0_1,dot,raw_fp32,32,8,23,fp32,natural,scalar,1,32,1,1,1,none,raw,natural/scalar/x1/raw,4096,0,1,32768,32768,0,16,256,10,2,1705,8.2192316055297852,0.0048206636982579387,1019.6925048828125,1
2026-08-16T15:22:36Z,NVIDIA H200 NVL,full,uniform_0_1,dot,raw_fp32,32,8,23,fp32,natural,scalar,1,32,1,1,1,none,raw,natural/scalar/x1/raw,4096,0,1,32768,32768,0,16,256,10,3,1705,8.2005119323730469,0.0048096844178141035,1019.6925048828125,1
2026-08-16T15:22:36Z,NVIDIA H200 NVL,full,uniform_0_1,dot,raw_fp32,32,8,23,fp32,natural,scalar,1,32,1,1,1,none,raw,natural/scalar/x1/raw,4096,0,1,32768,32768,0,16,256,10,4,1705,8.2002239227294922,0.0048095154972020481,1019.6925048828125,1
2026-08-16T15:22:36Z,NVIDIA H200 NVL,full,uniform_0_1,dot,raw_fp32,32,8,23,fp32,natural,scalar,1,32,1,1,1,none,raw,natural/scalar/x1/raw,65536,0,1,524288,524288,0,256,256,10,0,2103,10.933376312255859,0.0051989426116290345,16361.328125,1
2026-08-16T15:22:36Z,NVIDIA H200 NVL,full,uniform_0_1,dot,raw_fp32,32,8,23,fp32,natural,scalar,1,32,1,1,1,none,raw,natural/scalar/x1/raw,65536,0,1,524288,524288,0,256,256,10,1,2103,10.93455982208252,0.005199505383776757,16361.328125,1
2026-08-16T15:22:36Z,NVIDIA H200 NVL,full,uniform_0_1,dot,raw_fp32,32,8,23,fp32,natural,scalar,1,32,1,1,1,none,raw,natural/scalar/x1/raw,65536,0,1,524288,524288,0,256,256,10,2,2103,10.930720329284668,0.0051976796620469175,16361.328125,1
2026-08-16T15:22:36Z,NVIDIA H200 NVL,full,uniform_0_1,dot,raw_fp32,32,8,23,fp32,natural,scalar,1,32,1,1,1,none,raw,natural/scalar/x1/raw,65536,0,1,524288,524288,0,256,256,10,3,2103,10.932479858398438,0.0051985163378023957,16361.328125,1
2026-08-16T15:22:36Z,NVIDIA H200 NVL,full,uniform_0_1,dot,raw_fp32,32,8,23,fp32,natural,scalar,1,32,1,1,1,none,raw,natural/scalar/x1/raw,65536,0,1,524288,524288,0,256,256,10,4,2103,10.9334716796875,0.0051989879599084639,16361.328125,1
2026-08-16T15:22:36Z,NVIDIA H200 NVL,full,uniform_0_1,dot,raw_fp32,32,8,23,fp32,natural,scalar,1,32,1,1,1,none,raw,natural/scalar/x1/raw,1048576,0,1,8388608,8388608,0,512,256,10,0,1669,11.762944221496582,0.0070478994736348603,261997.40625,1
2026-08-16T15:22:36Z,NVIDIA H200 NVL,full,uniform_0_1,dot,raw_fp32,32,8,23,fp32,natural,scalar,1,32,1,1,1,none,raw,natural/scalar/x1/raw,1048576,0,1,8388608,8388608,0,512,256,10,1,1669,11.767775535583496,0.0070507942094568581,261997.40625,1
2026-08-16T15:22:36Z,NVIDIA H200 NVL,full,uniform_0_1,dot,raw_fp32,32,8,23,fp32,natural,scalar,1,32,1,1,1,none,raw,natural/scalar/x1/raw,1048576,0,1,8388608,8388608,0,512,256,10,2,1669,11.769408226013184,0.0070517724541720693,261997.40625,1
2026-08-16T15:22:36Z,NVIDIA H200 NVL,full,uniform_0_1,dot,raw_fp32,32,8,23,fp32,natural,scalar,1,32,1,1,1,none,raw,natural/scalar/x1/raw,1048576,0,1,8388608,8388608,0,512,256,10,3,1669,11.770591735839844,0.0070524815673096725,261997.40625,1
2026-08-16T15:22:36Z,NVIDIA H200 NVL,full,uniform_0_1,dot,raw_fp32,32,8,23,fp32,natural,scalar,1,32,1,1,1,none,raw,natural/scalar/x1/raw,1048576,0,1,8388608,8388608,0,512,256,10,4,1669,11.769887924194336,0.0070520598706976245,261997.40625,1
2026-08-16T15:22:36Z,NVIDIA H200 NVL,full,uniform_0_1,dot,raw_fp32,32,8,23,fp32,natural,scalar,1,32,1,1,1,none,raw,natural/scalar/x1/raw,16777216,0,1,134217728,134217728,0,512,256,10,0,215,15.073951721191406,0.07011140335437864,4194144.5,1
2026-08-16T15:22:36Z,NVIDIA H200 NVL,full,uniform_0_1,dot,raw_fp32,32,8,23,fp32,natural,scalar,1,32,1,1,1,none,raw,natural/scalar/x1/raw,16777216,0,1,134217728,134217728,0,512,256,10,1,215,15.075200080871582,0.070117209678472472,4194144.5,1
2026-08-16T15:22:36Z,NVIDIA H200 NVL,full,uniform_0_1,dot,raw_fp32,32,8,23,fp32,natural,scalar,1,32,1,1,1,none,raw,natural/scalar/x1/raw,16777216,0,1,134217728,134217728,0,512,256,10,2,215,15.071807861328125,0.070101431913154072,4194144.5,1
2026-08-16T15:22:36Z,NVIDIA H200 NVL,full,uniform_0_1,dot,raw_fp32,32,8,23,fp32,natural,scalar,1,32,1,1,1,none,raw,natural/scalar/x1/raw,16777216,0,1,134217728,134217728,0,512,256,10,3,215,15.071264266967773,0.070098903567291967,4194144.5,1
2026-08-16T15:22:36Z,NVIDIA H200 NVL,full,uniform_0_1,dot,raw_fp32,32,8,23,fp32,natural,scalar,1,32,1,1,1,none,raw,natural/scalar/x1/raw,16777216,0,1,134217728,134217728,0,512,256,10,4,215,15.063648223876953,0.070063480111055593,4194144.5,1
2026-08-16T15:22:36Z,NVIDIA H200 NVL,full,uniform_0_1,dot,raw_fp32,32,8,23,fp32,natural,scalar,1,32,1,1,1,none,raw,natural/scalar/x1/raw,134217728,0,1,1073741824,1073741824,0,512,256,10,0,30,15.117568016052246,0.50391893386840825,33555792,1
2026-08-16T15:22:36Z,NVIDIA H200 NVL,full,uniform_0_1,dot,raw_fp32,32,8,23,fp32,natural,scalar,1,32,1,1,1,none,raw,natural/scalar/x1/raw,134217728,0,1,1073741824,1073741824,0,512,256,10,1,30,15.112704277038574,0.50375680923461919,33555792,1
2026-08-16T15:22:36Z,NVIDIA H200 NVL,full,uniform_0_1,dot,raw_fp32,32,8,23,fp32,natural,scalar,1,32,1,1,1,none,raw,natural/scalar/x1/raw,134217728,0,1,1073741824,1073741824,0,512,256,10,2,30,15.108256340026855,0.50360854466756189,33555792,1
2026-08-16T15:22:36Z,NVIDIA H200 NVL,full,uniform_0_1,dot,raw_fp32,32,8,23,fp32,natural,scalar,1,32,1,1,1,none,raw,natural/scalar/x1/raw,134217728,0,1,1073741824,1073741824,0,512,256,10,3,30,15.09552001953125,0.50318400065104163,33555792,1
2026-08-16T15:22:36Z,NVIDIA H200 NVL,full,uniform_0_1,dot,raw_fp32,32,8,23,fp32,natural,scalar,1,32,1,1,1,none,raw,natural/scalar/x1/raw,134217728,0,1,1073741824,1073741824,0,512,256,10,4,30,15.108256340026855,0.50360854466756189,33555792,1
2026-08-16T15:22:36Z,NVIDIA H200 NVL,full,uniform_0_1,gemv,raw_fp32,32,8,23,fp32,natural,scalar,1,32,1,1,1,none,raw,natural/scalar/x1/raw,256,1024,1024,1049600,1049600,0,1024,256,10,0,2710,9.8486404418945312,0.0036341846649057311,62.262413024902344,1
2026-08-16T15:22:36Z,NVIDIA H200 NVL,full,uniform_0_1,gemv,raw_fp32,32,8,23,fp32,natural,scalar,1,32,1,1,1,none,raw,natural/scalar/x1/raw,256,1024,1024,1049600,1049600,0,1024,256,10,1,2710,9.8520641326904297,0.0036354480194429632,62.262413024902344,1
2026-08-16T15:22:36Z,NVIDIA H200 NVL,full,uniform_0_1,gemv,raw_fp32,32,8,23,fp32,natural,scalar,1,32,1,1,1,none,raw,natural/scalar/x1/raw,256,1024,1024,1049600,1049600,0,1024,256,10,2,2710,9.8520002365112305,0.0036354244415170594,62.262413024902344,1
2026-08-16T15:22:36Z,NVIDIA H200 NVL,full,uniform_0_1,gemv,raw_fp32,32,8,23,fp32,natural,scalar,1,32,1,1,1,none,raw,natural/scalar/x1/raw,256,1024,1024,1049600,1049600,0,1024,256,10,3,2710,9.8508796691894531,0.0036350109480403885,62.262413024902344,1
2026-08-16T15:22:36Z,NVIDIA H200 NVL,full,uniform_0_1,gemv,raw_fp32,32,8,23,fp32,natural,scalar,1,32,1,1,1,none,raw,natural/scalar/x1/raw,256,1024,1024,1049600,1049600,0,1024,256,10,4,2710,9.8533763885498047,0.003635932246697345,62.262413024902344,1
2026-08-16T15:22:36Z,NVIDIA H200 NVL,full,uniform_0_1,gemv,raw_fp32,32,8,23,fp32,natural,scalar,1,32,1,1,1,none,raw,natural/scalar/x1/raw,1024,1024,1024,4198400,4198400,0,1024,256,10,0,2276,9.9549760818481445,0.0043738910728682535,248.53376770019531,1
2026-08-16T15:22:36Z,NVIDIA H200 NVL,full,uniform_0_1,gemv,raw_fp32,32,8,23,fp32,natural,scalar,1,32,1,1,1,none,raw,natural/scalar/x1/raw,1024,1024,1024,4198400,4198400,0,1024,256,10,1,2276,9.9590721130371094,0.0043756907350778161,248.53376770019531,1
2026-08-16T15:22:36Z,NVIDIA H200 NVL,full,uniform_0_1,gemv,raw_fp32,32,8,23,fp32,natural,scalar,1,32,1,1,1,none,raw,natural/scalar/x1/raw,1024,1024,1024,4198400,4198400,0,1024,256,10,2,2276,9.9567041397094727,0.0043746503250041624,248.53376770019531,1
2026-08-16T15:22:36Z,NVIDIA H200 NVL,full,uniform_0_1,gemv,raw_fp32,32,8,23,fp32,natural,scalar,1,32,1,1,1,none,raw,natural/scalar/x1/raw,1024,1024,1024,4198400,4198400,0,1024,256,10,3,2276,9.9649276733398438,0.004378263476862849,248.53376770019531,1
2026-08-16T15:22:36Z,NVIDIA H200 NVL,full,uniform_0_1,gemv,raw_fp32,32,8,23,fp32,natural,scalar,1,32,1,1,1,none,raw,natural/scalar/x1/raw,1024,1024,1024,4198400,4198400,0,1024,256,10,4,2276,9.9722881317138672,0.0043814974216669009,248.53376770019531,1
2026-08-16T15:22:36Z,NVIDIA H200 NVL,full,uniform_0_1,gemv,raw_fp32,32,8,23,fp32,natural,scalar,1,32,1,1,1,none,raw,natural/scalar/x1/raw,4096,1024,1024,16793600,16793600,0,1024,256,10,0,1622,11.505023956298828,0.0070931097141176498,1019.6925048828125,1
2026-08-16T15:22:36Z,NVIDIA H200 NVL,full,uniform_0_1,gemv,raw_fp32,32,8,23,fp32,natural,scalar,1,32,1,1,1,none,raw,natural/scalar/x1/raw,4096,1024,1024,16793600,16793600,0,1024,256,10,1,1622,11.500415802001953,0.0070902686818754331,1019.6925048828125,1
2026-08-16T15:22:36Z,NVIDIA H200 NVL,full,uniform_0_1,gemv,raw_fp32,32,8,23,fp32,natural,scalar,1,32,1,1,1,none,raw,natural/scalar/x1/raw,4096,1024,1024,16793600,16793600,0,1024,256,10,2,1622,11.488960266113281,0.0070832060826838969,1019.6925048828125,1
2026-08-16T15:22:36Z,NVIDIA H200 NVL,full,uniform_0_1,gemv,raw_fp32,32,8,23,fp32,natural,scalar,1,32,1,1,1,none,raw,natural/scalar/x1/raw,4096,1024,1024,16793600,16793600,0,1024,256,10,3,1622,11.487872123718262,0.0070825352180753772,1019.6925048828125,1
2026-08-16T15:22:36Z,NVIDIA H200 NVL,full,uniform_0_1,gemv,raw_fp32,32,8,23,fp32,natural,scalar,1,32,1,1,1,none,raw,natural/scalar/x1/raw,4096,1024,1024,16793600,16793600,0,1024,256,10,4,1622,11.478079795837402,0.0070764980245606674,1019.6925048828125,1
2026-08-16T15:22:36Z,NVIDIA H200 NVL,full,uniform_0_1,gemv,raw_fp32,32,8,23,fp32,natural,scalar,1,32,1,1,1,none,raw,natural/scalar/x1/raw,16384,1024,1024,67174400,67174400,0,1024,256,10,0,434,14.755359649658203,0.033998524538382958,4110.29638671875,1
2026-08-16T15:22:36Z,NVIDIA H200 NVL,full,uniform_0_1,gemv,raw_fp32,32,8,23,fp32,natural,scalar,1,32,1,1,1,none,raw,natural/scalar/x1/raw,16384,1024,1024,67174400,67174400,0,1024,256,10,1,434,14.744192123413086,0.033972792911090059,4110.29638671875,1
2026-08-16T15:22:36Z,NVIDIA H200 NVL,full,uniform_0_1,gemv,raw_fp32,32,8,23,fp32,natural,scalar,1,32,1,1,1,none,raw,natural/scalar/x1/raw,16384,1024,1024,67174400,67174400,0,1024,256,10,2,434,14.746208190917969,0.03397743822792159,4110.29638671875,1
2026-08-16T15:22:36Z,NVIDIA H200 NVL,full,uniform_0_1,gemv,raw_fp32,32,8,23,fp32,natural,scalar,1,32,1,1,1,none,raw,natural/scalar/x1/raw,16384,1024,1024,67174400,67174400,0,1024,256,10,3,434,14.744064331054688,0.033972498458651357,4110.29638671875,1
2026-08-16T15:22:36Z,NVIDIA H200 NVL,full,uniform_0_1,gemv,raw_fp32,32,8,23,fp32,natural,scalar,1,32,1,1,1,none,raw,natural/scalar/x1/raw,16384,1024,1024,67174400,67174400,0,1024,256,10,4,434,14.763232231140137,0.034016664127051004,4110.29638671875,1
2026-08-16T15:22:36Z,NVIDIA H200 NVL,full,uniform_0_1,gemv,raw_fp32,32,8,23,fp32,natural,scalar,1,32,1,1,1,none,raw,natural/scalar/x1/raw,65536,1024,1024,268697600,268697600,0,1024,256,10,0,123,14.905792236328125,0.121185302734375,16361.3291015625,1
2026-08-16T15:22:36Z,NVIDIA H200 NVL,full,uniform_0_1,gemv,raw_fp32,32,8,23,fp32,natural,scalar,1,32,1,1,1,none,raw,natural/scalar/x1/raw,65536,1024,1024,268697600,268697600,0,1024,256,10,1,123,14.911104202270508,0.12122848944935372,16361.3291015625,1
2026-08-16T15:22:36Z,NVIDIA H200 NVL,full,uniform_0_1,gemv,raw_fp32,32,8,23,fp32,natural,scalar,1,32,1,1,1,none,raw,natural/scalar/x1/raw,65536,1024,1024,268697600,268697600,0,1024,256,10,2,123,14.908512115478516,0.12120741557299607,16361.3291015625,1
2026-08-16T15:22:36Z,NVIDIA H200 NVL,full,uniform_0_1,gemv,raw_fp32,32,8,23,fp32,natural,scalar,1,32,1,1,1,none,raw,natural/scalar/x1/raw,65536,1024,1024,268697600,268697600,0,1024,256,10,3,123,14.894304275512695,0.12109190467896501,16361.3291015625,1
2026-08-16T15:22:36Z,NVIDIA H200 NVL,full,uniform_0_1,gemv,raw_fp32,32,8,23,fp32,natural,scalar,1,32,1,1,1,none,raw,natural/scalar/x1/raw,65536,1024,1024,268697600,268697600,0,1024,256,10,4,123,14.897664070129395,0.1211192200823528,16361.3291015625,1
2026-08-16T15:22:36Z,NVIDIA H200 NVL,full,uniform_0_1,dot,raw_fp32,32,8,23,fp32,natural,thread_packet,2,64,1,1,2,none,raw,natural/thread_packet/x2/raw,4096,0,1,32768,32768,0,8,256,10,0,2161,10.250528335571289,0.0047434189428835214,1019.6925048828125,1
2026-08-16T15:22:36Z,NVIDIA H200 NVL,full,uniform_0_1,dot,raw_fp32,32,8,23,fp32,natural,thread_packet,2,64,1,1,2,none,raw,natural/thread_packet/x2/raw,4096,0,1,32768,32768,0,8,256,10,1,2161,10.256640434265137,0.0047462473087760927,1019.6925048828125,1
2026-08-16T15:22:36Z,NVIDIA H200 NVL,full,uniform_0_1,dot,raw_fp32,32,8,23,fp32,natural,thread_packet,2,64,1,1,2,none,raw,natural/thread_packet/x2/raw,4096,0,1,32768,32768,0,8,256,10,2,2161,10.254688262939453,0.0047453439439793859,1019.6925048828125,1
2026-08-16T15:22:36Z,NVIDIA H200 NVL,full,uniform_0_1,dot,raw_fp32,32,8,23,fp32,natural,thread_packet,2,64,1,1,2,none,raw,natural/thread_packet/x2/raw,4096,0,1,32768,32768,0,8,256,10,3,2161,10.253888130187988,0.0047449736835668615,1019.6925048828125,1
2026-08-16T15:22:36Z,NVIDIA H200 NVL,full,uniform_0_1,dot,raw_fp32,32,8,23,fp32,natural,thread_packet,2,64,1,1,2,none,raw,natural/thread_packet/x2/raw,4096,0,1,32768,32768,0,8,256,10,4,2161,10.252896308898926,0.0047445147195274992,1019.6925048828125,1
2026-08-16T15:22:36Z,NVIDIA H200 NVL,full,uniform_0_1,dot,raw_fp32,32,8,23,fp32,natural,thread_packet,2,64,1,1,2,none,raw,natural/thread_packet/x2/raw,65536,0,1,524288,524288,0,128,256,10,0,2056,10.489472389221191,0.0051018834577924079,16361.3291015625,1
2026-08-16T15:22:36Z,NVIDIA H200 NVL,full,uniform_0_1,dot,raw_fp32,32,8,23,fp32,natural,thread_packet,2,64,1,1,2,none,raw,natural/thread_packet/x2/raw,65536,0,1,524288,524288,0,128,256,10,1,2056,10.48579216003418,0.0051000934630516439,16361.3291015625,1
2026-08-16T15:22:36Z,NVIDIA H200 NVL,full,uniform_0_1,dot,raw_fp32,32,8,23,fp32,natural,thread_packet,2,64,1,1,2,none,raw,natural/thread_packet/x2/raw,65536,0,1,524288,524288,0,128,256,10,2,2056,10.489119529724121,0.0051017118335234049,16361.3291015625,1
2026-08-16T15:22:36Z,NVIDIA H200 NVL,full,uniform_0_1,dot,raw_fp32,32,8,23,fp32,natural,thread_packet,2,64,1,1,2,none,raw,natural/thread_packet/x2/raw,65536,0,1,524288,524288,0,128,256,10,3,2056,10.485471725463867,0.0050999376096614139,16361.3291015625,1
2026-08-16T15:22:36Z,NVIDIA H200 NVL,full,uniform_0_1,dot,raw_fp32,32,8,23,fp32,natural,thread_packet,2,64,1,1,2,none,raw,natural/thread_packet/x2/raw,65536,0,1,524288,524288,0,128,256,10,4,2056,10.487263679504395,0.0051008091826383242,16361.3291015625,1
2026-08-16T15:22:36Z,NVIDIA H200 NVL,full,uniform_0_1,dot,raw_fp32,32,8,23,fp32,natural,thread_packet,2,64,1,1,2,none,raw,natural/thread_packet/x2/raw,1048576,0,1,8388608,8388608,0,512,256,10,0,1718,11.31987190246582,0.0065889824810627592,261997.40625,1
2026-08-16T15:22:36Z,NVIDIA H200 NVL,full,uniform_0_1,dot,raw_fp32,32,8,23,fp32,natural,thread_packet,2,64,1,1,2,none,raw,natural/thread_packet/x2/raw,1048576,0,1,8388608,8388608,0,512,256,10,1,1718,11.317983627319336,0.0065878833686375642,261997.40625,1
2026-08-16T15:22:36Z,NVIDIA H200 NVL,full,uniform_0_1,dot,raw_fp32,32,8,23,fp32,natural,thread_packet,2,64,1,1,2,none,raw,natural/thread_packet/x2/raw,1048576,0,1,8388608,8388608,0,512,256,10,2,1718,11.319295883178711,0.0065886471962623462,261997.40625,1
2026-08-16T15:22:36Z,NVIDIA H200 NVL,full,uniform_0_1,dot,raw_fp32,32,8,23,fp32,natural,thread_packet,2,64,1,1,2,none,raw,natural/thread_packet/x2/raw,1048576,0,1,8388608,8388608,0,512,256,10,3,1718,11.319711685180664,0.0065888892230388033,261997.40625,1
2026-08-16T15:22:36Z,NVIDIA H200 NVL,full,uniform_0_1,dot,raw_fp32,32,8,23,fp32,natural,thread_packet,2,64,1,1,2,none,raw,natural/thread_packet/x2/raw,1048576,0,1,8388608,8388608,0,512,256,10,4,1718,11.31868839263916,0.0065882935929215134,261997.40625,1
2026-08-16T15:22:36Z,NVIDIA H200 NVL,full,uniform_0_1,dot,raw_fp32,32,8,23,fp32,natural,thread_packet,2,64,1,1,2,none,raw,natural/thread_packet/x2/raw,16777216,0,1,134217728,134217728,0,512,256,10,0,316,14.519424438476562,0.045947545691381528,4194144.75,1
2026-08-16T15:22:36Z,NVIDIA H200 NVL,full,uniform_0_1,dot,raw_fp32,32,8,23,fp32,natural,thread_packet,2,64,1,1,2,none,raw,natural/thread_packet/x2/raw,16777216,0,1,134217728,134217728,0,512,256,10,1,316,14.508064270019531,0.045911595791201049,4194144.75,1
2026-08-16T15:22:36Z,NVIDIA H200 NVL,full,uniform_0_1,dot,raw_fp32,32,8,23,fp32,natural,thread_packet,2,64,1,1,2,none,raw,natural/thread_packet/x2/raw,16777216,0,1,134217728,134217728,0,512,256,10,2,316,14.498496055603027,0.04588131663165515,4194144.75,1
2026-08-16T15:22:36Z,NVIDIA H200 NVL,full,uniform_0_1,dot,raw_fp32,32,8,23,fp32,natural,thread_packet,2,64,1,1,2,none,raw,natural/thread_packet/x2/raw,16777216,0,1,134217728,134217728,0,512,256,10,3,316,14.496800422668457,0.045875950704647013,4194144.75,1
2026-08-16T15:22:36Z,NVIDIA H200 NVL,full,uniform_0_1,dot,raw_fp32,32,8,23,fp32,natural,thread_packet,2,64,1,1,2,none,raw,natural/thread_packet/x2/raw,16777216,0,1,134217728,134217728,0,512,256,10,4,316,14.49510383605957,0.045870581759682186,4194144.75,1
2026-08-16T15:22:36Z,NVIDIA H200 NVL,full,uniform_0_1,dot,raw_fp32,32,8,23,fp32,natural,thread_packet,2,64,1,1,2,none,raw,natural/thread_packet/x2/raw,134217728,0,1,1073741824,1073741824,0,512,256,10,0,49,15.050496101379395,0.30715298166080396,33555792,1
2026-08-16T15:22:36Z,NVIDIA H200 NVL,full,uniform_0_1,dot,raw_fp32,32,8,23,fp32,natural,thread_packet,2,64,1,1,2,none,raw,natural/thread_packet/x2/raw,134217728,0,1,1073741824,1073741824,0,512,256,10,1,49,15.052576065063477,0.30719542989925464,33555792,1
2026-08-16T15:22:36Z,NVIDIA H200 NVL,full,uniform_0_1,dot,raw_fp32,32,8,23,fp32,natural,thread_packet,2,64,1,1,2,none,raw,natural/thread_packet/x2/raw,134217728,0,1,1073741824,1073741824,0,512,256,10,2,49,15.051967620849609,0.30718301267040021,33555792,1
2026-08-16T15:22:36Z,NVIDIA H200 NVL,full,uniform_0_1,dot,raw_fp32,32,8,23,fp32,natural,thread_packet,2,64,1,1,2,none,raw,natural/thread_packet/x2/raw,134217728,0,1,1073741824,1073741824,0,512,256,10,3,49,15.048416137695312,0.30711053342235334,33555792,1
2026-08-16T15:22:36Z,NVIDIA H200 NVL,full,uniform_0_1,dot,raw_fp32,32,8,23,fp32,natural,thread_packet,2,64,1,1,2,none,raw,natural/thread_packet/x2/raw,134217728,0,1,1073741824,1073741824,0,512,256,10,4,49,15.029760360717773,0.30672980327995458,33555792,1
2026-08-16T15:22:36Z,NVIDIA H200 NVL,full,uniform_0_1,gemv,raw_fp32,32,8,23,fp32,natural,thread_packet,2,64,1,1,2,none,raw,natural/thread_packet/x2/raw,256,1024,1024,1049600,1049600,0,1024,256,10,0,2534,9.1741762161254883,0.0036204326030487327,62.262413024902344,1
2026-08-16T15:22:36Z,NVIDIA H200 NVL,full,uniform_0_1,gemv,raw_fp32,32,8,23,fp32,natural,thread_packet,2,64,1,1,2,none,raw,natural/thread_packet/x2/raw,256,1024,1024,1049600,1049600,0,1024,256,10,1,2534,9.1848316192626953,0.0036246375766624686,62.262413024902344,1
2026-08-16T15:22:36Z,NVIDIA H200 NVL,full,uniform_0_1,gemv,raw_fp32,32,8,23,fp32,natural,thread_packet,2,64,1,1,2,none,raw,natural/thread_packet/x2/raw,256,1024,1024,1049600,1049600,0,1024,256,10,2,2534,9.1816320419311523,0.0036233749178891683,62.262413024902344,1
2026-08-16T15:22:36Z,NVIDIA H200 NVL,full,uniform_0_1,gemv,raw_fp32,32,8,23,fp32,natural,thread_packet,2,64,1,1,2,none,raw,natural/thread_packet/x2/raw,256,1024,1024,1049600,1049600,0,1024,256,10,3,2534,9.1829757690429688,0.0036239051969388196,62.262413024902344,1
2026-08-16T15:22:36Z,NVIDIA H200 NVL,full,uniform_0_1,gemv,raw_fp32,32,8,23,fp32,natural,thread_packet,2,64,1,1,2,none,raw,natural/thread_packet/x2/raw,256,1024,1024,1049600,1049600,0,1024,256,10,4,2534,9.1858243942260742,0.0036250293584159723,62.262413024902344,1
2026-08-16T15:22:36Z,NVIDIA H200 NVL,full,uniform_0_1,gemv,raw_fp32,32,8,23,fp32,natural,thread_packet,2,64,1,1,2,none,raw,natural/thread_packet/x2/raw,1024,1024,1024,4198400,4198400,0,1024,256,10,0,2392,10.076543807983398,0.0042126019264144641,248.53376770019531,1
2026-08-16T15:22:36Z,NVIDIA H200 NVL,full,uniform_0_1,gemv,raw_fp32,32,8,23,fp32,natural,thread_packet,2,64,1,1,2,none,raw,natural/thread_packet/x2/raw,1024,1024,1024,4198400,4198400,0,1024,256,10,1,2392,10.103520393371582,0.0042238797631152097,248.53376770019531,1
2026-08-16T15:22:36Z,NVIDIA H200 NVL,full,uniform_0_1,gemv,raw_fp32,32,8,23,fp32,natural,thread_packet,2,64,1,1,2,none,raw,natural/thread_packet/x2/raw,1024,1024,1024,4198400,4198400,0,1024,256,10,2,2392,10.098752021789551,0.004221886296734762,248.53376770019531,1
2026-08-16T15:22:36Z,NVIDIA H200 NVL,full,uniform_0_1,gemv,raw_fp32,32,8,23,fp32,natural,thread_packet,2,64,1,1,2,none,raw,natural/thread_packet/x2/raw,1024,1024,1024,4198400,4198400,0,1024,256,10,3,2392,10.104351997375488,0.0042242274236519604,248.53376770019531,1
2026-08-16T15:22:36Z,NVIDIA H200 NVL,full,uniform_0_1,gemv,raw_fp32,32,8,23,fp32,natural,thread_packet,2,64,1,1,2,none,raw,natural/thread_packet/x2/raw,1024,1024,1024,4198400,4198400,0,1024,256,10,4,2392,10.117856025695801,0.004229872920441388,248.53376770019531,1
2026-08-16T15:22:36Z,NVIDIA H200 NVL,full,uniform_0_1,gemv,raw_fp32,32,8,23,fp32,natural,thread_packet,2,64,1,1,2,none,raw,natural/thread_packet/x2/raw,4096,1024,1024,16793600,16793600,0,1024,256,10,0,1796,11.422271728515625,0.0063598394924919959,1019.6925048828125,1
2026-08-16T15:22:36Z,NVIDIA H200 NVL,full,uniform_0_1,gemv,raw_fp32,32,8,23,fp32,natural,thread_packet,2,64,1,1,2,none,raw,natural/thread_packet/x2/raw,4096,1024,1024,16793600,16793600,0,1024,256,10,1,1796,11.413215637207031,0.00635479712539367,1019.6925048828125,1
2026-08-16T15:22:36Z,NVIDIA H200 NVL,full,uniform_0_1,gemv,raw_fp32,32,8,23,fp32,natural,thread_packet,2,64,1,1,2,none,raw,natural/thread_packet/x2/raw,4096,1024,1024,16793600,16793600,0,1024,256,10,2,1796,11.408032417297363,0.0063519111454885093,1019.6925048828125,1
2026-08-16T15:22:36Z,NVIDIA H200 NVL,full,uniform_0_1,gemv,raw_fp32,32,8,23,fp32,natural,thread_packet,2,64,1,1,2,none,raw,natural/thread_packet/x2/raw,4096,1024,1024,16793600,16793600,0,1024,256,10,3,1796,11.407551765441895,0.0063516435219609655,1019.6925048828125,1
2026-08-16T15:22:36Z,NVIDIA H200 NVL,full,uniform_0_1,gemv,raw_fp32,32,8,23,fp32,natural,thread_packet,2,64,1,1,2,none,raw,natural/thread_packet/x2/raw,4096,1024,1024,16793600,16793600,0,1024,256,10,4,1796,11.401920318603516,0.0063485079724963896,1019.6925048828125,1
2026-08-16T15:22:36Z,NVIDIA H200 NVL,full,uniform_0_1,gemv,raw_fp32,32,8,23,fp32,natural,thread_packet,2,64,1,1,2,none,raw,natural/thread_packet/x2/raw,16384,1024,1024,67174400,67174400,0,1024,256,10,0,589,13.892800331115723,0.023587097336359462,4110.29638671875,1
2026-08-16T15:22:36Z,NVIDIA H200 NVL,full,uniform_0_1,gemv,raw_fp32,32,8,23,fp32,natural,thread_packet,2,64,1,1,2,none,raw,natural/thread_packet/x2/raw,16384,1024,1024,67174400,67174400,0,1024,256,10,1,589,13.884384155273438,0.023572808413027908,4110.29638671875,1
2026-08-16T15:22:36Z,NVIDIA H200 NVL,full,uniform_0_1,gemv,raw_fp32,32,8,23,fp32,natural,thread_packet,2,64,1,1,2,none,raw,natural/thread_packet/x2/raw,16384,1024,1024,67174400,67174400,0,1024,256,10,2,589,13.877471923828125,0.023561072875769314,4110.29638671875,1
2026-08-16T15:22:36Z,NVIDIA H200 NVL,full,uniform_0_1,gemv,raw_fp32,32,8,23,fp32,natural,thread_packet,2,64,1,1,2,none,raw,natural/thread_packet/x2/raw,16384,1024,1024,67174400,67174400,0,1024,256,10,3,589,13.880960464477539,0.023566995695208044,4110.29638671875,1
2026-08-16T15:22:36Z,NVIDIA H200 NVL,full,uniform_0_1,gemv,raw_fp32,32,8,23,fp32,natural,thread_packet,2,64,1,1,2,none,raw,natural/thread_packet/x2/raw,16384,1024,1024,67174400,67174400,0,1024,256,10,4,589,13.894975662231445,0.023590790598016036,4110.29638671875,1
2026-08-16T15:22:36Z,NVIDIA H200 NVL,full,uniform_0_1,gemv,raw_fp32,32,8,23,fp32,natural,thread_packet,2,64,1,1,2,none,raw,natural/thread_packet/x2/raw,65536,1024,1024,268697600,268697600,0,1024,256,10,0,184,14.84876823425293,0.080699827360070267,16361.3291015625,1
2026-08-16T15:22:36Z,NVIDIA H200 NVL,full,uniform_0_1,gemv,raw_fp32,32,8,23,fp32,natural,thread_packet,2,64,1,1,2,none,raw,natural/thread_packet/x2/raw,65536,1024,1024,268697600,268697600,0,1024,256,10,1,184,14.85267162322998,0.080721041430597718,16361.3291015625,1
2026-08-16T15:22:36Z,NVIDIA H200 NVL,full,uniform_0_1,gemv,raw_fp32,32,8,23,fp32,natural,thread_packet,2,64,1,1,2,none,raw,natural/thread_packet/x2/raw,65536,1024,1024,268697600,268697600,0,1024,256,10,2,184,14.859007835388184,0.080755477366240128,16361.3291015625,1
2026-08-16T15:22:36Z,NVIDIA H200 NVL,full,uniform_0_1,gemv,raw_fp32,32,8,23,fp32,natural,thread_packet,2,64,1,1,2,none,raw,natural/thread_packet/x2/raw,65536,1024,1024,268697600,268697600,0,1024,256,10,3,184,14.840959548950195,0.080657388852990189,16361.3291015625,1
2026-08-16T15:22:36Z,NVIDIA H200 NVL,full,uniform_0_1,gemv,raw_fp32,32,8,23,fp32,natural,thread_packet,2,64,1,1,2,none,raw,natural/thread_packet/x2/raw,65536,1024,1024,268697600,268697600,0,1024,256,10,4,184,14.847840309143066,0.080694784288821014,16361.3291015625,1
2026-08-16T15:22:36Z,NVIDIA H200 NVL,full,uniform_0_1,dot,raw_fp32,32,8,23,fp32,natural,thread_packet,4,128,1,1,4,none,raw,natural/thread_packet/x4/raw,4096,0,1,32768,32768,0,4,256,10,0,2191,10.885824203491211,0.0049684272950667324,1019.6925048828125,1
2026-08-16T15:22:36Z,NVIDIA H200 NVL,full,uniform_0_1,dot,raw_fp32,32,8,23,fp32,natural,thread_packet,4,128,1,1,4,none,raw,natural/thread_packet/x4/raw,4096,0,1,32768,32768,0,4,256,10,1,2191,10.919455528259277,0.0049837770553442613,1019.6925048828125,1
2026-08-16T15:22:36Z,NVIDIA H200 NVL,full,uniform_0_1,dot,raw_fp32,32,8,23,fp32,natural,thread_packet,4,128,1,1,4,none,raw,natural/thread_packet/x4/raw,4096,0,1,32768,32768,0,4,256,10,2,2191,10.920096397399902,0.0049840695560930638,1019.6925048828125,1
2026-08-16T15:22:36Z,NVIDIA H200 NVL,full,uniform_0_1,dot,raw_fp32,32,8,23,fp32,natural,thread_packet,4,128,1,1,4,none,raw,natural/thread_packet/x4/raw,4096,0,1,32768,32768,0,4,256,10,3,2191,10.916543960571289,0.0049824481791744812,1019.6925048828125,1
2026-08-16T15:22:36Z,NVIDIA H200 NVL,full,uniform_0_1,dot,raw_fp32,32,8,23,fp32,natural,thread_packet,4,128,1,1,4,none,raw,natural/thread_packet/x4/raw,4096,0,1,32768,32768,0,4,256,10,4,2191,10.902079582214355,0.0049758464546847811,1019.6925048828125,1
2026-08-16T15:22:36Z,NVIDIA H200 NVL,full,uniform_0_1,dot,raw_fp32,32,8,23,fp32,natural,thread_packet,4,128,1,1,4,none,raw,natural/thread_packet/x4/raw,65536,0,1,524288,524288,0,64,256,10,0,2131,11.10524845123291,0.0052112850545438343,16361.330078125,1
2026-08-16T15:22:36Z,NVIDIA H200 NVL,full,uniform_0_1,dot,raw_fp32,32,8,23,fp32,natural,thread_packet,4,128,1,1,4,none,raw,natural/thread_packet/x4/raw,65536,0,1,524288,524288,0,64,256,10,1,2131,11.104928016662598,0.0052111346863738138,16361.330078125,1
2026-08-16T15:22:36Z,NVIDIA H200 NVL,full,uniform_0_1,dot,raw_fp32,32,8,23,fp32,natural,thread_packet,4,128,1,1,4,none,raw,natural/thread_packet/x4/raw,65536,0,1,524288,524288,0,64,256,10,2,2131,11.103615760803223,0.0052105188929156372,16361.330078125,1
2026-08-16T15:22:36Z,NVIDIA H200 NVL,full,uniform_0_1,dot,raw_fp32,32,8,23,fp32,natural,thread_packet,4,128,1,1,4,none,raw,natural/thread_packet/x4/raw,65536,0,1,524288,524288,0,64,256,10,3,2131,11.102784156799316,0.00521012865171249,16361.330078125,1
2026-08-16T15:22:36Z,NVIDIA H200 NVL,full,uniform_0_1,dot,raw_fp32,32,8,23,fp32,natural,thread_packet,4,128,1,1,4,none,raw,natural/thread_packet/x4/raw,65536,0,1,524288,524288,0,64,256,10,4,2131,11.092672348022461,0.0052053835513948665,16361.330078125,1
2026-08-16T15:22:36Z,NVIDIA H200 NVL,full,uniform_0_1,dot,raw_fp32,32,8,23,fp32,natural,thread_packet,4,128,1,1,4,none,raw,natural/thread_packet/x4/raw,1048576,0,1,8388608,8388608,0,512,256,10,0,1687,11.599103927612305,0.0068755802771857171,261997.40625,1
2026-08-16T15:22:36Z,NVIDIA H200 NVL,full,uniform_0_1,dot,raw_fp32,32,8,23,fp32,natural,thread_packet,4,128,1,1,4,none,raw,natural/thread_packet/x4/raw,1048576,0,1,8388608,8388608,0,512,256,10,1,1687,11.604607582092285,0.0068788426686972647,261997.40625,1
2026-08-16T15:22:36Z,NVIDIA H200 NVL,full,uniform_0_1,dot,raw_fp32,32,8,23,fp32,natural,thread_packet,4,128,1,1,4,none,raw,natural/thread_packet/x4/raw,1048576,0,1,8388608,8388608,0,512,256,10,2,1687,11.615551948547363,0.0068853301414032973,261997.40625,1
2026-08-16T15:22:36Z,NVIDIA H200 NVL,full,uniform_0_1,dot,raw_fp32,32,8,23,fp32,natural,thread_packet,4,128,1,1,4,none,raw,natural/thread_packet/x4/raw,1048576,0,1,8388608,8388608,0,512,256,10,3,1687,11.617376327514648,0.006886411575290248,261997.40625,1
2026-08-16T15:22:36Z,NVIDIA H200 NVL,full,uniform_0_1,dot,raw_fp32,32,8,23,fp32,natural,thread_packet,4,128,1,1,4,none,raw,natural/thread_packet/x4/raw,1048576,0,1,8388608,8388608,0,512,256,10,4,1687,11.616415977478027,0.0068858423103011421,261997.40625,1
2026-08-16T15:22:36Z,NVIDIA H200 NVL,full,uniform_0_1,dot,raw_fp32,32,8,23,fp32,natural,thread_packet,4,128,1,1,4,none,raw,natural/thread_packet/x4/raw,16777216,0,1,134217728,134217728,0,512,256,10,0,379,14.665760040283203,0.038695936781749873,4194144.75,1
2026-08-16T15:22:36Z,NVIDIA H200 NVL,full,uniform_0_1,dot,raw_fp32,32,8,23,fp32,natural,thread_packet,4,128,1,1,4,none,raw,natural/thread_packet/x4/raw,16777216,0,1,134217728,134217728,0,512,256,10,1,379,14.635168075561523,0.038615219196732255,4194144.75,1
2026-08-16T15:22:36Z,NVIDIA H200 NVL,full,uniform_0_1,dot,raw_fp32,32,8,23,fp32,natural,thread_packet,4,128,1,1,4,none,raw,natural/thread_packet/x4/raw,16777216,0,1,134217728,134217728,0,512,256,10,2,379,14.640192031860352,0.03862847501810119,4194144.75,1
2026-08-16T15:22:36Z,NVIDIA H200 NVL,full,uniform_0_1,dot,raw_fp32,32,8,23,fp32,natural,thread_packet,4,128,1,1,4,none,raw,natural/thread_packet/x4/raw,16777216,0,1,134217728,134217728,0,512,256,10,3,379,14.666144371032715,0.03869695084705202,4194144.75,1
2026-08-16T15:22:36Z,NVIDIA H200 NVL,full,uniform_0_1,dot,raw_fp32,32,8,23,fp32,natural,thread_packet,4,128,1,1,4,none,raw,natural/thread_packet/x4/raw,16777216,0,1,134217728,134217728,0,512,256,10,4,379,14.653535842895508,0.038663682962784982,4194144.75,1
2026-08-16T15:22:36Z,NVIDIA H200 NVL,full,uniform_0_1,dot,raw_fp32,32,8,23,fp32,natural,thread_packet,4,128,1,1,4,none,raw,natural/thread_packet/x4/raw,134217728,0,1,1073741824,1073741824,0,512,256,10,0,60,15.168512344360352,0.25280853907267253,33555792,1
2026-08-16T15:22:36Z,NVIDIA H200 NVL,full,uniform_0_1,dot,raw_fp32,32,8,23,fp32,natural,thread_packet,4,128,1,1,4,none,raw,natural/thread_packet/x4/raw,134217728,0,1,1073741824,1073741824,0,512,256,10,1,60,15.164095878601074,0.2527349313100179,33555792,1
2026-08-16T15:22:36Z,NVIDIA H200 NVL,full,uniform_0_1,dot,raw_fp32,32,8,23,fp32,natural,thread_packet,4,128,1,1,4,none,raw,natural/thread_packet/x4/raw,134217728,0,1,1073741824,1073741824,0,512,256,10,2,60,15.170687675476074,0.25284479459126791,33555792,1
2026-08-16T15:22:36Z,NVIDIA H200 NVL,full,uniform_0_1,dot,raw_fp32,32,8,23,fp32,natural,thread_packet,4,128,1,1,4,none,raw,natural/thread_packet/x4/raw,134217728,0,1,1073741824,1073741824,0,512,256,10,3,60,15.159071922302246,0.25265119870503744,33555792,1
2026-08-16T15:22:36Z,NVIDIA H200 NVL,full,uniform_0_1,dot,raw_fp32,32,8,23,fp32,natural,thread_packet,4,128,1,1,4,none,raw,natural/thread_packet/x4/raw,134217728,0,1,1073741824,1073741824,0,512,256,10,4,60,15.166687965393066,0.25277813275655109,33555792,1
2026-08-16T15:22:36Z,NVIDIA H200 NVL,full,uniform_0_1,gemv,raw_fp32,32,8,23,fp32,natural,thread_packet,4,128,1,1,4,none,raw,natural/thread_packet/x4/raw,256,1024,1024,1049600,1049600,0,1024,256,10,0,2534,9.7656002044677734,0.0038538280207055142,62.262413024902344,1
2026-08-16T15:22:36Z,NVIDIA H200 NVL,full,uniform_0_1,gemv,raw_fp32,32,8,23,fp32,natural,thread_packet,4,128,1,1,4,none,raw,natural/thread_packet/x4/raw,256,1024,1024,1049600,1049600,0,1024,256,10,1,2534,9.7802562713623047,0.0038596117882250609,62.262413024902344,1
2026-08-16T15:22:36Z,NVIDIA H200 NVL,full,uniform_0_1,gemv,raw_fp32,32,8,23,fp32,natural,thread_packet,4,128,1,1,4,none,raw,natural/thread_packet/x4/raw,256,1024,1024,1049600,1049600,0,1024,256,10,2,2534,9.7800321578979492,0.0038595233456582279,62.262413024902344,1
2026-08-16T15:22:36Z,NVIDIA H200 NVL,full,uniform_0_1,gemv,raw_fp32,32,8,23,fp32,natural,thread_packet,4,128,1,1,4,none,raw,natural/thread_packet/x4/raw,256,1024,1024,1049600,1049600,0,1024,256,10,3,2534,9.7792644500732422,0.0038592203828229053,62.262413024902344,1
2026-08-16T15:22:36Z,NVIDIA H200 NVL,full,uniform_0_1,gemv,raw_fp32,32,8,23,fp32,natural,thread_packet,4,128,1,1,4,none,raw,natural/thread_packet/x4/raw,256,1024,1024,1049600,1049600,0,1024,256,10,4,2534,9.7823362350463867,0.0038604326105155435,62.262413024902344,1
2026-08-16T15:22:36Z,NVIDIA H200 NVL,full,uniform_0_1,gemv,raw_fp32,32,8,23,fp32,natural,thread_packet,4,128,1,1,4,none,raw,natural/thread_packet/x4/raw,1024,1024,1024,4198400,4198400,0,1024,256,10,0,2201,10.479840278625488,0.0047613994905158965,248.53378295898438,1
2026-08-16T15:22:36Z,NVIDIA H200 NVL,full,uniform_0_1,gemv,raw_fp32,32,8,23,fp32,natural,thread_packet,4,128,1,1,4,none,raw,natural/thread_packet/x4/raw,1024,1024,1024,4198400,4198400,0,1024,256,10,1,2201,10.505855560302734,0.0047732192459349091,248.53378295898438,1
2026-08-16T15:22:36Z,NVIDIA H200 NVL,full,uniform_0_1,gemv,raw_fp32,32,8,23,fp32,natural,thread_packet,4,128,1,1,4,none,raw,natural/thread_packet/x4/raw,1024,1024,1024,4198400,4198400,0,1024,256,10,2,2201,10.498559951782227,0.0047699045669160499,248.53378295898438,1
2026-08-16T15:22:36Z,NVIDIA H200 NVL,full,uniform_0_1,gemv,raw_fp32,32,8,23,fp32,natural,thread_packet,4,128,1,1,4,none,raw,natural/thread_packet/x4/raw,1024,1024,1024,4198400,4198400,0,1024,256,10,3,2201,10.550527572631836,0.0047935154805233242,248.53378295898438,1
2026-08-16T15:22:36Z,NVIDIA H200 NVL,full,uniform_0_1,gemv,raw_fp32,32,8,23,fp32,natural,thread_packet,4,128,1,1,4,none,raw,natural/thread_packet/x4/raw,1024,1024,1024,4198400,4198400,0,1024,256,10,4,2201,10.567487716674805,0.0048012211343365762,248.53378295898438,1
2026-08-16T15:22:36Z,NVIDIA H200 NVL,full,uniform_0_1,gemv,raw_fp32,32,8,23,fp32,natural,thread_packet,4,128,1,1,4,none,raw,natural/thread_packet/x4/raw,4096,1024,1024,16793600,16793600,0,1024,256,10,0,1461,12.029760360717773,0.008233922218150426,1019.6925048828125,1
2026-08-16T15:22:36Z,NVIDIA H200 NVL,full,uniform_0_1,gemv,raw_fp32,32,8,23,fp32,natural,thread_packet,4,128,1,1,4,none,raw,natural/thread_packet/x4/raw,4096,1024,1024,16793600,16793600,0,1024,256,10,1,1461,12.030879974365234,0.008234688551926923,1019.6925048828125,1
2026-08-16T15:22:36Z,NVIDIA H200 NVL,full,uniform_0_1,gemv,raw_fp32,32,8,23,fp32,natural,thread_packet,4,128,1,1,4,none,raw,natural/thread_packet/x4/raw,4096,1024,1024,16793600,16793600,0,1024,256,10,2,1461,12.031423568725586,0.008235060621988765,1019.6925048828125,1
2026-08-16T15:22:36Z,NVIDIA H200 NVL,full,uniform_0_1,gemv,raw_fp32,32,8,23,fp32,natural,thread_packet,4,128,1,1,4,none,raw,natural/thread_packet/x4/raw,4096,1024,1024,16793600,16793600,0,1024,256,10,3,1461,12.033503532409668,0.0082364842795411824,1019.6925048828125,1
2026-08-16T15:22:36Z,NVIDIA H200 NVL,full,uniform_0_1,gemv,raw_fp32,32,8,23,fp32,natural,thread_packet,4,128,1,1,4,none,raw,natural/thread_packet/x4/raw,4096,1024,1024,16793600,16793600,0,1024,256,10,4,1461,12.034687995910645,0.0082372950006233021,1019.6925048828125,1
2026-08-16T15:22:36Z,NVIDIA H200 NVL,full,uniform_0_1,gemv,raw_fp32,32,8,23,fp32,natural,thread_packet,4,128,1,1,4,none,raw,natural/thread_packet/x4/raw,16384,1024,1024,67174400,67174400,0,1024,256,10,0,594,13.877632141113281,0.023363017072581281,4110.29638671875,1
2026-08-16T15:22:36Z,NVIDIA H200 NVL,full,uniform_0_1,gemv,raw_fp32,32,8,23,fp32,natural,thread_packet,4,128,1,1,4,none,raw,natural/thread_packet/x4/raw,16384,1024,1024,67174400,67174400,0,1024,256,10,1,594,13.856863975524902,0.023328053830850005,4110.29638671875,1
2026-08-16T15:22:36Z,NVIDIA H200 NVL,full,uniform_0_1,gemv,raw_fp32,32,8,23,fp32,natural,thread_packet,4,128,1,1,4,none,raw,natural/thread_packet/x4/raw,16384,1024,1024,67174400,67174400,0,1024,256,10,2,594,13.820896148681641,0.023267501933807475,4110.29638671875,1
2026-08-16T15:22:36Z,NVIDIA H200 NVL,full,uniform_0_1,gemv,raw_fp32,32,8,23,fp32,natural,thread_packet,4,128,1,1,4,none,raw,natural/thread_packet/x4/raw,16384,1024,1024,67174400,67174400,0,1024,256,10,3,594,13.825759887695312,0.023275690046625105,4110.29638671875,1
2026-08-16T15:22:36Z,NVIDIA H200 NVL,full,uniform_0_1,gemv,raw_fp32,32,8,23,fp32,natural,thread_packet,4,128,1,1,4,none,raw,natural/thread_packet/x4/raw,16384,1024,1024,67174400,67174400,0,1024,256,10,4,594,13.823488235473633,0.023271865716285579,4110.29638671875,1
2026-08-16T15:22:36Z,NVIDIA H200 NVL,full,uniform_0_1,gemv,raw_fp32,32,8,23,fp32,natural,thread_packet,4,128,1,1,4,none,raw,natural/thread_packet/x4/raw,65536,1024,1024,268697600,268697600,0,1024,256,10,0,186,14.749119758605957,0.079296342788204063,16361.3291015625,1
2026-08-16T15:22:36Z,NVIDIA H200 NVL,full,uniform_0_1,gemv,raw_fp32,32,8,23,fp32,natural,thread_packet,4,128,1,1,4,none,raw,natural/thread_packet/x4/raw,65536,1024,1024,268697600,268697600,0,1024,256,10,1,186,14.740256309509277,0.07924868983607139,16361.3291015625,1
2026-08-16T15:22:36Z,NVIDIA H200 NVL,full,uniform_0_1,gemv,raw_fp32,32,8,23,fp32,natural,thread_packet,4,128,1,1,4,none,raw,natural/thread_packet/x4/raw,65536,1024,1024,268697600,268697600,0,1024,256,10,2,186,14.739456176757812,0.079244388047085015,16361.3291015625,1
2026-08-16T15:22:36Z,NVIDIA H200 NVL,full,uniform_0_1,gemv,raw_fp32,32,8,23,fp32,natural,thread_packet,4,128,1,1,4,none,raw,natural/thread_packet/x4/raw,65536,1024,1024,268697600,268697600,0,1024,256,10,3,186,14.773759841918945,0.079428816354402937,16361.3291015625,1
2026-08-16T15:22:36Z,NVIDIA H200 NVL,full,uniform_0_1,gemv,raw_fp32,32,8,23,fp32,natural,thread_packet,4,128,1,1,4,none,raw,natural/thread_packet/x4/raw,65536,1024,1024,268697600,268697600,0,1024,256,10,4,186,14.791520118713379,0.079524301713512796,16361.3291015625,1
2026-08-16T15:22:36Z,NVIDIA H200 NVL,full,uniform_0_1,dot,raw_fp32,32,8,23,fp32,natural,thread_packet,8,128,1,1,8,none,raw,natural/thread_packet/x8/raw,4096,0,1,32768,32768,0,2,256,10,0,2004,10.824480056762695,0.0054014371540732015,1019.6924438476562,1
2026-08-16T15:22:36Z,NVIDIA H200 NVL,full,uniform_0_1,dot,raw_fp32,32,8,23,fp32,natural,thread_packet,8,128,1,1,8,none,raw,natural/thread_packet/x8/raw,4096,0,1,32768,32768,0,2,256,10,1,2004,10.814975738525391,0.0053966944803020911,1019.6924438476562,1
2026-08-16T15:22:36Z,NVIDIA H200 NVL,full,uniform_0_1,dot,raw_fp32,32,8,23,fp32,natural,thread_packet,8,128,1,1,8,none,raw,natural/thread_packet/x8/raw,4096,0,1,32768,32768,0,2,256,10,2,2004,10.838720321655273,0.0054085430746782801,1019.6924438476562,1
2026-08-16T15:22:36Z,NVIDIA H200 NVL,full,uniform_0_1,dot,raw_fp32,32,8,23,fp32,natural,thread_packet,8,128,1,1,8,none,raw,natural/thread_packet/x8/raw,4096,0,1,32768,32768,0,2,256,10,3,2004,10.843775749206543,0.0054110657431170371,1019.6924438476562,1
2026-08-16T15:22:36Z,NVIDIA H200 NVL,full,uniform_0_1,dot,raw_fp32,32,8,23,fp32,natural,thread_packet,8,128,1,1,8,none,raw,natural/thread_packet/x8/raw,4096,0,1,32768,32768,0,2,256,10,4,2004,10.849696159362793,0.0054140200396021925,1019.6924438476562,1
2026-08-16T15:22:36Z,NVIDIA H200 NVL,full,uniform_0_1,dot,raw_fp32,32,8,23,fp32,natural,thread_packet,8,128,1,1,8,none,raw,natural/thread_packet/x8/raw,65536,0,1,524288,524288,0,32,256,10,0,2021,11.124032020568848,0.0055042216826169457,16361.3291015625,1
2026-08-16T15:22:36Z,NVIDIA H200 NVL,full,uniform_0_1,dot,raw_fp32,32,8,23,fp32,natural,thread_packet,8,128,1,1,8,none,raw,natural/thread_packet/x8/raw,65536,0,1,524288,524288,0,32,256,10,1,2021,11.124064445495605,0.0055042377266183102,16361.3291015625,1
2026-08-16T15:22:36Z,NVIDIA H200 NVL,full,uniform_0_1,dot,raw_fp32,32,8,23,fp32,natural,thread_packet,8,128,1,1,8,none,raw,natural/thread_packet/x8/raw,65536,0,1,524288,524288,0,32,256,10,2,2021,11.129119873046875,0.0055067391751840054,16361.3291015625,1
2026-08-16T15:22:36Z,NVIDIA H200 NVL,full,uniform_0_1,dot,raw_fp32,32,8,23,fp32,natural,thread_packet,8,128,1,1,8,none,raw,natural/thread_packet/x8/raw,65536,0,1,524288,524288,0,32,256,10,3,2021,11.138079643249512,0.0055111725102669528,16361.3291015625,1
2026-08-16T15:22:36Z,NVIDIA H200 NVL,full,uniform_0_1,dot,raw_fp32,32,8,23,fp32,natural,thread_packet,8,128,1,1,8,none,raw,natural/thread_packet/x8/raw,65536,0,1,524288,524288,0,32,256,10,4,2021,11.138175964355469,0.0055112201703886535,16361.3291015625,1
2026-08-16T15:22:36Z,NVIDIA H200 NVL,full,uniform_0_1,dot,raw_fp32,32,8,23,fp32,natural,thread_packet,8,128,1,1,8,none,raw,natural/thread_packet/x8/raw,1048576,0,1,8388608,8388608,0,512,256,10,0,1493,12.144736289978027,0.0081344516342786513,261997.421875,1
2026-08-16T15:22:36Z,NVIDIA H200 NVL,full,uniform_0_1,dot,raw_fp32,32,8,23,fp32,natural,thread_packet,8,128,1,1,8,none,raw,natural/thread_packet/x8/raw,1048576,0,1,8388608,8388608,0,512,256,10,1,1493,12.148832321166992,0.0081371951246932295,261997.421875,1
2026-08-16T15:22:36Z,NVIDIA H200 NVL,full,uniform_0_1,dot,raw_fp32,32,8,23,fp32,natural,thread_packet,8,128,1,1,8,none,raw,natural/thread_packet/x8/raw,1048576,0,1,8388608,8388608,0,512,256,10,2,1493,12.145183563232422,0.008134751214489231,261997.421875,1
2026-08-16T15:22:36Z,NVIDIA H200 NVL,full,uniform_0_1,dot,raw_fp32,32,8,23,fp32,natural,thread_packet,8,128,1,1,8,none,raw,natural/thread_packet/x8/raw,1048576,0,1,8388608,8388608,0,512,256,10,3,1493,12.144288063049316,0.0081341514153042971,261997.421875,1
2026-08-16T15:22:36Z,NVIDIA H200 NVL,full,uniform_0_1,dot,raw_fp32,32,8,23,fp32,natural,thread_packet,8,128,1,1,8,none,raw,natural/thread_packet/x8/raw,1048576,0,1,8388608,8388608,0,512,256,10,4,1493,12.146816253662109,0.00813584477807241,261997.421875,1
2026-08-16T15:22:36Z,NVIDIA H200 NVL,full,uniform_0_1,dot,raw_fp32,32,8,23,fp32,natural,thread_packet,8,128,1,1,8,none,raw,natural/thread_packet/x8/raw,16777216,0,1,134217728,134217728,0,512,256,10,0,312,14.770527839660645,0.047341435383527704,4194144.5,1
2026-08-16T15:22:36Z,NVIDIA H200 NVL,full,uniform_0_1,dot,raw_fp32,32,8,23,fp32,natural,thread_packet,8,128,1,1,8,none,raw,natural/thread_packet/x8/raw,16777216,0,1,134217728,134217728,0,512,256,10,1,312,14.744416236877441,0.047257744348966159,4194144.5,1
2026-08-16T15:22:36Z,NVIDIA H200 NVL,full,uniform_0_1,dot,raw_fp32,32,8,23,fp32,natural,thread_packet,8,128,1,1,8,none,raw,natural/thread_packet/x8/raw,16777216,0,1,134217728,134217728,0,512,256,10,2,312,14.755167961120605,0.047292205003591686,4194144.5,1
2026-08-16T15:22:36Z,NVIDIA H200 NVL,full,uniform_0_1,dot,raw_fp32,32,8,23,fp32,natural,thread_packet,8,128,1,1,8,none,raw,natural/thread_packet/x8/raw,16777216,0,1,134217728,134217728,0,512,256,10,3,312,14.743840217590332,0.047255898133302346,4194144.5,1
2026-08-16T15:22:36Z,NVIDIA H200 NVL,full,uniform_0_1,dot,raw_fp32,32,8,23,fp32,natural,thread_packet,8,128,1,1,8,none,raw,natural/thread_packet/x8/raw,16777216,0,1,134217728,134217728,0,512,256,10,4,312,14.746848106384277,0.047265538802513711,4194144.5,1
2026-08-16T15:22:36Z,NVIDIA H200 NVL,full,uniform_0_1,dot,raw_fp32,32,8,23,fp32,natural,thread_packet,8,128,1,1,8,none,raw,natural/thread_packet/x8/raw,134217728,0,1,1073741824,1073741824,0,512,256,10,0,47,15.039135932922363,0.31998161559409283,33555792,1
2026-08-16T15:22:36Z,NVIDIA H200 NVL,full,uniform_0_1,dot,raw_fp32,32,8,23,fp32,natural,thread_packet,8,128,1,1,8,none,raw,natural/thread_packet/x8/raw,134217728,0,1,1073741824,1073741824,0,512,256,10,1,47,15.039872169494629,0.3199972802020134,33555792,1
2026-08-16T15:22:36Z,NVIDIA H200 NVL,full,uniform_0_1,dot,raw_fp32,32,8,23,fp32,natural,thread_packet,8,128,1,1,8,none,raw,natural/thread_packet/x8/raw,134217728,0,1,1073741824,1073741824,0,512,256,10,2,47,15.026016235351562,0.31970247309258643,33555792,1
2026-08-16T15:22:36Z,NVIDIA H200 NVL,full,uniform_0_1,dot,raw_fp32,32,8,23,fp32,natural,thread_packet,8,128,1,1,8,none,raw,natural/thread_packet/x8/raw,134217728,0,1,1073741824,1073741824,0,512,256,10,3,47,15.03542423248291,0.31990264324431722,33555792,1
2026-08-16T15:22:36Z,NVIDIA H200 NVL,full,uniform_0_1,dot,raw_fp32,32,8,23,fp32,natural,thread_packet,8,128,1,1,8,none,raw,natural/thread_packet/x8/raw,134217728,0,1,1073741824,1073741824,0,512,256,10,4,47,15.027551651000977,0.31973514151065907,33555792,1
2026-08-16T15:22:36Z,NVIDIA H200 NVL,full,uniform_0_1,gemv,raw_fp32,32,8,23,fp32,natural,thread_packet,8,128,1,1,8,none,raw,natural/thread_packet/x8/raw,256,1024,1024,1049600,1049600,0,1024,256,10,0,2442,9.9987516403198242,0.0040944928912038589,62.262416839599609,1
2026-08-16T15:22:36Z,NVIDIA H200 NVL,full,uniform_0_1,gemv,raw_fp32,32,8,23,fp32,natural,thread_packet,8,128,1,1,8,none,raw,natural/thread_packet/x8/raw,256,1024,1024,1049600,1049600,0,1024,256,10,1,2442,10.008000373840332,0.0040982802513678676,62.262416839599609,1
2026-08-16T15:22:36Z,NVIDIA H200 NVL,full,uniform_0_1,gemv,raw_fp32,32,8,23,fp32,natural,thread_packet,8,128,1,1,8,none,raw,natural/thread_packet/x8/raw,256,1024,1024,1049600,1049600,0,1024,256,10,2,2442,10.011072158813477,0.0040995381485722671,62.262416839599609,1
2026-08-16T15:22:36Z,NVIDIA H200 NVL,full,uniform_0_1,gemv,raw_fp32,32,8,23,fp32,natural,thread_packet,8,128,1,1,8,none,raw,natural/thread_packet/x8/raw,256,1024,1024,1049600,1049600,0,1024,256,10,3,2442,10.00937557220459,0.0040988433956611753,62.262416839599609,1
2026-08-16T15:22:36Z,NVIDIA H200 NVL,full,uniform_0_1,gemv,raw_fp32,32,8,23,fp32,natural,thread_packet,8,128,1,1,8,none,raw,natural/thread_packet/x8/raw,256,1024,1024,1049600,1049600,0,1024,256,10,4,2442,10.014816284179688,0.0041010713694429515,62.262416839599609,1
2026-08-16T15:22:36Z,NVIDIA H200 NVL,full,uniform_0_1,gemv,raw_fp32,32,8,23,fp32,natural,thread_packet,8,128,1,1,8,none,raw,natural/thread_packet/x8/raw,1024,1024,1024,4198400,4198400,0,1024,256,10,0,1839,11.102463722229004,0.0060372287777210459,248.53375244140625,1
2026-08-16T15:22:36Z,NVIDIA H200 NVL,full,uniform_0_1,gemv,raw_fp32,32,8,23,fp32,natural,thread_packet,8,128,1,1,8,none,raw,natural/thread_packet/x8/raw,1024,1024,1024,4198400,4198400,0,1024,256,10,1,1839,11.107295989990234,0.0060398564382763646,248.53375244140625,1
2026-08-16T15:22:36Z,NVIDIA H200 NVL,full,uniform_0_1,gemv,raw_fp32,32,8,23,fp32,natural,thread_packet,8,128,1,1,8,none,raw,natural/thread_packet/x8/raw,1024,1024,1024,4198400,4198400,0,1024,256,10,2,1839,11.106016159057617,0.0060391604997594439,248.53375244140625,1
2026-08-16T15:22:36Z,NVIDIA H200 NVL,full,uniform_0_1,gemv,raw_fp32,32,8,23,fp32,natural,thread_packet,8,128,1,1,8,none,raw,natural/thread_packet/x8/raw,1024,1024,1024,4198400,4198400,0,1024,256,10,3,1839,11.105567932128906,0.0060389167657035926,248.53375244140625,1
2026-08-16T15:22:36Z,NVIDIA H200 NVL,full,uniform_0_1,gemv,raw_fp32,32,8,23,fp32,natural,thread_packet,8,128,1,1,8,none,raw,natural/thread_packet/x8/raw,1024,1024,1024,4198400,4198400,0,1024,256,10,4,1839,11.106176376342773,0.0060392476217198329,248.53375244140625,1
2026-08-16T15:22:36Z,NVIDIA H200 NVL,full,uniform_0_1,gemv,raw_fp32,32,8,23,fp32,natural,thread_packet,8,128,1,1,8,none,raw,natural/thread_packet/x8/raw,4096,1024,1024,16793600,16793600,0,1024,256,10,0,983,13.033503532409668,0.013258904915981352,1019.6925048828125,1
2026-08-16T15:22:36Z,NVIDIA H200 NVL,full,uniform_0_1,gemv,raw_fp32,32,8,23,fp32,natural,thread_packet,8,128,1,1,8,none,raw,natural/thread_packet/x8/raw,4096,1024,1024,16793600,16793600,0,1024,256,10,1,983,13.033920288085938,0.013259328879029439,1019.6925048828125,1
2026-08-16T15:22:36Z,NVIDIA H200 NVL,full,uniform_0_1,gemv,raw_fp32,32,8,23,fp32,natural,thread_packet,8,128,1,1,8,none,raw,natural/thread_packet/x8/raw,4096,1024,1024,16793600,16793600,0,1024,256,10,2,983,13.035552024841309,0.013260988835036937,1019.6925048828125,1
2026-08-16T15:22:36Z,NVIDIA H200 NVL,full,uniform_0_1,gemv,raw_fp32,32,8,23,fp32,natural,thread_packet,8,128,1,1,8,none,raw,natural/thread_packet/x8/raw,4096,1024,1024,16793600,16793600,0,1024,256,10,3,983,13.035039901733398,0.01326046785527304,1019.6925048828125,1
2026-08-16T15:22:36Z,NVIDIA H200 NVL,full,uniform_0_1,gemv,raw_fp32,32,8,23,fp32,natural,thread_packet,8,128,1,1,8,none,raw,natural/thread_packet/x8/raw,4096,1024,1024,16793600,16793600,0,1024,256,10,4,983,13.036543846130371,0.013261997808881354,1019.6925048828125,1
2026-08-16T15:22:36Z,NVIDIA H200 NVL,full,uniform_0_1,gemv,raw_fp32,32,8,23,fp32,natural,thread_packet,8,128,1,1,8,none,raw,natural/thread_packet/x8/raw,16384,1024,1024,67174400,67174400,0,1024,256,10,0,337,14.542112350463867,0.043151668695738478,4110.29638671875,1
2026-08-16T15:22:36Z,NVIDIA H200 NVL,full,uniform_0_1,gemv,raw_fp32,32,8,23,fp32,natural,thread_packet,8,128,1,1,8,none,raw,natural/thread_packet/x8/raw,16384,1024,1024,67174400,67174400,0,1024,256,10,1,337,14.523232460021973,0.043095645281964308,4110.29638671875,1
2026-08-16T15:22:36Z,NVIDIA H200 NVL,full,uniform_0_1,gemv,raw_fp32,32,8,23,fp32,natural,thread_packet,8,128,1,1,8,none,raw,natural/thread_packet/x8/raw,16384,1024,1024,67174400,67174400,0,1024,256,10,2,337,14.522944450378418,0.043094790653941895,4110.29638671875,1
2026-08-16T15:22:36Z,NVIDIA H200 NVL,full,uniform_0_1,gemv,raw_fp32,32,8,23,fp32,natural,thread_packet,8,128,1,1,8,none,raw,natural/thread_packet/x8/raw,16384,1024,1024,67174400,67174400,0,1024,256,10,3,337,14.513952255249023,0.043068107582341315,4110.29638671875,1
2026-08-16T15:22:36Z,NVIDIA H200 NVL,full,uniform_0_1,gemv,raw_fp32,32,8,23,fp32,natural,thread_packet,8,128,1,1,8,none,raw,natural/thread_packet/x8/raw,16384,1024,1024,67174400,67174400,0,1024,256,10,4,337,14.520544052124023,0.043087667810457045,4110.29638671875,1
2026-08-16T15:22:36Z,NVIDIA H200 NVL,full,uniform_0_1,gemv,raw_fp32,32,8,23,fp32,natural,thread_packet,8,128,1,1,8,none,raw,natural/thread_packet/x8/raw,65536,1024,1024,268697600,268697600,0,1024,256,10,0,95,14.950495719909668,0.15737363915694388,16361.3291015625,1
2026-08-16T15:22:36Z,NVIDIA H200 NVL,full,uniform_0_1,gemv,raw_fp32,32,8,23,fp32,natural,thread_packet,8,128,1,1,8,none,raw,natural/thread_packet/x8/raw,65536,1024,1024,268697600,268697600,0,1024,256,10,1,95,14.963968276977539,0.15751545554713198,16361.3291015625,1
2026-08-16T15:22:36Z,NVIDIA H200 NVL,full,uniform_0_1,gemv,raw_fp32,32,8,23,fp32,natural,thread_packet,8,128,1,1,8,none,raw,natural/thread_packet/x8/raw,65536,1024,1024,268697600,268697600,0,1024,256,10,2,95,14.943039894104004,0.15729515678004213,16361.3291015625,1
2026-08-16T15:22:36Z,NVIDIA H200 NVL,full,uniform_0_1,gemv,raw_fp32,32,8,23,fp32,natural,thread_packet,8,128,1,1,8,none,raw,natural/thread_packet/x8/raw,65536,1024,1024,268697600,268697600,0,1024,256,10,3,95,14.956735610961914,0.15743932222065174,16361.3291015625,1
2026-08-16T15:22:36Z,NVIDIA H200 NVL,full,uniform_0_1,gemv,raw_fp32,32,8,23,fp32,natural,thread_packet,8,128,1,1,8,none,raw,natural/thread_packet/x8/raw,65536,1024,1024,268697600,268697600,0,1024,256,10,4,95,14.961024284362793,0.1574844661511873,16361.3291015625,1
2026-08-16T15:22:36Z,NVIDIA H200 NVL,full,uniform_0_1,dot,raw_fp64,64,11,52,fp64,natural,scalar,1,64,1,1,1,none,raw,natural/scalar/x1/raw,4096,0,1,65536,65536,0,16,256,10,0,2075,10.343808174133301,0.0049849677947630365,1019.6924867658463,1
2026-08-16T15:22:36Z,NVIDIA H200 NVL,full,uniform_0_1,dot,raw_fp64,64,11,52,fp64,natural,scalar,1,64,1,1,1,none,raw,natural/scalar/x1/raw,4096,0,1,65536,65536,0,16,256,10,1,2075,10.35916805267334,0.0049923701458666698,1019.6924867658463,1
2026-08-16T15:22:36Z,NVIDIA H200 NVL,full,uniform_0_1,dot,raw_fp64,64,11,52,fp64,natural,scalar,1,64,1,1,1,none,raw,natural/scalar/x1/raw,4096,0,1,65536,65536,0,16,256,10,2,2075,10.353119850158691,0.004989455349474068,1019.6924867658463,1
2026-08-16T15:22:36Z,NVIDIA H200 NVL,full,uniform_0_1,dot,raw_fp64,64,11,52,fp64,natural,scalar,1,64,1,1,1,none,raw,natural/scalar/x1/raw,4096,0,1,65536,65536,0,16,256,10,3,2075,10.330047607421875,0.0049783361963478918,1019.6924867658463,1
2026-08-16T15:22:36Z,NVIDIA H200 NVL,full,uniform_0_1,dot,raw_fp64,64,11,52,fp64,natural,scalar,1,64,1,1,1,none,raw,natural/scalar/x1/raw,4096,0,1,65536,65536,0,16,256,10,4,2075,10.325632095336914,0.0049762082387165849,1019.6924867658463,1
2026-08-16T15:22:36Z,NVIDIA H200 NVL,full,uniform_0_1,dot,raw_fp64,64,11,52,fp64,natural,scalar,1,64,1,1,1,none,raw,natural/scalar/x1/raw,65536,0,1,1048576,1048576,0,256,256,10,0,2112,11.265407562255859,0.0053339997927347822,16361.329375903359,1
2026-08-16T15:22:36Z,NVIDIA H200 NVL,full,uniform_0_1,dot,raw_fp64,64,11,52,fp64,natural,scalar,1,64,1,1,1,none,raw,natural/scalar/x1/raw,65536,0,1,1048576,1048576,0,256,256,10,1,2112,11.264127731323242,0.0053333938121795654,16361.329375903359,1
2026-08-16T15:22:36Z,NVIDIA H200 NVL,full,uniform_0_1,dot,raw_fp64,64,11,52,fp64,natural,scalar,1,64,1,1,1,none,raw,natural/scalar/x1/raw,65536,0,1,1048576,1048576,0,256,256,10,2,2112,11.267040252685547,0.0053347728469155054,16361.329375903359,1
2026-08-16T15:22:36Z,NVIDIA H200 NVL,full,uniform_0_1,dot,raw_fp64,64,11,52,fp64,natural,scalar,1,64,1,1,1,none,raw,natural/scalar/x1/raw,65536,0,1,1048576,1048576,0,256,256,10,3,2112,11.268287658691406,0.0053353634747591886,16361.329375903359,1
2026-08-16T15:22:36Z,NVIDIA H200 NVL,full,uniform_0_1,dot,raw_fp64,64,11,52,fp64,natural,scalar,1,64,1,1,1,none,raw,natural/scalar/x1/raw,65536,0,1,1048576,1048576,0,256,256,10,4,2112,11.268320083618164,0.0053353788274707213,16361.329375903359,1
2026-08-16T15:22:36Z,NVIDIA H200 NVL,full,uniform_0_1,dot,raw_fp64,64,11,52,fp64,natural,scalar,1,64,1,1,1,none,raw,natural/scalar/x1/raw,1048576,0,1,16777216,16777216,0,512,256,10,0,1508,12.010560035705566,0.0079645623578949373,261997.41491179512,1
2026-08-16T15:22:36Z,NVIDIA H200 NVL,full,uniform_0_1,dot,raw_fp64,64,11,52,fp64,natural,scalar,1,64,1,1,1,none,raw,natural/scalar/x1/raw,1048576,0,1,16777216,16777216,0,512,256,10,1,1508,12.032383918762207,0.0079790344288874059,261997.41491179512,1
2026-08-16T15:22:36Z,NVIDIA H200 NVL,full,uniform_0_1,dot,raw_fp64,64,11,52,fp64,natural,scalar,1,64,1,1,1,none,raw,natural/scalar/x1/raw,1048576,0,1,16777216,16777216,0,512,256,10,2,1508,12.058752059936523,0.0079965199336449102,261997.41491179512,1
2026-08-16T15:22:36Z,NVIDIA H200 NVL,full,uniform_0_1,dot,raw_fp64,64,11,52,fp64,natural,scalar,1,64,1,1,1,none,raw,natural/scalar/x1/raw,1048576,0,1,16777216,16777216,0,512,256,10,3,1508,12.054816246032715,0.0079939099774752748,261997.41491179512,1
2026-08-16T15:22:36Z,NVIDIA H200 NVL,full,uniform_0_1,dot,raw_fp64,64,11,52,fp64,natural,scalar,1,64,1,1,1,none,raw,natural/scalar/x1/raw,1048576,0,1,16777216,16777216,0,512,256,10,4,1508,12.050016403198242,0.0079907270578237679,261997.41491179512,1
2026-08-16T15:22:36Z,NVIDIA H200 NVL,full,uniform_0_1,dot,raw_fp64,64,11,52,fp64,natural,scalar,1,64,1,1,1,none,raw,natural/scalar/x1/raw,16777216,0,1,268435456,268435456,0,512,256,10,0,179,14.851967811584473,0.082971887215555706,4194144.5995463934,1
2026-08-16T15:22:36Z,NVIDIA H200 NVL,full,uniform_0_1,dot,raw_fp64,64,11,52,fp64,natural,scalar,1,64,1,1,1,none,raw,natural/scalar/x1/raw,16777216,0,1,268435456,268435456,0,512,256,10,1,179,14.845439910888672,0.082935418496584756,4194144.5995463934,1
2026-08-16T15:22:36Z,NVIDIA H200 NVL,full,uniform_0_1,dot,raw_fp64,64,11,52,fp64,natural,scalar,1,64,1,1,1,none,raw,natural/scalar/x1/raw,16777216,0,1,268435456,268435456,0,512,256,10,2,179,14.842111587524414,0.082916824511309578,4194144.5995463934,1
2026-08-16T15:22:36Z,NVIDIA H200 NVL,full,uniform_0_1,dot,raw_fp64,64,11,52,fp64,natural,scalar,1,64,1,1,1,none,raw,natural/scalar/x1/raw,16777216,0,1,268435456,268435456,0,512,256,10,3,179,14.839808464050293,0.082903957899722311,4194144.5995463934,1
2026-08-16T15:22:36Z,NVIDIA H200 NVL,full,uniform_0_1,dot,raw_fp64,64,11,52,fp64,natural,scalar,1,64,1,1,1,none,raw,natural/scalar/x1/raw,16777216,0,1,268435456,268435456,0,512,256,10,4,179,14.829343795776367,0.082845496065789767,4194144.5995463934,1
2026-08-16T15:22:36Z,NVIDIA H200 NVL,full,uniform_0_1,dot,raw_fp64,64,11,52,fp64,natural,scalar,1,64,1,1,1,none,raw,natural/scalar/x1/raw,134217728,0,1,2147483648,2147483648,0,512,256,10,0,25,15.029855728149414,0.60119422912597653,33555791.351023234,1
2026-08-16T15:22:36Z,NVIDIA H200 NVL,full,uniform_0_1,dot,raw_fp64,64,11,52,fp64,natural,scalar,1,64,1,1,1,none,raw,natural/scalar/x1/raw,134217728,0,1,2147483648,2147483648,0,512,256,10,1,25,15.010527610778809,0.60042110443115237,33555791.351023234,1
2026-08-16T15:22:36Z,NVIDIA H200 NVL,full,uniform_0_1,dot,raw_fp64,64,11,52,fp64,natural,scalar,1,64,1,1,1,none,raw,natural/scalar/x1/raw,134217728,0,1,2147483648,2147483648,0,512,256,10,2,25,15.016703605651855,0.60066814422607417,33555791.351023234,1
2026-08-16T15:22:36Z,NVIDIA H200 NVL,full,uniform_0_1,dot,raw_fp64,64,11,52,fp64,natural,scalar,1,64,1,1,1,none,raw,natural/scalar/x1/raw,134217728,0,1,2147483648,2147483648,0,512,256,10,3,25,15.023327827453613,0.60093311309814457,33555791.351023234,1
2026-08-16T15:22:36Z,NVIDIA H200 NVL,full,uniform_0_1,dot,raw_fp64,64,11,52,fp64,natural,scalar,1,64,1,1,1,none,raw,natural/scalar/x1/raw,134217728,0,1,2147483648,2147483648,0,512,256,10,4,25,15.011391639709473,0.60045566558837893,33555791.351023234,1
2026-08-16T15:22:36Z,NVIDIA H200 NVL,full,uniform_0_1,gemv,raw_fp64,64,11,52,fp64,natural,scalar,1,64,1,1,1,none,raw,natural/scalar/x1/raw,256,1024,1024,2099200,2099200,0,1024,256,10,0,2455,9.4788484573364258,0.0038610380681614767,62.262414696816933,1
2026-08-16T15:22:36Z,NVIDIA H200 NVL,full,uniform_0_1,gemv,raw_fp64,64,11,52,fp64,natural,scalar,1,64,1,1,1,none,raw,natural/scalar/x1/raw,256,1024,1024,2099200,2099200,0,1024,256,10,1,2455,9.4836797714233398,0.0038630060168730507,62.262414696816933,1
2026-08-16T15:22:36Z,NVIDIA H200 NVL,full,uniform_0_1,gemv,raw_fp64,64,11,52,fp64,natural,scalar,1,64,1,1,1,none,raw,natural/scalar/x1/raw,256,1024,1024,2099200,2099200,0,1024,256,10,2,2455,9.4853124618530273,0.0038636710638912533,62.262414696816933,1
2026-08-16T15:22:36Z,NVIDIA H200 NVL,full,uniform_0_1,gemv,raw_fp64,64,11,52,fp64,natural,scalar,1,64,1,1,1,none,raw,natural/scalar/x1/raw,256,1024,1024,2099200,2099200,0,1024,256,10,3,2455,9.482111930847168,0.0038623673852737953,62.262414696816933,1
2026-08-16T15:22:36Z,NVIDIA H200 NVL,full,uniform_0_1,gemv,raw_fp64,64,11,52,fp64,natural,scalar,1,64,1,1,1,none,raw,natural/scalar/x1/raw,256,1024,1024,2099200,2099200,0,1024,256,10,4,2455,9.4892797470092773,0.0038652870659915588,62.262414696816933,1
2026-08-16T15:22:36Z,NVIDIA H200 NVL,full,uniform_0_1,gemv,raw_fp64,64,11,52,fp64,natural,scalar,1,64,1,1,1,none,raw,natural/scalar/x1/raw,1024,1024,1024,8396800,8396800,0,1024,256,10,0,2201,10.78105640411377,0.0048982537047313809,248.53376947185922,1
2026-08-16T15:22:36Z,NVIDIA H200 NVL,full,uniform_0_1,gemv,raw_fp64,64,11,52,fp64,natural,scalar,1,64,1,1,1,none,raw,natural/scalar/x1/raw,1024,1024,1024,8396800,8396800,0,1024,256,10,1,2201,10.780447959899902,0.0048979772648341221,248.53376947185922,1
2026-08-16T15:22:36Z,NVIDIA H200 NVL,full,uniform_0_1,gemv,raw_fp64,64,11,52,fp64,natural,scalar,1,64,1,1,1,none,raw,natural/scalar/x1/raw,1024,1024,1024,8396800,8396800,0,1024,256,10,2,2201,10.779552459716797,0.0048975704042329834,248.53376947185922,1
2026-08-16T15:22:36Z,NVIDIA H200 NVL,full,uniform_0_1,gemv,raw_fp64,64,11,52,fp64,natural,scalar,1,64,1,1,1,none,raw,natural/scalar/x1/raw,1024,1024,1024,8396800,8396800,0,1024,256,10,3,2201,10.781472206115723,0.0048984426197708868,248.53376947185922,1
2026-08-16T15:22:36Z,NVIDIA H200 NVL,full,uniform_0_1,gemv,raw_fp64,64,11,52,fp64,natural,scalar,1,64,1,1,1,none,raw,natural/scalar/x1/raw,1024,1024,1024,8396800,8396800,0,1024,256,10,4,2201,10.780544281005859,0.0048980210272629981,248.53376947185922,1
2026-08-16T15:22:36Z,NVIDIA H200 NVL,full,uniform_0_1,gemv,raw_fp64,64,11,52,fp64,natural,scalar,1,64,1,1,1,none,raw,natural/scalar/x1/raw,4096,1024,1024,33587200,33587200,0,1024,256,10,0,1336,11.747103691101074,0.0087927422837582887,1019.6924867658464,1
2026-08-16T15:22:36Z,NVIDIA H200 NVL,full,uniform_0_1,gemv,raw_fp64,64,11,52,fp64,natural,scalar,1,64,1,1,1,none,raw,natural/scalar/x1/raw,4096,1024,1024,33587200,33587200,0,1024,256,10,1,1336,11.738847732543945,0.0087865626740598387,1019.6924867658464,1
2026-08-16T15:22:36Z,NVIDIA H200 NVL,full,uniform_0_1,gemv,raw_fp64,64,11,52,fp64,natural,scalar,1,64,1,1,1,none,raw,natural/scalar/x1/raw,4096,1024,1024,33587200,33587200,0,1024,256,10,2,1336,11.733440399169922,0.0087825152688397624,1019.6924867658464,1
2026-08-16T15:22:36Z,NVIDIA H200 NVL,full,uniform_0_1,gemv,raw_fp64,64,11,52,fp64,natural,scalar,1,64,1,1,1,none,raw,natural/scalar/x1/raw,4096,1024,1024,33587200,33587200,0,1024,256,10,3,1336,11.717791557312012,0.0087708020638562964,1019.6924867658464,1
2026-08-16T15:22:36Z,NVIDIA H200 NVL,full,uniform_0_1,gemv,raw_fp64,64,11,52,fp64,natural,scalar,1,64,1,1,1,none,raw,natural/scalar/x1/raw,4096,1024,1024,33587200,33587200,0,1024,256,10,4,1336,11.72156810760498,0.0087736288230576207,1019.6924867658464,1
2026-08-16T15:22:36Z,NVIDIA H200 NVL,full,uniform_0_1,gemv,raw_fp64,64,11,52,fp64,natural,scalar,1,64,1,1,1,none,raw,natural/scalar/x1/raw,16384,1024,1024,134348800,134348800,0,1024,256,10,0,338,14.716159820556641,0.04353893438034509,4110.2963092903155,1
2026-08-16T15:22:36Z,NVIDIA H200 NVL,full,uniform_0_1,gemv,raw_fp64,64,11,52,fp64,natural,scalar,1,64,1,1,1,none,raw,natural/scalar/x1/raw,16384,1024,1024,134348800,134348800,0,1024,256,10,1,338,14.72662353515625,0.043569892115846894,4110.2963092903155,1
2026-08-16T15:22:36Z,NVIDIA H200 NVL,full,uniform_0_1,gemv,raw_fp64,64,11,52,fp64,natural,scalar,1,64,1,1,1,none,raw,natural/scalar/x1/raw,16384,1024,1024,134348800,134348800,0,1024,256,10,2,338,14.725312232971191,0.043566012523583407,4110.2963092903155,1
2026-08-16T15:22:36Z,NVIDIA H200 NVL,full,uniform_0_1,gemv,raw_fp64,64,11,52,fp64,natural,scalar,1,64,1,1,1,none,raw,natural/scalar/x1/raw,16384,1024,1024,134348800,134348800,0,1024,256,10,3,338,14.716064453125,0.043538652228180472,4110.2963092903155,1
2026-08-16T15:22:36Z,NVIDIA H200 NVL,full,uniform_0_1,gemv,raw_fp64,64,11,52,fp64,natural,scalar,1,64,1,1,1,none,raw,natural/scalar/x1/raw,16384,1024,1024,134348800,134348800,0,1024,256,10,4,338,14.728287696838379,0.043574815671119461,4110.2963092903155,1
2026-08-16T15:22:36Z,NVIDIA H200 NVL,full,uniform_0_1,gemv,raw_fp64,64,11,52,fp64,natural,scalar,1,64,1,1,1,none,raw,natural/scalar/x1/raw,65536,1024,1024,537395200,537395200,0,1024,256,10,0,100,15.024383544921875,0.15024383544921874,16361.329375903357,1
2026-08-16T15:22:36Z,NVIDIA H200 NVL,full,uniform_0_1,gemv,raw_fp64,64,11,52,fp64,natural,scalar,1,64,1,1,1,none,raw,natural/scalar/x1/raw,65536,1024,1024,537395200,537395200,0,1024,256,10,1,100,15.019359588623047,0.15019359588623046,16361.329375903357,1
2026-08-16T15:22:36Z,NVIDIA H200 NVL,full,uniform_0_1,gemv,raw_fp64,64,11,52,fp64,natural,scalar,1,64,1,1,1,none,raw,natural/scalar/x1/raw,65536,1024,1024,537395200,537395200,0,1024,256,10,2,100,15.021535873413086,0.15021535873413086,16361.329375903357,1
2026-08-16T15:22:36Z,NVIDIA H200 NVL,full,uniform_0_1,gemv,raw_fp64,64,11,52,fp64,natural,scalar,1,64,1,1,1,none,raw,natural/scalar/x1/raw,65536,1024,1024,537395200,537395200,0,1024,256,10,3,100,15.027263641357422,0.15027263641357422,16361.329375903357,1
2026-08-16T15:22:36Z,NVIDIA H200 NVL,full,uniform_0_1,gemv,raw_fp64,64,11,52,fp64,natural,scalar,1,64,1,1,1,none,raw,natural/scalar/x1/raw,65536,1024,1024,537395200,537395200,0,1024,256,10,4,100,15.012288093566895,0.15012288093566895,16361.329375903357,1
2026-08-16T15:22:36Z,NVIDIA H200 NVL,full,uniform_0_1,dot,raw_fp64,64,11,52,fp64,natural,thread_packet,2,128,1,1,2,none,raw,natural/thread_packet/x2/raw,4096,0,1,65536,65536,0,8,256,10,0,2065,10.496255874633789,0.0050829326269413019,1019.6924867658463,1
2026-08-16T15:22:36Z,NVIDIA H200 NVL,full,uniform_0_1,dot,raw_fp64,64,11,52,fp64,natural,thread_packet,2,128,1,1,2,none,raw,natural/thread_packet/x2/raw,4096,0,1,65536,65536,0,8,256,10,1,2065,10.533856391906738,0.005101141109882198,1019.6924867658463,1
2026-08-16T15:22:36Z,NVIDIA H200 NVL,full,uniform_0_1,dot,raw_fp64,64,11,52,fp64,natural,thread_packet,2,128,1,1,2,none,raw,natural/thread_packet/x2/raw,4096,0,1,65536,65536,0,8,256,10,2,2065,10.531968116760254,0.0051002266909250622,1019.6924867658463,1
2026-08-16T15:22:36Z,NVIDIA H200 NVL,full,uniform_0_1,dot,raw_fp64,64,11,52,fp64,natural,thread_packet,2,128,1,1,2,none,raw,natural/thread_packet/x2/raw,4096,0,1,65536,65536,0,8,256,10,3,2065,10.525952339172363,0.0050973134814394014,1019.6924867658463,1
2026-08-16T15:22:36Z,NVIDIA H200 NVL,full,uniform_0_1,dot,raw_fp64,64,11,52,fp64,natural,thread_packet,2,128,1,1,2,none,raw,natural/thread_packet/x2/raw,4096,0,1,65536,65536,0,8,256,10,4,2065,10.508223533630371,0.0050887281034529639,1019.6924867658463,1
2026-08-16T15:22:36Z,NVIDIA H200 NVL,full,uniform_0_1,dot,raw_fp64,64,11,52,fp64,natural,thread_packet,2,128,1,1,2,none,raw,natural/thread_packet/x2/raw,65536,0,1,1048576,1048576,0,128,256,10,0,2056,10.960384368896484,0.0053309262494632709,16361.329375903359,1
2026-08-16T15:22:36Z,NVIDIA H200 NVL,full,uniform_0_1,dot,raw_fp64,64,11,52,fp64,natural,thread_packet,2,128,1,1,2,none,raw,natural/thread_packet/x2/raw,65536,0,1,1048576,1048576,0,128,256,10,1,2056,10.963520050048828,0.0053324513862105195,16361.329375903359,1
2026-08-16T15:22:36Z,NVIDIA H200 NVL,full,uniform_0_1,dot,raw_fp64,64,11,52,fp64,natural,thread_packet,2,128,1,1,2,none,raw,natural/thread_packet/x2/raw,65536,0,1,1048576,1048576,0,128,256,10,2,2056,10.964351654052734,0.0053328558628661163,16361.329375903359,1
2026-08-16T15:22:36Z,NVIDIA H200 NVL,full,uniform_0_1,dot,raw_fp64,64,11,52,fp64,natural,thread_packet,2,128,1,1,2,none,raw,natural/thread_packet/x2/raw,65536,0,1,1048576,1048576,0,128,256,10,3,2056,10.964415550231934,0.0053328869407742868,16361.329375903359,1
2026-08-16T15:22:36Z,NVIDIA H200 NVL,full,uniform_0_1,dot,raw_fp64,64,11,52,fp64,natural,thread_packet,2,128,1,1,2,none,raw,natural/thread_packet/x2/raw,65536,0,1,1048576,1048576,0,128,256,10,4,2056,10.964544296264648,0.0053329495604400043,16361.329375903359,1
2026-08-16T15:22:36Z,NVIDIA H200 NVL,full,uniform_0_1,dot,raw_fp64,64,11,52,fp64,natural,thread_packet,2,128,1,1,2,none,raw,natural/thread_packet/x2/raw,1048576,0,1,16777216,16777216,0,512,256,10,0,1503,11.884448051452637,0.0079071510655040825,261997.41491179512,1
2026-08-16T15:22:36Z,NVIDIA H200 NVL,full,uniform_0_1,dot,raw_fp64,64,11,52,fp64,natural,thread_packet,2,128,1,1,2,none,raw,natural/thread_packet/x2/raw,1048576,0,1,16777216,16777216,0,512,256,10,1,1503,11.896415710449219,0.0079151135798065323,261997.41491179512,1
2026-08-16T15:22:36Z,NVIDIA H200 NVL,full,uniform_0_1,dot,raw_fp64,64,11,52,fp64,natural,thread_packet,2,128,1,1,2,none,raw,natural/thread_packet/x2/raw,1048576,0,1,16777216,16777216,0,512,256,10,2,1503,11.894207954406738,0.0079136446802440044,261997.41491179512,1
2026-08-16T15:22:36Z,NVIDIA H200 NVL,full,uniform_0_1,dot,raw_fp64,64,11,52,fp64,natural,thread_packet,2,128,1,1,2,none,raw,natural/thread_packet/x2/raw,1048576,0,1,16777216,16777216,0,512,256,10,3,1503,11.889408111572266,0.0079104511720374353,261997.41491179512,1
2026-08-16T15:22:36Z,NVIDIA H200 NVL,full,uniform_0_1,dot,raw_fp64,64,11,52,fp64,natural,thread_packet,2,128,1,1,2,none,raw,natural/thread_packet/x2/raw,1048576,0,1,16777216,16777216,0,512,256,10,4,1503,11.895008087158203,0.0079141770373640733,261997.41491179512,1
2026-08-16T15:22:36Z,NVIDIA H200 NVL,full,uniform_0_1,dot,raw_fp64,64,11,52,fp64,natural,thread_packet,2,128,1,1,2,none,raw,natural/thread_packet/x2/raw,16777216,0,1,268435456,268435456,0,512,256,10,0,214,14.747648239135742,0.06891424410811095,4194144.5995463934,1
2026-08-16T15:22:36Z,NVIDIA H200 NVL,full,uniform_0_1,dot,raw_fp64,64,11,52,fp64,natural,thread_packet,2,128,1,1,2,none,raw,natural/thread_packet/x2/raw,16777216,0,1,268435456,268435456,0,512,256,10,1,214,14.746944427490234,0.068910955268645949,4194144.5995463934,1
2026-08-16T15:22:36Z,NVIDIA H200 NVL,full,uniform_0_1,dot,raw_fp64,64,11,52,fp64,natural,thread_packet,2,128,1,1,2,none,raw,natural/thread_packet/x2/raw,16777216,0,1,268435456,268435456,0,512,256,10,2,214,14.737983703613281,0.068869082727164868,4194144.5995463934,1
2026-08-16T15:22:36Z,NVIDIA H200 NVL,full,uniform_0_1,dot,raw_fp64,64,11,52,fp64,natural,thread_packet,2,128,1,1,2,none,raw,natural/thread_packet/x2/raw,16777216,0,1,268435456,268435456,0,512,256,10,3,214,14.760064125061035,0.068972262266640355,4194144.5995463934,1
2026-08-16T15:22:36Z,NVIDIA H200 NVL,full,uniform_0_1,dot,raw_fp64,64,11,52,fp64,natural,thread_packet,2,128,1,1,2,none,raw,natural/thread_packet/x2/raw,16777216,0,1,268435456,268435456,0,512,256,10,4,214,14.733440399169922,0.068847852332569723,4194144.5995463934,1
2026-08-16T15:22:36Z,NVIDIA H200 NVL,full,uniform_0_1,dot,raw_fp64,64,11,52,fp64,natural,thread_packet,2,128,1,1,2,none,raw,natural/thread_packet/x2/raw,134217728,0,1,2147483648,2147483648,0,512,256,10,0,30,14.883232116699219,0.49610773722330731,33555791.351023242,1
2026-08-16T15:22:36Z,NVIDIA H200 NVL,full,uniform_0_1,dot,raw_fp64,64,11,52,fp64,natural,thread_packet,2,128,1,1,2,none,raw,natural/thread_packet/x2/raw,134217728,0,1,2147483648,2147483648,0,512,256,10,1,30,14.87168025970459,0.49572267532348635,33555791.351023242,1
2026-08-16T15:22:36Z,NVIDIA H200 NVL,full,uniform_0_1,dot,raw_fp64,64,11,52,fp64,natural,thread_packet,2,128,1,1,2,none,raw,natural/thread_packet/x2/raw,134217728,0,1,2147483648,2147483648,0,512,256,10,2,30,14.86415958404541,0.495471986134847,33555791.351023242,1
2026-08-16T15:22:36Z,NVIDIA H200 NVL,full,uniform_0_1,dot,raw_fp64,64,11,52,fp64,natural,thread_packet,2,128,1,1,2,none,raw,natural/thread_packet/x2/raw,134217728,0,1,2147483648,2147483648,0,512,256,10,3,30,14.887999534606934,0.49626665115356444,33555791.351023242,1
2026-08-16T15:22:36Z,NVIDIA H200 NVL,full,uniform_0_1,dot,raw_fp64,64,11,52,fp64,natural,thread_packet,2,128,1,1,2,none,raw,natural/thread_packet/x2/raw,134217728,0,1,2147483648,2147483648,0,512,256,10,4,30,14.878879547119141,0.49596265157063801,33555791.351023242,1
2026-08-16T15:22:36Z,NVIDIA H200 NVL,full,uniform_0_1,gemv,raw_fp64,64,11,52,fp64,natural,thread_packet,2,128,1,1,2,none,raw,natural/thread_packet/x2/raw,256,1024,1024,2099200,2099200,0,1024,256,10,0,2404,9.3883838653564453,0.0039053177476524314,62.262414696816933,1
2026-08-16T15:22:36Z,NVIDIA H200 NVL,full,uniform_0_1,gemv,raw_fp64,64,11,52,fp64,natural,thread_packet,2,128,1,1,2,none,raw,natural/thread_packet/x2/raw,256,1024,1024,2099200,2099200,0,1024,256,10,1,2404,9.3928956985473633,0.0039071945501444934,62.262414696816933,1
2026-08-16T15:22:36Z,NVIDIA H200 NVL,full,uniform_0_1,gemv,raw_fp64,64,11,52,fp64,natural,thread_packet,2,128,1,1,2,none,raw,natural/thread_packet/x2/raw,256,1024,1024,2099200,2099200,0,1024,256,10,2,2404,9.4136962890625,0.0039158470420393096,62.262414696816933,1
2026-08-16T15:22:36Z,NVIDIA H200 NVL,full,uniform_0_1,gemv,raw_fp64,64,11,52,fp64,natural,thread_packet,2,128,1,1,2,none,raw,natural/thread_packet/x2/raw,256,1024,1024,2099200,2099200,0,1024,256,10,3,2404,9.4193916320800781,0.0039182161531115135,62.262414696816933,1
2026-08-16T15:22:36Z,NVIDIA H200 NVL,full,uniform_0_1,gemv,raw_fp64,64,11,52,fp64,natural,thread_packet,2,128,1,1,2,none,raw,natural/thread_packet/x2/raw,256,1024,1024,2099200,2099200,0,1024,256,10,4,2404,9.4137277603149414,0.0039158601332424884,62.262414696816933,1
2026-08-16T15:22:36Z,NVIDIA H200 NVL,full,uniform_0_1,gemv,raw_fp64,64,11,52,fp64,natural,thread_packet,2,128,1,1,2,none,raw,natural/thread_packet/x2/raw,1024,1024,1024,8396800,8396800,0,1024,256,10,0,2122,10.439711570739746,0.0049197509758434239,248.53376947185922,1
2026-08-16T15:22:36Z,NVIDIA H200 NVL,full,uniform_0_1,gemv,raw_fp64,64,11,52,fp64,natural,thread_packet,2,128,1,1,2,none,raw,natural/thread_packet/x2/raw,1024,1024,1024,8396800,8396800,0,1024,256,10,1,2122,10.440671920776367,0.0049202035441924443,248.53376947185922,1
2026-08-16T15:22:36Z,NVIDIA H200 NVL,full,uniform_0_1,gemv,raw_fp64,64,11,52,fp64,natural,thread_packet,2,128,1,1,2,none,raw,natural/thread_packet/x2/raw,1024,1024,1024,8396800,8396800,0,1024,256,10,2,2122,10.442463874816895,0.0049210480088675282,248.53376947185922,1
2026-08-16T15:22:36Z,NVIDIA H200 NVL,full,uniform_0_1,gemv,raw_fp64,64,11,52,fp64,natural,thread_packet,2,128,1,1,2,none,raw,natural/thread_packet/x2/raw,1024,1024,1024,8396800,8396800,0,1024,256,10,3,2122,10.443039894104004,0.004921319459992462,248.53376947185922,1
2026-08-16T15:22:36Z,NVIDIA H200 NVL,full,uniform_0_1,gemv,raw_fp64,64,11,52,fp64,natural,thread_packet,2,128,1,1,2,none,raw,natural/thread_packet/x2/raw,1024,1024,1024,8396800,8396800,0,1024,256,10,4,2122,10.442336082458496,0.0049209877862669629,248.53376947185922,1
2026-08-16T15:22:36Z,NVIDIA H200 NVL,full,uniform_0_1,gemv,raw_fp64,64,11,52,fp64,natural,thread_packet,2,128,1,1,2,none,raw,natural/thread_packet/x2/raw,4096,1024,1024,33587200,33587200,0,1024,256,10,0,1470,12.504351615905762,0.0085063616434733081,1019.6924867658463,1
2026-08-16T15:22:36Z,NVIDIA H200 NVL,full,uniform_0_1,gemv,raw_fp64,64,11,52,fp64,natural,thread_packet,2,128,1,1,2,none,raw,natural/thread_packet/x2/raw,4096,1024,1024,33587200,33587200,0,1024,256,10,1,1470,12.46230411529541,0.0084777579015615032,1019.6924867658463,1
2026-08-16T15:22:36Z,NVIDIA H200 NVL,full,uniform_0_1,gemv,raw_fp64,64,11,52,fp64,natural,thread_packet,2,128,1,1,2,none,raw,natural/thread_packet/x2/raw,4096,1024,1024,33587200,33587200,0,1024,256,10,2,1470,12.43887996673584,0.0084618231066230197,1019.6924867658463,1
2026-08-16T15:22:36Z,NVIDIA H200 NVL,full,uniform_0_1,gemv,raw_fp64,64,11,52,fp64,natural,thread_packet,2,128,1,1,2,none,raw,natural/thread_packet/x2/raw,4096,1024,1024,33587200,33587200,0,1024,256,10,3,1470,12.447039604187012,0.0084673738803993284,1019.6924867658463,1
2026-08-16T15:22:36Z,NVIDIA H200 NVL,full,uniform_0_1,gemv,raw_fp64,64,11,52,fp64,natural,thread_packet,2,128,1,1,2,none,raw,natural/thread_packet/x2/raw,4096,1024,1024,33587200,33587200,0,1024,256,10,4,1470,12.458271980285645,0.0084750149525752681,1019.6924867658463,1
2026-08-16T15:22:36Z,NVIDIA H200 NVL,full,uniform_0_1,gemv,raw_fp64,64,11,52,fp64,natural,thread_packet,2,128,1,1,2,none,raw,natural/thread_packet/x2/raw,16384,1024,1024,134348800,134348800,0,1024,256,10,0,378,14.344448089599609,0.037948275369311134,4110.2963092903155,1
2026-08-16T15:22:36Z,NVIDIA H200 NVL,full,uniform_0_1,gemv,raw_fp64,64,11,52,fp64,natural,thread_packet,2,128,1,1,2,none,raw,natural/thread_packet/x2/raw,16384,1024,1024,134348800,134348800,0,1024,256,10,1,378,14.35587215423584,0.037978497762528679,4110.2963092903155,1
2026-08-16T15:22:36Z,NVIDIA H200 NVL,full,uniform_0_1,gemv,raw_fp64,64,11,52,fp64,natural,thread_packet,2,128,1,1,2,none,raw,natural/thread_packet/x2/raw,16384,1024,1024,134348800,134348800,0,1024,256,10,2,378,14.350208282470703,0.037963513974790218,4110.2963092903155,1
2026-08-16T15:22:36Z,NVIDIA H200 NVL,full,uniform_0_1,gemv,raw_fp64,64,11,52,fp64,natural,thread_packet,2,128,1,1,2,none,raw,natural/thread_packet/x2/raw,16384,1024,1024,134348800,134348800,0,1024,256,10,3,378,14.340415954589844,0.037937608345475778,4110.2963092903155,1
2026-08-16T15:22:36Z,NVIDIA H200 NVL,full,uniform_0_1,gemv,raw_fp64,64,11,52,fp64,natural,thread_packet,2,128,1,1,2,none,raw,natural/thread_packet/x2/raw,16384,1024,1024,134348800,134348800,0,1024,256,10,4,378,14.355680465698242,0.037977990649995352,4110.2963092903155,1
2026-08-16T15:22:36Z,NVIDIA H200 NVL,full,uniform_0_1,gemv,raw_fp64,64,11,52,fp64,natural,thread_packet,2,128,1,1,2,none,raw,natural/thread_packet/x2/raw,65536,1024,1024,537395200,537395200,0,1024,256,10,0,113,14.904224395751953,0.13189579111284913,16361.329375903359,1
2026-08-16T15:22:36Z,NVIDIA H200 NVL,full,uniform_0_1,gemv,raw_fp64,64,11,52,fp64,natural,thread_packet,2,128,1,1,2,none,raw,natural/thread_packet/x2/raw,65536,1024,1024,537395200,537395200,0,1024,256,10,1,113,14.897567749023438,0.13183688273472069,16361.329375903359,1
2026-08-16T15:22:36Z,NVIDIA H200 NVL,full,uniform_0_1,gemv,raw_fp64,64,11,52,fp64,natural,thread_packet,2,128,1,1,2,none,raw,natural/thread_packet/x2/raw,65536,1024,1024,537395200,537395200,0,1024,256,10,2,113,14.898688316345215,0.13184679925969217,16361.329375903359,1
2026-08-16T15:22:36Z,NVIDIA H200 NVL,full,uniform_0_1,gemv,raw_fp64,64,11,52,fp64,natural,thread_packet,2,128,1,1,2,none,raw,natural/thread_packet/x2/raw,65536,1024,1024,537395200,537395200,0,1024,256,10,3,113,14.895071983337402,0.13181479631272036,16361.329375903359,1
2026-08-16T15:22:36Z,NVIDIA H200 NVL,full,uniform_0_1,gemv,raw_fp64,64,11,52,fp64,natural,thread_packet,2,128,1,1,2,none,raw,natural/thread_packet/x2/raw,65536,1024,1024,537395200,537395200,0,1024,256,10,4,113,14.886303901672363,0.13173720266966693,16361.329375903359,1
2026-08-16T15:22:36Z,NVIDIA H200 NVL,full,uniform_0_1,dot,raw_fp64,64,11,52,fp64,natural,thread_packet,4,128,1,1,4,none,raw,natural/thread_packet/x4/raw,4096,0,1,65536,65536,0,4,256,10,0,2047,10.888447761535645,0.0053192221600076427,1019.6924867658463,1
2026-08-16T15:22:36Z,NVIDIA H200 NVL,full,uniform_0_1,dot,raw_fp64,64,11,52,fp64,natural,thread_packet,4,128,1,1,4,none,raw,natural/thread_packet/x4/raw,4096,0,1,65536,65536,0,4,256,10,1,2047,10.929632186889648,0.0053393415666290415,1019.6924867658463,1
2026-08-16T15:22:36Z,NVIDIA H200 NVL,full,uniform_0_1,dot,raw_fp64,64,11,52,fp64,natural,thread_packet,4,128,1,1,4,none,raw,natural/thread_packet/x4/raw,4096,0,1,65536,65536,0,4,256,10,2,2047,10.936896324157715,0.005342890241405821,1019.6924867658463,1
2026-08-16T15:22:36Z,NVIDIA H200 NVL,full,uniform_0_1,dot,raw_fp64,64,11,52,fp64,natural,thread_packet,4,128,1,1,4,none,raw,natural/thread_packet/x4/raw,4096,0,1,65536,65536,0,4,256,10,3,2047,10.937312126159668,0.0053430933689104388,1019.6924867658463,1
2026-08-16T15:22:36Z,NVIDIA H200 NVL,full,uniform_0_1,dot,raw_fp64,64,11,52,fp64,natural,thread_packet,4,128,1,1,4,none,raw,natural/thread_packet/x4/raw,4096,0,1,65536,65536,0,4,256,10,4,2047,10.939616203308105,0.005344218956183735,1019.6924867658463,1
2026-08-16T15:22:36Z,NVIDIA H200 NVL,full,uniform_0_1,dot,raw_fp64,64,11,52,fp64,natural,thread_packet,4,128,1,1,4,none,raw,natural/thread_packet/x4/raw,65536,0,1,1048576,1048576,0,64,256,10,0,2004,11.012895584106445,0.0054954568782966291,16361.32937590336,1
2026-08-16T15:22:36Z,NVIDIA H200 NVL,full,uniform_0_1,dot,raw_fp64,64,11,52,fp64,natural,thread_packet,4,128,1,1,4,none,raw,natural/thread_packet/x4/raw,65536,0,1,1048576,1048576,0,64,256,10,1,2004,11.013983726501465,0.0054959998635236854,16361.32937590336,1
2026-08-16T15:22:36Z,NVIDIA H200 NVL,full,uniform_0_1,dot,raw_fp64,64,11,52,fp64,natural,thread_packet,4,128,1,1,4,none,raw,natural/thread_packet/x4/raw,65536,0,1,1048576,1048576,0,64,256,10,2,2004,11.010880470275879,0.0054944513324729936,16361.32937590336,1
2026-08-16T15:22:36Z,NVIDIA H200 NVL,full,uniform_0_1,dot,raw_fp64,64,11,52,fp64,natural,thread_packet,4,128,1,1,4,none,raw,natural/thread_packet/x4/raw,65536,0,1,1048576,1048576,0,64,256,10,3,2004,11.018303871154785,0.0054981556243287348,16361.32937590336,1
2026-08-16T15:22:36Z,NVIDIA H200 NVL,full,uniform_0_1,dot,raw_fp64,64,11,52,fp64,natural,thread_packet,4,128,1,1,4,none,raw,natural/thread_packet/x4/raw,65536,0,1,1048576,1048576,0,64,256,10,4,2004,11.016448020935059,0.0054972295513647995,16361.32937590336,1
2026-08-16T15:22:36Z,NVIDIA H200 NVL,full,uniform_0_1,dot,raw_fp64,64,11,52,fp64,natural,thread_packet,4,128,1,1,4,none,raw,natural/thread_packet/x4/raw,1048576,0,1,16777216,16777216,0,512,256,10,0,1417,12.255007743835449,0.0086485587465317208,261997.41491179512,1
2026-08-16T15:22:36Z,NVIDIA H200 NVL,full,uniform_0_1,dot,raw_fp64,64,11,52,fp64,natural,thread_packet,4,128,1,1,4,none,raw,natural/thread_packet/x4/raw,1048576,0,1,16777216,16777216,0,512,256,10,1,1417,12.255264282226562,0.008648739789856431,261997.41491179512,1
2026-08-16T15:22:36Z,NVIDIA H200 NVL,full,uniform_0_1,dot,raw_fp64,64,11,52,fp64,natural,thread_packet,4,128,1,1,4,none,raw,natural/thread_packet/x4/raw,1048576,0,1,16777216,16777216,0,512,256,10,2,1417,12.257760047912598,0.0086505010923871549,261997.41491179512,1
2026-08-16T15:22:36Z,NVIDIA H200 NVL,full,uniform_0_1,dot,raw_fp64,64,11,52,fp64,natural,thread_packet,4,128,1,1,4,none,raw,natural/thread_packet/x4/raw,1048576,0,1,16777216,16777216,0,512,256,10,3,1417,12.261343955993652,0.0086530303147449913,261997.41491179512,1
2026-08-16T15:22:36Z,NVIDIA H200 NVL,full,uniform_0_1,dot,raw_fp64,64,11,52,fp64,natural,thread_packet,4,128,1,1,4,none,raw,natural/thread_packet/x4/raw,1048576,0,1,16777216,16777216,0,512,256,10,4,1417,12.251551628112793,0.0086461197093244836,261997.41491179512,1
2026-08-16T15:22:36Z,NVIDIA H200 NVL,full,uniform_0_1,dot,raw_fp64,64,11,52,fp64,natural,thread_packet,4,128,1,1,4,none,raw,natural/thread_packet/x4/raw,16777216,0,1,268435456,268435456,0,512,256,10,0,207,14.267935752868652,0.068927225859268845,4194144.5995463938,1
2026-08-16T15:22:36Z,NVIDIA H200 NVL,full,uniform_0_1,dot,raw_fp64,64,11,52,fp64,natural,thread_packet,4,128,1,1,4,none,raw,natural/thread_packet/x4/raw,16777216,0,1,268435456,268435456,0,512,256,10,1,207,14.247520446777344,0.068828601192161082,4194144.5995463938,1
2026-08-16T15:22:36Z,NVIDIA H200 NVL,full,uniform_0_1,dot,raw_fp64,64,11,52,fp64,natural,thread_packet,4,128,1,1,4,none,raw,natural/thread_packet/x4/raw,16777216,0,1,268435456,268435456,0,512,256,10,2,207,14.234592437744141,0.068766147042242223,4194144.5995463938,1
2026-08-16T15:22:36Z,NVIDIA H200 NVL,full,uniform_0_1,dot,raw_fp64,64,11,52,fp64,natural,thread_packet,4,128,1,1,4,none,raw,natural/thread_packet/x4/raw,16777216,0,1,268435456,268435456,0,512,256,10,3,207,14.262207984924316,0.068899555482726166,4194144.5995463938,1
2026-08-16T15:22:36Z,NVIDIA H200 NVL,full,uniform_0_1,dot,raw_fp64,64,11,52,fp64,natural,thread_packet,4,128,1,1,4,none,raw,natural/thread_packet/x4/raw,16777216,0,1,268435456,268435456,0,512,256,10,4,207,14.223999977111816,0.068714975734839687,4194144.5995463938,1
2026-08-16T15:22:36Z,NVIDIA H200 NVL,full,uniform_0_1,dot,raw_fp64,64,11,52,fp64,natural,thread_packet,4,128,1,1,4,none,raw,natural/thread_packet/x4/raw,134217728,0,1,2147483648,2147483648,0,512,256,10,0,31,15.586624145507812,0.50279432727444562,33555791.351023242,1
2026-08-16T15:22:36Z,NVIDIA H200 NVL,full,uniform_0_1,dot,raw_fp64,64,11,52,fp64,natural,thread_packet,4,128,1,1,4,none,raw,natural/thread_packet/x4/raw,134217728,0,1,2147483648,2147483648,0,512,256,10,1,31,15.535327911376953,0.50113961004441787,33555791.351023242,1
2026-08-16T15:22:36Z,NVIDIA H200 NVL,full,uniform_0_1,dot,raw_fp64,64,11,52,fp64,natural,thread_packet,4,128,1,1,4,none,raw,natural/thread_packet/x4/raw,134217728,0,1,2147483648,2147483648,0,512,256,10,2,31,15.526047706604004,0.50084024860012921,33555791.351023242,1
2026-08-16T15:22:36Z,NVIDIA H200 NVL,full,uniform_0_1,dot,raw_fp64,64,11,52,fp64,natural,thread_packet,4,128,1,1,4,none,raw,natural/thread_packet/x4/raw,134217728,0,1,2147483648,2147483648,0,512,256,10,3,31,15.573087692260742,0.50235766749228206,33555791.351023242,1
2026-08-16T15:22:36Z,NVIDIA H200 NVL,full,uniform_0_1,dot,raw_fp64,64,11,52,fp64,natural,thread_packet,4,128,1,1,4,none,raw,natural/thread_packet/x4/raw,134217728,0,1,2147483648,2147483648,0,512,256,10,4,31,15.593088150024414,0.50300284354917468,33555791.351023242,1
2026-08-16T15:22:36Z,NVIDIA H200 NVL,full,uniform_0_1,gemv,raw_fp64,64,11,52,fp64,natural,thread_packet,4,128,1,1,4,none,raw,natural/thread_packet/x4/raw,256,1024,1024,2099200,2099200,0,1024,256,10,0,2380,10.044896125793457,0.0042205445906695199,62.262414696816933,1
2026-08-16T15:22:36Z,NVIDIA H200 NVL,full,uniform_0_1,gemv,raw_fp64,64,11,52,fp64,natural,thread_packet,4,128,1,1,4,none,raw,natural/thread_packet/x4/raw,256,1024,1024,2099200,2099200,0,1024,256,10,1,2380,10.060000419616699,0.0042268909326120584,62.262414696816933,1
2026-08-16T15:22:36Z,NVIDIA H200 NVL,full,uniform_0_1,gemv,raw_fp64,64,11,52,fp64,natural,thread_packet,4,128,1,1,4,none,raw,natural/thread_packet/x4/raw,256,1024,1024,2099200,2099200,0,1024,256,10,2,2380,10.054816246032715,0.0042247127084171074,62.262414696816933,1
2026-08-16T15:22:36Z,NVIDIA H200 NVL,full,uniform_0_1,gemv,raw_fp64,64,11,52,fp64,natural,thread_packet,4,128,1,1,4,none,raw,natural/thread_packet/x4/raw,256,1024,1024,2099200,2099200,0,1024,256,10,3,2380,10.059616088867188,0.0042267294491038603,62.262414696816933,1
2026-08-16T15:22:36Z,NVIDIA H200 NVL,full,uniform_0_1,gemv,raw_fp64,64,11,52,fp64,natural,thread_packet,4,128,1,1,4,none,raw,natural/thread_packet/x4/raw,256,1024,1024,2099200,2099200,0,1024,256,10,4,2380,10.020832061767578,0.0042104336393981425,62.262414696816933,1
2026-08-16T15:22:36Z,NVIDIA H200 NVL,full,uniform_0_1,gemv,raw_fp64,64,11,52,fp64,natural,thread_packet,4,128,1,1,4,none,raw,natural/thread_packet/x4/raw,1024,1024,1024,8396800,8396800,0,1024,256,10,0,1868,11.369791984558105,0.0060866124114336752,248.53376947185924,1
2026-08-16T15:22:36Z,NVIDIA H200 NVL,full,uniform_0_1,gemv,raw_fp64,64,11,52,fp64,natural,thread_packet,4,128,1,1,4,none,raw,natural/thread_packet/x4/raw,1024,1024,1024,8396800,8396800,0,1024,256,10,1,1868,11.374496459960938,0.0060891308672167757,248.53376947185924,1
2026-08-16T15:22:36Z,NVIDIA H200 NVL,full,uniform_0_1,gemv,raw_fp64,64,11,52,fp64,natural,thread_packet,4,128,1,1,4,none,raw,natural/thread_packet/x4/raw,1024,1024,1024,8396800,8396800,0,1024,256,10,2,1868,11.376543998718262,0.0060902269800418964,248.53376947185924,1
2026-08-16T15:22:36Z,NVIDIA H200 NVL,full,uniform_0_1,gemv,raw_fp64,64,11,52,fp64,natural,thread_packet,4,128,1,1,4,none,raw,natural/thread_packet/x4/raw,1024,1024,1024,8396800,8396800,0,1024,256,10,3,1868,11.377344131469727,0.0060906553166326163,248.53376947185924,1
2026-08-16T15:22:36Z,NVIDIA H200 NVL,full,uniform_0_1,gemv,raw_fp64,64,11,52,fp64,natural,thread_packet,4,128,1,1,4,none,raw,natural/thread_packet/x4/raw,1024,1024,1024,8396800,8396800,0,1024,256,10,4,1868,11.38038444519043,0.0060922828935708936,248.53376947185924,1
2026-08-16T15:22:36Z,NVIDIA H200 NVL,full,uniform_0_1,gemv,raw_fp64,64,11,52,fp64,natural,thread_packet,4,128,1,1,4,none,raw,natural/thread_packet/x4/raw,4096,1024,1024,33587200,33587200,0,1024,256,10,0,994,12.964287757873535,0.013042543015969351,1019.6924867658463,1
2026-08-16T15:22:36Z,NVIDIA H200 NVL,full,uniform_0_1,gemv,raw_fp64,64,11,52,fp64,natural,thread_packet,4,128,1,1,4,none,raw,natural/thread_packet/x4/raw,4096,1024,1024,33587200,33587200,0,1024,256,10,1,994,12.958271980285645,0.013036490925840688,1019.6924867658463,1
2026-08-16T15:22:36Z,NVIDIA H200 NVL,full,uniform_0_1,gemv,raw_fp64,64,11,52,fp64,natural,thread_packet,4,128,1,1,4,none,raw,natural/thread_packet/x4/raw,4096,1024,1024,33587200,33587200,0,1024,256,10,2,994,12.995391845703125,0.013073834854832118,1019.6924867658463,1
2026-08-16T15:22:36Z,NVIDIA H200 NVL,full,uniform_0_1,gemv,raw_fp64,64,11,52,fp64,natural,thread_packet,4,128,1,1,4,none,raw,natural/thread_packet/x4/raw,4096,1024,1024,33587200,33587200,0,1024,256,10,3,994,13.002176284790039,0.013080660246267644,1019.6924867658463,1
2026-08-16T15:22:36Z,NVIDIA H200 NVL,full,uniform_0_1,gemv,raw_fp64,64,11,52,fp64,natural,thread_packet,4,128,1,1,4,none,raw,natural/thread_packet/x4/raw,4096,1024,1024,33587200,33587200,0,1024,256,10,4,994,12.998815536499023,0.013077279211769641,1019.6924867658463,1
2026-08-16T15:22:36Z,NVIDIA H200 NVL,full,uniform_0_1,gemv,raw_fp64,64,11,52,fp64,natural,thread_packet,4,128,1,1,4,none,raw,natural/thread_packet/x4/raw,16384,1024,1024,134348800,134348800,0,1024,256,10,0,348,14.64463996887207,0.042082298761126638,4110.2963092903155,1
2026-08-16T15:22:36Z,NVIDIA H200 NVL,full,uniform_0_1,gemv,raw_fp64,64,11,52,fp64,natural,thread_packet,4,128,1,1,4,none,raw,natural/thread_packet/x4/raw,16384,1024,1024,134348800,134348800,0,1024,256,10,1,348,14.643679618835449,0.042079539134584627,4110.2963092903155,1
2026-08-16T15:22:36Z,NVIDIA H200 NVL,full,uniform_0_1,gemv,raw_fp64,64,11,52,fp64,natural,thread_packet,4,128,1,1,4,none,raw,natural/thread_packet/x4/raw,16384,1024,1024,134348800,134348800,0,1024,256,10,2,348,14.623583793640137,0.042021792510460163,4110.2963092903155,1
2026-08-16T15:22:36Z,NVIDIA H200 NVL,full,uniform_0_1,gemv,raw_fp64,64,11,52,fp64,natural,thread_packet,4,128,1,1,4,none,raw,natural/thread_packet/x4/raw,16384,1024,1024,134348800,134348800,0,1024,256,10,3,348,14.629376411437988,0.042038437963902268,4110.2963092903155,1
2026-08-16T15:22:36Z,NVIDIA H200 NVL,full,uniform_0_1,gemv,raw_fp64,64,11,52,fp64,natural,thread_packet,4,128,1,1,4,none,raw,natural/thread_packet/x4/raw,16384,1024,1024,134348800,134348800,0,1024,256,10,4,348,14.618080139160156,0.042005977411379757,4110.2963092903155,1
2026-08-16T15:22:36Z,NVIDIA H200 NVL,full,uniform_0_1,gemv,raw_fp64,64,11,52,fp64,natural,thread_packet,4,128,1,1,4,none,raw,natural/thread_packet/x4/raw,65536,1024,1024,537395200,537395200,0,1024,256,10,0,97,14.796319961547852,0.15253938104688508,16361.329375903362,1
2026-08-16T15:22:36Z,NVIDIA H200 NVL,full,uniform_0_1,gemv,raw_fp64,64,11,52,fp64,natural,thread_packet,4,128,1,1,4,none,raw,natural/thread_packet/x4/raw,65536,1024,1024,537395200,537395200,0,1024,256,10,1,97,14.792287826538086,0.15249781264472254,16361.329375903362,1
2026-08-16T15:22:36Z,NVIDIA H200 NVL,full,uniform_0_1,gemv,raw_fp64,64,11,52,fp64,natural,thread_packet,4,128,1,1,4,none,raw,natural/thread_packet/x4/raw,65536,1024,1024,537395200,537395200,0,1024,256,10,2,97,14.796352386474609,0.15253971532448052,16361.329375903362,1
2026-08-16T15:22:36Z,NVIDIA H200 NVL,full,uniform_0_1,gemv,raw_fp64,64,11,52,fp64,natural,thread_packet,4,128,1,1,4,none,raw,natural/thread_packet/x4/raw,65536,1024,1024,537395200,537395200,0,1024,256,10,3,97,14.794207572937012,0.15251760384471147,16361.329375903362,1
2026-08-16T15:22:36Z,NVIDIA H200 NVL,full,uniform_0_1,gemv,raw_fp64,64,11,52,fp64,natural,thread_packet,4,128,1,1,4,none,raw,natural/thread_packet/x4/raw,65536,1024,1024,537395200,537395200,0,1024,256,10,4,97,14.793888092041016,0.15251431022722697,16361.329375903362,1
2026-08-16T15:22:36Z,NVIDIA H200 NVL,full,uniform_0_1,dot,raw_fp64,64,11,52,fp64,natural,thread_packet,8,128,1,1,8,none,raw,natural/thread_packet/x8/raw,4096,0,1,65536,65536,0,2,256,10,0,1846,11.156255722045898,0.0060434754723975616,1019.6924867658463,1
2026-08-16T15:22:36Z,NVIDIA H200 NVL,full,uniform_0_1,dot,raw_fp64,64,11,52,fp64,natural,thread_packet,8,128,1,1,8,none,raw,natural/thread_packet/x8/raw,4096,0,1,65536,65536,0,2,256,10,1,1846,11.192159652709961,0.0060629250556391984,1019.6924867658463,1
2026-08-16T15:22:36Z,NVIDIA H200 NVL,full,uniform_0_1,dot,raw_fp64,64,11,52,fp64,natural,thread_packet,8,128,1,1,8,none,raw,natural/thread_packet/x8/raw,4096,0,1,65536,65536,0,2,256,10,2,1846,11.188672065734863,0.0060610357885887665,1019.6924867658463,1
2026-08-16T15:22:36Z,NVIDIA H200 NVL,full,uniform_0_1,dot,raw_fp64,64,11,52,fp64,natural,thread_packet,8,128,1,1,8,none,raw,natural/thread_packet/x8/raw,4096,0,1,65536,65536,0,2,256,10,3,1846,11.174112319946289,0.0060531486023544358,1019.6924867658463,1
2026-08-16T15:22:36Z,NVIDIA H200 NVL,full,uniform_0_1,dot,raw_fp64,64,11,52,fp64,natural,thread_packet,8,128,1,1,8,none,raw,natural/thread_packet/x8/raw,4096,0,1,65536,65536,0,2,256,10,4,1846,11.164768218994141,0.0060480867925212026,1019.6924867658463,1
2026-08-16T15:22:36Z,NVIDIA H200 NVL,full,uniform_0_1,dot,raw_fp64,64,11,52,fp64,natural,thread_packet,8,128,1,1,8,none,raw,natural/thread_packet/x8/raw,65536,0,1,1048576,1048576,0,32,256,10,0,1861,11.68892765045166,0.0062809928266800968,16361.329375903359,1
2026-08-16T15:22:36Z,NVIDIA H200 NVL,full,uniform_0_1,dot,raw_fp64,64,11,52,fp64,natural,thread_packet,8,128,1,1,8,none,raw,natural/thread_packet/x8/raw,65536,0,1,1048576,1048576,0,32,256,10,1,1861,11.689279556274414,0.0062811819216950105,16361.329375903359,1
2026-08-16T15:22:36Z,NVIDIA H200 NVL,full,uniform_0_1,dot,raw_fp64,64,11,52,fp64,natural,thread_packet,8,128,1,1,8,none,raw,natural/thread_packet/x8/raw,65536,0,1,1048576,1048576,0,32,256,10,2,1861,11.690239906311035,0.0062816979614782565,16361.329375903359,1
2026-08-16T15:22:36Z,NVIDIA H200 NVL,full,uniform_0_1,dot,raw_fp64,64,11,52,fp64,natural,thread_packet,8,128,1,1,8,none,raw,natural/thread_packet/x8/raw,65536,0,1,1048576,1048576,0,32,256,10,3,1861,11.690752029418945,0.0062819731485324803,16361.329375903359,1
2026-08-16T15:22:36Z,NVIDIA H200 NVL,full,uniform_0_1,dot,raw_fp64,64,11,52,fp64,natural,thread_packet,8,128,1,1,8,none,raw,natural/thread_packet/x8/raw,65536,0,1,1048576,1048576,0,32,256,10,4,1861,11.687583923339844,0.0062802707809456442,16361.329375903359,1
2026-08-16T15:22:36Z,NVIDIA H200 NVL,full,uniform_0_1,dot,raw_fp64,64,11,52,fp64,natural,thread_packet,8,128,1,1,8,none,raw,natural/thread_packet/x8/raw,1048576,0,1,16777216,16777216,0,512,256,10,0,1187,12.782688140869141,0.010768903235778551,261997.41491179509,1
2026-08-16T15:22:36Z,NVIDIA H200 NVL,full,uniform_0_1,dot,raw_fp64,64,11,52,fp64,natural,thread_packet,8,128,1,1,8,none,raw,natural/thread_packet/x8/raw,1048576,0,1,16777216,16777216,0,512,256,10,1,1187,12.783231735229492,0.010769361192274214,261997.41491179509,1
2026-08-16T15:22:36Z,NVIDIA H200 NVL,full,uniform_0_1,dot,raw_fp64,64,11,52,fp64,natural,thread_packet,8,128,1,1,8,none,raw,natural/thread_packet/x8/raw,1048576,0,1,16777216,16777216,0,512,256,10,2,1187,12.783007621765137,0.01076917238564881,261997.41491179509,1
2026-08-16T15:22:36Z,NVIDIA H200 NVL,full,uniform_0_1,dot,raw_fp64,64,11,52,fp64,natural,thread_packet,8,128,1,1,8,none,raw,natural/thread_packet/x8/raw,1048576,0,1,16777216,16777216,0,512,256,10,3,1187,12.790528297424316,0.010775508253937924,261997.41491179509,1
2026-08-16T15:22:36Z,NVIDIA H200 NVL,full,uniform_0_1,dot,raw_fp64,64,11,52,fp64,natural,thread_packet,8,128,1,1,8,none,raw,natural/thread_packet/x8/raw,1048576,0,1,16777216,16777216,0,512,256,10,4,1187,12.779775619506836,0.010766449553080738,261997.41491179509,1
2026-08-16T15:22:36Z,NVIDIA H200 NVL,full,uniform_0_1,dot,raw_fp64,64,11,52,fp64,natural,thread_packet,8,128,1,1,8,none,raw,natural/thread_packet/x8/raw,16777216,0,1,268435456,268435456,0,512,256,10,0,173,14.749024391174316,0.085254476249562519,4194144.5995463938,1
2026-08-16T15:22:36Z,NVIDIA H200 NVL,full,uniform_0_1,dot,raw_fp64,64,11,52,fp64,natural,thread_packet,8,128,1,1,8,none,raw,natural/thread_packet/x8/raw,16777216,0,1,268435456,268435456,0,512,256,10,1,173,14.749600410461426,0.085257805840817491,4194144.5995463938,1
2026-08-16T15:22:36Z,NVIDIA H200 NVL,full,uniform_0_1,dot,raw_fp64,64,11,52,fp64,natural,thread_packet,8,128,1,1,8,none,raw,natural/thread_packet/x8/raw,16777216,0,1,268435456,268435456,0,512,256,10,2,173,14.718688011169434,0.085079121451846443,4194144.5995463938,1
2026-08-16T15:22:36Z,NVIDIA H200 NVL,full,uniform_0_1,dot,raw_fp64,64,11,52,fp64,natural,thread_packet,8,128,1,1,8,none,raw,natural/thread_packet/x8/raw,16777216,0,1,268435456,268435456,0,512,256,10,3,173,14.667167663574219,0.084781315974417445,4194144.5995463938,1
2026-08-16T15:22:36Z,NVIDIA H200 NVL,full,uniform_0_1,dot,raw_fp64,64,11,52,fp64,natural,thread_packet,8,128,1,1,8,none,raw,natural/thread_packet/x8/raw,16777216,0,1,268435456,268435456,0,512,256,10,4,173,14.672351837158203,0.084811282295712151,4194144.5995463938,1
2026-08-16T15:22:36Z,NVIDIA H200 NVL,full,uniform_0_1,dot,raw_fp64,64,11,52,fp64,natural,thread_packet,8,128,1,1,8,none,raw,natural/thread_packet/x8/raw,134217728,0,1,2147483648,2147483648,0,512,256,10,0,25,15.246335983276367,0.60985343933105474,33555791.351023234,1
2026-08-16T15:22:36Z,NVIDIA H200 NVL,full,uniform_0_1,dot,raw_fp64,64,11,52,fp64,natural,thread_packet,8,128,1,1,8,none,raw,natural/thread_packet/x8/raw,134217728,0,1,2147483648,2147483648,0,512,256,10,1,25,15.224287986755371,0.60897151947021488,33555791.351023234,1
2026-08-16T15:22:36Z,NVIDIA H200 NVL,full,uniform_0_1,dot,raw_fp64,64,11,52,fp64,natural,thread_packet,8,128,1,1,8,none,raw,natural/thread_packet/x8/raw,134217728,0,1,2147483648,2147483648,0,512,256,10,2,25,15.21513557434082,0.60860542297363285,33555791.351023234,1
2026-08-16T15:22:36Z,NVIDIA H200 NVL,full,uniform_0_1,dot,raw_fp64,64,11,52,fp64,natural,thread_packet,8,128,1,1,8,none,raw,natural/thread_packet/x8/raw,134217728,0,1,2147483648,2147483648,0,512,256,10,3,25,15.223456382751465,0.60893825531005863,33555791.351023234,1
2026-08-16T15:22:36Z,NVIDIA H200 NVL,full,uniform_0_1,dot,raw_fp64,64,11,52,fp64,natural,thread_packet,8,128,1,1,8,none,raw,natural/thread_packet/x8/raw,134217728,0,1,2147483648,2147483648,0,512,256,10,4,25,15.221440315246582,0.60885761260986326,33555791.351023234,1
2026-08-16T15:22:36Z,NVIDIA H200 NVL,full,uniform_0_1,gemv,raw_fp64,64,11,52,fp64,natural,thread_packet,8,128,1,1,8,none,raw,natural/thread_packet/x8/raw,256,1024,1024,2099200,2099200,0,1024,256,10,0,2212,10.573856353759766,0.0047802243913922992,62.262414696816933,1
2026-08-16T15:22:36Z,NVIDIA H200 NVL,full,uniform_0_1,gemv,raw_fp64,64,11,52,fp64,natural,thread_packet,8,128,1,1,8,none,raw,natural/thread_packet/x8/raw,256,1024,1024,2099200,2099200,0,1024,256,10,1,2212,10.581600189208984,0.0047837252211613852,62.262414696816933,1
2026-08-16T15:22:36Z,NVIDIA H200 NVL,full,uniform_0_1,gemv,raw_fp64,64,11,52,fp64,natural,thread_packet,8,128,1,1,8,none,raw,natural/thread_packet/x8/raw,256,1024,1024,2099200,2099200,0,1024,256,10,2,2212,10.585984230041504,0.004785707156438293,62.262414696816933,1
2026-08-16T15:22:36Z,NVIDIA H200 NVL,full,uniform_0_1,gemv,raw_fp64,64,11,52,fp64,natural,thread_packet,8,128,1,1,8,none,raw,natural/thread_packet/x8/raw,256,1024,1024,2099200,2099200,0,1024,256,10,3,2212,10.588128089904785,0.0047866763516748578,62.262414696816933,1
2026-08-16T15:22:36Z,NVIDIA H200 NVL,full,uniform_0_1,gemv,raw_fp64,64,11,52,fp64,natural,thread_packet,8,128,1,1,8,none,raw,natural/thread_packet/x8/raw,256,1024,1024,2099200,2099200,0,1024,256,10,4,2212,10.582783699035645,0.004784260261770183,62.262414696816933,1
2026-08-16T15:22:36Z,NVIDIA H200 NVL,full,uniform_0_1,gemv,raw_fp64,64,11,52,fp64,natural,thread_packet,8,128,1,1,8,none,raw,natural/thread_packet/x8/raw,1024,1024,1024,8396800,8396800,0,1024,256,10,0,1438,11.924991607666016,0.0082927618968470212,248.53376947185927,1
2026-08-16T15:22:36Z,NVIDIA H200 NVL,full,uniform_0_1,gemv,raw_fp64,64,11,52,fp64,natural,thread_packet,8,128,1,1,8,none,raw,natural/thread_packet/x8/raw,1024,1024,1024,8396800,8396800,0,1024,256,10,1,1438,11.91801643371582,0.0082879112890930605,248.53376947185927,1
2026-08-16T15:22:36Z,NVIDIA H200 NVL,full,uniform_0_1,gemv,raw_fp64,64,11,52,fp64,natural,thread_packet,8,128,1,1,8,none,raw,natural/thread_packet/x8/raw,1024,1024,1024,8396800,8396800,0,1024,256,10,2,1438,11.999744415283203,0.0083447457686253151,248.53376947185927,1
2026-08-16T15:22:36Z,NVIDIA H200 NVL,full,uniform_0_1,gemv,raw_fp64,64,11,52,fp64,natural,thread_packet,8,128,1,1,8,none,raw,natural/thread_packet/x8/raw,1024,1024,1024,8396800,8396800,0,1024,256,10,3,1438,12.001664161682129,0.0083460807800292969,248.53376947185927,1
2026-08-16T15:22:36Z,NVIDIA H200 NVL,full,uniform_0_1,gemv,raw_fp64,64,11,52,fp64,natural,thread_packet,8,128,1,1,8,none,raw,natural/thread_packet/x8/raw,1024,1024,1024,8396800,8396800,0,1024,256,10,4,1438,11.998751640319824,0.0083440553826980689,248.53376947185927,1
2026-08-16T15:22:36Z,NVIDIA H200 NVL,full,uniform_0_1,gemv,raw_fp64,64,11,52,fp64,natural,thread_packet,8,128,1,1,8,none,raw,natural/thread_packet/x8/raw,4096,1024,1024,33587200,33587200,0,1024,256,10,0,603,13.628959655761719,0.022601923143883446,1019.6924867658464,1
2026-08-16T15:22:36Z,NVIDIA H200 NVL,full,uniform_0_1,gemv,raw_fp64,64,11,52,fp64,natural,thread_packet,8,128,1,1,8,none,raw,natural/thread_packet/x8/raw,4096,1024,1024,33587200,33587200,0,1024,256,10,1,603,13.627936363220215,0.022600226141327055,1019.6924867658464,1
2026-08-16T15:22:36Z,NVIDIA H200 NVL,full,uniform_0_1,gemv,raw_fp64,64,11,52,fp64,natural,thread_packet,8,128,1,1,8,none,raw,natural/thread_packet/x8/raw,4096,1024,1024,33587200,33587200,0,1024,256,10,2,603,13.628640174865723,0.022601393324818777,1019.6924867658464,1
2026-08-16T15:22:36Z,NVIDIA H200 NVL,full,uniform_0_1,gemv,raw_fp64,64,11,52,fp64,natural,thread_packet,8,128,1,1,8,none,raw,natural/thread_packet/x8/raw,4096,1024,1024,33587200,33587200,0,1024,256,10,3,603,13.627967834472656,0.022600278332458798,1019.6924867658464,1
2026-08-16T15:22:36Z,NVIDIA H200 NVL,full,uniform_0_1,gemv,raw_fp64,64,11,52,fp64,natural,thread_packet,8,128,1,1,8,none,raw,natural/thread_packet/x8/raw,4096,1024,1024,33587200,33587200,0,1024,256,10,4,603,13.621791839599609,0.022590036218241474,1019.6924867658464,1
2026-08-16T15:22:36Z,NVIDIA H200 NVL,full,uniform_0_1,gemv,raw_fp64,64,11,52,fp64,natural,thread_packet,8,128,1,1,8,none,raw,natural/thread_packet/x8/raw,16384,1024,1024,134348800,134348800,0,1024,256,10,0,186,14.827712059020996,0.079718882037747296,4110.2963092903155,1
2026-08-16T15:22:36Z,NVIDIA H200 NVL,full,uniform_0_1,gemv,raw_fp64,64,11,52,fp64,natural,thread_packet,8,128,1,1,8,none,raw,natural/thread_packet/x8/raw,16384,1024,1024,134348800,134348800,0,1024,256,10,1,186,14.827232360839844,0.079716303015267984,4110.2963092903155,1
2026-08-16T15:22:36Z,NVIDIA H200 NVL,full,uniform_0_1,gemv,raw_fp64,64,11,52,fp64,natural,thread_packet,8,128,1,1,8,none,raw,natural/thread_packet/x8/raw,16384,1024,1024,134348800,134348800,0,1024,256,10,2,186,14.826944351196289,0.07971475457632414,4110.2963092903155,1
2026-08-16T15:22:36Z,NVIDIA H200 NVL,full,uniform_0_1,gemv,raw_fp64,64,11,52,fp64,natural,thread_packet,8,128,1,1,8,none,raw,natural/thread_packet/x8/raw,16384,1024,1024,134348800,134348800,0,1024,256,10,3,186,14.830752372741699,0.079735227810439249,4110.2963092903155,1
2026-08-16T15:22:36Z,NVIDIA H200 NVL,full,uniform_0_1,gemv,raw_fp64,64,11,52,fp64,natural,thread_packet,8,128,1,1,8,none,raw,natural/thread_packet/x8/raw,16384,1024,1024,134348800,134348800,0,1024,256,10,4,186,14.825759887695312,0.079708386492985547,4110.2963092903155,1
2026-08-16T15:22:36Z,NVIDIA H200 NVL,full,uniform_0_1,gemv,raw_fp64,64,11,52,fp64,natural,thread_packet,8,128,1,1,8,none,raw,natural/thread_packet/x8/raw,65536,1024,1024,537395200,537395200,0,1024,256,10,0,50,15.038592338562012,0.30077184677124025,16361.329375903359,1
2026-08-16T15:22:36Z,NVIDIA H200 NVL,full,uniform_0_1,gemv,raw_fp64,64,11,52,fp64,natural,thread_packet,8,128,1,1,8,none,raw,natural/thread_packet/x8/raw,65536,1024,1024,537395200,537395200,0,1024,256,10,1,50,15.092384338378906,0.30184768676757812,16361.329375903359,1
2026-08-16T15:22:36Z,NVIDIA H200 NVL,full,uniform_0_1,gemv,raw_fp64,64,11,52,fp64,natural,thread_packet,8,128,1,1,8,none,raw,natural/thread_packet/x8/raw,65536,1024,1024,537395200,537395200,0,1024,256,10,2,50,15.079648017883301,0.30159296035766603,16361.329375903359,1
2026-08-16T15:22:36Z,NVIDIA H200 NVL,full,uniform_0_1,gemv,raw_fp64,64,11,52,fp64,natural,thread_packet,8,128,1,1,8,none,raw,natural/thread_packet/x8/raw,65536,1024,1024,537395200,537395200,0,1024,256,10,3,50,15.08732795715332,0.30174655914306642,16361.329375903359,1
2026-08-16T15:22:36Z,NVIDIA H200 NVL,full,uniform_0_1,gemv,raw_fp64,64,11,52,fp64,natural,thread_packet,8,128,1,1,8,none,raw,natural/thread_packet/x8/raw,65536,1024,1024,537395200,537395200,0,1024,256,10,4,50,15.081376075744629,0.30162752151489258,16361.329375903359,1
2026-08-16T15:22:36Z,NVIDIA H200 NVL,full,normal_0_1,dot,raw_fp32,32,8,23,fp32,natural,scalar,1,32,1,1,1,none,raw,natural/scalar/x1/raw,4096,0,1,32768,32768,0,16,256,10,0,1962,9.4439678192138672,0.0048134392554606865,32.916206359863281,1
2026-08-16T15:22:36Z,NVIDIA H200 NVL,full,normal_0_1,dot,raw_fp32,32,8,23,fp32,natural,scalar,1,32,1,1,1,none,raw,natural/scalar/x1/raw,4096,0,1,32768,32768,0,16,256,10,1,1962,9.4833602905273438,0.004833516967649003,32.916206359863281,1
2026-08-16T15:22:36Z,NVIDIA H200 NVL,full,normal_0_1,dot,raw_fp32,32,8,23,fp32,natural,scalar,1,32,1,1,1,none,raw,natural/scalar/x1/raw,4096,0,1,32768,32768,0,16,256,10,2,1962,9.4647998809814453,0.0048240570239456906,32.916206359863281,1
2026-08-16T15:22:36Z,NVIDIA H200 NVL,full,normal_0_1,dot,raw_fp32,32,8,23,fp32,natural,scalar,1,32,1,1,1,none,raw,natural/scalar/x1/raw,4096,0,1,32768,32768,0,16,256,10,3,1962,9.4287357330322266,0.0048056757049093918,32.916206359863281,1
2026-08-16T15:22:36Z,NVIDIA H200 NVL,full,normal_0_1,dot,raw_fp32,32,8,23,fp32,natural,scalar,1,32,1,1,1,none,raw,natural/scalar/x1/raw,4096,0,1,32768,32768,0,16,256,10,4,1962,9.45257568359375,0.0048178265461741848,32.916206359863281,1
2026-08-16T15:22:36Z,NVIDIA H200 NVL,full,normal_0_1,dot,raw_fp32,32,8,23,fp32,natural,scalar,1,32,1,1,1,none,raw,natural/scalar/x1/raw,65536,0,1,524288,524288,0,256,256,10,0,2103,10.706624031066895,0.0050911193680774581,424.98861694335938,1
2026-08-16T15:22:36Z,NVIDIA H200 NVL,full,normal_0_1,dot,raw_fp32,32,8,23,fp32,natural,scalar,1,32,1,1,1,none,raw,natural/scalar/x1/raw,65536,0,1,524288,524288,0,256,256,10,1,2103,10.705087661743164,0.005090388807295846,424.98861694335938,1
2026-08-16T15:22:36Z,NVIDIA H200 NVL,full,normal_0_1,dot,raw_fp32,32,8,23,fp32,natural,scalar,1,32,1,1,1,none,raw,natural/scalar/x1/raw,65536,0,1,524288,524288,0,256,256,10,2,2103,10.704544067382812,0.0050901303221030968,424.98861694335938,1
2026-08-16T15:22:36Z,NVIDIA H200 NVL,full,normal_0_1,dot,raw_fp32,32,8,23,fp32,natural,scalar,1,32,1,1,1,none,raw,natural/scalar/x1/raw,65536,0,1,524288,524288,0,256,256,10,3,2103,10.70464038848877,0.0050901761238653209,424.98861694335938,1
2026-08-16T15:22:36Z,NVIDIA H200 NVL,full,normal_0_1,dot,raw_fp32,32,8,23,fp32,natural,scalar,1,32,1,1,1,none,raw,natural/scalar/x1/raw,65536,0,1,524288,524288,0,256,256,10,4,2103,10.707391738891602,0.0050914844217268673,424.98861694335938,1
2026-08-16T15:22:36Z,NVIDIA H200 NVL,full,normal_0_1,dot,raw_fp32,32,8,23,fp32,natural,scalar,1,32,1,1,1,none,raw,natural/scalar/x1/raw,1048576,0,1,8388608,8388608,0,512,256,10,0,1634,11.522144317626953,0.0070514959104204123,-1214.739990234375,1
2026-08-16T15:22:36Z,NVIDIA H200 NVL,full,normal_0_1,dot,raw_fp32,32,8,23,fp32,natural,scalar,1,32,1,1,1,none,raw,natural/scalar/x1/raw,1048576,0,1,8388608,8388608,0,512,256,10,1,1634,11.529567718505859,0.0070560389954136228,-1214.739990234375,1
2026-08-16T15:22:36Z,NVIDIA H200 NVL,full,normal_0_1,dot,raw_fp32,32,8,23,fp32,natural,scalar,1,32,1,1,1,none,raw,natural/scalar/x1/raw,1048576,0,1,8388608,8388608,0,512,256,10,2,1634,11.527839660644531,0.0070549814324629935,-1214.739990234375,1
2026-08-16T15:22:36Z,NVIDIA H200 NVL,full,normal_0_1,dot,raw_fp32,32,8,23,fp32,natural,scalar,1,32,1,1,1,none,raw,natural/scalar/x1/raw,1048576,0,1,8388608,8388608,0,512,256,10,3,1634,11.527711868286133,0.0070549032241653204,-1214.739990234375,1
2026-08-16T15:22:36Z,NVIDIA H200 NVL,full,normal_0_1,dot,raw_fp32,32,8,23,fp32,natural,scalar,1,32,1,1,1,none,raw,natural/scalar/x1/raw,1048576,0,1,8388608,8388608,0,512,256,10,4,1634,11.528191566467285,0.0070551967971036016,-1214.739990234375,1
2026-08-16T15:22:36Z,NVIDIA H200 NVL,full,normal_0_1,dot,raw_fp32,32,8,23,fp32,natural,scalar,1,32,1,1,1,none,raw,natural/scalar/x1/raw,16777216,0,1,134217728,134217728,0,512,256,10,0,212,14.895903587341309,0.07026369616670429,-2896.154296875,1
2026-08-16T15:22:36Z,NVIDIA H200 NVL,full,normal_0_1,dot,raw_fp32,32,8,23,fp32,natural,scalar,1,32,1,1,1,none,raw,natural/scalar/x1/raw,16777216,0,1,134217728,134217728,0,512,256,10,1,212,14.87337589263916,0.070157433455845089,-2896.154296875,1
2026-08-16T15:22:36Z,NVIDIA H200 NVL,full,normal_0_1,dot,raw_fp32,32,8,23,fp32,natural,scalar,1,32,1,1,1,none,raw,natural/scalar/x1/raw,16777216,0,1,134217728,134217728,0,512,256,10,2,212,14.855839729309082,0.070074715704288124,-2896.154296875,1
2026-08-16T15:22:36Z,NVIDIA H200 NVL,full,normal_0_1,dot,raw_fp32,32,8,23,fp32,natural,scalar,1,32,1,1,1,none,raw,natural/scalar/x1/raw,16777216,0,1,134217728,134217728,0,512,256,10,3,212,14.864640235900879,0.070116227527834335,-2896.154296875,1
2026-08-16T15:22:36Z,NVIDIA H200 NVL,full,normal_0_1,dot,raw_fp32,32,8,23,fp32,natural,scalar,1,32,1,1,1,none,raw,natural/scalar/x1/raw,16777216,0,1,134217728,134217728,0,512,256,10,4,212,14.859040260314941,0.070089812548655386,-2896.154296875,1
2026-08-16T15:22:36Z,NVIDIA H200 NVL,full,normal_0_1,dot,raw_fp32,32,8,23,fp32,natural,scalar,1,32,1,1,1,none,raw,natural/scalar/x1/raw,134217728,0,1,1073741824,1073741824,0,512,256,10,0,30,15.105024337768555,0.50350081125895185,13110.0732421875,1
2026-08-16T15:22:36Z,NVIDIA H200 NVL,full,normal_0_1,dot,raw_fp32,32,8,23,fp32,natural,scalar,1,32,1,1,1,none,raw,natural/scalar/x1/raw,134217728,0,1,1073741824,1073741824,0,512,256,10,1,30,15.091008186340332,0.50303360621134441,13110.0732421875,1
2026-08-16T15:22:36Z,NVIDIA H200 NVL,full,normal_0_1,dot,raw_fp32,32,8,23,fp32,natural,scalar,1,32,1,1,1,none,raw,natural/scalar/x1/raw,134217728,0,1,1073741824,1073741824,0,512,256,10,2,30,15.088319778442383,0.50294399261474609,13110.0732421875,1
2026-08-16T15:22:36Z,NVIDIA H200 NVL,full,normal_0_1,dot,raw_fp32,32,8,23,fp32,natural,scalar,1,32,1,1,1,none,raw,natural/scalar/x1/raw,134217728,0,1,1073741824,1073741824,0,512,256,10,3,30,15.092576026916504,0.50308586756388352,13110.0732421875,1
2026-08-16T15:22:36Z,NVIDIA H200 NVL,full,normal_0_1,dot,raw_fp32,32,8,23,fp32,natural,scalar,1,32,1,1,1,none,raw,natural/scalar/x1/raw,134217728,0,1,1073741824,1073741824,0,512,256,10,4,30,15.090880393981934,0.50302934646606445,13110.0732421875,1
2026-08-16T15:22:36Z,NVIDIA H200 NVL,full,normal_0_1,gemv,raw_fp32,32,8,23,fp32,natural,scalar,1,32,1,1,1,none,raw,natural/scalar/x1/raw,256,1024,1024,1049600,1049600,0,1024,256,10,0,2576,9.3581438064575195,0.0036328198006434472,18.843532562255859,1
2026-08-16T15:22:36Z,NVIDIA H200 NVL,full,normal_0_1,gemv,raw_fp32,32,8,23,fp32,natural,scalar,1,32,1,1,1,none,raw,natural/scalar/x1/raw,256,1024,1024,1049600,1049600,0,1024,256,10,1,2576,9.3648319244384766,0.0036354161197354336,18.843532562255859,1
2026-08-16T15:22:36Z,NVIDIA H200 NVL,full,normal_0_1,gemv,raw_fp32,32,8,23,fp32,natural,scalar,1,32,1,1,1,none,raw,natural/scalar/x1/raw,256,1024,1024,1049600,1049600,0,1024,256,10,2,2576,9.3641595840454102,0.0036351551180300507,18.843532562255859,1
2026-08-16T15:22:36Z,NVIDIA H200 NVL,full,normal_0_1,gemv,raw_fp32,32,8,23,fp32,natural,scalar,1,32,1,1,1,none,raw,natural/scalar/x1/raw,256,1024,1024,1049600,1049600,0,1024,256,10,3,2576,9.3625278472900391,0.0036345216798486174,18.843532562255859,1
2026-08-16T15:22:36Z,NVIDIA H200 NVL,full,normal_0_1,gemv,raw_fp32,32,8,23,fp32,natural,scalar,1,32,1,1,1,none,raw,natural/scalar/x1/raw,256,1024,1024,1049600,1049600,0,1024,256,10,4,2576,9.3648004531860352,0.0036354039026343303,18.843532562255859,1
2026-08-16T15:22:36Z,NVIDIA H200 NVL,full,normal_0_1,gemv,raw_fp32,32,8,23,fp32,natural,scalar,1,32,1,1,1,none,raw,natural/scalar/x1/raw,1024,1024,1024,4198400,4198400,0,1024,256,10,0,2298,10.041791915893555,0.0043697963080476738,17.024106979370117,1
2026-08-16T15:22:36Z,NVIDIA H200 NVL,full,normal_0_1,gemv,raw_fp32,32,8,23,fp32,natural,scalar,1,32,1,1,1,none,raw,natural/scalar/x1/raw,1024,1024,1024,4198400,4198400,0,1024,256,10,1,2298,10.040575981140137,0.0043692671806528013,17.024106979370117,1
2026-08-16T15:22:36Z,NVIDIA H200 NVL,full,normal_0_1,gemv,raw_fp32,32,8,23,fp32,natural,scalar,1,32,1,1,1,none,raw,natural/scalar/x1/raw,1024,1024,1024,4198400,4198400,0,1024,256,10,2,2298,10.044480323791504,0.0043709661983426908,17.024106979370117,1
2026-08-16T15:22:36Z,NVIDIA H200 NVL,full,normal_0_1,gemv,raw_fp32,32,8,23,fp32,natural,scalar,1,32,1,1,1,none,raw,natural/scalar/x1/raw,1024,1024,1024,4198400,4198400,0,1024,256,10,3,2298,10.049599647521973,0.0043731939284255752,17.024106979370117,1
2026-08-16T15:22:36Z,NVIDIA H200 NVL,full,normal_0_1,gemv,raw_fp32,32,8,23,fp32,natural,scalar,1,32,1,1,1,none,raw,natural/scalar/x1/raw,1024,1024,1024,4198400,4198400,0,1024,256,10,4,2298,10.043007850646973,0.004370325435442547,17.024106979370117,1
2026-08-16T15:22:36Z,NVIDIA H200 NVL,full,normal_0_1,gemv,raw_fp32,32,8,23,fp32,natural,scalar,1,32,1,1,1,none,raw,natural/scalar/x1/raw,4096,1024,1024,16793600,16793600,0,1024,256,10,0,1611,11.394111633300781,0.0070726949927379153,32.916213989257812,1
2026-08-16T15:22:36Z,NVIDIA H200 NVL,full,normal_0_1,gemv,raw_fp32,32,8,23,fp32,natural,scalar,1,32,1,1,1,none,raw,natural/scalar/x1/raw,4096,1024,1024,16793600,16793600,0,1024,256,10,1,1611,11.395487785339355,0.0070735492149840819,32.916213989257812,1
2026-08-16T15:22:36Z,NVIDIA H200 NVL,full,normal_0_1,gemv,raw_fp32,32,8,23,fp32,natural,scalar,1,32,1,1,1,none,raw,natural/scalar/x1/raw,4096,1024,1024,16793600,16793600,0,1024,256,10,2,1611,11.391424179077148,0.0070710268026549653,32.916213989257812,1
2026-08-16T15:22:36Z,NVIDIA H200 NVL,full,normal_0_1,gemv,raw_fp32,32,8,23,fp32,natural,scalar,1,32,1,1,1,none,raw,natural/scalar/x1/raw,4096,1024,1024,16793600,16793600,0,1024,256,10,3,1611,11.389984130859375,0.007070132917976024,32.916213989257812,1
2026-08-16T15:22:36Z,NVIDIA H200 NVL,full,normal_0_1,gemv,raw_fp32,32,8,23,fp32,natural,scalar,1,32,1,1,1,none,raw,natural/scalar/x1/raw,4096,1024,1024,16793600,16793600,0,1024,256,10,4,1611,11.376895904541016,0.0070620086310000099,32.916213989257812,1
2026-08-16T15:22:36Z,NVIDIA H200 NVL,full,normal_0_1,gemv,raw_fp32,32,8,23,fp32,natural,scalar,1,32,1,1,1,none,raw,natural/scalar/x1/raw,16384,1024,1024,67174400,67174400,0,1024,256,10,0,413,14.058272361755371,0.034039400391659494,14.335777282714844,1
2026-08-16T15:22:36Z,NVIDIA H200 NVL,full,normal_0_1,gemv,raw_fp32,32,8,23,fp32,natural,scalar,1,32,1,1,1,none,raw,natural/scalar/x1/raw,16384,1024,1024,67174400,67174400,0,1024,256,10,1,413,14.049247741699219,0.034017549011378254,14.335777282714844,1
2026-08-16T15:22:36Z,NVIDIA H200 NVL,full,normal_0_1,gemv,raw_fp32,32,8,23,fp32,natural,scalar,1,32,1,1,1,none,raw,natural/scalar/x1/raw,16384,1024,1024,67174400,67174400,0,1024,256,10,2,413,14.056511878967285,0.034035137721470425,14.335777282714844,1
2026-08-16T15:22:36Z,NVIDIA H200 NVL,full,normal_0_1,gemv,raw_fp32,32,8,23,fp32,natural,scalar,1,32,1,1,1,none,raw,natural/scalar/x1/raw,16384,1024,1024,67174400,67174400,0,1024,256,10,3,413,14.05174446105957,0.03402359433670598,14.335777282714844,1
2026-08-16T15:22:36Z,NVIDIA H200 NVL,full,normal_0_1,gemv,raw_fp32,32,8,23,fp32,natural,scalar,1,32,1,1,1,none,raw,natural/scalar/x1/raw,16384,1024,1024,67174400,67174400,0,1024,256,10,4,413,14.064703941345215,0.034054973223596165,14.335777282714844,1
2026-08-16T15:22:36Z,NVIDIA H200 NVL,full,normal_0_1,gemv,raw_fp32,32,8,23,fp32,natural,scalar,1,32,1,1,1,none,raw,natural/scalar/x1/raw,65536,1024,1024,268697600,268697600,0,1024,256,10,0,122,14.777888298034668,0.12113023195110384,424.98876953125,1
2026-08-16T15:22:36Z,NVIDIA H200 NVL,full,normal_0_1,gemv,raw_fp32,32,8,23,fp32,natural,scalar,1,32,1,1,1,none,raw,natural/scalar/x1/raw,65536,1024,1024,268697600,268697600,0,1024,256,10,1,122,14.791232109069824,0.12123960745139201,424.98876953125,1
2026-08-16T15:22:36Z,NVIDIA H200 NVL,full,normal_0_1,gemv,raw_fp32,32,8,23,fp32,natural,scalar,1,32,1,1,1,none,raw,natural/scalar/x1/raw,65536,1024,1024,268697600,268697600,0,1024,256,10,2,122,14.773311614990234,0.12109271815565766,424.98876953125,1
2026-08-16T15:22:36Z,NVIDIA H200 NVL,full,normal_0_1,gemv,raw_fp32,32,8,23,fp32,natural,scalar,1,32,1,1,1,none,raw,natural/scalar/x1/raw,65536,1024,1024,268697600,268697600,0,1024,256,10,3,122,14.773792266845703,0.12109665792496478,424.98876953125,1
2026-08-16T15:22:36Z,NVIDIA H200 NVL,full,normal_0_1,gemv,raw_fp32,32,8,23,fp32,natural,scalar,1,32,1,1,1,none,raw,natural/scalar/x1/raw,65536,1024,1024,268697600,268697600,0,1024,256,10,4,122,14.769760131835938,0.12106360763799949,424.98876953125,1
2026-08-16T15:22:36Z,NVIDIA H200 NVL,full,normal_0_1,dot,raw_fp32,32,8,23,fp32,natural,thread_packet,2,64,1,1,2,none,raw,natural/thread_packet/x2/raw,4096,0,1,32768,32768,0,8,256,10,0,2212,10.608960151672363,0.0047960941011177052,32.916213989257812,1
2026-08-16T15:22:36Z,NVIDIA H200 NVL,full,normal_0_1,dot,raw_fp32,32,8,23,fp32,natural,thread_packet,2,64,1,1,2,none,raw,natural/thread_packet/x2/raw,4096,0,1,32768,32768,0,8,256,10,1,2212,10.571231842041016,0.0047790379032735149,32.916213989257812,1
2026-08-16T15:22:36Z,NVIDIA H200 NVL,full,normal_0_1,dot,raw_fp32,32,8,23,fp32,natural,thread_packet,2,64,1,1,2,none,raw,natural/thread_packet/x2/raw,4096,0,1,32768,32768,0,8,256,10,2,2212,10.615743637084961,0.0047991607762590243,32.916213989257812,1
2026-08-16T15:22:36Z,NVIDIA H200 NVL,full,normal_0_1,dot,raw_fp32,32,8,23,fp32,natural,thread_packet,2,64,1,1,2,none,raw,natural/thread_packet/x2/raw,4096,0,1,32768,32768,0,8,256,10,3,2212,10.629728317260742,0.0048054829644035906,32.916213989257812,1
2026-08-16T15:22:36Z,NVIDIA H200 NVL,full,normal_0_1,dot,raw_fp32,32,8,23,fp32,natural,thread_packet,2,64,1,1,2,none,raw,natural/thread_packet/x2/raw,4096,0,1,32768,32768,0,8,256,10,4,2212,10.60972785949707,0.0047964411661379162,32.916213989257812,1
2026-08-16T15:22:36Z,NVIDIA H200 NVL,full,normal_0_1,dot,raw_fp32,32,8,23,fp32,natural,thread_packet,2,64,1,1,2,none,raw,natural/thread_packet/x2/raw,65536,0,1,524288,524288,0,128,256,10,0,2112,10.510047912597656,0.004976348443464799,424.98867797851562,1
2026-08-16T15:22:36Z,NVIDIA H200 NVL,full,normal_0_1,dot,raw_fp32,32,8,23,fp32,natural,thread_packet,2,64,1,1,2,none,raw,natural/thread_packet/x2/raw,65536,0,1,524288,524288,0,128,256,10,1,2112,10.510016441345215,0.0049763335423036051,424.98867797851562,1
2026-08-16T15:22:36Z,NVIDIA H200 NVL,full,normal_0_1,dot,raw_fp32,32,8,23,fp32,natural,thread_packet,2,64,1,1,2,none,raw,natural/thread_packet/x2/raw,65536,0,1,524288,524288,0,128,256,10,2,2112,10.510592460632324,0.0049766062787084866,424.98867797851562,1
2026-08-16T15:22:36Z,NVIDIA H200 NVL,full,normal_0_1,dot,raw_fp32,32,8,23,fp32,natural,thread_packet,2,64,1,1,2,none,raw,natural/thread_packet/x2/raw,65536,0,1,524288,524288,0,128,256,10,3,2112,10.511615753173828,0.0049770907922224569,424.98867797851562,1
2026-08-16T15:22:36Z,NVIDIA H200 NVL,full,normal_0_1,dot,raw_fp32,32,8,23,fp32,natural,thread_packet,2,64,1,1,2,none,raw,natural/thread_packet/x2/raw,65536,0,1,524288,524288,0,128,256,10,4,2112,10.511360168457031,0.0049769697767315492,424.98867797851562,1
2026-08-16T15:22:36Z,NVIDIA H200 NVL,full,normal_0_1,dot,raw_fp32,32,8,23,fp32,natural,thread_packet,2,64,1,1,2,none,raw,natural/thread_packet/x2/raw,1048576,0,1,8388608,8388608,0,512,256,10,0,1718,11.308671951293945,0.0065824633011024132,-1214.7396240234375,1
2026-08-16T15:22:36Z,NVIDIA H200 NVL,full,normal_0_1,dot,raw_fp32,32,8,23,fp32,natural,thread_packet,2,64,1,1,2,none,raw,natural/thread_packet/x2/raw,1048576,0,1,8388608,8388608,0,512,256,10,1,1718,11.302207946777344,0.0065787007839216202,-1214.7396240234375,1
2026-08-16T15:22:36Z,NVIDIA H200 NVL,full,normal_0_1,dot,raw_fp32,32,8,23,fp32,natural,thread_packet,2,64,1,1,2,none,raw,natural/thread_packet/x2/raw,1048576,0,1,8388608,8388608,0,512,256,10,2,1718,11.30345630645752,0.0065794274193582769,-1214.7396240234375,1
2026-08-16T15:22:36Z,NVIDIA H200 NVL,full,normal_0_1,dot,raw_fp32,32,8,23,fp32,natural,thread_packet,2,64,1,1,2,none,raw,natural/thread_packet/x2/raw,1048576,0,1,8388608,8388608,0,512,256,10,3,1718,11.302559852600098,0.0065789056185099519,-1214.7396240234375,1
2026-08-16T15:22:36Z,NVIDIA H200 NVL,full,normal_0_1,dot,raw_fp32,32,8,23,fp32,natural,thread_packet,2,64,1,1,2,none,raw,natural/thread_packet/x2/raw,1048576,0,1,8388608,8388608,0,512,256,10,4,1718,11.303263664245605,0.0065793152876866155,-1214.7396240234375,1
2026-08-16T15:22:36Z,NVIDIA H200 NVL,full,normal_0_1,dot,raw_fp32,32,8,23,fp32,natural,thread_packet,2,64,1,1,2,none,raw,natural/thread_packet/x2/raw,16777216,0,1,134217728,134217728,0,512,256,10,0,312,14.179327964782715,0.045446563989688188,-2896.156005859375,1
2026-08-16T15:22:36Z,NVIDIA H200 NVL,full,normal_0_1,dot,raw_fp32,32,8,23,fp32,natural,thread_packet,2,64,1,1,2,none,raw,natural/thread_packet/x2/raw,16777216,0,1,134217728,134217728,0,512,256,10,1,312,14.146080017089844,0.045340000054775141,-2896.156005859375,1
2026-08-16T15:22:36Z,NVIDIA H200 NVL,full,normal_0_1,dot,raw_fp32,32,8,23,fp32,natural,thread_packet,2,64,1,1,2,none,raw,natural/thread_packet/x2/raw,16777216,0,1,134217728,134217728,0,512,256,10,2,312,14.133888244628906,0.045300923860990085,-2896.156005859375,1
2026-08-16T15:22:36Z,NVIDIA H200 NVL,full,normal_0_1,dot,raw_fp32,32,8,23,fp32,natural,thread_packet,2,64,1,1,2,none,raw,natural/thread_packet/x2/raw,16777216,0,1,134217728,134217728,0,512,256,10,3,312,14.153535842895508,0.045363896932357393,-2896.156005859375,1
2026-08-16T15:22:36Z,NVIDIA H200 NVL,full,normal_0_1,dot,raw_fp32,32,8,23,fp32,natural,thread_packet,2,64,1,1,2,none,raw,natural/thread_packet/x2/raw,16777216,0,1,134217728,134217728,0,512,256,10,4,312,14.167327880859375,0.045408102182241589,-2896.156005859375,1
2026-08-16T15:22:36Z,NVIDIA H200 NVL,full,normal_0_1,dot,raw_fp32,32,8,23,fp32,natural,thread_packet,2,64,1,1,2,none,raw,natural/thread_packet/x2/raw,134217728,0,1,1073741824,1073741824,0,512,256,10,0,49,15.020256042480469,0.30653583760164221,13110.080078125,1
2026-08-16T15:22:36Z,NVIDIA H200 NVL,full,normal_0_1,dot,raw_fp32,32,8,23,fp32,natural,thread_packet,2,64,1,1,2,none,raw,natural/thread_packet/x2/raw,134217728,0,1,1073741824,1073741824,0,512,256,10,1,49,15.020064353942871,0.30653192559067083,13110.080078125,1
2026-08-16T15:22:36Z,NVIDIA H200 NVL,full,normal_0_1,dot,raw_fp32,32,8,23,fp32,natural,thread_packet,2,64,1,1,2,none,raw,natural/thread_packet/x2/raw,134217728,0,1,1073741824,1073741824,0,512,256,10,2,49,15.011455535888672,0.30635623542629942,13110.080078125,1
2026-08-16T15:22:36Z,NVIDIA H200 NVL,full,normal_0_1,dot,raw_fp32,32,8,23,fp32,natural,thread_packet,2,64,1,1,2,none,raw,natural/thread_packet/x2/raw,134217728,0,1,1073741824,1073741824,0,512,256,10,3,49,15.014240264892578,0.30641306663046075,13110.080078125,1
2026-08-16T15:22:36Z,NVIDIA H200 NVL,full,normal_0_1,dot,raw_fp32,32,8,23,fp32,natural,thread_packet,2,64,1,1,2,none,raw,natural/thread_packet/x2/raw,134217728,0,1,1073741824,1073741824,0,512,256,10,4,49,15.016799926757812,0.30646530462771043,13110.080078125,1
2026-08-16T15:22:36Z,NVIDIA H200 NVL,full,normal_0_1,gemv,raw_fp32,32,8,23,fp32,natural,thread_packet,2,64,1,1,2,none,raw,natural/thread_packet/x2/raw,256,1024,1024,1049600,1049600,0,1024,256,10,0,2507,9.0930242538452148,0.003627053950476751,18.843532562255859,1
2026-08-16T15:22:36Z,NVIDIA H200 NVL,full,normal_0_1,gemv,raw_fp32,32,8,23,fp32,natural,thread_packet,2,64,1,1,2,none,raw,natural/thread_packet/x2/raw,256,1024,1024,1049600,1049600,0,1024,256,10,1,2507,9.0982723236083984,0.0036291473169558831,18.843532562255859,1
2026-08-16T15:22:36Z,NVIDIA H200 NVL,full,normal_0_1,gemv,raw_fp32,32,8,23,fp32,natural,thread_packet,2,64,1,1,2,none,raw,natural/thread_packet/x2/raw,256,1024,1024,1049600,1049600,0,1024,256,10,2,2507,9.0956802368164062,0.003628113377270206,18.843532562255859,1
2026-08-16T15:22:36Z,NVIDIA H200 NVL,full,normal_0_1,gemv,raw_fp32,32,8,23,fp32,natural,thread_packet,2,64,1,1,2,none,raw,natural/thread_packet/x2/raw,256,1024,1024,1049600,1049600,0,1024,256,10,3,2507,9.0948162078857422,0.0036277687307083137,18.843532562255859,1
2026-08-16T15:22:36Z,NVIDIA H200 NVL,full,normal_0_1,gemv,raw_fp32,32,8,23,fp32,natural,thread_packet,2,64,1,1,2,none,raw,natural/thread_packet/x2/raw,256,1024,1024,1049600,1049600,0,1024,256,10,4,2507,9.0978240966796875,0.0036289685267968438,18.843532562255859,1
2026-08-16T15:22:36Z,NVIDIA H200 NVL,full,normal_0_1,gemv,raw_fp32,32,8,23,fp32,natural,thread_packet,2,64,1,1,2,none,raw,natural/thread_packet/x2/raw,1024,1024,1024,4198400,4198400,0,1024,256,10,0,2368,9.9379196166992188,0.0041967565948898729,17.024105072021484,1
2026-08-16T15:22:36Z,NVIDIA H200 NVL,full,normal_0_1,gemv,raw_fp32,32,8,23,fp32,natural,thread_packet,2,64,1,1,2,none,raw,natural/thread_packet/x2/raw,1024,1024,1024,4198400,4198400,0,1024,256,10,1,2368,9.9487676620483398,0.0042013376951217651,17.024105072021484,1
2026-08-16T15:22:36Z,NVIDIA H200 NVL,full,normal_0_1,gemv,raw_fp32,32,8,23,fp32,natural,thread_packet,2,64,1,1,2,none,raw,natural/thread_packet/x2/raw,1024,1024,1024,4198400,4198400,0,1024,256,10,2,2368,9.9525117874145508,0.0042029188291446582,17.024105072021484,1
2026-08-16T15:22:36Z,NVIDIA H200 NVL,full,normal_0_1,gemv,raw_fp32,32,8,23,fp32,natural,thread_packet,2,64,1,1,2,none,raw,natural/thread_packet/x2/raw,1024,1024,1024,4198400,4198400,0,1024,256,10,3,2368,9.9535036087036133,0.0042033376725944312,17.024105072021484,1
2026-08-16T15:22:36Z,NVIDIA H200 NVL,full,normal_0_1,gemv,raw_fp32,32,8,23,fp32,natural,thread_packet,2,64,1,1,2,none,raw,natural/thread_packet/x2/raw,1024,1024,1024,4198400,4198400,0,1024,256,10,4,2368,9.9693117141723633,0.004210013392809275,17.024105072021484,1
2026-08-16T15:22:36Z,NVIDIA H200 NVL,full,normal_0_1,gemv,raw_fp32,32,8,23,fp32,natural,thread_packet,2,64,1,1,2,none,raw,natural/thread_packet/x2/raw,4096,1024,1024,16793600,16793600,0,1024,256,10,0,1803,11.40659236907959,0.0063264516744756458,32.916217803955078,1
2026-08-16T15:22:36Z,NVIDIA H200 NVL,full,normal_0_1,gemv,raw_fp32,32,8,23,fp32,natural,thread_packet,2,64,1,1,2,none,raw,natural/thread_packet/x2/raw,4096,1024,1024,16793600,16793600,0,1024,256,10,1,1803,11.399935722351074,0.0063227596907105233,32.916217803955078,1
2026-08-16T15:22:36Z,NVIDIA H200 NVL,full,normal_0_1,gemv,raw_fp32,32,8,23,fp32,natural,thread_packet,2,64,1,1,2,none,raw,natural/thread_packet/x2/raw,4096,1024,1024,16793600,16793600,0,1024,256,10,2,1803,11.397215843200684,0.0063212511609543444,32.916217803955078,1
2026-08-16T15:22:36Z,NVIDIA H200 NVL,full,normal_0_1,gemv,raw_fp32,32,8,23,fp32,natural,thread_packet,2,64,1,1,2,none,raw,natural/thread_packet/x2/raw,4096,1024,1024,16793600,16793600,0,1024,256,10,3,1803,11.386655807495117,0.0063153942359928548,32.916217803955078,1
2026-08-16T15:22:36Z,NVIDIA H200 NVL,full,normal_0_1,gemv,raw_fp32,32,8,23,fp32,natural,thread_packet,2,64,1,1,2,none,raw,natural/thread_packet/x2/raw,4096,1024,1024,16793600,16793600,0,1024,256,10,4,1803,11.400223731994629,0.0063229194298361777,32.916217803955078,1
2026-08-16T15:22:36Z,NVIDIA H200 NVL,full,normal_0_1,gemv,raw_fp32,32,8,23,fp32,natural,thread_packet,2,64,1,1,2,none,raw,natural/thread_packet/x2/raw,16384,1024,1024,67174400,67174400,0,1024,256,10,0,584,13.797344207763672,0.023625589396855603,14.335807800292969,1
2026-08-16T15:22:36Z,NVIDIA H200 NVL,full,normal_0_1,gemv,raw_fp32,32,8,23,fp32,natural,thread_packet,2,64,1,1,2,none,raw,natural/thread_packet/x2/raw,16384,1024,1024,67174400,67174400,0,1024,256,10,1,584,13.782848358154297,0.023600767736565578,14.335807800292969,1
2026-08-16T15:22:36Z,NVIDIA H200 NVL,full,normal_0_1,gemv,raw_fp32,32,8,23,fp32,natural,thread_packet,2,64,1,1,2,none,raw,natural/thread_packet/x2/raw,16384,1024,1024,67174400,67174400,0,1024,256,10,2,584,13.782112121582031,0.02359950705750348,14.335807800292969,1
2026-08-16T15:22:36Z,NVIDIA H200 NVL,full,normal_0_1,gemv,raw_fp32,32,8,23,fp32,natural,thread_packet,2,64,1,1,2,none,raw,natural/thread_packet/x2/raw,16384,1024,1024,67174400,67174400,0,1024,256,10,3,584,13.778783798217773,0.023593807873660572,14.335807800292969,1
2026-08-16T15:22:36Z,NVIDIA H200 NVL,full,normal_0_1,gemv,raw_fp32,32,8,23,fp32,natural,thread_packet,2,64,1,1,2,none,raw,natural/thread_packet/x2/raw,16384,1024,1024,67174400,67174400,0,1024,256,10,4,584,13.783359527587891,0.023601643026691592,14.335807800292969,1
2026-08-16T15:22:36Z,NVIDIA H200 NVL,full,normal_0_1,gemv,raw_fp32,32,8,23,fp32,natural,thread_packet,2,64,1,1,2,none,raw,natural/thread_packet/x2/raw,65536,1024,1024,268697600,268697600,0,1024,256,10,0,181,14.602527618408203,0.080676948168001125,424.98867797851562,1
2026-08-16T15:22:36Z,NVIDIA H200 NVL,full,normal_0_1,gemv,raw_fp32,32,8,23,fp32,natural,thread_packet,2,64,1,1,2,none,raw,natural/thread_packet/x2/raw,65536,1024,1024,268697600,268697600,0,1024,256,10,1,181,14.603967666625977,0.080684904235502633,424.98867797851562,1
2026-08-16T15:22:36Z,NVIDIA H200 NVL,full,normal_0_1,gemv,raw_fp32,32,8,23,fp32,natural,thread_packet,2,64,1,1,2,none,raw,natural/thread_packet/x2/raw,65536,1024,1024,268697600,268697600,0,1024,256,10,2,181,14.589504241943359,0.080604995811841759,424.98867797851562,1
2026-08-16T15:22:36Z,NVIDIA H200 NVL,full,normal_0_1,gemv,raw_fp32,32,8,23,fp32,natural,thread_packet,2,64,1,1,2,none,raw,natural/thread_packet/x2/raw,65536,1024,1024,268697600,268697600,0,1024,256,10,3,181,14.602592468261719,0.080677306454484635,424.98867797851562,1
2026-08-16T15:22:36Z,NVIDIA H200 NVL,full,normal_0_1,gemv,raw_fp32,32,8,23,fp32,natural,thread_packet,2,64,1,1,2,none,raw,natural/thread_packet/x2/raw,65536,1024,1024,268697600,268697600,0,1024,256,10,4,181,14.597951889038086,0.080651667895238047,424.98867797851562,1
2026-08-16T15:22:36Z,NVIDIA H200 NVL,full,normal_0_1,dot,raw_fp32,32,8,23,fp32,natural,thread_packet,4,128,1,1,4,none,raw,natural/thread_packet/x4/raw,4096,0,1,32768,32768,0,4,256,10,0,2141,10.619744300842285,0.0049601794959562287,32.916213989257812,1
2026-08-16T15:22:36Z,NVIDIA H200 NVL,full,normal_0_1,dot,raw_fp32,32,8,23,fp32,natural,thread_packet,4,128,1,1,4,none,raw,natural/thread_packet/x4/raw,4096,0,1,32768,32768,0,4,256,10,1,2141,10.666655540466309,0.0049820903972285424,32.916213989257812,1
2026-08-16T15:22:36Z,NVIDIA H200 NVL,full,normal_0_1,dot,raw_fp32,32,8,23,fp32,natural,thread_packet,4,128,1,1,4,none,raw,natural/thread_packet/x4/raw,4096,0,1,32768,32768,0,4,256,10,2,2141,10.667360305786133,0.0049824195729967925,32.916213989257812,1
2026-08-16T15:22:36Z,NVIDIA H200 NVL,full,normal_0_1,dot,raw_fp32,32,8,23,fp32,natural,thread_packet,4,128,1,1,4,none,raw,natural/thread_packet/x4/raw,4096,0,1,32768,32768,0,4,256,10,3,2141,10.668031692504883,0.0049827331585730423,32.916213989257812,1
2026-08-16T15:22:36Z,NVIDIA H200 NVL,full,normal_0_1,dot,raw_fp32,32,8,23,fp32,natural,thread_packet,4,128,1,1,4,none,raw,natural/thread_packet/x4/raw,4096,0,1,32768,32768,0,4,256,10,4,2141,10.656928062438965,0.004977546969845383,32.916213989257812,1
2026-08-16T15:22:36Z,NVIDIA H200 NVL,full,normal_0_1,dot,raw_fp32,32,8,23,fp32,natural,thread_packet,4,128,1,1,4,none,raw,natural/thread_packet/x4/raw,65536,0,1,524288,524288,0,64,256,10,0,2056,10.656767845153809,0.0051832528429736425,424.9886474609375,1
2026-08-16T15:22:36Z,NVIDIA H200 NVL,full,normal_0_1,dot,raw_fp32,32,8,23,fp32,natural,thread_packet,4,128,1,1,4,none,raw,natural/thread_packet/x4/raw,65536,0,1,524288,524288,0,64,256,10,1,2056,10.664064407348633,0.005186801754547,424.9886474609375,1
2026-08-16T15:22:36Z,NVIDIA H200 NVL,full,normal_0_1,dot,raw_fp32,32,8,23,fp32,natural,thread_packet,4,128,1,1,4,none,raw,natural/thread_packet/x4/raw,65536,0,1,524288,524288,0,64,256,10,2,2056,10.659968376159668,0.005184809521478438,424.9886474609375,1
2026-08-16T15:22:36Z,NVIDIA H200 NVL,full,normal_0_1,dot,raw_fp32,32,8,23,fp32,natural,thread_packet,4,128,1,1,4,none,raw,natural/thread_packet/x4/raw,65536,0,1,524288,524288,0,64,256,10,3,2056,10.671999931335449,0.0051906614452020671,424.9886474609375,1
2026-08-16T15:22:36Z,NVIDIA H200 NVL,full,normal_0_1,dot,raw_fp32,32,8,23,fp32,natural,thread_packet,4,128,1,1,4,none,raw,natural/thread_packet/x4/raw,65536,0,1,524288,524288,0,64,256,10,4,2056,10.678624153137207,0.0051938833429655672,424.9886474609375,1
2026-08-16T15:22:36Z,NVIDIA H200 NVL,full,normal_0_1,dot,raw_fp32,32,8,23,fp32,natural,thread_packet,4,128,1,1,4,none,raw,natural/thread_packet/x4/raw,1048576,0,1,8388608,8388608,0,512,256,10,0,1705,11.856608390808105,0.0069540225166029946,-1214.73974609375,1
2026-08-16T15:22:36Z,NVIDIA H200 NVL,full,normal_0_1,dot,raw_fp32,32,8,23,fp32,natural,thread_packet,4,128,1,1,4,none,raw,natural/thread_packet/x4/raw,1048576,0,1,8388608,8388608,0,512,256,10,1,1705,11.854080200195312,0.0069525397068594206,-1214.73974609375,1
2026-08-16T15:22:36Z,NVIDIA H200 NVL,full,normal_0_1,dot,raw_fp32,32,8,23,fp32,natural,thread_packet,4,128,1,1,4,none,raw,natural/thread_packet/x4/raw,1048576,0,1,8388608,8388608,0,512,256,10,2,1705,11.85200023651123,0.0069513197868101059,-1214.73974609375,1
2026-08-16T15:22:36Z,NVIDIA H200 NVL,full,normal_0_1,dot,raw_fp32,32,8,23,fp32,natural,thread_packet,4,128,1,1,4,none,raw,natural/thread_packet/x4/raw,1048576,0,1,8388608,8388608,0,512,256,10,3,1705,11.859711647033691,0.0069558426082309043,-1214.73974609375,1
2026-08-16T15:22:36Z,NVIDIA H200 NVL,full,normal_0_1,dot,raw_fp32,32,8,23,fp32,natural,thread_packet,4,128,1,1,4,none,raw,natural/thread_packet/x4/raw,1048576,0,1,8388608,8388608,0,512,256,10,4,1705,11.860832214355469,0.0069564998324665502,-1214.73974609375,1
2026-08-16T15:22:36Z,NVIDIA H200 NVL,full,normal_0_1,dot,raw_fp32,32,8,23,fp32,natural,thread_packet,4,128,1,1,4,none,raw,natural/thread_packet/x4/raw,16777216,0,1,134217728,134217728,0,512,256,10,0,392,14.996640205383301,0.038256735217814544,-2896.15576171875,1
2026-08-16T15:22:36Z,NVIDIA H200 NVL,full,normal_0_1,dot,raw_fp32,32,8,23,fp32,natural,thread_packet,4,128,1,1,4,none,raw,natural/thread_packet/x4/raw,16777216,0,1,134217728,134217728,0,512,256,10,1,392,14.968544006347656,0.038185061240682799,-2896.15576171875,1
2026-08-16T15:22:36Z,NVIDIA H200 NVL,full,normal_0_1,dot,raw_fp32,32,8,23,fp32,natural,thread_packet,4,128,1,1,4,none,raw,natural/thread_packet/x4/raw,16777216,0,1,134217728,134217728,0,512,256,10,2,392,14.960351943969727,0.038164163122371753,-2896.15576171875,1
2026-08-16T15:22:36Z,NVIDIA H200 NVL,full,normal_0_1,dot,raw_fp32,32,8,23,fp32,natural,thread_packet,4,128,1,1,4,none,raw,natural/thread_packet/x4/raw,16777216,0,1,134217728,134217728,0,512,256,10,3,392,14.976448059082031,0.038205224640515387,-2896.15576171875,1
2026-08-16T15:22:36Z,NVIDIA H200 NVL,full,normal_0_1,dot,raw_fp32,32,8,23,fp32,natural,thread_packet,4,128,1,1,4,none,raw,natural/thread_packet/x4/raw,16777216,0,1,134217728,134217728,0,512,256,10,4,392,14.982175827026367,0.03821983629343461,-2896.15576171875,1
2026-08-16T15:22:36Z,NVIDIA H200 NVL,full,normal_0_1,dot,raw_fp32,32,8,23,fp32,natural,thread_packet,4,128,1,1,4,none,raw,natural/thread_packet/x4/raw,134217728,0,1,1073741824,1073741824,0,512,256,10,0,60,15.157183647155762,0.25261972745259603,13110.076171875,1
2026-08-16T15:22:36Z,NVIDIA H200 NVL,full,normal_0_1,dot,raw_fp32,32,8,23,fp32,natural,thread_packet,4,128,1,1,4,none,raw,natural/thread_packet/x4/raw,134217728,0,1,1073741824,1073741824,0,512,256,10,1,60,15.152447700500488,0.25254079500834148,13110.076171875,1
2026-08-16T15:22:36Z,NVIDIA H200 NVL,full,normal_0_1,dot,raw_fp32,32,8,23,fp32,natural,thread_packet,4,128,1,1,4,none,raw,natural/thread_packet/x4/raw,134217728,0,1,1073741824,1073741824,0,512,256,10,2,60,15.15833568572998,0.25263892809549965,13110.076171875,1
2026-08-16T15:22:36Z,NVIDIA H200 NVL,full,normal_0_1,dot,raw_fp32,32,8,23,fp32,natural,thread_packet,4,128,1,1,4,none,raw,natural/thread_packet/x4/raw,134217728,0,1,1073741824,1073741824,0,512,256,10,3,60,15.144607543945312,0.25241012573242189,13110.076171875,1
2026-08-16T15:22:36Z,NVIDIA H200 NVL,full,normal_0_1,dot,raw_fp32,32,8,23,fp32,natural,thread_packet,4,128,1,1,4,none,raw,natural/thread_packet/x4/raw,134217728,0,1,1073741824,1073741824,0,512,256,10,4,60,15.143072128295898,0.25238453547159828,13110.076171875,1
2026-08-16T15:22:36Z,NVIDIA H200 NVL,full,normal_0_1,gemv,raw_fp32,32,8,23,fp32,natural,thread_packet,4,128,1,1,4,none,raw,natural/thread_packet/x4/raw,256,1024,1024,1049600,1049600,0,1024,256,10,0,2521,9.7209281921386719,0.0038559810361517939,18.843528747558594,1
2026-08-16T15:22:36Z,NVIDIA H200 NVL,full,normal_0_1,gemv,raw_fp32,32,8,23,fp32,natural,thread_packet,4,128,1,1,4,none,raw,natural/thread_packet/x4/raw,256,1024,1024,1049600,1049600,0,1024,256,10,1,2521,9.7353916168212891,0.0038617182137331571,18.843528747558594,1
2026-08-16T15:22:36Z,NVIDIA H200 NVL,full,normal_0_1,gemv,raw_fp32,32,8,23,fp32,natural,thread_packet,4,128,1,1,4,none,raw,natural/thread_packet/x4/raw,256,1024,1024,1049600,1049600,0,1024,256,10,2,2521,9.73516845703125,0.0038616296933880407,18.843528747558594,1
2026-08-16T15:22:36Z,NVIDIA H200 NVL,full,normal_0_1,gemv,raw_fp32,32,8,23,fp32,natural,thread_packet,4,128,1,1,4,none,raw,natural/thread_packet/x4/raw,256,1024,1024,1049600,1049600,0,1024,256,10,3,2521,9.7333440780639648,0.0038609060206521084,18.843528747558594,1
2026-08-16T15:22:36Z,NVIDIA H200 NVL,full,normal_0_1,gemv,raw_fp32,32,8,23,fp32,natural,thread_packet,4,128,1,1,4,none,raw,natural/thread_packet/x4/raw,256,1024,1024,1049600,1049600,0,1024,256,10,4,2521,9.7365121841430664,0.0038621627069191059,18.843528747558594,1
2026-08-16T15:22:36Z,NVIDIA H200 NVL,full,normal_0_1,gemv,raw_fp32,32,8,23,fp32,natural,thread_packet,4,128,1,1,4,none,raw,natural/thread_packet/x4/raw,1024,1024,1024,4198400,4198400,0,1024,256,10,0,2181,10.46678352355957,0.0047990754349195646,17.024105072021484,1
2026-08-16T15:22:36Z,NVIDIA H200 NVL,full,normal_0_1,gemv,raw_fp32,32,8,23,fp32,natural,thread_packet,4,128,1,1,4,none,raw,natural/thread_packet/x4/raw,1024,1024,1024,4198400,4198400,0,1024,256,10,1,2181,10.481951713562012,0.0048060301300146772,17.024105072021484,1
2026-08-16T15:22:36Z,NVIDIA H200 NVL,full,normal_0_1,gemv,raw_fp32,32,8,23,fp32,natural,thread_packet,4,128,1,1,4,none,raw,natural/thread_packet/x4/raw,1024,1024,1024,4198400,4198400,0,1024,256,10,2,2181,10.475808143615723,0.0048032132708004226,17.024105072021484,1
2026-08-16T15:22:36Z,NVIDIA H200 NVL,full,normal_0_1,gemv,raw_fp32,32,8,23,fp32,natural,thread_packet,4,128,1,1,4,none,raw,natural/thread_packet/x4/raw,1024,1024,1024,4198400,4198400,0,1024,256,10,3,2181,10.504096031188965,0.0048161834164094294,17.024105072021484,1
2026-08-16T15:22:36Z,NVIDIA H200 NVL,full,normal_0_1,gemv,raw_fp32,32,8,23,fp32,natural,thread_packet,4,128,1,1,4,none,raw,natural/thread_packet/x4/raw,1024,1024,1024,4198400,4198400,0,1024,256,10,4,2181,10.518752098083496,0.0048229033003592374,17.024105072021484,1
2026-08-16T15:22:36Z,NVIDIA H200 NVL,full,normal_0_1,gemv,raw_fp32,32,8,23,fp32,natural,thread_packet,4,128,1,1,4,none,raw,natural/thread_packet/x4/raw,4096,1024,1024,16793600,16793600,0,1024,256,10,0,1438,11.858912467956543,0.0082468097830017684,32.916213989257812,1
2026-08-16T15:22:36Z,NVIDIA H200 NVL,full,normal_0_1,gemv,raw_fp32,32,8,23,fp32,natural,thread_packet,4,128,1,1,4,none,raw,natural/thread_packet/x4/raw,4096,1024,1024,16793600,16793600,0,1024,256,10,1,1438,11.857184410095215,0.0082456080737797043,32.916213989257812,1
2026-08-16T15:22:36Z,NVIDIA H200 NVL,full,normal_0_1,gemv,raw_fp32,32,8,23,fp32,natural,thread_packet,4,128,1,1,4,none,raw,natural/thread_packet/x4/raw,4096,1024,1024,16793600,16793600,0,1024,256,10,2,1438,11.858559608459473,0.0082465644008758495,32.916213989257812,1
2026-08-16T15:22:36Z,NVIDIA H200 NVL,full,normal_0_1,gemv,raw_fp32,32,8,23,fp32,natural,thread_packet,4,128,1,1,4,none,raw,natural/thread_packet/x4/raw,4096,1024,1024,16793600,16793600,0,1024,256,10,3,1438,11.859647750854492,0.0082473211062965863,32.916213989257812,1
2026-08-16T15:22:36Z,NVIDIA H200 NVL,full,normal_0_1,gemv,raw_fp32,32,8,23,fp32,natural,thread_packet,4,128,1,1,4,none,raw,natural/thread_packet/x4/raw,4096,1024,1024,16793600,16793600,0,1024,256,10,4,1438,11.863391876220703,0.0082499248096110592,32.916213989257812,1
2026-08-16T15:22:36Z,NVIDIA H200 NVL,full,normal_0_1,gemv,raw_fp32,32,8,23,fp32,natural,thread_packet,4,128,1,1,4,none,raw,natural/thread_packet/x4/raw,16384,1024,1024,67174400,67174400,0,1024,256,10,0,587,13.729215621948242,0.023388783001615406,14.335830688476562,1
2026-08-16T15:22:36Z,NVIDIA H200 NVL,full,normal_0_1,gemv,raw_fp32,32,8,23,fp32,natural,thread_packet,4,128,1,1,4,none,raw,natural/thread_packet/x4/raw,16384,1024,1024,67174400,67174400,0,1024,256,10,1,587,13.704031944274902,0.023345880654642083,14.335830688476562,1
2026-08-16T15:22:36Z,NVIDIA H200 NVL,full,normal_0_1,gemv,raw_fp32,32,8,23,fp32,natural,thread_packet,4,128,1,1,4,none,raw,natural/thread_packet/x4/raw,16384,1024,1024,67174400,67174400,0,1024,256,10,2,587,13.65839958190918,0.023268142388260953,14.335830688476562,1
2026-08-16T15:22:36Z,NVIDIA H200 NVL,full,normal_0_1,gemv,raw_fp32,32,8,23,fp32,natural,thread_packet,4,128,1,1,4,none,raw,natural/thread_packet/x4/raw,16384,1024,1024,67174400,67174400,0,1024,256,10,3,587,13.664447784423828,0.02327844597005763,14.335830688476562,1
2026-08-16T15:22:36Z,NVIDIA H200 NVL,full,normal_0_1,gemv,raw_fp32,32,8,23,fp32,natural,thread_packet,4,128,1,1,4,none,raw,natural/thread_packet/x4/raw,16384,1024,1024,67174400,67174400,0,1024,256,10,4,587,13.665568351745605,0.023280354943348562,14.335830688476562,1
2026-08-16T15:22:36Z,NVIDIA H200 NVL,full,normal_0_1,gemv,raw_fp32,32,8,23,fp32,natural,thread_packet,4,128,1,1,4,none,raw,natural/thread_packet/x4/raw,65536,1024,1024,268697600,268697600,0,1024,256,10,0,184,14.615360260009766,0.079431305760922638,424.9886474609375,1
2026-08-16T15:22:36Z,NVIDIA H200 NVL,full,normal_0_1,gemv,raw_fp32,32,8,23,fp32,natural,thread_packet,4,128,1,1,4,none,raw,natural/thread_packet/x4/raw,65536,1024,1024,268697600,268697600,0,1024,256,10,1,184,14.589311599731445,0.079289736955062209,424.9886474609375,1
2026-08-16T15:22:36Z,NVIDIA H200 NVL,full,normal_0_1,gemv,raw_fp32,32,8,23,fp32,natural,thread_packet,4,128,1,1,4,none,raw,natural/thread_packet/x4/raw,65536,1024,1024,268697600,268697600,0,1024,256,10,2,184,14.593184471130371,0.079310785169186798,424.9886474609375,1
2026-08-16T15:22:36Z,NVIDIA H200 NVL,full,normal_0_1,gemv,raw_fp32,32,8,23,fp32,natural,thread_packet,4,128,1,1,4,none,raw,natural/thread_packet/x4/raw,65536,1024,1024,268697600,268697600,0,1024,256,10,3,184,14.612640380859375,0.079416523809018341,424.9886474609375,1
2026-08-16T15:22:36Z,NVIDIA H200 NVL,full,normal_0_1,gemv,raw_fp32,32,8,23,fp32,natural,thread_packet,4,128,1,1,4,none,raw,natural/thread_packet/x4/raw,65536,1024,1024,268697600,268697600,0,1024,256,10,4,184,14.61900806427002,0.079451130784076188,424.9886474609375,1
2026-08-16T15:22:36Z,NVIDIA H200 NVL,full,normal_0_1,dot,raw_fp32,32,8,23,fp32,natural,thread_packet,8,128,1,1,8,none,raw,natural/thread_packet/x8/raw,4096,0,1,32768,32768,0,2,256,10,0,2030,10.987520217895508,0.0054125715359091171,32.916206359863281,1
2026-08-16T15:22:36Z,NVIDIA H200 NVL,full,normal_0_1,dot,raw_fp32,32,8,23,fp32,natural,thread_packet,8,128,1,1,8,none,raw,natural/thread_packet/x8/raw,4096,0,1,32768,32768,0,2,256,10,1,2030,11.013119697570801,0.0054251821170299514,32.916206359863281,1
2026-08-16T15:22:36Z,NVIDIA H200 NVL,full,normal_0_1,dot,raw_fp32,32,8,23,fp32,natural,thread_packet,8,128,1,1,8,none,raw,natural/thread_packet/x8/raw,4096,0,1,32768,32768,0,2,256,10,2,2030,10.993856430053711,0.0054156928226865575,32.916206359863281,1
2026-08-16T15:22:36Z,NVIDIA H200 NVL,full,normal_0_1,dot,raw_fp32,32,8,23,fp32,natural,thread_packet,8,128,1,1,8,none,raw,natural/thread_packet/x8/raw,4096,0,1,32768,32768,0,2,256,10,3,2030,10.997952461242676,0.0054177105720407273,32.916206359863281,1
2026-08-16T15:22:36Z,NVIDIA H200 NVL,full,normal_0_1,dot,raw_fp32,32,8,23,fp32,natural,thread_packet,8,128,1,1,8,none,raw,natural/thread_packet/x8/raw,4096,0,1,32768,32768,0,2,256,10,4,2030,11.006367683410645,0.0054218560016801205,32.916206359863281,1
2026-08-16T15:22:36Z,NVIDIA H200 NVL,full,normal_0_1,dot,raw_fp32,32,8,23,fp32,natural,thread_packet,8,128,1,1,8,none,raw,natural/thread_packet/x8/raw,65536,0,1,524288,524288,0,32,256,10,0,2021,11.198335647583008,0.0055409874555086627,424.9886474609375,1
2026-08-16T15:22:36Z,NVIDIA H200 NVL,full,normal_0_1,dot,raw_fp32,32,8,23,fp32,natural,thread_packet,8,128,1,1,8,none,raw,natural/thread_packet/x8/raw,65536,0,1,524288,524288,0,32,256,10,1,2021,11.18723201751709,0.0055354933288060812,424.9886474609375,1
2026-08-16T15:22:36Z,NVIDIA H200 NVL,full,normal_0_1,dot,raw_fp32,32,8,23,fp32,natural,thread_packet,8,128,1,1,8,none,raw,natural/thread_packet/x8/raw,65536,0,1,524288,524288,0,32,256,10,2,2021,11.199071884155273,0.0055413517487161177,424.9886474609375,1
2026-08-16T15:22:36Z,NVIDIA H200 NVL,full,normal_0_1,dot,raw_fp32,32,8,23,fp32,natural,thread_packet,8,128,1,1,8,none,raw,natural/thread_packet/x8/raw,65536,0,1,524288,524288,0,32,256,10,3,2021,11.204287528991699,0.0055439324735238492,424.9886474609375,1
2026-08-16T15:22:36Z,NVIDIA H200 NVL,full,normal_0_1,dot,raw_fp32,32,8,23,fp32,natural,thread_packet,8,128,1,1,8,none,raw,natural/thread_packet/x8/raw,65536,0,1,524288,524288,0,32,256,10,4,2021,11.192000389099121,0.00553785274077146,424.9886474609375,1
2026-08-16T15:22:36Z,NVIDIA H200 NVL,full,normal_0_1,dot,raw_fp32,32,8,23,fp32,natural,thread_packet,8,128,1,1,8,none,raw,natural/thread_packet/x8/raw,1048576,0,1,8388608,8388608,0,512,256,10,0,1465,11.98089599609375,0.0081780860041595557,-1214.73974609375,1
2026-08-16T15:22:36Z,NVIDIA H200 NVL,full,normal_0_1,dot,raw_fp32,32,8,23,fp32,natural,thread_packet,8,128,1,1,8,none,raw,natural/thread_packet/x8/raw,1048576,0,1,8388608,8388608,0,512,256,10,1,1465,11.980095863342285,0.0081775398384588971,-1214.73974609375,1
2026-08-16T15:22:36Z,NVIDIA H200 NVL,full,normal_0_1,dot,raw_fp32,32,8,23,fp32,natural,thread_packet,8,128,1,1,8,none,raw,natural/thread_packet/x8/raw,1048576,0,1,8388608,8388608,0,512,256,10,2,1465,11.981568336486816,0.008178544939581445,-1214.73974609375,1
2026-08-16T15:22:36Z,NVIDIA H200 NVL,full,normal_0_1,dot,raw_fp32,32,8,23,fp32,natural,thread_packet,8,128,1,1,8,none,raw,natural/thread_packet/x8/raw,1048576,0,1,8388608,8388608,0,512,256,10,3,1465,11.979935646057129,0.0081774304751243195,-1214.73974609375,1
2026-08-16T15:22:36Z,NVIDIA H200 NVL,full,normal_0_1,dot,raw_fp32,32,8,23,fp32,natural,thread_packet,8,128,1,1,8,none,raw,natural/thread_packet/x8/raw,1048576,0,1,8388608,8388608,0,512,256,10,4,1465,11.978495597839355,0.0081764475070575798,-1214.73974609375,1
2026-08-16T15:22:36Z,NVIDIA H200 NVL,full,normal_0_1,dot,raw_fp32,32,8,23,fp32,natural,thread_packet,8,128,1,1,8,none,raw,natural/thread_packet/x8/raw,16777216,0,1,134217728,134217728,0,512,256,10,0,307,14.554143905639648,0.047407634871790387,-2896.156005859375,1
2026-08-16T15:22:36Z,NVIDIA H200 NVL,full,normal_0_1,dot,raw_fp32,32,8,23,fp32,natural,thread_packet,8,128,1,1,8,none,raw,natural/thread_packet/x8/raw,16777216,0,1,134217728,134217728,0,512,256,10,1,307,14.49619197845459,0.047218866379330912,-2896.156005859375,1
2026-08-16T15:22:36Z,NVIDIA H200 NVL,full,normal_0_1,dot,raw_fp32,32,8,23,fp32,natural,thread_packet,8,128,1,1,8,none,raw,natural/thread_packet/x8/raw,16777216,0,1,134217728,134217728,0,512,256,10,2,307,14.506208419799805,0.047251493224103595,-2896.156005859375,1
2026-08-16T15:22:36Z,NVIDIA H200 NVL,full,normal_0_1,dot,raw_fp32,32,8,23,fp32,natural,thread_packet,8,128,1,1,8,none,raw,natural/thread_packet/x8/raw,16777216,0,1,134217728,134217728,0,512,256,10,3,307,14.483743667602539,0.047178318135513153,-2896.156005859375,1
2026-08-16T15:22:36Z,NVIDIA H200 NVL,full,normal_0_1,dot,raw_fp32,32,8,23,fp32,natural,thread_packet,8,128,1,1,8,none,raw,natural/thread_packet/x8/raw,16777216,0,1,134217728,134217728,0,512,256,10,4,307,14.499391555786133,0.047229288455329421,-2896.156005859375,1
2026-08-16T15:22:36Z,NVIDIA H200 NVL,full,normal_0_1,dot,raw_fp32,32,8,23,fp32,natural,thread_packet,8,128,1,1,8,none,raw,natural/thread_packet/x8/raw,134217728,0,1,1073741824,1073741824,0,512,256,10,0,47,15.022463798522949,0.3196268893302755,13110.091796875,1
2026-08-16T15:22:36Z,NVIDIA H200 NVL,full,normal_0_1,dot,raw_fp32,32,8,23,fp32,natural,thread_packet,8,128,1,1,8,none,raw,natural/thread_packet/x8/raw,134217728,0,1,1073741824,1073741824,0,512,256,10,1,47,15.015680313110352,0.31948255985341173,13110.091796875,1
2026-08-16T15:22:36Z,NVIDIA H200 NVL,full,normal_0_1,dot,raw_fp32,32,8,23,fp32,natural,thread_packet,8,128,1,1,8,none,raw,natural/thread_packet/x8/raw,134217728,0,1,1073741824,1073741824,0,512,256,10,2,47,15.013088226318359,0.31942740907060341,13110.091796875,1
2026-08-16T15:22:36Z,NVIDIA H200 NVL,full,normal_0_1,dot,raw_fp32,32,8,23,fp32,natural,thread_packet,8,128,1,1,8,none,raw,natural/thread_packet/x8/raw,134217728,0,1,1073741824,1073741824,0,512,256,10,3,47,15.009568214416504,0.31935251520035113,13110.091796875,1
2026-08-16T15:22:36Z,NVIDIA H200 NVL,full,normal_0_1,dot,raw_fp32,32,8,23,fp32,natural,thread_packet,8,128,1,1,8,none,raw,natural/thread_packet/x8/raw,134217728,0,1,1073741824,1073741824,0,512,256,10,4,47,15.018400192260742,0.31954042962256896,13110.091796875,1
2026-08-16T15:22:36Z,NVIDIA H200 NVL,full,normal_0_1,gemv,raw_fp32,32,8,23,fp32,natural,thread_packet,8,128,1,1,8,none,raw,natural/thread_packet/x8/raw,256,1024,1024,1049600,1049600,0,1024,256,10,0,2429,9.948512077331543,0.0040957233747762629,18.843528747558594,1
2026-08-16T15:22:36Z,NVIDIA H200 NVL,full,normal_0_1,gemv,raw_fp32,32,8,23,fp32,natural,thread_packet,8,128,1,1,8,none,raw,natural/thread_packet/x8/raw,256,1024,1024,1049600,1049600,0,1024,256,10,1,2429,9.9574718475341797,0.0040994120409774308,18.843528747558594,1
2026-08-16T15:22:36Z,NVIDIA H200 NVL,full,normal_0_1,gemv,raw_fp32,32,8,23,fp32,natural,thread_packet,8,128,1,1,8,none,raw,natural/thread_packet/x8/raw,256,1024,1024,1049600,1049600,0,1024,256,10,2,2429,9.9600963592529297,0.0041004925315985714,18.843528747558594,1
2026-08-16T15:22:36Z,NVIDIA H200 NVL,full,normal_0_1,gemv,raw_fp32,32,8,23,fp32,natural,thread_packet,8,128,1,1,8,none,raw,natural/thread_packet/x8/raw,256,1024,1024,1049600,1049600,0,1024,256,10,3,2429,9.9575681686401367,0.0040994516956114188,18.843528747558594,1
2026-08-16T15:22:36Z,NVIDIA H200 NVL,full,normal_0_1,gemv,raw_fp32,32,8,23,fp32,natural,thread_packet,8,128,1,1,8,none,raw,natural/thread_packet/x8/raw,256,1024,1024,1049600,1049600,0,1024,256,10,4,2429,9.9596157073974609,0.0041002946510487696,18.843528747558594,1
2026-08-16T15:22:36Z,NVIDIA H200 NVL,full,normal_0_1,gemv,raw_fp32,32,8,23,fp32,natural,thread_packet,8,128,1,1,8,none,raw,natural/thread_packet/x8/raw,1024,1024,1024,4198400,4198400,0,1024,256,10,0,1906,11.521663665771484,0.0060449442107930141,17.024103164672852,1
2026-08-16T15:22:36Z,NVIDIA H200 NVL,full,normal_0_1,gemv,raw_fp32,32,8,23,fp32,natural,thread_packet,8,128,1,1,8,none,raw,natural/thread_packet/x8/raw,1024,1024,1024,4198400,4198400,0,1024,256,10,1,1906,11.526623725891113,0.0060475465508347918,17.024103164672852,1
2026-08-16T15:22:36Z,NVIDIA H200 NVL,full,normal_0_1,gemv,raw_fp32,32,8,23,fp32,natural,thread_packet,8,128,1,1,8,none,raw,natural/thread_packet/x8/raw,1024,1024,1024,4198400,4198400,0,1024,256,10,2,1906,11.526111602783203,0.006047277860851628,17.024103164672852,1
2026-08-16T15:22:36Z,NVIDIA H200 NVL,full,normal_0_1,gemv,raw_fp32,32,8,23,fp32,natural,thread_packet,8,128,1,1,8,none,raw,natural/thread_packet/x8/raw,1024,1024,1024,4198400,4198400,0,1024,256,10,3,1906,11.52409553527832,0.0060462201129477021,17.024103164672852,1
2026-08-16T15:22:36Z,NVIDIA H200 NVL,full,normal_0_1,gemv,raw_fp32,32,8,23,fp32,natural,thread_packet,8,128,1,1,8,none,raw,natural/thread_packet/x8/raw,1024,1024,1024,4198400,4198400,0,1024,256,10,4,1906,11.526559829711914,0.0060475130271311194,17.024103164672852,1
2026-08-16T15:22:36Z,NVIDIA H200 NVL,full,normal_0_1,gemv,raw_fp32,32,8,23,fp32,natural,thread_packet,8,128,1,1,8,none,raw,natural/thread_packet/x8/raw,4096,1024,1024,16793600,16793600,0,1024,256,10,0,983,13.046015739440918,0.013271633509095541,32.91619873046875,1
2026-08-16T15:22:36Z,NVIDIA H200 NVL,full,normal_0_1,gemv,raw_fp32,32,8,23,fp32,natural,thread_packet,8,128,1,1,8,none,raw,natural/thread_packet/x8/raw,4096,1024,1024,16793600,16793600,0,1024,256,10,1,983,13.047712326049805,0.013273359436469791,32.91619873046875,1
2026-08-16T15:22:36Z,NVIDIA H200 NVL,full,normal_0_1,gemv,raw_fp32,32,8,23,fp32,natural,thread_packet,8,128,1,1,8,none,raw,natural/thread_packet/x8/raw,4096,1024,1024,16793600,16793600,0,1024,256,10,2,983,13.050527572631836,0.013276223369920483,32.91619873046875,1
2026-08-16T15:22:36Z,NVIDIA H200 NVL,full,normal_0_1,gemv,raw_fp32,32,8,23,fp32,natural,thread_packet,8,128,1,1,8,none,raw,natural/thread_packet/x8/raw,4096,1024,1024,16793600,16793600,0,1024,256,10,3,983,13.049951553344727,0.013275637388956995,32.91619873046875,1
2026-08-16T15:22:36Z,NVIDIA H200 NVL,full,normal_0_1,gemv,raw_fp32,32,8,23,fp32,natural,thread_packet,8,128,1,1,8,none,raw,natural/thread_packet/x8/raw,4096,1024,1024,16793600,16793600,0,1024,256,10,4,983,13.044960021972656,0.013270559534051532,32.91619873046875,1
2026-08-16T15:22:36Z,NVIDIA H200 NVL,full,normal_0_1,gemv,raw_fp32,32,8,23,fp32,natural,thread_packet,8,128,1,1,8,none,raw,natural/thread_packet/x8/raw,16384,1024,1024,67174400,67174400,0,1024,256,10,0,342,14.741120338439941,0.043102691048070005,14.335763931274414,1
2026-08-16T15:22:36Z,NVIDIA H200 NVL,full,normal_0_1,gemv,raw_fp32,32,8,23,fp32,natural,thread_packet,8,128,1,1,8,none,raw,natural/thread_packet/x8/raw,16384,1024,1024,67174400,67174400,0,1024,256,10,1,342,14.740544319152832,0.043101006781148629,14.335763931274414,1
2026-08-16T15:22:36Z,NVIDIA H200 NVL,full,normal_0_1,gemv,raw_fp32,32,8,23,fp32,natural,thread_packet,8,128,1,1,8,none,raw,natural/thread_packet/x8/raw,16384,1024,1024,67174400,67174400,0,1024,256,10,2,342,14.737343788146973,0.043091648503353723,14.335763931274414,1
2026-08-16T15:22:36Z,NVIDIA H200 NVL,full,normal_0_1,gemv,raw_fp32,32,8,23,fp32,natural,thread_packet,8,128,1,1,8,none,raw,natural/thread_packet/x8/raw,16384,1024,1024,67174400,67174400,0,1024,256,10,3,342,14.744768142700195,0.04311335714239823,14.335763931274414,1
2026-08-16T15:22:36Z,NVIDIA H200 NVL,full,normal_0_1,gemv,raw_fp32,32,8,23,fp32,natural,thread_packet,8,128,1,1,8,none,raw,natural/thread_packet/x8/raw,16384,1024,1024,67174400,67174400,0,1024,256,10,4,342,14.733663558959961,0.04308088759929813,14.335763931274414,1
2026-08-16T15:22:36Z,NVIDIA H200 NVL,full,normal_0_1,gemv,raw_fp32,32,8,23,fp32,natural,thread_packet,8,128,1,1,8,none,raw,natural/thread_packet/x8/raw,65536,1024,1024,268697600,268697600,0,1024,256,10,0,94,14.781279563903809,0.15724765493514689,424.98867797851562,1
2026-08-16T15:22:36Z,NVIDIA H200 NVL,full,normal_0_1,gemv,raw_fp32,32,8,23,fp32,natural,thread_packet,8,128,1,1,8,none,raw,natural/thread_packet/x8/raw,65536,1024,1024,268697600,268697600,0,1024,256,10,1,94,14.813376426696777,0.15758911092230615,424.98867797851562,1
2026-08-16T15:22:36Z,NVIDIA H200 NVL,full,normal_0_1,gemv,raw_fp32,32,8,23,fp32,natural,thread_packet,8,128,1,1,8,none,raw,natural/thread_packet/x8/raw,65536,1024,1024,268697600,268697600,0,1024,256,10,2,94,14.812512397766113,0.15757991912517141,424.98867797851562,1
2026-08-16T15:22:36Z,NVIDIA H200 NVL,full,normal_0_1,gemv,raw_fp32,32,8,23,fp32,natural,thread_packet,8,128,1,1,8,none,raw,natural/thread_packet/x8/raw,65536,1024,1024,268697600,268697600,0,1024,256,10,3,94,14.791935920715332,0.15736102043314182,424.98867797851562,1
2026-08-16T15:22:36Z,NVIDIA H200 NVL,full,normal_0_1,gemv,raw_fp32,32,8,23,fp32,natural,thread_packet,8,128,1,1,8,none,raw,natural/thread_packet/x8/raw,65536,1024,1024,268697600,268697600,0,1024,256,10,4,94,14.804287910461426,0.15749242457937687,424.98867797851562,1
2026-08-16T15:22:36Z,NVIDIA H200 NVL,full,normal_0_1,dot,raw_fp64,64,11,52,fp64,natural,scalar,1,64,1,1,1,none,raw,natural/scalar/x1/raw,4096,0,1,65536,65536,0,16,256,10,0,1954,9.7179203033447266,0.0049733471357956633,32.916210500166116,1
2026-08-16T15:22:36Z,NVIDIA H200 NVL,full,normal_0_1,dot,raw_fp64,64,11,52,fp64,natural,scalar,1,64,1,1,1,none,raw,natural/scalar/x1/raw,4096,0,1,65536,65536,0,16,256,10,1,1954,9.7264003753662109,0.004977686988416689,32.916210500166116,1
2026-08-16T15:22:36Z,NVIDIA H200 NVL,full,normal_0_1,dot,raw_fp64,64,11,52,fp64,natural,scalar,1,64,1,1,1,none,raw,natural/scalar/x1/raw,4096,0,1,65536,65536,0,16,256,10,2,1954,9.7191362380981445,0.0049739694156080575,32.916210500166116,1
2026-08-16T15:22:36Z,NVIDIA H200 NVL,full,normal_0_1,dot,raw_fp64,64,11,52,fp64,natural,scalar,1,64,1,1,1,none,raw,natural/scalar/x1/raw,4096,0,1,65536,65536,0,16,256,10,3,1954,9.7184000015258789,0.0049735926312824358,32.916210500166116,1
2026-08-16T15:22:36Z,NVIDIA H200 NVL,full,normal_0_1,dot,raw_fp64,64,11,52,fp64,natural,scalar,1,64,1,1,1,none,raw,natural/scalar/x1/raw,4096,0,1,65536,65536,0,16,256,10,4,1954,9.7124156951904297,0.0049705300384802606,32.916210500166116,1
2026-08-16T15:22:36Z,NVIDIA H200 NVL,full,normal_0_1,dot,raw_fp64,64,11,52,fp64,natural,scalar,1,64,1,1,1,none,raw,natural/scalar/x1/raw,65536,0,1,1048576,1048576,0,256,256,10,0,2122,11.308032035827637,0.0053289500640092535,424.98861562004163,1
2026-08-16T15:22:36Z,NVIDIA H200 NVL,full,normal_0_1,dot,raw_fp64,64,11,52,fp64,natural,scalar,1,64,1,1,1,none,raw,natural/scalar/x1/raw,65536,0,1,1048576,1048576,0,256,256,10,1,2122,11.313599586486816,0.0053315737919353515,424.98861562004163,1
2026-08-16T15:22:36Z,NVIDIA H200 NVL,full,normal_0_1,dot,raw_fp64,64,11,52,fp64,natural,scalar,1,64,1,1,1,none,raw,natural/scalar/x1/raw,65536,0,1,1048576,1048576,0,256,256,10,2,2122,11.31276798248291,0.0053311818956092881,424.98861562004163,1
2026-08-16T15:22:36Z,NVIDIA H200 NVL,full,normal_0_1,dot,raw_fp64,64,11,52,fp64,natural,scalar,1,64,1,1,1,none,raw,natural/scalar/x1/raw,65536,0,1,1048576,1048576,0,256,256,10,3,2122,11.311967849731445,0.0053308048302221703,424.98861562004163,1
2026-08-16T15:22:36Z,NVIDIA H200 NVL,full,normal_0_1,dot,raw_fp64,64,11,52,fp64,natural,scalar,1,64,1,1,1,none,raw,natural/scalar/x1/raw,65536,0,1,1048576,1048576,0,256,256,10,4,2122,11.315808296203613,0.0053326146541958592,424.98861562004163,1
2026-08-16T15:22:36Z,NVIDIA H200 NVL,full,normal_0_1,dot,raw_fp64,64,11,52,fp64,natural,scalar,1,64,1,1,1,none,raw,natural/scalar/x1/raw,1048576,0,1,16777216,16777216,0,512,256,10,0,1479,11.802687644958496,0.0079801809634607816,-1214.7398837081475,1
2026-08-16T15:22:36Z,NVIDIA H200 NVL,full,normal_0_1,dot,raw_fp64,64,11,52,fp64,natural,scalar,1,64,1,1,1,none,raw,natural/scalar/x1/raw,1048576,0,1,16777216,16777216,0,512,256,10,1,1479,11.817919731140137,0.0079904798723057051,-1214.7398837081475,1
2026-08-16T15:22:36Z,NVIDIA H200 NVL,full,normal_0_1,dot,raw_fp64,64,11,52,fp64,natural,scalar,1,64,1,1,1,none,raw,natural/scalar/x1/raw,1048576,0,1,16777216,16777216,0,512,256,10,2,1479,11.834207534790039,0.0080014925860649351,-1214.7398837081475,1
2026-08-16T15:22:36Z,NVIDIA H200 NVL,full,normal_0_1,dot,raw_fp64,64,11,52,fp64,natural,scalar,1,64,1,1,1,none,raw,natural/scalar/x1/raw,1048576,0,1,16777216,16777216,0,512,256,10,3,1479,11.834624290466309,0.0080017743681313775,-1214.7398837081475,1
2026-08-16T15:22:36Z,NVIDIA H200 NVL,full,normal_0_1,dot,raw_fp64,64,11,52,fp64,natural,scalar,1,64,1,1,1,none,raw,natural/scalar/x1/raw,1048576,0,1,16777216,16777216,0,512,256,10,4,1479,11.841407775878906,0.0080063609032311744,-1214.7398837081475,1
2026-08-16T15:22:36Z,NVIDIA H200 NVL,full,normal_0_1,dot,raw_fp64,64,11,52,fp64,natural,scalar,1,64,1,1,1,none,raw,natural/scalar/x1/raw,16777216,0,1,268435456,268435456,0,512,256,10,0,178,14.796768188476562,0.083127911171216637,-2896.1557629640783,1
2026-08-16T15:22:36Z,NVIDIA H200 NVL,full,normal_0_1,dot,raw_fp64,64,11,52,fp64,natural,scalar,1,64,1,1,1,none,raw,natural/scalar/x1/raw,16777216,0,1,268435456,268435456,0,512,256,10,1,178,14.765952110290527,0.082954787136463634,-2896.1557629640783,1
2026-08-16T15:22:36Z,NVIDIA H200 NVL,full,normal_0_1,dot,raw_fp64,64,11,52,fp64,natural,scalar,1,64,1,1,1,none,raw,natural/scalar/x1/raw,16777216,0,1,268435456,268435456,0,512,256,10,2,178,14.776063919067383,0.083011595050940357,-2896.1557629640783,1
2026-08-16T15:22:36Z,NVIDIA H200 NVL,full,normal_0_1,dot,raw_fp64,64,11,52,fp64,natural,scalar,1,64,1,1,1,none,raw,natural/scalar/x1/raw,16777216,0,1,268435456,268435456,0,512,256,10,3,178,14.78707218170166,0.083073439223043041,-2896.1557629640783,1
2026-08-16T15:22:36Z,NVIDIA H200 NVL,full,normal_0_1,dot,raw_fp64,64,11,52,fp64,natural,scalar,1,64,1,1,1,none,raw,natural/scalar/x1/raw,16777216,0,1,268435456,268435456,0,512,256,10,4,178,14.761504173278809,0.082929798726285447,-2896.1557629640783,1
2026-08-16T15:22:36Z,NVIDIA H200 NVL,full,normal_0_1,dot,raw_fp64,64,11,52,fp64,natural,scalar,1,64,1,1,1,none,raw,natural/scalar/x1/raw,134217728,0,1,2147483648,2147483648,0,512,256,10,0,25,15.026432037353516,0.60105728149414062,13110.077467888223,1
2026-08-16T15:22:36Z,NVIDIA H200 NVL,full,normal_0_1,dot,raw_fp64,64,11,52,fp64,natural,scalar,1,64,1,1,1,none,raw,natural/scalar/x1/raw,134217728,0,1,2147483648,2147483648,0,512,256,10,1,25,15.03439998626709,0.60137599945068354,13110.077467888223,1
2026-08-16T15:22:36Z,NVIDIA H200 NVL,full,normal_0_1,dot,raw_fp64,64,11,52,fp64,natural,scalar,1,64,1,1,1,none,raw,natural/scalar/x1/raw,134217728,0,1,2147483648,2147483648,0,512,256,10,2,25,15.028223991394043,0.60112895965576174,13110.077467888223,1
2026-08-16T15:22:36Z,NVIDIA H200 NVL,full,normal_0_1,dot,raw_fp64,64,11,52,fp64,natural,scalar,1,64,1,1,1,none,raw,natural/scalar/x1/raw,134217728,0,1,2147483648,2147483648,0,512,256,10,3,25,15.013888359069824,0.60055553436279296,13110.077467888223,1
2026-08-16T15:22:36Z,NVIDIA H200 NVL,full,normal_0_1,dot,raw_fp64,64,11,52,fp64,natural,scalar,1,64,1,1,1,none,raw,natural/scalar/x1/raw,134217728,0,1,2147483648,2147483648,0,512,256,10,4,25,15.020383834838867,0.60081535339355474,13110.077467888223,1
2026-08-16T15:22:36Z,NVIDIA H200 NVL,full,normal_0_1,gemv,raw_fp64,64,11,52,fp64,natural,scalar,1,64,1,1,1,none,raw,natural/scalar/x1/raw,256,1024,1024,2099200,2099200,0,1024,256,10,0,2468,9.5366716384887695,0.0038641295131640069,18.843530593165923,1
2026-08-16T15:22:36Z,NVIDIA H200 NVL,full,normal_0_1,gemv,raw_fp64,64,11,52,fp64,natural,scalar,1,64,1,1,1,none,raw,natural/scalar/x1/raw,256,1024,1024,2099200,2099200,0,1024,256,10,1,2468,9.5383996963500977,0.003864829698683184,18.843530593165923,1
2026-08-16T15:22:36Z,NVIDIA H200 NVL,full,normal_0_1,gemv,raw_fp64,64,11,52,fp64,natural,scalar,1,64,1,1,1,none,raw,natural/scalar/x1/raw,256,1024,1024,2099200,2099200,0,1024,256,10,2,2468,9.5413436889648438,0.0038660225644103906,18.843530593165923,1
2026-08-16T15:22:36Z,NVIDIA H200 NVL,full,normal_0_1,gemv,raw_fp64,64,11,52,fp64,natural,scalar,1,64,1,1,1,none,raw,natural/scalar/x1/raw,256,1024,1024,2099200,2099200,0,1024,256,10,3,2468,9.5432319641113281,0.0038667876677922724,18.843530593165923,1
2026-08-16T15:22:36Z,NVIDIA H200 NVL,full,normal_0_1,gemv,raw_fp64,64,11,52,fp64,natural,scalar,1,64,1,1,1,none,raw,natural/scalar/x1/raw,256,1024,1024,2099200,2099200,0,1024,256,10,4,2468,9.5454082489013672,0.0038676694687606837,18.843530593165923,1
2026-08-16T15:22:36Z,NVIDIA H200 NVL,full,normal_0_1,gemv,raw_fp64,64,11,52,fp64,natural,scalar,1,64,1,1,1,none,raw,natural/scalar/x1/raw,1024,1024,1024,8396800,8396800,0,1024,256,10,0,2131,10.425536155700684,0.0048923210491321834,17.024110028266094,1
2026-08-16T15:22:36Z,NVIDIA H200 NVL,full,normal_0_1,gemv,raw_fp64,64,11,52,fp64,natural,scalar,1,64,1,1,1,none,raw,natural/scalar/x1/raw,1024,1024,1024,8396800,8396800,0,1024,256,10,1,2131,10.424832344055176,0.0048919907761873181,17.024110028266094,1
2026-08-16T15:22:36Z,NVIDIA H200 NVL,full,normal_0_1,gemv,raw_fp64,64,11,52,fp64,natural,scalar,1,64,1,1,1,none,raw,natural/scalar/x1/raw,1024,1024,1024,8396800,8396800,0,1024,256,10,2,2131,10.424223899841309,0.0048917052556740068,17.024110028266094,1
2026-08-16T15:22:36Z,NVIDIA H200 NVL,full,normal_0_1,gemv,raw_fp64,64,11,52,fp64,natural,scalar,1,64,1,1,1,none,raw,natural/scalar/x1/raw,1024,1024,1024,8396800,8396800,0,1024,256,10,3,2131,10.423263549804688,0.0048912545986882624,17.024110028266094,1
2026-08-16T15:22:36Z,NVIDIA H200 NVL,full,normal_0_1,gemv,raw_fp64,64,11,52,fp64,natural,scalar,1,64,1,1,1,none,raw,natural/scalar/x1/raw,1024,1024,1024,8396800,8396800,0,1024,256,10,4,2131,10.427552223205566,0.0048932671155352261,17.024110028266094,1
2026-08-16T15:22:36Z,NVIDIA H200 NVL,full,normal_0_1,gemv,raw_fp64,64,11,52,fp64,natural,scalar,1,64,1,1,1,none,raw,natural/scalar/x1/raw,4096,1024,1024,33587200,33587200,0,1024,256,10,0,1412,12.18166446685791,0.0086272411238370473,32.91621050016613,1
2026-08-16T15:22:36Z,NVIDIA H200 NVL,full,normal_0_1,gemv,raw_fp64,64,11,52,fp64,natural,scalar,1,64,1,1,1,none,raw,natural/scalar/x1/raw,4096,1024,1024,33587200,33587200,0,1024,256,10,1,1412,12.172415733337402,0.0086206910292757812,32.91621050016613,1
2026-08-16T15:22:36Z,NVIDIA H200 NVL,full,normal_0_1,gemv,raw_fp64,64,11,52,fp64,natural,scalar,1,64,1,1,1,none,raw,natural/scalar/x1/raw,4096,1024,1024,33587200,33587200,0,1024,256,10,2,1412,12.167584419250488,0.0086172694187326409,32.91621050016613,1
2026-08-16T15:22:36Z,NVIDIA H200 NVL,full,normal_0_1,gemv,raw_fp64,64,11,52,fp64,natural,scalar,1,64,1,1,1,none,raw,natural/scalar/x1/raw,4096,1024,1024,33587200,33587200,0,1024,256,10,3,1412,12.159551620483398,0.0086115804677644459,32.91621050016613,1
2026-08-16T15:22:36Z,NVIDIA H200 NVL,full,normal_0_1,gemv,raw_fp64,64,11,52,fp64,natural,scalar,1,64,1,1,1,none,raw,natural/scalar/x1/raw,4096,1024,1024,33587200,33587200,0,1024,256,10,4,1412,12.15715217590332,0.0086098811444074511,32.91621050016613,1
2026-08-16T15:22:36Z,NVIDIA H200 NVL,full,normal_0_1,gemv,raw_fp64,64,11,52,fp64,natural,scalar,1,64,1,1,1,none,raw,natural/scalar/x1/raw,16384,1024,1024,134348800,134348800,0,1024,256,10,0,321,14.003744125366211,0.04362537110705985,14.335791721456388,1
2026-08-16T15:22:36Z,NVIDIA H200 NVL,full,normal_0_1,gemv,raw_fp64,64,11,52,fp64,natural,scalar,1,64,1,1,1,none,raw,natural/scalar/x1/raw,16384,1024,1024,134348800,134348800,0,1024,256,10,1,321,13.994751930236816,0.043597358038120926,14.335791721456388,1
2026-08-16T15:22:36Z,NVIDIA H200 NVL,full,normal_0_1,gemv,raw_fp64,64,11,52,fp64,natural,scalar,1,64,1,1,1,none,raw,natural/scalar/x1/raw,16384,1024,1024,134348800,134348800,0,1024,256,10,2,321,14.002367973327637,0.043621084029058059,14.335791721456388,1
2026-08-16T15:22:36Z,NVIDIA H200 NVL,full,normal_0_1,gemv,raw_fp64,64,11,52,fp64,natural,scalar,1,64,1,1,1,none,raw,natural/scalar/x1/raw,16384,1024,1024,134348800,134348800,0,1024,256,10,3,321,14.008000373840332,0.043638630448100721,14.335791721456388,1
2026-08-16T15:22:36Z,NVIDIA H200 NVL,full,normal_0_1,gemv,raw_fp64,64,11,52,fp64,natural,scalar,1,64,1,1,1,none,raw,natural/scalar/x1/raw,16384,1024,1024,134348800,134348800,0,1024,256,10,4,321,14.003744125366211,0.04362537110705985,14.335791721456388,1
2026-08-16T15:22:36Z,NVIDIA H200 NVL,full,normal_0_1,gemv,raw_fp64,64,11,52,fp64,natural,scalar,1,64,1,1,1,none,raw,natural/scalar/x1/raw,65536,1024,1024,537395200,537395200,0,1024,256,10,0,99,14.885984420776367,0.15036347899774108,424.98861562004168,1
2026-08-16T15:22:36Z,NVIDIA H200 NVL,full,normal_0_1,gemv,raw_fp64,64,11,52,fp64,natural,scalar,1,64,1,1,1,none,raw,natural/scalar/x1/raw,65536,1024,1024,537395200,537395200,0,1024,256,10,1,99,14.887040138244629,0.15037414281055181,424.98861562004168,1
2026-08-16T15:22:36Z,NVIDIA H200 NVL,full,normal_0_1,gemv,raw_fp64,64,11,52,fp64,natural,scalar,1,64,1,1,1,none,raw,natural/scalar/x1/raw,65536,1024,1024,537395200,537395200,0,1024,256,10,2,99,14.901503562927246,0.15052023800936612,424.98861562004168,1
2026-08-16T15:22:36Z,NVIDIA H200 NVL,full,normal_0_1,gemv,raw_fp64,64,11,52,fp64,natural,scalar,1,64,1,1,1,none,raw,natural/scalar/x1/raw,65536,1024,1024,537395200,537395200,0,1024,256,10,3,99,14.878208160400391,0.15028493091313525,424.98861562004168,1
2026-08-16T15:22:36Z,NVIDIA H200 NVL,full,normal_0_1,gemv,raw_fp64,64,11,52,fp64,natural,scalar,1,64,1,1,1,none,raw,natural/scalar/x1/raw,65536,1024,1024,537395200,537395200,0,1024,256,10,4,99,14.881216049194336,0.15031531362822562,424.98861562004168,1
2026-08-16T15:22:36Z,NVIDIA H200 NVL,full,normal_0_1,dot,raw_fp64,64,11,52,fp64,natural,thread_packet,2,128,1,1,2,none,raw,natural/thread_packet/x2/raw,4096,0,1,65536,65536,0,8,256,10,0,2161,10.984800338745117,0.0050832023779477636,32.916210500166123,1
2026-08-16T15:22:36Z,NVIDIA H200 NVL,full,normal_0_1,dot,raw_fp64,64,11,52,fp64,natural,thread_packet,2,128,1,1,2,none,raw,natural/thread_packet/x2/raw,4096,0,1,65536,65536,0,8,256,10,1,2161,11.021504402160645,0.0051001871365852127,32.916210500166123,1
2026-08-16T15:22:36Z,NVIDIA H200 NVL,full,normal_0_1,dot,raw_fp64,64,11,52,fp64,natural,thread_packet,2,128,1,1,2,none,raw,natural/thread_packet/x2/raw,4096,0,1,65536,65536,0,8,256,10,2,2161,11.019231796264648,0.0050991354910988659,32.916210500166123,1
2026-08-16T15:22:36Z,NVIDIA H200 NVL,full,normal_0_1,dot,raw_fp64,64,11,52,fp64,natural,thread_packet,2,128,1,1,2,none,raw,natural/thread_packet/x2/raw,4096,0,1,65536,65536,0,8,256,10,3,2161,11.009823799133301,0.0050947819523985659,32.916210500166123,1
2026-08-16T15:22:36Z,NVIDIA H200 NVL,full,normal_0_1,dot,raw_fp64,64,11,52,fp64,natural,thread_packet,2,128,1,1,2,none,raw,natural/thread_packet/x2/raw,4096,0,1,65536,65536,0,8,256,10,4,2161,11.00211238861084,0.0050912135069925216,32.916210500166123,1
2026-08-16T15:22:36Z,NVIDIA H200 NVL,full,normal_0_1,dot,raw_fp64,64,11,52,fp64,natural,thread_packet,2,128,1,1,2,none,raw,natural/thread_packet/x2/raw,65536,0,1,1048576,1048576,0,128,256,10,0,2065,11.006239891052246,0.0053298982523255429,424.9886156200418,1
2026-08-16T15:22:36Z,NVIDIA H200 NVL,full,normal_0_1,dot,raw_fp64,64,11,52,fp64,natural,thread_packet,2,128,1,1,2,none,raw,natural/thread_packet/x2/raw,65536,0,1,1048576,1048576,0,128,256,10,1,2065,11.011136054992676,0.0053322692760255086,424.9886156200418,1
2026-08-16T15:22:36Z,NVIDIA H200 NVL,full,normal_0_1,dot,raw_fp64,64,11,52,fp64,natural,thread_packet,2,128,1,1,2,none,raw,natural/thread_packet/x2/raw,65536,0,1,1048576,1048576,0,128,256,10,2,2065,11.009471893310547,0.0053314633865910637,424.9886156200418,1
2026-08-16T15:22:36Z,NVIDIA H200 NVL,full,normal_0_1,dot,raw_fp64,64,11,52,fp64,natural,thread_packet,2,128,1,1,2,none,raw,natural/thread_packet/x2/raw,65536,0,1,1048576,1048576,0,128,256,10,3,2065,11.009920120239258,0.0053316804456364445,424.9886156200418,1
2026-08-16T15:22:36Z,NVIDIA H200 NVL,full,normal_0_1,dot,raw_fp64,64,11,52,fp64,natural,thread_packet,2,128,1,1,2,none,raw,natural/thread_packet/x2/raw,65536,0,1,1048576,1048576,0,128,256,10,4,2065,11.002335548400879,0.0053280075294919512,424.9886156200418,1
2026-08-16T15:22:36Z,NVIDIA H200 NVL,full,normal_0_1,dot,raw_fp64,64,11,52,fp64,natural,thread_packet,2,128,1,1,2,none,raw,natural/thread_packet/x2/raw,1048576,0,1,16777216,16777216,0,512,256,10,0,1522,12.087519645690918,0.0079418657330426537,-1214.7398837081478,1
2026-08-16T15:22:36Z,NVIDIA H200 NVL,full,normal_0_1,dot,raw_fp64,64,11,52,fp64,natural,thread_packet,2,128,1,1,2,none,raw,natural/thread_packet/x2/raw,1048576,0,1,16777216,16777216,0,512,256,10,1,1522,12.086048126220703,0.0079408989002764142,-1214.7398837081478,1
2026-08-16T15:22:36Z,NVIDIA H200 NVL,full,normal_0_1,dot,raw_fp64,64,11,52,fp64,natural,thread_packet,2,128,1,1,2,none,raw,natural/thread_packet/x2/raw,1048576,0,1,16777216,16777216,0,512,256,10,2,1522,12.085536003112793,0.007940562419916421,-1214.7398837081478,1
2026-08-16T15:22:36Z,NVIDIA H200 NVL,full,normal_0_1,dot,raw_fp64,64,11,52,fp64,natural,thread_packet,2,128,1,1,2,none,raw,natural/thread_packet/x2/raw,1048576,0,1,16777216,16777216,0,512,256,10,3,1522,12.085599899291992,0.0079406044016373141,-1214.7398837081478,1
2026-08-16T15:22:36Z,NVIDIA H200 NVL,full,normal_0_1,dot,raw_fp64,64,11,52,fp64,natural,thread_packet,2,128,1,1,2,none,raw,natural/thread_packet/x2/raw,1048576,0,1,16777216,16777216,0,512,256,10,4,1522,12.085151672363281,0.007940309902998214,-1214.7398837081478,1
2026-08-16T15:22:36Z,NVIDIA H200 NVL,full,normal_0_1,dot,raw_fp64,64,11,52,fp64,natural,thread_packet,2,128,1,1,2,none,raw,natural/thread_packet/x2/raw,16777216,0,1,268435456,268435456,0,512,256,10,0,206,14.243871688842773,0.069145008198265884,-2896.1557629640779,1
2026-08-16T15:22:36Z,NVIDIA H200 NVL,full,normal_0_1,dot,raw_fp64,64,11,52,fp64,natural,thread_packet,2,128,1,1,2,none,raw,natural/thread_packet/x2/raw,16777216,0,1,268435456,268435456,0,512,256,10,1,206,14.235391616821289,0.069103842800103343,-2896.1557629640779,1
2026-08-16T15:22:36Z,NVIDIA H200 NVL,full,normal_0_1,dot,raw_fp64,64,11,52,fp64,natural,thread_packet,2,128,1,1,2,none,raw,natural/thread_packet/x2/raw,16777216,0,1,268435456,268435456,0,512,256,10,2,206,14.256095886230469,0.069204348962283835,-2896.1557629640779,1
2026-08-16T15:22:36Z,NVIDIA H200 NVL,full,normal_0_1,dot,raw_fp64,64,11,52,fp64,natural,thread_packet,2,128,1,1,2,none,raw,natural/thread_packet/x2/raw,16777216,0,1,268435456,268435456,0,512,256,10,3,206,14.26854419708252,0.069264777655740392,-2896.1557629640779,1
2026-08-16T15:22:36Z,NVIDIA H200 NVL,full,normal_0_1,dot,raw_fp64,64,11,52,fp64,natural,thread_packet,2,128,1,1,2,none,raw,natural/thread_packet/x2/raw,16777216,0,1,268435456,268435456,0,512,256,10,4,206,14.275008201599121,0.06929615631844234,-2896.1557629640779,1
2026-08-16T15:22:36Z,NVIDIA H200 NVL,full,normal_0_1,dot,raw_fp64,64,11,52,fp64,natural,thread_packet,2,128,1,1,2,none,raw,natural/thread_packet/x2/raw,134217728,0,1,2147483648,2147483648,0,512,256,10,0,31,15.349887847900391,0.49515767251291581,13110.077467888235,1
2026-08-16T15:22:36Z,NVIDIA H200 NVL,full,normal_0_1,dot,raw_fp64,64,11,52,fp64,natural,thread_packet,2,128,1,1,2,none,raw,natural/thread_packet/x2/raw,134217728,0,1,2147483648,2147483648,0,512,256,10,1,31,15.352895736694336,0.49525470118368825,13110.077467888235,1
2026-08-16T15:22:36Z,NVIDIA H200 NVL,full,normal_0_1,dot,raw_fp64,64,11,52,fp64,natural,thread_packet,2,128,1,1,2,none,raw,natural/thread_packet/x2/raw,134217728,0,1,2147483648,2147483648,0,512,256,10,2,31,15.353440284729004,0.49527226724932272,13110.077467888235,1
2026-08-16T15:22:36Z,NVIDIA H200 NVL,full,normal_0_1,dot,raw_fp64,64,11,52,fp64,natural,thread_packet,2,128,1,1,2,none,raw,natural/thread_packet/x2/raw,134217728,0,1,2147483648,2147483648,0,512,256,10,3,31,15.349472045898438,0.49514425954511088,13110.077467888235,1
2026-08-16T15:22:36Z,NVIDIA H200 NVL,full,normal_0_1,dot,raw_fp64,64,11,52,fp64,natural,thread_packet,2,128,1,1,2,none,raw,natural/thread_packet/x2/raw,134217728,0,1,2147483648,2147483648,0,512,256,10,4,31,15.343135833740234,0.49493986560452369,13110.077467888235,1
2026-08-16T15:22:36Z,NVIDIA H200 NVL,full,normal_0_1,gemv,raw_fp64,64,11,52,fp64,natural,thread_packet,2,128,1,1,2,none,raw,natural/thread_packet/x2/raw,256,1024,1024,2099200,2099200,0,1024,256,10,0,2429,9.6014080047607422,0.0039528233860686461,18.843530593165923,1
2026-08-16T15:22:36Z,NVIDIA H200 NVL,full,normal_0_1,gemv,raw_fp64,64,11,52,fp64,natural,thread_packet,2,128,1,1,2,none,raw,natural/thread_packet/x2/raw,256,1024,1024,2099200,2099200,0,1024,256,10,1,2429,9.5679044723510742,0.003939030247983151,18.843530593165923,1
2026-08-16T15:22:36Z,NVIDIA H200 NVL,full,normal_0_1,gemv,raw_fp64,64,11,52,fp64,natural,thread_packet,2,128,1,1,2,none,raw,natural/thread_packet/x2/raw,256,1024,1024,2099200,2099200,0,1024,256,10,2,2429,9.5620803833007812,0.0039366325167973573,18.843530593165923,1
2026-08-16T15:22:36Z,NVIDIA H200 NVL,full,normal_0_1,gemv,raw_fp64,64,11,52,fp64,natural,thread_packet,2,128,1,1,2,none,raw,natural/thread_packet/x2/raw,256,1024,1024,2099200,2099200,0,1024,256,10,3,2429,9.5889921188354492,0.0039477118644855695,18.843530593165923,1
2026-08-16T15:22:36Z,NVIDIA H200 NVL,full,normal_0_1,gemv,raw_fp64,64,11,52,fp64,natural,thread_packet,2,128,1,1,2,none,raw,natural/thread_packet/x2/raw,256,1024,1024,2099200,2099200,0,1024,256,10,4,2429,9.5899200439453125,0.0039480938838803263,18.843530593165923,1
2026-08-16T15:22:36Z,NVIDIA H200 NVL,full,normal_0_1,gemv,raw_fp64,64,11,52,fp64,natural,thread_packet,2,128,1,1,2,none,raw,natural/thread_packet/x2/raw,1024,1024,1024,8396800,8396800,0,1024,256,10,0,2131,10.440896034240723,0.0048995288757581997,17.024110028266094,1
2026-08-16T15:22:36Z,NVIDIA H200 NVL,full,normal_0_1,gemv,raw_fp64,64,11,52,fp64,natural,thread_packet,2,128,1,1,2,none,raw,natural/thread_packet/x2/raw,1024,1024,1024,8396800,8396800,0,1024,256,10,1,2131,10.449888229370117,0.0049037485825293835,17.024110028266094,1
2026-08-16T15:22:36Z,NVIDIA H200 NVL,full,normal_0_1,gemv,raw_fp64,64,11,52,fp64,natural,thread_packet,2,128,1,1,2,none,raw,natural/thread_packet/x2/raw,1024,1024,1024,8396800,8396800,0,1024,256,10,2,2131,10.456768035888672,0.0049069770229416571,17.024110028266094,1
2026-08-16T15:22:36Z,NVIDIA H200 NVL,full,normal_0_1,gemv,raw_fp64,64,11,52,fp64,natural,thread_packet,2,128,1,1,2,none,raw,natural/thread_packet/x2/raw,1024,1024,1024,8396800,8396800,0,1024,256,10,3,2131,10.450847625732422,0.0049041987919908126,17.024110028266094,1
2026-08-16T15:22:36Z,NVIDIA H200 NVL,full,normal_0_1,gemv,raw_fp64,64,11,52,fp64,natural,thread_packet,2,128,1,1,2,none,raw,natural/thread_packet/x2/raw,1024,1024,1024,8396800,8396800,0,1024,256,10,4,2131,10.455583572387695,0.0049064211977417624,17.024110028266094,1
2026-08-16T15:22:36Z,NVIDIA H200 NVL,full,normal_0_1,gemv,raw_fp64,64,11,52,fp64,natural,thread_packet,2,128,1,1,2,none,raw,natural/thread_packet/x2/raw,4096,1024,1024,33587200,33587200,0,1024,256,10,0,1396,11.802207946777344,0.0084543036868032547,32.916210500166123,1
2026-08-16T15:22:36Z,NVIDIA H200 NVL,full,normal_0_1,gemv,raw_fp64,64,11,52,fp64,natural,thread_packet,2,128,1,1,2,none,raw,natural/thread_packet/x2/raw,4096,1024,1024,33587200,33587200,0,1024,256,10,1,1396,11.802399635314941,0.0084544409995092711,32.916210500166123,1
2026-08-16T15:22:36Z,NVIDIA H200 NVL,full,normal_0_1,gemv,raw_fp64,64,11,52,fp64,natural,thread_packet,2,128,1,1,2,none,raw,natural/thread_packet/x2/raw,4096,1024,1024,33587200,33587200,0,1024,256,10,2,1396,11.790495872497559,0.0084459139487804858,32.916210500166123,1
2026-08-16T15:22:36Z,NVIDIA H200 NVL,full,normal_0_1,gemv,raw_fp64,64,11,52,fp64,natural,thread_packet,2,128,1,1,2,none,raw,natural/thread_packet/x2/raw,4096,1024,1024,33587200,33587200,0,1024,256,10,3,1396,11.794112205505371,0.008448504445204421,32.916210500166123,1
2026-08-16T15:22:36Z,NVIDIA H200 NVL,full,normal_0_1,gemv,raw_fp64,64,11,52,fp64,natural,thread_packet,2,128,1,1,2,none,raw,natural/thread_packet/x2/raw,4096,1024,1024,33587200,33587200,0,1024,256,10,4,1396,11.780544281005859,0.0084387853015801279,32.916210500166123,1
2026-08-16T15:22:36Z,NVIDIA H200 NVL,full,normal_0_1,gemv,raw_fp64,64,11,52,fp64,natural,thread_packet,2,128,1,1,2,none,raw,natural/thread_packet/x2/raw,16384,1024,1024,134348800,134348800,0,1024,256,10,0,376,14.262880325317383,0.037933192354567505,14.335791721456317,1
2026-08-16T15:22:36Z,NVIDIA H200 NVL,full,normal_0_1,gemv,raw_fp64,64,11,52,fp64,natural,thread_packet,2,128,1,1,2,none,raw,natural/thread_packet/x2/raw,16384,1024,1024,134348800,134348800,0,1024,256,10,1,376,14.230912208557129,0.037848170767439175,14.335791721456317,1
2026-08-16T15:22:36Z,NVIDIA H200 NVL,full,normal_0_1,gemv,raw_fp64,64,11,52,fp64,natural,thread_packet,2,128,1,1,2,none,raw,natural/thread_packet/x2/raw,16384,1024,1024,134348800,134348800,0,1024,256,10,2,376,14.241663932800293,0.037876765778724182,14.335791721456317,1
2026-08-16T15:22:36Z,NVIDIA H200 NVL,full,normal_0_1,gemv,raw_fp64,64,11,52,fp64,natural,thread_packet,2,128,1,1,2,none,raw,natural/thread_packet/x2/raw,16384,1024,1024,134348800,134348800,0,1024,256,10,3,376,14.237695693969727,0.037866211952047146,14.335791721456317,1
2026-08-16T15:22:36Z,NVIDIA H200 NVL,full,normal_0_1,gemv,raw_fp64,64,11,52,fp64,natural,thread_packet,2,128,1,1,2,none,raw,natural/thread_packet/x2/raw,16384,1024,1024,134348800,134348800,0,1024,256,10,4,376,14.248191833496094,0.037894127216744927,14.335791721456317,1
2026-08-16T15:22:36Z,NVIDIA H200 NVL,full,normal_0_1,gemv,raw_fp64,64,11,52,fp64,natural,thread_packet,2,128,1,1,2,none,raw,natural/thread_packet/x2/raw,65536,1024,1024,537395200,537395200,0,1024,256,10,0,113,14.931136131286621,0.13213394806448336,424.98861562004186,1
2026-08-16T15:22:36Z,NVIDIA H200 NVL,full,normal_0_1,gemv,raw_fp64,64,11,52,fp64,natural,thread_packet,2,128,1,1,2,none,raw,natural/thread_packet/x2/raw,65536,1024,1024,537395200,537395200,0,1024,256,10,1,113,14.934880256652832,0.13216708191728169,424.98861562004186,1
2026-08-16T15:22:36Z,NVIDIA H200 NVL,full,normal_0_1,gemv,raw_fp64,64,11,52,fp64,natural,thread_packet,2,128,1,1,2,none,raw,natural/thread_packet/x2/raw,65536,1024,1024,537395200,537395200,0,1024,256,10,2,113,14.951775550842285,0.13231659779506447,424.98861562004186,1
2026-08-16T15:22:36Z,NVIDIA H200 NVL,full,normal_0_1,gemv,raw_fp64,64,11,52,fp64,natural,thread_packet,2,128,1,1,2,none,raw,natural/thread_packet/x2/raw,65536,1024,1024,537395200,537395200,0,1024,256,10,3,113,14.924127578735352,0.13207192547553409,424.98861562004186,1
2026-08-16T15:22:36Z,NVIDIA H200 NVL,full,normal_0_1,gemv,raw_fp64,64,11,52,fp64,natural,thread_packet,2,128,1,1,2,none,raw,natural/thread_packet/x2/raw,65536,1024,1024,537395200,537395200,0,1024,256,10,4,113,14.937631607055664,0.13219143015093507,424.98861562004186,1
2026-08-16T15:22:36Z,NVIDIA H200 NVL,full,normal_0_1,dot,raw_fp64,64,11,52,fp64,natural,thread_packet,4,128,1,1,4,none,raw,natural/thread_packet/x4/raw,4096,0,1,65536,65536,0,4,256,10,0,2012,10.698399543762207,0.0053172959959056692,32.916210500166137,1
2026-08-16T15:22:36Z,NVIDIA H200 NVL,full,normal_0_1,dot,raw_fp64,64,11,52,fp64,natural,thread_packet,4,128,1,1,4,none,raw,natural/thread_packet/x4/raw,4096,0,1,65536,65536,0,4,256,10,1,2012,10.740511894226074,0.0053382265875875122,32.916210500166137,1
2026-08-16T15:22:36Z,NVIDIA H200 NVL,full,normal_0_1,dot,raw_fp64,64,11,52,fp64,natural,thread_packet,4,128,1,1,4,none,raw,natural/thread_packet/x4/raw,4096,0,1,65536,65536,0,4,256,10,2,2012,10.745152473449707,0.0053405330384938901,32.916210500166137,1
2026-08-16T15:22:36Z,NVIDIA H200 NVL,full,normal_0_1,dot,raw_fp64,64,11,52,fp64,natural,thread_packet,4,128,1,1,4,none,raw,natural/thread_packet/x4/raw,4096,0,1,65536,65536,0,4,256,10,3,2012,10.746015548706055,0.005340962002338993,32.916210500166137,1
2026-08-16T15:22:36Z,NVIDIA H200 NVL,full,normal_0_1,dot,raw_fp64,64,11,52,fp64,natural,thread_packet,4,128,1,1,4,none,raw,natural/thread_packet/x4/raw,4096,0,1,65536,65536,0,4,256,10,4,2012,10.751071929931641,0.0053434751142801395,32.916210500166137,1
2026-08-16T15:22:36Z,NVIDIA H200 NVL,full,normal_0_1,dot,raw_fp64,64,11,52,fp64,natural,thread_packet,4,128,1,1,4,none,raw,natural/thread_packet/x4/raw,65536,0,1,1048576,1048576,0,64,256,10,0,1995,10.912511825561523,0.0054699307396298361,424.98861562004174,1
2026-08-16T15:22:36Z,NVIDIA H200 NVL,full,normal_0_1,dot,raw_fp64,64,11,52,fp64,natural,thread_packet,4,128,1,1,4,none,raw,natural/thread_packet/x4/raw,65536,0,1,1048576,1048576,0,64,256,10,1,1995,10.91055965423584,0.0054689522076370126,424.98861562004174,1
2026-08-16T15:22:36Z,NVIDIA H200 NVL,full,normal_0_1,dot,raw_fp64,64,11,52,fp64,natural,thread_packet,4,128,1,1,4,none,raw,natural/thread_packet/x4/raw,65536,0,1,1048576,1048576,0,64,256,10,2,1995,10.897791862487793,0.005462552312023956,424.98861562004174,1
2026-08-16T15:22:36Z,NVIDIA H200 NVL,full,normal_0_1,dot,raw_fp64,64,11,52,fp64,natural,thread_packet,4,128,1,1,4,none,raw,natural/thread_packet/x4/raw,65536,0,1,1048576,1048576,0,64,256,10,3,1995,10.894271850585938,0.0054607878950305453,424.98861562004174,1
2026-08-16T15:22:36Z,NVIDIA H200 NVL,full,normal_0_1,dot,raw_fp64,64,11,52,fp64,natural,thread_packet,4,128,1,1,4,none,raw,natural/thread_packet/x4/raw,65536,0,1,1048576,1048576,0,64,256,10,4,1995,10.893983840942383,0.0054606435292944271,424.98861562004174,1
2026-08-16T15:22:36Z,NVIDIA H200 NVL,full,normal_0_1,dot,raw_fp64,64,11,52,fp64,natural,thread_packet,4,128,1,1,4,none,raw,natural/thread_packet/x4/raw,1048576,0,1,16777216,16777216,0,512,256,10,0,1408,12.065919876098633,0.0085695453665473251,-1214.739883708148,1
2026-08-16T15:22:36Z,NVIDIA H200 NVL,full,normal_0_1,dot,raw_fp64,64,11,52,fp64,natural,thread_packet,4,128,1,1,4,none,raw,natural/thread_packet/x4/raw,1048576,0,1,16777216,16777216,0,512,256,10,1,1408,12.065024375915527,0.0085689093578945504,-1214.739883708148,1
2026-08-16T15:22:36Z,NVIDIA H200 NVL,full,normal_0_1,dot,raw_fp64,64,11,52,fp64,natural,thread_packet,4,128,1,1,4,none,raw,natural/thread_packet/x4/raw,1048576,0,1,16777216,16777216,0,512,256,10,2,1408,12.072064399719238,0.0085739093748005962,-1214.739883708148,1
2026-08-16T15:22:36Z,NVIDIA H200 NVL,full,normal_0_1,dot,raw_fp64,64,11,52,fp64,natural,thread_packet,4,128,1,1,4,none,raw,natural/thread_packet/x4/raw,1048576,0,1,16777216,16777216,0,512,256,10,3,1408,12.07472038269043,0.0085757957263426342,-1214.739883708148,1
2026-08-16T15:22:36Z,NVIDIA H200 NVL,full,normal_0_1,dot,raw_fp64,64,11,52,fp64,natural,thread_packet,4,128,1,1,4,none,raw,natural/thread_packet/x4/raw,1048576,0,1,16777216,16777216,0,512,256,10,4,1408,12.08131217956543,0.0085804774002595386,-1214.739883708148,1
2026-08-16T15:22:36Z,NVIDIA H200 NVL,full,normal_0_1,dot,raw_fp64,64,11,52,fp64,natural,thread_packet,4,128,1,1,4,none,raw,natural/thread_packet/x4/raw,16777216,0,1,268435456,268435456,0,512,256,10,0,217,15.092320442199707,0.069549863788938737,-2896.1557629640774,1
2026-08-16T15:22:36Z,NVIDIA H200 NVL,full,normal_0_1,dot,raw_fp64,64,11,52,fp64,natural,thread_packet,4,128,1,1,4,none,raw,natural/thread_packet/x4/raw,16777216,0,1,268435456,268435456,0,512,256,10,1,217,15.070143699645996,0.069447666818645143,-2896.1557629640774,1
2026-08-16T15:22:36Z,NVIDIA H200 NVL,full,normal_0_1,dot,raw_fp64,64,11,52,fp64,natural,thread_packet,4,128,1,1,4,none,raw,natural/thread_packet/x4/raw,16777216,0,1,268435456,268435456,0,512,256,10,2,217,15.085984230041504,0.069520664654569145,-2896.1557629640774,1
2026-08-16T15:22:36Z,NVIDIA H200 NVL,full,normal_0_1,dot,raw_fp64,64,11,52,fp64,natural,thread_packet,4,128,1,1,4,none,raw,natural/thread_packet/x4/raw,16777216,0,1,268435456,268435456,0,512,256,10,3,217,15.07692813873291,0.069478931514898201,-2896.1557629640774,1
2026-08-16T15:22:36Z,NVIDIA H200 NVL,full,normal_0_1,dot,raw_fp64,64,11,52,fp64,natural,thread_packet,4,128,1,1,4,none,raw,natural/thread_packet/x4/raw,16777216,0,1,268435456,268435456,0,512,256,10,4,217,15.087360382080078,0.069527006369032612,-2896.1557629640774,1
2026-08-16T15:22:36Z,NVIDIA H200 NVL,full,normal_0_1,dot,raw_fp64,64,11,52,fp64,natural,thread_packet,4,128,1,1,4,none,raw,natural/thread_packet/x4/raw,134217728,0,1,2147483648,2147483648,0,512,256,10,0,30,15.256223678588867,0.50854078928629554,13110.07746788823,1
2026-08-16T15:22:36Z,NVIDIA H200 NVL,full,normal_0_1,dot,raw_fp64,64,11,52,fp64,natural,thread_packet,4,128,1,1,4,none,raw,natural/thread_packet/x4/raw,134217728,0,1,2147483648,2147483648,0,512,256,10,1,30,15.24015998840332,0.5080053329467773,13110.07746788823,1
2026-08-16T15:22:36Z,NVIDIA H200 NVL,full,normal_0_1,dot,raw_fp64,64,11,52,fp64,natural,thread_packet,4,128,1,1,4,none,raw,natural/thread_packet/x4/raw,134217728,0,1,2147483648,2147483648,0,512,256,10,2,30,15.253024101257324,0.50843413670857751,13110.07746788823,1
2026-08-16T15:22:36Z,NVIDIA H200 NVL,full,normal_0_1,dot,raw_fp64,64,11,52,fp64,natural,thread_packet,4,128,1,1,4,none,raw,natural/thread_packet/x4/raw,134217728,0,1,2147483648,2147483648,0,512,256,10,3,30,15.253055572509766,0.50843518575032554,13110.07746788823,1
2026-08-16T15:22:36Z,NVIDIA H200 NVL,full,normal_0_1,dot,raw_fp64,64,11,52,fp64,natural,thread_packet,4,128,1,1,4,none,raw,natural/thread_packet/x4/raw,134217728,0,1,2147483648,2147483648,0,512,256,10,4,30,15.230143547058105,0.50767145156860349,13110.07746788823,1
2026-08-16T15:22:36Z,NVIDIA H200 NVL,full,normal_0_1,gemv,raw_fp64,64,11,52,fp64,natural,thread_packet,4,128,1,1,4,none,raw,natural/thread_packet/x4/raw,256,1024,1024,2099200,2099200,0,1024,256,10,0,2417,10.211487770080566,0.0042248604758297753,18.843530593165923,1
2026-08-16T15:22:36Z,NVIDIA H200 NVL,full,normal_0_1,gemv,raw_fp64,64,11,52,fp64,natural,thread_packet,4,128,1,1,4,none,raw,natural/thread_packet/x4/raw,256,1024,1024,2099200,2099200,0,1024,256,10,1,2417,10.225088119506836,0.004230487430495174,18.843530593165923,1
2026-08-16T15:22:36Z,NVIDIA H200 NVL,full,normal_0_1,gemv,raw_fp64,64,11,52,fp64,natural,thread_packet,4,128,1,1,4,none,raw,natural/thread_packet/x4/raw,256,1024,1024,2099200,2099200,0,1024,256,10,2,2417,10.208959579467773,0.0042238144722663521,18.843530593165923,1
2026-08-16T15:22:36Z,NVIDIA H200 NVL,full,normal_0_1,gemv,raw_fp64,64,11,52,fp64,natural,thread_packet,4,128,1,1,4,none,raw,natural/thread_packet/x4/raw,256,1024,1024,2099200,2099200,0,1024,256,10,3,2417,10.206144332885742,0.004222649703303989,18.843530593165923,1
2026-08-16T15:22:36Z,NVIDIA H200 NVL,full,normal_0_1,gemv,raw_fp64,64,11,52,fp64,natural,thread_packet,4,128,1,1,4,none,raw,natural/thread_packet/x4/raw,256,1024,1024,2099200,2099200,0,1024,256,10,4,2417,10.257951736450195,0.0042440842931113758,18.843530593165923,1
2026-08-16T15:22:36Z,NVIDIA H200 NVL,full,normal_0_1,gemv,raw_fp64,64,11,52,fp64,natural,thread_packet,4,128,1,1,4,none,raw,natural/thread_packet/x4/raw,1024,1024,1024,8396800,8396800,0,1024,256,10,0,1832,11.138208389282227,0.0060798080727523067,17.024110028266101,1
2026-08-16T15:22:36Z,NVIDIA H200 NVL,full,normal_0_1,gemv,raw_fp64,64,11,52,fp64,natural,thread_packet,4,128,1,1,4,none,raw,natural/thread_packet/x4/raw,1024,1024,1024,8396800,8396800,0,1024,256,10,1,1832,11.142399787902832,0.006082095954095432,17.024110028266101,1
2026-08-16T15:22:36Z,NVIDIA H200 NVL,full,normal_0_1,gemv,raw_fp64,64,11,52,fp64,natural,thread_packet,4,128,1,1,4,none,raw,natural/thread_packet/x4/raw,1024,1024,1024,8396800,8396800,0,1024,256,10,2,1832,11.14345645904541,0.0060826727396536082,17.024110028266101,1
2026-08-16T15:22:36Z,NVIDIA H200 NVL,full,normal_0_1,gemv,raw_fp64,64,11,52,fp64,natural,thread_packet,4,128,1,1,4,none,raw,natural/thread_packet/x4/raw,1024,1024,1024,8396800,8396800,0,1024,256,10,3,1832,11.142560005187988,0.0060821834089454085,17.024110028266101,1
2026-08-16T15:22:36Z,NVIDIA H200 NVL,full,normal_0_1,gemv,raw_fp64,64,11,52,fp64,natural,thread_packet,4,128,1,1,4,none,raw,natural/thread_packet/x4/raw,1024,1024,1024,8396800,8396800,0,1024,256,10,4,1832,11.146847724914551,0.0060845238673114359,17.024110028266101,1
2026-08-16T15:22:36Z,NVIDIA H200 NVL,full,normal_0_1,gemv,raw_fp64,64,11,52,fp64,natural,thread_packet,4,128,1,1,4,none,raw,natural/thread_packet/x4/raw,4096,1024,1024,33587200,33587200,0,1024,256,10,0,979,12.820735931396484,0.013095746610210913,32.916210500166144,1
2026-08-16T15:22:36Z,NVIDIA H200 NVL,full,normal_0_1,gemv,raw_fp64,64,11,52,fp64,natural,thread_packet,4,128,1,1,4,none,raw,natural/thread_packet/x4/raw,4096,1024,1024,33587200,33587200,0,1024,256,10,1,979,12.808159828186035,0.013082900743805961,32.916210500166144,1
2026-08-16T15:22:36Z,NVIDIA H200 NVL,full,normal_0_1,gemv,raw_fp64,64,11,52,fp64,natural,thread_packet,4,128,1,1,4,none,raw,natural/thread_packet/x4/raw,4096,1024,1024,33587200,33587200,0,1024,256,10,2,979,12.808352470397949,0.013083097518281869,32.916210500166144,1
2026-08-16T15:22:36Z,NVIDIA H200 NVL,full,normal_0_1,gemv,raw_fp64,64,11,52,fp64,natural,thread_packet,4,128,1,1,4,none,raw,natural/thread_packet/x4/raw,4096,1024,1024,33587200,33587200,0,1024,256,10,3,979,12.828512191772461,0.013103689674946333,32.916210500166144,1
2026-08-16T15:22:36Z,NVIDIA H200 NVL,full,normal_0_1,gemv,raw_fp64,64,11,52,fp64,natural,thread_packet,4,128,1,1,4,none,raw,natural/thread_packet/x4/raw,4096,1024,1024,33587200,33587200,0,1024,256,10,4,979,12.82960033416748,0.013104801158495894,32.916210500166144,1
2026-08-16T15:22:36Z,NVIDIA H200 NVL,full,normal_0_1,gemv,raw_fp64,64,11,52,fp64,natural,thread_packet,4,128,1,1,4,none,raw,natural/thread_packet/x4/raw,16384,1024,1024,134348800,134348800,0,1024,256,10,0,343,14.473247528076172,0.042196056933166678,14.335791721456317,1
2026-08-16T15:22:36Z,NVIDIA H200 NVL,full,normal_0_1,gemv,raw_fp64,64,11,52,fp64,natural,thread_packet,4,128,1,1,4,none,raw,natural/thread_packet/x4/raw,16384,1024,1024,134348800,134348800,0,1024,256,10,1,343,14.466496467590332,0.042176374541079684,14.335791721456317,1
2026-08-16T15:22:36Z,NVIDIA H200 NVL,full,normal_0_1,gemv,raw_fp64,64,11,52,fp64,natural,thread_packet,4,128,1,1,4,none,raw,natural/thread_packet/x4/raw,16384,1024,1024,134348800,134348800,0,1024,256,10,2,343,14.449184417724609,0.04212590209249157,14.335791721456317,1
2026-08-16T15:22:36Z,NVIDIA H200 NVL,full,normal_0_1,gemv,raw_fp64,64,11,52,fp64,natural,thread_packet,4,128,1,1,4,none,raw,natural/thread_packet/x4/raw,16384,1024,1024,134348800,134348800,0,1024,256,10,3,343,14.456319808959961,0.042146704982390558,14.335791721456317,1
2026-08-16T15:22:36Z,NVIDIA H200 NVL,full,normal_0_1,gemv,raw_fp64,64,11,52,fp64,natural,thread_packet,4,128,1,1,4,none,raw,natural/thread_packet/x4/raw,16384,1024,1024,134348800,134348800,0,1024,256,10,4,343,14.442239761352539,0.042105655280911196,14.335791721456317,1
2026-08-16T15:22:36Z,NVIDIA H200 NVL,full,normal_0_1,gemv,raw_fp64,64,11,52,fp64,natural,thread_packet,4,128,1,1,4,none,raw,natural/thread_packet/x4/raw,65536,1024,1024,537395200,537395200,0,1024,256,10,0,97,14.805919647216797,0.15263834687852368,424.98861562004163,1
2026-08-16T15:22:36Z,NVIDIA H200 NVL,full,normal_0_1,gemv,raw_fp64,64,11,52,fp64,natural,thread_packet,4,128,1,1,4,none,raw,natural/thread_packet/x4/raw,65536,1024,1024,537395200,537395200,0,1024,256,10,1,97,14.782431602478027,0.15239620208740234,424.98861562004163,1
2026-08-16T15:22:36Z,NVIDIA H200 NVL,full,normal_0_1,gemv,raw_fp64,64,11,52,fp64,natural,thread_packet,4,128,1,1,4,none,raw,natural/thread_packet/x4/raw,65536,1024,1024,537395200,537395200,0,1024,256,10,2,97,14.798975944519043,0.15256676231462932,424.98861562004163,1
2026-08-16T15:22:36Z,NVIDIA H200 NVL,full,normal_0_1,gemv,raw_fp64,64,11,52,fp64,natural,thread_packet,4,128,1,1,4,none,raw,natural/thread_packet/x4/raw,65536,1024,1024,537395200,537395200,0,1024,256,10,3,97,14.792703628540039,0.15250209926329938,424.98861562004163,1
2026-08-16T15:22:36Z,NVIDIA H200 NVL,full,normal_0_1,gemv,raw_fp64,64,11,52,fp64,natural,thread_packet,4,128,1,1,4,none,raw,natural/thread_packet/x4/raw,65536,1024,1024,537395200,537395200,0,1024,256,10,4,97,14.818623542785645,0.1527693148740788,424.98861562004163,1
2026-08-16T15:22:36Z,NVIDIA H200 NVL,full,normal_0_1,dot,raw_fp64,64,11,52,fp64,natural,thread_packet,8,128,1,1,8,none,raw,natural/thread_packet/x8/raw,4096,0,1,65536,65536,0,2,256,10,0,1868,11.28758430480957,0.0060426040175640102,32.91621050016613,1
2026-08-16T15:22:36Z,NVIDIA H200 NVL,full,normal_0_1,dot,raw_fp64,64,11,52,fp64,natural,thread_packet,8,128,1,1,8,none,raw,natural/thread_packet/x8/raw,4096,0,1,65536,65536,0,2,256,10,1,1868,11.324224472045898,0.0060622186681187889,32.91621050016613,1
2026-08-16T15:22:36Z,NVIDIA H200 NVL,full,normal_0_1,dot,raw_fp64,64,11,52,fp64,natural,thread_packet,8,128,1,1,8,none,raw,natural/thread_packet/x8/raw,4096,0,1,65536,65536,0,2,256,10,2,1868,11.323136329650879,0.0060616361507767015,32.91621050016613,1
2026-08-16T15:22:36Z,NVIDIA H200 NVL,full,normal_0_1,dot,raw_fp64,64,11,52,fp64,natural,thread_packet,8,128,1,1,8,none,raw,natural/thread_packet/x8/raw,4096,0,1,65536,65536,0,2,256,10,3,1868,11.317791938781738,0.0060587751278274827,32.91621050016613,1
2026-08-16T15:22:36Z,NVIDIA H200 NVL,full,normal_0_1,dot,raw_fp64,64,11,52,fp64,natural,thread_packet,8,128,1,1,8,none,raw,natural/thread_packet/x8/raw,4096,0,1,65536,65536,0,2,256,10,4,1868,11.303999900817871,0.0060513918098596738,32.91621050016613,1
2026-08-16T15:22:36Z,NVIDIA H200 NVL,full,normal_0_1,dot,raw_fp64,64,11,52,fp64,natural,thread_packet,8,128,1,1,8,none,raw,natural/thread_packet/x8/raw,65536,0,1,1048576,1048576,0,32,256,10,0,1839,11.553471565246582,0.0062824750218850364,424.98861562004174,1
2026-08-16T15:22:36Z,NVIDIA H200 NVL,full,normal_0_1,dot,raw_fp64,64,11,52,fp64,natural,thread_packet,8,128,1,1,8,none,raw,natural/thread_packet/x8/raw,65536,0,1,1048576,1048576,0,32,256,10,1,1839,11.550656318664551,0.0062809441645810503,424.98861562004174,1
2026-08-16T15:22:36Z,NVIDIA H200 NVL,full,normal_0_1,dot,raw_fp64,64,11,52,fp64,natural,thread_packet,8,128,1,1,8,none,raw,natural/thread_packet/x8/raw,65536,0,1,1048576,1048576,0,32,256,10,2,1839,11.550911903381348,0.0062810831448511951,424.98861562004174,1
2026-08-16T15:22:36Z,NVIDIA H200 NVL,full,normal_0_1,dot,raw_fp64,64,11,52,fp64,natural,thread_packet,8,128,1,1,8,none,raw,natural/thread_packet/x8/raw,65536,0,1,1048576,1048576,0,32,256,10,3,1839,11.55247974395752,0.006281935695463578,424.98861562004174,1
2026-08-16T15:22:36Z,NVIDIA H200 NVL,full,normal_0_1,dot,raw_fp64,64,11,52,fp64,natural,thread_packet,8,128,1,1,8,none,raw,natural/thread_packet/x8/raw,65536,0,1,1048576,1048576,0,32,256,10,4,1839,11.552319526672363,0.0062818485735031881,424.98861562004174,1
2026-08-16T15:22:36Z,NVIDIA H200 NVL,full,normal_0_1,dot,raw_fp64,64,11,52,fp64,natural,thread_packet,8,128,1,1,8,none,raw,natural/thread_packet/x8/raw,1048576,0,1,16777216,16777216,0,512,256,10,0,1187,12.793439865112305,0.01077796113320329,-1214.7398837081475,1
2026-08-16T15:22:36Z,NVIDIA H200 NVL,full,normal_0_1,dot,raw_fp64,64,11,52,fp64,natural,thread_packet,8,128,1,1,8,none,raw,natural/thread_packet/x8/raw,1048576,0,1,16777216,16777216,0,512,256,10,1,1187,12.785759925842285,0.010771491091695271,-1214.7398837081475,1
2026-08-16T15:22:36Z,NVIDIA H200 NVL,full,normal_0_1,dot,raw_fp64,64,11,52,fp64,natural,thread_packet,8,128,1,1,8,none,raw,natural/thread_packet/x8/raw,1048576,0,1,16777216,16777216,0,512,256,10,2,1187,12.758367538452148,0.010748414101476115,-1214.7398837081475,1
2026-08-16T15:22:36Z,NVIDIA H200 NVL,full,normal_0_1,dot,raw_fp64,64,11,52,fp64,natural,thread_packet,8,128,1,1,8,none,raw,natural/thread_packet/x8/raw,1048576,0,1,16777216,16777216,0,512,256,10,3,1187,12.759424209594727,0.010749304304629087,-1214.7398837081475,1
2026-08-16T15:22:36Z,NVIDIA H200 NVL,full,normal_0_1,dot,raw_fp64,64,11,52,fp64,natural,thread_packet,8,128,1,1,8,none,raw,natural/thread_packet/x8/raw,1048576,0,1,16777216,16777216,0,512,256,10,4,1187,12.757311820983887,0.010747524701755591,-1214.7398837081475,1
2026-08-16T15:22:36Z,NVIDIA H200 NVL,full,normal_0_1,dot,raw_fp64,64,11,52,fp64,natural,thread_packet,8,128,1,1,8,none,raw,natural/thread_packet/x8/raw,16777216,0,1,268435456,268435456,0,512,256,10,0,172,14.608863830566406,0.084935254828874457,-2896.1557629640783,1
2026-08-16T15:22:36Z,NVIDIA H200 NVL,full,normal_0_1,dot,raw_fp64,64,11,52,fp64,natural,thread_packet,8,128,1,1,8,none,raw,natural/thread_packet/x8/raw,16777216,0,1,268435456,268435456,0,512,256,10,1,172,14.605600357055664,0.08491628114567247,-2896.1557629640783,1
2026-08-16T15:22:36Z,NVIDIA H200 NVL,full,normal_0_1,dot,raw_fp64,64,11,52,fp64,natural,thread_packet,8,128,1,1,8,none,raw,natural/thread_packet/x8/raw,16777216,0,1,268435456,268435456,0,512,256,10,2,172,14.597151756286621,0.084867161373759423,-2896.1557629640783,1
2026-08-16T15:22:36Z,NVIDIA H200 NVL,full,normal_0_1,dot,raw_fp64,64,11,52,fp64,natural,thread_packet,8,128,1,1,8,none,raw,natural/thread_packet/x8/raw,16777216,0,1,268435456,268435456,0,512,256,10,3,172,14.553631782531738,0.084614138270533365,-2896.1557629640783,1
2026-08-16T15:22:36Z,NVIDIA H200 NVL,full,normal_0_1,dot,raw_fp64,64,11,52,fp64,natural,thread_packet,8,128,1,1,8,none,raw,natural/thread_packet/x8/raw,16777216,0,1,268435456,268435456,0,512,256,10,4,172,14.521247863769531,0.084425859673078668,-2896.1557629640783,1
2026-08-16T15:22:36Z,NVIDIA H200 NVL,full,normal_0_1,dot,raw_fp64,64,11,52,fp64,natural,thread_packet,8,128,1,1,8,none,raw,natural/thread_packet/x8/raw,134217728,0,1,2147483648,2147483648,0,512,256,10,0,25,15.183456420898438,0.60733825683593745,13110.077467888219,1
2026-08-16T15:22:36Z,NVIDIA H200 NVL,full,normal_0_1,dot,raw_fp64,64,11,52,fp64,natural,thread_packet,8,128,1,1,8,none,raw,natural/thread_packet/x8/raw,134217728,0,1,2147483648,2147483648,0,512,256,10,1,25,15.182527542114258,0.6073011016845703,13110.077467888219,1
2026-08-16T15:22:36Z,NVIDIA H200 NVL,full,normal_0_1,dot,raw_fp64,64,11,52,fp64,natural,thread_packet,8,128,1,1,8,none,raw,natural/thread_packet/x8/raw,134217728,0,1,2147483648,2147483648,0,512,256,10,2,25,15.182975769042969,0.60731903076171878,13110.077467888219,1
2026-08-16T15:22:36Z,NVIDIA H200 NVL,full,normal_0_1,dot,raw_fp64,64,11,52,fp64,natural,thread_packet,8,128,1,1,8,none,raw,natural/thread_packet/x8/raw,134217728,0,1,2147483648,2147483648,0,512,256,10,3,25,15.181504249572754,0.6072601699829101,13110.077467888219,1
2026-08-16T15:22:36Z,NVIDIA H200 NVL,full,normal_0_1,dot,raw_fp64,64,11,52,fp64,natural,thread_packet,8,128,1,1,8,none,raw,natural/thread_packet/x8/raw,134217728,0,1,2147483648,2147483648,0,512,256,10,4,25,15.187775611877441,0.60751102447509764,13110.077467888219,1
2026-08-16T15:22:36Z,NVIDIA H200 NVL,full,normal_0_1,gemv,raw_fp64,64,11,52,fp64,natural,thread_packet,8,128,1,1,8,none,raw,natural/thread_packet/x8/raw,256,1024,1024,2099200,2099200,0,1024,256,10,0,2141,10.176704406738281,0.0047532482049221303,18.843530593165923,1
2026-08-16T15:22:36Z,NVIDIA H200 NVL,full,normal_0_1,gemv,raw_fp64,64,11,52,fp64,natural,thread_packet,8,128,1,1,8,none,raw,natural/thread_packet/x8/raw,256,1024,1024,2099200,2099200,0,1024,256,10,1,2141,10.273664474487305,0.0047985354855148554,18.843530593165923,1
2026-08-16T15:22:36Z,NVIDIA H200 NVL,full,normal_0_1,gemv,raw_fp64,64,11,52,fp64,natural,thread_packet,8,128,1,1,8,none,raw,natural/thread_packet/x8/raw,256,1024,1024,2099200,2099200,0,1024,256,10,2,2141,10.286496162414551,0.0048045288007541103,18.843530593165923,1
2026-08-16T15:22:36Z,NVIDIA H200 NVL,full,normal_0_1,gemv,raw_fp64,64,11,52,fp64,natural,thread_packet,8,128,1,1,8,none,raw,natural/thread_packet/x8/raw,256,1024,1024,2099200,2099200,0,1024,256,10,3,2141,10.288479804992676,0.0048054553035930293,18.843530593165923,1
2026-08-16T15:22:36Z,NVIDIA H200 NVL,full,normal_0_1,gemv,raw_fp64,64,11,52,fp64,natural,thread_packet,8,128,1,1,8,none,raw,natural/thread_packet/x8/raw,256,1024,1024,2099200,2099200,0,1024,256,10,4,2141,10.288864135742188,0.0048056348135180702,18.843530593165923,1
2026-08-16T15:22:36Z,NVIDIA H200 NVL,full,normal_0_1,gemv,raw_fp64,64,11,52,fp64,natural,thread_packet,8,128,1,1,8,none,raw,natural/thread_packet/x8/raw,1024,1024,1024,8396800,8396800,0,1024,256,10,0,1438,11.98300838470459,0.0083331073607125095,17.024110028266087,1
2026-08-16T15:22:36Z,NVIDIA H200 NVL,full,normal_0_1,gemv,raw_fp64,64,11,52,fp64,natural,thread_packet,8,128,1,1,8,none,raw,natural/thread_packet/x8/raw,1024,1024,1024,8396800,8396800,0,1024,256,10,1,1438,11.985407829284668,0.008334775959168754,17.024110028266087,1
2026-08-16T15:22:36Z,NVIDIA H200 NVL,full,normal_0_1,gemv,raw_fp64,64,11,52,fp64,natural,thread_packet,8,128,1,1,8,none,raw,natural/thread_packet/x8/raw,1024,1024,1024,8396800,8396800,0,1024,256,10,2,1438,11.992032051086426,0.0083393825111866653,17.024110028266087,1
2026-08-16T15:22:36Z,NVIDIA H200 NVL,full,normal_0_1,gemv,raw_fp64,64,11,52,fp64,natural,thread_packet,8,128,1,1,8,none,raw,natural/thread_packet/x8/raw,1024,1024,1024,8396800,8396800,0,1024,256,10,3,1438,11.993184089660645,0.0083401836506680413,17.024110028266087,1
2026-08-16T15:22:36Z,NVIDIA H200 NVL,full,normal_0_1,gemv,raw_fp64,64,11,52,fp64,natural,thread_packet,8,128,1,1,8,none,raw,natural/thread_packet/x8/raw,1024,1024,1024,8396800,8396800,0,1024,256,10,4,1438,11.991104125976562,0.0083387372225149949,17.024110028266087,1
2026-08-16T15:22:36Z,NVIDIA H200 NVL,full,normal_0_1,gemv,raw_fp64,64,11,52,fp64,natural,thread_packet,8,128,1,1,8,none,raw,natural/thread_packet/x8/raw,4096,1024,1024,33587200,33587200,0,1024,256,10,0,602,13.578880310058594,0.022556279584814938,32.916210500166123,1
2026-08-16T15:22:36Z,NVIDIA H200 NVL,full,normal_0_1,gemv,raw_fp64,64,11,52,fp64,natural,thread_packet,8,128,1,1,8,none,raw,natural/thread_packet/x8/raw,4096,1024,1024,33587200,33587200,0,1024,256,10,1,602,13.577343940734863,0.022553727476303759,32.916210500166123,1
2026-08-16T15:22:36Z,NVIDIA H200 NVL,full,normal_0_1,gemv,raw_fp64,64,11,52,fp64,natural,thread_packet,8,128,1,1,8,none,raw,natural/thread_packet/x8/raw,4096,1024,1024,33587200,33587200,0,1024,256,10,2,602,13.580351829528809,0.022558723969316959,32.916210500166123,1
2026-08-16T15:22:36Z,NVIDIA H200 NVL,full,normal_0_1,gemv,raw_fp64,64,11,52,fp64,natural,thread_packet,8,128,1,1,8,none,raw,natural/thread_packet/x8/raw,4096,1024,1024,33587200,33587200,0,1024,256,10,3,602,13.578432083129883,0.022555535021810437,32.916210500166123,1
2026-08-16T15:22:36Z,NVIDIA H200 NVL,full,normal_0_1,gemv,raw_fp64,64,11,52,fp64,natural,thread_packet,8,128,1,1,8,none,raw,natural/thread_packet/x8/raw,4096,1024,1024,33587200,33587200,0,1024,256,10,4,602,13.576383590698242,0.022552132210462195,32.916210500166123,1
2026-08-16T15:22:36Z,NVIDIA H200 NVL,full,normal_0_1,gemv,raw_fp64,64,11,52,fp64,natural,thread_packet,8,128,1,1,8,none,raw,natural/thread_packet/x8/raw,16384,1024,1024,134348800,134348800,0,1024,256,10,0,184,14.696224212646484,0.079870783764383071,14.335791721456346,1
2026-08-16T15:22:36Z,NVIDIA H200 NVL,full,normal_0_1,gemv,raw_fp64,64,11,52,fp64,natural,thread_packet,8,128,1,1,8,none,raw,natural/thread_packet/x8/raw,16384,1024,1024,134348800,134348800,0,1024,256,10,1,184,14.655903816223145,0.079651651175125779,14.335791721456346,1
2026-08-16T15:22:36Z,NVIDIA H200 NVL,full,normal_0_1,gemv,raw_fp64,64,11,52,fp64,natural,thread_packet,8,128,1,1,8,none,raw,natural/thread_packet/x8/raw,16384,1024,1024,134348800,134348800,0,1024,256,10,2,184,14.655167579650879,0.079647649889406952,14.335791721456346,1
2026-08-16T15:22:36Z,NVIDIA H200 NVL,full,normal_0_1,gemv,raw_fp64,64,11,52,fp64,natural,thread_packet,8,128,1,1,8,none,raw,natural/thread_packet/x8/raw,16384,1024,1024,134348800,134348800,0,1024,256,10,3,184,14.658047676086426,0.079663302587426224,14.335791721456346,1
2026-08-16T15:22:36Z,NVIDIA H200 NVL,full,normal_0_1,gemv,raw_fp64,64,11,52,fp64,natural,thread_packet,8,128,1,1,8,none,raw,natural/thread_packet/x8/raw,16384,1024,1024,134348800,134348800,0,1024,256,10,4,184,14.658143997192383,0.079663826071697738,14.335791721456346,1
2026-08-16T15:22:36Z,NVIDIA H200 NVL,full,normal_0_1,gemv,raw_fp64,64,11,52,fp64,natural,thread_packet,8,128,1,1,8,none,raw,natural/thread_packet/x8/raw,65536,1024,1024,537395200,537395200,0,1024,256,10,0,50,15.029439926147461,0.30058879852294923,424.98861562004186,1
2026-08-16T15:22:36Z,NVIDIA H200 NVL,full,normal_0_1,gemv,raw_fp64,64,11,52,fp64,natural,thread_packet,8,128,1,1,8,none,raw,natural/thread_packet/x8/raw,65536,1024,1024,537395200,537395200,0,1024,256,10,1,50,15.021247863769531,0.30042495727539065,424.98861562004186,1
2026-08-16T15:22:36Z,NVIDIA H200 NVL,full,normal_0_1,gemv,raw_fp64,64,11,52,fp64,natural,thread_packet,8,128,1,1,8,none,raw,natural/thread_packet/x8/raw,65536,1024,1024,537395200,537395200,0,1024,256,10,2,50,15.026975631713867,0.30053951263427736,424.98861562004186,1
2026-08-16T15:22:36Z,NVIDIA H200 NVL,full,normal_0_1,gemv,raw_fp64,64,11,52,fp64,natural,thread_packet,8,128,1,1,8,none,raw,natural/thread_packet/x8/raw,65536,1024,1024,537395200,537395200,0,1024,256,10,3,50,15.027487754821777,0.30054975509643556,424.98861562004186,1
2026-08-16T15:22:36Z,NVIDIA H200 NVL,full,normal_0_1,gemv,raw_fp64,64,11,52,fp64,natural,thread_packet,8,128,1,1,8,none,raw,natural/thread_packet/x8/raw,65536,1024,1024,537395200,537395200,0,1024,256,10,4,50,15.039520263671875,0.30079040527343748,424.98861562004186,1
