timestamp,gpu,mode,distribution,kernel,format,bits,exponent_bits,mantissa_bits,arithmetic_type,storage_layout,access_method,packet_values,load_word_bits,loader_threads,consumer_threads,values_per_consumer,redistribution,decoder,strategy_id,N,M,rows,logical_input_bytes,physical_input_bytes,table_bytes,blocks,threads,warmup,sample,iterations,total_ms,mean_ms,result,valid
2026-08-15T18:06:34Z,NVIDIA H200 NVL,full,uniform_0_1,dot,raw_fp32,32,8,23,fp32,natural,scalar,1,32,1,1,1,none,raw,natural/scalar/x1/raw,4096,0,1,32768,32768,0,16,256,10,0,1705,8.22765,0.0048256,1019.6925048828125,1
2026-08-15T18:06:34Z,NVIDIA H200 NVL,full,uniform_0_1,dot,raw_fp32,32,8,23,fp32,natural,scalar,1,32,1,1,1,none,raw,natural/scalar/x1/raw,4096,0,1,32768,32768,0,16,256,10,1,1705,8.2267522811889648,0.0048250746517237326,1019.6925048828125,1
2026-08-15T18:06:34Z,NVIDIA H200 NVL,full,uniform_0_1,dot,raw_fp32,32,8,23,fp32,natural,scalar,1,32,1,1,1,none,raw,natural/scalar/x1/raw,4096,0,1,32768,32768,0,16,256,10,2,1705,8.2249603271484375,0.0048240236522864733,1019.6925048828125,1
2026-08-15T18:06:34Z,NVIDIA H200 NVL,full,uniform_0_1,dot,raw_fp32,32,8,23,fp32,natural,scalar,1,32,1,1,1,none,raw,natural/scalar/x1/raw,4096,0,1,32768,32768,0,16,256,10,3,1705,8.2240324020385742,0.004823479414685381,1019.6925048828125,1
2026-08-15T18:06:34Z,NVIDIA H200 NVL,full,uniform_0_1,dot,raw_fp32,32,8,23,fp32,natural,scalar,1,32,1,1,1,none,raw,natural/scalar/x1/raw,4096,0,1,32768,32768,0,16,256,10,4,1705,8.228032112121582,0.0048258252857018074,1019.6925048828125,1
2026-08-15T18:06:34Z,NVIDIA H200 NVL,full,uniform_0_1,dot,raw_fp32,32,8,23,fp32,natural,scalar,1,32,1,1,1,none,raw,natural/scalar/x1/raw,65536,0,1,524288,524288,0,256,256,10,0,2122,10.759872436523438,0.0050706279154210353,16361.328125,1
2026-08-15T18:06:34Z,NVIDIA H200 NVL,full,uniform_0_1,dot,raw_fp32,32,8,23,fp32,natural,scalar,1,32,1,1,1,none,raw,natural/scalar/x1/raw,65536,0,1,524288,524288,0,256,256,10,1,2122,10.758912086486816,0.0050701753470720149,16361.328125,1
2026-08-15T18:06:34Z,NVIDIA H200 NVL,full,uniform_0_1,dot,raw_fp32,32,8,23,fp32,natural,scalar,1,32,1,1,1,none,raw,natural/scalar/x1/raw,65536,0,1,524288,524288,0,256,256,10,2,2122,10.757344245910645,0.0050694364966591158,16361.328125,1
2026-08-15T18:06:34Z,NVIDIA H200 NVL,full,uniform_0_1,dot,raw_fp32,32,8,23,fp32,natural,scalar,1,32,1,1,1,none,raw,natural/scalar/x1/raw,65536,0,1,524288,524288,0,256,256,10,3,2122,10.757120132446289,0.0050693308823969319,16361.328125,1
2026-08-15T18:06:34Z,NVIDIA H200 NVL,full,uniform_0_1,dot,raw_fp32,32,8,23,fp32,natural,scalar,1,32,1,1,1,none,raw,natural/scalar/x1/raw,65536,0,1,524288,524288,0,256,256,10,4,2122,10.757184028625488,0.0050693609936972141,16361.328125,1
2026-08-15T18:06:34Z,NVIDIA H200 NVL,full,uniform_0_1,dot,raw_fp32,32,8,23,fp32,natural,scalar,1,32,1,1,1,none,raw,natural/scalar/x1/raw,1048576,0,1,8388608,8388608,0,512,256,10,0,1589,11.164735794067383,0.0070262654462349798,261997.40625,1
2026-08-15T18:06:34Z,NVIDIA H200 NVL,full,uniform_0_1,dot,raw_fp32,32,8,23,fp32,natural,scalar,1,32,1,1,1,none,raw,natural/scalar/x1/raw,1048576,0,1,8388608,8388608,0,512,256,10,1,1589,11.172991752624512,0.0070314611407328578,261997.40625,1
2026-08-15T18:06:34Z,NVIDIA H200 NVL,full,uniform_0_1,dot,raw_fp32,32,8,23,fp32,natural,scalar,1,32,1,1,1,none,raw,natural/scalar/x1/raw,1048576,0,1,8388608,8388608,0,512,256,10,2,1589,11.177791595458984,0.0070344818096028851,261997.40625,1
2026-08-15T18:06:34Z,NVIDIA H200 NVL,full,uniform_0_1,dot,raw_fp32,32,8,23,fp32,natural,scalar,1,32,1,1,1,none,raw,natural/scalar/x1/raw,1048576,0,1,8388608,8388608,0,512,256,10,3,1589,11.177311897277832,0.0070341799227676728,261997.40625,1
2026-08-15T18:06:34Z,NVIDIA H200 NVL,full,uniform_0_1,dot,raw_fp32,32,8,23,fp32,natural,scalar,1,32,1,1,1,none,raw,natural/scalar/x1/raw,1048576,0,1,8388608,8388608,0,512,256,10,4,1589,11.179295539855957,0.0070354282818476761,261997.40625,1
2026-08-15T18:06:34Z,NVIDIA H200 NVL,full,uniform_0_1,dot,raw_fp32,32,8,23,fp32,natural,scalar,1,32,1,1,1,none,raw,natural/scalar/x1/raw,16777216,0,1,134217728,134217728,0,512,256,10,0,212,14.865376472473145,0.070119700341854455,4194144.5,1
2026-08-15T18:06:34Z,NVIDIA H200 NVL,full,uniform_0_1,dot,raw_fp32,32,8,23,fp32,natural,scalar,1,32,1,1,1,none,raw,natural/scalar/x1/raw,16777216,0,1,134217728,134217728,0,512,256,10,1,212,14.85427188873291,0.070067320229872221,4194144.5,1
2026-08-15T18:06:34Z,NVIDIA H200 NVL,full,uniform_0_1,dot,raw_fp32,32,8,23,fp32,natural,scalar,1,32,1,1,1,none,raw,natural/scalar/x1/raw,16777216,0,1,134217728,134217728,0,512,256,10,2,212,14.854816436767578,0.070069888852677259,4194144.5,1
2026-08-15T18:06:34Z,NVIDIA H200 NVL,full,uniform_0_1,dot,raw_fp32,32,8,23,fp32,natural,scalar,1,32,1,1,1,none,raw,natural/scalar/x1/raw,16777216,0,1,134217728,134217728,0,512,256,10,3,212,14.873727798461914,0.070159093388971291,4194144.5,1
2026-08-15T18:06:34Z,NVIDIA H200 NVL,full,uniform_0_1,dot,raw_fp32,32,8,23,fp32,natural,scalar,1,32,1,1,1,none,raw,natural/scalar/x1/raw,16777216,0,1,134217728,134217728,0,512,256,10,4,212,14.875679969787598,0.070168301744281125,4194144.5,1
2026-08-15T18:06:34Z,NVIDIA H200 NVL,full,uniform_0_1,dot,raw_fp32,32,8,23,fp32,natural,scalar,1,32,1,1,1,none,raw,natural/scalar/x1/raw,134217728,0,1,1073741824,1073741824,0,512,256,10,0,30,15.120384216308594,0.50401280721028641,33555792,1
2026-08-15T18:06:34Z,NVIDIA H200 NVL,full,uniform_0_1,dot,raw_fp32,32,8,23,fp32,natural,scalar,1,32,1,1,1,none,raw,natural/scalar/x1/raw,134217728,0,1,1073741824,1073741824,0,512,256,10,1,30,15.087200164794922,0.50290667215983076,33555792,1
2026-08-15T18:06:34Z,NVIDIA H200 NVL,full,uniform_0_1,dot,raw_fp32,32,8,23,fp32,natural,scalar,1,32,1,1,1,none,raw,natural/scalar/x1/raw,134217728,0,1,1073741824,1073741824,0,512,256,10,2,30,15.094559669494629,0.50315198898315427,33555792,1
2026-08-15T18:06:34Z,NVIDIA H200 NVL,full,uniform_0_1,dot,raw_fp32,32,8,23,fp32,natural,scalar,1,32,1,1,1,none,raw,natural/scalar/x1/raw,134217728,0,1,1073741824,1073741824,0,512,256,10,3,30,15.101471900939941,0.503382396697998,33555792,1
2026-08-15T18:06:34Z,NVIDIA H200 NVL,full,uniform_0_1,dot,raw_fp32,32,8,23,fp32,natural,scalar,1,32,1,1,1,none,raw,natural/scalar/x1/raw,134217728,0,1,1073741824,1073741824,0,512,256,10,4,30,15.101535797119141,0.50338452657063804,33555792,1
2026-08-15T18:06:34Z,NVIDIA H200 NVL,full,uniform_0_1,gemv,raw_fp32,32,8,23,fp32,natural,scalar,1,32,1,1,1,none,raw,natural/scalar/x1/raw,256,1024,1024,1049600,1049600,0,1024,256,10,0,2694,9.7959041595458984,0.0036361930807520038,62.262413024902344,1
2026-08-15T18:06:34Z,NVIDIA H200 NVL,full,uniform_0_1,gemv,raw_fp32,32,8,23,fp32,natural,scalar,1,32,1,1,1,none,raw,natural/scalar/x1/raw,256,1024,1024,1049600,1049600,0,1024,256,10,1,2694,9.8006401062011719,0.0036379510416485418,62.262413024902344,1
2026-08-15T18:06:34Z,NVIDIA H200 NVL,full,uniform_0_1,gemv,raw_fp32,32,8,23,fp32,natural,scalar,1,32,1,1,1,none,raw,natural/scalar/x1/raw,256,1024,1024,1049600,1049600,0,1024,256,10,2,2694,9.794367790222168,0.0036356227877587855,62.262413024902344,1
2026-08-15T18:06:34Z,NVIDIA H200 NVL,full,uniform_0_1,gemv,raw_fp32,32,8,23,fp32,natural,scalar,1,32,1,1,1,none,raw,natural/scalar/x1/raw,256,1024,1024,1049600,1049600,0,1024,256,10,3,2694,9.8010244369506836,0.0036380937033966901,62.262413024902344,1
2026-08-15T18:06:34Z,NVIDIA H200 NVL,full,uniform_0_1,gemv,raw_fp32,32,8,23,fp32,natural,scalar,1,32,1,1,1,none,raw,natural/scalar/x1/raw,256,1024,1024,1049600,1049600,0,1024,256,10,4,2694,9.8029756546020508,0.0036388179861180591,62.262413024902344,1
2026-08-15T18:06:34Z,NVIDIA H200 NVL,full,uniform_0_1,gemv,raw_fp32,32,8,23,fp32,natural,scalar,1,32,1,1,1,none,raw,natural/scalar/x1/raw,1024,1024,1024,4198400,4198400,0,1024,256,10,0,2287,9.978816032409668,0.0043632776704895793,248.53376770019531,1
2026-08-15T18:06:34Z,NVIDIA H200 NVL,full,uniform_0_1,gemv,raw_fp32,32,8,23,fp32,natural,scalar,1,32,1,1,1,none,raw,natural/scalar/x1/raw,1024,1024,1024,4198400,4198400,0,1024,256,10,1,2287,9.9691839218139648,0.0043590659911735743,248.53376770019531,1
2026-08-15T18:06:34Z,NVIDIA H200 NVL,full,uniform_0_1,gemv,raw_fp32,32,8,23,fp32,natural,scalar,1,32,1,1,1,none,raw,natural/scalar/x1/raw,1024,1024,1024,4198400,4198400,0,1024,256,10,2,2287,9.9720640182495117,0.0043603253249888552,248.53376770019531,1
2026-08-15T18:06:34Z,NVIDIA H200 NVL,full,uniform_0_1,gemv,raw_fp32,32,8,23,fp32,natural,scalar,1,32,1,1,1,none,raw,natural/scalar/x1/raw,1024,1024,1024,4198400,4198400,0,1024,256,10,3,2287,9.9734077453613281,0.0043609128751033351,248.53376770019531,1
2026-08-15T18:06:34Z,NVIDIA H200 NVL,full,uniform_0_1,gemv,raw_fp32,32,8,23,fp32,natural,scalar,1,32,1,1,1,none,raw,natural/scalar/x1/raw,1024,1024,1024,4198400,4198400,0,1024,256,10,4,2287,9.9726076126098633,0.0043605630138215407,248.53376770019531,1
2026-08-15T18:06:34Z,NVIDIA H200 NVL,full,uniform_0_1,gemv,raw_fp32,32,8,23,fp32,natural,scalar,1,32,1,1,1,none,raw,natural/scalar/x1/raw,4096,1024,1024,16793600,16793600,0,1024,256,10,0,1622,11.462016105651855,0.0070665943931269145,1019.6925048828125,1
2026-08-15T18:06:34Z,NVIDIA H200 NVL,full,uniform_0_1,gemv,raw_fp32,32,8,23,fp32,natural,scalar,1,32,1,1,1,none,raw,natural/scalar/x1/raw,4096,1024,1024,16793600,16793600,0,1024,256,10,1,1622,11.465791702270508,0.0070689221345687468,1019.6925048828125,1
2026-08-15T18:06:34Z,NVIDIA H200 NVL,full,uniform_0_1,gemv,raw_fp32,32,8,23,fp32,natural,scalar,1,32,1,1,1,none,raw,natural/scalar/x1/raw,4096,1024,1024,16793600,16793600,0,1024,256,10,2,1622,11.464511871337891,0.0070681330896041252,1019.6925048828125,1
2026-08-15T18:06:34Z,NVIDIA H200 NVL,full,uniform_0_1,gemv,raw_fp32,32,8,23,fp32,natural,scalar,1,32,1,1,1,none,raw,natural/scalar/x1/raw,4096,1024,1024,16793600,16793600,0,1024,256,10,3,1622,11.45747184753418,0.0070637927543367321,1019.6925048828125,1
2026-08-15T18:06:34Z,NVIDIA H200 NVL,full,uniform_0_1,gemv,raw_fp32,32,8,23,fp32,natural,scalar,1,32,1,1,1,none,raw,natural/scalar/x1/raw,4096,1024,1024,16793600,16793600,0,1024,256,10,4,1622,11.455360412597656,0.0070624910065336969,1019.6925048828125,1
2026-08-15T18:06:34Z,NVIDIA H200 NVL,full,uniform_0_1,gemv,raw_fp32,32,8,23,fp32,natural,scalar,1,32,1,1,1,none,raw,natural/scalar/x1/raw,16384,1024,1024,67174400,67174400,0,1024,256,10,0,412,14.054816246032715,0.034113631665127951,4110.29638671875,1
2026-08-15T18:06:34Z,NVIDIA H200 NVL,full,uniform_0_1,gemv,raw_fp32,32,8,23,fp32,natural,scalar,1,32,1,1,1,none,raw,natural/scalar/x1/raw,16384,1024,1024,67174400,67174400,0,1024,256,10,1,412,14.059712409973145,0.034125515558187242,4110.29638671875,1
2026-08-15T18:06:34Z,NVIDIA H200 NVL,full,uniform_0_1,gemv,raw_fp32,32,8,23,fp32,natural,scalar,1,32,1,1,1,none,raw,natural/scalar/x1/raw,16384,1024,1024,67174400,67174400,0,1024,256,10,2,412,14.058208465576172,0.034121865207709157,4110.29638671875,1
2026-08-15T18:06:34Z,NVIDIA H200 NVL,full,uniform_0_1,gemv,raw_fp32,32,8,23,fp32,natural,scalar,1,32,1,1,1,none,raw,natural/scalar/x1/raw,16384,1024,1024,67174400,67174400,0,1024,256,10,3,412,14.05951976776123,0.034125047980002987,4110.29638671875,1
2026-08-15T18:06:34Z,NVIDIA H200 NVL,full,uniform_0_1,gemv,raw_fp32,32,8,23,fp32,natural,scalar,1,32,1,1,1,none,raw,natural/scalar/x1/raw,16384,1024,1024,67174400,67174400,0,1024,256,10,4,412,14.062239646911621,0.034131649628426262,4110.29638671875,1
2026-08-15T18:06:34Z,NVIDIA H200 NVL,full,uniform_0_1,gemv,raw_fp32,32,8,23,fp32,natural,scalar,1,32,1,1,1,none,raw,natural/scalar/x1/raw,65536,1024,1024,268697600,268697600,0,1024,256,10,0,123,14.912351608276367,0.12123863096159648,16361.3291015625,1
2026-08-15T18:06:34Z,NVIDIA H200 NVL,full,uniform_0_1,gemv,raw_fp32,32,8,23,fp32,natural,scalar,1,32,1,1,1,none,raw,natural/scalar/x1/raw,65536,1024,1024,268697600,268697600,0,1024,256,10,1,123,14.905440330505371,0.12118244171142578,16361.3291015625,1
2026-08-15T18:06:34Z,NVIDIA H200 NVL,full,uniform_0_1,gemv,raw_fp32,32,8,23,fp32,natural,scalar,1,32,1,1,1,none,raw,natural/scalar/x1/raw,65536,1024,1024,268697600,268697600,0,1024,256,10,2,123,14.898847579956055,0.12112884211346386,16361.3291015625,1
2026-08-15T18:06:34Z,NVIDIA H200 NVL,full,uniform_0_1,gemv,raw_fp32,32,8,23,fp32,natural,scalar,1,32,1,1,1,none,raw,natural/scalar/x1/raw,65536,1024,1024,268697600,268697600,0,1024,256,10,3,123,14.90617561340332,0.12118841962116521,16361.3291015625,1
2026-08-15T18:06:34Z,NVIDIA H200 NVL,full,uniform_0_1,gemv,raw_fp32,32,8,23,fp32,natural,scalar,1,32,1,1,1,none,raw,natural/scalar/x1/raw,65536,1024,1024,268697600,268697600,0,1024,256,10,4,123,14.901535987854004,0.12115069908824394,16361.3291015625,1
2026-08-15T18:06:34Z,NVIDIA H200 NVL,full,uniform_0_1,dot,raw_fp32,32,8,23,fp32,natural,thread_packet,2,64,1,1,2,none,raw,natural/thread_packet/x2/raw,4096,0,1,32768,32768,0,8,256,10,0,2093,10.097567558288574,0.0048244469939266958,1019.6925048828125,1
2026-08-15T18:06:34Z,NVIDIA H200 NVL,full,uniform_0_1,dot,raw_fp32,32,8,23,fp32,natural,thread_packet,2,64,1,1,2,none,raw,natural/thread_packet/x2/raw,4096,0,1,32768,32768,0,8,256,10,1,2093,10.097663879394531,0.004824493014521993,1019.6925048828125,1
2026-08-15T18:06:34Z,NVIDIA H200 NVL,full,uniform_0_1,dot,raw_fp32,32,8,23,fp32,natural,thread_packet,2,64,1,1,2,none,raw,natural/thread_packet/x2/raw,4096,0,1,32768,32768,0,8,256,10,2,2093,10.098560333251953,0.004824921325012878,1019.6925048828125,1
2026-08-15T18:06:34Z,NVIDIA H200 NVL,full,uniform_0_1,dot,raw_fp32,32,8,23,fp32,natural,thread_packet,2,64,1,1,2,none,raw,natural/thread_packet/x2/raw,4096,0,1,32768,32768,0,8,256,10,3,2093,10.096256256103516,0.004823820475921412,1019.6925048828125,1
2026-08-15T18:06:34Z,NVIDIA H200 NVL,full,uniform_0_1,dot,raw_fp32,32,8,23,fp32,natural,thread_packet,2,64,1,1,2,none,raw,natural/thread_packet/x2/raw,4096,0,1,32768,32768,0,8,256,10,4,2093,10.097311973571777,0.0048243248798718478,1019.6925048828125,1
2026-08-15T18:06:34Z,NVIDIA H200 NVL,full,uniform_0_1,dot,raw_fp32,32,8,23,fp32,natural,thread_packet,2,64,1,1,2,none,raw,natural/thread_packet/x2/raw,65536,0,1,524288,524288,0,128,256,10,0,2056,10.194496154785156,0.004958412526646477,16361.3291015625,1
2026-08-15T18:06:34Z,NVIDIA H200 NVL,full,uniform_0_1,dot,raw_fp32,32,8,23,fp32,natural,thread_packet,2,64,1,1,2,none,raw,natural/thread_packet/x2/raw,65536,0,1,524288,524288,0,128,256,10,1,2056,10.197695732116699,0.0049599687413018961,16361.3291015625,1
2026-08-15T18:06:34Z,NVIDIA H200 NVL,full,uniform_0_1,dot,raw_fp32,32,8,23,fp32,natural,thread_packet,2,64,1,1,2,none,raw,natural/thread_packet/x2/raw,65536,0,1,524288,524288,0,128,256,10,2,2056,10.196415901184082,0.0049593462554397283,16361.3291015625,1
2026-08-15T18:06:34Z,NVIDIA H200 NVL,full,uniform_0_1,dot,raw_fp32,32,8,23,fp32,natural,thread_packet,2,64,1,1,2,none,raw,natural/thread_packet/x2/raw,65536,0,1,524288,524288,0,128,256,10,3,2056,10.193280220031738,0.0049578211186924797,16361.3291015625,1
2026-08-15T18:06:34Z,NVIDIA H200 NVL,full,uniform_0_1,dot,raw_fp32,32,8,23,fp32,natural,thread_packet,2,64,1,1,2,none,raw,natural/thread_packet/x2/raw,65536,0,1,524288,524288,0,128,256,10,4,2056,10.199040412902832,0.0049606227689216109,16361.3291015625,1
2026-08-15T18:06:34Z,NVIDIA H200 NVL,full,uniform_0_1,dot,raw_fp32,32,8,23,fp32,natural,thread_packet,2,64,1,1,2,none,raw,natural/thread_packet/x2/raw,1048576,0,1,8388608,8388608,0,512,256,10,0,1681,11.051775932312012,0.0065745246474194002,261997.40625,1
2026-08-15T18:06:34Z,NVIDIA H200 NVL,full,uniform_0_1,dot,raw_fp32,32,8,23,fp32,natural,thread_packet,2,64,1,1,2,none,raw,natural/thread_packet/x2/raw,1048576,0,1,8388608,8388608,0,512,256,10,1,1681,11.051520347595215,0.0065743726041613409,261997.40625,1
2026-08-15T18:06:34Z,NVIDIA H200 NVL,full,uniform_0_1,dot,raw_fp32,32,8,23,fp32,natural,thread_packet,2,64,1,1,2,none,raw,natural/thread_packet/x2/raw,1048576,0,1,8388608,8388608,0,512,256,10,2,1681,11.054240226745605,0.0065759906167433702,261997.40625,1
2026-08-15T18:06:34Z,NVIDIA H200 NVL,full,uniform_0_1,dot,raw_fp32,32,8,23,fp32,natural,thread_packet,2,64,1,1,2,none,raw,natural/thread_packet/x2/raw,1048576,0,1,8388608,8388608,0,512,256,10,3,1681,11.052576065063477,0.0065750006335892185,261997.40625,1
2026-08-15T18:06:34Z,NVIDIA H200 NVL,full,uniform_0_1,dot,raw_fp32,32,8,23,fp32,natural,thread_packet,2,64,1,1,2,none,raw,natural/thread_packet/x2/raw,1048576,0,1,8388608,8388608,0,512,256,10,4,1681,11.061823844909668,0.0065805019898332352,261997.40625,1
2026-08-15T18:06:34Z,NVIDIA H200 NVL,full,uniform_0_1,dot,raw_fp32,32,8,23,fp32,natural,thread_packet,2,64,1,1,2,none,raw,natural/thread_packet/x2/raw,16777216,0,1,134217728,134217728,0,512,256,10,0,323,14.688863754272461,0.045476358372360561,4194144.75,1
2026-08-15T18:06:34Z,NVIDIA H200 NVL,full,uniform_0_1,dot,raw_fp32,32,8,23,fp32,natural,thread_packet,2,64,1,1,2,none,raw,natural/thread_packet/x2/raw,16777216,0,1,134217728,134217728,0,512,256,10,1,323,14.667167663574219,0.045409187812923281,4194144.75,1
2026-08-15T18:06:34Z,NVIDIA H200 NVL,full,uniform_0_1,dot,raw_fp32,32,8,23,fp32,natural,thread_packet,2,64,1,1,2,none,raw,natural/thread_packet/x2/raw,16777216,0,1,134217728,134217728,0,512,256,10,2,323,14.661824226379395,0.045392644663713295,4194144.75,1
2026-08-15T18:06:34Z,NVIDIA H200 NVL,full,uniform_0_1,dot,raw_fp32,32,8,23,fp32,natural,thread_packet,2,64,1,1,2,none,raw,natural/thread_packet/x2/raw,16777216,0,1,134217728,134217728,0,512,256,10,3,323,14.666815757751465,0.045408098321211968,4194144.75,1
2026-08-15T18:06:34Z,NVIDIA H200 NVL,full,uniform_0_1,dot,raw_fp32,32,8,23,fp32,natural,thread_packet,2,64,1,1,2,none,raw,natural/thread_packet/x2/raw,16777216,0,1,134217728,134217728,0,512,256,10,4,323,14.660863876342773,0.045389671443785674,4194144.75,1
2026-08-15T18:06:34Z,NVIDIA H200 NVL,full,uniform_0_1,dot,raw_fp32,32,8,23,fp32,natural,thread_packet,2,64,1,1,2,none,raw,natural/thread_packet/x2/raw,134217728,0,1,1073741824,1073741824,0,512,256,10,0,49,15.022944450378418,0.30659070306894731,33555792,1
2026-08-15T18:06:34Z,NVIDIA H200 NVL,full,uniform_0_1,dot,raw_fp32,32,8,23,fp32,natural,thread_packet,2,64,1,1,2,none,raw,natural/thread_packet/x2/raw,134217728,0,1,1073741824,1073741824,0,512,256,10,1,49,15.015071868896484,0.3064300381407446,33555792,1
2026-08-15T18:06:34Z,NVIDIA H200 NVL,full,uniform_0_1,dot,raw_fp32,32,8,23,fp32,natural,thread_packet,2,64,1,1,2,none,raw,natural/thread_packet/x2/raw,134217728,0,1,1073741824,1073741824,0,512,256,10,2,49,15.020416259765625,0.30653910734215561,33555792,1
2026-08-15T18:06:34Z,NVIDIA H200 NVL,full,uniform_0_1,dot,raw_fp32,32,8,23,fp32,natural,thread_packet,2,64,1,1,2,none,raw,natural/thread_packet/x2/raw,134217728,0,1,1073741824,1073741824,0,512,256,10,3,49,15.011808395385742,0.30636343664052534,33555792,1
2026-08-15T18:06:34Z,NVIDIA H200 NVL,full,uniform_0_1,dot,raw_fp32,32,8,23,fp32,natural,thread_packet,2,64,1,1,2,none,raw,natural/thread_packet/x2/raw,134217728,0,1,1073741824,1073741824,0,512,256,10,4,49,15.026687622070312,0.30666709432796557,33555792,1
2026-08-15T18:06:34Z,NVIDIA H200 NVL,full,uniform_0_1,gemv,raw_fp32,32,8,23,fp32,natural,thread_packet,2,64,1,1,2,none,raw,natural/thread_packet/x2/raw,256,1024,1024,1049600,1049600,0,1024,256,10,0,2548,9.381312370300293,0.0036818337403062376,62.262413024902344,1
2026-08-15T18:06:34Z,NVIDIA H200 NVL,full,uniform_0_1,gemv,raw_fp32,32,8,23,fp32,natural,thread_packet,2,64,1,1,2,none,raw,natural/thread_packet/x2/raw,256,1024,1024,1049600,1049600,0,1024,256,10,1,2548,9.3736963272094727,0.0036788447124056016,62.262413024902344,1
2026-08-15T18:06:34Z,NVIDIA H200 NVL,full,uniform_0_1,gemv,raw_fp32,32,8,23,fp32,natural,thread_packet,2,64,1,1,2,none,raw,natural/thread_packet/x2/raw,256,1024,1024,1049600,1049600,0,1024,256,10,2,2548,9.3910083770751953,0.0036856390804847704,62.262413024902344,1
2026-08-15T18:06:34Z,NVIDIA H200 NVL,full,uniform_0_1,gemv,raw_fp32,32,8,23,fp32,natural,thread_packet,2,64,1,1,2,none,raw,natural/thread_packet/x2/raw,256,1024,1024,1049600,1049600,0,1024,256,10,3,2548,9.3820161819458008,0.0036821099615171903,62.262413024902344,1
2026-08-15T18:06:34Z,NVIDIA H200 NVL,full,uniform_0_1,gemv,raw_fp32,32,8,23,fp32,natural,thread_packet,2,64,1,1,2,none,raw,natural/thread_packet/x2/raw,256,1024,1024,1049600,1049600,0,1024,256,10,4,2548,9.3779840469360352,0.0036805274909482086,62.262413024902344,1
2026-08-15T18:06:34Z,NVIDIA H200 NVL,full,uniform_0_1,gemv,raw_fp32,32,8,23,fp32,natural,thread_packet,2,64,1,1,2,none,raw,natural/thread_packet/x2/raw,1024,1024,1024,4198400,4198400,0,1024,256,10,0,2333,9.8288955688476562,0.0042129856703161835,248.53376770019531,1
2026-08-15T18:06:34Z,NVIDIA H200 NVL,full,uniform_0_1,gemv,raw_fp32,32,8,23,fp32,natural,thread_packet,2,64,1,1,2,none,raw,natural/thread_packet/x2/raw,1024,1024,1024,4198400,4198400,0,1024,256,10,1,2333,9.8212156295776367,0.0042096937975043451,248.53376770019531,1
2026-08-15T18:06:34Z,NVIDIA H200 NVL,full,uniform_0_1,gemv,raw_fp32,32,8,23,fp32,natural,thread_packet,2,64,1,1,2,none,raw,natural/thread_packet/x2/raw,1024,1024,1024,4198400,4198400,0,1024,256,10,2,2333,9.833439826965332,0.0042149334877691095,248.53376770019531,1
2026-08-15T18:06:34Z,NVIDIA H200 NVL,full,uniform_0_1,gemv,raw_fp32,32,8,23,fp32,natural,thread_packet,2,64,1,1,2,none,raw,natural/thread_packet/x2/raw,1024,1024,1024,4198400,4198400,0,1024,256,10,3,2333,9.8427839279174805,0.0042189386746324395,248.53376770019531,1
2026-08-15T18:06:34Z,NVIDIA H200 NVL,full,uniform_0_1,gemv,raw_fp32,32,8,23,fp32,natural,thread_packet,2,64,1,1,2,none,raw,natural/thread_packet/x2/raw,1024,1024,1024,4198400,4198400,0,1024,256,10,4,2333,9.8442239761352539,0.0042195559263331567,248.53376770019531,1
2026-08-15T18:06:34Z,NVIDIA H200 NVL,full,uniform_0_1,gemv,raw_fp32,32,8,23,fp32,natural,thread_packet,2,64,1,1,2,none,raw,natural/thread_packet/x2/raw,4096,1024,1024,16793600,16793600,0,1024,256,10,0,1790,11.34937572479248,0.0063404333658058547,1019.6925048828125,1
2026-08-15T18:06:34Z,NVIDIA H200 NVL,full,uniform_0_1,gemv,raw_fp32,32,8,23,fp32,natural,thread_packet,2,64,1,1,2,none,raw,natural/thread_packet/x2/raw,4096,1024,1024,16793600,16793600,0,1024,256,10,1,1790,11.338496208190918,0.0063343554235703453,1019.6925048828125,1
2026-08-15T18:06:34Z,NVIDIA H200 NVL,full,uniform_0_1,gemv,raw_fp32,32,8,23,fp32,natural,thread_packet,2,64,1,1,2,none,raw,natural/thread_packet/x2/raw,4096,1024,1024,16793600,16793600,0,1024,256,10,2,1790,11.338944435119629,0.00633460582967577,1019.6925048828125,1
2026-08-15T18:06:34Z,NVIDIA H200 NVL,full,uniform_0_1,gemv,raw_fp32,32,8,23,fp32,natural,thread_packet,2,64,1,1,2,none,raw,natural/thread_packet/x2/raw,4096,1024,1024,16793600,16793600,0,1024,256,10,3,1790,11.335776329040527,0.0063328359380114682,1019.6925048828125,1
2026-08-15T18:06:34Z,NVIDIA H200 NVL,full,uniform_0_1,gemv,raw_fp32,32,8,23,fp32,natural,thread_packet,2,64,1,1,2,none,raw,natural/thread_packet/x2/raw,4096,1024,1024,16793600,16793600,0,1024,256,10,4,1790,11.347743988037109,0.0063395217810263181,1019.6925048828125,1
2026-08-15T18:06:34Z,NVIDIA H200 NVL,full,uniform_0_1,gemv,raw_fp32,32,8,23,fp32,natural,thread_packet,2,64,1,1,2,none,raw,natural/thread_packet/x2/raw,16384,1024,1024,67174400,67174400,0,1024,256,10,0,581,13.749792098999023,0.023665735110153224,4110.29638671875,1
2026-08-15T18:06:34Z,NVIDIA H200 NVL,full,uniform_0_1,gemv,raw_fp32,32,8,23,fp32,natural,thread_packet,2,64,1,1,2,none,raw,natural/thread_packet/x2/raw,16384,1024,1024,67174400,67174400,0,1024,256,10,1,581,13.730015754699707,0.023631696651806724,4110.29638671875,1
2026-08-15T18:06:34Z,NVIDIA H200 NVL,full,uniform_0_1,gemv,raw_fp32,32,8,23,fp32,natural,thread_packet,2,64,1,1,2,none,raw,natural/thread_packet/x2/raw,16384,1024,1024,67174400,67174400,0,1024,256,10,2,581,13.733407974243164,0.023637535239661212,4110.29638671875,1
2026-08-15T18:06:34Z,NVIDIA H200 NVL,full,uniform_0_1,gemv,raw_fp32,32,8,23,fp32,natural,thread_packet,2,64,1,1,2,none,raw,natural/thread_packet/x2/raw,16384,1024,1024,67174400,67174400,0,1024,256,10,3,581,13.736415863037109,0.023642712328807419,4110.29638671875,1
2026-08-15T18:06:34Z,NVIDIA H200 NVL,full,uniform_0_1,gemv,raw_fp32,32,8,23,fp32,natural,thread_packet,2,64,1,1,2,none,raw,natural/thread_packet/x2/raw,16384,1024,1024,67174400,67174400,0,1024,256,10,4,581,13.733983993530273,0.023638526667005635,4110.29638671875,1
2026-08-15T18:06:34Z,NVIDIA H200 NVL,full,uniform_0_1,gemv,raw_fp32,32,8,23,fp32,natural,thread_packet,2,64,1,1,2,none,raw,natural/thread_packet/x2/raw,65536,1024,1024,268697600,268697600,0,1024,256,10,0,183,14.767071723937988,0.080694381005125618,16361.3291015625,1
2026-08-15T18:06:34Z,NVIDIA H200 NVL,full,uniform_0_1,gemv,raw_fp32,32,8,23,fp32,natural,thread_packet,2,64,1,1,2,none,raw,natural/thread_packet/x2/raw,65536,1024,1024,268697600,268697600,0,1024,256,10,1,183,14.764096260070801,0.080678121639731148,16361.3291015625,1
2026-08-15T18:06:34Z,NVIDIA H200 NVL,full,uniform_0_1,gemv,raw_fp32,32,8,23,fp32,natural,thread_packet,2,64,1,1,2,none,raw,natural/thread_packet/x2/raw,65536,1024,1024,268697600,268697600,0,1024,256,10,2,183,14.768927574157715,0.080704522263156914,16361.3291015625,1
2026-08-15T18:06:34Z,NVIDIA H200 NVL,full,uniform_0_1,gemv,raw_fp32,32,8,23,fp32,natural,thread_packet,2,64,1,1,2,none,raw,natural/thread_packet/x2/raw,65536,1024,1024,268697600,268697600,0,1024,256,10,3,183,14.762335777282715,0.08066850151520609,16361.3291015625,1
2026-08-15T18:06:34Z,NVIDIA H200 NVL,full,uniform_0_1,gemv,raw_fp32,32,8,23,fp32,natural,thread_packet,2,64,1,1,2,none,raw,natural/thread_packet/x2/raw,65536,1024,1024,268697600,268697600,0,1024,256,10,4,183,14.758720397949219,0.080648745343984807,16361.3291015625,1
2026-08-15T18:06:34Z,NVIDIA H200 NVL,full,uniform_0_1,dot,raw_fp32,32,8,23,fp32,natural,thread_packet,4,128,1,1,4,none,raw,natural/thread_packet/x4/raw,4096,0,1,32768,32768,0,4,256,10,0,2151,10.643232345581055,0.0049480392122645536,1019.6925048828125,1
2026-08-15T18:06:34Z,NVIDIA H200 NVL,full,uniform_0_1,dot,raw_fp32,32,8,23,fp32,natural,thread_packet,4,128,1,1,4,none,raw,natural/thread_packet/x4/raw,4096,0,1,32768,32768,0,4,256,10,1,2151,10.653504371643066,0.0049528146776583295,1019.6925048828125,1
2026-08-15T18:06:34Z,NVIDIA H200 NVL,full,uniform_0_1,dot,raw_fp32,32,8,23,fp32,natural,thread_packet,4,128,1,1,4,none,raw,natural/thread_packet/x4/raw,4096,0,1,32768,32768,0,4,256,10,2,2151,10.648351669311523,0.0049504191861048461,1019.6925048828125,1
2026-08-15T18:06:34Z,NVIDIA H200 NVL,full,uniform_0_1,dot,raw_fp32,32,8,23,fp32,natural,thread_packet,4,128,1,1,4,none,raw,natural/thread_packet/x4/raw,4096,0,1,32768,32768,0,4,256,10,3,2151,10.63871955871582,0.0049459412174411065,1019.6925048828125,1
2026-08-15T18:06:34Z,NVIDIA H200 NVL,full,uniform_0_1,dot,raw_fp32,32,8,23,fp32,natural,thread_packet,4,128,1,1,4,none,raw,natural/thread_packet/x4/raw,4096,0,1,32768,32768,0,4,256,10,4,2151,10.638463973999023,0.0049458223960943855,1019.6925048828125,1
2026-08-15T18:06:34Z,NVIDIA H200 NVL,full,uniform_0_1,dot,raw_fp32,32,8,23,fp32,natural,thread_packet,4,128,1,1,4,none,raw,natural/thread_packet/x4/raw,65536,0,1,524288,524288,0,64,256,10,0,2103,10.904831886291504,0.0051853694181129353,16361.330078125,1
2026-08-15T18:06:34Z,NVIDIA H200 NVL,full,uniform_0_1,dot,raw_fp32,32,8,23,fp32,natural,thread_packet,4,128,1,1,4,none,raw,natural/thread_packet/x4/raw,65536,0,1,524288,524288,0,64,256,10,1,2103,10.90668773651123,0.0051862518956306376,16361.330078125,1
2026-08-15T18:06:34Z,NVIDIA H200 NVL,full,uniform_0_1,dot,raw_fp32,32,8,23,fp32,natural,thread_packet,4,128,1,1,4,none,raw,natural/thread_packet/x4/raw,65536,0,1,524288,524288,0,64,256,10,2,2103,10.904831886291504,0.0051853694181129353,16361.330078125,1
2026-08-15T18:06:34Z,NVIDIA H200 NVL,full,uniform_0_1,dot,raw_fp32,32,8,23,fp32,natural,thread_packet,4,128,1,1,4,none,raw,natural/thread_packet/x4/raw,65536,0,1,524288,524288,0,64,256,10,3,2103,10.907039642333984,0.0051864192307817325,16361.330078125,1
2026-08-15T18:06:34Z,NVIDIA H200 NVL,full,uniform_0_1,dot,raw_fp32,32,8,23,fp32,natural,thread_packet,4,128,1,1,4,none,raw,natural/thread_packet/x4/raw,65536,0,1,524288,524288,0,64,256,10,4,2103,10.905664443969727,0.0051857653085923567,16361.330078125,1
2026-08-15T18:06:34Z,NVIDIA H200 NVL,full,uniform_0_1,dot,raw_fp32,32,8,23,fp32,natural,thread_packet,4,128,1,1,4,none,raw,natural/thread_packet/x4/raw,1048576,0,1,8388608,8388608,0,512,256,10,0,1693,11.699423789978027,0.0069104688659055091,261997.40625,1
2026-08-15T18:06:34Z,NVIDIA H200 NVL,full,uniform_0_1,dot,raw_fp32,32,8,23,fp32,natural,thread_packet,4,128,1,1,4,none,raw,natural/thread_packet/x4/raw,1048576,0,1,8388608,8388608,0,512,256,10,1,1693,11.703007698059082,0.0069125857637679158,261997.40625,1
2026-08-15T18:06:34Z,NVIDIA H200 NVL,full,uniform_0_1,dot,raw_fp32,32,8,23,fp32,natural,thread_packet,4,128,1,1,4,none,raw,natural/thread_packet/x4/raw,1048576,0,1,8388608,8388608,0,512,256,10,2,1693,11.707648277282715,0.0069153268028840607,261997.40625,1
2026-08-15T18:06:34Z,NVIDIA H200 NVL,full,uniform_0_1,dot,raw_fp32,32,8,23,fp32,natural,thread_packet,4,128,1,1,4,none,raw,natural/thread_packet/x4/raw,1048576,0,1,8388608,8388608,0,512,256,10,3,1693,11.71504020690918,0.0069196929751383224,261997.40625,1
2026-08-15T18:06:34Z,NVIDIA H200 NVL,full,uniform_0_1,dot,raw_fp32,32,8,23,fp32,natural,thread_packet,4,128,1,1,4,none,raw,natural/thread_packet/x4/raw,1048576,0,1,8388608,8388608,0,512,256,10,4,1693,11.721471786499023,0.0069234918998812896,261997.40625,1
2026-08-15T18:06:34Z,NVIDIA H200 NVL,full,uniform_0_1,dot,raw_fp32,32,8,23,fp32,natural,thread_packet,4,128,1,1,4,none,raw,natural/thread_packet/x4/raw,16777216,0,1,134217728,134217728,0,512,256,10,0,390,14.947168350219727,0.038326072692871097,4194144.75,1
2026-08-15T18:06:34Z,NVIDIA H200 NVL,full,uniform_0_1,dot,raw_fp32,32,8,23,fp32,natural,thread_packet,4,128,1,1,4,none,raw,natural/thread_packet/x4/raw,16777216,0,1,134217728,134217728,0,512,256,10,1,390,14.908543586730957,0.038227034837771685,4194144.75,1
2026-08-15T18:06:34Z,NVIDIA H200 NVL,full,uniform_0_1,dot,raw_fp32,32,8,23,fp32,natural,thread_packet,4,128,1,1,4,none,raw,natural/thread_packet/x4/raw,16777216,0,1,134217728,134217728,0,512,256,10,2,390,14.918720245361328,0.038253128834259818,4194144.75,1
2026-08-15T18:06:34Z,NVIDIA H200 NVL,full,uniform_0_1,dot,raw_fp32,32,8,23,fp32,natural,thread_packet,4,128,1,1,4,none,raw,natural/thread_packet/x4/raw,16777216,0,1,134217728,134217728,0,512,256,10,3,390,14.890496253967285,0.038180759625557142,4194144.75,1
2026-08-15T18:06:34Z,NVIDIA H200 NVL,full,uniform_0_1,dot,raw_fp32,32,8,23,fp32,natural,thread_packet,4,128,1,1,4,none,raw,natural/thread_packet/x4/raw,16777216,0,1,134217728,134217728,0,512,256,10,4,390,14.896032333374023,0.038194954700959037,4194144.75,1
2026-08-15T18:06:34Z,NVIDIA H200 NVL,full,uniform_0_1,dot,raw_fp32,32,8,23,fp32,natural,thread_packet,4,128,1,1,4,none,raw,natural/thread_packet/x4/raw,134217728,0,1,1073741824,1073741824,0,512,256,10,0,60,15.158304214477539,0.25263840357462564,33555792,1
2026-08-15T18:06:34Z,NVIDIA H200 NVL,full,uniform_0_1,dot,raw_fp32,32,8,23,fp32,natural,thread_packet,4,128,1,1,4,none,raw,natural/thread_packet/x4/raw,134217728,0,1,1073741824,1073741824,0,512,256,10,1,60,15.150367736816406,0.25250612894694008,33555792,1
2026-08-15T18:06:34Z,NVIDIA H200 NVL,full,uniform_0_1,dot,raw_fp32,32,8,23,fp32,natural,thread_packet,4,128,1,1,4,none,raw,natural/thread_packet/x4/raw,134217728,0,1,1073741824,1073741824,0,512,256,10,2,60,15.136256217956543,0.25227093696594238,33555792,1
2026-08-15T18:06:34Z,NVIDIA H200 NVL,full,uniform_0_1,dot,raw_fp32,32,8,23,fp32,natural,thread_packet,4,128,1,1,4,none,raw,natural/thread_packet/x4/raw,134217728,0,1,1073741824,1073741824,0,512,256,10,3,60,15.151968002319336,0.25253280003865558,33555792,1
2026-08-15T18:06:34Z,NVIDIA H200 NVL,full,uniform_0_1,dot,raw_fp32,32,8,23,fp32,natural,thread_packet,4,128,1,1,4,none,raw,natural/thread_packet/x4/raw,134217728,0,1,1073741824,1073741824,0,512,256,10,4,60,15.149344444274902,0.25248907407124838,33555792,1
2026-08-15T18:06:34Z,NVIDIA H200 NVL,full,uniform_0_1,gemv,raw_fp32,32,8,23,fp32,natural,thread_packet,4,128,1,1,4,none,raw,natural/thread_packet/x4/raw,256,1024,1024,1049600,1049600,0,1024,256,10,0,2521,9.685664176940918,0.0038419929301629981,62.262413024902344,1
2026-08-15T18:06:34Z,NVIDIA H200 NVL,full,uniform_0_1,gemv,raw_fp32,32,8,23,fp32,natural,thread_packet,4,128,1,1,4,none,raw,natural/thread_packet/x4/raw,256,1024,1024,1049600,1049600,0,1024,256,10,1,2521,9.6950397491455078,0.0038457119195341167,62.262413024902344,1
2026-08-15T18:06:34Z,NVIDIA H200 NVL,full,uniform_0_1,gemv,raw_fp32,32,8,23,fp32,natural,thread_packet,4,128,1,1,4,none,raw,natural/thread_packet/x4/raw,256,1024,1024,1049600,1049600,0,1024,256,10,2,2521,9.6936635971069336,0.0038451660440725639,62.262413024902344,1
2026-08-15T18:06:34Z,NVIDIA H200 NVL,full,uniform_0_1,gemv,raw_fp32,32,8,23,fp32,natural,thread_packet,4,128,1,1,4,none,raw,natural/thread_packet/x4/raw,256,1024,1024,1049600,1049600,0,1024,256,10,3,2521,9.6946239471435547,0.0038455469841902241,62.262413024902344,1
2026-08-15T18:06:34Z,NVIDIA H200 NVL,full,uniform_0_1,gemv,raw_fp32,32,8,23,fp32,natural,thread_packet,4,128,1,1,4,none,raw,natural/thread_packet/x4/raw,256,1024,1024,1049600,1049600,0,1024,256,10,4,2521,9.6957120895385742,0.0038459786154456861,62.262413024902344,1
2026-08-15T18:06:34Z,NVIDIA H200 NVL,full,uniform_0_1,gemv,raw_fp32,32,8,23,fp32,natural,thread_packet,4,128,1,1,4,none,raw,natural/thread_packet/x4/raw,1024,1024,1024,4198400,4198400,0,1024,256,10,0,2201,10.575072288513184,0.0048046671006420644,248.53378295898438,1
2026-08-15T18:06:34Z,NVIDIA H200 NVL,full,uniform_0_1,gemv,raw_fp32,32,8,23,fp32,natural,thread_packet,4,128,1,1,4,none,raw,natural/thread_packet/x4/raw,1024,1024,1024,4198400,4198400,0,1024,256,10,1,2201,10.56281566619873,0.0047990984398903818,248.53378295898438,1
2026-08-15T18:06:34Z,NVIDIA H200 NVL,full,uniform_0_1,gemv,raw_fp32,32,8,23,fp32,natural,thread_packet,4,128,1,1,4,none,raw,natural/thread_packet/x4/raw,1024,1024,1024,4198400,4198400,0,1024,256,10,2,2201,10.575872421264648,0.0048050306321057012,248.53378295898438,1
2026-08-15T18:06:34Z,NVIDIA H200 NVL,full,uniform_0_1,gemv,raw_fp32,32,8,23,fp32,natural,thread_packet,4,128,1,1,4,none,raw,natural/thread_packet/x4/raw,1024,1024,1024,4198400,4198400,0,1024,256,10,3,2201,10.577983856201172,0.0048059899392099825,248.53378295898438,1
2026-08-15T18:06:34Z,NVIDIA H200 NVL,full,uniform_0_1,gemv,raw_fp32,32,8,23,fp32,natural,thread_packet,4,128,1,1,4,none,raw,natural/thread_packet/x4/raw,1024,1024,1024,4198400,4198400,0,1024,256,10,4,2201,10.576512336730957,0.0048053213706183359,248.53378295898438,1
2026-08-15T18:06:34Z,NVIDIA H200 NVL,full,uniform_0_1,gemv,raw_fp32,32,8,23,fp32,natural,thread_packet,4,128,1,1,4,none,raw,natural/thread_packet/x4/raw,4096,1024,1024,16793600,16793600,0,1024,256,10,0,1434,11.795552253723145,0.0082256291866967535,1019.6925048828125,1
2026-08-15T18:06:34Z,NVIDIA H200 NVL,full,uniform_0_1,gemv,raw_fp32,32,8,23,fp32,natural,thread_packet,4,128,1,1,4,none,raw,natural/thread_packet/x4/raw,4096,1024,1024,16793600,16793600,0,1024,256,10,1,1434,11.786591529846191,0.0082193804252762848,1019.6925048828125,1
2026-08-15T18:06:34Z,NVIDIA H200 NVL,full,uniform_0_1,gemv,raw_fp32,32,8,23,fp32,natural,thread_packet,4,128,1,1,4,none,raw,natural/thread_packet/x4/raw,4096,1024,1024,16793600,16793600,0,1024,256,10,2,1434,11.784192085266113,0.0082177071724310411,1019.6925048828125,1
2026-08-15T18:06:34Z,NVIDIA H200 NVL,full,uniform_0_1,gemv,raw_fp32,32,8,23,fp32,natural,thread_packet,4,128,1,1,4,none,raw,natural/thread_packet/x4/raw,4096,1024,1024,16793600,16793600,0,1024,256,10,3,1434,11.785632133483887,0.008218711390156128,1019.6925048828125,1
2026-08-15T18:06:34Z,NVIDIA H200 NVL,full,uniform_0_1,gemv,raw_fp32,32,8,23,fp32,natural,thread_packet,4,128,1,1,4,none,raw,natural/thread_packet/x4/raw,4096,1024,1024,16793600,16793600,0,1024,256,10,4,1434,11.789248466491699,0.0082212332402313102,1019.6925048828125,1
2026-08-15T18:06:34Z,NVIDIA H200 NVL,full,uniform_0_1,gemv,raw_fp32,32,8,23,fp32,natural,thread_packet,4,128,1,1,4,none,raw,natural/thread_packet/x4/raw,16384,1024,1024,67174400,67174400,0,1024,256,10,0,608,14.203328132629395,0.023360737060245714,4110.29638671875,1
2026-08-15T18:06:34Z,NVIDIA H200 NVL,full,uniform_0_1,gemv,raw_fp32,32,8,23,fp32,natural,thread_packet,4,128,1,1,4,none,raw,natural/thread_packet/x4/raw,16384,1024,1024,67174400,67174400,0,1024,256,10,1,608,14.158944129943848,0.023287737055828695,4110.29638671875,1
2026-08-15T18:06:34Z,NVIDIA H200 NVL,full,uniform_0_1,gemv,raw_fp32,32,8,23,fp32,natural,thread_packet,4,128,1,1,4,none,raw,natural/thread_packet/x4/raw,16384,1024,1024,67174400,67174400,0,1024,256,10,2,608,14.151583671569824,0.023275631038766158,4110.29638671875,1
2026-08-15T18:06:34Z,NVIDIA H200 NVL,full,uniform_0_1,gemv,raw_fp32,32,8,23,fp32,natural,thread_packet,4,128,1,1,4,none,raw,natural/thread_packet/x4/raw,16384,1024,1024,67174400,67174400,0,1024,256,10,3,608,14.162848472595215,0.023294158672031603,4110.29638671875,1
2026-08-15T18:06:34Z,NVIDIA H200 NVL,full,uniform_0_1,gemv,raw_fp32,32,8,23,fp32,natural,thread_packet,4,128,1,1,4,none,raw,natural/thread_packet/x4/raw,16384,1024,1024,67174400,67174400,0,1024,256,10,4,608,14.160863876342773,0.023290894533458509,4110.29638671875,1
2026-08-15T18:06:34Z,NVIDIA H200 NVL,full,uniform_0_1,gemv,raw_fp32,32,8,23,fp32,natural,thread_packet,4,128,1,1,4,none,raw,natural/thread_packet/x4/raw,65536,1024,1024,268697600,268697600,0,1024,256,10,0,186,14.81004810333252,0.079623914534045798,16361.3291015625,1
2026-08-15T18:06:34Z,NVIDIA H200 NVL,full,uniform_0_1,gemv,raw_fp32,32,8,23,fp32,natural,thread_packet,4,128,1,1,4,none,raw,natural/thread_packet/x4/raw,65536,1024,1024,268697600,268697600,0,1024,256,10,1,186,14.815903663635254,0.07965539604104975,16361.3291015625,1
2026-08-15T18:06:34Z,NVIDIA H200 NVL,full,uniform_0_1,gemv,raw_fp32,32,8,23,fp32,natural,thread_packet,4,128,1,1,4,none,raw,natural/thread_packet/x4/raw,65536,1024,1024,268697600,268697600,0,1024,256,10,2,186,14.80406379699707,0.079591740844070266,16361.3291015625,1
2026-08-15T18:06:34Z,NVIDIA H200 NVL,full,uniform_0_1,gemv,raw_fp32,32,8,23,fp32,natural,thread_packet,4,128,1,1,4,none,raw,natural/thread_packet/x4/raw,65536,1024,1024,268697600,268697600,0,1024,256,10,3,186,14.808511734008789,0.079615654483918219,16361.3291015625,1
2026-08-15T18:06:34Z,NVIDIA H200 NVL,full,uniform_0_1,gemv,raw_fp32,32,8,23,fp32,natural,thread_packet,4,128,1,1,4,none,raw,natural/thread_packet/x4/raw,65536,1024,1024,268697600,268697600,0,1024,256,10,4,186,14.787712097167969,0.079503828479397687,16361.3291015625,1
2026-08-15T18:06:34Z,NVIDIA H200 NVL,full,uniform_0_1,dot,raw_fp32,32,8,23,fp32,natural,thread_packet,8,128,1,1,8,none,raw,natural/thread_packet/x8/raw,4096,0,1,32768,32768,0,2,256,10,0,2047,11.088224411010742,0.0054168170058674853,1019.6924438476562,1
2026-08-15T18:06:34Z,NVIDIA H200 NVL,full,uniform_0_1,dot,raw_fp32,32,8,23,fp32,natural,thread_packet,8,128,1,1,8,none,raw,natural/thread_packet/x8/raw,4096,0,1,32768,32768,0,2,256,10,1,2047,11.099712371826172,0.0054224291020157165,1019.6924438476562,1
2026-08-15T18:06:34Z,NVIDIA H200 NVL,full,uniform_0_1,dot,raw_fp32,32,8,23,fp32,natural,thread_packet,8,128,1,1,8,none,raw,natural/thread_packet/x8/raw,4096,0,1,32768,32768,0,2,256,10,2,2047,11.091008186340332,0.0054181769351931272,1019.6924438476562,1
2026-08-15T18:06:34Z,NVIDIA H200 NVL,full,uniform_0_1,dot,raw_fp32,32,8,23,fp32,natural,thread_packet,8,128,1,1,8,none,raw,natural/thread_packet/x8/raw,4096,0,1,32768,32768,0,2,256,10,3,2047,11.089088439941406,0.0054172391010949717,1019.6924438476562,1
2026-08-15T18:06:34Z,NVIDIA H200 NVL,full,uniform_0_1,dot,raw_fp32,32,8,23,fp32,natural,thread_packet,8,128,1,1,8,none,raw,natural/thread_packet/x8/raw,4096,0,1,32768,32768,0,2,256,10,4,2047,11.084192276000977,0.0054148472281392163,1019.6924438476562,1
2026-08-15T18:06:34Z,NVIDIA H200 NVL,full,uniform_0_1,dot,raw_fp32,32,8,23,fp32,natural,thread_packet,8,128,1,1,8,none,raw,natural/thread_packet/x8/raw,65536,0,1,524288,524288,0,32,256,10,0,1987,11.012224197387695,0.005542135982580622,16361.3291015625,1
2026-08-15T18:06:34Z,NVIDIA H200 NVL,full,uniform_0_1,dot,raw_fp32,32,8,23,fp32,natural,thread_packet,8,128,1,1,8,none,raw,natural/thread_packet/x8/raw,65536,0,1,524288,524288,0,32,256,10,1,1987,11.015775680541992,0.0055439233419939567,16361.3291015625,1
2026-08-15T18:06:34Z,NVIDIA H200 NVL,full,uniform_0_1,dot,raw_fp32,32,8,23,fp32,natural,thread_packet,8,128,1,1,8,none,raw,natural/thread_packet/x8/raw,65536,0,1,524288,524288,0,32,256,10,2,1987,11.01318359375,0.0055426188191997983,16361.3291015625,1
2026-08-15T18:06:34Z,NVIDIA H200 NVL,full,uniform_0_1,dot,raw_fp32,32,8,23,fp32,natural,thread_packet,8,128,1,1,8,none,raw,natural/thread_packet/x8/raw,65536,0,1,524288,524288,0,32,256,10,3,1987,11.01471996307373,0.005543392029730111,16361.3291015625,1
2026-08-15T18:06:34Z,NVIDIA H200 NVL,full,uniform_0_1,dot,raw_fp32,32,8,23,fp32,natural,thread_packet,8,128,1,1,8,none,raw,natural/thread_packet/x8/raw,65536,0,1,524288,524288,0,32,256,10,4,1987,11.011072158813477,0.005541556194672107,16361.3291015625,1
2026-08-15T18:06:34Z,NVIDIA H200 NVL,full,uniform_0_1,dot,raw_fp32,32,8,23,fp32,natural,thread_packet,8,128,1,1,8,none,raw,natural/thread_packet/x8/raw,1048576,0,1,8388608,8388608,0,512,256,10,0,1475,11.999808311462402,0.0081354632620084088,261997.421875,1
2026-08-15T18:06:34Z,NVIDIA H200 NVL,full,uniform_0_1,dot,raw_fp32,32,8,23,fp32,natural,thread_packet,8,128,1,1,8,none,raw,natural/thread_packet/x8/raw,1048576,0,1,8388608,8388608,0,512,256,10,1,1475,11.996831893920898,0.008133445351810778,261997.421875,1
2026-08-15T18:06:34Z,NVIDIA H200 NVL,full,uniform_0_1,dot,raw_fp32,32,8,23,fp32,natural,thread_packet,8,128,1,1,8,none,raw,natural/thread_packet/x8/raw,1048576,0,1,8388608,8388608,0,512,256,10,2,1475,11.992480278015137,0.0081304951037390761,261997.421875,1
2026-08-15T18:06:34Z,NVIDIA H200 NVL,full,uniform_0_1,dot,raw_fp32,32,8,23,fp32,natural,thread_packet,8,128,1,1,8,none,raw,natural/thread_packet/x8/raw,1048576,0,1,8388608,8388608,0,512,256,10,3,1475,11.991007804870605,0.0081294968168614274,261997.421875,1
2026-08-15T18:06:34Z,NVIDIA H200 NVL,full,uniform_0_1,dot,raw_fp32,32,8,23,fp32,natural,thread_packet,8,128,1,1,8,none,raw,natural/thread_packet/x8/raw,1048576,0,1,8388608,8388608,0,512,256,10,4,1475,11.991135597229004,0.0081295834557484764,261997.421875,1
2026-08-15T18:06:34Z,NVIDIA H200 NVL,full,uniform_0_1,dot,raw_fp32,32,8,23,fp32,natural,thread_packet,8,128,1,1,8,none,raw,natural/thread_packet/x8/raw,16777216,0,1,134217728,134217728,0,512,256,10,0,312,14.849727630615234,0.047595280867356524,4194144.5,1
2026-08-15T18:06:34Z,NVIDIA H200 NVL,full,uniform_0_1,dot,raw_fp32,32,8,23,fp32,natural,thread_packet,8,128,1,1,8,none,raw,natural/thread_packet/x8/raw,16777216,0,1,134217728,134217728,0,512,256,10,1,312,14.836447715759277,0.047552717037689991,4194144.5,1
2026-08-15T18:06:34Z,NVIDIA H200 NVL,full,uniform_0_1,dot,raw_fp32,32,8,23,fp32,natural,thread_packet,8,128,1,1,8,none,raw,natural/thread_packet/x8/raw,16777216,0,1,134217728,134217728,0,512,256,10,2,312,14.850208282470703,0.047596821418175332,4194144.5,1
2026-08-15T18:06:34Z,NVIDIA H200 NVL,full,uniform_0_1,dot,raw_fp32,32,8,23,fp32,natural,thread_packet,8,128,1,1,8,none,raw,natural/thread_packet/x8/raw,16777216,0,1,134217728,134217728,0,512,256,10,3,312,14.825504302978516,0.047517641996726014,4194144.5,1
2026-08-15T18:06:34Z,NVIDIA H200 NVL,full,uniform_0_1,dot,raw_fp32,32,8,23,fp32,natural,thread_packet,8,128,1,1,8,none,raw,natural/thread_packet/x8/raw,16777216,0,1,134217728,134217728,0,512,256,10,4,312,14.828096389770508,0.047525949967213169,4194144.5,1
2026-08-15T18:06:34Z,NVIDIA H200 NVL,full,uniform_0_1,dot,raw_fp32,32,8,23,fp32,natural,thread_packet,8,128,1,1,8,none,raw,natural/thread_packet/x8/raw,134217728,0,1,1073741824,1073741824,0,512,256,10,0,47,15.01961612701416,0.31956630057476937,33555792,1
2026-08-15T18:06:34Z,NVIDIA H200 NVL,full,uniform_0_1,dot,raw_fp32,32,8,23,fp32,natural,thread_packet,8,128,1,1,8,none,raw,natural/thread_packet/x8/raw,134217728,0,1,1073741824,1073741824,0,512,256,10,1,47,15.02678394317627,0.31971880730162278,33555792,1
2026-08-15T18:06:34Z,NVIDIA H200 NVL,full,uniform_0_1,dot,raw_fp32,32,8,23,fp32,natural,thread_packet,8,128,1,1,8,none,raw,natural/thread_packet/x8/raw,134217728,0,1,1073741824,1073741824,0,512,256,10,2,47,15.010432243347168,0.31937089879462061,33555792,1
2026-08-15T18:06:34Z,NVIDIA H200 NVL,full,uniform_0_1,dot,raw_fp32,32,8,23,fp32,natural,thread_packet,8,128,1,1,8,none,raw,natural/thread_packet/x8/raw,134217728,0,1,1073741824,1073741824,0,512,256,10,3,47,15.024767875671387,0.31967591224832737,33555792,1
2026-08-15T18:06:34Z,NVIDIA H200 NVL,full,uniform_0_1,dot,raw_fp32,32,8,23,fp32,natural,thread_packet,8,128,1,1,8,none,raw,natural/thread_packet/x8/raw,134217728,0,1,1073741824,1073741824,0,512,256,10,4,47,15.006624221801758,0.31928987705961187,33555792,1
2026-08-15T18:06:34Z,NVIDIA H200 NVL,full,uniform_0_1,gemv,raw_fp32,32,8,23,fp32,natural,thread_packet,8,128,1,1,8,none,raw,natural/thread_packet/x8/raw,256,1024,1024,1049600,1049600,0,1024,256,10,0,2392,9.7578239440917969,0.0040793578361587781,62.262416839599609,1
2026-08-15T18:06:34Z,NVIDIA H200 NVL,full,uniform_0_1,gemv,raw_fp32,32,8,23,fp32,natural,thread_packet,8,128,1,1,8,none,raw,natural/thread_packet/x8/raw,256,1024,1024,1049600,1049600,0,1024,256,10,1,2392,9.7635202407836914,0.0040817392310968613,62.262416839599609,1
2026-08-15T18:06:34Z,NVIDIA H200 NVL,full,uniform_0_1,gemv,raw_fp32,32,8,23,fp32,natural,thread_packet,8,128,1,1,8,none,raw,natural/thread_packet/x8/raw,256,1024,1024,1049600,1049600,0,1024,256,10,2,2392,9.7646722793579102,0.0040822208525743775,62.262416839599609,1
2026-08-15T18:06:34Z,NVIDIA H200 NVL,full,uniform_0_1,gemv,raw_fp32,32,8,23,fp32,natural,thread_packet,8,128,1,1,8,none,raw,natural/thread_packet/x8/raw,256,1024,1024,1049600,1049600,0,1024,256,10,3,2392,9.7665281295776367,0.0040829967096896475,62.262416839599609,1
2026-08-15T18:06:34Z,NVIDIA H200 NVL,full,uniform_0_1,gemv,raw_fp32,32,8,23,fp32,natural,thread_packet,8,128,1,1,8,none,raw,natural/thread_packet/x8/raw,256,1024,1024,1049600,1049600,0,1024,256,10,4,2392,9.7657279968261719,0.0040826622060310081,62.262416839599609,1
2026-08-15T18:06:34Z,NVIDIA H200 NVL,full,uniform_0_1,gemv,raw_fp32,32,8,23,fp32,natural,thread_packet,8,128,1,1,8,none,raw,natural/thread_packet/x8/raw,1024,1024,1024,4198400,4198400,0,1024,256,10,0,1832,11.033920288085938,0.0060228822533220181,248.53375244140625,1
2026-08-15T18:06:34Z,NVIDIA H200 NVL,full,uniform_0_1,gemv,raw_fp32,32,8,23,fp32,natural,thread_packet,8,128,1,1,8,none,raw,natural/thread_packet/x8/raw,1024,1024,1024,4198400,4198400,0,1024,256,10,1,1832,11.037535667419434,0.0060248557136568957,248.53375244140625,1
2026-08-15T18:06:34Z,NVIDIA H200 NVL,full,uniform_0_1,gemv,raw_fp32,32,8,23,fp32,natural,thread_packet,8,128,1,1,8,none,raw,natural/thread_packet/x8/raw,1024,1024,1024,4198400,4198400,0,1024,256,10,2,1832,11.040863990783691,0.0060266724840522335,248.53375244140625,1
2026-08-15T18:06:34Z,NVIDIA H200 NVL,full,uniform_0_1,gemv,raw_fp32,32,8,23,fp32,natural,thread_packet,8,128,1,1,8,none,raw,natural/thread_packet/x8/raw,1024,1024,1024,4198400,4198400,0,1024,256,10,3,1832,11.041376113891602,0.0060269520272334069,248.53375244140625,1
2026-08-15T18:06:34Z,NVIDIA H200 NVL,full,uniform_0_1,gemv,raw_fp32,32,8,23,fp32,natural,thread_packet,8,128,1,1,8,none,raw,natural/thread_packet/x8/raw,1024,1024,1024,4198400,4198400,0,1024,256,10,4,1832,11.044192314147949,0.0060284892544475704,248.53375244140625,1
2026-08-15T18:06:34Z,NVIDIA H200 NVL,full,uniform_0_1,gemv,raw_fp32,32,8,23,fp32,natural,thread_packet,8,128,1,1,8,none,raw,natural/thread_packet/x8/raw,4096,1024,1024,16793600,16793600,0,1024,256,10,0,971,12.857439994812012,0.013241441807221433,1019.6925048828125,1
2026-08-15T18:06:34Z,NVIDIA H200 NVL,full,uniform_0_1,gemv,raw_fp32,32,8,23,fp32,natural,thread_packet,8,128,1,1,8,none,raw,natural/thread_packet/x8/raw,4096,1024,1024,16793600,16793600,0,1024,256,10,1,971,12.854816436767578,0.013238739893684426,1019.6925048828125,1
2026-08-15T18:06:34Z,NVIDIA H200 NVL,full,uniform_0_1,gemv,raw_fp32,32,8,23,fp32,natural,thread_packet,8,128,1,1,8,none,raw,natural/thread_packet/x8/raw,4096,1024,1024,16793600,16793600,0,1024,256,10,2,971,12.854111671447754,0.013238014079760817,1019.6925048828125,1
2026-08-15T18:06:34Z,NVIDIA H200 NVL,full,uniform_0_1,gemv,raw_fp32,32,8,23,fp32,natural,thread_packet,8,128,1,1,8,none,raw,natural/thread_packet/x8/raw,4096,1024,1024,16793600,16793600,0,1024,256,10,3,971,12.853695869445801,0.013237585859367457,1019.6925048828125,1
2026-08-15T18:06:34Z,NVIDIA H200 NVL,full,uniform_0_1,gemv,raw_fp32,32,8,23,fp32,natural,thread_packet,8,128,1,1,8,none,raw,natural/thread_packet/x8/raw,4096,1024,1024,16793600,16793600,0,1024,256,10,4,971,12.855936050415039,0.013239892945844531,1019.6925048828125,1
2026-08-15T18:06:34Z,NVIDIA H200 NVL,full,uniform_0_1,gemv,raw_fp32,32,8,23,fp32,natural,thread_packet,8,128,1,1,8,none,raw,natural/thread_packet/x8/raw,16384,1024,1024,67174400,67174400,0,1024,256,10,0,335,14.486656188964844,0.043243749817805502,4110.29638671875,1
2026-08-15T18:06:34Z,NVIDIA H200 NVL,full,uniform_0_1,gemv,raw_fp32,32,8,23,fp32,natural,thread_packet,8,128,1,1,8,none,raw,natural/thread_packet/x8/raw,16384,1024,1024,67174400,67174400,0,1024,256,10,1,335,14.465439796447754,0.043180417302829115,4110.29638671875,1
2026-08-15T18:06:34Z,NVIDIA H200 NVL,full,uniform_0_1,gemv,raw_fp32,32,8,23,fp32,natural,thread_packet,8,128,1,1,8,none,raw,natural/thread_packet/x8/raw,16384,1024,1024,67174400,67174400,0,1024,256,10,2,335,14.443136215209961,0.043113839448387946,4110.29638671875,1
2026-08-15T18:06:34Z,NVIDIA H200 NVL,full,uniform_0_1,gemv,raw_fp32,32,8,23,fp32,natural,thread_packet,8,128,1,1,8,none,raw,natural/thread_packet/x8/raw,16384,1024,1024,67174400,67174400,0,1024,256,10,3,335,14.435775756835938,0.043091867930853546,4110.29638671875,1
2026-08-15T18:06:34Z,NVIDIA H200 NVL,full,uniform_0_1,gemv,raw_fp32,32,8,23,fp32,natural,thread_packet,8,128,1,1,8,none,raw,natural/thread_packet/x8/raw,16384,1024,1024,67174400,67174400,0,1024,256,10,4,335,14.439999580383301,0.043104476359353133,4110.29638671875,1
2026-08-15T18:06:34Z,NVIDIA H200 NVL,full,uniform_0_1,gemv,raw_fp32,32,8,23,fp32,natural,thread_packet,8,128,1,1,8,none,raw,natural/thread_packet/x8/raw,65536,1024,1024,268697600,268697600,0,1024,256,10,0,95,14.947967529296875,0.15734702662417763,16361.3291015625,1
2026-08-15T18:06:34Z,NVIDIA H200 NVL,full,uniform_0_1,gemv,raw_fp32,32,8,23,fp32,natural,thread_packet,8,128,1,1,8,none,raw,natural/thread_packet/x8/raw,65536,1024,1024,268697600,268697600,0,1024,256,10,1,95,14.932543754577637,0.15718467110081724,16361.3291015625,1
2026-08-15T18:06:34Z,NVIDIA H200 NVL,full,uniform_0_1,gemv,raw_fp32,32,8,23,fp32,natural,thread_packet,8,128,1,1,8,none,raw,natural/thread_packet/x8/raw,65536,1024,1024,268697600,268697600,0,1024,256,10,2,95,14.93718433380127,0.15723351930317125,16361.3291015625,1
2026-08-15T18:06:34Z,NVIDIA H200 NVL,full,uniform_0_1,gemv,raw_fp32,32,8,23,fp32,natural,thread_packet,8,128,1,1,8,none,raw,natural/thread_packet/x8/raw,65536,1024,1024,268697600,268697600,0,1024,256,10,3,95,14.915328025817871,0.15700345290334602,16361.3291015625,1
2026-08-15T18:06:34Z,NVIDIA H200 NVL,full,uniform_0_1,gemv,raw_fp32,32,8,23,fp32,natural,thread_packet,8,128,1,1,8,none,raw,natural/thread_packet/x8/raw,65536,1024,1024,268697600,268697600,0,1024,256,10,4,95,14.912447929382324,0.15697313609876132,16361.3291015625,1
2026-08-15T18:06:34Z,NVIDIA H200 NVL,full,uniform_0_1,dot,raw_fp64,64,11,52,fp64,natural,scalar,1,64,1,1,1,none,raw,natural/scalar/x1/raw,4096,0,1,65536,65536,0,16,256,10,0,2065,10.22003173828125,0.0049491679120006052,1019.6924867658463,1
2026-08-15T18:06:34Z,NVIDIA H200 NVL,full,uniform_0_1,dot,raw_fp64,64,11,52,fp64,natural,scalar,1,64,1,1,1,none,raw,natural/scalar/x1/raw,4096,0,1,65536,65536,0,16,256,10,1,2065,10.22156810760498,0.0049499119165157292,1019.6924867658463,1
2026-08-15T18:06:34Z,NVIDIA H200 NVL,full,uniform_0_1,dot,raw_fp64,64,11,52,fp64,natural,scalar,1,64,1,1,1,none,raw,natural/scalar/x1/raw,4096,0,1,65536,65536,0,16,256,10,2,2065,10.220447540283203,0.0049493692689022775,1019.6924867658463,1
2026-08-15T18:06:34Z,NVIDIA H200 NVL,full,uniform_0_1,dot,raw_fp64,64,11,52,fp64,natural,scalar,1,64,1,1,1,none,raw,natural/scalar/x1/raw,4096,0,1,65536,65536,0,16,256,10,3,2065,10.219200134277344,0.0049487651981972606,1019.6924867658463,1
2026-08-15T18:06:34Z,NVIDIA H200 NVL,full,uniform_0_1,dot,raw_fp64,64,11,52,fp64,natural,scalar,1,64,1,1,1,none,raw,natural/scalar/x1/raw,4096,0,1,65536,65536,0,16,256,10,4,2065,10.218912124633789,0.0049486257262149102,1019.6924867658463,1
2026-08-15T18:06:34Z,NVIDIA H200 NVL,full,uniform_0_1,dot,raw_fp64,64,11,52,fp64,natural,scalar,1,64,1,1,1,none,raw,natural/scalar/x1/raw,65536,0,1,1048576,1048576,0,256,256,10,0,2084,11.068320274353027,0.005311094181551357,16361.329375903359,1
2026-08-15T18:06:34Z,NVIDIA H200 NVL,full,uniform_0_1,dot,raw_fp64,64,11,52,fp64,natural,scalar,1,64,1,1,1,none,raw,natural/scalar/x1/raw,65536,0,1,1048576,1048576,0,256,256,10,1,2084,11.070079803466797,0.0053119384853487512,16361.329375903359,1
2026-08-15T18:06:34Z,NVIDIA H200 NVL,full,uniform_0_1,dot,raw_fp64,64,11,52,fp64,natural,scalar,1,64,1,1,1,none,raw,natural/scalar/x1/raw,65536,0,1,1048576,1048576,0,256,256,10,2,2084,11.069952011108398,0.0053118771646393469,16361.329375903359,1
2026-08-15T18:06:34Z,NVIDIA H200 NVL,full,uniform_0_1,dot,raw_fp64,64,11,52,fp64,natural,scalar,1,64,1,1,1,none,raw,natural/scalar/x1/raw,65536,0,1,1048576,1048576,0,256,256,10,3,2084,11.07033634185791,0.0053120615843847939,16361.329375903359,1
2026-08-15T18:06:34Z,NVIDIA H200 NVL,full,uniform_0_1,dot,raw_fp64,64,11,52,fp64,natural,scalar,1,64,1,1,1,none,raw,natural/scalar/x1/raw,65536,0,1,1048576,1048576,0,256,256,10,4,2084,11.069631576538086,0.005311723405248602,16361.329375903359,1
2026-08-15T18:06:34Z,NVIDIA H200 NVL,full,uniform_0_1,dot,raw_fp64,64,11,52,fp64,natural,scalar,1,64,1,1,1,none,raw,natural/scalar/x1/raw,1048576,0,1,16777216,16777216,0,512,256,10,0,1470,11.643168449401855,0.007920522754695139,261997.41491179512,1
2026-08-15T18:06:34Z,NVIDIA H200 NVL,full,uniform_0_1,dot,raw_fp64,64,11,52,fp64,natural,scalar,1,64,1,1,1,none,raw,natural/scalar/x1/raw,1048576,0,1,16777216,16777216,0,512,256,10,1,1470,11.64083194732666,0.0079189332975011292,261997.41491179512,1
2026-08-15T18:06:34Z,NVIDIA H200 NVL,full,uniform_0_1,dot,raw_fp64,64,11,52,fp64,natural,scalar,1,64,1,1,1,none,raw,natural/scalar/x1/raw,1048576,0,1,16777216,16777216,0,512,256,10,2,1470,11.644736289978027,0.0079215893129102235,261997.41491179512,1
2026-08-15T18:06:34Z,NVIDIA H200 NVL,full,uniform_0_1,dot,raw_fp64,64,11,52,fp64,natural,scalar,1,64,1,1,1,none,raw,natural/scalar/x1/raw,1048576,0,1,16777216,16777216,0,512,256,10,3,1470,11.6495361328125,0.0079248545121173471,261997.41491179512,1
2026-08-15T18:06:34Z,NVIDIA H200 NVL,full,uniform_0_1,dot,raw_fp64,64,11,52,fp64,natural,scalar,1,64,1,1,1,none,raw,natural/scalar/x1/raw,1048576,0,1,16777216,16777216,0,512,256,10,4,1470,11.66102409362793,0.0079326694514475719,261997.41491179512,1
2026-08-15T18:06:34Z,NVIDIA H200 NVL,full,uniform_0_1,dot,raw_fp64,64,11,52,fp64,natural,scalar,1,64,1,1,1,none,raw,natural/scalar/x1/raw,16777216,0,1,268435456,268435456,0,512,256,10,0,180,14.937631607055664,0.082986842261420363,4194144.5995463934,1
2026-08-15T18:06:34Z,NVIDIA H200 NVL,full,uniform_0_1,dot,raw_fp64,64,11,52,fp64,natural,scalar,1,64,1,1,1,none,raw,natural/scalar/x1/raw,16777216,0,1,268435456,268435456,0,512,256,10,1,180,14.928192138671875,0.082934400770399305,4194144.5995463934,1
2026-08-15T18:06:34Z,NVIDIA H200 NVL,full,uniform_0_1,dot,raw_fp64,64,11,52,fp64,natural,scalar,1,64,1,1,1,none,raw,natural/scalar/x1/raw,16777216,0,1,268435456,268435456,0,512,256,10,2,180,14.935744285583496,0.08297635714213053,4194144.5995463934,1
2026-08-15T18:06:34Z,NVIDIA H200 NVL,full,uniform_0_1,dot,raw_fp64,64,11,52,fp64,natural,scalar,1,64,1,1,1,none,raw,natural/scalar/x1/raw,16777216,0,1,268435456,268435456,0,512,256,10,3,180,14.936127662658691,0.082978487014770508,4194144.5995463934,1
2026-08-15T18:06:34Z,NVIDIA H200 NVL,full,uniform_0_1,dot,raw_fp64,64,11,52,fp64,natural,scalar,1,64,1,1,1,none,raw,natural/scalar/x1/raw,16777216,0,1,268435456,268435456,0,512,256,10,4,180,14.944031715393066,0.083022398418850368,4194144.5995463934,1
2026-08-15T18:06:34Z,NVIDIA H200 NVL,full,uniform_0_1,dot,raw_fp64,64,11,52,fp64,natural,scalar,1,64,1,1,1,none,raw,natural/scalar/x1/raw,134217728,0,1,2147483648,2147483648,0,512,256,10,0,25,15.035807609558105,0.6014323043823242,33555791.351023234,1
2026-08-15T18:06:34Z,NVIDIA H200 NVL,full,uniform_0_1,dot,raw_fp64,64,11,52,fp64,natural,scalar,1,64,1,1,1,none,raw,natural/scalar/x1/raw,134217728,0,1,2147483648,2147483648,0,512,256,10,1,25,15.02678394317627,0.60107135772705078,33555791.351023234,1
2026-08-15T18:06:34Z,NVIDIA H200 NVL,full,uniform_0_1,dot,raw_fp64,64,11,52,fp64,natural,scalar,1,64,1,1,1,none,raw,natural/scalar/x1/raw,134217728,0,1,2147483648,2147483648,0,512,256,10,2,25,15.019583702087402,0.60078334808349609,33555791.351023234,1
2026-08-15T18:06:34Z,NVIDIA H200 NVL,full,uniform_0_1,dot,raw_fp64,64,11,52,fp64,natural,scalar,1,64,1,1,1,none,raw,natural/scalar/x1/raw,134217728,0,1,2147483648,2147483648,0,512,256,10,3,25,15.031935691833496,0.6012774276733398,33555791.351023234,1
2026-08-15T18:06:34Z,NVIDIA H200 NVL,full,uniform_0_1,dot,raw_fp64,64,11,52,fp64,natural,scalar,1,64,1,1,1,none,raw,natural/scalar/x1/raw,134217728,0,1,2147483648,2147483648,0,512,256,10,4,25,15.014592170715332,0.60058368682861329,33555791.351023234,1
2026-08-15T18:06:34Z,NVIDIA H200 NVL,full,uniform_0_1,gemv,raw_fp64,64,11,52,fp64,natural,scalar,1,64,1,1,1,none,raw,natural/scalar/x1/raw,256,1024,1024,2099200,2099200,0,1024,256,10,0,2548,9.8083524703979492,0.0038494318957605768,62.262414696816933,1
2026-08-15T18:06:34Z,NVIDIA H200 NVL,full,uniform_0_1,gemv,raw_fp64,64,11,52,fp64,natural,scalar,1,64,1,1,1,none,raw,natural/scalar/x1/raw,256,1024,1024,2099200,2099200,0,1024,256,10,1,2548,9.8155517578125,0.003852257361778846,62.262414696816933,1
2026-08-15T18:06:34Z,NVIDIA H200 NVL,full,uniform_0_1,gemv,raw_fp64,64,11,52,fp64,natural,scalar,1,64,1,1,1,none,raw,natural/scalar/x1/raw,256,1024,1024,2099200,2099200,0,1024,256,10,2,2548,9.8233280181884766,0.0038553092693047394,62.262414696816933,1
2026-08-15T18:06:34Z,NVIDIA H200 NVL,full,uniform_0_1,gemv,raw_fp64,64,11,52,fp64,natural,scalar,1,64,1,1,1,none,raw,natural/scalar/x1/raw,256,1024,1024,2099200,2099200,0,1024,256,10,3,2548,9.824864387512207,0.0038559122399969416,62.262414696816933,1
2026-08-15T18:06:34Z,NVIDIA H200 NVL,full,uniform_0_1,gemv,raw_fp64,64,11,52,fp64,natural,scalar,1,64,1,1,1,none,raw,natural/scalar/x1/raw,256,1024,1024,2099200,2099200,0,1024,256,10,4,2548,9.8268804550170898,0.0038567034752814322,62.262414696816933,1
2026-08-15T18:06:34Z,NVIDIA H200 NVL,full,uniform_0_1,gemv,raw_fp64,64,11,52,fp64,natural,scalar,1,64,1,1,1,none,raw,natural/scalar/x1/raw,1024,1024,1024,8396800,8396800,0,1024,256,10,0,2122,10.343647956848145,0.0048744806582696251,248.53376947185922,1
2026-08-15T18:06:34Z,NVIDIA H200 NVL,full,uniform_0_1,gemv,raw_fp64,64,11,52,fp64,natural,scalar,1,64,1,1,1,none,raw,natural/scalar/x1/raw,1024,1024,1024,8396800,8396800,0,1024,256,10,1,2122,10.361727714538574,0.0048830008079823626,248.53376947185922,1
2026-08-15T18:06:34Z,NVIDIA H200 NVL,full,uniform_0_1,gemv,raw_fp64,64,11,52,fp64,natural,scalar,1,64,1,1,1,none,raw,natural/scalar/x1/raw,1024,1024,1024,8396800,8396800,0,1024,256,10,2,2122,10.36854362487793,0.004886212829819948,248.53376947185922,1
2026-08-15T18:06:34Z,NVIDIA H200 NVL,full,uniform_0_1,gemv,raw_fp64,64,11,52,fp64,natural,scalar,1,64,1,1,1,none,raw,natural/scalar/x1/raw,1024,1024,1024,8396800,8396800,0,1024,256,10,3,2122,10.360639572143555,0.0048824880170327779,248.53376947185922,1
2026-08-15T18:06:34Z,NVIDIA H200 NVL,full,uniform_0_1,gemv,raw_fp64,64,11,52,fp64,natural,scalar,1,64,1,1,1,none,raw,natural/scalar/x1/raw,1024,1024,1024,8396800,8396800,0,1024,256,10,4,2122,10.368160247802734,0.0048860321620182541,248.53376947185922,1
2026-08-15T18:06:34Z,NVIDIA H200 NVL,full,uniform_0_1,gemv,raw_fp64,64,11,52,fp64,natural,scalar,1,64,1,1,1,none,raw,natural/scalar/x1/raw,4096,1024,1024,33587200,33587200,0,1024,256,10,0,1375,11.851936340332031,0.0086195900656960232,1019.6924867658464,1
2026-08-15T18:06:34Z,NVIDIA H200 NVL,full,uniform_0_1,gemv,raw_fp64,64,11,52,fp64,natural,scalar,1,64,1,1,1,none,raw,natural/scalar/x1/raw,4096,1024,1024,33587200,33587200,0,1024,256,10,1,1375,11.841856002807617,0.0086122589111328127,1019.6924867658464,1
2026-08-15T18:06:34Z,NVIDIA H200 NVL,full,uniform_0_1,gemv,raw_fp64,64,11,52,fp64,natural,scalar,1,64,1,1,1,none,raw,natural/scalar/x1/raw,4096,1024,1024,33587200,33587200,0,1024,256,10,2,1375,11.82806396484375,0.008602228338068181,1019.6924867658464,1
2026-08-15T18:06:34Z,NVIDIA H200 NVL,full,uniform_0_1,gemv,raw_fp64,64,11,52,fp64,natural,scalar,1,64,1,1,1,none,raw,natural/scalar/x1/raw,4096,1024,1024,33587200,33587200,0,1024,256,10,3,1375,11.828127861022949,0.00860227480801669,1019.6924867658464,1
2026-08-15T18:06:34Z,NVIDIA H200 NVL,full,uniform_0_1,gemv,raw_fp64,64,11,52,fp64,natural,scalar,1,64,1,1,1,none,raw,natural/scalar/x1/raw,4096,1024,1024,33587200,33587200,0,1024,256,10,4,1375,11.824671745300293,0.0085997612693093032,1019.6924867658464,1
2026-08-15T18:06:34Z,NVIDIA H200 NVL,full,uniform_0_1,gemv,raw_fp64,64,11,52,fp64,natural,scalar,1,64,1,1,1,none,raw,natural/scalar/x1/raw,16384,1024,1024,134348800,134348800,0,1024,256,10,0,337,14.723135948181152,0.043688830706768995,4110.2963092903155,1
2026-08-15T18:06:34Z,NVIDIA H200 NVL,full,uniform_0_1,gemv,raw_fp64,64,11,52,fp64,natural,scalar,1,64,1,1,1,none,raw,natural/scalar/x1/raw,16384,1024,1024,134348800,134348800,0,1024,256,10,1,337,14.726655960083008,0.043699275845943644,4110.2963092903155,1
2026-08-15T18:06:34Z,NVIDIA H200 NVL,full,uniform_0_1,gemv,raw_fp64,64,11,52,fp64,natural,scalar,1,64,1,1,1,none,raw,natural/scalar/x1/raw,16384,1024,1024,134348800,134348800,0,1024,256,10,2,337,14.702976226806641,0.043629009575093892,4110.2963092903155,1
2026-08-15T18:06:34Z,NVIDIA H200 NVL,full,uniform_0_1,gemv,raw_fp64,64,11,52,fp64,natural,scalar,1,64,1,1,1,none,raw,natural/scalar/x1/raw,16384,1024,1024,134348800,134348800,0,1024,256,10,3,337,14.707712173461914,0.043643062829263841,4110.2963092903155,1
2026-08-15T18:06:34Z,NVIDIA H200 NVL,full,uniform_0_1,gemv,raw_fp64,64,11,52,fp64,natural,scalar,1,64,1,1,1,none,raw,natural/scalar/x1/raw,16384,1024,1024,134348800,134348800,0,1024,256,10,4,337,14.710304260253906,0.043650754481465597,4110.2963092903155,1
2026-08-15T18:06:34Z,NVIDIA H200 NVL,full,uniform_0_1,gemv,raw_fp64,64,11,52,fp64,natural,scalar,1,64,1,1,1,none,raw,natural/scalar/x1/raw,65536,1024,1024,537395200,537395200,0,1024,256,10,0,100,15.030143737792969,0.1503014373779297,16361.329375903357,1
2026-08-15T18:06:34Z,NVIDIA H200 NVL,full,uniform_0_1,gemv,raw_fp64,64,11,52,fp64,natural,scalar,1,64,1,1,1,none,raw,natural/scalar/x1/raw,65536,1024,1024,537395200,537395200,0,1024,256,10,1,100,15.025088310241699,0.15025088310241699,16361.329375903357,1
2026-08-15T18:06:34Z,NVIDIA H200 NVL,full,uniform_0_1,gemv,raw_fp64,64,11,52,fp64,natural,scalar,1,64,1,1,1,none,raw,natural/scalar/x1/raw,65536,1024,1024,537395200,537395200,0,1024,256,10,2,100,15.013631820678711,0.15013631820678711,16361.329375903357,1
2026-08-15T18:06:34Z,NVIDIA H200 NVL,full,uniform_0_1,gemv,raw_fp64,64,11,52,fp64,natural,scalar,1,64,1,1,1,none,raw,natural/scalar/x1/raw,65536,1024,1024,537395200,537395200,0,1024,256,10,3,100,15.039615631103516,0.15039615631103515,16361.329375903357,1
2026-08-15T18:06:34Z,NVIDIA H200 NVL,full,uniform_0_1,gemv,raw_fp64,64,11,52,fp64,natural,scalar,1,64,1,1,1,none,raw,natural/scalar/x1/raw,65536,1024,1024,537395200,537395200,0,1024,256,10,4,100,15.03872013092041,0.1503872013092041,16361.329375903357,1
2026-08-15T18:06:34Z,NVIDIA H200 NVL,full,uniform_0_1,dot,raw_fp64,64,11,52,fp64,natural,thread_packet,2,128,1,1,2,none,raw,natural/thread_packet/x2/raw,4096,0,1,65536,65536,0,8,256,10,0,2112,10.687680244445801,0.0050604546611959286,1019.6924867658463,1
2026-08-15T18:06:34Z,NVIDIA H200 NVL,full,uniform_0_1,dot,raw_fp64,64,11,52,fp64,natural,thread_packet,2,128,1,1,2,none,raw,natural/thread_packet/x2/raw,4096,0,1,65536,65536,0,8,256,10,1,2112,10.701248168945312,0.0050668788678718338,1019.6924867658463,1
2026-08-15T18:06:34Z,NVIDIA H200 NVL,full,uniform_0_1,dot,raw_fp64,64,11,52,fp64,natural,thread_packet,2,128,1,1,2,none,raw,natural/thread_packet/x2/raw,4096,0,1,65536,65536,0,8,256,10,2,2112,10.693120002746582,0.0050630303043307677,1019.6924867658463,1
2026-08-15T18:06:34Z,NVIDIA H200 NVL,full,uniform_0_1,dot,raw_fp64,64,11,52,fp64,natural,thread_packet,2,128,1,1,2,none,raw,natural/thread_packet/x2/raw,4096,0,1,65536,65536,0,8,256,10,3,2112,10.689408302307129,0.0050612728704105721,1019.6924867658463,1
2026-08-15T18:06:34Z,NVIDIA H200 NVL,full,uniform_0_1,dot,raw_fp64,64,11,52,fp64,natural,thread_packet,2,128,1,1,2,none,raw,natural/thread_packet/x2/raw,4096,0,1,65536,65536,0,8,256,10,4,2112,10.689727783203125,0.0050614241397742071,1019.6924867658463,1
2026-08-15T18:06:34Z,NVIDIA H200 NVL,full,uniform_0_1,dot,raw_fp64,64,11,52,fp64,natural,thread_packet,2,128,1,1,2,none,raw,natural/thread_packet/x2/raw,65536,0,1,1048576,1048576,0,128,256,10,0,1995,10.590335845947266,0.0053084390205249453,16361.329375903359,1
2026-08-15T18:06:34Z,NVIDIA H200 NVL,full,uniform_0_1,dot,raw_fp64,64,11,52,fp64,natural,thread_packet,2,128,1,1,2,none,raw,natural/thread_packet/x2/raw,65536,0,1,1048576,1048576,0,128,256,10,1,1995,10.589856147766113,0.0053081985703088289,16361.329375903359,1
2026-08-15T18:06:34Z,NVIDIA H200 NVL,full,uniform_0_1,dot,raw_fp64,64,11,52,fp64,natural,thread_packet,2,128,1,1,2,none,raw,natural/thread_packet/x2/raw,65536,0,1,1048576,1048576,0,128,256,10,2,1995,10.591232299804688,0.005308888370829417,16361.329375903359,1
2026-08-15T18:06:34Z,NVIDIA H200 NVL,full,uniform_0_1,dot,raw_fp64,64,11,52,fp64,natural,thread_packet,2,128,1,1,2,none,raw,natural/thread_packet/x2/raw,65536,0,1,1048576,1048576,0,128,256,10,3,1995,10.593024253845215,0.0053097865934061224,16361.329375903359,1
2026-08-15T18:06:34Z,NVIDIA H200 NVL,full,uniform_0_1,dot,raw_fp64,64,11,52,fp64,natural,thread_packet,2,128,1,1,2,none,raw,natural/thread_packet/x2/raw,65536,0,1,1048576,1048576,0,128,256,10,4,1995,10.589823722839355,0.0053081823172127099,16361.329375903359,1
2026-08-15T18:06:34Z,NVIDIA H200 NVL,full,uniform_0_1,dot,raw_fp64,64,11,52,fp64,natural,thread_packet,2,128,1,1,2,none,raw,natural/thread_packet/x2/raw,1048576,0,1,16777216,16777216,0,512,256,10,0,1498,11.833888053894043,0.0078997917582737266,261997.41491179512,1
2026-08-15T18:06:34Z,NVIDIA H200 NVL,full,uniform_0_1,dot,raw_fp64,64,11,52,fp64,natural,thread_packet,2,128,1,1,2,none,raw,natural/thread_packet/x2/raw,1048576,0,1,16777216,16777216,0,512,256,10,1,1498,11.836480140686035,0.0079015221232884084,261997.41491179512,1
2026-08-15T18:06:34Z,NVIDIA H200 NVL,full,uniform_0_1,dot,raw_fp64,64,11,52,fp64,natural,thread_packet,2,128,1,1,2,none,raw,natural/thread_packet/x2/raw,1048576,0,1,16777216,16777216,0,512,256,10,2,1498,11.836640357971191,0.0079016290774173506,261997.41491179512,1
2026-08-15T18:06:34Z,NVIDIA H200 NVL,full,uniform_0_1,dot,raw_fp64,64,11,52,fp64,natural,thread_packet,2,128,1,1,2,none,raw,natural/thread_packet/x2/raw,1048576,0,1,16777216,16777216,0,512,256,10,3,1498,11.835840225219727,0.0079010949434043572,261997.41491179512,1
2026-08-15T18:06:34Z,NVIDIA H200 NVL,full,uniform_0_1,dot,raw_fp64,64,11,52,fp64,natural,thread_packet,2,128,1,1,2,none,raw,natural/thread_packet/x2/raw,1048576,0,1,16777216,16777216,0,512,256,10,4,1498,11.835455894470215,0.0079008383808212377,261997.41491179512,1
2026-08-15T18:06:34Z,NVIDIA H200 NVL,full,uniform_0_1,dot,raw_fp64,64,11,52,fp64,natural,thread_packet,2,128,1,1,2,none,raw,natural/thread_packet/x2/raw,16777216,0,1,268435456,268435456,0,512,256,10,0,214,14.741984367370605,0.068887777417619658,4194144.5995463934,1
2026-08-15T18:06:34Z,NVIDIA H200 NVL,full,uniform_0_1,dot,raw_fp64,64,11,52,fp64,natural,thread_packet,2,128,1,1,2,none,raw,natural/thread_packet/x2/raw,16777216,0,1,268435456,268435456,0,512,256,10,1,214,14.715328216552734,0.068763215965199687,4194144.5995463934,1
2026-08-15T18:06:34Z,NVIDIA H200 NVL,full,uniform_0_1,dot,raw_fp64,64,11,52,fp64,natural,thread_packet,2,128,1,1,2,none,raw,natural/thread_packet/x2/raw,16777216,0,1,268435456,268435456,0,512,256,10,2,214,14.712608337402344,0.068750506249543666,4194144.5995463934,1
2026-08-15T18:06:34Z,NVIDIA H200 NVL,full,uniform_0_1,dot,raw_fp64,64,11,52,fp64,natural,thread_packet,2,128,1,1,2,none,raw,natural/thread_packet/x2/raw,16777216,0,1,268435456,268435456,0,512,256,10,3,214,14.719615936279297,0.068783252038688306,4194144.5995463934,1
2026-08-15T18:06:34Z,NVIDIA H200 NVL,full,uniform_0_1,dot,raw_fp64,64,11,52,fp64,natural,thread_packet,2,128,1,1,2,none,raw,natural/thread_packet/x2/raw,16777216,0,1,268435456,268435456,0,512,256,10,4,214,14.729503631591797,0.068829456222391575,4194144.5995463934,1
2026-08-15T18:06:34Z,NVIDIA H200 NVL,full,uniform_0_1,dot,raw_fp64,64,11,52,fp64,natural,thread_packet,2,128,1,1,2,none,raw,natural/thread_packet/x2/raw,134217728,0,1,2147483648,2147483648,0,512,256,10,0,31,15.343744277954102,0.49495949283722906,33555791.351023242,1
2026-08-15T18:06:34Z,NVIDIA H200 NVL,full,uniform_0_1,dot,raw_fp64,64,11,52,fp64,natural,thread_packet,2,128,1,1,2,none,raw,natural/thread_packet/x2/raw,134217728,0,1,2147483648,2147483648,0,512,256,10,1,31,15.335391998291016,0.4946900644610005,33555791.351023242,1
2026-08-15T18:06:34Z,NVIDIA H200 NVL,full,uniform_0_1,dot,raw_fp64,64,11,52,fp64,natural,thread_packet,2,128,1,1,2,none,raw,natural/thread_packet/x2/raw,134217728,0,1,2147483648,2147483648,0,512,256,10,2,31,15.329728126525879,0.49450735892018965,33555791.351023242,1
2026-08-15T18:06:34Z,NVIDIA H200 NVL,full,uniform_0_1,dot,raw_fp64,64,11,52,fp64,natural,thread_packet,2,128,1,1,2,none,raw,natural/thread_packet/x2/raw,134217728,0,1,2147483648,2147483648,0,512,256,10,3,31,15.346048355102539,0.4950338179065335,33555791.351023242,1
2026-08-15T18:06:34Z,NVIDIA H200 NVL,full,uniform_0_1,dot,raw_fp64,64,11,52,fp64,natural,thread_packet,2,128,1,1,2,none,raw,natural/thread_packet/x2/raw,134217728,0,1,2147483648,2147483648,0,512,256,10,4,31,15.336832046508789,0.49473651762931575,33555791.351023242,1
2026-08-15T18:06:34Z,NVIDIA H200 NVL,full,uniform_0_1,gemv,raw_fp64,64,11,52,fp64,natural,thread_packet,2,128,1,1,2,none,raw,natural/thread_packet/x2/raw,256,1024,1024,2099200,2099200,0,1024,256,10,0,2521,10.001184463500977,0.0039671497276878133,62.262414696816933,1
2026-08-15T18:06:34Z,NVIDIA H200 NVL,full,uniform_0_1,gemv,raw_fp64,64,11,52,fp64,natural,thread_packet,2,128,1,1,2,none,raw,natural/thread_packet/x2/raw,256,1024,1024,2099200,2099200,0,1024,256,10,1,2521,9.9954242706298828,0.0039648648435659985,62.262414696816933,1
2026-08-15T18:06:34Z,NVIDIA H200 NVL,full,uniform_0_1,gemv,raw_fp64,64,11,52,fp64,natural,thread_packet,2,128,1,1,2,none,raw,natural/thread_packet/x2/raw,256,1024,1024,2099200,2099200,0,1024,256,10,2,2521,9.9730558395385742,0.0039559920029903113,62.262414696816933,1
2026-08-15T18:06:34Z,NVIDIA H200 NVL,full,uniform_0_1,gemv,raw_fp64,64,11,52,fp64,natural,thread_packet,2,128,1,1,2,none,raw,natural/thread_packet/x2/raw,256,1024,1024,2099200,2099200,0,1024,256,10,3,2521,9.9672641754150391,0.0039536946352300827,62.262414696816933,1
2026-08-15T18:06:34Z,NVIDIA H200 NVL,full,uniform_0_1,gemv,raw_fp64,64,11,52,fp64,natural,thread_packet,2,128,1,1,2,none,raw,natural/thread_packet/x2/raw,256,1024,1024,2099200,2099200,0,1024,256,10,4,2521,9.9978876113891602,0.0039658419719909403,62.262414696816933,1
2026-08-15T18:06:34Z,NVIDIA H200 NVL,full,uniform_0_1,gemv,raw_fp64,64,11,52,fp64,natural,thread_packet,2,128,1,1,2,none,raw,natural/thread_packet/x2/raw,1024,1024,1024,8396800,8396800,0,1024,256,10,0,2112,10.339936256408691,0.004895803151708661,248.53376947185922,1
2026-08-15T18:06:34Z,NVIDIA H200 NVL,full,uniform_0_1,gemv,raw_fp64,64,11,52,fp64,natural,thread_packet,2,128,1,1,2,none,raw,natural/thread_packet/x2/raw,1024,1024,1024,8396800,8396800,0,1024,256,10,1,2112,10.348031997680664,0.0048996363625381928,248.53376947185922,1
2026-08-15T18:06:34Z,NVIDIA H200 NVL,full,uniform_0_1,gemv,raw_fp64,64,11,52,fp64,natural,thread_packet,2,128,1,1,2,none,raw,natural/thread_packet/x2/raw,1024,1024,1024,8396800,8396800,0,1024,256,10,2,2112,10.345184326171875,0.0048982880332253198,248.53376947185922,1
2026-08-15T18:06:34Z,NVIDIA H200 NVL,full,uniform_0_1,gemv,raw_fp64,64,11,52,fp64,natural,thread_packet,2,128,1,1,2,none,raw,natural/thread_packet/x2/raw,1024,1024,1024,8396800,8396800,0,1024,256,10,3,2112,10.349344253540039,0.0049002576958049431,248.53376947185922,1
2026-08-15T18:06:34Z,NVIDIA H200 NVL,full,uniform_0_1,gemv,raw_fp64,64,11,52,fp64,natural,thread_packet,2,128,1,1,2,none,raw,natural/thread_packet/x2/raw,1024,1024,1024,8396800,8396800,0,1024,256,10,4,2112,10.347840309143066,0.0048995456009200125,248.53376947185922,1
2026-08-15T18:06:34Z,NVIDIA H200 NVL,full,uniform_0_1,gemv,raw_fp64,64,11,52,fp64,natural,thread_packet,2,128,1,1,2,none,raw,natural/thread_packet/x2/raw,4096,1024,1024,33587200,33587200,0,1024,256,10,0,1404,11.847135543823242,0.0084381307292188332,1019.6924867658463,1
2026-08-15T18:06:34Z,NVIDIA H200 NVL,full,uniform_0_1,gemv,raw_fp64,64,11,52,fp64,natural,thread_packet,2,128,1,1,2,none,raw,natural/thread_packet/x2/raw,4096,1024,1024,33587200,33587200,0,1024,256,10,1,1404,11.851584434509277,0.008441299454778688,1019.6924867658463,1
2026-08-15T18:06:34Z,NVIDIA H200 NVL,full,uniform_0_1,gemv,raw_fp64,64,11,52,fp64,natural,thread_packet,2,128,1,1,2,none,raw,natural/thread_packet/x2/raw,4096,1024,1024,33587200,33587200,0,1024,256,10,2,1404,11.889408111572266,0.0084682393957067423,1019.6924867658463,1
2026-08-15T18:06:34Z,NVIDIA H200 NVL,full,uniform_0_1,gemv,raw_fp64,64,11,52,fp64,natural,thread_packet,2,128,1,1,2,none,raw,natural/thread_packet/x2/raw,4096,1024,1024,33587200,33587200,0,1024,256,10,3,1404,11.883872032165527,0.0084642963192062166,1019.6924867658463,1
2026-08-15T18:06:34Z,NVIDIA H200 NVL,full,uniform_0_1,gemv,raw_fp64,64,11,52,fp64,natural,thread_packet,2,128,1,1,2,none,raw,natural/thread_packet/x2/raw,4096,1024,1024,33587200,33587200,0,1024,256,10,4,1404,11.886015892028809,0.008465823284920803,1019.6924867658463,1
2026-08-15T18:06:34Z,NVIDIA H200 NVL,full,uniform_0_1,gemv,raw_fp64,64,11,52,fp64,natural,thread_packet,2,128,1,1,2,none,raw,natural/thread_packet/x2/raw,16384,1024,1024,134348800,134348800,0,1024,256,10,0,394,14.968352317810059,0.03799074192337578,4110.2963092903155,1
2026-08-15T18:06:34Z,NVIDIA H200 NVL,full,uniform_0_1,gemv,raw_fp64,64,11,52,fp64,natural,thread_packet,2,128,1,1,2,none,raw,natural/thread_packet/x2/raw,16384,1024,1024,134348800,134348800,0,1024,256,10,1,394,14.958047866821289,0.037964588494470278,4110.2963092903155,1
2026-08-15T18:06:34Z,NVIDIA H200 NVL,full,uniform_0_1,gemv,raw_fp64,64,11,52,fp64,natural,thread_packet,2,128,1,1,2,none,raw,natural/thread_packet/x2/raw,16384,1024,1024,134348800,134348800,0,1024,256,10,2,394,14.936832427978516,0.037910742202991156,4110.2963092903155,1
2026-08-15T18:06:34Z,NVIDIA H200 NVL,full,uniform_0_1,gemv,raw_fp64,64,11,52,fp64,natural,thread_packet,2,128,1,1,2,none,raw,natural/thread_packet/x2/raw,16384,1024,1024,134348800,134348800,0,1024,256,10,3,394,14.944416046142578,0.037929989964828881,4110.2963092903155,1
2026-08-15T18:06:34Z,NVIDIA H200 NVL,full,uniform_0_1,gemv,raw_fp64,64,11,52,fp64,natural,thread_packet,2,128,1,1,2,none,raw,natural/thread_packet/x2/raw,16384,1024,1024,134348800,134348800,0,1024,256,10,4,394,14.946432113647461,0.037935106887430105,4110.2963092903155,1
2026-08-15T18:06:34Z,NVIDIA H200 NVL,full,uniform_0_1,gemv,raw_fp64,64,11,52,fp64,natural,thread_packet,2,128,1,1,2,none,raw,natural/thread_packet/x2/raw,65536,1024,1024,537395200,537395200,0,1024,256,10,0,112,14.811424255371094,0.13224485942295619,16361.329375903359,1
2026-08-15T18:06:34Z,NVIDIA H200 NVL,full,uniform_0_1,gemv,raw_fp64,64,11,52,fp64,natural,thread_packet,2,128,1,1,2,none,raw,natural/thread_packet/x2/raw,65536,1024,1024,537395200,537395200,0,1024,256,10,1,112,14.831263542175293,0.13242199591227941,16361.329375903359,1
2026-08-15T18:06:34Z,NVIDIA H200 NVL,full,uniform_0_1,gemv,raw_fp64,64,11,52,fp64,natural,thread_packet,2,128,1,1,2,none,raw,natural/thread_packet/x2/raw,65536,1024,1024,537395200,537395200,0,1024,256,10,2,112,14.817055702209473,0.13229514019829886,16361.329375903359,1
2026-08-15T18:06:34Z,NVIDIA H200 NVL,full,uniform_0_1,gemv,raw_fp64,64,11,52,fp64,natural,thread_packet,2,128,1,1,2,none,raw,natural/thread_packet/x2/raw,65536,1024,1024,537395200,537395200,0,1024,256,10,3,112,14.825183868408203,0.13236771311078752,16361.329375903359,1
2026-08-15T18:06:34Z,NVIDIA H200 NVL,full,uniform_0_1,gemv,raw_fp64,64,11,52,fp64,natural,thread_packet,2,128,1,1,2,none,raw,natural/thread_packet/x2/raw,65536,1024,1024,537395200,537395200,0,1024,256,10,4,112,14.834239959716797,0.13244857106889998,16361.329375903359,1
2026-08-15T18:06:34Z,NVIDIA H200 NVL,full,uniform_0_1,dot,raw_fp64,64,11,52,fp64,natural,thread_packet,4,128,1,1,4,none,raw,natural/thread_packet/x4/raw,4096,0,1,65536,65536,0,4,256,10,0,1987,10.538016319274902,0.0053034807847382494,1019.6924867658463,1
2026-08-15T18:06:34Z,NVIDIA H200 NVL,full,uniform_0_1,dot,raw_fp64,64,11,52,fp64,natural,thread_packet,4,128,1,1,4,none,raw,natural/thread_packet/x4/raw,4096,0,1,65536,65536,0,4,256,10,1,1987,10.577280044555664,0.0053232410893586631,1019.6924867658463,1
2026-08-15T18:06:34Z,NVIDIA H200 NVL,full,uniform_0_1,dot,raw_fp64,64,11,52,fp64,natural,thread_packet,4,128,1,1,4,none,raw,natural/thread_packet/x4/raw,4096,0,1,65536,65536,0,4,256,10,2,1987,10.557951927185059,0.0053135138033140704,1019.6924867658463,1
2026-08-15T18:06:34Z,NVIDIA H200 NVL,full,uniform_0_1,dot,raw_fp64,64,11,52,fp64,natural,thread_packet,4,128,1,1,4,none,raw,natural/thread_packet/x4/raw,4096,0,1,65536,65536,0,4,256,10,3,1987,10.543392181396484,0.0053061863016590259,1019.6924867658463,1
2026-08-15T18:06:34Z,NVIDIA H200 NVL,full,uniform_0_1,dot,raw_fp64,64,11,52,fp64,natural,thread_packet,4,128,1,1,4,none,raw,natural/thread_packet/x4/raw,4096,0,1,65536,65536,0,4,256,10,4,1987,10.533535957336426,0.0053012259473258312,1019.6924867658463,1
2026-08-15T18:06:34Z,NVIDIA H200 NVL,full,uniform_0_1,dot,raw_fp64,64,11,52,fp64,natural,thread_packet,4,128,1,1,4,none,raw,natural/thread_packet/x4/raw,65536,0,1,1048576,1048576,0,64,256,10,0,2012,10.998720169067383,0.0054665607202124171,16361.32937590336,1
2026-08-15T18:06:34Z,NVIDIA H200 NVL,full,uniform_0_1,dot,raw_fp64,64,11,52,fp64,natural,thread_packet,4,128,1,1,4,none,raw,natural/thread_packet/x4/raw,65536,0,1,1048576,1048576,0,64,256,10,1,2012,10.980031967163086,0.0054572723494846348,16361.32937590336,1
2026-08-15T18:06:34Z,NVIDIA H200 NVL,full,uniform_0_1,dot,raw_fp64,64,11,52,fp64,natural,thread_packet,4,128,1,1,4,none,raw,natural/thread_packet/x4/raw,65536,0,1,1048576,1048576,0,64,256,10,2,2012,10.98367977142334,0.0054590853734708452,16361.32937590336,1
2026-08-15T18:06:34Z,NVIDIA H200 NVL,full,uniform_0_1,dot,raw_fp64,64,11,52,fp64,natural,thread_packet,4,128,1,1,4,none,raw,natural/thread_packet/x4/raw,65536,0,1,1048576,1048576,0,64,256,10,3,2012,10.985600471496582,0.0054600399957736492,16361.32937590336,1
2026-08-15T18:06:34Z,NVIDIA H200 NVL,full,uniform_0_1,dot,raw_fp64,64,11,52,fp64,natural,thread_packet,4,128,1,1,4,none,raw,natural/thread_packet/x4/raw,65536,0,1,1048576,1048576,0,64,256,10,4,2012,10.98646354675293,0.0054604689596187521,16361.32937590336,1
2026-08-15T18:06:34Z,NVIDIA H200 NVL,full,uniform_0_1,dot,raw_fp64,64,11,52,fp64,natural,thread_packet,4,128,1,1,4,none,raw,natural/thread_packet/x4/raw,1048576,0,1,16777216,16777216,0,512,256,10,0,1400,12.067423820495605,0.0086195884432111475,261997.41491179512,1
2026-08-15T18:06:34Z,NVIDIA H200 NVL,full,uniform_0_1,dot,raw_fp64,64,11,52,fp64,natural,thread_packet,4,128,1,1,4,none,raw,natural/thread_packet/x4/raw,1048576,0,1,16777216,16777216,0,512,256,10,1,1400,12.068032264709473,0.0086200230462210523,261997.41491179512,1
2026-08-15T18:06:34Z,NVIDIA H200 NVL,full,uniform_0_1,dot,raw_fp64,64,11,52,fp64,natural,thread_packet,4,128,1,1,4,none,raw,natural/thread_packet/x4/raw,1048576,0,1,16777216,16777216,0,512,256,10,2,1400,12.066847801208496,0.008619177000863211,261997.41491179512,1
2026-08-15T18:06:34Z,NVIDIA H200 NVL,full,uniform_0_1,dot,raw_fp64,64,11,52,fp64,natural,thread_packet,4,128,1,1,4,none,raw,natural/thread_packet/x4/raw,1048576,0,1,16777216,16777216,0,512,256,10,3,1400,12.069087982177734,0.008620777130126954,261997.41491179512,1
2026-08-15T18:06:34Z,NVIDIA H200 NVL,full,uniform_0_1,dot,raw_fp64,64,11,52,fp64,natural,thread_packet,4,128,1,1,4,none,raw,natural/thread_packet/x4/raw,1048576,0,1,16777216,16777216,0,512,256,10,4,1400,12.066847801208496,0.008619177000863211,261997.41491179512,1
2026-08-15T18:06:34Z,NVIDIA H200 NVL,full,uniform_0_1,dot,raw_fp64,64,11,52,fp64,natural,thread_packet,4,128,1,1,4,none,raw,natural/thread_packet/x4/raw,16777216,0,1,268435456,268435456,0,512,256,10,0,217,14.998111724853516,0.069115722234348004,4194144.5995463938,1
2026-08-15T18:06:34Z,NVIDIA H200 NVL,full,uniform_0_1,dot,raw_fp64,64,11,52,fp64,natural,thread_packet,4,128,1,1,4,none,raw,natural/thread_packet/x4/raw,16777216,0,1,268435456,268435456,0,512,256,10,1,217,14.962719917297363,0.068952626346992452,4194144.5995463938,1
2026-08-15T18:06:34Z,NVIDIA H200 NVL,full,uniform_0_1,dot,raw_fp64,64,11,52,fp64,natural,thread_packet,4,128,1,1,4,none,raw,natural/thread_packet/x4/raw,16777216,0,1,268435456,268435456,0,512,256,10,2,217,14.97481632232666,0.06900837014897078,4194144.5995463938,1
2026-08-15T18:06:34Z,NVIDIA H200 NVL,full,uniform_0_1,dot,raw_fp64,64,11,52,fp64,natural,thread_packet,4,128,1,1,4,none,raw,natural/thread_packet/x4/raw,16777216,0,1,268435456,268435456,0,512,256,10,3,217,14.980480194091797,0.069034470940515194,4194144.5995463938,1
2026-08-15T18:06:34Z,NVIDIA H200 NVL,full,uniform_0_1,dot,raw_fp64,64,11,52,fp64,natural,thread_packet,4,128,1,1,4,none,raw,natural/thread_packet/x4/raw,16777216,0,1,268435456,268435456,0,512,256,10,4,217,14.941696166992188,0.068855742705033127,4194144.5995463938,1
2026-08-15T18:06:34Z,NVIDIA H200 NVL,full,uniform_0_1,dot,raw_fp64,64,11,52,fp64,natural,thread_packet,4,128,1,1,4,none,raw,natural/thread_packet/x4/raw,134217728,0,1,2147483648,2147483648,0,512,256,10,0,30,15.076319694519043,0.50254398981730142,33555791.351023242,1
2026-08-15T18:06:34Z,NVIDIA H200 NVL,full,uniform_0_1,dot,raw_fp64,64,11,52,fp64,natural,thread_packet,4,128,1,1,4,none,raw,natural/thread_packet/x4/raw,134217728,0,1,2147483648,2147483648,0,512,256,10,1,30,15.077823638916016,0.50259412129720049,33555791.351023242,1
2026-08-15T18:06:34Z,NVIDIA H200 NVL,full,uniform_0_1,dot,raw_fp64,64,11,52,fp64,natural,thread_packet,4,128,1,1,4,none,raw,natural/thread_packet/x4/raw,134217728,0,1,2147483648,2147483648,0,512,256,10,2,30,15.080863952636719,0.50269546508789065,33555791.351023242,1
2026-08-15T18:06:34Z,NVIDIA H200 NVL,full,uniform_0_1,dot,raw_fp64,64,11,52,fp64,natural,thread_packet,4,128,1,1,4,none,raw,natural/thread_packet/x4/raw,134217728,0,1,2147483648,2147483648,0,512,256,10,3,30,15.091903686523438,0.50306345621744797,33555791.351023242,1
2026-08-15T18:06:34Z,NVIDIA H200 NVL,full,uniform_0_1,dot,raw_fp64,64,11,52,fp64,natural,thread_packet,4,128,1,1,4,none,raw,natural/thread_packet/x4/raw,134217728,0,1,2147483648,2147483648,0,512,256,10,4,30,15.061056137084961,0.50203520456949868,33555791.351023242,1
2026-08-15T18:06:34Z,NVIDIA H200 NVL,full,uniform_0_1,gemv,raw_fp64,64,11,52,fp64,natural,thread_packet,4,128,1,1,4,none,raw,natural/thread_packet/x4/raw,256,1024,1024,2099200,2099200,0,1024,256,10,0,2368,10.078368186950684,0.0042560676465163358,62.262414696816933,1
2026-08-15T18:06:34Z,NVIDIA H200 NVL,full,uniform_0_1,gemv,raw_fp64,64,11,52,fp64,natural,thread_packet,4,128,1,1,4,none,raw,natural/thread_packet/x4/raw,256,1024,1024,2099200,2099200,0,1024,256,10,1,2368,10.088992118835449,0.0042605541042379427,62.262414696816933,1
2026-08-15T18:06:34Z,NVIDIA H200 NVL,full,uniform_0_1,gemv,raw_fp64,64,11,52,fp64,natural,thread_packet,4,128,1,1,4,none,raw,natural/thread_packet/x4/raw,256,1024,1024,2099200,2099200,0,1024,256,10,2,2368,10.080160140991211,0.0042568243838645315,62.262414696816933,1
2026-08-15T18:06:34Z,NVIDIA H200 NVL,full,uniform_0_1,gemv,raw_fp64,64,11,52,fp64,natural,thread_packet,4,128,1,1,4,none,raw,natural/thread_packet/x4/raw,256,1024,1024,2099200,2099200,0,1024,256,10,3,2368,10.087776184082031,0.0042600406182778851,62.262414696816933,1
2026-08-15T18:06:34Z,NVIDIA H200 NVL,full,uniform_0_1,gemv,raw_fp64,64,11,52,fp64,natural,thread_packet,4,128,1,1,4,none,raw,natural/thread_packet/x4/raw,256,1024,1024,2099200,2099200,0,1024,256,10,4,2368,10.081567764282227,0.0042574188193759402,62.262414696816933,1
2026-08-15T18:06:34Z,NVIDIA H200 NVL,full,uniform_0_1,gemv,raw_fp64,64,11,52,fp64,natural,thread_packet,4,128,1,1,4,none,raw,natural/thread_packet/x4/raw,1024,1024,1024,8396800,8396800,0,1024,256,10,0,1817,11.009920120239258,0.006059394672668827,248.53376947185924,1
2026-08-15T18:06:34Z,NVIDIA H200 NVL,full,uniform_0_1,gemv,raw_fp64,64,11,52,fp64,natural,thread_packet,4,128,1,1,4,none,raw,natural/thread_packet/x4/raw,1024,1024,1024,8396800,8396800,0,1024,256,10,1,1817,11.012288093566895,0.0060606979051001071,248.53376947185924,1
2026-08-15T18:06:34Z,NVIDIA H200 NVL,full,uniform_0_1,gemv,raw_fp64,64,11,52,fp64,natural,thread_packet,4,128,1,1,4,none,raw,natural/thread_packet/x4/raw,1024,1024,1024,8396800,8396800,0,1024,256,10,2,1817,11.013343811035156,0.0060612789273721277,248.53376947185924,1
2026-08-15T18:06:34Z,NVIDIA H200 NVL,full,uniform_0_1,gemv,raw_fp64,64,11,52,fp64,natural,thread_packet,4,128,1,1,4,none,raw,natural/thread_packet/x4/raw,1024,1024,1024,8396800,8396800,0,1024,256,10,3,1817,11.018815994262695,0.0060642905857252035,248.53376947185924,1
2026-08-15T18:06:34Z,NVIDIA H200 NVL,full,uniform_0_1,gemv,raw_fp64,64,11,52,fp64,natural,thread_packet,4,128,1,1,4,none,raw,natural/thread_packet/x4/raw,1024,1024,1024,8396800,8396800,0,1024,256,10,4,1817,11.020895957946777,0.0060654353098221116,248.53376947185924,1
2026-08-15T18:06:34Z,NVIDIA H200 NVL,full,uniform_0_1,gemv,raw_fp64,64,11,52,fp64,natural,thread_packet,4,128,1,1,4,none,raw,natural/thread_packet/x4/raw,4096,1024,1024,33587200,33587200,0,1024,256,10,0,981,12.801631927490234,0.013049573830265275,1019.6924867658463,1
2026-08-15T18:06:34Z,NVIDIA H200 NVL,full,uniform_0_1,gemv,raw_fp64,64,11,52,fp64,natural,thread_packet,4,128,1,1,4,none,raw,natural/thread_packet/x4/raw,4096,1024,1024,33587200,33587200,0,1024,256,10,1,981,12.779840469360352,0.01302736031535204,1019.6924867658463,1
2026-08-15T18:06:34Z,NVIDIA H200 NVL,full,uniform_0_1,gemv,raw_fp64,64,11,52,fp64,natural,thread_packet,4,128,1,1,4,none,raw,natural/thread_packet/x4/raw,4096,1024,1024,33587200,33587200,0,1024,256,10,2,981,12.771327972412109,0.013018682948432324,1019.6924867658463,1
2026-08-15T18:06:34Z,NVIDIA H200 NVL,full,uniform_0_1,gemv,raw_fp64,64,11,52,fp64,natural,thread_packet,4,128,1,1,4,none,raw,natural/thread_packet/x4/raw,4096,1024,1024,33587200,33587200,0,1024,256,10,3,981,12.761919975280762,0.013009092737289257,1019.6924867658463,1
2026-08-15T18:06:34Z,NVIDIA H200 NVL,full,uniform_0_1,gemv,raw_fp64,64,11,52,fp64,natural,thread_packet,4,128,1,1,4,none,raw,natural/thread_packet/x4/raw,4096,1024,1024,33587200,33587200,0,1024,256,10,4,981,12.75654411315918,0.013003612755513944,1019.6924867658463,1
2026-08-15T18:06:34Z,NVIDIA H200 NVL,full,uniform_0_1,gemv,raw_fp64,64,11,52,fp64,natural,thread_packet,4,128,1,1,4,none,raw,natural/thread_packet/x4/raw,16384,1024,1024,134348800,134348800,0,1024,256,10,0,350,14.732383728027344,0.042092524937220981,4110.2963092903155,1
2026-08-15T18:06:34Z,NVIDIA H200 NVL,full,uniform_0_1,gemv,raw_fp64,64,11,52,fp64,natural,thread_packet,4,128,1,1,4,none,raw,natural/thread_packet/x4/raw,16384,1024,1024,134348800,134348800,0,1024,256,10,1,350,14.691904067993164,0.041976868765694751,4110.2963092903155,1
2026-08-15T18:06:34Z,NVIDIA H200 NVL,full,uniform_0_1,gemv,raw_fp64,64,11,52,fp64,natural,thread_packet,4,128,1,1,4,none,raw,natural/thread_packet/x4/raw,16384,1024,1024,134348800,134348800,0,1024,256,10,2,350,14.679679870605469,0.041941942487444199,4110.2963092903155,1
2026-08-15T18:06:34Z,NVIDIA H200 NVL,full,uniform_0_1,gemv,raw_fp64,64,11,52,fp64,natural,thread_packet,4,128,1,1,4,none,raw,natural/thread_packet/x4/raw,16384,1024,1024,134348800,134348800,0,1024,256,10,3,350,14.698880195617676,0.041996800558907643,4110.2963092903155,1
2026-08-15T18:06:34Z,NVIDIA H200 NVL,full,uniform_0_1,gemv,raw_fp64,64,11,52,fp64,natural,thread_packet,4,128,1,1,4,none,raw,natural/thread_packet/x4/raw,16384,1024,1024,134348800,134348800,0,1024,256,10,4,350,14.681856155395508,0.041948160443987165,4110.2963092903155,1
2026-08-15T18:06:34Z,NVIDIA H200 NVL,full,uniform_0_1,gemv,raw_fp64,64,11,52,fp64,natural,thread_packet,4,128,1,1,4,none,raw,natural/thread_packet/x4/raw,65536,1024,1024,537395200,537395200,0,1024,256,10,0,98,14.988415718078613,0.15294301753141443,16361.329375903362,1
2026-08-15T18:06:34Z,NVIDIA H200 NVL,full,uniform_0_1,gemv,raw_fp64,64,11,52,fp64,natural,thread_packet,4,128,1,1,4,none,raw,natural/thread_packet/x4/raw,65536,1024,1024,537395200,537395200,0,1024,256,10,1,98,14.980223655700684,0.15285942505817024,16361.329375903362,1
2026-08-15T18:06:34Z,NVIDIA H200 NVL,full,uniform_0_1,gemv,raw_fp64,64,11,52,fp64,natural,thread_packet,4,128,1,1,4,none,raw,natural/thread_packet/x4/raw,65536,1024,1024,537395200,537395200,0,1024,256,10,2,98,14.970815658569336,0.1527634250874422,16361.329375903362,1
2026-08-15T18:06:34Z,NVIDIA H200 NVL,full,uniform_0_1,gemv,raw_fp64,64,11,52,fp64,natural,thread_packet,4,128,1,1,4,none,raw,natural/thread_packet/x4/raw,65536,1024,1024,537395200,537395200,0,1024,256,10,3,98,14.956447601318359,0.15261681225835061,16361.329375903362,1
2026-08-15T18:06:34Z,NVIDIA H200 NVL,full,uniform_0_1,gemv,raw_fp64,64,11,52,fp64,natural,thread_packet,4,128,1,1,4,none,raw,natural/thread_packet/x4/raw,65536,1024,1024,537395200,537395200,0,1024,256,10,4,98,14.968799591064453,0.15274285297004545,16361.329375903362,1
2026-08-15T18:06:34Z,NVIDIA H200 NVL,full,uniform_0_1,dot,raw_fp64,64,11,52,fp64,natural,thread_packet,8,128,1,1,8,none,raw,natural/thread_packet/x8/raw,4096,0,1,65536,65536,0,2,256,10,0,1937,11.645919799804688,0.0060123488899353058,1019.6924867658463,1
2026-08-15T18:06:34Z,NVIDIA H200 NVL,full,uniform_0_1,dot,raw_fp64,64,11,52,fp64,natural,thread_packet,8,128,1,1,8,none,raw,natural/thread_packet/x8/raw,4096,0,1,65536,65536,0,2,256,10,1,1937,11.652000427246094,0.0060154880884078958,1019.6924867658463,1
2026-08-15T18:06:34Z,NVIDIA H200 NVL,full,uniform_0_1,dot,raw_fp64,64,11,52,fp64,natural,thread_packet,8,128,1,1,8,none,raw,natural/thread_packet/x8/raw,4096,0,1,65536,65536,0,2,256,10,2,1937,11.65129566192627,0.0060151242446702478,1019.6924867658463,1
2026-08-15T18:06:34Z,NVIDIA H200 NVL,full,uniform_0_1,dot,raw_fp64,64,11,52,fp64,natural,thread_packet,8,128,1,1,8,none,raw,natural/thread_packet/x8/raw,4096,0,1,65536,65536,0,2,256,10,3,1937,11.647839546203613,0.0060133399825522005,1019.6924867658463,1
2026-08-15T18:06:34Z,NVIDIA H200 NVL,full,uniform_0_1,dot,raw_fp64,64,11,52,fp64,natural,thread_packet,8,128,1,1,8,none,raw,natural/thread_packet/x8/raw,4096,0,1,65536,65536,0,2,256,10,4,1937,11.64675235748291,0.0060127787080448683,1019.6924867658463,1
2026-08-15T18:06:34Z,NVIDIA H200 NVL,full,uniform_0_1,dot,raw_fp64,64,11,52,fp64,natural,thread_packet,8,128,1,1,8,none,raw,natural/thread_packet/x8/raw,65536,0,1,1048576,1048576,0,32,256,10,0,1790,11.194272041320801,0.0062537832633077096,16361.329375903359,1
2026-08-15T18:06:34Z,NVIDIA H200 NVL,full,uniform_0_1,dot,raw_fp64,64,11,52,fp64,natural,thread_packet,8,128,1,1,8,none,raw,natural/thread_packet/x8/raw,65536,0,1,1048576,1048576,0,32,256,10,1,1790,11.195199966430664,0.0062543016572238347,16361.329375903359,1
2026-08-15T18:06:34Z,NVIDIA H200 NVL,full,uniform_0_1,dot,raw_fp64,64,11,52,fp64,natural,thread_packet,8,128,1,1,8,none,raw,natural/thread_packet/x8/raw,65536,0,1,1048576,1048576,0,32,256,10,2,1790,11.195967674255371,0.0062547305442767435,16361.329375903359,1
2026-08-15T18:06:34Z,NVIDIA H200 NVL,full,uniform_0_1,dot,raw_fp64,64,11,52,fp64,natural,thread_packet,8,128,1,1,8,none,raw,natural/thread_packet/x8/raw,65536,0,1,1048576,1048576,0,32,256,10,3,1790,11.195327758789062,0.0062543730496028285,16361.329375903359,1
2026-08-15T18:06:34Z,NVIDIA H200 NVL,full,uniform_0_1,dot,raw_fp64,64,11,52,fp64,natural,thread_packet,8,128,1,1,8,none,raw,natural/thread_packet/x8/raw,65536,0,1,1048576,1048576,0,32,256,10,4,1790,11.197055816650391,0.006255338445056084,16361.329375903359,1
2026-08-15T18:06:34Z,NVIDIA H200 NVL,full,uniform_0_1,dot,raw_fp64,64,11,52,fp64,natural,thread_packet,8,128,1,1,8,none,raw,natural/thread_packet/x8/raw,1048576,0,1,16777216,16777216,0,512,256,10,0,1178,12.620063781738281,0.010713127149183601,261997.41491179509,1
2026-08-15T18:06:34Z,NVIDIA H200 NVL,full,uniform_0_1,dot,raw_fp64,64,11,52,fp64,natural,thread_packet,8,128,1,1,8,none,raw,natural/thread_packet/x8/raw,1048576,0,1,16777216,16777216,0,512,256,10,1,1178,12.617088317871094,0.010710601288515359,261997.41491179509,1
2026-08-15T18:06:34Z,NVIDIA H200 NVL,full,uniform_0_1,dot,raw_fp64,64,11,52,fp64,natural,thread_packet,8,128,1,1,8,none,raw,natural/thread_packet/x8/raw,1048576,0,1,16777216,16777216,0,512,256,10,2,1178,12.623040199279785,0.010715653819422568,261997.41491179509,1
2026-08-15T18:06:34Z,NVIDIA H200 NVL,full,uniform_0_1,dot,raw_fp64,64,11,52,fp64,natural,thread_packet,8,128,1,1,8,none,raw,natural/thread_packet/x8/raw,1048576,0,1,16777216,16777216,0,512,256,10,3,1178,12.623776435852051,0.010716278808023812,261997.41491179509,1
2026-08-15T18:06:34Z,NVIDIA H200 NVL,full,uniform_0_1,dot,raw_fp64,64,11,52,fp64,natural,thread_packet,8,128,1,1,8,none,raw,natural/thread_packet/x8/raw,1048576,0,1,16777216,16777216,0,512,256,10,4,1178,12.625632286071777,0.010717854232658554,261997.41491179509,1
2026-08-15T18:06:34Z,NVIDIA H200 NVL,full,uniform_0_1,dot,raw_fp64,64,11,52,fp64,natural,thread_packet,8,128,1,1,8,none,raw,natural/thread_packet/x8/raw,16777216,0,1,268435456,268435456,0,512,256,10,0,171,14.604000091552734,0.085403509307325931,4194144.5995463938,1
2026-08-15T18:06:34Z,NVIDIA H200 NVL,full,uniform_0_1,dot,raw_fp64,64,11,52,fp64,natural,thread_packet,8,128,1,1,8,none,raw,natural/thread_packet/x8/raw,16777216,0,1,268435456,268435456,0,512,256,10,1,171,14.613984107971191,0.085461895368252577,4194144.5995463938,1
2026-08-15T18:06:34Z,NVIDIA H200 NVL,full,uniform_0_1,dot,raw_fp64,64,11,52,fp64,natural,thread_packet,8,128,1,1,8,none,raw,natural/thread_packet/x8/raw,16777216,0,1,268435456,268435456,0,512,256,10,2,171,14.583935737609863,0.085286173904151247,4194144.5995463938,1
2026-08-15T18:06:34Z,NVIDIA H200 NVL,full,uniform_0_1,dot,raw_fp64,64,11,52,fp64,natural,thread_packet,8,128,1,1,8,none,raw,natural/thread_packet/x8/raw,16777216,0,1,268435456,268435456,0,512,256,10,3,171,14.594592094421387,0.085348491780242022,4194144.5995463938,1
2026-08-15T18:06:34Z,NVIDIA H200 NVL,full,uniform_0_1,dot,raw_fp64,64,11,52,fp64,natural,thread_packet,8,128,1,1,8,none,raw,natural/thread_packet/x8/raw,16777216,0,1,268435456,268435456,0,512,256,10,4,171,14.596320152282715,0.085358597381770263,4194144.5995463938,1
2026-08-15T18:06:34Z,NVIDIA H200 NVL,full,uniform_0_1,dot,raw_fp64,64,11,52,fp64,natural,thread_packet,8,128,1,1,8,none,raw,natural/thread_packet/x8/raw,134217728,0,1,2147483648,2147483648,0,512,256,10,0,25,15.246944427490234,0.60987777709960933,33555791.351023234,1
2026-08-15T18:06:34Z,NVIDIA H200 NVL,full,uniform_0_1,dot,raw_fp64,64,11,52,fp64,natural,thread_packet,8,128,1,1,8,none,raw,natural/thread_packet/x8/raw,134217728,0,1,2147483648,2147483648,0,512,256,10,1,25,15.244000434875488,0.6097600173950195,33555791.351023234,1
2026-08-15T18:06:34Z,NVIDIA H200 NVL,full,uniform_0_1,dot,raw_fp64,64,11,52,fp64,natural,thread_packet,8,128,1,1,8,none,raw,natural/thread_packet/x8/raw,134217728,0,1,2147483648,2147483648,0,512,256,10,2,25,15.232768058776855,0.6093107223510742,33555791.351023234,1
2026-08-15T18:06:34Z,NVIDIA H200 NVL,full,uniform_0_1,dot,raw_fp64,64,11,52,fp64,natural,thread_packet,8,128,1,1,8,none,raw,natural/thread_packet/x8/raw,134217728,0,1,2147483648,2147483648,0,512,256,10,3,25,15.260416030883789,0.61041664123535155,33555791.351023234,1
2026-08-15T18:06:34Z,NVIDIA H200 NVL,full,uniform_0_1,dot,raw_fp64,64,11,52,fp64,natural,thread_packet,8,128,1,1,8,none,raw,natural/thread_packet/x8/raw,134217728,0,1,2147483648,2147483648,0,512,256,10,4,25,15.254688262939453,0.61018753051757812,33555791.351023234,1
2026-08-15T18:06:34Z,NVIDIA H200 NVL,full,uniform_0_1,gemv,raw_fp64,64,11,52,fp64,natural,thread_packet,8,128,1,1,8,none,raw,natural/thread_packet/x8/raw,256,1024,1024,2099200,2099200,0,1024,256,10,0,2212,10.607040405273438,0.0047952262229988413,62.262414696816933,1
2026-08-15T18:06:34Z,NVIDIA H200 NVL,full,uniform_0_1,gemv,raw_fp64,64,11,52,fp64,natural,thread_packet,8,128,1,1,8,none,raw,natural/thread_packet/x8/raw,256,1024,1024,2099200,2099200,0,1024,256,10,1,2212,10.609984397888184,0.0047965571419024342,62.262414696816933,1
2026-08-15T18:06:34Z,NVIDIA H200 NVL,full,uniform_0_1,gemv,raw_fp64,64,11,52,fp64,natural,thread_packet,8,128,1,1,8,none,raw,natural/thread_packet/x8/raw,256,1024,1024,2099200,2099200,0,1024,256,10,2,2212,10.61900806427002,0.0048006365570840955,62.262414696816933,1
2026-08-15T18:06:34Z,NVIDIA H200 NVL,full,uniform_0_1,gemv,raw_fp64,64,11,52,fp64,natural,thread_packet,8,128,1,1,8,none,raw,natural/thread_packet/x8/raw,256,1024,1024,2099200,2099200,0,1024,256,10,3,2212,10.615936279296875,0.0047992478658665802,62.262414696816933,1
2026-08-15T18:06:34Z,NVIDIA H200 NVL,full,uniform_0_1,gemv,raw_fp64,64,11,52,fp64,natural,thread_packet,8,128,1,1,8,none,raw,natural/thread_packet/x8/raw,256,1024,1024,2099200,2099200,0,1024,256,10,4,2212,10.612895965576172,0.0047978734021592098,62.262414696816933,1
2026-08-15T18:06:34Z,NVIDIA H200 NVL,full,uniform_0_1,gemv,raw_fp64,64,11,52,fp64,natural,thread_packet,8,128,1,1,8,none,raw,natural/thread_packet/x8/raw,1024,1024,1024,8396800,8396800,0,1024,256,10,0,1434,11.902336120605469,0.0083000949237137158,248.53376947185927,1
2026-08-15T18:06:34Z,NVIDIA H200 NVL,full,uniform_0_1,gemv,raw_fp64,64,11,52,fp64,natural,thread_packet,8,128,1,1,8,none,raw,natural/thread_packet/x8/raw,1024,1024,1024,8396800,8396800,0,1024,256,10,1,1434,11.904095649719238,0.0083013219314639047,248.53376947185927,1
2026-08-15T18:06:34Z,NVIDIA H200 NVL,full,uniform_0_1,gemv,raw_fp64,64,11,52,fp64,natural,thread_packet,8,128,1,1,8,none,raw,natural/thread_packet/x8/raw,1024,1024,1024,8396800,8396800,0,1024,256,10,2,1434,11.901344299316406,0.0082994032770686236,248.53376947185927,1
2026-08-15T18:06:34Z,NVIDIA H200 NVL,full,uniform_0_1,gemv,raw_fp64,64,11,52,fp64,natural,thread_packet,8,128,1,1,8,none,raw,natural/thread_packet/x8/raw,1024,1024,1024,8396800,8396800,0,1024,256,10,3,1434,11.906399726867676,0.0083029286798240419,248.53376947185927,1
2026-08-15T18:06:34Z,NVIDIA H200 NVL,full,uniform_0_1,gemv,raw_fp64,64,11,52,fp64,natural,thread_packet,8,128,1,1,8,none,raw,natural/thread_packet/x8/raw,1024,1024,1024,8396800,8396800,0,1024,256,10,4,1434,11.905823707580566,0.0083025269927340072,248.53376947185927,1
2026-08-15T18:06:34Z,NVIDIA H200 NVL,full,uniform_0_1,gemv,raw_fp64,64,11,52,fp64,natural,thread_packet,8,128,1,1,8,none,raw,natural/thread_packet/x8/raw,4096,1024,1024,33587200,33587200,0,1024,256,10,0,604,13.572511672973633,0.02247104581618151,1019.6924867658464,1
2026-08-15T18:06:34Z,NVIDIA H200 NVL,full,uniform_0_1,gemv,raw_fp64,64,11,52,fp64,natural,thread_packet,8,128,1,1,8,none,raw,natural/thread_packet/x8/raw,4096,1024,1024,33587200,33587200,0,1024,256,10,1,604,13.585920333862305,0.022493245585864744,1019.6924867658464,1
2026-08-15T18:06:34Z,NVIDIA H200 NVL,full,uniform_0_1,gemv,raw_fp64,64,11,52,fp64,natural,thread_packet,8,128,1,1,8,none,raw,natural/thread_packet/x8/raw,4096,1024,1024,33587200,33587200,0,1024,256,10,2,604,13.590880393981934,0.022501457605930354,1019.6924867658464,1
2026-08-15T18:06:34Z,NVIDIA H200 NVL,full,uniform_0_1,gemv,raw_fp64,64,11,52,fp64,natural,thread_packet,8,128,1,1,8,none,raw,natural/thread_packet/x8/raw,4096,1024,1024,33587200,33587200,0,1024,256,10,3,604,13.592864036560059,0.022504741782384204,1019.6924867658464,1
2026-08-15T18:06:34Z,NVIDIA H200 NVL,full,uniform_0_1,gemv,raw_fp64,64,11,52,fp64,natural,thread_packet,8,128,1,1,8,none,raw,natural/thread_packet/x8/raw,4096,1024,1024,33587200,33587200,0,1024,256,10,4,604,13.592960357666016,0.022504901254413932,1019.6924867658464,1
2026-08-15T18:06:34Z,NVIDIA H200 NVL,full,uniform_0_1,gemv,raw_fp64,64,11,52,fp64,natural,thread_packet,8,128,1,1,8,none,raw,natural/thread_packet/x8/raw,16384,1024,1024,134348800,134348800,0,1024,256,10,0,186,14.827168464660645,0.079715959487422813,4110.2963092903155,1
2026-08-15T18:06:34Z,NVIDIA H200 NVL,full,uniform_0_1,gemv,raw_fp64,64,11,52,fp64,natural,thread_packet,8,128,1,1,8,none,raw,natural/thread_packet/x8/raw,16384,1024,1024,134348800,134348800,0,1024,256,10,1,186,14.824992179870605,0.079704259031562391,4110.2963092903155,1
2026-08-15T18:06:34Z,NVIDIA H200 NVL,full,uniform_0_1,gemv,raw_fp64,64,11,52,fp64,natural,thread_packet,8,128,1,1,8,none,raw,natural/thread_packet/x8/raw,16384,1024,1024,134348800,134348800,0,1024,256,10,2,186,14.82256031036377,0.079691184464321344,4110.2963092903155,1
2026-08-15T18:06:34Z,NVIDIA H200 NVL,full,uniform_0_1,gemv,raw_fp64,64,11,52,fp64,natural,thread_packet,8,128,1,1,8,none,raw,natural/thread_packet/x8/raw,16384,1024,1024,134348800,134348800,0,1024,256,10,3,186,14.817824363708496,0.079665722385529547,4110.2963092903155,1
2026-08-15T18:06:34Z,NVIDIA H200 NVL,full,uniform_0_1,gemv,raw_fp64,64,11,52,fp64,natural,thread_packet,8,128,1,1,8,none,raw,natural/thread_packet/x8/raw,16384,1024,1024,134348800,134348800,0,1024,256,10,4,186,14.821439743041992,0.079685159908827921,4110.2963092903155,1
2026-08-15T18:06:34Z,NVIDIA H200 NVL,full,uniform_0_1,gemv,raw_fp64,64,11,52,fp64,natural,thread_packet,8,128,1,1,8,none,raw,natural/thread_packet/x8/raw,65536,1024,1024,537395200,537395200,0,1024,256,10,0,50,15.069151878356934,0.30138303756713869,16361.329375903359,1
2026-08-15T18:06:34Z,NVIDIA H200 NVL,full,uniform_0_1,gemv,raw_fp64,64,11,52,fp64,natural,thread_packet,8,128,1,1,8,none,raw,natural/thread_packet/x8/raw,65536,1024,1024,537395200,537395200,0,1024,256,10,1,50,15.089311599731445,0.3017862319946289,16361.329375903359,1
2026-08-15T18:06:34Z,NVIDIA H200 NVL,full,uniform_0_1,gemv,raw_fp64,64,11,52,fp64,natural,thread_packet,8,128,1,1,8,none,raw,natural/thread_packet/x8/raw,65536,1024,1024,537395200,537395200,0,1024,256,10,2,50,15.081952095031738,0.30163904190063479,16361.329375903359,1
2026-08-15T18:06:34Z,NVIDIA H200 NVL,full,uniform_0_1,gemv,raw_fp64,64,11,52,fp64,natural,thread_packet,8,128,1,1,8,none,raw,natural/thread_packet/x8/raw,65536,1024,1024,537395200,537395200,0,1024,256,10,3,50,15.071231842041016,0.30142463684082033,16361.329375903359,1
2026-08-15T18:06:34Z,NVIDIA H200 NVL,full,uniform_0_1,gemv,raw_fp64,64,11,52,fp64,natural,thread_packet,8,128,1,1,8,none,raw,natural/thread_packet/x8/raw,65536,1024,1024,537395200,537395200,0,1024,256,10,4,50,15.076319694519043,0.30152639389038088,16361.329375903359,1
2026-08-15T18:06:34Z,NVIDIA H200 NVL,full,normal_0_1,dot,raw_fp32,32,8,23,fp32,natural,scalar,1,32,1,1,1,none,raw,natural/scalar/x1/raw,4096,0,1,32768,32768,0,16,256,10,0,1995,9.6255998611450195,0.0048248620857869774,32.916206359863281,1
2026-08-15T18:06:34Z,NVIDIA H200 NVL,full,normal_0_1,dot,raw_fp32,32,8,23,fp32,natural,scalar,1,32,1,1,1,none,raw,natural/scalar/x1/raw,4096,0,1,32768,32768,0,16,256,10,1,1995,9.6253757476806641,0.0048247497482108593,32.916206359863281,1
2026-08-15T18:06:34Z,NVIDIA H200 NVL,full,normal_0_1,dot,raw_fp32,32,8,23,fp32,natural,scalar,1,32,1,1,1,none,raw,natural/scalar/x1/raw,4096,0,1,32768,32768,0,16,256,10,2,1995,9.6245441436767578,0.0048243329040986256,32.916206359863281,1
2026-08-15T18:06:34Z,NVIDIA H200 NVL,full,normal_0_1,dot,raw_fp32,32,8,23,fp32,natural,scalar,1,32,1,1,1,none,raw,natural/scalar/x1/raw,4096,0,1,32768,32768,0,16,256,10,3,1995,9.6215677261352539,0.0048228409654813304,32.916206359863281,1
2026-08-15T18:06:34Z,NVIDIA H200 NVL,full,normal_0_1,dot,raw_fp32,32,8,23,fp32,natural,scalar,1,32,1,1,1,none,raw,natural/scalar/x1/raw,4096,0,1,32768,32768,0,16,256,10,4,1995,9.6249284744262695,0.0048245255510908618,32.916206359863281,1
2026-08-15T18:06:34Z,NVIDIA H200 NVL,full,normal_0_1,dot,raw_fp32,32,8,23,fp32,natural,scalar,1,32,1,1,1,none,raw,natural/scalar/x1/raw,65536,0,1,524288,524288,0,256,256,10,0,2122,10.760160446166992,0.0050707636409835022,424.98861694335938,1
2026-08-15T18:06:34Z,NVIDIA H200 NVL,full,normal_0_1,dot,raw_fp32,32,8,23,fp32,natural,scalar,1,32,1,1,1,none,raw,natural/scalar/x1/raw,65536,0,1,524288,524288,0,256,256,10,1,2122,10.761119842529297,0.0050712157599101301,424.98861694335938,1
2026-08-15T18:06:34Z,NVIDIA H200 NVL,full,normal_0_1,dot,raw_fp32,32,8,23,fp32,natural,scalar,1,32,1,1,1,none,raw,natural/scalar/x1/raw,65536,0,1,524288,524288,0,256,256,10,2,2122,10.760736465454102,0.0050710350921084361,424.98861694335938,1
2026-08-15T18:06:34Z,NVIDIA H200 NVL,full,normal_0_1,dot,raw_fp32,32,8,23,fp32,natural,scalar,1,32,1,1,1,none,raw,natural/scalar/x1/raw,65536,0,1,524288,524288,0,256,256,10,3,2122,10.760416030883789,0.0050708840861846318,424.98861694335938,1
2026-08-15T18:06:34Z,NVIDIA H200 NVL,full,normal_0_1,dot,raw_fp32,32,8,23,fp32,natural,scalar,1,32,1,1,1,none,raw,natural/scalar/x1/raw,65536,0,1,524288,524288,0,256,256,10,4,2122,10.76035213470459,0.0050708539748843496,424.98861694335938,1
2026-08-15T18:06:34Z,NVIDIA H200 NVL,full,normal_0_1,dot,raw_fp32,32,8,23,fp32,natural,scalar,1,32,1,1,1,none,raw,natural/scalar/x1/raw,1048576,0,1,8388608,8388608,0,512,256,10,0,1663,11.686752319335938,0.0070275119178207683,-1214.739990234375,1
2026-08-15T18:06:34Z,NVIDIA H200 NVL,full,normal_0_1,dot,raw_fp32,32,8,23,fp32,natural,scalar,1,32,1,1,1,none,raw,natural/scalar/x1/raw,1048576,0,1,8388608,8388608,0,512,256,10,1,1663,11.697152137756348,0.0070337655669009905,-1214.739990234375,1
2026-08-15T18:06:34Z,NVIDIA H200 NVL,full,normal_0_1,dot,raw_fp32,32,8,23,fp32,natural,scalar,1,32,1,1,1,none,raw,natural/scalar/x1/raw,1048576,0,1,8388608,8388608,0,512,256,10,2,1663,11.694975852966309,0.007032456916997179,-1214.739990234375,1
2026-08-15T18:06:34Z,NVIDIA H200 NVL,full,normal_0_1,dot,raw_fp32,32,8,23,fp32,natural,scalar,1,32,1,1,1,none,raw,natural/scalar/x1/raw,1048576,0,1,8388608,8388608,0,512,256,10,3,1663,11.697728157043457,0.0070341119404951635,-1214.739990234375,1
2026-08-15T18:06:34Z,NVIDIA H200 NVL,full,normal_0_1,dot,raw_fp32,32,8,23,fp32,natural,scalar,1,32,1,1,1,none,raw,natural/scalar/x1/raw,1048576,0,1,8388608,8388608,0,512,256,10,4,1663,11.700703620910645,0.0070359011550875797,-1214.739990234375,1
2026-08-15T18:06:34Z,NVIDIA H200 NVL,full,normal_0_1,dot,raw_fp32,32,8,23,fp32,natural,scalar,1,32,1,1,1,none,raw,natural/scalar/x1/raw,16777216,0,1,134217728,134217728,0,512,256,10,0,209,14.687199592590332,0.070273682261197762,-2896.154296875,1
2026-08-15T18:06:34Z,NVIDIA H200 NVL,full,normal_0_1,dot,raw_fp32,32,8,23,fp32,natural,scalar,1,32,1,1,1,none,raw,natural/scalar/x1/raw,16777216,0,1,134217728,134217728,0,512,256,10,1,209,14.678463935852051,0.070231884860536123,-2896.154296875,1
2026-08-15T18:06:34Z,NVIDIA H200 NVL,full,normal_0_1,dot,raw_fp32,32,8,23,fp32,natural,scalar,1,32,1,1,1,none,raw,natural/scalar/x1/raw,16777216,0,1,134217728,134217728,0,512,256,10,2,209,14.682432174682617,0.070250871649199131,-2896.154296875,1
2026-08-15T18:06:34Z,NVIDIA H200 NVL,full,normal_0_1,dot,raw_fp32,32,8,23,fp32,natural,scalar,1,32,1,1,1,none,raw,natural/scalar/x1/raw,16777216,0,1,134217728,134217728,0,512,256,10,3,209,14.68665599822998,0.07027108133124392,-2896.154296875,1
2026-08-15T18:06:34Z,NVIDIA H200 NVL,full,normal_0_1,dot,raw_fp32,32,8,23,fp32,natural,scalar,1,32,1,1,1,none,raw,natural/scalar/x1/raw,16777216,0,1,134217728,134217728,0,512,256,10,4,209,14.674592018127441,0.070213358938408812,-2896.154296875,1
2026-08-15T18:06:34Z,NVIDIA H200 NVL,full,normal_0_1,dot,raw_fp32,32,8,23,fp32,natural,scalar,1,32,1,1,1,none,raw,natural/scalar/x1/raw,134217728,0,1,1073741824,1073741824,0,512,256,10,0,30,15.118751525878906,0.5039583841959635,13110.0732421875,1
2026-08-15T18:06:34Z,NVIDIA H200 NVL,full,normal_0_1,dot,raw_fp32,32,8,23,fp32,natural,scalar,1,32,1,1,1,none,raw,natural/scalar/x1/raw,134217728,0,1,1073741824,1073741824,0,512,256,10,1,30,15.109888076782227,0.50366293589274092,13110.0732421875,1
2026-08-15T18:06:34Z,NVIDIA H200 NVL,full,normal_0_1,dot,raw_fp32,32,8,23,fp32,natural,scalar,1,32,1,1,1,none,raw,natural/scalar/x1/raw,134217728,0,1,1073741824,1073741824,0,512,256,10,2,30,15.11564826965332,0.5038549423217773,13110.0732421875,1
2026-08-15T18:06:34Z,NVIDIA H200 NVL,full,normal_0_1,dot,raw_fp32,32,8,23,fp32,natural,scalar,1,32,1,1,1,none,raw,natural/scalar/x1/raw,134217728,0,1,1073741824,1073741824,0,512,256,10,3,30,15.115455627441406,0.50384852091471355,13110.0732421875,1
2026-08-15T18:06:34Z,NVIDIA H200 NVL,full,normal_0_1,dot,raw_fp32,32,8,23,fp32,natural,scalar,1,32,1,1,1,none,raw,natural/scalar/x1/raw,134217728,0,1,1073741824,1073741824,0,512,256,10,4,30,15.099488258361816,0.50331627527872724,13110.0732421875,1
2026-08-15T18:06:34Z,NVIDIA H200 NVL,full,normal_0_1,gemv,raw_fp32,32,8,23,fp32,natural,scalar,1,32,1,1,1,none,raw,natural/scalar/x1/raw,256,1024,1024,1049600,1049600,0,1024,256,10,0,2481,8.994624137878418,0.0036254027157913817,18.843532562255859,1
2026-08-15T18:06:34Z,NVIDIA H200 NVL,full,normal_0_1,gemv,raw_fp32,32,8,23,fp32,natural,scalar,1,32,1,1,1,none,raw,natural/scalar/x1/raw,256,1024,1024,1049600,1049600,0,1024,256,10,1,2481,8.9991035461425781,0.0036272082007829821,18.843532562255859,1
2026-08-15T18:06:34Z,NVIDIA H200 NVL,full,normal_0_1,gemv,raw_fp32,32,8,23,fp32,natural,scalar,1,32,1,1,1,none,raw,natural/scalar/x1/raw,256,1024,1024,1049600,1049600,0,1024,256,10,2,2481,9.0052480697631836,0.0036296848326332863,18.843532562255859,1
2026-08-15T18:06:34Z,NVIDIA H200 NVL,full,normal_0_1,gemv,raw_fp32,32,8,23,fp32,natural,scalar,1,32,1,1,1,none,raw,natural/scalar/x1/raw,256,1024,1024,1049600,1049600,0,1024,256,10,3,2481,9.0033597946166992,0.0036289237382574361,18.843532562255859,1
2026-08-15T18:06:34Z,NVIDIA H200 NVL,full,normal_0_1,gemv,raw_fp32,32,8,23,fp32,natural,scalar,1,32,1,1,1,none,raw,natural/scalar/x1/raw,256,1024,1024,1049600,1049600,0,1024,256,10,4,2481,9.0037755966186523,0.0036290913327765629,18.843532562255859,1
2026-08-15T18:06:34Z,NVIDIA H200 NVL,full,normal_0_1,gemv,raw_fp32,32,8,23,fp32,natural,scalar,1,32,1,1,1,none,raw,natural/scalar/x1/raw,1024,1024,1024,4198400,4198400,0,1024,256,10,0,2233,9.7480640411376953,0.0043654563551892948,17.024106979370117,1
2026-08-15T18:06:34Z,NVIDIA H200 NVL,full,normal_0_1,gemv,raw_fp32,32,8,23,fp32,natural,scalar,1,32,1,1,1,none,raw,natural/scalar/x1/raw,1024,1024,1024,4198400,4198400,0,1024,256,10,1,2233,9.7454719543457031,0.0043642955460571889,17.024106979370117,1
2026-08-15T18:06:34Z,NVIDIA H200 NVL,full,normal_0_1,gemv,raw_fp32,32,8,23,fp32,natural,scalar,1,32,1,1,1,none,raw,natural/scalar/x1/raw,1024,1024,1024,4198400,4198400,0,1024,256,10,2,2233,9.7519683837890625,0.004367204829283055,17.024106979370117,1
2026-08-15T18:06:34Z,NVIDIA H200 NVL,full,normal_0_1,gemv,raw_fp32,32,8,23,fp32,natural,scalar,1,32,1,1,1,none,raw,natural/scalar/x1/raw,1024,1024,1024,4198400,4198400,0,1024,256,10,3,2233,9.7530241012573242,0.0043676776091613632,17.024106979370117,1
2026-08-15T18:06:34Z,NVIDIA H200 NVL,full,normal_0_1,gemv,raw_fp32,32,8,23,fp32,natural,scalar,1,32,1,1,1,none,raw,natural/scalar/x1/raw,1024,1024,1024,4198400,4198400,0,1024,256,10,4,2233,9.7491521835327148,0.0043659436558588062,17.024106979370117,1
2026-08-15T18:06:34Z,NVIDIA H200 NVL,full,normal_0_1,gemv,raw_fp32,32,8,23,fp32,natural,scalar,1,32,1,1,1,none,raw,natural/scalar/x1/raw,4096,1024,1024,16793600,16793600,0,1024,256,10,0,1611,11.41260814666748,0.0070841763790611299,32.916213989257812,1
2026-08-15T18:06:34Z,NVIDIA H200 NVL,full,normal_0_1,gemv,raw_fp32,32,8,23,fp32,natural,scalar,1,32,1,1,1,none,raw,natural/scalar/x1/raw,4096,1024,1024,16793600,16793600,0,1024,256,10,1,1611,11.424448013305664,0.007091525768656526,32.916213989257812,1
2026-08-15T18:06:34Z,NVIDIA H200 NVL,full,normal_0_1,gemv,raw_fp32,32,8,23,fp32,natural,scalar,1,32,1,1,1,none,raw,natural/scalar/x1/raw,4096,1024,1024,16793600,16793600,0,1024,256,10,2,1611,11.413984298706055,0.0070850306013072965,32.916213989257812,1
2026-08-15T18:06:34Z,NVIDIA H200 NVL,full,normal_0_1,gemv,raw_fp32,32,8,23,fp32,natural,scalar,1,32,1,1,1,none,raw,natural/scalar/x1/raw,4096,1024,1024,16793600,16793600,0,1024,256,10,3,1611,11.407936096191406,0.0070812762856557456,32.916213989257812,1
2026-08-15T18:06:34Z,NVIDIA H200 NVL,full,normal_0_1,gemv,raw_fp32,32,8,23,fp32,natural,scalar,1,32,1,1,1,none,raw,natural/scalar/x1/raw,4096,1024,1024,16793600,16793600,0,1024,256,10,4,1611,11.397536277770996,0.00707482078073929,32.916213989257812,1
2026-08-15T18:06:34Z,NVIDIA H200 NVL,full,normal_0_1,gemv,raw_fp32,32,8,23,fp32,natural,scalar,1,32,1,1,1,none,raw,natural/scalar/x1/raw,16384,1024,1024,67174400,67174400,0,1024,256,10,0,432,14.707743644714355,0.034045702881283231,14.335777282714844,1
2026-08-15T18:06:34Z,NVIDIA H200 NVL,full,normal_0_1,gemv,raw_fp32,32,8,23,fp32,natural,scalar,1,32,1,1,1,none,raw,natural/scalar/x1/raw,16384,1024,1024,67174400,67174400,0,1024,256,10,1,432,14.735872268676758,0.034110815436751755,14.335777282714844,1
2026-08-15T18:06:34Z,NVIDIA H200 NVL,full,normal_0_1,gemv,raw_fp32,32,8,23,fp32,natural,scalar,1,32,1,1,1,none,raw,natural/scalar/x1/raw,16384,1024,1024,67174400,67174400,0,1024,256,10,2,432,14.730175971984863,0.034097629564779776,14.335777282714844,1
2026-08-15T18:06:34Z,NVIDIA H200 NVL,full,normal_0_1,gemv,raw_fp32,32,8,23,fp32,natural,scalar,1,32,1,1,1,none,raw,natural/scalar/x1/raw,16384,1024,1024,67174400,67174400,0,1024,256,10,3,432,14.731679916381836,0.034101110917550546,14.335777282714844,1
2026-08-15T18:06:34Z,NVIDIA H200 NVL,full,normal_0_1,gemv,raw_fp32,32,8,23,fp32,natural,scalar,1,32,1,1,1,none,raw,natural/scalar/x1/raw,16384,1024,1024,67174400,67174400,0,1024,256,10,4,432,14.733311653137207,0.034104888085965755,14.335777282714844,1
2026-08-15T18:06:34Z,NVIDIA H200 NVL,full,normal_0_1,gemv,raw_fp32,32,8,23,fp32,natural,scalar,1,32,1,1,1,none,raw,natural/scalar/x1/raw,65536,1024,1024,268697600,268697600,0,1024,256,10,0,123,14.919872283935547,0.12129977466614265,424.98876953125,1
2026-08-15T18:06:34Z,NVIDIA H200 NVL,full,normal_0_1,gemv,raw_fp32,32,8,23,fp32,natural,scalar,1,32,1,1,1,none,raw,natural/scalar/x1/raw,65536,1024,1024,268697600,268697600,0,1024,256,10,1,123,14.90601634979248,0.12118712479506082,424.98876953125,1
2026-08-15T18:06:34Z,NVIDIA H200 NVL,full,normal_0_1,gemv,raw_fp32,32,8,23,fp32,natural,scalar,1,32,1,1,1,none,raw,natural/scalar/x1/raw,65536,1024,1024,268697600,268697600,0,1024,256,10,2,123,14.89680004119873,0.12111219545690025,424.98876953125,1
2026-08-15T18:06:34Z,NVIDIA H200 NVL,full,normal_0_1,gemv,raw_fp32,32,8,23,fp32,natural,scalar,1,32,1,1,1,none,raw,natural/scalar/x1/raw,65536,1024,1024,268697600,268697600,0,1024,256,10,3,123,14.884736061096191,0.12101411431785522,424.98876953125,1
2026-08-15T18:06:34Z,NVIDIA H200 NVL,full,normal_0_1,gemv,raw_fp32,32,8,23,fp32,natural,scalar,1,32,1,1,1,none,raw,natural/scalar/x1/raw,65536,1024,1024,268697600,268697600,0,1024,256,10,4,123,14.881216049194336,0.1209854963349133,424.98876953125,1
2026-08-15T18:06:34Z,NVIDIA H200 NVL,full,normal_0_1,dot,raw_fp32,32,8,23,fp32,natural,thread_packet,2,64,1,1,2,none,raw,natural/thread_packet/x2/raw,4096,0,1,32768,32768,0,8,256,10,0,2181,10.516448020935059,0.0048218468688377156,32.916213989257812,1
2026-08-15T18:06:34Z,NVIDIA H200 NVL,full,normal_0_1,dot,raw_fp32,32,8,23,fp32,natural,thread_packet,2,64,1,1,2,none,raw,natural/thread_packet/x2/raw,4096,0,1,32768,32768,0,8,256,10,1,2181,10.520928382873535,0.0048239011384106079,32.916213989257812,1
2026-08-15T18:06:34Z,NVIDIA H200 NVL,full,normal_0_1,dot,raw_fp32,32,8,23,fp32,natural,thread_packet,2,64,1,1,2,none,raw,natural/thread_packet/x2/raw,4096,0,1,32768,32768,0,8,256,10,2,2181,10.521183967590332,0.0048240183253509088,32.916213989257812,1
2026-08-15T18:06:34Z,NVIDIA H200 NVL,full,normal_0_1,dot,raw_fp32,32,8,23,fp32,natural,thread_packet,2,64,1,1,2,none,raw,natural/thread_packet/x2/raw,4096,0,1,32768,32768,0,8,256,10,3,2181,10.518207550048828,0.004822653622214043,32.916213989257812,1
2026-08-15T18:06:34Z,NVIDIA H200 NVL,full,normal_0_1,dot,raw_fp32,32,8,23,fp32,natural,thread_packet,2,64,1,1,2,none,raw,natural/thread_packet/x2/raw,4096,0,1,32768,32768,0,8,256,10,4,2181,10.520352363586426,0.0048236370305302272,32.916213989257812,1
2026-08-15T18:06:34Z,NVIDIA H200 NVL,full,normal_0_1,dot,raw_fp32,32,8,23,fp32,natural,thread_packet,2,64,1,1,2,none,raw,natural/thread_packet/x2/raw,65536,0,1,524288,524288,0,128,256,10,0,2112,10.664352416992188,0.0050494092883485737,424.98867797851562,1
2026-08-15T18:06:34Z,NVIDIA H200 NVL,full,normal_0_1,dot,raw_fp32,32,8,23,fp32,natural,thread_packet,2,64,1,1,2,none,raw,natural/thread_packet/x2/raw,65536,0,1,524288,524288,0,128,256,10,1,2112,10.662912368774414,0.0050487274473363705,424.98867797851562,1
2026-08-15T18:06:34Z,NVIDIA H200 NVL,full,normal_0_1,dot,raw_fp32,32,8,23,fp32,natural,thread_packet,2,64,1,1,2,none,raw,natural/thread_packet/x2/raw,65536,0,1,524288,524288,0,128,256,10,2,2112,10.662015914916992,0.0050483029900175152,424.98867797851562,1
2026-08-15T18:06:34Z,NVIDIA H200 NVL,full,normal_0_1,dot,raw_fp32,32,8,23,fp32,natural,thread_packet,2,64,1,1,2,none,raw,natural/thread_packet/x2/raw,65536,0,1,524288,524288,0,128,256,10,3,2112,10.664799690246582,0.0050496210654576617,424.98867797851562,1
2026-08-15T18:06:34Z,NVIDIA H200 NVL,full,normal_0_1,dot,raw_fp32,32,8,23,fp32,natural,thread_packet,2,64,1,1,2,none,raw,natural/thread_packet/x2/raw,65536,0,1,524288,524288,0,128,256,10,4,2112,10.661600112915039,0.0050481061140696211,424.98867797851562,1
2026-08-15T18:06:34Z,NVIDIA H200 NVL,full,normal_0_1,dot,raw_fp32,32,8,23,fp32,natural,thread_packet,2,64,1,1,2,none,raw,natural/thread_packet/x2/raw,1048576,0,1,8388608,8388608,0,512,256,10,0,1681,11.042976379394531,0.0065692899342025763,-1214.7396240234375,1
2026-08-15T18:06:34Z,NVIDIA H200 NVL,full,normal_0_1,dot,raw_fp32,32,8,23,fp32,natural,thread_packet,2,64,1,1,2,none,raw,natural/thread_packet/x2/raw,1048576,0,1,8388608,8388608,0,512,256,10,1,1681,11.043744087219238,0.0065697466313023424,-1214.7396240234375,1
2026-08-15T18:06:34Z,NVIDIA H200 NVL,full,normal_0_1,dot,raw_fp32,32,8,23,fp32,natural,thread_packet,2,64,1,1,2,none,raw,natural/thread_packet/x2/raw,1048576,0,1,8388608,8388608,0,512,256,10,2,1681,11.044704437255859,0.006570317928171243,-1214.7396240234375,1
2026-08-15T18:06:34Z,NVIDIA H200 NVL,full,normal_0_1,dot,raw_fp32,32,8,23,fp32,natural,thread_packet,2,64,1,1,2,none,raw,natural/thread_packet/x2/raw,1048576,0,1,8388608,8388608,0,512,256,10,3,1681,11.045503616333008,0.006570793347015472,-1214.7396240234375,1
2026-08-15T18:06:34Z,NVIDIA H200 NVL,full,normal_0_1,dot,raw_fp32,32,8,23,fp32,natural,thread_packet,2,64,1,1,2,none,raw,natural/thread_packet/x2/raw,1048576,0,1,8388608,8388608,0,512,256,10,4,1681,11.045984268188477,0.0065710792791127169,-1214.7396240234375,1
2026-08-15T18:06:34Z,NVIDIA H200 NVL,full,normal_0_1,dot,raw_fp32,32,8,23,fp32,natural,thread_packet,2,64,1,1,2,none,raw,natural/thread_packet/x2/raw,16777216,0,1,134217728,134217728,0,512,256,10,0,313,14.251263618469238,0.045531193669230793,-2896.156005859375,1
2026-08-15T18:06:34Z,NVIDIA H200 NVL,full,normal_0_1,dot,raw_fp32,32,8,23,fp32,natural,thread_packet,2,64,1,1,2,none,raw,natural/thread_packet/x2/raw,16777216,0,1,134217728,134217728,0,512,256,10,1,313,14.224543571472168,0.045445826106939834,-2896.156005859375,1
2026-08-15T18:06:34Z,NVIDIA H200 NVL,full,normal_0_1,dot,raw_fp32,32,8,23,fp32,natural,thread_packet,2,64,1,1,2,none,raw,natural/thread_packet/x2/raw,16777216,0,1,134217728,134217728,0,512,256,10,2,313,14.221599578857422,0.045436420379736171,-2896.156005859375,1
2026-08-15T18:06:34Z,NVIDIA H200 NVL,full,normal_0_1,dot,raw_fp32,32,8,23,fp32,natural,thread_packet,2,64,1,1,2,none,raw,natural/thread_packet/x2/raw,16777216,0,1,134217728,134217728,0,512,256,10,3,313,14.223456382751465,0.045442352660547809,-2896.156005859375,1
2026-08-15T18:06:34Z,NVIDIA H200 NVL,full,normal_0_1,dot,raw_fp32,32,8,23,fp32,natural,thread_packet,2,64,1,1,2,none,raw,natural/thread_packet/x2/raw,16777216,0,1,134217728,134217728,0,512,256,10,4,313,14.220447540283203,0.045432739745313748,-2896.156005859375,1
2026-08-15T18:06:34Z,NVIDIA H200 NVL,full,normal_0_1,dot,raw_fp32,32,8,23,fp32,natural,thread_packet,2,64,1,1,2,none,raw,natural/thread_packet/x2/raw,134217728,0,1,1073741824,1073741824,0,512,256,10,0,49,15.007519721984863,0.30627591269356863,13110.080078125,1
2026-08-15T18:06:34Z,NVIDIA H200 NVL,full,normal_0_1,dot,raw_fp32,32,8,23,fp32,natural,thread_packet,2,64,1,1,2,none,raw,natural/thread_packet/x2/raw,134217728,0,1,1073741824,1073741824,0,512,256,10,1,49,15.01411247253418,0.30641045862314653,13110.080078125,1
2026-08-15T18:06:34Z,NVIDIA H200 NVL,full,normal_0_1,dot,raw_fp32,32,8,23,fp32,natural,thread_packet,2,64,1,1,2,none,raw,natural/thread_packet/x2/raw,134217728,0,1,1073741824,1073741824,0,512,256,10,2,49,15.009119987487793,0.30630857117322025,13110.080078125,1
2026-08-15T18:06:34Z,NVIDIA H200 NVL,full,normal_0_1,dot,raw_fp32,32,8,23,fp32,natural,thread_packet,2,64,1,1,2,none,raw,natural/thread_packet/x2/raw,134217728,0,1,1073741824,1073741824,0,512,256,10,3,49,15.02460765838623,0.3066246460895149,13110.080078125,1
2026-08-15T18:06:34Z,NVIDIA H200 NVL,full,normal_0_1,dot,raw_fp32,32,8,23,fp32,natural,thread_packet,2,64,1,1,2,none,raw,natural/thread_packet/x2/raw,134217728,0,1,1073741824,1073741824,0,512,256,10,4,49,15.014656066894531,0.3064215523856027,13110.080078125,1
2026-08-15T18:06:34Z,NVIDIA H200 NVL,full,normal_0_1,gemv,raw_fp32,32,8,23,fp32,natural,thread_packet,2,64,1,1,2,none,raw,natural/thread_packet/x2/raw,256,1024,1024,1049600,1049600,0,1024,256,10,0,2576,9.4609603881835938,0.0036727330699470474,18.843532562255859,1
2026-08-15T18:06:34Z,NVIDIA H200 NVL,full,normal_0_1,gemv,raw_fp32,32,8,23,fp32,natural,thread_packet,2,64,1,1,2,none,raw,natural/thread_packet/x2/raw,256,1024,1024,1049600,1049600,0,1024,256,10,1,2576,9.4600963592529297,0.0036723976549894915,18.843532562255859,1
2026-08-15T18:06:34Z,NVIDIA H200 NVL,full,normal_0_1,gemv,raw_fp32,32,8,23,fp32,natural,thread_packet,2,64,1,1,2,none,raw,natural/thread_packet/x2/raw,256,1024,1024,1049600,1049600,0,1024,256,10,2,2576,9.4678716659545898,0.0036754160193923097,18.843532562255859,1
2026-08-15T18:06:34Z,NVIDIA H200 NVL,full,normal_0_1,gemv,raw_fp32,32,8,23,fp32,natural,thread_packet,2,64,1,1,2,none,raw,natural/thread_packet/x2/raw,256,1024,1024,1049600,1049600,0,1024,256,10,3,2576,9.4699840545654297,0.0036762360460269525,18.843532562255859,1
2026-08-15T18:06:34Z,NVIDIA H200 NVL,full,normal_0_1,gemv,raw_fp32,32,8,23,fp32,natural,thread_packet,2,64,1,1,2,none,raw,natural/thread_packet/x2/raw,256,1024,1024,1049600,1049600,0,1024,256,10,4,2576,9.4618558883666992,0.0036730807020057062,18.843532562255859,1
2026-08-15T18:06:34Z,NVIDIA H200 NVL,full,normal_0_1,gemv,raw_fp32,32,8,23,fp32,natural,thread_packet,2,64,1,1,2,none,raw,natural/thread_packet/x2/raw,1024,1024,1024,4198400,4198400,0,1024,256,10,0,2368,9.9833602905273438,0.0042159460686348581,17.024105072021484,1
2026-08-15T18:06:34Z,NVIDIA H200 NVL,full,normal_0_1,gemv,raw_fp32,32,8,23,fp32,natural,thread_packet,2,64,1,1,2,none,raw,natural/thread_packet/x2/raw,1024,1024,1024,4198400,4198400,0,1024,256,10,1,2368,9.9727678298950195,0.0042114729011380999,17.024105072021484,1
2026-08-15T18:06:34Z,NVIDIA H200 NVL,full,normal_0_1,gemv,raw_fp32,32,8,23,fp32,natural,thread_packet,2,64,1,1,2,none,raw,natural/thread_packet/x2/raw,1024,1024,1024,4198400,4198400,0,1024,256,10,2,2368,9.9839363098144531,0.0042161893200229955,17.024105072021484,1
2026-08-15T18:06:34Z,NVIDIA H200 NVL,full,normal_0_1,gemv,raw_fp32,32,8,23,fp32,natural,thread_packet,2,64,1,1,2,none,raw,natural/thread_packet/x2/raw,1024,1024,1024,4198400,4198400,0,1024,256,10,3,2368,9.9788799285888672,0.004214054023897326,17.024105072021484,1
2026-08-15T18:06:34Z,NVIDIA H200 NVL,full,normal_0_1,gemv,raw_fp32,32,8,23,fp32,natural,thread_packet,2,64,1,1,2,none,raw,natural/thread_packet/x2/raw,1024,1024,1024,4198400,4198400,0,1024,256,10,4,2368,9.9889917373657227,0.0042183242134145784,17.024105072021484,1
2026-08-15T18:06:34Z,NVIDIA H200 NVL,full,normal_0_1,gemv,raw_fp32,32,8,23,fp32,natural,thread_packet,2,64,1,1,2,none,raw,natural/thread_packet/x2/raw,4096,1024,1024,16793600,16793600,0,1024,256,10,0,1737,11.022208213806152,0.006345543013129621,32.916217803955078,1
2026-08-15T18:06:34Z,NVIDIA H200 NVL,full,normal_0_1,gemv,raw_fp32,32,8,23,fp32,natural,thread_packet,2,64,1,1,2,none,raw,natural/thread_packet/x2/raw,4096,1024,1024,16793600,16793600,0,1024,256,10,1,1737,11.014399528503418,0.0063410475120917777,32.916217803955078,1
2026-08-15T18:06:34Z,NVIDIA H200 NVL,full,normal_0_1,gemv,raw_fp32,32,8,23,fp32,natural,thread_packet,2,64,1,1,2,none,raw,natural/thread_packet/x2/raw,4096,1024,1024,16793600,16793600,0,1024,256,10,2,1737,11.012960433959961,0.0063402190178238121,32.916217803955078,1
2026-08-15T18:06:34Z,NVIDIA H200 NVL,full,normal_0_1,gemv,raw_fp32,32,8,23,fp32,natural,thread_packet,2,64,1,1,2,none,raw,natural/thread_packet/x2/raw,4096,1024,1024,16793600,16793600,0,1024,256,10,3,1737,11.005248069763184,0.0063357789693512861,32.916217803955078,1
2026-08-15T18:06:34Z,NVIDIA H200 NVL,full,normal_0_1,gemv,raw_fp32,32,8,23,fp32,natural,thread_packet,2,64,1,1,2,none,raw,natural/thread_packet/x2/raw,4096,1024,1024,16793600,16793600,0,1024,256,10,4,1737,11.01689624786377,0.0063424848865076397,32.916217803955078,1
2026-08-15T18:06:34Z,NVIDIA H200 NVL,full,normal_0_1,gemv,raw_fp32,32,8,23,fp32,natural,thread_packet,2,64,1,1,2,none,raw,natural/thread_packet/x2/raw,16384,1024,1024,67174400,67174400,0,1024,256,10,0,606,14.357279777526855,0.023691880821001411,14.335807800292969,1
2026-08-15T18:06:34Z,NVIDIA H200 NVL,full,normal_0_1,gemv,raw_fp32,32,8,23,fp32,natural,thread_packet,2,64,1,1,2,none,raw,natural/thread_packet/x2/raw,16384,1024,1024,67174400,67174400,0,1024,256,10,1,606,14.360447883605957,0.023697108718821712,14.335807800292969,1
2026-08-15T18:06:34Z,NVIDIA H200 NVL,full,normal_0_1,gemv,raw_fp32,32,8,23,fp32,natural,thread_packet,2,64,1,1,2,none,raw,natural/thread_packet/x2/raw,16384,1024,1024,67174400,67174400,0,1024,256,10,2,606,14.354975700378418,0.023688078713495739,14.335807800292969,1
2026-08-15T18:06:34Z,NVIDIA H200 NVL,full,normal_0_1,gemv,raw_fp32,32,8,23,fp32,natural,thread_packet,2,64,1,1,2,none,raw,natural/thread_packet/x2/raw,16384,1024,1024,67174400,67174400,0,1024,256,10,3,606,14.369183540344238,0.023711523993967389,14.335807800292969,1
2026-08-15T18:06:34Z,NVIDIA H200 NVL,full,normal_0_1,gemv,raw_fp32,32,8,23,fp32,natural,thread_packet,2,64,1,1,2,none,raw,natural/thread_packet/x2/raw,16384,1024,1024,67174400,67174400,0,1024,256,10,4,606,14.358112335205078,0.023693254678556236,14.335807800292969,1
2026-08-15T18:06:34Z,NVIDIA H200 NVL,full,normal_0_1,gemv,raw_fp32,32,8,23,fp32,natural,thread_packet,2,64,1,1,2,none,raw,natural/thread_packet/x2/raw,65536,1024,1024,268697600,268697600,0,1024,256,10,0,183,14.777600288391113,0.080751914144213732,424.98867797851562,1
2026-08-15T18:06:34Z,NVIDIA H200 NVL,full,normal_0_1,gemv,raw_fp32,32,8,23,fp32,natural,thread_packet,2,64,1,1,2,none,raw,natural/thread_packet/x2/raw,65536,1024,1024,268697600,268697600,0,1024,256,10,1,183,14.771519660949707,0.080718686671856318,424.98867797851562,1
2026-08-15T18:06:34Z,NVIDIA H200 NVL,full,normal_0_1,gemv,raw_fp32,32,8,23,fp32,natural,thread_packet,2,64,1,1,2,none,raw,natural/thread_packet/x2/raw,65536,1024,1024,268697600,268697600,0,1024,256,10,2,183,14.762880325317383,0.08067147718752668,424.98867797851562,1
2026-08-15T18:06:34Z,NVIDIA H200 NVL,full,normal_0_1,gemv,raw_fp32,32,8,23,fp32,natural,thread_packet,2,64,1,1,2,none,raw,natural/thread_packet/x2/raw,65536,1024,1024,268697600,268697600,0,1024,256,10,3,183,14.768959999084473,0.080704699448549036,424.98867797851562,1
2026-08-15T18:06:34Z,NVIDIA H200 NVL,full,normal_0_1,gemv,raw_fp32,32,8,23,fp32,natural,thread_packet,2,64,1,1,2,none,raw,natural/thread_packet/x2/raw,65536,1024,1024,268697600,268697600,0,1024,256,10,4,183,14.780511856079102,0.080767824350159029,424.98867797851562,1
2026-08-15T18:06:34Z,NVIDIA H200 NVL,full,normal_0_1,dot,raw_fp32,32,8,23,fp32,natural,thread_packet,4,128,1,1,4,none,raw,natural/thread_packet/x4/raw,4096,0,1,32768,32768,0,4,256,10,0,2084,10.312128067016602,0.0049482380359964495,32.916213989257812,1
2026-08-15T18:06:34Z,NVIDIA H200 NVL,full,normal_0_1,dot,raw_fp32,32,8,23,fp32,natural,thread_packet,4,128,1,1,4,none,raw,natural/thread_packet/x4/raw,4096,0,1,32768,32768,0,4,256,10,1,2084,10.323391914367676,0.0049536429531514756,32.916213989257812,1
2026-08-15T18:06:34Z,NVIDIA H200 NVL,full,normal_0_1,dot,raw_fp32,32,8,23,fp32,natural,thread_packet,4,128,1,1,4,none,raw,natural/thread_packet/x4/raw,4096,0,1,32768,32768,0,4,256,10,2,2084,10.316736221313477,0.0049504492424728777,32.916213989257812,1
2026-08-15T18:06:34Z,NVIDIA H200 NVL,full,normal_0_1,dot,raw_fp32,32,8,23,fp32,natural,thread_packet,4,128,1,1,4,none,raw,natural/thread_packet/x4/raw,4096,0,1,32768,32768,0,4,256,10,3,2084,10.311360359191895,0.0049478696541227904,32.916213989257812,1
2026-08-15T18:06:34Z,NVIDIA H200 NVL,full,normal_0_1,dot,raw_fp32,32,8,23,fp32,natural,thread_packet,4,128,1,1,4,none,raw,natural/thread_packet/x4/raw,4096,0,1,32768,32768,0,4,256,10,4,2084,10.309408187866211,0.0049469329116440548,32.916213989257812,1
2026-08-15T18:06:34Z,NVIDIA H200 NVL,full,normal_0_1,dot,raw_fp32,32,8,23,fp32,natural,thread_packet,4,128,1,1,4,none,raw,natural/thread_packet/x4/raw,65536,0,1,524288,524288,0,64,256,10,0,2103,10.914048194885254,0.0051897518758370204,424.9886474609375,1
2026-08-15T18:06:34Z,NVIDIA H200 NVL,full,normal_0_1,dot,raw_fp32,32,8,23,fp32,natural,thread_packet,4,128,1,1,4,none,raw,natural/thread_packet/x4/raw,65536,0,1,524288,524288,0,64,256,10,1,2103,10.914431571960449,0.005189934175920328,424.9886474609375,1
2026-08-15T18:06:34Z,NVIDIA H200 NVL,full,normal_0_1,dot,raw_fp32,32,8,23,fp32,natural,thread_packet,4,128,1,1,4,none,raw,natural/thread_packet/x4/raw,65536,0,1,524288,524288,0,64,256,10,2,2103,10.91590404510498,0.0051906343533547217,424.9886474609375,1
2026-08-15T18:06:34Z,NVIDIA H200 NVL,full,normal_0_1,dot,raw_fp32,32,8,23,fp32,natural,thread_packet,4,128,1,1,4,none,raw,natural/thread_packet/x4/raw,65536,0,1,524288,524288,0,64,256,10,3,2103,10.913151741027832,0.0051893256020103815,424.9886474609375,1
2026-08-15T18:06:34Z,NVIDIA H200 NVL,full,normal_0_1,dot,raw_fp32,32,8,23,fp32,natural,thread_packet,4,128,1,1,4,none,raw,natural/thread_packet/x4/raw,65536,0,1,524288,524288,0,64,256,10,4,2103,10.916000366210938,0.0051906801551169458,424.9886474609375,1
2026-08-15T18:06:34Z,NVIDIA H200 NVL,full,normal_0_1,dot,raw_fp32,32,8,23,fp32,natural,thread_packet,4,128,1,1,4,none,raw,natural/thread_packet/x4/raw,1048576,0,1,8388608,8388608,0,512,256,10,0,1675,11.47987174987793,0.0068536547760465255,-1214.73974609375,1
2026-08-15T18:06:34Z,NVIDIA H200 NVL,full,normal_0_1,dot,raw_fp32,32,8,23,fp32,natural,thread_packet,4,128,1,1,4,none,raw,natural/thread_packet/x4/raw,1048576,0,1,8388608,8388608,0,512,256,10,1,1675,11.478015899658203,0.0068525468057660912,-1214.73974609375,1
2026-08-15T18:06:34Z,NVIDIA H200 NVL,full,normal_0_1,dot,raw_fp32,32,8,23,fp32,natural,thread_packet,4,128,1,1,4,none,raw,natural/thread_packet/x4/raw,1048576,0,1,8388608,8388608,0,512,256,10,2,1675,11.484352111816406,0.0068563296189948697,-1214.73974609375,1
2026-08-15T18:06:34Z,NVIDIA H200 NVL,full,normal_0_1,dot,raw_fp32,32,8,23,fp32,natural,thread_packet,4,128,1,1,4,none,raw,natural/thread_packet/x4/raw,1048576,0,1,8388608,8388608,0,512,256,10,3,1675,11.484352111816406,0.0068563296189948697,-1214.73974609375,1
2026-08-15T18:06:34Z,NVIDIA H200 NVL,full,normal_0_1,dot,raw_fp32,32,8,23,fp32,natural,thread_packet,4,128,1,1,4,none,raw,natural/thread_packet/x4/raw,1048576,0,1,8388608,8388608,0,512,256,10,4,1675,11.486432075500488,0.0068575713883585005,-1214.73974609375,1
2026-08-15T18:06:34Z,NVIDIA H200 NVL,full,normal_0_1,dot,raw_fp32,32,8,23,fp32,natural,thread_packet,4,128,1,1,4,none,raw,natural/thread_packet/x4/raw,16777216,0,1,134217728,134217728,0,512,256,10,0,371,14.386816024780273,0.038778479851159765,-2896.15576171875,1
2026-08-15T18:06:34Z,NVIDIA H200 NVL,full,normal_0_1,dot,raw_fp32,32,8,23,fp32,natural,thread_packet,4,128,1,1,4,none,raw,natural/thread_packet/x4/raw,16777216,0,1,134217728,134217728,0,512,256,10,1,371,14.364383697509766,0.038718015357169178,-2896.15576171875,1
2026-08-15T18:06:34Z,NVIDIA H200 NVL,full,normal_0_1,dot,raw_fp32,32,8,23,fp32,natural,thread_packet,4,128,1,1,4,none,raw,natural/thread_packet/x4/raw,16777216,0,1,134217728,134217728,0,512,256,10,2,371,14.359583854675293,0.038705077775405106,-2896.15576171875,1
2026-08-15T18:06:34Z,NVIDIA H200 NVL,full,normal_0_1,dot,raw_fp32,32,8,23,fp32,natural,thread_packet,4,128,1,1,4,none,raw,natural/thread_packet/x4/raw,16777216,0,1,134217728,134217728,0,512,256,10,3,371,14.353759765625,0.038689379422169809,-2896.15576171875,1
2026-08-15T18:06:34Z,NVIDIA H200 NVL,full,normal_0_1,dot,raw_fp32,32,8,23,fp32,natural,thread_packet,4,128,1,1,4,none,raw,natural/thread_packet/x4/raw,16777216,0,1,134217728,134217728,0,512,256,10,4,371,14.346847534179688,0.038670748070565197,-2896.15576171875,1
2026-08-15T18:06:34Z,NVIDIA H200 NVL,full,normal_0_1,dot,raw_fp32,32,8,23,fp32,natural,thread_packet,4,128,1,1,4,none,raw,natural/thread_packet/x4/raw,134217728,0,1,1073741824,1073741824,0,512,256,10,0,60,15.16915225982666,0.25281920433044436,13110.076171875,1
2026-08-15T18:06:34Z,NVIDIA H200 NVL,full,normal_0_1,dot,raw_fp32,32,8,23,fp32,natural,thread_packet,4,128,1,1,4,none,raw,natural/thread_packet/x4/raw,134217728,0,1,1073741824,1073741824,0,512,256,10,1,60,15.161375999450684,0.25268959999084473,13110.076171875,1
2026-08-15T18:06:34Z,NVIDIA H200 NVL,full,normal_0_1,dot,raw_fp32,32,8,23,fp32,natural,thread_packet,4,128,1,1,4,none,raw,natural/thread_packet/x4/raw,134217728,0,1,1073741824,1073741824,0,512,256,10,2,60,15.169407844543457,0.25282346407572426,13110.076171875,1
2026-08-15T18:06:34Z,NVIDIA H200 NVL,full,normal_0_1,dot,raw_fp32,32,8,23,fp32,natural,thread_packet,4,128,1,1,4,none,raw,natural/thread_packet/x4/raw,134217728,0,1,1073741824,1073741824,0,512,256,10,3,60,15.159328460693359,0.25265547434488933,13110.076171875,1
2026-08-15T18:06:34Z,NVIDIA H200 NVL,full,normal_0_1,dot,raw_fp32,32,8,23,fp32,natural,thread_packet,4,128,1,1,4,none,raw,natural/thread_packet/x4/raw,134217728,0,1,1073741824,1073741824,0,512,256,10,4,60,15.161855697631836,0.25269759496053062,13110.076171875,1
2026-08-15T18:06:34Z,NVIDIA H200 NVL,full,normal_0_1,gemv,raw_fp32,32,8,23,fp32,natural,thread_packet,4,128,1,1,4,none,raw,natural/thread_packet/x4/raw,256,1024,1024,1049600,1049600,0,1024,256,10,0,2576,9.8947839736938477,0.0038411428469308415,18.843528747558594,1
2026-08-15T18:06:34Z,NVIDIA H200 NVL,full,normal_0_1,gemv,raw_fp32,32,8,23,fp32,natural,thread_packet,4,128,1,1,4,none,raw,natural/thread_packet/x4/raw,256,1024,1024,1049600,1049600,0,1024,256,10,1,2576,9.9028482437133789,0.0038442733865346967,18.843528747558594,1
2026-08-15T18:06:34Z,NVIDIA H200 NVL,full,normal_0_1,gemv,raw_fp32,32,8,23,fp32,natural,thread_packet,4,128,1,1,4,none,raw,natural/thread_packet/x4/raw,256,1024,1024,1049600,1049600,0,1024,256,10,2,2576,9.9014396667480469,0.0038437265787065397,18.843528747558594,1
2026-08-15T18:06:34Z,NVIDIA H200 NVL,full,normal_0_1,gemv,raw_fp32,32,8,23,fp32,natural,thread_packet,4,128,1,1,4,none,raw,natural/thread_packet/x4/raw,256,1024,1024,1049600,1049600,0,1024,256,10,3,2576,9.9020481109619141,0.0038439627759945319,18.843528747558594,1
2026-08-15T18:06:34Z,NVIDIA H200 NVL,full,normal_0_1,gemv,raw_fp32,32,8,23,fp32,natural,thread_packet,4,128,1,1,4,none,raw,natural/thread_packet/x4/raw,256,1024,1024,1049600,1049600,0,1024,256,10,4,2576,9.9056644439697266,0.0038453666319758256,18.843528747558594,1
2026-08-15T18:06:34Z,NVIDIA H200 NVL,full,normal_0_1,gemv,raw_fp32,32,8,23,fp32,natural,thread_packet,4,128,1,1,4,none,raw,natural/thread_packet/x4/raw,1024,1024,1024,4198400,4198400,0,1024,256,10,0,2201,10.566783905029297,0.0048009013653018164,17.024105072021484,1
2026-08-15T18:06:34Z,NVIDIA H200 NVL,full,normal_0_1,gemv,raw_fp32,32,8,23,fp32,natural,thread_packet,4,128,1,1,4,none,raw,natural/thread_packet/x4/raw,1024,1024,1024,4198400,4198400,0,1024,256,10,1,2201,10.55561637878418,0.0047958275233003994,17.024105072021484,1
2026-08-15T18:06:34Z,NVIDIA H200 NVL,full,normal_0_1,gemv,raw_fp32,32,8,23,fp32,natural,thread_packet,4,128,1,1,4,none,raw,natural/thread_packet/x4/raw,1024,1024,1024,4198400,4198400,0,1024,256,10,2,2201,10.569631576538086,0.0048021951733476084,17.024105072021484,1
2026-08-15T18:06:34Z,NVIDIA H200 NVL,full,normal_0_1,gemv,raw_fp32,32,8,23,fp32,natural,thread_packet,4,128,1,1,4,none,raw,natural/thread_packet/x4/raw,1024,1024,1024,4198400,4198400,0,1024,256,10,3,2201,10.566207885742188,0.0048006396573113076,17.024105072021484,1
2026-08-15T18:06:34Z,NVIDIA H200 NVL,full,normal_0_1,gemv,raw_fp32,32,8,23,fp32,natural,thread_packet,4,128,1,1,4,none,raw,natural/thread_packet/x4/raw,1024,1024,1024,4198400,4198400,0,1024,256,10,4,2201,10.566143989562988,0.0048006106267891816,17.024105072021484,1
2026-08-15T18:06:34Z,NVIDIA H200 NVL,full,normal_0_1,gemv,raw_fp32,32,8,23,fp32,natural,thread_packet,4,128,1,1,4,none,raw,natural/thread_packet/x4/raw,4096,1024,1024,16793600,16793600,0,1024,256,10,0,1461,12.018848419189453,0.0082264534012248137,32.916213989257812,1
2026-08-15T18:06:34Z,NVIDIA H200 NVL,full,normal_0_1,gemv,raw_fp32,32,8,23,fp32,natural,thread_packet,4,128,1,1,4,none,raw,natural/thread_packet/x4/raw,4096,1024,1024,16793600,16793600,0,1024,256,10,1,1461,12.01200008392334,0.008221765971200095,32.916213989257812,1
2026-08-15T18:06:34Z,NVIDIA H200 NVL,full,normal_0_1,gemv,raw_fp32,32,8,23,fp32,natural,thread_packet,4,128,1,1,4,none,raw,natural/thread_packet/x4/raw,4096,1024,1024,16793600,16793600,0,1024,256,10,2,1461,12.018048286437988,0.0082259057402039627,32.916213989257812,1
2026-08-15T18:06:34Z,NVIDIA H200 NVL,full,normal_0_1,gemv,raw_fp32,32,8,23,fp32,natural,thread_packet,4,128,1,1,4,none,raw,natural/thread_packet/x4/raw,4096,1024,1024,16793600,16793600,0,1024,256,10,3,1461,12.018655776977539,0.0082263215448169329,32.916213989257812,1
2026-08-15T18:06:34Z,NVIDIA H200 NVL,full,normal_0_1,gemv,raw_fp32,32,8,23,fp32,natural,thread_packet,4,128,1,1,4,none,raw,natural/thread_packet/x4/raw,4096,1024,1024,16793600,16793600,0,1024,256,10,4,1461,12.022303581237793,0.0082288183307582426,32.916213989257812,1
2026-08-15T18:06:34Z,NVIDIA H200 NVL,full,normal_0_1,gemv,raw_fp32,32,8,23,fp32,natural,thread_packet,4,128,1,1,4,none,raw,natural/thread_packet/x4/raw,16384,1024,1024,67174400,67174400,0,1024,256,10,0,614,14.325023651123047,0.023330657412252518,14.335830688476562,1
2026-08-15T18:06:34Z,NVIDIA H200 NVL,full,normal_0_1,gemv,raw_fp32,32,8,23,fp32,natural,thread_packet,4,128,1,1,4,none,raw,natural/thread_packet/x4/raw,16384,1024,1024,67174400,67174400,0,1024,256,10,1,614,14.301216125488281,0.02329188294053466,14.335830688476562,1
2026-08-15T18:06:34Z,NVIDIA H200 NVL,full,normal_0_1,gemv,raw_fp32,32,8,23,fp32,natural,thread_packet,4,128,1,1,4,none,raw,natural/thread_packet/x4/raw,16384,1024,1024,67174400,67174400,0,1024,256,10,2,614,14.294431686401367,0.02328083336547454,14.335830688476562,1
2026-08-15T18:06:34Z,NVIDIA H200 NVL,full,normal_0_1,gemv,raw_fp32,32,8,23,fp32,natural,thread_packet,4,128,1,1,4,none,raw,natural/thread_packet/x4/raw,16384,1024,1024,67174400,67174400,0,1024,256,10,3,614,14.299391746520996,0.023288911639285009,14.335830688476562,1
2026-08-15T18:06:34Z,NVIDIA H200 NVL,full,normal_0_1,gemv,raw_fp32,32,8,23,fp32,natural,thread_packet,4,128,1,1,4,none,raw,natural/thread_packet/x4/raw,16384,1024,1024,67174400,67174400,0,1024,256,10,4,614,14.285663604736328,0.023266553102176429,14.335830688476562,1
2026-08-15T18:06:34Z,NVIDIA H200 NVL,full,normal_0_1,gemv,raw_fp32,32,8,23,fp32,natural,thread_packet,4,128,1,1,4,none,raw,natural/thread_packet/x4/raw,65536,1024,1024,268697600,268697600,0,1024,256,10,0,187,14.90009593963623,0.079679657431209791,424.9886474609375,1
2026-08-15T18:06:34Z,NVIDIA H200 NVL,full,normal_0_1,gemv,raw_fp32,32,8,23,fp32,natural,thread_packet,4,128,1,1,4,none,raw,natural/thread_packet/x4/raw,65536,1024,1024,268697600,268697600,0,1024,256,10,1,187,14.888799667358398,0.079619249558066305,424.9886474609375,1
2026-08-15T18:06:34Z,NVIDIA H200 NVL,full,normal_0_1,gemv,raw_fp32,32,8,23,fp32,natural,thread_packet,4,128,1,1,4,none,raw,natural/thread_packet/x4/raw,65536,1024,1024,268697600,268697600,0,1024,256,10,2,187,14.900287628173828,0.079680682503603356,424.9886474609375,1
2026-08-15T18:06:34Z,NVIDIA H200 NVL,full,normal_0_1,gemv,raw_fp32,32,8,23,fp32,natural,thread_packet,4,128,1,1,4,none,raw,natural/thread_packet/x4/raw,65536,1024,1024,268697600,268697600,0,1024,256,10,3,187,14.891327857971191,0.079632769293963596,424.9886474609375,1
2026-08-15T18:06:34Z,NVIDIA H200 NVL,full,normal_0_1,gemv,raw_fp32,32,8,23,fp32,natural,thread_packet,4,128,1,1,4,none,raw,natural/thread_packet/x4/raw,65536,1024,1024,268697600,268697600,0,1024,256,10,4,187,14.898880004882812,0.079673155106325194,424.9886474609375,1
2026-08-15T18:06:34Z,NVIDIA H200 NVL,full,normal_0_1,dot,raw_fp32,32,8,23,fp32,natural,thread_packet,8,128,1,1,8,none,raw,natural/thread_packet/x8/raw,4096,0,1,32768,32768,0,2,256,10,0,2030,10.99516773223877,0.0054163387843540736,32.916206359863281,1
2026-08-15T18:06:34Z,NVIDIA H200 NVL,full,normal_0_1,dot,raw_fp32,32,8,23,fp32,natural,thread_packet,8,128,1,1,8,none,raw,natural/thread_packet/x8/raw,4096,0,1,32768,32768,0,2,256,10,1,2030,11.009087562561035,0.005423195843626126,32.916206359863281,1
2026-08-15T18:06:34Z,NVIDIA H200 NVL,full,normal_0_1,dot,raw_fp32,32,8,23,fp32,natural,thread_packet,8,128,1,1,8,none,raw,natural/thread_packet/x8/raw,4096,0,1,32768,32768,0,2,256,10,2,2030,10.999232292175293,0.0054183410306282232,32.916206359863281,1
2026-08-15T18:06:34Z,NVIDIA H200 NVL,full,normal_0_1,dot,raw_fp32,32,8,23,fp32,natural,thread_packet,8,128,1,1,8,none,raw,natural/thread_packet/x8/raw,4096,0,1,32768,32768,0,2,256,10,3,2030,10.996767997741699,0.0054171270924835953,32.916206359863281,1
2026-08-15T18:06:34Z,NVIDIA H200 NVL,full,normal_0_1,dot,raw_fp32,32,8,23,fp32,natural,thread_packet,8,128,1,1,8,none,raw,natural/thread_packet/x8/raw,4096,0,1,32768,32768,0,2,256,10,4,2030,10.994751930236816,0.005416133955781683,32.916206359863281,1
2026-08-15T18:06:34Z,NVIDIA H200 NVL,full,normal_0_1,dot,raw_fp32,32,8,23,fp32,natural,thread_packet,8,128,1,1,8,none,raw,natural/thread_packet/x8/raw,65536,0,1,524288,524288,0,32,256,10,0,1937,10.727071762084961,0.005537982324256562,424.9886474609375,1
2026-08-15T18:06:34Z,NVIDIA H200 NVL,full,normal_0_1,dot,raw_fp32,32,8,23,fp32,natural,thread_packet,8,128,1,1,8,none,raw,natural/thread_packet/x8/raw,65536,0,1,524288,524288,0,32,256,10,1,1937,10.72755241394043,0.0055382304666703299,424.9886474609375,1
2026-08-15T18:06:34Z,NVIDIA H200 NVL,full,normal_0_1,dot,raw_fp32,32,8,23,fp32,natural,thread_packet,8,128,1,1,8,none,raw,natural/thread_packet/x8/raw,65536,0,1,524288,524288,0,32,256,10,2,1937,10.730367660522461,0.0055396838722366858,424.9886474609375,1
2026-08-15T18:06:34Z,NVIDIA H200 NVL,full,normal_0_1,dot,raw_fp32,32,8,23,fp32,natural,thread_packet,8,128,1,1,8,none,raw,natural/thread_packet/x8/raw,65536,0,1,524288,524288,0,32,256,10,3,1937,10.728128433227539,0.0055385278436900047,424.9886474609375,1
2026-08-15T18:06:34Z,NVIDIA H200 NVL,full,normal_0_1,dot,raw_fp32,32,8,23,fp32,natural,thread_packet,8,128,1,1,8,none,raw,natural/thread_packet/x8/raw,65536,0,1,524288,524288,0,32,256,10,4,1937,10.724896430969238,0.0055368592828958377,424.9886474609375,1
2026-08-15T18:06:34Z,NVIDIA H200 NVL,full,normal_0_1,dot,raw_fp32,32,8,23,fp32,natural,thread_packet,8,128,1,1,8,none,raw,natural/thread_packet/x8/raw,1048576,0,1,8388608,8388608,0,512,256,10,0,1434,11.657600402832031,0.0081294284538577632,-1214.73974609375,1
2026-08-15T18:06:34Z,NVIDIA H200 NVL,full,normal_0_1,dot,raw_fp32,32,8,23,fp32,natural,thread_packet,8,128,1,1,8,none,raw,natural/thread_packet/x8/raw,1048576,0,1,8388608,8388608,0,512,256,10,1,1434,11.65766429901123,0.0081294730118627832,-1214.73974609375,1
2026-08-15T18:06:34Z,NVIDIA H200 NVL,full,normal_0_1,dot,raw_fp32,32,8,23,fp32,natural,thread_packet,8,128,1,1,8,none,raw,natural/thread_packet/x8/raw,1048576,0,1,8388608,8388608,0,512,256,10,2,1434,11.655424118041992,0.0081279108215076661,-1214.73974609375,1
2026-08-15T18:06:34Z,NVIDIA H200 NVL,full,normal_0_1,dot,raw_fp32,32,8,23,fp32,natural,thread_packet,8,128,1,1,8,none,raw,natural/thread_packet/x8/raw,1048576,0,1,8388608,8388608,0,512,256,10,3,1434,11.655584335327148,0.0081280225490426416,-1214.73974609375,1
2026-08-15T18:06:34Z,NVIDIA H200 NVL,full,normal_0_1,dot,raw_fp32,32,8,23,fp32,natural,thread_packet,8,128,1,1,8,none,raw,natural/thread_packet/x8/raw,1048576,0,1,8388608,8388608,0,512,256,10,4,1434,11.655391693115234,0.0081278882099827289,-1214.73974609375,1
2026-08-15T18:06:34Z,NVIDIA H200 NVL,full,normal_0_1,dot,raw_fp32,32,8,23,fp32,natural,thread_packet,8,128,1,1,8,none,raw,natural/thread_packet/x8/raw,16777216,0,1,134217728,134217728,0,512,256,10,0,313,14.898655891418457,0.047599539589196348,-2896.156005859375,1
2026-08-15T18:06:34Z,NVIDIA H200 NVL,full,normal_0_1,dot,raw_fp32,32,8,23,fp32,natural,thread_packet,8,128,1,1,8,none,raw,natural/thread_packet/x8/raw,16777216,0,1,134217728,134217728,0,512,256,10,1,313,14.892448425292969,0.047579707429051016,-2896.156005859375,1
2026-08-15T18:06:34Z,NVIDIA H200 NVL,full,normal_0_1,dot,raw_fp32,32,8,23,fp32,natural,thread_packet,8,128,1,1,8,none,raw,natural/thread_packet/x8/raw,16777216,0,1,134217728,134217728,0,512,256,10,2,313,14.888128280639648,0.047565905049966925,-2896.156005859375,1
2026-08-15T18:06:34Z,NVIDIA H200 NVL,full,normal_0_1,dot,raw_fp32,32,8,23,fp32,natural,thread_packet,8,128,1,1,8,none,raw,natural/thread_packet/x8/raw,16777216,0,1,134217728,134217728,0,512,256,10,3,313,14.881088256835938,0.047543412961137184,-2896.156005859375,1
2026-08-15T18:06:34Z,NVIDIA H200 NVL,full,normal_0_1,dot,raw_fp32,32,8,23,fp32,natural,thread_packet,8,128,1,1,8,none,raw,natural/thread_packet/x8/raw,16777216,0,1,134217728,134217728,0,512,256,10,4,313,14.878527641296387,0.047535232080819126,-2896.156005859375,1
2026-08-15T18:06:34Z,NVIDIA H200 NVL,full,normal_0_1,dot,raw_fp32,32,8,23,fp32,natural,thread_packet,8,128,1,1,8,none,raw,natural/thread_packet/x8/raw,134217728,0,1,1073741824,1073741824,0,512,256,10,0,47,15.021663665771484,0.3196098652291805,13110.091796875,1
2026-08-15T18:06:34Z,NVIDIA H200 NVL,full,normal_0_1,dot,raw_fp32,32,8,23,fp32,natural,thread_packet,8,128,1,1,8,none,raw,natural/thread_packet/x8/raw,134217728,0,1,1073741824,1073741824,0,512,256,10,1,47,15.036704063415527,0.31992987368969206,13110.091796875,1
2026-08-15T18:06:34Z,NVIDIA H200 NVL,full,normal_0_1,dot,raw_fp32,32,8,23,fp32,natural,thread_packet,8,128,1,1,8,none,raw,natural/thread_packet/x8/raw,134217728,0,1,1073741824,1073741824,0,512,256,10,2,47,15.015168190002441,0.31947166361707324,13110.091796875,1
2026-08-15T18:06:34Z,NVIDIA H200 NVL,full,normal_0_1,dot,raw_fp32,32,8,23,fp32,natural,thread_packet,8,128,1,1,8,none,raw,natural/thread_packet/x8/raw,134217728,0,1,1073741824,1073741824,0,512,256,10,3,47,15.019552230834961,0.31956494108159489,13110.091796875,1
2026-08-15T18:06:34Z,NVIDIA H200 NVL,full,normal_0_1,dot,raw_fp32,32,8,23,fp32,natural,thread_packet,8,128,1,1,8,none,raw,natural/thread_packet/x8/raw,134217728,0,1,1073741824,1073741824,0,512,256,10,4,47,15.023263931274414,0.3196439134313705,13110.091796875,1
2026-08-15T18:06:34Z,NVIDIA H200 NVL,full,normal_0_1,gemv,raw_fp32,32,8,23,fp32,natural,thread_packet,8,128,1,1,8,none,raw,natural/thread_packet/x8/raw,256,1024,1024,1049600,1049600,0,1024,256,10,0,2392,9.7601280212402344,0.0040803210791138106,18.843528747558594,1
2026-08-15T18:06:34Z,NVIDIA H200 NVL,full,normal_0_1,gemv,raw_fp32,32,8,23,fp32,natural,thread_packet,8,128,1,1,8,none,raw,natural/thread_packet/x8/raw,256,1024,1024,1049600,1049600,0,1024,256,10,1,2392,9.7653121948242188,0.0040824883757626333,18.843528747558594,1
2026-08-15T18:06:34Z,NVIDIA H200 NVL,full,normal_0_1,gemv,raw_fp32,32,8,23,fp32,natural,thread_packet,8,128,1,1,8,none,raw,natural/thread_packet/x8/raw,256,1024,1024,1049600,1049600,0,1024,256,10,2,2392,9.7671356201171875,0.0040832506773065165,18.843528747558594,1
2026-08-15T18:06:34Z,NVIDIA H200 NVL,full,normal_0_1,gemv,raw_fp32,32,8,23,fp32,natural,thread_packet,8,128,1,1,8,none,raw,natural/thread_packet/x8/raw,256,1024,1024,1049600,1049600,0,1024,256,10,3,2392,9.7669124603271484,0.0040831573830799111,18.843528747558594,1
2026-08-15T18:06:34Z,NVIDIA H200 NVL,full,normal_0_1,gemv,raw_fp32,32,8,23,fp32,natural,thread_packet,8,128,1,1,8,none,raw,natural/thread_packet/x8/raw,256,1024,1024,1049600,1049600,0,1024,256,10,4,2392,9.7662715911865234,0.0040828894611983791,18.843528747558594,1
2026-08-15T18:06:34Z,NVIDIA H200 NVL,full,normal_0_1,gemv,raw_fp32,32,8,23,fp32,natural,thread_packet,8,128,1,1,8,none,raw,natural/thread_packet/x8/raw,1024,1024,1024,4198400,4198400,0,1024,256,10,0,1824,10.984543800354004,0.0060222279607203971,17.024103164672852,1
2026-08-15T18:06:34Z,NVIDIA H200 NVL,full,normal_0_1,gemv,raw_fp32,32,8,23,fp32,natural,thread_packet,8,128,1,1,8,none,raw,natural/thread_packet/x8/raw,1024,1024,1024,4198400,4198400,0,1024,256,10,1,1824,10.989567756652832,0.0060249823227263334,17.024103164672852,1
2026-08-15T18:06:34Z,NVIDIA H200 NVL,full,normal_0_1,gemv,raw_fp32,32,8,23,fp32,natural,thread_packet,8,128,1,1,8,none,raw,natural/thread_packet/x8/raw,1024,1024,1024,4198400,4198400,0,1024,256,10,2,1824,10.990559577941895,0.0060255260843979684,17.024103164672852,1
2026-08-15T18:06:34Z,NVIDIA H200 NVL,full,normal_0_1,gemv,raw_fp32,32,8,23,fp32,natural,thread_packet,8,128,1,1,8,none,raw,natural/thread_packet/x8/raw,1024,1024,1024,4198400,4198400,0,1024,256,10,3,1824,10.993632316589355,0.0060272106998845148,17.024103164672852,1
2026-08-15T18:06:34Z,NVIDIA H200 NVL,full,normal_0_1,gemv,raw_fp32,32,8,23,fp32,natural,thread_packet,8,128,1,1,8,none,raw,natural/thread_packet/x8/raw,1024,1024,1024,4198400,4198400,0,1024,256,10,4,1824,10.993760108947754,0.0060272807614845138,17.024103164672852,1
2026-08-15T18:06:34Z,NVIDIA H200 NVL,full,normal_0_1,gemv,raw_fp32,32,8,23,fp32,natural,thread_packet,8,128,1,1,8,none,raw,natural/thread_packet/x8/raw,4096,1024,1024,16793600,16793600,0,1024,256,10,0,963,12.761055946350098,0.013251356122897297,32.91619873046875,1
2026-08-15T18:06:34Z,NVIDIA H200 NVL,full,normal_0_1,gemv,raw_fp32,32,8,23,fp32,natural,thread_packet,8,128,1,1,8,none,raw,natural/thread_packet/x8/raw,4096,1024,1024,16793600,16793600,0,1024,256,10,1,963,12.76035213470459,0.013250625269682856,32.91619873046875,1
2026-08-15T18:06:34Z,NVIDIA H200 NVL,full,normal_0_1,gemv,raw_fp32,32,8,23,fp32,natural,thread_packet,8,128,1,1,8,none,raw,natural/thread_packet/x8/raw,4096,1024,1024,16793600,16793600,0,1024,256,10,2,963,12.752223968505859,0.013242184806340457,32.91619873046875,1
2026-08-15T18:06:34Z,NVIDIA H200 NVL,full,normal_0_1,gemv,raw_fp32,32,8,23,fp32,natural,thread_packet,8,128,1,1,8,none,raw,natural/thread_packet/x8/raw,4096,1024,1024,16793600,16793600,0,1024,256,10,3,963,12.745856285095215,0.013235572466350171,32.91619873046875,1
2026-08-15T18:06:34Z,NVIDIA H200 NVL,full,normal_0_1,gemv,raw_fp32,32,8,23,fp32,natural,thread_packet,8,128,1,1,8,none,raw,natural/thread_packet/x8/raw,4096,1024,1024,16793600,16793600,0,1024,256,10,4,963,12.747232437133789,0.013237001492350768,32.91619873046875,1
2026-08-15T18:06:34Z,NVIDIA H200 NVL,full,normal_0_1,gemv,raw_fp32,32,8,23,fp32,natural,thread_packet,8,128,1,1,8,none,raw,natural/thread_packet/x8/raw,16384,1024,1024,67174400,67174400,0,1024,256,10,0,337,14.568991661071777,0.043231429261340583,14.335763931274414,1
2026-08-15T18:06:34Z,NVIDIA H200 NVL,full,normal_0_1,gemv,raw_fp32,32,8,23,fp32,natural,thread_packet,8,128,1,1,8,none,raw,natural/thread_packet/x8/raw,16384,1024,1024,67174400,67174400,0,1024,256,10,1,337,14.56009578704834,0.043205032009045519,14.335763931274414,1
2026-08-15T18:06:34Z,NVIDIA H200 NVL,full,normal_0_1,gemv,raw_fp32,32,8,23,fp32,natural,thread_packet,8,128,1,1,8,none,raw,natural/thread_packet/x8/raw,16384,1024,1024,67174400,67174400,0,1024,256,10,2,337,14.540512084960938,0.043146920133415242,14.335763931274414,1
2026-08-15T18:06:34Z,NVIDIA H200 NVL,full,normal_0_1,gemv,raw_fp32,32,8,23,fp32,natural,thread_packet,8,128,1,1,8,none,raw,natural/thread_packet/x8/raw,16384,1024,1024,67174400,67174400,0,1024,256,10,3,337,14.520352363586426,0.043087099001740133,14.335763931274414,1
2026-08-15T18:06:34Z,NVIDIA H200 NVL,full,normal_0_1,gemv,raw_fp32,32,8,23,fp32,natural,thread_packet,8,128,1,1,8,none,raw,natural/thread_packet/x8/raw,16384,1024,1024,67174400,67174400,0,1024,256,10,4,337,14.528351783752441,0.043110836153568075,14.335763931274414,1
2026-08-15T18:06:34Z,NVIDIA H200 NVL,full,normal_0_1,gemv,raw_fp32,32,8,23,fp32,natural,thread_packet,8,128,1,1,8,none,raw,natural/thread_packet/x8/raw,65536,1024,1024,268697600,268697600,0,1024,256,10,0,95,14.926752090454102,0.15712370621530633,424.98867797851562,1
2026-08-15T18:06:34Z,NVIDIA H200 NVL,full,normal_0_1,gemv,raw_fp32,32,8,23,fp32,natural,thread_packet,8,128,1,1,8,none,raw,natural/thread_packet/x8/raw,65536,1024,1024,268697600,268697600,0,1024,256,10,1,95,14.941856384277344,0.15728269878186676,424.98867797851562,1
2026-08-15T18:06:34Z,NVIDIA H200 NVL,full,normal_0_1,gemv,raw_fp32,32,8,23,fp32,natural,thread_packet,8,128,1,1,8,none,raw,natural/thread_packet/x8/raw,65536,1024,1024,268697600,268697600,0,1024,256,10,2,95,14.914815902709961,0.15699806213378906,424.98867797851562,1
2026-08-15T18:06:34Z,NVIDIA H200 NVL,full,normal_0_1,gemv,raw_fp32,32,8,23,fp32,natural,thread_packet,8,128,1,1,8,none,raw,natural/thread_packet/x8/raw,65536,1024,1024,268697600,268697600,0,1024,256,10,3,95,14.918848037719727,0.15704050566020764,424.98867797851562,1
2026-08-15T18:06:34Z,NVIDIA H200 NVL,full,normal_0_1,gemv,raw_fp32,32,8,23,fp32,natural,thread_packet,8,128,1,1,8,none,raw,natural/thread_packet/x8/raw,65536,1024,1024,268697600,268697600,0,1024,256,10,4,95,14.948896408081055,0.15735680429559004,424.98867797851562,1
2026-08-15T18:06:34Z,NVIDIA H200 NVL,full,normal_0_1,dot,raw_fp64,64,11,52,fp64,natural,scalar,1,64,1,1,1,none,raw,natural/scalar/x1/raw,4096,0,1,65536,65536,0,16,256,10,0,2004,9.9925756454467773,0.0049863151923387116,32.916210500166116,1
2026-08-15T18:06:34Z,NVIDIA H200 NVL,full,normal_0_1,dot,raw_fp64,64,11,52,fp64,natural,scalar,1,64,1,1,1,none,raw,natural/scalar/x1/raw,4096,0,1,65536,65536,0,16,256,10,1,2004,9.9956483840942383,0.0049878484950570054,32.916210500166116,1
2026-08-15T18:06:34Z,NVIDIA H200 NVL,full,normal_0_1,dot,raw_fp64,64,11,52,fp64,natural,scalar,1,64,1,1,1,none,raw,natural/scalar/x1/raw,4096,0,1,65536,65536,0,16,256,10,2,2004,9.9965763092041016,0.004988311531538973,32.916210500166116,1
2026-08-15T18:06:34Z,NVIDIA H200 NVL,full,normal_0_1,dot,raw_fp64,64,11,52,fp64,natural,scalar,1,64,1,1,1,none,raw,natural/scalar/x1/raw,4096,0,1,65536,65536,0,16,256,10,3,2004,9.9996795654296875,0.0049898600625896648,32.916210500166116,1
2026-08-15T18:06:34Z,NVIDIA H200 NVL,full,normal_0_1,dot,raw_fp64,64,11,52,fp64,natural,scalar,1,64,1,1,1,none,raw,natural/scalar/x1/raw,4096,0,1,65536,65536,0,16,256,10,4,2004,9.9929599761962891,0.0049865069741498449,32.916210500166116,1
2026-08-15T18:06:34Z,NVIDIA H200 NVL,full,normal_0_1,dot,raw_fp64,64,11,52,fp64,natural,scalar,1,64,1,1,1,none,raw,natural/scalar/x1/raw,65536,0,1,1048576,1048576,0,256,256,10,0,2084,11.073472023010254,0.0053135662298513693,424.98861562004163,1
2026-08-15T18:06:34Z,NVIDIA H200 NVL,full,normal_0_1,dot,raw_fp64,64,11,52,fp64,natural,scalar,1,64,1,1,1,none,raw,natural/scalar/x1/raw,65536,0,1,1048576,1048576,0,256,256,10,1,2084,11.073439598083496,0.0053135506708654008,424.98861562004163,1
2026-08-15T18:06:34Z,NVIDIA H200 NVL,full,normal_0_1,dot,raw_fp64,64,11,52,fp64,natural,scalar,1,64,1,1,1,none,raw,natural/scalar/x1/raw,65536,0,1,1048576,1048576,0,256,256,10,2,2084,11.073280334472656,0.0053134742487872628,424.98861562004163,1
2026-08-15T18:06:34Z,NVIDIA H200 NVL,full,normal_0_1,dot,raw_fp64,64,11,52,fp64,natural,scalar,1,64,1,1,1,none,raw,natural/scalar/x1/raw,65536,0,1,1048576,1048576,0,256,256,10,3,2084,11.069919586181641,0.0053118616056533783,424.98861562004163,1
2026-08-15T18:06:34Z,NVIDIA H200 NVL,full,normal_0_1,dot,raw_fp64,64,11,52,fp64,natural,scalar,1,64,1,1,1,none,raw,natural/scalar/x1/raw,65536,0,1,1048576,1048576,0,256,256,10,4,2084,11.071200370788574,0.0053124761855991237,424.98861562004163,1
2026-08-15T18:06:34Z,NVIDIA H200 NVL,full,normal_0_1,dot,raw_fp64,64,11,52,fp64,natural,scalar,1,64,1,1,1,none,raw,natural/scalar/x1/raw,1048576,0,1,16777216,16777216,0,512,256,10,0,1484,11.825216293334961,0.0079684745911960658,-1214.7398837081475,1
2026-08-15T18:06:34Z,NVIDIA H200 NVL,full,normal_0_1,dot,raw_fp64,64,11,52,fp64,natural,scalar,1,64,1,1,1,none,raw,natural/scalar/x1/raw,1048576,0,1,16777216,16777216,0,512,256,10,1,1484,11.827296257019043,0.0079698761839750963,-1214.7398837081475,1
2026-08-15T18:06:34Z,NVIDIA H200 NVL,full,normal_0_1,dot,raw_fp64,64,11,52,fp64,natural,scalar,1,64,1,1,1,none,raw,natural/scalar/x1/raw,1048576,0,1,16777216,16777216,0,512,256,10,2,1484,11.83135986328125,0.007972614463127527,-1214.7398837081475,1
2026-08-15T18:06:34Z,NVIDIA H200 NVL,full,normal_0_1,dot,raw_fp64,64,11,52,fp64,natural,scalar,1,64,1,1,1,none,raw,natural/scalar/x1/raw,1048576,0,1,16777216,16777216,0,512,256,10,3,1484,11.842080116271973,0.0079798383532829996,-1214.7398837081475,1
2026-08-15T18:06:34Z,NVIDIA H200 NVL,full,normal_0_1,dot,raw_fp64,64,11,52,fp64,natural,scalar,1,64,1,1,1,none,raw,natural/scalar/x1/raw,1048576,0,1,16777216,16777216,0,512,256,10,4,1484,11.850144386291504,0.0079852724975010142,-1214.7398837081475,1
2026-08-15T18:06:34Z,NVIDIA H200 NVL,full,normal_0_1,dot,raw_fp64,64,11,52,fp64,natural,scalar,1,64,1,1,1,none,raw,natural/scalar/x1/raw,16777216,0,1,268435456,268435456,0,512,256,10,0,178,14.791872024536133,0.083100404632225469,-2896.1557629640783,1
2026-08-15T18:06:34Z,NVIDIA H200 NVL,full,normal_0_1,dot,raw_fp64,64,11,52,fp64,natural,scalar,1,64,1,1,1,none,raw,natural/scalar/x1/raw,16777216,0,1,268435456,268435456,0,512,256,10,1,178,14.757535934448242,0.082907505249709232,-2896.1557629640783,1
2026-08-15T18:06:34Z,NVIDIA H200 NVL,full,normal_0_1,dot,raw_fp64,64,11,52,fp64,natural,scalar,1,64,1,1,1,none,raw,natural/scalar/x1/raw,16777216,0,1,268435456,268435456,0,512,256,10,2,178,14.757792472839355,0.082908946476625597,-2896.1557629640783,1
2026-08-15T18:06:34Z,NVIDIA H200 NVL,full,normal_0_1,dot,raw_fp64,64,11,52,fp64,natural,scalar,1,64,1,1,1,none,raw,natural/scalar/x1/raw,16777216,0,1,268435456,268435456,0,512,256,10,3,178,14.763615608215332,0.082941660720310853,-2896.1557629640783,1
2026-08-15T18:06:34Z,NVIDIA H200 NVL,full,normal_0_1,dot,raw_fp64,64,11,52,fp64,natural,scalar,1,64,1,1,1,none,raw,natural/scalar/x1/raw,16777216,0,1,268435456,268435456,0,512,256,10,4,178,14.771103858947754,0.082983729544650303,-2896.1557629640783,1
2026-08-15T18:06:34Z,NVIDIA H200 NVL,full,normal_0_1,dot,raw_fp64,64,11,52,fp64,natural,scalar,1,64,1,1,1,none,raw,natural/scalar/x1/raw,134217728,0,1,2147483648,2147483648,0,512,256,10,0,25,15.030879974365234,0.60123519897460942,13110.077467888223,1
2026-08-15T18:06:34Z,NVIDIA H200 NVL,full,normal_0_1,dot,raw_fp64,64,11,52,fp64,natural,scalar,1,64,1,1,1,none,raw,natural/scalar/x1/raw,134217728,0,1,2147483648,2147483648,0,512,256,10,1,25,15.032768249511719,0.60131072998046875,13110.077467888223,1
2026-08-15T18:06:34Z,NVIDIA H200 NVL,full,normal_0_1,dot,raw_fp64,64,11,52,fp64,natural,scalar,1,64,1,1,1,none,raw,natural/scalar/x1/raw,134217728,0,1,2147483648,2147483648,0,512,256,10,2,25,15.016768455505371,0.60067073822021488,13110.077467888223,1
2026-08-15T18:06:34Z,NVIDIA H200 NVL,full,normal_0_1,dot,raw_fp64,64,11,52,fp64,natural,scalar,1,64,1,1,1,none,raw,natural/scalar/x1/raw,134217728,0,1,2147483648,2147483648,0,512,256,10,3,25,15.020544052124023,0.60082176208496096,13110.077467888223,1
2026-08-15T18:06:34Z,NVIDIA H200 NVL,full,normal_0_1,dot,raw_fp64,64,11,52,fp64,natural,scalar,1,64,1,1,1,none,raw,natural/scalar/x1/raw,134217728,0,1,2147483648,2147483648,0,512,256,10,4,25,15.020159721374512,0.6008063888549805,13110.077467888223,1
2026-08-15T18:06:34Z,NVIDIA H200 NVL,full,normal_0_1,gemv,raw_fp64,64,11,52,fp64,natural,scalar,1,64,1,1,1,none,raw,natural/scalar/x1/raw,256,1024,1024,2099200,2099200,0,1024,256,10,0,2455,9.4526395797729492,0.0038503623542863337,18.843530593165923,1
2026-08-15T18:06:34Z,NVIDIA H200 NVL,full,normal_0_1,gemv,raw_fp64,64,11,52,fp64,natural,scalar,1,64,1,1,1,none,raw,natural/scalar/x1/raw,256,1024,1024,2099200,2099200,0,1024,256,10,1,2455,9.4618558883666992,0.0038541164514731972,18.843530593165923,1
2026-08-15T18:06:34Z,NVIDIA H200 NVL,full,normal_0_1,gemv,raw_fp64,64,11,52,fp64,natural,scalar,1,64,1,1,1,none,raw,natural/scalar/x1/raw,256,1024,1024,2099200,2099200,0,1024,256,10,2,2455,9.4692478179931641,0.0038571274207711463,18.843530593165923,1
2026-08-15T18:06:34Z,NVIDIA H200 NVL,full,normal_0_1,gemv,raw_fp64,64,11,52,fp64,natural,scalar,1,64,1,1,1,none,raw,natural/scalar/x1/raw,256,1024,1024,2099200,2099200,0,1024,256,10,3,2455,9.4689598083496094,0.0038570101052340568,18.843530593165923,1
2026-08-15T18:06:34Z,NVIDIA H200 NVL,full,normal_0_1,gemv,raw_fp64,64,11,52,fp64,natural,scalar,1,64,1,1,1,none,raw,natural/scalar/x1/raw,256,1024,1024,2099200,2099200,0,1024,256,10,4,2455,9.4703035354614258,0.0038575574482531266,18.843530593165923,1
2026-08-15T18:06:34Z,NVIDIA H200 NVL,full,normal_0_1,gemv,raw_fp64,64,11,52,fp64,natural,scalar,1,64,1,1,1,none,raw,natural/scalar/x1/raw,1024,1024,1024,8396800,8396800,0,1024,256,10,0,2030,9.877568244934082,0.0048657971649921587,17.024110028266094,1
2026-08-15T18:06:34Z,NVIDIA H200 NVL,full,normal_0_1,gemv,raw_fp64,64,11,52,fp64,natural,scalar,1,64,1,1,1,none,raw,natural/scalar/x1/raw,1024,1024,1024,8396800,8396800,0,1024,256,10,1,2030,9.8747196197509766,0.0048643939013551605,17.024110028266094,1
2026-08-15T18:06:34Z,NVIDIA H200 NVL,full,normal_0_1,gemv,raw_fp64,64,11,52,fp64,natural,scalar,1,64,1,1,1,none,raw,natural/scalar/x1/raw,1024,1024,1024,8396800,8396800,0,1024,256,10,2,2030,9.8840322494506836,0.0048689814036702878,17.024110028266094,1
2026-08-15T18:06:34Z,NVIDIA H200 NVL,full,normal_0_1,gemv,raw_fp64,64,11,52,fp64,natural,scalar,1,64,1,1,1,none,raw,natural/scalar/x1/raw,1024,1024,1024,8396800,8396800,0,1024,256,10,3,2030,9.8813762664794922,0.0048676730376746268,17.024110028266094,1
2026-08-15T18:06:34Z,NVIDIA H200 NVL,full,normal_0_1,gemv,raw_fp64,64,11,52,fp64,natural,scalar,1,64,1,1,1,none,raw,natural/scalar/x1/raw,1024,1024,1024,8396800,8396800,0,1024,256,10,4,2030,9.8852157592773438,0.0048695644134371151,17.024110028266094,1
2026-08-15T18:06:34Z,NVIDIA H200 NVL,full,normal_0_1,gemv,raw_fp64,64,11,52,fp64,natural,scalar,1,64,1,1,1,none,raw,natural/scalar/x1/raw,4096,1024,1024,33587200,33587200,0,1024,256,10,0,1321,12.553791999816895,0.00950324905360855,32.91621050016613,1
2026-08-15T18:06:34Z,NVIDIA H200 NVL,full,normal_0_1,gemv,raw_fp64,64,11,52,fp64,natural,scalar,1,64,1,1,1,none,raw,natural/scalar/x1/raw,4096,1024,1024,33587200,33587200,0,1024,256,10,1,1321,12.53212833404541,0.0094868496094212031,32.91621050016613,1
2026-08-15T18:06:34Z,NVIDIA H200 NVL,full,normal_0_1,gemv,raw_fp64,64,11,52,fp64,natural,scalar,1,64,1,1,1,none,raw,natural/scalar/x1/raw,4096,1024,1024,33587200,33587200,0,1024,256,10,2,1321,12.541055679321289,0.0094936076300691057,32.91621050016613,1
2026-08-15T18:06:34Z,NVIDIA H200 NVL,full,normal_0_1,gemv,raw_fp64,64,11,52,fp64,natural,scalar,1,64,1,1,1,none,raw,natural/scalar/x1/raw,4096,1024,1024,33587200,33587200,0,1024,256,10,3,1321,12.533727645874023,0.0094880602921075113,32.91621050016613,1
2026-08-15T18:06:34Z,NVIDIA H200 NVL,full,normal_0_1,gemv,raw_fp64,64,11,52,fp64,natural,scalar,1,64,1,1,1,none,raw,natural/scalar/x1/raw,4096,1024,1024,33587200,33587200,0,1024,256,10,4,1321,12.518943786621094,0.0094768688770787996,32.91621050016613,1
2026-08-15T18:06:34Z,NVIDIA H200 NVL,full,normal_0_1,gemv,raw_fp64,64,11,52,fp64,natural,scalar,1,64,1,1,1,none,raw,natural/scalar/x1/raw,16384,1024,1024,134348800,134348800,0,1024,256,10,0,335,14.596351623535156,0.043571198876224349,14.335791721456388,1
2026-08-15T18:06:34Z,NVIDIA H200 NVL,full,normal_0_1,gemv,raw_fp64,64,11,52,fp64,natural,scalar,1,64,1,1,1,none,raw,natural/scalar/x1/raw,16384,1024,1024,134348800,134348800,0,1024,256,10,1,335,14.596384048461914,0.043571295667050487,14.335791721456388,1
2026-08-15T18:06:34Z,NVIDIA H200 NVL,full,normal_0_1,gemv,raw_fp64,64,11,52,fp64,natural,scalar,1,64,1,1,1,none,raw,natural/scalar/x1/raw,16384,1024,1024,134348800,134348800,0,1024,256,10,2,335,14.589088439941406,0.043549517731168379,14.335791721456388,1
2026-08-15T18:06:34Z,NVIDIA H200 NVL,full,normal_0_1,gemv,raw_fp64,64,11,52,fp64,natural,scalar,1,64,1,1,1,none,raw,natural/scalar/x1/raw,16384,1024,1024,134348800,134348800,0,1024,256,10,3,335,14.596639633178711,0.043572058606503615,14.335791721456388,1
2026-08-15T18:06:34Z,NVIDIA H200 NVL,full,normal_0_1,gemv,raw_fp64,64,11,52,fp64,natural,scalar,1,64,1,1,1,none,raw,natural/scalar/x1/raw,16384,1024,1024,134348800,134348800,0,1024,256,10,4,335,14.598400115966797,0.043577313779005367,14.335791721456388,1
2026-08-15T18:06:34Z,NVIDIA H200 NVL,full,normal_0_1,gemv,raw_fp64,64,11,52,fp64,natural,scalar,1,64,1,1,1,none,raw,natural/scalar/x1/raw,65536,1024,1024,537395200,537395200,0,1024,256,10,0,100,15.026816368103027,0.15026816368103027,424.98861562004168,1
2026-08-15T18:06:34Z,NVIDIA H200 NVL,full,normal_0_1,gemv,raw_fp64,64,11,52,fp64,natural,scalar,1,64,1,1,1,none,raw,natural/scalar/x1/raw,65536,1024,1024,537395200,537395200,0,1024,256,10,1,100,15.017824172973633,0.15017824172973632,424.98861562004168,1
2026-08-15T18:06:34Z,NVIDIA H200 NVL,full,normal_0_1,gemv,raw_fp64,64,11,52,fp64,natural,scalar,1,64,1,1,1,none,raw,natural/scalar/x1/raw,65536,1024,1024,537395200,537395200,0,1024,256,10,2,100,15.037311553955078,0.15037311553955079,424.98861562004168,1
2026-08-15T18:06:34Z,NVIDIA H200 NVL,full,normal_0_1,gemv,raw_fp64,64,11,52,fp64,natural,scalar,1,64,1,1,1,none,raw,natural/scalar/x1/raw,65536,1024,1024,537395200,537395200,0,1024,256,10,3,100,15.038911819458008,0.15038911819458009,424.98861562004168,1
2026-08-15T18:06:34Z,NVIDIA H200 NVL,full,normal_0_1,gemv,raw_fp64,64,11,52,fp64,natural,scalar,1,64,1,1,1,none,raw,natural/scalar/x1/raw,65536,1024,1024,537395200,537395200,0,1024,256,10,4,100,15.021535873413086,0.15021535873413086,424.98861562004168,1
2026-08-15T18:06:34Z,NVIDIA H200 NVL,full,normal_0_1,dot,raw_fp64,64,11,52,fp64,natural,thread_packet,2,128,1,1,2,none,raw,natural/thread_packet/x2/raw,4096,0,1,65536,65536,0,8,256,10,0,2141,10.834207534790039,0.0050603491521672298,32.916210500166123,1
2026-08-15T18:06:34Z,NVIDIA H200 NVL,full,normal_0_1,dot,raw_fp64,64,11,52,fp64,natural,thread_packet,2,128,1,1,2,none,raw,natural/thread_packet/x2/raw,4096,0,1,65536,65536,0,8,256,10,1,2141,10.846879959106445,0.0050662680799189374,32.916210500166123,1
2026-08-15T18:06:34Z,NVIDIA H200 NVL,full,normal_0_1,dot,raw_fp64,64,11,52,fp64,natural,thread_packet,2,128,1,1,2,none,raw,natural/thread_packet/x2/raw,4096,0,1,65536,65536,0,8,256,10,2,2141,10.839872360229492,0.0050629950304668346,32.916210500166123,1
2026-08-15T18:06:34Z,NVIDIA H200 NVL,full,normal_0_1,dot,raw_fp64,64,11,52,fp64,natural,thread_packet,2,128,1,1,2,none,raw,natural/thread_packet/x2/raw,4096,0,1,65536,65536,0,8,256,10,3,2141,10.834495544433594,0.0050604836732524956,32.916210500166123,1
2026-08-15T18:06:34Z,NVIDIA H200 NVL,full,normal_0_1,dot,raw_fp64,64,11,52,fp64,natural,thread_packet,2,128,1,1,2,none,raw,natural/thread_packet/x2/raw,4096,0,1,65536,65536,0,8,256,10,4,2141,10.833536148071289,0.0050600355665909808,32.916210500166123,1
2026-08-15T18:06:34Z,NVIDIA H200 NVL,full,normal_0_1,dot,raw_fp64,64,11,52,fp64,natural,thread_packet,2,128,1,1,2,none,raw,natural/thread_packet/x2/raw,65536,0,1,1048576,1048576,0,128,256,10,0,2039,10.819487571716309,0.0053062714917686653,424.9886156200418,1
2026-08-15T18:06:34Z,NVIDIA H200 NVL,full,normal_0_1,dot,raw_fp64,64,11,52,fp64,natural,thread_packet,2,128,1,1,2,none,raw,natural/thread_packet/x2/raw,65536,0,1,1048576,1048576,0,128,256,10,1,2039,10.819040298461914,0.0053060521326443915,424.9886156200418,1
2026-08-15T18:06:34Z,NVIDIA H200 NVL,full,normal_0_1,dot,raw_fp64,64,11,52,fp64,natural,thread_packet,2,128,1,1,2,none,raw,natural/thread_packet/x2/raw,65536,0,1,1048576,1048576,0,128,256,10,2,2039,10.820927619934082,0.0053069777439598243,424.9886156200418,1
2026-08-15T18:06:34Z,NVIDIA H200 NVL,full,normal_0_1,dot,raw_fp64,64,11,52,fp64,natural,thread_packet,2,128,1,1,2,none,raw,natural/thread_packet/x2/raw,65536,0,1,1048576,1048576,0,128,256,10,3,2039,10.819744110107422,0.0053063973075563615,424.9886156200418,1
2026-08-15T18:06:34Z,NVIDIA H200 NVL,full,normal_0_1,dot,raw_fp64,64,11,52,fp64,natural,thread_packet,2,128,1,1,2,none,raw,natural/thread_packet/x2/raw,65536,0,1,1048576,1048576,0,128,256,10,4,2039,10.817312240600586,0.0053052046300150002,424.9886156200418,1
2026-08-15T18:06:34Z,NVIDIA H200 NVL,full,normal_0_1,dot,raw_fp64,64,11,52,fp64,natural,thread_packet,2,128,1,1,2,none,raw,natural/thread_packet/x2/raw,1048576,0,1,16777216,16777216,0,512,256,10,0,1513,11.980992317199707,0.0079186994826171229,-1214.7398837081478,1
2026-08-15T18:06:34Z,NVIDIA H200 NVL,full,normal_0_1,dot,raw_fp64,64,11,52,fp64,natural,thread_packet,2,128,1,1,2,none,raw,natural/thread_packet/x2/raw,1048576,0,1,16777216,16777216,0,512,256,10,1,1513,11.981120109558105,0.0079187839455109755,-1214.7398837081478,1
2026-08-15T18:06:34Z,NVIDIA H200 NVL,full,normal_0_1,dot,raw_fp64,64,11,52,fp64,natural,thread_packet,2,128,1,1,2,none,raw,natural/thread_packet/x2/raw,1048576,0,1,16777216,16777216,0,512,256,10,2,1513,11.981632232666016,0.0079191224274064876,-1214.7398837081478,1
2026-08-15T18:06:34Z,NVIDIA H200 NVL,full,normal_0_1,dot,raw_fp64,64,11,52,fp64,natural,thread_packet,2,128,1,1,2,none,raw,natural/thread_packet/x2/raw,1048576,0,1,16777216,16777216,0,512,256,10,3,1513,11.980704307556152,0.0079185091259459037,-1214.7398837081478,1
2026-08-15T18:06:34Z,NVIDIA H200 NVL,full,normal_0_1,dot,raw_fp64,64,11,52,fp64,natural,thread_packet,2,128,1,1,2,none,raw,natural/thread_packet/x2/raw,1048576,0,1,16777216,16777216,0,512,256,10,4,1513,11.980544090270996,0.0079184032321685371,-1214.7398837081478,1
2026-08-15T18:06:34Z,NVIDIA H200 NVL,full,normal_0_1,dot,raw_fp64,64,11,52,fp64,natural,thread_packet,2,128,1,1,2,none,raw,natural/thread_packet/x2/raw,16777216,0,1,268435456,268435456,0,512,256,10,0,218,15.127679824829102,0.06939302671939955,-2896.1557629640779,1
2026-08-15T18:06:34Z,NVIDIA H200 NVL,full,normal_0_1,dot,raw_fp64,64,11,52,fp64,natural,thread_packet,2,128,1,1,2,none,raw,natural/thread_packet/x2/raw,16777216,0,1,268435456,268435456,0,512,256,10,1,218,15.118656158447266,0.069351633754345249,-2896.1557629640779,1
2026-08-15T18:06:34Z,NVIDIA H200 NVL,full,normal_0_1,dot,raw_fp64,64,11,52,fp64,natural,thread_packet,2,128,1,1,2,none,raw,natural/thread_packet/x2/raw,16777216,0,1,268435456,268435456,0,512,256,10,2,218,15.116767883300781,0.069342971941746698,-2896.1557629640779,1
2026-08-15T18:06:34Z,NVIDIA H200 NVL,full,normal_0_1,dot,raw_fp64,64,11,52,fp64,natural,thread_packet,2,128,1,1,2,none,raw,natural/thread_packet/x2/raw,16777216,0,1,268435456,268435456,0,512,256,10,3,218,15.109951972961426,0.06931170629798819,-2896.1557629640779,1
2026-08-15T18:06:34Z,NVIDIA H200 NVL,full,normal_0_1,dot,raw_fp64,64,11,52,fp64,natural,thread_packet,2,128,1,1,2,none,raw,natural/thread_packet/x2/raw,16777216,0,1,268435456,268435456,0,512,256,10,4,218,15.125760078430176,0.069384220543257685,-2896.1557629640779,1
2026-08-15T18:06:34Z,NVIDIA H200 NVL,full,normal_0_1,dot,raw_fp64,64,11,52,fp64,natural,thread_packet,2,128,1,1,2,none,raw,natural/thread_packet/x2/raw,134217728,0,1,2147483648,2147483648,0,512,256,10,0,31,15.375616073608398,0.49598761527769025,13110.077467888235,1
2026-08-15T18:06:34Z,NVIDIA H200 NVL,full,normal_0_1,dot,raw_fp64,64,11,52,fp64,natural,thread_packet,2,128,1,1,2,none,raw,natural/thread_packet/x2/raw,134217728,0,1,2147483648,2147483648,0,512,256,10,1,31,15.382368087768555,0.49620542218608243,13110.077467888235,1
2026-08-15T18:06:34Z,NVIDIA H200 NVL,full,normal_0_1,dot,raw_fp64,64,11,52,fp64,natural,thread_packet,2,128,1,1,2,none,raw,natural/thread_packet/x2/raw,134217728,0,1,2147483648,2147483648,0,512,256,10,2,31,15.375967979431152,0.49599896707842428,13110.077467888235,1
2026-08-15T18:06:34Z,NVIDIA H200 NVL,full,normal_0_1,dot,raw_fp64,64,11,52,fp64,natural,thread_packet,2,128,1,1,2,none,raw,natural/thread_packet/x2/raw,134217728,0,1,2147483648,2147483648,0,512,256,10,3,31,15.384127616882324,0.4962621811897524,13110.077467888235,1
2026-08-15T18:06:34Z,NVIDIA H200 NVL,full,normal_0_1,dot,raw_fp64,64,11,52,fp64,natural,thread_packet,2,128,1,1,2,none,raw,natural/thread_packet/x2/raw,134217728,0,1,2147483648,2147483648,0,512,256,10,4,31,15.369664192199707,0.49579561910321635,13110.077467888235,1
2026-08-15T18:06:34Z,NVIDIA H200 NVL,full,normal_0_1,gemv,raw_fp64,64,11,52,fp64,natural,thread_packet,2,128,1,1,2,none,raw,natural/thread_packet/x2/raw,256,1024,1024,2099200,2099200,0,1024,256,10,0,2442,9.5736637115478516,0.0039204192102980555,18.843530593165923,1
2026-08-15T18:06:34Z,NVIDIA H200 NVL,full,normal_0_1,gemv,raw_fp64,64,11,52,fp64,natural,thread_packet,2,128,1,1,2,none,raw,natural/thread_packet/x2/raw,256,1024,1024,2099200,2099200,0,1024,256,10,1,2442,9.5606403350830078,0.0039150861323026236,18.843530593165923,1
2026-08-15T18:06:34Z,NVIDIA H200 NVL,full,normal_0_1,gemv,raw_fp64,64,11,52,fp64,natural,thread_packet,2,128,1,1,2,none,raw,natural/thread_packet/x2/raw,256,1024,1024,2099200,2099200,0,1024,256,10,2,2442,9.5926399230957031,0.0039281899766976675,18.843530593165923,1
2026-08-15T18:06:34Z,NVIDIA H200 NVL,full,normal_0_1,gemv,raw_fp64,64,11,52,fp64,natural,thread_packet,2,128,1,1,2,none,raw,natural/thread_packet/x2/raw,256,1024,1024,2099200,2099200,0,1024,256,10,3,2442,9.5977277755737305,0.0039302734543708974,18.843530593165923,1
2026-08-15T18:06:34Z,NVIDIA H200 NVL,full,normal_0_1,gemv,raw_fp64,64,11,52,fp64,natural,thread_packet,2,128,1,1,2,none,raw,natural/thread_packet/x2/raw,256,1024,1024,2099200,2099200,0,1024,256,10,4,2442,9.5928001403808594,0.0039282555857415476,18.843530593165923,1
2026-08-15T18:06:34Z,NVIDIA H200 NVL,full,normal_0_1,gemv,raw_fp64,64,11,52,fp64,natural,thread_packet,2,128,1,1,2,none,raw,natural/thread_packet/x2/raw,1024,1024,1024,8396800,8396800,0,1024,256,10,0,2112,10.315072059631348,0.004884030331264843,17.024110028266094,1
2026-08-15T18:06:34Z,NVIDIA H200 NVL,full,normal_0_1,gemv,raw_fp64,64,11,52,fp64,natural,thread_packet,2,128,1,1,2,none,raw,natural/thread_packet/x2/raw,1024,1024,1024,8396800,8396800,0,1024,256,10,1,2112,10.31663990020752,0.0048847726800225,17.024110028266094,1
2026-08-15T18:06:34Z,NVIDIA H200 NVL,full,normal_0_1,gemv,raw_fp64,64,11,52,fp64,natural,thread_packet,2,128,1,1,2,none,raw,natural/thread_packet/x2/raw,1024,1024,1024,8396800,8396800,0,1024,256,10,2,2112,10.316767692565918,0.0048848331877679538,17.024110028266094,1
2026-08-15T18:06:34Z,NVIDIA H200 NVL,full,normal_0_1,gemv,raw_fp64,64,11,52,fp64,natural,thread_packet,2,128,1,1,2,none,raw,natural/thread_packet/x2/raw,1024,1024,1024,8396800,8396800,0,1024,256,10,3,2112,10.319519996643066,0.0048861363620469065,17.024110028266094,1
2026-08-15T18:06:34Z,NVIDIA H200 NVL,full,normal_0_1,gemv,raw_fp64,64,11,52,fp64,natural,thread_packet,2,128,1,1,2,none,raw,natural/thread_packet/x2/raw,1024,1024,1024,8396800,8396800,0,1024,256,10,4,2112,10.321215629577637,0.0048869392185500174,17.024110028266094,1
2026-08-15T18:06:34Z,NVIDIA H200 NVL,full,normal_0_1,gemv,raw_fp64,64,11,52,fp64,natural,thread_packet,2,128,1,1,2,none,raw,natural/thread_packet/x2/raw,4096,1024,1024,33587200,33587200,0,1024,256,10,0,1383,11.851519584655762,0.0085694284776975868,32.916210500166123,1
2026-08-15T18:06:34Z,NVIDIA H200 NVL,full,normal_0_1,gemv,raw_fp64,64,11,52,fp64,natural,thread_packet,2,128,1,1,2,none,raw,natural/thread_packet/x2/raw,4096,1024,1024,33587200,33587200,0,1024,256,10,1,1383,11.840160369873047,0.0085612150179848502,32.916210500166123,1
2026-08-15T18:06:34Z,NVIDIA H200 NVL,full,normal_0_1,gemv,raw_fp64,64,11,52,fp64,natural,thread_packet,2,128,1,1,2,none,raw,natural/thread_packet/x2/raw,4096,1024,1024,33587200,33587200,0,1024,256,10,2,1383,11.863391876220703,0.0085780129256838051,32.916210500166123,1
2026-08-15T18:06:34Z,NVIDIA H200 NVL,full,normal_0_1,gemv,raw_fp64,64,11,52,fp64,natural,thread_packet,2,128,1,1,2,none,raw,natural/thread_packet/x2/raw,4096,1024,1024,33587200,33587200,0,1024,256,10,3,1383,11.878623962402344,0.0085890267262489824,32.916210500166123,1
2026-08-15T18:06:34Z,NVIDIA H200 NVL,full,normal_0_1,gemv,raw_fp64,64,11,52,fp64,natural,thread_packet,2,128,1,1,2,none,raw,natural/thread_packet/x2/raw,4096,1024,1024,33587200,33587200,0,1024,256,10,4,1383,11.868063926696777,0.0085813911255941989,32.916210500166123,1
2026-08-15T18:06:34Z,NVIDIA H200 NVL,full,normal_0_1,gemv,raw_fp64,64,11,52,fp64,natural,thread_packet,2,128,1,1,2,none,raw,natural/thread_packet/x2/raw,16384,1024,1024,134348800,134348800,0,1024,256,10,0,378,14.325632095336914,0.037898497606711413,14.335791721456317,1
2026-08-15T18:06:34Z,NVIDIA H200 NVL,full,normal_0_1,gemv,raw_fp64,64,11,52,fp64,natural,thread_packet,2,128,1,1,2,none,raw,natural/thread_packet/x2/raw,16384,1024,1024,134348800,134348800,0,1024,256,10,1,378,14.308896064758301,0.037854222393540478,14.335791721456317,1
2026-08-15T18:06:34Z,NVIDIA H200 NVL,full,normal_0_1,gemv,raw_fp64,64,11,52,fp64,natural,thread_packet,2,128,1,1,2,none,raw,natural/thread_packet/x2/raw,16384,1024,1024,134348800,134348800,0,1024,256,10,2,378,14.31715202331543,0.037876063553744524,14.335791721456317,1
2026-08-15T18:06:34Z,NVIDIA H200 NVL,full,normal_0_1,gemv,raw_fp64,64,11,52,fp64,natural,thread_packet,2,128,1,1,2,none,raw,natural/thread_packet/x2/raw,16384,1024,1024,134348800,134348800,0,1024,256,10,3,378,14.322912216186523,0.037891302159223608,14.335791721456317,1
2026-08-15T18:06:34Z,NVIDIA H200 NVL,full,normal_0_1,gemv,raw_fp64,64,11,52,fp64,natural,thread_packet,2,128,1,1,2,none,raw,natural/thread_packet/x2/raw,16384,1024,1024,134348800,134348800,0,1024,256,10,4,378,14.325056076049805,0.037896973746163506,14.335791721456317,1
2026-08-15T18:06:34Z,NVIDIA H200 NVL,full,normal_0_1,gemv,raw_fp64,64,11,52,fp64,natural,thread_packet,2,128,1,1,2,none,raw,natural/thread_packet/x2/raw,65536,1024,1024,537395200,537395200,0,1024,256,10,0,113,14.918463706970215,0.13202180271655056,424.98861562004186,1
2026-08-15T18:06:34Z,NVIDIA H200 NVL,full,normal_0_1,gemv,raw_fp64,64,11,52,fp64,natural,thread_packet,2,128,1,1,2,none,raw,natural/thread_packet/x2/raw,65536,1024,1024,537395200,537395200,0,1024,256,10,1,113,14.913760185241699,0.13198017863045752,424.98861562004186,1
2026-08-15T18:06:34Z,NVIDIA H200 NVL,full,normal_0_1,gemv,raw_fp64,64,11,52,fp64,natural,thread_packet,2,128,1,1,2,none,raw,natural/thread_packet/x2/raw,65536,1024,1024,537395200,537395200,0,1024,256,10,2,113,14.923007965087891,0.13206201739015833,424.98861562004186,1
2026-08-15T18:06:34Z,NVIDIA H200 NVL,full,normal_0_1,gemv,raw_fp64,64,11,52,fp64,natural,thread_packet,2,128,1,1,2,none,raw,natural/thread_packet/x2/raw,65536,1024,1024,537395200,537395200,0,1024,256,10,3,113,14.920384407043457,0.13203880006233149,424.98861562004186,1
2026-08-15T18:06:34Z,NVIDIA H200 NVL,full,normal_0_1,gemv,raw_fp64,64,11,52,fp64,natural,thread_packet,2,128,1,1,2,none,raw,natural/thread_packet/x2/raw,65536,1024,1024,537395200,537395200,0,1024,256,10,4,113,14.917152404785156,0.13201019827243501,424.98861562004186,1
2026-08-15T18:06:34Z,NVIDIA H200 NVL,full,normal_0_1,dot,raw_fp64,64,11,52,fp64,natural,thread_packet,4,128,1,1,4,none,raw,natural/thread_packet/x4/raw,4096,0,1,65536,65536,0,4,256,10,0,2093,11.099519729614258,0.0053031627948467545,32.916210500166137,1
2026-08-15T18:06:34Z,NVIDIA H200 NVL,full,normal_0_1,dot,raw_fp64,64,11,52,fp64,natural,thread_packet,4,128,1,1,4,none,raw,natural/thread_packet/x4/raw,4096,0,1,65536,65536,0,4,256,10,1,2093,11.142623901367188,0.005323757239066979,32.916210500166137,1
2026-08-15T18:06:34Z,NVIDIA H200 NVL,full,normal_0_1,dot,raw_fp64,64,11,52,fp64,natural,thread_packet,4,128,1,1,4,none,raw,natural/thread_packet/x4/raw,4096,0,1,65536,65536,0,4,256,10,2,2093,11.123871803283691,0.0053147978037666943,32.916210500166137,1
2026-08-15T18:06:34Z,NVIDIA H200 NVL,full,normal_0_1,dot,raw_fp64,64,11,52,fp64,natural,thread_packet,4,128,1,1,4,none,raw,natural/thread_packet/x4/raw,4096,0,1,65536,65536,0,4,256,10,3,2093,11.103967666625977,0.0053052879439206765,32.916210500166137,1
2026-08-15T18:06:34Z,NVIDIA H200 NVL,full,normal_0_1,dot,raw_fp64,64,11,52,fp64,natural,thread_packet,4,128,1,1,4,none,raw,natural/thread_packet/x4/raw,4096,0,1,65536,65536,0,4,256,10,4,2093,11.093440055847168,0.0053002580295495308,32.916210500166137,1
2026-08-15T18:06:34Z,NVIDIA H200 NVL,full,normal_0_1,dot,raw_fp64,64,11,52,fp64,natural,thread_packet,4,128,1,1,4,none,raw,natural/thread_packet/x4/raw,65536,0,1,1048576,1048576,0,64,256,10,0,1995,10.983391761779785,0.0055054595297141778,424.98861562004174,1
2026-08-15T18:06:34Z,NVIDIA H200 NVL,full,normal_0_1,dot,raw_fp64,64,11,52,fp64,natural,thread_packet,4,128,1,1,4,none,raw,natural/thread_packet/x4/raw,65536,0,1,1048576,1048576,0,64,256,10,1,1995,10.980511665344238,0.0055040158723530016,424.98861562004174,1
2026-08-15T18:06:34Z,NVIDIA H200 NVL,full,normal_0_1,dot,raw_fp64,64,11,52,fp64,natural,thread_packet,4,128,1,1,4,none,raw,natural/thread_packet/x4/raw,65536,0,1,1048576,1048576,0,64,256,10,2,1995,10.984160423278809,0.0055058448236986511,424.98861562004174,1
2026-08-15T18:06:34Z,NVIDIA H200 NVL,full,normal_0_1,dot,raw_fp64,64,11,52,fp64,natural,thread_packet,4,128,1,1,4,none,raw,natural/thread_packet/x4/raw,65536,0,1,1048576,1048576,0,64,256,10,3,1995,10.976256370544434,0.0055018828925034752,424.98861562004174,1
2026-08-15T18:06:34Z,NVIDIA H200 NVL,full,normal_0_1,dot,raw_fp64,64,11,52,fp64,natural,thread_packet,4,128,1,1,4,none,raw,natural/thread_packet/x4/raw,65536,0,1,1048576,1048576,0,64,256,10,4,1995,10.981056213378906,0.0055042888287613568,424.98861562004174,1
2026-08-15T18:06:34Z,NVIDIA H200 NVL,full,normal_0_1,dot,raw_fp64,64,11,52,fp64,natural,thread_packet,4,128,1,1,4,none,raw,natural/thread_packet/x4/raw,1048576,0,1,16777216,16777216,0,512,256,10,0,1391,12.029055595397949,0.0086477754100632281,-1214.739883708148,1
2026-08-15T18:06:34Z,NVIDIA H200 NVL,full,normal_0_1,dot,raw_fp64,64,11,52,fp64,natural,thread_packet,4,128,1,1,4,none,raw,natural/thread_packet/x4/raw,1048576,0,1,16777216,16777216,0,512,256,10,1,1391,12.017824172973633,0.0086397010589314392,-1214.739883708148,1
2026-08-15T18:06:34Z,NVIDIA H200 NVL,full,normal_0_1,dot,raw_fp64,64,11,52,fp64,natural,thread_packet,4,128,1,1,4,none,raw,natural/thread_packet/x4/raw,1048576,0,1,16777216,16777216,0,512,256,10,2,1391,12.019295692443848,0.0086407589449632258,-1214.739883708148,1
2026-08-15T18:06:34Z,NVIDIA H200 NVL,full,normal_0_1,dot,raw_fp64,64,11,52,fp64,natural,thread_packet,4,128,1,1,4,none,raw,natural/thread_packet/x4/raw,1048576,0,1,16777216,16777216,0,512,256,10,3,1391,12.011839866638184,0.0086353988976550569,-1214.739883708148,1
2026-08-15T18:06:34Z,NVIDIA H200 NVL,full,normal_0_1,dot,raw_fp64,64,11,52,fp64,natural,thread_packet,4,128,1,1,4,none,raw,natural/thread_packet/x4/raw,1048576,0,1,16777216,16777216,0,512,256,10,4,1391,12.014464378356934,0.0086372856781861494,-1214.739883708148,1
2026-08-15T18:06:34Z,NVIDIA H200 NVL,full,normal_0_1,dot,raw_fp64,64,11,52,fp64,natural,thread_packet,4,128,1,1,4,none,raw,natural/thread_packet/x4/raw,16777216,0,1,268435456,268435456,0,512,256,10,0,208,14.408991813659668,0.069273999104133024,-2896.1557629640774,1
2026-08-15T18:06:34Z,NVIDIA H200 NVL,full,normal_0_1,dot,raw_fp64,64,11,52,fp64,natural,thread_packet,4,128,1,1,4,none,raw,natural/thread_packet/x4/raw,16777216,0,1,268435456,268435456,0,512,256,10,1,208,14.393535614013672,0.069199690451988802,-2896.1557629640774,1
2026-08-15T18:06:34Z,NVIDIA H200 NVL,full,normal_0_1,dot,raw_fp64,64,11,52,fp64,natural,thread_packet,4,128,1,1,4,none,raw,natural/thread_packet/x4/raw,16777216,0,1,268435456,268435456,0,512,256,10,2,208,14.377311706542969,0.069121690896841198,-2896.1557629640774,1
2026-08-15T18:06:34Z,NVIDIA H200 NVL,full,normal_0_1,dot,raw_fp64,64,11,52,fp64,natural,thread_packet,4,128,1,1,4,none,raw,natural/thread_packet/x4/raw,16777216,0,1,268435456,268435456,0,512,256,10,3,208,14.389375686645508,0.069179690801180332,-2896.1557629640774,1
2026-08-15T18:06:34Z,NVIDIA H200 NVL,full,normal_0_1,dot,raw_fp64,64,11,52,fp64,natural,thread_packet,4,128,1,1,4,none,raw,natural/thread_packet/x4/raw,16777216,0,1,268435456,268435456,0,512,256,10,4,208,14.378080368041992,0.069125386384817272,-2896.1557629640774,1
2026-08-15T18:06:34Z,NVIDIA H200 NVL,full,normal_0_1,dot,raw_fp64,64,11,52,fp64,natural,thread_packet,4,128,1,1,4,none,raw,natural/thread_packet/x4/raw,134217728,0,1,2147483648,2147483648,0,512,256,10,0,31,15.564064025878906,0.50206658147996475,13110.07746788823,1
2026-08-15T18:06:34Z,NVIDIA H200 NVL,full,normal_0_1,dot,raw_fp64,64,11,52,fp64,natural,thread_packet,4,128,1,1,4,none,raw,natural/thread_packet/x4/raw,134217728,0,1,2147483648,2147483648,0,512,256,10,1,31,15.567232131958008,0.50216877845025831,13110.07746788823,1
2026-08-15T18:06:34Z,NVIDIA H200 NVL,full,normal_0_1,dot,raw_fp64,64,11,52,fp64,natural,thread_packet,4,128,1,1,4,none,raw,natural/thread_packet/x4/raw,134217728,0,1,2147483648,2147483648,0,512,256,10,2,31,15.603808403015137,0.50334865816177865,13110.07746788823,1
2026-08-15T18:06:34Z,NVIDIA H200 NVL,full,normal_0_1,dot,raw_fp64,64,11,52,fp64,natural,thread_packet,4,128,1,1,4,none,raw,natural/thread_packet/x4/raw,134217728,0,1,2147483648,2147483648,0,512,256,10,3,31,15.586784362792969,0.50279949557396675,13110.07746788823,1
2026-08-15T18:06:34Z,NVIDIA H200 NVL,full,normal_0_1,dot,raw_fp64,64,11,52,fp64,natural,thread_packet,4,128,1,1,4,none,raw,natural/thread_packet/x4/raw,134217728,0,1,2147483648,2147483648,0,512,256,10,4,31,15.58182430267334,0.5026394936346239,13110.07746788823,1
2026-08-15T18:06:34Z,NVIDIA H200 NVL,full,normal_0_1,gemv,raw_fp64,64,11,52,fp64,natural,thread_packet,4,128,1,1,4,none,raw,natural/thread_packet/x4/raw,256,1024,1024,2099200,2099200,0,1024,256,10,0,2333,9.8171195983886719,0.0042079381047529672,18.843530593165923,1
2026-08-15T18:06:34Z,NVIDIA H200 NVL,full,normal_0_1,gemv,raw_fp64,64,11,52,fp64,natural,thread_packet,4,128,1,1,4,none,raw,natural/thread_packet/x4/raw,256,1024,1024,2099200,2099200,0,1024,256,10,1,2333,9.8255681991577148,0.0042115594509891619,18.843530593165923,1
2026-08-15T18:06:34Z,NVIDIA H200 NVL,full,normal_0_1,gemv,raw_fp64,64,11,52,fp64,natural,thread_packet,4,128,1,1,4,none,raw,natural/thread_packet/x4/raw,256,1024,1024,2099200,2099200,0,1024,256,10,2,2333,9.8335361480712891,0.0042149747741411442,18.843530593165923,1
2026-08-15T18:06:34Z,NVIDIA H200 NVL,full,normal_0_1,gemv,raw_fp64,64,11,52,fp64,natural,thread_packet,4,128,1,1,4,none,raw,natural/thread_packet/x4/raw,256,1024,1024,2099200,2099200,0,1024,256,10,3,2333,9.8251523971557617,0.0042113812246702791,18.843530593165923,1
2026-08-15T18:06:34Z,NVIDIA H200 NVL,full,normal_0_1,gemv,raw_fp64,64,11,52,fp64,natural,thread_packet,4,128,1,1,4,none,raw,natural/thread_packet/x4/raw,256,1024,1024,2099200,2099200,0,1024,256,10,4,2333,9.8294715881347656,0.0042132325709964705,18.843530593165923,1
2026-08-15T18:06:34Z,NVIDIA H200 NVL,full,normal_0_1,gemv,raw_fp64,64,11,52,fp64,natural,thread_packet,4,128,1,1,4,none,raw,natural/thread_packet/x4/raw,1024,1024,1024,8396800,8396800,0,1024,256,10,0,1796,10.879903793334961,0.0060578528916118935,17.024110028266101,1
2026-08-15T18:06:34Z,NVIDIA H200 NVL,full,normal_0_1,gemv,raw_fp64,64,11,52,fp64,natural,thread_packet,4,128,1,1,4,none,raw,natural/thread_packet/x4/raw,1024,1024,1024,8396800,8396800,0,1024,256,10,1,1796,10.882656097412109,0.0060593853549065196,17.024110028266101,1
2026-08-15T18:06:34Z,NVIDIA H200 NVL,full,normal_0_1,gemv,raw_fp64,64,11,52,fp64,natural,thread_packet,4,128,1,1,4,none,raw,natural/thread_packet/x4/raw,1024,1024,1024,8396800,8396800,0,1024,256,10,2,1796,10.884256362915039,0.006060276371333541,17.024110028266101,1
2026-08-15T18:06:34Z,NVIDIA H200 NVL,full,normal_0_1,gemv,raw_fp64,64,11,52,fp64,natural,thread_packet,4,128,1,1,4,none,raw,natural/thread_packet/x4/raw,1024,1024,1024,8396800,8396800,0,1024,256,10,3,1796,10.887040138244629,0.0060618263575972324,17.024110028266101,1
2026-08-15T18:06:34Z,NVIDIA H200 NVL,full,normal_0_1,gemv,raw_fp64,64,11,52,fp64,natural,thread_packet,4,128,1,1,4,none,raw,natural/thread_packet/x4/raw,1024,1024,1024,8396800,8396800,0,1024,256,10,4,1796,10.891103744506836,0.0060640889446029154,17.024110028266101,1
2026-08-15T18:06:34Z,NVIDIA H200 NVL,full,normal_0_1,gemv,raw_fp64,64,11,52,fp64,natural,thread_packet,4,128,1,1,4,none,raw,natural/thread_packet/x4/raw,4096,1024,1024,33587200,33587200,0,1024,256,10,0,989,12.947999954223633,0.013092012087182641,32.916210500166144,1
2026-08-15T18:06:34Z,NVIDIA H200 NVL,full,normal_0_1,gemv,raw_fp64,64,11,52,fp64,natural,thread_packet,4,128,1,1,4,none,raw,natural/thread_packet/x4/raw,4096,1024,1024,33587200,33587200,0,1024,256,10,1,989,12.941727638244629,0.013085670008336329,32.916210500166144,1
2026-08-15T18:06:34Z,NVIDIA H200 NVL,full,normal_0_1,gemv,raw_fp64,64,11,52,fp64,natural,thread_packet,4,128,1,1,4,none,raw,natural/thread_packet/x4/raw,4096,1024,1024,33587200,33587200,0,1024,256,10,2,989,12.935135841369629,0.013079004895217017,32.916210500166144,1
2026-08-15T18:06:34Z,NVIDIA H200 NVL,full,normal_0_1,gemv,raw_fp64,64,11,52,fp64,natural,thread_packet,4,128,1,1,4,none,raw,natural/thread_packet/x4/raw,4096,1024,1024,33587200,33587200,0,1024,256,10,3,989,12.936896324157715,0.013080784958703453,32.916210500166144,1
2026-08-15T18:06:34Z,NVIDIA H200 NVL,full,normal_0_1,gemv,raw_fp64,64,11,52,fp64,natural,thread_packet,4,128,1,1,4,none,raw,natural/thread_packet/x4/raw,4096,1024,1024,33587200,33587200,0,1024,256,10,4,989,12.938336372375488,0.013082241023635479,32.916210500166144,1
2026-08-15T18:06:34Z,NVIDIA H200 NVL,full,normal_0_1,gemv,raw_fp64,64,11,52,fp64,natural,thread_packet,4,128,1,1,4,none,raw,natural/thread_packet/x4/raw,16384,1024,1024,134348800,134348800,0,1024,256,10,0,347,14.612031936645508,0.042109602122897716,14.335791721456317,1
2026-08-15T18:06:34Z,NVIDIA H200 NVL,full,normal_0_1,gemv,raw_fp64,64,11,52,fp64,natural,thread_packet,4,128,1,1,4,none,raw,natural/thread_packet/x4/raw,16384,1024,1024,134348800,134348800,0,1024,256,10,1,347,14.588224411010742,0.042040992538935854,14.335791721456317,1
2026-08-15T18:06:34Z,NVIDIA H200 NVL,full,normal_0_1,gemv,raw_fp64,64,11,52,fp64,natural,thread_packet,4,128,1,1,4,none,raw,natural/thread_packet/x4/raw,16384,1024,1024,134348800,134348800,0,1024,256,10,2,347,14.56339168548584,0.041969428488431812,14.335791721456317,1
2026-08-15T18:06:34Z,NVIDIA H200 NVL,full,normal_0_1,gemv,raw_fp64,64,11,52,fp64,natural,thread_packet,4,128,1,1,4,none,raw,natural/thread_packet/x4/raw,16384,1024,1024,134348800,134348800,0,1024,256,10,3,347,14.554431915283203,0.04194360782502364,14.335791721456317,1
2026-08-15T18:06:34Z,NVIDIA H200 NVL,full,normal_0_1,gemv,raw_fp64,64,11,52,fp64,natural,thread_packet,4,128,1,1,4,none,raw,natural/thread_packet/x4/raw,16384,1024,1024,134348800,134348800,0,1024,256,10,4,347,14.560128211975098,0.04196002366563429,14.335791721456317,1
2026-08-15T18:06:34Z,NVIDIA H200 NVL,full,normal_0_1,gemv,raw_fp64,64,11,52,fp64,natural,thread_packet,4,128,1,1,4,none,raw,natural/thread_packet/x4/raw,65536,1024,1024,537395200,537395200,0,1024,256,10,0,98,14.97548770904541,0.15281109907189194,424.98861562004163,1
2026-08-15T18:06:34Z,NVIDIA H200 NVL,full,normal_0_1,gemv,raw_fp64,64,11,52,fp64,natural,thread_packet,4,128,1,1,4,none,raw,natural/thread_packet/x4/raw,65536,1024,1024,537395200,537395200,0,1024,256,10,1,98,14.971936225891113,0.15277485944786851,424.98861562004163,1
2026-08-15T18:06:34Z,NVIDIA H200 NVL,full,normal_0_1,gemv,raw_fp64,64,11,52,fp64,natural,thread_packet,4,128,1,1,4,none,raw,natural/thread_packet/x4/raw,65536,1024,1024,537395200,537395200,0,1024,256,10,2,98,14.964256286621094,0.15269649272062341,424.98861562004163,1
2026-08-15T18:06:34Z,NVIDIA H200 NVL,full,normal_0_1,gemv,raw_fp64,64,11,52,fp64,natural,thread_packet,4,128,1,1,4,none,raw,natural/thread_packet/x4/raw,65536,1024,1024,537395200,537395200,0,1024,256,10,3,98,15.018400192260742,0.15324898155368105,424.98861562004163,1
2026-08-15T18:06:34Z,NVIDIA H200 NVL,full,normal_0_1,gemv,raw_fp64,64,11,52,fp64,natural,thread_packet,4,128,1,1,4,none,raw,natural/thread_packet/x4/raw,65536,1024,1024,537395200,537395200,0,1024,256,10,4,98,15.015775680541992,0.15322220082185706,424.98861562004163,1
2026-08-15T18:06:34Z,NVIDIA H200 NVL,full,normal_0_1,dot,raw_fp64,64,11,52,fp64,natural,thread_packet,8,128,1,1,8,none,raw,natural/thread_packet/x8/raw,4096,0,1,65536,65536,0,2,256,10,0,1839,11.067520141601562,0.0060182273744434816,32.91621050016613,1
2026-08-15T18:06:34Z,NVIDIA H200 NVL,full,normal_0_1,dot,raw_fp64,64,11,52,fp64,natural,thread_packet,8,128,1,1,8,none,raw,natural/thread_packet/x8/raw,4096,0,1,65536,65536,0,2,256,10,1,1839,11.07795238494873,0.0060239001549476515,32.91621050016613,1
2026-08-15T18:06:34Z,NVIDIA H200 NVL,full,normal_0_1,dot,raw_fp64,64,11,52,fp64,natural,thread_packet,8,128,1,1,8,none,raw,natural/thread_packet/x8/raw,4096,0,1,65536,65536,0,2,256,10,2,1839,11.068991661071777,0.0060190275481630112,32.91621050016613,1
2026-08-15T18:06:34Z,NVIDIA H200 NVL,full,normal_0_1,dot,raw_fp64,64,11,52,fp64,natural,thread_packet,8,128,1,1,8,none,raw,natural/thread_packet/x8/raw,4096,0,1,65536,65536,0,2,256,10,3,1839,11.059776306152344,0.0060140164796913236,32.91621050016613,1
2026-08-15T18:06:34Z,NVIDIA H200 NVL,full,normal_0_1,dot,raw_fp64,64,11,52,fp64,natural,thread_packet,8,128,1,1,8,none,raw,natural/thread_packet/x8/raw,4096,0,1,65536,65536,0,2,256,10,4,1839,11.061599731445312,0.0060150080105738513,32.91621050016613,1
2026-08-15T18:06:34Z,NVIDIA H200 NVL,full,normal_0_1,dot,raw_fp64,64,11,52,fp64,natural,thread_packet,8,128,1,1,8,none,raw,natural/thread_packet/x8/raw,65536,0,1,1048576,1048576,0,32,256,10,0,1803,11.278656005859375,0.0062554941796225038,424.98861562004174,1
2026-08-15T18:06:34Z,NVIDIA H200 NVL,full,normal_0_1,dot,raw_fp64,64,11,52,fp64,natural,thread_packet,8,128,1,1,8,none,raw,natural/thread_packet/x8/raw,65536,0,1,1048576,1048576,0,32,256,10,1,1803,11.278719902038574,0.0062555296184351496,424.98861562004174,1
2026-08-15T18:06:34Z,NVIDIA H200 NVL,full,normal_0_1,dot,raw_fp64,64,11,52,fp64,natural,thread_packet,8,128,1,1,8,none,raw,natural/thread_packet/x8/raw,65536,0,1,1048576,1048576,0,32,256,10,2,1803,11.278752326965332,0.0062555476023102227,424.98861562004174,1
2026-08-15T18:06:34Z,NVIDIA H200 NVL,full,normal_0_1,dot,raw_fp64,64,11,52,fp64,natural,thread_packet,8,128,1,1,8,none,raw,natural/thread_packet/x8/raw,65536,0,1,1048576,1048576,0,32,256,10,3,1803,11.278240203857422,0.0062552635628715597,424.98861562004174,1
2026-08-15T18:06:34Z,NVIDIA H200 NVL,full,normal_0_1,dot,raw_fp64,64,11,52,fp64,natural,thread_packet,8,128,1,1,8,none,raw,natural/thread_packet/x8/raw,65536,0,1,1048576,1048576,0,32,256,10,4,1803,11.279264450073242,0.0062558316417488866,424.98861562004174,1
2026-08-15T18:06:34Z,NVIDIA H200 NVL,full,normal_0_1,dot,raw_fp64,64,11,52,fp64,natural,thread_packet,8,128,1,1,8,none,raw,natural/thread_packet/x8/raw,1048576,0,1,16777216,16777216,0,512,256,10,0,1172,12.615936279296875,0.010764450750253306,-1214.7398837081475,1
2026-08-15T18:06:34Z,NVIDIA H200 NVL,full,normal_0_1,dot,raw_fp64,64,11,52,fp64,natural,thread_packet,8,128,1,1,8,none,raw,natural/thread_packet/x8/raw,1048576,0,1,16777216,16777216,0,512,256,10,1,1172,12.617695808410645,0.010765952054957888,-1214.7398837081475,1
2026-08-15T18:06:34Z,NVIDIA H200 NVL,full,normal_0_1,dot,raw_fp64,64,11,52,fp64,natural,thread_packet,8,128,1,1,8,none,raw,natural/thread_packet/x8/raw,1048576,0,1,16777216,16777216,0,512,256,10,2,1172,12.618847846984863,0.010766935023024627,-1214.7398837081475,1
2026-08-15T18:06:34Z,NVIDIA H200 NVL,full,normal_0_1,dot,raw_fp64,64,11,52,fp64,natural,thread_packet,8,128,1,1,8,none,raw,natural/thread_packet/x8/raw,1048576,0,1,16777216,16777216,0,512,256,10,3,1172,12.615263938903809,0.010763877080975946,-1214.7398837081475,1
2026-08-15T18:06:34Z,NVIDIA H200 NVL,full,normal_0_1,dot,raw_fp64,64,11,52,fp64,natural,thread_packet,8,128,1,1,8,none,raw,natural/thread_packet/x8/raw,1048576,0,1,16777216,16777216,0,512,256,10,4,1172,12.614944458007812,0.010763604486354789,-1214.7398837081475,1
2026-08-15T18:06:34Z,NVIDIA H200 NVL,full,normal_0_1,dot,raw_fp64,64,11,52,fp64,natural,thread_packet,8,128,1,1,8,none,raw,natural/thread_packet/x8/raw,16777216,0,1,268435456,268435456,0,512,256,10,0,174,14.771743774414062,0.084895079163299206,-2896.1557629640783,1
2026-08-15T18:06:34Z,NVIDIA H200 NVL,full,normal_0_1,dot,raw_fp64,64,11,52,fp64,natural,thread_packet,8,128,1,1,8,none,raw,natural/thread_packet/x8/raw,16777216,0,1,268435456,268435456,0,512,256,10,1,174,14.77836799621582,0.084933149403539202,-2896.1557629640783,1
2026-08-15T18:06:34Z,NVIDIA H200 NVL,full,normal_0_1,dot,raw_fp64,64,11,52,fp64,natural,thread_packet,8,128,1,1,8,none,raw,natural/thread_packet/x8/raw,16777216,0,1,268435456,268435456,0,512,256,10,2,174,14.753151893615723,0.084788229273653579,-2896.1557629640783,1
2026-08-15T18:06:34Z,NVIDIA H200 NVL,full,normal_0_1,dot,raw_fp64,64,11,52,fp64,natural,thread_packet,8,128,1,1,8,none,raw,natural/thread_packet/x8/raw,16777216,0,1,268435456,268435456,0,512,256,10,3,174,14.765600204467773,0.084859771290044669,-2896.1557629640783,1
2026-08-15T18:06:34Z,NVIDIA H200 NVL,full,normal_0_1,dot,raw_fp64,64,11,52,fp64,natural,thread_packet,8,128,1,1,8,none,raw,natural/thread_packet/x8/raw,16777216,0,1,268435456,268435456,0,512,256,10,4,174,14.75391960144043,0.084792641387588671,-2896.1557629640783,1
2026-08-15T18:06:34Z,NVIDIA H200 NVL,full,normal_0_1,dot,raw_fp64,64,11,52,fp64,natural,thread_packet,8,128,1,1,8,none,raw,natural/thread_packet/x8/raw,134217728,0,1,2147483648,2147483648,0,512,256,10,0,25,15.242303848266602,0.60969215393066412,13110.077467888219,1
2026-08-15T18:06:34Z,NVIDIA H200 NVL,full,normal_0_1,dot,raw_fp64,64,11,52,fp64,natural,thread_packet,8,128,1,1,8,none,raw,natural/thread_packet/x8/raw,134217728,0,1,2147483648,2147483648,0,512,256,10,1,25,15.264415740966797,0.61057662963867188,13110.077467888219,1
2026-08-15T18:06:34Z,NVIDIA H200 NVL,full,normal_0_1,dot,raw_fp64,64,11,52,fp64,natural,thread_packet,8,128,1,1,8,none,raw,natural/thread_packet/x8/raw,134217728,0,1,2147483648,2147483648,0,512,256,10,2,25,15.233471870422363,0.60933887481689453,13110.077467888219,1
2026-08-15T18:06:34Z,NVIDIA H200 NVL,full,normal_0_1,dot,raw_fp64,64,11,52,fp64,natural,thread_packet,8,128,1,1,8,none,raw,natural/thread_packet/x8/raw,134217728,0,1,2147483648,2147483648,0,512,256,10,3,25,15.225536346435547,0.6090214538574219,13110.077467888219,1
2026-08-15T18:06:34Z,NVIDIA H200 NVL,full,normal_0_1,dot,raw_fp64,64,11,52,fp64,natural,thread_packet,8,128,1,1,8,none,raw,natural/thread_packet/x8/raw,134217728,0,1,2147483648,2147483648,0,512,256,10,4,25,15.253312110900879,0.61013248443603518,13110.077467888219,1
2026-08-15T18:06:34Z,NVIDIA H200 NVL,full,normal_0_1,gemv,raw_fp64,64,11,52,fp64,natural,thread_packet,8,128,1,1,8,none,raw,natural/thread_packet/x8/raw,256,1024,1024,2099200,2099200,0,1024,256,10,0,2131,10.215359687805176,0.0047936929553285667,18.843530593165923,1
2026-08-15T18:06:34Z,NVIDIA H200 NVL,full,normal_0_1,gemv,raw_fp64,64,11,52,fp64,natural,thread_packet,8,128,1,1,8,none,raw,natural/thread_packet/x8/raw,256,1024,1024,2099200,2099200,0,1024,256,10,1,2131,10.218591690063477,0.0047952096152339167,18.843530593165923,1
2026-08-15T18:06:34Z,NVIDIA H200 NVL,full,normal_0_1,gemv,raw_fp64,64,11,52,fp64,natural,thread_packet,8,128,1,1,8,none,raw,natural/thread_packet/x8/raw,256,1024,1024,2099200,2099200,0,1024,256,10,2,2131,10.224320411682129,0.0047978978937973388,18.843530593165923,1
2026-08-15T18:06:34Z,NVIDIA H200 NVL,full,normal_0_1,gemv,raw_fp64,64,11,52,fp64,natural,thread_packet,8,128,1,1,8,none,raw,natural/thread_packet/x8/raw,256,1024,1024,2099200,2099200,0,1024,256,10,3,2131,10.226847648620605,0.0047990838332335082,18.843530593165923,1
2026-08-15T18:06:34Z,NVIDIA H200 NVL,full,normal_0_1,gemv,raw_fp64,64,11,52,fp64,natural,thread_packet,8,128,1,1,8,none,raw,natural/thread_packet/x8/raw,256,1024,1024,2099200,2099200,0,1024,256,10,4,2131,10.20406436920166,0.0047883924773353638,18.843530593165923,1
2026-08-15T18:06:34Z,NVIDIA H200 NVL,full,normal_0_1,gemv,raw_fp64,64,11,52,fp64,natural,thread_packet,8,128,1,1,8,none,raw,natural/thread_packet/x8/raw,1024,1024,1024,8396800,8396800,0,1024,256,10,0,1447,12.009951591491699,0.0082998974371055276,17.024110028266087,1
2026-08-15T18:06:34Z,NVIDIA H200 NVL,full,normal_0_1,gemv,raw_fp64,64,11,52,fp64,natural,thread_packet,8,128,1,1,8,none,raw,natural/thread_packet/x8/raw,1024,1024,1024,8396800,8396800,0,1024,256,10,1,1447,12.009087562561035,0.0082993003196689952,17.024110028266087,1
2026-08-15T18:06:34Z,NVIDIA H200 NVL,full,normal_0_1,gemv,raw_fp64,64,11,52,fp64,natural,thread_packet,8,128,1,1,8,none,raw,natural/thread_packet/x8/raw,1024,1024,1024,8396800,8396800,0,1024,256,10,2,1447,12.010463714599609,0.008300251357705327,17.024110028266087,1
2026-08-15T18:06:34Z,NVIDIA H200 NVL,full,normal_0_1,gemv,raw_fp64,64,11,52,fp64,natural,thread_packet,8,128,1,1,8,none,raw,natural/thread_packet/x8/raw,1024,1024,1024,8396800,8396800,0,1024,256,10,3,1447,12.008447647094727,0.0082988580836867495,17.024110028266087,1
2026-08-15T18:06:34Z,NVIDIA H200 NVL,full,normal_0_1,gemv,raw_fp64,64,11,52,fp64,natural,thread_packet,8,128,1,1,8,none,raw,natural/thread_packet/x8/raw,1024,1024,1024,8396800,8396800,0,1024,256,10,4,1447,12.014176368713379,0.0083028171172863704,17.024110028266087,1
2026-08-15T18:06:34Z,NVIDIA H200 NVL,full,normal_0_1,gemv,raw_fp64,64,11,52,fp64,natural,thread_packet,8,128,1,1,8,none,raw,natural/thread_packet/x8/raw,4096,1024,1024,33587200,33587200,0,1024,256,10,0,603,13.596447944641113,0.022548006541693387,32.916210500166123,1
2026-08-15T18:06:34Z,NVIDIA H200 NVL,full,normal_0_1,gemv,raw_fp64,64,11,52,fp64,natural,thread_packet,8,128,1,1,8,none,raw,natural/thread_packet/x8/raw,4096,1024,1024,33587200,33587200,0,1024,256,10,1,603,13.589311599731445,0.022536171807183161,32.916210500166123,1
2026-08-15T18:06:34Z,NVIDIA H200 NVL,full,normal_0_1,gemv,raw_fp64,64,11,52,fp64,natural,thread_packet,8,128,1,1,8,none,raw,natural/thread_packet/x8/raw,4096,1024,1024,33587200,33587200,0,1024,256,10,2,603,13.60582447052002,0.022563556335854097,32.916210500166123,1
2026-08-15T18:06:34Z,NVIDIA H200 NVL,full,normal_0_1,gemv,raw_fp64,64,11,52,fp64,natural,thread_packet,8,128,1,1,8,none,raw,natural/thread_packet/x8/raw,4096,1024,1024,33587200,33587200,0,1024,256,10,3,603,13.605759620666504,0.022563448790491714,32.916210500166123,1
2026-08-15T18:06:34Z,NVIDIA H200 NVL,full,normal_0_1,gemv,raw_fp64,64,11,52,fp64,natural,thread_packet,8,128,1,1,8,none,raw,natural/thread_packet/x8/raw,4096,1024,1024,33587200,33587200,0,1024,256,10,4,603,13.606335639953613,0.022564404046357567,32.916210500166123,1
2026-08-15T18:06:34Z,NVIDIA H200 NVL,full,normal_0_1,gemv,raw_fp64,64,11,52,fp64,natural,thread_packet,8,128,1,1,8,none,raw,natural/thread_packet/x8/raw,16384,1024,1024,134348800,134348800,0,1024,256,10,0,187,14.902688026428223,0.079693518857904933,14.335791721456346,1
2026-08-15T18:06:34Z,NVIDIA H200 NVL,full,normal_0_1,gemv,raw_fp64,64,11,52,fp64,natural,thread_packet,8,128,1,1,8,none,raw,natural/thread_packet/x8/raw,16384,1024,1024,134348800,134348800,0,1024,256,10,1,187,14.920063972473145,0.079786438355471362,14.335791721456346,1
2026-08-15T18:06:34Z,NVIDIA H200 NVL,full,normal_0_1,gemv,raw_fp64,64,11,52,fp64,natural,thread_packet,8,128,1,1,8,none,raw,natural/thread_packet/x8/raw,16384,1024,1024,134348800,134348800,0,1024,256,10,2,187,14.897727966308594,0.079666994472238475,14.335791721456346,1
2026-08-15T18:06:34Z,NVIDIA H200 NVL,full,normal_0_1,gemv,raw_fp64,64,11,52,fp64,natural,thread_packet,8,128,1,1,8,none,raw,natural/thread_packet/x8/raw,16384,1024,1024,134348800,134348800,0,1024,256,10,3,187,14.903712272644043,0.07969899611039595,14.335791721456346,1
2026-08-15T18:06:34Z,NVIDIA H200 NVL,full,normal_0_1,gemv,raw_fp64,64,11,52,fp64,natural,thread_packet,8,128,1,1,8,none,raw,natural/thread_packet/x8/raw,16384,1024,1024,134348800,134348800,0,1024,256,10,4,187,14.904064178466797,0.079700877959715491,14.335791721456346,1
2026-08-15T18:06:34Z,NVIDIA H200 NVL,full,normal_0_1,gemv,raw_fp64,64,11,52,fp64,natural,thread_packet,8,128,1,1,8,none,raw,natural/thread_packet/x8/raw,65536,1024,1024,537395200,537395200,0,1024,256,10,0,50,15.056415557861328,0.30112831115722655,424.98861562004186,1
2026-08-15T18:06:34Z,NVIDIA H200 NVL,full,normal_0_1,gemv,raw_fp64,64,11,52,fp64,natural,thread_packet,8,128,1,1,8,none,raw,natural/thread_packet/x8/raw,65536,1024,1024,537395200,537395200,0,1024,256,10,1,50,15.088576316833496,0.30177152633666993,424.98861562004186,1
2026-08-15T18:06:34Z,NVIDIA H200 NVL,full,normal_0_1,gemv,raw_fp64,64,11,52,fp64,natural,thread_packet,8,128,1,1,8,none,raw,natural/thread_packet/x8/raw,65536,1024,1024,537395200,537395200,0,1024,256,10,2,50,15.048383712768555,0.30096767425537108,424.98861562004186,1
2026-08-15T18:06:34Z,NVIDIA H200 NVL,full,normal_0_1,gemv,raw_fp64,64,11,52,fp64,natural,thread_packet,8,128,1,1,8,none,raw,natural/thread_packet/x8/raw,65536,1024,1024,537395200,537395200,0,1024,256,10,3,50,15.04582405090332,0.3009164810180664,424.98861562004186,1
2026-08-15T18:06:34Z,NVIDIA H200 NVL,full,normal_0_1,gemv,raw_fp64,64,11,52,fp64,natural,thread_packet,8,128,1,1,8,none,raw,natural/thread_packet/x8/raw,65536,1024,1024,537395200,537395200,0,1024,256,10,4,50,15.060256004333496,0.30120512008666994,424.98861562004186,1
