timestamp,gpu,mode,distribution,kernel,format,bits,exponent_bits,mantissa_bits,arithmetic_type,storage_layout,access_method,packet_values,load_word_bits,loader_threads,consumer_threads,values_per_consumer,redistribution,decoder,strategy_id,N,M,rows,logical_input_bytes,physical_input_bytes,table_bytes,blocks,threads,warmup,sample,iterations,total_ms,mean_ms,result,valid
2026-08-15T18:28:55Z,NVIDIA H200 NVL,full,uniform_0_1,dot,raw_fp32,32,8,23,fp32,natural,scalar,1,32,1,1,1,none,raw,natural/scalar/x1/raw,4096,0,1,32768,32768,0,16,256,10,0,1687,8.1305,0.0048195,1019.6925048828125,1
2026-08-15T18:28:55Z,NVIDIA H200 NVL,full,uniform_0_1,dot,raw_fp32,32,8,23,fp32,natural,scalar,1,32,1,1,1,none,raw,natural/scalar/x1/raw,4096,0,1,32768,32768,0,16,256,10,1,1687,8.129664421081543,0.0048190067700542641,1019.6925048828125,1
2026-08-15T18:28:55Z,NVIDIA H200 NVL,full,uniform_0_1,dot,raw_fp32,32,8,23,fp32,natural,scalar,1,32,1,1,1,none,raw,natural/scalar/x1/raw,4096,0,1,32768,32768,0,16,256,10,2,1687,8.129119873046875,0.0048186839792808984,1019.6925048828125,1
2026-08-15T18:28:55Z,NVIDIA H200 NVL,full,uniform_0_1,dot,raw_fp32,32,8,23,fp32,natural,scalar,1,32,1,1,1,none,raw,natural/scalar/x1/raw,4096,0,1,32768,32768,0,16,256,10,3,1687,8.1281280517578125,0.0048180960591332617,1019.6925048828125,1
2026-08-15T18:28:55Z,NVIDIA H200 NVL,full,uniform_0_1,dot,raw_fp32,32,8,23,fp32,natural,scalar,1,32,1,1,1,none,raw,natural/scalar/x1/raw,4096,0,1,32768,32768,0,16,256,10,4,1687,8.1296958923339844,0.0048190254252127949,1019.6925048828125,1
2026-08-15T18:28:55Z,NVIDIA H200 NVL,full,uniform_0_1,dot,raw_fp32,32,8,23,fp32,natural,scalar,1,32,1,1,1,none,raw,natural/scalar/x1/raw,65536,0,1,524288,524288,0,256,256,10,0,2093,10.610752105712891,0.00506963789092828,16361.328125,1
2026-08-15T18:28:55Z,NVIDIA H200 NVL,full,uniform_0_1,dot,raw_fp32,32,8,23,fp32,natural,scalar,1,32,1,1,1,none,raw,natural/scalar/x1/raw,65536,0,1,524288,524288,0,256,256,10,1,2093,10.610688209533691,0.0050696073624145683,16361.328125,1
2026-08-15T18:28:55Z,NVIDIA H200 NVL,full,uniform_0_1,dot,raw_fp32,32,8,23,fp32,natural,scalar,1,32,1,1,1,none,raw,natural/scalar/x1/raw,65536,0,1,524288,524288,0,256,256,10,2,2093,10.610527992248535,0.0050695308133055592,16361.328125,1
2026-08-15T18:28:55Z,NVIDIA H200 NVL,full,uniform_0_1,dot,raw_fp32,32,8,23,fp32,natural,scalar,1,32,1,1,1,none,raw,natural/scalar/x1/raw,65536,0,1,524288,524288,0,256,256,10,3,2093,10.611424446105957,0.0050699591237964442,16361.328125,1
2026-08-15T18:28:55Z,NVIDIA H200 NVL,full,uniform_0_1,dot,raw_fp32,32,8,23,fp32,natural,scalar,1,32,1,1,1,none,raw,natural/scalar/x1/raw,65536,0,1,524288,524288,0,256,256,10,4,2093,10.61184024810791,0.0050701577869603012,16361.328125,1
2026-08-15T18:28:55Z,NVIDIA H200 NVL,full,uniform_0_1,dot,raw_fp32,32,8,23,fp32,natural,scalar,1,32,1,1,1,none,raw,natural/scalar/x1/raw,1048576,0,1,8388608,8388608,0,512,256,10,0,1622,11.391615867614746,0.007023191040452988,261997.40625,1
2026-08-15T18:28:55Z,NVIDIA H200 NVL,full,uniform_0_1,dot,raw_fp32,32,8,23,fp32,natural,scalar,1,32,1,1,1,none,raw,natural/scalar/x1/raw,1048576,0,1,8388608,8388608,0,512,256,10,1,1622,11.404064178466797,0.0070308657080559783,261997.40625,1
2026-08-15T18:28:55Z,NVIDIA H200 NVL,full,uniform_0_1,dot,raw_fp32,32,8,23,fp32,natural,scalar,1,32,1,1,1,none,raw,natural/scalar/x1/raw,1048576,0,1,8388608,8388608,0,512,256,10,2,1622,11.399807929992676,0.0070282416337809342,261997.40625,1
2026-08-15T18:28:55Z,NVIDIA H200 NVL,full,uniform_0_1,dot,raw_fp32,32,8,23,fp32,natural,scalar,1,32,1,1,1,none,raw,natural/scalar/x1/raw,1048576,0,1,8388608,8388608,0,512,256,10,3,1622,11.401984214782715,0.0070295833629979744,261997.40625,1
2026-08-15T18:28:55Z,NVIDIA H200 NVL,full,uniform_0_1,dot,raw_fp32,32,8,23,fp32,natural,scalar,1,32,1,1,1,none,raw,natural/scalar/x1/raw,1048576,0,1,8388608,8388608,0,512,256,10,4,1622,11.405664443969727,0.0070318523082427411,261997.40625,1
2026-08-15T18:28:55Z,NVIDIA H200 NVL,full,uniform_0_1,dot,raw_fp32,32,8,23,fp32,natural,scalar,1,32,1,1,1,none,raw,natural/scalar/x1/raw,16777216,0,1,134217728,134217728,0,512,256,10,0,211,14.80793571472168,0.070179790117164353,4194144.5,1
2026-08-15T18:28:55Z,NVIDIA H200 NVL,full,uniform_0_1,dot,raw_fp32,32,8,23,fp32,natural,scalar,1,32,1,1,1,none,raw,natural/scalar/x1/raw,16777216,0,1,134217728,134217728,0,512,256,10,1,211,14.803296089172363,0.070157801370485134,4194144.5,1
2026-08-15T18:28:55Z,NVIDIA H200 NVL,full,uniform_0_1,dot,raw_fp32,32,8,23,fp32,natural,scalar,1,32,1,1,1,none,raw,natural/scalar/x1/raw,16777216,0,1,134217728,134217728,0,512,256,10,2,211,14.795647621154785,0.070121552706894713,4194144.5,1
2026-08-15T18:28:55Z,NVIDIA H200 NVL,full,uniform_0_1,dot,raw_fp32,32,8,23,fp32,natural,scalar,1,32,1,1,1,none,raw,natural/scalar/x1/raw,16777216,0,1,134217728,134217728,0,512,256,10,3,211,14.784511566162109,0.07006877519508109,4194144.5,1
2026-08-15T18:28:55Z,NVIDIA H200 NVL,full,uniform_0_1,dot,raw_fp32,32,8,23,fp32,natural,scalar,1,32,1,1,1,none,raw,natural/scalar/x1/raw,16777216,0,1,134217728,134217728,0,512,256,10,4,211,14.80355167388916,0.070159012672460469,4194144.5,1
2026-08-15T18:28:55Z,NVIDIA H200 NVL,full,uniform_0_1,dot,raw_fp32,32,8,23,fp32,natural,scalar,1,32,1,1,1,none,raw,natural/scalar/x1/raw,134217728,0,1,1073741824,1073741824,0,512,256,10,0,30,15.083999633789062,0.50279998779296875,33555792,1
2026-08-15T18:28:55Z,NVIDIA H200 NVL,full,uniform_0_1,dot,raw_fp32,32,8,23,fp32,natural,scalar,1,32,1,1,1,none,raw,natural/scalar/x1/raw,134217728,0,1,1073741824,1073741824,0,512,256,10,1,30,15.099743843078613,0.50332479476928715,33555792,1
2026-08-15T18:28:55Z,NVIDIA H200 NVL,full,uniform_0_1,dot,raw_fp32,32,8,23,fp32,natural,scalar,1,32,1,1,1,none,raw,natural/scalar/x1/raw,134217728,0,1,1073741824,1073741824,0,512,256,10,2,30,15.103615760803223,0.50345385869344073,33555792,1
2026-08-15T18:28:55Z,NVIDIA H200 NVL,full,uniform_0_1,dot,raw_fp32,32,8,23,fp32,natural,scalar,1,32,1,1,1,none,raw,natural/scalar/x1/raw,134217728,0,1,1073741824,1073741824,0,512,256,10,3,30,15.117024421691895,0.50390081405639653,33555792,1
2026-08-15T18:28:55Z,NVIDIA H200 NVL,full,uniform_0_1,dot,raw_fp32,32,8,23,fp32,natural,scalar,1,32,1,1,1,none,raw,natural/scalar/x1/raw,134217728,0,1,1073741824,1073741824,0,512,256,10,4,30,15.090975761413574,0.50303252538045251,33555792,1
2026-08-15T18:28:55Z,NVIDIA H200 NVL,full,uniform_0_1,gemv,raw_fp32,32,8,23,fp32,natural,scalar,1,32,1,1,1,none,raw,natural/scalar/x1/raw,256,1024,1024,1049600,1049600,0,1024,256,10,0,2534,9.2105598449707031,0.0036347907833349262,62.262413024902344,1
2026-08-15T18:28:55Z,NVIDIA H200 NVL,full,uniform_0_1,gemv,raw_fp32,32,8,23,fp32,natural,scalar,1,32,1,1,1,none,raw,natural/scalar/x1/raw,256,1024,1024,1049600,1049600,0,1024,256,10,1,2534,9.2099199295043945,0.0036345382515802663,62.262413024902344,1
2026-08-15T18:28:55Z,NVIDIA H200 NVL,full,uniform_0_1,gemv,raw_fp32,32,8,23,fp32,natural,scalar,1,32,1,1,1,none,raw,natural/scalar/x1/raw,256,1024,1024,1049600,1049600,0,1024,256,10,2,2534,9.2117443084716797,0.0036352582117094236,62.262413024902344,1
2026-08-15T18:28:55Z,NVIDIA H200 NVL,full,uniform_0_1,gemv,raw_fp32,32,8,23,fp32,natural,scalar,1,32,1,1,1,none,raw,natural/scalar/x1/raw,256,1024,1024,1049600,1049600,0,1024,256,10,3,2534,9.210911750793457,0.0036349296569824219,62.262413024902344,1
2026-08-15T18:28:55Z,NVIDIA H200 NVL,full,uniform_0_1,gemv,raw_fp32,32,8,23,fp32,natural,scalar,1,32,1,1,1,none,raw,natural/scalar/x1/raw,256,1024,1024,1049600,1049600,0,1024,256,10,4,2534,9.2121915817260742,0.0036354347204917421,62.262413024902344,1
2026-08-15T18:28:55Z,NVIDIA H200 NVL,full,uniform_0_1,gemv,raw_fp32,32,8,23,fp32,natural,scalar,1,32,1,1,1,none,raw,natural/scalar/x1/raw,1024,1024,1024,4198400,4198400,0,1024,256,10,0,2276,9.9524164199829102,0.0043727664411172713,248.53376770019531,1
2026-08-15T18:28:55Z,NVIDIA H200 NVL,full,uniform_0_1,gemv,raw_fp32,32,8,23,fp32,natural,scalar,1,32,1,1,1,none,raw,natural/scalar/x1/raw,1024,1024,1024,4198400,4198400,0,1024,256,10,1,2276,9.9644479751586914,0.0043780527131628694,248.53376770019531,1
2026-08-15T18:28:55Z,NVIDIA H200 NVL,full,uniform_0_1,gemv,raw_fp32,32,8,23,fp32,natural,scalar,1,32,1,1,1,none,raw,natural/scalar/x1/raw,1024,1024,1024,4198400,4198400,0,1024,256,10,2,2276,9.9605121612548828,0.0043763234451910729,248.53376770019531,1
2026-08-15T18:28:55Z,NVIDIA H200 NVL,full,uniform_0_1,gemv,raw_fp32,32,8,23,fp32,natural,scalar,1,32,1,1,1,none,raw,natural/scalar/x1/raw,1024,1024,1024,4198400,4198400,0,1024,256,10,3,2276,9.9583683013916016,0.0043753815032476278,248.53376770019531,1
2026-08-15T18:28:55Z,NVIDIA H200 NVL,full,uniform_0_1,gemv,raw_fp32,32,8,23,fp32,natural,scalar,1,32,1,1,1,none,raw,natural/scalar/x1/raw,1024,1024,1024,4198400,4198400,0,1024,256,10,4,2276,9.967167854309082,0.0043792477391516177,248.53376770019531,1
2026-08-15T18:28:55Z,NVIDIA H200 NVL,full,uniform_0_1,gemv,raw_fp32,32,8,23,fp32,natural,scalar,1,32,1,1,1,none,raw,natural/scalar/x1/raw,4096,1024,1024,16793600,16793600,0,1024,256,10,0,1606,11.371744155883789,0.0070807871456312508,1019.6925048828125,1
2026-08-15T18:28:55Z,NVIDIA H200 NVL,full,uniform_0_1,gemv,raw_fp32,32,8,23,fp32,natural,scalar,1,32,1,1,1,none,raw,natural/scalar/x1/raw,4096,1024,1024,16793600,16793600,0,1024,256,10,1,1606,11.381855964660645,0.0070870834151062542,1019.6925048828125,1
2026-08-15T18:28:55Z,NVIDIA H200 NVL,full,uniform_0_1,gemv,raw_fp32,32,8,23,fp32,natural,scalar,1,32,1,1,1,none,raw,natural/scalar/x1/raw,4096,1024,1024,16793600,16793600,0,1024,256,10,2,1606,11.371456146240234,0.0070806078121047533,1019.6925048828125,1
2026-08-15T18:28:55Z,NVIDIA H200 NVL,full,uniform_0_1,gemv,raw_fp32,32,8,23,fp32,natural,scalar,1,32,1,1,1,none,raw,natural/scalar/x1/raw,4096,1024,1024,16793600,16793600,0,1024,256,10,3,1606,11.359423637390137,0.0070731155899066856,1019.6925048828125,1
2026-08-15T18:28:55Z,NVIDIA H200 NVL,full,uniform_0_1,gemv,raw_fp32,32,8,23,fp32,natural,scalar,1,32,1,1,1,none,raw,natural/scalar/x1/raw,4096,1024,1024,16793600,16793600,0,1024,256,10,4,1606,11.36575984954834,0.0070770609274896264,1019.6925048828125,1
2026-08-15T18:28:55Z,NVIDIA H200 NVL,full,uniform_0_1,gemv,raw_fp32,32,8,23,fp32,natural,scalar,1,32,1,1,1,none,raw,natural/scalar/x1/raw,16384,1024,1024,67174400,67174400,0,1024,256,10,0,428,14.575136184692383,0.034054056506290613,4110.29638671875,1
2026-08-15T18:28:55Z,NVIDIA H200 NVL,full,uniform_0_1,gemv,raw_fp32,32,8,23,fp32,natural,scalar,1,32,1,1,1,none,raw,natural/scalar/x1/raw,16384,1024,1024,67174400,67174400,0,1024,256,10,1,428,14.582592010498047,0.034071476660042163,4110.29638671875,1
2026-08-15T18:28:55Z,NVIDIA H200 NVL,full,uniform_0_1,gemv,raw_fp32,32,8,23,fp32,natural,scalar,1,32,1,1,1,none,raw,natural/scalar/x1/raw,16384,1024,1024,67174400,67174400,0,1024,256,10,2,428,14.584704399108887,0.03407641214745067,4110.29638671875,1
2026-08-15T18:28:55Z,NVIDIA H200 NVL,full,uniform_0_1,gemv,raw_fp32,32,8,23,fp32,natural,scalar,1,32,1,1,1,none,raw,natural/scalar/x1/raw,16384,1024,1024,67174400,67174400,0,1024,256,10,3,428,14.56441593170166,0.034029009186218831,4110.29638671875,1
2026-08-15T18:28:55Z,NVIDIA H200 NVL,full,uniform_0_1,gemv,raw_fp32,32,8,23,fp32,natural,scalar,1,32,1,1,1,none,raw,natural/scalar/x1/raw,16384,1024,1024,67174400,67174400,0,1024,256,10,4,428,14.573184013366699,0.034049495358333411,4110.29638671875,1
2026-08-15T18:28:55Z,NVIDIA H200 NVL,full,uniform_0_1,gemv,raw_fp32,32,8,23,fp32,natural,scalar,1,32,1,1,1,none,raw,natural/scalar/x1/raw,65536,1024,1024,268697600,268697600,0,1024,256,10,0,123,14.901344299316406,0.12114914064484883,16361.3291015625,1
2026-08-15T18:28:55Z,NVIDIA H200 NVL,full,uniform_0_1,gemv,raw_fp32,32,8,23,fp32,natural,scalar,1,32,1,1,1,none,raw,natural/scalar/x1/raw,65536,1024,1024,268697600,268697600,0,1024,256,10,1,123,14.911295890808105,0.12123004789274883,16361.3291015625,1
2026-08-15T18:28:55Z,NVIDIA H200 NVL,full,uniform_0_1,gemv,raw_fp32,32,8,23,fp32,natural,scalar,1,32,1,1,1,none,raw,natural/scalar/x1/raw,65536,1024,1024,268697600,268697600,0,1024,256,10,2,123,14.91596794128418,0.12126803204296081,16361.3291015625,1
2026-08-15T18:28:55Z,NVIDIA H200 NVL,full,uniform_0_1,gemv,raw_fp32,32,8,23,fp32,natural,scalar,1,32,1,1,1,none,raw,natural/scalar/x1/raw,65536,1024,1024,268697600,268697600,0,1024,256,10,3,123,14.916159629821777,0.12126959048635591,16361.3291015625,1
2026-08-15T18:28:55Z,NVIDIA H200 NVL,full,uniform_0_1,gemv,raw_fp32,32,8,23,fp32,natural,scalar,1,32,1,1,1,none,raw,natural/scalar/x1/raw,65536,1024,1024,268697600,268697600,0,1024,256,10,4,123,14.909855842590332,0.12121834018366123,16361.3291015625,1
2026-08-15T18:28:55Z,NVIDIA H200 NVL,full,uniform_0_1,dot,raw_fp32,32,8,23,fp32,natural,thread_packet,2,64,1,1,2,none,raw,natural/thread_packet/x2/raw,4096,0,1,32768,32768,0,8,256,10,0,2141,10.280896186828613,0.004801913211970394,1019.6925048828125,1
2026-08-15T18:28:55Z,NVIDIA H200 NVL,full,uniform_0_1,dot,raw_fp32,32,8,23,fp32,natural,thread_packet,2,64,1,1,2,none,raw,natural/thread_packet/x2/raw,4096,0,1,32768,32768,0,8,256,10,1,2141,10.289888381958008,0.0048061132096954727,1019.6925048828125,1
2026-08-15T18:28:55Z,NVIDIA H200 NVL,full,uniform_0_1,dot,raw_fp32,32,8,23,fp32,natural,thread_packet,2,64,1,1,2,none,raw,natural/thread_packet/x2/raw,4096,0,1,32768,32768,0,8,256,10,2,2141,10.291647911071777,0.0048069350355309567,1019.6925048828125,1
2026-08-15T18:28:55Z,NVIDIA H200 NVL,full,uniform_0_1,dot,raw_fp32,32,8,23,fp32,natural,thread_packet,2,64,1,1,2,none,raw,natural/thread_packet/x2/raw,4096,0,1,32768,32768,0,8,256,10,3,2141,10.287424087524414,0.0048049622080917394,1019.6925048828125,1
2026-08-15T18:28:55Z,NVIDIA H200 NVL,full,uniform_0_1,dot,raw_fp32,32,8,23,fp32,natural,thread_packet,2,64,1,1,2,none,raw,natural/thread_packet/x2/raw,4096,0,1,32768,32768,0,8,256,10,4,2141,10.279071807861328,0.0048010610966190232,1019.6925048828125,1
2026-08-15T18:28:55Z,NVIDIA H200 NVL,full,uniform_0_1,dot,raw_fp32,32,8,23,fp32,natural,thread_packet,2,64,1,1,2,none,raw,natural/thread_packet/x2/raw,65536,0,1,524288,524288,0,128,256,10,0,2112,10.459136009216309,0.0049522424286062069,16361.3291015625,1
2026-08-15T18:28:55Z,NVIDIA H200 NVL,full,uniform_0_1,dot,raw_fp32,32,8,23,fp32,natural,thread_packet,2,64,1,1,2,none,raw,natural/thread_packet/x2/raw,65536,0,1,524288,524288,0,128,256,10,1,2112,10.46230411529541,0.0049537424788330536,16361.3291015625,1
2026-08-15T18:28:55Z,NVIDIA H200 NVL,full,uniform_0_1,dot,raw_fp32,32,8,23,fp32,natural,thread_packet,2,64,1,1,2,none,raw,natural/thread_packet/x2/raw,65536,0,1,524288,524288,0,128,256,10,2,2112,10.462656021118164,0.0049539091009082213,16361.3291015625,1
2026-08-15T18:28:55Z,NVIDIA H200 NVL,full,uniform_0_1,dot,raw_fp32,32,8,23,fp32,natural,thread_packet,2,64,1,1,2,none,raw,natural/thread_packet/x2/raw,65536,0,1,524288,524288,0,128,256,10,3,2112,10.462112426757812,0.0049536517172148733,16361.3291015625,1
2026-08-15T18:28:55Z,NVIDIA H200 NVL,full,uniform_0_1,dot,raw_fp32,32,8,23,fp32,natural,thread_packet,2,64,1,1,2,none,raw,natural/thread_packet/x2/raw,65536,0,1,524288,524288,0,128,256,10,4,2112,10.46025562286377,0.0049527725487044363,16361.3291015625,1
2026-08-15T18:28:55Z,NVIDIA H200 NVL,full,uniform_0_1,dot,raw_fp32,32,8,23,fp32,natural,thread_packet,2,64,1,1,2,none,raw,natural/thread_packet/x2/raw,1048576,0,1,8388608,8388608,0,512,256,10,0,1730,11.374176025390625,0.0065746682227691474,261997.40625,1
2026-08-15T18:28:55Z,NVIDIA H200 NVL,full,uniform_0_1,dot,raw_fp32,32,8,23,fp32,natural,thread_packet,2,64,1,1,2,none,raw,natural/thread_packet/x2/raw,1048576,0,1,8388608,8388608,0,512,256,10,1,1730,11.376768112182617,0.0065761665388338825,261997.40625,1
2026-08-15T18:28:55Z,NVIDIA H200 NVL,full,uniform_0_1,dot,raw_fp32,32,8,23,fp32,natural,thread_packet,2,64,1,1,2,none,raw,natural/thread_packet/x2/raw,1048576,0,1,8388608,8388608,0,512,256,10,2,1730,11.376223564147949,0.0065758517711837858,261997.40625,1
2026-08-15T18:28:55Z,NVIDIA H200 NVL,full,uniform_0_1,dot,raw_fp32,32,8,23,fp32,natural,thread_packet,2,64,1,1,2,none,raw,natural/thread_packet/x2/raw,1048576,0,1,8388608,8388608,0,512,256,10,3,1730,11.376735687255859,0.0065761477961016526,261997.40625,1
2026-08-15T18:28:55Z,NVIDIA H200 NVL,full,uniform_0_1,dot,raw_fp32,32,8,23,fp32,natural,thread_packet,2,64,1,1,2,none,raw,natural/thread_packet/x2/raw,1048576,0,1,8388608,8388608,0,512,256,10,4,1730,11.385984420776367,0.0065814938848418308,261997.40625,1
2026-08-15T18:28:55Z,NVIDIA H200 NVL,full,uniform_0_1,dot,raw_fp32,32,8,23,fp32,natural,thread_packet,2,64,1,1,2,none,raw,natural/thread_packet/x2/raw,16777216,0,1,134217728,134217728,0,512,256,10,0,317,14.571167945861816,0.045965829482213935,4194144.75,1
2026-08-15T18:28:55Z,NVIDIA H200 NVL,full,uniform_0_1,dot,raw_fp32,32,8,23,fp32,natural,thread_packet,2,64,1,1,2,none,raw,natural/thread_packet/x2/raw,16777216,0,1,134217728,134217728,0,512,256,10,1,317,14.541600227355957,0.045872555922258543,4194144.75,1
2026-08-15T18:28:55Z,NVIDIA H200 NVL,full,uniform_0_1,dot,raw_fp32,32,8,23,fp32,natural,thread_packet,2,64,1,1,2,none,raw,natural/thread_packet/x2/raw,16777216,0,1,134217728,134217728,0,512,256,10,2,317,14.542207717895508,0.045874472296200342,4194144.75,1
2026-08-15T18:28:55Z,NVIDIA H200 NVL,full,uniform_0_1,dot,raw_fp32,32,8,23,fp32,natural,thread_packet,2,64,1,1,2,none,raw,natural/thread_packet/x2/raw,16777216,0,1,134217728,134217728,0,512,256,10,3,317,14.560704231262207,0.045932820918808223,4194144.75,1
2026-08-15T18:28:55Z,NVIDIA H200 NVL,full,uniform_0_1,dot,raw_fp32,32,8,23,fp32,natural,thread_packet,2,64,1,1,2,none,raw,natural/thread_packet/x2/raw,16777216,0,1,134217728,134217728,0,512,256,10,4,317,14.542943954467773,0.045876794809046606,4194144.75,1
2026-08-15T18:28:55Z,NVIDIA H200 NVL,full,uniform_0_1,dot,raw_fp32,32,8,23,fp32,natural,thread_packet,2,64,1,1,2,none,raw,natural/thread_packet/x2/raw,134217728,0,1,1073741824,1073741824,0,512,256,10,0,49,15.037568092346191,0.30688914474175899,33555792,1
2026-08-15T18:28:55Z,NVIDIA H200 NVL,full,uniform_0_1,dot,raw_fp32,32,8,23,fp32,natural,thread_packet,2,64,1,1,2,none,raw,natural/thread_packet/x2/raw,134217728,0,1,1073741824,1073741824,0,512,256,10,1,49,15.054847717285156,0.30724179014867664,33555792,1
2026-08-15T18:28:55Z,NVIDIA H200 NVL,full,uniform_0_1,dot,raw_fp32,32,8,23,fp32,natural,thread_packet,2,64,1,1,2,none,raw,natural/thread_packet/x2/raw,134217728,0,1,1073741824,1073741824,0,512,256,10,2,49,15.026623725891113,0.30666579032430841,33555792,1
2026-08-15T18:28:55Z,NVIDIA H200 NVL,full,uniform_0_1,dot,raw_fp32,32,8,23,fp32,natural,thread_packet,2,64,1,1,2,none,raw,natural/thread_packet/x2/raw,134217728,0,1,1073741824,1073741824,0,512,256,10,3,49,15.0283203125,0.30670041454081631,33555792,1
2026-08-15T18:28:55Z,NVIDIA H200 NVL,full,uniform_0_1,dot,raw_fp32,32,8,23,fp32,natural,thread_packet,2,64,1,1,2,none,raw,natural/thread_packet/x2/raw,134217728,0,1,1073741824,1073741824,0,512,256,10,4,49,15.043680191040039,0.30701388144979669,33555792,1
2026-08-15T18:28:55Z,NVIDIA H200 NVL,full,uniform_0_1,gemv,raw_fp32,32,8,23,fp32,natural,thread_packet,2,64,1,1,2,none,raw,natural/thread_packet/x2/raw,256,1024,1024,1049600,1049600,0,1024,256,10,0,2562,9.4045124053955078,0.0036707698693971536,62.262413024902344,1
2026-08-15T18:28:55Z,NVIDIA H200 NVL,full,uniform_0_1,gemv,raw_fp32,32,8,23,fp32,natural,thread_packet,2,64,1,1,2,none,raw,natural/thread_packet/x2/raw,256,1024,1024,1049600,1049600,0,1024,256,10,1,2562,9.380000114440918,0.003661202230460936,62.262413024902344,1
2026-08-15T18:28:55Z,NVIDIA H200 NVL,full,uniform_0_1,gemv,raw_fp32,32,8,23,fp32,natural,thread_packet,2,64,1,1,2,none,raw,natural/thread_packet/x2/raw,256,1024,1024,1049600,1049600,0,1024,256,10,2,2562,9.4102077484130859,0.0036729928760394557,62.262413024902344,1
2026-08-15T18:28:55Z,NVIDIA H200 NVL,full,uniform_0_1,gemv,raw_fp32,32,8,23,fp32,natural,thread_packet,2,64,1,1,2,none,raw,natural/thread_packet/x2/raw,256,1024,1024,1049600,1049600,0,1024,256,10,3,2562,9.4173116683959961,0.0036757656785308336,62.262413024902344,1
2026-08-15T18:28:55Z,NVIDIA H200 NVL,full,uniform_0_1,gemv,raw_fp32,32,8,23,fp32,natural,thread_packet,2,64,1,1,2,none,raw,natural/thread_packet/x2/raw,256,1024,1024,1049600,1049600,0,1024,256,10,4,2562,9.4175043106079102,0.0036758408706510188,62.262413024902344,1
2026-08-15T18:28:55Z,NVIDIA H200 NVL,full,uniform_0_1,gemv,raw_fp32,32,8,23,fp32,natural,thread_packet,2,64,1,1,2,none,raw,natural/thread_packet/x2/raw,1024,1024,1024,4198400,4198400,0,1024,256,10,0,2368,10.010432243347168,0.0042273784811432298,248.53376770019531,1
2026-08-15T18:28:55Z,NVIDIA H200 NVL,full,uniform_0_1,gemv,raw_fp32,32,8,23,fp32,natural,thread_packet,2,64,1,1,2,none,raw,natural/thread_packet/x2/raw,1024,1024,1024,4198400,4198400,0,1024,256,10,1,2368,9.9943361282348633,0.004220581135234317,248.53376770019531,1
2026-08-15T18:28:55Z,NVIDIA H200 NVL,full,uniform_0_1,gemv,raw_fp32,32,8,23,fp32,natural,thread_packet,2,64,1,1,2,none,raw,natural/thread_packet/x2/raw,1024,1024,1024,4198400,4198400,0,1024,256,10,2,2368,10.007167816162109,0.0042259999223657561,248.53376770019531,1
2026-08-15T18:28:55Z,NVIDIA H200 NVL,full,uniform_0_1,gemv,raw_fp32,32,8,23,fp32,natural,thread_packet,2,64,1,1,2,none,raw,natural/thread_packet/x2/raw,1024,1024,1024,4198400,4198400,0,1024,256,10,3,2368,10.017215728759766,0.0042302431286992256,248.53376770019531,1
2026-08-15T18:28:55Z,NVIDIA H200 NVL,full,uniform_0_1,gemv,raw_fp32,32,8,23,fp32,natural,thread_packet,2,64,1,1,2,none,raw,natural/thread_packet/x2/raw,1024,1024,1024,4198400,4198400,0,1024,256,10,4,2368,10.029696464538574,0.0042355137096868976,248.53376770019531,1
2026-08-15T18:28:55Z,NVIDIA H200 NVL,full,uniform_0_1,gemv,raw_fp32,32,8,23,fp32,natural,thread_packet,2,64,1,1,2,none,raw,natural/thread_packet/x2/raw,4096,1024,1024,16793600,16793600,0,1024,256,10,0,1776,11.238143920898438,0.0063277837392446161,1019.6925048828125,1
2026-08-15T18:28:55Z,NVIDIA H200 NVL,full,uniform_0_1,gemv,raw_fp32,32,8,23,fp32,natural,thread_packet,2,64,1,1,2,none,raw,natural/thread_packet/x2/raw,4096,1024,1024,16793600,16793600,0,1024,256,10,1,1776,11.231200218200684,0.0063238739967346191,1019.6925048828125,1
2026-08-15T18:28:55Z,NVIDIA H200 NVL,full,uniform_0_1,gemv,raw_fp32,32,8,23,fp32,natural,thread_packet,2,64,1,1,2,none,raw,natural/thread_packet/x2/raw,4096,1024,1024,16793600,16793600,0,1024,256,10,2,1776,11.227904319763184,0.0063220181980648557,1019.6925048828125,1
2026-08-15T18:28:55Z,NVIDIA H200 NVL,full,uniform_0_1,gemv,raw_fp32,32,8,23,fp32,natural,thread_packet,2,64,1,1,2,none,raw,natural/thread_packet/x2/raw,4096,1024,1024,16793600,16793600,0,1024,256,10,3,1776,11.233023643493652,0.0063249007001653446,1019.6925048828125,1
2026-08-15T18:28:55Z,NVIDIA H200 NVL,full,uniform_0_1,gemv,raw_fp32,32,8,23,fp32,natural,thread_packet,2,64,1,1,2,none,raw,natural/thread_packet/x2/raw,4096,1024,1024,16793600,16793600,0,1024,256,10,4,1776,11.228799819946289,0.0063225224211409282,1019.6925048828125,1
2026-08-15T18:28:55Z,NVIDIA H200 NVL,full,uniform_0_1,gemv,raw_fp32,32,8,23,fp32,natural,thread_packet,2,64,1,1,2,none,raw,natural/thread_packet/x2/raw,16384,1024,1024,67174400,67174400,0,1024,256,10,0,594,14.060000419616699,0.023670034376459089,4110.29638671875,1
2026-08-15T18:28:55Z,NVIDIA H200 NVL,full,uniform_0_1,gemv,raw_fp32,32,8,23,fp32,natural,thread_packet,2,64,1,1,2,none,raw,natural/thread_packet/x2/raw,16384,1024,1024,67174400,67174400,0,1024,256,10,1,594,14.031392097473145,0.023621872217968257,4110.29638671875,1
2026-08-15T18:28:55Z,NVIDIA H200 NVL,full,uniform_0_1,gemv,raw_fp32,32,8,23,fp32,natural,thread_packet,2,64,1,1,2,none,raw,natural/thread_packet/x2/raw,16384,1024,1024,67174400,67174400,0,1024,256,10,2,594,14.029279708862305,0.023618316008185699,4110.29638671875,1
2026-08-15T18:28:55Z,NVIDIA H200 NVL,full,uniform_0_1,gemv,raw_fp32,32,8,23,fp32,natural,thread_packet,2,64,1,1,2,none,raw,natural/thread_packet/x2/raw,16384,1024,1024,67174400,67174400,0,1024,256,10,3,594,14.023136138916016,0.023607973297838411,4110.29638671875,1
2026-08-15T18:28:55Z,NVIDIA H200 NVL,full,uniform_0_1,gemv,raw_fp32,32,8,23,fp32,natural,thread_packet,2,64,1,1,2,none,raw,natural/thread_packet/x2/raw,16384,1024,1024,67174400,67174400,0,1024,256,10,4,594,14.019807815551758,0.023602370059851444,4110.29638671875,1
2026-08-15T18:28:55Z,NVIDIA H200 NVL,full,uniform_0_1,gemv,raw_fp32,32,8,23,fp32,natural,thread_packet,2,64,1,1,2,none,raw,natural/thread_packet/x2/raw,65536,1024,1024,268697600,268697600,0,1024,256,10,0,176,14.203104019165039,0.080699454654346817,16361.3291015625,1
2026-08-15T18:28:55Z,NVIDIA H200 NVL,full,uniform_0_1,gemv,raw_fp32,32,8,23,fp32,natural,thread_packet,2,64,1,1,2,none,raw,natural/thread_packet/x2/raw,65536,1024,1024,268697600,268697600,0,1024,256,10,1,176,14.200991630554199,0.080687452446330674,16361.3291015625,1
2026-08-15T18:28:55Z,NVIDIA H200 NVL,full,uniform_0_1,gemv,raw_fp32,32,8,23,fp32,natural,thread_packet,2,64,1,1,2,none,raw,natural/thread_packet/x2/raw,65536,1024,1024,268697600,268697600,0,1024,256,10,2,176,14.202400207519531,0.080695455724542786,16361.3291015625,1
2026-08-15T18:28:55Z,NVIDIA H200 NVL,full,uniform_0_1,gemv,raw_fp32,32,8,23,fp32,natural,thread_packet,2,64,1,1,2,none,raw,natural/thread_packet/x2/raw,65536,1024,1024,268697600,268697600,0,1024,256,10,3,176,14.20905590057373,0.080733272162350739,16361.3291015625,1
2026-08-15T18:28:55Z,NVIDIA H200 NVL,full,uniform_0_1,gemv,raw_fp32,32,8,23,fp32,natural,thread_packet,2,64,1,1,2,none,raw,natural/thread_packet/x2/raw,65536,1024,1024,268697600,268697600,0,1024,256,10,4,176,14.209535598754883,0.080735997720198197,16361.3291015625,1
2026-08-15T18:28:55Z,NVIDIA H200 NVL,full,uniform_0_1,dot,raw_fp32,32,8,23,fp32,natural,thread_packet,4,128,1,1,4,none,raw,natural/thread_packet/x4/raw,4096,0,1,32768,32768,0,4,256,10,0,2122,10.496224403381348,0.0049463828479648199,1019.6925048828125,1
2026-08-15T18:28:55Z,NVIDIA H200 NVL,full,uniform_0_1,dot,raw_fp32,32,8,23,fp32,natural,thread_packet,4,128,1,1,4,none,raw,natural/thread_packet/x4/raw,4096,0,1,32768,32768,0,4,256,10,1,2122,10.507712364196777,0.0049517965901021569,1019.6925048828125,1
2026-08-15T18:28:55Z,NVIDIA H200 NVL,full,uniform_0_1,dot,raw_fp32,32,8,23,fp32,natural,thread_packet,4,128,1,1,4,none,raw,natural/thread_packet/x4/raw,4096,0,1,32768,32768,0,4,256,10,2,2122,10.500736236572266,0.0049485090653026698,1019.6925048828125,1
2026-08-15T18:28:55Z,NVIDIA H200 NVL,full,uniform_0_1,dot,raw_fp32,32,8,23,fp32,natural,thread_packet,4,128,1,1,4,none,raw,natural/thread_packet/x4/raw,4096,0,1,32768,32768,0,4,256,10,3,2122,10.49238395690918,0.004944573023991131,1019.6925048828125,1
2026-08-15T18:28:55Z,NVIDIA H200 NVL,full,uniform_0_1,dot,raw_fp32,32,8,23,fp32,natural,thread_packet,4,128,1,1,4,none,raw,natural/thread_packet/x4/raw,4096,0,1,32768,32768,0,4,256,10,4,2122,10.49510383605957,0.0049458547766538978,1019.6925048828125,1
2026-08-15T18:28:55Z,NVIDIA H200 NVL,full,uniform_0_1,dot,raw_fp32,32,8,23,fp32,natural,thread_packet,4,128,1,1,4,none,raw,natural/thread_packet/x4/raw,65536,0,1,524288,524288,0,64,256,10,0,2093,10.861472129821777,0.0051894276778890478,16361.330078125,1
2026-08-15T18:28:55Z,NVIDIA H200 NVL,full,uniform_0_1,dot,raw_fp32,32,8,23,fp32,natural,thread_packet,4,128,1,1,4,none,raw,natural/thread_packet/x4/raw,65536,0,1,524288,524288,0,64,256,10,1,2093,10.860063552856445,0.0051887546836390085,16361.330078125,1
2026-08-15T18:28:55Z,NVIDIA H200 NVL,full,uniform_0_1,dot,raw_fp32,32,8,23,fp32,natural,thread_packet,4,128,1,1,4,none,raw,natural/thread_packet/x4/raw,65536,0,1,524288,524288,0,64,256,10,2,2093,10.860639572143555,0.0051890298959118755,16361.330078125,1
2026-08-15T18:28:55Z,NVIDIA H200 NVL,full,uniform_0_1,dot,raw_fp32,32,8,23,fp32,natural,thread_packet,4,128,1,1,4,none,raw,natural/thread_packet/x4/raw,65536,0,1,524288,524288,0,64,256,10,3,2093,10.862624168395996,0.0051899781024347807,16361.330078125,1
2026-08-15T18:28:55Z,NVIDIA H200 NVL,full,uniform_0_1,dot,raw_fp32,32,8,23,fp32,natural,thread_packet,4,128,1,1,4,none,raw,natural/thread_packet/x4/raw,65536,0,1,524288,524288,0,64,256,10,4,2093,10.860128402709961,0.0051887856678021795,16361.330078125,1
2026-08-15T18:28:55Z,NVIDIA H200 NVL,full,uniform_0_1,dot,raw_fp32,32,8,23,fp32,natural,thread_packet,4,128,1,1,4,none,raw,natural/thread_packet/x4/raw,1048576,0,1,8388608,8388608,0,512,256,10,0,1675,11.485440254211426,0.0068569792562456272,261997.40625,1
2026-08-15T18:28:55Z,NVIDIA H200 NVL,full,uniform_0_1,dot,raw_fp32,32,8,23,fp32,natural,thread_packet,4,128,1,1,4,none,raw,natural/thread_packet/x4/raw,1048576,0,1,8388608,8388608,0,512,256,10,1,1675,11.493791580200195,0.006861965122507579,261997.40625,1
2026-08-15T18:28:55Z,NVIDIA H200 NVL,full,uniform_0_1,dot,raw_fp32,32,8,23,fp32,natural,thread_packet,4,128,1,1,4,none,raw,natural/thread_packet/x4/raw,1048576,0,1,8388608,8388608,0,512,256,10,2,1675,11.502367973327637,0.0068670853572105296,261997.40625,1
2026-08-15T18:28:55Z,NVIDIA H200 NVL,full,uniform_0_1,dot,raw_fp32,32,8,23,fp32,natural,thread_packet,4,128,1,1,4,none,raw,natural/thread_packet/x4/raw,1048576,0,1,8388608,8388608,0,512,256,10,3,1675,11.508319854736328,0.0068706387192455694,261997.40625,1
2026-08-15T18:28:55Z,NVIDIA H200 NVL,full,uniform_0_1,dot,raw_fp32,32,8,23,fp32,natural,thread_packet,4,128,1,1,4,none,raw,natural/thread_packet/x4/raw,1048576,0,1,8388608,8388608,0,512,256,10,4,1675,11.501855850219727,0.0068667796120714785,261997.40625,1
2026-08-15T18:28:55Z,NVIDIA H200 NVL,full,uniform_0_1,dot,raw_fp32,32,8,23,fp32,natural,thread_packet,4,128,1,1,4,none,raw,natural/thread_packet/x4/raw,16777216,0,1,134217728,134217728,0,512,256,10,0,388,14.872320175170898,0.038330722100955922,4194144.75,1
2026-08-15T18:28:55Z,NVIDIA H200 NVL,full,uniform_0_1,dot,raw_fp32,32,8,23,fp32,natural,thread_packet,4,128,1,1,4,none,raw,natural/thread_packet/x4/raw,16777216,0,1,134217728,134217728,0,512,256,10,1,388,14.839967727661133,0.038247339504281268,4194144.75,1
2026-08-15T18:28:55Z,NVIDIA H200 NVL,full,uniform_0_1,dot,raw_fp32,32,8,23,fp32,natural,thread_packet,4,128,1,1,4,none,raw,natural/thread_packet/x4/raw,16777216,0,1,134217728,134217728,0,512,256,10,2,388,14.840415954589844,0.038248494728324339,4194144.75,1
2026-08-15T18:28:55Z,NVIDIA H200 NVL,full,uniform_0_1,dot,raw_fp32,32,8,23,fp32,natural,thread_packet,4,128,1,1,4,none,raw,natural/thread_packet/x4/raw,16777216,0,1,134217728,134217728,0,512,256,10,3,388,14.823424339294434,0.038204701905398028,4194144.75,1
2026-08-15T18:28:55Z,NVIDIA H200 NVL,full,uniform_0_1,dot,raw_fp32,32,8,23,fp32,natural,thread_packet,4,128,1,1,4,none,raw,natural/thread_packet/x4/raw,16777216,0,1,134217728,134217728,0,512,256,10,4,388,14.833056449890137,0.038229526932706537,4194144.75,1
2026-08-15T18:28:55Z,NVIDIA H200 NVL,full,uniform_0_1,dot,raw_fp32,32,8,23,fp32,natural,thread_packet,4,128,1,1,4,none,raw,natural/thread_packet/x4/raw,134217728,0,1,1073741824,1073741824,0,512,256,10,0,59,14.912287712097168,0.2527506391880876,33555792,1
2026-08-15T18:28:55Z,NVIDIA H200 NVL,full,uniform_0_1,dot,raw_fp32,32,8,23,fp32,natural,thread_packet,4,128,1,1,4,none,raw,natural/thread_packet/x4/raw,134217728,0,1,1073741824,1073741824,0,512,256,10,1,59,14.917216300964355,0.2528341745926162,33555792,1
2026-08-15T18:28:55Z,NVIDIA H200 NVL,full,uniform_0_1,dot,raw_fp32,32,8,23,fp32,natural,thread_packet,4,128,1,1,4,none,raw,natural/thread_packet/x4/raw,134217728,0,1,1073741824,1073741824,0,512,256,10,2,59,14.920000076293945,0.25288135722532112,33555792,1
2026-08-15T18:28:55Z,NVIDIA H200 NVL,full,uniform_0_1,dot,raw_fp32,32,8,23,fp32,natural,thread_packet,4,128,1,1,4,none,raw,natural/thread_packet/x4/raw,134217728,0,1,1073741824,1073741824,0,512,256,10,3,59,14.909215927124023,0.25269857503600041,33555792,1
2026-08-15T18:28:55Z,NVIDIA H200 NVL,full,uniform_0_1,dot,raw_fp32,32,8,23,fp32,natural,thread_packet,4,128,1,1,4,none,raw,natural/thread_packet/x4/raw,134217728,0,1,1073741824,1073741824,0,512,256,10,4,59,14.905440330505371,0.25263458187297239,33555792,1
2026-08-15T18:28:55Z,NVIDIA H200 NVL,full,uniform_0_1,gemv,raw_fp32,32,8,23,fp32,natural,thread_packet,4,128,1,1,4,none,raw,natural/thread_packet/x4/raw,256,1024,1024,1049600,1049600,0,1024,256,10,0,2576,9.8959999084472656,0.0038416148712916405,62.262413024902344,1
2026-08-15T18:28:55Z,NVIDIA H200 NVL,full,uniform_0_1,gemv,raw_fp32,32,8,23,fp32,natural,thread_packet,4,128,1,1,4,none,raw,natural/thread_packet/x4/raw,256,1024,1024,1049600,1049600,0,1024,256,10,1,2576,9.9043197631835938,0.0038448446285650598,62.262413024902344,1
2026-08-15T18:28:55Z,NVIDIA H200 NVL,full,uniform_0_1,gemv,raw_fp32,32,8,23,fp32,natural,thread_packet,4,128,1,1,4,none,raw,natural/thread_packet/x4/raw,256,1024,1024,1049600,1049600,0,1024,256,10,2,2576,9.9034242630004883,0.0038444969965064006,62.262413024902344,1
2026-08-15T18:28:55Z,NVIDIA H200 NVL,full,uniform_0_1,gemv,raw_fp32,32,8,23,fp32,natural,thread_packet,4,128,1,1,4,none,raw,natural/thread_packet/x4/raw,256,1024,1024,1049600,1049600,0,1024,256,10,3,2576,9.9048318862915039,0.0038450434341193726,62.262413024902344,1
2026-08-15T18:28:55Z,NVIDIA H200 NVL,full,uniform_0_1,gemv,raw_fp32,32,8,23,fp32,natural,thread_packet,4,128,1,1,4,none,raw,natural/thread_packet/x4/raw,256,1024,1024,1049600,1049600,0,1024,256,10,4,2576,9.9055042266845703,0.0038453044358247555,62.262413024902344,1
2026-08-15T18:28:55Z,NVIDIA H200 NVL,full,uniform_0_1,gemv,raw_fp32,32,8,23,fp32,natural,thread_packet,4,128,1,1,4,none,raw,natural/thread_packet/x4/raw,1024,1024,1024,4198400,4198400,0,1024,256,10,0,2131,10.256223678588867,0.0048128689247249491,248.53378295898438,1
2026-08-15T18:28:55Z,NVIDIA H200 NVL,full,uniform_0_1,gemv,raw_fp32,32,8,23,fp32,natural,thread_packet,4,128,1,1,4,none,raw,natural/thread_packet/x4/raw,1024,1024,1024,4198400,4198400,0,1024,256,10,1,2131,10.258912086486816,0.0048141304957704445,248.53378295898438,1
2026-08-15T18:28:55Z,NVIDIA H200 NVL,full,uniform_0_1,gemv,raw_fp32,32,8,23,fp32,natural,thread_packet,4,128,1,1,4,none,raw,natural/thread_packet/x4/raw,1024,1024,1024,4198400,4198400,0,1024,256,10,2,2131,10.260640144348145,0.0048149414098301946,248.53378295898438,1
2026-08-15T18:28:55Z,NVIDIA H200 NVL,full,uniform_0_1,gemv,raw_fp32,32,8,23,fp32,natural,thread_packet,4,128,1,1,4,none,raw,natural/thread_packet/x4/raw,1024,1024,1024,4198400,4198400,0,1024,256,10,3,2131,10.263104438781738,0.004816097812661538,248.53378295898438,1
2026-08-15T18:28:55Z,NVIDIA H200 NVL,full,uniform_0_1,gemv,raw_fp32,32,8,23,fp32,natural,thread_packet,4,128,1,1,4,none,raw,natural/thread_packet/x4/raw,1024,1024,1024,4198400,4198400,0,1024,256,10,4,2131,10.256192207336426,0.0048128541564225365,248.53378295898438,1
2026-08-15T18:28:55Z,NVIDIA H200 NVL,full,uniform_0_1,gemv,raw_fp32,32,8,23,fp32,natural,thread_packet,4,128,1,1,4,none,raw,natural/thread_packet/x4/raw,4096,1024,1024,16793600,16793600,0,1024,256,10,0,1456,11.977215766906738,0.008226109730018364,1019.6925048828125,1
2026-08-15T18:28:55Z,NVIDIA H200 NVL,full,uniform_0_1,gemv,raw_fp32,32,8,23,fp32,natural,thread_packet,4,128,1,1,4,none,raw,natural/thread_packet/x4/raw,4096,1024,1024,16793600,16793600,0,1024,256,10,1,1456,11.967519760131836,0.0082194503847059317,1019.6925048828125,1
2026-08-15T18:28:55Z,NVIDIA H200 NVL,full,uniform_0_1,gemv,raw_fp32,32,8,23,fp32,natural,thread_packet,4,128,1,1,4,none,raw,natural/thread_packet/x4/raw,4096,1024,1024,16793600,16793600,0,1024,256,10,2,1456,11.968544006347656,0.0082201538505135008,1019.6925048828125,1
2026-08-15T18:28:55Z,NVIDIA H200 NVL,full,uniform_0_1,gemv,raw_fp32,32,8,23,fp32,natural,thread_packet,4,128,1,1,4,none,raw,natural/thread_packet/x4/raw,4096,1024,1024,16793600,16793600,0,1024,256,10,3,1456,11.967231750488281,0.0082192525758848084,1019.6925048828125,1
2026-08-15T18:28:55Z,NVIDIA H200 NVL,full,uniform_0_1,gemv,raw_fp32,32,8,23,fp32,natural,thread_packet,4,128,1,1,4,none,raw,natural/thread_packet/x4/raw,4096,1024,1024,16793600,16793600,0,1024,256,10,4,1456,11.974464416503906,0.0082242200662801558,1019.6925048828125,1
2026-08-15T18:28:55Z,NVIDIA H200 NVL,full,uniform_0_1,gemv,raw_fp32,32,8,23,fp32,natural,thread_packet,4,128,1,1,4,none,raw,natural/thread_packet/x4/raw,16384,1024,1024,67174400,67174400,0,1024,256,10,0,597,13.917280197143555,0.023312027130893725,4110.29638671875,1
2026-08-15T18:28:55Z,NVIDIA H200 NVL,full,uniform_0_1,gemv,raw_fp32,32,8,23,fp32,natural,thread_packet,4,128,1,1,4,none,raw,natural/thread_packet/x4/raw,16384,1024,1024,67174400,67174400,0,1024,256,10,1,597,13.901280403137207,0.023285226805924968,4110.29638671875,1
2026-08-15T18:28:55Z,NVIDIA H200 NVL,full,uniform_0_1,gemv,raw_fp32,32,8,23,fp32,natural,thread_packet,4,128,1,1,4,none,raw,natural/thread_packet/x4/raw,16384,1024,1024,67174400,67174400,0,1024,256,10,2,597,13.912832260131836,0.02330457665013708,4110.29638671875,1
2026-08-15T18:28:55Z,NVIDIA H200 NVL,full,uniform_0_1,gemv,raw_fp32,32,8,23,fp32,natural,thread_packet,4,128,1,1,4,none,raw,natural/thread_packet/x4/raw,16384,1024,1024,67174400,67174400,0,1024,256,10,3,597,13.90067195892334,0.023284207636387503,4110.29638671875,1
2026-08-15T18:28:55Z,NVIDIA H200 NVL,full,uniform_0_1,gemv,raw_fp32,32,8,23,fp32,natural,thread_packet,4,128,1,1,4,none,raw,natural/thread_packet/x4/raw,16384,1024,1024,67174400,67174400,0,1024,256,10,4,597,13.94377613067627,0.023356408929105978,4110.29638671875,1
2026-08-15T18:28:55Z,NVIDIA H200 NVL,full,uniform_0_1,gemv,raw_fp32,32,8,23,fp32,natural,thread_packet,4,128,1,1,4,none,raw,natural/thread_packet/x4/raw,65536,1024,1024,268697600,268697600,0,1024,256,10,0,184,14.661727905273438,0.079683303833007812,16361.3291015625,1
2026-08-15T18:28:55Z,NVIDIA H200 NVL,full,uniform_0_1,gemv,raw_fp32,32,8,23,fp32,natural,thread_packet,4,128,1,1,4,none,raw,natural/thread_packet/x4/raw,65536,1024,1024,268697600,268697600,0,1024,256,10,1,184,14.649151802062988,0.079614955445994506,16361.3291015625,1
2026-08-15T18:28:55Z,NVIDIA H200 NVL,full,uniform_0_1,gemv,raw_fp32,32,8,23,fp32,natural,thread_packet,4,128,1,1,4,none,raw,natural/thread_packet/x4/raw,65536,1024,1024,268697600,268697600,0,1024,256,10,2,184,14.648544311523438,0.079611653866975204,16361.3291015625,1
2026-08-15T18:28:55Z,NVIDIA H200 NVL,full,uniform_0_1,gemv,raw_fp32,32,8,23,fp32,natural,thread_packet,4,128,1,1,4,none,raw,natural/thread_packet/x4/raw,65536,1024,1024,268697600,268697600,0,1024,256,10,3,184,14.648960113525391,0.079613913660464081,16361.3291015625,1
2026-08-15T18:28:55Z,NVIDIA H200 NVL,full,uniform_0_1,gemv,raw_fp32,32,8,23,fp32,natural,thread_packet,4,128,1,1,4,none,raw,natural/thread_packet/x4/raw,65536,1024,1024,268697600,268697600,0,1024,256,10,4,184,14.621376037597656,0.079464000204335083,16361.3291015625,1
2026-08-15T18:28:55Z,NVIDIA H200 NVL,full,uniform_0_1,dot,raw_fp32,32,8,23,fp32,natural,thread_packet,8,128,1,1,8,none,raw,natural/thread_packet/x8/raw,4096,0,1,32768,32768,0,2,256,10,0,2047,11.08739185333252,0.0054164102849694768,1019.6924438476562,1
2026-08-15T18:28:55Z,NVIDIA H200 NVL,full,uniform_0_1,dot,raw_fp32,32,8,23,fp32,natural,thread_packet,8,128,1,1,8,none,raw,natural/thread_packet/x8/raw,4096,0,1,32768,32768,0,2,256,10,1,2047,11.09705638885498,0.0054211316017855303,1019.6924438476562,1
2026-08-15T18:28:55Z,NVIDIA H200 NVL,full,uniform_0_1,dot,raw_fp32,32,8,23,fp32,natural,thread_packet,8,128,1,1,8,none,raw,natural/thread_packet/x8/raw,4096,0,1,32768,32768,0,2,256,10,2,2047,11.090880393981934,0.0054181145060976715,1019.6924438476562,1
2026-08-15T18:28:55Z,NVIDIA H200 NVL,full,uniform_0_1,dot,raw_fp32,32,8,23,fp32,natural,thread_packet,8,128,1,1,8,none,raw,natural/thread_packet/x8/raw,4096,0,1,32768,32768,0,2,256,10,3,2047,11.088255882263184,0.0054168323801969632,1019.6924438476562,1
2026-08-15T18:28:55Z,NVIDIA H200 NVL,full,uniform_0_1,dot,raw_fp32,32,8,23,fp32,natural,thread_packet,8,128,1,1,8,none,raw,natural/thread_packet/x8/raw,4096,0,1,32768,32768,0,2,256,10,4,2047,11.087743759155273,0.0054165821979263668,1019.6924438476562,1
2026-08-15T18:28:55Z,NVIDIA H200 NVL,full,uniform_0_1,dot,raw_fp32,32,8,23,fp32,natural,thread_packet,8,128,1,1,8,none,raw,natural/thread_packet/x8/raw,65536,0,1,524288,524288,0,32,256,10,0,1995,11.041952133178711,0.0055348130993376999,16361.3291015625,1
2026-08-15T18:28:55Z,NVIDIA H200 NVL,full,uniform_0_1,dot,raw_fp32,32,8,23,fp32,natural,thread_packet,8,128,1,1,8,none,raw,natural/thread_packet/x8/raw,65536,0,1,524288,524288,0,32,256,10,1,1995,11.04310417175293,0.0055353905622821699,16361.3291015625,1
2026-08-15T18:28:55Z,NVIDIA H200 NVL,full,uniform_0_1,dot,raw_fp32,32,8,23,fp32,natural,thread_packet,8,128,1,1,8,none,raw,natural/thread_packet/x8/raw,65536,0,1,524288,524288,0,32,256,10,2,1995,11.041695594787598,0.0055346845086654628,16361.3291015625,1
2026-08-15T18:28:55Z,NVIDIA H200 NVL,full,uniform_0_1,dot,raw_fp32,32,8,23,fp32,natural,thread_packet,8,128,1,1,8,none,raw,natural/thread_packet/x8/raw,65536,0,1,524288,524288,0,32,256,10,3,1995,11.038975715637207,0.0055333211607204048,16361.3291015625,1
2026-08-15T18:28:55Z,NVIDIA H200 NVL,full,uniform_0_1,dot,raw_fp32,32,8,23,fp32,natural,thread_packet,8,128,1,1,8,none,raw,natural/thread_packet/x8/raw,65536,0,1,524288,524288,0,32,256,10,4,1995,11.043423652648926,0.0055355507030821682,16361.3291015625,1
2026-08-15T18:28:55Z,NVIDIA H200 NVL,full,uniform_0_1,dot,raw_fp32,32,8,23,fp32,natural,thread_packet,8,128,1,1,8,none,raw,natural/thread_packet/x8/raw,1048576,0,1,8388608,8388608,0,512,256,10,0,1470,11.960607528686523,0.0081364677065894724,261997.421875,1
2026-08-15T18:28:55Z,NVIDIA H200 NVL,full,uniform_0_1,dot,raw_fp32,32,8,23,fp32,natural,thread_packet,8,128,1,1,8,none,raw,natural/thread_packet/x8/raw,1048576,0,1,8388608,8388608,0,512,256,10,1,1470,11.959551811218262,0.0081357495314409948,261997.421875,1
2026-08-15T18:28:55Z,NVIDIA H200 NVL,full,uniform_0_1,dot,raw_fp32,32,8,23,fp32,natural,thread_packet,8,128,1,1,8,none,raw,natural/thread_packet/x8/raw,1048576,0,1,8388608,8388608,0,512,256,10,2,1470,11.960415840148926,0.0081363373062237586,261997.421875,1
2026-08-15T18:28:55Z,NVIDIA H200 NVL,full,uniform_0_1,dot,raw_fp32,32,8,23,fp32,natural,thread_packet,8,128,1,1,8,none,raw,natural/thread_packet/x8/raw,1048576,0,1,8388608,8388608,0,512,256,10,3,1470,11.962464332580566,0.0081377308384901811,261997.421875,1
2026-08-15T18:28:55Z,NVIDIA H200 NVL,full,uniform_0_1,dot,raw_fp32,32,8,23,fp32,natural,thread_packet,8,128,1,1,8,none,raw,natural/thread_packet/x8/raw,1048576,0,1,8388608,8388608,0,512,256,10,4,1470,11.959039688110352,0.0081354011483743896,261997.421875,1
2026-08-15T18:28:55Z,NVIDIA H200 NVL,full,uniform_0_1,dot,raw_fp32,32,8,23,fp32,natural,thread_packet,8,128,1,1,8,none,raw,natural/thread_packet/x8/raw,16777216,0,1,134217728,134217728,0,512,256,10,0,306,14.632512092590332,0.047818666969249454,4194144.5,1
2026-08-15T18:28:55Z,NVIDIA H200 NVL,full,uniform_0_1,dot,raw_fp32,32,8,23,fp32,natural,thread_packet,8,128,1,1,8,none,raw,natural/thread_packet/x8/raw,16777216,0,1,134217728,134217728,0,512,256,10,1,306,14.609631538391113,0.047743893916310828,4194144.5,1
2026-08-15T18:28:55Z,NVIDIA H200 NVL,full,uniform_0_1,dot,raw_fp32,32,8,23,fp32,natural,thread_packet,8,128,1,1,8,none,raw,natural/thread_packet/x8/raw,16777216,0,1,134217728,134217728,0,512,256,10,2,306,14.607904434204102,0.047738249784980723,4194144.5,1
2026-08-15T18:28:55Z,NVIDIA H200 NVL,full,uniform_0_1,dot,raw_fp32,32,8,23,fp32,natural,thread_packet,8,128,1,1,8,none,raw,natural/thread_packet/x8/raw,16777216,0,1,134217728,134217728,0,512,256,10,3,306,14.640864372253418,0.047845962000828163,4194144.5,1
2026-08-15T18:28:55Z,NVIDIA H200 NVL,full,uniform_0_1,dot,raw_fp32,32,8,23,fp32,natural,thread_packet,8,128,1,1,8,none,raw,natural/thread_packet/x8/raw,16777216,0,1,134217728,134217728,0,512,256,10,4,306,14.660767555236816,0.047911005082473257,4194144.5,1
2026-08-15T18:28:55Z,NVIDIA H200 NVL,full,uniform_0_1,dot,raw_fp32,32,8,23,fp32,natural,thread_packet,8,128,1,1,8,none,raw,natural/thread_packet/x8/raw,134217728,0,1,1073741824,1073741824,0,512,256,10,0,47,15.107968330383301,0.3214461346890064,33555792,1
2026-08-15T18:28:55Z,NVIDIA H200 NVL,full,uniform_0_1,dot,raw_fp32,32,8,23,fp32,natural,thread_packet,8,128,1,1,8,none,raw,natural/thread_packet/x8/raw,134217728,0,1,1073741824,1073741824,0,512,256,10,1,47,15.103808403015137,0.32135762559606673,33555792,1
2026-08-15T18:28:55Z,NVIDIA H200 NVL,full,uniform_0_1,dot,raw_fp32,32,8,23,fp32,natural,thread_packet,8,128,1,1,8,none,raw,natural/thread_packet/x8/raw,134217728,0,1,1073741824,1073741824,0,512,256,10,2,47,15.102911949157715,0.32133855210973861,33555792,1
2026-08-15T18:28:55Z,NVIDIA H200 NVL,full,uniform_0_1,dot,raw_fp32,32,8,23,fp32,natural,thread_packet,8,128,1,1,8,none,raw,natural/thread_packet/x8/raw,134217728,0,1,1073741824,1073741824,0,512,256,10,3,47,15.089119911193848,0.32104510449348611,33555792,1
2026-08-15T18:28:55Z,NVIDIA H200 NVL,full,uniform_0_1,dot,raw_fp32,32,8,23,fp32,natural,thread_packet,8,128,1,1,8,none,raw,natural/thread_packet/x8/raw,134217728,0,1,1073741824,1073741824,0,512,256,10,4,47,15.09011173248291,0.32106620707410449,33555792,1
2026-08-15T18:28:55Z,NVIDIA H200 NVL,full,uniform_0_1,gemv,raw_fp32,32,8,23,fp32,natural,thread_packet,8,128,1,1,8,none,raw,natural/thread_packet/x8/raw,256,1024,1024,1049600,1049600,0,1024,256,10,0,2344,9.5627841949462891,0.0040796860899941509,62.262416839599609,1
2026-08-15T18:28:55Z,NVIDIA H200 NVL,full,uniform_0_1,gemv,raw_fp32,32,8,23,fp32,natural,thread_packet,8,128,1,1,8,none,raw,natural/thread_packet/x8/raw,256,1024,1024,1049600,1049600,0,1024,256,10,1,2344,9.5687036514282227,0.004082211455387467,62.262416839599609,1
2026-08-15T18:28:55Z,NVIDIA H200 NVL,full,uniform_0_1,gemv,raw_fp32,32,8,23,fp32,natural,thread_packet,8,128,1,1,8,none,raw,natural/thread_packet/x8/raw,256,1024,1024,1049600,1049600,0,1024,256,10,2,2344,9.5701122283935547,0.0040828123841269428,62.262416839599609,1
2026-08-15T18:28:55Z,NVIDIA H200 NVL,full,uniform_0_1,gemv,raw_fp32,32,8,23,fp32,natural,thread_packet,8,128,1,1,8,none,raw,natural/thread_packet/x8/raw,256,1024,1024,1049600,1049600,0,1024,256,10,3,2344,9.5712003707885742,0.0040832766086981971,62.262416839599609,1
2026-08-15T18:28:55Z,NVIDIA H200 NVL,full,uniform_0_1,gemv,raw_fp32,32,8,23,fp32,natural,thread_packet,8,128,1,1,8,none,raw,natural/thread_packet/x8/raw,256,1024,1024,1049600,1049600,0,1024,256,10,4,2344,9.5693435668945312,0.0040824844568662678,62.262416839599609,1
2026-08-15T18:28:55Z,NVIDIA H200 NVL,full,uniform_0_1,gemv,raw_fp32,32,8,23,fp32,natural,thread_packet,8,128,1,1,8,none,raw,natural/thread_packet/x8/raw,1024,1024,1024,4198400,4198400,0,1024,256,10,0,1824,10.987872123718262,0.0060240526994069414,248.53375244140625,1
2026-08-15T18:28:55Z,NVIDIA H200 NVL,full,uniform_0_1,gemv,raw_fp32,32,8,23,fp32,natural,thread_packet,8,128,1,1,8,none,raw,natural/thread_packet/x8/raw,1024,1024,1024,4198400,4198400,0,1024,256,10,1,1824,10.992223739624023,0.006026438453741241,248.53375244140625,1
2026-08-15T18:28:55Z,NVIDIA H200 NVL,full,uniform_0_1,gemv,raw_fp32,32,8,23,fp32,natural,thread_packet,8,128,1,1,8,none,raw,natural/thread_packet/x8/raw,1024,1024,1024,4198400,4198400,0,1024,256,10,2,1824,10.992992401123047,0.0060268598690367582,248.53375244140625,1
2026-08-15T18:28:55Z,NVIDIA H200 NVL,full,uniform_0_1,gemv,raw_fp32,32,8,23,fp32,natural,thread_packet,8,128,1,1,8,none,raw,natural/thread_packet/x8/raw,1024,1024,1024,4198400,4198400,0,1024,256,10,3,1824,10.997440338134766,0.0060292984309949374,248.53375244140625,1
2026-08-15T18:28:55Z,NVIDIA H200 NVL,full,uniform_0_1,gemv,raw_fp32,32,8,23,fp32,natural,thread_packet,8,128,1,1,8,none,raw,natural/thread_packet/x8/raw,1024,1024,1024,4198400,4198400,0,1024,256,10,4,1824,10.996992111206055,0.0060290526925471793,248.53375244140625,1
2026-08-15T18:28:55Z,NVIDIA H200 NVL,full,uniform_0_1,gemv,raw_fp32,32,8,23,fp32,natural,thread_packet,8,128,1,1,8,none,raw,natural/thread_packet/x8/raw,4096,1024,1024,16793600,16793600,0,1024,256,10,0,959,12.68723201751709,0.013229647567796756,1019.6925048828125,1
2026-08-15T18:28:55Z,NVIDIA H200 NVL,full,uniform_0_1,gemv,raw_fp32,32,8,23,fp32,natural,thread_packet,8,128,1,1,8,none,raw,natural/thread_packet/x8/raw,4096,1024,1024,16793600,16793600,0,1024,256,10,1,959,12.689151763916016,0.013231649388859245,1019.6925048828125,1
2026-08-15T18:28:55Z,NVIDIA H200 NVL,full,uniform_0_1,gemv,raw_fp32,32,8,23,fp32,natural,thread_packet,8,128,1,1,8,none,raw,natural/thread_packet/x8/raw,4096,1024,1024,16793600,16793600,0,1024,256,10,2,959,12.689151763916016,0.013231649388859245,1019.6925048828125,1
2026-08-15T18:28:55Z,NVIDIA H200 NVL,full,uniform_0_1,gemv,raw_fp32,32,8,23,fp32,natural,thread_packet,8,128,1,1,8,none,raw,natural/thread_packet/x8/raw,4096,1024,1024,16793600,16793600,0,1024,256,10,3,959,12.689855575561523,0.013232383290470827,1019.6925048828125,1
2026-08-15T18:28:55Z,NVIDIA H200 NVL,full,uniform_0_1,gemv,raw_fp32,32,8,23,fp32,natural,thread_packet,8,128,1,1,8,none,raw,natural/thread_packet/x8/raw,4096,1024,1024,16793600,16793600,0,1024,256,10,4,959,12.689279556274414,0.013231782644707419,1019.6925048828125,1
2026-08-15T18:28:55Z,NVIDIA H200 NVL,full,uniform_0_1,gemv,raw_fp32,32,8,23,fp32,natural,thread_packet,8,128,1,1,8,none,raw,natural/thread_packet/x8/raw,16384,1024,1024,67174400,67174400,0,1024,256,10,0,335,14.44428825378418,0.043117278369505012,4110.29638671875,1
2026-08-15T18:28:55Z,NVIDIA H200 NVL,full,uniform_0_1,gemv,raw_fp32,32,8,23,fp32,natural,thread_packet,8,128,1,1,8,none,raw,natural/thread_packet/x8/raw,16384,1024,1024,67174400,67174400,0,1024,256,10,1,335,14.466943740844727,0.043184906689088733,4110.29638671875,1
2026-08-15T18:28:55Z,NVIDIA H200 NVL,full,uniform_0_1,gemv,raw_fp32,32,8,23,fp32,natural,thread_packet,8,128,1,1,8,none,raw,natural/thread_packet/x8/raw,16384,1024,1024,67174400,67174400,0,1024,256,10,2,335,14.470111846923828,0.043194363722160678,4110.29638671875,1
2026-08-15T18:28:55Z,NVIDIA H200 NVL,full,uniform_0_1,gemv,raw_fp32,32,8,23,fp32,natural,thread_packet,8,128,1,1,8,none,raw,natural/thread_packet/x8/raw,16384,1024,1024,67174400,67174400,0,1024,256,10,3,335,14.463135719299316,0.043173539460594976,4110.29638671875,1
2026-08-15T18:28:55Z,NVIDIA H200 NVL,full,uniform_0_1,gemv,raw_fp32,32,8,23,fp32,natural,thread_packet,8,128,1,1,8,none,raw,natural/thread_packet/x8/raw,16384,1024,1024,67174400,67174400,0,1024,256,10,4,335,14.47059154510498,0.043195795657029794,4110.29638671875,1
2026-08-15T18:28:55Z,NVIDIA H200 NVL,full,uniform_0_1,gemv,raw_fp32,32,8,23,fp32,natural,thread_packet,8,128,1,1,8,none,raw,natural/thread_packet/x8/raw,65536,1024,1024,268697600,268697600,0,1024,256,10,0,95,14.963104248046875,0.15750636050575659,16361.3291015625,1
2026-08-15T18:28:55Z,NVIDIA H200 NVL,full,uniform_0_1,gemv,raw_fp32,32,8,23,fp32,natural,thread_packet,8,128,1,1,8,none,raw,natural/thread_packet/x8/raw,65536,1024,1024,268697600,268697600,0,1024,256,10,1,95,14.96662425994873,0.15754341326261823,16361.3291015625,1
2026-08-15T18:28:55Z,NVIDIA H200 NVL,full,uniform_0_1,gemv,raw_fp32,32,8,23,fp32,natural,thread_packet,8,128,1,1,8,none,raw,natural/thread_packet/x8/raw,65536,1024,1024,268697600,268697600,0,1024,256,10,2,95,14.95747184753418,0.15744707207930717,16361.3291015625,1
2026-08-15T18:28:55Z,NVIDIA H200 NVL,full,uniform_0_1,gemv,raw_fp32,32,8,23,fp32,natural,thread_packet,8,128,1,1,8,none,raw,natural/thread_packet/x8/raw,65536,1024,1024,268697600,268697600,0,1024,256,10,3,95,14.935199737548828,0.15721262881630346,16361.3291015625,1
2026-08-15T18:28:55Z,NVIDIA H200 NVL,full,uniform_0_1,gemv,raw_fp32,32,8,23,fp32,natural,thread_packet,8,128,1,1,8,none,raw,natural/thread_packet/x8/raw,65536,1024,1024,268697600,268697600,0,1024,256,10,4,95,14.917887687683105,0.15703039671245375,16361.3291015625,1
2026-08-15T18:28:55Z,NVIDIA H200 NVL,full,uniform_0_1,dot,raw_fp64,64,11,52,fp64,natural,scalar,1,64,1,1,1,none,raw,natural/scalar/x1/raw,4096,0,1,65536,65536,0,16,256,10,0,1987,9.8521604537963867,0.0049583092369382921,1019.6924867658463,1
2026-08-15T18:28:55Z,NVIDIA H200 NVL,full,uniform_0_1,dot,raw_fp64,64,11,52,fp64,natural,scalar,1,64,1,1,1,none,raw,natural/scalar/x1/raw,4096,0,1,65536,65536,0,16,256,10,1,1987,9.8531198501586914,0.0049587920735574692,1019.6924867658463,1
2026-08-15T18:28:55Z,NVIDIA H200 NVL,full,uniform_0_1,dot,raw_fp64,64,11,52,fp64,natural,scalar,1,64,1,1,1,none,raw,natural/scalar/x1/raw,4096,0,1,65536,65536,0,16,256,10,2,1987,9.8572158813476562,0.0049608534883480906,1019.6924867658463,1
2026-08-15T18:28:55Z,NVIDIA H200 NVL,full,uniform_0_1,dot,raw_fp64,64,11,52,fp64,natural,scalar,1,64,1,1,1,none,raw,natural/scalar/x1/raw,4096,0,1,65536,65536,0,16,256,10,3,1987,9.8596162796020508,0.0049620615398097891,1019.6924867658463,1
2026-08-15T18:28:55Z,NVIDIA H200 NVL,full,uniform_0_1,dot,raw_fp64,64,11,52,fp64,natural,scalar,1,64,1,1,1,none,raw,natural/scalar/x1/raw,4096,0,1,65536,65536,0,16,256,10,4,1987,9.8558082580566406,0.0049601450719962961,1019.6924867658463,1
2026-08-15T18:28:55Z,NVIDIA H200 NVL,full,uniform_0_1,dot,raw_fp64,64,11,52,fp64,natural,scalar,1,64,1,1,1,none,raw,natural/scalar/x1/raw,65536,0,1,1048576,1048576,0,256,256,10,0,1995,10.595904350280762,0.0053112302507672994,16361.329375903359,1
2026-08-15T18:28:55Z,NVIDIA H200 NVL,full,uniform_0_1,dot,raw_fp64,64,11,52,fp64,natural,scalar,1,64,1,1,1,none,raw,natural/scalar/x1/raw,65536,0,1,1048576,1048576,0,256,256,10,1,1995,10.601408004760742,0.0053139889748174147,16361.329375903359,1
2026-08-15T18:28:55Z,NVIDIA H200 NVL,full,uniform_0_1,dot,raw_fp64,64,11,52,fp64,natural,scalar,1,64,1,1,1,none,raw,natural/scalar/x1/raw,65536,0,1,1048576,1048576,0,256,256,10,2,1995,10.597951889038086,0.0053122565859840031,16361.329375903359,1
2026-08-15T18:28:55Z,NVIDIA H200 NVL,full,uniform_0_1,dot,raw_fp64,64,11,52,fp64,natural,scalar,1,64,1,1,1,none,raw,natural/scalar/x1/raw,65536,0,1,1048576,1048576,0,256,256,10,3,1995,10.598112106323242,0.0053123368954001212,16361.329375903359,1
2026-08-15T18:28:55Z,NVIDIA H200 NVL,full,uniform_0_1,dot,raw_fp64,64,11,52,fp64,natural,scalar,1,64,1,1,1,none,raw,natural/scalar/x1/raw,65536,0,1,1048576,1048576,0,256,256,10,4,1995,10.600383758544922,0.005313475568192943,16361.329375903359,1
2026-08-15T18:28:55Z,NVIDIA H200 NVL,full,uniform_0_1,dot,raw_fp64,64,11,52,fp64,natural,scalar,1,64,1,1,1,none,raw,natural/scalar/x1/raw,1048576,0,1,16777216,16777216,0,512,256,10,0,1498,11.969056129455566,0.007990024118461659,261997.41491179512,1
2026-08-15T18:28:55Z,NVIDIA H200 NVL,full,uniform_0_1,dot,raw_fp64,64,11,52,fp64,natural,scalar,1,64,1,1,1,none,raw,natural/scalar/x1/raw,1048576,0,1,16777216,16777216,0,512,256,10,1,1498,11.968640327453613,0.0079897465470317851,261997.41491179512,1
2026-08-15T18:28:55Z,NVIDIA H200 NVL,full,uniform_0_1,dot,raw_fp64,64,11,52,fp64,natural,scalar,1,64,1,1,1,none,raw,natural/scalar/x1/raw,1048576,0,1,16777216,16777216,0,512,256,10,2,1498,11.972864151000977,0.0079925661889192097,261997.41491179512,1
2026-08-15T18:28:55Z,NVIDIA H200 NVL,full,uniform_0_1,dot,raw_fp64,64,11,52,fp64,natural,scalar,1,64,1,1,1,none,raw,natural/scalar/x1/raw,1048576,0,1,16777216,16777216,0,512,256,10,3,1498,11.981151580810547,0.0079980985185651183,261997.41491179512,1
2026-08-15T18:28:55Z,NVIDIA H200 NVL,full,uniform_0_1,dot,raw_fp64,64,11,52,fp64,natural,scalar,1,64,1,1,1,none,raw,natural/scalar/x1/raw,1048576,0,1,16777216,16777216,0,512,256,10,4,1498,11.990528106689453,0.0080043578816351487,261997.41491179512,1
2026-08-15T18:28:55Z,NVIDIA H200 NVL,full,uniform_0_1,dot,raw_fp64,64,11,52,fp64,natural,scalar,1,64,1,1,1,none,raw,natural/scalar/x1/raw,16777216,0,1,268435456,268435456,0,512,256,10,0,177,14.680768013000488,0.082942192163844561,4194144.5995463934,1
2026-08-15T18:28:55Z,NVIDIA H200 NVL,full,uniform_0_1,dot,raw_fp64,64,11,52,fp64,natural,scalar,1,64,1,1,1,none,raw,natural/scalar/x1/raw,16777216,0,1,268435456,268435456,0,512,256,10,1,177,14.680864334106445,0.082942736350883867,4194144.5995463934,1
2026-08-15T18:28:55Z,NVIDIA H200 NVL,full,uniform_0_1,dot,raw_fp64,64,11,52,fp64,natural,scalar,1,64,1,1,1,none,raw,natural/scalar/x1/raw,16777216,0,1,268435456,268435456,0,512,256,10,2,177,14.679424285888672,0.082934600485246729,4194144.5995463934,1
2026-08-15T18:28:55Z,NVIDIA H200 NVL,full,uniform_0_1,dot,raw_fp64,64,11,52,fp64,natural,scalar,1,64,1,1,1,none,raw,natural/scalar/x1/raw,16777216,0,1,268435456,268435456,0,512,256,10,3,177,14.685952186584473,0.08297148128013826,4194144.5995463934,1
2026-08-15T18:28:55Z,NVIDIA H200 NVL,full,uniform_0_1,dot,raw_fp64,64,11,52,fp64,natural,scalar,1,64,1,1,1,none,raw,natural/scalar/x1/raw,16777216,0,1,268435456,268435456,0,512,256,10,4,177,14.683391571044922,0.082957014525677525,4194144.5995463934,1
2026-08-15T18:28:55Z,NVIDIA H200 NVL,full,uniform_0_1,dot,raw_fp64,64,11,52,fp64,natural,scalar,1,64,1,1,1,none,raw,natural/scalar/x1/raw,134217728,0,1,2147483648,2147483648,0,512,256,10,0,25,15.000127792358398,0.6000051116943359,33555791.351023234,1
2026-08-15T18:28:55Z,NVIDIA H200 NVL,full,uniform_0_1,dot,raw_fp64,64,11,52,fp64,natural,scalar,1,64,1,1,1,none,raw,natural/scalar/x1/raw,134217728,0,1,2147483648,2147483648,0,512,256,10,1,25,15.015520095825195,0.60062080383300787,33555791.351023234,1
2026-08-15T18:28:55Z,NVIDIA H200 NVL,full,uniform_0_1,dot,raw_fp64,64,11,52,fp64,natural,scalar,1,64,1,1,1,none,raw,natural/scalar/x1/raw,134217728,0,1,2147483648,2147483648,0,512,256,10,2,25,15.00483226776123,0.60019329071044925,33555791.351023234,1
2026-08-15T18:28:55Z,NVIDIA H200 NVL,full,uniform_0_1,dot,raw_fp64,64,11,52,fp64,natural,scalar,1,64,1,1,1,none,raw,natural/scalar/x1/raw,134217728,0,1,2147483648,2147483648,0,512,256,10,3,25,15.007840156555176,0.60031360626220698,33555791.351023234,1
2026-08-15T18:28:55Z,NVIDIA H200 NVL,full,uniform_0_1,dot,raw_fp64,64,11,52,fp64,natural,scalar,1,64,1,1,1,none,raw,natural/scalar/x1/raw,134217728,0,1,2147483648,2147483648,0,512,256,10,4,25,15.004799842834473,0.60019199371337895,33555791.351023234,1
2026-08-15T18:28:55Z,NVIDIA H200 NVL,full,uniform_0_1,gemv,raw_fp64,64,11,52,fp64,natural,scalar,1,64,1,1,1,none,raw,natural/scalar/x1/raw,256,1024,1024,2099200,2099200,0,1024,256,10,0,2455,9.447199821472168,0.0038481465667911073,62.262414696816933,1
2026-08-15T18:28:55Z,NVIDIA H200 NVL,full,uniform_0_1,gemv,raw_fp64,64,11,52,fp64,natural,scalar,1,64,1,1,1,none,raw,natural/scalar/x1/raw,256,1024,1024,2099200,2099200,0,1024,256,10,1,2455,9.4546880722045898,0.0038511967707554337,62.262414696816933,1
2026-08-15T18:28:55Z,NVIDIA H200 NVL,full,uniform_0_1,gemv,raw_fp64,64,11,52,fp64,natural,scalar,1,64,1,1,1,none,raw,natural/scalar/x1/raw,256,1024,1024,2099200,2099200,0,1024,256,10,2,2455,9.4616317749023438,0.0038540251628930117,62.262414696816933,1
2026-08-15T18:28:55Z,NVIDIA H200 NVL,full,uniform_0_1,gemv,raw_fp64,64,11,52,fp64,natural,scalar,1,64,1,1,1,none,raw,natural/scalar/x1/raw,256,1024,1024,2099200,2099200,0,1024,256,10,3,2455,9.4630403518676758,0.0038545989213310287,62.262414696816933,1
2026-08-15T18:28:55Z,NVIDIA H200 NVL,full,uniform_0_1,gemv,raw_fp64,64,11,52,fp64,natural,scalar,1,64,1,1,1,none,raw,natural/scalar/x1/raw,256,1024,1024,2099200,2099200,0,1024,256,10,4,2455,9.465184211730957,0.0038554721840044631,62.262414696816933,1
2026-08-15T18:28:55Z,NVIDIA H200 NVL,full,uniform_0_1,gemv,raw_fp64,64,11,52,fp64,natural,scalar,1,64,1,1,1,none,raw,natural/scalar/x1/raw,1024,1024,1024,8396800,8396800,0,1024,256,10,0,2161,10.621952056884766,0.004915294797262733,248.53376947185922,1
2026-08-15T18:28:55Z,NVIDIA H200 NVL,full,uniform_0_1,gemv,raw_fp64,64,11,52,fp64,natural,scalar,1,64,1,1,1,none,raw,natural/scalar/x1/raw,1024,1024,1024,8396800,8396800,0,1024,256,10,1,2161,10.623552322387695,0.004916035318087781,248.53376947185922,1
2026-08-15T18:28:55Z,NVIDIA H200 NVL,full,uniform_0_1,gemv,raw_fp64,64,11,52,fp64,natural,scalar,1,64,1,1,1,none,raw,natural/scalar/x1/raw,1024,1024,1024,8396800,8396800,0,1024,256,10,2,2161,10.626655578613281,0.0049174713459570942,248.53376947185922,1
2026-08-15T18:28:55Z,NVIDIA H200 NVL,full,uniform_0_1,gemv,raw_fp64,64,11,52,fp64,natural,scalar,1,64,1,1,1,none,raw,natural/scalar/x1/raw,1024,1024,1024,8396800,8396800,0,1024,256,10,3,2161,10.636320114135742,0.004921943597471422,248.53376947185922,1
2026-08-15T18:28:55Z,NVIDIA H200 NVL,full,uniform_0_1,gemv,raw_fp64,64,11,52,fp64,natural,scalar,1,64,1,1,1,none,raw,natural/scalar/x1/raw,1024,1024,1024,8396800,8396800,0,1024,256,10,4,2161,10.632575988769531,0.0049202110082228277,248.53376947185922,1
2026-08-15T18:28:55Z,NVIDIA H200 NVL,full,uniform_0_1,gemv,raw_fp64,64,11,52,fp64,natural,scalar,1,64,1,1,1,none,raw,natural/scalar/x1/raw,4096,1024,1024,33587200,33587200,0,1024,256,10,0,1375,12.052096366882324,0.0087651609940962352,1019.6924867658464,1
2026-08-15T18:28:55Z,NVIDIA H200 NVL,full,uniform_0_1,gemv,raw_fp64,64,11,52,fp64,natural,scalar,1,64,1,1,1,none,raw,natural/scalar/x1/raw,4096,1024,1024,33587200,33587200,0,1024,256,10,1,1375,12.036031723022461,0.0087534776167436084,1019.6924867658464,1
2026-08-15T18:28:55Z,NVIDIA H200 NVL,full,uniform_0_1,gemv,raw_fp64,64,11,52,fp64,natural,scalar,1,64,1,1,1,none,raw,natural/scalar/x1/raw,4096,1024,1024,33587200,33587200,0,1024,256,10,2,1375,12.033087730407715,0.0087513365312056109,1019.6924867658464,1
2026-08-15T18:28:55Z,NVIDIA H200 NVL,full,uniform_0_1,gemv,raw_fp64,64,11,52,fp64,natural,scalar,1,64,1,1,1,none,raw,natural/scalar/x1/raw,4096,1024,1024,33587200,33587200,0,1024,256,10,3,1375,12.031135559082031,0.0087499167702414764,1019.6924867658464,1
2026-08-15T18:28:55Z,NVIDIA H200 NVL,full,uniform_0_1,gemv,raw_fp64,64,11,52,fp64,natural,scalar,1,64,1,1,1,none,raw,natural/scalar/x1/raw,4096,1024,1024,33587200,33587200,0,1024,256,10,4,1375,12.022624015808105,0.0087437265569513499,1019.6924867658464,1
2026-08-15T18:28:55Z,NVIDIA H200 NVL,full,uniform_0_1,gemv,raw_fp64,64,11,52,fp64,natural,scalar,1,64,1,1,1,none,raw,natural/scalar/x1/raw,16384,1024,1024,134348800,134348800,0,1024,256,10,0,325,14.152704238891602,0.043546782273512621,4110.2963092903155,1
2026-08-15T18:28:55Z,NVIDIA H200 NVL,full,uniform_0_1,gemv,raw_fp64,64,11,52,fp64,natural,scalar,1,64,1,1,1,none,raw,natural/scalar/x1/raw,16384,1024,1024,134348800,134348800,0,1024,256,10,1,325,14.156703948974609,0.043559089073768029,4110.2963092903155,1
2026-08-15T18:28:55Z,NVIDIA H200 NVL,full,uniform_0_1,gemv,raw_fp64,64,11,52,fp64,natural,scalar,1,64,1,1,1,none,raw,natural/scalar/x1/raw,16384,1024,1024,134348800,134348800,0,1024,256,10,2,325,14.143199920654297,0.043517538217397837,4110.2963092903155,1
2026-08-15T18:28:55Z,NVIDIA H200 NVL,full,uniform_0_1,gemv,raw_fp64,64,11,52,fp64,natural,scalar,1,64,1,1,1,none,raw,natural/scalar/x1/raw,16384,1024,1024,134348800,134348800,0,1024,256,10,3,325,14.144448280334473,0.043521379324106067,4110.2963092903155,1
2026-08-15T18:28:55Z,NVIDIA H200 NVL,full,uniform_0_1,gemv,raw_fp64,64,11,52,fp64,natural,scalar,1,64,1,1,1,none,raw,natural/scalar/x1/raw,16384,1024,1024,134348800,134348800,0,1024,256,10,4,325,14.151359558105469,0.043542644794170672,4110.2963092903155,1
2026-08-15T18:28:55Z,NVIDIA H200 NVL,full,uniform_0_1,gemv,raw_fp64,64,11,52,fp64,natural,scalar,1,64,1,1,1,none,raw,natural/scalar/x1/raw,65536,1024,1024,537395200,537395200,0,1024,256,10,0,98,14.765312194824219,0.15066645096759407,16361.329375903357,1
2026-08-15T18:28:55Z,NVIDIA H200 NVL,full,uniform_0_1,gemv,raw_fp64,64,11,52,fp64,natural,scalar,1,64,1,1,1,none,raw,natural/scalar/x1/raw,65536,1024,1024,537395200,537395200,0,1024,256,10,1,98,14.755007743835449,0.15056130350852498,16361.329375903357,1
2026-08-15T18:28:55Z,NVIDIA H200 NVL,full,uniform_0_1,gemv,raw_fp64,64,11,52,fp64,natural,scalar,1,64,1,1,1,none,raw,natural/scalar/x1/raw,65536,1024,1024,537395200,537395200,0,1024,256,10,2,98,14.760128021240234,0.15061355123714526,16361.329375903357,1
2026-08-15T18:28:55Z,NVIDIA H200 NVL,full,uniform_0_1,gemv,raw_fp64,64,11,52,fp64,natural,scalar,1,64,1,1,1,none,raw,natural/scalar/x1/raw,65536,1024,1024,537395200,537395200,0,1024,256,10,3,98,14.765952110290527,0.15067298071725027,16361.329375903357,1
2026-08-15T18:28:55Z,NVIDIA H200 NVL,full,uniform_0_1,gemv,raw_fp64,64,11,52,fp64,natural,scalar,1,64,1,1,1,none,raw,natural/scalar/x1/raw,65536,1024,1024,537395200,537395200,0,1024,256,10,4,98,14.756832122802734,0.15057991962043607,16361.329375903357,1
2026-08-15T18:28:55Z,NVIDIA H200 NVL,full,uniform_0_1,dot,raw_fp64,64,11,52,fp64,natural,thread_packet,2,128,1,1,2,none,raw,natural/thread_packet/x2/raw,4096,0,1,65536,65536,0,8,256,10,0,2112,10.687744140625,0.005060484915068655,1019.6924867658463,1
2026-08-15T18:28:55Z,NVIDIA H200 NVL,full,uniform_0_1,dot,raw_fp64,64,11,52,fp64,natural,thread_packet,2,128,1,1,2,none,raw,natural/thread_packet/x2/raw,4096,0,1,65536,65536,0,8,256,10,1,2112,10.698847770690918,0.0050657423156680479,1019.6924867658463,1
2026-08-15T18:28:55Z,NVIDIA H200 NVL,full,uniform_0_1,dot,raw_fp64,64,11,52,fp64,natural,thread_packet,2,128,1,1,2,none,raw,natural/thread_packet/x2/raw,4096,0,1,65536,65536,0,8,256,10,2,2112,10.692319869995117,0.0050626514535961733,1019.6924867658463,1
2026-08-15T18:28:55Z,NVIDIA H200 NVL,full,uniform_0_1,dot,raw_fp64,64,11,52,fp64,natural,thread_packet,2,128,1,1,2,none,raw,natural/thread_packet/x2/raw,4096,0,1,65536,65536,0,8,256,10,3,2112,10.687775611877441,0.0050604998162298489,1019.6924867658463,1
2026-08-15T18:28:55Z,NVIDIA H200 NVL,full,uniform_0_1,dot,raw_fp64,64,11,52,fp64,natural,thread_packet,2,128,1,1,2,none,raw,natural/thread_packet/x2/raw,4096,0,1,65536,65536,0,8,256,10,4,2112,10.689120292663574,0.0050611365022081318,1019.6924867658463,1
2026-08-15T18:28:55Z,NVIDIA H200 NVL,full,uniform_0_1,dot,raw_fp64,64,11,52,fp64,natural,thread_packet,2,128,1,1,2,none,raw,natural/thread_packet/x2/raw,65536,0,1,1048576,1048576,0,128,256,10,0,2103,11.160287857055664,0.0053068415868072578,16361.329375903359,1
2026-08-15T18:28:55Z,NVIDIA H200 NVL,full,uniform_0_1,dot,raw_fp64,64,11,52,fp64,natural,thread_packet,2,128,1,1,2,none,raw,natural/thread_packet/x2/raw,65536,0,1,1048576,1048576,0,128,256,10,1,2103,11.160799980163574,0.005307085107067796,16361.329375903359,1
2026-08-15T18:28:55Z,NVIDIA H200 NVL,full,uniform_0_1,dot,raw_fp64,64,11,52,fp64,natural,thread_packet,2,128,1,1,2,none,raw,natural/thread_packet/x2/raw,65536,0,1,1048576,1048576,0,128,256,10,2,2103,11.162943840026855,0.0053081045363893749,16361.329375903359,1
2026-08-15T18:28:55Z,NVIDIA H200 NVL,full,uniform_0_1,dot,raw_fp64,64,11,52,fp64,natural,thread_packet,2,128,1,1,2,none,raw,natural/thread_packet/x2/raw,65536,0,1,1048576,1048576,0,128,256,10,3,2103,11.161984443664551,0.0053076483326983124,16361.329375903359,1
2026-08-15T18:28:55Z,NVIDIA H200 NVL,full,uniform_0_1,dot,raw_fp64,64,11,52,fp64,natural,thread_packet,2,128,1,1,2,none,raw,natural/thread_packet/x2/raw,65536,0,1,1048576,1048576,0,128,256,10,4,2103,11.16096019744873,0.0053071612921772376,16361.329375903359,1
2026-08-15T18:28:55Z,NVIDIA H200 NVL,full,uniform_0_1,dot,raw_fp64,64,11,52,fp64,natural,thread_packet,2,128,1,1,2,none,raw,natural/thread_packet/x2/raw,1048576,0,1,16777216,16777216,0,512,256,10,0,1498,11.850720405578613,0.0079110283081299162,261997.41491179512,1
2026-08-15T18:28:55Z,NVIDIA H200 NVL,full,uniform_0_1,dot,raw_fp64,64,11,52,fp64,natural,thread_packet,2,128,1,1,2,none,raw,natural/thread_packet/x2/raw,1048576,0,1,16777216,16777216,0,512,256,10,1,1498,11.852319717407227,0.0079120959395241833,261997.41491179512,1
2026-08-15T18:28:55Z,NVIDIA H200 NVL,full,uniform_0_1,dot,raw_fp64,64,11,52,fp64,natural,thread_packet,2,128,1,1,2,none,raw,natural/thread_packet/x2/raw,1048576,0,1,16777216,16777216,0,512,256,10,2,1498,11.851360321044922,0.0079114554880139673,261997.41491179512,1
2026-08-15T18:28:55Z,NVIDIA H200 NVL,full,uniform_0_1,dot,raw_fp64,64,11,52,fp64,natural,thread_packet,2,128,1,1,2,none,raw,natural/thread_packet/x2/raw,1048576,0,1,16777216,16777216,0,512,256,10,3,1498,11.849120140075684,0.0079099600401039277,261997.41491179512,1
2026-08-15T18:28:55Z,NVIDIA H200 NVL,full,uniform_0_1,dot,raw_fp64,64,11,52,fp64,natural,thread_packet,2,128,1,1,2,none,raw,natural/thread_packet/x2/raw,1048576,0,1,16777216,16777216,0,512,256,10,4,1498,11.848544120788574,0.0079095755145451099,261997.41491179512,1
2026-08-15T18:28:55Z,NVIDIA H200 NVL,full,uniform_0_1,dot,raw_fp64,64,11,52,fp64,natural,thread_packet,2,128,1,1,2,none,raw,natural/thread_packet/x2/raw,16777216,0,1,268435456,268435456,0,512,256,10,0,219,15.07919979095459,0.068854793566002687,4194144.5995463934,1
2026-08-15T18:28:55Z,NVIDIA H200 NVL,full,uniform_0_1,dot,raw_fp64,64,11,52,fp64,natural,thread_packet,2,128,1,1,2,none,raw,natural/thread_packet/x2/raw,16777216,0,1,268435456,268435456,0,512,256,10,1,219,15.066207885742188,0.068795469797909528,4194144.5995463934,1
2026-08-15T18:28:55Z,NVIDIA H200 NVL,full,uniform_0_1,dot,raw_fp64,64,11,52,fp64,natural,thread_packet,2,128,1,1,2,none,raw,natural/thread_packet/x2/raw,16777216,0,1,268435456,268435456,0,512,256,10,2,219,15.073184013366699,0.068827324261948403,4194144.5995463934,1
2026-08-15T18:28:55Z,NVIDIA H200 NVL,full,uniform_0_1,dot,raw_fp64,64,11,52,fp64,natural,thread_packet,2,128,1,1,2,none,raw,natural/thread_packet/x2/raw,16777216,0,1,268435456,268435456,0,512,256,10,3,219,15.058624267578125,0.068760841404466325,4194144.5995463934,1
2026-08-15T18:28:55Z,NVIDIA H200 NVL,full,uniform_0_1,dot,raw_fp64,64,11,52,fp64,natural,thread_packet,2,128,1,1,2,none,raw,natural/thread_packet/x2/raw,16777216,0,1,268435456,268435456,0,512,256,10,4,219,15.059967994689941,0.068766977144702923,4194144.5995463934,1
2026-08-15T18:28:55Z,NVIDIA H200 NVL,full,uniform_0_1,dot,raw_fp64,64,11,52,fp64,natural,thread_packet,2,128,1,1,2,none,raw,natural/thread_packet/x2/raw,134217728,0,1,2147483648,2147483648,0,512,256,10,0,31,15.357407569885254,0.49540024418984691,33555791.351023242,1
2026-08-15T18:28:55Z,NVIDIA H200 NVL,full,uniform_0_1,dot,raw_fp64,64,11,52,fp64,natural,thread_packet,2,128,1,1,2,none,raw,natural/thread_packet/x2/raw,134217728,0,1,2147483648,2147483648,0,512,256,10,1,31,15.348352432250977,0.49510814297583794,33555791.351023242,1
2026-08-15T18:28:55Z,NVIDIA H200 NVL,full,uniform_0_1,dot,raw_fp64,64,11,52,fp64,natural,thread_packet,2,128,1,1,2,none,raw,natural/thread_packet/x2/raw,134217728,0,1,2147483648,2147483648,0,512,256,10,2,31,15.352512359619141,0.49524233418126262,33555791.351023242,1
2026-08-15T18:28:55Z,NVIDIA H200 NVL,full,uniform_0_1,dot,raw_fp64,64,11,52,fp64,natural,thread_packet,2,128,1,1,2,none,raw,natural/thread_packet/x2/raw,134217728,0,1,2147483648,2147483648,0,512,256,10,3,31,15.346752166748047,0.4950565215080015,33555791.351023242,1
2026-08-15T18:28:55Z,NVIDIA H200 NVL,full,uniform_0_1,dot,raw_fp64,64,11,52,fp64,natural,thread_packet,2,128,1,1,2,none,raw,natural/thread_packet/x2/raw,134217728,0,1,2147483648,2147483648,0,512,256,10,4,31,15.343584060668945,0.49495432453770793,33555791.351023242,1
2026-08-15T18:28:55Z,NVIDIA H200 NVL,full,uniform_0_1,gemv,raw_fp64,64,11,52,fp64,natural,thread_packet,2,128,1,1,2,none,raw,natural/thread_packet/x2/raw,256,1024,1024,2099200,2099200,0,1024,256,10,0,2468,9.6678075790405273,0.0039172640109564538,62.262414696816933,1
2026-08-15T18:28:55Z,NVIDIA H200 NVL,full,uniform_0_1,gemv,raw_fp64,64,11,52,fp64,natural,thread_packet,2,128,1,1,2,none,raw,natural/thread_packet/x2/raw,256,1024,1024,2099200,2099200,0,1024,256,10,1,2468,9.6734399795532227,0.0039195461829632187,62.262414696816933,1
2026-08-15T18:28:55Z,NVIDIA H200 NVL,full,uniform_0_1,gemv,raw_fp64,64,11,52,fp64,natural,thread_packet,2,128,1,1,2,none,raw,natural/thread_packet/x2/raw,256,1024,1024,2099200,2099200,0,1024,256,10,2,2468,9.6463356018066406,0.0039085638581064187,62.262414696816933,1
2026-08-15T18:28:55Z,NVIDIA H200 NVL,full,uniform_0_1,gemv,raw_fp64,64,11,52,fp64,natural,thread_packet,2,128,1,1,2,none,raw,natural/thread_packet/x2/raw,256,1024,1024,2099200,2099200,0,1024,256,10,3,2468,9.6401920318603516,0.0039060745672043562,62.262414696816933,1
2026-08-15T18:28:55Z,NVIDIA H200 NVL,full,uniform_0_1,gemv,raw_fp64,64,11,52,fp64,natural,thread_packet,2,128,1,1,2,none,raw,natural/thread_packet/x2/raw,256,1024,1024,2099200,2099200,0,1024,256,10,4,2468,9.6485757827758789,0.0039094715489367418,62.262414696816933,1
2026-08-15T18:28:55Z,NVIDIA H200 NVL,full,uniform_0_1,gemv,raw_fp64,64,11,52,fp64,natural,thread_packet,2,128,1,1,2,none,raw,natural/thread_packet/x2/raw,1024,1024,1024,8396800,8396800,0,1024,256,10,0,2122,10.410207748413086,0.0049058471952936316,248.53376947185922,1
2026-08-15T18:28:55Z,NVIDIA H200 NVL,full,uniform_0_1,gemv,raw_fp64,64,11,52,fp64,natural,thread_packet,2,128,1,1,2,none,raw,natural/thread_packet/x2/raw,1024,1024,1024,8396800,8396800,0,1024,256,10,1,2122,10.413536071777344,0.0049074156794426688,248.53376947185922,1
2026-08-15T18:28:55Z,NVIDIA H200 NVL,full,uniform_0_1,gemv,raw_fp64,64,11,52,fp64,natural,thread_packet,2,128,1,1,2,none,raw,natural/thread_packet/x2/raw,1024,1024,1024,8396800,8396800,0,1024,256,10,2,2122,10.415840148925781,0.0049085014839424044,248.53376947185922,1
2026-08-15T18:28:55Z,NVIDIA H200 NVL,full,uniform_0_1,gemv,raw_fp64,64,11,52,fp64,natural,thread_packet,2,128,1,1,2,none,raw,natural/thread_packet/x2/raw,1024,1024,1024,8396800,8396800,0,1024,256,10,3,2122,10.423007965087891,0.004911879342642738,248.53376947185922,1
2026-08-15T18:28:55Z,NVIDIA H200 NVL,full,uniform_0_1,gemv,raw_fp64,64,11,52,fp64,natural,thread_packet,2,128,1,1,2,none,raw,natural/thread_packet/x2/raw,1024,1024,1024,8396800,8396800,0,1024,256,10,4,2122,10.427935600280762,0.00491420150814362,248.53376947185922,1
2026-08-15T18:28:55Z,NVIDIA H200 NVL,full,uniform_0_1,gemv,raw_fp64,64,11,52,fp64,natural,thread_packet,2,128,1,1,2,none,raw,natural/thread_packet/x2/raw,4096,1024,1024,33587200,33587200,0,1024,256,10,0,1421,12.142911911010742,0.008545328579177159,1019.6924867658463,1
2026-08-15T18:28:55Z,NVIDIA H200 NVL,full,uniform_0_1,gemv,raw_fp64,64,11,52,fp64,natural,thread_packet,2,128,1,1,2,none,raw,natural/thread_packet/x2/raw,4096,1024,1024,33587200,33587200,0,1024,256,10,1,1421,12.147168159484863,0.0085483238279274194,1019.6924867658463,1
2026-08-15T18:28:55Z,NVIDIA H200 NVL,full,uniform_0_1,gemv,raw_fp64,64,11,52,fp64,natural,thread_packet,2,128,1,1,2,none,raw,natural/thread_packet/x2/raw,4096,1024,1024,33587200,33587200,0,1024,256,10,2,1421,12.135392189025879,0.0085400367269710623,1019.6924867658463,1
2026-08-15T18:28:55Z,NVIDIA H200 NVL,full,uniform_0_1,gemv,raw_fp64,64,11,52,fp64,natural,thread_packet,2,128,1,1,2,none,raw,natural/thread_packet/x2/raw,4096,1024,1024,33587200,33587200,0,1024,256,10,3,1421,12.145024299621582,0.008546815129923703,1019.6924867658463,1
2026-08-15T18:28:55Z,NVIDIA H200 NVL,full,uniform_0_1,gemv,raw_fp64,64,11,52,fp64,natural,thread_packet,2,128,1,1,2,none,raw,natural/thread_packet/x2/raw,4096,1024,1024,33587200,33587200,0,1024,256,10,4,1421,12.134559631347656,0.0085394508313495123,1019.6924867658463,1
2026-08-15T18:28:55Z,NVIDIA H200 NVL,full,uniform_0_1,gemv,raw_fp64,64,11,52,fp64,natural,thread_packet,2,128,1,1,2,none,raw,natural/thread_packet/x2/raw,16384,1024,1024,134348800,134348800,0,1024,256,10,0,384,14.606240272521973,0.03803708404302597,4110.2963092903155,1
2026-08-15T18:28:55Z,NVIDIA H200 NVL,full,uniform_0_1,gemv,raw_fp64,64,11,52,fp64,natural,thread_packet,2,128,1,1,2,none,raw,natural/thread_packet/x2/raw,16384,1024,1024,134348800,134348800,0,1024,256,10,1,384,14.599552154541016,0.038019667069117226,4110.2963092903155,1
2026-08-15T18:28:55Z,NVIDIA H200 NVL,full,uniform_0_1,gemv,raw_fp64,64,11,52,fp64,natural,thread_packet,2,128,1,1,2,none,raw,natural/thread_packet/x2/raw,16384,1024,1024,134348800,134348800,0,1024,256,10,2,384,14.590496063232422,0.037996083498001099,4110.2963092903155,1
2026-08-15T18:28:55Z,NVIDIA H200 NVL,full,uniform_0_1,gemv,raw_fp64,64,11,52,fp64,natural,thread_packet,2,128,1,1,2,none,raw,natural/thread_packet/x2/raw,16384,1024,1024,134348800,134348800,0,1024,256,10,3,384,14.598688125610352,0.038017416993776955,4110.2963092903155,1
2026-08-15T18:28:55Z,NVIDIA H200 NVL,full,uniform_0_1,gemv,raw_fp64,64,11,52,fp64,natural,thread_packet,2,128,1,1,2,none,raw,natural/thread_packet/x2/raw,16384,1024,1024,134348800,134348800,0,1024,256,10,4,384,14.616352081298828,0.038063416878382363,4110.2963092903155,1
2026-08-15T18:28:55Z,NVIDIA H200 NVL,full,uniform_0_1,gemv,raw_fp64,64,11,52,fp64,natural,thread_packet,2,128,1,1,2,none,raw,natural/thread_packet/x2/raw,65536,1024,1024,537395200,537395200,0,1024,256,10,0,113,14.914688110351562,0.13198839035709348,16361.329375903359,1
2026-08-15T18:28:55Z,NVIDIA H200 NVL,full,uniform_0_1,gemv,raw_fp64,64,11,52,fp64,natural,thread_packet,2,128,1,1,2,none,raw,natural/thread_packet/x2/raw,65536,1024,1024,537395200,537395200,0,1024,256,10,1,113,14.918304443359375,0.13202039330406526,16361.329375903359,1
2026-08-15T18:28:55Z,NVIDIA H200 NVL,full,uniform_0_1,gemv,raw_fp64,64,11,52,fp64,natural,thread_packet,2,128,1,1,2,none,raw,natural/thread_packet/x2/raw,65536,1024,1024,537395200,537395200,0,1024,256,10,2,113,14.94268798828125,0.13223617688744468,16361.329375903359,1
2026-08-15T18:28:55Z,NVIDIA H200 NVL,full,uniform_0_1,gemv,raw_fp64,64,11,52,fp64,natural,thread_packet,2,128,1,1,2,none,raw,natural/thread_packet/x2/raw,65536,1024,1024,537395200,537395200,0,1024,256,10,3,113,14.951744079589844,0.1323163192884057,16361.329375903359,1
2026-08-15T18:28:55Z,NVIDIA H200 NVL,full,uniform_0_1,gemv,raw_fp64,64,11,52,fp64,natural,thread_packet,2,128,1,1,2,none,raw,natural/thread_packet/x2/raw,65536,1024,1024,537395200,537395200,0,1024,256,10,4,113,14.94041633605957,0.13221607377043867,16361.329375903359,1
2026-08-15T18:28:55Z,NVIDIA H200 NVL,full,uniform_0_1,dot,raw_fp64,64,11,52,fp64,natural,thread_packet,4,128,1,1,4,none,raw,natural/thread_packet/x4/raw,4096,0,1,65536,65536,0,4,256,10,0,2075,11.00499153137207,0.0053036103765648534,1019.6924867658463,1
2026-08-15T18:28:55Z,NVIDIA H200 NVL,full,uniform_0_1,dot,raw_fp64,64,11,52,fp64,natural,thread_packet,4,128,1,1,4,none,raw,natural/thread_packet/x4/raw,4096,0,1,65536,65536,0,4,256,10,1,2075,11.041536331176758,0.0053212223282779556,1019.6924867658463,1
2026-08-15T18:28:55Z,NVIDIA H200 NVL,full,uniform_0_1,dot,raw_fp64,64,11,52,fp64,natural,thread_packet,4,128,1,1,4,none,raw,natural/thread_packet/x4/raw,4096,0,1,65536,65536,0,4,256,10,2,2075,11.01750373840332,0.0053096403558570218,1019.6924867658463,1
2026-08-15T18:28:55Z,NVIDIA H200 NVL,full,uniform_0_1,dot,raw_fp64,64,11,52,fp64,natural,thread_packet,4,128,1,1,4,none,raw,natural/thread_packet/x4/raw,4096,0,1,65536,65536,0,4,256,10,3,2075,11.003456115722656,0.005302870417215738,1019.6924867658463,1
2026-08-15T18:28:55Z,NVIDIA H200 NVL,full,uniform_0_1,dot,raw_fp64,64,11,52,fp64,natural,thread_packet,4,128,1,1,4,none,raw,natural/thread_packet/x4/raw,4096,0,1,65536,65536,0,4,256,10,4,2075,10.994848251342773,0.005298722048839891,1019.6924867658463,1
2026-08-15T18:28:55Z,NVIDIA H200 NVL,full,uniform_0_1,dot,raw_fp64,64,11,52,fp64,natural,thread_packet,4,128,1,1,4,none,raw,natural/thread_packet/x4/raw,65536,0,1,1048576,1048576,0,64,256,10,0,1970,10.795680046081543,0.0054800406325287024,16361.32937590336,1
2026-08-15T18:28:55Z,NVIDIA H200 NVL,full,uniform_0_1,dot,raw_fp64,64,11,52,fp64,natural,thread_packet,4,128,1,1,4,none,raw,natural/thread_packet/x4/raw,65536,0,1,1048576,1048576,0,64,256,10,1,1970,10.797151565551758,0.0054807875967267808,16361.32937590336,1
2026-08-15T18:28:55Z,NVIDIA H200 NVL,full,uniform_0_1,dot,raw_fp64,64,11,52,fp64,natural,thread_packet,4,128,1,1,4,none,raw,natural/thread_packet/x4/raw,65536,0,1,1048576,1048576,0,64,256,10,2,1970,10.802271842956543,0.0054833867223129662,16361.32937590336,1
2026-08-15T18:28:55Z,NVIDIA H200 NVL,full,uniform_0_1,dot,raw_fp64,64,11,52,fp64,natural,thread_packet,4,128,1,1,4,none,raw,natural/thread_packet/x4/raw,65536,0,1,1048576,1048576,0,64,256,10,3,1970,10.791999816894531,0.0054781724958855487,16361.32937590336,1
2026-08-15T18:28:55Z,NVIDIA H200 NVL,full,uniform_0_1,dot,raw_fp64,64,11,52,fp64,natural,thread_packet,4,128,1,1,4,none,raw,natural/thread_packet/x4/raw,65536,0,1,1048576,1048576,0,64,256,10,4,1970,10.788928031921387,0.0054766132141732928,16361.32937590336,1
2026-08-15T18:28:55Z,NVIDIA H200 NVL,full,uniform_0_1,dot,raw_fp64,64,11,52,fp64,natural,thread_packet,4,128,1,1,4,none,raw,natural/thread_packet/x4/raw,1048576,0,1,16777216,16777216,0,512,256,10,0,1400,12.055520057678223,0.0086110857554844451,261997.41491179512,1
2026-08-15T18:28:55Z,NVIDIA H200 NVL,full,uniform_0_1,dot,raw_fp64,64,11,52,fp64,natural,thread_packet,4,128,1,1,4,none,raw,natural/thread_packet/x4/raw,1048576,0,1,16777216,16777216,0,512,256,10,1,1400,12.062175750732422,0.0086158398219517308,261997.41491179512,1
2026-08-15T18:28:55Z,NVIDIA H200 NVL,full,uniform_0_1,dot,raw_fp64,64,11,52,fp64,natural,thread_packet,4,128,1,1,4,none,raw,natural/thread_packet/x4/raw,1048576,0,1,16777216,16777216,0,512,256,10,2,1400,12.058464050292969,0.0086131886073521208,261997.41491179512,1
2026-08-15T18:28:55Z,NVIDIA H200 NVL,full,uniform_0_1,dot,raw_fp64,64,11,52,fp64,natural,thread_packet,4,128,1,1,4,none,raw,natural/thread_packet/x4/raw,1048576,0,1,16777216,16777216,0,512,256,10,3,1400,12.054880142211914,0.0086106286730085104,261997.41491179512,1
2026-08-15T18:28:55Z,NVIDIA H200 NVL,full,uniform_0_1,dot,raw_fp64,64,11,52,fp64,natural,thread_packet,4,128,1,1,4,none,raw,natural/thread_packet/x4/raw,1048576,0,1,16777216,16777216,0,512,256,10,4,1400,12.056832313537598,0.0086120230810982842,261997.41491179512,1
2026-08-15T18:28:55Z,NVIDIA H200 NVL,full,uniform_0_1,dot,raw_fp64,64,11,52,fp64,natural,thread_packet,4,128,1,1,4,none,raw,natural/thread_packet/x4/raw,16777216,0,1,268435456,268435456,0,512,256,10,0,216,15.045087814331055,0.069653184325606729,4194144.5995463938,1
2026-08-15T18:28:55Z,NVIDIA H200 NVL,full,uniform_0_1,dot,raw_fp64,64,11,52,fp64,natural,thread_packet,4,128,1,1,4,none,raw,natural/thread_packet/x4/raw,16777216,0,1,268435456,268435456,0,512,256,10,1,216,15.003040313720703,0.069458519970929181,4194144.5995463938,1
2026-08-15T18:28:55Z,NVIDIA H200 NVL,full,uniform_0_1,dot,raw_fp64,64,11,52,fp64,natural,thread_packet,4,128,1,1,4,none,raw,natural/thread_packet/x4/raw,16777216,0,1,268435456,268435456,0,512,256,10,2,216,15.01961612701416,0.069535259847287784,4194144.5995463938,1
2026-08-15T18:28:55Z,NVIDIA H200 NVL,full,uniform_0_1,dot,raw_fp64,64,11,52,fp64,natural,thread_packet,4,128,1,1,4,none,raw,natural/thread_packet/x4/raw,16777216,0,1,268435456,268435456,0,512,256,10,3,216,15.027168273925781,0.06957022349039714,4194144.5995463938,1
2026-08-15T18:28:55Z,NVIDIA H200 NVL,full,uniform_0_1,dot,raw_fp64,64,11,52,fp64,natural,thread_packet,4,128,1,1,4,none,raw,natural/thread_packet/x4/raw,16777216,0,1,268435456,268435456,0,512,256,10,4,216,15.003552436828613,0.069460890911243578,4194144.5995463938,1
2026-08-15T18:28:55Z,NVIDIA H200 NVL,full,uniform_0_1,dot,raw_fp64,64,11,52,fp64,natural,thread_packet,4,128,1,1,4,none,raw,natural/thread_packet/x4/raw,134217728,0,1,2147483648,2147483648,0,512,256,10,0,30,15.152928352355957,0.50509761174519852,33555791.351023242,1
2026-08-15T18:28:55Z,NVIDIA H200 NVL,full,uniform_0_1,dot,raw_fp64,64,11,52,fp64,natural,thread_packet,4,128,1,1,4,none,raw,natural/thread_packet/x4/raw,134217728,0,1,2147483648,2147483648,0,512,256,10,1,30,15.123295783996582,0.50410985946655273,33555791.351023242,1
2026-08-15T18:28:55Z,NVIDIA H200 NVL,full,uniform_0_1,dot,raw_fp64,64,11,52,fp64,natural,thread_packet,4,128,1,1,4,none,raw,natural/thread_packet/x4/raw,134217728,0,1,2147483648,2147483648,0,512,256,10,2,30,15.116671562194824,0.50388905207316081,33555791.351023242,1
2026-08-15T18:28:55Z,NVIDIA H200 NVL,full,uniform_0_1,dot,raw_fp64,64,11,52,fp64,natural,thread_packet,4,128,1,1,4,none,raw,natural/thread_packet/x4/raw,134217728,0,1,2147483648,2147483648,0,512,256,10,3,30,15.090944290161133,0.50303147633870438,33555791.351023242,1
2026-08-15T18:28:55Z,NVIDIA H200 NVL,full,uniform_0_1,dot,raw_fp64,64,11,52,fp64,natural,thread_packet,4,128,1,1,4,none,raw,natural/thread_packet/x4/raw,134217728,0,1,2147483648,2147483648,0,512,256,10,4,30,15.106111526489258,0.50353705088297529,33555791.351023242,1
2026-08-15T18:28:55Z,NVIDIA H200 NVL,full,uniform_0_1,gemv,raw_fp64,64,11,52,fp64,natural,thread_packet,4,128,1,1,4,none,raw,natural/thread_packet/x4/raw,256,1024,1024,2099200,2099200,0,1024,256,10,0,2380,9.985600471496582,0.0041956304502086478,62.262414696816933,1
2026-08-15T18:28:55Z,NVIDIA H200 NVL,full,uniform_0_1,gemv,raw_fp64,64,11,52,fp64,natural,thread_packet,4,128,1,1,4,none,raw,natural/thread_packet/x4/raw,256,1024,1024,2099200,2099200,0,1024,256,10,1,2380,9.999903678894043,0.0042016402012159844,62.262414696816933,1
2026-08-15T18:28:55Z,NVIDIA H200 NVL,full,uniform_0_1,gemv,raw_fp64,64,11,52,fp64,natural,thread_packet,4,128,1,1,4,none,raw,natural/thread_packet/x4/raw,256,1024,1024,2099200,2099200,0,1024,256,10,2,2380,10.002464294433594,0.004202716090098149,62.262414696816933,1
2026-08-15T18:28:55Z,NVIDIA H200 NVL,full,uniform_0_1,gemv,raw_fp64,64,11,52,fp64,natural,thread_packet,4,128,1,1,4,none,raw,natural/thread_packet/x4/raw,256,1024,1024,2099200,2099200,0,1024,256,10,3,2380,9.9839363098144531,0.0041949312226111151,62.262414696816933,1
2026-08-15T18:28:55Z,NVIDIA H200 NVL,full,uniform_0_1,gemv,raw_fp64,64,11,52,fp64,natural,thread_packet,4,128,1,1,4,none,raw,natural/thread_packet/x4/raw,256,1024,1024,2099200,2099200,0,1024,256,10,4,2380,9.9774723052978516,0.0041922152543268287,62.262414696816933,1
2026-08-15T18:28:55Z,NVIDIA H200 NVL,full,uniform_0_1,gemv,raw_fp64,64,11,52,fp64,natural,thread_packet,4,128,1,1,4,none,raw,natural/thread_packet/x4/raw,1024,1024,1024,8396800,8396800,0,1024,256,10,0,1810,10.968447685241699,0.0060599158481998341,248.53376947185924,1
2026-08-15T18:28:55Z,NVIDIA H200 NVL,full,uniform_0_1,gemv,raw_fp64,64,11,52,fp64,natural,thread_packet,4,128,1,1,4,none,raw,natural/thread_packet/x4/raw,1024,1024,1024,8396800,8396800,0,1024,256,10,1,1810,10.971872329711914,0.0060618079169679085,248.53376947185924,1
2026-08-15T18:28:55Z,NVIDIA H200 NVL,full,uniform_0_1,gemv,raw_fp64,64,11,52,fp64,natural,thread_packet,4,128,1,1,4,none,raw,natural/thread_packet/x4/raw,1024,1024,1024,8396800,8396800,0,1024,256,10,2,1810,10.983584403991699,0.0060682786762385078,248.53376947185924,1
2026-08-15T18:28:55Z,NVIDIA H200 NVL,full,uniform_0_1,gemv,raw_fp64,64,11,52,fp64,natural,thread_packet,4,128,1,1,4,none,raw,natural/thread_packet/x4/raw,1024,1024,1024,8396800,8396800,0,1024,256,10,3,1810,10.980768203735352,0.006066722764494669,248.53376947185924,1
2026-08-15T18:28:55Z,NVIDIA H200 NVL,full,uniform_0_1,gemv,raw_fp64,64,11,52,fp64,natural,thread_packet,4,128,1,1,4,none,raw,natural/thread_packet/x4/raw,1024,1024,1024,8396800,8396800,0,1024,256,10,4,1810,10.983391761779785,0.0060681722440772291,248.53376947185924,1
2026-08-15T18:28:55Z,NVIDIA H200 NVL,full,uniform_0_1,gemv,raw_fp64,64,11,52,fp64,natural,thread_packet,4,128,1,1,4,none,raw,natural/thread_packet/x4/raw,4096,1024,1024,33587200,33587200,0,1024,256,10,0,981,12.808639526367188,0.013056717152260131,1019.6924867658463,1
2026-08-15T18:28:55Z,NVIDIA H200 NVL,full,uniform_0_1,gemv,raw_fp64,64,11,52,fp64,natural,thread_packet,4,128,1,1,4,none,raw,natural/thread_packet/x4/raw,4096,1024,1024,33587200,33587200,0,1024,256,10,1,981,12.786399841308594,0.013034046729162686,1019.6924867658463,1
2026-08-15T18:28:55Z,NVIDIA H200 NVL,full,uniform_0_1,gemv,raw_fp64,64,11,52,fp64,natural,thread_packet,4,128,1,1,4,none,raw,natural/thread_packet/x4/raw,4096,1024,1024,33587200,33587200,0,1024,256,10,2,981,12.776000022888184,0.013023445487143919,1019.6924867658463,1
2026-08-15T18:28:55Z,NVIDIA H200 NVL,full,uniform_0_1,gemv,raw_fp64,64,11,52,fp64,natural,thread_packet,4,128,1,1,4,none,raw,natural/thread_packet/x4/raw,4096,1024,1024,33587200,33587200,0,1024,256,10,3,981,12.766688346862793,0.013013953462653204,1019.6924867658463,1
2026-08-15T18:28:55Z,NVIDIA H200 NVL,full,uniform_0_1,gemv,raw_fp64,64,11,52,fp64,natural,thread_packet,4,128,1,1,4,none,raw,natural/thread_packet/x4/raw,4096,1024,1024,33587200,33587200,0,1024,256,10,4,981,12.75932788848877,0.013006450446981416,1019.6924867658463,1
2026-08-15T18:28:55Z,NVIDIA H200 NVL,full,uniform_0_1,gemv,raw_fp64,64,11,52,fp64,natural,thread_packet,4,128,1,1,4,none,raw,natural/thread_packet/x4/raw,16384,1024,1024,134348800,134348800,0,1024,256,10,0,338,14.221504211425781,0.042075456246821838,4110.2963092903155,1
2026-08-15T18:28:55Z,NVIDIA H200 NVL,full,uniform_0_1,gemv,raw_fp64,64,11,52,fp64,natural,thread_packet,4,128,1,1,4,none,raw,natural/thread_packet/x4/raw,16384,1024,1024,134348800,134348800,0,1024,256,10,1,338,14.197343826293945,0.042003975817437707,4110.2963092903155,1
2026-08-15T18:28:55Z,NVIDIA H200 NVL,full,uniform_0_1,gemv,raw_fp64,64,11,52,fp64,natural,thread_packet,4,128,1,1,4,none,raw,natural/thread_packet/x4/raw,16384,1024,1024,134348800,134348800,0,1024,256,10,2,338,14.189824104309082,0.041981728119257641,4110.2963092903155,1
2026-08-15T18:28:55Z,NVIDIA H200 NVL,full,uniform_0_1,gemv,raw_fp64,64,11,52,fp64,natural,thread_packet,4,128,1,1,4,none,raw,natural/thread_packet/x4/raw,16384,1024,1024,134348800,134348800,0,1024,256,10,3,338,14.205951690673828,0.042029442871816057,4110.2963092903155,1
2026-08-15T18:28:55Z,NVIDIA H200 NVL,full,uniform_0_1,gemv,raw_fp64,64,11,52,fp64,natural,thread_packet,4,128,1,1,4,none,raw,natural/thread_packet/x4/raw,16384,1024,1024,134348800,134348800,0,1024,256,10,4,338,14.209983825683594,0.042041372265336073,4110.2963092903155,1
2026-08-15T18:28:55Z,NVIDIA H200 NVL,full,uniform_0_1,gemv,raw_fp64,64,11,52,fp64,natural,thread_packet,4,128,1,1,4,none,raw,natural/thread_packet/x4/raw,65536,1024,1024,537395200,537395200,0,1024,256,10,0,98,14.95740795135498,0.15262661174852021,16361.329375903362,1
2026-08-15T18:28:55Z,NVIDIA H200 NVL,full,uniform_0_1,gemv,raw_fp64,64,11,52,fp64,natural,thread_packet,4,128,1,1,4,none,raw,natural/thread_packet/x4/raw,65536,1024,1024,537395200,537395200,0,1024,256,10,1,98,14.966560363769531,0.152720003711934,16361.329375903362,1
2026-08-15T18:28:55Z,NVIDIA H200 NVL,full,uniform_0_1,gemv,raw_fp64,64,11,52,fp64,natural,thread_packet,4,128,1,1,4,none,raw,natural/thread_packet/x4/raw,65536,1024,1024,537395200,537395200,0,1024,256,10,2,98,14.988639831542969,0.15294530440349968,16361.329375903362,1
2026-08-15T18:28:55Z,NVIDIA H200 NVL,full,uniform_0_1,gemv,raw_fp64,64,11,52,fp64,natural,thread_packet,4,128,1,1,4,none,raw,natural/thread_packet/x4/raw,65536,1024,1024,537395200,537395200,0,1024,256,10,3,98,14.989983558654785,0.15295901590464067,16361.329375903362,1
2026-08-15T18:28:55Z,NVIDIA H200 NVL,full,uniform_0_1,gemv,raw_fp64,64,11,52,fp64,natural,thread_packet,4,128,1,1,4,none,raw,natural/thread_packet/x4/raw,65536,1024,1024,537395200,537395200,0,1024,256,10,4,98,15.005727767944336,0.15311967110147282,16361.329375903362,1
2026-08-15T18:28:55Z,NVIDIA H200 NVL,full,uniform_0_1,dot,raw_fp64,64,11,52,fp64,natural,thread_packet,8,128,1,1,8,none,raw,natural/thread_packet/x8/raw,4096,0,1,65536,65536,0,2,256,10,0,1839,11.057696342468262,0.0060128854499555528,1019.6924867658463,1
2026-08-15T18:28:55Z,NVIDIA H200 NVL,full,uniform_0_1,dot,raw_fp64,64,11,52,fp64,natural,thread_packet,8,128,1,1,8,none,raw,natural/thread_packet/x8/raw,4096,0,1,65536,65536,0,2,256,10,1,1839,11.063584327697754,0.0060160871819998664,1019.6924867658463,1
2026-08-15T18:28:55Z,NVIDIA H200 NVL,full,uniform_0_1,dot,raw_fp64,64,11,52,fp64,natural,thread_packet,8,128,1,1,8,none,raw,natural/thread_packet/x8/raw,4096,0,1,65536,65536,0,2,256,10,2,1839,11.05951976776123,0.0060138769808380805,1019.6924867658463,1
2026-08-15T18:28:55Z,NVIDIA H200 NVL,full,uniform_0_1,dot,raw_fp64,64,11,52,fp64,natural,thread_packet,8,128,1,1,8,none,raw,natural/thread_packet/x8/raw,4096,0,1,65536,65536,0,2,256,10,3,1839,11.060352325439453,0.0060143297038822473,1019.6924867658463,1
2026-08-15T18:28:55Z,NVIDIA H200 NVL,full,uniform_0_1,dot,raw_fp64,64,11,52,fp64,natural,thread_packet,8,128,1,1,8,none,raw,natural/thread_packet/x8/raw,4096,0,1,65536,65536,0,2,256,10,4,1839,11.058752059936523,0.0060134595214445478,1019.6924867658463,1
2026-08-15T18:28:55Z,NVIDIA H200 NVL,full,uniform_0_1,dot,raw_fp64,64,11,52,fp64,natural,thread_packet,8,128,1,1,8,none,raw,natural/thread_packet/x8/raw,65536,0,1,1048576,1048576,0,32,256,10,0,1832,11.459903717041016,0.0062554059590835239,16361.329375903359,1
2026-08-15T18:28:55Z,NVIDIA H200 NVL,full,uniform_0_1,dot,raw_fp64,64,11,52,fp64,natural,thread_packet,8,128,1,1,8,none,raw,natural/thread_packet/x8/raw,65536,0,1,1048576,1048576,0,32,256,10,1,1832,11.459168434143066,0.0062550046037898833,16361.329375903359,1
2026-08-15T18:28:55Z,NVIDIA H200 NVL,full,uniform_0_1,dot,raw_fp64,64,11,52,fp64,natural,thread_packet,8,128,1,1,8,none,raw,natural/thread_packet/x8/raw,65536,0,1,1048576,1048576,0,32,256,10,2,1832,11.460607528686523,0.0062557901357459186,16361.329375903359,1
2026-08-15T18:28:55Z,NVIDIA H200 NVL,full,uniform_0_1,dot,raw_fp64,64,11,52,fp64,natural,thread_packet,8,128,1,1,8,none,raw,natural/thread_packet/x8/raw,65536,0,1,1048576,1048576,0,32,256,10,3,1832,11.461119651794434,0.0062560696789270929,16361.329375903359,1
2026-08-15T18:28:55Z,NVIDIA H200 NVL,full,uniform_0_1,dot,raw_fp64,64,11,52,fp64,natural,thread_packet,8,128,1,1,8,none,raw,natural/thread_packet/x8/raw,65536,0,1,1048576,1048576,0,32,256,10,4,1832,11.460351943969727,0.0062556506244376238,16361.329375903359,1
2026-08-15T18:28:55Z,NVIDIA H200 NVL,full,uniform_0_1,dot,raw_fp64,64,11,52,fp64,natural,thread_packet,8,128,1,1,8,none,raw,natural/thread_packet/x8/raw,1048576,0,1,16777216,16777216,0,512,256,10,0,1190,12.811296463012695,0.010765795347069491,261997.41491179509,1
2026-08-15T18:28:55Z,NVIDIA H200 NVL,full,uniform_0_1,dot,raw_fp64,64,11,52,fp64,natural,thread_packet,8,128,1,1,8,none,raw,natural/thread_packet/x8/raw,1048576,0,1,16777216,16777216,0,512,256,10,1,1190,12.811391830444336,0.010765875487768349,261997.41491179509,1
2026-08-15T18:28:55Z,NVIDIA H200 NVL,full,uniform_0_1,dot,raw_fp64,64,11,52,fp64,natural,thread_packet,8,128,1,1,8,none,raw,natural/thread_packet/x8/raw,1048576,0,1,16777216,16777216,0,512,256,10,2,1190,12.81715202331543,0.010770715985979352,261997.41491179509,1
2026-08-15T18:28:55Z,NVIDIA H200 NVL,full,uniform_0_1,dot,raw_fp64,64,11,52,fp64,natural,thread_packet,8,128,1,1,8,none,raw,natural/thread_packet/x8/raw,1048576,0,1,16777216,16777216,0,512,256,10,3,1190,12.809599876403809,0.010764369644036815,261997.41491179509,1
2026-08-15T18:28:55Z,NVIDIA H200 NVL,full,uniform_0_1,dot,raw_fp64,64,11,52,fp64,natural,thread_packet,8,128,1,1,8,none,raw,natural/thread_packet/x8/raw,1048576,0,1,16777216,16777216,0,512,256,10,4,1190,12.766207695007324,0.010727905626056576,261997.41491179509,1
2026-08-15T18:28:55Z,NVIDIA H200 NVL,full,uniform_0_1,dot,raw_fp64,64,11,52,fp64,natural,thread_packet,8,128,1,1,8,none,raw,natural/thread_packet/x8/raw,16777216,0,1,268435456,268435456,0,512,256,10,0,170,14.523008346557617,0.085429460862103637,4194144.5995463938,1
2026-08-15T18:28:55Z,NVIDIA H200 NVL,full,uniform_0_1,dot,raw_fp64,64,11,52,fp64,natural,thread_packet,8,128,1,1,8,none,raw,natural/thread_packet/x8/raw,16777216,0,1,268435456,268435456,0,512,256,10,1,170,14.522720336914062,0.085427766687729778,4194144.5995463938,1
2026-08-15T18:28:55Z,NVIDIA H200 NVL,full,uniform_0_1,dot,raw_fp64,64,11,52,fp64,natural,thread_packet,8,128,1,1,8,none,raw,natural/thread_packet/x8/raw,16777216,0,1,268435456,268435456,0,512,256,10,2,170,14.514464378356934,0.085379202225629017,4194144.5995463938,1
2026-08-15T18:28:55Z,NVIDIA H200 NVL,full,uniform_0_1,dot,raw_fp64,64,11,52,fp64,natural,thread_packet,8,128,1,1,8,none,raw,natural/thread_packet/x8/raw,16777216,0,1,268435456,268435456,0,512,256,10,3,170,14.513759613037109,0.085375056547277117,4194144.5995463938,1
2026-08-15T18:28:55Z,NVIDIA H200 NVL,full,uniform_0_1,dot,raw_fp64,64,11,52,fp64,natural,thread_packet,8,128,1,1,8,none,raw,natural/thread_packet/x8/raw,16777216,0,1,268435456,268435456,0,512,256,10,4,170,14.514335632324219,0.085378444896024822,4194144.5995463938,1
2026-08-15T18:28:55Z,NVIDIA H200 NVL,full,uniform_0_1,dot,raw_fp64,64,11,52,fp64,natural,thread_packet,8,128,1,1,8,none,raw,natural/thread_packet/x8/raw,134217728,0,1,2147483648,2147483648,0,512,256,10,0,25,15.27244758605957,0.61089790344238282,33555791.351023234,1
2026-08-15T18:28:55Z,NVIDIA H200 NVL,full,uniform_0_1,dot,raw_fp64,64,11,52,fp64,natural,thread_packet,8,128,1,1,8,none,raw,natural/thread_packet/x8/raw,134217728,0,1,2147483648,2147483648,0,512,256,10,1,25,15.23744010925293,0.60949760437011724,33555791.351023234,1
2026-08-15T18:28:55Z,NVIDIA H200 NVL,full,uniform_0_1,dot,raw_fp64,64,11,52,fp64,natural,thread_packet,8,128,1,1,8,none,raw,natural/thread_packet/x8/raw,134217728,0,1,2147483648,2147483648,0,512,256,10,2,25,15.230239868164062,0.60920959472656255,33555791.351023234,1
2026-08-15T18:28:55Z,NVIDIA H200 NVL,full,uniform_0_1,dot,raw_fp64,64,11,52,fp64,natural,thread_packet,8,128,1,1,8,none,raw,natural/thread_packet/x8/raw,134217728,0,1,2147483648,2147483648,0,512,256,10,3,25,15.226016044616699,0.60904064178466799,33555791.351023234,1
2026-08-15T18:28:55Z,NVIDIA H200 NVL,full,uniform_0_1,dot,raw_fp64,64,11,52,fp64,natural,thread_packet,8,128,1,1,8,none,raw,natural/thread_packet/x8/raw,134217728,0,1,2147483648,2147483648,0,512,256,10,4,25,15.24835205078125,0.60993408203124999,33555791.351023234,1
2026-08-15T18:28:55Z,NVIDIA H200 NVL,full,uniform_0_1,gemv,raw_fp64,64,11,52,fp64,natural,thread_packet,8,128,1,1,8,none,raw,natural/thread_packet/x8/raw,256,1024,1024,2099200,2099200,0,1024,256,10,0,2201,10.554047584533691,0.004795114758988501,62.262414696816933,1
2026-08-15T18:28:55Z,NVIDIA H200 NVL,full,uniform_0_1,gemv,raw_fp64,64,11,52,fp64,natural,thread_packet,8,128,1,1,8,none,raw,natural/thread_packet/x8/raw,256,1024,1024,2099200,2099200,0,1024,256,10,1,2201,10.560640335083008,0.0047981101022639746,62.262414696816933,1
2026-08-15T18:28:55Z,NVIDIA H200 NVL,full,uniform_0_1,gemv,raw_fp64,64,11,52,fp64,natural,thread_packet,8,128,1,1,8,none,raw,natural/thread_packet/x8/raw,256,1024,1024,2099200,2099200,0,1024,256,10,2,2201,10.565823554992676,0.0048004650408871767,62.262414696816933,1
2026-08-15T18:28:55Z,NVIDIA H200 NVL,full,uniform_0_1,gemv,raw_fp64,64,11,52,fp64,natural,thread_packet,8,128,1,1,8,none,raw,natural/thread_packet/x8/raw,256,1024,1024,2099200,2099200,0,1024,256,10,3,2201,10.559904098510742,0.0047977756013224638,62.262414696816933,1
2026-08-15T18:28:55Z,NVIDIA H200 NVL,full,uniform_0_1,gemv,raw_fp64,64,11,52,fp64,natural,thread_packet,8,128,1,1,8,none,raw,natural/thread_packet/x8/raw,256,1024,1024,2099200,2099200,0,1024,256,10,4,2201,10.559712409973145,0.0047976885097560859,62.262414696816933,1
2026-08-15T18:28:55Z,NVIDIA H200 NVL,full,uniform_0_1,gemv,raw_fp64,64,11,52,fp64,natural,thread_packet,8,128,1,1,8,none,raw,natural/thread_packet/x8/raw,1024,1024,1024,8396800,8396800,0,1024,256,10,0,1438,11.951423645019531,0.0083111430076630959,248.53376947185927,1
2026-08-15T18:28:55Z,NVIDIA H200 NVL,full,uniform_0_1,gemv,raw_fp64,64,11,52,fp64,natural,thread_packet,8,128,1,1,8,none,raw,natural/thread_packet/x8/raw,1024,1024,1024,8396800,8396800,0,1024,256,10,1,1438,11.951007843017578,0.0083108538546714725,248.53376947185927,1
2026-08-15T18:28:55Z,NVIDIA H200 NVL,full,uniform_0_1,gemv,raw_fp64,64,11,52,fp64,natural,thread_packet,8,128,1,1,8,none,raw,natural/thread_packet/x8/raw,1024,1024,1024,8396800,8396800,0,1024,256,10,2,1438,11.95241641998291,0.0083118333935903402,248.53376947185927,1
2026-08-15T18:28:55Z,NVIDIA H200 NVL,full,uniform_0_1,gemv,raw_fp64,64,11,52,fp64,natural,thread_packet,8,128,1,1,8,none,raw,natural/thread_packet/x8/raw,1024,1024,1024,8396800,8396800,0,1024,256,10,3,1438,11.953215599060059,0.0083123891509457992,248.53376947185927,1
2026-08-15T18:28:55Z,NVIDIA H200 NVL,full,uniform_0_1,gemv,raw_fp64,64,11,52,fp64,natural,thread_packet,8,128,1,1,8,none,raw,natural/thread_packet/x8/raw,1024,1024,1024,8396800,8396800,0,1024,256,10,4,1438,11.952863693237305,0.008312144432014815,248.53376947185927,1
2026-08-15T18:28:55Z,NVIDIA H200 NVL,full,uniform_0_1,gemv,raw_fp64,64,11,52,fp64,natural,thread_packet,8,128,1,1,8,none,raw,natural/thread_packet/x8/raw,4096,1024,1024,33587200,33587200,0,1024,256,10,0,612,13.755392074584961,0.022476130840825101,1019.6924867658464,1
2026-08-15T18:28:55Z,NVIDIA H200 NVL,full,uniform_0_1,gemv,raw_fp64,64,11,52,fp64,natural,thread_packet,8,128,1,1,8,none,raw,natural/thread_packet/x8/raw,4096,1024,1024,33587200,33587200,0,1024,256,10,1,612,13.769696235656738,0.022499503653033884,1019.6924867658464,1
2026-08-15T18:28:55Z,NVIDIA H200 NVL,full,uniform_0_1,gemv,raw_fp64,64,11,52,fp64,natural,thread_packet,8,128,1,1,8,none,raw,natural/thread_packet/x8/raw,4096,1024,1024,33587200,33587200,0,1024,256,10,2,612,13.771743774414062,0.02250284930459814,1019.6924867658464,1
2026-08-15T18:28:55Z,NVIDIA H200 NVL,full,uniform_0_1,gemv,raw_fp64,64,11,52,fp64,natural,thread_packet,8,128,1,1,8,none,raw,natural/thread_packet/x8/raw,4096,1024,1024,33587200,33587200,0,1024,256,10,3,612,13.774144172668457,0.022506771523968069,1019.6924867658464,1
2026-08-15T18:28:55Z,NVIDIA H200 NVL,full,uniform_0_1,gemv,raw_fp64,64,11,52,fp64,natural,thread_packet,8,128,1,1,8,none,raw,natural/thread_packet/x8/raw,4096,1024,1024,33587200,33587200,0,1024,256,10,4,612,13.769951820373535,0.022499921275120155,1019.6924867658464,1
2026-08-15T18:28:55Z,NVIDIA H200 NVL,full,uniform_0_1,gemv,raw_fp64,64,11,52,fp64,natural,thread_packet,8,128,1,1,8,none,raw,natural/thread_packet/x8/raw,16384,1024,1024,134348800,134348800,0,1024,256,10,0,183,14.605983734130859,0.079814118765742403,4110.2963092903155,1
2026-08-15T18:28:55Z,NVIDIA H200 NVL,full,uniform_0_1,gemv,raw_fp64,64,11,52,fp64,natural,thread_packet,8,128,1,1,8,none,raw,natural/thread_packet/x8/raw,16384,1024,1024,134348800,134348800,0,1024,256,10,1,183,14.60035228729248,0.079783345832199343,4110.2963092903155,1
2026-08-15T18:28:55Z,NVIDIA H200 NVL,full,uniform_0_1,gemv,raw_fp64,64,11,52,fp64,natural,thread_packet,8,128,1,1,8,none,raw,natural/thread_packet/x8/raw,16384,1024,1024,134348800,134348800,0,1024,256,10,2,183,14.593503952026367,0.079745923235116756,4110.2963092903155,1
2026-08-15T18:28:55Z,NVIDIA H200 NVL,full,uniform_0_1,gemv,raw_fp64,64,11,52,fp64,natural,thread_packet,8,128,1,1,8,none,raw,natural/thread_packet/x8/raw,16384,1024,1024,134348800,134348800,0,1024,256,10,3,183,14.59340763092041,0.079745396890275461,4110.2963092903155,1
2026-08-15T18:28:55Z,NVIDIA H200 NVL,full,uniform_0_1,gemv,raw_fp64,64,11,52,fp64,natural,thread_packet,8,128,1,1,8,none,raw,natural/thread_packet/x8/raw,16384,1024,1024,134348800,134348800,0,1024,256,10,4,183,14.590815544128418,0.079731232481576056,4110.2963092903155,1
2026-08-15T18:28:55Z,NVIDIA H200 NVL,full,uniform_0_1,gemv,raw_fp64,64,11,52,fp64,natural,thread_packet,8,128,1,1,8,none,raw,natural/thread_packet/x8/raw,65536,1024,1024,537395200,537395200,0,1024,256,10,0,50,15.087743759155273,0.30175487518310545,16361.329375903359,1
2026-08-15T18:28:55Z,NVIDIA H200 NVL,full,uniform_0_1,gemv,raw_fp64,64,11,52,fp64,natural,thread_packet,8,128,1,1,8,none,raw,natural/thread_packet/x8/raw,65536,1024,1024,537395200,537395200,0,1024,256,10,1,50,15.053888320922852,0.30107776641845702,16361.329375903359,1
2026-08-15T18:28:55Z,NVIDIA H200 NVL,full,uniform_0_1,gemv,raw_fp64,64,11,52,fp64,natural,thread_packet,8,128,1,1,8,none,raw,natural/thread_packet/x8/raw,65536,1024,1024,537395200,537395200,0,1024,256,10,2,50,15.046688079833984,0.30093376159667967,16361.329375903359,1
2026-08-15T18:28:55Z,NVIDIA H200 NVL,full,uniform_0_1,gemv,raw_fp64,64,11,52,fp64,natural,thread_packet,8,128,1,1,8,none,raw,natural/thread_packet/x8/raw,65536,1024,1024,537395200,537395200,0,1024,256,10,3,50,15.05840015411377,0.30116800308227537,16361.329375903359,1
2026-08-15T18:28:55Z,NVIDIA H200 NVL,full,uniform_0_1,gemv,raw_fp64,64,11,52,fp64,natural,thread_packet,8,128,1,1,8,none,raw,natural/thread_packet/x8/raw,65536,1024,1024,537395200,537395200,0,1024,256,10,4,50,15.091232299804688,0.30182464599609377,16361.329375903359,1
2026-08-15T18:28:55Z,NVIDIA H200 NVL,full,normal_0_1,dot,raw_fp32,32,8,23,fp32,natural,scalar,1,32,1,1,1,none,raw,natural/scalar/x1/raw,4096,0,1,32768,32768,0,16,256,10,0,1946,9.3882236480712891,0.0048243698088752769,32.916206359863281,1
2026-08-15T18:28:55Z,NVIDIA H200 NVL,full,normal_0_1,dot,raw_fp32,32,8,23,fp32,natural,scalar,1,32,1,1,1,none,raw,natural/scalar/x1/raw,4096,0,1,32768,32768,0,16,256,10,1,1946,9.3901119232177734,0.0048253401455384242,32.916206359863281,1
2026-08-15T18:28:55Z,NVIDIA H200 NVL,full,normal_0_1,dot,raw_fp32,32,8,23,fp32,natural,scalar,1,32,1,1,1,none,raw,natural/scalar/x1/raw,4096,0,1,32768,32768,0,16,256,10,2,1946,9.3862724304199219,0.0048233671276566919,32.916206359863281,1
2026-08-15T18:28:55Z,NVIDIA H200 NVL,full,normal_0_1,dot,raw_fp32,32,8,23,fp32,natural,scalar,1,32,1,1,1,none,raw,natural/scalar/x1/raw,4096,0,1,32768,32768,0,16,256,10,3,1946,9.3880643844604492,0.0048242879673486378,32.916206359863281,1
2026-08-15T18:28:55Z,NVIDIA H200 NVL,full,normal_0_1,dot,raw_fp32,32,8,23,fp32,natural,scalar,1,32,1,1,1,none,raw,natural/scalar/x1/raw,4096,0,1,32768,32768,0,16,256,10,4,1946,9.3855676651000977,0.0048230049666495873,32.916206359863281,1
2026-08-15T18:28:55Z,NVIDIA H200 NVL,full,normal_0_1,dot,raw_fp32,32,8,23,fp32,natural,scalar,1,32,1,1,1,none,raw,natural/scalar/x1/raw,65536,0,1,524288,524288,0,256,256,10,0,2122,10.766528129577637,0.005073764434296719,424.98861694335938,1
2026-08-15T18:28:55Z,NVIDIA H200 NVL,full,normal_0_1,dot,raw_fp32,32,8,23,fp32,natural,scalar,1,32,1,1,1,none,raw,natural/scalar/x1/raw,65536,0,1,524288,524288,0,256,256,10,1,2122,10.763839721679688,0.0050724975125728969,424.98861694335938,1
2026-08-15T18:28:55Z,NVIDIA H200 NVL,full,normal_0_1,dot,raw_fp32,32,8,23,fp32,natural,scalar,1,32,1,1,1,none,raw,natural/scalar/x1/raw,65536,0,1,524288,524288,0,256,256,10,2,2122,10.763808250427246,0.0050724826816339521,424.98861694335938,1
2026-08-15T18:28:55Z,NVIDIA H200 NVL,full,normal_0_1,dot,raw_fp32,32,8,23,fp32,natural,scalar,1,32,1,1,1,none,raw,natural/scalar/x1/raw,65536,0,1,524288,524288,0,256,256,10,3,2122,10.763744354248047,0.0050724525703336699,424.98861694335938,1
2026-08-15T18:28:55Z,NVIDIA H200 NVL,full,normal_0_1,dot,raw_fp32,32,8,23,fp32,natural,scalar,1,32,1,1,1,none,raw,natural/scalar/x1/raw,65536,0,1,524288,524288,0,256,256,10,4,2122,10.762847900390625,0.0050720301132849317,424.98861694335938,1
2026-08-15T18:28:55Z,NVIDIA H200 NVL,full,normal_0_1,dot,raw_fp32,32,8,23,fp32,natural,scalar,1,32,1,1,1,none,raw,natural/scalar/x1/raw,1048576,0,1,8388608,8388608,0,512,256,10,0,1595,11.207551956176758,0.0070266783424305689,-1214.739990234375,1
2026-08-15T18:28:55Z,NVIDIA H200 NVL,full,normal_0_1,dot,raw_fp32,32,8,23,fp32,natural,scalar,1,32,1,1,1,none,raw,natural/scalar/x1/raw,1048576,0,1,8388608,8388608,0,512,256,10,1,1595,11.216192245483398,0.0070320954517137293,-1214.739990234375,1
2026-08-15T18:28:55Z,NVIDIA H200 NVL,full,normal_0_1,dot,raw_fp32,32,8,23,fp32,natural,scalar,1,32,1,1,1,none,raw,natural/scalar/x1/raw,1048576,0,1,8388608,8388608,0,512,256,10,2,1595,11.214271545410156,0.0070308912510408505,-1214.739990234375,1
2026-08-15T18:28:55Z,NVIDIA H200 NVL,full,normal_0_1,dot,raw_fp32,32,8,23,fp32,natural,scalar,1,32,1,1,1,none,raw,natural/scalar/x1/raw,1048576,0,1,8388608,8388608,0,512,256,10,3,1595,11.219903945922852,0.0070344225366287469,-1214.739990234375,1
2026-08-15T18:28:55Z,NVIDIA H200 NVL,full,normal_0_1,dot,raw_fp32,32,8,23,fp32,natural,scalar,1,32,1,1,1,none,raw,natural/scalar/x1/raw,1048576,0,1,8388608,8388608,0,512,256,10,4,1595,11.220224380493164,0.0070346234360458707,-1214.739990234375,1
2026-08-15T18:28:55Z,NVIDIA H200 NVL,full,normal_0_1,dot,raw_fp32,32,8,23,fp32,natural,scalar,1,32,1,1,1,none,raw,natural/scalar/x1/raw,16777216,0,1,134217728,134217728,0,512,256,10,0,212,14.89078426361084,0.070239548413258676,-2896.154296875,1
2026-08-15T18:28:55Z,NVIDIA H200 NVL,full,normal_0_1,dot,raw_fp32,32,8,23,fp32,natural,scalar,1,32,1,1,1,none,raw,natural/scalar/x1/raw,16777216,0,1,134217728,134217728,0,512,256,10,1,212,14.897184371948242,0.070269737603529447,-2896.154296875,1
2026-08-15T18:28:55Z,NVIDIA H200 NVL,full,normal_0_1,dot,raw_fp32,32,8,23,fp32,natural,scalar,1,32,1,1,1,none,raw,natural/scalar/x1/raw,16777216,0,1,134217728,134217728,0,512,256,10,2,212,14.902112007141113,0.070292981165759966,-2896.154296875,1
2026-08-15T18:28:55Z,NVIDIA H200 NVL,full,normal_0_1,dot,raw_fp32,32,8,23,fp32,natural,scalar,1,32,1,1,1,none,raw,natural/scalar/x1/raw,16777216,0,1,134217728,134217728,0,512,256,10,3,212,14.904128074645996,0.070302490918141489,-2896.154296875,1
2026-08-15T18:28:55Z,NVIDIA H200 NVL,full,normal_0_1,dot,raw_fp32,32,8,23,fp32,natural,scalar,1,32,1,1,1,none,raw,natural/scalar/x1/raw,16777216,0,1,134217728,134217728,0,512,256,10,4,212,14.902112007141113,0.070292981165759966,-2896.154296875,1
2026-08-15T18:28:55Z,NVIDIA H200 NVL,full,normal_0_1,dot,raw_fp32,32,8,23,fp32,natural,scalar,1,32,1,1,1,none,raw,natural/scalar/x1/raw,134217728,0,1,1073741824,1073741824,0,512,256,10,0,30,15.113247871398926,0.5037749290466309,13110.0732421875,1
2026-08-15T18:28:55Z,NVIDIA H200 NVL,full,normal_0_1,dot,raw_fp32,32,8,23,fp32,natural,scalar,1,32,1,1,1,none,raw,natural/scalar/x1/raw,134217728,0,1,1073741824,1073741824,0,512,256,10,1,30,15.117504119873047,0.50391680399576821,13110.0732421875,1
2026-08-15T18:28:55Z,NVIDIA H200 NVL,full,normal_0_1,dot,raw_fp32,32,8,23,fp32,natural,scalar,1,32,1,1,1,none,raw,natural/scalar/x1/raw,134217728,0,1,1073741824,1073741824,0,512,256,10,2,30,15.112607955932617,0.50375359853108725,13110.0732421875,1
2026-08-15T18:28:55Z,NVIDIA H200 NVL,full,normal_0_1,dot,raw_fp32,32,8,23,fp32,natural,scalar,1,32,1,1,1,none,raw,natural/scalar/x1/raw,134217728,0,1,1073741824,1073741824,0,512,256,10,3,30,15.113887786865234,0.50379625956217444,13110.0732421875,1
2026-08-15T18:28:55Z,NVIDIA H200 NVL,full,normal_0_1,dot,raw_fp32,32,8,23,fp32,natural,scalar,1,32,1,1,1,none,raw,natural/scalar/x1/raw,134217728,0,1,1073741824,1073741824,0,512,256,10,4,30,15.10159969329834,0.50338665644327796,13110.0732421875,1
2026-08-15T18:28:55Z,NVIDIA H200 NVL,full,normal_0_1,gemv,raw_fp32,32,8,23,fp32,natural,scalar,1,32,1,1,1,none,raw,natural/scalar/x1/raw,256,1024,1024,1049600,1049600,0,1024,256,10,0,2507,9.1396484375,0.0036456515506581573,18.843532562255859,1
2026-08-15T18:28:55Z,NVIDIA H200 NVL,full,normal_0_1,gemv,raw_fp32,32,8,23,fp32,natural,scalar,1,32,1,1,1,none,raw,natural/scalar/x1/raw,256,1024,1024,1049600,1049600,0,1024,256,10,1,2507,9.1340484619140625,0.0036434178148839497,18.843532562255859,1
2026-08-15T18:28:55Z,NVIDIA H200 NVL,full,normal_0_1,gemv,raw_fp32,32,8,23,fp32,natural,scalar,1,32,1,1,1,none,raw,natural/scalar/x1/raw,256,1024,1024,1049600,1049600,0,1024,256,10,2,2507,9.1369924545288086,0.0036445921238647022,18.843532562255859,1
2026-08-15T18:28:55Z,NVIDIA H200 NVL,full,normal_0_1,gemv,raw_fp32,32,8,23,fp32,natural,scalar,1,32,1,1,1,none,raw,natural/scalar/x1/raw,256,1024,1024,1049600,1049600,0,1024,256,10,3,2507,9.1407041549682617,0.0036460726585433832,18.843532562255859,1
2026-08-15T18:28:55Z,NVIDIA H200 NVL,full,normal_0_1,gemv,raw_fp32,32,8,23,fp32,natural,scalar,1,32,1,1,1,none,raw,natural/scalar/x1/raw,256,1024,1024,1049600,1049600,0,1024,256,10,4,2507,9.1374082565307617,0.0036447579802675557,18.843532562255859,1
2026-08-15T18:28:55Z,NVIDIA H200 NVL,full,normal_0_1,gemv,raw_fp32,32,8,23,fp32,natural,scalar,1,32,1,1,1,none,raw,natural/scalar/x1/raw,1024,1024,1024,4198400,4198400,0,1024,256,10,0,2298,10.056768417358398,0.0043763134975449954,17.024106979370117,1
2026-08-15T18:28:55Z,NVIDIA H200 NVL,full,normal_0_1,gemv,raw_fp32,32,8,23,fp32,natural,scalar,1,32,1,1,1,none,raw,natural/scalar/x1/raw,1024,1024,1024,4198400,4198400,0,1024,256,10,1,2298,10.053407669067383,0.0043748510309257541,17.024106979370117,1
2026-08-15T18:28:55Z,NVIDIA H200 NVL,full,normal_0_1,gemv,raw_fp32,32,8,23,fp32,natural,scalar,1,32,1,1,1,none,raw,natural/scalar/x1/raw,1024,1024,1024,4198400,4198400,0,1024,256,10,2,2298,10.043583869934082,0.004370576096577059,17.024106979370117,1
2026-08-15T18:28:55Z,NVIDIA H200 NVL,full,normal_0_1,gemv,raw_fp32,32,8,23,fp32,natural,scalar,1,32,1,1,1,none,raw,natural/scalar/x1/raw,1024,1024,1024,4198400,4198400,0,1024,256,10,3,2298,10.053440093994141,0.004374865140989617,17.024106979370117,1
2026-08-15T18:28:55Z,NVIDIA H200 NVL,full,normal_0_1,gemv,raw_fp32,32,8,23,fp32,natural,scalar,1,32,1,1,1,none,raw,natural/scalar/x1/raw,1024,1024,1024,4198400,4198400,0,1024,256,10,4,2298,10.055647850036621,0.0043758258703379552,17.024106979370117,1
2026-08-15T18:28:55Z,NVIDIA H200 NVL,full,normal_0_1,gemv,raw_fp32,32,8,23,fp32,natural,scalar,1,32,1,1,1,none,raw,natural/scalar/x1/raw,4096,1024,1024,16793600,16793600,0,1024,256,10,0,1611,11.419743537902832,0.0070886055480464507,32.916213989257812,1
2026-08-15T18:28:55Z,NVIDIA H200 NVL,full,normal_0_1,gemv,raw_fp32,32,8,23,fp32,natural,scalar,1,32,1,1,1,none,raw,natural/scalar/x1/raw,4096,1024,1024,16793600,16793600,0,1024,256,10,1,1611,11.417247772216797,0.007087056345261823,32.916213989257812,1
2026-08-15T18:28:55Z,NVIDIA H200 NVL,full,normal_0_1,gemv,raw_fp32,32,8,23,fp32,natural,scalar,1,32,1,1,1,none,raw,natural/scalar/x1/raw,4096,1024,1024,16793600,16793600,0,1024,256,10,2,1611,11.414688110351562,0.0070854674800444216,32.916213989257812,1
2026-08-15T18:28:55Z,NVIDIA H200 NVL,full,normal_0_1,gemv,raw_fp32,32,8,23,fp32,natural,scalar,1,32,1,1,1,none,raw,natural/scalar/x1/raw,4096,1024,1024,16793600,16793600,0,1024,256,10,3,1611,11.408448219299316,0.0070815941770945474,32.916213989257812,1
2026-08-15T18:28:55Z,NVIDIA H200 NVL,full,normal_0_1,gemv,raw_fp32,32,8,23,fp32,natural,scalar,1,32,1,1,1,none,raw,natural/scalar/x1/raw,4096,1024,1024,16793600,16793600,0,1024,256,10,4,1611,11.410816192626953,0.0070830640550136274,32.916213989257812,1
2026-08-15T18:28:55Z,NVIDIA H200 NVL,full,normal_0_1,gemv,raw_fp32,32,8,23,fp32,natural,scalar,1,32,1,1,1,none,raw,natural/scalar/x1/raw,16384,1024,1024,67174400,67174400,0,1024,256,10,0,431,14.664928436279297,0.034025356000648023,14.335777282714844,1
2026-08-15T18:28:55Z,NVIDIA H200 NVL,full,normal_0_1,gemv,raw_fp32,32,8,23,fp32,natural,scalar,1,32,1,1,1,none,raw,natural/scalar/x1/raw,16384,1024,1024,67174400,67174400,0,1024,256,10,1,431,14.684608459472656,0.034071017307361152,14.335777282714844,1
2026-08-15T18:28:55Z,NVIDIA H200 NVL,full,normal_0_1,gemv,raw_fp32,32,8,23,fp32,natural,scalar,1,32,1,1,1,none,raw,natural/scalar/x1/raw,16384,1024,1024,67174400,67174400,0,1024,256,10,2,431,14.683199882507324,0.03406774914734878,14.335777282714844,1
2026-08-15T18:28:55Z,NVIDIA H200 NVL,full,normal_0_1,gemv,raw_fp32,32,8,23,fp32,natural,scalar,1,32,1,1,1,none,raw,natural/scalar/x1/raw,16384,1024,1024,67174400,67174400,0,1024,256,10,3,431,14.688032150268555,0.03407896090549549,14.335777282714844,1
2026-08-15T18:28:55Z,NVIDIA H200 NVL,full,normal_0_1,gemv,raw_fp32,32,8,23,fp32,natural,scalar,1,32,1,1,1,none,raw,natural/scalar/x1/raw,16384,1024,1024,67174400,67174400,0,1024,256,10,4,431,14.690784454345703,0.034085346761822975,14.335777282714844,1
2026-08-15T18:28:55Z,NVIDIA H200 NVL,full,normal_0_1,gemv,raw_fp32,32,8,23,fp32,natural,scalar,1,32,1,1,1,none,raw,natural/scalar/x1/raw,65536,1024,1024,268697600,268697600,0,1024,256,10,0,123,14.954400062561035,0.12158048831350435,424.98876953125,1
2026-08-15T18:28:55Z,NVIDIA H200 NVL,full,normal_0_1,gemv,raw_fp32,32,8,23,fp32,natural,scalar,1,32,1,1,1,none,raw,natural/scalar/x1/raw,65536,1024,1024,268697600,268697600,0,1024,256,10,1,123,14.931167602539062,0.12139160652470783,424.98876953125,1
2026-08-15T18:28:55Z,NVIDIA H200 NVL,full,normal_0_1,gemv,raw_fp32,32,8,23,fp32,natural,scalar,1,32,1,1,1,none,raw,natural/scalar/x1/raw,65536,1024,1024,268697600,268697600,0,1024,256,10,2,123,14.905055999755859,0.12117931707118584,424.98876953125,1
2026-08-15T18:28:55Z,NVIDIA H200 NVL,full,normal_0_1,gemv,raw_fp32,32,8,23,fp32,natural,scalar,1,32,1,1,1,none,raw,natural/scalar/x1/raw,65536,1024,1024,268697600,268697600,0,1024,256,10,3,123,14.901472091674805,0.12115017960711223,424.98876953125,1
2026-08-15T18:28:55Z,NVIDIA H200 NVL,full,normal_0_1,gemv,raw_fp32,32,8,23,fp32,natural,scalar,1,32,1,1,1,none,raw,natural/scalar/x1/raw,65536,1024,1024,268697600,268697600,0,1024,256,10,4,123,14.898048400878906,0.12112234472259273,424.98876953125,1
2026-08-15T18:28:55Z,NVIDIA H200 NVL,full,normal_0_1,dot,raw_fp32,32,8,23,fp32,natural,thread_packet,2,64,1,1,2,none,raw,natural/thread_packet/x2/raw,4096,0,1,32768,32768,0,8,256,10,0,2212,10.671744346618652,0.0048244775527209096,32.916213989257812,1
2026-08-15T18:28:55Z,NVIDIA H200 NVL,full,normal_0_1,dot,raw_fp32,32,8,23,fp32,natural,thread_packet,2,64,1,1,2,none,raw,natural/thread_packet/x2/raw,4096,0,1,32768,32768,0,8,256,10,1,2212,10.671232223510742,0.0048242460323285451,32.916213989257812,1
2026-08-15T18:28:55Z,NVIDIA H200 NVL,full,normal_0_1,dot,raw_fp32,32,8,23,fp32,natural,thread_packet,2,64,1,1,2,none,raw,natural/thread_packet/x2/raw,4096,0,1,32768,32768,0,8,256,10,2,2212,10.67024040222168,0.0048237976501906326,32.916213989257812,1
2026-08-15T18:28:55Z,NVIDIA H200 NVL,full,normal_0_1,dot,raw_fp32,32,8,23,fp32,natural,thread_packet,2,64,1,1,2,none,raw,natural/thread_packet/x2/raw,4096,0,1,32768,32768,0,8,256,10,3,2212,10.669792175292969,0.0048235950159552302,32.916213989257812,1
2026-08-15T18:28:55Z,NVIDIA H200 NVL,full,normal_0_1,dot,raw_fp32,32,8,23,fp32,natural,thread_packet,2,64,1,1,2,none,raw,natural/thread_packet/x2/raw,4096,0,1,32768,32768,0,8,256,10,4,2212,10.668543815612793,0.0048230306580527996,32.916213989257812,1
2026-08-15T18:28:55Z,NVIDIA H200 NVL,full,normal_0_1,dot,raw_fp32,32,8,23,fp32,natural,thread_packet,2,64,1,1,2,none,raw,natural/thread_packet/x2/raw,65536,0,1,524288,524288,0,128,256,10,0,2103,10.650303840637207,0.0050643384881774644,424.98867797851562,1
2026-08-15T18:28:55Z,NVIDIA H200 NVL,full,normal_0_1,dot,raw_fp32,32,8,23,fp32,natural,thread_packet,2,64,1,1,2,none,raw,natural/thread_packet/x2/raw,65536,0,1,524288,524288,0,128,256,10,1,2103,10.649791717529297,0.0050640949679169271,424.98867797851562,1
2026-08-15T18:28:55Z,NVIDIA H200 NVL,full,normal_0_1,dot,raw_fp32,32,8,23,fp32,natural,thread_packet,2,64,1,1,2,none,raw,natural/thread_packet/x2/raw,65536,0,1,524288,524288,0,128,256,10,2,2103,10.652288436889648,0.0050652821858723955,424.98867797851562,1
2026-08-15T18:28:55Z,NVIDIA H200 NVL,full,normal_0_1,dot,raw_fp32,32,8,23,fp32,natural,thread_packet,2,64,1,1,2,none,raw,natural/thread_packet/x2/raw,65536,0,1,524288,524288,0,128,256,10,3,2103,10.65056037902832,0.00506446047504913,424.98867797851562,1
2026-08-15T18:28:55Z,NVIDIA H200 NVL,full,normal_0_1,dot,raw_fp32,32,8,23,fp32,natural,thread_packet,2,64,1,1,2,none,raw,natural/thread_packet/x2/raw,65536,0,1,524288,524288,0,128,256,10,4,2103,10.653152465820312,0.0050656930412840287,424.98867797851562,1
2026-08-15T18:28:55Z,NVIDIA H200 NVL,full,normal_0_1,dot,raw_fp32,32,8,23,fp32,natural,thread_packet,2,64,1,1,2,none,raw,natural/thread_packet/x2/raw,1048576,0,1,8388608,8388608,0,512,256,10,0,1776,11.667903900146484,0.0065697657095419391,-1214.7396240234375,1
2026-08-15T18:28:55Z,NVIDIA H200 NVL,full,normal_0_1,dot,raw_fp32,32,8,23,fp32,natural,thread_packet,2,64,1,1,2,none,raw,natural/thread_packet/x2/raw,1048576,0,1,8388608,8388608,0,512,256,10,1,1776,11.66703987121582,0.0065692792067656644,-1214.7396240234375,1
2026-08-15T18:28:55Z,NVIDIA H200 NVL,full,normal_0_1,dot,raw_fp32,32,8,23,fp32,natural,thread_packet,2,64,1,1,2,none,raw,natural/thread_packet/x2/raw,1048576,0,1,8388608,8388608,0,512,256,10,2,1776,11.668928146362305,0.0065703424247535499,-1214.7396240234375,1
2026-08-15T18:28:55Z,NVIDIA H200 NVL,full,normal_0_1,dot,raw_fp32,32,8,23,fp32,natural,thread_packet,2,64,1,1,2,none,raw,natural/thread_packet/x2/raw,1048576,0,1,8388608,8388608,0,512,256,10,3,1776,11.669792175292969,0.0065708289275298246,-1214.7396240234375,1
2026-08-15T18:28:55Z,NVIDIA H200 NVL,full,normal_0_1,dot,raw_fp32,32,8,23,fp32,natural,thread_packet,2,64,1,1,2,none,raw,natural/thread_packet/x2/raw,1048576,0,1,8388608,8388608,0,512,256,10,4,1776,11.670368194580078,0.0065711532627140083,-1214.7396240234375,1
2026-08-15T18:28:55Z,NVIDIA H200 NVL,full,normal_0_1,dot,raw_fp32,32,8,23,fp32,natural,thread_packet,2,64,1,1,2,none,raw,natural/thread_packet/x2/raw,16777216,0,1,134217728,134217728,0,512,256,10,0,319,14.509792327880859,0.045485242407150031,-2896.156005859375,1
2026-08-15T18:28:55Z,NVIDIA H200 NVL,full,normal_0_1,dot,raw_fp32,32,8,23,fp32,natural,thread_packet,2,64,1,1,2,none,raw,natural/thread_packet/x2/raw,16777216,0,1,134217728,134217728,0,512,256,10,1,319,14.497632026672363,0.045447122340665717,-2896.156005859375,1
2026-08-15T18:28:55Z,NVIDIA H200 NVL,full,normal_0_1,dot,raw_fp32,32,8,23,fp32,natural,thread_packet,2,64,1,1,2,none,raw,natural/thread_packet/x2/raw,16777216,0,1,134217728,134217728,0,512,256,10,2,319,14.498016357421875,0.045448327139253529,-2896.156005859375,1
2026-08-15T18:28:55Z,NVIDIA H200 NVL,full,normal_0_1,dot,raw_fp32,32,8,23,fp32,natural,thread_packet,2,64,1,1,2,none,raw,natural/thread_packet/x2/raw,16777216,0,1,134217728,134217728,0,512,256,10,3,319,14.498944282531738,0.045451235995397299,-2896.156005859375,1
2026-08-15T18:28:55Z,NVIDIA H200 NVL,full,normal_0_1,dot,raw_fp32,32,8,23,fp32,natural,thread_packet,2,64,1,1,2,none,raw,natural/thread_packet/x2/raw,16777216,0,1,134217728,134217728,0,512,256,10,4,319,14.498623847961426,0.045450231498311677,-2896.156005859375,1
2026-08-15T18:28:55Z,NVIDIA H200 NVL,full,normal_0_1,dot,raw_fp32,32,8,23,fp32,natural,thread_packet,2,64,1,1,2,none,raw,natural/thread_packet/x2/raw,134217728,0,1,1073741824,1073741824,0,512,256,10,0,49,15.010720252990723,0.30634122965287192,13110.080078125,1
2026-08-15T18:28:55Z,NVIDIA H200 NVL,full,normal_0_1,dot,raw_fp32,32,8,23,fp32,natural,thread_packet,2,64,1,1,2,none,raw,natural/thread_packet/x2/raw,134217728,0,1,1073741824,1073741824,0,512,256,10,1,49,15.019840240478516,0.30652735184650032,13110.080078125,1
2026-08-15T18:28:55Z,NVIDIA H200 NVL,full,normal_0_1,dot,raw_fp32,32,8,23,fp32,natural,thread_packet,2,64,1,1,2,none,raw,natural/thread_packet/x2/raw,134217728,0,1,1073741824,1073741824,0,512,256,10,2,49,15.010784149169922,0.30634253365652903,13110.080078125,1
2026-08-15T18:28:55Z,NVIDIA H200 NVL,full,normal_0_1,dot,raw_fp32,32,8,23,fp32,natural,thread_packet,2,64,1,1,2,none,raw,natural/thread_packet/x2/raw,134217728,0,1,1073741824,1073741824,0,512,256,10,3,49,15.024288177490234,0.30661812607122929,13110.080078125,1
2026-08-15T18:28:55Z,NVIDIA H200 NVL,full,normal_0_1,dot,raw_fp32,32,8,23,fp32,natural,thread_packet,2,64,1,1,2,none,raw,natural/thread_packet/x2/raw,134217728,0,1,1073741824,1073741824,0,512,256,10,4,49,15.016672134399414,0.30646269662039621,13110.080078125,1
2026-08-15T18:28:55Z,NVIDIA H200 NVL,full,normal_0_1,gemv,raw_fp32,32,8,23,fp32,natural,thread_packet,2,64,1,1,2,none,raw,natural/thread_packet/x2/raw,256,1024,1024,1049600,1049600,0,1024,256,10,0,2664,9.6560001373291016,0.0036246246761745876,18.843532562255859,1
2026-08-15T18:28:55Z,NVIDIA H200 NVL,full,normal_0_1,gemv,raw_fp32,32,8,23,fp32,natural,thread_packet,2,64,1,1,2,none,raw,natural/thread_packet/x2/raw,256,1024,1024,1049600,1049600,0,1024,256,10,1,2664,9.6615676879882812,0.0036267145975931985,18.843532562255859,1
2026-08-15T18:28:55Z,NVIDIA H200 NVL,full,normal_0_1,gemv,raw_fp32,32,8,23,fp32,natural,thread_packet,2,64,1,1,2,none,raw,natural/thread_packet/x2/raw,256,1024,1024,1049600,1049600,0,1024,256,10,2,2664,9.6664962768554688,0.0036285646684892899,18.843532562255859,1
2026-08-15T18:28:55Z,NVIDIA H200 NVL,full,normal_0_1,gemv,raw_fp32,32,8,23,fp32,natural,thread_packet,2,64,1,1,2,none,raw,natural/thread_packet/x2/raw,256,1024,1024,1049600,1049600,0,1024,256,10,3,2664,9.6677436828613281,0.003629032913986985,18.843532562255859,1
2026-08-15T18:28:55Z,NVIDIA H200 NVL,full,normal_0_1,gemv,raw_fp32,32,8,23,fp32,natural,thread_packet,2,64,1,1,2,none,raw,natural/thread_packet/x2/raw,256,1024,1024,1049600,1049600,0,1024,256,10,4,2664,9.6632003784179688,0.0036273274693761144,18.843532562255859,1
2026-08-15T18:28:55Z,NVIDIA H200 NVL,full,normal_0_1,gemv,raw_fp32,32,8,23,fp32,natural,thread_packet,2,64,1,1,2,none,raw,natural/thread_packet/x2/raw,1024,1024,1024,4198400,4198400,0,1024,256,10,0,2333,9.8248958587646484,0.0042112712639368402,17.024105072021484,1
2026-08-15T18:28:55Z,NVIDIA H200 NVL,full,normal_0_1,gemv,raw_fp32,32,8,23,fp32,natural,thread_packet,2,64,1,1,2,none,raw,natural/thread_packet/x2/raw,1024,1024,1024,4198400,4198400,0,1024,256,10,1,2333,9.8213443756103516,0.0042097489822590451,17.024105072021484,1
2026-08-15T18:28:55Z,NVIDIA H200 NVL,full,normal_0_1,gemv,raw_fp32,32,8,23,fp32,natural,thread_packet,2,64,1,1,2,none,raw,natural/thread_packet/x2/raw,1024,1024,1024,4198400,4198400,0,1024,256,10,2,2333,9.8217601776123047,0.0042099272085779271,17.024105072021484,1
2026-08-15T18:28:55Z,NVIDIA H200 NVL,full,normal_0_1,gemv,raw_fp32,32,8,23,fp32,natural,thread_packet,2,64,1,1,2,none,raw,natural/thread_packet/x2/raw,1024,1024,1024,4198400,4198400,0,1024,256,10,3,2333,9.8365440368652344,0.0042162640535213175,17.024105072021484,1
2026-08-15T18:28:55Z,NVIDIA H200 NVL,full,normal_0_1,gemv,raw_fp32,32,8,23,fp32,natural,thread_packet,2,64,1,1,2,none,raw,natural/thread_packet/x2/raw,1024,1024,1024,4198400,4198400,0,1024,256,10,4,2333,9.8409919738769531,0.0042181705846022089,17.024105072021484,1
2026-08-15T18:28:55Z,NVIDIA H200 NVL,full,normal_0_1,gemv,raw_fp32,32,8,23,fp32,natural,thread_packet,2,64,1,1,2,none,raw,natural/thread_packet/x2/raw,4096,1024,1024,16793600,16793600,0,1024,256,10,0,1790,11.347840309143066,0.0063395755917000371,32.916217803955078,1
2026-08-15T18:28:55Z,NVIDIA H200 NVL,full,normal_0_1,gemv,raw_fp32,32,8,23,fp32,natural,thread_packet,2,64,1,1,2,none,raw,natural/thread_packet/x2/raw,4096,1024,1024,16793600,16793600,0,1024,256,10,1,1790,11.345919609069824,0.0063385025748993427,32.916217803955078,1
2026-08-15T18:28:55Z,NVIDIA H200 NVL,full,normal_0_1,gemv,raw_fp32,32,8,23,fp32,natural,thread_packet,2,64,1,1,2,none,raw,natural/thread_packet/x2/raw,4096,1024,1024,16793600,16793600,0,1024,256,10,2,1790,11.33619213104248,0.0063330682296326704,32.916217803955078,1
2026-08-15T18:28:55Z,NVIDIA H200 NVL,full,normal_0_1,gemv,raw_fp32,32,8,23,fp32,natural,thread_packet,2,64,1,1,2,none,raw,natural/thread_packet/x2/raw,4096,1024,1024,16793600,16793600,0,1024,256,10,3,1790,11.336544036865234,0.006333264825064377,32.916217803955078,1
2026-08-15T18:28:55Z,NVIDIA H200 NVL,full,normal_0_1,gemv,raw_fp32,32,8,23,fp32,natural,thread_packet,2,64,1,1,2,none,raw,natural/thread_packet/x2/raw,4096,1024,1024,16793600,16793600,0,1024,256,10,4,1790,11.369888305664062,0.0063518929081922137,32.916217803955078,1
2026-08-15T18:28:55Z,NVIDIA H200 NVL,full,normal_0_1,gemv,raw_fp32,32,8,23,fp32,natural,thread_packet,2,64,1,1,2,none,raw,natural/thread_packet/x2/raw,16384,1024,1024,67174400,67174400,0,1024,256,10,0,610,14.448320388793945,0.023685771129170401,14.335807800292969,1
2026-08-15T18:28:55Z,NVIDIA H200 NVL,full,normal_0_1,gemv,raw_fp32,32,8,23,fp32,natural,thread_packet,2,64,1,1,2,none,raw,natural/thread_packet/x2/raw,16384,1024,1024,67174400,67174400,0,1024,256,10,1,610,14.438240051269531,0.023669245985687756,14.335807800292969,1
2026-08-15T18:28:55Z,NVIDIA H200 NVL,full,normal_0_1,gemv,raw_fp32,32,8,23,fp32,natural,thread_packet,2,64,1,1,2,none,raw,natural/thread_packet/x2/raw,16384,1024,1024,67174400,67174400,0,1024,256,10,2,610,14.441375732421875,0.023674386446593237,14.335807800292969,1
2026-08-15T18:28:55Z,NVIDIA H200 NVL,full,normal_0_1,gemv,raw_fp32,32,8,23,fp32,natural,thread_packet,2,64,1,1,2,none,raw,natural/thread_packet/x2/raw,16384,1024,1024,67174400,67174400,0,1024,256,10,3,610,14.434432029724121,0.023663003327416592,14.335807800292969,1
2026-08-15T18:28:55Z,NVIDIA H200 NVL,full,normal_0_1,gemv,raw_fp32,32,8,23,fp32,natural,thread_packet,2,64,1,1,2,none,raw,natural/thread_packet/x2/raw,16384,1024,1024,67174400,67174400,0,1024,256,10,4,610,14.427007675170898,0.023650832254378522,14.335807800292969,1
2026-08-15T18:28:55Z,NVIDIA H200 NVL,full,normal_0_1,gemv,raw_fp32,32,8,23,fp32,natural,thread_packet,2,64,1,1,2,none,raw,natural/thread_packet/x2/raw,65536,1024,1024,268697600,268697600,0,1024,256,10,0,180,14.556639671325684,0.0808702203962538,424.98867797851562,1
2026-08-15T18:28:55Z,NVIDIA H200 NVL,full,normal_0_1,gemv,raw_fp32,32,8,23,fp32,natural,thread_packet,2,64,1,1,2,none,raw,natural/thread_packet/x2/raw,65536,1024,1024,268697600,268697600,0,1024,256,10,1,180,14.567968368530273,0.080933157602945963,424.98867797851562,1
2026-08-15T18:28:55Z,NVIDIA H200 NVL,full,normal_0_1,gemv,raw_fp32,32,8,23,fp32,natural,thread_packet,2,64,1,1,2,none,raw,natural/thread_packet/x2/raw,65536,1024,1024,268697600,268697600,0,1024,256,10,2,180,14.561856269836426,0.080899201499091258,424.98867797851562,1
2026-08-15T18:28:55Z,NVIDIA H200 NVL,full,normal_0_1,gemv,raw_fp32,32,8,23,fp32,natural,thread_packet,2,64,1,1,2,none,raw,natural/thread_packet/x2/raw,65536,1024,1024,268697600,268697600,0,1024,256,10,3,180,14.555295944213867,0.080862755245632592,424.98867797851562,1
2026-08-15T18:28:55Z,NVIDIA H200 NVL,full,normal_0_1,gemv,raw_fp32,32,8,23,fp32,natural,thread_packet,2,64,1,1,2,none,raw,natural/thread_packet/x2/raw,65536,1024,1024,268697600,268697600,0,1024,256,10,4,180,14.549823760986328,0.080832354227701825,424.98867797851562,1
2026-08-15T18:28:55Z,NVIDIA H200 NVL,full,normal_0_1,dot,raw_fp32,32,8,23,fp32,natural,thread_packet,4,128,1,1,4,none,raw,natural/thread_packet/x4/raw,4096,0,1,32768,32768,0,4,256,10,0,2171,10.743743896484375,0.00494875352210243,32.916213989257812,1
2026-08-15T18:28:55Z,NVIDIA H200 NVL,full,normal_0_1,dot,raw_fp32,32,8,23,fp32,natural,thread_packet,4,128,1,1,4,none,raw,natural/thread_packet/x4/raw,4096,0,1,32768,32768,0,4,256,10,1,2171,10.750975608825684,0.0049520845733881545,32.916213989257812,1
2026-08-15T18:28:55Z,NVIDIA H200 NVL,full,normal_0_1,dot,raw_fp32,32,8,23,fp32,natural,thread_packet,4,128,1,1,4,none,raw,natural/thread_packet/x4/raw,4096,0,1,32768,32768,0,4,256,10,2,2171,10.743007659912109,0.0049484143988540348,32.916213989257812,1
2026-08-15T18:28:55Z,NVIDIA H200 NVL,full,normal_0_1,dot,raw_fp32,32,8,23,fp32,natural,thread_packet,4,128,1,1,4,none,raw,natural/thread_packet/x4/raw,4096,0,1,32768,32768,0,4,256,10,3,2171,10.73737621307373,0.0049458204574268682,32.916213989257812,1
2026-08-15T18:28:55Z,NVIDIA H200 NVL,full,normal_0_1,dot,raw_fp32,32,8,23,fp32,natural,thread_packet,4,128,1,1,4,none,raw,natural/thread_packet/x4/raw,4096,0,1,32768,32768,0,4,256,10,4,2171,10.73804759979248,0.0049461297097155603,32.916213989257812,1
2026-08-15T18:28:55Z,NVIDIA H200 NVL,full,normal_0_1,dot,raw_fp32,32,8,23,fp32,natural,thread_packet,4,128,1,1,4,none,raw,natural/thread_packet/x4/raw,65536,0,1,524288,524288,0,64,256,10,0,2039,10.577728271484375,0.005187703909506805,424.9886474609375,1
2026-08-15T18:28:55Z,NVIDIA H200 NVL,full,normal_0_1,dot,raw_fp32,32,8,23,fp32,natural,thread_packet,4,128,1,1,4,none,raw,natural/thread_packet/x4/raw,65536,0,1,524288,524288,0,64,256,10,1,2039,10.58140754699707,0.0051895083604693824,424.9886474609375,1
2026-08-15T18:28:55Z,NVIDIA H200 NVL,full,normal_0_1,dot,raw_fp32,32,8,23,fp32,natural,thread_packet,4,128,1,1,4,none,raw,natural/thread_packet/x4/raw,65536,0,1,524288,524288,0,64,256,10,2,2039,10.581439971923828,0.0051895242628366006,424.9886474609375,1
2026-08-15T18:28:55Z,NVIDIA H200 NVL,full,normal_0_1,dot,raw_fp32,32,8,23,fp32,natural,thread_packet,4,128,1,1,4,none,raw,natural/thread_packet/x4/raw,65536,0,1,524288,524288,0,64,256,10,3,2039,10.581088066101074,0.0051893516753806152,424.9886474609375,1
2026-08-15T18:28:55Z,NVIDIA H200 NVL,full,normal_0_1,dot,raw_fp32,32,8,23,fp32,natural,thread_packet,4,128,1,1,4,none,raw,natural/thread_packet/x4/raw,65536,0,1,524288,524288,0,64,256,10,4,2039,10.579968452453613,0.0051888025759949056,424.9886474609375,1
2026-08-15T18:28:55Z,NVIDIA H200 NVL,full,normal_0_1,dot,raw_fp32,32,8,23,fp32,natural,thread_packet,4,128,1,1,4,none,raw,natural/thread_packet/x4/raw,1048576,0,1,8388608,8388608,0,512,256,10,0,1711,11.731840133666992,0.0068567154492501416,-1214.73974609375,1
2026-08-15T18:28:55Z,NVIDIA H200 NVL,full,normal_0_1,dot,raw_fp32,32,8,23,fp32,natural,thread_packet,4,128,1,1,4,none,raw,natural/thread_packet/x4/raw,1048576,0,1,8388608,8388608,0,512,256,10,1,1711,11.732095718383789,0.0068568648266416066,-1214.73974609375,1
2026-08-15T18:28:55Z,NVIDIA H200 NVL,full,normal_0_1,dot,raw_fp32,32,8,23,fp32,natural,thread_packet,4,128,1,1,4,none,raw,natural/thread_packet/x4/raw,1048576,0,1,8388608,8388608,0,512,256,10,2,1711,11.733247756958008,0.006857538139659853,-1214.73974609375,1
2026-08-15T18:28:55Z,NVIDIA H200 NVL,full,normal_0_1,dot,raw_fp32,32,8,23,fp32,natural,thread_packet,4,128,1,1,4,none,raw,natural/thread_packet/x4/raw,1048576,0,1,8388608,8388608,0,512,256,10,3,1711,11.73363208770752,0.006857762763125377,-1214.73974609375,1
2026-08-15T18:28:55Z,NVIDIA H200 NVL,full,normal_0_1,dot,raw_fp32,32,8,23,fp32,natural,thread_packet,4,128,1,1,4,none,raw,natural/thread_packet/x4/raw,1048576,0,1,8388608,8388608,0,512,256,10,4,1711,11.735296249389648,0.0068587353883048791,-1214.73974609375,1
2026-08-15T18:28:55Z,NVIDIA H200 NVL,full,normal_0_1,dot,raw_fp32,32,8,23,fp32,natural,thread_packet,4,128,1,1,4,none,raw,natural/thread_packet/x4/raw,16777216,0,1,134217728,134217728,0,512,256,10,0,375,14.364831924438477,0.038306218465169274,-2896.15576171875,1
2026-08-15T18:28:55Z,NVIDIA H200 NVL,full,normal_0_1,dot,raw_fp32,32,8,23,fp32,natural,thread_packet,4,128,1,1,4,none,raw,natural/thread_packet/x4/raw,16777216,0,1,134217728,134217728,0,512,256,10,1,375,14.340671539306641,0.038241790771484374,-2896.15576171875,1
2026-08-15T18:28:55Z,NVIDIA H200 NVL,full,normal_0_1,dot,raw_fp32,32,8,23,fp32,natural,thread_packet,4,128,1,1,4,none,raw,natural/thread_packet/x4/raw,16777216,0,1,134217728,134217728,0,512,256,10,2,375,14.336031913757324,0.038229418436686195,-2896.15576171875,1
2026-08-15T18:28:55Z,NVIDIA H200 NVL,full,normal_0_1,dot,raw_fp32,32,8,23,fp32,natural,thread_packet,4,128,1,1,4,none,raw,natural/thread_packet/x4/raw,16777216,0,1,134217728,134217728,0,512,256,10,3,375,14.312543869018555,0.038166783650716143,-2896.15576171875,1
2026-08-15T18:28:55Z,NVIDIA H200 NVL,full,normal_0_1,dot,raw_fp32,32,8,23,fp32,natural,thread_packet,4,128,1,1,4,none,raw,natural/thread_packet/x4/raw,16777216,0,1,134217728,134217728,0,512,256,10,4,375,14.328927993774414,0.038210474650065107,-2896.15576171875,1
2026-08-15T18:28:55Z,NVIDIA H200 NVL,full,normal_0_1,dot,raw_fp32,32,8,23,fp32,natural,thread_packet,4,128,1,1,4,none,raw,natural/thread_packet/x4/raw,134217728,0,1,1073741824,1073741824,0,512,256,10,0,60,15.147680282592773,0.25246133804321291,13110.076171875,1
2026-08-15T18:28:55Z,NVIDIA H200 NVL,full,normal_0_1,dot,raw_fp32,32,8,23,fp32,natural,thread_packet,4,128,1,1,4,none,raw,natural/thread_packet/x4/raw,134217728,0,1,1073741824,1073741824,0,512,256,10,1,60,15.135871887207031,0.25226453145345051,13110.076171875,1
2026-08-15T18:28:55Z,NVIDIA H200 NVL,full,normal_0_1,dot,raw_fp32,32,8,23,fp32,natural,thread_packet,4,128,1,1,4,none,raw,natural/thread_packet/x4/raw,134217728,0,1,1073741824,1073741824,0,512,256,10,2,60,15.153056144714355,0.25255093574523924,13110.076171875,1
2026-08-15T18:28:55Z,NVIDIA H200 NVL,full,normal_0_1,dot,raw_fp32,32,8,23,fp32,natural,thread_packet,4,128,1,1,4,none,raw,natural/thread_packet/x4/raw,134217728,0,1,1073741824,1073741824,0,512,256,10,3,60,15.144512176513672,0.25240853627522786,13110.076171875,1
2026-08-15T18:28:55Z,NVIDIA H200 NVL,full,normal_0_1,dot,raw_fp32,32,8,23,fp32,natural,thread_packet,4,128,1,1,4,none,raw,natural/thread_packet/x4/raw,134217728,0,1,1073741824,1073741824,0,512,256,10,4,60,15.150400161743164,0.25250666936238608,13110.076171875,1
2026-08-15T18:28:55Z,NVIDIA H200 NVL,full,normal_0_1,gemv,raw_fp32,32,8,23,fp32,natural,thread_packet,4,128,1,1,4,none,raw,natural/thread_packet/x4/raw,256,1024,1024,1049600,1049600,0,1024,256,10,0,2548,9.7886075973510742,0.0038416827305145502,18.843528747558594,1
2026-08-15T18:28:55Z,NVIDIA H200 NVL,full,normal_0_1,gemv,raw_fp32,32,8,23,fp32,natural,thread_packet,4,128,1,1,4,none,raw,natural/thread_packet/x4/raw,256,1024,1024,1049600,1049600,0,1024,256,10,1,2548,9.7956476211547852,0.003844445691191046,18.843528747558594,1
2026-08-15T18:28:55Z,NVIDIA H200 NVL,full,normal_0_1,gemv,raw_fp32,32,8,23,fp32,natural,thread_packet,4,128,1,1,4,none,raw,natural/thread_packet/x4/raw,256,1024,1024,1049600,1049600,0,1024,256,10,2,2548,9.7945280075073242,0.0038440062823812105,18.843528747558594,1
2026-08-15T18:28:55Z,NVIDIA H200 NVL,full,normal_0_1,gemv,raw_fp32,32,8,23,fp32,natural,thread_packet,4,128,1,1,4,none,raw,natural/thread_packet/x4/raw,256,1024,1024,1049600,1049600,0,1024,256,10,3,2548,9.7956161499023438,0.0038444333398360846,18.843528747558594,1
2026-08-15T18:28:55Z,NVIDIA H200 NVL,full,normal_0_1,gemv,raw_fp32,32,8,23,fp32,natural,thread_packet,4,128,1,1,4,none,raw,natural/thread_packet/x4/raw,256,1024,1024,1049600,1049600,0,1024,256,10,4,2548,9.797856330871582,0.0038453125317392395,18.843528747558594,1
2026-08-15T18:28:55Z,NVIDIA H200 NVL,full,normal_0_1,gemv,raw_fp32,32,8,23,fp32,natural,thread_packet,4,128,1,1,4,none,raw,natural/thread_packet/x4/raw,1024,1024,1024,4198400,4198400,0,1024,256,10,0,2201,10.579135894775391,0.004806513355191,17.024105072021484,1
2026-08-15T18:28:55Z,NVIDIA H200 NVL,full,normal_0_1,gemv,raw_fp32,32,8,23,fp32,natural,thread_packet,4,128,1,1,4,none,raw,natural/thread_packet/x4/raw,1024,1024,1024,4198400,4198400,0,1024,256,10,1,2201,10.579039573669434,0.0048064695927621231,17.024105072021484,1
2026-08-15T18:28:55Z,NVIDIA H200 NVL,full,normal_0_1,gemv,raw_fp32,32,8,23,fp32,natural,thread_packet,4,128,1,1,4,none,raw,natural/thread_packet/x4/raw,1024,1024,1024,4198400,4198400,0,1024,256,10,2,2201,10.583711624145508,0.0048085922872083183,17.024105072021484,1
2026-08-15T18:28:55Z,NVIDIA H200 NVL,full,normal_0_1,gemv,raw_fp32,32,8,23,fp32,natural,thread_packet,4,128,1,1,4,none,raw,natural/thread_packet/x4/raw,1024,1024,1024,4198400,4198400,0,1024,256,10,3,2201,10.590463638305664,0.0048116599901434189,17.024105072021484,1
2026-08-15T18:28:55Z,NVIDIA H200 NVL,full,normal_0_1,gemv,raw_fp32,32,8,23,fp32,natural,thread_packet,4,128,1,1,4,none,raw,natural/thread_packet/x4/raw,1024,1024,1024,4198400,4198400,0,1024,256,10,4,2201,10.590271949768066,0.004811572898577041,17.024105072021484,1
2026-08-15T18:28:55Z,NVIDIA H200 NVL,full,normal_0_1,gemv,raw_fp32,32,8,23,fp32,natural,thread_packet,4,128,1,1,4,none,raw,natural/thread_packet/x4/raw,4096,1024,1024,16793600,16793600,0,1024,256,10,0,1430,11.766176223754883,0.0082280952613670508,32.916213989257812,1
2026-08-15T18:28:55Z,NVIDIA H200 NVL,full,normal_0_1,gemv,raw_fp32,32,8,23,fp32,natural,thread_packet,4,128,1,1,4,none,raw,natural/thread_packet/x4/raw,4096,1024,1024,16793600,16793600,0,1024,256,10,1,1430,11.764575958251953,0.0082269761945817851,32.916213989257812,1
2026-08-15T18:28:55Z,NVIDIA H200 NVL,full,normal_0_1,gemv,raw_fp32,32,8,23,fp32,natural,thread_packet,4,128,1,1,4,none,raw,natural/thread_packet/x4/raw,4096,1024,1024,16793600,16793600,0,1024,256,10,2,1430,11.754240036010742,0.0082197482769305885,32.916213989257812,1
2026-08-15T18:28:55Z,NVIDIA H200 NVL,full,normal_0_1,gemv,raw_fp32,32,8,23,fp32,natural,thread_packet,4,128,1,1,4,none,raw,natural/thread_packet/x4/raw,4096,1024,1024,16793600,16793600,0,1024,256,10,3,1430,11.752767562866211,0.0082187185754309163,32.916213989257812,1
2026-08-15T18:28:55Z,NVIDIA H200 NVL,full,normal_0_1,gemv,raw_fp32,32,8,23,fp32,natural,thread_packet,4,128,1,1,4,none,raw,natural/thread_packet/x4/raw,4096,1024,1024,16793600,16793600,0,1024,256,10,4,1430,11.751487731933594,0.0082178235887647513,32.916213989257812,1
2026-08-15T18:28:55Z,NVIDIA H200 NVL,full,normal_0_1,gemv,raw_fp32,32,8,23,fp32,natural,thread_packet,4,128,1,1,4,none,raw,natural/thread_packet/x4/raw,16384,1024,1024,67174400,67174400,0,1024,256,10,0,610,14.239808082580566,0.023343947676361585,14.335830688476562,1
2026-08-15T18:28:55Z,NVIDIA H200 NVL,full,normal_0_1,gemv,raw_fp32,32,8,23,fp32,natural,thread_packet,4,128,1,1,4,none,raw,natural/thread_packet/x4/raw,16384,1024,1024,67174400,67174400,0,1024,256,10,1,610,14.21951961517334,0.023310687893726787,14.335830688476562,1
2026-08-15T18:28:55Z,NVIDIA H200 NVL,full,normal_0_1,gemv,raw_fp32,32,8,23,fp32,natural,thread_packet,4,128,1,1,4,none,raw,natural/thread_packet/x4/raw,16384,1024,1024,67174400,67174400,0,1024,256,10,2,610,14.204863548278809,0.023286661554555423,14.335830688476562,1
2026-08-15T18:28:55Z,NVIDIA H200 NVL,full,normal_0_1,gemv,raw_fp32,32,8,23,fp32,natural,thread_packet,4,128,1,1,4,none,raw,natural/thread_packet/x4/raw,16384,1024,1024,67174400,67174400,0,1024,256,10,3,610,14.194720268249512,0.023270033226638544,14.335830688476562,1
2026-08-15T18:28:55Z,NVIDIA H200 NVL,full,normal_0_1,gemv,raw_fp32,32,8,23,fp32,natural,thread_packet,4,128,1,1,4,none,raw,natural/thread_packet/x4/raw,16384,1024,1024,67174400,67174400,0,1024,256,10,4,610,14.229536056518555,0.02332710828937468,14.335830688476562,1
2026-08-15T18:28:55Z,NVIDIA H200 NVL,full,normal_0_1,gemv,raw_fp32,32,8,23,fp32,natural,thread_packet,4,128,1,1,4,none,raw,natural/thread_packet/x4/raw,65536,1024,1024,268697600,268697600,0,1024,256,10,0,186,14.816512107849121,0.079658667246500656,424.9886474609375,1
2026-08-15T18:28:55Z,NVIDIA H200 NVL,full,normal_0_1,gemv,raw_fp32,32,8,23,fp32,natural,thread_packet,4,128,1,1,4,none,raw,natural/thread_packet/x4/raw,65536,1024,1024,268697600,268697600,0,1024,256,10,1,186,14.812416076660156,0.079636645573441703,424.9886474609375,1
2026-08-15T18:28:55Z,NVIDIA H200 NVL,full,normal_0_1,gemv,raw_fp32,32,8,23,fp32,natural,thread_packet,4,128,1,1,4,none,raw,natural/thread_packet/x4/raw,65536,1024,1024,268697600,268697600,0,1024,256,10,2,186,14.805952072143555,0.079601892860986859,424.9886474609375,1
2026-08-15T18:28:55Z,NVIDIA H200 NVL,full,normal_0_1,gemv,raw_fp32,32,8,23,fp32,natural,thread_packet,4,128,1,1,4,none,raw,natural/thread_packet/x4/raw,65536,1024,1024,268697600,268697600,0,1024,256,10,3,186,14.780927658081055,0.079467353000435781,424.9886474609375,1
2026-08-15T18:28:55Z,NVIDIA H200 NVL,full,normal_0_1,gemv,raw_fp32,32,8,23,fp32,natural,thread_packet,4,128,1,1,4,none,raw,natural/thread_packet/x4/raw,65536,1024,1024,268697600,268697600,0,1024,256,10,4,186,14.789183616638184,0.079511739874398843,424.9886474609375,1
2026-08-15T18:28:55Z,NVIDIA H200 NVL,full,normal_0_1,dot,raw_fp32,32,8,23,fp32,natural,thread_packet,8,128,1,1,8,none,raw,natural/thread_packet/x8/raw,4096,0,1,32768,32768,0,2,256,10,0,2030,10.991616249084473,0.005414589285263287,32.916206359863281,1
2026-08-15T18:28:55Z,NVIDIA H200 NVL,full,normal_0_1,dot,raw_fp32,32,8,23,fp32,natural,thread_packet,8,128,1,1,8,none,raw,natural/thread_packet/x8/raw,4096,0,1,32768,32768,0,2,256,10,1,2030,11.003135681152344,0.0054202638823410559,32.916206359863281,1
2026-08-15T18:28:55Z,NVIDIA H200 NVL,full,normal_0_1,dot,raw_fp32,32,8,23,fp32,natural,thread_packet,8,128,1,1,8,none,raw,natural/thread_packet/x8/raw,4096,0,1,32768,32768,0,2,256,10,2,2030,10.996671676635742,0.0054170796436629268,32.916206359863281,1
2026-08-15T18:28:55Z,NVIDIA H200 NVL,full,normal_0_1,dot,raw_fp32,32,8,23,fp32,natural,thread_packet,8,128,1,1,8,none,raw,natural/thread_packet/x8/raw,4096,0,1,32768,32768,0,2,256,10,3,2030,10.993472099304199,0.0054155034971941872,32.916206359863281,1
2026-08-15T18:28:55Z,NVIDIA H200 NVL,full,normal_0_1,dot,raw_fp32,32,8,23,fp32,natural,thread_packet,8,128,1,1,8,none,raw,natural/thread_packet/x8/raw,4096,0,1,32768,32768,0,2,256,10,4,2030,10.992704391479492,0.0054151253159997496,32.916206359863281,1
2026-08-15T18:28:55Z,NVIDIA H200 NVL,full,normal_0_1,dot,raw_fp32,32,8,23,fp32,natural,thread_packet,8,128,1,1,8,none,raw,natural/thread_packet/x8/raw,65536,0,1,524288,524288,0,32,256,10,0,2047,11.334303855895996,0.0055370316833883715,424.9886474609375,1
2026-08-15T18:28:55Z,NVIDIA H200 NVL,full,normal_0_1,dot,raw_fp32,32,8,23,fp32,natural,thread_packet,8,128,1,1,8,none,raw,natural/thread_packet/x8/raw,65536,0,1,524288,524288,0,32,256,10,1,2047,11.336480140686035,0.005538094841566212,424.9886474609375,1
2026-08-15T18:28:55Z,NVIDIA H200 NVL,full,normal_0_1,dot,raw_fp32,32,8,23,fp32,natural,thread_packet,8,128,1,1,8,none,raw,natural/thread_packet/x8/raw,65536,0,1,524288,524288,0,32,256,10,2,2047,11.335040092468262,0.0055373913495204014,424.9886474609375,1
2026-08-15T18:28:55Z,NVIDIA H200 NVL,full,normal_0_1,dot,raw_fp32,32,8,23,fp32,natural,thread_packet,8,128,1,1,8,none,raw,natural/thread_packet/x8/raw,65536,0,1,524288,524288,0,32,256,10,3,2047,11.335968017578125,0.0055378446592956156,424.9886474609375,1
2026-08-15T18:28:55Z,NVIDIA H200 NVL,full,normal_0_1,dot,raw_fp32,32,8,23,fp32,natural,thread_packet,8,128,1,1,8,none,raw,natural/thread_packet/x8/raw,65536,0,1,524288,524288,0,32,256,10,4,2047,11.336095809936523,0.0055379070883910713,424.9886474609375,1
2026-08-15T18:28:55Z,NVIDIA H200 NVL,full,normal_0_1,dot,raw_fp32,32,8,23,fp32,natural,thread_packet,8,128,1,1,8,none,raw,natural/thread_packet/x8/raw,1048576,0,1,8388608,8388608,0,512,256,10,0,1503,12.258815765380859,0.008156231380825588,-1214.73974609375,1
2026-08-15T18:28:55Z,NVIDIA H200 NVL,full,normal_0_1,dot,raw_fp32,32,8,23,fp32,natural,thread_packet,8,128,1,1,8,none,raw,natural/thread_packet/x8/raw,1048576,0,1,8388608,8388608,0,512,256,10,1,1503,12.257663726806641,0.0081554648880949043,-1214.73974609375,1
2026-08-15T18:28:55Z,NVIDIA H200 NVL,full,normal_0_1,dot,raw_fp32,32,8,23,fp32,natural,thread_packet,8,128,1,1,8,none,raw,natural/thread_packet/x8/raw,1048576,0,1,8388608,8388608,0,512,256,10,2,1503,12.258144378662109,0.0081557846830752553,-1214.73974609375,1
2026-08-15T18:28:55Z,NVIDIA H200 NVL,full,normal_0_1,dot,raw_fp32,32,8,23,fp32,natural,thread_packet,8,128,1,1,8,none,raw,natural/thread_packet/x8/raw,1048576,0,1,8388608,8388608,0,512,256,10,3,1503,12.256959915161133,0.0081549966168736748,-1214.73974609375,1
2026-08-15T18:28:55Z,NVIDIA H200 NVL,full,normal_0_1,dot,raw_fp32,32,8,23,fp32,natural,thread_packet,8,128,1,1,8,none,raw,natural/thread_packet/x8/raw,1048576,0,1,8388608,8388608,0,512,256,10,4,1503,12.259488105773926,0.0081566787130897718,-1214.73974609375,1
2026-08-15T18:28:55Z,NVIDIA H200 NVL,full,normal_0_1,dot,raw_fp32,32,8,23,fp32,natural,thread_packet,8,128,1,1,8,none,raw,natural/thread_packet/x8/raw,16777216,0,1,134217728,134217728,0,512,256,10,0,314,14.83948802947998,0.047259516017452166,-2896.156005859375,1
2026-08-15T18:28:55Z,NVIDIA H200 NVL,full,normal_0_1,dot,raw_fp32,32,8,23,fp32,natural,thread_packet,8,128,1,1,8,none,raw,natural/thread_packet/x8/raw,16777216,0,1,134217728,134217728,0,512,256,10,1,314,14.837471961975098,0.047253095420302857,-2896.156005859375,1
2026-08-15T18:28:55Z,NVIDIA H200 NVL,full,normal_0_1,dot,raw_fp32,32,8,23,fp32,natural,thread_packet,8,128,1,1,8,none,raw,natural/thread_packet/x8/raw,16777216,0,1,134217728,134217728,0,512,256,10,2,314,14.826784133911133,0.047219057751309343,-2896.156005859375,1
2026-08-15T18:28:55Z,NVIDIA H200 NVL,full,normal_0_1,dot,raw_fp32,32,8,23,fp32,natural,thread_packet,8,128,1,1,8,none,raw,natural/thread_packet/x8/raw,16777216,0,1,134217728,134217728,0,512,256,10,3,314,14.82697582244873,0.047219668224359017,-2896.156005859375,1
2026-08-15T18:28:55Z,NVIDIA H200 NVL,full,normal_0_1,dot,raw_fp32,32,8,23,fp32,natural,thread_packet,8,128,1,1,8,none,raw,natural/thread_packet/x8/raw,16777216,0,1,134217728,134217728,0,512,256,10,4,314,14.817503929138184,0.047189502959038801,-2896.156005859375,1
2026-08-15T18:28:55Z,NVIDIA H200 NVL,full,normal_0_1,dot,raw_fp32,32,8,23,fp32,natural,thread_packet,8,128,1,1,8,none,raw,natural/thread_packet/x8/raw,134217728,0,1,1073741824,1073741824,0,512,256,10,0,47,15.034624099731445,0.31988561914322222,13110.091796875,1
2026-08-15T18:28:55Z,NVIDIA H200 NVL,full,normal_0_1,dot,raw_fp32,32,8,23,fp32,natural,thread_packet,8,128,1,1,8,none,raw,natural/thread_packet/x8/raw,134217728,0,1,1073741824,1073741824,0,512,256,10,1,47,15.033472061157227,0.31986110768419629,13110.091796875,1
2026-08-15T18:28:55Z,NVIDIA H200 NVL,full,normal_0_1,dot,raw_fp32,32,8,23,fp32,natural,thread_packet,8,128,1,1,8,none,raw,natural/thread_packet/x8/raw,134217728,0,1,1073741824,1073741824,0,512,256,10,2,47,15.037023544311523,0.31993667115556434,13110.091796875,1
2026-08-15T18:28:55Z,NVIDIA H200 NVL,full,normal_0_1,dot,raw_fp32,32,8,23,fp32,natural,thread_packet,8,128,1,1,8,none,raw,natural/thread_packet/x8/raw,134217728,0,1,1073741824,1073741824,0,512,256,10,3,47,15.040800094604492,0.3200170232894573,13110.091796875,1
2026-08-15T18:28:55Z,NVIDIA H200 NVL,full,normal_0_1,dot,raw_fp32,32,8,23,fp32,natural,thread_packet,8,128,1,1,8,none,raw,natural/thread_packet/x8/raw,134217728,0,1,1073741824,1073741824,0,512,256,10,4,47,15.022751808166504,0.31963301719503201,13110.091796875,1
2026-08-15T18:28:55Z,NVIDIA H200 NVL,full,normal_0_1,gemv,raw_fp32,32,8,23,fp32,natural,thread_packet,8,128,1,1,8,none,raw,natural/thread_packet/x8/raw,256,1024,1024,1049600,1049600,0,1024,256,10,0,2455,10.019552230834961,0.0040812840044134263,18.843528747558594,1
2026-08-15T18:28:55Z,NVIDIA H200 NVL,full,normal_0_1,gemv,raw_fp32,32,8,23,fp32,natural,thread_packet,8,128,1,1,8,none,raw,natural/thread_packet/x8/raw,256,1024,1024,1049600,1049600,0,1024,256,10,1,2455,10.025279998779297,0.0040836171074457419,18.843528747558594,1
2026-08-15T18:28:55Z,NVIDIA H200 NVL,full,normal_0_1,gemv,raw_fp32,32,8,23,fp32,natural,thread_packet,8,128,1,1,8,none,raw,natural/thread_packet/x8/raw,256,1024,1024,1049600,1049600,0,1024,256,10,2,2455,10.027104377746582,0.0040843602353346567,18.843528747558594,1
2026-08-15T18:28:55Z,NVIDIA H200 NVL,full,normal_0_1,gemv,raw_fp32,32,8,23,fp32,natural,thread_packet,8,128,1,1,8,none,raw,natural/thread_packet/x8/raw,256,1024,1024,1049600,1049600,0,1024,256,10,3,2455,10.028256416320801,0.0040848294974830147,18.843528747558594,1
2026-08-15T18:28:55Z,NVIDIA H200 NVL,full,normal_0_1,gemv,raw_fp32,32,8,23,fp32,natural,thread_packet,8,128,1,1,8,none,raw,natural/thread_packet/x8/raw,256,1024,1024,1049600,1049600,0,1024,256,10,4,2455,10.027487754821777,0.0040845163970760802,18.843528747558594,1
2026-08-15T18:28:55Z,NVIDIA H200 NVL,full,normal_0_1,gemv,raw_fp32,32,8,23,fp32,natural,thread_packet,8,128,1,1,8,none,raw,natural/thread_packet/x8/raw,1024,1024,1024,4198400,4198400,0,1024,256,10,0,1817,10.941311836242676,0.0060216355730559577,17.024103164672852,1
2026-08-15T18:28:55Z,NVIDIA H200 NVL,full,normal_0_1,gemv,raw_fp32,32,8,23,fp32,natural,thread_packet,8,128,1,1,8,none,raw,natural/thread_packet/x8/raw,1024,1024,1024,4198400,4198400,0,1024,256,10,1,1817,10.94547176361084,0.0060239250212497739,17.024103164672852,1
2026-08-15T18:28:55Z,NVIDIA H200 NVL,full,normal_0_1,gemv,raw_fp32,32,8,23,fp32,natural,thread_packet,8,128,1,1,8,none,raw,natural/thread_packet/x8/raw,1024,1024,1024,4198400,4198400,0,1024,256,10,2,1817,10.945631980895996,0.0060240131980715443,17.024103164672852,1
2026-08-15T18:28:55Z,NVIDIA H200 NVL,full,normal_0_1,gemv,raw_fp32,32,8,23,fp32,natural,thread_packet,8,128,1,1,8,none,raw,natural/thread_packet/x8/raw,1024,1024,1024,4198400,4198400,0,1024,256,10,3,1817,10.95139217376709,0.0060271833647589932,17.024103164672852,1
2026-08-15T18:28:55Z,NVIDIA H200 NVL,full,normal_0_1,gemv,raw_fp32,32,8,23,fp32,natural,thread_packet,8,128,1,1,8,none,raw,natural/thread_packet/x8/raw,1024,1024,1024,4198400,4198400,0,1024,256,10,4,1817,10.950624465942383,0.0060267608508213447,17.024103164672852,1
2026-08-15T18:28:55Z,NVIDIA H200 NVL,full,normal_0_1,gemv,raw_fp32,32,8,23,fp32,natural,thread_packet,8,128,1,1,8,none,raw,natural/thread_packet/x8/raw,4096,1024,1024,16793600,16793600,0,1024,256,10,0,969,12.820896148681641,0.013231058976967637,32.91619873046875,1
2026-08-15T18:28:55Z,NVIDIA H200 NVL,full,normal_0_1,gemv,raw_fp32,32,8,23,fp32,natural,thread_packet,8,128,1,1,8,none,raw,natural/thread_packet/x8/raw,4096,1024,1024,16793600,16793600,0,1024,256,10,1,969,12.826848030090332,0.013237201269443067,32.91619873046875,1
2026-08-15T18:28:55Z,NVIDIA H200 NVL,full,normal_0_1,gemv,raw_fp32,32,8,23,fp32,natural,thread_packet,8,128,1,1,8,none,raw,natural/thread_packet/x8/raw,4096,1024,1024,16793600,16793600,0,1024,256,10,2,969,12.821696281433105,0.013231884707361306,32.91619873046875,1
2026-08-15T18:28:55Z,NVIDIA H200 NVL,full,normal_0_1,gemv,raw_fp32,32,8,23,fp32,natural,thread_packet,8,128,1,1,8,none,raw,natural/thread_packet/x8/raw,4096,1024,1024,16793600,16793600,0,1024,256,10,3,969,12.822751998901367,0.013232974199072618,32.91619873046875,1
2026-08-15T18:28:55Z,NVIDIA H200 NVL,full,normal_0_1,gemv,raw_fp32,32,8,23,fp32,natural,thread_packet,8,128,1,1,8,none,raw,natural/thread_packet/x8/raw,4096,1024,1024,16793600,16793600,0,1024,256,10,4,969,12.823424339294434,0.013233668048807466,32.91619873046875,1
2026-08-15T18:28:55Z,NVIDIA H200 NVL,full,normal_0_1,gemv,raw_fp32,32,8,23,fp32,natural,thread_packet,8,128,1,1,8,none,raw,natural/thread_packet/x8/raw,16384,1024,1024,67174400,67174400,0,1024,256,10,0,336,14.484800338745117,0.043109524817693798,14.335763931274414,1
2026-08-15T18:28:55Z,NVIDIA H200 NVL,full,normal_0_1,gemv,raw_fp32,32,8,23,fp32,natural,thread_packet,8,128,1,1,8,none,raw,natural/thread_packet/x8/raw,16384,1024,1024,67174400,67174400,0,1024,256,10,1,336,14.494367599487305,0.043137998807997929,14.335763931274414,1
2026-08-15T18:28:55Z,NVIDIA H200 NVL,full,normal_0_1,gemv,raw_fp32,32,8,23,fp32,natural,thread_packet,8,128,1,1,8,none,raw,natural/thread_packet/x8/raw,16384,1024,1024,67174400,67174400,0,1024,256,10,2,336,14.503871917724609,0.043166285469418482,14.335763931274414,1
2026-08-15T18:28:55Z,NVIDIA H200 NVL,full,normal_0_1,gemv,raw_fp32,32,8,23,fp32,natural,thread_packet,8,128,1,1,8,none,raw,natural/thread_packet/x8/raw,16384,1024,1024,67174400,67174400,0,1024,256,10,3,336,14.505248069763184,0.043170381160009472,14.335763931274414,1
2026-08-15T18:28:55Z,NVIDIA H200 NVL,full,normal_0_1,gemv,raw_fp32,32,8,23,fp32,natural,thread_packet,8,128,1,1,8,none,raw,natural/thread_packet/x8/raw,16384,1024,1024,67174400,67174400,0,1024,256,10,4,336,14.501664161682129,0.043159714766911099,14.335763931274414,1
2026-08-15T18:28:55Z,NVIDIA H200 NVL,full,normal_0_1,gemv,raw_fp32,32,8,23,fp32,natural,thread_packet,8,128,1,1,8,none,raw,natural/thread_packet/x8/raw,65536,1024,1024,268697600,268697600,0,1024,256,10,0,94,14.817952156066895,0.15763778889432867,424.98867797851562,1
2026-08-15T18:28:55Z,NVIDIA H200 NVL,full,normal_0_1,gemv,raw_fp32,32,8,23,fp32,natural,thread_packet,8,128,1,1,8,none,raw,natural/thread_packet/x8/raw,65536,1024,1024,268697600,268697600,0,1024,256,10,1,94,14.825152397155762,0.1577143872037847,424.98867797851562,1
2026-08-15T18:28:55Z,NVIDIA H200 NVL,full,normal_0_1,gemv,raw_fp32,32,8,23,fp32,natural,thread_packet,8,128,1,1,8,none,raw,natural/thread_packet/x8/raw,65536,1024,1024,268697600,268697600,0,1024,256,10,2,94,14.801407814025879,0.15746178525559446,424.98867797851562,1
2026-08-15T18:28:55Z,NVIDIA H200 NVL,full,normal_0_1,gemv,raw_fp32,32,8,23,fp32,natural,thread_packet,8,128,1,1,8,none,raw,natural/thread_packet/x8/raw,65536,1024,1024,268697600,268697600,0,1024,256,10,3,94,14.769503593444824,0.15712237865366835,424.98867797851562,1
2026-08-15T18:28:55Z,NVIDIA H200 NVL,full,normal_0_1,gemv,raw_fp32,32,8,23,fp32,natural,thread_packet,8,128,1,1,8,none,raw,natural/thread_packet/x8/raw,65536,1024,1024,268697600,268697600,0,1024,256,10,4,94,14.775232315063477,0.15718332250067529,424.98867797851562,1
2026-08-15T18:28:55Z,NVIDIA H200 NVL,full,normal_0_1,dot,raw_fp64,64,11,52,fp64,natural,scalar,1,64,1,1,1,none,raw,natural/scalar/x1/raw,4096,0,1,65536,65536,0,16,256,10,0,2012,9.9628162384033203,0.0049516979316119886,32.916210500166116,1
2026-08-15T18:28:55Z,NVIDIA H200 NVL,full,normal_0_1,dot,raw_fp64,64,11,52,fp64,natural,scalar,1,64,1,1,1,none,raw,natural/scalar/x1/raw,4096,0,1,65536,65536,0,16,256,10,1,2012,9.9585599899291992,0.004949582499964811,32.916210500166116,1
2026-08-15T18:28:55Z,NVIDIA H200 NVL,full,normal_0_1,dot,raw_fp64,64,11,52,fp64,natural,scalar,1,64,1,1,1,none,raw,natural/scalar/x1/raw,4096,0,1,65536,65536,0,16,256,10,2,2012,9.9587516784667969,0.0049496777725978117,32.916210500166116,1
2026-08-15T18:28:55Z,NVIDIA H200 NVL,full,normal_0_1,dot,raw_fp64,64,11,52,fp64,natural,scalar,1,64,1,1,1,none,raw,natural/scalar/x1/raw,4096,0,1,65536,65536,0,16,256,10,3,2012,9.9575681686401367,0.0049490895470378415,32.916210500166116,1
2026-08-15T18:28:55Z,NVIDIA H200 NVL,full,normal_0_1,dot,raw_fp64,64,11,52,fp64,natural,scalar,1,64,1,1,1,none,raw,natural/scalar/x1/raw,4096,0,1,65536,65536,0,16,256,10,4,2012,9.9570560455322266,0.0049488350126899736,32.916210500166116,1
2026-08-15T18:28:55Z,NVIDIA H200 NVL,full,normal_0_1,dot,raw_fp64,64,11,52,fp64,natural,scalar,1,64,1,1,1,none,raw,natural/scalar/x1/raw,65536,0,1,1048576,1048576,0,256,256,10,0,2084,11.064064025878906,0.0053090518358344082,424.98861562004163,1
2026-08-15T18:28:55Z,NVIDIA H200 NVL,full,normal_0_1,dot,raw_fp64,64,11,52,fp64,natural,scalar,1,64,1,1,1,none,raw,natural/scalar/x1/raw,65536,0,1,1048576,1048576,0,256,256,10,1,2084,11.068832397460938,0.0053113399220062084,424.98861562004163,1
2026-08-15T18:28:55Z,NVIDIA H200 NVL,full,normal_0_1,dot,raw_fp64,64,11,52,fp64,natural,scalar,1,64,1,1,1,none,raw,natural/scalar/x1/raw,65536,0,1,1048576,1048576,0,256,256,10,2,2084,11.068703651428223,0.0053112781436795691,424.98861562004163,1
2026-08-15T18:28:55Z,NVIDIA H200 NVL,full,normal_0_1,dot,raw_fp64,64,11,52,fp64,natural,scalar,1,64,1,1,1,none,raw,natural/scalar/x1/raw,65536,0,1,1048576,1048576,0,256,256,10,3,2084,11.070400238037109,0.0053120922447394961,424.98861562004163,1
2026-08-15T18:28:55Z,NVIDIA H200 NVL,full,normal_0_1,dot,raw_fp64,64,11,52,fp64,natural,scalar,1,64,1,1,1,none,raw,natural/scalar/x1/raw,65536,0,1,1048576,1048576,0,256,256,10,4,2084,11.06771183013916,0.0053108022217558349,424.98861562004163,1
2026-08-15T18:28:55Z,NVIDIA H200 NVL,full,normal_0_1,dot,raw_fp64,64,11,52,fp64,natural,scalar,1,64,1,1,1,none,raw,natural/scalar/x1/raw,1048576,0,1,16777216,16777216,0,512,256,10,0,1493,11.921279907226562,0.0079847822553426404,-1214.7398837081475,1
2026-08-15T18:28:55Z,NVIDIA H200 NVL,full,normal_0_1,dot,raw_fp64,64,11,52,fp64,natural,scalar,1,64,1,1,1,none,raw,natural/scalar/x1/raw,1048576,0,1,16777216,16777216,0,512,256,10,1,1493,11.927616119384766,0.0079890262018652153,-1214.7398837081475,1
2026-08-15T18:28:55Z,NVIDIA H200 NVL,full,normal_0_1,dot,raw_fp64,64,11,52,fp64,natural,scalar,1,64,1,1,1,none,raw,natural/scalar/x1/raw,1048576,0,1,16777216,16777216,0,512,256,10,2,1493,11.93558406829834,0.0079943630732071929,-1214.7398837081475,1
2026-08-15T18:28:55Z,NVIDIA H200 NVL,full,normal_0_1,dot,raw_fp64,64,11,52,fp64,natural,scalar,1,64,1,1,1,none,raw,natural/scalar/x1/raw,1048576,0,1,16777216,16777216,0,512,256,10,3,1493,11.939807891845703,0.0079971921579676513,-1214.7398837081475,1
2026-08-15T18:28:55Z,NVIDIA H200 NVL,full,normal_0_1,dot,raw_fp64,64,11,52,fp64,natural,scalar,1,64,1,1,1,none,raw,natural/scalar/x1/raw,1048576,0,1,16777216,16777216,0,512,256,10,4,1493,11.942303657531738,0.0079988638027674065,-1214.7398837081475,1
2026-08-15T18:28:55Z,NVIDIA H200 NVL,full,normal_0_1,dot,raw_fp64,64,11,52,fp64,natural,scalar,1,64,1,1,1,none,raw,natural/scalar/x1/raw,16777216,0,1,268435456,268435456,0,512,256,10,0,178,14.690048217773438,0.082528360774008075,-2896.1557629640783,1
2026-08-15T18:28:55Z,NVIDIA H200 NVL,full,normal_0_1,dot,raw_fp64,64,11,52,fp64,natural,scalar,1,64,1,1,1,none,raw,natural/scalar/x1/raw,16777216,0,1,268435456,268435456,0,512,256,10,1,178,14.693759918212891,0.082549213023667925,-2896.1557629640783,1
2026-08-15T18:28:55Z,NVIDIA H200 NVL,full,normal_0_1,dot,raw_fp64,64,11,52,fp64,natural,scalar,1,64,1,1,1,none,raw,natural/scalar/x1/raw,16777216,0,1,268435456,268435456,0,512,256,10,2,178,14.673727989196777,0.082436674096611109,-2896.1557629640783,1
2026-08-15T18:28:55Z,NVIDIA H200 NVL,full,normal_0_1,dot,raw_fp64,64,11,52,fp64,natural,scalar,1,64,1,1,1,none,raw,natural/scalar/x1/raw,16777216,0,1,268435456,268435456,0,512,256,10,3,178,14.67903995513916,0.08246651660190539,-2896.1557629640783,1
2026-08-15T18:28:55Z,NVIDIA H200 NVL,full,normal_0_1,dot,raw_fp64,64,11,52,fp64,natural,scalar,1,64,1,1,1,none,raw,natural/scalar/x1/raw,16777216,0,1,268435456,268435456,0,512,256,10,4,178,14.689151763916016,0.082523324516382113,-2896.1557629640783,1
2026-08-15T18:28:55Z,NVIDIA H200 NVL,full,normal_0_1,dot,raw_fp64,64,11,52,fp64,natural,scalar,1,64,1,1,1,none,raw,natural/scalar/x1/raw,134217728,0,1,2147483648,2147483648,0,512,256,10,0,25,15.00499153137207,0.60019966125488278,13110.077467888223,1
2026-08-15T18:28:55Z,NVIDIA H200 NVL,full,normal_0_1,dot,raw_fp64,64,11,52,fp64,natural,scalar,1,64,1,1,1,none,raw,natural/scalar/x1/raw,134217728,0,1,2147483648,2147483648,0,512,256,10,1,25,15.019007682800293,0.60076030731201169,13110.077467888223,1
2026-08-15T18:28:55Z,NVIDIA H200 NVL,full,normal_0_1,dot,raw_fp64,64,11,52,fp64,natural,scalar,1,64,1,1,1,none,raw,natural/scalar/x1/raw,134217728,0,1,2147483648,2147483648,0,512,256,10,2,25,15.009951591491699,0.60039806365966797,13110.077467888223,1
2026-08-15T18:28:55Z,NVIDIA H200 NVL,full,normal_0_1,dot,raw_fp64,64,11,52,fp64,natural,scalar,1,64,1,1,1,none,raw,natural/scalar/x1/raw,134217728,0,1,2147483648,2147483648,0,512,256,10,3,25,15.023743629455566,0.60094974517822264,13110.077467888223,1
2026-08-15T18:28:55Z,NVIDIA H200 NVL,full,normal_0_1,dot,raw_fp64,64,11,52,fp64,natural,scalar,1,64,1,1,1,none,raw,natural/scalar/x1/raw,134217728,0,1,2147483648,2147483648,0,512,256,10,4,25,15.005344390869141,0.60021377563476563,13110.077467888223,1
2026-08-15T18:28:55Z,NVIDIA H200 NVL,full,normal_0_1,gemv,raw_fp64,64,11,52,fp64,natural,scalar,1,64,1,1,1,none,raw,natural/scalar/x1/raw,256,1024,1024,2099200,2099200,0,1024,256,10,0,2576,9.9117755889892578,0.0038477389708809233,18.843530593165923,1
2026-08-15T18:28:55Z,NVIDIA H200 NVL,full,normal_0_1,gemv,raw_fp64,64,11,52,fp64,natural,scalar,1,64,1,1,1,none,raw,natural/scalar/x1/raw,256,1024,1024,2099200,2099200,0,1024,256,10,1,2576,9.920384407043457,0.0038510809033553794,18.843530593165923,1
2026-08-15T18:28:55Z,NVIDIA H200 NVL,full,normal_0_1,gemv,raw_fp64,64,11,52,fp64,natural,scalar,1,64,1,1,1,none,raw,natural/scalar/x1/raw,256,1024,1024,2099200,2099200,0,1024,256,10,2,2576,9.9265918731689453,0.003853490633994156,18.843530593165923,1
2026-08-15T18:28:55Z,NVIDIA H200 NVL,full,normal_0_1,gemv,raw_fp64,64,11,52,fp64,natural,scalar,1,64,1,1,1,none,raw,natural/scalar/x1/raw,256,1024,1024,2099200,2099200,0,1024,256,10,3,2576,9.9276800155639648,0.0038539130495201727,18.843530593165923,1
2026-08-15T18:28:55Z,NVIDIA H200 NVL,full,normal_0_1,gemv,raw_fp64,64,11,52,fp64,natural,scalar,1,64,1,1,1,none,raw,natural/scalar/x1/raw,256,1024,1024,2099200,2099200,0,1024,256,10,4,2576,9.9285764694213867,0.0038542610517940164,18.843530593165923,1
2026-08-15T18:28:55Z,NVIDIA H200 NVL,full,normal_0_1,gemv,raw_fp64,64,11,52,fp64,natural,scalar,1,64,1,1,1,none,raw,natural/scalar/x1/raw,1024,1024,1024,8396800,8396800,0,1024,256,10,0,2171,10.613759994506836,0.0048888806976079393,17.024110028266094,1
2026-08-15T18:28:55Z,NVIDIA H200 NVL,full,normal_0_1,gemv,raw_fp64,64,11,52,fp64,natural,scalar,1,64,1,1,1,none,raw,natural/scalar/x1/raw,1024,1024,1024,8396800,8396800,0,1024,256,10,1,2171,10.613344192504883,0.0048886891720427835,17.024110028266094,1
2026-08-15T18:28:55Z,NVIDIA H200 NVL,full,normal_0_1,gemv,raw_fp64,64,11,52,fp64,natural,scalar,1,64,1,1,1,none,raw,natural/scalar/x1/raw,1024,1024,1024,8396800,8396800,0,1024,256,10,2,2171,10.618016242980957,0.0048908411989778706,17.024110028266094,1
2026-08-15T18:28:55Z,NVIDIA H200 NVL,full,normal_0_1,gemv,raw_fp64,64,11,52,fp64,natural,scalar,1,64,1,1,1,none,raw,natural/scalar/x1/raw,1024,1024,1024,8396800,8396800,0,1024,256,10,3,2171,10.620256423950195,0.0048918730649240884,17.024110028266094,1
2026-08-15T18:28:55Z,NVIDIA H200 NVL,full,normal_0_1,gemv,raw_fp64,64,11,52,fp64,natural,scalar,1,64,1,1,1,none,raw,natural/scalar/x1/raw,1024,1024,1024,8396800,8396800,0,1024,256,10,4,2171,10.616767883300781,0.0048902661830035844,17.024110028266094,1
2026-08-15T18:28:55Z,NVIDIA H200 NVL,full,normal_0_1,gemv,raw_fp64,64,11,52,fp64,natural,scalar,1,64,1,1,1,none,raw,natural/scalar/x1/raw,4096,1024,1024,33587200,33587200,0,1024,256,10,0,1371,11.786368370056152,0.0085969134719592645,32.91621050016613,1
2026-08-15T18:28:55Z,NVIDIA H200 NVL,full,normal_0_1,gemv,raw_fp64,64,11,52,fp64,natural,scalar,1,64,1,1,1,none,raw,natural/scalar/x1/raw,4096,1024,1024,33587200,33587200,0,1024,256,10,1,1371,11.77894401550293,0.0085914981878212476,32.91621050016613,1
2026-08-15T18:28:55Z,NVIDIA H200 NVL,full,normal_0_1,gemv,raw_fp64,64,11,52,fp64,natural,scalar,1,64,1,1,1,none,raw,natural/scalar/x1/raw,4096,1024,1024,33587200,33587200,0,1024,256,10,2,1371,11.772192001342773,0.008586573305136961,32.91621050016613,1
2026-08-15T18:28:55Z,NVIDIA H200 NVL,full,normal_0_1,gemv,raw_fp64,64,11,52,fp64,natural,scalar,1,64,1,1,1,none,raw,natural/scalar/x1/raw,4096,1024,1024,33587200,33587200,0,1024,256,10,3,1371,11.770208358764648,0.0085851264469472277,32.91621050016613,1
2026-08-15T18:28:55Z,NVIDIA H200 NVL,full,normal_0_1,gemv,raw_fp64,64,11,52,fp64,natural,scalar,1,64,1,1,1,none,raw,natural/scalar/x1/raw,4096,1024,1024,33587200,33587200,0,1024,256,10,4,1371,11.770848274230957,0.0085855931978343954,32.91621050016613,1
2026-08-15T18:28:55Z,NVIDIA H200 NVL,full,normal_0_1,gemv,raw_fp64,64,11,52,fp64,natural,scalar,1,64,1,1,1,none,raw,natural/scalar/x1/raw,16384,1024,1024,134348800,134348800,0,1024,256,10,0,330,14.452960014343262,0.043796848528312914,14.335791721456388,1
2026-08-15T18:28:55Z,NVIDIA H200 NVL,full,normal_0_1,gemv,raw_fp64,64,11,52,fp64,natural,scalar,1,64,1,1,1,none,raw,natural/scalar/x1/raw,16384,1024,1024,134348800,134348800,0,1024,256,10,1,330,14.452032089233398,0.043794036634040599,14.335791721456388,1
2026-08-15T18:28:55Z,NVIDIA H200 NVL,full,normal_0_1,gemv,raw_fp64,64,11,52,fp64,natural,scalar,1,64,1,1,1,none,raw,natural/scalar/x1/raw,16384,1024,1024,134348800,134348800,0,1024,256,10,2,330,14.447360038757324,0.043779878905325226,14.335791721456388,1
2026-08-15T18:28:55Z,NVIDIA H200 NVL,full,normal_0_1,gemv,raw_fp64,64,11,52,fp64,natural,scalar,1,64,1,1,1,none,raw,natural/scalar/x1/raw,16384,1024,1024,134348800,134348800,0,1024,256,10,3,330,14.449215888977051,0.043785502693869847,14.335791721456388,1
2026-08-15T18:28:55Z,NVIDIA H200 NVL,full,normal_0_1,gemv,raw_fp64,64,11,52,fp64,natural,scalar,1,64,1,1,1,none,raw,natural/scalar/x1/raw,16384,1024,1024,134348800,134348800,0,1024,256,10,4,330,14.438240051269531,0.043752242579604639,14.335791721456388,1
2026-08-15T18:28:55Z,NVIDIA H200 NVL,full,normal_0_1,gemv,raw_fp64,64,11,52,fp64,natural,scalar,1,64,1,1,1,none,raw,natural/scalar/x1/raw,65536,1024,1024,537395200,537395200,0,1024,256,10,0,99,14.916671752929688,0.15067345204979482,424.98861562004168,1
2026-08-15T18:28:55Z,NVIDIA H200 NVL,full,normal_0_1,gemv,raw_fp64,64,11,52,fp64,natural,scalar,1,64,1,1,1,none,raw,natural/scalar/x1/raw,65536,1024,1024,537395200,537395200,0,1024,256,10,1,99,14.909600257873535,0.15060202280680338,424.98861562004168,1
2026-08-15T18:28:55Z,NVIDIA H200 NVL,full,normal_0_1,gemv,raw_fp64,64,11,52,fp64,natural,scalar,1,64,1,1,1,none,raw,natural/scalar/x1/raw,65536,1024,1024,537395200,537395200,0,1024,256,10,2,99,14.911104202270508,0.15061721416434856,424.98861562004168,1
2026-08-15T18:28:55Z,NVIDIA H200 NVL,full,normal_0_1,gemv,raw_fp64,64,11,52,fp64,natural,scalar,1,64,1,1,1,none,raw,natural/scalar/x1/raw,65536,1024,1024,537395200,537395200,0,1024,256,10,3,99,14.908608436584473,0.15059200440994416,424.98861562004168,1
2026-08-15T18:28:55Z,NVIDIA H200 NVL,full,normal_0_1,gemv,raw_fp64,64,11,52,fp64,natural,scalar,1,64,1,1,1,none,raw,natural/scalar/x1/raw,65536,1024,1024,537395200,537395200,0,1024,256,10,4,99,14.896384239196777,0.15046852766865432,424.98861562004168,1
2026-08-15T18:28:55Z,NVIDIA H200 NVL,full,normal_0_1,dot,raw_fp64,64,11,52,fp64,natural,thread_packet,2,128,1,1,2,none,raw,natural/thread_packet/x2/raw,4096,0,1,65536,65536,0,8,256,10,0,2191,11.089216232299805,0.0050612579791418548,32.916210500166123,1
2026-08-15T18:28:55Z,NVIDIA H200 NVL,full,normal_0_1,dot,raw_fp64,64,11,52,fp64,natural,thread_packet,2,128,1,1,2,none,raw,natural/thread_packet/x2/raw,4096,0,1,65536,65536,0,8,256,10,1,2191,11.09830379486084,0.0050654056571706255,32.916210500166123,1
2026-08-15T18:28:55Z,NVIDIA H200 NVL,full,normal_0_1,dot,raw_fp64,64,11,52,fp64,natural,thread_packet,2,128,1,1,2,none,raw,natural/thread_packet/x2/raw,4096,0,1,65536,65536,0,8,256,10,2,2191,11.091456413269043,0.0050622804259557478,32.916210500166123,1
2026-08-15T18:28:55Z,NVIDIA H200 NVL,full,normal_0_1,dot,raw_fp64,64,11,52,fp64,natural,thread_packet,2,128,1,1,2,none,raw,natural/thread_packet/x2/raw,4096,0,1,65536,65536,0,8,256,10,3,2191,11.089887619018555,0.0050615644084977427,32.916210500166123,1
2026-08-15T18:28:55Z,NVIDIA H200 NVL,full,normal_0_1,dot,raw_fp64,64,11,52,fp64,natural,thread_packet,2,128,1,1,2,none,raw,natural/thread_packet/x2/raw,4096,0,1,65536,65536,0,8,256,10,4,2191,11.088479995727539,0.0050609219514959102,32.916210500166123,1
2026-08-15T18:28:55Z,NVIDIA H200 NVL,full,normal_0_1,dot,raw_fp64,64,11,52,fp64,natural,thread_packet,2,128,1,1,2,none,raw,natural/thread_packet/x2/raw,65536,0,1,1048576,1048576,0,128,256,10,0,2021,10.721599578857422,0.0053050962785044144,424.9886156200418,1
2026-08-15T18:28:55Z,NVIDIA H200 NVL,full,normal_0_1,dot,raw_fp64,64,11,52,fp64,natural,thread_packet,2,128,1,1,2,none,raw,natural/thread_packet/x2/raw,65536,0,1,1048576,1048576,0,128,256,10,1,2021,10.723936080932617,0.0053062523903674502,424.9886156200418,1
2026-08-15T18:28:55Z,NVIDIA H200 NVL,full,normal_0_1,dot,raw_fp64,64,11,52,fp64,natural,thread_packet,2,128,1,1,2,none,raw,natural/thread_packet/x2/raw,65536,0,1,1048576,1048576,0,128,256,10,2,2021,10.723008155822754,0.005305793248798988,424.9886156200418,1
2026-08-15T18:28:55Z,NVIDIA H200 NVL,full,normal_0_1,dot,raw_fp64,64,11,52,fp64,natural,thread_packet,2,128,1,1,2,none,raw,natural/thread_packet/x2/raw,65536,0,1,1048576,1048576,0,128,256,10,3,2021,10.723232269287109,0.0053059041411613606,424.9886156200418,1
2026-08-15T18:28:55Z,NVIDIA H200 NVL,full,normal_0_1,dot,raw_fp64,64,11,52,fp64,natural,thread_packet,2,128,1,1,2,none,raw,natural/thread_packet/x2/raw,65536,0,1,1048576,1048576,0,128,256,10,4,2021,10.719807624816895,0.0053042096114878255,424.9886156200418,1
2026-08-15T18:28:55Z,NVIDIA H200 NVL,full,normal_0_1,dot,raw_fp64,64,11,52,fp64,natural,thread_packet,2,128,1,1,2,none,raw,natural/thread_packet/x2/raw,1048576,0,1,16777216,16777216,0,512,256,10,0,1498,11.857215881347656,0.0079153644067741363,-1214.7398837081478,1
2026-08-15T18:28:55Z,NVIDIA H200 NVL,full,normal_0_1,dot,raw_fp64,64,11,52,fp64,natural,thread_packet,2,128,1,1,2,none,raw,natural/thread_packet/x2/raw,1048576,0,1,16777216,16777216,0,512,256,10,1,1498,11.858336448669434,0.0079161124490450159,-1214.7398837081478,1
2026-08-15T18:28:55Z,NVIDIA H200 NVL,full,normal_0_1,dot,raw_fp64,64,11,52,fp64,natural,thread_packet,2,128,1,1,2,none,raw,natural/thread_packet/x2/raw,1048576,0,1,16777216,16777216,0,512,256,10,2,1498,11.85814380645752,0.0079159838494375964,-1214.7398837081478,1
2026-08-15T18:28:55Z,NVIDIA H200 NVL,full,normal_0_1,dot,raw_fp64,64,11,52,fp64,natural,thread_packet,2,128,1,1,2,none,raw,natural/thread_packet/x2/raw,1048576,0,1,16777216,16777216,0,512,256,10,3,1498,11.854944229125977,0.0079138479500173407,-1214.7398837081478,1
2026-08-15T18:28:55Z,NVIDIA H200 NVL,full,normal_0_1,dot,raw_fp64,64,11,52,fp64,natural,thread_packet,2,128,1,1,2,none,raw,natural/thread_packet/x2/raw,1048576,0,1,16777216,16777216,0,512,256,10,4,1498,11.853280067443848,0.0079127370276661207,-1214.7398837081478,1
2026-08-15T18:28:55Z,NVIDIA H200 NVL,full,normal_0_1,dot,raw_fp64,64,11,52,fp64,natural,thread_packet,2,128,1,1,2,none,raw,natural/thread_packet/x2/raw,16777216,0,1,268435456,268435456,0,512,256,10,0,211,14.520095825195312,0.06881562002462234,-2896.1557629640779,1
2026-08-15T18:28:55Z,NVIDIA H200 NVL,full,normal_0_1,dot,raw_fp64,64,11,52,fp64,natural,thread_packet,2,128,1,1,2,none,raw,natural/thread_packet/x2/raw,16777216,0,1,268435456,268435456,0,512,256,10,1,211,14.517151832580566,0.068801667452988463,-2896.1557629640779,1
2026-08-15T18:28:55Z,NVIDIA H200 NVL,full,normal_0_1,dot,raw_fp64,64,11,52,fp64,natural,thread_packet,2,128,1,1,2,none,raw,natural/thread_packet/x2/raw,16777216,0,1,268435456,268435456,0,512,256,10,2,211,14.502335548400879,0.068731448096686631,-2896.1557629640779,1
2026-08-15T18:28:55Z,NVIDIA H200 NVL,full,normal_0_1,dot,raw_fp64,64,11,52,fp64,natural,thread_packet,2,128,1,1,2,none,raw,natural/thread_packet/x2/raw,16777216,0,1,268435456,268435456,0,512,256,10,3,211,14.50102424621582,0.068725233394387769,-2896.1557629640779,1
2026-08-15T18:28:55Z,NVIDIA H200 NVL,full,normal_0_1,dot,raw_fp64,64,11,52,fp64,natural,thread_packet,2,128,1,1,2,none,raw,natural/thread_packet/x2/raw,16777216,0,1,268435456,268435456,0,512,256,10,4,211,14.498592376708984,0.068713707946488081,-2896.1557629640779,1
2026-08-15T18:28:55Z,NVIDIA H200 NVL,full,normal_0_1,dot,raw_fp64,64,11,52,fp64,natural,thread_packet,2,128,1,1,2,none,raw,natural/thread_packet/x2/raw,134217728,0,1,2147483648,2147483648,0,512,256,10,0,31,15.33619213104248,0.49471587519491872,13110.077467888235,1
2026-08-15T18:28:55Z,NVIDIA H200 NVL,full,normal_0_1,dot,raw_fp64,64,11,52,fp64,natural,thread_packet,2,128,1,1,2,none,raw,natural/thread_packet/x2/raw,134217728,0,1,2147483648,2147483648,0,512,256,10,1,31,15.331904411315918,0.49457756165535222,13110.077467888235,1
2026-08-15T18:28:55Z,NVIDIA H200 NVL,full,normal_0_1,dot,raw_fp64,64,11,52,fp64,natural,thread_packet,2,128,1,1,2,none,raw,natural/thread_packet/x2/raw,134217728,0,1,2147483648,2147483648,0,512,256,10,2,31,15.336959838867188,0.49474063996345768,13110.077467888235,1
2026-08-15T18:28:55Z,NVIDIA H200 NVL,full,normal_0_1,dot,raw_fp64,64,11,52,fp64,natural,thread_packet,2,128,1,1,2,none,raw,natural/thread_packet/x2/raw,134217728,0,1,2147483648,2147483648,0,512,256,10,3,31,15.334239959716797,0.49465290192634831,13110.077467888235,1
2026-08-15T18:28:55Z,NVIDIA H200 NVL,full,normal_0_1,dot,raw_fp64,64,11,52,fp64,natural,thread_packet,2,128,1,1,2,none,raw,natural/thread_packet/x2/raw,134217728,0,1,2147483648,2147483648,0,512,256,10,4,31,15.336000442504883,0.49470969169370588,13110.077467888235,1
2026-08-15T18:28:55Z,NVIDIA H200 NVL,full,normal_0_1,gemv,raw_fp64,64,11,52,fp64,natural,thread_packet,2,128,1,1,2,none,raw,natural/thread_packet/x2/raw,256,1024,1024,2099200,2099200,0,1024,256,10,0,2455,9.5874557495117188,0.0039052772910434701,18.843530593165923,1
2026-08-15T18:28:55Z,NVIDIA H200 NVL,full,normal_0_1,gemv,raw_fp64,64,11,52,fp64,natural,thread_packet,2,128,1,1,2,none,raw,natural/thread_packet/x2/raw,256,1024,1024,2099200,2099200,0,1024,256,10,1,2455,9.6146879196166992,0.0039163698246911195,18.843530593165923,1
2026-08-15T18:28:55Z,NVIDIA H200 NVL,full,normal_0_1,gemv,raw_fp64,64,11,52,fp64,natural,thread_packet,2,128,1,1,2,none,raw,natural/thread_packet/x2/raw,256,1024,1024,2099200,2099200,0,1024,256,10,2,2455,9.6114883422851562,0.0039150665345357048,18.843530593165923,1
2026-08-15T18:28:55Z,NVIDIA H200 NVL,full,normal_0_1,gemv,raw_fp64,64,11,52,fp64,natural,thread_packet,2,128,1,1,2,none,raw,natural/thread_packet/x2/raw,256,1024,1024,2099200,2099200,0,1024,256,10,3,2455,9.6156158447265625,0.0039167477982592919,18.843530593165923,1
2026-08-15T18:28:55Z,NVIDIA H200 NVL,full,normal_0_1,gemv,raw_fp64,64,11,52,fp64,natural,thread_packet,2,128,1,1,2,none,raw,natural/thread_packet/x2/raw,256,1024,1024,2099200,2099200,0,1024,256,10,4,2455,9.6310720443725586,0.0039230436025957469,18.843530593165923,1
2026-08-15T18:28:55Z,NVIDIA H200 NVL,full,normal_0_1,gemv,raw_fp64,64,11,52,fp64,natural,thread_packet,2,128,1,1,2,none,raw,natural/thread_packet/x2/raw,1024,1024,1024,8396800,8396800,0,1024,256,10,0,2084,10.190912246704102,0.0048900730550403559,17.024110028266094,1
2026-08-15T18:28:55Z,NVIDIA H200 NVL,full,normal_0_1,gemv,raw_fp64,64,11,52,fp64,natural,thread_packet,2,128,1,1,2,none,raw,natural/thread_packet/x2/raw,1024,1024,1024,8396800,8396800,0,1024,256,10,1,2084,10.196479797363281,0.0048927446244545498,17.024110028266094,1
2026-08-15T18:28:55Z,NVIDIA H200 NVL,full,normal_0_1,gemv,raw_fp64,64,11,52,fp64,natural,thread_packet,2,128,1,1,2,none,raw,natural/thread_packet/x2/raw,1024,1024,1024,8396800,8396800,0,1024,256,10,2,2084,10.198847770690918,0.0048938808880474652,17.024110028266094,1
2026-08-15T18:28:55Z,NVIDIA H200 NVL,full,normal_0_1,gemv,raw_fp64,64,11,52,fp64,natural,thread_packet,2,128,1,1,2,none,raw,natural/thread_packet/x2/raw,1024,1024,1024,8396800,8396800,0,1024,256,10,3,2084,10.198495864868164,0.0048937120272879867,17.024110028266094,1
2026-08-15T18:28:55Z,NVIDIA H200 NVL,full,normal_0_1,gemv,raw_fp64,64,11,52,fp64,natural,thread_packet,2,128,1,1,2,none,raw,natural/thread_packet/x2/raw,1024,1024,1024,8396800,8396800,0,1024,256,10,4,2084,10.197279930114746,0.0048931285653141775,17.024110028266094,1
2026-08-15T18:28:55Z,NVIDIA H200 NVL,full,normal_0_1,gemv,raw_fp64,64,11,52,fp64,natural,thread_packet,2,128,1,1,2,none,raw,natural/thread_packet/x2/raw,4096,1024,1024,33587200,33587200,0,1024,256,10,0,1400,11.883487701416016,0.0084882055010114393,32.916210500166123,1
2026-08-15T18:28:55Z,NVIDIA H200 NVL,full,normal_0_1,gemv,raw_fp64,64,11,52,fp64,natural,thread_packet,2,128,1,1,2,none,raw,natural/thread_packet/x2/raw,4096,1024,1024,33587200,33587200,0,1024,256,10,1,1400,11.892671585083008,0.0084947654179164337,32.916210500166123,1
2026-08-15T18:28:55Z,NVIDIA H200 NVL,full,normal_0_1,gemv,raw_fp64,64,11,52,fp64,natural,thread_packet,2,128,1,1,2,none,raw,natural/thread_packet/x2/raw,4096,1024,1024,33587200,33587200,0,1024,256,10,2,1400,11.870240211486816,0.0084787430082048695,32.916210500166123,1
2026-08-15T18:28:55Z,NVIDIA H200 NVL,full,normal_0_1,gemv,raw_fp64,64,11,52,fp64,natural,thread_packet,2,128,1,1,2,none,raw,natural/thread_packet/x2/raw,4096,1024,1024,33587200,33587200,0,1024,256,10,3,1400,11.877087593078613,0.0084836339950561529,32.916210500166123,1
2026-08-15T18:28:55Z,NVIDIA H200 NVL,full,normal_0_1,gemv,raw_fp64,64,11,52,fp64,natural,thread_packet,2,128,1,1,2,none,raw,natural/thread_packet/x2/raw,4096,1024,1024,33587200,33587200,0,1024,256,10,4,1400,11.870816230773926,0.0084791544505528043,32.916210500166123,1
2026-08-15T18:28:55Z,NVIDIA H200 NVL,full,normal_0_1,gemv,raw_fp64,64,11,52,fp64,natural,thread_packet,2,128,1,1,2,none,raw,natural/thread_packet/x2/raw,16384,1024,1024,134348800,134348800,0,1024,256,10,0,358,13.642208099365234,0.03810672653453976,14.335791721456317,1
2026-08-15T18:28:55Z,NVIDIA H200 NVL,full,normal_0_1,gemv,raw_fp64,64,11,52,fp64,natural,thread_packet,2,128,1,1,2,none,raw,natural/thread_packet/x2/raw,16384,1024,1024,134348800,134348800,0,1024,256,10,1,358,13.632479667663574,0.038079552144311662,14.335791721456317,1
2026-08-15T18:28:55Z,NVIDIA H200 NVL,full,normal_0_1,gemv,raw_fp64,64,11,52,fp64,natural,thread_packet,2,128,1,1,2,none,raw,natural/thread_packet/x2/raw,16384,1024,1024,134348800,134348800,0,1024,256,10,2,358,13.629728317260742,0.038071866807990899,14.335791721456317,1
2026-08-15T18:28:55Z,NVIDIA H200 NVL,full,normal_0_1,gemv,raw_fp64,64,11,52,fp64,natural,thread_packet,2,128,1,1,2,none,raw,natural/thread_packet/x2/raw,16384,1024,1024,134348800,134348800,0,1024,256,10,3,358,13.648096084594727,0.038123173420655659,14.335791721456317,1
2026-08-15T18:28:55Z,NVIDIA H200 NVL,full,normal_0_1,gemv,raw_fp64,64,11,52,fp64,natural,thread_packet,2,128,1,1,2,none,raw,natural/thread_packet/x2/raw,16384,1024,1024,134348800,134348800,0,1024,256,10,4,358,13.649087905883789,0.038125943871183766,14.335791721456317,1
2026-08-15T18:28:55Z,NVIDIA H200 NVL,full,normal_0_1,gemv,raw_fp64,64,11,52,fp64,natural,thread_packet,2,128,1,1,2,none,raw,natural/thread_packet/x2/raw,65536,1024,1024,537395200,537395200,0,1024,256,10,0,113,14.966048240661621,0.13244290478461612,424.98861562004186,1
2026-08-15T18:28:55Z,NVIDIA H200 NVL,full,normal_0_1,gemv,raw_fp64,64,11,52,fp64,natural,thread_packet,2,128,1,1,2,none,raw,natural/thread_packet/x2/raw,65536,1024,1024,537395200,537395200,0,1024,256,10,1,113,15.001824378967285,0.13275950777847156,424.98861562004186,1
2026-08-15T18:28:55Z,NVIDIA H200 NVL,full,normal_0_1,gemv,raw_fp64,64,11,52,fp64,natural,thread_packet,2,128,1,1,2,none,raw,natural/thread_packet/x2/raw,65536,1024,1024,537395200,537395200,0,1024,256,10,2,113,14.994688034057617,0.13269635428369572,424.98861562004186,1
2026-08-15T18:28:55Z,NVIDIA H200 NVL,full,normal_0_1,gemv,raw_fp64,64,11,52,fp64,natural,thread_packet,2,128,1,1,2,none,raw,natural/thread_packet/x2/raw,65536,1024,1024,537395200,537395200,0,1024,256,10,3,113,14.996607780456543,0.1327133431898809,424.98861562004186,1
2026-08-15T18:28:55Z,NVIDIA H200 NVL,full,normal_0_1,gemv,raw_fp64,64,11,52,fp64,natural,thread_packet,2,128,1,1,2,none,raw,natural/thread_packet/x2/raw,65536,1024,1024,537395200,537395200,0,1024,256,10,4,113,14.980735778808594,0.13257288299830614,424.98861562004186,1
2026-08-15T18:28:55Z,NVIDIA H200 NVL,full,normal_0_1,dot,raw_fp64,64,11,52,fp64,natural,thread_packet,4,128,1,1,4,none,raw,natural/thread_packet/x4/raw,4096,0,1,65536,65536,0,4,256,10,0,2065,10.95241641998291,0.0053038336174251379,32.916210500166137,1
2026-08-15T18:28:55Z,NVIDIA H200 NVL,full,normal_0_1,dot,raw_fp64,64,11,52,fp64,natural,thread_packet,4,128,1,1,4,none,raw,natural/thread_packet/x4/raw,4096,0,1,65536,65536,0,4,256,10,1,2065,10.994367599487305,0.0053241489585894941,32.916210500166137,1
2026-08-15T18:28:55Z,NVIDIA H200 NVL,full,normal_0_1,dot,raw_fp64,64,11,52,fp64,natural,thread_packet,4,128,1,1,4,none,raw,natural/thread_packet/x4/raw,4096,0,1,65536,65536,0,4,256,10,2,2065,10.979680061340332,0.0053170363493173518,32.916210500166137,1
2026-08-15T18:28:55Z,NVIDIA H200 NVL,full,normal_0_1,dot,raw_fp64,64,11,52,fp64,natural,thread_packet,4,128,1,1,4,none,raw,natural/thread_packet/x4/raw,4096,0,1,65536,65536,0,4,256,10,3,2065,10.95798397064209,0.0053065297678654188,32.916210500166137,1
2026-08-15T18:28:55Z,NVIDIA H200 NVL,full,normal_0_1,dot,raw_fp64,64,11,52,fp64,natural,thread_packet,4,128,1,1,4,none,raw,natural/thread_packet/x4/raw,4096,0,1,65536,65536,0,4,256,10,4,2065,10.943936347961426,0.0052997270450176395,32.916210500166137,1
2026-08-15T18:28:55Z,NVIDIA H200 NVL,full,normal_0_1,dot,raw_fp64,64,11,52,fp64,natural,thread_packet,4,128,1,1,4,none,raw,natural/thread_packet/x4/raw,65536,0,1,1048576,1048576,0,64,256,10,0,1995,10.863807678222656,0.0054455176331943142,424.98861562004174,1
2026-08-15T18:28:55Z,NVIDIA H200 NVL,full,normal_0_1,dot,raw_fp64,64,11,52,fp64,natural,thread_packet,4,128,1,1,4,none,raw,natural/thread_packet/x4/raw,65536,0,1,1048576,1048576,0,64,256,10,1,1995,10.86188793182373,0.0054445553542976088,424.98861562004174,1
2026-08-15T18:28:55Z,NVIDIA H200 NVL,full,normal_0_1,dot,raw_fp64,64,11,52,fp64,natural,thread_packet,4,128,1,1,4,none,raw,natural/thread_packet/x4/raw,65536,0,1,1048576,1048576,0,64,256,10,2,1995,10.861408233642578,0.0054443149040814924,424.98861562004174,1
2026-08-15T18:28:55Z,NVIDIA H200 NVL,full,normal_0_1,dot,raw_fp64,64,11,52,fp64,natural,thread_packet,4,128,1,1,4,none,raw,natural/thread_packet/x4/raw,65536,0,1,1048576,1048576,0,64,256,10,3,1995,10.862815856933594,0.0054450204796659615,424.98861562004174,1
2026-08-15T18:28:55Z,NVIDIA H200 NVL,full,normal_0_1,dot,raw_fp64,64,11,52,fp64,natural,thread_packet,4,128,1,1,4,none,raw,natural/thread_packet/x4/raw,65536,0,1,1048576,1048576,0,64,256,10,4,1995,10.859999656677246,0.0054436088504647854,424.98861562004174,1
2026-08-15T18:28:55Z,NVIDIA H200 NVL,full,normal_0_1,dot,raw_fp64,64,11,52,fp64,natural,thread_packet,4,128,1,1,4,none,raw,natural/thread_packet/x4/raw,1048576,0,1,16777216,16777216,0,512,256,10,0,1421,12.248096466064453,0.0086193500816780112,-1214.739883708148,1
2026-08-15T18:28:55Z,NVIDIA H200 NVL,full,normal_0_1,dot,raw_fp64,64,11,52,fp64,natural,thread_packet,4,128,1,1,4,none,raw,natural/thread_packet/x4/raw,1048576,0,1,16777216,16777216,0,512,256,10,1,1421,12.247648239135742,0.0086190346510455606,-1214.739883708148,1
2026-08-15T18:28:55Z,NVIDIA H200 NVL,full,normal_0_1,dot,raw_fp64,64,11,52,fp64,natural,thread_packet,4,128,1,1,4,none,raw,natural/thread_packet/x4/raw,1048576,0,1,16777216,16777216,0,512,256,10,2,1421,12.258655548095703,0.0086267808220237188,-1214.739883708148,1
2026-08-15T18:28:55Z,NVIDIA H200 NVL,full,normal_0_1,dot,raw_fp64,64,11,52,fp64,natural,thread_packet,4,128,1,1,4,none,raw,natural/thread_packet/x4/raw,1048576,0,1,16777216,16777216,0,512,256,10,3,1421,12.257887840270996,0.0086262405631745229,-1214.739883708148,1
2026-08-15T18:28:55Z,NVIDIA H200 NVL,full,normal_0_1,dot,raw_fp64,64,11,52,fp64,natural,thread_packet,4,128,1,1,4,none,raw,natural/thread_packet/x4/raw,1048576,0,1,16777216,16777216,0,512,256,10,4,1421,12.25494384765625,0.0086241687879354319,-1214.739883708148,1
2026-08-15T18:28:55Z,NVIDIA H200 NVL,full,normal_0_1,dot,raw_fp64,64,11,52,fp64,natural,thread_packet,4,128,1,1,4,none,raw,natural/thread_packet/x4/raw,16777216,0,1,268435456,268435456,0,512,256,10,0,211,14.675807952880859,0.069553592193748154,-2896.1557629640774,1
2026-08-15T18:28:55Z,NVIDIA H200 NVL,full,normal_0_1,dot,raw_fp64,64,11,52,fp64,natural,thread_packet,4,128,1,1,4,none,raw,natural/thread_packet/x4/raw,16777216,0,1,268435456,268435456,0,512,256,10,1,211,14.664768218994141,0.06950127118006702,-2896.1557629640774,1
2026-08-15T18:28:55Z,NVIDIA H200 NVL,full,normal_0_1,dot,raw_fp64,64,11,52,fp64,natural,thread_packet,4,128,1,1,4,none,raw,natural/thread_packet/x4/raw,16777216,0,1,268435456,268435456,0,512,256,10,2,211,14.685759544372559,0.069600756134467104,-2896.1557629640774,1
2026-08-15T18:28:55Z,NVIDIA H200 NVL,full,normal_0_1,dot,raw_fp64,64,11,52,fp64,natural,thread_packet,4,128,1,1,4,none,raw,natural/thread_packet/x4/raw,16777216,0,1,268435456,268435456,0,512,256,10,3,211,14.664031982421875,0.069497781907212675,-2896.1557629640774,1
2026-08-15T18:28:55Z,NVIDIA H200 NVL,full,normal_0_1,dot,raw_fp64,64,11,52,fp64,natural,thread_packet,4,128,1,1,4,none,raw,natural/thread_packet/x4/raw,16777216,0,1,268435456,268435456,0,512,256,10,4,211,14.652031898498535,0.069440909471557039,-2896.1557629640774,1
2026-08-15T18:28:55Z,NVIDIA H200 NVL,full,normal_0_1,dot,raw_fp64,64,11,52,fp64,natural,thread_packet,4,128,1,1,4,none,raw,natural/thread_packet/x4/raw,134217728,0,1,2147483648,2147483648,0,512,256,10,0,30,15.069631576538086,0.50232105255126958,13110.07746788823,1
2026-08-15T18:28:55Z,NVIDIA H200 NVL,full,normal_0_1,dot,raw_fp64,64,11,52,fp64,natural,thread_packet,4,128,1,1,4,none,raw,natural/thread_packet/x4/raw,134217728,0,1,2147483648,2147483648,0,512,256,10,1,30,15.037216186523438,0.50124053955078129,13110.07746788823,1
2026-08-15T18:28:55Z,NVIDIA H200 NVL,full,normal_0_1,dot,raw_fp64,64,11,52,fp64,natural,thread_packet,4,128,1,1,4,none,raw,natural/thread_packet/x4/raw,134217728,0,1,2147483648,2147483648,0,512,256,10,2,30,15.065888404846191,0.50219628016153972,13110.07746788823,1
2026-08-15T18:28:55Z,NVIDIA H200 NVL,full,normal_0_1,dot,raw_fp64,64,11,52,fp64,natural,thread_packet,4,128,1,1,4,none,raw,natural/thread_packet/x4/raw,134217728,0,1,2147483648,2147483648,0,512,256,10,3,30,15.066752433776855,0.50222508112589515,13110.07746788823,1
2026-08-15T18:28:55Z,NVIDIA H200 NVL,full,normal_0_1,dot,raw_fp64,64,11,52,fp64,natural,thread_packet,4,128,1,1,4,none,raw,natural/thread_packet/x4/raw,134217728,0,1,2147483648,2147483648,0,512,256,10,4,30,15.060319900512695,0.50201066335042321,13110.07746788823,1
2026-08-15T18:28:55Z,NVIDIA H200 NVL,full,normal_0_1,gemv,raw_fp64,64,11,52,fp64,natural,thread_packet,4,128,1,1,4,none,raw,natural/thread_packet/x4/raw,256,1024,1024,2099200,2099200,0,1024,256,10,0,2344,9.9014396667480469,0.004224163680353262,18.843530593165923,1
2026-08-15T18:28:55Z,NVIDIA H200 NVL,full,normal_0_1,gemv,raw_fp64,64,11,52,fp64,natural,thread_packet,4,128,1,1,4,none,raw,natural/thread_packet/x4/raw,256,1024,1024,2099200,2099200,0,1024,256,10,1,2344,9.8980159759521484,0.004222703061413033,18.843530593165923,1
2026-08-15T18:28:55Z,NVIDIA H200 NVL,full,normal_0_1,gemv,raw_fp64,64,11,52,fp64,natural,thread_packet,4,128,1,1,4,none,raw,natural/thread_packet/x4/raw,256,1024,1024,2099200,2099200,0,1024,256,10,2,2344,9.8961601257324219,0.0042219113164387468,18.843530593165923,1
2026-08-15T18:28:55Z,NVIDIA H200 NVL,full,normal_0_1,gemv,raw_fp64,64,11,52,fp64,natural,thread_packet,4,128,1,1,4,none,raw,natural/thread_packet/x4/raw,256,1024,1024,2099200,2099200,0,1024,256,10,3,2344,9.8928318023681641,0.0042204913832628683,18.843530593165923,1
2026-08-15T18:28:55Z,NVIDIA H200 NVL,full,normal_0_1,gemv,raw_fp64,64,11,52,fp64,natural,thread_packet,4,128,1,1,4,none,raw,natural/thread_packet/x4/raw,256,1024,1024,2099200,2099200,0,1024,256,10,4,2344,9.8886079788208008,0.0042186894107597269,18.843530593165923,1
2026-08-15T18:28:55Z,NVIDIA H200 NVL,full,normal_0_1,gemv,raw_fp64,64,11,52,fp64,natural,thread_packet,4,128,1,1,4,none,raw,natural/thread_packet/x4/raw,1024,1024,1024,8396800,8396800,0,1024,256,10,0,1853,11.221599578857422,0.0060559091089354682,17.024110028266101,1
2026-08-15T18:28:55Z,NVIDIA H200 NVL,full,normal_0_1,gemv,raw_fp64,64,11,52,fp64,natural,thread_packet,4,128,1,1,4,none,raw,natural/thread_packet/x4/raw,1024,1024,1024,8396800,8396800,0,1024,256,10,1,1853,11.223584175109863,0.0060569801268806605,17.024110028266101,1
2026-08-15T18:28:55Z,NVIDIA H200 NVL,full,normal_0_1,gemv,raw_fp64,64,11,52,fp64,natural,thread_packet,4,128,1,1,4,none,raw,natural/thread_packet/x4/raw,1024,1024,1024,8396800,8396800,0,1024,256,10,2,1853,11.225919723510742,0.0060582405415600333,17.024110028266101,1
2026-08-15T18:28:55Z,NVIDIA H200 NVL,full,normal_0_1,gemv,raw_fp64,64,11,52,fp64,natural,thread_packet,4,128,1,1,4,none,raw,natural/thread_packet/x4/raw,1024,1024,1024,8396800,8396800,0,1024,256,10,3,1853,11.22815990447998,0.0060594494897355531,17.024110028266101,1
2026-08-15T18:28:55Z,NVIDIA H200 NVL,full,normal_0_1,gemv,raw_fp64,64,11,52,fp64,natural,thread_packet,4,128,1,1,4,none,raw,natural/thread_packet/x4/raw,1024,1024,1024,8396800,8396800,0,1024,256,10,4,1853,11.229311943054199,0.0060600712051021039,17.024110028266101,1
2026-08-15T18:28:55Z,NVIDIA H200 NVL,full,normal_0_1,gemv,raw_fp64,64,11,52,fp64,natural,thread_packet,4,128,1,1,4,none,raw,natural/thread_packet/x4/raw,4096,1024,1024,33587200,33587200,0,1024,256,10,0,992,12.953472137451172,0.013057935622430617,32.916210500166144,1
2026-08-15T18:28:55Z,NVIDIA H200 NVL,full,normal_0_1,gemv,raw_fp64,64,11,52,fp64,natural,thread_packet,4,128,1,1,4,none,raw,natural/thread_packet/x4/raw,4096,1024,1024,33587200,33587200,0,1024,256,10,1,992,12.931008338928223,0.013035290664242159,32.916210500166144,1
2026-08-15T18:28:55Z,NVIDIA H200 NVL,full,normal_0_1,gemv,raw_fp64,64,11,52,fp64,natural,thread_packet,4,128,1,1,4,none,raw,natural/thread_packet/x4/raw,4096,1024,1024,33587200,33587200,0,1024,256,10,2,992,12.919520378112793,0.013023710058581444,32.916210500166144,1
2026-08-15T18:28:55Z,NVIDIA H200 NVL,full,normal_0_1,gemv,raw_fp64,64,11,52,fp64,natural,thread_packet,4,128,1,1,4,none,raw,natural/thread_packet/x4/raw,4096,1024,1024,33587200,33587200,0,1024,256,10,3,992,12.906496047973633,0.013010580693521807,32.916210500166144,1
2026-08-15T18:28:55Z,NVIDIA H200 NVL,full,normal_0_1,gemv,raw_fp64,64,11,52,fp64,natural,thread_packet,4,128,1,1,4,none,raw,natural/thread_packet/x4/raw,4096,1024,1024,33587200,33587200,0,1024,256,10,4,992,12.902400016784668,0.013006451629823255,32.916210500166144,1
2026-08-15T18:28:55Z,NVIDIA H200 NVL,full,normal_0_1,gemv,raw_fp64,64,11,52,fp64,natural,thread_packet,4,128,1,1,4,none,raw,natural/thread_packet/x4/raw,16384,1024,1024,134348800,134348800,0,1024,256,10,0,347,14.591775894165039,0.042051227360706163,14.335791721456317,1
2026-08-15T18:28:55Z,NVIDIA H200 NVL,full,normal_0_1,gemv,raw_fp64,64,11,52,fp64,natural,thread_packet,4,128,1,1,4,none,raw,natural/thread_packet/x4/raw,16384,1024,1024,134348800,134348800,0,1024,256,10,1,347,14.611071586608887,0.042106834543541458,14.335791721456317,1
2026-08-15T18:28:55Z,NVIDIA H200 NVL,full,normal_0_1,gemv,raw_fp64,64,11,52,fp64,natural,thread_packet,4,128,1,1,4,none,raw,natural/thread_packet/x4/raw,16384,1024,1024,134348800,134348800,0,1024,256,10,2,347,14.611040115356445,0.042106743848289468,14.335791721456317,1
2026-08-15T18:28:55Z,NVIDIA H200 NVL,full,normal_0_1,gemv,raw_fp64,64,11,52,fp64,natural,thread_packet,4,128,1,1,4,none,raw,natural/thread_packet/x4/raw,16384,1024,1024,134348800,134348800,0,1024,256,10,3,347,14.617759704589844,0.042126108658760354,14.335791721456317,1
2026-08-15T18:28:55Z,NVIDIA H200 NVL,full,normal_0_1,gemv,raw_fp64,64,11,52,fp64,natural,thread_packet,4,128,1,1,4,none,raw,natural/thread_packet/x4/raw,16384,1024,1024,134348800,134348800,0,1024,256,10,4,347,14.634304046630859,0.042173786877898731,14.335791721456317,1
2026-08-15T18:28:55Z,NVIDIA H200 NVL,full,normal_0_1,gemv,raw_fp64,64,11,52,fp64,natural,thread_packet,4,128,1,1,4,none,raw,natural/thread_packet/x4/raw,65536,1024,1024,537395200,537395200,0,1024,256,10,0,97,14.8721923828125,0.15332157095682988,424.98861562004163,1
2026-08-15T18:28:55Z,NVIDIA H200 NVL,full,normal_0_1,gemv,raw_fp64,64,11,52,fp64,natural,thread_packet,4,128,1,1,4,none,raw,natural/thread_packet/x4/raw,65536,1024,1024,537395200,537395200,0,1024,256,10,1,97,14.849823951721191,0.15309096857444526,424.98861562004163,1
2026-08-15T18:28:55Z,NVIDIA H200 NVL,full,normal_0_1,gemv,raw_fp64,64,11,52,fp64,natural,thread_packet,4,128,1,1,4,none,raw,natural/thread_packet/x4/raw,65536,1024,1024,537395200,537395200,0,1024,256,10,2,97,14.879167556762695,0.15339347996662572,424.98861562004163,1
2026-08-15T18:28:55Z,NVIDIA H200 NVL,full,normal_0_1,gemv,raw_fp64,64,11,52,fp64,natural,thread_packet,4,128,1,1,4,none,raw,natural/thread_packet/x4/raw,65536,1024,1024,537395200,537395200,0,1024,256,10,3,97,14.851967811584473,0.15311307022252033,424.98861562004163,1
2026-08-15T18:28:55Z,NVIDIA H200 NVL,full,normal_0_1,gemv,raw_fp64,64,11,52,fp64,natural,thread_packet,4,128,1,1,4,none,raw,natural/thread_packet/x4/raw,65536,1024,1024,537395200,537395200,0,1024,256,10,4,97,14.86188793182373,0.15321533950333743,424.98861562004163,1
2026-08-15T18:28:55Z,NVIDIA H200 NVL,full,normal_0_1,dot,raw_fp64,64,11,52,fp64,natural,thread_packet,8,128,1,1,8,none,raw,natural/thread_packet/x8/raw,4096,0,1,65536,65536,0,2,256,10,0,1853,11.142239570617676,0.0060130812577537376,32.91621050016613,1
2026-08-15T18:28:55Z,NVIDIA H200 NVL,full,normal_0_1,dot,raw_fp64,64,11,52,fp64,natural,thread_packet,8,128,1,1,8,none,raw,natural/thread_packet/x8/raw,4096,0,1,65536,65536,0,2,256,10,1,1853,11.14799976348877,0.0060161898345864918,32.91621050016613,1
2026-08-15T18:28:55Z,NVIDIA H200 NVL,full,normal_0_1,dot,raw_fp64,64,11,52,fp64,natural,thread_packet,8,128,1,1,8,none,raw,natural/thread_packet/x8/raw,4096,0,1,65536,65536,0,2,256,10,2,1853,11.145759582519531,0.006014980886410972,32.91621050016613,1
2026-08-15T18:28:55Z,NVIDIA H200 NVL,full,normal_0_1,dot,raw_fp64,64,11,52,fp64,natural,thread_packet,8,128,1,1,8,none,raw,natural/thread_packet/x8/raw,4096,0,1,65536,65536,0,2,256,10,3,1853,11.143744468688965,0.0060138933991845467,32.91621050016613,1
2026-08-15T18:28:55Z,NVIDIA H200 NVL,full,normal_0_1,dot,raw_fp64,64,11,52,fp64,natural,thread_packet,8,128,1,1,8,none,raw,natural/thread_packet/x8/raw,4096,0,1,65536,65536,0,2,256,10,4,1853,11.14243221282959,0.0060131852200915221,32.91621050016613,1
2026-08-15T18:28:55Z,NVIDIA H200 NVL,full,normal_0_1,dot,raw_fp64,64,11,52,fp64,natural,thread_packet,8,128,1,1,8,none,raw,natural/thread_packet/x8/raw,65536,0,1,1048576,1048576,0,32,256,10,0,1810,11.32374382019043,0.0062562120553538289,424.98861562004174,1
2026-08-15T18:28:55Z,NVIDIA H200 NVL,full,normal_0_1,dot,raw_fp64,64,11,52,fp64,natural,thread_packet,8,128,1,1,8,none,raw,natural/thread_packet/x8/raw,65536,0,1,1048576,1048576,0,32,256,10,1,1810,11.321311950683594,0.0062548684810406598,424.98861562004174,1
2026-08-15T18:28:55Z,NVIDIA H200 NVL,full,normal_0_1,dot,raw_fp64,64,11,52,fp64,natural,thread_packet,8,128,1,1,8,none,raw,natural/thread_packet/x8/raw,65536,0,1,1048576,1048576,0,32,256,10,2,1810,11.322784423828125,0.0062556820021149864,424.98861562004174,1
2026-08-15T18:28:55Z,NVIDIA H200 NVL,full,normal_0_1,dot,raw_fp64,64,11,52,fp64,natural,thread_packet,8,128,1,1,8,none,raw,natural/thread_packet/x8/raw,65536,0,1,1048576,1048576,0,32,256,10,3,1810,11.322527885437012,0.0062555402681972443,424.98861562004174,1
2026-08-15T18:28:55Z,NVIDIA H200 NVL,full,normal_0_1,dot,raw_fp64,64,11,52,fp64,natural,thread_packet,8,128,1,1,8,none,raw,natural/thread_packet/x8/raw,65536,0,1,1048576,1048576,0,32,256,10,4,1810,11.321215629577637,0.0062548152649600204,424.98861562004174,1
2026-08-15T18:28:55Z,NVIDIA H200 NVL,full,normal_0_1,dot,raw_fp64,64,11,52,fp64,natural,thread_packet,8,128,1,1,8,none,raw,natural/thread_packet/x8/raw,1048576,0,1,16777216,16777216,0,512,256,10,0,1169,12.523615837097168,0.010713101657054891,-1214.7398837081475,1
2026-08-15T18:28:55Z,NVIDIA H200 NVL,full,normal_0_1,dot,raw_fp64,64,11,52,fp64,natural,thread_packet,8,128,1,1,8,none,raw,natural/thread_packet/x8/raw,1048576,0,1,16777216,16777216,0,512,256,10,1,1169,12.522144317626953,0.010711842872221516,-1214.7398837081475,1
2026-08-15T18:28:55Z,NVIDIA H200 NVL,full,normal_0_1,dot,raw_fp64,64,11,52,fp64,natural,thread_packet,8,128,1,1,8,none,raw,natural/thread_packet/x8/raw,1048576,0,1,16777216,16777216,0,512,256,10,2,1169,12.529791831970215,0.010718384800658867,-1214.7398837081475,1
2026-08-15T18:28:55Z,NVIDIA H200 NVL,full,normal_0_1,dot,raw_fp64,64,11,52,fp64,natural,thread_packet,8,128,1,1,8,none,raw,natural/thread_packet/x8/raw,1048576,0,1,16777216,16777216,0,512,256,10,3,1169,12.529631614685059,0.010718247745667287,-1214.7398837081475,1
2026-08-15T18:28:55Z,NVIDIA H200 NVL,full,normal_0_1,dot,raw_fp64,64,11,52,fp64,natural,thread_packet,8,128,1,1,8,none,raw,natural/thread_packet/x8/raw,1048576,0,1,16777216,16777216,0,512,256,10,4,1169,12.559776306152344,0.010744034479172236,-1214.7398837081475,1
2026-08-15T18:28:55Z,NVIDIA H200 NVL,full,normal_0_1,dot,raw_fp64,64,11,52,fp64,natural,thread_packet,8,128,1,1,8,none,raw,natural/thread_packet/x8/raw,16777216,0,1,268435456,268435456,0,512,256,10,0,174,14.925024032592773,0.085776000187314794,-2896.1557629640783,1
2026-08-15T18:28:55Z,NVIDIA H200 NVL,full,normal_0_1,dot,raw_fp64,64,11,52,fp64,natural,thread_packet,8,128,1,1,8,none,raw,natural/thread_packet/x8/raw,16777216,0,1,268435456,268435456,0,512,256,10,1,174,14.929759979248047,0.085803218271540499,-2896.1557629640783,1
2026-08-15T18:28:55Z,NVIDIA H200 NVL,full,normal_0_1,dot,raw_fp64,64,11,52,fp64,natural,thread_packet,8,128,1,1,8,none,raw,natural/thread_packet/x8/raw,16777216,0,1,268435456,268435456,0,512,256,10,2,174,14.923904418945312,0.085769565626122479,-2896.1557629640783,1
2026-08-15T18:28:55Z,NVIDIA H200 NVL,full,normal_0_1,dot,raw_fp64,64,11,52,fp64,natural,thread_packet,8,128,1,1,8,none,raw,natural/thread_packet/x8/raw,16777216,0,1,268435456,268435456,0,512,256,10,3,174,14.91215991973877,0.085702068504245804,-2896.1557629640783,1
2026-08-15T18:28:55Z,NVIDIA H200 NVL,full,normal_0_1,dot,raw_fp64,64,11,52,fp64,natural,thread_packet,8,128,1,1,8,none,raw,natural/thread_packet/x8/raw,16777216,0,1,268435456,268435456,0,512,256,10,4,174,14.926015853881836,0.085781700309665726,-2896.1557629640783,1
2026-08-15T18:28:55Z,NVIDIA H200 NVL,full,normal_0_1,dot,raw_fp64,64,11,52,fp64,natural,thread_packet,8,128,1,1,8,none,raw,natural/thread_packet/x8/raw,134217728,0,1,2147483648,2147483648,0,512,256,10,0,25,15.280032157897949,0.61120128631591797,13110.077467888219,1
2026-08-15T18:28:55Z,NVIDIA H200 NVL,full,normal_0_1,dot,raw_fp64,64,11,52,fp64,natural,thread_packet,8,128,1,1,8,none,raw,natural/thread_packet/x8/raw,134217728,0,1,2147483648,2147483648,0,512,256,10,1,25,15.229120254516602,0.60916481018066404,13110.077467888219,1
2026-08-15T18:28:55Z,NVIDIA H200 NVL,full,normal_0_1,dot,raw_fp64,64,11,52,fp64,natural,thread_packet,8,128,1,1,8,none,raw,natural/thread_packet/x8/raw,134217728,0,1,2147483648,2147483648,0,512,256,10,2,25,15.252351760864258,0.61009407043457031,13110.077467888219,1
2026-08-15T18:28:55Z,NVIDIA H200 NVL,full,normal_0_1,dot,raw_fp64,64,11,52,fp64,natural,thread_packet,8,128,1,1,8,none,raw,natural/thread_packet/x8/raw,134217728,0,1,2147483648,2147483648,0,512,256,10,3,25,15.237536430358887,0.60950145721435545,13110.077467888219,1
2026-08-15T18:28:55Z,NVIDIA H200 NVL,full,normal_0_1,dot,raw_fp64,64,11,52,fp64,natural,thread_packet,8,128,1,1,8,none,raw,natural/thread_packet/x8/raw,134217728,0,1,2147483648,2147483648,0,512,256,10,4,25,15.235967636108398,0.60943870544433598,13110.077467888219,1
2026-08-15T18:28:55Z,NVIDIA H200 NVL,full,normal_0_1,gemv,raw_fp64,64,11,52,fp64,natural,thread_packet,8,128,1,1,8,none,raw,natural/thread_packet/x8/raw,256,1024,1024,2099200,2099200,0,1024,256,10,0,2212,10.608927726745605,0.0047960794424708889,18.843530593165923,1
2026-08-15T18:28:55Z,NVIDIA H200 NVL,full,normal_0_1,gemv,raw_fp64,64,11,52,fp64,natural,thread_packet,8,128,1,1,8,none,raw,natural/thread_packet/x8/raw,256,1024,1024,2099200,2099200,0,1024,256,10,1,2212,10.615232467651367,0.0047989296870033305,18.843530593165923,1
2026-08-15T18:28:55Z,NVIDIA H200 NVL,full,normal_0_1,gemv,raw_fp64,64,11,52,fp64,natural,thread_packet,8,128,1,1,8,none,raw,natural/thread_packet/x8/raw,256,1024,1024,2099200,2099200,0,1024,256,10,2,2212,10.618816375732422,0.0048005498986132102,18.843530593165923,1
2026-08-15T18:28:55Z,NVIDIA H200 NVL,full,normal_0_1,gemv,raw_fp64,64,11,52,fp64,natural,thread_packet,8,128,1,1,8,none,raw,natural/thread_packet/x8/raw,256,1024,1024,2099200,2099200,0,1024,256,10,3,2212,10.622207641601562,0.0048020830206155348,18.843530593165923,1
2026-08-15T18:28:55Z,NVIDIA H200 NVL,full,normal_0_1,gemv,raw_fp64,64,11,52,fp64,natural,thread_packet,8,128,1,1,8,none,raw,natural/thread_packet/x8/raw,256,1024,1024,2099200,2099200,0,1024,256,10,4,2212,10.621024131774902,0.004801547980006737,18.843530593165923,1
2026-08-15T18:28:55Z,NVIDIA H200 NVL,full,normal_0_1,gemv,raw_fp64,64,11,52,fp64,natural,thread_packet,8,128,1,1,8,none,raw,natural/thread_packet/x8/raw,1024,1024,1024,8396800,8396800,0,1024,256,10,0,1438,12.011263847351074,0.0083527565002441406,17.024110028266087,1
2026-08-15T18:28:55Z,NVIDIA H200 NVL,full,normal_0_1,gemv,raw_fp64,64,11,52,fp64,natural,thread_packet,8,128,1,1,8,none,raw,natural/thread_packet/x8/raw,1024,1024,1024,8396800,8396800,0,1024,256,10,1,1438,11.996031761169434,0.0083421639507436952,17.024110028266087,1
2026-08-15T18:28:55Z,NVIDIA H200 NVL,full,normal_0_1,gemv,raw_fp64,64,11,52,fp64,natural,thread_packet,8,128,1,1,8,none,raw,natural/thread_packet/x8/raw,1024,1024,1024,8396800,8396800,0,1024,256,10,2,1438,12.013631820678711,0.0083544032132675319,17.024110028266087,1
2026-08-15T18:28:55Z,NVIDIA H200 NVL,full,normal_0_1,gemv,raw_fp64,64,11,52,fp64,natural,thread_packet,8,128,1,1,8,none,raw,natural/thread_packet/x8/raw,1024,1024,1024,8396800,8396800,0,1024,256,10,3,1438,12.026016235351562,0.0083630154626923251,17.024110028266087,1
2026-08-15T18:28:55Z,NVIDIA H200 NVL,full,normal_0_1,gemv,raw_fp64,64,11,52,fp64,natural,thread_packet,8,128,1,1,8,none,raw,natural/thread_packet/x8/raw,1024,1024,1024,8396800,8396800,0,1024,256,10,4,1438,12.030559539794922,0.0083661749233622552,17.024110028266087,1
2026-08-15T18:28:55Z,NVIDIA H200 NVL,full,normal_0_1,gemv,raw_fp64,64,11,52,fp64,natural,thread_packet,8,128,1,1,8,none,raw,natural/thread_packet/x8/raw,4096,1024,1024,33587200,33587200,0,1024,256,10,0,572,12.875167846679688,0.022509034696992461,32.916210500166123,1
2026-08-15T18:28:55Z,NVIDIA H200 NVL,full,normal_0_1,gemv,raw_fp64,64,11,52,fp64,natural,thread_packet,8,128,1,1,8,none,raw,natural/thread_packet/x8/raw,4096,1024,1024,33587200,33587200,0,1024,256,10,1,572,12.872223854064941,0.022503887856756891,32.916210500166123,1
2026-08-15T18:28:55Z,NVIDIA H200 NVL,full,normal_0_1,gemv,raw_fp64,64,11,52,fp64,natural,thread_packet,8,128,1,1,8,none,raw,natural/thread_packet/x8/raw,4096,1024,1024,33587200,33587200,0,1024,256,10,2,572,12.873248100280762,0.022505678496994339,32.916210500166123,1
2026-08-15T18:28:55Z,NVIDIA H200 NVL,full,normal_0_1,gemv,raw_fp64,64,11,52,fp64,natural,thread_packet,8,128,1,1,8,none,raw,natural/thread_packet/x8/raw,4096,1024,1024,33587200,33587200,0,1024,256,10,3,572,12.873855590820312,0.022506740543392155,32.916210500166123,1
2026-08-15T18:28:55Z,NVIDIA H200 NVL,full,normal_0_1,gemv,raw_fp64,64,11,52,fp64,natural,thread_packet,8,128,1,1,8,none,raw,natural/thread_packet/x8/raw,4096,1024,1024,33587200,33587200,0,1024,256,10,4,572,12.870464324951172,0.022500811756907643,32.916210500166123,1
2026-08-15T18:28:55Z,NVIDIA H200 NVL,full,normal_0_1,gemv,raw_fp64,64,11,52,fp64,natural,thread_packet,8,128,1,1,8,none,raw,natural/thread_packet/x8/raw,16384,1024,1024,134348800,134348800,0,1024,256,10,0,182,14.531583786010742,0.079843866956102974,14.335791721456346,1
2026-08-15T18:28:55Z,NVIDIA H200 NVL,full,normal_0_1,gemv,raw_fp64,64,11,52,fp64,natural,thread_packet,8,128,1,1,8,none,raw,natural/thread_packet/x8/raw,16384,1024,1024,134348800,134348800,0,1024,256,10,1,182,14.507552146911621,0.079711824983030879,14.335791721456346,1
2026-08-15T18:28:55Z,NVIDIA H200 NVL,full,normal_0_1,gemv,raw_fp64,64,11,52,fp64,natural,thread_packet,8,128,1,1,8,none,raw,natural/thread_packet/x8/raw,16384,1024,1024,134348800,134348800,0,1024,256,10,2,182,14.50556755065918,0.079700920608017464,14.335791721456346,1
2026-08-15T18:28:55Z,NVIDIA H200 NVL,full,normal_0_1,gemv,raw_fp64,64,11,52,fp64,natural,thread_packet,8,128,1,1,8,none,raw,natural/thread_packet/x8/raw,16384,1024,1024,134348800,134348800,0,1024,256,10,3,182,14.529919624328613,0.079834723210596772,14.335791721456346,1
2026-08-15T18:28:55Z,NVIDIA H200 NVL,full,normal_0_1,gemv,raw_fp64,64,11,52,fp64,natural,thread_packet,8,128,1,1,8,none,raw,natural/thread_packet/x8/raw,16384,1024,1024,134348800,134348800,0,1024,256,10,4,182,14.544095993041992,0.079912615346384566,14.335791721456346,1
2026-08-15T18:28:55Z,NVIDIA H200 NVL,full,normal_0_1,gemv,raw_fp64,64,11,52,fp64,natural,thread_packet,8,128,1,1,8,none,raw,natural/thread_packet/x8/raw,65536,1024,1024,537395200,537395200,0,1024,256,10,0,50,15.104543685913086,0.30209087371826171,424.98861562004186,1
2026-08-15T18:28:55Z,NVIDIA H200 NVL,full,normal_0_1,gemv,raw_fp64,64,11,52,fp64,natural,thread_packet,8,128,1,1,8,none,raw,natural/thread_packet/x8/raw,65536,1024,1024,537395200,537395200,0,1024,256,10,1,50,15.078975677490234,0.30157951354980467,424.98861562004186,1
2026-08-15T18:28:55Z,NVIDIA H200 NVL,full,normal_0_1,gemv,raw_fp64,64,11,52,fp64,natural,thread_packet,8,128,1,1,8,none,raw,natural/thread_packet/x8/raw,65536,1024,1024,537395200,537395200,0,1024,256,10,2,50,15.114912033081055,0.30229824066162109,424.98861562004186,1
2026-08-15T18:28:55Z,NVIDIA H200 NVL,full,normal_0_1,gemv,raw_fp64,64,11,52,fp64,natural,thread_packet,8,128,1,1,8,none,raw,natural/thread_packet/x8/raw,65536,1024,1024,537395200,537395200,0,1024,256,10,3,50,15.087648391723633,0.30175296783447264,424.98861562004186,1
2026-08-15T18:28:55Z,NVIDIA H200 NVL,full,normal_0_1,gemv,raw_fp64,64,11,52,fp64,natural,thread_packet,8,128,1,1,8,none,raw,natural/thread_packet/x8/raw,65536,1024,1024,537395200,537395200,0,1024,256,10,4,50,15.078144073486328,0.30156288146972654,424.98861562004186,1
