timestamp,gpu,mode,distribution,kernel,number_family,format,bits,log_integer_bits,log_fraction_bits,arithmetic_type,multiply_method,storage_layout,access_method,packet_values,load_word_bits,loader_threads,consumer_threads,values_per_consumer,redistribution,decoder,strategy_id,N,M,rows,logical_input_bytes,physical_input_bytes,table_bytes,blocks,threads,warmup,sample,iterations,total_ms,mean_ms,result,valid
2026-08-16T21:23:18Z,NVIDIA H200 NVL,screen,uniform_0_1,dot,lns,lns8_r3,8,4,3,fp32,ordinary,padded,scalar,1,8,1,1,1,none,reference_exp2,ordinary/padded/scalar/x1/reference_exp2,16777216,0,1,3.35544e+07,33554432,0,512,256,3,0,89,4.69574,0.0527612,4202213,1
2026-08-16T21:23:18Z,NVIDIA H200 NVL,screen,uniform_0_1,dot,lns,lns8_r3,8,4,3,fp32,ordinary,padded,scalar,1,8,1,1,1,none,reference_exp2,ordinary/padded/scalar/x1/reference_exp2,16777216,0,1,33554432,33554432,0,512,256,3,1,89,4.6931519508361816,0.052732044391417772,4202213,1
2026-08-16T21:23:18Z,NVIDIA H200 NVL,screen,uniform_0_1,dot,lns,lns8_r3,8,4,3,fp32,ordinary,padded,scalar,1,8,1,1,1,none,reference_exp2,ordinary/padded/scalar/x1/reference_exp2,16777216,0,1,33554432,33554432,0,512,256,3,2,89,4.6952638626098633,0.052755773737189475,4202213,1
2026-08-16T21:23:18Z,NVIDIA H200 NVL,screen,uniform_0_1,gemv,lns,lns8_r3,8,4,3,fp32,ordinary,padded,scalar,1,8,1,1,1,none,reference_exp2,ordinary/padded/scalar/x1/reference_exp2,16384,1024,1024,16793600,16793600,0,1024,256,3,0,95,4.7863998413085938,0.050383156224300986,4110.60546875,1
2026-08-16T21:23:18Z,NVIDIA H200 NVL,screen,uniform_0_1,gemv,lns,lns8_r3,8,4,3,fp32,ordinary,padded,scalar,1,8,1,1,1,none,reference_exp2,ordinary/padded/scalar/x1/reference_exp2,16384,1024,1024,16793600,16793600,0,1024,256,3,1,95,4.7884798049926758,0.050405050578870271,4110.60546875,1
2026-08-16T21:23:18Z,NVIDIA H200 NVL,screen,uniform_0_1,gemv,lns,lns8_r3,8,4,3,fp32,ordinary,padded,scalar,1,8,1,1,1,none,reference_exp2,ordinary/padded/scalar/x1/reference_exp2,16384,1024,1024,16793600,16793600,0,1024,256,3,2,95,4.7884159088134766,0.050404377987510282,4110.60546875,1
2026-08-16T21:23:18Z,NVIDIA H200 NVL,screen,uniform_0_1,dot,lns,lns8_r3,8,4,3,fp32,fused,padded,scalar,1,8,1,1,1,none,reference_exp2,fused/padded/scalar/x1/reference_exp2,16777216,0,1,33554432,33554432,0,512,256,3,0,76,4.8666238784790039,0.064034524716828994,4202214,1
2026-08-16T21:23:18Z,NVIDIA H200 NVL,screen,uniform_0_1,dot,lns,lns8_r3,8,4,3,fp32,fused,padded,scalar,1,8,1,1,1,none,reference_exp2,fused/padded/scalar/x1/reference_exp2,16777216,0,1,33554432,33554432,0,512,256,3,1,76,4.8680000305175781,0.064052631980494448,4202214,1
2026-08-16T21:23:18Z,NVIDIA H200 NVL,screen,uniform_0_1,dot,lns,lns8_r3,8,4,3,fp32,fused,padded,scalar,1,8,1,1,1,none,reference_exp2,fused/padded/scalar/x1/reference_exp2,16777216,0,1,33554432,33554432,0,512,256,3,2,76,4.8695998191833496,0.064073681831359863,4202214,1
2026-08-16T21:23:18Z,NVIDIA H200 NVL,screen,uniform_0_1,gemv,lns,lns8_r3,8,4,3,fp32,fused,padded,scalar,1,8,1,1,1,none,reference_exp2,fused/padded/scalar/x1/reference_exp2,16384,1024,1024,16793600,16793600,0,1024,256,3,0,81,4.8751678466796875,0.060187257366415892,4110.60546875,1
2026-08-16T21:23:18Z,NVIDIA H200 NVL,screen,uniform_0_1,gemv,lns,lns8_r3,8,4,3,fp32,fused,padded,scalar,1,8,1,1,1,none,reference_exp2,fused/padded/scalar/x1/reference_exp2,16384,1024,1024,16793600,16793600,0,1024,256,3,1,81,4.8752641677856445,0.060188446515872157,4110.60546875,1
2026-08-16T21:23:18Z,NVIDIA H200 NVL,screen,uniform_0_1,gemv,lns,lns8_r3,8,4,3,fp32,fused,padded,scalar,1,8,1,1,1,none,reference_exp2,fused/padded/scalar/x1/reference_exp2,16384,1024,1024,16793600,16793600,0,1024,256,3,2,81,4.8759040832519531,0.060196346706814237,4110.60546875,1
2026-08-16T21:23:18Z,NVIDIA H200 NVL,screen,uniform_0_1,dot,lns,lns8_r3,8,4,3,fp32,ordinary,padded,scalar,1,8,1,1,1,none,ex2_approx,ordinary/padded/scalar/x1/ex2_approx,16777216,0,1,33554432,33554432,0,512,256,3,0,92,4.8491201400756836,0.052707827609518303,4202213,1
2026-08-16T21:23:18Z,NVIDIA H200 NVL,screen,uniform_0_1,dot,lns,lns8_r3,8,4,3,fp32,ordinary,padded,scalar,1,8,1,1,1,none,ex2_approx,ordinary/padded/scalar/x1/ex2_approx,16777216,0,1,33554432,33554432,0,512,256,3,1,92,4.8520960807800293,0.052740174791087273,4202213,1
2026-08-16T21:23:18Z,NVIDIA H200 NVL,screen,uniform_0_1,dot,lns,lns8_r3,8,4,3,fp32,ordinary,padded,scalar,1,8,1,1,1,none,ex2_approx,ordinary/padded/scalar/x1/ex2_approx,16777216,0,1,33554432,33554432,0,512,256,3,2,92,4.8535361289978027,0.052755827489106552,4202213,1
2026-08-16T21:23:18Z,NVIDIA H200 NVL,screen,uniform_0_1,gemv,lns,lns8_r3,8,4,3,fp32,ordinary,padded,scalar,1,8,1,1,1,none,ex2_approx,ordinary/padded/scalar/x1/ex2_approx,16384,1024,1024,16793600,16793600,0,1024,256,3,0,95,4.7887997627258301,0.050408418555008737,4110.60546875,1
2026-08-16T21:23:18Z,NVIDIA H200 NVL,screen,uniform_0_1,gemv,lns,lns8_r3,8,4,3,fp32,ordinary,padded,scalar,1,8,1,1,1,none,ex2_approx,ordinary/padded/scalar/x1/ex2_approx,16384,1024,1024,16793600,16793600,0,1024,256,3,1,95,4.7903041839599609,0.050424254567999587,4110.60546875,1
2026-08-16T21:23:18Z,NVIDIA H200 NVL,screen,uniform_0_1,gemv,lns,lns8_r3,8,4,3,fp32,ordinary,padded,scalar,1,8,1,1,1,none,ex2_approx,ordinary/padded/scalar/x1/ex2_approx,16384,1024,1024,16793600,16793600,0,1024,256,3,2,95,4.7863359451293945,0.050382483632940997,4110.60546875,1
2026-08-16T21:23:18Z,NVIDIA H200 NVL,screen,uniform_0_1,dot,lns,lns8_r3,8,4,3,fp32,ordinary,padded,thread_packet,2,8,1,1,2,none,ex2_approx,ordinary/padded/thread_packet/x2/ex2_approx,16777216,0,1,33554432,33554432,0,512,256,3,0,92,4.8248639106750488,0.052444172942120094,4202213,1
2026-08-16T21:23:18Z,NVIDIA H200 NVL,screen,uniform_0_1,dot,lns,lns8_r3,8,4,3,fp32,ordinary,padded,thread_packet,2,8,1,1,2,none,ex2_approx,ordinary/padded/thread_packet/x2/ex2_approx,16777216,0,1,33554432,33554432,0,512,256,3,1,92,4.8255681991577148,0.052451828251714294,4202213,1
2026-08-16T21:23:18Z,NVIDIA H200 NVL,screen,uniform_0_1,dot,lns,lns8_r3,8,4,3,fp32,ordinary,padded,thread_packet,2,8,1,1,2,none,ex2_approx,ordinary/padded/thread_packet/x2/ex2_approx,16777216,0,1,33554432,33554432,0,512,256,3,2,92,4.8288002014160156,0.052486958711043648,4202213,1
2026-08-16T21:23:18Z,NVIDIA H200 NVL,screen,uniform_0_1,gemv,lns,lns8_r3,8,4,3,fp32,ordinary,padded,thread_packet,2,8,1,1,2,none,ex2_approx,ordinary/padded/thread_packet/x2/ex2_approx,16384,1024,1024,16793600,16793600,0,1024,256,3,0,100,4.7924160957336426,0.047924160957336426,4110.60546875,1
2026-08-16T21:23:18Z,NVIDIA H200 NVL,screen,uniform_0_1,gemv,lns,lns8_r3,8,4,3,fp32,ordinary,padded,thread_packet,2,8,1,1,2,none,ex2_approx,ordinary/padded/thread_packet/x2/ex2_approx,16384,1024,1024,16793600,16793600,0,1024,256,3,1,100,4.7884798049926758,0.047884798049926756,4110.60546875,1
2026-08-16T21:23:18Z,NVIDIA H200 NVL,screen,uniform_0_1,gemv,lns,lns8_r3,8,4,3,fp32,ordinary,padded,thread_packet,2,8,1,1,2,none,ex2_approx,ordinary/padded/thread_packet/x2/ex2_approx,16384,1024,1024,16793600,16793600,0,1024,256,3,2,100,4.7894082069396973,0.047894082069396972,4110.60546875,1
2026-08-16T21:23:18Z,NVIDIA H200 NVL,screen,uniform_0_1,dot,lns,lns8_r3,8,4,3,fp32,ordinary,padded,thread_packet,4,8,1,1,4,none,ex2_approx,ordinary/padded/thread_packet/x4/ex2_approx,16777216,0,1,33554432,33554432,0,512,256,3,0,98,4.8054718971252441,0.049035427521686166,4202213,1
2026-08-16T21:23:18Z,NVIDIA H200 NVL,screen,uniform_0_1,dot,lns,lns8_r3,8,4,3,fp32,ordinary,padded,thread_packet,4,8,1,1,4,none,ex2_approx,ordinary/padded/thread_packet/x4/ex2_approx,16777216,0,1,33554432,33554432,0,512,256,3,1,98,4.8069438934326172,0.049050447892169564,4202213,1
2026-08-16T21:23:18Z,NVIDIA H200 NVL,screen,uniform_0_1,dot,lns,lns8_r3,8,4,3,fp32,ordinary,padded,thread_packet,4,8,1,1,4,none,ex2_approx,ordinary/padded/thread_packet/x4/ex2_approx,16777216,0,1,33554432,33554432,0,512,256,3,2,98,4.8061761856079102,0.049042614138856223,4202213,1
2026-08-16T21:23:18Z,NVIDIA H200 NVL,screen,uniform_0_1,gemv,lns,lns8_r3,8,4,3,fp32,ordinary,padded,thread_packet,4,8,1,1,4,none,ex2_approx,ordinary/padded/thread_packet/x4/ex2_approx,16384,1024,1024,16793600,16793600,0,1024,256,3,0,109,4.7795200347900391,0.043848807658624214,4110.60546875,1
2026-08-16T21:23:18Z,NVIDIA H200 NVL,screen,uniform_0_1,gemv,lns,lns8_r3,8,4,3,fp32,ordinary,padded,thread_packet,4,8,1,1,4,none,ex2_approx,ordinary/padded/thread_packet/x4/ex2_approx,16384,1024,1024,16793600,16793600,0,1024,256,3,1,109,4.7790718078613281,0.043844695484966313,4110.60546875,1
2026-08-16T21:23:18Z,NVIDIA H200 NVL,screen,uniform_0_1,gemv,lns,lns8_r3,8,4,3,fp32,ordinary,padded,thread_packet,4,8,1,1,4,none,ex2_approx,ordinary/padded/thread_packet/x4/ex2_approx,16384,1024,1024,16793600,16793600,0,1024,256,3,2,109,4.7984638214111328,0.044022603866157181,4110.60546875,1
2026-08-16T21:23:18Z,NVIDIA H200 NVL,screen,uniform_0_1,dot,lns,lns8_r3,8,4,3,fp32,ordinary,padded,thread_packet,8,8,1,1,8,none,ex2_approx,ordinary/padded/thread_packet/x8/ex2_approx,16777216,0,1,33554432,33554432,0,512,256,3,0,94,4.8165121078491211,0.051239490509033203,4202213,1
2026-08-16T21:23:18Z,NVIDIA H200 NVL,screen,uniform_0_1,dot,lns,lns8_r3,8,4,3,fp32,ordinary,padded,thread_packet,8,8,1,1,8,none,ex2_approx,ordinary/padded/thread_packet/x8/ex2_approx,16777216,0,1,33554432,33554432,0,512,256,3,1,94,4.8136000633239746,0.051208511311957174,4202213,1
2026-08-16T21:23:18Z,NVIDIA H200 NVL,screen,uniform_0_1,dot,lns,lns8_r3,8,4,3,fp32,ordinary,padded,thread_packet,8,8,1,1,8,none,ex2_approx,ordinary/padded/thread_packet/x8/ex2_approx,16777216,0,1,33554432,33554432,0,512,256,3,2,94,4.8144640922546387,0.051217703109091899,4202213,1
2026-08-16T21:23:18Z,NVIDIA H200 NVL,screen,uniform_0_1,gemv,lns,lns8_r3,8,4,3,fp32,ordinary,padded,thread_packet,8,8,1,1,8,none,ex2_approx,ordinary/padded/thread_packet/x8/ex2_approx,16384,1024,1024,16793600,16793600,0,1024,256,3,0,105,4.7699837684631348,0.045428416842506043,4110.60546875,1
2026-08-16T21:23:18Z,NVIDIA H200 NVL,screen,uniform_0_1,gemv,lns,lns8_r3,8,4,3,fp32,ordinary,padded,thread_packet,8,8,1,1,8,none,ex2_approx,ordinary/padded/thread_packet/x8/ex2_approx,16384,1024,1024,16793600,16793600,0,1024,256,3,1,105,4.7613120079040527,0.045345828646705263,4110.60546875,1
2026-08-16T21:23:18Z,NVIDIA H200 NVL,screen,uniform_0_1,gemv,lns,lns8_r3,8,4,3,fp32,ordinary,padded,thread_packet,8,8,1,1,8,none,ex2_approx,ordinary/padded/thread_packet/x8/ex2_approx,16384,1024,1024,16793600,16793600,0,1024,256,3,2,105,4.7617602348327637,0.045350097474597749,4110.60546875,1
2026-08-16T21:23:18Z,NVIDIA H200 NVL,screen,uniform_0_1,dot,lns,lns8_r3,8,4,3,fp32,fused,padded,scalar,1,8,1,1,1,none,ex2_approx,fused/padded/scalar/x1/ex2_approx,16777216,0,1,33554432,33554432,0,512,256,3,0,76,4.8775358200073242,0.064178102894833208,4202214,1
2026-08-16T21:23:18Z,NVIDIA H200 NVL,screen,uniform_0_1,dot,lns,lns8_r3,8,4,3,fp32,fused,padded,scalar,1,8,1,1,1,none,ex2_approx,fused/padded/scalar/x1/ex2_approx,16777216,0,1,33554432,33554432,0,512,256,3,1,76,4.8784961700439453,0.064190739079525591,4202214,1
2026-08-16T21:23:18Z,NVIDIA H200 NVL,screen,uniform_0_1,dot,lns,lns8_r3,8,4,3,fp32,fused,padded,scalar,1,8,1,1,1,none,ex2_approx,fused/padded/scalar/x1/ex2_approx,16777216,0,1,33554432,33554432,0,512,256,3,2,76,4.876863956451416,0.064169262584887046,4202214,1
2026-08-16T21:23:18Z,NVIDIA H200 NVL,screen,uniform_0_1,gemv,lns,lns8_r3,8,4,3,fp32,fused,padded,scalar,1,8,1,1,1,none,ex2_approx,fused/padded/scalar/x1/ex2_approx,16384,1024,1024,16793600,16793600,0,1024,256,3,0,81,4.8797121047973633,0.060243359318485963,4110.60546875,1
2026-08-16T21:23:18Z,NVIDIA H200 NVL,screen,uniform_0_1,gemv,lns,lns8_r3,8,4,3,fp32,fused,padded,scalar,1,8,1,1,1,none,ex2_approx,fused/padded/scalar/x1/ex2_approx,16384,1024,1024,16793600,16793600,0,1024,256,3,1,81,4.8812160491943359,0.060261926533263406,4110.60546875,1
2026-08-16T21:23:18Z,NVIDIA H200 NVL,screen,uniform_0_1,gemv,lns,lns8_r3,8,4,3,fp32,fused,padded,scalar,1,8,1,1,1,none,ex2_approx,fused/padded/scalar/x1/ex2_approx,16384,1024,1024,16793600,16793600,0,1024,256,3,2,81,4.8815040588378906,0.060265482207875191,4110.60546875,1
2026-08-16T21:23:18Z,NVIDIA H200 NVL,screen,uniform_0_1,dot,lns,lns8_r3,8,4,3,fp32,fused,padded,thread_packet,2,8,1,1,2,none,ex2_approx,fused/padded/thread_packet/x2/ex2_approx,16777216,0,1,33554432,33554432,0,512,256,3,0,73,4.874335765838623,0.066771722819707169,4202214,1
2026-08-16T21:23:18Z,NVIDIA H200 NVL,screen,uniform_0_1,dot,lns,lns8_r3,8,4,3,fp32,fused,padded,thread_packet,2,8,1,1,2,none,ex2_approx,fused/padded/thread_packet/x2/ex2_approx,16777216,0,1,33554432,33554432,0,512,256,3,1,73,4.8621120452880859,0.066604274592987484,4202214,1
2026-08-16T21:23:18Z,NVIDIA H200 NVL,screen,uniform_0_1,dot,lns,lns8_r3,8,4,3,fp32,fused,padded,thread_packet,2,8,1,1,2,none,ex2_approx,fused/padded/thread_packet/x2/ex2_approx,16777216,0,1,33554432,33554432,0,512,256,3,2,73,4.8605442047119141,0.066582797324820739,4202214,1
2026-08-16T21:23:18Z,NVIDIA H200 NVL,screen,uniform_0_1,gemv,lns,lns8_r3,8,4,3,fp32,fused,padded,thread_packet,2,8,1,1,2,none,ex2_approx,fused/padded/thread_packet/x2/ex2_approx,16384,1024,1024,16793600,16793600,0,1024,256,3,0,80,4.7840638160705566,0.059800797700881959,4110.60546875,1
2026-08-16T21:23:18Z,NVIDIA H200 NVL,screen,uniform_0_1,gemv,lns,lns8_r3,8,4,3,fp32,fused,padded,thread_packet,2,8,1,1,2,none,ex2_approx,fused/padded/thread_packet/x2/ex2_approx,16384,1024,1024,16793600,16793600,0,1024,256,3,1,80,4.7802557945251465,0.059753197431564334,4110.60546875,1
2026-08-16T21:23:18Z,NVIDIA H200 NVL,screen,uniform_0_1,gemv,lns,lns8_r3,8,4,3,fp32,fused,padded,thread_packet,2,8,1,1,2,none,ex2_approx,fused/padded/thread_packet/x2/ex2_approx,16384,1024,1024,16793600,16793600,0,1024,256,3,2,80,4.7794241905212402,0.059742802381515504,4110.60546875,1
2026-08-16T21:23:18Z,NVIDIA H200 NVL,screen,uniform_0_1,dot,lns,lns8_r3,8,4,3,fp32,fused,padded,thread_packet,4,8,1,1,4,none,ex2_approx,fused/padded/thread_packet/x4/ex2_approx,16777216,0,1,33554432,33554432,0,512,256,3,0,77,4.83465576171875,0.062787737165178575,4202214,1
2026-08-16T21:23:18Z,NVIDIA H200 NVL,screen,uniform_0_1,dot,lns,lns8_r3,8,4,3,fp32,fused,padded,thread_packet,4,8,1,1,4,none,ex2_approx,fused/padded/thread_packet/x4/ex2_approx,16777216,0,1,33554432,33554432,0,512,256,3,1,77,4.8333759307861328,0.062771115984235487,4202214,1
2026-08-16T21:23:18Z,NVIDIA H200 NVL,screen,uniform_0_1,dot,lns,lns8_r3,8,4,3,fp32,fused,padded,thread_packet,4,8,1,1,4,none,ex2_approx,fused/padded/thread_packet/x4/ex2_approx,16777216,0,1,33554432,33554432,0,512,256,3,2,77,4.8227200508117676,0.062632727932620355,4202214,1
2026-08-16T21:23:18Z,NVIDIA H200 NVL,screen,uniform_0_1,gemv,lns,lns8_r3,8,4,3,fp32,fused,padded,thread_packet,4,8,1,1,4,none,ex2_approx,fused/padded/thread_packet/x4/ex2_approx,16384,1024,1024,16793600,16793600,0,1024,256,3,0,85,4.8089919090270996,0.056576375400318818,4110.60595703125,1
2026-08-16T21:23:18Z,NVIDIA H200 NVL,screen,uniform_0_1,gemv,lns,lns8_r3,8,4,3,fp32,fused,padded,thread_packet,4,8,1,1,4,none,ex2_approx,fused/padded/thread_packet/x4/ex2_approx,16384,1024,1024,16793600,16793600,0,1024,256,3,1,85,4.8104000091552734,0.056592941284179688,4110.60595703125,1
2026-08-16T21:23:18Z,NVIDIA H200 NVL,screen,uniform_0_1,gemv,lns,lns8_r3,8,4,3,fp32,fused,padded,thread_packet,4,8,1,1,4,none,ex2_approx,fused/padded/thread_packet/x4/ex2_approx,16384,1024,1024,16793600,16793600,0,1024,256,3,2,85,4.8090882301330566,0.056577508589800665,4110.60595703125,1
2026-08-16T21:23:18Z,NVIDIA H200 NVL,screen,uniform_0_1,dot,lns,lns8_r3,8,4,3,fp32,fused,padded,thread_packet,8,8,1,1,8,none,ex2_approx,fused/padded/thread_packet/x8/ex2_approx,16777216,0,1,33554432,33554432,0,512,256,3,0,75,4.8146238327026367,0.064194984436035163,4202213.5,1
2026-08-16T21:23:18Z,NVIDIA H200 NVL,screen,uniform_0_1,dot,lns,lns8_r3,8,4,3,fp32,fused,padded,thread_packet,8,8,1,1,8,none,ex2_approx,fused/padded/thread_packet/x8/ex2_approx,16777216,0,1,33554432,33554432,0,512,256,3,1,75,4.8119039535522461,0.064158719380696616,4202213.5,1
2026-08-16T21:23:18Z,NVIDIA H200 NVL,screen,uniform_0_1,dot,lns,lns8_r3,8,4,3,fp32,fused,padded,thread_packet,8,8,1,1,8,none,ex2_approx,fused/padded/thread_packet/x8/ex2_approx,16777216,0,1,33554432,33554432,0,512,256,3,2,75,4.8118081092834473,0.064157441457112635,4202213.5,1
2026-08-16T21:23:18Z,NVIDIA H200 NVL,screen,uniform_0_1,gemv,lns,lns8_r3,8,4,3,fp32,fused,padded,thread_packet,8,8,1,1,8,none,ex2_approx,fused/padded/thread_packet/x8/ex2_approx,16384,1024,1024,16793600,16793600,0,1024,256,3,0,84,4.8581762313842773,0.0578354313260033,4110.60546875,1
2026-08-16T21:23:18Z,NVIDIA H200 NVL,screen,uniform_0_1,gemv,lns,lns8_r3,8,4,3,fp32,fused,padded,thread_packet,8,8,1,1,8,none,ex2_approx,fused/padded/thread_packet/x8/ex2_approx,16384,1024,1024,16793600,16793600,0,1024,256,3,1,84,4.8554239273071289,0.057802665801275341,4110.60546875,1
2026-08-16T21:23:18Z,NVIDIA H200 NVL,screen,uniform_0_1,gemv,lns,lns8_r3,8,4,3,fp32,fused,padded,thread_packet,8,8,1,1,8,none,ex2_approx,fused/padded/thread_packet/x8/ex2_approx,16384,1024,1024,16793600,16793600,0,1024,256,3,2,84,4.8555841445922852,0.057804573149908153,4110.60546875,1
2026-08-16T21:23:18Z,NVIDIA H200 NVL,screen,uniform_0_1,dot,lns,lns8_r3,8,4,3,fp32,ordinary,padded,scalar,1,8,1,1,1,none,full_lut_global,ordinary/padded/scalar/x1/full_lut_global,16777216,0,1,33554432,33554432,1024,512,256,3,0,134,4.7085437774658203,0.035138386398998661,4202214,1
2026-08-16T21:23:18Z,NVIDIA H200 NVL,screen,uniform_0_1,dot,lns,lns8_r3,8,4,3,fp32,ordinary,padded,scalar,1,8,1,1,1,none,full_lut_global,ordinary/padded/scalar/x1/full_lut_global,16777216,0,1,33554432,33554432,1024,512,256,3,1,134,4.7078080177307129,0.035132895654706814,4202214,1
2026-08-16T21:23:18Z,NVIDIA H200 NVL,screen,uniform_0_1,dot,lns,lns8_r3,8,4,3,fp32,ordinary,padded,scalar,1,8,1,1,1,none,full_lut_global,ordinary/padded/scalar/x1/full_lut_global,16777216,0,1,33554432,33554432,1024,512,256,3,2,134,4.7119998931884766,0.035164178307376691,4202214,1
2026-08-16T21:23:18Z,NVIDIA H200 NVL,screen,uniform_0_1,gemv,lns,lns8_r3,8,4,3,fp32,ordinary,padded,scalar,1,8,1,1,1,none,full_lut_global,ordinary/padded/scalar/x1/full_lut_global,16384,1024,1024,16793600,16793600,1024,1024,256,3,0,184,4.6039361953735352,0.025021392366160519,4110.60595703125,1
2026-08-16T21:23:18Z,NVIDIA H200 NVL,screen,uniform_0_1,gemv,lns,lns8_r3,8,4,3,fp32,ordinary,padded,scalar,1,8,1,1,1,none,full_lut_global,ordinary/padded/scalar/x1/full_lut_global,16384,1024,1024,16793600,16793600,1024,1024,256,3,1,184,4.6048641204833984,0.025026435437409775,4110.60595703125,1
2026-08-16T21:23:18Z,NVIDIA H200 NVL,screen,uniform_0_1,gemv,lns,lns8_r3,8,4,3,fp32,ordinary,padded,scalar,1,8,1,1,1,none,full_lut_global,ordinary/padded/scalar/x1/full_lut_global,16384,1024,1024,16793600,16793600,1024,1024,256,3,2,184,4.5986881256103516,0.024992870247882347,4110.60595703125,1
2026-08-16T21:23:18Z,NVIDIA H200 NVL,screen,uniform_0_1,dot,lns,lns8_r3,8,4,3,fp32,ordinary,padded,thread_packet,2,8,1,1,2,none,full_lut_global,ordinary/padded/thread_packet/x2/full_lut_global,16777216,0,1,33554432,33554432,1024,512,256,3,0,195,4.5964798927307129,0.0235716917575934,4202214,1
2026-08-16T21:23:18Z,NVIDIA H200 NVL,screen,uniform_0_1,dot,lns,lns8_r3,8,4,3,fp32,ordinary,padded,thread_packet,2,8,1,1,2,none,full_lut_global,ordinary/padded/thread_packet/x2/full_lut_global,16777216,0,1,33554432,33554432,1024,512,256,3,1,195,4.5943999290466309,0.023561025277162209,4202214,1
2026-08-16T21:23:18Z,NVIDIA H200 NVL,screen,uniform_0_1,dot,lns,lns8_r3,8,4,3,fp32,ordinary,padded,thread_packet,2,8,1,1,2,none,full_lut_global,ordinary/padded/thread_packet/x2/full_lut_global,16777216,0,1,33554432,33554432,1024,512,256,3,2,195,4.5997438430786133,0.023588429964505709,4202214,1
2026-08-16T21:23:18Z,NVIDIA H200 NVL,screen,uniform_0_1,gemv,lns,lns8_r3,8,4,3,fp32,ordinary,padded,thread_packet,2,8,1,1,2,none,full_lut_global,ordinary/padded/thread_packet/x2/full_lut_global,16384,1024,1024,16793600,16793600,1024,1024,256,3,0,213,4.492095947265625,0.021089652334580399,4110.60595703125,1
2026-08-16T21:23:18Z,NVIDIA H200 NVL,screen,uniform_0_1,gemv,lns,lns8_r3,8,4,3,fp32,ordinary,padded,thread_packet,2,8,1,1,2,none,full_lut_global,ordinary/padded/thread_packet/x2/full_lut_global,16384,1024,1024,16793600,16793600,1024,1024,256,3,1,213,4.5002241134643555,0.021127812739269274,4110.60595703125,1
2026-08-16T21:23:18Z,NVIDIA H200 NVL,screen,uniform_0_1,gemv,lns,lns8_r3,8,4,3,fp32,ordinary,padded,thread_packet,2,8,1,1,2,none,full_lut_global,ordinary/padded/thread_packet/x2/full_lut_global,16384,1024,1024,16793600,16793600,1024,1024,256,3,2,213,4.5100479125976562,0.021173933861960828,4110.60595703125,1
2026-08-16T21:23:18Z,NVIDIA H200 NVL,screen,uniform_0_1,dot,lns,lns8_r3,8,4,3,fp32,ordinary,padded,thread_packet,4,8,1,1,4,none,full_lut_global,ordinary/padded/thread_packet/x4/full_lut_global,16777216,0,1,33554432,33554432,1024,512,256,3,0,213,4.4717121124267578,0.020993953579468348,4202214,1
2026-08-16T21:23:18Z,NVIDIA H200 NVL,screen,uniform_0_1,dot,lns,lns8_r3,8,4,3,fp32,ordinary,padded,thread_packet,4,8,1,1,4,none,full_lut_global,ordinary/padded/thread_packet/x4/full_lut_global,16777216,0,1,33554432,33554432,1024,512,256,3,1,213,4.4678077697753906,0.020975623332278828,4202214,1
2026-08-16T21:23:18Z,NVIDIA H200 NVL,screen,uniform_0_1,dot,lns,lns8_r3,8,4,3,fp32,ordinary,padded,thread_packet,4,8,1,1,4,none,full_lut_global,ordinary/padded/thread_packet/x4/full_lut_global,16777216,0,1,33554432,33554432,1024,512,256,3,2,213,4.4702081680297852,0.020986892807651574,4202214,1
2026-08-16T21:23:18Z,NVIDIA H200 NVL,screen,uniform_0_1,gemv,lns,lns8_r3,8,4,3,fp32,ordinary,padded,thread_packet,4,8,1,1,4,none,full_lut_global,ordinary/padded/thread_packet/x4/full_lut_global,16384,1024,1024,16793600,16793600,1024,1024,256,3,0,241,4.3835840225219727,0.018189145321667936,4110.60595703125,1
2026-08-16T21:23:18Z,NVIDIA H200 NVL,screen,uniform_0_1,gemv,lns,lns8_r3,8,4,3,fp32,ordinary,padded,thread_packet,4,8,1,1,4,none,full_lut_global,ordinary/padded/thread_packet/x4/full_lut_global,16384,1024,1024,16793600,16793600,1024,1024,256,3,1,241,4.3822078704833984,0.018183435147234018,4110.60595703125,1
2026-08-16T21:23:18Z,NVIDIA H200 NVL,screen,uniform_0_1,gemv,lns,lns8_r3,8,4,3,fp32,ordinary,padded,thread_packet,4,8,1,1,4,none,full_lut_global,ordinary/padded/thread_packet/x4/full_lut_global,16384,1024,1024,16793600,16793600,1024,1024,256,3,2,241,4.3835840225219727,0.018189145321667936,4110.60595703125,1
2026-08-16T21:23:18Z,NVIDIA H200 NVL,screen,uniform_0_1,dot,lns,lns8_r3,8,4,3,fp32,ordinary,padded,thread_packet,8,8,1,1,8,none,full_lut_global,ordinary/padded/thread_packet/x8/full_lut_global,16777216,0,1,33554432,33554432,1024,512,256,3,0,211,4.4880962371826172,0.021270598280486337,4202214,1
2026-08-16T21:23:18Z,NVIDIA H200 NVL,screen,uniform_0_1,dot,lns,lns8_r3,8,4,3,fp32,ordinary,padded,thread_packet,8,8,1,1,8,none,full_lut_global,ordinary/padded/thread_packet/x8/full_lut_global,16777216,0,1,33554432,33554432,1024,512,256,3,1,211,4.4855999946594238,0.021258767747201059,4202214,1
2026-08-16T21:23:18Z,NVIDIA H200 NVL,screen,uniform_0_1,dot,lns,lns8_r3,8,4,3,fp32,ordinary,padded,thread_packet,8,8,1,1,8,none,full_lut_global,ordinary/padded/thread_packet/x8/full_lut_global,16777216,0,1,33554432,33554432,1024,512,256,3,2,211,4.4875521659851074,0.021268019744005249,4202214,1
2026-08-16T21:23:18Z,NVIDIA H200 NVL,screen,uniform_0_1,gemv,lns,lns8_r3,8,4,3,fp32,ordinary,padded,thread_packet,8,8,1,1,8,none,full_lut_global,ordinary/padded/thread_packet/x8/full_lut_global,16384,1024,1024,16793600,16793600,1024,1024,256,3,0,237,4.3007040023803711,0.018146430389790594,4110.60546875,1
2026-08-16T21:23:18Z,NVIDIA H200 NVL,screen,uniform_0_1,gemv,lns,lns8_r3,8,4,3,fp32,ordinary,padded,thread_packet,8,8,1,1,8,none,full_lut_global,ordinary/padded/thread_packet/x8/full_lut_global,16384,1024,1024,16793600,16793600,1024,1024,256,3,1,237,4.299839973449707,0.018142784698100031,4110.60546875,1
2026-08-16T21:23:18Z,NVIDIA H200 NVL,screen,uniform_0_1,gemv,lns,lns8_r3,8,4,3,fp32,ordinary,padded,thread_packet,8,8,1,1,8,none,full_lut_global,ordinary/padded/thread_packet/x8/full_lut_global,16384,1024,1024,16793600,16793600,1024,1024,256,3,2,237,4.300447940826416,0.018145349961292894,4110.60546875,1
2026-08-16T21:23:18Z,NVIDIA H200 NVL,screen,uniform_0_1,dot,lns,lns8_r3,8,4,3,fp32,ordinary,padded,scalar,1,8,1,1,1,none,full_lut_shared,ordinary/padded/scalar/x1/full_lut_shared,16777216,0,1,33554432,33554432,1024,512,256,3,0,144,4.7263040542602539,0.032821555932362877,4202214,1
2026-08-16T21:23:18Z,NVIDIA H200 NVL,screen,uniform_0_1,dot,lns,lns8_r3,8,4,3,fp32,ordinary,padded,scalar,1,8,1,1,1,none,full_lut_shared,ordinary/padded/scalar/x1/full_lut_shared,16777216,0,1,33554432,33554432,1024,512,256,3,1,144,4.7296319007873535,0.032844665977689952,4202214,1
2026-08-16T21:23:18Z,NVIDIA H200 NVL,screen,uniform_0_1,dot,lns,lns8_r3,8,4,3,fp32,ordinary,padded,scalar,1,8,1,1,1,none,full_lut_shared,ordinary/padded/scalar/x1/full_lut_shared,16777216,0,1,33554432,33554432,1024,512,256,3,2,144,4.7249279022216797,0.032811999320983887,4202214,1
2026-08-16T21:23:18Z,NVIDIA H200 NVL,screen,uniform_0_1,gemv,lns,lns8_r3,8,4,3,fp32,ordinary,padded,scalar,1,8,1,1,1,none,full_lut_shared,ordinary/padded/scalar/x1/full_lut_shared,16384,1024,1024,16793600,16793600,1024,1024,256,3,0,212,4.4861440658569336,0.021161056914419499,4110.60595703125,1
2026-08-16T21:23:18Z,NVIDIA H200 NVL,screen,uniform_0_1,gemv,lns,lns8_r3,8,4,3,fp32,ordinary,padded,scalar,1,8,1,1,1,none,full_lut_shared,ordinary/padded/scalar/x1/full_lut_shared,16384,1024,1024,16793600,16793600,1024,1024,256,3,1,212,4.4611201286315918,0.021043019474677321,4110.60595703125,1
2026-08-16T21:23:18Z,NVIDIA H200 NVL,screen,uniform_0_1,gemv,lns,lns8_r3,8,4,3,fp32,ordinary,padded,scalar,1,8,1,1,1,none,full_lut_shared,ordinary/padded/scalar/x1/full_lut_shared,16384,1024,1024,16793600,16793600,1024,1024,256,3,2,212,4.4596481323242188,0.021036076095868956,4110.60595703125,1
2026-08-16T21:23:18Z,NVIDIA H200 NVL,screen,uniform_0_1,dot,lns,lns8_r3,8,4,3,fp32,ordinary,padded,thread_packet,2,8,1,1,2,none,full_lut_shared,ordinary/padded/thread_packet/x2/full_lut_shared,16777216,0,1,33554432,33554432,1024,512,256,3,0,203,4.4280638694763184,0.02181312250973556,4202214,1
2026-08-16T21:23:18Z,NVIDIA H200 NVL,screen,uniform_0_1,dot,lns,lns8_r3,8,4,3,fp32,ordinary,padded,thread_packet,2,8,1,1,2,none,full_lut_shared,ordinary/padded/thread_packet/x2/full_lut_shared,16777216,0,1,33554432,33554432,1024,512,256,3,1,203,4.4344639778137207,0.021844650137013401,4202214,1
2026-08-16T21:23:18Z,NVIDIA H200 NVL,screen,uniform_0_1,dot,lns,lns8_r3,8,4,3,fp32,ordinary,padded,thread_packet,2,8,1,1,2,none,full_lut_shared,ordinary/padded/thread_packet/x2/full_lut_shared,16777216,0,1,33554432,33554432,1024,512,256,3,2,203,4.428192138671875,0.021813754377693964,4202214,1
2026-08-16T21:23:18Z,NVIDIA H200 NVL,screen,uniform_0_1,gemv,lns,lns8_r3,8,4,3,fp32,ordinary,padded,thread_packet,2,8,1,1,2,none,full_lut_shared,ordinary/padded/thread_packet/x2/full_lut_shared,16384,1024,1024,16793600,16793600,1024,1024,256,3,0,228,4.499392032623291,0.019734175581681102,4110.60595703125,1
2026-08-16T21:23:18Z,NVIDIA H200 NVL,screen,uniform_0_1,gemv,lns,lns8_r3,8,4,3,fp32,ordinary,padded,thread_packet,2,8,1,1,2,none,full_lut_shared,ordinary/padded/thread_packet/x2/full_lut_shared,16384,1024,1024,16793600,16793600,1024,1024,256,3,1,228,4.5009918212890625,0.019741192198636241,4110.60595703125,1
2026-08-16T21:23:18Z,NVIDIA H200 NVL,screen,uniform_0_1,gemv,lns,lns8_r3,8,4,3,fp32,ordinary,padded,thread_packet,2,8,1,1,2,none,full_lut_shared,ordinary/padded/thread_packet/x2/full_lut_shared,16384,1024,1024,16793600,16793600,1024,1024,256,3,2,228,4.4991679191589355,0.01973319262789007,4110.60595703125,1
2026-08-16T21:23:18Z,NVIDIA H200 NVL,screen,uniform_0_1,dot,lns,lns8_r3,8,4,3,fp32,ordinary,padded,thread_packet,4,8,1,1,4,none,full_lut_shared,ordinary/padded/thread_packet/x4/full_lut_shared,16777216,0,1,33554432,33554432,1024,512,256,3,0,251,4.4429440498352051,0.01770097231010042,4202214,1
2026-08-16T21:23:18Z,NVIDIA H200 NVL,screen,uniform_0_1,dot,lns,lns8_r3,8,4,3,fp32,ordinary,padded,thread_packet,4,8,1,1,4,none,full_lut_shared,ordinary/padded/thread_packet/x4/full_lut_shared,16777216,0,1,33554432,33554432,1024,512,256,3,1,251,4.4429440498352051,0.01770097231010042,4202214,1
2026-08-16T21:23:18Z,NVIDIA H200 NVL,screen,uniform_0_1,dot,lns,lns8_r3,8,4,3,fp32,ordinary,padded,thread_packet,4,8,1,1,4,none,full_lut_shared,ordinary/padded/thread_packet/x4/full_lut_shared,16777216,0,1,33554432,33554432,1024,512,256,3,2,251,4.4398078918457031,0.01768847765675579,4202214,1
2026-08-16T21:23:18Z,NVIDIA H200 NVL,screen,uniform_0_1,gemv,lns,lns8_r3,8,4,3,fp32,ordinary,padded,thread_packet,4,8,1,1,4,none,full_lut_shared,ordinary/padded/thread_packet/x4/full_lut_shared,16384,1024,1024,16793600,16793600,1024,1024,256,3,0,287,4.2758398056030273,0.014898396535202186,4110.60595703125,1
2026-08-16T21:23:18Z,NVIDIA H200 NVL,screen,uniform_0_1,gemv,lns,lns8_r3,8,4,3,fp32,ordinary,padded,thread_packet,4,8,1,1,4,none,full_lut_shared,ordinary/padded/thread_packet/x4/full_lut_shared,16384,1024,1024,16793600,16793600,1024,1024,256,3,1,287,4.2787837982177734,0.014908654349190848,4110.60595703125,1
2026-08-16T21:23:18Z,NVIDIA H200 NVL,screen,uniform_0_1,gemv,lns,lns8_r3,8,4,3,fp32,ordinary,padded,thread_packet,4,8,1,1,4,none,full_lut_shared,ordinary/padded/thread_packet/x4/full_lut_shared,16384,1024,1024,16793600,16793600,1024,1024,256,3,2,287,4.2821121215820312,0.014920251294710911,4110.60595703125,1
2026-08-16T21:23:18Z,NVIDIA H200 NVL,screen,uniform_0_1,dot,lns,lns8_r3,8,4,3,fp32,ordinary,padded,thread_packet,8,8,1,1,8,none,full_lut_shared,ordinary/padded/thread_packet/x8/full_lut_shared,16777216,0,1,33554432,33554432,1024,512,256,3,0,235,4.4418878555297852,0.018901650449062914,4202214,1
2026-08-16T21:23:18Z,NVIDIA H200 NVL,screen,uniform_0_1,dot,lns,lns8_r3,8,4,3,fp32,ordinary,padded,thread_packet,8,8,1,1,8,none,full_lut_shared,ordinary/padded/thread_packet/x8/full_lut_shared,16777216,0,1,33554432,33554432,1024,512,256,3,1,235,4.4381442070007324,0.018885720029790352,4202214,1
2026-08-16T21:23:18Z,NVIDIA H200 NVL,screen,uniform_0_1,dot,lns,lns8_r3,8,4,3,fp32,ordinary,padded,thread_packet,8,8,1,1,8,none,full_lut_shared,ordinary/padded/thread_packet/x8/full_lut_shared,16777216,0,1,33554432,33554432,1024,512,256,3,2,235,4.4393281936645508,0.018890758270912984,4202214,1
2026-08-16T21:23:18Z,NVIDIA H200 NVL,screen,uniform_0_1,gemv,lns,lns8_r3,8,4,3,fp32,ordinary,padded,thread_packet,8,8,1,1,8,none,full_lut_shared,ordinary/padded/thread_packet/x8/full_lut_shared,16384,1024,1024,16793600,16793600,1024,1024,256,3,0,270,4.2915201187133789,0.015894518958197698,4110.60546875,1
2026-08-16T21:23:18Z,NVIDIA H200 NVL,screen,uniform_0_1,gemv,lns,lns8_r3,8,4,3,fp32,ordinary,padded,thread_packet,8,8,1,1,8,none,full_lut_shared,ordinary/padded/thread_packet/x8/full_lut_shared,16384,1024,1024,16793600,16793600,1024,1024,256,3,1,270,4.2950401306152344,0.015907556039315682,4110.60546875,1
2026-08-16T21:23:18Z,NVIDIA H200 NVL,screen,uniform_0_1,gemv,lns,lns8_r3,8,4,3,fp32,ordinary,padded,thread_packet,8,8,1,1,8,none,full_lut_shared,ordinary/padded/thread_packet/x8/full_lut_shared,16384,1024,1024,16793600,16793600,1024,1024,256,3,2,270,4.2963838577270508,0.015912532806396484,4110.60546875,1
2026-08-16T21:23:18Z,NVIDIA H200 NVL,screen,uniform_0_1,dot,lns,lns8_r3,8,4,3,fp32,ordinary,padded,scalar,1,8,1,1,1,none,fraction_lut_global,ordinary/padded/scalar/x1/fraction_lut_global,16777216,0,1,33554432,33554432,32,512,256,3,0,42,4.9525117874145508,0.11791694731939406,4202214,1
2026-08-16T21:23:18Z,NVIDIA H200 NVL,screen,uniform_0_1,dot,lns,lns8_r3,8,4,3,fp32,ordinary,padded,scalar,1,8,1,1,1,none,fraction_lut_global,ordinary/padded/scalar/x1/fraction_lut_global,16777216,0,1,33554432,33554432,32,512,256,3,1,42,4.9657278060913086,0.11823161443074544,4202214,1
2026-08-16T21:23:18Z,NVIDIA H200 NVL,screen,uniform_0_1,dot,lns,lns8_r3,8,4,3,fp32,ordinary,padded,scalar,1,8,1,1,1,none,fraction_lut_global,ordinary/padded/scalar/x1/fraction_lut_global,16777216,0,1,33554432,33554432,32,512,256,3,2,42,4.9454398155212402,0.11774856703622001,4202214,1
2026-08-16T21:23:18Z,NVIDIA H200 NVL,screen,uniform_0_1,gemv,lns,lns8_r3,8,4,3,fp32,ordinary,padded,scalar,1,8,1,1,1,none,fraction_lut_global,ordinary/padded/scalar/x1/fraction_lut_global,16384,1024,1024,16793600,16793600,32,1024,256,3,0,47,4.9763197898864746,0.10587914446566968,4110.60595703125,1
2026-08-16T21:23:18Z,NVIDIA H200 NVL,screen,uniform_0_1,gemv,lns,lns8_r3,8,4,3,fp32,ordinary,padded,scalar,1,8,1,1,1,none,fraction_lut_global,ordinary/padded/scalar/x1/fraction_lut_global,16384,1024,1024,16793600,16793600,32,1024,256,3,1,47,4.9778881072998047,0.10591251292127243,4110.60595703125,1
2026-08-16T21:23:18Z,NVIDIA H200 NVL,screen,uniform_0_1,gemv,lns,lns8_r3,8,4,3,fp32,ordinary,padded,scalar,1,8,1,1,1,none,fraction_lut_global,ordinary/padded/scalar/x1/fraction_lut_global,16384,1024,1024,16793600,16793600,32,1024,256,3,2,47,4.9791359901428223,0.10593906362006004,4110.60595703125,1
2026-08-16T21:23:18Z,NVIDIA H200 NVL,screen,uniform_0_1,dot,lns,lns8_r3,8,4,3,fp32,ordinary,padded,thread_packet,2,8,1,1,2,none,fraction_lut_global,ordinary/padded/thread_packet/x2/fraction_lut_global,16777216,0,1,33554432,33554432,32,512,256,3,0,42,4.9247360229492188,0.11725561959402901,4202214,1
2026-08-16T21:23:18Z,NVIDIA H200 NVL,screen,uniform_0_1,dot,lns,lns8_r3,8,4,3,fp32,ordinary,padded,thread_packet,2,8,1,1,2,none,fraction_lut_global,ordinary/padded/thread_packet/x2/fraction_lut_global,16777216,0,1,33554432,33554432,32,512,256,3,1,42,4.9232640266418457,0.11722057206290108,4202214,1
2026-08-16T21:23:18Z,NVIDIA H200 NVL,screen,uniform_0_1,dot,lns,lns8_r3,8,4,3,fp32,ordinary,padded,thread_packet,2,8,1,1,2,none,fraction_lut_global,ordinary/padded/thread_packet/x2/fraction_lut_global,16777216,0,1,33554432,33554432,32,512,256,3,2,42,4.9344639778137207,0.11748723756699335,4202214,1
2026-08-16T21:23:18Z,NVIDIA H200 NVL,screen,uniform_0_1,gemv,lns,lns8_r3,8,4,3,fp32,ordinary,padded,thread_packet,2,8,1,1,2,none,fraction_lut_global,ordinary/padded/thread_packet/x2/fraction_lut_global,16384,1024,1024,16793600,16793600,32,1024,256,3,0,47,4.9628162384033203,0.10559183485964511,4110.60595703125,1
2026-08-16T21:23:18Z,NVIDIA H200 NVL,screen,uniform_0_1,gemv,lns,lns8_r3,8,4,3,fp32,ordinary,padded,thread_packet,2,8,1,1,2,none,fraction_lut_global,ordinary/padded/thread_packet/x2/fraction_lut_global,16384,1024,1024,16793600,16793600,32,1024,256,3,1,47,4.9512319564819336,0.10534536077621136,4110.60595703125,1
2026-08-16T21:23:18Z,NVIDIA H200 NVL,screen,uniform_0_1,gemv,lns,lns8_r3,8,4,3,fp32,ordinary,padded,thread_packet,2,8,1,1,2,none,fraction_lut_global,ordinary/padded/thread_packet/x2/fraction_lut_global,16384,1024,1024,16793600,16793600,32,1024,256,3,2,47,4.9527039527893066,0.10537667984658099,4110.60595703125,1
2026-08-16T21:23:18Z,NVIDIA H200 NVL,screen,uniform_0_1,dot,lns,lns8_r3,8,4,3,fp32,ordinary,padded,thread_packet,4,8,1,1,4,none,fraction_lut_global,ordinary/padded/thread_packet/x4/fraction_lut_global,16777216,0,1,33554432,33554432,32,512,256,3,0,44,4.9648318290710449,0.11283708702434193,4202214,1
2026-08-16T21:23:18Z,NVIDIA H200 NVL,screen,uniform_0_1,dot,lns,lns8_r3,8,4,3,fp32,ordinary,padded,thread_packet,4,8,1,1,4,none,fraction_lut_global,ordinary/padded/thread_packet/x4/fraction_lut_global,16777216,0,1,33554432,33554432,32,512,256,3,1,44,4.9573760032653809,0.11266763643784956,4202214,1
2026-08-16T21:23:18Z,NVIDIA H200 NVL,screen,uniform_0_1,dot,lns,lns8_r3,8,4,3,fp32,ordinary,padded,thread_packet,4,8,1,1,4,none,fraction_lut_global,ordinary/padded/thread_packet/x4/fraction_lut_global,16777216,0,1,33554432,33554432,32,512,256,3,2,44,4.957888126373291,0.11267927559939298,4202214,1
2026-08-16T21:23:18Z,NVIDIA H200 NVL,screen,uniform_0_1,gemv,lns,lns8_r3,8,4,3,fp32,ordinary,padded,thread_packet,4,8,1,1,4,none,fraction_lut_global,ordinary/padded/thread_packet/x4/fraction_lut_global,16384,1024,1024,16793600,16793600,32,1024,256,3,0,48,4.8961281776428223,0.10200267036755879,4110.60595703125,1
2026-08-16T21:23:18Z,NVIDIA H200 NVL,screen,uniform_0_1,gemv,lns,lns8_r3,8,4,3,fp32,ordinary,padded,thread_packet,4,8,1,1,4,none,fraction_lut_global,ordinary/padded/thread_packet/x4/fraction_lut_global,16384,1024,1024,16793600,16793600,32,1024,256,3,1,48,4.8944640159606934,0.10196800033251445,4110.60595703125,1
2026-08-16T21:23:18Z,NVIDIA H200 NVL,screen,uniform_0_1,gemv,lns,lns8_r3,8,4,3,fp32,ordinary,padded,thread_packet,4,8,1,1,4,none,fraction_lut_global,ordinary/padded/thread_packet/x4/fraction_lut_global,16384,1024,1024,16793600,16793600,32,1024,256,3,2,48,4.8949117660522461,0.1019773284594218,4110.60595703125,1
2026-08-16T21:23:18Z,NVIDIA H200 NVL,screen,uniform_0_1,dot,lns,lns8_r3,8,4,3,fp32,ordinary,padded,thread_packet,8,8,1,1,8,none,fraction_lut_global,ordinary/padded/thread_packet/x8/fraction_lut_global,16777216,0,1,33554432,33554432,32,512,256,3,0,43,4.930272102355957,0.11465749075246412,4202214,1
2026-08-16T21:23:18Z,NVIDIA H200 NVL,screen,uniform_0_1,dot,lns,lns8_r3,8,4,3,fp32,ordinary,padded,thread_packet,8,8,1,1,8,none,fraction_lut_global,ordinary/padded/thread_packet/x8/fraction_lut_global,16777216,0,1,33554432,33554432,32,512,256,3,1,43,4.912992000579834,0.11425562792046126,4202214,1
2026-08-16T21:23:18Z,NVIDIA H200 NVL,screen,uniform_0_1,dot,lns,lns8_r3,8,4,3,fp32,ordinary,padded,thread_packet,8,8,1,1,8,none,fraction_lut_global,ordinary/padded/thread_packet/x8/fraction_lut_global,16777216,0,1,33554432,33554432,32,512,256,3,2,43,4.916287899017334,0.11433227672133335,4202214,1
2026-08-16T21:23:18Z,NVIDIA H200 NVL,screen,uniform_0_1,gemv,lns,lns8_r3,8,4,3,fp32,ordinary,padded,thread_packet,8,8,1,1,8,none,fraction_lut_global,ordinary/padded/thread_packet/x8/fraction_lut_global,16384,1024,1024,16793600,16793600,32,1024,256,3,0,48,4.9833917617797852,0.10382066170374553,4110.60546875,1
2026-08-16T21:23:18Z,NVIDIA H200 NVL,screen,uniform_0_1,gemv,lns,lns8_r3,8,4,3,fp32,ordinary,padded,thread_packet,8,8,1,1,8,none,fraction_lut_global,ordinary/padded/thread_packet/x8/fraction_lut_global,16384,1024,1024,16793600,16793600,32,1024,256,3,1,48,4.9803519248962402,0.10375733176867168,4110.60546875,1
2026-08-16T21:23:18Z,NVIDIA H200 NVL,screen,uniform_0_1,gemv,lns,lns8_r3,8,4,3,fp32,ordinary,padded,thread_packet,8,8,1,1,8,none,fraction_lut_global,ordinary/padded/thread_packet/x8/fraction_lut_global,16384,1024,1024,16793600,16793600,32,1024,256,3,2,48,4.9794559478759766,0.10373866558074951,4110.60546875,1
2026-08-16T21:23:18Z,NVIDIA H200 NVL,screen,uniform_0_1,dot,lns,lns8_r3,8,4,3,fp32,fused,padded,scalar,1,8,1,1,1,none,fraction_lut_global,fused/padded/scalar/x1/fraction_lut_global,16777216,0,1,33554432,33554432,32,512,256,3,0,51,4.9315838813781738,0.096697723164277924,4202214,1
2026-08-16T21:23:18Z,NVIDIA H200 NVL,screen,uniform_0_1,dot,lns,lns8_r3,8,4,3,fp32,fused,padded,scalar,1,8,1,1,1,none,fraction_lut_global,fused/padded/scalar/x1/fraction_lut_global,16777216,0,1,33554432,33554432,32,512,256,3,1,51,4.9335999488830566,0.09673725389966778,4202214,1
2026-08-16T21:23:18Z,NVIDIA H200 NVL,screen,uniform_0_1,dot,lns,lns8_r3,8,4,3,fp32,fused,padded,scalar,1,8,1,1,1,none,fraction_lut_global,fused/padded/scalar/x1/fraction_lut_global,16777216,0,1,33554432,33554432,32,512,256,3,2,51,4.9338879585266113,0.096742901147580621,4202214,1
2026-08-16T21:23:18Z,NVIDIA H200 NVL,screen,uniform_0_1,gemv,lns,lns8_r3,8,4,3,fp32,fused,padded,scalar,1,8,1,1,1,none,fraction_lut_global,fused/padded/scalar/x1/fraction_lut_global,16384,1024,1024,16793600,16793600,32,1024,256,3,0,56,4.9330558776855469,0.088090283530099053,4110.60546875,1
2026-08-16T21:23:18Z,NVIDIA H200 NVL,screen,uniform_0_1,gemv,lns,lns8_r3,8,4,3,fp32,fused,padded,scalar,1,8,1,1,1,none,fraction_lut_global,fused/padded/scalar/x1/fraction_lut_global,16384,1024,1024,16793600,16793600,32,1024,256,3,1,56,4.9344959259033203,0.088115998676845012,4110.60546875,1
2026-08-16T21:23:18Z,NVIDIA H200 NVL,screen,uniform_0_1,gemv,lns,lns8_r3,8,4,3,fp32,fused,padded,scalar,1,8,1,1,1,none,fraction_lut_global,fused/padded/scalar/x1/fraction_lut_global,16384,1024,1024,16793600,16793600,32,1024,256,3,2,56,4.9324798583984375,0.088079997471400676,4110.60546875,1
2026-08-16T21:23:18Z,NVIDIA H200 NVL,screen,uniform_0_1,dot,lns,lns8_r3,8,4,3,fp32,fused,padded,thread_packet,2,8,1,1,2,none,fraction_lut_global,fused/padded/thread_packet/x2/fraction_lut_global,16777216,0,1,33554432,33554432,32,512,256,3,0,50,4.87286376953125,0.097457275390625001,4202214,1
2026-08-16T21:23:18Z,NVIDIA H200 NVL,screen,uniform_0_1,dot,lns,lns8_r3,8,4,3,fp32,fused,padded,thread_packet,2,8,1,1,2,none,fraction_lut_global,fused/padded/thread_packet/x2/fraction_lut_global,16777216,0,1,33554432,33554432,32,512,256,3,1,50,4.8732481002807617,0.097464962005615233,4202214,1
2026-08-16T21:23:18Z,NVIDIA H200 NVL,screen,uniform_0_1,dot,lns,lns8_r3,8,4,3,fp32,fused,padded,thread_packet,2,8,1,1,2,none,fraction_lut_global,fused/padded/thread_packet/x2/fraction_lut_global,16777216,0,1,33554432,33554432,32,512,256,3,2,50,4.8705921173095703,0.097411842346191407,4202214,1
2026-08-16T21:23:18Z,NVIDIA H200 NVL,screen,uniform_0_1,gemv,lns,lns8_r3,8,4,3,fp32,fused,padded,thread_packet,2,8,1,1,2,none,fraction_lut_global,fused/padded/thread_packet/x2/fraction_lut_global,16384,1024,1024,16793600,16793600,32,1024,256,3,0,55,4.8628478050231934,0.088415414636785331,4110.60595703125,1
2026-08-16T21:23:18Z,NVIDIA H200 NVL,screen,uniform_0_1,gemv,lns,lns8_r3,8,4,3,fp32,fused,padded,thread_packet,2,8,1,1,2,none,fraction_lut_global,fused/padded/thread_packet/x2/fraction_lut_global,16384,1024,1024,16793600,16793600,32,1024,256,3,1,55,4.8514561653137207,0.088208293914794927,4110.60595703125,1
2026-08-16T21:23:18Z,NVIDIA H200 NVL,screen,uniform_0_1,gemv,lns,lns8_r3,8,4,3,fp32,fused,padded,thread_packet,2,8,1,1,2,none,fraction_lut_global,fused/padded/thread_packet/x2/fraction_lut_global,16384,1024,1024,16793600,16793600,32,1024,256,3,2,55,4.8503360748291016,0.088187928633256391,4110.60595703125,1
2026-08-16T21:23:18Z,NVIDIA H200 NVL,screen,uniform_0_1,dot,lns,lns8_r3,8,4,3,fp32,fused,padded,thread_packet,4,8,1,1,4,none,fraction_lut_global,fused/padded/thread_packet/x4/fraction_lut_global,16777216,0,1,33554432,33554432,32,512,256,3,0,53,4.9208321571350098,0.092845889757264335,4202214,1
2026-08-16T21:23:18Z,NVIDIA H200 NVL,screen,uniform_0_1,dot,lns,lns8_r3,8,4,3,fp32,fused,padded,thread_packet,4,8,1,1,4,none,fraction_lut_global,fused/padded/thread_packet/x4/fraction_lut_global,16777216,0,1,33554432,33554432,32,512,256,3,1,53,4.9270720481872559,0.092963623550702937,4202214,1
2026-08-16T21:23:18Z,NVIDIA H200 NVL,screen,uniform_0_1,dot,lns,lns8_r3,8,4,3,fp32,fused,padded,thread_packet,4,8,1,1,4,none,fraction_lut_global,fused/padded/thread_packet/x4/fraction_lut_global,16777216,0,1,33554432,33554432,32,512,256,3,2,53,4.9203519821166992,0.092836829851258476,4202214,1
2026-08-16T21:23:18Z,NVIDIA H200 NVL,screen,uniform_0_1,gemv,lns,lns8_r3,8,4,3,fp32,fused,padded,thread_packet,4,8,1,1,4,none,fraction_lut_global,fused/padded/thread_packet/x4/fraction_lut_global,16384,1024,1024,16793600,16793600,32,1024,256,3,0,58,4.9097919464111328,0.084651585282950567,4110.60595703125,1
2026-08-16T21:23:18Z,NVIDIA H200 NVL,screen,uniform_0_1,gemv,lns,lns8_r3,8,4,3,fp32,fused,padded,thread_packet,4,8,1,1,4,none,fraction_lut_global,fused/padded/thread_packet/x4/fraction_lut_global,16384,1024,1024,16793600,16793600,32,1024,256,3,1,58,4.9106240272521973,0.08466593150434823,4110.60595703125,1
2026-08-16T21:23:18Z,NVIDIA H200 NVL,screen,uniform_0_1,gemv,lns,lns8_r3,8,4,3,fp32,fused,padded,thread_packet,4,8,1,1,4,none,fraction_lut_global,fused/padded/thread_packet/x4/fraction_lut_global,16384,1024,1024,16793600,16793600,32,1024,256,3,2,58,4.908991813659668,0.084637789890683934,4110.60595703125,1
2026-08-16T21:23:18Z,NVIDIA H200 NVL,screen,uniform_0_1,dot,lns,lns8_r3,8,4,3,fp32,fused,padded,thread_packet,8,8,1,1,8,none,fraction_lut_global,fused/padded/thread_packet/x8/fraction_lut_global,16777216,0,1,33554432,33554432,32,512,256,3,0,52,4.8712639808654785,0.093678153478182286,4202213.5,1
2026-08-16T21:23:18Z,NVIDIA H200 NVL,screen,uniform_0_1,dot,lns,lns8_r3,8,4,3,fp32,fused,padded,thread_packet,8,8,1,1,8,none,fraction_lut_global,fused/padded/thread_packet/x8/fraction_lut_global,16777216,0,1,33554432,33554432,32,512,256,3,1,52,4.8810238838195801,0.093865843919607311,4202213.5,1
2026-08-16T21:23:18Z,NVIDIA H200 NVL,screen,uniform_0_1,dot,lns,lns8_r3,8,4,3,fp32,fused,padded,thread_packet,8,8,1,1,8,none,fraction_lut_global,fused/padded/thread_packet/x8/fraction_lut_global,16777216,0,1,33554432,33554432,32,512,256,3,2,52,4.8755521774291992,0.093760618796715364,4202213.5,1
2026-08-16T21:23:18Z,NVIDIA H200 NVL,screen,uniform_0_1,gemv,lns,lns8_r3,8,4,3,fp32,fused,padded,thread_packet,8,8,1,1,8,none,fraction_lut_global,fused/padded/thread_packet/x8/fraction_lut_global,16384,1024,1024,16793600,16793600,32,1024,256,3,0,57,4.8878722190856934,0.085752144194485846,4110.60546875,1
2026-08-16T21:23:18Z,NVIDIA H200 NVL,screen,uniform_0_1,gemv,lns,lns8_r3,8,4,3,fp32,fused,padded,thread_packet,8,8,1,1,8,none,fraction_lut_global,fused/padded/thread_packet/x8/fraction_lut_global,16384,1024,1024,16793600,16793600,32,1024,256,3,1,57,4.888160228729248,0.08575719699524996,4110.60546875,1
2026-08-16T21:23:18Z,NVIDIA H200 NVL,screen,uniform_0_1,gemv,lns,lns8_r3,8,4,3,fp32,fused,padded,thread_packet,8,8,1,1,8,none,fraction_lut_global,fused/padded/thread_packet/x8/fraction_lut_global,16384,1024,1024,16793600,16793600,32,1024,256,3,2,57,4.8904638290405273,0.085797611035798721,4110.60546875,1
2026-08-16T21:23:18Z,NVIDIA H200 NVL,screen,uniform_0_1,dot,lns,lns8_r3,8,4,3,fp32,ordinary,padded,scalar,1,8,1,1,1,none,fraction_lut_shared,ordinary/padded/scalar/x1/fraction_lut_shared,16777216,0,1,33554432,33554432,32,512,256,3,0,51,4.9497599601745605,0.097054116866167855,4202214,1
2026-08-16T21:23:18Z,NVIDIA H200 NVL,screen,uniform_0_1,dot,lns,lns8_r3,8,4,3,fp32,ordinary,padded,scalar,1,8,1,1,1,none,fraction_lut_shared,ordinary/padded/scalar/x1/fraction_lut_shared,16777216,0,1,33554432,33554432,32,512,256,3,1,51,4.9475522041320801,0.097010827532001576,4202214,1
2026-08-16T21:23:18Z,NVIDIA H200 NVL,screen,uniform_0_1,dot,lns,lns8_r3,8,4,3,fp32,ordinary,padded,scalar,1,8,1,1,1,none,fraction_lut_shared,ordinary/padded/scalar/x1/fraction_lut_shared,16777216,0,1,33554432,33554432,32,512,256,3,2,51,4.9691839218139648,0.097434978859097354,4202214,1
2026-08-16T21:23:18Z,NVIDIA H200 NVL,screen,uniform_0_1,gemv,lns,lns8_r3,8,4,3,fp32,ordinary,padded,scalar,1,8,1,1,1,none,fraction_lut_shared,ordinary/padded/scalar/x1/fraction_lut_shared,16384,1024,1024,16793600,16793600,32,1024,256,3,0,56,4.9112958908081055,0.087701712335859022,4110.60595703125,1
2026-08-16T21:23:18Z,NVIDIA H200 NVL,screen,uniform_0_1,gemv,lns,lns8_r3,8,4,3,fp32,ordinary,padded,scalar,1,8,1,1,1,none,fraction_lut_shared,ordinary/padded/scalar/x1/fraction_lut_shared,16384,1024,1024,16793600,16793600,32,1024,256,3,1,56,4.926368236541748,0.087970861366816935,4110.60595703125,1
2026-08-16T21:23:18Z,NVIDIA H200 NVL,screen,uniform_0_1,gemv,lns,lns8_r3,8,4,3,fp32,ordinary,padded,scalar,1,8,1,1,1,none,fraction_lut_shared,ordinary/padded/scalar/x1/fraction_lut_shared,16384,1024,1024,16793600,16793600,32,1024,256,3,2,56,4.917151927947998,0.087806284427642822,4110.60595703125,1
2026-08-16T21:23:18Z,NVIDIA H200 NVL,screen,uniform_0_1,dot,lns,lns8_r3,8,4,3,fp32,ordinary,padded,thread_packet,2,8,1,1,2,none,fraction_lut_shared,ordinary/padded/thread_packet/x2/fraction_lut_shared,16777216,0,1,33554432,33554432,32,512,256,3,0,50,4.935391902923584,0.098707838058471678,4202214,1
2026-08-16T21:23:18Z,NVIDIA H200 NVL,screen,uniform_0_1,dot,lns,lns8_r3,8,4,3,fp32,ordinary,padded,thread_packet,2,8,1,1,2,none,fraction_lut_shared,ordinary/padded/thread_packet/x2/fraction_lut_shared,16777216,0,1,33554432,33554432,32,512,256,3,1,50,4.9180798530578613,0.098361597061157227,4202214,1
2026-08-16T21:23:18Z,NVIDIA H200 NVL,screen,uniform_0_1,dot,lns,lns8_r3,8,4,3,fp32,ordinary,padded,thread_packet,2,8,1,1,2,none,fraction_lut_shared,ordinary/padded/thread_packet/x2/fraction_lut_shared,16777216,0,1,33554432,33554432,32,512,256,3,2,50,4.9101438522338867,0.098202877044677728,4202214,1
2026-08-16T21:23:18Z,NVIDIA H200 NVL,screen,uniform_0_1,gemv,lns,lns8_r3,8,4,3,fp32,ordinary,padded,thread_packet,2,8,1,1,2,none,fraction_lut_shared,ordinary/padded/thread_packet/x2/fraction_lut_shared,16384,1024,1024,16793600,16793600,32,1024,256,3,0,56,4.9111361503601074,0.087698859827859063,4110.60595703125,1
2026-08-16T21:23:18Z,NVIDIA H200 NVL,screen,uniform_0_1,gemv,lns,lns8_r3,8,4,3,fp32,ordinary,padded,thread_packet,2,8,1,1,2,none,fraction_lut_shared,ordinary/padded/thread_packet/x2/fraction_lut_shared,16384,1024,1024,16793600,16793600,32,1024,256,3,1,56,4.9130878448486328,0.087733711515154161,4110.60595703125,1
2026-08-16T21:23:18Z,NVIDIA H200 NVL,screen,uniform_0_1,gemv,lns,lns8_r3,8,4,3,fp32,ordinary,padded,thread_packet,2,8,1,1,2,none,fraction_lut_shared,ordinary/padded/thread_packet/x2/fraction_lut_shared,16384,1024,1024,16793600,16793600,32,1024,256,3,2,56,4.9124798774719238,0.087722854954855781,4110.60595703125,1
2026-08-16T21:23:18Z,NVIDIA H200 NVL,screen,uniform_0_1,dot,lns,lns8_r3,8,4,3,fp32,ordinary,padded,thread_packet,4,8,1,1,4,none,fraction_lut_shared,ordinary/padded/thread_packet/x4/fraction_lut_shared,16777216,0,1,33554432,33554432,32,512,256,3,0,52,4.9114880561828613,0.094451693388131946,4202214,1
2026-08-16T21:23:18Z,NVIDIA H200 NVL,screen,uniform_0_1,dot,lns,lns8_r3,8,4,3,fp32,ordinary,padded,thread_packet,4,8,1,1,4,none,fraction_lut_shared,ordinary/padded/thread_packet/x4/fraction_lut_shared,16777216,0,1,33554432,33554432,32,512,256,3,1,52,4.9105920791625977,0.094434463060819179,4202214,1
2026-08-16T21:23:18Z,NVIDIA H200 NVL,screen,uniform_0_1,dot,lns,lns8_r3,8,4,3,fp32,ordinary,padded,thread_packet,4,8,1,1,4,none,fraction_lut_shared,ordinary/padded/thread_packet/x4/fraction_lut_shared,16777216,0,1,33554432,33554432,32,512,256,3,2,52,4.9096641540527344,0.094416618347167969,4202214,1
2026-08-16T21:23:18Z,NVIDIA H200 NVL,screen,uniform_0_1,gemv,lns,lns8_r3,8,4,3,fp32,ordinary,padded,thread_packet,4,8,1,1,4,none,fraction_lut_shared,ordinary/padded/thread_packet/x4/fraction_lut_shared,16384,1024,1024,16793600,16793600,32,1024,256,3,0,58,4.9225602149963379,0.084871727844764447,4110.60595703125,1
2026-08-16T21:23:18Z,NVIDIA H200 NVL,screen,uniform_0_1,gemv,lns,lns8_r3,8,4,3,fp32,ordinary,padded,thread_packet,4,8,1,1,4,none,fraction_lut_shared,ordinary/padded/thread_packet/x4/fraction_lut_shared,16384,1024,1024,16793600,16793600,32,1024,256,3,1,58,4.912543773651123,0.084699030580191778,4110.60595703125,1
2026-08-16T21:23:18Z,NVIDIA H200 NVL,screen,uniform_0_1,gemv,lns,lns8_r3,8,4,3,fp32,ordinary,padded,thread_packet,4,8,1,1,4,none,fraction_lut_shared,ordinary/padded/thread_packet/x4/fraction_lut_shared,16384,1024,1024,16793600,16793600,32,1024,256,3,2,58,4.9133758544921875,0.084713376801589441,4110.60595703125,1
2026-08-16T21:23:18Z,NVIDIA H200 NVL,screen,uniform_0_1,dot,lns,lns8_r3,8,4,3,fp32,ordinary,padded,thread_packet,8,8,1,1,8,none,fraction_lut_shared,ordinary/padded/thread_packet/x8/fraction_lut_shared,16777216,0,1,33554432,33554432,32,512,256,3,0,51,4.9590082168579102,0.097235455232508039,4202214,1
2026-08-16T21:23:18Z,NVIDIA H200 NVL,screen,uniform_0_1,dot,lns,lns8_r3,8,4,3,fp32,ordinary,padded,thread_packet,8,8,1,1,8,none,fraction_lut_shared,ordinary/padded/thread_packet/x8/fraction_lut_shared,16777216,0,1,33554432,33554432,32,512,256,3,1,51,4.9575681686401367,0.097207218992943864,4202214,1
2026-08-16T21:23:18Z,NVIDIA H200 NVL,screen,uniform_0_1,dot,lns,lns8_r3,8,4,3,fp32,ordinary,padded,thread_packet,8,8,1,1,8,none,fraction_lut_shared,ordinary/padded/thread_packet/x8/fraction_lut_shared,16777216,0,1,33554432,33554432,32,512,256,3,2,51,4.9558720588684082,0.097173961938596246,4202214,1
2026-08-16T21:23:18Z,NVIDIA H200 NVL,screen,uniform_0_1,gemv,lns,lns8_r3,8,4,3,fp32,ordinary,padded,thread_packet,8,8,1,1,8,none,fraction_lut_shared,ordinary/padded/thread_packet/x8/fraction_lut_shared,16384,1024,1024,16793600,16793600,32,1024,256,3,0,56,4.8561921119689941,0.086717716285160604,4110.60546875,1
2026-08-16T21:23:18Z,NVIDIA H200 NVL,screen,uniform_0_1,gemv,lns,lns8_r3,8,4,3,fp32,ordinary,padded,thread_packet,8,8,1,1,8,none,fraction_lut_shared,ordinary/padded/thread_packet/x8/fraction_lut_shared,16384,1024,1024,16793600,16793600,32,1024,256,3,1,56,4.8561601638793945,0.086717145783560615,4110.60546875,1
2026-08-16T21:23:18Z,NVIDIA H200 NVL,screen,uniform_0_1,gemv,lns,lns8_r3,8,4,3,fp32,ordinary,padded,thread_packet,8,8,1,1,8,none,fraction_lut_shared,ordinary/padded/thread_packet/x8/fraction_lut_shared,16384,1024,1024,16793600,16793600,32,1024,256,3,2,56,4.8551678657531738,0.086699426174163818,4110.60546875,1
2026-08-16T21:23:18Z,NVIDIA H200 NVL,screen,uniform_0_1,dot,lns,lns8_r3,8,4,3,fp32,fused,padded,scalar,1,8,1,1,1,none,fraction_lut_shared,fused/padded/scalar/x1/fraction_lut_shared,16777216,0,1,33554432,33554432,32,512,256,3,0,55,4.8672318458557129,0.088495124470103867,4202214,1
2026-08-16T21:23:18Z,NVIDIA H200 NVL,screen,uniform_0_1,dot,lns,lns8_r3,8,4,3,fp32,fused,padded,scalar,1,8,1,1,1,none,fraction_lut_shared,fused/padded/scalar/x1/fraction_lut_shared,16777216,0,1,33554432,33554432,32,512,256,3,1,55,4.8678398132324219,0.088506178422407669,4202214,1
2026-08-16T21:23:18Z,NVIDIA H200 NVL,screen,uniform_0_1,dot,lns,lns8_r3,8,4,3,fp32,fused,padded,scalar,1,8,1,1,1,none,fraction_lut_shared,fused/padded/scalar/x1/fraction_lut_shared,16777216,0,1,33554432,33554432,32,512,256,3,2,55,4.8781118392944336,0.088692942532626065,4202214,1
2026-08-16T21:23:18Z,NVIDIA H200 NVL,screen,uniform_0_1,gemv,lns,lns8_r3,8,4,3,fp32,fused,padded,scalar,1,8,1,1,1,none,fraction_lut_shared,fused/padded/scalar/x1/fraction_lut_shared,16384,1024,1024,16793600,16793600,32,1024,256,3,0,61,4.8896641731262207,0.080158429067642964,4110.60546875,1
2026-08-16T21:23:18Z,NVIDIA H200 NVL,screen,uniform_0_1,gemv,lns,lns8_r3,8,4,3,fp32,fused,padded,scalar,1,8,1,1,1,none,fraction_lut_shared,fused/padded/scalar/x1/fraction_lut_shared,16384,1024,1024,16793600,16793600,32,1024,256,3,1,61,4.889279842376709,0.08015212856355261,4110.60546875,1
2026-08-16T21:23:18Z,NVIDIA H200 NVL,screen,uniform_0_1,gemv,lns,lns8_r3,8,4,3,fp32,fused,padded,scalar,1,8,1,1,1,none,fraction_lut_shared,fused/padded/scalar/x1/fraction_lut_shared,16384,1024,1024,16793600,16793600,32,1024,256,3,2,61,4.8911681175231934,0.080183083893822837,4110.60546875,1
2026-08-16T21:23:18Z,NVIDIA H200 NVL,screen,uniform_0_1,dot,lns,lns8_r3,8,4,3,fp32,fused,padded,thread_packet,2,8,1,1,2,none,fraction_lut_shared,fused/padded/thread_packet/x2/fraction_lut_shared,16777216,0,1,33554432,33554432,32,512,256,3,0,54,4.8976321220397949,0.090696891148885087,4202214,1
2026-08-16T21:23:18Z,NVIDIA H200 NVL,screen,uniform_0_1,dot,lns,lns8_r3,8,4,3,fp32,fused,padded,thread_packet,2,8,1,1,2,none,fraction_lut_shared,fused/padded/thread_packet/x2/fraction_lut_shared,16777216,0,1,33554432,33554432,32,512,256,3,1,54,4.893887996673584,0.090627555493955264,4202214,1
2026-08-16T21:23:18Z,NVIDIA H200 NVL,screen,uniform_0_1,dot,lns,lns8_r3,8,4,3,fp32,fused,padded,thread_packet,2,8,1,1,2,none,fraction_lut_shared,fused/padded/thread_packet/x2/fraction_lut_shared,16777216,0,1,33554432,33554432,32,512,256,3,2,54,4.8906240463256836,0.090567111968994141,4202214,1
2026-08-16T21:23:18Z,NVIDIA H200 NVL,screen,uniform_0_1,gemv,lns,lns8_r3,8,4,3,fp32,fused,padded,thread_packet,2,8,1,1,2,none,fraction_lut_shared,fused/padded/thread_packet/x2/fraction_lut_shared,16384,1024,1024,16793600,16793600,32,1024,256,3,0,60,4.8997440338134766,0.081662400563557946,4110.60595703125,1
2026-08-16T21:23:18Z,NVIDIA H200 NVL,screen,uniform_0_1,gemv,lns,lns8_r3,8,4,3,fp32,fused,padded,thread_packet,2,8,1,1,2,none,fraction_lut_shared,fused/padded/thread_packet/x2/fraction_lut_shared,16384,1024,1024,16793600,16793600,32,1024,256,3,1,60,4.8993921279907227,0.08165653546651204,4110.60595703125,1
2026-08-16T21:23:18Z,NVIDIA H200 NVL,screen,uniform_0_1,gemv,lns,lns8_r3,8,4,3,fp32,fused,padded,thread_packet,2,8,1,1,2,none,fraction_lut_shared,fused/padded/thread_packet/x2/fraction_lut_shared,16384,1024,1024,16793600,16793600,32,1024,256,3,2,60,4.9024319648742676,0.081707199414571122,4110.60595703125,1
2026-08-16T21:23:18Z,NVIDIA H200 NVL,screen,uniform_0_1,dot,lns,lns8_r3,8,4,3,fp32,fused,padded,thread_packet,4,8,1,1,4,none,fraction_lut_shared,fused/padded/thread_packet/x4/fraction_lut_shared,16777216,0,1,33554432,33554432,32,512,256,3,0,57,4.921504020690918,0.086342175801595047,4202214,1
2026-08-16T21:23:18Z,NVIDIA H200 NVL,screen,uniform_0_1,dot,lns,lns8_r3,8,4,3,fp32,fused,padded,thread_packet,4,8,1,1,4,none,fraction_lut_shared,fused/padded/thread_packet/x4/fraction_lut_shared,16777216,0,1,33554432,33554432,32,512,256,3,1,57,4.9200320243835449,0.086316351304974476,4202214,1
2026-08-16T21:23:18Z,NVIDIA H200 NVL,screen,uniform_0_1,dot,lns,lns8_r3,8,4,3,fp32,fused,padded,thread_packet,4,8,1,1,4,none,fraction_lut_shared,fused/padded/thread_packet/x4/fraction_lut_shared,16777216,0,1,33554432,33554432,32,512,256,3,2,57,4.9195518493652344,0.086307927181846211,4202214,1
2026-08-16T21:23:18Z,NVIDIA H200 NVL,screen,uniform_0_1,gemv,lns,lns8_r3,8,4,3,fp32,fused,padded,thread_packet,4,8,1,1,4,none,fraction_lut_shared,fused/padded/thread_packet/x4/fraction_lut_shared,16384,1024,1024,16793600,16793600,32,1024,256,3,0,62,4.8565120697021484,0.078330839833905624,4110.60595703125,1
2026-08-16T21:23:18Z,NVIDIA H200 NVL,screen,uniform_0_1,gemv,lns,lns8_r3,8,4,3,fp32,fused,padded,thread_packet,4,8,1,1,4,none,fraction_lut_shared,fused/padded/thread_packet/x4/fraction_lut_shared,16384,1024,1024,16793600,16793600,32,1024,256,3,1,62,4.8565120697021484,0.078330839833905624,4110.60595703125,1
2026-08-16T21:23:18Z,NVIDIA H200 NVL,screen,uniform_0_1,gemv,lns,lns8_r3,8,4,3,fp32,fused,padded,thread_packet,4,8,1,1,4,none,fraction_lut_shared,fused/padded/thread_packet/x4/fraction_lut_shared,16384,1024,1024,16793600,16793600,32,1024,256,3,2,62,4.8565120697021484,0.078330839833905624,4110.60595703125,1
2026-08-16T21:23:18Z,NVIDIA H200 NVL,screen,uniform_0_1,dot,lns,lns8_r3,8,4,3,fp32,fused,padded,thread_packet,8,8,1,1,8,none,fraction_lut_shared,fused/padded/thread_packet/x8/fraction_lut_shared,16777216,0,1,33554432,33554432,32,512,256,3,0,56,4.9075198173522949,0.08763428245271955,4202213.5,1
2026-08-16T21:23:18Z,NVIDIA H200 NVL,screen,uniform_0_1,dot,lns,lns8_r3,8,4,3,fp32,fused,padded,thread_packet,8,8,1,1,8,none,fraction_lut_shared,fused/padded/thread_packet/x8/fraction_lut_shared,16777216,0,1,33554432,33554432,32,512,256,3,1,56,4.9052481651306152,0.087593717234475274,4202213.5,1
2026-08-16T21:23:18Z,NVIDIA H200 NVL,screen,uniform_0_1,dot,lns,lns8_r3,8,4,3,fp32,fused,padded,thread_packet,8,8,1,1,8,none,fraction_lut_shared,fused/padded/thread_packet/x8/fraction_lut_shared,16777216,0,1,33554432,33554432,32,512,256,3,2,56,4.9087038040161133,0.087655425071716309,4202213.5,1
2026-08-16T21:23:18Z,NVIDIA H200 NVL,screen,uniform_0_1,gemv,lns,lns8_r3,8,4,3,fp32,fused,padded,thread_packet,8,8,1,1,8,none,fraction_lut_shared,fused/padded/thread_packet/x8/fraction_lut_shared,16384,1024,1024,16793600,16793600,32,1024,256,3,0,61,4.8498878479003906,0.079506358162301491,4110.60546875,1
2026-08-16T21:23:18Z,NVIDIA H200 NVL,screen,uniform_0_1,gemv,lns,lns8_r3,8,4,3,fp32,fused,padded,thread_packet,8,8,1,1,8,none,fraction_lut_shared,fused/padded/thread_packet/x8/fraction_lut_shared,16384,1024,1024,16793600,16793600,32,1024,256,3,1,61,4.8484477996826172,0.079482750814469136,4110.60546875,1
2026-08-16T21:23:18Z,NVIDIA H200 NVL,screen,uniform_0_1,gemv,lns,lns8_r3,8,4,3,fp32,fused,padded,thread_packet,8,8,1,1,8,none,fraction_lut_shared,fused/padded/thread_packet/x8/fraction_lut_shared,16384,1024,1024,16793600,16793600,32,1024,256,3,2,61,4.8515520095825195,0.079533639501352782,4110.60546875,1
2026-08-16T21:23:18Z,NVIDIA H200 NVL,screen,uniform_0_1,dot,lns,lns8_r3,8,4,3,fp32,ordinary,padded,scalar,1,8,1,1,1,none,fraction_lut_warp,ordinary/padded/scalar/x1/fraction_lut_warp,16777216,0,1,33554432,33554432,32,512,256,3,0,38,5.0305919647216797,0.13238399907162315,4202214,1
2026-08-16T21:23:18Z,NVIDIA H200 NVL,screen,uniform_0_1,dot,lns,lns8_r3,8,4,3,fp32,ordinary,padded,scalar,1,8,1,1,1,none,fraction_lut_warp,ordinary/padded/scalar/x1/fraction_lut_warp,16777216,0,1,33554432,33554432,32,512,256,3,1,38,5.0332798957824707,0.1324547340995387,4202214,1
2026-08-16T21:23:18Z,NVIDIA H200 NVL,screen,uniform_0_1,dot,lns,lns8_r3,8,4,3,fp32,ordinary,padded,scalar,1,8,1,1,1,none,fraction_lut_warp,ordinary/padded/scalar/x1/fraction_lut_warp,16777216,0,1,33554432,33554432,32,512,256,3,2,38,5.0283517837524414,0.13232504694085373,4202214,1
2026-08-16T21:23:18Z,NVIDIA H200 NVL,screen,uniform_0_1,gemv,lns,lns8_r3,8,4,3,fp32,ordinary,padded,scalar,1,8,1,1,1,none,fraction_lut_warp,ordinary/padded/scalar/x1/fraction_lut_warp,16384,1024,1024,16793600,16793600,32,1024,256,3,0,41,4.9057278633117676,0.11965189910516506,4110.60595703125,1
2026-08-16T21:23:18Z,NVIDIA H200 NVL,screen,uniform_0_1,gemv,lns,lns8_r3,8,4,3,fp32,ordinary,padded,scalar,1,8,1,1,1,none,fraction_lut_warp,ordinary/padded/scalar/x1/fraction_lut_warp,16384,1024,1024,16793600,16793600,32,1024,256,3,1,41,4.9022078514099121,0.11956604515633933,4110.60595703125,1
2026-08-16T21:23:18Z,NVIDIA H200 NVL,screen,uniform_0_1,gemv,lns,lns8_r3,8,4,3,fp32,ordinary,padded,scalar,1,8,1,1,1,none,fraction_lut_warp,ordinary/padded/scalar/x1/fraction_lut_warp,16384,1024,1024,16793600,16793600,32,1024,256,3,2,41,4.905792236328125,0.11965346917873476,4110.60595703125,1
2026-08-16T21:23:18Z,NVIDIA H200 NVL,screen,uniform_0_1,dot,lns,lns8_r3,8,4,3,fp32,ordinary,padded,thread_packet,2,8,1,1,2,none,fraction_lut_warp,ordinary/padded/thread_packet/x2/fraction_lut_warp,16777216,0,1,33554432,33554432,32,512,256,3,0,38,5.0096321105957031,0.13183242396304481,4202214,1
2026-08-16T21:23:18Z,NVIDIA H200 NVL,screen,uniform_0_1,dot,lns,lns8_r3,8,4,3,fp32,ordinary,padded,thread_packet,2,8,1,1,2,none,fraction_lut_warp,ordinary/padded/thread_packet/x2/fraction_lut_warp,16777216,0,1,33554432,33554432,32,512,256,3,1,38,5.0036478042602539,0.13167494221737511,4202214,1
2026-08-16T21:23:18Z,NVIDIA H200 NVL,screen,uniform_0_1,dot,lns,lns8_r3,8,4,3,fp32,ordinary,padded,thread_packet,2,8,1,1,2,none,fraction_lut_warp,ordinary/padded/thread_packet/x2/fraction_lut_warp,16777216,0,1,33554432,33554432,32,512,256,3,2,38,5.0050559043884277,0.131711997483906,4202214,1
2026-08-16T21:23:18Z,NVIDIA H200 NVL,screen,uniform_0_1,gemv,lns,lns8_r3,8,4,3,fp32,ordinary,padded,thread_packet,2,8,1,1,2,none,fraction_lut_warp,ordinary/padded/thread_packet/x2/fraction_lut_warp,16384,1024,1024,16793600,16793600,32,1024,256,3,0,41,4.8706879615783691,0.11879726735556997,4110.60595703125,1
2026-08-16T21:23:18Z,NVIDIA H200 NVL,screen,uniform_0_1,gemv,lns,lns8_r3,8,4,3,fp32,ordinary,padded,thread_packet,2,8,1,1,2,none,fraction_lut_warp,ordinary/padded/thread_packet/x2/fraction_lut_warp,16384,1024,1024,16793600,16793600,32,1024,256,3,1,41,4.8725762367248535,0.11884332284694765,4110.60595703125,1
2026-08-16T21:23:18Z,NVIDIA H200 NVL,screen,uniform_0_1,gemv,lns,lns8_r3,8,4,3,fp32,ordinary,padded,thread_packet,2,8,1,1,2,none,fraction_lut_warp,ordinary/padded/thread_packet/x2/fraction_lut_warp,16384,1024,1024,16793600,16793600,32,1024,256,3,2,41,4.8744640350341797,0.11888936670815073,4110.60595703125,1
2026-08-16T21:23:18Z,NVIDIA H200 NVL,screen,uniform_0_1,dot,lns,lns8_r3,8,4,3,fp32,ordinary,padded,thread_packet,4,8,1,1,4,none,fraction_lut_warp,ordinary/padded/thread_packet/x4/fraction_lut_warp,16777216,0,1,33554432,33554432,32,512,256,3,0,39,4.9818239212036133,0.12773907490265676,4202214,1
2026-08-16T21:23:18Z,NVIDIA H200 NVL,screen,uniform_0_1,dot,lns,lns8_r3,8,4,3,fp32,ordinary,padded,thread_packet,4,8,1,1,4,none,fraction_lut_warp,ordinary/padded/thread_packet/x4/fraction_lut_warp,16777216,0,1,33554432,33554432,32,512,256,3,1,39,4.9812159538269043,0.12772348599556166,4202214,1
2026-08-16T21:23:18Z,NVIDIA H200 NVL,screen,uniform_0_1,dot,lns,lns8_r3,8,4,3,fp32,ordinary,padded,thread_packet,4,8,1,1,4,none,fraction_lut_warp,ordinary/padded/thread_packet/x4/fraction_lut_warp,16777216,0,1,33554432,33554432,32,512,256,3,2,39,4.982816219329834,0.12776451844435471,4202214,1
2026-08-16T21:23:18Z,NVIDIA H200 NVL,screen,uniform_0_1,gemv,lns,lns8_r3,8,4,3,fp32,ordinary,padded,thread_packet,4,8,1,1,4,none,fraction_lut_warp,ordinary/padded/thread_packet/x4/fraction_lut_warp,16384,1024,1024,16793600,16793600,32,1024,256,3,0,43,4.9669442176818848,0.11551033064376476,4110.60595703125,1
2026-08-16T21:23:18Z,NVIDIA H200 NVL,screen,uniform_0_1,gemv,lns,lns8_r3,8,4,3,fp32,ordinary,padded,thread_packet,4,8,1,1,4,none,fraction_lut_warp,ordinary/padded/thread_packet/x4/fraction_lut_warp,16384,1024,1024,16793600,16793600,32,1024,256,3,1,43,4.9654078483581543,0.11547460112460824,4110.60595703125,1
2026-08-16T21:23:18Z,NVIDIA H200 NVL,screen,uniform_0_1,gemv,lns,lns8_r3,8,4,3,fp32,ordinary,padded,thread_packet,4,8,1,1,4,none,fraction_lut_warp,ordinary/padded/thread_packet/x4/fraction_lut_warp,16384,1024,1024,16793600,16793600,32,1024,256,3,2,43,4.9653759002685547,0.11547385814578034,4110.60595703125,1
2026-08-16T21:23:18Z,NVIDIA H200 NVL,screen,uniform_0_1,dot,lns,lns8_r3,8,4,3,fp32,ordinary,padded,thread_packet,8,8,1,1,8,none,fraction_lut_warp,ordinary/padded/thread_packet/x8/fraction_lut_warp,16777216,0,1,33554432,33554432,32,512,256,3,0,38,4.9168000221252441,0.12938947426645378,4202214,1
2026-08-16T21:23:18Z,NVIDIA H200 NVL,screen,uniform_0_1,dot,lns,lns8_r3,8,4,3,fp32,ordinary,padded,thread_packet,8,8,1,1,8,none,fraction_lut_warp,ordinary/padded/thread_packet/x8/fraction_lut_warp,16777216,0,1,33554432,33554432,32,512,256,3,1,38,4.9195518493652344,0.12946189077276932,4202214,1
2026-08-16T21:23:18Z,NVIDIA H200 NVL,screen,uniform_0_1,dot,lns,lns8_r3,8,4,3,fp32,ordinary,padded,thread_packet,8,8,1,1,8,none,fraction_lut_warp,ordinary/padded/thread_packet/x8/fraction_lut_warp,16777216,0,1,33554432,33554432,32,512,256,3,2,38,4.9219517707824707,0.1295250465995387,4202214,1
2026-08-16T21:23:18Z,NVIDIA H200 NVL,screen,uniform_0_1,gemv,lns,lns8_r3,8,4,3,fp32,ordinary,padded,thread_packet,8,8,1,1,8,none,fraction_lut_warp,ordinary/padded/thread_packet/x8/fraction_lut_warp,16384,1024,1024,16793600,16793600,32,1024,256,3,0,42,4.9131841659545898,0.11698057537987119,4110.60546875,1
2026-08-16T21:23:18Z,NVIDIA H200 NVL,screen,uniform_0_1,gemv,lns,lns8_r3,8,4,3,fp32,ordinary,padded,thread_packet,8,8,1,1,8,none,fraction_lut_warp,ordinary/padded/thread_packet/x8/fraction_lut_warp,16384,1024,1024,16793600,16793600,32,1024,256,3,1,42,4.911776065826416,0.11694704918634324,4110.60546875,1
2026-08-16T21:23:18Z,NVIDIA H200 NVL,screen,uniform_0_1,gemv,lns,lns8_r3,8,4,3,fp32,ordinary,padded,thread_packet,8,8,1,1,8,none,fraction_lut_warp,ordinary/padded/thread_packet/x8/fraction_lut_warp,16384,1024,1024,16793600,16793600,32,1024,256,3,2,42,4.9136638641357422,0.11699199676513672,4110.60546875,1
2026-08-16T21:23:18Z,NVIDIA H200 NVL,screen,uniform_0_1,dot,lns,lns8_r3,8,4,3,fp32,fused,padded,scalar,1,8,1,1,1,none,fraction_lut_warp,fused/padded/scalar/x1/fraction_lut_warp,16777216,0,1,33554432,33554432,32,512,256,3,0,48,4.9400320053100586,0.10291733344395955,4202214,1
2026-08-16T21:23:18Z,NVIDIA H200 NVL,screen,uniform_0_1,dot,lns,lns8_r3,8,4,3,fp32,fused,padded,scalar,1,8,1,1,1,none,fraction_lut_warp,fused/padded/scalar/x1/fraction_lut_warp,16777216,0,1,33554432,33554432,32,512,256,3,1,48,4.9332160949707031,0.10277533531188965,4202214,1
2026-08-16T21:23:18Z,NVIDIA H200 NVL,screen,uniform_0_1,dot,lns,lns8_r3,8,4,3,fp32,fused,padded,scalar,1,8,1,1,1,none,fraction_lut_warp,fused/padded/scalar/x1/fraction_lut_warp,16777216,0,1,33554432,33554432,32,512,256,3,2,48,4.9315199851989746,0.10273999969164531,4202214,1
2026-08-16T21:23:18Z,NVIDIA H200 NVL,screen,uniform_0_1,gemv,lns,lns8_r3,8,4,3,fp32,fused,padded,scalar,1,8,1,1,1,none,fraction_lut_warp,fused/padded/scalar/x1/fraction_lut_warp,16384,1024,1024,16793600,16793600,32,1024,256,3,0,52,4.9062080383300781,0.094350154583270729,4110.60546875,1
2026-08-16T21:23:18Z,NVIDIA H200 NVL,screen,uniform_0_1,gemv,lns,lns8_r3,8,4,3,fp32,fused,padded,scalar,1,8,1,1,1,none,fraction_lut_warp,fused/padded/scalar/x1/fraction_lut_warp,16384,1024,1024,16793600,16793600,32,1024,256,3,1,52,4.9065279960632324,0.094356307616600618,4110.60546875,1
2026-08-16T21:23:18Z,NVIDIA H200 NVL,screen,uniform_0_1,gemv,lns,lns8_r3,8,4,3,fp32,fused,padded,scalar,1,8,1,1,1,none,fraction_lut_warp,fused/padded/scalar/x1/fraction_lut_warp,16384,1024,1024,16793600,16793600,32,1024,256,3,2,52,4.9053120613098145,0.094332924255957976,4110.60546875,1
2026-08-16T21:23:18Z,NVIDIA H200 NVL,screen,uniform_0_1,dot,lns,lns8_r3,8,4,3,fp32,fused,padded,thread_packet,2,8,1,1,2,none,fraction_lut_warp,fused/padded/thread_packet/x2/fraction_lut_warp,16777216,0,1,33554432,33554432,32,512,256,3,0,48,4.9912638664245605,0.10398466388384502,4202214,1
2026-08-16T21:23:18Z,NVIDIA H200 NVL,screen,uniform_0_1,dot,lns,lns8_r3,8,4,3,fp32,fused,padded,thread_packet,2,8,1,1,2,none,fraction_lut_warp,fused/padded/thread_packet/x2/fraction_lut_warp,16777216,0,1,33554432,33554432,32,512,256,3,1,48,4.9917759895324707,0.10399533311525981,4202214,1
2026-08-16T21:23:18Z,NVIDIA H200 NVL,screen,uniform_0_1,dot,lns,lns8_r3,8,4,3,fp32,fused,padded,thread_packet,2,8,1,1,2,none,fraction_lut_warp,fused/padded/thread_packet/x2/fraction_lut_warp,16777216,0,1,33554432,33554432,32,512,256,3,2,48,4.9940481185913086,0.10404266913731892,4202214,1
2026-08-16T21:23:18Z,NVIDIA H200 NVL,screen,uniform_0_1,gemv,lns,lns8_r3,8,4,3,fp32,fused,padded,thread_packet,2,8,1,1,2,none,fraction_lut_warp,fused/padded/thread_packet/x2/fraction_lut_warp,16384,1024,1024,16793600,16793600,32,1024,256,3,0,52,4.9127998352050781,0.094476919907789961,4110.60595703125,1
2026-08-16T21:23:18Z,NVIDIA H200 NVL,screen,uniform_0_1,gemv,lns,lns8_r3,8,4,3,fp32,fused,padded,thread_packet,2,8,1,1,2,none,fraction_lut_warp,fused/padded/thread_packet/x2/fraction_lut_warp,16384,1024,1024,16793600,16793600,32,1024,256,3,1,52,4.9130878448486328,0.094482458554781407,4110.60595703125,1
2026-08-16T21:23:18Z,NVIDIA H200 NVL,screen,uniform_0_1,gemv,lns,lns8_r3,8,4,3,fp32,fused,padded,thread_packet,2,8,1,1,2,none,fraction_lut_warp,fused/padded/thread_packet/x2/fraction_lut_warp,16384,1024,1024,16793600,16793600,32,1024,256,3,2,52,4.9119358062744141,0.094460303966815651,4110.60595703125,1
2026-08-16T21:23:18Z,NVIDIA H200 NVL,screen,uniform_0_1,dot,lns,lns8_r3,8,4,3,fp32,fused,padded,thread_packet,4,8,1,1,4,none,fraction_lut_warp,fused/padded/thread_packet/x4/fraction_lut_warp,16777216,0,1,33554432,33554432,32,512,256,3,0,49,4.8941121101379395,0.099879838982406932,4202214,1
2026-08-16T21:23:18Z,NVIDIA H200 NVL,screen,uniform_0_1,dot,lns,lns8_r3,8,4,3,fp32,fused,padded,thread_packet,4,8,1,1,4,none,fraction_lut_warp,fused/padded/thread_packet/x4/fraction_lut_warp,16777216,0,1,33554432,33554432,32,512,256,3,1,49,4.8857598304748535,0.099709384295405171,4202214,1
2026-08-16T21:23:18Z,NVIDIA H200 NVL,screen,uniform_0_1,dot,lns,lns8_r3,8,4,3,fp32,fused,padded,thread_packet,4,8,1,1,4,none,fraction_lut_warp,fused/padded/thread_packet/x4/fraction_lut_warp,16777216,0,1,33554432,33554432,32,512,256,3,2,49,4.8904638290405273,0.09980538426613321,4202214,1
2026-08-16T21:23:18Z,NVIDIA H200 NVL,screen,uniform_0_1,gemv,lns,lns8_r3,8,4,3,fp32,fused,padded,thread_packet,4,8,1,1,4,none,fraction_lut_warp,fused/padded/thread_packet/x4/fraction_lut_warp,16384,1024,1024,16793600,16793600,32,1024,256,3,0,54,4.9222722053527832,0.0911531889880145,4110.60595703125,1
2026-08-16T21:23:18Z,NVIDIA H200 NVL,screen,uniform_0_1,gemv,lns,lns8_r3,8,4,3,fp32,fused,padded,thread_packet,4,8,1,1,4,none,fraction_lut_warp,fused/padded/thread_packet/x4/fraction_lut_warp,16384,1024,1024,16793600,16793600,32,1024,256,3,1,54,4.9217920303344727,0.091144296858045787,4110.60595703125,1
2026-08-16T21:23:18Z,NVIDIA H200 NVL,screen,uniform_0_1,gemv,lns,lns8_r3,8,4,3,fp32,fused,padded,thread_packet,4,8,1,1,4,none,fraction_lut_warp,fused/padded/thread_packet/x4/fraction_lut_warp,16384,1024,1024,16793600,16793600,32,1024,256,3,2,54,4.9248638153076172,0.091201181764955869,4110.60595703125,1
2026-08-16T21:23:18Z,NVIDIA H200 NVL,screen,uniform_0_1,dot,lns,lns8_r3,8,4,3,fp32,fused,padded,thread_packet,8,8,1,1,8,none,fraction_lut_warp,fused/padded/thread_packet/x8/fraction_lut_warp,16777216,0,1,33554432,33554432,32,512,256,3,0,49,4.9481601715087891,0.10098286064303651,4202213.5,1
2026-08-16T21:23:18Z,NVIDIA H200 NVL,screen,uniform_0_1,dot,lns,lns8_r3,8,4,3,fp32,fused,padded,thread_packet,8,8,1,1,8,none,fraction_lut_warp,fused/padded/thread_packet/x8/fraction_lut_warp,16777216,0,1,33554432,33554432,32,512,256,3,1,49,4.9378237724304199,0.10077191372306979,4202213.5,1
2026-08-16T21:23:18Z,NVIDIA H200 NVL,screen,uniform_0_1,dot,lns,lns8_r3,8,4,3,fp32,fused,padded,thread_packet,8,8,1,1,8,none,fraction_lut_warp,fused/padded/thread_packet/x8/fraction_lut_warp,16777216,0,1,33554432,33554432,32,512,256,3,2,49,4.943295955657959,0.10088359093179508,4202213.5,1
2026-08-16T21:23:18Z,NVIDIA H200 NVL,screen,uniform_0_1,gemv,lns,lns8_r3,8,4,3,fp32,fused,padded,thread_packet,8,8,1,1,8,none,fraction_lut_warp,fused/padded/thread_packet/x8/fraction_lut_warp,16384,1024,1024,16793600,16793600,32,1024,256,3,0,53,4.8862719535827637,0.092193810444957808,4110.60546875,1
2026-08-16T21:23:18Z,NVIDIA H200 NVL,screen,uniform_0_1,gemv,lns,lns8_r3,8,4,3,fp32,fused,padded,thread_packet,8,8,1,1,8,none,fraction_lut_warp,fused/padded/thread_packet/x8/fraction_lut_warp,16384,1024,1024,16793600,16793600,32,1024,256,3,1,53,4.8858880996704102,0.09218656791830962,4110.60546875,1
2026-08-16T21:23:18Z,NVIDIA H200 NVL,screen,uniform_0_1,gemv,lns,lns8_r3,8,4,3,fp32,fused,padded,thread_packet,8,8,1,1,8,none,fraction_lut_warp,fused/padded/thread_packet/x8/fraction_lut_warp,16384,1024,1024,16793600,16793600,32,1024,256,3,2,53,4.8849921226501465,0.092169662691512194,4110.60546875,1
2026-08-16T21:23:18Z,NVIDIA H200 NVL,screen,uniform_0_1,dot,lns,lns8_r3,8,4,3,fp32,fused,padded,scalar,1,8,1,1,1,none,fused_sum_lut_global,fused/padded/scalar/x1/fused_sum_lut_global,16777216,0,1,33554432,33554432,1024,512,256,3,0,76,4.8712320327758789,0.064095158325998408,4202214,1
2026-08-16T21:23:18Z,NVIDIA H200 NVL,screen,uniform_0_1,dot,lns,lns8_r3,8,4,3,fp32,fused,padded,scalar,1,8,1,1,1,none,fused_sum_lut_global,fused/padded/scalar/x1/fused_sum_lut_global,16777216,0,1,33554432,33554432,1024,512,256,3,1,76,4.8648638725280762,0.064011366743790474,4202214,1
2026-08-16T21:23:18Z,NVIDIA H200 NVL,screen,uniform_0_1,dot,lns,lns8_r3,8,4,3,fp32,fused,padded,scalar,1,8,1,1,1,none,fused_sum_lut_global,fused/padded/scalar/x1/fused_sum_lut_global,16777216,0,1,33554432,33554432,1024,512,256,3,2,76,4.8648638725280762,0.064011366743790474,4202214,1
2026-08-16T21:23:18Z,NVIDIA H200 NVL,screen,uniform_0_1,gemv,lns,lns8_r3,8,4,3,fp32,fused,padded,scalar,1,8,1,1,1,none,fused_sum_lut_global,fused/padded/scalar/x1/fused_sum_lut_global,16384,1024,1024,16793600,16793600,1024,1024,256,3,0,82,4.8330879211425781,0.058940096599299732,4110.60546875,1
2026-08-16T21:23:18Z,NVIDIA H200 NVL,screen,uniform_0_1,gemv,lns,lns8_r3,8,4,3,fp32,fused,padded,scalar,1,8,1,1,1,none,fused_sum_lut_global,fused/padded/scalar/x1/fused_sum_lut_global,16384,1024,1024,16793600,16793600,1024,1024,256,3,1,82,4.8303041458129883,0.058906148119670591,4110.60546875,1
2026-08-16T21:23:18Z,NVIDIA H200 NVL,screen,uniform_0_1,gemv,lns,lns8_r3,8,4,3,fp32,fused,padded,scalar,1,8,1,1,1,none,fused_sum_lut_global,fused/padded/scalar/x1/fused_sum_lut_global,16384,1024,1024,16793600,16793600,1024,1024,256,3,2,82,4.8298239707946777,0.058900292326764365,4110.60546875,1
2026-08-16T21:23:18Z,NVIDIA H200 NVL,screen,uniform_0_1,dot,lns,lns8_r3,8,4,3,fp32,fused,padded,thread_packet,2,8,1,1,2,none,fused_sum_lut_global,fused/padded/thread_packet/x2/fused_sum_lut_global,16777216,0,1,33554432,33554432,1024,512,256,3,0,74,4.8884158134460449,0.066059673154676285,4202214,1
2026-08-16T21:23:18Z,NVIDIA H200 NVL,screen,uniform_0_1,dot,lns,lns8_r3,8,4,3,fp32,fused,padded,thread_packet,2,8,1,1,2,none,fused_sum_lut_global,fused/padded/thread_packet/x2/fused_sum_lut_global,16777216,0,1,33554432,33554432,1024,512,256,3,1,74,4.8917441368103027,0.066104650497436523,4202214,1
2026-08-16T21:23:18Z,NVIDIA H200 NVL,screen,uniform_0_1,dot,lns,lns8_r3,8,4,3,fp32,fused,padded,thread_packet,2,8,1,1,2,none,fused_sum_lut_global,fused/padded/thread_packet/x2/fused_sum_lut_global,16777216,0,1,33554432,33554432,1024,512,256,3,2,74,4.8919677734375,0.066107672614020271,4202214,1
2026-08-16T21:23:18Z,NVIDIA H200 NVL,screen,uniform_0_1,gemv,lns,lns8_r3,8,4,3,fp32,fused,padded,thread_packet,2,8,1,1,2,none,fused_sum_lut_global,fused/padded/thread_packet/x2/fused_sum_lut_global,16384,1024,1024,16793600,16793600,1024,1024,256,3,0,81,4.8231039047241211,0.059544492650915076,4110.60595703125,1
2026-08-16T21:23:18Z,NVIDIA H200 NVL,screen,uniform_0_1,gemv,lns,lns8_r3,8,4,3,fp32,fused,padded,thread_packet,2,8,1,1,2,none,fused_sum_lut_global,fused/padded/thread_packet/x2/fused_sum_lut_global,16384,1024,1024,16793600,16793600,1024,1024,256,3,1,81,4.8226561546325684,0.059538964872007015,4110.60595703125,1
2026-08-16T21:23:18Z,NVIDIA H200 NVL,screen,uniform_0_1,gemv,lns,lns8_r3,8,4,3,fp32,fused,padded,thread_packet,2,8,1,1,2,none,fused_sum_lut_global,fused/padded/thread_packet/x2/fused_sum_lut_global,16384,1024,1024,16793600,16793600,1024,1024,256,3,2,81,4.8232002258300781,0.059545681800371335,4110.60595703125,1
2026-08-16T21:23:18Z,NVIDIA H200 NVL,screen,uniform_0_1,dot,lns,lns8_r3,8,4,3,fp32,fused,padded,thread_packet,4,8,1,1,4,none,fused_sum_lut_global,fused/padded/thread_packet/x4/fused_sum_lut_global,16777216,0,1,33554432,33554432,1024,512,256,3,0,77,4.8348159790039062,0.062789817909141635,4202214,1
2026-08-16T21:23:18Z,NVIDIA H200 NVL,screen,uniform_0_1,dot,lns,lns8_r3,8,4,3,fp32,fused,padded,thread_packet,4,8,1,1,4,none,fused_sum_lut_global,fused/padded/thread_packet/x4/fused_sum_lut_global,16777216,0,1,33554432,33554432,1024,512,256,3,1,77,4.8349437713623047,0.062791477550159805,4202214,1
2026-08-16T21:23:18Z,NVIDIA H200 NVL,screen,uniform_0_1,dot,lns,lns8_r3,8,4,3,fp32,fused,padded,thread_packet,4,8,1,1,4,none,fused_sum_lut_global,fused/padded/thread_packet/x4/fused_sum_lut_global,16777216,0,1,33554432,33554432,1024,512,256,3,2,77,4.8337597846984863,0.062776101099980344,4202214,1
2026-08-16T21:23:18Z,NVIDIA H200 NVL,screen,uniform_0_1,gemv,lns,lns8_r3,8,4,3,fp32,fused,padded,thread_packet,4,8,1,1,4,none,fused_sum_lut_global,fused/padded/thread_packet/x4/fused_sum_lut_global,16384,1024,1024,16793600,16793600,1024,1024,256,3,0,86,4.8541440963745117,0.05644353600435479,4110.60595703125,1
2026-08-16T21:23:18Z,NVIDIA H200 NVL,screen,uniform_0_1,gemv,lns,lns8_r3,8,4,3,fp32,fused,padded,thread_packet,4,8,1,1,4,none,fused_sum_lut_global,fused/padded/thread_packet/x4/fused_sum_lut_global,16384,1024,1024,16793600,16793600,1024,1024,256,3,1,86,4.8546562194824219,0.05644949092421421,4110.60595703125,1
2026-08-16T21:23:18Z,NVIDIA H200 NVL,screen,uniform_0_1,gemv,lns,lns8_r3,8,4,3,fp32,fused,padded,thread_packet,4,8,1,1,4,none,fused_sum_lut_global,fused/padded/thread_packet/x4/fused_sum_lut_global,16384,1024,1024,16793600,16793600,1024,1024,256,3,2,86,4.8547840118408203,0.056450976881870001,4110.60595703125,1
2026-08-16T21:23:18Z,NVIDIA H200 NVL,screen,uniform_0_1,dot,lns,lns8_r3,8,4,3,fp32,fused,padded,thread_packet,8,8,1,1,8,none,fused_sum_lut_global,fused/padded/thread_packet/x8/fused_sum_lut_global,16777216,0,1,33554432,33554432,1024,512,256,3,0,76,4.8527359962463379,0.063851789424293925,4202213.5,1
2026-08-16T21:23:18Z,NVIDIA H200 NVL,screen,uniform_0_1,dot,lns,lns8_r3,8,4,3,fp32,fused,padded,thread_packet,8,8,1,1,8,none,fused_sum_lut_global,fused/padded/thread_packet/x8/fused_sum_lut_global,16777216,0,1,33554432,33554432,1024,512,256,3,1,76,4.8541440963745117,0.06387031705755937,4202213.5,1
2026-08-16T21:23:18Z,NVIDIA H200 NVL,screen,uniform_0_1,dot,lns,lns8_r3,8,4,3,fp32,fused,padded,thread_packet,8,8,1,1,8,none,fused_sum_lut_global,fused/padded/thread_packet/x8/fused_sum_lut_global,16777216,0,1,33554432,33554432,1024,512,256,3,2,76,4.8791999816894531,0.064199999759071757,4202213.5,1
2026-08-16T21:23:18Z,NVIDIA H200 NVL,screen,uniform_0_1,gemv,lns,lns8_r3,8,4,3,fp32,fused,padded,thread_packet,8,8,1,1,8,none,fused_sum_lut_global,fused/padded/thread_packet/x8/fused_sum_lut_global,16384,1024,1024,16793600,16793600,1024,1024,256,3,0,83,4.7863998413085938,0.057667467967573417,4110.60546875,1
2026-08-16T21:23:18Z,NVIDIA H200 NVL,screen,uniform_0_1,gemv,lns,lns8_r3,8,4,3,fp32,fused,padded,thread_packet,8,8,1,1,8,none,fused_sum_lut_global,fused/padded/thread_packet/x8/fused_sum_lut_global,16384,1024,1024,16793600,16793600,1024,1024,256,3,1,83,4.7871360778808594,0.057676338287721195,4110.60546875,1
2026-08-16T21:23:18Z,NVIDIA H200 NVL,screen,uniform_0_1,gemv,lns,lns8_r3,8,4,3,fp32,fused,padded,thread_packet,8,8,1,1,8,none,fused_sum_lut_global,fused/padded/thread_packet/x8/fused_sum_lut_global,16384,1024,1024,16793600,16793600,1024,1024,256,3,2,83,4.7842879295349121,0.05764202324740858,4110.60546875,1
2026-08-16T21:23:18Z,NVIDIA H200 NVL,screen,uniform_0_1,dot,lns,lns8_r3,8,4,3,fp32,fused,padded,scalar,1,8,1,1,1,none,fused_sum_lut_shared,fused/padded/scalar/x1/fused_sum_lut_shared,16777216,0,1,33554432,33554432,1024,512,256,3,0,81,4.8202881813049316,0.059509730633394216,4202214,1
2026-08-16T21:23:18Z,NVIDIA H200 NVL,screen,uniform_0_1,dot,lns,lns8_r3,8,4,3,fp32,fused,padded,scalar,1,8,1,1,1,none,fused_sum_lut_shared,fused/padded/scalar/x1/fused_sum_lut_shared,16777216,0,1,33554432,33554432,1024,512,256,3,1,81,4.8181118965148926,0.059482862919936944,4202214,1
2026-08-16T21:23:18Z,NVIDIA H200 NVL,screen,uniform_0_1,dot,lns,lns8_r3,8,4,3,fp32,fused,padded,scalar,1,8,1,1,1,none,fused_sum_lut_shared,fused/padded/scalar/x1/fused_sum_lut_shared,16777216,0,1,33554432,33554432,1024,512,256,3,2,81,4.8191041946411133,0.059495113514087816,4202214,1
2026-08-16T21:23:18Z,NVIDIA H200 NVL,screen,uniform_0_1,gemv,lns,lns8_r3,8,4,3,fp32,fused,padded,scalar,1,8,1,1,1,none,fused_sum_lut_shared,fused/padded/scalar/x1/fused_sum_lut_shared,16384,1024,1024,16793600,16793600,1024,1024,256,3,0,88,4.8170561790466309,0.054739274761893532,4110.60546875,1
2026-08-16T21:23:18Z,NVIDIA H200 NVL,screen,uniform_0_1,gemv,lns,lns8_r3,8,4,3,fp32,fused,padded,scalar,1,8,1,1,1,none,fused_sum_lut_shared,fused/padded/scalar/x1/fused_sum_lut_shared,16384,1024,1024,16793600,16793600,1024,1024,256,3,1,88,4.8024001121520996,0.054572728547182953,4110.60546875,1
2026-08-16T21:23:18Z,NVIDIA H200 NVL,screen,uniform_0_1,gemv,lns,lns8_r3,8,4,3,fp32,fused,padded,scalar,1,8,1,1,1,none,fused_sum_lut_shared,fused/padded/scalar/x1/fused_sum_lut_shared,16384,1024,1024,16793600,16793600,1024,1024,256,3,2,88,4.8040637969970703,0.054591634056784889,4110.60546875,1
2026-08-16T21:23:18Z,NVIDIA H200 NVL,screen,uniform_0_1,dot,lns,lns8_r3,8,4,3,fp32,fused,padded,thread_packet,2,8,1,1,2,none,fused_sum_lut_shared,fused/padded/thread_packet/x2/fused_sum_lut_shared,16777216,0,1,33554432,33554432,1024,512,256,3,0,77,4.8295679092407227,0.062721661158970418,4202214,1
2026-08-16T21:23:18Z,NVIDIA H200 NVL,screen,uniform_0_1,dot,lns,lns8_r3,8,4,3,fp32,fused,padded,thread_packet,2,8,1,1,2,none,fused_sum_lut_shared,fused/padded/thread_packet/x2/fused_sum_lut_shared,16777216,0,1,33554432,33554432,1024,512,256,3,1,77,4.8306241035461426,0.062735377968131723,4202214,1
2026-08-16T21:23:18Z,NVIDIA H200 NVL,screen,uniform_0_1,dot,lns,lns8_r3,8,4,3,fp32,fused,padded,thread_packet,2,8,1,1,2,none,fused_sum_lut_shared,fused/padded/thread_packet/x2/fused_sum_lut_shared,16777216,0,1,33554432,33554432,1024,512,256,3,2,77,4.8350720405578613,0.062793143383868336,4202214,1
2026-08-16T21:23:18Z,NVIDIA H200 NVL,screen,uniform_0_1,gemv,lns,lns8_r3,8,4,3,fp32,fused,padded,thread_packet,2,8,1,1,2,none,fused_sum_lut_shared,fused/padded/thread_packet/x2/fused_sum_lut_shared,16384,1024,1024,16793600,16793600,1024,1024,256,3,0,86,4.8610239028930664,0.056523533754570539,4110.60595703125,1
2026-08-16T21:23:18Z,NVIDIA H200 NVL,screen,uniform_0_1,gemv,lns,lns8_r3,8,4,3,fp32,fused,padded,thread_packet,2,8,1,1,2,none,fused_sum_lut_shared,fused/padded/thread_packet/x2/fused_sum_lut_shared,16384,1024,1024,16793600,16793600,1024,1024,256,3,1,86,4.8598079681396484,0.056509394978368002,4110.60595703125,1
2026-08-16T21:23:18Z,NVIDIA H200 NVL,screen,uniform_0_1,gemv,lns,lns8_r3,8,4,3,fp32,fused,padded,thread_packet,2,8,1,1,2,none,fused_sum_lut_shared,fused/padded/thread_packet/x2/fused_sum_lut_shared,16384,1024,1024,16793600,16793600,1024,1024,256,3,2,86,4.8634881973266602,0.056552188341007677,4110.60595703125,1
2026-08-16T21:23:18Z,NVIDIA H200 NVL,screen,uniform_0_1,dot,lns,lns8_r3,8,4,3,fp32,fused,padded,thread_packet,4,8,1,1,4,none,fused_sum_lut_shared,fused/padded/thread_packet/x4/fused_sum_lut_shared,16777216,0,1,33554432,33554432,1024,512,256,3,0,82,4.8559999465942383,0.059219511543832176,4202214,1
2026-08-16T21:23:18Z,NVIDIA H200 NVL,screen,uniform_0_1,dot,lns,lns8_r3,8,4,3,fp32,fused,padded,thread_packet,4,8,1,1,4,none,fused_sum_lut_shared,fused/padded/thread_packet/x4/fused_sum_lut_shared,16777216,0,1,33554432,33554432,1024,512,256,3,1,82,4.8467202186584473,0.059106344129981066,4202214,1
2026-08-16T21:23:18Z,NVIDIA H200 NVL,screen,uniform_0_1,dot,lns,lns8_r3,8,4,3,fp32,fused,padded,thread_packet,4,8,1,1,4,none,fused_sum_lut_shared,fused/padded/thread_packet/x4/fused_sum_lut_shared,16777216,0,1,33554432,33554432,1024,512,256,3,2,82,4.8515520095825195,0.05916526840954292,4202214,1
2026-08-16T21:23:18Z,NVIDIA H200 NVL,screen,uniform_0_1,gemv,lns,lns8_r3,8,4,3,fp32,fused,padded,thread_packet,4,8,1,1,4,none,fused_sum_lut_shared,fused/padded/thread_packet/x4/fused_sum_lut_shared,16384,1024,1024,16793600,16793600,1024,1024,256,3,0,91,4.829279899597168,0.053069009885683166,4110.60595703125,1
2026-08-16T21:23:18Z,NVIDIA H200 NVL,screen,uniform_0_1,gemv,lns,lns8_r3,8,4,3,fp32,fused,padded,thread_packet,4,8,1,1,4,none,fused_sum_lut_shared,fused/padded/thread_packet/x4/fused_sum_lut_shared,16384,1024,1024,16793600,16793600,1024,1024,256,3,1,91,4.8232002258300781,0.053002200283847015,4110.60595703125,1
2026-08-16T21:23:18Z,NVIDIA H200 NVL,screen,uniform_0_1,gemv,lns,lns8_r3,8,4,3,fp32,fused,padded,thread_packet,4,8,1,1,4,none,fused_sum_lut_shared,fused/padded/thread_packet/x4/fused_sum_lut_shared,16384,1024,1024,16793600,16793600,1024,1024,256,3,2,91,4.8152642250061035,0.052914991483583557,4110.60595703125,1
2026-08-16T21:23:18Z,NVIDIA H200 NVL,screen,uniform_0_1,dot,lns,lns8_r3,8,4,3,fp32,fused,padded,thread_packet,8,8,1,1,8,none,fused_sum_lut_shared,fused/padded/thread_packet/x8/fused_sum_lut_shared,16777216,0,1,33554432,33554432,1024,512,256,3,0,80,4.8542399406433105,0.060677999258041383,4202213.5,1
2026-08-16T21:23:18Z,NVIDIA H200 NVL,screen,uniform_0_1,dot,lns,lns8_r3,8,4,3,fp32,fused,padded,thread_packet,8,8,1,1,8,none,fused_sum_lut_shared,fused/padded/thread_packet/x8/fused_sum_lut_shared,16777216,0,1,33554432,33554432,1024,512,256,3,1,80,4.852384090423584,0.060654801130294797,4202213.5,1
2026-08-16T21:23:18Z,NVIDIA H200 NVL,screen,uniform_0_1,dot,lns,lns8_r3,8,4,3,fp32,fused,padded,thread_packet,8,8,1,1,8,none,fused_sum_lut_shared,fused/padded/thread_packet/x8/fused_sum_lut_shared,16777216,0,1,33554432,33554432,1024,512,256,3,2,80,4.853151798248291,0.060664397478103635,4202213.5,1
2026-08-16T21:23:18Z,NVIDIA H200 NVL,screen,uniform_0_1,gemv,lns,lns8_r3,8,4,3,fp32,fused,padded,thread_packet,8,8,1,1,8,none,fused_sum_lut_shared,fused/padded/thread_packet/x8/fused_sum_lut_shared,16384,1024,1024,16793600,16793600,1024,1024,256,3,0,87,4.7638721466064453,0.054757151110418914,4110.60546875,1
2026-08-16T21:23:18Z,NVIDIA H200 NVL,screen,uniform_0_1,gemv,lns,lns8_r3,8,4,3,fp32,fused,padded,thread_packet,8,8,1,1,8,none,fused_sum_lut_shared,fused/padded/thread_packet/x8/fused_sum_lut_shared,16384,1024,1024,16793600,16793600,1024,1024,256,3,1,87,4.7631998062133789,0.054749423059923898,4110.60546875,1
2026-08-16T21:23:18Z,NVIDIA H200 NVL,screen,uniform_0_1,gemv,lns,lns8_r3,8,4,3,fp32,fused,padded,thread_packet,8,8,1,1,8,none,fused_sum_lut_shared,fused/padded/thread_packet/x8/fused_sum_lut_shared,16384,1024,1024,16793600,16793600,1024,1024,256,3,2,87,4.7639360427856445,0.054757885549260282,4110.60546875,1
2026-08-16T21:23:18Z,NVIDIA H200 NVL,screen,uniform_0_1,dot,lns,lns8_r3,8,4,3,fp64,ordinary,padded,scalar,1,8,1,1,1,none,reference_exp2,ordinary/padded/scalar/x1/reference_exp2,16777216,0,1,33554432,33554432,0,512,256,3,0,42,4.9860801696777344,0.11871619451613653,4202212.8581001824,1
2026-08-16T21:23:18Z,NVIDIA H200 NVL,screen,uniform_0_1,dot,lns,lns8_r3,8,4,3,fp64,ordinary,padded,scalar,1,8,1,1,1,none,reference_exp2,ordinary/padded/scalar/x1/reference_exp2,16777216,0,1,33554432,33554432,0,512,256,3,1,42,4.9911680221557617,0.11883733386085146,4202212.8581001824,1
2026-08-16T21:23:18Z,NVIDIA H200 NVL,screen,uniform_0_1,dot,lns,lns8_r3,8,4,3,fp64,ordinary,padded,scalar,1,8,1,1,1,none,reference_exp2,ordinary/padded/scalar/x1/reference_exp2,16777216,0,1,33554432,33554432,0,512,256,3,2,42,4.9901118278503418,0.11881218637738909,4202212.8581001824,1
2026-08-16T21:23:18Z,NVIDIA H200 NVL,screen,uniform_0_1,gemv,lns,lns8_r3,8,4,3,fp64,ordinary,padded,scalar,1,8,1,1,1,none,reference_exp2,ordinary/padded/scalar/x1/reference_exp2,16384,1024,1024,16793600,16793600,0,1024,256,3,0,45,4.9045438766479492,0.10898986392550998,4110.6056025964062,1
2026-08-16T21:23:18Z,NVIDIA H200 NVL,screen,uniform_0_1,gemv,lns,lns8_r3,8,4,3,fp64,ordinary,padded,scalar,1,8,1,1,1,none,reference_exp2,ordinary/padded/scalar/x1/reference_exp2,16384,1024,1024,16793600,16793600,0,1024,256,3,1,45,4.9018878936767578,0.10893084208170573,4110.6056025964062,1
2026-08-16T21:23:18Z,NVIDIA H200 NVL,screen,uniform_0_1,gemv,lns,lns8_r3,8,4,3,fp64,ordinary,padded,scalar,1,8,1,1,1,none,reference_exp2,ordinary/padded/scalar/x1/reference_exp2,16384,1024,1024,16793600,16793600,0,1024,256,3,2,45,4.9028158187866211,0.10895146263970269,4110.6056025964062,1
2026-08-16T21:23:18Z,NVIDIA H200 NVL,screen,uniform_0_1,dot,lns,lns8_r3,8,4,3,fp64,fused,padded,scalar,1,8,1,1,1,none,reference_exp2,fused/padded/scalar/x1/reference_exp2,16777216,0,1,33554432,33554432,0,512,256,3,0,55,4.9208002090454102,0.089469094709916555,4202212.8581001824,1
2026-08-16T21:23:18Z,NVIDIA H200 NVL,screen,uniform_0_1,dot,lns,lns8_r3,8,4,3,fp64,fused,padded,scalar,1,8,1,1,1,none,reference_exp2,fused/padded/scalar/x1/reference_exp2,16777216,0,1,33554432,33554432,0,512,256,3,1,55,4.9203839302062988,0.089461526003750888,4202212.8581001824,1
2026-08-16T21:23:18Z,NVIDIA H200 NVL,screen,uniform_0_1,dot,lns,lns8_r3,8,4,3,fp64,fused,padded,scalar,1,8,1,1,1,none,reference_exp2,fused/padded/scalar/x1/reference_exp2,16777216,0,1,33554432,33554432,0,512,256,3,2,55,4.9337601661682129,0.089704730293967513,4202212.8581001824,1
2026-08-16T21:23:18Z,NVIDIA H200 NVL,screen,uniform_0_1,gemv,lns,lns8_r3,8,4,3,fp64,fused,padded,scalar,1,8,1,1,1,none,reference_exp2,fused/padded/scalar/x1/reference_exp2,16384,1024,1024,16793600,16793600,0,1024,256,3,0,58,4.9345917701721191,0.085079168451243428,4110.6056025964062,1
2026-08-16T21:23:18Z,NVIDIA H200 NVL,screen,uniform_0_1,gemv,lns,lns8_r3,8,4,3,fp64,fused,padded,scalar,1,8,1,1,1,none,reference_exp2,fused/padded/scalar/x1/reference_exp2,16384,1024,1024,16793600,16793600,0,1024,256,3,1,58,4.9226560592651367,0.084873380332157536,4110.6056025964062,1
2026-08-16T21:23:18Z,NVIDIA H200 NVL,screen,uniform_0_1,gemv,lns,lns8_r3,8,4,3,fp64,fused,padded,scalar,1,8,1,1,1,none,reference_exp2,fused/padded/scalar/x1/reference_exp2,16384,1024,1024,16793600,16793600,0,1024,256,3,2,58,4.9252481460571289,0.084918071483743598,4110.6056025964062,1
2026-08-16T21:23:18Z,NVIDIA H200 NVL,screen,uniform_0_1,dot,lns,lns8_r3,8,4,3,fp64,ordinary,padded,scalar,1,8,1,1,1,none,ex2_approx,ordinary/padded/scalar/x1/ex2_approx,16777216,0,1,33554432,33554432,0,512,256,3,0,83,4.8546237945556641,0.058489443307899569,4202212.257559089,1
2026-08-16T21:23:18Z,NVIDIA H200 NVL,screen,uniform_0_1,dot,lns,lns8_r3,8,4,3,fp64,ordinary,padded,scalar,1,8,1,1,1,none,ex2_approx,ordinary/padded/scalar/x1/ex2_approx,16777216,0,1,33554432,33554432,0,512,256,3,1,83,4.8550081253051758,0.058494073798857536,4202212.257559089,1
2026-08-16T21:23:18Z,NVIDIA H200 NVL,screen,uniform_0_1,dot,lns,lns8_r3,8,4,3,fp64,ordinary,padded,scalar,1,8,1,1,1,none,ex2_approx,ordinary/padded/scalar/x1/ex2_approx,16777216,0,1,33554432,33554432,0,512,256,3,2,83,4.8553280830383301,0.058497928711305179,4202212.257559089,1
2026-08-16T21:23:18Z,NVIDIA H200 NVL,screen,uniform_0_1,gemv,lns,lns8_r3,8,4,3,fp64,ordinary,padded,scalar,1,8,1,1,1,none,ex2_approx,ordinary/padded/scalar/x1/ex2_approx,16384,1024,1024,16793600,16793600,0,1024,256,3,0,86,4.8521280288696289,0.056420093358949173,4110.6050168727188,1
2026-08-16T21:23:18Z,NVIDIA H200 NVL,screen,uniform_0_1,gemv,lns,lns8_r3,8,4,3,fp64,ordinary,padded,scalar,1,8,1,1,1,none,ex2_approx,ordinary/padded/scalar/x1/ex2_approx,16384,1024,1024,16793600,16793600,0,1024,256,3,1,86,4.8458881378173828,0.056347536486248635,4110.6050168727188,1
2026-08-16T21:23:18Z,NVIDIA H200 NVL,screen,uniform_0_1,gemv,lns,lns8_r3,8,4,3,fp64,ordinary,padded,scalar,1,8,1,1,1,none,ex2_approx,ordinary/padded/scalar/x1/ex2_approx,16384,1024,1024,16793600,16793600,0,1024,256,3,2,86,4.8476161956787109,0.056367630182310592,4110.6050168727188,1
2026-08-16T21:23:18Z,NVIDIA H200 NVL,screen,uniform_0_1,dot,lns,lns8_r3,8,4,3,fp64,ordinary,padded,thread_packet,2,8,1,1,2,none,ex2_approx,ordinary/padded/thread_packet/x2/ex2_approx,16777216,0,1,33554432,33554432,0,512,256,3,0,82,4.8275518417358398,0.058872583435802928,4202212.257559089,1
2026-08-16T21:23:18Z,NVIDIA H200 NVL,screen,uniform_0_1,dot,lns,lns8_r3,8,4,3,fp64,ordinary,padded,thread_packet,2,8,1,1,2,none,ex2_approx,ordinary/padded/thread_packet/x2/ex2_approx,16777216,0,1,33554432,33554432,0,512,256,3,1,82,4.8256001472473145,0.058848782283503834,4202212.257559089,1
2026-08-16T21:23:18Z,NVIDIA H200 NVL,screen,uniform_0_1,dot,lns,lns8_r3,8,4,3,fp64,ordinary,padded,thread_packet,2,8,1,1,2,none,ex2_approx,ordinary/padded/thread_packet/x2/ex2_approx,16777216,0,1,33554432,33554432,0,512,256,3,2,82,4.8271360397338867,0.058867512679681544,4202212.257559089,1
2026-08-16T21:23:18Z,NVIDIA H200 NVL,screen,uniform_0_1,gemv,lns,lns8_r3,8,4,3,fp64,ordinary,padded,thread_packet,2,8,1,1,2,none,ex2_approx,ordinary/padded/thread_packet/x2/ex2_approx,16384,1024,1024,16793600,16793600,0,1024,256,3,0,88,4.7978558540344238,0.054521089250391182,4110.6050168727188,1
2026-08-16T21:23:18Z,NVIDIA H200 NVL,screen,uniform_0_1,gemv,lns,lns8_r3,8,4,3,fp64,ordinary,padded,thread_packet,2,8,1,1,2,none,ex2_approx,ordinary/padded/thread_packet/x2/ex2_approx,16384,1024,1024,16793600,16793600,0,1024,256,3,1,88,4.7979202270507812,0.054521820761940697,4110.6050168727188,1
2026-08-16T21:23:18Z,NVIDIA H200 NVL,screen,uniform_0_1,gemv,lns,lns8_r3,8,4,3,fp64,ordinary,padded,thread_packet,2,8,1,1,2,none,ex2_approx,ordinary/padded/thread_packet/x2/ex2_approx,16384,1024,1024,16793600,16793600,0,1024,256,3,2,88,4.798367977142334,0.054526908831162887,4110.6050168727188,1
2026-08-16T21:23:18Z,NVIDIA H200 NVL,screen,uniform_0_1,dot,lns,lns8_r3,8,4,3,fp64,ordinary,padded,thread_packet,4,8,1,1,4,none,ex2_approx,ordinary/padded/thread_packet/x4/ex2_approx,16777216,0,1,33554432,33554432,0,512,256,3,0,88,4.8565120697021484,0.05518763715570623,4202212.257559089,1
2026-08-16T21:23:18Z,NVIDIA H200 NVL,screen,uniform_0_1,dot,lns,lns8_r3,8,4,3,fp64,ordinary,padded,thread_packet,4,8,1,1,4,none,ex2_approx,ordinary/padded/thread_packet/x4/ex2_approx,16777216,0,1,33554432,33554432,0,512,256,3,1,88,4.8587198257446289,0.055212725292552604,4202212.257559089,1
2026-08-16T21:23:18Z,NVIDIA H200 NVL,screen,uniform_0_1,dot,lns,lns8_r3,8,4,3,fp64,ordinary,padded,thread_packet,4,8,1,1,4,none,ex2_approx,ordinary/padded/thread_packet/x4/ex2_approx,16777216,0,1,33554432,33554432,0,512,256,3,2,88,4.8543357849121094,0.055162906646728516,4202212.257559089,1
2026-08-16T21:23:18Z,NVIDIA H200 NVL,screen,uniform_0_1,gemv,lns,lns8_r3,8,4,3,fp64,ordinary,padded,thread_packet,4,8,1,1,4,none,ex2_approx,ordinary/padded/thread_packet/x4/ex2_approx,16384,1024,1024,16793600,16793600,0,1024,256,3,0,96,4.8437438011169434,0.050455664594968162,4110.6050168727188,1
2026-08-16T21:23:18Z,NVIDIA H200 NVL,screen,uniform_0_1,gemv,lns,lns8_r3,8,4,3,fp64,ordinary,padded,thread_packet,4,8,1,1,4,none,ex2_approx,ordinary/padded/thread_packet/x4/ex2_approx,16384,1024,1024,16793600,16793600,0,1024,256,3,1,96,4.843167781829834,0.050449664394060768,4110.6050168727188,1
2026-08-16T21:23:18Z,NVIDIA H200 NVL,screen,uniform_0_1,gemv,lns,lns8_r3,8,4,3,fp64,ordinary,padded,thread_packet,4,8,1,1,4,none,ex2_approx,ordinary/padded/thread_packet/x4/ex2_approx,16384,1024,1024,16793600,16793600,0,1024,256,3,2,96,4.8402881622314453,0.050419668356577553,4110.6050168727188,1
2026-08-16T21:23:18Z,NVIDIA H200 NVL,screen,uniform_0_1,dot,lns,lns8_r3,8,4,3,fp64,ordinary,padded,thread_packet,8,8,1,1,8,none,ex2_approx,ordinary/padded/thread_packet/x8/ex2_approx,16777216,0,1,33554432,33554432,0,512,256,3,0,84,4.831200122833252,0.057514287176586333,4202212.257559089,1
2026-08-16T21:23:18Z,NVIDIA H200 NVL,screen,uniform_0_1,dot,lns,lns8_r3,8,4,3,fp64,ordinary,padded,thread_packet,8,8,1,1,8,none,ex2_approx,ordinary/padded/thread_packet/x8/ex2_approx,16777216,0,1,33554432,33554432,0,512,256,3,1,84,4.8312640190124512,0.057515047845386323,4202212.257559089,1
2026-08-16T21:23:18Z,NVIDIA H200 NVL,screen,uniform_0_1,dot,lns,lns8_r3,8,4,3,fp64,ordinary,padded,thread_packet,8,8,1,1,8,none,ex2_approx,ordinary/padded/thread_packet/x8/ex2_approx,16777216,0,1,33554432,33554432,0,512,256,3,2,84,4.8621439933776855,0.05788266658782959,4202212.257559089,1
2026-08-16T21:23:18Z,NVIDIA H200 NVL,screen,uniform_0_1,gemv,lns,lns8_r3,8,4,3,fp64,ordinary,padded,thread_packet,8,8,1,1,8,none,ex2_approx,ordinary/padded/thread_packet/x8/ex2_approx,16384,1024,1024,16793600,16793600,0,1024,256,3,0,93,4.8112320899963379,0.051733678387057398,4110.6050168727188,1
2026-08-16T21:23:18Z,NVIDIA H200 NVL,screen,uniform_0_1,gemv,lns,lns8_r3,8,4,3,fp64,ordinary,padded,thread_packet,8,8,1,1,8,none,ex2_approx,ordinary/padded/thread_packet/x8/ex2_approx,16384,1024,1024,16793600,16793600,0,1024,256,3,1,93,4.8096961975097656,0.0517171634140835,4110.6050168727188,1
2026-08-16T21:23:18Z,NVIDIA H200 NVL,screen,uniform_0_1,gemv,lns,lns8_r3,8,4,3,fp64,ordinary,padded,thread_packet,8,8,1,1,8,none,ex2_approx,ordinary/padded/thread_packet/x8/ex2_approx,16384,1024,1024,16793600,16793600,0,1024,256,3,2,93,4.810431957244873,0.051725074809084656,4110.6050168727188,1
2026-08-16T21:23:18Z,NVIDIA H200 NVL,screen,uniform_0_1,dot,lns,lns8_r3,8,4,3,fp64,fused,padded,scalar,1,8,1,1,1,none,ex2_approx,fused/padded/scalar/x1/ex2_approx,16777216,0,1,33554432,33554432,0,512,256,3,0,72,4.8509120941162109,0.067373779084947377,4202212.5639146604,1
2026-08-16T21:23:18Z,NVIDIA H200 NVL,screen,uniform_0_1,dot,lns,lns8_r3,8,4,3,fp64,fused,padded,scalar,1,8,1,1,1,none,ex2_approx,fused/padded/scalar/x1/ex2_approx,16777216,0,1,33554432,33554432,0,512,256,3,1,72,4.8494081497192383,0.067352890968322754,4202212.5639146604,1
2026-08-16T21:23:18Z,NVIDIA H200 NVL,screen,uniform_0_1,dot,lns,lns8_r3,8,4,3,fp64,fused,padded,scalar,1,8,1,1,1,none,ex2_approx,fused/padded/scalar/x1/ex2_approx,16777216,0,1,33554432,33554432,0,512,256,3,2,72,4.849952220916748,0.06736044751273261,4202212.5639146604,1
2026-08-16T21:23:18Z,NVIDIA H200 NVL,screen,uniform_0_1,gemv,lns,lns8_r3,8,4,3,fp64,fused,padded,scalar,1,8,1,1,1,none,ex2_approx,fused/padded/scalar/x1/ex2_approx,16384,1024,1024,16793600,16793600,0,1024,256,3,0,78,4.8989439010620117,0.062806973090538606,4110.6053151242977,1
2026-08-16T21:23:18Z,NVIDIA H200 NVL,screen,uniform_0_1,gemv,lns,lns8_r3,8,4,3,fp64,fused,padded,scalar,1,8,1,1,1,none,ex2_approx,fused/padded/scalar/x1/ex2_approx,16384,1024,1024,16793600,16793600,0,1024,256,3,1,78,4.9015998840332031,0.062841024154271841,4110.6053151242977,1
2026-08-16T21:23:18Z,NVIDIA H200 NVL,screen,uniform_0_1,gemv,lns,lns8_r3,8,4,3,fp64,fused,padded,scalar,1,8,1,1,1,none,ex2_approx,fused/padded/scalar/x1/ex2_approx,16384,1024,1024,16793600,16793600,0,1024,256,3,2,78,4.8981761932373047,0.062797130682529553,4110.6053151242977,1
2026-08-16T21:23:18Z,NVIDIA H200 NVL,screen,uniform_0_1,dot,lns,lns8_r3,8,4,3,fp64,fused,padded,thread_packet,2,8,1,1,2,none,ex2_approx,fused/padded/thread_packet/x2/ex2_approx,16777216,0,1,33554432,33554432,0,512,256,3,0,70,4.9069762229919434,0.07009966032845634,4202212.5639146604,1
2026-08-16T21:23:18Z,NVIDIA H200 NVL,screen,uniform_0_1,dot,lns,lns8_r3,8,4,3,fp64,fused,padded,thread_packet,2,8,1,1,2,none,ex2_approx,fused/padded/thread_packet/x2/ex2_approx,16777216,0,1,33554432,33554432,0,512,256,3,1,70,4.8909440040588379,0.069870628629411971,4202212.5639146604,1
2026-08-16T21:23:18Z,NVIDIA H200 NVL,screen,uniform_0_1,dot,lns,lns8_r3,8,4,3,fp64,fused,padded,thread_packet,2,8,1,1,2,none,ex2_approx,fused/padded/thread_packet/x2/ex2_approx,16777216,0,1,33554432,33554432,0,512,256,3,2,70,4.8856959342956543,0.069795656204223636,4202212.5639146604,1
2026-08-16T21:23:18Z,NVIDIA H200 NVL,screen,uniform_0_1,gemv,lns,lns8_r3,8,4,3,fp64,fused,padded,thread_packet,2,8,1,1,2,none,ex2_approx,fused/padded/thread_packet/x2/ex2_approx,16384,1024,1024,16793600,16793600,0,1024,256,3,0,76,4.7927360534667969,0.063062316492984175,4110.6053151242977,1
2026-08-16T21:23:18Z,NVIDIA H200 NVL,screen,uniform_0_1,gemv,lns,lns8_r3,8,4,3,fp64,fused,padded,thread_packet,2,8,1,1,2,none,ex2_approx,fused/padded/thread_packet/x2/ex2_approx,16384,1024,1024,16793600,16793600,0,1024,256,3,1,76,4.7810239791870117,0.062908210252460683,4110.6053151242977,1
2026-08-16T21:23:18Z,NVIDIA H200 NVL,screen,uniform_0_1,gemv,lns,lns8_r3,8,4,3,fp64,fused,padded,thread_packet,2,8,1,1,2,none,ex2_approx,fused/padded/thread_packet/x2/ex2_approx,16384,1024,1024,16793600,16793600,0,1024,256,3,2,76,4.7794561386108398,0.062887580771195259,4110.6053151242977,1
2026-08-16T21:23:18Z,NVIDIA H200 NVL,screen,uniform_0_1,dot,lns,lns8_r3,8,4,3,fp64,fused,padded,thread_packet,4,8,1,1,4,none,ex2_approx,fused/padded/thread_packet/x4/ex2_approx,16777216,0,1,33554432,33554432,0,512,256,3,0,73,4.8368320465087891,0.066257973239846432,4202212.5639146604,1
2026-08-16T21:23:18Z,NVIDIA H200 NVL,screen,uniform_0_1,dot,lns,lns8_r3,8,4,3,fp64,fused,padded,thread_packet,4,8,1,1,4,none,ex2_approx,fused/padded/thread_packet/x4/ex2_approx,16777216,0,1,33554432,33554432,0,512,256,3,1,73,4.8304958343505859,0.066171175813021732,4202212.5639146604,1
2026-08-16T21:23:18Z,NVIDIA H200 NVL,screen,uniform_0_1,dot,lns,lns8_r3,8,4,3,fp64,fused,padded,thread_packet,4,8,1,1,4,none,ex2_approx,fused/padded/thread_packet/x4/ex2_approx,16777216,0,1,33554432,33554432,0,512,256,3,2,73,4.8317117691040039,0.066187832453479506,4202212.5639146604,1
2026-08-16T21:23:18Z,NVIDIA H200 NVL,screen,uniform_0_1,gemv,lns,lns8_r3,8,4,3,fp64,fused,padded,thread_packet,4,8,1,1,4,none,ex2_approx,fused/padded/thread_packet/x4/ex2_approx,16384,1024,1024,16793600,16793600,0,1024,256,3,0,81,4.8465280532836914,0.059833679670169032,4110.6053151242977,1
2026-08-16T21:23:18Z,NVIDIA H200 NVL,screen,uniform_0_1,gemv,lns,lns8_r3,8,4,3,fp64,fused,padded,thread_packet,4,8,1,1,4,none,ex2_approx,fused/padded/thread_packet/x4/ex2_approx,16384,1024,1024,16793600,16793600,0,1024,256,3,1,81,4.8442878723144531,0.059806023114993251,4110.6053151242977,1
2026-08-16T21:23:18Z,NVIDIA H200 NVL,screen,uniform_0_1,gemv,lns,lns8_r3,8,4,3,fp64,fused,padded,thread_packet,4,8,1,1,4,none,ex2_approx,fused/padded/thread_packet/x4/ex2_approx,16384,1024,1024,16793600,16793600,0,1024,256,3,2,81,4.8339838981628418,0.059678813557565949,4110.6053151242977,1
2026-08-16T21:23:18Z,NVIDIA H200 NVL,screen,uniform_0_1,dot,lns,lns8_r3,8,4,3,fp64,fused,padded,thread_packet,8,8,1,1,8,none,ex2_approx,fused/padded/thread_packet/x8/ex2_approx,16777216,0,1,33554432,33554432,0,512,256,3,0,72,4.8813118934631348,0.06779599852032131,4202212.5639146604,1
2026-08-16T21:23:18Z,NVIDIA H200 NVL,screen,uniform_0_1,dot,lns,lns8_r3,8,4,3,fp64,fused,padded,thread_packet,8,8,1,1,8,none,ex2_approx,fused/padded/thread_packet/x8/ex2_approx,16777216,0,1,33554432,33554432,0,512,256,3,1,72,4.8823680877685547,0.067810667885674372,4202212.5639146604,1
2026-08-16T21:23:18Z,NVIDIA H200 NVL,screen,uniform_0_1,dot,lns,lns8_r3,8,4,3,fp64,fused,padded,thread_packet,8,8,1,1,8,none,ex2_approx,fused/padded/thread_packet/x8/ex2_approx,16777216,0,1,33554432,33554432,0,512,256,3,2,72,4.8821759223937988,0.067807998922136098,4202212.5639146604,1
2026-08-16T21:23:18Z,NVIDIA H200 NVL,screen,uniform_0_1,gemv,lns,lns8_r3,8,4,3,fp64,fused,padded,thread_packet,8,8,1,1,8,none,ex2_approx,fused/padded/thread_packet/x8/ex2_approx,16384,1024,1024,16793600,16793600,0,1024,256,3,0,78,4.816256046295166,0.061746872388399564,4110.6053151242977,1
2026-08-16T21:23:18Z,NVIDIA H200 NVL,screen,uniform_0_1,gemv,lns,lns8_r3,8,4,3,fp64,fused,padded,thread_packet,8,8,1,1,8,none,ex2_approx,fused/padded/thread_packet/x8/ex2_approx,16384,1024,1024,16793600,16793600,0,1024,256,3,1,78,4.8162240982055664,0.061746462797507264,4110.6053151242977,1
2026-08-16T21:23:18Z,NVIDIA H200 NVL,screen,uniform_0_1,gemv,lns,lns8_r3,8,4,3,fp64,fused,padded,thread_packet,8,8,1,1,8,none,ex2_approx,fused/padded/thread_packet/x8/ex2_approx,16384,1024,1024,16793600,16793600,0,1024,256,3,2,78,4.8175039291381836,0.061762870886386968,4110.6053151242977,1
2026-08-16T21:23:18Z,NVIDIA H200 NVL,screen,uniform_0_1,dot,lns,lns8_r3,8,4,3,fp64,ordinary,padded,scalar,1,8,1,1,1,none,full_lut_global,ordinary/padded/scalar/x1/full_lut_global,16777216,0,1,33554432,33554432,2048,512,256,3,0,129,4.7516160011291504,0.036834232566892638,4202212.8581001824,1
2026-08-16T21:23:18Z,NVIDIA H200 NVL,screen,uniform_0_1,dot,lns,lns8_r3,8,4,3,fp64,ordinary,padded,scalar,1,8,1,1,1,none,full_lut_global,ordinary/padded/scalar/x1/full_lut_global,16777216,0,1,33554432,33554432,2048,512,256,3,1,129,4.7514557838439941,0.036832990572434061,4202212.8581001824,1
2026-08-16T21:23:18Z,NVIDIA H200 NVL,screen,uniform_0_1,dot,lns,lns8_r3,8,4,3,fp64,ordinary,padded,scalar,1,8,1,1,1,none,full_lut_global,ordinary/padded/scalar/x1/full_lut_global,16777216,0,1,33554432,33554432,2048,512,256,3,2,129,4.7543039321899414,0.036855069241782494,4202212.8581001824,1
2026-08-16T21:23:18Z,NVIDIA H200 NVL,screen,uniform_0_1,gemv,lns,lns8_r3,8,4,3,fp64,ordinary,padded,scalar,1,8,1,1,1,none,full_lut_global,ordinary/padded/scalar/x1/full_lut_global,16384,1024,1024,16793600,16793600,2048,1024,256,3,0,160,4.621312141418457,0.028883200883865357,4110.6056025964062,1
2026-08-16T21:23:18Z,NVIDIA H200 NVL,screen,uniform_0_1,gemv,lns,lns8_r3,8,4,3,fp64,ordinary,padded,scalar,1,8,1,1,1,none,full_lut_global,ordinary/padded/scalar/x1/full_lut_global,16384,1024,1024,16793600,16793600,2048,1024,256,3,1,160,4.6183681488037109,0.028864800930023193,4110.6056025964062,1
2026-08-16T21:23:18Z,NVIDIA H200 NVL,screen,uniform_0_1,gemv,lns,lns8_r3,8,4,3,fp64,ordinary,padded,scalar,1,8,1,1,1,none,full_lut_global,ordinary/padded/scalar/x1/full_lut_global,16384,1024,1024,16793600,16793600,2048,1024,256,3,2,160,4.6158719062805176,0.028849199414253235,4110.6056025964062,1
2026-08-16T21:23:18Z,NVIDIA H200 NVL,screen,uniform_0_1,dot,lns,lns8_r3,8,4,3,fp64,ordinary,padded,thread_packet,2,8,1,1,2,none,full_lut_global,ordinary/padded/thread_packet/x2/full_lut_global,16777216,0,1,33554432,33554432,2048,512,256,3,0,154,4.6381120681762695,0.03011761083231344,4202212.8581001824,1
2026-08-16T21:23:18Z,NVIDIA H200 NVL,screen,uniform_0_1,dot,lns,lns8_r3,8,4,3,fp64,ordinary,padded,thread_packet,2,8,1,1,2,none,full_lut_global,ordinary/padded/thread_packet/x2/full_lut_global,16777216,0,1,33554432,33554432,2048,512,256,3,1,154,4.632415771484375,0.03008062189275568,4202212.8581001824,1
2026-08-16T21:23:18Z,NVIDIA H200 NVL,screen,uniform_0_1,dot,lns,lns8_r3,8,4,3,fp64,ordinary,padded,thread_packet,2,8,1,1,2,none,full_lut_global,ordinary/padded/thread_packet/x2/full_lut_global,16777216,0,1,33554432,33554432,2048,512,256,3,2,154,4.6419520378112793,0.030142545700073242,4202212.8581001824,1
2026-08-16T21:23:18Z,NVIDIA H200 NVL,screen,uniform_0_1,gemv,lns,lns8_r3,8,4,3,fp64,ordinary,padded,thread_packet,2,8,1,1,2,none,full_lut_global,ordinary/padded/thread_packet/x2/full_lut_global,16384,1024,1024,16793600,16793600,2048,1024,256,3,0,167,4.6451520919799805,0.027815281987904075,4110.6056025964053,1
2026-08-16T21:23:18Z,NVIDIA H200 NVL,screen,uniform_0_1,gemv,lns,lns8_r3,8,4,3,fp64,ordinary,padded,thread_packet,2,8,1,1,2,none,full_lut_global,ordinary/padded/thread_packet/x2/full_lut_global,16384,1024,1024,16793600,16793600,2048,1024,256,3,1,167,4.6494078636169434,0.027840765650400858,4110.6056025964053,1
2026-08-16T21:23:18Z,NVIDIA H200 NVL,screen,uniform_0_1,gemv,lns,lns8_r3,8,4,3,fp64,ordinary,padded,thread_packet,2,8,1,1,2,none,full_lut_global,ordinary/padded/thread_packet/x2/full_lut_global,16384,1024,1024,16793600,16793600,2048,1024,256,3,2,167,4.6470398902893066,0.027826586169397045,4110.6056025964053,1
2026-08-16T21:23:18Z,NVIDIA H200 NVL,screen,uniform_0_1,dot,lns,lns8_r3,8,4,3,fp64,ordinary,padded,thread_packet,4,8,1,1,4,none,full_lut_global,ordinary/padded/thread_packet/x4/full_lut_global,16777216,0,1,33554432,33554432,2048,512,256,3,0,163,4.6150717735290527,0.028313323763981917,4202212.8581001833,1
2026-08-16T21:23:18Z,NVIDIA H200 NVL,screen,uniform_0_1,dot,lns,lns8_r3,8,4,3,fp64,ordinary,padded,thread_packet,4,8,1,1,4,none,full_lut_global,ordinary/padded/thread_packet/x4/full_lut_global,16777216,0,1,33554432,33554432,2048,512,256,3,1,163,4.6090559959411621,0.028276417153013263,4202212.8581001833,1
2026-08-16T21:23:18Z,NVIDIA H200 NVL,screen,uniform_0_1,dot,lns,lns8_r3,8,4,3,fp64,ordinary,padded,thread_packet,4,8,1,1,4,none,full_lut_global,ordinary/padded/thread_packet/x4/full_lut_global,16777216,0,1,33554432,33554432,2048,512,256,3,2,163,4.6209278106689453,0.028349250372202119,4202212.8581001833,1
2026-08-16T21:23:18Z,NVIDIA H200 NVL,screen,uniform_0_1,gemv,lns,lns8_r3,8,4,3,fp64,ordinary,padded,thread_packet,4,8,1,1,4,none,full_lut_global,ordinary/padded/thread_packet/x4/full_lut_global,16384,1024,1024,16793600,16793600,2048,1024,256,3,0,181,4.5382080078125,0.02507297241885359,4110.6056025964062,1
2026-08-16T21:23:18Z,NVIDIA H200 NVL,screen,uniform_0_1,gemv,lns,lns8_r3,8,4,3,fp64,ordinary,padded,thread_packet,4,8,1,1,4,none,full_lut_global,ordinary/padded/thread_packet/x4/full_lut_global,16384,1024,1024,16793600,16793600,2048,1024,256,3,1,181,4.543583869934082,0.025102673314552938,4110.6056025964062,1
2026-08-16T21:23:18Z,NVIDIA H200 NVL,screen,uniform_0_1,gemv,lns,lns8_r3,8,4,3,fp64,ordinary,padded,thread_packet,4,8,1,1,4,none,full_lut_global,ordinary/padded/thread_packet/x4/full_lut_global,16384,1024,1024,16793600,16793600,2048,1024,256,3,2,181,4.5409917831420898,0.025088352393050219,4110.6056025964062,1
2026-08-16T21:23:18Z,NVIDIA H200 NVL,screen,uniform_0_1,dot,lns,lns8_r3,8,4,3,fp64,ordinary,padded,thread_packet,8,8,1,1,8,none,full_lut_global,ordinary/padded/thread_packet/x8/full_lut_global,16777216,0,1,33554432,33554432,2048,512,256,3,0,169,4.6724162101745605,0.027647433196299174,4202212.8581001824,1
2026-08-16T21:23:18Z,NVIDIA H200 NVL,screen,uniform_0_1,dot,lns,lns8_r3,8,4,3,fp64,ordinary,padded,thread_packet,8,8,1,1,8,none,full_lut_global,ordinary/padded/thread_packet/x8/full_lut_global,16777216,0,1,33554432,33554432,2048,512,256,3,1,169,4.6752638816833496,0.027664283323570116,4202212.8581001824,1
2026-08-16T21:23:18Z,NVIDIA H200 NVL,screen,uniform_0_1,dot,lns,lns8_r3,8,4,3,fp64,ordinary,padded,thread_packet,8,8,1,1,8,none,full_lut_global,ordinary/padded/thread_packet/x8/full_lut_global,16777216,0,1,33554432,33554432,2048,512,256,3,2,169,4.6714239120483398,0.027641561609753489,4202212.8581001824,1
2026-08-16T21:23:18Z,NVIDIA H200 NVL,screen,uniform_0_1,gemv,lns,lns8_r3,8,4,3,fp64,ordinary,padded,thread_packet,8,8,1,1,8,none,full_lut_global,ordinary/padded/thread_packet/x8/full_lut_global,16384,1024,1024,16793600,16793600,2048,1024,256,3,0,184,4.5473599433898926,0.024713912735814633,4110.6056025964062,1
2026-08-16T21:23:18Z,NVIDIA H200 NVL,screen,uniform_0_1,gemv,lns,lns8_r3,8,4,3,fp64,ordinary,padded,thread_packet,8,8,1,1,8,none,full_lut_global,ordinary/padded/thread_packet/x8/full_lut_global,16384,1024,1024,16793600,16793600,2048,1024,256,3,1,184,4.5346240997314453,0.024644696194192638,4110.6056025964062,1
2026-08-16T21:23:18Z,NVIDIA H200 NVL,screen,uniform_0_1,gemv,lns,lns8_r3,8,4,3,fp64,ordinary,padded,thread_packet,8,8,1,1,8,none,full_lut_global,ordinary/padded/thread_packet/x8/full_lut_global,16384,1024,1024,16793600,16793600,2048,1024,256,3,2,184,4.5371518135070801,0.024658433769060219,4110.6056025964062,1
2026-08-16T21:23:18Z,NVIDIA H200 NVL,screen,uniform_0_1,dot,lns,lns8_r3,8,4,3,fp64,ordinary,padded,scalar,1,8,1,1,1,none,full_lut_shared,ordinary/padded/scalar/x1/full_lut_shared,16777216,0,1,33554432,33554432,2048,512,256,3,0,137,4.7146239280700684,0.03441331334357714,4202212.8581001824,1
2026-08-16T21:23:18Z,NVIDIA H200 NVL,screen,uniform_0_1,dot,lns,lns8_r3,8,4,3,fp64,ordinary,padded,scalar,1,8,1,1,1,none,full_lut_shared,ordinary/padded/scalar/x1/full_lut_shared,16777216,0,1,33554432,33554432,2048,512,256,3,1,137,4.7149438858032227,0.03441564880148338,4202212.8581001824,1
2026-08-16T21:23:18Z,NVIDIA H200 NVL,screen,uniform_0_1,dot,lns,lns8_r3,8,4,3,fp64,ordinary,padded,scalar,1,8,1,1,1,none,full_lut_shared,ordinary/padded/scalar/x1/full_lut_shared,16777216,0,1,33554432,33554432,2048,512,256,3,2,137,4.717440128326416,0.034433869549827856,4202212.8581001824,1
2026-08-16T21:23:18Z,NVIDIA H200 NVL,screen,uniform_0_1,gemv,lns,lns8_r3,8,4,3,fp64,ordinary,padded,scalar,1,8,1,1,1,none,full_lut_shared,ordinary/padded/scalar/x1/full_lut_shared,16384,1024,1024,16793600,16793600,2048,1024,256,3,0,166,4.6350078582763672,0.027921734086002212,4110.6056025964062,1
2026-08-16T21:23:18Z,NVIDIA H200 NVL,screen,uniform_0_1,gemv,lns,lns8_r3,8,4,3,fp64,ordinary,padded,scalar,1,8,1,1,1,none,full_lut_shared,ordinary/padded/scalar/x1/full_lut_shared,16384,1024,1024,16793600,16793600,2048,1024,256,3,1,166,4.6359357833862305,0.027927323996302593,4110.6056025964062,1
2026-08-16T21:23:18Z,NVIDIA H200 NVL,screen,uniform_0_1,gemv,lns,lns8_r3,8,4,3,fp64,ordinary,padded,scalar,1,8,1,1,1,none,full_lut_shared,ordinary/padded/scalar/x1/full_lut_shared,16384,1024,1024,16793600,16793600,2048,1024,256,3,2,166,4.6372160911560059,0.02793503669371088,4110.6056025964062,1
2026-08-16T21:23:18Z,NVIDIA H200 NVL,screen,uniform_0_1,dot,lns,lns8_r3,8,4,3,fp64,ordinary,padded,thread_packet,2,8,1,1,2,none,full_lut_shared,ordinary/padded/thread_packet/x2/full_lut_shared,16777216,0,1,33554432,33554432,2048,512,256,3,0,156,4.6575360298156738,0.029856000191126116,4202212.8581001824,1
2026-08-16T21:23:18Z,NVIDIA H200 NVL,screen,uniform_0_1,dot,lns,lns8_r3,8,4,3,fp64,ordinary,padded,thread_packet,2,8,1,1,2,none,full_lut_shared,ordinary/padded/thread_packet/x2/full_lut_shared,16777216,0,1,33554432,33554432,2048,512,256,3,1,156,4.6631040573120117,0.029891692675076999,4202212.8581001824,1
2026-08-16T21:23:18Z,NVIDIA H200 NVL,screen,uniform_0_1,dot,lns,lns8_r3,8,4,3,fp64,ordinary,padded,thread_packet,2,8,1,1,2,none,full_lut_shared,ordinary/padded/thread_packet/x2/full_lut_shared,16777216,0,1,33554432,33554432,2048,512,256,3,2,156,4.6585597991943359,0.029862562815348308,4202212.8581001824,1
2026-08-16T21:23:18Z,NVIDIA H200 NVL,screen,uniform_0_1,gemv,lns,lns8_r3,8,4,3,fp64,ordinary,padded,thread_packet,2,8,1,1,2,none,full_lut_shared,ordinary/padded/thread_packet/x2/full_lut_shared,16384,1024,1024,16793600,16793600,2048,1024,256,3,0,168,4.6275520324707031,0.027544952574230376,4110.6056025964053,1
2026-08-16T21:23:18Z,NVIDIA H200 NVL,screen,uniform_0_1,gemv,lns,lns8_r3,8,4,3,fp64,ordinary,padded,thread_packet,2,8,1,1,2,none,full_lut_shared,ordinary/padded/thread_packet/x2/full_lut_shared,16384,1024,1024,16793600,16793600,2048,1024,256,3,1,168,4.6306557655334473,0.027563427175794328,4110.6056025964053,1
2026-08-16T21:23:18Z,NVIDIA H200 NVL,screen,uniform_0_1,gemv,lns,lns8_r3,8,4,3,fp64,ordinary,padded,thread_packet,2,8,1,1,2,none,full_lut_shared,ordinary/padded/thread_packet/x2/full_lut_shared,16384,1024,1024,16793600,16793600,2048,1024,256,3,2,168,4.6154880523681641,0.02747314316885812,4110.6056025964053,1
2026-08-16T21:23:18Z,NVIDIA H200 NVL,screen,uniform_0_1,dot,lns,lns8_r3,8,4,3,fp64,ordinary,padded,thread_packet,4,8,1,1,4,none,full_lut_shared,ordinary/padded/thread_packet/x4/full_lut_shared,16777216,0,1,33554432,33554432,2048,512,256,3,0,166,4.6910719871520996,0.028259469802121084,4202212.8581001833,1
2026-08-16T21:23:18Z,NVIDIA H200 NVL,screen,uniform_0_1,dot,lns,lns8_r3,8,4,3,fp64,ordinary,padded,thread_packet,4,8,1,1,4,none,full_lut_shared,ordinary/padded/thread_packet/x4/full_lut_shared,16777216,0,1,33554432,33554432,2048,512,256,3,1,166,4.6908798217773438,0.02825831217938159,4202212.8581001833,1
2026-08-16T21:23:18Z,NVIDIA H200 NVL,screen,uniform_0_1,dot,lns,lns8_r3,8,4,3,fp64,ordinary,padded,thread_packet,4,8,1,1,4,none,full_lut_shared,ordinary/padded/thread_packet/x4/full_lut_shared,16777216,0,1,33554432,33554432,2048,512,256,3,2,166,4.6923198699951172,0.028266987168645286,4202212.8581001833,1
2026-08-16T21:23:18Z,NVIDIA H200 NVL,screen,uniform_0_1,gemv,lns,lns8_r3,8,4,3,fp64,ordinary,padded,thread_packet,4,8,1,1,4,none,full_lut_shared,ordinary/padded/thread_packet/x4/full_lut_shared,16384,1024,1024,16793600,16793600,2048,1024,256,3,0,183,4.6062722206115723,0.025170886451429356,4110.6056025964062,1
2026-08-16T21:23:18Z,NVIDIA H200 NVL,screen,uniform_0_1,gemv,lns,lns8_r3,8,4,3,fp64,ordinary,padded,thread_packet,4,8,1,1,4,none,full_lut_shared,ordinary/padded/thread_packet/x4/full_lut_shared,16384,1024,1024,16793600,16793600,2048,1024,256,3,1,183,4.6004161834716797,0.025138886248479125,4110.6056025964062,1
2026-08-16T21:23:18Z,NVIDIA H200 NVL,screen,uniform_0_1,gemv,lns,lns8_r3,8,4,3,fp64,ordinary,padded,thread_packet,4,8,1,1,4,none,full_lut_shared,ordinary/padded/thread_packet/x4/full_lut_shared,16384,1024,1024,16793600,16793600,2048,1024,256,3,2,183,4.599520206451416,0.025133990199188067,4110.6056025964062,1
2026-08-16T21:23:18Z,NVIDIA H200 NVL,screen,uniform_0_1,dot,lns,lns8_r3,8,4,3,fp64,ordinary,padded,thread_packet,8,8,1,1,8,none,full_lut_shared,ordinary/padded/thread_packet/x8/full_lut_shared,16777216,0,1,33554432,33554432,2048,512,256,3,0,169,4.6105918884277344,0.027281608807264702,4202212.8581001824,1
2026-08-16T21:23:18Z,NVIDIA H200 NVL,screen,uniform_0_1,dot,lns,lns8_r3,8,4,3,fp64,ordinary,padded,thread_packet,8,8,1,1,8,none,full_lut_shared,ordinary/padded/thread_packet/x8/full_lut_shared,16777216,0,1,33554432,33554432,2048,512,256,3,1,169,4.6088957786560059,0.027271572654769264,4202212.8581001824,1
2026-08-16T21:23:18Z,NVIDIA H200 NVL,screen,uniform_0_1,dot,lns,lns8_r3,8,4,3,fp64,ordinary,padded,thread_packet,8,8,1,1,8,none,full_lut_shared,ordinary/padded/thread_packet/x8/full_lut_shared,16777216,0,1,33554432,33554432,2048,512,256,3,2,169,4.6120319366455078,0.027290129802636141,4202212.8581001824,1
2026-08-16T21:23:18Z,NVIDIA H200 NVL,screen,uniform_0_1,gemv,lns,lns8_r3,8,4,3,fp64,ordinary,padded,thread_packet,8,8,1,1,8,none,full_lut_shared,ordinary/padded/thread_packet/x8/full_lut_shared,16384,1024,1024,16793600,16793600,2048,1024,256,3,0,185,4.5936322212219238,0.024830444439037425,4110.6056025964062,1
2026-08-16T21:23:18Z,NVIDIA H200 NVL,screen,uniform_0_1,gemv,lns,lns8_r3,8,4,3,fp64,ordinary,padded,thread_packet,8,8,1,1,8,none,full_lut_shared,ordinary/padded/thread_packet/x8/full_lut_shared,16384,1024,1024,16793600,16793600,2048,1024,256,3,1,185,4.5940799713134766,0.024832864709802577,4110.6056025964062,1
2026-08-16T21:23:18Z,NVIDIA H200 NVL,screen,uniform_0_1,gemv,lns,lns8_r3,8,4,3,fp64,ordinary,padded,thread_packet,8,8,1,1,8,none,full_lut_shared,ordinary/padded/thread_packet/x8/full_lut_shared,16384,1024,1024,16793600,16793600,2048,1024,256,3,2,185,4.5940799713134766,0.024832864709802577,4110.6056025964062,1
2026-08-16T21:23:18Z,NVIDIA H200 NVL,screen,uniform_0_1,dot,lns,lns8_r3,8,4,3,fp64,ordinary,padded,scalar,1,8,1,1,1,none,fraction_lut_global,ordinary/padded/scalar/x1/fraction_lut_global,16777216,0,1,33554432,33554432,64,512,256,3,0,41,4.9963841438293457,0.12186302789827673,4202212.8581001824,1
2026-08-16T21:23:18Z,NVIDIA H200 NVL,screen,uniform_0_1,dot,lns,lns8_r3,8,4,3,fp64,ordinary,padded,scalar,1,8,1,1,1,none,fraction_lut_global,ordinary/padded/scalar/x1/fraction_lut_global,16777216,0,1,33554432,33554432,64,512,256,3,1,41,4.9916481971740723,0.12174751700424566,4202212.8581001824,1
2026-08-16T21:23:18Z,NVIDIA H200 NVL,screen,uniform_0_1,dot,lns,lns8_r3,8,4,3,fp64,ordinary,padded,scalar,1,8,1,1,1,none,fraction_lut_global,ordinary/padded/scalar/x1/fraction_lut_global,16777216,0,1,33554432,33554432,64,512,256,3,2,41,5.0022082328796387,0.1220050788507229,4202212.8581001824,1
2026-08-16T21:23:18Z,NVIDIA H200 NVL,screen,uniform_0_1,gemv,lns,lns8_r3,8,4,3,fp64,ordinary,padded,scalar,1,8,1,1,1,none,fraction_lut_global,ordinary/padded/scalar/x1/fraction_lut_global,16384,1024,1024,16793600,16793600,64,1024,256,3,0,45,4.9745922088623047,0.11054649353027343,4110.6056025964062,1
2026-08-16T21:23:18Z,NVIDIA H200 NVL,screen,uniform_0_1,gemv,lns,lns8_r3,8,4,3,fp64,ordinary,padded,scalar,1,8,1,1,1,none,fraction_lut_global,ordinary/padded/scalar/x1/fraction_lut_global,16384,1024,1024,16793600,16793600,64,1024,256,3,1,45,4.9745922088623047,0.11054649353027343,4110.6056025964062,1
2026-08-16T21:23:18Z,NVIDIA H200 NVL,screen,uniform_0_1,gemv,lns,lns8_r3,8,4,3,fp64,ordinary,padded,scalar,1,8,1,1,1,none,fraction_lut_global,ordinary/padded/scalar/x1/fraction_lut_global,16384,1024,1024,16793600,16793600,64,1024,256,3,2,45,4.974912166595459,0.11055360370212131,4110.6056025964062,1
2026-08-16T21:23:18Z,NVIDIA H200 NVL,screen,uniform_0_1,dot,lns,lns8_r3,8,4,3,fp64,ordinary,padded,thread_packet,2,8,1,1,2,none,fraction_lut_global,ordinary/padded/thread_packet/x2/fraction_lut_global,16777216,0,1,33554432,33554432,64,512,256,3,0,40,4.9176321029663086,0.12294080257415771,4202212.8581001824,1
2026-08-16T21:23:18Z,NVIDIA H200 NVL,screen,uniform_0_1,dot,lns,lns8_r3,8,4,3,fp64,ordinary,padded,thread_packet,2,8,1,1,2,none,fraction_lut_global,ordinary/padded/thread_packet/x2/fraction_lut_global,16777216,0,1,33554432,33554432,64,512,256,3,1,40,4.9592318534851074,0.12398079633712769,4202212.8581001824,1
2026-08-16T21:23:18Z,NVIDIA H200 NVL,screen,uniform_0_1,dot,lns,lns8_r3,8,4,3,fp64,ordinary,padded,thread_packet,2,8,1,1,2,none,fraction_lut_global,ordinary/padded/thread_packet/x2/fraction_lut_global,16777216,0,1,33554432,33554432,64,512,256,3,2,40,4.9607038497924805,0.12401759624481201,4202212.8581001824,1
2026-08-16T21:23:18Z,NVIDIA H200 NVL,screen,uniform_0_1,gemv,lns,lns8_r3,8,4,3,fp64,ordinary,padded,thread_packet,2,8,1,1,2,none,fraction_lut_global,ordinary/padded/thread_packet/x2/fraction_lut_global,16384,1024,1024,16793600,16793600,64,1024,256,3,0,45,4.9736638069152832,0.11052586237589518,4110.6056025964053,1
2026-08-16T21:23:18Z,NVIDIA H200 NVL,screen,uniform_0_1,gemv,lns,lns8_r3,8,4,3,fp64,ordinary,padded,thread_packet,2,8,1,1,2,none,fraction_lut_global,ordinary/padded/thread_packet/x2/fraction_lut_global,16384,1024,1024,16793600,16793600,64,1024,256,3,1,45,4.9745278358459473,0.11054506301879882,4110.6056025964053,1
2026-08-16T21:23:18Z,NVIDIA H200 NVL,screen,uniform_0_1,gemv,lns,lns8_r3,8,4,3,fp64,ordinary,padded,thread_packet,2,8,1,1,2,none,fraction_lut_global,ordinary/padded/thread_packet/x2/fraction_lut_global,16384,1024,1024,16793600,16793600,64,1024,256,3,2,45,4.9759039878845215,0.11057564417521158,4110.6056025964053,1
2026-08-16T21:23:18Z,NVIDIA H200 NVL,screen,uniform_0_1,dot,lns,lns8_r3,8,4,3,fp64,ordinary,padded,thread_packet,4,8,1,1,4,none,fraction_lut_global,ordinary/padded/thread_packet/x4/fraction_lut_global,16777216,0,1,33554432,33554432,64,512,256,3,0,41,4.8968958854675293,0.11943648501140315,4202212.8581001833,1
2026-08-16T21:23:18Z,NVIDIA H200 NVL,screen,uniform_0_1,dot,lns,lns8_r3,8,4,3,fp64,ordinary,padded,thread_packet,4,8,1,1,4,none,fraction_lut_global,ordinary/padded/thread_packet/x4/fraction_lut_global,16777216,0,1,33554432,33554432,64,512,256,3,1,41,4.9121599197387695,0.11980877853021389,4202212.8581001833,1
2026-08-16T21:23:18Z,NVIDIA H200 NVL,screen,uniform_0_1,dot,lns,lns8_r3,8,4,3,fp64,ordinary,padded,thread_packet,4,8,1,1,4,none,fraction_lut_global,ordinary/padded/thread_packet/x4/fraction_lut_global,16777216,0,1,33554432,33554432,64,512,256,3,2,41,4.8936319351196289,0.11935687646633242,4202212.8581001833,1
2026-08-16T21:23:18Z,NVIDIA H200 NVL,screen,uniform_0_1,gemv,lns,lns8_r3,8,4,3,fp64,ordinary,padded,thread_packet,4,8,1,1,4,none,fraction_lut_global,ordinary/padded/thread_packet/x4/fraction_lut_global,16384,1024,1024,16793600,16793600,64,1024,256,3,0,45,4.8294720649719238,0.10732160144382052,4110.6056025964062,1
2026-08-16T21:23:18Z,NVIDIA H200 NVL,screen,uniform_0_1,gemv,lns,lns8_r3,8,4,3,fp64,ordinary,padded,thread_packet,4,8,1,1,4,none,fraction_lut_global,ordinary/padded/thread_packet/x4/fraction_lut_global,16384,1024,1024,16793600,16793600,64,1024,256,3,1,45,4.8264641761779785,0.10725475947062174,4110.6056025964062,1
2026-08-16T21:23:18Z,NVIDIA H200 NVL,screen,uniform_0_1,gemv,lns,lns8_r3,8,4,3,fp64,ordinary,padded,thread_packet,4,8,1,1,4,none,fraction_lut_global,ordinary/padded/thread_packet/x4/fraction_lut_global,16384,1024,1024,16793600,16793600,64,1024,256,3,2,45,4.8296961784362793,0.10732658174302843,4110.6056025964062,1
2026-08-16T21:23:18Z,NVIDIA H200 NVL,screen,uniform_0_1,dot,lns,lns8_r3,8,4,3,fp64,ordinary,padded,thread_packet,8,8,1,1,8,none,fraction_lut_global,ordinary/padded/thread_packet/x8/fraction_lut_global,16777216,0,1,33554432,33554432,64,512,256,3,0,41,4.9827837944030762,0.12153131205861162,4202212.8581001824,1
2026-08-16T21:23:18Z,NVIDIA H200 NVL,screen,uniform_0_1,dot,lns,lns8_r3,8,4,3,fp64,ordinary,padded,thread_packet,8,8,1,1,8,none,fraction_lut_global,ordinary/padded/thread_packet/x8/fraction_lut_global,16777216,0,1,33554432,33554432,64,512,256,3,1,41,4.9823999404907227,0.12152194976806641,4202212.8581001824,1
2026-08-16T21:23:18Z,NVIDIA H200 NVL,screen,uniform_0_1,dot,lns,lns8_r3,8,4,3,fp64,ordinary,padded,thread_packet,8,8,1,1,8,none,fraction_lut_global,ordinary/padded/thread_packet/x8/fraction_lut_global,16777216,0,1,33554432,33554432,64,512,256,3,2,41,4.9784960746765137,0.12142673352869546,4202212.8581001824,1
2026-08-16T21:23:18Z,NVIDIA H200 NVL,screen,uniform_0_1,gemv,lns,lns8_r3,8,4,3,fp64,ordinary,padded,thread_packet,8,8,1,1,8,none,fraction_lut_global,ordinary/padded/thread_packet/x8/fraction_lut_global,16384,1024,1024,16793600,16793600,64,1024,256,3,0,45,4.9270720481872559,0.1094904899597168,4110.6056025964062,1
2026-08-16T21:23:18Z,NVIDIA H200 NVL,screen,uniform_0_1,gemv,lns,lns8_r3,8,4,3,fp64,ordinary,padded,thread_packet,8,8,1,1,8,none,fraction_lut_global,ordinary/padded/thread_packet/x8/fraction_lut_global,16384,1024,1024,16793600,16793600,64,1024,256,3,1,45,4.9263358116149902,0.10947412914699978,4110.6056025964062,1
2026-08-16T21:23:18Z,NVIDIA H200 NVL,screen,uniform_0_1,gemv,lns,lns8_r3,8,4,3,fp64,ordinary,padded,thread_packet,8,8,1,1,8,none,fraction_lut_global,ordinary/padded/thread_packet/x8/fraction_lut_global,16384,1024,1024,16793600,16793600,64,1024,256,3,2,45,4.9249920845031738,0.10944426854451497,4110.6056025964062,1
2026-08-16T21:23:18Z,NVIDIA H200 NVL,screen,uniform_0_1,dot,lns,lns8_r3,8,4,3,fp64,fused,padded,scalar,1,8,1,1,1,none,fraction_lut_global,fused/padded/scalar/x1/fraction_lut_global,16777216,0,1,33554432,33554432,64,512,256,3,0,49,4.947199821472168,0.10096326166269731,4202212.8581001824,1
2026-08-16T21:23:18Z,NVIDIA H200 NVL,screen,uniform_0_1,dot,lns,lns8_r3,8,4,3,fp64,fused,padded,scalar,1,8,1,1,1,none,fraction_lut_global,fused/padded/scalar/x1/fraction_lut_global,16777216,0,1,33554432,33554432,64,512,256,3,1,49,4.9610562324523926,0.10124604556025291,4202212.8581001824,1
2026-08-16T21:23:18Z,NVIDIA H200 NVL,screen,uniform_0_1,dot,lns,lns8_r3,8,4,3,fp64,fused,padded,scalar,1,8,1,1,1,none,fraction_lut_global,fused/padded/scalar/x1/fraction_lut_global,16777216,0,1,33554432,33554432,64,512,256,3,2,49,4.9505600929260254,0.10103183863114337,4202212.8581001824,1
2026-08-16T21:23:18Z,NVIDIA H200 NVL,screen,uniform_0_1,gemv,lns,lns8_r3,8,4,3,fp64,fused,padded,scalar,1,8,1,1,1,none,fraction_lut_global,fused/padded/scalar/x1/fraction_lut_global,16384,1024,1024,16793600,16793600,64,1024,256,3,0,53,4.8956480026245117,0.092370717030651167,4110.6056025964062,1
2026-08-16T21:23:18Z,NVIDIA H200 NVL,screen,uniform_0_1,gemv,lns,lns8_r3,8,4,3,fp64,fused,padded,scalar,1,8,1,1,1,none,fraction_lut_global,fused/padded/scalar/x1/fraction_lut_global,16384,1024,1024,16793600,16793600,64,1024,256,3,1,53,4.8780159950256348,0.092038037641993115,4110.6056025964062,1
2026-08-16T21:23:18Z,NVIDIA H200 NVL,screen,uniform_0_1,gemv,lns,lns8_r3,8,4,3,fp64,fused,padded,scalar,1,8,1,1,1,none,fraction_lut_global,fused/padded/scalar/x1/fraction_lut_global,16384,1024,1024,16793600,16793600,64,1024,256,3,2,53,4.8746237754821777,0.091974033499663738,4110.6056025964062,1
2026-08-16T21:23:18Z,NVIDIA H200 NVL,screen,uniform_0_1,dot,lns,lns8_r3,8,4,3,fp64,fused,padded,thread_packet,2,8,1,1,2,none,fraction_lut_global,fused/padded/thread_packet/x2/fraction_lut_global,16777216,0,1,33554432,33554432,64,512,256,3,0,49,4.9023041725158691,0.10004702392889529,4202212.8581001824,1
2026-08-16T21:23:18Z,NVIDIA H200 NVL,screen,uniform_0_1,dot,lns,lns8_r3,8,4,3,fp64,fused,padded,thread_packet,2,8,1,1,2,none,fraction_lut_global,fused/padded/thread_packet/x2/fraction_lut_global,16777216,0,1,33554432,33554432,64,512,256,3,1,49,4.9178881645202637,0.10036506458204619,4202212.8581001824,1
2026-08-16T21:23:18Z,NVIDIA H200 NVL,screen,uniform_0_1,dot,lns,lns8_r3,8,4,3,fp64,fused,padded,thread_packet,2,8,1,1,2,none,fraction_lut_global,fused/padded/thread_packet/x2/fraction_lut_global,16777216,0,1,33554432,33554432,64,512,256,3,2,49,4.9036159515380859,0.10007379492934869,4202212.8581001824,1
2026-08-16T21:23:18Z,NVIDIA H200 NVL,screen,uniform_0_1,gemv,lns,lns8_r3,8,4,3,fp64,fused,padded,thread_packet,2,8,1,1,2,none,fraction_lut_global,fused/padded/thread_packet/x2/fraction_lut_global,16384,1024,1024,16793600,16793600,64,1024,256,3,0,54,4.8923201560974121,0.090598521409211333,4110.6056025964062,1
2026-08-16T21:23:18Z,NVIDIA H200 NVL,screen,uniform_0_1,gemv,lns,lns8_r3,8,4,3,fp64,fused,padded,thread_packet,2,8,1,1,2,none,fraction_lut_global,fused/padded/thread_packet/x2/fraction_lut_global,16384,1024,1024,16793600,16793600,64,1024,256,3,1,54,4.8796157836914062,0.090363255253544564,4110.6056025964062,1
2026-08-16T21:23:18Z,NVIDIA H200 NVL,screen,uniform_0_1,gemv,lns,lns8_r3,8,4,3,fp64,fused,padded,thread_packet,2,8,1,1,2,none,fraction_lut_global,fused/padded/thread_packet/x2/fraction_lut_global,16384,1024,1024,16793600,16793600,64,1024,256,3,2,54,4.8803839683532715,0.090377480895430948,4110.6056025964062,1
2026-08-16T21:23:18Z,NVIDIA H200 NVL,screen,uniform_0_1,dot,lns,lns8_r3,8,4,3,fp64,fused,padded,thread_packet,4,8,1,1,4,none,fraction_lut_global,fused/padded/thread_packet/x4/fraction_lut_global,16777216,0,1,33554432,33554432,64,512,256,3,0,51,4.8993282318115234,0.096065259447284779,4202212.8581001833,1
2026-08-16T21:23:18Z,NVIDIA H200 NVL,screen,uniform_0_1,dot,lns,lns8_r3,8,4,3,fp64,fused,padded,thread_packet,4,8,1,1,4,none,fraction_lut_global,fused/padded/thread_packet/x4/fraction_lut_global,16777216,0,1,33554432,33554432,64,512,256,3,1,51,4.8909440040588379,0.095900862824683089,4202212.8581001833,1
2026-08-16T21:23:18Z,NVIDIA H200 NVL,screen,uniform_0_1,dot,lns,lns8_r3,8,4,3,fp64,fused,padded,thread_packet,4,8,1,1,4,none,fraction_lut_global,fused/padded/thread_packet/x4/fraction_lut_global,16777216,0,1,33554432,33554432,64,512,256,3,2,51,4.8917121887207031,0.095915925269033392,4202212.8581001833,1
2026-08-16T21:23:18Z,NVIDIA H200 NVL,screen,uniform_0_1,gemv,lns,lns8_r3,8,4,3,fp64,fused,padded,thread_packet,4,8,1,1,4,none,fraction_lut_global,fused/padded/thread_packet/x4/fraction_lut_global,16384,1024,1024,16793600,16793600,64,1024,256,3,0,56,4.8783040046691895,0.087112571511949816,4110.6056025964062,1
2026-08-16T21:23:18Z,NVIDIA H200 NVL,screen,uniform_0_1,gemv,lns,lns8_r3,8,4,3,fp64,fused,padded,thread_packet,4,8,1,1,4,none,fraction_lut_global,fused/padded/thread_packet/x4/fraction_lut_global,16384,1024,1024,16793600,16793600,64,1024,256,3,1,56,4.8634238243103027,0.086846854005541124,4110.6056025964062,1
2026-08-16T21:23:18Z,NVIDIA H200 NVL,screen,uniform_0_1,gemv,lns,lns8_r3,8,4,3,fp64,fused,padded,thread_packet,4,8,1,1,4,none,fraction_lut_global,fused/padded/thread_packet/x4/fraction_lut_global,16384,1024,1024,16793600,16793600,64,1024,256,3,2,56,4.8625597953796387,0.086831424917493544,4110.6056025964062,1
2026-08-16T21:23:18Z,NVIDIA H200 NVL,screen,uniform_0_1,dot,lns,lns8_r3,8,4,3,fp64,fused,padded,thread_packet,8,8,1,1,8,none,fraction_lut_global,fused/padded/thread_packet/x8/fraction_lut_global,16777216,0,1,33554432,33554432,64,512,256,3,0,51,4.9388160705566406,0.096839530795228251,4202212.8581001824,1
2026-08-16T21:23:18Z,NVIDIA H200 NVL,screen,uniform_0_1,dot,lns,lns8_r3,8,4,3,fp64,fused,padded,thread_packet,8,8,1,1,8,none,fraction_lut_global,fused/padded/thread_packet/x8/fraction_lut_global,16777216,0,1,33554432,33554432,64,512,256,3,1,51,4.940608024597168,0.096874667148964075,4202212.8581001824,1
2026-08-16T21:23:18Z,NVIDIA H200 NVL,screen,uniform_0_1,dot,lns,lns8_r3,8,4,3,fp64,fused,padded,thread_packet,8,8,1,1,8,none,fraction_lut_global,fused/padded/thread_packet/x8/fraction_lut_global,16777216,0,1,33554432,33554432,64,512,256,3,2,51,4.9403519630432129,0.096869646334180645,4202212.8581001824,1
2026-08-16T21:23:18Z,NVIDIA H200 NVL,screen,uniform_0_1,gemv,lns,lns8_r3,8,4,3,fp64,fused,padded,thread_packet,8,8,1,1,8,none,fraction_lut_global,fused/padded/thread_packet/x8/fraction_lut_global,16384,1024,1024,16793600,16793600,64,1024,256,3,0,55,4.8719038963317871,0.088580070842396136,4110.6056025964062,1
2026-08-16T21:23:18Z,NVIDIA H200 NVL,screen,uniform_0_1,gemv,lns,lns8_r3,8,4,3,fp64,fused,padded,thread_packet,8,8,1,1,8,none,fraction_lut_global,fused/padded/thread_packet/x8/fraction_lut_global,16384,1024,1024,16793600,16793600,64,1024,256,3,1,55,4.872704029083252,0.088594618710604575,4110.6056025964062,1
2026-08-16T21:23:18Z,NVIDIA H200 NVL,screen,uniform_0_1,gemv,lns,lns8_r3,8,4,3,fp64,fused,padded,thread_packet,8,8,1,1,8,none,fraction_lut_global,fused/padded/thread_packet/x8/fraction_lut_global,16384,1024,1024,16793600,16793600,64,1024,256,3,2,55,4.8705921173095703,0.088556220314719464,4110.6056025964062,1
2026-08-16T21:23:18Z,NVIDIA H200 NVL,screen,uniform_0_1,dot,lns,lns8_r3,8,4,3,fp64,ordinary,padded,scalar,1,8,1,1,1,none,fraction_lut_shared,ordinary/padded/scalar/x1/fraction_lut_shared,16777216,0,1,33554432,33554432,64,512,256,3,0,48,4.8627200126647949,0.10130666693051656,4202212.8581001824,1
2026-08-16T21:23:18Z,NVIDIA H200 NVL,screen,uniform_0_1,dot,lns,lns8_r3,8,4,3,fp64,ordinary,padded,scalar,1,8,1,1,1,none,fraction_lut_shared,ordinary/padded/scalar/x1/fraction_lut_shared,16777216,0,1,33554432,33554432,64,512,256,3,1,48,4.8669757843017578,0.10139532883961995,4202212.8581001824,1
2026-08-16T21:23:18Z,NVIDIA H200 NVL,screen,uniform_0_1,dot,lns,lns8_r3,8,4,3,fp64,ordinary,padded,scalar,1,8,1,1,1,none,fraction_lut_shared,ordinary/padded/scalar/x1/fraction_lut_shared,16777216,0,1,33554432,33554432,64,512,256,3,2,48,4.8588480949401855,0.10122600197792053,4202212.8581001824,1
2026-08-16T21:23:18Z,NVIDIA H200 NVL,screen,uniform_0_1,gemv,lns,lns8_r3,8,4,3,fp64,ordinary,padded,scalar,1,8,1,1,1,none,fraction_lut_shared,ordinary/padded/scalar/x1/fraction_lut_shared,16384,1024,1024,16793600,16793600,64,1024,256,3,0,53,4.8824000358581543,0.09212075539355008,4110.6056025964062,1
2026-08-16T21:23:18Z,NVIDIA H200 NVL,screen,uniform_0_1,gemv,lns,lns8_r3,8,4,3,fp64,ordinary,padded,scalar,1,8,1,1,1,none,fraction_lut_shared,ordinary/padded/scalar/x1/fraction_lut_shared,16384,1024,1024,16793600,16793600,64,1024,256,3,1,53,4.8858561515808105,0.092185965124166241,4110.6056025964062,1
2026-08-16T21:23:18Z,NVIDIA H200 NVL,screen,uniform_0_1,gemv,lns,lns8_r3,8,4,3,fp64,ordinary,padded,scalar,1,8,1,1,1,none,fraction_lut_shared,ordinary/padded/scalar/x1/fraction_lut_shared,16384,1024,1024,16793600,16793600,64,1024,256,3,2,53,4.885216236114502,0.092173891247443435,4110.6056025964062,1
2026-08-16T21:23:18Z,NVIDIA H200 NVL,screen,uniform_0_1,dot,lns,lns8_r3,8,4,3,fp64,ordinary,padded,thread_packet,2,8,1,1,2,none,fraction_lut_shared,ordinary/padded/thread_packet/x2/fraction_lut_shared,16777216,0,1,33554432,33554432,64,512,256,3,0,47,4.8740482330322266,0.10370315389430269,4202212.8581001824,1
2026-08-16T21:23:18Z,NVIDIA H200 NVL,screen,uniform_0_1,dot,lns,lns8_r3,8,4,3,fp64,ordinary,padded,thread_packet,2,8,1,1,2,none,fraction_lut_shared,ordinary/padded/thread_packet/x2/fraction_lut_shared,16777216,0,1,33554432,33554432,64,512,256,3,1,47,4.8779840469360352,0.10378689461566032,4202212.8581001824,1
2026-08-16T21:23:18Z,NVIDIA H200 NVL,screen,uniform_0_1,dot,lns,lns8_r3,8,4,3,fp64,ordinary,padded,thread_packet,2,8,1,1,2,none,fraction_lut_shared,ordinary/padded/thread_packet/x2/fraction_lut_shared,16777216,0,1,33554432,33554432,64,512,256,3,2,47,4.8726401329040527,0.1036731943171075,4202212.8581001824,1
2026-08-16T21:23:18Z,NVIDIA H200 NVL,screen,uniform_0_1,gemv,lns,lns8_r3,8,4,3,fp64,ordinary,padded,thread_packet,2,8,1,1,2,none,fraction_lut_shared,ordinary/padded/thread_packet/x2/fraction_lut_shared,16384,1024,1024,16793600,16793600,64,1024,256,3,0,53,4.9131841659545898,0.092701588036879057,4110.6056025964053,1
2026-08-16T21:23:18Z,NVIDIA H200 NVL,screen,uniform_0_1,gemv,lns,lns8_r3,8,4,3,fp64,ordinary,padded,thread_packet,2,8,1,1,2,none,fraction_lut_shared,ordinary/padded/thread_packet/x2/fraction_lut_shared,16384,1024,1024,16793600,16793600,64,1024,256,3,1,53,4.9172477722167969,0.09277825985314711,4110.6056025964053,1
2026-08-16T21:23:18Z,NVIDIA H200 NVL,screen,uniform_0_1,gemv,lns,lns8_r3,8,4,3,fp64,ordinary,padded,thread_packet,2,8,1,1,2,none,fraction_lut_shared,ordinary/padded/thread_packet/x2/fraction_lut_shared,16384,1024,1024,16793600,16793600,64,1024,256,3,2,53,4.9143362045288086,0.092723324613751101,4110.6056025964053,1
2026-08-16T21:23:18Z,NVIDIA H200 NVL,screen,uniform_0_1,dot,lns,lns8_r3,8,4,3,fp64,ordinary,padded,thread_packet,4,8,1,1,4,none,fraction_lut_shared,ordinary/padded/thread_packet/x4/fraction_lut_shared,16777216,0,1,33554432,33554432,64,512,256,3,0,49,4.9370241165161133,0.10075559421461455,4202212.8581001833,1
2026-08-16T21:23:18Z,NVIDIA H200 NVL,screen,uniform_0_1,dot,lns,lns8_r3,8,4,3,fp64,ordinary,padded,thread_packet,4,8,1,1,4,none,fraction_lut_shared,ordinary/padded/thread_packet/x4/fraction_lut_shared,16777216,0,1,33554432,33554432,64,512,256,3,1,49,4.9409599304199219,0.10083591694734534,4202212.8581001833,1
2026-08-16T21:23:18Z,NVIDIA H200 NVL,screen,uniform_0_1,dot,lns,lns8_r3,8,4,3,fp64,ordinary,padded,thread_packet,4,8,1,1,4,none,fraction_lut_shared,ordinary/padded/thread_packet/x4/fraction_lut_shared,16777216,0,1,33554432,33554432,64,512,256,3,2,49,4.9549121856689453,0.10112065685038664,4202212.8581001833,1
2026-08-16T21:23:18Z,NVIDIA H200 NVL,screen,uniform_0_1,gemv,lns,lns8_r3,8,4,3,fp64,ordinary,padded,thread_packet,4,8,1,1,4,none,fraction_lut_shared,ordinary/padded/thread_packet/x4/fraction_lut_shared,16384,1024,1024,16793600,16793600,64,1024,256,3,0,55,4.9318079948425293,0.089669236269864172,4110.6056025964062,1
2026-08-16T21:23:18Z,NVIDIA H200 NVL,screen,uniform_0_1,gemv,lns,lns8_r3,8,4,3,fp64,ordinary,padded,thread_packet,4,8,1,1,4,none,fraction_lut_shared,ordinary/padded/thread_packet/x4/fraction_lut_shared,16384,1024,1024,16793600,16793600,64,1024,256,3,1,55,4.9422078132629395,0.089858323877507987,4110.6056025964062,1
2026-08-16T21:23:18Z,NVIDIA H200 NVL,screen,uniform_0_1,gemv,lns,lns8_r3,8,4,3,fp64,ordinary,padded,thread_packet,4,8,1,1,4,none,fraction_lut_shared,ordinary/padded/thread_packet/x4/fraction_lut_shared,16384,1024,1024,16793600,16793600,64,1024,256,3,2,55,4.9326400756835938,0.089684365012428977,4110.6056025964062,1
2026-08-16T21:23:18Z,NVIDIA H200 NVL,screen,uniform_0_1,dot,lns,lns8_r3,8,4,3,fp64,ordinary,padded,thread_packet,8,8,1,1,8,none,fraction_lut_shared,ordinary/padded/thread_packet/x8/fraction_lut_shared,16777216,0,1,33554432,33554432,64,512,256,3,0,48,4.9872322082519531,0.10390067100524902,4202212.8581001824,1
2026-08-16T21:23:18Z,NVIDIA H200 NVL,screen,uniform_0_1,dot,lns,lns8_r3,8,4,3,fp64,ordinary,padded,thread_packet,8,8,1,1,8,none,fraction_lut_shared,ordinary/padded/thread_packet/x8/fraction_lut_shared,16777216,0,1,33554432,33554432,64,512,256,3,1,48,4.988959789276123,0.10393666227658589,4202212.8581001824,1
2026-08-16T21:23:18Z,NVIDIA H200 NVL,screen,uniform_0_1,dot,lns,lns8_r3,8,4,3,fp64,ordinary,padded,thread_packet,8,8,1,1,8,none,fraction_lut_shared,ordinary/padded/thread_packet/x8/fraction_lut_shared,16777216,0,1,33554432,33554432,64,512,256,3,2,48,4.9876799583435059,0.10390999913215637,4202212.8581001824,1
2026-08-16T21:23:18Z,NVIDIA H200 NVL,screen,uniform_0_1,gemv,lns,lns8_r3,8,4,3,fp64,ordinary,padded,thread_packet,8,8,1,1,8,none,fraction_lut_shared,ordinary/padded/thread_packet/x8/fraction_lut_shared,16384,1024,1024,16793600,16793600,64,1024,256,3,0,53,4.9153599739074707,0.092742641017122082,4110.6056025964062,1
2026-08-16T21:23:18Z,NVIDIA H200 NVL,screen,uniform_0_1,gemv,lns,lns8_r3,8,4,3,fp64,ordinary,padded,thread_packet,8,8,1,1,8,none,fraction_lut_shared,ordinary/padded/thread_packet/x8/fraction_lut_shared,16384,1024,1024,16793600,16793600,64,1024,256,3,1,53,4.8931841850280762,0.092324229906190117,4110.6056025964062,1
2026-08-16T21:23:18Z,NVIDIA H200 NVL,screen,uniform_0_1,gemv,lns,lns8_r3,8,4,3,fp64,ordinary,padded,thread_packet,8,8,1,1,8,none,fraction_lut_shared,ordinary/padded/thread_packet/x8/fraction_lut_shared,16384,1024,1024,16793600,16793600,64,1024,256,3,2,53,4.8936638832092285,0.092333280815268468,4110.6056025964062,1
2026-08-16T21:23:18Z,NVIDIA H200 NVL,screen,uniform_0_1,dot,lns,lns8_r3,8,4,3,fp64,fused,padded,scalar,1,8,1,1,1,none,fraction_lut_shared,fused/padded/scalar/x1/fraction_lut_shared,16777216,0,1,33554432,33554432,64,512,256,3,0,53,4.8925437927246094,0.092312147032539801,4202212.8581001824,1
2026-08-16T21:23:18Z,NVIDIA H200 NVL,screen,uniform_0_1,dot,lns,lns8_r3,8,4,3,fp64,fused,padded,scalar,1,8,1,1,1,none,fraction_lut_shared,fused/padded/scalar/x1/fraction_lut_shared,16777216,0,1,33554432,33554432,64,512,256,3,1,53,4.8752322196960449,0.091985513579170661,4202212.8581001824,1
2026-08-16T21:23:18Z,NVIDIA H200 NVL,screen,uniform_0_1,dot,lns,lns8_r3,8,4,3,fp64,fused,padded,scalar,1,8,1,1,1,none,fraction_lut_shared,fused/padded/scalar/x1/fraction_lut_shared,16777216,0,1,33554432,33554432,64,512,256,3,2,53,4.8725118637084961,0.091934186107707469,4202212.8581001824,1
2026-08-16T21:23:18Z,NVIDIA H200 NVL,screen,uniform_0_1,gemv,lns,lns8_r3,8,4,3,fp64,fused,padded,scalar,1,8,1,1,1,none,fraction_lut_shared,fused/padded/scalar/x1/fraction_lut_shared,16384,1024,1024,16793600,16793600,64,1024,256,3,0,60,4.902656078338623,0.081710934638977051,4110.6056025964062,1
2026-08-16T21:23:18Z,NVIDIA H200 NVL,screen,uniform_0_1,gemv,lns,lns8_r3,8,4,3,fp64,fused,padded,scalar,1,8,1,1,1,none,fraction_lut_shared,fused/padded/scalar/x1/fraction_lut_shared,16384,1024,1024,16793600,16793600,64,1024,256,3,1,60,4.8899202346801758,0.081498670578002932,4110.6056025964062,1
2026-08-16T21:23:18Z,NVIDIA H200 NVL,screen,uniform_0_1,gemv,lns,lns8_r3,8,4,3,fp64,fused,padded,scalar,1,8,1,1,1,none,fraction_lut_shared,fused/padded/scalar/x1/fraction_lut_shared,16384,1024,1024,16793600,16793600,64,1024,256,3,2,60,4.8811202049255371,0.081352003415425617,4110.6056025964062,1
2026-08-16T21:23:18Z,NVIDIA H200 NVL,screen,uniform_0_1,dot,lns,lns8_r3,8,4,3,fp64,fused,padded,thread_packet,2,8,1,1,2,none,fraction_lut_shared,fused/padded/thread_packet/x2/fraction_lut_shared,16777216,0,1,33554432,33554432,64,512,256,3,0,53,4.9372482299804688,0.093155626980763559,4202212.8581001824,1
2026-08-16T21:23:18Z,NVIDIA H200 NVL,screen,uniform_0_1,dot,lns,lns8_r3,8,4,3,fp64,fused,padded,thread_packet,2,8,1,1,2,none,fraction_lut_shared,fused/padded/thread_packet/x2/fraction_lut_shared,16777216,0,1,33554432,33554432,64,512,256,3,1,53,4.9546561241149902,0.093484077813490385,4202212.8581001824,1
2026-08-16T21:23:18Z,NVIDIA H200 NVL,screen,uniform_0_1,dot,lns,lns8_r3,8,4,3,fp64,fused,padded,thread_packet,2,8,1,1,2,none,fraction_lut_shared,fused/padded/thread_packet/x2/fraction_lut_shared,16777216,0,1,33554432,33554432,64,512,256,3,2,53,4.9365758895874023,0.093142941312969851,4202212.8581001824,1
2026-08-16T21:23:18Z,NVIDIA H200 NVL,screen,uniform_0_1,gemv,lns,lns8_r3,8,4,3,fp64,fused,padded,thread_packet,2,8,1,1,2,none,fraction_lut_shared,fused/padded/thread_packet/x2/fraction_lut_shared,16384,1024,1024,16793600,16793600,64,1024,256,3,0,58,4.8802242279052734,0.084141797032849547,4110.6056025964062,1
2026-08-16T21:23:18Z,NVIDIA H200 NVL,screen,uniform_0_1,gemv,lns,lns8_r3,8,4,3,fp64,fused,padded,thread_packet,2,8,1,1,2,none,fraction_lut_shared,fused/padded/thread_packet/x2/fraction_lut_shared,16384,1024,1024,16793600,16793600,64,1024,256,3,1,58,4.8618559837341309,0.083825103167829845,4110.6056025964062,1
2026-08-16T21:23:18Z,NVIDIA H200 NVL,screen,uniform_0_1,gemv,lns,lns8_r3,8,4,3,fp64,fused,padded,thread_packet,2,8,1,1,2,none,fraction_lut_shared,fused/padded/thread_packet/x2/fraction_lut_shared,16384,1024,1024,16793600,16793600,64,1024,256,3,2,58,4.8639998435974121,0.083862066268920898,4110.6056025964062,1
2026-08-16T21:23:18Z,NVIDIA H200 NVL,screen,uniform_0_1,dot,lns,lns8_r3,8,4,3,fp64,fused,padded,thread_packet,4,8,1,1,4,none,fraction_lut_shared,fused/padded/thread_packet/x4/fraction_lut_shared,16777216,0,1,33554432,33554432,64,512,256,3,0,55,4.9181442260742188,0.089420804110440344,4202212.8581001833,1
2026-08-16T21:23:18Z,NVIDIA H200 NVL,screen,uniform_0_1,dot,lns,lns8_r3,8,4,3,fp64,fused,padded,thread_packet,4,8,1,1,4,none,fraction_lut_shared,fused/padded/thread_packet/x4/fraction_lut_shared,16777216,0,1,33554432,33554432,64,512,256,3,1,55,4.9139199256896973,0.089343998648903591,4202212.8581001833,1
2026-08-16T21:23:18Z,NVIDIA H200 NVL,screen,uniform_0_1,dot,lns,lns8_r3,8,4,3,fp64,fused,padded,thread_packet,4,8,1,1,4,none,fraction_lut_shared,fused/padded/thread_packet/x4/fraction_lut_shared,16777216,0,1,33554432,33554432,64,512,256,3,2,55,4.9017601013183594,0.089122910933061086,4202212.8581001833,1
2026-08-16T21:23:18Z,NVIDIA H200 NVL,screen,uniform_0_1,gemv,lns,lns8_r3,8,4,3,fp64,fused,padded,thread_packet,4,8,1,1,4,none,fraction_lut_shared,fused/padded/thread_packet/x4/fraction_lut_shared,16384,1024,1024,16793600,16793600,64,1024,256,3,0,60,4.8423681259155273,0.080706135431925452,4110.6056025964062,1
2026-08-16T21:23:18Z,NVIDIA H200 NVL,screen,uniform_0_1,gemv,lns,lns8_r3,8,4,3,fp64,fused,padded,thread_packet,4,8,1,1,4,none,fraction_lut_shared,fused/padded/thread_packet/x4/fraction_lut_shared,16384,1024,1024,16793600,16793600,64,1024,256,3,1,60,4.8433599472045898,0.08072266578674317,4110.6056025964062,1
2026-08-16T21:23:18Z,NVIDIA H200 NVL,screen,uniform_0_1,gemv,lns,lns8_r3,8,4,3,fp64,fused,padded,thread_packet,4,8,1,1,4,none,fraction_lut_shared,fused/padded/thread_packet/x4/fraction_lut_shared,16384,1024,1024,16793600,16793600,64,1024,256,3,2,60,4.8439679145812988,0.080732798576354986,4110.6056025964062,1
2026-08-16T21:23:18Z,NVIDIA H200 NVL,screen,uniform_0_1,dot,lns,lns8_r3,8,4,3,fp64,fused,padded,thread_packet,8,8,1,1,8,none,fraction_lut_shared,fused/padded/thread_packet/x8/fraction_lut_shared,16777216,0,1,33554432,33554432,64,512,256,3,0,54,4.8994560241699219,0.090730667114257812,4202212.8581001824,1
2026-08-16T21:23:18Z,NVIDIA H200 NVL,screen,uniform_0_1,dot,lns,lns8_r3,8,4,3,fp64,fused,padded,thread_packet,8,8,1,1,8,none,fraction_lut_shared,fused/padded/thread_packet/x8/fraction_lut_shared,16777216,0,1,33554432,33554432,64,512,256,3,1,54,4.8996481895446777,0.09073422573230884,4202212.8581001824,1
2026-08-16T21:23:18Z,NVIDIA H200 NVL,screen,uniform_0_1,dot,lns,lns8_r3,8,4,3,fp64,fused,padded,thread_packet,8,8,1,1,8,none,fraction_lut_shared,fused/padded/thread_packet/x8/fraction_lut_shared,16777216,0,1,33554432,33554432,64,512,256,3,2,54,4.8998079299926758,0.090737183888753251,4202212.8581001824,1
2026-08-16T21:23:18Z,NVIDIA H200 NVL,screen,uniform_0_1,gemv,lns,lns8_r3,8,4,3,fp64,fused,padded,thread_packet,8,8,1,1,8,none,fraction_lut_shared,fused/padded/thread_packet/x8/fraction_lut_shared,16384,1024,1024,16793600,16793600,64,1024,256,3,0,60,4.929408073425293,0.082156801223754877,4110.6056025964062,1
2026-08-16T21:23:18Z,NVIDIA H200 NVL,screen,uniform_0_1,gemv,lns,lns8_r3,8,4,3,fp64,fused,padded,thread_packet,8,8,1,1,8,none,fraction_lut_shared,fused/padded/thread_packet/x8/fraction_lut_shared,16384,1024,1024,16793600,16793600,64,1024,256,3,1,60,4.9290242195129395,0.08215040365854899,4110.6056025964062,1
2026-08-16T21:23:18Z,NVIDIA H200 NVL,screen,uniform_0_1,gemv,lns,lns8_r3,8,4,3,fp64,fused,padded,thread_packet,8,8,1,1,8,none,fraction_lut_shared,fused/padded/thread_packet/x8/fraction_lut_shared,16384,1024,1024,16793600,16793600,64,1024,256,3,2,60,4.9279680252075195,0.082132800420125329,4110.6056025964062,1
2026-08-16T21:23:18Z,NVIDIA H200 NVL,screen,uniform_0_1,dot,lns,lns8_r3,8,4,3,fp64,ordinary,padded,scalar,1,8,1,1,1,none,fraction_lut_warp,ordinary/padded/scalar/x1/fraction_lut_warp,16777216,0,1,33554432,33554432,64,512,256,3,0,36,4.9410238265991211,0.13725066184997559,4202212.8581001824,1
2026-08-16T21:23:18Z,NVIDIA H200 NVL,screen,uniform_0_1,dot,lns,lns8_r3,8,4,3,fp64,ordinary,padded,scalar,1,8,1,1,1,none,fraction_lut_warp,ordinary/padded/scalar/x1/fraction_lut_warp,16777216,0,1,33554432,33554432,64,512,256,3,1,36,4.932703971862793,0.13701955477396646,4202212.8581001824,1
2026-08-16T21:23:18Z,NVIDIA H200 NVL,screen,uniform_0_1,dot,lns,lns8_r3,8,4,3,fp64,ordinary,padded,scalar,1,8,1,1,1,none,fraction_lut_warp,ordinary/padded/scalar/x1/fraction_lut_warp,16777216,0,1,33554432,33554432,64,512,256,3,2,36,4.9209599494934082,0.13669333193037245,4202212.8581001824,1
2026-08-16T21:23:18Z,NVIDIA H200 NVL,screen,uniform_0_1,gemv,lns,lns8_r3,8,4,3,fp64,ordinary,padded,scalar,1,8,1,1,1,none,fraction_lut_warp,ordinary/padded/scalar/x1/fraction_lut_warp,16384,1024,1024,16793600,16793600,64,1024,256,3,0,40,4.9859838485717773,0.12464959621429443,4110.6056025964062,1
2026-08-16T21:23:18Z,NVIDIA H200 NVL,screen,uniform_0_1,gemv,lns,lns8_r3,8,4,3,fp64,ordinary,padded,scalar,1,8,1,1,1,none,fraction_lut_warp,ordinary/padded/scalar/x1/fraction_lut_warp,16384,1024,1024,16793600,16793600,64,1024,256,3,1,40,4.9912958145141602,0.124782395362854,4110.6056025964062,1
2026-08-16T21:23:18Z,NVIDIA H200 NVL,screen,uniform_0_1,gemv,lns,lns8_r3,8,4,3,fp64,ordinary,padded,scalar,1,8,1,1,1,none,fraction_lut_warp,ordinary/padded/scalar/x1/fraction_lut_warp,16384,1024,1024,16793600,16793600,64,1024,256,3,2,40,4.9917759895324707,0.12479439973831177,4110.6056025964062,1
2026-08-16T21:23:18Z,NVIDIA H200 NVL,screen,uniform_0_1,dot,lns,lns8_r3,8,4,3,fp64,ordinary,padded,thread_packet,2,8,1,1,2,none,fraction_lut_warp,ordinary/padded/thread_packet/x2/fraction_lut_warp,16777216,0,1,33554432,33554432,64,512,256,3,0,36,4.9973440170288086,0.13881511158413357,4202212.8581001824,1
2026-08-16T21:23:18Z,NVIDIA H200 NVL,screen,uniform_0_1,dot,lns,lns8_r3,8,4,3,fp64,ordinary,padded,thread_packet,2,8,1,1,2,none,fraction_lut_warp,ordinary/padded/thread_packet/x2/fraction_lut_warp,16777216,0,1,33554432,33554432,64,512,256,3,1,36,4.9934720993041992,0.13870755831400552,4202212.8581001824,1
2026-08-16T21:23:18Z,NVIDIA H200 NVL,screen,uniform_0_1,dot,lns,lns8_r3,8,4,3,fp64,ordinary,padded,thread_packet,2,8,1,1,2,none,fraction_lut_warp,ordinary/padded/thread_packet/x2/fraction_lut_warp,16777216,0,1,33554432,33554432,64,512,256,3,2,36,5.0019841194152832,0.1389440033170912,4202212.8581001824,1
2026-08-16T21:23:18Z,NVIDIA H200 NVL,screen,uniform_0_1,gemv,lns,lns8_r3,8,4,3,fp64,ordinary,padded,thread_packet,2,8,1,1,2,none,fraction_lut_warp,ordinary/padded/thread_packet/x2/fraction_lut_warp,16384,1024,1024,16793600,16793600,64,1024,256,3,0,40,5.0010237693786621,0.12502559423446655,4110.6056025964053,1
2026-08-16T21:23:18Z,NVIDIA H200 NVL,screen,uniform_0_1,gemv,lns,lns8_r3,8,4,3,fp64,ordinary,padded,thread_packet,2,8,1,1,2,none,fraction_lut_warp,ordinary/padded/thread_packet/x2/fraction_lut_warp,16384,1024,1024,16793600,16793600,64,1024,256,3,1,40,5.0016322135925293,0.12504080533981324,4110.6056025964053,1
2026-08-16T21:23:18Z,NVIDIA H200 NVL,screen,uniform_0_1,gemv,lns,lns8_r3,8,4,3,fp64,ordinary,padded,thread_packet,2,8,1,1,2,none,fraction_lut_warp,ordinary/padded/thread_packet/x2/fraction_lut_warp,16384,1024,1024,16793600,16793600,64,1024,256,3,2,40,5.001215934753418,0.12503039836883545,4110.6056025964053,1
2026-08-16T21:23:18Z,NVIDIA H200 NVL,screen,uniform_0_1,dot,lns,lns8_r3,8,4,3,fp64,ordinary,padded,thread_packet,4,8,1,1,4,none,fraction_lut_warp,ordinary/padded/thread_packet/x4/fraction_lut_warp,16777216,0,1,33554432,33554432,64,512,256,3,0,37,4.9573760032653809,0.13398313522338867,4202212.8581001833,1
2026-08-16T21:23:18Z,NVIDIA H200 NVL,screen,uniform_0_1,dot,lns,lns8_r3,8,4,3,fp64,ordinary,padded,thread_packet,4,8,1,1,4,none,fraction_lut_warp,ordinary/padded/thread_packet/x4/fraction_lut_warp,16777216,0,1,33554432,33554432,64,512,256,3,1,37,4.9540481567382812,0.13389319342535896,4202212.8581001833,1
2026-08-16T21:23:18Z,NVIDIA H200 NVL,screen,uniform_0_1,dot,lns,lns8_r3,8,4,3,fp64,ordinary,padded,thread_packet,4,8,1,1,4,none,fraction_lut_warp,ordinary/padded/thread_packet/x4/fraction_lut_warp,16777216,0,1,33554432,33554432,64,512,256,3,2,37,4.953728199005127,0.13388454591905749,4202212.8581001833,1
2026-08-16T21:23:18Z,NVIDIA H200 NVL,screen,uniform_0_1,gemv,lns,lns8_r3,8,4,3,fp64,ordinary,padded,thread_packet,4,8,1,1,4,none,fraction_lut_warp,ordinary/padded/thread_packet/x4/fraction_lut_warp,16384,1024,1024,16793600,16793600,64,1024,256,3,0,41,4.9820480346679688,0.12151336669921875,4110.6056025964062,1
2026-08-16T21:23:18Z,NVIDIA H200 NVL,screen,uniform_0_1,gemv,lns,lns8_r3,8,4,3,fp64,ordinary,padded,thread_packet,4,8,1,1,4,none,fraction_lut_warp,ordinary/padded/thread_packet/x4/fraction_lut_warp,16384,1024,1024,16793600,16793600,64,1024,256,3,1,41,4.9813761711120605,0.12149697978322099,4110.6056025964062,1
2026-08-16T21:23:18Z,NVIDIA H200 NVL,screen,uniform_0_1,gemv,lns,lns8_r3,8,4,3,fp64,ordinary,padded,thread_packet,4,8,1,1,4,none,fraction_lut_warp,ordinary/padded/thread_packet/x4/fraction_lut_warp,16384,1024,1024,16793600,16793600,64,1024,256,3,2,41,4.9809598922729492,0.12148682664080364,4110.6056025964062,1
2026-08-16T21:23:18Z,NVIDIA H200 NVL,screen,uniform_0_1,dot,lns,lns8_r3,8,4,3,fp64,ordinary,padded,thread_packet,8,8,1,1,8,none,fraction_lut_warp,ordinary/padded/thread_packet/x8/fraction_lut_warp,16777216,0,1,33554432,33554432,64,512,256,3,0,37,5.0515198707580566,0.13652756407454208,4202212.8581001824,1
2026-08-16T21:23:18Z,NVIDIA H200 NVL,screen,uniform_0_1,dot,lns,lns8_r3,8,4,3,fp64,ordinary,padded,thread_packet,8,8,1,1,8,none,fraction_lut_warp,ordinary/padded/thread_packet/x8/fraction_lut_warp,16777216,0,1,33554432,33554432,64,512,256,3,1,37,5.0482559204101562,0.13643934920027451,4202212.8581001824,1
2026-08-16T21:23:18Z,NVIDIA H200 NVL,screen,uniform_0_1,dot,lns,lns8_r3,8,4,3,fp64,ordinary,padded,thread_packet,8,8,1,1,8,none,fraction_lut_warp,ordinary/padded/thread_packet/x8/fraction_lut_warp,16777216,0,1,33554432,33554432,64,512,256,3,2,37,5.0466241836547852,0.13639524820688609,4202212.8581001824,1
2026-08-16T21:23:18Z,NVIDIA H200 NVL,screen,uniform_0_1,gemv,lns,lns8_r3,8,4,3,fp64,ordinary,padded,thread_packet,8,8,1,1,8,none,fraction_lut_warp,ordinary/padded/thread_packet/x8/fraction_lut_warp,16384,1024,1024,16793600,16793600,64,1024,256,3,0,40,4.9471359252929688,0.12367839813232422,4110.6056025964062,1
2026-08-16T21:23:18Z,NVIDIA H200 NVL,screen,uniform_0_1,gemv,lns,lns8_r3,8,4,3,fp64,ordinary,padded,thread_packet,8,8,1,1,8,none,fraction_lut_warp,ordinary/padded/thread_packet/x8/fraction_lut_warp,16384,1024,1024,16793600,16793600,64,1024,256,3,1,40,4.9451518058776855,0.12362879514694214,4110.6056025964062,1
2026-08-16T21:23:18Z,NVIDIA H200 NVL,screen,uniform_0_1,gemv,lns,lns8_r3,8,4,3,fp64,ordinary,padded,thread_packet,8,8,1,1,8,none,fraction_lut_warp,ordinary/padded/thread_packet/x8/fraction_lut_warp,16384,1024,1024,16793600,16793600,64,1024,256,3,2,40,4.9468159675598145,0.12367039918899536,4110.6056025964062,1
2026-08-16T21:23:18Z,NVIDIA H200 NVL,screen,uniform_0_1,dot,lns,lns8_r3,8,4,3,fp64,fused,padded,scalar,1,8,1,1,1,none,fraction_lut_warp,fused/padded/scalar/x1/fraction_lut_warp,16777216,0,1,33554432,33554432,64,512,256,3,0,46,4.915520191192627,0.10685913459114406,4202212.8581001824,1
2026-08-16T21:23:18Z,NVIDIA H200 NVL,screen,uniform_0_1,dot,lns,lns8_r3,8,4,3,fp64,fused,padded,scalar,1,8,1,1,1,none,fraction_lut_warp,fused/padded/scalar/x1/fraction_lut_warp,16777216,0,1,33554432,33554432,64,512,256,3,1,46,4.9110078811645508,0.10676104089488155,4202212.8581001824,1
2026-08-16T21:23:18Z,NVIDIA H200 NVL,screen,uniform_0_1,dot,lns,lns8_r3,8,4,3,fp64,fused,padded,scalar,1,8,1,1,1,none,fraction_lut_warp,fused/padded/scalar/x1/fraction_lut_warp,16777216,0,1,33554432,33554432,64,512,256,3,2,46,4.9124479293823242,0.10679234629092009,4202212.8581001824,1
2026-08-16T21:23:18Z,NVIDIA H200 NVL,screen,uniform_0_1,gemv,lns,lns8_r3,8,4,3,fp64,fused,padded,scalar,1,8,1,1,1,none,fraction_lut_warp,fused/padded/scalar/x1/fraction_lut_warp,16384,1024,1024,16793600,16793600,64,1024,256,3,0,51,4.9659519195556641,0.097371606265797328,4110.6056025964062,1
2026-08-16T21:23:18Z,NVIDIA H200 NVL,screen,uniform_0_1,gemv,lns,lns8_r3,8,4,3,fp64,fused,padded,scalar,1,8,1,1,1,none,fraction_lut_warp,fused/padded/scalar/x1/fraction_lut_warp,16384,1024,1024,16793600,16793600,64,1024,256,3,1,51,4.9739198684692383,0.097527840558220363,4110.6056025964062,1
2026-08-16T21:23:18Z,NVIDIA H200 NVL,screen,uniform_0_1,gemv,lns,lns8_r3,8,4,3,fp64,fused,padded,scalar,1,8,1,1,1,none,fraction_lut_warp,fused/padded/scalar/x1/fraction_lut_warp,16384,1024,1024,16793600,16793600,64,1024,256,3,2,51,4.9789118766784668,0.097625723072126802,4110.6056025964062,1
2026-08-16T21:23:18Z,NVIDIA H200 NVL,screen,uniform_0_1,dot,lns,lns8_r3,8,4,3,fp64,fused,padded,thread_packet,2,8,1,1,2,none,fraction_lut_warp,fused/padded/thread_packet/x2/fraction_lut_warp,16777216,0,1,33554432,33554432,64,512,256,3,0,46,4.9228801727294922,0.10701913418977158,4202212.8581001824,1
2026-08-16T21:23:18Z,NVIDIA H200 NVL,screen,uniform_0_1,dot,lns,lns8_r3,8,4,3,fp64,fused,padded,thread_packet,2,8,1,1,2,none,fraction_lut_warp,fused/padded/thread_packet/x2/fraction_lut_warp,16777216,0,1,33554432,33554432,64,512,256,3,1,46,4.921760082244873,0.10699478439662767,4202212.8581001824,1
2026-08-16T21:23:18Z,NVIDIA H200 NVL,screen,uniform_0_1,dot,lns,lns8_r3,8,4,3,fp64,fused,padded,thread_packet,2,8,1,1,2,none,fraction_lut_warp,fused/padded/thread_packet/x2/fraction_lut_warp,16777216,0,1,33554432,33554432,64,512,256,3,2,46,4.9197759628295898,0.10695165136586064,4202212.8581001824,1
2026-08-16T21:23:18Z,NVIDIA H200 NVL,screen,uniform_0_1,gemv,lns,lns8_r3,8,4,3,fp64,fused,padded,thread_packet,2,8,1,1,2,none,fraction_lut_warp,fused/padded/thread_packet/x2/fraction_lut_warp,16384,1024,1024,16793600,16793600,64,1024,256,3,0,51,4.9679679870605469,0.097411137001187198,4110.6056025964062,1
2026-08-16T21:23:18Z,NVIDIA H200 NVL,screen,uniform_0_1,gemv,lns,lns8_r3,8,4,3,fp64,fused,padded,thread_packet,2,8,1,1,2,none,fraction_lut_warp,fused/padded/thread_packet/x2/fraction_lut_warp,16384,1024,1024,16793600,16793600,64,1024,256,3,1,51,4.9676799774169922,0.097405489753274357,4110.6056025964062,1
2026-08-16T21:23:18Z,NVIDIA H200 NVL,screen,uniform_0_1,gemv,lns,lns8_r3,8,4,3,fp64,fused,padded,thread_packet,2,8,1,1,2,none,fraction_lut_warp,fused/padded/thread_packet/x2/fraction_lut_warp,16384,1024,1024,16793600,16793600,64,1024,256,3,2,51,4.9673919677734375,0.097399842505361517,4110.6056025964062,1
2026-08-16T21:23:18Z,NVIDIA H200 NVL,screen,uniform_0_1,dot,lns,lns8_r3,8,4,3,fp64,fused,padded,thread_packet,4,8,1,1,4,none,fraction_lut_warp,fused/padded/thread_packet/x4/fraction_lut_warp,16777216,0,1,33554432,33554432,64,512,256,3,0,47,4.8646078109741211,0.10350229385051321,4202212.8581001833,1
2026-08-16T21:23:18Z,NVIDIA H200 NVL,screen,uniform_0_1,dot,lns,lns8_r3,8,4,3,fp64,fused,padded,thread_packet,4,8,1,1,4,none,fraction_lut_warp,fused/padded/thread_packet/x4/fraction_lut_warp,16777216,0,1,33554432,33554432,64,512,256,3,1,47,4.8567042350769043,0.10333413266121073,4202212.8581001833,1
2026-08-16T21:23:18Z,NVIDIA H200 NVL,screen,uniform_0_1,dot,lns,lns8_r3,8,4,3,fp64,fused,padded,thread_packet,4,8,1,1,4,none,fraction_lut_warp,fused/padded/thread_packet/x4/fraction_lut_warp,16777216,0,1,33554432,33554432,64,512,256,3,2,47,4.8521599769592285,0.10323744631828145,4202212.8581001833,1
2026-08-16T21:23:18Z,NVIDIA H200 NVL,screen,uniform_0_1,gemv,lns,lns8_r3,8,4,3,fp64,fused,padded,thread_packet,4,8,1,1,4,none,fraction_lut_warp,fused/padded/thread_packet/x4/fraction_lut_warp,16384,1024,1024,16793600,16793600,64,1024,256,3,0,52,4.8749442100524902,0.093748927116394043,4110.6056025964062,1
2026-08-16T21:23:18Z,NVIDIA H200 NVL,screen,uniform_0_1,gemv,lns,lns8_r3,8,4,3,fp64,fused,padded,thread_packet,4,8,1,1,4,none,fraction_lut_warp,fused/padded/thread_packet/x4/fraction_lut_warp,16384,1024,1024,16793600,16793600,64,1024,256,3,1,52,4.8728318214416504,0.093708304258493275,4110.6056025964062,1
2026-08-16T21:23:18Z,NVIDIA H200 NVL,screen,uniform_0_1,gemv,lns,lns8_r3,8,4,3,fp64,fused,padded,thread_packet,4,8,1,1,4,none,fraction_lut_warp,fused/padded/thread_packet/x4/fraction_lut_warp,16384,1024,1024,16793600,16793600,64,1024,256,3,2,52,4.8715519905090332,0.093683692125173718,4110.6056025964062,1
2026-08-16T21:23:18Z,NVIDIA H200 NVL,screen,uniform_0_1,dot,lns,lns8_r3,8,4,3,fp64,fused,padded,thread_packet,8,8,1,1,8,none,fraction_lut_warp,fused/padded/thread_packet/x8/fraction_lut_warp,16777216,0,1,33554432,33554432,64,512,256,3,0,47,4.9029760360717773,0.10431863906535696,4202212.8581001824,1
2026-08-16T21:23:18Z,NVIDIA H200 NVL,screen,uniform_0_1,dot,lns,lns8_r3,8,4,3,fp64,fused,padded,thread_packet,8,8,1,1,8,none,fraction_lut_warp,fused/padded/thread_packet/x8/fraction_lut_warp,16777216,0,1,33554432,33554432,64,512,256,3,1,47,4.9034562110900879,0.10432885555510825,4202212.8581001824,1
2026-08-16T21:23:18Z,NVIDIA H200 NVL,screen,uniform_0_1,dot,lns,lns8_r3,8,4,3,fp64,fused,padded,thread_packet,8,8,1,1,8,none,fraction_lut_warp,fused/padded/thread_packet/x8/fraction_lut_warp,16777216,0,1,33554432,33554432,64,512,256,3,2,47,4.9038400650024414,0.10433702265962641,4202212.8581001824,1
2026-08-16T21:23:18Z,NVIDIA H200 NVL,screen,uniform_0_1,gemv,lns,lns8_r3,8,4,3,fp64,fused,padded,thread_packet,8,8,1,1,8,none,fraction_lut_warp,fused/padded/thread_packet/x8/fraction_lut_warp,16384,1024,1024,16793600,16793600,64,1024,256,3,0,52,4.9545598030090332,0.095279996211712181,4110.6056025964062,1
2026-08-16T21:23:18Z,NVIDIA H200 NVL,screen,uniform_0_1,gemv,lns,lns8_r3,8,4,3,fp64,fused,padded,thread_packet,8,8,1,1,8,none,fraction_lut_warp,fused/padded/thread_packet/x8/fraction_lut_warp,16384,1024,1024,16793600,16793600,64,1024,256,3,1,52,4.9551358222961426,0.095291073505695045,4110.6056025964062,1
2026-08-16T21:23:18Z,NVIDIA H200 NVL,screen,uniform_0_1,gemv,lns,lns8_r3,8,4,3,fp64,fused,padded,thread_packet,8,8,1,1,8,none,fraction_lut_warp,fused/padded/thread_packet/x8/fraction_lut_warp,16384,1024,1024,16793600,16793600,64,1024,256,3,2,52,4.9536318778991699,0.095262151498060957,4110.6056025964062,1
2026-08-16T21:23:18Z,NVIDIA H200 NVL,screen,uniform_0_1,dot,lns,lns8_r3,8,4,3,fp64,fused,padded,scalar,1,8,1,1,1,none,fused_sum_lut_global,fused/padded/scalar/x1/fused_sum_lut_global,16777216,0,1,33554432,33554432,2048,512,256,3,0,73,4.8660159111022949,0.066657752206880749,4202212.8581001824,1
2026-08-16T21:23:18Z,NVIDIA H200 NVL,screen,uniform_0_1,dot,lns,lns8_r3,8,4,3,fp64,fused,padded,scalar,1,8,1,1,1,none,fused_sum_lut_global,fused/padded/scalar/x1/fused_sum_lut_global,16777216,0,1,33554432,33554432,2048,512,256,3,1,73,4.8650879859924316,0.066645040904005914,4202212.8581001824,1
2026-08-16T21:23:18Z,NVIDIA H200 NVL,screen,uniform_0_1,dot,lns,lns8_r3,8,4,3,fp64,fused,padded,scalar,1,8,1,1,1,none,fused_sum_lut_global,fused/padded/scalar/x1/fused_sum_lut_global,16777216,0,1,33554432,33554432,2048,512,256,3,2,73,4.8657917976379395,0.066654682159423828,4202212.8581001824,1
2026-08-16T21:23:18Z,NVIDIA H200 NVL,screen,uniform_0_1,gemv,lns,lns8_r3,8,4,3,fp64,fused,padded,scalar,1,8,1,1,1,none,fused_sum_lut_global,fused/padded/scalar/x1/fused_sum_lut_global,16384,1024,1024,16793600,16793600,2048,1024,256,3,0,78,4.8550400733947754,0.062244103505061224,4110.6056025964062,1
2026-08-16T21:23:18Z,NVIDIA H200 NVL,screen,uniform_0_1,gemv,lns,lns8_r3,8,4,3,fp64,fused,padded,scalar,1,8,1,1,1,none,fused_sum_lut_global,fused/padded/scalar/x1/fused_sum_lut_global,16384,1024,1024,16793600,16793600,2048,1024,256,3,1,78,4.8548479080200195,0.062241639846410506,4110.6056025964062,1
2026-08-16T21:23:18Z,NVIDIA H200 NVL,screen,uniform_0_1,gemv,lns,lns8_r3,8,4,3,fp64,fused,padded,scalar,1,8,1,1,1,none,fused_sum_lut_global,fused/padded/scalar/x1/fused_sum_lut_global,16384,1024,1024,16793600,16793600,2048,1024,256,3,2,78,4.8548479080200195,0.062241639846410506,4110.6056025964062,1
2026-08-16T21:23:18Z,NVIDIA H200 NVL,screen,uniform_0_1,dot,lns,lns8_r3,8,4,3,fp64,fused,padded,thread_packet,2,8,1,1,2,none,fused_sum_lut_global,fused/padded/thread_packet/x2/fused_sum_lut_global,16777216,0,1,33554432,33554432,2048,512,256,3,0,71,4.8823041915893555,0.068764847768864157,4202212.8581001824,1
2026-08-16T21:23:18Z,NVIDIA H200 NVL,screen,uniform_0_1,dot,lns,lns8_r3,8,4,3,fp64,fused,padded,thread_packet,2,8,1,1,2,none,fused_sum_lut_global,fused/padded/thread_packet/x2/fused_sum_lut_global,16777216,0,1,33554432,33554432,2048,512,256,3,1,71,4.8857917785644531,0.068813968712175391,4202212.8581001824,1
2026-08-16T21:23:18Z,NVIDIA H200 NVL,screen,uniform_0_1,dot,lns,lns8_r3,8,4,3,fp64,fused,padded,thread_packet,2,8,1,1,2,none,fused_sum_lut_global,fused/padded/thread_packet/x2/fused_sum_lut_global,16777216,0,1,33554432,33554432,2048,512,256,3,2,71,4.882080078125,0.068761691241197187,4202212.8581001824,1
2026-08-16T21:23:18Z,NVIDIA H200 NVL,screen,uniform_0_1,gemv,lns,lns8_r3,8,4,3,fp64,fused,padded,thread_packet,2,8,1,1,2,none,fused_sum_lut_global,fused/padded/thread_packet/x2/fused_sum_lut_global,16384,1024,1024,16793600,16793600,2048,1024,256,3,0,79,4.8874878883361816,0.061866935295394707,4110.6056025964062,1
2026-08-16T21:23:18Z,NVIDIA H200 NVL,screen,uniform_0_1,gemv,lns,lns8_r3,8,4,3,fp64,fused,padded,thread_packet,2,8,1,1,2,none,fused_sum_lut_global,fused/padded/thread_packet/x2/fused_sum_lut_global,16384,1024,1024,16793600,16793600,2048,1024,256,3,1,79,4.889376163482666,0.061890837512438811,4110.6056025964062,1
2026-08-16T21:23:18Z,NVIDIA H200 NVL,screen,uniform_0_1,gemv,lns,lns8_r3,8,4,3,fp64,fused,padded,thread_packet,2,8,1,1,2,none,fused_sum_lut_global,fused/padded/thread_packet/x2/fused_sum_lut_global,16384,1024,1024,16793600,16793600,2048,1024,256,3,2,79,4.887455940246582,0.06186653088919724,4110.6056025964062,1
2026-08-16T21:23:18Z,NVIDIA H200 NVL,screen,uniform_0_1,dot,lns,lns8_r3,8,4,3,fp64,fused,padded,thread_packet,4,8,1,1,4,none,fused_sum_lut_global,fused/padded/thread_packet/x4/fused_sum_lut_global,16777216,0,1,33554432,33554432,2048,512,256,3,0,74,4.8756799697875977,0.065887567159291865,4202212.8581001833,1
2026-08-16T21:23:18Z,NVIDIA H200 NVL,screen,uniform_0_1,dot,lns,lns8_r3,8,4,3,fp64,fused,padded,thread_packet,4,8,1,1,4,none,fused_sum_lut_global,fused/padded/thread_packet/x4/fused_sum_lut_global,16777216,0,1,33554432,33554432,2048,512,256,3,1,74,4.8733439445495605,0.065855999250669733,4202212.8581001833,1
2026-08-16T21:23:18Z,NVIDIA H200 NVL,screen,uniform_0_1,dot,lns,lns8_r3,8,4,3,fp64,fused,padded,thread_packet,4,8,1,1,4,none,fused_sum_lut_global,fused/padded/thread_packet/x4/fused_sum_lut_global,16777216,0,1,33554432,33554432,2048,512,256,3,2,74,4.8766078948974609,0.065900106687803522,4202212.8581001833,1
2026-08-16T21:23:18Z,NVIDIA H200 NVL,screen,uniform_0_1,gemv,lns,lns8_r3,8,4,3,fp64,fused,padded,thread_packet,4,8,1,1,4,none,fused_sum_lut_global,fused/padded/thread_packet/x4/fused_sum_lut_global,16384,1024,1024,16793600,16793600,2048,1024,256,3,0,82,4.8245120048522949,0.058835512254296278,4110.6056025964062,1
2026-08-16T21:23:18Z,NVIDIA H200 NVL,screen,uniform_0_1,gemv,lns,lns8_r3,8,4,3,fp64,fused,padded,thread_packet,4,8,1,1,4,none,fused_sum_lut_global,fused/padded/thread_packet/x4/fused_sum_lut_global,16384,1024,1024,16793600,16793600,2048,1024,256,3,1,82,4.8233599662780762,0.058821463003391174,4110.6056025964062,1
2026-08-16T21:23:18Z,NVIDIA H200 NVL,screen,uniform_0_1,gemv,lns,lns8_r3,8,4,3,fp64,fused,padded,thread_packet,4,8,1,1,4,none,fused_sum_lut_global,fused/padded/thread_packet/x4/fused_sum_lut_global,16384,1024,1024,16793600,16793600,2048,1024,256,3,2,82,4.8239998817443848,0.058829266850541274,4110.6056025964062,1
2026-08-16T21:23:18Z,NVIDIA H200 NVL,screen,uniform_0_1,dot,lns,lns8_r3,8,4,3,fp64,fused,padded,thread_packet,8,8,1,1,8,none,fused_sum_lut_global,fused/padded/thread_packet/x8/fused_sum_lut_global,16777216,0,1,33554432,33554432,2048,512,256,3,0,73,4.8745918273925781,0.066775230512227099,4202212.8581001824,1
2026-08-16T21:23:18Z,NVIDIA H200 NVL,screen,uniform_0_1,dot,lns,lns8_r3,8,4,3,fp64,fused,padded,thread_packet,8,8,1,1,8,none,fused_sum_lut_global,fused/padded/thread_packet/x8/fused_sum_lut_global,16777216,0,1,33554432,33554432,2048,512,256,3,1,73,4.8732161521911621,0.06675638564645428,4202212.8581001824,1
2026-08-16T21:23:18Z,NVIDIA H200 NVL,screen,uniform_0_1,dot,lns,lns8_r3,8,4,3,fp64,fused,padded,thread_packet,8,8,1,1,8,none,fused_sum_lut_global,fused/padded/thread_packet/x8/fused_sum_lut_global,16777216,0,1,33554432,33554432,2048,512,256,3,2,73,4.8736319541931152,0.066762081564289255,4202212.8581001824,1
2026-08-16T21:23:18Z,NVIDIA H200 NVL,screen,uniform_0_1,gemv,lns,lns8_r3,8,4,3,fp64,fused,padded,thread_packet,8,8,1,1,8,none,fused_sum_lut_global,fused/padded/thread_packet/x8/fused_sum_lut_global,16384,1024,1024,16793600,16793600,2048,1024,256,3,0,80,4.8032321929931641,0.060040402412414554,4110.6056025964062,1
2026-08-16T21:23:18Z,NVIDIA H200 NVL,screen,uniform_0_1,gemv,lns,lns8_r3,8,4,3,fp64,fused,padded,thread_packet,8,8,1,1,8,none,fused_sum_lut_global,fused/padded/thread_packet/x8/fused_sum_lut_global,16384,1024,1024,16793600,16793600,2048,1024,256,3,1,80,4.7982082366943359,0.059977602958679196,4110.6056025964062,1
2026-08-16T21:23:18Z,NVIDIA H200 NVL,screen,uniform_0_1,gemv,lns,lns8_r3,8,4,3,fp64,fused,padded,thread_packet,8,8,1,1,8,none,fused_sum_lut_global,fused/padded/thread_packet/x8/fused_sum_lut_global,16384,1024,1024,16793600,16793600,2048,1024,256,3,2,80,4.7986240386962891,0.059982800483703615,4110.6056025964062,1
2026-08-16T21:23:18Z,NVIDIA H200 NVL,screen,uniform_0_1,dot,lns,lns8_r3,8,4,3,fp64,fused,padded,scalar,1,8,1,1,1,none,fused_sum_lut_shared,fused/padded/scalar/x1/fused_sum_lut_shared,16777216,0,1,33554432,33554432,2048,512,256,3,0,75,4.8634881973266602,0.064846509297688801,4202212.8581001824,1
2026-08-16T21:23:18Z,NVIDIA H200 NVL,screen,uniform_0_1,dot,lns,lns8_r3,8,4,3,fp64,fused,padded,scalar,1,8,1,1,1,none,fused_sum_lut_shared,fused/padded/scalar/x1/fused_sum_lut_shared,16777216,0,1,33554432,33554432,2048,512,256,3,1,75,4.8617281913757324,0.064823042551676438,4202212.8581001824,1
2026-08-16T21:23:18Z,NVIDIA H200 NVL,screen,uniform_0_1,dot,lns,lns8_r3,8,4,3,fp64,fused,padded,scalar,1,8,1,1,1,none,fused_sum_lut_shared,fused/padded/scalar/x1/fused_sum_lut_shared,16777216,0,1,33554432,33554432,2048,512,256,3,2,75,4.8614401817321777,0.064819202423095704,4202212.8581001824,1
2026-08-16T21:23:18Z,NVIDIA H200 NVL,screen,uniform_0_1,gemv,lns,lns8_r3,8,4,3,fp64,fused,padded,scalar,1,8,1,1,1,none,fused_sum_lut_shared,fused/padded/scalar/x1/fused_sum_lut_shared,16384,1024,1024,16793600,16793600,2048,1024,256,3,0,84,4.8360638618469238,0.057572188831510995,4110.6056025964062,1
2026-08-16T21:23:18Z,NVIDIA H200 NVL,screen,uniform_0_1,gemv,lns,lns8_r3,8,4,3,fp64,fused,padded,scalar,1,8,1,1,1,none,fused_sum_lut_shared,fused/padded/scalar/x1/fused_sum_lut_shared,16384,1024,1024,16793600,16793600,2048,1024,256,3,1,84,4.839968204498291,0.057618669101170132,4110.6056025964062,1
2026-08-16T21:23:18Z,NVIDIA H200 NVL,screen,uniform_0_1,gemv,lns,lns8_r3,8,4,3,fp64,fused,padded,scalar,1,8,1,1,1,none,fused_sum_lut_shared,fused/padded/scalar/x1/fused_sum_lut_shared,16384,1024,1024,16793600,16793600,2048,1024,256,3,2,84,4.8360958099365234,0.05757256916591099,4110.6056025964062,1
2026-08-16T21:23:18Z,NVIDIA H200 NVL,screen,uniform_0_1,dot,lns,lns8_r3,8,4,3,fp64,fused,padded,thread_packet,2,8,1,1,2,none,fused_sum_lut_shared,fused/padded/thread_packet/x2/fused_sum_lut_shared,16777216,0,1,33554432,33554432,2048,512,256,3,0,73,4.8764481544494629,0.066800659649992641,4202212.8581001824,1
2026-08-16T21:23:18Z,NVIDIA H200 NVL,screen,uniform_0_1,dot,lns,lns8_r3,8,4,3,fp64,fused,padded,thread_packet,2,8,1,1,2,none,fused_sum_lut_shared,fused/padded/thread_packet/x2/fused_sum_lut_shared,16777216,0,1,33554432,33554432,2048,512,256,3,1,73,4.8755841255187988,0.066788823637243824,4202212.8581001824,1
2026-08-16T21:23:18Z,NVIDIA H200 NVL,screen,uniform_0_1,dot,lns,lns8_r3,8,4,3,fp64,fused,padded,thread_packet,2,8,1,1,2,none,fused_sum_lut_shared,fused/padded/thread_packet/x2/fused_sum_lut_shared,16777216,0,1,33554432,33554432,2048,512,256,3,2,73,4.8779840469360352,0.066821699273096377,4202212.8581001824,1
2026-08-16T21:23:18Z,NVIDIA H200 NVL,screen,uniform_0_1,gemv,lns,lns8_r3,8,4,3,fp64,fused,padded,thread_packet,2,8,1,1,2,none,fused_sum_lut_shared,fused/padded/thread_packet/x2/fused_sum_lut_shared,16384,1024,1024,16793600,16793600,2048,1024,256,3,0,80,4.831967830657959,0.060399597883224486,4110.6056025964062,1
2026-08-16T21:23:18Z,NVIDIA H200 NVL,screen,uniform_0_1,gemv,lns,lns8_r3,8,4,3,fp64,fused,padded,thread_packet,2,8,1,1,2,none,fused_sum_lut_shared,fused/padded/thread_packet/x2/fused_sum_lut_shared,16384,1024,1024,16793600,16793600,2048,1024,256,3,1,80,4.832064151763916,0.060400801897048953,4110.6056025964062,1
2026-08-16T21:23:18Z,NVIDIA H200 NVL,screen,uniform_0_1,gemv,lns,lns8_r3,8,4,3,fp64,fused,padded,thread_packet,2,8,1,1,2,none,fused_sum_lut_shared,fused/padded/thread_packet/x2/fused_sum_lut_shared,16384,1024,1024,16793600,16793600,2048,1024,256,3,2,80,4.832831859588623,0.060410398244857791,4110.6056025964062,1
2026-08-16T21:23:18Z,NVIDIA H200 NVL,screen,uniform_0_1,dot,lns,lns8_r3,8,4,3,fp64,fused,padded,thread_packet,4,8,1,1,4,none,fused_sum_lut_shared,fused/padded/thread_packet/x4/fused_sum_lut_shared,16777216,0,1,33554432,33554432,2048,512,256,3,0,77,4.880767822265625,0.063386595094358761,4202212.8581001833,1
2026-08-16T21:23:18Z,NVIDIA H200 NVL,screen,uniform_0_1,dot,lns,lns8_r3,8,4,3,fp64,fused,padded,thread_packet,4,8,1,1,4,none,fused_sum_lut_shared,fused/padded/thread_packet/x4/fused_sum_lut_shared,16777216,0,1,33554432,33554432,2048,512,256,3,1,77,4.8822078704833984,0.063405297019264908,4202212.8581001833,1
2026-08-16T21:23:18Z,NVIDIA H200 NVL,screen,uniform_0_1,dot,lns,lns8_r3,8,4,3,fp64,fused,padded,thread_packet,4,8,1,1,4,none,fused_sum_lut_shared,fused/padded/thread_packet/x4/fused_sum_lut_shared,16777216,0,1,33554432,33554432,2048,512,256,3,2,77,4.8792319297790527,0.063366648438688999,4202212.8581001833,1
2026-08-16T21:23:18Z,NVIDIA H200 NVL,screen,uniform_0_1,gemv,lns,lns8_r3,8,4,3,fp64,fused,padded,thread_packet,4,8,1,1,4,none,fused_sum_lut_shared,fused/padded/thread_packet/x4/fused_sum_lut_shared,16384,1024,1024,16793600,16793600,2048,1024,256,3,0,84,4.8196158409118652,0.057376379058474584,4110.6056025964062,1
2026-08-16T21:23:18Z,NVIDIA H200 NVL,screen,uniform_0_1,gemv,lns,lns8_r3,8,4,3,fp64,fused,padded,thread_packet,4,8,1,1,4,none,fused_sum_lut_shared,fused/padded/thread_packet/x4/fused_sum_lut_shared,16384,1024,1024,16793600,16793600,2048,1024,256,3,1,84,4.818687915802002,0.057365332330976217,4110.6056025964062,1
2026-08-16T21:23:18Z,NVIDIA H200 NVL,screen,uniform_0_1,gemv,lns,lns8_r3,8,4,3,fp64,fused,padded,thread_packet,4,8,1,1,4,none,fused_sum_lut_shared,fused/padded/thread_packet/x4/fused_sum_lut_shared,16384,1024,1024,16793600,16793600,2048,1024,256,3,2,84,4.8453121185302734,0.057682287125360401,4110.6056025964062,1
2026-08-16T21:23:18Z,NVIDIA H200 NVL,screen,uniform_0_1,dot,lns,lns8_r3,8,4,3,fp64,fused,padded,thread_packet,8,8,1,1,8,none,fused_sum_lut_shared,fused/padded/thread_packet/x8/fused_sum_lut_shared,16777216,0,1,33554432,33554432,2048,512,256,3,0,75,4.899263858795166,0.065323518117268886,4202212.8581001824,1
2026-08-16T21:23:18Z,NVIDIA H200 NVL,screen,uniform_0_1,dot,lns,lns8_r3,8,4,3,fp64,fused,padded,thread_packet,8,8,1,1,8,none,fused_sum_lut_shared,fused/padded/thread_packet/x8/fused_sum_lut_shared,16777216,0,1,33554432,33554432,2048,512,256,3,1,75,4.8993282318115234,0.065324376424153646,4202212.8581001824,1
2026-08-16T21:23:18Z,NVIDIA H200 NVL,screen,uniform_0_1,dot,lns,lns8_r3,8,4,3,fp64,fused,padded,thread_packet,8,8,1,1,8,none,fused_sum_lut_shared,fused/padded/thread_packet/x8/fused_sum_lut_shared,16777216,0,1,33554432,33554432,2048,512,256,3,2,75,4.8976001739501953,0.065301335652669268,4202212.8581001824,1
2026-08-16T21:23:18Z,NVIDIA H200 NVL,screen,uniform_0_1,gemv,lns,lns8_r3,8,4,3,fp64,fused,padded,thread_packet,8,8,1,1,8,none,fused_sum_lut_shared,fused/padded/thread_packet/x8/fused_sum_lut_shared,16384,1024,1024,16793600,16793600,2048,1024,256,3,0,82,4.8327999114990234,0.05893658428657346,4110.6056025964062,1
2026-08-16T21:23:18Z,NVIDIA H200 NVL,screen,uniform_0_1,gemv,lns,lns8_r3,8,4,3,fp64,fused,padded,thread_packet,8,8,1,1,8,none,fused_sum_lut_shared,fused/padded/thread_packet/x8/fused_sum_lut_shared,16384,1024,1024,16793600,16793600,2048,1024,256,3,1,82,4.8298559188842773,0.058900681937613136,4110.6056025964062,1
2026-08-16T21:23:18Z,NVIDIA H200 NVL,screen,uniform_0_1,gemv,lns,lns8_r3,8,4,3,fp64,fused,padded,thread_packet,8,8,1,1,8,none,fused_sum_lut_shared,fused/padded/thread_packet/x8/fused_sum_lut_shared,16384,1024,1024,16793600,16793600,2048,1024,256,3,2,82,4.829279899597168,0.058893657312160584,4110.6056025964062,1
2026-08-16T21:23:18Z,NVIDIA H200 NVL,screen,normal_0_1,dot,lns,lns8_r3,8,4,3,fp32,ordinary,padded,scalar,1,8,1,1,1,none,reference_exp2,ordinary/padded/scalar/x1/reference_exp2,16777216,0,1,33554432,33554432,0,512,256,3,0,89,4.7083520889282227,0.052902832459867669,-2524.59814453125,1
2026-08-16T21:23:18Z,NVIDIA H200 NVL,screen,normal_0_1,dot,lns,lns8_r3,8,4,3,fp32,ordinary,padded,scalar,1,8,1,1,1,none,reference_exp2,ordinary/padded/scalar/x1/reference_exp2,16777216,0,1,33554432,33554432,0,512,256,3,1,89,4.6945600509643555,0.052747865741172531,-2524.59814453125,1
2026-08-16T21:23:18Z,NVIDIA H200 NVL,screen,normal_0_1,dot,lns,lns8_r3,8,4,3,fp32,ordinary,padded,scalar,1,8,1,1,1,none,reference_exp2,ordinary/padded/scalar/x1/reference_exp2,16777216,0,1,33554432,33554432,0,512,256,3,2,89,4.6893119812011719,0.052688898665181706,-2524.59814453125,1
2026-08-16T21:23:18Z,NVIDIA H200 NVL,screen,normal_0_1,gemv,lns,lns8_r3,8,4,3,fp32,ordinary,padded,scalar,1,8,1,1,1,none,reference_exp2,ordinary/padded/scalar/x1/reference_exp2,16384,1024,1024,16793600,16793600,0,1024,256,3,0,96,4.8282561302185059,0.0502943346897761,-49.242771148681641,1
2026-08-16T21:23:18Z,NVIDIA H200 NVL,screen,normal_0_1,gemv,lns,lns8_r3,8,4,3,fp32,ordinary,padded,scalar,1,8,1,1,1,none,reference_exp2,ordinary/padded/scalar/x1/reference_exp2,16384,1024,1024,16793600,16793600,0,1024,256,3,1,96,4.8339200019836426,0.050353333353996277,-49.242771148681641,1
2026-08-16T21:23:18Z,NVIDIA H200 NVL,screen,normal_0_1,gemv,lns,lns8_r3,8,4,3,fp32,ordinary,padded,scalar,1,8,1,1,1,none,reference_exp2,ordinary/padded/scalar/x1/reference_exp2,16384,1024,1024,16793600,16793600,0,1024,256,3,2,96,4.8317117691040039,0.05033033092816671,-49.242771148681641,1
2026-08-16T21:23:18Z,NVIDIA H200 NVL,screen,normal_0_1,dot,lns,lns8_r3,8,4,3,fp32,fused,padded,scalar,1,8,1,1,1,none,reference_exp2,fused/padded/scalar/x1/reference_exp2,16777216,0,1,33554432,33554432,0,512,256,3,0,75,4.8063678741455078,0.064084904988606764,-2524.5986328125,1
2026-08-16T21:23:18Z,NVIDIA H200 NVL,screen,normal_0_1,dot,lns,lns8_r3,8,4,3,fp32,fused,padded,scalar,1,8,1,1,1,none,reference_exp2,fused/padded/scalar/x1/reference_exp2,16777216,0,1,33554432,33554432,0,512,256,3,1,75,4.8042559623718262,0.064056746164957684,-2524.5986328125,1
2026-08-16T21:23:18Z,NVIDIA H200 NVL,screen,normal_0_1,dot,lns,lns8_r3,8,4,3,fp32,fused,padded,scalar,1,8,1,1,1,none,reference_exp2,fused/padded/scalar/x1/reference_exp2,16777216,0,1,33554432,33554432,0,512,256,3,2,75,4.8038082122802734,0.064050776163736986,-2524.5986328125,1
2026-08-16T21:23:18Z,NVIDIA H200 NVL,screen,normal_0_1,gemv,lns,lns8_r3,8,4,3,fp32,fused,padded,scalar,1,8,1,1,1,none,reference_exp2,fused/padded/scalar/x1/reference_exp2,16384,1024,1024,16793600,16793600,0,1024,256,3,0,81,4.874783992767334,0.060182518429226346,-49.242790222167969,1
2026-08-16T21:23:18Z,NVIDIA H200 NVL,screen,normal_0_1,gemv,lns,lns8_r3,8,4,3,fp32,fused,padded,scalar,1,8,1,1,1,none,reference_exp2,fused/padded/scalar/x1/reference_exp2,16384,1024,1024,16793600,16793600,0,1024,256,3,1,81,4.8713278770446777,0.060139850333884907,-49.242790222167969,1
2026-08-16T21:23:18Z,NVIDIA H200 NVL,screen,normal_0_1,gemv,lns,lns8_r3,8,4,3,fp32,fused,padded,scalar,1,8,1,1,1,none,reference_exp2,fused/padded/scalar/x1/reference_exp2,16384,1024,1024,16793600,16793600,0,1024,256,3,2,81,4.8724799156188965,0.060154073032332056,-49.242790222167969,1
2026-08-16T21:23:18Z,NVIDIA H200 NVL,screen,normal_0_1,dot,lns,lns8_r3,8,4,3,fp32,ordinary,padded,scalar,1,8,1,1,1,none,ex2_approx,ordinary/padded/scalar/x1/ex2_approx,16777216,0,1,33554432,33554432,0,512,256,3,0,91,4.7949762344360352,0.052692046532264121,-2524.59814453125,1
2026-08-16T21:23:18Z,NVIDIA H200 NVL,screen,normal_0_1,dot,lns,lns8_r3,8,4,3,fp32,ordinary,padded,scalar,1,8,1,1,1,none,ex2_approx,ordinary/padded/scalar/x1/ex2_approx,16777216,0,1,33554432,33554432,0,512,256,3,1,91,4.7865281105041504,0.052599210005540117,-2524.59814453125,1
2026-08-16T21:23:18Z,NVIDIA H200 NVL,screen,normal_0_1,dot,lns,lns8_r3,8,4,3,fp32,ordinary,padded,scalar,1,8,1,1,1,none,ex2_approx,ordinary/padded/scalar/x1/ex2_approx,16777216,0,1,33554432,33554432,0,512,256,3,2,91,4.7857918739318848,0.052591119493756978,-2524.59814453125,1
2026-08-16T21:23:18Z,NVIDIA H200 NVL,screen,normal_0_1,gemv,lns,lns8_r3,8,4,3,fp32,ordinary,padded,scalar,1,8,1,1,1,none,ex2_approx,ordinary/padded/scalar/x1/ex2_approx,16384,1024,1024,16793600,16793600,0,1024,256,3,0,96,4.8130240440368652,0.050135667125384011,-49.242771148681641,1
2026-08-16T21:23:18Z,NVIDIA H200 NVL,screen,normal_0_1,gemv,lns,lns8_r3,8,4,3,fp32,ordinary,padded,scalar,1,8,1,1,1,none,ex2_approx,ordinary/padded/scalar/x1/ex2_approx,16384,1024,1024,16793600,16793600,0,1024,256,3,1,96,4.8177280426025391,0.050184667110443115,-49.242771148681641,1
2026-08-16T21:23:18Z,NVIDIA H200 NVL,screen,normal_0_1,gemv,lns,lns8_r3,8,4,3,fp32,ordinary,padded,scalar,1,8,1,1,1,none,ex2_approx,ordinary/padded/scalar/x1/ex2_approx,16384,1024,1024,16793600,16793600,0,1024,256,3,2,96,4.8200321197509766,0.05020866791407267,-49.242771148681641,1
2026-08-16T21:23:18Z,NVIDIA H200 NVL,screen,normal_0_1,dot,lns,lns8_r3,8,4,3,fp32,ordinary,padded,thread_packet,2,8,1,1,2,none,ex2_approx,ordinary/padded/thread_packet/x2/ex2_approx,16777216,0,1,33554432,33554432,0,512,256,3,0,92,4.8184638023376465,0.052374606547148331,-2524.60107421875,1
2026-08-16T21:23:18Z,NVIDIA H200 NVL,screen,normal_0_1,dot,lns,lns8_r3,8,4,3,fp32,ordinary,padded,thread_packet,2,8,1,1,2,none,ex2_approx,ordinary/padded/thread_packet/x2/ex2_approx,16777216,0,1,33554432,33554432,0,512,256,3,1,92,4.8204798698425293,0.05239652032437532,-2524.60107421875,1
2026-08-16T21:23:18Z,NVIDIA H200 NVL,screen,normal_0_1,dot,lns,lns8_r3,8,4,3,fp32,ordinary,padded,thread_packet,2,8,1,1,2,none,ex2_approx,ordinary/padded/thread_packet/x2/ex2_approx,16777216,0,1,33554432,33554432,0,512,256,3,2,92,4.8182401657104492,0.052372175714244011,-2524.60107421875,1
2026-08-16T21:23:18Z,NVIDIA H200 NVL,screen,normal_0_1,gemv,lns,lns8_r3,8,4,3,fp32,ordinary,padded,thread_packet,2,8,1,1,2,none,ex2_approx,ordinary/padded/thread_packet/x2/ex2_approx,16384,1024,1024,16793600,16793600,0,1024,256,3,0,100,4.7770881652832031,0.047770881652832033,-49.242767333984375,1
2026-08-16T21:23:18Z,NVIDIA H200 NVL,screen,normal_0_1,gemv,lns,lns8_r3,8,4,3,fp32,ordinary,padded,thread_packet,2,8,1,1,2,none,ex2_approx,ordinary/padded/thread_packet/x2/ex2_approx,16384,1024,1024,16793600,16793600,0,1024,256,3,1,100,4.7788162231445312,0.047788162231445309,-49.242767333984375,1
2026-08-16T21:23:18Z,NVIDIA H200 NVL,screen,normal_0_1,gemv,lns,lns8_r3,8,4,3,fp32,ordinary,padded,thread_packet,2,8,1,1,2,none,ex2_approx,ordinary/padded/thread_packet/x2/ex2_approx,16384,1024,1024,16793600,16793600,0,1024,256,3,2,100,4.7775359153747559,0.04777535915374756,-49.242767333984375,1
2026-08-16T21:23:18Z,NVIDIA H200 NVL,screen,normal_0_1,dot,lns,lns8_r3,8,4,3,fp32,ordinary,padded,thread_packet,4,8,1,1,4,none,ex2_approx,ordinary/padded/thread_packet/x4/ex2_approx,16777216,0,1,33554432,33554432,0,512,256,3,0,98,4.8073921203613281,0.049055021636340082,-2524.59912109375,1
2026-08-16T21:23:18Z,NVIDIA H200 NVL,screen,normal_0_1,dot,lns,lns8_r3,8,4,3,fp32,ordinary,padded,thread_packet,4,8,1,1,4,none,ex2_approx,ordinary/padded/thread_packet/x4/ex2_approx,16777216,0,1,33554432,33554432,0,512,256,3,1,98,4.812863826751709,0.049110855375017436,-2524.59912109375,1
2026-08-16T21:23:18Z,NVIDIA H200 NVL,screen,normal_0_1,dot,lns,lns8_r3,8,4,3,fp32,ordinary,padded,thread_packet,4,8,1,1,4,none,ex2_approx,ordinary/padded/thread_packet/x4/ex2_approx,16777216,0,1,33554432,33554432,0,512,256,3,2,98,4.809567928314209,0.049077223758308253,-2524.59912109375,1
2026-08-16T21:23:18Z,NVIDIA H200 NVL,screen,normal_0_1,gemv,lns,lns8_r3,8,4,3,fp32,ordinary,padded,thread_packet,4,8,1,1,4,none,ex2_approx,ordinary/padded/thread_packet/x4/ex2_approx,16384,1024,1024,16793600,16793600,0,1024,256,3,0,109,4.7743039131164551,0.043800953331343623,-49.242774963378906,1
2026-08-16T21:23:18Z,NVIDIA H200 NVL,screen,normal_0_1,gemv,lns,lns8_r3,8,4,3,fp32,ordinary,padded,thread_packet,4,8,1,1,4,none,ex2_approx,ordinary/padded/thread_packet/x4/ex2_approx,16384,1024,1024,16793600,16793600,0,1024,256,3,1,109,4.7724480628967285,0.043783927182538797,-49.242774963378906,1
2026-08-16T21:23:18Z,NVIDIA H200 NVL,screen,normal_0_1,gemv,lns,lns8_r3,8,4,3,fp32,ordinary,padded,thread_packet,4,8,1,1,4,none,ex2_approx,ordinary/padded/thread_packet/x4/ex2_approx,16384,1024,1024,16793600,16793600,0,1024,256,3,2,109,4.7723522186279297,0.043783047877320458,-49.242774963378906,1
2026-08-16T21:23:18Z,NVIDIA H200 NVL,screen,normal_0_1,dot,lns,lns8_r3,8,4,3,fp32,ordinary,padded,thread_packet,8,8,1,1,8,none,ex2_approx,ordinary/padded/thread_packet/x8/ex2_approx,16777216,0,1,33554432,33554432,0,512,256,3,0,94,4.7992639541625977,0.051055999512368062,-2524.59765625,1
2026-08-16T21:23:18Z,NVIDIA H200 NVL,screen,normal_0_1,dot,lns,lns8_r3,8,4,3,fp32,ordinary,padded,thread_packet,8,8,1,1,8,none,ex2_approx,ordinary/padded/thread_packet/x8/ex2_approx,16777216,0,1,33554432,33554432,0,512,256,3,1,94,4.8001599311828613,0.0510655311827964,-2524.59765625,1
2026-08-16T21:23:18Z,NVIDIA H200 NVL,screen,normal_0_1,dot,lns,lns8_r3,8,4,3,fp32,ordinary,padded,thread_packet,8,8,1,1,8,none,ex2_approx,ordinary/padded/thread_packet/x8/ex2_approx,16777216,0,1,33554432,33554432,0,512,256,3,2,94,4.7986879348754883,0.051049871647611579,-2524.59765625,1
2026-08-16T21:23:18Z,NVIDIA H200 NVL,screen,normal_0_1,gemv,lns,lns8_r3,8,4,3,fp32,ordinary,padded,thread_packet,8,8,1,1,8,none,ex2_approx,ordinary/padded/thread_packet/x8/ex2_approx,16384,1024,1024,16793600,16793600,0,1024,256,3,0,106,4.8159360885620117,0.045433359326056716,-49.242759704589844,1
2026-08-16T21:23:18Z,NVIDIA H200 NVL,screen,normal_0_1,gemv,lns,lns8_r3,8,4,3,fp32,ordinary,padded,thread_packet,8,8,1,1,8,none,ex2_approx,ordinary/padded/thread_packet/x8/ex2_approx,16384,1024,1024,16793600,16793600,0,1024,256,3,1,106,4.8037118911743164,0.045318036709191663,-49.242759704589844,1
2026-08-16T21:23:18Z,NVIDIA H200 NVL,screen,normal_0_1,gemv,lns,lns8_r3,8,4,3,fp32,ordinary,padded,thread_packet,8,8,1,1,8,none,ex2_approx,ordinary/padded/thread_packet/x8/ex2_approx,16384,1024,1024,16793600,16793600,0,1024,256,3,2,106,4.8028478622436523,0.045309885492864646,-49.242759704589844,1
2026-08-16T21:23:18Z,NVIDIA H200 NVL,screen,normal_0_1,dot,lns,lns8_r3,8,4,3,fp32,fused,padded,scalar,1,8,1,1,1,none,ex2_approx,fused/padded/scalar/x1/ex2_approx,16777216,0,1,33554432,33554432,0,512,256,3,0,76,4.8720002174377441,0.064105266018917681,-2524.5986328125,1
2026-08-16T21:23:18Z,NVIDIA H200 NVL,screen,normal_0_1,dot,lns,lns8_r3,8,4,3,fp32,fused,padded,scalar,1,8,1,1,1,none,ex2_approx,fused/padded/scalar/x1/ex2_approx,16777216,0,1,33554432,33554432,0,512,256,3,1,76,4.8658242225646973,0.064024002928482857,-2524.5986328125,1
2026-08-16T21:23:18Z,NVIDIA H200 NVL,screen,normal_0_1,dot,lns,lns8_r3,8,4,3,fp32,fused,padded,scalar,1,8,1,1,1,none,ex2_approx,fused/padded/scalar/x1/ex2_approx,16777216,0,1,33554432,33554432,0,512,256,3,2,76,4.8661441802978516,0.064028212898655942,-2524.5986328125,1
2026-08-16T21:23:18Z,NVIDIA H200 NVL,screen,normal_0_1,gemv,lns,lns8_r3,8,4,3,fp32,fused,padded,scalar,1,8,1,1,1,none,ex2_approx,fused/padded/scalar/x1/ex2_approx,16384,1024,1024,16793600,16793600,0,1024,256,3,0,81,4.8769922256469727,0.06020978056354287,-49.242790222167969,1
2026-08-16T21:23:18Z,NVIDIA H200 NVL,screen,normal_0_1,gemv,lns,lns8_r3,8,4,3,fp32,fused,padded,scalar,1,8,1,1,1,none,ex2_approx,fused/padded/scalar/x1/ex2_approx,16384,1024,1024,16793600,16793600,0,1024,256,3,1,81,4.8748478889465332,0.060183307270944855,-49.242790222167969,1
2026-08-16T21:23:18Z,NVIDIA H200 NVL,screen,normal_0_1,gemv,lns,lns8_r3,8,4,3,fp32,fused,padded,scalar,1,8,1,1,1,none,ex2_approx,fused/padded/scalar/x1/ex2_approx,16384,1024,1024,16793600,16793600,0,1024,256,3,2,81,4.8736319541931152,0.060168295730779198,-49.242790222167969,1
2026-08-16T21:23:18Z,NVIDIA H200 NVL,screen,normal_0_1,dot,lns,lns8_r3,8,4,3,fp32,fused,padded,thread_packet,2,8,1,1,2,none,ex2_approx,fused/padded/thread_packet/x2/ex2_approx,16777216,0,1,33554432,33554432,0,512,256,3,0,73,4.8548479080200195,0.066504765863287935,-2524.60205078125,1
2026-08-16T21:23:18Z,NVIDIA H200 NVL,screen,normal_0_1,dot,lns,lns8_r3,8,4,3,fp32,fused,padded,thread_packet,2,8,1,1,2,none,ex2_approx,fused/padded/thread_packet/x2/ex2_approx,16777216,0,1,33554432,33554432,0,512,256,3,1,73,4.8567681312561035,0.066531070291179495,-2524.60205078125,1
2026-08-16T21:23:18Z,NVIDIA H200 NVL,screen,normal_0_1,dot,lns,lns8_r3,8,4,3,fp32,fused,padded,thread_packet,2,8,1,1,2,none,ex2_approx,fused/padded/thread_packet/x2/ex2_approx,16777216,0,1,33554432,33554432,0,512,256,3,2,73,4.8553600311279297,0.066511781248327809,-2524.60205078125,1
2026-08-16T21:23:18Z,NVIDIA H200 NVL,screen,normal_0_1,gemv,lns,lns8_r3,8,4,3,fp32,fused,padded,thread_packet,2,8,1,1,2,none,ex2_approx,fused/padded/thread_packet/x2/ex2_approx,16384,1024,1024,16793600,16793600,0,1024,256,3,0,81,4.8319997787475586,0.059654318256142702,-49.242767333984375,1
2026-08-16T21:23:18Z,NVIDIA H200 NVL,screen,normal_0_1,gemv,lns,lns8_r3,8,4,3,fp32,fused,padded,thread_packet,2,8,1,1,2,none,ex2_approx,fused/padded/thread_packet/x2/ex2_approx,16384,1024,1024,16793600,16793600,0,1024,256,3,1,81,4.8323521614074707,0.059658668659351488,-49.242767333984375,1
2026-08-16T21:23:18Z,NVIDIA H200 NVL,screen,normal_0_1,gemv,lns,lns8_r3,8,4,3,fp32,fused,padded,thread_packet,2,8,1,1,2,none,ex2_approx,fused/padded/thread_packet/x2/ex2_approx,16384,1024,1024,16793600,16793600,0,1024,256,3,2,81,4.8331518173217773,0.059668540954589844,-49.242767333984375,1
2026-08-16T21:23:18Z,NVIDIA H200 NVL,screen,normal_0_1,dot,lns,lns8_r3,8,4,3,fp32,fused,padded,thread_packet,4,8,1,1,4,none,ex2_approx,fused/padded/thread_packet/x4/ex2_approx,16777216,0,1,33554432,33554432,0,512,256,3,0,78,4.8923521041870117,0.062722462874192461,-2524.60009765625,1
2026-08-16T21:23:18Z,NVIDIA H200 NVL,screen,normal_0_1,dot,lns,lns8_r3,8,4,3,fp32,fused,padded,thread_packet,4,8,1,1,4,none,ex2_approx,fused/padded/thread_packet/x4/ex2_approx,16777216,0,1,33554432,33554432,0,512,256,3,1,78,4.8922238349914551,0.06272081839732635,-2524.60009765625,1
2026-08-16T21:23:18Z,NVIDIA H200 NVL,screen,normal_0_1,dot,lns,lns8_r3,8,4,3,fp32,fused,padded,thread_packet,4,8,1,1,4,none,ex2_approx,fused/padded/thread_packet/x4/ex2_approx,16777216,0,1,33554432,33554432,0,512,256,3,2,78,4.8907198905944824,0.06270153705890362,-2524.60009765625,1
2026-08-16T21:23:18Z,NVIDIA H200 NVL,screen,normal_0_1,gemv,lns,lns8_r3,8,4,3,fp32,fused,padded,thread_packet,4,8,1,1,4,none,ex2_approx,fused/padded/thread_packet/x4/ex2_approx,16384,1024,1024,16793600,16793600,0,1024,256,3,0,85,4.8138561248779297,0.056633601469152112,-49.242771148681641,1
2026-08-16T21:23:18Z,NVIDIA H200 NVL,screen,normal_0_1,gemv,lns,lns8_r3,8,4,3,fp32,fused,padded,thread_packet,4,8,1,1,4,none,ex2_approx,fused/padded/thread_packet/x4/ex2_approx,16384,1024,1024,16793600,16793600,0,1024,256,3,1,85,4.8142399787902832,0.056638117397532745,-49.242771148681641,1
2026-08-16T21:23:18Z,NVIDIA H200 NVL,screen,normal_0_1,gemv,lns,lns8_r3,8,4,3,fp32,fused,padded,thread_packet,4,8,1,1,4,none,ex2_approx,fused/padded/thread_packet/x4/ex2_approx,16384,1024,1024,16793600,16793600,0,1024,256,3,2,85,4.8112640380859375,0.056603106330422794,-49.242771148681641,1
2026-08-16T21:23:18Z,NVIDIA H200 NVL,screen,normal_0_1,dot,lns,lns8_r3,8,4,3,fp32,fused,padded,thread_packet,8,8,1,1,8,none,ex2_approx,fused/padded/thread_packet/x8/ex2_approx,16777216,0,1,33554432,33554432,0,512,256,3,0,76,4.8700799942016602,0.064079999923706055,-2524.597412109375,1
2026-08-16T21:23:18Z,NVIDIA H200 NVL,screen,normal_0_1,dot,lns,lns8_r3,8,4,3,fp32,fused,padded,thread_packet,8,8,1,1,8,none,ex2_approx,fused/padded/thread_packet/x8/ex2_approx,16777216,0,1,33554432,33554432,0,512,256,3,1,76,4.8686079978942871,0.064060631551240615,-2524.597412109375,1
2026-08-16T21:23:18Z,NVIDIA H200 NVL,screen,normal_0_1,dot,lns,lns8_r3,8,4,3,fp32,fused,padded,thread_packet,8,8,1,1,8,none,ex2_approx,fused/padded/thread_packet/x8/ex2_approx,16777216,0,1,33554432,33554432,0,512,256,3,2,76,4.8697919845581055,0.064076210323132973,-2524.597412109375,1
2026-08-16T21:23:18Z,NVIDIA H200 NVL,screen,normal_0_1,gemv,lns,lns8_r3,8,4,3,fp32,fused,padded,thread_packet,8,8,1,1,8,none,ex2_approx,fused/padded/thread_packet/x8/ex2_approx,16384,1024,1024,16793600,16793600,0,1024,256,3,0,83,4.7872638702392578,0.05767787795468985,-49.242748260498047,1
2026-08-16T21:23:18Z,NVIDIA H200 NVL,screen,normal_0_1,gemv,lns,lns8_r3,8,4,3,fp32,fused,padded,thread_packet,8,8,1,1,8,none,ex2_approx,fused/padded/thread_packet/x8/ex2_approx,16384,1024,1024,16793600,16793600,0,1024,256,3,1,83,4.787168025970459,0.057676723204463362,-49.242748260498047,1
2026-08-16T21:23:18Z,NVIDIA H200 NVL,screen,normal_0_1,gemv,lns,lns8_r3,8,4,3,fp32,fused,padded,thread_packet,8,8,1,1,8,none,ex2_approx,fused/padded/thread_packet/x8/ex2_approx,16384,1024,1024,16793600,16793600,0,1024,256,3,2,83,4.7871041297912598,0.057675953370979034,-49.242748260498047,1
2026-08-16T21:23:18Z,NVIDIA H200 NVL,screen,normal_0_1,dot,lns,lns8_r3,8,4,3,fp32,ordinary,padded,scalar,1,8,1,1,1,none,full_lut_global,ordinary/padded/scalar/x1/full_lut_global,16777216,0,1,33554432,33554432,1024,512,256,3,0,132,4.7243838310241699,0.035790786598667954,-2524.599609375,1
2026-08-16T21:23:18Z,NVIDIA H200 NVL,screen,normal_0_1,dot,lns,lns8_r3,8,4,3,fp32,ordinary,padded,scalar,1,8,1,1,1,none,full_lut_global,ordinary/padded/scalar/x1/full_lut_global,16777216,0,1,33554432,33554432,1024,512,256,3,1,132,4.7276802062988281,0.035815759138627487,-2524.599609375,1
2026-08-16T21:23:18Z,NVIDIA H200 NVL,screen,normal_0_1,dot,lns,lns8_r3,8,4,3,fp32,ordinary,padded,scalar,1,8,1,1,1,none,full_lut_global,ordinary/padded/scalar/x1/full_lut_global,16777216,0,1,33554432,33554432,1024,512,256,3,2,132,4.7243838310241699,0.035790786598667954,-2524.599609375,1
2026-08-16T21:23:18Z,NVIDIA H200 NVL,screen,normal_0_1,gemv,lns,lns8_r3,8,4,3,fp32,ordinary,padded,scalar,1,8,1,1,1,none,full_lut_global,ordinary/padded/scalar/x1/full_lut_global,16384,1024,1024,16793600,16793600,1024,1024,256,3,0,190,4.5584959983825684,0.023992084202013517,-49.2427978515625,1
2026-08-16T21:23:18Z,NVIDIA H200 NVL,screen,normal_0_1,gemv,lns,lns8_r3,8,4,3,fp32,ordinary,padded,scalar,1,8,1,1,1,none,full_lut_global,ordinary/padded/scalar/x1/full_lut_global,16384,1024,1024,16793600,16793600,1024,1024,256,3,1,190,4.5575680732727051,0.023987200385645818,-49.2427978515625,1
2026-08-16T21:23:18Z,NVIDIA H200 NVL,screen,normal_0_1,gemv,lns,lns8_r3,8,4,3,fp32,ordinary,padded,scalar,1,8,1,1,1,none,full_lut_global,ordinary/padded/scalar/x1/full_lut_global,16384,1024,1024,16793600,16793600,1024,1024,256,3,2,190,4.5552639961242676,0.023975073663811935,-49.2427978515625,1
2026-08-16T21:23:18Z,NVIDIA H200 NVL,screen,normal_0_1,dot,lns,lns8_r3,8,4,3,fp32,ordinary,padded,thread_packet,2,8,1,1,2,none,full_lut_global,ordinary/padded/thread_packet/x2/full_lut_global,16777216,0,1,33554432,33554432,1024,512,256,3,0,182,4.6559357643127441,0.025582064639081012,-2524.60205078125,1
2026-08-16T21:23:18Z,NVIDIA H200 NVL,screen,normal_0_1,dot,lns,lns8_r3,8,4,3,fp32,ordinary,padded,thread_packet,2,8,1,1,2,none,full_lut_global,ordinary/padded/thread_packet/x2/full_lut_global,16777216,0,1,33554432,33554432,1024,512,256,3,1,182,4.6554880142211914,0.025579604473742811,-2524.60205078125,1
2026-08-16T21:23:18Z,NVIDIA H200 NVL,screen,normal_0_1,dot,lns,lns8_r3,8,4,3,fp32,ordinary,padded,thread_packet,2,8,1,1,2,none,full_lut_global,ordinary/padded/thread_packet/x2/full_lut_global,16777216,0,1,33554432,33554432,1024,512,256,3,2,182,4.6536321640014648,0.025569407494513544,-2524.60205078125,1
2026-08-16T21:23:18Z,NVIDIA H200 NVL,screen,normal_0_1,gemv,lns,lns8_r3,8,4,3,fp32,ordinary,padded,thread_packet,2,8,1,1,2,none,full_lut_global,ordinary/padded/thread_packet/x2/full_lut_global,16384,1024,1024,16793600,16793600,1024,1024,256,3,0,206,4.5196480751037598,0.021940039199532815,-49.242782592773438,1
2026-08-16T21:23:18Z,NVIDIA H200 NVL,screen,normal_0_1,gemv,lns,lns8_r3,8,4,3,fp32,ordinary,padded,thread_packet,2,8,1,1,2,none,full_lut_global,ordinary/padded/thread_packet/x2/full_lut_global,16384,1024,1024,16793600,16793600,1024,1024,256,3,1,206,4.5226240158081055,0.021954485513631581,-49.242782592773438,1
2026-08-16T21:23:18Z,NVIDIA H200 NVL,screen,normal_0_1,gemv,lns,lns8_r3,8,4,3,fp32,ordinary,padded,thread_packet,2,8,1,1,2,none,full_lut_global,ordinary/padded/thread_packet/x2/full_lut_global,16384,1024,1024,16793600,16793600,1024,1024,256,3,2,206,4.5213122367858887,0.021948117654300429,-49.242782592773438,1
2026-08-16T21:23:18Z,NVIDIA H200 NVL,screen,normal_0_1,dot,lns,lns8_r3,8,4,3,fp32,ordinary,padded,thread_packet,4,8,1,1,4,none,full_lut_global,ordinary/padded/thread_packet/x4/full_lut_global,16777216,0,1,33554432,33554432,1024,512,256,3,0,211,4.4199042320251465,0.020947413421920125,-2524.59912109375,1
2026-08-16T21:23:18Z,NVIDIA H200 NVL,screen,normal_0_1,dot,lns,lns8_r3,8,4,3,fp32,ordinary,padded,thread_packet,4,8,1,1,4,none,full_lut_global,ordinary/padded/thread_packet/x4/full_lut_global,16777216,0,1,33554432,33554432,1024,512,256,3,1,211,4.4196481704711914,0.020946199860053041,-2524.59912109375,1
2026-08-16T21:23:18Z,NVIDIA H200 NVL,screen,normal_0_1,dot,lns,lns8_r3,8,4,3,fp32,ordinary,padded,thread_packet,4,8,1,1,4,none,full_lut_global,ordinary/padded/thread_packet/x4/full_lut_global,16777216,0,1,33554432,33554432,1024,512,256,3,2,211,4.4348158836364746,0.021018084756570968,-2524.59912109375,1
2026-08-16T21:23:18Z,NVIDIA H200 NVL,screen,normal_0_1,gemv,lns,lns8_r3,8,4,3,fp32,ordinary,padded,thread_packet,4,8,1,1,4,none,full_lut_global,ordinary/padded/thread_packet/x4/full_lut_global,16384,1024,1024,16793600,16793600,1024,1024,256,3,0,240,4.4459519386291504,0.018524799744288126,-49.242782592773438,1
2026-08-16T21:23:18Z,NVIDIA H200 NVL,screen,normal_0_1,gemv,lns,lns8_r3,8,4,3,fp32,ordinary,padded,thread_packet,4,8,1,1,4,none,full_lut_global,ordinary/padded/thread_packet/x4/full_lut_global,16384,1024,1024,16793600,16793600,1024,1024,256,3,1,240,4.4248638153076172,0.01843693256378174,-49.242782592773438,1
2026-08-16T21:23:18Z,NVIDIA H200 NVL,screen,normal_0_1,gemv,lns,lns8_r3,8,4,3,fp32,ordinary,padded,thread_packet,4,8,1,1,4,none,full_lut_global,ordinary/padded/thread_packet/x4/full_lut_global,16384,1024,1024,16793600,16793600,1024,1024,256,3,2,240,4.4275197982788086,0.018447999159495035,-49.242782592773438,1
2026-08-16T21:23:18Z,NVIDIA H200 NVL,screen,normal_0_1,dot,lns,lns8_r3,8,4,3,fp32,ordinary,padded,thread_packet,8,8,1,1,8,none,full_lut_global,ordinary/padded/thread_packet/x8/full_lut_global,16777216,0,1,33554432,33554432,1024,512,256,3,0,215,4.6367678642272949,0.02156636215919672,-2524.598388671875,1
2026-08-16T21:23:18Z,NVIDIA H200 NVL,screen,normal_0_1,dot,lns,lns8_r3,8,4,3,fp32,ordinary,padded,thread_packet,8,8,1,1,8,none,full_lut_global,ordinary/padded/thread_packet/x8/full_lut_global,16777216,0,1,33554432,33554432,1024,512,256,3,1,215,4.6390719413757324,0.02157707879709643,-2524.598388671875,1
2026-08-16T21:23:18Z,NVIDIA H200 NVL,screen,normal_0_1,dot,lns,lns8_r3,8,4,3,fp32,ordinary,padded,thread_packet,8,8,1,1,8,none,full_lut_global,ordinary/padded/thread_packet/x8/full_lut_global,16777216,0,1,33554432,33554432,1024,512,256,3,2,215,4.642399787902832,0.021592557153036429,-2524.598388671875,1
2026-08-16T21:23:18Z,NVIDIA H200 NVL,screen,normal_0_1,gemv,lns,lns8_r3,8,4,3,fp32,ordinary,padded,thread_packet,8,8,1,1,8,none,full_lut_global,ordinary/padded/thread_packet/x8/full_lut_global,16384,1024,1024,16793600,16793600,1024,1024,256,3,0,239,4.3379840850830078,0.018150561025451914,-49.242744445800781,1
2026-08-16T21:23:18Z,NVIDIA H200 NVL,screen,normal_0_1,gemv,lns,lns8_r3,8,4,3,fp32,ordinary,padded,thread_packet,8,8,1,1,8,none,full_lut_global,ordinary/padded/thread_packet/x8/full_lut_global,16384,1024,1024,16793600,16793600,1024,1024,256,3,1,239,4.3409280776977539,0.01816287898618307,-49.242744445800781,1
2026-08-16T21:23:18Z,NVIDIA H200 NVL,screen,normal_0_1,gemv,lns,lns8_r3,8,4,3,fp32,ordinary,padded,thread_packet,8,8,1,1,8,none,full_lut_global,ordinary/padded/thread_packet/x8/full_lut_global,16384,1024,1024,16793600,16793600,1024,1024,256,3,2,239,4.3416638374328613,0.018165957478798584,-49.242744445800781,1
2026-08-16T21:23:18Z,NVIDIA H200 NVL,screen,normal_0_1,dot,lns,lns8_r3,8,4,3,fp32,ordinary,padded,scalar,1,8,1,1,1,none,full_lut_shared,ordinary/padded/scalar/x1/full_lut_shared,16777216,0,1,33554432,33554432,1024,512,256,3,0,142,4.6862401962280273,0.033001691522732586,-2524.599609375,1
2026-08-16T21:23:18Z,NVIDIA H200 NVL,screen,normal_0_1,dot,lns,lns8_r3,8,4,3,fp32,ordinary,padded,scalar,1,8,1,1,1,none,full_lut_shared,ordinary/padded/scalar/x1/full_lut_shared,16777216,0,1,33554432,33554432,1024,512,256,3,1,142,4.6860480308532715,0.033000338245445571,-2524.599609375,1
2026-08-16T21:23:18Z,NVIDIA H200 NVL,screen,normal_0_1,dot,lns,lns8_r3,8,4,3,fp32,ordinary,padded,scalar,1,8,1,1,1,none,full_lut_shared,ordinary/padded/scalar/x1/full_lut_shared,16777216,0,1,33554432,33554432,1024,512,256,3,2,142,4.686272144317627,0.033001916509279063,-2524.599609375,1
2026-08-16T21:23:18Z,NVIDIA H200 NVL,screen,normal_0_1,gemv,lns,lns8_r3,8,4,3,fp32,ordinary,padded,scalar,1,8,1,1,1,none,full_lut_shared,ordinary/padded/scalar/x1/full_lut_shared,16384,1024,1024,16793600,16793600,1024,1024,256,3,0,211,4.5154881477355957,0.021400417761780074,-49.2427978515625,1
2026-08-16T21:23:18Z,NVIDIA H200 NVL,screen,normal_0_1,gemv,lns,lns8_r3,8,4,3,fp32,ordinary,padded,scalar,1,8,1,1,1,none,full_lut_shared,ordinary/padded/scalar/x1/full_lut_shared,16384,1024,1024,16793600,16793600,1024,1024,256,3,1,211,4.513120174407959,0.021389195139374213,-49.2427978515625,1
2026-08-16T21:23:18Z,NVIDIA H200 NVL,screen,normal_0_1,gemv,lns,lns8_r3,8,4,3,fp32,ordinary,padded,scalar,1,8,1,1,1,none,full_lut_shared,ordinary/padded/scalar/x1/full_lut_shared,16384,1024,1024,16793600,16793600,1024,1024,256,3,2,211,4.515103816986084,0.021398596289033574,-49.2427978515625,1
2026-08-16T21:23:18Z,NVIDIA H200 NVL,screen,normal_0_1,dot,lns,lns8_r3,8,4,3,fp32,ordinary,padded,thread_packet,2,8,1,1,2,none,full_lut_shared,ordinary/padded/thread_packet/x2/full_lut_shared,16777216,0,1,33554432,33554432,1024,512,256,3,0,187,4.6050238609313965,0.024625796047761477,-2524.60205078125,1
2026-08-16T21:23:18Z,NVIDIA H200 NVL,screen,normal_0_1,dot,lns,lns8_r3,8,4,3,fp32,ordinary,padded,thread_packet,2,8,1,1,2,none,full_lut_shared,ordinary/padded/thread_packet/x2/full_lut_shared,16777216,0,1,33554432,33554432,1024,512,256,3,1,187,4.6082878112792969,0.024643250327696774,-2524.60205078125,1
2026-08-16T21:23:18Z,NVIDIA H200 NVL,screen,normal_0_1,dot,lns,lns8_r3,8,4,3,fp32,ordinary,padded,thread_packet,2,8,1,1,2,none,full_lut_shared,ordinary/padded/thread_packet/x2/full_lut_shared,16777216,0,1,33554432,33554432,1024,512,256,3,2,187,4.6037759780883789,0.024619122877477962,-2524.60205078125,1
2026-08-16T21:23:18Z,NVIDIA H200 NVL,screen,normal_0_1,gemv,lns,lns8_r3,8,4,3,fp32,ordinary,padded,thread_packet,2,8,1,1,2,none,full_lut_shared,ordinary/padded/thread_packet/x2/full_lut_shared,16384,1024,1024,16793600,16793600,1024,1024,256,3,0,218,4.4447360038757324,0.02038869726548501,-49.242782592773438,1
2026-08-16T21:23:18Z,NVIDIA H200 NVL,screen,normal_0_1,gemv,lns,lns8_r3,8,4,3,fp32,ordinary,padded,thread_packet,2,8,1,1,2,none,full_lut_shared,ordinary/padded/thread_packet/x2/full_lut_shared,16384,1024,1024,16793600,16793600,1024,1024,256,3,1,218,4.4483518600463867,0.020405283761680673,-49.242782592773438,1
2026-08-16T21:23:18Z,NVIDIA H200 NVL,screen,normal_0_1,gemv,lns,lns8_r3,8,4,3,fp32,ordinary,padded,thread_packet,2,8,1,1,2,none,full_lut_shared,ordinary/padded/thread_packet/x2/full_lut_shared,16384,1024,1024,16793600,16793600,1024,1024,256,3,2,218,4.4475841522216797,0.020401762166154493,-49.242782592773438,1
2026-08-16T21:23:18Z,NVIDIA H200 NVL,screen,normal_0_1,dot,lns,lns8_r3,8,4,3,fp32,ordinary,padded,thread_packet,4,8,1,1,4,none,full_lut_shared,ordinary/padded/thread_packet/x4/full_lut_shared,16777216,0,1,33554432,33554432,1024,512,256,3,0,223,4.5390720367431641,0.020354583124408809,-2524.59912109375,1
2026-08-16T21:23:18Z,NVIDIA H200 NVL,screen,normal_0_1,dot,lns,lns8_r3,8,4,3,fp32,ordinary,padded,thread_packet,4,8,1,1,4,none,full_lut_shared,ordinary/padded/thread_packet/x4/full_lut_shared,16777216,0,1,33554432,33554432,1024,512,256,3,1,223,4.544191837310791,0.020377541871348839,-2524.59912109375,1
2026-08-16T21:23:18Z,NVIDIA H200 NVL,screen,normal_0_1,dot,lns,lns8_r3,8,4,3,fp32,ordinary,padded,thread_packet,4,8,1,1,4,none,full_lut_shared,ordinary/padded/thread_packet/x4/full_lut_shared,16777216,0,1,33554432,33554432,1024,512,256,3,2,223,4.5359997749328613,0.020340806165618213,-2524.59912109375,1
2026-08-16T21:23:18Z,NVIDIA H200 NVL,screen,normal_0_1,gemv,lns,lns8_r3,8,4,3,fp32,ordinary,padded,thread_packet,4,8,1,1,4,none,full_lut_shared,ordinary/padded/thread_packet/x4/full_lut_shared,16384,1024,1024,16793600,16793600,1024,1024,256,3,0,245,4.3738880157470703,0.01785260414590641,-49.242782592773438,1
2026-08-16T21:23:18Z,NVIDIA H200 NVL,screen,normal_0_1,gemv,lns,lns8_r3,8,4,3,fp32,ordinary,padded,thread_packet,4,8,1,1,4,none,full_lut_shared,ordinary/padded/thread_packet/x4/full_lut_shared,16384,1024,1024,16793600,16793600,1024,1024,256,3,1,245,4.3807358741760254,0.017880554588473572,-49.242782592773438,1
2026-08-16T21:23:18Z,NVIDIA H200 NVL,screen,normal_0_1,gemv,lns,lns8_r3,8,4,3,fp32,ordinary,padded,thread_packet,4,8,1,1,4,none,full_lut_shared,ordinary/padded/thread_packet/x4/full_lut_shared,16384,1024,1024,16793600,16793600,1024,1024,256,3,2,245,4.3833279609680176,0.017891134534563338,-49.242782592773438,1
2026-08-16T21:23:18Z,NVIDIA H200 NVL,screen,normal_0_1,dot,lns,lns8_r3,8,4,3,fp32,ordinary,padded,thread_packet,8,8,1,1,8,none,full_lut_shared,ordinary/padded/thread_packet/x8/full_lut_shared,16777216,0,1,33554432,33554432,1024,512,256,3,0,218,4.4054718017578125,0.02020858624659547,-2524.598388671875,1
2026-08-16T21:23:18Z,NVIDIA H200 NVL,screen,normal_0_1,dot,lns,lns8_r3,8,4,3,fp32,ordinary,padded,thread_packet,8,8,1,1,8,none,full_lut_shared,ordinary/padded/thread_packet/x8/full_lut_shared,16777216,0,1,33554432,33554432,1024,512,256,3,1,218,4.407008171081543,0.020215633812300658,-2524.598388671875,1
2026-08-16T21:23:18Z,NVIDIA H200 NVL,screen,normal_0_1,dot,lns,lns8_r3,8,4,3,fp32,ordinary,padded,thread_packet,8,8,1,1,8,none,full_lut_shared,ordinary/padded/thread_packet/x8/full_lut_shared,16777216,0,1,33554432,33554432,1024,512,256,3,2,218,4.4081277847290039,0.020220769654720201,-2524.598388671875,1
2026-08-16T21:23:18Z,NVIDIA H200 NVL,screen,normal_0_1,gemv,lns,lns8_r3,8,4,3,fp32,ordinary,padded,thread_packet,8,8,1,1,8,none,full_lut_shared,ordinary/padded/thread_packet/x8/full_lut_shared,16384,1024,1024,16793600,16793600,1024,1024,256,3,0,247,4.3173761367797852,0.017479255614493056,-49.242744445800781,1
2026-08-16T21:23:18Z,NVIDIA H200 NVL,screen,normal_0_1,gemv,lns,lns8_r3,8,4,3,fp32,ordinary,padded,thread_packet,8,8,1,1,8,none,full_lut_shared,ordinary/padded/thread_packet/x8/full_lut_shared,16384,1024,1024,16793600,16793600,1024,1024,256,3,1,247,4.3186240196228027,0.01748430777175224,-49.242744445800781,1
2026-08-16T21:23:18Z,NVIDIA H200 NVL,screen,normal_0_1,gemv,lns,lns8_r3,8,4,3,fp32,ordinary,padded,thread_packet,8,8,1,1,8,none,full_lut_shared,ordinary/padded/thread_packet/x8/full_lut_shared,16384,1024,1024,16793600,16793600,1024,1024,256,3,2,247,4.3183040618896484,0.017483012396314366,-49.242744445800781,1
2026-08-16T21:23:18Z,NVIDIA H200 NVL,screen,normal_0_1,dot,lns,lns8_r3,8,4,3,fp32,ordinary,padded,scalar,1,8,1,1,1,none,fraction_lut_global,ordinary/padded/scalar/x1/fraction_lut_global,16777216,0,1,33554432,33554432,32,512,256,3,0,42,4.9347200393676758,0.11749333427065894,-2524.599609375,1
2026-08-16T21:23:18Z,NVIDIA H200 NVL,screen,normal_0_1,dot,lns,lns8_r3,8,4,3,fp32,ordinary,padded,scalar,1,8,1,1,1,none,fraction_lut_global,ordinary/padded/scalar/x1/fraction_lut_global,16777216,0,1,33554432,33554432,32,512,256,3,1,42,4.9359040260314941,0.11752152442932129,-2524.599609375,1
2026-08-16T21:23:18Z,NVIDIA H200 NVL,screen,normal_0_1,dot,lns,lns8_r3,8,4,3,fp32,ordinary,padded,scalar,1,8,1,1,1,none,fraction_lut_global,ordinary/padded/scalar/x1/fraction_lut_global,16777216,0,1,33554432,33554432,32,512,256,3,2,42,4.9550399780273438,0.11797714233398438,-2524.599609375,1
2026-08-16T21:23:18Z,NVIDIA H200 NVL,screen,normal_0_1,gemv,lns,lns8_r3,8,4,3,fp32,ordinary,padded,scalar,1,8,1,1,1,none,fraction_lut_global,ordinary/padded/scalar/x1/fraction_lut_global,16384,1024,1024,16793600,16793600,32,1024,256,3,0,46,4.8705921173095703,0.10588243733281674,-49.2427978515625,1
2026-08-16T21:23:18Z,NVIDIA H200 NVL,screen,normal_0_1,gemv,lns,lns8_r3,8,4,3,fp32,ordinary,padded,scalar,1,8,1,1,1,none,fraction_lut_global,ordinary/padded/scalar/x1/fraction_lut_global,16384,1024,1024,16793600,16793600,32,1024,256,3,1,46,4.8710079193115234,0.10589147650677225,-49.2427978515625,1
2026-08-16T21:23:18Z,NVIDIA H200 NVL,screen,normal_0_1,gemv,lns,lns8_r3,8,4,3,fp32,ordinary,padded,scalar,1,8,1,1,1,none,fraction_lut_global,ordinary/padded/scalar/x1/fraction_lut_global,16384,1024,1024,16793600,16793600,32,1024,256,3,2,46,4.871039867401123,0.1058921710304592,-49.2427978515625,1
2026-08-16T21:23:18Z,NVIDIA H200 NVL,screen,normal_0_1,dot,lns,lns8_r3,8,4,3,fp32,ordinary,padded,thread_packet,2,8,1,1,2,none,fraction_lut_global,ordinary/padded/thread_packet/x2/fraction_lut_global,16777216,0,1,33554432,33554432,32,512,256,3,0,42,4.9353280067443848,0.11750780968439012,-2524.60205078125,1
2026-08-16T21:23:18Z,NVIDIA H200 NVL,screen,normal_0_1,dot,lns,lns8_r3,8,4,3,fp32,ordinary,padded,thread_packet,2,8,1,1,2,none,fraction_lut_global,ordinary/padded/thread_packet/x2/fraction_lut_global,16777216,0,1,33554432,33554432,32,512,256,3,1,42,4.9320640563964844,0.11743009658086867,-2524.60205078125,1
2026-08-16T21:23:18Z,NVIDIA H200 NVL,screen,normal_0_1,dot,lns,lns8_r3,8,4,3,fp32,ordinary,padded,thread_packet,2,8,1,1,2,none,fraction_lut_global,ordinary/padded/thread_packet/x2/fraction_lut_global,16777216,0,1,33554432,33554432,32,512,256,3,2,42,4.9210882186889648,0.11716876711164202,-2524.60205078125,1
2026-08-16T21:23:18Z,NVIDIA H200 NVL,screen,normal_0_1,gemv,lns,lns8_r3,8,4,3,fp32,ordinary,padded,thread_packet,2,8,1,1,2,none,fraction_lut_global,ordinary/padded/thread_packet/x2/fraction_lut_global,16384,1024,1024,16793600,16793600,32,1024,256,3,0,47,4.9702081680297852,0.10574910995808054,-49.242782592773438,1
2026-08-16T21:23:18Z,NVIDIA H200 NVL,screen,normal_0_1,gemv,lns,lns8_r3,8,4,3,fp32,ordinary,padded,thread_packet,2,8,1,1,2,none,fraction_lut_global,ordinary/padded/thread_packet/x2/fraction_lut_global,16384,1024,1024,16793600,16793600,32,1024,256,3,1,47,4.9544000625610352,0.10541276728853266,-49.242782592773438,1
2026-08-16T21:23:18Z,NVIDIA H200 NVL,screen,normal_0_1,gemv,lns,lns8_r3,8,4,3,fp32,ordinary,padded,thread_packet,2,8,1,1,2,none,fraction_lut_global,ordinary/padded/thread_packet/x2/fraction_lut_global,16384,1024,1024,16793600,16793600,32,1024,256,3,2,47,4.947199821472168,0.10525957066962059,-49.242782592773438,1
2026-08-16T21:23:18Z,NVIDIA H200 NVL,screen,normal_0_1,dot,lns,lns8_r3,8,4,3,fp32,ordinary,padded,thread_packet,4,8,1,1,4,none,fraction_lut_global,ordinary/padded/thread_packet/x4/fraction_lut_global,16777216,0,1,33554432,33554432,32,512,256,3,0,44,4.949120044708252,0.11248000101609663,-2524.59912109375,1
2026-08-16T21:23:18Z,NVIDIA H200 NVL,screen,normal_0_1,dot,lns,lns8_r3,8,4,3,fp32,ordinary,padded,thread_packet,4,8,1,1,4,none,fraction_lut_global,ordinary/padded/thread_packet/x4/fraction_lut_global,16777216,0,1,33554432,33554432,32,512,256,3,1,44,4.9509119987487793,0.11252072724429044,-2524.59912109375,1
2026-08-16T21:23:18Z,NVIDIA H200 NVL,screen,normal_0_1,dot,lns,lns8_r3,8,4,3,fp32,ordinary,padded,thread_packet,4,8,1,1,4,none,fraction_lut_global,ordinary/padded/thread_packet/x4/fraction_lut_global,16777216,0,1,33554432,33554432,32,512,256,3,2,44,4.9534077644348145,0.11257744919170033,-2524.59912109375,1
2026-08-16T21:23:18Z,NVIDIA H200 NVL,screen,normal_0_1,gemv,lns,lns8_r3,8,4,3,fp32,ordinary,padded,thread_packet,4,8,1,1,4,none,fraction_lut_global,ordinary/padded/thread_packet/x4/fraction_lut_global,16384,1024,1024,16793600,16793600,32,1024,256,3,0,48,4.8880319595336914,0.1018339991569519,-49.242782592773438,1
2026-08-16T21:23:18Z,NVIDIA H200 NVL,screen,normal_0_1,gemv,lns,lns8_r3,8,4,3,fp32,ordinary,padded,thread_packet,4,8,1,1,4,none,fraction_lut_global,ordinary/padded/thread_packet/x4/fraction_lut_global,16384,1024,1024,16793600,16793600,32,1024,256,3,1,48,4.8882880210876465,0.1018393337726593,-49.242782592773438,1
2026-08-16T21:23:18Z,NVIDIA H200 NVL,screen,normal_0_1,gemv,lns,lns8_r3,8,4,3,fp32,ordinary,padded,thread_packet,4,8,1,1,4,none,fraction_lut_global,ordinary/padded/thread_packet/x4/fraction_lut_global,16384,1024,1024,16793600,16793600,32,1024,256,3,2,48,4.8880958557128906,0.10183533032735188,-49.242782592773438,1
2026-08-16T21:23:18Z,NVIDIA H200 NVL,screen,normal_0_1,dot,lns,lns8_r3,8,4,3,fp32,ordinary,padded,thread_packet,8,8,1,1,8,none,fraction_lut_global,ordinary/padded/thread_packet/x8/fraction_lut_global,16777216,0,1,33554432,33554432,32,512,256,3,0,43,4.9099202156066895,0.11418419106062068,-2524.598388671875,1
2026-08-16T21:23:18Z,NVIDIA H200 NVL,screen,normal_0_1,dot,lns,lns8_r3,8,4,3,fp32,ordinary,padded,thread_packet,8,8,1,1,8,none,fraction_lut_global,ordinary/padded/thread_packet/x8/fraction_lut_global,16777216,0,1,33554432,33554432,32,512,256,3,1,43,4.9128317832946777,0.11425190193708552,-2524.598388671875,1
2026-08-16T21:23:18Z,NVIDIA H200 NVL,screen,normal_0_1,dot,lns,lns8_r3,8,4,3,fp32,ordinary,padded,thread_packet,8,8,1,1,8,none,fraction_lut_global,ordinary/padded/thread_packet/x8/fraction_lut_global,16777216,0,1,33554432,33554432,32,512,256,3,2,43,4.9165120124816895,0.11433748866236487,-2524.598388671875,1
2026-08-16T21:23:18Z,NVIDIA H200 NVL,screen,normal_0_1,gemv,lns,lns8_r3,8,4,3,fp32,ordinary,padded,thread_packet,8,8,1,1,8,none,fraction_lut_global,ordinary/padded/thread_packet/x8/fraction_lut_global,16384,1024,1024,16793600,16793600,32,1024,256,3,0,48,4.975679874420166,0.10365999738375346,-49.242744445800781,1
2026-08-16T21:23:18Z,NVIDIA H200 NVL,screen,normal_0_1,gemv,lns,lns8_r3,8,4,3,fp32,ordinary,padded,thread_packet,8,8,1,1,8,none,fraction_lut_global,ordinary/padded/thread_packet/x8/fraction_lut_global,16384,1024,1024,16793600,16793600,32,1024,256,3,1,48,4.9774398803710938,0.10369666417439778,-49.242744445800781,1
2026-08-16T21:23:18Z,NVIDIA H200 NVL,screen,normal_0_1,gemv,lns,lns8_r3,8,4,3,fp32,ordinary,padded,thread_packet,8,8,1,1,8,none,fraction_lut_global,ordinary/padded/thread_packet/x8/fraction_lut_global,16384,1024,1024,16793600,16793600,32,1024,256,3,2,48,4.9879999160766602,0.10391666491826375,-49.242744445800781,1
2026-08-16T21:23:18Z,NVIDIA H200 NVL,screen,normal_0_1,dot,lns,lns8_r3,8,4,3,fp32,fused,padded,scalar,1,8,1,1,1,none,fraction_lut_global,fused/padded/scalar/x1/fraction_lut_global,16777216,0,1,33554432,33554432,32,512,256,3,0,51,4.936607837677002,0.09679623211131376,-2524.599853515625,1
2026-08-16T21:23:18Z,NVIDIA H200 NVL,screen,normal_0_1,dot,lns,lns8_r3,8,4,3,fp32,fused,padded,scalar,1,8,1,1,1,none,fraction_lut_global,fused/padded/scalar/x1/fraction_lut_global,16777216,0,1,33554432,33554432,32,512,256,3,1,51,4.9330878257751465,0.096727212270100907,-2524.599853515625,1
2026-08-16T21:23:18Z,NVIDIA H200 NVL,screen,normal_0_1,dot,lns,lns8_r3,8,4,3,fp32,fused,padded,scalar,1,8,1,1,1,none,fraction_lut_global,fused/padded/scalar/x1/fraction_lut_global,16777216,0,1,33554432,33554432,32,512,256,3,2,51,4.9374399185180664,0.09681254742192287,-2524.599853515625,1
2026-08-16T21:23:18Z,NVIDIA H200 NVL,screen,normal_0_1,gemv,lns,lns8_r3,8,4,3,fp32,fused,padded,scalar,1,8,1,1,1,none,fraction_lut_global,fused/padded/scalar/x1/fraction_lut_global,16384,1024,1024,16793600,16793600,32,1024,256,3,0,56,4.9282240867614746,0.088004001549312053,-49.242759704589844,1
2026-08-16T21:23:18Z,NVIDIA H200 NVL,screen,normal_0_1,gemv,lns,lns8_r3,8,4,3,fp32,fused,padded,scalar,1,8,1,1,1,none,fraction_lut_global,fused/padded/scalar/x1/fraction_lut_global,16384,1024,1024,16793600,16793600,32,1024,256,3,1,56,4.928800106048584,0.08801428760801043,-49.242759704589844,1
2026-08-16T21:23:18Z,NVIDIA H200 NVL,screen,normal_0_1,gemv,lns,lns8_r3,8,4,3,fp32,fused,padded,scalar,1,8,1,1,1,none,fraction_lut_global,fused/padded/scalar/x1/fraction_lut_global,16384,1024,1024,16793600,16793600,32,1024,256,3,2,56,4.9316158294677734,0.088064568383353095,-49.242759704589844,1
2026-08-16T21:23:18Z,NVIDIA H200 NVL,screen,normal_0_1,dot,lns,lns8_r3,8,4,3,fp32,fused,padded,thread_packet,2,8,1,1,2,none,fraction_lut_global,fused/padded/thread_packet/x2/fraction_lut_global,16777216,0,1,33554432,33554432,32,512,256,3,0,50,4.8654079437255859,0.097308158874511719,-2524.60205078125,1
2026-08-16T21:23:18Z,NVIDIA H200 NVL,screen,normal_0_1,dot,lns,lns8_r3,8,4,3,fp32,fused,padded,thread_packet,2,8,1,1,2,none,fraction_lut_global,fused/padded/thread_packet/x2/fraction_lut_global,16777216,0,1,33554432,33554432,32,512,256,3,1,50,4.8692798614501953,0.097385597229003903,-2524.60205078125,1
2026-08-16T21:23:18Z,NVIDIA H200 NVL,screen,normal_0_1,dot,lns,lns8_r3,8,4,3,fp32,fused,padded,thread_packet,2,8,1,1,2,none,fraction_lut_global,fused/padded/thread_packet/x2/fraction_lut_global,16777216,0,1,33554432,33554432,32,512,256,3,2,50,4.8700799942016602,0.097401599884033199,-2524.60205078125,1
2026-08-16T21:23:18Z,NVIDIA H200 NVL,screen,normal_0_1,gemv,lns,lns8_r3,8,4,3,fp32,fused,padded,thread_packet,2,8,1,1,2,none,fraction_lut_global,fused/padded/thread_packet/x2/fraction_lut_global,16384,1024,1024,16793600,16793600,32,1024,256,3,0,56,4.9379520416259766,0.088177715029035292,-49.242759704589844,1
2026-08-16T21:23:18Z,NVIDIA H200 NVL,screen,normal_0_1,gemv,lns,lns8_r3,8,4,3,fp32,fused,padded,thread_packet,2,8,1,1,2,none,fraction_lut_global,fused/padded/thread_packet/x2/fraction_lut_global,16384,1024,1024,16793600,16793600,32,1024,256,3,1,56,4.936863899230957,0.088158283914838514,-49.242759704589844,1
2026-08-16T21:23:18Z,NVIDIA H200 NVL,screen,normal_0_1,gemv,lns,lns8_r3,8,4,3,fp32,fused,padded,thread_packet,2,8,1,1,2,none,fraction_lut_global,fused/padded/thread_packet/x2/fraction_lut_global,16384,1024,1024,16793600,16793600,32,1024,256,3,2,56,4.9375038146972656,0.088169710976736884,-49.242759704589844,1
2026-08-16T21:23:18Z,NVIDIA H200 NVL,screen,normal_0_1,dot,lns,lns8_r3,8,4,3,fp32,fused,padded,thread_packet,4,8,1,1,4,none,fraction_lut_global,fused/padded/thread_packet/x4/fraction_lut_global,16777216,0,1,33554432,33554432,32,512,256,3,0,52,4.822080135345459,0.09273231029510498,-2524.6005859375,1
2026-08-16T21:23:18Z,NVIDIA H200 NVL,screen,normal_0_1,dot,lns,lns8_r3,8,4,3,fp32,fused,padded,thread_packet,4,8,1,1,4,none,fraction_lut_global,fused/padded/thread_packet/x4/fraction_lut_global,16777216,0,1,33554432,33554432,32,512,256,3,1,52,4.8210558891296387,0.092712613252493054,-2524.6005859375,1
2026-08-16T21:23:18Z,NVIDIA H200 NVL,screen,normal_0_1,dot,lns,lns8_r3,8,4,3,fp32,fused,padded,thread_packet,4,8,1,1,4,none,fraction_lut_global,fused/padded/thread_packet/x4/fraction_lut_global,16777216,0,1,33554432,33554432,32,512,256,3,2,52,4.8198080062866211,0.09268861550551194,-2524.6005859375,1
2026-08-16T21:23:18Z,NVIDIA H200 NVL,screen,normal_0_1,gemv,lns,lns8_r3,8,4,3,fp32,fused,padded,thread_packet,4,8,1,1,4,none,fraction_lut_global,fused/padded/thread_packet/x4/fraction_lut_global,16384,1024,1024,16793600,16793600,32,1024,256,3,0,57,4.8205437660217285,0.084570943263539103,-49.242767333984375,1
2026-08-16T21:23:18Z,NVIDIA H200 NVL,screen,normal_0_1,gemv,lns,lns8_r3,8,4,3,fp32,fused,padded,thread_packet,4,8,1,1,4,none,fraction_lut_global,fused/padded/thread_packet/x4/fraction_lut_global,16384,1024,1024,16793600,16793600,32,1024,256,3,1,57,4.8192000389099121,0.084547369103682671,-49.242767333984375,1
2026-08-16T21:23:18Z,NVIDIA H200 NVL,screen,normal_0_1,gemv,lns,lns8_r3,8,4,3,fp32,fused,padded,thread_packet,4,8,1,1,4,none,fraction_lut_global,fused/padded/thread_packet/x4/fraction_lut_global,16384,1024,1024,16793600,16793600,32,1024,256,3,2,57,4.8198399543762207,0.084558595690810895,-49.242767333984375,1
2026-08-16T21:23:18Z,NVIDIA H200 NVL,screen,normal_0_1,dot,lns,lns8_r3,8,4,3,fp32,fused,padded,thread_packet,8,8,1,1,8,none,fraction_lut_global,fused/padded/thread_packet/x8/fraction_lut_global,16777216,0,1,33554432,33554432,32,512,256,3,0,53,4.9633598327636719,0.093648298731390037,-2524.59814453125,1
2026-08-16T21:23:18Z,NVIDIA H200 NVL,screen,normal_0_1,dot,lns,lns8_r3,8,4,3,fp32,fused,padded,thread_packet,8,8,1,1,8,none,fraction_lut_global,fused/padded/thread_packet/x8/fraction_lut_global,16777216,0,1,33554432,33554432,32,512,256,3,1,53,4.9608321189880371,0.093600606018642216,-2524.59814453125,1
2026-08-16T21:23:18Z,NVIDIA H200 NVL,screen,normal_0_1,dot,lns,lns8_r3,8,4,3,fp32,fused,padded,thread_packet,8,8,1,1,8,none,fraction_lut_global,fused/padded/thread_packet/x8/fraction_lut_global,16777216,0,1,33554432,33554432,32,512,256,3,2,53,4.9738879203796387,0.093846941893955441,-2524.59814453125,1
2026-08-16T21:23:18Z,NVIDIA H200 NVL,screen,normal_0_1,gemv,lns,lns8_r3,8,4,3,fp32,fused,padded,thread_packet,8,8,1,1,8,none,fraction_lut_global,fused/padded/thread_packet/x8/fraction_lut_global,16384,1024,1024,16793600,16793600,32,1024,256,3,0,57,4.8810238838195801,0.085631997961747017,-49.242778778076172,1
2026-08-16T21:23:18Z,NVIDIA H200 NVL,screen,normal_0_1,gemv,lns,lns8_r3,8,4,3,fp32,fused,padded,thread_packet,8,8,1,1,8,none,fraction_lut_global,fused/padded/thread_packet/x8/fraction_lut_global,16384,1024,1024,16793600,16793600,32,1024,256,3,1,57,4.8791360855102539,0.08559887869316235,-49.242778778076172,1
2026-08-16T21:23:18Z,NVIDIA H200 NVL,screen,normal_0_1,gemv,lns,lns8_r3,8,4,3,fp32,fused,padded,thread_packet,8,8,1,1,8,none,fraction_lut_global,fused/padded/thread_packet/x8/fraction_lut_global,16384,1024,1024,16793600,16793600,32,1024,256,3,2,57,4.8797121047973633,0.08560898429469059,-49.242778778076172,1
2026-08-16T21:23:18Z,NVIDIA H200 NVL,screen,normal_0_1,dot,lns,lns8_r3,8,4,3,fp32,ordinary,padded,scalar,1,8,1,1,1,none,fraction_lut_shared,ordinary/padded/scalar/x1/fraction_lut_shared,16777216,0,1,33554432,33554432,32,512,256,3,0,51,4.9464321136474609,0.096988864973479624,-2524.599609375,1
2026-08-16T21:23:18Z,NVIDIA H200 NVL,screen,normal_0_1,dot,lns,lns8_r3,8,4,3,fp32,ordinary,padded,scalar,1,8,1,1,1,none,fraction_lut_shared,ordinary/padded/scalar/x1/fraction_lut_shared,16777216,0,1,33554432,33554432,32,512,256,3,1,51,4.9310722351074219,0.096687690884459249,-2524.599609375,1
2026-08-16T21:23:18Z,NVIDIA H200 NVL,screen,normal_0_1,dot,lns,lns8_r3,8,4,3,fp32,ordinary,padded,scalar,1,8,1,1,1,none,fraction_lut_shared,ordinary/padded/scalar/x1/fraction_lut_shared,16777216,0,1,33554432,33554432,32,512,256,3,2,51,4.9363198280334473,0.096790584863400933,-2524.599609375,1
2026-08-16T21:23:18Z,NVIDIA H200 NVL,screen,normal_0_1,gemv,lns,lns8_r3,8,4,3,fp32,ordinary,padded,scalar,1,8,1,1,1,none,fraction_lut_shared,ordinary/padded/scalar/x1/fraction_lut_shared,16384,1024,1024,16793600,16793600,32,1024,256,3,0,56,4.8969922065734863,0.087446289403097968,-49.2427978515625,1
2026-08-16T21:23:18Z,NVIDIA H200 NVL,screen,normal_0_1,gemv,lns,lns8_r3,8,4,3,fp32,ordinary,padded,scalar,1,8,1,1,1,none,fraction_lut_shared,ordinary/padded/scalar/x1/fraction_lut_shared,16384,1024,1024,16793600,16793600,32,1024,256,3,1,56,4.8933439254760742,0.087381141526358466,-49.2427978515625,1
2026-08-16T21:23:18Z,NVIDIA H200 NVL,screen,normal_0_1,gemv,lns,lns8_r3,8,4,3,fp32,ordinary,padded,scalar,1,8,1,1,1,none,fraction_lut_shared,ordinary/padded/scalar/x1/fraction_lut_shared,16384,1024,1024,16793600,16793600,32,1024,256,3,2,56,4.8913278579711914,0.08734514032091413,-49.2427978515625,1
2026-08-16T21:23:18Z,NVIDIA H200 NVL,screen,normal_0_1,dot,lns,lns8_r3,8,4,3,fp32,ordinary,padded,thread_packet,2,8,1,1,2,none,fraction_lut_shared,ordinary/padded/thread_packet/x2/fraction_lut_shared,16777216,0,1,33554432,33554432,32,512,256,3,0,50,4.9038081169128418,0.098076162338256834,-2524.60205078125,1
2026-08-16T21:23:18Z,NVIDIA H200 NVL,screen,normal_0_1,dot,lns,lns8_r3,8,4,3,fp32,ordinary,padded,thread_packet,2,8,1,1,2,none,fraction_lut_shared,ordinary/padded/thread_packet/x2/fraction_lut_shared,16777216,0,1,33554432,33554432,32,512,256,3,1,50,4.8887357711791992,0.097774715423583985,-2524.60205078125,1
2026-08-16T21:23:18Z,NVIDIA H200 NVL,screen,normal_0_1,dot,lns,lns8_r3,8,4,3,fp32,ordinary,padded,thread_packet,2,8,1,1,2,none,fraction_lut_shared,ordinary/padded/thread_packet/x2/fraction_lut_shared,16777216,0,1,33554432,33554432,32,512,256,3,2,50,4.8896641731262207,0.097793283462524416,-2524.60205078125,1
2026-08-16T21:23:18Z,NVIDIA H200 NVL,screen,normal_0_1,gemv,lns,lns8_r3,8,4,3,fp32,ordinary,padded,thread_packet,2,8,1,1,2,none,fraction_lut_shared,ordinary/padded/thread_packet/x2/fraction_lut_shared,16384,1024,1024,16793600,16793600,32,1024,256,3,0,56,4.9062719345092773,0.087611998830522814,-49.242782592773438,1
2026-08-16T21:23:18Z,NVIDIA H200 NVL,screen,normal_0_1,gemv,lns,lns8_r3,8,4,3,fp32,ordinary,padded,thread_packet,2,8,1,1,2,none,fraction_lut_shared,ordinary/padded/thread_packet/x2/fraction_lut_shared,16384,1024,1024,16793600,16793600,32,1024,256,3,1,56,4.905087947845459,0.087590856211526055,-49.242782592773438,1
2026-08-16T21:23:18Z,NVIDIA H200 NVL,screen,normal_0_1,gemv,lns,lns8_r3,8,4,3,fp32,ordinary,padded,thread_packet,2,8,1,1,2,none,fraction_lut_shared,ordinary/padded/thread_packet/x2/fraction_lut_shared,16384,1024,1024,16793600,16793600,32,1024,256,3,2,56,4.9066882133483887,0.087619432381221232,-49.242782592773438,1
2026-08-16T21:23:18Z,NVIDIA H200 NVL,screen,normal_0_1,dot,lns,lns8_r3,8,4,3,fp32,ordinary,padded,thread_packet,4,8,1,1,4,none,fraction_lut_shared,ordinary/padded/thread_packet/x4/fraction_lut_shared,16777216,0,1,33554432,33554432,32,512,256,3,0,52,4.8979201316833496,0.094190771763141334,-2524.59912109375,1
2026-08-16T21:23:18Z,NVIDIA H200 NVL,screen,normal_0_1,dot,lns,lns8_r3,8,4,3,fp32,ordinary,padded,thread_packet,4,8,1,1,4,none,fraction_lut_shared,ordinary/padded/thread_packet/x4/fraction_lut_shared,16777216,0,1,33554432,33554432,32,512,256,3,1,52,4.8955521583557129,0.094145233814532936,-2524.59912109375,1
2026-08-16T21:23:18Z,NVIDIA H200 NVL,screen,normal_0_1,dot,lns,lns8_r3,8,4,3,fp32,ordinary,padded,thread_packet,4,8,1,1,4,none,fraction_lut_shared,ordinary/padded/thread_packet/x4/fraction_lut_shared,16777216,0,1,33554432,33554432,32,512,256,3,2,52,4.897791862487793,0.094188305047842175,-2524.59912109375,1
2026-08-16T21:23:18Z,NVIDIA H200 NVL,screen,normal_0_1,gemv,lns,lns8_r3,8,4,3,fp32,ordinary,padded,thread_packet,4,8,1,1,4,none,fraction_lut_shared,ordinary/padded/thread_packet/x4/fraction_lut_shared,16384,1024,1024,16793600,16793600,32,1024,256,3,0,58,4.8818879127502441,0.084170481254314561,-49.242782592773438,1
2026-08-16T21:23:18Z,NVIDIA H200 NVL,screen,normal_0_1,gemv,lns,lns8_r3,8,4,3,fp32,ordinary,padded,thread_packet,4,8,1,1,4,none,fraction_lut_shared,ordinary/padded/thread_packet/x4/fraction_lut_shared,16384,1024,1024,16793600,16793600,32,1024,256,3,1,58,4.8807039260864258,0.084150067691145275,-49.242782592773438,1
2026-08-16T21:23:18Z,NVIDIA H200 NVL,screen,normal_0_1,gemv,lns,lns8_r3,8,4,3,fp32,ordinary,padded,thread_packet,4,8,1,1,4,none,fraction_lut_shared,ordinary/padded/thread_packet/x4/fraction_lut_shared,16384,1024,1024,16793600,16793600,32,1024,256,3,2,58,4.8890881538391113,0.084294623342053648,-49.242782592773438,1
2026-08-16T21:23:18Z,NVIDIA H200 NVL,screen,normal_0_1,dot,lns,lns8_r3,8,4,3,fp32,ordinary,padded,thread_packet,8,8,1,1,8,none,fraction_lut_shared,ordinary/padded/thread_packet/x8/fraction_lut_shared,16777216,0,1,33554432,33554432,32,512,256,3,0,51,4.9462399482727051,0.096985097024955003,-2524.598388671875,1
2026-08-16T21:23:18Z,NVIDIA H200 NVL,screen,normal_0_1,dot,lns,lns8_r3,8,4,3,fp32,ordinary,padded,thread_packet,8,8,1,1,8,none,fraction_lut_shared,ordinary/padded/thread_packet/x8/fraction_lut_shared,16777216,0,1,33554432,33554432,32,512,256,3,1,51,4.9458880424499512,0.096978196910783354,-2524.598388671875,1
2026-08-16T21:23:18Z,NVIDIA H200 NVL,screen,normal_0_1,dot,lns,lns8_r3,8,4,3,fp32,ordinary,padded,thread_packet,8,8,1,1,8,none,fraction_lut_shared,ordinary/padded/thread_packet/x8/fraction_lut_shared,16777216,0,1,33554432,33554432,32,512,256,3,2,51,4.9435520172119141,0.09693239249435126,-2524.598388671875,1
2026-08-16T21:23:18Z,NVIDIA H200 NVL,screen,normal_0_1,gemv,lns,lns8_r3,8,4,3,fp32,ordinary,padded,thread_packet,8,8,1,1,8,none,fraction_lut_shared,ordinary/padded/thread_packet/x8/fraction_lut_shared,16384,1024,1024,16793600,16793600,32,1024,256,3,0,56,4.8404479026794434,0.086436569690704346,-49.242744445800781,1
2026-08-16T21:23:18Z,NVIDIA H200 NVL,screen,normal_0_1,gemv,lns,lns8_r3,8,4,3,fp32,ordinary,padded,thread_packet,8,8,1,1,8,none,fraction_lut_shared,ordinary/padded/thread_packet/x8/fraction_lut_shared,16384,1024,1024,16793600,16793600,32,1024,256,3,1,56,4.8428158760070801,0.086478854928697863,-49.242744445800781,1
2026-08-16T21:23:18Z,NVIDIA H200 NVL,screen,normal_0_1,gemv,lns,lns8_r3,8,4,3,fp32,ordinary,padded,thread_packet,8,8,1,1,8,none,fraction_lut_shared,ordinary/padded/thread_packet/x8/fraction_lut_shared,16384,1024,1024,16793600,16793600,32,1024,256,3,2,56,4.8409600257873535,0.086445714746202745,-49.242744445800781,1
2026-08-16T21:23:18Z,NVIDIA H200 NVL,screen,normal_0_1,dot,lns,lns8_r3,8,4,3,fp32,fused,padded,scalar,1,8,1,1,1,none,fraction_lut_shared,fused/padded/scalar/x1/fraction_lut_shared,16777216,0,1,33554432,33554432,32,512,256,3,0,55,4.8660159111022949,0.088473016565496276,-2524.599853515625,1
2026-08-16T21:23:18Z,NVIDIA H200 NVL,screen,normal_0_1,dot,lns,lns8_r3,8,4,3,fp32,fused,padded,scalar,1,8,1,1,1,none,fraction_lut_shared,fused/padded/scalar/x1/fraction_lut_shared,16777216,0,1,33554432,33554432,32,512,256,3,1,55,4.8551998138427734,0.088276360251686795,-2524.599853515625,1
2026-08-16T21:23:18Z,NVIDIA H200 NVL,screen,normal_0_1,dot,lns,lns8_r3,8,4,3,fp32,fused,padded,scalar,1,8,1,1,1,none,fraction_lut_shared,fused/padded/scalar/x1/fraction_lut_shared,16777216,0,1,33554432,33554432,32,512,256,3,2,55,4.8524799346923828,0.088226907903497867,-2524.599853515625,1
2026-08-16T21:23:18Z,NVIDIA H200 NVL,screen,normal_0_1,gemv,lns,lns8_r3,8,4,3,fp32,fused,padded,scalar,1,8,1,1,1,none,fraction_lut_shared,fused/padded/scalar/x1/fraction_lut_shared,16384,1024,1024,16793600,16793600,32,1024,256,3,0,61,4.8684477806091309,0.079810619354248047,-49.242759704589844,1
2026-08-16T21:23:18Z,NVIDIA H200 NVL,screen,normal_0_1,gemv,lns,lns8_r3,8,4,3,fp32,fused,padded,scalar,1,8,1,1,1,none,fraction_lut_shared,fused/padded/scalar/x1/fraction_lut_shared,16384,1024,1024,16793600,16793600,32,1024,256,3,1,61,4.870880126953125,0.079850493884477458,-49.242759704589844,1
2026-08-16T21:23:18Z,NVIDIA H200 NVL,screen,normal_0_1,gemv,lns,lns8_r3,8,4,3,fp32,fused,padded,scalar,1,8,1,1,1,none,fraction_lut_shared,fused/padded/scalar/x1/fraction_lut_shared,16384,1024,1024,16793600,16793600,32,1024,256,3,2,61,4.8699841499328613,0.079835805736604287,-49.242759704589844,1
2026-08-16T21:23:18Z,NVIDIA H200 NVL,screen,normal_0_1,dot,lns,lns8_r3,8,4,3,fp32,fused,padded,thread_packet,2,8,1,1,2,none,fraction_lut_shared,fused/padded/thread_packet/x2/fraction_lut_shared,16777216,0,1,33554432,33554432,32,512,256,3,0,55,4.9581761360168457,0.090148657018488107,-2524.60205078125,1
2026-08-16T21:23:18Z,NVIDIA H200 NVL,screen,normal_0_1,dot,lns,lns8_r3,8,4,3,fp32,fused,padded,thread_packet,2,8,1,1,2,none,fraction_lut_shared,fused/padded/thread_packet/x2/fraction_lut_shared,16777216,0,1,33554432,33554432,32,512,256,3,1,55,4.9595198631286621,0.09017308842052113,-2524.60205078125,1
2026-08-16T21:23:18Z,NVIDIA H200 NVL,screen,normal_0_1,dot,lns,lns8_r3,8,4,3,fp32,fused,padded,thread_packet,2,8,1,1,2,none,fraction_lut_shared,fused/padded/thread_packet/x2/fraction_lut_shared,16777216,0,1,33554432,33554432,32,512,256,3,2,55,4.9599361419677734,0.090180657126686783,-2524.60205078125,1
2026-08-16T21:23:18Z,NVIDIA H200 NVL,screen,normal_0_1,gemv,lns,lns8_r3,8,4,3,fp32,fused,padded,thread_packet,2,8,1,1,2,none,fraction_lut_shared,fused/padded/thread_packet/x2/fraction_lut_shared,16384,1024,1024,16793600,16793600,32,1024,256,3,0,60,4.8812160491943359,0.0813536008199056,-49.242759704589844,1
2026-08-16T21:23:18Z,NVIDIA H200 NVL,screen,normal_0_1,gemv,lns,lns8_r3,8,4,3,fp32,fused,padded,thread_packet,2,8,1,1,2,none,fraction_lut_shared,fused/padded/thread_packet/x2/fraction_lut_shared,16384,1024,1024,16793600,16793600,32,1024,256,3,1,60,4.880864143371582,0.081347735722859707,-49.242759704589844,1
2026-08-16T21:23:18Z,NVIDIA H200 NVL,screen,normal_0_1,gemv,lns,lns8_r3,8,4,3,fp32,fused,padded,thread_packet,2,8,1,1,2,none,fraction_lut_shared,fused/padded/thread_packet/x2/fraction_lut_shared,16384,1024,1024,16793600,16793600,32,1024,256,3,2,60,4.8830718994140625,0.081384531656901044,-49.242759704589844,1
2026-08-16T21:23:18Z,NVIDIA H200 NVL,screen,normal_0_1,dot,lns,lns8_r3,8,4,3,fp32,fused,padded,thread_packet,4,8,1,1,4,none,fraction_lut_shared,fused/padded/thread_packet/x4/fraction_lut_shared,16777216,0,1,33554432,33554432,32,512,256,3,0,57,4.9010558128356934,0.085983435312906906,-2524.6005859375,1
2026-08-16T21:23:18Z,NVIDIA H200 NVL,screen,normal_0_1,dot,lns,lns8_r3,8,4,3,fp32,fused,padded,thread_packet,4,8,1,1,4,none,fraction_lut_shared,fused/padded/thread_packet/x4/fraction_lut_shared,16777216,0,1,33554432,33554432,32,512,256,3,1,57,4.9009599685668945,0.085981753834506916,-2524.6005859375,1
2026-08-16T21:23:18Z,NVIDIA H200 NVL,screen,normal_0_1,dot,lns,lns8_r3,8,4,3,fp32,fused,padded,thread_packet,4,8,1,1,4,none,fraction_lut_shared,fused/padded/thread_packet/x4/fraction_lut_shared,16777216,0,1,33554432,33554432,32,512,256,3,2,57,4.9001598358154297,0.08596771641781456,-2524.6005859375,1
2026-08-16T21:23:18Z,NVIDIA H200 NVL,screen,normal_0_1,gemv,lns,lns8_r3,8,4,3,fp32,fused,padded,thread_packet,4,8,1,1,4,none,fraction_lut_shared,fused/padded/thread_packet/x4/fraction_lut_shared,16384,1024,1024,16793600,16793600,32,1024,256,3,0,63,4.9154238700866699,0.078022601112486822,-49.242767333984375,1
2026-08-16T21:23:18Z,NVIDIA H200 NVL,screen,normal_0_1,gemv,lns,lns8_r3,8,4,3,fp32,fused,padded,thread_packet,4,8,1,1,4,none,fraction_lut_shared,fused/padded/thread_packet/x4/fraction_lut_shared,16384,1024,1024,16793600,16793600,32,1024,256,3,1,63,4.9202880859375,0.078099810887896831,-49.242767333984375,1
2026-08-16T21:23:18Z,NVIDIA H200 NVL,screen,normal_0_1,gemv,lns,lns8_r3,8,4,3,fp32,fused,padded,thread_packet,4,8,1,1,4,none,fraction_lut_shared,fused/padded/thread_packet/x4/fraction_lut_shared,16384,1024,1024,16793600,16793600,32,1024,256,3,2,63,4.940159797668457,0.078415234883626297,-49.242767333984375,1
2026-08-16T21:23:18Z,NVIDIA H200 NVL,screen,normal_0_1,dot,lns,lns8_r3,8,4,3,fp32,fused,padded,thread_packet,8,8,1,1,8,none,fraction_lut_shared,fused/padded/thread_packet/x8/fraction_lut_shared,16777216,0,1,33554432,33554432,32,512,256,3,0,56,4.9264321327209473,0.087972002370016913,-2524.59814453125,1
2026-08-16T21:23:18Z,NVIDIA H200 NVL,screen,normal_0_1,dot,lns,lns8_r3,8,4,3,fp32,fused,padded,thread_packet,8,8,1,1,8,none,fraction_lut_shared,fused/padded/thread_packet/x8/fraction_lut_shared,16777216,0,1,33554432,33554432,32,512,256,3,1,56,4.909088134765625,0.087662288120814738,-2524.59814453125,1
2026-08-16T21:23:18Z,NVIDIA H200 NVL,screen,normal_0_1,dot,lns,lns8_r3,8,4,3,fp32,fused,padded,thread_packet,8,8,1,1,8,none,fraction_lut_shared,fused/padded/thread_packet/x8/fraction_lut_shared,16777216,0,1,33554432,33554432,32,512,256,3,2,56,4.9066557884216309,0.087618853364671984,-2524.59814453125,1
2026-08-16T21:23:18Z,NVIDIA H200 NVL,screen,normal_0_1,gemv,lns,lns8_r3,8,4,3,fp32,fused,padded,thread_packet,8,8,1,1,8,none,fraction_lut_shared,fused/padded/thread_packet/x8/fraction_lut_shared,16384,1024,1024,16793600,16793600,32,1024,256,3,0,62,4.9241280555725098,0.079421420251169508,-49.242778778076172,1
2026-08-16T21:23:18Z,NVIDIA H200 NVL,screen,normal_0_1,gemv,lns,lns8_r3,8,4,3,fp32,fused,padded,thread_packet,8,8,1,1,8,none,fraction_lut_shared,fused/padded/thread_packet/x8/fraction_lut_shared,16384,1024,1024,16793600,16793600,32,1024,256,3,1,62,4.9231038093566895,0.079404900150914351,-49.242778778076172,1
2026-08-16T21:23:18Z,NVIDIA H200 NVL,screen,normal_0_1,gemv,lns,lns8_r3,8,4,3,fp32,fused,padded,thread_packet,8,8,1,1,8,none,fraction_lut_shared,fused/padded/thread_packet/x8/fraction_lut_shared,16384,1024,1024,16793600,16793600,32,1024,256,3,2,62,4.9215359687805176,0.079379612399685773,-49.242778778076172,1
2026-08-16T21:23:18Z,NVIDIA H200 NVL,screen,normal_0_1,dot,lns,lns8_r3,8,4,3,fp32,ordinary,padded,scalar,1,8,1,1,1,none,fraction_lut_warp,ordinary/padded/scalar/x1/fraction_lut_warp,16777216,0,1,33554432,33554432,32,512,256,3,0,38,5.0304641723632812,0.1323806361148232,-2524.599609375,1
2026-08-16T21:23:18Z,NVIDIA H200 NVL,screen,normal_0_1,dot,lns,lns8_r3,8,4,3,fp32,ordinary,padded,scalar,1,8,1,1,1,none,fraction_lut_warp,ordinary/padded/scalar/x1/fraction_lut_warp,16777216,0,1,33554432,33554432,32,512,256,3,1,38,5.0257282257080078,0.13225600593968442,-2524.599609375,1
2026-08-16T21:23:18Z,NVIDIA H200 NVL,screen,normal_0_1,dot,lns,lns8_r3,8,4,3,fp32,ordinary,padded,scalar,1,8,1,1,1,none,fraction_lut_warp,ordinary/padded/scalar/x1/fraction_lut_warp,16777216,0,1,33554432,33554432,32,512,256,3,2,38,5.0299839973449707,0.13236799993013082,-2524.599609375,1
2026-08-16T21:23:18Z,NVIDIA H200 NVL,screen,normal_0_1,gemv,lns,lns8_r3,8,4,3,fp32,ordinary,padded,scalar,1,8,1,1,1,none,fraction_lut_warp,ordinary/padded/scalar/x1/fraction_lut_warp,16384,1024,1024,16793600,16793600,32,1024,256,3,0,41,4.9040322303771973,0.11961054220432188,-49.2427978515625,1
2026-08-16T21:23:18Z,NVIDIA H200 NVL,screen,normal_0_1,gemv,lns,lns8_r3,8,4,3,fp32,ordinary,padded,scalar,1,8,1,1,1,none,fraction_lut_warp,ordinary/padded/scalar/x1/fraction_lut_warp,16384,1024,1024,16793600,16793600,32,1024,256,3,1,41,4.9024639129638672,0.11957229056009432,-49.2427978515625,1
2026-08-16T21:23:18Z,NVIDIA H200 NVL,screen,normal_0_1,gemv,lns,lns8_r3,8,4,3,fp32,ordinary,padded,scalar,1,8,1,1,1,none,fraction_lut_warp,ordinary/padded/scalar/x1/fraction_lut_warp,16384,1024,1024,16793600,16793600,32,1024,256,3,2,41,4.9046077728271484,0.1196245798250524,-49.2427978515625,1
2026-08-16T21:23:18Z,NVIDIA H200 NVL,screen,normal_0_1,dot,lns,lns8_r3,8,4,3,fp32,ordinary,padded,thread_packet,2,8,1,1,2,none,fraction_lut_warp,ordinary/padded/thread_packet/x2/fraction_lut_warp,16777216,0,1,33554432,33554432,32,512,256,3,0,38,5.0025601387023926,0.13164631943953664,-2524.60205078125,1
2026-08-16T21:23:18Z,NVIDIA H200 NVL,screen,normal_0_1,dot,lns,lns8_r3,8,4,3,fp32,ordinary,padded,thread_packet,2,8,1,1,2,none,fraction_lut_warp,ordinary/padded/thread_packet/x2/fraction_lut_warp,16777216,0,1,33554432,33554432,32,512,256,3,1,38,5.0009598731994629,0.13160420718945956,-2524.60205078125,1
2026-08-16T21:23:18Z,NVIDIA H200 NVL,screen,normal_0_1,dot,lns,lns8_r3,8,4,3,fp32,ordinary,padded,thread_packet,2,8,1,1,2,none,fraction_lut_warp,ordinary/padded/thread_packet/x2/fraction_lut_warp,16777216,0,1,33554432,33554432,32,512,256,3,2,38,5.0047998428344727,0.13170525902195981,-2524.60205078125,1
2026-08-16T21:23:18Z,NVIDIA H200 NVL,screen,normal_0_1,gemv,lns,lns8_r3,8,4,3,fp32,ordinary,padded,thread_packet,2,8,1,1,2,none,fraction_lut_warp,ordinary/padded/thread_packet/x2/fraction_lut_warp,16384,1024,1024,16793600,16793600,32,1024,256,3,0,42,4.9890241622924805,0.11878628957839239,-49.242782592773438,1
2026-08-16T21:23:18Z,NVIDIA H200 NVL,screen,normal_0_1,gemv,lns,lns8_r3,8,4,3,fp32,ordinary,padded,thread_packet,2,8,1,1,2,none,fraction_lut_warp,ordinary/padded/thread_packet/x2/fraction_lut_warp,16384,1024,1024,16793600,16793600,32,1024,256,3,1,42,4.9907197952270508,0.11882666179112025,-49.242782592773438,1
2026-08-16T21:23:18Z,NVIDIA H200 NVL,screen,normal_0_1,gemv,lns,lns8_r3,8,4,3,fp32,ordinary,padded,thread_packet,2,8,1,1,2,none,fraction_lut_warp,ordinary/padded/thread_packet/x2/fraction_lut_warp,16384,1024,1024,16793600,16793600,32,1024,256,3,2,42,4.9896640777587891,0.11880152566092354,-49.242782592773438,1
2026-08-16T21:23:18Z,NVIDIA H200 NVL,screen,normal_0_1,dot,lns,lns8_r3,8,4,3,fp32,ordinary,padded,thread_packet,4,8,1,1,4,none,fraction_lut_warp,ordinary/padded/thread_packet/x4/fraction_lut_warp,16777216,0,1,33554432,33554432,32,512,256,3,0,39,4.9768319129943848,0.12761107469216371,-2524.59912109375,1
2026-08-16T21:23:18Z,NVIDIA H200 NVL,screen,normal_0_1,dot,lns,lns8_r3,8,4,3,fp32,ordinary,padded,thread_packet,4,8,1,1,4,none,fraction_lut_warp,ordinary/padded/thread_packet/x4/fraction_lut_warp,16777216,0,1,33554432,33554432,32,512,256,3,1,39,4.9788479804992676,0.12766276873075044,-2524.59912109375,1
2026-08-16T21:23:18Z,NVIDIA H200 NVL,screen,normal_0_1,dot,lns,lns8_r3,8,4,3,fp32,ordinary,padded,thread_packet,4,8,1,1,4,none,fraction_lut_warp,ordinary/padded/thread_packet/x4/fraction_lut_warp,16777216,0,1,33554432,33554432,32,512,256,3,2,39,4.9764480590820312,0.12760123228415465,-2524.59912109375,1
2026-08-16T21:23:18Z,NVIDIA H200 NVL,screen,normal_0_1,gemv,lns,lns8_r3,8,4,3,fp32,ordinary,padded,thread_packet,4,8,1,1,4,none,fraction_lut_warp,ordinary/padded/thread_packet/x4/fraction_lut_warp,16384,1024,1024,16793600,16793600,32,1024,256,3,0,43,4.9690561294555664,0.11555944487105968,-49.242782592773438,1
2026-08-16T21:23:18Z,NVIDIA H200 NVL,screen,normal_0_1,gemv,lns,lns8_r3,8,4,3,fp32,ordinary,padded,thread_packet,4,8,1,1,4,none,fraction_lut_warp,ordinary/padded/thread_packet/x4/fraction_lut_warp,16384,1024,1024,16793600,16793600,32,1024,256,3,1,43,4.9614081382751465,0.11538158461104991,-49.242782592773438,1
2026-08-16T21:23:18Z,NVIDIA H200 NVL,screen,normal_0_1,gemv,lns,lns8_r3,8,4,3,fp32,ordinary,padded,thread_packet,4,8,1,1,4,none,fraction_lut_warp,ordinary/padded/thread_packet/x4/fraction_lut_warp,16384,1024,1024,16793600,16793600,32,1024,256,3,2,43,4.9623041152954102,0.11540242128593978,-49.242782592773438,1
2026-08-16T21:23:18Z,NVIDIA H200 NVL,screen,normal_0_1,dot,lns,lns8_r3,8,4,3,fp32,ordinary,padded,thread_packet,8,8,1,1,8,none,fraction_lut_warp,ordinary/padded/thread_packet/x8/fraction_lut_warp,16777216,0,1,33554432,33554432,32,512,256,3,0,39,5.04150390625,0.12926933092948717,-2524.598388671875,1
2026-08-16T21:23:18Z,NVIDIA H200 NVL,screen,normal_0_1,dot,lns,lns8_r3,8,4,3,fp32,ordinary,padded,thread_packet,8,8,1,1,8,none,fraction_lut_warp,ordinary/padded/thread_packet/x8/fraction_lut_warp,16777216,0,1,33554432,33554432,32,512,256,3,1,39,5.0395841598510742,0.12922010666284806,-2524.598388671875,1
2026-08-16T21:23:18Z,NVIDIA H200 NVL,screen,normal_0_1,dot,lns,lns8_r3,8,4,3,fp32,ordinary,padded,thread_packet,8,8,1,1,8,none,fraction_lut_warp,ordinary/padded/thread_packet/x8/fraction_lut_warp,16777216,0,1,33554432,33554432,32,512,256,3,2,39,5.0395522117614746,0.12921928748106346,-2524.598388671875,1
2026-08-16T21:23:18Z,NVIDIA H200 NVL,screen,normal_0_1,gemv,lns,lns8_r3,8,4,3,fp32,ordinary,padded,thread_packet,8,8,1,1,8,none,fraction_lut_warp,ordinary/padded/thread_packet/x8/fraction_lut_warp,16384,1024,1024,16793600,16793600,32,1024,256,3,0,42,4.9143362045288086,0.11700800486973353,-49.242744445800781,1
2026-08-16T21:23:18Z,NVIDIA H200 NVL,screen,normal_0_1,gemv,lns,lns8_r3,8,4,3,fp32,ordinary,padded,thread_packet,8,8,1,1,8,none,fraction_lut_warp,ordinary/padded/thread_packet/x8/fraction_lut_warp,16384,1024,1024,16793600,16793600,32,1024,256,3,1,42,4.9112319946289062,0.11693409511021205,-49.242744445800781,1
2026-08-16T21:23:18Z,NVIDIA H200 NVL,screen,normal_0_1,gemv,lns,lns8_r3,8,4,3,fp32,ordinary,padded,thread_packet,8,8,1,1,8,none,fraction_lut_warp,ordinary/padded/thread_packet/x8/fraction_lut_warp,16384,1024,1024,16793600,16793600,32,1024,256,3,2,42,4.916287899017334,0.117054473786127,-49.242744445800781,1
2026-08-16T21:23:18Z,NVIDIA H200 NVL,screen,normal_0_1,dot,lns,lns8_r3,8,4,3,fp32,fused,padded,scalar,1,8,1,1,1,none,fraction_lut_warp,fused/padded/scalar/x1/fraction_lut_warp,16777216,0,1,33554432,33554432,32,512,256,3,0,48,4.9348158836364746,0.10280866424242656,-2524.599853515625,1
2026-08-16T21:23:18Z,NVIDIA H200 NVL,screen,normal_0_1,dot,lns,lns8_r3,8,4,3,fp32,fused,padded,scalar,1,8,1,1,1,none,fraction_lut_warp,fused/padded/scalar/x1/fraction_lut_warp,16777216,0,1,33554432,33554432,32,512,256,3,1,48,4.9312000274658203,0.10273333390553792,-2524.599853515625,1
2026-08-16T21:23:18Z,NVIDIA H200 NVL,screen,normal_0_1,dot,lns,lns8_r3,8,4,3,fp32,fused,padded,scalar,1,8,1,1,1,none,fraction_lut_warp,fused/padded/scalar/x1/fraction_lut_warp,16777216,0,1,33554432,33554432,32,512,256,3,2,48,4.9292798042297363,0.10269332925478618,-2524.599853515625,1
2026-08-16T21:23:18Z,NVIDIA H200 NVL,screen,normal_0_1,gemv,lns,lns8_r3,8,4,3,fp32,fused,padded,scalar,1,8,1,1,1,none,fraction_lut_warp,fused/padded/scalar/x1/fraction_lut_warp,16384,1024,1024,16793600,16793600,32,1024,256,3,0,52,4.9008641242980957,0.094247387005732611,-49.242759704589844,1
2026-08-16T21:23:18Z,NVIDIA H200 NVL,screen,normal_0_1,gemv,lns,lns8_r3,8,4,3,fp32,fused,padded,scalar,1,8,1,1,1,none,fraction_lut_warp,fused/padded/scalar/x1/fraction_lut_warp,16384,1024,1024,16793600,16793600,32,1024,256,3,1,52,4.9009280204772949,0.094248615778409511,-49.242759704589844,1
2026-08-16T21:23:18Z,NVIDIA H200 NVL,screen,normal_0_1,gemv,lns,lns8_r3,8,4,3,fp32,fused,padded,scalar,1,8,1,1,1,none,fraction_lut_warp,fused/padded/scalar/x1/fraction_lut_warp,16384,1024,1024,16793600,16793600,32,1024,256,3,2,52,4.9020161628723145,0.094269541593698353,-49.242759704589844,1
2026-08-16T21:23:18Z,NVIDIA H200 NVL,screen,normal_0_1,dot,lns,lns8_r3,8,4,3,fp32,fused,padded,thread_packet,2,8,1,1,2,none,fraction_lut_warp,fused/padded/thread_packet/x2/fraction_lut_warp,16777216,0,1,33554432,33554432,32,512,256,3,0,47,4.8867521286010742,0.10397344954470371,-2524.60205078125,1
2026-08-16T21:23:18Z,NVIDIA H200 NVL,screen,normal_0_1,dot,lns,lns8_r3,8,4,3,fp32,fused,padded,thread_packet,2,8,1,1,2,none,fraction_lut_warp,fused/padded/thread_packet/x2/fraction_lut_warp,16777216,0,1,33554432,33554432,32,512,256,3,1,47,4.8862400054931641,0.10396255330836519,-2524.60205078125,1
2026-08-16T21:23:18Z,NVIDIA H200 NVL,screen,normal_0_1,dot,lns,lns8_r3,8,4,3,fp32,fused,padded,thread_packet,2,8,1,1,2,none,fraction_lut_warp,fused/padded/thread_packet/x2/fraction_lut_warp,16777216,0,1,33554432,33554432,32,512,256,3,2,47,4.8850240707397461,0.10393668235616481,-2524.60205078125,1
2026-08-16T21:23:18Z,NVIDIA H200 NVL,screen,normal_0_1,gemv,lns,lns8_r3,8,4,3,fp32,fused,padded,thread_packet,2,8,1,1,2,none,fraction_lut_warp,fused/padded/thread_packet/x2/fraction_lut_warp,16384,1024,1024,16793600,16793600,32,1024,256,3,0,52,4.9127359390258789,0.09447569113511306,-49.242759704589844,1
2026-08-16T21:23:18Z,NVIDIA H200 NVL,screen,normal_0_1,gemv,lns,lns8_r3,8,4,3,fp32,fused,padded,thread_packet,2,8,1,1,2,none,fraction_lut_warp,fused/padded/thread_packet/x2/fraction_lut_warp,16384,1024,1024,16793600,16793600,32,1024,256,3,1,52,4.9065918922424316,0.094357536389277533,-49.242759704589844,1
2026-08-16T21:23:18Z,NVIDIA H200 NVL,screen,normal_0_1,gemv,lns,lns8_r3,8,4,3,fp32,fused,padded,thread_packet,2,8,1,1,2,none,fraction_lut_warp,fused/padded/thread_packet/x2/fraction_lut_warp,16384,1024,1024,16793600,16793600,32,1024,256,3,2,52,4.9067201614379883,0.094360003104576692,-49.242759704589844,1
2026-08-16T21:23:18Z,NVIDIA H200 NVL,screen,normal_0_1,dot,lns,lns8_r3,8,4,3,fp32,fused,padded,thread_packet,4,8,1,1,4,none,fraction_lut_warp,fused/padded/thread_packet/x4/fraction_lut_warp,16777216,0,1,33554432,33554432,32,512,256,3,0,49,4.888512134552002,0.099765553766367393,-2524.6005859375,1
2026-08-16T21:23:18Z,NVIDIA H200 NVL,screen,normal_0_1,dot,lns,lns8_r3,8,4,3,fp32,fused,padded,thread_packet,4,8,1,1,4,none,fraction_lut_warp,fused/padded/thread_packet/x4/fraction_lut_warp,16777216,0,1,33554432,33554432,32,512,256,3,1,49,4.882080078125,0.099634287308673464,-2524.6005859375,1
2026-08-16T21:23:18Z,NVIDIA H200 NVL,screen,normal_0_1,dot,lns,lns8_r3,8,4,3,fp32,fused,padded,thread_packet,4,8,1,1,4,none,fraction_lut_warp,fused/padded/thread_packet/x4/fraction_lut_warp,16777216,0,1,33554432,33554432,32,512,256,3,2,49,4.8805441856384277,0.099602942564049543,-2524.6005859375,1
2026-08-16T21:23:18Z,NVIDIA H200 NVL,screen,normal_0_1,gemv,lns,lns8_r3,8,4,3,fp32,fused,padded,thread_packet,4,8,1,1,4,none,fraction_lut_warp,fused/padded/thread_packet/x4/fraction_lut_warp,16384,1024,1024,16793600,16793600,32,1024,256,3,0,54,4.9197440147399902,0.091106370643333157,-49.242767333984375,1
2026-08-16T21:23:18Z,NVIDIA H200 NVL,screen,normal_0_1,gemv,lns,lns8_r3,8,4,3,fp32,fused,padded,thread_packet,4,8,1,1,4,none,fraction_lut_warp,fused/padded/thread_packet/x4/fraction_lut_warp,16384,1024,1024,16793600,16793600,32,1024,256,3,1,54,4.9168000221252441,0.091051852261578595,-49.242767333984375,1
2026-08-16T21:23:18Z,NVIDIA H200 NVL,screen,normal_0_1,gemv,lns,lns8_r3,8,4,3,fp32,fused,padded,thread_packet,4,8,1,1,4,none,fraction_lut_warp,fused/padded/thread_packet/x4/fraction_lut_warp,16384,1024,1024,16793600,16793600,32,1024,256,3,2,54,4.9176640510559082,0.091067852797331636,-49.242767333984375,1
2026-08-16T21:23:18Z,NVIDIA H200 NVL,screen,normal_0_1,dot,lns,lns8_r3,8,4,3,fp32,fused,padded,thread_packet,8,8,1,1,8,none,fraction_lut_warp,fused/padded/thread_packet/x8/fraction_lut_warp,16777216,0,1,33554432,33554432,32,512,256,3,0,49,4.928959846496582,0.10059101727544045,-2524.59814453125,1
2026-08-16T21:23:18Z,NVIDIA H200 NVL,screen,normal_0_1,dot,lns,lns8_r3,8,4,3,fp32,fused,padded,thread_packet,8,8,1,1,8,none,fraction_lut_warp,fused/padded/thread_packet/x8/fraction_lut_warp,16777216,0,1,33554432,33554432,32,512,256,3,1,49,4.9264960289001465,0.10054073528367646,-2524.59814453125,1
2026-08-16T21:23:18Z,NVIDIA H200 NVL,screen,normal_0_1,dot,lns,lns8_r3,8,4,3,fp32,fused,padded,thread_packet,8,8,1,1,8,none,fraction_lut_warp,fused/padded/thread_packet/x8/fraction_lut_warp,16777216,0,1,33554432,33554432,32,512,256,3,2,49,4.9448318481445312,0.100914935676419,-2524.59814453125,1
2026-08-16T21:23:18Z,NVIDIA H200 NVL,screen,normal_0_1,gemv,lns,lns8_r3,8,4,3,fp32,fused,padded,thread_packet,8,8,1,1,8,none,fraction_lut_warp,fused/padded/thread_packet/x8/fraction_lut_warp,16384,1024,1024,16793600,16793600,32,1024,256,3,0,53,4.8780479431152344,0.092038640436136493,-49.242778778076172,1
2026-08-16T21:23:18Z,NVIDIA H200 NVL,screen,normal_0_1,gemv,lns,lns8_r3,8,4,3,fp32,fused,padded,thread_packet,8,8,1,1,8,none,fraction_lut_warp,fused/padded/thread_packet/x8/fraction_lut_warp,16384,1024,1024,16793600,16793600,32,1024,256,3,1,53,4.8802242279052734,0.092079702413307041,-49.242778778076172,1
2026-08-16T21:23:18Z,NVIDIA H200 NVL,screen,normal_0_1,gemv,lns,lns8_r3,8,4,3,fp32,fused,padded,thread_packet,8,8,1,1,8,none,fraction_lut_warp,fused/padded/thread_packet/x8/fraction_lut_warp,16384,1024,1024,16793600,16793600,32,1024,256,3,2,53,4.8779520988464355,0.09203683205370633,-49.242778778076172,1
2026-08-16T21:23:18Z,NVIDIA H200 NVL,screen,normal_0_1,dot,lns,lns8_r3,8,4,3,fp32,fused,padded,scalar,1,8,1,1,1,none,fused_sum_lut_global,fused/padded/scalar/x1/fused_sum_lut_global,16777216,0,1,33554432,33554432,1024,512,256,3,0,76,4.8676800727844238,0.064048422010321363,-2524.599853515625,1
2026-08-16T21:23:18Z,NVIDIA H200 NVL,screen,normal_0_1,dot,lns,lns8_r3,8,4,3,fp32,fused,padded,scalar,1,8,1,1,1,none,fused_sum_lut_global,fused/padded/scalar/x1/fused_sum_lut_global,16777216,0,1,33554432,33554432,1024,512,256,3,1,76,4.8691201210021973,0.064067370013186811,-2524.599853515625,1
2026-08-16T21:23:18Z,NVIDIA H200 NVL,screen,normal_0_1,dot,lns,lns8_r3,8,4,3,fp32,fused,padded,scalar,1,8,1,1,1,none,fused_sum_lut_global,fused/padded/scalar/x1/fused_sum_lut_global,16777216,0,1,33554432,33554432,1024,512,256,3,2,76,4.8680319786071777,0.064053052350094439,-2524.599853515625,1
2026-08-16T21:23:18Z,NVIDIA H200 NVL,screen,normal_0_1,gemv,lns,lns8_r3,8,4,3,fp32,fused,padded,scalar,1,8,1,1,1,none,fused_sum_lut_global,fused/padded/scalar/x1/fused_sum_lut_global,16384,1024,1024,16793600,16793600,1024,1024,256,3,0,82,4.8349437713623047,0.058962728919052493,-49.242759704589844,1
2026-08-16T21:23:18Z,NVIDIA H200 NVL,screen,normal_0_1,gemv,lns,lns8_r3,8,4,3,fp32,fused,padded,scalar,1,8,1,1,1,none,fused_sum_lut_global,fused/padded/scalar/x1/fused_sum_lut_global,16384,1024,1024,16793600,16793600,1024,1024,256,3,1,82,4.8328638076782227,0.058937363508271008,-49.242759704589844,1
2026-08-16T21:23:18Z,NVIDIA H200 NVL,screen,normal_0_1,gemv,lns,lns8_r3,8,4,3,fp32,fused,padded,scalar,1,8,1,1,1,none,fused_sum_lut_global,fused/padded/scalar/x1/fused_sum_lut_global,16384,1024,1024,16793600,16793600,1024,1024,256,3,2,82,4.8345279693603516,0.058957658162931116,-49.242759704589844,1
2026-08-16T21:23:18Z,NVIDIA H200 NVL,screen,normal_0_1,dot,lns,lns8_r3,8,4,3,fp32,fused,padded,thread_packet,2,8,1,1,2,none,fused_sum_lut_global,fused/padded/thread_packet/x2/fused_sum_lut_global,16777216,0,1,33554432,33554432,1024,512,256,3,0,73,4.829887866973877,0.066162847492792831,-2524.60205078125,1
2026-08-16T21:23:18Z,NVIDIA H200 NVL,screen,normal_0_1,dot,lns,lns8_r3,8,4,3,fp32,fused,padded,thread_packet,2,8,1,1,2,none,fused_sum_lut_global,fused/padded/thread_packet/x2/fused_sum_lut_global,16777216,0,1,33554432,33554432,1024,512,256,3,1,73,4.8298239707946777,0.066161972202666813,-2524.60205078125,1
2026-08-16T21:23:18Z,NVIDIA H200 NVL,screen,normal_0_1,dot,lns,lns8_r3,8,4,3,fp32,fused,padded,thread_packet,2,8,1,1,2,none,fused_sum_lut_global,fused/padded/thread_packet/x2/fused_sum_lut_global,16777216,0,1,33554432,33554432,1024,512,256,3,2,73,4.8289279937744141,0.066149698544854987,-2524.60205078125,1
2026-08-16T21:23:18Z,NVIDIA H200 NVL,screen,normal_0_1,gemv,lns,lns8_r3,8,4,3,fp32,fused,padded,thread_packet,2,8,1,1,2,none,fused_sum_lut_global,fused/padded/thread_packet/x2/fused_sum_lut_global,16384,1024,1024,16793600,16793600,1024,1024,256,3,0,81,4.8271679878234863,0.059594666516339337,-49.242759704589844,1
2026-08-16T21:23:18Z,NVIDIA H200 NVL,screen,normal_0_1,gemv,lns,lns8_r3,8,4,3,fp32,fused,padded,thread_packet,2,8,1,1,2,none,fused_sum_lut_global,fused/padded/thread_packet/x2/fused_sum_lut_global,16384,1024,1024,16793600,16793600,1024,1024,256,3,1,81,4.8259201049804688,0.059579260555314428,-49.242759704589844,1
2026-08-16T21:23:18Z,NVIDIA H200 NVL,screen,normal_0_1,gemv,lns,lns8_r3,8,4,3,fp32,fused,padded,thread_packet,2,8,1,1,2,none,fused_sum_lut_global,fused/padded/thread_packet/x2/fused_sum_lut_global,16384,1024,1024,16793600,16793600,1024,1024,256,3,2,81,4.8263039588928223,0.059583999492503981,-49.242759704589844,1
2026-08-16T21:23:18Z,NVIDIA H200 NVL,screen,normal_0_1,dot,lns,lns8_r3,8,4,3,fp32,fused,padded,thread_packet,4,8,1,1,4,none,fused_sum_lut_global,fused/padded/thread_packet/x4/fused_sum_lut_global,16777216,0,1,33554432,33554432,1024,512,256,3,0,78,4.9034881591796875,0.062865232809995994,-2524.6005859375,1
2026-08-16T21:23:18Z,NVIDIA H200 NVL,screen,normal_0_1,dot,lns,lns8_r3,8,4,3,fp32,fused,padded,thread_packet,4,8,1,1,4,none,fused_sum_lut_global,fused/padded/thread_packet/x4/fused_sum_lut_global,16777216,0,1,33554432,33554432,1024,512,256,3,1,78,4.9041600227355957,0.062873846445328146,-2524.6005859375,1
2026-08-16T21:23:18Z,NVIDIA H200 NVL,screen,normal_0_1,dot,lns,lns8_r3,8,4,3,fp32,fused,padded,thread_packet,4,8,1,1,4,none,fused_sum_lut_global,fused/padded/thread_packet/x4/fused_sum_lut_global,16777216,0,1,33554432,33554432,1024,512,256,3,2,78,4.9033279418945312,0.062863178742237583,-2524.6005859375,1
2026-08-16T21:23:18Z,NVIDIA H200 NVL,screen,normal_0_1,gemv,lns,lns8_r3,8,4,3,fp32,fused,padded,thread_packet,4,8,1,1,4,none,fused_sum_lut_global,fused/padded/thread_packet/x4/fused_sum_lut_global,16384,1024,1024,16793600,16793600,1024,1024,256,3,0,85,4.8000001907348633,0.056470590479233689,-49.242767333984375,1
2026-08-16T21:23:18Z,NVIDIA H200 NVL,screen,normal_0_1,gemv,lns,lns8_r3,8,4,3,fp32,fused,padded,thread_packet,4,8,1,1,4,none,fused_sum_lut_global,fused/padded/thread_packet/x4/fused_sum_lut_global,16384,1024,1024,16793600,16793600,1024,1024,256,3,1,85,4.8014397621154785,0.056487526613123278,-49.242767333984375,1
2026-08-16T21:23:18Z,NVIDIA H200 NVL,screen,normal_0_1,gemv,lns,lns8_r3,8,4,3,fp32,fused,padded,thread_packet,4,8,1,1,4,none,fused_sum_lut_global,fused/padded/thread_packet/x4/fused_sum_lut_global,16384,1024,1024,16793600,16793600,1024,1024,256,3,2,85,4.7996158599853516,0.056466068941004137,-49.242767333984375,1
2026-08-16T21:23:18Z,NVIDIA H200 NVL,screen,normal_0_1,dot,lns,lns8_r3,8,4,3,fp32,fused,padded,thread_packet,8,8,1,1,8,none,fused_sum_lut_global,fused/padded/thread_packet/x8/fused_sum_lut_global,16777216,0,1,33554432,33554432,1024,512,256,3,0,76,4.8519678115844727,0.063841681731374639,-2524.59814453125,1
2026-08-16T21:23:18Z,NVIDIA H200 NVL,screen,normal_0_1,dot,lns,lns8_r3,8,4,3,fp32,fused,padded,thread_packet,8,8,1,1,8,none,fused_sum_lut_global,fused/padded/thread_packet/x8/fused_sum_lut_global,16777216,0,1,33554432,33554432,1024,512,256,3,1,76,4.855231761932373,0.063884628446478589,-2524.59814453125,1
2026-08-16T21:23:18Z,NVIDIA H200 NVL,screen,normal_0_1,dot,lns,lns8_r3,8,4,3,fp32,fused,padded,thread_packet,8,8,1,1,8,none,fused_sum_lut_global,fused/padded/thread_packet/x8/fused_sum_lut_global,16777216,0,1,33554432,33554432,1024,512,256,3,2,76,4.8519678115844727,0.063841681731374639,-2524.59814453125,1
2026-08-16T21:23:18Z,NVIDIA H200 NVL,screen,normal_0_1,gemv,lns,lns8_r3,8,4,3,fp32,fused,padded,thread_packet,8,8,1,1,8,none,fused_sum_lut_global,fused/padded/thread_packet/x8/fused_sum_lut_global,16384,1024,1024,16793600,16793600,1024,1024,256,3,0,84,4.8326401710510254,0.057531430607750303,-49.242778778076172,1
2026-08-16T21:23:18Z,NVIDIA H200 NVL,screen,normal_0_1,gemv,lns,lns8_r3,8,4,3,fp32,fused,padded,thread_packet,8,8,1,1,8,none,fused_sum_lut_global,fused/padded/thread_packet/x8/fused_sum_lut_global,16384,1024,1024,16793600,16793600,1024,1024,256,3,1,84,4.8340802192687988,0.057548574038914273,-49.242778778076172,1
2026-08-16T21:23:18Z,NVIDIA H200 NVL,screen,normal_0_1,gemv,lns,lns8_r3,8,4,3,fp32,fused,padded,thread_packet,8,8,1,1,8,none,fused_sum_lut_global,fused/padded/thread_packet/x8/fused_sum_lut_global,16384,1024,1024,16793600,16793600,1024,1024,256,3,2,84,4.8334717750549316,0.057541330655415855,-49.242778778076172,1
2026-08-16T21:23:18Z,NVIDIA H200 NVL,screen,normal_0_1,dot,lns,lns8_r3,8,4,3,fp32,fused,padded,scalar,1,8,1,1,1,none,fused_sum_lut_shared,fused/padded/scalar/x1/fused_sum_lut_shared,16777216,0,1,33554432,33554432,1024,512,256,3,0,82,4.8622398376464844,0.059295607776176637,-2524.599853515625,1
2026-08-16T21:23:18Z,NVIDIA H200 NVL,screen,normal_0_1,dot,lns,lns8_r3,8,4,3,fp32,fused,padded,scalar,1,8,1,1,1,none,fused_sum_lut_shared,fused/padded/scalar/x1/fused_sum_lut_shared,16777216,0,1,33554432,33554432,1024,512,256,3,1,82,4.8584318161010742,0.059249168489037489,-2524.599853515625,1
2026-08-16T21:23:18Z,NVIDIA H200 NVL,screen,normal_0_1,dot,lns,lns8_r3,8,4,3,fp32,fused,padded,scalar,1,8,1,1,1,none,fused_sum_lut_shared,fused/padded/scalar/x1/fused_sum_lut_shared,16777216,0,1,33554432,33554432,1024,512,256,3,2,82,4.8584637641906738,0.059249558099886267,-2524.599853515625,1
2026-08-16T21:23:18Z,NVIDIA H200 NVL,screen,normal_0_1,gemv,lns,lns8_r3,8,4,3,fp32,fused,padded,scalar,1,8,1,1,1,none,fused_sum_lut_shared,fused/padded/scalar/x1/fused_sum_lut_shared,16384,1024,1024,16793600,16793600,1024,1024,256,3,0,89,4.8476800918579102,0.054468315638852925,-49.242759704589844,1
2026-08-16T21:23:18Z,NVIDIA H200 NVL,screen,normal_0_1,gemv,lns,lns8_r3,8,4,3,fp32,fused,padded,scalar,1,8,1,1,1,none,fused_sum_lut_shared,fused/padded/scalar/x1/fused_sum_lut_shared,16384,1024,1024,16793600,16793600,1024,1024,256,3,1,89,4.8447999954223633,0.054435955004745656,-49.242759704589844,1
2026-08-16T21:23:18Z,NVIDIA H200 NVL,screen,normal_0_1,gemv,lns,lns8_r3,8,4,3,fp32,fused,padded,scalar,1,8,1,1,1,none,fused_sum_lut_shared,fused/padded/scalar/x1/fused_sum_lut_shared,16384,1024,1024,16793600,16793600,1024,1024,256,3,2,89,4.8479361534118652,0.054471192734964778,-49.242759704589844,1
2026-08-16T21:23:18Z,NVIDIA H200 NVL,screen,normal_0_1,dot,lns,lns8_r3,8,4,3,fp32,fused,padded,thread_packet,2,8,1,1,2,none,fused_sum_lut_shared,fused/padded/thread_packet/x2/fused_sum_lut_shared,16777216,0,1,33554432,33554432,1024,512,256,3,0,78,4.8797440528869629,0.062560821190858498,-2524.60205078125,1
2026-08-16T21:23:18Z,NVIDIA H200 NVL,screen,normal_0_1,dot,lns,lns8_r3,8,4,3,fp32,fused,padded,thread_packet,2,8,1,1,2,none,fused_sum_lut_shared,fused/padded/thread_packet/x2/fused_sum_lut_shared,16777216,0,1,33554432,33554432,1024,512,256,3,1,78,4.8785281181335449,0.062545232283763394,-2524.60205078125,1
2026-08-16T21:23:18Z,NVIDIA H200 NVL,screen,normal_0_1,dot,lns,lns8_r3,8,4,3,fp32,fused,padded,thread_packet,2,8,1,1,2,none,fused_sum_lut_shared,fused/padded/thread_packet/x2/fused_sum_lut_shared,16777216,0,1,33554432,33554432,1024,512,256,3,2,78,4.8803520202636719,0.06256861564440605,-2524.60205078125,1
2026-08-16T21:23:18Z,NVIDIA H200 NVL,screen,normal_0_1,gemv,lns,lns8_r3,8,4,3,fp32,fused,padded,thread_packet,2,8,1,1,2,none,fused_sum_lut_shared,fused/padded/thread_packet/x2/fused_sum_lut_shared,16384,1024,1024,16793600,16793600,1024,1024,256,3,0,86,4.8506240844726562,0.056402605633402977,-49.242759704589844,1
2026-08-16T21:23:18Z,NVIDIA H200 NVL,screen,normal_0_1,gemv,lns,lns8_r3,8,4,3,fp32,fused,padded,thread_packet,2,8,1,1,2,none,fused_sum_lut_shared,fused/padded/thread_packet/x2/fused_sum_lut_shared,16384,1024,1024,16793600,16793600,1024,1024,256,3,1,86,4.8499841690063477,0.056395164755887767,-49.242759704589844,1
2026-08-16T21:23:18Z,NVIDIA H200 NVL,screen,normal_0_1,gemv,lns,lns8_r3,8,4,3,fp32,fused,padded,thread_packet,2,8,1,1,2,none,fused_sum_lut_shared,fused/padded/thread_packet/x2/fused_sum_lut_shared,16384,1024,1024,16793600,16793600,1024,1024,256,3,2,86,4.8527359962463379,0.056427162747050438,-49.242759704589844,1
2026-08-16T21:23:18Z,NVIDIA H200 NVL,screen,normal_0_1,dot,lns,lns8_r3,8,4,3,fp32,fused,padded,thread_packet,4,8,1,1,4,none,fused_sum_lut_shared,fused/padded/thread_packet/x4/fused_sum_lut_shared,16777216,0,1,33554432,33554432,1024,512,256,3,0,82,4.8372159004211426,0.058990437810013931,-2524.6005859375,1
2026-08-16T21:23:18Z,NVIDIA H200 NVL,screen,normal_0_1,dot,lns,lns8_r3,8,4,3,fp32,fused,padded,thread_packet,4,8,1,1,4,none,fused_sum_lut_shared,fused/padded/thread_packet/x4/fused_sum_lut_shared,16777216,0,1,33554432,33554432,1024,512,256,3,1,82,4.8368959426879883,0.05898653588643888,-2524.6005859375,1
2026-08-16T21:23:18Z,NVIDIA H200 NVL,screen,normal_0_1,dot,lns,lns8_r3,8,4,3,fp32,fused,padded,thread_packet,4,8,1,1,4,none,fused_sum_lut_shared,fused/padded/thread_packet/x4/fused_sum_lut_shared,16777216,0,1,33554432,33554432,1024,512,256,3,2,82,4.8404159545898438,0.059029462860851756,-2524.6005859375,1
2026-08-16T21:23:18Z,NVIDIA H200 NVL,screen,normal_0_1,gemv,lns,lns8_r3,8,4,3,fp32,fused,padded,thread_packet,4,8,1,1,4,none,fused_sum_lut_shared,fused/padded/thread_packet/x4/fused_sum_lut_shared,16384,1024,1024,16793600,16793600,1024,1024,256,3,0,91,4.8140802383422852,0.052901980641124009,-49.242767333984375,1
2026-08-16T21:23:18Z,NVIDIA H200 NVL,screen,normal_0_1,gemv,lns,lns8_r3,8,4,3,fp32,fused,padded,thread_packet,4,8,1,1,4,none,fused_sum_lut_shared,fused/padded/thread_packet/x4/fused_sum_lut_shared,16384,1024,1024,16793600,16793600,1024,1024,256,3,1,91,4.8148159980773926,0.052910065912938377,-49.242767333984375,1
2026-08-16T21:23:18Z,NVIDIA H200 NVL,screen,normal_0_1,gemv,lns,lns8_r3,8,4,3,fp32,fused,padded,thread_packet,4,8,1,1,4,none,fused_sum_lut_shared,fused/padded/thread_packet/x4/fused_sum_lut_shared,16384,1024,1024,16793600,16793600,1024,1024,256,3,2,91,4.8134078979492188,0.05289459228515625,-49.242767333984375,1
2026-08-16T21:23:18Z,NVIDIA H200 NVL,screen,normal_0_1,dot,lns,lns8_r3,8,4,3,fp32,fused,padded,thread_packet,8,8,1,1,8,none,fused_sum_lut_shared,fused/padded/thread_packet/x8/fused_sum_lut_shared,16777216,0,1,33554432,33554432,1024,512,256,3,0,81,4.9063358306884766,0.060572047292450325,-2524.59814453125,1
2026-08-16T21:23:18Z,NVIDIA H200 NVL,screen,normal_0_1,dot,lns,lns8_r3,8,4,3,fp32,fused,padded,thread_packet,8,8,1,1,8,none,fused_sum_lut_shared,fused/padded/thread_packet/x8/fused_sum_lut_shared,16777216,0,1,33554432,33554432,1024,512,256,3,1,81,4.9036159515380859,0.060538468537507231,-2524.59814453125,1
2026-08-16T21:23:18Z,NVIDIA H200 NVL,screen,normal_0_1,dot,lns,lns8_r3,8,4,3,fp32,fused,padded,thread_packet,8,8,1,1,8,none,fused_sum_lut_shared,fused/padded/thread_packet/x8/fused_sum_lut_shared,16777216,0,1,33554432,33554432,1024,512,256,3,2,81,4.9288320541381836,0.060849778446150415,-2524.59814453125,1
2026-08-16T21:23:18Z,NVIDIA H200 NVL,screen,normal_0_1,gemv,lns,lns8_r3,8,4,3,fp32,fused,padded,thread_packet,8,8,1,1,8,none,fused_sum_lut_shared,fused/padded/thread_packet/x8/fused_sum_lut_shared,16384,1024,1024,16793600,16793600,1024,1024,256,3,0,87,4.7691202163696289,0.054817473751375044,-49.242778778076172,1
2026-08-16T21:23:18Z,NVIDIA H200 NVL,screen,normal_0_1,gemv,lns,lns8_r3,8,4,3,fp32,fused,padded,thread_packet,8,8,1,1,8,none,fused_sum_lut_shared,fused/padded/thread_packet/x8/fused_sum_lut_shared,16384,1024,1024,16793600,16793600,1024,1024,256,3,1,87,4.7693438529968262,0.05482004428731984,-49.242778778076172,1
2026-08-16T21:23:18Z,NVIDIA H200 NVL,screen,normal_0_1,gemv,lns,lns8_r3,8,4,3,fp32,fused,padded,thread_packet,8,8,1,1,8,none,fused_sum_lut_shared,fused/padded/thread_packet/x8/fused_sum_lut_shared,16384,1024,1024,16793600,16793600,1024,1024,256,3,2,87,4.7687358856201172,0.054813056156553068,-49.242778778076172,1
2026-08-16T21:23:18Z,NVIDIA H200 NVL,screen,normal_0_1,dot,lns,lns8_r3,8,4,3,fp64,ordinary,padded,scalar,1,8,1,1,1,none,reference_exp2,ordinary/padded/scalar/x1/reference_exp2,16777216,0,1,33554432,33554432,0,512,256,3,0,41,4.9022397994995117,0.11956682437803687,-2524.5998039354704,1
2026-08-16T21:23:18Z,NVIDIA H200 NVL,screen,normal_0_1,dot,lns,lns8_r3,8,4,3,fp64,ordinary,padded,scalar,1,8,1,1,1,none,reference_exp2,ordinary/padded/scalar/x1/reference_exp2,16777216,0,1,33554432,33554432,0,512,256,3,1,41,4.899360179901123,0.11949658975368593,-2524.5998039354704,1
2026-08-16T21:23:18Z,NVIDIA H200 NVL,screen,normal_0_1,dot,lns,lns8_r3,8,4,3,fp64,ordinary,padded,scalar,1,8,1,1,1,none,reference_exp2,ordinary/padded/scalar/x1/reference_exp2,16777216,0,1,33554432,33554432,0,512,256,3,2,41,4.9076800346374512,0.11969951303993784,-2524.5998039354704,1
2026-08-16T21:23:18Z,NVIDIA H200 NVL,screen,normal_0_1,gemv,lns,lns8_r3,8,4,3,fp64,ordinary,padded,scalar,1,8,1,1,1,none,reference_exp2,ordinary/padded/scalar/x1/reference_exp2,16384,1024,1024,16793600,16793600,0,1024,256,3,0,45,4.9410881996154785,0.10980195999145508,-49.242773333202877,1
2026-08-16T21:23:18Z,NVIDIA H200 NVL,screen,normal_0_1,gemv,lns,lns8_r3,8,4,3,fp64,ordinary,padded,scalar,1,8,1,1,1,none,reference_exp2,ordinary/padded/scalar/x1/reference_exp2,16384,1024,1024,16793600,16793600,0,1024,256,3,1,45,4.9539198875427246,0.11008710861206054,-49.242773333202877,1
2026-08-16T21:23:18Z,NVIDIA H200 NVL,screen,normal_0_1,gemv,lns,lns8_r3,8,4,3,fp64,ordinary,padded,scalar,1,8,1,1,1,none,reference_exp2,ordinary/padded/scalar/x1/reference_exp2,16384,1024,1024,16793600,16793600,0,1024,256,3,2,45,4.9330239295959473,0.10962275399102105,-49.242773333202877,1
2026-08-16T21:23:18Z,NVIDIA H200 NVL,screen,normal_0_1,dot,lns,lns8_r3,8,4,3,fp64,fused,padded,scalar,1,8,1,1,1,none,reference_exp2,fused/padded/scalar/x1/reference_exp2,16777216,0,1,33554432,33554432,0,512,256,3,0,55,4.9437761306762695,0.089886838739568542,-2524.5998039354718,1
2026-08-16T21:23:18Z,NVIDIA H200 NVL,screen,normal_0_1,dot,lns,lns8_r3,8,4,3,fp64,fused,padded,scalar,1,8,1,1,1,none,reference_exp2,fused/padded/scalar/x1/reference_exp2,16777216,0,1,33554432,33554432,0,512,256,3,1,55,4.9462399482727051,0.089931635423140088,-2524.5998039354718,1
2026-08-16T21:23:18Z,NVIDIA H200 NVL,screen,normal_0_1,dot,lns,lns8_r3,8,4,3,fp64,fused,padded,scalar,1,8,1,1,1,none,reference_exp2,fused/padded/scalar/x1/reference_exp2,16777216,0,1,33554432,33554432,0,512,256,3,2,55,4.9383997917175293,0.089789087122136901,-2524.5998039354718,1
2026-08-16T21:23:18Z,NVIDIA H200 NVL,screen,normal_0_1,gemv,lns,lns8_r3,8,4,3,fp64,fused,padded,scalar,1,8,1,1,1,none,reference_exp2,fused/padded/scalar/x1/reference_exp2,16384,1024,1024,16793600,16793600,0,1024,256,3,0,57,4.8758077621459961,0.085540487055192918,-49.242773333202905,1
2026-08-16T21:23:18Z,NVIDIA H200 NVL,screen,normal_0_1,gemv,lns,lns8_r3,8,4,3,fp64,fused,padded,scalar,1,8,1,1,1,none,reference_exp2,fused/padded/scalar/x1/reference_exp2,16384,1024,1024,16793600,16793600,0,1024,256,3,1,57,4.8543682098388672,0.085164354558576613,-49.242773333202905,1
2026-08-16T21:23:18Z,NVIDIA H200 NVL,screen,normal_0_1,gemv,lns,lns8_r3,8,4,3,fp64,fused,padded,scalar,1,8,1,1,1,none,reference_exp2,fused/padded/scalar/x1/reference_exp2,16384,1024,1024,16793600,16793600,0,1024,256,3,2,57,4.8553919792175293,0.08518231542486894,-49.242773333202905,1
2026-08-16T21:23:18Z,NVIDIA H200 NVL,screen,normal_0_1,dot,lns,lns8_r3,8,4,3,fp64,ordinary,padded,scalar,1,8,1,1,1,none,ex2_approx,ordinary/padded/scalar/x1/ex2_approx,16777216,0,1,33554432,33554432,0,512,256,3,0,83,4.8498878479003906,0.058432383709643258,-2524.5993347886852,1
2026-08-16T21:23:18Z,NVIDIA H200 NVL,screen,normal_0_1,dot,lns,lns8_r3,8,4,3,fp64,ordinary,padded,scalar,1,8,1,1,1,none,ex2_approx,ordinary/padded/scalar/x1/ex2_approx,16777216,0,1,33554432,33554432,0,512,256,3,1,83,4.8485441207885742,0.058416194226368366,-2524.5993347886852,1
2026-08-16T21:23:18Z,NVIDIA H200 NVL,screen,normal_0_1,dot,lns,lns8_r3,8,4,3,fp64,ordinary,padded,scalar,1,8,1,1,1,none,ex2_approx,ordinary/padded/scalar/x1/ex2_approx,16777216,0,1,33554432,33554432,0,512,256,3,2,83,4.8426880836486816,0.058345639562032307,-2524.5993347886852,1
2026-08-16T21:23:18Z,NVIDIA H200 NVL,screen,normal_0_1,gemv,lns,lns8_r3,8,4,3,fp64,ordinary,padded,scalar,1,8,1,1,1,none,ex2_approx,ordinary/padded/scalar/x1/ex2_approx,16384,1024,1024,16793600,16793600,0,1024,256,3,0,86,4.8499197959899902,0.056394416232441749,-49.242773438135565,1
2026-08-16T21:23:18Z,NVIDIA H200 NVL,screen,normal_0_1,gemv,lns,lns8_r3,8,4,3,fp64,ordinary,padded,scalar,1,8,1,1,1,none,ex2_approx,ordinary/padded/scalar/x1/ex2_approx,16384,1024,1024,16793600,16793600,0,1024,256,3,1,86,4.8525757789611816,0.056425299755362576,-49.242773438135565,1
2026-08-16T21:23:18Z,NVIDIA H200 NVL,screen,normal_0_1,gemv,lns,lns8_r3,8,4,3,fp64,ordinary,padded,scalar,1,8,1,1,1,none,ex2_approx,ordinary/padded/scalar/x1/ex2_approx,16384,1024,1024,16793600,16793600,0,1024,256,3,2,86,4.8512320518493652,0.056409675021504249,-49.242773438135565,1
2026-08-16T21:23:18Z,NVIDIA H200 NVL,screen,normal_0_1,dot,lns,lns8_r3,8,4,3,fp64,ordinary,padded,thread_packet,2,8,1,1,2,none,ex2_approx,ordinary/padded/thread_packet/x2/ex2_approx,16777216,0,1,33554432,33554432,0,512,256,3,0,82,4.8200321197509766,0.058780879509158251,-2524.5993347886861,1
2026-08-16T21:23:18Z,NVIDIA H200 NVL,screen,normal_0_1,dot,lns,lns8_r3,8,4,3,fp64,ordinary,padded,thread_packet,2,8,1,1,2,none,ex2_approx,ordinary/padded/thread_packet/x2/ex2_approx,16777216,0,1,33554432,33554432,0,512,256,3,1,82,4.8217282295227051,0.058801563774667137,-2524.5993347886861,1
2026-08-16T21:23:18Z,NVIDIA H200 NVL,screen,normal_0_1,dot,lns,lns8_r3,8,4,3,fp64,ordinary,padded,thread_packet,2,8,1,1,2,none,ex2_approx,ordinary/padded/thread_packet/x2/ex2_approx,16777216,0,1,33554432,33554432,0,512,256,3,2,82,4.8193597793579102,0.058772680236072072,-2524.5993347886861,1
2026-08-16T21:23:18Z,NVIDIA H200 NVL,screen,normal_0_1,gemv,lns,lns8_r3,8,4,3,fp64,ordinary,padded,thread_packet,2,8,1,1,2,none,ex2_approx,ordinary/padded/thread_packet/x2/ex2_approx,16384,1024,1024,16793600,16793600,0,1024,256,3,0,89,4.8518719673156738,0.054515415363097459,-49.242773438135522,1
2026-08-16T21:23:18Z,NVIDIA H200 NVL,screen,normal_0_1,gemv,lns,lns8_r3,8,4,3,fp64,ordinary,padded,thread_packet,2,8,1,1,2,none,ex2_approx,ordinary/padded/thread_packet/x2/ex2_approx,16384,1024,1024,16793600,16793600,0,1024,256,3,1,89,4.8503360748291016,0.054498158144147206,-49.242773438135522,1
2026-08-16T21:23:18Z,NVIDIA H200 NVL,screen,normal_0_1,gemv,lns,lns8_r3,8,4,3,fp64,ordinary,padded,thread_packet,2,8,1,1,2,none,ex2_approx,ordinary/padded/thread_packet/x2/ex2_approx,16384,1024,1024,16793600,16793600,0,1024,256,3,2,89,4.8513598442077637,0.054509661170873747,-49.242773438135522,1
2026-08-16T21:23:18Z,NVIDIA H200 NVL,screen,normal_0_1,dot,lns,lns8_r3,8,4,3,fp64,ordinary,padded,thread_packet,4,8,1,1,4,none,ex2_approx,ordinary/padded/thread_packet/x4/ex2_approx,16777216,0,1,33554432,33554432,0,512,256,3,0,88,4.8442239761352539,0.0550479997288097,-2524.5993347886852,1
2026-08-16T21:23:18Z,NVIDIA H200 NVL,screen,normal_0_1,dot,lns,lns8_r3,8,4,3,fp64,ordinary,padded,thread_packet,4,8,1,1,4,none,ex2_approx,ordinary/padded/thread_packet/x4/ex2_approx,16777216,0,1,33554432,33554432,0,512,256,3,1,88,4.8441281318664551,0.055046910589391533,-2524.5993347886852,1
2026-08-16T21:23:18Z,NVIDIA H200 NVL,screen,normal_0_1,dot,lns,lns8_r3,8,4,3,fp64,ordinary,padded,thread_packet,4,8,1,1,4,none,ex2_approx,ordinary/padded/thread_packet/x4/ex2_approx,16777216,0,1,33554432,33554432,0,512,256,3,2,88,4.8463997840881348,0.05507272481918335,-2524.5993347886852,1
2026-08-16T21:23:18Z,NVIDIA H200 NVL,screen,normal_0_1,gemv,lns,lns8_r3,8,4,3,fp64,ordinary,padded,thread_packet,4,8,1,1,4,none,ex2_approx,ordinary/padded/thread_packet/x4/ex2_approx,16384,1024,1024,16793600,16793600,0,1024,256,3,0,96,4.8340158462524414,0.050354331731796265,-49.242773438135536,1
2026-08-16T21:23:18Z,NVIDIA H200 NVL,screen,normal_0_1,gemv,lns,lns8_r3,8,4,3,fp64,ordinary,padded,thread_packet,4,8,1,1,4,none,ex2_approx,ordinary/padded/thread_packet/x4/ex2_approx,16384,1024,1024,16793600,16793600,0,1024,256,3,1,96,4.8357758522033691,0.050372665127118431,-49.242773438135536,1
2026-08-16T21:23:18Z,NVIDIA H200 NVL,screen,normal_0_1,gemv,lns,lns8_r3,8,4,3,fp64,ordinary,padded,thread_packet,4,8,1,1,4,none,ex2_approx,ordinary/padded/thread_packet/x4/ex2_approx,16384,1024,1024,16793600,16793600,0,1024,256,3,2,96,4.8323202133178711,0.050336668888727822,-49.242773438135536,1
2026-08-16T21:23:18Z,NVIDIA H200 NVL,screen,normal_0_1,dot,lns,lns8_r3,8,4,3,fp64,ordinary,padded,thread_packet,8,8,1,1,8,none,ex2_approx,ordinary/padded/thread_packet/x8/ex2_approx,16777216,0,1,33554432,33554432,0,512,256,3,0,84,4.8232641220092773,0.057419810976300924,-2524.5993347886856,1
2026-08-16T21:23:18Z,NVIDIA H200 NVL,screen,normal_0_1,dot,lns,lns8_r3,8,4,3,fp64,ordinary,padded,thread_packet,8,8,1,1,8,none,ex2_approx,ordinary/padded/thread_packet/x8/ex2_approx,16777216,0,1,33554432,33554432,0,512,256,3,1,84,4.8282880783081055,0.057479619979858398,-2524.5993347886856,1
2026-08-16T21:23:18Z,NVIDIA H200 NVL,screen,normal_0_1,dot,lns,lns8_r3,8,4,3,fp64,ordinary,padded,thread_packet,8,8,1,1,8,none,ex2_approx,ordinary/padded/thread_packet/x8/ex2_approx,16777216,0,1,33554432,33554432,0,512,256,3,2,84,4.8263039588928223,0.057455999510628838,-2524.5993347886856,1
2026-08-16T21:23:18Z,NVIDIA H200 NVL,screen,normal_0_1,gemv,lns,lns8_r3,8,4,3,fp64,ordinary,padded,thread_packet,8,8,1,1,8,none,ex2_approx,ordinary/padded/thread_packet/x8/ex2_approx,16384,1024,1024,16793600,16793600,0,1024,256,3,0,93,4.7929282188415527,0.051536862568188742,-49.242773438135544,1
2026-08-16T21:23:18Z,NVIDIA H200 NVL,screen,normal_0_1,gemv,lns,lns8_r3,8,4,3,fp64,ordinary,padded,thread_packet,8,8,1,1,8,none,ex2_approx,ordinary/padded/thread_packet/x8/ex2_approx,16384,1024,1024,16793600,16793600,0,1024,256,3,1,93,4.7917118072509766,0.051523782873666414,-49.242773438135544,1
2026-08-16T21:23:18Z,NVIDIA H200 NVL,screen,normal_0_1,gemv,lns,lns8_r3,8,4,3,fp64,ordinary,padded,thread_packet,8,8,1,1,8,none,ex2_approx,ordinary/padded/thread_packet/x8/ex2_approx,16384,1024,1024,16793600,16793600,0,1024,256,3,2,93,4.7930879592895508,0.051538580207414524,-49.242773438135544,1
2026-08-16T21:23:18Z,NVIDIA H200 NVL,screen,normal_0_1,dot,lns,lns8_r3,8,4,3,fp64,fused,padded,scalar,1,8,1,1,1,none,ex2_approx,fused/padded/scalar/x1/ex2_approx,16777216,0,1,33554432,33554432,0,512,256,3,0,73,4.9085760116577148,0.067240767282982394,-2524.5997450117629,1
2026-08-16T21:23:18Z,NVIDIA H200 NVL,screen,normal_0_1,dot,lns,lns8_r3,8,4,3,fp64,fused,padded,scalar,1,8,1,1,1,none,ex2_approx,fused/padded/scalar/x1/ex2_approx,16777216,0,1,33554432,33554432,0,512,256,3,1,73,4.9035840034484863,0.067172383608883376,-2524.5997450117629,1
2026-08-16T21:23:18Z,NVIDIA H200 NVL,screen,normal_0_1,dot,lns,lns8_r3,8,4,3,fp64,fused,padded,scalar,1,8,1,1,1,none,ex2_approx,fused/padded/scalar/x1/ex2_approx,16777216,0,1,33554432,33554432,0,512,256,3,2,73,4.9046077728271484,0.067186407846947238,-2524.5997450117629,1
2026-08-16T21:23:18Z,NVIDIA H200 NVL,screen,normal_0_1,gemv,lns,lns8_r3,8,4,3,fp64,fused,padded,scalar,1,8,1,1,1,none,ex2_approx,fused/padded/scalar/x1/ex2_approx,16384,1024,1024,16793600,16793600,0,1024,256,3,0,78,4.8715519905090332,0.062455794750115812,-49.242772661549679,1
2026-08-16T21:23:18Z,NVIDIA H200 NVL,screen,normal_0_1,gemv,lns,lns8_r3,8,4,3,fp64,fused,padded,scalar,1,8,1,1,1,none,ex2_approx,fused/padded/scalar/x1/ex2_approx,16384,1024,1024,16793600,16793600,0,1024,256,3,1,78,4.8703041076660156,0.062439796252128407,-49.242772661549679,1
2026-08-16T21:23:18Z,NVIDIA H200 NVL,screen,normal_0_1,gemv,lns,lns8_r3,8,4,3,fp64,fused,padded,scalar,1,8,1,1,1,none,ex2_approx,fused/padded/scalar/x1/ex2_approx,16384,1024,1024,16793600,16793600,0,1024,256,3,2,78,4.8697280883789062,0.062432411389473155,-49.242772661549679,1
2026-08-16T21:23:18Z,NVIDIA H200 NVL,screen,normal_0_1,dot,lns,lns8_r3,8,4,3,fp64,fused,padded,thread_packet,2,8,1,1,2,none,ex2_approx,fused/padded/thread_packet/x2/ex2_approx,16777216,0,1,33554432,33554432,0,512,256,3,0,70,4.874176025390625,0.069631086077008922,-2524.5997450117629,1
2026-08-16T21:23:18Z,NVIDIA H200 NVL,screen,normal_0_1,dot,lns,lns8_r3,8,4,3,fp64,fused,padded,thread_packet,2,8,1,1,2,none,ex2_approx,fused/padded/thread_packet/x2/ex2_approx,16777216,0,1,33554432,33554432,0,512,256,3,1,70,4.8742079734802246,0.069631542478288927,-2524.5997450117629,1
2026-08-16T21:23:18Z,NVIDIA H200 NVL,screen,normal_0_1,dot,lns,lns8_r3,8,4,3,fp64,fused,padded,thread_packet,2,8,1,1,2,none,ex2_approx,fused/padded/thread_packet/x2/ex2_approx,16777216,0,1,33554432,33554432,0,512,256,3,2,70,4.8745918273925781,0.069637026105608263,-2524.5997450117629,1
2026-08-16T21:23:18Z,NVIDIA H200 NVL,screen,normal_0_1,gemv,lns,lns8_r3,8,4,3,fp64,fused,padded,thread_packet,2,8,1,1,2,none,ex2_approx,fused/padded/thread_packet/x2/ex2_approx,16384,1024,1024,16793600,16793600,0,1024,256,3,0,77,4.82147216796875,0.062616521661931823,-49.242772661549679,1
2026-08-16T21:23:18Z,NVIDIA H200 NVL,screen,normal_0_1,gemv,lns,lns8_r3,8,4,3,fp64,fused,padded,thread_packet,2,8,1,1,2,none,ex2_approx,fused/padded/thread_packet/x2/ex2_approx,16384,1024,1024,16793600,16793600,0,1024,256,3,1,77,4.8218560218811035,0.062621506777676667,-49.242772661549679,1
2026-08-16T21:23:18Z,NVIDIA H200 NVL,screen,normal_0_1,gemv,lns,lns8_r3,8,4,3,fp64,fused,padded,thread_packet,2,8,1,1,2,none,ex2_approx,fused/padded/thread_packet/x2/ex2_approx,16384,1024,1024,16793600,16793600,0,1024,256,3,2,77,4.8243198394775391,0.062653504408799215,-49.242772661549679,1
2026-08-16T21:23:18Z,NVIDIA H200 NVL,screen,normal_0_1,dot,lns,lns8_r3,8,4,3,fp64,fused,padded,thread_packet,4,8,1,1,4,none,ex2_approx,fused/padded/thread_packet/x4/ex2_approx,16777216,0,1,33554432,33554432,0,512,256,3,0,74,4.880159854888916,0.065948106147147509,-2524.5997450117629,1
2026-08-16T21:23:18Z,NVIDIA H200 NVL,screen,normal_0_1,dot,lns,lns8_r3,8,4,3,fp64,fused,padded,thread_packet,4,8,1,1,4,none,ex2_approx,fused/padded/thread_packet/x4/ex2_approx,16777216,0,1,33554432,33554432,0,512,256,3,1,74,4.8823680877685547,0.065977947132007497,-2524.5997450117629,1
2026-08-16T21:23:18Z,NVIDIA H200 NVL,screen,normal_0_1,dot,lns,lns8_r3,8,4,3,fp64,fused,padded,thread_packet,4,8,1,1,4,none,ex2_approx,fused/padded/thread_packet/x4/ex2_approx,16777216,0,1,33554432,33554432,0,512,256,3,2,74,4.8808960914611816,0.065958055290015971,-2524.5997450117629,1
2026-08-16T21:23:18Z,NVIDIA H200 NVL,screen,normal_0_1,gemv,lns,lns8_r3,8,4,3,fp64,fused,padded,thread_packet,4,8,1,1,4,none,ex2_approx,fused/padded/thread_packet/x4/ex2_approx,16384,1024,1024,16793600,16793600,0,1024,256,3,0,81,4.8281278610229492,0.05960651680275246,-49.242772661549679,1
2026-08-16T21:23:18Z,NVIDIA H200 NVL,screen,normal_0_1,gemv,lns,lns8_r3,8,4,3,fp64,fused,padded,thread_packet,4,8,1,1,4,none,ex2_approx,fused/padded/thread_packet/x4/ex2_approx,16384,1024,1024,16793600,16793600,0,1024,256,3,1,81,4.8273601531982422,0.059597038928373362,-49.242772661549679,1
2026-08-16T21:23:18Z,NVIDIA H200 NVL,screen,normal_0_1,gemv,lns,lns8_r3,8,4,3,fp64,fused,padded,thread_packet,4,8,1,1,4,none,ex2_approx,fused/padded/thread_packet/x4/ex2_approx,16384,1024,1024,16793600,16793600,0,1024,256,3,2,81,4.8259520530700684,0.059579654976173686,-49.242772661549679,1
2026-08-16T21:23:18Z,NVIDIA H200 NVL,screen,normal_0_1,dot,lns,lns8_r3,8,4,3,fp64,fused,padded,thread_packet,8,8,1,1,8,none,ex2_approx,fused/padded/thread_packet/x8/ex2_approx,16777216,0,1,33554432,33554432,0,512,256,3,0,72,4.9041600227355957,0.06811333364910549,-2524.5997450117629,1
2026-08-16T21:23:18Z,NVIDIA H200 NVL,screen,normal_0_1,dot,lns,lns8_r3,8,4,3,fp64,fused,padded,thread_packet,8,8,1,1,8,none,ex2_approx,fused/padded/thread_packet/x8/ex2_approx,16777216,0,1,33554432,33554432,0,512,256,3,1,72,4.8956160545349121,0.067994667424096003,-2524.5997450117629,1
2026-08-16T21:23:18Z,NVIDIA H200 NVL,screen,normal_0_1,dot,lns,lns8_r3,8,4,3,fp64,fused,padded,thread_packet,8,8,1,1,8,none,ex2_approx,fused/padded/thread_packet/x8/ex2_approx,16777216,0,1,33554432,33554432,0,512,256,3,2,72,4.889376163482666,0.067908002270592585,-2524.5997450117629,1
2026-08-16T21:23:18Z,NVIDIA H200 NVL,screen,normal_0_1,gemv,lns,lns8_r3,8,4,3,fp64,fused,padded,thread_packet,8,8,1,1,8,none,ex2_approx,fused/padded/thread_packet/x8/ex2_approx,16384,1024,1024,16793600,16793600,0,1024,256,3,0,78,4.8164801597595215,0.061749745637942582,-49.242772661549679,1
2026-08-16T21:23:18Z,NVIDIA H200 NVL,screen,normal_0_1,gemv,lns,lns8_r3,8,4,3,fp64,fused,padded,thread_packet,8,8,1,1,8,none,ex2_approx,fused/padded/thread_packet/x8/ex2_approx,16384,1024,1024,16793600,16793600,0,1024,256,3,1,78,4.8152318000793457,0.061733741026658281,-49.242772661549679,1
2026-08-16T21:23:18Z,NVIDIA H200 NVL,screen,normal_0_1,gemv,lns,lns8_r3,8,4,3,fp64,fused,padded,thread_packet,8,8,1,1,8,none,ex2_approx,fused/padded/thread_packet/x8/ex2_approx,16384,1024,1024,16793600,16793600,0,1024,256,3,2,78,4.8157439231872559,0.061740306707528919,-49.242772661549679,1
2026-08-16T21:23:18Z,NVIDIA H200 NVL,screen,normal_0_1,dot,lns,lns8_r3,8,4,3,fp64,ordinary,padded,scalar,1,8,1,1,1,none,full_lut_global,ordinary/padded/scalar/x1/full_lut_global,16777216,0,1,33554432,33554432,2048,512,256,3,0,121,4.7499198913574219,0.039255536292210097,-2524.5998039354708,1
2026-08-16T21:23:18Z,NVIDIA H200 NVL,screen,normal_0_1,dot,lns,lns8_r3,8,4,3,fp64,ordinary,padded,scalar,1,8,1,1,1,none,full_lut_global,ordinary/padded/scalar/x1/full_lut_global,16777216,0,1,33554432,33554432,2048,512,256,3,1,121,4.7474241256713867,0.039234910129515591,-2524.5998039354708,1
2026-08-16T21:23:18Z,NVIDIA H200 NVL,screen,normal_0_1,dot,lns,lns8_r3,8,4,3,fp64,ordinary,padded,scalar,1,8,1,1,1,none,full_lut_global,ordinary/padded/scalar/x1/full_lut_global,16777216,0,1,33554432,33554432,2048,512,256,3,2,121,4.7480959892272949,0.039240462720886736,-2524.5998039354708,1
2026-08-16T21:23:18Z,NVIDIA H200 NVL,screen,normal_0_1,gemv,lns,lns8_r3,8,4,3,fp64,ordinary,padded,scalar,1,8,1,1,1,none,full_lut_global,ordinary/padded/scalar/x1/full_lut_global,16384,1024,1024,16793600,16793600,2048,1024,256,3,0,131,4.6956157684326172,0.035844395178874944,-49.242773333202877,1
2026-08-16T21:23:18Z,NVIDIA H200 NVL,screen,normal_0_1,gemv,lns,lns8_r3,8,4,3,fp64,ordinary,padded,scalar,1,8,1,1,1,none,full_lut_global,ordinary/padded/scalar/x1/full_lut_global,16384,1024,1024,16793600,16793600,2048,1024,256,3,1,131,4.6736960411071777,0.035677069016085326,-49.242773333202877,1
2026-08-16T21:23:18Z,NVIDIA H200 NVL,screen,normal_0_1,gemv,lns,lns8_r3,8,4,3,fp64,ordinary,padded,scalar,1,8,1,1,1,none,full_lut_global,ordinary/padded/scalar/x1/full_lut_global,16384,1024,1024,16793600,16793600,2048,1024,256,3,2,131,4.6743040084838867,0.035681709988426617,-49.242773333202877,1
2026-08-16T21:23:18Z,NVIDIA H200 NVL,screen,normal_0_1,dot,lns,lns8_r3,8,4,3,fp64,ordinary,padded,thread_packet,2,8,1,1,2,none,full_lut_global,ordinary/padded/thread_packet/x2/full_lut_global,16777216,0,1,33554432,33554432,2048,512,256,3,0,134,4.6984000205993652,0.035062686720890787,-2524.5998039354708,1
2026-08-16T21:23:18Z,NVIDIA H200 NVL,screen,normal_0_1,dot,lns,lns8_r3,8,4,3,fp64,ordinary,padded,thread_packet,2,8,1,1,2,none,full_lut_global,ordinary/padded/thread_packet/x2/full_lut_global,16777216,0,1,33554432,33554432,2048,512,256,3,1,134,4.6846399307250977,0.03495999948302312,-2524.5998039354708,1
2026-08-16T21:23:18Z,NVIDIA H200 NVL,screen,normal_0_1,dot,lns,lns8_r3,8,4,3,fp64,ordinary,padded,thread_packet,2,8,1,1,2,none,full_lut_global,ordinary/padded/thread_packet/x2/full_lut_global,16777216,0,1,33554432,33554432,2048,512,256,3,2,134,4.6839361190795898,0.034954747157310374,-2524.5998039354708,1
2026-08-16T21:23:18Z,NVIDIA H200 NVL,screen,normal_0_1,gemv,lns,lns8_r3,8,4,3,fp64,ordinary,padded,thread_packet,2,8,1,1,2,none,full_lut_global,ordinary/padded/thread_packet/x2/full_lut_global,16384,1024,1024,16793600,16793600,2048,1024,256,3,0,143,4.6785597801208496,0.032717201259586361,-49.242773333202862,1
2026-08-16T21:23:18Z,NVIDIA H200 NVL,screen,normal_0_1,gemv,lns,lns8_r3,8,4,3,fp64,ordinary,padded,thread_packet,2,8,1,1,2,none,full_lut_global,ordinary/padded/thread_packet/x2/full_lut_global,16384,1024,1024,16793600,16793600,2048,1024,256,3,1,143,4.6746878623962402,0.032690124911861823,-49.242773333202862,1
2026-08-16T21:23:18Z,NVIDIA H200 NVL,screen,normal_0_1,gemv,lns,lns8_r3,8,4,3,fp64,ordinary,padded,thread_packet,2,8,1,1,2,none,full_lut_global,ordinary/padded/thread_packet/x2/full_lut_global,16384,1024,1024,16793600,16793600,2048,1024,256,3,2,143,4.678016185760498,0.032713399900423067,-49.242773333202862,1
2026-08-16T21:23:18Z,NVIDIA H200 NVL,screen,normal_0_1,dot,lns,lns8_r3,8,4,3,fp64,ordinary,padded,thread_packet,4,8,1,1,4,none,full_lut_global,ordinary/padded/thread_packet/x4/full_lut_global,16777216,0,1,33554432,33554432,2048,512,256,3,0,139,4.6536321640014648,0.033479368086341471,-2524.599803935469,1
2026-08-16T21:23:18Z,NVIDIA H200 NVL,screen,normal_0_1,dot,lns,lns8_r3,8,4,3,fp64,ordinary,padded,thread_packet,4,8,1,1,4,none,full_lut_global,ordinary/padded/thread_packet/x4/full_lut_global,16777216,0,1,33554432,33554432,2048,512,256,3,1,139,4.6648640632629395,0.033560173116999562,-2524.599803935469,1
2026-08-16T21:23:18Z,NVIDIA H200 NVL,screen,normal_0_1,dot,lns,lns8_r3,8,4,3,fp64,ordinary,padded,thread_packet,4,8,1,1,4,none,full_lut_global,ordinary/padded/thread_packet/x4/full_lut_global,16777216,0,1,33554432,33554432,2048,512,256,3,2,139,4.6625919342041016,0.033543826864777707,-2524.599803935469,1
2026-08-16T21:23:18Z,NVIDIA H200 NVL,screen,normal_0_1,gemv,lns,lns8_r3,8,4,3,fp64,ordinary,padded,thread_packet,4,8,1,1,4,none,full_lut_global,ordinary/padded/thread_packet/x4/full_lut_global,16384,1024,1024,16793600,16793600,2048,1024,256,3,0,152,4.5965762138366699,0.030240632985767565,-49.24277333320277,1
2026-08-16T21:23:18Z,NVIDIA H200 NVL,screen,normal_0_1,gemv,lns,lns8_r3,8,4,3,fp64,ordinary,padded,thread_packet,4,8,1,1,4,none,full_lut_global,ordinary/padded/thread_packet/x4/full_lut_global,16384,1024,1024,16793600,16793600,2048,1024,256,3,1,152,4.5904641151428223,0.030200421810150146,-49.24277333320277,1
2026-08-16T21:23:18Z,NVIDIA H200 NVL,screen,normal_0_1,gemv,lns,lns8_r3,8,4,3,fp64,ordinary,padded,thread_packet,4,8,1,1,4,none,full_lut_global,ordinary/padded/thread_packet/x4/full_lut_global,16384,1024,1024,16793600,16793600,2048,1024,256,3,2,152,4.5905280113220215,0.03020084217975014,-49.24277333320277,1
2026-08-16T21:23:18Z,NVIDIA H200 NVL,screen,normal_0_1,dot,lns,lns8_r3,8,4,3,fp64,ordinary,padded,thread_packet,8,8,1,1,8,none,full_lut_global,ordinary/padded/thread_packet/x8/full_lut_global,16777216,0,1,33554432,33554432,2048,512,256,3,0,145,4.7023358345031738,0.032429902306918439,-2524.5998039354708,1
2026-08-16T21:23:18Z,NVIDIA H200 NVL,screen,normal_0_1,dot,lns,lns8_r3,8,4,3,fp64,ordinary,padded,thread_packet,8,8,1,1,8,none,full_lut_global,ordinary/padded/thread_packet/x8/full_lut_global,16777216,0,1,33554432,33554432,2048,512,256,3,1,145,4.7014398574829102,0.032423723155054554,-2524.5998039354708,1
2026-08-16T21:23:18Z,NVIDIA H200 NVL,screen,normal_0_1,dot,lns,lns8_r3,8,4,3,fp64,ordinary,padded,thread_packet,8,8,1,1,8,none,full_lut_global,ordinary/padded/thread_packet/x8/full_lut_global,16777216,0,1,33554432,33554432,2048,512,256,3,2,145,4.7011837959289551,0.03242195721330314,-2524.5998039354708,1
2026-08-16T21:23:18Z,NVIDIA H200 NVL,screen,normal_0_1,gemv,lns,lns8_r3,8,4,3,fp64,ordinary,padded,thread_packet,8,8,1,1,8,none,full_lut_global,ordinary/padded/thread_packet/x8/full_lut_global,16384,1024,1024,16793600,16793600,2048,1024,256,3,0,157,4.6370878219604492,0.029535591222678022,-49.242773333202848,1
2026-08-16T21:23:18Z,NVIDIA H200 NVL,screen,normal_0_1,gemv,lns,lns8_r3,8,4,3,fp64,ordinary,padded,thread_packet,8,8,1,1,8,none,full_lut_global,ordinary/padded/thread_packet/x8/full_lut_global,16384,1024,1024,16793600,16793600,2048,1024,256,3,1,157,4.6371841430664062,0.029536204732907047,-49.242773333202848,1
2026-08-16T21:23:18Z,NVIDIA H200 NVL,screen,normal_0_1,gemv,lns,lns8_r3,8,4,3,fp64,ordinary,padded,thread_packet,8,8,1,1,8,none,full_lut_global,ordinary/padded/thread_packet/x8/full_lut_global,16384,1024,1024,16793600,16793600,2048,1024,256,3,2,157,4.6376957893371582,0.029539463626351327,-49.242773333202848,1
2026-08-16T21:23:18Z,NVIDIA H200 NVL,screen,normal_0_1,dot,lns,lns8_r3,8,4,3,fp64,ordinary,padded,scalar,1,8,1,1,1,none,full_lut_shared,ordinary/padded/scalar/x1/full_lut_shared,16777216,0,1,33554432,33554432,2048,512,256,3,0,132,4.7163839340209961,0.035730181318340881,-2524.5998039354708,1
2026-08-16T21:23:18Z,NVIDIA H200 NVL,screen,normal_0_1,dot,lns,lns8_r3,8,4,3,fp64,ordinary,padded,scalar,1,8,1,1,1,none,full_lut_shared,ordinary/padded/scalar/x1/full_lut_shared,16777216,0,1,33554432,33554432,2048,512,256,3,1,132,4.7164478302001953,0.035730665380304512,-2524.5998039354708,1
2026-08-16T21:23:18Z,NVIDIA H200 NVL,screen,normal_0_1,dot,lns,lns8_r3,8,4,3,fp64,ordinary,padded,scalar,1,8,1,1,1,none,full_lut_shared,ordinary/padded/scalar/x1/full_lut_shared,16777216,0,1,33554432,33554432,2048,512,256,3,2,132,4.715519905090332,0.035723635644623726,-2524.5998039354708,1
2026-08-16T21:23:18Z,NVIDIA H200 NVL,screen,normal_0_1,gemv,lns,lns8_r3,8,4,3,fp64,ordinary,padded,scalar,1,8,1,1,1,none,full_lut_shared,ordinary/padded/scalar/x1/full_lut_shared,16384,1024,1024,16793600,16793600,2048,1024,256,3,0,142,4.7041277885437012,0.033127660482702118,-49.242773333202877,1
2026-08-16T21:23:18Z,NVIDIA H200 NVL,screen,normal_0_1,gemv,lns,lns8_r3,8,4,3,fp64,ordinary,padded,scalar,1,8,1,1,1,none,full_lut_shared,ordinary/padded/scalar/x1/full_lut_shared,16384,1024,1024,16793600,16793600,2048,1024,256,3,1,142,4.708223819732666,0.03315650577276525,-49.242773333202877,1
2026-08-16T21:23:18Z,NVIDIA H200 NVL,screen,normal_0_1,gemv,lns,lns8_r3,8,4,3,fp64,ordinary,padded,scalar,1,8,1,1,1,none,full_lut_shared,ordinary/padded/scalar/x1/full_lut_shared,16384,1024,1024,16793600,16793600,2048,1024,256,3,2,142,4.7047038078308105,0.033131716956555,-49.242773333202877,1
2026-08-16T21:23:18Z,NVIDIA H200 NVL,screen,normal_0_1,dot,lns,lns8_r3,8,4,3,fp64,ordinary,padded,thread_packet,2,8,1,1,2,none,full_lut_shared,ordinary/padded/thread_packet/x2/full_lut_shared,16777216,0,1,33554432,33554432,2048,512,256,3,0,141,4.7265281677246094,0.033521476366841205,-2524.5998039354708,1
2026-08-16T21:23:18Z,NVIDIA H200 NVL,screen,normal_0_1,dot,lns,lns8_r3,8,4,3,fp64,ordinary,padded,thread_packet,2,8,1,1,2,none,full_lut_shared,ordinary/padded/thread_packet/x2/full_lut_shared,16777216,0,1,33554432,33554432,2048,512,256,3,1,141,4.7251200675964355,0.033511489841109472,-2524.5998039354708,1
2026-08-16T21:23:18Z,NVIDIA H200 NVL,screen,normal_0_1,dot,lns,lns8_r3,8,4,3,fp64,ordinary,padded,thread_packet,2,8,1,1,2,none,full_lut_shared,ordinary/padded/thread_packet/x2/full_lut_shared,16777216,0,1,33554432,33554432,2048,512,256,3,2,141,4.7238078117370605,0.033502183061964966,-2524.5998039354708,1
2026-08-16T21:23:18Z,NVIDIA H200 NVL,screen,normal_0_1,gemv,lns,lns8_r3,8,4,3,fp64,ordinary,padded,thread_packet,2,8,1,1,2,none,full_lut_shared,ordinary/padded/thread_packet/x2/full_lut_shared,16384,1024,1024,16793600,16793600,2048,1024,256,3,0,147,4.6699838638305664,0.031768597713133104,-49.242773333202862,1
2026-08-16T21:23:18Z,NVIDIA H200 NVL,screen,normal_0_1,gemv,lns,lns8_r3,8,4,3,fp64,ordinary,padded,thread_packet,2,8,1,1,2,none,full_lut_shared,ordinary/padded/thread_packet/x2/full_lut_shared,16384,1024,1024,16793600,16793600,2048,1024,256,3,1,147,4.6757440567016602,0.031807782698650748,-49.242773333202862,1
2026-08-16T21:23:18Z,NVIDIA H200 NVL,screen,normal_0_1,gemv,lns,lns8_r3,8,4,3,fp64,ordinary,padded,thread_packet,2,8,1,1,2,none,full_lut_shared,ordinary/padded/thread_packet/x2/full_lut_shared,16384,1024,1024,16793600,16793600,2048,1024,256,3,2,147,4.6724162101745605,0.031785144286901774,-49.242773333202862,1
2026-08-16T21:23:18Z,NVIDIA H200 NVL,screen,normal_0_1,dot,lns,lns8_r3,8,4,3,fp64,ordinary,padded,thread_packet,4,8,1,1,4,none,full_lut_shared,ordinary/padded/thread_packet/x4/full_lut_shared,16777216,0,1,33554432,33554432,2048,512,256,3,0,143,4.7283840179443359,0.033065622503107246,-2524.599803935469,1
2026-08-16T21:23:18Z,NVIDIA H200 NVL,screen,normal_0_1,dot,lns,lns8_r3,8,4,3,fp64,ordinary,padded,thread_packet,4,8,1,1,4,none,full_lut_shared,ordinary/padded/thread_packet/x4/full_lut_shared,16777216,0,1,33554432,33554432,2048,512,256,3,1,143,4.7167038917541504,0.032983943298980072,-2524.599803935469,1
2026-08-16T21:23:18Z,NVIDIA H200 NVL,screen,normal_0_1,dot,lns,lns8_r3,8,4,3,fp64,ordinary,padded,thread_packet,4,8,1,1,4,none,full_lut_shared,ordinary/padded/thread_packet/x4/full_lut_shared,16777216,0,1,33554432,33554432,2048,512,256,3,2,143,4.7161917686462402,0.032980362018505176,-2524.599803935469,1
2026-08-16T21:23:18Z,NVIDIA H200 NVL,screen,normal_0_1,gemv,lns,lns8_r3,8,4,3,fp64,ordinary,padded,thread_packet,4,8,1,1,4,none,full_lut_shared,ordinary/padded/thread_packet/x4/full_lut_shared,16384,1024,1024,16793600,16793600,2048,1024,256,3,0,154,4.6422719955444336,0.030144623347691128,-49.24277333320277,1
2026-08-16T21:23:18Z,NVIDIA H200 NVL,screen,normal_0_1,gemv,lns,lns8_r3,8,4,3,fp64,ordinary,padded,thread_packet,4,8,1,1,4,none,full_lut_shared,ordinary/padded/thread_packet/x4/full_lut_shared,16384,1024,1024,16793600,16793600,2048,1024,256,3,1,154,4.6453118324279785,0.030164362548233625,-49.24277333320277,1
2026-08-16T21:23:18Z,NVIDIA H200 NVL,screen,normal_0_1,gemv,lns,lns8_r3,8,4,3,fp64,ordinary,padded,thread_packet,4,8,1,1,4,none,full_lut_shared,ordinary/padded/thread_packet/x4/full_lut_shared,16384,1024,1024,16793600,16793600,2048,1024,256,3,2,154,4.6440320014953613,0.030156051957762088,-49.24277333320277,1
2026-08-16T21:23:18Z,NVIDIA H200 NVL,screen,normal_0_1,dot,lns,lns8_r3,8,4,3,fp64,ordinary,padded,thread_packet,8,8,1,1,8,none,full_lut_shared,ordinary/padded/thread_packet/x8/full_lut_shared,16777216,0,1,33554432,33554432,2048,512,256,3,0,147,4.7046399116516113,0.032004353140487149,-2524.5998039354708,1
2026-08-16T21:23:18Z,NVIDIA H200 NVL,screen,normal_0_1,dot,lns,lns8_r3,8,4,3,fp64,ordinary,padded,thread_packet,8,8,1,1,8,none,full_lut_shared,ordinary/padded/thread_packet/x8/full_lut_shared,16777216,0,1,33554432,33554432,2048,512,256,3,1,147,4.7075200080871582,0.032023945633245975,-2524.5998039354708,1
2026-08-16T21:23:18Z,NVIDIA H200 NVL,screen,normal_0_1,dot,lns,lns8_r3,8,4,3,fp64,ordinary,padded,thread_packet,8,8,1,1,8,none,full_lut_shared,ordinary/padded/thread_packet/x8/full_lut_shared,16777216,0,1,33554432,33554432,2048,512,256,3,2,147,4.7052798271179199,0.032008706306924622,-2524.5998039354708,1
2026-08-16T21:23:18Z,NVIDIA H200 NVL,screen,normal_0_1,gemv,lns,lns8_r3,8,4,3,fp64,ordinary,padded,thread_packet,8,8,1,1,8,none,full_lut_shared,ordinary/padded/thread_packet/x8/full_lut_shared,16384,1024,1024,16793600,16793600,2048,1024,256,3,0,157,4.661344051361084,0.029690089499115186,-49.242773333202848,1
2026-08-16T21:23:18Z,NVIDIA H200 NVL,screen,normal_0_1,gemv,lns,lns8_r3,8,4,3,fp64,ordinary,padded,thread_packet,8,8,1,1,8,none,full_lut_shared,ordinary/padded/thread_packet/x8/full_lut_shared,16384,1024,1024,16793600,16793600,2048,1024,256,3,1,157,4.6605119705200195,0.02968478962114662,-49.242773333202848,1
2026-08-16T21:23:18Z,NVIDIA H200 NVL,screen,normal_0_1,gemv,lns,lns8_r3,8,4,3,fp64,ordinary,padded,thread_packet,8,8,1,1,8,none,full_lut_shared,ordinary/padded/thread_packet/x8/full_lut_shared,16384,1024,1024,16793600,16793600,2048,1024,256,3,2,157,4.6590719223022461,0.029675617339504752,-49.242773333202848,1
2026-08-16T21:23:18Z,NVIDIA H200 NVL,screen,normal_0_1,dot,lns,lns8_r3,8,4,3,fp64,ordinary,padded,scalar,1,8,1,1,1,none,fraction_lut_global,ordinary/padded/scalar/x1/fraction_lut_global,16777216,0,1,33554432,33554432,64,512,256,3,0,40,4.8829760551452637,0.1220744013786316,-2524.5998039354708,1
2026-08-16T21:23:18Z,NVIDIA H200 NVL,screen,normal_0_1,dot,lns,lns8_r3,8,4,3,fp64,ordinary,padded,scalar,1,8,1,1,1,none,fraction_lut_global,ordinary/padded/scalar/x1/fraction_lut_global,16777216,0,1,33554432,33554432,64,512,256,3,1,40,4.8946881294250488,0.12236720323562622,-2524.5998039354708,1
2026-08-16T21:23:18Z,NVIDIA H200 NVL,screen,normal_0_1,dot,lns,lns8_r3,8,4,3,fp64,ordinary,padded,scalar,1,8,1,1,1,none,fraction_lut_global,ordinary/padded/scalar/x1/fraction_lut_global,16777216,0,1,33554432,33554432,64,512,256,3,2,40,4.9064960479736328,0.12266240119934083,-2524.5998039354708,1
2026-08-16T21:23:18Z,NVIDIA H200 NVL,screen,normal_0_1,gemv,lns,lns8_r3,8,4,3,fp64,ordinary,padded,scalar,1,8,1,1,1,none,fraction_lut_global,ordinary/padded/scalar/x1/fraction_lut_global,16384,1024,1024,16793600,16793600,64,1024,256,3,0,44,4.8871359825134277,0.11107127232985063,-49.242773333202877,1
2026-08-16T21:23:18Z,NVIDIA H200 NVL,screen,normal_0_1,gemv,lns,lns8_r3,8,4,3,fp64,ordinary,padded,scalar,1,8,1,1,1,none,fraction_lut_global,ordinary/padded/scalar/x1/fraction_lut_global,16384,1024,1024,16793600,16793600,64,1024,256,3,1,44,4.8639678955078125,0.11054472489790483,-49.242773333202877,1
2026-08-16T21:23:18Z,NVIDIA H200 NVL,screen,normal_0_1,gemv,lns,lns8_r3,8,4,3,fp64,ordinary,padded,scalar,1,8,1,1,1,none,fraction_lut_global,ordinary/padded/scalar/x1/fraction_lut_global,16384,1024,1024,16793600,16793600,64,1024,256,3,2,44,4.866112232208252,0.11059345982291481,-49.242773333202877,1
2026-08-16T21:23:18Z,NVIDIA H200 NVL,screen,normal_0_1,dot,lns,lns8_r3,8,4,3,fp64,ordinary,padded,thread_packet,2,8,1,1,2,none,fraction_lut_global,ordinary/padded/thread_packet/x2/fraction_lut_global,16777216,0,1,33554432,33554432,64,512,256,3,0,40,4.9313921928405762,0.12328480482101441,-2524.5998039354708,1
2026-08-16T21:23:18Z,NVIDIA H200 NVL,screen,normal_0_1,dot,lns,lns8_r3,8,4,3,fp64,ordinary,padded,thread_packet,2,8,1,1,2,none,fraction_lut_global,ordinary/padded/thread_packet/x2/fraction_lut_global,16777216,0,1,33554432,33554432,64,512,256,3,1,40,4.9301438331604004,0.12325359582901001,-2524.5998039354708,1
2026-08-16T21:23:18Z,NVIDIA H200 NVL,screen,normal_0_1,dot,lns,lns8_r3,8,4,3,fp64,ordinary,padded,thread_packet,2,8,1,1,2,none,fraction_lut_global,ordinary/padded/thread_packet/x2/fraction_lut_global,16777216,0,1,33554432,33554432,64,512,256,3,2,40,4.9269437789916992,0.12317359447479248,-2524.5998039354708,1
2026-08-16T21:23:18Z,NVIDIA H200 NVL,screen,normal_0_1,gemv,lns,lns8_r3,8,4,3,fp64,ordinary,padded,thread_packet,2,8,1,1,2,none,fraction_lut_global,ordinary/padded/thread_packet/x2/fraction_lut_global,16384,1024,1024,16793600,16793600,64,1024,256,3,0,45,4.9554882049560547,0.11012196011013455,-49.242773333202862,1
2026-08-16T21:23:18Z,NVIDIA H200 NVL,screen,normal_0_1,gemv,lns,lns8_r3,8,4,3,fp64,ordinary,padded,thread_packet,2,8,1,1,2,none,fraction_lut_global,ordinary/padded/thread_packet/x2/fraction_lut_global,16384,1024,1024,16793600,16793600,64,1024,256,3,1,45,4.957183837890625,0.11015964084201389,-49.242773333202862,1
2026-08-16T21:23:18Z,NVIDIA H200 NVL,screen,normal_0_1,gemv,lns,lns8_r3,8,4,3,fp64,ordinary,padded,thread_packet,2,8,1,1,2,none,fraction_lut_global,ordinary/padded/thread_packet/x2/fraction_lut_global,16384,1024,1024,16793600,16793600,64,1024,256,3,2,45,4.957280158996582,0.11016178131103516,-49.242773333202862,1
2026-08-16T21:23:18Z,NVIDIA H200 NVL,screen,normal_0_1,dot,lns,lns8_r3,8,4,3,fp64,ordinary,padded,thread_packet,4,8,1,1,4,none,fraction_lut_global,ordinary/padded/thread_packet/x4/fraction_lut_global,16777216,0,1,33554432,33554432,64,512,256,3,0,42,5.0048961639404297,0.11916419437953404,-2524.599803935469,1
2026-08-16T21:23:18Z,NVIDIA H200 NVL,screen,normal_0_1,dot,lns,lns8_r3,8,4,3,fp64,ordinary,padded,thread_packet,4,8,1,1,4,none,fraction_lut_global,ordinary/padded/thread_packet/x4/fraction_lut_global,16777216,0,1,33554432,33554432,64,512,256,3,1,42,4.9948158264160156,0.11892418634323847,-2524.599803935469,1
2026-08-16T21:23:18Z,NVIDIA H200 NVL,screen,normal_0_1,dot,lns,lns8_r3,8,4,3,fp64,ordinary,padded,thread_packet,4,8,1,1,4,none,fraction_lut_global,ordinary/padded/thread_packet/x4/fraction_lut_global,16777216,0,1,33554432,33554432,64,512,256,3,2,42,4.9937920570373535,0.11889981088184175,-2524.599803935469,1
2026-08-16T21:23:18Z,NVIDIA H200 NVL,screen,normal_0_1,gemv,lns,lns8_r3,8,4,3,fp64,ordinary,padded,thread_packet,4,8,1,1,4,none,fraction_lut_global,ordinary/padded/thread_packet/x4/fraction_lut_global,16384,1024,1024,16793600,16793600,64,1024,256,3,0,46,4.9169278144836426,0.10688973509747049,-49.24277333320277,1
2026-08-16T21:23:18Z,NVIDIA H200 NVL,screen,normal_0_1,gemv,lns,lns8_r3,8,4,3,fp64,ordinary,padded,thread_packet,4,8,1,1,4,none,fraction_lut_global,ordinary/padded/thread_packet/x4/fraction_lut_global,16384,1024,1024,16793600,16793600,64,1024,256,3,1,46,4.9182720184326172,0.1069189569224482,-49.24277333320277,1
2026-08-16T21:23:18Z,NVIDIA H200 NVL,screen,normal_0_1,gemv,lns,lns8_r3,8,4,3,fp64,ordinary,padded,thread_packet,4,8,1,1,4,none,fraction_lut_global,ordinary/padded/thread_packet/x4/fraction_lut_global,16384,1024,1024,16793600,16793600,64,1024,256,3,2,46,4.9169597625732422,0.10689042962115744,-49.24277333320277,1
2026-08-16T21:23:18Z,NVIDIA H200 NVL,screen,normal_0_1,dot,lns,lns8_r3,8,4,3,fp64,ordinary,padded,thread_packet,8,8,1,1,8,none,fraction_lut_global,ordinary/padded/thread_packet/x8/fraction_lut_global,16777216,0,1,33554432,33554432,64,512,256,3,0,41,4.9582400321960449,0.12093268371209866,-2524.5998039354708,1
2026-08-16T21:23:18Z,NVIDIA H200 NVL,screen,normal_0_1,dot,lns,lns8_r3,8,4,3,fp64,ordinary,padded,thread_packet,8,8,1,1,8,none,fraction_lut_global,ordinary/padded/thread_packet/x8/fraction_lut_global,16777216,0,1,33554432,33554432,64,512,256,3,1,41,4.9636478424072266,0.12106458152212747,-2524.5998039354708,1
2026-08-16T21:23:18Z,NVIDIA H200 NVL,screen,normal_0_1,dot,lns,lns8_r3,8,4,3,fp64,ordinary,padded,thread_packet,8,8,1,1,8,none,fraction_lut_global,ordinary/padded/thread_packet/x8/fraction_lut_global,16777216,0,1,33554432,33554432,64,512,256,3,2,41,4.9627838134765625,0.12104350764576982,-2524.5998039354708,1
2026-08-16T21:23:18Z,NVIDIA H200 NVL,screen,normal_0_1,gemv,lns,lns8_r3,8,4,3,fp64,ordinary,padded,thread_packet,8,8,1,1,8,none,fraction_lut_global,ordinary/padded/thread_packet/x8/fraction_lut_global,16384,1024,1024,16793600,16793600,64,1024,256,3,0,45,4.9086718559265137,0.10908159679836697,-49.242773333202848,1
2026-08-16T21:23:18Z,NVIDIA H200 NVL,screen,normal_0_1,gemv,lns,lns8_r3,8,4,3,fp64,ordinary,padded,thread_packet,8,8,1,1,8,none,fraction_lut_global,ordinary/padded/thread_packet/x8/fraction_lut_global,16384,1024,1024,16793600,16793600,64,1024,256,3,1,45,4.9164161682128906,0.10925369262695313,-49.242773333202848,1
2026-08-16T21:23:18Z,NVIDIA H200 NVL,screen,normal_0_1,gemv,lns,lns8_r3,8,4,3,fp64,ordinary,padded,thread_packet,8,8,1,1,8,none,fraction_lut_global,ordinary/padded/thread_packet/x8/fraction_lut_global,16384,1024,1024,16793600,16793600,64,1024,256,3,2,45,4.9179520606994629,0.10928782357109917,-49.242773333202848,1
2026-08-16T21:23:18Z,NVIDIA H200 NVL,screen,normal_0_1,dot,lns,lns8_r3,8,4,3,fp64,fused,padded,scalar,1,8,1,1,1,none,fraction_lut_global,fused/padded/scalar/x1/fraction_lut_global,16777216,0,1,33554432,33554432,64,512,256,3,0,49,4.9316802024841309,0.10064653474457409,-2524.5998039354727,1
2026-08-16T21:23:18Z,NVIDIA H200 NVL,screen,normal_0_1,dot,lns,lns8_r3,8,4,3,fp64,fused,padded,scalar,1,8,1,1,1,none,fraction_lut_global,fused/padded/scalar/x1/fraction_lut_global,16777216,0,1,33554432,33554432,64,512,256,3,1,49,4.9305920600891113,0.10062432775692064,-2524.5998039354727,1
2026-08-16T21:23:18Z,NVIDIA H200 NVL,screen,normal_0_1,dot,lns,lns8_r3,8,4,3,fp64,fused,padded,scalar,1,8,1,1,1,none,fraction_lut_global,fused/padded/scalar/x1/fraction_lut_global,16777216,0,1,33554432,33554432,64,512,256,3,2,49,4.930016040802002,0.10061257226126534,-2524.5998039354727,1
2026-08-16T21:23:18Z,NVIDIA H200 NVL,screen,normal_0_1,gemv,lns,lns8_r3,8,4,3,fp64,fused,padded,scalar,1,8,1,1,1,none,fraction_lut_global,fused/padded/scalar/x1/fraction_lut_global,16384,1024,1024,16793600,16793600,64,1024,256,3,0,54,4.9471678733825684,0.091614219877454967,-49.242773333202891,1
2026-08-16T21:23:18Z,NVIDIA H200 NVL,screen,normal_0_1,gemv,lns,lns8_r3,8,4,3,fp64,fused,padded,scalar,1,8,1,1,1,none,fraction_lut_global,fused/padded/scalar/x1/fraction_lut_global,16384,1024,1024,16793600,16793600,64,1024,256,3,1,54,4.9476161003112793,0.091622520376134803,-49.242773333202891,1
2026-08-16T21:23:18Z,NVIDIA H200 NVL,screen,normal_0_1,gemv,lns,lns8_r3,8,4,3,fp64,fused,padded,scalar,1,8,1,1,1,none,fraction_lut_global,fused/padded/scalar/x1/fraction_lut_global,16384,1024,1024,16793600,16793600,64,1024,256,3,2,54,4.9484481811523438,0.091637929280598954,-49.242773333202891,1
2026-08-16T21:23:18Z,NVIDIA H200 NVL,screen,normal_0_1,dot,lns,lns8_r3,8,4,3,fp64,fused,padded,thread_packet,2,8,1,1,2,none,fraction_lut_global,fused/padded/thread_packet/x2/fraction_lut_global,16777216,0,1,33554432,33554432,64,512,256,3,0,49,4.8821120262145996,0.099634939310502033,-2524.599803935469,1
2026-08-16T21:23:18Z,NVIDIA H200 NVL,screen,normal_0_1,dot,lns,lns8_r3,8,4,3,fp64,fused,padded,thread_packet,2,8,1,1,2,none,fraction_lut_global,fused/padded/thread_packet/x2/fraction_lut_global,16777216,0,1,33554432,33554432,64,512,256,3,1,49,4.8839678764343262,0.09967281380478217,-2524.599803935469,1
2026-08-16T21:23:18Z,NVIDIA H200 NVL,screen,normal_0_1,dot,lns,lns8_r3,8,4,3,fp64,fused,padded,thread_packet,2,8,1,1,2,none,fraction_lut_global,fused/padded/thread_packet/x2/fraction_lut_global,16777216,0,1,33554432,33554432,64,512,256,3,2,49,4.8846402168273926,0.09968653503729373,-2524.599803935469,1
2026-08-16T21:23:18Z,NVIDIA H200 NVL,screen,normal_0_1,gemv,lns,lns8_r3,8,4,3,fp64,fused,padded,thread_packet,2,8,1,1,2,none,fraction_lut_global,fused/padded/thread_packet/x2/fraction_lut_global,16384,1024,1024,16793600,16793600,64,1024,256,3,0,54,4.86297607421875,0.090055112485532413,-49.242773333202848,1
2026-08-16T21:23:18Z,NVIDIA H200 NVL,screen,normal_0_1,gemv,lns,lns8_r3,8,4,3,fp64,fused,padded,thread_packet,2,8,1,1,2,none,fraction_lut_global,fused/padded/thread_packet/x2/fraction_lut_global,16384,1024,1024,16793600,16793600,64,1024,256,3,1,54,4.8652482032775879,0.090097188949584961,-49.242773333202848,1
2026-08-16T21:23:18Z,NVIDIA H200 NVL,screen,normal_0_1,gemv,lns,lns8_r3,8,4,3,fp64,fused,padded,thread_packet,2,8,1,1,2,none,fraction_lut_global,fused/padded/thread_packet/x2/fraction_lut_global,16384,1024,1024,16793600,16793600,64,1024,256,3,2,54,4.8620800971984863,0.090038520318490481,-49.242773333202848,1
2026-08-16T21:23:18Z,NVIDIA H200 NVL,screen,normal_0_1,dot,lns,lns8_r3,8,4,3,fp64,fused,padded,thread_packet,4,8,1,1,4,none,fraction_lut_global,fused/padded/thread_packet/x4/fraction_lut_global,16777216,0,1,33554432,33554432,64,512,256,3,0,52,4.9643840789794922,0.095468924595759466,-2524.5998039354708,1
2026-08-16T21:23:18Z,NVIDIA H200 NVL,screen,normal_0_1,dot,lns,lns8_r3,8,4,3,fp64,fused,padded,thread_packet,4,8,1,1,4,none,fraction_lut_global,fused/padded/thread_packet/x4/fraction_lut_global,16777216,0,1,33554432,33554432,64,512,256,3,1,52,4.9653759002685547,0.095487998082087591,-2524.5998039354708,1
2026-08-16T21:23:18Z,NVIDIA H200 NVL,screen,normal_0_1,dot,lns,lns8_r3,8,4,3,fp64,fused,padded,thread_packet,4,8,1,1,4,none,fraction_lut_global,fused/padded/thread_packet/x4/fraction_lut_global,16777216,0,1,33554432,33554432,64,512,256,3,2,52,4.967872142791748,0.095536002745995149,-2524.5998039354708,1
2026-08-16T21:23:18Z,NVIDIA H200 NVL,screen,normal_0_1,gemv,lns,lns8_r3,8,4,3,fp64,fused,padded,thread_packet,4,8,1,1,4,none,fraction_lut_global,fused/padded/thread_packet/x4/fraction_lut_global,16384,1024,1024,16793600,16793600,64,1024,256,3,0,57,4.9312958717346191,0.086513962662010863,-49.24277333320277,1
2026-08-16T21:23:18Z,NVIDIA H200 NVL,screen,normal_0_1,gemv,lns,lns8_r3,8,4,3,fp64,fused,padded,thread_packet,4,8,1,1,4,none,fraction_lut_global,fused/padded/thread_packet/x4/fraction_lut_global,16384,1024,1024,16793600,16793600,64,1024,256,3,1,57,4.9314560890197754,0.086516773491575008,-49.24277333320277,1
2026-08-16T21:23:18Z,NVIDIA H200 NVL,screen,normal_0_1,gemv,lns,lns8_r3,8,4,3,fp64,fused,padded,thread_packet,4,8,1,1,4,none,fraction_lut_global,fused/padded/thread_packet/x4/fraction_lut_global,16384,1024,1024,16793600,16793600,64,1024,256,3,2,57,4.9313278198242188,0.086514523154810855,-49.24277333320277,1
2026-08-16T21:23:18Z,NVIDIA H200 NVL,screen,normal_0_1,dot,lns,lns8_r3,8,4,3,fp64,fused,padded,thread_packet,8,8,1,1,8,none,fraction_lut_global,fused/padded/thread_packet/x8/fraction_lut_global,16777216,0,1,33554432,33554432,64,512,256,3,0,51,4.9190402030944824,0.096451768688127104,-2524.5998039354713,1
2026-08-16T21:23:18Z,NVIDIA H200 NVL,screen,normal_0_1,dot,lns,lns8_r3,8,4,3,fp64,fused,padded,thread_packet,8,8,1,1,8,none,fraction_lut_global,fused/padded/thread_packet/x8/fraction_lut_global,16777216,0,1,33554432,33554432,64,512,256,3,1,51,4.9165759086608887,0.096403449189429183,-2524.5998039354713,1
2026-08-16T21:23:18Z,NVIDIA H200 NVL,screen,normal_0_1,dot,lns,lns8_r3,8,4,3,fp64,fused,padded,thread_packet,8,8,1,1,8,none,fraction_lut_global,fused/padded/thread_packet/x8/fraction_lut_global,16777216,0,1,33554432,33554432,64,512,256,3,2,51,4.9168639183044434,0.096409096437342023,-2524.5998039354713,1
2026-08-16T21:23:18Z,NVIDIA H200 NVL,screen,normal_0_1,gemv,lns,lns8_r3,8,4,3,fp64,fused,padded,thread_packet,8,8,1,1,8,none,fraction_lut_global,fused/padded/thread_packet/x8/fraction_lut_global,16384,1024,1024,16793600,16793600,64,1024,256,3,0,56,4.9399361610412598,0.088213145732879639,-49.242773333202798,1
2026-08-16T21:23:18Z,NVIDIA H200 NVL,screen,normal_0_1,gemv,lns,lns8_r3,8,4,3,fp64,fused,padded,thread_packet,8,8,1,1,8,none,fraction_lut_global,fused/padded/thread_packet/x8/fraction_lut_global,16384,1024,1024,16793600,16793600,64,1024,256,3,1,56,4.938687801361084,0.088190853595733643,-49.242773333202798,1
2026-08-16T21:23:18Z,NVIDIA H200 NVL,screen,normal_0_1,gemv,lns,lns8_r3,8,4,3,fp64,fused,padded,thread_packet,8,8,1,1,8,none,fraction_lut_global,fused/padded/thread_packet/x8/fraction_lut_global,16384,1024,1024,16793600,16793600,64,1024,256,3,2,56,4.9391040802001953,0.088198287146432061,-49.242773333202798,1
2026-08-16T21:23:18Z,NVIDIA H200 NVL,screen,normal_0_1,dot,lns,lns8_r3,8,4,3,fp64,ordinary,padded,scalar,1,8,1,1,1,none,fraction_lut_shared,ordinary/padded/scalar/x1/fraction_lut_shared,16777216,0,1,33554432,33554432,64,512,256,3,0,49,4.9701118469238281,0.10143085401885364,-2524.5998039354708,1
2026-08-16T21:23:18Z,NVIDIA H200 NVL,screen,normal_0_1,dot,lns,lns8_r3,8,4,3,fp64,ordinary,padded,scalar,1,8,1,1,1,none,fraction_lut_shared,ordinary/padded/scalar/x1/fraction_lut_shared,16777216,0,1,33554432,33554432,64,512,256,3,1,49,4.9622402191162109,0.10127020855339205,-2524.5998039354708,1
2026-08-16T21:23:18Z,NVIDIA H200 NVL,screen,normal_0_1,dot,lns,lns8_r3,8,4,3,fp64,ordinary,padded,scalar,1,8,1,1,1,none,fraction_lut_shared,ordinary/padded/scalar/x1/fraction_lut_shared,16777216,0,1,33554432,33554432,64,512,256,3,2,49,4.9608640670776367,0.10124212381791095,-2524.5998039354708,1
2026-08-16T21:23:18Z,NVIDIA H200 NVL,screen,normal_0_1,gemv,lns,lns8_r3,8,4,3,fp64,ordinary,padded,scalar,1,8,1,1,1,none,fraction_lut_shared,ordinary/padded/scalar/x1/fraction_lut_shared,16384,1024,1024,16793600,16793600,64,1024,256,3,0,53,4.8919358253479004,0.092300675949960387,-49.242773333202877,1
2026-08-16T21:23:18Z,NVIDIA H200 NVL,screen,normal_0_1,gemv,lns,lns8_r3,8,4,3,fp64,ordinary,padded,scalar,1,8,1,1,1,none,fraction_lut_shared,ordinary/padded/scalar/x1/fraction_lut_shared,16384,1024,1024,16793600,16793600,64,1024,256,3,1,53,4.8798718452453613,0.092073053683874737,-49.242773333202877,1
2026-08-16T21:23:18Z,NVIDIA H200 NVL,screen,normal_0_1,gemv,lns,lns8_r3,8,4,3,fp64,ordinary,padded,scalar,1,8,1,1,1,none,fraction_lut_shared,ordinary/padded/scalar/x1/fraction_lut_shared,16384,1024,1024,16793600,16793600,64,1024,256,3,2,53,4.8824639320373535,0.092121960981836865,-49.242773333202877,1
2026-08-16T21:23:18Z,NVIDIA H200 NVL,screen,normal_0_1,dot,lns,lns8_r3,8,4,3,fp64,ordinary,padded,thread_packet,2,8,1,1,2,none,fraction_lut_shared,ordinary/padded/thread_packet/x2/fraction_lut_shared,16777216,0,1,33554432,33554432,64,512,256,3,0,47,4.8580160140991211,0.10336204285317278,-2524.5998039354708,1
2026-08-16T21:23:18Z,NVIDIA H200 NVL,screen,normal_0_1,dot,lns,lns8_r3,8,4,3,fp64,ordinary,padded,thread_packet,2,8,1,1,2,none,fraction_lut_shared,ordinary/padded/thread_packet/x2/fraction_lut_shared,16777216,0,1,33554432,33554432,64,512,256,3,1,47,4.8612480163574219,0.10343080885866855,-2524.5998039354708,1
2026-08-16T21:23:18Z,NVIDIA H200 NVL,screen,normal_0_1,dot,lns,lns8_r3,8,4,3,fp64,ordinary,padded,thread_packet,2,8,1,1,2,none,fraction_lut_shared,ordinary/padded/thread_packet/x2/fraction_lut_shared,16777216,0,1,33554432,33554432,64,512,256,3,2,47,4.8723840713500977,0.10366774619893825,-2524.5998039354708,1
2026-08-16T21:23:18Z,NVIDIA H200 NVL,screen,normal_0_1,gemv,lns,lns8_r3,8,4,3,fp64,ordinary,padded,thread_packet,2,8,1,1,2,none,fraction_lut_shared,ordinary/padded/thread_packet/x2/fraction_lut_shared,16384,1024,1024,16793600,16793600,64,1024,256,3,0,53,4.9125118255615234,0.092688902369085349,-49.242773333202862,1
2026-08-16T21:23:18Z,NVIDIA H200 NVL,screen,normal_0_1,gemv,lns,lns8_r3,8,4,3,fp64,ordinary,padded,thread_packet,2,8,1,1,2,none,fraction_lut_shared,ordinary/padded/thread_packet/x2/fraction_lut_shared,16384,1024,1024,16793600,16793600,64,1024,256,3,1,53,4.908991813659668,0.092622487050182417,-49.242773333202862,1
2026-08-16T21:23:18Z,NVIDIA H200 NVL,screen,normal_0_1,gemv,lns,lns8_r3,8,4,3,fp64,ordinary,padded,thread_packet,2,8,1,1,2,none,fraction_lut_shared,ordinary/padded/thread_packet/x2/fraction_lut_shared,16384,1024,1024,16793600,16793600,64,1024,256,3,2,53,4.9094400405883789,0.092630944162044884,-49.242773333202862,1
2026-08-16T21:23:18Z,NVIDIA H200 NVL,screen,normal_0_1,dot,lns,lns8_r3,8,4,3,fp64,ordinary,padded,thread_packet,4,8,1,1,4,none,fraction_lut_shared,ordinary/padded/thread_packet/x4/fraction_lut_shared,16777216,0,1,33554432,33554432,64,512,256,3,0,49,4.9338560104370117,0.10069093898851045,-2524.599803935469,1
2026-08-16T21:23:18Z,NVIDIA H200 NVL,screen,normal_0_1,dot,lns,lns8_r3,8,4,3,fp64,ordinary,padded,thread_packet,4,8,1,1,4,none,fraction_lut_shared,ordinary/padded/thread_packet/x4/fraction_lut_shared,16777216,0,1,33554432,33554432,64,512,256,3,1,49,4.9405441284179688,0.10082743119220344,-2524.599803935469,1
2026-08-16T21:23:18Z,NVIDIA H200 NVL,screen,normal_0_1,dot,lns,lns8_r3,8,4,3,fp64,ordinary,padded,thread_packet,4,8,1,1,4,none,fraction_lut_shared,ordinary/padded/thread_packet/x4/fraction_lut_shared,16777216,0,1,33554432,33554432,64,512,256,3,2,49,4.9636797904968262,0.10129958756115971,-2524.599803935469,1
2026-08-16T21:23:18Z,NVIDIA H200 NVL,screen,normal_0_1,gemv,lns,lns8_r3,8,4,3,fp64,ordinary,padded,thread_packet,4,8,1,1,4,none,fraction_lut_shared,ordinary/padded/thread_packet/x4/fraction_lut_shared,16384,1024,1024,16793600,16793600,64,1024,256,3,0,54,4.8590078353881836,0.089981626581262658,-49.24277333320277,1
2026-08-16T21:23:18Z,NVIDIA H200 NVL,screen,normal_0_1,gemv,lns,lns8_r3,8,4,3,fp64,ordinary,padded,thread_packet,4,8,1,1,4,none,fraction_lut_shared,ordinary/padded/thread_packet/x4/fraction_lut_shared,16384,1024,1024,16793600,16793600,64,1024,256,3,1,54,4.8475518226623535,0.089769478197450986,-49.24277333320277,1
2026-08-16T21:23:18Z,NVIDIA H200 NVL,screen,normal_0_1,gemv,lns,lns8_r3,8,4,3,fp64,ordinary,padded,thread_packet,4,8,1,1,4,none,fraction_lut_shared,ordinary/padded/thread_packet/x4/fraction_lut_shared,16384,1024,1024,16793600,16793600,64,1024,256,3,2,54,4.8376960754394531,0.089586964359989876,-49.24277333320277,1
2026-08-16T21:23:18Z,NVIDIA H200 NVL,screen,normal_0_1,dot,lns,lns8_r3,8,4,3,fp64,ordinary,padded,thread_packet,8,8,1,1,8,none,fraction_lut_shared,ordinary/padded/thread_packet/x8/fraction_lut_shared,16777216,0,1,33554432,33554432,64,512,256,3,0,48,4.982367992401123,0.10379933317502339,-2524.5998039354708,1
2026-08-16T21:23:18Z,NVIDIA H200 NVL,screen,normal_0_1,dot,lns,lns8_r3,8,4,3,fp64,ordinary,padded,thread_packet,8,8,1,1,8,none,fraction_lut_shared,ordinary/padded/thread_packet/x8/fraction_lut_shared,16777216,0,1,33554432,33554432,64,512,256,3,1,48,5.0027198791503906,0.10422333081563313,-2524.5998039354708,1
2026-08-16T21:23:18Z,NVIDIA H200 NVL,screen,normal_0_1,dot,lns,lns8_r3,8,4,3,fp64,ordinary,padded,thread_packet,8,8,1,1,8,none,fraction_lut_shared,ordinary/padded/thread_packet/x8/fraction_lut_shared,16777216,0,1,33554432,33554432,64,512,256,3,2,48,4.9894399642944336,0.1039466659228007,-2524.5998039354708,1
2026-08-16T21:23:18Z,NVIDIA H200 NVL,screen,normal_0_1,gemv,lns,lns8_r3,8,4,3,fp64,ordinary,padded,thread_packet,8,8,1,1,8,none,fraction_lut_shared,ordinary/padded/thread_packet/x8/fraction_lut_shared,16384,1024,1024,16793600,16793600,64,1024,256,3,0,53,4.8947839736938477,0.09235441459799712,-49.242773333202848,1
2026-08-16T21:23:18Z,NVIDIA H200 NVL,screen,normal_0_1,gemv,lns,lns8_r3,8,4,3,fp64,ordinary,padded,thread_packet,8,8,1,1,8,none,fraction_lut_shared,ordinary/padded/thread_packet/x8/fraction_lut_shared,16384,1024,1024,16793600,16793600,64,1024,256,3,1,53,4.8920960426330566,0.092303698917604843,-49.242773333202848,1
2026-08-16T21:23:18Z,NVIDIA H200 NVL,screen,normal_0_1,gemv,lns,lns8_r3,8,4,3,fp64,ordinary,padded,thread_packet,8,8,1,1,8,none,fraction_lut_shared,ordinary/padded/thread_packet/x8/fraction_lut_shared,16384,1024,1024,16793600,16793600,64,1024,256,3,2,53,4.9106879234313965,0.092654489121347106,-49.242773333202848,1
2026-08-16T21:23:18Z,NVIDIA H200 NVL,screen,normal_0_1,dot,lns,lns8_r3,8,4,3,fp64,fused,padded,scalar,1,8,1,1,1,none,fraction_lut_shared,fused/padded/scalar/x1/fraction_lut_shared,16777216,0,1,33554432,33554432,64,512,256,3,0,53,4.8650879859924316,0.091794112943253431,-2524.5998039354727,1
2026-08-16T21:23:18Z,NVIDIA H200 NVL,screen,normal_0_1,dot,lns,lns8_r3,8,4,3,fp64,fused,padded,scalar,1,8,1,1,1,none,fraction_lut_shared,fused/padded/scalar/x1/fraction_lut_shared,16777216,0,1,33554432,33554432,64,512,256,3,1,53,4.8666558265686035,0.091823694840917042,-2524.5998039354727,1
2026-08-16T21:23:18Z,NVIDIA H200 NVL,screen,normal_0_1,dot,lns,lns8_r3,8,4,3,fp64,fused,padded,scalar,1,8,1,1,1,none,fraction_lut_shared,fused/padded/scalar/x1/fraction_lut_shared,16777216,0,1,33554432,33554432,64,512,256,3,2,53,4.867584228515625,0.091841211858785382,-2524.5998039354727,1
2026-08-16T21:23:18Z,NVIDIA H200 NVL,screen,normal_0_1,gemv,lns,lns8_r3,8,4,3,fp64,fused,padded,scalar,1,8,1,1,1,none,fraction_lut_shared,fused/padded/scalar/x1/fraction_lut_shared,16384,1024,1024,16793600,16793600,64,1024,256,3,0,60,4.8734397888183594,0.081223996480305996,-49.242773333202891,1
2026-08-16T21:23:18Z,NVIDIA H200 NVL,screen,normal_0_1,gemv,lns,lns8_r3,8,4,3,fp64,fused,padded,scalar,1,8,1,1,1,none,fraction_lut_shared,fused/padded/scalar/x1/fraction_lut_shared,16384,1024,1024,16793600,16793600,64,1024,256,3,1,60,4.8722238540649414,0.081203730901082363,-49.242773333202891,1
2026-08-16T21:23:18Z,NVIDIA H200 NVL,screen,normal_0_1,gemv,lns,lns8_r3,8,4,3,fp64,fused,padded,scalar,1,8,1,1,1,none,fraction_lut_shared,fused/padded/scalar/x1/fraction_lut_shared,16384,1024,1024,16793600,16793600,64,1024,256,3,2,60,4.8739519119262695,0.081232531865437829,-49.242773333202891,1
2026-08-16T21:23:18Z,NVIDIA H200 NVL,screen,normal_0_1,dot,lns,lns8_r3,8,4,3,fp64,fused,padded,thread_packet,2,8,1,1,2,none,fraction_lut_shared,fused/padded/thread_packet/x2/fraction_lut_shared,16777216,0,1,33554432,33554432,64,512,256,3,0,53,4.9267840385437012,0.092958189406484926,-2524.599803935469,1
2026-08-16T21:23:18Z,NVIDIA H200 NVL,screen,normal_0_1,dot,lns,lns8_r3,8,4,3,fp64,fused,padded,thread_packet,2,8,1,1,2,none,fraction_lut_shared,fused/padded/thread_packet/x2/fraction_lut_shared,16777216,0,1,33554432,33554432,64,512,256,3,1,53,4.929664134979248,0.093012530848665051,-2524.599803935469,1
2026-08-16T21:23:18Z,NVIDIA H200 NVL,screen,normal_0_1,dot,lns,lns8_r3,8,4,3,fp64,fused,padded,thread_packet,2,8,1,1,2,none,fraction_lut_shared,fused/padded/thread_packet/x2/fraction_lut_shared,16777216,0,1,33554432,33554432,64,512,256,3,2,53,4.9291200637817383,0.093002265354372421,-2524.599803935469,1
2026-08-16T21:23:18Z,NVIDIA H200 NVL,screen,normal_0_1,gemv,lns,lns8_r3,8,4,3,fp64,fused,padded,thread_packet,2,8,1,1,2,none,fraction_lut_shared,fused/padded/thread_packet/x2/fraction_lut_shared,16384,1024,1024,16793600,16793600,64,1024,256,3,0,59,4.9412798881530762,0.083750506578865694,-49.242773333202848,1
2026-08-16T21:23:18Z,NVIDIA H200 NVL,screen,normal_0_1,gemv,lns,lns8_r3,8,4,3,fp64,fused,padded,thread_packet,2,8,1,1,2,none,fraction_lut_shared,fused/padded/thread_packet/x2/fraction_lut_shared,16384,1024,1024,16793600,16793600,64,1024,256,3,1,59,4.9402241706848145,0.083732613062454483,-49.242773333202848,1
2026-08-16T21:23:18Z,NVIDIA H200 NVL,screen,normal_0_1,gemv,lns,lns8_r3,8,4,3,fp64,fused,padded,thread_packet,2,8,1,1,2,none,fraction_lut_shared,fused/padded/thread_packet/x2/fraction_lut_shared,16384,1024,1024,16793600,16793600,64,1024,256,3,2,59,4.9409279823303223,0.083744542073395295,-49.242773333202848,1
2026-08-16T21:23:18Z,NVIDIA H200 NVL,screen,normal_0_1,dot,lns,lns8_r3,8,4,3,fp64,fused,padded,thread_packet,4,8,1,1,4,none,fraction_lut_shared,fused/padded/thread_packet/x4/fraction_lut_shared,16777216,0,1,33554432,33554432,64,512,256,3,0,55,4.8940801620483398,0.088983275673606185,-2524.5998039354708,1
2026-08-16T21:23:18Z,NVIDIA H200 NVL,screen,normal_0_1,dot,lns,lns8_r3,8,4,3,fp64,fused,padded,thread_packet,4,8,1,1,4,none,fraction_lut_shared,fused/padded/thread_packet/x4/fraction_lut_shared,16777216,0,1,33554432,33554432,64,512,256,3,1,55,4.893439769744873,0.088971632177179516,-2524.5998039354708,1
2026-08-16T21:23:18Z,NVIDIA H200 NVL,screen,normal_0_1,dot,lns,lns8_r3,8,4,3,fp64,fused,padded,thread_packet,4,8,1,1,4,none,fraction_lut_shared,fused/padded/thread_packet/x4/fraction_lut_shared,16777216,0,1,33554432,33554432,64,512,256,3,2,55,4.8920960426330566,0.088947200775146479,-2524.5998039354708,1
2026-08-16T21:23:18Z,NVIDIA H200 NVL,screen,normal_0_1,gemv,lns,lns8_r3,8,4,3,fp64,fused,padded,thread_packet,4,8,1,1,4,none,fraction_lut_shared,fused/padded/thread_packet/x4/fraction_lut_shared,16384,1024,1024,16793600,16793600,64,1024,256,3,0,61,4.9212160110473633,0.080675672312251853,-49.24277333320277,1
2026-08-16T21:23:18Z,NVIDIA H200 NVL,screen,normal_0_1,gemv,lns,lns8_r3,8,4,3,fp64,fused,padded,thread_packet,4,8,1,1,4,none,fraction_lut_shared,fused/padded/thread_packet/x4/fraction_lut_shared,16384,1024,1024,16793600,16793600,64,1024,256,3,1,61,4.9161920547485352,0.080593312372926801,-49.24277333320277,1
2026-08-16T21:23:18Z,NVIDIA H200 NVL,screen,normal_0_1,gemv,lns,lns8_r3,8,4,3,fp64,fused,padded,thread_packet,4,8,1,1,4,none,fraction_lut_shared,fused/padded/thread_packet/x4/fraction_lut_shared,16384,1024,1024,16793600,16793600,64,1024,256,3,2,61,4.9144320487976074,0.080564459816354225,-49.24277333320277,1
2026-08-16T21:23:18Z,NVIDIA H200 NVL,screen,normal_0_1,dot,lns,lns8_r3,8,4,3,fp64,fused,padded,thread_packet,8,8,1,1,8,none,fraction_lut_shared,fused/padded/thread_packet/x8/fraction_lut_shared,16777216,0,1,33554432,33554432,64,512,256,3,0,54,4.8869438171386719,0.090498959576642071,-2524.5998039354713,1
2026-08-16T21:23:18Z,NVIDIA H200 NVL,screen,normal_0_1,dot,lns,lns8_r3,8,4,3,fp64,fused,padded,thread_packet,8,8,1,1,8,none,fraction_lut_shared,fused/padded/thread_packet/x8/fraction_lut_shared,16777216,0,1,33554432,33554432,64,512,256,3,1,54,4.8876161575317383,0.090511410324661826,-2524.5998039354713,1
2026-08-16T21:23:18Z,NVIDIA H200 NVL,screen,normal_0_1,dot,lns,lns8_r3,8,4,3,fp64,fused,padded,thread_packet,8,8,1,1,8,none,fraction_lut_shared,fused/padded/thread_packet/x8/fraction_lut_shared,16777216,0,1,33554432,33554432,64,512,256,3,2,54,4.8893117904663086,0.090542810934561277,-2524.5998039354713,1
2026-08-16T21:23:18Z,NVIDIA H200 NVL,screen,normal_0_1,gemv,lns,lns8_r3,8,4,3,fp64,fused,padded,thread_packet,8,8,1,1,8,none,fraction_lut_shared,fused/padded/thread_packet/x8/fraction_lut_shared,16384,1024,1024,16793600,16793600,64,1024,256,3,0,60,4.9187521934509277,0.081979203224182132,-49.242773333202798,1
2026-08-16T21:23:18Z,NVIDIA H200 NVL,screen,normal_0_1,gemv,lns,lns8_r3,8,4,3,fp64,fused,padded,thread_packet,8,8,1,1,8,none,fraction_lut_shared,fused/padded/thread_packet/x8/fraction_lut_shared,16384,1024,1024,16793600,16793600,64,1024,256,3,1,60,4.9180159568786621,0.081966932614644369,-49.242773333202798,1
2026-08-16T21:23:18Z,NVIDIA H200 NVL,screen,normal_0_1,gemv,lns,lns8_r3,8,4,3,fp64,fused,padded,thread_packet,8,8,1,1,8,none,fraction_lut_shared,fused/padded/thread_packet/x8/fraction_lut_shared,16384,1024,1024,16793600,16793600,64,1024,256,3,2,60,4.917759895324707,0.081962664922078446,-49.242773333202798,1
2026-08-16T21:23:18Z,NVIDIA H200 NVL,screen,normal_0_1,dot,lns,lns8_r3,8,4,3,fp64,ordinary,padded,scalar,1,8,1,1,1,none,fraction_lut_warp,ordinary/padded/scalar/x1/fraction_lut_warp,16777216,0,1,33554432,33554432,64,512,256,3,0,36,4.920896053314209,0.13669155703650582,-2524.5998039354708,1
2026-08-16T21:23:18Z,NVIDIA H200 NVL,screen,normal_0_1,dot,lns,lns8_r3,8,4,3,fp64,ordinary,padded,scalar,1,8,1,1,1,none,fraction_lut_warp,ordinary/padded/scalar/x1/fraction_lut_warp,16777216,0,1,33554432,33554432,64,512,256,3,1,36,4.9203200340270996,0.13667555650075278,-2524.5998039354708,1
2026-08-16T21:23:18Z,NVIDIA H200 NVL,screen,normal_0_1,dot,lns,lns8_r3,8,4,3,fp64,ordinary,padded,scalar,1,8,1,1,1,none,fraction_lut_warp,ordinary/padded/scalar/x1/fraction_lut_warp,16777216,0,1,33554432,33554432,64,512,256,3,2,36,4.9245438575744629,0.13679288493262398,-2524.5998039354708,1
2026-08-16T21:23:18Z,NVIDIA H200 NVL,screen,normal_0_1,gemv,lns,lns8_r3,8,4,3,fp64,ordinary,padded,scalar,1,8,1,1,1,none,fraction_lut_warp,ordinary/padded/scalar/x1/fraction_lut_warp,16384,1024,1024,16793600,16793600,64,1024,256,3,0,40,4.9946880340576172,0.12486720085144043,-49.242773333202877,1
2026-08-16T21:23:18Z,NVIDIA H200 NVL,screen,normal_0_1,gemv,lns,lns8_r3,8,4,3,fp64,ordinary,padded,scalar,1,8,1,1,1,none,fraction_lut_warp,ordinary/padded/scalar/x1/fraction_lut_warp,16384,1024,1024,16793600,16793600,64,1024,256,3,1,40,4.9782400131225586,0.12445600032806396,-49.242773333202877,1
2026-08-16T21:23:18Z,NVIDIA H200 NVL,screen,normal_0_1,gemv,lns,lns8_r3,8,4,3,fp64,ordinary,padded,scalar,1,8,1,1,1,none,fraction_lut_warp,ordinary/padded/scalar/x1/fraction_lut_warp,16384,1024,1024,16793600,16793600,64,1024,256,3,2,40,4.9801602363586426,0.12450400590896607,-49.242773333202877,1
2026-08-16T21:23:18Z,NVIDIA H200 NVL,screen,normal_0_1,dot,lns,lns8_r3,8,4,3,fp64,ordinary,padded,thread_packet,2,8,1,1,2,none,fraction_lut_warp,ordinary/padded/thread_packet/x2/fraction_lut_warp,16777216,0,1,33554432,33554432,64,512,256,3,0,36,4.9972801208496094,0.13881333669026694,-2524.5998039354708,1
2026-08-16T21:23:18Z,NVIDIA H200 NVL,screen,normal_0_1,dot,lns,lns8_r3,8,4,3,fp64,ordinary,padded,thread_packet,2,8,1,1,2,none,fraction_lut_warp,ordinary/padded/thread_packet/x2/fraction_lut_warp,16777216,0,1,33554432,33554432,64,512,256,3,1,36,5.0004482269287109,0.13890133963690865,-2524.5998039354708,1
2026-08-16T21:23:18Z,NVIDIA H200 NVL,screen,normal_0_1,dot,lns,lns8_r3,8,4,3,fp64,ordinary,padded,thread_packet,2,8,1,1,2,none,fraction_lut_warp,ordinary/padded/thread_packet/x2/fraction_lut_warp,16777216,0,1,33554432,33554432,64,512,256,3,2,36,4.9986557960510254,0.13885154989030626,-2524.5998039354708,1
2026-08-16T21:23:18Z,NVIDIA H200 NVL,screen,normal_0_1,gemv,lns,lns8_r3,8,4,3,fp64,ordinary,padded,thread_packet,2,8,1,1,2,none,fraction_lut_warp,ordinary/padded/thread_packet/x2/fraction_lut_warp,16384,1024,1024,16793600,16793600,64,1024,256,3,0,40,5,0.125,-49.242773333202862,1
2026-08-16T21:23:18Z,NVIDIA H200 NVL,screen,normal_0_1,gemv,lns,lns8_r3,8,4,3,fp64,ordinary,padded,thread_packet,2,8,1,1,2,none,fraction_lut_warp,ordinary/padded/thread_packet/x2/fraction_lut_warp,16384,1024,1024,16793600,16793600,64,1024,256,3,1,40,5.0012798309326172,0.12503199577331542,-49.242773333202862,1
2026-08-16T21:23:18Z,NVIDIA H200 NVL,screen,normal_0_1,gemv,lns,lns8_r3,8,4,3,fp64,ordinary,padded,thread_packet,2,8,1,1,2,none,fraction_lut_warp,ordinary/padded/thread_packet/x2/fraction_lut_warp,16384,1024,1024,16793600,16793600,64,1024,256,3,2,40,4.9994239807128906,0.12498559951782226,-49.242773333202862,1
2026-08-16T21:23:18Z,NVIDIA H200 NVL,screen,normal_0_1,dot,lns,lns8_r3,8,4,3,fp64,ordinary,padded,thread_packet,4,8,1,1,4,none,fraction_lut_warp,ordinary/padded/thread_packet/x4/fraction_lut_warp,16777216,0,1,33554432,33554432,64,512,256,3,0,37,4.9482879638671875,0.13373751253695101,-2524.599803935469,1
2026-08-16T21:23:18Z,NVIDIA H200 NVL,screen,normal_0_1,dot,lns,lns8_r3,8,4,3,fp64,ordinary,padded,thread_packet,4,8,1,1,4,none,fraction_lut_warp,ordinary/padded/thread_packet/x4/fraction_lut_warp,16777216,0,1,33554432,33554432,64,512,256,3,1,37,4.9457597732543945,0.13366918306092959,-2524.599803935469,1
2026-08-16T21:23:18Z,NVIDIA H200 NVL,screen,normal_0_1,dot,lns,lns8_r3,8,4,3,fp64,ordinary,padded,thread_packet,4,8,1,1,4,none,fraction_lut_warp,ordinary/padded/thread_packet/x4/fraction_lut_warp,16777216,0,1,33554432,33554432,64,512,256,3,2,37,4.9455680847167969,0.13366400228964315,-2524.599803935469,1
2026-08-16T21:23:18Z,NVIDIA H200 NVL,screen,normal_0_1,gemv,lns,lns8_r3,8,4,3,fp64,ordinary,padded,thread_packet,4,8,1,1,4,none,fraction_lut_warp,ordinary/padded/thread_packet/x4/fraction_lut_warp,16384,1024,1024,16793600,16793600,64,1024,256,3,0,41,4.976992130279541,0.12139005195803759,-49.24277333320277,1
2026-08-16T21:23:18Z,NVIDIA H200 NVL,screen,normal_0_1,gemv,lns,lns8_r3,8,4,3,fp64,ordinary,padded,thread_packet,4,8,1,1,4,none,fraction_lut_warp,ordinary/padded/thread_packet/x4/fraction_lut_warp,16384,1024,1024,16793600,16793600,64,1024,256,3,1,41,4.977503776550293,0.121402531135373,-49.24277333320277,1
2026-08-16T21:23:18Z,NVIDIA H200 NVL,screen,normal_0_1,gemv,lns,lns8_r3,8,4,3,fp64,ordinary,padded,thread_packet,4,8,1,1,4,none,fraction_lut_warp,ordinary/padded/thread_packet/x4/fraction_lut_warp,16384,1024,1024,16793600,16793600,64,1024,256,3,2,41,4.9876799583435059,0.12165073069130503,-49.24277333320277,1
2026-08-16T21:23:18Z,NVIDIA H200 NVL,screen,normal_0_1,dot,lns,lns8_r3,8,4,3,fp64,ordinary,padded,thread_packet,8,8,1,1,8,none,fraction_lut_warp,ordinary/padded/thread_packet/x8/fraction_lut_warp,16777216,0,1,33554432,33554432,64,512,256,3,0,36,4.9078397750854492,0.13632888264126247,-2524.5998039354708,1
2026-08-16T21:23:18Z,NVIDIA H200 NVL,screen,normal_0_1,dot,lns,lns8_r3,8,4,3,fp64,ordinary,padded,thread_packet,8,8,1,1,8,none,fraction_lut_warp,ordinary/padded/thread_packet/x8/fraction_lut_warp,16777216,0,1,33554432,33554432,64,512,256,3,1,36,4.8966078758239746,0.13601688543955484,-2524.5998039354708,1
2026-08-16T21:23:18Z,NVIDIA H200 NVL,screen,normal_0_1,dot,lns,lns8_r3,8,4,3,fp64,ordinary,padded,thread_packet,8,8,1,1,8,none,fraction_lut_warp,ordinary/padded/thread_packet/x8/fraction_lut_warp,16777216,0,1,33554432,33554432,64,512,256,3,2,36,4.9020800590515137,0.13616889052920872,-2524.5998039354708,1
2026-08-16T21:23:18Z,NVIDIA H200 NVL,screen,normal_0_1,gemv,lns,lns8_r3,8,4,3,fp64,ordinary,padded,thread_packet,8,8,1,1,8,none,fraction_lut_warp,ordinary/padded/thread_packet/x8/fraction_lut_warp,16384,1024,1024,16793600,16793600,64,1024,256,3,0,40,4.9433598518371582,0.12358399629592895,-49.242773333202848,1
2026-08-16T21:23:18Z,NVIDIA H200 NVL,screen,normal_0_1,gemv,lns,lns8_r3,8,4,3,fp64,ordinary,padded,thread_packet,8,8,1,1,8,none,fraction_lut_warp,ordinary/padded/thread_packet/x8/fraction_lut_warp,16384,1024,1024,16793600,16793600,64,1024,256,3,1,40,4.9445438385009766,0.12361359596252441,-49.242773333202848,1
2026-08-16T21:23:18Z,NVIDIA H200 NVL,screen,normal_0_1,gemv,lns,lns8_r3,8,4,3,fp64,ordinary,padded,thread_packet,8,8,1,1,8,none,fraction_lut_warp,ordinary/padded/thread_packet/x8/fraction_lut_warp,16384,1024,1024,16793600,16793600,64,1024,256,3,2,40,4.9442238807678223,0.12360559701919556,-49.242773333202848,1
2026-08-16T21:23:18Z,NVIDIA H200 NVL,screen,normal_0_1,dot,lns,lns8_r3,8,4,3,fp64,fused,padded,scalar,1,8,1,1,1,none,fraction_lut_warp,fused/padded/scalar/x1/fraction_lut_warp,16777216,0,1,33554432,33554432,64,512,256,3,0,46,4.9076480865478516,0.10668800188147504,-2524.5998039354727,1
2026-08-16T21:23:18Z,NVIDIA H200 NVL,screen,normal_0_1,dot,lns,lns8_r3,8,4,3,fp64,fused,padded,scalar,1,8,1,1,1,none,fraction_lut_warp,fused/padded/scalar/x1/fraction_lut_warp,16777216,0,1,33554432,33554432,64,512,256,3,1,46,4.9087681770324707,0.10671235167461893,-2524.5998039354727,1
2026-08-16T21:23:18Z,NVIDIA H200 NVL,screen,normal_0_1,dot,lns,lns8_r3,8,4,3,fp64,fused,padded,scalar,1,8,1,1,1,none,fraction_lut_warp,fused/padded/scalar/x1/fraction_lut_warp,16777216,0,1,33554432,33554432,64,512,256,3,2,46,4.9099202156066895,0.10673739599144977,-2524.5998039354727,1
2026-08-16T21:23:18Z,NVIDIA H200 NVL,screen,normal_0_1,gemv,lns,lns8_r3,8,4,3,fp64,fused,padded,scalar,1,8,1,1,1,none,fraction_lut_warp,fused/padded/scalar/x1/fraction_lut_warp,16384,1024,1024,16793600,16793600,64,1024,256,3,0,50,4.8624000549316406,0.097248001098632811,-49.242773333202891,1
2026-08-16T21:23:18Z,NVIDIA H200 NVL,screen,normal_0_1,gemv,lns,lns8_r3,8,4,3,fp64,fused,padded,scalar,1,8,1,1,1,none,fraction_lut_warp,fused/padded/scalar/x1/fraction_lut_warp,16384,1024,1024,16793600,16793600,64,1024,256,3,1,50,4.8643841743469238,0.097287683486938475,-49.242773333202891,1
2026-08-16T21:23:18Z,NVIDIA H200 NVL,screen,normal_0_1,gemv,lns,lns8_r3,8,4,3,fp64,fused,padded,scalar,1,8,1,1,1,none,fraction_lut_warp,fused/padded/scalar/x1/fraction_lut_warp,16384,1024,1024,16793600,16793600,64,1024,256,3,2,50,4.8632960319519043,0.097265920639038092,-49.242773333202891,1
2026-08-16T21:23:18Z,NVIDIA H200 NVL,screen,normal_0_1,dot,lns,lns8_r3,8,4,3,fp64,fused,padded,thread_packet,2,8,1,1,2,none,fraction_lut_warp,fused/padded/thread_packet/x2/fraction_lut_warp,16777216,0,1,33554432,33554432,64,512,256,3,0,46,4.9153599739074707,0.10685565160668414,-2524.599803935469,1
2026-08-16T21:23:18Z,NVIDIA H200 NVL,screen,normal_0_1,dot,lns,lns8_r3,8,4,3,fp64,fused,padded,thread_packet,2,8,1,1,2,none,fraction_lut_warp,fused/padded/thread_packet/x2/fraction_lut_warp,16777216,0,1,33554432,33554432,64,512,256,3,1,46,4.9169597625732422,0.10689042962115744,-2524.599803935469,1
2026-08-16T21:23:18Z,NVIDIA H200 NVL,screen,normal_0_1,dot,lns,lns8_r3,8,4,3,fp64,fused,padded,thread_packet,2,8,1,1,2,none,fraction_lut_warp,fused/padded/thread_packet/x2/fraction_lut_warp,16777216,0,1,33554432,33554432,64,512,256,3,2,46,4.9211201667785645,0.10698087319083836,-2524.599803935469,1
2026-08-16T21:23:18Z,NVIDIA H200 NVL,screen,normal_0_1,gemv,lns,lns8_r3,8,4,3,fp64,fused,padded,thread_packet,2,8,1,1,2,none,fraction_lut_warp,fused/padded/thread_packet/x2/fraction_lut_warp,16384,1024,1024,16793600,16793600,64,1024,256,3,0,50,4.8642878532409668,0.097285757064819331,-49.242773333202848,1
2026-08-16T21:23:18Z,NVIDIA H200 NVL,screen,normal_0_1,gemv,lns,lns8_r3,8,4,3,fp64,fused,padded,thread_packet,2,8,1,1,2,none,fraction_lut_warp,fused/padded/thread_packet/x2/fraction_lut_warp,16384,1024,1024,16793600,16793600,64,1024,256,3,1,50,4.8652482032775879,0.097304964065551752,-49.242773333202848,1
2026-08-16T21:23:18Z,NVIDIA H200 NVL,screen,normal_0_1,gemv,lns,lns8_r3,8,4,3,fp64,fused,padded,thread_packet,2,8,1,1,2,none,fraction_lut_warp,fused/padded/thread_packet/x2/fraction_lut_warp,16384,1024,1024,16793600,16793600,64,1024,256,3,2,50,4.864448070526123,0.097288961410522456,-49.242773333202848,1
2026-08-16T21:23:18Z,NVIDIA H200 NVL,screen,normal_0_1,dot,lns,lns8_r3,8,4,3,fp64,fused,padded,thread_packet,4,8,1,1,4,none,fraction_lut_warp,fused/padded/thread_packet/x4/fraction_lut_warp,16777216,0,1,33554432,33554432,64,512,256,3,0,48,4.9516158103942871,0.10315866271654765,-2524.5998039354708,1
2026-08-16T21:23:18Z,NVIDIA H200 NVL,screen,normal_0_1,dot,lns,lns8_r3,8,4,3,fp64,fused,padded,thread_packet,4,8,1,1,4,none,fraction_lut_warp,fused/padded/thread_packet/x4/fraction_lut_warp,16777216,0,1,33554432,33554432,64,512,256,3,1,48,4.9517760276794434,0.10316200057665507,-2524.5998039354708,1
2026-08-16T21:23:18Z,NVIDIA H200 NVL,screen,normal_0_1,dot,lns,lns8_r3,8,4,3,fp64,fused,padded,thread_packet,4,8,1,1,4,none,fraction_lut_warp,fused/padded/thread_packet/x4/fraction_lut_warp,16777216,0,1,33554432,33554432,64,512,256,3,2,48,4.9510078430175781,0.10314599672953288,-2524.5998039354708,1
2026-08-16T21:23:18Z,NVIDIA H200 NVL,screen,normal_0_1,gemv,lns,lns8_r3,8,4,3,fp64,fused,padded,thread_packet,4,8,1,1,4,none,fraction_lut_warp,fused/padded/thread_packet/x4/fraction_lut_warp,16384,1024,1024,16793600,16793600,64,1024,256,3,0,52,4.8756160736083984,0.093761847569392279,-49.24277333320277,1
2026-08-16T21:23:18Z,NVIDIA H200 NVL,screen,normal_0_1,gemv,lns,lns8_r3,8,4,3,fp64,fused,padded,thread_packet,4,8,1,1,4,none,fraction_lut_warp,fused/padded/thread_packet/x4/fraction_lut_warp,16384,1024,1024,16793600,16793600,64,1024,256,3,1,52,4.8660478591918945,0.093577843445997969,-49.24277333320277,1
2026-08-16T21:23:18Z,NVIDIA H200 NVL,screen,normal_0_1,gemv,lns,lns8_r3,8,4,3,fp64,fused,padded,thread_packet,4,8,1,1,4,none,fraction_lut_warp,fused/padded/thread_packet/x4/fraction_lut_warp,16384,1024,1024,16793600,16793600,64,1024,256,3,2,52,4.8673920631408691,0.093603693521939785,-49.24277333320277,1
2026-08-16T21:23:18Z,NVIDIA H200 NVL,screen,normal_0_1,dot,lns,lns8_r3,8,4,3,fp64,fused,padded,thread_packet,8,8,1,1,8,none,fraction_lut_warp,fused/padded/thread_packet/x8/fraction_lut_warp,16777216,0,1,33554432,33554432,64,512,256,3,0,47,4.9083518981933594,0.104433019110497,-2524.5998039354713,1
2026-08-16T21:23:18Z,NVIDIA H200 NVL,screen,normal_0_1,dot,lns,lns8_r3,8,4,3,fp64,fused,padded,thread_packet,8,8,1,1,8,none,fraction_lut_warp,fused/padded/thread_packet/x8/fraction_lut_warp,16777216,0,1,33554432,33554432,64,512,256,3,1,47,4.8974399566650391,0.10420085014180934,-2524.5998039354713,1
2026-08-16T21:23:18Z,NVIDIA H200 NVL,screen,normal_0_1,dot,lns,lns8_r3,8,4,3,fp64,fused,padded,thread_packet,8,8,1,1,8,none,fraction_lut_warp,fused/padded/thread_packet/x8/fraction_lut_warp,16777216,0,1,33554432,33554432,64,512,256,3,2,47,4.8976001739501953,0.10420425902021692,-2524.5998039354713,1
2026-08-16T21:23:18Z,NVIDIA H200 NVL,screen,normal_0_1,gemv,lns,lns8_r3,8,4,3,fp64,fused,padded,thread_packet,8,8,1,1,8,none,fraction_lut_warp,fused/padded/thread_packet/x8/fraction_lut_warp,16384,1024,1024,16793600,16793600,64,1024,256,3,0,52,4.9454078674316406,0.095103997450608477,-49.242773333202798,1
2026-08-16T21:23:18Z,NVIDIA H200 NVL,screen,normal_0_1,gemv,lns,lns8_r3,8,4,3,fp64,fused,padded,thread_packet,8,8,1,1,8,none,fraction_lut_warp,fused/padded/thread_packet/x8/fraction_lut_warp,16384,1024,1024,16793600,16793600,64,1024,256,3,1,52,4.9453120231628418,0.095102154291593105,-49.242773333202798,1
2026-08-16T21:23:18Z,NVIDIA H200 NVL,screen,normal_0_1,gemv,lns,lns8_r3,8,4,3,fp64,fused,padded,thread_packet,8,8,1,1,8,none,fraction_lut_warp,fused/padded/thread_packet/x8/fraction_lut_warp,16384,1024,1024,16793600,16793600,64,1024,256,3,2,52,4.9448318481445312,0.095092920156625599,-49.242773333202798,1
2026-08-16T21:23:18Z,NVIDIA H200 NVL,screen,normal_0_1,dot,lns,lns8_r3,8,4,3,fp64,fused,padded,scalar,1,8,1,1,1,none,fused_sum_lut_global,fused/padded/scalar/x1/fused_sum_lut_global,16777216,0,1,33554432,33554432,2048,512,256,3,0,73,4.8658242225646973,0.066655126336502696,-2524.5998039354727,1
2026-08-16T21:23:18Z,NVIDIA H200 NVL,screen,normal_0_1,dot,lns,lns8_r3,8,4,3,fp64,fused,padded,scalar,1,8,1,1,1,none,fused_sum_lut_global,fused/padded/scalar/x1/fused_sum_lut_global,16777216,0,1,33554432,33554432,2048,512,256,3,1,73,4.8668479919433594,0.066669150574566571,-2524.5998039354727,1
2026-08-16T21:23:18Z,NVIDIA H200 NVL,screen,normal_0_1,dot,lns,lns8_r3,8,4,3,fp64,fused,padded,scalar,1,8,1,1,1,none,fused_sum_lut_global,fused/padded/scalar/x1/fused_sum_lut_global,16777216,0,1,33554432,33554432,2048,512,256,3,2,73,4.8695998191833496,0.066706846838128081,-2524.5998039354727,1
2026-08-16T21:23:18Z,NVIDIA H200 NVL,screen,normal_0_1,gemv,lns,lns8_r3,8,4,3,fp64,fused,padded,scalar,1,8,1,1,1,none,fused_sum_lut_global,fused/padded/scalar/x1/fused_sum_lut_global,16384,1024,1024,16793600,16793600,2048,1024,256,3,0,78,4.8430080413818359,0.062089846684382513,-49.242773333202891,1
2026-08-16T21:23:18Z,NVIDIA H200 NVL,screen,normal_0_1,gemv,lns,lns8_r3,8,4,3,fp64,fused,padded,scalar,1,8,1,1,1,none,fused_sum_lut_global,fused/padded/scalar/x1/fused_sum_lut_global,16384,1024,1024,16793600,16793600,2048,1024,256,3,1,78,4.8429121971130371,0.062088617911705606,-49.242773333202891,1
2026-08-16T21:23:18Z,NVIDIA H200 NVL,screen,normal_0_1,gemv,lns,lns8_r3,8,4,3,fp64,fused,padded,scalar,1,8,1,1,1,none,fused_sum_lut_global,fused/padded/scalar/x1/fused_sum_lut_global,16384,1024,1024,16793600,16793600,2048,1024,256,3,2,78,4.842559814453125,0.062084100185296476,-49.242773333202891,1
2026-08-16T21:23:18Z,NVIDIA H200 NVL,screen,normal_0_1,dot,lns,lns8_r3,8,4,3,fp64,fused,padded,thread_packet,2,8,1,1,2,none,fused_sum_lut_global,fused/padded/thread_packet/x2/fused_sum_lut_global,16777216,0,1,33554432,33554432,2048,512,256,3,0,71,4.8891520500183105,0.06886129647913114,-2524.599803935469,1
2026-08-16T21:23:18Z,NVIDIA H200 NVL,screen,normal_0_1,dot,lns,lns8_r3,8,4,3,fp64,fused,padded,thread_packet,2,8,1,1,2,none,fused_sum_lut_global,fused/padded/thread_packet/x2/fused_sum_lut_global,16777216,0,1,33554432,33554432,2048,512,256,3,1,71,4.8913922309875488,0.068892848323768296,-2524.599803935469,1
2026-08-16T21:23:18Z,NVIDIA H200 NVL,screen,normal_0_1,dot,lns,lns8_r3,8,4,3,fp64,fused,padded,thread_packet,2,8,1,1,2,none,fused_sum_lut_global,fused/padded/thread_packet/x2/fused_sum_lut_global,16777216,0,1,33554432,33554432,2048,512,256,3,2,71,4.8864321708679199,0.068822988322083375,-2524.599803935469,1
2026-08-16T21:23:18Z,NVIDIA H200 NVL,screen,normal_0_1,gemv,lns,lns8_r3,8,4,3,fp64,fused,padded,thread_packet,2,8,1,1,2,none,fused_sum_lut_global,fused/padded/thread_packet/x2/fused_sum_lut_global,16384,1024,1024,16793600,16793600,2048,1024,256,3,0,79,4.8820481300354004,0.061798077595384818,-49.242773333202848,1
2026-08-16T21:23:18Z,NVIDIA H200 NVL,screen,normal_0_1,gemv,lns,lns8_r3,8,4,3,fp64,fused,padded,thread_packet,2,8,1,1,2,none,fused_sum_lut_global,fused/padded/thread_packet/x2/fused_sum_lut_global,16384,1024,1024,16793600,16793600,2048,1024,256,3,1,79,4.8801918029785156,0.061774579784538174,-49.242773333202848,1
2026-08-16T21:23:18Z,NVIDIA H200 NVL,screen,normal_0_1,gemv,lns,lns8_r3,8,4,3,fp64,fused,padded,thread_packet,2,8,1,1,2,none,fused_sum_lut_global,fused/padded/thread_packet/x2/fused_sum_lut_global,16384,1024,1024,16793600,16793600,2048,1024,256,3,2,79,4.8807997703552246,0.061782275574116766,-49.242773333202848,1
2026-08-16T21:23:18Z,NVIDIA H200 NVL,screen,normal_0_1,dot,lns,lns8_r3,8,4,3,fp64,fused,padded,thread_packet,4,8,1,1,4,none,fused_sum_lut_global,fused/padded/thread_packet/x4/fused_sum_lut_global,16777216,0,1,33554432,33554432,2048,512,256,3,0,74,4.8740801811218262,0.065865948393538196,-2524.5998039354708,1
2026-08-16T21:23:18Z,NVIDIA H200 NVL,screen,normal_0_1,dot,lns,lns8_r3,8,4,3,fp64,fused,padded,thread_packet,4,8,1,1,4,none,fused_sum_lut_global,fused/padded/thread_packet/x4/fused_sum_lut_global,16777216,0,1,33554432,33554432,2048,512,256,3,1,74,4.8730878829956055,0.065852538959400075,-2524.5998039354708,1
2026-08-16T21:23:18Z,NVIDIA H200 NVL,screen,normal_0_1,dot,lns,lns8_r3,8,4,3,fp64,fused,padded,thread_packet,4,8,1,1,4,none,fused_sum_lut_global,fused/padded/thread_packet/x4/fused_sum_lut_global,16777216,0,1,33554432,33554432,2048,512,256,3,2,74,4.8744640350341797,0.065871135608569997,-2524.5998039354708,1
2026-08-16T21:23:18Z,NVIDIA H200 NVL,screen,normal_0_1,gemv,lns,lns8_r3,8,4,3,fp64,fused,padded,thread_packet,4,8,1,1,4,none,fused_sum_lut_global,fused/padded/thread_packet/x4/fused_sum_lut_global,16384,1024,1024,16793600,16793600,2048,1024,256,3,0,83,4.8744320869445801,0.058728097433067228,-49.24277333320277,1
2026-08-16T21:23:18Z,NVIDIA H200 NVL,screen,normal_0_1,gemv,lns,lns8_r3,8,4,3,fp64,fused,padded,thread_packet,4,8,1,1,4,none,fused_sum_lut_global,fused/padded/thread_packet/x4/fused_sum_lut_global,16384,1024,1024,16793600,16793600,2048,1024,256,3,1,83,4.8751039505004883,0.058736192174704681,-49.24277333320277,1
2026-08-16T21:23:18Z,NVIDIA H200 NVL,screen,normal_0_1,gemv,lns,lns8_r3,8,4,3,fp64,fused,padded,thread_packet,4,8,1,1,4,none,fused_sum_lut_global,fused/padded/thread_packet/x4/fused_sum_lut_global,16384,1024,1024,16793600,16793600,2048,1024,256,3,2,83,4.8750720024108887,0.058735807257962513,-49.24277333320277,1
2026-08-16T21:23:18Z,NVIDIA H200 NVL,screen,normal_0_1,dot,lns,lns8_r3,8,4,3,fp64,fused,padded,thread_packet,8,8,1,1,8,none,fused_sum_lut_global,fused/padded/thread_packet/x8/fused_sum_lut_global,16777216,0,1,33554432,33554432,2048,512,256,3,0,73,4.8691520690917969,0.066700713275230097,-2524.5998039354713,1
2026-08-16T21:23:18Z,NVIDIA H200 NVL,screen,normal_0_1,dot,lns,lns8_r3,8,4,3,fp64,fused,padded,thread_packet,8,8,1,1,8,none,fused_sum_lut_global,fused/padded/thread_packet/x8/fused_sum_lut_global,16777216,0,1,33554432,33554432,2048,512,256,3,1,73,4.8635520935058594,0.066624001280902179,-2524.5998039354713,1
2026-08-16T21:23:18Z,NVIDIA H200 NVL,screen,normal_0_1,dot,lns,lns8_r3,8,4,3,fp64,fused,padded,thread_packet,8,8,1,1,8,none,fused_sum_lut_global,fused/padded/thread_packet/x8/fused_sum_lut_global,16777216,0,1,33554432,33554432,2048,512,256,3,2,73,4.8673281669616699,0.066675728314543423,-2524.5998039354713,1
2026-08-16T21:23:18Z,NVIDIA H200 NVL,screen,normal_0_1,gemv,lns,lns8_r3,8,4,3,fp64,fused,padded,thread_packet,8,8,1,1,8,none,fused_sum_lut_global,fused/padded/thread_packet/x8/fused_sum_lut_global,16384,1024,1024,16793600,16793600,2048,1024,256,3,0,81,4.862271785736084,0.060028046737482521,-49.242773333202798,1
2026-08-16T21:23:18Z,NVIDIA H200 NVL,screen,normal_0_1,gemv,lns,lns8_r3,8,4,3,fp64,fused,padded,thread_packet,8,8,1,1,8,none,fused_sum_lut_global,fused/padded/thread_packet/x8/fused_sum_lut_global,16384,1024,1024,16793600,16793600,2048,1024,256,3,1,81,4.8606081008911133,0.060007507418408809,-49.242773333202798,1
2026-08-16T21:23:18Z,NVIDIA H200 NVL,screen,normal_0_1,gemv,lns,lns8_r3,8,4,3,fp64,fused,padded,thread_packet,8,8,1,1,8,none,fused_sum_lut_global,fused/padded/thread_packet/x8/fused_sum_lut_global,16384,1024,1024,16793600,16793600,2048,1024,256,3,2,81,4.8601279258728027,0.060001579331762998,-49.242773333202798,1
2026-08-16T21:23:18Z,NVIDIA H200 NVL,screen,normal_0_1,dot,lns,lns8_r3,8,4,3,fp64,fused,padded,scalar,1,8,1,1,1,none,fused_sum_lut_shared,fused/padded/scalar/x1/fused_sum_lut_shared,16777216,0,1,33554432,33554432,2048,512,256,3,0,75,4.8652482032775879,0.064869976043701177,-2524.5998039354727,1
2026-08-16T21:23:18Z,NVIDIA H200 NVL,screen,normal_0_1,dot,lns,lns8_r3,8,4,3,fp64,fused,padded,scalar,1,8,1,1,1,none,fused_sum_lut_shared,fused/padded/scalar/x1/fused_sum_lut_shared,16777216,0,1,33554432,33554432,2048,512,256,3,1,75,4.8620162010192871,0.064826882680257158,-2524.5998039354727,1
2026-08-16T21:23:18Z,NVIDIA H200 NVL,screen,normal_0_1,dot,lns,lns8_r3,8,4,3,fp64,fused,padded,scalar,1,8,1,1,1,none,fused_sum_lut_shared,fused/padded/scalar/x1/fused_sum_lut_shared,16777216,0,1,33554432,33554432,2048,512,256,3,2,75,4.8628478050231934,0.064837970733642572,-2524.5998039354727,1
2026-08-16T21:23:18Z,NVIDIA H200 NVL,screen,normal_0_1,gemv,lns,lns8_r3,8,4,3,fp64,fused,padded,scalar,1,8,1,1,1,none,fused_sum_lut_shared,fused/padded/scalar/x1/fused_sum_lut_shared,16384,1024,1024,16793600,16793600,2048,1024,256,3,0,84,4.8563838005065918,0.057814092863173711,-49.242773333202891,1
2026-08-16T21:23:18Z,NVIDIA H200 NVL,screen,normal_0_1,gemv,lns,lns8_r3,8,4,3,fp64,fused,padded,scalar,1,8,1,1,1,none,fused_sum_lut_shared,fused/padded/scalar/x1/fused_sum_lut_shared,16384,1024,1024,16793600,16793600,2048,1024,256,3,1,84,4.852992057800293,0.057773714973813013,-49.242773333202891,1
2026-08-16T21:23:18Z,NVIDIA H200 NVL,screen,normal_0_1,gemv,lns,lns8_r3,8,4,3,fp64,fused,padded,scalar,1,8,1,1,1,none,fused_sum_lut_shared,fused/padded/scalar/x1/fused_sum_lut_shared,16384,1024,1024,16793600,16793600,2048,1024,256,3,2,84,4.8520321846008301,0.057762287911914643,-49.242773333202891,1
2026-08-16T21:23:18Z,NVIDIA H200 NVL,screen,normal_0_1,dot,lns,lns8_r3,8,4,3,fp64,fused,padded,thread_packet,2,8,1,1,2,none,fused_sum_lut_shared,fused/padded/thread_packet/x2/fused_sum_lut_shared,16777216,0,1,33554432,33554432,2048,512,256,3,0,73,4.8846721649169922,0.066913317327630034,-2524.599803935469,1
2026-08-16T21:23:18Z,NVIDIA H200 NVL,screen,normal_0_1,dot,lns,lns8_r3,8,4,3,fp64,fused,padded,thread_packet,2,8,1,1,2,none,fused_sum_lut_shared,fused/padded/thread_packet/x2/fused_sum_lut_shared,16777216,0,1,33554432,33554432,2048,512,256,3,1,73,4.8820161819458008,0.066876933999257551,-2524.599803935469,1
2026-08-16T21:23:18Z,NVIDIA H200 NVL,screen,normal_0_1,dot,lns,lns8_r3,8,4,3,fp64,fused,padded,thread_packet,2,8,1,1,2,none,fused_sum_lut_shared,fused/padded/thread_packet/x2/fused_sum_lut_shared,16777216,0,1,33554432,33554432,2048,512,256,3,2,73,4.8838081359863281,0.066901481314881203,-2524.599803935469,1
2026-08-16T21:23:18Z,NVIDIA H200 NVL,screen,normal_0_1,gemv,lns,lns8_r3,8,4,3,fp64,fused,padded,thread_packet,2,8,1,1,2,none,fused_sum_lut_shared,fused/padded/thread_packet/x2/fused_sum_lut_shared,16384,1024,1024,16793600,16793600,2048,1024,256,3,0,80,4.8412480354309082,0.060515600442886355,-49.242773333202848,1
2026-08-16T21:23:18Z,NVIDIA H200 NVL,screen,normal_0_1,gemv,lns,lns8_r3,8,4,3,fp64,fused,padded,thread_packet,2,8,1,1,2,none,fused_sum_lut_shared,fused/padded/thread_packet/x2/fused_sum_lut_shared,16384,1024,1024,16793600,16793600,2048,1024,256,3,1,80,4.8411197662353516,0.060513997077941896,-49.242773333202848,1
2026-08-16T21:23:18Z,NVIDIA H200 NVL,screen,normal_0_1,gemv,lns,lns8_r3,8,4,3,fp64,fused,padded,thread_packet,2,8,1,1,2,none,fused_sum_lut_shared,fused/padded/thread_packet/x2/fused_sum_lut_shared,16384,1024,1024,16793600,16793600,2048,1024,256,3,2,80,4.8415999412536621,0.060519999265670775,-49.242773333202848,1
2026-08-16T21:23:18Z,NVIDIA H200 NVL,screen,normal_0_1,dot,lns,lns8_r3,8,4,3,fp64,fused,padded,thread_packet,4,8,1,1,4,none,fused_sum_lut_shared,fused/padded/thread_packet/x4/fused_sum_lut_shared,16777216,0,1,33554432,33554432,2048,512,256,3,0,77,4.887199878692627,0.063470128294709438,-2524.5998039354708,1
2026-08-16T21:23:18Z,NVIDIA H200 NVL,screen,normal_0_1,dot,lns,lns8_r3,8,4,3,fp64,fused,padded,thread_packet,4,8,1,1,4,none,fused_sum_lut_shared,fused/padded/thread_packet/x4/fused_sum_lut_shared,16777216,0,1,33554432,33554432,2048,512,256,3,1,77,4.8860158920288086,0.063454751844529977,-2524.5998039354708,1
2026-08-16T21:23:18Z,NVIDIA H200 NVL,screen,normal_0_1,dot,lns,lns8_r3,8,4,3,fp64,fused,padded,thread_packet,4,8,1,1,4,none,fused_sum_lut_shared,fused/padded/thread_packet/x4/fused_sum_lut_shared,16777216,0,1,33554432,33554432,2048,512,256,3,2,77,4.8869118690490723,0.063466387909728209,-2524.5998039354708,1
2026-08-16T21:23:18Z,NVIDIA H200 NVL,screen,normal_0_1,gemv,lns,lns8_r3,8,4,3,fp64,fused,padded,thread_packet,4,8,1,1,4,none,fused_sum_lut_shared,fused/padded/thread_packet/x4/fused_sum_lut_shared,16384,1024,1024,16793600,16793600,2048,1024,256,3,0,84,4.8240962028503418,0.057429716700599306,-49.24277333320277,1
2026-08-16T21:23:18Z,NVIDIA H200 NVL,screen,normal_0_1,gemv,lns,lns8_r3,8,4,3,fp64,fused,padded,thread_packet,4,8,1,1,4,none,fused_sum_lut_shared,fused/padded/thread_packet/x4/fused_sum_lut_shared,16384,1024,1024,16793600,16793600,2048,1024,256,3,1,84,4.8261117935180664,0.057453711827596031,-49.24277333320277,1
2026-08-16T21:23:18Z,NVIDIA H200 NVL,screen,normal_0_1,gemv,lns,lns8_r3,8,4,3,fp64,fused,padded,thread_packet,4,8,1,1,4,none,fused_sum_lut_shared,fused/padded/thread_packet/x4/fused_sum_lut_shared,16384,1024,1024,16793600,16793600,2048,1024,256,3,2,84,4.8229761123657227,0.057416382290068124,-49.24277333320277,1
2026-08-16T21:23:18Z,NVIDIA H200 NVL,screen,normal_0_1,dot,lns,lns8_r3,8,4,3,fp64,fused,padded,thread_packet,8,8,1,1,8,none,fused_sum_lut_shared,fused/padded/thread_packet/x8/fused_sum_lut_shared,16777216,0,1,33554432,33554432,2048,512,256,3,0,74,4.8197760581970215,0.065132108894554341,-2524.5998039354713,1
2026-08-16T21:23:18Z,NVIDIA H200 NVL,screen,normal_0_1,dot,lns,lns8_r3,8,4,3,fp64,fused,padded,thread_packet,8,8,1,1,8,none,fused_sum_lut_shared,fused/padded/thread_packet/x8/fused_sum_lut_shared,16777216,0,1,33554432,33554432,2048,512,256,3,1,74,4.8156161308288574,0.065075893659849421,-2524.5998039354713,1
2026-08-16T21:23:18Z,NVIDIA H200 NVL,screen,normal_0_1,dot,lns,lns8_r3,8,4,3,fp64,fused,padded,thread_packet,8,8,1,1,8,none,fused_sum_lut_shared,fused/padded/thread_packet/x8/fused_sum_lut_shared,16777216,0,1,33554432,33554432,2048,512,256,3,2,74,4.8114237785339355,0.06501924025045859,-2524.5998039354713,1
2026-08-16T21:23:18Z,NVIDIA H200 NVL,screen,normal_0_1,gemv,lns,lns8_r3,8,4,3,fp64,fused,padded,thread_packet,8,8,1,1,8,none,fused_sum_lut_shared,fused/padded/thread_packet/x8/fused_sum_lut_shared,16384,1024,1024,16793600,16793600,2048,1024,256,3,0,82,4.8111038208007812,0.058671997814643675,-49.242773333202798,1
2026-08-16T21:23:18Z,NVIDIA H200 NVL,screen,normal_0_1,gemv,lns,lns8_r3,8,4,3,fp64,fused,padded,thread_packet,8,8,1,1,8,none,fused_sum_lut_shared,fused/padded/thread_packet/x8/fused_sum_lut_shared,16384,1024,1024,16793600,16793600,2048,1024,256,3,1,82,4.8132481575012207,0.058698148262210009,-49.242773333202798,1
2026-08-16T21:23:18Z,NVIDIA H200 NVL,screen,normal_0_1,gemv,lns,lns8_r3,8,4,3,fp64,fused,padded,thread_packet,8,8,1,1,8,none,fused_sum_lut_shared,fused/padded/thread_packet/x8/fused_sum_lut_shared,16384,1024,1024,16793600,16793600,2048,1024,256,3,2,82,4.8114237785339355,0.058675899738218726,-49.242773333202798,1
