timestamp,gpu,mode,distribution,kernel,number_family,format,bits,log_integer_bits,log_fraction_bits,arithmetic_type,multiply_method,storage_layout,access_method,packet_values,load_word_bits,loader_threads,consumer_threads,values_per_consumer,redistribution,decoder,strategy_id,N,M,rows,logical_input_bytes,physical_input_bytes,table_bytes,blocks,threads,warmup,sample,iterations,total_ms,mean_ms,result,valid
2026-08-16T21:24:19Z,NVIDIA H200 NVL,screen,uniform_0_1,dot,lns,lns16_r7,16,8,7,fp32,ordinary,padded,scalar,1,16,1,1,1,none,reference_exp2,ordinary/padded/scalar/x1/reference_exp2,16777216,0,1,6.71089e+07,67108864,0,512,256,3,0,57,4.83546,0.0848326,4194552,1
2026-08-16T21:24:19Z,NVIDIA H200 NVL,screen,uniform_0_1,dot,lns,lns16_r7,16,8,7,fp32,ordinary,padded,scalar,1,16,1,1,1,none,reference_exp2,ordinary/padded/scalar/x1/reference_exp2,16777216,0,1,67108864,67108864,0,512,256,3,1,57,4.8330240249633789,0.084789895174796126,4194552,1
2026-08-16T21:24:19Z,NVIDIA H200 NVL,screen,uniform_0_1,dot,lns,lns16_r7,16,8,7,fp32,ordinary,padded,scalar,1,16,1,1,1,none,reference_exp2,ordinary/padded/scalar/x1/reference_exp2,16777216,0,1,67108864,67108864,0,512,256,3,2,57,4.821631908416748,0.084590033480995586,4194552,1
2026-08-16T21:24:19Z,NVIDIA H200 NVL,screen,uniform_0_1,gemv,lns,lns16_r7,16,8,7,fp32,ordinary,padded,scalar,1,16,1,1,1,none,reference_exp2,ordinary/padded/scalar/x1/reference_exp2,16384,1024,1024,33587200,33587200,0,1024,256,3,0,93,4.7920317649841309,0.051527223279399258,4101.4482421875,1
2026-08-16T21:24:19Z,NVIDIA H200 NVL,screen,uniform_0_1,gemv,lns,lns16_r7,16,8,7,fp32,ordinary,padded,scalar,1,16,1,1,1,none,reference_exp2,ordinary/padded/scalar/x1/reference_exp2,16384,1024,1024,33587200,33587200,0,1024,256,3,1,93,4.7932801246643066,0.051540646501766735,4101.4482421875,1
2026-08-16T21:24:19Z,NVIDIA H200 NVL,screen,uniform_0_1,gemv,lns,lns16_r7,16,8,7,fp32,ordinary,padded,scalar,1,16,1,1,1,none,reference_exp2,ordinary/padded/scalar/x1/reference_exp2,16384,1024,1024,33587200,33587200,0,1024,256,3,2,93,4.7955842018127441,0.051565421524868219,4101.4482421875,1
2026-08-16T21:24:19Z,NVIDIA H200 NVL,screen,uniform_0_1,dot,lns,lns16_r7,16,8,7,fp32,fused,padded,scalar,1,16,1,1,1,none,reference_exp2,fused/padded/scalar/x1/reference_exp2,16777216,0,1,67108864,67108864,0,512,256,3,0,58,4.9379520416259766,0.085137104165965108,4194552,1
2026-08-16T21:24:19Z,NVIDIA H200 NVL,screen,uniform_0_1,dot,lns,lns16_r7,16,8,7,fp32,fused,padded,scalar,1,16,1,1,1,none,reference_exp2,fused/padded/scalar/x1/reference_exp2,16777216,0,1,67108864,67108864,0,512,256,3,1,58,4.9473919868469238,0.085299861842188338,4194552,1
2026-08-16T21:24:19Z,NVIDIA H200 NVL,screen,uniform_0_1,dot,lns,lns16_r7,16,8,7,fp32,fused,padded,scalar,1,16,1,1,1,none,reference_exp2,fused/padded/scalar/x1/reference_exp2,16777216,0,1,67108864,67108864,0,512,256,3,2,58,4.9408321380615234,0.085186761001060748,4194552,1
2026-08-16T21:24:19Z,NVIDIA H200 NVL,screen,uniform_0_1,gemv,lns,lns16_r7,16,8,7,fp32,fused,padded,scalar,1,16,1,1,1,none,reference_exp2,fused/padded/scalar/x1/reference_exp2,16384,1024,1024,33587200,33587200,0,1024,256,3,0,85,4.7847681045532227,0.056291389465332034,4101.4482421875,1
2026-08-16T21:24:19Z,NVIDIA H200 NVL,screen,uniform_0_1,gemv,lns,lns16_r7,16,8,7,fp32,fused,padded,scalar,1,16,1,1,1,none,reference_exp2,fused/padded/scalar/x1/reference_exp2,16384,1024,1024,33587200,33587200,0,1024,256,3,1,85,4.7821760177612305,0.056260894326602709,4101.4482421875,1
2026-08-16T21:24:19Z,NVIDIA H200 NVL,screen,uniform_0_1,gemv,lns,lns16_r7,16,8,7,fp32,fused,padded,scalar,1,16,1,1,1,none,reference_exp2,fused/padded/scalar/x1/reference_exp2,16384,1024,1024,33587200,33587200,0,1024,256,3,2,85,4.7857599258422852,0.056303057951085707,4101.4482421875,1
2026-08-16T21:24:19Z,NVIDIA H200 NVL,screen,uniform_0_1,dot,lns,lns16_r7,16,8,7,fp32,ordinary,padded,scalar,1,16,1,1,1,none,ex2_approx,ordinary/padded/scalar/x1/ex2_approx,16777216,0,1,67108864,67108864,0,512,256,3,0,56,4.7407679557800293,0.084656570638929091,4194552,1
2026-08-16T21:24:19Z,NVIDIA H200 NVL,screen,uniform_0_1,dot,lns,lns16_r7,16,8,7,fp32,ordinary,padded,scalar,1,16,1,1,1,none,ex2_approx,ordinary/padded/scalar/x1/ex2_approx,16777216,0,1,67108864,67108864,0,512,256,3,1,56,4.7472000122070312,0.084771428789411268,4194552,1
2026-08-16T21:24:19Z,NVIDIA H200 NVL,screen,uniform_0_1,dot,lns,lns16_r7,16,8,7,fp32,ordinary,padded,scalar,1,16,1,1,1,none,ex2_approx,ordinary/padded/scalar/x1/ex2_approx,16777216,0,1,67108864,67108864,0,512,256,3,2,56,4.7457919120788574,0.084746284144265313,4194552,1
2026-08-16T21:24:19Z,NVIDIA H200 NVL,screen,uniform_0_1,gemv,lns,lns16_r7,16,8,7,fp32,ordinary,padded,scalar,1,16,1,1,1,none,ex2_approx,ordinary/padded/scalar/x1/ex2_approx,16384,1024,1024,33587200,33587200,0,1024,256,3,0,93,4.8013439178466797,0.051627353955340641,4101.4482421875,1
2026-08-16T21:24:19Z,NVIDIA H200 NVL,screen,uniform_0_1,gemv,lns,lns16_r7,16,8,7,fp32,ordinary,padded,scalar,1,16,1,1,1,none,ex2_approx,ordinary/padded/scalar/x1/ex2_approx,16384,1024,1024,33587200,33587200,0,1024,256,3,1,93,4.8031997680664062,0.051647309334047382,4101.4482421875,1
2026-08-16T21:24:19Z,NVIDIA H200 NVL,screen,uniform_0_1,gemv,lns,lns16_r7,16,8,7,fp32,ordinary,padded,scalar,1,16,1,1,1,none,ex2_approx,ordinary/padded/scalar/x1/ex2_approx,16384,1024,1024,33587200,33587200,0,1024,256,3,2,93,4.8024001121520996,0.051638710883355907,4101.4482421875,1
2026-08-16T21:24:19Z,NVIDIA H200 NVL,screen,uniform_0_1,dot,lns,lns16_r7,16,8,7,fp32,ordinary,padded,thread_packet,2,16,1,1,2,none,ex2_approx,ordinary/padded/thread_packet/x2/ex2_approx,16777216,0,1,67108864,67108864,0,512,256,3,0,75,4.8927040100097656,0.065236053466796881,4194552,1
2026-08-16T21:24:19Z,NVIDIA H200 NVL,screen,uniform_0_1,dot,lns,lns16_r7,16,8,7,fp32,ordinary,padded,thread_packet,2,16,1,1,2,none,ex2_approx,ordinary/padded/thread_packet/x2/ex2_approx,16777216,0,1,67108864,67108864,0,512,256,3,1,75,4.8901119232177734,0.065201492309570314,4194552,1
2026-08-16T21:24:19Z,NVIDIA H200 NVL,screen,uniform_0_1,dot,lns,lns16_r7,16,8,7,fp32,ordinary,padded,thread_packet,2,16,1,1,2,none,ex2_approx,ordinary/padded/thread_packet/x2/ex2_approx,16777216,0,1,67108864,67108864,0,512,256,3,2,75,4.8893117904663086,0.065190823872884121,4194552,1
2026-08-16T21:24:19Z,NVIDIA H200 NVL,screen,uniform_0_1,gemv,lns,lns16_r7,16,8,7,fp32,ordinary,padded,thread_packet,2,16,1,1,2,none,ex2_approx,ordinary/padded/thread_packet/x2/ex2_approx,16384,1024,1024,33587200,33587200,0,1024,256,3,0,99,4.757472038269043,0.04805527311382872,4101.4482421875,1
2026-08-16T21:24:19Z,NVIDIA H200 NVL,screen,uniform_0_1,gemv,lns,lns16_r7,16,8,7,fp32,ordinary,padded,thread_packet,2,16,1,1,2,none,ex2_approx,ordinary/padded/thread_packet/x2/ex2_approx,16384,1024,1024,33587200,33587200,0,1024,256,3,1,99,4.7463998794555664,0.047943433125813804,4101.4482421875,1
2026-08-16T21:24:19Z,NVIDIA H200 NVL,screen,uniform_0_1,gemv,lns,lns16_r7,16,8,7,fp32,ordinary,padded,thread_packet,2,16,1,1,2,none,ex2_approx,ordinary/padded/thread_packet/x2/ex2_approx,16384,1024,1024,33587200,33587200,0,1024,256,3,2,99,4.7482881546020508,0.047962506612141929,4101.4482421875,1
2026-08-16T21:24:19Z,NVIDIA H200 NVL,screen,uniform_0_1,dot,lns,lns16_r7,16,8,7,fp32,ordinary,padded,thread_packet,4,16,1,1,4,none,ex2_approx,ordinary/padded/thread_packet/x4/ex2_approx,16777216,0,1,67108864,67108864,0,512,256,3,0,89,4.9278402328491211,0.055368991380327207,4194552,1
2026-08-16T21:24:19Z,NVIDIA H200 NVL,screen,uniform_0_1,dot,lns,lns16_r7,16,8,7,fp32,ordinary,padded,thread_packet,4,16,1,1,4,none,ex2_approx,ordinary/padded/thread_packet/x4/ex2_approx,16777216,0,1,67108864,67108864,0,512,256,3,1,89,4.9257597923278809,0.05534561564413349,4194552,1
2026-08-16T21:24:19Z,NVIDIA H200 NVL,screen,uniform_0_1,dot,lns,lns16_r7,16,8,7,fp32,ordinary,padded,thread_packet,4,16,1,1,4,none,ex2_approx,ordinary/padded/thread_packet/x4/ex2_approx,16777216,0,1,67108864,67108864,0,512,256,3,2,89,4.9284801483154297,0.0553761814417464,4194552,1
2026-08-16T21:24:19Z,NVIDIA H200 NVL,screen,uniform_0_1,gemv,lns,lns16_r7,16,8,7,fp32,ordinary,padded,thread_packet,4,16,1,1,4,none,ex2_approx,ordinary/padded/thread_packet/x4/ex2_approx,16384,1024,1024,33587200,33587200,0,1024,256,3,0,108,4.7825918197631836,0.044283257590399847,4101.44775390625,1
2026-08-16T21:24:19Z,NVIDIA H200 NVL,screen,uniform_0_1,gemv,lns,lns16_r7,16,8,7,fp32,ordinary,padded,thread_packet,4,16,1,1,4,none,ex2_approx,ordinary/padded/thread_packet/x4/ex2_approx,16384,1024,1024,33587200,33587200,0,1024,256,3,1,108,4.7837438583374023,0.04429392461423521,4101.44775390625,1
2026-08-16T21:24:19Z,NVIDIA H200 NVL,screen,uniform_0_1,gemv,lns,lns16_r7,16,8,7,fp32,ordinary,padded,thread_packet,4,16,1,1,4,none,ex2_approx,ordinary/padded/thread_packet/x4/ex2_approx,16384,1024,1024,33587200,33587200,0,1024,256,3,2,108,4.7801599502563477,0.044260740280151367,4101.44775390625,1
2026-08-16T21:24:19Z,NVIDIA H200 NVL,screen,uniform_0_1,dot,lns,lns16_r7,16,8,7,fp32,ordinary,padded,thread_packet,8,16,1,1,8,none,ex2_approx,ordinary/padded/thread_packet/x8/ex2_approx,16777216,0,1,67108864,67108864,0,512,256,3,0,92,4.7971839904785156,0.052143304244331688,4194552,1
2026-08-16T21:24:19Z,NVIDIA H200 NVL,screen,uniform_0_1,dot,lns,lns16_r7,16,8,7,fp32,ordinary,padded,thread_packet,8,16,1,1,8,none,ex2_approx,ordinary/padded/thread_packet/x8/ex2_approx,16777216,0,1,67108864,67108864,0,512,256,3,1,92,4.7964801788330078,0.052135654117750084,4194552,1
2026-08-16T21:24:19Z,NVIDIA H200 NVL,screen,uniform_0_1,dot,lns,lns16_r7,16,8,7,fp32,ordinary,padded,thread_packet,8,16,1,1,8,none,ex2_approx,ordinary/padded/thread_packet/x8/ex2_approx,16777216,0,1,67108864,67108864,0,512,256,3,2,92,4.7993597984313965,0.052166954330776047,4194552,1
2026-08-16T21:24:19Z,NVIDIA H200 NVL,screen,uniform_0_1,gemv,lns,lns16_r7,16,8,7,fp32,ordinary,padded,thread_packet,8,16,1,1,8,none,ex2_approx,ordinary/padded/thread_packet/x8/ex2_approx,16384,1024,1024,33587200,33587200,0,1024,256,3,0,111,4.7554240226745605,0.042841657861932975,4101.44775390625,1
2026-08-16T21:24:19Z,NVIDIA H200 NVL,screen,uniform_0_1,gemv,lns,lns16_r7,16,8,7,fp32,ordinary,padded,thread_packet,8,16,1,1,8,none,ex2_approx,ordinary/padded/thread_packet/x8/ex2_approx,16384,1024,1024,33587200,33587200,0,1024,256,3,1,111,4.7540798187255859,0.04282954791644672,4101.44775390625,1
2026-08-16T21:24:19Z,NVIDIA H200 NVL,screen,uniform_0_1,gemv,lns,lns16_r7,16,8,7,fp32,ordinary,padded,thread_packet,8,16,1,1,8,none,ex2_approx,ordinary/padded/thread_packet/x8/ex2_approx,16384,1024,1024,33587200,33587200,0,1024,256,3,2,111,4.7548160552978516,0.042836180678359023,4101.44775390625,1
2026-08-16T21:24:19Z,NVIDIA H200 NVL,screen,uniform_0_1,dot,lns,lns16_r7,16,8,7,fp32,fused,padded,scalar,1,16,1,1,1,none,ex2_approx,fused/padded/scalar/x1/ex2_approx,16777216,0,1,67108864,67108864,0,512,256,3,0,58,4.9429759979248047,0.085223724102151802,4194552,1
2026-08-16T21:24:19Z,NVIDIA H200 NVL,screen,uniform_0_1,dot,lns,lns16_r7,16,8,7,fp32,fused,padded,scalar,1,16,1,1,1,none,ex2_approx,fused/padded/scalar/x1/ex2_approx,16777216,0,1,67108864,67108864,0,512,256,3,1,58,4.951807975769043,0.085375999582224874,4194552,1
2026-08-16T21:24:19Z,NVIDIA H200 NVL,screen,uniform_0_1,dot,lns,lns16_r7,16,8,7,fp32,fused,padded,scalar,1,16,1,1,1,none,ex2_approx,fused/padded/scalar/x1/ex2_approx,16777216,0,1,67108864,67108864,0,512,256,3,2,58,4.9451198577880859,0.085260687203242855,4194552,1
2026-08-16T21:24:19Z,NVIDIA H200 NVL,screen,uniform_0_1,gemv,lns,lns16_r7,16,8,7,fp32,fused,padded,scalar,1,16,1,1,1,none,ex2_approx,fused/padded/scalar/x1/ex2_approx,16384,1024,1024,33587200,33587200,0,1024,256,3,0,86,4.8392000198364258,0.056269767672516575,4101.4482421875,1
2026-08-16T21:24:19Z,NVIDIA H200 NVL,screen,uniform_0_1,gemv,lns,lns16_r7,16,8,7,fp32,fused,padded,scalar,1,16,1,1,1,none,ex2_approx,fused/padded/scalar/x1/ex2_approx,16384,1024,1024,33587200,33587200,0,1024,256,3,1,86,4.8383679389953613,0.05626009231389955,4101.4482421875,1
2026-08-16T21:24:19Z,NVIDIA H200 NVL,screen,uniform_0_1,gemv,lns,lns16_r7,16,8,7,fp32,fused,padded,scalar,1,16,1,1,1,none,ex2_approx,fused/padded/scalar/x1/ex2_approx,16384,1024,1024,33587200,33587200,0,1024,256,3,2,86,4.8412480354309082,0.056293581807336145,4101.4482421875,1
2026-08-16T21:24:19Z,NVIDIA H200 NVL,screen,uniform_0_1,dot,lns,lns16_r7,16,8,7,fp32,fused,padded,thread_packet,2,16,1,1,2,none,ex2_approx,fused/padded/thread_packet/x2/ex2_approx,16777216,0,1,67108864,67108864,0,512,256,3,0,70,4.9377279281616211,0.070538970402308873,4194552,1
2026-08-16T21:24:19Z,NVIDIA H200 NVL,screen,uniform_0_1,dot,lns,lns16_r7,16,8,7,fp32,fused,padded,thread_packet,2,16,1,1,2,none,ex2_approx,fused/padded/thread_packet/x2/ex2_approx,16777216,0,1,67108864,67108864,0,512,256,3,1,70,4.9297280311584473,0.070424686159406391,4194552,1
2026-08-16T21:24:19Z,NVIDIA H200 NVL,screen,uniform_0_1,dot,lns,lns16_r7,16,8,7,fp32,fused,padded,thread_packet,2,16,1,1,2,none,ex2_approx,fused/padded/thread_packet/x2/ex2_approx,16777216,0,1,67108864,67108864,0,512,256,3,2,70,4.9286718368530273,0.070409597669328958,4194552,1
2026-08-16T21:24:19Z,NVIDIA H200 NVL,screen,uniform_0_1,gemv,lns,lns16_r7,16,8,7,fp32,fused,padded,thread_packet,2,16,1,1,2,none,ex2_approx,fused/padded/thread_packet/x2/ex2_approx,16384,1024,1024,33587200,33587200,0,1024,256,3,0,89,4.8560638427734375,0.054562515087341994,4101.4482421875,1
2026-08-16T21:24:19Z,NVIDIA H200 NVL,screen,uniform_0_1,gemv,lns,lns16_r7,16,8,7,fp32,fused,padded,thread_packet,2,16,1,1,2,none,ex2_approx,fused/padded/thread_packet/x2/ex2_approx,16384,1024,1024,33587200,33587200,0,1024,256,3,1,89,4.8551039695739746,0.054551729995213197,4101.4482421875,1
2026-08-16T21:24:19Z,NVIDIA H200 NVL,screen,uniform_0_1,gemv,lns,lns16_r7,16,8,7,fp32,fused,padded,thread_packet,2,16,1,1,2,none,ex2_approx,fused/padded/thread_packet/x2/ex2_approx,16384,1024,1024,33587200,33587200,0,1024,256,3,2,89,4.8576641082763672,0.054580495598610869,4101.4482421875,1
2026-08-16T21:24:19Z,NVIDIA H200 NVL,screen,uniform_0_1,dot,lns,lns16_r7,16,8,7,fp32,fused,padded,thread_packet,4,16,1,1,4,none,ex2_approx,fused/padded/thread_packet/x4/ex2_approx,16777216,0,1,67108864,67108864,0,512,256,3,0,80,4.9772157669067383,0.062215197086334231,4194552,1
2026-08-16T21:24:19Z,NVIDIA H200 NVL,screen,uniform_0_1,dot,lns,lns16_r7,16,8,7,fp32,fused,padded,thread_packet,4,16,1,1,4,none,ex2_approx,fused/padded/thread_packet/x4/ex2_approx,16777216,0,1,67108864,67108864,0,512,256,3,1,80,5.0000319480895996,0.062500399351119992,4194552,1
2026-08-16T21:24:19Z,NVIDIA H200 NVL,screen,uniform_0_1,dot,lns,lns16_r7,16,8,7,fp32,fused,padded,thread_packet,4,16,1,1,4,none,ex2_approx,fused/padded/thread_packet/x4/ex2_approx,16777216,0,1,67108864,67108864,0,512,256,3,2,80,4.9845762252807617,0.062307202816009523,4194552,1
2026-08-16T21:24:19Z,NVIDIA H200 NVL,screen,uniform_0_1,gemv,lns,lns16_r7,16,8,7,fp32,fused,padded,thread_packet,4,16,1,1,4,none,ex2_approx,fused/padded/thread_packet/x4/ex2_approx,16384,1024,1024,33587200,33587200,0,1024,256,3,0,93,4.8079037666320801,0.051697889963785805,4101.4482421875,1
2026-08-16T21:24:19Z,NVIDIA H200 NVL,screen,uniform_0_1,gemv,lns,lns16_r7,16,8,7,fp32,fused,padded,thread_packet,4,16,1,1,4,none,ex2_approx,fused/padded/thread_packet/x4/ex2_approx,16384,1024,1024,33587200,33587200,0,1024,256,3,1,93,4.8079361915588379,0.051698238618912234,4101.4482421875,1
2026-08-16T21:24:19Z,NVIDIA H200 NVL,screen,uniform_0_1,gemv,lns,lns16_r7,16,8,7,fp32,fused,padded,thread_packet,4,16,1,1,4,none,ex2_approx,fused/padded/thread_packet/x4/ex2_approx,16384,1024,1024,33587200,33587200,0,1024,256,3,2,93,4.8087358474731445,0.051706837069603703,4101.4482421875,1
2026-08-16T21:24:19Z,NVIDIA H200 NVL,screen,uniform_0_1,dot,lns,lns16_r7,16,8,7,fp32,fused,padded,thread_packet,8,16,1,1,8,none,ex2_approx,fused/padded/thread_packet/x8/ex2_approx,16777216,0,1,67108864,67108864,0,512,256,3,0,83,4.8826560974121094,0.058827181896531439,4194552,1
2026-08-16T21:24:19Z,NVIDIA H200 NVL,screen,uniform_0_1,dot,lns,lns16_r7,16,8,7,fp32,fused,padded,thread_packet,8,16,1,1,8,none,ex2_approx,fused/padded/thread_packet/x8/ex2_approx,16777216,0,1,67108864,67108864,0,512,256,3,1,83,4.8863039016723633,0.058871131345450162,4194552,1
2026-08-16T21:24:19Z,NVIDIA H200 NVL,screen,uniform_0_1,dot,lns,lns16_r7,16,8,7,fp32,fused,padded,thread_packet,8,16,1,1,8,none,ex2_approx,fused/padded/thread_packet/x8/ex2_approx,16777216,0,1,67108864,67108864,0,512,256,3,2,83,4.883296012878418,0.058834891721426724,4194552,1
2026-08-16T21:24:19Z,NVIDIA H200 NVL,screen,uniform_0_1,gemv,lns,lns16_r7,16,8,7,fp32,fused,padded,thread_packet,8,16,1,1,8,none,ex2_approx,fused/padded/thread_packet/x8/ex2_approx,16384,1024,1024,33587200,33587200,0,1024,256,3,0,96,4.7947840690612793,0.049945667386054993,4101.4482421875,1
2026-08-16T21:24:19Z,NVIDIA H200 NVL,screen,uniform_0_1,gemv,lns,lns16_r7,16,8,7,fp32,fused,padded,thread_packet,8,16,1,1,8,none,ex2_approx,fused/padded/thread_packet/x8/ex2_approx,16384,1024,1024,33587200,33587200,0,1024,256,3,1,96,4.7936000823974609,0.04993333419164022,4101.4482421875,1
2026-08-16T21:24:19Z,NVIDIA H200 NVL,screen,uniform_0_1,gemv,lns,lns16_r7,16,8,7,fp32,fused,padded,thread_packet,8,16,1,1,8,none,ex2_approx,fused/padded/thread_packet/x8/ex2_approx,16384,1024,1024,33587200,33587200,0,1024,256,3,2,96,4.7937917709350586,0.049935330947240196,4101.4482421875,1
2026-08-16T21:24:19Z,NVIDIA H200 NVL,screen,uniform_0_1,dot,lns,lns16_r7,16,8,7,fp32,ordinary,padded,scalar,1,16,1,1,1,none,fraction_lut_global,ordinary/padded/scalar/x1/fraction_lut_global,16777216,0,1,67108864,67108864,512,512,256,3,0,39,5.0296320915222168,0.1289649254236466,4194552.5,1
2026-08-16T21:24:19Z,NVIDIA H200 NVL,screen,uniform_0_1,dot,lns,lns16_r7,16,8,7,fp32,ordinary,padded,scalar,1,16,1,1,1,none,fraction_lut_global,ordinary/padded/scalar/x1/fraction_lut_global,16777216,0,1,67108864,67108864,512,512,256,3,1,39,5.0355839729309082,0.12911753776745918,4194552.5,1
2026-08-16T21:24:19Z,NVIDIA H200 NVL,screen,uniform_0_1,dot,lns,lns16_r7,16,8,7,fp32,ordinary,padded,scalar,1,16,1,1,1,none,fraction_lut_global,ordinary/padded/scalar/x1/fraction_lut_global,16777216,0,1,67108864,67108864,512,512,256,3,2,39,5.0355520248413086,0.12911671858567458,4194552.5,1
2026-08-16T21:24:19Z,NVIDIA H200 NVL,screen,uniform_0_1,gemv,lns,lns16_r7,16,8,7,fp32,ordinary,padded,scalar,1,16,1,1,1,none,fraction_lut_global,ordinary/padded/scalar/x1/fraction_lut_global,16384,1024,1024,33587200,33587200,512,1024,256,3,0,45,4.8648638725280762,0.10810808605617947,4101.4482421875,1
2026-08-16T21:24:19Z,NVIDIA H200 NVL,screen,uniform_0_1,gemv,lns,lns16_r7,16,8,7,fp32,ordinary,padded,scalar,1,16,1,1,1,none,fraction_lut_global,ordinary/padded/scalar/x1/fraction_lut_global,16384,1024,1024,33587200,33587200,512,1024,256,3,1,45,4.8623361587524414,0.10805191463894315,4101.4482421875,1
2026-08-16T21:24:19Z,NVIDIA H200 NVL,screen,uniform_0_1,gemv,lns,lns16_r7,16,8,7,fp32,ordinary,padded,scalar,1,16,1,1,1,none,fraction_lut_global,ordinary/padded/scalar/x1/fraction_lut_global,16384,1024,1024,33587200,33587200,512,1024,256,3,2,45,4.8606719970703125,0.10801493326822917,4101.4482421875,1
2026-08-16T21:24:19Z,NVIDIA H200 NVL,screen,uniform_0_1,dot,lns,lns16_r7,16,8,7,fp32,ordinary,padded,thread_packet,2,16,1,1,2,none,fraction_lut_global,ordinary/padded/thread_packet/x2/fraction_lut_global,16777216,0,1,67108864,67108864,512,512,256,3,0,39,4.9927678108215332,0.12801968745696238,4194552,1
2026-08-16T21:24:19Z,NVIDIA H200 NVL,screen,uniform_0_1,dot,lns,lns16_r7,16,8,7,fp32,ordinary,padded,thread_packet,2,16,1,1,2,none,fraction_lut_global,ordinary/padded/thread_packet/x2/fraction_lut_global,16777216,0,1,67108864,67108864,512,512,256,3,1,39,4.9937920570373535,0.12804595018044496,4194552,1
2026-08-16T21:24:19Z,NVIDIA H200 NVL,screen,uniform_0_1,dot,lns,lns16_r7,16,8,7,fp32,ordinary,padded,thread_packet,2,16,1,1,2,none,fraction_lut_global,ordinary/padded/thread_packet/x2/fraction_lut_global,16777216,0,1,67108864,67108864,512,512,256,3,2,39,4.9994559288024902,0.12819117766160232,4194552,1
2026-08-16T21:24:19Z,NVIDIA H200 NVL,screen,uniform_0_1,gemv,lns,lns16_r7,16,8,7,fp32,ordinary,padded,thread_packet,2,16,1,1,2,none,fraction_lut_global,ordinary/padded/thread_packet/x2/fraction_lut_global,16384,1024,1024,33587200,33587200,512,1024,256,3,0,47,4.9787521362304688,0.10593089651554188,4101.44873046875,1
2026-08-16T21:24:19Z,NVIDIA H200 NVL,screen,uniform_0_1,gemv,lns,lns16_r7,16,8,7,fp32,ordinary,padded,thread_packet,2,16,1,1,2,none,fraction_lut_global,ordinary/padded/thread_packet/x2/fraction_lut_global,16384,1024,1024,33587200,33587200,512,1024,256,3,1,47,4.9757118225097656,0.10586620898956949,4101.44873046875,1
2026-08-16T21:24:19Z,NVIDIA H200 NVL,screen,uniform_0_1,gemv,lns,lns16_r7,16,8,7,fp32,ordinary,padded,thread_packet,2,16,1,1,2,none,fraction_lut_global,ordinary/padded/thread_packet/x2/fraction_lut_global,16384,1024,1024,33587200,33587200,512,1024,256,3,2,47,4.9767041206359863,0.10588732171565929,4101.44873046875,1
2026-08-16T21:24:19Z,NVIDIA H200 NVL,screen,uniform_0_1,dot,lns,lns16_r7,16,8,7,fp32,ordinary,padded,thread_packet,4,16,1,1,4,none,fraction_lut_global,ordinary/padded/thread_packet/x4/fraction_lut_global,16777216,0,1,67108864,67108864,512,512,256,3,0,41,4.9284801483154297,0.12020683288574219,4194552.5,1
2026-08-16T21:24:19Z,NVIDIA H200 NVL,screen,uniform_0_1,dot,lns,lns16_r7,16,8,7,fp32,ordinary,padded,thread_packet,4,16,1,1,4,none,fraction_lut_global,ordinary/padded/thread_packet/x4/fraction_lut_global,16777216,0,1,67108864,67108864,512,512,256,3,1,41,4.9265599250793457,0.12015999817266697,4194552.5,1
2026-08-16T21:24:19Z,NVIDIA H200 NVL,screen,uniform_0_1,dot,lns,lns16_r7,16,8,7,fp32,ordinary,padded,thread_packet,4,16,1,1,4,none,fraction_lut_global,ordinary/padded/thread_packet/x4/fraction_lut_global,16777216,0,1,67108864,67108864,512,512,256,3,2,41,4.9388799667358398,0.12046048699355708,4194552.5,1
2026-08-16T21:24:19Z,NVIDIA H200 NVL,screen,uniform_0_1,gemv,lns,lns16_r7,16,8,7,fp32,ordinary,padded,thread_packet,4,16,1,1,4,none,fraction_lut_global,ordinary/padded/thread_packet/x4/fraction_lut_global,16384,1024,1024,33587200,33587200,512,1024,256,3,0,48,4.9129281044006348,0.10235266884167989,4101.4482421875,1
2026-08-16T21:24:19Z,NVIDIA H200 NVL,screen,uniform_0_1,gemv,lns,lns16_r7,16,8,7,fp32,ordinary,padded,thread_packet,4,16,1,1,4,none,fraction_lut_global,ordinary/padded/thread_packet/x4/fraction_lut_global,16384,1024,1024,33587200,33587200,512,1024,256,3,1,48,4.9082241058349609,0.10225466887156169,4101.4482421875,1
2026-08-16T21:24:19Z,NVIDIA H200 NVL,screen,uniform_0_1,gemv,lns,lns16_r7,16,8,7,fp32,ordinary,padded,thread_packet,4,16,1,1,4,none,fraction_lut_global,ordinary/padded/thread_packet/x4/fraction_lut_global,16384,1024,1024,33587200,33587200,512,1024,256,3,2,48,4.9052162170410156,0.10219200452168782,4101.4482421875,1
2026-08-16T21:24:19Z,NVIDIA H200 NVL,screen,uniform_0_1,dot,lns,lns16_r7,16,8,7,fp32,ordinary,padded,thread_packet,8,16,1,1,8,none,fraction_lut_global,ordinary/padded/thread_packet/x8/fraction_lut_global,16777216,0,1,67108864,67108864,512,512,256,3,0,43,5.0155520439147949,0.11664074520732082,4194552.5,1
2026-08-16T21:24:19Z,NVIDIA H200 NVL,screen,uniform_0_1,dot,lns,lns16_r7,16,8,7,fp32,ordinary,padded,thread_packet,8,16,1,1,8,none,fraction_lut_global,ordinary/padded/thread_packet/x8/fraction_lut_global,16777216,0,1,67108864,67108864,512,512,256,3,1,43,5.0146241188049316,0.11661916555360306,4194552.5,1
2026-08-16T21:24:19Z,NVIDIA H200 NVL,screen,uniform_0_1,dot,lns,lns16_r7,16,8,7,fp32,ordinary,padded,thread_packet,8,16,1,1,8,none,fraction_lut_global,ordinary/padded/thread_packet/x8/fraction_lut_global,16777216,0,1,67108864,67108864,512,512,256,3,2,43,5.0097918510437012,0.11650678723357445,4194552.5,1
2026-08-16T21:24:19Z,NVIDIA H200 NVL,screen,uniform_0_1,gemv,lns,lns16_r7,16,8,7,fp32,ordinary,padded,thread_packet,8,16,1,1,8,none,fraction_lut_global,ordinary/padded/thread_packet/x8/fraction_lut_global,16384,1024,1024,33587200,33587200,512,1024,256,3,0,49,4.9278402328491211,0.100568168017329,4101.4482421875,1
2026-08-16T21:24:19Z,NVIDIA H200 NVL,screen,uniform_0_1,gemv,lns,lns16_r7,16,8,7,fp32,ordinary,padded,thread_packet,8,16,1,1,8,none,fraction_lut_global,ordinary/padded/thread_packet/x8/fraction_lut_global,16384,1024,1024,33587200,33587200,512,1024,256,3,1,49,4.9286718368530273,0.1005851395276128,4101.4482421875,1
2026-08-16T21:24:19Z,NVIDIA H200 NVL,screen,uniform_0_1,gemv,lns,lns16_r7,16,8,7,fp32,ordinary,padded,thread_packet,8,16,1,1,8,none,fraction_lut_global,ordinary/padded/thread_packet/x8/fraction_lut_global,16384,1024,1024,33587200,33587200,512,1024,256,3,2,49,4.9285440444946289,0.10058253152029854,4101.4482421875,1
2026-08-16T21:24:19Z,NVIDIA H200 NVL,screen,uniform_0_1,dot,lns,lns16_r7,16,8,7,fp32,fused,padded,scalar,1,16,1,1,1,none,fraction_lut_global,fused/padded/scalar/x1/fraction_lut_global,16777216,0,1,67108864,67108864,512,512,256,3,0,49,5.0779519081115723,0.10363167159411373,4194552.5,1
2026-08-16T21:24:19Z,NVIDIA H200 NVL,screen,uniform_0_1,dot,lns,lns16_r7,16,8,7,fp32,fused,padded,scalar,1,16,1,1,1,none,fraction_lut_global,fused/padded/scalar/x1/fraction_lut_global,16777216,0,1,67108864,67108864,512,512,256,3,1,49,5.0719680786132812,0.10350955262476084,4194552.5,1
2026-08-16T21:24:19Z,NVIDIA H200 NVL,screen,uniform_0_1,dot,lns,lns16_r7,16,8,7,fp32,fused,padded,scalar,1,16,1,1,1,none,fraction_lut_global,fused/padded/scalar/x1/fraction_lut_global,16777216,0,1,67108864,67108864,512,512,256,3,2,49,5.0765118598937988,0.10360228285497548,4194552.5,1
2026-08-16T21:24:19Z,NVIDIA H200 NVL,screen,uniform_0_1,gemv,lns,lns16_r7,16,8,7,fp32,fused,padded,scalar,1,16,1,1,1,none,fraction_lut_global,fused/padded/scalar/x1/fraction_lut_global,16384,1024,1024,33587200,33587200,512,1024,256,3,0,59,4.916384220123291,0.083328546103784595,4101.4482421875,1
2026-08-16T21:24:19Z,NVIDIA H200 NVL,screen,uniform_0_1,gemv,lns,lns16_r7,16,8,7,fp32,fused,padded,scalar,1,16,1,1,1,none,fraction_lut_global,fused/padded/scalar/x1/fraction_lut_global,16384,1024,1024,33587200,33587200,512,1024,256,3,1,59,4.9166078567504883,0.08333233655509302,4101.4482421875,1
2026-08-16T21:24:19Z,NVIDIA H200 NVL,screen,uniform_0_1,gemv,lns,lns16_r7,16,8,7,fp32,fused,padded,scalar,1,16,1,1,1,none,fraction_lut_global,fused/padded/scalar/x1/fraction_lut_global,16384,1024,1024,33587200,33587200,512,1024,256,3,2,59,4.9161601066589355,0.083324747570490437,4101.4482421875,1
2026-08-16T21:24:19Z,NVIDIA H200 NVL,screen,uniform_0_1,dot,lns,lns16_r7,16,8,7,fp32,fused,padded,thread_packet,2,16,1,1,2,none,fraction_lut_global,fused/padded/thread_packet/x2/fraction_lut_global,16777216,0,1,67108864,67108864,512,512,256,3,0,48,4.8727679252624512,0.10151599844296773,4194552,1
2026-08-16T21:24:19Z,NVIDIA H200 NVL,screen,uniform_0_1,dot,lns,lns16_r7,16,8,7,fp32,fused,padded,thread_packet,2,16,1,1,2,none,fraction_lut_global,fused/padded/thread_packet/x2/fraction_lut_global,16777216,0,1,67108864,67108864,512,512,256,3,1,48,4.8727998733520508,0.10151666402816772,4194552,1
2026-08-16T21:24:19Z,NVIDIA H200 NVL,screen,uniform_0_1,dot,lns,lns16_r7,16,8,7,fp32,fused,padded,thread_packet,2,16,1,1,2,none,fraction_lut_global,fused/padded/thread_packet/x2/fraction_lut_global,16777216,0,1,67108864,67108864,512,512,256,3,2,48,4.8796801567077637,0.10166000326474507,4194552,1
2026-08-16T21:24:19Z,NVIDIA H200 NVL,screen,uniform_0_1,gemv,lns,lns16_r7,16,8,7,fp32,fused,padded,thread_packet,2,16,1,1,2,none,fraction_lut_global,fused/padded/thread_packet/x2/fraction_lut_global,16384,1024,1024,33587200,33587200,512,1024,256,3,0,58,4.8429441452026367,0.083499036986252356,4101.4482421875,1
2026-08-16T21:24:19Z,NVIDIA H200 NVL,screen,uniform_0_1,gemv,lns,lns16_r7,16,8,7,fp32,fused,padded,thread_packet,2,16,1,1,2,none,fraction_lut_global,fused/padded/thread_packet/x2/fraction_lut_global,16384,1024,1024,33587200,33587200,512,1024,256,3,1,58,4.8280000686645508,0.083241380494216394,4101.4482421875,1
2026-08-16T21:24:19Z,NVIDIA H200 NVL,screen,uniform_0_1,gemv,lns,lns16_r7,16,8,7,fp32,fused,padded,thread_packet,2,16,1,1,2,none,fraction_lut_global,fused/padded/thread_packet/x2/fraction_lut_global,16384,1024,1024,33587200,33587200,512,1024,256,3,2,58,4.83135986328125,0.083299307987607762,4101.4482421875,1
2026-08-16T21:24:19Z,NVIDIA H200 NVL,screen,uniform_0_1,dot,lns,lns16_r7,16,8,7,fp32,fused,padded,thread_packet,4,16,1,1,4,none,fraction_lut_global,fused/padded/thread_packet/x4/fraction_lut_global,16777216,0,1,67108864,67108864,512,512,256,3,0,53,4.9975361824035645,0.09429313551704839,4194552.5,1
2026-08-16T21:24:19Z,NVIDIA H200 NVL,screen,uniform_0_1,dot,lns,lns16_r7,16,8,7,fp32,fused,padded,thread_packet,4,16,1,1,4,none,fraction_lut_global,fused/padded/thread_packet/x4/fraction_lut_global,16777216,0,1,67108864,67108864,512,512,256,3,1,53,4.9944000244140625,0.094233962724793632,4194552.5,1
2026-08-16T21:24:19Z,NVIDIA H200 NVL,screen,uniform_0_1,dot,lns,lns16_r7,16,8,7,fp32,fused,padded,thread_packet,4,16,1,1,4,none,fraction_lut_global,fused/padded/thread_packet/x4/fraction_lut_global,16777216,0,1,67108864,67108864,512,512,256,3,2,53,5.0030398368835449,0.094396978054406513,4194552.5,1
2026-08-16T21:24:19Z,NVIDIA H200 NVL,screen,uniform_0_1,gemv,lns,lns16_r7,16,8,7,fp32,fused,padded,thread_packet,4,16,1,1,4,none,fraction_lut_global,fused/padded/thread_packet/x4/fraction_lut_global,16384,1024,1024,33587200,33587200,512,1024,256,3,0,61,4.8713278770446777,0.079857834049912743,4101.4482421875,1
2026-08-16T21:24:19Z,NVIDIA H200 NVL,screen,uniform_0_1,gemv,lns,lns16_r7,16,8,7,fp32,fused,padded,thread_packet,4,16,1,1,4,none,fraction_lut_global,fused/padded/thread_packet/x4/fraction_lut_global,16384,1024,1024,33587200,33587200,512,1024,256,3,1,61,4.8660798072814941,0.079771800119368755,4101.4482421875,1
2026-08-16T21:24:19Z,NVIDIA H200 NVL,screen,uniform_0_1,gemv,lns,lns16_r7,16,8,7,fp32,fused,padded,thread_packet,4,16,1,1,4,none,fraction_lut_global,fused/padded/thread_packet/x4/fraction_lut_global,16384,1024,1024,33587200,33587200,512,1024,256,3,2,61,4.8651838302612305,0.079757111971495584,4101.4482421875,1
2026-08-16T21:24:19Z,NVIDIA H200 NVL,screen,uniform_0_1,dot,lns,lns16_r7,16,8,7,fp32,fused,padded,thread_packet,8,16,1,1,8,none,fraction_lut_global,fused/padded/thread_packet/x8/fraction_lut_global,16777216,0,1,67108864,67108864,512,512,256,3,0,55,5.0103039741516113,0.091096435893665659,4194552.5,1
2026-08-16T21:24:19Z,NVIDIA H200 NVL,screen,uniform_0_1,dot,lns,lns16_r7,16,8,7,fp32,fused,padded,thread_packet,8,16,1,1,8,none,fraction_lut_global,fused/padded/thread_packet/x8/fraction_lut_global,16777216,0,1,67108864,67108864,512,512,256,3,1,55,5.0062718391418457,0.091023124348033557,4194552.5,1
2026-08-16T21:24:19Z,NVIDIA H200 NVL,screen,uniform_0_1,dot,lns,lns16_r7,16,8,7,fp32,fused,padded,thread_packet,8,16,1,1,8,none,fraction_lut_global,fused/padded/thread_packet/x8/fraction_lut_global,16777216,0,1,67108864,67108864,512,512,256,3,2,55,4.9984960556030273,0.090881746465509589,4194552.5,1
2026-08-16T21:24:19Z,NVIDIA H200 NVL,screen,uniform_0_1,gemv,lns,lns16_r7,16,8,7,fp32,fused,padded,thread_packet,8,16,1,1,8,none,fraction_lut_global,fused/padded/thread_packet/x8/fraction_lut_global,16384,1024,1024,33587200,33587200,512,1024,256,3,0,63,4.9155521392822266,0.078024637131463917,4101.44873046875,1
2026-08-16T21:24:19Z,NVIDIA H200 NVL,screen,uniform_0_1,gemv,lns,lns16_r7,16,8,7,fp32,fused,padded,thread_packet,8,16,1,1,8,none,fraction_lut_global,fused/padded/thread_packet/x8/fraction_lut_global,16384,1024,1024,33587200,33587200,512,1024,256,3,1,63,4.9178881645202637,0.07806171689714704,4101.44873046875,1
2026-08-16T21:24:19Z,NVIDIA H200 NVL,screen,uniform_0_1,gemv,lns,lns16_r7,16,8,7,fp32,fused,padded,thread_packet,8,16,1,1,8,none,fraction_lut_global,fused/padded/thread_packet/x8/fraction_lut_global,16384,1024,1024,33587200,33587200,512,1024,256,3,2,63,4.917503833770752,0.078055616409059558,4101.44873046875,1
2026-08-16T21:24:19Z,NVIDIA H200 NVL,screen,uniform_0_1,dot,lns,lns16_r7,16,8,7,fp32,ordinary,padded,scalar,1,16,1,1,1,none,fraction_lut_shared,ordinary/padded/scalar/x1/fraction_lut_shared,16777216,0,1,67108864,67108864,512,512,256,3,0,45,4.9805760383605957,0.11067946751912434,4194552.5,1
2026-08-16T21:24:19Z,NVIDIA H200 NVL,screen,uniform_0_1,dot,lns,lns16_r7,16,8,7,fp32,ordinary,padded,scalar,1,16,1,1,1,none,fraction_lut_shared,ordinary/padded/scalar/x1/fraction_lut_shared,16777216,0,1,67108864,67108864,512,512,256,3,1,45,4.9734082221984863,0.11052018271552191,4194552.5,1
2026-08-16T21:24:19Z,NVIDIA H200 NVL,screen,uniform_0_1,dot,lns,lns16_r7,16,8,7,fp32,ordinary,padded,scalar,1,16,1,1,1,none,fraction_lut_shared,ordinary/padded/scalar/x1/fraction_lut_shared,16777216,0,1,67108864,67108864,512,512,256,3,2,45,4.9811520576477051,0.11069226794772678,4194552.5,1
2026-08-16T21:24:19Z,NVIDIA H200 NVL,screen,uniform_0_1,gemv,lns,lns16_r7,16,8,7,fp32,ordinary,padded,scalar,1,16,1,1,1,none,fraction_lut_shared,ordinary/padded/scalar/x1/fraction_lut_shared,16384,1024,1024,33587200,33587200,512,1024,256,3,0,54,4.8649601936340332,0.090091855437667276,4101.4482421875,1
2026-08-16T21:24:19Z,NVIDIA H200 NVL,screen,uniform_0_1,gemv,lns,lns16_r7,16,8,7,fp32,ordinary,padded,scalar,1,16,1,1,1,none,fraction_lut_shared,ordinary/padded/scalar/x1/fraction_lut_shared,16384,1024,1024,33587200,33587200,512,1024,256,3,1,54,4.8572478294372559,0.089949033878467699,4101.4482421875,1
2026-08-16T21:24:19Z,NVIDIA H200 NVL,screen,uniform_0_1,gemv,lns,lns16_r7,16,8,7,fp32,ordinary,padded,scalar,1,16,1,1,1,none,fraction_lut_shared,ordinary/padded/scalar/x1/fraction_lut_shared,16384,1024,1024,33587200,33587200,512,1024,256,3,2,54,4.8586239814758301,0.08997451817547833,4101.4482421875,1
2026-08-16T21:24:19Z,NVIDIA H200 NVL,screen,uniform_0_1,dot,lns,lns16_r7,16,8,7,fp32,ordinary,padded,thread_packet,2,16,1,1,2,none,fraction_lut_shared,ordinary/padded/thread_packet/x2/fraction_lut_shared,16777216,0,1,67108864,67108864,512,512,256,3,0,47,5.0167679786682129,0.10673974422698325,4194552,1
2026-08-16T21:24:19Z,NVIDIA H200 NVL,screen,uniform_0_1,dot,lns,lns16_r7,16,8,7,fp32,ordinary,padded,thread_packet,2,16,1,1,2,none,fraction_lut_shared,ordinary/padded/thread_packet/x2/fraction_lut_shared,16777216,0,1,67108864,67108864,512,512,256,3,1,47,5.0246400833129883,0.10690723581516996,4194552,1
2026-08-16T21:24:19Z,NVIDIA H200 NVL,screen,uniform_0_1,dot,lns,lns16_r7,16,8,7,fp32,ordinary,padded,thread_packet,2,16,1,1,2,none,fraction_lut_shared,ordinary/padded/thread_packet/x2/fraction_lut_shared,16777216,0,1,67108864,67108864,512,512,256,3,2,47,5.0280961990356445,0.10698077019224776,4194552,1
2026-08-16T21:24:19Z,NVIDIA H200 NVL,screen,uniform_0_1,gemv,lns,lns16_r7,16,8,7,fp32,ordinary,padded,thread_packet,2,16,1,1,2,none,fraction_lut_shared,ordinary/padded/thread_packet/x2/fraction_lut_shared,16384,1024,1024,33587200,33587200,512,1024,256,3,0,55,4.8493762016296387,0.088170476393266153,4101.44873046875,1
2026-08-16T21:24:19Z,NVIDIA H200 NVL,screen,uniform_0_1,gemv,lns,lns16_r7,16,8,7,fp32,ordinary,padded,thread_packet,2,16,1,1,2,none,fraction_lut_shared,ordinary/padded/thread_packet/x2/fraction_lut_shared,16384,1024,1024,33587200,33587200,512,1024,256,3,1,55,4.8518719673156738,0.088215853951194065,4101.44873046875,1
2026-08-16T21:24:19Z,NVIDIA H200 NVL,screen,uniform_0_1,gemv,lns,lns16_r7,16,8,7,fp32,ordinary,padded,thread_packet,2,16,1,1,2,none,fraction_lut_shared,ordinary/padded/thread_packet/x2/fraction_lut_shared,16384,1024,1024,33587200,33587200,512,1024,256,3,2,55,4.8494400978088379,0.08817163814197887,4101.44873046875,1
2026-08-16T21:24:19Z,NVIDIA H200 NVL,screen,uniform_0_1,dot,lns,lns16_r7,16,8,7,fp32,ordinary,padded,thread_packet,4,16,1,1,4,none,fraction_lut_shared,ordinary/padded/thread_packet/x4/fraction_lut_shared,16777216,0,1,67108864,67108864,512,512,256,3,0,50,5.006432056427002,0.10012864112854004,4194552.5,1
2026-08-16T21:24:19Z,NVIDIA H200 NVL,screen,uniform_0_1,dot,lns,lns16_r7,16,8,7,fp32,ordinary,padded,thread_packet,4,16,1,1,4,none,fraction_lut_shared,ordinary/padded/thread_packet/x4/fraction_lut_shared,16777216,0,1,67108864,67108864,512,512,256,3,1,50,5.0086398124694824,0.10017279624938964,4194552.5,1
2026-08-16T21:24:19Z,NVIDIA H200 NVL,screen,uniform_0_1,dot,lns,lns16_r7,16,8,7,fp32,ordinary,padded,thread_packet,4,16,1,1,4,none,fraction_lut_shared,ordinary/padded/thread_packet/x4/fraction_lut_shared,16777216,0,1,67108864,67108864,512,512,256,3,2,50,5.0083842277526855,0.1001676845550537,4194552.5,1
2026-08-16T21:24:19Z,NVIDIA H200 NVL,screen,uniform_0_1,gemv,lns,lns16_r7,16,8,7,fp32,ordinary,padded,thread_packet,4,16,1,1,4,none,fraction_lut_shared,ordinary/padded/thread_packet/x4/fraction_lut_shared,16384,1024,1024,33587200,33587200,512,1024,256,3,0,57,4.8581762313842773,0.085231161954110124,4101.4482421875,1
2026-08-16T21:24:19Z,NVIDIA H200 NVL,screen,uniform_0_1,gemv,lns,lns16_r7,16,8,7,fp32,ordinary,padded,thread_packet,4,16,1,1,4,none,fraction_lut_shared,ordinary/padded/thread_packet/x4/fraction_lut_shared,16384,1024,1024,33587200,33587200,512,1024,256,3,1,57,4.8463039398193359,0.085022876137181333,4101.4482421875,1
2026-08-16T21:24:19Z,NVIDIA H200 NVL,screen,uniform_0_1,gemv,lns,lns16_r7,16,8,7,fp32,ordinary,padded,thread_packet,4,16,1,1,4,none,fraction_lut_shared,ordinary/padded/thread_packet/x4/fraction_lut_shared,16384,1024,1024,33587200,33587200,512,1024,256,3,2,57,4.8347201347351074,0.084819651486580827,4101.4482421875,1
2026-08-16T21:24:19Z,NVIDIA H200 NVL,screen,uniform_0_1,dot,lns,lns16_r7,16,8,7,fp32,ordinary,padded,thread_packet,8,16,1,1,8,none,fraction_lut_shared,ordinary/padded/thread_packet/x8/fraction_lut_shared,16777216,0,1,67108864,67108864,512,512,256,3,0,50,4.9211201667785645,0.098422403335571285,4194552.5,1
2026-08-16T21:24:19Z,NVIDIA H200 NVL,screen,uniform_0_1,dot,lns,lns16_r7,16,8,7,fp32,ordinary,padded,thread_packet,8,16,1,1,8,none,fraction_lut_shared,ordinary/padded/thread_packet/x8/fraction_lut_shared,16777216,0,1,67108864,67108864,512,512,256,3,1,50,4.9140481948852539,0.098280963897705076,4194552.5,1
2026-08-16T21:24:19Z,NVIDIA H200 NVL,screen,uniform_0_1,dot,lns,lns16_r7,16,8,7,fp32,ordinary,padded,thread_packet,8,16,1,1,8,none,fraction_lut_shared,ordinary/padded/thread_packet/x8/fraction_lut_shared,16777216,0,1,67108864,67108864,512,512,256,3,2,50,4.9203519821166992,0.098407039642333979,4194552.5,1
2026-08-16T21:24:19Z,NVIDIA H200 NVL,screen,uniform_0_1,gemv,lns,lns16_r7,16,8,7,fp32,ordinary,padded,thread_packet,8,16,1,1,8,none,fraction_lut_shared,ordinary/padded/thread_packet/x8/fraction_lut_shared,16384,1024,1024,33587200,33587200,512,1024,256,3,0,59,4.9050559997558594,0.083136542368743377,4101.4482421875,1
2026-08-16T21:24:19Z,NVIDIA H200 NVL,screen,uniform_0_1,gemv,lns,lns16_r7,16,8,7,fp32,ordinary,padded,thread_packet,8,16,1,1,8,none,fraction_lut_shared,ordinary/padded/thread_packet/x8/fraction_lut_shared,16384,1024,1024,33587200,33587200,512,1024,256,3,1,59,4.9056000709533691,0.083145763914463877,4101.4482421875,1
2026-08-16T21:24:19Z,NVIDIA H200 NVL,screen,uniform_0_1,gemv,lns,lns16_r7,16,8,7,fp32,ordinary,padded,thread_packet,8,16,1,1,8,none,fraction_lut_shared,ordinary/padded/thread_packet/x8/fraction_lut_shared,16384,1024,1024,33587200,33587200,512,1024,256,3,2,59,4.9048318862915039,0.083132743835449219,4101.4482421875,1
2026-08-16T21:24:19Z,NVIDIA H200 NVL,screen,uniform_0_1,dot,lns,lns16_r7,16,8,7,fp32,fused,padded,scalar,1,16,1,1,1,none,fraction_lut_shared,fused/padded/scalar/x1/fraction_lut_shared,16777216,0,1,67108864,67108864,512,512,256,3,0,50,4.9547200202941895,0.099094400405883784,4194552.5,1
2026-08-16T21:24:19Z,NVIDIA H200 NVL,screen,uniform_0_1,dot,lns,lns16_r7,16,8,7,fp32,fused,padded,scalar,1,16,1,1,1,none,fraction_lut_shared,fused/padded/scalar/x1/fraction_lut_shared,16777216,0,1,67108864,67108864,512,512,256,3,1,50,4.9503040313720703,0.099006080627441401,4194552.5,1
2026-08-16T21:24:19Z,NVIDIA H200 NVL,screen,uniform_0_1,dot,lns,lns16_r7,16,8,7,fp32,fused,padded,scalar,1,16,1,1,1,none,fraction_lut_shared,fused/padded/scalar/x1/fraction_lut_shared,16777216,0,1,67108864,67108864,512,512,256,3,2,50,4.9603519439697266,0.099207038879394527,4194552.5,1
2026-08-16T21:24:19Z,NVIDIA H200 NVL,screen,uniform_0_1,gemv,lns,lns16_r7,16,8,7,fp32,fused,padded,scalar,1,16,1,1,1,none,fraction_lut_shared,fused/padded/scalar/x1/fraction_lut_shared,16384,1024,1024,33587200,33587200,512,1024,256,3,0,66,4.8858242034912109,0.074027639446836532,4101.4482421875,1
2026-08-16T21:24:19Z,NVIDIA H200 NVL,screen,uniform_0_1,gemv,lns,lns16_r7,16,8,7,fp32,fused,padded,scalar,1,16,1,1,1,none,fraction_lut_shared,fused/padded/scalar/x1/fraction_lut_shared,16384,1024,1024,33587200,33587200,512,1024,256,3,1,66,4.8867521286010742,0.07404169891819809,4101.4482421875,1
2026-08-16T21:24:19Z,NVIDIA H200 NVL,screen,uniform_0_1,gemv,lns,lns16_r7,16,8,7,fp32,fused,padded,scalar,1,16,1,1,1,none,fraction_lut_shared,fused/padded/scalar/x1/fraction_lut_shared,16384,1024,1024,33587200,33587200,512,1024,256,3,2,66,4.8877439498901367,0.074056726513486923,4101.4482421875,1
2026-08-16T21:24:19Z,NVIDIA H200 NVL,screen,uniform_0_1,dot,lns,lns16_r7,16,8,7,fp32,fused,padded,thread_packet,2,16,1,1,2,none,fraction_lut_shared,fused/padded/thread_packet/x2/fraction_lut_shared,16777216,0,1,67108864,67108864,512,512,256,3,0,53,4.9428801536560059,0.093261889691622746,4194552,1
2026-08-16T21:24:19Z,NVIDIA H200 NVL,screen,uniform_0_1,dot,lns,lns16_r7,16,8,7,fp32,fused,padded,thread_packet,2,16,1,1,2,none,fraction_lut_shared,fused/padded/thread_packet/x2/fraction_lut_shared,16777216,0,1,67108864,67108864,512,512,256,3,1,53,4.9577598571777344,0.093542638814674228,4194552,1
2026-08-16T21:24:19Z,NVIDIA H200 NVL,screen,uniform_0_1,dot,lns,lns16_r7,16,8,7,fp32,fused,padded,thread_packet,2,16,1,1,2,none,fraction_lut_shared,fused/padded/thread_packet/x2/fraction_lut_shared,16777216,0,1,67108864,67108864,512,512,256,3,2,53,4.9580798149108887,0.093548675753035632,4194552,1
2026-08-16T21:24:19Z,NVIDIA H200 NVL,screen,uniform_0_1,gemv,lns,lns16_r7,16,8,7,fp32,fused,padded,thread_packet,2,16,1,1,2,none,fraction_lut_shared,fused/padded/thread_packet/x2/fraction_lut_shared,16384,1024,1024,33587200,33587200,512,1024,256,3,0,66,4.9185280799865723,0.074523152727069275,4101.4482421875,1
2026-08-16T21:24:19Z,NVIDIA H200 NVL,screen,uniform_0_1,gemv,lns,lns16_r7,16,8,7,fp32,fused,padded,thread_packet,2,16,1,1,2,none,fraction_lut_shared,fused/padded/thread_packet/x2/fraction_lut_shared,16384,1024,1024,33587200,33587200,512,1024,256,3,1,66,4.9161920547485352,0.074487758405280838,4101.4482421875,1
2026-08-16T21:24:19Z,NVIDIA H200 NVL,screen,uniform_0_1,gemv,lns,lns16_r7,16,8,7,fp32,fused,padded,thread_packet,2,16,1,1,2,none,fraction_lut_shared,fused/padded/thread_packet/x2/fraction_lut_shared,16384,1024,1024,33587200,33587200,512,1024,256,3,2,66,4.9178881645202637,0.074513457038185807,4101.4482421875,1
2026-08-16T21:24:19Z,NVIDIA H200 NVL,screen,uniform_0_1,dot,lns,lns16_r7,16,8,7,fp32,fused,padded,thread_packet,4,16,1,1,4,none,fraction_lut_shared,fused/padded/thread_packet/x4/fraction_lut_shared,16777216,0,1,67108864,67108864,512,512,256,3,0,56,4.8621439933776855,0.086823999881744385,4194552.5,1
2026-08-16T21:24:19Z,NVIDIA H200 NVL,screen,uniform_0_1,dot,lns,lns16_r7,16,8,7,fp32,fused,padded,thread_packet,4,16,1,1,4,none,fraction_lut_shared,fused/padded/thread_packet/x4/fraction_lut_shared,16777216,0,1,67108864,67108864,512,512,256,3,1,56,4.8629441261291504,0.086838287966591973,4194552.5,1
2026-08-16T21:24:19Z,NVIDIA H200 NVL,screen,uniform_0_1,dot,lns,lns16_r7,16,8,7,fp32,fused,padded,thread_packet,4,16,1,1,4,none,fraction_lut_shared,fused/padded/thread_packet/x4/fraction_lut_shared,16777216,0,1,67108864,67108864,512,512,256,3,2,56,4.8528318405151367,0.086657711437770304,4194552.5,1
2026-08-16T21:24:19Z,NVIDIA H200 NVL,screen,uniform_0_1,gemv,lns,lns16_r7,16,8,7,fp32,fused,padded,thread_packet,4,16,1,1,4,none,fraction_lut_shared,fused/padded/thread_packet/x4/fraction_lut_shared,16384,1024,1024,33587200,33587200,512,1024,256,3,0,68,4.8476481437683105,0.071288943290710449,4101.4482421875,1
2026-08-16T21:24:19Z,NVIDIA H200 NVL,screen,uniform_0_1,gemv,lns,lns16_r7,16,8,7,fp32,fused,padded,thread_packet,4,16,1,1,4,none,fraction_lut_shared,fused/padded/thread_packet/x4/fraction_lut_shared,16384,1024,1024,33587200,33587200,512,1024,256,3,1,68,4.845952033996582,0.071264000499949742,4101.4482421875,1
2026-08-16T21:24:19Z,NVIDIA H200 NVL,screen,uniform_0_1,gemv,lns,lns16_r7,16,8,7,fp32,fused,padded,thread_packet,4,16,1,1,4,none,fraction_lut_shared,fused/padded/thread_packet/x4/fraction_lut_shared,16384,1024,1024,33587200,33587200,512,1024,256,3,2,68,4.8474559783935547,0.071286117329316986,4101.4482421875,1
2026-08-16T21:24:19Z,NVIDIA H200 NVL,screen,uniform_0_1,dot,lns,lns16_r7,16,8,7,fp32,fused,padded,thread_packet,8,16,1,1,8,none,fraction_lut_shared,fused/padded/thread_packet/x8/fraction_lut_shared,16777216,0,1,67108864,67108864,512,512,256,3,0,58,4.8605117797851562,0.083801927237675114,4194552.5,1
2026-08-16T21:24:19Z,NVIDIA H200 NVL,screen,uniform_0_1,dot,lns,lns16_r7,16,8,7,fp32,fused,padded,thread_packet,8,16,1,1,8,none,fraction_lut_shared,fused/padded/thread_packet/x8/fraction_lut_shared,16777216,0,1,67108864,67108864,512,512,256,3,1,58,4.8520321846008301,0.083655727320703963,4194552.5,1
2026-08-16T21:24:19Z,NVIDIA H200 NVL,screen,uniform_0_1,dot,lns,lns16_r7,16,8,7,fp32,fused,padded,thread_packet,8,16,1,1,8,none,fraction_lut_shared,fused/padded/thread_packet/x8/fraction_lut_shared,16777216,0,1,67108864,67108864,512,512,256,3,2,58,4.8620800971984863,0.08382896719307735,4194552.5,1
2026-08-16T21:24:19Z,NVIDIA H200 NVL,screen,uniform_0_1,gemv,lns,lns16_r7,16,8,7,fp32,fused,padded,thread_packet,8,16,1,1,8,none,fraction_lut_shared,fused/padded/thread_packet/x8/fraction_lut_shared,16384,1024,1024,33587200,33587200,512,1024,256,3,0,69,4.8866558074951172,0.070821098659349518,4101.44873046875,1
2026-08-16T21:24:19Z,NVIDIA H200 NVL,screen,uniform_0_1,gemv,lns,lns16_r7,16,8,7,fp32,fused,padded,thread_packet,8,16,1,1,8,none,fraction_lut_shared,fused/padded/thread_packet/x8/fraction_lut_shared,16384,1024,1024,33587200,33587200,512,1024,256,3,1,69,4.8925437927246094,0.070906431778617524,4101.44873046875,1
2026-08-16T21:24:19Z,NVIDIA H200 NVL,screen,uniform_0_1,gemv,lns,lns16_r7,16,8,7,fp32,fused,padded,thread_packet,8,16,1,1,8,none,fraction_lut_shared,fused/padded/thread_packet/x8/fraction_lut_shared,16384,1024,1024,33587200,33587200,512,1024,256,3,2,69,4.8873920440673828,0.070831768754599747,4101.44873046875,1
2026-08-16T21:24:19Z,NVIDIA H200 NVL,screen,uniform_0_1,dot,lns,lns16_r7,16,8,7,fp32,ordinary,padded,scalar,1,16,1,1,1,none,split_linear,ordinary/padded/scalar/x1/split_linear,16777216,0,1,67108864,67108864,512,512,256,3,0,39,5.0371198654174805,0.12915691962608924,4194552.5,1
2026-08-16T21:24:19Z,NVIDIA H200 NVL,screen,uniform_0_1,dot,lns,lns16_r7,16,8,7,fp32,ordinary,padded,scalar,1,16,1,1,1,none,split_linear,ordinary/padded/scalar/x1/split_linear,16777216,0,1,67108864,67108864,512,512,256,3,1,39,5.0387520790100098,0.12919877125666693,4194552.5,1
2026-08-16T21:24:19Z,NVIDIA H200 NVL,screen,uniform_0_1,dot,lns,lns16_r7,16,8,7,fp32,ordinary,padded,scalar,1,16,1,1,1,none,split_linear,ordinary/padded/scalar/x1/split_linear,16777216,0,1,67108864,67108864,512,512,256,3,2,39,5.0282878875732422,0.12893045865572417,4194552.5,1
2026-08-16T21:24:19Z,NVIDIA H200 NVL,screen,uniform_0_1,gemv,lns,lns16_r7,16,8,7,fp32,ordinary,padded,scalar,1,16,1,1,1,none,split_linear,ordinary/padded/scalar/x1/split_linear,16384,1024,1024,33587200,33587200,512,1024,256,3,0,44,4.9441919326782227,0.11236799846995961,4101.4482421875,1
2026-08-16T21:24:19Z,NVIDIA H200 NVL,screen,uniform_0_1,gemv,lns,lns16_r7,16,8,7,fp32,ordinary,padded,scalar,1,16,1,1,1,none,split_linear,ordinary/padded/scalar/x1/split_linear,16384,1024,1024,33587200,33587200,512,1024,256,3,1,44,4.9502720832824707,0.11250618371096524,4101.4482421875,1
2026-08-16T21:24:19Z,NVIDIA H200 NVL,screen,uniform_0_1,gemv,lns,lns16_r7,16,8,7,fp32,ordinary,padded,scalar,1,16,1,1,1,none,split_linear,ordinary/padded/scalar/x1/split_linear,16384,1024,1024,33587200,33587200,512,1024,256,3,2,44,4.9559998512268066,0.11263636025515469,4101.4482421875,1
2026-08-16T21:24:19Z,NVIDIA H200 NVL,screen,uniform_0_1,dot,lns,lns16_r7,16,8,7,fp32,ordinary,padded,thread_packet,2,16,1,1,2,none,split_linear,ordinary/padded/thread_packet/x2/split_linear,16777216,0,1,67108864,67108864,512,512,256,3,0,39,4.9813117980957031,0.12772594354091546,4194552,1
2026-08-16T21:24:19Z,NVIDIA H200 NVL,screen,uniform_0_1,dot,lns,lns16_r7,16,8,7,fp32,ordinary,padded,thread_packet,2,16,1,1,2,none,split_linear,ordinary/padded/thread_packet/x2/split_linear,16777216,0,1,67108864,67108864,512,512,256,3,1,39,4.9797759056091309,0.1276865616822854,4194552,1
2026-08-16T21:24:19Z,NVIDIA H200 NVL,screen,uniform_0_1,dot,lns,lns16_r7,16,8,7,fp32,ordinary,padded,thread_packet,2,16,1,1,2,none,split_linear,ordinary/padded/thread_packet/x2/split_linear,16777216,0,1,67108864,67108864,512,512,256,3,2,39,4.9806718826293945,0.12770953545203576,4194552,1
2026-08-16T21:24:19Z,NVIDIA H200 NVL,screen,uniform_0_1,gemv,lns,lns16_r7,16,8,7,fp32,ordinary,padded,thread_packet,2,16,1,1,2,none,split_linear,ordinary/padded/thread_packet/x2/split_linear,16384,1024,1024,33587200,33587200,512,1024,256,3,0,46,4.9506239891052246,0.10762226063272227,4101.44873046875,1
2026-08-16T21:24:19Z,NVIDIA H200 NVL,screen,uniform_0_1,gemv,lns,lns16_r7,16,8,7,fp32,ordinary,padded,thread_packet,2,16,1,1,2,none,split_linear,ordinary/padded/thread_packet/x2/split_linear,16384,1024,1024,33587200,33587200,512,1024,256,3,1,46,4.9513921737670898,0.10763896029928456,4101.44873046875,1
2026-08-16T21:24:19Z,NVIDIA H200 NVL,screen,uniform_0_1,gemv,lns,lns16_r7,16,8,7,fp32,ordinary,padded,thread_packet,2,16,1,1,2,none,split_linear,ordinary/padded/thread_packet/x2/split_linear,16384,1024,1024,33587200,33587200,512,1024,256,3,2,46,4.9516482353210449,0.10764452685480533,4101.44873046875,1
2026-08-16T21:24:19Z,NVIDIA H200 NVL,screen,uniform_0_1,dot,lns,lns16_r7,16,8,7,fp32,ordinary,padded,thread_packet,4,16,1,1,4,none,split_linear,ordinary/padded/thread_packet/x4/split_linear,16777216,0,1,67108864,67108864,512,512,256,3,0,42,5.0521597862243652,0.12028951871962774,4194552.5,1
2026-08-16T21:24:19Z,NVIDIA H200 NVL,screen,uniform_0_1,dot,lns,lns16_r7,16,8,7,fp32,ordinary,padded,thread_packet,4,16,1,1,4,none,split_linear,ordinary/padded/thread_packet/x4/split_linear,16777216,0,1,67108864,67108864,512,512,256,3,1,42,5.0427842140197754,0.12006629080999465,4194552.5,1
2026-08-16T21:24:19Z,NVIDIA H200 NVL,screen,uniform_0_1,dot,lns,lns16_r7,16,8,7,fp32,ordinary,padded,thread_packet,4,16,1,1,4,none,split_linear,ordinary/padded/thread_packet/x4/split_linear,16777216,0,1,67108864,67108864,512,512,256,3,2,42,5.0486078262329102,0.12020494824364072,4194552.5,1
2026-08-16T21:24:19Z,NVIDIA H200 NVL,screen,uniform_0_1,gemv,lns,lns16_r7,16,8,7,fp32,ordinary,padded,thread_packet,4,16,1,1,4,none,split_linear,ordinary/padded/thread_packet/x4/split_linear,16384,1024,1024,33587200,33587200,512,1024,256,3,0,48,4.9320001602172852,0.10275000333786011,4101.4482421875,1
2026-08-16T21:24:19Z,NVIDIA H200 NVL,screen,uniform_0_1,gemv,lns,lns16_r7,16,8,7,fp32,ordinary,padded,thread_packet,4,16,1,1,4,none,split_linear,ordinary/padded/thread_packet/x4/split_linear,16384,1024,1024,33587200,33587200,512,1024,256,3,1,48,4.9286079406738281,0.10267933209737141,4101.4482421875,1
2026-08-16T21:24:19Z,NVIDIA H200 NVL,screen,uniform_0_1,gemv,lns,lns16_r7,16,8,7,fp32,ordinary,padded,thread_packet,4,16,1,1,4,none,split_linear,ordinary/padded/thread_packet/x4/split_linear,16384,1024,1024,33587200,33587200,512,1024,256,3,2,48,4.9272961616516113,0.1026520033677419,4101.4482421875,1
2026-08-16T21:24:19Z,NVIDIA H200 NVL,screen,uniform_0_1,dot,lns,lns16_r7,16,8,7,fp32,ordinary,padded,thread_packet,8,16,1,1,8,none,split_linear,ordinary/padded/thread_packet/x8/split_linear,16777216,0,1,67108864,67108864,512,512,256,3,0,42,4.8950719833374023,0.11654933293660481,4194552.5,1
2026-08-16T21:24:19Z,NVIDIA H200 NVL,screen,uniform_0_1,dot,lns,lns16_r7,16,8,7,fp32,ordinary,padded,thread_packet,8,16,1,1,8,none,split_linear,ordinary/padded/thread_packet/x8/split_linear,16777216,0,1,67108864,67108864,512,512,256,3,1,42,4.9030718803405762,0.11673980667477563,4194552.5,1
2026-08-16T21:24:19Z,NVIDIA H200 NVL,screen,uniform_0_1,dot,lns,lns16_r7,16,8,7,fp32,ordinary,padded,thread_packet,8,16,1,1,8,none,split_linear,ordinary/padded/thread_packet/x8/split_linear,16777216,0,1,67108864,67108864,512,512,256,3,2,42,4.9062399864196777,0.11681523777189709,4194552.5,1
2026-08-16T21:24:19Z,NVIDIA H200 NVL,screen,uniform_0_1,gemv,lns,lns16_r7,16,8,7,fp32,ordinary,padded,thread_packet,8,16,1,1,8,none,split_linear,ordinary/padded/thread_packet/x8/split_linear,16384,1024,1024,33587200,33587200,512,1024,256,3,0,48,4.8344640731811523,0.10071800152460735,4101.4482421875,1
2026-08-16T21:24:19Z,NVIDIA H200 NVL,screen,uniform_0_1,gemv,lns,lns16_r7,16,8,7,fp32,ordinary,padded,thread_packet,8,16,1,1,8,none,split_linear,ordinary/padded/thread_packet/x8/split_linear,16384,1024,1024,33587200,33587200,512,1024,256,3,1,48,4.8321280479431152,0.10066933433214824,4101.4482421875,1
2026-08-16T21:24:19Z,NVIDIA H200 NVL,screen,uniform_0_1,gemv,lns,lns16_r7,16,8,7,fp32,ordinary,padded,thread_packet,8,16,1,1,8,none,split_linear,ordinary/padded/thread_packet/x8/split_linear,16384,1024,1024,33587200,33587200,512,1024,256,3,2,48,4.8289599418640137,0.10060333212216695,4101.4482421875,1
2026-08-16T21:24:19Z,NVIDIA H200 NVL,screen,uniform_0_1,dot,lns,lns16_r7,16,8,7,fp32,fused,padded,scalar,1,16,1,1,1,none,split_linear,fused/padded/scalar/x1/split_linear,16777216,0,1,67108864,67108864,512,512,256,3,0,48,4.9488959312438965,0.10310199856758118,4194552.5,1
2026-08-16T21:24:19Z,NVIDIA H200 NVL,screen,uniform_0_1,dot,lns,lns16_r7,16,8,7,fp32,fused,padded,scalar,1,16,1,1,1,none,split_linear,fused/padded/scalar/x1/split_linear,16777216,0,1,67108864,67108864,512,512,256,3,1,48,4.9491519927978516,0.10310733318328857,4194552.5,1
2026-08-16T21:24:19Z,NVIDIA H200 NVL,screen,uniform_0_1,dot,lns,lns16_r7,16,8,7,fp32,fused,padded,scalar,1,16,1,1,1,none,split_linear,fused/padded/scalar/x1/split_linear,16777216,0,1,67108864,67108864,512,512,256,3,2,48,4.9533438682556152,0.10319466392199199,4194552.5,1
2026-08-16T21:24:19Z,NVIDIA H200 NVL,screen,uniform_0_1,gemv,lns,lns16_r7,16,8,7,fp32,fused,padded,scalar,1,16,1,1,1,none,split_linear,fused/padded/scalar/x1/split_linear,16384,1024,1024,33587200,33587200,512,1024,256,3,0,56,4.921055793762207,0.087875996317182264,4101.4482421875,1
2026-08-16T21:24:19Z,NVIDIA H200 NVL,screen,uniform_0_1,gemv,lns,lns16_r7,16,8,7,fp32,fused,padded,scalar,1,16,1,1,1,none,split_linear,fused/padded/scalar/x1/split_linear,16384,1024,1024,33587200,33587200,512,1024,256,3,1,56,4.9173121452331543,0.087809145450592041,4101.4482421875,1
2026-08-16T21:24:19Z,NVIDIA H200 NVL,screen,uniform_0_1,gemv,lns,lns16_r7,16,8,7,fp32,fused,padded,scalar,1,16,1,1,1,none,split_linear,fused/padded/scalar/x1/split_linear,16384,1024,1024,33587200,33587200,512,1024,256,3,2,56,4.922111988067627,0.087894856929779053,4101.4482421875,1
2026-08-16T21:24:19Z,NVIDIA H200 NVL,screen,uniform_0_1,dot,lns,lns16_r7,16,8,7,fp32,fused,padded,thread_packet,2,16,1,1,2,none,split_linear,fused/padded/thread_packet/x2/split_linear,16777216,0,1,67108864,67108864,512,512,256,3,0,49,4.9730877876281738,0.10149158750261579,4194552,1
2026-08-16T21:24:19Z,NVIDIA H200 NVL,screen,uniform_0_1,dot,lns,lns16_r7,16,8,7,fp32,fused,padded,thread_packet,2,16,1,1,2,none,split_linear,fused/padded/thread_packet/x2/split_linear,16777216,0,1,67108864,67108864,512,512,256,3,1,49,4.9641280174255371,0.10130873504950076,4194552,1
2026-08-16T21:24:19Z,NVIDIA H200 NVL,screen,uniform_0_1,dot,lns,lns16_r7,16,8,7,fp32,fused,padded,thread_packet,2,16,1,1,2,none,split_linear,fused/padded/thread_packet/x2/split_linear,16777216,0,1,67108864,67108864,512,512,256,3,2,49,4.9664640426635742,0.10135640903395049,4194552,1
2026-08-16T21:24:19Z,NVIDIA H200 NVL,screen,uniform_0_1,gemv,lns,lns16_r7,16,8,7,fp32,fused,padded,thread_packet,2,16,1,1,2,none,split_linear,fused/padded/thread_packet/x2/split_linear,16384,1024,1024,33587200,33587200,512,1024,256,3,0,58,4.946591854095459,0.085286066449921705,4101.4482421875,1
2026-08-16T21:24:19Z,NVIDIA H200 NVL,screen,uniform_0_1,gemv,lns,lns16_r7,16,8,7,fp32,fused,padded,thread_packet,2,16,1,1,2,none,split_linear,fused/padded/thread_packet/x2/split_linear,16384,1024,1024,33587200,33587200,512,1024,256,3,1,58,4.9406719207763672,0.085183998634075303,4101.4482421875,1
2026-08-16T21:24:19Z,NVIDIA H200 NVL,screen,uniform_0_1,gemv,lns,lns16_r7,16,8,7,fp32,fused,padded,thread_packet,2,16,1,1,2,none,split_linear,fused/padded/thread_packet/x2/split_linear,16384,1024,1024,33587200,33587200,512,1024,256,3,2,58,4.9419198036193848,0.085205513855506634,4101.4482421875,1
2026-08-16T21:24:19Z,NVIDIA H200 NVL,screen,uniform_0_1,dot,lns,lns16_r7,16,8,7,fp32,fused,padded,thread_packet,4,16,1,1,4,none,split_linear,fused/padded/thread_packet/x4/split_linear,16777216,0,1,67108864,67108864,512,512,256,3,0,53,4.9982080459594727,0.094305812187914576,4194552.5,1
2026-08-16T21:24:19Z,NVIDIA H200 NVL,screen,uniform_0_1,dot,lns,lns16_r7,16,8,7,fp32,fused,padded,thread_packet,4,16,1,1,4,none,split_linear,fused/padded/thread_packet/x4/split_linear,16777216,0,1,67108864,67108864,512,512,256,3,1,53,4.9952960014343262,0.094250867951591058,4194552.5,1
2026-08-16T21:24:19Z,NVIDIA H200 NVL,screen,uniform_0_1,dot,lns,lns16_r7,16,8,7,fp32,fused,padded,thread_packet,4,16,1,1,4,none,split_linear,fused/padded/thread_packet/x4/split_linear,16777216,0,1,67108864,67108864,512,512,256,3,2,53,4.9988479614257812,0.094317886064637382,4194552.5,1
2026-08-16T21:24:19Z,NVIDIA H200 NVL,screen,uniform_0_1,gemv,lns,lns16_r7,16,8,7,fp32,fused,padded,thread_packet,4,16,1,1,4,none,split_linear,fused/padded/thread_packet/x4/split_linear,16384,1024,1024,33587200,33587200,512,1024,256,3,0,61,4.9115839004516602,0.080517768859863281,4101.4482421875,1
2026-08-16T21:24:19Z,NVIDIA H200 NVL,screen,uniform_0_1,gemv,lns,lns16_r7,16,8,7,fp32,fused,padded,thread_packet,4,16,1,1,4,none,split_linear,fused/padded/thread_packet/x4/split_linear,16384,1024,1024,33587200,33587200,512,1024,256,3,1,61,4.906400203704834,0.080432790224669412,4101.4482421875,1
2026-08-16T21:24:19Z,NVIDIA H200 NVL,screen,uniform_0_1,gemv,lns,lns16_r7,16,8,7,fp32,fused,padded,thread_packet,4,16,1,1,4,none,split_linear,fused/padded/thread_packet/x4/split_linear,16384,1024,1024,33587200,33587200,512,1024,256,3,2,61,4.9070401191711426,0.080443280642149881,4101.4482421875,1
2026-08-16T21:24:19Z,NVIDIA H200 NVL,screen,uniform_0_1,dot,lns,lns16_r7,16,8,7,fp32,fused,padded,thread_packet,8,16,1,1,8,none,split_linear,fused/padded/thread_packet/x8/split_linear,16777216,0,1,67108864,67108864,512,512,256,3,0,55,5.0000958442687988,0.090910833532159979,4194552.5,1
2026-08-16T21:24:19Z,NVIDIA H200 NVL,screen,uniform_0_1,dot,lns,lns16_r7,16,8,7,fp32,fused,padded,thread_packet,8,16,1,1,8,none,split_linear,fused/padded/thread_packet/x8/split_linear,16777216,0,1,67108864,67108864,512,512,256,3,1,55,5.0070400238037109,0.091037091341885659,4194552.5,1
2026-08-16T21:24:19Z,NVIDIA H200 NVL,screen,uniform_0_1,dot,lns,lns16_r7,16,8,7,fp32,fused,padded,thread_packet,8,16,1,1,8,none,split_linear,fused/padded/thread_packet/x8/split_linear,16777216,0,1,67108864,67108864,512,512,256,3,2,55,5.0089921951293945,0.091072585365988987,4194552.5,1
2026-08-16T21:24:19Z,NVIDIA H200 NVL,screen,uniform_0_1,gemv,lns,lns16_r7,16,8,7,fp32,fused,padded,thread_packet,8,16,1,1,8,none,split_linear,fused/padded/thread_packet/x8/split_linear,16384,1024,1024,33587200,33587200,512,1024,256,3,0,63,4.9233918190002441,0.078149076492067371,4101.44873046875,1
2026-08-16T21:24:19Z,NVIDIA H200 NVL,screen,uniform_0_1,gemv,lns,lns16_r7,16,8,7,fp32,fused,padded,thread_packet,8,16,1,1,8,none,split_linear,fused/padded/thread_packet/x8/split_linear,16384,1024,1024,33587200,33587200,512,1024,256,3,1,63,4.9205121994018555,0.078103368244473892,4101.44873046875,1
2026-08-16T21:24:19Z,NVIDIA H200 NVL,screen,uniform_0_1,gemv,lns,lns16_r7,16,8,7,fp32,fused,padded,thread_packet,8,16,1,1,8,none,split_linear,fused/padded/thread_packet/x8/split_linear,16384,1024,1024,33587200,33587200,512,1024,256,3,2,63,4.9232001304626465,0.078146033816867411,4101.44873046875,1
2026-08-16T21:24:19Z,NVIDIA H200 NVL,screen,uniform_0_1,dot,lns,lns16_r7,16,8,7,fp32,ordinary,padded,scalar,1,16,1,1,1,none,split_quadratic,ordinary/padded/scalar/x1/split_quadratic,16777216,0,1,67108864,67108864,512,512,256,3,0,39,5.0344319343566895,0.1290879983168382,4194552.5,1
2026-08-16T21:24:19Z,NVIDIA H200 NVL,screen,uniform_0_1,dot,lns,lns16_r7,16,8,7,fp32,ordinary,padded,scalar,1,16,1,1,1,none,split_quadratic,ordinary/padded/scalar/x1/split_quadratic,16777216,0,1,67108864,67108864,512,512,256,3,1,39,5.0386562347412109,0.1291963137113131,4194552.5,1
2026-08-16T21:24:19Z,NVIDIA H200 NVL,screen,uniform_0_1,dot,lns,lns16_r7,16,8,7,fp32,ordinary,padded,scalar,1,16,1,1,1,none,split_quadratic,ordinary/padded/scalar/x1/split_quadratic,16777216,0,1,67108864,67108864,512,512,256,3,2,39,5.0444478988647461,0.12934481791960886,4194552.5,1
2026-08-16T21:24:19Z,NVIDIA H200 NVL,screen,uniform_0_1,gemv,lns,lns16_r7,16,8,7,fp32,ordinary,padded,scalar,1,16,1,1,1,none,split_quadratic,ordinary/padded/scalar/x1/split_quadratic,16384,1024,1024,33587200,33587200,512,1024,256,3,0,44,4.9423999786376953,0.11232727224176581,4101.4482421875,1
2026-08-16T21:24:19Z,NVIDIA H200 NVL,screen,uniform_0_1,gemv,lns,lns16_r7,16,8,7,fp32,ordinary,padded,scalar,1,16,1,1,1,none,split_quadratic,ordinary/padded/scalar/x1/split_quadratic,16384,1024,1024,33587200,33587200,512,1024,256,3,1,44,4.9410881996154785,0.11229745908216997,4101.4482421875,1
2026-08-16T21:24:19Z,NVIDIA H200 NVL,screen,uniform_0_1,gemv,lns,lns16_r7,16,8,7,fp32,ordinary,padded,scalar,1,16,1,1,1,none,split_quadratic,ordinary/padded/scalar/x1/split_quadratic,16384,1024,1024,33587200,33587200,512,1024,256,3,2,44,4.9483838081359863,0.11246326836672696,4101.4482421875,1
2026-08-16T21:24:19Z,NVIDIA H200 NVL,screen,uniform_0_1,dot,lns,lns16_r7,16,8,7,fp32,ordinary,padded,thread_packet,2,16,1,1,2,none,split_quadratic,ordinary/padded/thread_packet/x2/split_quadratic,16777216,0,1,67108864,67108864,512,512,256,3,0,39,4.979423999786377,0.12767753845606095,4194552,1
2026-08-16T21:24:19Z,NVIDIA H200 NVL,screen,uniform_0_1,dot,lns,lns16_r7,16,8,7,fp32,ordinary,padded,thread_packet,2,16,1,1,2,none,split_quadratic,ordinary/padded/thread_packet/x2/split_quadratic,16777216,0,1,67108864,67108864,512,512,256,3,1,39,4.9754562377929688,0.12757580096905047,4194552,1
2026-08-16T21:24:19Z,NVIDIA H200 NVL,screen,uniform_0_1,dot,lns,lns16_r7,16,8,7,fp32,ordinary,padded,thread_packet,2,16,1,1,2,none,split_quadratic,ordinary/padded/thread_packet/x2/split_quadratic,16777216,0,1,67108864,67108864,512,512,256,3,2,39,4.9724159240722656,0.12749784420698118,4194552,1
2026-08-16T21:24:19Z,NVIDIA H200 NVL,screen,uniform_0_1,gemv,lns,lns16_r7,16,8,7,fp32,ordinary,padded,thread_packet,2,16,1,1,2,none,split_quadratic,ordinary/padded/thread_packet/x2/split_quadratic,16384,1024,1024,33587200,33587200,512,1024,256,3,0,46,4.9575362205505371,0.10777252653370732,4101.44873046875,1
2026-08-16T21:24:19Z,NVIDIA H200 NVL,screen,uniform_0_1,gemv,lns,lns16_r7,16,8,7,fp32,ordinary,padded,thread_packet,2,16,1,1,2,none,split_quadratic,ordinary/padded/thread_packet/x2/split_quadratic,16384,1024,1024,33587200,33587200,512,1024,256,3,1,46,4.955967903137207,0.1077384326768958,4101.44873046875,1
2026-08-16T21:24:19Z,NVIDIA H200 NVL,screen,uniform_0_1,gemv,lns,lns16_r7,16,8,7,fp32,ordinary,padded,thread_packet,2,16,1,1,2,none,split_quadratic,ordinary/padded/thread_packet/x2/split_quadratic,16384,1024,1024,33587200,33587200,512,1024,256,3,2,46,4.9521279335021973,0.10765495507613472,4101.44873046875,1
2026-08-16T21:24:19Z,NVIDIA H200 NVL,screen,uniform_0_1,dot,lns,lns16_r7,16,8,7,fp32,ordinary,padded,thread_packet,4,16,1,1,4,none,split_quadratic,ordinary/padded/thread_packet/x4/split_quadratic,16777216,0,1,67108864,67108864,512,512,256,3,0,41,4.9364161491394043,0.12040039388144888,4194552.5,1
2026-08-16T21:24:19Z,NVIDIA H200 NVL,screen,uniform_0_1,dot,lns,lns16_r7,16,8,7,fp32,ordinary,padded,thread_packet,4,16,1,1,4,none,split_quadratic,ordinary/padded/thread_packet/x4/split_quadratic,16777216,0,1,67108864,67108864,512,512,256,3,1,41,4.9314560890197754,0.12027941680536038,4194552.5,1
2026-08-16T21:24:19Z,NVIDIA H200 NVL,screen,uniform_0_1,dot,lns,lns16_r7,16,8,7,fp32,ordinary,padded,thread_packet,4,16,1,1,4,none,split_quadratic,ordinary/padded/thread_packet/x4/split_quadratic,16777216,0,1,67108864,67108864,512,512,256,3,2,41,4.9232959747314453,0.12008038962759622,4194552.5,1
2026-08-16T21:24:19Z,NVIDIA H200 NVL,screen,uniform_0_1,gemv,lns,lns16_r7,16,8,7,fp32,ordinary,padded,thread_packet,4,16,1,1,4,none,split_quadratic,ordinary/padded/thread_packet/x4/split_quadratic,16384,1024,1024,33587200,33587200,512,1024,256,3,0,48,4.9298558235168457,0.10270532965660095,4101.4482421875,1
2026-08-16T21:24:19Z,NVIDIA H200 NVL,screen,uniform_0_1,gemv,lns,lns16_r7,16,8,7,fp32,ordinary,padded,thread_packet,4,16,1,1,4,none,split_quadratic,ordinary/padded/thread_packet/x4/split_quadratic,16384,1024,1024,33587200,33587200,512,1024,256,3,1,48,4.9263358116149902,0.1026319960753123,4101.4482421875,1
2026-08-16T21:24:19Z,NVIDIA H200 NVL,screen,uniform_0_1,gemv,lns,lns16_r7,16,8,7,fp32,ordinary,padded,thread_packet,4,16,1,1,4,none,split_quadratic,ordinary/padded/thread_packet/x4/split_quadratic,16384,1024,1024,33587200,33587200,512,1024,256,3,2,48,4.9296960830688477,0.102702001730601,4101.4482421875,1
2026-08-16T21:24:19Z,NVIDIA H200 NVL,screen,uniform_0_1,dot,lns,lns16_r7,16,8,7,fp32,ordinary,padded,thread_packet,8,16,1,1,8,none,split_quadratic,ordinary/padded/thread_packet/x8/split_quadratic,16777216,0,1,67108864,67108864,512,512,256,3,0,43,5.0177922248840332,0.11669284243916356,4194552.5,1
2026-08-16T21:24:19Z,NVIDIA H200 NVL,screen,uniform_0_1,dot,lns,lns16_r7,16,8,7,fp32,ordinary,padded,thread_packet,8,16,1,1,8,none,split_quadratic,ordinary/padded/thread_packet/x8/split_quadratic,16777216,0,1,67108864,67108864,512,512,256,3,1,43,5.030303955078125,0.1169838129087936,4194552.5,1
2026-08-16T21:24:19Z,NVIDIA H200 NVL,screen,uniform_0_1,dot,lns,lns16_r7,16,8,7,fp32,ordinary,padded,thread_packet,8,16,1,1,8,none,split_quadratic,ordinary/padded/thread_packet/x8/split_quadratic,16777216,0,1,67108864,67108864,512,512,256,3,2,43,5.0208001136779785,0.11676279334134834,4194552.5,1
2026-08-16T21:24:19Z,NVIDIA H200 NVL,screen,uniform_0_1,gemv,lns,lns16_r7,16,8,7,fp32,ordinary,padded,thread_packet,8,16,1,1,8,none,split_quadratic,ordinary/padded/thread_packet/x8/split_quadratic,16384,1024,1024,33587200,33587200,512,1024,256,3,0,49,4.9512639045715332,0.10104620213411292,4101.4482421875,1
2026-08-16T21:24:19Z,NVIDIA H200 NVL,screen,uniform_0_1,gemv,lns,lns16_r7,16,8,7,fp32,ordinary,padded,thread_packet,8,16,1,1,8,none,split_quadratic,ordinary/padded/thread_packet/x8/split_quadratic,16384,1024,1024,33587200,33587200,512,1024,256,3,1,49,4.9609599113464355,0.10124407982339664,4101.4482421875,1
2026-08-16T21:24:19Z,NVIDIA H200 NVL,screen,uniform_0_1,gemv,lns,lns16_r7,16,8,7,fp32,ordinary,padded,thread_packet,8,16,1,1,8,none,split_quadratic,ordinary/padded/thread_packet/x8/split_quadratic,16384,1024,1024,33587200,33587200,512,1024,256,3,2,49,4.9458880424499512,0.1009364906622439,4101.4482421875,1
2026-08-16T21:24:19Z,NVIDIA H200 NVL,screen,uniform_0_1,dot,lns,lns16_r7,16,8,7,fp32,fused,padded,scalar,1,16,1,1,1,none,split_quadratic,fused/padded/scalar/x1/split_quadratic,16777216,0,1,67108864,67108864,512,512,256,3,0,48,5.0156159400939941,0.10449199875195821,4194552.5,1
2026-08-16T21:24:19Z,NVIDIA H200 NVL,screen,uniform_0_1,dot,lns,lns16_r7,16,8,7,fp32,fused,padded,scalar,1,16,1,1,1,none,split_quadratic,fused/padded/scalar/x1/split_quadratic,16777216,0,1,67108864,67108864,512,512,256,3,1,48,5.0008640289306641,0.10418466726938884,4194552.5,1
2026-08-16T21:24:19Z,NVIDIA H200 NVL,screen,uniform_0_1,dot,lns,lns16_r7,16,8,7,fp32,fused,padded,scalar,1,16,1,1,1,none,split_quadratic,fused/padded/scalar/x1/split_quadratic,16777216,0,1,67108864,67108864,512,512,256,3,2,48,5.0230717658996582,0.10464732845624287,4194552.5,1
2026-08-16T21:24:19Z,NVIDIA H200 NVL,screen,uniform_0_1,gemv,lns,lns16_r7,16,8,7,fp32,fused,padded,scalar,1,16,1,1,1,none,split_quadratic,fused/padded/scalar/x1/split_quadratic,16384,1024,1024,33587200,33587200,512,1024,256,3,0,55,4.8631677627563477,0.088421232050115414,4101.4482421875,1
2026-08-16T21:24:19Z,NVIDIA H200 NVL,screen,uniform_0_1,gemv,lns,lns16_r7,16,8,7,fp32,fused,padded,scalar,1,16,1,1,1,none,split_quadratic,fused/padded/scalar/x1/split_quadratic,16384,1024,1024,33587200,33587200,512,1024,256,3,1,55,4.8598718643188477,0.08836130662397905,4101.4482421875,1
2026-08-16T21:24:19Z,NVIDIA H200 NVL,screen,uniform_0_1,gemv,lns,lns16_r7,16,8,7,fp32,fused,padded,scalar,1,16,1,1,1,none,split_quadratic,fused/padded/scalar/x1/split_quadratic,16384,1024,1024,33587200,33587200,512,1024,256,3,2,55,4.8608641624450684,0.088379348408092154,4101.4482421875,1
2026-08-16T21:24:19Z,NVIDIA H200 NVL,screen,uniform_0_1,dot,lns,lns16_r7,16,8,7,fp32,fused,padded,thread_packet,2,16,1,1,2,none,split_quadratic,fused/padded/thread_packet/x2/split_quadratic,16777216,0,1,67108864,67108864,512,512,256,3,0,48,4.9126400947570801,0.10234666864077251,4194552,1
2026-08-16T21:24:19Z,NVIDIA H200 NVL,screen,uniform_0_1,dot,lns,lns16_r7,16,8,7,fp32,fused,padded,thread_packet,2,16,1,1,2,none,split_quadratic,fused/padded/thread_packet/x2/split_quadratic,16777216,0,1,67108864,67108864,512,512,256,3,1,48,4.9277758598327637,0.10266199707984924,4194552,1
2026-08-16T21:24:19Z,NVIDIA H200 NVL,screen,uniform_0_1,dot,lns,lns16_r7,16,8,7,fp32,fused,padded,thread_packet,2,16,1,1,2,none,split_quadratic,fused/padded/thread_packet/x2/split_quadratic,16777216,0,1,67108864,67108864,512,512,256,3,2,48,4.9208002090454102,0.10251667102177937,4194552,1
2026-08-16T21:24:19Z,NVIDIA H200 NVL,screen,uniform_0_1,gemv,lns,lns16_r7,16,8,7,fp32,fused,padded,thread_packet,2,16,1,1,2,none,split_quadratic,fused/padded/thread_packet/x2/split_quadratic,16384,1024,1024,33587200,33587200,512,1024,256,3,0,57,4.888512134552002,0.085763370781614071,4101.4482421875,1
2026-08-16T21:24:19Z,NVIDIA H200 NVL,screen,uniform_0_1,gemv,lns,lns16_r7,16,8,7,fp32,fused,padded,thread_packet,2,16,1,1,2,none,split_quadratic,fused/padded/thread_packet/x2/split_quadratic,16384,1024,1024,33587200,33587200,512,1024,256,3,1,57,4.8736639022827148,0.085502875478644116,4101.4482421875,1
2026-08-16T21:24:19Z,NVIDIA H200 NVL,screen,uniform_0_1,gemv,lns,lns16_r7,16,8,7,fp32,fused,padded,thread_packet,2,16,1,1,2,none,split_quadratic,fused/padded/thread_packet/x2/split_quadratic,16384,1024,1024,33587200,33587200,512,1024,256,3,2,57,4.8717122077941895,0.085468635224459466,4101.4482421875,1
2026-08-16T21:24:19Z,NVIDIA H200 NVL,screen,uniform_0_1,dot,lns,lns16_r7,16,8,7,fp32,fused,padded,thread_packet,4,16,1,1,4,none,split_quadratic,fused/padded/thread_packet/x4/split_quadratic,16777216,0,1,67108864,67108864,512,512,256,3,0,52,4.955103874206543,0.095290459119356602,4194552.5,1
2026-08-16T21:24:19Z,NVIDIA H200 NVL,screen,uniform_0_1,dot,lns,lns16_r7,16,8,7,fp32,fused,padded,thread_packet,4,16,1,1,4,none,split_quadratic,fused/padded/thread_packet/x4/split_quadratic,16777216,0,1,67108864,67108864,512,512,256,3,1,52,4.9709439277648926,0.095595075533940241,4194552.5,1
2026-08-16T21:24:19Z,NVIDIA H200 NVL,screen,uniform_0_1,dot,lns,lns16_r7,16,8,7,fp32,fused,padded,thread_packet,4,16,1,1,4,none,split_quadratic,fused/padded/thread_packet/x4/split_quadratic,16777216,0,1,67108864,67108864,512,512,256,3,2,52,4.9514560699462891,0.095220309037428633,4194552.5,1
2026-08-16T21:24:19Z,NVIDIA H200 NVL,screen,uniform_0_1,gemv,lns,lns16_r7,16,8,7,fp32,fused,padded,thread_packet,4,16,1,1,4,none,split_quadratic,fused/padded/thread_packet/x4/split_quadratic,16384,1024,1024,33587200,33587200,512,1024,256,3,0,60,4.8439998626708984,0.08073333104451498,4101.4482421875,1
2026-08-16T21:24:19Z,NVIDIA H200 NVL,screen,uniform_0_1,gemv,lns,lns16_r7,16,8,7,fp32,fused,padded,thread_packet,4,16,1,1,4,none,split_quadratic,fused/padded/thread_packet/x4/split_quadratic,16384,1024,1024,33587200,33587200,512,1024,256,3,1,60,4.8322558403015137,0.080537597338358566,4101.4482421875,1
2026-08-16T21:24:19Z,NVIDIA H200 NVL,screen,uniform_0_1,gemv,lns,lns16_r7,16,8,7,fp32,fused,padded,thread_packet,4,16,1,1,4,none,split_quadratic,fused/padded/thread_packet/x4/split_quadratic,16384,1024,1024,33587200,33587200,512,1024,256,3,2,60,4.8367362022399902,0.080612270037333164,4101.4482421875,1
2026-08-16T21:24:19Z,NVIDIA H200 NVL,screen,uniform_0_1,dot,lns,lns16_r7,16,8,7,fp32,fused,padded,thread_packet,8,16,1,1,8,none,split_quadratic,fused/padded/thread_packet/x8/split_quadratic,16777216,0,1,67108864,67108864,512,512,256,3,0,55,4.9971199035644531,0.090856725519353698,4194552.5,1
2026-08-16T21:24:19Z,NVIDIA H200 NVL,screen,uniform_0_1,dot,lns,lns16_r7,16,8,7,fp32,fused,padded,thread_packet,8,16,1,1,8,none,split_quadratic,fused/padded/thread_packet/x8/split_quadratic,16777216,0,1,67108864,67108864,512,512,256,3,1,55,4.9999041557312012,0.090907348286021844,4194552.5,1
2026-08-16T21:24:19Z,NVIDIA H200 NVL,screen,uniform_0_1,dot,lns,lns16_r7,16,8,7,fp32,fused,padded,thread_packet,8,16,1,1,8,none,split_quadratic,fused/padded/thread_packet/x8/split_quadratic,16777216,0,1,67108864,67108864,512,512,256,3,2,55,4.9988479614257812,0.090888144753196023,4194552.5,1
2026-08-16T21:24:19Z,NVIDIA H200 NVL,screen,uniform_0_1,gemv,lns,lns16_r7,16,8,7,fp32,fused,padded,thread_packet,8,16,1,1,8,none,split_quadratic,fused/padded/thread_packet/x8/split_quadratic,16384,1024,1024,33587200,33587200,512,1024,256,3,0,62,4.8447680473327637,0.078141420118270383,4101.44873046875,1
2026-08-16T21:24:19Z,NVIDIA H200 NVL,screen,uniform_0_1,gemv,lns,lns16_r7,16,8,7,fp32,fused,padded,thread_packet,8,16,1,1,8,none,split_quadratic,fused/padded/thread_packet/x8/split_quadratic,16384,1024,1024,33587200,33587200,512,1024,256,3,1,62,4.842048168182373,0.078097551099715695,4101.44873046875,1
2026-08-16T21:24:19Z,NVIDIA H200 NVL,screen,uniform_0_1,gemv,lns,lns16_r7,16,8,7,fp32,fused,padded,thread_packet,8,16,1,1,8,none,split_quadratic,fused/padded/thread_packet/x8/split_quadratic,16384,1024,1024,33587200,33587200,512,1024,256,3,2,62,4.8458561897277832,0.078158970802061023,4101.44873046875,1
2026-08-16T21:24:19Z,NVIDIA H200 NVL,screen,uniform_0_1,dot,lns,lns16_r7,16,8,7,fp32,ordinary,padded,scalar,1,16,1,1,1,none,split_cubic,ordinary/padded/scalar/x1/split_cubic,16777216,0,1,67108864,67108864,512,512,256,3,0,39,5.0564799308776855,0.12965333156096628,4194552.5,1
2026-08-16T21:24:19Z,NVIDIA H200 NVL,screen,uniform_0_1,dot,lns,lns16_r7,16,8,7,fp32,ordinary,padded,scalar,1,16,1,1,1,none,split_cubic,ordinary/padded/scalar/x1/split_cubic,16777216,0,1,67108864,67108864,512,512,256,3,1,39,5.0548157691955566,0.12961066074860403,4194552.5,1
2026-08-16T21:24:19Z,NVIDIA H200 NVL,screen,uniform_0_1,dot,lns,lns16_r7,16,8,7,fp32,ordinary,padded,scalar,1,16,1,1,1,none,split_cubic,ordinary/padded/scalar/x1/split_cubic,16777216,0,1,67108864,67108864,512,512,256,3,2,39,5.0467839241027832,0.12940471600263548,4194552.5,1
2026-08-16T21:24:19Z,NVIDIA H200 NVL,screen,uniform_0_1,gemv,lns,lns16_r7,16,8,7,fp32,ordinary,padded,scalar,1,16,1,1,1,none,split_cubic,ordinary/padded/scalar/x1/split_cubic,16384,1024,1024,33587200,33587200,512,1024,256,3,0,44,4.9432640075683594,0.11234690926291725,4101.4482421875,1
2026-08-16T21:24:19Z,NVIDIA H200 NVL,screen,uniform_0_1,gemv,lns,lns16_r7,16,8,7,fp32,ordinary,padded,scalar,1,16,1,1,1,none,split_cubic,ordinary/padded/scalar/x1/split_cubic,16384,1024,1024,33587200,33587200,512,1024,256,3,1,44,4.9495038986206055,0.11248872496865013,4101.4482421875,1
2026-08-16T21:24:19Z,NVIDIA H200 NVL,screen,uniform_0_1,gemv,lns,lns16_r7,16,8,7,fp32,ordinary,padded,scalar,1,16,1,1,1,none,split_cubic,ordinary/padded/scalar/x1/split_cubic,16384,1024,1024,33587200,33587200,512,1024,256,3,2,44,4.9429121017456055,0.11233891140330922,4101.4482421875,1
2026-08-16T21:24:19Z,NVIDIA H200 NVL,screen,uniform_0_1,dot,lns,lns16_r7,16,8,7,fp32,ordinary,padded,thread_packet,2,16,1,1,2,none,split_cubic,ordinary/padded/thread_packet/x2/split_cubic,16777216,0,1,67108864,67108864,512,512,256,3,0,39,5.0015039443969727,0.12824369088197365,4194552,1
2026-08-16T21:24:19Z,NVIDIA H200 NVL,screen,uniform_0_1,dot,lns,lns16_r7,16,8,7,fp32,ordinary,padded,thread_packet,2,16,1,1,2,none,split_cubic,ordinary/padded/thread_packet/x2/split_cubic,16777216,0,1,67108864,67108864,512,512,256,3,1,39,4.9915838241577148,0.1279893288245568,4194552,1
2026-08-16T21:24:19Z,NVIDIA H200 NVL,screen,uniform_0_1,dot,lns,lns16_r7,16,8,7,fp32,ordinary,padded,thread_packet,2,16,1,1,2,none,split_cubic,ordinary/padded/thread_packet/x2/split_cubic,16777216,0,1,67108864,67108864,512,512,256,3,2,39,4.9977278709411621,0.12814686848567083,4194552,1
2026-08-16T21:24:19Z,NVIDIA H200 NVL,screen,uniform_0_1,gemv,lns,lns16_r7,16,8,7,fp32,ordinary,padded,thread_packet,2,16,1,1,2,none,split_cubic,ordinary/padded/thread_packet/x2/split_cubic,16384,1024,1024,33587200,33587200,512,1024,256,3,0,46,4.952415943145752,0.10766121615534244,4101.44873046875,1
2026-08-16T21:24:19Z,NVIDIA H200 NVL,screen,uniform_0_1,gemv,lns,lns16_r7,16,8,7,fp32,ordinary,padded,thread_packet,2,16,1,1,2,none,split_cubic,ordinary/padded/thread_packet/x2/split_cubic,16384,1024,1024,33587200,33587200,512,1024,256,3,1,46,4.9489278793334961,0.10758538868116296,4101.44873046875,1
2026-08-16T21:24:19Z,NVIDIA H200 NVL,screen,uniform_0_1,gemv,lns,lns16_r7,16,8,7,fp32,ordinary,padded,thread_packet,2,16,1,1,2,none,split_cubic,ordinary/padded/thread_packet/x2/split_cubic,16384,1024,1024,33587200,33587200,512,1024,256,3,2,46,4.9522237777709961,0.10765703864719557,4101.44873046875,1
2026-08-16T21:24:19Z,NVIDIA H200 NVL,screen,uniform_0_1,dot,lns,lns16_r7,16,8,7,fp32,ordinary,padded,thread_packet,4,16,1,1,4,none,split_cubic,ordinary/padded/thread_packet/x4/split_cubic,16777216,0,1,67108864,67108864,512,512,256,3,0,41,4.9478721618652344,0.12067980882598132,4194552.5,1
2026-08-16T21:24:19Z,NVIDIA H200 NVL,screen,uniform_0_1,dot,lns,lns16_r7,16,8,7,fp32,ordinary,padded,thread_packet,4,16,1,1,4,none,split_cubic,ordinary/padded/thread_packet/x4/split_cubic,16777216,0,1,67108864,67108864,512,512,256,3,1,41,4.9470720291137695,0.12066029339301877,4194552.5,1
2026-08-16T21:24:19Z,NVIDIA H200 NVL,screen,uniform_0_1,dot,lns,lns16_r7,16,8,7,fp32,ordinary,padded,thread_packet,4,16,1,1,4,none,split_cubic,ordinary/padded/thread_packet/x4/split_cubic,16777216,0,1,67108864,67108864,512,512,256,3,2,41,4.9475841522216797,0.12067278420052878,4194552.5,1
2026-08-16T21:24:19Z,NVIDIA H200 NVL,screen,uniform_0_1,gemv,lns,lns16_r7,16,8,7,fp32,ordinary,padded,thread_packet,4,16,1,1,4,none,split_cubic,ordinary/padded/thread_packet/x4/split_cubic,16384,1024,1024,33587200,33587200,512,1024,256,3,0,48,4.9380478858947754,0.10287599762280782,4101.4482421875,1
2026-08-16T21:24:19Z,NVIDIA H200 NVL,screen,uniform_0_1,gemv,lns,lns16_r7,16,8,7,fp32,ordinary,padded,thread_packet,4,16,1,1,4,none,split_cubic,ordinary/padded/thread_packet/x4/split_cubic,16384,1024,1024,33587200,33587200,512,1024,256,3,1,48,4.9293122291564941,0.10269400477409363,4101.4482421875,1
2026-08-16T21:24:19Z,NVIDIA H200 NVL,screen,uniform_0_1,gemv,lns,lns16_r7,16,8,7,fp32,ordinary,padded,thread_packet,4,16,1,1,4,none,split_cubic,ordinary/padded/thread_packet/x4/split_cubic,16384,1024,1024,33587200,33587200,512,1024,256,3,2,48,4.9257922172546387,0.10262067119280498,4101.4482421875,1
2026-08-16T21:24:19Z,NVIDIA H200 NVL,screen,uniform_0_1,dot,lns,lns16_r7,16,8,7,fp32,ordinary,padded,thread_packet,8,16,1,1,8,none,split_cubic,ordinary/padded/thread_packet/x8/split_cubic,16777216,0,1,67108864,67108864,512,512,256,3,0,42,4.9185280799865723,0.11710781142825172,4194552.5,1
2026-08-16T21:24:19Z,NVIDIA H200 NVL,screen,uniform_0_1,dot,lns,lns16_r7,16,8,7,fp32,ordinary,padded,thread_packet,8,16,1,1,8,none,split_cubic,ordinary/padded/thread_packet/x8/split_cubic,16777216,0,1,67108864,67108864,512,512,256,3,1,42,4.9266238212585449,0.1173005671728225,4194552.5,1
2026-08-16T21:24:19Z,NVIDIA H200 NVL,screen,uniform_0_1,dot,lns,lns16_r7,16,8,7,fp32,ordinary,padded,thread_packet,8,16,1,1,8,none,split_cubic,ordinary/padded/thread_packet/x8/split_cubic,16777216,0,1,67108864,67108864,512,512,256,3,2,42,4.9180479049682617,0.11709637868972052,4194552.5,1
2026-08-16T21:24:19Z,NVIDIA H200 NVL,screen,uniform_0_1,gemv,lns,lns16_r7,16,8,7,fp32,ordinary,padded,thread_packet,8,16,1,1,8,none,split_cubic,ordinary/padded/thread_packet/x8/split_cubic,16384,1024,1024,33587200,33587200,512,1024,256,3,0,49,4.9289278984069824,0.10059036527361188,4101.4482421875,1
2026-08-16T21:24:19Z,NVIDIA H200 NVL,screen,uniform_0_1,gemv,lns,lns16_r7,16,8,7,fp32,ordinary,padded,thread_packet,8,16,1,1,8,none,split_cubic,ordinary/padded/thread_packet/x8/split_cubic,16384,1024,1024,33587200,33587200,512,1024,256,3,1,49,4.9478721618652344,0.10097698289520886,4101.4482421875,1
2026-08-16T21:24:19Z,NVIDIA H200 NVL,screen,uniform_0_1,gemv,lns,lns16_r7,16,8,7,fp32,ordinary,padded,thread_packet,8,16,1,1,8,none,split_cubic,ordinary/padded/thread_packet/x8/split_cubic,16384,1024,1024,33587200,33587200,512,1024,256,3,2,49,4.940159797668457,0.10081958770751953,4101.4482421875,1
2026-08-16T21:24:19Z,NVIDIA H200 NVL,screen,uniform_0_1,dot,lns,lns16_r7,16,8,7,fp32,fused,padded,scalar,1,16,1,1,1,none,split_cubic,fused/padded/scalar/x1/split_cubic,16777216,0,1,67108864,67108864,512,512,256,3,0,48,4.9523200988769531,0.10317333539326985,4194552.5,1
2026-08-16T21:24:19Z,NVIDIA H200 NVL,screen,uniform_0_1,dot,lns,lns16_r7,16,8,7,fp32,fused,padded,scalar,1,16,1,1,1,none,split_cubic,fused/padded/scalar/x1/split_cubic,16777216,0,1,67108864,67108864,512,512,256,3,1,48,4.9399361610412598,0.10291533668835957,4194552.5,1
2026-08-16T21:24:19Z,NVIDIA H200 NVL,screen,uniform_0_1,dot,lns,lns16_r7,16,8,7,fp32,fused,padded,scalar,1,16,1,1,1,none,split_cubic,fused/padded/scalar/x1/split_cubic,16777216,0,1,67108864,67108864,512,512,256,3,2,48,4.9384641647338867,0.10288467009862264,4194552.5,1
2026-08-16T21:24:19Z,NVIDIA H200 NVL,screen,uniform_0_1,gemv,lns,lns16_r7,16,8,7,fp32,fused,padded,scalar,1,16,1,1,1,none,split_cubic,fused/padded/scalar/x1/split_cubic,16384,1024,1024,33587200,33587200,512,1024,256,3,0,56,4.9279999732971191,0.087999999523162842,4101.4482421875,1
2026-08-16T21:24:19Z,NVIDIA H200 NVL,screen,uniform_0_1,gemv,lns,lns16_r7,16,8,7,fp32,fused,padded,scalar,1,16,1,1,1,none,split_cubic,fused/padded/scalar/x1/split_cubic,16384,1024,1024,33587200,33587200,512,1024,256,3,1,56,4.9143681526184082,0.087756574153900146,4101.4482421875,1
2026-08-16T21:24:19Z,NVIDIA H200 NVL,screen,uniform_0_1,gemv,lns,lns16_r7,16,8,7,fp32,fused,padded,scalar,1,16,1,1,1,none,split_cubic,fused/padded/scalar/x1/split_cubic,16384,1024,1024,33587200,33587200,512,1024,256,3,2,56,4.9267840385437012,0.087978286402566094,4101.4482421875,1
2026-08-16T21:24:19Z,NVIDIA H200 NVL,screen,uniform_0_1,dot,lns,lns16_r7,16,8,7,fp32,fused,padded,thread_packet,2,16,1,1,2,none,split_cubic,fused/padded/thread_packet/x2/split_cubic,16777216,0,1,67108864,67108864,512,512,256,3,0,48,4.8595199584960938,0.10123999913533528,4194552,1
2026-08-16T21:24:19Z,NVIDIA H200 NVL,screen,uniform_0_1,dot,lns,lns16_r7,16,8,7,fp32,fused,padded,thread_packet,2,16,1,1,2,none,split_cubic,fused/padded/thread_packet/x2/split_cubic,16777216,0,1,67108864,67108864,512,512,256,3,1,48,4.8671679496765137,0.10139933228492737,4194552,1
2026-08-16T21:24:19Z,NVIDIA H200 NVL,screen,uniform_0_1,dot,lns,lns16_r7,16,8,7,fp32,fused,padded,thread_packet,2,16,1,1,2,none,split_cubic,fused/padded/thread_packet/x2/split_cubic,16777216,0,1,67108864,67108864,512,512,256,3,2,48,4.8636798858642578,0.1013266642888387,4194552,1
2026-08-16T21:24:19Z,NVIDIA H200 NVL,screen,uniform_0_1,gemv,lns,lns16_r7,16,8,7,fp32,fused,padded,thread_packet,2,16,1,1,2,none,split_cubic,fused/padded/thread_packet/x2/split_cubic,16384,1024,1024,33587200,33587200,512,1024,256,3,0,58,4.9409918785095215,0.085189515146715883,4101.4482421875,1
2026-08-16T21:24:19Z,NVIDIA H200 NVL,screen,uniform_0_1,gemv,lns,lns16_r7,16,8,7,fp32,fused,padded,thread_packet,2,16,1,1,2,none,split_cubic,fused/padded/thread_packet/x2/split_cubic,16384,1024,1024,33587200,33587200,512,1024,256,3,1,58,4.9433279037475586,0.085229791443923425,4101.4482421875,1
2026-08-16T21:24:19Z,NVIDIA H200 NVL,screen,uniform_0_1,gemv,lns,lns16_r7,16,8,7,fp32,fused,padded,thread_packet,2,16,1,1,2,none,split_cubic,fused/padded/thread_packet/x2/split_cubic,16384,1024,1024,33587200,33587200,512,1024,256,3,2,58,4.9380478858947754,0.085138756653358197,4101.4482421875,1
2026-08-16T21:24:19Z,NVIDIA H200 NVL,screen,uniform_0_1,dot,lns,lns16_r7,16,8,7,fp32,fused,padded,thread_packet,4,16,1,1,4,none,split_cubic,fused/padded/thread_packet/x4/split_cubic,16777216,0,1,67108864,67108864,512,512,256,3,0,53,4.9876799583435059,0.094107169025349172,4194552.5,1
2026-08-16T21:24:19Z,NVIDIA H200 NVL,screen,uniform_0_1,dot,lns,lns16_r7,16,8,7,fp32,fused,padded,thread_packet,4,16,1,1,4,none,split_cubic,fused/padded/thread_packet/x4/split_cubic,16777216,0,1,67108864,67108864,512,512,256,3,1,53,5.0010237693786621,0.094358939044880422,4194552.5,1
2026-08-16T21:24:19Z,NVIDIA H200 NVL,screen,uniform_0_1,dot,lns,lns16_r7,16,8,7,fp32,fused,padded,thread_packet,4,16,1,1,4,none,split_cubic,fused/padded/thread_packet/x4/split_cubic,16777216,0,1,67108864,67108864,512,512,256,3,2,53,4.990272045135498,0.094156076323311286,4194552.5,1
2026-08-16T21:24:19Z,NVIDIA H200 NVL,screen,uniform_0_1,gemv,lns,lns16_r7,16,8,7,fp32,fused,padded,thread_packet,4,16,1,1,4,none,split_cubic,fused/padded/thread_packet/x4/split_cubic,16384,1024,1024,33587200,33587200,512,1024,256,3,0,61,4.906400203704834,0.080432790224669412,4101.4482421875,1
2026-08-16T21:24:19Z,NVIDIA H200 NVL,screen,uniform_0_1,gemv,lns,lns16_r7,16,8,7,fp32,fused,padded,thread_packet,4,16,1,1,4,none,split_cubic,fused/padded/thread_packet/x4/split_cubic,16384,1024,1024,33587200,33587200,512,1024,256,3,1,61,4.9048957824707031,0.080408127581486938,4101.4482421875,1
2026-08-16T21:24:19Z,NVIDIA H200 NVL,screen,uniform_0_1,gemv,lns,lns16_r7,16,8,7,fp32,fused,padded,thread_packet,4,16,1,1,4,none,split_cubic,fused/padded/thread_packet/x4/split_cubic,16384,1024,1024,33587200,33587200,512,1024,256,3,2,61,4.9108481407165527,0.080505707224861514,4101.4482421875,1
2026-08-16T21:24:19Z,NVIDIA H200 NVL,screen,uniform_0_1,dot,lns,lns16_r7,16,8,7,fp32,fused,padded,thread_packet,8,16,1,1,8,none,split_cubic,fused/padded/thread_packet/x8/split_cubic,16777216,0,1,67108864,67108864,512,512,256,3,0,54,4.915071964263916,0.091019851190072512,4194552.5,1
2026-08-16T21:24:19Z,NVIDIA H200 NVL,screen,uniform_0_1,dot,lns,lns16_r7,16,8,7,fp32,fused,padded,thread_packet,8,16,1,1,8,none,split_cubic,fused/padded/thread_packet/x8/split_cubic,16777216,0,1,67108864,67108864,512,512,256,3,1,54,4.9148478507995605,0.091015700940732608,4194552.5,1
2026-08-16T21:24:19Z,NVIDIA H200 NVL,screen,uniform_0_1,dot,lns,lns16_r7,16,8,7,fp32,fused,padded,thread_packet,8,16,1,1,8,none,split_cubic,fused/padded/thread_packet/x8/split_cubic,16777216,0,1,67108864,67108864,512,512,256,3,2,54,4.8949761390686035,0.09064770627904821,4194552.5,1
2026-08-16T21:24:19Z,NVIDIA H200 NVL,screen,uniform_0_1,gemv,lns,lns16_r7,16,8,7,fp32,fused,padded,thread_packet,8,16,1,1,8,none,split_cubic,fused/padded/thread_packet/x8/split_cubic,16384,1024,1024,33587200,33587200,512,1024,256,3,0,62,4.8549442291259766,0.078305552082677046,4101.44873046875,1
2026-08-16T21:24:19Z,NVIDIA H200 NVL,screen,uniform_0_1,gemv,lns,lns16_r7,16,8,7,fp32,fused,padded,thread_packet,8,16,1,1,8,none,split_cubic,fused/padded/thread_packet/x8/split_cubic,16384,1024,1024,33587200,33587200,512,1024,256,3,1,62,4.8426241874694824,0.078106841733378743,4101.44873046875,1
2026-08-16T21:24:19Z,NVIDIA H200 NVL,screen,uniform_0_1,gemv,lns,lns16_r7,16,8,7,fp32,fused,padded,thread_packet,8,16,1,1,8,none,split_cubic,fused/padded/thread_packet/x8/split_cubic,16384,1024,1024,33587200,33587200,512,1024,256,3,2,62,4.8419837951660156,0.078096512825258313,4101.44873046875,1
2026-08-16T21:24:19Z,NVIDIA H200 NVL,screen,uniform_0_1,dot,lns,lns16_r7,16,8,7,fp32,fused,padded,scalar,1,16,1,1,1,none,fused_sum_lut_global,fused/padded/scalar/x1/fused_sum_lut_global,16777216,0,1,67108864,67108864,262144,512,256,3,0,58,5.0128002166748047,0.086427589942669053,4194552.5,1
2026-08-16T21:24:19Z,NVIDIA H200 NVL,screen,uniform_0_1,dot,lns,lns16_r7,16,8,7,fp32,fused,padded,scalar,1,16,1,1,1,none,fused_sum_lut_global,fused/padded/scalar/x1/fused_sum_lut_global,16777216,0,1,67108864,67108864,262144,512,256,3,1,58,4.9996480941772461,0.08620082920995252,4194552.5,1
2026-08-16T21:24:19Z,NVIDIA H200 NVL,screen,uniform_0_1,dot,lns,lns16_r7,16,8,7,fp32,fused,padded,scalar,1,16,1,1,1,none,fused_sum_lut_global,fused/padded/scalar/x1/fused_sum_lut_global,16777216,0,1,67108864,67108864,262144,512,256,3,2,58,4.9974398612976074,0.086162756229269097,4194552.5,1
2026-08-16T21:24:19Z,NVIDIA H200 NVL,screen,uniform_0_1,gemv,lns,lns16_r7,16,8,7,fp32,fused,padded,scalar,1,16,1,1,1,none,fused_sum_lut_global,fused/padded/scalar/x1/fused_sum_lut_global,16384,1024,1024,33587200,33587200,262144,1024,256,3,0,79,4.8385920524597168,0.06124800066404705,4101.4482421875,1
2026-08-16T21:24:19Z,NVIDIA H200 NVL,screen,uniform_0_1,gemv,lns,lns16_r7,16,8,7,fp32,fused,padded,scalar,1,16,1,1,1,none,fused_sum_lut_global,fused/padded/scalar/x1/fused_sum_lut_global,16384,1024,1024,33587200,33587200,262144,1024,256,3,1,79,4.8316478729248047,0.061160099657276007,4101.4482421875,1
2026-08-16T21:24:19Z,NVIDIA H200 NVL,screen,uniform_0_1,gemv,lns,lns16_r7,16,8,7,fp32,fused,padded,scalar,1,16,1,1,1,none,fused_sum_lut_global,fused/padded/scalar/x1/fused_sum_lut_global,16384,1024,1024,33587200,33587200,262144,1024,256,3,2,79,4.8329281806945801,0.061176306084741519,4101.4482421875,1
2026-08-16T21:24:19Z,NVIDIA H200 NVL,screen,uniform_0_1,dot,lns,lns16_r7,16,8,7,fp32,fused,padded,thread_packet,2,16,1,1,2,none,fused_sum_lut_global,fused/padded/thread_packet/x2/fused_sum_lut_global,16777216,0,1,67108864,67108864,262144,512,256,3,0,71,4.978975772857666,0.070126419336023468,4194552,1
2026-08-16T21:24:19Z,NVIDIA H200 NVL,screen,uniform_0_1,dot,lns,lns16_r7,16,8,7,fp32,fused,padded,thread_packet,2,16,1,1,2,none,fused_sum_lut_global,fused/padded/thread_packet/x2/fused_sum_lut_global,16777216,0,1,67108864,67108864,262144,512,256,3,1,71,4.987584114074707,0.070247663578517,4194552,1
2026-08-16T21:24:19Z,NVIDIA H200 NVL,screen,uniform_0_1,dot,lns,lns16_r7,16,8,7,fp32,fused,padded,thread_packet,2,16,1,1,2,none,fused_sum_lut_global,fused/padded/thread_packet/x2/fused_sum_lut_global,16777216,0,1,67108864,67108864,262144,512,256,3,2,71,4.9879360198974609,0.070252619998555782,4194552,1
2026-08-16T21:24:19Z,NVIDIA H200 NVL,screen,uniform_0_1,gemv,lns,lns16_r7,16,8,7,fp32,fused,padded,thread_packet,2,16,1,1,2,none,fused_sum_lut_global,fused/padded/thread_packet/x2/fused_sum_lut_global,16384,1024,1024,33587200,33587200,262144,1024,256,3,0,84,4.760159969329834,0.056668571063450406,4101.4482421875,1
2026-08-16T21:24:19Z,NVIDIA H200 NVL,screen,uniform_0_1,gemv,lns,lns16_r7,16,8,7,fp32,fused,padded,thread_packet,2,16,1,1,2,none,fused_sum_lut_global,fused/padded/thread_packet/x2/fused_sum_lut_global,16384,1024,1024,33587200,33587200,262144,1024,256,3,1,84,4.757472038269043,0.056636571884155273,4101.4482421875,1
2026-08-16T21:24:19Z,NVIDIA H200 NVL,screen,uniform_0_1,gemv,lns,lns16_r7,16,8,7,fp32,fused,padded,thread_packet,2,16,1,1,2,none,fused_sum_lut_global,fused/padded/thread_packet/x2/fused_sum_lut_global,16384,1024,1024,33587200,33587200,262144,1024,256,3,2,84,4.7591037750244141,0.056655997321719213,4101.4482421875,1
2026-08-16T21:24:19Z,NVIDIA H200 NVL,screen,uniform_0_1,dot,lns,lns16_r7,16,8,7,fp32,fused,padded,thread_packet,4,16,1,1,4,none,fused_sum_lut_global,fused/padded/thread_packet/x4/fused_sum_lut_global,16777216,0,1,67108864,67108864,262144,512,256,3,0,80,4.9944958686828613,0.062431198358535764,4194552.5,1
2026-08-16T21:24:19Z,NVIDIA H200 NVL,screen,uniform_0_1,dot,lns,lns16_r7,16,8,7,fp32,fused,padded,thread_packet,4,16,1,1,4,none,fused_sum_lut_global,fused/padded/thread_packet/x4/fused_sum_lut_global,16777216,0,1,67108864,67108864,262144,512,256,3,1,80,4.9880962371826172,0.062351202964782713,4194552.5,1
2026-08-16T21:24:19Z,NVIDIA H200 NVL,screen,uniform_0_1,dot,lns,lns16_r7,16,8,7,fp32,fused,padded,thread_packet,4,16,1,1,4,none,fused_sum_lut_global,fused/padded/thread_packet/x4/fused_sum_lut_global,16777216,0,1,67108864,67108864,262144,512,256,3,2,80,4.9897918701171875,0.062372398376464841,4194552.5,1
2026-08-16T21:24:19Z,NVIDIA H200 NVL,screen,uniform_0_1,gemv,lns,lns16_r7,16,8,7,fp32,fused,padded,thread_packet,4,16,1,1,4,none,fused_sum_lut_global,fused/padded/thread_packet/x4/fused_sum_lut_global,16384,1024,1024,33587200,33587200,262144,1024,256,3,0,92,4.8272318840026855,0.052469911782637886,4101.4482421875,1
2026-08-16T21:24:19Z,NVIDIA H200 NVL,screen,uniform_0_1,gemv,lns,lns16_r7,16,8,7,fp32,fused,padded,thread_packet,4,16,1,1,4,none,fused_sum_lut_global,fused/padded/thread_packet/x4/fused_sum_lut_global,16384,1024,1024,33587200,33587200,262144,1024,256,3,1,92,4.8282561302185059,0.052481044893679413,4101.4482421875,1
2026-08-16T21:24:19Z,NVIDIA H200 NVL,screen,uniform_0_1,gemv,lns,lns16_r7,16,8,7,fp32,fused,padded,thread_packet,4,16,1,1,4,none,fused_sum_lut_global,fused/padded/thread_packet/x4/fused_sum_lut_global,16384,1024,1024,33587200,33587200,262144,1024,256,3,2,92,4.8271999359130859,0.052469564520794411,4101.4482421875,1
2026-08-16T21:24:19Z,NVIDIA H200 NVL,screen,uniform_0_1,dot,lns,lns16_r7,16,8,7,fp32,fused,padded,thread_packet,8,16,1,1,8,none,fused_sum_lut_global,fused/padded/thread_packet/x8/fused_sum_lut_global,16777216,0,1,67108864,67108864,262144,512,256,3,0,82,4.8711037635803223,0.059403704433906371,4194552.5,1
2026-08-16T21:24:19Z,NVIDIA H200 NVL,screen,uniform_0_1,dot,lns,lns16_r7,16,8,7,fp32,fused,padded,thread_packet,8,16,1,1,8,none,fused_sum_lut_global,fused/padded/thread_packet/x8/fused_sum_lut_global,16777216,0,1,67108864,67108864,262144,512,256,3,1,82,4.8746237754821777,0.059446631408319239,4194552.5,1
2026-08-16T21:24:19Z,NVIDIA H200 NVL,screen,uniform_0_1,dot,lns,lns16_r7,16,8,7,fp32,fused,padded,thread_packet,8,16,1,1,8,none,fused_sum_lut_global,fused/padded/thread_packet/x8/fused_sum_lut_global,16777216,0,1,67108864,67108864,262144,512,256,3,2,82,4.888160228729248,0.059611710106454247,4194552.5,1
2026-08-16T21:24:19Z,NVIDIA H200 NVL,screen,uniform_0_1,gemv,lns,lns16_r7,16,8,7,fp32,fused,padded,thread_packet,8,16,1,1,8,none,fused_sum_lut_global,fused/padded/thread_packet/x8/fused_sum_lut_global,16384,1024,1024,33587200,33587200,262144,1024,256,3,0,96,4.8182401657104492,0.050190001726150513,4101.44873046875,1
2026-08-16T21:24:19Z,NVIDIA H200 NVL,screen,uniform_0_1,gemv,lns,lns16_r7,16,8,7,fp32,fused,padded,thread_packet,8,16,1,1,8,none,fused_sum_lut_global,fused/padded/thread_packet/x8/fused_sum_lut_global,16384,1024,1024,33587200,33587200,262144,1024,256,3,1,96,4.8191680908203125,0.050199667612711586,4101.44873046875,1
2026-08-16T21:24:19Z,NVIDIA H200 NVL,screen,uniform_0_1,gemv,lns,lns16_r7,16,8,7,fp32,fused,padded,thread_packet,8,16,1,1,8,none,fused_sum_lut_global,fused/padded/thread_packet/x8/fused_sum_lut_global,16384,1024,1024,33587200,33587200,262144,1024,256,3,2,96,4.8194880485534668,0.050203000505765281,4101.44873046875,1
2026-08-16T21:24:19Z,NVIDIA H200 NVL,screen,uniform_0_1,dot,lns,lns16_r7,16,8,7,fp64,ordinary,padded,scalar,1,16,1,1,1,none,reference_exp2,ordinary/padded/scalar/x1/reference_exp2,16777216,0,1,67108864,67108864,0,512,256,3,0,39,4.9391040802001953,0.12664369436410758,4194552.4799128547,1
2026-08-16T21:24:19Z,NVIDIA H200 NVL,screen,uniform_0_1,dot,lns,lns16_r7,16,8,7,fp64,ordinary,padded,scalar,1,16,1,1,1,none,reference_exp2,ordinary/padded/scalar/x1/reference_exp2,16777216,0,1,67108864,67108864,0,512,256,3,1,39,4.9404158592224121,0.12667732972365159,4194552.4799128547,1
2026-08-16T21:24:19Z,NVIDIA H200 NVL,screen,uniform_0_1,dot,lns,lns16_r7,16,8,7,fp64,ordinary,padded,scalar,1,16,1,1,1,none,reference_exp2,ordinary/padded/scalar/x1/reference_exp2,16777216,0,1,67108864,67108864,0,512,256,3,2,39,4.9323840141296387,0.12647138497768304,4194552.4799128547,1
2026-08-16T21:24:19Z,NVIDIA H200 NVL,screen,uniform_0_1,gemv,lns,lns16_r7,16,8,7,fp64,ordinary,padded,scalar,1,16,1,1,1,none,reference_exp2,ordinary/padded/scalar/x1/reference_exp2,16384,1024,1024,33587200,33587200,0,1024,256,3,0,45,4.9739518165588379,0.1105322625901964,4101.448398307848,1
2026-08-16T21:24:19Z,NVIDIA H200 NVL,screen,uniform_0_1,gemv,lns,lns16_r7,16,8,7,fp64,ordinary,padded,scalar,1,16,1,1,1,none,reference_exp2,ordinary/padded/scalar/x1/reference_exp2,16384,1024,1024,33587200,33587200,0,1024,256,3,1,45,4.9785599708557129,0.11063466601901584,4101.448398307848,1
2026-08-16T21:24:19Z,NVIDIA H200 NVL,screen,uniform_0_1,gemv,lns,lns16_r7,16,8,7,fp64,ordinary,padded,scalar,1,16,1,1,1,none,reference_exp2,ordinary/padded/scalar/x1/reference_exp2,16384,1024,1024,33587200,33587200,0,1024,256,3,2,45,4.9687042236328125,0.1104156494140625,4101.448398307848,1
2026-08-16T21:24:19Z,NVIDIA H200 NVL,screen,uniform_0_1,dot,lns,lns16_r7,16,8,7,fp64,fused,padded,scalar,1,16,1,1,1,none,reference_exp2,fused/padded/scalar/x1/reference_exp2,16777216,0,1,67108864,67108864,0,512,256,3,0,48,4.9047999382019043,0.102183332045873,4194552.4799128547,1
2026-08-16T21:24:19Z,NVIDIA H200 NVL,screen,uniform_0_1,dot,lns,lns16_r7,16,8,7,fp64,fused,padded,scalar,1,16,1,1,1,none,reference_exp2,fused/padded/scalar/x1/reference_exp2,16777216,0,1,67108864,67108864,0,512,256,3,1,48,4.9123201370239258,0.10234000285466512,4194552.4799128547,1
2026-08-16T21:24:19Z,NVIDIA H200 NVL,screen,uniform_0_1,dot,lns,lns16_r7,16,8,7,fp64,fused,padded,scalar,1,16,1,1,1,none,reference_exp2,fused/padded/scalar/x1/reference_exp2,16777216,0,1,67108864,67108864,0,512,256,3,2,48,4.9020800590515137,0.10212666789690654,4194552.4799128547,1
2026-08-16T21:24:19Z,NVIDIA H200 NVL,screen,uniform_0_1,gemv,lns,lns16_r7,16,8,7,fp64,fused,padded,scalar,1,16,1,1,1,none,reference_exp2,fused/padded/scalar/x1/reference_exp2,16384,1024,1024,33587200,33587200,0,1024,256,3,0,60,4.852992057800293,0.080883200963338217,4101.448398307848,1
2026-08-16T21:24:19Z,NVIDIA H200 NVL,screen,uniform_0_1,gemv,lns,lns16_r7,16,8,7,fp64,fused,padded,scalar,1,16,1,1,1,none,reference_exp2,fused/padded/scalar/x1/reference_exp2,16384,1024,1024,33587200,33587200,0,1024,256,3,1,60,4.8269438743591309,0.080449064572652176,4101.448398307848,1
2026-08-16T21:24:19Z,NVIDIA H200 NVL,screen,uniform_0_1,gemv,lns,lns16_r7,16,8,7,fp64,fused,padded,scalar,1,16,1,1,1,none,reference_exp2,fused/padded/scalar/x1/reference_exp2,16384,1024,1024,33587200,33587200,0,1024,256,3,2,60,4.828671932220459,0.080477865537007656,4101.448398307848,1
2026-08-16T21:24:19Z,NVIDIA H200 NVL,screen,uniform_0_1,dot,lns,lns16_r7,16,8,7,fp64,ordinary,padded,scalar,1,16,1,1,1,none,ex2_approx,ordinary/padded/scalar/x1/ex2_approx,16777216,0,1,67108864,67108864,0,512,256,3,0,56,4.9245438575744629,0.087938283170972548,4194551.9616985545,1
2026-08-16T21:24:19Z,NVIDIA H200 NVL,screen,uniform_0_1,dot,lns,lns16_r7,16,8,7,fp64,ordinary,padded,scalar,1,16,1,1,1,none,ex2_approx,ordinary/padded/scalar/x1/ex2_approx,16777216,0,1,67108864,67108864,0,512,256,3,1,56,4.9257278442382812,0.087959425789969306,4194551.9616985545,1
2026-08-16T21:24:19Z,NVIDIA H200 NVL,screen,uniform_0_1,dot,lns,lns16_r7,16,8,7,fp64,ordinary,padded,scalar,1,16,1,1,1,none,ex2_approx,ordinary/padded/scalar/x1/ex2_approx,16777216,0,1,67108864,67108864,0,512,256,3,2,56,4.9303040504455566,0.088041143757956367,4194551.9616985545,1
2026-08-16T21:24:19Z,NVIDIA H200 NVL,screen,uniform_0_1,gemv,lns,lns16_r7,16,8,7,fp64,ordinary,padded,scalar,1,16,1,1,1,none,ex2_approx,ordinary/padded/scalar/x1/ex2_approx,16384,1024,1024,33587200,33587200,0,1024,256,3,0,83,4.8233599662780762,0.058112770678049111,4101.4478930936475,1
2026-08-16T21:24:19Z,NVIDIA H200 NVL,screen,uniform_0_1,gemv,lns,lns16_r7,16,8,7,fp64,ordinary,padded,scalar,1,16,1,1,1,none,ex2_approx,ordinary/padded/scalar/x1/ex2_approx,16384,1024,1024,33587200,33587200,0,1024,256,3,1,83,4.8254718780517578,0.058138215398213948,4101.4478930936475,1
2026-08-16T21:24:19Z,NVIDIA H200 NVL,screen,uniform_0_1,gemv,lns,lns16_r7,16,8,7,fp64,ordinary,padded,scalar,1,16,1,1,1,none,ex2_approx,ordinary/padded/scalar/x1/ex2_approx,16384,1024,1024,33587200,33587200,0,1024,256,3,2,83,4.8244161605834961,0.058125495910644531,4101.4478930936475,1
2026-08-16T21:24:19Z,NVIDIA H200 NVL,screen,uniform_0_1,dot,lns,lns16_r7,16,8,7,fp64,ordinary,padded,thread_packet,2,16,1,1,2,none,ex2_approx,ordinary/padded/thread_packet/x2/ex2_approx,16777216,0,1,67108864,67108864,0,512,256,3,0,69,4.9806718826293945,0.072183650472889771,4194551.9616985545,1
2026-08-16T21:24:19Z,NVIDIA H200 NVL,screen,uniform_0_1,dot,lns,lns16_r7,16,8,7,fp64,ordinary,padded,thread_packet,2,16,1,1,2,none,ex2_approx,ordinary/padded/thread_packet/x2/ex2_approx,16777216,0,1,67108864,67108864,0,512,256,3,1,69,4.9877758026123047,0.072286605834960938,4194551.9616985545,1
2026-08-16T21:24:19Z,NVIDIA H200 NVL,screen,uniform_0_1,dot,lns,lns16_r7,16,8,7,fp64,ordinary,padded,thread_packet,2,16,1,1,2,none,ex2_approx,ordinary/padded/thread_packet/x2/ex2_approx,16777216,0,1,67108864,67108864,0,512,256,3,2,69,4.9813442230224609,0.072193394536557404,4194551.9616985545,1
2026-08-16T21:24:19Z,NVIDIA H200 NVL,screen,uniform_0_1,gemv,lns,lns16_r7,16,8,7,fp64,ordinary,padded,thread_packet,2,16,1,1,2,none,ex2_approx,ordinary/padded/thread_packet/x2/ex2_approx,16384,1024,1024,33587200,33587200,0,1024,256,3,0,88,4.8208317756652832,0.054782179268923675,4101.4478930936466,1
2026-08-16T21:24:19Z,NVIDIA H200 NVL,screen,uniform_0_1,gemv,lns,lns16_r7,16,8,7,fp64,ordinary,padded,thread_packet,2,16,1,1,2,none,ex2_approx,ordinary/padded/thread_packet/x2/ex2_approx,16384,1024,1024,33587200,33587200,0,1024,256,3,1,88,4.8224000930786133,0.054800001057711517,4101.4478930936466,1
2026-08-16T21:24:19Z,NVIDIA H200 NVL,screen,uniform_0_1,gemv,lns,lns16_r7,16,8,7,fp64,ordinary,padded,thread_packet,2,16,1,1,2,none,ex2_approx,ordinary/padded/thread_packet/x2/ex2_approx,16384,1024,1024,33587200,33587200,0,1024,256,3,2,88,4.8215360641479492,0.054790182547135788,4101.4478930936466,1
2026-08-16T21:24:19Z,NVIDIA H200 NVL,screen,uniform_0_1,dot,lns,lns16_r7,16,8,7,fp64,ordinary,padded,thread_packet,4,16,1,1,4,none,ex2_approx,ordinary/padded/thread_packet/x4/ex2_approx,16777216,0,1,67108864,67108864,0,512,256,3,0,79,4.8711681365966797,0.061660356159451639,4194551.9616985545,1
2026-08-16T21:24:19Z,NVIDIA H200 NVL,screen,uniform_0_1,dot,lns,lns16_r7,16,8,7,fp64,ordinary,padded,thread_packet,4,16,1,1,4,none,ex2_approx,ordinary/padded/thread_packet/x4/ex2_approx,16777216,0,1,67108864,67108864,0,512,256,3,1,79,4.8720641136169434,0.0616716976407208,4194551.9616985545,1
2026-08-16T21:24:19Z,NVIDIA H200 NVL,screen,uniform_0_1,dot,lns,lns16_r7,16,8,7,fp64,ordinary,padded,thread_packet,4,16,1,1,4,none,ex2_approx,ordinary/padded/thread_packet/x4/ex2_approx,16777216,0,1,67108864,67108864,0,512,256,3,2,79,4.8646078109741211,0.061577314062963559,4194551.9616985545,1
2026-08-16T21:24:19Z,NVIDIA H200 NVL,screen,uniform_0_1,gemv,lns,lns16_r7,16,8,7,fp64,ordinary,padded,thread_packet,4,16,1,1,4,none,ex2_approx,ordinary/padded/thread_packet/x4/ex2_approx,16384,1024,1024,33587200,33587200,0,1024,256,3,0,94,4.7902722358703613,0.050960342934791077,4101.4478930936475,1
2026-08-16T21:24:19Z,NVIDIA H200 NVL,screen,uniform_0_1,gemv,lns,lns16_r7,16,8,7,fp64,ordinary,padded,thread_packet,4,16,1,1,4,none,ex2_approx,ordinary/padded/thread_packet/x4/ex2_approx,16384,1024,1024,33587200,33587200,0,1024,256,3,1,94,4.7848639488220215,0.050902807966191718,4101.4478930936475,1
2026-08-16T21:24:19Z,NVIDIA H200 NVL,screen,uniform_0_1,gemv,lns,lns16_r7,16,8,7,fp64,ordinary,padded,thread_packet,4,16,1,1,4,none,ex2_approx,ordinary/padded/thread_packet/x4/ex2_approx,16384,1024,1024,33587200,33587200,0,1024,256,3,2,94,4.7814397811889648,0.050866380650946431,4101.4478930936475,1
2026-08-16T21:24:19Z,NVIDIA H200 NVL,screen,uniform_0_1,dot,lns,lns16_r7,16,8,7,fp64,ordinary,padded,thread_packet,8,16,1,1,8,none,ex2_approx,ordinary/padded/thread_packet/x8/ex2_approx,16777216,0,1,67108864,67108864,0,512,256,3,0,84,4.8862080574035645,0.058169143540518622,4194551.9616985545,1
2026-08-16T21:24:19Z,NVIDIA H200 NVL,screen,uniform_0_1,dot,lns,lns16_r7,16,8,7,fp64,ordinary,padded,thread_packet,8,16,1,1,8,none,ex2_approx,ordinary/padded/thread_packet/x8/ex2_approx,16777216,0,1,67108864,67108864,0,512,256,3,1,84,4.8836479187011719,0.058138665698823477,4194551.9616985545,1
2026-08-16T21:24:19Z,NVIDIA H200 NVL,screen,uniform_0_1,dot,lns,lns16_r7,16,8,7,fp64,ordinary,padded,thread_packet,8,16,1,1,8,none,ex2_approx,ordinary/padded/thread_packet/x8/ex2_approx,16777216,0,1,67108864,67108864,0,512,256,3,2,84,4.8832321166992188,0.058133715674990698,4194551.9616985545,1
2026-08-16T21:24:19Z,NVIDIA H200 NVL,screen,uniform_0_1,gemv,lns,lns16_r7,16,8,7,fp64,ordinary,padded,thread_packet,8,16,1,1,8,none,ex2_approx,ordinary/padded/thread_packet/x8/ex2_approx,16384,1024,1024,33587200,33587200,0,1024,256,3,0,97,4.787168025970459,0.0493522476904171,4101.4478930936466,1
2026-08-16T21:24:19Z,NVIDIA H200 NVL,screen,uniform_0_1,gemv,lns,lns16_r7,16,8,7,fp64,ordinary,padded,thread_packet,8,16,1,1,8,none,ex2_approx,ordinary/padded/thread_packet/x8/ex2_approx,16384,1024,1024,33587200,33587200,0,1024,256,3,1,97,4.784639835357666,0.049326183869666661,4101.4478930936466,1
2026-08-16T21:24:19Z,NVIDIA H200 NVL,screen,uniform_0_1,gemv,lns,lns16_r7,16,8,7,fp64,ordinary,padded,thread_packet,8,16,1,1,8,none,ex2_approx,ordinary/padded/thread_packet/x8/ex2_approx,16384,1024,1024,33587200,33587200,0,1024,256,3,2,97,4.7886719703674316,0.049367752271829192,4101.4478930936466,1
2026-08-16T21:24:19Z,NVIDIA H200 NVL,screen,uniform_0_1,dot,lns,lns16_r7,16,8,7,fp64,fused,padded,scalar,1,16,1,1,1,none,ex2_approx,fused/padded/scalar/x1/ex2_approx,16777216,0,1,67108864,67108864,0,512,256,3,0,56,4.956416130065918,0.088507430894034247,4194552.233730224,1
2026-08-16T21:24:19Z,NVIDIA H200 NVL,screen,uniform_0_1,dot,lns,lns16_r7,16,8,7,fp64,fused,padded,scalar,1,16,1,1,1,none,ex2_approx,fused/padded/scalar/x1/ex2_approx,16777216,0,1,67108864,67108864,0,512,256,3,1,56,4.9549441337585449,0.0884811452456883,4194552.233730224,1
2026-08-16T21:24:19Z,NVIDIA H200 NVL,screen,uniform_0_1,dot,lns,lns16_r7,16,8,7,fp64,fused,padded,scalar,1,16,1,1,1,none,ex2_approx,fused/padded/scalar/x1/ex2_approx,16777216,0,1,67108864,67108864,0,512,256,3,2,56,4.9658241271972656,0.088675430842808309,4194552.233730224,1
2026-08-16T21:24:19Z,NVIDIA H200 NVL,screen,uniform_0_1,gemv,lns,lns16_r7,16,8,7,fp64,fused,padded,scalar,1,16,1,1,1,none,ex2_approx,fused/padded/scalar/x1/ex2_approx,16384,1024,1024,33587200,33587200,0,1024,256,3,0,82,4.8171520233154297,0.058745756381895484,4101.4481564194266,1
2026-08-16T21:24:19Z,NVIDIA H200 NVL,screen,uniform_0_1,gemv,lns,lns16_r7,16,8,7,fp64,fused,padded,scalar,1,16,1,1,1,none,ex2_approx,fused/padded/scalar/x1/ex2_approx,16384,1024,1024,33587200,33587200,0,1024,256,3,1,82,4.8180480003356934,0.058756682930923093,4101.4481564194266,1
2026-08-16T21:24:19Z,NVIDIA H200 NVL,screen,uniform_0_1,gemv,lns,lns16_r7,16,8,7,fp64,fused,padded,scalar,1,16,1,1,1,none,ex2_approx,fused/padded/scalar/x1/ex2_approx,16384,1024,1024,33587200,33587200,0,1024,256,3,2,82,4.8121280670166016,0.058684488622153676,4101.4481564194266,1
2026-08-16T21:24:19Z,NVIDIA H200 NVL,screen,uniform_0_1,dot,lns,lns16_r7,16,8,7,fp64,fused,padded,thread_packet,2,16,1,1,2,none,ex2_approx,fused/padded/thread_packet/x2/ex2_approx,16777216,0,1,67108864,67108864,0,512,256,3,0,65,4.8387517929077148,0.074442335275503299,4194552.233730224,1
2026-08-16T21:24:19Z,NVIDIA H200 NVL,screen,uniform_0_1,dot,lns,lns16_r7,16,8,7,fp64,fused,padded,thread_packet,2,16,1,1,2,none,ex2_approx,fused/padded/thread_packet/x2/ex2_approx,16777216,0,1,67108864,67108864,0,512,256,3,1,65,4.8431038856506348,0.074509290548471302,4194552.233730224,1
2026-08-16T21:24:19Z,NVIDIA H200 NVL,screen,uniform_0_1,dot,lns,lns16_r7,16,8,7,fp64,fused,padded,thread_packet,2,16,1,1,2,none,ex2_approx,fused/padded/thread_packet/x2/ex2_approx,16777216,0,1,67108864,67108864,0,512,256,3,2,65,4.8430719375610352,0.074508799039400539,4194552.233730224,1
2026-08-16T21:24:19Z,NVIDIA H200 NVL,screen,uniform_0_1,gemv,lns,lns16_r7,16,8,7,fp64,fused,padded,thread_packet,2,16,1,1,2,none,ex2_approx,fused/padded/thread_packet/x2/ex2_approx,16384,1024,1024,33587200,33587200,0,1024,256,3,0,83,4.8194561004638672,0.058065736150167073,4101.4481564194266,1
2026-08-16T21:24:19Z,NVIDIA H200 NVL,screen,uniform_0_1,gemv,lns,lns16_r7,16,8,7,fp64,fused,padded,thread_packet,2,16,1,1,2,none,ex2_approx,fused/padded/thread_packet/x2/ex2_approx,16384,1024,1024,33587200,33587200,0,1024,256,3,1,83,4.8112640380859375,0.05796703660344503,4101.4481564194266,1
2026-08-16T21:24:19Z,NVIDIA H200 NVL,screen,uniform_0_1,gemv,lns,lns16_r7,16,8,7,fp64,fused,padded,thread_packet,2,16,1,1,2,none,ex2_approx,fused/padded/thread_packet/x2/ex2_approx,16384,1024,1024,33587200,33587200,0,1024,256,3,2,83,4.8110079765319824,0.057963951524481715,4101.4481564194266,1
2026-08-16T21:24:19Z,NVIDIA H200 NVL,screen,uniform_0_1,dot,lns,lns16_r7,16,8,7,fp64,fused,padded,thread_packet,4,16,1,1,4,none,ex2_approx,fused/padded/thread_packet/x4/ex2_approx,16777216,0,1,67108864,67108864,0,512,256,3,0,77,4.9681921005249023,0.064521975331492232,4194552.233730223,1
2026-08-16T21:24:19Z,NVIDIA H200 NVL,screen,uniform_0_1,dot,lns,lns16_r7,16,8,7,fp64,fused,padded,thread_packet,4,16,1,1,4,none,ex2_approx,fused/padded/thread_packet/x4/ex2_approx,16777216,0,1,67108864,67108864,0,512,256,3,1,77,4.9623360633850098,0.064445922901104027,4194552.233730223,1
2026-08-16T21:24:19Z,NVIDIA H200 NVL,screen,uniform_0_1,dot,lns,lns16_r7,16,8,7,fp64,fused,padded,thread_packet,4,16,1,1,4,none,ex2_approx,fused/padded/thread_packet/x4/ex2_approx,16777216,0,1,67108864,67108864,0,512,256,3,2,77,4.974463939666748,0.06460342778787985,4194552.233730223,1
2026-08-16T21:24:19Z,NVIDIA H200 NVL,screen,uniform_0_1,gemv,lns,lns16_r7,16,8,7,fp64,fused,padded,thread_packet,4,16,1,1,4,none,ex2_approx,fused/padded/thread_packet/x4/ex2_approx,16384,1024,1024,33587200,33587200,0,1024,256,3,0,89,4.8660798072814941,0.054675054014398809,4101.4481564194266,1
2026-08-16T21:24:19Z,NVIDIA H200 NVL,screen,uniform_0_1,gemv,lns,lns16_r7,16,8,7,fp64,fused,padded,thread_packet,4,16,1,1,4,none,ex2_approx,fused/padded/thread_packet/x4/ex2_approx,16384,1024,1024,33587200,33587200,0,1024,256,3,1,89,4.8662400245666504,0.054676854208614047,4101.4481564194266,1
2026-08-16T21:24:19Z,NVIDIA H200 NVL,screen,uniform_0_1,gemv,lns,lns16_r7,16,8,7,fp64,fused,padded,thread_packet,4,16,1,1,4,none,ex2_approx,fused/padded/thread_packet/x4/ex2_approx,16384,1024,1024,33587200,33587200,0,1024,256,3,2,89,4.8665280342102051,0.054680090272024778,4101.4481564194266,1
2026-08-16T21:24:19Z,NVIDIA H200 NVL,screen,uniform_0_1,dot,lns,lns16_r7,16,8,7,fp64,fused,padded,thread_packet,8,16,1,1,8,none,ex2_approx,fused/padded/thread_packet/x8/ex2_approx,16777216,0,1,67108864,67108864,0,512,256,3,0,78,4.8542399406433105,0.062233845392862953,4194552.233730223,1
2026-08-16T21:24:19Z,NVIDIA H200 NVL,screen,uniform_0_1,dot,lns,lns16_r7,16,8,7,fp64,fused,padded,thread_packet,8,16,1,1,8,none,ex2_approx,fused/padded/thread_packet/x8/ex2_approx,16777216,0,1,67108864,67108864,0,512,256,3,1,78,4.8549761772155762,0.062243284323276617,4194552.233730223,1
2026-08-16T21:24:19Z,NVIDIA H200 NVL,screen,uniform_0_1,dot,lns,lns16_r7,16,8,7,fp64,fused,padded,thread_packet,8,16,1,1,8,none,ex2_approx,fused/padded/thread_packet/x8/ex2_approx,16777216,0,1,67108864,67108864,0,512,256,3,2,78,4.8528962135314941,0.062216618122198641,4194552.233730223,1
2026-08-16T21:24:19Z,NVIDIA H200 NVL,screen,uniform_0_1,gemv,lns,lns16_r7,16,8,7,fp64,fused,padded,thread_packet,8,16,1,1,8,none,ex2_approx,fused/padded/thread_packet/x8/ex2_approx,16384,1024,1024,33587200,33587200,0,1024,256,3,0,90,4.8618879318237305,0.05402097702026367,4101.4481564194266,1
2026-08-16T21:24:19Z,NVIDIA H200 NVL,screen,uniform_0_1,gemv,lns,lns16_r7,16,8,7,fp64,fused,padded,thread_packet,8,16,1,1,8,none,ex2_approx,fused/padded/thread_packet/x8/ex2_approx,16384,1024,1024,33587200,33587200,0,1024,256,3,1,90,4.8661441802978516,0.054068268669976126,4101.4481564194266,1
2026-08-16T21:24:19Z,NVIDIA H200 NVL,screen,uniform_0_1,gemv,lns,lns16_r7,16,8,7,fp64,fused,padded,thread_packet,8,16,1,1,8,none,ex2_approx,fused/padded/thread_packet/x8/ex2_approx,16384,1024,1024,33587200,33587200,0,1024,256,3,2,90,4.8621759414672852,0.05402417712741428,4101.4481564194266,1
2026-08-16T21:24:19Z,NVIDIA H200 NVL,screen,uniform_0_1,dot,lns,lns16_r7,16,8,7,fp64,ordinary,padded,scalar,1,16,1,1,1,none,fraction_lut_global,ordinary/padded/scalar/x1/fraction_lut_global,16777216,0,1,67108864,67108864,1024,512,256,3,0,37,4.974912166595459,0.13445708558366104,4194552.4799128547,1
2026-08-16T21:24:19Z,NVIDIA H200 NVL,screen,uniform_0_1,dot,lns,lns16_r7,16,8,7,fp64,ordinary,padded,scalar,1,16,1,1,1,none,fraction_lut_global,ordinary/padded/scalar/x1/fraction_lut_global,16777216,0,1,67108864,67108864,1024,512,256,3,1,37,4.9922561645507812,0.13492584228515625,4194552.4799128547,1
2026-08-16T21:24:19Z,NVIDIA H200 NVL,screen,uniform_0_1,dot,lns,lns16_r7,16,8,7,fp64,ordinary,padded,scalar,1,16,1,1,1,none,fraction_lut_global,ordinary/padded/scalar/x1/fraction_lut_global,16777216,0,1,67108864,67108864,1024,512,256,3,2,37,4.9935359954833984,0.13496043231036212,4194552.4799128547,1
2026-08-16T21:24:19Z,NVIDIA H200 NVL,screen,uniform_0_1,gemv,lns,lns16_r7,16,8,7,fp64,ordinary,padded,scalar,1,16,1,1,1,none,fraction_lut_global,ordinary/padded/scalar/x1/fraction_lut_global,16384,1024,1024,33587200,33587200,1024,1024,256,3,0,44,5.0022721290588379,0.11368800293315541,4101.448398307848,1
2026-08-16T21:24:19Z,NVIDIA H200 NVL,screen,uniform_0_1,gemv,lns,lns16_r7,16,8,7,fp64,ordinary,padded,scalar,1,16,1,1,1,none,fraction_lut_global,ordinary/padded/scalar/x1/fraction_lut_global,16384,1024,1024,33587200,33587200,1024,1024,256,3,1,44,4.9946880340576172,0.11351563713767311,4101.448398307848,1
2026-08-16T21:24:19Z,NVIDIA H200 NVL,screen,uniform_0_1,gemv,lns,lns16_r7,16,8,7,fp64,ordinary,padded,scalar,1,16,1,1,1,none,fraction_lut_global,ordinary/padded/scalar/x1/fraction_lut_global,16384,1024,1024,33587200,33587200,1024,1024,256,3,2,44,4.9862399101257324,0.11332363432103937,4101.448398307848,1
2026-08-16T21:24:19Z,NVIDIA H200 NVL,screen,uniform_0_1,dot,lns,lns16_r7,16,8,7,fp64,ordinary,padded,thread_packet,2,16,1,1,2,none,fraction_lut_global,ordinary/padded/thread_packet/x2/fraction_lut_global,16777216,0,1,67108864,67108864,1024,512,256,3,0,37,4.9419522285461426,0.13356627644719304,4194552.4799128547,1
2026-08-16T21:24:19Z,NVIDIA H200 NVL,screen,uniform_0_1,dot,lns,lns16_r7,16,8,7,fp64,ordinary,padded,thread_packet,2,16,1,1,2,none,fraction_lut_global,ordinary/padded/thread_packet/x2/fraction_lut_global,16777216,0,1,67108864,67108864,1024,512,256,3,1,37,4.9436159133911133,0.13361124090246251,4194552.4799128547,1
2026-08-16T21:24:19Z,NVIDIA H200 NVL,screen,uniform_0_1,dot,lns,lns16_r7,16,8,7,fp64,ordinary,padded,thread_packet,2,16,1,1,2,none,fraction_lut_global,ordinary/padded/thread_packet/x2/fraction_lut_global,16777216,0,1,67108864,67108864,1024,512,256,3,2,37,4.934783935546875,0.1333725387985642,4194552.4799128547,1
2026-08-16T21:24:19Z,NVIDIA H200 NVL,screen,uniform_0_1,gemv,lns,lns16_r7,16,8,7,fp64,ordinary,padded,thread_packet,2,16,1,1,2,none,fraction_lut_global,ordinary/padded/thread_packet/x2/fraction_lut_global,16384,1024,1024,33587200,33587200,1024,1024,256,3,0,45,4.9944000244140625,0.11098666720920139,4101.448398307848,1
2026-08-16T21:24:19Z,NVIDIA H200 NVL,screen,uniform_0_1,gemv,lns,lns16_r7,16,8,7,fp64,ordinary,padded,thread_packet,2,16,1,1,2,none,fraction_lut_global,ordinary/padded/thread_packet/x2/fraction_lut_global,16384,1024,1024,33587200,33587200,1024,1024,256,3,1,45,5.0144319534301758,0.11143182118733724,4101.448398307848,1
2026-08-16T21:24:19Z,NVIDIA H200 NVL,screen,uniform_0_1,gemv,lns,lns16_r7,16,8,7,fp64,ordinary,padded,thread_packet,2,16,1,1,2,none,fraction_lut_global,ordinary/padded/thread_packet/x2/fraction_lut_global,16384,1024,1024,33587200,33587200,1024,1024,256,3,2,45,4.9950399398803711,0.11100088755289714,4101.448398307848,1
2026-08-16T21:24:19Z,NVIDIA H200 NVL,screen,uniform_0_1,dot,lns,lns16_r7,16,8,7,fp64,ordinary,padded,thread_packet,4,16,1,1,4,none,fraction_lut_global,ordinary/padded/thread_packet/x4/fraction_lut_global,16777216,0,1,67108864,67108864,1024,512,256,3,0,39,4.9561600685119629,0.12708102739774263,4194552.4799128547,1
2026-08-16T21:24:19Z,NVIDIA H200 NVL,screen,uniform_0_1,dot,lns,lns16_r7,16,8,7,fp64,ordinary,padded,thread_packet,4,16,1,1,4,none,fraction_lut_global,ordinary/padded/thread_packet/x4/fraction_lut_global,16777216,0,1,67108864,67108864,1024,512,256,3,1,39,4.9552960395812988,0.1270588728097769,4194552.4799128547,1
2026-08-16T21:24:19Z,NVIDIA H200 NVL,screen,uniform_0_1,dot,lns,lns16_r7,16,8,7,fp64,ordinary,padded,thread_packet,4,16,1,1,4,none,fraction_lut_global,ordinary/padded/thread_packet/x4/fraction_lut_global,16777216,0,1,67108864,67108864,1024,512,256,3,2,39,4.9639039039611816,0.12727958728105593,4194552.4799128547,1
2026-08-16T21:24:19Z,NVIDIA H200 NVL,screen,uniform_0_1,gemv,lns,lns16_r7,16,8,7,fp64,ordinary,padded,thread_packet,4,16,1,1,4,none,fraction_lut_global,ordinary/padded/thread_packet/x4/fraction_lut_global,16384,1024,1024,33587200,33587200,1024,1024,256,3,0,46,4.960319995880127,0.10783304338869841,4101.448398307848,1
2026-08-16T21:24:19Z,NVIDIA H200 NVL,screen,uniform_0_1,gemv,lns,lns16_r7,16,8,7,fp64,ordinary,padded,thread_packet,4,16,1,1,4,none,fraction_lut_global,ordinary/padded/thread_packet/x4/fraction_lut_global,16384,1024,1024,33587200,33587200,1024,1024,256,3,1,46,4.9601597785949707,0.10782956040423849,4101.448398307848,1
2026-08-16T21:24:19Z,NVIDIA H200 NVL,screen,uniform_0_1,gemv,lns,lns16_r7,16,8,7,fp64,ordinary,padded,thread_packet,4,16,1,1,4,none,fraction_lut_global,ordinary/padded/thread_packet/x4/fraction_lut_global,16384,1024,1024,33587200,33587200,1024,1024,256,3,2,46,4.9602880477905273,0.10783234886501146,4101.448398307848,1
2026-08-16T21:24:19Z,NVIDIA H200 NVL,screen,uniform_0_1,dot,lns,lns16_r7,16,8,7,fp64,ordinary,padded,thread_packet,8,16,1,1,8,none,fraction_lut_global,ordinary/padded/thread_packet/x8/fraction_lut_global,16777216,0,1,67108864,67108864,1024,512,256,3,0,41,5.0668478012084961,0.12358165368801211,4194552.4799128547,1
2026-08-16T21:24:19Z,NVIDIA H200 NVL,screen,uniform_0_1,dot,lns,lns16_r7,16,8,7,fp64,ordinary,padded,thread_packet,8,16,1,1,8,none,fraction_lut_global,ordinary/padded/thread_packet/x8/fraction_lut_global,16777216,0,1,67108864,67108864,1024,512,256,3,1,41,5.0674238204956055,0.12359570293891721,4194552.4799128547,1
2026-08-16T21:24:19Z,NVIDIA H200 NVL,screen,uniform_0_1,dot,lns,lns16_r7,16,8,7,fp64,ordinary,padded,thread_packet,8,16,1,1,8,none,fraction_lut_global,ordinary/padded/thread_packet/x8/fraction_lut_global,16777216,0,1,67108864,67108864,1024,512,256,3,2,41,5.1066241264343262,0.12455180796181284,4194552.4799128547,1
2026-08-16T21:24:19Z,NVIDIA H200 NVL,screen,uniform_0_1,gemv,lns,lns16_r7,16,8,7,fp64,ordinary,padded,thread_packet,8,16,1,1,8,none,fraction_lut_global,ordinary/padded/thread_packet/x8/fraction_lut_global,16384,1024,1024,33587200,33587200,1024,1024,256,3,0,46,4.9136319160461426,0.10681808513143788,4101.4483983078489,1
2026-08-16T21:24:19Z,NVIDIA H200 NVL,screen,uniform_0_1,gemv,lns,lns16_r7,16,8,7,fp64,ordinary,padded,thread_packet,8,16,1,1,8,none,fraction_lut_global,ordinary/padded/thread_packet/x8/fraction_lut_global,16384,1024,1024,33587200,33587200,1024,1024,256,3,1,46,4.9363198280334473,0.10731130060942276,4101.4483983078489,1
2026-08-16T21:24:19Z,NVIDIA H200 NVL,screen,uniform_0_1,gemv,lns,lns16_r7,16,8,7,fp64,ordinary,padded,thread_packet,8,16,1,1,8,none,fraction_lut_global,ordinary/padded/thread_packet/x8/fraction_lut_global,16384,1024,1024,33587200,33587200,1024,1024,256,3,2,46,4.9118719100952148,0.10677982413250467,4101.4483983078489,1
2026-08-16T21:24:19Z,NVIDIA H200 NVL,screen,uniform_0_1,dot,lns,lns16_r7,16,8,7,fp64,fused,padded,scalar,1,16,1,1,1,none,fraction_lut_global,fused/padded/scalar/x1/fraction_lut_global,16777216,0,1,67108864,67108864,1024,512,256,3,0,47,4.9815678596496582,0.10599080552446082,4194552.4799128547,1
2026-08-16T21:24:19Z,NVIDIA H200 NVL,screen,uniform_0_1,dot,lns,lns16_r7,16,8,7,fp64,fused,padded,scalar,1,16,1,1,1,none,fraction_lut_global,fused/padded/scalar/x1/fraction_lut_global,16777216,0,1,67108864,67108864,1024,512,256,3,1,47,4.9623360633850098,0.10558161836989383,4194552.4799128547,1
2026-08-16T21:24:19Z,NVIDIA H200 NVL,screen,uniform_0_1,dot,lns,lns16_r7,16,8,7,fp64,fused,padded,scalar,1,16,1,1,1,none,fraction_lut_global,fused/padded/scalar/x1/fraction_lut_global,16777216,0,1,67108864,67108864,1024,512,256,3,2,47,4.9632320404052734,0.1056006817107505,4194552.4799128547,1
2026-08-16T21:24:19Z,NVIDIA H200 NVL,screen,uniform_0_1,gemv,lns,lns16_r7,16,8,7,fp64,fused,padded,scalar,1,16,1,1,1,none,fraction_lut_global,fused/padded/scalar/x1/fraction_lut_global,16384,1024,1024,33587200,33587200,1024,1024,256,3,0,56,4.8894720077514648,0.087312000138419013,4101.448398307848,1
2026-08-16T21:24:19Z,NVIDIA H200 NVL,screen,uniform_0_1,gemv,lns,lns16_r7,16,8,7,fp64,fused,padded,scalar,1,16,1,1,1,none,fraction_lut_global,fused/padded/scalar/x1/fraction_lut_global,16384,1024,1024,33587200,33587200,1024,1024,256,3,1,56,4.8652801513671875,0.086880002702985487,4101.448398307848,1
2026-08-16T21:24:19Z,NVIDIA H200 NVL,screen,uniform_0_1,gemv,lns,lns16_r7,16,8,7,fp64,fused,padded,scalar,1,16,1,1,1,none,fraction_lut_global,fused/padded/scalar/x1/fraction_lut_global,16384,1024,1024,33587200,33587200,1024,1024,256,3,2,56,4.8639678955078125,0.086856569562639513,4101.448398307848,1
2026-08-16T21:24:19Z,NVIDIA H200 NVL,screen,uniform_0_1,dot,lns,lns16_r7,16,8,7,fp64,fused,padded,thread_packet,2,16,1,1,2,none,fraction_lut_global,fused/padded/thread_packet/x2/fraction_lut_global,16777216,0,1,67108864,67108864,1024,512,256,3,0,48,5.0041279792785645,0.10425266623497009,4194552.4799128547,1
2026-08-16T21:24:19Z,NVIDIA H200 NVL,screen,uniform_0_1,dot,lns,lns16_r7,16,8,7,fp64,fused,padded,thread_packet,2,16,1,1,2,none,fraction_lut_global,fused/padded/thread_packet/x2/fraction_lut_global,16777216,0,1,67108864,67108864,1024,512,256,3,1,48,5.0265278816223145,0.10471933086713155,4194552.4799128547,1
2026-08-16T21:24:19Z,NVIDIA H200 NVL,screen,uniform_0_1,dot,lns,lns16_r7,16,8,7,fp64,fused,padded,thread_packet,2,16,1,1,2,none,fraction_lut_global,fused/padded/thread_packet/x2/fraction_lut_global,16777216,0,1,67108864,67108864,1024,512,256,3,2,48,5.0072321891784668,0.10431733727455139,4194552.4799128547,1
2026-08-16T21:24:19Z,NVIDIA H200 NVL,screen,uniform_0_1,gemv,lns,lns16_r7,16,8,7,fp64,fused,padded,thread_packet,2,16,1,1,2,none,fraction_lut_global,fused/padded/thread_packet/x2/fraction_lut_global,16384,1024,1024,33587200,33587200,1024,1024,256,3,0,56,4.8455681800842285,0.086528003215789795,4101.448398307848,1
2026-08-16T21:24:19Z,NVIDIA H200 NVL,screen,uniform_0_1,gemv,lns,lns16_r7,16,8,7,fp64,fused,padded,thread_packet,2,16,1,1,2,none,fraction_lut_global,fused/padded/thread_packet/x2/fraction_lut_global,16384,1024,1024,33587200,33587200,1024,1024,256,3,1,56,4.8365120887756348,0.086366287299564901,4101.448398307848,1
2026-08-16T21:24:19Z,NVIDIA H200 NVL,screen,uniform_0_1,gemv,lns,lns16_r7,16,8,7,fp64,fused,padded,thread_packet,2,16,1,1,2,none,fraction_lut_global,fused/padded/thread_packet/x2/fraction_lut_global,16384,1024,1024,33587200,33587200,1024,1024,256,3,2,56,4.8366718292236328,0.086369139807564874,4101.448398307848,1
2026-08-16T21:24:19Z,NVIDIA H200 NVL,screen,uniform_0_1,dot,lns,lns16_r7,16,8,7,fp64,fused,padded,thread_packet,4,16,1,1,4,none,fraction_lut_global,fused/padded/thread_packet/x4/fraction_lut_global,16777216,0,1,67108864,67108864,1024,512,256,3,0,51,4.9876480102539062,0.097797019808900126,4194552.4799128547,1
2026-08-16T21:24:19Z,NVIDIA H200 NVL,screen,uniform_0_1,dot,lns,lns16_r7,16,8,7,fp64,fused,padded,thread_packet,4,16,1,1,4,none,fraction_lut_global,fused/padded/thread_packet/x4/fraction_lut_global,16777216,0,1,67108864,67108864,1024,512,256,3,1,51,5.0022401809692383,0.098083140803318397,4194552.4799128547,1
2026-08-16T21:24:19Z,NVIDIA H200 NVL,screen,uniform_0_1,dot,lns,lns16_r7,16,8,7,fp64,fused,padded,thread_packet,4,16,1,1,4,none,fraction_lut_global,fused/padded/thread_packet/x4/fraction_lut_global,16777216,0,1,67108864,67108864,1024,512,256,3,2,51,5.0066242218017578,0.098169102388269758,4194552.4799128547,1
2026-08-16T21:24:19Z,NVIDIA H200 NVL,screen,uniform_0_1,gemv,lns,lns16_r7,16,8,7,fp64,fused,padded,thread_packet,4,16,1,1,4,none,fraction_lut_global,fused/padded/thread_packet/x4/fraction_lut_global,16384,1024,1024,33587200,33587200,1024,1024,256,3,0,59,4.8906240463256836,0.082891932988570907,4101.448398307848,1
2026-08-16T21:24:19Z,NVIDIA H200 NVL,screen,uniform_0_1,gemv,lns,lns16_r7,16,8,7,fp64,fused,padded,thread_packet,4,16,1,1,4,none,fraction_lut_global,fused/padded/thread_packet/x4/fraction_lut_global,16384,1024,1024,33587200,33587200,1024,1024,256,3,1,59,4.8557758331298828,0.082301285307286143,4101.448398307848,1
2026-08-16T21:24:19Z,NVIDIA H200 NVL,screen,uniform_0_1,gemv,lns,lns16_r7,16,8,7,fp64,fused,padded,thread_packet,4,16,1,1,4,none,fraction_lut_global,fused/padded/thread_packet/x4/fraction_lut_global,16384,1024,1024,33587200,33587200,1024,1024,256,3,2,59,4.8533439636230469,0.082260067180051646,4101.448398307848,1
2026-08-16T21:24:19Z,NVIDIA H200 NVL,screen,uniform_0_1,dot,lns,lns16_r7,16,8,7,fp64,fused,padded,thread_packet,8,16,1,1,8,none,fraction_lut_global,fused/padded/thread_packet/x8/fraction_lut_global,16777216,0,1,67108864,67108864,1024,512,256,3,0,53,4.9706239700317383,0.093785357925127141,4194552.4799128547,1
2026-08-16T21:24:19Z,NVIDIA H200 NVL,screen,uniform_0_1,dot,lns,lns16_r7,16,8,7,fp64,fused,padded,thread_packet,8,16,1,1,8,none,fraction_lut_global,fused/padded/thread_packet/x8/fraction_lut_global,16777216,0,1,67108864,67108864,1024,512,256,3,1,53,4.9770240783691406,0.093906114686210199,4194552.4799128547,1
2026-08-16T21:24:19Z,NVIDIA H200 NVL,screen,uniform_0_1,dot,lns,lns16_r7,16,8,7,fp64,fused,padded,thread_packet,8,16,1,1,8,none,fraction_lut_global,fused/padded/thread_packet/x8/fraction_lut_global,16777216,0,1,67108864,67108864,1024,512,256,3,2,53,4.9819841384887695,0.0939997007262032,4194552.4799128547,1
2026-08-16T21:24:19Z,NVIDIA H200 NVL,screen,uniform_0_1,gemv,lns,lns16_r7,16,8,7,fp64,fused,padded,thread_packet,8,16,1,1,8,none,fraction_lut_global,fused/padded/thread_packet/x8/fraction_lut_global,16384,1024,1024,33587200,33587200,1024,1024,256,3,0,61,4.901792049407959,0.080357246711605879,4101.4483983078489,1
2026-08-16T21:24:19Z,NVIDIA H200 NVL,screen,uniform_0_1,gemv,lns,lns16_r7,16,8,7,fp64,fused,padded,thread_packet,8,16,1,1,8,none,fraction_lut_global,fused/padded/thread_packet/x8/fraction_lut_global,16384,1024,1024,33587200,33587200,1024,1024,256,3,1,61,4.9019198417663574,0.080359341668300943,4101.4483983078489,1
2026-08-16T21:24:19Z,NVIDIA H200 NVL,screen,uniform_0_1,gemv,lns,lns16_r7,16,8,7,fp64,fused,padded,thread_packet,8,16,1,1,8,none,fraction_lut_global,fused/padded/thread_packet/x8/fraction_lut_global,16384,1024,1024,33587200,33587200,1024,1024,256,3,2,61,4.9004158973693848,0.080334686842121056,4101.4483983078489,1
2026-08-16T21:24:19Z,NVIDIA H200 NVL,screen,uniform_0_1,dot,lns,lns16_r7,16,8,7,fp64,ordinary,padded,scalar,1,16,1,1,1,none,fraction_lut_shared,ordinary/padded/scalar/x1/fraction_lut_shared,16777216,0,1,67108864,67108864,1024,512,256,3,0,43,4.9282879829406738,0.11461134844048079,4194552.4799128547,1
2026-08-16T21:24:19Z,NVIDIA H200 NVL,screen,uniform_0_1,dot,lns,lns16_r7,16,8,7,fp64,ordinary,padded,scalar,1,16,1,1,1,none,fraction_lut_shared,ordinary/padded/scalar/x1/fraction_lut_shared,16777216,0,1,67108864,67108864,1024,512,256,3,1,43,4.9305281639099121,0.11466344567232353,4194552.4799128547,1
2026-08-16T21:24:19Z,NVIDIA H200 NVL,screen,uniform_0_1,dot,lns,lns16_r7,16,8,7,fp64,ordinary,padded,scalar,1,16,1,1,1,none,fraction_lut_shared,ordinary/padded/scalar/x1/fraction_lut_shared,16777216,0,1,67108864,67108864,1024,512,256,3,2,43,4.9137601852416992,0.11427349268003952,4194552.4799128547,1
2026-08-16T21:24:19Z,NVIDIA H200 NVL,screen,uniform_0_1,gemv,lns,lns16_r7,16,8,7,fp64,ordinary,padded,scalar,1,16,1,1,1,none,fraction_lut_shared,ordinary/padded/scalar/x1/fraction_lut_shared,16384,1024,1024,33587200,33587200,1024,1024,256,3,0,52,4.9312639236450195,0.094831998531634987,4101.448398307848,1
2026-08-16T21:24:19Z,NVIDIA H200 NVL,screen,uniform_0_1,gemv,lns,lns16_r7,16,8,7,fp64,ordinary,padded,scalar,1,16,1,1,1,none,fraction_lut_shared,ordinary/padded/scalar/x1/fraction_lut_shared,16384,1024,1024,33587200,33587200,1024,1024,256,3,1,52,4.9327678680419922,0.094860920539269075,4101.448398307848,1
2026-08-16T21:24:19Z,NVIDIA H200 NVL,screen,uniform_0_1,gemv,lns,lns16_r7,16,8,7,fp64,ordinary,padded,scalar,1,16,1,1,1,none,fraction_lut_shared,ordinary/padded/scalar/x1/fraction_lut_shared,16384,1024,1024,33587200,33587200,1024,1024,256,3,2,52,4.9329919815063477,0.094865230413583607,4101.448398307848,1
2026-08-16T21:24:19Z,NVIDIA H200 NVL,screen,uniform_0_1,dot,lns,lns16_r7,16,8,7,fp64,ordinary,padded,thread_packet,2,16,1,1,2,none,fraction_lut_shared,ordinary/padded/thread_packet/x2/fraction_lut_shared,16777216,0,1,67108864,67108864,1024,512,256,3,0,45,5.0337281227111816,0.11186062494913737,4194552.4799128547,1
2026-08-16T21:24:19Z,NVIDIA H200 NVL,screen,uniform_0_1,dot,lns,lns16_r7,16,8,7,fp64,ordinary,padded,thread_packet,2,16,1,1,2,none,fraction_lut_shared,ordinary/padded/thread_packet/x2/fraction_lut_shared,16777216,0,1,67108864,67108864,1024,512,256,3,1,45,5.0382080078125,0.11196017795138889,4194552.4799128547,1
2026-08-16T21:24:19Z,NVIDIA H200 NVL,screen,uniform_0_1,dot,lns,lns16_r7,16,8,7,fp64,ordinary,padded,thread_packet,2,16,1,1,2,none,fraction_lut_shared,ordinary/padded/thread_packet/x2/fraction_lut_shared,16777216,0,1,67108864,67108864,1024,512,256,3,2,45,5.0405120849609375,0.1120113796657986,4194552.4799128547,1
2026-08-16T21:24:19Z,NVIDIA H200 NVL,screen,uniform_0_1,gemv,lns,lns16_r7,16,8,7,fp64,ordinary,padded,thread_packet,2,16,1,1,2,none,fraction_lut_shared,ordinary/padded/thread_packet/x2/fraction_lut_shared,16384,1024,1024,33587200,33587200,1024,1024,256,3,0,52,4.8536319732666016,0.093339076408973112,4101.448398307848,1
2026-08-16T21:24:19Z,NVIDIA H200 NVL,screen,uniform_0_1,gemv,lns,lns16_r7,16,8,7,fp64,ordinary,padded,thread_packet,2,16,1,1,2,none,fraction_lut_shared,ordinary/padded/thread_packet/x2/fraction_lut_shared,16384,1024,1024,33587200,33587200,1024,1024,256,3,1,52,4.8418879508972168,0.093113229824946478,4101.448398307848,1
2026-08-16T21:24:19Z,NVIDIA H200 NVL,screen,uniform_0_1,gemv,lns,lns16_r7,16,8,7,fp64,ordinary,padded,thread_packet,2,16,1,1,2,none,fraction_lut_shared,ordinary/padded/thread_packet/x2/fraction_lut_shared,16384,1024,1024,33587200,33587200,1024,1024,256,3,2,52,4.8576641082763672,0.093416617466853216,4101.448398307848,1
2026-08-16T21:24:19Z,NVIDIA H200 NVL,screen,uniform_0_1,dot,lns,lns16_r7,16,8,7,fp64,ordinary,padded,thread_packet,4,16,1,1,4,none,fraction_lut_shared,ordinary/padded/thread_packet/x4/fraction_lut_shared,16777216,0,1,67108864,67108864,1024,512,256,3,0,46,4.9027519226074219,0.10658156353494395,4194552.4799128547,1
2026-08-16T21:24:19Z,NVIDIA H200 NVL,screen,uniform_0_1,dot,lns,lns16_r7,16,8,7,fp64,ordinary,padded,thread_packet,4,16,1,1,4,none,fraction_lut_shared,ordinary/padded/thread_packet/x4/fraction_lut_shared,16777216,0,1,67108864,67108864,1024,512,256,3,1,46,4.9127678871154785,0.10679930189381474,4194552.4799128547,1
2026-08-16T21:24:19Z,NVIDIA H200 NVL,screen,uniform_0_1,dot,lns,lns16_r7,16,8,7,fp64,ordinary,padded,thread_packet,4,16,1,1,4,none,fraction_lut_shared,ordinary/padded/thread_packet/x4/fraction_lut_shared,16777216,0,1,67108864,67108864,1024,512,256,3,2,46,4.9091200828552246,0.10672000180120053,4194552.4799128547,1
2026-08-16T21:24:19Z,NVIDIA H200 NVL,screen,uniform_0_1,gemv,lns,lns16_r7,16,8,7,fp64,ordinary,padded,thread_packet,4,16,1,1,4,none,fraction_lut_shared,ordinary/padded/thread_packet/x4/fraction_lut_shared,16384,1024,1024,33587200,33587200,1024,1024,256,3,0,54,4.8965120315551758,0.090676148732503251,4101.448398307848,1
2026-08-16T21:24:19Z,NVIDIA H200 NVL,screen,uniform_0_1,gemv,lns,lns16_r7,16,8,7,fp64,ordinary,padded,thread_packet,4,16,1,1,4,none,fraction_lut_shared,ordinary/padded/thread_packet/x4/fraction_lut_shared,16384,1024,1024,33587200,33587200,1024,1024,256,3,1,54,4.8893442153930664,0.090543411396167894,4101.448398307848,1
2026-08-16T21:24:19Z,NVIDIA H200 NVL,screen,uniform_0_1,gemv,lns,lns16_r7,16,8,7,fp64,ordinary,padded,thread_packet,4,16,1,1,4,none,fraction_lut_shared,ordinary/padded/thread_packet/x4/fraction_lut_shared,16384,1024,1024,33587200,33587200,1024,1024,256,3,2,54,4.8902077674865723,0.090559403101603195,4101.448398307848,1
2026-08-16T21:24:19Z,NVIDIA H200 NVL,screen,uniform_0_1,dot,lns,lns16_r7,16,8,7,fp64,ordinary,padded,thread_packet,8,16,1,1,8,none,fraction_lut_shared,ordinary/padded/thread_packet/x8/fraction_lut_shared,16777216,0,1,67108864,67108864,1024,512,256,3,0,48,5.0098237991333008,0.10437132914861043,4194552.4799128547,1
2026-08-16T21:24:19Z,NVIDIA H200 NVL,screen,uniform_0_1,dot,lns,lns16_r7,16,8,7,fp64,ordinary,padded,thread_packet,8,16,1,1,8,none,fraction_lut_shared,ordinary/padded/thread_packet/x8/fraction_lut_shared,16777216,0,1,67108864,67108864,1024,512,256,3,1,48,5.0189762115478516,0.1045620044072469,4194552.4799128547,1
2026-08-16T21:24:19Z,NVIDIA H200 NVL,screen,uniform_0_1,dot,lns,lns16_r7,16,8,7,fp64,ordinary,padded,thread_packet,8,16,1,1,8,none,fraction_lut_shared,ordinary/padded/thread_packet/x8/fraction_lut_shared,16777216,0,1,67108864,67108864,1024,512,256,3,2,48,5.012671947479248,0.10443066557248433,4194552.4799128547,1
2026-08-16T21:24:19Z,NVIDIA H200 NVL,screen,uniform_0_1,gemv,lns,lns16_r7,16,8,7,fp64,ordinary,padded,thread_packet,8,16,1,1,8,none,fraction_lut_shared,ordinary/padded/thread_packet/x8/fraction_lut_shared,16384,1024,1024,33587200,33587200,1024,1024,256,3,0,55,4.8808321952819824,0.088742403550581495,4101.4483983078489,1
2026-08-16T21:24:19Z,NVIDIA H200 NVL,screen,uniform_0_1,gemv,lns,lns16_r7,16,8,7,fp64,ordinary,padded,thread_packet,8,16,1,1,8,none,fraction_lut_shared,ordinary/padded/thread_packet/x8/fraction_lut_shared,16384,1024,1024,33587200,33587200,1024,1024,256,3,1,55,4.8974719047546387,0.089044943722811618,4101.4483983078489,1
2026-08-16T21:24:19Z,NVIDIA H200 NVL,screen,uniform_0_1,gemv,lns,lns16_r7,16,8,7,fp64,ordinary,padded,thread_packet,8,16,1,1,8,none,fraction_lut_shared,ordinary/padded/thread_packet/x8/fraction_lut_shared,16384,1024,1024,33587200,33587200,1024,1024,256,3,2,55,4.8829441070556641,0.08878080194646662,4101.4483983078489,1
2026-08-16T21:24:19Z,NVIDIA H200 NVL,screen,uniform_0_1,dot,lns,lns16_r7,16,8,7,fp64,fused,padded,scalar,1,16,1,1,1,none,fraction_lut_shared,fused/padded/scalar/x1/fraction_lut_shared,16777216,0,1,67108864,67108864,1024,512,256,3,0,49,4.9599041938781738,0.10122253456894233,4194552.4799128547,1
2026-08-16T21:24:19Z,NVIDIA H200 NVL,screen,uniform_0_1,dot,lns,lns16_r7,16,8,7,fp64,fused,padded,scalar,1,16,1,1,1,none,fraction_lut_shared,fused/padded/scalar/x1/fraction_lut_shared,16777216,0,1,67108864,67108864,1024,512,256,3,1,49,4.9576640129089355,0.10117681658997828,4194552.4799128547,1
2026-08-16T21:24:19Z,NVIDIA H200 NVL,screen,uniform_0_1,dot,lns,lns16_r7,16,8,7,fp64,fused,padded,scalar,1,16,1,1,1,none,fraction_lut_shared,fused/padded/scalar/x1/fraction_lut_shared,16777216,0,1,67108864,67108864,1024,512,256,3,2,49,4.9618878364562988,0.10126301707053671,4194552.4799128547,1
2026-08-16T21:24:19Z,NVIDIA H200 NVL,screen,uniform_0_1,gemv,lns,lns16_r7,16,8,7,fp64,fused,padded,scalar,1,16,1,1,1,none,fraction_lut_shared,fused/padded/scalar/x1/fraction_lut_shared,16384,1024,1024,33587200,33587200,1024,1024,256,3,0,63,4.8439998626708984,0.076888886709061882,4101.448398307848,1
2026-08-16T21:24:19Z,NVIDIA H200 NVL,screen,uniform_0_1,gemv,lns,lns16_r7,16,8,7,fp64,fused,padded,scalar,1,16,1,1,1,none,fraction_lut_shared,fused/padded/scalar/x1/fraction_lut_shared,16384,1024,1024,33587200,33587200,1024,1024,256,3,1,63,4.8445758819580078,0.076898029872349324,4101.448398307848,1
2026-08-16T21:24:19Z,NVIDIA H200 NVL,screen,uniform_0_1,gemv,lns,lns16_r7,16,8,7,fp64,fused,padded,scalar,1,16,1,1,1,none,fraction_lut_shared,fused/padded/scalar/x1/fraction_lut_shared,16384,1024,1024,33587200,33587200,1024,1024,256,3,2,63,4.8452482223510742,0.076908701942080548,4101.448398307848,1
2026-08-16T21:24:19Z,NVIDIA H200 NVL,screen,uniform_0_1,dot,lns,lns16_r7,16,8,7,fp64,fused,padded,thread_packet,2,16,1,1,2,none,fraction_lut_shared,fused/padded/thread_packet/x2/fraction_lut_shared,16777216,0,1,67108864,67108864,1024,512,256,3,0,53,4.972383975982666,0.0938185655845786,4194552.4799128547,1
2026-08-16T21:24:19Z,NVIDIA H200 NVL,screen,uniform_0_1,dot,lns,lns16_r7,16,8,7,fp64,fused,padded,thread_packet,2,16,1,1,2,none,fraction_lut_shared,fused/padded/thread_packet/x2/fraction_lut_shared,16777216,0,1,67108864,67108864,1024,512,256,3,1,53,4.9935040473937988,0.094217057497996207,4194552.4799128547,1
2026-08-16T21:24:19Z,NVIDIA H200 NVL,screen,uniform_0_1,dot,lns,lns16_r7,16,8,7,fp64,fused,padded,thread_packet,2,16,1,1,2,none,fraction_lut_shared,fused/padded/thread_packet/x2/fraction_lut_shared,16777216,0,1,67108864,67108864,1024,512,256,3,2,53,4.9921598434448242,0.0941916951593363,4194552.4799128547,1
2026-08-16T21:24:19Z,NVIDIA H200 NVL,screen,uniform_0_1,gemv,lns,lns16_r7,16,8,7,fp64,fused,padded,thread_packet,2,16,1,1,2,none,fraction_lut_shared,fused/padded/thread_packet/x2/fraction_lut_shared,16384,1024,1024,33587200,33587200,1024,1024,256,3,0,64,4.9205441474914551,0.076883502304553986,4101.448398307848,1
2026-08-16T21:24:19Z,NVIDIA H200 NVL,screen,uniform_0_1,gemv,lns,lns16_r7,16,8,7,fp64,fused,padded,thread_packet,2,16,1,1,2,none,fraction_lut_shared,fused/padded/thread_packet/x2/fraction_lut_shared,16384,1024,1024,33587200,33587200,1024,1024,256,3,1,64,4.9209280014038086,0.076889500021934509,4101.448398307848,1
2026-08-16T21:24:19Z,NVIDIA H200 NVL,screen,uniform_0_1,gemv,lns,lns16_r7,16,8,7,fp64,fused,padded,thread_packet,2,16,1,1,2,none,fraction_lut_shared,fused/padded/thread_packet/x2/fraction_lut_shared,16384,1024,1024,33587200,33587200,1024,1024,256,3,2,64,4.9224958419799805,0.076913997530937195,4101.448398307848,1
2026-08-16T21:24:19Z,NVIDIA H200 NVL,screen,uniform_0_1,dot,lns,lns16_r7,16,8,7,fp64,fused,padded,thread_packet,4,16,1,1,4,none,fraction_lut_shared,fused/padded/thread_packet/x4/fraction_lut_shared,16777216,0,1,67108864,67108864,1024,512,256,3,0,55,4.8760957717895508,0.088656286759810007,4194552.4799128547,1
2026-08-16T21:24:19Z,NVIDIA H200 NVL,screen,uniform_0_1,dot,lns,lns16_r7,16,8,7,fp64,fused,padded,thread_packet,4,16,1,1,4,none,fraction_lut_shared,fused/padded/thread_packet/x4/fraction_lut_shared,16777216,0,1,67108864,67108864,1024,512,256,3,1,55,4.8730239868164062,0.088600436123934659,4194552.4799128547,1
2026-08-16T21:24:19Z,NVIDIA H200 NVL,screen,uniform_0_1,dot,lns,lns16_r7,16,8,7,fp64,fused,padded,thread_packet,4,16,1,1,4,none,fraction_lut_shared,fused/padded/thread_packet/x4/fraction_lut_shared,16777216,0,1,67108864,67108864,1024,512,256,3,2,55,4.8841280937194824,0.088802328976717859,4194552.4799128547,1
2026-08-16T21:24:19Z,NVIDIA H200 NVL,screen,uniform_0_1,gemv,lns,lns16_r7,16,8,7,fp64,fused,padded,thread_packet,4,16,1,1,4,none,fraction_lut_shared,fused/padded/thread_packet/x4/fraction_lut_shared,16384,1024,1024,33587200,33587200,1024,1024,256,3,0,66,4.8661441802978516,0.073729457277240174,4101.448398307848,1
2026-08-16T21:24:19Z,NVIDIA H200 NVL,screen,uniform_0_1,gemv,lns,lns16_r7,16,8,7,fp64,fused,padded,thread_packet,4,16,1,1,4,none,fraction_lut_shared,fused/padded/thread_packet/x4/fraction_lut_shared,16384,1024,1024,33587200,33587200,1024,1024,256,3,1,66,4.8680639266967773,0.073758544343890564,4101.448398307848,1
2026-08-16T21:24:19Z,NVIDIA H200 NVL,screen,uniform_0_1,gemv,lns,lns16_r7,16,8,7,fp64,fused,padded,thread_packet,4,16,1,1,4,none,fraction_lut_shared,fused/padded/thread_packet/x4/fraction_lut_shared,16384,1024,1024,33587200,33587200,1024,1024,256,3,2,66,4.8659520149230957,0.073726545680652969,4101.448398307848,1
2026-08-16T21:24:19Z,NVIDIA H200 NVL,screen,uniform_0_1,dot,lns,lns16_r7,16,8,7,fp64,fused,padded,thread_packet,8,16,1,1,8,none,fraction_lut_shared,fused/padded/thread_packet/x8/fraction_lut_shared,16777216,0,1,67108864,67108864,1024,512,256,3,0,58,4.9766402244567871,0.085804141800979089,4194552.4799128547,1
2026-08-16T21:24:19Z,NVIDIA H200 NVL,screen,uniform_0_1,dot,lns,lns16_r7,16,8,7,fp64,fused,padded,thread_packet,8,16,1,1,8,none,fraction_lut_shared,fused/padded/thread_packet/x8/fraction_lut_shared,16777216,0,1,67108864,67108864,1024,512,256,3,1,58,4.9888319969177246,0.08601434477444353,4194552.4799128547,1
2026-08-16T21:24:19Z,NVIDIA H200 NVL,screen,uniform_0_1,dot,lns,lns16_r7,16,8,7,fp64,fused,padded,thread_packet,8,16,1,1,8,none,fraction_lut_shared,fused/padded/thread_packet/x8/fraction_lut_shared,16777216,0,1,67108864,67108864,1024,512,256,3,2,58,4.9852800369262695,0.085953104084935686,4194552.4799128547,1
2026-08-16T21:24:19Z,NVIDIA H200 NVL,screen,uniform_0_1,gemv,lns,lns16_r7,16,8,7,fp64,fused,padded,thread_packet,8,16,1,1,8,none,fraction_lut_shared,fused/padded/thread_packet/x8/fraction_lut_shared,16384,1024,1024,33587200,33587200,1024,1024,256,3,0,67,4.9016637802124023,0.073159160898692566,4101.4483983078489,1
2026-08-16T21:24:19Z,NVIDIA H200 NVL,screen,uniform_0_1,gemv,lns,lns16_r7,16,8,7,fp64,fused,padded,thread_packet,8,16,1,1,8,none,fraction_lut_shared,fused/padded/thread_packet/x8/fraction_lut_shared,16384,1024,1024,33587200,33587200,1024,1024,256,3,1,67,4.8867521286010742,0.072936598934344385,4101.4483983078489,1
2026-08-16T21:24:19Z,NVIDIA H200 NVL,screen,uniform_0_1,gemv,lns,lns16_r7,16,8,7,fp64,fused,padded,thread_packet,8,16,1,1,8,none,fraction_lut_shared,fused/padded/thread_packet/x8/fraction_lut_shared,16384,1024,1024,33587200,33587200,1024,1024,256,3,2,67,4.8879680633544922,0.072954747214246149,4101.4483983078489,1
2026-08-16T21:24:19Z,NVIDIA H200 NVL,screen,uniform_0_1,dot,lns,lns16_r7,16,8,7,fp64,ordinary,padded,scalar,1,16,1,1,1,none,split_linear,ordinary/padded/scalar/x1/split_linear,16777216,0,1,67108864,67108864,1024,512,256,3,0,37,4.9858880043029785,0.13475372984602646,4194552.4799128547,1
2026-08-16T21:24:19Z,NVIDIA H200 NVL,screen,uniform_0_1,dot,lns,lns16_r7,16,8,7,fp64,ordinary,padded,scalar,1,16,1,1,1,none,split_linear,ordinary/padded/scalar/x1/split_linear,16777216,0,1,67108864,67108864,1024,512,256,3,1,37,4.9859199523925781,0.13475459330790751,4194552.4799128547,1
2026-08-16T21:24:19Z,NVIDIA H200 NVL,screen,uniform_0_1,dot,lns,lns16_r7,16,8,7,fp64,ordinary,padded,scalar,1,16,1,1,1,none,split_linear,ordinary/padded/scalar/x1/split_linear,16777216,0,1,67108864,67108864,1024,512,256,3,2,37,4.9840002059936523,0.13470270827009873,4194552.4799128547,1
2026-08-16T21:24:19Z,NVIDIA H200 NVL,screen,uniform_0_1,gemv,lns,lns16_r7,16,8,7,fp64,ordinary,padded,scalar,1,16,1,1,1,none,split_linear,ordinary/padded/scalar/x1/split_linear,16384,1024,1024,33587200,33587200,1024,1024,256,3,0,43,4.8777918815612793,0.1134370205014251,4101.448398307848,1
2026-08-16T21:24:19Z,NVIDIA H200 NVL,screen,uniform_0_1,gemv,lns,lns16_r7,16,8,7,fp64,ordinary,padded,scalar,1,16,1,1,1,none,split_linear,ordinary/padded/scalar/x1/split_linear,16384,1024,1024,33587200,33587200,1024,1024,256,3,1,43,4.8728961944580078,0.11332316731297692,4101.448398307848,1
2026-08-16T21:24:19Z,NVIDIA H200 NVL,screen,uniform_0_1,gemv,lns,lns16_r7,16,8,7,fp64,ordinary,padded,scalar,1,16,1,1,1,none,split_linear,ordinary/padded/scalar/x1/split_linear,16384,1024,1024,33587200,33587200,1024,1024,256,3,2,43,4.8731517791748047,0.11332911114360011,4101.448398307848,1
2026-08-16T21:24:19Z,NVIDIA H200 NVL,screen,uniform_0_1,dot,lns,lns16_r7,16,8,7,fp64,ordinary,padded,thread_packet,2,16,1,1,2,none,split_linear,ordinary/padded/thread_packet/x2/split_linear,16777216,0,1,67108864,67108864,1024,512,256,3,0,37,4.9208641052246094,0.13299632716823268,4194552.4799128547,1
2026-08-16T21:24:19Z,NVIDIA H200 NVL,screen,uniform_0_1,dot,lns,lns16_r7,16,8,7,fp64,ordinary,padded,thread_packet,2,16,1,1,2,none,split_linear,ordinary/padded/thread_packet/x2/split_linear,16777216,0,1,67108864,67108864,1024,512,256,3,1,37,4.9243202209472656,0.13308973570127744,4194552.4799128547,1
2026-08-16T21:24:19Z,NVIDIA H200 NVL,screen,uniform_0_1,dot,lns,lns16_r7,16,8,7,fp64,ordinary,padded,thread_packet,2,16,1,1,2,none,split_linear,ordinary/padded/thread_packet/x2/split_linear,16777216,0,1,67108864,67108864,1024,512,256,3,2,37,4.9132800102233887,0.13279135162765915,4194552.4799128547,1
2026-08-16T21:24:19Z,NVIDIA H200 NVL,screen,uniform_0_1,gemv,lns,lns16_r7,16,8,7,fp64,ordinary,padded,thread_packet,2,16,1,1,2,none,split_linear,ordinary/padded/thread_packet/x2/split_linear,16384,1024,1024,33587200,33587200,1024,1024,256,3,0,44,4.8840641975402832,0.11100145903500644,4101.448398307848,1
2026-08-16T21:24:19Z,NVIDIA H200 NVL,screen,uniform_0_1,gemv,lns,lns16_r7,16,8,7,fp64,ordinary,padded,thread_packet,2,16,1,1,2,none,split_linear,ordinary/padded/thread_packet/x2/split_linear,16384,1024,1024,33587200,33587200,1024,1024,256,3,1,44,4.8867840766906738,0.11106327447024258,4101.448398307848,1
2026-08-16T21:24:19Z,NVIDIA H200 NVL,screen,uniform_0_1,gemv,lns,lns16_r7,16,8,7,fp64,ordinary,padded,thread_packet,2,16,1,1,2,none,split_linear,ordinary/padded/thread_packet/x2/split_linear,16384,1024,1024,33587200,33587200,1024,1024,256,3,2,44,4.8867840766906738,0.11106327447024258,4101.448398307848,1
2026-08-16T21:24:19Z,NVIDIA H200 NVL,screen,uniform_0_1,dot,lns,lns16_r7,16,8,7,fp64,ordinary,padded,thread_packet,4,16,1,1,4,none,split_linear,ordinary/padded/thread_packet/x4/split_linear,16777216,0,1,67108864,67108864,1024,512,256,3,0,39,4.9541759490966797,0.12703015254094049,4194552.4799128547,1
2026-08-16T21:24:19Z,NVIDIA H200 NVL,screen,uniform_0_1,dot,lns,lns16_r7,16,8,7,fp64,ordinary,padded,thread_packet,4,16,1,1,4,none,split_linear,ordinary/padded/thread_packet/x4/split_linear,16777216,0,1,67108864,67108864,1024,512,256,3,1,39,4.9762239456176758,0.1275954857850686,4194552.4799128547,1
2026-08-16T21:24:19Z,NVIDIA H200 NVL,screen,uniform_0_1,dot,lns,lns16_r7,16,8,7,fp64,ordinary,padded,thread_packet,4,16,1,1,4,none,split_linear,ordinary/padded/thread_packet/x4/split_linear,16777216,0,1,67108864,67108864,1024,512,256,3,2,39,4.9656319618225098,0.12732389645698744,4194552.4799128547,1
2026-08-16T21:24:19Z,NVIDIA H200 NVL,screen,uniform_0_1,gemv,lns,lns16_r7,16,8,7,fp64,ordinary,padded,thread_packet,4,16,1,1,4,none,split_linear,ordinary/padded/thread_packet/x4/split_linear,16384,1024,1024,33587200,33587200,1024,1024,256,3,0,45,4.8553919792175293,0.10789759953816731,4101.448398307848,1
2026-08-16T21:24:19Z,NVIDIA H200 NVL,screen,uniform_0_1,gemv,lns,lns16_r7,16,8,7,fp64,ordinary,padded,thread_packet,4,16,1,1,4,none,split_linear,ordinary/padded/thread_packet/x4/split_linear,16384,1024,1024,33587200,33587200,1024,1024,256,3,1,45,4.8543357849121094,0.10787412855360243,4101.448398307848,1
2026-08-16T21:24:19Z,NVIDIA H200 NVL,screen,uniform_0_1,gemv,lns,lns16_r7,16,8,7,fp64,ordinary,padded,thread_packet,4,16,1,1,4,none,split_linear,ordinary/padded/thread_packet/x4/split_linear,16384,1024,1024,33587200,33587200,1024,1024,256,3,2,45,4.8523201942443848,0.10782933764987522,4101.448398307848,1
2026-08-16T21:24:19Z,NVIDIA H200 NVL,screen,uniform_0_1,dot,lns,lns16_r7,16,8,7,fp64,ordinary,padded,thread_packet,8,16,1,1,8,none,split_linear,ordinary/padded/thread_packet/x8/split_linear,16777216,0,1,67108864,67108864,1024,512,256,3,0,40,4.9527997970581055,0.12381999492645264,4194552.4799128547,1
2026-08-16T21:24:19Z,NVIDIA H200 NVL,screen,uniform_0_1,dot,lns,lns16_r7,16,8,7,fp64,ordinary,padded,thread_packet,8,16,1,1,8,none,split_linear,ordinary/padded/thread_packet/x8/split_linear,16777216,0,1,67108864,67108864,1024,512,256,3,1,40,4.9525442123413086,0.12381360530853272,4194552.4799128547,1
2026-08-16T21:24:19Z,NVIDIA H200 NVL,screen,uniform_0_1,dot,lns,lns16_r7,16,8,7,fp64,ordinary,padded,thread_packet,8,16,1,1,8,none,split_linear,ordinary/padded/thread_packet/x8/split_linear,16777216,0,1,67108864,67108864,1024,512,256,3,2,40,4.9547839164733887,0.12386959791183472,4194552.4799128547,1
2026-08-16T21:24:19Z,NVIDIA H200 NVL,screen,uniform_0_1,gemv,lns,lns16_r7,16,8,7,fp64,ordinary,padded,thread_packet,8,16,1,1,8,none,split_linear,ordinary/padded/thread_packet/x8/split_linear,16384,1024,1024,33587200,33587200,1024,1024,256,3,0,46,4.889279842376709,0.10628869222558063,4101.4483983078489,1
2026-08-16T21:24:19Z,NVIDIA H200 NVL,screen,uniform_0_1,gemv,lns,lns16_r7,16,8,7,fp64,ordinary,padded,thread_packet,8,16,1,1,8,none,split_linear,ordinary/padded/thread_packet/x8/split_linear,16384,1024,1024,33587200,33587200,1024,1024,256,3,1,46,4.8879361152648926,0.1062594807666281,4101.4483983078489,1
2026-08-16T21:24:19Z,NVIDIA H200 NVL,screen,uniform_0_1,gemv,lns,lns16_r7,16,8,7,fp64,ordinary,padded,thread_packet,8,16,1,1,8,none,split_linear,ordinary/padded/thread_packet/x8/split_linear,16384,1024,1024,33587200,33587200,1024,1024,256,3,2,46,4.8911681175231934,0.10632974168528682,4101.4483983078489,1
2026-08-16T21:24:19Z,NVIDIA H200 NVL,screen,uniform_0_1,dot,lns,lns16_r7,16,8,7,fp64,fused,padded,scalar,1,16,1,1,1,none,split_linear,fused/padded/scalar/x1/split_linear,16777216,0,1,67108864,67108864,1024,512,256,3,0,47,4.9949760437011719,0.10627608603619515,4194552.4799128547,1
2026-08-16T21:24:19Z,NVIDIA H200 NVL,screen,uniform_0_1,dot,lns,lns16_r7,16,8,7,fp64,fused,padded,scalar,1,16,1,1,1,none,split_linear,fused/padded/scalar/x1/split_linear,16777216,0,1,67108864,67108864,1024,512,256,3,1,47,4.9820799827575684,0.10600170176079933,4194552.4799128547,1
2026-08-16T21:24:19Z,NVIDIA H200 NVL,screen,uniform_0_1,dot,lns,lns16_r7,16,8,7,fp64,fused,padded,scalar,1,16,1,1,1,none,split_linear,fused/padded/scalar/x1/split_linear,16777216,0,1,67108864,67108864,1024,512,256,3,2,47,4.9857921600341797,0.10608068425604637,4194552.4799128547,1
2026-08-16T21:24:19Z,NVIDIA H200 NVL,screen,uniform_0_1,gemv,lns,lns16_r7,16,8,7,fp64,fused,padded,scalar,1,16,1,1,1,none,split_linear,fused/padded/scalar/x1/split_linear,16384,1024,1024,33587200,33587200,1024,1024,256,3,0,57,4.9348158836364746,0.08657571725678026,4101.448398307848,1
2026-08-16T21:24:19Z,NVIDIA H200 NVL,screen,uniform_0_1,gemv,lns,lns16_r7,16,8,7,fp64,fused,padded,scalar,1,16,1,1,1,none,split_linear,fused/padded/scalar/x1/split_linear,16384,1024,1024,33587200,33587200,1024,1024,256,3,1,57,4.9349441528320312,0.086577967593544414,4101.448398307848,1
2026-08-16T21:24:19Z,NVIDIA H200 NVL,screen,uniform_0_1,gemv,lns,lns16_r7,16,8,7,fp64,fused,padded,scalar,1,16,1,1,1,none,split_linear,fused/padded/scalar/x1/split_linear,16384,1024,1024,33587200,33587200,1024,1024,256,3,2,57,4.9355201721191406,0.08658807319507264,4101.448398307848,1
2026-08-16T21:24:19Z,NVIDIA H200 NVL,screen,uniform_0_1,dot,lns,lns16_r7,16,8,7,fp64,fused,padded,thread_packet,2,16,1,1,2,none,split_linear,fused/padded/thread_packet/x2/split_linear,16777216,0,1,67108864,67108864,1024,512,256,3,0,48,4.97760009765625,0.1037000020345052,4194552.4799128547,1
2026-08-16T21:24:19Z,NVIDIA H200 NVL,screen,uniform_0_1,dot,lns,lns16_r7,16,8,7,fp64,fused,padded,thread_packet,2,16,1,1,2,none,split_linear,fused/padded/thread_packet/x2/split_linear,16777216,0,1,67108864,67108864,1024,512,256,3,1,48,4.9720320701599121,0.10358400146166484,4194552.4799128547,1
2026-08-16T21:24:19Z,NVIDIA H200 NVL,screen,uniform_0_1,dot,lns,lns16_r7,16,8,7,fp64,fused,padded,thread_packet,2,16,1,1,2,none,split_linear,fused/padded/thread_packet/x2/split_linear,16777216,0,1,67108864,67108864,1024,512,256,3,2,48,4.964928150177002,0.10343600312868755,4194552.4799128547,1
2026-08-16T21:24:19Z,NVIDIA H200 NVL,screen,uniform_0_1,gemv,lns,lns16_r7,16,8,7,fp64,fused,padded,thread_packet,2,16,1,1,2,none,split_linear,fused/padded/thread_packet/x2/split_linear,16384,1024,1024,33587200,33587200,1024,1024,256,3,0,57,4.8837437629699707,0.085679715139824045,4101.448398307848,1
2026-08-16T21:24:19Z,NVIDIA H200 NVL,screen,uniform_0_1,gemv,lns,lns16_r7,16,8,7,fp64,fused,padded,thread_packet,2,16,1,1,2,none,split_linear,fused/padded/thread_packet/x2/split_linear,16384,1024,1024,33587200,33587200,1024,1024,256,3,1,57,4.8856639862060547,0.085713403266772889,4101.448398307848,1
2026-08-16T21:24:19Z,NVIDIA H200 NVL,screen,uniform_0_1,gemv,lns,lns16_r7,16,8,7,fp64,fused,padded,thread_packet,2,16,1,1,2,none,split_linear,fused/padded/thread_packet/x2/split_linear,16384,1024,1024,33587200,33587200,1024,1024,256,3,2,57,4.8866238594055176,0.085730243147465218,4101.448398307848,1
2026-08-16T21:24:19Z,NVIDIA H200 NVL,screen,uniform_0_1,dot,lns,lns16_r7,16,8,7,fp64,fused,padded,thread_packet,4,16,1,1,4,none,split_linear,fused/padded/thread_packet/x4/split_linear,16777216,0,1,67108864,67108864,1024,512,256,3,0,51,4.9807682037353516,0.097662121641869645,4194552.4799128547,1
2026-08-16T21:24:19Z,NVIDIA H200 NVL,screen,uniform_0_1,dot,lns,lns16_r7,16,8,7,fp64,fused,padded,thread_packet,4,16,1,1,4,none,split_linear,fused/padded/thread_packet/x4/split_linear,16777216,0,1,67108864,67108864,1024,512,256,3,1,51,4.9868159294128418,0.097780704498291016,4194552.4799128547,1
2026-08-16T21:24:19Z,NVIDIA H200 NVL,screen,uniform_0_1,dot,lns,lns16_r7,16,8,7,fp64,fused,padded,thread_packet,4,16,1,1,4,none,split_linear,fused/padded/thread_packet/x4/split_linear,16777216,0,1,67108864,67108864,1024,512,256,3,2,51,4.9912319183349609,0.097867292516371787,4194552.4799128547,1
2026-08-16T21:24:19Z,NVIDIA H200 NVL,screen,uniform_0_1,gemv,lns,lns16_r7,16,8,7,fp64,fused,padded,thread_packet,4,16,1,1,4,none,split_linear,fused/padded/thread_packet/x4/split_linear,16384,1024,1024,33587200,33587200,1024,1024,256,3,0,59,4.8664641380310059,0.082482443017474677,4101.448398307848,1
2026-08-16T21:24:19Z,NVIDIA H200 NVL,screen,uniform_0_1,gemv,lns,lns16_r7,16,8,7,fp64,fused,padded,thread_packet,4,16,1,1,4,none,split_linear,fused/padded/thread_packet/x4/split_linear,16384,1024,1024,33587200,33587200,1024,1024,256,3,1,59,4.8514561653137207,0.082228070598537636,4101.448398307848,1
2026-08-16T21:24:19Z,NVIDIA H200 NVL,screen,uniform_0_1,gemv,lns,lns16_r7,16,8,7,fp64,fused,padded,thread_packet,4,16,1,1,4,none,split_linear,fused/padded/thread_packet/x4/split_linear,16384,1024,1024,33587200,33587200,1024,1024,256,3,2,59,4.8523521423339844,0.082243256649728549,4101.448398307848,1
2026-08-16T21:24:19Z,NVIDIA H200 NVL,screen,uniform_0_1,dot,lns,lns16_r7,16,8,7,fp64,fused,padded,thread_packet,8,16,1,1,8,none,split_linear,fused/padded/thread_packet/x8/split_linear,16777216,0,1,67108864,67108864,1024,512,256,3,0,52,4.8632321357727051,0.093523694918705866,4194552.4799128547,1
2026-08-16T21:24:19Z,NVIDIA H200 NVL,screen,uniform_0_1,dot,lns,lns16_r7,16,8,7,fp64,fused,padded,thread_packet,8,16,1,1,8,none,split_linear,fused/padded/thread_packet/x8/split_linear,16777216,0,1,67108864,67108864,1024,512,256,3,1,52,4.8584637641906738,0.093431995465205267,4194552.4799128547,1
2026-08-16T21:24:19Z,NVIDIA H200 NVL,screen,uniform_0_1,dot,lns,lns16_r7,16,8,7,fp64,fused,padded,thread_packet,8,16,1,1,8,none,split_linear,fused/padded/thread_packet/x8/split_linear,16777216,0,1,67108864,67108864,1024,512,256,3,2,52,4.8582720756530762,0.093428309147174537,4194552.4799128547,1
2026-08-16T21:24:19Z,NVIDIA H200 NVL,screen,uniform_0_1,gemv,lns,lns16_r7,16,8,7,fp64,fused,padded,thread_packet,8,16,1,1,8,none,split_linear,fused/padded/thread_packet/x8/split_linear,16384,1024,1024,33587200,33587200,1024,1024,256,3,0,61,4.8990721702575684,0.0803126585288126,4101.4483983078489,1
2026-08-16T21:24:19Z,NVIDIA H200 NVL,screen,uniform_0_1,gemv,lns,lns16_r7,16,8,7,fp64,fused,padded,thread_packet,8,16,1,1,8,none,split_linear,fused/padded/thread_packet/x8/split_linear,16384,1024,1024,33587200,33587200,1024,1024,256,3,1,61,4.8993282318115234,0.080316856259205302,4101.4483983078489,1
2026-08-16T21:24:19Z,NVIDIA H200 NVL,screen,uniform_0_1,gemv,lns,lns16_r7,16,8,7,fp64,fused,padded,thread_packet,8,16,1,1,8,none,split_linear,fused/padded/thread_packet/x8/split_linear,16384,1024,1024,33587200,33587200,1024,1024,256,3,2,61,4.8999361991882324,0.080326822937512005,4101.4483983078489,1
2026-08-16T21:24:19Z,NVIDIA H200 NVL,screen,uniform_0_1,dot,lns,lns16_r7,16,8,7,fp64,ordinary,padded,scalar,1,16,1,1,1,none,split_quadratic,ordinary/padded/scalar/x1/split_quadratic,16777216,0,1,67108864,67108864,1024,512,256,3,0,37,4.990880012512207,0.13488864898681641,4194552.4799128547,1
2026-08-16T21:24:19Z,NVIDIA H200 NVL,screen,uniform_0_1,dot,lns,lns16_r7,16,8,7,fp64,ordinary,padded,scalar,1,16,1,1,1,none,split_quadratic,ordinary/padded/scalar/x1/split_quadratic,16777216,0,1,67108864,67108864,1024,512,256,3,1,37,4.997920036315918,0.13507891990043022,4194552.4799128547,1
2026-08-16T21:24:19Z,NVIDIA H200 NVL,screen,uniform_0_1,dot,lns,lns16_r7,16,8,7,fp64,ordinary,padded,scalar,1,16,1,1,1,none,split_quadratic,ordinary/padded/scalar/x1/split_quadratic,16777216,0,1,67108864,67108864,1024,512,256,3,2,37,4.9960641860961914,0.13502876178638354,4194552.4799128547,1
2026-08-16T21:24:19Z,NVIDIA H200 NVL,screen,uniform_0_1,gemv,lns,lns16_r7,16,8,7,fp64,ordinary,padded,scalar,1,16,1,1,1,none,split_quadratic,ordinary/padded/scalar/x1/split_quadratic,16384,1024,1024,33587200,33587200,1024,1024,256,3,0,44,4.9914240837097168,0.11344145644794811,4101.448398307848,1
2026-08-16T21:24:19Z,NVIDIA H200 NVL,screen,uniform_0_1,gemv,lns,lns16_r7,16,8,7,fp64,ordinary,padded,scalar,1,16,1,1,1,none,split_quadratic,ordinary/padded/scalar/x1/split_quadratic,16384,1024,1024,33587200,33587200,1024,1024,256,3,1,44,4.9894719123840332,0.11339708891781894,4101.448398307848,1
2026-08-16T21:24:19Z,NVIDIA H200 NVL,screen,uniform_0_1,gemv,lns,lns16_r7,16,8,7,fp64,ordinary,padded,scalar,1,16,1,1,1,none,split_quadratic,ordinary/padded/scalar/x1/split_quadratic,16384,1024,1024,33587200,33587200,1024,1024,256,3,2,44,4.9937920570373535,0.11349527402357622,4101.448398307848,1
2026-08-16T21:24:19Z,NVIDIA H200 NVL,screen,uniform_0_1,dot,lns,lns16_r7,16,8,7,fp64,ordinary,padded,thread_packet,2,16,1,1,2,none,split_quadratic,ordinary/padded/thread_packet/x2/split_quadratic,16777216,0,1,67108864,67108864,1024,512,256,3,0,37,4.9359040260314941,0.1334028115143647,4194552.4799128547,1
2026-08-16T21:24:19Z,NVIDIA H200 NVL,screen,uniform_0_1,dot,lns,lns16_r7,16,8,7,fp64,ordinary,padded,thread_packet,2,16,1,1,2,none,split_quadratic,ordinary/padded/thread_packet/x2/split_quadratic,16777216,0,1,67108864,67108864,1024,512,256,3,1,37,4.9423360824584961,0.13357665087725665,4194552.4799128547,1
2026-08-16T21:24:19Z,NVIDIA H200 NVL,screen,uniform_0_1,dot,lns,lns16_r7,16,8,7,fp64,ordinary,padded,thread_packet,2,16,1,1,2,none,split_quadratic,ordinary/padded/thread_packet/x2/split_quadratic,16777216,0,1,67108864,67108864,1024,512,256,3,2,37,4.9446401596069336,0.13363892323261983,4194552.4799128547,1
2026-08-16T21:24:19Z,NVIDIA H200 NVL,screen,uniform_0_1,gemv,lns,lns16_r7,16,8,7,fp64,ordinary,padded,thread_packet,2,16,1,1,2,none,split_quadratic,ordinary/padded/thread_packet/x2/split_quadratic,16384,1024,1024,33587200,33587200,1024,1024,256,3,0,44,4.8834881782531738,0.11098836768757213,4101.448398307848,1
2026-08-16T21:24:19Z,NVIDIA H200 NVL,screen,uniform_0_1,gemv,lns,lns16_r7,16,8,7,fp64,ordinary,padded,thread_packet,2,16,1,1,2,none,split_quadratic,ordinary/padded/thread_packet/x2/split_quadratic,16384,1024,1024,33587200,33587200,1024,1024,256,3,1,44,4.8929281234741211,0.11120291189713911,4101.448398307848,1
2026-08-16T21:24:19Z,NVIDIA H200 NVL,screen,uniform_0_1,gemv,lns,lns16_r7,16,8,7,fp64,ordinary,padded,thread_packet,2,16,1,1,2,none,split_quadratic,ordinary/padded/thread_packet/x2/split_quadratic,16384,1024,1024,33587200,33587200,1024,1024,256,3,2,44,4.8897600173950195,0.11113090948625044,4101.448398307848,1
2026-08-16T21:24:19Z,NVIDIA H200 NVL,screen,uniform_0_1,dot,lns,lns16_r7,16,8,7,fp64,ordinary,padded,thread_packet,4,16,1,1,4,none,split_quadratic,ordinary/padded/thread_packet/x4/split_quadratic,16777216,0,1,67108864,67108864,1024,512,256,3,0,39,4.9814081192016602,0.12772841331286308,4194552.4799128547,1
2026-08-16T21:24:19Z,NVIDIA H200 NVL,screen,uniform_0_1,dot,lns,lns16_r7,16,8,7,fp64,ordinary,padded,thread_packet,4,16,1,1,4,none,split_quadratic,ordinary/padded/thread_packet/x4/split_quadratic,16777216,0,1,67108864,67108864,1024,512,256,3,1,39,4.9797759056091309,0.1276865616822854,4194552.4799128547,1
2026-08-16T21:24:19Z,NVIDIA H200 NVL,screen,uniform_0_1,dot,lns,lns16_r7,16,8,7,fp64,ordinary,padded,thread_packet,4,16,1,1,4,none,split_quadratic,ordinary/padded/thread_packet/x4/split_quadratic,16777216,0,1,67108864,67108864,1024,512,256,3,2,39,4.9794559478759766,0.12767835763784555,4194552.4799128547,1
2026-08-16T21:24:19Z,NVIDIA H200 NVL,screen,uniform_0_1,gemv,lns,lns16_r7,16,8,7,fp64,ordinary,padded,thread_packet,4,16,1,1,4,none,split_quadratic,ordinary/padded/thread_packet/x4/split_quadratic,16384,1024,1024,33587200,33587200,1024,1024,256,3,0,46,4.9640002250671387,0.10791304837102475,4101.448398307848,1
2026-08-16T21:24:19Z,NVIDIA H200 NVL,screen,uniform_0_1,gemv,lns,lns16_r7,16,8,7,fp64,ordinary,padded,thread_packet,4,16,1,1,4,none,split_quadratic,ordinary/padded/thread_packet/x4/split_quadratic,16384,1024,1024,33587200,33587200,1024,1024,256,3,1,46,4.960576057434082,0.10783860994421918,4101.448398307848,1
2026-08-16T21:24:19Z,NVIDIA H200 NVL,screen,uniform_0_1,gemv,lns,lns16_r7,16,8,7,fp64,ordinary,padded,thread_packet,4,16,1,1,4,none,split_quadratic,ordinary/padded/thread_packet/x4/split_quadratic,16384,1024,1024,33587200,33587200,1024,1024,256,3,2,46,4.9613761901855469,0.10785600413446841,4101.448398307848,1
2026-08-16T21:24:19Z,NVIDIA H200 NVL,screen,uniform_0_1,dot,lns,lns16_r7,16,8,7,fp64,ordinary,padded,thread_packet,8,16,1,1,8,none,split_quadratic,ordinary/padded/thread_packet/x8/split_quadratic,16777216,0,1,67108864,67108864,1024,512,256,3,0,40,4.964928150177002,0.12412320375442505,4194552.4799128547,1
2026-08-16T21:24:19Z,NVIDIA H200 NVL,screen,uniform_0_1,dot,lns,lns16_r7,16,8,7,fp64,ordinary,padded,thread_packet,8,16,1,1,8,none,split_quadratic,ordinary/padded/thread_packet/x8/split_quadratic,16777216,0,1,67108864,67108864,1024,512,256,3,1,40,4.9509758949279785,0.12377439737319947,4194552.4799128547,1
2026-08-16T21:24:19Z,NVIDIA H200 NVL,screen,uniform_0_1,dot,lns,lns16_r7,16,8,7,fp64,ordinary,padded,thread_packet,8,16,1,1,8,none,split_quadratic,ordinary/padded/thread_packet/x8/split_quadratic,16777216,0,1,67108864,67108864,1024,512,256,3,2,40,4.9579839706420898,0.12394959926605224,4194552.4799128547,1
2026-08-16T21:24:19Z,NVIDIA H200 NVL,screen,uniform_0_1,gemv,lns,lns16_r7,16,8,7,fp64,ordinary,padded,thread_packet,8,16,1,1,8,none,split_quadratic,ordinary/padded/thread_packet/x8/split_quadratic,16384,1024,1024,33587200,33587200,1024,1024,256,3,0,47,4.9918079376220703,0.10620867952387383,4101.4483983078489,1
2026-08-16T21:24:19Z,NVIDIA H200 NVL,screen,uniform_0_1,gemv,lns,lns16_r7,16,8,7,fp64,ordinary,padded,thread_packet,8,16,1,1,8,none,split_quadratic,ordinary/padded/thread_packet/x8/split_quadratic,16384,1024,1024,33587200,33587200,1024,1024,256,3,1,47,4.9954562187194824,0.10628630252594644,4101.4483983078489,1
2026-08-16T21:24:19Z,NVIDIA H200 NVL,screen,uniform_0_1,gemv,lns,lns16_r7,16,8,7,fp64,ordinary,padded,thread_packet,8,16,1,1,8,none,split_quadratic,ordinary/padded/thread_packet/x8/split_quadratic,16384,1024,1024,33587200,33587200,1024,1024,256,3,2,47,4.9944639205932617,0.10626518979985664,4101.4483983078489,1
2026-08-16T21:24:19Z,NVIDIA H200 NVL,screen,uniform_0_1,dot,lns,lns16_r7,16,8,7,fp64,fused,padded,scalar,1,16,1,1,1,none,split_quadratic,fused/padded/scalar/x1/split_quadratic,16777216,0,1,67108864,67108864,1024,512,256,3,0,47,4.9568958282470703,0.10546586868610788,4194552.4799128547,1
2026-08-16T21:24:19Z,NVIDIA H200 NVL,screen,uniform_0_1,dot,lns,lns16_r7,16,8,7,fp64,fused,padded,scalar,1,16,1,1,1,none,split_quadratic,fused/padded/scalar/x1/split_quadratic,16777216,0,1,67108864,67108864,1024,512,256,3,1,47,4.9643840789794922,0.10562519316977644,4194552.4799128547,1
2026-08-16T21:24:19Z,NVIDIA H200 NVL,screen,uniform_0_1,dot,lns,lns16_r7,16,8,7,fp64,fused,padded,scalar,1,16,1,1,1,none,split_quadratic,fused/padded/scalar/x1/split_quadratic,16777216,0,1,67108864,67108864,1024,512,256,3,2,47,4.966559886932373,0.10567148695600793,4194552.4799128547,1
2026-08-16T21:24:19Z,NVIDIA H200 NVL,screen,uniform_0_1,gemv,lns,lns16_r7,16,8,7,fp64,fused,padded,scalar,1,16,1,1,1,none,split_quadratic,fused/padded/scalar/x1/split_quadratic,16384,1024,1024,33587200,33587200,1024,1024,256,3,0,56,4.8512959480285645,0.086630284786224365,4101.448398307848,1
2026-08-16T21:24:19Z,NVIDIA H200 NVL,screen,uniform_0_1,gemv,lns,lns16_r7,16,8,7,fp64,fused,padded,scalar,1,16,1,1,1,none,split_quadratic,fused/padded/scalar/x1/split_quadratic,16384,1024,1024,33587200,33587200,1024,1024,256,3,1,56,4.851071834564209,0.086626282760075154,4101.448398307848,1
2026-08-16T21:24:19Z,NVIDIA H200 NVL,screen,uniform_0_1,gemv,lns,lns16_r7,16,8,7,fp64,fused,padded,scalar,1,16,1,1,1,none,split_quadratic,fused/padded/scalar/x1/split_quadratic,16384,1024,1024,33587200,33587200,1024,1024,256,3,2,56,4.8509440422058105,0.086624000753675184,4101.448398307848,1
2026-08-16T21:24:19Z,NVIDIA H200 NVL,screen,uniform_0_1,dot,lns,lns16_r7,16,8,7,fp64,fused,padded,thread_packet,2,16,1,1,2,none,split_quadratic,fused/padded/thread_packet/x2/split_quadratic,16777216,0,1,67108864,67108864,1024,512,256,3,0,48,4.963712215423584,0.103410671154658,4194552.4799128547,1
2026-08-16T21:24:19Z,NVIDIA H200 NVL,screen,uniform_0_1,dot,lns,lns16_r7,16,8,7,fp64,fused,padded,thread_packet,2,16,1,1,2,none,split_quadratic,fused/padded/thread_packet/x2/split_quadratic,16777216,0,1,67108864,67108864,1024,512,256,3,1,48,4.9701437950134277,0.10354466239611308,4194552.4799128547,1
2026-08-16T21:24:19Z,NVIDIA H200 NVL,screen,uniform_0_1,dot,lns,lns16_r7,16,8,7,fp64,fused,padded,thread_packet,2,16,1,1,2,none,split_quadratic,fused/padded/thread_packet/x2/split_quadratic,16777216,0,1,67108864,67108864,1024,512,256,3,2,48,4.9733119010925293,0.10361066460609436,4194552.4799128547,1
2026-08-16T21:24:19Z,NVIDIA H200 NVL,screen,uniform_0_1,gemv,lns,lns16_r7,16,8,7,fp64,fused,padded,thread_packet,2,16,1,1,2,none,split_quadratic,fused/padded/thread_packet/x2/split_quadratic,16384,1024,1024,33587200,33587200,1024,1024,256,3,0,57,4.9044480323791504,0.086042947936476322,4101.448398307848,1
2026-08-16T21:24:19Z,NVIDIA H200 NVL,screen,uniform_0_1,gemv,lns,lns16_r7,16,8,7,fp64,fused,padded,thread_packet,2,16,1,1,2,none,split_quadratic,fused/padded/thread_packet/x2/split_quadratic,16384,1024,1024,33587200,33587200,1024,1024,256,3,1,57,4.8910717964172363,0.085808277130126953,4101.448398307848,1
2026-08-16T21:24:19Z,NVIDIA H200 NVL,screen,uniform_0_1,gemv,lns,lns16_r7,16,8,7,fp64,fused,padded,thread_packet,2,16,1,1,2,none,split_quadratic,fused/padded/thread_packet/x2/split_quadratic,16384,1024,1024,33587200,33587200,1024,1024,256,3,2,57,4.8840317726135254,0.085684767940588158,4101.448398307848,1
2026-08-16T21:24:19Z,NVIDIA H200 NVL,screen,uniform_0_1,dot,lns,lns16_r7,16,8,7,fp64,fused,padded,thread_packet,4,16,1,1,4,none,split_quadratic,fused/padded/thread_packet/x4/split_quadratic,16777216,0,1,67108864,67108864,1024,512,256,3,0,51,4.9795842170715332,0.097638906217088886,4194552.4799128547,1
2026-08-16T21:24:19Z,NVIDIA H200 NVL,screen,uniform_0_1,dot,lns,lns16_r7,16,8,7,fp64,fused,padded,thread_packet,4,16,1,1,4,none,split_quadratic,fused/padded/thread_packet/x4/split_quadratic,16777216,0,1,67108864,67108864,1024,512,256,3,1,51,4.9706559181213379,0.09746384153179094,4194552.4799128547,1
2026-08-16T21:24:19Z,NVIDIA H200 NVL,screen,uniform_0_1,dot,lns,lns16_r7,16,8,7,fp64,fused,padded,thread_packet,4,16,1,1,4,none,split_quadratic,fused/padded/thread_packet/x4/split_quadratic,16777216,0,1,67108864,67108864,1024,512,256,3,2,51,4.9722881317138672,0.097495845719879751,4194552.4799128547,1
2026-08-16T21:24:19Z,NVIDIA H200 NVL,screen,uniform_0_1,gemv,lns,lns16_r7,16,8,7,fp64,fused,padded,thread_packet,4,16,1,1,4,none,split_quadratic,fused/padded/thread_packet/x4/split_quadratic,16384,1024,1024,33587200,33587200,1024,1024,256,3,0,59,4.8516478538513184,0.082231319556802004,4101.448398307848,1
2026-08-16T21:24:19Z,NVIDIA H200 NVL,screen,uniform_0_1,gemv,lns,lns16_r7,16,8,7,fp64,fused,padded,thread_packet,4,16,1,1,4,none,split_quadratic,fused/padded/thread_packet/x4/split_quadratic,16384,1024,1024,33587200,33587200,1024,1024,256,3,1,59,4.8517122268676758,0.082232410624875865,4101.448398307848,1
2026-08-16T21:24:19Z,NVIDIA H200 NVL,screen,uniform_0_1,gemv,lns,lns16_r7,16,8,7,fp64,fused,padded,thread_packet,4,16,1,1,4,none,split_quadratic,fused/padded/thread_packet/x4/split_quadratic,16384,1024,1024,33587200,33587200,1024,1024,256,3,2,59,4.8504958152770996,0.082211793479272877,4101.448398307848,1
2026-08-16T21:24:19Z,NVIDIA H200 NVL,screen,uniform_0_1,dot,lns,lns16_r7,16,8,7,fp64,fused,padded,thread_packet,8,16,1,1,8,none,split_quadratic,fused/padded/thread_packet/x8/split_quadratic,16777216,0,1,67108864,67108864,1024,512,256,3,0,53,4.9535040855407715,0.093462341236618326,4194552.4799128547,1
2026-08-16T21:24:19Z,NVIDIA H200 NVL,screen,uniform_0_1,dot,lns,lns16_r7,16,8,7,fp64,fused,padded,thread_packet,8,16,1,1,8,none,split_quadratic,fused/padded/thread_packet/x8/split_quadratic,16777216,0,1,67108864,67108864,1024,512,256,3,1,53,4.9479999542236328,0.093358489702332695,4194552.4799128547,1
2026-08-16T21:24:19Z,NVIDIA H200 NVL,screen,uniform_0_1,dot,lns,lns16_r7,16,8,7,fp64,fused,padded,thread_packet,8,16,1,1,8,none,split_quadratic,fused/padded/thread_packet/x8/split_quadratic,16777216,0,1,67108864,67108864,1024,512,256,3,2,53,4.9512639045715332,0.093420073671161008,4194552.4799128547,1
2026-08-16T21:24:19Z,NVIDIA H200 NVL,screen,uniform_0_1,gemv,lns,lns16_r7,16,8,7,fp64,fused,padded,thread_packet,8,16,1,1,8,none,split_quadratic,fused/padded/thread_packet/x8/split_quadratic,16384,1024,1024,33587200,33587200,1024,1024,256,3,0,61,4.8970880508422852,0.080280131981021075,4101.4483983078489,1
2026-08-16T21:24:19Z,NVIDIA H200 NVL,screen,uniform_0_1,gemv,lns,lns16_r7,16,8,7,fp64,fused,padded,thread_packet,8,16,1,1,8,none,split_quadratic,fused/padded/thread_packet/x8/split_quadratic,16384,1024,1024,33587200,33587200,1024,1024,256,3,1,61,4.9003200531005859,0.080333115624599771,4101.4483983078489,1
2026-08-16T21:24:19Z,NVIDIA H200 NVL,screen,uniform_0_1,gemv,lns,lns16_r7,16,8,7,fp64,fused,padded,thread_packet,8,16,1,1,8,none,split_quadratic,fused/padded/thread_packet/x8/split_quadratic,16384,1024,1024,33587200,33587200,1024,1024,256,3,2,61,4.8982400894165039,0.080299017859286947,4101.4483983078489,1
2026-08-16T21:24:19Z,NVIDIA H200 NVL,screen,uniform_0_1,dot,lns,lns16_r7,16,8,7,fp64,ordinary,padded,scalar,1,16,1,1,1,none,split_cubic,ordinary/padded/scalar/x1/split_cubic,16777216,0,1,67108864,67108864,1024,512,256,3,0,37,4.993408203125,0.13495697846283783,4194552.4799128547,1
2026-08-16T21:24:19Z,NVIDIA H200 NVL,screen,uniform_0_1,dot,lns,lns16_r7,16,8,7,fp64,ordinary,padded,scalar,1,16,1,1,1,none,split_cubic,ordinary/padded/scalar/x1/split_cubic,16777216,0,1,67108864,67108864,1024,512,256,3,1,37,5.0007362365722656,0.13515503342087204,4194552.4799128547,1
2026-08-16T21:24:19Z,NVIDIA H200 NVL,screen,uniform_0_1,dot,lns,lns16_r7,16,8,7,fp64,ordinary,padded,scalar,1,16,1,1,1,none,split_cubic,ordinary/padded/scalar/x1/split_cubic,16777216,0,1,67108864,67108864,1024,512,256,3,2,37,4.9956798553466797,0.13501837446882919,4194552.4799128547,1
2026-08-16T21:24:19Z,NVIDIA H200 NVL,screen,uniform_0_1,gemv,lns,lns16_r7,16,8,7,fp64,ordinary,padded,scalar,1,16,1,1,1,none,split_cubic,ordinary/padded/scalar/x1/split_cubic,16384,1024,1024,33587200,33587200,1024,1024,256,3,0,44,4.9931521415710449,0.11348073049025102,4101.448398307848,1
2026-08-16T21:24:19Z,NVIDIA H200 NVL,screen,uniform_0_1,gemv,lns,lns16_r7,16,8,7,fp64,ordinary,padded,scalar,1,16,1,1,1,none,split_cubic,ordinary/padded/scalar/x1/split_cubic,16384,1024,1024,33587200,33587200,1024,1024,256,3,1,44,4.9917759895324707,0.11344945430755615,4101.448398307848,1
2026-08-16T21:24:19Z,NVIDIA H200 NVL,screen,uniform_0_1,gemv,lns,lns16_r7,16,8,7,fp64,ordinary,padded,scalar,1,16,1,1,1,none,split_cubic,ordinary/padded/scalar/x1/split_cubic,16384,1024,1024,33587200,33587200,1024,1024,256,3,2,44,4.9917440414428711,0.1134487282146107,4101.448398307848,1
2026-08-16T21:24:19Z,NVIDIA H200 NVL,screen,uniform_0_1,dot,lns,lns16_r7,16,8,7,fp64,ordinary,padded,thread_packet,2,16,1,1,2,none,split_cubic,ordinary/padded/thread_packet/x2/split_cubic,16777216,0,1,67108864,67108864,1024,512,256,3,0,38,5.0754561424255371,0.13356463532698781,4194552.4799128547,1
2026-08-16T21:24:19Z,NVIDIA H200 NVL,screen,uniform_0_1,dot,lns,lns16_r7,16,8,7,fp64,ordinary,padded,thread_packet,2,16,1,1,2,none,split_cubic,ordinary/padded/thread_packet/x2/split_cubic,16777216,0,1,67108864,67108864,1024,512,256,3,1,38,5.0673918724060059,0.13335241769489489,4194552.4799128547,1
2026-08-16T21:24:19Z,NVIDIA H200 NVL,screen,uniform_0_1,dot,lns,lns16_r7,16,8,7,fp64,ordinary,padded,thread_packet,2,16,1,1,2,none,split_cubic,ordinary/padded/thread_packet/x2/split_cubic,16777216,0,1,67108864,67108864,1024,512,256,3,2,38,5.0695362091064453,0.13340884760806435,4194552.4799128547,1
2026-08-16T21:24:19Z,NVIDIA H200 NVL,screen,uniform_0_1,gemv,lns,lns16_r7,16,8,7,fp64,ordinary,padded,thread_packet,2,16,1,1,2,none,split_cubic,ordinary/padded/thread_packet/x2/split_cubic,16384,1024,1024,33587200,33587200,1024,1024,256,3,0,45,4.9983358383178711,0.11107412974039714,4101.448398307848,1
2026-08-16T21:24:19Z,NVIDIA H200 NVL,screen,uniform_0_1,gemv,lns,lns16_r7,16,8,7,fp64,ordinary,padded,thread_packet,2,16,1,1,2,none,split_cubic,ordinary/padded/thread_packet/x2/split_cubic,16384,1024,1024,33587200,33587200,1024,1024,256,3,1,45,4.9961600303649902,0.11102577845255533,4101.448398307848,1
2026-08-16T21:24:19Z,NVIDIA H200 NVL,screen,uniform_0_1,gemv,lns,lns16_r7,16,8,7,fp64,ordinary,padded,thread_packet,2,16,1,1,2,none,split_cubic,ordinary/padded/thread_packet/x2/split_cubic,16384,1024,1024,33587200,33587200,1024,1024,256,3,2,45,4.9985599517822266,0.11107911003960504,4101.448398307848,1
2026-08-16T21:24:19Z,NVIDIA H200 NVL,screen,uniform_0_1,dot,lns,lns16_r7,16,8,7,fp64,ordinary,padded,thread_packet,4,16,1,1,4,none,split_cubic,ordinary/padded/thread_packet/x4/split_cubic,16777216,0,1,67108864,67108864,1024,512,256,3,0,39,4.9578561782836914,0.12712451739188951,4194552.4799128547,1
2026-08-16T21:24:19Z,NVIDIA H200 NVL,screen,uniform_0_1,dot,lns,lns16_r7,16,8,7,fp64,ordinary,padded,thread_packet,4,16,1,1,4,none,split_cubic,ordinary/padded/thread_packet/x4/split_cubic,16777216,0,1,67108864,67108864,1024,512,256,3,1,39,4.9667840003967285,0.12735343590760842,4194552.4799128547,1
2026-08-16T21:24:19Z,NVIDIA H200 NVL,screen,uniform_0_1,dot,lns,lns16_r7,16,8,7,fp64,ordinary,padded,thread_packet,4,16,1,1,4,none,split_cubic,ordinary/padded/thread_packet/x4/split_cubic,16777216,0,1,67108864,67108864,1024,512,256,3,2,39,4.9593281745910645,0.12716226088695037,4194552.4799128547,1
2026-08-16T21:24:19Z,NVIDIA H200 NVL,screen,uniform_0_1,gemv,lns,lns16_r7,16,8,7,fp64,ordinary,padded,thread_packet,4,16,1,1,4,none,split_cubic,ordinary/padded/thread_packet/x4/split_cubic,16384,1024,1024,33587200,33587200,1024,1024,256,3,0,46,4.9595198631286621,0.10781564919844917,4101.448398307848,1
2026-08-16T21:24:19Z,NVIDIA H200 NVL,screen,uniform_0_1,gemv,lns,lns16_r7,16,8,7,fp64,ordinary,padded,thread_packet,4,16,1,1,4,none,split_cubic,ordinary/padded/thread_packet/x4/split_cubic,16384,1024,1024,33587200,33587200,1024,1024,256,3,1,46,4.9614400863647461,0.1078573931818423,4101.448398307848,1
2026-08-16T21:24:19Z,NVIDIA H200 NVL,screen,uniform_0_1,gemv,lns,lns16_r7,16,8,7,fp64,ordinary,padded,thread_packet,4,16,1,1,4,none,split_cubic,ordinary/padded/thread_packet/x4/split_cubic,16384,1024,1024,33587200,33587200,1024,1024,256,3,2,46,4.9626240730285645,0.10788313202236009,4101.448398307848,1
2026-08-16T21:24:19Z,NVIDIA H200 NVL,screen,uniform_0_1,dot,lns,lns16_r7,16,8,7,fp64,ordinary,padded,thread_packet,8,16,1,1,8,none,split_cubic,ordinary/padded/thread_packet/x8/split_cubic,16777216,0,1,67108864,67108864,1024,512,256,3,0,40,4.9404802322387695,0.12351200580596924,4194552.4799128547,1
2026-08-16T21:24:19Z,NVIDIA H200 NVL,screen,uniform_0_1,dot,lns,lns16_r7,16,8,7,fp64,ordinary,padded,thread_packet,8,16,1,1,8,none,split_cubic,ordinary/padded/thread_packet/x8/split_cubic,16777216,0,1,67108864,67108864,1024,512,256,3,1,40,4.931488037109375,0.12328720092773438,4194552.4799128547,1
2026-08-16T21:24:19Z,NVIDIA H200 NVL,screen,uniform_0_1,dot,lns,lns16_r7,16,8,7,fp64,ordinary,padded,thread_packet,8,16,1,1,8,none,split_cubic,ordinary/padded/thread_packet/x8/split_cubic,16777216,0,1,67108864,67108864,1024,512,256,3,2,40,4.9291520118713379,0.12322880029678344,4194552.4799128547,1
2026-08-16T21:24:19Z,NVIDIA H200 NVL,screen,uniform_0_1,gemv,lns,lns16_r7,16,8,7,fp64,ordinary,padded,thread_packet,8,16,1,1,8,none,split_cubic,ordinary/padded/thread_packet/x8/split_cubic,16384,1024,1024,33587200,33587200,1024,1024,256,3,0,46,4.8869757652282715,0.10623860359191895,4101.4483983078489,1
2026-08-16T21:24:19Z,NVIDIA H200 NVL,screen,uniform_0_1,gemv,lns,lns16_r7,16,8,7,fp64,ordinary,padded,thread_packet,8,16,1,1,8,none,split_cubic,ordinary/padded/thread_packet/x8/split_cubic,16384,1024,1024,33587200,33587200,1024,1024,256,3,1,46,4.8971199989318848,0.10645913041156271,4101.4483983078489,1
2026-08-16T21:24:19Z,NVIDIA H200 NVL,screen,uniform_0_1,gemv,lns,lns16_r7,16,8,7,fp64,ordinary,padded,thread_packet,8,16,1,1,8,none,split_cubic,ordinary/padded/thread_packet/x8/split_cubic,16384,1024,1024,33587200,33587200,1024,1024,256,3,2,46,4.8915839195251465,0.10633878085924231,4101.4483983078489,1
2026-08-16T21:24:19Z,NVIDIA H200 NVL,screen,uniform_0_1,dot,lns,lns16_r7,16,8,7,fp64,fused,padded,scalar,1,16,1,1,1,none,split_cubic,fused/padded/scalar/x1/split_cubic,16777216,0,1,67108864,67108864,1024,512,256,3,0,47,4.9619841575622559,0.10557413101196289,4194552.4799128547,1
2026-08-16T21:24:19Z,NVIDIA H200 NVL,screen,uniform_0_1,dot,lns,lns16_r7,16,8,7,fp64,fused,padded,scalar,1,16,1,1,1,none,split_cubic,fused/padded/scalar/x1/split_cubic,16777216,0,1,67108864,67108864,1024,512,256,3,1,47,4.9488959312438965,0.10529565811157227,4194552.4799128547,1
2026-08-16T21:24:19Z,NVIDIA H200 NVL,screen,uniform_0_1,dot,lns,lns16_r7,16,8,7,fp64,fused,padded,scalar,1,16,1,1,1,none,split_cubic,fused/padded/scalar/x1/split_cubic,16777216,0,1,67108864,67108864,1024,512,256,3,2,47,4.9575681686401367,0.10548017380085398,4194552.4799128547,1
2026-08-16T21:24:19Z,NVIDIA H200 NVL,screen,uniform_0_1,gemv,lns,lns16_r7,16,8,7,fp64,fused,padded,scalar,1,16,1,1,1,none,split_cubic,fused/padded/scalar/x1/split_cubic,16384,1024,1024,33587200,33587200,1024,1024,256,3,0,56,4.8495359420776367,0.086598856108529229,4101.448398307848,1
2026-08-16T21:24:19Z,NVIDIA H200 NVL,screen,uniform_0_1,gemv,lns,lns16_r7,16,8,7,fp64,fused,padded,scalar,1,16,1,1,1,none,split_cubic,fused/padded/scalar/x1/split_cubic,16384,1024,1024,33587200,33587200,1024,1024,256,3,1,56,4.8482561111450195,0.08657600198473249,4101.448398307848,1
2026-08-16T21:24:19Z,NVIDIA H200 NVL,screen,uniform_0_1,gemv,lns,lns16_r7,16,8,7,fp64,fused,padded,scalar,1,16,1,1,1,none,split_cubic,fused/padded/scalar/x1/split_cubic,16384,1024,1024,33587200,33587200,1024,1024,256,3,2,56,4.8473601341247559,0.08656000239508492,4101.448398307848,1
2026-08-16T21:24:19Z,NVIDIA H200 NVL,screen,uniform_0_1,dot,lns,lns16_r7,16,8,7,fp64,fused,padded,thread_packet,2,16,1,1,2,none,split_cubic,fused/padded/thread_packet/x2/split_cubic,16777216,0,1,67108864,67108864,1024,512,256,3,0,48,4.9786238670349121,0.10372133056322734,4194552.4799128547,1
2026-08-16T21:24:19Z,NVIDIA H200 NVL,screen,uniform_0_1,dot,lns,lns16_r7,16,8,7,fp64,fused,padded,thread_packet,2,16,1,1,2,none,split_cubic,fused/padded/thread_packet/x2/split_cubic,16777216,0,1,67108864,67108864,1024,512,256,3,1,48,4.967616081237793,0.10349200169245402,4194552.4799128547,1
2026-08-16T21:24:19Z,NVIDIA H200 NVL,screen,uniform_0_1,dot,lns,lns16_r7,16,8,7,fp64,fused,padded,thread_packet,2,16,1,1,2,none,split_cubic,fused/padded/thread_packet/x2/split_cubic,16777216,0,1,67108864,67108864,1024,512,256,3,2,48,4.9832639694213867,0.10381799936294556,4194552.4799128547,1
2026-08-16T21:24:19Z,NVIDIA H200 NVL,screen,uniform_0_1,gemv,lns,lns16_r7,16,8,7,fp64,fused,padded,thread_packet,2,16,1,1,2,none,split_cubic,fused/padded/thread_packet/x2/split_cubic,16384,1024,1024,33587200,33587200,1024,1024,256,3,0,57,4.8862719535827637,0.085724069361101121,4101.448398307848,1
2026-08-16T21:24:19Z,NVIDIA H200 NVL,screen,uniform_0_1,gemv,lns,lns16_r7,16,8,7,fp64,fused,padded,thread_packet,2,16,1,1,2,none,split_cubic,fused/padded/thread_packet/x2/split_cubic,16384,1024,1024,33587200,33587200,1024,1024,256,3,1,57,4.8833279609680176,0.085672420367859964,4101.448398307848,1
2026-08-16T21:24:19Z,NVIDIA H200 NVL,screen,uniform_0_1,gemv,lns,lns16_r7,16,8,7,fp64,fused,padded,thread_packet,2,16,1,1,2,none,split_cubic,fused/padded/thread_packet/x2/split_cubic,16384,1024,1024,33587200,33587200,1024,1024,256,3,2,57,4.8843522071838379,0.085690389599716449,4101.448398307848,1
2026-08-16T21:24:19Z,NVIDIA H200 NVL,screen,uniform_0_1,dot,lns,lns16_r7,16,8,7,fp64,fused,padded,thread_packet,4,16,1,1,4,none,split_cubic,fused/padded/thread_packet/x4/split_cubic,16777216,0,1,67108864,67108864,1024,512,256,3,0,50,4.8920960426330566,0.097841920852661135,4194552.4799128547,1
2026-08-16T21:24:19Z,NVIDIA H200 NVL,screen,uniform_0_1,dot,lns,lns16_r7,16,8,7,fp64,fused,padded,thread_packet,4,16,1,1,4,none,split_cubic,fused/padded/thread_packet/x4/split_cubic,16777216,0,1,67108864,67108864,1024,512,256,3,1,50,4.8894081115722656,0.097788162231445319,4194552.4799128547,1
2026-08-16T21:24:19Z,NVIDIA H200 NVL,screen,uniform_0_1,dot,lns,lns16_r7,16,8,7,fp64,fused,padded,thread_packet,4,16,1,1,4,none,split_cubic,fused/padded/thread_packet/x4/split_cubic,16777216,0,1,67108864,67108864,1024,512,256,3,2,50,4.8856639862060547,0.097713279724121097,4194552.4799128547,1
2026-08-16T21:24:19Z,NVIDIA H200 NVL,screen,uniform_0_1,gemv,lns,lns16_r7,16,8,7,fp64,fused,padded,thread_packet,4,16,1,1,4,none,split_cubic,fused/padded/thread_packet/x4/split_cubic,16384,1024,1024,33587200,33587200,1024,1024,256,3,0,60,4.9320640563964844,0.082201067606608072,4101.448398307848,1
2026-08-16T21:24:19Z,NVIDIA H200 NVL,screen,uniform_0_1,gemv,lns,lns16_r7,16,8,7,fp64,fused,padded,thread_packet,4,16,1,1,4,none,split_cubic,fused/padded/thread_packet/x4/split_cubic,16384,1024,1024,33587200,33587200,1024,1024,256,3,1,60,4.9340801239013672,0.082234668731689456,4101.448398307848,1
2026-08-16T21:24:19Z,NVIDIA H200 NVL,screen,uniform_0_1,gemv,lns,lns16_r7,16,8,7,fp64,fused,padded,thread_packet,4,16,1,1,4,none,split_cubic,fused/padded/thread_packet/x4/split_cubic,16384,1024,1024,33587200,33587200,1024,1024,256,3,2,60,4.9339518547058105,0.08223253091176351,4101.448398307848,1
2026-08-16T21:24:19Z,NVIDIA H200 NVL,screen,uniform_0_1,dot,lns,lns16_r7,16,8,7,fp64,fused,padded,thread_packet,8,16,1,1,8,none,split_cubic,fused/padded/thread_packet/x8/split_cubic,16777216,0,1,67108864,67108864,1024,512,256,3,0,52,4.8801279067993164,0.093848613592294544,4194552.4799128547,1
2026-08-16T21:24:19Z,NVIDIA H200 NVL,screen,uniform_0_1,dot,lns,lns16_r7,16,8,7,fp64,fused,padded,thread_packet,8,16,1,1,8,none,split_cubic,fused/padded/thread_packet/x8/split_cubic,16777216,0,1,67108864,67108864,1024,512,256,3,1,52,4.8845119476318359,0.093932922069842995,4194552.4799128547,1
2026-08-16T21:24:19Z,NVIDIA H200 NVL,screen,uniform_0_1,dot,lns,lns16_r7,16,8,7,fp64,fused,padded,thread_packet,8,16,1,1,8,none,split_cubic,fused/padded/thread_packet/x8/split_cubic,16777216,0,1,67108864,67108864,1024,512,256,3,2,52,4.8791680335998535,0.093830154492304876,4194552.4799128547,1
2026-08-16T21:24:19Z,NVIDIA H200 NVL,screen,uniform_0_1,gemv,lns,lns16_r7,16,8,7,fp64,fused,padded,thread_packet,8,16,1,1,8,none,split_cubic,fused/padded/thread_packet/x8/split_cubic,16384,1024,1024,33587200,33587200,1024,1024,256,3,0,60,4.8341121673583984,0.080568536122639978,4101.4483983078489,1
2026-08-16T21:24:19Z,NVIDIA H200 NVL,screen,uniform_0_1,gemv,lns,lns16_r7,16,8,7,fp64,fused,padded,thread_packet,8,16,1,1,8,none,split_cubic,fused/padded/thread_packet/x8/split_cubic,16384,1024,1024,33587200,33587200,1024,1024,256,3,1,60,4.8187198638916016,0.080311997731526696,4101.4483983078489,1
2026-08-16T21:24:19Z,NVIDIA H200 NVL,screen,uniform_0_1,gemv,lns,lns16_r7,16,8,7,fp64,fused,padded,thread_packet,8,16,1,1,8,none,split_cubic,fused/padded/thread_packet/x8/split_cubic,16384,1024,1024,33587200,33587200,1024,1024,256,3,2,60,4.8189120292663574,0.080315200487772617,4101.4483983078489,1
2026-08-16T21:24:19Z,NVIDIA H200 NVL,screen,uniform_0_1,dot,lns,lns16_r7,16,8,7,fp64,fused,padded,scalar,1,16,1,1,1,none,fused_sum_lut_global,fused/padded/scalar/x1/fused_sum_lut_global,16777216,0,1,67108864,67108864,524288,512,256,3,0,55,4.8626241683959961,0.088411348516290844,4194552.4799128547,1
2026-08-16T21:24:19Z,NVIDIA H200 NVL,screen,uniform_0_1,dot,lns,lns16_r7,16,8,7,fp64,fused,padded,scalar,1,16,1,1,1,none,fused_sum_lut_global,fused/padded/scalar/x1/fused_sum_lut_global,16777216,0,1,67108864,67108864,524288,512,256,3,1,55,4.8544960021972656,0.088263563676313925,4194552.4799128547,1
2026-08-16T21:24:19Z,NVIDIA H200 NVL,screen,uniform_0_1,dot,lns,lns16_r7,16,8,7,fp64,fused,padded,scalar,1,16,1,1,1,none,fused_sum_lut_global,fused/padded/scalar/x1/fused_sum_lut_global,16777216,0,1,67108864,67108864,524288,512,256,3,2,55,4.8576641082763672,0.088321165605024857,4194552.4799128547,1
2026-08-16T21:24:19Z,NVIDIA H200 NVL,screen,uniform_0_1,gemv,lns,lns16_r7,16,8,7,fp64,fused,padded,scalar,1,16,1,1,1,none,fused_sum_lut_global,fused/padded/scalar/x1/fused_sum_lut_global,16384,1024,1024,33587200,33587200,524288,1024,256,3,0,82,4.8434882164001465,0.05906692946829447,4101.448398307848,1
2026-08-16T21:24:19Z,NVIDIA H200 NVL,screen,uniform_0_1,gemv,lns,lns16_r7,16,8,7,fp64,fused,padded,scalar,1,16,1,1,1,none,fused_sum_lut_global,fused/padded/scalar/x1/fused_sum_lut_global,16384,1024,1024,33587200,33587200,524288,1024,256,3,1,82,4.8340158462524414,0.058951412759176113,4101.448398307848,1
2026-08-16T21:24:19Z,NVIDIA H200 NVL,screen,uniform_0_1,gemv,lns,lns16_r7,16,8,7,fp64,fused,padded,scalar,1,16,1,1,1,none,fused_sum_lut_global,fused/padded/scalar/x1/fused_sum_lut_global,16384,1024,1024,33587200,33587200,524288,1024,256,3,2,82,4.8379840850830078,0.058999805915646436,4101.448398307848,1
2026-08-16T21:24:19Z,NVIDIA H200 NVL,screen,uniform_0_1,dot,lns,lns16_r7,16,8,7,fp64,fused,padded,thread_packet,2,16,1,1,2,none,fused_sum_lut_global,fused/padded/thread_packet/x2/fused_sum_lut_global,16777216,0,1,67108864,67108864,524288,512,256,3,0,68,5.0164480209350586,0.073771294425515568,4194552.4799128547,1
2026-08-16T21:24:19Z,NVIDIA H200 NVL,screen,uniform_0_1,dot,lns,lns16_r7,16,8,7,fp64,fused,padded,thread_packet,2,16,1,1,2,none,fused_sum_lut_global,fused/padded/thread_packet/x2/fused_sum_lut_global,16777216,0,1,67108864,67108864,524288,512,256,3,1,68,5.0200319290161133,0.073823998956119311,4194552.4799128547,1
2026-08-16T21:24:19Z,NVIDIA H200 NVL,screen,uniform_0_1,dot,lns,lns16_r7,16,8,7,fp64,fused,padded,thread_packet,2,16,1,1,2,none,fused_sum_lut_global,fused/padded/thread_packet/x2/fused_sum_lut_global,16777216,0,1,67108864,67108864,524288,512,256,3,2,68,5.016575813293457,0.073773173724903773,4194552.4799128547,1
2026-08-16T21:24:19Z,NVIDIA H200 NVL,screen,uniform_0_1,gemv,lns,lns16_r7,16,8,7,fp64,fused,padded,thread_packet,2,16,1,1,2,none,fused_sum_lut_global,fused/padded/thread_packet/x2/fused_sum_lut_global,16384,1024,1024,33587200,33587200,524288,1024,256,3,0,84,4.8275198936462402,0.057470474924360006,4101.448398307848,1
2026-08-16T21:24:19Z,NVIDIA H200 NVL,screen,uniform_0_1,gemv,lns,lns16_r7,16,8,7,fp64,fused,padded,thread_packet,2,16,1,1,2,none,fused_sum_lut_global,fused/padded/thread_packet/x2/fused_sum_lut_global,16384,1024,1024,33587200,33587200,524288,1024,256,3,1,84,4.8239998817443848,0.057428570020766484,4101.448398307848,1
2026-08-16T21:24:19Z,NVIDIA H200 NVL,screen,uniform_0_1,gemv,lns,lns16_r7,16,8,7,fp64,fused,padded,thread_packet,2,16,1,1,2,none,fused_sum_lut_global,fused/padded/thread_packet/x2/fused_sum_lut_global,16384,1024,1024,33587200,33587200,524288,1024,256,3,2,84,4.8230719566345215,0.057417523293268116,4101.448398307848,1
2026-08-16T21:24:19Z,NVIDIA H200 NVL,screen,uniform_0_1,dot,lns,lns16_r7,16,8,7,fp64,fused,padded,thread_packet,4,16,1,1,4,none,fused_sum_lut_global,fused/padded/thread_packet/x4/fused_sum_lut_global,16777216,0,1,67108864,67108864,524288,512,256,3,0,75,4.907167911529541,0.06542890548706054,4194552.4799128547,1
2026-08-16T21:24:19Z,NVIDIA H200 NVL,screen,uniform_0_1,dot,lns,lns16_r7,16,8,7,fp64,fused,padded,thread_packet,4,16,1,1,4,none,fused_sum_lut_global,fused/padded/thread_packet/x4/fused_sum_lut_global,16777216,0,1,67108864,67108864,524288,512,256,3,1,75,4.9164161682128906,0.065552215576171871,4194552.4799128547,1
2026-08-16T21:24:19Z,NVIDIA H200 NVL,screen,uniform_0_1,dot,lns,lns16_r7,16,8,7,fp64,fused,padded,thread_packet,4,16,1,1,4,none,fused_sum_lut_global,fused/padded/thread_packet/x4/fused_sum_lut_global,16777216,0,1,67108864,67108864,524288,512,256,3,2,75,4.9113922119140625,0.065485229492187505,4194552.4799128547,1
2026-08-16T21:24:19Z,NVIDIA H200 NVL,screen,uniform_0_1,gemv,lns,lns16_r7,16,8,7,fp64,fused,padded,thread_packet,4,16,1,1,4,none,fused_sum_lut_global,fused/padded/thread_packet/x4/fused_sum_lut_global,16384,1024,1024,33587200,33587200,524288,1024,256,3,0,89,4.821983814239502,0.054179593418421372,4101.448398307848,1
2026-08-16T21:24:19Z,NVIDIA H200 NVL,screen,uniform_0_1,gemv,lns,lns16_r7,16,8,7,fp64,fused,padded,thread_packet,4,16,1,1,4,none,fused_sum_lut_global,fused/padded/thread_packet/x4/fused_sum_lut_global,16384,1024,1024,33587200,33587200,524288,1024,256,3,1,89,4.8210558891296387,0.054169167293591447,4101.448398307848,1
2026-08-16T21:24:19Z,NVIDIA H200 NVL,screen,uniform_0_1,gemv,lns,lns16_r7,16,8,7,fp64,fused,padded,thread_packet,4,16,1,1,4,none,fused_sum_lut_global,fused/padded/thread_packet/x4/fused_sum_lut_global,16384,1024,1024,33587200,33587200,524288,1024,256,3,2,89,4.8214402198791504,0.054173485616619665,4101.448398307848,1
2026-08-16T21:24:19Z,NVIDIA H200 NVL,screen,uniform_0_1,dot,lns,lns16_r7,16,8,7,fp64,fused,padded,thread_packet,8,16,1,1,8,none,fused_sum_lut_global,fused/padded/thread_packet/x8/fused_sum_lut_global,16777216,0,1,67108864,67108864,524288,512,256,3,0,79,4.948063850402832,0.062633719625352302,4194552.4799128547,1
2026-08-16T21:24:19Z,NVIDIA H200 NVL,screen,uniform_0_1,dot,lns,lns16_r7,16,8,7,fp64,fused,padded,thread_packet,8,16,1,1,8,none,fused_sum_lut_global,fused/padded/thread_packet/x8/fused_sum_lut_global,16777216,0,1,67108864,67108864,524288,512,256,3,1,79,4.9512639045715332,0.062674226640145991,4194552.4799128547,1
2026-08-16T21:24:19Z,NVIDIA H200 NVL,screen,uniform_0_1,dot,lns,lns16_r7,16,8,7,fp64,fused,padded,thread_packet,8,16,1,1,8,none,fused_sum_lut_global,fused/padded/thread_packet/x8/fused_sum_lut_global,16777216,0,1,67108864,67108864,524288,512,256,3,2,79,4.9460477828979492,0.062608199783518351,4194552.4799128547,1
2026-08-16T21:24:19Z,NVIDIA H200 NVL,screen,uniform_0_1,gemv,lns,lns16_r7,16,8,7,fp64,fused,padded,thread_packet,8,16,1,1,8,none,fused_sum_lut_global,fused/padded/thread_packet/x8/fused_sum_lut_global,16384,1024,1024,33587200,33587200,524288,1024,256,3,0,91,4.775360107421875,0.05247648469694368,4101.4483983078489,1
2026-08-16T21:24:19Z,NVIDIA H200 NVL,screen,uniform_0_1,gemv,lns,lns16_r7,16,8,7,fp64,fused,padded,thread_packet,8,16,1,1,8,none,fused_sum_lut_global,fused/padded/thread_packet/x8/fused_sum_lut_global,16384,1024,1024,33587200,33587200,524288,1024,256,3,1,91,4.7736959457397461,0.052458197205931277,4101.4483983078489,1
2026-08-16T21:24:19Z,NVIDIA H200 NVL,screen,uniform_0_1,gemv,lns,lns16_r7,16,8,7,fp64,fused,padded,thread_packet,8,16,1,1,8,none,fused_sum_lut_global,fused/padded/thread_packet/x8/fused_sum_lut_global,16384,1024,1024,33587200,33587200,524288,1024,256,3,2,91,4.7736959457397461,0.052458197205931277,4101.4483983078489,1
2026-08-16T21:24:19Z,NVIDIA H200 NVL,screen,normal_0_1,dot,lns,lns16_r7,16,8,7,fp32,ordinary,padded,scalar,1,16,1,1,1,none,reference_exp2,ordinary/padded/scalar/x1/reference_exp2,16777216,0,1,67108864,67108864,0,512,256,3,0,58,4.8962559700012207,0.084418206379331395,-2611.556884765625,1
2026-08-16T21:24:19Z,NVIDIA H200 NVL,screen,normal_0_1,dot,lns,lns16_r7,16,8,7,fp32,ordinary,padded,scalar,1,16,1,1,1,none,reference_exp2,ordinary/padded/scalar/x1/reference_exp2,16777216,0,1,67108864,67108864,0,512,256,3,1,58,4.8979520797729492,0.08444744965125775,-2611.556884765625,1
2026-08-16T21:24:19Z,NVIDIA H200 NVL,screen,normal_0_1,dot,lns,lns16_r7,16,8,7,fp32,ordinary,padded,scalar,1,16,1,1,1,none,reference_exp2,ordinary/padded/scalar/x1/reference_exp2,16777216,0,1,67108864,67108864,0,512,256,3,2,58,4.8908481597900391,0.084324968272242048,-2611.556884765625,1
2026-08-16T21:24:19Z,NVIDIA H200 NVL,screen,normal_0_1,gemv,lns,lns16_r7,16,8,7,fp32,ordinary,padded,scalar,1,16,1,1,1,none,reference_exp2,ordinary/padded/scalar/x1/reference_exp2,16384,1024,1024,33587200,33587200,0,1024,256,3,0,93,4.8315839767456055,0.051952515878985008,-49.131641387939453,1
2026-08-16T21:24:19Z,NVIDIA H200 NVL,screen,normal_0_1,gemv,lns,lns16_r7,16,8,7,fp32,ordinary,padded,scalar,1,16,1,1,1,none,reference_exp2,ordinary/padded/scalar/x1/reference_exp2,16384,1024,1024,33587200,33587200,0,1024,256,3,1,93,4.8185601234436035,0.051812474445630148,-49.131641387939453,1
2026-08-16T21:24:19Z,NVIDIA H200 NVL,screen,normal_0_1,gemv,lns,lns16_r7,16,8,7,fp32,ordinary,padded,scalar,1,16,1,1,1,none,reference_exp2,ordinary/padded/scalar/x1/reference_exp2,16384,1024,1024,33587200,33587200,0,1024,256,3,2,93,4.8192958831787109,0.051820385840631297,-49.131641387939453,1
2026-08-16T21:24:19Z,NVIDIA H200 NVL,screen,normal_0_1,dot,lns,lns16_r7,16,8,7,fp32,fused,padded,scalar,1,16,1,1,1,none,reference_exp2,fused/padded/scalar/x1/reference_exp2,16777216,0,1,67108864,67108864,0,512,256,3,0,57,4.8992958068847656,0.085952558015522207,-2611.556396484375,1
2026-08-16T21:24:19Z,NVIDIA H200 NVL,screen,normal_0_1,dot,lns,lns16_r7,16,8,7,fp32,fused,padded,scalar,1,16,1,1,1,none,reference_exp2,fused/padded/scalar/x1/reference_exp2,16777216,0,1,67108864,67108864,0,512,256,3,1,57,4.8948478698730469,0.085874524032860472,-2611.556396484375,1
2026-08-16T21:24:19Z,NVIDIA H200 NVL,screen,normal_0_1,dot,lns,lns16_r7,16,8,7,fp32,fused,padded,scalar,1,16,1,1,1,none,reference_exp2,fused/padded/scalar/x1/reference_exp2,16777216,0,1,67108864,67108864,0,512,256,3,2,57,4.9036159515380859,0.08602835002698396,-2611.556396484375,1
2026-08-16T21:24:19Z,NVIDIA H200 NVL,screen,normal_0_1,gemv,lns,lns16_r7,16,8,7,fp32,fused,padded,scalar,1,16,1,1,1,none,reference_exp2,fused/padded/scalar/x1/reference_exp2,16384,1024,1024,33587200,33587200,0,1024,256,3,0,86,4.852287769317627,0.056421950806018917,-49.131671905517578,1
2026-08-16T21:24:19Z,NVIDIA H200 NVL,screen,normal_0_1,gemv,lns,lns16_r7,16,8,7,fp32,fused,padded,scalar,1,16,1,1,1,none,reference_exp2,fused/padded/scalar/x1/reference_exp2,16384,1024,1024,33587200,33587200,0,1024,256,3,1,86,4.8559041023254395,0.056464001189830693,-49.131671905517578,1
2026-08-16T21:24:19Z,NVIDIA H200 NVL,screen,normal_0_1,gemv,lns,lns16_r7,16,8,7,fp32,fused,padded,scalar,1,16,1,1,1,none,reference_exp2,fused/padded/scalar/x1/reference_exp2,16384,1024,1024,33587200,33587200,0,1024,256,3,2,86,4.8523201942443848,0.056422327840050988,-49.131671905517578,1
2026-08-16T21:24:19Z,NVIDIA H200 NVL,screen,normal_0_1,dot,lns,lns16_r7,16,8,7,fp32,ordinary,padded,scalar,1,16,1,1,1,none,ex2_approx,ordinary/padded/scalar/x1/ex2_approx,16777216,0,1,67108864,67108864,0,512,256,3,0,58,4.9267840385437012,0.084944552388684508,-2611.556884765625,1
2026-08-16T21:24:19Z,NVIDIA H200 NVL,screen,normal_0_1,dot,lns,lns16_r7,16,8,7,fp32,ordinary,padded,scalar,1,16,1,1,1,none,ex2_approx,ordinary/padded/scalar/x1/ex2_approx,16777216,0,1,67108864,67108864,0,512,256,3,1,58,4.9222078323364258,0.084865652281662513,-2611.556884765625,1
2026-08-16T21:24:19Z,NVIDIA H200 NVL,screen,normal_0_1,dot,lns,lns16_r7,16,8,7,fp32,ordinary,padded,scalar,1,16,1,1,1,none,ex2_approx,ordinary/padded/scalar/x1/ex2_approx,16777216,0,1,67108864,67108864,0,512,256,3,2,58,4.9240641593933105,0.084897657920574326,-2611.556884765625,1
2026-08-16T21:24:19Z,NVIDIA H200 NVL,screen,normal_0_1,gemv,lns,lns16_r7,16,8,7,fp32,ordinary,padded,scalar,1,16,1,1,1,none,ex2_approx,ordinary/padded/scalar/x1/ex2_approx,16384,1024,1024,33587200,33587200,0,1024,256,3,0,93,4.8157439231872559,0.05178219272244361,-49.131641387939453,1
2026-08-16T21:24:19Z,NVIDIA H200 NVL,screen,normal_0_1,gemv,lns,lns16_r7,16,8,7,fp32,ordinary,padded,scalar,1,16,1,1,1,none,ex2_approx,ordinary/padded/scalar/x1/ex2_approx,16384,1024,1024,33587200,33587200,0,1024,256,3,1,93,4.8179202079772949,0.051805593634164461,-49.131641387939453,1
2026-08-16T21:24:19Z,NVIDIA H200 NVL,screen,normal_0_1,gemv,lns,lns16_r7,16,8,7,fp32,ordinary,padded,scalar,1,16,1,1,1,none,ex2_approx,ordinary/padded/scalar/x1/ex2_approx,16384,1024,1024,33587200,33587200,0,1024,256,3,2,93,4.8184962272644043,0.051811787389939828,-49.131641387939453,1
2026-08-16T21:24:19Z,NVIDIA H200 NVL,screen,normal_0_1,dot,lns,lns16_r7,16,8,7,fp32,ordinary,padded,thread_packet,2,16,1,1,2,none,ex2_approx,ordinary/padded/thread_packet/x2/ex2_approx,16777216,0,1,67108864,67108864,0,512,256,3,0,76,4.9675841331481934,0.065362949120370967,-2611.557373046875,1
2026-08-16T21:24:19Z,NVIDIA H200 NVL,screen,normal_0_1,dot,lns,lns16_r7,16,8,7,fp32,ordinary,padded,thread_packet,2,16,1,1,2,none,ex2_approx,ordinary/padded/thread_packet/x2/ex2_approx,16777216,0,1,67108864,67108864,0,512,256,3,1,76,4.9654397964477539,0.06533473416378624,-2611.557373046875,1
2026-08-16T21:24:19Z,NVIDIA H200 NVL,screen,normal_0_1,dot,lns,lns16_r7,16,8,7,fp32,ordinary,padded,thread_packet,2,16,1,1,2,none,ex2_approx,ordinary/padded/thread_packet/x2/ex2_approx,16777216,0,1,67108864,67108864,0,512,256,3,2,76,4.9654722213745117,0.06533516080755937,-2611.557373046875,1
2026-08-16T21:24:19Z,NVIDIA H200 NVL,screen,normal_0_1,gemv,lns,lns16_r7,16,8,7,fp32,ordinary,padded,thread_packet,2,16,1,1,2,none,ex2_approx,ordinary/padded/thread_packet/x2/ex2_approx,16384,1024,1024,33587200,33587200,0,1024,256,3,0,100,4.8062400817871094,0.048062400817871095,-49.131656646728516,1
2026-08-16T21:24:19Z,NVIDIA H200 NVL,screen,normal_0_1,gemv,lns,lns16_r7,16,8,7,fp32,ordinary,padded,thread_packet,2,16,1,1,2,none,ex2_approx,ordinary/padded/thread_packet/x2/ex2_approx,16384,1024,1024,33587200,33587200,0,1024,256,3,1,100,4.8068161010742188,0.04806816101074219,-49.131656646728516,1
2026-08-16T21:24:19Z,NVIDIA H200 NVL,screen,normal_0_1,gemv,lns,lns16_r7,16,8,7,fp32,ordinary,padded,thread_packet,2,16,1,1,2,none,ex2_approx,ordinary/padded/thread_packet/x2/ex2_approx,16384,1024,1024,33587200,33587200,0,1024,256,3,2,100,4.8065919876098633,0.04806591987609863,-49.131656646728516,1
2026-08-16T21:24:19Z,NVIDIA H200 NVL,screen,normal_0_1,dot,lns,lns16_r7,16,8,7,fp32,ordinary,padded,thread_packet,4,16,1,1,4,none,ex2_approx,ordinary/padded/thread_packet/x4/ex2_approx,16777216,0,1,67108864,67108864,0,512,256,3,0,89,4.8949117660522461,0.054999008607328606,-2611.55517578125,1
2026-08-16T21:24:19Z,NVIDIA H200 NVL,screen,normal_0_1,dot,lns,lns16_r7,16,8,7,fp32,ordinary,padded,thread_packet,4,16,1,1,4,none,ex2_approx,ordinary/padded/thread_packet/x4/ex2_approx,16777216,0,1,67108864,67108864,0,512,256,3,1,89,4.9088640213012695,0.055155775520238981,-2611.55517578125,1
2026-08-16T21:24:19Z,NVIDIA H200 NVL,screen,normal_0_1,dot,lns,lns16_r7,16,8,7,fp32,ordinary,padded,thread_packet,4,16,1,1,4,none,ex2_approx,ordinary/padded/thread_packet/x4/ex2_approx,16777216,0,1,67108864,67108864,0,512,256,3,2,89,4.8937602043151855,0.054986069711406578,-2611.55517578125,1
2026-08-16T21:24:19Z,NVIDIA H200 NVL,screen,normal_0_1,gemv,lns,lns16_r7,16,8,7,fp32,ordinary,padded,thread_packet,4,16,1,1,4,none,ex2_approx,ordinary/padded/thread_packet/x4/ex2_approx,16384,1024,1024,33587200,33587200,0,1024,256,3,0,107,4.7509441375732422,0.044401347080123756,-49.13165283203125,1
2026-08-16T21:24:19Z,NVIDIA H200 NVL,screen,normal_0_1,gemv,lns,lns16_r7,16,8,7,fp32,ordinary,padded,thread_packet,4,16,1,1,4,none,ex2_approx,ordinary/padded/thread_packet/x4/ex2_approx,16384,1024,1024,33587200,33587200,0,1024,256,3,1,107,4.7528958320617676,0.044419587215530541,-49.13165283203125,1
2026-08-16T21:24:19Z,NVIDIA H200 NVL,screen,normal_0_1,gemv,lns,lns16_r7,16,8,7,fp32,ordinary,padded,thread_packet,4,16,1,1,4,none,ex2_approx,ordinary/padded/thread_packet/x4/ex2_approx,16384,1024,1024,33587200,33587200,0,1024,256,3,2,107,4.7520961761474609,0.044412113795770661,-49.13165283203125,1
2026-08-16T21:24:19Z,NVIDIA H200 NVL,screen,normal_0_1,dot,lns,lns16_r7,16,8,7,fp32,ordinary,padded,thread_packet,8,16,1,1,8,none,ex2_approx,ordinary/padded/thread_packet/x8/ex2_approx,16777216,0,1,67108864,67108864,0,512,256,3,0,95,4.9713921546936035,0.05233044373361688,-2611.556396484375,1
2026-08-16T21:24:19Z,NVIDIA H200 NVL,screen,normal_0_1,dot,lns,lns16_r7,16,8,7,fp32,ordinary,padded,thread_packet,8,16,1,1,8,none,ex2_approx,ordinary/padded/thread_packet/x8/ex2_approx,16777216,0,1,67108864,67108864,0,512,256,3,1,95,4.9689598083496094,0.052304840087890624,-2611.556396484375,1
2026-08-16T21:24:19Z,NVIDIA H200 NVL,screen,normal_0_1,dot,lns,lns16_r7,16,8,7,fp32,ordinary,padded,thread_packet,8,16,1,1,8,none,ex2_approx,ordinary/padded/thread_packet/x8/ex2_approx,16777216,0,1,67108864,67108864,0,512,256,3,2,95,4.9604158401489258,0.052214903580515011,-2611.556396484375,1
2026-08-16T21:24:19Z,NVIDIA H200 NVL,screen,normal_0_1,gemv,lns,lns16_r7,16,8,7,fp32,ordinary,padded,thread_packet,8,16,1,1,8,none,ex2_approx,ordinary/padded/thread_packet/x8/ex2_approx,16384,1024,1024,33587200,33587200,0,1024,256,3,0,111,4.7526397705078125,0.042816574509079393,-49.131664276123047,1
2026-08-16T21:24:19Z,NVIDIA H200 NVL,screen,normal_0_1,gemv,lns,lns16_r7,16,8,7,fp32,ordinary,padded,thread_packet,8,16,1,1,8,none,ex2_approx,ordinary/padded/thread_packet/x8/ex2_approx,16384,1024,1024,33587200,33587200,0,1024,256,3,1,111,4.752352237701416,0.042813984123436177,-49.131664276123047,1
2026-08-16T21:24:19Z,NVIDIA H200 NVL,screen,normal_0_1,gemv,lns,lns16_r7,16,8,7,fp32,ordinary,padded,thread_packet,8,16,1,1,8,none,ex2_approx,ordinary/padded/thread_packet/x8/ex2_approx,16384,1024,1024,33587200,33587200,0,1024,256,3,2,111,4.7539200782775879,0.042828108813311602,-49.131664276123047,1
2026-08-16T21:24:19Z,NVIDIA H200 NVL,screen,normal_0_1,dot,lns,lns16_r7,16,8,7,fp32,fused,padded,scalar,1,16,1,1,1,none,ex2_approx,fused/padded/scalar/x1/ex2_approx,16777216,0,1,67108864,67108864,0,512,256,3,0,58,4.9499201774597168,0.085343451335512355,-2611.556396484375,1
2026-08-16T21:24:19Z,NVIDIA H200 NVL,screen,normal_0_1,dot,lns,lns16_r7,16,8,7,fp32,fused,padded,scalar,1,16,1,1,1,none,ex2_approx,fused/padded/scalar/x1/ex2_approx,16777216,0,1,67108864,67108864,0,512,256,3,1,58,4.9431037902832031,0.08522592741867592,-2611.556396484375,1
2026-08-16T21:24:19Z,NVIDIA H200 NVL,screen,normal_0_1,dot,lns,lns16_r7,16,8,7,fp32,fused,padded,scalar,1,16,1,1,1,none,ex2_approx,fused/padded/scalar/x1/ex2_approx,16777216,0,1,67108864,67108864,0,512,256,3,2,58,4.9463038444519043,0.085281100766412141,-2611.556396484375,1
2026-08-16T21:24:19Z,NVIDIA H200 NVL,screen,normal_0_1,gemv,lns,lns16_r7,16,8,7,fp32,fused,padded,scalar,1,16,1,1,1,none,ex2_approx,fused/padded/scalar/x1/ex2_approx,16384,1024,1024,33587200,33587200,0,1024,256,3,0,85,4.7865920066833496,0.056312847137451175,-49.131671905517578,1
2026-08-16T21:24:19Z,NVIDIA H200 NVL,screen,normal_0_1,gemv,lns,lns16_r7,16,8,7,fp32,fused,padded,scalar,1,16,1,1,1,none,ex2_approx,fused/padded/scalar/x1/ex2_approx,16384,1024,1024,33587200,33587200,0,1024,256,3,1,85,4.7863678932189941,0.056310210508458754,-49.131671905517578,1
2026-08-16T21:24:19Z,NVIDIA H200 NVL,screen,normal_0_1,gemv,lns,lns16_r7,16,8,7,fp32,fused,padded,scalar,1,16,1,1,1,none,ex2_approx,fused/padded/scalar/x1/ex2_approx,16384,1024,1024,33587200,33587200,0,1024,256,3,2,85,4.7858238220214844,0.05630380967084099,-49.131671905517578,1
2026-08-16T21:24:19Z,NVIDIA H200 NVL,screen,normal_0_1,dot,lns,lns16_r7,16,8,7,fp32,fused,padded,thread_packet,2,16,1,1,2,none,ex2_approx,fused/padded/thread_packet/x2/ex2_approx,16777216,0,1,67108864,67108864,0,512,256,3,0,69,4.884160041809082,0.070784928142160614,-2611.55615234375,1
2026-08-16T21:24:19Z,NVIDIA H200 NVL,screen,normal_0_1,dot,lns,lns16_r7,16,8,7,fp32,fused,padded,thread_packet,2,16,1,1,2,none,ex2_approx,fused/padded/thread_packet/x2/ex2_approx,16777216,0,1,67108864,67108864,0,512,256,3,1,69,4.8947200775146484,0.070937972137893462,-2611.55615234375,1
2026-08-16T21:24:19Z,NVIDIA H200 NVL,screen,normal_0_1,dot,lns,lns16_r7,16,8,7,fp32,fused,padded,thread_packet,2,16,1,1,2,none,ex2_approx,fused/padded/thread_packet/x2/ex2_approx,16777216,0,1,67108864,67108864,0,512,256,3,2,69,4.8955202102661133,0.070949568264726273,-2611.55615234375,1
2026-08-16T21:24:19Z,NVIDIA H200 NVL,screen,normal_0_1,gemv,lns,lns16_r7,16,8,7,fp32,fused,padded,thread_packet,2,16,1,1,2,none,ex2_approx,fused/padded/thread_packet/x2/ex2_approx,16384,1024,1024,33587200,33587200,0,1024,256,3,0,88,4.8007678985595703,0.054554180665449661,-49.131664276123047,1
2026-08-16T21:24:19Z,NVIDIA H200 NVL,screen,normal_0_1,gemv,lns,lns16_r7,16,8,7,fp32,fused,padded,thread_packet,2,16,1,1,2,none,ex2_approx,fused/padded/thread_packet/x2/ex2_approx,16384,1024,1024,33587200,33587200,0,1024,256,3,1,88,4.8010239601135254,0.054557090455835518,-49.131664276123047,1
2026-08-16T21:24:19Z,NVIDIA H200 NVL,screen,normal_0_1,gemv,lns,lns16_r7,16,8,7,fp32,fused,padded,thread_packet,2,16,1,1,2,none,ex2_approx,fused/padded/thread_packet/x2/ex2_approx,16384,1024,1024,33587200,33587200,0,1024,256,3,2,88,4.8032321929931641,0.054582184011285957,-49.131664276123047,1
2026-08-16T21:24:19Z,NVIDIA H200 NVL,screen,normal_0_1,dot,lns,lns16_r7,16,8,7,fp32,fused,padded,thread_packet,4,16,1,1,4,none,ex2_approx,fused/padded/thread_packet/x4/ex2_approx,16777216,0,1,67108864,67108864,0,512,256,3,0,79,4.9191360473632812,0.062267544903332674,-2611.55615234375,1
2026-08-16T21:24:19Z,NVIDIA H200 NVL,screen,normal_0_1,dot,lns,lns16_r7,16,8,7,fp32,fused,padded,thread_packet,4,16,1,1,4,none,ex2_approx,fused/padded/thread_packet/x4/ex2_approx,16777216,0,1,67108864,67108864,0,512,256,3,1,79,4.9161920547485352,0.062230279174032094,-2611.55615234375,1
2026-08-16T21:24:19Z,NVIDIA H200 NVL,screen,normal_0_1,dot,lns,lns16_r7,16,8,7,fp32,fused,padded,thread_packet,4,16,1,1,4,none,ex2_approx,fused/padded/thread_packet/x4/ex2_approx,16777216,0,1,67108864,67108864,0,512,256,3,2,79,4.9168639183044434,0.062238783776005613,-2611.55615234375,1
2026-08-16T21:24:19Z,NVIDIA H200 NVL,screen,normal_0_1,gemv,lns,lns16_r7,16,8,7,fp32,fused,padded,thread_packet,4,16,1,1,4,none,ex2_approx,fused/padded/thread_packet/x4/ex2_approx,16384,1024,1024,33587200,33587200,0,1024,256,3,0,93,4.8099517822265625,0.051719911636844758,-49.131618499755859,1
2026-08-16T21:24:19Z,NVIDIA H200 NVL,screen,normal_0_1,gemv,lns,lns16_r7,16,8,7,fp32,fused,padded,thread_packet,4,16,1,1,4,none,ex2_approx,fused/padded/thread_packet/x4/ex2_approx,16384,1024,1024,33587200,33587200,0,1024,256,3,1,93,4.810880184173584,0.051729894453479398,-49.131618499755859,1
2026-08-16T21:24:19Z,NVIDIA H200 NVL,screen,normal_0_1,gemv,lns,lns16_r7,16,8,7,fp32,fused,padded,thread_packet,4,16,1,1,4,none,ex2_approx,fused/padded/thread_packet/x4/ex2_approx,16384,1024,1024,33587200,33587200,0,1024,256,3,2,93,4.810175895690918,0.051722321459042125,-49.131618499755859,1
2026-08-16T21:24:19Z,NVIDIA H200 NVL,screen,normal_0_1,dot,lns,lns16_r7,16,8,7,fp32,fused,padded,thread_packet,8,16,1,1,8,none,ex2_approx,fused/padded/thread_packet/x8/ex2_approx,16777216,0,1,67108864,67108864,0,512,256,3,0,82,4.8376002311706543,0.05899512477037383,-2611.55419921875,1
2026-08-16T21:24:19Z,NVIDIA H200 NVL,screen,normal_0_1,dot,lns,lns16_r7,16,8,7,fp32,fused,padded,thread_packet,8,16,1,1,8,none,ex2_approx,fused/padded/thread_packet/x8/ex2_approx,16777216,0,1,67108864,67108864,0,512,256,3,1,82,4.8364481925964355,0.058981075519468726,-2611.55419921875,1
2026-08-16T21:24:19Z,NVIDIA H200 NVL,screen,normal_0_1,dot,lns,lns16_r7,16,8,7,fp32,fused,padded,thread_packet,8,16,1,1,8,none,ex2_approx,fused/padded/thread_packet/x8/ex2_approx,16777216,0,1,67108864,67108864,0,512,256,3,2,82,4.8353919982910156,0.058968195101109948,-2611.55419921875,1
2026-08-16T21:24:19Z,NVIDIA H200 NVL,screen,normal_0_1,gemv,lns,lns16_r7,16,8,7,fp32,fused,padded,thread_packet,8,16,1,1,8,none,ex2_approx,fused/padded/thread_packet/x8/ex2_approx,16384,1024,1024,33587200,33587200,0,1024,256,3,0,96,4.8057279586791992,0.050059666236241661,-49.131656646728516,1
2026-08-16T21:24:19Z,NVIDIA H200 NVL,screen,normal_0_1,gemv,lns,lns16_r7,16,8,7,fp32,fused,padded,thread_packet,8,16,1,1,8,none,ex2_approx,fused/padded/thread_packet/x8/ex2_approx,16384,1024,1024,33587200,33587200,0,1024,256,3,1,96,4.795231819152832,0.049950331449508667,-49.131656646728516,1
2026-08-16T21:24:19Z,NVIDIA H200 NVL,screen,normal_0_1,gemv,lns,lns16_r7,16,8,7,fp32,fused,padded,thread_packet,8,16,1,1,8,none,ex2_approx,fused/padded/thread_packet/x8/ex2_approx,16384,1024,1024,33587200,33587200,0,1024,256,3,2,96,4.7957439422607422,0.049955666065216064,-49.131656646728516,1
2026-08-16T21:24:19Z,NVIDIA H200 NVL,screen,normal_0_1,dot,lns,lns16_r7,16,8,7,fp32,ordinary,padded,scalar,1,16,1,1,1,none,fraction_lut_global,ordinary/padded/scalar/x1/fraction_lut_global,16777216,0,1,67108864,67108864,512,512,256,3,0,38,4.8986239433288574,0.12891115640339099,-2611.5576171875,1
2026-08-16T21:24:19Z,NVIDIA H200 NVL,screen,normal_0_1,dot,lns,lns16_r7,16,8,7,fp32,ordinary,padded,scalar,1,16,1,1,1,none,fraction_lut_global,ordinary/padded/scalar/x1/fraction_lut_global,16777216,0,1,67108864,67108864,512,512,256,3,1,38,4.8956799507141113,0.12883368291352926,-2611.5576171875,1
2026-08-16T21:24:19Z,NVIDIA H200 NVL,screen,normal_0_1,dot,lns,lns16_r7,16,8,7,fp32,ordinary,padded,scalar,1,16,1,1,1,none,fraction_lut_global,ordinary/padded/scalar/x1/fraction_lut_global,16777216,0,1,67108864,67108864,512,512,256,3,2,38,4.9054398536682129,0.12909052246495298,-2611.5576171875,1
2026-08-16T21:24:19Z,NVIDIA H200 NVL,screen,normal_0_1,gemv,lns,lns16_r7,16,8,7,fp32,ordinary,padded,scalar,1,16,1,1,1,none,fraction_lut_global,ordinary/padded/scalar/x1/fraction_lut_global,16384,1024,1024,33587200,33587200,512,1024,256,3,0,46,4.9751038551330566,0.10815443163332732,-49.131641387939453,1
2026-08-16T21:24:19Z,NVIDIA H200 NVL,screen,normal_0_1,gemv,lns,lns16_r7,16,8,7,fp32,ordinary,padded,scalar,1,16,1,1,1,none,fraction_lut_global,ordinary/padded/scalar/x1/fraction_lut_global,16384,1024,1024,33587200,33587200,512,1024,256,3,1,46,4.972383975982666,0.10809530382571013,-49.131641387939453,1
2026-08-16T21:24:19Z,NVIDIA H200 NVL,screen,normal_0_1,gemv,lns,lns16_r7,16,8,7,fp32,ordinary,padded,scalar,1,16,1,1,1,none,fraction_lut_global,ordinary/padded/scalar/x1/fraction_lut_global,16384,1024,1024,33587200,33587200,512,1024,256,3,2,46,4.9704642295837402,0.10805357020834218,-49.131641387939453,1
2026-08-16T21:24:19Z,NVIDIA H200 NVL,screen,normal_0_1,dot,lns,lns16_r7,16,8,7,fp32,ordinary,padded,thread_packet,2,16,1,1,2,none,fraction_lut_global,ordinary/padded/thread_packet/x2/fraction_lut_global,16777216,0,1,67108864,67108864,512,512,256,3,0,39,4.9805121421813965,0.12770543954311273,-2611.5576171875,1
2026-08-16T21:24:19Z,NVIDIA H200 NVL,screen,normal_0_1,dot,lns,lns16_r7,16,8,7,fp32,ordinary,padded,thread_packet,2,16,1,1,2,none,fraction_lut_global,ordinary/padded/thread_packet/x2/fraction_lut_global,16777216,0,1,67108864,67108864,512,512,256,3,1,39,4.9767999649047852,0.12761025551037911,-2611.5576171875,1
2026-08-16T21:24:19Z,NVIDIA H200 NVL,screen,normal_0_1,dot,lns,lns16_r7,16,8,7,fp32,ordinary,padded,thread_packet,2,16,1,1,2,none,fraction_lut_global,ordinary/padded/thread_packet/x2/fraction_lut_global,16777216,0,1,67108864,67108864,512,512,256,3,2,39,4.9810881614685059,0.12772020926842323,-2611.5576171875,1
2026-08-16T21:24:19Z,NVIDIA H200 NVL,screen,normal_0_1,gemv,lns,lns16_r7,16,8,7,fp32,ordinary,padded,thread_packet,2,16,1,1,2,none,fraction_lut_global,ordinary/padded/thread_packet/x2/fraction_lut_global,16384,1024,1024,33587200,33587200,512,1024,256,3,0,46,4.8700480461120605,0.10587060969808827,-49.131664276123047,1
2026-08-16T21:24:19Z,NVIDIA H200 NVL,screen,normal_0_1,gemv,lns,lns16_r7,16,8,7,fp32,ordinary,padded,thread_packet,2,16,1,1,2,none,fraction_lut_global,ordinary/padded/thread_packet/x2/fraction_lut_global,16384,1024,1024,33587200,33587200,512,1024,256,3,1,46,4.8698878288269043,0.10586712671362836,-49.131664276123047,1
2026-08-16T21:24:19Z,NVIDIA H200 NVL,screen,normal_0_1,gemv,lns,lns16_r7,16,8,7,fp32,ordinary,padded,thread_packet,2,16,1,1,2,none,fraction_lut_global,ordinary/padded/thread_packet/x2/fraction_lut_global,16384,1024,1024,33587200,33587200,512,1024,256,3,2,46,4.8727998733520508,0.10593043202939241,-49.131664276123047,1
2026-08-16T21:24:19Z,NVIDIA H200 NVL,screen,normal_0_1,dot,lns,lns16_r7,16,8,7,fp32,ordinary,padded,thread_packet,4,16,1,1,4,none,fraction_lut_global,ordinary/padded/thread_packet/x4/fraction_lut_global,16777216,0,1,67108864,67108864,512,512,256,3,0,42,5.0515198707580566,0.12027428263709658,-2611.556640625,1
2026-08-16T21:24:19Z,NVIDIA H200 NVL,screen,normal_0_1,dot,lns,lns16_r7,16,8,7,fp32,ordinary,padded,thread_packet,4,16,1,1,4,none,fraction_lut_global,ordinary/padded/thread_packet/x4/fraction_lut_global,16777216,0,1,67108864,67108864,512,512,256,3,1,42,5.0517120361328125,0.12027885800316221,-2611.556640625,1
2026-08-16T21:24:19Z,NVIDIA H200 NVL,screen,normal_0_1,dot,lns,lns16_r7,16,8,7,fp32,ordinary,padded,thread_packet,4,16,1,1,4,none,fraction_lut_global,ordinary/padded/thread_packet/x4/fraction_lut_global,16777216,0,1,67108864,67108864,512,512,256,3,2,42,5.0556478500366211,0.12037256785801478,-2611.556640625,1
2026-08-16T21:24:19Z,NVIDIA H200 NVL,screen,normal_0_1,gemv,lns,lns16_r7,16,8,7,fp32,ordinary,padded,thread_packet,4,16,1,1,4,none,fraction_lut_global,ordinary/padded/thread_packet/x4/fraction_lut_global,16384,1024,1024,33587200,33587200,512,1024,256,3,0,48,4.9068799018859863,0.10222666462262471,-49.131610870361328,1
2026-08-16T21:24:19Z,NVIDIA H200 NVL,screen,normal_0_1,gemv,lns,lns16_r7,16,8,7,fp32,ordinary,padded,thread_packet,4,16,1,1,4,none,fraction_lut_global,ordinary/padded/thread_packet/x4/fraction_lut_global,16384,1024,1024,33587200,33587200,512,1024,256,3,1,48,4.9066238403320312,0.10222133000691731,-49.131610870361328,1
2026-08-16T21:24:19Z,NVIDIA H200 NVL,screen,normal_0_1,gemv,lns,lns16_r7,16,8,7,fp32,ordinary,padded,thread_packet,4,16,1,1,4,none,fraction_lut_global,ordinary/padded/thread_packet/x4/fraction_lut_global,16384,1024,1024,33587200,33587200,512,1024,256,3,2,48,4.9027519226074219,0.10214066505432129,-49.131610870361328,1
2026-08-16T21:24:19Z,NVIDIA H200 NVL,screen,normal_0_1,dot,lns,lns16_r7,16,8,7,fp32,ordinary,padded,thread_packet,8,16,1,1,8,none,fraction_lut_global,ordinary/padded/thread_packet/x8/fraction_lut_global,16777216,0,1,67108864,67108864,512,512,256,3,0,43,5.0159358978271484,0.11664967204249183,-2611.5546875,1
2026-08-16T21:24:19Z,NVIDIA H200 NVL,screen,normal_0_1,dot,lns,lns16_r7,16,8,7,fp32,ordinary,padded,thread_packet,8,16,1,1,8,none,fraction_lut_global,ordinary/padded/thread_packet/x8/fraction_lut_global,16777216,0,1,67108864,67108864,512,512,256,3,1,43,5.0116162300109863,0.11654921465141829,-2611.5546875,1
2026-08-16T21:24:19Z,NVIDIA H200 NVL,screen,normal_0_1,dot,lns,lns16_r7,16,8,7,fp32,ordinary,padded,thread_packet,8,16,1,1,8,none,fraction_lut_global,ordinary/padded/thread_packet/x8/fraction_lut_global,16777216,0,1,67108864,67108864,512,512,256,3,2,43,5.0101761817932129,0.1165157251579817,-2611.5546875,1
2026-08-16T21:24:19Z,NVIDIA H200 NVL,screen,normal_0_1,gemv,lns,lns16_r7,16,8,7,fp32,ordinary,padded,thread_packet,8,16,1,1,8,none,fraction_lut_global,ordinary/padded/thread_packet/x8/fraction_lut_global,16384,1024,1024,33587200,33587200,512,1024,256,3,0,49,4.9289917945861816,0.10059166927726901,-49.131656646728516,1
2026-08-16T21:24:19Z,NVIDIA H200 NVL,screen,normal_0_1,gemv,lns,lns16_r7,16,8,7,fp32,ordinary,padded,thread_packet,8,16,1,1,8,none,fraction_lut_global,ordinary/padded/thread_packet/x8/fraction_lut_global,16384,1024,1024,33587200,33587200,512,1024,256,3,1,49,4.9318399429321289,0.10064979475371692,-49.131656646728516,1
2026-08-16T21:24:19Z,NVIDIA H200 NVL,screen,normal_0_1,gemv,lns,lns16_r7,16,8,7,fp32,ordinary,padded,thread_packet,8,16,1,1,8,none,fraction_lut_global,ordinary/padded/thread_packet/x8/fraction_lut_global,16384,1024,1024,33587200,33587200,512,1024,256,3,2,49,4.9315838813781738,0.10064456900771783,-49.131656646728516,1
2026-08-16T21:24:19Z,NVIDIA H200 NVL,screen,normal_0_1,dot,lns,lns16_r7,16,8,7,fp32,fused,padded,scalar,1,16,1,1,1,none,fraction_lut_global,fused/padded/scalar/x1/fraction_lut_global,16777216,0,1,67108864,67108864,512,512,256,3,0,48,4.9645757675170898,0.10342866182327271,-2611.556640625,1
2026-08-16T21:24:19Z,NVIDIA H200 NVL,screen,normal_0_1,dot,lns,lns16_r7,16,8,7,fp32,fused,padded,scalar,1,16,1,1,1,none,fraction_lut_global,fused/padded/scalar/x1/fraction_lut_global,16777216,0,1,67108864,67108864,512,512,256,3,1,48,4.9721598625183105,0.1035866638024648,-2611.556640625,1
2026-08-16T21:24:19Z,NVIDIA H200 NVL,screen,normal_0_1,dot,lns,lns16_r7,16,8,7,fp32,fused,padded,scalar,1,16,1,1,1,none,fraction_lut_global,fused/padded/scalar/x1/fraction_lut_global,16777216,0,1,67108864,67108864,512,512,256,3,2,48,4.9685440063476562,0.10351133346557617,-2611.556640625,1
2026-08-16T21:24:19Z,NVIDIA H200 NVL,screen,normal_0_1,gemv,lns,lns16_r7,16,8,7,fp32,fused,padded,scalar,1,16,1,1,1,none,fraction_lut_global,fused/padded/scalar/x1/fraction_lut_global,16384,1024,1024,33587200,33587200,512,1024,256,3,0,59,4.9318399429321289,0.083590507507324219,-49.13165283203125,1
2026-08-16T21:24:19Z,NVIDIA H200 NVL,screen,normal_0_1,gemv,lns,lns16_r7,16,8,7,fp32,fused,padded,scalar,1,16,1,1,1,none,fraction_lut_global,fused/padded/scalar/x1/fraction_lut_global,16384,1024,1024,33587200,33587200,512,1024,256,3,1,59,4.9228482246398926,0.08343810550237106,-49.13165283203125,1
2026-08-16T21:24:19Z,NVIDIA H200 NVL,screen,normal_0_1,gemv,lns,lns16_r7,16,8,7,fp32,fused,padded,scalar,1,16,1,1,1,none,fraction_lut_global,fused/padded/scalar/x1/fraction_lut_global,16384,1024,1024,33587200,33587200,512,1024,256,3,2,59,4.9181761741638184,0.083358918206166407,-49.13165283203125,1
2026-08-16T21:24:19Z,NVIDIA H200 NVL,screen,normal_0_1,dot,lns,lns16_r7,16,8,7,fp32,fused,padded,thread_packet,2,16,1,1,2,none,fraction_lut_global,fused/padded/thread_packet/x2/fraction_lut_global,16777216,0,1,67108864,67108864,512,512,256,3,0,49,4.9827518463134766,0.10168881319007095,-2611.557373046875,1
2026-08-16T21:24:19Z,NVIDIA H200 NVL,screen,normal_0_1,dot,lns,lns16_r7,16,8,7,fp32,fused,padded,thread_packet,2,16,1,1,2,none,fraction_lut_global,fused/padded/thread_packet/x2/fraction_lut_global,16777216,0,1,67108864,67108864,512,512,256,3,1,49,4.9853119850158691,0.1017410609186912,-2611.557373046875,1
2026-08-16T21:24:19Z,NVIDIA H200 NVL,screen,normal_0_1,dot,lns,lns16_r7,16,8,7,fp32,fused,padded,thread_packet,2,16,1,1,2,none,fraction_lut_global,fused/padded/thread_packet/x2/fraction_lut_global,16777216,0,1,67108864,67108864,512,512,256,3,2,49,4.9712638854980469,0.10145436501016422,-2611.557373046875,1
2026-08-16T21:24:19Z,NVIDIA H200 NVL,screen,normal_0_1,gemv,lns,lns16_r7,16,8,7,fp32,fused,padded,thread_packet,2,16,1,1,2,none,fraction_lut_global,fused/padded/thread_packet/x2/fraction_lut_global,16384,1024,1024,33587200,33587200,512,1024,256,3,0,59,4.912992000579834,0.083271050857285325,-49.131683349609375,1
2026-08-16T21:24:19Z,NVIDIA H200 NVL,screen,normal_0_1,gemv,lns,lns16_r7,16,8,7,fp32,fused,padded,thread_packet,2,16,1,1,2,none,fraction_lut_global,fused/padded/thread_packet/x2/fraction_lut_global,16384,1024,1024,33587200,33587200,512,1024,256,3,1,59,4.9158082008361816,0.083318783065020025,-49.131683349609375,1
2026-08-16T21:24:19Z,NVIDIA H200 NVL,screen,normal_0_1,gemv,lns,lns16_r7,16,8,7,fp32,fused,padded,thread_packet,2,16,1,1,2,none,fraction_lut_global,fused/padded/thread_packet/x2/fraction_lut_global,16384,1024,1024,33587200,33587200,512,1024,256,3,2,59,4.9133758544921875,0.083277556855799795,-49.131683349609375,1
2026-08-16T21:24:19Z,NVIDIA H200 NVL,screen,normal_0_1,dot,lns,lns16_r7,16,8,7,fp32,fused,padded,thread_packet,4,16,1,1,4,none,fraction_lut_global,fused/padded/thread_packet/x4/fraction_lut_global,16777216,0,1,67108864,67108864,512,512,256,3,0,53,5.0376639366149902,0.095050262954999812,-2611.55615234375,1
2026-08-16T21:24:19Z,NVIDIA H200 NVL,screen,normal_0_1,dot,lns,lns16_r7,16,8,7,fp32,fused,padded,thread_packet,4,16,1,1,4,none,fraction_lut_global,fused/padded/thread_packet/x4/fraction_lut_global,16777216,0,1,67108864,67108864,512,512,256,3,1,53,5.0208320617675781,0.094732680410709022,-2611.55615234375,1
2026-08-16T21:24:19Z,NVIDIA H200 NVL,screen,normal_0_1,dot,lns,lns16_r7,16,8,7,fp32,fused,padded,thread_packet,4,16,1,1,4,none,fraction_lut_global,fused/padded/thread_packet/x4/fraction_lut_global,16777216,0,1,67108864,67108864,512,512,256,3,2,53,5.0314559936523438,0.094933131955704603,-2611.55615234375,1
2026-08-16T21:24:19Z,NVIDIA H200 NVL,screen,normal_0_1,gemv,lns,lns16_r7,16,8,7,fp32,fused,padded,thread_packet,4,16,1,1,4,none,fraction_lut_global,fused/padded/thread_packet/x4/fraction_lut_global,16384,1024,1024,33587200,33587200,512,1024,256,3,0,61,4.8802881240844727,0.080004723345647094,-49.131629943847656,1
2026-08-16T21:24:19Z,NVIDIA H200 NVL,screen,normal_0_1,gemv,lns,lns16_r7,16,8,7,fp32,fused,padded,thread_packet,4,16,1,1,4,none,fraction_lut_global,fused/padded/thread_packet/x4/fraction_lut_global,16384,1024,1024,33587200,33587200,512,1024,256,3,1,61,4.867487907409668,0.079794883728027344,-49.131629943847656,1
2026-08-16T21:24:19Z,NVIDIA H200 NVL,screen,normal_0_1,gemv,lns,lns16_r7,16,8,7,fp32,fused,padded,thread_packet,4,16,1,1,4,none,fraction_lut_global,fused/padded/thread_packet/x4/fraction_lut_global,16384,1024,1024,33587200,33587200,512,1024,256,3,2,61,4.868192195892334,0.079806429440857932,-49.131629943847656,1
2026-08-16T21:24:19Z,NVIDIA H200 NVL,screen,normal_0_1,dot,lns,lns16_r7,16,8,7,fp32,fused,padded,thread_packet,8,16,1,1,8,none,fraction_lut_global,fused/padded/thread_packet/x8/fraction_lut_global,16777216,0,1,67108864,67108864,512,512,256,3,0,55,4.9780797958374023,0.090510541742498229,-2611.553955078125,1
2026-08-16T21:24:19Z,NVIDIA H200 NVL,screen,normal_0_1,dot,lns,lns16_r7,16,8,7,fp32,fused,padded,thread_packet,8,16,1,1,8,none,fraction_lut_global,fused/padded/thread_packet/x8/fraction_lut_global,16777216,0,1,67108864,67108864,512,512,256,3,1,55,4.9884800910949707,0.09069963801990856,-2611.553955078125,1
2026-08-16T21:24:19Z,NVIDIA H200 NVL,screen,normal_0_1,dot,lns,lns16_r7,16,8,7,fp32,fused,padded,thread_packet,8,16,1,1,8,none,fraction_lut_global,fused/padded/thread_packet/x8/fraction_lut_global,16777216,0,1,67108864,67108864,512,512,256,3,2,55,4.9877758026123047,0.090686832774769174,-2611.553955078125,1
2026-08-16T21:24:19Z,NVIDIA H200 NVL,screen,normal_0_1,gemv,lns,lns16_r7,16,8,7,fp32,fused,padded,thread_packet,8,16,1,1,8,none,fraction_lut_global,fused/padded/thread_packet/x8/fraction_lut_global,16384,1024,1024,33587200,33587200,512,1024,256,3,0,63,4.9172158241271973,0.07805104482741583,-49.131671905517578,1
2026-08-16T21:24:19Z,NVIDIA H200 NVL,screen,normal_0_1,gemv,lns,lns16_r7,16,8,7,fp32,fused,padded,thread_packet,8,16,1,1,8,none,fraction_lut_global,fused/padded/thread_packet/x8/fraction_lut_global,16384,1024,1024,33587200,33587200,512,1024,256,3,1,63,4.9189119338989258,0.078077967204744858,-49.131671905517578,1
2026-08-16T21:24:19Z,NVIDIA H200 NVL,screen,normal_0_1,gemv,lns,lns16_r7,16,8,7,fp32,fused,padded,thread_packet,8,16,1,1,8,none,fraction_lut_global,fused/padded/thread_packet/x8/fraction_lut_global,16384,1024,1024,33587200,33587200,512,1024,256,3,2,63,4.9197759628295898,0.078091681949676028,-49.131671905517578,1
2026-08-16T21:24:19Z,NVIDIA H200 NVL,screen,normal_0_1,dot,lns,lns16_r7,16,8,7,fp32,ordinary,padded,scalar,1,16,1,1,1,none,fraction_lut_shared,ordinary/padded/scalar/x1/fraction_lut_shared,16777216,0,1,67108864,67108864,512,512,256,3,0,45,5.0134081840515137,0.1114090707567003,-2611.5576171875,1
2026-08-16T21:24:19Z,NVIDIA H200 NVL,screen,normal_0_1,dot,lns,lns16_r7,16,8,7,fp32,ordinary,padded,scalar,1,16,1,1,1,none,fraction_lut_shared,ordinary/padded/scalar/x1/fraction_lut_shared,16777216,0,1,67108864,67108864,512,512,256,3,1,45,5.0123519897460938,0.11138559977213541,-2611.5576171875,1
2026-08-16T21:24:19Z,NVIDIA H200 NVL,screen,normal_0_1,dot,lns,lns16_r7,16,8,7,fp32,ordinary,padded,scalar,1,16,1,1,1,none,fraction_lut_shared,ordinary/padded/scalar/x1/fraction_lut_shared,16777216,0,1,67108864,67108864,512,512,256,3,2,45,5.0037121772766113,0.11119360393948025,-2611.5576171875,1
2026-08-16T21:24:19Z,NVIDIA H200 NVL,screen,normal_0_1,gemv,lns,lns16_r7,16,8,7,fp32,ordinary,padded,scalar,1,16,1,1,1,none,fraction_lut_shared,ordinary/padded/scalar/x1/fraction_lut_shared,16384,1024,1024,33587200,33587200,512,1024,256,3,0,55,4.9484481811523438,0.089971785111860797,-49.131641387939453,1
2026-08-16T21:24:19Z,NVIDIA H200 NVL,screen,normal_0_1,gemv,lns,lns16_r7,16,8,7,fp32,ordinary,padded,scalar,1,16,1,1,1,none,fraction_lut_shared,ordinary/padded/scalar/x1/fraction_lut_shared,16384,1024,1024,33587200,33587200,512,1024,256,3,1,55,4.9540801048278809,0.090074183724143289,-49.131641387939453,1
2026-08-16T21:24:19Z,NVIDIA H200 NVL,screen,normal_0_1,gemv,lns,lns16_r7,16,8,7,fp32,ordinary,padded,scalar,1,16,1,1,1,none,fraction_lut_shared,ordinary/padded/scalar/x1/fraction_lut_shared,16384,1024,1024,33587200,33587200,512,1024,256,3,2,55,4.9467201232910156,0.089940365878018472,-49.131641387939453,1
2026-08-16T21:24:19Z,NVIDIA H200 NVL,screen,normal_0_1,dot,lns,lns16_r7,16,8,7,fp32,ordinary,padded,thread_packet,2,16,1,1,2,none,fraction_lut_shared,ordinary/padded/thread_packet/x2/fraction_lut_shared,16777216,0,1,67108864,67108864,512,512,256,3,0,46,4.9240641593933105,0.10704487303028935,-2611.5576171875,1
2026-08-16T21:24:19Z,NVIDIA H200 NVL,screen,normal_0_1,dot,lns,lns16_r7,16,8,7,fp32,ordinary,padded,thread_packet,2,16,1,1,2,none,fraction_lut_shared,ordinary/padded/thread_packet/x2/fraction_lut_shared,16777216,0,1,67108864,67108864,512,512,256,3,1,46,4.9192318916320801,0.10693982373113217,-2611.5576171875,1
2026-08-16T21:24:19Z,NVIDIA H200 NVL,screen,normal_0_1,dot,lns,lns16_r7,16,8,7,fp32,ordinary,padded,thread_packet,2,16,1,1,2,none,fraction_lut_shared,ordinary/padded/thread_packet/x2/fraction_lut_shared,16777216,0,1,67108864,67108864,512,512,256,3,2,46,4.9188480377197266,0.10693147908086362,-2611.5576171875,1
2026-08-16T21:24:19Z,NVIDIA H200 NVL,screen,normal_0_1,gemv,lns,lns16_r7,16,8,7,fp32,ordinary,padded,thread_packet,2,16,1,1,2,none,fraction_lut_shared,ordinary/padded/thread_packet/x2/fraction_lut_shared,16384,1024,1024,33587200,33587200,512,1024,256,3,0,56,4.9365439414978027,0.088152570383889337,-49.131664276123047,1
2026-08-16T21:24:19Z,NVIDIA H200 NVL,screen,normal_0_1,gemv,lns,lns16_r7,16,8,7,fp32,ordinary,padded,thread_packet,2,16,1,1,2,none,fraction_lut_shared,ordinary/padded/thread_packet/x2/fraction_lut_shared,16384,1024,1024,33587200,33587200,512,1024,256,3,1,56,4.9371519088745117,0.088163426944187703,-49.131664276123047,1
2026-08-16T21:24:19Z,NVIDIA H200 NVL,screen,normal_0_1,gemv,lns,lns16_r7,16,8,7,fp32,ordinary,padded,thread_packet,2,16,1,1,2,none,fraction_lut_shared,ordinary/padded/thread_packet/x2/fraction_lut_shared,16384,1024,1024,33587200,33587200,512,1024,256,3,2,56,4.9372158050537109,0.088164567947387695,-49.131664276123047,1
2026-08-16T21:24:19Z,NVIDIA H200 NVL,screen,normal_0_1,dot,lns,lns16_r7,16,8,7,fp32,ordinary,padded,thread_packet,4,16,1,1,4,none,fraction_lut_shared,ordinary/padded/thread_packet/x4/fraction_lut_shared,16777216,0,1,67108864,67108864,512,512,256,3,0,50,4.9916481971740723,0.099832963943481443,-2611.556640625,1
2026-08-16T21:24:19Z,NVIDIA H200 NVL,screen,normal_0_1,dot,lns,lns16_r7,16,8,7,fp32,ordinary,padded,thread_packet,4,16,1,1,4,none,fraction_lut_shared,ordinary/padded/thread_packet/x4/fraction_lut_shared,16777216,0,1,67108864,67108864,512,512,256,3,1,50,4.9903039932250977,0.099806079864501948,-2611.556640625,1
2026-08-16T21:24:19Z,NVIDIA H200 NVL,screen,normal_0_1,dot,lns,lns16_r7,16,8,7,fp32,ordinary,padded,thread_packet,4,16,1,1,4,none,fraction_lut_shared,ordinary/padded/thread_packet/x4/fraction_lut_shared,16777216,0,1,67108864,67108864,512,512,256,3,2,50,4.9875202178955078,0.099750404357910161,-2611.556640625,1
2026-08-16T21:24:19Z,NVIDIA H200 NVL,screen,normal_0_1,gemv,lns,lns16_r7,16,8,7,fp32,ordinary,padded,thread_packet,4,16,1,1,4,none,fraction_lut_shared,ordinary/padded/thread_packet/x4/fraction_lut_shared,16384,1024,1024,33587200,33587200,512,1024,256,3,0,57,4.8363838195800781,0.084848838940001364,-49.131610870361328,1
2026-08-16T21:24:19Z,NVIDIA H200 NVL,screen,normal_0_1,gemv,lns,lns16_r7,16,8,7,fp32,ordinary,padded,thread_packet,4,16,1,1,4,none,fraction_lut_shared,ordinary/padded/thread_packet/x4/fraction_lut_shared,16384,1024,1024,33587200,33587200,512,1024,256,3,1,57,4.8375678062438965,0.084869610635857837,-49.131610870361328,1
2026-08-16T21:24:19Z,NVIDIA H200 NVL,screen,normal_0_1,gemv,lns,lns16_r7,16,8,7,fp32,ordinary,padded,thread_packet,4,16,1,1,4,none,fraction_lut_shared,ordinary/padded/thread_packet/x4/fraction_lut_shared,16384,1024,1024,33587200,33587200,512,1024,256,3,2,57,4.8362879753112793,0.084847157461601388,-49.131610870361328,1
2026-08-16T21:24:19Z,NVIDIA H200 NVL,screen,normal_0_1,dot,lns,lns16_r7,16,8,7,fp32,ordinary,padded,thread_packet,8,16,1,1,8,none,fraction_lut_shared,ordinary/padded/thread_packet/x8/fraction_lut_shared,16777216,0,1,67108864,67108864,512,512,256,3,0,50,4.9433598518371582,0.098867197036743168,-2611.5546875,1
2026-08-16T21:24:19Z,NVIDIA H200 NVL,screen,normal_0_1,dot,lns,lns16_r7,16,8,7,fp32,ordinary,padded,thread_packet,8,16,1,1,8,none,fraction_lut_shared,ordinary/padded/thread_packet/x8/fraction_lut_shared,16777216,0,1,67108864,67108864,512,512,256,3,1,50,4.9599361419677734,0.099198722839355463,-2611.5546875,1
2026-08-16T21:24:19Z,NVIDIA H200 NVL,screen,normal_0_1,dot,lns,lns16_r7,16,8,7,fp32,ordinary,padded,thread_packet,8,16,1,1,8,none,fraction_lut_shared,ordinary/padded/thread_packet/x8/fraction_lut_shared,16777216,0,1,67108864,67108864,512,512,256,3,2,50,4.9471039772033691,0.098942079544067377,-2611.5546875,1
2026-08-16T21:24:19Z,NVIDIA H200 NVL,screen,normal_0_1,gemv,lns,lns16_r7,16,8,7,fp32,ordinary,padded,thread_packet,8,16,1,1,8,none,fraction_lut_shared,ordinary/padded/thread_packet/x8/fraction_lut_shared,16384,1024,1024,33587200,33587200,512,1024,256,3,0,59,4.9020161628723145,0.083085019709700239,-49.131656646728516,1
2026-08-16T21:24:19Z,NVIDIA H200 NVL,screen,normal_0_1,gemv,lns,lns16_r7,16,8,7,fp32,ordinary,padded,thread_packet,8,16,1,1,8,none,fraction_lut_shared,ordinary/padded/thread_packet/x8/fraction_lut_shared,16384,1024,1024,33587200,33587200,512,1024,256,3,1,59,4.943295955657959,0.083784677214541678,-49.131656646728516,1
2026-08-16T21:24:19Z,NVIDIA H200 NVL,screen,normal_0_1,gemv,lns,lns16_r7,16,8,7,fp32,ordinary,padded,thread_packet,8,16,1,1,8,none,fraction_lut_shared,ordinary/padded/thread_packet/x8/fraction_lut_shared,16384,1024,1024,33587200,33587200,512,1024,256,3,2,59,4.943295955657959,0.083784677214541678,-49.131656646728516,1
2026-08-16T21:24:19Z,NVIDIA H200 NVL,screen,normal_0_1,dot,lns,lns16_r7,16,8,7,fp32,fused,padded,scalar,1,16,1,1,1,none,fraction_lut_shared,fused/padded/scalar/x1/fraction_lut_shared,16777216,0,1,67108864,67108864,512,512,256,3,0,50,4.9759678840637207,0.099519357681274415,-2611.556640625,1
2026-08-16T21:24:19Z,NVIDIA H200 NVL,screen,normal_0_1,dot,lns,lns16_r7,16,8,7,fp32,fused,padded,scalar,1,16,1,1,1,none,fraction_lut_shared,fused/padded/scalar/x1/fraction_lut_shared,16777216,0,1,67108864,67108864,512,512,256,3,1,50,4.9807038307189941,0.099614076614379876,-2611.556640625,1
2026-08-16T21:24:19Z,NVIDIA H200 NVL,screen,normal_0_1,dot,lns,lns16_r7,16,8,7,fp32,fused,padded,scalar,1,16,1,1,1,none,fraction_lut_shared,fused/padded/scalar/x1/fraction_lut_shared,16777216,0,1,67108864,67108864,512,512,256,3,2,50,4.9732799530029297,0.099465599060058599,-2611.556640625,1
2026-08-16T21:24:19Z,NVIDIA H200 NVL,screen,normal_0_1,gemv,lns,lns16_r7,16,8,7,fp32,fused,padded,scalar,1,16,1,1,1,none,fraction_lut_shared,fused/padded/scalar/x1/fraction_lut_shared,16384,1024,1024,33587200,33587200,512,1024,256,3,0,65,4.8500480651855469,0.074616124079777649,-49.13165283203125,1
2026-08-16T21:24:19Z,NVIDIA H200 NVL,screen,normal_0_1,gemv,lns,lns16_r7,16,8,7,fp32,fused,padded,scalar,1,16,1,1,1,none,fraction_lut_shared,fused/padded/scalar/x1/fraction_lut_shared,16384,1024,1024,33587200,33587200,512,1024,256,3,1,65,4.8498878479003906,0.074613659198467547,-49.13165283203125,1
2026-08-16T21:24:19Z,NVIDIA H200 NVL,screen,normal_0_1,gemv,lns,lns16_r7,16,8,7,fp32,fused,padded,scalar,1,16,1,1,1,none,fraction_lut_shared,fused/padded/scalar/x1/fraction_lut_shared,16384,1024,1024,33587200,33587200,512,1024,256,3,2,65,4.8509120941162109,0.074629416832557097,-49.13165283203125,1
2026-08-16T21:24:19Z,NVIDIA H200 NVL,screen,normal_0_1,dot,lns,lns16_r7,16,8,7,fp32,fused,padded,thread_packet,2,16,1,1,2,none,fraction_lut_shared,fused/padded/thread_packet/x2/fraction_lut_shared,16777216,0,1,67108864,67108864,512,512,256,3,0,52,4.8926081657409668,0.094088618571941673,-2611.557373046875,1
2026-08-16T21:24:19Z,NVIDIA H200 NVL,screen,normal_0_1,dot,lns,lns16_r7,16,8,7,fp32,fused,padded,thread_packet,2,16,1,1,2,none,fraction_lut_shared,fused/padded/thread_packet/x2/fraction_lut_shared,16777216,0,1,67108864,67108864,512,512,256,3,1,52,4.9006719589233398,0.094243691517756537,-2611.557373046875,1
2026-08-16T21:24:19Z,NVIDIA H200 NVL,screen,normal_0_1,dot,lns,lns16_r7,16,8,7,fp32,fused,padded,thread_packet,2,16,1,1,2,none,fraction_lut_shared,fused/padded/thread_packet/x2/fraction_lut_shared,16777216,0,1,67108864,67108864,512,512,256,3,2,52,4.8870401382446289,0.093981541120089024,-2611.557373046875,1
2026-08-16T21:24:19Z,NVIDIA H200 NVL,screen,normal_0_1,gemv,lns,lns16_r7,16,8,7,fp32,fused,padded,thread_packet,2,16,1,1,2,none,fraction_lut_shared,fused/padded/thread_packet/x2/fraction_lut_shared,16384,1024,1024,33587200,33587200,512,1024,256,3,0,65,4.8780479431152344,0.075046891432542062,-49.131683349609375,1
2026-08-16T21:24:19Z,NVIDIA H200 NVL,screen,normal_0_1,gemv,lns,lns16_r7,16,8,7,fp32,fused,padded,thread_packet,2,16,1,1,2,none,fraction_lut_shared,fused/padded/thread_packet/x2/fraction_lut_shared,16384,1024,1024,33587200,33587200,512,1024,256,3,1,65,4.8597760200500488,0.074765784923846904,-49.131683349609375,1
2026-08-16T21:24:19Z,NVIDIA H200 NVL,screen,normal_0_1,gemv,lns,lns16_r7,16,8,7,fp32,fused,padded,thread_packet,2,16,1,1,2,none,fraction_lut_shared,fused/padded/thread_packet/x2/fraction_lut_shared,16384,1024,1024,33587200,33587200,512,1024,256,3,2,65,4.8588161468505859,0.074751017643855167,-49.131683349609375,1
2026-08-16T21:24:19Z,NVIDIA H200 NVL,screen,normal_0_1,dot,lns,lns16_r7,16,8,7,fp32,fused,padded,thread_packet,4,16,1,1,4,none,fraction_lut_shared,fused/padded/thread_packet/x4/fraction_lut_shared,16777216,0,1,67108864,67108864,512,512,256,3,0,56,4.8626880645751953,0.086833715438842773,-2611.55615234375,1
2026-08-16T21:24:19Z,NVIDIA H200 NVL,screen,normal_0_1,dot,lns,lns16_r7,16,8,7,fp32,fused,padded,thread_packet,4,16,1,1,4,none,fraction_lut_shared,fused/padded/thread_packet/x4/fraction_lut_shared,16777216,0,1,67108864,67108864,512,512,256,3,1,56,4.8824000358581543,0.087185714926038466,-2611.55615234375,1
2026-08-16T21:24:19Z,NVIDIA H200 NVL,screen,normal_0_1,dot,lns,lns16_r7,16,8,7,fp32,fused,padded,thread_packet,4,16,1,1,4,none,fraction_lut_shared,fused/padded/thread_packet/x4/fraction_lut_shared,16777216,0,1,67108864,67108864,512,512,256,3,2,56,4.8652801513671875,0.086880002702985487,-2611.55615234375,1
2026-08-16T21:24:19Z,NVIDIA H200 NVL,screen,normal_0_1,gemv,lns,lns16_r7,16,8,7,fp32,fused,padded,thread_packet,4,16,1,1,4,none,fraction_lut_shared,fused/padded/thread_packet/x4/fraction_lut_shared,16384,1024,1024,33587200,33587200,512,1024,256,3,0,68,4.8646721839904785,0.071539296823389387,-49.131629943847656,1
2026-08-16T21:24:19Z,NVIDIA H200 NVL,screen,normal_0_1,gemv,lns,lns16_r7,16,8,7,fp32,fused,padded,thread_packet,4,16,1,1,4,none,fraction_lut_shared,fused/padded/thread_packet/x4/fraction_lut_shared,16384,1024,1024,33587200,33587200,512,1024,256,3,1,68,4.865664005279541,0.071553882430581486,-49.131629943847656,1
2026-08-16T21:24:19Z,NVIDIA H200 NVL,screen,normal_0_1,gemv,lns,lns16_r7,16,8,7,fp32,fused,padded,thread_packet,4,16,1,1,4,none,fraction_lut_shared,fused/padded/thread_packet/x4/fraction_lut_shared,16384,1024,1024,33587200,33587200,512,1024,256,3,2,68,4.8660798072814941,0.071559997165904332,-49.131629943847656,1
2026-08-16T21:24:19Z,NVIDIA H200 NVL,screen,normal_0_1,dot,lns,lns16_r7,16,8,7,fp32,fused,padded,thread_packet,8,16,1,1,8,none,fraction_lut_shared,fused/padded/thread_packet/x8/fraction_lut_shared,16777216,0,1,67108864,67108864,512,512,256,3,0,59,4.9110398292541504,0.083237963207697468,-2611.553955078125,1
2026-08-16T21:24:19Z,NVIDIA H200 NVL,screen,normal_0_1,dot,lns,lns16_r7,16,8,7,fp32,fused,padded,thread_packet,8,16,1,1,8,none,fraction_lut_shared,fused/padded/thread_packet/x8/fraction_lut_shared,16777216,0,1,67108864,67108864,512,512,256,3,1,59,4.9177279472351074,0.083351321139578091,-2611.553955078125,1
2026-08-16T21:24:19Z,NVIDIA H200 NVL,screen,normal_0_1,dot,lns,lns16_r7,16,8,7,fp32,fused,padded,thread_packet,8,16,1,1,8,none,fraction_lut_shared,fused/padded/thread_packet/x8/fraction_lut_shared,16777216,0,1,67108864,67108864,512,512,256,3,2,59,4.9131841659545898,0.083274307897535427,-2611.553955078125,1
2026-08-16T21:24:19Z,NVIDIA H200 NVL,screen,normal_0_1,gemv,lns,lns16_r7,16,8,7,fp32,fused,padded,thread_packet,8,16,1,1,8,none,fraction_lut_shared,fused/padded/thread_packet/x8/fraction_lut_shared,16384,1024,1024,33587200,33587200,512,1024,256,3,0,70,4.9488320350646973,0.070697600500924246,-49.131671905517578,1
2026-08-16T21:24:19Z,NVIDIA H200 NVL,screen,normal_0_1,gemv,lns,lns16_r7,16,8,7,fp32,fused,padded,thread_packet,8,16,1,1,8,none,fraction_lut_shared,fused/padded/thread_packet/x8/fraction_lut_shared,16384,1024,1024,33587200,33587200,512,1024,256,3,1,70,4.9536957740783691,0.070767082486833846,-49.131671905517578,1
2026-08-16T21:24:19Z,NVIDIA H200 NVL,screen,normal_0_1,gemv,lns,lns16_r7,16,8,7,fp32,fused,padded,thread_packet,8,16,1,1,8,none,fraction_lut_shared,fused/padded/thread_packet/x8/fraction_lut_shared,16384,1024,1024,33587200,33587200,512,1024,256,3,2,70,4.9564800262451172,0.070806857517787383,-49.131671905517578,1
2026-08-16T21:24:19Z,NVIDIA H200 NVL,screen,normal_0_1,dot,lns,lns16_r7,16,8,7,fp32,ordinary,padded,scalar,1,16,1,1,1,none,split_linear,ordinary/padded/scalar/x1/split_linear,16777216,0,1,67108864,67108864,512,512,256,3,0,38,4.9042878150939941,0.12906020566036827,-2611.5576171875,1
2026-08-16T21:24:19Z,NVIDIA H200 NVL,screen,normal_0_1,dot,lns,lns16_r7,16,8,7,fp32,ordinary,padded,scalar,1,16,1,1,1,none,split_linear,ordinary/padded/scalar/x1/split_linear,16777216,0,1,67108864,67108864,512,512,256,3,1,38,4.8988800048828125,0.12891789486533717,-2611.5576171875,1
2026-08-16T21:24:19Z,NVIDIA H200 NVL,screen,normal_0_1,dot,lns,lns16_r7,16,8,7,fp32,ordinary,padded,scalar,1,16,1,1,1,none,split_linear,ordinary/padded/scalar/x1/split_linear,16777216,0,1,67108864,67108864,512,512,256,3,2,38,4.9116477966308594,0.12925388938502261,-2611.5576171875,1
2026-08-16T21:24:19Z,NVIDIA H200 NVL,screen,normal_0_1,gemv,lns,lns16_r7,16,8,7,fp32,ordinary,padded,scalar,1,16,1,1,1,none,split_linear,ordinary/padded/scalar/x1/split_linear,16384,1024,1024,33587200,33587200,512,1024,256,3,0,46,4.9800958633422852,0.10826295355091924,-49.131641387939453,1
2026-08-16T21:24:19Z,NVIDIA H200 NVL,screen,normal_0_1,gemv,lns,lns16_r7,16,8,7,fp32,ordinary,padded,scalar,1,16,1,1,1,none,split_linear,ordinary/padded/scalar/x1/split_linear,16384,1024,1024,33587200,33587200,512,1024,256,3,1,46,4.9855999946594238,0.10838260857955269,-49.131641387939453,1
2026-08-16T21:24:19Z,NVIDIA H200 NVL,screen,normal_0_1,gemv,lns,lns16_r7,16,8,7,fp32,ordinary,padded,scalar,1,16,1,1,1,none,split_linear,ordinary/padded/scalar/x1/split_linear,16384,1024,1024,33587200,33587200,512,1024,256,3,2,46,4.9844160079956055,0.1083568697390349,-49.131641387939453,1
2026-08-16T21:24:19Z,NVIDIA H200 NVL,screen,normal_0_1,dot,lns,lns16_r7,16,8,7,fp32,ordinary,padded,thread_packet,2,16,1,1,2,none,split_linear,ordinary/padded/thread_packet/x2/split_linear,16777216,0,1,67108864,67108864,512,512,256,3,0,39,4.9792318344116211,0.12767261113875952,-2611.5576171875,1
2026-08-16T21:24:19Z,NVIDIA H200 NVL,screen,normal_0_1,dot,lns,lns16_r7,16,8,7,fp32,ordinary,padded,thread_packet,2,16,1,1,2,none,split_linear,ordinary/padded/thread_packet/x2/split_linear,16777216,0,1,67108864,67108864,512,512,256,3,1,39,4.9876480102539062,0.12788841051933092,-2611.5576171875,1
2026-08-16T21:24:19Z,NVIDIA H200 NVL,screen,normal_0_1,dot,lns,lns16_r7,16,8,7,fp32,ordinary,padded,thread_packet,2,16,1,1,2,none,split_linear,ordinary/padded/thread_packet/x2/split_linear,16777216,0,1,67108864,67108864,512,512,256,3,2,39,4.9791679382324219,0.12767097277519029,-2611.5576171875,1
2026-08-16T21:24:19Z,NVIDIA H200 NVL,screen,normal_0_1,gemv,lns,lns16_r7,16,8,7,fp32,ordinary,padded,thread_packet,2,16,1,1,2,none,split_linear,ordinary/padded/thread_packet/x2/split_linear,16384,1024,1024,33587200,33587200,512,1024,256,3,0,46,4.8757119178771973,0.10599373734515646,-49.131664276123047,1
2026-08-16T21:24:19Z,NVIDIA H200 NVL,screen,normal_0_1,gemv,lns,lns16_r7,16,8,7,fp32,ordinary,padded,thread_packet,2,16,1,1,2,none,split_linear,ordinary/padded/thread_packet/x2/split_linear,16384,1024,1024,33587200,33587200,512,1024,256,3,1,46,4.8897919654846191,0.10629982533662216,-49.131664276123047,1
2026-08-16T21:24:19Z,NVIDIA H200 NVL,screen,normal_0_1,gemv,lns,lns16_r7,16,8,7,fp32,ordinary,padded,thread_packet,2,16,1,1,2,none,split_linear,ordinary/padded/thread_packet/x2/split_linear,16384,1024,1024,33587200,33587200,512,1024,256,3,2,46,4.8743038177490234,0.10596312647280486,-49.131664276123047,1
2026-08-16T21:24:19Z,NVIDIA H200 NVL,screen,normal_0_1,dot,lns,lns16_r7,16,8,7,fp32,ordinary,padded,thread_packet,4,16,1,1,4,none,split_linear,ordinary/padded/thread_packet/x4/split_linear,16777216,0,1,67108864,67108864,512,512,256,3,0,41,4.9302082061767578,0.12024898063845751,-2611.556640625,1
2026-08-16T21:24:19Z,NVIDIA H200 NVL,screen,normal_0_1,dot,lns,lns16_r7,16,8,7,fp32,ordinary,padded,thread_packet,4,16,1,1,4,none,split_linear,ordinary/padded/thread_packet/x4/split_linear,16777216,0,1,67108864,67108864,512,512,256,3,1,41,4.9283838272094727,0.12020448359047495,-2611.556640625,1
2026-08-16T21:24:19Z,NVIDIA H200 NVL,screen,normal_0_1,dot,lns,lns16_r7,16,8,7,fp32,ordinary,padded,thread_packet,4,16,1,1,4,none,split_linear,ordinary/padded/thread_packet/x4/split_linear,16777216,0,1,67108864,67108864,512,512,256,3,2,41,4.9324479103088379,0.12030360756850825,-2611.556640625,1
2026-08-16T21:24:19Z,NVIDIA H200 NVL,screen,normal_0_1,gemv,lns,lns16_r7,16,8,7,fp32,ordinary,padded,thread_packet,4,16,1,1,4,none,split_linear,ordinary/padded/thread_packet/x4/split_linear,16384,1024,1024,33587200,33587200,512,1024,256,3,0,48,4.9264001846313477,0.10263333717981975,-49.131610870361328,1
2026-08-16T21:24:19Z,NVIDIA H200 NVL,screen,normal_0_1,gemv,lns,lns16_r7,16,8,7,fp32,ordinary,padded,thread_packet,4,16,1,1,4,none,split_linear,ordinary/padded/thread_packet/x4/split_linear,16384,1024,1024,33587200,33587200,512,1024,256,3,1,48,4.912384033203125,0.10234133402506511,-49.131610870361328,1
2026-08-16T21:24:19Z,NVIDIA H200 NVL,screen,normal_0_1,gemv,lns,lns16_r7,16,8,7,fp32,ordinary,padded,thread_packet,4,16,1,1,4,none,split_linear,ordinary/padded/thread_packet/x4/split_linear,16384,1024,1024,33587200,33587200,512,1024,256,3,2,48,4.9104962348937988,0.1023020048936208,-49.131610870361328,1
2026-08-16T21:24:19Z,NVIDIA H200 NVL,screen,normal_0_1,dot,lns,lns16_r7,16,8,7,fp32,ordinary,padded,thread_packet,8,16,1,1,8,none,split_linear,ordinary/padded/thread_packet/x8/split_linear,16777216,0,1,67108864,67108864,512,512,256,3,0,42,4.9027199745178223,0.11673142796471006,-2611.5546875,1
2026-08-16T21:24:19Z,NVIDIA H200 NVL,screen,normal_0_1,dot,lns,lns16_r7,16,8,7,fp32,ordinary,padded,thread_packet,8,16,1,1,8,none,split_linear,ordinary/padded/thread_packet/x8/split_linear,16777216,0,1,67108864,67108864,512,512,256,3,1,42,4.9019198417663574,0.11671237718491327,-2611.5546875,1
2026-08-16T21:24:19Z,NVIDIA H200 NVL,screen,normal_0_1,dot,lns,lns16_r7,16,8,7,fp32,ordinary,padded,thread_packet,8,16,1,1,8,none,split_linear,ordinary/padded/thread_packet/x8/split_linear,16777216,0,1,67108864,67108864,512,512,256,3,2,42,4.8994560241699219,0.11665371486118861,-2611.5546875,1
2026-08-16T21:24:19Z,NVIDIA H200 NVL,screen,normal_0_1,gemv,lns,lns16_r7,16,8,7,fp32,ordinary,padded,thread_packet,8,16,1,1,8,none,split_linear,ordinary/padded/thread_packet/x8/split_linear,16384,1024,1024,33587200,33587200,512,1024,256,3,0,49,4.9334721565246582,0.10068310523519711,-49.131656646728516,1
2026-08-16T21:24:19Z,NVIDIA H200 NVL,screen,normal_0_1,gemv,lns,lns16_r7,16,8,7,fp32,ordinary,padded,thread_packet,8,16,1,1,8,none,split_linear,ordinary/padded/thread_packet/x8/split_linear,16384,1024,1024,33587200,33587200,512,1024,256,3,1,49,4.9303679466247559,0.10061975401275013,-49.131656646728516,1
2026-08-16T21:24:19Z,NVIDIA H200 NVL,screen,normal_0_1,gemv,lns,lns16_r7,16,8,7,fp32,ordinary,padded,thread_packet,8,16,1,1,8,none,split_linear,ordinary/padded/thread_packet/x8/split_linear,16384,1024,1024,33587200,33587200,512,1024,256,3,2,49,4.9321599006652832,0.10065632450337313,-49.131656646728516,1
2026-08-16T21:24:19Z,NVIDIA H200 NVL,screen,normal_0_1,dot,lns,lns16_r7,16,8,7,fp32,fused,padded,scalar,1,16,1,1,1,none,split_linear,fused/padded/scalar/x1/split_linear,16777216,0,1,67108864,67108864,512,512,256,3,0,48,4.9680638313293457,0.10350132981936137,-2611.556640625,1
2026-08-16T21:24:19Z,NVIDIA H200 NVL,screen,normal_0_1,dot,lns,lns16_r7,16,8,7,fp32,fused,padded,scalar,1,16,1,1,1,none,split_linear,fused/padded/scalar/x1/split_linear,16777216,0,1,67108864,67108864,512,512,256,3,1,48,4.965184211730957,0.10344133774439494,-2611.556640625,1
2026-08-16T21:24:19Z,NVIDIA H200 NVL,screen,normal_0_1,dot,lns,lns16_r7,16,8,7,fp32,fused,padded,scalar,1,16,1,1,1,none,split_linear,fused/padded/scalar/x1/split_linear,16777216,0,1,67108864,67108864,512,512,256,3,2,48,4.975071907043457,0.10364733139673869,-2611.556640625,1
2026-08-16T21:24:19Z,NVIDIA H200 NVL,screen,normal_0_1,gemv,lns,lns16_r7,16,8,7,fp32,fused,padded,scalar,1,16,1,1,1,none,split_linear,fused/padded/scalar/x1/split_linear,16384,1024,1024,33587200,33587200,512,1024,256,3,0,58,4.876704216003418,0.084081107172472719,-49.13165283203125,1
2026-08-16T21:24:19Z,NVIDIA H200 NVL,screen,normal_0_1,gemv,lns,lns16_r7,16,8,7,fp32,fused,padded,scalar,1,16,1,1,1,none,split_linear,fused/padded/scalar/x1/split_linear,16384,1024,1024,33587200,33587200,512,1024,256,3,1,58,4.871391773223877,0.08398951333144615,-49.13165283203125,1
2026-08-16T21:24:19Z,NVIDIA H200 NVL,screen,normal_0_1,gemv,lns,lns16_r7,16,8,7,fp32,fused,padded,scalar,1,16,1,1,1,none,split_linear,fused/padded/scalar/x1/split_linear,16384,1024,1024,33587200,33587200,512,1024,256,3,2,58,4.8733119964599609,0.084022620628620009,-49.13165283203125,1
2026-08-16T21:24:19Z,NVIDIA H200 NVL,screen,normal_0_1,dot,lns,lns16_r7,16,8,7,fp32,fused,padded,thread_packet,2,16,1,1,2,none,split_linear,fused/padded/thread_packet/x2/split_linear,16777216,0,1,67108864,67108864,512,512,256,3,0,48,4.894752025604248,0.10197400053342183,-2611.557373046875,1
2026-08-16T21:24:19Z,NVIDIA H200 NVL,screen,normal_0_1,dot,lns,lns16_r7,16,8,7,fp32,fused,padded,thread_packet,2,16,1,1,2,none,split_linear,fused/padded/thread_packet/x2/split_linear,16777216,0,1,67108864,67108864,512,512,256,3,1,48,4.8915839195251465,0.10190799832344055,-2611.557373046875,1
2026-08-16T21:24:19Z,NVIDIA H200 NVL,screen,normal_0_1,dot,lns,lns16_r7,16,8,7,fp32,fused,padded,thread_packet,2,16,1,1,2,none,split_linear,fused/padded/thread_packet/x2/split_linear,16777216,0,1,67108864,67108864,512,512,256,3,2,48,4.889887809753418,0.10187266270319621,-2611.557373046875,1
2026-08-16T21:24:19Z,NVIDIA H200 NVL,screen,normal_0_1,gemv,lns,lns16_r7,16,8,7,fp32,fused,padded,thread_packet,2,16,1,1,2,none,split_linear,fused/padded/thread_packet/x2/split_linear,16384,1024,1024,33587200,33587200,512,1024,256,3,0,59,4.9159359931945801,0.083320949037196279,-49.131683349609375,1
2026-08-16T21:24:19Z,NVIDIA H200 NVL,screen,normal_0_1,gemv,lns,lns16_r7,16,8,7,fp32,fused,padded,thread_packet,2,16,1,1,2,none,split_linear,fused/padded/thread_packet/x2/split_linear,16384,1024,1024,33587200,33587200,512,1024,256,3,1,59,4.9161281585693359,0.083324206077446367,-49.131683349609375,1
2026-08-16T21:24:19Z,NVIDIA H200 NVL,screen,normal_0_1,gemv,lns,lns16_r7,16,8,7,fp32,fused,padded,thread_packet,2,16,1,1,2,none,split_linear,fused/padded/thread_packet/x2/split_linear,16384,1024,1024,33587200,33587200,512,1024,256,3,2,59,4.915679931640625,0.08331660901085805,-49.131683349609375,1
2026-08-16T21:24:19Z,NVIDIA H200 NVL,screen,normal_0_1,dot,lns,lns16_r7,16,8,7,fp32,fused,padded,thread_packet,4,16,1,1,4,none,split_linear,fused/padded/thread_packet/x4/split_linear,16777216,0,1,67108864,67108864,512,512,256,3,0,53,4.9930238723754883,0.094207997591990347,-2611.55615234375,1
2026-08-16T21:24:19Z,NVIDIA H200 NVL,screen,normal_0_1,dot,lns,lns16_r7,16,8,7,fp32,fused,padded,thread_packet,4,16,1,1,4,none,split_linear,fused/padded/thread_packet/x4/split_linear,16777216,0,1,67108864,67108864,512,512,256,3,1,53,5.0062398910522461,0.094457356434948042,-2611.55615234375,1
2026-08-16T21:24:19Z,NVIDIA H200 NVL,screen,normal_0_1,dot,lns,lns16_r7,16,8,7,fp32,fused,padded,thread_packet,4,16,1,1,4,none,split_linear,fused/padded/thread_packet/x4/split_linear,16777216,0,1,67108864,67108864,512,512,256,3,2,53,4.9961919784545898,0.094267773178388484,-2611.55615234375,1
2026-08-16T21:24:19Z,NVIDIA H200 NVL,screen,normal_0_1,gemv,lns,lns16_r7,16,8,7,fp32,fused,padded,thread_packet,4,16,1,1,4,none,split_linear,fused/padded/thread_packet/x4/split_linear,16384,1024,1024,33587200,33587200,512,1024,256,3,0,61,4.8803200721740723,0.08000524708482086,-49.131629943847656,1
2026-08-16T21:24:19Z,NVIDIA H200 NVL,screen,normal_0_1,gemv,lns,lns16_r7,16,8,7,fp32,fused,padded,thread_packet,4,16,1,1,4,none,split_linear,fused/padded/thread_packet/x4/split_linear,16384,1024,1024,33587200,33587200,512,1024,256,3,1,61,4.8665919303894043,0.079780195580154173,-49.131629943847656,1
2026-08-16T21:24:19Z,NVIDIA H200 NVL,screen,normal_0_1,gemv,lns,lns16_r7,16,8,7,fp32,fused,padded,thread_packet,4,16,1,1,4,none,split_linear,fused/padded/thread_packet/x4/split_linear,16384,1024,1024,33587200,33587200,512,1024,256,3,2,61,4.8653440475463867,0.079759738484367002,-49.131629943847656,1
2026-08-16T21:24:19Z,NVIDIA H200 NVL,screen,normal_0_1,dot,lns,lns16_r7,16,8,7,fp32,fused,padded,thread_packet,8,16,1,1,8,none,split_linear,fused/padded/thread_packet/x8/split_linear,16777216,0,1,67108864,67108864,512,512,256,3,0,55,5.0055360794067383,0.091009746898304336,-2611.553955078125,1
2026-08-16T21:24:19Z,NVIDIA H200 NVL,screen,normal_0_1,dot,lns,lns16_r7,16,8,7,fp32,fused,padded,thread_packet,8,16,1,1,8,none,split_linear,fused/padded/thread_packet/x8/split_linear,16777216,0,1,67108864,67108864,512,512,256,3,1,55,5.0023999214172363,0.090952725843949755,-2611.553955078125,1
2026-08-16T21:24:19Z,NVIDIA H200 NVL,screen,normal_0_1,dot,lns,lns16_r7,16,8,7,fp32,fused,padded,thread_packet,8,16,1,1,8,none,split_linear,fused/padded/thread_packet/x8/split_linear,16777216,0,1,67108864,67108864,512,512,256,3,2,55,5.0121917724609375,0.091130759499289768,-2611.553955078125,1
2026-08-16T21:24:19Z,NVIDIA H200 NVL,screen,normal_0_1,gemv,lns,lns16_r7,16,8,7,fp32,fused,padded,thread_packet,8,16,1,1,8,none,split_linear,fused/padded/thread_packet/x8/split_linear,16384,1024,1024,33587200,33587200,512,1024,256,3,0,63,4.9215359687805176,0.07811961855207171,-49.131671905517578,1
2026-08-16T21:24:19Z,NVIDIA H200 NVL,screen,normal_0_1,gemv,lns,lns16_r7,16,8,7,fp32,fused,padded,thread_packet,8,16,1,1,8,none,split_linear,fused/padded/thread_packet/x8/split_linear,16384,1024,1024,33587200,33587200,512,1024,256,3,1,63,4.9218239784240723,0.078124190133715438,-49.131671905517578,1
2026-08-16T21:24:19Z,NVIDIA H200 NVL,screen,normal_0_1,gemv,lns,lns16_r7,16,8,7,fp32,fused,padded,thread_packet,8,16,1,1,8,none,split_linear,fused/padded/thread_packet/x8/split_linear,16384,1024,1024,33587200,33587200,512,1024,256,3,2,63,4.9185919761657715,0.078072888510567803,-49.131671905517578,1
2026-08-16T21:24:19Z,NVIDIA H200 NVL,screen,normal_0_1,dot,lns,lns16_r7,16,8,7,fp32,ordinary,padded,scalar,1,16,1,1,1,none,split_quadratic,ordinary/padded/scalar/x1/split_quadratic,16777216,0,1,67108864,67108864,512,512,256,3,0,39,5.0221118927001953,0.12877209981282553,-2611.5576171875,1
2026-08-16T21:24:19Z,NVIDIA H200 NVL,screen,normal_0_1,dot,lns,lns16_r7,16,8,7,fp32,ordinary,padded,scalar,1,16,1,1,1,none,split_quadratic,ordinary/padded/scalar/x1/split_quadratic,16777216,0,1,67108864,67108864,512,512,256,3,1,39,5.0324478149414062,0.12903712346003607,-2611.5576171875,1
2026-08-16T21:24:19Z,NVIDIA H200 NVL,screen,normal_0_1,dot,lns,lns16_r7,16,8,7,fp32,ordinary,padded,scalar,1,16,1,1,1,none,split_quadratic,ordinary/padded/scalar/x1/split_quadratic,16777216,0,1,67108864,67108864,512,512,256,3,2,39,5.0385918617248535,0.12919466312115008,-2611.5576171875,1
2026-08-16T21:24:19Z,NVIDIA H200 NVL,screen,normal_0_1,gemv,lns,lns16_r7,16,8,7,fp32,ordinary,padded,scalar,1,16,1,1,1,none,split_quadratic,ordinary/padded/scalar/x1/split_quadratic,16384,1024,1024,33587200,33587200,512,1024,256,3,0,46,4.9819841384887695,0.10830400301062543,-49.131641387939453,1
2026-08-16T21:24:19Z,NVIDIA H200 NVL,screen,normal_0_1,gemv,lns,lns16_r7,16,8,7,fp32,ordinary,padded,scalar,1,16,1,1,1,none,split_quadratic,ordinary/padded/scalar/x1/split_quadratic,16384,1024,1024,33587200,33587200,512,1024,256,3,1,46,4.9838719367980957,0.10834504210430643,-49.131641387939453,1
2026-08-16T21:24:19Z,NVIDIA H200 NVL,screen,normal_0_1,gemv,lns,lns16_r7,16,8,7,fp32,ordinary,padded,scalar,1,16,1,1,1,none,split_quadratic,ordinary/padded/scalar/x1/split_quadratic,16384,1024,1024,33587200,33587200,512,1024,256,3,2,46,4.9810881614685059,0.10828452524931534,-49.131641387939453,1
2026-08-16T21:24:19Z,NVIDIA H200 NVL,screen,normal_0_1,dot,lns,lns16_r7,16,8,7,fp32,ordinary,padded,thread_packet,2,16,1,1,2,none,split_quadratic,ordinary/padded/thread_packet/x2/split_quadratic,16777216,0,1,67108864,67108864,512,512,256,3,0,39,4.9791679382324219,0.12767097277519029,-2611.5576171875,1
2026-08-16T21:24:19Z,NVIDIA H200 NVL,screen,normal_0_1,dot,lns,lns16_r7,16,8,7,fp32,ordinary,padded,thread_packet,2,16,1,1,2,none,split_quadratic,ordinary/padded/thread_packet/x2/split_quadratic,16777216,0,1,67108864,67108864,512,512,256,3,1,39,4.9817280769348145,0.12773661735730293,-2611.5576171875,1
2026-08-16T21:24:19Z,NVIDIA H200 NVL,screen,normal_0_1,dot,lns,lns16_r7,16,8,7,fp32,ordinary,padded,thread_packet,2,16,1,1,2,none,split_quadratic,ordinary/padded/thread_packet/x2/split_quadratic,16777216,0,1,67108864,67108864,512,512,256,3,2,39,4.9815359115600586,0.12773169004000151,-2611.5576171875,1
2026-08-16T21:24:19Z,NVIDIA H200 NVL,screen,normal_0_1,gemv,lns,lns16_r7,16,8,7,fp32,ordinary,padded,thread_packet,2,16,1,1,2,none,split_quadratic,ordinary/padded/thread_packet/x2/split_quadratic,16384,1024,1024,33587200,33587200,512,1024,256,3,0,47,4.9779200553894043,0.10591319266785966,-49.131664276123047,1
2026-08-16T21:24:19Z,NVIDIA H200 NVL,screen,normal_0_1,gemv,lns,lns16_r7,16,8,7,fp32,ordinary,padded,thread_packet,2,16,1,1,2,none,split_quadratic,ordinary/padded/thread_packet/x2/split_quadratic,16384,1024,1024,33587200,33587200,512,1024,256,3,1,47,4.9808001518249512,0.10597447131542449,-49.131664276123047,1
2026-08-16T21:24:19Z,NVIDIA H200 NVL,screen,normal_0_1,gemv,lns,lns16_r7,16,8,7,fp32,ordinary,padded,thread_packet,2,16,1,1,2,none,split_quadratic,ordinary/padded/thread_packet/x2/split_quadratic,16384,1024,1024,33587200,33587200,512,1024,256,3,2,47,4.9841279983520508,0.10604527656068193,-49.131664276123047,1
2026-08-16T21:24:19Z,NVIDIA H200 NVL,screen,normal_0_1,dot,lns,lns16_r7,16,8,7,fp32,ordinary,padded,thread_packet,4,16,1,1,4,none,split_quadratic,ordinary/padded/thread_packet/x4/split_quadratic,16777216,0,1,67108864,67108864,512,512,256,3,0,41,4.951807975769043,0.12077580428704983,-2611.556640625,1
2026-08-16T21:24:19Z,NVIDIA H200 NVL,screen,normal_0_1,dot,lns,lns16_r7,16,8,7,fp32,ordinary,padded,thread_packet,4,16,1,1,4,none,split_quadratic,ordinary/padded/thread_packet/x4/split_quadratic,16777216,0,1,67108864,67108864,512,512,256,3,1,41,4.9572482109069824,0.12090849294895079,-2611.556640625,1
2026-08-16T21:24:19Z,NVIDIA H200 NVL,screen,normal_0_1,dot,lns,lns16_r7,16,8,7,fp32,ordinary,padded,thread_packet,4,16,1,1,4,none,split_quadratic,ordinary/padded/thread_packet/x4/split_quadratic,16777216,0,1,67108864,67108864,512,512,256,3,2,41,4.948512077331543,0.12069541652028154,-2611.556640625,1
2026-08-16T21:24:19Z,NVIDIA H200 NVL,screen,normal_0_1,gemv,lns,lns16_r7,16,8,7,fp32,ordinary,padded,thread_packet,4,16,1,1,4,none,split_quadratic,ordinary/padded/thread_packet/x4/split_quadratic,16384,1024,1024,33587200,33587200,512,1024,256,3,0,48,4.912543773651123,0.10234466195106506,-49.131610870361328,1
2026-08-16T21:24:19Z,NVIDIA H200 NVL,screen,normal_0_1,gemv,lns,lns16_r7,16,8,7,fp32,ordinary,padded,thread_packet,4,16,1,1,4,none,split_quadratic,ordinary/padded/thread_packet/x4/split_quadratic,16384,1024,1024,33587200,33587200,512,1024,256,3,1,48,4.909247875213623,0.10227599740028381,-49.131610870361328,1
2026-08-16T21:24:19Z,NVIDIA H200 NVL,screen,normal_0_1,gemv,lns,lns16_r7,16,8,7,fp32,ordinary,padded,thread_packet,4,16,1,1,4,none,split_quadratic,ordinary/padded/thread_packet/x4/split_quadratic,16384,1024,1024,33587200,33587200,512,1024,256,3,2,48,4.9060158729553223,0.10220866401990254,-49.131610870361328,1
2026-08-16T21:24:19Z,NVIDIA H200 NVL,screen,normal_0_1,dot,lns,lns16_r7,16,8,7,fp32,ordinary,padded,thread_packet,8,16,1,1,8,none,split_quadratic,ordinary/padded/thread_packet/x8/split_quadratic,16777216,0,1,67108864,67108864,512,512,256,3,0,43,5.0429120063781738,0.11727702340414357,-2611.5546875,1
2026-08-16T21:24:19Z,NVIDIA H200 NVL,screen,normal_0_1,dot,lns,lns16_r7,16,8,7,fp32,ordinary,padded,thread_packet,8,16,1,1,8,none,split_quadratic,ordinary/padded/thread_packet/x8/split_quadratic,16777216,0,1,67108864,67108864,512,512,256,3,1,43,5.0360321998596191,0.11711702790371208,-2611.5546875,1
2026-08-16T21:24:19Z,NVIDIA H200 NVL,screen,normal_0_1,dot,lns,lns16_r7,16,8,7,fp32,ordinary,padded,thread_packet,8,16,1,1,8,none,split_quadratic,ordinary/padded/thread_packet/x8/split_quadratic,16777216,0,1,67108864,67108864,512,512,256,3,2,43,5.0465598106384277,0.11736185606135878,-2611.5546875,1
2026-08-16T21:24:19Z,NVIDIA H200 NVL,screen,normal_0_1,gemv,lns,lns16_r7,16,8,7,fp32,ordinary,padded,thread_packet,8,16,1,1,8,none,split_quadratic,ordinary/padded/thread_packet/x8/split_quadratic,16384,1024,1024,33587200,33587200,512,1024,256,3,0,49,4.9325442314147949,0.10066416798805704,-49.131656646728516,1
2026-08-16T21:24:19Z,NVIDIA H200 NVL,screen,normal_0_1,gemv,lns,lns16_r7,16,8,7,fp32,ordinary,padded,thread_packet,8,16,1,1,8,none,split_quadratic,ordinary/padded/thread_packet/x8/split_quadratic,16384,1024,1024,33587200,33587200,512,1024,256,3,1,49,4.9313278198242188,0.10063934326171875,-49.131656646728516,1
2026-08-16T21:24:19Z,NVIDIA H200 NVL,screen,normal_0_1,gemv,lns,lns16_r7,16,8,7,fp32,ordinary,padded,thread_packet,8,16,1,1,8,none,split_quadratic,ordinary/padded/thread_packet/x8/split_quadratic,16384,1024,1024,33587200,33587200,512,1024,256,3,2,49,4.9312958717346191,0.10063869125989018,-49.131656646728516,1
2026-08-16T21:24:19Z,NVIDIA H200 NVL,screen,normal_0_1,dot,lns,lns16_r7,16,8,7,fp32,fused,padded,scalar,1,16,1,1,1,none,split_quadratic,fused/padded/scalar/x1/split_quadratic,16777216,0,1,67108864,67108864,512,512,256,3,0,48,4.9404478073120117,0.10292599598566692,-2611.556640625,1
2026-08-16T21:24:19Z,NVIDIA H200 NVL,screen,normal_0_1,dot,lns,lns16_r7,16,8,7,fp32,fused,padded,scalar,1,16,1,1,1,none,split_quadratic,fused/padded/scalar/x1/split_quadratic,16777216,0,1,67108864,67108864,512,512,256,3,1,48,4.9399042129516602,0.10291467110315959,-2611.556640625,1
2026-08-16T21:24:19Z,NVIDIA H200 NVL,screen,normal_0_1,dot,lns,lns16_r7,16,8,7,fp32,fused,padded,scalar,1,16,1,1,1,none,split_quadratic,fused/padded/scalar/x1/split_quadratic,16777216,0,1,67108864,67108864,512,512,256,3,2,48,4.9343042373657227,0.10279800494511922,-2611.556640625,1
2026-08-16T21:24:19Z,NVIDIA H200 NVL,screen,normal_0_1,gemv,lns,lns16_r7,16,8,7,fp32,fused,padded,scalar,1,16,1,1,1,none,split_quadratic,fused/padded/scalar/x1/split_quadratic,16384,1024,1024,33587200,33587200,512,1024,256,3,0,59,4.9446721076965332,0.083808001825364964,-49.13165283203125,1
2026-08-16T21:24:19Z,NVIDIA H200 NVL,screen,normal_0_1,gemv,lns,lns16_r7,16,8,7,fp32,fused,padded,scalar,1,16,1,1,1,none,split_quadratic,fused/padded/scalar/x1/split_quadratic,16384,1024,1024,33587200,33587200,512,1024,256,3,1,59,4.9456958770751953,0.083825353848732118,-49.13165283203125,1
2026-08-16T21:24:19Z,NVIDIA H200 NVL,screen,normal_0_1,gemv,lns,lns16_r7,16,8,7,fp32,fused,padded,scalar,1,16,1,1,1,none,split_quadratic,fused/padded/scalar/x1/split_quadratic,16384,1024,1024,33587200,33587200,512,1024,256,3,2,59,4.946688175201416,0.083842172461040948,-49.13165283203125,1
2026-08-16T21:24:19Z,NVIDIA H200 NVL,screen,normal_0_1,dot,lns,lns16_r7,16,8,7,fp32,fused,padded,thread_packet,2,16,1,1,2,none,split_quadratic,fused/padded/thread_packet/x2/split_quadratic,16777216,0,1,67108864,67108864,512,512,256,3,0,49,5.0083842277526855,0.10221192301536093,-2611.557373046875,1
2026-08-16T21:24:19Z,NVIDIA H200 NVL,screen,normal_0_1,dot,lns,lns16_r7,16,8,7,fp32,fused,padded,thread_packet,2,16,1,1,2,none,split_quadratic,fused/padded/thread_packet/x2/split_quadratic,16777216,0,1,67108864,67108864,512,512,256,3,1,49,5.0064640045166016,0.1021727347860531,-2611.557373046875,1
2026-08-16T21:24:19Z,NVIDIA H200 NVL,screen,normal_0_1,dot,lns,lns16_r7,16,8,7,fp32,fused,padded,thread_packet,2,16,1,1,2,none,split_quadratic,fused/padded/thread_packet/x2/split_quadratic,16777216,0,1,67108864,67108864,512,512,256,3,2,49,5.0017919540405273,0.10207738681715361,-2611.557373046875,1
2026-08-16T21:24:19Z,NVIDIA H200 NVL,screen,normal_0_1,gemv,lns,lns16_r7,16,8,7,fp32,fused,padded,thread_packet,2,16,1,1,2,none,split_quadratic,fused/padded/thread_packet/x2/split_quadratic,16384,1024,1024,33587200,33587200,512,1024,256,3,0,59,4.9319038391113281,0.083591590493412346,-49.131683349609375,1
2026-08-16T21:24:19Z,NVIDIA H200 NVL,screen,normal_0_1,gemv,lns,lns16_r7,16,8,7,fp32,fused,padded,thread_packet,2,16,1,1,2,none,split_quadratic,fused/padded/thread_packet/x2/split_quadratic,16384,1024,1024,33587200,33587200,512,1024,256,3,1,59,4.925407886505127,0.083481489601781811,-49.131683349609375,1
2026-08-16T21:24:19Z,NVIDIA H200 NVL,screen,normal_0_1,gemv,lns,lns16_r7,16,8,7,fp32,fused,padded,thread_packet,2,16,1,1,2,none,split_quadratic,fused/padded/thread_packet/x2/split_quadratic,16384,1024,1024,33587200,33587200,512,1024,256,3,2,59,4.9170241355895996,0.08333939212863728,-49.131683349609375,1
2026-08-16T21:24:19Z,NVIDIA H200 NVL,screen,normal_0_1,dot,lns,lns16_r7,16,8,7,fp32,fused,padded,thread_packet,4,16,1,1,4,none,split_quadratic,fused/padded/thread_packet/x4/split_quadratic,16777216,0,1,67108864,67108864,512,512,256,3,0,52,4.9114561080932617,0.094451079001793489,-2611.55615234375,1
2026-08-16T21:24:19Z,NVIDIA H200 NVL,screen,normal_0_1,dot,lns,lns16_r7,16,8,7,fp32,fused,padded,thread_packet,4,16,1,1,4,none,split_quadratic,fused/padded/thread_packet/x4/split_quadratic,16777216,0,1,67108864,67108864,512,512,256,3,1,52,4.9069118499755859,0.094363689422607422,-2611.55615234375,1
2026-08-16T21:24:19Z,NVIDIA H200 NVL,screen,normal_0_1,dot,lns,lns16_r7,16,8,7,fp32,fused,padded,thread_packet,4,16,1,1,4,none,split_quadratic,fused/padded/thread_packet/x4/split_quadratic,16777216,0,1,67108864,67108864,512,512,256,3,2,52,4.9076800346374512,0.094378462204566374,-2611.55615234375,1
2026-08-16T21:24:19Z,NVIDIA H200 NVL,screen,normal_0_1,gemv,lns,lns16_r7,16,8,7,fp32,fused,padded,thread_packet,4,16,1,1,4,none,split_quadratic,fused/padded/thread_packet/x4/split_quadratic,16384,1024,1024,33587200,33587200,512,1024,256,3,0,61,4.880256175994873,0.080004199606473328,-49.131629943847656,1
2026-08-16T21:24:19Z,NVIDIA H200 NVL,screen,normal_0_1,gemv,lns,lns16_r7,16,8,7,fp32,fused,padded,thread_packet,4,16,1,1,4,none,split_quadratic,fused/padded/thread_packet/x4/split_quadratic,16384,1024,1024,33587200,33587200,512,1024,256,3,1,61,4.8682241439819336,0.079806953180031698,-49.131629943847656,1
2026-08-16T21:24:19Z,NVIDIA H200 NVL,screen,normal_0_1,gemv,lns,lns16_r7,16,8,7,fp32,fused,padded,thread_packet,4,16,1,1,4,none,split_quadratic,fused/padded/thread_packet/x4/split_quadratic,16384,1024,1024,33587200,33587200,512,1024,256,3,2,61,4.8689918518066406,0.079819538554207217,-49.131629943847656,1
2026-08-16T21:24:19Z,NVIDIA H200 NVL,screen,normal_0_1,dot,lns,lns16_r7,16,8,7,fp32,fused,padded,thread_packet,8,16,1,1,8,none,split_quadratic,fused/padded/thread_packet/x8/split_quadratic,16777216,0,1,67108864,67108864,512,512,256,3,0,55,4.9987201690673828,0.090885821255770591,-2611.553955078125,1
2026-08-16T21:24:19Z,NVIDIA H200 NVL,screen,normal_0_1,dot,lns,lns16_r7,16,8,7,fp32,fused,padded,thread_packet,8,16,1,1,8,none,split_quadratic,fused/padded/thread_packet/x8/split_quadratic,16777216,0,1,67108864,67108864,512,512,256,3,1,55,5.0094079971313477,0.091080145402388138,-2611.553955078125,1
2026-08-16T21:24:19Z,NVIDIA H200 NVL,screen,normal_0_1,dot,lns,lns16_r7,16,8,7,fp32,fused,padded,thread_packet,8,16,1,1,8,none,split_quadratic,fused/padded/thread_packet/x8/split_quadratic,16777216,0,1,67108864,67108864,512,512,256,3,2,55,5.001823902130127,0.090942252766002304,-2611.553955078125,1
2026-08-16T21:24:19Z,NVIDIA H200 NVL,screen,normal_0_1,gemv,lns,lns16_r7,16,8,7,fp32,fused,padded,thread_packet,8,16,1,1,8,none,split_quadratic,fused/padded/thread_packet/x8/split_quadratic,16384,1024,1024,33587200,33587200,512,1024,256,3,0,62,4.8410239219665527,0.078081030999460524,-49.131671905517578,1
2026-08-16T21:24:19Z,NVIDIA H200 NVL,screen,normal_0_1,gemv,lns,lns16_r7,16,8,7,fp32,fused,padded,thread_packet,8,16,1,1,8,none,split_quadratic,fused/padded/thread_packet/x8/split_quadratic,16384,1024,1024,33587200,33587200,512,1024,256,3,1,62,4.8421120643615723,0.078098581683251164,-49.131671905517578,1
2026-08-16T21:24:19Z,NVIDIA H200 NVL,screen,normal_0_1,gemv,lns,lns16_r7,16,8,7,fp32,fused,padded,thread_packet,8,16,1,1,8,none,split_quadratic,fused/padded/thread_packet/x8/split_quadratic,16384,1024,1024,33587200,33587200,512,1024,256,3,2,62,4.8402881622314453,0.078069163906958797,-49.131671905517578,1
2026-08-16T21:24:19Z,NVIDIA H200 NVL,screen,normal_0_1,dot,lns,lns16_r7,16,8,7,fp32,ordinary,padded,scalar,1,16,1,1,1,none,split_cubic,ordinary/padded/scalar/x1/split_cubic,16777216,0,1,67108864,67108864,512,512,256,3,0,39,5.0618557929992676,0.12979117417946839,-2611.5576171875,1
2026-08-16T21:24:19Z,NVIDIA H200 NVL,screen,normal_0_1,dot,lns,lns16_r7,16,8,7,fp32,ordinary,padded,scalar,1,16,1,1,1,none,split_cubic,ordinary/padded/scalar/x1/split_cubic,16777216,0,1,67108864,67108864,512,512,256,3,1,39,5.050623893737793,0.1295031767625075,-2611.5576171875,1
2026-08-16T21:24:19Z,NVIDIA H200 NVL,screen,normal_0_1,dot,lns,lns16_r7,16,8,7,fp32,ordinary,padded,scalar,1,16,1,1,1,none,split_cubic,ordinary/padded/scalar/x1/split_cubic,16777216,0,1,67108864,67108864,512,512,256,3,2,39,5.0567998886108398,0.12966153560540614,-2611.5576171875,1
2026-08-16T21:24:19Z,NVIDIA H200 NVL,screen,normal_0_1,gemv,lns,lns16_r7,16,8,7,fp32,ordinary,padded,scalar,1,16,1,1,1,none,split_cubic,ordinary/padded/scalar/x1/split_cubic,16384,1024,1024,33587200,33587200,512,1024,256,3,0,46,4.9806399345397949,0.10827478118564772,-49.131641387939453,1
2026-08-16T21:24:19Z,NVIDIA H200 NVL,screen,normal_0_1,gemv,lns,lns16_r7,16,8,7,fp32,ordinary,padded,scalar,1,16,1,1,1,none,split_cubic,ordinary/padded/scalar/x1/split_cubic,16384,1024,1024,33587200,33587200,512,1024,256,3,1,46,4.9825921058654785,0.1083172196927278,-49.131641387939453,1
2026-08-16T21:24:19Z,NVIDIA H200 NVL,screen,normal_0_1,gemv,lns,lns16_r7,16,8,7,fp32,ordinary,padded,scalar,1,16,1,1,1,none,split_cubic,ordinary/padded/scalar/x1/split_cubic,16384,1024,1024,33587200,33587200,512,1024,256,3,2,46,4.9845762252807617,0.10836035272349483,-49.131641387939453,1
2026-08-16T21:24:19Z,NVIDIA H200 NVL,screen,normal_0_1,dot,lns,lns16_r7,16,8,7,fp32,ordinary,padded,thread_packet,2,16,1,1,2,none,split_cubic,ordinary/padded/thread_packet/x2/split_cubic,16777216,0,1,67108864,67108864,512,512,256,3,0,39,5.0048961639404297,0.12833067087026742,-2611.5576171875,1
2026-08-16T21:24:19Z,NVIDIA H200 NVL,screen,normal_0_1,dot,lns,lns16_r7,16,8,7,fp32,ordinary,padded,thread_packet,2,16,1,1,2,none,split_cubic,ordinary/padded/thread_packet/x2/split_cubic,16777216,0,1,67108864,67108864,512,512,256,3,1,39,5.0016641616821289,0.12824779901749048,-2611.5576171875,1
2026-08-16T21:24:19Z,NVIDIA H200 NVL,screen,normal_0_1,dot,lns,lns16_r7,16,8,7,fp32,ordinary,padded,thread_packet,2,16,1,1,2,none,split_cubic,ordinary/padded/thread_packet/x2/split_cubic,16777216,0,1,67108864,67108864,512,512,256,3,2,39,5.0078082084655762,0.12840533867860451,-2611.5576171875,1
2026-08-16T21:24:19Z,NVIDIA H200 NVL,screen,normal_0_1,gemv,lns,lns16_r7,16,8,7,fp32,ordinary,padded,thread_packet,2,16,1,1,2,none,split_cubic,ordinary/padded/thread_packet/x2/split_cubic,16384,1024,1024,33587200,33587200,512,1024,256,3,0,46,4.8846402168273926,0.10618783080059549,-49.131664276123047,1
2026-08-16T21:24:19Z,NVIDIA H200 NVL,screen,normal_0_1,gemv,lns,lns16_r7,16,8,7,fp32,ordinary,padded,thread_packet,2,16,1,1,2,none,split_cubic,ordinary/padded/thread_packet/x2/split_cubic,16384,1024,1024,33587200,33587200,512,1024,256,3,1,46,4.8770880699157715,0.10602365369382112,-49.131664276123047,1
2026-08-16T21:24:19Z,NVIDIA H200 NVL,screen,normal_0_1,gemv,lns,lns16_r7,16,8,7,fp32,ordinary,padded,thread_packet,2,16,1,1,2,none,split_cubic,ordinary/padded/thread_packet/x2/split_cubic,16384,1024,1024,33587200,33587200,512,1024,256,3,2,46,4.8745918273925781,0.10596938755201257,-49.131664276123047,1
2026-08-16T21:24:19Z,NVIDIA H200 NVL,screen,normal_0_1,dot,lns,lns16_r7,16,8,7,fp32,ordinary,padded,thread_packet,4,16,1,1,4,none,split_cubic,ordinary/padded/thread_packet/x4/split_cubic,16777216,0,1,67108864,67108864,512,512,256,3,0,41,4.9529919624328613,0.12080468201055759,-2611.556640625,1
2026-08-16T21:24:19Z,NVIDIA H200 NVL,screen,normal_0_1,dot,lns,lns16_r7,16,8,7,fp32,ordinary,padded,thread_packet,4,16,1,1,4,none,split_cubic,ordinary/padded/thread_packet/x4/split_cubic,16777216,0,1,67108864,67108864,512,512,256,3,1,41,4.950592041015625,0.12074614734184451,-2611.556640625,1
2026-08-16T21:24:19Z,NVIDIA H200 NVL,screen,normal_0_1,dot,lns,lns16_r7,16,8,7,fp32,ordinary,padded,thread_packet,4,16,1,1,4,none,split_cubic,ordinary/padded/thread_packet/x4/split_cubic,16777216,0,1,67108864,67108864,512,512,256,3,2,41,4.943903923034668,0.12058302251304068,-2611.556640625,1
2026-08-16T21:24:19Z,NVIDIA H200 NVL,screen,normal_0_1,gemv,lns,lns16_r7,16,8,7,fp32,ordinary,padded,thread_packet,4,16,1,1,4,none,split_cubic,ordinary/padded/thread_packet/x4/split_cubic,16384,1024,1024,33587200,33587200,512,1024,256,3,0,48,4.9294400215148926,0.1026966671148936,-49.131610870361328,1
2026-08-16T21:24:19Z,NVIDIA H200 NVL,screen,normal_0_1,gemv,lns,lns16_r7,16,8,7,fp32,ordinary,padded,thread_packet,4,16,1,1,4,none,split_cubic,ordinary/padded/thread_packet/x4/split_cubic,16384,1024,1024,33587200,33587200,512,1024,256,3,1,48,4.9187197685241699,0.10247332851092021,-49.131610870361328,1
2026-08-16T21:24:19Z,NVIDIA H200 NVL,screen,normal_0_1,gemv,lns,lns16_r7,16,8,7,fp32,ordinary,padded,thread_packet,4,16,1,1,4,none,split_cubic,ordinary/padded/thread_packet/x4/split_cubic,16384,1024,1024,33587200,33587200,512,1024,256,3,2,48,4.9046077728271484,0.1021793286005656,-49.131610870361328,1
2026-08-16T21:24:19Z,NVIDIA H200 NVL,screen,normal_0_1,dot,lns,lns16_r7,16,8,7,fp32,ordinary,padded,thread_packet,8,16,1,1,8,none,split_cubic,ordinary/padded/thread_packet/x8/split_cubic,16777216,0,1,67108864,67108864,512,512,256,3,0,42,4.9211201667785645,0.11716952778044201,-2611.5546875,1
2026-08-16T21:24:19Z,NVIDIA H200 NVL,screen,normal_0_1,dot,lns,lns16_r7,16,8,7,fp32,ordinary,padded,thread_packet,8,16,1,1,8,none,split_cubic,ordinary/padded/thread_packet/x8/split_cubic,16777216,0,1,67108864,67108864,512,512,256,3,1,42,4.9174399375915527,0.11708190327598936,-2611.5546875,1
2026-08-16T21:24:19Z,NVIDIA H200 NVL,screen,normal_0_1,dot,lns,lns16_r7,16,8,7,fp32,ordinary,padded,thread_packet,8,16,1,1,8,none,split_cubic,ordinary/padded/thread_packet/x8/split_cubic,16777216,0,1,67108864,67108864,512,512,256,3,2,42,4.9209280014038086,0.1171649524143764,-2611.5546875,1
2026-08-16T21:24:19Z,NVIDIA H200 NVL,screen,normal_0_1,gemv,lns,lns16_r7,16,8,7,fp32,ordinary,padded,thread_packet,8,16,1,1,8,none,split_cubic,ordinary/padded/thread_packet/x8/split_cubic,16384,1024,1024,33587200,33587200,512,1024,256,3,0,49,4.9450879096984863,0.10092016142241809,-49.131656646728516,1
2026-08-16T21:24:19Z,NVIDIA H200 NVL,screen,normal_0_1,gemv,lns,lns16_r7,16,8,7,fp32,ordinary,padded,thread_packet,8,16,1,1,8,none,split_cubic,ordinary/padded/thread_packet/x8/split_cubic,16384,1024,1024,33587200,33587200,512,1024,256,3,1,49,4.9284482002258301,0.10058057551481286,-49.131656646728516,1
2026-08-16T21:24:19Z,NVIDIA H200 NVL,screen,normal_0_1,gemv,lns,lns16_r7,16,8,7,fp32,ordinary,padded,thread_packet,8,16,1,1,8,none,split_cubic,ordinary/padded/thread_packet/x8/split_cubic,16384,1024,1024,33587200,33587200,512,1024,256,3,2,49,4.9337282180786133,0.10068833098119619,-49.131656646728516,1
2026-08-16T21:24:19Z,NVIDIA H200 NVL,screen,normal_0_1,dot,lns,lns16_r7,16,8,7,fp32,fused,padded,scalar,1,16,1,1,1,none,split_cubic,fused/padded/scalar/x1/split_cubic,16777216,0,1,67108864,67108864,512,512,256,3,0,48,4.940767765045166,0.10293266177177429,-2611.556640625,1
2026-08-16T21:24:19Z,NVIDIA H200 NVL,screen,normal_0_1,dot,lns,lns16_r7,16,8,7,fp32,fused,padded,scalar,1,16,1,1,1,none,split_cubic,fused/padded/scalar/x1/split_cubic,16777216,0,1,67108864,67108864,512,512,256,3,1,48,4.9607038497924805,0.10334799687067668,-2611.556640625,1
2026-08-16T21:24:19Z,NVIDIA H200 NVL,screen,normal_0_1,dot,lns,lns16_r7,16,8,7,fp32,fused,padded,scalar,1,16,1,1,1,none,split_cubic,fused/padded/scalar/x1/split_cubic,16777216,0,1,67108864,67108864,512,512,256,3,2,48,4.9457921981811523,0.10303733746210735,-2611.556640625,1
2026-08-16T21:24:19Z,NVIDIA H200 NVL,screen,normal_0_1,gemv,lns,lns16_r7,16,8,7,fp32,fused,padded,scalar,1,16,1,1,1,none,split_cubic,fused/padded/scalar/x1/split_cubic,16384,1024,1024,33587200,33587200,512,1024,256,3,0,59,4.9495358467102051,0.083890438079833984,-49.13165283203125,1
2026-08-16T21:24:19Z,NVIDIA H200 NVL,screen,normal_0_1,gemv,lns,lns16_r7,16,8,7,fp32,fused,padded,scalar,1,16,1,1,1,none,split_cubic,fused/padded/scalar/x1/split_cubic,16384,1024,1024,33587200,33587200,512,1024,256,3,1,59,4.9516482353210449,0.083926241276627886,-49.13165283203125,1
2026-08-16T21:24:19Z,NVIDIA H200 NVL,screen,normal_0_1,gemv,lns,lns16_r7,16,8,7,fp32,fused,padded,scalar,1,16,1,1,1,none,split_cubic,fused/padded/scalar/x1/split_cubic,16384,1024,1024,33587200,33587200,512,1024,256,3,2,59,4.9557762145996094,0.083996207027112024,-49.13165283203125,1
2026-08-16T21:24:19Z,NVIDIA H200 NVL,screen,normal_0_1,dot,lns,lns16_r7,16,8,7,fp32,fused,padded,thread_packet,2,16,1,1,2,none,split_cubic,fused/padded/thread_packet/x2/split_cubic,16777216,0,1,67108864,67108864,512,512,256,3,0,49,4.9913921356201172,0.10186514562490034,-2611.557373046875,1
2026-08-16T21:24:19Z,NVIDIA H200 NVL,screen,normal_0_1,dot,lns,lns16_r7,16,8,7,fp32,fused,padded,thread_packet,2,16,1,1,2,none,split_cubic,fused/padded/thread_packet/x2/split_cubic,16777216,0,1,67108864,67108864,512,512,256,3,1,49,5.0048961639404297,0.10214073803960061,-2611.557373046875,1
2026-08-16T21:24:19Z,NVIDIA H200 NVL,screen,normal_0_1,dot,lns,lns16_r7,16,8,7,fp32,fused,padded,thread_packet,2,16,1,1,2,none,split_cubic,fused/padded/thread_packet/x2/split_cubic,16777216,0,1,67108864,67108864,512,512,256,3,2,49,4.9984002113342285,0.10200816757824956,-2611.557373046875,1
2026-08-16T21:24:19Z,NVIDIA H200 NVL,screen,normal_0_1,gemv,lns,lns16_r7,16,8,7,fp32,fused,padded,thread_packet,2,16,1,1,2,none,split_cubic,fused/padded/thread_packet/x2/split_cubic,16384,1024,1024,33587200,33587200,512,1024,256,3,0,59,4.9168000221252441,0.083335593595343121,-49.131683349609375,1
2026-08-16T21:24:19Z,NVIDIA H200 NVL,screen,normal_0_1,gemv,lns,lns16_r7,16,8,7,fp32,fused,padded,thread_packet,2,16,1,1,2,none,split_cubic,fused/padded/thread_packet/x2/split_cubic,16384,1024,1024,33587200,33587200,512,1024,256,3,1,59,4.9173440933227539,0.083344815141063622,-49.131683349609375,1
2026-08-16T21:24:19Z,NVIDIA H200 NVL,screen,normal_0_1,gemv,lns,lns16_r7,16,8,7,fp32,fused,padded,thread_packet,2,16,1,1,2,none,split_cubic,fused/padded/thread_packet/x2/split_cubic,16384,1024,1024,33587200,33587200,512,1024,256,3,2,59,4.916895866394043,0.083337218074475305,-49.131683349609375,1
2026-08-16T21:24:19Z,NVIDIA H200 NVL,screen,normal_0_1,dot,lns,lns16_r7,16,8,7,fp32,fused,padded,thread_packet,4,16,1,1,4,none,split_cubic,fused/padded/thread_packet/x4/split_cubic,16777216,0,1,67108864,67108864,512,512,256,3,0,53,4.9915199279785156,0.094179621282613507,-2611.55615234375,1
2026-08-16T21:24:19Z,NVIDIA H200 NVL,screen,normal_0_1,dot,lns,lns16_r7,16,8,7,fp32,fused,padded,thread_packet,4,16,1,1,4,none,split_cubic,fused/padded/thread_packet/x4/split_cubic,16777216,0,1,67108864,67108864,512,512,256,3,1,53,4.9911680221557617,0.094172981550108711,-2611.55615234375,1
2026-08-16T21:24:19Z,NVIDIA H200 NVL,screen,normal_0_1,dot,lns,lns16_r7,16,8,7,fp32,fused,padded,thread_packet,4,16,1,1,4,none,split_cubic,fused/padded/thread_packet/x4/split_cubic,16777216,0,1,67108864,67108864,512,512,256,3,2,53,5.0014400482177734,0.094366793362599496,-2611.55615234375,1
2026-08-16T21:24:19Z,NVIDIA H200 NVL,screen,normal_0_1,gemv,lns,lns16_r7,16,8,7,fp32,fused,padded,thread_packet,4,16,1,1,4,none,split_cubic,fused/padded/thread_packet/x4/split_cubic,16384,1024,1024,33587200,33587200,512,1024,256,3,0,61,4.8678722381591797,0.079801184232117697,-49.131629943847656,1
2026-08-16T21:24:19Z,NVIDIA H200 NVL,screen,normal_0_1,gemv,lns,lns16_r7,16,8,7,fp32,fused,padded,thread_packet,4,16,1,1,4,none,split_cubic,fused/padded/thread_packet/x4/split_cubic,16384,1024,1024,33587200,33587200,512,1024,256,3,1,61,4.8682560920715332,0.079807476919205464,-49.131629943847656,1
2026-08-16T21:24:19Z,NVIDIA H200 NVL,screen,normal_0_1,gemv,lns,lns16_r7,16,8,7,fp32,fused,padded,thread_packet,4,16,1,1,4,none,split_cubic,fused/padded/thread_packet/x4/split_cubic,16384,1024,1024,33587200,33587200,512,1024,256,3,2,61,4.8683199882507324,0.079808524397552996,-49.131629943847656,1
2026-08-16T21:24:19Z,NVIDIA H200 NVL,screen,normal_0_1,dot,lns,lns16_r7,16,8,7,fp32,fused,padded,thread_packet,8,16,1,1,8,none,split_cubic,fused/padded/thread_packet/x8/split_cubic,16777216,0,1,67108864,67108864,512,512,256,3,0,54,4.9162559509277344,0.091041776869032115,-2611.553955078125,1
2026-08-16T21:24:19Z,NVIDIA H200 NVL,screen,normal_0_1,dot,lns,lns16_r7,16,8,7,fp32,fused,padded,thread_packet,8,16,1,1,8,none,split_cubic,fused/padded/thread_packet/x8/split_cubic,16777216,0,1,67108864,67108864,512,512,256,3,1,54,4.9011201858520508,0.090761484923186128,-2611.553955078125,1
2026-08-16T21:24:19Z,NVIDIA H200 NVL,screen,normal_0_1,dot,lns,lns16_r7,16,8,7,fp32,fused,padded,thread_packet,8,16,1,1,8,none,split_cubic,fused/padded/thread_packet/x8/split_cubic,16777216,0,1,67108864,67108864,512,512,256,3,2,54,4.9330239295959473,0.091352294992517541,-2611.553955078125,1
2026-08-16T21:24:19Z,NVIDIA H200 NVL,screen,normal_0_1,gemv,lns,lns16_r7,16,8,7,fp32,fused,padded,thread_packet,8,16,1,1,8,none,split_cubic,fused/padded/thread_packet/x8/split_cubic,16384,1024,1024,33587200,33587200,512,1024,256,3,0,63,4.9213762283325195,0.078117082989405076,-49.131671905517578,1
2026-08-16T21:24:19Z,NVIDIA H200 NVL,screen,normal_0_1,gemv,lns,lns16_r7,16,8,7,fp32,fused,padded,thread_packet,8,16,1,1,8,none,split_cubic,fused/padded/thread_packet/x8/split_cubic,16384,1024,1024,33587200,33587200,512,1024,256,3,1,63,4.9188799858093262,0.078077460092211531,-49.131671905517578,1
2026-08-16T21:24:19Z,NVIDIA H200 NVL,screen,normal_0_1,gemv,lns,lns16_r7,16,8,7,fp32,fused,padded,thread_packet,8,16,1,1,8,none,split_cubic,fused/padded/thread_packet/x8/split_cubic,16384,1024,1024,33587200,33587200,512,1024,256,3,2,63,4.9203519821166992,0.078100825112963485,-49.131671905517578,1
2026-08-16T21:24:19Z,NVIDIA H200 NVL,screen,normal_0_1,dot,lns,lns16_r7,16,8,7,fp32,fused,padded,scalar,1,16,1,1,1,none,fused_sum_lut_global,fused/padded/scalar/x1/fused_sum_lut_global,16777216,0,1,67108864,67108864,262144,512,256,3,0,58,4.9729599952697754,0.085740689573616816,-2611.556640625,1
2026-08-16T21:24:19Z,NVIDIA H200 NVL,screen,normal_0_1,dot,lns,lns16_r7,16,8,7,fp32,fused,padded,scalar,1,16,1,1,1,none,fused_sum_lut_global,fused/padded/scalar/x1/fused_sum_lut_global,16777216,0,1,67108864,67108864,262144,512,256,3,1,58,4.9704642295837402,0.085697659130754139,-2611.556640625,1
2026-08-16T21:24:19Z,NVIDIA H200 NVL,screen,normal_0_1,dot,lns,lns16_r7,16,8,7,fp32,fused,padded,scalar,1,16,1,1,1,none,fused_sum_lut_global,fused/padded/scalar/x1/fused_sum_lut_global,16777216,0,1,67108864,67108864,262144,512,256,3,2,58,4.9705281257629395,0.085698760789016198,-2611.556640625,1
2026-08-16T21:24:19Z,NVIDIA H200 NVL,screen,normal_0_1,gemv,lns,lns16_r7,16,8,7,fp32,fused,padded,scalar,1,16,1,1,1,none,fused_sum_lut_global,fused/padded/scalar/x1/fused_sum_lut_global,16384,1024,1024,33587200,33587200,262144,1024,256,3,0,85,4.8236799240112305,0.056749175576602709,-49.13165283203125,1
2026-08-16T21:24:19Z,NVIDIA H200 NVL,screen,normal_0_1,gemv,lns,lns16_r7,16,8,7,fp32,fused,padded,scalar,1,16,1,1,1,none,fused_sum_lut_global,fused/padded/scalar/x1/fused_sum_lut_global,16384,1024,1024,33587200,33587200,262144,1024,256,3,1,85,4.820767879486084,0.056714916229248048,-49.13165283203125,1
2026-08-16T21:24:19Z,NVIDIA H200 NVL,screen,normal_0_1,gemv,lns,lns16_r7,16,8,7,fp32,fused,padded,scalar,1,16,1,1,1,none,fused_sum_lut_global,fused/padded/scalar/x1/fused_sum_lut_global,16384,1024,1024,33587200,33587200,262144,1024,256,3,2,85,4.8281922340393066,0.056802261576933022,-49.13165283203125,1
2026-08-16T21:24:19Z,NVIDIA H200 NVL,screen,normal_0_1,dot,lns,lns16_r7,16,8,7,fp32,fused,padded,thread_packet,2,16,1,1,2,none,fused_sum_lut_global,fused/padded/thread_packet/x2/fused_sum_lut_global,16777216,0,1,67108864,67108864,262144,512,256,3,0,69,4.8835840225219727,0.070776580036550324,-2611.557373046875,1
2026-08-16T21:24:19Z,NVIDIA H200 NVL,screen,normal_0_1,dot,lns,lns16_r7,16,8,7,fp32,fused,padded,thread_packet,2,16,1,1,2,none,fused_sum_lut_global,fused/padded/thread_packet/x2/fused_sum_lut_global,16777216,0,1,67108864,67108864,262144,512,256,3,1,69,4.8780159950256348,0.070695883985878769,-2611.557373046875,1
2026-08-16T21:24:19Z,NVIDIA H200 NVL,screen,normal_0_1,dot,lns,lns16_r7,16,8,7,fp32,fused,padded,thread_packet,2,16,1,1,2,none,fused_sum_lut_global,fused/padded/thread_packet/x2/fused_sum_lut_global,16777216,0,1,67108864,67108864,262144,512,256,3,2,69,4.8788161277770996,0.070707480112711593,-2611.557373046875,1
2026-08-16T21:24:19Z,NVIDIA H200 NVL,screen,normal_0_1,gemv,lns,lns16_r7,16,8,7,fp32,fused,padded,thread_packet,2,16,1,1,2,none,fused_sum_lut_global,fused/padded/thread_packet/x2/fused_sum_lut_global,16384,1024,1024,33587200,33587200,262144,1024,256,3,0,87,4.7948160171508789,0.055112827783343435,-49.131683349609375,1
2026-08-16T21:24:19Z,NVIDIA H200 NVL,screen,normal_0_1,gemv,lns,lns16_r7,16,8,7,fp32,fused,padded,thread_packet,2,16,1,1,2,none,fused_sum_lut_global,fused/padded/thread_packet/x2/fused_sum_lut_global,16384,1024,1024,33587200,33587200,262144,1024,256,3,1,87,4.780128002166748,0.054944000024905147,-49.131683349609375,1
2026-08-16T21:24:19Z,NVIDIA H200 NVL,screen,normal_0_1,gemv,lns,lns16_r7,16,8,7,fp32,fused,padded,thread_packet,2,16,1,1,2,none,fused_sum_lut_global,fused/padded/thread_packet/x2/fused_sum_lut_global,16384,1024,1024,33587200,33587200,262144,1024,256,3,2,87,4.7808961868286133,0.054952829733662223,-49.131683349609375,1
2026-08-16T21:24:19Z,NVIDIA H200 NVL,screen,normal_0_1,dot,lns,lns16_r7,16,8,7,fp32,fused,padded,thread_packet,4,16,1,1,4,none,fused_sum_lut_global,fused/padded/thread_packet/x4/fused_sum_lut_global,16777216,0,1,67108864,67108864,262144,512,256,3,0,78,4.8799681663513184,0.062563694440401524,-2611.55615234375,1
2026-08-16T21:24:19Z,NVIDIA H200 NVL,screen,normal_0_1,dot,lns,lns16_r7,16,8,7,fp32,fused,padded,thread_packet,4,16,1,1,4,none,fused_sum_lut_global,fused/padded/thread_packet/x4/fused_sum_lut_global,16777216,0,1,67108864,67108864,262144,512,256,3,1,78,4.8974399566650391,0.06278769175211589,-2611.55615234375,1
2026-08-16T21:24:19Z,NVIDIA H200 NVL,screen,normal_0_1,dot,lns,lns16_r7,16,8,7,fp32,fused,padded,thread_packet,4,16,1,1,4,none,fused_sum_lut_global,fused/padded/thread_packet/x4/fused_sum_lut_global,16777216,0,1,67108864,67108864,262144,512,256,3,2,78,4.8874878883361816,0.062660101132515147,-2611.55615234375,1
2026-08-16T21:24:19Z,NVIDIA H200 NVL,screen,normal_0_1,gemv,lns,lns16_r7,16,8,7,fp32,fused,padded,thread_packet,4,16,1,1,4,none,fused_sum_lut_global,fused/padded/thread_packet/x4/fused_sum_lut_global,16384,1024,1024,33587200,33587200,262144,1024,256,3,0,92,4.772831916809082,0.051878607791403068,-49.131629943847656,1
2026-08-16T21:24:19Z,NVIDIA H200 NVL,screen,normal_0_1,gemv,lns,lns16_r7,16,8,7,fp32,fused,padded,thread_packet,4,16,1,1,4,none,fused_sum_lut_global,fused/padded/thread_packet/x4/fused_sum_lut_global,16384,1024,1024,33587200,33587200,262144,1024,256,3,1,92,4.7765121459960938,0.051918610282566238,-49.131629943847656,1
2026-08-16T21:24:19Z,NVIDIA H200 NVL,screen,normal_0_1,gemv,lns,lns16_r7,16,8,7,fp32,fused,padded,thread_packet,4,16,1,1,4,none,fused_sum_lut_global,fused/padded/thread_packet/x4/fused_sum_lut_global,16384,1024,1024,33587200,33587200,262144,1024,256,3,2,92,4.7731199264526367,0.05188173833100692,-49.131629943847656,1
2026-08-16T21:24:19Z,NVIDIA H200 NVL,screen,normal_0_1,dot,lns,lns16_r7,16,8,7,fp32,fused,padded,thread_packet,8,16,1,1,8,none,fused_sum_lut_global,fused/padded/thread_packet/x8/fused_sum_lut_global,16777216,0,1,67108864,67108864,262144,512,256,3,0,83,4.9469118118286133,0.059601347130465221,-2611.553955078125,1
2026-08-16T21:24:19Z,NVIDIA H200 NVL,screen,normal_0_1,dot,lns,lns16_r7,16,8,7,fp32,fused,padded,thread_packet,8,16,1,1,8,none,fused_sum_lut_global,fused/padded/thread_packet/x8/fused_sum_lut_global,16777216,0,1,67108864,67108864,262144,512,256,3,1,83,4.9422402381896973,0.059545063110719242,-2611.553955078125,1
2026-08-16T21:24:19Z,NVIDIA H200 NVL,screen,normal_0_1,dot,lns,lns16_r7,16,8,7,fp32,fused,padded,thread_packet,8,16,1,1,8,none,fused_sum_lut_global,fused/padded/thread_packet/x8/fused_sum_lut_global,16777216,0,1,67108864,67108864,262144,512,256,3,2,83,4.938687801361084,0.05950226266700101,-2611.553955078125,1
2026-08-16T21:24:19Z,NVIDIA H200 NVL,screen,normal_0_1,gemv,lns,lns16_r7,16,8,7,fp32,fused,padded,thread_packet,8,16,1,1,8,none,fused_sum_lut_global,fused/padded/thread_packet/x8/fused_sum_lut_global,16384,1024,1024,33587200,33587200,262144,1024,256,3,0,96,4.814176082611084,0.050147667527198792,-49.131671905517578,1
2026-08-16T21:24:19Z,NVIDIA H200 NVL,screen,normal_0_1,gemv,lns,lns16_r7,16,8,7,fp32,fused,padded,thread_packet,8,16,1,1,8,none,fused_sum_lut_global,fused/padded/thread_packet/x8/fused_sum_lut_global,16384,1024,1024,33587200,33587200,262144,1024,256,3,1,96,4.8163199424743652,0.050169999400774636,-49.131671905517578,1
2026-08-16T21:24:19Z,NVIDIA H200 NVL,screen,normal_0_1,gemv,lns,lns16_r7,16,8,7,fp32,fused,padded,thread_packet,8,16,1,1,8,none,fused_sum_lut_global,fused/padded/thread_packet/x8/fused_sum_lut_global,16384,1024,1024,33587200,33587200,262144,1024,256,3,2,96,4.814943790435791,0.050155664483706154,-49.131671905517578,1
2026-08-16T21:24:19Z,NVIDIA H200 NVL,screen,normal_0_1,dot,lns,lns16_r7,16,8,7,fp64,ordinary,padded,scalar,1,16,1,1,1,none,reference_exp2,ordinary/padded/scalar/x1/reference_exp2,16777216,0,1,67108864,67108864,0,512,256,3,0,39,4.9365758895874023,0.12657886896377954,-2611.5561411894714,1
2026-08-16T21:24:19Z,NVIDIA H200 NVL,screen,normal_0_1,dot,lns,lns16_r7,16,8,7,fp64,ordinary,padded,scalar,1,16,1,1,1,none,reference_exp2,ordinary/padded/scalar/x1/reference_exp2,16777216,0,1,67108864,67108864,0,512,256,3,1,39,4.9485440254211426,0.12688574424156776,-2611.5561411894714,1
2026-08-16T21:24:19Z,NVIDIA H200 NVL,screen,normal_0_1,dot,lns,lns16_r7,16,8,7,fp64,ordinary,padded,scalar,1,16,1,1,1,none,reference_exp2,ordinary/padded/scalar/x1/reference_exp2,16777216,0,1,67108864,67108864,0,512,256,3,2,39,4.9391999244689941,0.12664615190946138,-2611.5561411894714,1
2026-08-16T21:24:19Z,NVIDIA H200 NVL,screen,normal_0_1,gemv,lns,lns16_r7,16,8,7,fp64,ordinary,padded,scalar,1,16,1,1,1,none,reference_exp2,ordinary/padded/scalar/x1/reference_exp2,16384,1024,1024,33587200,33587200,0,1024,256,3,0,44,4.8623361587524414,0.11050763997164639,-49.131659135939252,1
2026-08-16T21:24:19Z,NVIDIA H200 NVL,screen,normal_0_1,gemv,lns,lns16_r7,16,8,7,fp64,ordinary,padded,scalar,1,16,1,1,1,none,reference_exp2,ordinary/padded/scalar/x1/reference_exp2,16384,1024,1024,33587200,33587200,0,1024,256,3,1,44,4.8666558265686035,0.11060581424019554,-49.131659135939252,1
2026-08-16T21:24:19Z,NVIDIA H200 NVL,screen,normal_0_1,gemv,lns,lns16_r7,16,8,7,fp64,ordinary,padded,scalar,1,16,1,1,1,none,reference_exp2,ordinary/padded/scalar/x1/reference_exp2,16384,1024,1024,33587200,33587200,0,1024,256,3,2,44,4.8563518524169922,0.1103716330094771,-49.131659135939252,1
2026-08-16T21:24:19Z,NVIDIA H200 NVL,screen,normal_0_1,dot,lns,lns16_r7,16,8,7,fp64,fused,padded,scalar,1,16,1,1,1,none,reference_exp2,fused/padded/scalar/x1/reference_exp2,16777216,0,1,67108864,67108864,0,512,256,3,0,48,4.8819198608398438,0.10170666376749675,-2611.5561411894723,1
2026-08-16T21:24:19Z,NVIDIA H200 NVL,screen,normal_0_1,dot,lns,lns16_r7,16,8,7,fp64,fused,padded,scalar,1,16,1,1,1,none,reference_exp2,fused/padded/scalar/x1/reference_exp2,16777216,0,1,67108864,67108864,0,512,256,3,1,48,4.887455940246582,0.10182199875513713,-2611.5561411894723,1
2026-08-16T21:24:19Z,NVIDIA H200 NVL,screen,normal_0_1,dot,lns,lns16_r7,16,8,7,fp64,fused,padded,scalar,1,16,1,1,1,none,reference_exp2,fused/padded/scalar/x1/reference_exp2,16777216,0,1,67108864,67108864,0,512,256,3,2,48,4.8862719535827637,0.10179733236630757,-2611.5561411894723,1
2026-08-16T21:24:19Z,NVIDIA H200 NVL,screen,normal_0_1,gemv,lns,lns16_r7,16,8,7,fp64,fused,padded,scalar,1,16,1,1,1,none,reference_exp2,fused/padded/scalar/x1/reference_exp2,16384,1024,1024,33587200,33587200,0,1024,256,3,0,60,4.8505277633666992,0.080842129389444989,-49.131659135939209,1
2026-08-16T21:24:19Z,NVIDIA H200 NVL,screen,normal_0_1,gemv,lns,lns16_r7,16,8,7,fp64,fused,padded,scalar,1,16,1,1,1,none,reference_exp2,fused/padded/scalar/x1/reference_exp2,16384,1024,1024,33587200,33587200,0,1024,256,3,1,60,4.8341760635375977,0.080569601058959966,-49.131659135939209,1
2026-08-16T21:24:19Z,NVIDIA H200 NVL,screen,normal_0_1,gemv,lns,lns16_r7,16,8,7,fp64,fused,padded,scalar,1,16,1,1,1,none,reference_exp2,fused/padded/scalar/x1/reference_exp2,16384,1024,1024,33587200,33587200,0,1024,256,3,2,60,4.8456320762634277,0.080760534604390463,-49.131659135939209,1
2026-08-16T21:24:19Z,NVIDIA H200 NVL,screen,normal_0_1,dot,lns,lns16_r7,16,8,7,fp64,ordinary,padded,scalar,1,16,1,1,1,none,ex2_approx,ordinary/padded/scalar/x1/ex2_approx,16777216,0,1,67108864,67108864,0,512,256,3,0,57,4.9814400672912598,0.087393685391074727,-2611.5558181846586,1
2026-08-16T21:24:19Z,NVIDIA H200 NVL,screen,normal_0_1,dot,lns,lns16_r7,16,8,7,fp64,ordinary,padded,scalar,1,16,1,1,1,none,ex2_approx,ordinary/padded/scalar/x1/ex2_approx,16777216,0,1,67108864,67108864,0,512,256,3,1,57,4.9850559234619141,0.0874571214642441,-2611.5558181846586,1
2026-08-16T21:24:19Z,NVIDIA H200 NVL,screen,normal_0_1,dot,lns,lns16_r7,16,8,7,fp64,ordinary,padded,scalar,1,16,1,1,1,none,ex2_approx,ordinary/padded/scalar/x1/ex2_approx,16777216,0,1,67108864,67108864,0,512,256,3,2,57,4.9833598136901855,0.087427365152459399,-2611.5558181846586,1
2026-08-16T21:24:19Z,NVIDIA H200 NVL,screen,normal_0_1,gemv,lns,lns16_r7,16,8,7,fp64,ordinary,padded,scalar,1,16,1,1,1,none,ex2_approx,ordinary/padded/scalar/x1/ex2_approx,16384,1024,1024,33587200,33587200,0,1024,256,3,0,83,4.8335041999816895,0.058234990361225175,-49.131655394771478,1
2026-08-16T21:24:19Z,NVIDIA H200 NVL,screen,normal_0_1,gemv,lns,lns16_r7,16,8,7,fp64,ordinary,padded,scalar,1,16,1,1,1,none,ex2_approx,ordinary/padded/scalar/x1/ex2_approx,16384,1024,1024,33587200,33587200,0,1024,256,3,1,83,4.8264322280883789,0.05814978588058288,-49.131655394771478,1
2026-08-16T21:24:19Z,NVIDIA H200 NVL,screen,normal_0_1,gemv,lns,lns16_r7,16,8,7,fp64,ordinary,padded,scalar,1,16,1,1,1,none,ex2_approx,ordinary/padded/scalar/x1/ex2_approx,16384,1024,1024,33587200,33587200,0,1024,256,3,2,83,4.8267202377319336,0.058153255876288355,-49.131655394771478,1
2026-08-16T21:24:19Z,NVIDIA H200 NVL,screen,normal_0_1,dot,lns,lns16_r7,16,8,7,fp64,ordinary,padded,thread_packet,2,16,1,1,2,none,ex2_approx,ordinary/padded/thread_packet/x2/ex2_approx,16777216,0,1,67108864,67108864,0,512,256,3,0,67,4.8774399757385254,0.072797611578186941,-2611.5558181846554,1
2026-08-16T21:24:19Z,NVIDIA H200 NVL,screen,normal_0_1,dot,lns,lns16_r7,16,8,7,fp64,ordinary,padded,thread_packet,2,16,1,1,2,none,ex2_approx,ordinary/padded/thread_packet/x2/ex2_approx,16777216,0,1,67108864,67108864,0,512,256,3,1,67,4.873568058013916,0.07273982176140173,-2611.5558181846554,1
2026-08-16T21:24:19Z,NVIDIA H200 NVL,screen,normal_0_1,dot,lns,lns16_r7,16,8,7,fp64,ordinary,padded,thread_packet,2,16,1,1,2,none,ex2_approx,ordinary/padded/thread_packet/x2/ex2_approx,16777216,0,1,67108864,67108864,0,512,256,3,2,67,4.8874239921569824,0.072946626748611673,-2611.5558181846554,1
2026-08-16T21:24:19Z,NVIDIA H200 NVL,screen,normal_0_1,gemv,lns,lns16_r7,16,8,7,fp64,ordinary,padded,thread_packet,2,16,1,1,2,none,ex2_approx,ordinary/padded/thread_packet/x2/ex2_approx,16384,1024,1024,33587200,33587200,0,1024,256,3,0,88,4.823296070098877,0.054810182614759964,-49.131655394771499,1
2026-08-16T21:24:19Z,NVIDIA H200 NVL,screen,normal_0_1,gemv,lns,lns16_r7,16,8,7,fp64,ordinary,padded,thread_packet,2,16,1,1,2,none,ex2_approx,ordinary/padded/thread_packet/x2/ex2_approx,16384,1024,1024,33587200,33587200,0,1024,256,3,1,88,4.8226242065429688,0.054802547801624642,-49.131655394771499,1
2026-08-16T21:24:19Z,NVIDIA H200 NVL,screen,normal_0_1,gemv,lns,lns16_r7,16,8,7,fp64,ordinary,padded,thread_packet,2,16,1,1,2,none,ex2_approx,ordinary/padded/thread_packet/x2/ex2_approx,16384,1024,1024,33587200,33587200,0,1024,256,3,2,88,4.8219518661499023,0.054794907569885254,-49.131655394771499,1
2026-08-16T21:24:19Z,NVIDIA H200 NVL,screen,normal_0_1,dot,lns,lns16_r7,16,8,7,fp64,ordinary,padded,thread_packet,4,16,1,1,4,none,ex2_approx,ordinary/padded/thread_packet/x4/ex2_approx,16777216,0,1,67108864,67108864,0,512,256,3,0,79,4.9151678085327148,0.062217314032059684,-2611.5558181846545,1
2026-08-16T21:24:19Z,NVIDIA H200 NVL,screen,normal_0_1,dot,lns,lns16_r7,16,8,7,fp64,ordinary,padded,thread_packet,4,16,1,1,4,none,ex2_approx,ordinary/padded/thread_packet/x4/ex2_approx,16777216,0,1,67108864,67108864,0,512,256,3,1,79,4.9108800888061523,0.062163039098812052,-2611.5558181846545,1
2026-08-16T21:24:19Z,NVIDIA H200 NVL,screen,normal_0_1,dot,lns,lns16_r7,16,8,7,fp64,ordinary,padded,thread_packet,4,16,1,1,4,none,ex2_approx,ordinary/padded/thread_packet/x4/ex2_approx,16777216,0,1,67108864,67108864,0,512,256,3,2,79,4.9120001792907715,0.062177217459376856,-2611.5558181846545,1
2026-08-16T21:24:19Z,NVIDIA H200 NVL,screen,normal_0_1,gemv,lns,lns16_r7,16,8,7,fp64,ordinary,padded,thread_packet,4,16,1,1,4,none,ex2_approx,ordinary/padded/thread_packet/x4/ex2_approx,16384,1024,1024,33587200,33587200,0,1024,256,3,0,93,4.7334399223327637,0.050897203465943695,-49.131655394771499,1
2026-08-16T21:24:19Z,NVIDIA H200 NVL,screen,normal_0_1,gemv,lns,lns16_r7,16,8,7,fp64,ordinary,padded,thread_packet,4,16,1,1,4,none,ex2_approx,ordinary/padded/thread_packet/x4/ex2_approx,16384,1024,1024,33587200,33587200,0,1024,256,3,1,93,4.7317438125610352,0.050878965726462742,-49.131655394771499,1
2026-08-16T21:24:19Z,NVIDIA H200 NVL,screen,normal_0_1,gemv,lns,lns16_r7,16,8,7,fp64,ordinary,padded,thread_packet,4,16,1,1,4,none,ex2_approx,ordinary/padded/thread_packet/x4/ex2_approx,16384,1024,1024,33587200,33587200,0,1024,256,3,2,93,4.7329602241516113,0.05089204542098507,-49.131655394771499,1
2026-08-16T21:24:19Z,NVIDIA H200 NVL,screen,normal_0_1,dot,lns,lns16_r7,16,8,7,fp64,ordinary,padded,thread_packet,8,16,1,1,8,none,ex2_approx,ordinary/padded/thread_packet/x8/ex2_approx,16777216,0,1,67108864,67108864,0,512,256,3,0,85,4.9437761306762695,0.058162072125603169,-2611.5558181846545,1
2026-08-16T21:24:19Z,NVIDIA H200 NVL,screen,normal_0_1,dot,lns,lns16_r7,16,8,7,fp64,ordinary,padded,thread_packet,8,16,1,1,8,none,ex2_approx,ordinary/padded/thread_packet/x8/ex2_approx,16777216,0,1,67108864,67108864,0,512,256,3,1,85,4.9439997673034668,0.058164703144746671,-2611.5558181846545,1
2026-08-16T21:24:19Z,NVIDIA H200 NVL,screen,normal_0_1,dot,lns,lns16_r7,16,8,7,fp64,ordinary,padded,thread_packet,8,16,1,1,8,none,ex2_approx,ordinary/padded/thread_packet/x8/ex2_approx,16777216,0,1,67108864,67108864,0,512,256,3,2,85,4.9409279823303223,0.058128564498003792,-2611.5558181846545,1
2026-08-16T21:24:19Z,NVIDIA H200 NVL,screen,normal_0_1,gemv,lns,lns16_r7,16,8,7,fp64,ordinary,padded,thread_packet,8,16,1,1,8,none,ex2_approx,ordinary/padded/thread_packet/x8/ex2_approx,16384,1024,1024,33587200,33587200,0,1024,256,3,0,96,4.7575678825378418,0.049557998776435852,-49.131655394771521,1
2026-08-16T21:24:19Z,NVIDIA H200 NVL,screen,normal_0_1,gemv,lns,lns16_r7,16,8,7,fp64,ordinary,padded,thread_packet,8,16,1,1,8,none,ex2_approx,ordinary/padded/thread_packet/x8/ex2_approx,16384,1024,1024,33587200,33587200,0,1024,256,3,1,96,4.7390718460083008,0.049365331729253135,-49.131655394771521,1
2026-08-16T21:24:19Z,NVIDIA H200 NVL,screen,normal_0_1,gemv,lns,lns16_r7,16,8,7,fp64,ordinary,padded,thread_packet,8,16,1,1,8,none,ex2_approx,ordinary/padded/thread_packet/x8/ex2_approx,16384,1024,1024,33587200,33587200,0,1024,256,3,2,96,4.7404160499572754,0.049379333853721619,-49.131655394771521,1
2026-08-16T21:24:19Z,NVIDIA H200 NVL,screen,normal_0_1,dot,lns,lns16_r7,16,8,7,fp64,fused,padded,scalar,1,16,1,1,1,none,ex2_approx,fused/padded/scalar/x1/ex2_approx,16777216,0,1,67108864,67108864,0,512,256,3,0,57,5.0221118927001953,0.088107226187722723,-2611.5561970023309,1
2026-08-16T21:24:19Z,NVIDIA H200 NVL,screen,normal_0_1,dot,lns,lns16_r7,16,8,7,fp64,fused,padded,scalar,1,16,1,1,1,none,ex2_approx,fused/padded/scalar/x1/ex2_approx,16777216,0,1,67108864,67108864,0,512,256,3,1,57,5.0202560424804688,0.088074667411938048,-2611.5561970023309,1
2026-08-16T21:24:19Z,NVIDIA H200 NVL,screen,normal_0_1,dot,lns,lns16_r7,16,8,7,fp64,fused,padded,scalar,1,16,1,1,1,none,ex2_approx,fused/padded/scalar/x1/ex2_approx,16777216,0,1,67108864,67108864,0,512,256,3,2,57,5.0175042152404785,0.088026389741061029,-2611.5561970023309,1
2026-08-16T21:24:19Z,NVIDIA H200 NVL,screen,normal_0_1,gemv,lns,lns16_r7,16,8,7,fp64,fused,padded,scalar,1,16,1,1,1,none,ex2_approx,fused/padded/scalar/x1/ex2_approx,16384,1024,1024,33587200,33587200,0,1024,256,3,0,82,4.8243198394775391,0.058833168774116332,-49.131652494416016,1
2026-08-16T21:24:19Z,NVIDIA H200 NVL,screen,normal_0_1,gemv,lns,lns16_r7,16,8,7,fp64,fused,padded,scalar,1,16,1,1,1,none,ex2_approx,fused/padded/scalar/x1/ex2_approx,16384,1024,1024,33587200,33587200,0,1024,256,3,1,82,4.8210239410400391,0.05879297489073218,-49.131652494416016,1
2026-08-16T21:24:19Z,NVIDIA H200 NVL,screen,normal_0_1,gemv,lns,lns16_r7,16,8,7,fp64,fused,padded,scalar,1,16,1,1,1,none,ex2_approx,fused/padded/scalar/x1/ex2_approx,16384,1024,1024,33587200,33587200,0,1024,256,3,2,82,4.8216638565063477,0.058800778737882288,-49.131652494416016,1
2026-08-16T21:24:19Z,NVIDIA H200 NVL,screen,normal_0_1,dot,lns,lns16_r7,16,8,7,fp64,fused,padded,thread_packet,2,16,1,1,2,none,ex2_approx,fused/padded/thread_packet/x2/ex2_approx,16777216,0,1,67108864,67108864,0,512,256,3,0,66,4.9113922119140625,0.074415033513849427,-2611.5561970023318,1
2026-08-16T21:24:19Z,NVIDIA H200 NVL,screen,normal_0_1,dot,lns,lns16_r7,16,8,7,fp64,fused,padded,thread_packet,2,16,1,1,2,none,ex2_approx,fused/padded/thread_packet/x2/ex2_approx,16777216,0,1,67108864,67108864,0,512,256,3,1,66,4.9042558670043945,0.074306907075824158,-2611.5561970023318,1
2026-08-16T21:24:19Z,NVIDIA H200 NVL,screen,normal_0_1,dot,lns,lns16_r7,16,8,7,fp64,fused,padded,thread_packet,2,16,1,1,2,none,ex2_approx,fused/padded/thread_packet/x2/ex2_approx,16777216,0,1,67108864,67108864,0,512,256,3,2,66,4.9013118743896484,0.07426230112711589,-2611.5561970023318,1
2026-08-16T21:24:19Z,NVIDIA H200 NVL,screen,normal_0_1,gemv,lns,lns16_r7,16,8,7,fp64,fused,padded,thread_packet,2,16,1,1,2,none,ex2_approx,fused/padded/thread_packet/x2/ex2_approx,16384,1024,1024,33587200,33587200,0,1024,256,3,0,83,4.8229122161865234,0.058107376098632812,-49.131652494416016,1
2026-08-16T21:24:19Z,NVIDIA H200 NVL,screen,normal_0_1,gemv,lns,lns16_r7,16,8,7,fp64,fused,padded,thread_packet,2,16,1,1,2,none,ex2_approx,fused/padded/thread_packet/x2/ex2_approx,16384,1024,1024,33587200,33587200,0,1024,256,3,1,83,4.823296070098877,0.058112000844564783,-49.131652494416016,1
2026-08-16T21:24:19Z,NVIDIA H200 NVL,screen,normal_0_1,gemv,lns,lns16_r7,16,8,7,fp64,fused,padded,thread_packet,2,16,1,1,2,none,ex2_approx,fused/padded/thread_packet/x2/ex2_approx,16384,1024,1024,33587200,33587200,0,1024,256,3,2,83,4.824160099029541,0.058122410831681216,-49.131652494416016,1
2026-08-16T21:24:19Z,NVIDIA H200 NVL,screen,normal_0_1,dot,lns,lns16_r7,16,8,7,fp64,fused,padded,thread_packet,4,16,1,1,4,none,ex2_approx,fused/padded/thread_packet/x4/ex2_approx,16777216,0,1,67108864,67108864,0,512,256,3,0,76,4.9549121856689453,0.065196212969328232,-2611.5561970023318,1
2026-08-16T21:24:19Z,NVIDIA H200 NVL,screen,normal_0_1,dot,lns,lns16_r7,16,8,7,fp64,fused,padded,thread_packet,4,16,1,1,4,none,ex2_approx,fused/padded/thread_packet/x4/ex2_approx,16777216,0,1,67108864,67108864,0,512,256,3,1,76,4.9559998512268066,0.065210524358247451,-2611.5561970023318,1
2026-08-16T21:24:19Z,NVIDIA H200 NVL,screen,normal_0_1,dot,lns,lns16_r7,16,8,7,fp64,fused,padded,thread_packet,4,16,1,1,4,none,ex2_approx,fused/padded/thread_packet/x4/ex2_approx,16777216,0,1,67108864,67108864,0,512,256,3,2,76,4.9607038497924805,0.06527241907621685,-2611.5561970023318,1
2026-08-16T21:24:19Z,NVIDIA H200 NVL,screen,normal_0_1,gemv,lns,lns16_r7,16,8,7,fp64,fused,padded,thread_packet,4,16,1,1,4,none,ex2_approx,fused/padded/thread_packet/x4/ex2_approx,16384,1024,1024,33587200,33587200,0,1024,256,3,0,87,4.7842240333557129,0.054991080843169116,-49.131652494416016,1
2026-08-16T21:24:19Z,NVIDIA H200 NVL,screen,normal_0_1,gemv,lns,lns16_r7,16,8,7,fp64,fused,padded,thread_packet,4,16,1,1,4,none,ex2_approx,fused/padded/thread_packet/x4/ex2_approx,16384,1024,1024,33587200,33587200,0,1024,256,3,1,87,4.7684478759765625,0.054809745700880028,-49.131652494416016,1
2026-08-16T21:24:19Z,NVIDIA H200 NVL,screen,normal_0_1,gemv,lns,lns16_r7,16,8,7,fp64,fused,padded,thread_packet,4,16,1,1,4,none,ex2_approx,fused/padded/thread_packet/x4/ex2_approx,16384,1024,1024,33587200,33587200,0,1024,256,3,2,87,4.7685117721557617,0.054810480139721396,-49.131652494416016,1
2026-08-16T21:24:19Z,NVIDIA H200 NVL,screen,normal_0_1,dot,lns,lns16_r7,16,8,7,fp64,fused,padded,thread_packet,8,16,1,1,8,none,ex2_approx,fused/padded/thread_packet/x8/ex2_approx,16777216,0,1,67108864,67108864,0,512,256,3,0,79,4.8931841850280762,0.061939040316811092,-2611.5561970023332,1
2026-08-16T21:24:19Z,NVIDIA H200 NVL,screen,normal_0_1,dot,lns,lns16_r7,16,8,7,fp64,fused,padded,thread_packet,8,16,1,1,8,none,ex2_approx,fused/padded/thread_packet/x8/ex2_approx,16777216,0,1,67108864,67108864,0,512,256,3,1,79,4.8963837623596191,0.06197954129569138,-2611.5561970023332,1
2026-08-16T21:24:19Z,NVIDIA H200 NVL,screen,normal_0_1,dot,lns,lns16_r7,16,8,7,fp64,fused,padded,thread_packet,8,16,1,1,8,none,ex2_approx,fused/padded/thread_packet/x8/ex2_approx,16777216,0,1,67108864,67108864,0,512,256,3,2,79,4.8953280448913574,0.061966177783434905,-2611.5561970023332,1
2026-08-16T21:24:19Z,NVIDIA H200 NVL,screen,normal_0_1,gemv,lns,lns16_r7,16,8,7,fp64,fused,padded,thread_packet,8,16,1,1,8,none,ex2_approx,fused/padded/thread_packet/x8/ex2_approx,16384,1024,1024,33587200,33587200,0,1024,256,3,0,90,4.8732800483703613,0.054147556093004014,-49.131652494416016,1
2026-08-16T21:24:19Z,NVIDIA H200 NVL,screen,normal_0_1,gemv,lns,lns16_r7,16,8,7,fp64,fused,padded,thread_packet,8,16,1,1,8,none,ex2_approx,fused/padded/thread_packet/x8/ex2_approx,16384,1024,1024,33587200,33587200,0,1024,256,3,1,90,4.8753280639648438,0.054170311821831595,-49.131652494416016,1
2026-08-16T21:24:19Z,NVIDIA H200 NVL,screen,normal_0_1,gemv,lns,lns16_r7,16,8,7,fp64,fused,padded,thread_packet,8,16,1,1,8,none,ex2_approx,fused/padded/thread_packet/x8/ex2_approx,16384,1024,1024,33587200,33587200,0,1024,256,3,2,90,4.8786559104919434,0.054207287894354923,-49.131652494416016,1
2026-08-16T21:24:19Z,NVIDIA H200 NVL,screen,normal_0_1,dot,lns,lns16_r7,16,8,7,fp64,ordinary,padded,scalar,1,16,1,1,1,none,fraction_lut_global,ordinary/padded/scalar/x1/fraction_lut_global,16777216,0,1,67108864,67108864,1024,512,256,3,0,37,4.9750080108642578,0.13445967596930428,-2611.5561411894714,1
2026-08-16T21:24:19Z,NVIDIA H200 NVL,screen,normal_0_1,dot,lns,lns16_r7,16,8,7,fp64,ordinary,padded,scalar,1,16,1,1,1,none,fraction_lut_global,ordinary/padded/scalar/x1/fraction_lut_global,16777216,0,1,67108864,67108864,1024,512,256,3,1,37,4.975679874420166,0.13447783444378827,-2611.5561411894714,1
2026-08-16T21:24:19Z,NVIDIA H200 NVL,screen,normal_0_1,dot,lns,lns16_r7,16,8,7,fp64,ordinary,padded,scalar,1,16,1,1,1,none,fraction_lut_global,ordinary/padded/scalar/x1/fraction_lut_global,16777216,0,1,67108864,67108864,1024,512,256,3,2,37,4.9718079566955566,0.13437318801879883,-2611.5561411894714,1
2026-08-16T21:24:19Z,NVIDIA H200 NVL,screen,normal_0_1,gemv,lns,lns16_r7,16,8,7,fp64,ordinary,padded,scalar,1,16,1,1,1,none,fraction_lut_global,ordinary/padded/scalar/x1/fraction_lut_global,16384,1024,1024,33587200,33587200,1024,1024,256,3,0,44,5.0156478881835938,0.11399199745871803,-49.131659135939209,1
2026-08-16T21:24:19Z,NVIDIA H200 NVL,screen,normal_0_1,gemv,lns,lns16_r7,16,8,7,fp64,ordinary,padded,scalar,1,16,1,1,1,none,fraction_lut_global,ordinary/padded/scalar/x1/fraction_lut_global,16384,1024,1024,33587200,33587200,1024,1024,256,3,1,44,5.0023040771484375,0.11368872902610085,-49.131659135939209,1
2026-08-16T21:24:19Z,NVIDIA H200 NVL,screen,normal_0_1,gemv,lns,lns16_r7,16,8,7,fp64,ordinary,padded,scalar,1,16,1,1,1,none,fraction_lut_global,ordinary/padded/scalar/x1/fraction_lut_global,16384,1024,1024,33587200,33587200,1024,1024,256,3,2,44,5.0061120986938477,0.11377527497031471,-49.131659135939209,1
2026-08-16T21:24:19Z,NVIDIA H200 NVL,screen,normal_0_1,dot,lns,lns16_r7,16,8,7,fp64,ordinary,padded,thread_packet,2,16,1,1,2,none,fraction_lut_global,ordinary/padded/thread_packet/x2/fraction_lut_global,16777216,0,1,67108864,67108864,1024,512,256,3,0,38,5.0514240264892578,0.13293221122340151,-2611.5561411894741,1
2026-08-16T21:24:19Z,NVIDIA H200 NVL,screen,normal_0_1,dot,lns,lns16_r7,16,8,7,fp64,ordinary,padded,thread_packet,2,16,1,1,2,none,fraction_lut_global,ordinary/padded/thread_packet/x2/fraction_lut_global,16777216,0,1,67108864,67108864,1024,512,256,3,1,38,5.0564479827880859,0.13306442059968648,-2611.5561411894741,1
2026-08-16T21:24:19Z,NVIDIA H200 NVL,screen,normal_0_1,dot,lns,lns16_r7,16,8,7,fp64,ordinary,padded,thread_packet,2,16,1,1,2,none,fraction_lut_global,ordinary/padded/thread_packet/x2/fraction_lut_global,16777216,0,1,67108864,67108864,1024,512,256,3,2,38,5.0569601058959961,0.13307789752357885,-2611.5561411894741,1
2026-08-16T21:24:19Z,NVIDIA H200 NVL,screen,normal_0_1,gemv,lns,lns16_r7,16,8,7,fp64,ordinary,padded,thread_packet,2,16,1,1,2,none,fraction_lut_global,ordinary/padded/thread_packet/x2/fraction_lut_global,16384,1024,1024,33587200,33587200,1024,1024,256,3,0,44,4.8866238594055176,0.11105963316830722,-49.131659135939231,1
2026-08-16T21:24:19Z,NVIDIA H200 NVL,screen,normal_0_1,gemv,lns,lns16_r7,16,8,7,fp64,ordinary,padded,thread_packet,2,16,1,1,2,none,fraction_lut_global,ordinary/padded/thread_packet/x2/fraction_lut_global,16384,1024,1024,33587200,33587200,1024,1024,256,3,1,44,4.896416187286377,0.11128218607469038,-49.131659135939231,1
2026-08-16T21:24:19Z,NVIDIA H200 NVL,screen,normal_0_1,gemv,lns,lns16_r7,16,8,7,fp64,ordinary,padded,thread_packet,2,16,1,1,2,none,fraction_lut_global,ordinary/padded/thread_packet/x2/fraction_lut_global,16384,1024,1024,33587200,33587200,1024,1024,256,3,2,44,4.895103931427002,0.11125236207788641,-49.131659135939231,1
2026-08-16T21:24:19Z,NVIDIA H200 NVL,screen,normal_0_1,dot,lns,lns16_r7,16,8,7,fp64,ordinary,padded,thread_packet,4,16,1,1,4,none,fraction_lut_global,ordinary/padded/thread_packet/x4/fraction_lut_global,16777216,0,1,67108864,67108864,1024,512,256,3,0,39,4.9661121368408203,0.12733620863694411,-2611.5561411894714,1
2026-08-16T21:24:19Z,NVIDIA H200 NVL,screen,normal_0_1,dot,lns,lns16_r7,16,8,7,fp64,ordinary,padded,thread_packet,4,16,1,1,4,none,fraction_lut_global,ordinary/padded/thread_packet/x4/fraction_lut_global,16777216,0,1,67108864,67108864,1024,512,256,3,1,39,4.9520320892333984,0.12697518177521536,-2611.5561411894714,1
2026-08-16T21:24:19Z,NVIDIA H200 NVL,screen,normal_0_1,dot,lns,lns16_r7,16,8,7,fp64,ordinary,padded,thread_packet,4,16,1,1,4,none,fraction_lut_global,ordinary/padded/thread_packet/x4/fraction_lut_global,16777216,0,1,67108864,67108864,1024,512,256,3,2,39,4.9623041152954102,0.12723856705885667,-2611.5561411894714,1
2026-08-16T21:24:19Z,NVIDIA H200 NVL,screen,normal_0_1,gemv,lns,lns16_r7,16,8,7,fp64,ordinary,padded,thread_packet,4,16,1,1,4,none,fraction_lut_global,ordinary/padded/thread_packet/x4/fraction_lut_global,16384,1024,1024,33587200,33587200,1024,1024,256,3,0,45,4.8692798614501953,0.10820621914333767,-49.131659135939231,1
2026-08-16T21:24:19Z,NVIDIA H200 NVL,screen,normal_0_1,gemv,lns,lns16_r7,16,8,7,fp64,ordinary,padded,thread_packet,4,16,1,1,4,none,fraction_lut_global,ordinary/padded/thread_packet/x4/fraction_lut_global,16384,1024,1024,33587200,33587200,1024,1024,256,3,1,45,4.8588161468505859,0.10797369215223525,-49.131659135939231,1
2026-08-16T21:24:19Z,NVIDIA H200 NVL,screen,normal_0_1,gemv,lns,lns16_r7,16,8,7,fp64,ordinary,padded,thread_packet,4,16,1,1,4,none,fraction_lut_global,ordinary/padded/thread_packet/x4/fraction_lut_global,16384,1024,1024,33587200,33587200,1024,1024,256,3,2,45,4.8531198501586914,0.10784710778130426,-49.131659135939231,1
2026-08-16T21:24:19Z,NVIDIA H200 NVL,screen,normal_0_1,dot,lns,lns16_r7,16,8,7,fp64,ordinary,padded,thread_packet,8,16,1,1,8,none,fraction_lut_global,ordinary/padded/thread_packet/x8/fraction_lut_global,16777216,0,1,67108864,67108864,1024,512,256,3,0,40,4.955967903137207,0.12389919757843018,-2611.5561411894723,1
2026-08-16T21:24:19Z,NVIDIA H200 NVL,screen,normal_0_1,dot,lns,lns16_r7,16,8,7,fp64,ordinary,padded,thread_packet,8,16,1,1,8,none,fraction_lut_global,ordinary/padded/thread_packet/x8/fraction_lut_global,16777216,0,1,67108864,67108864,1024,512,256,3,1,40,4.9540801048278809,0.12385200262069702,-2611.5561411894723,1
2026-08-16T21:24:19Z,NVIDIA H200 NVL,screen,normal_0_1,dot,lns,lns16_r7,16,8,7,fp64,ordinary,padded,thread_packet,8,16,1,1,8,none,fraction_lut_global,ordinary/padded/thread_packet/x8/fraction_lut_global,16777216,0,1,67108864,67108864,1024,512,256,3,2,40,4.953887939453125,0.12384719848632812,-2611.5561411894723,1
2026-08-16T21:24:19Z,NVIDIA H200 NVL,screen,normal_0_1,gemv,lns,lns16_r7,16,8,7,fp64,ordinary,padded,thread_packet,8,16,1,1,8,none,fraction_lut_global,ordinary/padded/thread_packet/x8/fraction_lut_global,16384,1024,1024,33587200,33587200,1024,1024,256,3,0,47,4.9967360496520996,0.10631353297132126,-49.131659135939202,1
2026-08-16T21:24:19Z,NVIDIA H200 NVL,screen,normal_0_1,gemv,lns,lns16_r7,16,8,7,fp64,ordinary,padded,thread_packet,8,16,1,1,8,none,fraction_lut_global,ordinary/padded/thread_packet/x8/fraction_lut_global,16384,1024,1024,33587200,33587200,1024,1024,256,3,1,47,5.0248317718505859,0.10691131429469332,-49.131659135939202,1
2026-08-16T21:24:19Z,NVIDIA H200 NVL,screen,normal_0_1,gemv,lns,lns16_r7,16,8,7,fp64,ordinary,padded,thread_packet,8,16,1,1,8,none,fraction_lut_global,ordinary/padded/thread_packet/x8/fraction_lut_global,16384,1024,1024,33587200,33587200,1024,1024,256,3,2,47,5.0329599380493164,0.10708425400104929,-49.131659135939202,1
2026-08-16T21:24:19Z,NVIDIA H200 NVL,screen,normal_0_1,dot,lns,lns16_r7,16,8,7,fp64,fused,padded,scalar,1,16,1,1,1,none,fraction_lut_global,fused/padded/scalar/x1/fraction_lut_global,16777216,0,1,67108864,67108864,1024,512,256,3,0,47,4.986271858215332,0.10609089060032621,-2611.5561411894723,1
2026-08-16T21:24:19Z,NVIDIA H200 NVL,screen,normal_0_1,dot,lns,lns16_r7,16,8,7,fp64,fused,padded,scalar,1,16,1,1,1,none,fraction_lut_global,fused/padded/scalar/x1/fraction_lut_global,16777216,0,1,67108864,67108864,1024,512,256,3,1,47,5.0097599029541016,0.10659063623306599,-2611.5561411894723,1
2026-08-16T21:24:19Z,NVIDIA H200 NVL,screen,normal_0_1,dot,lns,lns16_r7,16,8,7,fp64,fused,padded,scalar,1,16,1,1,1,none,fraction_lut_global,fused/padded/scalar/x1/fraction_lut_global,16777216,0,1,67108864,67108864,1024,512,256,3,2,47,4.9986882209777832,0.10635506853144219,-2611.5561411894723,1
2026-08-16T21:24:19Z,NVIDIA H200 NVL,screen,normal_0_1,gemv,lns,lns16_r7,16,8,7,fp64,fused,padded,scalar,1,16,1,1,1,none,fraction_lut_global,fused/padded/scalar/x1/fraction_lut_global,16384,1024,1024,33587200,33587200,1024,1024,256,3,0,56,4.8969922065734863,0.087446289403097968,-49.131659135939195,1
2026-08-16T21:24:19Z,NVIDIA H200 NVL,screen,normal_0_1,gemv,lns,lns16_r7,16,8,7,fp64,fused,padded,scalar,1,16,1,1,1,none,fraction_lut_global,fused/padded/scalar/x1/fraction_lut_global,16384,1024,1024,33587200,33587200,1024,1024,256,3,1,56,4.9017281532287598,0.087530859879085002,-49.131659135939195,1
2026-08-16T21:24:19Z,NVIDIA H200 NVL,screen,normal_0_1,gemv,lns,lns16_r7,16,8,7,fp64,fused,padded,scalar,1,16,1,1,1,none,fraction_lut_global,fused/padded/scalar/x1/fraction_lut_global,16384,1024,1024,33587200,33587200,1024,1024,256,3,2,56,4.8849601745605469,0.08723143168858119,-49.131659135939195,1
2026-08-16T21:24:19Z,NVIDIA H200 NVL,screen,normal_0_1,dot,lns,lns16_r7,16,8,7,fp64,fused,padded,thread_packet,2,16,1,1,2,none,fraction_lut_global,fused/padded/thread_packet/x2/fraction_lut_global,16777216,0,1,67108864,67108864,1024,512,256,3,0,47,4.8988800048828125,0.10423148946559176,-2611.5561411894751,1
2026-08-16T21:24:19Z,NVIDIA H200 NVL,screen,normal_0_1,dot,lns,lns16_r7,16,8,7,fp64,fused,padded,thread_packet,2,16,1,1,2,none,fraction_lut_global,fused/padded/thread_packet/x2/fraction_lut_global,16777216,0,1,67108864,67108864,1024,512,256,3,1,47,4.8989119529724121,0.10423216921217898,-2611.5561411894751,1
2026-08-16T21:24:19Z,NVIDIA H200 NVL,screen,normal_0_1,dot,lns,lns16_r7,16,8,7,fp64,fused,padded,thread_packet,2,16,1,1,2,none,fraction_lut_global,fused/padded/thread_packet/x2/fraction_lut_global,16777216,0,1,67108864,67108864,1024,512,256,3,2,47,4.8935680389404297,0.10411846891362617,-2611.5561411894751,1
2026-08-16T21:24:19Z,NVIDIA H200 NVL,screen,normal_0_1,gemv,lns,lns16_r7,16,8,7,fp64,fused,padded,thread_packet,2,16,1,1,2,none,fraction_lut_global,fused/padded/thread_packet/x2/fraction_lut_global,16384,1024,1024,33587200,33587200,1024,1024,256,3,0,57,4.9069118499755859,0.086086172806589228,-49.131659135939287,1
2026-08-16T21:24:19Z,NVIDIA H200 NVL,screen,normal_0_1,gemv,lns,lns16_r7,16,8,7,fp64,fused,padded,thread_packet,2,16,1,1,2,none,fraction_lut_global,fused/padded/thread_packet/x2/fraction_lut_global,16384,1024,1024,33587200,33587200,1024,1024,256,3,1,57,4.9058561325073242,0.08606765144749691,-49.131659135939287,1
2026-08-16T21:24:19Z,NVIDIA H200 NVL,screen,normal_0_1,gemv,lns,lns16_r7,16,8,7,fp64,fused,padded,thread_packet,2,16,1,1,2,none,fraction_lut_global,fused/padded/thread_packet/x2/fraction_lut_global,16384,1024,1024,33587200,33587200,1024,1024,256,3,2,57,4.9049921035766602,0.08605249304520457,-49.131659135939287,1
2026-08-16T21:24:19Z,NVIDIA H200 NVL,screen,normal_0_1,dot,lns,lns16_r7,16,8,7,fp64,fused,padded,thread_packet,4,16,1,1,4,none,fraction_lut_global,fused/padded/thread_packet/x4/fraction_lut_global,16777216,0,1,67108864,67108864,1024,512,256,3,0,50,4.9113278388977051,0.098226556777954097,-2611.5561411894714,1
2026-08-16T21:24:19Z,NVIDIA H200 NVL,screen,normal_0_1,dot,lns,lns16_r7,16,8,7,fp64,fused,padded,thread_packet,4,16,1,1,4,none,fraction_lut_global,fused/padded/thread_packet/x4/fraction_lut_global,16777216,0,1,67108864,67108864,1024,512,256,3,1,50,4.9236159324645996,0.098472318649291998,-2611.5561411894714,1
2026-08-16T21:24:19Z,NVIDIA H200 NVL,screen,normal_0_1,dot,lns,lns16_r7,16,8,7,fp64,fused,padded,thread_packet,4,16,1,1,4,none,fraction_lut_global,fused/padded/thread_packet/x4/fraction_lut_global,16777216,0,1,67108864,67108864,1024,512,256,3,2,50,4.9201278686523438,0.098402557373046873,-2611.5561411894714,1
2026-08-16T21:24:19Z,NVIDIA H200 NVL,screen,normal_0_1,gemv,lns,lns16_r7,16,8,7,fp64,fused,padded,thread_packet,4,16,1,1,4,none,fraction_lut_global,fused/padded/thread_packet/x4/fraction_lut_global,16384,1024,1024,33587200,33587200,1024,1024,256,3,0,58,4.816864013671875,0.083049379546066809,-49.131659135939238,1
2026-08-16T21:24:19Z,NVIDIA H200 NVL,screen,normal_0_1,gemv,lns,lns16_r7,16,8,7,fp64,fused,padded,thread_packet,4,16,1,1,4,none,fraction_lut_global,fused/padded/thread_packet/x4/fraction_lut_global,16384,1024,1024,33587200,33587200,1024,1024,256,3,1,58,4.7875199317932129,0.082543447099882983,-49.131659135939238,1
2026-08-16T21:24:19Z,NVIDIA H200 NVL,screen,normal_0_1,gemv,lns,lns16_r7,16,8,7,fp64,fused,padded,thread_packet,4,16,1,1,4,none,fraction_lut_global,fused/padded/thread_packet/x4/fraction_lut_global,16384,1024,1024,33587200,33587200,1024,1024,256,3,2,58,4.7888960838317871,0.082567173859168744,-49.131659135939238,1
2026-08-16T21:24:19Z,NVIDIA H200 NVL,screen,normal_0_1,dot,lns,lns16_r7,16,8,7,fp64,fused,padded,thread_packet,8,16,1,1,8,none,fraction_lut_global,fused/padded/thread_packet/x8/fraction_lut_global,16777216,0,1,67108864,67108864,1024,512,256,3,0,52,4.8818240165710449,0.093881231087904707,-2611.5561411894732,1
2026-08-16T21:24:19Z,NVIDIA H200 NVL,screen,normal_0_1,dot,lns,lns16_r7,16,8,7,fp64,fused,padded,thread_packet,8,16,1,1,8,none,fraction_lut_global,fused/padded/thread_packet/x8/fraction_lut_global,16777216,0,1,67108864,67108864,1024,512,256,3,1,52,4.8844799995422363,0.093932307683504551,-2611.5561411894732,1
2026-08-16T21:24:19Z,NVIDIA H200 NVL,screen,normal_0_1,dot,lns,lns16_r7,16,8,7,fp64,fused,padded,thread_packet,8,16,1,1,8,none,fraction_lut_global,fused/padded/thread_packet/x8/fraction_lut_global,16777216,0,1,67108864,67108864,1024,512,256,3,2,52,4.8915839195251465,0.094068921529329746,-2611.5561411894732,1
2026-08-16T21:24:19Z,NVIDIA H200 NVL,screen,normal_0_1,gemv,lns,lns16_r7,16,8,7,fp64,fused,padded,thread_packet,8,16,1,1,8,none,fraction_lut_global,fused/padded/thread_packet/x8/fraction_lut_global,16384,1024,1024,33587200,33587200,1024,1024,256,3,0,61,4.9010238647460938,0.080344653520427772,-49.131659135939216,1
2026-08-16T21:24:19Z,NVIDIA H200 NVL,screen,normal_0_1,gemv,lns,lns16_r7,16,8,7,fp64,fused,padded,thread_packet,8,16,1,1,8,none,fraction_lut_global,fused/padded/thread_packet/x8/fraction_lut_global,16384,1024,1024,33587200,33587200,1024,1024,256,3,1,61,4.9023361206054688,0.080366165911565063,-49.131659135939216,1
2026-08-16T21:24:19Z,NVIDIA H200 NVL,screen,normal_0_1,gemv,lns,lns16_r7,16,8,7,fp64,fused,padded,thread_packet,8,16,1,1,8,none,fraction_lut_global,fused/padded/thread_packet/x8/fraction_lut_global,16384,1024,1024,33587200,33587200,1024,1024,256,3,2,61,4.9029440879821777,0.080376132589871765,-49.131659135939216,1
2026-08-16T21:24:19Z,NVIDIA H200 NVL,screen,normal_0_1,dot,lns,lns16_r7,16,8,7,fp64,ordinary,padded,scalar,1,16,1,1,1,none,fraction_lut_shared,ordinary/padded/scalar/x1/fraction_lut_shared,16777216,0,1,67108864,67108864,1024,512,256,3,0,43,4.9217920303344727,0.11446027977522029,-2611.5561411894714,1
2026-08-16T21:24:19Z,NVIDIA H200 NVL,screen,normal_0_1,dot,lns,lns16_r7,16,8,7,fp64,ordinary,padded,scalar,1,16,1,1,1,none,fraction_lut_shared,ordinary/padded/scalar/x1/fraction_lut_shared,16777216,0,1,67108864,67108864,1024,512,256,3,1,43,4.9306559562683105,0.11466641758763513,-2611.5561411894714,1
2026-08-16T21:24:19Z,NVIDIA H200 NVL,screen,normal_0_1,dot,lns,lns16_r7,16,8,7,fp64,ordinary,padded,scalar,1,16,1,1,1,none,fraction_lut_shared,ordinary/padded/scalar/x1/fraction_lut_shared,16777216,0,1,67108864,67108864,1024,512,256,3,2,43,4.9190402030944824,0.11439628379289495,-2611.5561411894714,1
2026-08-16T21:24:19Z,NVIDIA H200 NVL,screen,normal_0_1,gemv,lns,lns16_r7,16,8,7,fp64,ordinary,padded,scalar,1,16,1,1,1,none,fraction_lut_shared,ordinary/padded/scalar/x1/fraction_lut_shared,16384,1024,1024,33587200,33587200,1024,1024,256,3,0,51,4.8589439392089844,0.09527341057272519,-49.131659135939209,1
2026-08-16T21:24:19Z,NVIDIA H200 NVL,screen,normal_0_1,gemv,lns,lns16_r7,16,8,7,fp64,ordinary,padded,scalar,1,16,1,1,1,none,fraction_lut_shared,ordinary/padded/scalar/x1/fraction_lut_shared,16384,1024,1024,33587200,33587200,1024,1024,256,3,1,51,4.8597760200500488,0.095289725883334286,-49.131659135939209,1
2026-08-16T21:24:19Z,NVIDIA H200 NVL,screen,normal_0_1,gemv,lns,lns16_r7,16,8,7,fp64,ordinary,padded,scalar,1,16,1,1,1,none,fraction_lut_shared,ordinary/padded/scalar/x1/fraction_lut_shared,16384,1024,1024,33587200,33587200,1024,1024,256,3,2,51,4.8580479621887207,0.095255842395857271,-49.131659135939209,1
2026-08-16T21:24:19Z,NVIDIA H200 NVL,screen,normal_0_1,dot,lns,lns16_r7,16,8,7,fp64,ordinary,padded,thread_packet,2,16,1,1,2,none,fraction_lut_shared,ordinary/padded/thread_packet/x2/fraction_lut_shared,16777216,0,1,67108864,67108864,1024,512,256,3,0,45,5.0524802207946777,0.11227733823988173,-2611.5561411894741,1
2026-08-16T21:24:19Z,NVIDIA H200 NVL,screen,normal_0_1,dot,lns,lns16_r7,16,8,7,fp64,ordinary,padded,thread_packet,2,16,1,1,2,none,fraction_lut_shared,ordinary/padded/thread_packet/x2/fraction_lut_shared,16777216,0,1,67108864,67108864,1024,512,256,3,1,45,5.0580158233642578,0.11240035163031684,-2611.5561411894741,1
2026-08-16T21:24:19Z,NVIDIA H200 NVL,screen,normal_0_1,dot,lns,lns16_r7,16,8,7,fp64,ordinary,padded,thread_packet,2,16,1,1,2,none,fraction_lut_shared,ordinary/padded/thread_packet/x2/fraction_lut_shared,16777216,0,1,67108864,67108864,1024,512,256,3,2,45,5.052800178527832,0.1122844484117296,-2611.5561411894741,1
2026-08-16T21:24:19Z,NVIDIA H200 NVL,screen,normal_0_1,gemv,lns,lns16_r7,16,8,7,fp64,ordinary,padded,thread_packet,2,16,1,1,2,none,fraction_lut_shared,ordinary/padded/thread_packet/x2/fraction_lut_shared,16384,1024,1024,33587200,33587200,1024,1024,256,3,0,53,4.9550080299377441,0.093490717545995167,-49.131659135939231,1
2026-08-16T21:24:19Z,NVIDIA H200 NVL,screen,normal_0_1,gemv,lns,lns16_r7,16,8,7,fp64,ordinary,padded,thread_packet,2,16,1,1,2,none,fraction_lut_shared,ordinary/padded/thread_packet/x2/fraction_lut_shared,16384,1024,1024,33587200,33587200,1024,1024,256,3,1,53,4.9408001899719238,0.093222645093809883,-49.131659135939231,1
2026-08-16T21:24:19Z,NVIDIA H200 NVL,screen,normal_0_1,gemv,lns,lns16_r7,16,8,7,fp64,ordinary,padded,thread_packet,2,16,1,1,2,none,fraction_lut_shared,ordinary/padded/thread_packet/x2/fraction_lut_shared,16384,1024,1024,33587200,33587200,1024,1024,256,3,2,53,4.9383678436279297,0.093176751766564717,-49.131659135939231,1
2026-08-16T21:24:19Z,NVIDIA H200 NVL,screen,normal_0_1,dot,lns,lns16_r7,16,8,7,fp64,ordinary,padded,thread_packet,4,16,1,1,4,none,fraction_lut_shared,ordinary/padded/thread_packet/x4/fraction_lut_shared,16777216,0,1,67108864,67108864,1024,512,256,3,0,47,5.0136961936950684,0.10667438709989507,-2611.5561411894714,1
2026-08-16T21:24:19Z,NVIDIA H200 NVL,screen,normal_0_1,dot,lns,lns16_r7,16,8,7,fp64,ordinary,padded,thread_packet,4,16,1,1,4,none,fraction_lut_shared,ordinary/padded/thread_packet/x4/fraction_lut_shared,16777216,0,1,67108864,67108864,1024,512,256,3,1,47,5.0152640342712402,0.10670774541002639,-2611.5561411894714,1
2026-08-16T21:24:19Z,NVIDIA H200 NVL,screen,normal_0_1,dot,lns,lns16_r7,16,8,7,fp64,ordinary,padded,thread_packet,4,16,1,1,4,none,fraction_lut_shared,ordinary/padded/thread_packet/x4/fraction_lut_shared,16777216,0,1,67108864,67108864,1024,512,256,3,2,47,5.0168318748474121,0.1067411037201577,-2611.5561411894714,1
2026-08-16T21:24:19Z,NVIDIA H200 NVL,screen,normal_0_1,gemv,lns,lns16_r7,16,8,7,fp64,ordinary,padded,thread_packet,4,16,1,1,4,none,fraction_lut_shared,ordinary/padded/thread_packet/x4/fraction_lut_shared,16384,1024,1024,33587200,33587200,1024,1024,256,3,0,54,4.8834881782531738,0.090434966263947661,-49.131659135939231,1
2026-08-16T21:24:19Z,NVIDIA H200 NVL,screen,normal_0_1,gemv,lns,lns16_r7,16,8,7,fp64,ordinary,padded,thread_packet,4,16,1,1,4,none,fraction_lut_shared,ordinary/padded/thread_packet/x4/fraction_lut_shared,16384,1024,1024,33587200,33587200,1024,1024,256,3,1,54,4.8825597763061523,0.090417773635299112,-49.131659135939231,1
2026-08-16T21:24:19Z,NVIDIA H200 NVL,screen,normal_0_1,gemv,lns,lns16_r7,16,8,7,fp64,ordinary,padded,thread_packet,4,16,1,1,4,none,fraction_lut_shared,ordinary/padded/thread_packet/x4/fraction_lut_shared,16384,1024,1024,33587200,33587200,1024,1024,256,3,2,54,4.8947200775146484,0.090642964398419415,-49.131659135939231,1
2026-08-16T21:24:19Z,NVIDIA H200 NVL,screen,normal_0_1,dot,lns,lns16_r7,16,8,7,fp64,ordinary,padded,thread_packet,8,16,1,1,8,none,fraction_lut_shared,ordinary/padded/thread_packet/x8/fraction_lut_shared,16777216,0,1,67108864,67108864,1024,512,256,3,0,48,5.0084800720214844,0.10434333483378093,-2611.5561411894723,1
2026-08-16T21:24:19Z,NVIDIA H200 NVL,screen,normal_0_1,dot,lns,lns16_r7,16,8,7,fp64,ordinary,padded,thread_packet,8,16,1,1,8,none,fraction_lut_shared,ordinary/padded/thread_packet/x8/fraction_lut_shared,16777216,0,1,67108864,67108864,1024,512,256,3,1,48,5.0107197761535645,0.10438999533653259,-2611.5561411894723,1
2026-08-16T21:24:19Z,NVIDIA H200 NVL,screen,normal_0_1,dot,lns,lns16_r7,16,8,7,fp64,ordinary,padded,thread_packet,8,16,1,1,8,none,fraction_lut_shared,ordinary/padded/thread_packet/x8/fraction_lut_shared,16777216,0,1,67108864,67108864,1024,512,256,3,2,48,5.0074238777160645,0.10432133078575134,-2611.5561411894723,1
2026-08-16T21:24:19Z,NVIDIA H200 NVL,screen,normal_0_1,gemv,lns,lns16_r7,16,8,7,fp64,ordinary,padded,thread_packet,8,16,1,1,8,none,fraction_lut_shared,ordinary/padded/thread_packet/x8/fraction_lut_shared,16384,1024,1024,33587200,33587200,1024,1024,256,3,0,55,4.8989119529724121,0.089071126417680224,-49.131659135939202,1
2026-08-16T21:24:19Z,NVIDIA H200 NVL,screen,normal_0_1,gemv,lns,lns16_r7,16,8,7,fp64,ordinary,padded,thread_packet,8,16,1,1,8,none,fraction_lut_shared,ordinary/padded/thread_packet/x8/fraction_lut_shared,16384,1024,1024,33587200,33587200,1024,1024,256,3,1,55,4.8833918571472168,0.088788942857222122,-49.131659135939202,1
2026-08-16T21:24:19Z,NVIDIA H200 NVL,screen,normal_0_1,gemv,lns,lns16_r7,16,8,7,fp64,ordinary,padded,thread_packet,8,16,1,1,8,none,fraction_lut_shared,ordinary/padded/thread_packet/x8/fraction_lut_shared,16384,1024,1024,33587200,33587200,1024,1024,256,3,2,55,4.8874239921569824,0.088862254402854224,-49.131659135939202,1
2026-08-16T21:24:19Z,NVIDIA H200 NVL,screen,normal_0_1,dot,lns,lns16_r7,16,8,7,fp64,fused,padded,scalar,1,16,1,1,1,none,fraction_lut_shared,fused/padded/scalar/x1/fraction_lut_shared,16777216,0,1,67108864,67108864,1024,512,256,3,0,48,4.8570241928100586,0.10118800401687622,-2611.5561411894723,1
2026-08-16T21:24:19Z,NVIDIA H200 NVL,screen,normal_0_1,dot,lns,lns16_r7,16,8,7,fp64,fused,padded,scalar,1,16,1,1,1,none,fraction_lut_shared,fused/padded/scalar/x1/fraction_lut_shared,16777216,0,1,67108864,67108864,1024,512,256,3,1,48,4.8681597709655762,0.10141999522844951,-2611.5561411894723,1
2026-08-16T21:24:19Z,NVIDIA H200 NVL,screen,normal_0_1,dot,lns,lns16_r7,16,8,7,fp64,fused,padded,scalar,1,16,1,1,1,none,fraction_lut_shared,fused/padded/scalar/x1/fraction_lut_shared,16777216,0,1,67108864,67108864,1024,512,256,3,2,48,4.8619837760925293,0.10129132866859436,-2611.5561411894723,1
2026-08-16T21:24:19Z,NVIDIA H200 NVL,screen,normal_0_1,gemv,lns,lns16_r7,16,8,7,fp64,fused,padded,scalar,1,16,1,1,1,none,fraction_lut_shared,fused/padded/scalar/x1/fraction_lut_shared,16384,1024,1024,33587200,33587200,1024,1024,256,3,0,63,4.8773441314697266,0.077418160816979789,-49.131659135939195,1
2026-08-16T21:24:19Z,NVIDIA H200 NVL,screen,normal_0_1,gemv,lns,lns16_r7,16,8,7,fp64,fused,padded,scalar,1,16,1,1,1,none,fraction_lut_shared,fused/padded/scalar/x1/fraction_lut_shared,16384,1024,1024,33587200,33587200,1024,1024,256,3,1,63,4.8811841011047363,0.077479112715948192,-49.131659135939195,1
2026-08-16T21:24:19Z,NVIDIA H200 NVL,screen,normal_0_1,gemv,lns,lns16_r7,16,8,7,fp64,fused,padded,scalar,1,16,1,1,1,none,fraction_lut_shared,fused/padded/scalar/x1/fraction_lut_shared,16384,1024,1024,33587200,33587200,1024,1024,256,3,2,63,4.8777918815612793,0.077425267961290151,-49.131659135939195,1
2026-08-16T21:24:19Z,NVIDIA H200 NVL,screen,normal_0_1,dot,lns,lns16_r7,16,8,7,fp64,fused,padded,thread_packet,2,16,1,1,2,none,fraction_lut_shared,fused/padded/thread_packet/x2/fraction_lut_shared,16777216,0,1,67108864,67108864,1024,512,256,3,0,53,4.9858880043029785,0.094073358571754306,-2611.5561411894751,1
2026-08-16T21:24:19Z,NVIDIA H200 NVL,screen,normal_0_1,dot,lns,lns16_r7,16,8,7,fp64,fused,padded,thread_packet,2,16,1,1,2,none,fraction_lut_shared,fused/padded/thread_packet/x2/fraction_lut_shared,16777216,0,1,67108864,67108864,1024,512,256,3,1,53,4.9802560806274414,0.09396709586089512,-2611.5561411894751,1
2026-08-16T21:24:19Z,NVIDIA H200 NVL,screen,normal_0_1,dot,lns,lns16_r7,16,8,7,fp64,fused,padded,thread_packet,2,16,1,1,2,none,fraction_lut_shared,fused/padded/thread_packet/x2/fraction_lut_shared,16777216,0,1,67108864,67108864,1024,512,256,3,2,53,4.9925761222839355,0.094199549477055389,-2611.5561411894751,1
2026-08-16T21:24:19Z,NVIDIA H200 NVL,screen,normal_0_1,gemv,lns,lns16_r7,16,8,7,fp64,fused,padded,thread_packet,2,16,1,1,2,none,fraction_lut_shared,fused/padded/thread_packet/x2/fraction_lut_shared,16384,1024,1024,33587200,33587200,1024,1024,256,3,0,63,4.8746881484985352,0.077376002357119611,-49.131659135939287,1
2026-08-16T21:24:19Z,NVIDIA H200 NVL,screen,normal_0_1,gemv,lns,lns16_r7,16,8,7,fp64,fused,padded,thread_packet,2,16,1,1,2,none,fraction_lut_shared,fused/padded/thread_packet/x2/fraction_lut_shared,16384,1024,1024,33587200,33587200,1024,1024,256,3,1,63,4.8667840957641602,0.077250541202605716,-49.131659135939287,1
2026-08-16T21:24:19Z,NVIDIA H200 NVL,screen,normal_0_1,gemv,lns,lns16_r7,16,8,7,fp64,fused,padded,thread_packet,2,16,1,1,2,none,fraction_lut_shared,fused/padded/thread_packet/x2/fraction_lut_shared,16384,1024,1024,33587200,33587200,1024,1024,256,3,2,63,4.8672318458557129,0.077257648346916077,-49.131659135939287,1
2026-08-16T21:24:19Z,NVIDIA H200 NVL,screen,normal_0_1,dot,lns,lns16_r7,16,8,7,fp64,fused,padded,thread_packet,4,16,1,1,4,none,fraction_lut_shared,fused/padded/thread_packet/x4/fraction_lut_shared,16777216,0,1,67108864,67108864,1024,512,256,3,0,55,4.9188480377197266,0.089433600685813214,-2611.5561411894714,1
2026-08-16T21:24:19Z,NVIDIA H200 NVL,screen,normal_0_1,dot,lns,lns16_r7,16,8,7,fp64,fused,padded,thread_packet,4,16,1,1,4,none,fraction_lut_shared,fused/padded/thread_packet/x4/fraction_lut_shared,16777216,0,1,67108864,67108864,1024,512,256,3,1,55,4.9570879936218262,0.090128872611305935,-2611.5561411894714,1
2026-08-16T21:24:19Z,NVIDIA H200 NVL,screen,normal_0_1,dot,lns,lns16_r7,16,8,7,fp64,fused,padded,thread_packet,4,16,1,1,4,none,fraction_lut_shared,fused/padded/thread_packet/x4/fraction_lut_shared,16777216,0,1,67108864,67108864,1024,512,256,3,2,55,4.9455361366271973,0.089918838847767218,-2611.5561411894714,1
2026-08-16T21:24:19Z,NVIDIA H200 NVL,screen,normal_0_1,gemv,lns,lns16_r7,16,8,7,fp64,fused,padded,thread_packet,4,16,1,1,4,none,fraction_lut_shared,fused/padded/thread_packet/x4/fraction_lut_shared,16384,1024,1024,33587200,33587200,1024,1024,256,3,0,66,4.8882880210876465,0.074064970016479492,-49.131659135939238,1
2026-08-16T21:24:19Z,NVIDIA H200 NVL,screen,normal_0_1,gemv,lns,lns16_r7,16,8,7,fp64,fused,padded,thread_packet,4,16,1,1,4,none,fraction_lut_shared,fused/padded/thread_packet/x4/fraction_lut_shared,16384,1024,1024,33587200,33587200,1024,1024,256,3,1,66,4.8884158134460449,0.074066906264334015,-49.131659135939238,1
2026-08-16T21:24:19Z,NVIDIA H200 NVL,screen,normal_0_1,gemv,lns,lns16_r7,16,8,7,fp64,fused,padded,thread_packet,4,16,1,1,4,none,fraction_lut_shared,fused/padded/thread_packet/x4/fraction_lut_shared,16384,1024,1024,33587200,33587200,1024,1024,256,3,2,66,4.8861761093139648,0.074032971353241897,-49.131659135939238,1
2026-08-16T21:24:19Z,NVIDIA H200 NVL,screen,normal_0_1,dot,lns,lns16_r7,16,8,7,fp64,fused,padded,thread_packet,8,16,1,1,8,none,fraction_lut_shared,fused/padded/thread_packet/x8/fraction_lut_shared,16777216,0,1,67108864,67108864,1024,512,256,3,0,57,4.9651198387145996,0.087107365591484201,-2611.5561411894732,1
2026-08-16T21:24:19Z,NVIDIA H200 NVL,screen,normal_0_1,dot,lns,lns16_r7,16,8,7,fp64,fused,padded,thread_packet,8,16,1,1,8,none,fraction_lut_shared,fused/padded/thread_packet/x8/fraction_lut_shared,16777216,0,1,67108864,67108864,1024,512,256,3,1,57,4.9540801048278809,0.086913686049611943,-2611.5561411894732,1
2026-08-16T21:24:19Z,NVIDIA H200 NVL,screen,normal_0_1,dot,lns,lns16_r7,16,8,7,fp64,fused,padded,thread_packet,8,16,1,1,8,none,fraction_lut_shared,fused/padded/thread_packet/x8/fraction_lut_shared,16777216,0,1,67108864,67108864,1024,512,256,3,2,57,4.9540801048278809,0.086913686049611943,-2611.5561411894732,1
2026-08-16T21:24:19Z,NVIDIA H200 NVL,screen,normal_0_1,gemv,lns,lns16_r7,16,8,7,fp64,fused,padded,thread_packet,8,16,1,1,8,none,fraction_lut_shared,fused/padded/thread_packet/x8/fraction_lut_shared,16384,1024,1024,33587200,33587200,1024,1024,256,3,0,66,4.8546562194824219,0.073555397264885178,-49.131659135939216,1
2026-08-16T21:24:19Z,NVIDIA H200 NVL,screen,normal_0_1,gemv,lns,lns16_r7,16,8,7,fp64,fused,padded,thread_packet,8,16,1,1,8,none,fraction_lut_shared,fused/padded/thread_packet/x8/fraction_lut_shared,16384,1024,1024,33587200,33587200,1024,1024,256,3,1,66,4.8336639404296875,0.073237332430752838,-49.131659135939216,1
2026-08-16T21:24:19Z,NVIDIA H200 NVL,screen,normal_0_1,gemv,lns,lns16_r7,16,8,7,fp64,fused,padded,thread_packet,8,16,1,1,8,none,fraction_lut_shared,fused/padded/thread_packet/x8/fraction_lut_shared,16384,1024,1024,33587200,33587200,1024,1024,256,3,2,66,4.8379840850830078,0.073302789167924362,-49.131659135939216,1
2026-08-16T21:24:19Z,NVIDIA H200 NVL,screen,normal_0_1,dot,lns,lns16_r7,16,8,7,fp64,ordinary,padded,scalar,1,16,1,1,1,none,split_linear,ordinary/padded/scalar/x1/split_linear,16777216,0,1,67108864,67108864,1024,512,256,3,0,36,4.8783679008483887,0.13551021946801078,-2611.5561411894714,1
2026-08-16T21:24:19Z,NVIDIA H200 NVL,screen,normal_0_1,dot,lns,lns16_r7,16,8,7,fp64,ordinary,padded,scalar,1,16,1,1,1,none,split_linear,ordinary/padded/scalar/x1/split_linear,16777216,0,1,67108864,67108864,1024,512,256,3,1,36,4.8791360855102539,0.13553155793084037,-2611.5561411894714,1
2026-08-16T21:24:19Z,NVIDIA H200 NVL,screen,normal_0_1,dot,lns,lns16_r7,16,8,7,fp64,ordinary,padded,scalar,1,16,1,1,1,none,split_linear,ordinary/padded/scalar/x1/split_linear,16777216,0,1,67108864,67108864,1024,512,256,3,2,36,4.8858880996704102,0.13571911387973362,-2611.5561411894714,1
2026-08-16T21:24:19Z,NVIDIA H200 NVL,screen,normal_0_1,gemv,lns,lns16_r7,16,8,7,fp64,ordinary,padded,scalar,1,16,1,1,1,none,split_linear,ordinary/padded/scalar/x1/split_linear,16384,1024,1024,33587200,33587200,1024,1024,256,3,0,43,4.9720001220703125,0.11562790981558867,-49.131659135939209,1
2026-08-16T21:24:19Z,NVIDIA H200 NVL,screen,normal_0_1,gemv,lns,lns16_r7,16,8,7,fp64,ordinary,padded,scalar,1,16,1,1,1,none,split_linear,ordinary/padded/scalar/x1/split_linear,16384,1024,1024,33587200,33587200,1024,1024,256,3,1,43,4.978208065032959,0.11577228058216184,-49.131659135939209,1
2026-08-16T21:24:19Z,NVIDIA H200 NVL,screen,normal_0_1,gemv,lns,lns16_r7,16,8,7,fp64,ordinary,padded,scalar,1,16,1,1,1,none,split_linear,ordinary/padded/scalar/x1/split_linear,16384,1024,1024,33587200,33587200,1024,1024,256,3,2,43,4.9738879203796387,0.11567181210185207,-49.131659135939209,1
2026-08-16T21:24:19Z,NVIDIA H200 NVL,screen,normal_0_1,dot,lns,lns16_r7,16,8,7,fp64,ordinary,padded,thread_packet,2,16,1,1,2,none,split_linear,ordinary/padded/thread_packet/x2/split_linear,16777216,0,1,67108864,67108864,1024,512,256,3,0,38,5.0478081703186035,0.13283705711364746,-2611.5561411894741,1
2026-08-16T21:24:19Z,NVIDIA H200 NVL,screen,normal_0_1,dot,lns,lns16_r7,16,8,7,fp64,ordinary,padded,thread_packet,2,16,1,1,2,none,split_linear,ordinary/padded/thread_packet/x2/split_linear,16777216,0,1,67108864,67108864,1024,512,256,3,1,38,5.0439682006835938,0.13273600528114721,-2611.5561411894741,1
2026-08-16T21:24:19Z,NVIDIA H200 NVL,screen,normal_0_1,dot,lns,lns16_r7,16,8,7,fp64,ordinary,padded,thread_packet,2,16,1,1,2,none,split_linear,ordinary/padded/thread_packet/x2/split_linear,16777216,0,1,67108864,67108864,1024,512,256,3,2,38,5.0439038276672363,0.13273431125440097,-2611.5561411894741,1
2026-08-16T21:24:19Z,NVIDIA H200 NVL,screen,normal_0_1,gemv,lns,lns16_r7,16,8,7,fp64,ordinary,padded,thread_packet,2,16,1,1,2,none,split_linear,ordinary/padded/thread_packet/x2/split_linear,16384,1024,1024,33587200,33587200,1024,1024,256,3,0,44,4.923583984375,0.11189963600852272,-49.131659135939231,1
2026-08-16T21:24:19Z,NVIDIA H200 NVL,screen,normal_0_1,gemv,lns,lns16_r7,16,8,7,fp64,ordinary,padded,thread_packet,2,16,1,1,2,none,split_linear,ordinary/padded/thread_packet/x2/split_linear,16384,1024,1024,33587200,33587200,1024,1024,256,3,1,44,4.9178237915039062,0.11176872253417969,-49.131659135939231,1
2026-08-16T21:24:19Z,NVIDIA H200 NVL,screen,normal_0_1,gemv,lns,lns16_r7,16,8,7,fp64,ordinary,padded,thread_packet,2,16,1,1,2,none,split_linear,ordinary/padded/thread_packet/x2/split_linear,16384,1024,1024,33587200,33587200,1024,1024,256,3,2,44,4.917759895324707,0.1117672703482888,-49.131659135939231,1
2026-08-16T21:24:19Z,NVIDIA H200 NVL,screen,normal_0_1,dot,lns,lns16_r7,16,8,7,fp64,ordinary,padded,thread_packet,4,16,1,1,4,none,split_linear,ordinary/padded/thread_packet/x4/split_linear,16777216,0,1,67108864,67108864,1024,512,256,3,0,39,4.9520320892333984,0.12697518177521536,-2611.5561411894714,1
2026-08-16T21:24:19Z,NVIDIA H200 NVL,screen,normal_0_1,dot,lns,lns16_r7,16,8,7,fp64,ordinary,padded,thread_packet,4,16,1,1,4,none,split_linear,ordinary/padded/thread_packet/x4/split_linear,16777216,0,1,67108864,67108864,1024,512,256,3,1,39,4.9592318534851074,0.12715979111500275,-2611.5561411894714,1
2026-08-16T21:24:19Z,NVIDIA H200 NVL,screen,normal_0_1,dot,lns,lns16_r7,16,8,7,fp64,ordinary,padded,thread_packet,4,16,1,1,4,none,split_linear,ordinary/padded/thread_packet/x4/split_linear,16777216,0,1,67108864,67108864,1024,512,256,3,2,39,4.9585599899291992,0.12714256384433845,-2611.5561411894714,1
2026-08-16T21:24:19Z,NVIDIA H200 NVL,screen,normal_0_1,gemv,lns,lns16_r7,16,8,7,fp64,ordinary,padded,thread_packet,4,16,1,1,4,none,split_linear,ordinary/padded/thread_packet/x4/split_linear,16384,1024,1024,33587200,33587200,1024,1024,256,3,0,46,4.9631037712097168,0.1078935602436895,-49.131659135939231,1
2026-08-16T21:24:19Z,NVIDIA H200 NVL,screen,normal_0_1,gemv,lns,lns16_r7,16,8,7,fp64,ordinary,padded,thread_packet,4,16,1,1,4,none,split_linear,ordinary/padded/thread_packet/x4/split_linear,16384,1024,1024,33587200,33587200,1024,1024,256,3,1,46,4.9628481864929199,0.10788800405419391,-49.131659135939231,1
2026-08-16T21:24:19Z,NVIDIA H200 NVL,screen,normal_0_1,gemv,lns,lns16_r7,16,8,7,fp64,ordinary,padded,thread_packet,4,16,1,1,4,none,split_linear,ordinary/padded/thread_packet/x4/split_linear,16384,1024,1024,33587200,33587200,1024,1024,256,3,2,46,4.9672322273254395,0.10798330928968347,-49.131659135939231,1
2026-08-16T21:24:19Z,NVIDIA H200 NVL,screen,normal_0_1,dot,lns,lns16_r7,16,8,7,fp64,ordinary,padded,thread_packet,8,16,1,1,8,none,split_linear,ordinary/padded/thread_packet/x8/split_linear,16777216,0,1,67108864,67108864,1024,512,256,3,0,40,4.942080020904541,0.12355200052261353,-2611.5561411894723,1
2026-08-16T21:24:19Z,NVIDIA H200 NVL,screen,normal_0_1,dot,lns,lns16_r7,16,8,7,fp64,ordinary,padded,thread_packet,8,16,1,1,8,none,split_linear,ordinary/padded/thread_packet/x8/split_linear,16777216,0,1,67108864,67108864,1024,512,256,3,1,40,4.9430079460144043,0.12357519865036011,-2611.5561411894723,1
2026-08-16T21:24:19Z,NVIDIA H200 NVL,screen,normal_0_1,dot,lns,lns16_r7,16,8,7,fp64,ordinary,padded,thread_packet,8,16,1,1,8,none,split_linear,ordinary/padded/thread_packet/x8/split_linear,16777216,0,1,67108864,67108864,1024,512,256,3,2,40,4.947199821472168,0.1236799955368042,-2611.5561411894723,1
2026-08-16T21:24:19Z,NVIDIA H200 NVL,screen,normal_0_1,gemv,lns,lns16_r7,16,8,7,fp64,ordinary,padded,thread_packet,8,16,1,1,8,none,split_linear,ordinary/padded/thread_packet/x8/split_linear,16384,1024,1024,33587200,33587200,1024,1024,256,3,0,46,4.8955202102661133,0.10642435239708942,-49.131659135939202,1
2026-08-16T21:24:19Z,NVIDIA H200 NVL,screen,normal_0_1,gemv,lns,lns16_r7,16,8,7,fp64,ordinary,padded,thread_packet,8,16,1,1,8,none,split_linear,ordinary/padded/thread_packet/x8/split_linear,16384,1024,1024,33587200,33587200,1024,1024,256,3,1,46,4.8935999870300293,0.10638260841369629,-49.131659135939202,1
2026-08-16T21:24:19Z,NVIDIA H200 NVL,screen,normal_0_1,gemv,lns,lns16_r7,16,8,7,fp64,ordinary,padded,thread_packet,8,16,1,1,8,none,split_linear,ordinary/padded/thread_packet/x8/split_linear,16384,1024,1024,33587200,33587200,1024,1024,256,3,2,46,4.8889598846435547,0.10628173662268597,-49.131659135939202,1
2026-08-16T21:24:19Z,NVIDIA H200 NVL,screen,normal_0_1,dot,lns,lns16_r7,16,8,7,fp64,fused,padded,scalar,1,16,1,1,1,none,split_linear,fused/padded/scalar/x1/split_linear,16777216,0,1,67108864,67108864,1024,512,256,3,0,47,4.9547519683837891,0.1054202546464636,-2611.5561411894723,1
2026-08-16T21:24:19Z,NVIDIA H200 NVL,screen,normal_0_1,dot,lns,lns16_r7,16,8,7,fp64,fused,padded,scalar,1,16,1,1,1,none,split_linear,fused/padded/scalar/x1/split_linear,16777216,0,1,67108864,67108864,1024,512,256,3,1,47,4.9569921493530273,0.10546791807134101,-2611.5561411894723,1
2026-08-16T21:24:19Z,NVIDIA H200 NVL,screen,normal_0_1,dot,lns,lns16_r7,16,8,7,fp64,fused,padded,scalar,1,16,1,1,1,none,split_linear,fused/padded/scalar/x1/split_linear,16777216,0,1,67108864,67108864,1024,512,256,3,2,47,4.9666881561279297,0.10567421608782829,-2611.5561411894723,1
2026-08-16T21:24:19Z,NVIDIA H200 NVL,screen,normal_0_1,gemv,lns,lns16_r7,16,8,7,fp64,fused,padded,scalar,1,16,1,1,1,none,split_linear,fused/padded/scalar/x1/split_linear,16384,1024,1024,33587200,33587200,1024,1024,256,3,0,56,4.9772801399230957,0.088880002498626709,-49.131659135939195,1
2026-08-16T21:24:19Z,NVIDIA H200 NVL,screen,normal_0_1,gemv,lns,lns16_r7,16,8,7,fp64,fused,padded,scalar,1,16,1,1,1,none,split_linear,fused/padded/scalar/x1/split_linear,16384,1024,1024,33587200,33587200,1024,1024,256,3,1,56,4.9739837646484375,0.088821138654436388,-49.131659135939195,1
2026-08-16T21:24:19Z,NVIDIA H200 NVL,screen,normal_0_1,gemv,lns,lns16_r7,16,8,7,fp64,fused,padded,scalar,1,16,1,1,1,none,split_linear,fused/padded/scalar/x1/split_linear,16384,1024,1024,33587200,33587200,1024,1024,256,3,2,56,4.9897279739379883,0.089102285248892646,-49.131659135939195,1
2026-08-16T21:24:19Z,NVIDIA H200 NVL,screen,normal_0_1,dot,lns,lns16_r7,16,8,7,fp64,fused,padded,thread_packet,2,16,1,1,2,none,split_linear,fused/padded/thread_packet/x2/split_linear,16777216,0,1,67108864,67108864,1024,512,256,3,0,48,4.9835200309753418,0.10382333397865295,-2611.5561411894751,1
2026-08-16T21:24:19Z,NVIDIA H200 NVL,screen,normal_0_1,dot,lns,lns16_r7,16,8,7,fp64,fused,padded,thread_packet,2,16,1,1,2,none,split_linear,fused/padded/thread_packet/x2/split_linear,16777216,0,1,67108864,67108864,1024,512,256,3,1,48,4.975679874420166,0.10365999738375346,-2611.5561411894751,1
2026-08-16T21:24:19Z,NVIDIA H200 NVL,screen,normal_0_1,dot,lns,lns16_r7,16,8,7,fp64,fused,padded,thread_packet,2,16,1,1,2,none,split_linear,fused/padded/thread_packet/x2/split_linear,16777216,0,1,67108864,67108864,1024,512,256,3,2,48,4.9726400375366211,0.10359666744867961,-2611.5561411894751,1
2026-08-16T21:24:19Z,NVIDIA H200 NVL,screen,normal_0_1,gemv,lns,lns16_r7,16,8,7,fp64,fused,padded,thread_packet,2,16,1,1,2,none,split_linear,fused/padded/thread_packet/x2/split_linear,16384,1024,1024,33587200,33587200,1024,1024,256,3,0,57,4.9415998458862305,0.08669473413835492,-49.131659135939287,1
2026-08-16T21:24:19Z,NVIDIA H200 NVL,screen,normal_0_1,gemv,lns,lns16_r7,16,8,7,fp64,fused,padded,thread_packet,2,16,1,1,2,none,split_linear,fused/padded/thread_packet/x2/split_linear,16384,1024,1024,33587200,33587200,1024,1024,256,3,1,57,4.9405121803283691,0.086675652286462623,-49.131659135939287,1
2026-08-16T21:24:19Z,NVIDIA H200 NVL,screen,normal_0_1,gemv,lns,lns16_r7,16,8,7,fp64,fused,padded,thread_packet,2,16,1,1,2,none,split_linear,fused/padded/thread_packet/x2/split_linear,16384,1024,1024,33587200,33587200,1024,1024,256,3,2,57,4.9572157859802246,0.086968697999653066,-49.131659135939287,1
2026-08-16T21:24:19Z,NVIDIA H200 NVL,screen,normal_0_1,dot,lns,lns16_r7,16,8,7,fp64,fused,padded,thread_packet,4,16,1,1,4,none,split_linear,fused/padded/thread_packet/x4/split_linear,16777216,0,1,67108864,67108864,1024,512,256,3,0,50,4.8935360908508301,0.097870721817016601,-2611.5561411894714,1
2026-08-16T21:24:19Z,NVIDIA H200 NVL,screen,normal_0_1,dot,lns,lns16_r7,16,8,7,fp64,fused,padded,thread_packet,4,16,1,1,4,none,split_linear,fused/padded/thread_packet/x4/split_linear,16777216,0,1,67108864,67108864,1024,512,256,3,1,50,4.8919677734375,0.09783935546875,-2611.5561411894714,1
2026-08-16T21:24:19Z,NVIDIA H200 NVL,screen,normal_0_1,dot,lns,lns16_r7,16,8,7,fp64,fused,padded,thread_packet,4,16,1,1,4,none,split_linear,fused/padded/thread_packet/x4/split_linear,16777216,0,1,67108864,67108864,1024,512,256,3,2,50,4.8917121887207031,0.097834243774414062,-2611.5561411894714,1
2026-08-16T21:24:19Z,NVIDIA H200 NVL,screen,normal_0_1,gemv,lns,lns16_r7,16,8,7,fp64,fused,padded,thread_packet,4,16,1,1,4,none,split_linear,fused/padded/thread_packet/x4/split_linear,16384,1024,1024,33587200,33587200,1024,1024,256,3,0,59,4.8644161224365234,0.082447730888754636,-49.131659135939238,1
2026-08-16T21:24:19Z,NVIDIA H200 NVL,screen,normal_0_1,gemv,lns,lns16_r7,16,8,7,fp64,fused,padded,thread_packet,4,16,1,1,4,none,split_linear,fused/padded/thread_packet/x4/split_linear,16384,1024,1024,33587200,33587200,1024,1024,256,3,1,59,4.864448070526123,0.082448272381798693,-49.131659135939238,1
2026-08-16T21:24:19Z,NVIDIA H200 NVL,screen,normal_0_1,gemv,lns,lns16_r7,16,8,7,fp64,fused,padded,thread_packet,4,16,1,1,4,none,split_linear,fused/padded/thread_packet/x4/split_linear,16384,1024,1024,33587200,33587200,1024,1024,256,3,2,59,4.864799976348877,0.082454236887269106,-49.131659135939238,1
2026-08-16T21:24:19Z,NVIDIA H200 NVL,screen,normal_0_1,dot,lns,lns16_r7,16,8,7,fp64,fused,padded,thread_packet,8,16,1,1,8,none,split_linear,fused/padded/thread_packet/x8/split_linear,16777216,0,1,67108864,67108864,1024,512,256,3,0,53,4.9529280662536621,0.093451472948182304,-2611.5561411894732,1
2026-08-16T21:24:19Z,NVIDIA H200 NVL,screen,normal_0_1,dot,lns,lns16_r7,16,8,7,fp64,fused,padded,thread_packet,8,16,1,1,8,none,split_linear,fused/padded/thread_packet/x8/split_linear,16777216,0,1,67108864,67108864,1024,512,256,3,1,53,4.9555201530456543,0.093500380246144418,-2611.5561411894732,1
2026-08-16T21:24:19Z,NVIDIA H200 NVL,screen,normal_0_1,dot,lns,lns16_r7,16,8,7,fp64,fused,padded,thread_packet,8,16,1,1,8,none,split_linear,fused/padded/thread_packet/x8/split_linear,16777216,0,1,67108864,67108864,1024,512,256,3,2,53,4.9757437705993652,0.093881957935837076,-2611.5561411894732,1
2026-08-16T21:24:19Z,NVIDIA H200 NVL,screen,normal_0_1,gemv,lns,lns16_r7,16,8,7,fp64,fused,padded,thread_packet,8,16,1,1,8,none,split_linear,fused/padded/thread_packet/x8/split_linear,16384,1024,1024,33587200,33587200,1024,1024,256,3,0,60,4.863135814666748,0.081052263577779129,-49.131659135939216,1
2026-08-16T21:24:19Z,NVIDIA H200 NVL,screen,normal_0_1,gemv,lns,lns16_r7,16,8,7,fp64,fused,padded,thread_packet,8,16,1,1,8,none,split_linear,fused/padded/thread_packet/x8/split_linear,16384,1024,1024,33587200,33587200,1024,1024,256,3,1,60,4.8408961296081543,0.08068160216013591,-49.131659135939216,1
2026-08-16T21:24:19Z,NVIDIA H200 NVL,screen,normal_0_1,gemv,lns,lns16_r7,16,8,7,fp64,fused,padded,thread_packet,8,16,1,1,8,none,split_linear,fused/padded/thread_packet/x8/split_linear,16384,1024,1024,33587200,33587200,1024,1024,256,3,2,60,4.8404159545898438,0.080673599243164057,-49.131659135939216,1
2026-08-16T21:24:19Z,NVIDIA H200 NVL,screen,normal_0_1,dot,lns,lns16_r7,16,8,7,fp64,ordinary,padded,scalar,1,16,1,1,1,none,split_quadratic,ordinary/padded/scalar/x1/split_quadratic,16777216,0,1,67108864,67108864,1024,512,256,3,0,37,5.0053439140319824,0.13527956524410764,-2611.5561411894714,1
2026-08-16T21:24:19Z,NVIDIA H200 NVL,screen,normal_0_1,dot,lns,lns16_r7,16,8,7,fp64,ordinary,padded,scalar,1,16,1,1,1,none,split_quadratic,ordinary/padded/scalar/x1/split_quadratic,16777216,0,1,67108864,67108864,1024,512,256,3,1,37,5.0010881423950195,0.13516454438905459,-2611.5561411894714,1
2026-08-16T21:24:19Z,NVIDIA H200 NVL,screen,normal_0_1,dot,lns,lns16_r7,16,8,7,fp64,ordinary,padded,scalar,1,16,1,1,1,none,split_quadratic,ordinary/padded/scalar/x1/split_quadratic,16777216,0,1,67108864,67108864,1024,512,256,3,2,37,5.0267839431762695,0.13585902549125053,-2611.5561411894714,1
2026-08-16T21:24:19Z,NVIDIA H200 NVL,screen,normal_0_1,gemv,lns,lns16_r7,16,8,7,fp64,ordinary,padded,scalar,1,16,1,1,1,none,split_quadratic,ordinary/padded/scalar/x1/split_quadratic,16384,1024,1024,33587200,33587200,1024,1024,256,3,0,43,5.0000958442687988,0.11628129870392555,-49.131659135939209,1
2026-08-16T21:24:19Z,NVIDIA H200 NVL,screen,normal_0_1,gemv,lns,lns16_r7,16,8,7,fp64,ordinary,padded,scalar,1,16,1,1,1,none,split_quadratic,ordinary/padded/scalar/x1/split_quadratic,16384,1024,1024,33587200,33587200,1024,1024,256,3,1,43,4.9745922088623047,0.11568819090377452,-49.131659135939209,1
2026-08-16T21:24:19Z,NVIDIA H200 NVL,screen,normal_0_1,gemv,lns,lns16_r7,16,8,7,fp64,ordinary,padded,scalar,1,16,1,1,1,none,split_quadratic,ordinary/padded/scalar/x1/split_quadratic,16384,1024,1024,33587200,33587200,1024,1024,256,3,2,43,4.9882559776306152,0.11600595296815384,-49.131659135939209,1
2026-08-16T21:24:19Z,NVIDIA H200 NVL,screen,normal_0_1,dot,lns,lns16_r7,16,8,7,fp64,ordinary,padded,thread_packet,2,16,1,1,2,none,split_quadratic,ordinary/padded/thread_packet/x2/split_quadratic,16777216,0,1,67108864,67108864,1024,512,256,3,0,37,4.967167854309082,0.13424777984619141,-2611.5561411894741,1
2026-08-16T21:24:19Z,NVIDIA H200 NVL,screen,normal_0_1,dot,lns,lns16_r7,16,8,7,fp64,ordinary,padded,thread_packet,2,16,1,1,2,none,split_quadratic,ordinary/padded/thread_packet/x2/split_quadratic,16777216,0,1,67108864,67108864,1024,512,256,3,1,37,4.9512639045715332,0.1338179433667982,-2611.5561411894741,1
2026-08-16T21:24:19Z,NVIDIA H200 NVL,screen,normal_0_1,dot,lns,lns16_r7,16,8,7,fp64,ordinary,padded,thread_packet,2,16,1,1,2,none,split_quadratic,ordinary/padded/thread_packet/x2/split_quadratic,16777216,0,1,67108864,67108864,1024,512,256,3,2,37,4.9662718772888184,0.13422356425104914,-2611.5561411894741,1
2026-08-16T21:24:19Z,NVIDIA H200 NVL,screen,normal_0_1,gemv,lns,lns16_r7,16,8,7,fp64,ordinary,padded,thread_packet,2,16,1,1,2,none,split_quadratic,ordinary/padded/thread_packet/x2/split_quadratic,16384,1024,1024,33587200,33587200,1024,1024,256,3,0,44,4.9601278305053711,0.11273017796603116,-49.131659135939231,1
2026-08-16T21:24:19Z,NVIDIA H200 NVL,screen,normal_0_1,gemv,lns,lns16_r7,16,8,7,fp64,ordinary,padded,thread_packet,2,16,1,1,2,none,split_quadratic,ordinary/padded/thread_packet/x2/split_quadratic,16384,1024,1024,33587200,33587200,1024,1024,256,3,1,44,4.9348797798156738,0.11215635863217441,-49.131659135939231,1
2026-08-16T21:24:19Z,NVIDIA H200 NVL,screen,normal_0_1,gemv,lns,lns16_r7,16,8,7,fp64,ordinary,padded,thread_packet,2,16,1,1,2,none,split_quadratic,ordinary/padded/thread_packet/x2/split_quadratic,16384,1024,1024,33587200,33587200,1024,1024,256,3,2,44,4.9507198333740234,0.11251635984940962,-49.131659135939231,1
2026-08-16T21:24:19Z,NVIDIA H200 NVL,screen,normal_0_1,dot,lns,lns16_r7,16,8,7,fp64,ordinary,padded,thread_packet,4,16,1,1,4,none,split_quadratic,ordinary/padded/thread_packet/x4/split_quadratic,16777216,0,1,67108864,67108864,1024,512,256,3,0,39,5.0160961151123047,0.12861784910544372,-2611.5561411894714,1
2026-08-16T21:24:19Z,NVIDIA H200 NVL,screen,normal_0_1,dot,lns,lns16_r7,16,8,7,fp64,ordinary,padded,thread_packet,4,16,1,1,4,none,split_quadratic,ordinary/padded/thread_packet/x4/split_quadratic,16777216,0,1,67108864,67108864,1024,512,256,3,1,39,5.0202879905700684,0.12872533309154022,-2611.5561411894714,1
2026-08-16T21:24:19Z,NVIDIA H200 NVL,screen,normal_0_1,dot,lns,lns16_r7,16,8,7,fp64,ordinary,padded,thread_packet,4,16,1,1,4,none,split_quadratic,ordinary/padded/thread_packet/x4/split_quadratic,16777216,0,1,67108864,67108864,1024,512,256,3,2,39,5.0067200660705566,0.12837743759155273,-2611.5561411894714,1
2026-08-16T21:24:19Z,NVIDIA H200 NVL,screen,normal_0_1,gemv,lns,lns16_r7,16,8,7,fp64,ordinary,padded,thread_packet,4,16,1,1,4,none,split_quadratic,ordinary/padded/thread_packet/x4/split_quadratic,16384,1024,1024,33587200,33587200,1024,1024,256,3,0,45,4.8928318023681641,0.10872959560818142,-49.131659135939231,1
2026-08-16T21:24:19Z,NVIDIA H200 NVL,screen,normal_0_1,gemv,lns,lns16_r7,16,8,7,fp64,ordinary,padded,thread_packet,4,16,1,1,4,none,split_quadratic,ordinary/padded/thread_packet/x4/split_quadratic,16384,1024,1024,33587200,33587200,1024,1024,256,3,1,45,4.870272159576416,0.10822827021280924,-49.131659135939231,1
2026-08-16T21:24:19Z,NVIDIA H200 NVL,screen,normal_0_1,gemv,lns,lns16_r7,16,8,7,fp64,ordinary,padded,thread_packet,4,16,1,1,4,none,split_quadratic,ordinary/padded/thread_packet/x4/split_quadratic,16384,1024,1024,33587200,33587200,1024,1024,256,3,2,45,4.8553919792175293,0.10789759953816731,-49.131659135939231,1
2026-08-16T21:24:19Z,NVIDIA H200 NVL,screen,normal_0_1,dot,lns,lns16_r7,16,8,7,fp64,ordinary,padded,thread_packet,8,16,1,1,8,none,split_quadratic,ordinary/padded/thread_packet/x8/split_quadratic,16777216,0,1,67108864,67108864,1024,512,256,3,0,41,5.0586237907409668,0.12338106806685285,-2611.5561411894723,1
2026-08-16T21:24:19Z,NVIDIA H200 NVL,screen,normal_0_1,dot,lns,lns16_r7,16,8,7,fp64,ordinary,padded,thread_packet,8,16,1,1,8,none,split_quadratic,ordinary/padded/thread_packet/x8/split_quadratic,16777216,0,1,67108864,67108864,1024,512,256,3,1,41,5.061215877532959,0.12344428969592583,-2611.5561411894723,1
2026-08-16T21:24:19Z,NVIDIA H200 NVL,screen,normal_0_1,dot,lns,lns16_r7,16,8,7,fp64,ordinary,padded,thread_packet,8,16,1,1,8,none,split_quadratic,ordinary/padded/thread_packet/x8/split_quadratic,16777216,0,1,67108864,67108864,1024,512,256,3,2,41,5.0677118301391602,0.12360272756436975,-2611.5561411894723,1
2026-08-16T21:24:19Z,NVIDIA H200 NVL,screen,normal_0_1,gemv,lns,lns16_r7,16,8,7,fp64,ordinary,padded,thread_packet,8,16,1,1,8,none,split_quadratic,ordinary/padded/thread_packet/x8/split_quadratic,16384,1024,1024,33587200,33587200,1024,1024,256,3,0,46,4.8898239135742188,0.1063005198603091,-49.131659135939202,1
2026-08-16T21:24:19Z,NVIDIA H200 NVL,screen,normal_0_1,gemv,lns,lns16_r7,16,8,7,fp64,ordinary,padded,thread_packet,8,16,1,1,8,none,split_quadratic,ordinary/padded/thread_packet/x8/split_quadratic,16384,1024,1024,33587200,33587200,1024,1024,256,3,1,46,4.890143871307373,0.10630747546320377,-49.131659135939202,1
2026-08-16T21:24:19Z,NVIDIA H200 NVL,screen,normal_0_1,gemv,lns,lns16_r7,16,8,7,fp64,ordinary,padded,thread_packet,8,16,1,1,8,none,split_quadratic,ordinary/padded/thread_packet/x8/split_quadratic,16384,1024,1024,33587200,33587200,1024,1024,256,3,2,46,4.8914880752563477,0.10633669728818147,-49.131659135939202,1
2026-08-16T21:24:19Z,NVIDIA H200 NVL,screen,normal_0_1,dot,lns,lns16_r7,16,8,7,fp64,fused,padded,scalar,1,16,1,1,1,none,split_quadratic,fused/padded/scalar/x1/split_quadratic,16777216,0,1,67108864,67108864,1024,512,256,3,0,47,4.9727039337158203,0.10580221135565575,-2611.5561411894723,1
2026-08-16T21:24:19Z,NVIDIA H200 NVL,screen,normal_0_1,dot,lns,lns16_r7,16,8,7,fp64,fused,padded,scalar,1,16,1,1,1,none,split_quadratic,fused/padded/scalar/x1/split_quadratic,16777216,0,1,67108864,67108864,1024,512,256,3,1,47,4.9632000923156738,0.10560000196416328,-2611.5561411894723,1
2026-08-16T21:24:19Z,NVIDIA H200 NVL,screen,normal_0_1,dot,lns,lns16_r7,16,8,7,fp64,fused,padded,scalar,1,16,1,1,1,none,split_quadratic,fused/padded/scalar/x1/split_quadratic,16777216,0,1,67108864,67108864,1024,512,256,3,2,47,4.9682879447937012,0.10570825414454683,-2611.5561411894723,1
2026-08-16T21:24:19Z,NVIDIA H200 NVL,screen,normal_0_1,gemv,lns,lns16_r7,16,8,7,fp64,fused,padded,scalar,1,16,1,1,1,none,split_quadratic,fused/padded/scalar/x1/split_quadratic,16384,1024,1024,33587200,33587200,1024,1024,256,3,0,55,4.8870081901550293,0.088854694366455073,-49.131659135939195,1
2026-08-16T21:24:19Z,NVIDIA H200 NVL,screen,normal_0_1,gemv,lns,lns16_r7,16,8,7,fp64,fused,padded,scalar,1,16,1,1,1,none,split_quadratic,fused/padded/scalar/x1/split_quadratic,16384,1024,1024,33587200,33587200,1024,1024,256,3,1,55,4.8915519714355469,0.088937308571555393,-49.131659135939195,1
2026-08-16T21:24:19Z,NVIDIA H200 NVL,screen,normal_0_1,gemv,lns,lns16_r7,16,8,7,fp64,fused,padded,scalar,1,16,1,1,1,none,split_quadratic,fused/padded/scalar/x1/split_quadratic,16384,1024,1024,33587200,33587200,1024,1024,256,3,2,55,4.8857278823852539,0.08883141604336825,-49.131659135939195,1
2026-08-16T21:24:19Z,NVIDIA H200 NVL,screen,normal_0_1,dot,lns,lns16_r7,16,8,7,fp64,fused,padded,thread_packet,2,16,1,1,2,none,split_quadratic,fused/padded/thread_packet/x2/split_quadratic,16777216,0,1,67108864,67108864,1024,512,256,3,0,47,4.8871359825134277,0.10398161664922187,-2611.5561411894751,1
2026-08-16T21:24:19Z,NVIDIA H200 NVL,screen,normal_0_1,dot,lns,lns16_r7,16,8,7,fp64,fused,padded,thread_packet,2,16,1,1,2,none,split_quadratic,fused/padded/thread_packet/x2/split_quadratic,16777216,0,1,67108864,67108864,1024,512,256,3,1,47,4.8854079246520996,0.10394484946068297,-2611.5561411894751,1
2026-08-16T21:24:19Z,NVIDIA H200 NVL,screen,normal_0_1,dot,lns,lns16_r7,16,8,7,fp64,fused,padded,thread_packet,2,16,1,1,2,none,split_quadratic,fused/padded/thread_packet/x2/split_quadratic,16777216,0,1,67108864,67108864,1024,512,256,3,2,47,4.883552074432373,0.10390536328579517,-2611.5561411894751,1
2026-08-16T21:24:19Z,NVIDIA H200 NVL,screen,normal_0_1,gemv,lns,lns16_r7,16,8,7,fp64,fused,padded,thread_packet,2,16,1,1,2,none,split_quadratic,fused/padded/thread_packet/x2/split_quadratic,16384,1024,1024,33587200,33587200,1024,1024,256,3,0,56,4.8604798316955566,0.08679428270884923,-49.131659135939287,1
2026-08-16T21:24:19Z,NVIDIA H200 NVL,screen,normal_0_1,gemv,lns,lns16_r7,16,8,7,fp64,fused,padded,thread_packet,2,16,1,1,2,none,split_quadratic,fused/padded/thread_packet/x2/split_quadratic,16384,1024,1024,33587200,33587200,1024,1024,256,3,1,56,4.8566718101501465,0.086726282324109755,-49.131659135939287,1
2026-08-16T21:24:19Z,NVIDIA H200 NVL,screen,normal_0_1,gemv,lns,lns16_r7,16,8,7,fp64,fused,padded,thread_packet,2,16,1,1,2,none,split_quadratic,fused/padded/thread_packet/x2/split_quadratic,16384,1024,1024,33587200,33587200,1024,1024,256,3,2,56,4.8565759658813477,0.086724570819309774,-49.131659135939287,1
2026-08-16T21:24:19Z,NVIDIA H200 NVL,screen,normal_0_1,dot,lns,lns16_r7,16,8,7,fp64,fused,padded,thread_packet,4,16,1,1,4,none,split_quadratic,fused/padded/thread_packet/x4/split_quadratic,16777216,0,1,67108864,67108864,1024,512,256,3,0,51,4.9853119850158691,0.097751215392468019,-2611.5561411894714,1
2026-08-16T21:24:19Z,NVIDIA H200 NVL,screen,normal_0_1,dot,lns,lns16_r7,16,8,7,fp64,fused,padded,thread_packet,4,16,1,1,4,none,split_quadratic,fused/padded/thread_packet/x4/split_quadratic,16777216,0,1,67108864,67108864,1024,512,256,3,1,51,4.9926080703735352,0.097894275889677154,-2611.5561411894714,1
2026-08-16T21:24:19Z,NVIDIA H200 NVL,screen,normal_0_1,dot,lns,lns16_r7,16,8,7,fp64,fused,padded,thread_packet,4,16,1,1,4,none,split_quadratic,fused/padded/thread_packet/x4/split_quadratic,16777216,0,1,67108864,67108864,1024,512,256,3,2,51,4.9903998374938965,0.097850977205762676,-2611.5561411894714,1
2026-08-16T21:24:19Z,NVIDIA H200 NVL,screen,normal_0_1,gemv,lns,lns16_r7,16,8,7,fp64,fused,padded,thread_packet,4,16,1,1,4,none,split_quadratic,fused/padded/thread_packet/x4/split_quadratic,16384,1024,1024,33587200,33587200,1024,1024,256,3,0,59,4.8720641136169434,0.082577357857914299,-49.131659135939238,1
2026-08-16T21:24:19Z,NVIDIA H200 NVL,screen,normal_0_1,gemv,lns,lns16_r7,16,8,7,fp64,fused,padded,thread_packet,4,16,1,1,4,none,split_quadratic,fused/padded/thread_packet/x4/split_quadratic,16384,1024,1024,33587200,33587200,1024,1024,256,3,1,59,4.8636798858642578,0.082435252302784034,-49.131659135939238,1
2026-08-16T21:24:19Z,NVIDIA H200 NVL,screen,normal_0_1,gemv,lns,lns16_r7,16,8,7,fp64,fused,padded,thread_packet,4,16,1,1,4,none,split_quadratic,fused/padded/thread_packet/x4/split_quadratic,16384,1024,1024,33587200,33587200,1024,1024,256,3,2,59,4.8666238784790039,0.082485150482694988,-49.131659135939238,1
2026-08-16T21:24:19Z,NVIDIA H200 NVL,screen,normal_0_1,dot,lns,lns16_r7,16,8,7,fp64,fused,padded,thread_packet,8,16,1,1,8,none,split_quadratic,fused/padded/thread_packet/x8/split_quadratic,16777216,0,1,67108864,67108864,1024,512,256,3,0,53,4.9507198333740234,0.093409808176868364,-2611.5561411894732,1
2026-08-16T21:24:19Z,NVIDIA H200 NVL,screen,normal_0_1,dot,lns,lns16_r7,16,8,7,fp64,fused,padded,thread_packet,8,16,1,1,8,none,split_quadratic,fused/padded/thread_packet/x8/split_quadratic,16777216,0,1,67108864,67108864,1024,512,256,3,1,53,4.9612479209899902,0.093608451339433782,-2611.5561411894732,1
2026-08-16T21:24:19Z,NVIDIA H200 NVL,screen,normal_0_1,dot,lns,lns16_r7,16,8,7,fp64,fused,padded,thread_packet,8,16,1,1,8,none,split_quadratic,fused/padded/thread_packet/x8/split_quadratic,16777216,0,1,67108864,67108864,1024,512,256,3,2,53,4.9501757621765137,0.093399542682575734,-2611.5561411894732,1
2026-08-16T21:24:19Z,NVIDIA H200 NVL,screen,normal_0_1,gemv,lns,lns16_r7,16,8,7,fp64,fused,padded,thread_packet,8,16,1,1,8,none,split_quadratic,fused/padded/thread_packet/x8/split_quadratic,16384,1024,1024,33587200,33587200,1024,1024,256,3,0,60,4.8420801162719727,0.080701335271199548,-49.131659135939216,1
2026-08-16T21:24:19Z,NVIDIA H200 NVL,screen,normal_0_1,gemv,lns,lns16_r7,16,8,7,fp64,fused,padded,thread_packet,8,16,1,1,8,none,split_quadratic,fused/padded/thread_packet/x8/split_quadratic,16384,1024,1024,33587200,33587200,1024,1024,256,3,1,60,4.8282880783081055,0.080471467971801755,-49.131659135939216,1
2026-08-16T21:24:19Z,NVIDIA H200 NVL,screen,normal_0_1,gemv,lns,lns16_r7,16,8,7,fp64,fused,padded,thread_packet,8,16,1,1,8,none,split_quadratic,fused/padded/thread_packet/x8/split_quadratic,16384,1024,1024,33587200,33587200,1024,1024,256,3,2,60,4.8294401168823242,0.080490668614705399,-49.131659135939216,1
2026-08-16T21:24:19Z,NVIDIA H200 NVL,screen,normal_0_1,dot,lns,lns16_r7,16,8,7,fp64,ordinary,padded,scalar,1,16,1,1,1,none,split_cubic,ordinary/padded/scalar/x1/split_cubic,16777216,0,1,67108864,67108864,1024,512,256,3,0,37,4.975520133972168,0.13447351713438291,-2611.5561411894714,1
2026-08-16T21:24:19Z,NVIDIA H200 NVL,screen,normal_0_1,dot,lns,lns16_r7,16,8,7,fp64,ordinary,padded,scalar,1,16,1,1,1,none,split_cubic,ordinary/padded/scalar/x1/split_cubic,16777216,0,1,67108864,67108864,1024,512,256,3,1,37,4.9782400131225586,0.13454702738169078,-2611.5561411894714,1
2026-08-16T21:24:19Z,NVIDIA H200 NVL,screen,normal_0_1,dot,lns,lns16_r7,16,8,7,fp64,ordinary,padded,scalar,1,16,1,1,1,none,split_cubic,ordinary/padded/scalar/x1/split_cubic,16777216,0,1,67108864,67108864,1024,512,256,3,2,37,4.9764161109924316,0.13449773272952517,-2611.5561411894714,1
2026-08-16T21:24:19Z,NVIDIA H200 NVL,screen,normal_0_1,gemv,lns,lns16_r7,16,8,7,fp64,ordinary,padded,scalar,1,16,1,1,1,none,split_cubic,ordinary/padded/scalar/x1/split_cubic,16384,1024,1024,33587200,33587200,1024,1024,256,3,0,43,4.9606719017028809,0.11536446283029955,-49.131659135939209,1
2026-08-16T21:24:19Z,NVIDIA H200 NVL,screen,normal_0_1,gemv,lns,lns16_r7,16,8,7,fp64,ordinary,padded,scalar,1,16,1,1,1,none,split_cubic,ordinary/padded/scalar/x1/split_cubic,16384,1024,1024,33587200,33587200,1024,1024,256,3,1,43,4.9621119499206543,0.11539795232373615,-49.131659135939209,1
2026-08-16T21:24:19Z,NVIDIA H200 NVL,screen,normal_0_1,gemv,lns,lns16_r7,16,8,7,fp64,ordinary,padded,scalar,1,16,1,1,1,none,split_cubic,ordinary/padded/scalar/x1/split_cubic,16384,1024,1024,33587200,33587200,1024,1024,256,3,2,43,4.9641599655151367,0.11544558059337527,-49.131659135939209,1
2026-08-16T21:24:19Z,NVIDIA H200 NVL,screen,normal_0_1,dot,lns,lns16_r7,16,8,7,fp64,ordinary,padded,thread_packet,2,16,1,1,2,none,split_cubic,ordinary/padded/thread_packet/x2/split_cubic,16777216,0,1,67108864,67108864,1024,512,256,3,0,37,4.9334402084350586,0.13333622184959618,-2611.5561411894741,1
2026-08-16T21:24:19Z,NVIDIA H200 NVL,screen,normal_0_1,dot,lns,lns16_r7,16,8,7,fp64,ordinary,padded,thread_packet,2,16,1,1,2,none,split_cubic,ordinary/padded/thread_packet/x2/split_cubic,16777216,0,1,67108864,67108864,1024,512,256,3,1,37,4.9314241409301758,0.13328173353865341,-2611.5561411894741,1
2026-08-16T21:24:19Z,NVIDIA H200 NVL,screen,normal_0_1,dot,lns,lns16_r7,16,8,7,fp64,ordinary,padded,thread_packet,2,16,1,1,2,none,split_cubic,ordinary/padded/thread_packet/x2/split_cubic,16777216,0,1,67108864,67108864,1024,512,256,3,2,37,4.9356160163879395,0.13339502746994431,-2611.5561411894741,1
2026-08-16T21:24:19Z,NVIDIA H200 NVL,screen,normal_0_1,gemv,lns,lns16_r7,16,8,7,fp64,ordinary,padded,thread_packet,2,16,1,1,2,none,split_cubic,ordinary/padded/thread_packet/x2/split_cubic,16384,1024,1024,33587200,33587200,1024,1024,256,3,0,44,4.9260158538818359,0.11195490577004173,-49.131659135939231,1
2026-08-16T21:24:19Z,NVIDIA H200 NVL,screen,normal_0_1,gemv,lns,lns16_r7,16,8,7,fp64,ordinary,padded,thread_packet,2,16,1,1,2,none,split_cubic,ordinary/padded/thread_packet/x2/split_cubic,16384,1024,1024,33587200,33587200,1024,1024,256,3,1,44,4.9238080978393555,0.11190472949634898,-49.131659135939231,1
2026-08-16T21:24:19Z,NVIDIA H200 NVL,screen,normal_0_1,gemv,lns,lns16_r7,16,8,7,fp64,ordinary,padded,thread_packet,2,16,1,1,2,none,split_cubic,ordinary/padded/thread_packet/x2/split_cubic,16384,1024,1024,33587200,33587200,1024,1024,256,3,2,44,4.9224958419799805,0.11187490549954501,-49.131659135939231,1
2026-08-16T21:24:19Z,NVIDIA H200 NVL,screen,normal_0_1,dot,lns,lns16_r7,16,8,7,fp64,ordinary,padded,thread_packet,4,16,1,1,4,none,split_cubic,ordinary/padded/thread_packet/x4/split_cubic,16777216,0,1,67108864,67108864,1024,512,256,3,0,39,4.9824638366699219,0.12775548299153647,-2611.5561411894714,1
2026-08-16T21:24:19Z,NVIDIA H200 NVL,screen,normal_0_1,dot,lns,lns16_r7,16,8,7,fp64,ordinary,padded,thread_packet,4,16,1,1,4,none,split_cubic,ordinary/padded/thread_packet/x4/split_cubic,16777216,0,1,67108864,67108864,1024,512,256,3,1,39,4.9858880043029785,0.12784328216161484,-2611.5561411894714,1
2026-08-16T21:24:19Z,NVIDIA H200 NVL,screen,normal_0_1,dot,lns,lns16_r7,16,8,7,fp64,ordinary,padded,thread_packet,4,16,1,1,4,none,split_cubic,ordinary/padded/thread_packet/x4/split_cubic,16777216,0,1,67108864,67108864,1024,512,256,3,2,39,4.9786877632141113,0.12765866059523362,-2611.5561411894714,1
2026-08-16T21:24:19Z,NVIDIA H200 NVL,screen,normal_0_1,gemv,lns,lns16_r7,16,8,7,fp64,ordinary,padded,thread_packet,4,16,1,1,4,none,split_cubic,ordinary/padded/thread_packet/x4/split_cubic,16384,1024,1024,33587200,33587200,1024,1024,256,3,0,46,4.9675521850585938,0.10799026489257812,-49.131659135939231,1
2026-08-16T21:24:19Z,NVIDIA H200 NVL,screen,normal_0_1,gemv,lns,lns16_r7,16,8,7,fp64,ordinary,padded,thread_packet,4,16,1,1,4,none,split_cubic,ordinary/padded/thread_packet/x4/split_cubic,16384,1024,1024,33587200,33587200,1024,1024,256,3,1,46,4.9655041694641113,0.10794574281443721,-49.131659135939231,1
2026-08-16T21:24:19Z,NVIDIA H200 NVL,screen,normal_0_1,gemv,lns,lns16_r7,16,8,7,fp64,ordinary,padded,thread_packet,4,16,1,1,4,none,split_cubic,ordinary/padded/thread_packet/x4/split_cubic,16384,1024,1024,33587200,33587200,1024,1024,256,3,2,46,4.9762558937072754,0.10817947595015816,-49.131659135939231,1
2026-08-16T21:24:19Z,NVIDIA H200 NVL,screen,normal_0_1,dot,lns,lns16_r7,16,8,7,fp64,ordinary,padded,thread_packet,8,16,1,1,8,none,split_cubic,ordinary/padded/thread_packet/x8/split_cubic,16777216,0,1,67108864,67108864,1024,512,256,3,0,40,4.9624638557434082,0.1240615963935852,-2611.5561411894723,1
2026-08-16T21:24:19Z,NVIDIA H200 NVL,screen,normal_0_1,dot,lns,lns16_r7,16,8,7,fp64,ordinary,padded,thread_packet,8,16,1,1,8,none,split_cubic,ordinary/padded/thread_packet/x8/split_cubic,16777216,0,1,67108864,67108864,1024,512,256,3,1,40,4.9639358520507812,0.12409839630126954,-2611.5561411894723,1
2026-08-16T21:24:19Z,NVIDIA H200 NVL,screen,normal_0_1,dot,lns,lns16_r7,16,8,7,fp64,ordinary,padded,thread_packet,8,16,1,1,8,none,split_cubic,ordinary/padded/thread_packet/x8/split_cubic,16777216,0,1,67108864,67108864,1024,512,256,3,2,40,4.9544639587402344,0.12386159896850586,-2611.5561411894723,1
2026-08-16T21:24:19Z,NVIDIA H200 NVL,screen,normal_0_1,gemv,lns,lns16_r7,16,8,7,fp64,ordinary,padded,thread_packet,8,16,1,1,8,none,split_cubic,ordinary/padded/thread_packet/x8/split_cubic,16384,1024,1024,33587200,33587200,1024,1024,256,3,0,46,4.8926081657409668,0.10636104708132536,-49.131659135939202,1
2026-08-16T21:24:19Z,NVIDIA H200 NVL,screen,normal_0_1,gemv,lns,lns16_r7,16,8,7,fp64,ordinary,padded,thread_packet,8,16,1,1,8,none,split_cubic,ordinary/padded/thread_packet/x8/split_cubic,16384,1024,1024,33587200,33587200,1024,1024,256,3,1,46,4.8907837867736816,0.10632138666899307,-49.131659135939202,1
2026-08-16T21:24:19Z,NVIDIA H200 NVL,screen,normal_0_1,gemv,lns,lns16_r7,16,8,7,fp64,ordinary,padded,thread_packet,8,16,1,1,8,none,split_cubic,ordinary/padded/thread_packet/x8/split_cubic,16384,1024,1024,33587200,33587200,1024,1024,256,3,2,46,4.8894400596618652,0.10629217521004054,-49.131659135939202,1
2026-08-16T21:24:19Z,NVIDIA H200 NVL,screen,normal_0_1,dot,lns,lns16_r7,16,8,7,fp64,fused,padded,scalar,1,16,1,1,1,none,split_cubic,fused/padded/scalar/x1/split_cubic,16777216,0,1,67108864,67108864,1024,512,256,3,0,47,4.987328052520752,0.10611336281959047,-2611.5561411894723,1
2026-08-16T21:24:19Z,NVIDIA H200 NVL,screen,normal_0_1,dot,lns,lns16_r7,16,8,7,fp64,fused,padded,scalar,1,16,1,1,1,none,split_cubic,fused/padded/scalar/x1/split_cubic,16777216,0,1,67108864,67108864,1024,512,256,3,1,47,4.9790401458740234,0.10593702438029837,-2611.5561411894723,1
2026-08-16T21:24:19Z,NVIDIA H200 NVL,screen,normal_0_1,dot,lns,lns16_r7,16,8,7,fp64,fused,padded,scalar,1,16,1,1,1,none,split_cubic,fused/padded/scalar/x1/split_cubic,16777216,0,1,67108864,67108864,1024,512,256,3,2,47,4.982367992401123,0.10600782962555581,-2611.5561411894723,1
2026-08-16T21:24:19Z,NVIDIA H200 NVL,screen,normal_0_1,gemv,lns,lns16_r7,16,8,7,fp64,fused,padded,scalar,1,16,1,1,1,none,split_cubic,fused/padded/scalar/x1/split_cubic,16384,1024,1024,33587200,33587200,1024,1024,256,3,0,55,4.9228482246398926,0.08950633135708895,-49.131659135939195,1
2026-08-16T21:24:19Z,NVIDIA H200 NVL,screen,normal_0_1,gemv,lns,lns16_r7,16,8,7,fp64,fused,padded,scalar,1,16,1,1,1,none,split_cubic,fused/padded/scalar/x1/split_cubic,16384,1024,1024,33587200,33587200,1024,1024,256,3,1,55,4.9089279174804688,0.089253234863281253,-49.131659135939195,1
2026-08-16T21:24:19Z,NVIDIA H200 NVL,screen,normal_0_1,gemv,lns,lns16_r7,16,8,7,fp64,fused,padded,scalar,1,16,1,1,1,none,split_cubic,fused/padded/scalar/x1/split_cubic,16384,1024,1024,33587200,33587200,1024,1024,256,3,2,55,4.9107518196105957,0.089286396720192646,-49.131659135939195,1
2026-08-16T21:24:19Z,NVIDIA H200 NVL,screen,normal_0_1,dot,lns,lns16_r7,16,8,7,fp64,fused,padded,thread_packet,2,16,1,1,2,none,split_cubic,fused/padded/thread_packet/x2/split_cubic,16777216,0,1,67108864,67108864,1024,512,256,3,0,48,4.999392032623291,0.1041540006796519,-2611.5561411894751,1
2026-08-16T21:24:19Z,NVIDIA H200 NVL,screen,normal_0_1,dot,lns,lns16_r7,16,8,7,fp64,fused,padded,thread_packet,2,16,1,1,2,none,split_cubic,fused/padded/thread_packet/x2/split_cubic,16777216,0,1,67108864,67108864,1024,512,256,3,1,48,5.017183780670166,0.10452466209729512,-2611.5561411894751,1
2026-08-16T21:24:19Z,NVIDIA H200 NVL,screen,normal_0_1,dot,lns,lns16_r7,16,8,7,fp64,fused,padded,thread_packet,2,16,1,1,2,none,split_cubic,fused/padded/thread_packet/x2/split_cubic,16777216,0,1,67108864,67108864,1024,512,256,3,2,48,5.0067520141601562,0.10430733362833659,-2611.5561411894751,1
2026-08-16T21:24:19Z,NVIDIA H200 NVL,screen,normal_0_1,gemv,lns,lns16_r7,16,8,7,fp64,fused,padded,thread_packet,2,16,1,1,2,none,split_cubic,fused/padded/thread_packet/x2/split_cubic,16384,1024,1024,33587200,33587200,1024,1024,256,3,0,56,4.8770561218261719,0.087090287889753065,-49.131659135939287,1
2026-08-16T21:24:19Z,NVIDIA H200 NVL,screen,normal_0_1,gemv,lns,lns16_r7,16,8,7,fp64,fused,padded,thread_packet,2,16,1,1,2,none,split_cubic,fused/padded/thread_packet/x2/split_cubic,16384,1024,1024,33587200,33587200,1024,1024,256,3,1,56,4.8775038719177246,0.087098283427102227,-49.131659135939287,1
2026-08-16T21:24:19Z,NVIDIA H200 NVL,screen,normal_0_1,gemv,lns,lns16_r7,16,8,7,fp64,fused,padded,thread_packet,2,16,1,1,2,none,split_cubic,fused/padded/thread_packet/x2/split_cubic,16384,1024,1024,33587200,33587200,1024,1024,256,3,2,56,4.8798718452453613,0.087140568665095744,-49.131659135939287,1
2026-08-16T21:24:19Z,NVIDIA H200 NVL,screen,normal_0_1,dot,lns,lns16_r7,16,8,7,fp64,fused,padded,thread_packet,4,16,1,1,4,none,split_cubic,fused/padded/thread_packet/x4/split_cubic,16777216,0,1,67108864,67108864,1024,512,256,3,0,50,4.906559944152832,0.098131198883056645,-2611.5561411894714,1
2026-08-16T21:24:19Z,NVIDIA H200 NVL,screen,normal_0_1,dot,lns,lns16_r7,16,8,7,fp64,fused,padded,thread_packet,4,16,1,1,4,none,split_cubic,fused/padded/thread_packet/x4/split_cubic,16777216,0,1,67108864,67108864,1024,512,256,3,1,50,4.8983039855957031,0.097966079711914067,-2611.5561411894714,1
2026-08-16T21:24:19Z,NVIDIA H200 NVL,screen,normal_0_1,dot,lns,lns16_r7,16,8,7,fp64,fused,padded,thread_packet,4,16,1,1,4,none,split_cubic,fused/padded/thread_packet/x4/split_cubic,16777216,0,1,67108864,67108864,1024,512,256,3,2,50,4.9067201614379883,0.09813440322875977,-2611.5561411894714,1
2026-08-16T21:24:19Z,NVIDIA H200 NVL,screen,normal_0_1,gemv,lns,lns16_r7,16,8,7,fp64,fused,padded,thread_packet,4,16,1,1,4,none,split_cubic,fused/padded/thread_packet/x4/split_cubic,16384,1024,1024,33587200,33587200,1024,1024,256,3,0,59,4.8745918273925781,0.08262020046428098,-49.131659135939238,1
2026-08-16T21:24:19Z,NVIDIA H200 NVL,screen,normal_0_1,gemv,lns,lns16_r7,16,8,7,fp64,fused,padded,thread_packet,4,16,1,1,4,none,split_cubic,fused/padded/thread_packet/x4/split_cubic,16384,1024,1024,33587200,33587200,1024,1024,256,3,1,59,4.8763837814331055,0.082650572566662805,-49.131659135939238,1
2026-08-16T21:24:19Z,NVIDIA H200 NVL,screen,normal_0_1,gemv,lns,lns16_r7,16,8,7,fp64,fused,padded,thread_packet,4,16,1,1,4,none,split_cubic,fused/padded/thread_packet/x4/split_cubic,16384,1024,1024,33587200,33587200,1024,1024,256,3,2,59,4.874335765838623,0.082615860437942765,-49.131659135939238,1
2026-08-16T21:24:19Z,NVIDIA H200 NVL,screen,normal_0_1,dot,lns,lns16_r7,16,8,7,fp64,fused,padded,thread_packet,8,16,1,1,8,none,split_cubic,fused/padded/thread_packet/x8/split_cubic,16777216,0,1,67108864,67108864,1024,512,256,3,0,53,5.0111680030822754,0.094550339680797651,-2611.5561411894732,1
2026-08-16T21:24:19Z,NVIDIA H200 NVL,screen,normal_0_1,dot,lns,lns16_r7,16,8,7,fp64,fused,padded,thread_packet,8,16,1,1,8,none,split_cubic,fused/padded/thread_packet/x8/split_cubic,16777216,0,1,67108864,67108864,1024,512,256,3,1,53,5.021791934967041,0.094750791225793232,-2611.5561411894732,1
2026-08-16T21:24:19Z,NVIDIA H200 NVL,screen,normal_0_1,dot,lns,lns16_r7,16,8,7,fp64,fused,padded,thread_packet,8,16,1,1,8,none,split_cubic,fused/padded/thread_packet/x8/split_cubic,16777216,0,1,67108864,67108864,1024,512,256,3,2,53,5.0106239318847656,0.094540074186505008,-2611.5561411894732,1
2026-08-16T21:24:19Z,NVIDIA H200 NVL,screen,normal_0_1,gemv,lns,lns16_r7,16,8,7,fp64,fused,padded,thread_packet,8,16,1,1,8,none,split_cubic,fused/padded/thread_packet/x8/split_cubic,16384,1024,1024,33587200,33587200,1024,1024,256,3,0,60,4.8655037879943848,0.081091729799906406,-49.131659135939216,1
2026-08-16T21:24:19Z,NVIDIA H200 NVL,screen,normal_0_1,gemv,lns,lns16_r7,16,8,7,fp64,fused,padded,thread_packet,8,16,1,1,8,none,split_cubic,fused/padded/thread_packet/x8/split_cubic,16384,1024,1024,33587200,33587200,1024,1024,256,3,1,60,4.8397121429443359,0.080661869049072271,-49.131659135939216,1
2026-08-16T21:24:19Z,NVIDIA H200 NVL,screen,normal_0_1,gemv,lns,lns16_r7,16,8,7,fp64,fused,padded,thread_packet,8,16,1,1,8,none,split_cubic,fused/padded/thread_packet/x8/split_cubic,16384,1024,1024,33587200,33587200,1024,1024,256,3,2,60,4.8298239707946777,0.0804970661799113,-49.131659135939216,1
2026-08-16T21:24:19Z,NVIDIA H200 NVL,screen,normal_0_1,dot,lns,lns16_r7,16,8,7,fp64,fused,padded,scalar,1,16,1,1,1,none,fused_sum_lut_global,fused/padded/scalar/x1/fused_sum_lut_global,16777216,0,1,67108864,67108864,524288,512,256,3,0,56,4.9544320106506348,0.088472000190189901,-2611.5561411894723,1
2026-08-16T21:24:19Z,NVIDIA H200 NVL,screen,normal_0_1,dot,lns,lns16_r7,16,8,7,fp64,fused,padded,scalar,1,16,1,1,1,none,fused_sum_lut_global,fused/padded/scalar/x1/fused_sum_lut_global,16777216,0,1,67108864,67108864,524288,512,256,3,1,56,4.9554238319396973,0.088489711284637451,-2611.5561411894723,1
2026-08-16T21:24:19Z,NVIDIA H200 NVL,screen,normal_0_1,dot,lns,lns16_r7,16,8,7,fp64,fused,padded,scalar,1,16,1,1,1,none,fused_sum_lut_global,fused/padded/scalar/x1/fused_sum_lut_global,16777216,0,1,67108864,67108864,524288,512,256,3,2,56,4.9455680847167969,0.088313715798514228,-2611.5561411894723,1
2026-08-16T21:24:19Z,NVIDIA H200 NVL,screen,normal_0_1,gemv,lns,lns16_r7,16,8,7,fp64,fused,padded,scalar,1,16,1,1,1,none,fused_sum_lut_global,fused/padded/scalar/x1/fused_sum_lut_global,16384,1024,1024,33587200,33587200,524288,1024,256,3,0,77,4.7600002288818359,0.061818184790673192,-49.131659135939195,1
2026-08-16T21:24:19Z,NVIDIA H200 NVL,screen,normal_0_1,gemv,lns,lns16_r7,16,8,7,fp64,fused,padded,scalar,1,16,1,1,1,none,fused_sum_lut_global,fused/padded/scalar/x1/fused_sum_lut_global,16384,1024,1024,33587200,33587200,524288,1024,256,3,1,77,4.7552962303161621,0.061757093900209899,-49.131659135939195,1
2026-08-16T21:24:19Z,NVIDIA H200 NVL,screen,normal_0_1,gemv,lns,lns16_r7,16,8,7,fp64,fused,padded,scalar,1,16,1,1,1,none,fused_sum_lut_global,fused/padded/scalar/x1/fused_sum_lut_global,16384,1024,1024,33587200,33587200,524288,1024,256,3,2,77,4.7545599937438965,0.061747532386284373,-49.131659135939195,1
2026-08-16T21:24:19Z,NVIDIA H200 NVL,screen,normal_0_1,dot,lns,lns16_r7,16,8,7,fp64,fused,padded,thread_packet,2,16,1,1,2,none,fused_sum_lut_global,fused/padded/thread_packet/x2/fused_sum_lut_global,16777216,0,1,67108864,67108864,524288,512,256,3,0,67,4.9158401489257812,0.073370748491429577,-2611.5561411894751,1
2026-08-16T21:24:19Z,NVIDIA H200 NVL,screen,normal_0_1,dot,lns,lns16_r7,16,8,7,fp64,fused,padded,thread_packet,2,16,1,1,2,none,fused_sum_lut_global,fused/padded/thread_packet/x2/fused_sum_lut_global,16777216,0,1,67108864,67108864,524288,512,256,3,1,67,4.9122881889343262,0.073317734163198894,-2611.5561411894751,1
2026-08-16T21:24:19Z,NVIDIA H200 NVL,screen,normal_0_1,dot,lns,lns16_r7,16,8,7,fp64,fused,padded,thread_packet,2,16,1,1,2,none,fused_sum_lut_global,fused/padded/thread_packet/x2/fused_sum_lut_global,16777216,0,1,67108864,67108864,524288,512,256,3,2,67,4.9108161926269531,0.073295764069059008,-2611.5561411894751,1
2026-08-16T21:24:19Z,NVIDIA H200 NVL,screen,normal_0_1,gemv,lns,lns16_r7,16,8,7,fp64,fused,padded,thread_packet,2,16,1,1,2,none,fused_sum_lut_global,fused/padded/thread_packet/x2/fused_sum_lut_global,16384,1024,1024,33587200,33587200,524288,1024,256,3,0,83,4.8553280830383301,0.058497928711305179,-49.131659135939287,1
2026-08-16T21:24:19Z,NVIDIA H200 NVL,screen,normal_0_1,gemv,lns,lns16_r7,16,8,7,fp64,fused,padded,thread_packet,2,16,1,1,2,none,fused_sum_lut_global,fused/padded/thread_packet/x2/fused_sum_lut_global,16384,1024,1024,33587200,33587200,524288,1024,256,3,1,83,4.8503360748291016,0.05843778403408556,-49.131659135939287,1
2026-08-16T21:24:19Z,NVIDIA H200 NVL,screen,normal_0_1,gemv,lns,lns16_r7,16,8,7,fp64,fused,padded,thread_packet,2,16,1,1,2,none,fused_sum_lut_global,fused/padded/thread_packet/x2/fused_sum_lut_global,16384,1024,1024,33587200,33587200,524288,1024,256,3,2,83,4.8534398078918457,0.058475178408335493,-49.131659135939287,1
2026-08-16T21:24:19Z,NVIDIA H200 NVL,screen,normal_0_1,dot,lns,lns16_r7,16,8,7,fp64,fused,padded,thread_packet,4,16,1,1,4,none,fused_sum_lut_global,fused/padded/thread_packet/x4/fused_sum_lut_global,16777216,0,1,67108864,67108864,524288,512,256,3,0,75,4.9170560836791992,0.065560747782389323,-2611.5561411894714,1
2026-08-16T21:24:19Z,NVIDIA H200 NVL,screen,normal_0_1,dot,lns,lns16_r7,16,8,7,fp64,fused,padded,thread_packet,4,16,1,1,4,none,fused_sum_lut_global,fused/padded/thread_packet/x4/fused_sum_lut_global,16777216,0,1,67108864,67108864,524288,512,256,3,1,75,4.9187841415405273,0.065583788553873701,-2611.5561411894714,1
2026-08-16T21:24:19Z,NVIDIA H200 NVL,screen,normal_0_1,dot,lns,lns16_r7,16,8,7,fp64,fused,padded,thread_packet,4,16,1,1,4,none,fused_sum_lut_global,fused/padded/thread_packet/x4/fused_sum_lut_global,16777216,0,1,67108864,67108864,524288,512,256,3,2,75,4.9321279525756836,0.065761706034342449,-2611.5561411894714,1
2026-08-16T21:24:19Z,NVIDIA H200 NVL,screen,normal_0_1,gemv,lns,lns16_r7,16,8,7,fp64,fused,padded,thread_packet,4,16,1,1,4,none,fused_sum_lut_global,fused/padded/thread_packet/x4/fused_sum_lut_global,16384,1024,1024,33587200,33587200,524288,1024,256,3,0,88,4.7926721572875977,0.054462183605540886,-49.131659135939238,1
2026-08-16T21:24:19Z,NVIDIA H200 NVL,screen,normal_0_1,gemv,lns,lns16_r7,16,8,7,fp64,fused,padded,thread_packet,4,16,1,1,4,none,fused_sum_lut_global,fused/padded/thread_packet/x4/fused_sum_lut_global,16384,1024,1024,33587200,33587200,524288,1024,256,3,1,88,4.7876482009887695,0.054405093193054199,-49.131659135939238,1
2026-08-16T21:24:19Z,NVIDIA H200 NVL,screen,normal_0_1,gemv,lns,lns16_r7,16,8,7,fp64,fused,padded,thread_packet,4,16,1,1,4,none,fused_sum_lut_global,fused/padded/thread_packet/x4/fused_sum_lut_global,16384,1024,1024,33587200,33587200,524288,1024,256,3,2,88,4.7935681343078613,0.054472365162589333,-49.131659135939238,1
2026-08-16T21:24:19Z,NVIDIA H200 NVL,screen,normal_0_1,dot,lns,lns16_r7,16,8,7,fp64,fused,padded,thread_packet,8,16,1,1,8,none,fused_sum_lut_global,fused/padded/thread_packet/x8/fused_sum_lut_global,16777216,0,1,67108864,67108864,524288,512,256,3,0,78,4.9268798828125,0.063165126702724353,-2611.5561411894732,1
2026-08-16T21:24:19Z,NVIDIA H200 NVL,screen,normal_0_1,dot,lns,lns16_r7,16,8,7,fp64,fused,padded,thread_packet,8,16,1,1,8,none,fused_sum_lut_global,fused/padded/thread_packet/x8/fused_sum_lut_global,16777216,0,1,67108864,67108864,524288,512,256,3,1,78,4.9186878204345703,0.063060100261981666,-2611.5561411894732,1
2026-08-16T21:24:19Z,NVIDIA H200 NVL,screen,normal_0_1,dot,lns,lns16_r7,16,8,7,fp64,fused,padded,thread_packet,8,16,1,1,8,none,fused_sum_lut_global,fused/padded/thread_packet/x8/fused_sum_lut_global,16777216,0,1,67108864,67108864,524288,512,256,3,2,78,4.9171838760375977,0.06304081892355895,-2611.5561411894732,1
2026-08-16T21:24:19Z,NVIDIA H200 NVL,screen,normal_0_1,gemv,lns,lns16_r7,16,8,7,fp64,fused,padded,thread_packet,8,16,1,1,8,none,fused_sum_lut_global,fused/padded/thread_packet/x8/fused_sum_lut_global,16384,1024,1024,33587200,33587200,524288,1024,256,3,0,92,4.8362879753112793,0.0525683475577313,-49.131659135939216,1
2026-08-16T21:24:19Z,NVIDIA H200 NVL,screen,normal_0_1,gemv,lns,lns16_r7,16,8,7,fp64,fused,padded,thread_packet,8,16,1,1,8,none,fused_sum_lut_global,fused/padded/thread_packet/x8/fused_sum_lut_global,16384,1024,1024,33587200,33587200,524288,1024,256,3,1,92,4.8390078544616699,0.052597911461539894,-49.131659135939216,1
2026-08-16T21:24:19Z,NVIDIA H200 NVL,screen,normal_0_1,gemv,lns,lns16_r7,16,8,7,fp64,fused,padded,thread_packet,8,16,1,1,8,none,fused_sum_lut_global,fused/padded/thread_packet/x8/fused_sum_lut_global,16384,1024,1024,33587200,33587200,524288,1024,256,3,2,92,4.8367037773132324,0.052572867144709046,-49.131659135939216,1
