timestamp,gpu,mode,distribution,kernel,number_family,format,bits,log_integer_bits,log_fraction_bits,arithmetic_type,multiply_method,storage_layout,access_method,packet_values,load_word_bits,loader_threads,consumer_threads,values_per_consumer,redistribution,decoder,strategy_id,N,M,rows,logical_input_bytes,physical_input_bytes,table_bytes,blocks,threads,warmup,sample,iterations,total_ms,mean_ms,result,valid
2026-08-16T21:22:33Z,NVIDIA H200 NVL,smoke,uniform_0_1,dot,lns,lns16_r10,16,5,10,fp32,ordinary,padded,scalar,1,16,1,1,1,none,reference_exp2,ordinary/padded/scalar/x1/reference_exp2,4096,0,1,16384,16384,0,16,256,1,0,1,0.007296,0.007296,1023.3905029296875,1
2026-08-16T21:22:33Z,NVIDIA H200 NVL,smoke,uniform_0_1,gemv,lns,lns16_r10,16,5,10,fp32,ordinary,padded,scalar,1,16,1,1,1,none,reference_exp2,ordinary/padded/scalar/x1/reference_exp2,256,32,32,16896,16896,0,32,256,1,0,1,0.0047360002063214779,0.0047360002063214779,66.773880004882812,1
2026-08-16T21:22:33Z,NVIDIA H200 NVL,smoke,uniform_0_1,dot,lns,lns16_r10,16,5,10,fp32,fused,padded,scalar,1,16,1,1,1,none,reference_exp2,fused/padded/scalar/x1/reference_exp2,4096,0,1,16384,16384,0,16,256,1,0,1,0.0069120000116527081,0.0069120000116527081,1023.390625,1
2026-08-16T21:22:33Z,NVIDIA H200 NVL,smoke,uniform_0_1,gemv,lns,lns16_r10,16,5,10,fp32,fused,padded,scalar,1,16,1,1,1,none,reference_exp2,fused/padded/scalar/x1/reference_exp2,256,32,32,16896,16896,0,32,256,1,0,1,0.0048960000276565552,0.0048960000276565552,66.773880004882812,1
2026-08-16T21:22:33Z,NVIDIA H200 NVL,smoke,uniform_0_1,dot,lns,lns16_r10,16,5,10,fp32,ordinary,padded,scalar,1,16,1,1,1,none,ex2_approx,ordinary/padded/scalar/x1/ex2_approx,4096,0,1,16384,16384,0,16,256,1,0,1,0.0069760000333189964,0.0069760000333189964,1023.3905029296875,1
2026-08-16T21:22:33Z,NVIDIA H200 NVL,smoke,uniform_0_1,gemv,lns,lns16_r10,16,5,10,fp32,ordinary,padded,scalar,1,16,1,1,1,none,ex2_approx,ordinary/padded/scalar/x1/ex2_approx,256,32,32,16896,16896,0,32,256,1,0,1,0.0048960000276565552,0.0048960000276565552,66.773880004882812,1
2026-08-16T21:22:33Z,NVIDIA H200 NVL,smoke,uniform_0_1,dot,lns,lns16_r10,16,5,10,fp32,ordinary,padded,thread_packet,2,16,1,1,2,none,ex2_approx,ordinary/padded/thread_packet/x2/ex2_approx,4096,0,1,16384,16384,0,8,256,1,0,1,0.0071999998763203621,0.0071999998763203621,1023.3905639648438,1
2026-08-16T21:22:33Z,NVIDIA H200 NVL,smoke,uniform_0_1,gemv,lns,lns16_r10,16,5,10,fp32,ordinary,padded,thread_packet,2,16,1,1,2,none,ex2_approx,ordinary/padded/thread_packet/x2/ex2_approx,256,32,32,16896,16896,0,32,256,1,0,1,0.0050880000926554203,0.0050880000926554203,66.773880004882812,1
2026-08-16T21:22:33Z,NVIDIA H200 NVL,smoke,uniform_0_1,dot,lns,lns16_r10,16,5,10,fp32,ordinary,padded,thread_packet,4,16,1,1,4,none,ex2_approx,ordinary/padded/thread_packet/x4/ex2_approx,4096,0,1,16384,16384,0,4,256,1,0,1,0.0074880002066493034,0.0074880002066493034,1023.3905029296875,1
2026-08-16T21:22:33Z,NVIDIA H200 NVL,smoke,uniform_0_1,gemv,lns,lns16_r10,16,5,10,fp32,ordinary,padded,thread_packet,4,16,1,1,4,none,ex2_approx,ordinary/padded/thread_packet/x4/ex2_approx,256,32,32,16896,16896,0,32,256,1,0,1,0.0053759999573230743,0.0053759999573230743,66.773880004882812,1
2026-08-16T21:22:33Z,NVIDIA H200 NVL,smoke,uniform_0_1,dot,lns,lns16_r10,16,5,10,fp32,ordinary,padded,thread_packet,8,16,1,1,8,none,ex2_approx,ordinary/padded/thread_packet/x8/ex2_approx,4096,0,1,16384,16384,0,2,256,1,0,1,0.0085119996219873428,0.0085119996219873428,1023.390625,1
2026-08-16T21:22:33Z,NVIDIA H200 NVL,smoke,uniform_0_1,gemv,lns,lns16_r10,16,5,10,fp32,ordinary,padded,thread_packet,8,16,1,1,8,none,ex2_approx,ordinary/padded/thread_packet/x8/ex2_approx,256,32,32,16896,16896,0,32,256,1,0,1,0.006111999973654747,0.006111999973654747,66.773880004882812,1
2026-08-16T21:22:33Z,NVIDIA H200 NVL,smoke,uniform_0_1,dot,lns,lns16_r10,16,5,10,fp32,fused,padded,scalar,1,16,1,1,1,none,ex2_approx,fused/padded/scalar/x1/ex2_approx,4096,0,1,16384,16384,0,16,256,1,0,1,0.0071040000766515732,0.0071040000766515732,1023.390625,1
2026-08-16T21:22:33Z,NVIDIA H200 NVL,smoke,uniform_0_1,gemv,lns,lns16_r10,16,5,10,fp32,fused,padded,scalar,1,16,1,1,1,none,ex2_approx,fused/padded/scalar/x1/ex2_approx,256,32,32,16896,16896,0,32,256,1,0,1,0.0050880000926554203,0.0050880000926554203,66.773880004882812,1
2026-08-16T21:22:33Z,NVIDIA H200 NVL,smoke,uniform_0_1,dot,lns,lns16_r10,16,5,10,fp32,fused,padded,thread_packet,2,16,1,1,2,none,ex2_approx,fused/padded/thread_packet/x2/ex2_approx,4096,0,1,16384,16384,0,8,256,1,0,1,0.0071999998763203621,0.0071999998763203621,1023.390625,1
2026-08-16T21:22:33Z,NVIDIA H200 NVL,smoke,uniform_0_1,gemv,lns,lns16_r10,16,5,10,fp32,fused,padded,thread_packet,2,16,1,1,2,none,ex2_approx,fused/padded/thread_packet/x2/ex2_approx,256,32,32,16896,16896,0,32,256,1,0,1,0.0052800001576542854,0.0052800001576542854,66.773887634277344,1
2026-08-16T21:22:33Z,NVIDIA H200 NVL,smoke,uniform_0_1,dot,lns,lns16_r10,16,5,10,fp32,fused,padded,thread_packet,4,16,1,1,4,none,ex2_approx,fused/padded/thread_packet/x4/ex2_approx,4096,0,1,16384,16384,0,4,256,1,0,1,0.007519999984651804,0.007519999984651804,1023.390625,1
2026-08-16T21:22:33Z,NVIDIA H200 NVL,smoke,uniform_0_1,gemv,lns,lns16_r10,16,5,10,fp32,fused,padded,thread_packet,4,16,1,1,4,none,ex2_approx,fused/padded/thread_packet/x4/ex2_approx,256,32,32,16896,16896,0,32,256,1,0,1,0.0053440001793205738,0.0053440001793205738,66.773880004882812,1
2026-08-16T21:22:33Z,NVIDIA H200 NVL,smoke,uniform_0_1,dot,lns,lns16_r10,16,5,10,fp32,fused,padded,thread_packet,8,16,1,1,8,none,ex2_approx,fused/padded/thread_packet/x8/ex2_approx,4096,0,1,16384,16384,0,2,256,1,0,1,0.0088640004396438599,0.0088640004396438599,1023.390625,1
2026-08-16T21:22:33Z,NVIDIA H200 NVL,smoke,uniform_0_1,gemv,lns,lns16_r10,16,5,10,fp32,fused,padded,thread_packet,8,16,1,1,8,none,ex2_approx,fused/padded/thread_packet/x8/ex2_approx,256,32,32,16896,16896,0,32,256,1,0,1,0.0061440002173185349,0.0061440002173185349,66.773880004882812,1
2026-08-16T21:22:33Z,NVIDIA H200 NVL,smoke,uniform_0_1,dot,lns,lns16_r10,16,5,10,fp32,ordinary,padded,scalar,1,16,1,1,1,none,fraction_lut_global,ordinary/padded/scalar/x1/fraction_lut_global,4096,0,1,16384,16384,4096,16,256,1,0,1,0.0074240001849830151,0.0074240001849830151,1023.3906860351562,1
2026-08-16T21:22:33Z,NVIDIA H200 NVL,smoke,uniform_0_1,gemv,lns,lns16_r10,16,5,10,fp32,ordinary,padded,scalar,1,16,1,1,1,none,fraction_lut_global,ordinary/padded/scalar/x1/fraction_lut_global,256,32,32,16896,16896,4096,32,256,1,0,1,0.0054399999789893627,0.0054399999789893627,66.773895263671875,1
2026-08-16T21:22:33Z,NVIDIA H200 NVL,smoke,uniform_0_1,dot,lns,lns16_r10,16,5,10,fp32,ordinary,padded,thread_packet,2,16,1,1,2,none,fraction_lut_global,ordinary/padded/thread_packet/x2/fraction_lut_global,4096,0,1,16384,16384,4096,8,256,1,0,1,0.0075840000063180923,0.0075840000063180923,1023.390625,1
2026-08-16T21:22:33Z,NVIDIA H200 NVL,smoke,uniform_0_1,gemv,lns,lns16_r10,16,5,10,fp32,ordinary,padded,thread_packet,2,16,1,1,2,none,fraction_lut_global,ordinary/padded/thread_packet/x2/fraction_lut_global,256,32,32,16896,16896,4096,32,256,1,0,1,0.0063359998166561127,0.0063359998166561127,66.773887634277344,1
2026-08-16T21:22:33Z,NVIDIA H200 NVL,smoke,uniform_0_1,dot,lns,lns16_r10,16,5,10,fp32,ordinary,padded,thread_packet,4,16,1,1,4,none,fraction_lut_global,ordinary/padded/thread_packet/x4/fraction_lut_global,4096,0,1,16384,16384,4096,4,256,1,0,1,0.0084480000659823418,0.0084480000659823418,1023.3906860351562,1
2026-08-16T21:22:33Z,NVIDIA H200 NVL,smoke,uniform_0_1,gemv,lns,lns16_r10,16,5,10,fp32,ordinary,padded,thread_packet,4,16,1,1,4,none,fraction_lut_global,ordinary/padded/thread_packet/x4/fraction_lut_global,256,32,32,16896,16896,4096,32,256,1,0,1,0.0076159997843205929,0.0076159997843205929,66.773895263671875,1
2026-08-16T21:22:33Z,NVIDIA H200 NVL,smoke,uniform_0_1,dot,lns,lns16_r10,16,5,10,fp32,ordinary,padded,thread_packet,8,16,1,1,8,none,fraction_lut_global,ordinary/padded/thread_packet/x8/fraction_lut_global,4096,0,1,16384,16384,4096,2,256,1,0,1,0.010143999941647053,0.010143999941647053,1023.390625,1
2026-08-16T21:22:33Z,NVIDIA H200 NVL,smoke,uniform_0_1,gemv,lns,lns16_r10,16,5,10,fp32,ordinary,padded,thread_packet,8,16,1,1,8,none,fraction_lut_global,ordinary/padded/thread_packet/x8/fraction_lut_global,256,32,32,16896,16896,4096,32,256,1,0,1,0.0096000004559755325,0.0096000004559755325,66.773887634277344,1
2026-08-16T21:22:33Z,NVIDIA H200 NVL,smoke,uniform_0_1,dot,lns,lns16_r10,16,5,10,fp32,fused,padded,scalar,1,16,1,1,1,none,fraction_lut_global,fused/padded/scalar/x1/fraction_lut_global,4096,0,1,16384,16384,4096,16,256,1,0,1,0.0072960001416504383,0.0072960001416504383,1023.3906860351562,1
2026-08-16T21:22:33Z,NVIDIA H200 NVL,smoke,uniform_0_1,gemv,lns,lns16_r10,16,5,10,fp32,fused,padded,scalar,1,16,1,1,1,none,fraction_lut_global,fused/padded/scalar/x1/fraction_lut_global,256,32,32,16896,16896,4096,32,256,1,0,1,0.0050880000926554203,0.0050880000926554203,66.773887634277344,1
2026-08-16T21:22:33Z,NVIDIA H200 NVL,smoke,uniform_0_1,dot,lns,lns16_r10,16,5,10,fp32,fused,padded,thread_packet,2,16,1,1,2,none,fraction_lut_global,fused/padded/thread_packet/x2/fraction_lut_global,4096,0,1,16384,16384,4096,8,256,1,0,1,0.0077120000496506691,0.0077120000496506691,1023.390625,1
2026-08-16T21:22:33Z,NVIDIA H200 NVL,smoke,uniform_0_1,gemv,lns,lns16_r10,16,5,10,fp32,fused,padded,thread_packet,2,16,1,1,2,none,fraction_lut_global,fused/padded/thread_packet/x2/fraction_lut_global,256,32,32,16896,16896,4096,32,256,1,0,1,0.0055680000223219395,0.0055680000223219395,66.773887634277344,1
2026-08-16T21:22:33Z,NVIDIA H200 NVL,smoke,uniform_0_1,dot,lns,lns16_r10,16,5,10,fp32,fused,padded,thread_packet,4,16,1,1,4,none,fraction_lut_global,fused/padded/thread_packet/x4/fraction_lut_global,4096,0,1,16384,16384,4096,4,256,1,0,1,0.0085439998656511307,0.0085439998656511307,1023.3906860351562,1
2026-08-16T21:22:33Z,NVIDIA H200 NVL,smoke,uniform_0_1,gemv,lns,lns16_r10,16,5,10,fp32,fused,padded,thread_packet,4,16,1,1,4,none,fraction_lut_global,fused/padded/thread_packet/x4/fraction_lut_global,256,32,32,16896,16896,4096,32,256,1,0,1,0.0060800001956522465,0.0060800001956522465,66.773895263671875,1
2026-08-16T21:22:33Z,NVIDIA H200 NVL,smoke,uniform_0_1,dot,lns,lns16_r10,16,5,10,fp32,fused,padded,thread_packet,8,16,1,1,8,none,fraction_lut_global,fused/padded/thread_packet/x8/fraction_lut_global,4096,0,1,16384,16384,4096,2,256,1,0,1,0.0090560000389814377,0.0090560000389814377,1023.390625,1
2026-08-16T21:22:33Z,NVIDIA H200 NVL,smoke,uniform_0_1,gemv,lns,lns16_r10,16,5,10,fp32,fused,padded,thread_packet,8,16,1,1,8,none,fraction_lut_global,fused/padded/thread_packet/x8/fraction_lut_global,256,32,32,16896,16896,4096,32,256,1,0,1,0.0079680001363158226,0.0079680001363158226,66.773887634277344,1
2026-08-16T21:22:33Z,NVIDIA H200 NVL,smoke,uniform_0_1,dot,lns,lns16_r10,16,5,10,fp32,ordinary,padded,scalar,1,16,1,1,1,none,fraction_lut_shared,ordinary/padded/scalar/x1/fraction_lut_shared,4096,0,1,16384,16384,4096,16,256,1,0,1,0.0080000003799796104,0.0080000003799796104,1023.3906860351562,1
2026-08-16T21:22:33Z,NVIDIA H200 NVL,smoke,uniform_0_1,gemv,lns,lns16_r10,16,5,10,fp32,ordinary,padded,scalar,1,16,1,1,1,none,fraction_lut_shared,ordinary/padded/scalar/x1/fraction_lut_shared,256,32,32,16896,16896,4096,32,256,1,0,1,0.0057279998436570168,0.0057279998436570168,66.773895263671875,1
2026-08-16T21:22:33Z,NVIDIA H200 NVL,smoke,uniform_0_1,dot,lns,lns16_r10,16,5,10,fp32,ordinary,padded,thread_packet,2,16,1,1,2,none,fraction_lut_shared,ordinary/padded/thread_packet/x2/fraction_lut_shared,4096,0,1,16384,16384,4096,8,256,1,0,1,0.0084480000659823418,0.0084480000659823418,1023.390625,1
2026-08-16T21:22:33Z,NVIDIA H200 NVL,smoke,uniform_0_1,gemv,lns,lns16_r10,16,5,10,fp32,ordinary,padded,thread_packet,2,16,1,1,2,none,fraction_lut_shared,ordinary/padded/thread_packet/x2/fraction_lut_shared,256,32,32,16896,16896,4096,32,256,1,0,1,0.0060479999519884586,0.0060479999519884586,66.773887634277344,1
2026-08-16T21:22:33Z,NVIDIA H200 NVL,smoke,uniform_0_1,dot,lns,lns16_r10,16,5,10,fp32,ordinary,padded,thread_packet,4,16,1,1,4,none,fraction_lut_shared,ordinary/padded/thread_packet/x4/fraction_lut_shared,4096,0,1,16384,16384,4096,4,256,1,0,1,0.0091519998386502266,0.0091519998386502266,1023.3906860351562,1
2026-08-16T21:22:33Z,NVIDIA H200 NVL,smoke,uniform_0_1,gemv,lns,lns16_r10,16,5,10,fp32,ordinary,padded,thread_packet,4,16,1,1,4,none,fraction_lut_shared,ordinary/padded/thread_packet/x4/fraction_lut_shared,256,32,32,16896,16896,4096,32,256,1,0,1,0.0070400000549852848,0.0070400000549852848,66.773895263671875,1
2026-08-16T21:22:33Z,NVIDIA H200 NVL,smoke,uniform_0_1,dot,lns,lns16_r10,16,5,10,fp32,ordinary,padded,thread_packet,8,16,1,1,8,none,fraction_lut_shared,ordinary/padded/thread_packet/x8/fraction_lut_shared,4096,0,1,16384,16384,4096,2,256,1,0,1,0.010111999697983265,0.010111999697983265,1023.390625,1
2026-08-16T21:22:33Z,NVIDIA H200 NVL,smoke,uniform_0_1,gemv,lns,lns16_r10,16,5,10,fp32,ordinary,padded,thread_packet,8,16,1,1,8,none,fraction_lut_shared,ordinary/padded/thread_packet/x8/fraction_lut_shared,256,32,32,16896,16896,4096,32,256,1,0,1,0.0079359998926520348,0.0079359998926520348,66.773887634277344,1
2026-08-16T21:22:33Z,NVIDIA H200 NVL,smoke,uniform_0_1,dot,lns,lns16_r10,16,5,10,fp32,fused,padded,scalar,1,16,1,1,1,none,fraction_lut_shared,fused/padded/scalar/x1/fraction_lut_shared,4096,0,1,16384,16384,4096,16,256,1,0,1,0.0080000003799796104,0.0080000003799796104,1023.3906860351562,1
2026-08-16T21:22:33Z,NVIDIA H200 NVL,smoke,uniform_0_1,gemv,lns,lns16_r10,16,5,10,fp32,fused,padded,scalar,1,16,1,1,1,none,fraction_lut_shared,fused/padded/scalar/x1/fraction_lut_shared,256,32,32,16896,16896,4096,32,256,1,0,1,0.0056320000439882278,0.0056320000439882278,66.773887634277344,1
2026-08-16T21:22:33Z,NVIDIA H200 NVL,smoke,uniform_0_1,dot,lns,lns16_r10,16,5,10,fp32,fused,padded,thread_packet,2,16,1,1,2,none,fraction_lut_shared,fused/padded/thread_packet/x2/fraction_lut_shared,4096,0,1,16384,16384,4096,8,256,1,0,1,0.0081919999793171883,0.0081919999793171883,1023.390625,1
2026-08-16T21:22:33Z,NVIDIA H200 NVL,smoke,uniform_0_1,gemv,lns,lns16_r10,16,5,10,fp32,fused,padded,thread_packet,2,16,1,1,2,none,fraction_lut_shared,fused/padded/thread_packet/x2/fraction_lut_shared,256,32,32,16896,16896,4096,32,256,1,0,1,0.0061440002173185349,0.0061440002173185349,66.773887634277344,1
2026-08-16T21:22:33Z,NVIDIA H200 NVL,smoke,uniform_0_1,dot,lns,lns16_r10,16,5,10,fp32,fused,padded,thread_packet,4,16,1,1,4,none,fraction_lut_shared,fused/padded/thread_packet/x4/fraction_lut_shared,4096,0,1,16384,16384,4096,4,256,1,0,1,0.0086399996653199196,0.0086399996653199196,1023.3906860351562,1
2026-08-16T21:22:33Z,NVIDIA H200 NVL,smoke,uniform_0_1,gemv,lns,lns16_r10,16,5,10,fp32,fused,padded,thread_packet,4,16,1,1,4,none,fraction_lut_shared,fused/padded/thread_packet/x4/fraction_lut_shared,256,32,32,16896,16896,4096,32,256,1,0,1,0.0063040000386536121,0.0063040000386536121,66.773895263671875,1
2026-08-16T21:22:33Z,NVIDIA H200 NVL,smoke,uniform_0_1,dot,lns,lns16_r10,16,5,10,fp32,fused,padded,thread_packet,8,16,1,1,8,none,fraction_lut_shared,fused/padded/thread_packet/x8/fraction_lut_shared,4096,0,1,16384,16384,4096,2,256,1,0,1,0.0095359999686479568,0.0095359999686479568,1023.390625,1
2026-08-16T21:22:33Z,NVIDIA H200 NVL,smoke,uniform_0_1,gemv,lns,lns16_r10,16,5,10,fp32,fused,padded,thread_packet,8,16,1,1,8,none,fraction_lut_shared,fused/padded/thread_packet/x8/fraction_lut_shared,256,32,32,16896,16896,4096,32,256,1,0,1,0.0069760000333189964,0.0069760000333189964,66.773887634277344,1
2026-08-16T21:22:33Z,NVIDIA H200 NVL,smoke,uniform_0_1,dot,lns,lns16_r10,16,5,10,fp32,ordinary,padded,scalar,1,16,1,1,1,none,split_linear,ordinary/padded/scalar/x1/split_linear,4096,0,1,16384,16384,1024,16,256,1,0,1,0.0073919999413192272,0.0073919999413192272,1023.3890380859375,1
2026-08-16T21:22:33Z,NVIDIA H200 NVL,smoke,uniform_0_1,gemv,lns,lns16_r10,16,5,10,fp32,ordinary,padded,scalar,1,16,1,1,1,none,split_linear,ordinary/padded/scalar/x1/split_linear,256,32,32,16896,16896,1024,32,256,1,0,1,0.0055040000006556511,0.0055040000006556511,66.773788452148438,1
2026-08-16T21:22:33Z,NVIDIA H200 NVL,smoke,uniform_0_1,dot,lns,lns16_r10,16,5,10,fp32,ordinary,padded,thread_packet,2,16,1,1,2,none,split_linear,ordinary/padded/thread_packet/x2/split_linear,4096,0,1,16384,16384,1024,8,256,1,0,1,0.0075840000063180923,0.0075840000063180923,1023.3890380859375,1
2026-08-16T21:22:33Z,NVIDIA H200 NVL,smoke,uniform_0_1,gemv,lns,lns16_r10,16,5,10,fp32,ordinary,padded,thread_packet,2,16,1,1,2,none,split_linear,ordinary/padded/thread_packet/x2/split_linear,256,32,32,16896,16896,1024,32,256,1,0,1,0.0057279998436570168,0.0057279998436570168,66.773788452148438,1
2026-08-16T21:22:33Z,NVIDIA H200 NVL,smoke,uniform_0_1,dot,lns,lns16_r10,16,5,10,fp32,ordinary,padded,thread_packet,4,16,1,1,4,none,split_linear,ordinary/padded/thread_packet/x4/split_linear,4096,0,1,16384,16384,1024,4,256,1,0,1,0.0080639999359846115,0.0080639999359846115,1023.3890380859375,1
2026-08-16T21:22:33Z,NVIDIA H200 NVL,smoke,uniform_0_1,gemv,lns,lns16_r10,16,5,10,fp32,ordinary,padded,thread_packet,4,16,1,1,4,none,split_linear,ordinary/padded/thread_packet/x4/split_linear,256,32,32,16896,16896,1024,32,256,1,0,1,0.0065279998816549778,0.0065279998816549778,66.773788452148438,1
2026-08-16T21:22:33Z,NVIDIA H200 NVL,smoke,uniform_0_1,dot,lns,lns16_r10,16,5,10,fp32,ordinary,padded,thread_packet,8,16,1,1,8,none,split_linear,ordinary/padded/thread_packet/x8/split_linear,4096,0,1,16384,16384,1024,2,256,1,0,1,0.0096960002556443214,0.0096960002556443214,1023.3890380859375,1
2026-08-16T21:22:33Z,NVIDIA H200 NVL,smoke,uniform_0_1,gemv,lns,lns16_r10,16,5,10,fp32,ordinary,padded,thread_packet,8,16,1,1,8,none,split_linear,ordinary/padded/thread_packet/x8/split_linear,256,32,32,16896,16896,1024,32,256,1,0,1,0.0081599997356534004,0.0081599997356534004,66.773788452148438,1
2026-08-16T21:22:33Z,NVIDIA H200 NVL,smoke,uniform_0_1,dot,lns,lns16_r10,16,5,10,fp32,fused,padded,scalar,1,16,1,1,1,none,split_linear,fused/padded/scalar/x1/split_linear,4096,0,1,16384,16384,1024,16,256,1,0,1,0.0071680000983178616,0.0071680000983178616,1023.3898315429688,1
2026-08-16T21:22:33Z,NVIDIA H200 NVL,smoke,uniform_0_1,gemv,lns,lns16_r10,16,5,10,fp32,fused,padded,scalar,1,16,1,1,1,none,split_linear,fused/padded/scalar/x1/split_linear,256,32,32,16896,16896,1024,32,256,1,0,1,0.0048320000059902668,0.0048320000059902668,66.773834228515625,1
2026-08-16T21:22:33Z,NVIDIA H200 NVL,smoke,uniform_0_1,dot,lns,lns16_r10,16,5,10,fp32,fused,padded,thread_packet,2,16,1,1,2,none,split_linear,fused/padded/thread_packet/x2/split_linear,4096,0,1,16384,16384,1024,8,256,1,0,1,0.0075840000063180923,0.0075840000063180923,1023.389892578125,1
2026-08-16T21:22:33Z,NVIDIA H200 NVL,smoke,uniform_0_1,gemv,lns,lns16_r10,16,5,10,fp32,fused,padded,thread_packet,2,16,1,1,2,none,split_linear,fused/padded/thread_packet/x2/split_linear,256,32,32,16896,16896,1024,32,256,1,0,1,0.0053440001793205738,0.0053440001793205738,66.773834228515625,1
2026-08-16T21:22:33Z,NVIDIA H200 NVL,smoke,uniform_0_1,dot,lns,lns16_r10,16,5,10,fp32,fused,padded,thread_packet,4,16,1,1,4,none,split_linear,fused/padded/thread_packet/x4/split_linear,4096,0,1,16384,16384,1024,4,256,1,0,1,0.0079039996489882469,0.0079039996489882469,1023.389892578125,1
2026-08-16T21:22:33Z,NVIDIA H200 NVL,smoke,uniform_0_1,gemv,lns,lns16_r10,16,5,10,fp32,fused,padded,thread_packet,4,16,1,1,4,none,split_linear,fused/padded/thread_packet/x4/split_linear,256,32,32,16896,16896,1024,32,256,1,0,1,0.006111999973654747,0.006111999973654747,66.773826599121094,1
2026-08-16T21:22:33Z,NVIDIA H200 NVL,smoke,uniform_0_1,dot,lns,lns16_r10,16,5,10,fp32,fused,padded,thread_packet,8,16,1,1,8,none,split_linear,fused/padded/thread_packet/x8/split_linear,4096,0,1,16384,16384,1024,2,256,1,0,1,0.0086719999089837074,0.0086719999089837074,1023.389892578125,1
2026-08-16T21:22:33Z,NVIDIA H200 NVL,smoke,uniform_0_1,gemv,lns,lns16_r10,16,5,10,fp32,fused,padded,thread_packet,8,16,1,1,8,none,split_linear,fused/padded/thread_packet/x8/split_linear,256,32,32,16896,16896,1024,32,256,1,0,1,0.0072320001199841499,0.0072320001199841499,66.773834228515625,1
2026-08-16T21:22:33Z,NVIDIA H200 NVL,smoke,uniform_0_1,dot,lns,lns16_r10,16,5,10,fp32,ordinary,padded,scalar,1,16,1,1,1,none,split_quadratic,ordinary/padded/scalar/x1/split_quadratic,4096,0,1,16384,16384,1024,16,256,1,0,1,0.0071999998763203621,0.0071999998763203621,1023.3906860351562,1
2026-08-16T21:22:33Z,NVIDIA H200 NVL,smoke,uniform_0_1,gemv,lns,lns16_r10,16,5,10,fp32,ordinary,padded,scalar,1,16,1,1,1,none,split_quadratic,ordinary/padded/scalar/x1/split_quadratic,256,32,32,16896,16896,1024,32,256,1,0,1,0.0056320000439882278,0.0056320000439882278,66.773895263671875,1
2026-08-16T21:22:33Z,NVIDIA H200 NVL,smoke,uniform_0_1,dot,lns,lns16_r10,16,5,10,fp32,ordinary,padded,thread_packet,2,16,1,1,2,none,split_quadratic,ordinary/padded/thread_packet/x2/split_quadratic,4096,0,1,16384,16384,1024,8,256,1,0,1,0.0079039996489882469,0.0079039996489882469,1023.3907470703125,1
2026-08-16T21:22:33Z,NVIDIA H200 NVL,smoke,uniform_0_1,gemv,lns,lns16_r10,16,5,10,fp32,ordinary,padded,thread_packet,2,16,1,1,2,none,split_quadratic,ordinary/padded/thread_packet/x2/split_quadratic,256,32,32,16896,16896,1024,32,256,1,0,1,0.005824000108987093,0.005824000108987093,66.773895263671875,1
2026-08-16T21:22:33Z,NVIDIA H200 NVL,smoke,uniform_0_1,dot,lns,lns16_r10,16,5,10,fp32,ordinary,padded,thread_packet,4,16,1,1,4,none,split_quadratic,ordinary/padded/thread_packet/x4/split_quadratic,4096,0,1,16384,16384,1024,4,256,1,0,1,0.0082240002229809761,0.0082240002229809761,1023.3907470703125,1
2026-08-16T21:22:33Z,NVIDIA H200 NVL,smoke,uniform_0_1,gemv,lns,lns16_r10,16,5,10,fp32,ordinary,padded,thread_packet,4,16,1,1,4,none,split_quadratic,ordinary/padded/thread_packet/x4/split_quadratic,256,32,32,16896,16896,1024,32,256,1,0,1,0.0065279998816549778,0.0065279998816549778,66.773895263671875,1
2026-08-16T21:22:33Z,NVIDIA H200 NVL,smoke,uniform_0_1,dot,lns,lns16_r10,16,5,10,fp32,ordinary,padded,thread_packet,8,16,1,1,8,none,split_quadratic,ordinary/padded/thread_packet/x8/split_quadratic,4096,0,1,16384,16384,1024,2,256,1,0,1,0.0099200000986456871,0.0099200000986456871,1023.3907470703125,1
2026-08-16T21:22:33Z,NVIDIA H200 NVL,smoke,uniform_0_1,gemv,lns,lns16_r10,16,5,10,fp32,ordinary,padded,thread_packet,8,16,1,1,8,none,split_quadratic,ordinary/padded/thread_packet/x8/split_quadratic,256,32,32,16896,16896,1024,32,256,1,0,1,0.0082559995353221893,0.0082559995353221893,66.773895263671875,1
2026-08-16T21:22:33Z,NVIDIA H200 NVL,smoke,uniform_0_1,dot,lns,lns16_r10,16,5,10,fp32,fused,padded,scalar,1,16,1,1,1,none,split_quadratic,fused/padded/scalar/x1/split_quadratic,4096,0,1,16384,16384,1024,16,256,1,0,1,0.0070400000549852848,0.0070400000549852848,1023.3907470703125,1
2026-08-16T21:22:33Z,NVIDIA H200 NVL,smoke,uniform_0_1,gemv,lns,lns16_r10,16,5,10,fp32,fused,padded,scalar,1,16,1,1,1,none,split_quadratic,fused/padded/scalar/x1/split_quadratic,256,32,32,16896,16896,1024,32,256,1,0,1,0.0051199998706579208,0.0051199998706579208,66.773895263671875,1
2026-08-16T21:22:33Z,NVIDIA H200 NVL,smoke,uniform_0_1,dot,lns,lns16_r10,16,5,10,fp32,fused,padded,thread_packet,2,16,1,1,2,none,split_quadratic,fused/padded/thread_packet/x2/split_quadratic,4096,0,1,16384,16384,1024,8,256,1,0,1,0.0076480000279843807,0.0076480000279843807,1023.3907470703125,1
2026-08-16T21:22:33Z,NVIDIA H200 NVL,smoke,uniform_0_1,gemv,lns,lns16_r10,16,5,10,fp32,fused,padded,thread_packet,2,16,1,1,2,none,split_quadratic,fused/padded/thread_packet/x2/split_quadratic,256,32,32,16896,16896,1024,32,256,1,0,1,0.0054399999789893627,0.0054399999789893627,66.773887634277344,1
2026-08-16T21:22:33Z,NVIDIA H200 NVL,smoke,uniform_0_1,dot,lns,lns16_r10,16,5,10,fp32,fused,padded,thread_packet,4,16,1,1,4,none,split_quadratic,fused/padded/thread_packet/x4/split_quadratic,4096,0,1,16384,16384,1024,4,256,1,0,1,0.0079680001363158226,0.0079680001363158226,1023.3907470703125,1
2026-08-16T21:22:33Z,NVIDIA H200 NVL,smoke,uniform_0_1,gemv,lns,lns16_r10,16,5,10,fp32,fused,padded,thread_packet,4,16,1,1,4,none,split_quadratic,fused/padded/thread_packet/x4/split_quadratic,256,32,32,16896,16896,1024,32,256,1,0,1,0.0060479999519884586,0.0060479999519884586,66.773895263671875,1
2026-08-16T21:22:33Z,NVIDIA H200 NVL,smoke,uniform_0_1,dot,lns,lns16_r10,16,5,10,fp32,fused,padded,thread_packet,8,16,1,1,8,none,split_quadratic,fused/padded/thread_packet/x8/split_quadratic,4096,0,1,16384,16384,1024,2,256,1,0,1,0.008832000195980072,0.008832000195980072,1023.3907470703125,1
2026-08-16T21:22:33Z,NVIDIA H200 NVL,smoke,uniform_0_1,gemv,lns,lns16_r10,16,5,10,fp32,fused,padded,thread_packet,8,16,1,1,8,none,split_quadratic,fused/padded/thread_packet/x8/split_quadratic,256,32,32,16896,16896,1024,32,256,1,0,1,0.007519999984651804,0.007519999984651804,66.773895263671875,1
2026-08-16T21:22:33Z,NVIDIA H200 NVL,smoke,uniform_0_1,dot,lns,lns16_r10,16,5,10,fp32,ordinary,padded,scalar,1,16,1,1,1,none,split_cubic,ordinary/padded/scalar/x1/split_cubic,4096,0,1,16384,16384,1024,16,256,1,0,1,0.0072960001416504383,0.0072960001416504383,1023.3906860351562,1
2026-08-16T21:22:33Z,NVIDIA H200 NVL,smoke,uniform_0_1,gemv,lns,lns16_r10,16,5,10,fp32,ordinary,padded,scalar,1,16,1,1,1,none,split_cubic,ordinary/padded/scalar/x1/split_cubic,256,32,32,16896,16896,1024,32,256,1,0,1,0.0054080002009868622,0.0054080002009868622,66.773895263671875,1
2026-08-16T21:22:33Z,NVIDIA H200 NVL,smoke,uniform_0_1,dot,lns,lns16_r10,16,5,10,fp32,ordinary,padded,thread_packet,2,16,1,1,2,none,split_cubic,ordinary/padded/thread_packet/x2/split_cubic,4096,0,1,16384,16384,1024,8,256,1,0,1,0.0074559999629855156,0.0074559999629855156,1023.3907470703125,1
2026-08-16T21:22:33Z,NVIDIA H200 NVL,smoke,uniform_0_1,gemv,lns,lns16_r10,16,5,10,fp32,ordinary,padded,thread_packet,2,16,1,1,2,none,split_cubic,ordinary/padded/thread_packet/x2/split_cubic,256,32,32,16896,16896,1024,32,256,1,0,1,0.0056320000439882278,0.0056320000439882278,66.773895263671875,1
2026-08-16T21:22:33Z,NVIDIA H200 NVL,smoke,uniform_0_1,dot,lns,lns16_r10,16,5,10,fp32,ordinary,padded,thread_packet,4,16,1,1,4,none,split_cubic,ordinary/padded/thread_packet/x4/split_cubic,4096,0,1,16384,16384,1024,4,256,1,0,1,0.0080319996923208237,0.0080319996923208237,1023.3907470703125,1
2026-08-16T21:22:33Z,NVIDIA H200 NVL,smoke,uniform_0_1,gemv,lns,lns16_r10,16,5,10,fp32,ordinary,padded,thread_packet,4,16,1,1,4,none,split_cubic,ordinary/padded/thread_packet/x4/split_cubic,256,32,32,16896,16896,1024,32,256,1,0,1,0.0065600001253187656,0.0065600001253187656,66.773895263671875,1
2026-08-16T21:22:33Z,NVIDIA H200 NVL,smoke,uniform_0_1,dot,lns,lns16_r10,16,5,10,fp32,ordinary,padded,thread_packet,8,16,1,1,8,none,split_cubic,ordinary/padded/thread_packet/x8/split_cubic,4096,0,1,16384,16384,1024,2,256,1,0,1,0.0098559996113181114,0.0098559996113181114,1023.3907470703125,1
2026-08-16T21:22:33Z,NVIDIA H200 NVL,smoke,uniform_0_1,gemv,lns,lns16_r10,16,5,10,fp32,ordinary,padded,thread_packet,8,16,1,1,8,none,split_cubic,ordinary/padded/thread_packet/x8/split_cubic,256,32,32,16896,16896,1024,32,256,1,0,1,0.0082559995353221893,0.0082559995353221893,66.773895263671875,1
2026-08-16T21:22:33Z,NVIDIA H200 NVL,smoke,uniform_0_1,dot,lns,lns16_r10,16,5,10,fp32,fused,padded,scalar,1,16,1,1,1,none,split_cubic,fused/padded/scalar/x1/split_cubic,4096,0,1,16384,16384,1024,16,256,1,0,1,0.0072960001416504383,0.0072960001416504383,1023.3907470703125,1
2026-08-16T21:22:33Z,NVIDIA H200 NVL,smoke,uniform_0_1,gemv,lns,lns16_r10,16,5,10,fp32,fused,padded,scalar,1,16,1,1,1,none,split_cubic,fused/padded/scalar/x1/split_cubic,256,32,32,16896,16896,1024,32,256,1,0,1,0.0051199998706579208,0.0051199998706579208,66.773895263671875,1
2026-08-16T21:22:33Z,NVIDIA H200 NVL,smoke,uniform_0_1,dot,lns,lns16_r10,16,5,10,fp32,fused,padded,thread_packet,2,16,1,1,2,none,split_cubic,fused/padded/thread_packet/x2/split_cubic,4096,0,1,16384,16384,1024,8,256,1,0,1,0.0075840000063180923,0.0075840000063180923,1023.3907470703125,1
2026-08-16T21:22:33Z,NVIDIA H200 NVL,smoke,uniform_0_1,gemv,lns,lns16_r10,16,5,10,fp32,fused,padded,thread_packet,2,16,1,1,2,none,split_cubic,fused/padded/thread_packet/x2/split_cubic,256,32,32,16896,16896,1024,32,256,1,0,1,0.0053440001793205738,0.0053440001793205738,66.773887634277344,1
2026-08-16T21:22:33Z,NVIDIA H200 NVL,smoke,uniform_0_1,dot,lns,lns16_r10,16,5,10,fp32,fused,padded,thread_packet,4,16,1,1,4,none,split_cubic,fused/padded/thread_packet/x4/split_cubic,4096,0,1,16384,16384,1024,4,256,1,0,1,0.011136000044643879,0.011136000044643879,1023.3907470703125,1
2026-08-16T21:22:33Z,NVIDIA H200 NVL,smoke,uniform_0_1,gemv,lns,lns16_r10,16,5,10,fp32,fused,padded,thread_packet,4,16,1,1,4,none,split_cubic,fused/padded/thread_packet/x4/split_cubic,256,32,32,16896,16896,1024,32,256,1,0,1,0.0060479999519884586,0.0060479999519884586,66.773895263671875,1
2026-08-16T21:22:33Z,NVIDIA H200 NVL,smoke,uniform_0_1,dot,lns,lns16_r10,16,5,10,fp32,fused,padded,thread_packet,8,16,1,1,8,none,split_cubic,fused/padded/thread_packet/x8/split_cubic,4096,0,1,16384,16384,1024,2,256,1,0,1,0.008832000195980072,0.008832000195980072,1023.3907470703125,1
2026-08-16T21:22:33Z,NVIDIA H200 NVL,smoke,uniform_0_1,gemv,lns,lns16_r10,16,5,10,fp32,fused,padded,thread_packet,8,16,1,1,8,none,split_cubic,fused/padded/thread_packet/x8/split_cubic,256,32,32,16896,16896,1024,32,256,1,0,1,0.0071680000983178616,0.0071680000983178616,66.773895263671875,1
2026-08-16T21:22:33Z,NVIDIA H200 NVL,smoke,uniform_0_1,dot,lns,lns16_r10,16,5,10,fp32,fused,padded,scalar,1,16,1,1,1,none,fused_sum_lut_global,fused/padded/scalar/x1/fused_sum_lut_global,4096,0,1,16384,16384,262144,16,256,1,0,1,0.0071999998763203621,0.0071999998763203621,1023.3906860351562,1
2026-08-16T21:22:33Z,NVIDIA H200 NVL,smoke,uniform_0_1,gemv,lns,lns16_r10,16,5,10,fp32,fused,padded,scalar,1,16,1,1,1,none,fused_sum_lut_global,fused/padded/scalar/x1/fused_sum_lut_global,256,32,32,16896,16896,262144,32,256,1,0,1,0.0051199998706579208,0.0051199998706579208,66.773887634277344,1
2026-08-16T21:22:33Z,NVIDIA H200 NVL,smoke,uniform_0_1,dot,lns,lns16_r10,16,5,10,fp32,fused,padded,thread_packet,2,16,1,1,2,none,fused_sum_lut_global,fused/padded/thread_packet/x2/fused_sum_lut_global,4096,0,1,16384,16384,262144,8,256,1,0,1,0.0075840000063180923,0.0075840000063180923,1023.390625,1
2026-08-16T21:22:33Z,NVIDIA H200 NVL,smoke,uniform_0_1,gemv,lns,lns16_r10,16,5,10,fp32,fused,padded,thread_packet,2,16,1,1,2,none,fused_sum_lut_global,fused/padded/thread_packet/x2/fused_sum_lut_global,256,32,32,16896,16896,262144,32,256,1,0,1,0.0056639998219907284,0.0056639998219907284,66.773887634277344,1
2026-08-16T21:22:33Z,NVIDIA H200 NVL,smoke,uniform_0_1,dot,lns,lns16_r10,16,5,10,fp32,fused,padded,thread_packet,4,16,1,1,4,none,fused_sum_lut_global,fused/padded/thread_packet/x4/fused_sum_lut_global,4096,0,1,16384,16384,262144,4,256,1,0,1,0.0080639999359846115,0.0080639999359846115,1023.3906860351562,1
2026-08-16T21:22:33Z,NVIDIA H200 NVL,smoke,uniform_0_1,gemv,lns,lns16_r10,16,5,10,fp32,fused,padded,thread_packet,4,16,1,1,4,none,fused_sum_lut_global,fused/padded/thread_packet/x4/fused_sum_lut_global,256,32,32,16896,16896,262144,32,256,1,0,1,0.0060800001956522465,0.0060800001956522465,66.773895263671875,1
2026-08-16T21:22:33Z,NVIDIA H200 NVL,smoke,uniform_0_1,dot,lns,lns16_r10,16,5,10,fp32,fused,padded,thread_packet,8,16,1,1,8,none,fused_sum_lut_global,fused/padded/thread_packet/x8/fused_sum_lut_global,4096,0,1,16384,16384,262144,2,256,1,0,1,0.0097920000553131104,0.0097920000553131104,1023.390625,1
2026-08-16T21:22:33Z,NVIDIA H200 NVL,smoke,uniform_0_1,gemv,lns,lns16_r10,16,5,10,fp32,fused,padded,thread_packet,8,16,1,1,8,none,fused_sum_lut_global,fused/padded/thread_packet/x8/fused_sum_lut_global,256,32,32,16896,16896,262144,32,256,1,0,1,0.0072320001199841499,0.0072320001199841499,66.773887634277344,1
2026-08-16T21:22:33Z,NVIDIA H200 NVL,smoke,uniform_0_1,dot,lns,lns16_r10,16,5,10,fp64,ordinary,padded,scalar,1,16,1,1,1,none,reference_exp2,ordinary/padded/scalar/x1/reference_exp2,4096,0,1,16384,16384,0,16,256,1,0,1,0.0077120000496506691,0.0077120000496506691,1023.3906817978982,1
2026-08-16T21:22:33Z,NVIDIA H200 NVL,smoke,uniform_0_1,gemv,lns,lns16_r10,16,5,10,fp64,ordinary,padded,scalar,1,16,1,1,1,none,reference_exp2,ordinary/padded/scalar/x1/reference_exp2,256,32,32,16896,16896,0,32,256,1,0,1,0.0051520001143217087,0.0051520001143217087,66.773887412811547,1
2026-08-16T21:22:33Z,NVIDIA H200 NVL,smoke,uniform_0_1,dot,lns,lns16_r10,16,5,10,fp64,fused,padded,scalar,1,16,1,1,1,none,reference_exp2,fused/padded/scalar/x1/reference_exp2,4096,0,1,16384,16384,0,16,256,1,0,1,0.0073279999196529388,0.0073279999196529388,1023.3906817978982,1
2026-08-16T21:22:33Z,NVIDIA H200 NVL,smoke,uniform_0_1,gemv,lns,lns16_r10,16,5,10,fp64,fused,padded,scalar,1,16,1,1,1,none,reference_exp2,fused/padded/scalar/x1/reference_exp2,256,32,32,16896,16896,0,32,256,1,0,1,0.0048639997839927673,0.0048639997839927673,66.773887412811547,1
2026-08-16T21:22:33Z,NVIDIA H200 NVL,smoke,uniform_0_1,dot,lns,lns16_r10,16,5,10,fp64,ordinary,padded,scalar,1,16,1,1,1,none,ex2_approx,ordinary/padded/scalar/x1/ex2_approx,4096,0,1,16384,16384,0,16,256,1,0,1,0.0071040000766515732,0.0071040000766515732,1023.3905585960744,1
2026-08-16T21:22:33Z,NVIDIA H200 NVL,smoke,uniform_0_1,gemv,lns,lns16_r10,16,5,10,fp64,ordinary,padded,scalar,1,16,1,1,1,none,ex2_approx,ordinary/padded/scalar/x1/ex2_approx,256,32,32,16896,16896,0,32,256,1,0,1,0.0049600000493228436,0.0049600000493228436,66.77387912348604,1
2026-08-16T21:22:33Z,NVIDIA H200 NVL,smoke,uniform_0_1,dot,lns,lns16_r10,16,5,10,fp64,ordinary,padded,thread_packet,2,16,1,1,2,none,ex2_approx,ordinary/padded/thread_packet/x2/ex2_approx,4096,0,1,16384,16384,0,8,256,1,0,1,0.0075840000063180923,0.0075840000063180923,1023.3905585960744,1
2026-08-16T21:22:33Z,NVIDIA H200 NVL,smoke,uniform_0_1,gemv,lns,lns16_r10,16,5,10,fp64,ordinary,padded,thread_packet,2,16,1,1,2,none,ex2_approx,ordinary/padded/thread_packet/x2/ex2_approx,256,32,32,16896,16896,0,32,256,1,0,1,0.0051839998923242092,0.0051839998923242092,66.77387912348604,1
2026-08-16T21:22:33Z,NVIDIA H200 NVL,smoke,uniform_0_1,dot,lns,lns16_r10,16,5,10,fp64,ordinary,padded,thread_packet,4,16,1,1,4,none,ex2_approx,ordinary/padded/thread_packet/x4/ex2_approx,4096,0,1,16384,16384,0,4,256,1,0,1,0.0080319996923208237,0.0080319996923208237,1023.3905585960745,1
2026-08-16T21:22:33Z,NVIDIA H200 NVL,smoke,uniform_0_1,gemv,lns,lns16_r10,16,5,10,fp64,ordinary,padded,thread_packet,4,16,1,1,4,none,ex2_approx,ordinary/padded/thread_packet/x4/ex2_approx,256,32,32,16896,16896,0,32,256,1,0,1,0.0055680000223219395,0.0055680000223219395,66.773879123486054,1
2026-08-16T21:22:33Z,NVIDIA H200 NVL,smoke,uniform_0_1,dot,lns,lns16_r10,16,5,10,fp64,ordinary,padded,thread_packet,8,16,1,1,8,none,ex2_approx,ordinary/padded/thread_packet/x8/ex2_approx,4096,0,1,16384,16384,0,2,256,1,0,1,0.0087360003963112831,0.0087360003963112831,1023.3905585960744,1
2026-08-16T21:22:33Z,NVIDIA H200 NVL,smoke,uniform_0_1,gemv,lns,lns16_r10,16,5,10,fp64,ordinary,padded,thread_packet,8,16,1,1,8,none,ex2_approx,ordinary/padded/thread_packet/x8/ex2_approx,256,32,32,16896,16896,0,32,256,1,0,1,0.0064960001036524773,0.0064960001036524773,66.77387912348604,1
2026-08-16T21:22:33Z,NVIDIA H200 NVL,smoke,uniform_0_1,dot,lns,lns16_r10,16,5,10,fp64,fused,padded,scalar,1,16,1,1,1,none,ex2_approx,fused/padded/scalar/x1/ex2_approx,4096,0,1,16384,16384,0,16,256,1,0,1,0.0072639998979866505,0.0072639998979866505,1023.3906227574325,1
2026-08-16T21:22:33Z,NVIDIA H200 NVL,smoke,uniform_0_1,gemv,lns,lns16_r10,16,5,10,fp64,fused,padded,scalar,1,16,1,1,1,none,ex2_approx,fused/padded/scalar/x1/ex2_approx,256,32,32,16896,16896,0,32,256,1,0,1,0.0049919998273253441,0.0049919998273253441,66.773883568239398,1
2026-08-16T21:22:33Z,NVIDIA H200 NVL,smoke,uniform_0_1,dot,lns,lns16_r10,16,5,10,fp64,fused,padded,thread_packet,2,16,1,1,2,none,ex2_approx,fused/padded/thread_packet/x2/ex2_approx,4096,0,1,16384,16384,0,8,256,1,0,1,0.0079039996489882469,0.0079039996489882469,1023.3906227574325,1
2026-08-16T21:22:33Z,NVIDIA H200 NVL,smoke,uniform_0_1,gemv,lns,lns16_r10,16,5,10,fp64,fused,padded,thread_packet,2,16,1,1,2,none,ex2_approx,fused/padded/thread_packet/x2/ex2_approx,256,32,32,16896,16896,0,32,256,1,0,1,0.0050559998489916325,0.0050559998489916325,66.773883568239398,1
2026-08-16T21:22:33Z,NVIDIA H200 NVL,smoke,uniform_0_1,dot,lns,lns16_r10,16,5,10,fp64,fused,padded,thread_packet,4,16,1,1,4,none,ex2_approx,fused/padded/thread_packet/x4/ex2_approx,4096,0,1,16384,16384,0,4,256,1,0,1,0.0078400000929832458,0.0078400000929832458,1023.3906227574325,1
2026-08-16T21:22:33Z,NVIDIA H200 NVL,smoke,uniform_0_1,gemv,lns,lns16_r10,16,5,10,fp64,fused,padded,thread_packet,4,16,1,1,4,none,ex2_approx,fused/padded/thread_packet/x4/ex2_approx,256,32,32,16896,16896,0,32,256,1,0,1,0.0054720002226531506,0.0054720002226531506,66.773883568239398,1
2026-08-16T21:22:33Z,NVIDIA H200 NVL,smoke,uniform_0_1,dot,lns,lns16_r10,16,5,10,fp64,fused,padded,thread_packet,8,16,1,1,8,none,ex2_approx,fused/padded/thread_packet/x8/ex2_approx,4096,0,1,16384,16384,0,2,256,1,0,1,0.0084480000659823418,0.0084480000659823418,1023.3906227574325,1
2026-08-16T21:22:33Z,NVIDIA H200 NVL,smoke,uniform_0_1,gemv,lns,lns16_r10,16,5,10,fp64,fused,padded,thread_packet,8,16,1,1,8,none,ex2_approx,fused/padded/thread_packet/x8/ex2_approx,256,32,32,16896,16896,0,32,256,1,0,1,0.0060800001956522465,0.0060800001956522465,66.773883568239398,1
2026-08-16T21:22:33Z,NVIDIA H200 NVL,smoke,uniform_0_1,dot,lns,lns16_r10,16,5,10,fp64,ordinary,padded,scalar,1,16,1,1,1,none,fraction_lut_global,ordinary/padded/scalar/x1/fraction_lut_global,4096,0,1,16384,16384,8192,16,256,1,0,1,0.0077760000713169575,0.0077760000713169575,1023.3906817978982,1
2026-08-16T21:22:33Z,NVIDIA H200 NVL,smoke,uniform_0_1,gemv,lns,lns16_r10,16,5,10,fp64,ordinary,padded,scalar,1,16,1,1,1,none,fraction_lut_global,ordinary/padded/scalar/x1/fraction_lut_global,256,32,32,16896,16896,8192,32,256,1,0,1,0.0053440001793205738,0.0053440001793205738,66.773887412811547,1
2026-08-16T21:22:33Z,NVIDIA H200 NVL,smoke,uniform_0_1,dot,lns,lns16_r10,16,5,10,fp64,ordinary,padded,thread_packet,2,16,1,1,2,none,fraction_lut_global,ordinary/padded/thread_packet/x2/fraction_lut_global,4096,0,1,16384,16384,8192,8,256,1,0,1,0.008320000022649765,0.008320000022649765,1023.3906817978982,1
2026-08-16T21:22:33Z,NVIDIA H200 NVL,smoke,uniform_0_1,gemv,lns,lns16_r10,16,5,10,fp64,ordinary,padded,thread_packet,2,16,1,1,2,none,fraction_lut_global,ordinary/padded/thread_packet/x2/fraction_lut_global,256,32,32,16896,16896,8192,32,256,1,0,1,0.0060479999519884586,0.0060479999519884586,66.773887412811547,1
2026-08-16T21:22:33Z,NVIDIA H200 NVL,smoke,uniform_0_1,dot,lns,lns16_r10,16,5,10,fp64,ordinary,padded,thread_packet,4,16,1,1,4,none,fraction_lut_global,ordinary/padded/thread_packet/x4/fraction_lut_global,4096,0,1,16384,16384,8192,4,256,1,0,1,0.0092160003259778023,0.0092160003259778023,1023.3906817978982,1
2026-08-16T21:22:33Z,NVIDIA H200 NVL,smoke,uniform_0_1,gemv,lns,lns16_r10,16,5,10,fp64,ordinary,padded,thread_packet,4,16,1,1,4,none,fraction_lut_global,ordinary/padded/thread_packet/x4/fraction_lut_global,256,32,32,16896,16896,8192,32,256,1,0,1,0.0075840000063180923,0.0075840000063180923,66.773887412811547,1
2026-08-16T21:22:33Z,NVIDIA H200 NVL,smoke,uniform_0_1,dot,lns,lns16_r10,16,5,10,fp64,ordinary,padded,thread_packet,8,16,1,1,8,none,fraction_lut_global,ordinary/padded/thread_packet/x8/fraction_lut_global,4096,0,1,16384,16384,8192,2,256,1,0,1,0.010623999871313572,0.010623999871313572,1023.3906817978982,1
2026-08-16T21:22:33Z,NVIDIA H200 NVL,smoke,uniform_0_1,gemv,lns,lns16_r10,16,5,10,fp64,ordinary,padded,thread_packet,8,16,1,1,8,none,fraction_lut_global,ordinary/padded/thread_packet/x8/fraction_lut_global,256,32,32,16896,16896,8192,32,256,1,0,1,0.0099200000986456871,0.0099200000986456871,66.773887412811547,1
2026-08-16T21:22:33Z,NVIDIA H200 NVL,smoke,uniform_0_1,dot,lns,lns16_r10,16,5,10,fp64,fused,padded,scalar,1,16,1,1,1,none,fraction_lut_global,fused/padded/scalar/x1/fraction_lut_global,4096,0,1,16384,16384,8192,16,256,1,0,1,0.0076159997843205929,0.0076159997843205929,1023.3906817978982,1
2026-08-16T21:22:33Z,NVIDIA H200 NVL,smoke,uniform_0_1,gemv,lns,lns16_r10,16,5,10,fp64,fused,padded,scalar,1,16,1,1,1,none,fraction_lut_global,fused/padded/scalar/x1/fraction_lut_global,256,32,32,16896,16896,8192,32,256,1,0,1,0.0051199998706579208,0.0051199998706579208,66.773887412811547,1
2026-08-16T21:22:33Z,NVIDIA H200 NVL,smoke,uniform_0_1,dot,lns,lns16_r10,16,5,10,fp64,fused,padded,thread_packet,2,16,1,1,2,none,fraction_lut_global,fused/padded/thread_packet/x2/fraction_lut_global,4096,0,1,16384,16384,8192,8,256,1,0,1,0.0076480000279843807,0.0076480000279843807,1023.3906817978982,1
2026-08-16T21:22:33Z,NVIDIA H200 NVL,smoke,uniform_0_1,gemv,lns,lns16_r10,16,5,10,fp64,fused,padded,thread_packet,2,16,1,1,2,none,fraction_lut_global,fused/padded/thread_packet/x2/fraction_lut_global,256,32,32,16896,16896,8192,32,256,1,0,1,0.0056320000439882278,0.0056320000439882278,66.773887412811547,1
2026-08-16T21:22:33Z,NVIDIA H200 NVL,smoke,uniform_0_1,dot,lns,lns16_r10,16,5,10,fp64,fused,padded,thread_packet,4,16,1,1,4,none,fraction_lut_global,fused/padded/thread_packet/x4/fraction_lut_global,4096,0,1,16384,16384,8192,4,256,1,0,1,0.0086719999089837074,0.0086719999089837074,1023.3906817978982,1
2026-08-16T21:22:33Z,NVIDIA H200 NVL,smoke,uniform_0_1,gemv,lns,lns16_r10,16,5,10,fp64,fused,padded,thread_packet,4,16,1,1,4,none,fraction_lut_global,fused/padded/thread_packet/x4/fraction_lut_global,256,32,32,16896,16896,8192,32,256,1,0,1,0.0064960001036524773,0.0064960001036524773,66.773887412811547,1
2026-08-16T21:22:33Z,NVIDIA H200 NVL,smoke,uniform_0_1,dot,lns,lns16_r10,16,5,10,fp64,fused,padded,thread_packet,8,16,1,1,8,none,fraction_lut_global,fused/padded/thread_packet/x8/fraction_lut_global,4096,0,1,16384,16384,8192,2,256,1,0,1,0.0096319997683167458,0.0096319997683167458,1023.3906817978982,1
2026-08-16T21:22:33Z,NVIDIA H200 NVL,smoke,uniform_0_1,gemv,lns,lns16_r10,16,5,10,fp64,fused,padded,thread_packet,8,16,1,1,8,none,fraction_lut_global,fused/padded/thread_packet/x8/fraction_lut_global,256,32,32,16896,16896,8192,32,256,1,0,1,0.0079680001363158226,0.0079680001363158226,66.773887412811547,1
2026-08-16T21:22:33Z,NVIDIA H200 NVL,smoke,uniform_0_1,dot,lns,lns16_r10,16,5,10,fp64,ordinary,padded,scalar,1,16,1,1,1,none,fraction_lut_shared,ordinary/padded/scalar/x1/fraction_lut_shared,4096,0,1,16384,16384,8192,16,256,1,0,1,0.0080639999359846115,0.0080639999359846115,1023.3906817978982,1
2026-08-16T21:22:33Z,NVIDIA H200 NVL,smoke,uniform_0_1,gemv,lns,lns16_r10,16,5,10,fp64,ordinary,padded,scalar,1,16,1,1,1,none,fraction_lut_shared,ordinary/padded/scalar/x1/fraction_lut_shared,256,32,32,16896,16896,8192,32,256,1,0,1,0.0057919998653233051,0.0057919998653233051,66.773887412811547,1
2026-08-16T21:22:33Z,NVIDIA H200 NVL,smoke,uniform_0_1,dot,lns,lns16_r10,16,5,10,fp64,ordinary,padded,thread_packet,2,16,1,1,2,none,fraction_lut_shared,ordinary/padded/thread_packet/x2/fraction_lut_shared,4096,0,1,16384,16384,8192,8,256,1,0,1,0.0083520002663135529,0.0083520002663135529,1023.3906817978982,1
2026-08-16T21:22:33Z,NVIDIA H200 NVL,smoke,uniform_0_1,gemv,lns,lns16_r10,16,5,10,fp64,ordinary,padded,thread_packet,2,16,1,1,2,none,fraction_lut_shared,ordinary/padded/thread_packet/x2/fraction_lut_shared,256,32,32,16896,16896,8192,32,256,1,0,1,0.0061440002173185349,0.0061440002173185349,66.773887412811547,1
2026-08-16T21:22:33Z,NVIDIA H200 NVL,smoke,uniform_0_1,dot,lns,lns16_r10,16,5,10,fp64,ordinary,padded,thread_packet,4,16,1,1,4,none,fraction_lut_shared,ordinary/padded/thread_packet/x4/fraction_lut_shared,4096,0,1,16384,16384,8192,4,256,1,0,1,0.0091519998386502266,0.0091519998386502266,1023.3906817978982,1
2026-08-16T21:22:33Z,NVIDIA H200 NVL,smoke,uniform_0_1,gemv,lns,lns16_r10,16,5,10,fp64,ordinary,padded,thread_packet,4,16,1,1,4,none,fraction_lut_shared,ordinary/padded/thread_packet/x4/fraction_lut_shared,256,32,32,16896,16896,8192,32,256,1,0,1,0.0067839999683201313,0.0067839999683201313,66.773887412811547,1
2026-08-16T21:22:33Z,NVIDIA H200 NVL,smoke,uniform_0_1,dot,lns,lns16_r10,16,5,10,fp64,ordinary,padded,thread_packet,8,16,1,1,8,none,fraction_lut_shared,ordinary/padded/thread_packet/x8/fraction_lut_shared,4096,0,1,16384,16384,8192,2,256,1,0,1,0.010335999540984631,0.010335999540984631,1023.3906817978982,1
2026-08-16T21:22:33Z,NVIDIA H200 NVL,smoke,uniform_0_1,gemv,lns,lns16_r10,16,5,10,fp64,ordinary,padded,thread_packet,8,16,1,1,8,none,fraction_lut_shared,ordinary/padded/thread_packet/x8/fraction_lut_shared,256,32,32,16896,16896,8192,32,256,1,0,1,0.0079680001363158226,0.0079680001363158226,66.773887412811547,1
2026-08-16T21:22:33Z,NVIDIA H200 NVL,smoke,uniform_0_1,dot,lns,lns16_r10,16,5,10,fp64,fused,padded,scalar,1,16,1,1,1,none,fraction_lut_shared,fused/padded/scalar/x1/fraction_lut_shared,4096,0,1,16384,16384,8192,16,256,1,0,1,0.0080639999359846115,0.0080639999359846115,1023.3906817978982,1
2026-08-16T21:22:33Z,NVIDIA H200 NVL,smoke,uniform_0_1,gemv,lns,lns16_r10,16,5,10,fp64,fused,padded,scalar,1,16,1,1,1,none,fraction_lut_shared,fused/padded/scalar/x1/fraction_lut_shared,256,32,32,16896,16896,8192,32,256,1,0,1,0.0057919998653233051,0.0057919998653233051,66.773887412811547,1
2026-08-16T21:22:33Z,NVIDIA H200 NVL,smoke,uniform_0_1,dot,lns,lns16_r10,16,5,10,fp64,fused,padded,thread_packet,2,16,1,1,2,none,fraction_lut_shared,fused/padded/thread_packet/x2/fraction_lut_shared,4096,0,1,16384,16384,8192,8,256,1,0,1,0.0081599997356534004,0.0081599997356534004,1023.3906817978982,1
2026-08-16T21:22:33Z,NVIDIA H200 NVL,smoke,uniform_0_1,gemv,lns,lns16_r10,16,5,10,fp64,fused,padded,thread_packet,2,16,1,1,2,none,fraction_lut_shared,fused/padded/thread_packet/x2/fraction_lut_shared,256,32,32,16896,16896,8192,32,256,1,0,1,0.0060479999519884586,0.0060479999519884586,66.773887412811547,1
2026-08-16T21:22:33Z,NVIDIA H200 NVL,smoke,uniform_0_1,dot,lns,lns16_r10,16,5,10,fp64,fused,padded,thread_packet,4,16,1,1,4,none,fraction_lut_shared,fused/padded/thread_packet/x4/fraction_lut_shared,4096,0,1,16384,16384,8192,4,256,1,0,1,0.008832000195980072,0.008832000195980072,1023.3906817978982,1
2026-08-16T21:22:33Z,NVIDIA H200 NVL,smoke,uniform_0_1,gemv,lns,lns16_r10,16,5,10,fp64,fused,padded,thread_packet,4,16,1,1,4,none,fraction_lut_shared,fused/padded/thread_packet/x4/fraction_lut_shared,256,32,32,16896,16896,8192,32,256,1,0,1,0.0065600001253187656,0.0065600001253187656,66.773887412811547,1
2026-08-16T21:22:33Z,NVIDIA H200 NVL,smoke,uniform_0_1,dot,lns,lns16_r10,16,5,10,fp64,fused,padded,thread_packet,8,16,1,1,8,none,fraction_lut_shared,fused/padded/thread_packet/x8/fraction_lut_shared,4096,0,1,16384,16384,8192,2,256,1,0,1,0.0097279995679855347,0.0097279995679855347,1023.3906817978982,1
2026-08-16T21:22:33Z,NVIDIA H200 NVL,smoke,uniform_0_1,gemv,lns,lns16_r10,16,5,10,fp64,fused,padded,thread_packet,8,16,1,1,8,none,fraction_lut_shared,fused/padded/thread_packet/x8/fraction_lut_shared,256,32,32,16896,16896,8192,32,256,1,0,1,0.0072320001199841499,0.0072320001199841499,66.773887412811547,1
2026-08-16T21:22:33Z,NVIDIA H200 NVL,smoke,uniform_0_1,dot,lns,lns16_r10,16,5,10,fp64,ordinary,padded,scalar,1,16,1,1,1,none,split_linear,ordinary/padded/scalar/x1/split_linear,4096,0,1,16384,16384,2048,16,256,1,0,1,0.0075840000063180923,0.0075840000063180923,1023.3890239310613,1
2026-08-16T21:22:33Z,NVIDIA H200 NVL,smoke,uniform_0_1,gemv,lns,lns16_r10,16,5,10,fp64,ordinary,padded,scalar,1,16,1,1,1,none,split_linear,ordinary/padded/scalar/x1/split_linear,256,32,32,16896,16896,2048,32,256,1,0,1,0.0055040000006556511,0.0055040000006556511,66.773782030438284,1
2026-08-16T21:22:33Z,NVIDIA H200 NVL,smoke,uniform_0_1,dot,lns,lns16_r10,16,5,10,fp64,ordinary,padded,thread_packet,2,16,1,1,2,none,split_linear,ordinary/padded/thread_packet/x2/split_linear,4096,0,1,16384,16384,2048,8,256,1,0,1,0.0079680001363158226,0.0079680001363158226,1023.3890239310612,1
2026-08-16T21:22:33Z,NVIDIA H200 NVL,smoke,uniform_0_1,gemv,lns,lns16_r10,16,5,10,fp64,ordinary,padded,thread_packet,2,16,1,1,2,none,split_linear,ordinary/padded/thread_packet/x2/split_linear,256,32,32,16896,16896,2048,32,256,1,0,1,0.0060800001956522465,0.0060800001956522465,66.773782030438269,1
2026-08-16T21:22:33Z,NVIDIA H200 NVL,smoke,uniform_0_1,dot,lns,lns16_r10,16,5,10,fp64,ordinary,padded,thread_packet,4,16,1,1,4,none,split_linear,ordinary/padded/thread_packet/x4/split_linear,4096,0,1,16384,16384,2048,4,256,1,0,1,0.0087040001526474953,0.0087040001526474953,1023.3890239310612,1
2026-08-16T21:22:33Z,NVIDIA H200 NVL,smoke,uniform_0_1,gemv,lns,lns16_r10,16,5,10,fp64,ordinary,padded,thread_packet,4,16,1,1,4,none,split_linear,ordinary/padded/thread_packet/x4/split_linear,256,32,32,16896,16896,2048,32,256,1,0,1,0.0067839999683201313,0.0067839999683201313,66.773782030438284,1
2026-08-16T21:22:33Z,NVIDIA H200 NVL,smoke,uniform_0_1,dot,lns,lns16_r10,16,5,10,fp64,ordinary,padded,thread_packet,8,16,1,1,8,none,split_linear,ordinary/padded/thread_packet/x8/split_linear,4096,0,1,16384,16384,2048,2,256,1,0,1,0.010367999784648418,0.010367999784648418,1023.3890239310612,1
2026-08-16T21:22:33Z,NVIDIA H200 NVL,smoke,uniform_0_1,gemv,lns,lns16_r10,16,5,10,fp64,ordinary,padded,thread_packet,8,16,1,1,8,none,split_linear,ordinary/padded/thread_packet/x8/split_linear,256,32,32,16896,16896,2048,32,256,1,0,1,0.0091840000823140144,0.0091840000823140144,66.773782030438284,1
2026-08-16T21:22:33Z,NVIDIA H200 NVL,smoke,uniform_0_1,dot,lns,lns16_r10,16,5,10,fp64,fused,padded,scalar,1,16,1,1,1,none,split_linear,fused/padded/scalar/x1/split_linear,4096,0,1,16384,16384,2048,16,256,1,0,1,0.0074559999629855156,0.0074559999629855156,1023.3898514111668,1
2026-08-16T21:22:33Z,NVIDIA H200 NVL,smoke,uniform_0_1,gemv,lns,lns16_r10,16,5,10,fp64,fused,padded,scalar,1,16,1,1,1,none,split_linear,fused/padded/scalar/x1/split_linear,256,32,32,16896,16896,2048,32,256,1,0,1,0.0050880000926554203,0.0050880000926554203,66.773829443010754,1
2026-08-16T21:22:33Z,NVIDIA H200 NVL,smoke,uniform_0_1,dot,lns,lns16_r10,16,5,10,fp64,fused,padded,thread_packet,2,16,1,1,2,none,split_linear,fused/padded/thread_packet/x2/split_linear,4096,0,1,16384,16384,2048,8,256,1,0,1,0.0077120000496506691,0.0077120000496506691,1023.3898514111668,1
2026-08-16T21:22:33Z,NVIDIA H200 NVL,smoke,uniform_0_1,gemv,lns,lns16_r10,16,5,10,fp64,fused,padded,thread_packet,2,16,1,1,2,none,split_linear,fused/padded/thread_packet/x2/split_linear,256,32,32,16896,16896,2048,32,256,1,0,1,0.00559999980032444,0.00559999980032444,66.77382944301074,1
2026-08-16T21:22:33Z,NVIDIA H200 NVL,smoke,uniform_0_1,dot,lns,lns16_r10,16,5,10,fp64,fused,padded,thread_packet,4,16,1,1,4,none,split_linear,fused/padded/thread_packet/x4/split_linear,4096,0,1,16384,16384,2048,4,256,1,0,1,0.0083520002663135529,0.0083520002663135529,1023.3898514111668,1
2026-08-16T21:22:33Z,NVIDIA H200 NVL,smoke,uniform_0_1,gemv,lns,lns16_r10,16,5,10,fp64,fused,padded,thread_packet,4,16,1,1,4,none,split_linear,fused/padded/thread_packet/x4/split_linear,256,32,32,16896,16896,2048,32,256,1,0,1,0.0063359998166561127,0.0063359998166561127,66.77382944301074,1
2026-08-16T21:22:33Z,NVIDIA H200 NVL,smoke,uniform_0_1,dot,lns,lns16_r10,16,5,10,fp64,fused,padded,thread_packet,8,16,1,1,8,none,split_linear,fused/padded/thread_packet/x8/split_linear,4096,0,1,16384,16384,2048,2,256,1,0,1,0.0095359999686479568,0.0095359999686479568,1023.3898514111667,1
2026-08-16T21:22:33Z,NVIDIA H200 NVL,smoke,uniform_0_1,gemv,lns,lns16_r10,16,5,10,fp64,fused,padded,thread_packet,8,16,1,1,8,none,split_linear,fused/padded/thread_packet/x8/split_linear,256,32,32,16896,16896,2048,32,256,1,0,1,0.007807999849319458,0.007807999849319458,66.773829443010726,1
2026-08-16T21:22:33Z,NVIDIA H200 NVL,smoke,uniform_0_1,dot,lns,lns16_r10,16,5,10,fp64,ordinary,padded,scalar,1,16,1,1,1,none,split_quadratic,ordinary/padded/scalar/x1/split_quadratic,4096,0,1,16384,16384,2048,16,256,1,0,1,0.0076159997843205929,0.0076159997843205929,1023.3906808357256,1
2026-08-16T21:22:33Z,NVIDIA H200 NVL,smoke,uniform_0_1,gemv,lns,lns16_r10,16,5,10,fp64,ordinary,padded,scalar,1,16,1,1,1,none,split_quadratic,ordinary/padded/scalar/x1/split_quadratic,256,32,32,16896,16896,2048,32,256,1,0,1,0.0053440001793205738,0.0053440001793205738,66.773887352536363,1
2026-08-16T21:22:33Z,NVIDIA H200 NVL,smoke,uniform_0_1,dot,lns,lns16_r10,16,5,10,fp64,ordinary,padded,thread_packet,2,16,1,1,2,none,split_quadratic,ordinary/padded/thread_packet/x2/split_quadratic,4096,0,1,16384,16384,2048,8,256,1,0,1,0.0081919999793171883,0.0081919999793171883,1023.3906808357256,1
2026-08-16T21:22:33Z,NVIDIA H200 NVL,smoke,uniform_0_1,gemv,lns,lns16_r10,16,5,10,fp64,ordinary,padded,thread_packet,2,16,1,1,2,none,split_quadratic,ordinary/padded/thread_packet/x2/split_quadratic,256,32,32,16896,16896,2048,32,256,1,0,1,0.0060479999519884586,0.0060479999519884586,66.773887352536349,1
2026-08-16T21:22:33Z,NVIDIA H200 NVL,smoke,uniform_0_1,dot,lns,lns16_r10,16,5,10,fp64,ordinary,padded,thread_packet,4,16,1,1,4,none,split_quadratic,ordinary/padded/thread_packet/x4/split_quadratic,4096,0,1,16384,16384,2048,4,256,1,0,1,0.0088959997519850731,0.0088959997519850731,1023.3906808357256,1
2026-08-16T21:22:33Z,NVIDIA H200 NVL,smoke,uniform_0_1,gemv,lns,lns16_r10,16,5,10,fp64,ordinary,padded,thread_packet,4,16,1,1,4,none,split_quadratic,ordinary/padded/thread_packet/x4/split_quadratic,256,32,32,16896,16896,2048,32,256,1,0,1,0.0070719998329877853,0.0070719998329877853,66.773887352536349,1
2026-08-16T21:22:33Z,NVIDIA H200 NVL,smoke,uniform_0_1,dot,lns,lns16_r10,16,5,10,fp64,ordinary,padded,thread_packet,8,16,1,1,8,none,split_quadratic,ordinary/padded/thread_packet/x8/split_quadratic,4096,0,1,16384,16384,2048,2,256,1,0,1,0.01027199998497963,0.01027199998497963,1023.3906808357256,1
2026-08-16T21:22:33Z,NVIDIA H200 NVL,smoke,uniform_0_1,gemv,lns,lns16_r10,16,5,10,fp64,ordinary,padded,thread_packet,8,16,1,1,8,none,split_quadratic,ordinary/padded/thread_packet/x8/split_quadratic,256,32,32,16896,16896,2048,32,256,1,0,1,0.0092799998819828033,0.0092799998819828033,66.773887352536349,1
2026-08-16T21:22:33Z,NVIDIA H200 NVL,smoke,uniform_0_1,dot,lns,lns16_r10,16,5,10,fp64,fused,padded,scalar,1,16,1,1,1,none,split_quadratic,fused/padded/scalar/x1/split_quadratic,4096,0,1,16384,16384,2048,16,256,1,0,1,0.0076159997843205929,0.0076159997843205929,1023.3906813163228,1
2026-08-16T21:22:33Z,NVIDIA H200 NVL,smoke,uniform_0_1,gemv,lns,lns16_r10,16,5,10,fp64,fused,padded,scalar,1,16,1,1,1,none,split_quadratic,fused/padded/scalar/x1/split_quadratic,256,32,32,16896,16896,2048,32,256,1,0,1,0.0050880000926554203,0.0050880000926554203,66.773887377926755,1
2026-08-16T21:22:33Z,NVIDIA H200 NVL,smoke,uniform_0_1,dot,lns,lns16_r10,16,5,10,fp64,fused,padded,thread_packet,2,16,1,1,2,none,split_quadratic,fused/padded/thread_packet/x2/split_quadratic,4096,0,1,16384,16384,2048,8,256,1,0,1,0.0077120000496506691,0.0077120000496506691,1023.3906813163227,1
2026-08-16T21:22:33Z,NVIDIA H200 NVL,smoke,uniform_0_1,gemv,lns,lns16_r10,16,5,10,fp64,fused,padded,thread_packet,2,16,1,1,2,none,split_quadratic,fused/padded/thread_packet/x2/split_quadratic,256,32,32,16896,16896,2048,32,256,1,0,1,0.00559999980032444,0.00559999980032444,66.773887377926741,1
2026-08-16T21:22:33Z,NVIDIA H200 NVL,smoke,uniform_0_1,dot,lns,lns16_r10,16,5,10,fp64,fused,padded,thread_packet,4,16,1,1,4,none,split_quadratic,fused/padded/thread_packet/x4/split_quadratic,4096,0,1,16384,16384,2048,4,256,1,0,1,0.0085760001093149185,0.0085760001093149185,1023.3906813163226,1
2026-08-16T21:22:33Z,NVIDIA H200 NVL,smoke,uniform_0_1,gemv,lns,lns16_r10,16,5,10,fp64,fused,padded,thread_packet,4,16,1,1,4,none,split_quadratic,fused/padded/thread_packet/x4/split_quadratic,256,32,32,16896,16896,2048,32,256,1,0,1,0.0063040000386536121,0.0063040000386536121,66.773887377926741,1
2026-08-16T21:22:33Z,NVIDIA H200 NVL,smoke,uniform_0_1,dot,lns,lns16_r10,16,5,10,fp64,fused,padded,thread_packet,8,16,1,1,8,none,split_quadratic,fused/padded/thread_packet/x8/split_quadratic,4096,0,1,16384,16384,2048,2,256,1,0,1,0.0093759996816515923,0.0093759996816515923,1023.3906813163226,1
2026-08-16T21:22:33Z,NVIDIA H200 NVL,smoke,uniform_0_1,gemv,lns,lns16_r10,16,5,10,fp64,fused,padded,thread_packet,8,16,1,1,8,none,split_quadratic,fused/padded/thread_packet/x8/split_quadratic,256,32,32,16896,16896,2048,32,256,1,0,1,0.0079039996489882469,0.0079039996489882469,66.773887377926741,1
2026-08-16T21:22:33Z,NVIDIA H200 NVL,smoke,uniform_0_1,dot,lns,lns16_r10,16,5,10,fp64,ordinary,padded,scalar,1,16,1,1,1,none,split_cubic,ordinary/padded/scalar/x1/split_cubic,4096,0,1,16384,16384,2048,16,256,1,0,1,0.0075840000063180923,0.0075840000063180923,1023.3906817974547,1
2026-08-16T21:22:33Z,NVIDIA H200 NVL,smoke,uniform_0_1,gemv,lns,lns16_r10,16,5,10,fp64,ordinary,padded,scalar,1,16,1,1,1,none,split_cubic,ordinary/padded/scalar/x1/split_cubic,256,32,32,16896,16896,2048,32,256,1,0,1,0.0053440001793205738,0.0053440001793205738,66.773887412784148,1
2026-08-16T21:22:33Z,NVIDIA H200 NVL,smoke,uniform_0_1,dot,lns,lns16_r10,16,5,10,fp64,ordinary,padded,thread_packet,2,16,1,1,2,none,split_cubic,ordinary/padded/thread_packet/x2/split_cubic,4096,0,1,16384,16384,2048,8,256,1,0,1,0.0081919999793171883,0.0081919999793171883,1023.3906817974548,1
2026-08-16T21:22:33Z,NVIDIA H200 NVL,smoke,uniform_0_1,gemv,lns,lns16_r10,16,5,10,fp64,ordinary,padded,thread_packet,2,16,1,1,2,none,split_cubic,ordinary/padded/thread_packet/x2/split_cubic,256,32,32,16896,16896,2048,32,256,1,0,1,0.0060479999519884586,0.0060479999519884586,66.773887412784148,1
2026-08-16T21:22:33Z,NVIDIA H200 NVL,smoke,uniform_0_1,dot,lns,lns16_r10,16,5,10,fp64,ordinary,padded,thread_packet,4,16,1,1,4,none,split_cubic,ordinary/padded/thread_packet/x4/split_cubic,4096,0,1,16384,16384,2048,4,256,1,0,1,0.0090239997953176498,0.0090239997953176498,1023.3906817974545,1
2026-08-16T21:22:33Z,NVIDIA H200 NVL,smoke,uniform_0_1,gemv,lns,lns16_r10,16,5,10,fp64,ordinary,padded,thread_packet,4,16,1,1,4,none,split_cubic,ordinary/padded/thread_packet/x4/split_cubic,256,32,32,16896,16896,2048,32,256,1,0,1,0.0069760000333189964,0.0069760000333189964,66.773887412784148,1
2026-08-16T21:22:33Z,NVIDIA H200 NVL,smoke,uniform_0_1,dot,lns,lns16_r10,16,5,10,fp64,ordinary,padded,thread_packet,8,16,1,1,8,none,split_cubic,ordinary/padded/thread_packet/x8/split_cubic,4096,0,1,16384,16384,2048,2,256,1,0,1,0.010560000315308571,0.010560000315308571,1023.3906817974546,1
2026-08-16T21:22:33Z,NVIDIA H200 NVL,smoke,uniform_0_1,gemv,lns,lns16_r10,16,5,10,fp64,ordinary,padded,thread_packet,8,16,1,1,8,none,split_cubic,ordinary/padded/thread_packet/x8/split_cubic,256,32,32,16896,16896,2048,32,256,1,0,1,0.0091199995949864388,0.0091199995949864388,66.773887412784148,1
2026-08-16T21:22:33Z,NVIDIA H200 NVL,smoke,uniform_0_1,dot,lns,lns16_r10,16,5,10,fp64,fused,padded,scalar,1,16,1,1,1,none,split_cubic,fused/padded/scalar/x1/split_cubic,4096,0,1,16384,16384,2048,16,256,1,0,1,0.0073600001633167267,0.0073600001633167267,1023.3906817976765,1
2026-08-16T21:22:33Z,NVIDIA H200 NVL,smoke,uniform_0_1,gemv,lns,lns16_r10,16,5,10,fp64,fused,padded,scalar,1,16,1,1,1,none,split_cubic,fused/padded/scalar/x1/split_cubic,256,32,32,16896,16896,2048,32,256,1,0,1,0.0051520001143217087,0.0051520001143217087,66.773887412795006,1
2026-08-16T21:22:33Z,NVIDIA H200 NVL,smoke,uniform_0_1,dot,lns,lns16_r10,16,5,10,fp64,fused,padded,thread_packet,2,16,1,1,2,none,split_cubic,fused/padded/thread_packet/x2/split_cubic,4096,0,1,16384,16384,2048,8,256,1,0,1,0.0077760000713169575,0.0077760000713169575,1023.3906817976764,1
2026-08-16T21:22:33Z,NVIDIA H200 NVL,smoke,uniform_0_1,gemv,lns,lns16_r10,16,5,10,fp64,fused,padded,thread_packet,2,16,1,1,2,none,split_cubic,fused/padded/thread_packet/x2/split_cubic,256,32,32,16896,16896,2048,32,256,1,0,1,0.0055040000006556511,0.0055040000006556511,66.773887412795006,1
2026-08-16T21:22:33Z,NVIDIA H200 NVL,smoke,uniform_0_1,dot,lns,lns16_r10,16,5,10,fp64,fused,padded,thread_packet,4,16,1,1,4,none,split_cubic,fused/padded/thread_packet/x4/split_cubic,4096,0,1,16384,16384,2048,4,256,1,0,1,0.008320000022649765,0.008320000022649765,1023.3906817976765,1
2026-08-16T21:22:33Z,NVIDIA H200 NVL,smoke,uniform_0_1,gemv,lns,lns16_r10,16,5,10,fp64,fused,padded,thread_packet,4,16,1,1,4,none,split_cubic,fused/padded/thread_packet/x4/split_cubic,256,32,32,16896,16896,2048,32,256,1,0,1,0.006399999838322401,0.006399999838322401,66.773887412795006,1
2026-08-16T21:22:33Z,NVIDIA H200 NVL,smoke,uniform_0_1,dot,lns,lns16_r10,16,5,10,fp64,fused,padded,thread_packet,8,16,1,1,8,none,split_cubic,fused/padded/thread_packet/x8/split_cubic,4096,0,1,16384,16384,2048,2,256,1,0,1,0.0099520003423094749,0.0099520003423094749,1023.3906817976763,1
2026-08-16T21:22:33Z,NVIDIA H200 NVL,smoke,uniform_0_1,gemv,lns,lns16_r10,16,5,10,fp64,fused,padded,thread_packet,8,16,1,1,8,none,split_cubic,fused/padded/thread_packet/x8/split_cubic,256,32,32,16896,16896,2048,32,256,1,0,1,0.0079359998926520348,0.0079359998926520348,66.773887412795006,1
2026-08-16T21:22:33Z,NVIDIA H200 NVL,smoke,uniform_0_1,dot,lns,lns16_r10,16,5,10,fp64,fused,padded,scalar,1,16,1,1,1,none,fused_sum_lut_global,fused/padded/scalar/x1/fused_sum_lut_global,4096,0,1,16384,16384,524288,16,256,1,0,1,0.0074240001849830151,0.0074240001849830151,1023.3906817978982,1
2026-08-16T21:22:33Z,NVIDIA H200 NVL,smoke,uniform_0_1,gemv,lns,lns16_r10,16,5,10,fp64,fused,padded,scalar,1,16,1,1,1,none,fused_sum_lut_global,fused/padded/scalar/x1/fused_sum_lut_global,256,32,32,16896,16896,524288,32,256,1,0,1,0.0051839998923242092,0.0051839998923242092,66.773887412811547,1
2026-08-16T21:22:33Z,NVIDIA H200 NVL,smoke,uniform_0_1,dot,lns,lns16_r10,16,5,10,fp64,fused,padded,thread_packet,2,16,1,1,2,none,fused_sum_lut_global,fused/padded/thread_packet/x2/fused_sum_lut_global,4096,0,1,16384,16384,524288,8,256,1,0,1,0.007807999849319458,0.007807999849319458,1023.3906817978982,1
2026-08-16T21:22:33Z,NVIDIA H200 NVL,smoke,uniform_0_1,gemv,lns,lns16_r10,16,5,10,fp64,fused,padded,thread_packet,2,16,1,1,2,none,fused_sum_lut_global,fused/padded/thread_packet/x2/fused_sum_lut_global,256,32,32,16896,16896,524288,32,256,1,0,1,0.00559999980032444,0.00559999980032444,66.773887412811547,1
2026-08-16T21:22:33Z,NVIDIA H200 NVL,smoke,uniform_0_1,dot,lns,lns16_r10,16,5,10,fp64,fused,padded,thread_packet,4,16,1,1,4,none,fused_sum_lut_global,fused/padded/thread_packet/x4/fused_sum_lut_global,4096,0,1,16384,16384,524288,4,256,1,0,1,0.0083839995786547661,0.0083839995786547661,1023.3906817978982,1
2026-08-16T21:22:33Z,NVIDIA H200 NVL,smoke,uniform_0_1,gemv,lns,lns16_r10,16,5,10,fp64,fused,padded,thread_packet,4,16,1,1,4,none,fused_sum_lut_global,fused/padded/thread_packet/x4/fused_sum_lut_global,256,32,32,16896,16896,524288,32,256,1,0,1,0.0060479999519884586,0.0060479999519884586,66.773887412811547,1
2026-08-16T21:22:33Z,NVIDIA H200 NVL,smoke,uniform_0_1,dot,lns,lns16_r10,16,5,10,fp64,fused,padded,thread_packet,8,16,1,1,8,none,fused_sum_lut_global,fused/padded/thread_packet/x8/fused_sum_lut_global,4096,0,1,16384,16384,524288,2,256,1,0,1,0.0098879998549818993,0.0098879998549818993,1023.3906817978982,1
2026-08-16T21:22:33Z,NVIDIA H200 NVL,smoke,uniform_0_1,gemv,lns,lns16_r10,16,5,10,fp64,fused,padded,thread_packet,8,16,1,1,8,none,fused_sum_lut_global,fused/padded/thread_packet/x8/fused_sum_lut_global,256,32,32,16896,16896,524288,32,256,1,0,1,0.0074880002066493034,0.0074880002066493034,66.773887412811547,1
2026-08-16T21:22:33Z,NVIDIA H200 NVL,smoke,normal_0_1,dot,lns,lns16_r10,16,5,10,fp32,ordinary,padded,scalar,1,16,1,1,1,none,reference_exp2,ordinary/padded/scalar/x1/reference_exp2,4096,0,1,16384,16384,0,16,256,1,0,1,0.0071680000983178616,0.0071680000983178616,46.736614227294922,1
2026-08-16T21:22:33Z,NVIDIA H200 NVL,smoke,normal_0_1,gemv,lns,lns16_r10,16,5,10,fp32,ordinary,padded,scalar,1,16,1,1,1,none,reference_exp2,ordinary/padded/scalar/x1/reference_exp2,256,32,32,16896,16896,0,32,256,1,0,1,0.0048639997839927673,0.0048639997839927673,2.3564791679382324,1
2026-08-16T21:22:33Z,NVIDIA H200 NVL,smoke,normal_0_1,dot,lns,lns16_r10,16,5,10,fp32,fused,padded,scalar,1,16,1,1,1,none,reference_exp2,fused/padded/scalar/x1/reference_exp2,4096,0,1,16384,16384,0,16,256,1,0,1,0.0071359998546540737,0.0071359998546540737,46.736625671386719,1
2026-08-16T21:22:33Z,NVIDIA H200 NVL,smoke,normal_0_1,gemv,lns,lns16_r10,16,5,10,fp32,fused,padded,scalar,1,16,1,1,1,none,reference_exp2,fused/padded/scalar/x1/reference_exp2,256,32,32,16896,16896,0,32,256,1,0,1,0.0049919998273253441,0.0049919998273253441,2.356480598449707,1
2026-08-16T21:22:33Z,NVIDIA H200 NVL,smoke,normal_0_1,dot,lns,lns16_r10,16,5,10,fp32,ordinary,padded,scalar,1,16,1,1,1,none,ex2_approx,ordinary/padded/scalar/x1/ex2_approx,4096,0,1,16384,16384,0,16,256,1,0,1,0.0073600001633167267,0.0073600001633167267,46.736614227294922,1
2026-08-16T21:22:33Z,NVIDIA H200 NVL,smoke,normal_0_1,gemv,lns,lns16_r10,16,5,10,fp32,ordinary,padded,scalar,1,16,1,1,1,none,ex2_approx,ordinary/padded/scalar/x1/ex2_approx,256,32,32,16896,16896,0,32,256,1,0,1,0.0048639997839927673,0.0048639997839927673,2.3564791679382324,1
2026-08-16T21:22:33Z,NVIDIA H200 NVL,smoke,normal_0_1,dot,lns,lns16_r10,16,5,10,fp32,ordinary,padded,thread_packet,2,16,1,1,2,none,ex2_approx,ordinary/padded/thread_packet/x2/ex2_approx,4096,0,1,16384,16384,0,8,256,1,0,1,0.0074559999629855156,0.0074559999629855156,46.736618041992188,1
2026-08-16T21:22:33Z,NVIDIA H200 NVL,smoke,normal_0_1,gemv,lns,lns16_r10,16,5,10,fp32,ordinary,padded,thread_packet,2,16,1,1,2,none,ex2_approx,ordinary/padded/thread_packet/x2/ex2_approx,256,32,32,16896,16896,0,32,256,1,0,1,0.0050880000926554203,0.0050880000926554203,2.3564834594726562,1
2026-08-16T21:22:33Z,NVIDIA H200 NVL,smoke,normal_0_1,dot,lns,lns16_r10,16,5,10,fp32,ordinary,padded,thread_packet,4,16,1,1,4,none,ex2_approx,ordinary/padded/thread_packet/x4/ex2_approx,4096,0,1,16384,16384,0,4,256,1,0,1,0.0077439998276531696,0.0077439998276531696,46.736610412597656,1
2026-08-16T21:22:33Z,NVIDIA H200 NVL,smoke,normal_0_1,gemv,lns,lns16_r10,16,5,10,fp32,ordinary,padded,thread_packet,4,16,1,1,4,none,ex2_approx,ordinary/padded/thread_packet/x4/ex2_approx,256,32,32,16896,16896,0,32,256,1,0,1,0.0053440001793205738,0.0053440001793205738,2.356480598449707,1
2026-08-16T21:22:33Z,NVIDIA H200 NVL,smoke,normal_0_1,dot,lns,lns16_r10,16,5,10,fp32,ordinary,padded,thread_packet,8,16,1,1,8,none,ex2_approx,ordinary/padded/thread_packet/x8/ex2_approx,4096,0,1,16384,16384,0,2,256,1,0,1,0.0084480000659823418,0.0084480000659823418,46.736618041992188,1
2026-08-16T21:22:33Z,NVIDIA H200 NVL,smoke,normal_0_1,gemv,lns,lns16_r10,16,5,10,fp32,ordinary,padded,thread_packet,8,16,1,1,8,none,ex2_approx,ordinary/padded/thread_packet/x8/ex2_approx,256,32,32,16896,16896,0,32,256,1,0,1,0.0060479999519884586,0.0060479999519884586,2.3564796447753906,1
2026-08-16T21:22:33Z,NVIDIA H200 NVL,smoke,normal_0_1,dot,lns,lns16_r10,16,5,10,fp32,fused,padded,scalar,1,16,1,1,1,none,ex2_approx,fused/padded/scalar/x1/ex2_approx,4096,0,1,16384,16384,0,16,256,1,0,1,0.0071040000766515732,0.0071040000766515732,46.736625671386719,1
2026-08-16T21:22:33Z,NVIDIA H200 NVL,smoke,normal_0_1,gemv,lns,lns16_r10,16,5,10,fp32,fused,padded,scalar,1,16,1,1,1,none,ex2_approx,fused/padded/scalar/x1/ex2_approx,256,32,32,16896,16896,0,32,256,1,0,1,0.0048639997839927673,0.0048639997839927673,2.356480598449707,1
2026-08-16T21:22:33Z,NVIDIA H200 NVL,smoke,normal_0_1,dot,lns,lns16_r10,16,5,10,fp32,fused,padded,thread_packet,2,16,1,1,2,none,ex2_approx,fused/padded/thread_packet/x2/ex2_approx,4096,0,1,16384,16384,0,8,256,1,0,1,0.0071040000766515732,0.0071040000766515732,46.736625671386719,1
2026-08-16T21:22:33Z,NVIDIA H200 NVL,smoke,normal_0_1,gemv,lns,lns16_r10,16,5,10,fp32,fused,padded,thread_packet,2,16,1,1,2,none,ex2_approx,fused/padded/thread_packet/x2/ex2_approx,256,32,32,16896,16896,0,32,256,1,0,1,0.0048639997839927673,0.0048639997839927673,2.356480598449707,1
2026-08-16T21:22:33Z,NVIDIA H200 NVL,smoke,normal_0_1,dot,lns,lns16_r10,16,5,10,fp32,fused,padded,thread_packet,4,16,1,1,4,none,ex2_approx,fused/padded/thread_packet/x4/ex2_approx,4096,0,1,16384,16384,0,4,256,1,0,1,0.007519999984651804,0.007519999984651804,46.736625671386719,1
2026-08-16T21:22:33Z,NVIDIA H200 NVL,smoke,normal_0_1,gemv,lns,lns16_r10,16,5,10,fp32,fused,padded,thread_packet,4,16,1,1,4,none,ex2_approx,fused/padded/thread_packet/x4/ex2_approx,256,32,32,16896,16896,0,32,256,1,0,1,0.0053440001793205738,0.0053440001793205738,2.3564813137054443,1
2026-08-16T21:22:33Z,NVIDIA H200 NVL,smoke,normal_0_1,dot,lns,lns16_r10,16,5,10,fp32,fused,padded,thread_packet,8,16,1,1,8,none,ex2_approx,fused/padded/thread_packet/x8/ex2_approx,4096,0,1,16384,16384,0,2,256,1,0,1,0.0081280004233121872,0.0081280004233121872,46.736614227294922,1
2026-08-16T21:22:33Z,NVIDIA H200 NVL,smoke,normal_0_1,gemv,lns,lns16_r10,16,5,10,fp32,fused,padded,thread_packet,8,16,1,1,8,none,ex2_approx,fused/padded/thread_packet/x8/ex2_approx,256,32,32,16896,16896,0,32,256,1,0,1,0.0060160001739859581,0.0060160001739859581,2.356480598449707,1
2026-08-16T21:22:33Z,NVIDIA H200 NVL,smoke,normal_0_1,dot,lns,lns16_r10,16,5,10,fp32,ordinary,padded,scalar,1,16,1,1,1,none,fraction_lut_global,ordinary/padded/scalar/x1/fraction_lut_global,4096,0,1,16384,16384,4096,16,256,1,0,1,0.0075840000063180923,0.0075840000063180923,46.736621856689453,1
2026-08-16T21:22:33Z,NVIDIA H200 NVL,smoke,normal_0_1,gemv,lns,lns16_r10,16,5,10,fp32,ordinary,padded,scalar,1,16,1,1,1,none,fraction_lut_global,ordinary/padded/scalar/x1/fraction_lut_global,256,32,32,16896,16896,4096,32,256,1,0,1,0.005311999935656786,0.005311999935656786,2.3564801216125488,1
2026-08-16T21:22:33Z,NVIDIA H200 NVL,smoke,normal_0_1,dot,lns,lns16_r10,16,5,10,fp32,ordinary,padded,thread_packet,2,16,1,1,2,none,fraction_lut_global,ordinary/padded/thread_packet/x2/fraction_lut_global,4096,0,1,16384,16384,4096,8,256,1,0,1,0.0079359998926520348,0.0079359998926520348,46.736614227294922,1
2026-08-16T21:22:33Z,NVIDIA H200 NVL,smoke,normal_0_1,gemv,lns,lns16_r10,16,5,10,fp32,ordinary,padded,thread_packet,2,16,1,1,2,none,fraction_lut_global,ordinary/padded/thread_packet/x2/fraction_lut_global,256,32,32,16896,16896,4096,32,256,1,0,1,0.006111999973654747,0.006111999973654747,2.3564825057983398,1
2026-08-16T21:22:33Z,NVIDIA H200 NVL,smoke,normal_0_1,dot,lns,lns16_r10,16,5,10,fp32,ordinary,padded,thread_packet,4,16,1,1,4,none,fraction_lut_global,ordinary/padded/thread_packet/x4/fraction_lut_global,4096,0,1,16384,16384,4096,4,256,1,0,1,0.0088640004396438599,0.0088640004396438599,46.736610412597656,1
2026-08-16T21:22:33Z,NVIDIA H200 NVL,smoke,normal_0_1,gemv,lns,lns16_r10,16,5,10,fp32,ordinary,padded,thread_packet,4,16,1,1,4,none,fraction_lut_global,ordinary/padded/thread_packet/x4/fraction_lut_global,256,32,32,16896,16896,4096,32,256,1,0,1,0.0072320001199841499,0.0072320001199841499,2.3564801216125488,1
2026-08-16T21:22:33Z,NVIDIA H200 NVL,smoke,normal_0_1,dot,lns,lns16_r10,16,5,10,fp32,ordinary,padded,thread_packet,8,16,1,1,8,none,fraction_lut_global,ordinary/padded/thread_packet/x8/fraction_lut_global,4096,0,1,16384,16384,4096,2,256,1,0,1,0.010048000141978264,0.010048000141978264,46.736610412597656,1
2026-08-16T21:22:33Z,NVIDIA H200 NVL,smoke,normal_0_1,gemv,lns,lns16_r10,16,5,10,fp32,ordinary,padded,thread_packet,8,16,1,1,8,none,fraction_lut_global,ordinary/padded/thread_packet/x8/fraction_lut_global,256,32,32,16896,16896,4096,32,256,1,0,1,0.0096960002556443214,0.0096960002556443214,2.356480598449707,1
2026-08-16T21:22:33Z,NVIDIA H200 NVL,smoke,normal_0_1,dot,lns,lns16_r10,16,5,10,fp32,fused,padded,scalar,1,16,1,1,1,none,fraction_lut_global,fused/padded/scalar/x1/fraction_lut_global,4096,0,1,16384,16384,4096,16,256,1,0,1,0.0073919999413192272,0.0073919999413192272,46.736625671386719,1
2026-08-16T21:22:33Z,NVIDIA H200 NVL,smoke,normal_0_1,gemv,lns,lns16_r10,16,5,10,fp32,fused,padded,scalar,1,16,1,1,1,none,fraction_lut_global,fused/padded/scalar/x1/fraction_lut_global,256,32,32,16896,16896,4096,32,256,1,0,1,0.0051520001143217087,0.0051520001143217087,2.356480598449707,1
2026-08-16T21:22:33Z,NVIDIA H200 NVL,smoke,normal_0_1,dot,lns,lns16_r10,16,5,10,fp32,fused,padded,thread_packet,2,16,1,1,2,none,fraction_lut_global,fused/padded/thread_packet/x2/fraction_lut_global,4096,0,1,16384,16384,4096,8,256,1,0,1,0.0076480000279843807,0.0076480000279843807,46.736625671386719,1
2026-08-16T21:22:33Z,NVIDIA H200 NVL,smoke,normal_0_1,gemv,lns,lns16_r10,16,5,10,fp32,fused,padded,thread_packet,2,16,1,1,2,none,fraction_lut_global,fused/padded/thread_packet/x2/fraction_lut_global,256,32,32,16896,16896,4096,32,256,1,0,1,0.0053759999573230743,0.0053759999573230743,2.3564786911010742,1
2026-08-16T21:22:33Z,NVIDIA H200 NVL,smoke,normal_0_1,dot,lns,lns16_r10,16,5,10,fp32,fused,padded,thread_packet,4,16,1,1,4,none,fraction_lut_global,fused/padded/thread_packet/x4/fraction_lut_global,4096,0,1,16384,16384,4096,4,256,1,0,1,0.0088959997519850731,0.0088959997519850731,46.736610412597656,1
2026-08-16T21:22:33Z,NVIDIA H200 NVL,smoke,normal_0_1,gemv,lns,lns16_r10,16,5,10,fp32,fused,padded,thread_packet,4,16,1,1,4,none,fraction_lut_global,fused/padded/thread_packet/x4/fraction_lut_global,256,32,32,16896,16896,4096,32,256,1,0,1,0.0063040000386536121,0.0063040000386536121,2.3564815521240234,1
2026-08-16T21:22:33Z,NVIDIA H200 NVL,smoke,normal_0_1,dot,lns,lns16_r10,16,5,10,fp32,fused,padded,thread_packet,8,16,1,1,8,none,fraction_lut_global,fused/padded/thread_packet/x8/fraction_lut_global,4096,0,1,16384,16384,4096,2,256,1,0,1,0.0088959997519850731,0.0088959997519850731,46.736610412597656,1
2026-08-16T21:22:33Z,NVIDIA H200 NVL,smoke,normal_0_1,gemv,lns,lns16_r10,16,5,10,fp32,fused,padded,thread_packet,8,16,1,1,8,none,fraction_lut_global,fused/padded/thread_packet/x8/fraction_lut_global,256,32,32,16896,16896,4096,32,256,1,0,1,0.0077760000713169575,0.0077760000713169575,2.356480598449707,1
2026-08-16T21:22:33Z,NVIDIA H200 NVL,smoke,normal_0_1,dot,lns,lns16_r10,16,5,10,fp32,ordinary,padded,scalar,1,16,1,1,1,none,fraction_lut_shared,ordinary/padded/scalar/x1/fraction_lut_shared,4096,0,1,16384,16384,4096,16,256,1,0,1,0.0079359998926520348,0.0079359998926520348,46.736621856689453,1
2026-08-16T21:22:33Z,NVIDIA H200 NVL,smoke,normal_0_1,gemv,lns,lns16_r10,16,5,10,fp32,ordinary,padded,scalar,1,16,1,1,1,none,fraction_lut_shared,ordinary/padded/scalar/x1/fraction_lut_shared,256,32,32,16896,16896,4096,32,256,1,0,1,0.005824000108987093,0.005824000108987093,2.3564801216125488,1
2026-08-16T21:22:33Z,NVIDIA H200 NVL,smoke,normal_0_1,dot,lns,lns16_r10,16,5,10,fp32,ordinary,padded,thread_packet,2,16,1,1,2,none,fraction_lut_shared,ordinary/padded/thread_packet/x2/fraction_lut_shared,4096,0,1,16384,16384,4096,8,256,1,0,1,0.0083520002663135529,0.0083520002663135529,46.736614227294922,1
2026-08-16T21:22:33Z,NVIDIA H200 NVL,smoke,normal_0_1,gemv,lns,lns16_r10,16,5,10,fp32,ordinary,padded,thread_packet,2,16,1,1,2,none,fraction_lut_shared,ordinary/padded/thread_packet/x2/fraction_lut_shared,256,32,32,16896,16896,4096,32,256,1,0,1,0.0060479999519884586,0.0060479999519884586,2.3564825057983398,1
2026-08-16T21:22:33Z,NVIDIA H200 NVL,smoke,normal_0_1,dot,lns,lns16_r10,16,5,10,fp32,ordinary,padded,thread_packet,4,16,1,1,4,none,fraction_lut_shared,ordinary/padded/thread_packet/x4/fraction_lut_shared,4096,0,1,16384,16384,4096,4,256,1,0,1,0.008991999551653862,0.008991999551653862,46.736610412597656,1
2026-08-16T21:22:33Z,NVIDIA H200 NVL,smoke,normal_0_1,gemv,lns,lns16_r10,16,5,10,fp32,ordinary,padded,thread_packet,4,16,1,1,4,none,fraction_lut_shared,ordinary/padded/thread_packet/x4/fraction_lut_shared,256,32,32,16896,16896,4096,32,256,1,0,1,0.0067199999466538429,0.0067199999466538429,2.3564801216125488,1
2026-08-16T21:22:33Z,NVIDIA H200 NVL,smoke,normal_0_1,dot,lns,lns16_r10,16,5,10,fp32,ordinary,padded,thread_packet,8,16,1,1,8,none,fraction_lut_shared,ordinary/padded/thread_packet/x8/fraction_lut_shared,4096,0,1,16384,16384,4096,2,256,1,0,1,0.010335999540984631,0.010335999540984631,46.736610412597656,1
2026-08-16T21:22:33Z,NVIDIA H200 NVL,smoke,normal_0_1,gemv,lns,lns16_r10,16,5,10,fp32,ordinary,padded,thread_packet,8,16,1,1,8,none,fraction_lut_shared,ordinary/padded/thread_packet/x8/fraction_lut_shared,256,32,32,16896,16896,4096,32,256,1,0,1,0.0079680001363158226,0.0079680001363158226,2.356480598449707,1
2026-08-16T21:22:33Z,NVIDIA H200 NVL,smoke,normal_0_1,dot,lns,lns16_r10,16,5,10,fp32,fused,padded,scalar,1,16,1,1,1,none,fraction_lut_shared,fused/padded/scalar/x1/fraction_lut_shared,4096,0,1,16384,16384,4096,16,256,1,0,1,0.0084480000659823418,0.0084480000659823418,46.736625671386719,1
2026-08-16T21:22:33Z,NVIDIA H200 NVL,smoke,normal_0_1,gemv,lns,lns16_r10,16,5,10,fp32,fused,padded,scalar,1,16,1,1,1,none,fraction_lut_shared,fused/padded/scalar/x1/fraction_lut_shared,256,32,32,16896,16896,4096,32,256,1,0,1,0.0055359997786581516,0.0055359997786581516,2.356480598449707,1
2026-08-16T21:22:33Z,NVIDIA H200 NVL,smoke,normal_0_1,dot,lns,lns16_r10,16,5,10,fp32,fused,padded,thread_packet,2,16,1,1,2,none,fraction_lut_shared,fused/padded/thread_packet/x2/fraction_lut_shared,4096,0,1,16384,16384,4096,8,256,1,0,1,0.0084800003096461296,0.0084800003096461296,46.736625671386719,1
2026-08-16T21:22:33Z,NVIDIA H200 NVL,smoke,normal_0_1,gemv,lns,lns16_r10,16,5,10,fp32,fused,padded,thread_packet,2,16,1,1,2,none,fraction_lut_shared,fused/padded/thread_packet/x2/fraction_lut_shared,256,32,32,16896,16896,4096,32,256,1,0,1,0.005824000108987093,0.005824000108987093,2.3564786911010742,1
2026-08-16T21:22:33Z,NVIDIA H200 NVL,smoke,normal_0_1,dot,lns,lns16_r10,16,5,10,fp32,fused,padded,thread_packet,4,16,1,1,4,none,fraction_lut_shared,fused/padded/thread_packet/x4/fraction_lut_shared,4096,0,1,16384,16384,4096,4,256,1,0,1,0.0084480000659823418,0.0084480000659823418,46.736610412597656,1
2026-08-16T21:22:33Z,NVIDIA H200 NVL,smoke,normal_0_1,gemv,lns,lns16_r10,16,5,10,fp32,fused,padded,thread_packet,4,16,1,1,4,none,fraction_lut_shared,fused/padded/thread_packet/x4/fraction_lut_shared,256,32,32,16896,16896,4096,32,256,1,0,1,0.0062719997949898243,0.0062719997949898243,2.3564815521240234,1
2026-08-16T21:22:33Z,NVIDIA H200 NVL,smoke,normal_0_1,dot,lns,lns16_r10,16,5,10,fp32,fused,padded,thread_packet,8,16,1,1,8,none,fraction_lut_shared,fused/padded/thread_packet/x8/fraction_lut_shared,4096,0,1,16384,16384,4096,2,256,1,0,1,0.0096640000119805336,0.0096640000119805336,46.736610412597656,1
2026-08-16T21:22:33Z,NVIDIA H200 NVL,smoke,normal_0_1,gemv,lns,lns16_r10,16,5,10,fp32,fused,padded,thread_packet,8,16,1,1,8,none,fraction_lut_shared,fused/padded/thread_packet/x8/fraction_lut_shared,256,32,32,16896,16896,4096,32,256,1,0,1,0.0072320001199841499,0.0072320001199841499,2.356480598449707,1
2026-08-16T21:22:33Z,NVIDIA H200 NVL,smoke,normal_0_1,dot,lns,lns16_r10,16,5,10,fp32,ordinary,padded,scalar,1,16,1,1,1,none,split_linear,ordinary/padded/scalar/x1/split_linear,4096,0,1,16384,16384,1024,16,256,1,0,1,0.0072960001416504383,0.0072960001416504383,46.736618041992188,1
2026-08-16T21:22:33Z,NVIDIA H200 NVL,smoke,normal_0_1,gemv,lns,lns16_r10,16,5,10,fp32,ordinary,padded,scalar,1,16,1,1,1,none,split_linear,ordinary/padded/scalar/x1/split_linear,256,32,32,16896,16896,1024,32,256,1,0,1,0.0053759999573230743,0.0053759999573230743,2.3564949035644531,1
2026-08-16T21:22:33Z,NVIDIA H200 NVL,smoke,normal_0_1,dot,lns,lns16_r10,16,5,10,fp32,ordinary,padded,thread_packet,2,16,1,1,2,none,split_linear,ordinary/padded/thread_packet/x2/split_linear,4096,0,1,16384,16384,1024,8,256,1,0,1,0.0078720003366470337,0.0078720003366470337,46.736610412597656,1
2026-08-16T21:22:33Z,NVIDIA H200 NVL,smoke,normal_0_1,gemv,lns,lns16_r10,16,5,10,fp32,ordinary,padded,thread_packet,2,16,1,1,2,none,split_linear,ordinary/padded/thread_packet/x2/split_linear,256,32,32,16896,16896,1024,32,256,1,0,1,0.0056320000439882278,0.0056320000439882278,2.3564949035644531,1
2026-08-16T21:22:33Z,NVIDIA H200 NVL,smoke,normal_0_1,dot,lns,lns16_r10,16,5,10,fp32,ordinary,padded,thread_packet,4,16,1,1,4,none,split_linear,ordinary/padded/thread_packet/x4/split_linear,4096,0,1,16384,16384,1024,4,256,1,0,1,0.0084159998223185539,0.0084159998223185539,46.736618041992188,1
2026-08-16T21:22:33Z,NVIDIA H200 NVL,smoke,normal_0_1,gemv,lns,lns16_r10,16,5,10,fp32,ordinary,padded,thread_packet,4,16,1,1,4,none,split_linear,ordinary/padded/thread_packet/x4/split_linear,256,32,32,16896,16896,1024,32,256,1,0,1,0.0061440002173185349,0.0061440002173185349,2.3564941883087158,1
2026-08-16T21:22:33Z,NVIDIA H200 NVL,smoke,normal_0_1,dot,lns,lns16_r10,16,5,10,fp32,ordinary,padded,thread_packet,8,16,1,1,8,none,split_linear,ordinary/padded/thread_packet/x8/split_linear,4096,0,1,16384,16384,1024,2,256,1,0,1,0.0099839996546506882,0.0099839996546506882,46.736610412597656,1
2026-08-16T21:22:33Z,NVIDIA H200 NVL,smoke,normal_0_1,gemv,lns,lns16_r10,16,5,10,fp32,ordinary,padded,thread_packet,8,16,1,1,8,none,split_linear,ordinary/padded/thread_packet/x8/split_linear,256,32,32,16896,16896,1024,32,256,1,0,1,0.0079680001363158226,0.0079680001363158226,2.3564949035644531,1
2026-08-16T21:22:33Z,NVIDIA H200 NVL,smoke,normal_0_1,dot,lns,lns16_r10,16,5,10,fp32,fused,padded,scalar,1,16,1,1,1,none,split_linear,fused/padded/scalar/x1/split_linear,4096,0,1,16384,16384,1024,16,256,1,0,1,0.0074240001849830151,0.0074240001849830151,46.736541748046875,1
2026-08-16T21:22:33Z,NVIDIA H200 NVL,smoke,normal_0_1,gemv,lns,lns16_r10,16,5,10,fp32,fused,padded,scalar,1,16,1,1,1,none,split_linear,fused/padded/scalar/x1/split_linear,256,32,32,16896,16896,1024,32,256,1,0,1,0.0051520001143217087,0.0051520001143217087,2.356471061706543,1
2026-08-16T21:22:33Z,NVIDIA H200 NVL,smoke,normal_0_1,dot,lns,lns16_r10,16,5,10,fp32,fused,padded,thread_packet,2,16,1,1,2,none,split_linear,fused/padded/thread_packet/x2/split_linear,4096,0,1,16384,16384,1024,8,256,1,0,1,0.0073919999413192272,0.0073919999413192272,46.736549377441406,1
2026-08-16T21:22:33Z,NVIDIA H200 NVL,smoke,normal_0_1,gemv,lns,lns16_r10,16,5,10,fp32,fused,padded,thread_packet,2,16,1,1,2,none,split_linear,fused/padded/thread_packet/x2/split_linear,256,32,32,16896,16896,1024,32,256,1,0,1,0.0054080002009868622,0.0054080002009868622,2.3564729690551758,1
2026-08-16T21:22:33Z,NVIDIA H200 NVL,smoke,normal_0_1,dot,lns,lns16_r10,16,5,10,fp32,fused,padded,thread_packet,4,16,1,1,4,none,split_linear,fused/padded/thread_packet/x4/split_linear,4096,0,1,16384,16384,1024,4,256,1,0,1,0.0079359998926520348,0.0079359998926520348,46.736537933349609,1
2026-08-16T21:22:33Z,NVIDIA H200 NVL,smoke,normal_0_1,gemv,lns,lns16_r10,16,5,10,fp32,fused,padded,thread_packet,4,16,1,1,4,none,split_linear,fused/padded/thread_packet/x4/split_linear,256,32,32,16896,16896,1024,32,256,1,0,1,0.0060479999519884586,0.0060479999519884586,2.3564708232879639,1
2026-08-16T21:22:33Z,NVIDIA H200 NVL,smoke,normal_0_1,dot,lns,lns16_r10,16,5,10,fp32,fused,padded,thread_packet,8,16,1,1,8,none,split_linear,fused/padded/thread_packet/x8/split_linear,4096,0,1,16384,16384,1024,2,256,1,0,1,0.0086719999089837074,0.0086719999089837074,46.736545562744141,1
2026-08-16T21:22:33Z,NVIDIA H200 NVL,smoke,normal_0_1,gemv,lns,lns16_r10,16,5,10,fp32,fused,padded,thread_packet,8,16,1,1,8,none,split_linear,fused/padded/thread_packet/x8/split_linear,256,32,32,16896,16896,1024,32,256,1,0,1,0.0072320001199841499,0.0072320001199841499,2.356471061706543,1
2026-08-16T21:22:33Z,NVIDIA H200 NVL,smoke,normal_0_1,dot,lns,lns16_r10,16,5,10,fp32,ordinary,padded,scalar,1,16,1,1,1,none,split_quadratic,ordinary/padded/scalar/x1/split_quadratic,4096,0,1,16384,16384,1024,16,256,1,0,1,0.0073279999196529388,0.0073279999196529388,46.736618041992188,1
2026-08-16T21:22:33Z,NVIDIA H200 NVL,smoke,normal_0_1,gemv,lns,lns16_r10,16,5,10,fp32,ordinary,padded,scalar,1,16,1,1,1,none,split_quadratic,ordinary/padded/scalar/x1/split_quadratic,256,32,32,16896,16896,1024,32,256,1,0,1,0.0053440001793205738,0.0053440001793205738,2.3564796447753906,1
2026-08-16T21:22:33Z,NVIDIA H200 NVL,smoke,normal_0_1,dot,lns,lns16_r10,16,5,10,fp32,ordinary,padded,thread_packet,2,16,1,1,2,none,split_quadratic,ordinary/padded/thread_packet/x2/split_quadratic,4096,0,1,16384,16384,1024,8,256,1,0,1,0.0076799998059868813,0.0076799998059868813,46.736610412597656,1
2026-08-16T21:22:33Z,NVIDIA H200 NVL,smoke,normal_0_1,gemv,lns,lns16_r10,16,5,10,fp32,ordinary,padded,thread_packet,2,16,1,1,2,none,split_quadratic,ordinary/padded/thread_packet/x2/split_quadratic,256,32,32,16896,16896,1024,32,256,1,0,1,0.0055680000223219395,0.0055680000223219395,2.356480598449707,1
2026-08-16T21:22:33Z,NVIDIA H200 NVL,smoke,normal_0_1,dot,lns,lns16_r10,16,5,10,fp32,ordinary,padded,thread_packet,4,16,1,1,4,none,split_quadratic,ordinary/padded/thread_packet/x4/split_quadratic,4096,0,1,16384,16384,1024,4,256,1,0,1,0.0083839995786547661,0.0083839995786547661,46.736625671386719,1
2026-08-16T21:22:33Z,NVIDIA H200 NVL,smoke,normal_0_1,gemv,lns,lns16_r10,16,5,10,fp32,ordinary,padded,thread_packet,4,16,1,1,4,none,split_quadratic,ordinary/padded/thread_packet/x4/split_quadratic,256,32,32,16896,16896,1024,32,256,1,0,1,0.0063680000603199005,0.0063680000603199005,2.3564798831939697,1
2026-08-16T21:22:33Z,NVIDIA H200 NVL,smoke,normal_0_1,dot,lns,lns16_r10,16,5,10,fp32,ordinary,padded,thread_packet,8,16,1,1,8,none,split_quadratic,ordinary/padded/thread_packet/x8/split_quadratic,4096,0,1,16384,16384,1024,2,256,1,0,1,0.0098559996113181114,0.0098559996113181114,46.736618041992188,1
2026-08-16T21:22:33Z,NVIDIA H200 NVL,smoke,normal_0_1,gemv,lns,lns16_r10,16,5,10,fp32,ordinary,padded,thread_packet,8,16,1,1,8,none,split_quadratic,ordinary/padded/thread_packet/x8/split_quadratic,256,32,32,16896,16896,1024,32,256,1,0,1,0.0079359998926520348,0.0079359998926520348,2.3564815521240234,1
2026-08-16T21:22:33Z,NVIDIA H200 NVL,smoke,normal_0_1,dot,lns,lns16_r10,16,5,10,fp32,fused,padded,scalar,1,16,1,1,1,none,split_quadratic,fused/padded/scalar/x1/split_quadratic,4096,0,1,16384,16384,1024,16,256,1,0,1,0.007519999984651804,0.007519999984651804,46.736618041992188,1
2026-08-16T21:22:33Z,NVIDIA H200 NVL,smoke,normal_0_1,gemv,lns,lns16_r10,16,5,10,fp32,fused,padded,scalar,1,16,1,1,1,none,split_quadratic,fused/padded/scalar/x1/split_quadratic,256,32,32,16896,16896,1024,32,256,1,0,1,0.0049919998273253441,0.0049919998273253441,2.3564777374267578,1
2026-08-16T21:22:33Z,NVIDIA H200 NVL,smoke,normal_0_1,dot,lns,lns16_r10,16,5,10,fp32,fused,padded,thread_packet,2,16,1,1,2,none,split_quadratic,fused/padded/thread_packet/x2/split_quadratic,4096,0,1,16384,16384,1024,8,256,1,0,1,0.007519999984651804,0.007519999984651804,46.736618041992188,1
2026-08-16T21:22:33Z,NVIDIA H200 NVL,smoke,normal_0_1,gemv,lns,lns16_r10,16,5,10,fp32,fused,padded,thread_packet,2,16,1,1,2,none,split_quadratic,fused/padded/thread_packet/x2/split_quadratic,256,32,32,16896,16896,1024,32,256,1,0,1,0.0056320000439882278,0.0056320000439882278,2.3564796447753906,1
2026-08-16T21:22:33Z,NVIDIA H200 NVL,smoke,normal_0_1,dot,lns,lns16_r10,16,5,10,fp32,fused,padded,thread_packet,4,16,1,1,4,none,split_quadratic,fused/padded/thread_packet/x4/split_quadratic,4096,0,1,16384,16384,1024,4,256,1,0,1,0.007807999849319458,0.007807999849319458,46.736618041992188,1
2026-08-16T21:22:33Z,NVIDIA H200 NVL,smoke,normal_0_1,gemv,lns,lns16_r10,16,5,10,fp32,fused,padded,thread_packet,4,16,1,1,4,none,split_quadratic,fused/padded/thread_packet/x4/split_quadratic,256,32,32,16896,16896,1024,32,256,1,0,1,0.0060479999519884586,0.0060479999519884586,2.3564791679382324,1
2026-08-16T21:22:33Z,NVIDIA H200 NVL,smoke,normal_0_1,dot,lns,lns16_r10,16,5,10,fp32,fused,padded,thread_packet,8,16,1,1,8,none,split_quadratic,fused/padded/thread_packet/x8/split_quadratic,4096,0,1,16384,16384,1024,2,256,1,0,1,0.008832000195980072,0.008832000195980072,46.736610412597656,1
2026-08-16T21:22:33Z,NVIDIA H200 NVL,smoke,normal_0_1,gemv,lns,lns16_r10,16,5,10,fp32,fused,padded,thread_packet,8,16,1,1,8,none,split_quadratic,fused/padded/thread_packet/x8/split_quadratic,256,32,32,16896,16896,1024,32,256,1,0,1,0.0072320001199841499,0.0072320001199841499,2.3564777374267578,1
2026-08-16T21:22:33Z,NVIDIA H200 NVL,smoke,normal_0_1,dot,lns,lns16_r10,16,5,10,fp32,ordinary,padded,scalar,1,16,1,1,1,none,split_cubic,ordinary/padded/scalar/x1/split_cubic,4096,0,1,16384,16384,1024,16,256,1,0,1,0.0076799998059868813,0.0076799998059868813,46.736618041992188,1
2026-08-16T21:22:33Z,NVIDIA H200 NVL,smoke,normal_0_1,gemv,lns,lns16_r10,16,5,10,fp32,ordinary,padded,scalar,1,16,1,1,1,none,split_cubic,ordinary/padded/scalar/x1/split_cubic,256,32,32,16896,16896,1024,32,256,1,0,1,0.0053759999573230743,0.0053759999573230743,2.3564796447753906,1
2026-08-16T21:22:33Z,NVIDIA H200 NVL,smoke,normal_0_1,dot,lns,lns16_r10,16,5,10,fp32,ordinary,padded,thread_packet,2,16,1,1,2,none,split_cubic,ordinary/padded/thread_packet/x2/split_cubic,4096,0,1,16384,16384,1024,8,256,1,0,1,0.0076799998059868813,0.0076799998059868813,46.736610412597656,1
2026-08-16T21:22:33Z,NVIDIA H200 NVL,smoke,normal_0_1,gemv,lns,lns16_r10,16,5,10,fp32,ordinary,padded,thread_packet,2,16,1,1,2,none,split_cubic,ordinary/padded/thread_packet/x2/split_cubic,256,32,32,16896,16896,1024,32,256,1,0,1,0.0059520001523196697,0.0059520001523196697,2.356480598449707,1
2026-08-16T21:22:33Z,NVIDIA H200 NVL,smoke,normal_0_1,dot,lns,lns16_r10,16,5,10,fp32,ordinary,padded,thread_packet,4,16,1,1,4,none,split_cubic,ordinary/padded/thread_packet/x4/split_cubic,4096,0,1,16384,16384,1024,4,256,1,0,1,0.0084159998223185539,0.0084159998223185539,46.736625671386719,1
2026-08-16T21:22:33Z,NVIDIA H200 NVL,smoke,normal_0_1,gemv,lns,lns16_r10,16,5,10,fp32,ordinary,padded,thread_packet,4,16,1,1,4,none,split_cubic,ordinary/padded/thread_packet/x4/split_cubic,256,32,32,16896,16896,1024,32,256,1,0,1,0.0063040000386536121,0.0063040000386536121,2.3564798831939697,1
2026-08-16T21:22:33Z,NVIDIA H200 NVL,smoke,normal_0_1,dot,lns,lns16_r10,16,5,10,fp32,ordinary,padded,thread_packet,8,16,1,1,8,none,split_cubic,ordinary/padded/thread_packet/x8/split_cubic,4096,0,1,16384,16384,1024,2,256,1,0,1,0.010463999584317207,0.010463999584317207,46.736618041992188,1
2026-08-16T21:22:33Z,NVIDIA H200 NVL,smoke,normal_0_1,gemv,lns,lns16_r10,16,5,10,fp32,ordinary,padded,thread_packet,8,16,1,1,8,none,split_cubic,ordinary/padded/thread_packet/x8/split_cubic,256,32,32,16896,16896,1024,32,256,1,0,1,0.0079680001363158226,0.0079680001363158226,2.3564815521240234,1
2026-08-16T21:22:33Z,NVIDIA H200 NVL,smoke,normal_0_1,dot,lns,lns16_r10,16,5,10,fp32,fused,padded,scalar,1,16,1,1,1,none,split_cubic,fused/padded/scalar/x1/split_cubic,4096,0,1,16384,16384,1024,16,256,1,0,1,0.0073919999413192272,0.0073919999413192272,46.736618041992188,1
2026-08-16T21:22:33Z,NVIDIA H200 NVL,smoke,normal_0_1,gemv,lns,lns16_r10,16,5,10,fp32,fused,padded,scalar,1,16,1,1,1,none,split_cubic,fused/padded/scalar/x1/split_cubic,256,32,32,16896,16896,1024,32,256,1,0,1,0.005311999935656786,0.005311999935656786,2.3564777374267578,1
2026-08-16T21:22:33Z,NVIDIA H200 NVL,smoke,normal_0_1,dot,lns,lns16_r10,16,5,10,fp32,fused,padded,thread_packet,2,16,1,1,2,none,split_cubic,fused/padded/thread_packet/x2/split_cubic,4096,0,1,16384,16384,1024,8,256,1,0,1,0.0073279999196529388,0.0073279999196529388,46.736618041992188,1
2026-08-16T21:22:33Z,NVIDIA H200 NVL,smoke,normal_0_1,gemv,lns,lns16_r10,16,5,10,fp32,fused,padded,thread_packet,2,16,1,1,2,none,split_cubic,fused/padded/thread_packet/x2/split_cubic,256,32,32,16896,16896,1024,32,256,1,0,1,0.0053440001793205738,0.0053440001793205738,2.3564796447753906,1
2026-08-16T21:22:33Z,NVIDIA H200 NVL,smoke,normal_0_1,dot,lns,lns16_r10,16,5,10,fp32,fused,padded,thread_packet,4,16,1,1,4,none,split_cubic,fused/padded/thread_packet/x4/split_cubic,4096,0,1,16384,16384,1024,4,256,1,0,1,0.0080960001796483994,0.0080960001796483994,46.736618041992188,1
2026-08-16T21:22:33Z,NVIDIA H200 NVL,smoke,normal_0_1,gemv,lns,lns16_r10,16,5,10,fp32,fused,padded,thread_packet,4,16,1,1,4,none,split_cubic,fused/padded/thread_packet/x4/split_cubic,256,32,32,16896,16896,1024,32,256,1,0,1,0.0060479999519884586,0.0060479999519884586,2.3564791679382324,1
2026-08-16T21:22:33Z,NVIDIA H200 NVL,smoke,normal_0_1,dot,lns,lns16_r10,16,5,10,fp32,fused,padded,thread_packet,8,16,1,1,8,none,split_cubic,fused/padded/thread_packet/x8/split_cubic,4096,0,1,16384,16384,1024,2,256,1,0,1,0.0091519998386502266,0.0091519998386502266,46.736610412597656,1
2026-08-16T21:22:33Z,NVIDIA H200 NVL,smoke,normal_0_1,gemv,lns,lns16_r10,16,5,10,fp32,fused,padded,thread_packet,8,16,1,1,8,none,split_cubic,fused/padded/thread_packet/x8/split_cubic,256,32,32,16896,16896,1024,32,256,1,0,1,0.0072639998979866505,0.0072639998979866505,2.3564777374267578,1
2026-08-16T21:22:33Z,NVIDIA H200 NVL,smoke,normal_0_1,dot,lns,lns16_r10,16,5,10,fp32,fused,padded,scalar,1,16,1,1,1,none,fused_sum_lut_global,fused/padded/scalar/x1/fused_sum_lut_global,4096,0,1,16384,16384,262144,16,256,1,0,1,0.0072320001199841499,0.0072320001199841499,46.736625671386719,1
2026-08-16T21:22:33Z,NVIDIA H200 NVL,smoke,normal_0_1,gemv,lns,lns16_r10,16,5,10,fp32,fused,padded,scalar,1,16,1,1,1,none,fused_sum_lut_global,fused/padded/scalar/x1/fused_sum_lut_global,256,32,32,16896,16896,262144,32,256,1,0,1,0.0054399999789893627,0.0054399999789893627,2.356480598449707,1
2026-08-16T21:22:33Z,NVIDIA H200 NVL,smoke,normal_0_1,dot,lns,lns16_r10,16,5,10,fp32,fused,padded,thread_packet,2,16,1,1,2,none,fused_sum_lut_global,fused/padded/thread_packet/x2/fused_sum_lut_global,4096,0,1,16384,16384,262144,8,256,1,0,1,0.0076480000279843807,0.0076480000279843807,46.736625671386719,1
2026-08-16T21:22:33Z,NVIDIA H200 NVL,smoke,normal_0_1,gemv,lns,lns16_r10,16,5,10,fp32,fused,padded,thread_packet,2,16,1,1,2,none,fused_sum_lut_global,fused/padded/thread_packet/x2/fused_sum_lut_global,256,32,32,16896,16896,262144,32,256,1,0,1,0.0055359997786581516,0.0055359997786581516,2.3564786911010742,1
2026-08-16T21:22:33Z,NVIDIA H200 NVL,smoke,normal_0_1,dot,lns,lns16_r10,16,5,10,fp32,fused,padded,thread_packet,4,16,1,1,4,none,fused_sum_lut_global,fused/padded/thread_packet/x4/fused_sum_lut_global,4096,0,1,16384,16384,262144,4,256,1,0,1,0.0086719999089837074,0.0086719999089837074,46.736610412597656,1
2026-08-16T21:22:33Z,NVIDIA H200 NVL,smoke,normal_0_1,gemv,lns,lns16_r10,16,5,10,fp32,fused,padded,thread_packet,4,16,1,1,4,none,fused_sum_lut_global,fused/padded/thread_packet/x4/fused_sum_lut_global,256,32,32,16896,16896,262144,32,256,1,0,1,0.0060479999519884586,0.0060479999519884586,2.3564815521240234,1
2026-08-16T21:22:33Z,NVIDIA H200 NVL,smoke,normal_0_1,dot,lns,lns16_r10,16,5,10,fp32,fused,padded,thread_packet,8,16,1,1,8,none,fused_sum_lut_global,fused/padded/thread_packet/x8/fused_sum_lut_global,4096,0,1,16384,16384,262144,2,256,1,0,1,0.0097920000553131104,0.0097920000553131104,46.736610412597656,1
2026-08-16T21:22:33Z,NVIDIA H200 NVL,smoke,normal_0_1,gemv,lns,lns16_r10,16,5,10,fp32,fused,padded,thread_packet,8,16,1,1,8,none,fused_sum_lut_global,fused/padded/thread_packet/x8/fused_sum_lut_global,256,32,32,16896,16896,262144,32,256,1,0,1,0.0074240001849830151,0.0074240001849830151,2.356480598449707,1
2026-08-16T21:22:33Z,NVIDIA H200 NVL,smoke,normal_0_1,dot,lns,lns16_r10,16,5,10,fp64,ordinary,padded,scalar,1,16,1,1,1,none,reference_exp2,ordinary/padded/scalar/x1/reference_exp2,4096,0,1,16384,16384,0,16,256,1,0,1,0.0075520002283155918,0.0075520002283155918,46.736619748709543,1
2026-08-16T21:22:33Z,NVIDIA H200 NVL,smoke,normal_0_1,gemv,lns,lns16_r10,16,5,10,fp64,ordinary,padded,scalar,1,16,1,1,1,none,reference_exp2,ordinary/padded/scalar/x1/reference_exp2,256,32,32,16896,16896,0,32,256,1,0,1,0.0055040000006556511,0.0055040000006556511,2.3564804863174356,1
2026-08-16T21:22:33Z,NVIDIA H200 NVL,smoke,normal_0_1,dot,lns,lns16_r10,16,5,10,fp64,fused,padded,scalar,1,16,1,1,1,none,reference_exp2,fused/padded/scalar/x1/reference_exp2,4096,0,1,16384,16384,0,16,256,1,0,1,0.0071999998763203621,0.0071999998763203621,46.736619748709529,1
2026-08-16T21:22:33Z,NVIDIA H200 NVL,smoke,normal_0_1,gemv,lns,lns16_r10,16,5,10,fp64,fused,padded,scalar,1,16,1,1,1,none,reference_exp2,fused/padded/scalar/x1/reference_exp2,256,32,32,16896,16896,0,32,256,1,0,1,0.0048639997839927673,0.0048639997839927673,2.3564804863174356,1
2026-08-16T21:22:33Z,NVIDIA H200 NVL,smoke,normal_0_1,dot,lns,lns16_r10,16,5,10,fp64,ordinary,padded,scalar,1,16,1,1,1,none,ex2_approx,ordinary/padded/scalar/x1/ex2_approx,4096,0,1,16384,16384,0,16,256,1,0,1,0.0071999998763203621,0.0071999998763203621,46.736614606758849,1
2026-08-16T21:22:33Z,NVIDIA H200 NVL,smoke,normal_0_1,gemv,lns,lns16_r10,16,5,10,fp64,ordinary,padded,scalar,1,16,1,1,1,none,ex2_approx,ordinary/padded/scalar/x1/ex2_approx,256,32,32,16896,16896,0,32,256,1,0,1,0.0049600000493228436,0.0049600000493228436,2.3564809335354182,1
2026-08-16T21:22:33Z,NVIDIA H200 NVL,smoke,normal_0_1,dot,lns,lns16_r10,16,5,10,fp64,ordinary,padded,thread_packet,2,16,1,1,2,none,ex2_approx,ordinary/padded/thread_packet/x2/ex2_approx,4096,0,1,16384,16384,0,8,256,1,0,1,0.0076480000279843807,0.0076480000279843807,46.736614606758835,1
2026-08-16T21:22:33Z,NVIDIA H200 NVL,smoke,normal_0_1,gemv,lns,lns16_r10,16,5,10,fp64,ordinary,padded,thread_packet,2,16,1,1,2,none,ex2_approx,ordinary/padded/thread_packet/x2/ex2_approx,256,32,32,16896,16896,0,32,256,1,0,1,0.0053440001793205738,0.0053440001793205738,2.3564809335354191,1
2026-08-16T21:22:33Z,NVIDIA H200 NVL,smoke,normal_0_1,dot,lns,lns16_r10,16,5,10,fp64,ordinary,padded,thread_packet,4,16,1,1,4,none,ex2_approx,ordinary/padded/thread_packet/x4/ex2_approx,4096,0,1,16384,16384,0,4,256,1,0,1,0.0078720003366470337,0.0078720003366470337,46.73661460675887,1
2026-08-16T21:22:33Z,NVIDIA H200 NVL,smoke,normal_0_1,gemv,lns,lns16_r10,16,5,10,fp64,ordinary,padded,thread_packet,4,16,1,1,4,none,ex2_approx,ordinary/padded/thread_packet/x4/ex2_approx,256,32,32,16896,16896,0,32,256,1,0,1,0.005824000108987093,0.005824000108987093,2.3564809335354178,1
2026-08-16T21:22:33Z,NVIDIA H200 NVL,smoke,normal_0_1,dot,lns,lns16_r10,16,5,10,fp64,ordinary,padded,thread_packet,8,16,1,1,8,none,ex2_approx,ordinary/padded/thread_packet/x8/ex2_approx,4096,0,1,16384,16384,0,2,256,1,0,1,0.008832000195980072,0.008832000195980072,46.736614606758863,1
2026-08-16T21:22:33Z,NVIDIA H200 NVL,smoke,normal_0_1,gemv,lns,lns16_r10,16,5,10,fp64,ordinary,padded,thread_packet,8,16,1,1,8,none,ex2_approx,ordinary/padded/thread_packet/x8/ex2_approx,256,32,32,16896,16896,0,32,256,1,0,1,0.0064960001036524773,0.0064960001036524773,2.3564809335354191,1
2026-08-16T21:22:33Z,NVIDIA H200 NVL,smoke,normal_0_1,dot,lns,lns16_r10,16,5,10,fp64,fused,padded,scalar,1,16,1,1,1,none,ex2_approx,fused/padded/scalar/x1/ex2_approx,4096,0,1,16384,16384,0,16,256,1,0,1,0.0079039996489882469,0.0079039996489882469,46.73662347240861,1
2026-08-16T21:22:33Z,NVIDIA H200 NVL,smoke,normal_0_1,gemv,lns,lns16_r10,16,5,10,fp64,fused,padded,scalar,1,16,1,1,1,none,ex2_approx,fused/padded/scalar/x1/ex2_approx,256,32,32,16896,16896,0,32,256,1,0,1,0.0049279998056590557,0.0049279998056590557,2.3564806303475052,1
2026-08-16T21:22:33Z,NVIDIA H200 NVL,smoke,normal_0_1,dot,lns,lns16_r10,16,5,10,fp64,fused,padded,thread_packet,2,16,1,1,2,none,ex2_approx,fused/padded/thread_packet/x2/ex2_approx,4096,0,1,16384,16384,0,8,256,1,0,1,0.0074559999629855156,0.0074559999629855156,46.73662347240861,1
2026-08-16T21:22:33Z,NVIDIA H200 NVL,smoke,normal_0_1,gemv,lns,lns16_r10,16,5,10,fp64,fused,padded,thread_packet,2,16,1,1,2,none,ex2_approx,fused/padded/thread_packet/x2/ex2_approx,256,32,32,16896,16896,0,32,256,1,0,1,0.0054720002226531506,0.0054720002226531506,2.3564806303475052,1
2026-08-16T21:22:33Z,NVIDIA H200 NVL,smoke,normal_0_1,dot,lns,lns16_r10,16,5,10,fp64,fused,padded,thread_packet,4,16,1,1,4,none,ex2_approx,fused/padded/thread_packet/x4/ex2_approx,4096,0,1,16384,16384,0,4,256,1,0,1,0.0078400000929832458,0.0078400000929832458,46.73662347240861,1
2026-08-16T21:22:33Z,NVIDIA H200 NVL,smoke,normal_0_1,gemv,lns,lns16_r10,16,5,10,fp64,fused,padded,thread_packet,4,16,1,1,4,none,ex2_approx,fused/padded/thread_packet/x4/ex2_approx,256,32,32,16896,16896,0,32,256,1,0,1,0.0053440001793205738,0.0053440001793205738,2.3564806303475052,1
2026-08-16T21:22:33Z,NVIDIA H200 NVL,smoke,normal_0_1,dot,lns,lns16_r10,16,5,10,fp64,fused,padded,thread_packet,8,16,1,1,8,none,ex2_approx,fused/padded/thread_packet/x8/ex2_approx,4096,0,1,16384,16384,0,2,256,1,0,1,0.0084800003096461296,0.0084800003096461296,46.73662347240861,1
2026-08-16T21:22:33Z,NVIDIA H200 NVL,smoke,normal_0_1,gemv,lns,lns16_r10,16,5,10,fp64,fused,padded,thread_packet,8,16,1,1,8,none,ex2_approx,fused/padded/thread_packet/x8/ex2_approx,256,32,32,16896,16896,0,32,256,1,0,1,0.0061440002173185349,0.0061440002173185349,2.3564806303475052,1
2026-08-16T21:22:33Z,NVIDIA H200 NVL,smoke,normal_0_1,dot,lns,lns16_r10,16,5,10,fp64,ordinary,padded,scalar,1,16,1,1,1,none,fraction_lut_global,ordinary/padded/scalar/x1/fraction_lut_global,4096,0,1,16384,16384,8192,16,256,1,0,1,0.0079359998926520348,0.0079359998926520348,46.736619748709558,1
2026-08-16T21:22:33Z,NVIDIA H200 NVL,smoke,normal_0_1,gemv,lns,lns16_r10,16,5,10,fp64,ordinary,padded,scalar,1,16,1,1,1,none,fraction_lut_global,ordinary/padded/scalar/x1/fraction_lut_global,256,32,32,16896,16896,8192,32,256,1,0,1,0.005311999935656786,0.005311999935656786,2.3564804863174373,1
2026-08-16T21:22:33Z,NVIDIA H200 NVL,smoke,normal_0_1,dot,lns,lns16_r10,16,5,10,fp64,ordinary,padded,thread_packet,2,16,1,1,2,none,fraction_lut_global,ordinary/padded/thread_packet/x2/fraction_lut_global,4096,0,1,16384,16384,8192,8,256,1,0,1,0.0082879997789859772,0.0082879997789859772,46.736619748709543,1
2026-08-16T21:22:33Z,NVIDIA H200 NVL,smoke,normal_0_1,gemv,lns,lns16_r10,16,5,10,fp64,ordinary,padded,thread_packet,2,16,1,1,2,none,fraction_lut_global,ordinary/padded/thread_packet/x2/fraction_lut_global,256,32,32,16896,16896,8192,32,256,1,0,1,0.0061759999953210354,0.0061759999953210354,2.3564804863174373,1
2026-08-16T21:22:33Z,NVIDIA H200 NVL,smoke,normal_0_1,dot,lns,lns16_r10,16,5,10,fp64,ordinary,padded,thread_packet,4,16,1,1,4,none,fraction_lut_global,ordinary/padded/thread_packet/x4/fraction_lut_global,4096,0,1,16384,16384,8192,4,256,1,0,1,0.0092160003259778023,0.0092160003259778023,46.736619748709543,1
2026-08-16T21:22:33Z,NVIDIA H200 NVL,smoke,normal_0_1,gemv,lns,lns16_r10,16,5,10,fp64,ordinary,padded,thread_packet,4,16,1,1,4,none,fraction_lut_global,ordinary/padded/thread_packet/x4/fraction_lut_global,256,32,32,16896,16896,8192,32,256,1,0,1,0.0074559999629855156,0.0074559999629855156,2.3564804863174333,1
2026-08-16T21:22:33Z,NVIDIA H200 NVL,smoke,normal_0_1,dot,lns,lns16_r10,16,5,10,fp64,ordinary,padded,thread_packet,8,16,1,1,8,none,fraction_lut_global,ordinary/padded/thread_packet/x8/fraction_lut_global,4096,0,1,16384,16384,8192,2,256,1,0,1,0.01104000024497509,0.01104000024497509,46.736619748709536,1
2026-08-16T21:22:33Z,NVIDIA H200 NVL,smoke,normal_0_1,gemv,lns,lns16_r10,16,5,10,fp64,ordinary,padded,thread_packet,8,16,1,1,8,none,fraction_lut_global,ordinary/padded/thread_packet/x8/fraction_lut_global,256,32,32,16896,16896,8192,32,256,1,0,1,0.010048000141978264,0.010048000141978264,2.3564804863174338,1
2026-08-16T21:22:33Z,NVIDIA H200 NVL,smoke,normal_0_1,dot,lns,lns16_r10,16,5,10,fp64,fused,padded,scalar,1,16,1,1,1,none,fraction_lut_global,fused/padded/scalar/x1/fraction_lut_global,4096,0,1,16384,16384,8192,16,256,1,0,1,0.0073279999196529388,0.0073279999196529388,46.736619748709543,1
2026-08-16T21:22:33Z,NVIDIA H200 NVL,smoke,normal_0_1,gemv,lns,lns16_r10,16,5,10,fp64,fused,padded,scalar,1,16,1,1,1,none,fraction_lut_global,fused/padded/scalar/x1/fraction_lut_global,256,32,32,16896,16896,8192,32,256,1,0,1,0.0055040000006556511,0.0055040000006556511,2.3564804863174356,1
2026-08-16T21:22:33Z,NVIDIA H200 NVL,smoke,normal_0_1,dot,lns,lns16_r10,16,5,10,fp64,fused,padded,thread_packet,2,16,1,1,2,none,fraction_lut_global,fused/padded/thread_packet/x2/fraction_lut_global,4096,0,1,16384,16384,8192,8,256,1,0,1,0.0077439998276531696,0.0077439998276531696,46.736619748709558,1
2026-08-16T21:22:33Z,NVIDIA H200 NVL,smoke,normal_0_1,gemv,lns,lns16_r10,16,5,10,fp64,fused,padded,thread_packet,2,16,1,1,2,none,fraction_lut_global,fused/padded/thread_packet/x2/fraction_lut_global,256,32,32,16896,16896,8192,32,256,1,0,1,0.0056320000439882278,0.0056320000439882278,2.3564804863174302,1
2026-08-16T21:22:33Z,NVIDIA H200 NVL,smoke,normal_0_1,dot,lns,lns16_r10,16,5,10,fp64,fused,padded,thread_packet,4,16,1,1,4,none,fraction_lut_global,fused/padded/thread_packet/x4/fraction_lut_global,4096,0,1,16384,16384,8192,4,256,1,0,1,0.0087040001526474953,0.0087040001526474953,46.736619748709536,1
2026-08-16T21:22:33Z,NVIDIA H200 NVL,smoke,normal_0_1,gemv,lns,lns16_r10,16,5,10,fp64,fused,padded,thread_packet,4,16,1,1,4,none,fraction_lut_global,fused/padded/thread_packet/x4/fraction_lut_global,256,32,32,16896,16896,8192,32,256,1,0,1,0.0062079997733235359,0.0062079997733235359,2.3564804863174333,1
2026-08-16T21:22:33Z,NVIDIA H200 NVL,smoke,normal_0_1,dot,lns,lns16_r10,16,5,10,fp64,fused,padded,thread_packet,8,16,1,1,8,none,fraction_lut_global,fused/padded/thread_packet/x8/fraction_lut_global,4096,0,1,16384,16384,8192,2,256,1,0,1,0.0099520003423094749,0.0099520003423094749,46.736619748709558,1
2026-08-16T21:22:33Z,NVIDIA H200 NVL,smoke,normal_0_1,gemv,lns,lns16_r10,16,5,10,fp64,fused,padded,thread_packet,8,16,1,1,8,none,fraction_lut_global,fused/padded/thread_packet/x8/fraction_lut_global,256,32,32,16896,16896,8192,32,256,1,0,1,0.0079359998926520348,0.0079359998926520348,2.3564804863174356,1
2026-08-16T21:22:33Z,NVIDIA H200 NVL,smoke,normal_0_1,dot,lns,lns16_r10,16,5,10,fp64,ordinary,padded,scalar,1,16,1,1,1,none,fraction_lut_shared,ordinary/padded/scalar/x1/fraction_lut_shared,4096,0,1,16384,16384,8192,16,256,1,0,1,0.0081919999793171883,0.0081919999793171883,46.736619748709558,1
2026-08-16T21:22:33Z,NVIDIA H200 NVL,smoke,normal_0_1,gemv,lns,lns16_r10,16,5,10,fp64,ordinary,padded,scalar,1,16,1,1,1,none,fraction_lut_shared,ordinary/padded/scalar/x1/fraction_lut_shared,256,32,32,16896,16896,8192,32,256,1,0,1,0.0060800001956522465,0.0060800001956522465,2.3564804863174373,1
2026-08-16T21:22:33Z,NVIDIA H200 NVL,smoke,normal_0_1,dot,lns,lns16_r10,16,5,10,fp64,ordinary,padded,thread_packet,2,16,1,1,2,none,fraction_lut_shared,ordinary/padded/thread_packet/x2/fraction_lut_shared,4096,0,1,16384,16384,8192,8,256,1,0,1,0.0085119996219873428,0.0085119996219873428,46.736619748709543,1
2026-08-16T21:22:33Z,NVIDIA H200 NVL,smoke,normal_0_1,gemv,lns,lns16_r10,16,5,10,fp64,ordinary,padded,thread_packet,2,16,1,1,2,none,fraction_lut_shared,ordinary/padded/thread_packet/x2/fraction_lut_shared,256,32,32,16896,16896,8192,32,256,1,0,1,0.0060800001956522465,0.0060800001956522465,2.3564804863174373,1
2026-08-16T21:22:33Z,NVIDIA H200 NVL,smoke,normal_0_1,dot,lns,lns16_r10,16,5,10,fp64,ordinary,padded,thread_packet,4,16,1,1,4,none,fraction_lut_shared,ordinary/padded/thread_packet/x4/fraction_lut_shared,4096,0,1,16384,16384,8192,4,256,1,0,1,0.0092799998819828033,0.0092799998819828033,46.736619748709543,1
2026-08-16T21:22:33Z,NVIDIA H200 NVL,smoke,normal_0_1,gemv,lns,lns16_r10,16,5,10,fp64,ordinary,padded,thread_packet,4,16,1,1,4,none,fraction_lut_shared,ordinary/padded/thread_packet/x4/fraction_lut_shared,256,32,32,16896,16896,8192,32,256,1,0,1,0.0068479999899864197,0.0068479999899864197,2.3564804863174333,1
2026-08-16T21:22:33Z,NVIDIA H200 NVL,smoke,normal_0_1,dot,lns,lns16_r10,16,5,10,fp64,ordinary,padded,thread_packet,8,16,1,1,8,none,fraction_lut_shared,ordinary/padded/thread_packet/x8/fraction_lut_shared,4096,0,1,16384,16384,8192,2,256,1,0,1,0.010560000315308571,0.010560000315308571,46.736619748709536,1
2026-08-16T21:22:33Z,NVIDIA H200 NVL,smoke,normal_0_1,gemv,lns,lns16_r10,16,5,10,fp64,ordinary,padded,thread_packet,8,16,1,1,8,none,fraction_lut_shared,ordinary/padded/thread_packet/x8/fraction_lut_shared,256,32,32,16896,16896,8192,32,256,1,0,1,0.0084159998223185539,0.0084159998223185539,2.3564804863174338,1
2026-08-16T21:22:33Z,NVIDIA H200 NVL,smoke,normal_0_1,dot,lns,lns16_r10,16,5,10,fp64,fused,padded,scalar,1,16,1,1,1,none,fraction_lut_shared,fused/padded/scalar/x1/fraction_lut_shared,4096,0,1,16384,16384,8192,16,256,1,0,1,0.0079680001363158226,0.0079680001363158226,46.736619748709543,1
2026-08-16T21:22:33Z,NVIDIA H200 NVL,smoke,normal_0_1,gemv,lns,lns16_r10,16,5,10,fp64,fused,padded,scalar,1,16,1,1,1,none,fraction_lut_shared,fused/padded/scalar/x1/fraction_lut_shared,256,32,32,16896,16896,8192,32,256,1,0,1,0.0057919998653233051,0.0057919998653233051,2.3564804863174356,1
2026-08-16T21:22:33Z,NVIDIA H200 NVL,smoke,normal_0_1,dot,lns,lns16_r10,16,5,10,fp64,fused,padded,thread_packet,2,16,1,1,2,none,fraction_lut_shared,fused/padded/thread_packet/x2/fraction_lut_shared,4096,0,1,16384,16384,8192,8,256,1,0,1,0.0081599997356534004,0.0081599997356534004,46.736619748709558,1
2026-08-16T21:22:33Z,NVIDIA H200 NVL,smoke,normal_0_1,gemv,lns,lns16_r10,16,5,10,fp64,fused,padded,thread_packet,2,16,1,1,2,none,fraction_lut_shared,fused/padded/thread_packet/x2/fraction_lut_shared,256,32,32,16896,16896,8192,32,256,1,0,1,0.0060800001956522465,0.0060800001956522465,2.3564804863174302,1
2026-08-16T21:22:33Z,NVIDIA H200 NVL,smoke,normal_0_1,dot,lns,lns16_r10,16,5,10,fp64,fused,padded,thread_packet,4,16,1,1,4,none,fraction_lut_shared,fused/padded/thread_packet/x4/fraction_lut_shared,4096,0,1,16384,16384,8192,4,256,1,0,1,0.0089600002393126488,0.0089600002393126488,46.736619748709536,1
2026-08-16T21:22:33Z,NVIDIA H200 NVL,smoke,normal_0_1,gemv,lns,lns16_r10,16,5,10,fp64,fused,padded,thread_packet,4,16,1,1,4,none,fraction_lut_shared,fused/padded/thread_packet/x4/fraction_lut_shared,256,32,32,16896,16896,8192,32,256,1,0,1,0.0065279998816549778,0.0065279998816549778,2.3564804863174333,1
2026-08-16T21:22:33Z,NVIDIA H200 NVL,smoke,normal_0_1,dot,lns,lns16_r10,16,5,10,fp64,fused,padded,thread_packet,8,16,1,1,8,none,fraction_lut_shared,fused/padded/thread_packet/x8/fraction_lut_shared,4096,0,1,16384,16384,8192,2,256,1,0,1,0.0097599998116493225,0.0097599998116493225,46.736619748709558,1
2026-08-16T21:22:33Z,NVIDIA H200 NVL,smoke,normal_0_1,gemv,lns,lns16_r10,16,5,10,fp64,fused,padded,thread_packet,8,16,1,1,8,none,fraction_lut_shared,fused/padded/thread_packet/x8/fraction_lut_shared,256,32,32,16896,16896,8192,32,256,1,0,1,0.0077760000713169575,0.0077760000713169575,2.3564804863174356,1
2026-08-16T21:22:33Z,NVIDIA H200 NVL,smoke,normal_0_1,dot,lns,lns16_r10,16,5,10,fp64,ordinary,padded,scalar,1,16,1,1,1,none,split_linear,ordinary/padded/scalar/x1/split_linear,4096,0,1,16384,16384,2048,16,256,1,0,1,0.0080000003799796104,0.0080000003799796104,46.736613170300529,1
2026-08-16T21:22:33Z,NVIDIA H200 NVL,smoke,normal_0_1,gemv,lns,lns16_r10,16,5,10,fp64,ordinary,padded,scalar,1,16,1,1,1,none,split_linear,ordinary/padded/scalar/x1/split_linear,256,32,32,16896,16896,2048,32,256,1,0,1,0.0053440001793205738,0.0053440001793205738,2.3564944578692568,1
2026-08-16T21:22:33Z,NVIDIA H200 NVL,smoke,normal_0_1,dot,lns,lns16_r10,16,5,10,fp64,ordinary,padded,thread_packet,2,16,1,1,2,none,split_linear,ordinary/padded/thread_packet/x2/split_linear,4096,0,1,16384,16384,2048,8,256,1,0,1,0.0083839995786547661,0.0083839995786547661,46.736613170300501,1
2026-08-16T21:22:33Z,NVIDIA H200 NVL,smoke,normal_0_1,gemv,lns,lns16_r10,16,5,10,fp64,ordinary,padded,thread_packet,2,16,1,1,2,none,split_linear,ordinary/padded/thread_packet/x2/split_linear,256,32,32,16896,16896,2048,32,256,1,0,1,0.0060479999519884586,0.0060479999519884586,2.3564944578692568,1
2026-08-16T21:22:33Z,NVIDIA H200 NVL,smoke,normal_0_1,dot,lns,lns16_r10,16,5,10,fp64,ordinary,padded,thread_packet,4,16,1,1,4,none,split_linear,ordinary/padded/thread_packet/x4/split_linear,4096,0,1,16384,16384,2048,4,256,1,0,1,0.008832000195980072,0.008832000195980072,46.736613170300522,1
2026-08-16T21:22:33Z,NVIDIA H200 NVL,smoke,normal_0_1,gemv,lns,lns16_r10,16,5,10,fp64,ordinary,padded,thread_packet,4,16,1,1,4,none,split_linear,ordinary/padded/thread_packet/x4/split_linear,256,32,32,16896,16896,2048,32,256,1,0,1,0.0072960001416504383,0.0072960001416504383,2.3564944578692546,1
2026-08-16T21:22:33Z,NVIDIA H200 NVL,smoke,normal_0_1,dot,lns,lns16_r10,16,5,10,fp64,ordinary,padded,thread_packet,8,16,1,1,8,none,split_linear,ordinary/padded/thread_packet/x8/split_linear,4096,0,1,16384,16384,2048,2,256,1,0,1,0.010111999697983265,0.010111999697983265,46.736613170300501,1
2026-08-16T21:22:33Z,NVIDIA H200 NVL,smoke,normal_0_1,gemv,lns,lns16_r10,16,5,10,fp64,ordinary,padded,thread_packet,8,16,1,1,8,none,split_linear,ordinary/padded/thread_packet/x8/split_linear,256,32,32,16896,16896,2048,32,256,1,0,1,0.0090880002826452255,0.0090880002826452255,2.356494457869255,1
2026-08-16T21:22:33Z,NVIDIA H200 NVL,smoke,normal_0_1,dot,lns,lns16_r10,16,5,10,fp64,fused,padded,scalar,1,16,1,1,1,none,split_linear,fused/padded/scalar/x1/split_linear,4096,0,1,16384,16384,2048,16,256,1,0,1,0.0072960001416504383,0.0072960001416504383,46.736544228570018,1
2026-08-16T21:22:33Z,NVIDIA H200 NVL,smoke,normal_0_1,gemv,lns,lns16_r10,16,5,10,fp64,fused,padded,scalar,1,16,1,1,1,none,split_linear,fused/padded/scalar/x1/split_linear,256,32,32,16896,16896,2048,32,256,1,0,1,0.0051199998706579208,0.0051199998706579208,2.3564720597607707,1
2026-08-16T21:22:33Z,NVIDIA H200 NVL,smoke,normal_0_1,dot,lns,lns16_r10,16,5,10,fp64,fused,padded,thread_packet,2,16,1,1,2,none,split_linear,fused/padded/thread_packet/x2/split_linear,4096,0,1,16384,16384,2048,8,256,1,0,1,0.0080319996923208237,0.0080319996923208237,46.736544228570025,1
2026-08-16T21:22:33Z,NVIDIA H200 NVL,smoke,normal_0_1,gemv,lns,lns16_r10,16,5,10,fp64,fused,padded,thread_packet,2,16,1,1,2,none,split_linear,fused/padded/thread_packet/x2/split_linear,256,32,32,16896,16896,2048,32,256,1,0,1,0.0054399999789893627,0.0054399999789893627,2.356472059760776,1
2026-08-16T21:22:33Z,NVIDIA H200 NVL,smoke,normal_0_1,dot,lns,lns16_r10,16,5,10,fp64,fused,padded,thread_packet,4,16,1,1,4,none,split_linear,fused/padded/thread_packet/x4/split_linear,4096,0,1,16384,16384,2048,4,256,1,0,1,0.0084800003096461296,0.0084800003096461296,46.73654422857004,1
2026-08-16T21:22:33Z,NVIDIA H200 NVL,smoke,normal_0_1,gemv,lns,lns16_r10,16,5,10,fp64,fused,padded,thread_packet,4,16,1,1,4,none,split_linear,fused/padded/thread_packet/x4/split_linear,256,32,32,16896,16896,2048,32,256,1,0,1,0.0066559999249875546,0.0066559999249875546,2.356472059760772,1
2026-08-16T21:22:33Z,NVIDIA H200 NVL,smoke,normal_0_1,dot,lns,lns16_r10,16,5,10,fp64,fused,padded,thread_packet,8,16,1,1,8,none,split_linear,fused/padded/thread_packet/x8/split_linear,4096,0,1,16384,16384,2048,2,256,1,0,1,0.0093120001256465912,0.0093120001256465912,46.736544228570025,1
2026-08-16T21:22:33Z,NVIDIA H200 NVL,smoke,normal_0_1,gemv,lns,lns16_r10,16,5,10,fp64,fused,padded,thread_packet,8,16,1,1,8,none,split_linear,fused/padded/thread_packet/x8/split_linear,256,32,32,16896,16896,2048,32,256,1,0,1,0.0076799998059868813,0.0076799998059868813,2.3564720597607742,1
2026-08-16T21:22:33Z,NVIDIA H200 NVL,smoke,normal_0_1,dot,lns,lns16_r10,16,5,10,fp64,ordinary,padded,scalar,1,16,1,1,1,none,split_quadratic,ordinary/padded/scalar/x1/split_quadratic,4096,0,1,16384,16384,2048,16,256,1,0,1,0.0081280004233121872,0.0081280004233121872,46.736619749014594,1
2026-08-16T21:22:33Z,NVIDIA H200 NVL,smoke,normal_0_1,gemv,lns,lns16_r10,16,5,10,fp64,ordinary,padded,scalar,1,16,1,1,1,none,split_quadratic,ordinary/padded/scalar/x1/split_quadratic,256,32,32,16896,16896,2048,32,256,1,0,1,0.0054080002009868622,0.0054080002009868622,2.3564804973647551,1
2026-08-16T21:22:33Z,NVIDIA H200 NVL,smoke,normal_0_1,dot,lns,lns16_r10,16,5,10,fp64,ordinary,padded,thread_packet,2,16,1,1,2,none,split_quadratic,ordinary/padded/thread_packet/x2/split_quadratic,4096,0,1,16384,16384,2048,8,256,1,0,1,0.0080319996923208237,0.0080319996923208237,46.736619749014594,1
2026-08-16T21:22:33Z,NVIDIA H200 NVL,smoke,normal_0_1,gemv,lns,lns16_r10,16,5,10,fp64,ordinary,padded,thread_packet,2,16,1,1,2,none,split_quadratic,ordinary/padded/thread_packet/x2/split_quadratic,256,32,32,16896,16896,2048,32,256,1,0,1,0.0065919999033212662,0.0065919999033212662,2.3564804973647568,1
2026-08-16T21:22:33Z,NVIDIA H200 NVL,smoke,normal_0_1,dot,lns,lns16_r10,16,5,10,fp64,ordinary,padded,thread_packet,4,16,1,1,4,none,split_quadratic,ordinary/padded/thread_packet/x4/split_quadratic,4096,0,1,16384,16384,2048,4,256,1,0,1,0.0089279999956488609,0.0089279999956488609,46.736619749014594,1
2026-08-16T21:22:33Z,NVIDIA H200 NVL,smoke,normal_0_1,gemv,lns,lns16_r10,16,5,10,fp64,ordinary,padded,thread_packet,4,16,1,1,4,none,split_quadratic,ordinary/padded/thread_packet/x4/split_quadratic,256,32,32,16896,16896,2048,32,256,1,0,1,0.007007999811321497,0.007007999811321497,2.3564804973647528,1
2026-08-16T21:22:33Z,NVIDIA H200 NVL,smoke,normal_0_1,dot,lns,lns16_r10,16,5,10,fp64,ordinary,padded,thread_packet,8,16,1,1,8,none,split_quadratic,ordinary/padded/thread_packet/x8/split_quadratic,4096,0,1,16384,16384,2048,2,256,1,0,1,0.010239999741315842,0.010239999741315842,46.736619749014608,1
2026-08-16T21:22:33Z,NVIDIA H200 NVL,smoke,normal_0_1,gemv,lns,lns16_r10,16,5,10,fp64,ordinary,padded,thread_packet,8,16,1,1,8,none,split_quadratic,ordinary/padded/thread_packet/x8/split_quadratic,256,32,32,16896,16896,2048,32,256,1,0,1,0.0091199995949864388,0.0091199995949864388,2.3564804973647551,1
2026-08-16T21:22:33Z,NVIDIA H200 NVL,smoke,normal_0_1,dot,lns,lns16_r10,16,5,10,fp64,fused,padded,scalar,1,16,1,1,1,none,split_quadratic,fused/padded/scalar/x1/split_quadratic,4096,0,1,16384,16384,2048,16,256,1,0,1,0.0077439998276531696,0.0077439998276531696,46.736619704515192,1
2026-08-16T21:22:33Z,NVIDIA H200 NVL,smoke,normal_0_1,gemv,lns,lns16_r10,16,5,10,fp64,fused,padded,scalar,1,16,1,1,1,none,split_quadratic,fused/padded/scalar/x1/split_quadratic,256,32,32,16896,16896,2048,32,256,1,0,1,0.0051839998923242092,0.0051839998923242092,2.3564804803597035,1
2026-08-16T21:22:33Z,NVIDIA H200 NVL,smoke,normal_0_1,dot,lns,lns16_r10,16,5,10,fp64,fused,padded,thread_packet,2,16,1,1,2,none,split_quadratic,fused/padded/thread_packet/x2/split_quadratic,4096,0,1,16384,16384,2048,8,256,1,0,1,0.0079359998926520348,0.0079359998926520348,46.736619704515178,1
2026-08-16T21:22:33Z,NVIDIA H200 NVL,smoke,normal_0_1,gemv,lns,lns16_r10,16,5,10,fp64,fused,padded,thread_packet,2,16,1,1,2,none,split_quadratic,fused/padded/thread_packet/x2/split_quadratic,256,32,32,16896,16896,2048,32,256,1,0,1,0.0060160001739859581,0.0060160001739859581,2.3564804803596999,1
2026-08-16T21:22:33Z,NVIDIA H200 NVL,smoke,normal_0_1,dot,lns,lns16_r10,16,5,10,fp64,fused,padded,thread_packet,4,16,1,1,4,none,split_quadratic,fused/padded/thread_packet/x4/split_quadratic,4096,0,1,16384,16384,2048,4,256,1,0,1,0.0084159998223185539,0.0084159998223185539,46.736619704515164,1
2026-08-16T21:22:33Z,NVIDIA H200 NVL,smoke,normal_0_1,gemv,lns,lns16_r10,16,5,10,fp64,fused,padded,thread_packet,4,16,1,1,4,none,split_quadratic,fused/padded/thread_packet/x4/split_quadratic,256,32,32,16896,16896,2048,32,256,1,0,1,0.0063359998166561127,0.0063359998166561127,2.3564804803597008,1
2026-08-16T21:22:33Z,NVIDIA H200 NVL,smoke,normal_0_1,dot,lns,lns16_r10,16,5,10,fp64,fused,padded,thread_packet,8,16,1,1,8,none,split_quadratic,fused/padded/thread_packet/x8/split_quadratic,4096,0,1,16384,16384,2048,2,256,1,0,1,0.0096000004559755325,0.0096000004559755325,46.736619704515171,1
2026-08-16T21:22:33Z,NVIDIA H200 NVL,smoke,normal_0_1,gemv,lns,lns16_r10,16,5,10,fp64,fused,padded,thread_packet,8,16,1,1,8,none,split_quadratic,fused/padded/thread_packet/x8/split_quadratic,256,32,32,16896,16896,2048,32,256,1,0,1,0.0077760000713169575,0.0077760000713169575,2.3564804803596999,1
2026-08-16T21:22:33Z,NVIDIA H200 NVL,smoke,normal_0_1,dot,lns,lns16_r10,16,5,10,fp64,ordinary,padded,scalar,1,16,1,1,1,none,split_cubic,ordinary/padded/scalar/x1/split_cubic,4096,0,1,16384,16384,2048,16,256,1,0,1,0.0077120000496506691,0.0077120000496506691,46.736619748710545,1
2026-08-16T21:22:33Z,NVIDIA H200 NVL,smoke,normal_0_1,gemv,lns,lns16_r10,16,5,10,fp64,ordinary,padded,scalar,1,16,1,1,1,none,split_cubic,ordinary/padded/scalar/x1/split_cubic,256,32,32,16896,16896,2048,32,256,1,0,1,0.0057600000873208046,0.0057600000873208046,2.3564804863236297,1
2026-08-16T21:22:33Z,NVIDIA H200 NVL,smoke,normal_0_1,dot,lns,lns16_r10,16,5,10,fp64,ordinary,padded,thread_packet,2,16,1,1,2,none,split_cubic,ordinary/padded/thread_packet/x2/split_cubic,4096,0,1,16384,16384,2048,8,256,1,0,1,0.0080639999359846115,0.0080639999359846115,46.736619748710552,1
2026-08-16T21:22:33Z,NVIDIA H200 NVL,smoke,normal_0_1,gemv,lns,lns16_r10,16,5,10,fp64,ordinary,padded,thread_packet,2,16,1,1,2,none,split_cubic,ordinary/padded/thread_packet/x2/split_cubic,256,32,32,16896,16896,2048,32,256,1,0,1,0.0057919998653233051,0.0057919998653233051,2.3564804863236315,1
2026-08-16T21:22:33Z,NVIDIA H200 NVL,smoke,normal_0_1,dot,lns,lns16_r10,16,5,10,fp64,ordinary,padded,thread_packet,4,16,1,1,4,none,split_cubic,ordinary/padded/thread_packet/x4/split_cubic,4096,0,1,16384,16384,2048,4,256,1,0,1,0.0090239997953176498,0.0090239997953176498,46.736619748710538,1
2026-08-16T21:22:33Z,NVIDIA H200 NVL,smoke,normal_0_1,gemv,lns,lns16_r10,16,5,10,fp64,ordinary,padded,thread_packet,4,16,1,1,4,none,split_cubic,ordinary/padded/thread_packet/x4/split_cubic,256,32,32,16896,16896,2048,32,256,1,0,1,0.0069760000333189964,0.0069760000333189964,2.3564804863236328,1
2026-08-16T21:22:33Z,NVIDIA H200 NVL,smoke,normal_0_1,dot,lns,lns16_r10,16,5,10,fp64,ordinary,padded,thread_packet,8,16,1,1,8,none,split_cubic,ordinary/padded/thread_packet/x8/split_cubic,4096,0,1,16384,16384,2048,2,256,1,0,1,0.010463999584317207,0.010463999584317207,46.736619748710538,1
2026-08-16T21:22:33Z,NVIDIA H200 NVL,smoke,normal_0_1,gemv,lns,lns16_r10,16,5,10,fp64,ordinary,padded,thread_packet,8,16,1,1,8,none,split_cubic,ordinary/padded/thread_packet/x8/split_cubic,256,32,32,16896,16896,2048,32,256,1,0,1,0.0090239997953176498,0.0090239997953176498,2.3564804863236279,1
2026-08-16T21:22:33Z,NVIDIA H200 NVL,smoke,normal_0_1,dot,lns,lns16_r10,16,5,10,fp64,fused,padded,scalar,1,16,1,1,1,none,split_cubic,fused/padded/scalar/x1/split_cubic,4096,0,1,16384,16384,2048,16,256,1,0,1,0.0078720003366470337,0.0078720003366470337,46.736619748689776,1
2026-08-16T21:22:33Z,NVIDIA H200 NVL,smoke,normal_0_1,gemv,lns,lns16_r10,16,5,10,fp64,fused,padded,scalar,1,16,1,1,1,none,split_cubic,fused/padded/scalar/x1/split_cubic,256,32,32,16896,16896,2048,32,256,1,0,1,0.0055040000006556511,0.0055040000006556511,2.3564804863141919,1
2026-08-16T21:22:33Z,NVIDIA H200 NVL,smoke,normal_0_1,dot,lns,lns16_r10,16,5,10,fp64,fused,padded,thread_packet,2,16,1,1,2,none,split_cubic,fused/padded/thread_packet/x2/split_cubic,4096,0,1,16384,16384,2048,8,256,1,0,1,0.0077120000496506691,0.0077120000496506691,46.736619748689805,1
2026-08-16T21:22:33Z,NVIDIA H200 NVL,smoke,normal_0_1,gemv,lns,lns16_r10,16,5,10,fp64,fused,padded,thread_packet,2,16,1,1,2,none,split_cubic,fused/padded/thread_packet/x2/split_cubic,256,32,32,16896,16896,2048,32,256,1,0,1,0.0056320000439882278,0.0056320000439882278,2.3564804863141902,1
2026-08-16T21:22:33Z,NVIDIA H200 NVL,smoke,normal_0_1,dot,lns,lns16_r10,16,5,10,fp64,fused,padded,thread_packet,4,16,1,1,4,none,split_cubic,fused/padded/thread_packet/x4/split_cubic,4096,0,1,16384,16384,2048,4,256,1,0,1,0.0087679997086524963,0.0087679997086524963,46.73661974868979,1
2026-08-16T21:22:33Z,NVIDIA H200 NVL,smoke,normal_0_1,gemv,lns,lns16_r10,16,5,10,fp64,fused,padded,thread_packet,4,16,1,1,4,none,split_cubic,fused/padded/thread_packet/x4/split_cubic,256,32,32,16896,16896,2048,32,256,1,0,1,0.0062079997733235359,0.0062079997733235359,2.3564804863141919,1
2026-08-16T21:22:33Z,NVIDIA H200 NVL,smoke,normal_0_1,dot,lns,lns16_r10,16,5,10,fp64,fused,padded,thread_packet,8,16,1,1,8,none,split_cubic,fused/padded/thread_packet/x8/split_cubic,4096,0,1,16384,16384,2048,2,256,1,0,1,0.0094400001689791679,0.0094400001689791679,46.736619748689769,1
2026-08-16T21:22:33Z,NVIDIA H200 NVL,smoke,normal_0_1,gemv,lns,lns16_r10,16,5,10,fp64,fused,padded,thread_packet,8,16,1,1,8,none,split_cubic,fused/padded/thread_packet/x8/split_cubic,256,32,32,16896,16896,2048,32,256,1,0,1,0.0078400000929832458,0.0078400000929832458,2.3564804863141919,1
2026-08-16T21:22:33Z,NVIDIA H200 NVL,smoke,normal_0_1,dot,lns,lns16_r10,16,5,10,fp64,fused,padded,scalar,1,16,1,1,1,none,fused_sum_lut_global,fused/padded/scalar/x1/fused_sum_lut_global,4096,0,1,16384,16384,524288,16,256,1,0,1,0.0075840000063180923,0.0075840000063180923,46.736619748709543,1
2026-08-16T21:22:33Z,NVIDIA H200 NVL,smoke,normal_0_1,gemv,lns,lns16_r10,16,5,10,fp64,fused,padded,scalar,1,16,1,1,1,none,fused_sum_lut_global,fused/padded/scalar/x1/fused_sum_lut_global,256,32,32,16896,16896,524288,32,256,1,0,1,0.0050880000926554203,0.0050880000926554203,2.3564804863174356,1
2026-08-16T21:22:33Z,NVIDIA H200 NVL,smoke,normal_0_1,dot,lns,lns16_r10,16,5,10,fp64,fused,padded,thread_packet,2,16,1,1,2,none,fused_sum_lut_global,fused/padded/thread_packet/x2/fused_sum_lut_global,4096,0,1,16384,16384,524288,8,256,1,0,1,0.0079039996489882469,0.0079039996489882469,46.736619748709558,1
2026-08-16T21:22:33Z,NVIDIA H200 NVL,smoke,normal_0_1,gemv,lns,lns16_r10,16,5,10,fp64,fused,padded,thread_packet,2,16,1,1,2,none,fused_sum_lut_global,fused/padded/thread_packet/x2/fused_sum_lut_global,256,32,32,16896,16896,524288,32,256,1,0,1,0.0053440001793205738,0.0053440001793205738,2.3564804863174302,1
2026-08-16T21:22:33Z,NVIDIA H200 NVL,smoke,normal_0_1,dot,lns,lns16_r10,16,5,10,fp64,fused,padded,thread_packet,4,16,1,1,4,none,fused_sum_lut_global,fused/padded/thread_packet/x4/fused_sum_lut_global,4096,0,1,16384,16384,524288,4,256,1,0,1,0.008832000195980072,0.008832000195980072,46.736619748709536,1
2026-08-16T21:22:33Z,NVIDIA H200 NVL,smoke,normal_0_1,gemv,lns,lns16_r10,16,5,10,fp64,fused,padded,thread_packet,4,16,1,1,4,none,fused_sum_lut_global,fused/padded/thread_packet/x4/fused_sum_lut_global,256,32,32,16896,16896,524288,32,256,1,0,1,0.0061440002173185349,0.0061440002173185349,2.3564804863174333,1
2026-08-16T21:22:33Z,NVIDIA H200 NVL,smoke,normal_0_1,dot,lns,lns16_r10,16,5,10,fp64,fused,padded,thread_packet,8,16,1,1,8,none,fused_sum_lut_global,fused/padded/thread_packet/x8/fused_sum_lut_global,4096,0,1,16384,16384,524288,2,256,1,0,1,0.0096960002556443214,0.0096960002556443214,46.736619748709558,1
2026-08-16T21:22:33Z,NVIDIA H200 NVL,smoke,normal_0_1,gemv,lns,lns16_r10,16,5,10,fp64,fused,padded,thread_packet,8,16,1,1,8,none,fused_sum_lut_global,fused/padded/thread_packet/x8/fused_sum_lut_global,256,32,32,16896,16896,524288,32,256,1,0,1,0.0076480000279843807,0.0076480000279843807,2.3564804863174356,1
