timestamp,gpu,mode,distribution,kernel,number_family,format,bits,log_integer_bits,log_fraction_bits,arithmetic_type,multiply_method,storage_layout,access_method,packet_values,load_word_bits,loader_threads,consumer_threads,values_per_consumer,redistribution,decoder,strategy_id,N,M,rows,logical_input_bytes,physical_input_bytes,table_bytes,blocks,threads,warmup,sample,iterations,total_ms,mean_ms,result,valid
2026-08-16T15:03:54Z,NVIDIA H200 NVL,screen,uniform_0_1,dot,lns,lns4_r1,4,2,1,fp32,ordinary,dense,scalar,1,32,1,1,1,none,reference_exp2,ordinary/dense/scalar/x1/reference_exp2,16777216,0,1,1.67772e+07,16777216,0,512,256,3,0,73,4.75619,0.0651533,3609998.25,1
2026-08-16T15:03:54Z,NVIDIA H200 NVL,screen,uniform_0_1,dot,lns,lns4_r1,4,2,1,fp32,ordinary,dense,scalar,1,32,1,1,1,none,reference_exp2,ordinary/dense/scalar/x1/reference_exp2,16777216,0,1,16777216,16777216,0,512,256,3,1,73,4.7623682022094727,0.065237920578211955,3609998.25,1
2026-08-16T15:03:54Z,NVIDIA H200 NVL,screen,uniform_0_1,dot,lns,lns4_r1,4,2,1,fp32,ordinary,dense,scalar,1,32,1,1,1,none,reference_exp2,ordinary/dense/scalar/x1/reference_exp2,16777216,0,1,16777216,16777216,0,512,256,3,2,73,4.7545280456542969,0.065130521173346528,3609998.25,1
2026-08-16T15:03:54Z,NVIDIA H200 NVL,screen,uniform_0_1,gemv,lns,lns4_r1,4,2,1,fp32,ordinary,dense,scalar,1,32,1,1,1,none,reference_exp2,ordinary/dense/scalar/x1/reference_exp2,16384,1024,1024,8396800,8396800,0,1024,256,3,0,74,4.8590397834777832,0.065662699776726799,3542.20947265625,1
2026-08-16T15:03:54Z,NVIDIA H200 NVL,screen,uniform_0_1,gemv,lns,lns4_r1,4,2,1,fp32,ordinary,dense,scalar,1,32,1,1,1,none,reference_exp2,ordinary/dense/scalar/x1/reference_exp2,16384,1024,1024,8396800,8396800,0,1024,256,3,1,74,4.8591680526733398,0.065664433144234327,3542.20947265625,1
2026-08-16T15:03:54Z,NVIDIA H200 NVL,screen,uniform_0_1,gemv,lns,lns4_r1,4,2,1,fp32,ordinary,dense,scalar,1,32,1,1,1,none,reference_exp2,ordinary/dense/scalar/x1/reference_exp2,16384,1024,1024,8396800,8396800,0,1024,256,3,2,74,4.8601279258728027,0.065677404403686523,3542.20947265625,1
2026-08-16T15:03:54Z,NVIDIA H200 NVL,screen,uniform_0_1,dot,lns,lns4_r1,4,2,1,fp32,ordinary,padded,scalar,1,8,1,1,1,none,reference_exp2,ordinary/padded/scalar/x1/reference_exp2,16777216,0,1,16777216,33554432,0,512,256,3,0,85,4.8224000930786133,0.056734118742101332,3609998.25,1
2026-08-16T15:03:54Z,NVIDIA H200 NVL,screen,uniform_0_1,dot,lns,lns4_r1,4,2,1,fp32,ordinary,padded,scalar,1,8,1,1,1,none,reference_exp2,ordinary/padded/scalar/x1/reference_exp2,16777216,0,1,16777216,33554432,0,512,256,3,1,85,4.8238401412963867,0.056751060485839847,3609998.25,1
2026-08-16T15:03:54Z,NVIDIA H200 NVL,screen,uniform_0_1,dot,lns,lns4_r1,4,2,1,fp32,ordinary,padded,scalar,1,8,1,1,1,none,reference_exp2,ordinary/padded/scalar/x1/reference_exp2,16777216,0,1,16777216,33554432,0,512,256,3,2,85,4.8225598335266113,0.056735998041489544,3609998.25,1
2026-08-16T15:03:54Z,NVIDIA H200 NVL,screen,uniform_0_1,gemv,lns,lns4_r1,4,2,1,fp32,ordinary,padded,scalar,1,8,1,1,1,none,reference_exp2,ordinary/padded/scalar/x1/reference_exp2,16384,1024,1024,8396800,16793600,0,1024,256,3,0,90,4.8664960861206055,0.054072178734673397,3542.20947265625,1
2026-08-16T15:03:54Z,NVIDIA H200 NVL,screen,uniform_0_1,gemv,lns,lns4_r1,4,2,1,fp32,ordinary,padded,scalar,1,8,1,1,1,none,reference_exp2,ordinary/padded/scalar/x1/reference_exp2,16384,1024,1024,8396800,16793600,0,1024,256,3,1,90,4.8682560920715332,0.054091734356350368,3542.20947265625,1
2026-08-16T15:03:54Z,NVIDIA H200 NVL,screen,uniform_0_1,gemv,lns,lns4_r1,4,2,1,fp32,ordinary,padded,scalar,1,8,1,1,1,none,reference_exp2,ordinary/padded/scalar/x1/reference_exp2,16384,1024,1024,8396800,16793600,0,1024,256,3,2,90,4.8670721054077148,0.054078578948974609,3542.20947265625,1
2026-08-16T15:03:54Z,NVIDIA H200 NVL,screen,uniform_0_1,dot,lns,lns4_r1,4,2,1,fp32,fused,dense,scalar,1,32,1,1,1,none,reference_exp2,fused/dense/scalar/x1/reference_exp2,16777216,0,1,16777216,16777216,0,512,256,3,0,60,4.8531198501586914,0.080885330835978195,3609998.5,1
2026-08-16T15:03:54Z,NVIDIA H200 NVL,screen,uniform_0_1,dot,lns,lns4_r1,4,2,1,fp32,fused,dense,scalar,1,32,1,1,1,none,reference_exp2,fused/dense/scalar/x1/reference_exp2,16777216,0,1,16777216,16777216,0,512,256,3,1,60,4.8495998382568359,0.08082666397094726,3609998.5,1
2026-08-16T15:03:54Z,NVIDIA H200 NVL,screen,uniform_0_1,dot,lns,lns4_r1,4,2,1,fp32,fused,dense,scalar,1,32,1,1,1,none,reference_exp2,fused/dense/scalar/x1/reference_exp2,16777216,0,1,16777216,16777216,0,512,256,3,2,60,4.8488640785217285,0.08081440130869548,3609998.5,1
2026-08-16T15:03:54Z,NVIDIA H200 NVL,screen,uniform_0_1,gemv,lns,lns4_r1,4,2,1,fp32,fused,dense,scalar,1,32,1,1,1,none,reference_exp2,fused/dense/scalar/x1/reference_exp2,16384,1024,1024,8396800,8396800,0,1024,256,3,0,61,4.9327359199523926,0.080864523277908079,3542.20947265625,1
2026-08-16T15:03:54Z,NVIDIA H200 NVL,screen,uniform_0_1,gemv,lns,lns4_r1,4,2,1,fp32,fused,dense,scalar,1,32,1,1,1,none,reference_exp2,fused/dense/scalar/x1/reference_exp2,16384,1024,1024,8396800,8396800,0,1024,256,3,1,61,4.9324798583984375,0.080860325547515363,3542.20947265625,1
2026-08-16T15:03:54Z,NVIDIA H200 NVL,screen,uniform_0_1,gemv,lns,lns4_r1,4,2,1,fp32,fused,dense,scalar,1,32,1,1,1,none,reference_exp2,fused/dense/scalar/x1/reference_exp2,16384,1024,1024,8396800,8396800,0,1024,256,3,2,61,4.9321599006652832,0.080855080338775129,3542.20947265625,1
2026-08-16T15:03:54Z,NVIDIA H200 NVL,screen,uniform_0_1,dot,lns,lns4_r1,4,2,1,fp32,fused,padded,scalar,1,8,1,1,1,none,reference_exp2,fused/padded/scalar/x1/reference_exp2,16777216,0,1,16777216,33554432,0,512,256,3,0,71,4.8959999084472656,0.068957745189398109,3609998.5,1
2026-08-16T15:03:54Z,NVIDIA H200 NVL,screen,uniform_0_1,dot,lns,lns4_r1,4,2,1,fp32,fused,padded,scalar,1,8,1,1,1,none,reference_exp2,fused/padded/scalar/x1/reference_exp2,16777216,0,1,16777216,33554432,0,512,256,3,1,71,4.89788818359375,0.068984340613996484,3609998.5,1
2026-08-16T15:03:54Z,NVIDIA H200 NVL,screen,uniform_0_1,dot,lns,lns4_r1,4,2,1,fp32,fused,padded,scalar,1,8,1,1,1,none,reference_exp2,fused/padded/scalar/x1/reference_exp2,16777216,0,1,16777216,33554432,0,512,256,3,2,71,4.8939518928527832,0.068928899899334969,3609998.5,1
2026-08-16T15:03:54Z,NVIDIA H200 NVL,screen,uniform_0_1,gemv,lns,lns4_r1,4,2,1,fp32,fused,padded,scalar,1,8,1,1,1,none,reference_exp2,fused/padded/scalar/x1/reference_exp2,16384,1024,1024,8396800,16793600,0,1024,256,3,0,75,4.8401279449462891,0.064535039265950514,3542.20947265625,1
2026-08-16T15:03:54Z,NVIDIA H200 NVL,screen,uniform_0_1,gemv,lns,lns4_r1,4,2,1,fp32,fused,padded,scalar,1,8,1,1,1,none,reference_exp2,fused/padded/scalar/x1/reference_exp2,16384,1024,1024,8396800,16793600,0,1024,256,3,1,75,4.8365440368652344,0.064487253824869792,3542.20947265625,1
2026-08-16T15:03:54Z,NVIDIA H200 NVL,screen,uniform_0_1,gemv,lns,lns4_r1,4,2,1,fp32,fused,padded,scalar,1,8,1,1,1,none,reference_exp2,fused/padded/scalar/x1/reference_exp2,16384,1024,1024,8396800,16793600,0,1024,256,3,2,75,4.839263916015625,0.064523518880208339,3542.20947265625,1
2026-08-16T15:03:54Z,NVIDIA H200 NVL,screen,uniform_0_1,dot,lns,lns4_r1,4,2,1,fp32,ordinary,dense,scalar,1,32,1,1,1,none,ex2_approx,ordinary/dense/scalar/x1/ex2_approx,16777216,0,1,16777216,16777216,0,512,256,3,0,74,4.8221120834350586,0.065163676803176473,3609998.25,1
2026-08-16T15:03:54Z,NVIDIA H200 NVL,screen,uniform_0_1,dot,lns,lns4_r1,4,2,1,fp32,ordinary,dense,scalar,1,32,1,1,1,none,ex2_approx,ordinary/dense/scalar/x1/ex2_approx,16777216,0,1,16777216,16777216,0,512,256,3,1,74,4.8163199424743652,0.065085404628031959,3609998.25,1
2026-08-16T15:03:54Z,NVIDIA H200 NVL,screen,uniform_0_1,dot,lns,lns4_r1,4,2,1,fp32,ordinary,dense,scalar,1,32,1,1,1,none,ex2_approx,ordinary/dense/scalar/x1/ex2_approx,16777216,0,1,16777216,16777216,0,512,256,3,2,74,4.8184962272644043,0.065114813881951408,3609998.25,1
2026-08-16T15:03:54Z,NVIDIA H200 NVL,screen,uniform_0_1,gemv,lns,lns4_r1,4,2,1,fp32,ordinary,dense,scalar,1,32,1,1,1,none,ex2_approx,ordinary/dense/scalar/x1/ex2_approx,16384,1024,1024,8396800,8396800,0,1024,256,3,0,74,4.8609600067138672,0.06568864873937659,3542.20947265625,1
2026-08-16T15:03:54Z,NVIDIA H200 NVL,screen,uniform_0_1,gemv,lns,lns4_r1,4,2,1,fp32,ordinary,dense,scalar,1,32,1,1,1,none,ex2_approx,ordinary/dense/scalar/x1/ex2_approx,16384,1024,1024,8396800,8396800,0,1024,256,3,1,74,4.8599681854248047,0.06567524574898384,3542.20947265625,1
2026-08-16T15:03:54Z,NVIDIA H200 NVL,screen,uniform_0_1,gemv,lns,lns4_r1,4,2,1,fp32,ordinary,dense,scalar,1,32,1,1,1,none,ex2_approx,ordinary/dense/scalar/x1/ex2_approx,16384,1024,1024,8396800,8396800,0,1024,256,3,2,74,4.8584637641906738,0.065654915732306404,3542.20947265625,1
2026-08-16T15:03:54Z,NVIDIA H200 NVL,screen,uniform_0_1,dot,lns,lns4_r1,4,2,1,fp32,ordinary,padded,scalar,1,8,1,1,1,none,ex2_approx,ordinary/padded/scalar/x1/ex2_approx,16777216,0,1,16777216,33554432,0,512,256,3,0,85,4.8197441101074219,0.05670287188361673,3609998.25,1
2026-08-16T15:03:54Z,NVIDIA H200 NVL,screen,uniform_0_1,dot,lns,lns4_r1,4,2,1,fp32,ordinary,padded,scalar,1,8,1,1,1,none,ex2_approx,ordinary/padded/scalar/x1/ex2_approx,16777216,0,1,16777216,33554432,0,512,256,3,1,85,4.8211197853088379,0.056719056297751036,3609998.25,1
2026-08-16T15:03:54Z,NVIDIA H200 NVL,screen,uniform_0_1,dot,lns,lns4_r1,4,2,1,fp32,ordinary,padded,scalar,1,8,1,1,1,none,ex2_approx,ordinary/padded/scalar/x1/ex2_approx,16777216,0,1,16777216,33554432,0,512,256,3,2,85,4.8212800025939941,0.056720941206988167,3609998.25,1
2026-08-16T15:03:54Z,NVIDIA H200 NVL,screen,uniform_0_1,gemv,lns,lns4_r1,4,2,1,fp32,ordinary,padded,scalar,1,8,1,1,1,none,ex2_approx,ordinary/padded/scalar/x1/ex2_approx,16384,1024,1024,8396800,16793600,0,1024,256,3,0,89,4.8145918846130371,0.054096538029359965,3542.20947265625,1
2026-08-16T15:03:54Z,NVIDIA H200 NVL,screen,uniform_0_1,gemv,lns,lns4_r1,4,2,1,fp32,ordinary,padded,scalar,1,8,1,1,1,none,ex2_approx,ordinary/padded/scalar/x1/ex2_approx,16384,1024,1024,8396800,16793600,0,1024,256,3,1,89,4.8129281997680664,0.054077844941214231,3542.20947265625,1
2026-08-16T15:03:54Z,NVIDIA H200 NVL,screen,uniform_0_1,gemv,lns,lns4_r1,4,2,1,fp32,ordinary,padded,scalar,1,8,1,1,1,none,ex2_approx,ordinary/padded/scalar/x1/ex2_approx,16384,1024,1024,8396800,16793600,0,1024,256,3,2,89,4.8130240440368652,0.054078921843110847,3542.20947265625,1
2026-08-16T15:03:54Z,NVIDIA H200 NVL,screen,uniform_0_1,dot,lns,lns4_r1,4,2,1,fp32,ordinary,dense,thread_packet,2,32,1,1,2,none,ex2_approx,ordinary/dense/thread_packet/x2/ex2_approx,16777216,0,1,16777216,16777216,0,512,256,3,0,79,4.8654079437255859,0.061587442325640326,3609998.25,1
2026-08-16T15:03:54Z,NVIDIA H200 NVL,screen,uniform_0_1,dot,lns,lns4_r1,4,2,1,fp32,ordinary,dense,thread_packet,2,32,1,1,2,none,ex2_approx,ordinary/dense/thread_packet/x2/ex2_approx,16777216,0,1,16777216,16777216,0,512,256,3,1,79,4.868800163269043,0.061630381813532191,3609998.25,1
2026-08-16T15:03:54Z,NVIDIA H200 NVL,screen,uniform_0_1,dot,lns,lns4_r1,4,2,1,fp32,ordinary,dense,thread_packet,2,32,1,1,2,none,ex2_approx,ordinary/dense/thread_packet/x2/ex2_approx,16777216,0,1,16777216,16777216,0,512,256,3,2,79,4.8663358688354492,0.061599188213106955,3609998.25,1
2026-08-16T15:03:54Z,NVIDIA H200 NVL,screen,uniform_0_1,gemv,lns,lns4_r1,4,2,1,fp32,ordinary,dense,thread_packet,2,32,1,1,2,none,ex2_approx,ordinary/dense/thread_packet/x2/ex2_approx,16384,1024,1024,8396800,8396800,0,1024,256,3,0,77,4.8240962028503418,0.062650600037017432,3542.20947265625,1
2026-08-16T15:03:54Z,NVIDIA H200 NVL,screen,uniform_0_1,gemv,lns,lns4_r1,4,2,1,fp32,ordinary,dense,thread_packet,2,32,1,1,2,none,ex2_approx,ordinary/dense/thread_packet/x2/ex2_approx,16384,1024,1024,8396800,8396800,0,1024,256,3,1,77,4.822944164276123,0.062635638497092513,3542.20947265625,1
2026-08-16T15:03:54Z,NVIDIA H200 NVL,screen,uniform_0_1,gemv,lns,lns4_r1,4,2,1,fp32,ordinary,dense,thread_packet,2,32,1,1,2,none,ex2_approx,ordinary/dense/thread_packet/x2/ex2_approx,16384,1024,1024,8396800,8396800,0,1024,256,3,2,77,4.8346881866455078,0.062788158268123478,3542.20947265625,1
2026-08-16T15:03:54Z,NVIDIA H200 NVL,screen,uniform_0_1,dot,lns,lns4_r1,4,2,1,fp32,ordinary,dense,thread_packet,4,32,1,1,4,none,ex2_approx,ordinary/dense/thread_packet/x4/ex2_approx,16777216,0,1,16777216,16777216,0,512,256,3,0,80,4.8337278366088867,0.060421597957611081,3609998.25,1
2026-08-16T15:03:54Z,NVIDIA H200 NVL,screen,uniform_0_1,dot,lns,lns4_r1,4,2,1,fp32,ordinary,dense,thread_packet,4,32,1,1,4,none,ex2_approx,ordinary/dense/thread_packet/x4/ex2_approx,16777216,0,1,16777216,16777216,0,512,256,3,1,80,4.8312320709228516,0.060390400886535647,3609998.25,1
2026-08-16T15:03:54Z,NVIDIA H200 NVL,screen,uniform_0_1,dot,lns,lns4_r1,4,2,1,fp32,ordinary,dense,thread_packet,4,32,1,1,4,none,ex2_approx,ordinary/dense/thread_packet/x4/ex2_approx,16777216,0,1,16777216,16777216,0,512,256,3,2,80,4.834496021270752,0.060431200265884402,3609998.25,1
2026-08-16T15:03:54Z,NVIDIA H200 NVL,screen,uniform_0_1,gemv,lns,lns4_r1,4,2,1,fp32,ordinary,dense,thread_packet,4,32,1,1,4,none,ex2_approx,ordinary/dense/thread_packet/x4/ex2_approx,16384,1024,1024,8396800,8396800,0,1024,256,3,0,78,4.8700480461120605,0.062436513411693081,3542.20947265625,1
2026-08-16T15:03:54Z,NVIDIA H200 NVL,screen,uniform_0_1,gemv,lns,lns4_r1,4,2,1,fp32,ordinary,dense,thread_packet,4,32,1,1,4,none,ex2_approx,ordinary/dense/thread_packet/x4/ex2_approx,16384,1024,1024,8396800,8396800,0,1024,256,3,1,78,4.8712639808654785,0.062452102318788186,3542.20947265625,1
2026-08-16T15:03:54Z,NVIDIA H200 NVL,screen,uniform_0_1,gemv,lns,lns4_r1,4,2,1,fp32,ordinary,dense,thread_packet,4,32,1,1,4,none,ex2_approx,ordinary/dense/thread_packet/x4/ex2_approx,16384,1024,1024,8396800,8396800,0,1024,256,3,2,78,4.8715200424194336,0.062455385159223505,3542.20947265625,1
2026-08-16T15:03:54Z,NVIDIA H200 NVL,screen,uniform_0_1,dot,lns,lns4_r1,4,2,1,fp32,ordinary,dense,thread_packet,8,32,1,1,8,none,ex2_approx,ordinary/dense/thread_packet/x8/ex2_approx,16777216,0,1,16777216,16777216,0,512,256,3,0,95,4.7936639785766602,0.050459620827122735,3609998.25,1
2026-08-16T15:03:54Z,NVIDIA H200 NVL,screen,uniform_0_1,dot,lns,lns4_r1,4,2,1,fp32,ordinary,dense,thread_packet,8,32,1,1,8,none,ex2_approx,ordinary/dense/thread_packet/x8/ex2_approx,16777216,0,1,16777216,16777216,0,512,256,3,1,95,4.793856143951416,0.050461643620541223,3609998.25,1
2026-08-16T15:03:54Z,NVIDIA H200 NVL,screen,uniform_0_1,dot,lns,lns4_r1,4,2,1,fp32,ordinary,dense,thread_packet,8,32,1,1,8,none,ex2_approx,ordinary/dense/thread_packet/x8/ex2_approx,16777216,0,1,16777216,16777216,0,512,256,3,2,95,4.7952637672424316,0.050476460707815071,3609998.25,1
2026-08-16T15:03:54Z,NVIDIA H200 NVL,screen,uniform_0_1,gemv,lns,lns4_r1,4,2,1,fp32,ordinary,dense,thread_packet,8,32,1,1,8,none,ex2_approx,ordinary/dense/thread_packet/x8/ex2_approx,16384,1024,1024,8396800,8396800,0,1024,256,3,0,81,4.8410558700561523,0.059766121852545089,3542.20947265625,1
2026-08-16T15:03:54Z,NVIDIA H200 NVL,screen,uniform_0_1,gemv,lns,lns4_r1,4,2,1,fp32,ordinary,dense,thread_packet,8,32,1,1,8,none,ex2_approx,ordinary/dense/thread_packet/x8/ex2_approx,16384,1024,1024,8396800,8396800,0,1024,256,3,1,81,4.8413119316101074,0.059769283106297623,3542.20947265625,1
2026-08-16T15:03:54Z,NVIDIA H200 NVL,screen,uniform_0_1,gemv,lns,lns4_r1,4,2,1,fp32,ordinary,dense,thread_packet,8,32,1,1,8,none,ex2_approx,ordinary/dense/thread_packet/x8/ex2_approx,16384,1024,1024,8396800,8396800,0,1024,256,3,2,81,4.8424320220947266,0.059783111383885514,3542.20947265625,1
2026-08-16T15:03:54Z,NVIDIA H200 NVL,screen,uniform_0_1,dot,lns,lns4_r1,4,2,1,fp32,ordinary,padded,thread_packet,2,8,1,1,2,none,ex2_approx,ordinary/padded/thread_packet/x2/ex2_approx,16777216,0,1,16777216,33554432,0,512,256,3,0,88,4.7985601425170898,0.054529092528603294,3609998.25,1
2026-08-16T15:03:54Z,NVIDIA H200 NVL,screen,uniform_0_1,dot,lns,lns4_r1,4,2,1,fp32,ordinary,padded,thread_packet,2,8,1,1,2,none,ex2_approx,ordinary/padded/thread_packet/x2/ex2_approx,16777216,0,1,16777216,33554432,0,512,256,3,1,88,4.7971839904785156,0.054513454437255859,3609998.25,1
2026-08-16T15:03:54Z,NVIDIA H200 NVL,screen,uniform_0_1,dot,lns,lns4_r1,4,2,1,fp32,ordinary,padded,thread_packet,2,8,1,1,2,none,ex2_approx,ordinary/padded/thread_packet/x2/ex2_approx,16777216,0,1,16777216,33554432,0,512,256,3,2,88,4.7916479110717773,0.054450544443997467,3609998.25,1
2026-08-16T15:03:54Z,NVIDIA H200 NVL,screen,uniform_0_1,gemv,lns,lns4_r1,4,2,1,fp32,ordinary,padded,thread_packet,2,8,1,1,2,none,ex2_approx,ordinary/padded/thread_packet/x2/ex2_approx,16384,1024,1024,8396800,16793600,0,1024,256,3,0,97,4.8385601043701172,0.049882062931650692,3542.20947265625,1
2026-08-16T15:03:54Z,NVIDIA H200 NVL,screen,uniform_0_1,gemv,lns,lns4_r1,4,2,1,fp32,ordinary,padded,thread_packet,2,8,1,1,2,none,ex2_approx,ordinary/padded/thread_packet/x2/ex2_approx,16384,1024,1024,8396800,16793600,0,1024,256,3,1,97,4.8366398811340332,0.049862266815814772,3542.20947265625,1
2026-08-16T15:03:54Z,NVIDIA H200 NVL,screen,uniform_0_1,gemv,lns,lns4_r1,4,2,1,fp32,ordinary,padded,thread_packet,2,8,1,1,2,none,ex2_approx,ordinary/padded/thread_packet/x2/ex2_approx,16384,1024,1024,8396800,16793600,0,1024,256,3,2,97,4.8387842178344727,0.049884373379736835,3542.20947265625,1
2026-08-16T15:03:54Z,NVIDIA H200 NVL,screen,uniform_0_1,dot,lns,lns4_r1,4,2,1,fp32,ordinary,padded,thread_packet,4,8,1,1,4,none,ex2_approx,ordinary/padded/thread_packet/x4/ex2_approx,16777216,0,1,16777216,33554432,0,512,256,3,0,94,4.834144115447998,0.051427065057957425,3609998.25,1
2026-08-16T15:03:54Z,NVIDIA H200 NVL,screen,uniform_0_1,dot,lns,lns4_r1,4,2,1,fp32,ordinary,padded,thread_packet,4,8,1,1,4,none,ex2_approx,ordinary/padded/thread_packet/x4/ex2_approx,16777216,0,1,16777216,33554432,0,512,256,3,1,94,4.8355522155761719,0.05144204484655502,3609998.25,1
2026-08-16T15:03:54Z,NVIDIA H200 NVL,screen,uniform_0_1,dot,lns,lns4_r1,4,2,1,fp32,ordinary,padded,thread_packet,4,8,1,1,4,none,ex2_approx,ordinary/padded/thread_packet/x4/ex2_approx,16777216,0,1,16777216,33554432,0,512,256,3,2,94,4.82806396484375,0.051362382604720744,3609998.25,1
2026-08-16T15:03:54Z,NVIDIA H200 NVL,screen,uniform_0_1,gemv,lns,lns4_r1,4,2,1,fp32,ordinary,padded,thread_packet,4,8,1,1,4,none,ex2_approx,ordinary/padded/thread_packet/x4/ex2_approx,16384,1024,1024,8396800,16793600,0,1024,256,3,0,104,4.7856321334838867,0.046015693591191217,3542.20947265625,1
2026-08-16T15:03:54Z,NVIDIA H200 NVL,screen,uniform_0_1,gemv,lns,lns4_r1,4,2,1,fp32,ordinary,padded,thread_packet,4,8,1,1,4,none,ex2_approx,ordinary/padded/thread_packet/x4/ex2_approx,16384,1024,1024,8396800,16793600,0,1024,256,3,1,104,4.7871041297912598,0.046029847401839033,3542.20947265625,1
2026-08-16T15:03:54Z,NVIDIA H200 NVL,screen,uniform_0_1,gemv,lns,lns4_r1,4,2,1,fp32,ordinary,padded,thread_packet,4,8,1,1,4,none,ex2_approx,ordinary/padded/thread_packet/x4/ex2_approx,16384,1024,1024,8396800,16793600,0,1024,256,3,2,104,4.7868800163269043,0.046027692464681774,3542.20947265625,1
2026-08-16T15:03:54Z,NVIDIA H200 NVL,screen,uniform_0_1,dot,lns,lns4_r1,4,2,1,fp32,ordinary,padded,thread_packet,8,8,1,1,8,none,ex2_approx,ordinary/padded/thread_packet/x8/ex2_approx,16777216,0,1,16777216,33554432,0,512,256,3,0,95,4.8421120643615723,0.050969600677490234,3609998.25,1
2026-08-16T15:03:54Z,NVIDIA H200 NVL,screen,uniform_0_1,dot,lns,lns4_r1,4,2,1,fp32,ordinary,padded,thread_packet,8,8,1,1,8,none,ex2_approx,ordinary/padded/thread_packet/x8/ex2_approx,16777216,0,1,16777216,33554432,0,512,256,3,1,95,4.8437762260437012,0.050987118168881067,3609998.25,1
2026-08-16T15:03:54Z,NVIDIA H200 NVL,screen,uniform_0_1,dot,lns,lns4_r1,4,2,1,fp32,ordinary,padded,thread_packet,8,8,1,1,8,none,ex2_approx,ordinary/padded/thread_packet/x8/ex2_approx,16777216,0,1,16777216,33554432,0,512,256,3,2,95,4.844480037689209,0.050994526712517987,3609998.25,1
2026-08-16T15:03:54Z,NVIDIA H200 NVL,screen,uniform_0_1,gemv,lns,lns4_r1,4,2,1,fp32,ordinary,padded,thread_packet,8,8,1,1,8,none,ex2_approx,ordinary/padded/thread_packet/x8/ex2_approx,16384,1024,1024,8396800,16793600,0,1024,256,3,0,106,4.7801918983459473,0.045096149984395727,3542.20947265625,1
2026-08-16T15:03:54Z,NVIDIA H200 NVL,screen,uniform_0_1,gemv,lns,lns4_r1,4,2,1,fp32,ordinary,padded,thread_packet,8,8,1,1,8,none,ex2_approx,ordinary/padded/thread_packet/x8/ex2_approx,16384,1024,1024,8396800,16793600,0,1024,256,3,1,106,4.7799677848815918,0.045094035706430113,3542.20947265625,1
2026-08-16T15:03:54Z,NVIDIA H200 NVL,screen,uniform_0_1,gemv,lns,lns4_r1,4,2,1,fp32,ordinary,padded,thread_packet,8,8,1,1,8,none,ex2_approx,ordinary/padded/thread_packet/x8/ex2_approx,16384,1024,1024,8396800,16793600,0,1024,256,3,2,106,4.7797122001647949,0.045091624529856558,3542.20947265625,1
2026-08-16T15:03:54Z,NVIDIA H200 NVL,screen,uniform_0_1,dot,lns,lns4_r1,4,2,1,fp32,ordinary,dense,cooperative_shuffle,8,32,1,8,1,warp_shuffle,ex2_approx,ordinary/dense/cooperative_shuffle/x8/ex2_approx,16777216,0,1,16777216,16777216,0,512,256,3,0,55,4.8712639808654785,0.088568436015735968,3609998.25,1
2026-08-16T15:03:54Z,NVIDIA H200 NVL,screen,uniform_0_1,dot,lns,lns4_r1,4,2,1,fp32,ordinary,dense,cooperative_shuffle,8,32,1,8,1,warp_shuffle,ex2_approx,ordinary/dense/cooperative_shuffle/x8/ex2_approx,16777216,0,1,16777216,16777216,0,512,256,3,1,55,4.8695039749145508,0.088536435907537292,3609998.25,1
2026-08-16T15:03:54Z,NVIDIA H200 NVL,screen,uniform_0_1,dot,lns,lns4_r1,4,2,1,fp32,ordinary,dense,cooperative_shuffle,8,32,1,8,1,warp_shuffle,ex2_approx,ordinary/dense/cooperative_shuffle/x8/ex2_approx,16777216,0,1,16777216,16777216,0,512,256,3,2,55,4.8711037635803223,0.088565522974187683,3609998.25,1
2026-08-16T15:03:54Z,NVIDIA H200 NVL,screen,uniform_0_1,gemv,lns,lns4_r1,4,2,1,fp32,ordinary,dense,cooperative_shuffle,8,32,1,8,1,warp_shuffle,ex2_approx,ordinary/dense/cooperative_shuffle/x8/ex2_approx,16384,1024,1024,8396800,8396800,0,1024,256,3,0,72,4.8771519660949707,0.067738221751319036,3542.20947265625,1
2026-08-16T15:03:54Z,NVIDIA H200 NVL,screen,uniform_0_1,gemv,lns,lns4_r1,4,2,1,fp32,ordinary,dense,cooperative_shuffle,8,32,1,8,1,warp_shuffle,ex2_approx,ordinary/dense/cooperative_shuffle/x8/ex2_approx,16384,1024,1024,8396800,8396800,0,1024,256,3,1,72,4.8790078163146973,0.067763997448815241,3542.20947265625,1
2026-08-16T15:03:54Z,NVIDIA H200 NVL,screen,uniform_0_1,gemv,lns,lns4_r1,4,2,1,fp32,ordinary,dense,cooperative_shuffle,8,32,1,8,1,warp_shuffle,ex2_approx,ordinary/dense/cooperative_shuffle/x8/ex2_approx,16384,1024,1024,8396800,8396800,0,1024,256,3,2,72,4.8801918029785156,0.067780441708034933,3542.20947265625,1
2026-08-16T15:03:54Z,NVIDIA H200 NVL,screen,uniform_0_1,dot,lns,lns4_r1,4,2,1,fp32,fused,dense,scalar,1,32,1,1,1,none,ex2_approx,fused/dense/scalar/x1/ex2_approx,16777216,0,1,16777216,16777216,0,512,256,3,0,60,4.8491201400756836,0.08081866900126139,3609998.5,1
2026-08-16T15:03:54Z,NVIDIA H200 NVL,screen,uniform_0_1,dot,lns,lns4_r1,4,2,1,fp32,fused,dense,scalar,1,32,1,1,1,none,ex2_approx,fused/dense/scalar/x1/ex2_approx,16777216,0,1,16777216,16777216,0,512,256,3,1,60,4.8512320518493652,0.080853867530822757,3609998.5,1
2026-08-16T15:03:54Z,NVIDIA H200 NVL,screen,uniform_0_1,dot,lns,lns4_r1,4,2,1,fp32,fused,dense,scalar,1,32,1,1,1,none,ex2_approx,fused/dense/scalar/x1/ex2_approx,16777216,0,1,16777216,16777216,0,512,256,3,2,60,4.8507199287414551,0.080845332145690924,3609998.5,1
2026-08-16T15:03:54Z,NVIDIA H200 NVL,screen,uniform_0_1,gemv,lns,lns4_r1,4,2,1,fp32,fused,dense,scalar,1,32,1,1,1,none,ex2_approx,fused/dense/scalar/x1/ex2_approx,16384,1024,1024,8396800,8396800,0,1024,256,3,0,61,4.934624195098877,0.080895478608178306,3542.20947265625,1
2026-08-16T15:03:54Z,NVIDIA H200 NVL,screen,uniform_0_1,gemv,lns,lns4_r1,4,2,1,fp32,fused,dense,scalar,1,32,1,1,1,none,ex2_approx,fused/dense/scalar/x1/ex2_approx,16384,1024,1024,8396800,8396800,0,1024,256,3,1,61,4.9593601226806641,0.081300985617715801,3542.20947265625,1
2026-08-16T15:03:54Z,NVIDIA H200 NVL,screen,uniform_0_1,gemv,lns,lns4_r1,4,2,1,fp32,fused,dense,scalar,1,32,1,1,1,none,ex2_approx,fused/dense/scalar/x1/ex2_approx,16384,1024,1024,8396800,8396800,0,1024,256,3,2,61,4.9521598815917969,0.081182948878554054,3542.20947265625,1
2026-08-16T15:03:54Z,NVIDIA H200 NVL,screen,uniform_0_1,dot,lns,lns4_r1,4,2,1,fp32,fused,padded,scalar,1,8,1,1,1,none,ex2_approx,fused/padded/scalar/x1/ex2_approx,16777216,0,1,16777216,33554432,0,512,256,3,0,71,4.9076480865478516,0.069121804035885234,3609998.5,1
2026-08-16T15:03:54Z,NVIDIA H200 NVL,screen,uniform_0_1,dot,lns,lns4_r1,4,2,1,fp32,fused,padded,scalar,1,8,1,1,1,none,ex2_approx,fused/padded/scalar/x1/ex2_approx,16777216,0,1,16777216,33554432,0,512,256,3,1,71,4.907616138458252,0.069121354062792281,3609998.5,1
2026-08-16T15:03:54Z,NVIDIA H200 NVL,screen,uniform_0_1,dot,lns,lns4_r1,4,2,1,fp32,fused,padded,scalar,1,8,1,1,1,none,ex2_approx,fused/padded/scalar/x1/ex2_approx,16777216,0,1,16777216,33554432,0,512,256,3,2,71,4.9080319404602051,0.069127210429016969,3609998.5,1
2026-08-16T15:03:54Z,NVIDIA H200 NVL,screen,uniform_0_1,gemv,lns,lns4_r1,4,2,1,fp32,fused,padded,scalar,1,8,1,1,1,none,ex2_approx,fused/padded/scalar/x1/ex2_approx,16384,1024,1024,8396800,16793600,0,1024,256,3,0,75,4.8488640785217285,0.064651521046956387,3542.20947265625,1
2026-08-16T15:03:54Z,NVIDIA H200 NVL,screen,uniform_0_1,gemv,lns,lns4_r1,4,2,1,fp32,fused,padded,scalar,1,8,1,1,1,none,ex2_approx,fused/padded/scalar/x1/ex2_approx,16384,1024,1024,8396800,16793600,0,1024,256,3,1,75,4.8460159301757812,0.064613545735677083,3542.20947265625,1
2026-08-16T15:03:54Z,NVIDIA H200 NVL,screen,uniform_0_1,gemv,lns,lns4_r1,4,2,1,fp32,fused,padded,scalar,1,8,1,1,1,none,ex2_approx,fused/padded/scalar/x1/ex2_approx,16384,1024,1024,8396800,16793600,0,1024,256,3,2,75,4.8475837707519531,0.064634450276692706,3542.20947265625,1
2026-08-16T15:03:54Z,NVIDIA H200 NVL,screen,uniform_0_1,dot,lns,lns4_r1,4,2,1,fp32,fused,dense,thread_packet,2,32,1,1,2,none,ex2_approx,fused/dense/thread_packet/x2/ex2_approx,16777216,0,1,16777216,16777216,0,512,256,3,0,62,4.8542399406433105,0.078294192591021133,3609998.25,1
2026-08-16T15:03:54Z,NVIDIA H200 NVL,screen,uniform_0_1,dot,lns,lns4_r1,4,2,1,fp32,fused,dense,thread_packet,2,32,1,1,2,none,ex2_approx,fused/dense/thread_packet/x2/ex2_approx,16777216,0,1,16777216,16777216,0,512,256,3,1,62,4.8536639213562012,0.078284901957358086,3609998.25,1
2026-08-16T15:03:54Z,NVIDIA H200 NVL,screen,uniform_0_1,dot,lns,lns4_r1,4,2,1,fp32,fused,dense,thread_packet,2,32,1,1,2,none,ex2_approx,fused/dense/thread_packet/x2/ex2_approx,16777216,0,1,16777216,16777216,0,512,256,3,2,62,4.8559999465942383,0.078322579783778032,3609998.25,1
2026-08-16T15:03:54Z,NVIDIA H200 NVL,screen,uniform_0_1,gemv,lns,lns4_r1,4,2,1,fp32,fused,dense,thread_packet,2,32,1,1,2,none,ex2_approx,fused/dense/thread_packet/x2/ex2_approx,16384,1024,1024,8396800,8396800,0,1024,256,3,0,63,4.9257922172546387,0.078187178051660935,3542.20947265625,1
2026-08-16T15:03:54Z,NVIDIA H200 NVL,screen,uniform_0_1,gemv,lns,lns4_r1,4,2,1,fp32,fused,dense,thread_packet,2,32,1,1,2,none,ex2_approx,fused/dense/thread_packet/x2/ex2_approx,16384,1024,1024,8396800,8396800,0,1024,256,3,1,63,4.9227199554443359,0.078138411991179935,3542.20947265625,1
2026-08-16T15:03:54Z,NVIDIA H200 NVL,screen,uniform_0_1,gemv,lns,lns4_r1,4,2,1,fp32,fused,dense,thread_packet,2,32,1,1,2,none,ex2_approx,fused/dense/thread_packet/x2/ex2_approx,16384,1024,1024,8396800,8396800,0,1024,256,3,2,63,4.9239358901977539,0.078157712542821486,3542.20947265625,1
2026-08-16T15:03:54Z,NVIDIA H200 NVL,screen,uniform_0_1,dot,lns,lns4_r1,4,2,1,fp32,fused,dense,thread_packet,4,32,1,1,4,none,ex2_approx,fused/dense/thread_packet/x4/ex2_approx,16777216,0,1,16777216,16777216,0,512,256,3,0,63,4.8594880104064941,0.077134730323912604,3609998.25,1
2026-08-16T15:03:54Z,NVIDIA H200 NVL,screen,uniform_0_1,dot,lns,lns4_r1,4,2,1,fp32,fused,dense,thread_packet,4,32,1,1,4,none,ex2_approx,fused/dense/thread_packet/x4/ex2_approx,16777216,0,1,16777216,16777216,0,512,256,3,1,63,4.8591361045837402,0.077129144517202222,3609998.25,1
2026-08-16T15:03:54Z,NVIDIA H200 NVL,screen,uniform_0_1,dot,lns,lns4_r1,4,2,1,fp32,fused,dense,thread_packet,4,32,1,1,4,none,ex2_approx,fused/dense/thread_packet/x4/ex2_approx,16777216,0,1,16777216,16777216,0,512,256,3,2,63,4.8604798316955566,0.077150473518977095,3609998.25,1
2026-08-16T15:03:54Z,NVIDIA H200 NVL,screen,uniform_0_1,gemv,lns,lns4_r1,4,2,1,fp32,fused,dense,thread_packet,4,32,1,1,4,none,ex2_approx,fused/dense/thread_packet/x4/ex2_approx,16384,1024,1024,8396800,8396800,0,1024,256,3,0,62,4.8551998138427734,0.078309674416818922,3542.20947265625,1
2026-08-16T15:03:54Z,NVIDIA H200 NVL,screen,uniform_0_1,gemv,lns,lns4_r1,4,2,1,fp32,fused,dense,thread_packet,4,32,1,1,4,none,ex2_approx,fused/dense/thread_packet/x4/ex2_approx,16384,1024,1024,8396800,8396800,0,1024,256,3,1,62,4.8463358879089355,0.078166707869498961,3542.20947265625,1
2026-08-16T15:03:54Z,NVIDIA H200 NVL,screen,uniform_0_1,gemv,lns,lns4_r1,4,2,1,fp32,fused,dense,thread_packet,4,32,1,1,4,none,ex2_approx,fused/dense/thread_packet/x4/ex2_approx,16384,1024,1024,8396800,8396800,0,1024,256,3,2,62,4.8477439880371094,0.07818941916188886,3542.20947265625,1
2026-08-16T15:03:54Z,NVIDIA H200 NVL,screen,uniform_0_1,dot,lns,lns4_r1,4,2,1,fp32,fused,dense,thread_packet,8,32,1,1,8,none,ex2_approx,fused/dense/thread_packet/x8/ex2_approx,16777216,0,1,16777216,16777216,0,512,256,3,0,77,4.8384637832641602,0.062837191990443644,3609998.5,1
2026-08-16T15:03:54Z,NVIDIA H200 NVL,screen,uniform_0_1,dot,lns,lns4_r1,4,2,1,fp32,fused,dense,thread_packet,8,32,1,1,8,none,ex2_approx,fused/dense/thread_packet/x8/ex2_approx,16777216,0,1,16777216,16777216,0,512,256,3,1,77,4.8366079330444336,0.062813090039538097,3609998.5,1
2026-08-16T15:03:54Z,NVIDIA H200 NVL,screen,uniform_0_1,dot,lns,lns4_r1,4,2,1,fp32,fused,dense,thread_packet,8,32,1,1,8,none,ex2_approx,fused/dense/thread_packet/x8/ex2_approx,16777216,0,1,16777216,16777216,0,512,256,3,2,77,4.8363518714904785,0.06280976456481141,3609998.5,1
2026-08-16T15:03:54Z,NVIDIA H200 NVL,screen,uniform_0_1,gemv,lns,lns4_r1,4,2,1,fp32,fused,dense,thread_packet,8,32,1,1,8,none,ex2_approx,fused/dense/thread_packet/x8/ex2_approx,16384,1024,1024,8396800,8396800,0,1024,256,3,0,67,4.8319997787475586,0.072119399682799387,3542.20947265625,1
2026-08-16T15:03:54Z,NVIDIA H200 NVL,screen,uniform_0_1,gemv,lns,lns4_r1,4,2,1,fp32,fused,dense,thread_packet,8,32,1,1,8,none,ex2_approx,fused/dense/thread_packet/x8/ex2_approx,16384,1024,1024,8396800,8396800,0,1024,256,3,1,67,4.829887866973877,0.072087878611550402,3542.20947265625,1
2026-08-16T15:03:54Z,NVIDIA H200 NVL,screen,uniform_0_1,gemv,lns,lns4_r1,4,2,1,fp32,fused,dense,thread_packet,8,32,1,1,8,none,ex2_approx,fused/dense/thread_packet/x8/ex2_approx,16384,1024,1024,8396800,8396800,0,1024,256,3,2,67,4.8306560516357422,0.072099344054264811,3542.20947265625,1
2026-08-16T15:03:54Z,NVIDIA H200 NVL,screen,uniform_0_1,dot,lns,lns4_r1,4,2,1,fp32,fused,padded,thread_packet,2,8,1,1,2,none,ex2_approx,fused/padded/thread_packet/x2/ex2_approx,16777216,0,1,16777216,33554432,0,512,256,3,0,70,4.8384318351745605,0.069120454788208011,3609998.25,1
2026-08-16T15:03:54Z,NVIDIA H200 NVL,screen,uniform_0_1,dot,lns,lns4_r1,4,2,1,fp32,fused,padded,thread_packet,2,8,1,1,2,none,ex2_approx,fused/padded/thread_packet/x2/ex2_approx,16777216,0,1,16777216,33554432,0,512,256,3,1,70,4.8332481384277344,0.069046401977539057,3609998.25,1
2026-08-16T15:03:54Z,NVIDIA H200 NVL,screen,uniform_0_1,dot,lns,lns4_r1,4,2,1,fp32,fused,padded,thread_packet,2,8,1,1,2,none,ex2_approx,fused/padded/thread_packet/x2/ex2_approx,16777216,0,1,16777216,33554432,0,512,256,3,2,70,4.8327999114990234,0.069039998735700339,3609998.25,1
2026-08-16T15:03:54Z,NVIDIA H200 NVL,screen,uniform_0_1,gemv,lns,lns4_r1,4,2,1,fp32,fused,padded,thread_packet,2,8,1,1,2,none,ex2_approx,fused/padded/thread_packet/x2/ex2_approx,16384,1024,1024,8396800,16793600,0,1024,256,3,0,79,4.8796482086181641,0.061767698843267903,3542.20947265625,1
2026-08-16T15:03:54Z,NVIDIA H200 NVL,screen,uniform_0_1,gemv,lns,lns4_r1,4,2,1,fp32,fused,padded,thread_packet,2,8,1,1,2,none,ex2_approx,fused/padded/thread_packet/x2/ex2_approx,16384,1024,1024,8396800,16793600,0,1024,256,3,1,79,4.8797760009765625,0.06176931646805775,3542.20947265625,1
2026-08-16T15:03:54Z,NVIDIA H200 NVL,screen,uniform_0_1,gemv,lns,lns4_r1,4,2,1,fp32,fused,padded,thread_packet,2,8,1,1,2,none,ex2_approx,fused/padded/thread_packet/x2/ex2_approx,16384,1024,1024,8396800,16793600,0,1024,256,3,2,79,4.879295825958252,0.061763238303269012,3542.20947265625,1
2026-08-16T15:03:54Z,NVIDIA H200 NVL,screen,uniform_0_1,dot,lns,lns4_r1,4,2,1,fp32,fused,padded,thread_packet,4,8,1,1,4,none,ex2_approx,fused/padded/thread_packet/x4/ex2_approx,16777216,0,1,16777216,33554432,0,512,256,3,0,75,4.883903980255127,0.065118719736735026,3609998.25,1
2026-08-16T15:03:54Z,NVIDIA H200 NVL,screen,uniform_0_1,dot,lns,lns4_r1,4,2,1,fp32,fused,padded,thread_packet,4,8,1,1,4,none,ex2_approx,fused/padded/thread_packet/x4/ex2_approx,16777216,0,1,16777216,33554432,0,512,256,3,1,75,4.8834881782531738,0.065113175710042312,3609998.25,1
2026-08-16T15:03:54Z,NVIDIA H200 NVL,screen,uniform_0_1,dot,lns,lns4_r1,4,2,1,fp32,fused,padded,thread_packet,4,8,1,1,4,none,ex2_approx,fused/padded/thread_packet/x4/ex2_approx,16777216,0,1,16777216,33554432,0,512,256,3,2,75,4.8834881782531738,0.065113175710042312,3609998.25,1
2026-08-16T15:03:54Z,NVIDIA H200 NVL,screen,uniform_0_1,gemv,lns,lns4_r1,4,2,1,fp32,fused,padded,thread_packet,4,8,1,1,4,none,ex2_approx,fused/padded/thread_packet/x4/ex2_approx,16384,1024,1024,8396800,16793600,0,1024,256,3,0,80,4.686272144317627,0.058578401803970337,3542.20947265625,1
2026-08-16T15:03:54Z,NVIDIA H200 NVL,screen,uniform_0_1,gemv,lns,lns4_r1,4,2,1,fp32,fused,padded,thread_packet,4,8,1,1,4,none,ex2_approx,fused/padded/thread_packet/x4/ex2_approx,16384,1024,1024,8396800,16793600,0,1024,256,3,1,80,4.6865921020507812,0.058582401275634764,3542.20947265625,1
2026-08-16T15:03:54Z,NVIDIA H200 NVL,screen,uniform_0_1,gemv,lns,lns4_r1,4,2,1,fp32,fused,padded,thread_packet,4,8,1,1,4,none,ex2_approx,fused/padded/thread_packet/x4/ex2_approx,16384,1024,1024,8396800,16793600,0,1024,256,3,2,80,4.6857280731201172,0.058571600914001466,3542.20947265625,1
2026-08-16T15:03:54Z,NVIDIA H200 NVL,screen,uniform_0_1,dot,lns,lns4_r1,4,2,1,fp32,fused,padded,thread_packet,8,8,1,1,8,none,ex2_approx,fused/padded/thread_packet/x8/ex2_approx,16777216,0,1,16777216,33554432,0,512,256,3,0,76,4.8764801025390625,0.06416421187551398,3609998.5,1
2026-08-16T15:03:54Z,NVIDIA H200 NVL,screen,uniform_0_1,dot,lns,lns4_r1,4,2,1,fp32,fused,padded,thread_packet,8,8,1,1,8,none,ex2_approx,fused/padded/thread_packet/x8/ex2_approx,16777216,0,1,16777216,33554432,0,512,256,3,1,76,4.8774080276489258,0.064176421416433233,3609998.5,1
2026-08-16T15:03:54Z,NVIDIA H200 NVL,screen,uniform_0_1,dot,lns,lns4_r1,4,2,1,fp32,fused,padded,thread_packet,8,8,1,1,8,none,ex2_approx,fused/padded/thread_packet/x8/ex2_approx,16777216,0,1,16777216,33554432,0,512,256,3,2,76,4.8976960182189941,0.06444336866077624,3609998.5,1
2026-08-16T15:03:54Z,NVIDIA H200 NVL,screen,uniform_0_1,gemv,lns,lns4_r1,4,2,1,fp32,fused,padded,thread_packet,8,8,1,1,8,none,ex2_approx,fused/padded/thread_packet/x8/ex2_approx,16384,1024,1024,8396800,16793600,0,1024,256,3,0,83,4.7967681884765625,0.057792387812970636,3542.20947265625,1
2026-08-16T15:03:54Z,NVIDIA H200 NVL,screen,uniform_0_1,gemv,lns,lns4_r1,4,2,1,fp32,fused,padded,thread_packet,8,8,1,1,8,none,ex2_approx,fused/padded/thread_packet/x8/ex2_approx,16384,1024,1024,8396800,16793600,0,1024,256,3,1,83,4.7915201187133789,0.057729158056787695,3542.20947265625,1
2026-08-16T15:03:54Z,NVIDIA H200 NVL,screen,uniform_0_1,gemv,lns,lns4_r1,4,2,1,fp32,fused,padded,thread_packet,8,8,1,1,8,none,ex2_approx,fused/padded/thread_packet/x8/ex2_approx,16384,1024,1024,8396800,16793600,0,1024,256,3,2,83,4.7938880920410156,0.057757687855915854,3542.20947265625,1
2026-08-16T15:03:54Z,NVIDIA H200 NVL,screen,uniform_0_1,dot,lns,lns4_r1,4,2,1,fp32,fused,dense,cooperative_shuffle,8,32,1,8,1,warp_shuffle,ex2_approx,fused/dense/cooperative_shuffle/x8/ex2_approx,16777216,0,1,16777216,16777216,0,512,256,3,0,51,4.9272317886352539,0.09661238801245596,3609998.5,1
2026-08-16T15:03:54Z,NVIDIA H200 NVL,screen,uniform_0_1,dot,lns,lns4_r1,4,2,1,fp32,fused,dense,cooperative_shuffle,8,32,1,8,1,warp_shuffle,ex2_approx,fused/dense/cooperative_shuffle/x8/ex2_approx,16777216,0,1,16777216,16777216,0,512,256,3,1,51,4.9292478561401367,0.096651918747845816,3609998.5,1
2026-08-16T15:03:54Z,NVIDIA H200 NVL,screen,uniform_0_1,dot,lns,lns4_r1,4,2,1,fp32,fused,dense,cooperative_shuffle,8,32,1,8,1,warp_shuffle,ex2_approx,fused/dense/cooperative_shuffle/x8/ex2_approx,16777216,0,1,16777216,16777216,0,512,256,3,2,51,4.926271915435791,0.096593566969329234,3609998.5,1
2026-08-16T15:03:54Z,NVIDIA H200 NVL,screen,uniform_0_1,gemv,lns,lns4_r1,4,2,1,fp32,fused,dense,cooperative_shuffle,8,32,1,8,1,warp_shuffle,ex2_approx,fused/dense/cooperative_shuffle/x8/ex2_approx,16384,1024,1024,8396800,8396800,0,1024,256,3,0,59,4.8713278770446777,0.082564879271943684,3542.20947265625,1
2026-08-16T15:03:54Z,NVIDIA H200 NVL,screen,uniform_0_1,gemv,lns,lns4_r1,4,2,1,fp32,fused,dense,cooperative_shuffle,8,32,1,8,1,warp_shuffle,ex2_approx,fused/dense/cooperative_shuffle/x8/ex2_approx,16384,1024,1024,8396800,8396800,0,1024,256,3,1,59,4.8693118095397949,0.082530708636267713,3542.20947265625,1
2026-08-16T15:03:54Z,NVIDIA H200 NVL,screen,uniform_0_1,gemv,lns,lns4_r1,4,2,1,fp32,fused,dense,cooperative_shuffle,8,32,1,8,1,warp_shuffle,ex2_approx,fused/dense/cooperative_shuffle/x8/ex2_approx,16384,1024,1024,8396800,8396800,0,1024,256,3,2,59,4.8710079193115234,0.082559456259517341,3542.20947265625,1
2026-08-16T15:03:54Z,NVIDIA H200 NVL,screen,uniform_0_1,dot,lns,lns4_r1,4,2,1,fp32,ordinary,dense,scalar,1,32,1,1,1,none,full_lut_global,ordinary/dense/scalar/x1/full_lut_global,16777216,0,1,16777216,16777216,64,512,256,3,0,121,4.7393598556518555,0.039168263269850047,3609998.5,1
2026-08-16T15:03:54Z,NVIDIA H200 NVL,screen,uniform_0_1,dot,lns,lns4_r1,4,2,1,fp32,ordinary,dense,scalar,1,32,1,1,1,none,full_lut_global,ordinary/dense/scalar/x1/full_lut_global,16777216,0,1,16777216,16777216,64,512,256,3,1,121,4.7378559112548828,0.039155833977313079,3609998.5,1
2026-08-16T15:03:54Z,NVIDIA H200 NVL,screen,uniform_0_1,dot,lns,lns4_r1,4,2,1,fp32,ordinary,dense,scalar,1,32,1,1,1,none,full_lut_global,ordinary/dense/scalar/x1/full_lut_global,16777216,0,1,16777216,16777216,64,512,256,3,2,121,4.7413120269775391,0.039184396917169746,3609998.5,1
2026-08-16T15:03:54Z,NVIDIA H200 NVL,screen,uniform_0_1,gemv,lns,lns4_r1,4,2,1,fp32,ordinary,dense,scalar,1,32,1,1,1,none,full_lut_global,ordinary/dense/scalar/x1/full_lut_global,16384,1024,1024,8396800,8396800,64,1024,256,3,0,120,4.7623682022094727,0.039686401685078941,3542.20947265625,1
2026-08-16T15:03:54Z,NVIDIA H200 NVL,screen,uniform_0_1,gemv,lns,lns4_r1,4,2,1,fp32,ordinary,dense,scalar,1,32,1,1,1,none,full_lut_global,ordinary/dense/scalar/x1/full_lut_global,16384,1024,1024,8396800,8396800,64,1024,256,3,1,120,4.7460479736328125,0.039550399780273436,3542.20947265625,1
2026-08-16T15:03:54Z,NVIDIA H200 NVL,screen,uniform_0_1,gemv,lns,lns4_r1,4,2,1,fp32,ordinary,dense,scalar,1,32,1,1,1,none,full_lut_global,ordinary/dense/scalar/x1/full_lut_global,16384,1024,1024,8396800,8396800,64,1024,256,3,2,120,4.7463359832763672,0.039552799860636395,3542.20947265625,1
2026-08-16T15:03:54Z,NVIDIA H200 NVL,screen,uniform_0_1,dot,lns,lns4_r1,4,2,1,fp32,ordinary,padded,scalar,1,8,1,1,1,none,full_lut_global,ordinary/padded/scalar/x1/full_lut_global,16777216,0,1,16777216,33554432,64,512,256,3,0,130,4.5969281196594238,0.035360985535841723,3609998.5,1
2026-08-16T15:03:54Z,NVIDIA H200 NVL,screen,uniform_0_1,dot,lns,lns4_r1,4,2,1,fp32,ordinary,padded,scalar,1,8,1,1,1,none,full_lut_global,ordinary/padded/scalar/x1/full_lut_global,16777216,0,1,16777216,33554432,64,512,256,3,1,130,4.5980801582336426,0.035369847371028017,3609998.5,1
2026-08-16T15:03:54Z,NVIDIA H200 NVL,screen,uniform_0_1,dot,lns,lns4_r1,4,2,1,fp32,ordinary,padded,scalar,1,8,1,1,1,none,full_lut_global,ordinary/padded/scalar/x1/full_lut_global,16777216,0,1,16777216,33554432,64,512,256,3,2,130,4.600031852722168,0.035384860405555135,3609998.5,1
2026-08-16T15:03:54Z,NVIDIA H200 NVL,screen,uniform_0_1,gemv,lns,lns4_r1,4,2,1,fp32,ordinary,padded,scalar,1,8,1,1,1,none,full_lut_global,ordinary/padded/scalar/x1/full_lut_global,16384,1024,1024,8396800,16793600,64,1024,256,3,0,174,4.6121277809143066,0.02650648149950751,3542.20947265625,1
2026-08-16T15:03:54Z,NVIDIA H200 NVL,screen,uniform_0_1,gemv,lns,lns4_r1,4,2,1,fp32,ordinary,padded,scalar,1,8,1,1,1,none,full_lut_global,ordinary/padded/scalar/x1/full_lut_global,16384,1024,1024,8396800,16793600,64,1024,256,3,1,174,4.6024317741394043,0.026450757322640253,3542.20947265625,1
2026-08-16T15:03:54Z,NVIDIA H200 NVL,screen,uniform_0_1,gemv,lns,lns4_r1,4,2,1,fp32,ordinary,padded,scalar,1,8,1,1,1,none,full_lut_global,ordinary/padded/scalar/x1/full_lut_global,16384,1024,1024,8396800,16793600,64,1024,256,3,2,174,4.591616153717041,0.026388598584580696,3542.20947265625,1
2026-08-16T15:03:54Z,NVIDIA H200 NVL,screen,uniform_0_1,dot,lns,lns4_r1,4,2,1,fp32,ordinary,dense,thread_packet,2,32,1,1,2,none,full_lut_global,ordinary/dense/thread_packet/x2/full_lut_global,16777216,0,1,16777216,16777216,64,512,256,3,0,129,4.6959037780761719,0.036402354868807531,3609998.25,1
2026-08-16T15:03:54Z,NVIDIA H200 NVL,screen,uniform_0_1,dot,lns,lns4_r1,4,2,1,fp32,ordinary,dense,thread_packet,2,32,1,1,2,none,full_lut_global,ordinary/dense/thread_packet/x2/full_lut_global,16777216,0,1,16777216,16777216,64,512,256,3,1,129,4.693568229675293,0.036384249842444129,3609998.25,1
2026-08-16T15:03:54Z,NVIDIA H200 NVL,screen,uniform_0_1,dot,lns,lns4_r1,4,2,1,fp32,ordinary,dense,thread_packet,2,32,1,1,2,none,full_lut_global,ordinary/dense/thread_packet/x2/full_lut_global,16777216,0,1,16777216,16777216,64,512,256,3,2,129,4.6924800872802734,0.036375814630079641,3609998.25,1
2026-08-16T15:03:54Z,NVIDIA H200 NVL,screen,uniform_0_1,gemv,lns,lns4_r1,4,2,1,fp32,ordinary,dense,thread_packet,2,32,1,1,2,none,full_lut_global,ordinary/dense/thread_packet/x2/full_lut_global,16384,1024,1024,8396800,8396800,64,1024,256,3,0,124,4.7590718269348145,0.038379611507538824,3542.20947265625,1
2026-08-16T15:03:54Z,NVIDIA H200 NVL,screen,uniform_0_1,gemv,lns,lns4_r1,4,2,1,fp32,ordinary,dense,thread_packet,2,32,1,1,2,none,full_lut_global,ordinary/dense/thread_packet/x2/full_lut_global,16384,1024,1024,8396800,8396800,64,1024,256,3,1,124,4.758080005645752,0.038371612948756066,3542.20947265625,1
2026-08-16T15:03:54Z,NVIDIA H200 NVL,screen,uniform_0_1,gemv,lns,lns4_r1,4,2,1,fp32,ordinary,dense,thread_packet,2,32,1,1,2,none,full_lut_global,ordinary/dense/thread_packet/x2/full_lut_global,16384,1024,1024,8396800,8396800,64,1024,256,3,2,124,4.7566399574279785,0.038359999656677246,3542.20947265625,1
2026-08-16T15:03:54Z,NVIDIA H200 NVL,screen,uniform_0_1,dot,lns,lns4_r1,4,2,1,fp32,ordinary,dense,thread_packet,4,32,1,1,4,none,full_lut_global,ordinary/dense/thread_packet/x4/full_lut_global,16777216,0,1,16777216,16777216,64,512,256,3,0,144,4.668799877166748,0.032422221369213529,3609998.25,1
2026-08-16T15:03:54Z,NVIDIA H200 NVL,screen,uniform_0_1,dot,lns,lns4_r1,4,2,1,fp32,ordinary,dense,thread_packet,4,32,1,1,4,none,full_lut_global,ordinary/dense/thread_packet/x4/full_lut_global,16777216,0,1,16777216,16777216,64,512,256,3,1,144,4.670720100402832,0.032435556252797447,3609998.25,1
2026-08-16T15:03:54Z,NVIDIA H200 NVL,screen,uniform_0_1,dot,lns,lns4_r1,4,2,1,fp32,ordinary,dense,thread_packet,4,32,1,1,4,none,full_lut_global,ordinary/dense/thread_packet/x4/full_lut_global,16777216,0,1,16777216,16777216,64,512,256,3,2,144,4.6697921752929688,0.032429112328423396,3609998.25,1
2026-08-16T15:03:54Z,NVIDIA H200 NVL,screen,uniform_0_1,gemv,lns,lns4_r1,4,2,1,fp32,ordinary,dense,thread_packet,4,32,1,1,4,none,full_lut_global,ordinary/dense/thread_packet/x4/full_lut_global,16384,1024,1024,8396800,8396800,64,1024,256,3,0,125,4.7123517990112305,0.037698814392089844,3542.20947265625,1
2026-08-16T15:03:54Z,NVIDIA H200 NVL,screen,uniform_0_1,gemv,lns,lns4_r1,4,2,1,fp32,ordinary,dense,thread_packet,4,32,1,1,4,none,full_lut_global,ordinary/dense/thread_packet/x4/full_lut_global,16384,1024,1024,8396800,8396800,64,1024,256,3,1,125,4.7130560874938965,0.037704448699951175,3542.20947265625,1
2026-08-16T15:03:54Z,NVIDIA H200 NVL,screen,uniform_0_1,gemv,lns,lns4_r1,4,2,1,fp32,ordinary,dense,thread_packet,4,32,1,1,4,none,full_lut_global,ordinary/dense/thread_packet/x4/full_lut_global,16384,1024,1024,8396800,8396800,64,1024,256,3,2,125,4.7208957672119141,0.037767166137695311,3542.20947265625,1
2026-08-16T15:03:54Z,NVIDIA H200 NVL,screen,uniform_0_1,dot,lns,lns4_r1,4,2,1,fp32,ordinary,dense,thread_packet,8,32,1,1,8,none,full_lut_global,ordinary/dense/thread_packet/x8/full_lut_global,16777216,0,1,16777216,16777216,64,512,256,3,0,209,4.5416960716247559,0.021730603213515578,3609998.25,1
2026-08-16T15:03:54Z,NVIDIA H200 NVL,screen,uniform_0_1,dot,lns,lns4_r1,4,2,1,fp32,ordinary,dense,thread_packet,8,32,1,1,8,none,full_lut_global,ordinary/dense/thread_packet/x8/full_lut_global,16777216,0,1,16777216,16777216,64,512,256,3,1,209,4.5442237854003906,0.021742697537800913,3609998.25,1
2026-08-16T15:03:54Z,NVIDIA H200 NVL,screen,uniform_0_1,dot,lns,lns4_r1,4,2,1,fp32,ordinary,dense,thread_packet,8,32,1,1,8,none,full_lut_global,ordinary/dense/thread_packet/x8/full_lut_global,16777216,0,1,16777216,16777216,64,512,256,3,2,209,4.5452799797058105,0.021747751099070865,3609998.25,1
2026-08-16T15:03:54Z,NVIDIA H200 NVL,screen,uniform_0_1,gemv,lns,lns4_r1,4,2,1,fp32,ordinary,dense,thread_packet,8,32,1,1,8,none,full_lut_global,ordinary/dense/thread_packet/x8/full_lut_global,16384,1024,1024,8396800,8396800,64,1024,256,3,0,138,4.7216000556945801,0.0342144931572071,3542.20947265625,1
2026-08-16T15:03:54Z,NVIDIA H200 NVL,screen,uniform_0_1,gemv,lns,lns4_r1,4,2,1,fp32,ordinary,dense,thread_packet,8,32,1,1,8,none,full_lut_global,ordinary/dense/thread_packet/x8/full_lut_global,16384,1024,1024,8396800,8396800,64,1024,256,3,1,138,4.7185602188110352,0.034192465353703155,3542.20947265625,1
2026-08-16T15:03:54Z,NVIDIA H200 NVL,screen,uniform_0_1,gemv,lns,lns4_r1,4,2,1,fp32,ordinary,dense,thread_packet,8,32,1,1,8,none,full_lut_global,ordinary/dense/thread_packet/x8/full_lut_global,16384,1024,1024,8396800,8396800,64,1024,256,3,2,138,4.7189121246337891,0.034195015395897019,3542.20947265625,1
2026-08-16T15:03:54Z,NVIDIA H200 NVL,screen,uniform_0_1,dot,lns,lns4_r1,4,2,1,fp32,ordinary,padded,thread_packet,2,8,1,1,2,none,full_lut_global,ordinary/padded/thread_packet/x2/full_lut_global,16777216,0,1,16777216,33554432,64,512,256,3,0,179,4.6122560501098633,0.025766793576032756,3609998.25,1
2026-08-16T15:03:54Z,NVIDIA H200 NVL,screen,uniform_0_1,dot,lns,lns4_r1,4,2,1,fp32,ordinary,padded,thread_packet,2,8,1,1,2,none,full_lut_global,ordinary/padded/thread_packet/x2/full_lut_global,16777216,0,1,16777216,33554432,64,512,256,3,1,179,4.6147198677062988,0.02578055792014692,3609998.25,1
2026-08-16T15:03:54Z,NVIDIA H200 NVL,screen,uniform_0_1,dot,lns,lns4_r1,4,2,1,fp32,ordinary,padded,thread_packet,2,8,1,1,2,none,full_lut_global,ordinary/padded/thread_packet/x2/full_lut_global,16777216,0,1,16777216,33554432,64,512,256,3,2,179,4.6493439674377441,0.025973988644903599,3609998.25,1
2026-08-16T15:03:54Z,NVIDIA H200 NVL,screen,uniform_0_1,gemv,lns,lns4_r1,4,2,1,fp32,ordinary,padded,thread_packet,2,8,1,1,2,none,full_lut_global,ordinary/padded/thread_packet/x2/full_lut_global,16384,1024,1024,8396800,16793600,64,1024,256,3,0,193,4.5263681411743164,0.023452684669296977,3542.20947265625,1
2026-08-16T15:03:54Z,NVIDIA H200 NVL,screen,uniform_0_1,gemv,lns,lns4_r1,4,2,1,fp32,ordinary,padded,thread_packet,2,8,1,1,2,none,full_lut_global,ordinary/padded/thread_packet/x2/full_lut_global,16384,1024,1024,8396800,16793600,64,1024,256,3,1,193,4.5259518623352051,0.023450527784120233,3542.20947265625,1
2026-08-16T15:03:54Z,NVIDIA H200 NVL,screen,uniform_0_1,gemv,lns,lns4_r1,4,2,1,fp32,ordinary,padded,thread_packet,2,8,1,1,2,none,full_lut_global,ordinary/padded/thread_packet/x2/full_lut_global,16384,1024,1024,8396800,16793600,64,1024,256,3,2,193,4.526303768157959,0.023452351130352118,3542.20947265625,1
2026-08-16T15:03:54Z,NVIDIA H200 NVL,screen,uniform_0_1,dot,lns,lns4_r1,4,2,1,fp32,ordinary,padded,thread_packet,4,8,1,1,4,none,full_lut_global,ordinary/padded/thread_packet/x4/full_lut_global,16777216,0,1,16777216,33554432,64,512,256,3,0,196,4.5737600326538086,0.023335510370682697,3609998.25,1
2026-08-16T15:03:54Z,NVIDIA H200 NVL,screen,uniform_0_1,dot,lns,lns4_r1,4,2,1,fp32,ordinary,padded,thread_packet,4,8,1,1,4,none,full_lut_global,ordinary/padded/thread_packet/x4/full_lut_global,16777216,0,1,16777216,33554432,64,512,256,3,1,196,4.5695681571960449,0.02331412325100023,3609998.25,1
2026-08-16T15:03:54Z,NVIDIA H200 NVL,screen,uniform_0_1,dot,lns,lns4_r1,4,2,1,fp32,ordinary,padded,thread_packet,4,8,1,1,4,none,full_lut_global,ordinary/padded/thread_packet/x4/full_lut_global,16777216,0,1,16777216,33554432,64,512,256,3,2,196,4.5734081268310547,0.023333714932811504,3609998.25,1
2026-08-16T15:03:54Z,NVIDIA H200 NVL,screen,uniform_0_1,gemv,lns,lns4_r1,4,2,1,fp32,ordinary,padded,thread_packet,4,8,1,1,4,none,full_lut_global,ordinary/padded/thread_packet/x4/full_lut_global,16384,1024,1024,8396800,16793600,64,1024,256,3,0,230,4.4910721778869629,0.019526400773421576,3542.20947265625,1
2026-08-16T15:03:54Z,NVIDIA H200 NVL,screen,uniform_0_1,gemv,lns,lns4_r1,4,2,1,fp32,ordinary,padded,thread_packet,4,8,1,1,4,none,full_lut_global,ordinary/padded/thread_packet/x4/full_lut_global,16384,1024,1024,8396800,16793600,64,1024,256,3,1,230,4.4911041259765625,0.019526539678158969,3542.20947265625,1
2026-08-16T15:03:54Z,NVIDIA H200 NVL,screen,uniform_0_1,gemv,lns,lns4_r1,4,2,1,fp32,ordinary,padded,thread_packet,4,8,1,1,4,none,full_lut_global,ordinary/padded/thread_packet/x4/full_lut_global,16384,1024,1024,8396800,16793600,64,1024,256,3,2,230,4.4907522201538086,0.019525009652842647,3542.20947265625,1
2026-08-16T15:03:54Z,NVIDIA H200 NVL,screen,uniform_0_1,dot,lns,lns4_r1,4,2,1,fp32,ordinary,padded,thread_packet,8,8,1,1,8,none,full_lut_global,ordinary/padded/thread_packet/x8/full_lut_global,16777216,0,1,16777216,33554432,64,512,256,3,0,200,4.5410242080688477,0.022705121040344237,3609998.25,1
2026-08-16T15:03:54Z,NVIDIA H200 NVL,screen,uniform_0_1,dot,lns,lns4_r1,4,2,1,fp32,ordinary,padded,thread_packet,8,8,1,1,8,none,full_lut_global,ordinary/padded/thread_packet/x8/full_lut_global,16777216,0,1,16777216,33554432,64,512,256,3,1,200,4.5428481101989746,0.022714240550994871,3609998.25,1
2026-08-16T15:03:54Z,NVIDIA H200 NVL,screen,uniform_0_1,dot,lns,lns4_r1,4,2,1,fp32,ordinary,padded,thread_packet,8,8,1,1,8,none,full_lut_global,ordinary/padded/thread_packet/x8/full_lut_global,16777216,0,1,16777216,33554432,64,512,256,3,2,200,4.5397439002990723,0.022698719501495362,3609998.25,1
2026-08-16T15:03:54Z,NVIDIA H200 NVL,screen,uniform_0_1,gemv,lns,lns4_r1,4,2,1,fp32,ordinary,padded,thread_packet,8,8,1,1,8,none,full_lut_global,ordinary/padded/thread_packet/x8/full_lut_global,16384,1024,1024,8396800,16793600,64,1024,256,3,0,223,4.378176212310791,0.019633077185250185,3542.20947265625,1
2026-08-16T15:03:54Z,NVIDIA H200 NVL,screen,uniform_0_1,gemv,lns,lns4_r1,4,2,1,fp32,ordinary,padded,thread_packet,8,8,1,1,8,none,full_lut_global,ordinary/padded/thread_packet/x8/full_lut_global,16384,1024,1024,8396800,16793600,64,1024,256,3,1,223,4.3764162063598633,0.019625184781882795,3542.20947265625,1
2026-08-16T15:03:54Z,NVIDIA H200 NVL,screen,uniform_0_1,gemv,lns,lns4_r1,4,2,1,fp32,ordinary,padded,thread_packet,8,8,1,1,8,none,full_lut_global,ordinary/padded/thread_packet/x8/full_lut_global,16384,1024,1024,8396800,16793600,64,1024,256,3,2,223,4.3755202293395996,0.019621166947711211,3542.20947265625,1
2026-08-16T15:03:54Z,NVIDIA H200 NVL,screen,uniform_0_1,dot,lns,lns4_r1,4,2,1,fp32,ordinary,dense,cooperative_shuffle,8,32,1,8,1,warp_shuffle,full_lut_global,ordinary/dense/cooperative_shuffle/x8/full_lut_global,16777216,0,1,16777216,16777216,64,512,256,3,0,73,4.8589439392089844,0.066560875879575127,3609998.5,1
2026-08-16T15:03:54Z,NVIDIA H200 NVL,screen,uniform_0_1,dot,lns,lns4_r1,4,2,1,fp32,ordinary,dense,cooperative_shuffle,8,32,1,8,1,warp_shuffle,full_lut_global,ordinary/dense/cooperative_shuffle/x8/full_lut_global,16777216,0,1,16777216,16777216,64,512,256,3,1,73,4.8587841987609863,0.066558687654260082,3609998.5,1
2026-08-16T15:03:54Z,NVIDIA H200 NVL,screen,uniform_0_1,dot,lns,lns4_r1,4,2,1,fp32,ordinary,dense,cooperative_shuffle,8,32,1,8,1,warp_shuffle,full_lut_global,ordinary/dense/cooperative_shuffle/x8/full_lut_global,16777216,0,1,16777216,16777216,64,512,256,3,2,73,4.8584637641906738,0.066554298139598275,3609998.5,1
2026-08-16T15:03:54Z,NVIDIA H200 NVL,screen,uniform_0_1,gemv,lns,lns4_r1,4,2,1,fp32,ordinary,dense,cooperative_shuffle,8,32,1,8,1,warp_shuffle,full_lut_global,ordinary/dense/cooperative_shuffle/x8/full_lut_global,16384,1024,1024,8396800,8396800,64,1024,256,3,0,111,4.7695679664611816,0.042969080778929566,3542.20947265625,1
2026-08-16T15:03:54Z,NVIDIA H200 NVL,screen,uniform_0_1,gemv,lns,lns4_r1,4,2,1,fp32,ordinary,dense,cooperative_shuffle,8,32,1,8,1,warp_shuffle,full_lut_global,ordinary/dense/cooperative_shuffle/x8/full_lut_global,16384,1024,1024,8396800,8396800,64,1024,256,3,1,111,4.7675838470458984,0.042951205829242327,3542.20947265625,1
2026-08-16T15:03:54Z,NVIDIA H200 NVL,screen,uniform_0_1,gemv,lns,lns4_r1,4,2,1,fp32,ordinary,dense,cooperative_shuffle,8,32,1,8,1,warp_shuffle,full_lut_global,ordinary/dense/cooperative_shuffle/x8/full_lut_global,16384,1024,1024,8396800,8396800,64,1024,256,3,2,111,4.7649598121643066,0.042927565875354116,3542.20947265625,1
2026-08-16T15:03:54Z,NVIDIA H200 NVL,screen,uniform_0_1,dot,lns,lns4_r1,4,2,1,fp32,ordinary,dense,scalar,1,32,1,1,1,none,full_lut_shared,ordinary/dense/scalar/x1/full_lut_shared,16777216,0,1,16777216,16777216,64,512,256,3,0,129,4.7517762184143066,0.036835474561351216,3609998.5,1
2026-08-16T15:03:54Z,NVIDIA H200 NVL,screen,uniform_0_1,dot,lns,lns4_r1,4,2,1,fp32,ordinary,dense,scalar,1,32,1,1,1,none,full_lut_shared,ordinary/dense/scalar/x1/full_lut_shared,16777216,0,1,16777216,16777216,64,512,256,3,1,129,4.7508158683776855,0.036828029987423919,3609998.5,1
2026-08-16T15:03:54Z,NVIDIA H200 NVL,screen,uniform_0_1,dot,lns,lns4_r1,4,2,1,fp32,ordinary,dense,scalar,1,32,1,1,1,none,full_lut_shared,ordinary/dense/scalar/x1/full_lut_shared,16777216,0,1,16777216,16777216,64,512,256,3,2,129,4.752960205078125,0.036844652752543602,3609998.5,1
2026-08-16T15:03:54Z,NVIDIA H200 NVL,screen,uniform_0_1,gemv,lns,lns4_r1,4,2,1,fp32,ordinary,dense,scalar,1,32,1,1,1,none,full_lut_shared,ordinary/dense/scalar/x1/full_lut_shared,16384,1024,1024,8396800,8396800,64,1024,256,3,0,127,4.7751998901367188,0.037599999134934795,3542.20947265625,1
2026-08-16T15:03:54Z,NVIDIA H200 NVL,screen,uniform_0_1,gemv,lns,lns4_r1,4,2,1,fp32,ordinary,dense,scalar,1,32,1,1,1,none,full_lut_shared,ordinary/dense/scalar/x1/full_lut_shared,16384,1024,1024,8396800,8396800,64,1024,256,3,1,127,4.7760958671569824,0.037607054072102221,3542.20947265625,1
2026-08-16T15:03:54Z,NVIDIA H200 NVL,screen,uniform_0_1,gemv,lns,lns4_r1,4,2,1,fp32,ordinary,dense,scalar,1,32,1,1,1,none,full_lut_shared,ordinary/dense/scalar/x1/full_lut_shared,16384,1024,1024,8396800,8396800,64,1024,256,3,2,127,4.7755517959594727,0.037602770046924978,3542.20947265625,1
2026-08-16T15:03:54Z,NVIDIA H200 NVL,screen,uniform_0_1,dot,lns,lns4_r1,4,2,1,fp32,ordinary,padded,scalar,1,8,1,1,1,none,full_lut_shared,ordinary/padded/scalar/x1/full_lut_shared,16777216,0,1,16777216,33554432,64,512,256,3,0,140,4.6781120300292969,0.033415085928780695,3609998.5,1
2026-08-16T15:03:54Z,NVIDIA H200 NVL,screen,uniform_0_1,dot,lns,lns4_r1,4,2,1,fp32,ordinary,padded,scalar,1,8,1,1,1,none,full_lut_shared,ordinary/padded/scalar/x1/full_lut_shared,16777216,0,1,16777216,33554432,64,512,256,3,1,140,4.6767678260803223,0.033405484472002304,3609998.5,1
2026-08-16T15:03:54Z,NVIDIA H200 NVL,screen,uniform_0_1,dot,lns,lns4_r1,4,2,1,fp32,ordinary,padded,scalar,1,8,1,1,1,none,full_lut_shared,ordinary/padded/scalar/x1/full_lut_shared,16777216,0,1,16777216,33554432,64,512,256,3,2,140,4.6801919937133789,0.03342994281223842,3609998.5,1
2026-08-16T15:03:54Z,NVIDIA H200 NVL,screen,uniform_0_1,gemv,lns,lns4_r1,4,2,1,fp32,ordinary,padded,scalar,1,8,1,1,1,none,full_lut_shared,ordinary/padded/scalar/x1/full_lut_shared,16384,1024,1024,8396800,16793600,64,1024,256,3,0,182,4.5908799171447754,0.025224614929366899,3542.20947265625,1
2026-08-16T15:03:54Z,NVIDIA H200 NVL,screen,uniform_0_1,gemv,lns,lns4_r1,4,2,1,fp32,ordinary,padded,scalar,1,8,1,1,1,none,full_lut_shared,ordinary/padded/scalar/x1/full_lut_shared,16384,1024,1024,8396800,16793600,64,1024,256,3,1,182,4.594207763671875,0.025242899800394916,3542.20947265625,1
2026-08-16T15:03:54Z,NVIDIA H200 NVL,screen,uniform_0_1,gemv,lns,lns4_r1,4,2,1,fp32,ordinary,padded,scalar,1,8,1,1,1,none,full_lut_shared,ordinary/padded/scalar/x1/full_lut_shared,16384,1024,1024,8396800,16793600,64,1024,256,3,2,182,4.5956478118896484,0.025250812153239828,3542.20947265625,1
2026-08-16T15:03:54Z,NVIDIA H200 NVL,screen,uniform_0_1,dot,lns,lns4_r1,4,2,1,fp32,ordinary,dense,thread_packet,2,32,1,1,2,none,full_lut_shared,ordinary/dense/thread_packet/x2/full_lut_shared,16777216,0,1,16777216,16777216,64,512,256,3,0,135,4.6852478981018066,0.03470553998593931,3609998.25,1
2026-08-16T15:03:54Z,NVIDIA H200 NVL,screen,uniform_0_1,dot,lns,lns4_r1,4,2,1,fp32,ordinary,dense,thread_packet,2,32,1,1,2,none,full_lut_shared,ordinary/dense/thread_packet/x2/full_lut_shared,16777216,0,1,16777216,16777216,64,512,256,3,1,135,4.6774082183837891,0.034647468284324363,3609998.25,1
2026-08-16T15:03:54Z,NVIDIA H200 NVL,screen,uniform_0_1,dot,lns,lns4_r1,4,2,1,fp32,ordinary,dense,thread_packet,2,32,1,1,2,none,full_lut_shared,ordinary/dense/thread_packet/x2/full_lut_shared,16777216,0,1,16777216,16777216,64,512,256,3,2,135,4.6782717704772949,0.034653864966498478,3609998.25,1
2026-08-16T15:03:54Z,NVIDIA H200 NVL,screen,uniform_0_1,gemv,lns,lns4_r1,4,2,1,fp32,ordinary,dense,thread_packet,2,32,1,1,2,none,full_lut_shared,ordinary/dense/thread_packet/x2/full_lut_shared,16384,1024,1024,8396800,8396800,64,1024,256,3,0,129,4.7189121246337891,0.036580714144447975,3542.20947265625,1
2026-08-16T15:03:54Z,NVIDIA H200 NVL,screen,uniform_0_1,gemv,lns,lns4_r1,4,2,1,fp32,ordinary,dense,thread_packet,2,32,1,1,2,none,full_lut_shared,ordinary/dense/thread_packet/x2/full_lut_shared,16384,1024,1024,8396800,8396800,64,1024,256,3,1,129,4.714144229888916,0.036543753720069114,3542.20947265625,1
2026-08-16T15:03:54Z,NVIDIA H200 NVL,screen,uniform_0_1,gemv,lns,lns4_r1,4,2,1,fp32,ordinary,dense,thread_packet,2,32,1,1,2,none,full_lut_shared,ordinary/dense/thread_packet/x2/full_lut_shared,16384,1024,1024,8396800,8396800,64,1024,256,3,2,129,4.7155518531799316,0.036554665528526605,3542.20947265625,1
2026-08-16T15:03:54Z,NVIDIA H200 NVL,screen,uniform_0_1,dot,lns,lns4_r1,4,2,1,fp32,ordinary,dense,thread_packet,4,32,1,1,4,none,full_lut_shared,ordinary/dense/thread_packet/x4/full_lut_shared,16777216,0,1,16777216,16777216,64,512,256,3,0,137,4.7105917930603027,0.034383881701170092,3609998.25,1
2026-08-16T15:03:54Z,NVIDIA H200 NVL,screen,uniform_0_1,dot,lns,lns4_r1,4,2,1,fp32,ordinary,dense,thread_packet,4,32,1,1,4,none,full_lut_shared,ordinary/dense/thread_packet/x4/full_lut_shared,16777216,0,1,16777216,16777216,64,512,256,3,1,137,4.7090878486633301,0.034372904004841824,3609998.25,1
2026-08-16T15:03:54Z,NVIDIA H200 NVL,screen,uniform_0_1,dot,lns,lns4_r1,4,2,1,fp32,ordinary,dense,thread_packet,4,32,1,1,4,none,full_lut_shared,ordinary/dense/thread_packet/x4/full_lut_shared,16777216,0,1,16777216,16777216,64,512,256,3,2,137,4.7304320335388184,0.034528700974735899,3609998.25,1
2026-08-16T15:03:54Z,NVIDIA H200 NVL,screen,uniform_0_1,gemv,lns,lns4_r1,4,2,1,fp32,ordinary,dense,thread_packet,4,32,1,1,4,none,full_lut_shared,ordinary/dense/thread_packet/x4/full_lut_shared,16384,1024,1024,8396800,8396800,64,1024,256,3,0,127,4.684351921081543,0.036884660795917658,3542.20947265625,1
2026-08-16T15:03:54Z,NVIDIA H200 NVL,screen,uniform_0_1,gemv,lns,lns4_r1,4,2,1,fp32,ordinary,dense,thread_packet,4,32,1,1,4,none,full_lut_shared,ordinary/dense/thread_packet/x4/full_lut_shared,16384,1024,1024,8396800,8396800,64,1024,256,3,1,127,4.6684799194335938,0.036759684404988925,3542.20947265625,1
2026-08-16T15:03:54Z,NVIDIA H200 NVL,screen,uniform_0_1,gemv,lns,lns4_r1,4,2,1,fp32,ordinary,dense,thread_packet,4,32,1,1,4,none,full_lut_shared,ordinary/dense/thread_packet/x4/full_lut_shared,16384,1024,1024,8396800,8396800,64,1024,256,3,2,127,4.6650238037109375,0.036732470895361712,3542.20947265625,1
2026-08-16T15:03:54Z,NVIDIA H200 NVL,screen,uniform_0_1,dot,lns,lns4_r1,4,2,1,fp32,ordinary,dense,thread_packet,8,32,1,1,8,none,full_lut_shared,ordinary/dense/thread_packet/x8/full_lut_shared,16777216,0,1,16777216,16777216,64,512,256,3,0,212,4.5086078643798828,0.021267018228206994,3609998.25,1
2026-08-16T15:03:54Z,NVIDIA H200 NVL,screen,uniform_0_1,dot,lns,lns4_r1,4,2,1,fp32,ordinary,dense,thread_packet,8,32,1,1,8,none,full_lut_shared,ordinary/dense/thread_packet/x8/full_lut_shared,16777216,0,1,16777216,16777216,64,512,256,3,1,212,4.5099520683288574,0.02127335881287197,3609998.25,1
2026-08-16T15:03:54Z,NVIDIA H200 NVL,screen,uniform_0_1,dot,lns,lns4_r1,4,2,1,fp32,ordinary,dense,thread_packet,8,32,1,1,8,none,full_lut_shared,ordinary/dense/thread_packet/x8/full_lut_shared,16777216,0,1,16777216,16777216,64,512,256,3,2,212,4.5071678161621094,0.02126022554793448,3609998.25,1
2026-08-16T15:03:54Z,NVIDIA H200 NVL,screen,uniform_0_1,gemv,lns,lns4_r1,4,2,1,fp32,ordinary,dense,thread_packet,8,32,1,1,8,none,full_lut_shared,ordinary/dense/thread_packet/x8/full_lut_shared,16384,1024,1024,8396800,8396800,64,1024,256,3,0,133,4.7160320281982422,0.035458887430061974,3542.20947265625,1
2026-08-16T15:03:54Z,NVIDIA H200 NVL,screen,uniform_0_1,gemv,lns,lns4_r1,4,2,1,fp32,ordinary,dense,thread_packet,8,32,1,1,8,none,full_lut_shared,ordinary/dense/thread_packet/x8/full_lut_shared,16384,1024,1024,8396800,8396800,64,1024,256,3,1,133,4.7132158279418945,0.035437712992044318,3542.20947265625,1
2026-08-16T15:03:54Z,NVIDIA H200 NVL,screen,uniform_0_1,gemv,lns,lns4_r1,4,2,1,fp32,ordinary,dense,thread_packet,8,32,1,1,8,none,full_lut_shared,ordinary/dense/thread_packet/x8/full_lut_shared,16384,1024,1024,8396800,8396800,64,1024,256,3,2,133,4.7136321067810059,0.035440842908127865,3542.20947265625,1
2026-08-16T15:03:54Z,NVIDIA H200 NVL,screen,uniform_0_1,dot,lns,lns4_r1,4,2,1,fp32,ordinary,padded,thread_packet,2,8,1,1,2,none,full_lut_shared,ordinary/padded/thread_packet/x2/full_lut_shared,16777216,0,1,16777216,33554432,64,512,256,3,0,171,4.6014399528503418,0.026909005572224223,3609998.25,1
2026-08-16T15:03:54Z,NVIDIA H200 NVL,screen,uniform_0_1,dot,lns,lns4_r1,4,2,1,fp32,ordinary,padded,thread_packet,2,8,1,1,2,none,full_lut_shared,ordinary/padded/thread_packet/x2/full_lut_shared,16777216,0,1,16777216,33554432,64,512,256,3,1,171,4.6041598320007324,0.026924911298249896,3609998.25,1
2026-08-16T15:03:54Z,NVIDIA H200 NVL,screen,uniform_0_1,dot,lns,lns4_r1,4,2,1,fp32,ordinary,padded,thread_packet,2,8,1,1,2,none,full_lut_shared,ordinary/padded/thread_packet/x2/full_lut_shared,16777216,0,1,16777216,33554432,64,512,256,3,2,171,4.6059198379516602,0.026935203730711461,3609998.25,1
2026-08-16T15:03:54Z,NVIDIA H200 NVL,screen,uniform_0_1,gemv,lns,lns4_r1,4,2,1,fp32,ordinary,padded,thread_packet,2,8,1,1,2,none,full_lut_shared,ordinary/padded/thread_packet/x2/full_lut_shared,16384,1024,1024,8396800,16793600,64,1024,256,3,0,189,4.6011519432067871,0.024344719276226386,3542.20947265625,1
2026-08-16T15:03:54Z,NVIDIA H200 NVL,screen,uniform_0_1,gemv,lns,lns4_r1,4,2,1,fp32,ordinary,padded,thread_packet,2,8,1,1,2,none,full_lut_shared,ordinary/padded/thread_packet/x2/full_lut_shared,16384,1024,1024,8396800,16793600,64,1024,256,3,1,189,4.5981760025024414,0.024328973558213975,3542.20947265625,1
2026-08-16T15:03:54Z,NVIDIA H200 NVL,screen,uniform_0_1,gemv,lns,lns4_r1,4,2,1,fp32,ordinary,padded,thread_packet,2,8,1,1,2,none,full_lut_shared,ordinary/padded/thread_packet/x2/full_lut_shared,16384,1024,1024,8396800,16793600,64,1024,256,3,2,189,4.600639820098877,0.024342009630152789,3542.20947265625,1
2026-08-16T15:03:54Z,NVIDIA H200 NVL,screen,uniform_0_1,dot,lns,lns4_r1,4,2,1,fp32,ordinary,padded,thread_packet,4,8,1,1,4,none,full_lut_shared,ordinary/padded/thread_packet/x4/full_lut_shared,16777216,0,1,16777216,33554432,64,512,256,3,0,198,4.5368318557739258,0.022913292200878413,3609998.25,1
2026-08-16T15:03:54Z,NVIDIA H200 NVL,screen,uniform_0_1,dot,lns,lns4_r1,4,2,1,fp32,ordinary,padded,thread_packet,4,8,1,1,4,none,full_lut_shared,ordinary/padded/thread_packet/x4/full_lut_shared,16777216,0,1,16777216,33554432,64,512,256,3,1,198,4.536384105682373,0.022911030836779662,3609998.25,1
2026-08-16T15:03:54Z,NVIDIA H200 NVL,screen,uniform_0_1,dot,lns,lns4_r1,4,2,1,fp32,ordinary,padded,thread_packet,4,8,1,1,4,none,full_lut_shared,ordinary/padded/thread_packet/x4/full_lut_shared,16777216,0,1,16777216,33554432,64,512,256,3,2,198,4.5375361442565918,0.022916849213417131,3609998.25,1
2026-08-16T15:03:54Z,NVIDIA H200 NVL,screen,uniform_0_1,gemv,lns,lns4_r1,4,2,1,fp32,ordinary,padded,thread_packet,4,8,1,1,4,none,full_lut_shared,ordinary/padded/thread_packet/x4/full_lut_shared,16384,1024,1024,8396800,16793600,64,1024,256,3,0,222,4.469088077545166,0.020131027376329578,3542.20947265625,1
2026-08-16T15:03:54Z,NVIDIA H200 NVL,screen,uniform_0_1,gemv,lns,lns4_r1,4,2,1,fp32,ordinary,padded,thread_packet,4,8,1,1,4,none,full_lut_shared,ordinary/padded/thread_packet/x4/full_lut_shared,16384,1024,1024,8396800,16793600,64,1024,256,3,1,222,4.4677438735961914,0.020124972403586447,3542.20947265625,1
2026-08-16T15:03:54Z,NVIDIA H200 NVL,screen,uniform_0_1,gemv,lns,lns4_r1,4,2,1,fp32,ordinary,padded,thread_packet,4,8,1,1,4,none,full_lut_shared,ordinary/padded/thread_packet/x4/full_lut_shared,16384,1024,1024,8396800,16793600,64,1024,256,3,2,222,4.4676480293273926,0.020124540672645911,3542.20947265625,1
2026-08-16T15:03:54Z,NVIDIA H200 NVL,screen,uniform_0_1,dot,lns,lns4_r1,4,2,1,fp32,ordinary,padded,thread_packet,8,8,1,1,8,none,full_lut_shared,ordinary/padded/thread_packet/x8/full_lut_shared,16777216,0,1,16777216,33554432,64,512,256,3,0,206,4.5512638092041016,0.022093513636913115,3609998.25,1
2026-08-16T15:03:54Z,NVIDIA H200 NVL,screen,uniform_0_1,dot,lns,lns4_r1,4,2,1,fp32,ordinary,padded,thread_packet,8,8,1,1,8,none,full_lut_shared,ordinary/padded/thread_packet/x8/full_lut_shared,16777216,0,1,16777216,33554432,64,512,256,3,1,206,4.5524158477783203,0.022099106057176313,3609998.25,1
2026-08-16T15:03:54Z,NVIDIA H200 NVL,screen,uniform_0_1,dot,lns,lns4_r1,4,2,1,fp32,ordinary,padded,thread_packet,8,8,1,1,8,none,full_lut_shared,ordinary/padded/thread_packet/x8/full_lut_shared,16777216,0,1,16777216,33554432,64,512,256,3,2,206,4.5507521629333496,0.022091029917152182,3609998.25,1
2026-08-16T15:03:54Z,NVIDIA H200 NVL,screen,uniform_0_1,gemv,lns,lns4_r1,4,2,1,fp32,ordinary,padded,thread_packet,8,8,1,1,8,none,full_lut_shared,ordinary/padded/thread_packet/x8/full_lut_shared,16384,1024,1024,8396800,16793600,64,1024,256,3,0,233,4.3990721702575684,0.018880138069774972,3542.20947265625,1
2026-08-16T15:03:54Z,NVIDIA H200 NVL,screen,uniform_0_1,gemv,lns,lns4_r1,4,2,1,fp32,ordinary,padded,thread_packet,8,8,1,1,8,none,full_lut_shared,ordinary/padded/thread_packet/x8/full_lut_shared,16384,1024,1024,8396800,16793600,64,1024,256,3,1,233,4.3998079299926758,0.018883295836878436,3542.20947265625,1
2026-08-16T15:03:54Z,NVIDIA H200 NVL,screen,uniform_0_1,gemv,lns,lns4_r1,4,2,1,fp32,ordinary,padded,thread_packet,8,8,1,1,8,none,full_lut_shared,ordinary/padded/thread_packet/x8/full_lut_shared,16384,1024,1024,8396800,16793600,64,1024,256,3,2,233,4.3991360664367676,0.018880412302303723,3542.20947265625,1
2026-08-16T15:03:54Z,NVIDIA H200 NVL,screen,uniform_0_1,dot,lns,lns4_r1,4,2,1,fp32,ordinary,dense,cooperative_shuffle,8,32,1,8,1,warp_shuffle,full_lut_shared,ordinary/dense/cooperative_shuffle/x8/full_lut_shared,16777216,0,1,16777216,16777216,64,512,256,3,0,72,4.8795838356018066,0.067771997716691762,3609998.5,1
2026-08-16T15:03:54Z,NVIDIA H200 NVL,screen,uniform_0_1,dot,lns,lns4_r1,4,2,1,fp32,ordinary,dense,cooperative_shuffle,8,32,1,8,1,warp_shuffle,full_lut_shared,ordinary/dense/cooperative_shuffle/x8/full_lut_shared,16777216,0,1,16777216,16777216,64,512,256,3,1,72,4.8772478103637695,0.067739552921719015,3609998.5,1
2026-08-16T15:03:54Z,NVIDIA H200 NVL,screen,uniform_0_1,dot,lns,lns4_r1,4,2,1,fp32,ordinary,dense,cooperative_shuffle,8,32,1,8,1,warp_shuffle,full_lut_shared,ordinary/dense/cooperative_shuffle/x8/full_lut_shared,16777216,0,1,16777216,16777216,64,512,256,3,2,72,4.8776640892028809,0.067745334572262228,3609998.5,1
2026-08-16T15:03:54Z,NVIDIA H200 NVL,screen,uniform_0_1,gemv,lns,lns4_r1,4,2,1,fp32,ordinary,dense,cooperative_shuffle,8,32,1,8,1,warp_shuffle,full_lut_shared,ordinary/dense/cooperative_shuffle/x8/full_lut_shared,16384,1024,1024,8396800,8396800,64,1024,256,3,0,111,4.78985595703125,0.04315185546875,3542.20947265625,1
2026-08-16T15:03:54Z,NVIDIA H200 NVL,screen,uniform_0_1,gemv,lns,lns4_r1,4,2,1,fp32,ordinary,dense,cooperative_shuffle,8,32,1,8,1,warp_shuffle,full_lut_shared,ordinary/dense/cooperative_shuffle/x8/full_lut_shared,16384,1024,1024,8396800,8396800,64,1024,256,3,1,111,4.787327766418457,0.043129078976742855,3542.20947265625,1
2026-08-16T15:03:54Z,NVIDIA H200 NVL,screen,uniform_0_1,gemv,lns,lns4_r1,4,2,1,fp32,ordinary,dense,cooperative_shuffle,8,32,1,8,1,warp_shuffle,full_lut_shared,ordinary/dense/cooperative_shuffle/x8/full_lut_shared,16384,1024,1024,8396800,8396800,64,1024,256,3,2,111,4.7859201431274414,0.043116397685832808,3542.20947265625,1
2026-08-16T15:03:54Z,NVIDIA H200 NVL,screen,uniform_0_1,dot,lns,lns4_r1,4,2,1,fp32,ordinary,dense,scalar,1,32,1,1,1,none,fraction_lut_global,ordinary/dense/scalar/x1/fraction_lut_global,16777216,0,1,16777216,16777216,8,512,256,3,0,39,4.9596161842346191,0.12716964574960563,3609998.5,1
2026-08-16T15:03:54Z,NVIDIA H200 NVL,screen,uniform_0_1,dot,lns,lns4_r1,4,2,1,fp32,ordinary,dense,scalar,1,32,1,1,1,none,fraction_lut_global,ordinary/dense/scalar/x1/fraction_lut_global,16777216,0,1,16777216,16777216,8,512,256,3,1,39,4.9542078971862793,0.12703097172272512,3609998.5,1
2026-08-16T15:03:54Z,NVIDIA H200 NVL,screen,uniform_0_1,dot,lns,lns4_r1,4,2,1,fp32,ordinary,dense,scalar,1,32,1,1,1,none,fraction_lut_global,ordinary/dense/scalar/x1/fraction_lut_global,16777216,0,1,16777216,16777216,8,512,256,3,2,39,4.9537920951843262,0.12702031013293144,3609998.5,1
2026-08-16T15:03:54Z,NVIDIA H200 NVL,screen,uniform_0_1,gemv,lns,lns4_r1,4,2,1,fp32,ordinary,dense,scalar,1,32,1,1,1,none,fraction_lut_global,ordinary/dense/scalar/x1/fraction_lut_global,16384,1024,1024,8396800,8396800,8,1024,256,3,0,41,4.9515519142150879,0.12076955888329483,3542.20947265625,1
2026-08-16T15:03:54Z,NVIDIA H200 NVL,screen,uniform_0_1,gemv,lns,lns4_r1,4,2,1,fp32,ordinary,dense,scalar,1,32,1,1,1,none,fraction_lut_global,ordinary/dense/scalar/x1/fraction_lut_global,16384,1024,1024,8396800,8396800,8,1024,256,3,1,41,4.9495677947998047,0.12072116572682451,3542.20947265625,1
2026-08-16T15:03:54Z,NVIDIA H200 NVL,screen,uniform_0_1,gemv,lns,lns4_r1,4,2,1,fp32,ordinary,dense,scalar,1,32,1,1,1,none,fraction_lut_global,ordinary/dense/scalar/x1/fraction_lut_global,16384,1024,1024,8396800,8396800,8,1024,256,3,2,41,4.9514880180358887,0.12076800043989973,3542.20947265625,1
2026-08-16T15:03:54Z,NVIDIA H200 NVL,screen,uniform_0_1,dot,lns,lns4_r1,4,2,1,fp32,ordinary,padded,scalar,1,8,1,1,1,none,fraction_lut_global,ordinary/padded/scalar/x1/fraction_lut_global,16777216,0,1,16777216,33554432,8,512,256,3,0,42,4.945375919342041,0.11774704569862002,3609998.5,1
2026-08-16T15:03:54Z,NVIDIA H200 NVL,screen,uniform_0_1,dot,lns,lns4_r1,4,2,1,fp32,ordinary,padded,scalar,1,8,1,1,1,none,fraction_lut_global,ordinary/padded/scalar/x1/fraction_lut_global,16777216,0,1,16777216,33554432,8,512,256,3,1,42,4.9462399482727051,0.11776761781601679,3609998.5,1
2026-08-16T15:03:54Z,NVIDIA H200 NVL,screen,uniform_0_1,dot,lns,lns4_r1,4,2,1,fp32,ordinary,padded,scalar,1,8,1,1,1,none,fraction_lut_global,ordinary/padded/scalar/x1/fraction_lut_global,16777216,0,1,16777216,33554432,8,512,256,3,2,42,4.9720959663391113,0.11838323729378837,3609998.5,1
2026-08-16T15:03:54Z,NVIDIA H200 NVL,screen,uniform_0_1,gemv,lns,lns4_r1,4,2,1,fp32,ordinary,padded,scalar,1,8,1,1,1,none,fraction_lut_global,ordinary/padded/scalar/x1/fraction_lut_global,16384,1024,1024,8396800,16793600,8,1024,256,3,0,46,4.9371838569641113,0.1073300838470459,3542.20947265625,1
2026-08-16T15:03:54Z,NVIDIA H200 NVL,screen,uniform_0_1,gemv,lns,lns4_r1,4,2,1,fp32,ordinary,padded,scalar,1,8,1,1,1,none,fraction_lut_global,ordinary/padded/scalar/x1/fraction_lut_global,16384,1024,1024,8396800,16793600,8,1024,256,3,1,46,4.9268159866333008,0.10710469536159349,3542.20947265625,1
2026-08-16T15:03:54Z,NVIDIA H200 NVL,screen,uniform_0_1,gemv,lns,lns4_r1,4,2,1,fp32,ordinary,padded,scalar,1,8,1,1,1,none,fraction_lut_global,ordinary/padded/scalar/x1/fraction_lut_global,16384,1024,1024,8396800,16793600,8,1024,256,3,2,46,4.9271359443664551,0.10711165096448816,3542.20947265625,1
2026-08-16T15:03:54Z,NVIDIA H200 NVL,screen,uniform_0_1,dot,lns,lns4_r1,4,2,1,fp32,ordinary,dense,thread_packet,2,32,1,1,2,none,fraction_lut_global,ordinary/dense/thread_packet/x2/fraction_lut_global,16777216,0,1,16777216,16777216,8,512,256,3,0,40,4.9582400321960449,0.12395600080490113,3609998.25,1
2026-08-16T15:03:54Z,NVIDIA H200 NVL,screen,uniform_0_1,dot,lns,lns4_r1,4,2,1,fp32,ordinary,dense,thread_packet,2,32,1,1,2,none,fraction_lut_global,ordinary/dense/thread_packet/x2/fraction_lut_global,16777216,0,1,16777216,16777216,8,512,256,3,1,40,4.9616317749023438,0.12404079437255859,3609998.25,1
2026-08-16T15:03:54Z,NVIDIA H200 NVL,screen,uniform_0_1,dot,lns,lns4_r1,4,2,1,fp32,ordinary,dense,thread_packet,2,32,1,1,2,none,fraction_lut_global,ordinary/dense/thread_packet/x2/fraction_lut_global,16777216,0,1,16777216,16777216,8,512,256,3,2,40,4.9733757972717285,0.12433439493179321,3609998.25,1
2026-08-16T15:03:54Z,NVIDIA H200 NVL,screen,uniform_0_1,gemv,lns,lns4_r1,4,2,1,fp32,ordinary,dense,thread_packet,2,32,1,1,2,none,fraction_lut_global,ordinary/dense/thread_packet/x2/fraction_lut_global,16384,1024,1024,8396800,8396800,8,1024,256,3,0,42,4.9598398208618164,0.11809142430623372,3542.20947265625,1
2026-08-16T15:03:54Z,NVIDIA H200 NVL,screen,uniform_0_1,gemv,lns,lns4_r1,4,2,1,fp32,ordinary,dense,thread_packet,2,32,1,1,2,none,fraction_lut_global,ordinary/dense/thread_packet/x2/fraction_lut_global,16384,1024,1024,8396800,8396800,8,1024,256,3,1,42,4.9625601768493652,0.11815619468688965,3542.20947265625,1
2026-08-16T15:03:54Z,NVIDIA H200 NVL,screen,uniform_0_1,gemv,lns,lns4_r1,4,2,1,fp32,ordinary,dense,thread_packet,2,32,1,1,2,none,fraction_lut_global,ordinary/dense/thread_packet/x2/fraction_lut_global,16384,1024,1024,8396800,8396800,8,1024,256,3,2,42,4.9608321189880371,0.11811505045209612,3542.20947265625,1
2026-08-16T15:03:54Z,NVIDIA H200 NVL,screen,uniform_0_1,dot,lns,lns4_r1,4,2,1,fp32,ordinary,dense,thread_packet,4,32,1,1,4,none,fraction_lut_global,ordinary/dense/thread_packet/x4/fraction_lut_global,16777216,0,1,16777216,16777216,8,512,256,3,0,41,4.9960322380065918,0.12185444482942907,3609998.25,1
2026-08-16T15:03:54Z,NVIDIA H200 NVL,screen,uniform_0_1,dot,lns,lns4_r1,4,2,1,fp32,ordinary,dense,thread_packet,4,32,1,1,4,none,fraction_lut_global,ordinary/dense/thread_packet/x4/fraction_lut_global,16777216,0,1,16777216,16777216,8,512,256,3,1,41,5.0007362365722656,0.12196917650176257,3609998.25,1
2026-08-16T15:03:54Z,NVIDIA H200 NVL,screen,uniform_0_1,dot,lns,lns4_r1,4,2,1,fp32,ordinary,dense,thread_packet,4,32,1,1,4,none,fraction_lut_global,ordinary/dense/thread_packet/x4/fraction_lut_global,16777216,0,1,16777216,16777216,8,512,256,3,2,41,4.9963841438293457,0.12186302789827673,3609998.25,1
2026-08-16T15:03:54Z,NVIDIA H200 NVL,screen,uniform_0_1,gemv,lns,lns4_r1,4,2,1,fp32,ordinary,dense,thread_packet,4,32,1,1,4,none,fraction_lut_global,ordinary/dense/thread_packet/x4/fraction_lut_global,16384,1024,1024,8396800,8396800,8,1024,256,3,0,42,4.9642238616943359,0.11819580623081752,3542.20947265625,1
2026-08-16T15:03:54Z,NVIDIA H200 NVL,screen,uniform_0_1,gemv,lns,lns4_r1,4,2,1,fp32,ordinary,dense,thread_packet,4,32,1,1,4,none,fraction_lut_global,ordinary/dense/thread_packet/x4/fraction_lut_global,16384,1024,1024,8396800,8396800,8,1024,256,3,1,42,4.9659519195556641,0.11823695046561104,3542.20947265625,1
2026-08-16T15:03:54Z,NVIDIA H200 NVL,screen,uniform_0_1,gemv,lns,lns4_r1,4,2,1,fp32,ordinary,dense,thread_packet,4,32,1,1,4,none,fraction_lut_global,ordinary/dense/thread_packet/x4/fraction_lut_global,16384,1024,1024,8396800,8396800,8,1024,256,3,2,42,4.9804801940917969,0.1185828617640904,3542.20947265625,1
2026-08-16T15:03:54Z,NVIDIA H200 NVL,screen,uniform_0_1,dot,lns,lns4_r1,4,2,1,fp32,ordinary,dense,thread_packet,8,32,1,1,8,none,fraction_lut_global,ordinary/dense/thread_packet/x8/fraction_lut_global,16777216,0,1,16777216,16777216,8,512,256,3,0,44,4.9474239349365234,0.11244145306673917,3609998.25,1
2026-08-16T15:03:54Z,NVIDIA H200 NVL,screen,uniform_0_1,dot,lns,lns4_r1,4,2,1,fp32,ordinary,dense,thread_packet,8,32,1,1,8,none,fraction_lut_global,ordinary/dense/thread_packet/x8/fraction_lut_global,16777216,0,1,16777216,16777216,8,512,256,3,1,44,4.9382400512695312,0.11223272843794389,3609998.25,1
2026-08-16T15:03:54Z,NVIDIA H200 NVL,screen,uniform_0_1,dot,lns,lns4_r1,4,2,1,fp32,ordinary,dense,thread_packet,8,32,1,1,8,none,fraction_lut_global,ordinary/dense/thread_packet/x8/fraction_lut_global,16777216,0,1,16777216,16777216,8,512,256,3,2,44,4.9384641647338867,0.11223782192577016,3609998.25,1
2026-08-16T15:03:54Z,NVIDIA H200 NVL,screen,uniform_0_1,gemv,lns,lns4_r1,4,2,1,fp32,ordinary,dense,thread_packet,8,32,1,1,8,none,fraction_lut_global,ordinary/dense/thread_packet/x8/fraction_lut_global,16384,1024,1024,8396800,8396800,8,1024,256,3,0,43,4.9791998863220215,0.11579534619353539,3542.20947265625,1
2026-08-16T15:03:54Z,NVIDIA H200 NVL,screen,uniform_0_1,gemv,lns,lns4_r1,4,2,1,fp32,ordinary,dense,thread_packet,8,32,1,1,8,none,fraction_lut_global,ordinary/dense/thread_packet/x8/fraction_lut_global,16384,1024,1024,8396800,8396800,8,1024,256,3,1,43,4.9787201881408691,0.11578419042188068,3542.20947265625,1
2026-08-16T15:03:54Z,NVIDIA H200 NVL,screen,uniform_0_1,gemv,lns,lns4_r1,4,2,1,fp32,ordinary,dense,thread_packet,8,32,1,1,8,none,fraction_lut_global,ordinary/dense/thread_packet/x8/fraction_lut_global,16384,1024,1024,8396800,8396800,8,1024,256,3,2,43,4.9805121421813965,0.11582586377166039,3542.20947265625,1
2026-08-16T15:03:54Z,NVIDIA H200 NVL,screen,uniform_0_1,dot,lns,lns4_r1,4,2,1,fp32,ordinary,padded,thread_packet,2,8,1,1,2,none,fraction_lut_global,ordinary/padded/thread_packet/x2/fraction_lut_global,16777216,0,1,16777216,33554432,8,512,256,3,0,43,4.9814081192016602,0.11584670044655024,3609998.25,1
2026-08-16T15:03:54Z,NVIDIA H200 NVL,screen,uniform_0_1,dot,lns,lns4_r1,4,2,1,fp32,ordinary,padded,thread_packet,2,8,1,1,2,none,fraction_lut_global,ordinary/padded/thread_packet/x2/fraction_lut_global,16777216,0,1,16777216,33554432,8,512,256,3,1,43,4.9826240539550781,0.11587497799895531,3609998.25,1
2026-08-16T15:03:54Z,NVIDIA H200 NVL,screen,uniform_0_1,dot,lns,lns4_r1,4,2,1,fp32,ordinary,padded,thread_packet,2,8,1,1,2,none,fraction_lut_global,ordinary/padded/thread_packet/x2/fraction_lut_global,16777216,0,1,16777216,33554432,8,512,256,3,2,43,4.9861440658569336,0.11595683874085892,3609998.25,1
2026-08-16T15:03:54Z,NVIDIA H200 NVL,screen,uniform_0_1,gemv,lns,lns4_r1,4,2,1,fp32,ordinary,padded,thread_packet,2,8,1,1,2,none,fraction_lut_global,ordinary/padded/thread_packet/x2/fraction_lut_global,16384,1024,1024,8396800,16793600,8,1024,256,3,0,47,4.8863677978515625,0.1039652722947141,3542.20947265625,1
2026-08-16T15:03:54Z,NVIDIA H200 NVL,screen,uniform_0_1,gemv,lns,lns4_r1,4,2,1,fp32,ordinary,padded,thread_packet,2,8,1,1,2,none,fraction_lut_global,ordinary/padded/thread_packet/x2/fraction_lut_global,16384,1024,1024,8396800,16793600,8,1024,256,3,1,47,4.8882560729980469,0.10400544836166058,3542.20947265625,1
2026-08-16T15:03:54Z,NVIDIA H200 NVL,screen,uniform_0_1,gemv,lns,lns4_r1,4,2,1,fp32,ordinary,padded,thread_packet,2,8,1,1,2,none,fraction_lut_global,ordinary/padded/thread_packet/x2/fraction_lut_global,16384,1024,1024,8396800,16793600,8,1024,256,3,2,47,4.8868160247802734,0.10397480903787816,3542.20947265625,1
2026-08-16T15:03:54Z,NVIDIA H200 NVL,screen,uniform_0_1,dot,lns,lns4_r1,4,2,1,fp32,ordinary,padded,thread_packet,4,8,1,1,4,none,fraction_lut_global,ordinary/padded/thread_packet/x4/fraction_lut_global,16777216,0,1,16777216,33554432,8,512,256,3,0,44,4.9824957847595215,0.1132385405627164,3609998.25,1
2026-08-16T15:03:54Z,NVIDIA H200 NVL,screen,uniform_0_1,dot,lns,lns4_r1,4,2,1,fp32,ordinary,padded,thread_packet,4,8,1,1,4,none,fraction_lut_global,ordinary/padded/thread_packet/x4/fraction_lut_global,16777216,0,1,16777216,33554432,8,512,256,3,1,44,4.9595198631286621,0.11271636052565141,3609998.25,1
2026-08-16T15:03:54Z,NVIDIA H200 NVL,screen,uniform_0_1,dot,lns,lns4_r1,4,2,1,fp32,ordinary,padded,thread_packet,4,8,1,1,4,none,fraction_lut_global,ordinary/padded/thread_packet/x4/fraction_lut_global,16777216,0,1,16777216,33554432,8,512,256,3,2,44,4.9612798690795898,0.11275636066089977,3609998.25,1
2026-08-16T15:03:54Z,NVIDIA H200 NVL,screen,uniform_0_1,gemv,lns,lns4_r1,4,2,1,fp32,ordinary,padded,thread_packet,4,8,1,1,4,none,fraction_lut_global,ordinary/padded/thread_packet/x4/fraction_lut_global,16384,1024,1024,8396800,16793600,8,1024,256,3,0,49,4.9666562080383301,0.10136033077629245,3542.20947265625,1
2026-08-16T15:03:54Z,NVIDIA H200 NVL,screen,uniform_0_1,gemv,lns,lns4_r1,4,2,1,fp32,ordinary,padded,thread_packet,4,8,1,1,4,none,fraction_lut_global,ordinary/padded/thread_packet/x4/fraction_lut_global,16384,1024,1024,8396800,16793600,8,1024,256,3,1,49,4.9608321189880371,0.1012414718160824,3542.20947265625,1
2026-08-16T15:03:54Z,NVIDIA H200 NVL,screen,uniform_0_1,gemv,lns,lns4_r1,4,2,1,fp32,ordinary,padded,thread_packet,4,8,1,1,4,none,fraction_lut_global,ordinary/padded/thread_packet/x4/fraction_lut_global,16384,1024,1024,8396800,16793600,8,1024,256,3,2,49,4.9637441635131836,0.10130090129618742,3542.20947265625,1
2026-08-16T15:03:54Z,NVIDIA H200 NVL,screen,uniform_0_1,dot,lns,lns4_r1,4,2,1,fp32,ordinary,padded,thread_packet,8,8,1,1,8,none,fraction_lut_global,ordinary/padded/thread_packet/x8/fraction_lut_global,16777216,0,1,16777216,33554432,8,512,256,3,0,44,4.9360318183898926,0.11218254132704301,3609998.25,1
2026-08-16T15:03:54Z,NVIDIA H200 NVL,screen,uniform_0_1,dot,lns,lns4_r1,4,2,1,fp32,ordinary,padded,thread_packet,8,8,1,1,8,none,fraction_lut_global,ordinary/padded/thread_packet/x8/fraction_lut_global,16777216,0,1,16777216,33554432,8,512,256,3,1,44,4.938784122467041,0.11224509369243275,3609998.25,1
2026-08-16T15:03:54Z,NVIDIA H200 NVL,screen,uniform_0_1,dot,lns,lns4_r1,4,2,1,fp32,ordinary,padded,thread_packet,8,8,1,1,8,none,fraction_lut_global,ordinary/padded/thread_packet/x8/fraction_lut_global,16777216,0,1,16777216,33554432,8,512,256,3,2,44,4.9376320838928223,0.11221891099756415,3609998.25,1
2026-08-16T15:03:54Z,NVIDIA H200 NVL,screen,uniform_0_1,gemv,lns,lns4_r1,4,2,1,fp32,ordinary,padded,thread_packet,8,8,1,1,8,none,fraction_lut_global,ordinary/padded/thread_packet/x8/fraction_lut_global,16384,1024,1024,8396800,16793600,8,1024,256,3,0,49,4.9142398834228516,0.10029060986577248,3542.20947265625,1
2026-08-16T15:03:54Z,NVIDIA H200 NVL,screen,uniform_0_1,gemv,lns,lns4_r1,4,2,1,fp32,ordinary,padded,thread_packet,8,8,1,1,8,none,fraction_lut_global,ordinary/padded/thread_packet/x8/fraction_lut_global,16384,1024,1024,8396800,16793600,8,1024,256,3,1,49,4.9143681526184082,0.10029322760445732,3542.20947265625,1
2026-08-16T15:03:54Z,NVIDIA H200 NVL,screen,uniform_0_1,gemv,lns,lns4_r1,4,2,1,fp32,ordinary,padded,thread_packet,8,8,1,1,8,none,fraction_lut_global,ordinary/padded/thread_packet/x8/fraction_lut_global,16384,1024,1024,8396800,16793600,8,1024,256,3,2,49,4.9115519523620605,0.10023575412983797,3542.20947265625,1
2026-08-16T15:03:54Z,NVIDIA H200 NVL,screen,uniform_0_1,dot,lns,lns4_r1,4,2,1,fp32,ordinary,dense,cooperative_shuffle,8,32,1,8,1,warp_shuffle,fraction_lut_global,ordinary/dense/cooperative_shuffle/x8/fraction_lut_global,16777216,0,1,16777216,16777216,8,512,256,3,0,36,5.0041279792785645,0.13900355497996011,3609998.5,1
2026-08-16T15:03:54Z,NVIDIA H200 NVL,screen,uniform_0_1,dot,lns,lns4_r1,4,2,1,fp32,ordinary,dense,cooperative_shuffle,8,32,1,8,1,warp_shuffle,fraction_lut_global,ordinary/dense/cooperative_shuffle/x8/fraction_lut_global,16777216,0,1,16777216,16777216,8,512,256,3,1,36,5.0022721290588379,0.13895200358496773,3609998.5,1
2026-08-16T15:03:54Z,NVIDIA H200 NVL,screen,uniform_0_1,dot,lns,lns4_r1,4,2,1,fp32,ordinary,dense,cooperative_shuffle,8,32,1,8,1,warp_shuffle,fraction_lut_global,ordinary/dense/cooperative_shuffle/x8/fraction_lut_global,16777216,0,1,16777216,16777216,8,512,256,3,2,36,5.0109438896179199,0.13919288582271999,3609998.5,1
2026-08-16T15:03:54Z,NVIDIA H200 NVL,screen,uniform_0_1,gemv,lns,lns4_r1,4,2,1,fp32,ordinary,dense,cooperative_shuffle,8,32,1,8,1,warp_shuffle,fraction_lut_global,ordinary/dense/cooperative_shuffle/x8/fraction_lut_global,16384,1024,1024,8396800,8396800,8,1024,256,3,0,41,5.0190720558166504,0.12241639160528416,3542.20947265625,1
2026-08-16T15:03:54Z,NVIDIA H200 NVL,screen,uniform_0_1,gemv,lns,lns4_r1,4,2,1,fp32,ordinary,dense,cooperative_shuffle,8,32,1,8,1,warp_shuffle,fraction_lut_global,ordinary/dense/cooperative_shuffle/x8/fraction_lut_global,16384,1024,1024,8396800,8396800,8,1024,256,3,1,41,5.0241599082946777,0.12254048556816287,3542.20947265625,1
2026-08-16T15:03:54Z,NVIDIA H200 NVL,screen,uniform_0_1,gemv,lns,lns4_r1,4,2,1,fp32,ordinary,dense,cooperative_shuffle,8,32,1,8,1,warp_shuffle,fraction_lut_global,ordinary/dense/cooperative_shuffle/x8/fraction_lut_global,16384,1024,1024,8396800,8396800,8,1024,256,3,2,41,5.0226240158081055,0.12250302477580745,3542.20947265625,1
2026-08-16T15:03:54Z,NVIDIA H200 NVL,screen,uniform_0_1,dot,lns,lns4_r1,4,2,1,fp32,fused,dense,scalar,1,32,1,1,1,none,fraction_lut_global,fused/dense/scalar/x1/fraction_lut_global,16777216,0,1,16777216,16777216,8,512,256,3,0,44,4.9325118064880371,0.1121025410565463,3609998.5,1
2026-08-16T15:03:54Z,NVIDIA H200 NVL,screen,uniform_0_1,dot,lns,lns4_r1,4,2,1,fp32,fused,dense,scalar,1,32,1,1,1,none,fraction_lut_global,fused/dense/scalar/x1/fraction_lut_global,16777216,0,1,16777216,16777216,8,512,256,3,1,44,4.9252800941467285,0.11193818395788019,3609998.5,1
2026-08-16T15:03:54Z,NVIDIA H200 NVL,screen,uniform_0_1,dot,lns,lns4_r1,4,2,1,fp32,fused,dense,scalar,1,32,1,1,1,none,fraction_lut_global,fused/dense/scalar/x1/fraction_lut_global,16777216,0,1,16777216,16777216,8,512,256,3,2,44,4.9239678382873535,0.11190835996107622,3609998.5,1
2026-08-16T15:03:54Z,NVIDIA H200 NVL,screen,uniform_0_1,gemv,lns,lns4_r1,4,2,1,fp32,fused,dense,scalar,1,32,1,1,1,none,fraction_lut_global,fused/dense/scalar/x1/fraction_lut_global,16384,1024,1024,8396800,8396800,8,1024,256,3,0,47,4.9837121963500977,0.10603642970957655,3542.20947265625,1
2026-08-16T15:03:54Z,NVIDIA H200 NVL,screen,uniform_0_1,gemv,lns,lns4_r1,4,2,1,fp32,fused,dense,scalar,1,32,1,1,1,none,fraction_lut_global,fused/dense/scalar/x1/fraction_lut_global,16384,1024,1024,8396800,8396800,8,1024,256,3,1,47,4.9843521118164062,0.10605004493226396,3542.20947265625,1
2026-08-16T15:03:54Z,NVIDIA H200 NVL,screen,uniform_0_1,gemv,lns,lns4_r1,4,2,1,fp32,fused,dense,scalar,1,32,1,1,1,none,fraction_lut_global,fused/dense/scalar/x1/fraction_lut_global,16384,1024,1024,8396800,8396800,8,1024,256,3,2,47,4.9836797714233398,0.10603573981751786,3542.20947265625,1
2026-08-16T15:03:54Z,NVIDIA H200 NVL,screen,uniform_0_1,dot,lns,lns4_r1,4,2,1,fp32,fused,padded,scalar,1,8,1,1,1,none,fraction_lut_global,fused/padded/scalar/x1/fraction_lut_global,16777216,0,1,16777216,33554432,8,512,256,3,0,49,4.9500160217285156,0.10102073513731664,3609998.5,1
2026-08-16T15:03:54Z,NVIDIA H200 NVL,screen,uniform_0_1,dot,lns,lns4_r1,4,2,1,fp32,fused,padded,scalar,1,8,1,1,1,none,fraction_lut_global,fused/padded/scalar/x1/fraction_lut_global,16777216,0,1,16777216,33554432,8,512,256,3,1,49,4.9508481025695801,0.10103771637897102,3609998.5,1
2026-08-16T15:03:54Z,NVIDIA H200 NVL,screen,uniform_0_1,dot,lns,lns4_r1,4,2,1,fp32,fused,padded,scalar,1,8,1,1,1,none,fraction_lut_global,fused/padded/scalar/x1/fraction_lut_global,16777216,0,1,16777216,33554432,8,512,256,3,2,49,4.9549441337585449,0.10112130885221521,3609998.5,1
2026-08-16T15:03:54Z,NVIDIA H200 NVL,screen,uniform_0_1,gemv,lns,lns4_r1,4,2,1,fp32,fused,padded,scalar,1,8,1,1,1,none,fraction_lut_global,fused/padded/scalar/x1/fraction_lut_global,16384,1024,1024,8396800,16793600,8,1024,256,3,0,53,4.8959360122680664,0.092376151174869178,3542.20947265625,1
2026-08-16T15:03:54Z,NVIDIA H200 NVL,screen,uniform_0_1,gemv,lns,lns4_r1,4,2,1,fp32,fused,padded,scalar,1,8,1,1,1,none,fraction_lut_global,fused/padded/scalar/x1/fraction_lut_global,16384,1024,1024,8396800,16793600,8,1024,256,3,1,53,4.8865280151367188,0.092198641795032427,3542.20947265625,1
2026-08-16T15:03:54Z,NVIDIA H200 NVL,screen,uniform_0_1,gemv,lns,lns4_r1,4,2,1,fp32,fused,padded,scalar,1,8,1,1,1,none,fraction_lut_global,fused/padded/scalar/x1/fraction_lut_global,16384,1024,1024,8396800,16793600,8,1024,256,3,2,53,4.8868160247802734,0.092204075939250438,3542.20947265625,1
2026-08-16T15:03:54Z,NVIDIA H200 NVL,screen,uniform_0_1,dot,lns,lns4_r1,4,2,1,fp32,fused,dense,thread_packet,2,32,1,1,2,none,fraction_lut_global,fused/dense/thread_packet/x2/fraction_lut_global,16777216,0,1,16777216,16777216,8,512,256,3,0,46,4.9798722267150879,0.10825809188511061,3609998.25,1
2026-08-16T15:03:54Z,NVIDIA H200 NVL,screen,uniform_0_1,dot,lns,lns4_r1,4,2,1,fp32,fused,dense,thread_packet,2,32,1,1,2,none,fraction_lut_global,fused/dense/thread_packet/x2/fraction_lut_global,16777216,0,1,16777216,16777216,8,512,256,3,1,46,4.9707198143005371,0.10805912639783777,3609998.25,1
2026-08-16T15:03:54Z,NVIDIA H200 NVL,screen,uniform_0_1,dot,lns,lns4_r1,4,2,1,fp32,fused,dense,thread_packet,2,32,1,1,2,none,fraction_lut_global,fused/dense/thread_packet/x2/fraction_lut_global,16777216,0,1,16777216,16777216,8,512,256,3,2,46,4.9709439277648926,0.10806399842967158,3609998.25,1
2026-08-16T15:03:54Z,NVIDIA H200 NVL,screen,uniform_0_1,gemv,lns,lns4_r1,4,2,1,fp32,fused,dense,thread_packet,2,32,1,1,2,none,fraction_lut_global,fused/dense/thread_packet/x2/fraction_lut_global,16384,1024,1024,8396800,8396800,8,1024,256,3,0,47,4.9040322303771973,0.10434111128462122,3542.20947265625,1
2026-08-16T15:03:54Z,NVIDIA H200 NVL,screen,uniform_0_1,gemv,lns,lns4_r1,4,2,1,fp32,fused,dense,thread_packet,2,32,1,1,2,none,fraction_lut_global,fused/dense/thread_packet/x2/fraction_lut_global,16384,1024,1024,8396800,8396800,8,1024,256,3,1,47,4.8966717720031738,0.10418450578730157,3542.20947265625,1
2026-08-16T15:03:54Z,NVIDIA H200 NVL,screen,uniform_0_1,gemv,lns,lns4_r1,4,2,1,fp32,fused,dense,thread_packet,2,32,1,1,2,none,fraction_lut_global,fused/dense/thread_packet/x2/fraction_lut_global,16384,1024,1024,8396800,8396800,8,1024,256,3,2,47,4.8967361450195312,0.10418587542594747,3542.20947265625,1
2026-08-16T15:03:54Z,NVIDIA H200 NVL,screen,uniform_0_1,dot,lns,lns4_r1,4,2,1,fp32,fused,dense,thread_packet,4,32,1,1,4,none,fraction_lut_global,fused/dense/thread_packet/x4/fraction_lut_global,16777216,0,1,16777216,16777216,8,512,256,3,0,47,4.9418878555297852,0.105146550117655,3609998.25,1
2026-08-16T15:03:54Z,NVIDIA H200 NVL,screen,uniform_0_1,dot,lns,lns4_r1,4,2,1,fp32,fused,dense,thread_packet,4,32,1,1,4,none,fraction_lut_global,fused/dense/thread_packet/x4/fraction_lut_global,16777216,0,1,16777216,16777216,8,512,256,3,1,47,4.9409599304199219,0.1051268070302111,3609998.25,1
2026-08-16T15:03:54Z,NVIDIA H200 NVL,screen,uniform_0_1,dot,lns,lns4_r1,4,2,1,fp32,fused,dense,thread_packet,4,32,1,1,4,none,fraction_lut_global,fused/dense/thread_packet/x4/fraction_lut_global,16777216,0,1,16777216,16777216,8,512,256,3,2,47,4.9426240921020508,0.10516221472557555,3609998.25,1
2026-08-16T15:03:54Z,NVIDIA H200 NVL,screen,uniform_0_1,gemv,lns,lns4_r1,4,2,1,fp32,fused,dense,thread_packet,4,32,1,1,4,none,fraction_lut_global,fused/dense/thread_packet/x4/fraction_lut_global,16384,1024,1024,8396800,8396800,8,1024,256,3,0,47,4.9226560592651367,0.10473736296308801,3542.20947265625,1
2026-08-16T15:03:54Z,NVIDIA H200 NVL,screen,uniform_0_1,gemv,lns,lns4_r1,4,2,1,fp32,fused,dense,thread_packet,4,32,1,1,4,none,fraction_lut_global,fused/dense/thread_packet/x4/fraction_lut_global,16384,1024,1024,8396800,8396800,8,1024,256,3,1,47,4.9212799072265625,0.10470808313248005,3542.20947265625,1
2026-08-16T15:03:54Z,NVIDIA H200 NVL,screen,uniform_0_1,gemv,lns,lns4_r1,4,2,1,fp32,fused,dense,thread_packet,4,32,1,1,4,none,fraction_lut_global,fused/dense/thread_packet/x4/fraction_lut_global,16384,1024,1024,8396800,8396800,8,1024,256,3,2,47,4.9237117767333984,0.10475982503688082,3542.20947265625,1
2026-08-16T15:03:54Z,NVIDIA H200 NVL,screen,uniform_0_1,dot,lns,lns4_r1,4,2,1,fp32,fused,dense,thread_packet,8,32,1,1,8,none,fraction_lut_global,fused/dense/thread_packet/x8/fraction_lut_global,16777216,0,1,16777216,16777216,8,512,256,3,0,54,4.9448962211608887,0.091572152243720159,3609998.5,1
2026-08-16T15:03:54Z,NVIDIA H200 NVL,screen,uniform_0_1,dot,lns,lns4_r1,4,2,1,fp32,fused,dense,thread_packet,8,32,1,1,8,none,fraction_lut_global,fused/dense/thread_packet/x8/fraction_lut_global,16777216,0,1,16777216,16777216,8,512,256,3,1,54,4.9448637962341309,0.091571551782113528,3609998.5,1
2026-08-16T15:03:54Z,NVIDIA H200 NVL,screen,uniform_0_1,dot,lns,lns4_r1,4,2,1,fp32,fused,dense,thread_packet,8,32,1,1,8,none,fraction_lut_global,fused/dense/thread_packet/x8/fraction_lut_global,16777216,0,1,16777216,16777216,8,512,256,3,2,54,4.9446401596069336,0.091567410363091364,3609998.5,1
2026-08-16T15:03:54Z,NVIDIA H200 NVL,screen,uniform_0_1,gemv,lns,lns4_r1,4,2,1,fp32,fused,dense,thread_packet,8,32,1,1,8,none,fraction_lut_global,fused/dense/thread_packet/x8/fraction_lut_global,16384,1024,1024,8396800,8396800,8,1024,256,3,0,50,4.9468159675598145,0.098936319351196289,3542.20947265625,1
2026-08-16T15:03:54Z,NVIDIA H200 NVL,screen,uniform_0_1,gemv,lns,lns4_r1,4,2,1,fp32,fused,dense,thread_packet,8,32,1,1,8,none,fraction_lut_global,fused/dense/thread_packet/x8/fraction_lut_global,16384,1024,1024,8396800,8396800,8,1024,256,3,1,50,4.9482240676879883,0.098964481353759765,3542.20947265625,1
2026-08-16T15:03:54Z,NVIDIA H200 NVL,screen,uniform_0_1,gemv,lns,lns4_r1,4,2,1,fp32,fused,dense,thread_packet,8,32,1,1,8,none,fraction_lut_global,fused/dense/thread_packet/x8/fraction_lut_global,16384,1024,1024,8396800,8396800,8,1024,256,3,2,50,4.9477119445800781,0.098954238891601556,3542.20947265625,1
2026-08-16T15:03:54Z,NVIDIA H200 NVL,screen,uniform_0_1,dot,lns,lns4_r1,4,2,1,fp32,fused,padded,thread_packet,2,8,1,1,2,none,fraction_lut_global,fused/padded/thread_packet/x2/fraction_lut_global,16777216,0,1,16777216,33554432,8,512,256,3,0,50,4.9297599792480469,0.098595199584960935,3609998.25,1
2026-08-16T15:03:54Z,NVIDIA H200 NVL,screen,uniform_0_1,dot,lns,lns4_r1,4,2,1,fp32,fused,padded,thread_packet,2,8,1,1,2,none,fraction_lut_global,fused/padded/thread_packet/x2/fraction_lut_global,16777216,0,1,16777216,33554432,8,512,256,3,1,50,4.9303040504455566,0.098606081008911134,3609998.25,1
2026-08-16T15:03:54Z,NVIDIA H200 NVL,screen,uniform_0_1,dot,lns,lns4_r1,4,2,1,fp32,fused,padded,thread_packet,2,8,1,1,2,none,fraction_lut_global,fused/padded/thread_packet/x2/fraction_lut_global,16777216,0,1,16777216,33554432,8,512,256,3,2,50,4.9326400756835938,0.098652801513671881,3609998.25,1
2026-08-16T15:03:54Z,NVIDIA H200 NVL,screen,uniform_0_1,gemv,lns,lns4_r1,4,2,1,fp32,fused,padded,thread_packet,2,8,1,1,2,none,fraction_lut_global,fused/padded/thread_packet/x2/fraction_lut_global,16384,1024,1024,8396800,16793600,8,1024,256,3,0,55,4.8767361640930176,0.088667930256236677,3542.20947265625,1
2026-08-16T15:03:54Z,NVIDIA H200 NVL,screen,uniform_0_1,gemv,lns,lns4_r1,4,2,1,fp32,fused,padded,thread_packet,2,8,1,1,2,none,fraction_lut_global,fused/padded/thread_packet/x2/fraction_lut_global,16384,1024,1024,8396800,16793600,8,1024,256,3,1,55,4.8773760795593262,0.088679565082896844,3542.20947265625,1
2026-08-16T15:03:54Z,NVIDIA H200 NVL,screen,uniform_0_1,gemv,lns,lns4_r1,4,2,1,fp32,fused,padded,thread_packet,2,8,1,1,2,none,fraction_lut_global,fused/padded/thread_packet/x2/fraction_lut_global,16384,1024,1024,8396800,16793600,8,1024,256,3,2,55,4.8787522315979004,0.088704586029052734,3542.20947265625,1
2026-08-16T15:03:54Z,NVIDIA H200 NVL,screen,uniform_0_1,dot,lns,lns4_r1,4,2,1,fp32,fused,padded,thread_packet,4,8,1,1,4,none,fraction_lut_global,fused/padded/thread_packet/x4/fraction_lut_global,16777216,0,1,16777216,33554432,8,512,256,3,0,52,4.9071359634399414,0.094367999296921953,3609998.25,1
2026-08-16T15:03:54Z,NVIDIA H200 NVL,screen,uniform_0_1,dot,lns,lns4_r1,4,2,1,fp32,fused,padded,thread_packet,4,8,1,1,4,none,fraction_lut_global,fused/padded/thread_packet/x4/fraction_lut_global,16777216,0,1,16777216,33554432,8,512,256,3,1,52,4.9060158729553223,0.094346459095294655,3609998.25,1
2026-08-16T15:03:54Z,NVIDIA H200 NVL,screen,uniform_0_1,dot,lns,lns4_r1,4,2,1,fp32,fused,padded,thread_packet,4,8,1,1,4,none,fraction_lut_global,fused/padded/thread_packet/x4/fraction_lut_global,16777216,0,1,16777216,33554432,8,512,256,3,2,52,4.9056639671325684,0.094339691675626308,3609998.25,1
2026-08-16T15:03:54Z,NVIDIA H200 NVL,screen,uniform_0_1,gemv,lns,lns4_r1,4,2,1,fp32,fused,padded,thread_packet,4,8,1,1,4,none,fraction_lut_global,fused/padded/thread_packet/x4/fraction_lut_global,16384,1024,1024,8396800,16793600,8,1024,256,3,0,58,4.9458560943603516,0.085273380937247442,3542.20947265625,1
2026-08-16T15:03:54Z,NVIDIA H200 NVL,screen,uniform_0_1,gemv,lns,lns4_r1,4,2,1,fp32,fused,padded,thread_packet,4,8,1,1,4,none,fraction_lut_global,fused/padded/thread_packet/x4/fraction_lut_global,16384,1024,1024,8396800,16793600,8,1024,256,3,1,58,4.944767951965332,0.085254619861471245,3542.20947265625,1
2026-08-16T15:03:54Z,NVIDIA H200 NVL,screen,uniform_0_1,gemv,lns,lns4_r1,4,2,1,fp32,fused,padded,thread_packet,4,8,1,1,4,none,fraction_lut_global,fused/padded/thread_packet/x4/fraction_lut_global,16384,1024,1024,8396800,16793600,8,1024,256,3,2,58,4.9441280364990234,0.085243586836190058,3542.20947265625,1
2026-08-16T15:03:54Z,NVIDIA H200 NVL,screen,uniform_0_1,dot,lns,lns4_r1,4,2,1,fp32,fused,padded,thread_packet,8,8,1,1,8,none,fraction_lut_global,fused/padded/thread_packet/x8/fraction_lut_global,16777216,0,1,16777216,33554432,8,512,256,3,0,53,4.9735360145568848,0.093840302161450659,3609998.5,1
2026-08-16T15:03:54Z,NVIDIA H200 NVL,screen,uniform_0_1,dot,lns,lns4_r1,4,2,1,fp32,fused,padded,thread_packet,8,8,1,1,8,none,fraction_lut_global,fused/padded/thread_packet/x8/fraction_lut_global,16777216,0,1,16777216,33554432,8,512,256,3,1,53,4.9735360145568848,0.093840302161450659,3609998.5,1
2026-08-16T15:03:54Z,NVIDIA H200 NVL,screen,uniform_0_1,dot,lns,lns4_r1,4,2,1,fp32,fused,padded,thread_packet,8,8,1,1,8,none,fraction_lut_global,fused/padded/thread_packet/x8/fraction_lut_global,16777216,0,1,16777216,33554432,8,512,256,3,2,53,4.9732799530029297,0.093835470811376026,3609998.5,1
2026-08-16T15:03:54Z,NVIDIA H200 NVL,screen,uniform_0_1,gemv,lns,lns4_r1,4,2,1,fp32,fused,padded,thread_packet,8,8,1,1,8,none,fraction_lut_global,fused/padded/thread_packet/x8/fraction_lut_global,16384,1024,1024,8396800,16793600,8,1024,256,3,0,58,4.9428801536560059,0.085222071614758726,3542.20947265625,1
2026-08-16T15:03:54Z,NVIDIA H200 NVL,screen,uniform_0_1,gemv,lns,lns4_r1,4,2,1,fp32,fused,padded,thread_packet,8,8,1,1,8,none,fraction_lut_global,fused/padded/thread_packet/x8/fraction_lut_global,16384,1024,1024,8396800,16793600,8,1024,256,3,1,58,4.9430398941040039,0.085224825760413861,3542.20947265625,1
2026-08-16T15:03:54Z,NVIDIA H200 NVL,screen,uniform_0_1,gemv,lns,lns4_r1,4,2,1,fp32,fused,padded,thread_packet,8,8,1,1,8,none,fraction_lut_global,fused/padded/thread_packet/x8/fraction_lut_global,16384,1024,1024,8396800,16793600,8,1024,256,3,2,58,4.9417600631713867,0.0852027597098515,3542.20947265625,1
2026-08-16T15:03:54Z,NVIDIA H200 NVL,screen,uniform_0_1,dot,lns,lns4_r1,4,2,1,fp32,fused,dense,cooperative_shuffle,8,32,1,8,1,warp_shuffle,fraction_lut_global,fused/dense/cooperative_shuffle/x8/fraction_lut_global,16777216,0,1,16777216,16777216,8,512,256,3,0,40,4.9204158782958984,0.12301039695739746,3609998.5,1
2026-08-16T15:03:54Z,NVIDIA H200 NVL,screen,uniform_0_1,dot,lns,lns4_r1,4,2,1,fp32,fused,dense,cooperative_shuffle,8,32,1,8,1,warp_shuffle,fraction_lut_global,fused/dense/cooperative_shuffle/x8/fraction_lut_global,16777216,0,1,16777216,16777216,8,512,256,3,1,40,4.9241280555725098,0.12310320138931274,3609998.5,1
2026-08-16T15:03:54Z,NVIDIA H200 NVL,screen,uniform_0_1,dot,lns,lns4_r1,4,2,1,fp32,fused,dense,cooperative_shuffle,8,32,1,8,1,warp_shuffle,fraction_lut_global,fused/dense/cooperative_shuffle/x8/fraction_lut_global,16777216,0,1,16777216,16777216,8,512,256,3,2,40,4.9233598709106445,0.12308399677276612,3609998.5,1
2026-08-16T15:03:54Z,NVIDIA H200 NVL,screen,uniform_0_1,gemv,lns,lns4_r1,4,2,1,fp32,fused,dense,cooperative_shuffle,8,32,1,8,1,warp_shuffle,fraction_lut_global,fused/dense/cooperative_shuffle/x8/fraction_lut_global,16384,1024,1024,8396800,8396800,8,1024,256,3,0,46,4.9640641212463379,0.10791443741839865,3542.20947265625,1
2026-08-16T15:03:54Z,NVIDIA H200 NVL,screen,uniform_0_1,gemv,lns,lns4_r1,4,2,1,fp32,fused,dense,cooperative_shuffle,8,32,1,8,1,warp_shuffle,fraction_lut_global,fused/dense/cooperative_shuffle/x8/fraction_lut_global,16384,1024,1024,8396800,8396800,8,1024,256,3,1,46,4.9882879257202148,0.10844104186348293,3542.20947265625,1
2026-08-16T15:03:54Z,NVIDIA H200 NVL,screen,uniform_0_1,gemv,lns,lns4_r1,4,2,1,fp32,fused,dense,cooperative_shuffle,8,32,1,8,1,warp_shuffle,fraction_lut_global,fused/dense/cooperative_shuffle/x8/fraction_lut_global,16384,1024,1024,8396800,8396800,8,1024,256,3,2,46,4.9780158996582031,0.10821773694909137,3542.20947265625,1
2026-08-16T15:03:54Z,NVIDIA H200 NVL,screen,uniform_0_1,dot,lns,lns4_r1,4,2,1,fp32,ordinary,dense,scalar,1,32,1,1,1,none,fraction_lut_shared,ordinary/dense/scalar/x1/fraction_lut_shared,16777216,0,1,16777216,16777216,8,512,256,3,0,47,4.9892802238464355,0.1061548983797114,3609998.5,1
2026-08-16T15:03:54Z,NVIDIA H200 NVL,screen,uniform_0_1,dot,lns,lns4_r1,4,2,1,fp32,ordinary,dense,scalar,1,32,1,1,1,none,fraction_lut_shared,ordinary/dense/scalar/x1/fraction_lut_shared,16777216,0,1,16777216,16777216,8,512,256,3,1,47,4.9925761222839355,0.10622502387838161,3609998.5,1
2026-08-16T15:03:54Z,NVIDIA H200 NVL,screen,uniform_0_1,dot,lns,lns4_r1,4,2,1,fp32,ordinary,dense,scalar,1,32,1,1,1,none,fraction_lut_shared,ordinary/dense/scalar/x1/fraction_lut_shared,16777216,0,1,16777216,16777216,8,512,256,3,2,47,4.9872322082519531,0.10611132357982879,3609998.5,1
2026-08-16T15:03:54Z,NVIDIA H200 NVL,screen,uniform_0_1,gemv,lns,lns4_r1,4,2,1,fp32,ordinary,dense,scalar,1,32,1,1,1,none,fraction_lut_shared,ordinary/dense/scalar/x1/fraction_lut_shared,16384,1024,1024,8396800,8396800,8,1024,256,3,0,48,4.9430079460144043,0.10297933220863342,3542.20947265625,1
2026-08-16T15:03:54Z,NVIDIA H200 NVL,screen,uniform_0_1,gemv,lns,lns4_r1,4,2,1,fp32,ordinary,dense,scalar,1,32,1,1,1,none,fraction_lut_shared,ordinary/dense/scalar/x1/fraction_lut_shared,16384,1024,1024,8396800,8396800,8,1024,256,3,1,48,4.9423680305480957,0.10296600063641866,3542.20947265625,1
2026-08-16T15:03:54Z,NVIDIA H200 NVL,screen,uniform_0_1,gemv,lns,lns4_r1,4,2,1,fp32,ordinary,dense,scalar,1,32,1,1,1,none,fraction_lut_shared,ordinary/dense/scalar/x1/fraction_lut_shared,16384,1024,1024,8396800,8396800,8,1024,256,3,2,48,4.9417920112609863,0.10295400023460388,3542.20947265625,1
2026-08-16T15:03:54Z,NVIDIA H200 NVL,screen,uniform_0_1,dot,lns,lns4_r1,4,2,1,fp32,ordinary,padded,scalar,1,8,1,1,1,none,fraction_lut_shared,ordinary/padded/scalar/x1/fraction_lut_shared,16777216,0,1,16777216,33554432,8,512,256,3,0,50,4.9271359443664551,0.0985427188873291,3609998.5,1
2026-08-16T15:03:54Z,NVIDIA H200 NVL,screen,uniform_0_1,dot,lns,lns4_r1,4,2,1,fp32,ordinary,padded,scalar,1,8,1,1,1,none,fraction_lut_shared,ordinary/padded/scalar/x1/fraction_lut_shared,16777216,0,1,16777216,33554432,8,512,256,3,1,50,4.9290242195129395,0.098580484390258794,3609998.5,1
2026-08-16T15:03:54Z,NVIDIA H200 NVL,screen,uniform_0_1,dot,lns,lns4_r1,4,2,1,fp32,ordinary,padded,scalar,1,8,1,1,1,none,fraction_lut_shared,ordinary/padded/scalar/x1/fraction_lut_shared,16777216,0,1,16777216,33554432,8,512,256,3,2,50,4.9299840927124023,0.098599681854248042,3609998.5,1
2026-08-16T15:03:54Z,NVIDIA H200 NVL,screen,uniform_0_1,gemv,lns,lns4_r1,4,2,1,fp32,ordinary,padded,scalar,1,8,1,1,1,none,fraction_lut_shared,ordinary/padded/scalar/x1/fraction_lut_shared,16384,1024,1024,8396800,16793600,8,1024,256,3,0,55,4.891359806060791,0.088933814655650742,3542.20947265625,1
2026-08-16T15:03:54Z,NVIDIA H200 NVL,screen,uniform_0_1,gemv,lns,lns4_r1,4,2,1,fp32,ordinary,padded,scalar,1,8,1,1,1,none,fraction_lut_shared,ordinary/padded/scalar/x1/fraction_lut_shared,16384,1024,1024,8396800,16793600,8,1024,256,3,1,55,4.8943362236022949,0.088987931338223539,3542.20947265625,1
2026-08-16T15:03:54Z,NVIDIA H200 NVL,screen,uniform_0_1,gemv,lns,lns4_r1,4,2,1,fp32,ordinary,padded,scalar,1,8,1,1,1,none,fraction_lut_shared,ordinary/padded/scalar/x1/fraction_lut_shared,16384,1024,1024,8396800,16793600,8,1024,256,3,2,55,4.8940801620483398,0.088983275673606185,3542.20947265625,1
2026-08-16T15:03:54Z,NVIDIA H200 NVL,screen,uniform_0_1,dot,lns,lns4_r1,4,2,1,fp32,ordinary,dense,thread_packet,2,32,1,1,2,none,fraction_lut_shared,ordinary/dense/thread_packet/x2/fraction_lut_shared,16777216,0,1,16777216,16777216,8,512,256,3,0,46,4.9411840438842773,0.10741704443226689,3609998.25,1
2026-08-16T15:03:54Z,NVIDIA H200 NVL,screen,uniform_0_1,dot,lns,lns4_r1,4,2,1,fp32,ordinary,dense,thread_packet,2,32,1,1,2,none,fraction_lut_shared,ordinary/dense/thread_packet/x2/fraction_lut_shared,16777216,0,1,16777216,16777216,8,512,256,3,1,46,4.947904109954834,0.10756313282510509,3609998.25,1
2026-08-16T15:03:54Z,NVIDIA H200 NVL,screen,uniform_0_1,dot,lns,lns4_r1,4,2,1,fp32,ordinary,dense,thread_packet,2,32,1,1,2,none,fraction_lut_shared,ordinary/dense/thread_packet/x2/fraction_lut_shared,16777216,0,1,16777216,16777216,8,512,256,3,2,46,4.9294719696044922,0.10716243412183679,3609998.25,1
2026-08-16T15:03:54Z,NVIDIA H200 NVL,screen,uniform_0_1,gemv,lns,lns4_r1,4,2,1,fp32,ordinary,dense,thread_packet,2,32,1,1,2,none,fraction_lut_shared,ordinary/dense/thread_packet/x2/fraction_lut_shared,16384,1024,1024,8396800,8396800,8,1024,256,3,0,49,4.9520001411437988,0.10106122737028161,3542.20947265625,1
2026-08-16T15:03:54Z,NVIDIA H200 NVL,screen,uniform_0_1,gemv,lns,lns4_r1,4,2,1,fp32,ordinary,dense,thread_packet,2,32,1,1,2,none,fraction_lut_shared,ordinary/dense/thread_packet/x2/fraction_lut_shared,16384,1024,1024,8396800,8396800,8,1024,256,3,1,49,4.9443521499633789,0.10090514591761998,3542.20947265625,1
2026-08-16T15:03:54Z,NVIDIA H200 NVL,screen,uniform_0_1,gemv,lns,lns4_r1,4,2,1,fp32,ordinary,dense,thread_packet,2,32,1,1,2,none,fraction_lut_shared,ordinary/dense/thread_packet/x2/fraction_lut_shared,16384,1024,1024,8396800,8396800,8,1024,256,3,2,49,4.9342079162597656,0.10069812073999522,3542.20947265625,1
2026-08-16T15:03:54Z,NVIDIA H200 NVL,screen,uniform_0_1,dot,lns,lns4_r1,4,2,1,fp32,ordinary,dense,thread_packet,4,32,1,1,4,none,fraction_lut_shared,ordinary/dense/thread_packet/x4/fraction_lut_shared,16777216,0,1,16777216,16777216,8,512,256,3,0,46,4.8964800834655762,0.10644521920577339,3609998.25,1
2026-08-16T15:03:54Z,NVIDIA H200 NVL,screen,uniform_0_1,dot,lns,lns4_r1,4,2,1,fp32,ordinary,dense,thread_packet,4,32,1,1,4,none,fraction_lut_shared,ordinary/dense/thread_packet/x4/fraction_lut_shared,16777216,0,1,16777216,16777216,8,512,256,3,1,46,4.9001278877258301,0.1065245192983876,3609998.25,1
2026-08-16T15:03:54Z,NVIDIA H200 NVL,screen,uniform_0_1,dot,lns,lns4_r1,4,2,1,fp32,ordinary,dense,thread_packet,4,32,1,1,4,none,fraction_lut_shared,ordinary/dense/thread_packet/x4/fraction_lut_shared,16777216,0,1,16777216,16777216,8,512,256,3,2,46,4.8840641975402832,0.10617530864218007,3609998.25,1
2026-08-16T15:03:54Z,NVIDIA H200 NVL,screen,uniform_0_1,gemv,lns,lns4_r1,4,2,1,fp32,ordinary,dense,thread_packet,4,32,1,1,4,none,fraction_lut_shared,ordinary/dense/thread_packet/x4/fraction_lut_shared,16384,1024,1024,8396800,8396800,8,1024,256,3,0,49,4.9427838325500488,0.10087313943979692,3542.20947265625,1
2026-08-16T15:03:54Z,NVIDIA H200 NVL,screen,uniform_0_1,gemv,lns,lns4_r1,4,2,1,fp32,ordinary,dense,thread_packet,4,32,1,1,4,none,fraction_lut_shared,ordinary/dense/thread_packet/x4/fraction_lut_shared,16384,1024,1024,8396800,8396800,8,1024,256,3,1,49,4.9390082359313965,0.10079608644757952,3542.20947265625,1
2026-08-16T15:03:54Z,NVIDIA H200 NVL,screen,uniform_0_1,gemv,lns,lns4_r1,4,2,1,fp32,ordinary,dense,thread_packet,4,32,1,1,4,none,fraction_lut_shared,ordinary/dense/thread_packet/x4/fraction_lut_shared,16384,1024,1024,8396800,8396800,8,1024,256,3,2,49,4.9418878555297852,0.10085485419448541,3542.20947265625,1
2026-08-16T15:03:54Z,NVIDIA H200 NVL,screen,uniform_0_1,dot,lns,lns4_r1,4,2,1,fp32,ordinary,dense,thread_packet,8,32,1,1,8,none,fraction_lut_shared,ordinary/dense/thread_packet/x8/fraction_lut_shared,16777216,0,1,16777216,16777216,8,512,256,3,0,50,4.9054079055786133,0.098108158111572266,3609998.25,1
2026-08-16T15:03:54Z,NVIDIA H200 NVL,screen,uniform_0_1,dot,lns,lns4_r1,4,2,1,fp32,ordinary,dense,thread_packet,8,32,1,1,8,none,fraction_lut_shared,ordinary/dense/thread_packet/x8/fraction_lut_shared,16777216,0,1,16777216,16777216,8,512,256,3,1,50,4.9100160598754883,0.098200321197509766,3609998.25,1
2026-08-16T15:03:54Z,NVIDIA H200 NVL,screen,uniform_0_1,dot,lns,lns4_r1,4,2,1,fp32,ordinary,dense,thread_packet,8,32,1,1,8,none,fraction_lut_shared,ordinary/dense/thread_packet/x8/fraction_lut_shared,16777216,0,1,16777216,16777216,8,512,256,3,2,50,4.9138240814208984,0.098276481628417969,3609998.25,1
2026-08-16T15:03:54Z,NVIDIA H200 NVL,screen,uniform_0_1,gemv,lns,lns4_r1,4,2,1,fp32,ordinary,dense,thread_packet,8,32,1,1,8,none,fraction_lut_shared,ordinary/dense/thread_packet/x8/fraction_lut_shared,16384,1024,1024,8396800,8396800,8,1024,256,3,0,48,4.9002561569213867,0.10208866993586223,3542.20947265625,1
2026-08-16T15:03:54Z,NVIDIA H200 NVL,screen,uniform_0_1,gemv,lns,lns4_r1,4,2,1,fp32,ordinary,dense,thread_packet,8,32,1,1,8,none,fraction_lut_shared,ordinary/dense/thread_packet/x8/fraction_lut_shared,16384,1024,1024,8396800,8396800,8,1024,256,3,1,48,4.8859200477600098,0.1017900009950002,3542.20947265625,1
2026-08-16T15:03:54Z,NVIDIA H200 NVL,screen,uniform_0_1,gemv,lns,lns4_r1,4,2,1,fp32,ordinary,dense,thread_packet,8,32,1,1,8,none,fraction_lut_shared,ordinary/dense/thread_packet/x8/fraction_lut_shared,16384,1024,1024,8396800,8396800,8,1024,256,3,2,48,4.8801918029785156,0.10167066256205241,3542.20947265625,1
2026-08-16T15:03:54Z,NVIDIA H200 NVL,screen,uniform_0_1,dot,lns,lns4_r1,4,2,1,fp32,ordinary,padded,thread_packet,2,8,1,1,2,none,fraction_lut_shared,ordinary/padded/thread_packet/x2/fraction_lut_shared,16777216,0,1,16777216,33554432,8,512,256,3,0,51,4.8966078758239746,0.096011919133803428,3609998.25,1
2026-08-16T15:03:54Z,NVIDIA H200 NVL,screen,uniform_0_1,dot,lns,lns4_r1,4,2,1,fp32,ordinary,padded,thread_packet,2,8,1,1,2,none,fraction_lut_shared,ordinary/padded/thread_packet/x2/fraction_lut_shared,16777216,0,1,16777216,33554432,8,512,256,3,1,51,4.8939518928527832,0.095959841036329083,3609998.25,1
2026-08-16T15:03:54Z,NVIDIA H200 NVL,screen,uniform_0_1,dot,lns,lns4_r1,4,2,1,fp32,ordinary,padded,thread_packet,2,8,1,1,2,none,fraction_lut_shared,ordinary/padded/thread_packet/x2/fraction_lut_shared,16777216,0,1,16777216,33554432,8,512,256,3,2,51,4.8949441909790039,0.095979297862333404,3609998.25,1
2026-08-16T15:03:54Z,NVIDIA H200 NVL,screen,uniform_0_1,gemv,lns,lns4_r1,4,2,1,fp32,ordinary,padded,thread_packet,2,8,1,1,2,none,fraction_lut_shared,ordinary/padded/thread_packet/x2/fraction_lut_shared,16384,1024,1024,8396800,16793600,8,1024,256,3,0,57,4.9217281341552734,0.086346107616759177,3542.20947265625,1
2026-08-16T15:03:54Z,NVIDIA H200 NVL,screen,uniform_0_1,gemv,lns,lns4_r1,4,2,1,fp32,ordinary,padded,thread_packet,2,8,1,1,2,none,fraction_lut_shared,ordinary/padded/thread_packet/x2/fraction_lut_shared,16384,1024,1024,8396800,16793600,8,1024,256,3,1,57,4.9227838516235352,0.086364628975851496,3542.20947265625,1
2026-08-16T15:03:54Z,NVIDIA H200 NVL,screen,uniform_0_1,gemv,lns,lns4_r1,4,2,1,fp32,ordinary,padded,thread_packet,2,8,1,1,2,none,fraction_lut_shared,ordinary/padded/thread_packet/x2/fraction_lut_shared,16384,1024,1024,8396800,16793600,8,1024,256,3,2,57,4.9237761497497559,0.086382037714908003,3542.20947265625,1
2026-08-16T15:03:54Z,NVIDIA H200 NVL,screen,uniform_0_1,dot,lns,lns4_r1,4,2,1,fp32,ordinary,padded,thread_packet,4,8,1,1,4,none,fraction_lut_shared,ordinary/padded/thread_packet/x4/fraction_lut_shared,16777216,0,1,16777216,33554432,8,512,256,3,0,53,4.9405121803283691,0.093217210949591872,3609998.25,1
2026-08-16T15:03:54Z,NVIDIA H200 NVL,screen,uniform_0_1,dot,lns,lns4_r1,4,2,1,fp32,ordinary,padded,thread_packet,4,8,1,1,4,none,fraction_lut_shared,ordinary/padded/thread_packet/x4/fraction_lut_shared,16777216,0,1,16777216,33554432,8,512,256,3,1,53,4.9436798095703125,0.0932769775390625,3609998.25,1
2026-08-16T15:03:54Z,NVIDIA H200 NVL,screen,uniform_0_1,dot,lns,lns4_r1,4,2,1,fp32,ordinary,padded,thread_packet,4,8,1,1,4,none,fraction_lut_shared,ordinary/padded/thread_packet/x4/fraction_lut_shared,16777216,0,1,16777216,33554432,8,512,256,3,2,53,4.9447999000549316,0.093298111321791166,3609998.25,1
2026-08-16T15:03:54Z,NVIDIA H200 NVL,screen,uniform_0_1,gemv,lns,lns4_r1,4,2,1,fp32,ordinary,padded,thread_packet,4,8,1,1,4,none,fraction_lut_shared,ordinary/padded/thread_packet/x4/fraction_lut_shared,16384,1024,1024,8396800,16793600,8,1024,256,3,0,59,4.9447040557861328,0.083808543318409034,3542.20947265625,1
2026-08-16T15:03:54Z,NVIDIA H200 NVL,screen,uniform_0_1,gemv,lns,lns4_r1,4,2,1,fp32,ordinary,padded,thread_packet,4,8,1,1,4,none,fraction_lut_shared,ordinary/padded/thread_packet/x4/fraction_lut_shared,16384,1024,1024,8396800,16793600,8,1024,256,3,1,59,4.9421119689941406,0.08376460964396848,3542.20947265625,1
2026-08-16T15:03:54Z,NVIDIA H200 NVL,screen,uniform_0_1,gemv,lns,lns4_r1,4,2,1,fp32,ordinary,padded,thread_packet,4,8,1,1,4,none,fraction_lut_shared,ordinary/padded/thread_packet/x4/fraction_lut_shared,16384,1024,1024,8396800,16793600,8,1024,256,3,2,59,4.9430718421936035,0.08378087868124752,3542.20947265625,1
2026-08-16T15:03:54Z,NVIDIA H200 NVL,screen,uniform_0_1,dot,lns,lns4_r1,4,2,1,fp32,ordinary,padded,thread_packet,8,8,1,1,8,none,fraction_lut_shared,ordinary/padded/thread_packet/x8/fraction_lut_shared,16777216,0,1,16777216,33554432,8,512,256,3,0,52,4.8973760604858398,0.094180308855496914,3609998.25,1
2026-08-16T15:03:54Z,NVIDIA H200 NVL,screen,uniform_0_1,dot,lns,lns4_r1,4,2,1,fp32,ordinary,padded,thread_packet,8,8,1,1,8,none,fraction_lut_shared,ordinary/padded/thread_packet/x8/fraction_lut_shared,16777216,0,1,16777216,33554432,8,512,256,3,1,52,4.8944640159606934,0.094124307999244108,3609998.25,1
2026-08-16T15:03:54Z,NVIDIA H200 NVL,screen,uniform_0_1,dot,lns,lns4_r1,4,2,1,fp32,ordinary,padded,thread_packet,8,8,1,1,8,none,fraction_lut_shared,ordinary/padded/thread_packet/x8/fraction_lut_shared,16777216,0,1,16777216,33554432,8,512,256,3,2,52,4.8950080871582031,0.094134770906888515,3609998.25,1
2026-08-16T15:03:54Z,NVIDIA H200 NVL,screen,uniform_0_1,gemv,lns,lns4_r1,4,2,1,fp32,ordinary,padded,thread_packet,8,8,1,1,8,none,fraction_lut_shared,ordinary/padded/thread_packet/x8/fraction_lut_shared,16384,1024,1024,8396800,16793600,8,1024,256,3,0,59,4.9120321273803711,0.083254781820006285,3542.20947265625,1
2026-08-16T15:03:54Z,NVIDIA H200 NVL,screen,uniform_0_1,gemv,lns,lns4_r1,4,2,1,fp32,ordinary,padded,thread_packet,8,8,1,1,8,none,fraction_lut_shared,ordinary/padded/thread_packet/x8/fraction_lut_shared,16384,1024,1024,8396800,16793600,8,1024,256,3,1,59,4.9127359390258789,0.083266710830947097,3542.20947265625,1
2026-08-16T15:03:54Z,NVIDIA H200 NVL,screen,uniform_0_1,gemv,lns,lns4_r1,4,2,1,fp32,ordinary,padded,thread_packet,8,8,1,1,8,none,fraction_lut_shared,ordinary/padded/thread_packet/x8/fraction_lut_shared,16384,1024,1024,8396800,16793600,8,1024,256,3,2,59,4.9126720428466797,0.083265627844858983,3542.20947265625,1
2026-08-16T15:03:54Z,NVIDIA H200 NVL,screen,uniform_0_1,dot,lns,lns4_r1,4,2,1,fp32,ordinary,dense,cooperative_shuffle,8,32,1,8,1,warp_shuffle,fraction_lut_shared,ordinary/dense/cooperative_shuffle/x8/fraction_lut_shared,16777216,0,1,16777216,16777216,8,512,256,3,0,41,4.9859519004821777,0.1216085829385897,3609998.5,1
2026-08-16T15:03:54Z,NVIDIA H200 NVL,screen,uniform_0_1,dot,lns,lns4_r1,4,2,1,fp32,ordinary,dense,cooperative_shuffle,8,32,1,8,1,warp_shuffle,fraction_lut_shared,ordinary/dense/cooperative_shuffle/x8/fraction_lut_shared,16777216,0,1,16777216,16777216,8,512,256,3,1,41,4.9879999160766602,0.12165853453845513,3609998.5,1
2026-08-16T15:03:54Z,NVIDIA H200 NVL,screen,uniform_0_1,dot,lns,lns4_r1,4,2,1,fp32,ordinary,dense,cooperative_shuffle,8,32,1,8,1,warp_shuffle,fraction_lut_shared,ordinary/dense/cooperative_shuffle/x8/fraction_lut_shared,16777216,0,1,16777216,16777216,8,512,256,3,2,41,4.9891200065612793,0.12168585381856779,3609998.5,1
2026-08-16T15:03:54Z,NVIDIA H200 NVL,screen,uniform_0_1,gemv,lns,lns4_r1,4,2,1,fp32,ordinary,dense,cooperative_shuffle,8,32,1,8,1,warp_shuffle,fraction_lut_shared,ordinary/dense/cooperative_shuffle/x8/fraction_lut_shared,16384,1024,1024,8396800,8396800,8,1024,256,3,0,45,4.8737602233886719,0.10830578274197049,3542.20947265625,1
2026-08-16T15:03:54Z,NVIDIA H200 NVL,screen,uniform_0_1,gemv,lns,lns4_r1,4,2,1,fp32,ordinary,dense,cooperative_shuffle,8,32,1,8,1,warp_shuffle,fraction_lut_shared,ordinary/dense/cooperative_shuffle/x8/fraction_lut_shared,16384,1024,1024,8396800,8396800,8,1024,256,3,1,45,4.8657917976379395,0.10812870661417644,3542.20947265625,1
2026-08-16T15:03:54Z,NVIDIA H200 NVL,screen,uniform_0_1,gemv,lns,lns4_r1,4,2,1,fp32,ordinary,dense,cooperative_shuffle,8,32,1,8,1,warp_shuffle,fraction_lut_shared,ordinary/dense/cooperative_shuffle/x8/fraction_lut_shared,16384,1024,1024,8396800,8396800,8,1024,256,3,2,45,4.8664321899414062,0.10814293755425347,3542.20947265625,1
2026-08-16T15:03:54Z,NVIDIA H200 NVL,screen,uniform_0_1,dot,lns,lns4_r1,4,2,1,fp32,fused,dense,scalar,1,32,1,1,1,none,fraction_lut_shared,fused/dense/scalar/x1/fraction_lut_shared,16777216,0,1,16777216,16777216,8,512,256,3,0,47,4.8665599822998047,0.10354382941063414,3609998.5,1
2026-08-16T15:03:54Z,NVIDIA H200 NVL,screen,uniform_0_1,dot,lns,lns4_r1,4,2,1,fp32,fused,dense,scalar,1,32,1,1,1,none,fraction_lut_shared,fused/dense/scalar/x1/fraction_lut_shared,16777216,0,1,16777216,16777216,8,512,256,3,1,47,4.8660798072814941,0.10353361292088285,3609998.5,1
2026-08-16T15:03:54Z,NVIDIA H200 NVL,screen,uniform_0_1,dot,lns,lns4_r1,4,2,1,fp32,fused,dense,scalar,1,32,1,1,1,none,fraction_lut_shared,fused/dense/scalar/x1/fraction_lut_shared,16777216,0,1,16777216,16777216,8,512,256,3,2,47,4.8697600364685059,0.10361191566954268,3609998.5,1
2026-08-16T15:03:54Z,NVIDIA H200 NVL,screen,uniform_0_1,gemv,lns,lns4_r1,4,2,1,fp32,fused,dense,scalar,1,32,1,1,1,none,fraction_lut_shared,fused/dense/scalar/x1/fraction_lut_shared,16384,1024,1024,8396800,8396800,8,1024,256,3,0,49,4.9013118743896484,0.10002677294672752,3542.20947265625,1
2026-08-16T15:03:54Z,NVIDIA H200 NVL,screen,uniform_0_1,gemv,lns,lns4_r1,4,2,1,fp32,fused,dense,scalar,1,32,1,1,1,none,fraction_lut_shared,fused/dense/scalar/x1/fraction_lut_shared,16384,1024,1024,8396800,8396800,8,1024,256,3,1,49,4.9010558128356934,0.10002154720072844,3542.20947265625,1
2026-08-16T15:03:54Z,NVIDIA H200 NVL,screen,uniform_0_1,gemv,lns,lns4_r1,4,2,1,fp32,fused,dense,scalar,1,32,1,1,1,none,fraction_lut_shared,fused/dense/scalar/x1/fraction_lut_shared,16384,1024,1024,8396800,8396800,8,1024,256,3,2,49,4.9033598899841309,0.10006856918334961,3542.20947265625,1
2026-08-16T15:03:54Z,NVIDIA H200 NVL,screen,uniform_0_1,dot,lns,lns4_r1,4,2,1,fp32,fused,padded,scalar,1,8,1,1,1,none,fraction_lut_shared,fused/padded/scalar/x1/fraction_lut_shared,16777216,0,1,16777216,33554432,8,512,256,3,0,53,4.9504961967468262,0.093405588617864646,3609998.5,1
2026-08-16T15:03:54Z,NVIDIA H200 NVL,screen,uniform_0_1,dot,lns,lns4_r1,4,2,1,fp32,fused,padded,scalar,1,8,1,1,1,none,fraction_lut_shared,fused/padded/scalar/x1/fraction_lut_shared,16777216,0,1,16777216,33554432,8,512,256,3,1,53,4.9410881996154785,0.093228079238027894,3609998.5,1
2026-08-16T15:03:54Z,NVIDIA H200 NVL,screen,uniform_0_1,dot,lns,lns4_r1,4,2,1,fp32,fused,padded,scalar,1,8,1,1,1,none,fraction_lut_shared,fused/padded/scalar/x1/fraction_lut_shared,16777216,0,1,16777216,33554432,8,512,256,3,2,53,4.9425601959228516,0.093255852753261356,3609998.5,1
2026-08-16T15:03:54Z,NVIDIA H200 NVL,screen,uniform_0_1,gemv,lns,lns4_r1,4,2,1,fp32,fused,padded,scalar,1,8,1,1,1,none,fraction_lut_shared,fused/padded/scalar/x1/fraction_lut_shared,16384,1024,1024,8396800,16793600,8,1024,256,3,0,59,4.8875198364257812,0.082839319261453923,3542.20947265625,1
2026-08-16T15:03:54Z,NVIDIA H200 NVL,screen,uniform_0_1,gemv,lns,lns4_r1,4,2,1,fp32,fused,padded,scalar,1,8,1,1,1,none,fraction_lut_shared,fused/padded/scalar/x1/fraction_lut_shared,16384,1024,1024,8396800,16793600,8,1024,256,3,1,59,4.8880958557128906,0.08284908230021848,3542.20947265625,1
2026-08-16T15:03:54Z,NVIDIA H200 NVL,screen,uniform_0_1,gemv,lns,lns4_r1,4,2,1,fp32,fused,padded,scalar,1,8,1,1,1,none,fraction_lut_shared,fused/padded/scalar/x1/fraction_lut_shared,16384,1024,1024,8396800,16793600,8,1024,256,3,2,59,4.8872318267822266,0.082834437742071637,3542.20947265625,1
2026-08-16T15:03:54Z,NVIDIA H200 NVL,screen,uniform_0_1,dot,lns,lns4_r1,4,2,1,fp32,fused,dense,thread_packet,2,32,1,1,2,none,fraction_lut_shared,fused/dense/thread_packet/x2/fraction_lut_shared,16777216,0,1,16777216,16777216,8,512,256,3,0,49,4.9742717742919922,0.10151575049575494,3609998.25,1
2026-08-16T15:03:54Z,NVIDIA H200 NVL,screen,uniform_0_1,dot,lns,lns4_r1,4,2,1,fp32,fused,dense,thread_packet,2,32,1,1,2,none,fraction_lut_shared,fused/dense/thread_packet/x2/fraction_lut_shared,16777216,0,1,16777216,16777216,8,512,256,3,1,49,4.974815845489502,0.10152685398958167,3609998.25,1
2026-08-16T15:03:54Z,NVIDIA H200 NVL,screen,uniform_0_1,dot,lns,lns4_r1,4,2,1,fp32,fused,dense,thread_packet,2,32,1,1,2,none,fraction_lut_shared,fused/dense/thread_packet/x2/fraction_lut_shared,16777216,0,1,16777216,16777216,8,512,256,3,2,49,4.9726719856262207,0.10148310174747389,3609998.25,1
2026-08-16T15:03:54Z,NVIDIA H200 NVL,screen,uniform_0_1,gemv,lns,lns4_r1,4,2,1,fp32,fused,dense,thread_packet,2,32,1,1,2,none,fraction_lut_shared,fused/dense/thread_packet/x2/fraction_lut_shared,16384,1024,1024,8396800,8396800,8,1024,256,3,0,50,4.9037117958068848,0.098074235916137689,3542.20947265625,1
2026-08-16T15:03:54Z,NVIDIA H200 NVL,screen,uniform_0_1,gemv,lns,lns4_r1,4,2,1,fp32,fused,dense,thread_packet,2,32,1,1,2,none,fraction_lut_shared,fused/dense/thread_packet/x2/fraction_lut_shared,16384,1024,1024,8396800,8396800,8,1024,256,3,1,50,4.9030718803405762,0.098061437606811519,3542.20947265625,1
2026-08-16T15:03:54Z,NVIDIA H200 NVL,screen,uniform_0_1,gemv,lns,lns4_r1,4,2,1,fp32,fused,dense,thread_packet,2,32,1,1,2,none,fraction_lut_shared,fused/dense/thread_packet/x2/fraction_lut_shared,16384,1024,1024,8396800,8396800,8,1024,256,3,2,50,4.9009599685668945,0.098019199371337892,3542.20947265625,1
2026-08-16T15:03:54Z,NVIDIA H200 NVL,screen,uniform_0_1,dot,lns,lns4_r1,4,2,1,fp32,fused,dense,thread_packet,4,32,1,1,4,none,fraction_lut_shared,fused/dense/thread_packet/x4/fraction_lut_shared,16777216,0,1,16777216,16777216,8,512,256,3,0,50,4.972832202911377,0.099456644058227545,3609998.25,1
2026-08-16T15:03:54Z,NVIDIA H200 NVL,screen,uniform_0_1,dot,lns,lns4_r1,4,2,1,fp32,fused,dense,thread_packet,4,32,1,1,4,none,fraction_lut_shared,fused/dense/thread_packet/x4/fraction_lut_shared,16777216,0,1,16777216,16777216,8,512,256,3,1,50,4.9554557800292969,0.09910911560058594,3609998.25,1
2026-08-16T15:03:54Z,NVIDIA H200 NVL,screen,uniform_0_1,dot,lns,lns4_r1,4,2,1,fp32,fused,dense,thread_packet,4,32,1,1,4,none,fraction_lut_shared,fused/dense/thread_packet/x4/fraction_lut_shared,16777216,0,1,16777216,16777216,8,512,256,3,2,50,4.957024097442627,0.099140481948852541,3609998.25,1
2026-08-16T15:03:54Z,NVIDIA H200 NVL,screen,uniform_0_1,gemv,lns,lns4_r1,4,2,1,fp32,fused,dense,thread_packet,4,32,1,1,4,none,fraction_lut_shared,fused/dense/thread_packet/x4/fraction_lut_shared,16384,1024,1024,8396800,8396800,8,1024,256,3,0,50,4.909599781036377,0.098191995620727543,3542.20947265625,1
2026-08-16T15:03:54Z,NVIDIA H200 NVL,screen,uniform_0_1,gemv,lns,lns4_r1,4,2,1,fp32,fused,dense,thread_packet,4,32,1,1,4,none,fraction_lut_shared,fused/dense/thread_packet/x4/fraction_lut_shared,16384,1024,1024,8396800,8396800,8,1024,256,3,1,50,4.910463809967041,0.09820927619934082,3542.20947265625,1
2026-08-16T15:03:54Z,NVIDIA H200 NVL,screen,uniform_0_1,gemv,lns,lns4_r1,4,2,1,fp32,fused,dense,thread_packet,4,32,1,1,4,none,fraction_lut_shared,fused/dense/thread_packet/x4/fraction_lut_shared,16384,1024,1024,8396800,8396800,8,1024,256,3,2,50,4.9108481407165527,0.098216962814331052,3542.20947265625,1
2026-08-16T15:03:54Z,NVIDIA H200 NVL,screen,uniform_0_1,dot,lns,lns4_r1,4,2,1,fp32,fused,dense,thread_packet,8,32,1,1,8,none,fraction_lut_shared,fused/dense/thread_packet/x8/fraction_lut_shared,16777216,0,1,16777216,16777216,8,512,256,3,0,58,4.9370241165161133,0.08512110545717437,3609998.5,1
2026-08-16T15:03:54Z,NVIDIA H200 NVL,screen,uniform_0_1,dot,lns,lns4_r1,4,2,1,fp32,fused,dense,thread_packet,8,32,1,1,8,none,fraction_lut_shared,fused/dense/thread_packet/x8/fraction_lut_shared,16777216,0,1,16777216,16777216,8,512,256,3,1,58,4.9378237724304199,0.085134892628110692,3609998.5,1
2026-08-16T15:03:54Z,NVIDIA H200 NVL,screen,uniform_0_1,dot,lns,lns4_r1,4,2,1,fp32,fused,dense,thread_packet,8,32,1,1,8,none,fraction_lut_shared,fused/dense/thread_packet/x8/fraction_lut_shared,16777216,0,1,16777216,16777216,8,512,256,3,2,58,4.9399361610412598,0.085171313121401027,3609998.5,1
2026-08-16T15:03:54Z,NVIDIA H200 NVL,screen,uniform_0_1,gemv,lns,lns4_r1,4,2,1,fp32,fused,dense,thread_packet,8,32,1,1,8,none,fraction_lut_shared,fused/dense/thread_packet/x8/fraction_lut_shared,16384,1024,1024,8396800,8396800,8,1024,256,3,0,53,4.8954558372497559,0.092367091268863319,3542.20947265625,1
2026-08-16T15:03:54Z,NVIDIA H200 NVL,screen,uniform_0_1,gemv,lns,lns4_r1,4,2,1,fp32,fused,dense,thread_packet,8,32,1,1,8,none,fraction_lut_shared,fused/dense/thread_packet/x8/fraction_lut_shared,16384,1024,1024,8396800,8396800,8,1024,256,3,1,53,4.8830080032348633,0.092132226476129495,3542.20947265625,1
2026-08-16T15:03:54Z,NVIDIA H200 NVL,screen,uniform_0_1,gemv,lns,lns4_r1,4,2,1,fp32,fused,dense,thread_packet,8,32,1,1,8,none,fraction_lut_shared,fused/dense/thread_packet/x8/fraction_lut_shared,16384,1024,1024,8396800,8396800,8,1024,256,3,2,53,4.8829121589660645,0.092130418093699332,3542.20947265625,1
2026-08-16T15:03:54Z,NVIDIA H200 NVL,screen,uniform_0_1,dot,lns,lns4_r1,4,2,1,fp32,fused,padded,thread_packet,2,8,1,1,2,none,fraction_lut_shared,fused/padded/thread_packet/x2/fraction_lut_shared,16777216,0,1,16777216,33554432,8,512,256,3,0,54,4.9369921684265137,0.091425780896787295,3609998.25,1
2026-08-16T15:03:54Z,NVIDIA H200 NVL,screen,uniform_0_1,dot,lns,lns4_r1,4,2,1,fp32,fused,padded,thread_packet,2,8,1,1,2,none,fraction_lut_shared,fused/padded/thread_packet/x2/fraction_lut_shared,16777216,0,1,16777216,33554432,8,512,256,3,1,54,4.9377598762512207,0.091439997708355938,3609998.25,1
2026-08-16T15:03:54Z,NVIDIA H200 NVL,screen,uniform_0_1,dot,lns,lns4_r1,4,2,1,fp32,fused,padded,thread_packet,2,8,1,1,2,none,fraction_lut_shared,fused/padded/thread_packet/x2/fraction_lut_shared,16777216,0,1,16777216,33554432,8,512,256,3,2,54,4.936255931854248,0.091412146886189774,3609998.25,1
2026-08-16T15:03:54Z,NVIDIA H200 NVL,screen,uniform_0_1,gemv,lns,lns4_r1,4,2,1,fp32,fused,padded,thread_packet,2,8,1,1,2,none,fraction_lut_shared,fused/padded/thread_packet/x2/fraction_lut_shared,16384,1024,1024,8396800,16793600,8,1024,256,3,0,60,4.945216178894043,0.082420269648234054,3542.20947265625,1
2026-08-16T15:03:54Z,NVIDIA H200 NVL,screen,uniform_0_1,gemv,lns,lns4_r1,4,2,1,fp32,fused,padded,thread_packet,2,8,1,1,2,none,fraction_lut_shared,fused/padded/thread_packet/x2/fraction_lut_shared,16384,1024,1024,8396800,16793600,8,1024,256,3,1,60,4.9475197792053223,0.082458662986755374,3542.20947265625,1
2026-08-16T15:03:54Z,NVIDIA H200 NVL,screen,uniform_0_1,gemv,lns,lns4_r1,4,2,1,fp32,fused,padded,thread_packet,2,8,1,1,2,none,fraction_lut_shared,fused/padded/thread_packet/x2/fraction_lut_shared,16384,1024,1024,8396800,16793600,8,1024,256,3,2,60,4.9451518058776855,0.082419196764628097,3542.20947265625,1
2026-08-16T15:03:54Z,NVIDIA H200 NVL,screen,uniform_0_1,dot,lns,lns4_r1,4,2,1,fp32,fused,padded,thread_packet,4,8,1,1,4,none,fraction_lut_shared,fused/padded/thread_packet/x4/fraction_lut_shared,16777216,0,1,16777216,33554432,8,512,256,3,0,56,4.916384220123291,0.087792575359344482,3609998.25,1
2026-08-16T15:03:54Z,NVIDIA H200 NVL,screen,uniform_0_1,dot,lns,lns4_r1,4,2,1,fp32,fused,padded,thread_packet,4,8,1,1,4,none,fraction_lut_shared,fused/padded/thread_packet/x4/fraction_lut_shared,16777216,0,1,16777216,33554432,8,512,256,3,1,56,4.917151927947998,0.087806284427642822,3609998.25,1
2026-08-16T15:03:54Z,NVIDIA H200 NVL,screen,uniform_0_1,dot,lns,lns4_r1,4,2,1,fp32,fused,padded,thread_packet,4,8,1,1,4,none,fraction_lut_shared,fused/padded/thread_packet/x4/fraction_lut_shared,16777216,0,1,16777216,33554432,8,512,256,3,2,56,4.9147520065307617,0.087763428688049316,3609998.25,1
2026-08-16T15:03:54Z,NVIDIA H200 NVL,screen,uniform_0_1,gemv,lns,lns4_r1,4,2,1,fp32,fused,padded,thread_packet,4,8,1,1,4,none,fraction_lut_shared,fused/padded/thread_packet/x4/fraction_lut_shared,16384,1024,1024,8396800,16793600,8,1024,256,3,0,62,4.9116158485412598,0.079219610460342899,3542.20947265625,1
2026-08-16T15:03:54Z,NVIDIA H200 NVL,screen,uniform_0_1,gemv,lns,lns4_r1,4,2,1,fp32,fused,padded,thread_packet,4,8,1,1,4,none,fraction_lut_shared,fused/padded/thread_packet/x4/fraction_lut_shared,16384,1024,1024,8396800,16793600,8,1024,256,3,1,62,4.9132480621337891,0.079245936486028859,3542.20947265625,1
2026-08-16T15:03:54Z,NVIDIA H200 NVL,screen,uniform_0_1,gemv,lns,lns4_r1,4,2,1,fp32,fused,padded,thread_packet,4,8,1,1,4,none,fraction_lut_shared,fused/padded/thread_packet/x4/fraction_lut_shared,16384,1024,1024,8396800,16793600,8,1024,256,3,2,62,4.9155840873718262,0.079283614312448805,3542.20947265625,1
2026-08-16T15:03:54Z,NVIDIA H200 NVL,screen,uniform_0_1,dot,lns,lns4_r1,4,2,1,fp32,fused,padded,thread_packet,8,8,1,1,8,none,fraction_lut_shared,fused/padded/thread_packet/x8/fraction_lut_shared,16777216,0,1,16777216,33554432,8,512,256,3,0,56,4.9079999923706055,0.087642857006617961,3609998.5,1
2026-08-16T15:03:54Z,NVIDIA H200 NVL,screen,uniform_0_1,dot,lns,lns4_r1,4,2,1,fp32,fused,padded,thread_packet,8,8,1,1,8,none,fraction_lut_shared,fused/padded/thread_packet/x8/fraction_lut_shared,16777216,0,1,16777216,33554432,8,512,256,3,1,56,4.9033279418945312,0.087559427533830919,3609998.5,1
2026-08-16T15:03:54Z,NVIDIA H200 NVL,screen,uniform_0_1,dot,lns,lns4_r1,4,2,1,fp32,fused,padded,thread_packet,8,8,1,1,8,none,fraction_lut_shared,fused/padded/thread_packet/x8/fraction_lut_shared,16777216,0,1,16777216,33554432,8,512,256,3,2,56,4.8969597816467285,0.08744571038654872,3609998.5,1
2026-08-16T15:03:54Z,NVIDIA H200 NVL,screen,uniform_0_1,gemv,lns,lns4_r1,4,2,1,fp32,fused,padded,thread_packet,8,8,1,1,8,none,fraction_lut_shared,fused/padded/thread_packet/x8/fraction_lut_shared,16384,1024,1024,8396800,16793600,8,1024,256,3,0,62,4.9073920249938965,0.079151484274095102,3542.20947265625,1
2026-08-16T15:03:54Z,NVIDIA H200 NVL,screen,uniform_0_1,gemv,lns,lns4_r1,4,2,1,fp32,fused,padded,thread_packet,8,8,1,1,8,none,fraction_lut_shared,fused/padded/thread_packet/x8/fraction_lut_shared,16384,1024,1024,8396800,16793600,8,1024,256,3,1,62,4.9074239730834961,0.079151999565862843,3542.20947265625,1
2026-08-16T15:03:54Z,NVIDIA H200 NVL,screen,uniform_0_1,gemv,lns,lns4_r1,4,2,1,fp32,fused,padded,thread_packet,8,8,1,1,8,none,fraction_lut_shared,fused/padded/thread_packet/x8/fraction_lut_shared,16384,1024,1024,8396800,16793600,8,1024,256,3,2,62,4.9076800346374512,0.079156129590926633,3542.20947265625,1
2026-08-16T15:03:54Z,NVIDIA H200 NVL,screen,uniform_0_1,dot,lns,lns4_r1,4,2,1,fp32,fused,dense,cooperative_shuffle,8,32,1,8,1,warp_shuffle,fraction_lut_shared,fused/dense/cooperative_shuffle/x8/fraction_lut_shared,16777216,0,1,16777216,16777216,8,512,256,3,0,43,4.990880012512207,0.11606697703516761,3609998.5,1
2026-08-16T15:03:54Z,NVIDIA H200 NVL,screen,uniform_0_1,dot,lns,lns4_r1,4,2,1,fp32,fused,dense,cooperative_shuffle,8,32,1,8,1,warp_shuffle,fraction_lut_shared,fused/dense/cooperative_shuffle/x8/fraction_lut_shared,16777216,0,1,16777216,16777216,8,512,256,3,1,43,4.9883518218994141,0.11600818190463753,3609998.5,1
2026-08-16T15:03:54Z,NVIDIA H200 NVL,screen,uniform_0_1,dot,lns,lns4_r1,4,2,1,fp32,fused,dense,cooperative_shuffle,8,32,1,8,1,warp_shuffle,fraction_lut_shared,fused/dense/cooperative_shuffle/x8/fraction_lut_shared,16777216,0,1,16777216,16777216,8,512,256,3,2,43,4.9949760437011719,0.11616223357444586,3609998.5,1
2026-08-16T15:03:54Z,NVIDIA H200 NVL,screen,uniform_0_1,gemv,lns,lns4_r1,4,2,1,fp32,fused,dense,cooperative_shuffle,8,32,1,8,1,warp_shuffle,fraction_lut_shared,fused/dense/cooperative_shuffle/x8/fraction_lut_shared,16384,1024,1024,8396800,8396800,8,1024,256,3,0,48,4.914463996887207,0.10238466660181682,3542.20947265625,1
2026-08-16T15:03:54Z,NVIDIA H200 NVL,screen,uniform_0_1,gemv,lns,lns4_r1,4,2,1,fp32,fused,dense,cooperative_shuffle,8,32,1,8,1,warp_shuffle,fraction_lut_shared,fused/dense/cooperative_shuffle/x8/fraction_lut_shared,16384,1024,1024,8396800,8396800,8,1024,256,3,1,48,4.9132161140441895,0.10235866904258728,3542.20947265625,1
2026-08-16T15:03:54Z,NVIDIA H200 NVL,screen,uniform_0_1,gemv,lns,lns4_r1,4,2,1,fp32,fused,dense,cooperative_shuffle,8,32,1,8,1,warp_shuffle,fraction_lut_shared,fused/dense/cooperative_shuffle/x8/fraction_lut_shared,16384,1024,1024,8396800,8396800,8,1024,256,3,2,48,4.9162559509277344,0.10242199897766113,3542.20947265625,1
2026-08-16T15:03:54Z,NVIDIA H200 NVL,screen,uniform_0_1,dot,lns,lns4_r1,4,2,1,fp32,ordinary,dense,scalar,1,32,1,1,1,none,fraction_lut_warp,ordinary/dense/scalar/x1/fraction_lut_warp,16777216,0,1,16777216,16777216,8,512,256,3,0,35,4.9467840194702148,0.14133668627057758,3609998.5,1
2026-08-16T15:03:54Z,NVIDIA H200 NVL,screen,uniform_0_1,dot,lns,lns4_r1,4,2,1,fp32,ordinary,dense,scalar,1,32,1,1,1,none,fraction_lut_warp,ordinary/dense/scalar/x1/fraction_lut_warp,16777216,0,1,16777216,16777216,8,512,256,3,1,35,4.9553918838500977,0.14158262525285994,3609998.5,1
2026-08-16T15:03:54Z,NVIDIA H200 NVL,screen,uniform_0_1,dot,lns,lns4_r1,4,2,1,fp32,ordinary,dense,scalar,1,32,1,1,1,none,fraction_lut_warp,ordinary/dense/scalar/x1/fraction_lut_warp,16777216,0,1,16777216,16777216,8,512,256,3,2,35,4.9572157859802246,0.14163473674229213,3609998.5,1
2026-08-16T15:03:54Z,NVIDIA H200 NVL,screen,uniform_0_1,gemv,lns,lns4_r1,4,2,1,fp32,ordinary,dense,scalar,1,32,1,1,1,none,fraction_lut_warp,ordinary/dense/scalar/x1/fraction_lut_warp,16384,1024,1024,8396800,8396800,8,1024,256,3,0,37,4.9772481918334961,0.1345202214009053,3542.20947265625,1
2026-08-16T15:03:54Z,NVIDIA H200 NVL,screen,uniform_0_1,gemv,lns,lns4_r1,4,2,1,fp32,ordinary,dense,scalar,1,32,1,1,1,none,fraction_lut_warp,ordinary/dense/scalar/x1/fraction_lut_warp,16384,1024,1024,8396800,8396800,8,1024,256,3,1,37,4.986976146697998,0.13478313909994588,3542.20947265625,1
2026-08-16T15:03:54Z,NVIDIA H200 NVL,screen,uniform_0_1,gemv,lns,lns4_r1,4,2,1,fp32,ordinary,dense,scalar,1,32,1,1,1,none,fraction_lut_warp,ordinary/dense/scalar/x1/fraction_lut_warp,16384,1024,1024,8396800,8396800,8,1024,256,3,2,37,4.9803838729858398,0.13460496954015783,3542.20947265625,1
2026-08-16T15:03:54Z,NVIDIA H200 NVL,screen,uniform_0_1,dot,lns,lns4_r1,4,2,1,fp32,ordinary,padded,scalar,1,8,1,1,1,none,fraction_lut_warp,ordinary/padded/scalar/x1/fraction_lut_warp,16777216,0,1,16777216,33554432,8,512,256,3,0,37,4.9130558967590332,0.13278529450700088,3609998.5,1
2026-08-16T15:03:54Z,NVIDIA H200 NVL,screen,uniform_0_1,dot,lns,lns4_r1,4,2,1,fp32,ordinary,padded,scalar,1,8,1,1,1,none,fraction_lut_warp,ordinary/padded/scalar/x1/fraction_lut_warp,16777216,0,1,16777216,33554432,8,512,256,3,1,37,4.9159679412841797,0.13286399841308594,3609998.5,1
2026-08-16T15:03:54Z,NVIDIA H200 NVL,screen,uniform_0_1,dot,lns,lns4_r1,4,2,1,fp32,ordinary,padded,scalar,1,8,1,1,1,none,fraction_lut_warp,ordinary/padded/scalar/x1/fraction_lut_warp,16777216,0,1,16777216,33554432,8,512,256,3,2,37,4.9356160163879395,0.13339502746994431,3609998.5,1
2026-08-16T15:03:54Z,NVIDIA H200 NVL,screen,uniform_0_1,gemv,lns,lns4_r1,4,2,1,fp32,ordinary,padded,scalar,1,8,1,1,1,none,fraction_lut_warp,ordinary/padded/scalar/x1/fraction_lut_warp,16384,1024,1024,8396800,16793600,8,1024,256,3,0,41,4.9656639099121094,0.12111375390029536,3542.20947265625,1
2026-08-16T15:03:54Z,NVIDIA H200 NVL,screen,uniform_0_1,gemv,lns,lns4_r1,4,2,1,fp32,ordinary,padded,scalar,1,8,1,1,1,none,fraction_lut_warp,ordinary/padded/scalar/x1/fraction_lut_warp,16384,1024,1024,8396800,16793600,8,1024,256,3,1,41,4.9663681983947754,0.12113093166816526,3542.20947265625,1
2026-08-16T15:03:54Z,NVIDIA H200 NVL,screen,uniform_0_1,gemv,lns,lns4_r1,4,2,1,fp32,ordinary,padded,scalar,1,8,1,1,1,none,fraction_lut_warp,ordinary/padded/scalar/x1/fraction_lut_warp,16384,1024,1024,8396800,16793600,8,1024,256,3,2,41,4.9679999351501465,0.12117073012561333,3542.20947265625,1
2026-08-16T15:03:54Z,NVIDIA H200 NVL,screen,uniform_0_1,dot,lns,lns4_r1,4,2,1,fp32,ordinary,dense,thread_packet,2,32,1,1,2,none,fraction_lut_warp,ordinary/dense/thread_packet/x2/fraction_lut_warp,16777216,0,1,16777216,16777216,8,512,256,3,0,36,4.9908161163330078,0.13863378100925022,3609998.25,1
2026-08-16T15:03:54Z,NVIDIA H200 NVL,screen,uniform_0_1,dot,lns,lns4_r1,4,2,1,fp32,ordinary,dense,thread_packet,2,32,1,1,2,none,fraction_lut_warp,ordinary/dense/thread_packet/x2/fraction_lut_warp,16777216,0,1,16777216,16777216,8,512,256,3,1,36,4.9911999702453613,0.13864444361792672,3609998.25,1
2026-08-16T15:03:54Z,NVIDIA H200 NVL,screen,uniform_0_1,dot,lns,lns4_r1,4,2,1,fp32,ordinary,dense,thread_packet,2,32,1,1,2,none,fraction_lut_warp,ordinary/dense/thread_packet/x2/fraction_lut_warp,16777216,0,1,16777216,16777216,8,512,256,3,2,36,5.0000319480895996,0.13888977633582222,3609998.25,1
2026-08-16T15:03:54Z,NVIDIA H200 NVL,screen,uniform_0_1,gemv,lns,lns4_r1,4,2,1,fp32,ordinary,dense,thread_packet,2,32,1,1,2,none,fraction_lut_warp,ordinary/dense/thread_packet/x2/fraction_lut_warp,16384,1024,1024,8396800,8396800,8,1024,256,3,0,38,5.0214400291442871,0.13214315866169177,3542.20947265625,1
2026-08-16T15:03:54Z,NVIDIA H200 NVL,screen,uniform_0_1,gemv,lns,lns4_r1,4,2,1,fp32,ordinary,dense,thread_packet,2,32,1,1,2,none,fraction_lut_warp,ordinary/dense/thread_packet/x2/fraction_lut_warp,16384,1024,1024,8396800,8396800,8,1024,256,3,1,38,5.023007869720459,0.13218441762422262,3542.20947265625,1
2026-08-16T15:03:54Z,NVIDIA H200 NVL,screen,uniform_0_1,gemv,lns,lns4_r1,4,2,1,fp32,ordinary,dense,thread_packet,2,32,1,1,2,none,fraction_lut_warp,ordinary/dense/thread_packet/x2/fraction_lut_warp,16384,1024,1024,8396800,8396800,8,1024,256,3,2,38,5.0262398719787598,0.13226947031523051,3542.20947265625,1
2026-08-16T15:03:54Z,NVIDIA H200 NVL,screen,uniform_0_1,dot,lns,lns4_r1,4,2,1,fp32,ordinary,dense,thread_packet,4,32,1,1,4,none,fraction_lut_warp,ordinary/dense/thread_packet/x4/fraction_lut_warp,16777216,0,1,16777216,16777216,8,512,256,3,0,36,4.9219841957092285,0.13672178321414524,3609998.25,1
2026-08-16T15:03:54Z,NVIDIA H200 NVL,screen,uniform_0_1,dot,lns,lns4_r1,4,2,1,fp32,ordinary,dense,thread_packet,4,32,1,1,4,none,fraction_lut_warp,ordinary/dense/thread_packet/x4/fraction_lut_warp,16777216,0,1,16777216,16777216,8,512,256,3,1,36,4.9169921875,0.13658311631944445,3609998.25,1
2026-08-16T15:03:54Z,NVIDIA H200 NVL,screen,uniform_0_1,dot,lns,lns4_r1,4,2,1,fp32,ordinary,dense,thread_packet,4,32,1,1,4,none,fraction_lut_warp,ordinary/dense/thread_packet/x4/fraction_lut_warp,16777216,0,1,16777216,16777216,8,512,256,3,2,36,4.929567813873291,0.13693243927425808,3609998.25,1
2026-08-16T15:03:54Z,NVIDIA H200 NVL,screen,uniform_0_1,gemv,lns,lns4_r1,4,2,1,fp32,ordinary,dense,thread_packet,4,32,1,1,4,none,fraction_lut_warp,ordinary/dense/thread_packet/x4/fraction_lut_warp,16384,1024,1024,8396800,8396800,8,1024,256,3,0,38,4.9829440116882324,0.13113010557074295,3542.20947265625,1
2026-08-16T15:03:54Z,NVIDIA H200 NVL,screen,uniform_0_1,gemv,lns,lns4_r1,4,2,1,fp32,ordinary,dense,thread_packet,4,32,1,1,4,none,fraction_lut_warp,ordinary/dense/thread_packet/x4/fraction_lut_warp,16384,1024,1024,8396800,8396800,8,1024,256,3,1,38,4.9809598922729492,0.13107789190191971,3542.20947265625,1
2026-08-16T15:03:54Z,NVIDIA H200 NVL,screen,uniform_0_1,gemv,lns,lns4_r1,4,2,1,fp32,ordinary,dense,thread_packet,4,32,1,1,4,none,fraction_lut_warp,ordinary/dense/thread_packet/x4/fraction_lut_warp,16384,1024,1024,8396800,8396800,8,1024,256,3,2,38,4.9820480346679688,0.13110652722810445,3542.20947265625,1
2026-08-16T15:03:54Z,NVIDIA H200 NVL,screen,uniform_0_1,dot,lns,lns4_r1,4,2,1,fp32,ordinary,dense,thread_packet,8,32,1,1,8,none,fraction_lut_warp,ordinary/dense/thread_packet/x8/fraction_lut_warp,16777216,0,1,16777216,16777216,8,512,256,3,0,39,4.9481601715087891,0.12687590183355871,3609998.25,1
2026-08-16T15:03:54Z,NVIDIA H200 NVL,screen,uniform_0_1,dot,lns,lns4_r1,4,2,1,fp32,ordinary,dense,thread_packet,8,32,1,1,8,none,fraction_lut_warp,ordinary/dense/thread_packet/x8/fraction_lut_warp,16777216,0,1,16777216,16777216,8,512,256,3,1,39,4.9496321678161621,0.12691364532861954,3609998.25,1
2026-08-16T15:03:54Z,NVIDIA H200 NVL,screen,uniform_0_1,dot,lns,lns4_r1,4,2,1,fp32,ordinary,dense,thread_packet,8,32,1,1,8,none,fraction_lut_warp,ordinary/dense/thread_packet/x8/fraction_lut_warp,16777216,0,1,16777216,16777216,8,512,256,3,2,39,4.9509439468383789,0.12694728068816355,3609998.25,1
2026-08-16T15:03:54Z,NVIDIA H200 NVL,screen,uniform_0_1,gemv,lns,lns4_r1,4,2,1,fp32,ordinary,dense,thread_packet,8,32,1,1,8,none,fraction_lut_warp,ordinary/dense/thread_packet/x8/fraction_lut_warp,16384,1024,1024,8396800,8396800,8,1024,256,3,0,39,5.0314240455627441,0.12901087296314728,3542.20947265625,1
2026-08-16T15:03:54Z,NVIDIA H200 NVL,screen,uniform_0_1,gemv,lns,lns4_r1,4,2,1,fp32,ordinary,dense,thread_packet,8,32,1,1,8,none,fraction_lut_warp,ordinary/dense/thread_packet/x8/fraction_lut_warp,16384,1024,1024,8396800,8396800,8,1024,256,3,1,39,5.0300478935241699,0.12897558701344025,3542.20947265625,1
2026-08-16T15:03:54Z,NVIDIA H200 NVL,screen,uniform_0_1,gemv,lns,lns4_r1,4,2,1,fp32,ordinary,dense,thread_packet,8,32,1,1,8,none,fraction_lut_warp,ordinary/dense/thread_packet/x8/fraction_lut_warp,16384,1024,1024,8396800,8396800,8,1024,256,3,2,39,5.0313601493835449,0.12900923459957808,3542.20947265625,1
2026-08-16T15:03:54Z,NVIDIA H200 NVL,screen,uniform_0_1,dot,lns,lns4_r1,4,2,1,fp32,ordinary,padded,thread_packet,2,8,1,1,2,none,fraction_lut_warp,ordinary/padded/thread_packet/x2/fraction_lut_warp,16777216,0,1,16777216,33554432,8,512,256,3,0,38,4.9693121910095215,0.13077137344761899,3609998.25,1
2026-08-16T15:03:54Z,NVIDIA H200 NVL,screen,uniform_0_1,dot,lns,lns4_r1,4,2,1,fp32,ordinary,padded,thread_packet,2,8,1,1,2,none,fraction_lut_warp,ordinary/padded/thread_packet/x2/fraction_lut_warp,16777216,0,1,16777216,33554432,8,512,256,3,1,38,4.9683198928833008,0.13074526033903422,3609998.25,1
2026-08-16T15:03:54Z,NVIDIA H200 NVL,screen,uniform_0_1,dot,lns,lns4_r1,4,2,1,fp32,ordinary,padded,thread_packet,2,8,1,1,2,none,fraction_lut_warp,ordinary/padded/thread_packet/x2/fraction_lut_warp,16777216,0,1,16777216,33554432,8,512,256,3,2,38,4.9701762199401855,0.13079411105105751,3609998.25,1
2026-08-16T15:03:54Z,NVIDIA H200 NVL,screen,uniform_0_1,gemv,lns,lns4_r1,4,2,1,fp32,ordinary,padded,thread_packet,2,8,1,1,2,none,fraction_lut_warp,ordinary/padded/thread_packet/x2/fraction_lut_warp,16384,1024,1024,8396800,16793600,8,1024,256,3,0,42,4.9508800506591797,0.11787809644426618,3542.20947265625,1
2026-08-16T15:03:54Z,NVIDIA H200 NVL,screen,uniform_0_1,gemv,lns,lns4_r1,4,2,1,fp32,ordinary,padded,thread_packet,2,8,1,1,2,none,fraction_lut_warp,ordinary/padded/thread_packet/x2/fraction_lut_warp,16384,1024,1024,8396800,16793600,8,1024,256,3,1,42,4.9504637718200684,0.11786818504333496,3542.20947265625,1
2026-08-16T15:03:54Z,NVIDIA H200 NVL,screen,uniform_0_1,gemv,lns,lns4_r1,4,2,1,fp32,ordinary,padded,thread_packet,2,8,1,1,2,none,fraction_lut_warp,ordinary/padded/thread_packet/x2/fraction_lut_warp,16384,1024,1024,8396800,16793600,8,1024,256,3,2,42,4.9504961967468262,0.11786895706540063,3542.20947265625,1
2026-08-16T15:03:54Z,NVIDIA H200 NVL,screen,uniform_0_1,dot,lns,lns4_r1,4,2,1,fp32,ordinary,padded,thread_packet,4,8,1,1,4,none,fraction_lut_warp,ordinary/padded/thread_packet/x4/fraction_lut_warp,16777216,0,1,16777216,33554432,8,512,256,3,0,39,4.9740800857543945,0.12754051501934344,3609998.25,1
2026-08-16T15:03:54Z,NVIDIA H200 NVL,screen,uniform_0_1,dot,lns,lns4_r1,4,2,1,fp32,ordinary,padded,thread_packet,4,8,1,1,4,none,fraction_lut_warp,ordinary/padded/thread_packet/x4/fraction_lut_warp,16777216,0,1,16777216,33554432,8,512,256,3,1,39,4.9818239212036133,0.12773907490265676,3609998.25,1
2026-08-16T15:03:54Z,NVIDIA H200 NVL,screen,uniform_0_1,dot,lns,lns4_r1,4,2,1,fp32,ordinary,padded,thread_packet,4,8,1,1,4,none,fraction_lut_warp,ordinary/padded/thread_packet/x4/fraction_lut_warp,16777216,0,1,16777216,33554432,8,512,256,3,2,39,4.9787521362304688,0.12766031118539664,3609998.25,1
2026-08-16T15:03:54Z,NVIDIA H200 NVL,screen,uniform_0_1,gemv,lns,lns4_r1,4,2,1,fp32,ordinary,padded,thread_packet,4,8,1,1,4,none,fraction_lut_warp,ordinary/padded/thread_packet/x4/fraction_lut_warp,16384,1024,1024,8396800,16793600,8,1024,256,3,0,43,4.9527039527893066,0.11517916169277458,3542.20947265625,1
2026-08-16T15:03:54Z,NVIDIA H200 NVL,screen,uniform_0_1,gemv,lns,lns4_r1,4,2,1,fp32,ordinary,padded,thread_packet,4,8,1,1,4,none,fraction_lut_warp,ordinary/padded/thread_packet/x4/fraction_lut_warp,16384,1024,1024,8396800,16793600,8,1024,256,3,1,43,4.9511680603027344,0.11514344326285429,3542.20947265625,1
2026-08-16T15:03:54Z,NVIDIA H200 NVL,screen,uniform_0_1,gemv,lns,lns4_r1,4,2,1,fp32,ordinary,padded,thread_packet,4,8,1,1,4,none,fraction_lut_warp,ordinary/padded/thread_packet/x4/fraction_lut_warp,16384,1024,1024,8396800,16793600,8,1024,256,3,2,43,4.9504961967468262,0.11512781852899595,3542.20947265625,1
2026-08-16T15:03:54Z,NVIDIA H200 NVL,screen,uniform_0_1,dot,lns,lns4_r1,4,2,1,fp32,ordinary,padded,thread_packet,8,8,1,1,8,none,fraction_lut_warp,ordinary/padded/thread_packet/x8/fraction_lut_warp,16777216,0,1,16777216,33554432,8,512,256,3,0,39,4.9674878120422363,0.12737148236005735,3609998.25,1
2026-08-16T15:03:54Z,NVIDIA H200 NVL,screen,uniform_0_1,dot,lns,lns4_r1,4,2,1,fp32,ordinary,padded,thread_packet,8,8,1,1,8,none,fraction_lut_warp,ordinary/padded/thread_packet/x8/fraction_lut_warp,16777216,0,1,16777216,33554432,8,512,256,3,1,39,4.9718079566955566,0.12748225529988608,3609998.25,1
2026-08-16T15:03:54Z,NVIDIA H200 NVL,screen,uniform_0_1,dot,lns,lns4_r1,4,2,1,fp32,ordinary,padded,thread_packet,8,8,1,1,8,none,fraction_lut_warp,ordinary/padded/thread_packet/x8/fraction_lut_warp,16777216,0,1,16777216,33554432,8,512,256,3,2,39,4.9703998565673828,0.12744615016839442,3609998.25,1
2026-08-16T15:03:54Z,NVIDIA H200 NVL,screen,uniform_0_1,gemv,lns,lns4_r1,4,2,1,fp32,ordinary,padded,thread_packet,8,8,1,1,8,none,fraction_lut_warp,ordinary/padded/thread_packet/x8/fraction_lut_warp,16384,1024,1024,8396800,16793600,8,1024,256,3,0,43,4.917759895324707,0.11436650919359784,3542.20947265625,1
2026-08-16T15:03:54Z,NVIDIA H200 NVL,screen,uniform_0_1,gemv,lns,lns4_r1,4,2,1,fp32,ordinary,padded,thread_packet,8,8,1,1,8,none,fraction_lut_warp,ordinary/padded/thread_packet/x8/fraction_lut_warp,16384,1024,1024,8396800,16793600,8,1024,256,3,1,43,4.9187521934509277,0.11438958589420763,3542.20947265625,1
2026-08-16T15:03:54Z,NVIDIA H200 NVL,screen,uniform_0_1,gemv,lns,lns4_r1,4,2,1,fp32,ordinary,padded,thread_packet,8,8,1,1,8,none,fraction_lut_warp,ordinary/padded/thread_packet/x8/fraction_lut_warp,16384,1024,1024,8396800,16793600,8,1024,256,3,2,43,4.9161281585693359,0.11432856182719386,3542.20947265625,1
2026-08-16T15:03:54Z,NVIDIA H200 NVL,screen,uniform_0_1,dot,lns,lns4_r1,4,2,1,fp32,ordinary,dense,cooperative_shuffle,8,32,1,8,1,warp_shuffle,fraction_lut_warp,ordinary/dense/cooperative_shuffle/x8/fraction_lut_warp,16777216,0,1,16777216,16777216,8,512,256,3,0,33,5.0509119033813477,0.15305793646610144,3609998.5,1
2026-08-16T15:03:54Z,NVIDIA H200 NVL,screen,uniform_0_1,dot,lns,lns4_r1,4,2,1,fp32,ordinary,dense,cooperative_shuffle,8,32,1,8,1,warp_shuffle,fraction_lut_warp,ordinary/dense/cooperative_shuffle/x8/fraction_lut_warp,16777216,0,1,16777216,16777216,8,512,256,3,1,33,5.0427842140197754,0.15281164284908411,3609998.5,1
2026-08-16T15:03:54Z,NVIDIA H200 NVL,screen,uniform_0_1,dot,lns,lns4_r1,4,2,1,fp32,ordinary,dense,cooperative_shuffle,8,32,1,8,1,warp_shuffle,fraction_lut_warp,ordinary/dense/cooperative_shuffle/x8/fraction_lut_warp,16777216,0,1,16777216,16777216,8,512,256,3,2,33,5.0388798713684082,0.15269332943540631,3609998.5,1
2026-08-16T15:03:54Z,NVIDIA H200 NVL,screen,uniform_0_1,gemv,lns,lns4_r1,4,2,1,fp32,ordinary,dense,cooperative_shuffle,8,32,1,8,1,warp_shuffle,fraction_lut_warp,ordinary/dense/cooperative_shuffle/x8/fraction_lut_warp,16384,1024,1024,8396800,8396800,8,1024,256,3,0,36,4.9314241409301758,0.13698400391472709,3542.20947265625,1
2026-08-16T15:03:54Z,NVIDIA H200 NVL,screen,uniform_0_1,gemv,lns,lns4_r1,4,2,1,fp32,ordinary,dense,cooperative_shuffle,8,32,1,8,1,warp_shuffle,fraction_lut_warp,ordinary/dense/cooperative_shuffle/x8/fraction_lut_warp,16384,1024,1024,8396800,8396800,8,1024,256,3,1,36,4.9334077835083008,0.13703910509745279,3542.20947265625,1
2026-08-16T15:03:54Z,NVIDIA H200 NVL,screen,uniform_0_1,gemv,lns,lns4_r1,4,2,1,fp32,ordinary,dense,cooperative_shuffle,8,32,1,8,1,warp_shuffle,fraction_lut_warp,ordinary/dense/cooperative_shuffle/x8/fraction_lut_warp,16384,1024,1024,8396800,8396800,8,1024,256,3,2,36,4.935999870300293,0.13711110750834146,3542.20947265625,1
2026-08-16T15:03:54Z,NVIDIA H200 NVL,screen,uniform_0_1,dot,lns,lns4_r1,4,2,1,fp32,fused,dense,scalar,1,32,1,1,1,none,fraction_lut_warp,fused/dense/scalar/x1/fraction_lut_warp,16777216,0,1,16777216,16777216,8,512,256,3,0,42,4.9309439659118652,0.11740342775980632,3609998.5,1
2026-08-16T15:03:54Z,NVIDIA H200 NVL,screen,uniform_0_1,dot,lns,lns4_r1,4,2,1,fp32,fused,dense,scalar,1,32,1,1,1,none,fraction_lut_warp,fused/dense/scalar/x1/fraction_lut_warp,16777216,0,1,16777216,16777216,8,512,256,3,1,42,4.9284157752990723,0.11734323274521601,3609998.5,1
2026-08-16T15:03:54Z,NVIDIA H200 NVL,screen,uniform_0_1,dot,lns,lns4_r1,4,2,1,fp32,fused,dense,scalar,1,32,1,1,1,none,fraction_lut_warp,fused/dense/scalar/x1/fraction_lut_warp,16777216,0,1,16777216,16777216,8,512,256,3,2,42,4.9258880615234375,0.11728304908389137,3609998.5,1
2026-08-16T15:03:54Z,NVIDIA H200 NVL,screen,uniform_0_1,gemv,lns,lns4_r1,4,2,1,fp32,fused,dense,scalar,1,32,1,1,1,none,fraction_lut_warp,fused/dense/scalar/x1/fraction_lut_warp,16384,1024,1024,8396800,8396800,8,1024,256,3,0,44,4.9564480781555176,0.11264654723080722,3542.20947265625,1
2026-08-16T15:03:54Z,NVIDIA H200 NVL,screen,uniform_0_1,gemv,lns,lns4_r1,4,2,1,fp32,fused,dense,scalar,1,32,1,1,1,none,fraction_lut_warp,fused/dense/scalar/x1/fraction_lut_warp,16384,1024,1024,8396800,8396800,8,1024,256,3,1,44,4.9564480781555176,0.11264654723080722,3542.20947265625,1
2026-08-16T15:03:54Z,NVIDIA H200 NVL,screen,uniform_0_1,gemv,lns,lns4_r1,4,2,1,fp32,fused,dense,scalar,1,32,1,1,1,none,fraction_lut_warp,fused/dense/scalar/x1/fraction_lut_warp,16384,1024,1024,8396800,8396800,8,1024,256,3,2,44,4.9538559913635254,0.11258763616735284,3542.20947265625,1
2026-08-16T15:03:54Z,NVIDIA H200 NVL,screen,uniform_0_1,dot,lns,lns4_r1,4,2,1,fp32,fused,padded,scalar,1,8,1,1,1,none,fraction_lut_warp,fused/padded/scalar/x1/fraction_lut_warp,16777216,0,1,16777216,33554432,8,512,256,3,0,46,4.9372801780700684,0.10733217778413193,3609998.5,1
2026-08-16T15:03:54Z,NVIDIA H200 NVL,screen,uniform_0_1,dot,lns,lns4_r1,4,2,1,fp32,fused,padded,scalar,1,8,1,1,1,none,fraction_lut_warp,fused/padded/scalar/x1/fraction_lut_warp,16777216,0,1,16777216,33554432,8,512,256,3,1,46,4.9381442070007324,0.10735096102175505,3609998.5,1
2026-08-16T15:03:54Z,NVIDIA H200 NVL,screen,uniform_0_1,dot,lns,lns4_r1,4,2,1,fp32,fused,padded,scalar,1,8,1,1,1,none,fraction_lut_warp,fused/padded/scalar/x1/fraction_lut_warp,16777216,0,1,16777216,33554432,8,512,256,3,2,46,4.9351358413696289,0.10728556176890498,3609998.5,1
2026-08-16T15:03:54Z,NVIDIA H200 NVL,screen,uniform_0_1,gemv,lns,lns4_r1,4,2,1,fp32,fused,padded,scalar,1,8,1,1,1,none,fraction_lut_warp,fused/padded/scalar/x1/fraction_lut_warp,16384,1024,1024,8396800,16793600,8,1024,256,3,0,50,4.8562560081481934,0.097125120162963874,3542.20947265625,1
2026-08-16T15:03:54Z,NVIDIA H200 NVL,screen,uniform_0_1,gemv,lns,lns4_r1,4,2,1,fp32,fused,padded,scalar,1,8,1,1,1,none,fraction_lut_warp,fused/padded/scalar/x1/fraction_lut_warp,16384,1024,1024,8396800,16793600,8,1024,256,3,1,50,4.8413758277893066,0.096827516555786128,3542.20947265625,1
2026-08-16T15:03:54Z,NVIDIA H200 NVL,screen,uniform_0_1,gemv,lns,lns4_r1,4,2,1,fp32,fused,padded,scalar,1,8,1,1,1,none,fraction_lut_warp,fused/padded/scalar/x1/fraction_lut_warp,16384,1024,1024,8396800,16793600,8,1024,256,3,2,50,4.8422079086303711,0.096844158172607428,3542.20947265625,1
2026-08-16T15:03:54Z,NVIDIA H200 NVL,screen,uniform_0_1,dot,lns,lns4_r1,4,2,1,fp32,fused,dense,thread_packet,2,32,1,1,2,none,fraction_lut_warp,fused/dense/thread_packet/x2/fraction_lut_warp,16777216,0,1,16777216,16777216,8,512,256,3,0,43,4.9477758407592773,0.11506455443626226,3609998.25,1
2026-08-16T15:03:54Z,NVIDIA H200 NVL,screen,uniform_0_1,dot,lns,lns4_r1,4,2,1,fp32,fused,dense,thread_packet,2,32,1,1,2,none,fraction_lut_warp,fused/dense/thread_packet/x2/fraction_lut_warp,16777216,0,1,16777216,16777216,8,512,256,3,1,43,4.9470400810241699,0.11504744374474814,3609998.25,1
2026-08-16T15:03:54Z,NVIDIA H200 NVL,screen,uniform_0_1,dot,lns,lns4_r1,4,2,1,fp32,fused,dense,thread_packet,2,32,1,1,2,none,fraction_lut_warp,fused/dense/thread_packet/x2/fraction_lut_warp,16777216,0,1,16777216,16777216,8,512,256,3,2,43,4.9458560943603516,0.11501990917117097,3609998.25,1
2026-08-16T15:03:54Z,NVIDIA H200 NVL,screen,uniform_0_1,gemv,lns,lns4_r1,4,2,1,fp32,fused,dense,thread_packet,2,32,1,1,2,none,fraction_lut_warp,fused/dense/thread_packet/x2/fraction_lut_warp,16384,1024,1024,8396800,8396800,8,1024,256,3,0,45,4.9981441497802734,0.11106986999511718,3542.20947265625,1
2026-08-16T15:03:54Z,NVIDIA H200 NVL,screen,uniform_0_1,gemv,lns,lns4_r1,4,2,1,fp32,fused,dense,thread_packet,2,32,1,1,2,none,fraction_lut_warp,fused/dense/thread_packet/x2/fraction_lut_warp,16384,1024,1024,8396800,8396800,8,1024,256,3,1,45,4.9996480941772461,0.11110329098171658,3542.20947265625,1
2026-08-16T15:03:54Z,NVIDIA H200 NVL,screen,uniform_0_1,gemv,lns,lns4_r1,4,2,1,fp32,fused,dense,thread_packet,2,32,1,1,2,none,fraction_lut_warp,fused/dense/thread_packet/x2/fraction_lut_warp,16384,1024,1024,8396800,8396800,8,1024,256,3,2,45,4.9976320266723633,0.11105848948160807,3542.20947265625,1
2026-08-16T15:03:54Z,NVIDIA H200 NVL,screen,uniform_0_1,dot,lns,lns4_r1,4,2,1,fp32,fused,dense,thread_packet,4,32,1,1,4,none,fraction_lut_warp,fused/dense/thread_packet/x4/fraction_lut_warp,16777216,0,1,16777216,16777216,8,512,256,3,0,44,4.982975959777832,0.11324945363131436,3609998.25,1
2026-08-16T15:03:54Z,NVIDIA H200 NVL,screen,uniform_0_1,dot,lns,lns4_r1,4,2,1,fp32,fused,dense,thread_packet,4,32,1,1,4,none,fraction_lut_warp,fused/dense/thread_packet/x4/fraction_lut_warp,16777216,0,1,16777216,16777216,8,512,256,3,1,44,4.9871678352355957,0.11334472352808173,3609998.25,1
2026-08-16T15:03:54Z,NVIDIA H200 NVL,screen,uniform_0_1,dot,lns,lns4_r1,4,2,1,fp32,fused,dense,thread_packet,4,32,1,1,4,none,fraction_lut_warp,fused/dense/thread_packet/x4/fraction_lut_warp,16777216,0,1,16777216,16777216,8,512,256,3,2,44,4.9837760925292969,0.11326763846657494,3609998.25,1
2026-08-16T15:03:54Z,NVIDIA H200 NVL,screen,uniform_0_1,gemv,lns,lns4_r1,4,2,1,fp32,fused,dense,thread_packet,4,32,1,1,4,none,fraction_lut_warp,fused/dense/thread_packet/x4/fraction_lut_warp,16384,1024,1024,8396800,8396800,8,1024,256,3,0,45,4.9918398857116699,0.11092977523803711,3542.20947265625,1
2026-08-16T15:03:54Z,NVIDIA H200 NVL,screen,uniform_0_1,gemv,lns,lns4_r1,4,2,1,fp32,fused,dense,thread_packet,4,32,1,1,4,none,fraction_lut_warp,fused/dense/thread_packet/x4/fraction_lut_warp,16384,1024,1024,8396800,8396800,8,1024,256,3,1,45,4.9839677810668945,0.11075483957926432,3542.20947265625,1
2026-08-16T15:03:54Z,NVIDIA H200 NVL,screen,uniform_0_1,gemv,lns,lns4_r1,4,2,1,fp32,fused,dense,thread_packet,4,32,1,1,4,none,fraction_lut_warp,fused/dense/thread_packet/x4/fraction_lut_warp,16384,1024,1024,8396800,8396800,8,1024,256,3,2,45,4.9834561347961426,0.1107434696621365,3542.20947265625,1
2026-08-16T15:03:54Z,NVIDIA H200 NVL,screen,uniform_0_1,dot,lns,lns4_r1,4,2,1,fp32,fused,dense,thread_packet,8,32,1,1,8,none,fraction_lut_warp,fused/dense/thread_packet/x8/fraction_lut_warp,16777216,0,1,16777216,16777216,8,512,256,3,0,50,4.9140157699584961,0.098280315399169926,3609998.5,1
2026-08-16T15:03:54Z,NVIDIA H200 NVL,screen,uniform_0_1,dot,lns,lns4_r1,4,2,1,fp32,fused,dense,thread_packet,8,32,1,1,8,none,fraction_lut_warp,fused/dense/thread_packet/x8/fraction_lut_warp,16777216,0,1,16777216,16777216,8,512,256,3,1,50,4.9153280258178711,0.098306560516357416,3609998.5,1
2026-08-16T15:03:54Z,NVIDIA H200 NVL,screen,uniform_0_1,dot,lns,lns4_r1,4,2,1,fp32,fused,dense,thread_packet,8,32,1,1,8,none,fraction_lut_warp,fused/dense/thread_packet/x8/fraction_lut_warp,16777216,0,1,16777216,16777216,8,512,256,3,2,50,4.9166078567504883,0.098332157135009771,3609998.5,1
2026-08-16T15:03:54Z,NVIDIA H200 NVL,screen,uniform_0_1,gemv,lns,lns4_r1,4,2,1,fp32,fused,dense,thread_packet,8,32,1,1,8,none,fraction_lut_warp,fused/dense/thread_packet/x8/fraction_lut_warp,16384,1024,1024,8396800,8396800,8,1024,256,3,0,47,4.9430718421936035,0.10517174132326816,3542.20947265625,1
2026-08-16T15:03:54Z,NVIDIA H200 NVL,screen,uniform_0_1,gemv,lns,lns4_r1,4,2,1,fp32,fused,dense,thread_packet,8,32,1,1,8,none,fraction_lut_warp,fused/dense/thread_packet/x8/fraction_lut_warp,16384,1024,1024,8396800,8396800,8,1024,256,3,1,47,4.9293441772460938,0.10487966334566157,3542.20947265625,1
2026-08-16T15:03:54Z,NVIDIA H200 NVL,screen,uniform_0_1,gemv,lns,lns4_r1,4,2,1,fp32,fused,dense,thread_packet,8,32,1,1,8,none,fraction_lut_warp,fused/dense/thread_packet/x8/fraction_lut_warp,16384,1024,1024,8396800,8396800,8,1024,256,3,2,47,4.9290242195129395,0.10487285573431786,3542.20947265625,1
2026-08-16T15:03:54Z,NVIDIA H200 NVL,screen,uniform_0_1,dot,lns,lns4_r1,4,2,1,fp32,fused,padded,thread_packet,2,8,1,1,2,none,fraction_lut_warp,fused/padded/thread_packet/x2/fraction_lut_warp,16777216,0,1,16777216,33554432,8,512,256,3,0,47,4.9282560348510742,0.10485651137981009,3609998.25,1
2026-08-16T15:03:54Z,NVIDIA H200 NVL,screen,uniform_0_1,dot,lns,lns4_r1,4,2,1,fp32,fused,padded,thread_packet,2,8,1,1,2,none,fraction_lut_warp,fused/padded/thread_packet/x2/fraction_lut_warp,16777216,0,1,16777216,33554432,8,512,256,3,1,47,4.93017578125,0.10489735704787234,3609998.25,1
2026-08-16T15:03:54Z,NVIDIA H200 NVL,screen,uniform_0_1,dot,lns,lns4_r1,4,2,1,fp32,fused,padded,thread_packet,2,8,1,1,2,none,fraction_lut_warp,fused/padded/thread_packet/x2/fraction_lut_warp,16777216,0,1,16777216,33554432,8,512,256,3,2,47,4.9262399673461914,0.10481361632651472,3609998.25,1
2026-08-16T15:03:54Z,NVIDIA H200 NVL,screen,uniform_0_1,gemv,lns,lns4_r1,4,2,1,fp32,fused,padded,thread_packet,2,8,1,1,2,none,fraction_lut_warp,fused/padded/thread_packet/x2/fraction_lut_warp,16384,1024,1024,8396800,16793600,8,1024,256,3,0,52,4.9520001411437988,0.095230771945073053,3542.20947265625,1
2026-08-16T15:03:54Z,NVIDIA H200 NVL,screen,uniform_0_1,gemv,lns,lns4_r1,4,2,1,fp32,fused,padded,thread_packet,2,8,1,1,2,none,fraction_lut_warp,fused/padded/thread_packet/x2/fraction_lut_warp,16384,1024,1024,8396800,16793600,8,1024,256,3,1,52,4.9499521255493164,0.095191387029794544,3542.20947265625,1
2026-08-16T15:03:54Z,NVIDIA H200 NVL,screen,uniform_0_1,gemv,lns,lns4_r1,4,2,1,fp32,fused,padded,thread_packet,2,8,1,1,2,none,fraction_lut_warp,fused/padded/thread_packet/x2/fraction_lut_warp,16384,1024,1024,8396800,16793600,8,1024,256,3,2,52,4.9480957984924316,0.095155688432546764,3542.20947265625,1
2026-08-16T15:03:54Z,NVIDIA H200 NVL,screen,uniform_0_1,dot,lns,lns4_r1,4,2,1,fp32,fused,padded,thread_packet,4,8,1,1,4,none,fraction_lut_warp,fused/padded/thread_packet/x4/fraction_lut_warp,16777216,0,1,16777216,33554432,8,512,256,3,0,49,4.9546561241149902,0.10111543110438756,3609998.25,1
2026-08-16T15:03:54Z,NVIDIA H200 NVL,screen,uniform_0_1,dot,lns,lns4_r1,4,2,1,fp32,fused,padded,thread_packet,4,8,1,1,4,none,fraction_lut_warp,fused/padded/thread_packet/x4/fraction_lut_warp,16777216,0,1,16777216,33554432,8,512,256,3,1,49,4.9622077941894531,0.10126954682019292,3609998.25,1
2026-08-16T15:03:54Z,NVIDIA H200 NVL,screen,uniform_0_1,dot,lns,lns4_r1,4,2,1,fp32,fused,padded,thread_packet,4,8,1,1,4,none,fraction_lut_warp,fused/padded/thread_packet/x4/fraction_lut_warp,16777216,0,1,16777216,33554432,8,512,256,3,2,49,4.9524478912353516,0.10107036512725208,3609998.25,1
2026-08-16T15:03:54Z,NVIDIA H200 NVL,screen,uniform_0_1,gemv,lns,lns4_r1,4,2,1,fp32,fused,padded,thread_packet,4,8,1,1,4,none,fraction_lut_warp,fused/padded/thread_packet/x4/fraction_lut_warp,16384,1024,1024,8396800,16793600,8,1024,256,3,0,54,4.9731521606445312,0.092095410382306134,3542.20947265625,1
2026-08-16T15:03:54Z,NVIDIA H200 NVL,screen,uniform_0_1,gemv,lns,lns4_r1,4,2,1,fp32,fused,padded,thread_packet,4,8,1,1,4,none,fraction_lut_warp,fused/padded/thread_packet/x4/fraction_lut_warp,16384,1024,1024,8396800,16793600,8,1024,256,3,1,54,4.9742717742919922,0.092116143968370229,3542.20947265625,1
2026-08-16T15:03:54Z,NVIDIA H200 NVL,screen,uniform_0_1,gemv,lns,lns4_r1,4,2,1,fp32,fused,padded,thread_packet,4,8,1,1,4,none,fraction_lut_warp,fused/padded/thread_packet/x4/fraction_lut_warp,16384,1024,1024,8396800,16793600,8,1024,256,3,2,54,4.9725117683410645,0.09208355126557527,3542.20947265625,1
2026-08-16T15:03:54Z,NVIDIA H200 NVL,screen,uniform_0_1,dot,lns,lns4_r1,4,2,1,fp32,fused,padded,thread_packet,8,8,1,1,8,none,fraction_lut_warp,fused/padded/thread_packet/x8/fraction_lut_warp,16777216,0,1,16777216,33554432,8,512,256,3,0,49,4.9476480484008789,0.10097240915103835,3609998.5,1
2026-08-16T15:03:54Z,NVIDIA H200 NVL,screen,uniform_0_1,dot,lns,lns4_r1,4,2,1,fp32,fused,padded,thread_packet,8,8,1,1,8,none,fraction_lut_warp,fused/padded/thread_packet/x8/fraction_lut_warp,16777216,0,1,16777216,33554432,8,512,256,3,1,49,4.9504318237304688,0.10102922089245854,3609998.5,1
2026-08-16T15:03:54Z,NVIDIA H200 NVL,screen,uniform_0_1,dot,lns,lns4_r1,4,2,1,fp32,fused,padded,thread_packet,8,8,1,1,8,none,fraction_lut_warp,fused/padded/thread_packet/x8/fraction_lut_warp,16777216,0,1,16777216,33554432,8,512,256,3,2,49,4.9503359794616699,0.10102726488697286,3609998.5,1
2026-08-16T15:03:54Z,NVIDIA H200 NVL,screen,uniform_0_1,gemv,lns,lns4_r1,4,2,1,fp32,fused,padded,thread_packet,8,8,1,1,8,none,fraction_lut_warp,fused/padded/thread_packet/x8/fraction_lut_warp,16384,1024,1024,8396800,16793600,8,1024,256,3,0,53,4.8628478050231934,0.091751845377796099,3542.20947265625,1
2026-08-16T15:03:54Z,NVIDIA H200 NVL,screen,uniform_0_1,gemv,lns,lns4_r1,4,2,1,fp32,fused,padded,thread_packet,8,8,1,1,8,none,fraction_lut_warp,fused/padded/thread_packet/x8/fraction_lut_warp,16384,1024,1024,8396800,16793600,8,1024,256,3,1,53,4.8627839088439941,0.091750639789509328,3542.20947265625,1
2026-08-16T15:03:54Z,NVIDIA H200 NVL,screen,uniform_0_1,gemv,lns,lns4_r1,4,2,1,fp32,fused,padded,thread_packet,8,8,1,1,8,none,fraction_lut_warp,fused/padded/thread_packet/x8/fraction_lut_warp,16384,1024,1024,8396800,16793600,8,1024,256,3,2,53,4.863135814666748,0.09175727952201411,3542.20947265625,1
2026-08-16T15:03:54Z,NVIDIA H200 NVL,screen,uniform_0_1,dot,lns,lns4_r1,4,2,1,fp32,fused,dense,cooperative_shuffle,8,32,1,8,1,warp_shuffle,fraction_lut_warp,fused/dense/cooperative_shuffle/x8/fraction_lut_warp,16777216,0,1,16777216,16777216,8,512,256,3,0,38,4.9347519874572754,0.1298618944067704,3609998.5,1
2026-08-16T15:03:54Z,NVIDIA H200 NVL,screen,uniform_0_1,dot,lns,lns4_r1,4,2,1,fp32,fused,dense,cooperative_shuffle,8,32,1,8,1,warp_shuffle,fraction_lut_warp,fused/dense/cooperative_shuffle/x8/fraction_lut_warp,16777216,0,1,16777216,16777216,8,512,256,3,1,38,4.9350399971008301,0.12986947360791659,3609998.5,1
2026-08-16T15:03:54Z,NVIDIA H200 NVL,screen,uniform_0_1,dot,lns,lns4_r1,4,2,1,fp32,fused,dense,cooperative_shuffle,8,32,1,8,1,warp_shuffle,fraction_lut_warp,fused/dense/cooperative_shuffle/x8/fraction_lut_warp,16777216,0,1,16777216,16777216,8,512,256,3,2,38,4.9424319267272949,0.13006399807177091,3609998.5,1
2026-08-16T15:03:54Z,NVIDIA H200 NVL,screen,uniform_0_1,gemv,lns,lns4_r1,4,2,1,fp32,fused,dense,cooperative_shuffle,8,32,1,8,1,warp_shuffle,fraction_lut_warp,fused/dense/cooperative_shuffle/x8/fraction_lut_warp,16384,1024,1024,8396800,8396800,8,1024,256,3,0,43,4.990623950958252,0.11606102211530818,3542.20947265625,1
2026-08-16T15:03:54Z,NVIDIA H200 NVL,screen,uniform_0_1,gemv,lns,lns4_r1,4,2,1,fp32,fused,dense,cooperative_shuffle,8,32,1,8,1,warp_shuffle,fraction_lut_warp,fused/dense/cooperative_shuffle/x8/fraction_lut_warp,16384,1024,1024,8396800,8396800,8,1024,256,3,1,43,4.988959789276123,0.11602232068084008,3542.20947265625,1
2026-08-16T15:03:54Z,NVIDIA H200 NVL,screen,uniform_0_1,gemv,lns,lns4_r1,4,2,1,fp32,fused,dense,cooperative_shuffle,8,32,1,8,1,warp_shuffle,fraction_lut_warp,fused/dense/cooperative_shuffle/x8/fraction_lut_warp,16384,1024,1024,8396800,8396800,8,1024,256,3,2,43,4.9928321838378906,0.11611237636832304,3542.20947265625,1
2026-08-16T15:03:54Z,NVIDIA H200 NVL,screen,uniform_0_1,dot,lns,lns4_r1,4,2,1,fp32,fused,dense,scalar,1,32,1,1,1,none,pair_lut_global,fused/dense/scalar/x1/pair_lut_global,16777216,0,1,16777216,16777216,1024,512,256,3,0,117,4.7166080474853516,0.040312889294746593,3609998.5,1
2026-08-16T15:03:54Z,NVIDIA H200 NVL,screen,uniform_0_1,dot,lns,lns4_r1,4,2,1,fp32,fused,dense,scalar,1,32,1,1,1,none,pair_lut_global,fused/dense/scalar/x1/pair_lut_global,16777216,0,1,16777216,16777216,1024,512,256,3,1,117,4.7113919258117676,0.040268307058220237,3609998.5,1
2026-08-16T15:03:54Z,NVIDIA H200 NVL,screen,uniform_0_1,dot,lns,lns4_r1,4,2,1,fp32,fused,dense,scalar,1,32,1,1,1,none,pair_lut_global,fused/dense/scalar/x1/pair_lut_global,16777216,0,1,16777216,16777216,1024,512,256,3,2,117,4.7096958160400391,0.040253810393504605,3609998.5,1
2026-08-16T15:03:54Z,NVIDIA H200 NVL,screen,uniform_0_1,gemv,lns,lns4_r1,4,2,1,fp32,fused,dense,scalar,1,32,1,1,1,none,pair_lut_global,fused/dense/scalar/x1/pair_lut_global,16384,1024,1024,8396800,8396800,1024,1024,256,3,0,115,4.7467517852783203,0.041276102480681046,3542.20947265625,1
2026-08-16T15:03:54Z,NVIDIA H200 NVL,screen,uniform_0_1,gemv,lns,lns4_r1,4,2,1,fp32,fused,dense,scalar,1,32,1,1,1,none,pair_lut_global,fused/dense/scalar/x1/pair_lut_global,16384,1024,1024,8396800,8396800,1024,1024,256,3,1,115,4.7464637756347656,0.04127359804899796,3542.20947265625,1
2026-08-16T15:03:54Z,NVIDIA H200 NVL,screen,uniform_0_1,gemv,lns,lns4_r1,4,2,1,fp32,fused,dense,scalar,1,32,1,1,1,none,pair_lut_global,fused/dense/scalar/x1/pair_lut_global,16384,1024,1024,8396800,8396800,1024,1024,256,3,2,115,4.7448639869689941,0.041259686843208646,3542.20947265625,1
2026-08-16T15:03:54Z,NVIDIA H200 NVL,screen,uniform_0_1,dot,lns,lns4_r1,4,2,1,fp32,fused,padded,scalar,1,8,1,1,1,none,pair_lut_global,fused/padded/scalar/x1/pair_lut_global,16777216,0,1,16777216,33554432,1024,512,256,3,0,132,4.7168002128601074,0.035733334945909905,3609998.5,1
2026-08-16T15:03:54Z,NVIDIA H200 NVL,screen,uniform_0_1,dot,lns,lns4_r1,4,2,1,fp32,fused,padded,scalar,1,8,1,1,1,none,pair_lut_global,fused/padded/scalar/x1/pair_lut_global,16777216,0,1,16777216,33554432,1024,512,256,3,1,132,4.7172160148620605,0.035736484961076218,3609998.5,1
2026-08-16T15:03:54Z,NVIDIA H200 NVL,screen,uniform_0_1,dot,lns,lns4_r1,4,2,1,fp32,fused,padded,scalar,1,8,1,1,1,none,pair_lut_global,fused/padded/scalar/x1/pair_lut_global,16777216,0,1,16777216,33554432,1024,512,256,3,2,132,4.7145919799804688,0.035716605908942947,3609998.5,1
2026-08-16T15:03:54Z,NVIDIA H200 NVL,screen,uniform_0_1,gemv,lns,lns4_r1,4,2,1,fp32,fused,padded,scalar,1,8,1,1,1,none,pair_lut_global,fused/padded/scalar/x1/pair_lut_global,16384,1024,1024,8396800,16793600,1024,1024,256,3,0,178,4.6254081726074219,0.025985439171951809,3542.20947265625,1
2026-08-16T15:03:54Z,NVIDIA H200 NVL,screen,uniform_0_1,gemv,lns,lns4_r1,4,2,1,fp32,fused,padded,scalar,1,8,1,1,1,none,pair_lut_global,fused/padded/scalar/x1/pair_lut_global,16384,1024,1024,8396800,16793600,1024,1024,256,3,1,178,4.6220159530639648,0.025966381758786319,3542.20947265625,1
2026-08-16T15:03:54Z,NVIDIA H200 NVL,screen,uniform_0_1,gemv,lns,lns4_r1,4,2,1,fp32,fused,padded,scalar,1,8,1,1,1,none,pair_lut_global,fused/padded/scalar/x1/pair_lut_global,16384,1024,1024,8396800,16793600,1024,1024,256,3,2,178,4.6249918937683105,0.025983100526788261,3542.20947265625,1
2026-08-16T15:03:54Z,NVIDIA H200 NVL,screen,uniform_0_1,dot,lns,lns4_r1,4,2,1,fp32,fused,dense,thread_packet,2,32,1,1,2,none,pair_lut_global,fused/dense/thread_packet/x2/pair_lut_global,16777216,0,1,16777216,16777216,1024,512,256,3,0,126,4.7439680099487305,0.037650539761497862,3609998.25,1
2026-08-16T15:03:54Z,NVIDIA H200 NVL,screen,uniform_0_1,dot,lns,lns4_r1,4,2,1,fp32,fused,dense,thread_packet,2,32,1,1,2,none,pair_lut_global,fused/dense/thread_packet/x2/pair_lut_global,16777216,0,1,16777216,16777216,1024,512,256,3,1,126,4.7459521293640137,0.037666286740984233,3609998.25,1
2026-08-16T15:03:54Z,NVIDIA H200 NVL,screen,uniform_0_1,dot,lns,lns4_r1,4,2,1,fp32,fused,dense,thread_packet,2,32,1,1,2,none,pair_lut_global,fused/dense/thread_packet/x2/pair_lut_global,16777216,0,1,16777216,16777216,1024,512,256,3,2,126,4.7432961463928223,0.037645207511054143,3609998.25,1
2026-08-16T15:03:54Z,NVIDIA H200 NVL,screen,uniform_0_1,gemv,lns,lns4_r1,4,2,1,fp32,fused,dense,thread_packet,2,32,1,1,2,none,pair_lut_global,fused/dense/thread_packet/x2/pair_lut_global,16384,1024,1024,8396800,8396800,1024,1024,256,3,0,118,4.7278399467468262,0.040066440226668019,3542.20947265625,1
2026-08-16T15:03:54Z,NVIDIA H200 NVL,screen,uniform_0_1,gemv,lns,lns4_r1,4,2,1,fp32,fused,dense,thread_packet,2,32,1,1,2,none,pair_lut_global,fused/dense/thread_packet/x2/pair_lut_global,16384,1024,1024,8396800,8396800,1024,1024,256,3,1,118,4.7264962196350098,0.040055052708771272,3542.20947265625,1
2026-08-16T15:03:54Z,NVIDIA H200 NVL,screen,uniform_0_1,gemv,lns,lns4_r1,4,2,1,fp32,fused,dense,thread_packet,2,32,1,1,2,none,pair_lut_global,fused/dense/thread_packet/x2/pair_lut_global,16384,1024,1024,8396800,8396800,1024,1024,256,3,2,118,4.7247681617736816,0.040040408150624422,3542.20947265625,1
2026-08-16T15:03:54Z,NVIDIA H200 NVL,screen,uniform_0_1,dot,lns,lns4_r1,4,2,1,fp32,fused,dense,thread_packet,4,32,1,1,4,none,pair_lut_global,fused/dense/thread_packet/x4/pair_lut_global,16777216,0,1,16777216,16777216,1024,512,256,3,0,143,4.6687679290771484,0.032648726776763275,3609998.25,1
2026-08-16T15:03:54Z,NVIDIA H200 NVL,screen,uniform_0_1,dot,lns,lns4_r1,4,2,1,fp32,fused,dense,thread_packet,4,32,1,1,4,none,pair_lut_global,fused/dense/thread_packet/x4/pair_lut_global,16777216,0,1,16777216,16777216,1024,512,256,3,1,143,4.6604161262512207,0.03259032256119735,3609998.25,1
2026-08-16T15:03:54Z,NVIDIA H200 NVL,screen,uniform_0_1,dot,lns,lns4_r1,4,2,1,fp32,fused,dense,thread_packet,4,32,1,1,4,none,pair_lut_global,fused/dense/thread_packet/x4/pair_lut_global,16777216,0,1,16777216,16777216,1024,512,256,3,2,143,4.6641921997070312,0.032616728669279942,3609998.25,1
2026-08-16T15:03:54Z,NVIDIA H200 NVL,screen,uniform_0_1,gemv,lns,lns4_r1,4,2,1,fp32,fused,dense,thread_packet,4,32,1,1,4,none,pair_lut_global,fused/dense/thread_packet/x4/pair_lut_global,16384,1024,1024,8396800,8396800,1024,1024,256,3,0,128,4.7285442352294922,0.036941751837730408,3542.20947265625,1
2026-08-16T15:03:54Z,NVIDIA H200 NVL,screen,uniform_0_1,gemv,lns,lns4_r1,4,2,1,fp32,fused,dense,thread_packet,4,32,1,1,4,none,pair_lut_global,fused/dense/thread_packet/x4/pair_lut_global,16384,1024,1024,8396800,8396800,1024,1024,256,3,1,128,4.7299838066101074,0.036952998489141464,3542.20947265625,1
2026-08-16T15:03:54Z,NVIDIA H200 NVL,screen,uniform_0_1,gemv,lns,lns4_r1,4,2,1,fp32,fused,dense,thread_packet,4,32,1,1,4,none,pair_lut_global,fused/dense/thread_packet/x4/pair_lut_global,16384,1024,1024,8396800,8396800,1024,1024,256,3,2,128,4.7294402122497559,0.036948751658201218,3542.20947265625,1
2026-08-16T15:03:54Z,NVIDIA H200 NVL,screen,uniform_0_1,dot,lns,lns4_r1,4,2,1,fp32,fused,dense,thread_packet,8,32,1,1,8,none,pair_lut_global,fused/dense/thread_packet/x8/pair_lut_global,16777216,0,1,16777216,16777216,1024,512,256,3,0,221,4.4704318046569824,0.020228198211117567,3609998.5,1
2026-08-16T15:03:54Z,NVIDIA H200 NVL,screen,uniform_0_1,dot,lns,lns4_r1,4,2,1,fp32,fused,dense,thread_packet,8,32,1,1,8,none,pair_lut_global,fused/dense/thread_packet/x8/pair_lut_global,16777216,0,1,16777216,16777216,1024,512,256,3,1,221,4.4703679084777832,0.020227909088134766,3609998.5,1
2026-08-16T15:03:54Z,NVIDIA H200 NVL,screen,uniform_0_1,dot,lns,lns4_r1,4,2,1,fp32,fused,dense,thread_packet,8,32,1,1,8,none,pair_lut_global,fused/dense/thread_packet/x8/pair_lut_global,16777216,0,1,16777216,16777216,1024,512,256,3,2,221,4.4723200798034668,0.020236742442549624,3609998.5,1
2026-08-16T15:03:54Z,NVIDIA H200 NVL,screen,uniform_0_1,gemv,lns,lns4_r1,4,2,1,fp32,fused,dense,thread_packet,8,32,1,1,8,none,pair_lut_global,fused/dense/thread_packet/x8/pair_lut_global,16384,1024,1024,8396800,8396800,1024,1024,256,3,0,143,4.6699838638305664,0.032657229816996966,3542.20947265625,1
2026-08-16T15:03:54Z,NVIDIA H200 NVL,screen,uniform_0_1,gemv,lns,lns4_r1,4,2,1,fp32,fused,dense,thread_packet,8,32,1,1,8,none,pair_lut_global,fused/dense/thread_packet/x8/pair_lut_global,16384,1024,1024,8396800,8396800,1024,1024,256,3,1,143,4.6615362167358398,0.032598155361789088,3542.20947265625,1
2026-08-16T15:03:54Z,NVIDIA H200 NVL,screen,uniform_0_1,gemv,lns,lns4_r1,4,2,1,fp32,fused,dense,thread_packet,8,32,1,1,8,none,pair_lut_global,fused/dense/thread_packet/x8/pair_lut_global,16384,1024,1024,8396800,8396800,1024,1024,256,3,2,143,4.6648321151733398,0.032621203602610768,3542.20947265625,1
2026-08-16T15:03:54Z,NVIDIA H200 NVL,screen,uniform_0_1,dot,lns,lns4_r1,4,2,1,fp32,fused,padded,thread_packet,2,8,1,1,2,none,pair_lut_global,fused/padded/thread_packet/x2/pair_lut_global,16777216,0,1,16777216,33554432,1024,512,256,3,0,183,4.5687041282653809,0.02496559632931902,3609998.25,1
2026-08-16T15:03:54Z,NVIDIA H200 NVL,screen,uniform_0_1,dot,lns,lns4_r1,4,2,1,fp32,fused,padded,thread_packet,2,8,1,1,2,none,pair_lut_global,fused/padded/thread_packet/x2/pair_lut_global,16777216,0,1,16777216,33554432,1024,512,256,3,1,183,4.5663042068481445,0.024952482004634669,3609998.25,1
2026-08-16T15:03:54Z,NVIDIA H200 NVL,screen,uniform_0_1,dot,lns,lns4_r1,4,2,1,fp32,fused,padded,thread_packet,2,8,1,1,2,none,pair_lut_global,fused/padded/thread_packet/x2/pair_lut_global,16777216,0,1,16777216,33554432,1024,512,256,3,2,183,4.5642881393432617,0.024941465242312905,3609998.25,1
2026-08-16T15:03:54Z,NVIDIA H200 NVL,screen,uniform_0_1,gemv,lns,lns4_r1,4,2,1,fp32,fused,padded,thread_packet,2,8,1,1,2,none,pair_lut_global,fused/padded/thread_packet/x2/pair_lut_global,16384,1024,1024,8396800,16793600,1024,1024,256,3,0,208,4.5679998397827148,0.021961537691263053,3542.20947265625,1
2026-08-16T15:03:54Z,NVIDIA H200 NVL,screen,uniform_0_1,gemv,lns,lns4_r1,4,2,1,fp32,fused,padded,thread_packet,2,8,1,1,2,none,pair_lut_global,fused/padded/thread_packet/x2/pair_lut_global,16384,1024,1024,8396800,16793600,1024,1024,256,3,1,208,4.566688060760498,0.02195523106134855,3542.20947265625,1
2026-08-16T15:03:54Z,NVIDIA H200 NVL,screen,uniform_0_1,gemv,lns,lns4_r1,4,2,1,fp32,fused,padded,thread_packet,2,8,1,1,2,none,pair_lut_global,fused/padded/thread_packet/x2/pair_lut_global,16384,1024,1024,8396800,16793600,1024,1024,256,3,2,208,4.5651841163635254,0.021948000559440024,3542.20947265625,1
2026-08-16T15:03:54Z,NVIDIA H200 NVL,screen,uniform_0_1,dot,lns,lns4_r1,4,2,1,fp32,fused,padded,thread_packet,4,8,1,1,4,none,pair_lut_global,fused/padded/thread_packet/x4/pair_lut_global,16777216,0,1,16777216,33554432,1024,512,256,3,0,203,4.5550398826599121,0.022438620111625184,3609998.25,1
2026-08-16T15:03:54Z,NVIDIA H200 NVL,screen,uniform_0_1,dot,lns,lns4_r1,4,2,1,fp32,fused,padded,thread_packet,4,8,1,1,4,none,pair_lut_global,fused/padded/thread_packet/x4/pair_lut_global,16777216,0,1,16777216,33554432,1024,512,256,3,1,203,4.5550718307495117,0.022438777491376904,3609998.25,1
2026-08-16T15:03:54Z,NVIDIA H200 NVL,screen,uniform_0_1,dot,lns,lns4_r1,4,2,1,fp32,fused,padded,thread_packet,4,8,1,1,4,none,pair_lut_global,fused/padded/thread_packet/x4/pair_lut_global,16777216,0,1,16777216,33554432,1024,512,256,3,2,203,4.5587201118469238,0.022456749319442974,3609998.25,1
2026-08-16T15:03:54Z,NVIDIA H200 NVL,screen,uniform_0_1,gemv,lns,lns4_r1,4,2,1,fp32,fused,padded,thread_packet,4,8,1,1,4,none,pair_lut_global,fused/padded/thread_packet/x4/pair_lut_global,16384,1024,1024,8396800,16793600,1024,1024,256,3,0,241,4.3930878639221191,0.018228580348224561,3542.20947265625,1
2026-08-16T15:03:54Z,NVIDIA H200 NVL,screen,uniform_0_1,gemv,lns,lns4_r1,4,2,1,fp32,fused,padded,thread_packet,4,8,1,1,4,none,pair_lut_global,fused/padded/thread_packet/x4/pair_lut_global,16384,1024,1024,8396800,16793600,1024,1024,256,3,1,241,4.403007984161377,0.018269742672868784,3542.20947265625,1
2026-08-16T15:03:54Z,NVIDIA H200 NVL,screen,uniform_0_1,gemv,lns,lns4_r1,4,2,1,fp32,fused,padded,thread_packet,4,8,1,1,4,none,pair_lut_global,fused/padded/thread_packet/x4/pair_lut_global,16384,1024,1024,8396800,16793600,1024,1024,256,3,2,241,4.4076800346374512,0.018289128774429259,3542.20947265625,1
2026-08-16T15:03:54Z,NVIDIA H200 NVL,screen,uniform_0_1,dot,lns,lns4_r1,4,2,1,fp32,fused,padded,thread_packet,8,8,1,1,8,none,pair_lut_global,fused/padded/thread_packet/x8/pair_lut_global,16777216,0,1,16777216,33554432,1024,512,256,3,0,209,4.5068478584289551,0.021563865351334713,3609998.5,1
2026-08-16T15:03:54Z,NVIDIA H200 NVL,screen,uniform_0_1,dot,lns,lns4_r1,4,2,1,fp32,fused,padded,thread_packet,8,8,1,1,8,none,pair_lut_global,fused/padded/thread_packet/x8/pair_lut_global,16777216,0,1,16777216,33554432,1024,512,256,3,1,209,4.5075201988220215,0.021567082291014457,3609998.5,1
2026-08-16T15:03:54Z,NVIDIA H200 NVL,screen,uniform_0_1,dot,lns,lns4_r1,4,2,1,fp32,fused,padded,thread_packet,8,8,1,1,8,none,pair_lut_global,fused/padded/thread_packet/x8/pair_lut_global,16777216,0,1,16777216,33554432,1024,512,256,3,2,209,4.5080962181091309,0.02156983836415852,3609998.5,1
2026-08-16T15:03:54Z,NVIDIA H200 NVL,screen,uniform_0_1,gemv,lns,lns4_r1,4,2,1,fp32,fused,padded,thread_packet,8,8,1,1,8,none,pair_lut_global,fused/padded/thread_packet/x8/pair_lut_global,16384,1024,1024,8396800,16793600,1024,1024,256,3,0,247,4.3611202239990234,0.017656357182182281,3542.20947265625,1
2026-08-16T15:03:54Z,NVIDIA H200 NVL,screen,uniform_0_1,gemv,lns,lns4_r1,4,2,1,fp32,fused,padded,thread_packet,8,8,1,1,8,none,pair_lut_global,fused/padded/thread_packet/x8/pair_lut_global,16384,1024,1024,8396800,16793600,1024,1024,256,3,1,247,4.3625597953796387,0.0176621854063953,3542.20947265625,1
2026-08-16T15:03:54Z,NVIDIA H200 NVL,screen,uniform_0_1,gemv,lns,lns4_r1,4,2,1,fp32,fused,padded,thread_packet,8,8,1,1,8,none,pair_lut_global,fused/padded/thread_packet/x8/pair_lut_global,16384,1024,1024,8396800,16793600,1024,1024,256,3,2,247,4.3613758087158203,0.017657391938120728,3542.20947265625,1
2026-08-16T15:03:54Z,NVIDIA H200 NVL,screen,uniform_0_1,dot,lns,lns4_r1,4,2,1,fp32,fused,dense,cooperative_shuffle,8,32,1,8,1,warp_shuffle,pair_lut_global,fused/dense/cooperative_shuffle/x8/pair_lut_global,16777216,0,1,16777216,16777216,1024,512,256,3,0,74,4.8599362373352051,0.065674814018043315,3609998.5,1
2026-08-16T15:03:54Z,NVIDIA H200 NVL,screen,uniform_0_1,dot,lns,lns4_r1,4,2,1,fp32,fused,dense,cooperative_shuffle,8,32,1,8,1,warp_shuffle,pair_lut_global,fused/dense/cooperative_shuffle/x8/pair_lut_global,16777216,0,1,16777216,16777216,1024,512,256,3,1,74,4.8603200912475586,0.065680001233075117,3609998.5,1
2026-08-16T15:03:54Z,NVIDIA H200 NVL,screen,uniform_0_1,dot,lns,lns4_r1,4,2,1,fp32,fused,dense,cooperative_shuffle,8,32,1,8,1,warp_shuffle,pair_lut_global,fused/dense/cooperative_shuffle/x8/pair_lut_global,16777216,0,1,16777216,16777216,1024,512,256,3,2,74,4.8603200912475586,0.065680001233075117,3609998.5,1
2026-08-16T15:03:54Z,NVIDIA H200 NVL,screen,uniform_0_1,gemv,lns,lns4_r1,4,2,1,fp32,fused,dense,cooperative_shuffle,8,32,1,8,1,warp_shuffle,pair_lut_global,fused/dense/cooperative_shuffle/x8/pair_lut_global,16384,1024,1024,8396800,8396800,1024,1024,256,3,0,107,4.7867522239685059,0.044736002093163606,3542.20947265625,1
2026-08-16T15:03:54Z,NVIDIA H200 NVL,screen,uniform_0_1,gemv,lns,lns4_r1,4,2,1,fp32,fused,dense,cooperative_shuffle,8,32,1,8,1,warp_shuffle,pair_lut_global,fused/dense/cooperative_shuffle/x8/pair_lut_global,16384,1024,1024,8396800,8396800,1024,1024,256,3,1,107,4.785088062286377,0.044720449180246515,3542.20947265625,1
2026-08-16T15:03:54Z,NVIDIA H200 NVL,screen,uniform_0_1,gemv,lns,lns4_r1,4,2,1,fp32,fused,dense,cooperative_shuffle,8,32,1,8,1,warp_shuffle,pair_lut_global,fused/dense/cooperative_shuffle/x8/pair_lut_global,16384,1024,1024,8396800,8396800,1024,1024,256,3,2,107,4.7883200645446777,0.044750654808828762,3542.20947265625,1
2026-08-16T15:03:54Z,NVIDIA H200 NVL,screen,uniform_0_1,dot,lns,lns4_r1,4,2,1,fp32,fused,dense,scalar,1,32,1,1,1,none,pair_lut_shared,fused/dense/scalar/x1/pair_lut_shared,16777216,0,1,16777216,16777216,1024,512,256,3,0,129,4.7701120376586914,0.036977612695028618,3609998.5,1
2026-08-16T15:03:54Z,NVIDIA H200 NVL,screen,uniform_0_1,dot,lns,lns4_r1,4,2,1,fp32,fused,dense,scalar,1,32,1,1,1,none,pair_lut_shared,fused/dense/scalar/x1/pair_lut_shared,16777216,0,1,16777216,16777216,1024,512,256,3,1,129,4.769536018371582,0.036973147429237067,3609998.5,1
2026-08-16T15:03:54Z,NVIDIA H200 NVL,screen,uniform_0_1,dot,lns,lns4_r1,4,2,1,fp32,fused,dense,scalar,1,32,1,1,1,none,pair_lut_shared,fused/dense/scalar/x1/pair_lut_shared,16777216,0,1,16777216,16777216,1024,512,256,3,2,129,4.7696318626403809,0.036973890408064966,3609998.5,1
2026-08-16T15:03:54Z,NVIDIA H200 NVL,screen,uniform_0_1,gemv,lns,lns4_r1,4,2,1,fp32,fused,dense,scalar,1,32,1,1,1,none,pair_lut_shared,fused/dense/scalar/x1/pair_lut_shared,16384,1024,1024,8396800,8396800,1024,1024,256,3,0,131,4.7327680587768555,0.036128000448678289,3542.20947265625,1
2026-08-16T15:03:54Z,NVIDIA H200 NVL,screen,uniform_0_1,gemv,lns,lns4_r1,4,2,1,fp32,fused,dense,scalar,1,32,1,1,1,none,pair_lut_shared,fused/dense/scalar/x1/pair_lut_shared,16384,1024,1024,8396800,8396800,1024,1024,256,3,1,131,4.7339520454406738,0.036137038514814306,3542.20947265625,1
2026-08-16T15:03:54Z,NVIDIA H200 NVL,screen,uniform_0_1,gemv,lns,lns4_r1,4,2,1,fp32,fused,dense,scalar,1,32,1,1,1,none,pair_lut_shared,fused/dense/scalar/x1/pair_lut_shared,16384,1024,1024,8396800,8396800,1024,1024,256,3,2,131,4.7368001937866211,0.03615878010524138,3542.20947265625,1
2026-08-16T15:03:54Z,NVIDIA H200 NVL,screen,uniform_0_1,dot,lns,lns4_r1,4,2,1,fp32,fused,padded,scalar,1,8,1,1,1,none,pair_lut_shared,fused/padded/scalar/x1/pair_lut_shared,16777216,0,1,16777216,33554432,1024,512,256,3,0,139,4.7030401229858398,0.033834821028675105,3609998.5,1
2026-08-16T15:03:54Z,NVIDIA H200 NVL,screen,uniform_0_1,dot,lns,lns4_r1,4,2,1,fp32,fused,padded,scalar,1,8,1,1,1,none,pair_lut_shared,fused/padded/scalar/x1/pair_lut_shared,16777216,0,1,16777216,33554432,1024,512,256,3,1,139,4.7015361785888672,0.033824001284811993,3609998.5,1
2026-08-16T15:03:54Z,NVIDIA H200 NVL,screen,uniform_0_1,dot,lns,lns4_r1,4,2,1,fp32,fused,padded,scalar,1,8,1,1,1,none,pair_lut_shared,fused/padded/scalar/x1/pair_lut_shared,16777216,0,1,16777216,33554432,1024,512,256,3,2,139,4.7005758285522461,0.033817092291742776,3609998.5,1
2026-08-16T15:03:54Z,NVIDIA H200 NVL,screen,uniform_0_1,gemv,lns,lns4_r1,4,2,1,fp32,fused,padded,scalar,1,8,1,1,1,none,pair_lut_shared,fused/padded/scalar/x1/pair_lut_shared,16384,1024,1024,8396800,16793600,1024,1024,256,3,0,193,4.5763521194458008,0.023711669012672541,3542.20947265625,1
2026-08-16T15:03:54Z,NVIDIA H200 NVL,screen,uniform_0_1,gemv,lns,lns4_r1,4,2,1,fp32,fused,padded,scalar,1,8,1,1,1,none,pair_lut_shared,fused/padded/scalar/x1/pair_lut_shared,16384,1024,1024,8396800,16793600,1024,1024,256,3,1,193,4.5791358947753906,0.023726092719043475,3542.20947265625,1
2026-08-16T15:03:54Z,NVIDIA H200 NVL,screen,uniform_0_1,gemv,lns,lns4_r1,4,2,1,fp32,fused,padded,scalar,1,8,1,1,1,none,pair_lut_shared,fused/padded/scalar/x1/pair_lut_shared,16384,1024,1024,8396800,16793600,1024,1024,256,3,2,193,4.5805120468139648,0.023733223040486865,3542.20947265625,1
2026-08-16T15:03:54Z,NVIDIA H200 NVL,screen,uniform_0_1,dot,lns,lns4_r1,4,2,1,fp32,fused,dense,thread_packet,2,32,1,1,2,none,pair_lut_shared,fused/dense/thread_packet/x2/pair_lut_shared,16777216,0,1,16777216,16777216,1024,512,256,3,0,134,4.6525440216064453,0.034720477773182427,3609998.25,1
2026-08-16T15:03:54Z,NVIDIA H200 NVL,screen,uniform_0_1,dot,lns,lns4_r1,4,2,1,fp32,fused,dense,thread_packet,2,32,1,1,2,none,pair_lut_shared,fused/dense/thread_packet/x2/pair_lut_shared,16777216,0,1,16777216,16777216,1024,512,256,3,1,134,4.6534719467163086,0.03472740258743514,3609998.25,1
2026-08-16T15:03:54Z,NVIDIA H200 NVL,screen,uniform_0_1,dot,lns,lns4_r1,4,2,1,fp32,fused,dense,thread_packet,2,32,1,1,2,none,pair_lut_shared,fused/dense/thread_packet/x2/pair_lut_shared,16777216,0,1,16777216,16777216,1024,512,256,3,2,134,4.6504960060119629,0.034705194074716138,3609998.25,1
2026-08-16T15:03:54Z,NVIDIA H200 NVL,screen,uniform_0_1,gemv,lns,lns4_r1,4,2,1,fp32,fused,dense,thread_packet,2,32,1,1,2,none,pair_lut_shared,fused/dense/thread_packet/x2/pair_lut_shared,16384,1024,1024,8396800,8396800,1024,1024,256,3,0,133,4.7245440483093262,0.03552288758127313,3542.20947265625,1
2026-08-16T15:03:54Z,NVIDIA H200 NVL,screen,uniform_0_1,gemv,lns,lns4_r1,4,2,1,fp32,fused,dense,thread_packet,2,32,1,1,2,none,pair_lut_shared,fused/dense/thread_packet/x2/pair_lut_shared,16384,1024,1024,8396800,8396800,1024,1024,256,3,1,133,4.724736213684082,0.035524332433714903,3542.20947265625,1
2026-08-16T15:03:54Z,NVIDIA H200 NVL,screen,uniform_0_1,gemv,lns,lns4_r1,4,2,1,fp32,fused,dense,thread_packet,2,32,1,1,2,none,pair_lut_shared,fused/dense/thread_packet/x2/pair_lut_shared,16384,1024,1024,8396800,8396800,1024,1024,256,3,2,133,4.7229437828063965,0.035510855509822532,3542.20947265625,1
2026-08-16T15:03:54Z,NVIDIA H200 NVL,screen,uniform_0_1,dot,lns,lns4_r1,4,2,1,fp32,fused,dense,thread_packet,4,32,1,1,4,none,pair_lut_shared,fused/dense/thread_packet/x4/pair_lut_shared,16777216,0,1,16777216,16777216,1024,512,256,3,0,151,4.67523193359375,0.030961800884726821,3609998.25,1
2026-08-16T15:03:54Z,NVIDIA H200 NVL,screen,uniform_0_1,dot,lns,lns4_r1,4,2,1,fp32,fused,dense,thread_packet,4,32,1,1,4,none,pair_lut_shared,fused/dense/thread_packet/x4/pair_lut_shared,16777216,0,1,16777216,16777216,1024,512,256,3,1,151,4.6708798408508301,0.030932979078482317,3609998.25,1
2026-08-16T15:03:54Z,NVIDIA H200 NVL,screen,uniform_0_1,dot,lns,lns4_r1,4,2,1,fp32,fused,dense,thread_packet,4,32,1,1,4,none,pair_lut_shared,fused/dense/thread_packet/x4/pair_lut_shared,16777216,0,1,16777216,16777216,1024,512,256,3,2,151,4.671328067779541,0.030935947468738682,3609998.25,1
2026-08-16T15:03:54Z,NVIDIA H200 NVL,screen,uniform_0_1,gemv,lns,lns4_r1,4,2,1,fp32,fused,dense,thread_packet,4,32,1,1,4,none,pair_lut_shared,fused/dense/thread_packet/x4/pair_lut_shared,16384,1024,1024,8396800,8396800,1024,1024,256,3,0,132,4.7140798568725586,0.035712726188428474,3542.20947265625,1
2026-08-16T15:03:54Z,NVIDIA H200 NVL,screen,uniform_0_1,gemv,lns,lns4_r1,4,2,1,fp32,fused,dense,thread_packet,4,32,1,1,4,none,pair_lut_shared,fused/dense/thread_packet/x4/pair_lut_shared,16384,1024,1024,8396800,8396800,1024,1024,256,3,1,132,4.7125439643859863,0.035701090639287773,3542.20947265625,1
2026-08-16T15:03:54Z,NVIDIA H200 NVL,screen,uniform_0_1,gemv,lns,lns4_r1,4,2,1,fp32,fused,dense,thread_packet,4,32,1,1,4,none,pair_lut_shared,fused/dense/thread_packet/x4/pair_lut_shared,16384,1024,1024,8396800,8396800,1024,1024,256,3,2,132,4.7132477760314941,0.035706422545693138,3542.20947265625,1
2026-08-16T15:03:54Z,NVIDIA H200 NVL,screen,uniform_0_1,dot,lns,lns4_r1,4,2,1,fp32,fused,dense,thread_packet,8,32,1,1,8,none,pair_lut_shared,fused/dense/thread_packet/x8/pair_lut_shared,16777216,0,1,16777216,16777216,1024,512,256,3,0,195,4.5420479774475098,0.02329255373050005,3609998.5,1
2026-08-16T15:03:54Z,NVIDIA H200 NVL,screen,uniform_0_1,dot,lns,lns4_r1,4,2,1,fp32,fused,dense,thread_packet,8,32,1,1,8,none,pair_lut_shared,fused/dense/thread_packet/x8/pair_lut_shared,16777216,0,1,16777216,16777216,1024,512,256,3,1,195,4.5454401969909668,0.023309949728158804,3609998.5,1
2026-08-16T15:03:54Z,NVIDIA H200 NVL,screen,uniform_0_1,dot,lns,lns4_r1,4,2,1,fp32,fused,dense,thread_packet,8,32,1,1,8,none,pair_lut_shared,fused/dense/thread_packet/x8/pair_lut_shared,16777216,0,1,16777216,16777216,1024,512,256,3,2,195,4.5453119277954102,0.023309291937412359,3609998.5,1
2026-08-16T15:03:54Z,NVIDIA H200 NVL,screen,uniform_0_1,gemv,lns,lns4_r1,4,2,1,fp32,fused,dense,thread_packet,8,32,1,1,8,none,pair_lut_shared,fused/dense/thread_packet/x8/pair_lut_shared,16384,1024,1024,8396800,8396800,1024,1024,256,3,0,143,4.6782717704772949,0.032715187206134928,3542.20947265625,1
2026-08-16T15:03:54Z,NVIDIA H200 NVL,screen,uniform_0_1,gemv,lns,lns4_r1,4,2,1,fp32,fused,dense,thread_packet,8,32,1,1,8,none,pair_lut_shared,fused/dense/thread_packet/x8/pair_lut_shared,16384,1024,1024,8396800,8396800,1024,1024,256,3,1,143,4.6940798759460449,0.032825733398224088,3542.20947265625,1
2026-08-16T15:03:54Z,NVIDIA H200 NVL,screen,uniform_0_1,gemv,lns,lns4_r1,4,2,1,fp32,fused,dense,thread_packet,8,32,1,1,8,none,pair_lut_shared,fused/dense/thread_packet/x8/pair_lut_shared,16384,1024,1024,8396800,8396800,1024,1024,256,3,2,143,4.7002878189086914,0.032869145586774069,3542.20947265625,1
2026-08-16T15:03:54Z,NVIDIA H200 NVL,screen,uniform_0_1,dot,lns,lns4_r1,4,2,1,fp32,fused,padded,thread_packet,2,8,1,1,2,none,pair_lut_shared,fused/padded/thread_packet/x2/pair_lut_shared,16777216,0,1,16777216,33554432,1024,512,256,3,0,197,4.5370240211486816,0.023030578787556759,3609998.25,1
2026-08-16T15:03:54Z,NVIDIA H200 NVL,screen,uniform_0_1,dot,lns,lns4_r1,4,2,1,fp32,fused,padded,thread_packet,2,8,1,1,2,none,pair_lut_shared,fused/padded/thread_packet/x2/pair_lut_shared,16777216,0,1,16777216,33554432,1024,512,256,3,1,197,4.5357441902160645,0.023024082183837891,3609998.25,1
2026-08-16T15:03:54Z,NVIDIA H200 NVL,screen,uniform_0_1,dot,lns,lns4_r1,4,2,1,fp32,fused,padded,thread_packet,2,8,1,1,2,none,pair_lut_shared,fused/padded/thread_packet/x2/pair_lut_shared,16777216,0,1,16777216,33554432,1024,512,256,3,2,197,4.5365118980407715,0.023027979177871936,3609998.25,1
2026-08-16T15:03:54Z,NVIDIA H200 NVL,screen,uniform_0_1,gemv,lns,lns4_r1,4,2,1,fp32,fused,padded,thread_packet,2,8,1,1,2,none,pair_lut_shared,fused/padded/thread_packet/x2/pair_lut_shared,16384,1024,1024,8396800,16793600,1024,1024,256,3,0,224,4.4535360336303711,0.019881857292992727,3542.20947265625,1
2026-08-16T15:03:54Z,NVIDIA H200 NVL,screen,uniform_0_1,gemv,lns,lns4_r1,4,2,1,fp32,fused,padded,thread_packet,2,8,1,1,2,none,pair_lut_shared,fused/padded/thread_packet/x2/pair_lut_shared,16384,1024,1024,8396800,16793600,1024,1024,256,3,1,224,4.4564800262451172,0.0198950001171657,3542.20947265625,1
2026-08-16T15:03:54Z,NVIDIA H200 NVL,screen,uniform_0_1,gemv,lns,lns4_r1,4,2,1,fp32,fused,padded,thread_packet,2,8,1,1,2,none,pair_lut_shared,fused/padded/thread_packet/x2/pair_lut_shared,16384,1024,1024,8396800,16793600,1024,1024,256,3,2,224,4.4536318778991699,0.019882285169192722,3542.20947265625,1
2026-08-16T15:03:54Z,NVIDIA H200 NVL,screen,uniform_0_1,dot,lns,lns4_r1,4,2,1,fp32,fused,padded,thread_packet,4,8,1,1,4,none,pair_lut_shared,fused/padded/thread_packet/x4/pair_lut_shared,16777216,0,1,16777216,33554432,1024,512,256,3,0,213,4.559135913848877,0.021404393961731816,3609998.25,1
2026-08-16T15:03:54Z,NVIDIA H200 NVL,screen,uniform_0_1,dot,lns,lns4_r1,4,2,1,fp32,fused,padded,thread_packet,4,8,1,1,4,none,pair_lut_shared,fused/padded/thread_packet/x4/pair_lut_shared,16777216,0,1,16777216,33554432,1024,512,256,3,1,213,4.5610880851745605,0.021413559085326574,3609998.25,1
2026-08-16T15:03:54Z,NVIDIA H200 NVL,screen,uniform_0_1,dot,lns,lns4_r1,4,2,1,fp32,fused,padded,thread_packet,4,8,1,1,4,none,pair_lut_shared,fused/padded/thread_packet/x4/pair_lut_shared,16777216,0,1,16777216,33554432,1024,512,256,3,2,213,4.5590081214904785,0.021403793997607879,3609998.25,1
2026-08-16T15:03:54Z,NVIDIA H200 NVL,screen,uniform_0_1,gemv,lns,lns4_r1,4,2,1,fp32,fused,padded,thread_packet,4,8,1,1,4,none,pair_lut_shared,fused/padded/thread_packet/x4/pair_lut_shared,16384,1024,1024,8396800,16793600,1024,1024,256,3,0,253,4.3606719970703125,0.017235857695930088,3542.20947265625,1
2026-08-16T15:03:54Z,NVIDIA H200 NVL,screen,uniform_0_1,gemv,lns,lns4_r1,4,2,1,fp32,fused,padded,thread_packet,4,8,1,1,4,none,pair_lut_shared,fused/padded/thread_packet/x4/pair_lut_shared,16384,1024,1024,8396800,16793600,1024,1024,256,3,1,253,4.3584637641906738,0.017227129502729935,3542.20947265625,1
2026-08-16T15:03:54Z,NVIDIA H200 NVL,screen,uniform_0_1,gemv,lns,lns4_r1,4,2,1,fp32,fused,padded,thread_packet,4,8,1,1,4,none,pair_lut_shared,fused/padded/thread_packet/x4/pair_lut_shared,16384,1024,1024,8396800,16793600,1024,1024,256,3,2,253,4.359839916229248,0.017232568838850784,3542.20947265625,1
2026-08-16T15:03:54Z,NVIDIA H200 NVL,screen,uniform_0_1,dot,lns,lns4_r1,4,2,1,fp32,fused,padded,thread_packet,8,8,1,1,8,none,pair_lut_shared,fused/padded/thread_packet/x8/pair_lut_shared,16777216,0,1,16777216,33554432,1024,512,256,3,0,229,4.4765119552612305,0.019548087140878734,3609998.5,1
2026-08-16T15:03:54Z,NVIDIA H200 NVL,screen,uniform_0_1,dot,lns,lns4_r1,4,2,1,fp32,fused,padded,thread_packet,8,8,1,1,8,none,pair_lut_shared,fused/padded/thread_packet/x8/pair_lut_shared,16777216,0,1,16777216,33554432,1024,512,256,3,1,229,4.474815845489502,0.019540680547989093,3609998.5,1
2026-08-16T15:03:54Z,NVIDIA H200 NVL,screen,uniform_0_1,dot,lns,lns4_r1,4,2,1,fp32,fused,padded,thread_packet,8,8,1,1,8,none,pair_lut_shared,fused/padded/thread_packet/x8/pair_lut_shared,16777216,0,1,16777216,33554432,1024,512,256,3,2,229,4.4755520820617676,0.019543895554854879,3609998.5,1
2026-08-16T15:03:54Z,NVIDIA H200 NVL,screen,uniform_0_1,gemv,lns,lns4_r1,4,2,1,fp32,fused,padded,thread_packet,8,8,1,1,8,none,pair_lut_shared,fused/padded/thread_packet/x8/pair_lut_shared,16384,1024,1024,8396800,16793600,1024,1024,256,3,0,264,4.292543888092041,0.01625963593974258,3542.20947265625,1
2026-08-16T15:03:54Z,NVIDIA H200 NVL,screen,uniform_0_1,gemv,lns,lns4_r1,4,2,1,fp32,fused,padded,thread_packet,8,8,1,1,8,none,pair_lut_shared,fused/padded/thread_packet/x8/pair_lut_shared,16384,1024,1024,8396800,16793600,1024,1024,256,3,1,264,4.2892160415649414,0.016247030460473263,3542.20947265625,1
2026-08-16T15:03:54Z,NVIDIA H200 NVL,screen,uniform_0_1,gemv,lns,lns4_r1,4,2,1,fp32,fused,padded,thread_packet,8,8,1,1,8,none,pair_lut_shared,fused/padded/thread_packet/x8/pair_lut_shared,16384,1024,1024,8396800,16793600,1024,1024,256,3,2,264,4.2895359992980957,0.016248242421583695,3542.20947265625,1
2026-08-16T15:03:54Z,NVIDIA H200 NVL,screen,uniform_0_1,dot,lns,lns4_r1,4,2,1,fp32,fused,dense,cooperative_shuffle,8,32,1,8,1,warp_shuffle,pair_lut_shared,fused/dense/cooperative_shuffle/x8/pair_lut_shared,16777216,0,1,16777216,16777216,1024,512,256,3,0,71,4.8536639213562012,0.068361463681073251,3609998.5,1
2026-08-16T15:03:54Z,NVIDIA H200 NVL,screen,uniform_0_1,dot,lns,lns4_r1,4,2,1,fp32,fused,dense,cooperative_shuffle,8,32,1,8,1,warp_shuffle,pair_lut_shared,fused/dense/cooperative_shuffle/x8/pair_lut_shared,16777216,0,1,16777216,16777216,1024,512,256,3,1,71,4.8531842231750488,0.068354707368662657,3609998.5,1
2026-08-16T15:03:54Z,NVIDIA H200 NVL,screen,uniform_0_1,dot,lns,lns4_r1,4,2,1,fp32,fused,dense,cooperative_shuffle,8,32,1,8,1,warp_shuffle,pair_lut_shared,fused/dense/cooperative_shuffle/x8/pair_lut_shared,16777216,0,1,16777216,16777216,1024,512,256,3,2,71,4.8527998924255371,0.068349294259514609,3609998.5,1
2026-08-16T15:03:54Z,NVIDIA H200 NVL,screen,uniform_0_1,gemv,lns,lns4_r1,4,2,1,fp32,fused,dense,cooperative_shuffle,8,32,1,8,1,warp_shuffle,pair_lut_shared,fused/dense/cooperative_shuffle/x8/pair_lut_shared,16384,1024,1024,8396800,8396800,1024,1024,256,3,0,109,4.7353920936584473,0.043443964162004106,3542.20947265625,1
2026-08-16T15:03:54Z,NVIDIA H200 NVL,screen,uniform_0_1,gemv,lns,lns4_r1,4,2,1,fp32,fused,dense,cooperative_shuffle,8,32,1,8,1,warp_shuffle,pair_lut_shared,fused/dense/cooperative_shuffle/x8/pair_lut_shared,16384,1024,1024,8396800,8396800,1024,1024,256,3,1,109,4.7345919609069824,0.04343662349455947,3542.20947265625,1
2026-08-16T15:03:54Z,NVIDIA H200 NVL,screen,uniform_0_1,gemv,lns,lns4_r1,4,2,1,fp32,fused,dense,cooperative_shuffle,8,32,1,8,1,warp_shuffle,pair_lut_shared,fused/dense/cooperative_shuffle/x8/pair_lut_shared,16384,1024,1024,8396800,8396800,1024,1024,256,3,2,109,4.7325758934020996,0.043418127462404581,3542.20947265625,1
2026-08-16T15:03:54Z,NVIDIA H200 NVL,screen,uniform_0_1,dot,lns,lns4_r1,4,2,1,fp64,ordinary,dense,scalar,1,32,1,1,1,none,reference_exp2,ordinary/dense/scalar/x1/reference_exp2,16777216,0,1,16777216,16777216,0,512,256,3,0,39,4.9138240814208984,0.12599548926720253,3609997.3732460192,1
2026-08-16T15:03:54Z,NVIDIA H200 NVL,screen,uniform_0_1,dot,lns,lns4_r1,4,2,1,fp64,ordinary,dense,scalar,1,32,1,1,1,none,reference_exp2,ordinary/dense/scalar/x1/reference_exp2,16777216,0,1,16777216,16777216,0,512,256,3,1,39,4.9122557640075684,0.12595527600019407,3609997.3732460192,1
2026-08-16T15:03:54Z,NVIDIA H200 NVL,screen,uniform_0_1,dot,lns,lns4_r1,4,2,1,fp64,ordinary,dense,scalar,1,32,1,1,1,none,reference_exp2,ordinary/dense/scalar/x1/reference_exp2,16777216,0,1,16777216,16777216,0,512,256,3,2,39,4.9151678085327148,0.12602994380853114,3609997.3732460192,1
2026-08-16T15:03:54Z,NVIDIA H200 NVL,screen,uniform_0_1,gemv,lns,lns4_r1,4,2,1,fp64,ordinary,dense,scalar,1,32,1,1,1,none,reference_exp2,ordinary/dense/scalar/x1/reference_exp2,16384,1024,1024,8396800,8396800,0,1024,256,3,0,42,5.0317440032958984,0.11980342864990234,3542.2093411217938,1
2026-08-16T15:03:54Z,NVIDIA H200 NVL,screen,uniform_0_1,gemv,lns,lns4_r1,4,2,1,fp64,ordinary,dense,scalar,1,32,1,1,1,none,reference_exp2,ordinary/dense/scalar/x1/reference_exp2,16384,1024,1024,8396800,8396800,0,1024,256,3,1,42,5.0237760543823242,0.11961371558053153,3542.2093411217938,1
2026-08-16T15:03:54Z,NVIDIA H200 NVL,screen,uniform_0_1,gemv,lns,lns4_r1,4,2,1,fp64,ordinary,dense,scalar,1,32,1,1,1,none,reference_exp2,ordinary/dense/scalar/x1/reference_exp2,16384,1024,1024,8396800,8396800,0,1024,256,3,2,42,5.025792121887207,0.11966171718779064,3542.2093411217938,1
2026-08-16T15:03:54Z,NVIDIA H200 NVL,screen,uniform_0_1,dot,lns,lns4_r1,4,2,1,fp64,ordinary,padded,scalar,1,8,1,1,1,none,reference_exp2,ordinary/padded/scalar/x1/reference_exp2,16777216,0,1,16777216,33554432,0,512,256,3,0,40,4.8643522262573242,0.1216088056564331,3609997.3732460192,1
2026-08-16T15:03:54Z,NVIDIA H200 NVL,screen,uniform_0_1,dot,lns,lns4_r1,4,2,1,fp64,ordinary,padded,scalar,1,8,1,1,1,none,reference_exp2,ordinary/padded/scalar/x1/reference_exp2,16777216,0,1,16777216,33554432,0,512,256,3,1,40,4.8692479133605957,0.1217311978340149,3609997.3732460192,1
2026-08-16T15:03:54Z,NVIDIA H200 NVL,screen,uniform_0_1,dot,lns,lns4_r1,4,2,1,fp64,ordinary,padded,scalar,1,8,1,1,1,none,reference_exp2,ordinary/padded/scalar/x1/reference_exp2,16777216,0,1,16777216,33554432,0,512,256,3,2,40,4.8660159111022949,0.12165039777755737,3609997.3732460192,1
2026-08-16T15:03:54Z,NVIDIA H200 NVL,screen,uniform_0_1,gemv,lns,lns4_r1,4,2,1,fp64,ordinary,padded,scalar,1,8,1,1,1,none,reference_exp2,ordinary/padded/scalar/x1/reference_exp2,16384,1024,1024,8396800,16793600,0,1024,256,3,0,44,4.9001598358154297,0.11136726899580522,3542.2093411217938,1
2026-08-16T15:03:54Z,NVIDIA H200 NVL,screen,uniform_0_1,gemv,lns,lns4_r1,4,2,1,fp64,ordinary,padded,scalar,1,8,1,1,1,none,reference_exp2,ordinary/padded/scalar/x1/reference_exp2,16384,1024,1024,8396800,16793600,0,1024,256,3,1,44,4.9022722244262695,0.11141527782786977,3542.2093411217938,1
2026-08-16T15:03:54Z,NVIDIA H200 NVL,screen,uniform_0_1,gemv,lns,lns4_r1,4,2,1,fp64,ordinary,padded,scalar,1,8,1,1,1,none,reference_exp2,ordinary/padded/scalar/x1/reference_exp2,16384,1024,1024,8396800,16793600,0,1024,256,3,2,44,4.8935680389404297,0.11121745543046431,3542.2093411217938,1
2026-08-16T15:03:54Z,NVIDIA H200 NVL,screen,uniform_0_1,dot,lns,lns4_r1,4,2,1,fp64,fused,dense,scalar,1,32,1,1,1,none,reference_exp2,fused/dense/scalar/x1/reference_exp2,16777216,0,1,16777216,16777216,0,512,256,3,0,46,4.8671998977661133,0.10580869342969812,3609997.3732460192,1
2026-08-16T15:03:54Z,NVIDIA H200 NVL,screen,uniform_0_1,dot,lns,lns4_r1,4,2,1,fp64,fused,dense,scalar,1,32,1,1,1,none,reference_exp2,fused/dense/scalar/x1/reference_exp2,16777216,0,1,16777216,16777216,0,512,256,3,1,46,4.8632640838623047,0.10572313225787619,3609997.3732460192,1
2026-08-16T15:03:54Z,NVIDIA H200 NVL,screen,uniform_0_1,dot,lns,lns4_r1,4,2,1,fp64,fused,dense,scalar,1,32,1,1,1,none,reference_exp2,fused/dense/scalar/x1/reference_exp2,16777216,0,1,16777216,16777216,0,512,256,3,2,46,4.8707199096679688,0.10588521542756454,3609997.3732460192,1
2026-08-16T15:03:54Z,NVIDIA H200 NVL,screen,uniform_0_1,gemv,lns,lns4_r1,4,2,1,fp64,fused,dense,scalar,1,32,1,1,1,none,reference_exp2,fused/dense/scalar/x1/reference_exp2,16384,1024,1024,8396800,8396800,0,1024,256,3,0,47,4.9035840034484863,0.10433157454145715,3542.2093411217938,1
2026-08-16T15:03:54Z,NVIDIA H200 NVL,screen,uniform_0_1,gemv,lns,lns4_r1,4,2,1,fp64,fused,dense,scalar,1,32,1,1,1,none,reference_exp2,fused/dense/scalar/x1/reference_exp2,16384,1024,1024,8396800,8396800,0,1024,256,3,1,47,4.8977279663085938,0.10420697800656582,3542.2093411217938,1
2026-08-16T15:03:54Z,NVIDIA H200 NVL,screen,uniform_0_1,gemv,lns,lns4_r1,4,2,1,fp64,fused,dense,scalar,1,32,1,1,1,none,reference_exp2,fused/dense/scalar/x1/reference_exp2,16384,1024,1024,8396800,8396800,0,1024,256,3,2,47,4.8968958854675293,0.1041892741588836,3542.2093411217938,1
2026-08-16T15:03:54Z,NVIDIA H200 NVL,screen,uniform_0_1,dot,lns,lns4_r1,4,2,1,fp64,fused,padded,scalar,1,8,1,1,1,none,reference_exp2,fused/padded/scalar/x1/reference_exp2,16777216,0,1,16777216,33554432,0,512,256,3,0,52,4.8812160491943359,0.093869539407583386,3609997.3732460192,1
2026-08-16T15:03:54Z,NVIDIA H200 NVL,screen,uniform_0_1,dot,lns,lns4_r1,4,2,1,fp64,fused,padded,scalar,1,8,1,1,1,none,reference_exp2,fused/padded/scalar/x1/reference_exp2,16777216,0,1,16777216,33554432,0,512,256,3,1,52,4.8926401138305664,0.094089232958280117,3609997.3732460192,1
2026-08-16T15:03:54Z,NVIDIA H200 NVL,screen,uniform_0_1,dot,lns,lns4_r1,4,2,1,fp64,fused,padded,scalar,1,8,1,1,1,none,reference_exp2,fused/padded/scalar/x1/reference_exp2,16777216,0,1,16777216,33554432,0,512,256,3,2,52,4.8819842338562012,0.093884312189542324,3609997.3732460192,1
2026-08-16T15:03:54Z,NVIDIA H200 NVL,screen,uniform_0_1,gemv,lns,lns4_r1,4,2,1,fp64,fused,padded,scalar,1,8,1,1,1,none,reference_exp2,fused/padded/scalar/x1/reference_exp2,16384,1024,1024,8396800,16793600,0,1024,256,3,0,55,4.9170241355895996,0.089400438828901807,3542.2093411217938,1
2026-08-16T15:03:54Z,NVIDIA H200 NVL,screen,uniform_0_1,gemv,lns,lns4_r1,4,2,1,fp64,fused,padded,scalar,1,8,1,1,1,none,reference_exp2,fused/padded/scalar/x1/reference_exp2,16384,1024,1024,8396800,16793600,0,1024,256,3,1,55,4.9120321273803711,0.089309675043279468,3542.2093411217938,1
2026-08-16T15:03:54Z,NVIDIA H200 NVL,screen,uniform_0_1,gemv,lns,lns4_r1,4,2,1,fp64,fused,padded,scalar,1,8,1,1,1,none,reference_exp2,fused/padded/scalar/x1/reference_exp2,16384,1024,1024,8396800,16793600,0,1024,256,3,2,55,4.9099841117858887,0.089272438396107073,3542.2093411217938,1
2026-08-16T15:03:54Z,NVIDIA H200 NVL,screen,uniform_0_1,dot,lns,lns4_r1,4,2,1,fp64,ordinary,dense,scalar,1,32,1,1,1,none,ex2_approx,ordinary/dense/scalar/x1/ex2_approx,16777216,0,1,16777216,16777216,0,512,256,3,0,70,4.9179201126098633,0.070256001608712329,3609997.0296262447,1
2026-08-16T15:03:54Z,NVIDIA H200 NVL,screen,uniform_0_1,dot,lns,lns4_r1,4,2,1,fp64,ordinary,dense,scalar,1,32,1,1,1,none,ex2_approx,ordinary/dense/scalar/x1/ex2_approx,16777216,0,1,16777216,16777216,0,512,256,3,1,70,4.9156479835510254,0.070223542622157506,3609997.0296262447,1
2026-08-16T15:03:54Z,NVIDIA H200 NVL,screen,uniform_0_1,dot,lns,lns4_r1,4,2,1,fp64,ordinary,dense,scalar,1,32,1,1,1,none,ex2_approx,ordinary/dense/scalar/x1/ex2_approx,16777216,0,1,16777216,16777216,0,512,256,3,2,70,4.9157118797302246,0.070224455424717488,3609997.0296262447,1
2026-08-16T15:03:54Z,NVIDIA H200 NVL,screen,uniform_0_1,gemv,lns,lns4_r1,4,2,1,fp64,ordinary,dense,scalar,1,32,1,1,1,none,ex2_approx,ordinary/dense/scalar/x1/ex2_approx,16384,1024,1024,8396800,8396800,0,1024,256,3,0,69,4.8787198066711426,0.070706084154654236,3542.2090024233116,1
2026-08-16T15:03:54Z,NVIDIA H200 NVL,screen,uniform_0_1,gemv,lns,lns4_r1,4,2,1,fp64,ordinary,dense,scalar,1,32,1,1,1,none,ex2_approx,ordinary/dense/scalar/x1/ex2_approx,16384,1024,1024,8396800,8396800,0,1024,256,3,1,69,4.8777279853820801,0.070691709933073624,3542.2090024233116,1
2026-08-16T15:03:54Z,NVIDIA H200 NVL,screen,uniform_0_1,gemv,lns,lns4_r1,4,2,1,fp64,ordinary,dense,scalar,1,32,1,1,1,none,ex2_approx,ordinary/dense/scalar/x1/ex2_approx,16384,1024,1024,8396800,8396800,0,1024,256,3,2,69,4.8774399757385254,0.070687535880268479,3542.2090024233116,1
2026-08-16T15:03:54Z,NVIDIA H200 NVL,screen,uniform_0_1,dot,lns,lns4_r1,4,2,1,fp64,ordinary,padded,scalar,1,8,1,1,1,none,ex2_approx,ordinary/padded/scalar/x1/ex2_approx,16777216,0,1,16777216,33554432,0,512,256,3,0,78,4.8774080276489258,0.062530872149345204,3609997.0296262447,1
2026-08-16T15:03:54Z,NVIDIA H200 NVL,screen,uniform_0_1,dot,lns,lns4_r1,4,2,1,fp64,ordinary,padded,scalar,1,8,1,1,1,none,ex2_approx,ordinary/padded/scalar/x1/ex2_approx,16777216,0,1,16777216,33554432,0,512,256,3,1,78,4.8731198310852051,0.062475895270323142,3609997.0296262447,1
2026-08-16T15:03:54Z,NVIDIA H200 NVL,screen,uniform_0_1,dot,lns,lns4_r1,4,2,1,fp64,ordinary,padded,scalar,1,8,1,1,1,none,ex2_approx,ordinary/padded/scalar/x1/ex2_approx,16777216,0,1,16777216,33554432,0,512,256,3,2,78,4.8724479675292969,0.062467281634990983,3609997.0296262447,1
2026-08-16T15:03:54Z,NVIDIA H200 NVL,screen,uniform_0_1,gemv,lns,lns4_r1,4,2,1,fp64,ordinary,padded,scalar,1,8,1,1,1,none,ex2_approx,ordinary/padded/scalar/x1/ex2_approx,16384,1024,1024,8396800,16793600,0,1024,256,3,0,81,4.8790078163146973,0.060234664398946883,3542.2090024233116,1
2026-08-16T15:03:54Z,NVIDIA H200 NVL,screen,uniform_0_1,gemv,lns,lns4_r1,4,2,1,fp64,ordinary,padded,scalar,1,8,1,1,1,none,ex2_approx,ordinary/padded/scalar/x1/ex2_approx,16384,1024,1024,8396800,16793600,0,1024,256,3,1,81,4.8807997703552246,0.060256787288336104,3542.2090024233116,1
2026-08-16T15:03:54Z,NVIDIA H200 NVL,screen,uniform_0_1,gemv,lns,lns4_r1,4,2,1,fp64,ordinary,padded,scalar,1,8,1,1,1,none,ex2_approx,ordinary/padded/scalar/x1/ex2_approx,16384,1024,1024,8396800,16793600,0,1024,256,3,2,81,4.8921599388122559,0.060397036281632788,3542.2090024233116,1
2026-08-16T15:03:54Z,NVIDIA H200 NVL,screen,uniform_0_1,dot,lns,lns4_r1,4,2,1,fp64,ordinary,dense,thread_packet,2,32,1,1,2,none,ex2_approx,ordinary/dense/thread_packet/x2/ex2_approx,16777216,0,1,16777216,16777216,0,512,256,3,0,65,4.9331521987915039,0.075894649212176979,3609997.0296262437,1
2026-08-16T15:03:54Z,NVIDIA H200 NVL,screen,uniform_0_1,dot,lns,lns4_r1,4,2,1,fp64,ordinary,dense,thread_packet,2,32,1,1,2,none,ex2_approx,ordinary/dense/thread_packet/x2/ex2_approx,16777216,0,1,16777216,16777216,0,512,256,3,1,65,4.9313597679138184,0.075867073352520284,3609997.0296262437,1
2026-08-16T15:03:54Z,NVIDIA H200 NVL,screen,uniform_0_1,dot,lns,lns4_r1,4,2,1,fp64,ordinary,dense,thread_packet,2,32,1,1,2,none,ex2_approx,ordinary/dense/thread_packet/x2/ex2_approx,16777216,0,1,16777216,16777216,0,512,256,3,2,65,4.9312639236450195,0.075865598825307995,3609997.0296262437,1
2026-08-16T15:03:54Z,NVIDIA H200 NVL,screen,uniform_0_1,gemv,lns,lns4_r1,4,2,1,fp64,ordinary,dense,thread_packet,2,32,1,1,2,none,ex2_approx,ordinary/dense/thread_packet/x2/ex2_approx,16384,1024,1024,8396800,8396800,0,1024,256,3,0,65,4.8569598197937012,0.074722458766056946,3542.2090024233121,1
2026-08-16T15:03:54Z,NVIDIA H200 NVL,screen,uniform_0_1,gemv,lns,lns4_r1,4,2,1,fp64,ordinary,dense,thread_packet,2,32,1,1,2,none,ex2_approx,ordinary/dense/thread_packet/x2/ex2_approx,16384,1024,1024,8396800,8396800,0,1024,256,3,1,65,4.8551039695739746,0.074693907224214998,3542.2090024233121,1
2026-08-16T15:03:54Z,NVIDIA H200 NVL,screen,uniform_0_1,gemv,lns,lns4_r1,4,2,1,fp64,ordinary,dense,thread_packet,2,32,1,1,2,none,ex2_approx,ordinary/dense/thread_packet/x2/ex2_approx,16384,1024,1024,8396800,8396800,0,1024,256,3,2,65,4.8559999465942383,0.074707691486065209,3542.2090024233121,1
2026-08-16T15:03:54Z,NVIDIA H200 NVL,screen,uniform_0_1,dot,lns,lns4_r1,4,2,1,fp64,ordinary,dense,thread_packet,4,32,1,1,4,none,ex2_approx,ordinary/dense/thread_packet/x4/ex2_approx,16777216,0,1,16777216,16777216,0,512,256,3,0,66,4.8902401924133301,0.074094548369898941,3609997.0296262447,1
2026-08-16T15:03:54Z,NVIDIA H200 NVL,screen,uniform_0_1,dot,lns,lns4_r1,4,2,1,fp64,ordinary,dense,thread_packet,4,32,1,1,4,none,ex2_approx,ordinary/dense/thread_packet/x4/ex2_approx,16777216,0,1,16777216,16777216,0,512,256,3,1,66,4.8902401924133301,0.074094548369898941,3609997.0296262447,1
2026-08-16T15:03:54Z,NVIDIA H200 NVL,screen,uniform_0_1,dot,lns,lns4_r1,4,2,1,fp64,ordinary,dense,thread_packet,4,32,1,1,4,none,ex2_approx,ordinary/dense/thread_packet/x4/ex2_approx,16777216,0,1,16777216,16777216,0,512,256,3,2,66,4.8914880752563477,0.07411345568570224,3609997.0296262447,1
2026-08-16T15:03:54Z,NVIDIA H200 NVL,screen,uniform_0_1,gemv,lns,lns4_r1,4,2,1,fp64,ordinary,dense,thread_packet,4,32,1,1,4,none,ex2_approx,ordinary/dense/thread_packet/x4/ex2_approx,16384,1024,1024,8396800,8396800,0,1024,256,3,0,67,4.9213118553161621,0.073452415750987488,3542.2090024233116,1
2026-08-16T15:03:54Z,NVIDIA H200 NVL,screen,uniform_0_1,gemv,lns,lns4_r1,4,2,1,fp64,ordinary,dense,thread_packet,4,32,1,1,4,none,ex2_approx,ordinary/dense/thread_packet/x4/ex2_approx,16384,1024,1024,8396800,8396800,0,1024,256,3,1,67,4.9208641052246094,0.073445732913800146,3542.2090024233116,1
2026-08-16T15:03:54Z,NVIDIA H200 NVL,screen,uniform_0_1,gemv,lns,lns4_r1,4,2,1,fp64,ordinary,dense,thread_packet,4,32,1,1,4,none,ex2_approx,ordinary/dense/thread_packet/x4/ex2_approx,16384,1024,1024,8396800,8396800,0,1024,256,3,2,67,4.9220161437988281,0.07346292751938549,3542.2090024233116,1
2026-08-16T15:03:54Z,NVIDIA H200 NVL,screen,uniform_0_1,dot,lns,lns4_r1,4,2,1,fp64,ordinary,dense,thread_packet,8,32,1,1,8,none,ex2_approx,ordinary/dense/thread_packet/x8/ex2_approx,16777216,0,1,16777216,16777216,0,512,256,3,0,74,4.8874878883361816,0.066047133626164614,3609997.0296262442,1
2026-08-16T15:03:54Z,NVIDIA H200 NVL,screen,uniform_0_1,dot,lns,lns4_r1,4,2,1,fp64,ordinary,dense,thread_packet,8,32,1,1,8,none,ex2_approx,ordinary/dense/thread_packet/x8/ex2_approx,16777216,0,1,16777216,16777216,0,512,256,3,1,74,4.8915519714355469,0.06610205366804793,3609997.0296262442,1
2026-08-16T15:03:54Z,NVIDIA H200 NVL,screen,uniform_0_1,dot,lns,lns4_r1,4,2,1,fp64,ordinary,dense,thread_packet,8,32,1,1,8,none,ex2_approx,ordinary/dense/thread_packet/x8/ex2_approx,16777216,0,1,16777216,16777216,0,512,256,3,2,74,4.8888320922851562,0.066065298544393997,3609997.0296262442,1
2026-08-16T15:03:54Z,NVIDIA H200 NVL,screen,uniform_0_1,gemv,lns,lns4_r1,4,2,1,fp64,ordinary,dense,thread_packet,8,32,1,1,8,none,ex2_approx,ordinary/dense/thread_packet/x8/ex2_approx,16384,1024,1024,8396800,8396800,0,1024,256,3,0,73,4.8854079246520996,0.066923396228110957,3542.2090024233121,1
2026-08-16T15:03:54Z,NVIDIA H200 NVL,screen,uniform_0_1,gemv,lns,lns4_r1,4,2,1,fp64,ordinary,dense,thread_packet,8,32,1,1,8,none,ex2_approx,ordinary/dense/thread_packet/x8/ex2_approx,16384,1024,1024,8396800,8396800,0,1024,256,3,1,73,4.8861122131347656,0.066933044015544729,3542.2090024233121,1
2026-08-16T15:03:54Z,NVIDIA H200 NVL,screen,uniform_0_1,gemv,lns,lns4_r1,4,2,1,fp64,ordinary,dense,thread_packet,8,32,1,1,8,none,ex2_approx,ordinary/dense/thread_packet/x8/ex2_approx,16384,1024,1024,8396800,8396800,0,1024,256,3,2,73,4.886591911315918,0.066939615223505722,3542.2090024233121,1
2026-08-16T15:03:54Z,NVIDIA H200 NVL,screen,uniform_0_1,dot,lns,lns4_r1,4,2,1,fp64,ordinary,padded,thread_packet,2,8,1,1,2,none,ex2_approx,ordinary/padded/thread_packet/x2/ex2_approx,16777216,0,1,16777216,33554432,0,512,256,3,0,79,4.8336319923400879,0.061185215092912505,3609997.0296262437,1
2026-08-16T15:03:54Z,NVIDIA H200 NVL,screen,uniform_0_1,dot,lns,lns4_r1,4,2,1,fp64,ordinary,padded,thread_packet,2,8,1,1,2,none,ex2_approx,ordinary/padded/thread_packet/x2/ex2_approx,16777216,0,1,16777216,33554432,0,512,256,3,1,79,4.8220157623291016,0.061038174206697486,3609997.0296262437,1
2026-08-16T15:03:54Z,NVIDIA H200 NVL,screen,uniform_0_1,dot,lns,lns4_r1,4,2,1,fp64,ordinary,padded,thread_packet,2,8,1,1,2,none,ex2_approx,ordinary/padded/thread_packet/x2/ex2_approx,16777216,0,1,16777216,33554432,0,512,256,3,2,79,4.8207039833068848,0.061021569408947908,3609997.0296262437,1
2026-08-16T15:03:54Z,NVIDIA H200 NVL,screen,uniform_0_1,gemv,lns,lns4_r1,4,2,1,fp64,ordinary,padded,thread_packet,2,8,1,1,2,none,ex2_approx,ordinary/padded/thread_packet/x2/ex2_approx,16384,1024,1024,8396800,16793600,0,1024,256,3,0,85,4.8267521858215332,0.056785319833194507,3542.2090024233121,1
2026-08-16T15:03:54Z,NVIDIA H200 NVL,screen,uniform_0_1,gemv,lns,lns4_r1,4,2,1,fp64,ordinary,padded,thread_packet,2,8,1,1,2,none,ex2_approx,ordinary/padded/thread_packet/x2/ex2_approx,16384,1024,1024,8396800,16793600,0,1024,256,3,1,85,4.82806396484375,0.056800752527573529,3542.2090024233121,1
2026-08-16T15:03:54Z,NVIDIA H200 NVL,screen,uniform_0_1,gemv,lns,lns4_r1,4,2,1,fp64,ordinary,padded,thread_packet,2,8,1,1,2,none,ex2_approx,ordinary/padded/thread_packet/x2/ex2_approx,16384,1024,1024,8396800,16793600,0,1024,256,3,2,85,4.8270721435546875,0.05678908404181985,3542.2090024233121,1
2026-08-16T15:03:54Z,NVIDIA H200 NVL,screen,uniform_0_1,dot,lns,lns4_r1,4,2,1,fp64,ordinary,padded,thread_packet,4,8,1,1,4,none,ex2_approx,ordinary/padded/thread_packet/x4/ex2_approx,16777216,0,1,16777216,33554432,0,512,256,3,0,85,4.8742079734802246,0.057343623217414409,3609997.0296262447,1
2026-08-16T15:03:54Z,NVIDIA H200 NVL,screen,uniform_0_1,dot,lns,lns4_r1,4,2,1,fp64,ordinary,padded,thread_packet,4,8,1,1,4,none,ex2_approx,ordinary/padded/thread_packet/x4/ex2_approx,16777216,0,1,16777216,33554432,0,512,256,3,1,85,4.8731842041015625,0.057331578871783091,3609997.0296262447,1
2026-08-16T15:03:54Z,NVIDIA H200 NVL,screen,uniform_0_1,dot,lns,lns4_r1,4,2,1,fp64,ordinary,padded,thread_packet,4,8,1,1,4,none,ex2_approx,ordinary/padded/thread_packet/x4/ex2_approx,16777216,0,1,16777216,33554432,0,512,256,3,2,85,4.8733119964599609,0.057333082311293658,3609997.0296262447,1
2026-08-16T15:03:54Z,NVIDIA H200 NVL,screen,uniform_0_1,gemv,lns,lns4_r1,4,2,1,fp64,ordinary,padded,thread_packet,4,8,1,1,4,none,ex2_approx,ordinary/padded/thread_packet/x4/ex2_approx,16384,1024,1024,8396800,16793600,0,1024,256,3,0,92,4.8378877639770508,0.052585736564967941,3542.2090024233116,1
2026-08-16T15:03:54Z,NVIDIA H200 NVL,screen,uniform_0_1,gemv,lns,lns4_r1,4,2,1,fp64,ordinary,padded,thread_packet,4,8,1,1,4,none,ex2_approx,ordinary/padded/thread_packet/x4/ex2_approx,16384,1024,1024,8396800,16793600,0,1024,256,3,1,92,4.8380799293518066,0.052587825319041374,3542.2090024233116,1
2026-08-16T15:03:54Z,NVIDIA H200 NVL,screen,uniform_0_1,gemv,lns,lns4_r1,4,2,1,fp64,ordinary,padded,thread_packet,4,8,1,1,4,none,ex2_approx,ordinary/padded/thread_packet/x4/ex2_approx,16384,1024,1024,8396800,16793600,0,1024,256,3,2,92,4.8376002311706543,0.052582611208376678,3542.2090024233116,1
2026-08-16T15:03:54Z,NVIDIA H200 NVL,screen,uniform_0_1,dot,lns,lns4_r1,4,2,1,fp64,ordinary,padded,thread_packet,8,8,1,1,8,none,ex2_approx,ordinary/padded/thread_packet/x8/ex2_approx,16777216,0,1,16777216,33554432,0,512,256,3,0,86,4.8808960914611816,0.056754605714664903,3609997.0296262442,1
2026-08-16T15:03:54Z,NVIDIA H200 NVL,screen,uniform_0_1,dot,lns,lns4_r1,4,2,1,fp64,ordinary,padded,thread_packet,8,8,1,1,8,none,ex2_approx,ordinary/padded/thread_packet/x8/ex2_approx,16777216,0,1,16777216,33554432,0,512,256,3,1,86,4.8784642219543457,0.056726328162259837,3609997.0296262442,1
2026-08-16T15:03:54Z,NVIDIA H200 NVL,screen,uniform_0_1,dot,lns,lns4_r1,4,2,1,fp64,ordinary,padded,thread_packet,8,8,1,1,8,none,ex2_approx,ordinary/padded/thread_packet/x8/ex2_approx,16777216,0,1,16777216,33554432,0,512,256,3,2,86,4.8774399757385254,0.05671441832254099,3609997.0296262442,1
2026-08-16T15:03:54Z,NVIDIA H200 NVL,screen,uniform_0_1,gemv,lns,lns4_r1,4,2,1,fp64,ordinary,padded,thread_packet,8,8,1,1,8,none,ex2_approx,ordinary/padded/thread_packet/x8/ex2_approx,16384,1024,1024,8396800,16793600,0,1024,256,3,0,94,4.8284797668457031,0.051366806030273438,3542.2090024233121,1
2026-08-16T15:03:54Z,NVIDIA H200 NVL,screen,uniform_0_1,gemv,lns,lns4_r1,4,2,1,fp64,ordinary,padded,thread_packet,8,8,1,1,8,none,ex2_approx,ordinary/padded/thread_packet/x8/ex2_approx,16384,1024,1024,8396800,16793600,0,1024,256,3,1,94,4.8244161605834961,0.051323576176420173,3542.2090024233121,1
2026-08-16T15:03:54Z,NVIDIA H200 NVL,screen,uniform_0_1,gemv,lns,lns4_r1,4,2,1,fp64,ordinary,padded,thread_packet,8,8,1,1,8,none,ex2_approx,ordinary/padded/thread_packet/x8/ex2_approx,16384,1024,1024,8396800,16793600,0,1024,256,3,2,94,4.8272638320922852,0.051353870554173245,3542.2090024233121,1
2026-08-16T15:03:54Z,NVIDIA H200 NVL,screen,uniform_0_1,dot,lns,lns4_r1,4,2,1,fp64,ordinary,dense,cooperative_shuffle,8,32,1,8,1,warp_shuffle,ex2_approx,ordinary/dense/cooperative_shuffle/x8/ex2_approx,16777216,0,1,16777216,16777216,0,512,256,3,0,46,4.9389119148254395,0.10736765032229216,3609997.0296262447,1
2026-08-16T15:03:54Z,NVIDIA H200 NVL,screen,uniform_0_1,dot,lns,lns4_r1,4,2,1,fp64,ordinary,dense,cooperative_shuffle,8,32,1,8,1,warp_shuffle,ex2_approx,ordinary/dense/cooperative_shuffle/x8/ex2_approx,16777216,0,1,16777216,16777216,0,512,256,3,1,46,4.9435520172119141,0.10746852211330248,3609997.0296262447,1
2026-08-16T15:03:54Z,NVIDIA H200 NVL,screen,uniform_0_1,dot,lns,lns4_r1,4,2,1,fp64,ordinary,dense,cooperative_shuffle,8,32,1,8,1,warp_shuffle,ex2_approx,ordinary/dense/cooperative_shuffle/x8/ex2_approx,16777216,0,1,16777216,16777216,0,512,256,3,2,46,4.9409279823303223,0.10741147787674614,3609997.0296262447,1
2026-08-16T15:03:54Z,NVIDIA H200 NVL,screen,uniform_0_1,gemv,lns,lns4_r1,4,2,1,fp64,ordinary,dense,cooperative_shuffle,8,32,1,8,1,warp_shuffle,ex2_approx,ordinary/dense/cooperative_shuffle/x8/ex2_approx,16384,1024,1024,8396800,8396800,0,1024,256,3,0,60,4.9047360420227051,0.081745600700378424,3542.2090024233116,1
2026-08-16T15:03:54Z,NVIDIA H200 NVL,screen,uniform_0_1,gemv,lns,lns4_r1,4,2,1,fp64,ordinary,dense,cooperative_shuffle,8,32,1,8,1,warp_shuffle,ex2_approx,ordinary/dense/cooperative_shuffle/x8/ex2_approx,16384,1024,1024,8396800,8396800,0,1024,256,3,1,60,4.8805441856384277,0.081342403093973795,3542.2090024233116,1
2026-08-16T15:03:54Z,NVIDIA H200 NVL,screen,uniform_0_1,gemv,lns,lns4_r1,4,2,1,fp64,ordinary,dense,cooperative_shuffle,8,32,1,8,1,warp_shuffle,ex2_approx,ordinary/dense/cooperative_shuffle/x8/ex2_approx,16384,1024,1024,8396800,8396800,0,1024,256,3,2,60,4.8771200180053711,0.081285333633422857,3542.2090024233116,1
2026-08-16T15:03:54Z,NVIDIA H200 NVL,screen,uniform_0_1,dot,lns,lns4_r1,4,2,1,fp64,fused,dense,scalar,1,32,1,1,1,none,ex2_approx,fused/dense/scalar/x1/ex2_approx,16777216,0,1,16777216,16777216,0,512,256,3,0,58,4.8474879264831543,0.083577378042813011,3609997.1908936799,1
2026-08-16T15:03:54Z,NVIDIA H200 NVL,screen,uniform_0_1,dot,lns,lns4_r1,4,2,1,fp64,fused,dense,scalar,1,32,1,1,1,none,ex2_approx,fused/dense/scalar/x1/ex2_approx,16777216,0,1,16777216,16777216,0,512,256,3,1,58,4.8447680473327637,0.083530483574702816,3609997.1908936799,1
2026-08-16T15:03:54Z,NVIDIA H200 NVL,screen,uniform_0_1,dot,lns,lns4_r1,4,2,1,fp64,fused,dense,scalar,1,32,1,1,1,none,ex2_approx,fused/dense/scalar/x1/ex2_approx,16777216,0,1,16777216,16777216,0,512,256,3,2,58,4.8449277877807617,0.083533237720357964,3609997.1908936799,1
2026-08-16T15:03:54Z,NVIDIA H200 NVL,screen,uniform_0_1,gemv,lns,lns4_r1,4,2,1,fp64,fused,dense,scalar,1,32,1,1,1,none,ex2_approx,fused/dense/scalar/x1/ex2_approx,16384,1024,1024,8396800,8396800,0,1024,256,3,0,59,4.9416642189025879,0.083757020659365897,3542.2091609239578,1
2026-08-16T15:03:54Z,NVIDIA H200 NVL,screen,uniform_0_1,gemv,lns,lns4_r1,4,2,1,fp64,fused,dense,scalar,1,32,1,1,1,none,ex2_approx,fused/dense/scalar/x1/ex2_approx,16384,1024,1024,8396800,8396800,0,1024,256,3,1,59,4.940864086151123,0.083743459087307168,3542.2091609239578,1
2026-08-16T15:03:54Z,NVIDIA H200 NVL,screen,uniform_0_1,gemv,lns,lns4_r1,4,2,1,fp64,fused,dense,scalar,1,32,1,1,1,none,ex2_approx,fused/dense/scalar/x1/ex2_approx,16384,1024,1024,8396800,8396800,0,1024,256,3,2,59,4.942080020904541,0.083764068150924423,3542.2091609239578,1
2026-08-16T15:03:54Z,NVIDIA H200 NVL,screen,uniform_0_1,dot,lns,lns4_r1,4,2,1,fp64,fused,padded,scalar,1,8,1,1,1,none,ex2_approx,fused/padded/scalar/x1/ex2_approx,16777216,0,1,16777216,33554432,0,512,256,3,0,68,4.8924479484558105,0.071947763947879564,3609997.1908936799,1
2026-08-16T15:03:54Z,NVIDIA H200 NVL,screen,uniform_0_1,dot,lns,lns4_r1,4,2,1,fp64,fused,padded,scalar,1,8,1,1,1,none,ex2_approx,fused/padded/scalar/x1/ex2_approx,16777216,0,1,16777216,33554432,0,512,256,3,1,68,4.8926081657409668,0.071950120084425986,3609997.1908936799,1
2026-08-16T15:03:54Z,NVIDIA H200 NVL,screen,uniform_0_1,dot,lns,lns4_r1,4,2,1,fp64,fused,padded,scalar,1,8,1,1,1,none,ex2_approx,fused/padded/scalar/x1/ex2_approx,16777216,0,1,16777216,33554432,0,512,256,3,2,68,4.8937602043151855,0.071967061828164494,3609997.1908936799,1
2026-08-16T15:03:54Z,NVIDIA H200 NVL,screen,uniform_0_1,gemv,lns,lns4_r1,4,2,1,fp64,fused,padded,scalar,1,8,1,1,1,none,ex2_approx,fused/padded/scalar/x1/ex2_approx,16384,1024,1024,8396800,16793600,0,1024,256,3,0,73,4.872704029083252,0.066749370261414406,3542.2091609239578,1
2026-08-16T15:03:54Z,NVIDIA H200 NVL,screen,uniform_0_1,gemv,lns,lns4_r1,4,2,1,fp64,fused,padded,scalar,1,8,1,1,1,none,ex2_approx,fused/padded/scalar/x1/ex2_approx,16384,1024,1024,8396800,16793600,0,1024,256,3,1,73,4.8711037635803223,0.066727448816168794,3542.2091609239578,1
2026-08-16T15:03:54Z,NVIDIA H200 NVL,screen,uniform_0_1,gemv,lns,lns4_r1,4,2,1,fp64,fused,padded,scalar,1,8,1,1,1,none,ex2_approx,fused/padded/scalar/x1/ex2_approx,16384,1024,1024,8396800,16793600,0,1024,256,3,2,73,4.8703999519348145,0.06671780756075088,3542.2091609239578,1
2026-08-16T15:03:54Z,NVIDIA H200 NVL,screen,uniform_0_1,dot,lns,lns4_r1,4,2,1,fp64,fused,dense,thread_packet,2,32,1,1,2,none,ex2_approx,fused/dense/thread_packet/x2/ex2_approx,16777216,0,1,16777216,16777216,0,512,256,3,0,59,4.8852801322937012,0.082801358174469514,3609997.1908936799,1
2026-08-16T15:03:54Z,NVIDIA H200 NVL,screen,uniform_0_1,dot,lns,lns4_r1,4,2,1,fp64,fused,dense,thread_packet,2,32,1,1,2,none,ex2_approx,fused/dense/thread_packet/x2/ex2_approx,16777216,0,1,16777216,16777216,0,512,256,3,1,59,4.885216236114502,0.082800275188381386,3609997.1908936799,1
2026-08-16T15:03:54Z,NVIDIA H200 NVL,screen,uniform_0_1,dot,lns,lns4_r1,4,2,1,fp64,fused,dense,thread_packet,2,32,1,1,2,none,ex2_approx,fused/dense/thread_packet/x2/ex2_approx,16777216,0,1,16777216,16777216,0,512,256,3,2,59,4.8873600959777832,0.082836611796233611,3609997.1908936799,1
2026-08-16T15:03:54Z,NVIDIA H200 NVL,screen,uniform_0_1,gemv,lns,lns4_r1,4,2,1,fp64,fused,dense,thread_packet,2,32,1,1,2,none,ex2_approx,fused/dense/thread_packet/x2/ex2_approx,16384,1024,1024,8396800,8396800,0,1024,256,3,0,60,4.901343822479248,0.081689063707987467,3542.2091609239578,1
2026-08-16T15:03:54Z,NVIDIA H200 NVL,screen,uniform_0_1,gemv,lns,lns4_r1,4,2,1,fp64,fused,dense,thread_packet,2,32,1,1,2,none,ex2_approx,fused/dense/thread_packet/x2/ex2_approx,16384,1024,1024,8396800,8396800,0,1024,256,3,1,60,4.9007678031921387,0.081679463386535645,3542.2091609239578,1
2026-08-16T15:03:54Z,NVIDIA H200 NVL,screen,uniform_0_1,gemv,lns,lns4_r1,4,2,1,fp64,fused,dense,thread_packet,2,32,1,1,2,none,ex2_approx,fused/dense/thread_packet/x2/ex2_approx,16384,1024,1024,8396800,8396800,0,1024,256,3,2,60,4.9128642082214355,0.08188107013702392,3542.2091609239578,1
2026-08-16T15:03:54Z,NVIDIA H200 NVL,screen,uniform_0_1,dot,lns,lns4_r1,4,2,1,fp64,fused,dense,thread_packet,4,32,1,1,4,none,ex2_approx,fused/dense/thread_packet/x4/ex2_approx,16777216,0,1,16777216,16777216,0,512,256,3,0,61,4.9127359390258789,0.080536654738129168,3609997.1908936799,1
2026-08-16T15:03:54Z,NVIDIA H200 NVL,screen,uniform_0_1,dot,lns,lns4_r1,4,2,1,fp64,fused,dense,thread_packet,4,32,1,1,4,none,ex2_approx,fused/dense/thread_packet/x4/ex2_approx,16777216,0,1,16777216,16777216,0,512,256,3,1,61,4.9158082008361816,0.080587019685839048,3609997.1908936799,1
2026-08-16T15:03:54Z,NVIDIA H200 NVL,screen,uniform_0_1,dot,lns,lns4_r1,4,2,1,fp64,fused,dense,thread_packet,4,32,1,1,4,none,ex2_approx,fused/dense/thread_packet/x4/ex2_approx,16777216,0,1,16777216,16777216,0,512,256,3,2,61,4.9161920547485352,0.080593312372926801,3609997.1908936799,1
2026-08-16T15:03:54Z,NVIDIA H200 NVL,screen,uniform_0_1,gemv,lns,lns4_r1,4,2,1,fp64,fused,dense,thread_packet,4,32,1,1,4,none,ex2_approx,fused/dense/thread_packet/x4/ex2_approx,16384,1024,1024,8396800,8396800,0,1024,256,3,0,60,4.8751997947692871,0.081253329912821456,3542.2091609239578,1
2026-08-16T15:03:54Z,NVIDIA H200 NVL,screen,uniform_0_1,gemv,lns,lns4_r1,4,2,1,fp64,fused,dense,thread_packet,4,32,1,1,4,none,ex2_approx,fused/dense/thread_packet/x4/ex2_approx,16384,1024,1024,8396800,8396800,0,1024,256,3,1,60,4.872960090637207,0.081216001510620112,3542.2091609239578,1
2026-08-16T15:03:54Z,NVIDIA H200 NVL,screen,uniform_0_1,gemv,lns,lns4_r1,4,2,1,fp64,fused,dense,thread_packet,4,32,1,1,4,none,ex2_approx,fused/dense/thread_packet/x4/ex2_approx,16384,1024,1024,8396800,8396800,0,1024,256,3,2,60,4.875648021697998,0.081260800361633301,3542.2091609239578,1
2026-08-16T15:03:54Z,NVIDIA H200 NVL,screen,uniform_0_1,dot,lns,lns4_r1,4,2,1,fp64,fused,dense,thread_packet,8,32,1,1,8,none,ex2_approx,fused/dense/thread_packet/x8/ex2_approx,16777216,0,1,16777216,16777216,0,512,256,3,0,74,4.8965439796447754,0.066169513238442917,3609997.1908936799,1
2026-08-16T15:03:54Z,NVIDIA H200 NVL,screen,uniform_0_1,dot,lns,lns4_r1,4,2,1,fp64,fused,dense,thread_packet,8,32,1,1,8,none,ex2_approx,fused/dense/thread_packet/x8/ex2_approx,16777216,0,1,16777216,16777216,0,512,256,3,1,74,4.8967680931091309,0.066172541798772036,3609997.1908936799,1
2026-08-16T15:03:54Z,NVIDIA H200 NVL,screen,uniform_0_1,dot,lns,lns4_r1,4,2,1,fp64,fused,dense,thread_packet,8,32,1,1,8,none,ex2_approx,fused/dense/thread_packet/x8/ex2_approx,16777216,0,1,16777216,16777216,0,512,256,3,2,74,4.8975358009338379,0.066182916228835653,3609997.1908936799,1
2026-08-16T15:03:54Z,NVIDIA H200 NVL,screen,uniform_0_1,gemv,lns,lns4_r1,4,2,1,fp64,fused,dense,thread_packet,8,32,1,1,8,none,ex2_approx,fused/dense/thread_packet/x8/ex2_approx,16384,1024,1024,8396800,8396800,0,1024,256,3,0,65,4.9236798286437988,0.075748920440673828,3542.2091609239578,1
2026-08-16T15:03:54Z,NVIDIA H200 NVL,screen,uniform_0_1,gemv,lns,lns4_r1,4,2,1,fp64,fused,dense,thread_packet,8,32,1,1,8,none,ex2_approx,fused/dense/thread_packet/x8/ex2_approx,16384,1024,1024,8396800,8396800,0,1024,256,3,1,65,4.9245119094848633,0.075761721684382513,3542.2091609239578,1
2026-08-16T15:03:54Z,NVIDIA H200 NVL,screen,uniform_0_1,gemv,lns,lns4_r1,4,2,1,fp64,fused,dense,thread_packet,8,32,1,1,8,none,ex2_approx,fused/dense/thread_packet/x8/ex2_approx,16384,1024,1024,8396800,8396800,0,1024,256,3,2,65,4.9233598709106445,0.075743998014009911,3542.2091609239578,1
2026-08-16T15:03:54Z,NVIDIA H200 NVL,screen,uniform_0_1,dot,lns,lns4_r1,4,2,1,fp64,fused,padded,thread_packet,2,8,1,1,2,none,ex2_approx,fused/padded/thread_packet/x2/ex2_approx,16777216,0,1,16777216,33554432,0,512,256,3,0,68,4.9127359390258789,0.072246116750380576,3609997.1908936799,1
2026-08-16T15:03:54Z,NVIDIA H200 NVL,screen,uniform_0_1,dot,lns,lns4_r1,4,2,1,fp64,fused,padded,thread_packet,2,8,1,1,2,none,ex2_approx,fused/padded/thread_packet/x2/ex2_approx,16777216,0,1,16777216,33554432,0,512,256,3,1,68,4.9107198715209961,0.072216468698838174,3609997.1908936799,1
2026-08-16T15:03:54Z,NVIDIA H200 NVL,screen,uniform_0_1,dot,lns,lns4_r1,4,2,1,fp64,fused,padded,thread_packet,2,8,1,1,2,none,ex2_approx,fused/padded/thread_packet/x2/ex2_approx,16777216,0,1,16777216,33554432,0,512,256,3,2,68,4.9116802215576172,0.072230591493494367,3609997.1908936799,1
2026-08-16T15:03:54Z,NVIDIA H200 NVL,screen,uniform_0_1,gemv,lns,lns4_r1,4,2,1,fp64,fused,padded,thread_packet,2,8,1,1,2,none,ex2_approx,fused/padded/thread_packet/x2/ex2_approx,16384,1024,1024,8396800,16793600,0,1024,256,3,0,74,4.8263359069824219,0.065220755499762459,3542.2091609239578,1
2026-08-16T15:03:54Z,NVIDIA H200 NVL,screen,uniform_0_1,gemv,lns,lns4_r1,4,2,1,fp64,fused,padded,thread_packet,2,8,1,1,2,none,ex2_approx,fused/padded/thread_packet/x2/ex2_approx,16384,1024,1024,8396800,16793600,0,1024,256,3,1,74,4.814176082611084,0.065056433548798434,3542.2091609239578,1
2026-08-16T15:03:54Z,NVIDIA H200 NVL,screen,uniform_0_1,gemv,lns,lns4_r1,4,2,1,fp64,fused,padded,thread_packet,2,8,1,1,2,none,ex2_approx,fused/padded/thread_packet/x2/ex2_approx,16384,1024,1024,8396800,16793600,0,1024,256,3,2,74,4.8164157867431641,0.065086699820853564,3542.2091609239578,1
2026-08-16T15:03:54Z,NVIDIA H200 NVL,screen,uniform_0_1,dot,lns,lns4_r1,4,2,1,fp64,fused,padded,thread_packet,4,8,1,1,4,none,ex2_approx,fused/padded/thread_packet/x4/ex2_approx,16777216,0,1,16777216,33554432,0,512,256,3,0,71,4.8581762313842773,0.068425017343440531,3609997.1908936799,1
2026-08-16T15:03:54Z,NVIDIA H200 NVL,screen,uniform_0_1,dot,lns,lns4_r1,4,2,1,fp64,fused,padded,thread_packet,4,8,1,1,4,none,ex2_approx,fused/padded/thread_packet/x4/ex2_approx,16777216,0,1,16777216,33554432,0,512,256,3,1,71,4.8550081253051758,0.068380396131058813,3609997.1908936799,1
2026-08-16T15:03:54Z,NVIDIA H200 NVL,screen,uniform_0_1,dot,lns,lns4_r1,4,2,1,fp64,fused,padded,thread_packet,4,8,1,1,4,none,ex2_approx,fused/padded/thread_packet/x4/ex2_approx,16777216,0,1,16777216,33554432,0,512,256,3,2,71,4.8445439338684082,0.068233013153076172,3609997.1908936799,1
2026-08-16T15:03:54Z,NVIDIA H200 NVL,screen,uniform_0_1,gemv,lns,lns4_r1,4,2,1,fp64,fused,padded,thread_packet,4,8,1,1,4,none,ex2_approx,fused/padded/thread_packet/x4/ex2_approx,16384,1024,1024,8396800,16793600,0,1024,256,3,0,79,4.8746237754821777,0.061704098423825036,3542.2091609239578,1
2026-08-16T15:03:54Z,NVIDIA H200 NVL,screen,uniform_0_1,gemv,lns,lns4_r1,4,2,1,fp64,fused,padded,thread_packet,4,8,1,1,4,none,ex2_approx,fused/padded/thread_packet/x4/ex2_approx,16384,1024,1024,8396800,16793600,0,1024,256,3,1,79,4.8741121292114258,0.061697621888752226,3542.2091609239578,1
2026-08-16T15:03:54Z,NVIDIA H200 NVL,screen,uniform_0_1,gemv,lns,lns4_r1,4,2,1,fp64,fused,padded,thread_packet,4,8,1,1,4,none,ex2_approx,fused/padded/thread_packet/x4/ex2_approx,16384,1024,1024,8396800,16793600,0,1024,256,3,2,79,4.8732800483703613,0.061687089219877991,3542.2091609239578,1
2026-08-16T15:03:54Z,NVIDIA H200 NVL,screen,uniform_0_1,dot,lns,lns4_r1,4,2,1,fp64,fused,padded,thread_packet,8,8,1,1,8,none,ex2_approx,fused/padded/thread_packet/x8/ex2_approx,16777216,0,1,16777216,33554432,0,512,256,3,0,71,4.8623361587524414,0.068483607869752702,3609997.1908936799,1
2026-08-16T15:03:54Z,NVIDIA H200 NVL,screen,uniform_0_1,dot,lns,lns4_r1,4,2,1,fp64,fused,padded,thread_packet,8,8,1,1,8,none,ex2_approx,fused/padded/thread_packet/x8/ex2_approx,16777216,0,1,16777216,33554432,0,512,256,3,1,71,4.8604798316955566,0.068457462418247281,3609997.1908936799,1
2026-08-16T15:03:54Z,NVIDIA H200 NVL,screen,uniform_0_1,dot,lns,lns4_r1,4,2,1,fp64,fused,padded,thread_packet,8,8,1,1,8,none,ex2_approx,fused/padded/thread_packet/x8/ex2_approx,16777216,0,1,16777216,33554432,0,512,256,3,2,71,4.8596158027648926,0.068445292996688625,3609997.1908936799,1
2026-08-16T15:03:54Z,NVIDIA H200 NVL,screen,uniform_0_1,gemv,lns,lns4_r1,4,2,1,fp64,fused,padded,thread_packet,8,8,1,1,8,none,ex2_approx,fused/padded/thread_packet/x8/ex2_approx,16384,1024,1024,8396800,16793600,0,1024,256,3,0,80,4.856287956237793,0.060703599452972413,3542.2091609239578,1
2026-08-16T15:03:54Z,NVIDIA H200 NVL,screen,uniform_0_1,gemv,lns,lns4_r1,4,2,1,fp64,fused,padded,thread_packet,8,8,1,1,8,none,ex2_approx,fused/padded/thread_packet/x8/ex2_approx,16384,1024,1024,8396800,16793600,0,1024,256,3,1,80,4.8550400733947754,0.06068800091743469,3542.2091609239578,1
2026-08-16T15:03:54Z,NVIDIA H200 NVL,screen,uniform_0_1,gemv,lns,lns4_r1,4,2,1,fp64,fused,padded,thread_packet,8,8,1,1,8,none,ex2_approx,fused/padded/thread_packet/x8/ex2_approx,16384,1024,1024,8396800,16793600,0,1024,256,3,2,80,4.8559041023254395,0.060698801279067995,3542.2091609239578,1
2026-08-16T15:03:54Z,NVIDIA H200 NVL,screen,uniform_0_1,dot,lns,lns4_r1,4,2,1,fp64,fused,dense,cooperative_shuffle,8,32,1,8,1,warp_shuffle,ex2_approx,fused/dense/cooperative_shuffle/x8/ex2_approx,16777216,0,1,16777216,16777216,0,512,256,3,0,49,4.9181761741638184,0.10037094232987384,3609997.1908936799,1
2026-08-16T15:03:54Z,NVIDIA H200 NVL,screen,uniform_0_1,dot,lns,lns4_r1,4,2,1,fp64,fused,dense,cooperative_shuffle,8,32,1,8,1,warp_shuffle,ex2_approx,fused/dense/cooperative_shuffle/x8/ex2_approx,16777216,0,1,16777216,16777216,0,512,256,3,1,49,4.9179520606994629,0.10036636858570333,3609997.1908936799,1
2026-08-16T15:03:54Z,NVIDIA H200 NVL,screen,uniform_0_1,dot,lns,lns4_r1,4,2,1,fp64,fused,dense,cooperative_shuffle,8,32,1,8,1,warp_shuffle,ex2_approx,fused/dense/cooperative_shuffle/x8/ex2_approx,16777216,0,1,16777216,16777216,0,512,256,3,2,49,4.921760082244873,0.10044408331111986,3609997.1908936799,1
2026-08-16T15:03:54Z,NVIDIA H200 NVL,screen,uniform_0_1,gemv,lns,lns4_r1,4,2,1,fp64,fused,dense,cooperative_shuffle,8,32,1,8,1,warp_shuffle,ex2_approx,fused/dense/cooperative_shuffle/x8/ex2_approx,16384,1024,1024,8396800,8396800,0,1024,256,3,0,57,4.9031038284301758,0.086019365411055718,3542.2091609239578,1
2026-08-16T15:03:54Z,NVIDIA H200 NVL,screen,uniform_0_1,gemv,lns,lns4_r1,4,2,1,fp64,fused,dense,cooperative_shuffle,8,32,1,8,1,warp_shuffle,ex2_approx,fused/dense/cooperative_shuffle/x8/ex2_approx,16384,1024,1024,8396800,8396800,0,1024,256,3,1,57,4.8994560241699219,0.085955368845086352,3542.2091609239578,1
2026-08-16T15:03:54Z,NVIDIA H200 NVL,screen,uniform_0_1,gemv,lns,lns4_r1,4,2,1,fp64,fused,dense,cooperative_shuffle,8,32,1,8,1,warp_shuffle,ex2_approx,fused/dense/cooperative_shuffle/x8/ex2_approx,16384,1024,1024,8396800,8396800,0,1024,256,3,2,57,4.9029760360717773,0.086017123439855736,3542.2091609239578,1
2026-08-16T15:03:54Z,NVIDIA H200 NVL,screen,uniform_0_1,dot,lns,lns4_r1,4,2,1,fp64,ordinary,dense,scalar,1,32,1,1,1,none,full_lut_global,ordinary/dense/scalar/x1/full_lut_global,16777216,0,1,16777216,16777216,128,512,256,3,0,121,4.7362880706787109,0.039142876617179433,3609997.3732460192,1
2026-08-16T15:03:54Z,NVIDIA H200 NVL,screen,uniform_0_1,dot,lns,lns4_r1,4,2,1,fp64,ordinary,dense,scalar,1,32,1,1,1,none,full_lut_global,ordinary/dense/scalar/x1/full_lut_global,16777216,0,1,16777216,16777216,128,512,256,3,1,121,4.737311840057373,0.039151337521135317,3609997.3732460192,1
2026-08-16T15:03:54Z,NVIDIA H200 NVL,screen,uniform_0_1,dot,lns,lns4_r1,4,2,1,fp64,ordinary,dense,scalar,1,32,1,1,1,none,full_lut_global,ordinary/dense/scalar/x1/full_lut_global,16777216,0,1,16777216,16777216,128,512,256,3,2,121,4.7375040054321289,0.03915292566472834,3609997.3732460192,1
2026-08-16T15:03:54Z,NVIDIA H200 NVL,screen,uniform_0_1,gemv,lns,lns4_r1,4,2,1,fp64,ordinary,dense,scalar,1,32,1,1,1,none,full_lut_global,ordinary/dense/scalar/x1/full_lut_global,16384,1024,1024,8396800,8396800,128,1024,256,3,0,119,4.780128002166748,0.040169142875350825,3542.2093411217938,1
2026-08-16T15:03:54Z,NVIDIA H200 NVL,screen,uniform_0_1,gemv,lns,lns4_r1,4,2,1,fp64,ordinary,dense,scalar,1,32,1,1,1,none,full_lut_global,ordinary/dense/scalar/x1/full_lut_global,16384,1024,1024,8396800,8396800,128,1024,256,3,1,119,4.807136058807373,0.040396101334515738,3542.2093411217938,1
2026-08-16T15:03:54Z,NVIDIA H200 NVL,screen,uniform_0_1,gemv,lns,lns4_r1,4,2,1,fp64,ordinary,dense,scalar,1,32,1,1,1,none,full_lut_global,ordinary/dense/scalar/x1/full_lut_global,16384,1024,1024,8396800,8396800,128,1024,256,3,2,119,4.7951679229736328,0.040295528764484306,3542.2093411217938,1
2026-08-16T15:03:54Z,NVIDIA H200 NVL,screen,uniform_0_1,dot,lns,lns4_r1,4,2,1,fp64,ordinary,padded,scalar,1,8,1,1,1,none,full_lut_global,ordinary/padded/scalar/x1/full_lut_global,16777216,0,1,16777216,33554432,128,512,256,3,0,133,4.768928050994873,0.035856601887179498,3609997.3732460192,1
2026-08-16T15:03:54Z,NVIDIA H200 NVL,screen,uniform_0_1,dot,lns,lns4_r1,4,2,1,fp64,ordinary,padded,scalar,1,8,1,1,1,none,full_lut_global,ordinary/padded/scalar/x1/full_lut_global,16777216,0,1,16777216,33554432,128,512,256,3,1,133,4.7703042030334473,0.035866948894988322,3609997.3732460192,1
2026-08-16T15:03:54Z,NVIDIA H200 NVL,screen,uniform_0_1,dot,lns,lns4_r1,4,2,1,fp64,ordinary,padded,scalar,1,8,1,1,1,none,full_lut_global,ordinary/padded/scalar/x1/full_lut_global,16777216,0,1,16777216,33554432,128,512,256,3,2,133,4.768064022064209,0.035850105429054202,3609997.3732460192,1
2026-08-16T15:03:54Z,NVIDIA H200 NVL,screen,uniform_0_1,gemv,lns,lns4_r1,4,2,1,fp64,ordinary,padded,scalar,1,8,1,1,1,none,full_lut_global,ordinary/padded/scalar/x1/full_lut_global,16384,1024,1024,8396800,16793600,128,1024,256,3,0,166,4.6096959114074707,0.027769252478358257,3542.2093411217938,1
2026-08-16T15:03:54Z,NVIDIA H200 NVL,screen,uniform_0_1,gemv,lns,lns4_r1,4,2,1,fp64,ordinary,padded,scalar,1,8,1,1,1,none,full_lut_global,ordinary/padded/scalar/x1/full_lut_global,16384,1024,1024,8396800,16793600,128,1024,256,3,1,166,4.6076798439025879,0.027757107493389083,3542.2093411217938,1
2026-08-16T15:03:54Z,NVIDIA H200 NVL,screen,uniform_0_1,gemv,lns,lns4_r1,4,2,1,fp64,ordinary,padded,scalar,1,8,1,1,1,none,full_lut_global,ordinary/padded/scalar/x1/full_lut_global,16384,1024,1024,8396800,16793600,128,1024,256,3,2,166,4.6111040115356445,0.027777735009250872,3542.2093411217938,1
2026-08-16T15:03:54Z,NVIDIA H200 NVL,screen,uniform_0_1,dot,lns,lns4_r1,4,2,1,fp64,ordinary,dense,thread_packet,2,32,1,1,2,none,full_lut_global,ordinary/dense/thread_packet/x2/full_lut_global,16777216,0,1,16777216,16777216,128,512,256,3,0,126,4.7044482231140137,0.037336890659635032,3609997.3732460188,1
2026-08-16T15:03:54Z,NVIDIA H200 NVL,screen,uniform_0_1,dot,lns,lns4_r1,4,2,1,fp64,ordinary,dense,thread_packet,2,32,1,1,2,none,full_lut_global,ordinary/dense/thread_packet/x2/full_lut_global,16777216,0,1,16777216,16777216,128,512,256,3,1,126,4.7030401229858398,0.037325715261792382,3609997.3732460188,1
2026-08-16T15:03:54Z,NVIDIA H200 NVL,screen,uniform_0_1,dot,lns,lns4_r1,4,2,1,fp64,ordinary,dense,thread_packet,2,32,1,1,2,none,full_lut_global,ordinary/dense/thread_packet/x2/full_lut_global,16777216,0,1,16777216,16777216,128,512,256,3,2,126,4.7000322341918945,0.037301843128507102,3609997.3732460188,1
2026-08-16T15:03:54Z,NVIDIA H200 NVL,screen,uniform_0_1,gemv,lns,lns4_r1,4,2,1,fp64,ordinary,dense,thread_packet,2,32,1,1,2,none,full_lut_global,ordinary/dense/thread_packet/x2/full_lut_global,16384,1024,1024,8396800,8396800,128,1024,256,3,0,118,4.6959037780761719,0.039795794729459086,3542.2093411217938,1
2026-08-16T15:03:54Z,NVIDIA H200 NVL,screen,uniform_0_1,gemv,lns,lns4_r1,4,2,1,fp64,ordinary,dense,thread_packet,2,32,1,1,2,none,full_lut_global,ordinary/dense/thread_packet/x2/full_lut_global,16384,1024,1024,8396800,8396800,128,1024,256,3,1,118,4.6872959136962891,0.039722846726239741,3542.2093411217938,1
2026-08-16T15:03:54Z,NVIDIA H200 NVL,screen,uniform_0_1,gemv,lns,lns4_r1,4,2,1,fp64,ordinary,dense,thread_packet,2,32,1,1,2,none,full_lut_global,ordinary/dense/thread_packet/x2/full_lut_global,16384,1024,1024,8396800,8396800,128,1024,256,3,2,118,4.6851520538330078,0.039704678422313629,3542.2093411217938,1
2026-08-16T15:03:54Z,NVIDIA H200 NVL,screen,uniform_0_1,dot,lns,lns4_r1,4,2,1,fp64,ordinary,dense,thread_packet,4,32,1,1,4,none,full_lut_global,ordinary/dense/thread_packet/x4/full_lut_global,16777216,0,1,16777216,16777216,128,512,256,3,0,138,4.7281918525695801,0.034262259801228843,3609997.3732460192,1
2026-08-16T15:03:54Z,NVIDIA H200 NVL,screen,uniform_0_1,dot,lns,lns4_r1,4,2,1,fp64,ordinary,dense,thread_packet,4,32,1,1,4,none,full_lut_global,ordinary/dense/thread_packet/x4/full_lut_global,16777216,0,1,16777216,16777216,128,512,256,3,1,138,4.7278718948364258,0.034259941266930619,3609997.3732460192,1
2026-08-16T15:03:54Z,NVIDIA H200 NVL,screen,uniform_0_1,dot,lns,lns4_r1,4,2,1,fp64,ordinary,dense,thread_packet,4,32,1,1,4,none,full_lut_global,ordinary/dense/thread_packet/x4/full_lut_global,16777216,0,1,16777216,16777216,128,512,256,3,2,138,4.7299838066101074,0.034275244975435562,3609997.3732460192,1
2026-08-16T15:03:54Z,NVIDIA H200 NVL,screen,uniform_0_1,gemv,lns,lns4_r1,4,2,1,fp64,ordinary,dense,thread_packet,4,32,1,1,4,none,full_lut_global,ordinary/dense/thread_packet/x4/full_lut_global,16384,1024,1024,8396800,8396800,128,1024,256,3,0,124,4.7257919311523438,0.038111225251228578,3542.2093411217938,1
2026-08-16T15:03:54Z,NVIDIA H200 NVL,screen,uniform_0_1,gemv,lns,lns4_r1,4,2,1,fp64,ordinary,dense,thread_packet,4,32,1,1,4,none,full_lut_global,ordinary/dense/thread_packet/x4/full_lut_global,16384,1024,1024,8396800,8396800,128,1024,256,3,1,124,4.7257919311523438,0.038111225251228578,3542.2093411217938,1
2026-08-16T15:03:54Z,NVIDIA H200 NVL,screen,uniform_0_1,gemv,lns,lns4_r1,4,2,1,fp64,ordinary,dense,thread_packet,4,32,1,1,4,none,full_lut_global,ordinary/dense/thread_packet/x4/full_lut_global,16384,1024,1024,8396800,8396800,128,1024,256,3,2,124,4.7255997657775879,0.038109675530464418,3542.2093411217938,1
2026-08-16T15:03:54Z,NVIDIA H200 NVL,screen,uniform_0_1,dot,lns,lns4_r1,4,2,1,fp64,ordinary,dense,thread_packet,8,32,1,1,8,none,full_lut_global,ordinary/dense/thread_packet/x8/full_lut_global,16777216,0,1,16777216,16777216,128,512,256,3,0,206,4.6079678535461426,0.02236877598808807,3609997.3732460192,1
2026-08-16T15:03:54Z,NVIDIA H200 NVL,screen,uniform_0_1,dot,lns,lns4_r1,4,2,1,fp64,ordinary,dense,thread_packet,8,32,1,1,8,none,full_lut_global,ordinary/dense/thread_packet/x8/full_lut_global,16777216,0,1,16777216,16777216,128,512,256,3,1,206,4.591519832611084,0.022288931226267399,3609997.3732460192,1
2026-08-16T15:03:54Z,NVIDIA H200 NVL,screen,uniform_0_1,dot,lns,lns4_r1,4,2,1,fp64,ordinary,dense,thread_packet,8,32,1,1,8,none,full_lut_global,ordinary/dense/thread_packet/x8/full_lut_global,16777216,0,1,16777216,16777216,128,512,256,3,2,206,4.5867199897766113,0.022265631018333065,3609997.3732460192,1
2026-08-16T15:03:54Z,NVIDIA H200 NVL,screen,uniform_0_1,gemv,lns,lns4_r1,4,2,1,fp64,ordinary,dense,thread_packet,8,32,1,1,8,none,full_lut_global,ordinary/dense/thread_packet/x8/full_lut_global,16384,1024,1024,8396800,8396800,128,1024,256,3,0,137,4.686431884765625,0.034207532005588501,3542.2093411217938,1
2026-08-16T15:03:54Z,NVIDIA H200 NVL,screen,uniform_0_1,gemv,lns,lns4_r1,4,2,1,fp64,ordinary,dense,thread_packet,8,32,1,1,8,none,full_lut_global,ordinary/dense/thread_packet/x8/full_lut_global,16384,1024,1024,8396800,8396800,128,1024,256,3,1,137,4.6833920478820801,0.034185343415197668,3542.2093411217938,1
2026-08-16T15:03:54Z,NVIDIA H200 NVL,screen,uniform_0_1,gemv,lns,lns4_r1,4,2,1,fp64,ordinary,dense,thread_packet,8,32,1,1,8,none,full_lut_global,ordinary/dense/thread_packet/x8/full_lut_global,16384,1024,1024,8396800,8396800,128,1024,256,3,2,137,4.6838722229003906,0.034188848342338617,3542.2093411217938,1
2026-08-16T15:03:54Z,NVIDIA H200 NVL,screen,uniform_0_1,dot,lns,lns4_r1,4,2,1,fp64,ordinary,padded,thread_packet,2,8,1,1,2,none,full_lut_global,ordinary/padded/thread_packet/x2/full_lut_global,16777216,0,1,16777216,33554432,128,512,256,3,0,175,4.6413440704345703,0.026521966116768974,3609997.3732460188,1
2026-08-16T15:03:54Z,NVIDIA H200 NVL,screen,uniform_0_1,dot,lns,lns4_r1,4,2,1,fp64,ordinary,padded,thread_packet,2,8,1,1,2,none,full_lut_global,ordinary/padded/thread_packet/x2/full_lut_global,16777216,0,1,16777216,33554432,128,512,256,3,1,175,4.6442880630493164,0.02653878893171038,3609997.3732460188,1
2026-08-16T15:03:54Z,NVIDIA H200 NVL,screen,uniform_0_1,dot,lns,lns4_r1,4,2,1,fp64,ordinary,padded,thread_packet,2,8,1,1,2,none,full_lut_global,ordinary/padded/thread_packet/x2/full_lut_global,16777216,0,1,16777216,33554432,128,512,256,3,2,175,4.6511359214782715,0.026577919551304407,3609997.3732460188,1
2026-08-16T15:03:54Z,NVIDIA H200 NVL,screen,uniform_0_1,gemv,lns,lns4_r1,4,2,1,fp64,ordinary,padded,thread_packet,2,8,1,1,2,none,full_lut_global,ordinary/padded/thread_packet/x2/full_lut_global,16384,1024,1024,8396800,16793600,128,1024,256,3,0,192,4.5465278625488281,0.023679832617441814,3542.2093411217938,1
2026-08-16T15:03:54Z,NVIDIA H200 NVL,screen,uniform_0_1,gemv,lns,lns4_r1,4,2,1,fp64,ordinary,padded,thread_packet,2,8,1,1,2,none,full_lut_global,ordinary/padded/thread_packet/x2/full_lut_global,16384,1024,1024,8396800,16793600,128,1024,256,3,1,192,4.5424962043762207,0.023658834397792816,3542.2093411217938,1
2026-08-16T15:03:54Z,NVIDIA H200 NVL,screen,uniform_0_1,gemv,lns,lns4_r1,4,2,1,fp64,ordinary,padded,thread_packet,2,8,1,1,2,none,full_lut_global,ordinary/padded/thread_packet/x2/full_lut_global,16384,1024,1024,8396800,16793600,128,1024,256,3,2,192,4.5433921813964844,0.023663500944773357,3542.2093411217938,1
2026-08-16T15:03:54Z,NVIDIA H200 NVL,screen,uniform_0_1,dot,lns,lns4_r1,4,2,1,fp64,ordinary,padded,thread_packet,4,8,1,1,4,none,full_lut_global,ordinary/padded/thread_packet/x4/full_lut_global,16777216,0,1,16777216,33554432,128,512,256,3,0,189,4.5232958793640137,0.023932782430497426,3609997.3732460192,1
2026-08-16T15:03:54Z,NVIDIA H200 NVL,screen,uniform_0_1,dot,lns,lns4_r1,4,2,1,fp64,ordinary,padded,thread_packet,4,8,1,1,4,none,full_lut_global,ordinary/padded/thread_packet/x4/full_lut_global,16777216,0,1,16777216,33554432,128,512,256,3,1,189,4.5231361389160156,0.023931937242941882,3609997.3732460192,1
2026-08-16T15:03:54Z,NVIDIA H200 NVL,screen,uniform_0_1,dot,lns,lns4_r1,4,2,1,fp64,ordinary,padded,thread_packet,4,8,1,1,4,none,full_lut_global,ordinary/padded/thread_packet/x4/full_lut_global,16777216,0,1,16777216,33554432,128,512,256,3,2,189,4.5224318504333496,0.023928210848853701,3609997.3732460192,1
2026-08-16T15:03:54Z,NVIDIA H200 NVL,screen,uniform_0_1,gemv,lns,lns4_r1,4,2,1,fp64,ordinary,padded,thread_packet,4,8,1,1,4,none,full_lut_global,ordinary/padded/thread_packet/x4/full_lut_global,16384,1024,1024,8396800,16793600,128,1024,256,3,0,218,4.4809918403625488,0.020555008442030041,3542.2093411217938,1
2026-08-16T15:03:54Z,NVIDIA H200 NVL,screen,uniform_0_1,gemv,lns,lns4_r1,4,2,1,fp64,ordinary,padded,thread_packet,4,8,1,1,4,none,full_lut_global,ordinary/padded/thread_packet/x4/full_lut_global,16384,1024,1024,8396800,16793600,128,1024,256,3,1,218,4.4782719612121582,0.020542531932165865,3542.2093411217938,1
2026-08-16T15:03:54Z,NVIDIA H200 NVL,screen,uniform_0_1,gemv,lns,lns4_r1,4,2,1,fp64,ordinary,padded,thread_packet,4,8,1,1,4,none,full_lut_global,ordinary/padded/thread_packet/x4/full_lut_global,16384,1024,1024,8396800,16793600,128,1024,256,3,2,218,4.4774718284606934,0.020538861598443547,3542.2093411217938,1
2026-08-16T15:03:54Z,NVIDIA H200 NVL,screen,uniform_0_1,dot,lns,lns4_r1,4,2,1,fp64,ordinary,padded,thread_packet,8,8,1,1,8,none,full_lut_global,ordinary/padded/thread_packet/x8/full_lut_global,16777216,0,1,16777216,33554432,128,512,256,3,0,198,4.5334081649780273,0.022896000833222359,3609997.3732460192,1
2026-08-16T15:03:54Z,NVIDIA H200 NVL,screen,uniform_0_1,dot,lns,lns4_r1,4,2,1,fp64,ordinary,padded,thread_packet,8,8,1,1,8,none,full_lut_global,ordinary/padded/thread_packet/x8/full_lut_global,16777216,0,1,16777216,33554432,128,512,256,3,1,198,4.5337600708007812,0.022897778135357483,3609997.3732460192,1
2026-08-16T15:03:54Z,NVIDIA H200 NVL,screen,uniform_0_1,dot,lns,lns4_r1,4,2,1,fp64,ordinary,padded,thread_packet,8,8,1,1,8,none,full_lut_global,ordinary/padded/thread_packet/x8/full_lut_global,16777216,0,1,16777216,33554432,128,512,256,3,2,198,4.5370240211486816,0.022914262733074151,3609997.3732460192,1
2026-08-16T15:03:54Z,NVIDIA H200 NVL,screen,uniform_0_1,gemv,lns,lns4_r1,4,2,1,fp64,ordinary,padded,thread_packet,8,8,1,1,8,none,full_lut_global,ordinary/padded/thread_packet/x8/full_lut_global,16384,1024,1024,8396800,16793600,128,1024,256,3,0,225,4.477503776550293,0.019900016784667969,3542.2093411217938,1
2026-08-16T15:03:54Z,NVIDIA H200 NVL,screen,uniform_0_1,gemv,lns,lns4_r1,4,2,1,fp64,ordinary,padded,thread_packet,8,8,1,1,8,none,full_lut_global,ordinary/padded/thread_packet/x8/full_lut_global,16384,1024,1024,8396800,16793600,128,1024,256,3,1,225,4.4878082275390625,0.019945814344618056,3542.2093411217938,1
2026-08-16T15:03:54Z,NVIDIA H200 NVL,screen,uniform_0_1,gemv,lns,lns4_r1,4,2,1,fp64,ordinary,padded,thread_packet,8,8,1,1,8,none,full_lut_global,ordinary/padded/thread_packet/x8/full_lut_global,16384,1024,1024,8396800,16793600,128,1024,256,3,2,225,4.5032000541687012,0.020014222462972006,3542.2093411217938,1
2026-08-16T15:03:54Z,NVIDIA H200 NVL,screen,uniform_0_1,dot,lns,lns4_r1,4,2,1,fp64,ordinary,dense,cooperative_shuffle,8,32,1,8,1,warp_shuffle,full_lut_global,ordinary/dense/cooperative_shuffle/x8/full_lut_global,16777216,0,1,16777216,16777216,128,512,256,3,0,73,4.8466877937316895,0.066392983475776574,3609997.3732460192,1
2026-08-16T15:03:54Z,NVIDIA H200 NVL,screen,uniform_0_1,dot,lns,lns4_r1,4,2,1,fp64,ordinary,dense,cooperative_shuffle,8,32,1,8,1,warp_shuffle,full_lut_global,ordinary/dense/cooperative_shuffle/x8/full_lut_global,16777216,0,1,16777216,16777216,128,512,256,3,1,73,4.8443198204040527,0.06636054548498703,3609997.3732460192,1
2026-08-16T15:03:54Z,NVIDIA H200 NVL,screen,uniform_0_1,dot,lns,lns4_r1,4,2,1,fp64,ordinary,dense,cooperative_shuffle,8,32,1,8,1,warp_shuffle,full_lut_global,ordinary/dense/cooperative_shuffle/x8/full_lut_global,16777216,0,1,16777216,16777216,128,512,256,3,2,73,4.8469438552856445,0.066396491168296504,3609997.3732460192,1
2026-08-16T15:03:54Z,NVIDIA H200 NVL,screen,uniform_0_1,gemv,lns,lns4_r1,4,2,1,fp64,ordinary,dense,cooperative_shuffle,8,32,1,8,1,warp_shuffle,full_lut_global,ordinary/dense/cooperative_shuffle/x8/full_lut_global,16384,1024,1024,8396800,8396800,128,1024,256,3,0,107,4.7671360969543457,0.04455267380331164,3542.2093411217938,1
2026-08-16T15:03:54Z,NVIDIA H200 NVL,screen,uniform_0_1,gemv,lns,lns4_r1,4,2,1,fp64,ordinary,dense,cooperative_shuffle,8,32,1,8,1,warp_shuffle,full_lut_global,ordinary/dense/cooperative_shuffle/x8/full_lut_global,16384,1024,1024,8396800,8396800,128,1024,256,3,1,107,4.7631359100341797,0.044515288878824111,3542.2093411217938,1
2026-08-16T15:03:54Z,NVIDIA H200 NVL,screen,uniform_0_1,gemv,lns,lns4_r1,4,2,1,fp64,ordinary,dense,cooperative_shuffle,8,32,1,8,1,warp_shuffle,full_lut_global,ordinary/dense/cooperative_shuffle/x8/full_lut_global,16384,1024,1024,8396800,8396800,128,1024,256,3,2,107,4.7630400657653809,0.044514393137994213,3542.2093411217938,1
2026-08-16T15:03:54Z,NVIDIA H200 NVL,screen,uniform_0_1,dot,lns,lns4_r1,4,2,1,fp64,ordinary,dense,scalar,1,32,1,1,1,none,full_lut_shared,ordinary/dense/scalar/x1/full_lut_shared,16777216,0,1,16777216,16777216,128,512,256,3,0,125,4.7098879814147949,0.037679103851318362,3609997.3732460192,1
2026-08-16T15:03:54Z,NVIDIA H200 NVL,screen,uniform_0_1,dot,lns,lns4_r1,4,2,1,fp64,ordinary,dense,scalar,1,32,1,1,1,none,full_lut_shared,ordinary/dense/scalar/x1/full_lut_shared,16777216,0,1,16777216,16777216,128,512,256,3,1,125,4.7104001045227051,0.037683200836181638,3609997.3732460192,1
2026-08-16T15:03:54Z,NVIDIA H200 NVL,screen,uniform_0_1,dot,lns,lns4_r1,4,2,1,fp64,ordinary,dense,scalar,1,32,1,1,1,none,full_lut_shared,ordinary/dense/scalar/x1/full_lut_shared,16777216,0,1,16777216,16777216,128,512,256,3,2,125,4.7139840126037598,0.037711872100830081,3609997.3732460192,1
2026-08-16T15:03:54Z,NVIDIA H200 NVL,screen,uniform_0_1,gemv,lns,lns4_r1,4,2,1,fp64,ordinary,dense,scalar,1,32,1,1,1,none,full_lut_shared,ordinary/dense/scalar/x1/full_lut_shared,16384,1024,1024,8396800,8396800,128,1024,256,3,0,122,4.746528148651123,0.03890596843156658,3542.2093411217938,1
2026-08-16T15:03:54Z,NVIDIA H200 NVL,screen,uniform_0_1,gemv,lns,lns4_r1,4,2,1,fp64,ordinary,dense,scalar,1,32,1,1,1,none,full_lut_shared,ordinary/dense/scalar/x1/full_lut_shared,16384,1024,1024,8396800,8396800,128,1024,256,3,1,122,4.7473278045654297,0.03891252298824123,3542.2093411217938,1
2026-08-16T15:03:54Z,NVIDIA H200 NVL,screen,uniform_0_1,gemv,lns,lns4_r1,4,2,1,fp64,ordinary,dense,scalar,1,32,1,1,1,none,full_lut_shared,ordinary/dense/scalar/x1/full_lut_shared,16384,1024,1024,8396800,8396800,128,1024,256,3,2,122,4.7473921775817871,0.038913050635916289,3542.2093411217938,1
2026-08-16T15:03:54Z,NVIDIA H200 NVL,screen,uniform_0_1,dot,lns,lns4_r1,4,2,1,fp64,ordinary,padded,scalar,1,8,1,1,1,none,full_lut_shared,ordinary/padded/scalar/x1/full_lut_shared,16777216,0,1,16777216,33554432,128,512,256,3,0,138,4.6522879600524902,0.03371223159458326,3609997.3732460192,1
2026-08-16T15:03:54Z,NVIDIA H200 NVL,screen,uniform_0_1,dot,lns,lns4_r1,4,2,1,fp64,ordinary,padded,scalar,1,8,1,1,1,none,full_lut_shared,ordinary/padded/scalar/x1/full_lut_shared,16777216,0,1,16777216,33554432,128,512,256,3,1,138,4.6547198295593262,0.033729853837386421,3609997.3732460192,1
2026-08-16T15:03:54Z,NVIDIA H200 NVL,screen,uniform_0_1,dot,lns,lns4_r1,4,2,1,fp64,ordinary,padded,scalar,1,8,1,1,1,none,full_lut_shared,ordinary/padded/scalar/x1/full_lut_shared,16777216,0,1,16777216,33554432,128,512,256,3,2,138,4.6563839912414551,0.033741912980010544,3609997.3732460192,1
2026-08-16T15:03:54Z,NVIDIA H200 NVL,screen,uniform_0_1,gemv,lns,lns4_r1,4,2,1,fp64,ordinary,padded,scalar,1,8,1,1,1,none,full_lut_shared,ordinary/padded/scalar/x1/full_lut_shared,16384,1024,1024,8396800,16793600,128,1024,256,3,0,183,4.617919921875,0.025234535092213115,3542.2093411217938,1
2026-08-16T15:03:54Z,NVIDIA H200 NVL,screen,uniform_0_1,gemv,lns,lns4_r1,4,2,1,fp64,ordinary,padded,scalar,1,8,1,1,1,none,full_lut_shared,ordinary/padded/scalar/x1/full_lut_shared,16384,1024,1024,8396800,16793600,128,1024,256,3,1,183,4.6192960739135742,0.025242055048708054,3542.2093411217938,1
2026-08-16T15:03:54Z,NVIDIA H200 NVL,screen,uniform_0_1,gemv,lns,lns4_r1,4,2,1,fp64,ordinary,padded,scalar,1,8,1,1,1,none,full_lut_shared,ordinary/padded/scalar/x1/full_lut_shared,16384,1024,1024,8396800,16793600,128,1024,256,3,2,183,4.6210241317749023,0.025251497987840998,3542.2093411217938,1
2026-08-16T15:03:54Z,NVIDIA H200 NVL,screen,uniform_0_1,dot,lns,lns4_r1,4,2,1,fp64,ordinary,dense,thread_packet,2,32,1,1,2,none,full_lut_shared,ordinary/dense/thread_packet/x2/full_lut_shared,16777216,0,1,16777216,16777216,128,512,256,3,0,128,4.6733121871948242,0.036510251462459564,3609997.3732460188,1
2026-08-16T15:03:54Z,NVIDIA H200 NVL,screen,uniform_0_1,dot,lns,lns4_r1,4,2,1,fp64,ordinary,dense,thread_packet,2,32,1,1,2,none,full_lut_shared,ordinary/dense/thread_packet/x2/full_lut_shared,16777216,0,1,16777216,16777216,128,512,256,3,1,128,4.6524801254272461,0.03634750097990036,3609997.3732460188,1
2026-08-16T15:03:54Z,NVIDIA H200 NVL,screen,uniform_0_1,dot,lns,lns4_r1,4,2,1,fp64,ordinary,dense,thread_packet,2,32,1,1,2,none,full_lut_shared,ordinary/dense/thread_packet/x2/full_lut_shared,16777216,0,1,16777216,16777216,128,512,256,3,2,128,4.6373758316040039,0.036229498684406281,3609997.3732460188,1
2026-08-16T15:03:54Z,NVIDIA H200 NVL,screen,uniform_0_1,gemv,lns,lns4_r1,4,2,1,fp64,ordinary,dense,thread_packet,2,32,1,1,2,none,full_lut_shared,ordinary/dense/thread_packet/x2/full_lut_shared,16384,1024,1024,8396800,8396800,128,1024,256,3,0,124,4.6887040138244629,0.037812129143745668,3542.2093411217938,1
2026-08-16T15:03:54Z,NVIDIA H200 NVL,screen,uniform_0_1,gemv,lns,lns4_r1,4,2,1,fp64,ordinary,dense,thread_packet,2,32,1,1,2,none,full_lut_shared,ordinary/dense/thread_packet/x2/full_lut_shared,16384,1024,1024,8396800,8396800,128,1024,256,3,1,124,4.686272144317627,0.03779251729288409,3542.2093411217938,1
2026-08-16T15:03:54Z,NVIDIA H200 NVL,screen,uniform_0_1,gemv,lns,lns4_r1,4,2,1,fp64,ordinary,dense,thread_packet,2,32,1,1,2,none,full_lut_shared,ordinary/dense/thread_packet/x2/full_lut_shared,16384,1024,1024,8396800,8396800,128,1024,256,3,2,124,4.689216136932373,0.037816259168809457,3542.2093411217938,1
2026-08-16T15:03:54Z,NVIDIA H200 NVL,screen,uniform_0_1,dot,lns,lns4_r1,4,2,1,fp64,ordinary,dense,thread_packet,4,32,1,1,4,none,full_lut_shared,ordinary/dense/thread_packet/x4/full_lut_shared,16777216,0,1,16777216,16777216,128,512,256,3,0,134,4.7121281623840332,0.035165135540179353,3609997.3732460192,1
2026-08-16T15:03:54Z,NVIDIA H200 NVL,screen,uniform_0_1,dot,lns,lns4_r1,4,2,1,fp64,ordinary,dense,thread_packet,4,32,1,1,4,none,full_lut_shared,ordinary/dense/thread_packet/x4/full_lut_shared,16777216,0,1,16777216,16777216,128,512,256,3,1,134,4.7120962142944336,0.035164897121600251,3609997.3732460192,1
2026-08-16T15:03:54Z,NVIDIA H200 NVL,screen,uniform_0_1,dot,lns,lns4_r1,4,2,1,fp64,ordinary,dense,thread_packet,4,32,1,1,4,none,full_lut_shared,ordinary/dense/thread_packet/x4/full_lut_shared,16777216,0,1,16777216,16777216,128,512,256,3,2,134,4.7090559005737305,0.035142208213236797,3609997.3732460192,1
2026-08-16T15:03:54Z,NVIDIA H200 NVL,screen,uniform_0_1,gemv,lns,lns4_r1,4,2,1,fp64,ordinary,dense,thread_packet,4,32,1,1,4,none,full_lut_shared,ordinary/dense/thread_packet/x4/full_lut_shared,16384,1024,1024,8396800,8396800,128,1024,256,3,0,125,4.7069759368896484,0.03765580749511719,3542.2093411217938,1
2026-08-16T15:03:54Z,NVIDIA H200 NVL,screen,uniform_0_1,gemv,lns,lns4_r1,4,2,1,fp64,ordinary,dense,thread_packet,4,32,1,1,4,none,full_lut_shared,ordinary/dense/thread_packet/x4/full_lut_shared,16384,1024,1024,8396800,8396800,128,1024,256,3,1,125,4.7075200080871582,0.037660160064697266,3542.2093411217938,1
2026-08-16T15:03:54Z,NVIDIA H200 NVL,screen,uniform_0_1,gemv,lns,lns4_r1,4,2,1,fp64,ordinary,dense,thread_packet,4,32,1,1,4,none,full_lut_shared,ordinary/dense/thread_packet/x4/full_lut_shared,16384,1024,1024,8396800,8396800,128,1024,256,3,2,125,4.7066240310668945,0.037652992248535154,3542.2093411217938,1
2026-08-16T15:03:54Z,NVIDIA H200 NVL,screen,uniform_0_1,dot,lns,lns4_r1,4,2,1,fp64,ordinary,dense,thread_packet,8,32,1,1,8,none,full_lut_shared,ordinary/dense/thread_packet/x8/full_lut_shared,16777216,0,1,16777216,16777216,128,512,256,3,0,207,4.4971518516540527,0.02172537126402924,3609997.3732460192,1
2026-08-16T15:03:54Z,NVIDIA H200 NVL,screen,uniform_0_1,dot,lns,lns4_r1,4,2,1,fp64,ordinary,dense,thread_packet,8,32,1,1,8,none,full_lut_shared,ordinary/dense/thread_packet/x8/full_lut_shared,16777216,0,1,16777216,16777216,128,512,256,3,1,207,4.4982719421386719,0.021730782329172329,3609997.3732460192,1
2026-08-16T15:03:54Z,NVIDIA H200 NVL,screen,uniform_0_1,dot,lns,lns4_r1,4,2,1,fp64,ordinary,dense,thread_packet,8,32,1,1,8,none,full_lut_shared,ordinary/dense/thread_packet/x8/full_lut_shared,16777216,0,1,16777216,16777216,128,512,256,3,2,207,4.4992318153381348,0.021735419397768768,3609997.3732460192,1
2026-08-16T15:03:54Z,NVIDIA H200 NVL,screen,uniform_0_1,gemv,lns,lns4_r1,4,2,1,fp64,ordinary,dense,thread_packet,8,32,1,1,8,none,full_lut_shared,ordinary/dense/thread_packet/x8/full_lut_shared,16384,1024,1024,8396800,8396800,128,1024,256,3,0,132,4.7295999526977539,0.035830302671952682,3542.2093411217938,1
2026-08-16T15:03:54Z,NVIDIA H200 NVL,screen,uniform_0_1,gemv,lns,lns4_r1,4,2,1,fp64,ordinary,dense,thread_packet,8,32,1,1,8,none,full_lut_shared,ordinary/dense/thread_packet/x8/full_lut_shared,16384,1024,1024,8396800,8396800,128,1024,256,3,1,132,4.7283840179443359,0.035821091045032845,3542.2093411217938,1
2026-08-16T15:03:54Z,NVIDIA H200 NVL,screen,uniform_0_1,gemv,lns,lns4_r1,4,2,1,fp64,ordinary,dense,thread_packet,8,32,1,1,8,none,full_lut_shared,ordinary/dense/thread_packet/x8/full_lut_shared,16384,1024,1024,8396800,8396800,128,1024,256,3,2,132,4.7307519912719727,0.035839030236908882,3542.2093411217938,1
2026-08-16T15:03:54Z,NVIDIA H200 NVL,screen,uniform_0_1,dot,lns,lns4_r1,4,2,1,fp64,ordinary,padded,thread_packet,2,8,1,1,2,none,full_lut_shared,ordinary/padded/thread_packet/x2/full_lut_shared,16777216,0,1,16777216,33554432,128,512,256,3,0,167,4.6397438049316406,0.027782897035518807,3609997.3732460188,1
2026-08-16T15:03:54Z,NVIDIA H200 NVL,screen,uniform_0_1,dot,lns,lns4_r1,4,2,1,fp64,ordinary,padded,thread_packet,2,8,1,1,2,none,full_lut_shared,ordinary/padded/thread_packet/x2/full_lut_shared,16777216,0,1,16777216,33554432,128,512,256,3,1,167,4.6358718872070312,0.027759711899443301,3609997.3732460188,1
2026-08-16T15:03:54Z,NVIDIA H200 NVL,screen,uniform_0_1,dot,lns,lns4_r1,4,2,1,fp64,ordinary,padded,thread_packet,2,8,1,1,2,none,full_lut_shared,ordinary/padded/thread_packet/x2/full_lut_shared,16777216,0,1,16777216,33554432,128,512,256,3,2,167,4.6367998123168945,0.027765268337226912,3609997.3732460188,1
2026-08-16T15:03:54Z,NVIDIA H200 NVL,screen,uniform_0_1,gemv,lns,lns4_r1,4,2,1,fp64,ordinary,padded,thread_packet,2,8,1,1,2,none,full_lut_shared,ordinary/padded/thread_packet/x2/full_lut_shared,16384,1024,1024,8396800,16793600,128,1024,256,3,0,183,4.5463042259216309,0.024843192491375031,3542.2093411217938,1
2026-08-16T15:03:54Z,NVIDIA H200 NVL,screen,uniform_0_1,gemv,lns,lns4_r1,4,2,1,fp64,ordinary,padded,thread_packet,2,8,1,1,2,none,full_lut_shared,ordinary/padded/thread_packet/x2/full_lut_shared,16384,1024,1024,8396800,16793600,128,1024,256,3,1,183,4.560448169708252,0.024920481801684435,3542.2093411217938,1
2026-08-16T15:03:54Z,NVIDIA H200 NVL,screen,uniform_0_1,gemv,lns,lns4_r1,4,2,1,fp64,ordinary,padded,thread_packet,2,8,1,1,2,none,full_lut_shared,ordinary/padded/thread_packet/x2/full_lut_shared,16384,1024,1024,8396800,16793600,128,1024,256,3,2,183,4.5587520599365234,0.024911213442276085,3542.2093411217938,1
2026-08-16T15:03:54Z,NVIDIA H200 NVL,screen,uniform_0_1,dot,lns,lns4_r1,4,2,1,fp64,ordinary,padded,thread_packet,4,8,1,1,4,none,full_lut_shared,ordinary/padded/thread_packet/x4/full_lut_shared,16777216,0,1,16777216,33554432,128,512,256,3,0,192,4.5947837829589844,0.023931165536244709,3609997.3732460192,1
2026-08-16T15:03:54Z,NVIDIA H200 NVL,screen,uniform_0_1,dot,lns,lns4_r1,4,2,1,fp64,ordinary,padded,thread_packet,4,8,1,1,4,none,full_lut_shared,ordinary/padded/thread_packet/x4/full_lut_shared,16777216,0,1,16777216,33554432,128,512,256,3,1,192,4.5958719253540039,0.023936832944552105,3609997.3732460192,1
2026-08-16T15:03:54Z,NVIDIA H200 NVL,screen,uniform_0_1,dot,lns,lns4_r1,4,2,1,fp64,ordinary,padded,thread_packet,4,8,1,1,4,none,full_lut_shared,ordinary/padded/thread_packet/x4/full_lut_shared,16777216,0,1,16777216,33554432,128,512,256,3,2,192,4.5949440002441406,0.023932000001271565,3609997.3732460192,1
2026-08-16T15:03:54Z,NVIDIA H200 NVL,screen,uniform_0_1,gemv,lns,lns4_r1,4,2,1,fp64,ordinary,padded,thread_packet,4,8,1,1,4,none,full_lut_shared,ordinary/padded/thread_packet/x4/full_lut_shared,16384,1024,1024,8396800,16793600,128,1024,256,3,0,215,4.5139517784118652,0.02099512455075286,3542.2093411217938,1
2026-08-16T15:03:54Z,NVIDIA H200 NVL,screen,uniform_0_1,gemv,lns,lns4_r1,4,2,1,fp64,ordinary,padded,thread_packet,4,8,1,1,4,none,full_lut_shared,ordinary/padded/thread_packet/x4/full_lut_shared,16384,1024,1024,8396800,16793600,128,1024,256,3,1,215,4.515103816986084,0.021000482869702717,3542.2093411217938,1
2026-08-16T15:03:54Z,NVIDIA H200 NVL,screen,uniform_0_1,gemv,lns,lns4_r1,4,2,1,fp64,ordinary,padded,thread_packet,4,8,1,1,4,none,full_lut_shared,ordinary/padded/thread_packet/x4/full_lut_shared,16384,1024,1024,8396800,16793600,128,1024,256,3,2,215,4.5153918266296387,0.021001822449440179,3542.2093411217938,1
2026-08-16T15:03:54Z,NVIDIA H200 NVL,screen,uniform_0_1,dot,lns,lns4_r1,4,2,1,fp64,ordinary,padded,thread_packet,8,8,1,1,8,none,full_lut_shared,ordinary/padded/thread_packet/x8/full_lut_shared,16777216,0,1,16777216,33554432,128,512,256,3,0,196,4.5512638092041016,0.023220733720429088,3609997.3732460192,1
2026-08-16T15:03:54Z,NVIDIA H200 NVL,screen,uniform_0_1,dot,lns,lns4_r1,4,2,1,fp64,ordinary,padded,thread_packet,8,8,1,1,8,none,full_lut_shared,ordinary/padded/thread_packet/x8/full_lut_shared,16777216,0,1,16777216,33554432,128,512,256,3,1,196,4.5509119033813477,0.023218938282557895,3609997.3732460192,1
2026-08-16T15:03:54Z,NVIDIA H200 NVL,screen,uniform_0_1,dot,lns,lns4_r1,4,2,1,fp64,ordinary,padded,thread_packet,8,8,1,1,8,none,full_lut_shared,ordinary/padded/thread_packet/x8/full_lut_shared,16777216,0,1,16777216,33554432,128,512,256,3,2,196,4.5519680976867676,0.02322432702901412,3609997.3732460192,1
2026-08-16T15:03:54Z,NVIDIA H200 NVL,screen,uniform_0_1,gemv,lns,lns4_r1,4,2,1,fp64,ordinary,padded,thread_packet,8,8,1,1,8,none,full_lut_shared,ordinary/padded/thread_packet/x8/full_lut_shared,16384,1024,1024,8396800,16793600,128,1024,256,3,0,222,4.4579520225524902,0.020080864966452658,3542.2093411217938,1
2026-08-16T15:03:54Z,NVIDIA H200 NVL,screen,uniform_0_1,gemv,lns,lns4_r1,4,2,1,fp64,ordinary,padded,thread_packet,8,8,1,1,8,none,full_lut_shared,ordinary/padded/thread_packet/x8/full_lut_shared,16384,1024,1024,8396800,16793600,128,1024,256,3,1,222,4.4591360092163086,0.020086198239713103,3542.2093411217938,1
2026-08-16T15:03:54Z,NVIDIA H200 NVL,screen,uniform_0_1,gemv,lns,lns4_r1,4,2,1,fp64,ordinary,padded,thread_packet,8,8,1,1,8,none,full_lut_shared,ordinary/padded/thread_packet/x8/full_lut_shared,16384,1024,1024,8396800,16793600,128,1024,256,3,2,222,4.4607682228088379,0.020093550553192962,3542.2093411217938,1
2026-08-16T15:03:54Z,NVIDIA H200 NVL,screen,uniform_0_1,dot,lns,lns4_r1,4,2,1,fp64,ordinary,dense,cooperative_shuffle,8,32,1,8,1,warp_shuffle,full_lut_shared,ordinary/dense/cooperative_shuffle/x8/full_lut_shared,16777216,0,1,16777216,16777216,128,512,256,3,0,71,4.8891839981079102,0.068861746452224093,3609997.3732460192,1
2026-08-16T15:03:54Z,NVIDIA H200 NVL,screen,uniform_0_1,dot,lns,lns4_r1,4,2,1,fp64,ordinary,dense,cooperative_shuffle,8,32,1,8,1,warp_shuffle,full_lut_shared,ordinary/dense/cooperative_shuffle/x8/full_lut_shared,16777216,0,1,16777216,16777216,128,512,256,3,1,71,4.8868799209594727,0.068829294661401016,3609997.3732460192,1
2026-08-16T15:03:54Z,NVIDIA H200 NVL,screen,uniform_0_1,dot,lns,lns4_r1,4,2,1,fp64,ordinary,dense,cooperative_shuffle,8,32,1,8,1,warp_shuffle,full_lut_shared,ordinary/dense/cooperative_shuffle/x8/full_lut_shared,16777216,0,1,16777216,16777216,128,512,256,3,2,71,4.8840317726135254,0.068789179895965141,3609997.3732460192,1
2026-08-16T15:03:54Z,NVIDIA H200 NVL,screen,uniform_0_1,gemv,lns,lns4_r1,4,2,1,fp64,ordinary,dense,cooperative_shuffle,8,32,1,8,1,warp_shuffle,full_lut_shared,ordinary/dense/cooperative_shuffle/x8/full_lut_shared,16384,1024,1024,8396800,8396800,128,1024,256,3,0,107,4.7014718055725098,0.043938988837126262,3542.2093411217938,1
2026-08-16T15:03:54Z,NVIDIA H200 NVL,screen,uniform_0_1,gemv,lns,lns4_r1,4,2,1,fp64,ordinary,dense,cooperative_shuffle,8,32,1,8,1,warp_shuffle,full_lut_shared,ordinary/dense/cooperative_shuffle/x8/full_lut_shared,16384,1024,1024,8396800,8396800,128,1024,256,3,1,107,4.6776638031005859,0.043716484141126971,3542.2093411217938,1
2026-08-16T15:03:54Z,NVIDIA H200 NVL,screen,uniform_0_1,gemv,lns,lns4_r1,4,2,1,fp64,ordinary,dense,cooperative_shuffle,8,32,1,8,1,warp_shuffle,full_lut_shared,ordinary/dense/cooperative_shuffle/x8/full_lut_shared,16384,1024,1024,8396800,8396800,128,1024,256,3,2,107,4.6760640144348145,0.04370153284518518,3542.2093411217938,1
2026-08-16T15:03:54Z,NVIDIA H200 NVL,screen,uniform_0_1,dot,lns,lns4_r1,4,2,1,fp64,ordinary,dense,scalar,1,32,1,1,1,none,fraction_lut_global,ordinary/dense/scalar/x1/fraction_lut_global,16777216,0,1,16777216,16777216,16,512,256,3,0,38,5.0248641967773438,0.13223326833624588,3609997.3732460192,1
2026-08-16T15:03:54Z,NVIDIA H200 NVL,screen,uniform_0_1,dot,lns,lns4_r1,4,2,1,fp64,ordinary,dense,scalar,1,32,1,1,1,none,fraction_lut_global,ordinary/dense/scalar/x1/fraction_lut_global,16777216,0,1,16777216,16777216,16,512,256,3,1,38,5.0295357704162598,0.13235620448463842,3609997.3732460192,1
2026-08-16T15:03:54Z,NVIDIA H200 NVL,screen,uniform_0_1,dot,lns,lns4_r1,4,2,1,fp64,ordinary,dense,scalar,1,32,1,1,1,none,fraction_lut_global,ordinary/dense/scalar/x1/fraction_lut_global,16777216,0,1,16777216,16777216,16,512,256,3,2,38,5.0089921951293945,0.1318155840823525,3609997.3732460192,1
2026-08-16T15:03:54Z,NVIDIA H200 NVL,screen,uniform_0_1,gemv,lns,lns4_r1,4,2,1,fp64,ordinary,dense,scalar,1,32,1,1,1,none,fraction_lut_global,ordinary/dense/scalar/x1/fraction_lut_global,16384,1024,1024,8396800,8396800,16,1024,256,3,0,39,4.9183359146118164,0.12611117729773888,3542.2093411217938,1
2026-08-16T15:03:54Z,NVIDIA H200 NVL,screen,uniform_0_1,gemv,lns,lns4_r1,4,2,1,fp64,ordinary,dense,scalar,1,32,1,1,1,none,fraction_lut_global,ordinary/dense/scalar/x1/fraction_lut_global,16384,1024,1024,8396800,8396800,16,1024,256,3,1,39,4.9166398048400879,0.126067687303592,3542.2093411217938,1
2026-08-16T15:03:54Z,NVIDIA H200 NVL,screen,uniform_0_1,gemv,lns,lns4_r1,4,2,1,fp64,ordinary,dense,scalar,1,32,1,1,1,none,fraction_lut_global,ordinary/dense/scalar/x1/fraction_lut_global,16384,1024,1024,8396800,8396800,16,1024,256,3,2,39,4.9178562164306641,0.126098877344376,3542.2093411217938,1
2026-08-16T15:03:54Z,NVIDIA H200 NVL,screen,uniform_0_1,dot,lns,lns4_r1,4,2,1,fp64,ordinary,padded,scalar,1,8,1,1,1,none,fraction_lut_global,ordinary/padded/scalar/x1/fraction_lut_global,16777216,0,1,16777216,33554432,16,512,256,3,0,41,5.010591983795166,0.1222095605803699,3609997.3732460192,1
2026-08-16T15:03:54Z,NVIDIA H200 NVL,screen,uniform_0_1,dot,lns,lns4_r1,4,2,1,fp64,ordinary,padded,scalar,1,8,1,1,1,none,fraction_lut_global,ordinary/padded/scalar/x1/fraction_lut_global,16777216,0,1,16777216,33554432,16,512,256,3,1,41,5.0147519111633301,0.12231102222349585,3609997.3732460192,1
2026-08-16T15:03:54Z,NVIDIA H200 NVL,screen,uniform_0_1,dot,lns,lns4_r1,4,2,1,fp64,ordinary,padded,scalar,1,8,1,1,1,none,fraction_lut_global,ordinary/padded/scalar/x1/fraction_lut_global,16777216,0,1,16777216,33554432,16,512,256,3,2,41,5.0243840217590332,0.12254595175022032,3609997.3732460192,1
2026-08-16T15:03:54Z,NVIDIA H200 NVL,screen,uniform_0_1,gemv,lns,lns4_r1,4,2,1,fp64,ordinary,padded,scalar,1,8,1,1,1,none,fraction_lut_global,ordinary/padded/scalar/x1/fraction_lut_global,16384,1024,1024,8396800,16793600,16,1024,256,3,0,45,5.0249919891357422,0.11166648864746094,3542.2093411217938,1
2026-08-16T15:03:54Z,NVIDIA H200 NVL,screen,uniform_0_1,gemv,lns,lns4_r1,4,2,1,fp64,ordinary,padded,scalar,1,8,1,1,1,none,fraction_lut_global,ordinary/padded/scalar/x1/fraction_lut_global,16384,1024,1024,8396800,16793600,16,1024,256,3,1,45,5.0145277976989746,0.11143395105997721,3542.2093411217938,1
2026-08-16T15:03:54Z,NVIDIA H200 NVL,screen,uniform_0_1,gemv,lns,lns4_r1,4,2,1,fp64,ordinary,padded,scalar,1,8,1,1,1,none,fraction_lut_global,ordinary/padded/scalar/x1/fraction_lut_global,16384,1024,1024,8396800,16793600,16,1024,256,3,2,45,5.015711784362793,0.11146026187472874,3542.2093411217938,1
2026-08-16T15:03:54Z,NVIDIA H200 NVL,screen,uniform_0_1,dot,lns,lns4_r1,4,2,1,fp64,ordinary,dense,thread_packet,2,32,1,1,2,none,fraction_lut_global,ordinary/dense/thread_packet/x2/fraction_lut_global,16777216,0,1,16777216,16777216,16,512,256,3,0,37,4.9927358627319336,0.13493880710086306,3609997.3732460188,1
2026-08-16T15:03:54Z,NVIDIA H200 NVL,screen,uniform_0_1,dot,lns,lns4_r1,4,2,1,fp64,ordinary,dense,thread_packet,2,32,1,1,2,none,fraction_lut_global,ordinary/dense/thread_packet/x2/fraction_lut_global,16777216,0,1,16777216,16777216,16,512,256,3,1,37,4.9911680221557617,0.1348964330312368,3609997.3732460188,1
2026-08-16T15:03:54Z,NVIDIA H200 NVL,screen,uniform_0_1,dot,lns,lns4_r1,4,2,1,fp64,ordinary,dense,thread_packet,2,32,1,1,2,none,fraction_lut_global,ordinary/dense/thread_packet/x2/fraction_lut_global,16777216,0,1,16777216,16777216,16,512,256,3,2,37,4.9931521415710449,0.13495005788029851,3609997.3732460188,1
2026-08-16T15:03:54Z,NVIDIA H200 NVL,screen,uniform_0_1,gemv,lns,lns4_r1,4,2,1,fp64,ordinary,dense,thread_packet,2,32,1,1,2,none,fraction_lut_global,ordinary/dense/thread_packet/x2/fraction_lut_global,16384,1024,1024,8396800,8396800,16,1024,256,3,0,39,4.9525442123413086,0.12698831313695663,3542.2093411217938,1
2026-08-16T15:03:54Z,NVIDIA H200 NVL,screen,uniform_0_1,gemv,lns,lns4_r1,4,2,1,fp64,ordinary,dense,thread_packet,2,32,1,1,2,none,fraction_lut_global,ordinary/dense/thread_packet/x2/fraction_lut_global,16384,1024,1024,8396800,8396800,16,1024,256,3,1,39,4.955359935760498,0.1270605111733461,3542.2093411217938,1
2026-08-16T15:03:54Z,NVIDIA H200 NVL,screen,uniform_0_1,gemv,lns,lns4_r1,4,2,1,fp64,ordinary,dense,thread_packet,2,32,1,1,2,none,fraction_lut_global,ordinary/dense/thread_packet/x2/fraction_lut_global,16384,1024,1024,8396800,8396800,16,1024,256,3,2,39,4.9533758163452148,0.12700963631654397,3542.2093411217938,1
2026-08-16T15:03:54Z,NVIDIA H200 NVL,screen,uniform_0_1,dot,lns,lns4_r1,4,2,1,fp64,ordinary,dense,thread_packet,4,32,1,1,4,none,fraction_lut_global,ordinary/dense/thread_packet/x4/fraction_lut_global,16777216,0,1,16777216,16777216,16,512,256,3,0,38,5.0294399261474609,0.13235368226703845,3609997.3732460192,1
2026-08-16T15:03:54Z,NVIDIA H200 NVL,screen,uniform_0_1,dot,lns,lns4_r1,4,2,1,fp64,ordinary,dense,thread_packet,4,32,1,1,4,none,fraction_lut_global,ordinary/dense/thread_packet/x4/fraction_lut_global,16777216,0,1,16777216,16777216,16,512,256,3,1,38,5.0379838943481445,0.1325785235354775,3609997.3732460192,1
2026-08-16T15:03:54Z,NVIDIA H200 NVL,screen,uniform_0_1,dot,lns,lns4_r1,4,2,1,fp64,ordinary,dense,thread_packet,4,32,1,1,4,none,fraction_lut_global,ordinary/dense/thread_packet/x4/fraction_lut_global,16777216,0,1,16777216,16777216,16,512,256,3,2,38,5.0267200469970703,0.13228210649992289,3609997.3732460192,1
2026-08-16T15:03:54Z,NVIDIA H200 NVL,screen,uniform_0_1,gemv,lns,lns4_r1,4,2,1,fp64,ordinary,dense,thread_packet,4,32,1,1,4,none,fraction_lut_global,ordinary/dense/thread_packet/x4/fraction_lut_global,16384,1024,1024,8396800,8396800,16,1024,256,3,0,39,4.9617919921875,0.12722543569711539,3542.2093411217938,1
2026-08-16T15:03:54Z,NVIDIA H200 NVL,screen,uniform_0_1,gemv,lns,lns4_r1,4,2,1,fp64,ordinary,dense,thread_packet,4,32,1,1,4,none,fraction_lut_global,ordinary/dense/thread_packet/x4/fraction_lut_global,16384,1024,1024,8396800,8396800,16,1024,256,3,1,39,4.9639358520507812,0.12728040646284056,3542.2093411217938,1
2026-08-16T15:03:54Z,NVIDIA H200 NVL,screen,uniform_0_1,gemv,lns,lns4_r1,4,2,1,fp64,ordinary,dense,thread_packet,4,32,1,1,4,none,fraction_lut_global,ordinary/dense/thread_packet/x4/fraction_lut_global,16384,1024,1024,8396800,8396800,16,1024,256,3,2,39,4.9634881019592285,0.12726892569126227,3542.2093411217938,1
2026-08-16T15:03:54Z,NVIDIA H200 NVL,screen,uniform_0_1,dot,lns,lns4_r1,4,2,1,fp64,ordinary,dense,thread_packet,8,32,1,1,8,none,fraction_lut_global,ordinary/dense/thread_packet/x8/fraction_lut_global,16777216,0,1,16777216,16777216,16,512,256,3,0,42,4.9452481269836426,0.11774400302342006,3609997.3732460192,1
2026-08-16T15:03:54Z,NVIDIA H200 NVL,screen,uniform_0_1,dot,lns,lns4_r1,4,2,1,fp64,ordinary,dense,thread_packet,8,32,1,1,8,none,fraction_lut_global,ordinary/dense/thread_packet/x8/fraction_lut_global,16777216,0,1,16777216,16777216,16,512,256,3,1,42,4.9425921440124512,0.11768076533362978,3609997.3732460192,1
2026-08-16T15:03:54Z,NVIDIA H200 NVL,screen,uniform_0_1,dot,lns,lns4_r1,4,2,1,fp64,ordinary,dense,thread_packet,8,32,1,1,8,none,fraction_lut_global,ordinary/dense/thread_packet/x8/fraction_lut_global,16777216,0,1,16777216,16777216,16,512,256,3,2,42,4.9427518844604492,0.11768456867762975,3609997.3732460192,1
2026-08-16T15:03:54Z,NVIDIA H200 NVL,screen,uniform_0_1,gemv,lns,lns4_r1,4,2,1,fp64,ordinary,dense,thread_packet,8,32,1,1,8,none,fraction_lut_global,ordinary/dense/thread_packet/x8/fraction_lut_global,16384,1024,1024,8396800,8396800,16,1024,256,3,0,41,4.9257597923278809,0.12014048273970442,3542.2093411217938,1
2026-08-16T15:03:54Z,NVIDIA H200 NVL,screen,uniform_0_1,gemv,lns,lns4_r1,4,2,1,fp64,ordinary,dense,thread_packet,8,32,1,1,8,none,fraction_lut_global,ordinary/dense/thread_packet/x8/fraction_lut_global,16384,1024,1024,8396800,8396800,16,1024,256,3,1,41,4.9249601364135742,0.12012097893691645,3542.2093411217938,1
2026-08-16T15:03:54Z,NVIDIA H200 NVL,screen,uniform_0_1,gemv,lns,lns4_r1,4,2,1,fp64,ordinary,dense,thread_packet,8,32,1,1,8,none,fraction_lut_global,ordinary/dense/thread_packet/x8/fraction_lut_global,16384,1024,1024,8396800,8396800,16,1024,256,3,2,41,4.9252161979675293,0.12012722434067144,3542.2093411217938,1
2026-08-16T15:03:54Z,NVIDIA H200 NVL,screen,uniform_0_1,dot,lns,lns4_r1,4,2,1,fp64,ordinary,padded,thread_packet,2,8,1,1,2,none,fraction_lut_global,ordinary/padded/thread_packet/x2/fraction_lut_global,16777216,0,1,16777216,33554432,16,512,256,3,0,41,4.9911680221557617,0.12173580541843321,3609997.3732460188,1
2026-08-16T15:03:54Z,NVIDIA H200 NVL,screen,uniform_0_1,dot,lns,lns4_r1,4,2,1,fp64,ordinary,padded,thread_packet,2,8,1,1,2,none,fraction_lut_global,ordinary/padded/thread_packet/x2/fraction_lut_global,16777216,0,1,16777216,33554432,16,512,256,3,1,41,4.9892477989196777,0.12168897070535799,3609997.3732460188,1
2026-08-16T15:03:54Z,NVIDIA H200 NVL,screen,uniform_0_1,dot,lns,lns4_r1,4,2,1,fp64,ordinary,padded,thread_packet,2,8,1,1,2,none,fraction_lut_global,ordinary/padded/thread_packet/x2/fraction_lut_global,16777216,0,1,16777216,33554432,16,512,256,3,2,41,5.0000638961791992,0.12195277795559023,3609997.3732460188,1
2026-08-16T15:03:54Z,NVIDIA H200 NVL,screen,uniform_0_1,gemv,lns,lns4_r1,4,2,1,fp64,ordinary,padded,thread_packet,2,8,1,1,2,none,fraction_lut_global,ordinary/padded/thread_packet/x2/fraction_lut_global,16384,1024,1024,8396800,16793600,16,1024,256,3,0,45,4.9064640998840332,0.10903253555297851,3542.2093411217938,1
2026-08-16T15:03:54Z,NVIDIA H200 NVL,screen,uniform_0_1,gemv,lns,lns4_r1,4,2,1,fp64,ordinary,padded,thread_packet,2,8,1,1,2,none,fraction_lut_global,ordinary/padded/thread_packet/x2/fraction_lut_global,16384,1024,1024,8396800,16793600,16,1024,256,3,1,45,4.9065918922424316,0.10903537538316514,3542.2093411217938,1
2026-08-16T15:03:54Z,NVIDIA H200 NVL,screen,uniform_0_1,gemv,lns,lns4_r1,4,2,1,fp64,ordinary,padded,thread_packet,2,8,1,1,2,none,fraction_lut_global,ordinary/padded/thread_packet/x2/fraction_lut_global,16384,1024,1024,8396800,16793600,16,1024,256,3,2,45,4.9069437980651855,0.10904319551255968,3542.2093411217938,1
2026-08-16T15:03:54Z,NVIDIA H200 NVL,screen,uniform_0_1,dot,lns,lns4_r1,4,2,1,fp64,ordinary,padded,thread_packet,4,8,1,1,4,none,fraction_lut_global,ordinary/padded/thread_packet/x4/fraction_lut_global,16777216,0,1,16777216,33554432,16,512,256,3,0,42,5.0038719177246094,0.11913980756487165,3609997.3732460192,1
2026-08-16T15:03:54Z,NVIDIA H200 NVL,screen,uniform_0_1,dot,lns,lns4_r1,4,2,1,fp64,ordinary,padded,thread_packet,4,8,1,1,4,none,fraction_lut_global,ordinary/padded/thread_packet/x4/fraction_lut_global,16777216,0,1,16777216,33554432,16,512,256,3,1,42,5.0002560615539551,0.11905371575128465,3609997.3732460192,1
2026-08-16T15:03:54Z,NVIDIA H200 NVL,screen,uniform_0_1,dot,lns,lns4_r1,4,2,1,fp64,ordinary,padded,thread_packet,4,8,1,1,4,none,fraction_lut_global,ordinary/padded/thread_packet/x4/fraction_lut_global,16777216,0,1,16777216,33554432,16,512,256,3,2,42,5.0000958442687988,0.11904990105401903,3609997.3732460192,1
2026-08-16T15:03:54Z,NVIDIA H200 NVL,screen,uniform_0_1,gemv,lns,lns4_r1,4,2,1,fp64,ordinary,padded,thread_packet,4,8,1,1,4,none,fraction_lut_global,ordinary/padded/thread_packet/x4/fraction_lut_global,16384,1024,1024,8396800,16793600,16,1024,256,3,0,46,4.89788818359375,0.106475830078125,3542.2093411217938,1
2026-08-16T15:03:54Z,NVIDIA H200 NVL,screen,uniform_0_1,gemv,lns,lns4_r1,4,2,1,fp64,ordinary,padded,thread_packet,4,8,1,1,4,none,fraction_lut_global,ordinary/padded/thread_packet/x4/fraction_lut_global,16384,1024,1024,8396800,16793600,16,1024,256,3,1,46,4.9139838218688965,0.10682573525801949,3542.2093411217938,1
2026-08-16T15:03:54Z,NVIDIA H200 NVL,screen,uniform_0_1,gemv,lns,lns4_r1,4,2,1,fp64,ordinary,padded,thread_packet,4,8,1,1,4,none,fraction_lut_global,ordinary/padded/thread_packet/x4/fraction_lut_global,16384,1024,1024,8396800,16793600,16,1024,256,3,2,46,4.9225921630859375,0.10701287311056386,3542.2093411217938,1
2026-08-16T15:03:54Z,NVIDIA H200 NVL,screen,uniform_0_1,dot,lns,lns4_r1,4,2,1,fp64,ordinary,padded,thread_packet,8,8,1,1,8,none,fraction_lut_global,ordinary/padded/thread_packet/x8/fraction_lut_global,16777216,0,1,16777216,33554432,16,512,256,3,0,42,4.9943361282348633,0.11891276495797294,3609997.3732460192,1
2026-08-16T15:03:54Z,NVIDIA H200 NVL,screen,uniform_0_1,dot,lns,lns4_r1,4,2,1,fp64,ordinary,padded,thread_packet,8,8,1,1,8,none,fraction_lut_global,ordinary/padded/thread_packet/x8/fraction_lut_global,16777216,0,1,16777216,33554432,16,512,256,3,1,42,4.9793281555175781,0.11855543227422805,3609997.3732460192,1
2026-08-16T15:03:54Z,NVIDIA H200 NVL,screen,uniform_0_1,dot,lns,lns4_r1,4,2,1,fp64,ordinary,padded,thread_packet,8,8,1,1,8,none,fraction_lut_global,ordinary/padded/thread_packet/x8/fraction_lut_global,16777216,0,1,16777216,33554432,16,512,256,3,2,42,4.9822077751159668,0.11862399464561826,3609997.3732460192,1
2026-08-16T15:03:54Z,NVIDIA H200 NVL,screen,uniform_0_1,gemv,lns,lns4_r1,4,2,1,fp64,ordinary,padded,thread_packet,8,8,1,1,8,none,fraction_lut_global,ordinary/padded/thread_packet/x8/fraction_lut_global,16384,1024,1024,8396800,16793600,16,1024,256,3,0,47,4.9923839569091797,0.1062209352533868,3542.2093411217938,1
2026-08-16T15:03:54Z,NVIDIA H200 NVL,screen,uniform_0_1,gemv,lns,lns4_r1,4,2,1,fp64,ordinary,padded,thread_packet,8,8,1,1,8,none,fraction_lut_global,ordinary/padded/thread_packet/x8/fraction_lut_global,16384,1024,1024,8396800,16793600,16,1024,256,3,1,47,4.9780158996582031,0.10591523190762134,3542.2093411217938,1
2026-08-16T15:03:54Z,NVIDIA H200 NVL,screen,uniform_0_1,gemv,lns,lns4_r1,4,2,1,fp64,ordinary,padded,thread_packet,8,8,1,1,8,none,fraction_lut_global,ordinary/padded/thread_packet/x8/fraction_lut_global,16384,1024,1024,8396800,16793600,16,1024,256,3,2,47,4.9785919189453125,0.1059274876371343,3542.2093411217938,1
2026-08-16T15:03:54Z,NVIDIA H200 NVL,screen,uniform_0_1,dot,lns,lns4_r1,4,2,1,fp64,ordinary,dense,cooperative_shuffle,8,32,1,8,1,warp_shuffle,fraction_lut_global,ordinary/dense/cooperative_shuffle/x8/fraction_lut_global,16777216,0,1,16777216,16777216,16,512,256,3,0,33,4.9487037658691406,0.14996072017785275,3609997.3732460192,1
2026-08-16T15:03:54Z,NVIDIA H200 NVL,screen,uniform_0_1,dot,lns,lns4_r1,4,2,1,fp64,ordinary,dense,cooperative_shuffle,8,32,1,8,1,warp_shuffle,fraction_lut_global,ordinary/dense/cooperative_shuffle/x8/fraction_lut_global,16777216,0,1,16777216,16777216,16,512,256,3,1,33,4.952672004699707,0.15008096983938507,3609997.3732460192,1
2026-08-16T15:03:54Z,NVIDIA H200 NVL,screen,uniform_0_1,dot,lns,lns4_r1,4,2,1,fp64,ordinary,dense,cooperative_shuffle,8,32,1,8,1,warp_shuffle,fraction_lut_global,ordinary/dense/cooperative_shuffle/x8/fraction_lut_global,16777216,0,1,16777216,16777216,16,512,256,3,2,33,4.9465279579162598,0.14989478660352301,3609997.3732460192,1
2026-08-16T15:03:54Z,NVIDIA H200 NVL,screen,uniform_0_1,gemv,lns,lns4_r1,4,2,1,fp64,ordinary,dense,cooperative_shuffle,8,32,1,8,1,warp_shuffle,fraction_lut_global,ordinary/dense/cooperative_shuffle/x8/fraction_lut_global,16384,1024,1024,8396800,8396800,16,1024,256,3,0,37,4.9246721267700195,0.13309924666945999,3542.2093411217938,1
2026-08-16T15:03:54Z,NVIDIA H200 NVL,screen,uniform_0_1,gemv,lns,lns4_r1,4,2,1,fp64,ordinary,dense,cooperative_shuffle,8,32,1,8,1,warp_shuffle,fraction_lut_global,ordinary/dense/cooperative_shuffle/x8/fraction_lut_global,16384,1024,1024,8396800,8396800,16,1024,256,3,1,37,4.9133758544921875,0.13279394201330236,3542.2093411217938,1
2026-08-16T15:03:54Z,NVIDIA H200 NVL,screen,uniform_0_1,gemv,lns,lns4_r1,4,2,1,fp64,ordinary,dense,cooperative_shuffle,8,32,1,8,1,warp_shuffle,fraction_lut_global,ordinary/dense/cooperative_shuffle/x8/fraction_lut_global,16384,1024,1024,8396800,8396800,16,1024,256,3,2,37,4.9145278930664062,0.13282507819098396,3542.2093411217938,1
2026-08-16T15:03:54Z,NVIDIA H200 NVL,screen,uniform_0_1,dot,lns,lns4_r1,4,2,1,fp64,fused,dense,scalar,1,32,1,1,1,none,fraction_lut_global,fused/dense/scalar/x1/fraction_lut_global,16777216,0,1,16777216,16777216,16,512,256,3,0,44,4.9892158508300781,0.11339126933704723,3609997.3732460192,1
2026-08-16T15:03:54Z,NVIDIA H200 NVL,screen,uniform_0_1,dot,lns,lns4_r1,4,2,1,fp64,fused,dense,scalar,1,32,1,1,1,none,fraction_lut_global,fused/dense/scalar/x1/fraction_lut_global,16777216,0,1,16777216,16777216,16,512,256,3,1,44,4.9913277626037598,0.11343926733190363,3609997.3732460192,1
2026-08-16T15:03:54Z,NVIDIA H200 NVL,screen,uniform_0_1,dot,lns,lns4_r1,4,2,1,fp64,fused,dense,scalar,1,32,1,1,1,none,fraction_lut_global,fused/dense/scalar/x1/fraction_lut_global,16777216,0,1,16777216,16777216,16,512,256,3,2,44,4.9895682334899902,0.11339927803386342,3609997.3732460192,1
2026-08-16T15:03:54Z,NVIDIA H200 NVL,screen,uniform_0_1,gemv,lns,lns4_r1,4,2,1,fp64,fused,dense,scalar,1,32,1,1,1,none,fraction_lut_global,fused/dense/scalar/x1/fraction_lut_global,16384,1024,1024,8396800,8396800,16,1024,256,3,0,46,4.9956159591674805,0.10860034693842349,3542.2093411217938,1
2026-08-16T15:03:54Z,NVIDIA H200 NVL,screen,uniform_0_1,gemv,lns,lns4_r1,4,2,1,fp64,fused,dense,scalar,1,32,1,1,1,none,fraction_lut_global,fused/dense/scalar/x1/fraction_lut_global,16384,1024,1024,8396800,8396800,16,1024,256,3,1,46,4.9948158264160156,0.10858295274817426,3542.2093411217938,1
2026-08-16T15:03:54Z,NVIDIA H200 NVL,screen,uniform_0_1,gemv,lns,lns4_r1,4,2,1,fp64,fused,dense,scalar,1,32,1,1,1,none,fraction_lut_global,fused/dense/scalar/x1/fraction_lut_global,16384,1024,1024,8396800,8396800,16,1024,256,3,2,46,4.9936318397521973,0.10855721390765646,3542.2093411217938,1
2026-08-16T15:03:54Z,NVIDIA H200 NVL,screen,uniform_0_1,dot,lns,lns4_r1,4,2,1,fp64,fused,padded,scalar,1,8,1,1,1,none,fraction_lut_global,fused/padded/scalar/x1/fraction_lut_global,16777216,0,1,16777216,33554432,16,512,256,3,0,47,4.8895039558410645,0.10403199906044817,3609997.3732460192,1
2026-08-16T15:03:54Z,NVIDIA H200 NVL,screen,uniform_0_1,dot,lns,lns4_r1,4,2,1,fp64,fused,padded,scalar,1,8,1,1,1,none,fraction_lut_global,fused/padded/scalar/x1/fraction_lut_global,16777216,0,1,16777216,33554432,16,512,256,3,1,47,4.8817601203918457,0.10386723660408183,3609997.3732460192,1
2026-08-16T15:03:54Z,NVIDIA H200 NVL,screen,uniform_0_1,dot,lns,lns4_r1,4,2,1,fp64,fused,padded,scalar,1,8,1,1,1,none,fraction_lut_global,fused/padded/scalar/x1/fraction_lut_global,16777216,0,1,16777216,33554432,16,512,256,3,2,47,4.8833279609680176,0.10390059491421313,3609997.3732460192,1
2026-08-16T15:03:54Z,NVIDIA H200 NVL,screen,uniform_0_1,gemv,lns,lns4_r1,4,2,1,fp64,fused,padded,scalar,1,8,1,1,1,none,fraction_lut_global,fused/padded/scalar/x1/fraction_lut_global,16384,1024,1024,8396800,16793600,16,1024,256,3,0,52,4.9237761497497559,0.094688002879803002,3542.2093411217938,1
2026-08-16T15:03:54Z,NVIDIA H200 NVL,screen,uniform_0_1,gemv,lns,lns4_r1,4,2,1,fp64,fused,padded,scalar,1,8,1,1,1,none,fraction_lut_global,fused/padded/scalar/x1/fraction_lut_global,16384,1024,1024,8396800,16793600,16,1024,256,3,1,52,4.9228482246398926,0.094670158166151777,3542.2093411217938,1
2026-08-16T15:03:54Z,NVIDIA H200 NVL,screen,uniform_0_1,gemv,lns,lns4_r1,4,2,1,fp64,fused,padded,scalar,1,8,1,1,1,none,fraction_lut_global,fused/padded/scalar/x1/fraction_lut_global,16384,1024,1024,8396800,16793600,16,1024,256,3,2,52,4.9218878746032715,0.094651689896216765,3542.2093411217938,1
2026-08-16T15:03:54Z,NVIDIA H200 NVL,screen,uniform_0_1,dot,lns,lns4_r1,4,2,1,fp64,fused,dense,thread_packet,2,32,1,1,2,none,fraction_lut_global,fused/dense/thread_packet/x2/fraction_lut_global,16777216,0,1,16777216,16777216,16,512,256,3,0,45,4.952672004699707,0.11005937788221572,3609997.3732460188,1
2026-08-16T15:03:54Z,NVIDIA H200 NVL,screen,uniform_0_1,dot,lns,lns4_r1,4,2,1,fp64,fused,dense,thread_packet,2,32,1,1,2,none,fraction_lut_global,fused/dense/thread_packet/x2/fraction_lut_global,16777216,0,1,16777216,16777216,16,512,256,3,1,45,4.9514880180358887,0.1100330670674642,3609997.3732460188,1
2026-08-16T15:03:54Z,NVIDIA H200 NVL,screen,uniform_0_1,dot,lns,lns4_r1,4,2,1,fp64,fused,dense,thread_packet,2,32,1,1,2,none,fraction_lut_global,fused/dense/thread_packet/x2/fraction_lut_global,16777216,0,1,16777216,16777216,16,512,256,3,2,45,4.952415943145752,0.11005368762546115,3609997.3732460188,1
2026-08-16T15:03:54Z,NVIDIA H200 NVL,screen,uniform_0_1,gemv,lns,lns4_r1,4,2,1,fp64,fused,dense,thread_packet,2,32,1,1,2,none,fraction_lut_global,fused/dense/thread_packet/x2/fraction_lut_global,16384,1024,1024,8396800,8396800,16,1024,256,3,0,46,4.9291839599609375,0.10715617304262907,3542.2093411217938,1
2026-08-16T15:03:54Z,NVIDIA H200 NVL,screen,uniform_0_1,gemv,lns,lns4_r1,4,2,1,fp64,fused,dense,thread_packet,2,32,1,1,2,none,fraction_lut_global,fused/dense/thread_packet/x2/fraction_lut_global,16384,1024,1024,8396800,8396800,16,1024,256,3,1,46,4.9277758598327637,0.10712556217027747,3542.2093411217938,1
2026-08-16T15:03:54Z,NVIDIA H200 NVL,screen,uniform_0_1,gemv,lns,lns4_r1,4,2,1,fp64,fused,dense,thread_packet,2,32,1,1,2,none,fraction_lut_global,fused/dense/thread_packet/x2/fraction_lut_global,16384,1024,1024,8396800,8396800,16,1024,256,3,2,46,4.9282240867614746,0.1071353062339451,3542.2093411217938,1
2026-08-16T15:03:54Z,NVIDIA H200 NVL,screen,uniform_0_1,dot,lns,lns4_r1,4,2,1,fp64,fused,dense,thread_packet,4,32,1,1,4,none,fraction_lut_global,fused/dense/thread_packet/x4/fraction_lut_global,16777216,0,1,16777216,16777216,16,512,256,3,0,46,4.9734401702880859,0.10811826457148013,3609997.3732460192,1
2026-08-16T15:03:54Z,NVIDIA H200 NVL,screen,uniform_0_1,dot,lns,lns4_r1,4,2,1,fp64,fused,dense,thread_packet,4,32,1,1,4,none,fraction_lut_global,fused/dense/thread_packet/x4/fraction_lut_global,16777216,0,1,16777216,16777216,16,512,256,3,1,46,4.9730877876281738,0.10811060407887334,3609997.3732460192,1
2026-08-16T15:03:54Z,NVIDIA H200 NVL,screen,uniform_0_1,dot,lns,lns4_r1,4,2,1,fp64,fused,dense,thread_packet,4,32,1,1,4,none,fraction_lut_global,fused/dense/thread_packet/x4/fraction_lut_global,16777216,0,1,16777216,16777216,16,512,256,3,2,46,4.9753279685974121,0.10815930366516113,3609997.3732460192,1
2026-08-16T15:03:54Z,NVIDIA H200 NVL,screen,uniform_0_1,gemv,lns,lns4_r1,4,2,1,fp64,fused,dense,thread_packet,4,32,1,1,4,none,fraction_lut_global,fused/dense/thread_packet/x4/fraction_lut_global,16384,1024,1024,8396800,8396800,16,1024,256,3,0,46,4.9044160842895508,0.10661774096281632,3542.2093411217934,1
2026-08-16T15:03:54Z,NVIDIA H200 NVL,screen,uniform_0_1,gemv,lns,lns4_r1,4,2,1,fp64,fused,dense,thread_packet,4,32,1,1,4,none,fraction_lut_global,fused/dense/thread_packet/x4/fraction_lut_global,16384,1024,1024,8396800,8396800,16,1024,256,3,1,46,4.9066238403320312,0.10666573565939198,3542.2093411217934,1
2026-08-16T15:03:54Z,NVIDIA H200 NVL,screen,uniform_0_1,gemv,lns,lns4_r1,4,2,1,fp64,fused,dense,thread_packet,4,32,1,1,4,none,fraction_lut_global,fused/dense/thread_packet/x4/fraction_lut_global,16384,1024,1024,8396800,8396800,16,1024,256,3,2,46,4.9062719345092773,0.10665808553281038,3542.2093411217934,1
2026-08-16T15:03:54Z,NVIDIA H200 NVL,screen,uniform_0_1,dot,lns,lns4_r1,4,2,1,fp64,fused,dense,thread_packet,8,32,1,1,8,none,fraction_lut_global,fused/dense/thread_packet/x8/fraction_lut_global,16777216,0,1,16777216,16777216,16,512,256,3,0,52,4.875999927520752,0.093769229375399082,3609997.3732460192,1
2026-08-16T15:03:54Z,NVIDIA H200 NVL,screen,uniform_0_1,dot,lns,lns4_r1,4,2,1,fp64,fused,dense,thread_packet,8,32,1,1,8,none,fraction_lut_global,fused/dense/thread_packet/x8/fraction_lut_global,16777216,0,1,16777216,16777216,16,512,256,3,1,52,4.8728318214416504,0.093708304258493275,3609997.3732460192,1
2026-08-16T15:03:54Z,NVIDIA H200 NVL,screen,uniform_0_1,dot,lns,lns4_r1,4,2,1,fp64,fused,dense,thread_packet,8,32,1,1,8,none,fraction_lut_global,fused/dense/thread_packet/x8/fraction_lut_global,16777216,0,1,16777216,16777216,16,512,256,3,2,52,4.8751997947692871,0.093753842207101673,3609997.3732460192,1
2026-08-16T15:03:54Z,NVIDIA H200 NVL,screen,uniform_0_1,gemv,lns,lns4_r1,4,2,1,fp64,fused,dense,thread_packet,8,32,1,1,8,none,fraction_lut_global,fused/dense/thread_packet/x8/fraction_lut_global,16384,1024,1024,8396800,8396800,16,1024,256,3,0,49,4.9493441581726074,0.10100702363617566,3542.2093411217938,1
2026-08-16T15:03:54Z,NVIDIA H200 NVL,screen,uniform_0_1,gemv,lns,lns4_r1,4,2,1,fp64,fused,dense,thread_packet,8,32,1,1,8,none,fraction_lut_global,fused/dense/thread_packet/x8/fraction_lut_global,16384,1024,1024,8396800,8396800,16,1024,256,3,1,49,4.9494719505310059,0.10100963164348992,3542.2093411217938,1
2026-08-16T15:03:54Z,NVIDIA H200 NVL,screen,uniform_0_1,gemv,lns,lns4_r1,4,2,1,fp64,fused,dense,thread_packet,8,32,1,1,8,none,fraction_lut_global,fused/dense/thread_packet/x8/fraction_lut_global,16384,1024,1024,8396800,8396800,16,1024,256,3,2,49,4.9476161003112793,0.10097175714920978,3542.2093411217938,1
2026-08-16T15:03:54Z,NVIDIA H200 NVL,screen,uniform_0_1,dot,lns,lns4_r1,4,2,1,fp64,fused,padded,thread_packet,2,8,1,1,2,none,fraction_lut_global,fused/padded/thread_packet/x2/fraction_lut_global,16777216,0,1,16777216,33554432,16,512,256,3,0,49,4.9431037902832031,0.10087966918945312,3609997.3732460188,1
2026-08-16T15:03:54Z,NVIDIA H200 NVL,screen,uniform_0_1,dot,lns,lns4_r1,4,2,1,fp64,fused,padded,thread_packet,2,8,1,1,2,none,fraction_lut_global,fused/padded/thread_packet/x2/fraction_lut_global,16777216,0,1,16777216,33554432,16,512,256,3,1,49,4.943903923034668,0.10089599842927893,3609997.3732460188,1
2026-08-16T15:03:54Z,NVIDIA H200 NVL,screen,uniform_0_1,dot,lns,lns4_r1,4,2,1,fp64,fused,padded,thread_packet,2,8,1,1,2,none,fraction_lut_global,fused/padded/thread_packet/x2/fraction_lut_global,16777216,0,1,16777216,33554432,16,512,256,3,2,49,4.9500799179077148,0.10102203914097377,3609997.3732460188,1
2026-08-16T15:03:54Z,NVIDIA H200 NVL,screen,uniform_0_1,gemv,lns,lns4_r1,4,2,1,fp64,fused,padded,thread_packet,2,8,1,1,2,none,fraction_lut_global,fused/padded/thread_packet/x2/fraction_lut_global,16384,1024,1024,8396800,16793600,16,1024,256,3,0,54,4.9296321868896484,0.091289484942400898,3542.2093411217938,1
2026-08-16T15:03:54Z,NVIDIA H200 NVL,screen,uniform_0_1,gemv,lns,lns4_r1,4,2,1,fp64,fused,padded,thread_packet,2,8,1,1,2,none,fraction_lut_global,fused/padded/thread_packet/x2/fraction_lut_global,16384,1024,1024,8396800,16793600,16,1024,256,3,1,54,4.9278721809387207,0.091256892239605938,3542.2093411217938,1
2026-08-16T15:03:54Z,NVIDIA H200 NVL,screen,uniform_0_1,gemv,lns,lns4_r1,4,2,1,fp64,fused,padded,thread_packet,2,8,1,1,2,none,fraction_lut_global,fused/padded/thread_packet/x2/fraction_lut_global,16384,1024,1024,8396800,16793600,16,1024,256,3,2,54,4.9279680252075195,0.091258667133472582,3542.2093411217938,1
2026-08-16T15:03:54Z,NVIDIA H200 NVL,screen,uniform_0_1,dot,lns,lns4_r1,4,2,1,fp64,fused,padded,thread_packet,4,8,1,1,4,none,fraction_lut_global,fused/padded/thread_packet/x4/fraction_lut_global,16777216,0,1,16777216,33554432,16,512,256,3,0,51,4.9546880722045898,0.097150746513815486,3609997.3732460192,1
2026-08-16T15:03:54Z,NVIDIA H200 NVL,screen,uniform_0_1,dot,lns,lns4_r1,4,2,1,fp64,fused,padded,thread_packet,4,8,1,1,4,none,fraction_lut_global,fused/padded/thread_packet/x4/fraction_lut_global,16777216,0,1,16777216,33554432,16,512,256,3,1,51,4.9593601226806641,0.097242355346679688,3609997.3732460192,1
2026-08-16T15:03:54Z,NVIDIA H200 NVL,screen,uniform_0_1,dot,lns,lns4_r1,4,2,1,fp64,fused,padded,thread_packet,4,8,1,1,4,none,fraction_lut_global,fused/padded/thread_packet/x4/fraction_lut_global,16777216,0,1,16777216,33554432,16,512,256,3,2,51,4.9560317993164062,0.097177094104243258,3609997.3732460192,1
2026-08-16T15:03:54Z,NVIDIA H200 NVL,screen,uniform_0_1,gemv,lns,lns4_r1,4,2,1,fp64,fused,padded,thread_packet,4,8,1,1,4,none,fraction_lut_global,fused/padded/thread_packet/x4/fraction_lut_global,16384,1024,1024,8396800,16793600,16,1024,256,3,0,56,4.9164481163024902,0.087793716362544474,3542.2093411217934,1
2026-08-16T15:03:54Z,NVIDIA H200 NVL,screen,uniform_0_1,gemv,lns,lns4_r1,4,2,1,fp64,fused,padded,thread_packet,4,8,1,1,4,none,fraction_lut_global,fused/padded/thread_packet/x4/fraction_lut_global,16384,1024,1024,8396800,16793600,16,1024,256,3,1,56,4.9172158241271973,0.087807425430842814,3542.2093411217934,1
2026-08-16T15:03:54Z,NVIDIA H200 NVL,screen,uniform_0_1,gemv,lns,lns4_r1,4,2,1,fp64,fused,padded,thread_packet,4,8,1,1,4,none,fraction_lut_global,fused/padded/thread_packet/x4/fraction_lut_global,16384,1024,1024,8396800,16793600,16,1024,256,3,2,56,4.9168319702148438,0.087800570896693644,3542.2093411217934,1
2026-08-16T15:03:54Z,NVIDIA H200 NVL,screen,uniform_0_1,dot,lns,lns4_r1,4,2,1,fp64,fused,padded,thread_packet,8,8,1,1,8,none,fraction_lut_global,fused/padded/thread_packet/x8/fraction_lut_global,16777216,0,1,16777216,33554432,16,512,256,3,0,52,4.959968090057373,0.095384001731872559,3609997.3732460192,1
2026-08-16T15:03:54Z,NVIDIA H200 NVL,screen,uniform_0_1,dot,lns,lns4_r1,4,2,1,fp64,fused,padded,thread_packet,8,8,1,1,8,none,fraction_lut_global,fused/padded/thread_packet/x8/fraction_lut_global,16777216,0,1,16777216,33554432,16,512,256,3,1,52,4.9526400566101074,0.095243078011732832,3609997.3732460192,1
2026-08-16T15:03:54Z,NVIDIA H200 NVL,screen,uniform_0_1,dot,lns,lns4_r1,4,2,1,fp64,fused,padded,thread_packet,8,8,1,1,8,none,fraction_lut_global,fused/padded/thread_packet/x8/fraction_lut_global,16777216,0,1,16777216,33554432,16,512,256,3,2,52,4.9545598030090332,0.095279996211712181,3609997.3732460192,1
2026-08-16T15:03:54Z,NVIDIA H200 NVL,screen,uniform_0_1,gemv,lns,lns4_r1,4,2,1,fp64,fused,padded,thread_packet,8,8,1,1,8,none,fraction_lut_global,fused/padded/thread_packet/x8/fraction_lut_global,16384,1024,1024,8396800,16793600,16,1024,256,3,0,57,4.9240322113037109,0.086386530022872124,3542.2093411217938,1
2026-08-16T15:03:54Z,NVIDIA H200 NVL,screen,uniform_0_1,gemv,lns,lns4_r1,4,2,1,fp64,fused,padded,thread_packet,8,8,1,1,8,none,fraction_lut_global,fused/padded/thread_packet/x8/fraction_lut_global,16384,1024,1024,8396800,16793600,16,1024,256,3,1,57,4.9232320785522461,0.086372492606179754,3542.2093411217938,1
2026-08-16T15:03:54Z,NVIDIA H200 NVL,screen,uniform_0_1,gemv,lns,lns4_r1,4,2,1,fp64,fused,padded,thread_packet,8,8,1,1,8,none,fraction_lut_global,fused/padded/thread_packet/x8/fraction_lut_global,16384,1024,1024,8396800,16793600,16,1024,256,3,2,57,4.9233279228210449,0.08637417408457973,3542.2093411217938,1
2026-08-16T15:03:54Z,NVIDIA H200 NVL,screen,uniform_0_1,dot,lns,lns4_r1,4,2,1,fp64,fused,dense,cooperative_shuffle,8,32,1,8,1,warp_shuffle,fraction_lut_global,fused/dense/cooperative_shuffle/x8/fraction_lut_global,16777216,0,1,16777216,16777216,16,512,256,3,0,40,4.9763522148132324,0.1244088053703308,3609997.3732460192,1
2026-08-16T15:03:54Z,NVIDIA H200 NVL,screen,uniform_0_1,dot,lns,lns4_r1,4,2,1,fp64,fused,dense,cooperative_shuffle,8,32,1,8,1,warp_shuffle,fraction_lut_global,fused/dense/cooperative_shuffle/x8/fraction_lut_global,16777216,0,1,16777216,16777216,16,512,256,3,1,40,4.9787201881408691,0.12446800470352173,3609997.3732460192,1
2026-08-16T15:03:54Z,NVIDIA H200 NVL,screen,uniform_0_1,dot,lns,lns4_r1,4,2,1,fp64,fused,dense,cooperative_shuffle,8,32,1,8,1,warp_shuffle,fraction_lut_global,fused/dense/cooperative_shuffle/x8/fraction_lut_global,16777216,0,1,16777216,16777216,16,512,256,3,2,40,4.9784960746765137,0.12446240186691285,3609997.3732460192,1
2026-08-16T15:03:54Z,NVIDIA H200 NVL,screen,uniform_0_1,gemv,lns,lns4_r1,4,2,1,fp64,fused,dense,cooperative_shuffle,8,32,1,8,1,warp_shuffle,fraction_lut_global,fused/dense/cooperative_shuffle/x8/fraction_lut_global,16384,1024,1024,8396800,8396800,16,1024,256,3,0,44,4.9685759544372559,0.1129221807826649,3542.2093411217938,1
2026-08-16T15:03:54Z,NVIDIA H200 NVL,screen,uniform_0_1,gemv,lns,lns4_r1,4,2,1,fp64,fused,dense,cooperative_shuffle,8,32,1,8,1,warp_shuffle,fraction_lut_global,fused/dense/cooperative_shuffle/x8/fraction_lut_global,16384,1024,1024,8396800,8396800,16,1024,256,3,1,44,4.9628481864929199,0.11279200423847545,3542.2093411217938,1
2026-08-16T15:03:54Z,NVIDIA H200 NVL,screen,uniform_0_1,gemv,lns,lns4_r1,4,2,1,fp64,fused,dense,cooperative_shuffle,8,32,1,8,1,warp_shuffle,fraction_lut_global,fused/dense/cooperative_shuffle/x8/fraction_lut_global,16384,1024,1024,8396800,8396800,16,1024,256,3,2,44,4.9528322219848633,0.11256436868147417,3542.2093411217938,1
2026-08-16T15:03:54Z,NVIDIA H200 NVL,screen,uniform_0_1,dot,lns,lns4_r1,4,2,1,fp64,ordinary,dense,scalar,1,32,1,1,1,none,fraction_lut_shared,ordinary/dense/scalar/x1/fraction_lut_shared,16777216,0,1,16777216,16777216,16,512,256,3,0,44,4.9710721969604492,0.11297891356728294,3609997.3732460192,1
2026-08-16T15:03:54Z,NVIDIA H200 NVL,screen,uniform_0_1,dot,lns,lns4_r1,4,2,1,fp64,ordinary,dense,scalar,1,32,1,1,1,none,fraction_lut_shared,ordinary/dense/scalar/x1/fraction_lut_shared,16777216,0,1,16777216,16777216,16,512,256,3,1,44,4.9713602066040039,0.11298545924100009,3609997.3732460192,1
2026-08-16T15:03:54Z,NVIDIA H200 NVL,screen,uniform_0_1,dot,lns,lns4_r1,4,2,1,fp64,ordinary,dense,scalar,1,32,1,1,1,none,fraction_lut_shared,ordinary/dense/scalar/x1/fraction_lut_shared,16777216,0,1,16777216,16777216,16,512,256,3,2,44,4.9678077697753906,0.11290472204034979,3609997.3732460192,1
2026-08-16T15:03:54Z,NVIDIA H200 NVL,screen,uniform_0_1,gemv,lns,lns4_r1,4,2,1,fp64,ordinary,dense,scalar,1,32,1,1,1,none,fraction_lut_shared,ordinary/dense/scalar/x1/fraction_lut_shared,16384,1024,1024,8396800,8396800,16,1024,256,3,0,44,4.8824958801269531,0.11096581545743076,3542.2093411217938,1
2026-08-16T15:03:54Z,NVIDIA H200 NVL,screen,uniform_0_1,gemv,lns,lns4_r1,4,2,1,fp64,ordinary,dense,scalar,1,32,1,1,1,none,fraction_lut_shared,ordinary/dense/scalar/x1/fraction_lut_shared,16384,1024,1024,8396800,8396800,16,1024,256,3,1,44,4.8821759223937988,0.11095854369076816,3542.2093411217938,1
2026-08-16T15:03:54Z,NVIDIA H200 NVL,screen,uniform_0_1,gemv,lns,lns4_r1,4,2,1,fp64,ordinary,dense,scalar,1,32,1,1,1,none,fraction_lut_shared,ordinary/dense/scalar/x1/fraction_lut_shared,16384,1024,1024,8396800,8396800,16,1024,256,3,2,44,4.8839998245239258,0.11099999601190741,3542.2093411217938,1
2026-08-16T15:03:54Z,NVIDIA H200 NVL,screen,uniform_0_1,dot,lns,lns4_r1,4,2,1,fp64,ordinary,padded,scalar,1,8,1,1,1,none,fraction_lut_shared,ordinary/padded/scalar/x1/fraction_lut_shared,16777216,0,1,16777216,33554432,16,512,256,3,0,48,4.9047360420227051,0.10218200087547302,3609997.3732460192,1
2026-08-16T15:03:54Z,NVIDIA H200 NVL,screen,uniform_0_1,dot,lns,lns4_r1,4,2,1,fp64,ordinary,padded,scalar,1,8,1,1,1,none,fraction_lut_shared,ordinary/padded/scalar/x1/fraction_lut_shared,16777216,0,1,16777216,33554432,16,512,256,3,1,48,4.9260802268981934,0.10262667139371236,3609997.3732460192,1
2026-08-16T15:03:54Z,NVIDIA H200 NVL,screen,uniform_0_1,dot,lns,lns4_r1,4,2,1,fp64,ordinary,padded,scalar,1,8,1,1,1,none,fraction_lut_shared,ordinary/padded/scalar/x1/fraction_lut_shared,16777216,0,1,16777216,33554432,16,512,256,3,2,48,4.9088320732116699,0.10226733485857646,3609997.3732460192,1
2026-08-16T15:03:54Z,NVIDIA H200 NVL,screen,uniform_0_1,gemv,lns,lns4_r1,4,2,1,fp64,ordinary,padded,scalar,1,8,1,1,1,none,fraction_lut_shared,ordinary/padded/scalar/x1/fraction_lut_shared,16384,1024,1024,8396800,16793600,16,1024,256,3,0,53,4.9604802131652832,0.09359396628613742,3542.2093411217938,1
2026-08-16T15:03:54Z,NVIDIA H200 NVL,screen,uniform_0_1,gemv,lns,lns4_r1,4,2,1,fp64,ordinary,padded,scalar,1,8,1,1,1,none,fraction_lut_shared,ordinary/padded/scalar/x1/fraction_lut_shared,16384,1024,1024,8396800,16793600,16,1024,256,3,1,53,4.9530239105224609,0.093453281330612467,3542.2093411217938,1
2026-08-16T15:03:54Z,NVIDIA H200 NVL,screen,uniform_0_1,gemv,lns,lns4_r1,4,2,1,fp64,ordinary,padded,scalar,1,8,1,1,1,none,fraction_lut_shared,ordinary/padded/scalar/x1/fraction_lut_shared,16384,1024,1024,8396800,16793600,16,1024,256,3,2,53,4.9548802375793457,0.093488306369421612,3542.2093411217938,1
2026-08-16T15:03:54Z,NVIDIA H200 NVL,screen,uniform_0_1,dot,lns,lns4_r1,4,2,1,fp64,ordinary,dense,thread_packet,2,32,1,1,2,none,fraction_lut_shared,ordinary/dense/thread_packet/x2/fraction_lut_shared,16777216,0,1,16777216,16777216,16,512,256,3,0,42,4.9049601554870605,0.11678476560683478,3609997.3732460188,1
2026-08-16T15:03:54Z,NVIDIA H200 NVL,screen,uniform_0_1,dot,lns,lns4_r1,4,2,1,fp64,ordinary,dense,thread_packet,2,32,1,1,2,none,fraction_lut_shared,ordinary/dense/thread_packet/x2/fraction_lut_shared,16777216,0,1,16777216,16777216,16,512,256,3,1,42,4.9008641242980957,0.11668724105471656,3609997.3732460188,1
2026-08-16T15:03:54Z,NVIDIA H200 NVL,screen,uniform_0_1,dot,lns,lns4_r1,4,2,1,fp64,ordinary,dense,thread_packet,2,32,1,1,2,none,fraction_lut_shared,ordinary/dense/thread_packet/x2/fraction_lut_shared,16777216,0,1,16777216,16777216,16,512,256,3,2,42,4.8950400352478027,0.11654857226780482,3609997.3732460188,1
2026-08-16T15:03:54Z,NVIDIA H200 NVL,screen,uniform_0_1,gemv,lns,lns4_r1,4,2,1,fp64,ordinary,dense,thread_packet,2,32,1,1,2,none,fraction_lut_shared,ordinary/dense/thread_packet/x2/fraction_lut_shared,16384,1024,1024,8396800,8396800,16,1024,256,3,0,44,4.9478402137756348,0.11245091394944624,3542.2093411217938,1
2026-08-16T15:03:54Z,NVIDIA H200 NVL,screen,uniform_0_1,gemv,lns,lns4_r1,4,2,1,fp64,ordinary,dense,thread_packet,2,32,1,1,2,none,fraction_lut_shared,ordinary/dense/thread_packet/x2/fraction_lut_shared,16384,1024,1024,8396800,8396800,16,1024,256,3,1,44,4.943903923034668,0.11236145279624245,3542.2093411217938,1
2026-08-16T15:03:54Z,NVIDIA H200 NVL,screen,uniform_0_1,gemv,lns,lns4_r1,4,2,1,fp64,ordinary,dense,thread_packet,2,32,1,1,2,none,fraction_lut_shared,ordinary/dense/thread_packet/x2/fraction_lut_shared,16384,1024,1024,8396800,8396800,16,1024,256,3,2,44,4.9467201232910156,0.11242545734752309,3542.2093411217938,1
2026-08-16T15:03:54Z,NVIDIA H200 NVL,screen,uniform_0_1,dot,lns,lns4_r1,4,2,1,fp64,ordinary,dense,thread_packet,4,32,1,1,4,none,fraction_lut_shared,ordinary/dense/thread_packet/x4/fraction_lut_shared,16777216,0,1,16777216,16777216,16,512,256,3,0,43,4.9512319564819336,0.11514492922051009,3609997.3732460192,1
2026-08-16T15:03:54Z,NVIDIA H200 NVL,screen,uniform_0_1,dot,lns,lns4_r1,4,2,1,fp64,ordinary,dense,thread_packet,4,32,1,1,4,none,fraction_lut_shared,ordinary/dense/thread_packet/x4/fraction_lut_shared,16777216,0,1,16777216,16777216,16,512,256,3,1,43,4.9520320892333984,0.11516353695891625,3609997.3732460192,1
2026-08-16T15:03:54Z,NVIDIA H200 NVL,screen,uniform_0_1,dot,lns,lns4_r1,4,2,1,fp64,ordinary,dense,thread_packet,4,32,1,1,4,none,fraction_lut_shared,ordinary/dense/thread_packet/x4/fraction_lut_shared,16777216,0,1,16777216,16777216,16,512,256,3,2,43,4.9439997673034668,0.11497673877449922,3609997.3732460192,1
2026-08-16T15:03:54Z,NVIDIA H200 NVL,screen,uniform_0_1,gemv,lns,lns4_r1,4,2,1,fp64,ordinary,dense,thread_packet,4,32,1,1,4,none,fraction_lut_shared,ordinary/dense/thread_packet/x4/fraction_lut_shared,16384,1024,1024,8396800,8396800,16,1024,256,3,0,44,4.9440321922302246,0.11236436800523238,3542.2093411217938,1
2026-08-16T15:03:54Z,NVIDIA H200 NVL,screen,uniform_0_1,gemv,lns,lns4_r1,4,2,1,fp64,ordinary,dense,thread_packet,4,32,1,1,4,none,fraction_lut_shared,ordinary/dense/thread_packet/x4/fraction_lut_shared,16384,1024,1024,8396800,8396800,16,1024,256,3,1,44,4.937312126159668,0.11221163923090155,3542.2093411217938,1
2026-08-16T15:03:54Z,NVIDIA H200 NVL,screen,uniform_0_1,gemv,lns,lns4_r1,4,2,1,fp64,ordinary,dense,thread_packet,4,32,1,1,4,none,fraction_lut_shared,ordinary/dense/thread_packet/x4/fraction_lut_shared,16384,1024,1024,8396800,8396800,16,1024,256,3,2,44,4.9461760520935059,0.11241309209303423,3542.2093411217938,1
2026-08-16T15:03:54Z,NVIDIA H200 NVL,screen,uniform_0_1,dot,lns,lns4_r1,4,2,1,fp64,ordinary,dense,thread_packet,8,32,1,1,8,none,fraction_lut_shared,ordinary/dense/thread_packet/x8/fraction_lut_shared,16777216,0,1,16777216,16777216,16,512,256,3,0,48,4.9432320594787598,0.10298400123914082,3609997.3732460192,1
2026-08-16T15:03:54Z,NVIDIA H200 NVL,screen,uniform_0_1,dot,lns,lns4_r1,4,2,1,fp64,ordinary,dense,thread_packet,8,32,1,1,8,none,fraction_lut_shared,ordinary/dense/thread_packet/x8/fraction_lut_shared,16777216,0,1,16777216,16777216,16,512,256,3,1,48,4.9474878311157227,0.10307266314824422,3609997.3732460192,1
2026-08-16T15:03:54Z,NVIDIA H200 NVL,screen,uniform_0_1,dot,lns,lns4_r1,4,2,1,fp64,ordinary,dense,thread_packet,8,32,1,1,8,none,fraction_lut_shared,ordinary/dense/thread_packet/x8/fraction_lut_shared,16777216,0,1,16777216,16777216,16,512,256,3,2,48,4.9462399482727051,0.10304666558901469,3609997.3732460192,1
2026-08-16T15:03:54Z,NVIDIA H200 NVL,screen,uniform_0_1,gemv,lns,lns4_r1,4,2,1,fp64,ordinary,dense,thread_packet,8,32,1,1,8,none,fraction_lut_shared,ordinary/dense/thread_packet/x8/fraction_lut_shared,16384,1024,1024,8396800,8396800,16,1024,256,3,0,46,4.885983943939209,0.10621704225954802,3542.2093411217938,1
2026-08-16T15:03:54Z,NVIDIA H200 NVL,screen,uniform_0_1,gemv,lns,lns4_r1,4,2,1,fp64,ordinary,dense,thread_packet,8,32,1,1,8,none,fraction_lut_shared,ordinary/dense/thread_packet/x8/fraction_lut_shared,16384,1024,1024,8396800,8396800,16,1024,256,3,1,46,4.8851838111877441,0.10619964806929878,3542.2093411217938,1
2026-08-16T15:03:54Z,NVIDIA H200 NVL,screen,uniform_0_1,gemv,lns,lns4_r1,4,2,1,fp64,ordinary,dense,thread_packet,8,32,1,1,8,none,fraction_lut_shared,ordinary/dense/thread_packet/x8/fraction_lut_shared,16384,1024,1024,8396800,8396800,16,1024,256,3,2,46,4.9032959938049316,0.10659339116967242,3542.2093411217938,1
2026-08-16T15:03:54Z,NVIDIA H200 NVL,screen,uniform_0_1,dot,lns,lns4_r1,4,2,1,fp64,ordinary,padded,thread_packet,2,8,1,1,2,none,fraction_lut_shared,ordinary/padded/thread_packet/x2/fraction_lut_shared,16777216,0,1,16777216,33554432,16,512,256,3,0,49,4.9590401649475098,0.10120490132545938,3609997.3732460188,1
2026-08-16T15:03:54Z,NVIDIA H200 NVL,screen,uniform_0_1,dot,lns,lns4_r1,4,2,1,fp64,ordinary,padded,thread_packet,2,8,1,1,2,none,fraction_lut_shared,ordinary/padded/thread_packet/x2/fraction_lut_shared,16777216,0,1,16777216,33554432,16,512,256,3,1,49,4.9587841033935547,0.1011996755794603,3609997.3732460188,1
2026-08-16T15:03:54Z,NVIDIA H200 NVL,screen,uniform_0_1,dot,lns,lns4_r1,4,2,1,fp64,ordinary,padded,thread_packet,2,8,1,1,2,none,fraction_lut_shared,ordinary/padded/thread_packet/x2/fraction_lut_shared,16777216,0,1,16777216,33554432,16,512,256,3,2,49,4.9559998512268066,0.10114285410666952,3609997.3732460188,1
2026-08-16T15:03:54Z,NVIDIA H200 NVL,screen,uniform_0_1,gemv,lns,lns4_r1,4,2,1,fp64,ordinary,padded,thread_packet,2,8,1,1,2,none,fraction_lut_shared,ordinary/padded/thread_packet/x2/fraction_lut_shared,16384,1024,1024,8396800,16793600,16,1024,256,3,0,54,4.9516801834106445,0.091697781174271201,3542.2093411217938,1
2026-08-16T15:03:54Z,NVIDIA H200 NVL,screen,uniform_0_1,gemv,lns,lns4_r1,4,2,1,fp64,ordinary,padded,thread_packet,2,8,1,1,2,none,fraction_lut_shared,ordinary/padded/thread_packet/x2/fraction_lut_shared,16384,1024,1024,8396800,16793600,16,1024,256,3,1,54,4.9431037902832031,0.091538959079318583,3542.2093411217938,1
2026-08-16T15:03:54Z,NVIDIA H200 NVL,screen,uniform_0_1,gemv,lns,lns4_r1,4,2,1,fp64,ordinary,padded,thread_packet,2,8,1,1,2,none,fraction_lut_shared,ordinary/padded/thread_packet/x2/fraction_lut_shared,16384,1024,1024,8396800,16793600,16,1024,256,3,2,54,4.9377918243408203,0.091440589339644815,3542.2093411217938,1
2026-08-16T15:03:54Z,NVIDIA H200 NVL,screen,uniform_0_1,dot,lns,lns4_r1,4,2,1,fp64,ordinary,padded,thread_packet,4,8,1,1,4,none,fraction_lut_shared,ordinary/padded/thread_packet/x4/fraction_lut_shared,16777216,0,1,16777216,33554432,16,512,256,3,0,50,4.9737920761108398,0.099475841522216793,3609997.3732460192,1
2026-08-16T15:03:54Z,NVIDIA H200 NVL,screen,uniform_0_1,dot,lns,lns4_r1,4,2,1,fp64,ordinary,padded,thread_packet,4,8,1,1,4,none,fraction_lut_shared,ordinary/padded/thread_packet/x4/fraction_lut_shared,16777216,0,1,16777216,33554432,16,512,256,3,1,50,4.9524478912353516,0.099048957824707032,3609997.3732460192,1
2026-08-16T15:03:54Z,NVIDIA H200 NVL,screen,uniform_0_1,dot,lns,lns4_r1,4,2,1,fp64,ordinary,padded,thread_packet,4,8,1,1,4,none,fraction_lut_shared,ordinary/padded/thread_packet/x4/fraction_lut_shared,16777216,0,1,16777216,33554432,16,512,256,3,2,50,4.9513278007507324,0.099026556015014644,3609997.3732460192,1
2026-08-16T15:03:54Z,NVIDIA H200 NVL,screen,uniform_0_1,gemv,lns,lns4_r1,4,2,1,fp64,ordinary,padded,thread_packet,4,8,1,1,4,none,fraction_lut_shared,ordinary/padded/thread_packet/x4/fraction_lut_shared,16384,1024,1024,8396800,16793600,16,1024,256,3,0,55,4.8856959342956543,0.088830835169011899,3542.2093411217938,1
2026-08-16T15:03:54Z,NVIDIA H200 NVL,screen,uniform_0_1,gemv,lns,lns4_r1,4,2,1,fp64,ordinary,padded,thread_packet,4,8,1,1,4,none,fraction_lut_shared,ordinary/padded/thread_packet/x4/fraction_lut_shared,16384,1024,1024,8396800,16793600,16,1024,256,3,1,55,4.9018559455871582,0.089124653556130154,3542.2093411217938,1
2026-08-16T15:03:54Z,NVIDIA H200 NVL,screen,uniform_0_1,gemv,lns,lns4_r1,4,2,1,fp64,ordinary,padded,thread_packet,4,8,1,1,4,none,fraction_lut_shared,ordinary/padded/thread_packet/x4/fraction_lut_shared,16384,1024,1024,8396800,16793600,16,1024,256,3,2,55,4.8856639862060547,0.088830254294655533,3542.2093411217938,1
2026-08-16T15:03:54Z,NVIDIA H200 NVL,screen,uniform_0_1,dot,lns,lns4_r1,4,2,1,fp64,ordinary,padded,thread_packet,8,8,1,1,8,none,fraction_lut_shared,ordinary/padded/thread_packet/x8/fraction_lut_shared,16777216,0,1,16777216,33554432,16,512,256,3,0,49,4.8627200126647949,0.099239183931934594,3609997.3732460192,1
2026-08-16T15:03:54Z,NVIDIA H200 NVL,screen,uniform_0_1,dot,lns,lns4_r1,4,2,1,fp64,ordinary,padded,thread_packet,8,8,1,1,8,none,fraction_lut_shared,ordinary/padded/thread_packet/x8/fraction_lut_shared,16777216,0,1,16777216,33554432,16,512,256,3,1,49,4.8779201507568359,0.099549390831772167,3609997.3732460192,1
2026-08-16T15:03:54Z,NVIDIA H200 NVL,screen,uniform_0_1,dot,lns,lns4_r1,4,2,1,fp64,ordinary,padded,thread_packet,8,8,1,1,8,none,fraction_lut_shared,ordinary/padded/thread_packet/x8/fraction_lut_shared,16777216,0,1,16777216,33554432,16,512,256,3,2,49,4.8675518035888672,0.09933779190997688,3609997.3732460192,1
2026-08-16T15:03:54Z,NVIDIA H200 NVL,screen,uniform_0_1,gemv,lns,lns4_r1,4,2,1,fp64,ordinary,padded,thread_packet,8,8,1,1,8,none,fraction_lut_shared,ordinary/padded/thread_packet/x8/fraction_lut_shared,16384,1024,1024,8396800,16793600,16,1024,256,3,0,55,4.871488094329834,0.088572510805996985,3542.2093411217938,1
2026-08-16T15:03:54Z,NVIDIA H200 NVL,screen,uniform_0_1,gemv,lns,lns4_r1,4,2,1,fp64,ordinary,padded,thread_packet,8,8,1,1,8,none,fraction_lut_shared,ordinary/padded/thread_packet/x8/fraction_lut_shared,16384,1024,1024,8396800,16793600,16,1024,256,3,1,55,4.8748159408569336,0.0886330171064897,3542.2093411217938,1
2026-08-16T15:03:54Z,NVIDIA H200 NVL,screen,uniform_0_1,gemv,lns,lns4_r1,4,2,1,fp64,ordinary,padded,thread_packet,8,8,1,1,8,none,fraction_lut_shared,ordinary/padded/thread_packet/x8/fraction_lut_shared,16384,1024,1024,8396800,16793600,16,1024,256,3,2,55,4.8710079193115234,0.088563780351118601,3542.2093411217938,1
2026-08-16T15:03:54Z,NVIDIA H200 NVL,screen,uniform_0_1,dot,lns,lns4_r1,4,2,1,fp64,ordinary,dense,cooperative_shuffle,8,32,1,8,1,warp_shuffle,fraction_lut_shared,ordinary/dense/cooperative_shuffle/x8/fraction_lut_shared,16777216,0,1,16777216,16777216,16,512,256,3,0,38,5.0392317771911621,0.13261136255766215,3609997.3732460192,1
2026-08-16T15:03:54Z,NVIDIA H200 NVL,screen,uniform_0_1,dot,lns,lns4_r1,4,2,1,fp64,ordinary,dense,cooperative_shuffle,8,32,1,8,1,warp_shuffle,fraction_lut_shared,ordinary/dense/cooperative_shuffle/x8/fraction_lut_shared,16777216,0,1,16777216,16777216,16,512,256,3,1,38,5.0400638580322266,0.13263325942190071,3609997.3732460192,1
2026-08-16T15:03:54Z,NVIDIA H200 NVL,screen,uniform_0_1,dot,lns,lns4_r1,4,2,1,fp64,ordinary,dense,cooperative_shuffle,8,32,1,8,1,warp_shuffle,fraction_lut_shared,ordinary/dense/cooperative_shuffle/x8/fraction_lut_shared,16777216,0,1,16777216,16777216,16,512,256,3,2,38,5.042975902557373,0.13270989217256246,3609997.3732460192,1
2026-08-16T15:03:54Z,NVIDIA H200 NVL,screen,uniform_0_1,gemv,lns,lns4_r1,4,2,1,fp64,ordinary,dense,cooperative_shuffle,8,32,1,8,1,warp_shuffle,fraction_lut_shared,ordinary/dense/cooperative_shuffle/x8/fraction_lut_shared,16384,1024,1024,8396800,8396800,16,1024,256,3,0,42,4.9710397720336914,0.11835808981032599,3542.2093411217938,1
2026-08-16T15:03:54Z,NVIDIA H200 NVL,screen,uniform_0_1,gemv,lns,lns4_r1,4,2,1,fp64,ordinary,dense,cooperative_shuffle,8,32,1,8,1,warp_shuffle,fraction_lut_shared,ordinary/dense/cooperative_shuffle/x8/fraction_lut_shared,16384,1024,1024,8396800,8396800,16,1024,256,3,1,42,4.9540481567382812,0.11795352754138765,3542.2093411217938,1
2026-08-16T15:03:54Z,NVIDIA H200 NVL,screen,uniform_0_1,gemv,lns,lns4_r1,4,2,1,fp64,ordinary,dense,cooperative_shuffle,8,32,1,8,1,warp_shuffle,fraction_lut_shared,ordinary/dense/cooperative_shuffle/x8/fraction_lut_shared,16384,1024,1024,8396800,8396800,16,1024,256,3,2,42,4.9546561241149902,0.11796800295511882,3542.2093411217938,1
2026-08-16T15:03:54Z,NVIDIA H200 NVL,screen,uniform_0_1,dot,lns,lns4_r1,4,2,1,fp64,fused,dense,scalar,1,32,1,1,1,none,fraction_lut_shared,fused/dense/scalar/x1/fraction_lut_shared,16777216,0,1,16777216,16777216,16,512,256,3,0,46,4.8968319892883301,0.106452869332355,3609997.3732460192,1
2026-08-16T15:03:54Z,NVIDIA H200 NVL,screen,uniform_0_1,dot,lns,lns4_r1,4,2,1,fp64,fused,dense,scalar,1,32,1,1,1,none,fraction_lut_shared,fused/dense/scalar/x1/fraction_lut_shared,16777216,0,1,16777216,16777216,16,512,256,3,1,46,4.901343822479248,0.10655095266259235,3609997.3732460192,1
2026-08-16T15:03:54Z,NVIDIA H200 NVL,screen,uniform_0_1,dot,lns,lns4_r1,4,2,1,fp64,fused,dense,scalar,1,32,1,1,1,none,fraction_lut_shared,fused/dense/scalar/x1/fraction_lut_shared,16777216,0,1,16777216,16777216,16,512,256,3,2,46,4.8956480026245117,0.1064271304918372,3609997.3732460192,1
2026-08-16T15:03:54Z,NVIDIA H200 NVL,screen,uniform_0_1,gemv,lns,lns4_r1,4,2,1,fp64,fused,dense,scalar,1,32,1,1,1,none,fraction_lut_shared,fused/dense/scalar/x1/fraction_lut_shared,16384,1024,1024,8396800,8396800,16,1024,256,3,0,48,4.9579520225524902,0.10329066713651021,3542.2093411217938,1
2026-08-16T15:03:54Z,NVIDIA H200 NVL,screen,uniform_0_1,gemv,lns,lns4_r1,4,2,1,fp64,fused,dense,scalar,1,32,1,1,1,none,fraction_lut_shared,fused/dense/scalar/x1/fraction_lut_shared,16384,1024,1024,8396800,8396800,16,1024,256,3,1,48,4.9577598571777344,0.1032866636912028,3542.2093411217938,1
2026-08-16T15:03:54Z,NVIDIA H200 NVL,screen,uniform_0_1,gemv,lns,lns4_r1,4,2,1,fp64,fused,dense,scalar,1,32,1,1,1,none,fraction_lut_shared,fused/dense/scalar/x1/fraction_lut_shared,16384,1024,1024,8396800,8396800,16,1024,256,3,2,48,4.9561600685119629,0.10325333476066589,3542.2093411217938,1
2026-08-16T15:03:54Z,NVIDIA H200 NVL,screen,uniform_0_1,dot,lns,lns4_r1,4,2,1,fp64,fused,padded,scalar,1,8,1,1,1,none,fraction_lut_shared,fused/padded/scalar/x1/fraction_lut_shared,16777216,0,1,16777216,33554432,16,512,256,3,0,52,4.9503040313720703,0.095198154449462891,3609997.3732460192,1
2026-08-16T15:03:54Z,NVIDIA H200 NVL,screen,uniform_0_1,dot,lns,lns4_r1,4,2,1,fp64,fused,padded,scalar,1,8,1,1,1,none,fraction_lut_shared,fused/padded/scalar/x1/fraction_lut_shared,16777216,0,1,16777216,33554432,16,512,256,3,1,52,4.9569602012634277,0.095326157716604382,3609997.3732460192,1
2026-08-16T15:03:54Z,NVIDIA H200 NVL,screen,uniform_0_1,dot,lns,lns4_r1,4,2,1,fp64,fused,padded,scalar,1,8,1,1,1,none,fraction_lut_shared,fused/padded/scalar/x1/fraction_lut_shared,16777216,0,1,16777216,33554432,16,512,256,3,2,52,4.9540162086486816,0.095269542474013105,3609997.3732460192,1
2026-08-16T15:03:54Z,NVIDIA H200 NVL,screen,uniform_0_1,gemv,lns,lns4_r1,4,2,1,fp64,fused,padded,scalar,1,8,1,1,1,none,fraction_lut_shared,fused/padded/scalar/x1/fraction_lut_shared,16384,1024,1024,8396800,16793600,16,1024,256,3,0,58,4.8951358795166016,0.084398894474424169,3542.2093411217938,1
2026-08-16T15:03:54Z,NVIDIA H200 NVL,screen,uniform_0_1,gemv,lns,lns4_r1,4,2,1,fp64,fused,padded,scalar,1,8,1,1,1,none,fraction_lut_shared,fused/padded/scalar/x1/fraction_lut_shared,16384,1024,1024,8396800,16793600,16,1024,256,3,1,58,4.889279842376709,0.084297928316839812,3542.2093411217938,1
2026-08-16T15:03:54Z,NVIDIA H200 NVL,screen,uniform_0_1,gemv,lns,lns4_r1,4,2,1,fp64,fused,padded,scalar,1,8,1,1,1,none,fraction_lut_shared,fused/padded/scalar/x1/fraction_lut_shared,16384,1024,1024,8396800,16793600,16,1024,256,3,2,58,4.8777599334716797,0.084099309197787575,3542.2093411217938,1
2026-08-16T15:03:54Z,NVIDIA H200 NVL,screen,uniform_0_1,dot,lns,lns4_r1,4,2,1,fp64,fused,dense,thread_packet,2,32,1,1,2,none,fraction_lut_shared,fused/dense/thread_packet/x2/fraction_lut_shared,16777216,0,1,16777216,16777216,16,512,256,3,0,47,4.9115839004516602,0.10450178511599277,3609997.3732460188,1
2026-08-16T15:03:54Z,NVIDIA H200 NVL,screen,uniform_0_1,dot,lns,lns4_r1,4,2,1,fp64,fused,dense,thread_packet,2,32,1,1,2,none,fraction_lut_shared,fused/dense/thread_packet/x2/fraction_lut_shared,16777216,0,1,16777216,16777216,16,512,256,3,1,47,4.887904167175293,0.10399796100372964,3609997.3732460188,1
2026-08-16T15:03:54Z,NVIDIA H200 NVL,screen,uniform_0_1,dot,lns,lns4_r1,4,2,1,fp64,fused,dense,thread_packet,2,32,1,1,2,none,fraction_lut_shared,fused/dense/thread_packet/x2/fraction_lut_shared,16777216,0,1,16777216,16777216,16,512,256,3,2,47,4.8875198364257812,0.10398978375374003,3609997.3732460188,1
2026-08-16T15:03:54Z,NVIDIA H200 NVL,screen,uniform_0_1,gemv,lns,lns4_r1,4,2,1,fp64,fused,dense,thread_packet,2,32,1,1,2,none,fraction_lut_shared,fused/dense/thread_packet/x2/fraction_lut_shared,16384,1024,1024,8396800,8396800,16,1024,256,3,0,49,4.9695038795471191,0.10141844652136978,3542.2093411217938,1
2026-08-16T15:03:54Z,NVIDIA H200 NVL,screen,uniform_0_1,gemv,lns,lns4_r1,4,2,1,fp64,fused,dense,thread_packet,2,32,1,1,2,none,fraction_lut_shared,fused/dense/thread_packet/x2/fraction_lut_shared,16384,1024,1024,8396800,8396800,16,1024,256,3,1,49,4.9691200256347656,0.10141061276805644,3542.2093411217938,1
2026-08-16T15:03:54Z,NVIDIA H200 NVL,screen,uniform_0_1,gemv,lns,lns4_r1,4,2,1,fp64,fused,dense,thread_packet,2,32,1,1,2,none,fraction_lut_shared,fused/dense/thread_packet/x2/fraction_lut_shared,16384,1024,1024,8396800,8396800,16,1024,256,3,2,49,4.9697918891906738,0.10142432426919742,3542.2093411217938,1
2026-08-16T15:03:54Z,NVIDIA H200 NVL,screen,uniform_0_1,dot,lns,lns4_r1,4,2,1,fp64,fused,dense,thread_packet,4,32,1,1,4,none,fraction_lut_shared,fused/dense/thread_packet/x4/fraction_lut_shared,16777216,0,1,16777216,16777216,16,512,256,3,0,49,4.9842557907104492,0.10171950593286631,3609997.3732460192,1
2026-08-16T15:03:54Z,NVIDIA H200 NVL,screen,uniform_0_1,dot,lns,lns4_r1,4,2,1,fp64,fused,dense,thread_packet,4,32,1,1,4,none,fraction_lut_shared,fused/dense/thread_packet/x4/fraction_lut_shared,16777216,0,1,16777216,16777216,16,512,256,3,1,49,4.9840641021728516,0.10171559392189493,3609997.3732460192,1
2026-08-16T15:03:54Z,NVIDIA H200 NVL,screen,uniform_0_1,dot,lns,lns4_r1,4,2,1,fp64,fused,dense,thread_packet,4,32,1,1,4,none,fraction_lut_shared,fused/dense/thread_packet/x4/fraction_lut_shared,16777216,0,1,16777216,16777216,16,512,256,3,2,49,4.9847040176391602,0.10172865342120735,3609997.3732460192,1
2026-08-16T15:03:54Z,NVIDIA H200 NVL,screen,uniform_0_1,gemv,lns,lns4_r1,4,2,1,fp64,fused,dense,thread_packet,4,32,1,1,4,none,fraction_lut_shared,fused/dense/thread_packet/x4/fraction_lut_shared,16384,1024,1024,8396800,8396800,16,1024,256,3,0,49,4.9228482246398926,0.10046629029877331,3542.2093411217934,1
2026-08-16T15:03:54Z,NVIDIA H200 NVL,screen,uniform_0_1,gemv,lns,lns4_r1,4,2,1,fp64,fused,dense,thread_packet,4,32,1,1,4,none,fraction_lut_shared,fused/dense/thread_packet/x4/fraction_lut_shared,16384,1024,1024,8396800,8396800,16,1024,256,3,1,49,4.9230718612670898,0.10047085431157327,3542.2093411217934,1
2026-08-16T15:03:54Z,NVIDIA H200 NVL,screen,uniform_0_1,gemv,lns,lns4_r1,4,2,1,fp64,fused,dense,thread_packet,4,32,1,1,4,none,fraction_lut_shared,fused/dense/thread_packet/x4/fraction_lut_shared,16384,1024,1024,8396800,8396800,16,1024,256,3,2,49,4.9214720726013184,0.10043820556329221,3542.2093411217934,1
2026-08-16T15:03:54Z,NVIDIA H200 NVL,screen,uniform_0_1,dot,lns,lns4_r1,4,2,1,fp64,fused,dense,thread_packet,8,32,1,1,8,none,fraction_lut_shared,fused/dense/thread_packet/x8/fraction_lut_shared,16777216,0,1,16777216,16777216,16,512,256,3,0,56,4.8963837623596191,0.087435424327850342,3609997.3732460192,1
2026-08-16T15:03:54Z,NVIDIA H200 NVL,screen,uniform_0_1,dot,lns,lns4_r1,4,2,1,fp64,fused,dense,thread_packet,8,32,1,1,8,none,fraction_lut_shared,fused/dense/thread_packet/x8/fraction_lut_shared,16777216,0,1,16777216,16777216,16,512,256,3,1,56,4.8976960182189941,0.08745885746819633,3609997.3732460192,1
2026-08-16T15:03:54Z,NVIDIA H200 NVL,screen,uniform_0_1,dot,lns,lns4_r1,4,2,1,fp64,fused,dense,thread_packet,8,32,1,1,8,none,fraction_lut_shared,fused/dense/thread_packet/x8/fraction_lut_shared,16777216,0,1,16777216,16777216,16,512,256,3,2,56,4.8950080871582031,0.087410858699253621,3609997.3732460192,1
2026-08-16T15:03:54Z,NVIDIA H200 NVL,screen,uniform_0_1,gemv,lns,lns4_r1,4,2,1,fp64,fused,dense,thread_packet,8,32,1,1,8,none,fraction_lut_shared,fused/dense/thread_packet/x8/fraction_lut_shared,16384,1024,1024,8396800,8396800,16,1024,256,3,0,52,4.9342718124389648,0.094889842546903164,3542.2093411217938,1
2026-08-16T15:03:54Z,NVIDIA H200 NVL,screen,uniform_0_1,gemv,lns,lns4_r1,4,2,1,fp64,fused,dense,thread_packet,8,32,1,1,8,none,fraction_lut_shared,fused/dense/thread_packet/x8/fraction_lut_shared,16384,1024,1024,8396800,8396800,16,1024,256,3,1,52,4.9356799125671387,0.094916921395521894,3542.2093411217938,1
2026-08-16T15:03:54Z,NVIDIA H200 NVL,screen,uniform_0_1,gemv,lns,lns4_r1,4,2,1,fp64,fused,dense,thread_packet,8,32,1,1,8,none,fraction_lut_shared,fused/dense/thread_packet/x8/fraction_lut_shared,16384,1024,1024,8396800,8396800,16,1024,256,3,2,52,4.9332799911499023,0.094870769060575039,3542.2093411217938,1
2026-08-16T15:03:54Z,NVIDIA H200 NVL,screen,uniform_0_1,dot,lns,lns4_r1,4,2,1,fp64,fused,padded,thread_packet,2,8,1,1,2,none,fraction_lut_shared,fused/padded/thread_packet/x2/fraction_lut_shared,16777216,0,1,16777216,33554432,16,512,256,3,0,52,4.8770880699157715,0.09379015519068791,3609997.3732460188,1
2026-08-16T15:03:54Z,NVIDIA H200 NVL,screen,uniform_0_1,dot,lns,lns4_r1,4,2,1,fp64,fused,padded,thread_packet,2,8,1,1,2,none,fraction_lut_shared,fused/padded/thread_packet/x2/fraction_lut_shared,16777216,0,1,16777216,33554432,16,512,256,3,1,52,4.8782081604003906,0.093811695392315209,3609997.3732460188,1
2026-08-16T15:03:54Z,NVIDIA H200 NVL,screen,uniform_0_1,dot,lns,lns4_r1,4,2,1,fp64,fused,padded,thread_packet,2,8,1,1,2,none,fraction_lut_shared,fused/padded/thread_packet/x2/fraction_lut_shared,16777216,0,1,16777216,33554432,16,512,256,3,2,52,4.8783679008483887,0.093814767324007481,3609997.3732460188,1
2026-08-16T15:03:54Z,NVIDIA H200 NVL,screen,uniform_0_1,gemv,lns,lns4_r1,4,2,1,fp64,fused,padded,thread_packet,2,8,1,1,2,none,fraction_lut_shared,fused/padded/thread_packet/x2/fraction_lut_shared,16384,1024,1024,8396800,16793600,16,1024,256,3,0,58,4.9131841659545898,0.084710071826803277,3542.2093411217938,1
2026-08-16T15:03:54Z,NVIDIA H200 NVL,screen,uniform_0_1,gemv,lns,lns4_r1,4,2,1,fp64,fused,padded,thread_packet,2,8,1,1,2,none,fraction_lut_shared,fused/padded/thread_packet/x2/fraction_lut_shared,16384,1024,1024,8396800,16793600,16,1024,256,3,1,58,4.9090237617492676,0.084638340719814964,3542.2093411217938,1
2026-08-16T15:03:54Z,NVIDIA H200 NVL,screen,uniform_0_1,gemv,lns,lns4_r1,4,2,1,fp64,fused,padded,thread_packet,2,8,1,1,2,none,fraction_lut_shared,fused/padded/thread_packet/x2/fraction_lut_shared,16384,1024,1024,8396800,16793600,16,1024,256,3,2,58,4.9086399078369141,0.084631722548912311,3542.2093411217938,1
2026-08-16T15:03:54Z,NVIDIA H200 NVL,screen,uniform_0_1,dot,lns,lns4_r1,4,2,1,fp64,fused,padded,thread_packet,4,8,1,1,4,none,fraction_lut_shared,fused/padded/thread_packet/x4/fraction_lut_shared,16777216,0,1,16777216,33554432,16,512,256,3,0,54,4.8685441017150879,0.090158224105834961,3609997.3732460192,1
2026-08-16T15:03:54Z,NVIDIA H200 NVL,screen,uniform_0_1,dot,lns,lns4_r1,4,2,1,fp64,fused,padded,thread_packet,4,8,1,1,4,none,fraction_lut_shared,fused/padded/thread_packet/x4/fraction_lut_shared,16777216,0,1,16777216,33554432,16,512,256,3,1,54,4.8709440231323242,0.090202667095043043,3609997.3732460192,1
2026-08-16T15:03:54Z,NVIDIA H200 NVL,screen,uniform_0_1,dot,lns,lns4_r1,4,2,1,fp64,fused,padded,thread_packet,4,8,1,1,4,none,fraction_lut_shared,fused/padded/thread_packet/x4/fraction_lut_shared,16777216,0,1,16777216,33554432,16,512,256,3,2,54,4.8716158866882324,0.090215109012745043,3609997.3732460192,1
2026-08-16T15:03:54Z,NVIDIA H200 NVL,screen,uniform_0_1,gemv,lns,lns4_r1,4,2,1,fp64,fused,padded,thread_packet,4,8,1,1,4,none,fraction_lut_shared,fused/padded/thread_packet/x4/fraction_lut_shared,16384,1024,1024,8396800,16793600,16,1024,256,3,0,60,4.8851518630981445,0.081419197718302402,3542.2093411217934,1
2026-08-16T15:03:54Z,NVIDIA H200 NVL,screen,uniform_0_1,gemv,lns,lns4_r1,4,2,1,fp64,fused,padded,thread_packet,4,8,1,1,4,none,fraction_lut_shared,fused/padded/thread_packet/x4/fraction_lut_shared,16384,1024,1024,8396800,16793600,16,1024,256,3,1,60,4.8831357955932617,0.081385596593221032,3542.2093411217934,1
2026-08-16T15:03:54Z,NVIDIA H200 NVL,screen,uniform_0_1,gemv,lns,lns4_r1,4,2,1,fp64,fused,padded,thread_packet,4,8,1,1,4,none,fraction_lut_shared,fused/padded/thread_packet/x4/fraction_lut_shared,16384,1024,1024,8396800,16793600,16,1024,256,3,2,60,4.8856320381164551,0.081427200635274255,3542.2093411217934,1
2026-08-16T15:03:54Z,NVIDIA H200 NVL,screen,uniform_0_1,dot,lns,lns4_r1,4,2,1,fp64,fused,padded,thread_packet,8,8,1,1,8,none,fraction_lut_shared,fused/padded/thread_packet/x8/fraction_lut_shared,16777216,0,1,16777216,33554432,16,512,256,3,0,55,4.8908162117004395,0.088923931121826172,3609997.3732460192,1
2026-08-16T15:03:54Z,NVIDIA H200 NVL,screen,uniform_0_1,dot,lns,lns4_r1,4,2,1,fp64,fused,padded,thread_packet,8,8,1,1,8,none,fraction_lut_shared,fused/padded/thread_packet/x8/fraction_lut_shared,16777216,0,1,16777216,33554432,16,512,256,3,1,55,4.8873920440673828,0.088861673528497873,3609997.3732460192,1
2026-08-16T15:03:54Z,NVIDIA H200 NVL,screen,uniform_0_1,dot,lns,lns4_r1,4,2,1,fp64,fused,padded,thread_packet,8,8,1,1,8,none,fraction_lut_shared,fused/padded/thread_packet/x8/fraction_lut_shared,16777216,0,1,16777216,33554432,16,512,256,3,2,55,4.8864960670471191,0.088845383037220352,3609997.3732460192,1
2026-08-16T15:03:54Z,NVIDIA H200 NVL,screen,uniform_0_1,gemv,lns,lns4_r1,4,2,1,fp64,fused,padded,thread_packet,8,8,1,1,8,none,fraction_lut_shared,fused/padded/thread_packet/x8/fraction_lut_shared,16384,1024,1024,8396800,16793600,16,1024,256,3,0,60,4.826848030090332,0.080447467168172207,3542.2093411217938,1
2026-08-16T15:03:54Z,NVIDIA H200 NVL,screen,uniform_0_1,gemv,lns,lns4_r1,4,2,1,fp64,fused,padded,thread_packet,8,8,1,1,8,none,fraction_lut_shared,fused/padded/thread_packet/x8/fraction_lut_shared,16384,1024,1024,8396800,16793600,16,1024,256,3,1,60,4.8175039291381836,0.080291732152303064,3542.2093411217938,1
2026-08-16T15:03:54Z,NVIDIA H200 NVL,screen,uniform_0_1,gemv,lns,lns4_r1,4,2,1,fp64,fused,padded,thread_packet,8,8,1,1,8,none,fraction_lut_shared,fused/padded/thread_packet/x8/fraction_lut_shared,16384,1024,1024,8396800,16793600,16,1024,256,3,2,60,4.8164157867431641,0.080273596445719395,3542.2093411217938,1
2026-08-16T15:03:54Z,NVIDIA H200 NVL,screen,uniform_0_1,dot,lns,lns4_r1,4,2,1,fp64,fused,dense,cooperative_shuffle,8,32,1,8,1,warp_shuffle,fraction_lut_shared,fused/dense/cooperative_shuffle/x8/fraction_lut_shared,16777216,0,1,16777216,16777216,16,512,256,3,0,42,4.9317760467529297,0.11742323920840309,3609997.3732460192,1
2026-08-16T15:03:54Z,NVIDIA H200 NVL,screen,uniform_0_1,dot,lns,lns4_r1,4,2,1,fp64,fused,dense,cooperative_shuffle,8,32,1,8,1,warp_shuffle,fraction_lut_shared,fused/dense/cooperative_shuffle/x8/fraction_lut_shared,16777216,0,1,16777216,16777216,16,512,256,3,1,42,4.9358720779418945,0.1175207637605213,3609997.3732460192,1
2026-08-16T15:03:54Z,NVIDIA H200 NVL,screen,uniform_0_1,dot,lns,lns4_r1,4,2,1,fp64,fused,dense,cooperative_shuffle,8,32,1,8,1,warp_shuffle,fraction_lut_shared,fused/dense/cooperative_shuffle/x8/fraction_lut_shared,16777216,0,1,16777216,16777216,16,512,256,3,2,42,4.9325118064880371,0.11744075729733422,3609997.3732460192,1
2026-08-16T15:03:54Z,NVIDIA H200 NVL,screen,uniform_0_1,gemv,lns,lns4_r1,4,2,1,fp64,fused,dense,cooperative_shuffle,8,32,1,8,1,warp_shuffle,fraction_lut_shared,fused/dense/cooperative_shuffle/x8/fraction_lut_shared,16384,1024,1024,8396800,8396800,16,1024,256,3,0,47,4.937568187713623,0.10505464229177922,3542.2093411217938,1
2026-08-16T15:03:54Z,NVIDIA H200 NVL,screen,uniform_0_1,gemv,lns,lns4_r1,4,2,1,fp64,fused,dense,cooperative_shuffle,8,32,1,8,1,warp_shuffle,fraction_lut_shared,fused/dense/cooperative_shuffle/x8/fraction_lut_shared,16384,1024,1024,8396800,8396800,16,1024,256,3,1,47,4.9344959259033203,0.10498927501921958,3542.2093411217938,1
2026-08-16T15:03:54Z,NVIDIA H200 NVL,screen,uniform_0_1,gemv,lns,lns4_r1,4,2,1,fp64,fused,dense,cooperative_shuffle,8,32,1,8,1,warp_shuffle,fraction_lut_shared,fused/dense/cooperative_shuffle/x8/fraction_lut_shared,16384,1024,1024,8396800,8396800,16,1024,256,3,2,47,4.932096004486084,0.10493821286140605,3542.2093411217938,1
2026-08-16T15:03:54Z,NVIDIA H200 NVL,screen,uniform_0_1,dot,lns,lns4_r1,4,2,1,fp64,ordinary,dense,scalar,1,32,1,1,1,none,fraction_lut_warp,ordinary/dense/scalar/x1/fraction_lut_warp,16777216,0,1,16777216,16777216,16,512,256,3,0,34,4.9784641265869141,0.1464254154878504,3609997.3732460192,1
2026-08-16T15:03:54Z,NVIDIA H200 NVL,screen,uniform_0_1,dot,lns,lns4_r1,4,2,1,fp64,ordinary,dense,scalar,1,32,1,1,1,none,fraction_lut_warp,ordinary/dense/scalar/x1/fraction_lut_warp,16777216,0,1,16777216,16777216,16,512,256,3,1,34,5.0002560615539551,0.14706635475158691,3609997.3732460192,1
2026-08-16T15:03:54Z,NVIDIA H200 NVL,screen,uniform_0_1,dot,lns,lns4_r1,4,2,1,fp64,ordinary,dense,scalar,1,32,1,1,1,none,fraction_lut_warp,ordinary/dense/scalar/x1/fraction_lut_warp,16777216,0,1,16777216,16777216,16,512,256,3,2,34,4.9863038063049316,0.14665599430308623,3609997.3732460192,1
2026-08-16T15:03:54Z,NVIDIA H200 NVL,screen,uniform_0_1,gemv,lns,lns4_r1,4,2,1,fp64,ordinary,dense,scalar,1,32,1,1,1,none,fraction_lut_warp,ordinary/dense/scalar/x1/fraction_lut_warp,16384,1024,1024,8396800,8396800,16,1024,256,3,0,35,4.9272642135620117,0.14077897753034319,3542.2093411217938,1
2026-08-16T15:03:54Z,NVIDIA H200 NVL,screen,uniform_0_1,gemv,lns,lns4_r1,4,2,1,fp64,ordinary,dense,scalar,1,32,1,1,1,none,fraction_lut_warp,ordinary/dense/scalar/x1/fraction_lut_warp,16384,1024,1024,8396800,8396800,16,1024,256,3,1,35,4.9158401489257812,0.14045257568359376,3542.2093411217938,1
2026-08-16T15:03:54Z,NVIDIA H200 NVL,screen,uniform_0_1,gemv,lns,lns4_r1,4,2,1,fp64,ordinary,dense,scalar,1,32,1,1,1,none,fraction_lut_warp,ordinary/dense/scalar/x1/fraction_lut_warp,16384,1024,1024,8396800,8396800,16,1024,256,3,2,35,4.9148797988891602,0.14042513711111887,3542.2093411217938,1
2026-08-16T15:03:54Z,NVIDIA H200 NVL,screen,uniform_0_1,dot,lns,lns4_r1,4,2,1,fp64,ordinary,padded,scalar,1,8,1,1,1,none,fraction_lut_warp,ordinary/padded/scalar/x1/fraction_lut_warp,16777216,0,1,16777216,33554432,16,512,256,3,0,36,4.9824318885803223,0.13840088579389784,3609997.3732460192,1
2026-08-16T15:03:54Z,NVIDIA H200 NVL,screen,uniform_0_1,dot,lns,lns4_r1,4,2,1,fp64,ordinary,padded,scalar,1,8,1,1,1,none,fraction_lut_warp,ordinary/padded/scalar/x1/fraction_lut_warp,16777216,0,1,16777216,33554432,16,512,256,3,1,36,4.9823360443115234,0.13839822345309788,3609997.3732460192,1
2026-08-16T15:03:54Z,NVIDIA H200 NVL,screen,uniform_0_1,dot,lns,lns4_r1,4,2,1,fp64,ordinary,padded,scalar,1,8,1,1,1,none,fraction_lut_warp,ordinary/padded/scalar/x1/fraction_lut_warp,16777216,0,1,16777216,33554432,16,512,256,3,2,36,4.972224235534668,0.138117339875963,3609997.3732460192,1
2026-08-16T15:03:54Z,NVIDIA H200 NVL,screen,uniform_0_1,gemv,lns,lns4_r1,4,2,1,fp64,ordinary,padded,scalar,1,8,1,1,1,none,fraction_lut_warp,ordinary/padded/scalar/x1/fraction_lut_warp,16384,1024,1024,8396800,16793600,16,1024,256,3,0,39,4.8956799507141113,0.12553025514651567,3542.2093411217938,1
2026-08-16T15:03:54Z,NVIDIA H200 NVL,screen,uniform_0_1,gemv,lns,lns4_r1,4,2,1,fp64,ordinary,padded,scalar,1,8,1,1,1,none,fraction_lut_warp,ordinary/padded/scalar/x1/fraction_lut_warp,16384,1024,1024,8396800,16793600,16,1024,256,3,1,39,4.8902077674865723,0.12538994275606596,3542.2093411217938,1
2026-08-16T15:03:54Z,NVIDIA H200 NVL,screen,uniform_0_1,gemv,lns,lns4_r1,4,2,1,fp64,ordinary,padded,scalar,1,8,1,1,1,none,fraction_lut_warp,ordinary/padded/scalar/x1/fraction_lut_warp,16384,1024,1024,8396800,16793600,16,1024,256,3,2,39,4.8862400054931641,0.12528820526905549,3542.2093411217938,1
2026-08-16T15:03:54Z,NVIDIA H200 NVL,screen,uniform_0_1,dot,lns,lns4_r1,4,2,1,fp64,ordinary,dense,thread_packet,2,32,1,1,2,none,fraction_lut_warp,ordinary/dense/thread_packet/x2/fraction_lut_warp,16777216,0,1,16777216,16777216,16,512,256,3,0,33,4.9456958770751953,0.14986957203258167,3609997.3732460188,1
2026-08-16T15:03:54Z,NVIDIA H200 NVL,screen,uniform_0_1,dot,lns,lns4_r1,4,2,1,fp64,ordinary,dense,thread_packet,2,32,1,1,2,none,fraction_lut_warp,ordinary/dense/thread_packet/x2/fraction_lut_warp,16777216,0,1,16777216,16777216,16,512,256,3,1,33,4.9390082359313965,0.14966691624034534,3609997.3732460188,1
2026-08-16T15:03:54Z,NVIDIA H200 NVL,screen,uniform_0_1,dot,lns,lns4_r1,4,2,1,fp64,ordinary,dense,thread_packet,2,32,1,1,2,none,fraction_lut_warp,ordinary/dense/thread_packet/x2/fraction_lut_warp,16777216,0,1,16777216,16777216,16,512,256,3,2,33,4.9374079704284668,0.14961842334631717,3609997.3732460188,1
2026-08-16T15:03:54Z,NVIDIA H200 NVL,screen,uniform_0_1,gemv,lns,lns4_r1,4,2,1,fp64,ordinary,dense,thread_packet,2,32,1,1,2,none,fraction_lut_warp,ordinary/dense/thread_packet/x2/fraction_lut_warp,16384,1024,1024,8396800,8396800,16,1024,256,3,0,35,4.9800639152526855,0.142287540435791,3542.2093411217938,1
2026-08-16T15:03:54Z,NVIDIA H200 NVL,screen,uniform_0_1,gemv,lns,lns4_r1,4,2,1,fp64,ordinary,dense,thread_packet,2,32,1,1,2,none,fraction_lut_warp,ordinary/dense/thread_packet/x2/fraction_lut_warp,16384,1024,1024,8396800,8396800,16,1024,256,3,1,35,4.9806079864501953,0.14230308532714844,3542.2093411217938,1
2026-08-16T15:03:54Z,NVIDIA H200 NVL,screen,uniform_0_1,gemv,lns,lns4_r1,4,2,1,fp64,ordinary,dense,thread_packet,2,32,1,1,2,none,fraction_lut_warp,ordinary/dense/thread_packet/x2/fraction_lut_warp,16384,1024,1024,8396800,8396800,16,1024,256,3,2,35,4.9790081977844238,0.14225737707955496,3542.2093411217938,1
2026-08-16T15:03:54Z,NVIDIA H200 NVL,screen,uniform_0_1,dot,lns,lns4_r1,4,2,1,fp64,ordinary,dense,thread_packet,4,32,1,1,4,none,fraction_lut_warp,ordinary/dense/thread_packet/x4/fraction_lut_warp,16777216,0,1,16777216,16777216,16,512,256,3,0,34,5.0057277679443359,0.14722728729248047,3609997.3732460192,1
2026-08-16T15:03:54Z,NVIDIA H200 NVL,screen,uniform_0_1,dot,lns,lns4_r1,4,2,1,fp64,ordinary,dense,thread_packet,4,32,1,1,4,none,fraction_lut_warp,ordinary/dense/thread_packet/x4/fraction_lut_warp,16777216,0,1,16777216,16777216,16,512,256,3,1,34,5.0071678161621094,0.14726964165182674,3609997.3732460192,1
2026-08-16T15:03:54Z,NVIDIA H200 NVL,screen,uniform_0_1,dot,lns,lns4_r1,4,2,1,fp64,ordinary,dense,thread_packet,4,32,1,1,4,none,fraction_lut_warp,ordinary/dense/thread_packet/x4/fraction_lut_warp,16777216,0,1,16777216,16777216,16,512,256,3,2,34,5.0042238235473633,0.14718305363374598,3609997.3732460192,1
2026-08-16T15:03:54Z,NVIDIA H200 NVL,screen,uniform_0_1,gemv,lns,lns4_r1,4,2,1,fp64,ordinary,dense,thread_packet,4,32,1,1,4,none,fraction_lut_warp,ordinary/dense/thread_packet/x4/fraction_lut_warp,16384,1024,1024,8396800,8396800,16,1024,256,3,0,35,4.9444479942321777,0.14126994269234794,3542.2093411217938,1
2026-08-16T15:03:54Z,NVIDIA H200 NVL,screen,uniform_0_1,gemv,lns,lns4_r1,4,2,1,fp64,ordinary,dense,thread_packet,4,32,1,1,4,none,fraction_lut_warp,ordinary/dense/thread_packet/x4/fraction_lut_warp,16384,1024,1024,8396800,8396800,16,1024,256,3,1,35,4.9351038932800293,0.14100296837942941,3542.2093411217938,1
2026-08-16T15:03:54Z,NVIDIA H200 NVL,screen,uniform_0_1,gemv,lns,lns4_r1,4,2,1,fp64,ordinary,dense,thread_packet,4,32,1,1,4,none,fraction_lut_warp,ordinary/dense/thread_packet/x4/fraction_lut_warp,16384,1024,1024,8396800,8396800,16,1024,256,3,2,35,4.9449281692504883,0.14128366197858538,3542.2093411217938,1
2026-08-16T15:03:54Z,NVIDIA H200 NVL,screen,uniform_0_1,dot,lns,lns4_r1,4,2,1,fp64,ordinary,dense,thread_packet,8,32,1,1,8,none,fraction_lut_warp,ordinary/dense/thread_packet/x8/fraction_lut_warp,16777216,0,1,16777216,16777216,16,512,256,3,0,37,4.9130878448486328,0.13278615796888196,3609997.3732460192,1
2026-08-16T15:03:54Z,NVIDIA H200 NVL,screen,uniform_0_1,dot,lns,lns4_r1,4,2,1,fp64,ordinary,dense,thread_packet,8,32,1,1,8,none,fraction_lut_warp,ordinary/dense/thread_packet/x8/fraction_lut_warp,16777216,0,1,16777216,16777216,16,512,256,3,1,37,4.9154877662658691,0.13285102070988836,3609997.3732460192,1
2026-08-16T15:03:54Z,NVIDIA H200 NVL,screen,uniform_0_1,dot,lns,lns4_r1,4,2,1,fp64,ordinary,dense,thread_packet,8,32,1,1,8,none,fraction_lut_warp,ordinary/dense/thread_packet/x8/fraction_lut_warp,16777216,0,1,16777216,16777216,16,512,256,3,2,37,4.9161281585693359,0.13286832860998204,3609997.3732460192,1
2026-08-16T15:03:54Z,NVIDIA H200 NVL,screen,uniform_0_1,gemv,lns,lns4_r1,4,2,1,fp64,ordinary,dense,thread_packet,8,32,1,1,8,none,fraction_lut_warp,ordinary/dense/thread_packet/x8/fraction_lut_warp,16384,1024,1024,8396800,8396800,16,1024,256,3,0,37,4.9801278114318848,0.13459804895761851,3542.2093411217938,1
2026-08-16T15:03:54Z,NVIDIA H200 NVL,screen,uniform_0_1,gemv,lns,lns4_r1,4,2,1,fp64,ordinary,dense,thread_packet,8,32,1,1,8,none,fraction_lut_warp,ordinary/dense/thread_packet/x8/fraction_lut_warp,16384,1024,1024,8396800,8396800,16,1024,256,3,1,37,4.9768638610839844,0.13450983408335093,3542.2093411217938,1
2026-08-16T15:03:54Z,NVIDIA H200 NVL,screen,uniform_0_1,gemv,lns,lns4_r1,4,2,1,fp64,ordinary,dense,thread_packet,8,32,1,1,8,none,fraction_lut_warp,ordinary/dense/thread_packet/x8/fraction_lut_warp,16384,1024,1024,8396800,8396800,16,1024,256,3,2,37,4.9757118225097656,0.13447869790566935,3542.2093411217938,1
2026-08-16T15:03:54Z,NVIDIA H200 NVL,screen,uniform_0_1,dot,lns,lns4_r1,4,2,1,fp64,ordinary,padded,thread_packet,2,8,1,1,2,none,fraction_lut_warp,ordinary/padded/thread_packet/x2/fraction_lut_warp,16777216,0,1,16777216,33554432,16,512,256,3,0,36,4.9683518409729004,0.13800977336035836,3609997.3732460188,1
2026-08-16T15:03:54Z,NVIDIA H200 NVL,screen,uniform_0_1,dot,lns,lns4_r1,4,2,1,fp64,ordinary,padded,thread_packet,2,8,1,1,2,none,fraction_lut_warp,ordinary/padded/thread_packet/x2/fraction_lut_warp,16777216,0,1,16777216,33554432,16,512,256,3,1,36,4.9714879989624023,0.13809688886006674,3609997.3732460188,1
2026-08-16T15:03:54Z,NVIDIA H200 NVL,screen,uniform_0_1,dot,lns,lns4_r1,4,2,1,fp64,ordinary,padded,thread_packet,2,8,1,1,2,none,fraction_lut_warp,ordinary/padded/thread_packet/x2/fraction_lut_warp,16777216,0,1,16777216,33554432,16,512,256,3,2,36,4.9737281799316406,0.13815911610921225,3609997.3732460188,1
2026-08-16T15:03:54Z,NVIDIA H200 NVL,screen,uniform_0_1,gemv,lns,lns4_r1,4,2,1,fp64,ordinary,padded,thread_packet,2,8,1,1,2,none,fraction_lut_warp,ordinary/padded/thread_packet/x2/fraction_lut_warp,16384,1024,1024,8396800,16793600,16,1024,256,3,0,40,4.973599910736084,0.1243399977684021,3542.2093411217938,1
2026-08-16T15:03:54Z,NVIDIA H200 NVL,screen,uniform_0_1,gemv,lns,lns4_r1,4,2,1,fp64,ordinary,padded,thread_packet,2,8,1,1,2,none,fraction_lut_warp,ordinary/padded/thread_packet/x2/fraction_lut_warp,16384,1024,1024,8396800,16793600,16,1024,256,3,1,40,4.9832000732421875,0.12458000183105469,3542.2093411217938,1
2026-08-16T15:03:54Z,NVIDIA H200 NVL,screen,uniform_0_1,gemv,lns,lns4_r1,4,2,1,fp64,ordinary,padded,thread_packet,2,8,1,1,2,none,fraction_lut_warp,ordinary/padded/thread_packet/x2/fraction_lut_warp,16384,1024,1024,8396800,16793600,16,1024,256,3,2,40,4.9708800315856934,0.12427200078964233,3542.2093411217938,1
2026-08-16T15:03:54Z,NVIDIA H200 NVL,screen,uniform_0_1,dot,lns,lns4_r1,4,2,1,fp64,ordinary,padded,thread_packet,4,8,1,1,4,none,fraction_lut_warp,ordinary/padded/thread_packet/x4/fraction_lut_warp,16777216,0,1,16777216,33554432,16,512,256,3,0,37,4.947199821472168,0.13370810328303157,3609997.3732460192,1
2026-08-16T15:03:54Z,NVIDIA H200 NVL,screen,uniform_0_1,dot,lns,lns4_r1,4,2,1,fp64,ordinary,padded,thread_packet,4,8,1,1,4,none,fraction_lut_warp,ordinary/padded/thread_packet/x4/fraction_lut_warp,16777216,0,1,16777216,33554432,16,512,256,3,1,37,4.9464960098266602,0.13368908134666649,3609997.3732460192,1
2026-08-16T15:03:54Z,NVIDIA H200 NVL,screen,uniform_0_1,dot,lns,lns4_r1,4,2,1,fp64,ordinary,padded,thread_packet,4,8,1,1,4,none,fraction_lut_warp,ordinary/padded/thread_packet/x4/fraction_lut_warp,16777216,0,1,16777216,33554432,16,512,256,3,2,37,4.9465599060058594,0.13369080827042862,3609997.3732460192,1
2026-08-16T15:03:54Z,NVIDIA H200 NVL,screen,uniform_0_1,gemv,lns,lns4_r1,4,2,1,fp64,ordinary,padded,thread_packet,4,8,1,1,4,none,fraction_lut_warp,ordinary/padded/thread_packet/x4/fraction_lut_warp,16384,1024,1024,8396800,16793600,16,1024,256,3,0,41,4.9788479804992676,0.12143531659754311,3542.2093411217938,1
2026-08-16T15:03:54Z,NVIDIA H200 NVL,screen,uniform_0_1,gemv,lns,lns4_r1,4,2,1,fp64,ordinary,padded,thread_packet,4,8,1,1,4,none,fraction_lut_warp,ordinary/padded/thread_packet/x4/fraction_lut_warp,16384,1024,1024,8396800,16793600,16,1024,256,3,1,41,4.9800958633422852,0.12146575276444598,3542.2093411217938,1
2026-08-16T15:03:54Z,NVIDIA H200 NVL,screen,uniform_0_1,gemv,lns,lns4_r1,4,2,1,fp64,ordinary,padded,thread_packet,4,8,1,1,4,none,fraction_lut_warp,ordinary/padded/thread_packet/x4/fraction_lut_warp,16384,1024,1024,8396800,16793600,16,1024,256,3,2,41,4.9825282096862793,0.1215250782850312,3542.2093411217938,1
2026-08-16T15:03:54Z,NVIDIA H200 NVL,screen,uniform_0_1,dot,lns,lns4_r1,4,2,1,fp64,ordinary,padded,thread_packet,8,8,1,1,8,none,fraction_lut_warp,ordinary/padded/thread_packet/x8/fraction_lut_warp,16777216,0,1,16777216,33554432,16,512,256,3,0,37,4.933568000793457,0.13333967569712046,3609997.3732460192,1
2026-08-16T15:03:54Z,NVIDIA H200 NVL,screen,uniform_0_1,dot,lns,lns4_r1,4,2,1,fp64,ordinary,padded,thread_packet,8,8,1,1,8,none,fraction_lut_warp,ordinary/padded/thread_packet/x8/fraction_lut_warp,16777216,0,1,16777216,33554432,16,512,256,3,1,37,4.9338240623474121,0.13334659627965978,3609997.3732460192,1
2026-08-16T15:03:54Z,NVIDIA H200 NVL,screen,uniform_0_1,dot,lns,lns4_r1,4,2,1,fp64,ordinary,padded,thread_packet,8,8,1,1,8,none,fraction_lut_warp,ordinary/padded/thread_packet/x8/fraction_lut_warp,16777216,0,1,16777216,33554432,16,512,256,3,2,37,4.9423360824584961,0.13357665087725665,3609997.3732460192,1
2026-08-16T15:03:54Z,NVIDIA H200 NVL,screen,uniform_0_1,gemv,lns,lns4_r1,4,2,1,fp64,ordinary,padded,thread_packet,8,8,1,1,8,none,fraction_lut_warp,ordinary/padded/thread_packet/x8/fraction_lut_warp,16384,1024,1024,8396800,16793600,16,1024,256,3,0,41,4.9444479942321777,0.12059629254224824,3542.2093411217938,1
2026-08-16T15:03:54Z,NVIDIA H200 NVL,screen,uniform_0_1,gemv,lns,lns4_r1,4,2,1,fp64,ordinary,padded,thread_packet,8,8,1,1,8,none,fraction_lut_warp,ordinary/padded/thread_packet/x8/fraction_lut_warp,16384,1024,1024,8396800,16793600,16,1024,256,3,1,41,4.9328961372375488,0.12031453993262314,3542.2093411217938,1
2026-08-16T15:03:54Z,NVIDIA H200 NVL,screen,uniform_0_1,gemv,lns,lns4_r1,4,2,1,fp64,ordinary,padded,thread_packet,8,8,1,1,8,none,fraction_lut_warp,ordinary/padded/thread_packet/x8/fraction_lut_warp,16384,1024,1024,8396800,16793600,16,1024,256,3,2,41,4.9298558235168457,0.12024038593943526,3542.2093411217938,1
2026-08-16T15:03:54Z,NVIDIA H200 NVL,screen,uniform_0_1,dot,lns,lns4_r1,4,2,1,fp64,ordinary,dense,cooperative_shuffle,8,32,1,8,1,warp_shuffle,fraction_lut_warp,ordinary/dense/cooperative_shuffle/x8/fraction_lut_warp,16777216,0,1,16777216,16777216,16,512,256,3,0,31,5.0839681625366211,0.16399897298505228,3609997.3732460192,1
2026-08-16T15:03:54Z,NVIDIA H200 NVL,screen,uniform_0_1,dot,lns,lns4_r1,4,2,1,fp64,ordinary,dense,cooperative_shuffle,8,32,1,8,1,warp_shuffle,fraction_lut_warp,ordinary/dense/cooperative_shuffle/x8/fraction_lut_warp,16777216,0,1,16777216,16777216,16,512,256,3,1,31,5.0797758102416992,0.16386373581424837,3609997.3732460192,1
2026-08-16T15:03:54Z,NVIDIA H200 NVL,screen,uniform_0_1,dot,lns,lns4_r1,4,2,1,fp64,ordinary,dense,cooperative_shuffle,8,32,1,8,1,warp_shuffle,fraction_lut_warp,ordinary/dense/cooperative_shuffle/x8/fraction_lut_warp,16777216,0,1,16777216,16777216,16,512,256,3,2,31,5.0868802070617676,0.1640929099052183,3609997.3732460192,1
2026-08-16T15:03:54Z,NVIDIA H200 NVL,screen,uniform_0_1,gemv,lns,lns4_r1,4,2,1,fp64,ordinary,dense,cooperative_shuffle,8,32,1,8,1,warp_shuffle,fraction_lut_warp,ordinary/dense/cooperative_shuffle/x8/fraction_lut_warp,16384,1024,1024,8396800,8396800,16,1024,256,3,0,34,4.9215998649597168,0.14475293720469756,3542.2093411217938,1
2026-08-16T15:03:54Z,NVIDIA H200 NVL,screen,uniform_0_1,gemv,lns,lns4_r1,4,2,1,fp64,ordinary,dense,cooperative_shuffle,8,32,1,8,1,warp_shuffle,fraction_lut_warp,ordinary/dense/cooperative_shuffle/x8/fraction_lut_warp,16384,1024,1024,8396800,8396800,16,1024,256,3,1,34,4.9220480918884277,0.14476612034965963,3542.2093411217938,1
2026-08-16T15:03:54Z,NVIDIA H200 NVL,screen,uniform_0_1,gemv,lns,lns4_r1,4,2,1,fp64,ordinary,dense,cooperative_shuffle,8,32,1,8,1,warp_shuffle,fraction_lut_warp,ordinary/dense/cooperative_shuffle/x8/fraction_lut_warp,16384,1024,1024,8396800,8396800,16,1024,256,3,2,34,4.920896053314209,0.14473223686218262,3542.2093411217938,1
2026-08-16T15:03:54Z,NVIDIA H200 NVL,screen,uniform_0_1,dot,lns,lns4_r1,4,2,1,fp64,fused,dense,scalar,1,32,1,1,1,none,fraction_lut_warp,fused/dense/scalar/x1/fraction_lut_warp,16777216,0,1,16777216,16777216,16,512,256,3,0,41,4.9374399185180664,0.12042536386629431,3609997.3732460192,1
2026-08-16T15:03:54Z,NVIDIA H200 NVL,screen,uniform_0_1,dot,lns,lns4_r1,4,2,1,fp64,fused,dense,scalar,1,32,1,1,1,none,fraction_lut_warp,fused/dense/scalar/x1/fraction_lut_warp,16777216,0,1,16777216,16777216,16,512,256,3,1,41,4.9426560401916504,0.12055258634613782,3609997.3732460192,1
2026-08-16T15:03:54Z,NVIDIA H200 NVL,screen,uniform_0_1,dot,lns,lns4_r1,4,2,1,fp64,fused,dense,scalar,1,32,1,1,1,none,fraction_lut_warp,fused/dense/scalar/x1/fraction_lut_warp,16777216,0,1,16777216,16777216,16,512,256,3,2,41,4.9549121856689453,0.12085151672363281,3609997.3732460192,1
2026-08-16T15:03:54Z,NVIDIA H200 NVL,screen,uniform_0_1,gemv,lns,lns4_r1,4,2,1,fp64,fused,dense,scalar,1,32,1,1,1,none,fraction_lut_warp,fused/dense/scalar/x1/fraction_lut_warp,16384,1024,1024,8396800,8396800,16,1024,256,3,0,43,4.9816322326660156,0.11585191238758176,3542.2093411217938,1
2026-08-16T15:03:54Z,NVIDIA H200 NVL,screen,uniform_0_1,gemv,lns,lns4_r1,4,2,1,fp64,fused,dense,scalar,1,32,1,1,1,none,fraction_lut_warp,fused/dense/scalar/x1/fraction_lut_warp,16384,1024,1024,8396800,8396800,16,1024,256,3,1,43,4.9702720642089844,0.11558772242346475,3542.2093411217938,1
2026-08-16T15:03:54Z,NVIDIA H200 NVL,screen,uniform_0_1,gemv,lns,lns4_r1,4,2,1,fp64,fused,dense,scalar,1,32,1,1,1,none,fraction_lut_warp,fused/dense/scalar/x1/fraction_lut_warp,16384,1024,1024,8396800,8396800,16,1024,256,3,2,43,4.9678401947021484,0.11553116731865462,3542.2093411217938,1
2026-08-16T15:03:54Z,NVIDIA H200 NVL,screen,uniform_0_1,dot,lns,lns4_r1,4,2,1,fp64,fused,padded,scalar,1,8,1,1,1,none,fraction_lut_warp,fused/padded/scalar/x1/fraction_lut_warp,16777216,0,1,16777216,33554432,16,512,256,3,0,45,4.9464640617370605,0.10992142359415689,3609997.3732460192,1
2026-08-16T15:03:54Z,NVIDIA H200 NVL,screen,uniform_0_1,dot,lns,lns4_r1,4,2,1,fp64,fused,padded,scalar,1,8,1,1,1,none,fraction_lut_warp,fused/padded/scalar/x1/fraction_lut_warp,16777216,0,1,16777216,33554432,16,512,256,3,1,45,4.9370560646057129,0.10971235699123806,3609997.3732460192,1
2026-08-16T15:03:54Z,NVIDIA H200 NVL,screen,uniform_0_1,dot,lns,lns4_r1,4,2,1,fp64,fused,padded,scalar,1,8,1,1,1,none,fraction_lut_warp,fused/padded/scalar/x1/fraction_lut_warp,16777216,0,1,16777216,33554432,16,512,256,3,2,45,4.9339838027954102,0.10964408450656467,3609997.3732460192,1
2026-08-16T15:03:54Z,NVIDIA H200 NVL,screen,uniform_0_1,gemv,lns,lns4_r1,4,2,1,fp64,fused,padded,scalar,1,8,1,1,1,none,fraction_lut_warp,fused/padded/scalar/x1/fraction_lut_warp,16384,1024,1024,8396800,16793600,16,1024,256,3,0,49,4.969855785369873,0.10142562827285455,3542.2093411217938,1
2026-08-16T15:03:54Z,NVIDIA H200 NVL,screen,uniform_0_1,gemv,lns,lns4_r1,4,2,1,fp64,fused,padded,scalar,1,8,1,1,1,none,fraction_lut_warp,fused/padded/scalar/x1/fraction_lut_warp,16384,1024,1024,8396800,16793600,16,1024,256,3,1,49,4.9705281257629395,0.10143934950536611,3542.2093411217938,1
2026-08-16T15:03:54Z,NVIDIA H200 NVL,screen,uniform_0_1,gemv,lns,lns4_r1,4,2,1,fp64,fused,padded,scalar,1,8,1,1,1,none,fraction_lut_warp,fused/padded/scalar/x1/fraction_lut_warp,16384,1024,1024,8396800,16793600,16,1024,256,3,2,49,4.9735040664672852,0.10150008298912827,3542.2093411217938,1
2026-08-16T15:03:54Z,NVIDIA H200 NVL,screen,uniform_0_1,dot,lns,lns4_r1,4,2,1,fp64,fused,dense,thread_packet,2,32,1,1,2,none,fraction_lut_warp,fused/dense/thread_packet/x2/fraction_lut_warp,16777216,0,1,16777216,16777216,16,512,256,3,0,42,4.9138240814208984,0.11699581146240234,3609997.3732460188,1
2026-08-16T15:03:54Z,NVIDIA H200 NVL,screen,uniform_0_1,dot,lns,lns4_r1,4,2,1,fp64,fused,dense,thread_packet,2,32,1,1,2,none,fraction_lut_warp,fused/dense/thread_packet/x2/fraction_lut_warp,16777216,0,1,16777216,16777216,16,512,256,3,1,42,4.9137921333312988,0.11699505079360235,3609997.3732460188,1
2026-08-16T15:03:54Z,NVIDIA H200 NVL,screen,uniform_0_1,dot,lns,lns4_r1,4,2,1,fp64,fused,dense,thread_packet,2,32,1,1,2,none,fraction_lut_warp,fused/dense/thread_packet/x2/fraction_lut_warp,16777216,0,1,16777216,16777216,16,512,256,3,2,42,4.9137601852416992,0.11699429012480236,3609997.3732460188,1
2026-08-16T15:03:54Z,NVIDIA H200 NVL,screen,uniform_0_1,gemv,lns,lns4_r1,4,2,1,fp64,fused,dense,thread_packet,2,32,1,1,2,none,fraction_lut_warp,fused/dense/thread_packet/x2/fraction_lut_warp,16384,1024,1024,8396800,8396800,16,1024,256,3,0,43,4.9322237968444824,0.11470287899638332,3542.2093411217938,1
2026-08-16T15:03:54Z,NVIDIA H200 NVL,screen,uniform_0_1,gemv,lns,lns4_r1,4,2,1,fp64,fused,dense,thread_packet,2,32,1,1,2,none,fraction_lut_warp,fused/dense/thread_packet/x2/fraction_lut_warp,16384,1024,1024,8396800,8396800,16,1024,256,3,1,43,4.9267520904541016,0.11457563001056049,3542.2093411217938,1
2026-08-16T15:03:54Z,NVIDIA H200 NVL,screen,uniform_0_1,gemv,lns,lns4_r1,4,2,1,fp64,fused,dense,thread_packet,2,32,1,1,2,none,fraction_lut_warp,fused/dense/thread_packet/x2/fraction_lut_warp,16384,1024,1024,8396800,8396800,16,1024,256,3,2,43,4.926368236541748,0.11456670317538949,3542.2093411217938,1
2026-08-16T15:03:54Z,NVIDIA H200 NVL,screen,uniform_0_1,dot,lns,lns4_r1,4,2,1,fp64,fused,dense,thread_packet,4,32,1,1,4,none,fraction_lut_warp,fused/dense/thread_packet/x4/fraction_lut_warp,16777216,0,1,16777216,16777216,16,512,256,3,0,43,4.9226880073547363,0.11448111645011015,3609997.3732460192,1
2026-08-16T15:03:54Z,NVIDIA H200 NVL,screen,uniform_0_1,dot,lns,lns4_r1,4,2,1,fp64,fused,dense,thread_packet,4,32,1,1,4,none,fraction_lut_warp,fused/dense/thread_packet/x4/fraction_lut_warp,16777216,0,1,16777216,16777216,16,512,256,3,1,43,4.9348158836364746,0.11476316008456917,3609997.3732460192,1
2026-08-16T15:03:54Z,NVIDIA H200 NVL,screen,uniform_0_1,dot,lns,lns4_r1,4,2,1,fp64,fused,dense,thread_packet,4,32,1,1,4,none,fraction_lut_warp,fused/dense/thread_packet/x4/fraction_lut_warp,16777216,0,1,16777216,16777216,16,512,256,3,2,43,4.9225921630859375,0.11447888751362645,3609997.3732460192,1
2026-08-16T15:03:54Z,NVIDIA H200 NVL,screen,uniform_0_1,gemv,lns,lns4_r1,4,2,1,fp64,fused,dense,thread_packet,4,32,1,1,4,none,fraction_lut_warp,fused/dense/thread_packet/x4/fraction_lut_warp,16384,1024,1024,8396800,8396800,16,1024,256,3,0,43,4.8602561950683594,0.11302921383879906,3542.2093411217934,1
2026-08-16T15:03:54Z,NVIDIA H200 NVL,screen,uniform_0_1,gemv,lns,lns4_r1,4,2,1,fp64,fused,dense,thread_packet,4,32,1,1,4,none,fraction_lut_warp,fused/dense/thread_packet/x4/fraction_lut_warp,16384,1024,1024,8396800,8396800,16,1024,256,3,1,43,4.858975887298584,0.11299943923950195,3542.2093411217934,1
2026-08-16T15:03:54Z,NVIDIA H200 NVL,screen,uniform_0_1,gemv,lns,lns4_r1,4,2,1,fp64,fused,dense,thread_packet,4,32,1,1,4,none,fraction_lut_warp,fused/dense/thread_packet/x4/fraction_lut_warp,16384,1024,1024,8396800,8396800,16,1024,256,3,2,43,4.8604798316955566,0.11303441469059435,3542.2093411217934,1
2026-08-16T15:03:54Z,NVIDIA H200 NVL,screen,uniform_0_1,dot,lns,lns4_r1,4,2,1,fp64,fused,dense,thread_packet,8,32,1,1,8,none,fraction_lut_warp,fused/dense/thread_packet/x8/fraction_lut_warp,16777216,0,1,16777216,16777216,16,512,256,3,0,49,4.9469442367553711,0.1009580456480688,3609997.3732460192,1
2026-08-16T15:03:54Z,NVIDIA H200 NVL,screen,uniform_0_1,dot,lns,lns4_r1,4,2,1,fp64,fused,dense,thread_packet,8,32,1,1,8,none,fraction_lut_warp,fused/dense/thread_packet/x8/fraction_lut_warp,16777216,0,1,16777216,16777216,16,512,256,3,1,49,4.9415998458862305,0.10084897644665776,3609997.3732460192,1
2026-08-16T15:03:54Z,NVIDIA H200 NVL,screen,uniform_0_1,dot,lns,lns4_r1,4,2,1,fp64,fused,dense,thread_packet,8,32,1,1,8,none,fraction_lut_warp,fused/dense/thread_packet/x8/fraction_lut_warp,16777216,0,1,16777216,16777216,16,512,256,3,2,49,4.9417281150817871,0.10085159418534259,3609997.3732460192,1
2026-08-16T15:03:54Z,NVIDIA H200 NVL,screen,uniform_0_1,gemv,lns,lns4_r1,4,2,1,fp64,fused,dense,thread_packet,8,32,1,1,8,none,fraction_lut_warp,fused/dense/thread_packet/x8/fraction_lut_warp,16384,1024,1024,8396800,8396800,16,1024,256,3,0,46,4.9518718719482422,0.10764938852061397,3542.2093411217938,1
2026-08-16T15:03:54Z,NVIDIA H200 NVL,screen,uniform_0_1,gemv,lns,lns4_r1,4,2,1,fp64,fused,dense,thread_packet,8,32,1,1,8,none,fraction_lut_warp,fused/dense/thread_packet/x8/fraction_lut_warp,16384,1024,1024,8396800,8396800,16,1024,256,3,1,46,4.9505600929260254,0.10762087158534837,3542.2093411217938,1
2026-08-16T15:03:54Z,NVIDIA H200 NVL,screen,uniform_0_1,gemv,lns,lns4_r1,4,2,1,fp64,fused,dense,thread_packet,8,32,1,1,8,none,fraction_lut_warp,fused/dense/thread_packet/x8/fraction_lut_warp,16384,1024,1024,8396800,8396800,16,1024,256,3,2,46,4.9540162086486816,0.10769600453584091,3542.2093411217938,1
2026-08-16T15:03:54Z,NVIDIA H200 NVL,screen,uniform_0_1,dot,lns,lns4_r1,4,2,1,fp64,fused,padded,thread_packet,2,8,1,1,2,none,fraction_lut_warp,fused/padded/thread_packet/x2/fraction_lut_warp,16777216,0,1,16777216,33554432,16,512,256,3,0,46,4.9780158996582031,0.10821773694909137,3609997.3732460188,1
2026-08-16T15:03:54Z,NVIDIA H200 NVL,screen,uniform_0_1,dot,lns,lns4_r1,4,2,1,fp64,fused,padded,thread_packet,2,8,1,1,2,none,fraction_lut_warp,fused/padded/thread_packet/x2/fraction_lut_warp,16777216,0,1,16777216,33554432,16,512,256,3,1,46,4.9653439521789551,0.10794225982997728,3609997.3732460188,1
2026-08-16T15:03:54Z,NVIDIA H200 NVL,screen,uniform_0_1,dot,lns,lns4_r1,4,2,1,fp64,fused,padded,thread_packet,2,8,1,1,2,none,fraction_lut_warp,fused/padded/thread_packet/x2/fraction_lut_warp,16777216,0,1,16777216,33554432,16,512,256,3,2,46,4.9658880233764648,0.10795408746470576,3609997.3732460188,1
2026-08-16T15:03:54Z,NVIDIA H200 NVL,screen,uniform_0_1,gemv,lns,lns4_r1,4,2,1,fp64,fused,padded,thread_packet,2,8,1,1,2,none,fraction_lut_warp,fused/padded/thread_packet/x2/fraction_lut_warp,16384,1024,1024,8396800,16793600,16,1024,256,3,0,50,4.9233279228210449,0.098466558456420897,3542.2093411217938,1
2026-08-16T15:03:54Z,NVIDIA H200 NVL,screen,uniform_0_1,gemv,lns,lns4_r1,4,2,1,fp64,fused,padded,thread_packet,2,8,1,1,2,none,fraction_lut_warp,fused/padded/thread_packet/x2/fraction_lut_warp,16384,1024,1024,8396800,16793600,16,1024,256,3,1,50,4.9218239784240723,0.09843647956848145,3542.2093411217938,1
2026-08-16T15:03:54Z,NVIDIA H200 NVL,screen,uniform_0_1,gemv,lns,lns4_r1,4,2,1,fp64,fused,padded,thread_packet,2,8,1,1,2,none,fraction_lut_warp,fused/padded/thread_packet/x2/fraction_lut_warp,16384,1024,1024,8396800,16793600,16,1024,256,3,2,50,4.9200320243835449,0.098400640487670901,3542.2093411217938,1
2026-08-16T15:03:54Z,NVIDIA H200 NVL,screen,uniform_0_1,dot,lns,lns4_r1,4,2,1,fp64,fused,padded,thread_packet,4,8,1,1,4,none,fraction_lut_warp,fused/padded/thread_packet/x4/fraction_lut_warp,16777216,0,1,16777216,33554432,16,512,256,3,0,47,4.9251198768615723,0.10478978461407601,3609997.3732460192,1
2026-08-16T15:03:54Z,NVIDIA H200 NVL,screen,uniform_0_1,dot,lns,lns4_r1,4,2,1,fp64,fused,padded,thread_packet,4,8,1,1,4,none,fraction_lut_warp,fused/padded/thread_packet/x4/fraction_lut_warp,16777216,0,1,16777216,33554432,16,512,256,3,1,47,4.9238080978393555,0.10476187442211395,3609997.3732460192,1
2026-08-16T15:03:54Z,NVIDIA H200 NVL,screen,uniform_0_1,dot,lns,lns4_r1,4,2,1,fp64,fused,padded,thread_packet,4,8,1,1,4,none,fraction_lut_warp,fused/padded/thread_packet/x4/fraction_lut_warp,16777216,0,1,16777216,33554432,16,512,256,3,2,47,4.9269118309020996,0.10482791129578935,3609997.3732460192,1
2026-08-16T15:03:54Z,NVIDIA H200 NVL,screen,uniform_0_1,gemv,lns,lns4_r1,4,2,1,fp64,fused,padded,thread_packet,4,8,1,1,4,none,fraction_lut_warp,fused/padded/thread_packet/x4/fraction_lut_warp,16384,1024,1024,8396800,16793600,16,1024,256,3,0,52,4.944767951965332,0.095091691383948698,3542.2093411217934,1
2026-08-16T15:03:54Z,NVIDIA H200 NVL,screen,uniform_0_1,gemv,lns,lns4_r1,4,2,1,fp64,fused,padded,thread_packet,4,8,1,1,4,none,fraction_lut_warp,fused/padded/thread_packet/x4/fraction_lut_warp,16384,1024,1024,8396800,16793600,16,1024,256,3,1,52,4.9395198822021484,0.094990766965425938,3542.2093411217934,1
2026-08-16T15:03:54Z,NVIDIA H200 NVL,screen,uniform_0_1,gemv,lns,lns4_r1,4,2,1,fp64,fused,padded,thread_packet,4,8,1,1,4,none,fraction_lut_warp,fused/padded/thread_packet/x4/fraction_lut_warp,16384,1024,1024,8396800,16793600,16,1024,256,3,2,52,4.9394240379333496,0.094988923806410566,3542.2093411217934,1
2026-08-16T15:03:54Z,NVIDIA H200 NVL,screen,uniform_0_1,dot,lns,lns4_r1,4,2,1,fp64,fused,padded,thread_packet,8,8,1,1,8,none,fraction_lut_warp,fused/padded/thread_packet/x8/fraction_lut_warp,16777216,0,1,16777216,33554432,16,512,256,3,0,48,4.9293122291564941,0.10269400477409363,3609997.3732460192,1
2026-08-16T15:03:54Z,NVIDIA H200 NVL,screen,uniform_0_1,dot,lns,lns4_r1,4,2,1,fp64,fused,padded,thread_packet,8,8,1,1,8,none,fraction_lut_warp,fused/padded/thread_packet/x8/fraction_lut_warp,16777216,0,1,16777216,33554432,16,512,256,3,1,48,4.9270720481872559,0.1026473343372345,3609997.3732460192,1
2026-08-16T15:03:54Z,NVIDIA H200 NVL,screen,uniform_0_1,dot,lns,lns4_r1,4,2,1,fp64,fused,padded,thread_packet,8,8,1,1,8,none,fraction_lut_warp,fused/padded/thread_packet/x8/fraction_lut_warp,16777216,0,1,16777216,33554432,16,512,256,3,2,48,4.9275197982788086,0.10265666246414185,3609997.3732460192,1
2026-08-16T15:03:54Z,NVIDIA H200 NVL,screen,uniform_0_1,gemv,lns,lns4_r1,4,2,1,fp64,fused,padded,thread_packet,8,8,1,1,8,none,fraction_lut_warp,fused/padded/thread_packet/x8/fraction_lut_warp,16384,1024,1024,8396800,16793600,16,1024,256,3,0,53,4.9403839111328125,0.093214790776090808,3542.2093411217938,1
2026-08-16T15:03:54Z,NVIDIA H200 NVL,screen,uniform_0_1,gemv,lns,lns4_r1,4,2,1,fp64,fused,padded,thread_packet,8,8,1,1,8,none,fraction_lut_warp,fused/padded/thread_packet/x8/fraction_lut_warp,16384,1024,1024,8396800,16793600,16,1024,256,3,1,53,4.9390721321105957,0.093190040228501803,3542.2093411217938,1
2026-08-16T15:03:54Z,NVIDIA H200 NVL,screen,uniform_0_1,gemv,lns,lns4_r1,4,2,1,fp64,fused,padded,thread_packet,8,8,1,1,8,none,fraction_lut_warp,fused/padded/thread_packet/x8/fraction_lut_warp,16384,1024,1024,8396800,16793600,16,1024,256,3,2,53,4.9391679763793945,0.093191848610931965,3542.2093411217938,1
2026-08-16T15:03:54Z,NVIDIA H200 NVL,screen,uniform_0_1,dot,lns,lns4_r1,4,2,1,fp64,fused,dense,cooperative_shuffle,8,32,1,8,1,warp_shuffle,fraction_lut_warp,fused/dense/cooperative_shuffle/x8/fraction_lut_warp,16777216,0,1,16777216,16777216,16,512,256,3,0,38,5.017183780670166,0.13203115212289909,3609997.3732460192,1
2026-08-16T15:03:54Z,NVIDIA H200 NVL,screen,uniform_0_1,dot,lns,lns4_r1,4,2,1,fp64,fused,dense,cooperative_shuffle,8,32,1,8,1,warp_shuffle,fraction_lut_warp,fused/dense/cooperative_shuffle/x8/fraction_lut_warp,16777216,0,1,16777216,16777216,16,512,256,3,1,38,5.0145602226257324,0.13196211112172981,3609997.3732460192,1
2026-08-16T15:03:54Z,NVIDIA H200 NVL,screen,uniform_0_1,dot,lns,lns4_r1,4,2,1,fp64,fused,dense,cooperative_shuffle,8,32,1,8,1,warp_shuffle,fraction_lut_warp,fused/dense/cooperative_shuffle/x8/fraction_lut_warp,16777216,0,1,16777216,16777216,16,512,256,3,2,38,5.0179839134216309,0.13205220824793765,3609997.3732460192,1
2026-08-16T15:03:54Z,NVIDIA H200 NVL,screen,uniform_0_1,gemv,lns,lns4_r1,4,2,1,fp64,fused,dense,cooperative_shuffle,8,32,1,8,1,warp_shuffle,fraction_lut_warp,fused/dense/cooperative_shuffle/x8/fraction_lut_warp,16384,1024,1024,8396800,8396800,16,1024,256,3,0,42,4.9271998405456543,0.11731428191775367,3542.2093411217938,1
2026-08-16T15:03:54Z,NVIDIA H200 NVL,screen,uniform_0_1,gemv,lns,lns4_r1,4,2,1,fp64,fused,dense,cooperative_shuffle,8,32,1,8,1,warp_shuffle,fraction_lut_warp,fused/dense/cooperative_shuffle/x8/fraction_lut_warp,16384,1024,1024,8396800,8396800,16,1024,256,3,1,42,4.9234561920166016,0.1172251474289667,3542.2093411217938,1
2026-08-16T15:03:54Z,NVIDIA H200 NVL,screen,uniform_0_1,gemv,lns,lns4_r1,4,2,1,fp64,fused,dense,cooperative_shuffle,8,32,1,8,1,warp_shuffle,fraction_lut_warp,fused/dense/cooperative_shuffle/x8/fraction_lut_warp,16384,1024,1024,8396800,8396800,16,1024,256,3,2,42,4.9150400161743164,0.11702476228986468,3542.2093411217938,1
2026-08-16T15:03:54Z,NVIDIA H200 NVL,screen,uniform_0_1,dot,lns,lns4_r1,4,2,1,fp64,fused,dense,scalar,1,32,1,1,1,none,pair_lut_global,fused/dense/scalar/x1/pair_lut_global,16777216,0,1,16777216,16777216,2048,512,256,3,0,113,4.7815680503845215,0.042314761507827627,3609997.3732460192,1
2026-08-16T15:03:54Z,NVIDIA H200 NVL,screen,uniform_0_1,dot,lns,lns4_r1,4,2,1,fp64,fused,dense,scalar,1,32,1,1,1,none,pair_lut_global,fused/dense/scalar/x1/pair_lut_global,16777216,0,1,16777216,16777216,2048,512,256,3,1,113,4.7797441482543945,0.04229862078101234,3609997.3732460192,1
2026-08-16T15:03:54Z,NVIDIA H200 NVL,screen,uniform_0_1,dot,lns,lns4_r1,4,2,1,fp64,fused,dense,scalar,1,32,1,1,1,none,pair_lut_global,fused/dense/scalar/x1/pair_lut_global,16777216,0,1,16777216,16777216,2048,512,256,3,2,113,4.776576042175293,0.04227058444402914,3609997.3732460192,1
2026-08-16T15:03:54Z,NVIDIA H200 NVL,screen,uniform_0_1,gemv,lns,lns4_r1,4,2,1,fp64,fused,dense,scalar,1,32,1,1,1,none,pair_lut_global,fused/dense/scalar/x1/pair_lut_global,16384,1024,1024,8396800,8396800,2048,1024,256,3,0,115,4.7904000282287598,0.041655652419380518,3542.2093411217938,1
2026-08-16T15:03:54Z,NVIDIA H200 NVL,screen,uniform_0_1,gemv,lns,lns4_r1,4,2,1,fp64,fused,dense,scalar,1,32,1,1,1,none,pair_lut_global,fused/dense/scalar/x1/pair_lut_global,16384,1024,1024,8396800,8396800,2048,1024,256,3,1,115,4.7887039184570312,0.04164090363875679,3542.2093411217938,1
2026-08-16T15:03:54Z,NVIDIA H200 NVL,screen,uniform_0_1,gemv,lns,lns4_r1,4,2,1,fp64,fused,dense,scalar,1,32,1,1,1,none,pair_lut_global,fused/dense/scalar/x1/pair_lut_global,16384,1024,1024,8396800,8396800,2048,1024,256,3,2,115,4.7897920608520508,0.041650365746539575,3542.2093411217938,1
2026-08-16T15:03:54Z,NVIDIA H200 NVL,screen,uniform_0_1,dot,lns,lns4_r1,4,2,1,fp64,fused,padded,scalar,1,8,1,1,1,none,pair_lut_global,fused/padded/scalar/x1/pair_lut_global,16777216,0,1,16777216,33554432,2048,512,256,3,0,128,4.7111358642578125,0.03680574893951416,3609997.3732460192,1
2026-08-16T15:03:54Z,NVIDIA H200 NVL,screen,uniform_0_1,dot,lns,lns4_r1,4,2,1,fp64,fused,padded,scalar,1,8,1,1,1,none,pair_lut_global,fused/padded/scalar/x1/pair_lut_global,16777216,0,1,16777216,33554432,2048,512,256,3,1,128,4.713280200958252,0.036822501569986343,3609997.3732460192,1
2026-08-16T15:03:54Z,NVIDIA H200 NVL,screen,uniform_0_1,dot,lns,lns4_r1,4,2,1,fp64,fused,padded,scalar,1,8,1,1,1,none,pair_lut_global,fused/padded/scalar/x1/pair_lut_global,16777216,0,1,16777216,33554432,2048,512,256,3,2,128,4.7101120948791504,0.036797750741243362,3609997.3732460192,1
2026-08-16T15:03:54Z,NVIDIA H200 NVL,screen,uniform_0_1,gemv,lns,lns4_r1,4,2,1,fp64,fused,padded,scalar,1,8,1,1,1,none,pair_lut_global,fused/padded/scalar/x1/pair_lut_global,16384,1024,1024,8396800,16793600,2048,1024,256,3,0,171,4.6394238471984863,0.027131133609347872,3542.2093411217938,1
2026-08-16T15:03:54Z,NVIDIA H200 NVL,screen,uniform_0_1,gemv,lns,lns4_r1,4,2,1,fp64,fused,padded,scalar,1,8,1,1,1,none,pair_lut_global,fused/padded/scalar/x1/pair_lut_global,16384,1024,1024,8396800,16793600,2048,1024,256,3,1,171,4.6408319473266602,0.027139368113021405,3542.2093411217938,1
2026-08-16T15:03:54Z,NVIDIA H200 NVL,screen,uniform_0_1,gemv,lns,lns4_r1,4,2,1,fp64,fused,padded,scalar,1,8,1,1,1,none,pair_lut_global,fused/padded/scalar/x1/pair_lut_global,16384,1024,1024,8396800,16793600,2048,1024,256,3,2,171,4.6546239852905273,0.027220023305792557,3542.2093411217938,1
2026-08-16T15:03:54Z,NVIDIA H200 NVL,screen,uniform_0_1,dot,lns,lns4_r1,4,2,1,fp64,fused,dense,thread_packet,2,32,1,1,2,none,pair_lut_global,fused/dense/thread_packet/x2/pair_lut_global,16777216,0,1,16777216,16777216,2048,512,256,3,0,125,4.7548160552978516,0.038038528442382813,3609997.3732460188,1
2026-08-16T15:03:54Z,NVIDIA H200 NVL,screen,uniform_0_1,dot,lns,lns4_r1,4,2,1,fp64,fused,dense,thread_packet,2,32,1,1,2,none,pair_lut_global,fused/dense/thread_packet/x2/pair_lut_global,16777216,0,1,16777216,16777216,2048,512,256,3,1,125,4.734015941619873,0.037872127532958981,3609997.3732460188,1
2026-08-16T15:03:54Z,NVIDIA H200 NVL,screen,uniform_0_1,dot,lns,lns4_r1,4,2,1,fp64,fused,dense,thread_packet,2,32,1,1,2,none,pair_lut_global,fused/dense/thread_packet/x2/pair_lut_global,16777216,0,1,16777216,16777216,2048,512,256,3,2,125,4.7358717918395996,0.0378869743347168,3609997.3732460188,1
2026-08-16T15:03:54Z,NVIDIA H200 NVL,screen,uniform_0_1,gemv,lns,lns4_r1,4,2,1,fp64,fused,dense,thread_packet,2,32,1,1,2,none,pair_lut_global,fused/dense/thread_packet/x2/pair_lut_global,16384,1024,1024,8396800,8396800,2048,1024,256,3,0,117,4.768928050994873,0.040760068811921991,3542.2093411217938,1
2026-08-16T15:03:54Z,NVIDIA H200 NVL,screen,uniform_0_1,gemv,lns,lns4_r1,4,2,1,fp64,fused,dense,thread_packet,2,32,1,1,2,none,pair_lut_global,fused/dense/thread_packet/x2/pair_lut_global,16384,1024,1024,8396800,8396800,2048,1024,256,3,1,117,4.7702717781066895,0.040771553659031533,3542.2093411217938,1
2026-08-16T15:03:54Z,NVIDIA H200 NVL,screen,uniform_0_1,gemv,lns,lns4_r1,4,2,1,fp64,fused,dense,thread_packet,2,32,1,1,2,none,pair_lut_global,fused/dense/thread_packet/x2/pair_lut_global,16384,1024,1024,8396800,8396800,2048,1024,256,3,2,117,4.7690877914428711,0.040761434114896335,3542.2093411217938,1
2026-08-16T15:03:54Z,NVIDIA H200 NVL,screen,uniform_0_1,dot,lns,lns4_r1,4,2,1,fp64,fused,dense,thread_packet,4,32,1,1,4,none,pair_lut_global,fused/dense/thread_packet/x4/pair_lut_global,16777216,0,1,16777216,16777216,2048,512,256,3,0,133,4.7448320388793945,0.035675428863754848,3609997.3732460192,1
2026-08-16T15:03:54Z,NVIDIA H200 NVL,screen,uniform_0_1,dot,lns,lns4_r1,4,2,1,fp64,fused,dense,thread_packet,4,32,1,1,4,none,pair_lut_global,fused/dense/thread_packet/x4/pair_lut_global,16777216,0,1,16777216,16777216,2048,512,256,3,1,133,4.74505615234375,0.035677113927396614,3609997.3732460192,1
2026-08-16T15:03:54Z,NVIDIA H200 NVL,screen,uniform_0_1,dot,lns,lns4_r1,4,2,1,fp64,fused,dense,thread_packet,4,32,1,1,4,none,pair_lut_global,fused/dense/thread_packet/x4/pair_lut_global,16777216,0,1,16777216,16777216,2048,512,256,3,2,133,4.7468161582946777,0.0356903470548472,3609997.3732460192,1
2026-08-16T15:03:54Z,NVIDIA H200 NVL,screen,uniform_0_1,gemv,lns,lns4_r1,4,2,1,fp64,fused,dense,thread_packet,4,32,1,1,4,none,pair_lut_global,fused/dense/thread_packet/x4/pair_lut_global,16384,1024,1024,8396800,8396800,2048,1024,256,3,0,124,4.7147197723388672,0.038021933647894093,3542.2093411217934,1
2026-08-16T15:03:54Z,NVIDIA H200 NVL,screen,uniform_0_1,gemv,lns,lns4_r1,4,2,1,fp64,fused,dense,thread_packet,4,32,1,1,4,none,pair_lut_global,fused/dense/thread_packet/x4/pair_lut_global,16384,1024,1024,8396800,8396800,2048,1024,256,3,1,124,4.7161598205566406,0.038033546939972906,3542.2093411217934,1
2026-08-16T15:03:54Z,NVIDIA H200 NVL,screen,uniform_0_1,gemv,lns,lns4_r1,4,2,1,fp64,fused,dense,thread_packet,4,32,1,1,4,none,pair_lut_global,fused/dense/thread_packet/x4/pair_lut_global,16384,1024,1024,8396800,8396800,2048,1024,256,3,2,124,4.7138562202453613,0.038014969518107754,3542.2093411217934,1
2026-08-16T15:03:54Z,NVIDIA H200 NVL,screen,uniform_0_1,dot,lns,lns4_r1,4,2,1,fp64,fused,dense,thread_packet,8,32,1,1,8,none,pair_lut_global,fused/dense/thread_packet/x8/pair_lut_global,16777216,0,1,16777216,16777216,2048,512,256,3,0,183,4.609504222869873,0.025188547665955591,3609997.3732460192,1
2026-08-16T15:03:54Z,NVIDIA H200 NVL,screen,uniform_0_1,dot,lns,lns4_r1,4,2,1,fp64,fused,dense,thread_packet,8,32,1,1,8,none,pair_lut_global,fused/dense/thread_packet/x8/pair_lut_global,16777216,0,1,16777216,16777216,2048,512,256,3,1,183,4.611839771270752,0.025201310225523233,3609997.3732460192,1
2026-08-16T15:03:54Z,NVIDIA H200 NVL,screen,uniform_0_1,dot,lns,lns4_r1,4,2,1,fp64,fused,dense,thread_packet,8,32,1,1,8,none,pair_lut_global,fused/dense/thread_packet/x8/pair_lut_global,16777216,0,1,16777216,16777216,2048,512,256,3,2,183,4.6117758750915527,0.02520096106607406,3609997.3732460192,1
2026-08-16T15:03:54Z,NVIDIA H200 NVL,screen,uniform_0_1,gemv,lns,lns4_r1,4,2,1,fp64,fused,dense,thread_packet,8,32,1,1,8,none,pair_lut_global,fused/dense/thread_packet/x8/pair_lut_global,16384,1024,1024,8396800,8396800,2048,1024,256,3,0,138,4.704768180847168,0.034092523049617157,3542.2093411217938,1
2026-08-16T15:03:54Z,NVIDIA H200 NVL,screen,uniform_0_1,gemv,lns,lns4_r1,4,2,1,fp64,fused,dense,thread_packet,8,32,1,1,8,none,pair_lut_global,fused/dense/thread_packet/x8/pair_lut_global,16384,1024,1024,8396800,8396800,2048,1024,256,3,1,138,4.7021760940551758,0.034073739811994026,3542.2093411217938,1
2026-08-16T15:03:54Z,NVIDIA H200 NVL,screen,uniform_0_1,gemv,lns,lns4_r1,4,2,1,fp64,fused,dense,thread_packet,8,32,1,1,8,none,pair_lut_global,fused/dense/thread_packet/x8/pair_lut_global,16384,1024,1024,8396800,8396800,2048,1024,256,3,2,138,4.7017278671264648,0.034070491790771484,3542.2093411217938,1
2026-08-16T15:03:54Z,NVIDIA H200 NVL,screen,uniform_0_1,dot,lns,lns4_r1,4,2,1,fp64,fused,padded,thread_packet,2,8,1,1,2,none,pair_lut_global,fused/padded/thread_packet/x2/pair_lut_global,16777216,0,1,16777216,33554432,2048,512,256,3,0,165,4.6104960441589355,0.027942400267629914,3609997.3732460188,1
2026-08-16T15:03:54Z,NVIDIA H200 NVL,screen,uniform_0_1,dot,lns,lns4_r1,4,2,1,fp64,fused,padded,thread_packet,2,8,1,1,2,none,pair_lut_global,fused/padded/thread_packet/x2/pair_lut_global,16777216,0,1,16777216,33554432,2048,512,256,3,1,165,4.6103677749633789,0.027941622878565931,3609997.3732460188,1
2026-08-16T15:03:54Z,NVIDIA H200 NVL,screen,uniform_0_1,dot,lns,lns4_r1,4,2,1,fp64,fused,padded,thread_packet,2,8,1,1,2,none,pair_lut_global,fused/padded/thread_packet/x2/pair_lut_global,16777216,0,1,16777216,33554432,2048,512,256,3,2,165,4.6064319610595703,0.027917769460967093,3609997.3732460188,1
2026-08-16T15:03:54Z,NVIDIA H200 NVL,screen,uniform_0_1,gemv,lns,lns4_r1,4,2,1,fp64,fused,padded,thread_packet,2,8,1,1,2,none,pair_lut_global,fused/padded/thread_packet/x2/pair_lut_global,16384,1024,1024,8396800,16793600,2048,1024,256,3,0,185,4.6342720985412598,0.025050119451574378,3542.2093411217938,1
2026-08-16T15:03:54Z,NVIDIA H200 NVL,screen,uniform_0_1,gemv,lns,lns4_r1,4,2,1,fp64,fused,padded,thread_packet,2,8,1,1,2,none,pair_lut_global,fused/padded/thread_packet/x2/pair_lut_global,16384,1024,1024,8396800,16793600,2048,1024,256,3,1,185,4.6368961334228516,0.025064303423907305,3542.2093411217938,1
2026-08-16T15:03:54Z,NVIDIA H200 NVL,screen,uniform_0_1,gemv,lns,lns4_r1,4,2,1,fp64,fused,padded,thread_packet,2,8,1,1,2,none,pair_lut_global,fused/padded/thread_packet/x2/pair_lut_global,16384,1024,1024,8396800,16793600,2048,1024,256,3,2,185,4.6367039680480957,0.025063264692151869,3542.2093411217938,1
2026-08-16T15:03:54Z,NVIDIA H200 NVL,screen,uniform_0_1,dot,lns,lns4_r1,4,2,1,fp64,fused,padded,thread_packet,4,8,1,1,4,none,pair_lut_global,fused/padded/thread_packet/x4/pair_lut_global,16777216,0,1,16777216,33554432,2048,512,256,3,0,178,4.5752320289611816,0.02570355072450102,3609997.3732460192,1
2026-08-16T15:03:54Z,NVIDIA H200 NVL,screen,uniform_0_1,dot,lns,lns4_r1,4,2,1,fp64,fused,padded,thread_packet,4,8,1,1,4,none,pair_lut_global,fused/padded/thread_packet/x4/pair_lut_global,16777216,0,1,16777216,33554432,2048,512,256,3,1,178,4.5727357864379883,0.025689526890101056,3609997.3732460192,1
2026-08-16T15:03:54Z,NVIDIA H200 NVL,screen,uniform_0_1,dot,lns,lns4_r1,4,2,1,fp64,fused,padded,thread_packet,4,8,1,1,4,none,pair_lut_global,fused/padded/thread_packet/x4/pair_lut_global,16777216,0,1,16777216,33554432,2048,512,256,3,2,178,4.5776000022888184,0.025716853945442798,3609997.3732460192,1
2026-08-16T15:03:54Z,NVIDIA H200 NVL,screen,uniform_0_1,gemv,lns,lns4_r1,4,2,1,fp64,fused,padded,thread_packet,4,8,1,1,4,none,pair_lut_global,fused/padded/thread_packet/x4/pair_lut_global,16384,1024,1024,8396800,16793600,2048,1024,256,3,0,194,4.5641279220581055,0.023526432587928379,3542.2093411217934,1
2026-08-16T15:03:54Z,NVIDIA H200 NVL,screen,uniform_0_1,gemv,lns,lns4_r1,4,2,1,fp64,fused,padded,thread_packet,4,8,1,1,4,none,pair_lut_global,fused/padded/thread_packet/x4/pair_lut_global,16384,1024,1024,8396800,16793600,2048,1024,256,3,1,194,4.5615677833557129,0.023513235996678931,3542.2093411217934,1
2026-08-16T15:03:54Z,NVIDIA H200 NVL,screen,uniform_0_1,gemv,lns,lns4_r1,4,2,1,fp64,fused,padded,thread_packet,4,8,1,1,4,none,pair_lut_global,fused/padded/thread_packet/x4/pair_lut_global,16384,1024,1024,8396800,16793600,2048,1024,256,3,2,194,4.560704231262207,0.023508784697227871,3542.2093411217934,1
2026-08-16T15:03:54Z,NVIDIA H200 NVL,screen,uniform_0_1,dot,lns,lns4_r1,4,2,1,fp64,fused,padded,thread_packet,8,8,1,1,8,none,pair_lut_global,fused/padded/thread_packet/x8/pair_lut_global,16777216,0,1,16777216,33554432,2048,512,256,3,0,181,4.5848641395568848,0.025330741102524226,3609997.3732460192,1
2026-08-16T15:03:54Z,NVIDIA H200 NVL,screen,uniform_0_1,dot,lns,lns4_r1,4,2,1,fp64,fused,padded,thread_packet,8,8,1,1,8,none,pair_lut_global,fused/padded/thread_packet/x8/pair_lut_global,16777216,0,1,16777216,33554432,2048,512,256,3,1,181,4.5865921974182129,0.02534028838352604,3609997.3732460192,1
2026-08-16T15:03:54Z,NVIDIA H200 NVL,screen,uniform_0_1,dot,lns,lns4_r1,4,2,1,fp64,fused,padded,thread_packet,8,8,1,1,8,none,pair_lut_global,fused/padded/thread_packet/x8/pair_lut_global,16777216,0,1,16777216,33554432,2048,512,256,3,2,181,4.5877442359924316,0.025346653237527248,3609997.3732460192,1
2026-08-16T15:03:54Z,NVIDIA H200 NVL,screen,uniform_0_1,gemv,lns,lns4_r1,4,2,1,fp64,fused,padded,thread_packet,8,8,1,1,8,none,pair_lut_global,fused/padded/thread_packet/x8/pair_lut_global,16384,1024,1024,8396800,16793600,2048,1024,256,3,0,200,4.5690240859985352,0.022845120429992677,3542.2093411217938,1
2026-08-16T15:03:54Z,NVIDIA H200 NVL,screen,uniform_0_1,gemv,lns,lns4_r1,4,2,1,fp64,fused,padded,thread_packet,8,8,1,1,8,none,pair_lut_global,fused/padded/thread_packet/x8/pair_lut_global,16384,1024,1024,8396800,16793600,2048,1024,256,3,1,200,4.569119930267334,0.02284559965133667,3542.2093411217938,1
2026-08-16T15:03:54Z,NVIDIA H200 NVL,screen,uniform_0_1,gemv,lns,lns4_r1,4,2,1,fp64,fused,padded,thread_packet,8,8,1,1,8,none,pair_lut_global,fused/padded/thread_packet/x8/pair_lut_global,16384,1024,1024,8396800,16793600,2048,1024,256,3,2,200,4.5722241401672363,0.022861120700836183,3542.2093411217938,1
2026-08-16T15:03:54Z,NVIDIA H200 NVL,screen,uniform_0_1,dot,lns,lns4_r1,4,2,1,fp64,fused,dense,cooperative_shuffle,8,32,1,8,1,warp_shuffle,pair_lut_global,fused/dense/cooperative_shuffle/x8/pair_lut_global,16777216,0,1,16777216,16777216,2048,512,256,3,0,73,4.8859519958496094,0.066930849258213826,3609997.3732460192,1
2026-08-16T15:03:54Z,NVIDIA H200 NVL,screen,uniform_0_1,dot,lns,lns4_r1,4,2,1,fp64,fused,dense,cooperative_shuffle,8,32,1,8,1,warp_shuffle,pair_lut_global,fused/dense/cooperative_shuffle/x8/pair_lut_global,16777216,0,1,16777216,16777216,2048,512,256,3,1,73,4.8880319595336914,0.066959341911420431,3609997.3732460192,1
2026-08-16T15:03:54Z,NVIDIA H200 NVL,screen,uniform_0_1,dot,lns,lns4_r1,4,2,1,fp64,fused,dense,cooperative_shuffle,8,32,1,8,1,warp_shuffle,pair_lut_global,fused/dense/cooperative_shuffle/x8/pair_lut_global,16777216,0,1,16777216,16777216,2048,512,256,3,2,73,4.8846402168273926,0.066912879682567025,3609997.3732460192,1
2026-08-16T15:03:54Z,NVIDIA H200 NVL,screen,uniform_0_1,gemv,lns,lns4_r1,4,2,1,fp64,fused,dense,cooperative_shuffle,8,32,1,8,1,warp_shuffle,pair_lut_global,fused/dense/cooperative_shuffle/x8/pair_lut_global,16384,1024,1024,8396800,8396800,2048,1024,256,3,0,105,4.7638077735900879,0.045369597843715123,3542.2093411217938,1
2026-08-16T15:03:54Z,NVIDIA H200 NVL,screen,uniform_0_1,gemv,lns,lns4_r1,4,2,1,fp64,fused,dense,cooperative_shuffle,8,32,1,8,1,warp_shuffle,pair_lut_global,fused/dense/cooperative_shuffle/x8/pair_lut_global,16384,1024,1024,8396800,8396800,2048,1024,256,3,1,105,4.7713279724121094,0.045441218784877231,3542.2093411217938,1
2026-08-16T15:03:54Z,NVIDIA H200 NVL,screen,uniform_0_1,gemv,lns,lns4_r1,4,2,1,fp64,fused,dense,cooperative_shuffle,8,32,1,8,1,warp_shuffle,pair_lut_global,fused/dense/cooperative_shuffle/x8/pair_lut_global,16384,1024,1024,8396800,8396800,2048,1024,256,3,2,105,4.801152229309082,0.045725259326753163,3542.2093411217938,1
2026-08-16T15:03:54Z,NVIDIA H200 NVL,screen,uniform_0_1,dot,lns,lns4_r1,4,2,1,fp64,fused,dense,scalar,1,32,1,1,1,none,pair_lut_shared,fused/dense/scalar/x1/pair_lut_shared,16777216,0,1,16777216,16777216,2048,512,256,3,0,120,4.7375998497009277,0.039479998747507732,3609997.3732460192,1
2026-08-16T15:03:54Z,NVIDIA H200 NVL,screen,uniform_0_1,dot,lns,lns4_r1,4,2,1,fp64,fused,dense,scalar,1,32,1,1,1,none,pair_lut_shared,fused/dense/scalar/x1/pair_lut_shared,16777216,0,1,16777216,16777216,2048,512,256,3,1,120,4.7305278778076172,0.039421065648396807,3609997.3732460192,1
2026-08-16T15:03:54Z,NVIDIA H200 NVL,screen,uniform_0_1,dot,lns,lns4_r1,4,2,1,fp64,fused,dense,scalar,1,32,1,1,1,none,pair_lut_shared,fused/dense/scalar/x1/pair_lut_shared,16777216,0,1,16777216,16777216,2048,512,256,3,2,120,4.729856014251709,0.039415466785430911,3609997.3732460192,1
2026-08-16T15:03:54Z,NVIDIA H200 NVL,screen,uniform_0_1,gemv,lns,lns4_r1,4,2,1,fp64,fused,dense,scalar,1,32,1,1,1,none,pair_lut_shared,fused/dense/scalar/x1/pair_lut_shared,16384,1024,1024,8396800,8396800,2048,1024,256,3,0,124,4.7482562065124512,0.038292388762197184,3542.2093411217938,1
2026-08-16T15:03:54Z,NVIDIA H200 NVL,screen,uniform_0_1,gemv,lns,lns4_r1,4,2,1,fp64,fused,dense,scalar,1,32,1,1,1,none,pair_lut_shared,fused/dense/scalar/x1/pair_lut_shared,16384,1024,1024,8396800,8396800,2048,1024,256,3,1,124,4.7415041923522949,0.038237937035099152,3542.2093411217938,1
2026-08-16T15:03:54Z,NVIDIA H200 NVL,screen,uniform_0_1,gemv,lns,lns4_r1,4,2,1,fp64,fused,dense,scalar,1,32,1,1,1,none,pair_lut_shared,fused/dense/scalar/x1/pair_lut_shared,16384,1024,1024,8396800,8396800,2048,1024,256,3,2,124,4.7457919120788574,0.038272515419990785,3542.2093411217938,1
2026-08-16T15:03:54Z,NVIDIA H200 NVL,screen,uniform_0_1,dot,lns,lns4_r1,4,2,1,fp64,fused,padded,scalar,1,8,1,1,1,none,pair_lut_shared,fused/padded/scalar/x1/pair_lut_shared,16777216,0,1,16777216,33554432,2048,512,256,3,0,134,4.7090239524841309,0.035141969794657696,3609997.3732460192,1
2026-08-16T15:03:54Z,NVIDIA H200 NVL,screen,uniform_0_1,dot,lns,lns4_r1,4,2,1,fp64,fused,padded,scalar,1,8,1,1,1,none,pair_lut_shared,fused/padded/scalar/x1/pair_lut_shared,16777216,0,1,16777216,33554432,2048,512,256,3,1,134,4.7089920043945312,0.035141731376078594,3609997.3732460192,1
2026-08-16T15:03:54Z,NVIDIA H200 NVL,screen,uniform_0_1,dot,lns,lns4_r1,4,2,1,fp64,fused,padded,scalar,1,8,1,1,1,none,pair_lut_shared,fused/padded/scalar/x1/pair_lut_shared,16777216,0,1,16777216,33554432,2048,512,256,3,2,134,4.7079358100891113,0.03513384932902322,3609997.3732460192,1
2026-08-16T15:03:54Z,NVIDIA H200 NVL,screen,uniform_0_1,gemv,lns,lns4_r1,4,2,1,fp64,fused,padded,scalar,1,8,1,1,1,none,pair_lut_shared,fused/padded/scalar/x1/pair_lut_shared,16384,1024,1024,8396800,16793600,2048,1024,256,3,0,173,4.6605758666992188,0.026939744894215138,3542.2093411217938,1
2026-08-16T15:03:54Z,NVIDIA H200 NVL,screen,uniform_0_1,gemv,lns,lns4_r1,4,2,1,fp64,fused,padded,scalar,1,8,1,1,1,none,pair_lut_shared,fused/padded/scalar/x1/pair_lut_shared,16384,1024,1024,8396800,16793600,2048,1024,256,3,1,173,4.6622400283813477,0.026949364325903745,3542.2093411217938,1
2026-08-16T15:03:54Z,NVIDIA H200 NVL,screen,uniform_0_1,gemv,lns,lns4_r1,4,2,1,fp64,fused,padded,scalar,1,8,1,1,1,none,pair_lut_shared,fused/padded/scalar/x1/pair_lut_shared,16384,1024,1024,8396800,16793600,2048,1024,256,3,2,173,4.6599998474121094,0.026936415302960169,3542.2093411217938,1
2026-08-16T15:03:54Z,NVIDIA H200 NVL,screen,uniform_0_1,dot,lns,lns4_r1,4,2,1,fp64,fused,dense,thread_packet,2,32,1,1,2,none,pair_lut_shared,fused/dense/thread_packet/x2/pair_lut_shared,16777216,0,1,16777216,16777216,2048,512,256,3,0,128,4.6216959953308105,0.036106999963521957,3609997.3732460188,1
2026-08-16T15:03:54Z,NVIDIA H200 NVL,screen,uniform_0_1,dot,lns,lns4_r1,4,2,1,fp64,fused,dense,thread_packet,2,32,1,1,2,none,pair_lut_shared,fused/dense/thread_packet/x2/pair_lut_shared,16777216,0,1,16777216,16777216,2048,512,256,3,1,128,4.6049280166625977,0.035976000130176544,3609997.3732460188,1
2026-08-16T15:03:54Z,NVIDIA H200 NVL,screen,uniform_0_1,dot,lns,lns4_r1,4,2,1,fp64,fused,dense,thread_packet,2,32,1,1,2,none,pair_lut_shared,fused/dense/thread_packet/x2/pair_lut_shared,16777216,0,1,16777216,16777216,2048,512,256,3,2,128,4.6035518646240234,0.035965248942375183,3609997.3732460188,1
2026-08-16T15:03:54Z,NVIDIA H200 NVL,screen,uniform_0_1,gemv,lns,lns4_r1,4,2,1,fp64,fused,dense,thread_packet,2,32,1,1,2,none,pair_lut_shared,fused/dense/thread_packet/x2/pair_lut_shared,16384,1024,1024,8396800,8396800,2048,1024,256,3,0,131,4.7151999473571777,0.035993892727917386,3542.2093411217938,1
2026-08-16T15:03:54Z,NVIDIA H200 NVL,screen,uniform_0_1,gemv,lns,lns4_r1,4,2,1,fp64,fused,dense,thread_packet,2,32,1,1,2,none,pair_lut_shared,fused/dense/thread_packet/x2/pair_lut_shared,16384,1024,1024,8396800,8396800,2048,1024,256,3,1,131,4.7139520645141602,0.035984366904688245,3542.2093411217938,1
2026-08-16T15:03:54Z,NVIDIA H200 NVL,screen,uniform_0_1,gemv,lns,lns4_r1,4,2,1,fp64,fused,dense,thread_packet,2,32,1,1,2,none,pair_lut_shared,fused/dense/thread_packet/x2/pair_lut_shared,16384,1024,1024,8396800,8396800,2048,1024,256,3,2,131,4.7137279510498047,0.035982656114884007,3542.2093411217938,1
2026-08-16T15:03:54Z,NVIDIA H200 NVL,screen,uniform_0_1,dot,lns,lns4_r1,4,2,1,fp64,fused,dense,thread_packet,4,32,1,1,4,none,pair_lut_shared,fused/dense/thread_packet/x4/pair_lut_shared,16777216,0,1,16777216,16777216,2048,512,256,3,0,137,4.7164797782897949,0.034426859695545951,3609997.3732460192,1
2026-08-16T15:03:54Z,NVIDIA H200 NVL,screen,uniform_0_1,dot,lns,lns4_r1,4,2,1,fp64,fused,dense,thread_packet,4,32,1,1,4,none,pair_lut_shared,fused/dense/thread_packet/x4/pair_lut_shared,16777216,0,1,16777216,16777216,2048,512,256,3,1,137,4.7133440971374512,0.034403971511952201,3609997.3732460192,1
2026-08-16T15:03:54Z,NVIDIA H200 NVL,screen,uniform_0_1,dot,lns,lns4_r1,4,2,1,fp64,fused,dense,thread_packet,4,32,1,1,4,none,pair_lut_shared,fused/dense/thread_packet/x4/pair_lut_shared,16777216,0,1,16777216,16777216,2048,512,256,3,2,137,4.7039680480957031,0.034335533197778857,3609997.3732460192,1
2026-08-16T15:03:54Z,NVIDIA H200 NVL,screen,uniform_0_1,gemv,lns,lns4_r1,4,2,1,fp64,fused,dense,thread_packet,4,32,1,1,4,none,pair_lut_shared,fused/dense/thread_packet/x4/pair_lut_shared,16384,1024,1024,8396800,8396800,2048,1024,256,3,0,126,4.7274560928344727,0.037519492800273592,3542.2093411217934,1
2026-08-16T15:03:54Z,NVIDIA H200 NVL,screen,uniform_0_1,gemv,lns,lns4_r1,4,2,1,fp64,fused,dense,thread_packet,4,32,1,1,4,none,pair_lut_shared,fused/dense/thread_packet/x4/pair_lut_shared,16384,1024,1024,8396800,8396800,2048,1024,256,3,1,126,4.727168083190918,0.037517207009451728,3542.2093411217934,1
2026-08-16T15:03:54Z,NVIDIA H200 NVL,screen,uniform_0_1,gemv,lns,lns4_r1,4,2,1,fp64,fused,dense,thread_packet,4,32,1,1,4,none,pair_lut_shared,fused/dense/thread_packet/x4/pair_lut_shared,16384,1024,1024,8396800,8396800,2048,1024,256,3,2,126,4.7250561714172363,0.037500445804898704,3542.2093411217934,1
2026-08-16T15:03:54Z,NVIDIA H200 NVL,screen,uniform_0_1,dot,lns,lns4_r1,4,2,1,fp64,fused,dense,thread_packet,8,32,1,1,8,none,pair_lut_shared,fused/dense/thread_packet/x8/pair_lut_shared,16777216,0,1,16777216,16777216,2048,512,256,3,0,182,4.6517119407653809,0.025558856817392204,3609997.3732460192,1
2026-08-16T15:03:54Z,NVIDIA H200 NVL,screen,uniform_0_1,dot,lns,lns4_r1,4,2,1,fp64,fused,dense,thread_packet,8,32,1,1,8,none,pair_lut_shared,fused/dense/thread_packet/x8/pair_lut_shared,16777216,0,1,16777216,16777216,2048,512,256,3,1,182,4.6534080505371094,0.02556817610185225,3609997.3732460192,1
2026-08-16T15:03:54Z,NVIDIA H200 NVL,screen,uniform_0_1,dot,lns,lns4_r1,4,2,1,fp64,fused,dense,thread_packet,8,32,1,1,8,none,pair_lut_shared,fused/dense/thread_packet/x8/pair_lut_shared,16777216,0,1,16777216,16777216,2048,512,256,3,2,182,4.654911994934082,0.025576439532604845,3609997.3732460192,1
2026-08-16T15:03:54Z,NVIDIA H200 NVL,screen,uniform_0_1,gemv,lns,lns4_r1,4,2,1,fp64,fused,dense,thread_packet,8,32,1,1,8,none,pair_lut_shared,fused/dense/thread_packet/x8/pair_lut_shared,16384,1024,1024,8396800,8396800,2048,1024,256,3,0,134,4.6644477844238281,0.034809311824058421,3542.2093411217938,1
2026-08-16T15:03:54Z,NVIDIA H200 NVL,screen,uniform_0_1,gemv,lns,lns4_r1,4,2,1,fp64,fused,dense,thread_packet,8,32,1,1,8,none,pair_lut_shared,fused/dense/thread_packet/x8/pair_lut_shared,16384,1024,1024,8396800,8396800,2048,1024,256,3,1,134,4.6647038459777832,0.034811222731177489,3542.2093411217938,1
2026-08-16T15:03:54Z,NVIDIA H200 NVL,screen,uniform_0_1,gemv,lns,lns4_r1,4,2,1,fp64,fused,dense,thread_packet,8,32,1,1,8,none,pair_lut_shared,fused/dense/thread_packet/x8/pair_lut_shared,16384,1024,1024,8396800,8396800,2048,1024,256,3,2,134,4.6644477844238281,0.034809311824058421,3542.2093411217938,1
2026-08-16T15:03:54Z,NVIDIA H200 NVL,screen,uniform_0_1,dot,lns,lns4_r1,4,2,1,fp64,fused,padded,thread_packet,2,8,1,1,2,none,pair_lut_shared,fused/padded/thread_packet/x2/pair_lut_shared,16777216,0,1,16777216,33554432,2048,512,256,3,0,176,4.5808639526367188,0.02602763609452681,3609997.3732460188,1
2026-08-16T15:03:54Z,NVIDIA H200 NVL,screen,uniform_0_1,dot,lns,lns4_r1,4,2,1,fp64,fused,padded,thread_packet,2,8,1,1,2,none,pair_lut_shared,fused/padded/thread_packet/x2/pair_lut_shared,16777216,0,1,16777216,33554432,2048,512,256,3,1,176,4.5761599540710449,0.02600090882994912,3609997.3732460188,1
2026-08-16T15:03:54Z,NVIDIA H200 NVL,screen,uniform_0_1,dot,lns,lns4_r1,4,2,1,fp64,fused,padded,thread_packet,2,8,1,1,2,none,pair_lut_shared,fused/padded/thread_packet/x2/pair_lut_shared,16777216,0,1,16777216,33554432,2048,512,256,3,2,176,4.5729598999023438,0.025982726703990589,3609997.3732460188,1
2026-08-16T15:03:54Z,NVIDIA H200 NVL,screen,uniform_0_1,gemv,lns,lns4_r1,4,2,1,fp64,fused,padded,thread_packet,2,8,1,1,2,none,pair_lut_shared,fused/padded/thread_packet/x2/pair_lut_shared,16384,1024,1024,8396800,16793600,2048,1024,256,3,0,184,4.5432958602905273,0.024691825327665909,3542.2093411217938,1
2026-08-16T15:03:54Z,NVIDIA H200 NVL,screen,uniform_0_1,gemv,lns,lns4_r1,4,2,1,fp64,fused,padded,thread_packet,2,8,1,1,2,none,pair_lut_shared,fused/padded/thread_packet/x2/pair_lut_shared,16384,1024,1024,8396800,16793600,2048,1024,256,3,1,184,4.5376319885253906,0.024661043415898861,3542.2093411217938,1
2026-08-16T15:03:54Z,NVIDIA H200 NVL,screen,uniform_0_1,gemv,lns,lns4_r1,4,2,1,fp64,fused,padded,thread_packet,2,8,1,1,2,none,pair_lut_shared,fused/padded/thread_packet/x2/pair_lut_shared,16384,1024,1024,8396800,16793600,2048,1024,256,3,2,184,4.5386881828308105,0.024666783602341362,3542.2093411217938,1
2026-08-16T15:03:54Z,NVIDIA H200 NVL,screen,uniform_0_1,dot,lns,lns4_r1,4,2,1,fp64,fused,padded,thread_packet,4,8,1,1,4,none,pair_lut_shared,fused/padded/thread_packet/x4/pair_lut_shared,16777216,0,1,16777216,33554432,2048,512,256,3,0,181,4.6518721580505371,0.025700951149450483,3609997.3732460192,1
2026-08-16T15:03:54Z,NVIDIA H200 NVL,screen,uniform_0_1,dot,lns,lns4_r1,4,2,1,fp64,fused,padded,thread_packet,4,8,1,1,4,none,pair_lut_shared,fused/padded/thread_packet/x4/pair_lut_shared,16777216,0,1,16777216,33554432,2048,512,256,3,1,181,4.6499519348144531,0.02569034218129532,3609997.3732460192,1
2026-08-16T15:03:54Z,NVIDIA H200 NVL,screen,uniform_0_1,dot,lns,lns4_r1,4,2,1,fp64,fused,padded,thread_packet,4,8,1,1,4,none,pair_lut_shared,fused/padded/thread_packet/x4/pair_lut_shared,16777216,0,1,16777216,33554432,2048,512,256,3,2,181,4.6485438346862793,0.025682562622576129,3609997.3732460192,1
2026-08-16T15:03:54Z,NVIDIA H200 NVL,screen,uniform_0_1,gemv,lns,lns4_r1,4,2,1,fp64,fused,padded,thread_packet,4,8,1,1,4,none,pair_lut_shared,fused/padded/thread_packet/x4/pair_lut_shared,16384,1024,1024,8396800,16793600,2048,1024,256,3,0,196,4.5982718467712402,0.023460570646792044,3542.2093411217934,1
2026-08-16T15:03:54Z,NVIDIA H200 NVL,screen,uniform_0_1,gemv,lns,lns4_r1,4,2,1,fp64,fused,padded,thread_packet,4,8,1,1,4,none,pair_lut_shared,fused/padded/thread_packet/x4/pair_lut_shared,16384,1024,1024,8396800,16793600,2048,1024,256,3,1,196,4.6000962257385254,0.023469878702747578,3542.2093411217934,1
2026-08-16T15:03:54Z,NVIDIA H200 NVL,screen,uniform_0_1,gemv,lns,lns4_r1,4,2,1,fp64,fused,padded,thread_packet,4,8,1,1,4,none,pair_lut_shared,fused/padded/thread_packet/x4/pair_lut_shared,16384,1024,1024,8396800,16793600,2048,1024,256,3,2,196,4.6038398742675781,0.023488978950344786,3542.2093411217934,1
2026-08-16T15:03:54Z,NVIDIA H200 NVL,screen,uniform_0_1,dot,lns,lns4_r1,4,2,1,fp64,fused,padded,thread_packet,8,8,1,1,8,none,pair_lut_shared,fused/padded/thread_packet/x8/pair_lut_shared,16777216,0,1,16777216,33554432,2048,512,256,3,0,182,4.6060800552368164,0.025308132171630859,3609997.3732460192,1
2026-08-16T15:03:54Z,NVIDIA H200 NVL,screen,uniform_0_1,dot,lns,lns4_r1,4,2,1,fp64,fused,padded,thread_packet,8,8,1,1,8,none,pair_lut_shared,fused/padded/thread_packet/x8/pair_lut_shared,16777216,0,1,16777216,33554432,2048,512,256,3,1,182,4.6051201820373535,0.025302858143062382,3609997.3732460192,1
2026-08-16T15:03:54Z,NVIDIA H200 NVL,screen,uniform_0_1,dot,lns,lns4_r1,4,2,1,fp64,fused,padded,thread_packet,8,8,1,1,8,none,pair_lut_shared,fused/padded/thread_packet/x8/pair_lut_shared,16777216,0,1,16777216,33554432,2048,512,256,3,2,182,4.6020798683166504,0.025286153122618959,3609997.3732460192,1
2026-08-16T15:03:54Z,NVIDIA H200 NVL,screen,uniform_0_1,gemv,lns,lns4_r1,4,2,1,fp64,fused,padded,thread_packet,8,8,1,1,8,none,pair_lut_shared,fused/padded/thread_packet/x8/pair_lut_shared,16384,1024,1024,8396800,16793600,2048,1024,256,3,0,200,4.6116480827331543,0.023058240413665772,3542.2093411217938,1
2026-08-16T15:03:54Z,NVIDIA H200 NVL,screen,uniform_0_1,gemv,lns,lns4_r1,4,2,1,fp64,fused,padded,thread_packet,8,8,1,1,8,none,pair_lut_shared,fused/padded/thread_packet/x8/pair_lut_shared,16384,1024,1024,8396800,16793600,2048,1024,256,3,1,200,4.6123199462890625,0.023061599731445313,3542.2093411217938,1
2026-08-16T15:03:54Z,NVIDIA H200 NVL,screen,uniform_0_1,gemv,lns,lns4_r1,4,2,1,fp64,fused,padded,thread_packet,8,8,1,1,8,none,pair_lut_shared,fused/padded/thread_packet/x8/pair_lut_shared,16384,1024,1024,8396800,16793600,2048,1024,256,3,2,200,4.608543872833252,0.023042719364166259,3542.2093411217938,1
2026-08-16T15:03:54Z,NVIDIA H200 NVL,screen,uniform_0_1,dot,lns,lns4_r1,4,2,1,fp64,fused,dense,cooperative_shuffle,8,32,1,8,1,warp_shuffle,pair_lut_shared,fused/dense/cooperative_shuffle/x8/pair_lut_shared,16777216,0,1,16777216,16777216,2048,512,256,3,0,70,4.8679680824279785,0.069542401177542554,3609997.3732460192,1
2026-08-16T15:03:54Z,NVIDIA H200 NVL,screen,uniform_0_1,dot,lns,lns4_r1,4,2,1,fp64,fused,dense,cooperative_shuffle,8,32,1,8,1,warp_shuffle,pair_lut_shared,fused/dense/cooperative_shuffle/x8/pair_lut_shared,16777216,0,1,16777216,16777216,2048,512,256,3,1,70,4.8685441017150879,0.06955063002450125,3609997.3732460192,1
2026-08-16T15:03:54Z,NVIDIA H200 NVL,screen,uniform_0_1,dot,lns,lns4_r1,4,2,1,fp64,fused,dense,cooperative_shuffle,8,32,1,8,1,warp_shuffle,pair_lut_shared,fused/dense/cooperative_shuffle/x8/pair_lut_shared,16777216,0,1,16777216,16777216,2048,512,256,3,2,70,4.8676800727844238,0.069538286754063192,3609997.3732460192,1
2026-08-16T15:03:54Z,NVIDIA H200 NVL,screen,uniform_0_1,gemv,lns,lns4_r1,4,2,1,fp64,fused,dense,cooperative_shuffle,8,32,1,8,1,warp_shuffle,pair_lut_shared,fused/dense/cooperative_shuffle/x8/pair_lut_shared,16384,1024,1024,8396800,8396800,2048,1024,256,3,0,116,4.7659521102905273,0.041085794054228686,3542.2093411217938,1
2026-08-16T15:03:54Z,NVIDIA H200 NVL,screen,uniform_0_1,gemv,lns,lns4_r1,4,2,1,fp64,fused,dense,cooperative_shuffle,8,32,1,8,1,warp_shuffle,pair_lut_shared,fused/dense/cooperative_shuffle/x8/pair_lut_shared,16384,1024,1024,8396800,8396800,2048,1024,256,3,1,116,4.7650880813598633,0.04107834552896434,3542.2093411217938,1
2026-08-16T15:03:54Z,NVIDIA H200 NVL,screen,uniform_0_1,gemv,lns,lns4_r1,4,2,1,fp64,fused,dense,cooperative_shuffle,8,32,1,8,1,warp_shuffle,pair_lut_shared,fused/dense/cooperative_shuffle/x8/pair_lut_shared,16384,1024,1024,8396800,8396800,2048,1024,256,3,2,116,4.7602238655090332,0.04103641263369856,3542.2093411217938,1
2026-08-16T15:03:54Z,NVIDIA H200 NVL,screen,normal_0_1,dot,lns,lns4_r1,4,2,1,fp32,ordinary,dense,scalar,1,32,1,1,1,none,reference_exp2,ordinary/dense/scalar/x1/reference_exp2,16777216,0,1,16777216,16777216,0,512,256,3,0,74,4.8304638862609863,0.06527653900352684,-3268.5849609375,1
2026-08-16T15:03:54Z,NVIDIA H200 NVL,screen,normal_0_1,dot,lns,lns4_r1,4,2,1,fp32,ordinary,dense,scalar,1,32,1,1,1,none,reference_exp2,ordinary/dense/scalar/x1/reference_exp2,16777216,0,1,16777216,16777216,0,512,256,3,1,74,4.8289599418640137,0.065256215430594774,-3268.5849609375,1
2026-08-16T15:03:54Z,NVIDIA H200 NVL,screen,normal_0_1,dot,lns,lns4_r1,4,2,1,fp32,ordinary,dense,scalar,1,32,1,1,1,none,reference_exp2,ordinary/dense/scalar/x1/reference_exp2,16777216,0,1,16777216,16777216,0,512,256,3,2,74,4.8301758766174316,0.065272646981316643,-3268.5849609375,1
2026-08-16T15:03:54Z,NVIDIA H200 NVL,screen,normal_0_1,gemv,lns,lns4_r1,4,2,1,fp32,ordinary,dense,scalar,1,32,1,1,1,none,reference_exp2,ordinary/dense/scalar/x1/reference_exp2,16384,1024,1024,8396800,8396800,0,1024,256,3,0,74,4.8840961456298828,0.066001299265268681,-44.496929168701172,1
2026-08-16T15:03:54Z,NVIDIA H200 NVL,screen,normal_0_1,gemv,lns,lns4_r1,4,2,1,fp32,ordinary,dense,scalar,1,32,1,1,1,none,reference_exp2,ordinary/dense/scalar/x1/reference_exp2,16384,1024,1024,8396800,8396800,0,1024,256,3,1,74,4.8843522071838379,0.066004759556538353,-44.496929168701172,1
2026-08-16T15:03:54Z,NVIDIA H200 NVL,screen,normal_0_1,gemv,lns,lns4_r1,4,2,1,fp32,ordinary,dense,scalar,1,32,1,1,1,none,reference_exp2,ordinary/dense/scalar/x1/reference_exp2,16384,1024,1024,8396800,8396800,0,1024,256,3,2,74,4.8838081359863281,0.065997407243058484,-44.496929168701172,1
2026-08-16T15:03:54Z,NVIDIA H200 NVL,screen,normal_0_1,dot,lns,lns4_r1,4,2,1,fp32,ordinary,padded,scalar,1,8,1,1,1,none,reference_exp2,ordinary/padded/scalar/x1/reference_exp2,16777216,0,1,16777216,33554432,0,512,256,3,0,85,4.8301758766174316,0.056825598548440374,-3268.5849609375,1
2026-08-16T15:03:54Z,NVIDIA H200 NVL,screen,normal_0_1,dot,lns,lns4_r1,4,2,1,fp32,ordinary,padded,scalar,1,8,1,1,1,none,reference_exp2,ordinary/padded/scalar/x1/reference_exp2,16777216,0,1,16777216,33554432,0,512,256,3,1,85,4.8257918357849121,0.056774021597469554,-3268.5849609375,1
2026-08-16T15:03:54Z,NVIDIA H200 NVL,screen,normal_0_1,dot,lns,lns4_r1,4,2,1,fp32,ordinary,padded,scalar,1,8,1,1,1,none,reference_exp2,ordinary/padded/scalar/x1/reference_exp2,16777216,0,1,16777216,33554432,0,512,256,3,2,85,4.8187518119812012,0.056691197788014132,-3268.5849609375,1
2026-08-16T15:03:54Z,NVIDIA H200 NVL,screen,normal_0_1,gemv,lns,lns4_r1,4,2,1,fp32,ordinary,padded,scalar,1,8,1,1,1,none,reference_exp2,ordinary/padded/scalar/x1/reference_exp2,16384,1024,1024,8396800,16793600,0,1024,256,3,0,90,4.8448319435119629,0.053831466039021808,-44.496929168701172,1
2026-08-16T15:03:54Z,NVIDIA H200 NVL,screen,normal_0_1,gemv,lns,lns4_r1,4,2,1,fp32,ordinary,padded,scalar,1,8,1,1,1,none,reference_exp2,ordinary/padded/scalar/x1/reference_exp2,16384,1024,1024,8396800,16793600,0,1024,256,3,1,90,4.8447680473327637,0.053830756081475153,-44.496929168701172,1
2026-08-16T15:03:54Z,NVIDIA H200 NVL,screen,normal_0_1,gemv,lns,lns4_r1,4,2,1,fp32,ordinary,padded,scalar,1,8,1,1,1,none,reference_exp2,ordinary/padded/scalar/x1/reference_exp2,16384,1024,1024,8396800,16793600,0,1024,256,3,2,90,4.8445119857788086,0.053827910953097871,-44.496929168701172,1
2026-08-16T15:03:54Z,NVIDIA H200 NVL,screen,normal_0_1,dot,lns,lns4_r1,4,2,1,fp32,fused,dense,scalar,1,32,1,1,1,none,reference_exp2,fused/dense/scalar/x1/reference_exp2,16777216,0,1,16777216,16777216,0,512,256,3,0,60,4.8429121971130371,0.08071520328521728,-3268.585205078125,1
2026-08-16T15:03:54Z,NVIDIA H200 NVL,screen,normal_0_1,dot,lns,lns4_r1,4,2,1,fp32,fused,dense,scalar,1,32,1,1,1,none,reference_exp2,fused/dense/scalar/x1/reference_exp2,16777216,0,1,16777216,16777216,0,512,256,3,1,60,4.8456320762634277,0.080760534604390463,-3268.585205078125,1
2026-08-16T15:03:54Z,NVIDIA H200 NVL,screen,normal_0_1,dot,lns,lns4_r1,4,2,1,fp32,fused,dense,scalar,1,32,1,1,1,none,reference_exp2,fused/dense/scalar/x1/reference_exp2,16777216,0,1,16777216,16777216,0,512,256,3,2,60,4.837183952331543,0.080619732538859054,-3268.585205078125,1
2026-08-16T15:03:54Z,NVIDIA H200 NVL,screen,normal_0_1,gemv,lns,lns4_r1,4,2,1,fp32,fused,dense,scalar,1,32,1,1,1,none,reference_exp2,fused/dense/scalar/x1/reference_exp2,16384,1024,1024,8396800,8396800,0,1024,256,3,0,61,4.9412479400634766,0.08100406459120453,-44.496940612792969,1
2026-08-16T15:03:54Z,NVIDIA H200 NVL,screen,normal_0_1,gemv,lns,lns4_r1,4,2,1,fp32,fused,dense,scalar,1,32,1,1,1,none,reference_exp2,fused/dense/scalar/x1/reference_exp2,16384,1024,1024,8396800,8396800,0,1024,256,3,1,61,4.94268798828125,0.081027671939036885,-44.496940612792969,1
2026-08-16T15:03:54Z,NVIDIA H200 NVL,screen,normal_0_1,gemv,lns,lns4_r1,4,2,1,fp32,fused,dense,scalar,1,32,1,1,1,none,reference_exp2,fused/dense/scalar/x1/reference_exp2,16384,1024,1024,8396800,8396800,0,1024,256,3,2,61,4.9463682174682617,0.081088003565053468,-44.496940612792969,1
2026-08-16T15:03:54Z,NVIDIA H200 NVL,screen,normal_0_1,dot,lns,lns4_r1,4,2,1,fp32,fused,padded,scalar,1,8,1,1,1,none,reference_exp2,fused/padded/scalar/x1/reference_exp2,16777216,0,1,16777216,33554432,0,512,256,3,0,71,4.8907837867736816,0.068884278686953265,-3268.585205078125,1
2026-08-16T15:03:54Z,NVIDIA H200 NVL,screen,normal_0_1,dot,lns,lns4_r1,4,2,1,fp32,fused,padded,scalar,1,8,1,1,1,none,reference_exp2,fused/padded/scalar/x1/reference_exp2,16777216,0,1,16777216,33554432,0,512,256,3,1,71,4.8895998001098633,0.068867602818448781,-3268.585205078125,1
2026-08-16T15:03:54Z,NVIDIA H200 NVL,screen,normal_0_1,dot,lns,lns4_r1,4,2,1,fp32,fused,padded,scalar,1,8,1,1,1,none,reference_exp2,fused/padded/scalar/x1/reference_exp2,16777216,0,1,16777216,33554432,0,512,256,3,2,71,4.8897600173950195,0.068869859399929859,-3268.585205078125,1
2026-08-16T15:03:54Z,NVIDIA H200 NVL,screen,normal_0_1,gemv,lns,lns4_r1,4,2,1,fp32,fused,padded,scalar,1,8,1,1,1,none,reference_exp2,fused/padded/scalar/x1/reference_exp2,16384,1024,1024,8396800,16793600,0,1024,256,3,0,76,4.8957757949829102,0.064418102565564614,-44.496940612792969,1
2026-08-16T15:03:54Z,NVIDIA H200 NVL,screen,normal_0_1,gemv,lns,lns4_r1,4,2,1,fp32,fused,padded,scalar,1,8,1,1,1,none,reference_exp2,fused/padded/scalar/x1/reference_exp2,16384,1024,1024,8396800,16793600,0,1024,256,3,1,76,4.8950080871582031,0.064408001146818467,-44.496940612792969,1
2026-08-16T15:03:54Z,NVIDIA H200 NVL,screen,normal_0_1,gemv,lns,lns4_r1,4,2,1,fp32,fused,padded,scalar,1,8,1,1,1,none,reference_exp2,fused/padded/scalar/x1/reference_exp2,16384,1024,1024,8396800,16793600,0,1024,256,3,2,76,4.8959040641784668,0.064419790318137715,-44.496940612792969,1
2026-08-16T15:03:54Z,NVIDIA H200 NVL,screen,normal_0_1,dot,lns,lns4_r1,4,2,1,fp32,ordinary,dense,scalar,1,32,1,1,1,none,ex2_approx,ordinary/dense/scalar/x1/ex2_approx,16777216,0,1,16777216,16777216,0,512,256,3,0,75,4.8839359283447266,0.065119145711263024,-3268.5849609375,1
2026-08-16T15:03:54Z,NVIDIA H200 NVL,screen,normal_0_1,dot,lns,lns4_r1,4,2,1,fp32,ordinary,dense,scalar,1,32,1,1,1,none,ex2_approx,ordinary/dense/scalar/x1/ex2_approx,16777216,0,1,16777216,16777216,0,512,256,3,1,75,4.8819198608398438,0.065092264811197911,-3268.5849609375,1
2026-08-16T15:03:54Z,NVIDIA H200 NVL,screen,normal_0_1,dot,lns,lns4_r1,4,2,1,fp32,ordinary,dense,scalar,1,32,1,1,1,none,ex2_approx,ordinary/dense/scalar/x1/ex2_approx,16777216,0,1,16777216,16777216,0,512,256,3,2,75,4.8834562301635742,0.065112749735514328,-3268.5849609375,1
2026-08-16T15:03:54Z,NVIDIA H200 NVL,screen,normal_0_1,gemv,lns,lns4_r1,4,2,1,fp32,ordinary,dense,scalar,1,32,1,1,1,none,ex2_approx,ordinary/dense/scalar/x1/ex2_approx,16384,1024,1024,8396800,8396800,0,1024,256,3,0,74,4.8940157890319824,0.066135348500432192,-44.496929168701172,1
2026-08-16T15:03:54Z,NVIDIA H200 NVL,screen,normal_0_1,gemv,lns,lns4_r1,4,2,1,fp32,ordinary,dense,scalar,1,32,1,1,1,none,ex2_approx,ordinary/dense/scalar/x1/ex2_approx,16384,1024,1024,8396800,8396800,0,1024,256,3,1,74,4.8849601745605469,0.066012975331899287,-44.496929168701172,1
2026-08-16T15:03:54Z,NVIDIA H200 NVL,screen,normal_0_1,gemv,lns,lns4_r1,4,2,1,fp32,ordinary,dense,scalar,1,32,1,1,1,none,ex2_approx,ordinary/dense/scalar/x1/ex2_approx,16384,1024,1024,8396800,8396800,0,1024,256,3,2,74,4.8860158920288086,0.066027241784173088,-44.496929168701172,1
2026-08-16T15:03:54Z,NVIDIA H200 NVL,screen,normal_0_1,dot,lns,lns4_r1,4,2,1,fp32,ordinary,padded,scalar,1,8,1,1,1,none,ex2_approx,ordinary/padded/scalar/x1/ex2_approx,16777216,0,1,16777216,33554432,0,512,256,3,0,85,4.8282241821289062,0.05680263743681066,-3268.5849609375,1
2026-08-16T15:03:54Z,NVIDIA H200 NVL,screen,normal_0_1,dot,lns,lns4_r1,4,2,1,fp32,ordinary,padded,scalar,1,8,1,1,1,none,ex2_approx,ordinary/padded/scalar/x1/ex2_approx,16777216,0,1,16777216,33554432,0,512,256,3,1,85,4.8282561302185059,0.056803013296688305,-3268.5849609375,1
2026-08-16T15:03:54Z,NVIDIA H200 NVL,screen,normal_0_1,dot,lns,lns4_r1,4,2,1,fp32,ordinary,padded,scalar,1,8,1,1,1,none,ex2_approx,ordinary/padded/scalar/x1/ex2_approx,16777216,0,1,16777216,33554432,0,512,256,3,2,85,4.8254718780517578,0.056770257388844211,-3268.5849609375,1
2026-08-16T15:03:54Z,NVIDIA H200 NVL,screen,normal_0_1,gemv,lns,lns4_r1,4,2,1,fp32,ordinary,padded,scalar,1,8,1,1,1,none,ex2_approx,ordinary/padded/scalar/x1/ex2_approx,16384,1024,1024,8396800,16793600,0,1024,256,3,0,89,4.8075518608093262,0.054017436638307034,-44.496929168701172,1
2026-08-16T15:03:54Z,NVIDIA H200 NVL,screen,normal_0_1,gemv,lns,lns4_r1,4,2,1,fp32,ordinary,padded,scalar,1,8,1,1,1,none,ex2_approx,ordinary/padded/scalar/x1/ex2_approx,16384,1024,1024,8396800,16793600,0,1024,256,3,1,89,4.7991042137145996,0.053922519255220222,-44.496929168701172,1
2026-08-16T15:03:54Z,NVIDIA H200 NVL,screen,normal_0_1,gemv,lns,lns4_r1,4,2,1,fp32,ordinary,padded,scalar,1,8,1,1,1,none,ex2_approx,ordinary/padded/scalar/x1/ex2_approx,16384,1024,1024,8396800,16793600,0,1024,256,3,2,89,4.7977280616760254,0.053907056872764328,-44.496929168701172,1
2026-08-16T15:03:54Z,NVIDIA H200 NVL,screen,normal_0_1,dot,lns,lns4_r1,4,2,1,fp32,ordinary,dense,thread_packet,2,32,1,1,2,none,ex2_approx,ordinary/dense/thread_packet/x2/ex2_approx,16777216,0,1,16777216,16777216,0,512,256,3,0,78,4.8164801597595215,0.061749745637942582,-3268.58544921875,1
2026-08-16T15:03:54Z,NVIDIA H200 NVL,screen,normal_0_1,dot,lns,lns4_r1,4,2,1,fp32,ordinary,dense,thread_packet,2,32,1,1,2,none,ex2_approx,ordinary/dense/thread_packet/x2/ex2_approx,16777216,0,1,16777216,16777216,0,512,256,3,1,78,4.8169279098510742,0.061755486023731723,-3268.58544921875,1
2026-08-16T15:03:54Z,NVIDIA H200 NVL,screen,normal_0_1,dot,lns,lns4_r1,4,2,1,fp32,ordinary,dense,thread_packet,2,32,1,1,2,none,ex2_approx,ordinary/dense/thread_packet/x2/ex2_approx,16777216,0,1,16777216,16777216,0,512,256,3,2,78,4.8143677711486816,0.061722663732675404,-3268.58544921875,1
2026-08-16T15:03:54Z,NVIDIA H200 NVL,screen,normal_0_1,gemv,lns,lns4_r1,4,2,1,fp32,ordinary,dense,thread_packet,2,32,1,1,2,none,ex2_approx,ordinary/dense/thread_packet/x2/ex2_approx,16384,1024,1024,8396800,8396800,0,1024,256,3,0,77,4.8537921905517578,0.063036262214957894,-44.496932983398438,1
2026-08-16T15:03:54Z,NVIDIA H200 NVL,screen,normal_0_1,gemv,lns,lns4_r1,4,2,1,fp32,ordinary,dense,thread_packet,2,32,1,1,2,none,ex2_approx,ordinary/dense/thread_packet/x2/ex2_approx,16384,1024,1024,8396800,8396800,0,1024,256,3,1,77,4.8411197662353516,0.062871685275783781,-44.496932983398438,1
2026-08-16T15:03:54Z,NVIDIA H200 NVL,screen,normal_0_1,gemv,lns,lns4_r1,4,2,1,fp32,ordinary,dense,thread_packet,2,32,1,1,2,none,ex2_approx,ordinary/dense/thread_packet/x2/ex2_approx,16384,1024,1024,8396800,8396800,0,1024,256,3,2,77,4.8403520584106445,0.062861715044294081,-44.496932983398438,1
2026-08-16T15:03:54Z,NVIDIA H200 NVL,screen,normal_0_1,dot,lns,lns4_r1,4,2,1,fp32,ordinary,dense,thread_packet,4,32,1,1,4,none,ex2_approx,ordinary/dense/thread_packet/x4/ex2_approx,16777216,0,1,16777216,16777216,0,512,256,3,0,80,4.8328962326049805,0.060411202907562259,-3268.58544921875,1
2026-08-16T15:03:54Z,NVIDIA H200 NVL,screen,normal_0_1,dot,lns,lns4_r1,4,2,1,fp32,ordinary,dense,thread_packet,4,32,1,1,4,none,ex2_approx,ordinary/dense/thread_packet/x4/ex2_approx,16777216,0,1,16777216,16777216,0,512,256,3,1,80,4.8298239707946777,0.060372799634933472,-3268.58544921875,1
2026-08-16T15:03:54Z,NVIDIA H200 NVL,screen,normal_0_1,dot,lns,lns4_r1,4,2,1,fp32,ordinary,dense,thread_packet,4,32,1,1,4,none,ex2_approx,ordinary/dense/thread_packet/x4/ex2_approx,16777216,0,1,16777216,16777216,0,512,256,3,2,80,4.832672119140625,0.060408401489257815,-3268.58544921875,1
2026-08-16T15:03:54Z,NVIDIA H200 NVL,screen,normal_0_1,gemv,lns,lns4_r1,4,2,1,fp32,ordinary,dense,thread_packet,4,32,1,1,4,none,ex2_approx,ordinary/dense/thread_packet/x4/ex2_approx,16384,1024,1024,8396800,8396800,0,1024,256,3,0,77,4.826848030090332,0.062686338053121196,-44.496936798095703,1
2026-08-16T15:03:54Z,NVIDIA H200 NVL,screen,normal_0_1,gemv,lns,lns4_r1,4,2,1,fp32,ordinary,dense,thread_packet,4,32,1,1,4,none,ex2_approx,ordinary/dense/thread_packet/x4/ex2_approx,16384,1024,1024,8396800,8396800,0,1024,256,3,1,77,4.8125119209289551,0.062500154817259151,-44.496936798095703,1
2026-08-16T15:03:54Z,NVIDIA H200 NVL,screen,normal_0_1,gemv,lns,lns4_r1,4,2,1,fp32,ordinary,dense,thread_packet,4,32,1,1,4,none,ex2_approx,ordinary/dense/thread_packet/x4/ex2_approx,16384,1024,1024,8396800,8396800,0,1024,256,3,2,77,4.8104958534240723,0.062473972122390552,-44.496936798095703,1
2026-08-16T15:03:54Z,NVIDIA H200 NVL,screen,normal_0_1,dot,lns,lns4_r1,4,2,1,fp32,ordinary,dense,thread_packet,8,32,1,1,8,none,ex2_approx,ordinary/dense/thread_packet/x8/ex2_approx,16777216,0,1,16777216,16777216,0,512,256,3,0,95,4.7870402336120605,0.050389897195916425,-3268.58447265625,1
2026-08-16T15:03:54Z,NVIDIA H200 NVL,screen,normal_0_1,dot,lns,lns4_r1,4,2,1,fp32,ordinary,dense,thread_packet,8,32,1,1,8,none,ex2_approx,ordinary/dense/thread_packet/x8/ex2_approx,16777216,0,1,16777216,16777216,0,512,256,3,1,95,4.7820801734924316,0.05033768603676244,-3268.58447265625,1
2026-08-16T15:03:54Z,NVIDIA H200 NVL,screen,normal_0_1,dot,lns,lns4_r1,4,2,1,fp32,ordinary,dense,thread_packet,8,32,1,1,8,none,ex2_approx,ordinary/dense/thread_packet/x8/ex2_approx,16777216,0,1,16777216,16777216,0,512,256,3,2,95,4.7847042083740234,0.05036530745656867,-3268.58447265625,1
2026-08-16T15:03:54Z,NVIDIA H200 NVL,screen,normal_0_1,gemv,lns,lns4_r1,4,2,1,fp32,ordinary,dense,thread_packet,8,32,1,1,8,none,ex2_approx,ordinary/dense/thread_packet/x8/ex2_approx,16384,1024,1024,8396800,8396800,0,1024,256,3,0,81,4.8276162147521973,0.05960020018212589,-44.496944427490234,1
2026-08-16T15:03:54Z,NVIDIA H200 NVL,screen,normal_0_1,gemv,lns,lns4_r1,4,2,1,fp32,ordinary,dense,thread_packet,8,32,1,1,8,none,ex2_approx,ordinary/dense/thread_packet/x8/ex2_approx,16384,1024,1024,8396800,8396800,0,1024,256,3,1,81,4.8304958343505859,0.059635751041365259,-44.496944427490234,1
2026-08-16T15:03:54Z,NVIDIA H200 NVL,screen,normal_0_1,gemv,lns,lns4_r1,4,2,1,fp32,ordinary,dense,thread_packet,8,32,1,1,8,none,ex2_approx,ordinary/dense/thread_packet/x8/ex2_approx,16384,1024,1024,8396800,8396800,0,1024,256,3,2,81,4.8302078247070312,0.059632195366753474,-44.496944427490234,1
2026-08-16T15:03:54Z,NVIDIA H200 NVL,screen,normal_0_1,dot,lns,lns4_r1,4,2,1,fp32,ordinary,padded,thread_packet,2,8,1,1,2,none,ex2_approx,ordinary/padded/thread_packet/x2/ex2_approx,16777216,0,1,16777216,33554432,0,512,256,3,0,89,4.8386240005493164,0.054366561803924907,-3268.58544921875,1
2026-08-16T15:03:54Z,NVIDIA H200 NVL,screen,normal_0_1,dot,lns,lns4_r1,4,2,1,fp32,ordinary,padded,thread_packet,2,8,1,1,2,none,ex2_approx,ordinary/padded/thread_packet/x2/ex2_approx,16777216,0,1,16777216,33554432,0,512,256,3,1,89,4.8395838737487793,0.054377346896053697,-3268.58544921875,1
2026-08-16T15:03:54Z,NVIDIA H200 NVL,screen,normal_0_1,dot,lns,lns4_r1,4,2,1,fp32,ordinary,padded,thread_packet,2,8,1,1,2,none,ex2_approx,ordinary/padded/thread_packet/x2/ex2_approx,16777216,0,1,16777216,33554432,0,512,256,3,2,89,4.8393278121948242,0.054374469799941844,-3268.58544921875,1
2026-08-16T15:03:54Z,NVIDIA H200 NVL,screen,normal_0_1,gemv,lns,lns4_r1,4,2,1,fp32,ordinary,padded,thread_packet,2,8,1,1,2,none,ex2_approx,ordinary/padded/thread_packet/x2/ex2_approx,16384,1024,1024,8396800,16793600,0,1024,256,3,0,97,4.8306241035461426,0.04980024849016642,-44.496932983398438,1
2026-08-16T15:03:54Z,NVIDIA H200 NVL,screen,normal_0_1,gemv,lns,lns4_r1,4,2,1,fp32,ordinary,padded,thread_packet,2,8,1,1,2,none,ex2_approx,ordinary/padded/thread_packet/x2/ex2_approx,16384,1024,1024,8396800,16793600,0,1024,256,3,1,97,4.8299517631530762,0.049793317145908005,-44.496932983398438,1
2026-08-16T15:03:54Z,NVIDIA H200 NVL,screen,normal_0_1,gemv,lns,lns4_r1,4,2,1,fp32,ordinary,padded,thread_packet,2,8,1,1,2,none,ex2_approx,ordinary/padded/thread_packet/x2/ex2_approx,16384,1024,1024,8396800,16793600,0,1024,256,3,2,97,4.8323521614074707,0.049818063519664647,-44.496932983398438,1
2026-08-16T15:03:54Z,NVIDIA H200 NVL,screen,normal_0_1,dot,lns,lns4_r1,4,2,1,fp32,ordinary,padded,thread_packet,4,8,1,1,4,none,ex2_approx,ordinary/padded/thread_packet/x4/ex2_approx,16777216,0,1,16777216,33554432,0,512,256,3,0,94,4.8225278854370117,0.051303488142946933,-3268.58544921875,1
2026-08-16T15:03:54Z,NVIDIA H200 NVL,screen,normal_0_1,dot,lns,lns4_r1,4,2,1,fp32,ordinary,padded,thread_packet,4,8,1,1,4,none,ex2_approx,ordinary/padded/thread_packet/x4/ex2_approx,16777216,0,1,16777216,33554432,0,512,256,3,1,94,4.8234882354736328,0.051313704632698222,-3268.58544921875,1
2026-08-16T15:03:54Z,NVIDIA H200 NVL,screen,normal_0_1,dot,lns,lns4_r1,4,2,1,fp32,ordinary,padded,thread_packet,4,8,1,1,4,none,ex2_approx,ordinary/padded/thread_packet/x4/ex2_approx,16777216,0,1,16777216,33554432,0,512,256,3,2,94,4.8238720893859863,0.051317788184957303,-3268.58544921875,1
2026-08-16T15:03:54Z,NVIDIA H200 NVL,screen,normal_0_1,gemv,lns,lns4_r1,4,2,1,fp32,ordinary,padded,thread_packet,4,8,1,1,4,none,ex2_approx,ordinary/padded/thread_packet/x4/ex2_approx,16384,1024,1024,8396800,16793600,0,1024,256,3,0,104,4.7881598472595215,0.046039998531341553,-44.496936798095703,1
2026-08-16T15:03:54Z,NVIDIA H200 NVL,screen,normal_0_1,gemv,lns,lns4_r1,4,2,1,fp32,ordinary,padded,thread_packet,4,8,1,1,4,none,ex2_approx,ordinary/padded/thread_packet/x4/ex2_approx,16384,1024,1024,8396800,16793600,0,1024,256,3,1,104,4.784480094909668,0.046004616297208346,-44.496936798095703,1
2026-08-16T15:03:54Z,NVIDIA H200 NVL,screen,normal_0_1,gemv,lns,lns4_r1,4,2,1,fp32,ordinary,padded,thread_packet,4,8,1,1,4,none,ex2_approx,ordinary/padded/thread_packet/x4/ex2_approx,16384,1024,1024,8396800,16793600,0,1024,256,3,2,104,4.7868161201477051,0.046027078078343317,-44.496936798095703,1
2026-08-16T15:03:54Z,NVIDIA H200 NVL,screen,normal_0_1,dot,lns,lns4_r1,4,2,1,fp32,ordinary,padded,thread_packet,8,8,1,1,8,none,ex2_approx,ordinary/padded/thread_packet/x8/ex2_approx,16777216,0,1,16777216,33554432,0,512,256,3,0,94,4.7897601127624512,0.050954894816621819,-3268.58447265625,1
2026-08-16T15:03:54Z,NVIDIA H200 NVL,screen,normal_0_1,dot,lns,lns4_r1,4,2,1,fp32,ordinary,padded,thread_packet,8,8,1,1,8,none,ex2_approx,ordinary/padded/thread_packet/x8/ex2_approx,16777216,0,1,16777216,33554432,0,512,256,3,1,94,4.7906880378723145,0.05096476636034377,-3268.58447265625,1
2026-08-16T15:03:54Z,NVIDIA H200 NVL,screen,normal_0_1,dot,lns,lns4_r1,4,2,1,fp32,ordinary,padded,thread_packet,8,8,1,1,8,none,ex2_approx,ordinary/padded/thread_packet/x8/ex2_approx,16777216,0,1,16777216,33554432,0,512,256,3,2,94,4.8124480247497559,0.051196255582444214,-3268.58447265625,1
2026-08-16T15:03:54Z,NVIDIA H200 NVL,screen,normal_0_1,gemv,lns,lns4_r1,4,2,1,fp32,ordinary,padded,thread_packet,8,8,1,1,8,none,ex2_approx,ordinary/padded/thread_packet/x8/ex2_approx,16384,1024,1024,8396800,16793600,0,1024,256,3,0,105,4.7498559951782227,0.045236723763602119,-44.496944427490234,1
2026-08-16T15:03:54Z,NVIDIA H200 NVL,screen,normal_0_1,gemv,lns,lns4_r1,4,2,1,fp32,ordinary,padded,thread_packet,8,8,1,1,8,none,ex2_approx,ordinary/padded/thread_packet/x8/ex2_approx,16384,1024,1024,8396800,16793600,0,1024,256,3,1,105,4.7483201026916504,0.045222096216110959,-44.496944427490234,1
2026-08-16T15:03:54Z,NVIDIA H200 NVL,screen,normal_0_1,gemv,lns,lns4_r1,4,2,1,fp32,ordinary,padded,thread_packet,8,8,1,1,8,none,ex2_approx,ordinary/padded/thread_packet/x8/ex2_approx,16384,1024,1024,8396800,16793600,0,1024,256,3,2,105,4.7487039566040039,0.045225751967657178,-44.496944427490234,1
2026-08-16T15:03:54Z,NVIDIA H200 NVL,screen,normal_0_1,dot,lns,lns4_r1,4,2,1,fp32,ordinary,dense,cooperative_shuffle,8,32,1,8,1,warp_shuffle,ex2_approx,ordinary/dense/cooperative_shuffle/x8/ex2_approx,16777216,0,1,16777216,16777216,0,512,256,3,0,56,4.961184024810791,0.08859257187162127,-3268.5849609375,1
2026-08-16T15:03:54Z,NVIDIA H200 NVL,screen,normal_0_1,dot,lns,lns4_r1,4,2,1,fp32,ordinary,dense,cooperative_shuffle,8,32,1,8,1,warp_shuffle,ex2_approx,ordinary/dense/cooperative_shuffle/x8/ex2_approx,16777216,0,1,16777216,16777216,0,512,256,3,1,56,4.9622077941894531,0.08861085346766881,-3268.5849609375,1
2026-08-16T15:03:54Z,NVIDIA H200 NVL,screen,normal_0_1,dot,lns,lns4_r1,4,2,1,fp32,ordinary,dense,cooperative_shuffle,8,32,1,8,1,warp_shuffle,ex2_approx,ordinary/dense/cooperative_shuffle/x8/ex2_approx,16777216,0,1,16777216,16777216,0,512,256,3,2,56,4.9587521553039551,0.088549145630427775,-3268.5849609375,1
2026-08-16T15:03:54Z,NVIDIA H200 NVL,screen,normal_0_1,gemv,lns,lns4_r1,4,2,1,fp32,ordinary,dense,cooperative_shuffle,8,32,1,8,1,warp_shuffle,ex2_approx,ordinary/dense/cooperative_shuffle/x8/ex2_approx,16384,1024,1024,8396800,8396800,0,1024,256,3,0,72,4.8847041130065918,0.067843112680647105,-44.496929168701172,1
2026-08-16T15:03:54Z,NVIDIA H200 NVL,screen,normal_0_1,gemv,lns,lns4_r1,4,2,1,fp32,ordinary,dense,cooperative_shuffle,8,32,1,8,1,warp_shuffle,ex2_approx,ordinary/dense/cooperative_shuffle/x8/ex2_approx,16384,1024,1024,8396800,8396800,0,1024,256,3,1,72,4.882847785949707,0.067817330360412598,-44.496929168701172,1
2026-08-16T15:03:54Z,NVIDIA H200 NVL,screen,normal_0_1,gemv,lns,lns4_r1,4,2,1,fp32,ordinary,dense,cooperative_shuffle,8,32,1,8,1,warp_shuffle,ex2_approx,ordinary/dense/cooperative_shuffle/x8/ex2_approx,16384,1024,1024,8396800,8396800,0,1024,256,3,2,72,4.8867840766906738,0.067872001065148249,-44.496929168701172,1
2026-08-16T15:03:54Z,NVIDIA H200 NVL,screen,normal_0_1,dot,lns,lns4_r1,4,2,1,fp32,fused,dense,scalar,1,32,1,1,1,none,ex2_approx,fused/dense/scalar/x1/ex2_approx,16777216,0,1,16777216,16777216,0,512,256,3,0,61,4.9471359252929688,0.081100588939229001,-3268.585205078125,1
2026-08-16T15:03:54Z,NVIDIA H200 NVL,screen,normal_0_1,dot,lns,lns4_r1,4,2,1,fp32,fused,dense,scalar,1,32,1,1,1,none,ex2_approx,fused/dense/scalar/x1/ex2_approx,16777216,0,1,16777216,16777216,0,512,256,3,1,61,4.9324798583984375,0.080860325547515363,-3268.585205078125,1
2026-08-16T15:03:54Z,NVIDIA H200 NVL,screen,normal_0_1,dot,lns,lns4_r1,4,2,1,fp32,fused,dense,scalar,1,32,1,1,1,none,ex2_approx,fused/dense/scalar/x1/ex2_approx,16777216,0,1,16777216,16777216,0,512,256,3,2,61,4.9298558235168457,0.080817308582243369,-3268.585205078125,1
2026-08-16T15:03:54Z,NVIDIA H200 NVL,screen,normal_0_1,gemv,lns,lns4_r1,4,2,1,fp32,fused,dense,scalar,1,32,1,1,1,none,ex2_approx,fused/dense/scalar/x1/ex2_approx,16384,1024,1024,8396800,8396800,0,1024,256,3,0,61,4.947455883026123,0.081105834147969236,-44.496940612792969,1
2026-08-16T15:03:54Z,NVIDIA H200 NVL,screen,normal_0_1,gemv,lns,lns4_r1,4,2,1,fp32,fused,dense,scalar,1,32,1,1,1,none,ex2_approx,fused/dense/scalar/x1/ex2_approx,16384,1024,1024,8396800,8396800,0,1024,256,3,1,61,4.9492158889770508,0.081134686704541811,-44.496940612792969,1
2026-08-16T15:03:54Z,NVIDIA H200 NVL,screen,normal_0_1,gemv,lns,lns4_r1,4,2,1,fp32,fused,dense,scalar,1,32,1,1,1,none,ex2_approx,fused/dense/scalar/x1/ex2_approx,16384,1024,1024,8396800,8396800,0,1024,256,3,2,61,4.947904109954834,0.081113182130407108,-44.496940612792969,1
2026-08-16T15:03:54Z,NVIDIA H200 NVL,screen,normal_0_1,dot,lns,lns4_r1,4,2,1,fp32,fused,padded,scalar,1,8,1,1,1,none,ex2_approx,fused/padded/scalar/x1/ex2_approx,16777216,0,1,16777216,33554432,0,512,256,3,0,70,4.8323521614074707,0.069033602305821007,-3268.585205078125,1
2026-08-16T15:03:54Z,NVIDIA H200 NVL,screen,normal_0_1,dot,lns,lns4_r1,4,2,1,fp32,fused,padded,scalar,1,8,1,1,1,none,ex2_approx,fused/padded/scalar/x1/ex2_approx,16777216,0,1,16777216,33554432,0,512,256,3,1,70,4.8298559188842773,0.068997941698346818,-3268.585205078125,1
2026-08-16T15:03:54Z,NVIDIA H200 NVL,screen,normal_0_1,dot,lns,lns4_r1,4,2,1,fp32,fused,padded,scalar,1,8,1,1,1,none,ex2_approx,fused/padded/scalar/x1/ex2_approx,16777216,0,1,16777216,33554432,0,512,256,3,2,70,4.8316159248352051,0.069023084640502927,-3268.585205078125,1
2026-08-16T15:03:54Z,NVIDIA H200 NVL,screen,normal_0_1,gemv,lns,lns4_r1,4,2,1,fp32,fused,padded,scalar,1,8,1,1,1,none,ex2_approx,fused/padded/scalar/x1/ex2_approx,16384,1024,1024,8396800,16793600,0,1024,256,3,0,75,4.8583359718322754,0.064777812957763678,-44.496940612792969,1
2026-08-16T15:03:54Z,NVIDIA H200 NVL,screen,normal_0_1,gemv,lns,lns4_r1,4,2,1,fp32,fused,padded,scalar,1,8,1,1,1,none,ex2_approx,fused/padded/scalar/x1/ex2_approx,16384,1024,1024,8396800,16793600,0,1024,256,3,1,75,4.8528318405151367,0.064704424540201824,-44.496940612792969,1
2026-08-16T15:03:54Z,NVIDIA H200 NVL,screen,normal_0_1,gemv,lns,lns4_r1,4,2,1,fp32,fused,padded,scalar,1,8,1,1,1,none,ex2_approx,fused/padded/scalar/x1/ex2_approx,16384,1024,1024,8396800,16793600,0,1024,256,3,2,75,4.8464961051940918,0.064619948069254557,-44.496940612792969,1
2026-08-16T15:03:54Z,NVIDIA H200 NVL,screen,normal_0_1,dot,lns,lns4_r1,4,2,1,fp32,fused,dense,thread_packet,2,32,1,1,2,none,ex2_approx,fused/dense/thread_packet/x2/ex2_approx,16777216,0,1,16777216,16777216,0,512,256,3,0,63,4.9157438278198242,0.078027679806663877,-3268.5859375,1
2026-08-16T15:03:54Z,NVIDIA H200 NVL,screen,normal_0_1,dot,lns,lns4_r1,4,2,1,fp32,fused,dense,thread_packet,2,32,1,1,2,none,ex2_approx,fused/dense/thread_packet/x2/ex2_approx,16777216,0,1,16777216,16777216,0,512,256,3,1,63,4.9147200584411621,0.07801142949906606,-3268.5859375,1
2026-08-16T15:03:54Z,NVIDIA H200 NVL,screen,normal_0_1,dot,lns,lns4_r1,4,2,1,fp32,fused,dense,thread_packet,2,32,1,1,2,none,ex2_approx,fused/dense/thread_packet/x2/ex2_approx,16777216,0,1,16777216,16777216,0,512,256,3,2,63,4.9156479835510254,0.078026158469063897,-3268.5859375,1
2026-08-16T15:03:54Z,NVIDIA H200 NVL,screen,normal_0_1,gemv,lns,lns4_r1,4,2,1,fp32,fused,dense,thread_packet,2,32,1,1,2,none,ex2_approx,fused/dense/thread_packet/x2/ex2_approx,16384,1024,1024,8396800,8396800,0,1024,256,3,0,63,4.9184961318969727,0.078071367172967823,-44.496952056884766,1
2026-08-16T15:03:54Z,NVIDIA H200 NVL,screen,normal_0_1,gemv,lns,lns4_r1,4,2,1,fp32,fused,dense,thread_packet,2,32,1,1,2,none,ex2_approx,fused/dense/thread_packet/x2/ex2_approx,16384,1024,1024,8396800,8396800,0,1024,256,3,1,63,4.9169921875,0.078047495039682543,-44.496952056884766,1
2026-08-16T15:03:54Z,NVIDIA H200 NVL,screen,normal_0_1,gemv,lns,lns4_r1,4,2,1,fp32,fused,dense,thread_packet,2,32,1,1,2,none,ex2_approx,fused/dense/thread_packet/x2/ex2_approx,16384,1024,1024,8396800,8396800,0,1024,256,3,2,63,4.916384220123291,0.078037844763861761,-44.496952056884766,1
2026-08-16T15:03:54Z,NVIDIA H200 NVL,screen,normal_0_1,dot,lns,lns4_r1,4,2,1,fp32,fused,dense,thread_packet,4,32,1,1,4,none,ex2_approx,fused/dense/thread_packet/x4/ex2_approx,16777216,0,1,16777216,16777216,0,512,256,3,0,64,4.9185600280761719,0.076852500438690186,-3268.58447265625,1
2026-08-16T15:03:54Z,NVIDIA H200 NVL,screen,normal_0_1,dot,lns,lns4_r1,4,2,1,fp32,fused,dense,thread_packet,4,32,1,1,4,none,ex2_approx,fused/dense/thread_packet/x4/ex2_approx,16777216,0,1,16777216,16777216,0,512,256,3,1,64,4.9188480377197266,0.076857000589370728,-3268.58447265625,1
2026-08-16T15:03:54Z,NVIDIA H200 NVL,screen,normal_0_1,dot,lns,lns4_r1,4,2,1,fp32,fused,dense,thread_packet,4,32,1,1,4,none,ex2_approx,fused/dense/thread_packet/x4/ex2_approx,16777216,0,1,16777216,16777216,0,512,256,3,2,64,4.926976203918457,0.076984003186225891,-3268.58447265625,1
2026-08-16T15:03:54Z,NVIDIA H200 NVL,screen,normal_0_1,gemv,lns,lns4_r1,4,2,1,fp32,fused,dense,thread_packet,4,32,1,1,4,none,ex2_approx,fused/dense/thread_packet/x4/ex2_approx,16384,1024,1024,8396800,8396800,0,1024,256,3,0,63,4.9200959205627441,0.078096760643853083,-44.496971130371094,1
2026-08-16T15:03:54Z,NVIDIA H200 NVL,screen,normal_0_1,gemv,lns,lns4_r1,4,2,1,fp32,fused,dense,thread_packet,4,32,1,1,4,none,ex2_approx,fused/dense/thread_packet/x4/ex2_approx,16384,1024,1024,8396800,8396800,0,1024,256,3,1,63,4.9192638397216797,0.07808355301145524,-44.496971130371094,1
2026-08-16T15:03:54Z,NVIDIA H200 NVL,screen,normal_0_1,gemv,lns,lns4_r1,4,2,1,fp32,fused,dense,thread_packet,4,32,1,1,4,none,ex2_approx,fused/dense/thread_packet/x4/ex2_approx,16384,1024,1024,8396800,8396800,0,1024,256,3,2,63,4.9198079109191895,0.078092189062209355,-44.496971130371094,1
2026-08-16T15:03:54Z,NVIDIA H200 NVL,screen,normal_0_1,dot,lns,lns4_r1,4,2,1,fp32,fused,dense,thread_packet,8,32,1,1,8,none,ex2_approx,fused/dense/thread_packet/x8/ex2_approx,16777216,0,1,16777216,16777216,0,512,256,3,0,78,4.8784642219543457,0.062544413101978794,-3268.584228515625,1
2026-08-16T15:03:54Z,NVIDIA H200 NVL,screen,normal_0_1,dot,lns,lns4_r1,4,2,1,fp32,fused,dense,thread_packet,8,32,1,1,8,none,ex2_approx,fused/dense/thread_packet/x8/ex2_approx,16777216,0,1,16777216,16777216,0,512,256,3,1,78,4.8791680335998535,0.062553436328203246,-3268.584228515625,1
2026-08-16T15:03:54Z,NVIDIA H200 NVL,screen,normal_0_1,dot,lns,lns4_r1,4,2,1,fp32,fused,dense,thread_packet,8,32,1,1,8,none,ex2_approx,fused/dense/thread_packet/x8/ex2_approx,16777216,0,1,16777216,16777216,0,512,256,3,2,78,4.8798718452453613,0.062562459554427713,-3268.584228515625,1
2026-08-16T15:03:54Z,NVIDIA H200 NVL,screen,normal_0_1,gemv,lns,lns4_r1,4,2,1,fp32,fused,dense,thread_packet,8,32,1,1,8,none,ex2_approx,fused/dense/thread_packet/x8/ex2_approx,16384,1024,1024,8396800,8396800,0,1024,256,3,0,68,4.9088320732116699,0.072188706958995152,-44.496963500976562,1
2026-08-16T15:03:54Z,NVIDIA H200 NVL,screen,normal_0_1,gemv,lns,lns4_r1,4,2,1,fp32,fused,dense,thread_packet,8,32,1,1,8,none,ex2_approx,fused/dense/thread_packet/x8/ex2_approx,16384,1024,1024,8396800,8396800,0,1024,256,3,1,68,4.9080319404602051,0.072176940300885367,-44.496963500976562,1
2026-08-16T15:03:54Z,NVIDIA H200 NVL,screen,normal_0_1,gemv,lns,lns4_r1,4,2,1,fp32,fused,dense,thread_packet,8,32,1,1,8,none,ex2_approx,fused/dense/thread_packet/x8/ex2_approx,16384,1024,1024,8396800,8396800,0,1024,256,3,2,68,4.9107518196105957,0.072216938523685228,-44.496963500976562,1
2026-08-16T15:03:54Z,NVIDIA H200 NVL,screen,normal_0_1,dot,lns,lns4_r1,4,2,1,fp32,fused,padded,thread_packet,2,8,1,1,2,none,ex2_approx,fused/padded/thread_packet/x2/ex2_approx,16777216,0,1,16777216,33554432,0,512,256,3,0,71,4.8915519714355469,0.068895098189233048,-3268.5859375,1
2026-08-16T15:03:54Z,NVIDIA H200 NVL,screen,normal_0_1,dot,lns,lns4_r1,4,2,1,fp32,fused,padded,thread_packet,2,8,1,1,2,none,ex2_approx,fused/padded/thread_packet/x2/ex2_approx,16777216,0,1,16777216,33554432,0,512,256,3,1,71,4.8835201263427734,0.068781973610461594,-3268.5859375,1
2026-08-16T15:03:54Z,NVIDIA H200 NVL,screen,normal_0_1,dot,lns,lns4_r1,4,2,1,fp32,fused,padded,thread_packet,2,8,1,1,2,none,ex2_approx,fused/padded/thread_packet/x2/ex2_approx,16777216,0,1,16777216,33554432,0,512,256,3,2,71,4.8841919898986816,0.068791436477446219,-3268.5859375,1
2026-08-16T15:03:54Z,NVIDIA H200 NVL,screen,normal_0_1,gemv,lns,lns4_r1,4,2,1,fp32,fused,padded,thread_packet,2,8,1,1,2,none,ex2_approx,fused/padded/thread_packet/x2/ex2_approx,16384,1024,1024,8396800,16793600,0,1024,256,3,0,79,4.8811202049255371,0.061786331707918189,-44.496952056884766,1
2026-08-16T15:03:54Z,NVIDIA H200 NVL,screen,normal_0_1,gemv,lns,lns4_r1,4,2,1,fp32,fused,padded,thread_packet,2,8,1,1,2,none,ex2_approx,fused/padded/thread_packet/x2/ex2_approx,16384,1024,1024,8396800,16793600,0,1024,256,3,1,79,4.8801279067993164,0.061773770972143247,-44.496952056884766,1
2026-08-16T15:03:54Z,NVIDIA H200 NVL,screen,normal_0_1,gemv,lns,lns4_r1,4,2,1,fp32,fused,padded,thread_packet,2,8,1,1,2,none,ex2_approx,fused/padded/thread_packet/x2/ex2_approx,16384,1024,1024,8396800,16793600,0,1024,256,3,2,79,4.8812479972839355,0.061787949332708043,-44.496952056884766,1
2026-08-16T15:03:54Z,NVIDIA H200 NVL,screen,normal_0_1,dot,lns,lns4_r1,4,2,1,fp32,fused,padded,thread_packet,4,8,1,1,4,none,ex2_approx,fused/padded/thread_packet/x4/ex2_approx,16777216,0,1,16777216,33554432,0,512,256,3,0,75,4.8672637939453125,0.064896850585937499,-3268.58447265625,1
2026-08-16T15:03:54Z,NVIDIA H200 NVL,screen,normal_0_1,dot,lns,lns4_r1,4,2,1,fp32,fused,padded,thread_packet,4,8,1,1,4,none,ex2_approx,fused/padded/thread_packet/x4/ex2_approx,16777216,0,1,16777216,33554432,0,512,256,3,1,75,4.8697919845581055,0.06493055979410807,-3268.58447265625,1
2026-08-16T15:03:54Z,NVIDIA H200 NVL,screen,normal_0_1,dot,lns,lns4_r1,4,2,1,fp32,fused,padded,thread_packet,4,8,1,1,4,none,ex2_approx,fused/padded/thread_packet/x4/ex2_approx,16777216,0,1,16777216,33554432,0,512,256,3,2,75,4.8677120208740234,0.064902826944986974,-3268.58447265625,1
2026-08-16T15:03:54Z,NVIDIA H200 NVL,screen,normal_0_1,gemv,lns,lns4_r1,4,2,1,fp32,fused,padded,thread_packet,4,8,1,1,4,none,ex2_approx,fused/padded/thread_packet/x4/ex2_approx,16384,1024,1024,8396800,16793600,0,1024,256,3,0,82,4.8186559677124023,0.058764097167224416,-44.496971130371094,1
2026-08-16T15:03:54Z,NVIDIA H200 NVL,screen,normal_0_1,gemv,lns,lns4_r1,4,2,1,fp32,fused,padded,thread_packet,4,8,1,1,4,none,ex2_approx,fused/padded/thread_packet/x4/ex2_approx,16384,1024,1024,8396800,16793600,0,1024,256,3,1,82,4.8057279586791992,0.058606438520478039,-44.496971130371094,1
2026-08-16T15:03:54Z,NVIDIA H200 NVL,screen,normal_0_1,gemv,lns,lns4_r1,4,2,1,fp32,fused,padded,thread_packet,4,8,1,1,4,none,ex2_approx,fused/padded/thread_packet/x4/ex2_approx,16384,1024,1024,8396800,16793600,0,1024,256,3,2,82,4.8065919876098633,0.058616975458656871,-44.496971130371094,1
2026-08-16T15:03:54Z,NVIDIA H200 NVL,screen,normal_0_1,dot,lns,lns4_r1,4,2,1,fp32,fused,padded,thread_packet,8,8,1,1,8,none,ex2_approx,fused/padded/thread_packet/x8/ex2_approx,16777216,0,1,16777216,33554432,0,512,256,3,0,76,4.8652482032775879,0.06401642372733668,-3268.584228515625,1
2026-08-16T15:03:54Z,NVIDIA H200 NVL,screen,normal_0_1,dot,lns,lns4_r1,4,2,1,fp32,fused,padded,thread_packet,8,8,1,1,8,none,ex2_approx,fused/padded/thread_packet/x8/ex2_approx,16777216,0,1,16777216,33554432,0,512,256,3,1,76,4.864192008972168,0.064002526433844312,-3268.584228515625,1
2026-08-16T15:03:54Z,NVIDIA H200 NVL,screen,normal_0_1,dot,lns,lns4_r1,4,2,1,fp32,fused,padded,thread_packet,8,8,1,1,8,none,ex2_approx,fused/padded/thread_packet/x8/ex2_approx,16777216,0,1,16777216,33554432,0,512,256,3,2,76,4.8642559051513672,0.064003367173044307,-3268.584228515625,1
2026-08-16T15:03:54Z,NVIDIA H200 NVL,screen,normal_0_1,gemv,lns,lns4_r1,4,2,1,fp32,fused,padded,thread_packet,8,8,1,1,8,none,ex2_approx,fused/padded/thread_packet/x8/ex2_approx,16384,1024,1024,8396800,16793600,0,1024,256,3,0,84,4.8477439880371094,0.057711237952822729,-44.496963500976562,1
2026-08-16T15:03:54Z,NVIDIA H200 NVL,screen,normal_0_1,gemv,lns,lns4_r1,4,2,1,fp32,fused,padded,thread_packet,8,8,1,1,8,none,ex2_approx,fused/padded/thread_packet/x8/ex2_approx,16384,1024,1024,8396800,16793600,0,1024,256,3,1,84,4.8481922149658203,0.057716573987688334,-44.496963500976562,1
2026-08-16T15:03:54Z,NVIDIA H200 NVL,screen,normal_0_1,gemv,lns,lns4_r1,4,2,1,fp32,fused,padded,thread_packet,8,8,1,1,8,none,ex2_approx,fused/padded/thread_packet/x8/ex2_approx,16384,1024,1024,8396800,16793600,0,1024,256,3,2,84,4.8487682342529297,0.057723431360153926,-44.496963500976562,1
2026-08-16T15:03:54Z,NVIDIA H200 NVL,screen,normal_0_1,dot,lns,lns4_r1,4,2,1,fp32,fused,dense,cooperative_shuffle,8,32,1,8,1,warp_shuffle,ex2_approx,fused/dense/cooperative_shuffle/x8/ex2_approx,16777216,0,1,16777216,16777216,0,512,256,3,0,51,4.9462718963623047,0.0969857234580844,-3268.585205078125,1
2026-08-16T15:03:54Z,NVIDIA H200 NVL,screen,normal_0_1,dot,lns,lns4_r1,4,2,1,fp32,fused,dense,cooperative_shuffle,8,32,1,8,1,warp_shuffle,ex2_approx,fused/dense/cooperative_shuffle/x8/ex2_approx,16777216,0,1,16777216,16777216,0,512,256,3,1,51,4.9415359497070312,0.096892861758961391,-3268.585205078125,1
2026-08-16T15:03:54Z,NVIDIA H200 NVL,screen,normal_0_1,dot,lns,lns4_r1,4,2,1,fp32,fused,dense,cooperative_shuffle,8,32,1,8,1,warp_shuffle,ex2_approx,fused/dense/cooperative_shuffle/x8/ex2_approx,16777216,0,1,16777216,16777216,0,512,256,3,2,51,4.9415678977966309,0.096893488192090801,-3268.585205078125,1
2026-08-16T15:03:54Z,NVIDIA H200 NVL,screen,normal_0_1,gemv,lns,lns4_r1,4,2,1,fp32,fused,dense,cooperative_shuffle,8,32,1,8,1,warp_shuffle,ex2_approx,fused/dense/cooperative_shuffle/x8/ex2_approx,16384,1024,1024,8396800,8396800,0,1024,256,3,0,59,4.8712959289550781,0.082564337778899627,-44.496940612792969,1
2026-08-16T15:03:54Z,NVIDIA H200 NVL,screen,normal_0_1,gemv,lns,lns4_r1,4,2,1,fp32,fused,dense,cooperative_shuffle,8,32,1,8,1,warp_shuffle,ex2_approx,fused/dense/cooperative_shuffle/x8/ex2_approx,16384,1024,1024,8396800,8396800,0,1024,256,3,1,59,4.874335765838623,0.082615860437942765,-44.496940612792969,1
2026-08-16T15:03:54Z,NVIDIA H200 NVL,screen,normal_0_1,gemv,lns,lns4_r1,4,2,1,fp32,fused,dense,cooperative_shuffle,8,32,1,8,1,warp_shuffle,ex2_approx,fused/dense/cooperative_shuffle/x8/ex2_approx,16384,1024,1024,8396800,8396800,0,1024,256,3,2,59,4.8715200424194336,0.082568136312193785,-44.496940612792969,1
2026-08-16T15:03:54Z,NVIDIA H200 NVL,screen,normal_0_1,dot,lns,lns4_r1,4,2,1,fp32,ordinary,dense,scalar,1,32,1,1,1,none,full_lut_global,ordinary/dense/scalar/x1/full_lut_global,16777216,0,1,16777216,16777216,64,512,256,3,0,122,4.7619199752807617,0.039032130944924276,-3268.58544921875,1
2026-08-16T15:03:54Z,NVIDIA H200 NVL,screen,normal_0_1,dot,lns,lns4_r1,4,2,1,fp32,ordinary,dense,scalar,1,32,1,1,1,none,full_lut_global,ordinary/dense/scalar/x1/full_lut_global,16777216,0,1,16777216,16777216,64,512,256,3,1,122,4.7617278099060059,0.039030555818901684,-3268.58544921875,1
2026-08-16T15:03:54Z,NVIDIA H200 NVL,screen,normal_0_1,dot,lns,lns4_r1,4,2,1,fp32,ordinary,dense,scalar,1,32,1,1,1,none,full_lut_global,ordinary/dense/scalar/x1/full_lut_global,16777216,0,1,16777216,16777216,64,512,256,3,2,122,4.7616958618164062,0.039030293949314808,-3268.58544921875,1
2026-08-16T15:03:54Z,NVIDIA H200 NVL,screen,normal_0_1,gemv,lns,lns4_r1,4,2,1,fp32,ordinary,dense,scalar,1,32,1,1,1,none,full_lut_global,ordinary/dense/scalar/x1/full_lut_global,16384,1024,1024,8396800,8396800,64,1024,256,3,0,121,4.7802238464355469,0.03950598220194667,-44.496929168701172,1
2026-08-16T15:03:54Z,NVIDIA H200 NVL,screen,normal_0_1,gemv,lns,lns4_r1,4,2,1,fp32,ordinary,dense,scalar,1,32,1,1,1,none,full_lut_global,ordinary/dense/scalar/x1/full_lut_global,16384,1024,1024,8396800,8396800,64,1024,256,3,1,121,4.7816958427429199,0.039518147460685292,-44.496929168701172,1
2026-08-16T15:03:54Z,NVIDIA H200 NVL,screen,normal_0_1,gemv,lns,lns4_r1,4,2,1,fp32,ordinary,dense,scalar,1,32,1,1,1,none,full_lut_global,ordinary/dense/scalar/x1/full_lut_global,16384,1024,1024,8396800,8396800,64,1024,256,3,2,121,4.775968074798584,0.039470810535525487,-44.496929168701172,1
2026-08-16T15:03:54Z,NVIDIA H200 NVL,screen,normal_0_1,dot,lns,lns4_r1,4,2,1,fp32,ordinary,padded,scalar,1,8,1,1,1,none,full_lut_global,ordinary/padded/scalar/x1/full_lut_global,16777216,0,1,16777216,33554432,64,512,256,3,0,134,4.7329602241516113,0.035320598687698594,-3268.58544921875,1
2026-08-16T15:03:54Z,NVIDIA H200 NVL,screen,normal_0_1,dot,lns,lns4_r1,4,2,1,fp32,ordinary,padded,scalar,1,8,1,1,1,none,full_lut_global,ordinary/padded/scalar/x1/full_lut_global,16777216,0,1,16777216,33554432,64,512,256,3,1,134,4.7347841262817383,0.03533420989762491,-3268.58544921875,1
2026-08-16T15:03:54Z,NVIDIA H200 NVL,screen,normal_0_1,dot,lns,lns4_r1,4,2,1,fp32,ordinary,padded,scalar,1,8,1,1,1,none,full_lut_global,ordinary/padded/scalar/x1/full_lut_global,16777216,0,1,16777216,33554432,64,512,256,3,2,134,4.733151912689209,0.035322029199173204,-3268.58544921875,1
2026-08-16T15:03:54Z,NVIDIA H200 NVL,screen,normal_0_1,gemv,lns,lns4_r1,4,2,1,fp32,ordinary,padded,scalar,1,8,1,1,1,none,full_lut_global,ordinary/padded/scalar/x1/full_lut_global,16384,1024,1024,8396800,16793600,64,1024,256,3,0,176,4.6365761756896973,0.026344182816418735,-44.496929168701172,1
2026-08-16T15:03:54Z,NVIDIA H200 NVL,screen,normal_0_1,gemv,lns,lns4_r1,4,2,1,fp32,ordinary,padded,scalar,1,8,1,1,1,none,full_lut_global,ordinary/padded/scalar/x1/full_lut_global,16384,1024,1024,8396800,16793600,64,1024,256,3,1,176,4.637728214263916,0.026350728490135887,-44.496929168701172,1
2026-08-16T15:03:54Z,NVIDIA H200 NVL,screen,normal_0_1,gemv,lns,lns4_r1,4,2,1,fp32,ordinary,padded,scalar,1,8,1,1,1,none,full_lut_global,ordinary/padded/scalar/x1/full_lut_global,16384,1024,1024,8396800,16793600,64,1024,256,3,2,176,4.6411519050598145,0.026370181278748947,-44.496929168701172,1
2026-08-16T15:03:54Z,NVIDIA H200 NVL,screen,normal_0_1,dot,lns,lns4_r1,4,2,1,fp32,ordinary,dense,thread_packet,2,32,1,1,2,none,full_lut_global,ordinary/dense/thread_packet/x2/full_lut_global,16777216,0,1,16777216,16777216,64,512,256,3,0,129,4.6962242126464844,0.036404838857724685,-3268.5859375,1
2026-08-16T15:03:54Z,NVIDIA H200 NVL,screen,normal_0_1,dot,lns,lns4_r1,4,2,1,fp32,ordinary,dense,thread_packet,2,32,1,1,2,none,full_lut_global,ordinary/dense/thread_packet/x2/full_lut_global,16777216,0,1,16777216,16777216,64,512,256,3,1,129,4.6964478492736816,0.036406572474989782,-3268.5859375,1
2026-08-16T15:03:54Z,NVIDIA H200 NVL,screen,normal_0_1,dot,lns,lns4_r1,4,2,1,fp32,ordinary,dense,thread_packet,2,32,1,1,2,none,full_lut_global,ordinary/dense/thread_packet/x2/full_lut_global,16777216,0,1,16777216,16777216,64,512,256,3,2,129,4.6920962333679199,0.036372839018355967,-3268.5859375,1
2026-08-16T15:03:54Z,NVIDIA H200 NVL,screen,normal_0_1,gemv,lns,lns4_r1,4,2,1,fp32,ordinary,dense,thread_packet,2,32,1,1,2,none,full_lut_global,ordinary/dense/thread_packet/x2/full_lut_global,16384,1024,1024,8396800,8396800,64,1024,256,3,0,124,4.7624640464782715,0.038406968116760254,-44.496940612792969,1
2026-08-16T15:03:54Z,NVIDIA H200 NVL,screen,normal_0_1,gemv,lns,lns4_r1,4,2,1,fp32,ordinary,dense,thread_packet,2,32,1,1,2,none,full_lut_global,ordinary/dense/thread_packet/x2/full_lut_global,16384,1024,1024,8396800,8396800,64,1024,256,3,1,124,4.7727041244506836,0.03848954939073132,-44.496940612792969,1
2026-08-16T15:03:54Z,NVIDIA H200 NVL,screen,normal_0_1,gemv,lns,lns4_r1,4,2,1,fp32,ordinary,dense,thread_packet,2,32,1,1,2,none,full_lut_global,ordinary/dense/thread_packet/x2/full_lut_global,16384,1024,1024,8396800,8396800,64,1024,256,3,2,124,4.7824959754943848,0.038568515931406332,-44.496940612792969,1
2026-08-16T15:03:54Z,NVIDIA H200 NVL,screen,normal_0_1,dot,lns,lns4_r1,4,2,1,fp32,ordinary,dense,thread_packet,4,32,1,1,4,none,full_lut_global,ordinary/dense/thread_packet/x4/full_lut_global,16777216,0,1,16777216,16777216,64,512,256,3,0,143,4.6449918746948242,0.032482460662201569,-3268.58447265625,1
2026-08-16T15:03:54Z,NVIDIA H200 NVL,screen,normal_0_1,dot,lns,lns4_r1,4,2,1,fp32,ordinary,dense,thread_packet,4,32,1,1,4,none,full_lut_global,ordinary/dense/thread_packet/x4/full_lut_global,16777216,0,1,16777216,16777216,64,512,256,3,1,143,4.6456317901611328,0.032486935595532396,-3268.58447265625,1
2026-08-16T15:03:54Z,NVIDIA H200 NVL,screen,normal_0_1,dot,lns,lns4_r1,4,2,1,fp32,ordinary,dense,thread_packet,4,32,1,1,4,none,full_lut_global,ordinary/dense/thread_packet/x4/full_lut_global,16777216,0,1,16777216,16777216,64,512,256,3,2,143,4.6487040519714355,0.032508419943856191,-3268.58447265625,1
2026-08-16T15:03:54Z,NVIDIA H200 NVL,screen,normal_0_1,gemv,lns,lns4_r1,4,2,1,fp32,ordinary,dense,thread_packet,4,32,1,1,4,none,full_lut_global,ordinary/dense/thread_packet/x4/full_lut_global,16384,1024,1024,8396800,8396800,64,1024,256,3,0,125,4.7341117858886719,0.037872894287109375,-44.496959686279297,1
2026-08-16T15:03:54Z,NVIDIA H200 NVL,screen,normal_0_1,gemv,lns,lns4_r1,4,2,1,fp32,ordinary,dense,thread_packet,4,32,1,1,4,none,full_lut_global,ordinary/dense/thread_packet/x4/full_lut_global,16384,1024,1024,8396800,8396800,64,1024,256,3,1,125,4.7337279319763184,0.037869823455810546,-44.496959686279297,1
2026-08-16T15:03:54Z,NVIDIA H200 NVL,screen,normal_0_1,gemv,lns,lns4_r1,4,2,1,fp32,ordinary,dense,thread_packet,4,32,1,1,4,none,full_lut_global,ordinary/dense/thread_packet/x4/full_lut_global,16384,1024,1024,8396800,8396800,64,1024,256,3,2,125,4.7349758148193359,0.037879806518554687,-44.496959686279297,1
2026-08-16T15:03:54Z,NVIDIA H200 NVL,screen,normal_0_1,dot,lns,lns4_r1,4,2,1,fp32,ordinary,dense,thread_packet,8,32,1,1,8,none,full_lut_global,ordinary/dense/thread_packet/x8/full_lut_global,16777216,0,1,16777216,16777216,64,512,256,3,0,207,4.5175361633300781,0.021823846199662215,-3268.58349609375,1
2026-08-16T15:03:54Z,NVIDIA H200 NVL,screen,normal_0_1,dot,lns,lns4_r1,4,2,1,fp32,ordinary,dense,thread_packet,8,32,1,1,8,none,full_lut_global,ordinary/dense/thread_packet/x8/full_lut_global,16777216,0,1,16777216,16777216,64,512,256,3,1,207,4.5182719230651855,0.021827400594517803,-3268.58349609375,1
2026-08-16T15:03:54Z,NVIDIA H200 NVL,screen,normal_0_1,dot,lns,lns4_r1,4,2,1,fp32,ordinary,dense,thread_packet,8,32,1,1,8,none,full_lut_global,ordinary/dense/thread_packet/x8/full_lut_global,16777216,0,1,16777216,16777216,64,512,256,3,2,207,4.5199680328369141,0.021835594361530986,-3268.58349609375,1
2026-08-16T15:03:54Z,NVIDIA H200 NVL,screen,normal_0_1,gemv,lns,lns4_r1,4,2,1,fp32,ordinary,dense,thread_packet,8,32,1,1,8,none,full_lut_global,ordinary/dense/thread_packet/x8/full_lut_global,16384,1024,1024,8396800,8396800,64,1024,256,3,0,138,4.7366719245910645,0.034323709598485977,-44.496940612792969,1
2026-08-16T15:03:54Z,NVIDIA H200 NVL,screen,normal_0_1,gemv,lns,lns4_r1,4,2,1,fp32,ordinary,dense,thread_packet,8,32,1,1,8,none,full_lut_global,ordinary/dense/thread_packet/x8/full_lut_global,16384,1024,1024,8396800,8396800,64,1024,256,3,1,138,4.7360320091247559,0.034319072529889534,-44.496940612792969,1
2026-08-16T15:03:54Z,NVIDIA H200 NVL,screen,normal_0_1,gemv,lns,lns4_r1,4,2,1,fp32,ordinary,dense,thread_packet,8,32,1,1,8,none,full_lut_global,ordinary/dense/thread_packet/x8/full_lut_global,16384,1024,1024,8396800,8396800,64,1024,256,3,2,138,4.7353601455688477,0.034314203953397446,-44.496940612792969,1
2026-08-16T15:03:54Z,NVIDIA H200 NVL,screen,normal_0_1,dot,lns,lns4_r1,4,2,1,fp32,ordinary,padded,thread_packet,2,8,1,1,2,none,full_lut_global,ordinary/padded/thread_packet/x2/full_lut_global,16777216,0,1,16777216,33554432,64,512,256,3,0,176,4.5430397987365723,0.02581272612918507,-3268.5859375,1
2026-08-16T15:03:54Z,NVIDIA H200 NVL,screen,normal_0_1,dot,lns,lns4_r1,4,2,1,fp32,ordinary,padded,thread_packet,2,8,1,1,2,none,full_lut_global,ordinary/padded/thread_packet/x2/full_lut_global,16777216,0,1,16777216,33554432,64,512,256,3,1,176,4.5451521873474121,0.025824728337201206,-3268.5859375,1
2026-08-16T15:03:54Z,NVIDIA H200 NVL,screen,normal_0_1,dot,lns,lns4_r1,4,2,1,fp32,ordinary,padded,thread_packet,2,8,1,1,2,none,full_lut_global,ordinary/padded/thread_packet/x2/full_lut_global,16777216,0,1,16777216,33554432,64,512,256,3,2,176,4.5481600761413574,0.02584181861443953,-3268.5859375,1
2026-08-16T15:03:54Z,NVIDIA H200 NVL,screen,normal_0_1,gemv,lns,lns4_r1,4,2,1,fp32,ordinary,padded,thread_packet,2,8,1,1,2,none,full_lut_global,ordinary/padded/thread_packet/x2/full_lut_global,16384,1024,1024,8396800,16793600,64,1024,256,3,0,195,4.5699200630187988,0.023435487502660508,-44.496940612792969,1
2026-08-16T15:03:54Z,NVIDIA H200 NVL,screen,normal_0_1,gemv,lns,lns4_r1,4,2,1,fp32,ordinary,padded,thread_packet,2,8,1,1,2,none,full_lut_global,ordinary/padded/thread_packet/x2/full_lut_global,16384,1024,1024,8396800,16793600,64,1024,256,3,1,195,4.5748481750488281,0.023460759872045274,-44.496940612792969,1
2026-08-16T15:03:54Z,NVIDIA H200 NVL,screen,normal_0_1,gemv,lns,lns4_r1,4,2,1,fp32,ordinary,padded,thread_packet,2,8,1,1,2,none,full_lut_global,ordinary/padded/thread_packet/x2/full_lut_global,16384,1024,1024,8396800,16793600,64,1024,256,3,2,195,4.571904182434082,0.023445662474020933,-44.496940612792969,1
2026-08-16T15:03:54Z,NVIDIA H200 NVL,screen,normal_0_1,dot,lns,lns4_r1,4,2,1,fp32,ordinary,padded,thread_packet,4,8,1,1,4,none,full_lut_global,ordinary/padded/thread_packet/x4/full_lut_global,16777216,0,1,16777216,33554432,64,512,256,3,0,195,4.5496320724487305,0.023331446525378104,-3268.58447265625,1
2026-08-16T15:03:54Z,NVIDIA H200 NVL,screen,normal_0_1,dot,lns,lns4_r1,4,2,1,fp32,ordinary,padded,thread_packet,4,8,1,1,4,none,full_lut_global,ordinary/padded/thread_packet/x4/full_lut_global,16777216,0,1,16777216,33554432,64,512,256,3,1,195,4.5498561859130859,0.023332595825195312,-3268.58447265625,1
2026-08-16T15:03:54Z,NVIDIA H200 NVL,screen,normal_0_1,dot,lns,lns4_r1,4,2,1,fp32,ordinary,padded,thread_packet,4,8,1,1,4,none,full_lut_global,ordinary/padded/thread_packet/x4/full_lut_global,16777216,0,1,16777216,33554432,64,512,256,3,2,195,4.5439357757568359,0.023302234747470955,-3268.58447265625,1
2026-08-16T15:03:54Z,NVIDIA H200 NVL,screen,normal_0_1,gemv,lns,lns4_r1,4,2,1,fp32,ordinary,padded,thread_packet,4,8,1,1,4,none,full_lut_global,ordinary/padded/thread_packet/x4/full_lut_global,16384,1024,1024,8396800,16793600,64,1024,256,3,0,229,4.449376106262207,0.019429589983677761,-44.496959686279297,1
2026-08-16T15:03:54Z,NVIDIA H200 NVL,screen,normal_0_1,gemv,lns,lns4_r1,4,2,1,fp32,ordinary,padded,thread_packet,4,8,1,1,4,none,full_lut_global,ordinary/padded/thread_packet/x4/full_lut_global,16384,1024,1024,8396800,16793600,64,1024,256,3,1,229,4.4478721618652344,0.019423022540896218,-44.496959686279297,1
2026-08-16T15:03:54Z,NVIDIA H200 NVL,screen,normal_0_1,gemv,lns,lns4_r1,4,2,1,fp32,ordinary,padded,thread_packet,4,8,1,1,4,none,full_lut_global,ordinary/padded/thread_packet/x4/full_lut_global,16384,1024,1024,8396800,16793600,64,1024,256,3,2,229,4.4449920654296875,0.019410445700566322,-44.496959686279297,1
2026-08-16T15:03:54Z,NVIDIA H200 NVL,screen,normal_0_1,dot,lns,lns4_r1,4,2,1,fp32,ordinary,padded,thread_packet,8,8,1,1,8,none,full_lut_global,ordinary/padded/thread_packet/x8/full_lut_global,16777216,0,1,16777216,33554432,64,512,256,3,0,201,4.5558080673217773,0.022665711777720286,-3268.58349609375,1
2026-08-16T15:03:54Z,NVIDIA H200 NVL,screen,normal_0_1,dot,lns,lns4_r1,4,2,1,fp32,ordinary,padded,thread_packet,8,8,1,1,8,none,full_lut_global,ordinary/padded/thread_packet/x8/full_lut_global,16777216,0,1,16777216,33554432,64,512,256,3,1,201,4.5540800094604492,0.022657114474927607,-3268.58349609375,1
2026-08-16T15:03:54Z,NVIDIA H200 NVL,screen,normal_0_1,dot,lns,lns4_r1,4,2,1,fp32,ordinary,padded,thread_packet,8,8,1,1,8,none,full_lut_global,ordinary/padded/thread_packet/x8/full_lut_global,16777216,0,1,16777216,33554432,64,512,256,3,2,201,4.5577921867370605,0.022675583018592342,-3268.58349609375,1
2026-08-16T15:03:54Z,NVIDIA H200 NVL,screen,normal_0_1,gemv,lns,lns4_r1,4,2,1,fp32,ordinary,padded,thread_packet,8,8,1,1,8,none,full_lut_global,ordinary/padded/thread_packet/x8/full_lut_global,16384,1024,1024,8396800,16793600,64,1024,256,3,0,223,4.3720641136169434,0.019605668670927997,-44.496940612792969,1
2026-08-16T15:03:54Z,NVIDIA H200 NVL,screen,normal_0_1,gemv,lns,lns4_r1,4,2,1,fp32,ordinary,padded,thread_packet,8,8,1,1,8,none,full_lut_global,ordinary/padded/thread_packet/x8/full_lut_global,16384,1024,1024,8396800,16793600,64,1024,256,3,1,223,4.3689279556274414,0.019591605182185837,-44.496940612792969,1
2026-08-16T15:03:54Z,NVIDIA H200 NVL,screen,normal_0_1,gemv,lns,lns4_r1,4,2,1,fp32,ordinary,padded,thread_packet,8,8,1,1,8,none,full_lut_global,ordinary/padded/thread_packet/x8/full_lut_global,16384,1024,1024,8396800,16793600,64,1024,256,3,2,223,4.3698878288269043,0.019595909546308989,-44.496940612792969,1
2026-08-16T15:03:54Z,NVIDIA H200 NVL,screen,normal_0_1,dot,lns,lns4_r1,4,2,1,fp32,ordinary,dense,cooperative_shuffle,8,32,1,8,1,warp_shuffle,full_lut_global,ordinary/dense/cooperative_shuffle/x8/full_lut_global,16777216,0,1,16777216,16777216,64,512,256,3,0,74,4.9193282127380371,0.066477408280243747,-3268.58544921875,1
2026-08-16T15:03:54Z,NVIDIA H200 NVL,screen,normal_0_1,dot,lns,lns4_r1,4,2,1,fp32,ordinary,dense,cooperative_shuffle,8,32,1,8,1,warp_shuffle,full_lut_global,ordinary/dense/cooperative_shuffle/x8/full_lut_global,16777216,0,1,16777216,16777216,64,512,256,3,1,74,4.9169921875,0.066445840371621628,-3268.58544921875,1
2026-08-16T15:03:54Z,NVIDIA H200 NVL,screen,normal_0_1,dot,lns,lns4_r1,4,2,1,fp32,ordinary,dense,cooperative_shuffle,8,32,1,8,1,warp_shuffle,full_lut_global,ordinary/dense/cooperative_shuffle/x8/full_lut_global,16777216,0,1,16777216,16777216,64,512,256,3,2,74,4.9122881889343262,0.066382272823436839,-3268.58544921875,1
2026-08-16T15:03:54Z,NVIDIA H200 NVL,screen,normal_0_1,gemv,lns,lns4_r1,4,2,1,fp32,ordinary,dense,cooperative_shuffle,8,32,1,8,1,warp_shuffle,full_lut_global,ordinary/dense/cooperative_shuffle/x8/full_lut_global,16384,1024,1024,8396800,8396800,64,1024,256,3,0,112,4.7976961135864258,0.042836572442735942,-44.496929168701172,1
2026-08-16T15:03:54Z,NVIDIA H200 NVL,screen,normal_0_1,gemv,lns,lns4_r1,4,2,1,fp32,ordinary,dense,cooperative_shuffle,8,32,1,8,1,warp_shuffle,full_lut_global,ordinary/dense/cooperative_shuffle/x8/full_lut_global,16384,1024,1024,8396800,8396800,64,1024,256,3,1,112,4.7968959808349609,0.042829428400312154,-44.496929168701172,1
2026-08-16T15:03:54Z,NVIDIA H200 NVL,screen,normal_0_1,gemv,lns,lns4_r1,4,2,1,fp32,ordinary,dense,cooperative_shuffle,8,32,1,8,1,warp_shuffle,full_lut_global,ordinary/dense/cooperative_shuffle/x8/full_lut_global,16384,1024,1024,8396800,8396800,64,1024,256,3,2,112,4.7930560111999512,0.042795142957142422,-44.496929168701172,1
2026-08-16T15:03:54Z,NVIDIA H200 NVL,screen,normal_0_1,dot,lns,lns4_r1,4,2,1,fp32,ordinary,dense,scalar,1,32,1,1,1,none,full_lut_shared,ordinary/dense/scalar/x1/full_lut_shared,16777216,0,1,16777216,16777216,64,512,256,3,0,127,4.6801919937133789,0.036851905462310069,-3268.58544921875,1
2026-08-16T15:03:54Z,NVIDIA H200 NVL,screen,normal_0_1,dot,lns,lns4_r1,4,2,1,fp32,ordinary,dense,scalar,1,32,1,1,1,none,full_lut_shared,ordinary/dense/scalar/x1/full_lut_shared,16777216,0,1,16777216,16777216,64,512,256,3,1,127,4.6780481338500977,0.036835024675985019,-3268.58544921875,1
2026-08-16T15:03:54Z,NVIDIA H200 NVL,screen,normal_0_1,dot,lns,lns4_r1,4,2,1,fp32,ordinary,dense,scalar,1,32,1,1,1,none,full_lut_shared,ordinary/dense/scalar/x1/full_lut_shared,16777216,0,1,16777216,16777216,64,512,256,3,2,127,4.6770238876342773,0.036826959745151787,-3268.58544921875,1
2026-08-16T15:03:54Z,NVIDIA H200 NVL,screen,normal_0_1,gemv,lns,lns4_r1,4,2,1,fp32,ordinary,dense,scalar,1,32,1,1,1,none,full_lut_shared,ordinary/dense/scalar/x1/full_lut_shared,16384,1024,1024,8396800,8396800,64,1024,256,3,0,126,4.7397122383117676,0.037616763796125142,-44.496929168701172,1
2026-08-16T15:03:54Z,NVIDIA H200 NVL,screen,normal_0_1,gemv,lns,lns4_r1,4,2,1,fp32,ordinary,dense,scalar,1,32,1,1,1,none,full_lut_shared,ordinary/dense/scalar/x1/full_lut_shared,16384,1024,1024,8396800,8396800,64,1024,256,3,1,126,4.7410240173339844,0.037627174740745908,-44.496929168701172,1
2026-08-16T15:03:54Z,NVIDIA H200 NVL,screen,normal_0_1,gemv,lns,lns4_r1,4,2,1,fp32,ordinary,dense,scalar,1,32,1,1,1,none,full_lut_shared,ordinary/dense/scalar/x1/full_lut_shared,16384,1024,1024,8396800,8396800,64,1024,256,3,2,126,4.7584638595581055,0.03776558618696909,-44.496929168701172,1
2026-08-16T15:03:54Z,NVIDIA H200 NVL,screen,normal_0_1,dot,lns,lns4_r1,4,2,1,fp32,ordinary,padded,scalar,1,8,1,1,1,none,full_lut_shared,ordinary/padded/scalar/x1/full_lut_shared,16777216,0,1,16777216,33554432,64,512,256,3,0,140,4.6906881332397461,0.033504915237426755,-3268.58544921875,1
2026-08-16T15:03:54Z,NVIDIA H200 NVL,screen,normal_0_1,dot,lns,lns4_r1,4,2,1,fp32,ordinary,padded,scalar,1,8,1,1,1,none,full_lut_shared,ordinary/padded/scalar/x1/full_lut_shared,16777216,0,1,16777216,33554432,64,512,256,3,1,140,4.6898880004882812,0.033499200003487724,-3268.58544921875,1
2026-08-16T15:03:54Z,NVIDIA H200 NVL,screen,normal_0_1,dot,lns,lns4_r1,4,2,1,fp32,ordinary,padded,scalar,1,8,1,1,1,none,full_lut_shared,ordinary/padded/scalar/x1/full_lut_shared,16777216,0,1,16777216,33554432,64,512,256,3,2,140,4.6902718544006348,0.033501941817147392,-3268.58544921875,1
2026-08-16T15:03:54Z,NVIDIA H200 NVL,screen,normal_0_1,gemv,lns,lns4_r1,4,2,1,fp32,ordinary,padded,scalar,1,8,1,1,1,none,full_lut_shared,ordinary/padded/scalar/x1/full_lut_shared,16384,1024,1024,8396800,16793600,64,1024,256,3,0,179,4.5328960418701172,0.025323441574693392,-44.496929168701172,1
2026-08-16T15:03:54Z,NVIDIA H200 NVL,screen,normal_0_1,gemv,lns,lns4_r1,4,2,1,fp32,ordinary,padded,scalar,1,8,1,1,1,none,full_lut_shared,ordinary/padded/scalar/x1/full_lut_shared,16384,1024,1024,8396800,16793600,64,1024,256,3,1,179,4.5415358543395996,0.02537170868346145,-44.496929168701172,1
2026-08-16T15:03:54Z,NVIDIA H200 NVL,screen,normal_0_1,gemv,lns,lns4_r1,4,2,1,fp32,ordinary,padded,scalar,1,8,1,1,1,none,full_lut_shared,ordinary/padded/scalar/x1/full_lut_shared,16384,1024,1024,8396800,16793600,64,1024,256,3,2,179,4.5406079292297363,0.025366524744300203,-44.496929168701172,1
2026-08-16T15:03:54Z,NVIDIA H200 NVL,screen,normal_0_1,dot,lns,lns4_r1,4,2,1,fp32,ordinary,dense,thread_packet,2,32,1,1,2,none,full_lut_shared,ordinary/dense/thread_packet/x2/full_lut_shared,16777216,0,1,16777216,16777216,64,512,256,3,0,135,4.7015361785888672,0.034826193915473092,-3268.5859375,1
2026-08-16T15:03:54Z,NVIDIA H200 NVL,screen,normal_0_1,dot,lns,lns4_r1,4,2,1,fp32,ordinary,dense,thread_packet,2,32,1,1,2,none,full_lut_shared,ordinary/dense/thread_packet/x2/full_lut_shared,16777216,0,1,16777216,16777216,64,512,256,3,1,135,4.6934080123901367,0.034765985276963979,-3268.5859375,1
2026-08-16T15:03:54Z,NVIDIA H200 NVL,screen,normal_0_1,dot,lns,lns4_r1,4,2,1,fp32,ordinary,dense,thread_packet,2,32,1,1,2,none,full_lut_shared,ordinary/dense/thread_packet/x2/full_lut_shared,16777216,0,1,16777216,16777216,64,512,256,3,2,135,4.6934399604797363,0.034766221929479528,-3268.5859375,1
2026-08-16T15:03:54Z,NVIDIA H200 NVL,screen,normal_0_1,gemv,lns,lns4_r1,4,2,1,fp32,ordinary,dense,thread_packet,2,32,1,1,2,none,full_lut_shared,ordinary/dense/thread_packet/x2/full_lut_shared,16384,1024,1024,8396800,8396800,64,1024,256,3,0,129,4.7336640357971191,0.03669507004493891,-44.496940612792969,1
2026-08-16T15:03:54Z,NVIDIA H200 NVL,screen,normal_0_1,gemv,lns,lns4_r1,4,2,1,fp32,ordinary,dense,thread_packet,2,32,1,1,2,none,full_lut_shared,ordinary/dense/thread_packet/x2/full_lut_shared,16384,1024,1024,8396800,8396800,64,1024,256,3,1,129,4.7322559356689453,0.036684154540069347,-44.496940612792969,1
2026-08-16T15:03:54Z,NVIDIA H200 NVL,screen,normal_0_1,gemv,lns,lns4_r1,4,2,1,fp32,ordinary,dense,thread_packet,2,32,1,1,2,none,full_lut_shared,ordinary/dense/thread_packet/x2/full_lut_shared,16384,1024,1024,8396800,8396800,64,1024,256,3,2,129,4.7324800491333008,0.036685891853746516,-44.496940612792969,1
2026-08-16T15:03:54Z,NVIDIA H200 NVL,screen,normal_0_1,dot,lns,lns4_r1,4,2,1,fp32,ordinary,dense,thread_packet,4,32,1,1,4,none,full_lut_shared,ordinary/dense/thread_packet/x4/full_lut_shared,16777216,0,1,16777216,16777216,64,512,256,3,0,137,4.7272958755493164,0.03450580931057895,-3268.58447265625,1
2026-08-16T15:03:54Z,NVIDIA H200 NVL,screen,normal_0_1,dot,lns,lns4_r1,4,2,1,fp32,ordinary,dense,thread_packet,4,32,1,1,4,none,full_lut_shared,ordinary/dense/thread_packet/x4/full_lut_shared,16777216,0,1,16777216,16777216,64,512,256,3,1,137,4.7292799949645996,0.034520291934048174,-3268.58447265625,1
2026-08-16T15:03:54Z,NVIDIA H200 NVL,screen,normal_0_1,dot,lns,lns4_r1,4,2,1,fp32,ordinary,dense,thread_packet,4,32,1,1,4,none,full_lut_shared,ordinary/dense/thread_packet/x4/full_lut_shared,16777216,0,1,16777216,16777216,64,512,256,3,2,137,4.7268800735473633,0.034502774259469807,-3268.58447265625,1
2026-08-16T15:03:54Z,NVIDIA H200 NVL,screen,normal_0_1,gemv,lns,lns4_r1,4,2,1,fp32,ordinary,dense,thread_packet,4,32,1,1,4,none,full_lut_shared,ordinary/dense/thread_packet/x4/full_lut_shared,16384,1024,1024,8396800,8396800,64,1024,256,3,0,127,4.6649599075317383,0.036731967775840459,-44.496959686279297,1
2026-08-16T15:03:54Z,NVIDIA H200 NVL,screen,normal_0_1,gemv,lns,lns4_r1,4,2,1,fp32,ordinary,dense,thread_packet,4,32,1,1,4,none,full_lut_shared,ordinary/dense/thread_packet/x4/full_lut_shared,16384,1024,1024,8396800,8396800,64,1024,256,3,1,127,4.6678400039672852,0.036754645700529803,-44.496959686279297,1
2026-08-16T15:03:54Z,NVIDIA H200 NVL,screen,normal_0_1,gemv,lns,lns4_r1,4,2,1,fp32,ordinary,dense,thread_packet,4,32,1,1,4,none,full_lut_shared,ordinary/dense/thread_packet/x4/full_lut_shared,16384,1024,1024,8396800,8396800,64,1024,256,3,2,127,4.6649918556213379,0.036732219335601085,-44.496959686279297,1
2026-08-16T15:03:54Z,NVIDIA H200 NVL,screen,normal_0_1,dot,lns,lns4_r1,4,2,1,fp32,ordinary,dense,thread_packet,8,32,1,1,8,none,full_lut_shared,ordinary/dense/thread_packet/x8/full_lut_shared,16777216,0,1,16777216,16777216,64,512,256,3,0,208,4.4229121208190918,0.021264000580861017,-3268.58349609375,1
2026-08-16T15:03:54Z,NVIDIA H200 NVL,screen,normal_0_1,dot,lns,lns4_r1,4,2,1,fp32,ordinary,dense,thread_packet,8,32,1,1,8,none,full_lut_shared,ordinary/dense/thread_packet/x8/full_lut_shared,16777216,0,1,16777216,16777216,64,512,256,3,1,208,4.426976203918457,0.021283539441915657,-3268.58349609375,1
2026-08-16T15:03:54Z,NVIDIA H200 NVL,screen,normal_0_1,dot,lns,lns4_r1,4,2,1,fp32,ordinary,dense,thread_packet,8,32,1,1,8,none,full_lut_shared,ordinary/dense/thread_packet/x8/full_lut_shared,16777216,0,1,16777216,16777216,64,512,256,3,2,208,4.4262399673461914,0.021279999843010537,-3268.58349609375,1
2026-08-16T15:03:54Z,NVIDIA H200 NVL,screen,normal_0_1,gemv,lns,lns4_r1,4,2,1,fp32,ordinary,dense,thread_packet,8,32,1,1,8,none,full_lut_shared,ordinary/dense/thread_packet/x8/full_lut_shared,16384,1024,1024,8396800,8396800,64,1024,256,3,0,132,4.6768641471862793,0.035430788993835449,-44.496940612792969,1
2026-08-16T15:03:54Z,NVIDIA H200 NVL,screen,normal_0_1,gemv,lns,lns4_r1,4,2,1,fp32,ordinary,dense,thread_packet,8,32,1,1,8,none,full_lut_shared,ordinary/dense/thread_packet/x8/full_lut_shared,16384,1024,1024,8396800,8396800,64,1024,256,3,1,132,4.6781120300292969,0.035440242651737099,-44.496940612792969,1
2026-08-16T15:03:54Z,NVIDIA H200 NVL,screen,normal_0_1,gemv,lns,lns4_r1,4,2,1,fp32,ordinary,dense,thread_packet,8,32,1,1,8,none,full_lut_shared,ordinary/dense/thread_packet/x8/full_lut_shared,16384,1024,1024,8396800,8396800,64,1024,256,3,2,132,4.6788477897644043,0.035445816589124275,-44.496940612792969,1
2026-08-16T15:03:54Z,NVIDIA H200 NVL,screen,normal_0_1,dot,lns,lns4_r1,4,2,1,fp32,ordinary,padded,thread_packet,2,8,1,1,2,none,full_lut_shared,ordinary/padded/thread_packet/x2/full_lut_shared,16777216,0,1,16777216,33554432,64,512,256,3,0,170,4.5762557983398438,0.026919151754940258,-3268.5859375,1
2026-08-16T15:03:54Z,NVIDIA H200 NVL,screen,normal_0_1,dot,lns,lns4_r1,4,2,1,fp32,ordinary,padded,thread_packet,2,8,1,1,2,none,full_lut_shared,ordinary/padded/thread_packet/x2/full_lut_shared,16777216,0,1,16777216,33554432,64,512,256,3,1,170,4.5743680000305176,0.026908047059003043,-3268.5859375,1
2026-08-16T15:03:54Z,NVIDIA H200 NVL,screen,normal_0_1,dot,lns,lns4_r1,4,2,1,fp32,ordinary,padded,thread_packet,2,8,1,1,2,none,full_lut_shared,ordinary/padded/thread_packet/x2/full_lut_shared,16777216,0,1,16777216,33554432,64,512,256,3,2,170,4.5710082054138184,0.026888283561257754,-3268.5859375,1
2026-08-16T15:03:54Z,NVIDIA H200 NVL,screen,normal_0_1,gemv,lns,lns4_r1,4,2,1,fp32,ordinary,padded,thread_packet,2,8,1,1,2,none,full_lut_shared,ordinary/padded/thread_packet/x2/full_lut_shared,16384,1024,1024,8396800,16793600,64,1024,256,3,0,185,4.4928321838378906,0.024285579372096706,-44.496940612792969,1
2026-08-16T15:03:54Z,NVIDIA H200 NVL,screen,normal_0_1,gemv,lns,lns4_r1,4,2,1,fp32,ordinary,padded,thread_packet,2,8,1,1,2,none,full_lut_shared,ordinary/padded/thread_packet/x2/full_lut_shared,16384,1024,1024,8396800,16793600,64,1024,256,3,1,185,4.4902400970458984,0.02427156809213999,-44.496940612792969,1
2026-08-16T15:03:54Z,NVIDIA H200 NVL,screen,normal_0_1,gemv,lns,lns4_r1,4,2,1,fp32,ordinary,padded,thread_packet,2,8,1,1,2,none,full_lut_shared,ordinary/padded/thread_packet/x2/full_lut_shared,16384,1024,1024,8396800,16793600,64,1024,256,3,2,185,4.4925122261047363,0.024283849870836413,-44.496940612792969,1
2026-08-16T15:03:54Z,NVIDIA H200 NVL,screen,normal_0_1,dot,lns,lns4_r1,4,2,1,fp32,ordinary,padded,thread_packet,4,8,1,1,4,none,full_lut_shared,ordinary/padded/thread_packet/x4/full_lut_shared,16777216,0,1,16777216,33554432,64,512,256,3,0,201,4.6011199951171875,0.022891144254314367,-3268.58447265625,1
2026-08-16T15:03:54Z,NVIDIA H200 NVL,screen,normal_0_1,dot,lns,lns4_r1,4,2,1,fp32,ordinary,padded,thread_packet,4,8,1,1,4,none,full_lut_shared,ordinary/padded/thread_packet/x4/full_lut_shared,16777216,0,1,16777216,33554432,64,512,256,3,1,201,4.6007680892944336,0.022889393479076783,-3268.58447265625,1
2026-08-16T15:03:54Z,NVIDIA H200 NVL,screen,normal_0_1,dot,lns,lns4_r1,4,2,1,fp32,ordinary,padded,thread_packet,4,8,1,1,4,none,full_lut_shared,ordinary/padded/thread_packet/x4/full_lut_shared,16777216,0,1,16777216,33554432,64,512,256,3,2,201,4.600031852722168,0.022885730610558049,-3268.58447265625,1
2026-08-16T15:03:54Z,NVIDIA H200 NVL,screen,normal_0_1,gemv,lns,lns4_r1,4,2,1,fp32,ordinary,padded,thread_packet,4,8,1,1,4,none,full_lut_shared,ordinary/padded/thread_packet/x4/full_lut_shared,16384,1024,1024,8396800,16793600,64,1024,256,3,0,224,4.496863842010498,0.020075285008975437,-44.496959686279297,1
2026-08-16T15:03:54Z,NVIDIA H200 NVL,screen,normal_0_1,gemv,lns,lns4_r1,4,2,1,fp32,ordinary,padded,thread_packet,4,8,1,1,4,none,full_lut_shared,ordinary/padded/thread_packet/x4/full_lut_shared,16384,1024,1024,8396800,16793600,64,1024,256,3,1,224,4.4991679191589355,0.020085571067673818,-44.496959686279297,1
2026-08-16T15:03:54Z,NVIDIA H200 NVL,screen,normal_0_1,gemv,lns,lns4_r1,4,2,1,fp32,ordinary,padded,thread_packet,4,8,1,1,4,none,full_lut_shared,ordinary/padded/thread_packet/x4/full_lut_shared,16384,1024,1024,8396800,16793600,64,1024,256,3,2,224,4.4988160133361816,0.020084000059536526,-44.496959686279297,1
2026-08-16T15:03:54Z,NVIDIA H200 NVL,screen,normal_0_1,dot,lns,lns4_r1,4,2,1,fp32,ordinary,padded,thread_packet,8,8,1,1,8,none,full_lut_shared,ordinary/padded/thread_packet/x8/full_lut_shared,16777216,0,1,16777216,33554432,64,512,256,3,0,205,4.5329279899597168,0.022111843853462033,-3268.58349609375,1
2026-08-16T15:03:54Z,NVIDIA H200 NVL,screen,normal_0_1,dot,lns,lns4_r1,4,2,1,fp32,ordinary,padded,thread_packet,8,8,1,1,8,none,full_lut_shared,ordinary/padded/thread_packet/x8/full_lut_shared,16777216,0,1,16777216,33554432,64,512,256,3,1,205,4.5317120552062988,0.022105912464420969,-3268.58349609375,1
2026-08-16T15:03:54Z,NVIDIA H200 NVL,screen,normal_0_1,dot,lns,lns4_r1,4,2,1,fp32,ordinary,padded,thread_packet,8,8,1,1,8,none,full_lut_shared,ordinary/padded/thread_packet/x8/full_lut_shared,16777216,0,1,16777216,33554432,64,512,256,3,2,205,4.5310721397399902,0.022102790925560927,-3268.58349609375,1
2026-08-16T15:03:54Z,NVIDIA H200 NVL,screen,normal_0_1,gemv,lns,lns4_r1,4,2,1,fp32,ordinary,padded,thread_packet,8,8,1,1,8,none,full_lut_shared,ordinary/padded/thread_packet/x8/full_lut_shared,16384,1024,1024,8396800,16793600,64,1024,256,3,0,234,4.4195199012756348,0.01888683718493861,-44.496940612792969,1
2026-08-16T15:03:54Z,NVIDIA H200 NVL,screen,normal_0_1,gemv,lns,lns4_r1,4,2,1,fp32,ordinary,padded,thread_packet,8,8,1,1,8,none,full_lut_shared,ordinary/padded/thread_packet/x8/full_lut_shared,16384,1024,1024,8396800,16793600,64,1024,256,3,1,234,4.4196162223815918,0.018887248813596547,-44.496940612792969,1
2026-08-16T15:03:54Z,NVIDIA H200 NVL,screen,normal_0_1,gemv,lns,lns4_r1,4,2,1,fp32,ordinary,padded,thread_packet,8,8,1,1,8,none,full_lut_shared,ordinary/padded/thread_packet/x8/full_lut_shared,16384,1024,1024,8396800,16793600,64,1024,256,3,2,234,4.4195518493652344,0.018886973715236045,-44.496940612792969,1
2026-08-16T15:03:54Z,NVIDIA H200 NVL,screen,normal_0_1,dot,lns,lns4_r1,4,2,1,fp32,ordinary,dense,cooperative_shuffle,8,32,1,8,1,warp_shuffle,full_lut_shared,ordinary/dense/cooperative_shuffle/x8/full_lut_shared,16777216,0,1,16777216,16777216,64,512,256,3,0,72,4.8794240951538086,0.067769779099358454,-3268.58544921875,1
2026-08-16T15:03:54Z,NVIDIA H200 NVL,screen,normal_0_1,dot,lns,lns4_r1,4,2,1,fp32,ordinary,dense,cooperative_shuffle,8,32,1,8,1,warp_shuffle,full_lut_shared,ordinary/dense/cooperative_shuffle/x8/full_lut_shared,16777216,0,1,16777216,16777216,64,512,256,3,1,72,4.8883199691772461,0.067893332905239523,-3268.58544921875,1
2026-08-16T15:03:54Z,NVIDIA H200 NVL,screen,normal_0_1,dot,lns,lns4_r1,4,2,1,fp32,ordinary,dense,cooperative_shuffle,8,32,1,8,1,warp_shuffle,full_lut_shared,ordinary/dense/cooperative_shuffle/x8/full_lut_shared,16777216,0,1,16777216,16777216,64,512,256,3,2,72,4.8876800537109375,0.067884445190429688,-3268.58544921875,1
2026-08-16T15:03:54Z,NVIDIA H200 NVL,screen,normal_0_1,gemv,lns,lns4_r1,4,2,1,fp32,ordinary,dense,cooperative_shuffle,8,32,1,8,1,warp_shuffle,full_lut_shared,ordinary/dense/cooperative_shuffle/x8/full_lut_shared,16384,1024,1024,8396800,8396800,64,1024,256,3,0,109,4.7217922210693359,0.043319194688709504,-44.496929168701172,1
2026-08-16T15:03:54Z,NVIDIA H200 NVL,screen,normal_0_1,gemv,lns,lns4_r1,4,2,1,fp32,ordinary,dense,cooperative_shuffle,8,32,1,8,1,warp_shuffle,full_lut_shared,ordinary/dense/cooperative_shuffle/x8/full_lut_shared,16384,1024,1024,8396800,8396800,64,1024,256,3,1,109,4.7157440185546875,0.043263706592244842,-44.496929168701172,1
2026-08-16T15:03:54Z,NVIDIA H200 NVL,screen,normal_0_1,gemv,lns,lns4_r1,4,2,1,fp32,ordinary,dense,cooperative_shuffle,8,32,1,8,1,warp_shuffle,full_lut_shared,ordinary/dense/cooperative_shuffle/x8/full_lut_shared,16384,1024,1024,8396800,8396800,64,1024,256,3,2,109,4.716224193572998,0.043268111867642185,-44.496929168701172,1
2026-08-16T15:03:54Z,NVIDIA H200 NVL,screen,normal_0_1,dot,lns,lns4_r1,4,2,1,fp32,ordinary,dense,scalar,1,32,1,1,1,none,fraction_lut_global,ordinary/dense/scalar/x1/fraction_lut_global,16777216,0,1,16777216,16777216,8,512,256,3,0,39,4.9764800071716309,0.12760205146593925,-3268.58544921875,1
2026-08-16T15:03:54Z,NVIDIA H200 NVL,screen,normal_0_1,dot,lns,lns4_r1,4,2,1,fp32,ordinary,dense,scalar,1,32,1,1,1,none,fraction_lut_global,ordinary/dense/scalar/x1/fraction_lut_global,16777216,0,1,16777216,16777216,8,512,256,3,1,39,4.9727997779846191,0.12750768661499023,-3268.58544921875,1
2026-08-16T15:03:54Z,NVIDIA H200 NVL,screen,normal_0_1,dot,lns,lns4_r1,4,2,1,fp32,ordinary,dense,scalar,1,32,1,1,1,none,fraction_lut_global,ordinary/dense/scalar/x1/fraction_lut_global,16777216,0,1,16777216,16777216,8,512,256,3,2,39,4.9752960205078125,0.12757169283353365,-3268.58544921875,1
2026-08-16T15:03:54Z,NVIDIA H200 NVL,screen,normal_0_1,gemv,lns,lns4_r1,4,2,1,fp32,ordinary,dense,scalar,1,32,1,1,1,none,fraction_lut_global,ordinary/dense/scalar/x1/fraction_lut_global,16384,1024,1024,8396800,8396800,8,1024,256,3,0,41,4.9778561592102051,0.12141112583439524,-44.496929168701172,1
2026-08-16T15:03:54Z,NVIDIA H200 NVL,screen,normal_0_1,gemv,lns,lns4_r1,4,2,1,fp32,ordinary,dense,scalar,1,32,1,1,1,none,fraction_lut_global,ordinary/dense/scalar/x1/fraction_lut_global,16384,1024,1024,8396800,8396800,8,1024,256,3,1,41,4.9638400077819824,0.12106926848248738,-44.496929168701172,1
2026-08-16T15:03:54Z,NVIDIA H200 NVL,screen,normal_0_1,gemv,lns,lns4_r1,4,2,1,fp32,ordinary,dense,scalar,1,32,1,1,1,none,fraction_lut_global,ordinary/dense/scalar/x1/fraction_lut_global,16384,1024,1024,8396800,8396800,8,1024,256,3,2,41,4.9624638557434082,0.12103570379861971,-44.496929168701172,1
2026-08-16T15:03:54Z,NVIDIA H200 NVL,screen,normal_0_1,dot,lns,lns4_r1,4,2,1,fp32,ordinary,padded,scalar,1,8,1,1,1,none,fraction_lut_global,ordinary/padded/scalar/x1/fraction_lut_global,16777216,0,1,16777216,33554432,8,512,256,3,0,42,4.9583358764648438,0.1180556161063058,-3268.58544921875,1
2026-08-16T15:03:54Z,NVIDIA H200 NVL,screen,normal_0_1,dot,lns,lns4_r1,4,2,1,fp32,ordinary,padded,scalar,1,8,1,1,1,none,fraction_lut_global,ordinary/padded/scalar/x1/fraction_lut_global,16777216,0,1,16777216,33554432,8,512,256,3,1,42,4.9569602012634277,0.11802286193484351,-3268.58544921875,1
2026-08-16T15:03:54Z,NVIDIA H200 NVL,screen,normal_0_1,dot,lns,lns4_r1,4,2,1,fp32,ordinary,padded,scalar,1,8,1,1,1,none,fraction_lut_global,ordinary/padded/scalar/x1/fraction_lut_global,16777216,0,1,16777216,33554432,8,512,256,3,2,42,4.9564480781555176,0.11801066852751232,-3268.58544921875,1
2026-08-16T15:03:54Z,NVIDIA H200 NVL,screen,normal_0_1,gemv,lns,lns4_r1,4,2,1,fp32,ordinary,padded,scalar,1,8,1,1,1,none,fraction_lut_global,ordinary/padded/scalar/x1/fraction_lut_global,16384,1024,1024,8396800,16793600,8,1024,256,3,0,46,4.9347200393676758,0.10727652259494948,-44.496929168701172,1
2026-08-16T15:03:54Z,NVIDIA H200 NVL,screen,normal_0_1,gemv,lns,lns4_r1,4,2,1,fp32,ordinary,padded,scalar,1,8,1,1,1,none,fraction_lut_global,ordinary/padded/scalar/x1/fraction_lut_global,16384,1024,1024,8396800,16793600,8,1024,256,3,1,46,4.9319038391113281,0.10721530085024626,-44.496929168701172,1
2026-08-16T15:03:54Z,NVIDIA H200 NVL,screen,normal_0_1,gemv,lns,lns4_r1,4,2,1,fp32,ordinary,padded,scalar,1,8,1,1,1,none,fraction_lut_global,ordinary/padded/scalar/x1/fraction_lut_global,16384,1024,1024,8396800,16793600,8,1024,256,3,2,46,4.9244480133056641,0.10705321768055791,-44.496929168701172,1
2026-08-16T15:03:54Z,NVIDIA H200 NVL,screen,normal_0_1,dot,lns,lns4_r1,4,2,1,fp32,ordinary,dense,thread_packet,2,32,1,1,2,none,fraction_lut_global,ordinary/dense/thread_packet/x2/fraction_lut_global,16777216,0,1,16777216,16777216,8,512,256,3,0,40,4.9549441337585449,0.12387360334396362,-3268.5859375,1
2026-08-16T15:03:54Z,NVIDIA H200 NVL,screen,normal_0_1,dot,lns,lns4_r1,4,2,1,fp32,ordinary,dense,thread_packet,2,32,1,1,2,none,fraction_lut_global,ordinary/dense/thread_packet/x2/fraction_lut_global,16777216,0,1,16777216,16777216,8,512,256,3,1,40,4.9585599899291992,0.12396399974822998,-3268.5859375,1
2026-08-16T15:03:54Z,NVIDIA H200 NVL,screen,normal_0_1,dot,lns,lns4_r1,4,2,1,fp32,ordinary,dense,thread_packet,2,32,1,1,2,none,fraction_lut_global,ordinary/dense/thread_packet/x2/fraction_lut_global,16777216,0,1,16777216,16777216,8,512,256,3,2,40,4.9575037956237793,0.12393759489059449,-3268.5859375,1
2026-08-16T15:03:54Z,NVIDIA H200 NVL,screen,normal_0_1,gemv,lns,lns4_r1,4,2,1,fp32,ordinary,dense,thread_packet,2,32,1,1,2,none,fraction_lut_global,ordinary/dense/thread_packet/x2/fraction_lut_global,16384,1024,1024,8396800,8396800,8,1024,256,3,0,42,4.9589438438415527,0.11807009152003697,-44.496940612792969,1
2026-08-16T15:03:54Z,NVIDIA H200 NVL,screen,normal_0_1,gemv,lns,lns4_r1,4,2,1,fp32,ordinary,dense,thread_packet,2,32,1,1,2,none,fraction_lut_global,ordinary/dense/thread_packet/x2/fraction_lut_global,16384,1024,1024,8396800,8396800,8,1024,256,3,1,42,4.9613437652587891,0.11812723250616164,-44.496940612792969,1
2026-08-16T15:03:54Z,NVIDIA H200 NVL,screen,normal_0_1,gemv,lns,lns4_r1,4,2,1,fp32,ordinary,dense,thread_packet,2,32,1,1,2,none,fraction_lut_global,ordinary/dense/thread_packet/x2/fraction_lut_global,16384,1024,1024,8396800,8396800,8,1024,256,3,2,42,4.9615039825439453,0.11813104720342726,-44.496940612792969,1
2026-08-16T15:03:54Z,NVIDIA H200 NVL,screen,normal_0_1,dot,lns,lns4_r1,4,2,1,fp32,ordinary,dense,thread_packet,4,32,1,1,4,none,fraction_lut_global,ordinary/dense/thread_packet/x4/fraction_lut_global,16777216,0,1,16777216,16777216,8,512,256,3,0,41,5.0061120986938477,0.12210029509009385,-3268.58447265625,1
2026-08-16T15:03:54Z,NVIDIA H200 NVL,screen,normal_0_1,dot,lns,lns4_r1,4,2,1,fp32,ordinary,dense,thread_packet,4,32,1,1,4,none,fraction_lut_global,ordinary/dense/thread_packet/x4/fraction_lut_global,16777216,0,1,16777216,16777216,8,512,256,3,1,41,5.0048642158508301,0.12206985892319097,-3268.58447265625,1
2026-08-16T15:03:54Z,NVIDIA H200 NVL,screen,normal_0_1,dot,lns,lns4_r1,4,2,1,fp32,ordinary,dense,thread_packet,4,32,1,1,4,none,fraction_lut_global,ordinary/dense/thread_packet/x4/fraction_lut_global,16777216,0,1,16777216,16777216,8,512,256,3,2,41,4.994880199432373,0.12182634632761885,-3268.58447265625,1
2026-08-16T15:03:54Z,NVIDIA H200 NVL,screen,normal_0_1,gemv,lns,lns4_r1,4,2,1,fp32,ordinary,dense,thread_packet,4,32,1,1,4,none,fraction_lut_global,ordinary/dense/thread_packet/x4/fraction_lut_global,16384,1024,1024,8396800,8396800,8,1024,256,3,0,42,4.9661760330200195,0.11824228650047666,-44.496959686279297,1
2026-08-16T15:03:54Z,NVIDIA H200 NVL,screen,normal_0_1,gemv,lns,lns4_r1,4,2,1,fp32,ordinary,dense,thread_packet,4,32,1,1,4,none,fraction_lut_global,ordinary/dense/thread_packet/x4/fraction_lut_global,16384,1024,1024,8396800,8396800,8,1024,256,3,1,42,4.9659199714660645,0.11823618979681105,-44.496959686279297,1
2026-08-16T15:03:54Z,NVIDIA H200 NVL,screen,normal_0_1,gemv,lns,lns4_r1,4,2,1,fp32,ordinary,dense,thread_packet,4,32,1,1,4,none,fraction_lut_global,ordinary/dense/thread_packet/x4/fraction_lut_global,16384,1024,1024,8396800,8396800,8,1024,256,3,2,42,4.9625921249389648,0.11815695535568964,-44.496959686279297,1
2026-08-16T15:03:54Z,NVIDIA H200 NVL,screen,normal_0_1,dot,lns,lns4_r1,4,2,1,fp32,ordinary,dense,thread_packet,8,32,1,1,8,none,fraction_lut_global,ordinary/dense/thread_packet/x8/fraction_lut_global,16777216,0,1,16777216,16777216,8,512,256,3,0,44,4.9446401596069336,0.11237818544561212,-3268.58349609375,1
2026-08-16T15:03:54Z,NVIDIA H200 NVL,screen,normal_0_1,dot,lns,lns4_r1,4,2,1,fp32,ordinary,dense,thread_packet,8,32,1,1,8,none,fraction_lut_global,ordinary/dense/thread_packet/x8/fraction_lut_global,16777216,0,1,16777216,16777216,8,512,256,3,1,44,4.9389758110046387,0.11224945025010542,-3268.58349609375,1
2026-08-16T15:03:54Z,NVIDIA H200 NVL,screen,normal_0_1,dot,lns,lns4_r1,4,2,1,fp32,ordinary,dense,thread_packet,8,32,1,1,8,none,fraction_lut_global,ordinary/dense/thread_packet/x8/fraction_lut_global,16777216,0,1,16777216,16777216,8,512,256,3,2,44,4.9390721321105957,0.1122516393661499,-3268.58349609375,1
2026-08-16T15:03:54Z,NVIDIA H200 NVL,screen,normal_0_1,gemv,lns,lns4_r1,4,2,1,fp32,ordinary,dense,thread_packet,8,32,1,1,8,none,fraction_lut_global,ordinary/dense/thread_packet/x8/fraction_lut_global,16384,1024,1024,8396800,8396800,8,1024,256,3,0,43,4.9799680709838867,0.11581321095311364,-44.496940612792969,1
2026-08-16T15:03:54Z,NVIDIA H200 NVL,screen,normal_0_1,gemv,lns,lns4_r1,4,2,1,fp32,ordinary,dense,thread_packet,8,32,1,1,8,none,fraction_lut_global,ordinary/dense/thread_packet/x8/fraction_lut_global,16384,1024,1024,8396800,8396800,8,1024,256,3,1,43,4.9798078536987305,0.11580948496973792,-44.496940612792969,1
2026-08-16T15:03:54Z,NVIDIA H200 NVL,screen,normal_0_1,gemv,lns,lns4_r1,4,2,1,fp32,ordinary,dense,thread_packet,8,32,1,1,8,none,fraction_lut_global,ordinary/dense/thread_packet/x8/fraction_lut_global,16384,1024,1024,8396800,8396800,8,1024,256,3,2,43,4.9809598922729492,0.1158362765644872,-44.496940612792969,1
2026-08-16T15:03:54Z,NVIDIA H200 NVL,screen,normal_0_1,dot,lns,lns4_r1,4,2,1,fp32,ordinary,padded,thread_packet,2,8,1,1,2,none,fraction_lut_global,ordinary/padded/thread_packet/x2/fraction_lut_global,16777216,0,1,16777216,33554432,8,512,256,3,0,43,4.982367992401123,0.11586902307909588,-3268.5859375,1
2026-08-16T15:03:54Z,NVIDIA H200 NVL,screen,normal_0_1,dot,lns,lns4_r1,4,2,1,fp32,ordinary,padded,thread_packet,2,8,1,1,2,none,fraction_lut_global,ordinary/padded/thread_packet/x2/fraction_lut_global,16777216,0,1,16777216,33554432,8,512,256,3,1,43,4.9781122207641602,0.11577005164567815,-3268.5859375,1
2026-08-16T15:03:54Z,NVIDIA H200 NVL,screen,normal_0_1,dot,lns,lns4_r1,4,2,1,fp32,ordinary,padded,thread_packet,2,8,1,1,2,none,fraction_lut_global,ordinary/padded/thread_packet/x2/fraction_lut_global,16777216,0,1,16777216,33554432,8,512,256,3,2,43,4.9791040420532227,0.11579311725705169,-3268.5859375,1
2026-08-16T15:03:54Z,NVIDIA H200 NVL,screen,normal_0_1,gemv,lns,lns4_r1,4,2,1,fp32,ordinary,padded,thread_packet,2,8,1,1,2,none,fraction_lut_global,ordinary/padded/thread_packet/x2/fraction_lut_global,16384,1024,1024,8396800,16793600,8,1024,256,3,0,47,4.8846721649169922,0.10392919499823387,-44.496940612792969,1
2026-08-16T15:03:54Z,NVIDIA H200 NVL,screen,normal_0_1,gemv,lns,lns4_r1,4,2,1,fp32,ordinary,padded,thread_packet,2,8,1,1,2,none,fraction_lut_global,ordinary/padded/thread_packet/x2/fraction_lut_global,16384,1024,1024,8396800,16793600,8,1024,256,3,1,47,4.8848958015441895,0.10393395322434446,-44.496940612792969,1
2026-08-16T15:03:54Z,NVIDIA H200 NVL,screen,normal_0_1,gemv,lns,lns4_r1,4,2,1,fp32,ordinary,padded,thread_packet,2,8,1,1,2,none,fraction_lut_global,ordinary/padded/thread_packet/x2/fraction_lut_global,16384,1024,1024,8396800,16793600,8,1024,256,3,2,47,4.8830080032348633,0.10389378730286943,-44.496940612792969,1
2026-08-16T15:03:54Z,NVIDIA H200 NVL,screen,normal_0_1,dot,lns,lns4_r1,4,2,1,fp32,ordinary,padded,thread_packet,4,8,1,1,4,none,fraction_lut_global,ordinary/padded/thread_packet/x4/fraction_lut_global,16777216,0,1,16777216,33554432,8,512,256,3,0,44,4.9599041938781738,0.11272509531541304,-3268.58447265625,1
2026-08-16T15:03:54Z,NVIDIA H200 NVL,screen,normal_0_1,dot,lns,lns4_r1,4,2,1,fp32,ordinary,padded,thread_packet,4,8,1,1,4,none,fraction_lut_global,ordinary/padded/thread_packet/x4/fraction_lut_global,16777216,0,1,16777216,33554432,8,512,256,3,1,44,4.9582719802856445,0.11268799955194647,-3268.58447265625,1
2026-08-16T15:03:54Z,NVIDIA H200 NVL,screen,normal_0_1,dot,lns,lns4_r1,4,2,1,fp32,ordinary,padded,thread_packet,4,8,1,1,4,none,fraction_lut_global,ordinary/padded/thread_packet/x4/fraction_lut_global,16777216,0,1,16777216,33554432,8,512,256,3,2,44,4.9612159729003906,0.11275490847500888,-3268.58447265625,1
2026-08-16T15:03:54Z,NVIDIA H200 NVL,screen,normal_0_1,gemv,lns,lns4_r1,4,2,1,fp32,ordinary,padded,thread_packet,4,8,1,1,4,none,fraction_lut_global,ordinary/padded/thread_packet/x4/fraction_lut_global,16384,1024,1024,8396800,16793600,8,1024,256,3,0,49,4.9648637771606445,0.10132375055429887,-44.496959686279297,1
2026-08-16T15:03:54Z,NVIDIA H200 NVL,screen,normal_0_1,gemv,lns,lns4_r1,4,2,1,fp32,ordinary,padded,thread_packet,4,8,1,1,4,none,fraction_lut_global,ordinary/padded/thread_packet/x4/fraction_lut_global,16384,1024,1024,8396800,16793600,8,1024,256,3,1,49,4.9626560211181641,0.10127869430853396,-44.496959686279297,1
2026-08-16T15:03:54Z,NVIDIA H200 NVL,screen,normal_0_1,gemv,lns,lns4_r1,4,2,1,fp32,ordinary,padded,thread_packet,4,8,1,1,4,none,fraction_lut_global,ordinary/padded/thread_packet/x4/fraction_lut_global,16384,1024,1024,8396800,16793600,8,1024,256,3,2,49,4.9631681442260742,0.10128914580053212,-44.496959686279297,1
2026-08-16T15:03:54Z,NVIDIA H200 NVL,screen,normal_0_1,dot,lns,lns4_r1,4,2,1,fp32,ordinary,padded,thread_packet,8,8,1,1,8,none,fraction_lut_global,ordinary/padded/thread_packet/x8/fraction_lut_global,16777216,0,1,16777216,33554432,8,512,256,3,0,44,4.9406719207763672,0.11228799819946289,-3268.58349609375,1
2026-08-16T15:03:54Z,NVIDIA H200 NVL,screen,normal_0_1,dot,lns,lns4_r1,4,2,1,fp32,ordinary,padded,thread_packet,8,8,1,1,8,none,fraction_lut_global,ordinary/padded/thread_packet/x8/fraction_lut_global,16777216,0,1,16777216,33554432,8,512,256,3,1,44,4.9406399726867676,0.11228727210651744,-3268.58349609375,1
2026-08-16T15:03:54Z,NVIDIA H200 NVL,screen,normal_0_1,dot,lns,lns4_r1,4,2,1,fp32,ordinary,padded,thread_packet,8,8,1,1,8,none,fraction_lut_global,ordinary/padded/thread_packet/x8/fraction_lut_global,16777216,0,1,16777216,33554432,8,512,256,3,2,44,4.9375038146972656,0.11221599578857422,-3268.58349609375,1
2026-08-16T15:03:54Z,NVIDIA H200 NVL,screen,normal_0_1,gemv,lns,lns4_r1,4,2,1,fp32,ordinary,padded,thread_packet,8,8,1,1,8,none,fraction_lut_global,ordinary/padded/thread_packet/x8/fraction_lut_global,16384,1024,1024,8396800,16793600,8,1024,256,3,0,49,4.9151358604431152,0.10030889511108398,-44.496940612792969,1
2026-08-16T15:03:54Z,NVIDIA H200 NVL,screen,normal_0_1,gemv,lns,lns4_r1,4,2,1,fp32,ordinary,padded,thread_packet,8,8,1,1,8,none,fraction_lut_global,ordinary/padded/thread_packet/x8/fraction_lut_global,16384,1024,1024,8396800,16793600,8,1024,256,3,1,49,4.9148159027099609,0.10030236536142778,-44.496940612792969,1
2026-08-16T15:03:54Z,NVIDIA H200 NVL,screen,normal_0_1,gemv,lns,lns4_r1,4,2,1,fp32,ordinary,padded,thread_packet,8,8,1,1,8,none,fraction_lut_global,ordinary/padded/thread_packet/x8/fraction_lut_global,16384,1024,1024,8396800,16793600,8,1024,256,3,2,49,4.9130878448486328,0.10026709887446189,-44.496940612792969,1
2026-08-16T15:03:54Z,NVIDIA H200 NVL,screen,normal_0_1,dot,lns,lns4_r1,4,2,1,fp32,ordinary,dense,cooperative_shuffle,8,32,1,8,1,warp_shuffle,fraction_lut_global,ordinary/dense/cooperative_shuffle/x8/fraction_lut_global,16777216,0,1,16777216,16777216,8,512,256,3,0,35,4.8656959533691406,0.13901988438197543,-3268.58544921875,1
2026-08-16T15:03:54Z,NVIDIA H200 NVL,screen,normal_0_1,dot,lns,lns4_r1,4,2,1,fp32,ordinary,dense,cooperative_shuffle,8,32,1,8,1,warp_shuffle,fraction_lut_global,ordinary/dense/cooperative_shuffle/x8/fraction_lut_global,16777216,0,1,16777216,16777216,8,512,256,3,1,35,4.8605442047119141,0.13887269156319754,-3268.58544921875,1
2026-08-16T15:03:54Z,NVIDIA H200 NVL,screen,normal_0_1,dot,lns,lns4_r1,4,2,1,fp32,ordinary,dense,cooperative_shuffle,8,32,1,8,1,warp_shuffle,fraction_lut_global,ordinary/dense/cooperative_shuffle/x8/fraction_lut_global,16777216,0,1,16777216,16777216,8,512,256,3,2,35,4.8574399948120117,0.13878399985177176,-3268.58544921875,1
2026-08-16T15:03:54Z,NVIDIA H200 NVL,screen,normal_0_1,gemv,lns,lns4_r1,4,2,1,fp32,ordinary,dense,cooperative_shuffle,8,32,1,8,1,warp_shuffle,fraction_lut_global,ordinary/dense/cooperative_shuffle/x8/fraction_lut_global,16384,1024,1024,8396800,8396800,8,1024,256,3,0,41,5.0274558067321777,0.12262087333493116,-44.496929168701172,1
2026-08-16T15:03:54Z,NVIDIA H200 NVL,screen,normal_0_1,gemv,lns,lns4_r1,4,2,1,fp32,ordinary,dense,cooperative_shuffle,8,32,1,8,1,warp_shuffle,fraction_lut_global,ordinary/dense/cooperative_shuffle/x8/fraction_lut_global,16384,1024,1024,8396800,8396800,8,1024,256,3,1,41,5.0238399505615234,0.12253268172101277,-44.496929168701172,1
2026-08-16T15:03:54Z,NVIDIA H200 NVL,screen,normal_0_1,gemv,lns,lns4_r1,4,2,1,fp32,ordinary,dense,cooperative_shuffle,8,32,1,8,1,warp_shuffle,fraction_lut_global,ordinary/dense/cooperative_shuffle/x8/fraction_lut_global,16384,1024,1024,8396800,8396800,8,1024,256,3,2,41,5.0226559638977051,0.122503803997505,-44.496929168701172,1
2026-08-16T15:03:54Z,NVIDIA H200 NVL,screen,normal_0_1,dot,lns,lns4_r1,4,2,1,fp32,fused,dense,scalar,1,32,1,1,1,none,fraction_lut_global,fused/dense/scalar/x1/fraction_lut_global,16777216,0,1,16777216,16777216,8,512,256,3,0,44,4.917600154876709,0.11176363988356157,-3268.5849609375,1
2026-08-16T15:03:54Z,NVIDIA H200 NVL,screen,normal_0_1,dot,lns,lns4_r1,4,2,1,fp32,fused,dense,scalar,1,32,1,1,1,none,fraction_lut_global,fused/dense/scalar/x1/fraction_lut_global,16777216,0,1,16777216,16777216,8,512,256,3,1,44,4.9215359687805176,0.11185309019955722,-3268.5849609375,1
2026-08-16T15:03:54Z,NVIDIA H200 NVL,screen,normal_0_1,dot,lns,lns4_r1,4,2,1,fp32,fused,dense,scalar,1,32,1,1,1,none,fraction_lut_global,fused/dense/scalar/x1/fraction_lut_global,16777216,0,1,16777216,16777216,8,512,256,3,2,44,4.9166398048400879,0.11174181374636563,-3268.5849609375,1
2026-08-16T15:03:54Z,NVIDIA H200 NVL,screen,normal_0_1,gemv,lns,lns4_r1,4,2,1,fp32,fused,dense,scalar,1,32,1,1,1,none,fraction_lut_global,fused/dense/scalar/x1/fraction_lut_global,16384,1024,1024,8396800,8396800,8,1024,256,3,0,47,4.9943680763244629,0.10626315056009496,-44.496925354003906,1
2026-08-16T15:03:54Z,NVIDIA H200 NVL,screen,normal_0_1,gemv,lns,lns4_r1,4,2,1,fp32,fused,dense,scalar,1,32,1,1,1,none,fraction_lut_global,fused/dense/scalar/x1/fraction_lut_global,16384,1024,1024,8396800,8396800,8,1024,256,3,1,47,4.9946560859680176,0.10626927842485144,-44.496925354003906,1
2026-08-16T15:03:54Z,NVIDIA H200 NVL,screen,normal_0_1,gemv,lns,lns4_r1,4,2,1,fp32,fused,dense,scalar,1,32,1,1,1,none,fraction_lut_global,fused/dense/scalar/x1/fraction_lut_global,16384,1024,1024,8396800,8396800,8,1024,256,3,2,47,4.9926719665527344,0.10622706311814328,-44.496925354003906,1
2026-08-16T15:03:54Z,NVIDIA H200 NVL,screen,normal_0_1,dot,lns,lns4_r1,4,2,1,fp32,fused,padded,scalar,1,8,1,1,1,none,fraction_lut_global,fused/padded/scalar/x1/fraction_lut_global,16777216,0,1,16777216,33554432,8,512,256,3,0,49,4.9438719749450684,0.10089534642745038,-3268.5849609375,1
2026-08-16T15:03:54Z,NVIDIA H200 NVL,screen,normal_0_1,dot,lns,lns4_r1,4,2,1,fp32,fused,padded,scalar,1,8,1,1,1,none,fraction_lut_global,fused/padded/scalar/x1/fraction_lut_global,16777216,0,1,16777216,33554432,8,512,256,3,1,49,4.9433598518371582,0.1008848949354522,-3268.5849609375,1
2026-08-16T15:03:54Z,NVIDIA H200 NVL,screen,normal_0_1,dot,lns,lns4_r1,4,2,1,fp32,fused,padded,scalar,1,8,1,1,1,none,fraction_lut_global,fused/padded/scalar/x1/fraction_lut_global,16777216,0,1,16777216,33554432,8,512,256,3,2,49,4.9469118118286133,0.10095738391486966,-3268.5849609375,1
2026-08-16T15:03:54Z,NVIDIA H200 NVL,screen,normal_0_1,gemv,lns,lns4_r1,4,2,1,fp32,fused,padded,scalar,1,8,1,1,1,none,fraction_lut_global,fused/padded/scalar/x1/fraction_lut_global,16384,1024,1024,8396800,16793600,8,1024,256,3,0,53,4.883903980255127,0.09214913170292692,-44.496925354003906,1
2026-08-16T15:03:54Z,NVIDIA H200 NVL,screen,normal_0_1,gemv,lns,lns4_r1,4,2,1,fp32,fused,padded,scalar,1,8,1,1,1,none,fraction_lut_global,fused/padded/scalar/x1/fraction_lut_global,16384,1024,1024,8396800,16793600,8,1024,256,3,1,53,4.8774399757385254,0.092027169353557078,-44.496925354003906,1
2026-08-16T15:03:54Z,NVIDIA H200 NVL,screen,normal_0_1,gemv,lns,lns4_r1,4,2,1,fp32,fused,padded,scalar,1,8,1,1,1,none,fraction_lut_global,fused/padded/scalar/x1/fraction_lut_global,16384,1024,1024,8396800,16793600,8,1024,256,3,2,53,4.8783679008483887,0.092044677374497896,-44.496925354003906,1
2026-08-16T15:03:54Z,NVIDIA H200 NVL,screen,normal_0_1,dot,lns,lns4_r1,4,2,1,fp32,fused,dense,thread_packet,2,32,1,1,2,none,fraction_lut_global,fused/dense/thread_packet/x2/fraction_lut_global,16777216,0,1,16777216,16777216,8,512,256,3,0,46,4.9821438789367676,0.10830747562906017,-3268.5859375,1
2026-08-16T15:03:54Z,NVIDIA H200 NVL,screen,normal_0_1,dot,lns,lns4_r1,4,2,1,fp32,fused,dense,thread_packet,2,32,1,1,2,none,fraction_lut_global,fused/dense/thread_packet/x2/fraction_lut_global,16777216,0,1,16777216,16777216,8,512,256,3,1,46,4.9818558692932129,0.10830121454985245,-3268.5859375,1
2026-08-16T15:03:54Z,NVIDIA H200 NVL,screen,normal_0_1,dot,lns,lns4_r1,4,2,1,fp32,fused,dense,thread_packet,2,32,1,1,2,none,fraction_lut_global,fused/dense/thread_packet/x2/fraction_lut_global,16777216,0,1,16777216,16777216,8,512,256,3,2,46,4.9781761169433594,0.10822121993355129,-3268.5859375,1
2026-08-16T15:03:54Z,NVIDIA H200 NVL,screen,normal_0_1,gemv,lns,lns4_r1,4,2,1,fp32,fused,dense,thread_packet,2,32,1,1,2,none,fraction_lut_global,fused/dense/thread_packet/x2/fraction_lut_global,16384,1024,1024,8396800,8396800,8,1024,256,3,0,47,4.9024319648742676,0.10430706308243122,-44.4969482421875,1
2026-08-16T15:03:54Z,NVIDIA H200 NVL,screen,normal_0_1,gemv,lns,lns4_r1,4,2,1,fp32,fused,dense,thread_packet,2,32,1,1,2,none,fraction_lut_global,fused/dense/thread_packet/x2/fraction_lut_global,16384,1024,1024,8396800,8396800,8,1024,256,3,1,47,4.9008321762084961,0.10427302502571269,-44.4969482421875,1
2026-08-16T15:03:54Z,NVIDIA H200 NVL,screen,normal_0_1,gemv,lns,lns4_r1,4,2,1,fp32,fused,dense,thread_packet,2,32,1,1,2,none,fraction_lut_global,fused/dense/thread_packet/x2/fraction_lut_global,16384,1024,1024,8396800,8396800,8,1024,256,3,2,47,4.9034562110900879,0.10432885555510825,-44.4969482421875,1
2026-08-16T15:03:54Z,NVIDIA H200 NVL,screen,normal_0_1,dot,lns,lns4_r1,4,2,1,fp32,fused,dense,thread_packet,4,32,1,1,4,none,fraction_lut_global,fused/dense/thread_packet/x4/fraction_lut_global,16777216,0,1,16777216,16777216,8,512,256,3,0,47,4.9530878067016602,0.10538484695109915,-3268.5849609375,1
2026-08-16T15:03:54Z,NVIDIA H200 NVL,screen,normal_0_1,dot,lns,lns4_r1,4,2,1,fp32,fused,dense,thread_packet,4,32,1,1,4,none,fraction_lut_global,fused/dense/thread_packet/x4/fraction_lut_global,16777216,0,1,16777216,16777216,8,512,256,3,1,47,4.9544000625610352,0.10541276728853266,-3268.5849609375,1
2026-08-16T15:03:54Z,NVIDIA H200 NVL,screen,normal_0_1,dot,lns,lns4_r1,4,2,1,fp32,fused,dense,thread_packet,4,32,1,1,4,none,fraction_lut_global,fused/dense/thread_packet/x4/fraction_lut_global,16777216,0,1,16777216,16777216,8,512,256,3,2,47,4.9554557800292969,0.10543522936232547,-3268.5849609375,1
2026-08-16T15:03:54Z,NVIDIA H200 NVL,screen,normal_0_1,gemv,lns,lns4_r1,4,2,1,fp32,fused,dense,thread_packet,4,32,1,1,4,none,fraction_lut_global,fused/dense/thread_packet/x4/fraction_lut_global,16384,1024,1024,8396800,8396800,8,1024,256,3,0,47,4.9305601119995117,0.10490553429786195,-44.496963500976562,1
2026-08-16T15:03:54Z,NVIDIA H200 NVL,screen,normal_0_1,gemv,lns,lns4_r1,4,2,1,fp32,fused,dense,thread_packet,4,32,1,1,4,none,fraction_lut_global,fused/dense/thread_packet/x4/fraction_lut_global,16384,1024,1024,8396800,8396800,8,1024,256,3,1,47,4.9282879829406738,0.10485719112639731,-44.496963500976562,1
2026-08-16T15:03:54Z,NVIDIA H200 NVL,screen,normal_0_1,gemv,lns,lns4_r1,4,2,1,fp32,fused,dense,thread_packet,4,32,1,1,4,none,fraction_lut_global,fused/dense/thread_packet/x4/fraction_lut_global,16384,1024,1024,8396800,8396800,8,1024,256,3,2,47,4.9307518005371094,0.10490961277738531,-44.496963500976562,1
2026-08-16T15:03:54Z,NVIDIA H200 NVL,screen,normal_0_1,dot,lns,lns4_r1,4,2,1,fp32,fused,dense,thread_packet,8,32,1,1,8,none,fraction_lut_global,fused/dense/thread_packet/x8/fraction_lut_global,16777216,0,1,16777216,16777216,8,512,256,3,0,54,4.956575870513916,0.091788442046553995,-3268.58447265625,1
2026-08-16T15:03:54Z,NVIDIA H200 NVL,screen,normal_0_1,dot,lns,lns4_r1,4,2,1,fp32,fused,dense,thread_packet,8,32,1,1,8,none,fraction_lut_global,fused/dense/thread_packet/x8/fraction_lut_global,16777216,0,1,16777216,16777216,8,512,256,3,1,54,4.955967903137207,0.091777183391429762,-3268.58447265625,1
2026-08-16T15:03:54Z,NVIDIA H200 NVL,screen,normal_0_1,dot,lns,lns4_r1,4,2,1,fp32,fused,dense,thread_packet,8,32,1,1,8,none,fraction_lut_global,fused/dense/thread_packet/x8/fraction_lut_global,16777216,0,1,16777216,16777216,8,512,256,3,2,54,4.9548158645629883,0.091755849343759036,-3268.58447265625,1
2026-08-16T15:03:54Z,NVIDIA H200 NVL,screen,normal_0_1,gemv,lns,lns4_r1,4,2,1,fp32,fused,dense,thread_packet,8,32,1,1,8,none,fraction_lut_global,fused/dense/thread_packet/x8/fraction_lut_global,16384,1024,1024,8396800,8396800,8,1024,256,3,0,50,4.967616081237793,0.099352321624755865,-44.496955871582031,1
2026-08-16T15:03:54Z,NVIDIA H200 NVL,screen,normal_0_1,gemv,lns,lns4_r1,4,2,1,fp32,fused,dense,thread_packet,8,32,1,1,8,none,fraction_lut_global,fused/dense/thread_packet/x8/fraction_lut_global,16384,1024,1024,8396800,8396800,8,1024,256,3,1,50,4.9529919624328613,0.09905983924865723,-44.496955871582031,1
2026-08-16T15:03:54Z,NVIDIA H200 NVL,screen,normal_0_1,gemv,lns,lns4_r1,4,2,1,fp32,fused,dense,thread_packet,8,32,1,1,8,none,fraction_lut_global,fused/dense/thread_packet/x8/fraction_lut_global,16384,1024,1024,8396800,8396800,8,1024,256,3,2,50,4.9541759490966797,0.099083518981933599,-44.496955871582031,1
2026-08-16T15:03:54Z,NVIDIA H200 NVL,screen,normal_0_1,dot,lns,lns4_r1,4,2,1,fp32,fused,padded,thread_packet,2,8,1,1,2,none,fraction_lut_global,fused/padded/thread_packet/x2/fraction_lut_global,16777216,0,1,16777216,33554432,8,512,256,3,0,50,4.9372801780700684,0.098745603561401371,-3268.5859375,1
2026-08-16T15:03:54Z,NVIDIA H200 NVL,screen,normal_0_1,dot,lns,lns4_r1,4,2,1,fp32,fused,padded,thread_packet,2,8,1,1,2,none,fraction_lut_global,fused/padded/thread_packet/x2/fraction_lut_global,16777216,0,1,16777216,33554432,8,512,256,3,1,50,4.9289278984069824,0.098578557968139649,-3268.5859375,1
2026-08-16T15:03:54Z,NVIDIA H200 NVL,screen,normal_0_1,dot,lns,lns4_r1,4,2,1,fp32,fused,padded,thread_packet,2,8,1,1,2,none,fraction_lut_global,fused/padded/thread_packet/x2/fraction_lut_global,16777216,0,1,16777216,33554432,8,512,256,3,2,50,4.9248638153076172,0.098497276306152348,-3268.5859375,1
2026-08-16T15:03:54Z,NVIDIA H200 NVL,screen,normal_0_1,gemv,lns,lns4_r1,4,2,1,fp32,fused,padded,thread_packet,2,8,1,1,2,none,fraction_lut_global,fused/padded/thread_packet/x2/fraction_lut_global,16384,1024,1024,8396800,16793600,8,1024,256,3,0,55,4.8886399269104004,0.088884362307461828,-44.4969482421875,1
2026-08-16T15:03:54Z,NVIDIA H200 NVL,screen,normal_0_1,gemv,lns,lns4_r1,4,2,1,fp32,fused,padded,thread_packet,2,8,1,1,2,none,fraction_lut_global,fused/padded/thread_packet/x2/fraction_lut_global,16384,1024,1024,8396800,16793600,8,1024,256,3,1,55,4.8901119232177734,0.088911125876686786,-44.4969482421875,1
2026-08-16T15:03:54Z,NVIDIA H200 NVL,screen,normal_0_1,gemv,lns,lns4_r1,4,2,1,fp32,fused,padded,thread_packet,2,8,1,1,2,none,fraction_lut_global,fused/padded/thread_packet/x2/fraction_lut_global,16384,1024,1024,8396800,16793600,8,1024,256,3,2,55,4.8916478157043457,0.088939051194624461,-44.4969482421875,1
2026-08-16T15:03:54Z,NVIDIA H200 NVL,screen,normal_0_1,dot,lns,lns4_r1,4,2,1,fp32,fused,padded,thread_packet,4,8,1,1,4,none,fraction_lut_global,fused/padded/thread_packet/x4/fraction_lut_global,16777216,0,1,16777216,33554432,8,512,256,3,0,52,4.9270401000976562,0.094750771155724153,-3268.5849609375,1
2026-08-16T15:03:54Z,NVIDIA H200 NVL,screen,normal_0_1,dot,lns,lns4_r1,4,2,1,fp32,fused,padded,thread_packet,4,8,1,1,4,none,fraction_lut_global,fused/padded/thread_packet/x4/fraction_lut_global,16777216,0,1,16777216,33554432,8,512,256,3,1,52,4.9234561920166016,0.094681849846473112,-3268.5849609375,1
2026-08-16T15:03:54Z,NVIDIA H200 NVL,screen,normal_0_1,dot,lns,lns4_r1,4,2,1,fp32,fused,padded,thread_packet,4,8,1,1,4,none,fraction_lut_global,fused/padded/thread_packet/x4/fraction_lut_global,16777216,0,1,16777216,33554432,8,512,256,3,2,52,4.9254398345947266,0.094719996819129362,-3268.5849609375,1
2026-08-16T15:03:54Z,NVIDIA H200 NVL,screen,normal_0_1,gemv,lns,lns4_r1,4,2,1,fp32,fused,padded,thread_packet,4,8,1,1,4,none,fraction_lut_global,fused/padded/thread_packet/x4/fraction_lut_global,16384,1024,1024,8396800,16793600,8,1024,256,3,0,57,4.8652482032775879,0.085355231636448911,-44.496963500976562,1
2026-08-16T15:03:54Z,NVIDIA H200 NVL,screen,normal_0_1,gemv,lns,lns4_r1,4,2,1,fp32,fused,padded,thread_packet,4,8,1,1,4,none,fraction_lut_global,fused/padded/thread_packet/x4/fraction_lut_global,16384,1024,1024,8396800,16793600,8,1024,256,3,1,57,4.8639678955078125,0.085332770096628291,-44.496963500976562,1
2026-08-16T15:03:54Z,NVIDIA H200 NVL,screen,normal_0_1,gemv,lns,lns4_r1,4,2,1,fp32,fused,padded,thread_packet,4,8,1,1,4,none,fraction_lut_global,fused/padded/thread_packet/x4/fraction_lut_global,16384,1024,1024,8396800,16793600,8,1024,256,3,2,57,4.8622078895568848,0.085301892799243592,-44.496963500976562,1
2026-08-16T15:03:54Z,NVIDIA H200 NVL,screen,normal_0_1,dot,lns,lns4_r1,4,2,1,fp32,fused,padded,thread_packet,8,8,1,1,8,none,fraction_lut_global,fused/padded/thread_packet/x8/fraction_lut_global,16777216,0,1,16777216,33554432,8,512,256,3,0,52,4.8981761932373047,0.094195696023794323,-3268.58447265625,1
2026-08-16T15:03:54Z,NVIDIA H200 NVL,screen,normal_0_1,dot,lns,lns4_r1,4,2,1,fp32,fused,padded,thread_packet,8,8,1,1,8,none,fraction_lut_global,fused/padded/thread_packet/x8/fraction_lut_global,16777216,0,1,16777216,33554432,8,512,256,3,1,52,4.8906559944152832,0.094051076815678522,-3268.58447265625,1
2026-08-16T15:03:54Z,NVIDIA H200 NVL,screen,normal_0_1,dot,lns,lns4_r1,4,2,1,fp32,fused,padded,thread_packet,8,8,1,1,8,none,fraction_lut_global,fused/padded/thread_packet/x8/fraction_lut_global,16777216,0,1,16777216,33554432,8,512,256,3,2,52,4.8881278038024902,0.094002457765432507,-3268.58447265625,1
2026-08-16T15:03:54Z,NVIDIA H200 NVL,screen,normal_0_1,gemv,lns,lns4_r1,4,2,1,fp32,fused,padded,thread_packet,8,8,1,1,8,none,fraction_lut_global,fused/padded/thread_packet/x8/fraction_lut_global,16384,1024,1024,8396800,16793600,8,1024,256,3,0,57,4.8614082336425781,0.085287863748115408,-44.496955871582031,1
2026-08-16T15:03:54Z,NVIDIA H200 NVL,screen,normal_0_1,gemv,lns,lns4_r1,4,2,1,fp32,fused,padded,thread_packet,8,8,1,1,8,none,fraction_lut_global,fused/padded/thread_packet/x8/fraction_lut_global,16384,1024,1024,8396800,16793600,8,1024,256,3,1,57,4.8618240356445312,0.085295158520079489,-44.496955871582031,1
2026-08-16T15:03:54Z,NVIDIA H200 NVL,screen,normal_0_1,gemv,lns,lns4_r1,4,2,1,fp32,fused,padded,thread_packet,8,8,1,1,8,none,fraction_lut_global,fused/padded/thread_packet/x8/fraction_lut_global,16384,1024,1024,8396800,16793600,8,1024,256,3,2,57,4.8614721298217773,0.085288984733715392,-44.496955871582031,1
2026-08-16T15:03:54Z,NVIDIA H200 NVL,screen,normal_0_1,dot,lns,lns4_r1,4,2,1,fp32,fused,dense,cooperative_shuffle,8,32,1,8,1,warp_shuffle,fraction_lut_global,fused/dense/cooperative_shuffle/x8/fraction_lut_global,16777216,0,1,16777216,16777216,8,512,256,3,0,41,5.0415678024291992,0.12296506835193169,-3268.5849609375,1
2026-08-16T15:03:54Z,NVIDIA H200 NVL,screen,normal_0_1,dot,lns,lns4_r1,4,2,1,fp32,fused,dense,cooperative_shuffle,8,32,1,8,1,warp_shuffle,fraction_lut_global,fused/dense/cooperative_shuffle/x8/fraction_lut_global,16777216,0,1,16777216,16777216,8,512,256,3,1,41,5.0428481101989746,0.12299629537070669,-3268.5849609375,1
2026-08-16T15:03:54Z,NVIDIA H200 NVL,screen,normal_0_1,dot,lns,lns4_r1,4,2,1,fp32,fused,dense,cooperative_shuffle,8,32,1,8,1,warp_shuffle,fraction_lut_global,fused/dense/cooperative_shuffle/x8/fraction_lut_global,16777216,0,1,16777216,16777216,8,512,256,3,2,41,5.0431361198425293,0.12300331999615925,-3268.5849609375,1
2026-08-16T15:03:54Z,NVIDIA H200 NVL,screen,normal_0_1,gemv,lns,lns4_r1,4,2,1,fp32,fused,dense,cooperative_shuffle,8,32,1,8,1,warp_shuffle,fraction_lut_global,fused/dense/cooperative_shuffle/x8/fraction_lut_global,16384,1024,1024,8396800,8396800,8,1024,256,3,0,46,4.967616081237793,0.10799165393995203,-44.496925354003906,1
2026-08-16T15:03:54Z,NVIDIA H200 NVL,screen,normal_0_1,gemv,lns,lns4_r1,4,2,1,fp32,fused,dense,cooperative_shuffle,8,32,1,8,1,warp_shuffle,fraction_lut_global,fused/dense/cooperative_shuffle/x8/fraction_lut_global,16384,1024,1024,8396800,8396800,8,1024,256,3,1,46,4.9680957794189453,0.10800208216128142,-44.496925354003906,1
2026-08-16T15:03:54Z,NVIDIA H200 NVL,screen,normal_0_1,gemv,lns,lns4_r1,4,2,1,fp32,fused,dense,cooperative_shuffle,8,32,1,8,1,warp_shuffle,fraction_lut_global,fused/dense/cooperative_shuffle/x8/fraction_lut_global,16384,1024,1024,8396800,8396800,8,1024,256,3,2,46,4.9693760871887207,0.10802991493888524,-44.496925354003906,1
2026-08-16T15:03:54Z,NVIDIA H200 NVL,screen,normal_0_1,dot,lns,lns4_r1,4,2,1,fp32,ordinary,dense,scalar,1,32,1,1,1,none,fraction_lut_shared,ordinary/dense/scalar/x1/fraction_lut_shared,16777216,0,1,16777216,16777216,8,512,256,3,0,47,4.9846401214599609,0.10605617279702044,-3268.58544921875,1
2026-08-16T15:03:54Z,NVIDIA H200 NVL,screen,normal_0_1,dot,lns,lns4_r1,4,2,1,fp32,ordinary,dense,scalar,1,32,1,1,1,none,fraction_lut_shared,ordinary/dense/scalar/x1/fraction_lut_shared,16777216,0,1,16777216,16777216,8,512,256,3,1,47,4.9766077995300293,0.10588527233042616,-3268.58544921875,1
2026-08-16T15:03:54Z,NVIDIA H200 NVL,screen,normal_0_1,dot,lns,lns4_r1,4,2,1,fp32,ordinary,dense,scalar,1,32,1,1,1,none,fraction_lut_shared,ordinary/dense/scalar/x1/fraction_lut_shared,16777216,0,1,16777216,16777216,8,512,256,3,2,47,4.9769282341003418,0.10589209008724132,-3268.58544921875,1
2026-08-16T15:03:54Z,NVIDIA H200 NVL,screen,normal_0_1,gemv,lns,lns4_r1,4,2,1,fp32,ordinary,dense,scalar,1,32,1,1,1,none,fraction_lut_shared,ordinary/dense/scalar/x1/fraction_lut_shared,16384,1024,1024,8396800,8396800,8,1024,256,3,0,48,4.9363198280334473,0.10283999641736348,-44.496929168701172,1
2026-08-16T15:03:54Z,NVIDIA H200 NVL,screen,normal_0_1,gemv,lns,lns4_r1,4,2,1,fp32,ordinary,dense,scalar,1,32,1,1,1,none,fraction_lut_shared,ordinary/dense/scalar/x1/fraction_lut_shared,16384,1024,1024,8396800,8396800,8,1024,256,3,1,48,4.9650559425354004,0.1034386654694875,-44.496929168701172,1
2026-08-16T15:03:54Z,NVIDIA H200 NVL,screen,normal_0_1,gemv,lns,lns4_r1,4,2,1,fp32,ordinary,dense,scalar,1,32,1,1,1,none,fraction_lut_shared,ordinary/dense/scalar/x1/fraction_lut_shared,16384,1024,1024,8396800,8396800,8,1024,256,3,2,48,4.9467201232910156,0.10305666923522949,-44.496929168701172,1
2026-08-16T15:03:54Z,NVIDIA H200 NVL,screen,normal_0_1,dot,lns,lns4_r1,4,2,1,fp32,ordinary,padded,scalar,1,8,1,1,1,none,fraction_lut_shared,ordinary/padded/scalar/x1/fraction_lut_shared,16777216,0,1,16777216,33554432,8,512,256,3,0,50,4.93939208984375,0.098787841796874998,-3268.58544921875,1
2026-08-16T15:03:54Z,NVIDIA H200 NVL,screen,normal_0_1,dot,lns,lns4_r1,4,2,1,fp32,ordinary,padded,scalar,1,8,1,1,1,none,fraction_lut_shared,ordinary/padded/scalar/x1/fraction_lut_shared,16777216,0,1,16777216,33554432,8,512,256,3,1,50,4.9277758598327637,0.098555517196655271,-3268.58544921875,1
2026-08-16T15:03:54Z,NVIDIA H200 NVL,screen,normal_0_1,dot,lns,lns4_r1,4,2,1,fp32,ordinary,padded,scalar,1,8,1,1,1,none,fraction_lut_shared,ordinary/padded/scalar/x1/fraction_lut_shared,16777216,0,1,16777216,33554432,8,512,256,3,2,50,4.927584171295166,0.098551683425903314,-3268.58544921875,1
2026-08-16T15:03:54Z,NVIDIA H200 NVL,screen,normal_0_1,gemv,lns,lns4_r1,4,2,1,fp32,ordinary,padded,scalar,1,8,1,1,1,none,fraction_lut_shared,ordinary/padded/scalar/x1/fraction_lut_shared,16384,1024,1024,8396800,16793600,8,1024,256,3,0,55,4.8899521827697754,0.088908221504905002,-44.496929168701172,1
2026-08-16T15:03:54Z,NVIDIA H200 NVL,screen,normal_0_1,gemv,lns,lns4_r1,4,2,1,fp32,ordinary,padded,scalar,1,8,1,1,1,none,fraction_lut_shared,ordinary/padded/scalar/x1/fraction_lut_shared,16384,1024,1024,8396800,16793600,8,1024,256,3,1,55,4.888671875,0.08888494318181818,-44.496929168701172,1
2026-08-16T15:03:54Z,NVIDIA H200 NVL,screen,normal_0_1,gemv,lns,lns4_r1,4,2,1,fp32,ordinary,padded,scalar,1,8,1,1,1,none,fraction_lut_shared,ordinary/padded/scalar/x1/fraction_lut_shared,16384,1024,1024,8396800,16793600,8,1024,256,3,2,55,4.8950719833374023,0.089001308787952774,-44.496929168701172,1
2026-08-16T15:03:54Z,NVIDIA H200 NVL,screen,normal_0_1,dot,lns,lns4_r1,4,2,1,fp32,ordinary,dense,thread_packet,2,32,1,1,2,none,fraction_lut_shared,ordinary/dense/thread_packet/x2/fraction_lut_shared,16777216,0,1,16777216,16777216,8,512,256,3,0,46,4.9431362152099609,0.10745948293934697,-3268.5859375,1
2026-08-16T15:03:54Z,NVIDIA H200 NVL,screen,normal_0_1,dot,lns,lns4_r1,4,2,1,fp32,ordinary,dense,thread_packet,2,32,1,1,2,none,fraction_lut_shared,ordinary/dense/thread_packet/x2/fraction_lut_shared,16777216,0,1,16777216,16777216,8,512,256,3,1,46,4.932960033416748,0.10723826159601627,-3268.5859375,1
2026-08-16T15:03:54Z,NVIDIA H200 NVL,screen,normal_0_1,dot,lns,lns4_r1,4,2,1,fp32,ordinary,dense,thread_packet,2,32,1,1,2,none,fraction_lut_shared,ordinary/dense/thread_packet/x2/fraction_lut_shared,16777216,0,1,16777216,16777216,8,512,256,3,2,46,4.9328641891479492,0.10723617802495541,-3268.5859375,1
2026-08-16T15:03:54Z,NVIDIA H200 NVL,screen,normal_0_1,gemv,lns,lns4_r1,4,2,1,fp32,ordinary,dense,thread_packet,2,32,1,1,2,none,fraction_lut_shared,ordinary/dense/thread_packet/x2/fraction_lut_shared,16384,1024,1024,8396800,8396800,8,1024,256,3,0,49,4.9409599304199219,0.10083591694734534,-44.496940612792969,1
2026-08-16T15:03:54Z,NVIDIA H200 NVL,screen,normal_0_1,gemv,lns,lns4_r1,4,2,1,fp32,ordinary,dense,thread_packet,2,32,1,1,2,none,fraction_lut_shared,ordinary/dense/thread_packet/x2/fraction_lut_shared,16384,1024,1024,8396800,8396800,8,1024,256,3,1,49,4.9388480186462402,0.10079281670706612,-44.496940612792969,1
2026-08-16T15:03:54Z,NVIDIA H200 NVL,screen,normal_0_1,gemv,lns,lns4_r1,4,2,1,fp32,ordinary,dense,thread_packet,2,32,1,1,2,none,fraction_lut_shared,ordinary/dense/thread_packet/x2/fraction_lut_shared,16384,1024,1024,8396800,8396800,8,1024,256,3,2,49,4.9369921684265137,0.100754942212786,-44.496940612792969,1
2026-08-16T15:03:54Z,NVIDIA H200 NVL,screen,normal_0_1,dot,lns,lns4_r1,4,2,1,fp32,ordinary,dense,thread_packet,4,32,1,1,4,none,fraction_lut_shared,ordinary/dense/thread_packet/x4/fraction_lut_shared,16777216,0,1,16777216,16777216,8,512,256,3,0,47,4.9898881912231445,0.10616783385581159,-3268.58447265625,1
2026-08-16T15:03:54Z,NVIDIA H200 NVL,screen,normal_0_1,dot,lns,lns4_r1,4,2,1,fp32,ordinary,dense,thread_packet,4,32,1,1,4,none,fraction_lut_shared,ordinary/dense/thread_packet/x4/fraction_lut_shared,16777216,0,1,16777216,16777216,8,512,256,3,1,47,4.988959789276123,0.10614808062289624,-3268.58447265625,1
2026-08-16T15:03:54Z,NVIDIA H200 NVL,screen,normal_0_1,dot,lns,lns4_r1,4,2,1,fp32,ordinary,dense,thread_packet,4,32,1,1,4,none,fraction_lut_shared,ordinary/dense/thread_packet/x4/fraction_lut_shared,16777216,0,1,16777216,16777216,8,512,256,3,2,47,4.9895682334899902,0.10616102624446788,-3268.58447265625,1
2026-08-16T15:03:54Z,NVIDIA H200 NVL,screen,normal_0_1,gemv,lns,lns4_r1,4,2,1,fp32,ordinary,dense,thread_packet,4,32,1,1,4,none,fraction_lut_shared,ordinary/dense/thread_packet/x4/fraction_lut_shared,16384,1024,1024,8396800,8396800,8,1024,256,3,0,49,4.9431681632995605,0.10088098292448083,-44.496959686279297,1
2026-08-16T15:03:54Z,NVIDIA H200 NVL,screen,normal_0_1,gemv,lns,lns4_r1,4,2,1,fp32,ordinary,dense,thread_packet,4,32,1,1,4,none,fraction_lut_shared,ordinary/dense/thread_packet/x4/fraction_lut_shared,16384,1024,1024,8396800,8396800,8,1024,256,3,1,49,4.9427838325500488,0.10087313943979692,-44.496959686279297,1
2026-08-16T15:03:54Z,NVIDIA H200 NVL,screen,normal_0_1,gemv,lns,lns4_r1,4,2,1,fp32,ordinary,dense,thread_packet,4,32,1,1,4,none,fraction_lut_shared,ordinary/dense/thread_packet/x4/fraction_lut_shared,16384,1024,1024,8396800,8396800,8,1024,256,3,2,49,4.9430079460144043,0.10087771318396743,-44.496959686279297,1
2026-08-16T15:03:54Z,NVIDIA H200 NVL,screen,normal_0_1,dot,lns,lns4_r1,4,2,1,fp32,ordinary,dense,thread_packet,8,32,1,1,8,none,fraction_lut_shared,ordinary/dense/thread_packet/x8/fraction_lut_shared,16777216,0,1,16777216,16777216,8,512,256,3,0,50,4.907872200012207,0.098157444000244135,-3268.58349609375,1
2026-08-16T15:03:54Z,NVIDIA H200 NVL,screen,normal_0_1,dot,lns,lns4_r1,4,2,1,fp32,ordinary,dense,thread_packet,8,32,1,1,8,none,fraction_lut_shared,ordinary/dense/thread_packet/x8/fraction_lut_shared,16777216,0,1,16777216,16777216,8,512,256,3,1,50,4.9097919464111328,0.098195838928222659,-3268.58349609375,1
2026-08-16T15:03:54Z,NVIDIA H200 NVL,screen,normal_0_1,dot,lns,lns4_r1,4,2,1,fp32,ordinary,dense,thread_packet,8,32,1,1,8,none,fraction_lut_shared,ordinary/dense/thread_packet/x8/fraction_lut_shared,16777216,0,1,16777216,16777216,8,512,256,3,2,50,4.911168098449707,0.098223361968994144,-3268.58349609375,1
2026-08-16T15:03:54Z,NVIDIA H200 NVL,screen,normal_0_1,gemv,lns,lns4_r1,4,2,1,fp32,ordinary,dense,thread_packet,8,32,1,1,8,none,fraction_lut_shared,ordinary/dense/thread_packet/x8/fraction_lut_shared,16384,1024,1024,8396800,8396800,8,1024,256,3,0,48,4.8849601745605469,0.10177000363667806,-44.496940612792969,1
2026-08-16T15:03:54Z,NVIDIA H200 NVL,screen,normal_0_1,gemv,lns,lns4_r1,4,2,1,fp32,ordinary,dense,thread_packet,8,32,1,1,8,none,fraction_lut_shared,ordinary/dense/thread_packet/x8/fraction_lut_shared,16384,1024,1024,8396800,8396800,8,1024,256,3,1,48,4.8855681419372559,0.10178266962369283,-44.496940612792969,1
2026-08-16T15:03:54Z,NVIDIA H200 NVL,screen,normal_0_1,gemv,lns,lns4_r1,4,2,1,fp32,ordinary,dense,thread_packet,8,32,1,1,8,none,fraction_lut_shared,ordinary/dense/thread_packet/x8/fraction_lut_shared,16384,1024,1024,8396800,8396800,8,1024,256,3,2,48,4.8841280937194824,0.10175266861915588,-44.496940612792969,1
2026-08-16T15:03:54Z,NVIDIA H200 NVL,screen,normal_0_1,dot,lns,lns4_r1,4,2,1,fp32,ordinary,padded,thread_packet,2,8,1,1,2,none,fraction_lut_shared,ordinary/padded/thread_packet/x2/fraction_lut_shared,16777216,0,1,16777216,33554432,8,512,256,3,0,51,4.8987841606140137,0.096054591384588509,-3268.5859375,1
2026-08-16T15:03:54Z,NVIDIA H200 NVL,screen,normal_0_1,dot,lns,lns4_r1,4,2,1,fp32,ordinary,padded,thread_packet,2,8,1,1,2,none,fraction_lut_shared,ordinary/padded/thread_packet/x2/fraction_lut_shared,16777216,0,1,16777216,33554432,8,512,256,3,1,51,4.8966717720031738,0.096013172000062236,-3268.5859375,1
2026-08-16T15:03:54Z,NVIDIA H200 NVL,screen,normal_0_1,dot,lns,lns4_r1,4,2,1,fp32,ordinary,padded,thread_packet,2,8,1,1,2,none,fraction_lut_shared,ordinary/padded/thread_packet/x2/fraction_lut_shared,16777216,0,1,16777216,33554432,8,512,256,3,2,51,4.9064640998840332,0.096205178429098689,-3268.5859375,1
2026-08-16T15:03:54Z,NVIDIA H200 NVL,screen,normal_0_1,gemv,lns,lns4_r1,4,2,1,fp32,ordinary,padded,thread_packet,2,8,1,1,2,none,fraction_lut_shared,ordinary/padded/thread_packet/x2/fraction_lut_shared,16384,1024,1024,8396800,16793600,8,1024,256,3,0,57,4.9245758056640625,0.086396066766036186,-44.496940612792969,1
2026-08-16T15:03:54Z,NVIDIA H200 NVL,screen,normal_0_1,gemv,lns,lns4_r1,4,2,1,fp32,ordinary,padded,thread_packet,2,8,1,1,2,none,fraction_lut_shared,ordinary/padded/thread_packet/x2/fraction_lut_shared,16384,1024,1024,8396800,16793600,8,1024,256,3,1,57,4.922368049621582,0.086357334203887401,-44.496940612792969,1
2026-08-16T15:03:54Z,NVIDIA H200 NVL,screen,normal_0_1,gemv,lns,lns4_r1,4,2,1,fp32,ordinary,padded,thread_packet,2,8,1,1,2,none,fraction_lut_shared,ordinary/padded/thread_packet/x2/fraction_lut_shared,16384,1024,1024,8396800,16793600,8,1024,256,3,2,57,4.9220800399780273,0.086352281403123288,-44.496940612792969,1
2026-08-16T15:03:54Z,NVIDIA H200 NVL,screen,normal_0_1,dot,lns,lns4_r1,4,2,1,fp32,ordinary,padded,thread_packet,4,8,1,1,4,none,fraction_lut_shared,ordinary/padded/thread_packet/x4/fraction_lut_shared,16777216,0,1,16777216,33554432,8,512,256,3,0,53,4.9445438385009766,0.093293279971716533,-3268.58447265625,1
2026-08-16T15:03:54Z,NVIDIA H200 NVL,screen,normal_0_1,dot,lns,lns4_r1,4,2,1,fp32,ordinary,padded,thread_packet,4,8,1,1,4,none,fraction_lut_shared,ordinary/padded/thread_packet/x4/fraction_lut_shared,16777216,0,1,16777216,33554432,8,512,256,3,1,53,4.9461441040039062,0.093323473660451059,-3268.58447265625,1
2026-08-16T15:03:54Z,NVIDIA H200 NVL,screen,normal_0_1,dot,lns,lns4_r1,4,2,1,fp32,ordinary,padded,thread_packet,4,8,1,1,4,none,fraction_lut_shared,ordinary/padded/thread_packet/x4/fraction_lut_shared,16777216,0,1,16777216,33554432,8,512,256,3,2,53,4.9444160461425781,0.093290868795142978,-3268.58447265625,1
2026-08-16T15:03:54Z,NVIDIA H200 NVL,screen,normal_0_1,gemv,lns,lns4_r1,4,2,1,fp32,ordinary,padded,thread_packet,4,8,1,1,4,none,fraction_lut_shared,ordinary/padded/thread_packet/x4/fraction_lut_shared,16384,1024,1024,8396800,16793600,8,1024,256,3,0,58,4.8616957664489746,0.083822340800844386,-44.496959686279297,1
2026-08-16T15:03:54Z,NVIDIA H200 NVL,screen,normal_0_1,gemv,lns,lns4_r1,4,2,1,fp32,ordinary,padded,thread_packet,4,8,1,1,4,none,fraction_lut_shared,ordinary/padded/thread_packet/x4/fraction_lut_shared,16384,1024,1024,8396800,16793600,8,1024,256,3,1,58,4.860447883605957,0.083800825579413055,-44.496959686279297,1
2026-08-16T15:03:54Z,NVIDIA H200 NVL,screen,normal_0_1,gemv,lns,lns4_r1,4,2,1,fp32,ordinary,padded,thread_packet,4,8,1,1,4,none,fraction_lut_shared,ordinary/padded/thread_packet/x4/fraction_lut_shared,16384,1024,1024,8396800,16793600,8,1024,256,3,2,58,4.8583998680114746,0.083765514965715077,-44.496959686279297,1
2026-08-16T15:03:54Z,NVIDIA H200 NVL,screen,normal_0_1,dot,lns,lns4_r1,4,2,1,fp32,ordinary,padded,thread_packet,8,8,1,1,8,none,fraction_lut_shared,ordinary/padded/thread_packet/x8/fraction_lut_shared,16777216,0,1,16777216,33554432,8,512,256,3,0,52,4.8940801620483398,0.094116926193237305,-3268.58349609375,1
2026-08-16T15:03:54Z,NVIDIA H200 NVL,screen,normal_0_1,dot,lns,lns4_r1,4,2,1,fp32,ordinary,padded,thread_packet,8,8,1,1,8,none,fraction_lut_shared,ordinary/padded/thread_packet/x8/fraction_lut_shared,16777216,0,1,16777216,33554432,8,512,256,3,1,52,4.8969278335571289,0.094171689106867865,-3268.58349609375,1
2026-08-16T15:03:54Z,NVIDIA H200 NVL,screen,normal_0_1,dot,lns,lns4_r1,4,2,1,fp32,ordinary,padded,thread_packet,8,8,1,1,8,none,fraction_lut_shared,ordinary/padded/thread_packet/x8/fraction_lut_shared,16777216,0,1,16777216,33554432,8,512,256,3,2,52,4.8973441123962402,0.09417969446915847,-3268.58349609375,1
2026-08-16T15:03:54Z,NVIDIA H200 NVL,screen,normal_0_1,gemv,lns,lns4_r1,4,2,1,fp32,ordinary,padded,thread_packet,8,8,1,1,8,none,fraction_lut_shared,ordinary/padded/thread_packet/x8/fraction_lut_shared,16384,1024,1024,8396800,16793600,8,1024,256,3,0,59,4.9150400161743164,0.083305762986005366,-44.496940612792969,1
2026-08-16T15:03:54Z,NVIDIA H200 NVL,screen,normal_0_1,gemv,lns,lns4_r1,4,2,1,fp32,ordinary,padded,thread_packet,8,8,1,1,8,none,fraction_lut_shared,ordinary/padded/thread_packet/x8/fraction_lut_shared,16384,1024,1024,8396800,16793600,8,1024,256,3,1,59,4.9113922119140625,0.083243935795153601,-44.496940612792969,1
2026-08-16T15:03:54Z,NVIDIA H200 NVL,screen,normal_0_1,gemv,lns,lns4_r1,4,2,1,fp32,ordinary,padded,thread_packet,8,8,1,1,8,none,fraction_lut_shared,ordinary/padded/thread_packet/x8/fraction_lut_shared,16384,1024,1024,8396800,16793600,8,1024,256,3,2,59,4.9131522178649902,0.083273766404491356,-44.496940612792969,1
2026-08-16T15:03:54Z,NVIDIA H200 NVL,screen,normal_0_1,dot,lns,lns4_r1,4,2,1,fp32,ordinary,dense,cooperative_shuffle,8,32,1,8,1,warp_shuffle,fraction_lut_shared,ordinary/dense/cooperative_shuffle/x8/fraction_lut_shared,16777216,0,1,16777216,16777216,8,512,256,3,0,41,4.9933438301086426,0.12178887390508884,-3268.58544921875,1
2026-08-16T15:03:54Z,NVIDIA H200 NVL,screen,normal_0_1,dot,lns,lns4_r1,4,2,1,fp32,ordinary,dense,cooperative_shuffle,8,32,1,8,1,warp_shuffle,fraction_lut_shared,ordinary/dense/cooperative_shuffle/x8/fraction_lut_shared,16777216,0,1,16777216,16777216,8,512,256,3,1,41,4.9933757781982422,0.1217896531267864,-3268.58544921875,1
2026-08-16T15:03:54Z,NVIDIA H200 NVL,screen,normal_0_1,dot,lns,lns4_r1,4,2,1,fp32,ordinary,dense,cooperative_shuffle,8,32,1,8,1,warp_shuffle,fraction_lut_shared,ordinary/dense/cooperative_shuffle/x8/fraction_lut_shared,16777216,0,1,16777216,16777216,8,512,256,3,2,41,4.9923520088195801,0.12176468314194097,-3268.58544921875,1
2026-08-16T15:03:54Z,NVIDIA H200 NVL,screen,normal_0_1,gemv,lns,lns4_r1,4,2,1,fp32,ordinary,dense,cooperative_shuffle,8,32,1,8,1,warp_shuffle,fraction_lut_shared,ordinary/dense/cooperative_shuffle/x8/fraction_lut_shared,16384,1024,1024,8396800,8396800,8,1024,256,3,0,46,4.9666237831115723,0.10797008224155592,-44.496929168701172,1
2026-08-16T15:03:54Z,NVIDIA H200 NVL,screen,normal_0_1,gemv,lns,lns4_r1,4,2,1,fp32,ordinary,dense,cooperative_shuffle,8,32,1,8,1,warp_shuffle,fraction_lut_shared,ordinary/dense/cooperative_shuffle/x8/fraction_lut_shared,16384,1024,1024,8396800,8396800,8,1024,256,3,1,46,4.9681921005249023,0.10800417609836745,-44.496929168701172,1
2026-08-16T15:03:54Z,NVIDIA H200 NVL,screen,normal_0_1,gemv,lns,lns4_r1,4,2,1,fp32,ordinary,dense,cooperative_shuffle,8,32,1,8,1,warp_shuffle,fraction_lut_shared,ordinary/dense/cooperative_shuffle/x8/fraction_lut_shared,16384,1024,1024,8396800,8396800,8,1024,256,3,2,46,4.966911792755127,0.10797634332076363,-44.496929168701172,1
2026-08-16T15:03:54Z,NVIDIA H200 NVL,screen,normal_0_1,dot,lns,lns4_r1,4,2,1,fp32,fused,dense,scalar,1,32,1,1,1,none,fraction_lut_shared,fused/dense/scalar/x1/fraction_lut_shared,16777216,0,1,16777216,16777216,8,512,256,3,0,48,4.9617280960083008,0.10336933533350627,-3268.5849609375,1
2026-08-16T15:03:54Z,NVIDIA H200 NVL,screen,normal_0_1,dot,lns,lns4_r1,4,2,1,fp32,fused,dense,scalar,1,32,1,1,1,none,fraction_lut_shared,fused/dense/scalar/x1/fraction_lut_shared,16777216,0,1,16777216,16777216,8,512,256,3,1,48,4.9654722213745117,0.10344733794530232,-3268.5849609375,1
2026-08-16T15:03:54Z,NVIDIA H200 NVL,screen,normal_0_1,dot,lns,lns4_r1,4,2,1,fp32,fused,dense,scalar,1,32,1,1,1,none,fraction_lut_shared,fused/dense/scalar/x1/fraction_lut_shared,16777216,0,1,16777216,16777216,8,512,256,3,2,48,4.963263988494873,0.10340133309364319,-3268.5849609375,1
2026-08-16T15:03:54Z,NVIDIA H200 NVL,screen,normal_0_1,gemv,lns,lns4_r1,4,2,1,fp32,fused,dense,scalar,1,32,1,1,1,none,fraction_lut_shared,fused/dense/scalar/x1/fraction_lut_shared,16384,1024,1024,8396800,8396800,8,1024,256,3,0,49,4.9054718017578125,0.10011166942362883,-44.496925354003906,1
2026-08-16T15:03:54Z,NVIDIA H200 NVL,screen,normal_0_1,gemv,lns,lns4_r1,4,2,1,fp32,fused,dense,scalar,1,32,1,1,1,none,fraction_lut_shared,fused/dense/scalar/x1/fraction_lut_shared,16384,1024,1024,8396800,8396800,8,1024,256,3,1,49,4.9059839248657227,0.100122120915627,-44.496925354003906,1
2026-08-16T15:03:54Z,NVIDIA H200 NVL,screen,normal_0_1,gemv,lns,lns4_r1,4,2,1,fp32,fused,dense,scalar,1,32,1,1,1,none,fraction_lut_shared,fused/dense/scalar/x1/fraction_lut_shared,16384,1024,1024,8396800,8396800,8,1024,256,3,2,49,4.9044480323791504,0.10009077617100307,-44.496925354003906,1
2026-08-16T15:03:54Z,NVIDIA H200 NVL,screen,normal_0_1,dot,lns,lns4_r1,4,2,1,fp32,fused,padded,scalar,1,8,1,1,1,none,fraction_lut_shared,fused/padded/scalar/x1/fraction_lut_shared,16777216,0,1,16777216,33554432,8,512,256,3,0,53,4.9237442016601562,0.092900833993587853,-3268.5849609375,1
2026-08-16T15:03:54Z,NVIDIA H200 NVL,screen,normal_0_1,dot,lns,lns4_r1,4,2,1,fp32,fused,padded,scalar,1,8,1,1,1,none,fraction_lut_shared,fused/padded/scalar/x1/fraction_lut_shared,16777216,0,1,16777216,33554432,8,512,256,3,1,53,4.9262399673461914,0.092947923912192296,-3268.5849609375,1
2026-08-16T15:03:54Z,NVIDIA H200 NVL,screen,normal_0_1,dot,lns,lns4_r1,4,2,1,fp32,fused,padded,scalar,1,8,1,1,1,none,fraction_lut_shared,fused/padded/scalar/x1/fraction_lut_shared,16777216,0,1,16777216,33554432,8,512,256,3,2,53,4.9218878746032715,0.092865808954778709,-3268.5849609375,1
2026-08-16T15:03:54Z,NVIDIA H200 NVL,screen,normal_0_1,gemv,lns,lns4_r1,4,2,1,fp32,fused,padded,scalar,1,8,1,1,1,none,fraction_lut_shared,fused/padded/scalar/x1/fraction_lut_shared,16384,1024,1024,8396800,16793600,8,1024,256,3,0,59,4.8906240463256836,0.082891932988570907,-44.496925354003906,1
2026-08-16T15:03:54Z,NVIDIA H200 NVL,screen,normal_0_1,gemv,lns,lns4_r1,4,2,1,fp32,fused,padded,scalar,1,8,1,1,1,none,fraction_lut_shared,fused/padded/scalar/x1/fraction_lut_shared,16384,1024,1024,8396800,16793600,8,1024,256,3,1,59,4.8905282020568848,0.082890308509438723,-44.496925354003906,1
2026-08-16T15:03:54Z,NVIDIA H200 NVL,screen,normal_0_1,gemv,lns,lns4_r1,4,2,1,fp32,fused,padded,scalar,1,8,1,1,1,none,fraction_lut_shared,fused/padded/scalar/x1/fraction_lut_shared,16384,1024,1024,8396800,16793600,8,1024,256,3,2,59,4.8896641731262207,0.082875663951291881,-44.496925354003906,1
2026-08-16T15:03:54Z,NVIDIA H200 NVL,screen,normal_0_1,dot,lns,lns4_r1,4,2,1,fp32,fused,dense,thread_packet,2,32,1,1,2,none,fraction_lut_shared,fused/dense/thread_packet/x2/fraction_lut_shared,16777216,0,1,16777216,16777216,8,512,256,3,0,48,4.8658881187438965,0.10137266914049785,-3268.5859375,1
2026-08-16T15:03:54Z,NVIDIA H200 NVL,screen,normal_0_1,dot,lns,lns4_r1,4,2,1,fp32,fused,dense,thread_packet,2,32,1,1,2,none,fraction_lut_shared,fused/dense/thread_packet/x2/fraction_lut_shared,16777216,0,1,16777216,16777216,8,512,256,3,1,48,4.8678398132324219,0.10141332944234212,-3268.5859375,1
2026-08-16T15:03:54Z,NVIDIA H200 NVL,screen,normal_0_1,dot,lns,lns4_r1,4,2,1,fp32,fused,dense,thread_packet,2,32,1,1,2,none,fraction_lut_shared,fused/dense/thread_packet/x2/fraction_lut_shared,16777216,0,1,16777216,16777216,8,512,256,3,2,48,4.8684477806091309,0.10142599542935689,-3268.5859375,1
2026-08-16T15:03:54Z,NVIDIA H200 NVL,screen,normal_0_1,gemv,lns,lns4_r1,4,2,1,fp32,fused,dense,thread_packet,2,32,1,1,2,none,fraction_lut_shared,fused/dense/thread_packet/x2/fraction_lut_shared,16384,1024,1024,8396800,8396800,8,1024,256,3,0,50,4.9061121940612793,0.09812224388122559,-44.4969482421875,1
2026-08-16T15:03:54Z,NVIDIA H200 NVL,screen,normal_0_1,gemv,lns,lns4_r1,4,2,1,fp32,fused,dense,thread_packet,2,32,1,1,2,none,fraction_lut_shared,fused/dense/thread_packet/x2/fraction_lut_shared,16384,1024,1024,8396800,8396800,8,1024,256,3,1,50,4.903872013092041,0.098077440261840815,-44.4969482421875,1
2026-08-16T15:03:54Z,NVIDIA H200 NVL,screen,normal_0_1,gemv,lns,lns4_r1,4,2,1,fp32,fused,dense,thread_packet,2,32,1,1,2,none,fraction_lut_shared,fused/dense/thread_packet/x2/fraction_lut_shared,16384,1024,1024,8396800,8396800,8,1024,256,3,2,50,4.9030718803405762,0.098061437606811519,-44.4969482421875,1
2026-08-16T15:03:54Z,NVIDIA H200 NVL,screen,normal_0_1,dot,lns,lns4_r1,4,2,1,fp32,fused,dense,thread_packet,4,32,1,1,4,none,fraction_lut_shared,fused/dense/thread_packet/x4/fraction_lut_shared,16777216,0,1,16777216,16777216,8,512,256,3,0,50,4.9571518898010254,0.099143037796020503,-3268.5849609375,1
2026-08-16T15:03:54Z,NVIDIA H200 NVL,screen,normal_0_1,dot,lns,lns4_r1,4,2,1,fp32,fused,dense,thread_packet,4,32,1,1,4,none,fraction_lut_shared,fused/dense/thread_packet/x4/fraction_lut_shared,16777216,0,1,16777216,16777216,8,512,256,3,1,50,4.9566397666931152,0.099132795333862309,-3268.5849609375,1
2026-08-16T15:03:54Z,NVIDIA H200 NVL,screen,normal_0_1,dot,lns,lns4_r1,4,2,1,fp32,fused,dense,thread_packet,4,32,1,1,4,none,fraction_lut_shared,fused/dense/thread_packet/x4/fraction_lut_shared,16777216,0,1,16777216,16777216,8,512,256,3,2,50,4.9729280471801758,0.099458560943603516,-3268.5849609375,1
2026-08-16T15:03:54Z,NVIDIA H200 NVL,screen,normal_0_1,gemv,lns,lns4_r1,4,2,1,fp32,fused,dense,thread_packet,4,32,1,1,4,none,fraction_lut_shared,fused/dense/thread_packet/x4/fraction_lut_shared,16384,1024,1024,8396800,8396800,8,1024,256,3,0,49,4.8148798942565918,0.09826285498482841,-44.496963500976562,1
2026-08-16T15:03:54Z,NVIDIA H200 NVL,screen,normal_0_1,gemv,lns,lns4_r1,4,2,1,fp32,fused,dense,thread_packet,4,32,1,1,4,none,fraction_lut_shared,fused/dense/thread_packet/x4/fraction_lut_shared,16384,1024,1024,8396800,8396800,8,1024,256,3,1,49,4.8129281997680664,0.098223024485062579,-44.496963500976562,1
2026-08-16T15:03:54Z,NVIDIA H200 NVL,screen,normal_0_1,gemv,lns,lns4_r1,4,2,1,fp32,fused,dense,thread_packet,4,32,1,1,4,none,fraction_lut_shared,fused/dense/thread_packet/x4/fraction_lut_shared,16384,1024,1024,8396800,8396800,8,1024,256,3,2,49,4.8150081634521484,0.098265472723513228,-44.496963500976562,1
2026-08-16T15:03:54Z,NVIDIA H200 NVL,screen,normal_0_1,dot,lns,lns4_r1,4,2,1,fp32,fused,dense,thread_packet,8,32,1,1,8,none,fraction_lut_shared,fused/dense/thread_packet/x8/fraction_lut_shared,16777216,0,1,16777216,16777216,8,512,256,3,0,58,4.9314241409301758,0.085024554153968548,-3268.58447265625,1
2026-08-16T15:03:54Z,NVIDIA H200 NVL,screen,normal_0_1,dot,lns,lns4_r1,4,2,1,fp32,fused,dense,thread_packet,8,32,1,1,8,none,fraction_lut_shared,fused/dense/thread_packet/x8/fraction_lut_shared,16777216,0,1,16777216,16777216,8,512,256,3,1,58,4.9322237968444824,0.08503834132490487,-3268.58447265625,1
2026-08-16T15:03:54Z,NVIDIA H200 NVL,screen,normal_0_1,dot,lns,lns4_r1,4,2,1,fp32,fused,dense,thread_packet,8,32,1,1,8,none,fraction_lut_shared,fused/dense/thread_packet/x8/fraction_lut_shared,16777216,0,1,16777216,16777216,8,512,256,3,2,58,4.9311680793762207,0.085020139299590014,-3268.58447265625,1
2026-08-16T15:03:54Z,NVIDIA H200 NVL,screen,normal_0_1,gemv,lns,lns4_r1,4,2,1,fp32,fused,dense,thread_packet,8,32,1,1,8,none,fraction_lut_shared,fused/dense/thread_packet/x8/fraction_lut_shared,16384,1024,1024,8396800,8396800,8,1024,256,3,0,54,4.9757118225097656,0.092142811527958626,-44.496955871582031,1
2026-08-16T15:03:54Z,NVIDIA H200 NVL,screen,normal_0_1,gemv,lns,lns4_r1,4,2,1,fp32,fused,dense,thread_packet,8,32,1,1,8,none,fraction_lut_shared,fused/dense/thread_packet/x8/fraction_lut_shared,16384,1024,1024,8396800,8396800,8,1024,256,3,1,54,4.9758081436157227,0.092144595252143011,-44.496955871582031,1
2026-08-16T15:03:54Z,NVIDIA H200 NVL,screen,normal_0_1,gemv,lns,lns4_r1,4,2,1,fp32,fused,dense,thread_packet,8,32,1,1,8,none,fraction_lut_shared,fused/dense/thread_packet/x8/fraction_lut_shared,16384,1024,1024,8396800,8396800,8,1024,256,3,2,54,4.9679679870605469,0.0919994071677879,-44.496955871582031,1
2026-08-16T15:03:54Z,NVIDIA H200 NVL,screen,normal_0_1,dot,lns,lns4_r1,4,2,1,fp32,fused,padded,thread_packet,2,8,1,1,2,none,fraction_lut_shared,fused/padded/thread_packet/x2/fraction_lut_shared,16777216,0,1,16777216,33554432,8,512,256,3,0,54,4.9144320487976074,0.091008000903659403,-3268.5859375,1
2026-08-16T15:03:54Z,NVIDIA H200 NVL,screen,normal_0_1,dot,lns,lns4_r1,4,2,1,fp32,fused,padded,thread_packet,2,8,1,1,2,none,fraction_lut_shared,fused/padded/thread_packet/x2/fraction_lut_shared,16777216,0,1,16777216,33554432,8,512,256,3,1,54,4.912384033203125,0.090970074688946759,-3268.5859375,1
2026-08-16T15:03:54Z,NVIDIA H200 NVL,screen,normal_0_1,dot,lns,lns4_r1,4,2,1,fp32,fused,padded,thread_packet,2,8,1,1,2,none,fraction_lut_shared,fused/padded/thread_packet/x2/fraction_lut_shared,16777216,0,1,16777216,33554432,8,512,256,3,2,54,4.9120960235595703,0.090964741177029074,-3268.5859375,1
2026-08-16T15:03:54Z,NVIDIA H200 NVL,screen,normal_0_1,gemv,lns,lns4_r1,4,2,1,fp32,fused,padded,thread_packet,2,8,1,1,2,none,fraction_lut_shared,fused/padded/thread_packet/x2/fraction_lut_shared,16384,1024,1024,8396800,16793600,8,1024,256,3,0,60,4.9303040504455566,0.082171734174092612,-44.4969482421875,1
2026-08-16T15:03:54Z,NVIDIA H200 NVL,screen,normal_0_1,gemv,lns,lns4_r1,4,2,1,fp32,fused,padded,thread_packet,2,8,1,1,2,none,fraction_lut_shared,fused/padded/thread_packet/x2/fraction_lut_shared,16384,1024,1024,8396800,16793600,8,1024,256,3,1,60,4.9312958717346191,0.082188264528910315,-44.4969482421875,1
2026-08-16T15:03:54Z,NVIDIA H200 NVL,screen,normal_0_1,gemv,lns,lns4_r1,4,2,1,fp32,fused,padded,thread_packet,2,8,1,1,2,none,fraction_lut_shared,fused/padded/thread_packet/x2/fraction_lut_shared,16384,1024,1024,8396800,16793600,8,1024,256,3,2,60,4.9296321868896484,0.082160536448160806,-44.4969482421875,1
2026-08-16T15:03:54Z,NVIDIA H200 NVL,screen,normal_0_1,dot,lns,lns4_r1,4,2,1,fp32,fused,padded,thread_packet,4,8,1,1,4,none,fraction_lut_shared,fused/padded/thread_packet/x4/fraction_lut_shared,16777216,0,1,16777216,33554432,8,512,256,3,0,56,4.906559944152832,0.087617141859872003,-3268.5849609375,1
2026-08-16T15:03:54Z,NVIDIA H200 NVL,screen,normal_0_1,dot,lns,lns4_r1,4,2,1,fp32,fused,padded,thread_packet,4,8,1,1,4,none,fraction_lut_shared,fused/padded/thread_packet/x4/fraction_lut_shared,16777216,0,1,16777216,33554432,8,512,256,3,1,56,4.9119358062744141,0.087713139397757392,-3268.5849609375,1
2026-08-16T15:03:54Z,NVIDIA H200 NVL,screen,normal_0_1,dot,lns,lns4_r1,4,2,1,fp32,fused,padded,thread_packet,4,8,1,1,4,none,fraction_lut_shared,fused/padded/thread_packet/x4/fraction_lut_shared,16777216,0,1,16777216,33554432,8,512,256,3,2,56,4.9063677787780762,0.087613710335322795,-3268.5849609375,1
2026-08-16T15:03:54Z,NVIDIA H200 NVL,screen,normal_0_1,gemv,lns,lns4_r1,4,2,1,fp32,fused,padded,thread_packet,4,8,1,1,4,none,fraction_lut_shared,fused/padded/thread_packet/x4/fraction_lut_shared,16384,1024,1024,8396800,16793600,8,1024,256,3,0,62,4.9053440093994141,0.079118451764506673,-44.496963500976562,1
2026-08-16T15:03:54Z,NVIDIA H200 NVL,screen,normal_0_1,gemv,lns,lns4_r1,4,2,1,fp32,fused,padded,thread_packet,4,8,1,1,4,none,fraction_lut_shared,fused/padded/thread_packet/x4/fraction_lut_shared,16384,1024,1024,8396800,16793600,8,1024,256,3,1,62,4.9006719589233398,0.079043096111666766,-44.496963500976562,1
2026-08-16T15:03:54Z,NVIDIA H200 NVL,screen,normal_0_1,gemv,lns,lns4_r1,4,2,1,fp32,fused,padded,thread_packet,4,8,1,1,4,none,fraction_lut_shared,fused/padded/thread_packet/x4/fraction_lut_shared,16384,1024,1024,8396800,16793600,8,1024,256,3,2,62,4.9002561569213867,0.079036389627764297,-44.496963500976562,1
2026-08-16T15:03:54Z,NVIDIA H200 NVL,screen,normal_0_1,dot,lns,lns4_r1,4,2,1,fp32,fused,padded,thread_packet,8,8,1,1,8,none,fraction_lut_shared,fused/padded/thread_packet/x8/fraction_lut_shared,16777216,0,1,16777216,33554432,8,512,256,3,0,56,4.8960638046264648,0.087429710796901164,-3268.58447265625,1
2026-08-16T15:03:54Z,NVIDIA H200 NVL,screen,normal_0_1,dot,lns,lns4_r1,4,2,1,fp32,fused,padded,thread_packet,8,8,1,1,8,none,fraction_lut_shared,fused/padded/thread_packet/x8/fraction_lut_shared,16777216,0,1,16777216,33554432,8,512,256,3,1,56,4.894752025604248,0.087406286171504435,-3268.58447265625,1
2026-08-16T15:03:54Z,NVIDIA H200 NVL,screen,normal_0_1,dot,lns,lns4_r1,4,2,1,fp32,fused,padded,thread_packet,8,8,1,1,8,none,fraction_lut_shared,fused/padded/thread_packet/x8/fraction_lut_shared,16777216,0,1,16777216,33554432,8,512,256,3,2,56,4.8951678276062012,0.087413711207253594,-3268.58447265625,1
2026-08-16T15:03:54Z,NVIDIA H200 NVL,screen,normal_0_1,gemv,lns,lns4_r1,4,2,1,fp32,fused,padded,thread_packet,8,8,1,1,8,none,fraction_lut_shared,fused/padded/thread_packet/x8/fraction_lut_shared,16384,1024,1024,8396800,16793600,8,1024,256,3,0,61,4.831967830657959,0.07921258738783539,-44.496955871582031,1
2026-08-16T15:03:54Z,NVIDIA H200 NVL,screen,normal_0_1,gemv,lns,lns4_r1,4,2,1,fp32,fused,padded,thread_packet,8,8,1,1,8,none,fraction_lut_shared,fused/padded/thread_packet/x8/fraction_lut_shared,16384,1024,1024,8396800,16793600,8,1024,256,3,1,61,4.8309121131896973,0.079195280544093402,-44.496955871582031,1
2026-08-16T15:03:54Z,NVIDIA H200 NVL,screen,normal_0_1,gemv,lns,lns4_r1,4,2,1,fp32,fused,padded,thread_packet,8,8,1,1,8,none,fraction_lut_shared,fused/padded/thread_packet/x8/fraction_lut_shared,16384,1024,1024,8396800,16793600,8,1024,256,3,2,61,4.8302078247070312,0.079183734831262814,-44.496955871582031,1
2026-08-16T15:03:54Z,NVIDIA H200 NVL,screen,normal_0_1,dot,lns,lns4_r1,4,2,1,fp32,fused,dense,cooperative_shuffle,8,32,1,8,1,warp_shuffle,fraction_lut_shared,fused/dense/cooperative_shuffle/x8/fraction_lut_shared,16777216,0,1,16777216,16777216,8,512,256,3,0,43,4.9869117736816406,0.11597469241120094,-3268.5849609375,1
2026-08-16T15:03:54Z,NVIDIA H200 NVL,screen,normal_0_1,dot,lns,lns4_r1,4,2,1,fp32,fused,dense,cooperative_shuffle,8,32,1,8,1,warp_shuffle,fraction_lut_shared,fused/dense/cooperative_shuffle/x8/fraction_lut_shared,16777216,0,1,16777216,16777216,8,512,256,3,1,43,5.0076160430908203,0.11645618704862373,-3268.5849609375,1
2026-08-16T15:03:54Z,NVIDIA H200 NVL,screen,normal_0_1,dot,lns,lns4_r1,4,2,1,fp32,fused,dense,cooperative_shuffle,8,32,1,8,1,warp_shuffle,fraction_lut_shared,fused/dense/cooperative_shuffle/x8/fraction_lut_shared,16777216,0,1,16777216,16777216,8,512,256,3,2,43,4.998528003692627,0.11624483729517737,-3268.5849609375,1
2026-08-16T15:03:54Z,NVIDIA H200 NVL,screen,normal_0_1,gemv,lns,lns4_r1,4,2,1,fp32,fused,dense,cooperative_shuffle,8,32,1,8,1,warp_shuffle,fraction_lut_shared,fused/dense/cooperative_shuffle/x8/fraction_lut_shared,16384,1024,1024,8396800,8396800,8,1024,256,3,0,48,4.9298238754272461,0.10270466407140096,-44.496925354003906,1
2026-08-16T15:03:54Z,NVIDIA H200 NVL,screen,normal_0_1,gemv,lns,lns4_r1,4,2,1,fp32,fused,dense,cooperative_shuffle,8,32,1,8,1,warp_shuffle,fraction_lut_shared,fused/dense/cooperative_shuffle/x8/fraction_lut_shared,16384,1024,1024,8396800,8396800,8,1024,256,3,1,48,4.9303998947143555,0.10271666447321574,-44.496925354003906,1
2026-08-16T15:03:54Z,NVIDIA H200 NVL,screen,normal_0_1,gemv,lns,lns4_r1,4,2,1,fp32,fused,dense,cooperative_shuffle,8,32,1,8,1,warp_shuffle,fraction_lut_shared,fused/dense/cooperative_shuffle/x8/fraction_lut_shared,16384,1024,1024,8396800,8396800,8,1024,256,3,2,48,4.9288959503173828,0.10268533229827881,-44.496925354003906,1
2026-08-16T15:03:54Z,NVIDIA H200 NVL,screen,normal_0_1,dot,lns,lns4_r1,4,2,1,fp32,ordinary,dense,scalar,1,32,1,1,1,none,fraction_lut_warp,ordinary/dense/scalar/x1/fraction_lut_warp,16777216,0,1,16777216,16777216,8,512,256,3,0,35,4.9580798149108887,0.14165942328316825,-3268.58544921875,1
2026-08-16T15:03:54Z,NVIDIA H200 NVL,screen,normal_0_1,dot,lns,lns4_r1,4,2,1,fp32,ordinary,dense,scalar,1,32,1,1,1,none,fraction_lut_warp,ordinary/dense/scalar/x1/fraction_lut_warp,16777216,0,1,16777216,16777216,8,512,256,3,1,35,4.957024097442627,0.14162925992693221,-3268.58544921875,1
2026-08-16T15:03:54Z,NVIDIA H200 NVL,screen,normal_0_1,dot,lns,lns4_r1,4,2,1,fp32,ordinary,dense,scalar,1,32,1,1,1,none,fraction_lut_warp,ordinary/dense/scalar/x1/fraction_lut_warp,16777216,0,1,16777216,16777216,8,512,256,3,2,35,4.9604477882385254,0.14172707966395787,-3268.58544921875,1
2026-08-16T15:03:54Z,NVIDIA H200 NVL,screen,normal_0_1,gemv,lns,lns4_r1,4,2,1,fp32,ordinary,dense,scalar,1,32,1,1,1,none,fraction_lut_warp,ordinary/dense/scalar/x1/fraction_lut_warp,16384,1024,1024,8396800,8396800,8,1024,256,3,0,37,5.0000958442687988,0.13513772552077835,-44.496929168701172,1
2026-08-16T15:03:54Z,NVIDIA H200 NVL,screen,normal_0_1,gemv,lns,lns4_r1,4,2,1,fp32,ordinary,dense,scalar,1,32,1,1,1,none,fraction_lut_warp,ordinary/dense/scalar/x1/fraction_lut_warp,16384,1024,1024,8396800,8396800,8,1024,256,3,1,37,4.9890561103820801,0.1348393543346508,-44.496929168701172,1
2026-08-16T15:03:54Z,NVIDIA H200 NVL,screen,normal_0_1,gemv,lns,lns4_r1,4,2,1,fp32,ordinary,dense,scalar,1,32,1,1,1,none,fraction_lut_warp,ordinary/dense/scalar/x1/fraction_lut_warp,16384,1024,1024,8396800,8396800,8,1024,256,3,2,37,4.9878401756286621,0.13480649123320709,-44.496929168701172,1
2026-08-16T15:03:54Z,NVIDIA H200 NVL,screen,normal_0_1,dot,lns,lns4_r1,4,2,1,fp32,ordinary,padded,scalar,1,8,1,1,1,none,fraction_lut_warp,ordinary/padded/scalar/x1/fraction_lut_warp,16777216,0,1,16777216,33554432,8,512,256,3,0,37,4.934016227722168,0.13335178993843697,-3268.58544921875,1
2026-08-16T15:03:54Z,NVIDIA H200 NVL,screen,normal_0_1,dot,lns,lns4_r1,4,2,1,fp32,ordinary,padded,scalar,1,8,1,1,1,none,fraction_lut_warp,ordinary/padded/scalar/x1/fraction_lut_warp,16777216,0,1,16777216,33554432,8,512,256,3,1,37,4.9272642135620117,0.13316930306924357,-3268.58544921875,1
2026-08-16T15:03:54Z,NVIDIA H200 NVL,screen,normal_0_1,dot,lns,lns4_r1,4,2,1,fp32,ordinary,padded,scalar,1,8,1,1,1,none,fraction_lut_warp,ordinary/padded/scalar/x1/fraction_lut_warp,16777216,0,1,16777216,33554432,8,512,256,3,2,37,4.9244160652160645,0.13309232608692065,-3268.58544921875,1
2026-08-16T15:03:54Z,NVIDIA H200 NVL,screen,normal_0_1,gemv,lns,lns4_r1,4,2,1,fp32,ordinary,padded,scalar,1,8,1,1,1,none,fraction_lut_warp,ordinary/padded/scalar/x1/fraction_lut_warp,16384,1024,1024,8396800,16793600,8,1024,256,3,0,41,4.9593281745910645,0.12095922377051377,-44.496929168701172,1
2026-08-16T15:03:54Z,NVIDIA H200 NVL,screen,normal_0_1,gemv,lns,lns4_r1,4,2,1,fp32,ordinary,padded,scalar,1,8,1,1,1,none,fraction_lut_warp,ordinary/padded/scalar/x1/fraction_lut_warp,16384,1024,1024,8396800,16793600,8,1024,256,3,1,41,4.962399959564209,0.12103414535522461,-44.496929168701172,1
2026-08-16T15:03:54Z,NVIDIA H200 NVL,screen,normal_0_1,gemv,lns,lns4_r1,4,2,1,fp32,ordinary,padded,scalar,1,8,1,1,1,none,fraction_lut_warp,ordinary/padded/scalar/x1/fraction_lut_warp,16384,1024,1024,8396800,16793600,8,1024,256,3,2,41,4.9618558883666992,0.12102087532601706,-44.496929168701172,1
2026-08-16T15:03:54Z,NVIDIA H200 NVL,screen,normal_0_1,dot,lns,lns4_r1,4,2,1,fp32,ordinary,dense,thread_packet,2,32,1,1,2,none,fraction_lut_warp,ordinary/dense/thread_packet/x2/fraction_lut_warp,16777216,0,1,16777216,16777216,8,512,256,3,0,36,4.9899201393127441,0.13860889275868735,-3268.5859375,1
2026-08-16T15:03:54Z,NVIDIA H200 NVL,screen,normal_0_1,dot,lns,lns4_r1,4,2,1,fp32,ordinary,dense,thread_packet,2,32,1,1,2,none,fraction_lut_warp,ordinary/dense/thread_packet/x2/fraction_lut_warp,16777216,0,1,16777216,16777216,8,512,256,3,1,36,4.9896001815795898,0.13860000504387748,-3268.5859375,1
2026-08-16T15:03:54Z,NVIDIA H200 NVL,screen,normal_0_1,dot,lns,lns4_r1,4,2,1,fp32,ordinary,dense,thread_packet,2,32,1,1,2,none,fraction_lut_warp,ordinary/dense/thread_packet/x2/fraction_lut_warp,16777216,0,1,16777216,16777216,8,512,256,3,2,36,4.9884161949157715,0.1385671165254381,-3268.5859375,1
2026-08-16T15:03:54Z,NVIDIA H200 NVL,screen,normal_0_1,gemv,lns,lns4_r1,4,2,1,fp32,ordinary,dense,thread_packet,2,32,1,1,2,none,fraction_lut_warp,ordinary/dense/thread_packet/x2/fraction_lut_warp,16384,1024,1024,8396800,8396800,8,1024,256,3,0,38,5.0201601982116699,0.13210947890030711,-44.496940612792969,1
2026-08-16T15:03:54Z,NVIDIA H200 NVL,screen,normal_0_1,gemv,lns,lns4_r1,4,2,1,fp32,ordinary,dense,thread_packet,2,32,1,1,2,none,fraction_lut_warp,ordinary/dense/thread_packet/x2/fraction_lut_warp,16384,1024,1024,8396800,8396800,8,1024,256,3,1,38,5.0189437866210938,0.13207746806897616,-44.496940612792969,1
2026-08-16T15:03:54Z,NVIDIA H200 NVL,screen,normal_0_1,gemv,lns,lns4_r1,4,2,1,fp32,ordinary,dense,thread_packet,2,32,1,1,2,none,fraction_lut_warp,ordinary/dense/thread_packet/x2/fraction_lut_warp,16384,1024,1024,8396800,8396800,8,1024,256,3,2,38,5.0225281715393066,0.13217179398787648,-44.496940612792969,1
2026-08-16T15:03:54Z,NVIDIA H200 NVL,screen,normal_0_1,dot,lns,lns4_r1,4,2,1,fp32,ordinary,dense,thread_packet,4,32,1,1,4,none,fraction_lut_warp,ordinary/dense/thread_packet/x4/fraction_lut_warp,16777216,0,1,16777216,16777216,8,512,256,3,0,37,5.0500798225402832,0.13648864385244008,-3268.58447265625,1
2026-08-16T15:03:54Z,NVIDIA H200 NVL,screen,normal_0_1,dot,lns,lns4_r1,4,2,1,fp32,ordinary,dense,thread_packet,4,32,1,1,4,none,fraction_lut_warp,ordinary/dense/thread_packet/x4/fraction_lut_warp,16777216,0,1,16777216,16777216,8,512,256,3,1,37,5.0505599975585938,0.13650162155563766,-3268.58447265625,1
2026-08-16T15:03:54Z,NVIDIA H200 NVL,screen,normal_0_1,dot,lns,lns4_r1,4,2,1,fp32,ordinary,dense,thread_packet,4,32,1,1,4,none,fraction_lut_warp,ordinary/dense/thread_packet/x4/fraction_lut_warp,16777216,0,1,16777216,16777216,8,512,256,3,2,37,5.0503358840942383,0.1364955644349794,-3268.58447265625,1
2026-08-16T15:03:54Z,NVIDIA H200 NVL,screen,normal_0_1,gemv,lns,lns4_r1,4,2,1,fp32,ordinary,dense,thread_packet,4,32,1,1,4,none,fraction_lut_warp,ordinary/dense/thread_packet/x4/fraction_lut_warp,16384,1024,1024,8396800,8396800,8,1024,256,3,0,38,4.977503776550293,0.13098694148816561,-44.496959686279297,1
2026-08-16T15:03:54Z,NVIDIA H200 NVL,screen,normal_0_1,gemv,lns,lns4_r1,4,2,1,fp32,ordinary,dense,thread_packet,4,32,1,1,4,none,fraction_lut_warp,ordinary/dense/thread_packet/x4/fraction_lut_warp,16384,1024,1024,8396800,8396800,8,1024,256,3,1,38,4.9787201881408691,0.13101895231949656,-44.496959686279297,1
2026-08-16T15:03:54Z,NVIDIA H200 NVL,screen,normal_0_1,gemv,lns,lns4_r1,4,2,1,fp32,ordinary,dense,thread_packet,4,32,1,1,4,none,fraction_lut_warp,ordinary/dense/thread_packet/x4/fraction_lut_warp,16384,1024,1024,8396800,8396800,8,1024,256,3,2,38,4.9775362014770508,0.13098779477571187,-44.496959686279297,1
2026-08-16T15:03:54Z,NVIDIA H200 NVL,screen,normal_0_1,dot,lns,lns4_r1,4,2,1,fp32,ordinary,dense,thread_packet,8,32,1,1,8,none,fraction_lut_warp,ordinary/dense/thread_packet/x8/fraction_lut_warp,16777216,0,1,16777216,16777216,8,512,256,3,0,39,4.9483199119567871,0.12687999774248171,-3268.58349609375,1
2026-08-16T15:03:54Z,NVIDIA H200 NVL,screen,normal_0_1,dot,lns,lns4_r1,4,2,1,fp32,ordinary,dense,thread_packet,8,32,1,1,8,none,fraction_lut_warp,ordinary/dense/thread_packet/x8/fraction_lut_warp,16777216,0,1,16777216,16777216,8,512,256,3,1,39,4.940767765045166,0.12668635294987604,-3268.58349609375,1
2026-08-16T15:03:54Z,NVIDIA H200 NVL,screen,normal_0_1,dot,lns,lns4_r1,4,2,1,fp32,ordinary,dense,thread_packet,8,32,1,1,8,none,fraction_lut_warp,ordinary/dense/thread_packet/x8/fraction_lut_warp,16777216,0,1,16777216,16777216,8,512,256,3,2,39,4.9421758651733398,0.1267224580813677,-3268.58349609375,1
2026-08-16T15:03:54Z,NVIDIA H200 NVL,screen,normal_0_1,gemv,lns,lns4_r1,4,2,1,fp32,ordinary,dense,thread_packet,8,32,1,1,8,none,fraction_lut_warp,ordinary/dense/thread_packet/x8/fraction_lut_warp,16384,1024,1024,8396800,8396800,8,1024,256,3,0,39,5.0318398475646973,0.12902153455294096,-44.496940612792969,1
2026-08-16T15:03:54Z,NVIDIA H200 NVL,screen,normal_0_1,gemv,lns,lns4_r1,4,2,1,fp32,ordinary,dense,thread_packet,8,32,1,1,8,none,fraction_lut_warp,ordinary/dense/thread_packet/x8/fraction_lut_warp,16384,1024,1024,8396800,8396800,8,1024,256,3,1,39,5.0316162109375,0.12901580028044871,-44.496940612792969,1
2026-08-16T15:03:54Z,NVIDIA H200 NVL,screen,normal_0_1,gemv,lns,lns4_r1,4,2,1,fp32,ordinary,dense,thread_packet,8,32,1,1,8,none,fraction_lut_warp,ordinary/dense/thread_packet/x8/fraction_lut_warp,16384,1024,1024,8396800,8396800,8,1024,256,3,2,39,5.0303359031677246,0.1289829718760955,-44.496940612792969,1
2026-08-16T15:03:54Z,NVIDIA H200 NVL,screen,normal_0_1,dot,lns,lns4_r1,4,2,1,fp32,ordinary,padded,thread_packet,2,8,1,1,2,none,fraction_lut_warp,ordinary/padded/thread_packet/x2/fraction_lut_warp,16777216,0,1,16777216,33554432,8,512,256,3,0,38,4.9647679328918457,0.13065178770768016,-3268.5859375,1
2026-08-16T15:03:54Z,NVIDIA H200 NVL,screen,normal_0_1,dot,lns,lns4_r1,4,2,1,fp32,ordinary,padded,thread_packet,2,8,1,1,2,none,fraction_lut_warp,ordinary/padded/thread_packet/x2/fraction_lut_warp,16777216,0,1,16777216,33554432,8,512,256,3,1,38,4.9643840789794922,0.13064168628893399,-3268.5859375,1
2026-08-16T15:03:54Z,NVIDIA H200 NVL,screen,normal_0_1,dot,lns,lns4_r1,4,2,1,fp32,ordinary,padded,thread_packet,2,8,1,1,2,none,fraction_lut_warp,ordinary/padded/thread_packet/x2/fraction_lut_warp,16777216,0,1,16777216,33554432,8,512,256,3,2,38,4.9663681983947754,0.13069389995775724,-3268.5859375,1
2026-08-16T15:03:54Z,NVIDIA H200 NVL,screen,normal_0_1,gemv,lns,lns4_r1,4,2,1,fp32,ordinary,padded,thread_packet,2,8,1,1,2,none,fraction_lut_warp,ordinary/padded/thread_packet/x2/fraction_lut_warp,16384,1024,1024,8396800,16793600,8,1024,256,3,0,42,4.959968090057373,0.11809447833469935,-44.496940612792969,1
2026-08-16T15:03:54Z,NVIDIA H200 NVL,screen,normal_0_1,gemv,lns,lns4_r1,4,2,1,fp32,ordinary,padded,thread_packet,2,8,1,1,2,none,fraction_lut_warp,ordinary/padded/thread_packet/x2/fraction_lut_warp,16384,1024,1024,8396800,16793600,8,1024,256,3,1,42,4.9477438926696777,0.11780342601594471,-44.496940612792969,1
2026-08-16T15:03:54Z,NVIDIA H200 NVL,screen,normal_0_1,gemv,lns,lns4_r1,4,2,1,fp32,ordinary,padded,thread_packet,2,8,1,1,2,none,fraction_lut_warp,ordinary/padded/thread_packet/x2/fraction_lut_warp,16384,1024,1024,8396800,16793600,8,1024,256,3,2,42,4.9437761306762695,0.11770895549229213,-44.496940612792969,1
2026-08-16T15:03:54Z,NVIDIA H200 NVL,screen,normal_0_1,dot,lns,lns4_r1,4,2,1,fp32,ordinary,padded,thread_packet,4,8,1,1,4,none,fraction_lut_warp,ordinary/padded/thread_packet/x4/fraction_lut_warp,16777216,0,1,16777216,33554432,8,512,256,3,0,39,4.954592227935791,0.12704082635732797,-3268.58447265625,1
2026-08-16T15:03:54Z,NVIDIA H200 NVL,screen,normal_0_1,dot,lns,lns4_r1,4,2,1,fp32,ordinary,padded,thread_packet,4,8,1,1,4,none,fraction_lut_warp,ordinary/padded/thread_packet/x4/fraction_lut_warp,16777216,0,1,16777216,33554432,8,512,256,3,1,39,4.955808162689209,0.12707200417151818,-3268.58447265625,1
2026-08-16T15:03:54Z,NVIDIA H200 NVL,screen,normal_0_1,dot,lns,lns4_r1,4,2,1,fp32,ordinary,padded,thread_packet,4,8,1,1,4,none,fraction_lut_warp,ordinary/padded/thread_packet/x4/fraction_lut_warp,16777216,0,1,16777216,33554432,8,512,256,3,2,39,4.9632000923156738,0.12726154082860702,-3268.58447265625,1
2026-08-16T15:03:54Z,NVIDIA H200 NVL,screen,normal_0_1,gemv,lns,lns4_r1,4,2,1,fp32,ordinary,padded,thread_packet,4,8,1,1,4,none,fraction_lut_warp,ordinary/padded/thread_packet/x4/fraction_lut_warp,16384,1024,1024,8396800,16793600,8,1024,256,3,0,43,4.9473919868469238,0.11505562760109125,-44.496959686279297,1
2026-08-16T15:03:54Z,NVIDIA H200 NVL,screen,normal_0_1,gemv,lns,lns4_r1,4,2,1,fp32,ordinary,padded,thread_packet,4,8,1,1,4,none,fraction_lut_warp,ordinary/padded/thread_packet/x4/fraction_lut_warp,16384,1024,1024,8396800,16793600,8,1024,256,3,1,43,4.9390401840209961,0.11486139962839526,-44.496959686279297,1
2026-08-16T15:03:54Z,NVIDIA H200 NVL,screen,normal_0_1,gemv,lns,lns4_r1,4,2,1,fp32,ordinary,padded,thread_packet,4,8,1,1,4,none,fraction_lut_warp,ordinary/padded/thread_packet/x4/fraction_lut_warp,16384,1024,1024,8396800,16793600,8,1024,256,3,2,43,4.9338560104370117,0.11474083745202353,-44.496959686279297,1
2026-08-16T15:03:54Z,NVIDIA H200 NVL,screen,normal_0_1,dot,lns,lns4_r1,4,2,1,fp32,ordinary,padded,thread_packet,8,8,1,1,8,none,fraction_lut_warp,ordinary/padded/thread_packet/x8/fraction_lut_warp,16777216,0,1,16777216,33554432,8,512,256,3,0,39,4.9496641159057617,0.12691446451040414,-3268.58349609375,1
2026-08-16T15:03:54Z,NVIDIA H200 NVL,screen,normal_0_1,dot,lns,lns4_r1,4,2,1,fp32,ordinary,padded,thread_packet,8,8,1,1,8,none,fraction_lut_warp,ordinary/padded/thread_packet/x8/fraction_lut_warp,16777216,0,1,16777216,33554432,8,512,256,3,1,39,4.9494080543518066,0.12690789882953352,-3268.58349609375,1
2026-08-16T15:03:54Z,NVIDIA H200 NVL,screen,normal_0_1,dot,lns,lns4_r1,4,2,1,fp32,ordinary,padded,thread_packet,8,8,1,1,8,none,fraction_lut_warp,ordinary/padded/thread_packet/x8/fraction_lut_warp,16777216,0,1,16777216,33554432,8,512,256,3,2,39,4.9495677947998047,0.12691199473845652,-3268.58349609375,1
2026-08-16T15:03:54Z,NVIDIA H200 NVL,screen,normal_0_1,gemv,lns,lns4_r1,4,2,1,fp32,ordinary,padded,thread_packet,8,8,1,1,8,none,fraction_lut_warp,ordinary/padded/thread_packet/x8/fraction_lut_warp,16384,1024,1024,8396800,16793600,8,1024,256,3,0,44,5.0068159103393555,0.11379127068953081,-44.496940612792969,1
2026-08-16T15:03:54Z,NVIDIA H200 NVL,screen,normal_0_1,gemv,lns,lns4_r1,4,2,1,fp32,ordinary,padded,thread_packet,8,8,1,1,8,none,fraction_lut_warp,ordinary/padded/thread_packet/x8/fraction_lut_warp,16384,1024,1024,8396800,16793600,8,1024,256,3,1,44,5.0048642158508301,0.11374691399660977,-44.496940612792969,1
2026-08-16T15:03:54Z,NVIDIA H200 NVL,screen,normal_0_1,gemv,lns,lns4_r1,4,2,1,fp32,ordinary,padded,thread_packet,8,8,1,1,8,none,fraction_lut_warp,ordinary/padded/thread_packet/x8/fraction_lut_warp,16384,1024,1024,8396800,16793600,8,1024,256,3,2,44,5.0029120445251465,0.11370254646648061,-44.496940612792969,1
2026-08-16T15:03:54Z,NVIDIA H200 NVL,screen,normal_0_1,dot,lns,lns4_r1,4,2,1,fp32,ordinary,dense,cooperative_shuffle,8,32,1,8,1,warp_shuffle,fraction_lut_warp,ordinary/dense/cooperative_shuffle/x8/fraction_lut_warp,16777216,0,1,16777216,16777216,8,512,256,3,0,33,5.0228481292724609,0.15220751906886246,-3268.58544921875,1
2026-08-16T15:03:54Z,NVIDIA H200 NVL,screen,normal_0_1,dot,lns,lns4_r1,4,2,1,fp32,ordinary,dense,cooperative_shuffle,8,32,1,8,1,warp_shuffle,fraction_lut_warp,ordinary/dense/cooperative_shuffle/x8/fraction_lut_warp,16777216,0,1,16777216,16777216,8,512,256,3,1,33,5.0215039253234863,0.15216678561586322,-3268.58544921875,1
2026-08-16T15:03:54Z,NVIDIA H200 NVL,screen,normal_0_1,dot,lns,lns4_r1,4,2,1,fp32,ordinary,dense,cooperative_shuffle,8,32,1,8,1,warp_shuffle,fraction_lut_warp,ordinary/dense/cooperative_shuffle/x8/fraction_lut_warp,16777216,0,1,16777216,16777216,8,512,256,3,2,33,5.023871898651123,0.15223854238336737,-3268.58544921875,1
2026-08-16T15:03:54Z,NVIDIA H200 NVL,screen,normal_0_1,gemv,lns,lns4_r1,4,2,1,fp32,ordinary,dense,cooperative_shuffle,8,32,1,8,1,warp_shuffle,fraction_lut_warp,ordinary/dense/cooperative_shuffle/x8/fraction_lut_warp,16384,1024,1024,8396800,8396800,8,1024,256,3,0,36,4.9200000762939453,0.13666666878594291,-44.496929168701172,1
2026-08-16T15:03:54Z,NVIDIA H200 NVL,screen,normal_0_1,gemv,lns,lns4_r1,4,2,1,fp32,ordinary,dense,cooperative_shuffle,8,32,1,8,1,warp_shuffle,fraction_lut_warp,ordinary/dense/cooperative_shuffle/x8/fraction_lut_warp,16384,1024,1024,8396800,8396800,8,1024,256,3,1,36,4.9226560592651367,0.13674044609069824,-44.496929168701172,1
2026-08-16T15:03:54Z,NVIDIA H200 NVL,screen,normal_0_1,gemv,lns,lns4_r1,4,2,1,fp32,ordinary,dense,cooperative_shuffle,8,32,1,8,1,warp_shuffle,fraction_lut_warp,ordinary/dense/cooperative_shuffle/x8/fraction_lut_warp,16384,1024,1024,8396800,8396800,8,1024,256,3,2,36,4.9431037902832031,0.13730843861897787,-44.496929168701172,1
2026-08-16T15:03:54Z,NVIDIA H200 NVL,screen,normal_0_1,dot,lns,lns4_r1,4,2,1,fp32,fused,dense,scalar,1,32,1,1,1,none,fraction_lut_warp,fused/dense/scalar/x1/fraction_lut_warp,16777216,0,1,16777216,16777216,8,512,256,3,0,42,4.9255361557006836,0.1172746703738258,-3268.5849609375,1
2026-08-16T15:03:54Z,NVIDIA H200 NVL,screen,normal_0_1,dot,lns,lns4_r1,4,2,1,fp32,fused,dense,scalar,1,32,1,1,1,none,fraction_lut_warp,fused/dense/scalar/x1/fraction_lut_warp,16777216,0,1,16777216,16777216,8,512,256,3,1,42,4.925504207611084,0.11727390970502581,-3268.5849609375,1
2026-08-16T15:03:54Z,NVIDIA H200 NVL,screen,normal_0_1,dot,lns,lns4_r1,4,2,1,fp32,fused,dense,scalar,1,32,1,1,1,none,fraction_lut_warp,fused/dense/scalar/x1/fraction_lut_warp,16777216,0,1,16777216,16777216,8,512,256,3,2,42,4.9362239837646484,0.11752914247058686,-3268.5849609375,1
2026-08-16T15:03:54Z,NVIDIA H200 NVL,screen,normal_0_1,gemv,lns,lns4_r1,4,2,1,fp32,fused,dense,scalar,1,32,1,1,1,none,fraction_lut_warp,fused/dense/scalar/x1/fraction_lut_warp,16384,1024,1024,8396800,8396800,8,1024,256,3,0,44,4.9606080055236816,0.11274109103462913,-44.496925354003906,1
2026-08-16T15:03:54Z,NVIDIA H200 NVL,screen,normal_0_1,gemv,lns,lns4_r1,4,2,1,fp32,fused,dense,scalar,1,32,1,1,1,none,fraction_lut_warp,fused/dense/scalar/x1/fraction_lut_warp,16384,1024,1024,8396800,8396800,8,1024,256,3,1,44,4.9598398208618164,0.11272363229231401,-44.496925354003906,1
2026-08-16T15:03:54Z,NVIDIA H200 NVL,screen,normal_0_1,gemv,lns,lns4_r1,4,2,1,fp32,fused,dense,scalar,1,32,1,1,1,none,fraction_lut_warp,fused/dense/scalar/x1/fraction_lut_warp,16384,1024,1024,8396800,8396800,8,1024,256,3,2,44,4.9595518112182617,0.11271708661859686,-44.496925354003906,1
2026-08-16T15:03:54Z,NVIDIA H200 NVL,screen,normal_0_1,dot,lns,lns4_r1,4,2,1,fp32,fused,padded,scalar,1,8,1,1,1,none,fraction_lut_warp,fused/padded/scalar/x1/fraction_lut_warp,16777216,0,1,16777216,33554432,8,512,256,3,0,46,4.9209599494934082,0.10697739020637843,-3268.5849609375,1
2026-08-16T15:03:54Z,NVIDIA H200 NVL,screen,normal_0_1,dot,lns,lns4_r1,4,2,1,fp32,fused,padded,scalar,1,8,1,1,1,none,fraction_lut_warp,fused/padded/scalar/x1/fraction_lut_warp,16777216,0,1,16777216,33554432,8,512,256,3,1,46,4.9219841957092285,0.10699965642846149,-3268.5849609375,1
2026-08-16T15:03:54Z,NVIDIA H200 NVL,screen,normal_0_1,dot,lns,lns4_r1,4,2,1,fp32,fused,padded,scalar,1,8,1,1,1,none,fraction_lut_warp,fused/padded/scalar/x1/fraction_lut_warp,16777216,0,1,16777216,33554432,8,512,256,3,2,46,4.9243841171264648,0.10705182863318402,-3268.5849609375,1
2026-08-16T15:03:54Z,NVIDIA H200 NVL,screen,normal_0_1,gemv,lns,lns4_r1,4,2,1,fp32,fused,padded,scalar,1,8,1,1,1,none,fraction_lut_warp,fused/padded/scalar/x1/fraction_lut_warp,16384,1024,1024,8396800,16793600,8,1024,256,3,0,51,4.9335999488830566,0.09673725389966778,-44.496925354003906,1
2026-08-16T15:03:54Z,NVIDIA H200 NVL,screen,normal_0_1,gemv,lns,lns4_r1,4,2,1,fp32,fused,padded,scalar,1,8,1,1,1,none,fraction_lut_warp,fused/padded/scalar/x1/fraction_lut_warp,16384,1024,1024,8396800,16793600,8,1024,256,3,1,51,4.9349441528320312,0.09676361083984375,-44.496925354003906,1
2026-08-16T15:03:54Z,NVIDIA H200 NVL,screen,normal_0_1,gemv,lns,lns4_r1,4,2,1,fp32,fused,padded,scalar,1,8,1,1,1,none,fraction_lut_warp,fused/padded/scalar/x1/fraction_lut_warp,16384,1024,1024,8396800,16793600,8,1024,256,3,2,51,4.9315519332885742,0.096697096731148513,-44.496925354003906,1
2026-08-16T15:03:54Z,NVIDIA H200 NVL,screen,normal_0_1,dot,lns,lns4_r1,4,2,1,fp32,fused,dense,thread_packet,2,32,1,1,2,none,fraction_lut_warp,fused/dense/thread_packet/x2/fraction_lut_warp,16777216,0,1,16777216,16777216,8,512,256,3,0,43,4.9476480484008789,0.11506158252095067,-3268.5859375,1
2026-08-16T15:03:54Z,NVIDIA H200 NVL,screen,normal_0_1,dot,lns,lns4_r1,4,2,1,fp32,fused,dense,thread_packet,2,32,1,1,2,none,fraction_lut_warp,fused/dense/thread_packet/x2/fraction_lut_warp,16777216,0,1,16777216,16777216,8,512,256,3,1,43,4.9462399482727051,0.11502883600634198,-3268.5859375,1
2026-08-16T15:03:54Z,NVIDIA H200 NVL,screen,normal_0_1,dot,lns,lns4_r1,4,2,1,fp32,fused,dense,thread_packet,2,32,1,1,2,none,fraction_lut_warp,fused/dense/thread_packet/x2/fraction_lut_warp,16777216,0,1,16777216,16777216,8,512,256,3,2,43,4.9523839950561523,0.11517172081525935,-3268.5859375,1
2026-08-16T15:03:54Z,NVIDIA H200 NVL,screen,normal_0_1,gemv,lns,lns4_r1,4,2,1,fp32,fused,dense,thread_packet,2,32,1,1,2,none,fraction_lut_warp,fused/dense/thread_packet/x2/fraction_lut_warp,16384,1024,1024,8396800,8396800,8,1024,256,3,0,45,5.0026559829711914,0.11117013295491536,-44.4969482421875,1
2026-08-16T15:03:54Z,NVIDIA H200 NVL,screen,normal_0_1,gemv,lns,lns4_r1,4,2,1,fp32,fused,dense,thread_packet,2,32,1,1,2,none,fraction_lut_warp,fused/dense/thread_packet/x2/fraction_lut_warp,16384,1024,1024,8396800,8396800,8,1024,256,3,1,45,5.0000958442687988,0.11111324098375108,-44.4969482421875,1
2026-08-16T15:03:54Z,NVIDIA H200 NVL,screen,normal_0_1,gemv,lns,lns4_r1,4,2,1,fp32,fused,dense,thread_packet,2,32,1,1,2,none,fraction_lut_warp,fused/dense/thread_packet/x2/fraction_lut_warp,16384,1024,1024,8396800,8396800,8,1024,256,3,2,45,4.9981122016906738,0.11106916003757053,-44.4969482421875,1
2026-08-16T15:03:54Z,NVIDIA H200 NVL,screen,normal_0_1,dot,lns,lns4_r1,4,2,1,fp32,fused,dense,thread_packet,4,32,1,1,4,none,fraction_lut_warp,fused/dense/thread_packet/x4/fraction_lut_warp,16777216,0,1,16777216,16777216,8,512,256,3,0,44,4.9956479072570801,0.1135374524376609,-3268.5849609375,1
2026-08-16T15:03:54Z,NVIDIA H200 NVL,screen,normal_0_1,dot,lns,lns4_r1,4,2,1,fp32,fused,dense,thread_packet,4,32,1,1,4,none,fraction_lut_warp,fused/dense/thread_packet/x4/fraction_lut_warp,16777216,0,1,16777216,16777216,8,512,256,3,1,44,4.9961280822753906,0.11354836550625888,-3268.5849609375,1
2026-08-16T15:03:54Z,NVIDIA H200 NVL,screen,normal_0_1,dot,lns,lns4_r1,4,2,1,fp32,fused,dense,thread_packet,4,32,1,1,4,none,fraction_lut_warp,fused/dense/thread_packet/x4/fraction_lut_warp,16777216,0,1,16777216,16777216,8,512,256,3,2,44,4.993408203125,0.11348655007102272,-3268.5849609375,1
2026-08-16T15:03:54Z,NVIDIA H200 NVL,screen,normal_0_1,gemv,lns,lns4_r1,4,2,1,fp32,fused,dense,thread_packet,4,32,1,1,4,none,fraction_lut_warp,fused/dense/thread_packet/x4/fraction_lut_warp,16384,1024,1024,8396800,8396800,8,1024,256,3,0,45,4.9924478530883789,0.11094328562418619,-44.496963500976562,1
2026-08-16T15:03:54Z,NVIDIA H200 NVL,screen,normal_0_1,gemv,lns,lns4_r1,4,2,1,fp32,fused,dense,thread_packet,4,32,1,1,4,none,fraction_lut_warp,fused/dense/thread_packet/x4/fraction_lut_warp,16384,1024,1024,8396800,8396800,8,1024,256,3,1,45,4.9913921356201172,0.11091982523600261,-44.496963500976562,1
2026-08-16T15:03:54Z,NVIDIA H200 NVL,screen,normal_0_1,gemv,lns,lns4_r1,4,2,1,fp32,fused,dense,thread_packet,4,32,1,1,4,none,fraction_lut_warp,fused/dense/thread_packet/x4/fraction_lut_warp,16384,1024,1024,8396800,8396800,8,1024,256,3,2,45,4.9915199279785156,0.11092266506618924,-44.496963500976562,1
2026-08-16T15:03:54Z,NVIDIA H200 NVL,screen,normal_0_1,dot,lns,lns4_r1,4,2,1,fp32,fused,dense,thread_packet,8,32,1,1,8,none,fraction_lut_warp,fused/dense/thread_packet/x8/fraction_lut_warp,16777216,0,1,16777216,16777216,8,512,256,3,0,50,4.9193282127380371,0.098386564254760736,-3268.58447265625,1
2026-08-16T15:03:54Z,NVIDIA H200 NVL,screen,normal_0_1,dot,lns,lns4_r1,4,2,1,fp32,fused,dense,thread_packet,8,32,1,1,8,none,fraction_lut_warp,fused/dense/thread_packet/x8/fraction_lut_warp,16777216,0,1,16777216,16777216,8,512,256,3,1,50,4.9218559265136719,0.09843711853027344,-3268.58447265625,1
2026-08-16T15:03:54Z,NVIDIA H200 NVL,screen,normal_0_1,dot,lns,lns4_r1,4,2,1,fp32,fused,dense,thread_packet,8,32,1,1,8,none,fraction_lut_warp,fused/dense/thread_packet/x8/fraction_lut_warp,16777216,0,1,16777216,16777216,8,512,256,3,2,50,4.9305920600891113,0.098611841201782222,-3268.58447265625,1
2026-08-16T15:03:54Z,NVIDIA H200 NVL,screen,normal_0_1,gemv,lns,lns4_r1,4,2,1,fp32,fused,dense,thread_packet,8,32,1,1,8,none,fraction_lut_warp,fused/dense/thread_packet/x8/fraction_lut_warp,16384,1024,1024,8396800,8396800,8,1024,256,3,0,47,4.9389758110046387,0.10508459172350296,-44.496955871582031,1
2026-08-16T15:03:54Z,NVIDIA H200 NVL,screen,normal_0_1,gemv,lns,lns4_r1,4,2,1,fp32,fused,dense,thread_packet,8,32,1,1,8,none,fraction_lut_warp,fused/dense/thread_packet/x8/fraction_lut_warp,16384,1024,1024,8396800,8396800,8,1024,256,3,1,47,4.9371199607849121,0.10504510554861515,-44.496955871582031,1
2026-08-16T15:03:54Z,NVIDIA H200 NVL,screen,normal_0_1,gemv,lns,lns4_r1,4,2,1,fp32,fused,dense,thread_packet,8,32,1,1,8,none,fraction_lut_warp,fused/dense/thread_packet/x8/fraction_lut_warp,16384,1024,1024,8396800,8396800,8,1024,256,3,2,47,4.936607837677002,0.10503420931227664,-44.496955871582031,1
2026-08-16T15:03:54Z,NVIDIA H200 NVL,screen,normal_0_1,dot,lns,lns4_r1,4,2,1,fp32,fused,padded,thread_packet,2,8,1,1,2,none,fraction_lut_warp,fused/padded/thread_packet/x2/fraction_lut_warp,16777216,0,1,16777216,33554432,8,512,256,3,0,47,4.9218239784240723,0.10471965911540579,-3268.5859375,1
2026-08-16T15:03:54Z,NVIDIA H200 NVL,screen,normal_0_1,dot,lns,lns4_r1,4,2,1,fp32,fused,padded,thread_packet,2,8,1,1,2,none,fraction_lut_warp,fused/padded/thread_packet/x2/fraction_lut_warp,16777216,0,1,16777216,33554432,8,512,256,3,1,47,4.9208641052246094,0.10469923628137466,-3268.5859375,1
2026-08-16T15:03:54Z,NVIDIA H200 NVL,screen,normal_0_1,dot,lns,lns4_r1,4,2,1,fp32,fused,padded,thread_packet,2,8,1,1,2,none,fraction_lut_warp,fused/padded/thread_packet/x2/fraction_lut_warp,16777216,0,1,16777216,33554432,8,512,256,3,2,47,4.9226241111755371,0.10473668321650079,-3268.5859375,1
2026-08-16T15:03:54Z,NVIDIA H200 NVL,screen,normal_0_1,gemv,lns,lns4_r1,4,2,1,fp32,fused,padded,thread_packet,2,8,1,1,2,none,fraction_lut_warp,fused/padded/thread_packet/x2/fraction_lut_warp,16384,1024,1024,8396800,16793600,8,1024,256,3,0,52,4.9585599899291992,0.095356922883253828,-44.4969482421875,1
2026-08-16T15:03:54Z,NVIDIA H200 NVL,screen,normal_0_1,gemv,lns,lns4_r1,4,2,1,fp32,fused,padded,thread_packet,2,8,1,1,2,none,fraction_lut_warp,fused/padded/thread_packet/x2/fraction_lut_warp,16384,1024,1024,8396800,16793600,8,1024,256,3,1,52,4.9589438438415527,0.095364304689260632,-44.4969482421875,1
2026-08-16T15:03:54Z,NVIDIA H200 NVL,screen,normal_0_1,gemv,lns,lns4_r1,4,2,1,fp32,fused,padded,thread_packet,2,8,1,1,2,none,fraction_lut_warp,fused/padded/thread_packet/x2/fraction_lut_warp,16384,1024,1024,8396800,16793600,8,1024,256,3,2,52,4.9579520225524902,0.095345231202932507,-44.4969482421875,1
2026-08-16T15:03:54Z,NVIDIA H200 NVL,screen,normal_0_1,dot,lns,lns4_r1,4,2,1,fp32,fused,padded,thread_packet,4,8,1,1,4,none,fraction_lut_warp,fused/padded/thread_packet/x4/fraction_lut_warp,16777216,0,1,16777216,33554432,8,512,256,3,0,49,4.9716801643371582,0.1014628604966767,-3268.5849609375,1
2026-08-16T15:03:54Z,NVIDIA H200 NVL,screen,normal_0_1,dot,lns,lns4_r1,4,2,1,fp32,fused,padded,thread_packet,4,8,1,1,4,none,fraction_lut_warp,fused/padded/thread_packet/x4/fraction_lut_warp,16777216,0,1,16777216,33554432,8,512,256,3,1,49,4.9700798988342285,0.10143020201702507,-3268.5849609375,1
2026-08-16T15:03:54Z,NVIDIA H200 NVL,screen,normal_0_1,dot,lns,lns4_r1,4,2,1,fp32,fused,padded,thread_packet,4,8,1,1,4,none,fraction_lut_warp,fused/padded/thread_packet/x4/fraction_lut_warp,16777216,0,1,16777216,33554432,8,512,256,3,2,49,4.9613761901855469,0.10125257530990912,-3268.5849609375,1
2026-08-16T15:03:54Z,NVIDIA H200 NVL,screen,normal_0_1,gemv,lns,lns4_r1,4,2,1,fp32,fused,padded,thread_packet,4,8,1,1,4,none,fraction_lut_warp,fused/padded/thread_packet/x4/fraction_lut_warp,16384,1024,1024,8396800,16793600,8,1024,256,3,0,53,4.8837761878967285,0.092146720526353365,-44.496963500976562,1
2026-08-16T15:03:54Z,NVIDIA H200 NVL,screen,normal_0_1,gemv,lns,lns4_r1,4,2,1,fp32,fused,padded,thread_packet,4,8,1,1,4,none,fraction_lut_warp,fused/padded/thread_packet/x4/fraction_lut_warp,16384,1024,1024,8396800,16793600,8,1024,256,3,1,53,4.8840641975402832,0.092152154670571376,-44.496963500976562,1
2026-08-16T15:03:54Z,NVIDIA H200 NVL,screen,normal_0_1,gemv,lns,lns4_r1,4,2,1,fp32,fused,padded,thread_packet,4,8,1,1,4,none,fraction_lut_warp,fused/padded/thread_packet/x4/fraction_lut_warp,16384,1024,1024,8396800,16793600,8,1024,256,3,2,53,4.8846077919006348,0.092162411167936512,-44.496963500976562,1
2026-08-16T15:03:54Z,NVIDIA H200 NVL,screen,normal_0_1,dot,lns,lns4_r1,4,2,1,fp32,fused,padded,thread_packet,8,8,1,1,8,none,fraction_lut_warp,fused/padded/thread_packet/x8/fraction_lut_warp,16777216,0,1,16777216,33554432,8,512,256,3,0,49,4.9580798149108887,0.10118530234512017,-3268.58447265625,1
2026-08-16T15:03:54Z,NVIDIA H200 NVL,screen,normal_0_1,dot,lns,lns4_r1,4,2,1,fp32,fused,padded,thread_packet,8,8,1,1,8,none,fraction_lut_warp,fused/padded/thread_packet/x8/fraction_lut_warp,16777216,0,1,16777216,33554432,8,512,256,3,1,49,4.9568638801574707,0.10116048735015247,-3268.58447265625,1
2026-08-16T15:03:54Z,NVIDIA H200 NVL,screen,normal_0_1,dot,lns,lns4_r1,4,2,1,fp32,fused,padded,thread_packet,8,8,1,1,8,none,fraction_lut_warp,fused/padded/thread_packet/x8/fraction_lut_warp,16777216,0,1,16777216,33554432,8,512,256,3,2,49,4.9569921493530273,0.10116310508883729,-3268.58447265625,1
2026-08-16T15:03:54Z,NVIDIA H200 NVL,screen,normal_0_1,gemv,lns,lns4_r1,4,2,1,fp32,fused,padded,thread_packet,8,8,1,1,8,none,fraction_lut_warp,fused/padded/thread_packet/x8/fraction_lut_warp,16384,1024,1024,8396800,16793600,8,1024,256,3,0,53,4.8676800727844238,0.091843020241215545,-44.496955871582031,1
2026-08-16T15:03:54Z,NVIDIA H200 NVL,screen,normal_0_1,gemv,lns,lns4_r1,4,2,1,fp32,fused,padded,thread_packet,8,8,1,1,8,none,fraction_lut_warp,fused/padded/thread_packet/x8/fraction_lut_warp,16384,1024,1024,8396800,16793600,8,1024,256,3,1,53,4.8684802055358887,0.091858117085582808,-44.496955871582031,1
2026-08-16T15:03:54Z,NVIDIA H200 NVL,screen,normal_0_1,gemv,lns,lns4_r1,4,2,1,fp32,fused,padded,thread_packet,8,8,1,1,8,none,fraction_lut_warp,fused/padded/thread_packet/x8/fraction_lut_warp,16384,1024,1024,8396800,16793600,8,1024,256,3,2,53,4.867487907409668,0.091839394479427697,-44.496955871582031,1
2026-08-16T15:03:54Z,NVIDIA H200 NVL,screen,normal_0_1,dot,lns,lns4_r1,4,2,1,fp32,fused,dense,cooperative_shuffle,8,32,1,8,1,warp_shuffle,fraction_lut_warp,fused/dense/cooperative_shuffle/x8/fraction_lut_warp,16777216,0,1,16777216,16777216,8,512,256,3,0,38,4.9249920845031738,0.12960505485534668,-3268.5849609375,1
2026-08-16T15:03:54Z,NVIDIA H200 NVL,screen,normal_0_1,dot,lns,lns4_r1,4,2,1,fp32,fused,dense,cooperative_shuffle,8,32,1,8,1,warp_shuffle,fraction_lut_warp,fused/dense/cooperative_shuffle/x8/fraction_lut_warp,16777216,0,1,16777216,16777216,8,512,256,3,1,38,4.9272642135620117,0.12966484772531608,-3268.5849609375,1
2026-08-16T15:03:54Z,NVIDIA H200 NVL,screen,normal_0_1,dot,lns,lns4_r1,4,2,1,fp32,fused,dense,cooperative_shuffle,8,32,1,8,1,warp_shuffle,fraction_lut_warp,fused/dense/cooperative_shuffle/x8/fraction_lut_warp,16777216,0,1,16777216,16777216,8,512,256,3,2,38,4.927584171295166,0.12967326766566226,-3268.5849609375,1
2026-08-16T15:03:54Z,NVIDIA H200 NVL,screen,normal_0_1,gemv,lns,lns4_r1,4,2,1,fp32,fused,dense,cooperative_shuffle,8,32,1,8,1,warp_shuffle,fraction_lut_warp,fused/dense/cooperative_shuffle/x8/fraction_lut_warp,16384,1024,1024,8396800,8396800,8,1024,256,3,0,43,4.9770560264587402,0.11574548898741256,-44.496925354003906,1
2026-08-16T15:03:54Z,NVIDIA H200 NVL,screen,normal_0_1,gemv,lns,lns4_r1,4,2,1,fp32,fused,dense,cooperative_shuffle,8,32,1,8,1,warp_shuffle,fraction_lut_warp,fused/dense/cooperative_shuffle/x8/fraction_lut_warp,16384,1024,1024,8396800,8396800,8,1024,256,3,1,43,4.9767360687255859,0.11573804810989735,-44.496925354003906,1
2026-08-16T15:03:54Z,NVIDIA H200 NVL,screen,normal_0_1,gemv,lns,lns4_r1,4,2,1,fp32,fused,dense,cooperative_shuffle,8,32,1,8,1,warp_shuffle,fraction_lut_warp,fused/dense/cooperative_shuffle/x8/fraction_lut_warp,16384,1024,1024,8396800,8396800,8,1024,256,3,2,43,4.9764480590820312,0.11573135021121003,-44.496925354003906,1
2026-08-16T15:03:54Z,NVIDIA H200 NVL,screen,normal_0_1,dot,lns,lns4_r1,4,2,1,fp32,fused,dense,scalar,1,32,1,1,1,none,pair_lut_global,fused/dense/scalar/x1/pair_lut_global,16777216,0,1,16777216,16777216,1024,512,256,3,0,116,4.7117118835449219,0.040618205892628635,-3268.5849609375,1
2026-08-16T15:03:54Z,NVIDIA H200 NVL,screen,normal_0_1,dot,lns,lns4_r1,4,2,1,fp32,fused,dense,scalar,1,32,1,1,1,none,pair_lut_global,fused/dense/scalar/x1/pair_lut_global,16777216,0,1,16777216,16777216,1024,512,256,3,1,116,4.6994881629943848,0.0405128289913309,-3268.5849609375,1
2026-08-16T15:03:54Z,NVIDIA H200 NVL,screen,normal_0_1,dot,lns,lns4_r1,4,2,1,fp32,fused,dense,scalar,1,32,1,1,1,none,pair_lut_global,fused/dense/scalar/x1/pair_lut_global,16777216,0,1,16777216,16777216,1024,512,256,3,2,116,4.703711986541748,0.04054924126329093,-3268.5849609375,1
2026-08-16T15:03:54Z,NVIDIA H200 NVL,screen,normal_0_1,gemv,lns,lns4_r1,4,2,1,fp32,fused,dense,scalar,1,32,1,1,1,none,pair_lut_global,fused/dense/scalar/x1/pair_lut_global,16384,1024,1024,8396800,8396800,1024,1024,256,3,0,115,4.7387199401855469,0.041206260349439541,-44.496925354003906,1
2026-08-16T15:03:54Z,NVIDIA H200 NVL,screen,normal_0_1,gemv,lns,lns4_r1,4,2,1,fp32,fused,dense,scalar,1,32,1,1,1,none,pair_lut_global,fused/dense/scalar/x1/pair_lut_global,16384,1024,1024,8396800,8396800,1024,1024,256,3,1,115,4.7665600776672363,0.041448348501454228,-44.496925354003906,1
2026-08-16T15:03:54Z,NVIDIA H200 NVL,screen,normal_0_1,gemv,lns,lns4_r1,4,2,1,fp32,fused,dense,scalar,1,32,1,1,1,none,pair_lut_global,fused/dense/scalar/x1/pair_lut_global,16384,1024,1024,8396800,8396800,1024,1024,256,3,2,115,4.745664119720459,0.041266644519308338,-44.496925354003906,1
2026-08-16T15:03:54Z,NVIDIA H200 NVL,screen,normal_0_1,dot,lns,lns4_r1,4,2,1,fp32,fused,padded,scalar,1,8,1,1,1,none,pair_lut_global,fused/padded/scalar/x1/pair_lut_global,16777216,0,1,16777216,33554432,1024,512,256,3,0,130,4.679135799407959,0.035993352303138146,-3268.5849609375,1
2026-08-16T15:03:54Z,NVIDIA H200 NVL,screen,normal_0_1,dot,lns,lns4_r1,4,2,1,fp32,fused,padded,scalar,1,8,1,1,1,none,pair_lut_global,fused/padded/scalar/x1/pair_lut_global,16777216,0,1,16777216,33554432,1024,512,256,3,1,130,4.6793599128723145,0.03599507625286396,-3268.5849609375,1
2026-08-16T15:03:54Z,NVIDIA H200 NVL,screen,normal_0_1,dot,lns,lns4_r1,4,2,1,fp32,fused,padded,scalar,1,8,1,1,1,none,pair_lut_global,fused/padded/scalar/x1/pair_lut_global,16777216,0,1,16777216,33554432,1024,512,256,3,2,130,4.6769599914550781,0.035976615318885213,-3268.5849609375,1
2026-08-16T15:03:54Z,NVIDIA H200 NVL,screen,normal_0_1,gemv,lns,lns4_r1,4,2,1,fp32,fused,padded,scalar,1,8,1,1,1,none,pair_lut_global,fused/padded/scalar/x1/pair_lut_global,16384,1024,1024,8396800,16793600,1024,1024,256,3,0,179,4.6067838668823242,0.025736222720012983,-44.496925354003906,1
2026-08-16T15:03:54Z,NVIDIA H200 NVL,screen,normal_0_1,gemv,lns,lns4_r1,4,2,1,fp32,fused,padded,scalar,1,8,1,1,1,none,pair_lut_global,fused/padded/scalar/x1/pair_lut_global,16384,1024,1024,8396800,16793600,1024,1024,256,3,1,179,4.6040639877319336,0.02572102786442421,-44.496925354003906,1
2026-08-16T15:03:54Z,NVIDIA H200 NVL,screen,normal_0_1,gemv,lns,lns4_r1,4,2,1,fp32,fused,padded,scalar,1,8,1,1,1,none,pair_lut_global,fused/padded/scalar/x1/pair_lut_global,16384,1024,1024,8396800,16793600,1024,1024,256,3,2,179,4.6069440841674805,0.025737117788645143,-44.496925354003906,1
2026-08-16T15:03:54Z,NVIDIA H200 NVL,screen,normal_0_1,dot,lns,lns4_r1,4,2,1,fp32,fused,dense,thread_packet,2,32,1,1,2,none,pair_lut_global,fused/dense/thread_packet/x2/pair_lut_global,16777216,0,1,16777216,16777216,1024,512,256,3,0,125,4.7154240608215332,0.037723392486572263,-3268.5859375,1
2026-08-16T15:03:54Z,NVIDIA H200 NVL,screen,normal_0_1,dot,lns,lns4_r1,4,2,1,fp32,fused,dense,thread_packet,2,32,1,1,2,none,pair_lut_global,fused/dense/thread_packet/x2/pair_lut_global,16777216,0,1,16777216,16777216,1024,512,256,3,1,125,4.7119040489196777,0.037695232391357421,-3268.5859375,1
2026-08-16T15:03:54Z,NVIDIA H200 NVL,screen,normal_0_1,dot,lns,lns4_r1,4,2,1,fp32,fused,dense,thread_packet,2,32,1,1,2,none,pair_lut_global,fused/dense/thread_packet/x2/pair_lut_global,16777216,0,1,16777216,16777216,1024,512,256,3,2,125,4.7092480659484863,0.037673984527587891,-3268.5859375,1
2026-08-16T15:03:54Z,NVIDIA H200 NVL,screen,normal_0_1,gemv,lns,lns4_r1,4,2,1,fp32,fused,dense,thread_packet,2,32,1,1,2,none,pair_lut_global,fused/dense/thread_packet/x2/pair_lut_global,16384,1024,1024,8396800,8396800,1024,1024,256,3,0,117,4.706751823425293,0.040228648063464045,-44.4969482421875,1
2026-08-16T15:03:54Z,NVIDIA H200 NVL,screen,normal_0_1,gemv,lns,lns4_r1,4,2,1,fp32,fused,dense,thread_packet,2,32,1,1,2,none,pair_lut_global,fused/dense/thread_packet/x2/pair_lut_global,16384,1024,1024,8396800,8396800,1024,1024,256,3,1,117,4.6900157928466797,0.040085605067065641,-44.4969482421875,1
2026-08-16T15:03:54Z,NVIDIA H200 NVL,screen,normal_0_1,gemv,lns,lns4_r1,4,2,1,fp32,fused,dense,thread_packet,2,32,1,1,2,none,pair_lut_global,fused/dense/thread_packet/x2/pair_lut_global,16384,1024,1024,8396800,8396800,1024,1024,256,3,2,117,4.6936001777648926,0.040116240835597373,-44.4969482421875,1
2026-08-16T15:03:54Z,NVIDIA H200 NVL,screen,normal_0_1,dot,lns,lns4_r1,4,2,1,fp32,fused,dense,thread_packet,4,32,1,1,4,none,pair_lut_global,fused/dense/thread_packet/x4/pair_lut_global,16777216,0,1,16777216,16777216,1024,512,256,3,0,142,4.6611838340759277,0.032825238268140336,-3268.5849609375,1
2026-08-16T15:03:54Z,NVIDIA H200 NVL,screen,normal_0_1,dot,lns,lns4_r1,4,2,1,fp32,fused,dense,thread_packet,4,32,1,1,4,none,pair_lut_global,fused/dense/thread_packet/x4/pair_lut_global,16777216,0,1,16777216,16777216,1024,512,256,3,1,142,4.6651201248168945,0.032852958625471086,-3268.5849609375,1
2026-08-16T15:03:54Z,NVIDIA H200 NVL,screen,normal_0_1,dot,lns,lns4_r1,4,2,1,fp32,fused,dense,thread_packet,4,32,1,1,4,none,pair_lut_global,fused/dense/thread_packet/x4/pair_lut_global,16777216,0,1,16777216,16777216,1024,512,256,3,2,142,4.6616320610046387,0.032828394795807313,-3268.5849609375,1
2026-08-16T15:03:54Z,NVIDIA H200 NVL,screen,normal_0_1,gemv,lns,lns4_r1,4,2,1,fp32,fused,dense,thread_packet,4,32,1,1,4,none,pair_lut_global,fused/dense/thread_packet/x4/pair_lut_global,16384,1024,1024,8396800,8396800,1024,1024,256,3,0,128,4.7436800003051758,0.037060000002384186,-44.496963500976562,1
2026-08-16T15:03:54Z,NVIDIA H200 NVL,screen,normal_0_1,gemv,lns,lns4_r1,4,2,1,fp32,fused,dense,thread_packet,4,32,1,1,4,none,pair_lut_global,fused/dense/thread_packet/x4/pair_lut_global,16384,1024,1024,8396800,8396800,1024,1024,256,3,1,128,4.7394561767578125,0.03702700138092041,-44.496963500976562,1
2026-08-16T15:03:54Z,NVIDIA H200 NVL,screen,normal_0_1,gemv,lns,lns4_r1,4,2,1,fp32,fused,dense,thread_packet,4,32,1,1,4,none,pair_lut_global,fused/dense/thread_packet/x4/pair_lut_global,16384,1024,1024,8396800,8396800,1024,1024,256,3,2,128,4.7375998497009277,0.037012498825788498,-44.496963500976562,1
2026-08-16T15:03:54Z,NVIDIA H200 NVL,screen,normal_0_1,dot,lns,lns4_r1,4,2,1,fp32,fused,dense,thread_packet,8,32,1,1,8,none,pair_lut_global,fused/dense/thread_packet/x8/pair_lut_global,16777216,0,1,16777216,16777216,1024,512,256,3,0,218,4.4244160652160645,0.020295486537688368,-3268.58447265625,1
2026-08-16T15:03:54Z,NVIDIA H200 NVL,screen,normal_0_1,dot,lns,lns4_r1,4,2,1,fp32,fused,dense,thread_packet,8,32,1,1,8,none,pair_lut_global,fused/dense/thread_packet/x8/pair_lut_global,16777216,0,1,16777216,16777216,1024,512,256,3,1,218,4.4159998893737793,0.020256880226485228,-3268.58447265625,1
2026-08-16T15:03:54Z,NVIDIA H200 NVL,screen,normal_0_1,dot,lns,lns4_r1,4,2,1,fp32,fused,dense,thread_packet,8,32,1,1,8,none,pair_lut_global,fused/dense/thread_packet/x8/pair_lut_global,16777216,0,1,16777216,16777216,1024,512,256,3,2,218,4.4130558967590332,0.020243375673206575,-3268.58447265625,1
2026-08-16T15:03:54Z,NVIDIA H200 NVL,screen,normal_0_1,gemv,lns,lns4_r1,4,2,1,fp32,fused,dense,thread_packet,8,32,1,1,8,none,pair_lut_global,fused/dense/thread_packet/x8/pair_lut_global,16384,1024,1024,8396800,8396800,1024,1024,256,3,0,144,4.6985278129577637,0.032628665367762245,-44.496955871582031,1
2026-08-16T15:03:54Z,NVIDIA H200 NVL,screen,normal_0_1,gemv,lns,lns4_r1,4,2,1,fp32,fused,dense,thread_packet,8,32,1,1,8,none,pair_lut_global,fused/dense/thread_packet/x8/pair_lut_global,16384,1024,1024,8396800,8396800,1024,1024,256,3,1,144,4.697120189666748,0.032618890206019081,-44.496955871582031,1
2026-08-16T15:03:54Z,NVIDIA H200 NVL,screen,normal_0_1,gemv,lns,lns4_r1,4,2,1,fp32,fused,dense,thread_packet,8,32,1,1,8,none,pair_lut_global,fused/dense/thread_packet/x8/pair_lut_global,16384,1024,1024,8396800,8396800,1024,1024,256,3,2,144,4.6963839530944824,0.032613777452045016,-44.496955871582031,1
2026-08-16T15:03:54Z,NVIDIA H200 NVL,screen,normal_0_1,dot,lns,lns4_r1,4,2,1,fp32,fused,padded,thread_packet,2,8,1,1,2,none,pair_lut_global,fused/padded/thread_packet/x2/pair_lut_global,16777216,0,1,16777216,33554432,1024,512,256,3,0,183,4.5983362197875977,0.025127520326708185,-3268.5859375,1
2026-08-16T15:03:54Z,NVIDIA H200 NVL,screen,normal_0_1,dot,lns,lns4_r1,4,2,1,fp32,fused,padded,thread_packet,2,8,1,1,2,none,pair_lut_global,fused/padded/thread_packet/x2/pair_lut_global,16777216,0,1,16777216,33554432,1024,512,256,3,1,183,4.596992015838623,0.025120174949937832,-3268.5859375,1
2026-08-16T15:03:54Z,NVIDIA H200 NVL,screen,normal_0_1,dot,lns,lns4_r1,4,2,1,fp32,fused,padded,thread_packet,2,8,1,1,2,none,pair_lut_global,fused/padded/thread_packet/x2/pair_lut_global,16777216,0,1,16777216,33554432,1024,512,256,3,2,183,4.5938558578491211,0.025103037474585362,-3268.5859375,1
2026-08-16T15:03:54Z,NVIDIA H200 NVL,screen,normal_0_1,gemv,lns,lns4_r1,4,2,1,fp32,fused,padded,thread_packet,2,8,1,1,2,none,pair_lut_global,fused/padded/thread_packet/x2/pair_lut_global,16384,1024,1024,8396800,16793600,1024,1024,256,3,0,207,4.5556159019470215,0.022007806289599138,-44.4969482421875,1
2026-08-16T15:03:54Z,NVIDIA H200 NVL,screen,normal_0_1,gemv,lns,lns4_r1,4,2,1,fp32,fused,padded,thread_packet,2,8,1,1,2,none,pair_lut_global,fused/padded/thread_packet/x2/pair_lut_global,16384,1024,1024,8396800,16793600,1024,1024,256,3,1,207,4.5571517944335938,0.02201522606006567,-44.4969482421875,1
2026-08-16T15:03:54Z,NVIDIA H200 NVL,screen,normal_0_1,gemv,lns,lns4_r1,4,2,1,fp32,fused,padded,thread_packet,2,8,1,1,2,none,pair_lut_global,fused/padded/thread_packet/x2/pair_lut_global,16384,1024,1024,8396800,16793600,1024,1024,256,3,2,207,4.5580158233642578,0.022019400112870811,-44.4969482421875,1
2026-08-16T15:03:54Z,NVIDIA H200 NVL,screen,normal_0_1,dot,lns,lns4_r1,4,2,1,fp32,fused,padded,thread_packet,4,8,1,1,4,none,pair_lut_global,fused/padded/thread_packet/x4/pair_lut_global,16777216,0,1,16777216,33554432,1024,512,256,3,0,203,4.5771198272705078,0.02254738831167738,-3268.5849609375,1
2026-08-16T15:03:54Z,NVIDIA H200 NVL,screen,normal_0_1,dot,lns,lns4_r1,4,2,1,fp32,fused,padded,thread_packet,4,8,1,1,4,none,pair_lut_global,fused/padded/thread_packet/x4/pair_lut_global,16777216,0,1,16777216,33554432,1024,512,256,3,1,203,4.5806078910827637,0.022564570892033318,-3268.5849609375,1
2026-08-16T15:03:54Z,NVIDIA H200 NVL,screen,normal_0_1,dot,lns,lns4_r1,4,2,1,fp32,fused,padded,thread_packet,4,8,1,1,4,none,pair_lut_global,fused/padded/thread_packet/x4/pair_lut_global,16777216,0,1,16777216,33554432,1024,512,256,3,2,203,4.5738239288330078,0.02253115235878329,-3268.5849609375,1
2026-08-16T15:03:54Z,NVIDIA H200 NVL,screen,normal_0_1,gemv,lns,lns4_r1,4,2,1,fp32,fused,padded,thread_packet,4,8,1,1,4,none,pair_lut_global,fused/padded/thread_packet/x4/pair_lut_global,16384,1024,1024,8396800,16793600,1024,1024,256,3,0,242,4.4258561134338379,0.018288661625759661,-44.496963500976562,1
2026-08-16T15:03:54Z,NVIDIA H200 NVL,screen,normal_0_1,gemv,lns,lns4_r1,4,2,1,fp32,fused,padded,thread_packet,4,8,1,1,4,none,pair_lut_global,fused/padded/thread_packet/x4/pair_lut_global,16384,1024,1024,8396800,16793600,1024,1024,256,3,1,242,4.4233598709106445,0.018278346574010926,-44.496963500976562,1
2026-08-16T15:03:54Z,NVIDIA H200 NVL,screen,normal_0_1,gemv,lns,lns4_r1,4,2,1,fp32,fused,padded,thread_packet,4,8,1,1,4,none,pair_lut_global,fused/padded/thread_packet/x4/pair_lut_global,16384,1024,1024,8396800,16793600,1024,1024,256,3,2,242,4.4209918975830078,0.018268561560260362,-44.496963500976562,1
2026-08-16T15:03:54Z,NVIDIA H200 NVL,screen,normal_0_1,dot,lns,lns4_r1,4,2,1,fp32,fused,padded,thread_packet,8,8,1,1,8,none,pair_lut_global,fused/padded/thread_packet/x8/pair_lut_global,16777216,0,1,16777216,33554432,1024,512,256,3,0,210,4.5306239128112793,0.021574399584815617,-3268.58447265625,1
2026-08-16T15:03:54Z,NVIDIA H200 NVL,screen,normal_0_1,dot,lns,lns4_r1,4,2,1,fp32,fused,padded,thread_packet,8,8,1,1,8,none,pair_lut_global,fused/padded/thread_packet/x8/pair_lut_global,16777216,0,1,16777216,33554432,1024,512,256,3,1,210,4.5347518920898438,0.021594056628999256,-3268.58447265625,1
2026-08-16T15:03:54Z,NVIDIA H200 NVL,screen,normal_0_1,dot,lns,lns4_r1,4,2,1,fp32,fused,padded,thread_packet,8,8,1,1,8,none,pair_lut_global,fused/padded/thread_packet/x8/pair_lut_global,16777216,0,1,16777216,33554432,1024,512,256,3,2,210,4.5275521278381348,0.02155977203732445,-3268.58447265625,1
2026-08-16T15:03:54Z,NVIDIA H200 NVL,screen,normal_0_1,gemv,lns,lns4_r1,4,2,1,fp32,fused,padded,thread_packet,8,8,1,1,8,none,pair_lut_global,fused/padded/thread_packet/x8/pair_lut_global,16384,1024,1024,8396800,16793600,1024,1024,256,3,0,249,4.3927998542785645,0.017641766483046443,-44.496955871582031,1
2026-08-16T15:03:54Z,NVIDIA H200 NVL,screen,normal_0_1,gemv,lns,lns4_r1,4,2,1,fp32,fused,padded,thread_packet,8,8,1,1,8,none,pair_lut_global,fused/padded/thread_packet/x8/pair_lut_global,16384,1024,1024,8396800,16793600,1024,1024,256,3,1,249,4.3903040885925293,0.017631743327680839,-44.496955871582031,1
2026-08-16T15:03:54Z,NVIDIA H200 NVL,screen,normal_0_1,gemv,lns,lns4_r1,4,2,1,fp32,fused,padded,thread_packet,8,8,1,1,8,none,pair_lut_global,fused/padded/thread_packet/x8/pair_lut_global,16384,1024,1024,8396800,16793600,1024,1024,256,3,2,249,4.403264045715332,0.017683791348254346,-44.496955871582031,1
2026-08-16T15:03:54Z,NVIDIA H200 NVL,screen,normal_0_1,dot,lns,lns4_r1,4,2,1,fp32,fused,dense,cooperative_shuffle,8,32,1,8,1,warp_shuffle,pair_lut_global,fused/dense/cooperative_shuffle/x8/pair_lut_global,16777216,0,1,16777216,16777216,1024,512,256,3,0,73,4.8303041458129883,0.066168549942643679,-3268.5849609375,1
2026-08-16T15:03:54Z,NVIDIA H200 NVL,screen,normal_0_1,dot,lns,lns4_r1,4,2,1,fp32,fused,dense,cooperative_shuffle,8,32,1,8,1,warp_shuffle,pair_lut_global,fused/dense/cooperative_shuffle/x8/pair_lut_global,16777216,0,1,16777216,16777216,1024,512,256,3,1,73,4.8279681205749512,0.066136549596917144,-3268.5849609375,1
2026-08-16T15:03:54Z,NVIDIA H200 NVL,screen,normal_0_1,dot,lns,lns4_r1,4,2,1,fp32,fused,dense,cooperative_shuffle,8,32,1,8,1,warp_shuffle,pair_lut_global,fused/dense/cooperative_shuffle/x8/pair_lut_global,16777216,0,1,16777216,16777216,1024,512,256,3,2,73,4.8272638320922852,0.066126901809483357,-3268.5849609375,1
2026-08-16T15:03:54Z,NVIDIA H200 NVL,screen,normal_0_1,gemv,lns,lns4_r1,4,2,1,fp32,fused,dense,cooperative_shuffle,8,32,1,8,1,warp_shuffle,pair_lut_global,fused/dense/cooperative_shuffle/x8/pair_lut_global,16384,1024,1024,8396800,8396800,1024,1024,256,3,0,106,4.7619519233703613,0.044924074748776993,-44.496925354003906,1
2026-08-16T15:03:54Z,NVIDIA H200 NVL,screen,normal_0_1,gemv,lns,lns4_r1,4,2,1,fp32,fused,dense,cooperative_shuffle,8,32,1,8,1,warp_shuffle,pair_lut_global,fused/dense/cooperative_shuffle/x8/pair_lut_global,16384,1024,1024,8396800,8396800,1024,1024,256,3,1,106,4.7411518096923828,0.044727847261248892,-44.496925354003906,1
2026-08-16T15:03:54Z,NVIDIA H200 NVL,screen,normal_0_1,gemv,lns,lns4_r1,4,2,1,fp32,fused,dense,cooperative_shuffle,8,32,1,8,1,warp_shuffle,pair_lut_global,fused/dense/cooperative_shuffle/x8/pair_lut_global,16384,1024,1024,8396800,8396800,1024,1024,256,3,2,106,4.7387838363647461,0.044705507890233455,-44.496925354003906,1
2026-08-16T15:03:54Z,NVIDIA H200 NVL,screen,normal_0_1,dot,lns,lns4_r1,4,2,1,fp32,fused,dense,scalar,1,32,1,1,1,none,pair_lut_shared,fused/dense/scalar/x1/pair_lut_shared,16777216,0,1,16777216,16777216,1024,512,256,3,0,127,4.717951774597168,0.037149226571631243,-3268.5849609375,1
2026-08-16T15:03:54Z,NVIDIA H200 NVL,screen,normal_0_1,dot,lns,lns4_r1,4,2,1,fp32,fused,dense,scalar,1,32,1,1,1,none,pair_lut_shared,fused/dense/scalar/x1/pair_lut_shared,16777216,0,1,16777216,16777216,1024,512,256,3,1,127,4.7206082344055176,0.037170143577996202,-3268.5849609375,1
2026-08-16T15:03:54Z,NVIDIA H200 NVL,screen,normal_0_1,dot,lns,lns4_r1,4,2,1,fp32,fused,dense,scalar,1,32,1,1,1,none,pair_lut_shared,fused/dense/scalar/x1/pair_lut_shared,16777216,0,1,16777216,16777216,1024,512,256,3,2,127,4.7200641632080078,0.03716585955281896,-3268.5849609375,1
2026-08-16T15:03:54Z,NVIDIA H200 NVL,screen,normal_0_1,gemv,lns,lns4_r1,4,2,1,fp32,fused,dense,scalar,1,32,1,1,1,none,pair_lut_shared,fused/dense/scalar/x1/pair_lut_shared,16384,1024,1024,8396800,8396800,1024,1024,256,3,0,131,4.7451519966125488,0.036222534325286632,-44.496925354003906,1
2026-08-16T15:03:54Z,NVIDIA H200 NVL,screen,normal_0_1,gemv,lns,lns4_r1,4,2,1,fp32,fused,dense,scalar,1,32,1,1,1,none,pair_lut_shared,fused/dense/scalar/x1/pair_lut_shared,16384,1024,1024,8396800,8396800,1024,1024,256,3,1,131,4.7440638542175293,0.036214227894790299,-44.496925354003906,1
2026-08-16T15:03:54Z,NVIDIA H200 NVL,screen,normal_0_1,gemv,lns,lns4_r1,4,2,1,fp32,fused,dense,scalar,1,32,1,1,1,none,pair_lut_shared,fused/dense/scalar/x1/pair_lut_shared,16384,1024,1024,8396800,8396800,1024,1024,256,3,2,131,4.7447037696838379,0.036219112745678149,-44.496925354003906,1
2026-08-16T15:03:54Z,NVIDIA H200 NVL,screen,normal_0_1,dot,lns,lns4_r1,4,2,1,fp32,fused,padded,scalar,1,8,1,1,1,none,pair_lut_shared,fused/padded/scalar/x1/pair_lut_shared,16777216,0,1,16777216,33554432,1024,512,256,3,0,139,4.704319953918457,0.033844028445456524,-3268.5849609375,1
2026-08-16T15:03:54Z,NVIDIA H200 NVL,screen,normal_0_1,dot,lns,lns4_r1,4,2,1,fp32,fused,padded,scalar,1,8,1,1,1,none,pair_lut_shared,fused/padded/scalar/x1/pair_lut_shared,16777216,0,1,16777216,33554432,1024,512,256,3,1,139,4.7024641036987305,0.033830677005026837,-3268.5849609375,1
2026-08-16T15:03:54Z,NVIDIA H200 NVL,screen,normal_0_1,dot,lns,lns4_r1,4,2,1,fp32,fused,padded,scalar,1,8,1,1,1,none,pair_lut_shared,fused/padded/scalar/x1/pair_lut_shared,16777216,0,1,16777216,33554432,1024,512,256,3,2,139,4.7019519805908203,0.033826992666121013,-3268.5849609375,1
2026-08-16T15:03:54Z,NVIDIA H200 NVL,screen,normal_0_1,gemv,lns,lns4_r1,4,2,1,fp32,fused,padded,scalar,1,8,1,1,1,none,pair_lut_shared,fused/padded/scalar/x1/pair_lut_shared,16384,1024,1024,8396800,16793600,1024,1024,256,3,0,191,4.5202879905700684,0.023666429270000358,-44.496925354003906,1
2026-08-16T15:03:54Z,NVIDIA H200 NVL,screen,normal_0_1,gemv,lns,lns4_r1,4,2,1,fp32,fused,padded,scalar,1,8,1,1,1,none,pair_lut_shared,fused/padded/scalar/x1/pair_lut_shared,16384,1024,1024,8396800,16793600,1024,1024,256,3,1,191,4.508063793182373,0.023602428236556929,-44.496925354003906,1
2026-08-16T15:03:54Z,NVIDIA H200 NVL,screen,normal_0_1,gemv,lns,lns4_r1,4,2,1,fp32,fused,padded,scalar,1,8,1,1,1,none,pair_lut_shared,fused/padded/scalar/x1/pair_lut_shared,16384,1024,1024,8396800,16793600,1024,1024,256,3,2,191,4.5075201988220215,0.023599582192785452,-44.496925354003906,1
2026-08-16T15:03:54Z,NVIDIA H200 NVL,screen,normal_0_1,dot,lns,lns4_r1,4,2,1,fp32,fused,dense,thread_packet,2,32,1,1,2,none,pair_lut_shared,fused/dense/thread_packet/x2/pair_lut_shared,16777216,0,1,16777216,16777216,1024,512,256,3,0,134,4.6650238037109375,0.034813610475454761,-3268.5859375,1
2026-08-16T15:03:54Z,NVIDIA H200 NVL,screen,normal_0_1,dot,lns,lns4_r1,4,2,1,fp32,fused,dense,thread_packet,2,32,1,1,2,none,pair_lut_shared,fused/dense/thread_packet/x2/pair_lut_shared,16777216,0,1,16777216,16777216,1024,512,256,3,1,134,4.6645760536193848,0.034810269056861083,-3268.5859375,1
2026-08-16T15:03:54Z,NVIDIA H200 NVL,screen,normal_0_1,dot,lns,lns4_r1,4,2,1,fp32,fused,dense,thread_packet,2,32,1,1,2,none,pair_lut_shared,fused/dense/thread_packet/x2/pair_lut_shared,16777216,0,1,16777216,16777216,1024,512,256,3,2,134,4.6543359756469727,0.034733850564529649,-3268.5859375,1
2026-08-16T15:03:54Z,NVIDIA H200 NVL,screen,normal_0_1,gemv,lns,lns4_r1,4,2,1,fp32,fused,dense,thread_packet,2,32,1,1,2,none,pair_lut_shared,fused/dense/thread_packet/x2/pair_lut_shared,16384,1024,1024,8396800,8396800,1024,1024,256,3,0,133,4.7263360023498535,0.03553636091992371,-44.4969482421875,1
2026-08-16T15:03:54Z,NVIDIA H200 NVL,screen,normal_0_1,gemv,lns,lns4_r1,4,2,1,fp32,fused,dense,thread_packet,2,32,1,1,2,none,pair_lut_shared,fused/dense/thread_packet/x2/pair_lut_shared,16384,1024,1024,8396800,8396800,1024,1024,256,3,1,133,4.7246718406677246,0.035523848426073118,-44.4969482421875,1
2026-08-16T15:03:54Z,NVIDIA H200 NVL,screen,normal_0_1,gemv,lns,lns4_r1,4,2,1,fp32,fused,dense,thread_packet,2,32,1,1,2,none,pair_lut_shared,fused/dense/thread_packet/x2/pair_lut_shared,16384,1024,1024,8396800,8396800,1024,1024,256,3,2,133,4.7270078659057617,0.035541412525607233,-44.4969482421875,1
2026-08-16T15:03:54Z,NVIDIA H200 NVL,screen,normal_0_1,dot,lns,lns4_r1,4,2,1,fp32,fused,dense,thread_packet,4,32,1,1,4,none,pair_lut_shared,fused/dense/thread_packet/x4/pair_lut_shared,16777216,0,1,16777216,16777216,1024,512,256,3,0,149,4.6248002052307129,0.03103892755188398,-3268.5849609375,1
2026-08-16T15:03:54Z,NVIDIA H200 NVL,screen,normal_0_1,dot,lns,lns4_r1,4,2,1,fp32,fused,dense,thread_packet,4,32,1,1,4,none,pair_lut_shared,fused/dense/thread_packet/x4/pair_lut_shared,16777216,0,1,16777216,16777216,1024,512,256,3,1,149,4.6223359107971191,0.031022388663067915,-3268.5849609375,1
2026-08-16T15:03:54Z,NVIDIA H200 NVL,screen,normal_0_1,dot,lns,lns4_r1,4,2,1,fp32,fused,dense,thread_packet,4,32,1,1,4,none,pair_lut_shared,fused/dense/thread_packet/x4/pair_lut_shared,16777216,0,1,16777216,16777216,1024,512,256,3,2,149,4.6213760375976562,0.031015946561058095,-3268.5849609375,1
2026-08-16T15:03:54Z,NVIDIA H200 NVL,screen,normal_0_1,gemv,lns,lns4_r1,4,2,1,fp32,fused,dense,thread_packet,4,32,1,1,4,none,pair_lut_shared,fused/dense/thread_packet/x4/pair_lut_shared,16384,1024,1024,8396800,8396800,1024,1024,256,3,0,132,4.7127680778503418,0.035702788468563194,-44.496963500976562,1
2026-08-16T15:03:54Z,NVIDIA H200 NVL,screen,normal_0_1,gemv,lns,lns4_r1,4,2,1,fp32,fused,dense,thread_packet,4,32,1,1,4,none,pair_lut_shared,fused/dense/thread_packet/x4/pair_lut_shared,16384,1024,1024,8396800,8396800,1024,1024,256,3,1,132,4.7108478546142578,0.035688241322835289,-44.496963500976562,1
2026-08-16T15:03:54Z,NVIDIA H200 NVL,screen,normal_0_1,gemv,lns,lns4_r1,4,2,1,fp32,fused,dense,thread_packet,4,32,1,1,4,none,pair_lut_shared,fused/dense/thread_packet/x4/pair_lut_shared,16384,1024,1024,8396800,8396800,1024,1024,256,3,2,132,4.7111678123474121,0.035690665245056152,-44.496963500976562,1
2026-08-16T15:03:54Z,NVIDIA H200 NVL,screen,normal_0_1,dot,lns,lns4_r1,4,2,1,fp32,fused,dense,thread_packet,8,32,1,1,8,none,pair_lut_shared,fused/dense/thread_packet/x8/pair_lut_shared,16777216,0,1,16777216,16777216,1024,512,256,3,0,195,4.5567998886108398,0.023368204556978665,-3268.58447265625,1
2026-08-16T15:03:54Z,NVIDIA H200 NVL,screen,normal_0_1,dot,lns,lns4_r1,4,2,1,fp32,fused,dense,thread_packet,8,32,1,1,8,none,pair_lut_shared,fused/dense/thread_packet/x8/pair_lut_shared,16777216,0,1,16777216,16777216,1024,512,256,3,1,195,4.5563840866088867,0.02336607223901993,-3268.58447265625,1
2026-08-16T15:03:54Z,NVIDIA H200 NVL,screen,normal_0_1,dot,lns,lns4_r1,4,2,1,fp32,fused,dense,thread_packet,8,32,1,1,8,none,pair_lut_shared,fused/dense/thread_packet/x8/pair_lut_shared,16777216,0,1,16777216,16777216,1024,512,256,3,2,195,4.5589442253112793,0.023379201155442456,-3268.58447265625,1
2026-08-16T15:03:54Z,NVIDIA H200 NVL,screen,normal_0_1,gemv,lns,lns4_r1,4,2,1,fp32,fused,dense,thread_packet,8,32,1,1,8,none,pair_lut_shared,fused/dense/thread_packet/x8/pair_lut_shared,16384,1024,1024,8396800,8396800,1024,1024,256,3,0,142,4.6559357643127441,0.032788280030371438,-44.496955871582031,1
2026-08-16T15:03:54Z,NVIDIA H200 NVL,screen,normal_0_1,gemv,lns,lns4_r1,4,2,1,fp32,fused,dense,thread_packet,8,32,1,1,8,none,pair_lut_shared,fused/dense/thread_packet/x8/pair_lut_shared,16384,1024,1024,8396800,8396800,1024,1024,256,3,1,142,4.648223876953125,0.032733970964458625,-44.496955871582031,1
2026-08-16T15:03:54Z,NVIDIA H200 NVL,screen,normal_0_1,gemv,lns,lns4_r1,4,2,1,fp32,fused,dense,thread_packet,8,32,1,1,8,none,pair_lut_shared,fused/dense/thread_packet/x8/pair_lut_shared,16384,1024,1024,8396800,8396800,1024,1024,256,3,2,142,4.6463041305541992,0.032720451623621125,-44.496955871582031,1
2026-08-16T15:03:54Z,NVIDIA H200 NVL,screen,normal_0_1,dot,lns,lns4_r1,4,2,1,fp32,fused,padded,thread_packet,2,8,1,1,2,none,pair_lut_shared,fused/padded/thread_packet/x2/pair_lut_shared,16777216,0,1,16777216,33554432,1024,512,256,3,0,197,4.5720000267028809,0.023208121962958787,-3268.5859375,1
2026-08-16T15:03:54Z,NVIDIA H200 NVL,screen,normal_0_1,dot,lns,lns4_r1,4,2,1,fp32,fused,padded,thread_packet,2,8,1,1,2,none,pair_lut_shared,fused/padded/thread_packet/x2/pair_lut_shared,16777216,0,1,16777216,33554432,1024,512,256,3,1,197,4.5688638687133789,0.02319220237925573,-3268.5859375,1
2026-08-16T15:03:54Z,NVIDIA H200 NVL,screen,normal_0_1,dot,lns,lns4_r1,4,2,1,fp32,fused,padded,thread_packet,2,8,1,1,2,none,pair_lut_shared,fused/padded/thread_packet/x2/pair_lut_shared,16777216,0,1,16777216,33554432,1024,512,256,3,2,197,4.5730881690979004,0.02321364552841574,-3268.5859375,1
2026-08-16T15:03:54Z,NVIDIA H200 NVL,screen,normal_0_1,gemv,lns,lns4_r1,4,2,1,fp32,fused,padded,thread_packet,2,8,1,1,2,none,pair_lut_shared,fused/padded/thread_packet/x2/pair_lut_shared,16384,1024,1024,8396800,16793600,1024,1024,256,3,0,224,4.496863842010498,0.020075285008975437,-44.4969482421875,1
2026-08-16T15:03:54Z,NVIDIA H200 NVL,screen,normal_0_1,gemv,lns,lns4_r1,4,2,1,fp32,fused,padded,thread_packet,2,8,1,1,2,none,pair_lut_shared,fused/padded/thread_packet/x2/pair_lut_shared,16384,1024,1024,8396800,16793600,1024,1024,256,3,1,224,4.5002880096435547,0.020090571471623013,-44.4969482421875,1
2026-08-16T15:03:54Z,NVIDIA H200 NVL,screen,normal_0_1,gemv,lns,lns4_r1,4,2,1,fp32,fused,padded,thread_packet,2,8,1,1,2,none,pair_lut_shared,fused/padded/thread_packet/x2/pair_lut_shared,16384,1024,1024,8396800,16793600,1024,1024,256,3,2,224,4.5022082328796387,0.020099143896784102,-44.4969482421875,1
2026-08-16T15:03:54Z,NVIDIA H200 NVL,screen,normal_0_1,dot,lns,lns4_r1,4,2,1,fp32,fused,padded,thread_packet,4,8,1,1,4,none,pair_lut_shared,fused/padded/thread_packet/x4/pair_lut_shared,16777216,0,1,16777216,33554432,1024,512,256,3,0,213,4.5382399559020996,0.021306290872779809,-3268.5849609375,1
2026-08-16T15:03:54Z,NVIDIA H200 NVL,screen,normal_0_1,dot,lns,lns4_r1,4,2,1,fp32,fused,padded,thread_packet,4,8,1,1,4,none,pair_lut_shared,fused/padded/thread_packet/x4/pair_lut_shared,16777216,0,1,16777216,33554432,1024,512,256,3,1,213,4.5375680923461914,0.021303136583784937,-3268.5849609375,1
2026-08-16T15:03:54Z,NVIDIA H200 NVL,screen,normal_0_1,dot,lns,lns4_r1,4,2,1,fp32,fused,padded,thread_packet,4,8,1,1,4,none,pair_lut_shared,fused/padded/thread_packet/x4/pair_lut_shared,16777216,0,1,16777216,33554432,1024,512,256,3,2,213,4.5395522117614746,0.02131245169841068,-3268.5849609375,1
2026-08-16T15:03:54Z,NVIDIA H200 NVL,screen,normal_0_1,gemv,lns,lns4_r1,4,2,1,fp32,fused,padded,thread_packet,4,8,1,1,4,none,pair_lut_shared,fused/padded/thread_packet/x4/pair_lut_shared,16384,1024,1024,8396800,16793600,1024,1024,256,3,0,252,4.3695359230041504,0.017339428265889485,-44.496963500976562,1
2026-08-16T15:03:54Z,NVIDIA H200 NVL,screen,normal_0_1,gemv,lns,lns4_r1,4,2,1,fp32,fused,padded,thread_packet,4,8,1,1,4,none,pair_lut_shared,fused/padded/thread_packet/x4/pair_lut_shared,16384,1024,1024,8396800,16793600,1024,1024,256,3,1,252,4.3662400245666504,0.017326349303835913,-44.496963500976562,1
2026-08-16T15:03:54Z,NVIDIA H200 NVL,screen,normal_0_1,gemv,lns,lns4_r1,4,2,1,fp32,fused,padded,thread_packet,4,8,1,1,4,none,pair_lut_shared,fused/padded/thread_packet/x4/pair_lut_shared,16384,1024,1024,8396800,16793600,1024,1024,256,3,2,252,4.3642878532409668,0.017318602592226059,-44.496963500976562,1
2026-08-16T15:03:54Z,NVIDIA H200 NVL,screen,normal_0_1,dot,lns,lns4_r1,4,2,1,fp32,fused,padded,thread_packet,8,8,1,1,8,none,pair_lut_shared,fused/padded/thread_packet/x8/pair_lut_shared,16777216,0,1,16777216,33554432,1024,512,256,3,0,227,4.4662399291992188,0.019675065767397439,-3268.58447265625,1
2026-08-16T15:03:54Z,NVIDIA H200 NVL,screen,normal_0_1,dot,lns,lns4_r1,4,2,1,fp32,fused,padded,thread_packet,8,8,1,1,8,none,pair_lut_shared,fused/padded/thread_packet/x8/pair_lut_shared,16777216,0,1,16777216,33554432,1024,512,256,3,1,227,4.466559886932373,0.019676475272829837,-3268.58447265625,1
2026-08-16T15:03:54Z,NVIDIA H200 NVL,screen,normal_0_1,dot,lns,lns4_r1,4,2,1,fp32,fused,padded,thread_packet,8,8,1,1,8,none,pair_lut_shared,fused/padded/thread_packet/x8/pair_lut_shared,16777216,0,1,16777216,33554432,1024,512,256,3,2,227,4.4687042236328125,0.01968592169001239,-3268.58447265625,1
2026-08-16T15:03:54Z,NVIDIA H200 NVL,screen,normal_0_1,gemv,lns,lns4_r1,4,2,1,fp32,fused,padded,thread_packet,8,8,1,1,8,none,pair_lut_shared,fused/padded/thread_packet/x8/pair_lut_shared,16384,1024,1024,8396800,16793600,1024,1024,256,3,0,269,4.3839678764343262,0.016297278351056974,-44.496955871582031,1
2026-08-16T15:03:54Z,NVIDIA H200 NVL,screen,normal_0_1,gemv,lns,lns4_r1,4,2,1,fp32,fused,padded,thread_packet,8,8,1,1,8,none,pair_lut_shared,fused/padded/thread_packet/x8/pair_lut_shared,16384,1024,1024,8396800,16793600,1024,1024,256,3,1,269,4.3817281723022461,0.016288952313391249,-44.496955871582031,1
2026-08-16T15:03:54Z,NVIDIA H200 NVL,screen,normal_0_1,gemv,lns,lns4_r1,4,2,1,fp32,fused,padded,thread_packet,8,8,1,1,8,none,pair_lut_shared,fused/padded/thread_packet/x8/pair_lut_shared,16384,1024,1024,8396800,16793600,1024,1024,256,3,2,269,4.379551887512207,0.016280862035361363,-44.496955871582031,1
2026-08-16T15:03:54Z,NVIDIA H200 NVL,screen,normal_0_1,dot,lns,lns4_r1,4,2,1,fp32,fused,dense,cooperative_shuffle,8,32,1,8,1,warp_shuffle,pair_lut_shared,fused/dense/cooperative_shuffle/x8/pair_lut_shared,16777216,0,1,16777216,16777216,1024,512,256,3,0,71,4.8756160736083984,0.068670648924061953,-3268.5849609375,1
2026-08-16T15:03:54Z,NVIDIA H200 NVL,screen,normal_0_1,dot,lns,lns4_r1,4,2,1,fp32,fused,dense,cooperative_shuffle,8,32,1,8,1,warp_shuffle,pair_lut_shared,fused/dense/cooperative_shuffle/x8/pair_lut_shared,16777216,0,1,16777216,16777216,1024,512,256,3,1,71,4.8738560676574707,0.068645860107851703,-3268.5849609375,1
2026-08-16T15:03:54Z,NVIDIA H200 NVL,screen,normal_0_1,dot,lns,lns4_r1,4,2,1,fp32,fused,dense,cooperative_shuffle,8,32,1,8,1,warp_shuffle,pair_lut_shared,fused/dense/cooperative_shuffle/x8/pair_lut_shared,16777216,0,1,16777216,16777216,1024,512,256,3,2,71,4.8733119964599609,0.06863819713323889,-3268.5849609375,1
2026-08-16T15:03:54Z,NVIDIA H200 NVL,screen,normal_0_1,gemv,lns,lns4_r1,4,2,1,fp32,fused,dense,cooperative_shuffle,8,32,1,8,1,warp_shuffle,pair_lut_shared,fused/dense/cooperative_shuffle/x8/pair_lut_shared,16384,1024,1024,8396800,8396800,1024,1024,256,3,0,110,4.7585282325744629,0.043259347568858755,-44.496925354003906,1
2026-08-16T15:03:54Z,NVIDIA H200 NVL,screen,normal_0_1,gemv,lns,lns4_r1,4,2,1,fp32,fused,dense,cooperative_shuffle,8,32,1,8,1,warp_shuffle,pair_lut_shared,fused/dense/cooperative_shuffle/x8/pair_lut_shared,16384,1024,1024,8396800,8396800,1024,1024,256,3,1,110,4.7568001747131348,0.043243637951937586,-44.496925354003906,1
2026-08-16T15:03:54Z,NVIDIA H200 NVL,screen,normal_0_1,gemv,lns,lns4_r1,4,2,1,fp32,fused,dense,cooperative_shuffle,8,32,1,8,1,warp_shuffle,pair_lut_shared,fused/dense/cooperative_shuffle/x8/pair_lut_shared,16384,1024,1024,8396800,8396800,1024,1024,256,3,2,110,4.7553601264953613,0.043230546604503282,-44.496925354003906,1
2026-08-16T15:03:54Z,NVIDIA H200 NVL,screen,normal_0_1,dot,lns,lns4_r1,4,2,1,fp64,ordinary,dense,scalar,1,32,1,1,1,none,reference_exp2,ordinary/dense/scalar/x1/reference_exp2,16777216,0,1,16777216,16777216,0,512,256,3,0,39,4.9412479400634766,0.12669866512983274,-3268.5850589967899,1
2026-08-16T15:03:54Z,NVIDIA H200 NVL,screen,normal_0_1,dot,lns,lns4_r1,4,2,1,fp64,ordinary,dense,scalar,1,32,1,1,1,none,reference_exp2,ordinary/dense/scalar/x1/reference_exp2,16777216,0,1,16777216,16777216,0,512,256,3,1,39,4.9472641944885254,0.12685292806380835,-3268.5850589967899,1
2026-08-16T15:03:54Z,NVIDIA H200 NVL,screen,normal_0_1,dot,lns,lns4_r1,4,2,1,fp64,ordinary,dense,scalar,1,32,1,1,1,none,reference_exp2,ordinary/dense/scalar/x1/reference_exp2,16777216,0,1,16777216,16777216,0,512,256,3,2,39,4.9257922172546387,0.12630236454499075,-3268.5850589967899,1
2026-08-16T15:03:54Z,NVIDIA H200 NVL,screen,normal_0_1,gemv,lns,lns4_r1,4,2,1,fp64,ordinary,dense,scalar,1,32,1,1,1,none,reference_exp2,ordinary/dense/scalar/x1/reference_exp2,16384,1024,1024,8396800,8396800,0,1024,256,3,0,41,4.9072961807250977,0.11969015074939263,-44.496951672795035,1
2026-08-16T15:03:54Z,NVIDIA H200 NVL,screen,normal_0_1,gemv,lns,lns4_r1,4,2,1,fp64,ordinary,dense,scalar,1,32,1,1,1,none,reference_exp2,ordinary/dense/scalar/x1/reference_exp2,16384,1024,1024,8396800,8396800,0,1024,256,3,1,41,4.9049601554870605,0.11963317452407465,-44.496951672795035,1
2026-08-16T15:03:54Z,NVIDIA H200 NVL,screen,normal_0_1,gemv,lns,lns4_r1,4,2,1,fp64,ordinary,dense,scalar,1,32,1,1,1,none,reference_exp2,ordinary/dense/scalar/x1/reference_exp2,16384,1024,1024,8396800,8396800,0,1024,256,3,2,41,4.903007984161377,0.11958556058930188,-44.496951672795035,1
2026-08-16T15:03:54Z,NVIDIA H200 NVL,screen,normal_0_1,dot,lns,lns4_r1,4,2,1,fp64,ordinary,padded,scalar,1,8,1,1,1,none,reference_exp2,ordinary/padded/scalar/x1/reference_exp2,16777216,0,1,16777216,33554432,0,512,256,3,0,41,4.984288215637207,0.12156800525944407,-3268.5850589967899,1
2026-08-16T15:03:54Z,NVIDIA H200 NVL,screen,normal_0_1,dot,lns,lns4_r1,4,2,1,fp64,ordinary,padded,scalar,1,8,1,1,1,none,reference_exp2,ordinary/padded/scalar/x1/reference_exp2,16777216,0,1,16777216,33554432,0,512,256,3,1,41,4.9802560806274414,0.12146966050310833,-3268.5850589967899,1
2026-08-16T15:03:54Z,NVIDIA H200 NVL,screen,normal_0_1,dot,lns,lns4_r1,4,2,1,fp64,ordinary,padded,scalar,1,8,1,1,1,none,reference_exp2,ordinary/padded/scalar/x1/reference_exp2,16777216,0,1,16777216,33554432,0,512,256,3,2,41,4.9846081733703613,0.12157580910659418,-3268.5850589967899,1
2026-08-16T15:03:54Z,NVIDIA H200 NVL,screen,normal_0_1,gemv,lns,lns4_r1,4,2,1,fp64,ordinary,padded,scalar,1,8,1,1,1,none,reference_exp2,ordinary/padded/scalar/x1/reference_exp2,16384,1024,1024,8396800,16793600,0,1024,256,3,0,45,5.0175042152404785,0.11150009367201064,-44.496951672795035,1
2026-08-16T15:03:54Z,NVIDIA H200 NVL,screen,normal_0_1,gemv,lns,lns4_r1,4,2,1,fp64,ordinary,padded,scalar,1,8,1,1,1,none,reference_exp2,ordinary/padded/scalar/x1/reference_exp2,16384,1024,1024,8396800,16793600,0,1024,256,3,1,45,5.0072321891784668,0.11127182642618814,-44.496951672795035,1
2026-08-16T15:03:54Z,NVIDIA H200 NVL,screen,normal_0_1,gemv,lns,lns4_r1,4,2,1,fp64,ordinary,padded,scalar,1,8,1,1,1,none,reference_exp2,ordinary/padded/scalar/x1/reference_exp2,16384,1024,1024,8396800,16793600,0,1024,256,3,2,45,5.0183677673339844,0.11151928371853298,-44.496951672795035,1
2026-08-16T15:03:54Z,NVIDIA H200 NVL,screen,normal_0_1,dot,lns,lns4_r1,4,2,1,fp64,fused,dense,scalar,1,32,1,1,1,none,reference_exp2,fused/dense/scalar/x1/reference_exp2,16777216,0,1,16777216,16777216,0,512,256,3,0,47,4.9540162086486816,0.1054046001840145,-3268.5850589967904,1
2026-08-16T15:03:54Z,NVIDIA H200 NVL,screen,normal_0_1,dot,lns,lns4_r1,4,2,1,fp64,fused,dense,scalar,1,32,1,1,1,none,reference_exp2,fused/dense/scalar/x1/reference_exp2,16777216,0,1,16777216,16777216,0,512,256,3,1,47,4.9629120826721191,0.10559387409940679,-3268.5850589967904,1
2026-08-16T15:03:54Z,NVIDIA H200 NVL,screen,normal_0_1,dot,lns,lns4_r1,4,2,1,fp64,fused,dense,scalar,1,32,1,1,1,none,reference_exp2,fused/dense/scalar/x1/reference_exp2,16777216,0,1,16777216,16777216,0,512,256,3,2,47,4.9586877822875977,0.10550399536782122,-3268.5850589967904,1
2026-08-16T15:03:54Z,NVIDIA H200 NVL,screen,normal_0_1,gemv,lns,lns4_r1,4,2,1,fp64,fused,dense,scalar,1,32,1,1,1,none,reference_exp2,fused/dense/scalar/x1/reference_exp2,16384,1024,1024,8396800,8396800,0,1024,256,3,0,47,4.9014081954956055,0.10428528075522565,-44.496951672795078,1
2026-08-16T15:03:54Z,NVIDIA H200 NVL,screen,normal_0_1,gemv,lns,lns4_r1,4,2,1,fp64,fused,dense,scalar,1,32,1,1,1,none,reference_exp2,fused/dense/scalar/x1/reference_exp2,16384,1024,1024,8396800,8396800,0,1024,256,3,1,47,4.9039678573608398,0.10433974164597531,-44.496951672795078,1
2026-08-16T15:03:54Z,NVIDIA H200 NVL,screen,normal_0_1,gemv,lns,lns4_r1,4,2,1,fp64,fused,dense,scalar,1,32,1,1,1,none,reference_exp2,fused/dense/scalar/x1/reference_exp2,16384,1024,1024,8396800,8396800,0,1024,256,3,2,47,4.9035201072692871,0.1043302150482827,-44.496951672795078,1
2026-08-16T15:03:54Z,NVIDIA H200 NVL,screen,normal_0_1,dot,lns,lns4_r1,4,2,1,fp64,fused,padded,scalar,1,8,1,1,1,none,reference_exp2,fused/padded/scalar/x1/reference_exp2,16777216,0,1,16777216,33554432,0,512,256,3,0,53,4.9837121963500977,0.094032305591511281,-3268.5850589967904,1
2026-08-16T15:03:54Z,NVIDIA H200 NVL,screen,normal_0_1,dot,lns,lns4_r1,4,2,1,fp64,fused,padded,scalar,1,8,1,1,1,none,reference_exp2,fused/padded/scalar/x1/reference_exp2,16777216,0,1,16777216,33554432,0,512,256,3,1,53,4.9720320701599121,0.093811925852073819,-3268.5850589967904,1
2026-08-16T15:03:54Z,NVIDIA H200 NVL,screen,normal_0_1,dot,lns,lns4_r1,4,2,1,fp64,fused,padded,scalar,1,8,1,1,1,none,reference_exp2,fused/padded/scalar/x1/reference_exp2,16777216,0,1,16777216,33554432,0,512,256,3,2,53,4.9720001220703125,0.093811323057930426,-3268.5850589967904,1
2026-08-16T15:03:54Z,NVIDIA H200 NVL,screen,normal_0_1,gemv,lns,lns4_r1,4,2,1,fp64,fused,padded,scalar,1,8,1,1,1,none,reference_exp2,fused/padded/scalar/x1/reference_exp2,16384,1024,1024,8396800,16793600,0,1024,256,3,0,55,4.9317440986633301,0.089668074521151456,-44.496951672795078,1
2026-08-16T15:03:54Z,NVIDIA H200 NVL,screen,normal_0_1,gemv,lns,lns4_r1,4,2,1,fp64,fused,padded,scalar,1,8,1,1,1,none,reference_exp2,fused/padded/scalar/x1/reference_exp2,16384,1024,1024,8396800,16793600,0,1024,256,3,1,55,4.9364161491394043,0.089753020893443711,-44.496951672795078,1
2026-08-16T15:03:54Z,NVIDIA H200 NVL,screen,normal_0_1,gemv,lns,lns4_r1,4,2,1,fp64,fused,padded,scalar,1,8,1,1,1,none,reference_exp2,fused/padded/scalar/x1/reference_exp2,16384,1024,1024,8396800,16793600,0,1024,256,3,2,55,4.9264640808105469,0.089572074196555398,-44.496951672795078,1
2026-08-16T15:03:54Z,NVIDIA H200 NVL,screen,normal_0_1,dot,lns,lns4_r1,4,2,1,fp64,ordinary,dense,scalar,1,32,1,1,1,none,ex2_approx,ordinary/dense/scalar/x1/ex2_approx,16777216,0,1,16777216,16777216,0,512,256,3,0,69,4.856895923614502,0.070389795994413071,-3268.5847762083063,1
2026-08-16T15:03:54Z,NVIDIA H200 NVL,screen,normal_0_1,dot,lns,lns4_r1,4,2,1,fp64,ordinary,dense,scalar,1,32,1,1,1,none,ex2_approx,ordinary/dense/scalar/x1/ex2_approx,16777216,0,1,16777216,16777216,0,512,256,3,1,69,4.8575038909912109,0.070398607115814651,-3268.5847762083063,1
2026-08-16T15:03:54Z,NVIDIA H200 NVL,screen,normal_0_1,dot,lns,lns4_r1,4,2,1,fp64,ordinary,dense,scalar,1,32,1,1,1,none,ex2_approx,ordinary/dense/scalar/x1/ex2_approx,16777216,0,1,16777216,16777216,0,512,256,3,2,69,4.8614721298217773,0.070456117823504014,-3268.5847762083063,1
2026-08-16T15:03:54Z,NVIDIA H200 NVL,screen,normal_0_1,gemv,lns,lns4_r1,4,2,1,fp64,ordinary,dense,scalar,1,32,1,1,1,none,ex2_approx,ordinary/dense/scalar/x1/ex2_approx,16384,1024,1024,8396800,8396800,0,1024,256,3,0,69,4.8882560729980469,0.070844290913015168,-44.496940999958163,1
2026-08-16T15:03:54Z,NVIDIA H200 NVL,screen,normal_0_1,gemv,lns,lns4_r1,4,2,1,fp64,ordinary,dense,scalar,1,32,1,1,1,none,ex2_approx,ordinary/dense/scalar/x1/ex2_approx,16384,1024,1024,8396800,8396800,0,1024,256,3,1,69,4.887199878692627,0.070828983749168503,-44.496940999958163,1
2026-08-16T15:03:54Z,NVIDIA H200 NVL,screen,normal_0_1,gemv,lns,lns4_r1,4,2,1,fp64,ordinary,dense,scalar,1,32,1,1,1,none,ex2_approx,ordinary/dense/scalar/x1/ex2_approx,16384,1024,1024,8396800,8396800,0,1024,256,3,2,69,4.8873920440673828,0.070831768754599747,-44.496940999958163,1
2026-08-16T15:03:54Z,NVIDIA H200 NVL,screen,normal_0_1,dot,lns,lns4_r1,4,2,1,fp64,ordinary,padded,scalar,1,8,1,1,1,none,ex2_approx,ordinary/padded/scalar/x1/ex2_approx,16777216,0,1,16777216,33554432,0,512,256,3,0,78,4.8904318809509277,0.062697844627575994,-3268.5847762083063,1
2026-08-16T15:03:54Z,NVIDIA H200 NVL,screen,normal_0_1,dot,lns,lns4_r1,4,2,1,fp64,ordinary,padded,scalar,1,8,1,1,1,none,ex2_approx,ordinary/padded/scalar/x1/ex2_approx,16777216,0,1,16777216,33554432,0,512,256,3,1,78,4.8935360908508301,0.062737642190395251,-3268.5847762083063,1
2026-08-16T15:03:54Z,NVIDIA H200 NVL,screen,normal_0_1,dot,lns,lns4_r1,4,2,1,fp64,ordinary,padded,scalar,1,8,1,1,1,none,ex2_approx,ordinary/padded/scalar/x1/ex2_approx,16777216,0,1,16777216,33554432,0,512,256,3,2,78,4.8915519714355469,0.062712204761994197,-3268.5847762083063,1
2026-08-16T15:03:54Z,NVIDIA H200 NVL,screen,normal_0_1,gemv,lns,lns4_r1,4,2,1,fp64,ordinary,padded,scalar,1,8,1,1,1,none,ex2_approx,ordinary/padded/scalar/x1/ex2_approx,16384,1024,1024,8396800,16793600,0,1024,256,3,0,80,4.8381438255310059,0.060476797819137576,-44.496940999958163,1
2026-08-16T15:03:54Z,NVIDIA H200 NVL,screen,normal_0_1,gemv,lns,lns4_r1,4,2,1,fp64,ordinary,padded,scalar,1,8,1,1,1,none,ex2_approx,ordinary/padded/scalar/x1/ex2_approx,16384,1024,1024,8396800,16793600,0,1024,256,3,1,80,4.8377599716186523,0.060471999645233157,-44.496940999958163,1
2026-08-16T15:03:54Z,NVIDIA H200 NVL,screen,normal_0_1,gemv,lns,lns4_r1,4,2,1,fp64,ordinary,padded,scalar,1,8,1,1,1,none,ex2_approx,ordinary/padded/scalar/x1/ex2_approx,16384,1024,1024,8396800,16793600,0,1024,256,3,2,80,4.837440013885498,0.060468000173568723,-44.496940999958163,1
2026-08-16T15:03:54Z,NVIDIA H200 NVL,screen,normal_0_1,dot,lns,lns4_r1,4,2,1,fp64,ordinary,dense,thread_packet,2,32,1,1,2,none,ex2_approx,ordinary/dense/thread_packet/x2/ex2_approx,16777216,0,1,16777216,16777216,0,512,256,3,0,60,4.908383846282959,0.081806397438049322,-3268.5847762083076,1
2026-08-16T15:03:54Z,NVIDIA H200 NVL,screen,normal_0_1,dot,lns,lns4_r1,4,2,1,fp64,ordinary,dense,thread_packet,2,32,1,1,2,none,ex2_approx,ordinary/dense/thread_packet/x2/ex2_approx,16777216,0,1,16777216,16777216,0,512,256,3,1,60,4.906559944152832,0.081775999069213873,-3268.5847762083076,1
2026-08-16T15:03:54Z,NVIDIA H200 NVL,screen,normal_0_1,dot,lns,lns4_r1,4,2,1,fp64,ordinary,dense,thread_packet,2,32,1,1,2,none,ex2_approx,ordinary/dense/thread_packet/x2/ex2_approx,16777216,0,1,16777216,16777216,0,512,256,3,2,60,4.9037761688232422,0.0817296028137207,-3268.5847762083076,1
2026-08-16T15:03:54Z,NVIDIA H200 NVL,screen,normal_0_1,gemv,lns,lns4_r1,4,2,1,fp64,ordinary,dense,thread_packet,2,32,1,1,2,none,ex2_approx,ordinary/dense/thread_packet/x2/ex2_approx,16384,1024,1024,8396800,8396800,0,1024,256,3,0,63,4.8926401138305664,0.077660954187786763,-44.496940999958142,1
2026-08-16T15:03:54Z,NVIDIA H200 NVL,screen,normal_0_1,gemv,lns,lns4_r1,4,2,1,fp64,ordinary,dense,thread_packet,2,32,1,1,2,none,ex2_approx,ordinary/dense/thread_packet/x2/ex2_approx,16384,1024,1024,8396800,8396800,0,1024,256,3,1,63,4.8811521530151367,0.077478605603414866,-44.496940999958142,1
2026-08-16T15:03:54Z,NVIDIA H200 NVL,screen,normal_0_1,gemv,lns,lns4_r1,4,2,1,fp64,ordinary,dense,thread_packet,2,32,1,1,2,none,ex2_approx,ordinary/dense/thread_packet/x2/ex2_approx,16384,1024,1024,8396800,8396800,0,1024,256,3,2,63,4.8798718452453613,0.077458283257862873,-44.496940999958142,1
2026-08-16T15:03:54Z,NVIDIA H200 NVL,screen,normal_0_1,dot,lns,lns4_r1,4,2,1,fp64,ordinary,dense,thread_packet,4,32,1,1,4,none,ex2_approx,ordinary/dense/thread_packet/x4/ex2_approx,16777216,0,1,16777216,16777216,0,512,256,3,0,62,4.8932480812072754,0.078923356148504445,-3268.5847762083063,1
2026-08-16T15:03:54Z,NVIDIA H200 NVL,screen,normal_0_1,dot,lns,lns4_r1,4,2,1,fp64,ordinary,dense,thread_packet,4,32,1,1,4,none,ex2_approx,ordinary/dense/thread_packet/x4/ex2_approx,16777216,0,1,16777216,16777216,0,512,256,3,1,62,4.8858880996704102,0.078804646768877579,-3268.5847762083063,1
2026-08-16T15:03:54Z,NVIDIA H200 NVL,screen,normal_0_1,dot,lns,lns4_r1,4,2,1,fp64,ordinary,dense,thread_packet,4,32,1,1,4,none,ex2_approx,ordinary/dense/thread_packet/x4/ex2_approx,16777216,0,1,16777216,16777216,0,512,256,3,2,62,4.8843197822570801,0.078779351326727101,-3268.5847762083063,1
2026-08-16T15:03:54Z,NVIDIA H200 NVL,screen,normal_0_1,gemv,lns,lns4_r1,4,2,1,fp64,ordinary,dense,thread_packet,4,32,1,1,4,none,ex2_approx,ordinary/dense/thread_packet/x4/ex2_approx,16384,1024,1024,8396800,8396800,0,1024,256,3,0,64,4.9020800590515137,0.076595000922679901,-44.496940999958142,1
2026-08-16T15:03:54Z,NVIDIA H200 NVL,screen,normal_0_1,gemv,lns,lns4_r1,4,2,1,fp64,ordinary,dense,thread_packet,4,32,1,1,4,none,ex2_approx,ordinary/dense/thread_packet/x4/ex2_approx,16384,1024,1024,8396800,8396800,0,1024,256,3,1,64,4.9040641784667969,0.076626002788543701,-44.496940999958142,1
2026-08-16T15:03:54Z,NVIDIA H200 NVL,screen,normal_0_1,gemv,lns,lns4_r1,4,2,1,fp64,ordinary,dense,thread_packet,4,32,1,1,4,none,ex2_approx,ordinary/dense/thread_packet/x4/ex2_approx,16384,1024,1024,8396800,8396800,0,1024,256,3,2,64,4.9024319648742676,0.076600499451160431,-44.496940999958142,1
2026-08-16T15:03:54Z,NVIDIA H200 NVL,screen,normal_0_1,dot,lns,lns4_r1,4,2,1,fp64,ordinary,dense,thread_packet,8,32,1,1,8,none,ex2_approx,ordinary/dense/thread_packet/x8/ex2_approx,16777216,0,1,16777216,16777216,0,512,256,3,0,67,4.9069762229919434,0.073238451089431986,-3268.5847762083072,1
2026-08-16T15:03:54Z,NVIDIA H200 NVL,screen,normal_0_1,dot,lns,lns4_r1,4,2,1,fp64,ordinary,dense,thread_packet,8,32,1,1,8,none,ex2_approx,ordinary/dense/thread_packet/x8/ex2_approx,16777216,0,1,16777216,16777216,0,512,256,3,1,67,4.9045438766479492,0.07320214741265596,-3268.5847762083072,1
2026-08-16T15:03:54Z,NVIDIA H200 NVL,screen,normal_0_1,dot,lns,lns4_r1,4,2,1,fp64,ordinary,dense,thread_packet,8,32,1,1,8,none,ex2_approx,ordinary/dense/thread_packet/x8/ex2_approx,16777216,0,1,16777216,16777216,0,512,256,3,2,67,4.9058561325073242,0.073221733321004845,-3268.5847762083072,1
2026-08-16T15:03:54Z,NVIDIA H200 NVL,screen,normal_0_1,gemv,lns,lns4_r1,4,2,1,fp64,ordinary,dense,thread_packet,8,32,1,1,8,none,ex2_approx,ordinary/dense/thread_packet/x8/ex2_approx,16384,1024,1024,8396800,8396800,0,1024,256,3,0,73,4.8752641677856445,0.066784440654597876,-44.496940999958156,1
2026-08-16T15:03:54Z,NVIDIA H200 NVL,screen,normal_0_1,gemv,lns,lns4_r1,4,2,1,fp64,ordinary,dense,thread_packet,8,32,1,1,8,none,ex2_approx,ordinary/dense/thread_packet/x8/ex2_approx,16384,1024,1024,8396800,8396800,0,1024,256,3,1,73,4.8742079734802246,0.066769972239455133,-44.496940999958156,1
2026-08-16T15:03:54Z,NVIDIA H200 NVL,screen,normal_0_1,gemv,lns,lns4_r1,4,2,1,fp64,ordinary,dense,thread_packet,8,32,1,1,8,none,ex2_approx,ordinary/dense/thread_packet/x8/ex2_approx,16384,1024,1024,8396800,8396800,0,1024,256,3,2,73,4.8740158081054688,0.066767339837061221,-44.496940999958156,1
2026-08-16T15:03:54Z,NVIDIA H200 NVL,screen,normal_0_1,dot,lns,lns4_r1,4,2,1,fp64,ordinary,padded,thread_packet,2,8,1,1,2,none,ex2_approx,ordinary/padded/thread_packet/x2/ex2_approx,16777216,0,1,16777216,33554432,0,512,256,3,0,80,4.8712639808654785,0.06089079976081848,-3268.5847762083076,1
2026-08-16T15:03:54Z,NVIDIA H200 NVL,screen,normal_0_1,dot,lns,lns4_r1,4,2,1,fp64,ordinary,padded,thread_packet,2,8,1,1,2,none,ex2_approx,ordinary/padded/thread_packet/x2/ex2_approx,16777216,0,1,16777216,33554432,0,512,256,3,1,80,4.8741440773010254,0.060926800966262816,-3268.5847762083076,1
2026-08-16T15:03:54Z,NVIDIA H200 NVL,screen,normal_0_1,dot,lns,lns4_r1,4,2,1,fp64,ordinary,padded,thread_packet,2,8,1,1,2,none,ex2_approx,ordinary/padded/thread_packet/x2/ex2_approx,16777216,0,1,16777216,33554432,0,512,256,3,2,80,4.8756799697875977,0.060945999622344968,-3268.5847762083076,1
2026-08-16T15:03:54Z,NVIDIA H200 NVL,screen,normal_0_1,gemv,lns,lns4_r1,4,2,1,fp64,ordinary,padded,thread_packet,2,8,1,1,2,none,ex2_approx,ordinary/padded/thread_packet/x2/ex2_approx,16384,1024,1024,8396800,16793600,0,1024,256,3,0,85,4.8168001174926758,0.056668236676384418,-44.496940999958142,1
2026-08-16T15:03:54Z,NVIDIA H200 NVL,screen,normal_0_1,gemv,lns,lns4_r1,4,2,1,fp64,ordinary,padded,thread_packet,2,8,1,1,2,none,ex2_approx,ordinary/padded/thread_packet/x2/ex2_approx,16384,1024,1024,8396800,16793600,0,1024,256,3,1,85,4.8183040618896484,0.056685930139878216,-44.496940999958142,1
2026-08-16T15:03:54Z,NVIDIA H200 NVL,screen,normal_0_1,gemv,lns,lns4_r1,4,2,1,fp64,ordinary,padded,thread_packet,2,8,1,1,2,none,ex2_approx,ordinary/padded/thread_packet/x2/ex2_approx,16384,1024,1024,8396800,16793600,0,1024,256,3,2,85,4.8180480003356934,0.056682917651008156,-44.496940999958142,1
2026-08-16T15:03:54Z,NVIDIA H200 NVL,screen,normal_0_1,dot,lns,lns4_r1,4,2,1,fp64,ordinary,padded,thread_packet,4,8,1,1,4,none,ex2_approx,ordinary/padded/thread_packet/x4/ex2_approx,16777216,0,1,16777216,33554432,0,512,256,3,0,85,4.8632640838623047,0.057214871574850647,-3268.5847762083063,1
2026-08-16T15:03:54Z,NVIDIA H200 NVL,screen,normal_0_1,dot,lns,lns4_r1,4,2,1,fp64,ordinary,padded,thread_packet,4,8,1,1,4,none,ex2_approx,ordinary/padded/thread_packet/x4/ex2_approx,16777216,0,1,16777216,33554432,0,512,256,3,1,85,4.8674559593200684,0.057264187756706685,-3268.5847762083063,1
2026-08-16T15:03:54Z,NVIDIA H200 NVL,screen,normal_0_1,dot,lns,lns4_r1,4,2,1,fp64,ordinary,padded,thread_packet,4,8,1,1,4,none,ex2_approx,ordinary/padded/thread_packet/x4/ex2_approx,16777216,0,1,16777216,33554432,0,512,256,3,2,85,4.8871679306030273,0.057496093301212088,-3268.5847762083063,1
2026-08-16T15:03:54Z,NVIDIA H200 NVL,screen,normal_0_1,gemv,lns,lns4_r1,4,2,1,fp64,ordinary,padded,thread_packet,4,8,1,1,4,none,ex2_approx,ordinary/padded/thread_packet/x4/ex2_approx,16384,1024,1024,8396800,16793600,0,1024,256,3,0,92,4.8375039100646973,0.052581564239833664,-44.496940999958142,1
2026-08-16T15:03:54Z,NVIDIA H200 NVL,screen,normal_0_1,gemv,lns,lns4_r1,4,2,1,fp64,ordinary,padded,thread_packet,4,8,1,1,4,none,ex2_approx,ordinary/padded/thread_packet/x4/ex2_approx,16384,1024,1024,8396800,16793600,0,1024,256,3,1,92,4.839263916015625,0.05260069473930027,-44.496940999958142,1
2026-08-16T15:03:54Z,NVIDIA H200 NVL,screen,normal_0_1,gemv,lns,lns4_r1,4,2,1,fp64,ordinary,padded,thread_packet,4,8,1,1,4,none,ex2_approx,ordinary/padded/thread_packet/x4/ex2_approx,16384,1024,1024,8396800,16793600,0,1024,256,3,2,92,4.8364801406860352,0.052570436311804733,-44.496940999958142,1
2026-08-16T15:03:54Z,NVIDIA H200 NVL,screen,normal_0_1,dot,lns,lns4_r1,4,2,1,fp64,ordinary,padded,thread_packet,8,8,1,1,8,none,ex2_approx,ordinary/padded/thread_packet/x8/ex2_approx,16777216,0,1,16777216,33554432,0,512,256,3,0,85,4.8154878616333008,0.056652798372156477,-3268.5847762083072,1
2026-08-16T15:03:54Z,NVIDIA H200 NVL,screen,normal_0_1,dot,lns,lns4_r1,4,2,1,fp64,ordinary,padded,thread_packet,8,8,1,1,8,none,ex2_approx,ordinary/padded/thread_packet/x8/ex2_approx,16777216,0,1,16777216,33554432,0,512,256,3,1,85,4.8147201538085938,0.056643766515395218,-3268.5847762083072,1
2026-08-16T15:03:54Z,NVIDIA H200 NVL,screen,normal_0_1,dot,lns,lns4_r1,4,2,1,fp64,ordinary,padded,thread_packet,8,8,1,1,8,none,ex2_approx,ordinary/padded/thread_packet/x8/ex2_approx,16777216,0,1,16777216,33554432,0,512,256,3,2,85,4.8159360885620117,0.056658071630141311,-3268.5847762083072,1
2026-08-16T15:03:54Z,NVIDIA H200 NVL,screen,normal_0_1,gemv,lns,lns4_r1,4,2,1,fp64,ordinary,padded,thread_packet,8,8,1,1,8,none,ex2_approx,ordinary/padded/thread_packet/x8/ex2_approx,16384,1024,1024,8396800,16793600,0,1024,256,3,0,93,4.7733440399169922,0.051326279999107445,-44.496940999958156,1
2026-08-16T15:03:54Z,NVIDIA H200 NVL,screen,normal_0_1,gemv,lns,lns4_r1,4,2,1,fp64,ordinary,padded,thread_packet,8,8,1,1,8,none,ex2_approx,ordinary/padded/thread_packet/x8/ex2_approx,16384,1024,1024,8396800,16793600,0,1024,256,3,1,93,4.7754878997802734,0.051349332255701867,-44.496940999958156,1
2026-08-16T15:03:54Z,NVIDIA H200 NVL,screen,normal_0_1,gemv,lns,lns4_r1,4,2,1,fp64,ordinary,padded,thread_packet,8,8,1,1,8,none,ex2_approx,ordinary/padded/thread_packet/x8/ex2_approx,16384,1024,1024,8396800,16793600,0,1024,256,3,2,93,4.7736320495605469,0.051329376876995125,-44.496940999958156,1
2026-08-16T15:03:54Z,NVIDIA H200 NVL,screen,normal_0_1,dot,lns,lns4_r1,4,2,1,fp64,ordinary,dense,cooperative_shuffle,8,32,1,8,1,warp_shuffle,ex2_approx,ordinary/dense/cooperative_shuffle/x8/ex2_approx,16777216,0,1,16777216,16777216,0,512,256,3,0,43,4.9242558479309082,0.11451757785885833,-3268.5847762083063,1
2026-08-16T15:03:54Z,NVIDIA H200 NVL,screen,normal_0_1,dot,lns,lns4_r1,4,2,1,fp64,ordinary,dense,cooperative_shuffle,8,32,1,8,1,warp_shuffle,ex2_approx,ordinary/dense/cooperative_shuffle/x8/ex2_approx,16777216,0,1,16777216,16777216,0,512,256,3,1,43,4.920447826385498,0.1144290192182674,-3268.5847762083063,1
2026-08-16T15:03:54Z,NVIDIA H200 NVL,screen,normal_0_1,dot,lns,lns4_r1,4,2,1,fp64,ordinary,dense,cooperative_shuffle,8,32,1,8,1,warp_shuffle,ex2_approx,ordinary/dense/cooperative_shuffle/x8/ex2_approx,16777216,0,1,16777216,16777216,0,512,256,3,2,43,4.9226560592651367,0.11448037347128225,-3268.5847762083063,1
2026-08-16T15:03:54Z,NVIDIA H200 NVL,screen,normal_0_1,gemv,lns,lns4_r1,4,2,1,fp64,ordinary,dense,cooperative_shuffle,8,32,1,8,1,warp_shuffle,ex2_approx,ordinary/dense/cooperative_shuffle/x8/ex2_approx,16384,1024,1024,8396800,8396800,0,1024,256,3,0,56,4.9389758110046387,0.088195996625082831,-44.496940999958163,1
2026-08-16T15:03:54Z,NVIDIA H200 NVL,screen,normal_0_1,gemv,lns,lns4_r1,4,2,1,fp64,ordinary,dense,cooperative_shuffle,8,32,1,8,1,warp_shuffle,ex2_approx,ordinary/dense/cooperative_shuffle/x8/ex2_approx,16384,1024,1024,8396800,8396800,0,1024,256,3,1,56,4.9327678680419922,0.088085140500749864,-44.496940999958163,1
2026-08-16T15:03:54Z,NVIDIA H200 NVL,screen,normal_0_1,gemv,lns,lns4_r1,4,2,1,fp64,ordinary,dense,cooperative_shuffle,8,32,1,8,1,warp_shuffle,ex2_approx,ordinary/dense/cooperative_shuffle/x8/ex2_approx,16384,1024,1024,8396800,8396800,0,1024,256,3,2,56,4.9371199607849121,0.088162856442587714,-44.496940999958163,1
2026-08-16T15:03:54Z,NVIDIA H200 NVL,screen,normal_0_1,dot,lns,lns4_r1,4,2,1,fp64,fused,dense,scalar,1,32,1,1,1,none,ex2_approx,fused/dense/scalar/x1/ex2_approx,16777216,0,1,16777216,16777216,0,512,256,3,0,58,4.8508801460266113,0.083635864586665706,-3268.5848695039749,1
2026-08-16T15:03:54Z,NVIDIA H200 NVL,screen,normal_0_1,dot,lns,lns4_r1,4,2,1,fp64,fused,dense,scalar,1,32,1,1,1,none,ex2_approx,fused/dense/scalar/x1/ex2_approx,16777216,0,1,16777216,16777216,0,512,256,3,1,58,4.8423361778259277,0.083488554790102198,-3268.5848695039749,1
2026-08-16T15:03:54Z,NVIDIA H200 NVL,screen,normal_0_1,dot,lns,lns4_r1,4,2,1,fp64,fused,dense,scalar,1,32,1,1,1,none,ex2_approx,fused/dense/scalar/x1/ex2_approx,16777216,0,1,16777216,16777216,0,512,256,3,2,58,4.8414402008056641,0.083473106910442491,-3268.5848695039749,1
2026-08-16T15:03:54Z,NVIDIA H200 NVL,screen,normal_0_1,gemv,lns,lns4_r1,4,2,1,fp64,fused,dense,scalar,1,32,1,1,1,none,ex2_approx,fused/dense/scalar/x1/ex2_approx,16384,1024,1024,8396800,8396800,0,1024,256,3,0,58,4.8674240112304688,0.083921103641904637,-44.496950924396515,1
2026-08-16T15:03:54Z,NVIDIA H200 NVL,screen,normal_0_1,gemv,lns,lns4_r1,4,2,1,fp64,fused,dense,scalar,1,32,1,1,1,none,ex2_approx,fused/dense/scalar/x1/ex2_approx,16384,1024,1024,8396800,8396800,0,1024,256,3,1,58,4.859839916229248,0.083790343383262897,-44.496950924396515,1
2026-08-16T15:03:54Z,NVIDIA H200 NVL,screen,normal_0_1,gemv,lns,lns4_r1,4,2,1,fp64,fused,dense,scalar,1,32,1,1,1,none,ex2_approx,fused/dense/scalar/x1/ex2_approx,16384,1024,1024,8396800,8396800,0,1024,256,3,2,58,4.8529281616210938,0.083671175200363684,-44.496950924396515,1
2026-08-16T15:03:54Z,NVIDIA H200 NVL,screen,normal_0_1,dot,lns,lns4_r1,4,2,1,fp64,fused,padded,scalar,1,8,1,1,1,none,ex2_approx,fused/padded/scalar/x1/ex2_approx,16777216,0,1,16777216,33554432,0,512,256,3,0,68,4.8839359283447266,0.071822587181540096,-3268.5848695039749,1
2026-08-16T15:03:54Z,NVIDIA H200 NVL,screen,normal_0_1,dot,lns,lns4_r1,4,2,1,fp64,fused,padded,scalar,1,8,1,1,1,none,ex2_approx,fused/padded/scalar/x1/ex2_approx,16777216,0,1,16777216,33554432,0,512,256,3,1,68,4.8848319053649902,0.071835763314191031,-3268.5848695039749,1
2026-08-16T15:03:54Z,NVIDIA H200 NVL,screen,normal_0_1,dot,lns,lns4_r1,4,2,1,fp64,fused,padded,scalar,1,8,1,1,1,none,ex2_approx,fused/padded/scalar/x1/ex2_approx,16777216,0,1,16777216,33554432,0,512,256,3,2,68,4.8862719535827637,0.071856940493864166,-3268.5848695039749,1
2026-08-16T15:03:54Z,NVIDIA H200 NVL,screen,normal_0_1,gemv,lns,lns4_r1,4,2,1,fp64,fused,padded,scalar,1,8,1,1,1,none,ex2_approx,fused/padded/scalar/x1/ex2_approx,16384,1024,1024,8396800,16793600,0,1024,256,3,0,73,4.8817601203918457,0.066873426306737607,-44.496950924396515,1
2026-08-16T15:03:54Z,NVIDIA H200 NVL,screen,normal_0_1,gemv,lns,lns4_r1,4,2,1,fp64,fused,padded,scalar,1,8,1,1,1,none,ex2_approx,fused/padded/scalar/x1/ex2_approx,16384,1024,1024,8396800,16793600,0,1024,256,3,1,73,4.8834238052368164,0.066896216510093379,-44.496950924396515,1
2026-08-16T15:03:54Z,NVIDIA H200 NVL,screen,normal_0_1,gemv,lns,lns4_r1,4,2,1,fp64,fused,padded,scalar,1,8,1,1,1,none,ex2_approx,fused/padded/scalar/x1/ex2_approx,16384,1024,1024,8396800,16793600,0,1024,256,3,2,73,4.8801918029785156,0.066851942506555004,-44.496950924396515,1
2026-08-16T15:03:54Z,NVIDIA H200 NVL,screen,normal_0_1,dot,lns,lns4_r1,4,2,1,fp64,fused,dense,thread_packet,2,32,1,1,2,none,ex2_approx,fused/dense/thread_packet/x2/ex2_approx,16777216,0,1,16777216,16777216,0,512,256,3,0,59,4.8741121292114258,0.08261206998663434,-3268.5848695039749,1
2026-08-16T15:03:54Z,NVIDIA H200 NVL,screen,normal_0_1,dot,lns,lns4_r1,4,2,1,fp64,fused,dense,thread_packet,2,32,1,1,2,none,ex2_approx,fused/dense/thread_packet/x2/ex2_approx,16777216,0,1,16777216,16777216,0,512,256,3,1,59,4.873568058013916,0.082602848440913826,-3268.5848695039749,1
2026-08-16T15:03:54Z,NVIDIA H200 NVL,screen,normal_0_1,dot,lns,lns4_r1,4,2,1,fp64,fused,dense,thread_packet,2,32,1,1,2,none,ex2_approx,fused/dense/thread_packet/x2/ex2_approx,16777216,0,1,16777216,16777216,0,512,256,3,2,59,4.8726720809936523,0.082587662389722927,-3268.5848695039749,1
2026-08-16T15:03:54Z,NVIDIA H200 NVL,screen,normal_0_1,gemv,lns,lns4_r1,4,2,1,fp64,fused,dense,thread_packet,2,32,1,1,2,none,ex2_approx,fused/dense/thread_packet/x2/ex2_approx,16384,1024,1024,8396800,8396800,0,1024,256,3,0,60,4.9042239189147949,0.081737065315246576,-44.496950924396515,1
2026-08-16T15:03:54Z,NVIDIA H200 NVL,screen,normal_0_1,gemv,lns,lns4_r1,4,2,1,fp64,fused,dense,thread_packet,2,32,1,1,2,none,ex2_approx,fused/dense/thread_packet/x2/ex2_approx,16384,1024,1024,8396800,8396800,0,1024,256,3,1,60,4.905792236328125,0.081763203938802084,-44.496950924396515,1
2026-08-16T15:03:54Z,NVIDIA H200 NVL,screen,normal_0_1,gemv,lns,lns4_r1,4,2,1,fp64,fused,dense,thread_packet,2,32,1,1,2,none,ex2_approx,fused/dense/thread_packet/x2/ex2_approx,16384,1024,1024,8396800,8396800,0,1024,256,3,2,60,4.9043521881103516,0.081739203135172522,-44.496950924396515,1
2026-08-16T15:03:54Z,NVIDIA H200 NVL,screen,normal_0_1,dot,lns,lns4_r1,4,2,1,fp64,fused,dense,thread_packet,4,32,1,1,4,none,ex2_approx,fused/dense/thread_packet/x4/ex2_approx,16777216,0,1,16777216,16777216,0,512,256,3,0,61,4.9030718803405762,0.080378227546566816,-3268.5848695039749,1
2026-08-16T15:03:54Z,NVIDIA H200 NVL,screen,normal_0_1,dot,lns,lns4_r1,4,2,1,fp64,fused,dense,thread_packet,4,32,1,1,4,none,ex2_approx,fused/dense/thread_packet/x4/ex2_approx,16777216,0,1,16777216,16777216,0,512,256,3,1,61,4.9033279418945312,0.080382425276959532,-3268.5848695039749,1
2026-08-16T15:03:54Z,NVIDIA H200 NVL,screen,normal_0_1,dot,lns,lns4_r1,4,2,1,fp64,fused,dense,thread_packet,4,32,1,1,4,none,ex2_approx,fused/dense/thread_packet/x4/ex2_approx,16777216,0,1,16777216,16777216,0,512,256,3,2,61,4.903872013092041,0.080391344476918702,-3268.5848695039749,1
2026-08-16T15:03:54Z,NVIDIA H200 NVL,screen,normal_0_1,gemv,lns,lns4_r1,4,2,1,fp64,fused,dense,thread_packet,4,32,1,1,4,none,ex2_approx,fused/dense/thread_packet/x4/ex2_approx,16384,1024,1024,8396800,8396800,0,1024,256,3,0,61,4.9463682174682617,0.081088003565053468,-44.496950924396515,1
2026-08-16T15:03:54Z,NVIDIA H200 NVL,screen,normal_0_1,gemv,lns,lns4_r1,4,2,1,fp64,fused,dense,thread_packet,4,32,1,1,4,none,ex2_approx,fused/dense/thread_packet/x4/ex2_approx,16384,1024,1024,8396800,8396800,0,1024,256,3,1,61,4.9467201232910156,0.081093772512967469,-44.496950924396515,1
2026-08-16T15:03:54Z,NVIDIA H200 NVL,screen,normal_0_1,gemv,lns,lns4_r1,4,2,1,fp64,fused,dense,thread_packet,4,32,1,1,4,none,ex2_approx,fused/dense/thread_packet/x4/ex2_approx,16384,1024,1024,8396800,8396800,0,1024,256,3,2,61,4.9502081871032715,0.081150953886938881,-44.496950924396515,1
2026-08-16T15:03:54Z,NVIDIA H200 NVL,screen,normal_0_1,dot,lns,lns4_r1,4,2,1,fp64,fused,dense,thread_packet,8,32,1,1,8,none,ex2_approx,fused/dense/thread_packet/x8/ex2_approx,16777216,0,1,16777216,16777216,0,512,256,3,0,74,4.8897600173950195,0.066077838072905667,-3268.5848695039749,1
2026-08-16T15:03:54Z,NVIDIA H200 NVL,screen,normal_0_1,dot,lns,lns4_r1,4,2,1,fp64,fused,dense,thread_packet,8,32,1,1,8,none,ex2_approx,fused/dense/thread_packet/x8/ex2_approx,16777216,0,1,16777216,16777216,0,512,256,3,1,74,4.8760957717895508,0.065893186105264206,-3268.5848695039749,1
2026-08-16T15:03:54Z,NVIDIA H200 NVL,screen,normal_0_1,dot,lns,lns4_r1,4,2,1,fp64,fused,dense,thread_packet,8,32,1,1,8,none,ex2_approx,fused/dense/thread_packet/x8/ex2_approx,16777216,0,1,16777216,16777216,0,512,256,3,2,74,4.8774080276489258,0.06591091929255305,-3268.5848695039749,1
2026-08-16T15:03:54Z,NVIDIA H200 NVL,screen,normal_0_1,gemv,lns,lns4_r1,4,2,1,fp64,fused,dense,thread_packet,8,32,1,1,8,none,ex2_approx,fused/dense/thread_packet/x8/ex2_approx,16384,1024,1024,8396800,8396800,0,1024,256,3,0,65,4.9247679710388184,0.075765661092904904,-44.496950924396515,1
2026-08-16T15:03:54Z,NVIDIA H200 NVL,screen,normal_0_1,gemv,lns,lns4_r1,4,2,1,fp64,fused,dense,thread_packet,8,32,1,1,8,none,ex2_approx,fused/dense/thread_packet/x8/ex2_approx,16384,1024,1024,8396800,8396800,0,1024,256,3,1,65,4.9253120422363281,0.075774031419020435,-44.496950924396515,1
2026-08-16T15:03:54Z,NVIDIA H200 NVL,screen,normal_0_1,gemv,lns,lns4_r1,4,2,1,fp64,fused,dense,thread_packet,8,32,1,1,8,none,ex2_approx,fused/dense/thread_packet/x8/ex2_approx,16384,1024,1024,8396800,8396800,0,1024,256,3,2,65,4.9266881942749023,0.075795202988844651,-44.496950924396515,1
2026-08-16T15:03:54Z,NVIDIA H200 NVL,screen,normal_0_1,dot,lns,lns4_r1,4,2,1,fp64,fused,padded,thread_packet,2,8,1,1,2,none,ex2_approx,fused/padded/thread_packet/x2/ex2_approx,16777216,0,1,16777216,33554432,0,512,256,3,0,68,4.8809599876403809,0.071778823347652662,-3268.5848695039749,1
2026-08-16T15:03:54Z,NVIDIA H200 NVL,screen,normal_0_1,dot,lns,lns4_r1,4,2,1,fp64,fused,padded,thread_packet,2,8,1,1,2,none,ex2_approx,fused/padded/thread_packet/x2/ex2_approx,16777216,0,1,16777216,33554432,0,512,256,3,1,68,4.8814082145690918,0.071785414920133697,-3268.5848695039749,1
2026-08-16T15:03:54Z,NVIDIA H200 NVL,screen,normal_0_1,dot,lns,lns4_r1,4,2,1,fp64,fused,padded,thread_packet,2,8,1,1,2,none,ex2_approx,fused/padded/thread_packet/x2/ex2_approx,16777216,0,1,16777216,33554432,0,512,256,3,2,68,4.879392147064209,0.071755766868591309,-3268.5848695039749,1
2026-08-16T15:03:54Z,NVIDIA H200 NVL,screen,normal_0_1,gemv,lns,lns4_r1,4,2,1,fp64,fused,padded,thread_packet,2,8,1,1,2,none,ex2_approx,fused/padded/thread_packet/x2/ex2_approx,16384,1024,1024,8396800,16793600,0,1024,256,3,0,75,4.872960090637207,0.064972801208496092,-44.496950924396515,1
2026-08-16T15:03:54Z,NVIDIA H200 NVL,screen,normal_0_1,gemv,lns,lns4_r1,4,2,1,fp64,fused,padded,thread_packet,2,8,1,1,2,none,ex2_approx,fused/padded/thread_packet/x2/ex2_approx,16384,1024,1024,8396800,16793600,0,1024,256,3,1,75,4.8760957717895508,0.065014610290527339,-44.496950924396515,1
2026-08-16T15:03:54Z,NVIDIA H200 NVL,screen,normal_0_1,gemv,lns,lns4_r1,4,2,1,fp64,fused,padded,thread_packet,2,8,1,1,2,none,ex2_approx,fused/padded/thread_packet/x2/ex2_approx,16384,1024,1024,8396800,16793600,0,1024,256,3,2,75,4.871391773223877,0.064951890309651691,-44.496950924396515,1
2026-08-16T15:03:54Z,NVIDIA H200 NVL,screen,normal_0_1,dot,lns,lns4_r1,4,2,1,fp64,fused,padded,thread_packet,4,8,1,1,4,none,ex2_approx,fused/padded/thread_packet/x4/ex2_approx,16777216,0,1,16777216,33554432,0,512,256,3,0,72,4.8952641487121582,0.067989779843224421,-3268.5848695039749,1
2026-08-16T15:03:54Z,NVIDIA H200 NVL,screen,normal_0_1,dot,lns,lns4_r1,4,2,1,fp64,fused,padded,thread_packet,4,8,1,1,4,none,ex2_approx,fused/padded/thread_packet/x4/ex2_approx,16777216,0,1,16777216,33554432,0,512,256,3,1,72,4.8956160545349121,0.067994667424096003,-3268.5848695039749,1
2026-08-16T15:03:54Z,NVIDIA H200 NVL,screen,normal_0_1,dot,lns,lns4_r1,4,2,1,fp64,fused,padded,thread_packet,4,8,1,1,4,none,ex2_approx,fused/padded/thread_packet/x4/ex2_approx,16777216,0,1,16777216,33554432,0,512,256,3,2,72,4.8946561813354492,0.067981335851881236,-3268.5848695039749,1
2026-08-16T15:03:54Z,NVIDIA H200 NVL,screen,normal_0_1,gemv,lns,lns4_r1,4,2,1,fp64,fused,padded,thread_packet,4,8,1,1,4,none,ex2_approx,fused/padded/thread_packet/x4/ex2_approx,16384,1024,1024,8396800,16793600,0,1024,256,3,0,79,4.8751039505004883,0.061710176588613774,-44.496950924396515,1
2026-08-16T15:03:54Z,NVIDIA H200 NVL,screen,normal_0_1,gemv,lns,lns4_r1,4,2,1,fp64,fused,padded,thread_packet,4,8,1,1,4,none,ex2_approx,fused/padded/thread_packet/x4/ex2_approx,16384,1024,1024,8396800,16793600,0,1024,256,3,1,79,4.8754239082336426,0.061714226686501804,-44.496950924396515,1
2026-08-16T15:03:54Z,NVIDIA H200 NVL,screen,normal_0_1,gemv,lns,lns4_r1,4,2,1,fp64,fused,padded,thread_packet,4,8,1,1,4,none,ex2_approx,fused/padded/thread_packet/x4/ex2_approx,16384,1024,1024,8396800,16793600,0,1024,256,3,2,79,4.8756799697875977,0.061717467971994906,-44.496950924396515,1
2026-08-16T15:03:54Z,NVIDIA H200 NVL,screen,normal_0_1,dot,lns,lns4_r1,4,2,1,fp64,fused,padded,thread_packet,8,8,1,1,8,none,ex2_approx,fused/padded/thread_packet/x8/ex2_approx,16777216,0,1,16777216,33554432,0,512,256,3,0,71,4.8514561653137207,0.06833036852554536,-3268.5848695039749,1
2026-08-16T15:03:54Z,NVIDIA H200 NVL,screen,normal_0_1,dot,lns,lns4_r1,4,2,1,fp64,fused,padded,thread_packet,8,8,1,1,8,none,ex2_approx,fused/padded/thread_packet/x8/ex2_approx,16777216,0,1,16777216,33554432,0,512,256,3,1,71,4.8511362075805664,0.068325862078599531,-3268.5848695039749,1
2026-08-16T15:03:54Z,NVIDIA H200 NVL,screen,normal_0_1,dot,lns,lns4_r1,4,2,1,fp64,fused,padded,thread_packet,8,8,1,1,8,none,ex2_approx,fused/padded/thread_packet/x8/ex2_approx,16777216,0,1,16777216,33554432,0,512,256,3,2,71,4.8442559242248535,0.068228956679223282,-3268.5848695039749,1
2026-08-16T15:03:54Z,NVIDIA H200 NVL,screen,normal_0_1,gemv,lns,lns4_r1,4,2,1,fp64,fused,padded,thread_packet,8,8,1,1,8,none,ex2_approx,fused/padded/thread_packet/x8/ex2_approx,16384,1024,1024,8396800,16793600,0,1024,256,3,0,80,4.8515520095825195,0.060644400119781491,-44.496950924396515,1
2026-08-16T15:03:54Z,NVIDIA H200 NVL,screen,normal_0_1,gemv,lns,lns4_r1,4,2,1,fp64,fused,padded,thread_packet,8,8,1,1,8,none,ex2_approx,fused/padded/thread_packet/x8/ex2_approx,16384,1024,1024,8396800,16793600,0,1024,256,3,1,80,4.8523521423339844,0.060654401779174805,-44.496950924396515,1
2026-08-16T15:03:54Z,NVIDIA H200 NVL,screen,normal_0_1,gemv,lns,lns4_r1,4,2,1,fp64,fused,padded,thread_packet,8,8,1,1,8,none,ex2_approx,fused/padded/thread_packet/x8/ex2_approx,16384,1024,1024,8396800,16793600,0,1024,256,3,2,80,4.8514242172241211,0.060642802715301515,-44.496950924396515,1
2026-08-16T15:03:54Z,NVIDIA H200 NVL,screen,normal_0_1,dot,lns,lns4_r1,4,2,1,fp64,fused,dense,cooperative_shuffle,8,32,1,8,1,warp_shuffle,ex2_approx,fused/dense/cooperative_shuffle/x8/ex2_approx,16777216,0,1,16777216,16777216,0,512,256,3,0,49,4.9293761253356934,0.10059951276195292,-3268.5848695039749,1
2026-08-16T15:03:54Z,NVIDIA H200 NVL,screen,normal_0_1,dot,lns,lns4_r1,4,2,1,fp64,fused,dense,cooperative_shuffle,8,32,1,8,1,warp_shuffle,ex2_approx,fused/dense/cooperative_shuffle/x8/ex2_approx,16777216,0,1,16777216,16777216,0,512,256,3,1,49,4.9278721809387207,0.10056882001915757,-3268.5848695039749,1
2026-08-16T15:03:54Z,NVIDIA H200 NVL,screen,normal_0_1,dot,lns,lns4_r1,4,2,1,fp64,fused,dense,cooperative_shuffle,8,32,1,8,1,warp_shuffle,ex2_approx,fused/dense/cooperative_shuffle/x8/ex2_approx,16777216,0,1,16777216,16777216,0,512,256,3,2,49,4.927584171295166,0.10056294227132992,-3268.5848695039749,1
2026-08-16T15:03:54Z,NVIDIA H200 NVL,screen,normal_0_1,gemv,lns,lns4_r1,4,2,1,fp64,fused,dense,cooperative_shuffle,8,32,1,8,1,warp_shuffle,ex2_approx,fused/dense/cooperative_shuffle/x8/ex2_approx,16384,1024,1024,8396800,8396800,0,1024,256,3,0,57,4.8928961753845215,0.085840283778675822,-44.496950924396515,1
2026-08-16T15:03:54Z,NVIDIA H200 NVL,screen,normal_0_1,gemv,lns,lns4_r1,4,2,1,fp64,fused,dense,cooperative_shuffle,8,32,1,8,1,warp_shuffle,ex2_approx,fused/dense/cooperative_shuffle/x8/ex2_approx,16384,1024,1024,8396800,8396800,0,1024,256,3,1,57,4.8963518142700195,0.08590090902228105,-44.496950924396515,1
2026-08-16T15:03:54Z,NVIDIA H200 NVL,screen,normal_0_1,gemv,lns,lns4_r1,4,2,1,fp64,fused,dense,cooperative_shuffle,8,32,1,8,1,warp_shuffle,ex2_approx,fused/dense/cooperative_shuffle/x8/ex2_approx,16384,1024,1024,8396800,8396800,0,1024,256,3,2,57,4.8944640159606934,0.085867789753696369,-44.496950924396515,1
2026-08-16T15:03:54Z,NVIDIA H200 NVL,screen,normal_0_1,dot,lns,lns4_r1,4,2,1,fp64,ordinary,dense,scalar,1,32,1,1,1,none,full_lut_global,ordinary/dense/scalar/x1/full_lut_global,16777216,0,1,16777216,16777216,128,512,256,3,0,122,4.7785282135009766,0.039168264045089975,-3268.5850589967913,1
2026-08-16T15:03:54Z,NVIDIA H200 NVL,screen,normal_0_1,dot,lns,lns4_r1,4,2,1,fp64,ordinary,dense,scalar,1,32,1,1,1,none,full_lut_global,ordinary/dense/scalar/x1/full_lut_global,16777216,0,1,16777216,16777216,128,512,256,3,1,122,4.7737917900085449,0.039129440901709382,-3268.5850589967913,1
2026-08-16T15:03:54Z,NVIDIA H200 NVL,screen,normal_0_1,dot,lns,lns4_r1,4,2,1,fp64,ordinary,dense,scalar,1,32,1,1,1,none,full_lut_global,ordinary/dense/scalar/x1/full_lut_global,16777216,0,1,16777216,16777216,128,512,256,3,2,122,4.7777280807495117,0.039161705579914032,-3268.5850589967913,1
2026-08-16T15:03:54Z,NVIDIA H200 NVL,screen,normal_0_1,gemv,lns,lns4_r1,4,2,1,fp64,ordinary,dense,scalar,1,32,1,1,1,none,full_lut_global,ordinary/dense/scalar/x1/full_lut_global,16384,1024,1024,8396800,8396800,128,1024,256,3,0,118,4.7365121841430664,0.040139933763924295,-44.496951672795078,1
2026-08-16T15:03:54Z,NVIDIA H200 NVL,screen,normal_0_1,gemv,lns,lns4_r1,4,2,1,fp64,ordinary,dense,scalar,1,32,1,1,1,none,full_lut_global,ordinary/dense/scalar/x1/full_lut_global,16384,1024,1024,8396800,8396800,128,1024,256,3,1,118,4.7376642227172852,0.040149696802688858,-44.496951672795078,1
2026-08-16T15:03:54Z,NVIDIA H200 NVL,screen,normal_0_1,gemv,lns,lns4_r1,4,2,1,fp64,ordinary,dense,scalar,1,32,1,1,1,none,full_lut_global,ordinary/dense/scalar/x1/full_lut_global,16384,1024,1024,8396800,8396800,128,1024,256,3,2,118,4.738527774810791,0.040157015040769413,-44.496951672795078,1
2026-08-16T15:03:54Z,NVIDIA H200 NVL,screen,normal_0_1,dot,lns,lns4_r1,4,2,1,fp64,ordinary,padded,scalar,1,8,1,1,1,none,full_lut_global,ordinary/padded/scalar/x1/full_lut_global,16777216,0,1,16777216,33554432,128,512,256,3,0,132,4.7217922210693359,0.035771153189919212,-3268.5850589967913,1
2026-08-16T15:03:54Z,NVIDIA H200 NVL,screen,normal_0_1,dot,lns,lns4_r1,4,2,1,fp64,ordinary,padded,scalar,1,8,1,1,1,none,full_lut_global,ordinary/padded/scalar/x1/full_lut_global,16777216,0,1,16777216,33554432,128,512,256,3,1,132,4.7220478057861328,0.035773089437773735,-3268.5850589967913,1
2026-08-16T15:03:54Z,NVIDIA H200 NVL,screen,normal_0_1,dot,lns,lns4_r1,4,2,1,fp64,ordinary,padded,scalar,1,8,1,1,1,none,full_lut_global,ordinary/padded/scalar/x1/full_lut_global,16777216,0,1,16777216,33554432,128,512,256,3,2,132,4.7257280349731445,0.035800969961917763,-3268.5850589967913,1
2026-08-16T15:03:54Z,NVIDIA H200 NVL,screen,normal_0_1,gemv,lns,lns4_r1,4,2,1,fp64,ordinary,padded,scalar,1,8,1,1,1,none,full_lut_global,ordinary/padded/scalar/x1/full_lut_global,16384,1024,1024,8396800,16793600,128,1024,256,3,0,167,4.614016056060791,0.027628838659046653,-44.496951672795078,1
2026-08-16T15:03:54Z,NVIDIA H200 NVL,screen,normal_0_1,gemv,lns,lns4_r1,4,2,1,fp64,ordinary,padded,scalar,1,8,1,1,1,none,full_lut_global,ordinary/padded/scalar/x1/full_lut_global,16384,1024,1024,8396800,16793600,128,1024,256,3,1,167,4.6487998962402344,0.027837125127187032,-44.496951672795078,1
2026-08-16T15:03:54Z,NVIDIA H200 NVL,screen,normal_0_1,gemv,lns,lns4_r1,4,2,1,fp64,ordinary,padded,scalar,1,8,1,1,1,none,full_lut_global,ordinary/padded/scalar/x1/full_lut_global,16384,1024,1024,8396800,16793600,128,1024,256,3,2,167,4.6364798545837402,0.027763352422657126,-44.496951672795078,1
2026-08-16T15:03:54Z,NVIDIA H200 NVL,screen,normal_0_1,dot,lns,lns4_r1,4,2,1,fp64,ordinary,dense,thread_packet,2,32,1,1,2,none,full_lut_global,ordinary/dense/thread_packet/x2/full_lut_global,16777216,0,1,16777216,16777216,128,512,256,3,0,127,4.7413439750671387,0.037333417126512905,-3268.5850589967913,1
2026-08-16T15:03:54Z,NVIDIA H200 NVL,screen,normal_0_1,dot,lns,lns4_r1,4,2,1,fp64,ordinary,dense,thread_packet,2,32,1,1,2,none,full_lut_global,ordinary/dense/thread_packet/x2/full_lut_global,16777216,0,1,16777216,16777216,128,512,256,3,1,127,4.7393279075622559,0.03731754257923036,-3268.5850589967913,1
2026-08-16T15:03:54Z,NVIDIA H200 NVL,screen,normal_0_1,dot,lns,lns4_r1,4,2,1,fp64,ordinary,dense,thread_packet,2,32,1,1,2,none,full_lut_global,ordinary/dense/thread_packet/x2/full_lut_global,16777216,0,1,16777216,16777216,128,512,256,3,2,127,4.7385601997375488,0.037311497635728733,-3268.5850589967913,1
2026-08-16T15:03:54Z,NVIDIA H200 NVL,screen,normal_0_1,gemv,lns,lns4_r1,4,2,1,fp64,ordinary,dense,thread_packet,2,32,1,1,2,none,full_lut_global,ordinary/dense/thread_packet/x2/full_lut_global,16384,1024,1024,8396800,8396800,128,1024,256,3,0,118,4.6965441703796387,0.039801221782878295,-44.496951672795085,1
2026-08-16T15:03:54Z,NVIDIA H200 NVL,screen,normal_0_1,gemv,lns,lns4_r1,4,2,1,fp64,ordinary,dense,thread_packet,2,32,1,1,2,none,full_lut_global,ordinary/dense/thread_packet/x2/full_lut_global,16384,1024,1024,8396800,8396800,128,1024,256,3,1,118,4.6853442192077637,0.039706306942438672,-44.496951672795085,1
2026-08-16T15:03:54Z,NVIDIA H200 NVL,screen,normal_0_1,gemv,lns,lns4_r1,4,2,1,fp64,ordinary,dense,thread_packet,2,32,1,1,2,none,full_lut_global,ordinary/dense/thread_packet/x2/full_lut_global,16384,1024,1024,8396800,8396800,128,1024,256,3,2,118,4.6845440864562988,0.039699526156409315,-44.496951672795085,1
2026-08-16T15:03:54Z,NVIDIA H200 NVL,screen,normal_0_1,dot,lns,lns4_r1,4,2,1,fp64,ordinary,dense,thread_packet,4,32,1,1,4,none,full_lut_global,ordinary/dense/thread_packet/x4/full_lut_global,16777216,0,1,16777216,16777216,128,512,256,3,0,138,4.7267518043518066,0.034251824669215988,-3268.5850589967913,1
2026-08-16T15:03:54Z,NVIDIA H200 NVL,screen,normal_0_1,dot,lns,lns4_r1,4,2,1,fp64,ordinary,dense,thread_packet,4,32,1,1,4,none,full_lut_global,ordinary/dense/thread_packet/x4/full_lut_global,16777216,0,1,16777216,16777216,128,512,256,3,1,138,4.7334718704223633,0.034300520800162056,-3268.5850589967913,1
2026-08-16T15:03:54Z,NVIDIA H200 NVL,screen,normal_0_1,dot,lns,lns4_r1,4,2,1,fp64,ordinary,dense,thread_packet,4,32,1,1,4,none,full_lut_global,ordinary/dense/thread_packet/x4/full_lut_global,16777216,0,1,16777216,16777216,128,512,256,3,2,138,4.7315521240234375,0.034286609594372734,-3268.5850589967913,1
2026-08-16T15:03:54Z,NVIDIA H200 NVL,screen,normal_0_1,gemv,lns,lns4_r1,4,2,1,fp64,ordinary,dense,thread_packet,4,32,1,1,4,none,full_lut_global,ordinary/dense/thread_packet/x4/full_lut_global,16384,1024,1024,8396800,8396800,128,1024,256,3,0,124,4.7276802062988281,0.038126453276603453,-44.496951672795063,1
2026-08-16T15:03:54Z,NVIDIA H200 NVL,screen,normal_0_1,gemv,lns,lns4_r1,4,2,1,fp64,ordinary,dense,thread_packet,4,32,1,1,4,none,full_lut_global,ordinary/dense/thread_packet/x4/full_lut_global,16384,1024,1024,8396800,8396800,128,1024,256,3,1,124,4.7272319793701172,0.038122838543307398,-44.496951672795063,1
2026-08-16T15:03:54Z,NVIDIA H200 NVL,screen,normal_0_1,gemv,lns,lns4_r1,4,2,1,fp64,ordinary,dense,thread_packet,4,32,1,1,4,none,full_lut_global,ordinary/dense/thread_packet/x4/full_lut_global,16384,1024,1024,8396800,8396800,128,1024,256,3,2,124,4.7257599830627441,0.038110967605344707,-44.496951672795063,1
2026-08-16T15:03:54Z,NVIDIA H200 NVL,screen,normal_0_1,dot,lns,lns4_r1,4,2,1,fp64,ordinary,dense,thread_packet,8,32,1,1,8,none,full_lut_global,ordinary/dense/thread_packet/x8/full_lut_global,16777216,0,1,16777216,16777216,128,512,256,3,0,202,4.5213761329650879,0.022383050163193505,-3268.5850589967922,1
2026-08-16T15:03:54Z,NVIDIA H200 NVL,screen,normal_0_1,dot,lns,lns4_r1,4,2,1,fp64,ordinary,dense,thread_packet,8,32,1,1,8,none,full_lut_global,ordinary/dense/thread_packet/x8/full_lut_global,16777216,0,1,16777216,16777216,128,512,256,3,1,202,4.5233278274536133,0.022392712017097097,-3268.5850589967922,1
2026-08-16T15:03:54Z,NVIDIA H200 NVL,screen,normal_0_1,dot,lns,lns4_r1,4,2,1,fp64,ordinary,dense,thread_packet,8,32,1,1,8,none,full_lut_global,ordinary/dense/thread_packet/x8/full_lut_global,16777216,0,1,16777216,16777216,128,512,256,3,2,202,4.5207037925720215,0.022379721745406048,-3268.5850589967922,1
2026-08-16T15:03:54Z,NVIDIA H200 NVL,screen,normal_0_1,gemv,lns,lns4_r1,4,2,1,fp64,ordinary,dense,thread_packet,8,32,1,1,8,none,full_lut_global,ordinary/dense/thread_packet/x8/full_lut_global,16384,1024,1024,8396800,8396800,128,1024,256,3,0,137,4.702239990234375,0.034322919636747259,-44.496951672795099,1
2026-08-16T15:03:54Z,NVIDIA H200 NVL,screen,normal_0_1,gemv,lns,lns4_r1,4,2,1,fp64,ordinary,dense,thread_packet,8,32,1,1,8,none,full_lut_global,ordinary/dense/thread_packet/x8/full_lut_global,16384,1024,1024,8396800,8396800,128,1024,256,3,1,137,4.7021121978759766,0.034321986845810046,-44.496951672795099,1
2026-08-16T15:03:54Z,NVIDIA H200 NVL,screen,normal_0_1,gemv,lns,lns4_r1,4,2,1,fp64,ordinary,dense,thread_packet,8,32,1,1,8,none,full_lut_global,ordinary/dense/thread_packet/x8/full_lut_global,16384,1024,1024,8396800,8396800,128,1024,256,3,2,137,4.7021760940551758,0.034322453241278653,-44.496951672795099,1
2026-08-16T15:03:54Z,NVIDIA H200 NVL,screen,normal_0_1,dot,lns,lns4_r1,4,2,1,fp64,ordinary,padded,thread_packet,2,8,1,1,2,none,full_lut_global,ordinary/padded/thread_packet/x2/full_lut_global,16777216,0,1,16777216,33554432,128,512,256,3,0,176,4.6862077713012695,0.026626180518757214,-3268.5850589967913,1
2026-08-16T15:03:54Z,NVIDIA H200 NVL,screen,normal_0_1,dot,lns,lns4_r1,4,2,1,fp64,ordinary,padded,thread_packet,2,8,1,1,2,none,full_lut_global,ordinary/padded/thread_packet/x2/full_lut_global,16777216,0,1,16777216,33554432,128,512,256,3,1,176,4.6835517883300781,0.026611089706420898,-3268.5850589967913,1
2026-08-16T15:03:54Z,NVIDIA H200 NVL,screen,normal_0_1,dot,lns,lns4_r1,4,2,1,fp64,ordinary,padded,thread_packet,2,8,1,1,2,none,full_lut_global,ordinary/padded/thread_packet/x2/full_lut_global,16777216,0,1,16777216,33554432,128,512,256,3,2,176,4.6751680374145508,0.02656345475803722,-3268.5850589967913,1
2026-08-16T15:03:54Z,NVIDIA H200 NVL,screen,normal_0_1,gemv,lns,lns4_r1,4,2,1,fp64,ordinary,padded,thread_packet,2,8,1,1,2,none,full_lut_global,ordinary/padded/thread_packet/x2/full_lut_global,16384,1024,1024,8396800,16793600,128,1024,256,3,0,192,4.5498242378234863,0.02369700123866399,-44.496951672795085,1
2026-08-16T15:03:54Z,NVIDIA H200 NVL,screen,normal_0_1,gemv,lns,lns4_r1,4,2,1,fp64,ordinary,padded,thread_packet,2,8,1,1,2,none,full_lut_global,ordinary/padded/thread_packet/x2/full_lut_global,16384,1024,1024,8396800,16793600,128,1024,256,3,1,192,4.5457601547241211,0.02367583413918813,-44.496951672795085,1
2026-08-16T15:03:54Z,NVIDIA H200 NVL,screen,normal_0_1,gemv,lns,lns4_r1,4,2,1,fp64,ordinary,padded,thread_packet,2,8,1,1,2,none,full_lut_global,ordinary/padded/thread_packet/x2/full_lut_global,16384,1024,1024,8396800,16793600,128,1024,256,3,2,192,4.5462398529052734,0.023678332567214966,-44.496951672795085,1
2026-08-16T15:03:54Z,NVIDIA H200 NVL,screen,normal_0_1,dot,lns,lns4_r1,4,2,1,fp64,ordinary,padded,thread_packet,4,8,1,1,4,none,full_lut_global,ordinary/padded/thread_packet/x4/full_lut_global,16777216,0,1,16777216,33554432,128,512,256,3,0,191,4.5769281387329102,0.023962974548339844,-3268.5850589967913,1
2026-08-16T15:03:54Z,NVIDIA H200 NVL,screen,normal_0_1,dot,lns,lns4_r1,4,2,1,fp64,ordinary,padded,thread_packet,4,8,1,1,4,none,full_lut_global,ordinary/padded/thread_packet/x4/full_lut_global,16777216,0,1,16777216,33554432,128,512,256,3,1,191,4.573279857635498,0.023943873600185853,-3268.5850589967913,1
2026-08-16T15:03:54Z,NVIDIA H200 NVL,screen,normal_0_1,dot,lns,lns4_r1,4,2,1,fp64,ordinary,padded,thread_packet,4,8,1,1,4,none,full_lut_global,ordinary/padded/thread_packet/x4/full_lut_global,16777216,0,1,16777216,33554432,128,512,256,3,2,191,4.5745282173156738,0.023950409514741748,-3268.5850589967913,1
2026-08-16T15:03:54Z,NVIDIA H200 NVL,screen,normal_0_1,gemv,lns,lns4_r1,4,2,1,fp64,ordinary,padded,thread_packet,4,8,1,1,4,none,full_lut_global,ordinary/padded/thread_packet/x4/full_lut_global,16384,1024,1024,8396800,16793600,128,1024,256,3,0,215,4.4182720184326172,0.020550102411314497,-44.496951672795063,1
2026-08-16T15:03:54Z,NVIDIA H200 NVL,screen,normal_0_1,gemv,lns,lns4_r1,4,2,1,fp64,ordinary,padded,thread_packet,4,8,1,1,4,none,full_lut_global,ordinary/padded/thread_packet/x4/full_lut_global,16384,1024,1024,8396800,16793600,128,1024,256,3,1,215,4.419680118560791,0.020556651714236238,-44.496951672795063,1
2026-08-16T15:03:54Z,NVIDIA H200 NVL,screen,normal_0_1,gemv,lns,lns4_r1,4,2,1,fp64,ordinary,padded,thread_packet,4,8,1,1,4,none,full_lut_global,ordinary/padded/thread_packet/x4/full_lut_global,16384,1024,1024,8396800,16793600,128,1024,256,3,2,215,4.420191764831543,0.020559031464332758,-44.496951672795063,1
2026-08-16T15:03:54Z,NVIDIA H200 NVL,screen,normal_0_1,dot,lns,lns4_r1,4,2,1,fp64,ordinary,padded,thread_packet,8,8,1,1,8,none,full_lut_global,ordinary/padded/thread_packet/x8/full_lut_global,16777216,0,1,16777216,33554432,128,512,256,3,0,199,4.5579519271850586,0.022904281041130948,-3268.5850589967922,1
2026-08-16T15:03:54Z,NVIDIA H200 NVL,screen,normal_0_1,dot,lns,lns4_r1,4,2,1,fp64,ordinary,padded,thread_packet,8,8,1,1,8,none,full_lut_global,ordinary/padded/thread_packet/x8/full_lut_global,16777216,0,1,16777216,33554432,128,512,256,3,1,199,4.562079906463623,0.022925024655596097,-3268.5850589967922,1
2026-08-16T15:03:54Z,NVIDIA H200 NVL,screen,normal_0_1,dot,lns,lns4_r1,4,2,1,fp64,ordinary,padded,thread_packet,8,8,1,1,8,none,full_lut_global,ordinary/padded/thread_packet/x8/full_lut_global,16777216,0,1,16777216,33554432,128,512,256,3,2,199,4.5620479583740234,0.022924864112432278,-3268.5850589967922,1
2026-08-16T15:03:54Z,NVIDIA H200 NVL,screen,normal_0_1,gemv,lns,lns4_r1,4,2,1,fp64,ordinary,padded,thread_packet,8,8,1,1,8,none,full_lut_global,ordinary/padded/thread_packet/x8/full_lut_global,16384,1024,1024,8396800,16793600,128,1024,256,3,0,224,4.4617919921875,0.019918714250837053,-44.496951672795099,1
2026-08-16T15:03:54Z,NVIDIA H200 NVL,screen,normal_0_1,gemv,lns,lns4_r1,4,2,1,fp64,ordinary,padded,thread_packet,8,8,1,1,8,none,full_lut_global,ordinary/padded/thread_packet/x8/full_lut_global,16384,1024,1024,8396800,16793600,128,1024,256,3,1,224,4.4634561538696289,0.019926143544060842,-44.496951672795099,1
2026-08-16T15:03:54Z,NVIDIA H200 NVL,screen,normal_0_1,gemv,lns,lns4_r1,4,2,1,fp64,ordinary,padded,thread_packet,8,8,1,1,8,none,full_lut_global,ordinary/padded/thread_packet/x8/full_lut_global,16384,1024,1024,8396800,16793600,128,1024,256,3,2,224,4.4638080596923828,0.019927714552198137,-44.496951672795099,1
2026-08-16T15:03:54Z,NVIDIA H200 NVL,screen,normal_0_1,dot,lns,lns4_r1,4,2,1,fp64,ordinary,dense,cooperative_shuffle,8,32,1,8,1,warp_shuffle,full_lut_global,ordinary/dense/cooperative_shuffle/x8/full_lut_global,16777216,0,1,16777216,16777216,128,512,256,3,0,74,4.9021120071411133,0.066244756853258285,-3268.5850589967913,1
2026-08-16T15:03:54Z,NVIDIA H200 NVL,screen,normal_0_1,dot,lns,lns4_r1,4,2,1,fp64,ordinary,dense,cooperative_shuffle,8,32,1,8,1,warp_shuffle,full_lut_global,ordinary/dense/cooperative_shuffle/x8/full_lut_global,16777216,0,1,16777216,16777216,128,512,256,3,1,74,4.9019198417663574,0.066242160023869692,-3268.5850589967913,1
2026-08-16T15:03:54Z,NVIDIA H200 NVL,screen,normal_0_1,dot,lns,lns4_r1,4,2,1,fp64,ordinary,dense,cooperative_shuffle,8,32,1,8,1,warp_shuffle,full_lut_global,ordinary/dense/cooperative_shuffle/x8/full_lut_global,16777216,0,1,16777216,16777216,128,512,256,3,2,74,4.9037761688232422,0.066267245524638405,-3268.5850589967913,1
2026-08-16T15:03:54Z,NVIDIA H200 NVL,screen,normal_0_1,gemv,lns,lns4_r1,4,2,1,fp64,ordinary,dense,cooperative_shuffle,8,32,1,8,1,warp_shuffle,full_lut_global,ordinary/dense/cooperative_shuffle/x8/full_lut_global,16384,1024,1024,8396800,8396800,128,1024,256,3,0,107,4.7524480819702148,0.044415402635235655,-44.496951672795078,1
2026-08-16T15:03:54Z,NVIDIA H200 NVL,screen,normal_0_1,gemv,lns,lns4_r1,4,2,1,fp64,ordinary,dense,cooperative_shuffle,8,32,1,8,1,warp_shuffle,full_lut_global,ordinary/dense/cooperative_shuffle/x8/full_lut_global,16384,1024,1024,8396800,8396800,128,1024,256,3,1,107,4.7628798484802246,0.044512895780189014,-44.496951672795078,1
2026-08-16T15:03:54Z,NVIDIA H200 NVL,screen,normal_0_1,gemv,lns,lns4_r1,4,2,1,fp64,ordinary,dense,cooperative_shuffle,8,32,1,8,1,warp_shuffle,full_lut_global,ordinary/dense/cooperative_shuffle/x8/full_lut_global,16384,1024,1024,8396800,8396800,128,1024,256,3,2,107,4.7668161392211914,0.044549683544123281,-44.496951672795078,1
2026-08-16T15:03:54Z,NVIDIA H200 NVL,screen,normal_0_1,dot,lns,lns4_r1,4,2,1,fp64,ordinary,dense,scalar,1,32,1,1,1,none,full_lut_shared,ordinary/dense/scalar/x1/full_lut_shared,16777216,0,1,16777216,16777216,128,512,256,3,0,126,4.7445120811462402,0.037654857786874919,-3268.5850589967913,1
2026-08-16T15:03:54Z,NVIDIA H200 NVL,screen,normal_0_1,dot,lns,lns4_r1,4,2,1,fp64,ordinary,dense,scalar,1,32,1,1,1,none,full_lut_shared,ordinary/dense/scalar/x1/full_lut_shared,16777216,0,1,16777216,16777216,128,512,256,3,1,126,4.7424960136413574,0.037638857251121885,-3268.5850589967913,1
2026-08-16T15:03:54Z,NVIDIA H200 NVL,screen,normal_0_1,dot,lns,lns4_r1,4,2,1,fp64,ordinary,dense,scalar,1,32,1,1,1,none,full_lut_shared,ordinary/dense/scalar/x1/full_lut_shared,16777216,0,1,16777216,16777216,128,512,256,3,2,126,4.7439999580383301,0.037650793317764525,-3268.5850589967913,1
2026-08-16T15:03:54Z,NVIDIA H200 NVL,screen,normal_0_1,gemv,lns,lns4_r1,4,2,1,fp64,ordinary,dense,scalar,1,32,1,1,1,none,full_lut_shared,ordinary/dense/scalar/x1/full_lut_shared,16384,1024,1024,8396800,8396800,128,1024,256,3,0,122,4.7492799758911133,0.03892852439255011,-44.496951672795078,1
2026-08-16T15:03:54Z,NVIDIA H200 NVL,screen,normal_0_1,gemv,lns,lns4_r1,4,2,1,fp64,ordinary,dense,scalar,1,32,1,1,1,none,full_lut_shared,ordinary/dense/scalar/x1/full_lut_shared,16384,1024,1024,8396800,8396800,128,1024,256,3,1,122,4.7527360916137695,0.038956853209948933,-44.496951672795078,1
2026-08-16T15:03:54Z,NVIDIA H200 NVL,screen,normal_0_1,gemv,lns,lns4_r1,4,2,1,fp64,ordinary,dense,scalar,1,32,1,1,1,none,full_lut_shared,ordinary/dense/scalar/x1/full_lut_shared,16384,1024,1024,8396800,8396800,128,1024,256,3,2,122,4.7488322257995605,0.03892485430983246,-44.496951672795078,1
2026-08-16T15:03:54Z,NVIDIA H200 NVL,screen,normal_0_1,dot,lns,lns4_r1,4,2,1,fp64,ordinary,padded,scalar,1,8,1,1,1,none,full_lut_shared,ordinary/padded/scalar/x1/full_lut_shared,16777216,0,1,16777216,33554432,128,512,256,3,0,138,4.6714878082275391,0.033851360929185066,-3268.5850589967913,1
2026-08-16T15:03:54Z,NVIDIA H200 NVL,screen,normal_0_1,dot,lns,lns4_r1,4,2,1,fp64,ordinary,padded,scalar,1,8,1,1,1,none,full_lut_shared,ordinary/padded/scalar/x1/full_lut_shared,16777216,0,1,16777216,33554432,128,512,256,3,1,138,4.6727681159973145,0.033860638521719673,-3268.5850589967913,1
2026-08-16T15:03:54Z,NVIDIA H200 NVL,screen,normal_0_1,dot,lns,lns4_r1,4,2,1,fp64,ordinary,padded,scalar,1,8,1,1,1,none,full_lut_shared,ordinary/padded/scalar/x1/full_lut_shared,16777216,0,1,16777216,33554432,128,512,256,3,2,138,4.6735677719116211,0.033866433129794357,-3268.5850589967913,1
2026-08-16T15:03:54Z,NVIDIA H200 NVL,screen,normal_0_1,gemv,lns,lns4_r1,4,2,1,fp64,ordinary,padded,scalar,1,8,1,1,1,none,full_lut_shared,ordinary/padded/scalar/x1/full_lut_shared,16384,1024,1024,8396800,16793600,128,1024,256,3,0,182,4.6025600433349609,0.02528879144689539,-44.496951672795078,1
2026-08-16T15:03:54Z,NVIDIA H200 NVL,screen,normal_0_1,gemv,lns,lns4_r1,4,2,1,fp64,ordinary,padded,scalar,1,8,1,1,1,none,full_lut_shared,ordinary/padded/scalar/x1/full_lut_shared,16384,1024,1024,8396800,16793600,128,1024,256,3,1,182,4.6029119491577148,0.02529072499537206,-44.496951672795078,1
2026-08-16T15:03:54Z,NVIDIA H200 NVL,screen,normal_0_1,gemv,lns,lns4_r1,4,2,1,fp64,ordinary,padded,scalar,1,8,1,1,1,none,full_lut_shared,ordinary/padded/scalar/x1/full_lut_shared,16384,1024,1024,8396800,16793600,128,1024,256,3,2,182,4.6077442169189453,0.025317275917137061,-44.496951672795078,1
2026-08-16T15:03:54Z,NVIDIA H200 NVL,screen,normal_0_1,dot,lns,lns4_r1,4,2,1,fp64,ordinary,dense,thread_packet,2,32,1,1,2,none,full_lut_shared,ordinary/dense/thread_packet/x2/full_lut_shared,16777216,0,1,16777216,16777216,128,512,256,3,0,130,4.7290878295898438,0.036377598689152642,-3268.5850589967913,1
2026-08-16T15:03:54Z,NVIDIA H200 NVL,screen,normal_0_1,dot,lns,lns4_r1,4,2,1,fp64,ordinary,dense,thread_packet,2,32,1,1,2,none,full_lut_shared,ordinary/dense/thread_packet/x2/full_lut_shared,16777216,0,1,16777216,16777216,128,512,256,3,1,130,4.7278718948364258,0.036368245344895585,-3268.5850589967913,1
2026-08-16T15:03:54Z,NVIDIA H200 NVL,screen,normal_0_1,dot,lns,lns4_r1,4,2,1,fp64,ordinary,dense,thread_packet,2,32,1,1,2,none,full_lut_shared,ordinary/dense/thread_packet/x2/full_lut_shared,16777216,0,1,16777216,16777216,128,512,256,3,2,130,4.7272000312805176,0.036363077163696286,-3268.5850589967913,1
2026-08-16T15:03:54Z,NVIDIA H200 NVL,screen,normal_0_1,gemv,lns,lns4_r1,4,2,1,fp64,ordinary,dense,thread_packet,2,32,1,1,2,none,full_lut_shared,ordinary/dense/thread_packet/x2/full_lut_shared,16384,1024,1024,8396800,8396800,128,1024,256,3,0,125,4.7439360618591309,0.037951488494873044,-44.496951672795085,1
2026-08-16T15:03:54Z,NVIDIA H200 NVL,screen,normal_0_1,gemv,lns,lns4_r1,4,2,1,fp64,ordinary,dense,thread_packet,2,32,1,1,2,none,full_lut_shared,ordinary/dense/thread_packet/x2/full_lut_shared,16384,1024,1024,8396800,8396800,128,1024,256,3,1,125,4.7445759773254395,0.037956607818603515,-44.496951672795085,1
2026-08-16T15:03:54Z,NVIDIA H200 NVL,screen,normal_0_1,gemv,lns,lns4_r1,4,2,1,fp64,ordinary,dense,thread_packet,2,32,1,1,2,none,full_lut_shared,ordinary/dense/thread_packet/x2/full_lut_shared,16384,1024,1024,8396800,8396800,128,1024,256,3,2,125,4.747136116027832,0.037977088928222658,-44.496951672795085,1
2026-08-16T15:03:54Z,NVIDIA H200 NVL,screen,normal_0_1,dot,lns,lns4_r1,4,2,1,fp64,ordinary,dense,thread_packet,4,32,1,1,4,none,full_lut_shared,ordinary/dense/thread_packet/x4/full_lut_shared,16777216,0,1,16777216,16777216,128,512,256,3,0,134,4.736544132232666,0.03534734427039303,-3268.5850589967913,1
2026-08-16T15:03:54Z,NVIDIA H200 NVL,screen,normal_0_1,dot,lns,lns4_r1,4,2,1,fp64,ordinary,dense,thread_packet,4,32,1,1,4,none,full_lut_shared,ordinary/dense/thread_packet/x4/full_lut_shared,16777216,0,1,16777216,16777216,128,512,256,3,1,134,4.7354879379272461,0.035339462223337656,-3268.5850589967913,1
2026-08-16T15:03:54Z,NVIDIA H200 NVL,screen,normal_0_1,dot,lns,lns4_r1,4,2,1,fp64,ordinary,dense,thread_packet,4,32,1,1,4,none,full_lut_shared,ordinary/dense/thread_packet/x4/full_lut_shared,16777216,0,1,16777216,16777216,128,512,256,3,2,134,4.7241921424865723,0.035255165242437103,-3268.5850589967913,1
2026-08-16T15:03:54Z,NVIDIA H200 NVL,screen,normal_0_1,gemv,lns,lns4_r1,4,2,1,fp64,ordinary,dense,thread_packet,4,32,1,1,4,none,full_lut_shared,ordinary/dense/thread_packet/x4/full_lut_shared,16384,1024,1024,8396800,8396800,128,1024,256,3,0,125,4.7193918228149414,0.037755134582519528,-44.496951672795063,1
2026-08-16T15:03:54Z,NVIDIA H200 NVL,screen,normal_0_1,gemv,lns,lns4_r1,4,2,1,fp64,ordinary,dense,thread_packet,4,32,1,1,4,none,full_lut_shared,ordinary/dense/thread_packet/x4/full_lut_shared,16384,1024,1024,8396800,8396800,128,1024,256,3,1,125,4.7093439102172852,0.037674751281738278,-44.496951672795063,1
2026-08-16T15:03:54Z,NVIDIA H200 NVL,screen,normal_0_1,gemv,lns,lns4_r1,4,2,1,fp64,ordinary,dense,thread_packet,4,32,1,1,4,none,full_lut_shared,ordinary/dense/thread_packet/x4/full_lut_shared,16384,1024,1024,8396800,8396800,128,1024,256,3,2,125,4.7076802253723145,0.037661441802978514,-44.496951672795063,1
2026-08-16T15:03:54Z,NVIDIA H200 NVL,screen,normal_0_1,dot,lns,lns4_r1,4,2,1,fp64,ordinary,dense,thread_packet,8,32,1,1,8,none,full_lut_shared,ordinary/dense/thread_packet/x8/full_lut_shared,16777216,0,1,16777216,16777216,128,512,256,3,0,206,4.4909439086914062,0.021800698585880612,-3268.5850589967922,1
2026-08-16T15:03:54Z,NVIDIA H200 NVL,screen,normal_0_1,dot,lns,lns4_r1,4,2,1,fp64,ordinary,dense,thread_packet,8,32,1,1,8,none,full_lut_shared,ordinary/dense/thread_packet/x8/full_lut_shared,16777216,0,1,16777216,16777216,128,512,256,3,1,206,4.4791679382324219,0.021743533680739911,-3268.5850589967922,1
2026-08-16T15:03:54Z,NVIDIA H200 NVL,screen,normal_0_1,dot,lns,lns4_r1,4,2,1,fp64,ordinary,dense,thread_packet,8,32,1,1,8,none,full_lut_shared,ordinary/dense/thread_packet/x8/full_lut_shared,16777216,0,1,16777216,16777216,128,512,256,3,2,206,4.4795842170715332,0.02174555445180356,-3268.5850589967922,1
2026-08-16T15:03:54Z,NVIDIA H200 NVL,screen,normal_0_1,gemv,lns,lns4_r1,4,2,1,fp64,ordinary,dense,thread_packet,8,32,1,1,8,none,full_lut_shared,ordinary/dense/thread_packet/x8/full_lut_shared,16384,1024,1024,8396800,8396800,128,1024,256,3,0,131,4.6935038566589355,0.035828273714953708,-44.496951672795099,1
2026-08-16T15:03:54Z,NVIDIA H200 NVL,screen,normal_0_1,gemv,lns,lns4_r1,4,2,1,fp64,ordinary,dense,thread_packet,8,32,1,1,8,none,full_lut_shared,ordinary/dense/thread_packet/x8/full_lut_shared,16384,1024,1024,8396800,8396800,128,1024,256,3,1,131,4.6924481391906738,0.035820214802982246,-44.496951672795099,1
2026-08-16T15:03:54Z,NVIDIA H200 NVL,screen,normal_0_1,gemv,lns,lns4_r1,4,2,1,fp64,ordinary,dense,thread_packet,8,32,1,1,8,none,full_lut_shared,ordinary/dense/thread_packet/x8/full_lut_shared,16384,1024,1024,8396800,8396800,128,1024,256,3,2,131,4.6942720413208008,0.035834137720006112,-44.496951672795099,1
2026-08-16T15:03:54Z,NVIDIA H200 NVL,screen,normal_0_1,dot,lns,lns4_r1,4,2,1,fp64,ordinary,padded,thread_packet,2,8,1,1,2,none,full_lut_shared,ordinary/padded/thread_packet/x2/full_lut_shared,16777216,0,1,16777216,33554432,128,512,256,3,0,164,4.5431680679321289,0.027702244316659321,-3268.5850589967913,1
2026-08-16T15:03:54Z,NVIDIA H200 NVL,screen,normal_0_1,dot,lns,lns4_r1,4,2,1,fp64,ordinary,padded,thread_packet,2,8,1,1,2,none,full_lut_shared,ordinary/padded/thread_packet/x2/full_lut_shared,16777216,0,1,16777216,33554432,128,512,256,3,1,164,4.545504093170166,0.027716488372988818,-3268.5850589967913,1
2026-08-16T15:03:54Z,NVIDIA H200 NVL,screen,normal_0_1,dot,lns,lns4_r1,4,2,1,fp64,ordinary,padded,thread_packet,2,8,1,1,2,none,full_lut_shared,ordinary/padded/thread_packet/x2/full_lut_shared,16777216,0,1,16777216,33554432,128,512,256,3,2,164,4.5452160835266113,0.027714732216625678,-3268.5850589967913,1
2026-08-16T15:03:54Z,NVIDIA H200 NVL,screen,normal_0_1,gemv,lns,lns4_r1,4,2,1,fp64,ordinary,padded,thread_packet,2,8,1,1,2,none,full_lut_shared,ordinary/padded/thread_packet/x2/full_lut_shared,16384,1024,1024,8396800,16793600,128,1024,256,3,0,184,4.5648322105407715,0.024808870709460716,-44.496951672795085,1
2026-08-16T15:03:54Z,NVIDIA H200 NVL,screen,normal_0_1,gemv,lns,lns4_r1,4,2,1,fp64,ordinary,padded,thread_packet,2,8,1,1,2,none,full_lut_shared,ordinary/padded/thread_packet/x2/full_lut_shared,16384,1024,1024,8396800,16793600,128,1024,256,3,1,184,4.5648322105407715,0.024808870709460716,-44.496951672795085,1
2026-08-16T15:03:54Z,NVIDIA H200 NVL,screen,normal_0_1,gemv,lns,lns4_r1,4,2,1,fp64,ordinary,padded,thread_packet,2,8,1,1,2,none,full_lut_shared,ordinary/padded/thread_packet/x2/full_lut_shared,16384,1024,1024,8396800,16793600,128,1024,256,3,2,184,4.5659518241882324,0.024814955566240395,-44.496951672795085,1
2026-08-16T15:03:54Z,NVIDIA H200 NVL,screen,normal_0_1,dot,lns,lns4_r1,4,2,1,fp64,ordinary,padded,thread_packet,4,8,1,1,4,none,full_lut_shared,ordinary/padded/thread_packet/x4/full_lut_shared,16777216,0,1,16777216,33554432,128,512,256,3,0,191,4.5556159019470215,0.023851392156790687,-3268.5850589967913,1
2026-08-16T15:03:54Z,NVIDIA H200 NVL,screen,normal_0_1,dot,lns,lns4_r1,4,2,1,fp64,ordinary,padded,thread_packet,4,8,1,1,4,none,full_lut_shared,ordinary/padded/thread_packet/x4/full_lut_shared,16777216,0,1,16777216,33554432,128,512,256,3,1,191,4.5572481155395508,0.023859937777693983,-3268.5850589967913,1
2026-08-16T15:03:54Z,NVIDIA H200 NVL,screen,normal_0_1,dot,lns,lns4_r1,4,2,1,fp64,ordinary,padded,thread_packet,4,8,1,1,4,none,full_lut_shared,ordinary/padded/thread_packet/x4/full_lut_shared,16777216,0,1,16777216,33554432,128,512,256,3,2,191,4.5568318367004395,0.023857758307332142,-3268.5850589967913,1
2026-08-16T15:03:54Z,NVIDIA H200 NVL,screen,normal_0_1,gemv,lns,lns4_r1,4,2,1,fp64,ordinary,padded,thread_packet,4,8,1,1,4,none,full_lut_shared,ordinary/padded/thread_packet/x4/full_lut_shared,16384,1024,1024,8396800,16793600,128,1024,256,3,0,212,4.429408073425293,0.020893434308609873,-44.496951672795063,1
2026-08-16T15:03:54Z,NVIDIA H200 NVL,screen,normal_0_1,gemv,lns,lns4_r1,4,2,1,fp64,ordinary,padded,thread_packet,4,8,1,1,4,none,full_lut_shared,ordinary/padded/thread_packet/x4/full_lut_shared,16384,1024,1024,8396800,16793600,128,1024,256,3,1,212,4.4357118606567383,0.020923169154041219,-44.496951672795063,1
2026-08-16T15:03:54Z,NVIDIA H200 NVL,screen,normal_0_1,gemv,lns,lns4_r1,4,2,1,fp64,ordinary,padded,thread_packet,4,8,1,1,4,none,full_lut_shared,ordinary/padded/thread_packet/x4/full_lut_shared,16384,1024,1024,8396800,16793600,128,1024,256,3,2,212,4.4446401596069336,0.020965283771730819,-44.496951672795063,1
2026-08-16T15:03:54Z,NVIDIA H200 NVL,screen,normal_0_1,dot,lns,lns4_r1,4,2,1,fp64,ordinary,padded,thread_packet,8,8,1,1,8,none,full_lut_shared,ordinary/padded/thread_packet/x8/full_lut_shared,16777216,0,1,16777216,33554432,128,512,256,3,0,198,4.600287914276123,0.023233777344828906,-3268.5850589967922,1
2026-08-16T15:03:54Z,NVIDIA H200 NVL,screen,normal_0_1,dot,lns,lns4_r1,4,2,1,fp64,ordinary,padded,thread_packet,8,8,1,1,8,none,full_lut_shared,ordinary/padded/thread_packet/x8/full_lut_shared,16777216,0,1,16777216,33554432,128,512,256,3,1,198,4.6006078720092773,0.023235393292976147,-3268.5850589967922,1
2026-08-16T15:03:54Z,NVIDIA H200 NVL,screen,normal_0_1,dot,lns,lns4_r1,4,2,1,fp64,ordinary,padded,thread_packet,8,8,1,1,8,none,full_lut_shared,ordinary/padded/thread_packet/x8/full_lut_shared,16777216,0,1,16777216,33554432,128,512,256,3,2,198,4.5980157852172852,0.023222301945541843,-3268.5850589967922,1
2026-08-16T15:03:54Z,NVIDIA H200 NVL,screen,normal_0_1,gemv,lns,lns4_r1,4,2,1,fp64,ordinary,padded,thread_packet,8,8,1,1,8,none,full_lut_shared,ordinary/padded/thread_packet/x8/full_lut_shared,16384,1024,1024,8396800,16793600,128,1024,256,3,0,220,4.4205441474914551,0.020093382488597523,-44.496951672795099,1
2026-08-16T15:03:54Z,NVIDIA H200 NVL,screen,normal_0_1,gemv,lns,lns4_r1,4,2,1,fp64,ordinary,padded,thread_packet,8,8,1,1,8,none,full_lut_shared,ordinary/padded/thread_packet/x8/full_lut_shared,16384,1024,1024,8396800,16793600,128,1024,256,3,1,220,4.4186878204345703,0.020084944638338955,-44.496951672795099,1
2026-08-16T15:03:54Z,NVIDIA H200 NVL,screen,normal_0_1,gemv,lns,lns4_r1,4,2,1,fp64,ordinary,padded,thread_packet,8,8,1,1,8,none,full_lut_shared,ordinary/padded/thread_packet/x8/full_lut_shared,16384,1024,1024,8396800,16793600,128,1024,256,3,2,220,4.4195518493652344,0.020088872042569247,-44.496951672795099,1
2026-08-16T15:03:54Z,NVIDIA H200 NVL,screen,normal_0_1,dot,lns,lns4_r1,4,2,1,fp64,ordinary,dense,cooperative_shuffle,8,32,1,8,1,warp_shuffle,full_lut_shared,ordinary/dense/cooperative_shuffle/x8/full_lut_shared,16777216,0,1,16777216,16777216,128,512,256,3,0,71,4.8937602043151855,0.068926200060777265,-3268.5850589967913,1
2026-08-16T15:03:54Z,NVIDIA H200 NVL,screen,normal_0_1,dot,lns,lns4_r1,4,2,1,fp64,ordinary,dense,cooperative_shuffle,8,32,1,8,1,warp_shuffle,full_lut_shared,ordinary/dense/cooperative_shuffle/x8/full_lut_shared,16777216,0,1,16777216,16777216,128,512,256,3,1,71,4.8908481597900391,0.068885185349155484,-3268.5850589967913,1
2026-08-16T15:03:54Z,NVIDIA H200 NVL,screen,normal_0_1,dot,lns,lns4_r1,4,2,1,fp64,ordinary,dense,cooperative_shuffle,8,32,1,8,1,warp_shuffle,full_lut_shared,ordinary/dense/cooperative_shuffle/x8/full_lut_shared,16777216,0,1,16777216,16777216,128,512,256,3,2,71,4.8924479484558105,0.068907717583884656,-3268.5850589967913,1
2026-08-16T15:03:54Z,NVIDIA H200 NVL,screen,normal_0_1,gemv,lns,lns4_r1,4,2,1,fp64,ordinary,dense,cooperative_shuffle,8,32,1,8,1,warp_shuffle,full_lut_shared,ordinary/dense/cooperative_shuffle/x8/full_lut_shared,16384,1024,1024,8396800,8396800,128,1024,256,3,0,109,4.7708802223205566,0.043769543324041801,-44.496951672795078,1
2026-08-16T15:03:54Z,NVIDIA H200 NVL,screen,normal_0_1,gemv,lns,lns4_r1,4,2,1,fp64,ordinary,dense,cooperative_shuffle,8,32,1,8,1,warp_shuffle,full_lut_shared,ordinary/dense/cooperative_shuffle/x8/full_lut_shared,16384,1024,1024,8396800,8396800,128,1024,256,3,1,109,4.7663040161132812,0.043727559780855789,-44.496951672795078,1
2026-08-16T15:03:54Z,NVIDIA H200 NVL,screen,normal_0_1,gemv,lns,lns4_r1,4,2,1,fp64,ordinary,dense,cooperative_shuffle,8,32,1,8,1,warp_shuffle,full_lut_shared,ordinary/dense/cooperative_shuffle/x8/full_lut_shared,16384,1024,1024,8396800,8396800,128,1024,256,3,2,109,4.7649598121643066,0.04371522763453492,-44.496951672795078,1
2026-08-16T15:03:54Z,NVIDIA H200 NVL,screen,normal_0_1,dot,lns,lns4_r1,4,2,1,fp64,ordinary,dense,scalar,1,32,1,1,1,none,fraction_lut_global,ordinary/dense/scalar/x1/fraction_lut_global,16777216,0,1,16777216,16777216,16,512,256,3,0,38,5.0430722236633301,0.13271242693850868,-3268.5850589967913,1
2026-08-16T15:03:54Z,NVIDIA H200 NVL,screen,normal_0_1,dot,lns,lns4_r1,4,2,1,fp64,ordinary,dense,scalar,1,32,1,1,1,none,fraction_lut_global,ordinary/dense/scalar/x1/fraction_lut_global,16777216,0,1,16777216,16777216,16,512,256,3,1,38,5.0223040580749512,0.13216589626513028,-3268.5850589967913,1
2026-08-16T15:03:54Z,NVIDIA H200 NVL,screen,normal_0_1,dot,lns,lns4_r1,4,2,1,fp64,ordinary,dense,scalar,1,32,1,1,1,none,fraction_lut_global,ordinary/dense/scalar/x1/fraction_lut_global,16777216,0,1,16777216,16777216,16,512,256,3,2,38,5.0303997993469238,0.13237894208807693,-3268.5850589967913,1
2026-08-16T15:03:54Z,NVIDIA H200 NVL,screen,normal_0_1,gemv,lns,lns4_r1,4,2,1,fp64,ordinary,dense,scalar,1,32,1,1,1,none,fraction_lut_global,ordinary/dense/scalar/x1/fraction_lut_global,16384,1024,1024,8396800,8396800,16,1024,256,3,0,39,4.9443840980529785,0.12677907943725586,-44.496951672795078,1
2026-08-16T15:03:54Z,NVIDIA H200 NVL,screen,normal_0_1,gemv,lns,lns4_r1,4,2,1,fp64,ordinary,dense,scalar,1,32,1,1,1,none,fraction_lut_global,ordinary/dense/scalar/x1/fraction_lut_global,16384,1024,1024,8396800,8396800,16,1024,256,3,1,39,4.928351879119873,0.12636799690050957,-44.496951672795078,1
2026-08-16T15:03:54Z,NVIDIA H200 NVL,screen,normal_0_1,gemv,lns,lns4_r1,4,2,1,fp64,ordinary,dense,scalar,1,32,1,1,1,none,fraction_lut_global,ordinary/dense/scalar/x1/fraction_lut_global,16384,1024,1024,8396800,8396800,16,1024,256,3,2,39,4.9444160461425781,0.12677989861904046,-44.496951672795078,1
2026-08-16T15:03:54Z,NVIDIA H200 NVL,screen,normal_0_1,dot,lns,lns4_r1,4,2,1,fp64,ordinary,padded,scalar,1,8,1,1,1,none,fraction_lut_global,ordinary/padded/scalar/x1/fraction_lut_global,16777216,0,1,16777216,33554432,16,512,256,3,0,41,5.0240001678466797,0.12253658945967512,-3268.5850589967913,1
2026-08-16T15:03:54Z,NVIDIA H200 NVL,screen,normal_0_1,dot,lns,lns4_r1,4,2,1,fp64,ordinary,padded,scalar,1,8,1,1,1,none,fraction_lut_global,ordinary/padded/scalar/x1/fraction_lut_global,16777216,0,1,16777216,33554432,16,512,256,3,1,41,5.0144319534301758,0.12230321837634575,-3268.5850589967913,1
2026-08-16T15:03:54Z,NVIDIA H200 NVL,screen,normal_0_1,dot,lns,lns4_r1,4,2,1,fp64,ordinary,padded,scalar,1,8,1,1,1,none,fraction_lut_global,ordinary/padded/scalar/x1/fraction_lut_global,16777216,0,1,16777216,33554432,16,512,256,3,2,41,5.0121917724609375,0.12224857981612043,-3268.5850589967913,1
2026-08-16T15:03:54Z,NVIDIA H200 NVL,screen,normal_0_1,gemv,lns,lns4_r1,4,2,1,fp64,ordinary,padded,scalar,1,8,1,1,1,none,fraction_lut_global,ordinary/padded/scalar/x1/fraction_lut_global,16384,1024,1024,8396800,16793600,16,1024,256,3,0,45,5.0123519897460938,0.11138559977213541,-44.496951672795078,1
2026-08-16T15:03:54Z,NVIDIA H200 NVL,screen,normal_0_1,gemv,lns,lns4_r1,4,2,1,fp64,ordinary,padded,scalar,1,8,1,1,1,none,fraction_lut_global,ordinary/padded/scalar/x1/fraction_lut_global,16384,1024,1024,8396800,16793600,16,1024,256,3,1,45,5.0132479667663574,0.11140551037258573,-44.496951672795078,1
2026-08-16T15:03:54Z,NVIDIA H200 NVL,screen,normal_0_1,gemv,lns,lns4_r1,4,2,1,fp64,ordinary,padded,scalar,1,8,1,1,1,none,fraction_lut_global,ordinary/padded/scalar/x1/fraction_lut_global,16384,1024,1024,8396800,16793600,16,1024,256,3,2,45,5.0126399993896484,0.11139199998643663,-44.496951672795078,1
2026-08-16T15:03:54Z,NVIDIA H200 NVL,screen,normal_0_1,dot,lns,lns4_r1,4,2,1,fp64,ordinary,dense,thread_packet,2,32,1,1,2,none,fraction_lut_global,ordinary/dense/thread_packet/x2/fraction_lut_global,16777216,0,1,16777216,16777216,16,512,256,3,0,37,5.0134081840515137,0.13549751848787875,-3268.5850589967913,1
2026-08-16T15:03:54Z,NVIDIA H200 NVL,screen,normal_0_1,dot,lns,lns4_r1,4,2,1,fp64,ordinary,dense,thread_packet,2,32,1,1,2,none,fraction_lut_global,ordinary/dense/thread_packet/x2/fraction_lut_global,16777216,0,1,16777216,16777216,16,512,256,3,1,37,5.0126399993896484,0.13547675674026077,-3268.5850589967913,1
2026-08-16T15:03:54Z,NVIDIA H200 NVL,screen,normal_0_1,dot,lns,lns4_r1,4,2,1,fp64,ordinary,dense,thread_packet,2,32,1,1,2,none,fraction_lut_global,ordinary/dense/thread_packet/x2/fraction_lut_global,16777216,0,1,16777216,16777216,16,512,256,3,2,37,5.0174717903137207,0.13560734568415461,-3268.5850589967913,1
2026-08-16T15:03:54Z,NVIDIA H200 NVL,screen,normal_0_1,gemv,lns,lns4_r1,4,2,1,fp64,ordinary,dense,thread_packet,2,32,1,1,2,none,fraction_lut_global,ordinary/dense/thread_packet/x2/fraction_lut_global,16384,1024,1024,8396800,8396800,16,1024,256,3,0,39,4.9893760681152344,0.12793271969526243,-44.496951672795085,1
2026-08-16T15:03:54Z,NVIDIA H200 NVL,screen,normal_0_1,gemv,lns,lns4_r1,4,2,1,fp64,ordinary,dense,thread_packet,2,32,1,1,2,none,fraction_lut_global,ordinary/dense/thread_packet/x2/fraction_lut_global,16384,1024,1024,8396800,8396800,16,1024,256,3,1,39,4.982975959777832,0.12776861435327774,-44.496951672795085,1
2026-08-16T15:03:54Z,NVIDIA H200 NVL,screen,normal_0_1,gemv,lns,lns4_r1,4,2,1,fp64,ordinary,dense,thread_packet,2,32,1,1,2,none,fraction_lut_global,ordinary/dense/thread_packet/x2/fraction_lut_global,16384,1024,1024,8396800,8396800,16,1024,256,3,2,39,4.9751358032226562,0.12756758469801682,-44.496951672795085,1
2026-08-16T15:03:54Z,NVIDIA H200 NVL,screen,normal_0_1,dot,lns,lns4_r1,4,2,1,fp64,ordinary,dense,thread_packet,4,32,1,1,4,none,fraction_lut_global,ordinary/dense/thread_packet/x4/fraction_lut_global,16777216,0,1,16777216,16777216,16,512,256,3,0,37,4.9282560348510742,0.13319610905002904,-3268.5850589967913,1
2026-08-16T15:03:54Z,NVIDIA H200 NVL,screen,normal_0_1,dot,lns,lns4_r1,4,2,1,fp64,ordinary,dense,thread_packet,4,32,1,1,4,none,fraction_lut_global,ordinary/dense/thread_packet/x4/fraction_lut_global,16777216,0,1,16777216,16777216,16,512,256,3,1,37,4.9279041290283203,0.13318659808184649,-3268.5850589967913,1
2026-08-16T15:03:54Z,NVIDIA H200 NVL,screen,normal_0_1,dot,lns,lns4_r1,4,2,1,fp64,ordinary,dense,thread_packet,4,32,1,1,4,none,fraction_lut_global,ordinary/dense/thread_packet/x4/fraction_lut_global,16777216,0,1,16777216,16777216,16,512,256,3,2,37,4.9327678680419922,0.13331805048762141,-3268.5850589967913,1
2026-08-16T15:03:54Z,NVIDIA H200 NVL,screen,normal_0_1,gemv,lns,lns4_r1,4,2,1,fp64,ordinary,dense,thread_packet,4,32,1,1,4,none,fraction_lut_global,ordinary/dense/thread_packet/x4/fraction_lut_global,16384,1024,1024,8396800,8396800,16,1024,256,3,0,39,4.9951682090759277,0.12808123613015199,-44.496951672795063,1
2026-08-16T15:03:54Z,NVIDIA H200 NVL,screen,normal_0_1,gemv,lns,lns4_r1,4,2,1,fp64,ordinary,dense,thread_packet,4,32,1,1,4,none,fraction_lut_global,ordinary/dense/thread_packet/x4/fraction_lut_global,16384,1024,1024,8396800,8396800,16,1024,256,3,1,39,4.9918718338012695,0.12799671368721205,-44.496951672795063,1
2026-08-16T15:03:54Z,NVIDIA H200 NVL,screen,normal_0_1,gemv,lns,lns4_r1,4,2,1,fp64,ordinary,dense,thread_packet,4,32,1,1,4,none,fraction_lut_global,ordinary/dense/thread_packet/x4/fraction_lut_global,16384,1024,1024,8396800,8396800,16,1024,256,3,2,39,4.9870719909667969,0.12787364079402044,-44.496951672795063,1
2026-08-16T15:03:54Z,NVIDIA H200 NVL,screen,normal_0_1,dot,lns,lns4_r1,4,2,1,fp64,ordinary,dense,thread_packet,8,32,1,1,8,none,fraction_lut_global,ordinary/dense/thread_packet/x8/fraction_lut_global,16777216,0,1,16777216,16777216,16,512,256,3,0,42,4.9502401351928711,0.11786286036173503,-3268.5850589967922,1
2026-08-16T15:03:54Z,NVIDIA H200 NVL,screen,normal_0_1,dot,lns,lns4_r1,4,2,1,fp64,ordinary,dense,thread_packet,8,32,1,1,8,none,fraction_lut_global,ordinary/dense/thread_packet/x8/fraction_lut_global,16777216,0,1,16777216,16777216,16,512,256,3,1,42,4.9418559074401855,0.11766323589143299,-3268.5850589967922,1
2026-08-16T15:03:54Z,NVIDIA H200 NVL,screen,normal_0_1,dot,lns,lns4_r1,4,2,1,fp64,ordinary,dense,thread_packet,8,32,1,1,8,none,fraction_lut_global,ordinary/dense/thread_packet/x8/fraction_lut_global,16777216,0,1,16777216,16777216,16,512,256,3,2,42,4.9506878852844238,0.11787352107820057,-3268.5850589967922,1
2026-08-16T15:03:54Z,NVIDIA H200 NVL,screen,normal_0_1,gemv,lns,lns4_r1,4,2,1,fp64,ordinary,dense,thread_packet,8,32,1,1,8,none,fraction_lut_global,ordinary/dense/thread_packet/x8/fraction_lut_global,16384,1024,1024,8396800,8396800,16,1024,256,3,0,41,4.9330558776855469,0.12031843604111089,-44.496951672795099,1
2026-08-16T15:03:54Z,NVIDIA H200 NVL,screen,normal_0_1,gemv,lns,lns4_r1,4,2,1,fp64,ordinary,dense,thread_packet,8,32,1,1,8,none,fraction_lut_global,ordinary/dense/thread_packet/x8/fraction_lut_global,16384,1024,1024,8396800,8396800,16,1024,256,3,1,41,4.9240322113037109,0.12009834661716368,-44.496951672795099,1
2026-08-16T15:03:54Z,NVIDIA H200 NVL,screen,normal_0_1,gemv,lns,lns4_r1,4,2,1,fp64,ordinary,dense,thread_packet,8,32,1,1,8,none,fraction_lut_global,ordinary/dense/thread_packet/x8/fraction_lut_global,16384,1024,1024,8396800,8396800,16,1024,256,3,2,41,4.9255681037902832,0.1201358074095191,-44.496951672795099,1
2026-08-16T15:03:54Z,NVIDIA H200 NVL,screen,normal_0_1,dot,lns,lns4_r1,4,2,1,fp64,ordinary,padded,thread_packet,2,8,1,1,2,none,fraction_lut_global,ordinary/padded/thread_packet/x2/fraction_lut_global,16777216,0,1,16777216,33554432,16,512,256,3,0,41,4.9915199279785156,0.12174438848728086,-3268.5850589967913,1
2026-08-16T15:03:54Z,NVIDIA H200 NVL,screen,normal_0_1,dot,lns,lns4_r1,4,2,1,fp64,ordinary,padded,thread_packet,2,8,1,1,2,none,fraction_lut_global,ordinary/padded/thread_packet/x2/fraction_lut_global,16777216,0,1,16777216,33554432,16,512,256,3,1,41,4.9941120147705078,0.12180761011635385,-3268.5850589967913,1
2026-08-16T15:03:54Z,NVIDIA H200 NVL,screen,normal_0_1,dot,lns,lns4_r1,4,2,1,fp64,ordinary,padded,thread_packet,2,8,1,1,2,none,fraction_lut_global,ordinary/padded/thread_packet/x2/fraction_lut_global,16777216,0,1,16777216,33554432,16,512,256,3,2,41,4.9897599220275879,0.12170146151286799,-3268.5850589967913,1
2026-08-16T15:03:54Z,NVIDIA H200 NVL,screen,normal_0_1,gemv,lns,lns4_r1,4,2,1,fp64,ordinary,padded,thread_packet,2,8,1,1,2,none,fraction_lut_global,ordinary/padded/thread_packet/x2/fraction_lut_global,16384,1024,1024,8396800,16793600,16,1024,256,3,0,45,4.9151358604431152,0.10922524134318033,-44.496951672795085,1
2026-08-16T15:03:54Z,NVIDIA H200 NVL,screen,normal_0_1,gemv,lns,lns4_r1,4,2,1,fp64,ordinary,padded,thread_packet,2,8,1,1,2,none,fraction_lut_global,ordinary/padded/thread_packet/x2/fraction_lut_global,16384,1024,1024,8396800,16793600,16,1024,256,3,1,45,4.9156479835510254,0.10923662185668945,-44.496951672795085,1
2026-08-16T15:03:54Z,NVIDIA H200 NVL,screen,normal_0_1,gemv,lns,lns4_r1,4,2,1,fp64,ordinary,padded,thread_packet,2,8,1,1,2,none,fraction_lut_global,ordinary/padded/thread_packet/x2/fraction_lut_global,16384,1024,1024,8396800,16793600,16,1024,256,3,2,45,4.9142398834228516,0.10920533074273003,-44.496951672795085,1
2026-08-16T15:03:54Z,NVIDIA H200 NVL,screen,normal_0_1,dot,lns,lns4_r1,4,2,1,fp64,ordinary,padded,thread_packet,4,8,1,1,4,none,fraction_lut_global,ordinary/padded/thread_packet/x4/fraction_lut_global,16777216,0,1,16777216,33554432,16,512,256,3,0,42,4.9934401512145996,0.11889143217177618,-3268.5850589967913,1
2026-08-16T15:03:54Z,NVIDIA H200 NVL,screen,normal_0_1,dot,lns,lns4_r1,4,2,1,fp64,ordinary,padded,thread_packet,4,8,1,1,4,none,fraction_lut_global,ordinary/padded/thread_packet/x4/fraction_lut_global,16777216,0,1,16777216,33554432,16,512,256,3,1,42,4.9924798011779785,0.11886856669471377,-3268.5850589967913,1
2026-08-16T15:03:54Z,NVIDIA H200 NVL,screen,normal_0_1,dot,lns,lns4_r1,4,2,1,fp64,ordinary,padded,thread_packet,4,8,1,1,4,none,fraction_lut_global,ordinary/padded/thread_packet/x4/fraction_lut_global,16777216,0,1,16777216,33554432,16,512,256,3,2,42,4.9936637878417969,0.11889675685337611,-3268.5850589967913,1
2026-08-16T15:03:54Z,NVIDIA H200 NVL,screen,normal_0_1,gemv,lns,lns4_r1,4,2,1,fp64,ordinary,padded,thread_packet,4,8,1,1,4,none,fraction_lut_global,ordinary/padded/thread_packet/x4/fraction_lut_global,16384,1024,1024,8396800,16793600,16,1024,256,3,0,46,4.8972158432006836,0.10646121398262355,-44.496951672795063,1
2026-08-16T15:03:54Z,NVIDIA H200 NVL,screen,normal_0_1,gemv,lns,lns4_r1,4,2,1,fp64,ordinary,padded,thread_packet,4,8,1,1,4,none,fraction_lut_global,ordinary/padded/thread_packet/x4/fraction_lut_global,16384,1024,1024,8396800,16793600,16,1024,256,3,1,46,4.8955841064453125,0.10642574144446332,-44.496951672795063,1
2026-08-16T15:03:54Z,NVIDIA H200 NVL,screen,normal_0_1,gemv,lns,lns4_r1,4,2,1,fp64,ordinary,padded,thread_packet,4,8,1,1,4,none,fraction_lut_global,ordinary/padded/thread_packet/x4/fraction_lut_global,16384,1024,1024,8396800,16793600,16,1024,256,3,2,46,4.8976640701293945,0.10647095804629118,-44.496951672795063,1
2026-08-16T15:03:54Z,NVIDIA H200 NVL,screen,normal_0_1,dot,lns,lns4_r1,4,2,1,fp64,ordinary,padded,thread_packet,8,8,1,1,8,none,fraction_lut_global,ordinary/padded/thread_packet/x8/fraction_lut_global,16777216,0,1,16777216,33554432,16,512,256,3,0,42,4.9652481079101562,0.11822019304547991,-3268.5850589967922,1
2026-08-16T15:03:54Z,NVIDIA H200 NVL,screen,normal_0_1,dot,lns,lns4_r1,4,2,1,fp64,ordinary,padded,thread_packet,8,8,1,1,8,none,fraction_lut_global,ordinary/padded/thread_packet/x8/fraction_lut_global,16777216,0,1,16777216,33554432,16,512,256,3,1,42,4.9683518409729004,0.11829409145173572,-3268.5850589967922,1
2026-08-16T15:03:54Z,NVIDIA H200 NVL,screen,normal_0_1,dot,lns,lns4_r1,4,2,1,fp64,ordinary,padded,thread_packet,8,8,1,1,8,none,fraction_lut_global,ordinary/padded/thread_packet/x8/fraction_lut_global,16777216,0,1,16777216,33554432,16,512,256,3,2,42,4.9652481079101562,0.11822019304547991,-3268.5850589967922,1
2026-08-16T15:03:54Z,NVIDIA H200 NVL,screen,normal_0_1,gemv,lns,lns4_r1,4,2,1,fp64,ordinary,padded,thread_packet,8,8,1,1,8,none,fraction_lut_global,ordinary/padded/thread_packet/x8/fraction_lut_global,16384,1024,1024,8396800,16793600,16,1024,256,3,0,47,4.9795517921447754,0.10594791047116543,-44.496951672795099,1
2026-08-16T15:03:54Z,NVIDIA H200 NVL,screen,normal_0_1,gemv,lns,lns4_r1,4,2,1,fp64,ordinary,padded,thread_packet,8,8,1,1,8,none,fraction_lut_global,ordinary/padded/thread_packet/x8/fraction_lut_global,16384,1024,1024,8396800,16793600,16,1024,256,3,1,47,4.9825601577758789,0.10601191825055062,-44.496951672795099,1
2026-08-16T15:03:54Z,NVIDIA H200 NVL,screen,normal_0_1,gemv,lns,lns4_r1,4,2,1,fp64,ordinary,padded,thread_packet,8,8,1,1,8,none,fraction_lut_global,ordinary/padded/thread_packet/x8/fraction_lut_global,16384,1024,1024,8396800,16793600,16,1024,256,3,2,47,4.9827837944030762,0.1060166764766612,-44.496951672795099,1
2026-08-16T15:03:54Z,NVIDIA H200 NVL,screen,normal_0_1,dot,lns,lns4_r1,4,2,1,fp64,ordinary,dense,cooperative_shuffle,8,32,1,8,1,warp_shuffle,fraction_lut_global,ordinary/dense/cooperative_shuffle/x8/fraction_lut_global,16777216,0,1,16777216,16777216,16,512,256,3,0,33,4.9608321189880371,0.15032824602994052,-3268.5850589967913,1
2026-08-16T15:03:54Z,NVIDIA H200 NVL,screen,normal_0_1,dot,lns,lns4_r1,4,2,1,fp64,ordinary,dense,cooperative_shuffle,8,32,1,8,1,warp_shuffle,fraction_lut_global,ordinary/dense/cooperative_shuffle/x8/fraction_lut_global,16777216,0,1,16777216,16777216,16,512,256,3,1,33,4.9568638801574707,0.1502079963684082,-3268.5850589967913,1
2026-08-16T15:03:54Z,NVIDIA H200 NVL,screen,normal_0_1,dot,lns,lns4_r1,4,2,1,fp64,ordinary,dense,cooperative_shuffle,8,32,1,8,1,warp_shuffle,fraction_lut_global,ordinary/dense/cooperative_shuffle/x8/fraction_lut_global,16777216,0,1,16777216,16777216,16,512,256,3,2,33,4.9629440307617188,0.15039224335641571,-3268.5850589967913,1
2026-08-16T15:03:54Z,NVIDIA H200 NVL,screen,normal_0_1,gemv,lns,lns4_r1,4,2,1,fp64,ordinary,dense,cooperative_shuffle,8,32,1,8,1,warp_shuffle,fraction_lut_global,ordinary/dense/cooperative_shuffle/x8/fraction_lut_global,16384,1024,1024,8396800,8396800,16,1024,256,3,0,37,4.9256319999694824,0.13312518918836438,-44.496951672795078,1
2026-08-16T15:03:54Z,NVIDIA H200 NVL,screen,normal_0_1,gemv,lns,lns4_r1,4,2,1,fp64,ordinary,dense,cooperative_shuffle,8,32,1,8,1,warp_shuffle,fraction_lut_global,ordinary/dense/cooperative_shuffle/x8/fraction_lut_global,16384,1024,1024,8396800,8396800,16,1024,256,3,1,37,4.9312639236450195,0.13327740334175728,-44.496951672795078,1
2026-08-16T15:03:54Z,NVIDIA H200 NVL,screen,normal_0_1,gemv,lns,lns4_r1,4,2,1,fp64,ordinary,dense,cooperative_shuffle,8,32,1,8,1,warp_shuffle,fraction_lut_global,ordinary/dense/cooperative_shuffle/x8/fraction_lut_global,16384,1024,1024,8396800,8396800,16,1024,256,3,2,37,4.9291839599609375,0.13322118810705236,-44.496951672795078,1
2026-08-16T15:03:54Z,NVIDIA H200 NVL,screen,normal_0_1,dot,lns,lns4_r1,4,2,1,fp64,fused,dense,scalar,1,32,1,1,1,none,fraction_lut_global,fused/dense/scalar/x1/fraction_lut_global,16777216,0,1,16777216,16777216,16,512,256,3,0,44,4.9931840896606445,0.11348145658319647,-3268.5850589967922,1
2026-08-16T15:03:54Z,NVIDIA H200 NVL,screen,normal_0_1,dot,lns,lns4_r1,4,2,1,fp64,fused,dense,scalar,1,32,1,1,1,none,fraction_lut_global,fused/dense/scalar/x1/fraction_lut_global,16777216,0,1,16777216,16777216,16,512,256,3,1,44,4.9962239265441895,0.11355054378509521,-3268.5850589967922,1
2026-08-16T15:03:54Z,NVIDIA H200 NVL,screen,normal_0_1,dot,lns,lns4_r1,4,2,1,fp64,fused,dense,scalar,1,32,1,1,1,none,fraction_lut_global,fused/dense/scalar/x1/fraction_lut_global,16777216,0,1,16777216,16777216,16,512,256,3,2,44,4.9957442283630371,0.11353964155370538,-3268.5850589967922,1
2026-08-16T15:03:54Z,NVIDIA H200 NVL,screen,normal_0_1,gemv,lns,lns4_r1,4,2,1,fp64,fused,dense,scalar,1,32,1,1,1,none,fraction_lut_global,fused/dense/scalar/x1/fraction_lut_global,16384,1024,1024,8396800,8396800,16,1024,256,3,0,46,5.0039358139038086,0.10878121334573497,-44.496951672795092,1
2026-08-16T15:03:54Z,NVIDIA H200 NVL,screen,normal_0_1,gemv,lns,lns4_r1,4,2,1,fp64,fused,dense,scalar,1,32,1,1,1,none,fraction_lut_global,fused/dense/scalar/x1/fraction_lut_global,16384,1024,1024,8396800,8396800,16,1024,256,3,1,46,5.0047359466552734,0.10879860753598421,-44.496951672795092,1
2026-08-16T15:03:54Z,NVIDIA H200 NVL,screen,normal_0_1,gemv,lns,lns4_r1,4,2,1,fp64,fused,dense,scalar,1,32,1,1,1,none,fraction_lut_global,fused/dense/scalar/x1/fraction_lut_global,16384,1024,1024,8396800,8396800,16,1024,256,3,2,46,5.0048961639404297,0.10880209052044412,-44.496951672795092,1
2026-08-16T15:03:54Z,NVIDIA H200 NVL,screen,normal_0_1,dot,lns,lns4_r1,4,2,1,fp64,fused,padded,scalar,1,8,1,1,1,none,fraction_lut_global,fused/padded/scalar/x1/fraction_lut_global,16777216,0,1,16777216,33554432,16,512,256,3,0,48,4.9815678596496582,0.10378266374270122,-3268.5850589967922,1
2026-08-16T15:03:54Z,NVIDIA H200 NVL,screen,normal_0_1,dot,lns,lns4_r1,4,2,1,fp64,fused,padded,scalar,1,8,1,1,1,none,fraction_lut_global,fused/padded/scalar/x1/fraction_lut_global,16777216,0,1,16777216,33554432,16,512,256,3,1,48,4.9802241325378418,0.1037546694278717,-3268.5850589967922,1
2026-08-16T15:03:54Z,NVIDIA H200 NVL,screen,normal_0_1,dot,lns,lns4_r1,4,2,1,fp64,fused,padded,scalar,1,8,1,1,1,none,fraction_lut_global,fused/padded/scalar/x1/fraction_lut_global,16777216,0,1,16777216,33554432,16,512,256,3,2,48,4.9800000190734863,0.1037500003973643,-3268.5850589967922,1
2026-08-16T15:03:54Z,NVIDIA H200 NVL,screen,normal_0_1,gemv,lns,lns4_r1,4,2,1,fp64,fused,padded,scalar,1,8,1,1,1,none,fraction_lut_global,fused/padded/scalar/x1/fraction_lut_global,16384,1024,1024,8396800,16793600,16,1024,256,3,0,52,4.9415359497070312,0.09502953749436599,-44.496951672795092,1
2026-08-16T15:03:54Z,NVIDIA H200 NVL,screen,normal_0_1,gemv,lns,lns4_r1,4,2,1,fp64,fused,padded,scalar,1,8,1,1,1,none,fraction_lut_global,fused/padded/scalar/x1/fraction_lut_global,16384,1024,1024,8396800,16793600,16,1024,256,3,1,52,4.9319682121276855,0.094845542540917024,-44.496951672795092,1
2026-08-16T15:03:54Z,NVIDIA H200 NVL,screen,normal_0_1,gemv,lns,lns4_r1,4,2,1,fp64,fused,padded,scalar,1,8,1,1,1,none,fraction_lut_global,fused/padded/scalar/x1/fraction_lut_global,16384,1024,1024,8396800,16793600,16,1024,256,3,2,52,4.9216642379760742,0.094647389191847578,-44.496951672795092,1
2026-08-16T15:03:54Z,NVIDIA H200 NVL,screen,normal_0_1,dot,lns,lns4_r1,4,2,1,fp64,fused,dense,thread_packet,2,32,1,1,2,none,fraction_lut_global,fused/dense/thread_packet/x2/fraction_lut_global,16777216,0,1,16777216,16777216,16,512,256,3,0,45,4.9644160270690918,0.11032035615709093,-3268.5850589967908,1
2026-08-16T15:03:54Z,NVIDIA H200 NVL,screen,normal_0_1,dot,lns,lns4_r1,4,2,1,fp64,fused,dense,thread_packet,2,32,1,1,2,none,fraction_lut_global,fused/dense/thread_packet/x2/fraction_lut_global,16777216,0,1,16777216,16777216,16,512,256,3,1,45,4.9550399780273438,0.11011199951171875,-3268.5850589967908,1
2026-08-16T15:03:54Z,NVIDIA H200 NVL,screen,normal_0_1,dot,lns,lns4_r1,4,2,1,fp64,fused,dense,thread_packet,2,32,1,1,2,none,fraction_lut_global,fused/dense/thread_packet/x2/fraction_lut_global,16777216,0,1,16777216,16777216,16,512,256,3,2,45,4.9571518898010254,0.11015893088446724,-3268.5850589967908,1
2026-08-16T15:03:54Z,NVIDIA H200 NVL,screen,normal_0_1,gemv,lns,lns4_r1,4,2,1,fp64,fused,dense,thread_packet,2,32,1,1,2,none,fraction_lut_global,fused/dense/thread_packet/x2/fraction_lut_global,16384,1024,1024,8396800,8396800,16,1024,256,3,0,46,4.9356479644775391,0.1072966948799465,-44.49695167279507,1
2026-08-16T15:03:54Z,NVIDIA H200 NVL,screen,normal_0_1,gemv,lns,lns4_r1,4,2,1,fp64,fused,dense,thread_packet,2,32,1,1,2,none,fraction_lut_global,fused/dense/thread_packet/x2/fraction_lut_global,16384,1024,1024,8396800,8396800,16,1024,256,3,1,46,4.9345917701721191,0.1072737341341765,-44.49695167279507,1
2026-08-16T15:03:54Z,NVIDIA H200 NVL,screen,normal_0_1,gemv,lns,lns4_r1,4,2,1,fp64,fused,dense,thread_packet,2,32,1,1,2,none,fraction_lut_global,fused/dense/thread_packet/x2/fraction_lut_global,16384,1024,1024,8396800,8396800,16,1024,256,3,2,46,4.9319357872009277,0.10721599537393321,-44.49695167279507,1
2026-08-16T15:03:54Z,NVIDIA H200 NVL,screen,normal_0_1,dot,lns,lns4_r1,4,2,1,fp64,fused,dense,thread_packet,4,32,1,1,4,none,fraction_lut_global,fused/dense/thread_packet/x4/fraction_lut_global,16777216,0,1,16777216,16777216,16,512,256,3,0,46,4.9878082275390625,0.10843061364215353,-3268.5850589967922,1
2026-08-16T15:03:54Z,NVIDIA H200 NVL,screen,normal_0_1,dot,lns,lns4_r1,4,2,1,fp64,fused,dense,thread_packet,4,32,1,1,4,none,fraction_lut_global,fused/dense/thread_packet/x4/fraction_lut_global,16777216,0,1,16777216,16777216,16,512,256,3,1,46,5.0030717849731445,0.10876243010811183,-3268.5850589967922,1
2026-08-16T15:03:54Z,NVIDIA H200 NVL,screen,normal_0_1,dot,lns,lns4_r1,4,2,1,fp64,fused,dense,thread_packet,4,32,1,1,4,none,fraction_lut_global,fused/dense/thread_packet/x4/fraction_lut_global,16777216,0,1,16777216,16777216,16,512,256,3,2,46,4.9882879257202148,0.10844104186348293,-3268.5850589967922,1
2026-08-16T15:03:54Z,NVIDIA H200 NVL,screen,normal_0_1,gemv,lns,lns4_r1,4,2,1,fp64,fused,dense,thread_packet,4,32,1,1,4,none,fraction_lut_global,fused/dense/thread_packet/x4/fraction_lut_global,16384,1024,1024,8396800,8396800,16,1024,256,3,0,46,4.9155840873718262,0.10686052363851796,-44.496951672795035,1
2026-08-16T15:03:54Z,NVIDIA H200 NVL,screen,normal_0_1,gemv,lns,lns4_r1,4,2,1,fp64,fused,dense,thread_packet,4,32,1,1,4,none,fraction_lut_global,fused/dense/thread_packet/x4/fraction_lut_global,16384,1024,1024,8396800,8396800,16,1024,256,3,1,46,4.9206719398498535,0.10697112912717073,-44.496951672795035,1
2026-08-16T15:03:54Z,NVIDIA H200 NVL,screen,normal_0_1,gemv,lns,lns4_r1,4,2,1,fp64,fused,dense,thread_packet,4,32,1,1,4,none,fraction_lut_global,fused/dense/thread_packet/x4/fraction_lut_global,16384,1024,1024,8396800,8396800,16,1024,256,3,2,46,4.9124159812927246,0.10679165176723314,-44.496951672795035,1
2026-08-16T15:03:54Z,NVIDIA H200 NVL,screen,normal_0_1,dot,lns,lns4_r1,4,2,1,fp64,fused,dense,thread_packet,8,32,1,1,8,none,fraction_lut_global,fused/dense/thread_packet/x8/fraction_lut_global,16777216,0,1,16777216,16777216,16,512,256,3,0,52,4.8852481842041016,0.093947080465463489,-3268.5850589967927,1
2026-08-16T15:03:54Z,NVIDIA H200 NVL,screen,normal_0_1,dot,lns,lns4_r1,4,2,1,fp64,fused,dense,thread_packet,8,32,1,1,8,none,fraction_lut_global,fused/dense/thread_packet/x8/fraction_lut_global,16777216,0,1,16777216,16777216,16,512,256,3,1,52,4.885216236114502,0.093946466079125032,-3268.5850589967927,1
2026-08-16T15:03:54Z,NVIDIA H200 NVL,screen,normal_0_1,dot,lns,lns4_r1,4,2,1,fp64,fused,dense,thread_packet,8,32,1,1,8,none,fraction_lut_global,fused/dense/thread_packet/x8/fraction_lut_global,16777216,0,1,16777216,16777216,16,512,256,3,2,52,4.8839998245239258,0.093923073548537031,-3268.5850589967927,1
2026-08-16T15:03:54Z,NVIDIA H200 NVL,screen,normal_0_1,gemv,lns,lns4_r1,4,2,1,fp64,fused,dense,thread_packet,8,32,1,1,8,none,fraction_lut_global,fused/dense/thread_packet/x8/fraction_lut_global,16384,1024,1024,8396800,8396800,16,1024,256,3,0,49,4.9567680358886719,0.10115853134466678,-44.496951672795063,1
2026-08-16T15:03:54Z,NVIDIA H200 NVL,screen,normal_0_1,gemv,lns,lns4_r1,4,2,1,fp64,fused,dense,thread_packet,8,32,1,1,8,none,fraction_lut_global,fused/dense/thread_packet/x8/fraction_lut_global,16384,1024,1024,8396800,8396800,16,1024,256,3,1,49,4.9556479454040527,0.10113567235518475,-44.496951672795063,1
2026-08-16T15:03:54Z,NVIDIA H200 NVL,screen,normal_0_1,gemv,lns,lns4_r1,4,2,1,fp64,fused,dense,thread_packet,8,32,1,1,8,none,fraction_lut_global,fused/dense/thread_packet/x8/fraction_lut_global,16384,1024,1024,8396800,8396800,16,1024,256,3,2,49,4.9559040069580078,0.10114089810118383,-44.496951672795063,1
2026-08-16T15:03:54Z,NVIDIA H200 NVL,screen,normal_0_1,dot,lns,lns4_r1,4,2,1,fp64,fused,padded,thread_packet,2,8,1,1,2,none,fraction_lut_global,fused/padded/thread_packet/x2/fraction_lut_global,16777216,0,1,16777216,33554432,16,512,256,3,0,49,4.9447040557861328,0.10091232766910475,-3268.5850589967908,1
2026-08-16T15:03:54Z,NVIDIA H200 NVL,screen,normal_0_1,dot,lns,lns4_r1,4,2,1,fp64,fused,padded,thread_packet,2,8,1,1,2,none,fraction_lut_global,fused/padded/thread_packet/x2/fraction_lut_global,16777216,0,1,16777216,33554432,16,512,256,3,1,49,4.9526081085205078,0.10107363486776547,-3268.5850589967908,1
2026-08-16T15:03:54Z,NVIDIA H200 NVL,screen,normal_0_1,dot,lns,lns4_r1,4,2,1,fp64,fused,padded,thread_packet,2,8,1,1,2,none,fraction_lut_global,fused/padded/thread_packet/x2/fraction_lut_global,16777216,0,1,16777216,33554432,16,512,256,3,2,49,4.9440321922302246,0.10089861616796376,-3268.5850589967908,1
2026-08-16T15:03:54Z,NVIDIA H200 NVL,screen,normal_0_1,gemv,lns,lns4_r1,4,2,1,fp64,fused,padded,thread_packet,2,8,1,1,2,none,fraction_lut_global,fused/padded/thread_packet/x2/fraction_lut_global,16384,1024,1024,8396800,16793600,16,1024,256,3,0,54,4.926271915435791,0.09122725769325539,-44.49695167279507,1
2026-08-16T15:03:54Z,NVIDIA H200 NVL,screen,normal_0_1,gemv,lns,lns4_r1,4,2,1,fp64,fused,padded,thread_packet,2,8,1,1,2,none,fraction_lut_global,fused/padded/thread_packet/x2/fraction_lut_global,16384,1024,1024,8396800,16793600,16,1024,256,3,1,54,4.9262080192565918,0.091226074430677623,-44.49695167279507,1
2026-08-16T15:03:54Z,NVIDIA H200 NVL,screen,normal_0_1,gemv,lns,lns4_r1,4,2,1,fp64,fused,padded,thread_packet,2,8,1,1,2,none,fraction_lut_global,fused/padded/thread_packet/x2/fraction_lut_global,16384,1024,1024,8396800,16793600,16,1024,256,3,2,54,4.9252481460571289,0.091208299001057938,-44.49695167279507,1
2026-08-16T15:03:54Z,NVIDIA H200 NVL,screen,normal_0_1,dot,lns,lns4_r1,4,2,1,fp64,fused,padded,thread_packet,4,8,1,1,4,none,fraction_lut_global,fused/padded/thread_packet/x4/fraction_lut_global,16777216,0,1,16777216,33554432,16,512,256,3,0,51,4.9627199172973633,0.097308233672497316,-3268.5850589967922,1
2026-08-16T15:03:54Z,NVIDIA H200 NVL,screen,normal_0_1,dot,lns,lns4_r1,4,2,1,fp64,fused,padded,thread_packet,4,8,1,1,4,none,fraction_lut_global,fused/padded/thread_packet/x4/fraction_lut_global,16777216,0,1,16777216,33554432,16,512,256,3,1,51,4.9634561538696289,0.097322669683718208,-3268.5850589967922,1
2026-08-16T15:03:54Z,NVIDIA H200 NVL,screen,normal_0_1,dot,lns,lns4_r1,4,2,1,fp64,fused,padded,thread_packet,4,8,1,1,4,none,fraction_lut_global,fused/padded/thread_packet/x4/fraction_lut_global,16777216,0,1,16777216,33554432,16,512,256,3,2,51,4.9639678001403809,0.097332701963536883,-3268.5850589967922,1
2026-08-16T15:03:54Z,NVIDIA H200 NVL,screen,normal_0_1,gemv,lns,lns4_r1,4,2,1,fp64,fused,padded,thread_packet,4,8,1,1,4,none,fraction_lut_global,fused/padded/thread_packet/x4/fraction_lut_global,16384,1024,1024,8396800,16793600,16,1024,256,3,0,56,4.9214401245117188,0.087882859366280694,-44.496951672795035,1
2026-08-16T15:03:54Z,NVIDIA H200 NVL,screen,normal_0_1,gemv,lns,lns4_r1,4,2,1,fp64,fused,padded,thread_packet,4,8,1,1,4,none,fraction_lut_global,fused/padded/thread_packet/x4/fraction_lut_global,16384,1024,1024,8396800,16793600,16,1024,256,3,1,56,4.9226560592651367,0.087904572486877441,-44.496951672795035,1
2026-08-16T15:03:54Z,NVIDIA H200 NVL,screen,normal_0_1,gemv,lns,lns4_r1,4,2,1,fp64,fused,padded,thread_packet,4,8,1,1,4,none,fraction_lut_global,fused/padded/thread_packet/x4/fraction_lut_global,16384,1024,1024,8396800,16793600,16,1024,256,3,2,56,4.921504020690918,0.087884000369480672,-44.496951672795035,1
2026-08-16T15:03:54Z,NVIDIA H200 NVL,screen,normal_0_1,dot,lns,lns4_r1,4,2,1,fp64,fused,padded,thread_packet,8,8,1,1,8,none,fraction_lut_global,fused/padded/thread_packet/x8/fraction_lut_global,16777216,0,1,16777216,33554432,16,512,256,3,0,52,4.9642882347106934,0.095467081436744108,-3268.5850589967927,1
2026-08-16T15:03:54Z,NVIDIA H200 NVL,screen,normal_0_1,dot,lns,lns4_r1,4,2,1,fp64,fused,padded,thread_packet,8,8,1,1,8,none,fraction_lut_global,fused/padded/thread_packet/x8/fraction_lut_global,16777216,0,1,16777216,33554432,16,512,256,3,1,52,4.964479923248291,0.095470767754774824,-3268.5850589967927,1
2026-08-16T15:03:54Z,NVIDIA H200 NVL,screen,normal_0_1,dot,lns,lns4_r1,4,2,1,fp64,fused,padded,thread_packet,8,8,1,1,8,none,fraction_lut_global,fused/padded/thread_packet/x8/fraction_lut_global,16777216,0,1,16777216,33554432,16,512,256,3,2,52,4.9630718231201172,0.095443688906156093,-3268.5850589967927,1
2026-08-16T15:03:54Z,NVIDIA H200 NVL,screen,normal_0_1,gemv,lns,lns4_r1,4,2,1,fp64,fused,padded,thread_packet,8,8,1,1,8,none,fraction_lut_global,fused/padded/thread_packet/x8/fraction_lut_global,16384,1024,1024,8396800,16793600,16,1024,256,3,0,57,4.9285440444946289,0.086465684991133843,-44.496951672795063,1
2026-08-16T15:03:54Z,NVIDIA H200 NVL,screen,normal_0_1,gemv,lns,lns4_r1,4,2,1,fp64,fused,padded,thread_packet,8,8,1,1,8,none,fraction_lut_global,fused/padded/thread_packet/x8/fraction_lut_global,16384,1024,1024,8396800,16793600,16,1024,256,3,1,57,4.9278402328491211,0.086453337418405635,-44.496951672795063,1
2026-08-16T15:03:54Z,NVIDIA H200 NVL,screen,normal_0_1,gemv,lns,lns4_r1,4,2,1,fp64,fused,padded,thread_packet,8,8,1,1,8,none,fraction_lut_global,fused/padded/thread_packet/x8/fraction_lut_global,16384,1024,1024,8396800,16793600,16,1024,256,3,2,57,4.9283199310302734,0.086461753175969713,-44.496951672795063,1
2026-08-16T15:03:54Z,NVIDIA H200 NVL,screen,normal_0_1,dot,lns,lns4_r1,4,2,1,fp64,fused,dense,cooperative_shuffle,8,32,1,8,1,warp_shuffle,fraction_lut_global,fused/dense/cooperative_shuffle/x8/fraction_lut_global,16777216,0,1,16777216,16777216,16,512,256,3,0,40,4.9675521850585938,0.12418880462646484,-3268.5850589967922,1
2026-08-16T15:03:54Z,NVIDIA H200 NVL,screen,normal_0_1,dot,lns,lns4_r1,4,2,1,fp64,fused,dense,cooperative_shuffle,8,32,1,8,1,warp_shuffle,fraction_lut_global,fused/dense/cooperative_shuffle/x8/fraction_lut_global,16777216,0,1,16777216,16777216,16,512,256,3,1,40,4.9800639152526855,0.12450159788131714,-3268.5850589967922,1
2026-08-16T15:03:54Z,NVIDIA H200 NVL,screen,normal_0_1,dot,lns,lns4_r1,4,2,1,fp64,fused,dense,cooperative_shuffle,8,32,1,8,1,warp_shuffle,fraction_lut_global,fused/dense/cooperative_shuffle/x8/fraction_lut_global,16777216,0,1,16777216,16777216,16,512,256,3,2,40,4.9877438545227051,0.12469359636306762,-3268.5850589967922,1
2026-08-16T15:03:54Z,NVIDIA H200 NVL,screen,normal_0_1,gemv,lns,lns4_r1,4,2,1,fp64,fused,dense,cooperative_shuffle,8,32,1,8,1,warp_shuffle,fraction_lut_global,fused/dense/cooperative_shuffle/x8/fraction_lut_global,16384,1024,1024,8396800,8396800,16,1024,256,3,0,43,4.839263916015625,0.11254102130268895,-44.496951672795092,1
2026-08-16T15:03:54Z,NVIDIA H200 NVL,screen,normal_0_1,gemv,lns,lns4_r1,4,2,1,fp64,fused,dense,cooperative_shuffle,8,32,1,8,1,warp_shuffle,fraction_lut_global,fused/dense/cooperative_shuffle/x8/fraction_lut_global,16384,1024,1024,8396800,8396800,16,1024,256,3,1,43,4.839263916015625,0.11254102130268895,-44.496951672795092,1
2026-08-16T15:03:54Z,NVIDIA H200 NVL,screen,normal_0_1,gemv,lns,lns4_r1,4,2,1,fp64,fused,dense,cooperative_shuffle,8,32,1,8,1,warp_shuffle,fraction_lut_global,fused/dense/cooperative_shuffle/x8/fraction_lut_global,16384,1024,1024,8396800,8396800,16,1024,256,3,2,43,4.837440013885498,0.11249860497408135,-44.496951672795092,1
2026-08-16T15:03:54Z,NVIDIA H200 NVL,screen,normal_0_1,dot,lns,lns4_r1,4,2,1,fp64,ordinary,dense,scalar,1,32,1,1,1,none,fraction_lut_shared,ordinary/dense/scalar/x1/fraction_lut_shared,16777216,0,1,16777216,16777216,16,512,256,3,0,44,4.9809279441833496,0.11320290782234886,-3268.5850589967913,1
2026-08-16T15:03:54Z,NVIDIA H200 NVL,screen,normal_0_1,dot,lns,lns4_r1,4,2,1,fp64,ordinary,dense,scalar,1,32,1,1,1,none,fraction_lut_shared,ordinary/dense/scalar/x1/fraction_lut_shared,16777216,0,1,16777216,16777216,16,512,256,3,1,44,4.9698882102966309,0.11295200477946889,-3268.5850589967913,1
2026-08-16T15:03:54Z,NVIDIA H200 NVL,screen,normal_0_1,dot,lns,lns4_r1,4,2,1,fp64,ordinary,dense,scalar,1,32,1,1,1,none,fraction_lut_shared,ordinary/dense/scalar/x1/fraction_lut_shared,16777216,0,1,16777216,16777216,16,512,256,3,2,44,4.9726719856262207,0.11301527240059593,-3268.5850589967913,1
2026-08-16T15:03:54Z,NVIDIA H200 NVL,screen,normal_0_1,gemv,lns,lns4_r1,4,2,1,fp64,ordinary,dense,scalar,1,32,1,1,1,none,fraction_lut_shared,ordinary/dense/scalar/x1/fraction_lut_shared,16384,1024,1024,8396800,8396800,16,1024,256,3,0,44,4.8816637992858887,0.11094690452922475,-44.496951672795078,1
2026-08-16T15:03:54Z,NVIDIA H200 NVL,screen,normal_0_1,gemv,lns,lns4_r1,4,2,1,fp64,ordinary,dense,scalar,1,32,1,1,1,none,fraction_lut_shared,ordinary/dense/scalar/x1/fraction_lut_shared,16384,1024,1024,8396800,8396800,16,1024,256,3,1,44,4.8898239135742188,0.11113236167214134,-44.496951672795078,1
2026-08-16T15:03:54Z,NVIDIA H200 NVL,screen,normal_0_1,gemv,lns,lns4_r1,4,2,1,fp64,ordinary,dense,scalar,1,32,1,1,1,none,fraction_lut_shared,ordinary/dense/scalar/x1/fraction_lut_shared,16384,1024,1024,8396800,8396800,16,1024,256,3,2,44,4.8876800537109375,0.11108363758433949,-44.496951672795078,1
2026-08-16T15:03:54Z,NVIDIA H200 NVL,screen,normal_0_1,dot,lns,lns4_r1,4,2,1,fp64,ordinary,padded,scalar,1,8,1,1,1,none,fraction_lut_shared,ordinary/padded/scalar/x1/fraction_lut_shared,16777216,0,1,16777216,33554432,16,512,256,3,0,48,4.9172801971435547,0.10244333744049072,-3268.5850589967913,1
2026-08-16T15:03:54Z,NVIDIA H200 NVL,screen,normal_0_1,dot,lns,lns4_r1,4,2,1,fp64,ordinary,padded,scalar,1,8,1,1,1,none,fraction_lut_shared,ordinary/padded/scalar/x1/fraction_lut_shared,16777216,0,1,16777216,33554432,16,512,256,3,1,48,4.9288959503173828,0.10268533229827881,-3268.5850589967913,1
2026-08-16T15:03:54Z,NVIDIA H200 NVL,screen,normal_0_1,dot,lns,lns4_r1,4,2,1,fp64,ordinary,padded,scalar,1,8,1,1,1,none,fraction_lut_shared,ordinary/padded/scalar/x1/fraction_lut_shared,16777216,0,1,16777216,33554432,16,512,256,3,2,48,4.9033598899841309,0.10215333104133606,-3268.5850589967913,1
2026-08-16T15:03:54Z,NVIDIA H200 NVL,screen,normal_0_1,gemv,lns,lns4_r1,4,2,1,fp64,ordinary,padded,scalar,1,8,1,1,1,none,fraction_lut_shared,ordinary/padded/scalar/x1/fraction_lut_shared,16384,1024,1024,8396800,16793600,16,1024,256,3,0,53,4.9501118659973145,0.09339833709428895,-44.496951672795078,1
2026-08-16T15:03:54Z,NVIDIA H200 NVL,screen,normal_0_1,gemv,lns,lns4_r1,4,2,1,fp64,ordinary,padded,scalar,1,8,1,1,1,none,fraction_lut_shared,ordinary/padded/scalar/x1/fraction_lut_shared,16384,1024,1024,8396800,16793600,16,1024,256,3,1,53,4.9544639587402344,0.093480452051702537,-44.496951672795078,1
2026-08-16T15:03:54Z,NVIDIA H200 NVL,screen,normal_0_1,gemv,lns,lns4_r1,4,2,1,fp64,ordinary,padded,scalar,1,8,1,1,1,none,fraction_lut_shared,ordinary/padded/scalar/x1/fraction_lut_shared,16384,1024,1024,8396800,16793600,16,1024,256,3,2,53,4.9497280120849609,0.093391094567640776,-44.496951672795078,1
2026-08-16T15:03:54Z,NVIDIA H200 NVL,screen,normal_0_1,dot,lns,lns4_r1,4,2,1,fp64,ordinary,dense,thread_packet,2,32,1,1,2,none,fraction_lut_shared,ordinary/dense/thread_packet/x2/fraction_lut_shared,16777216,0,1,16777216,16777216,16,512,256,3,0,42,4.9590401649475098,0.11807238487970262,-3268.5850589967913,1
2026-08-16T15:03:54Z,NVIDIA H200 NVL,screen,normal_0_1,dot,lns,lns4_r1,4,2,1,fp64,ordinary,dense,thread_packet,2,32,1,1,2,none,fraction_lut_shared,ordinary/dense/thread_packet/x2/fraction_lut_shared,16777216,0,1,16777216,16777216,16,512,256,3,1,42,4.9637761116027832,0.11818514551435198,-3268.5850589967913,1
2026-08-16T15:03:54Z,NVIDIA H200 NVL,screen,normal_0_1,dot,lns,lns4_r1,4,2,1,fp64,ordinary,dense,thread_packet,2,32,1,1,2,none,fraction_lut_shared,ordinary/dense/thread_packet/x2/fraction_lut_shared,16777216,0,1,16777216,16777216,16,512,256,3,2,42,4.9777278900146484,0.11851733071463448,-3268.5850589967913,1
2026-08-16T15:03:54Z,NVIDIA H200 NVL,screen,normal_0_1,gemv,lns,lns4_r1,4,2,1,fp64,ordinary,dense,thread_packet,2,32,1,1,2,none,fraction_lut_shared,ordinary/dense/thread_packet/x2/fraction_lut_shared,16384,1024,1024,8396800,8396800,16,1024,256,3,0,44,4.9857277870178223,0.11331199515949596,-44.496951672795085,1
2026-08-16T15:03:54Z,NVIDIA H200 NVL,screen,normal_0_1,gemv,lns,lns4_r1,4,2,1,fp64,ordinary,dense,thread_packet,2,32,1,1,2,none,fraction_lut_shared,ordinary/dense/thread_packet/x2/fraction_lut_shared,16384,1024,1024,8396800,8396800,16,1024,256,3,1,44,4.9838080406188965,0.11326836455952037,-44.496951672795085,1
2026-08-16T15:03:54Z,NVIDIA H200 NVL,screen,normal_0_1,gemv,lns,lns4_r1,4,2,1,fp64,ordinary,dense,thread_packet,2,32,1,1,2,none,fraction_lut_shared,ordinary/dense/thread_packet/x2/fraction_lut_shared,16384,1024,1024,8396800,8396800,16,1024,256,3,2,44,4.9858560562133789,0.11331491036848589,-44.496951672795085,1
2026-08-16T15:03:54Z,NVIDIA H200 NVL,screen,normal_0_1,dot,lns,lns4_r1,4,2,1,fp64,ordinary,dense,thread_packet,4,32,1,1,4,none,fraction_lut_shared,ordinary/dense/thread_packet/x4/fraction_lut_shared,16777216,0,1,16777216,16777216,16,512,256,3,0,42,4.9102401733398438,0.11691048031761533,-3268.5850589967913,1
2026-08-16T15:03:54Z,NVIDIA H200 NVL,screen,normal_0_1,dot,lns,lns4_r1,4,2,1,fp64,ordinary,dense,thread_packet,4,32,1,1,4,none,fraction_lut_shared,ordinary/dense/thread_packet/x4/fraction_lut_shared,16777216,0,1,16777216,16777216,16,512,256,3,1,42,4.9314560890197754,0.11741562116713751,-3268.5850589967913,1
2026-08-16T15:03:54Z,NVIDIA H200 NVL,screen,normal_0_1,dot,lns,lns4_r1,4,2,1,fp64,ordinary,dense,thread_packet,4,32,1,1,4,none,fraction_lut_shared,ordinary/dense/thread_packet/x4/fraction_lut_shared,16777216,0,1,16777216,16777216,16,512,256,3,2,42,4.9186239242553711,0.11711009343465169,-3268.5850589967913,1
2026-08-16T15:03:54Z,NVIDIA H200 NVL,screen,normal_0_1,gemv,lns,lns4_r1,4,2,1,fp64,ordinary,dense,thread_packet,4,32,1,1,4,none,fraction_lut_shared,ordinary/dense/thread_packet/x4/fraction_lut_shared,16384,1024,1024,8396800,8396800,16,1024,256,3,0,44,4.9849600791931152,0.11329454725438898,-44.496951672795063,1
2026-08-16T15:03:54Z,NVIDIA H200 NVL,screen,normal_0_1,gemv,lns,lns4_r1,4,2,1,fp64,ordinary,dense,thread_packet,4,32,1,1,4,none,fraction_lut_shared,ordinary/dense/thread_packet/x4/fraction_lut_shared,16384,1024,1024,8396800,8396800,16,1024,256,3,1,44,4.9796161651611328,0.11317309466275302,-44.496951672795063,1
2026-08-16T15:03:54Z,NVIDIA H200 NVL,screen,normal_0_1,gemv,lns,lns4_r1,4,2,1,fp64,ordinary,dense,thread_packet,4,32,1,1,4,none,fraction_lut_shared,ordinary/dense/thread_packet/x4/fraction_lut_shared,16384,1024,1024,8396800,8396800,16,1024,256,3,2,44,4.9794878959655762,0.11317017945376309,-44.496951672795063,1
2026-08-16T15:03:54Z,NVIDIA H200 NVL,screen,normal_0_1,dot,lns,lns4_r1,4,2,1,fp64,ordinary,dense,thread_packet,8,32,1,1,8,none,fraction_lut_shared,ordinary/dense/thread_packet/x8/fraction_lut_shared,16777216,0,1,16777216,16777216,16,512,256,3,0,48,4.9600958824157715,0.10333533088366191,-3268.5850589967922,1
2026-08-16T15:03:54Z,NVIDIA H200 NVL,screen,normal_0_1,dot,lns,lns4_r1,4,2,1,fp64,ordinary,dense,thread_packet,8,32,1,1,8,none,fraction_lut_shared,ordinary/dense/thread_packet/x8/fraction_lut_shared,16777216,0,1,16777216,16777216,16,512,256,3,1,48,4.9616317749023438,0.10336732864379883,-3268.5850589967922,1
2026-08-16T15:03:54Z,NVIDIA H200 NVL,screen,normal_0_1,dot,lns,lns4_r1,4,2,1,fp64,ordinary,dense,thread_packet,8,32,1,1,8,none,fraction_lut_shared,ordinary/dense/thread_packet/x8/fraction_lut_shared,16777216,0,1,16777216,16777216,16,512,256,3,2,48,4.9474239349365234,0.10307133197784424,-3268.5850589967922,1
2026-08-16T15:03:54Z,NVIDIA H200 NVL,screen,normal_0_1,gemv,lns,lns4_r1,4,2,1,fp64,ordinary,dense,thread_packet,8,32,1,1,8,none,fraction_lut_shared,ordinary/dense/thread_packet/x8/fraction_lut_shared,16384,1024,1024,8396800,8396800,16,1024,256,3,0,47,4.9935040473937988,0.10624476696582551,-44.496951672795099,1
2026-08-16T15:03:54Z,NVIDIA H200 NVL,screen,normal_0_1,gemv,lns,lns4_r1,4,2,1,fp64,ordinary,dense,thread_packet,8,32,1,1,8,none,fraction_lut_shared,ordinary/dense/thread_packet/x8/fraction_lut_shared,16384,1024,1024,8396800,8396800,16,1024,256,3,1,47,4.9923520088195801,0.10622025550679957,-44.496951672795099,1
2026-08-16T15:03:54Z,NVIDIA H200 NVL,screen,normal_0_1,gemv,lns,lns4_r1,4,2,1,fp64,ordinary,dense,thread_packet,8,32,1,1,8,none,fraction_lut_shared,ordinary/dense/thread_packet/x8/fraction_lut_shared,16384,1024,1024,8396800,8396800,16,1024,256,3,2,47,4.9949121475219727,0.1062747265430207,-44.496951672795099,1
2026-08-16T15:03:54Z,NVIDIA H200 NVL,screen,normal_0_1,dot,lns,lns4_r1,4,2,1,fp64,ordinary,padded,thread_packet,2,8,1,1,2,none,fraction_lut_shared,ordinary/padded/thread_packet/x2/fraction_lut_shared,16777216,0,1,16777216,33554432,16,512,256,3,0,49,4.9590082168579102,0.10120424932363081,-3268.5850589967913,1
2026-08-16T15:03:54Z,NVIDIA H200 NVL,screen,normal_0_1,dot,lns,lns4_r1,4,2,1,fp64,ordinary,padded,thread_packet,2,8,1,1,2,none,fraction_lut_shared,ordinary/padded/thread_packet/x2/fraction_lut_shared,16777216,0,1,16777216,33554432,16,512,256,3,1,49,4.9576640129089355,0.10117681658997828,-3268.5850589967913,1
2026-08-16T15:03:54Z,NVIDIA H200 NVL,screen,normal_0_1,dot,lns,lns4_r1,4,2,1,fp64,ordinary,padded,thread_packet,2,8,1,1,2,none,fraction_lut_shared,ordinary/padded/thread_packet/x2/fraction_lut_shared,16777216,0,1,16777216,33554432,16,512,256,3,2,49,4.9762239456176758,0.10155559072689134,-3268.5850589967913,1
2026-08-16T15:03:54Z,NVIDIA H200 NVL,screen,normal_0_1,gemv,lns,lns4_r1,4,2,1,fp64,ordinary,padded,thread_packet,2,8,1,1,2,none,fraction_lut_shared,ordinary/padded/thread_packet/x2/fraction_lut_shared,16384,1024,1024,8396800,16793600,16,1024,256,3,0,54,4.9561920166015625,0.09178133364076968,-44.496951672795085,1
2026-08-16T15:03:54Z,NVIDIA H200 NVL,screen,normal_0_1,gemv,lns,lns4_r1,4,2,1,fp64,ordinary,padded,thread_packet,2,8,1,1,2,none,fraction_lut_shared,ordinary/padded/thread_packet/x2/fraction_lut_shared,16384,1024,1024,8396800,16793600,16,1024,256,3,1,54,4.9512319564819336,0.091689480675591364,-44.496951672795085,1
2026-08-16T15:03:54Z,NVIDIA H200 NVL,screen,normal_0_1,gemv,lns,lns4_r1,4,2,1,fp64,ordinary,padded,thread_packet,2,8,1,1,2,none,fraction_lut_shared,ordinary/padded/thread_packet/x2/fraction_lut_shared,16384,1024,1024,8396800,16793600,16,1024,256,3,2,54,4.9388160705566406,0.091459556862160007,-44.496951672795085,1
2026-08-16T15:03:54Z,NVIDIA H200 NVL,screen,normal_0_1,dot,lns,lns4_r1,4,2,1,fp64,ordinary,padded,thread_packet,4,8,1,1,4,none,fraction_lut_shared,ordinary/padded/thread_packet/x4/fraction_lut_shared,16777216,0,1,16777216,33554432,16,512,256,3,0,50,4.9501438140869141,0.099002876281738275,-3268.5850589967913,1
2026-08-16T15:03:54Z,NVIDIA H200 NVL,screen,normal_0_1,dot,lns,lns4_r1,4,2,1,fp64,ordinary,padded,thread_packet,4,8,1,1,4,none,fraction_lut_shared,ordinary/padded/thread_packet/x4/fraction_lut_shared,16777216,0,1,16777216,33554432,16,512,256,3,1,50,4.9534721374511719,0.099069442749023434,-3268.5850589967913,1
2026-08-16T15:03:54Z,NVIDIA H200 NVL,screen,normal_0_1,dot,lns,lns4_r1,4,2,1,fp64,ordinary,padded,thread_packet,4,8,1,1,4,none,fraction_lut_shared,ordinary/padded/thread_packet/x4/fraction_lut_shared,16777216,0,1,16777216,33554432,16,512,256,3,2,50,4.9532160758972168,0.099064321517944337,-3268.5850589967913,1
2026-08-16T15:03:54Z,NVIDIA H200 NVL,screen,normal_0_1,gemv,lns,lns4_r1,4,2,1,fp64,ordinary,padded,thread_packet,4,8,1,1,4,none,fraction_lut_shared,ordinary/padded/thread_packet/x4/fraction_lut_shared,16384,1024,1024,8396800,16793600,16,1024,256,3,0,55,4.8841280937194824,0.088802328976717859,-44.496951672795063,1
2026-08-16T15:03:54Z,NVIDIA H200 NVL,screen,normal_0_1,gemv,lns,lns4_r1,4,2,1,fp64,ordinary,padded,thread_packet,4,8,1,1,4,none,fraction_lut_shared,ordinary/padded/thread_packet/x4/fraction_lut_shared,16384,1024,1024,8396800,16793600,16,1024,256,3,1,55,4.8862080574035645,0.088840146498246633,-44.496951672795063,1
2026-08-16T15:03:54Z,NVIDIA H200 NVL,screen,normal_0_1,gemv,lns,lns4_r1,4,2,1,fp64,ordinary,padded,thread_packet,4,8,1,1,4,none,fraction_lut_shared,ordinary/padded/thread_packet/x4/fraction_lut_shared,16384,1024,1024,8396800,16793600,16,1024,256,3,2,55,4.884160041809082,0.088802909851074224,-44.496951672795063,1
2026-08-16T15:03:54Z,NVIDIA H200 NVL,screen,normal_0_1,dot,lns,lns4_r1,4,2,1,fp64,ordinary,padded,thread_packet,8,8,1,1,8,none,fraction_lut_shared,ordinary/padded/thread_packet/x8/fraction_lut_shared,16777216,0,1,16777216,33554432,16,512,256,3,0,50,4.9641280174255371,0.09928256034851074,-3268.5850589967922,1
2026-08-16T15:03:54Z,NVIDIA H200 NVL,screen,normal_0_1,dot,lns,lns4_r1,4,2,1,fp64,ordinary,padded,thread_packet,8,8,1,1,8,none,fraction_lut_shared,ordinary/padded/thread_packet/x8/fraction_lut_shared,16777216,0,1,16777216,33554432,16,512,256,3,1,50,4.9593281745910645,0.099186563491821284,-3268.5850589967922,1
2026-08-16T15:03:54Z,NVIDIA H200 NVL,screen,normal_0_1,dot,lns,lns4_r1,4,2,1,fp64,ordinary,padded,thread_packet,8,8,1,1,8,none,fraction_lut_shared,ordinary/padded/thread_packet/x8/fraction_lut_shared,16777216,0,1,16777216,33554432,16,512,256,3,2,50,4.967872142791748,0.099357442855834963,-3268.5850589967922,1
2026-08-16T15:03:54Z,NVIDIA H200 NVL,screen,normal_0_1,gemv,lns,lns4_r1,4,2,1,fp64,ordinary,padded,thread_packet,8,8,1,1,8,none,fraction_lut_shared,ordinary/padded/thread_packet/x8/fraction_lut_shared,16384,1024,1024,8396800,16793600,16,1024,256,3,0,55,4.8734722137451172,0.088608585704456677,-44.496951672795099,1
2026-08-16T15:03:54Z,NVIDIA H200 NVL,screen,normal_0_1,gemv,lns,lns4_r1,4,2,1,fp64,ordinary,padded,thread_packet,8,8,1,1,8,none,fraction_lut_shared,ordinary/padded/thread_packet/x8/fraction_lut_shared,16384,1024,1024,8396800,16793600,16,1024,256,3,1,55,4.8748798370361328,0.088634178855202417,-44.496951672795099,1
2026-08-16T15:03:54Z,NVIDIA H200 NVL,screen,normal_0_1,gemv,lns,lns4_r1,4,2,1,fp64,ordinary,padded,thread_packet,8,8,1,1,8,none,fraction_lut_shared,ordinary/padded/thread_packet/x8/fraction_lut_shared,16384,1024,1024,8396800,16793600,16,1024,256,3,2,55,4.8713598251342773,0.088570178638805036,-44.496951672795099,1
2026-08-16T15:03:54Z,NVIDIA H200 NVL,screen,normal_0_1,dot,lns,lns4_r1,4,2,1,fp64,ordinary,dense,cooperative_shuffle,8,32,1,8,1,warp_shuffle,fraction_lut_shared,ordinary/dense/cooperative_shuffle/x8/fraction_lut_shared,16777216,0,1,16777216,16777216,16,512,256,3,0,37,5.0324478149414062,0.13601210310652451,-3268.5850589967913,1
2026-08-16T15:03:54Z,NVIDIA H200 NVL,screen,normal_0_1,dot,lns,lns4_r1,4,2,1,fp64,ordinary,dense,cooperative_shuffle,8,32,1,8,1,warp_shuffle,fraction_lut_shared,ordinary/dense/cooperative_shuffle/x8/fraction_lut_shared,16777216,0,1,16777216,16777216,16,512,256,3,1,37,5.0338559150695801,0.1360501598667454,-3268.5850589967913,1
2026-08-16T15:03:54Z,NVIDIA H200 NVL,screen,normal_0_1,dot,lns,lns4_r1,4,2,1,fp64,ordinary,dense,cooperative_shuffle,8,32,1,8,1,warp_shuffle,fraction_lut_shared,ordinary/dense/cooperative_shuffle/x8/fraction_lut_shared,16777216,0,1,16777216,16777216,16,512,256,3,2,37,5.0341439247131348,0.1360579439111658,-3268.5850589967913,1
2026-08-16T15:03:54Z,NVIDIA H200 NVL,screen,normal_0_1,gemv,lns,lns4_r1,4,2,1,fp64,ordinary,dense,cooperative_shuffle,8,32,1,8,1,warp_shuffle,fraction_lut_shared,ordinary/dense/cooperative_shuffle/x8/fraction_lut_shared,16384,1024,1024,8396800,8396800,16,1024,256,3,0,41,4.9552640914916992,0.12086009979248047,-44.496951672795078,1
2026-08-16T15:03:54Z,NVIDIA H200 NVL,screen,normal_0_1,gemv,lns,lns4_r1,4,2,1,fp64,ordinary,dense,cooperative_shuffle,8,32,1,8,1,warp_shuffle,fraction_lut_shared,ordinary/dense/cooperative_shuffle/x8/fraction_lut_shared,16384,1024,1024,8396800,8396800,16,1024,256,3,1,41,4.9486079216003418,0.12069775418537419,-44.496951672795078,1
2026-08-16T15:03:54Z,NVIDIA H200 NVL,screen,normal_0_1,gemv,lns,lns4_r1,4,2,1,fp64,ordinary,dense,cooperative_shuffle,8,32,1,8,1,warp_shuffle,fraction_lut_shared,ordinary/dense/cooperative_shuffle/x8/fraction_lut_shared,16384,1024,1024,8396800,8396800,16,1024,256,3,2,41,4.9473919868469238,0.12066809724016887,-44.496951672795078,1
2026-08-16T15:03:54Z,NVIDIA H200 NVL,screen,normal_0_1,dot,lns,lns4_r1,4,2,1,fp64,fused,dense,scalar,1,32,1,1,1,none,fraction_lut_shared,fused/dense/scalar/x1/fraction_lut_shared,16777216,0,1,16777216,16777216,16,512,256,3,0,47,4.9903998374938965,0.10617871994667864,-3268.5850589967922,1
2026-08-16T15:03:54Z,NVIDIA H200 NVL,screen,normal_0_1,dot,lns,lns4_r1,4,2,1,fp64,fused,dense,scalar,1,32,1,1,1,none,fraction_lut_shared,fused/dense/scalar/x1/fraction_lut_shared,16777216,0,1,16777216,16777216,16,512,256,3,1,47,4.9893121719360352,0.10615557812629862,-3268.5850589967922,1
2026-08-16T15:03:54Z,NVIDIA H200 NVL,screen,normal_0_1,dot,lns,lns4_r1,4,2,1,fp64,fused,dense,scalar,1,32,1,1,1,none,fraction_lut_shared,fused/dense/scalar/x1/fraction_lut_shared,16777216,0,1,16777216,16777216,16,512,256,3,2,47,4.9879999160766602,0.10612765778886511,-3268.5850589967922,1
2026-08-16T15:03:54Z,NVIDIA H200 NVL,screen,normal_0_1,gemv,lns,lns4_r1,4,2,1,fp64,fused,dense,scalar,1,32,1,1,1,none,fraction_lut_shared,fused/dense/scalar/x1/fraction_lut_shared,16384,1024,1024,8396800,8396800,16,1024,256,3,0,48,4.9568958282470703,0.10326866308848064,-44.496951672795092,1
2026-08-16T15:03:54Z,NVIDIA H200 NVL,screen,normal_0_1,gemv,lns,lns4_r1,4,2,1,fp64,fused,dense,scalar,1,32,1,1,1,none,fraction_lut_shared,fused/dense/scalar/x1/fraction_lut_shared,16384,1024,1024,8396800,8396800,16,1024,256,3,1,48,4.9580478668212891,0.10329266389211018,-44.496951672795092,1
2026-08-16T15:03:54Z,NVIDIA H200 NVL,screen,normal_0_1,gemv,lns,lns4_r1,4,2,1,fp64,fused,dense,scalar,1,32,1,1,1,none,fraction_lut_shared,fused/dense/scalar/x1/fraction_lut_shared,16384,1024,1024,8396800,8396800,16,1024,256,3,2,48,4.9580159187316895,0.1032919983069102,-44.496951672795092,1
2026-08-16T15:03:54Z,NVIDIA H200 NVL,screen,normal_0_1,dot,lns,lns4_r1,4,2,1,fp64,fused,padded,scalar,1,8,1,1,1,none,fraction_lut_shared,fused/padded/scalar/x1/fraction_lut_shared,16777216,0,1,16777216,33554432,16,512,256,3,0,52,4.9352641105651855,0.094908925203176647,-3268.5850589967922,1
2026-08-16T15:03:54Z,NVIDIA H200 NVL,screen,normal_0_1,dot,lns,lns4_r1,4,2,1,fp64,fused,padded,scalar,1,8,1,1,1,none,fraction_lut_shared,fused/padded/scalar/x1/fraction_lut_shared,16777216,0,1,16777216,33554432,16,512,256,3,1,52,4.934783935546875,0.094899691068209141,-3268.5850589967922,1
2026-08-16T15:03:54Z,NVIDIA H200 NVL,screen,normal_0_1,dot,lns,lns4_r1,4,2,1,fp64,fused,padded,scalar,1,8,1,1,1,none,fraction_lut_shared,fused/padded/scalar/x1/fraction_lut_shared,16777216,0,1,16777216,33554432,16,512,256,3,2,52,4.9359359741210938,0.094921845656174883,-3268.5850589967922,1
2026-08-16T15:03:54Z,NVIDIA H200 NVL,screen,normal_0_1,gemv,lns,lns4_r1,4,2,1,fp64,fused,padded,scalar,1,8,1,1,1,none,fraction_lut_shared,fused/padded/scalar/x1/fraction_lut_shared,16384,1024,1024,8396800,16793600,16,1024,256,3,0,58,4.8780159950256348,0.084103724052166123,-44.496951672795092,1
2026-08-16T15:03:54Z,NVIDIA H200 NVL,screen,normal_0_1,gemv,lns,lns4_r1,4,2,1,fp64,fused,padded,scalar,1,8,1,1,1,none,fraction_lut_shared,fused/padded/scalar/x1/fraction_lut_shared,16384,1024,1024,8396800,16793600,16,1024,256,3,1,58,4.8767681121826172,0.084082208830734778,-44.496951672795092,1
2026-08-16T15:03:54Z,NVIDIA H200 NVL,screen,normal_0_1,gemv,lns,lns4_r1,4,2,1,fp64,fused,padded,scalar,1,8,1,1,1,none,fraction_lut_shared,fused/padded/scalar/x1/fraction_lut_shared,16384,1024,1024,8396800,16793600,16,1024,256,3,2,58,4.8788161277770996,0.084117519444432756,-44.496951672795092,1
2026-08-16T15:03:54Z,NVIDIA H200 NVL,screen,normal_0_1,dot,lns,lns4_r1,4,2,1,fp64,fused,dense,thread_packet,2,32,1,1,2,none,fraction_lut_shared,fused/dense/thread_packet/x2/fraction_lut_shared,16777216,0,1,16777216,16777216,16,512,256,3,0,48,4.9830398559570312,0.10381333033243816,-3268.5850589967908,1
2026-08-16T15:03:54Z,NVIDIA H200 NVL,screen,normal_0_1,dot,lns,lns4_r1,4,2,1,fp64,fused,dense,thread_packet,2,32,1,1,2,none,fraction_lut_shared,fused/dense/thread_packet/x2/fraction_lut_shared,16777216,0,1,16777216,16777216,16,512,256,3,1,48,4.9886717796325684,0.10393066207567851,-3268.5850589967908,1
2026-08-16T15:03:54Z,NVIDIA H200 NVL,screen,normal_0_1,dot,lns,lns4_r1,4,2,1,fp64,fused,dense,thread_packet,2,32,1,1,2,none,fraction_lut_shared,fused/dense/thread_packet/x2/fraction_lut_shared,16777216,0,1,16777216,16777216,16,512,256,3,2,48,4.9853439331054688,0.10386133193969727,-3268.5850589967908,1
2026-08-16T15:03:54Z,NVIDIA H200 NVL,screen,normal_0_1,gemv,lns,lns4_r1,4,2,1,fp64,fused,dense,thread_packet,2,32,1,1,2,none,fraction_lut_shared,fused/dense/thread_packet/x2/fraction_lut_shared,16384,1024,1024,8396800,8396800,16,1024,256,3,0,49,4.9691839218139648,0.10141191677171357,-44.49695167279507,1
2026-08-16T15:03:54Z,NVIDIA H200 NVL,screen,normal_0_1,gemv,lns,lns4_r1,4,2,1,fp64,fused,dense,thread_packet,2,32,1,1,2,none,fraction_lut_shared,fused/dense/thread_packet/x2/fraction_lut_shared,16384,1024,1024,8396800,8396800,16,1024,256,3,1,49,4.9699521064758301,0.10142759400971081,-44.49695167279507,1
2026-08-16T15:03:54Z,NVIDIA H200 NVL,screen,normal_0_1,gemv,lns,lns4_r1,4,2,1,fp64,fused,dense,thread_packet,2,32,1,1,2,none,fraction_lut_shared,fused/dense/thread_packet/x2/fraction_lut_shared,16384,1024,1024,8396800,8396800,16,1024,256,3,2,49,4.9677438735961914,0.10138252803257533,-44.49695167279507,1
2026-08-16T15:03:54Z,NVIDIA H200 NVL,screen,normal_0_1,dot,lns,lns4_r1,4,2,1,fp64,fused,dense,thread_packet,4,32,1,1,4,none,fraction_lut_shared,fused/dense/thread_packet/x4/fraction_lut_shared,16777216,0,1,16777216,16777216,16,512,256,3,0,49,4.992703914642334,0.10189191662535375,-3268.5850589967922,1
2026-08-16T15:03:54Z,NVIDIA H200 NVL,screen,normal_0_1,dot,lns,lns4_r1,4,2,1,fp64,fused,dense,thread_packet,4,32,1,1,4,none,fraction_lut_shared,fused/dense/thread_packet/x4/fraction_lut_shared,16777216,0,1,16777216,16777216,16,512,256,3,1,49,4.9826560020446777,0.10168685718458526,-3268.5850589967922,1
2026-08-16T15:03:54Z,NVIDIA H200 NVL,screen,normal_0_1,dot,lns,lns4_r1,4,2,1,fp64,fused,dense,thread_packet,4,32,1,1,4,none,fraction_lut_shared,fused/dense/thread_packet/x4/fraction_lut_shared,16777216,0,1,16777216,16777216,16,512,256,3,2,49,4.9837441444396973,0.10170906417223873,-3268.5850589967922,1
2026-08-16T15:03:54Z,NVIDIA H200 NVL,screen,normal_0_1,gemv,lns,lns4_r1,4,2,1,fp64,fused,dense,thread_packet,4,32,1,1,4,none,fraction_lut_shared,fused/dense/thread_packet/x4/fraction_lut_shared,16384,1024,1024,8396800,8396800,16,1024,256,3,0,49,4.9277758598327637,0.1005668542823013,-44.496951672795035,1
2026-08-16T15:03:54Z,NVIDIA H200 NVL,screen,normal_0_1,gemv,lns,lns4_r1,4,2,1,fp64,fused,dense,thread_packet,4,32,1,1,4,none,fraction_lut_shared,fused/dense/thread_packet/x4/fraction_lut_shared,16384,1024,1024,8396800,8396800,16,1024,256,3,1,49,4.9272961616516113,0.10055706452350227,-44.496951672795035,1
2026-08-16T15:03:54Z,NVIDIA H200 NVL,screen,normal_0_1,gemv,lns,lns4_r1,4,2,1,fp64,fused,dense,thread_packet,4,32,1,1,4,none,fraction_lut_shared,fused/dense/thread_packet/x4/fraction_lut_shared,16384,1024,1024,8396800,8396800,16,1024,256,3,2,49,4.9264960289001465,0.10054073528367646,-44.496951672795035,1
2026-08-16T15:03:54Z,NVIDIA H200 NVL,screen,normal_0_1,dot,lns,lns4_r1,4,2,1,fp64,fused,dense,thread_packet,8,32,1,1,8,none,fraction_lut_shared,fused/dense/thread_packet/x8/fraction_lut_shared,16777216,0,1,16777216,16777216,16,512,256,3,0,56,4.8899521827697754,0.087320574692317424,-3268.5850589967927,1
2026-08-16T15:03:54Z,NVIDIA H200 NVL,screen,normal_0_1,dot,lns,lns4_r1,4,2,1,fp64,fused,dense,thread_packet,8,32,1,1,8,none,fraction_lut_shared,fused/dense/thread_packet/x8/fraction_lut_shared,16777216,0,1,16777216,16777216,16,512,256,3,1,56,4.8911361694335938,0.087341717311314168,-3268.5850589967927,1
2026-08-16T15:03:54Z,NVIDIA H200 NVL,screen,normal_0_1,dot,lns,lns4_r1,4,2,1,fp64,fused,dense,thread_packet,8,32,1,1,8,none,fraction_lut_shared,fused/dense/thread_packet/x8/fraction_lut_shared,16777216,0,1,16777216,16777216,16,512,256,3,2,56,4.8909440040588379,0.08733828578676496,-3268.5850589967927,1
2026-08-16T15:03:54Z,NVIDIA H200 NVL,screen,normal_0_1,gemv,lns,lns4_r1,4,2,1,fp64,fused,dense,thread_packet,8,32,1,1,8,none,fraction_lut_shared,fused/dense/thread_packet/x8/fraction_lut_shared,16384,1024,1024,8396800,8396800,16,1024,256,3,0,52,4.9404802322387695,0.09500923523536095,-44.496951672795063,1
2026-08-16T15:03:54Z,NVIDIA H200 NVL,screen,normal_0_1,gemv,lns,lns4_r1,4,2,1,fp64,fused,dense,thread_packet,8,32,1,1,8,none,fraction_lut_shared,fused/dense/thread_packet/x8/fraction_lut_shared,16384,1024,1024,8396800,8396800,16,1024,256,3,1,52,4.9399681091308594,0.094999386714054987,-44.496951672795063,1
2026-08-16T15:03:54Z,NVIDIA H200 NVL,screen,normal_0_1,gemv,lns,lns4_r1,4,2,1,fp64,fused,dense,thread_packet,8,32,1,1,8,none,fraction_lut_shared,fused/dense/thread_packet/x8/fraction_lut_shared,16384,1024,1024,8396800,8396800,16,1024,256,3,2,52,4.940000057220459,0.095000001100393444,-44.496951672795063,1
2026-08-16T15:03:54Z,NVIDIA H200 NVL,screen,normal_0_1,dot,lns,lns4_r1,4,2,1,fp64,fused,padded,thread_packet,2,8,1,1,2,none,fraction_lut_shared,fused/padded/thread_packet/x2/fraction_lut_shared,16777216,0,1,16777216,33554432,16,512,256,3,0,53,4.9615039825439453,0.093613282689508401,-3268.5850589967908,1
2026-08-16T15:03:54Z,NVIDIA H200 NVL,screen,normal_0_1,dot,lns,lns4_r1,4,2,1,fp64,fused,padded,thread_packet,2,8,1,1,2,none,fraction_lut_shared,fused/padded/thread_packet/x2/fraction_lut_shared,16777216,0,1,16777216,33554432,16,512,256,3,1,53,4.9591999053955078,0.093569809535764298,-3268.5850589967908,1
2026-08-16T15:03:54Z,NVIDIA H200 NVL,screen,normal_0_1,dot,lns,lns4_r1,4,2,1,fp64,fused,padded,thread_packet,2,8,1,1,2,none,fraction_lut_shared,fused/padded/thread_packet/x2/fraction_lut_shared,16777216,0,1,16777216,33554432,16,512,256,3,2,53,4.9585919380187988,0.093558338453184883,-3268.5850589967908,1
2026-08-16T15:03:54Z,NVIDIA H200 NVL,screen,normal_0_1,gemv,lns,lns4_r1,4,2,1,fp64,fused,padded,thread_packet,2,8,1,1,2,none,fraction_lut_shared,fused/padded/thread_packet/x2/fraction_lut_shared,16384,1024,1024,8396800,16793600,16,1024,256,3,0,58,4.9085760116577148,0.084630620890650252,-44.49695167279507,1
2026-08-16T15:03:54Z,NVIDIA H200 NVL,screen,normal_0_1,gemv,lns,lns4_r1,4,2,1,fp64,fused,padded,thread_packet,2,8,1,1,2,none,fraction_lut_shared,fused/padded/thread_packet/x2/fraction_lut_shared,16384,1024,1024,8396800,16793600,16,1024,256,3,1,58,4.9091839790344238,0.084641103086800409,-44.49695167279507,1
2026-08-16T15:03:54Z,NVIDIA H200 NVL,screen,normal_0_1,gemv,lns,lns4_r1,4,2,1,fp64,fused,padded,thread_packet,2,8,1,1,2,none,fraction_lut_shared,fused/padded/thread_packet/x2/fraction_lut_shared,16384,1024,1024,8396800,16793600,16,1024,256,3,2,58,4.9094719886779785,0.084646068770309973,-44.49695167279507,1
2026-08-16T15:03:54Z,NVIDIA H200 NVL,screen,normal_0_1,dot,lns,lns4_r1,4,2,1,fp64,fused,padded,thread_packet,4,8,1,1,4,none,fraction_lut_shared,fused/padded/thread_packet/x4/fraction_lut_shared,16777216,0,1,16777216,33554432,16,512,256,3,0,54,4.8794560432434082,0.090360297097100153,-3268.5850589967922,1
2026-08-16T15:03:54Z,NVIDIA H200 NVL,screen,normal_0_1,dot,lns,lns4_r1,4,2,1,fp64,fused,padded,thread_packet,4,8,1,1,4,none,fraction_lut_shared,fused/padded/thread_packet/x4/fraction_lut_shared,16777216,0,1,16777216,33554432,16,512,256,3,1,54,4.880159854888916,0.090373330646091043,-3268.5850589967922,1
2026-08-16T15:03:54Z,NVIDIA H200 NVL,screen,normal_0_1,dot,lns,lns4_r1,4,2,1,fp64,fused,padded,thread_packet,4,8,1,1,4,none,fraction_lut_shared,fused/padded/thread_packet/x4/fraction_lut_shared,16777216,0,1,16777216,33554432,16,512,256,3,2,54,4.8777918815612793,0.090329479288171838,-3268.5850589967922,1
2026-08-16T15:03:54Z,NVIDIA H200 NVL,screen,normal_0_1,gemv,lns,lns4_r1,4,2,1,fp64,fused,padded,thread_packet,4,8,1,1,4,none,fraction_lut_shared,fused/padded/thread_packet/x4/fraction_lut_shared,16384,1024,1024,8396800,16793600,16,1024,256,3,0,60,4.9040641784667969,0.081734402974446618,-44.496951672795035,1
2026-08-16T15:03:54Z,NVIDIA H200 NVL,screen,normal_0_1,gemv,lns,lns4_r1,4,2,1,fp64,fused,padded,thread_packet,4,8,1,1,4,none,fraction_lut_shared,fused/padded/thread_packet/x4/fraction_lut_shared,16384,1024,1024,8396800,16793600,16,1024,256,3,1,60,4.8999037742614746,0.081665062904357905,-44.496951672795035,1
2026-08-16T15:03:54Z,NVIDIA H200 NVL,screen,normal_0_1,gemv,lns,lns4_r1,4,2,1,fp64,fused,padded,thread_packet,4,8,1,1,4,none,fraction_lut_shared,fused/padded/thread_packet/x4/fraction_lut_shared,16384,1024,1024,8396800,16793600,16,1024,256,3,2,60,4.8975038528442383,0.081625064214070633,-44.496951672795035,1
2026-08-16T15:03:54Z,NVIDIA H200 NVL,screen,normal_0_1,dot,lns,lns4_r1,4,2,1,fp64,fused,padded,thread_packet,8,8,1,1,8,none,fraction_lut_shared,fused/padded/thread_packet/x8/fraction_lut_shared,16777216,0,1,16777216,33554432,16,512,256,3,0,55,4.8888320922851562,0.088887856223366479,-3268.5850589967927,1
2026-08-16T15:03:54Z,NVIDIA H200 NVL,screen,normal_0_1,dot,lns,lns4_r1,4,2,1,fp64,fused,padded,thread_packet,8,8,1,1,8,none,fraction_lut_shared,fused/padded/thread_packet/x8/fraction_lut_shared,16777216,0,1,16777216,33554432,16,512,256,3,1,55,4.8879680633544922,0.08887214660644531,-3268.5850589967927,1
2026-08-16T15:03:54Z,NVIDIA H200 NVL,screen,normal_0_1,dot,lns,lns4_r1,4,2,1,fp64,fused,padded,thread_packet,8,8,1,1,8,none,fraction_lut_shared,fused/padded/thread_packet/x8/fraction_lut_shared,16777216,0,1,16777216,33554432,16,512,256,3,2,55,4.8891839981079102,0.088894254511052914,-3268.5850589967927,1
2026-08-16T15:03:54Z,NVIDIA H200 NVL,screen,normal_0_1,gemv,lns,lns4_r1,4,2,1,fp64,fused,padded,thread_packet,8,8,1,1,8,none,fraction_lut_shared,fused/padded/thread_packet/x8/fraction_lut_shared,16384,1024,1024,8396800,16793600,16,1024,256,3,0,61,4.899712085723877,0.080323148946293069,-44.496951672795063,1
2026-08-16T15:03:54Z,NVIDIA H200 NVL,screen,normal_0_1,gemv,lns,lns4_r1,4,2,1,fp64,fused,padded,thread_packet,8,8,1,1,8,none,fraction_lut_shared,fused/padded/thread_packet/x8/fraction_lut_shared,16384,1024,1024,8396800,16793600,16,1024,256,3,1,61,4.9014720916748047,0.080352001502865644,-44.496951672795063,1
2026-08-16T15:03:54Z,NVIDIA H200 NVL,screen,normal_0_1,gemv,lns,lns4_r1,4,2,1,fp64,fused,padded,thread_packet,8,8,1,1,8,none,fraction_lut_shared,fused/padded/thread_packet/x8/fraction_lut_shared,16384,1024,1024,8396800,16793600,16,1024,256,3,2,61,4.9000959396362305,0.080329441633380821,-44.496951672795063,1
2026-08-16T15:03:54Z,NVIDIA H200 NVL,screen,normal_0_1,dot,lns,lns4_r1,4,2,1,fp64,fused,dense,cooperative_shuffle,8,32,1,8,1,warp_shuffle,fraction_lut_shared,fused/dense/cooperative_shuffle/x8/fraction_lut_shared,16777216,0,1,16777216,16777216,16,512,256,3,0,42,4.918816089630127,0.1171146688007173,-3268.5850589967922,1
2026-08-16T15:03:54Z,NVIDIA H200 NVL,screen,normal_0_1,dot,lns,lns4_r1,4,2,1,fp64,fused,dense,cooperative_shuffle,8,32,1,8,1,warp_shuffle,fraction_lut_shared,fused/dense/cooperative_shuffle/x8/fraction_lut_shared,16777216,0,1,16777216,16777216,16,512,256,3,1,42,4.9156160354614258,0.11703847703479585,-3268.5850589967922,1
2026-08-16T15:03:54Z,NVIDIA H200 NVL,screen,normal_0_1,dot,lns,lns4_r1,4,2,1,fp64,fused,dense,cooperative_shuffle,8,32,1,8,1,warp_shuffle,fraction_lut_shared,fused/dense/cooperative_shuffle/x8/fraction_lut_shared,16777216,0,1,16777216,16777216,16,512,256,3,2,42,4.9258561134338379,0.11728228841509138,-3268.5850589967922,1
2026-08-16T15:03:54Z,NVIDIA H200 NVL,screen,normal_0_1,gemv,lns,lns4_r1,4,2,1,fp64,fused,dense,cooperative_shuffle,8,32,1,8,1,warp_shuffle,fraction_lut_shared,fused/dense/cooperative_shuffle/x8/fraction_lut_shared,16384,1024,1024,8396800,8396800,16,1024,256,3,0,47,4.9307518005371094,0.10490961277738531,-44.496951672795092,1
2026-08-16T15:03:54Z,NVIDIA H200 NVL,screen,normal_0_1,gemv,lns,lns4_r1,4,2,1,fp64,fused,dense,cooperative_shuffle,8,32,1,8,1,warp_shuffle,fraction_lut_shared,fused/dense/cooperative_shuffle/x8/fraction_lut_shared,16384,1024,1024,8396800,8396800,16,1024,256,3,1,47,4.9284801483154297,0.10486127975139212,-44.496951672795092,1
2026-08-16T15:03:54Z,NVIDIA H200 NVL,screen,normal_0_1,gemv,lns,lns4_r1,4,2,1,fp64,fused,dense,cooperative_shuffle,8,32,1,8,1,warp_shuffle,fraction_lut_shared,fused/dense/cooperative_shuffle/x8/fraction_lut_shared,16384,1024,1024,8396800,8396800,16,1024,256,3,2,47,4.9307198524475098,0.10490893303079808,-44.496951672795092,1
2026-08-16T15:03:54Z,NVIDIA H200 NVL,screen,normal_0_1,dot,lns,lns4_r1,4,2,1,fp64,ordinary,dense,scalar,1,32,1,1,1,none,fraction_lut_warp,ordinary/dense/scalar/x1/fraction_lut_warp,16777216,0,1,16777216,16777216,16,512,256,3,0,34,4.9737920761108398,0.14628800223855412,-3268.5850589967913,1
2026-08-16T15:03:54Z,NVIDIA H200 NVL,screen,normal_0_1,dot,lns,lns4_r1,4,2,1,fp64,ordinary,dense,scalar,1,32,1,1,1,none,fraction_lut_warp,ordinary/dense/scalar/x1/fraction_lut_warp,16777216,0,1,16777216,16777216,16,512,256,3,1,34,4.9725761413574219,0.14625223945168889,-3268.5850589967913,1
2026-08-16T15:03:54Z,NVIDIA H200 NVL,screen,normal_0_1,dot,lns,lns4_r1,4,2,1,fp64,ordinary,dense,scalar,1,32,1,1,1,none,fraction_lut_warp,ordinary/dense/scalar/x1/fraction_lut_warp,16777216,0,1,16777216,16777216,16,512,256,3,2,34,4.9730238914489746,0.14626540857202866,-3268.5850589967913,1
2026-08-16T15:03:54Z,NVIDIA H200 NVL,screen,normal_0_1,gemv,lns,lns4_r1,4,2,1,fp64,ordinary,dense,scalar,1,32,1,1,1,none,fraction_lut_warp,ordinary/dense/scalar/x1/fraction_lut_warp,16384,1024,1024,8396800,8396800,16,1024,256,3,0,36,5.0367679595947266,0.13991022109985352,-44.496951672795078,1
2026-08-16T15:03:54Z,NVIDIA H200 NVL,screen,normal_0_1,gemv,lns,lns4_r1,4,2,1,fp64,ordinary,dense,scalar,1,32,1,1,1,none,fraction_lut_warp,ordinary/dense/scalar/x1/fraction_lut_warp,16384,1024,1024,8396800,8396800,16,1024,256,3,1,36,5.0385918617248535,0.1399608850479126,-44.496951672795078,1
2026-08-16T15:03:54Z,NVIDIA H200 NVL,screen,normal_0_1,gemv,lns,lns4_r1,4,2,1,fp64,ordinary,dense,scalar,1,32,1,1,1,none,fraction_lut_warp,ordinary/dense/scalar/x1/fraction_lut_warp,16384,1024,1024,8396800,8396800,16,1024,256,3,2,36,5.0373439788818359,0.13992622163560656,-44.496951672795078,1
2026-08-16T15:03:54Z,NVIDIA H200 NVL,screen,normal_0_1,dot,lns,lns4_r1,4,2,1,fp64,ordinary,padded,scalar,1,8,1,1,1,none,fraction_lut_warp,ordinary/padded/scalar/x1/fraction_lut_warp,16777216,0,1,16777216,33554432,16,512,256,3,0,36,4.9574398994445801,0.13770666387346056,-3268.5850589967913,1
2026-08-16T15:03:54Z,NVIDIA H200 NVL,screen,normal_0_1,dot,lns,lns4_r1,4,2,1,fp64,ordinary,padded,scalar,1,8,1,1,1,none,fraction_lut_warp,ordinary/padded/scalar/x1/fraction_lut_warp,16777216,0,1,16777216,33554432,16,512,256,3,1,36,4.9648962020874023,0.13791378339131674,-3268.5850589967913,1
2026-08-16T15:03:54Z,NVIDIA H200 NVL,screen,normal_0_1,dot,lns,lns4_r1,4,2,1,fp64,ordinary,padded,scalar,1,8,1,1,1,none,fraction_lut_warp,ordinary/padded/scalar/x1/fraction_lut_warp,16777216,0,1,16777216,33554432,16,512,256,3,2,36,4.968480110168457,0.13801333639356825,-3268.5850589967913,1
2026-08-16T15:03:54Z,NVIDIA H200 NVL,screen,normal_0_1,gemv,lns,lns4_r1,4,2,1,fp64,ordinary,padded,scalar,1,8,1,1,1,none,fraction_lut_warp,ordinary/padded/scalar/x1/fraction_lut_warp,16384,1024,1024,8396800,16793600,16,1024,256,3,0,39,4.9053120613098145,0.1257772323412773,-44.496951672795078,1
2026-08-16T15:03:54Z,NVIDIA H200 NVL,screen,normal_0_1,gemv,lns,lns4_r1,4,2,1,fp64,ordinary,padded,scalar,1,8,1,1,1,none,fraction_lut_warp,ordinary/padded/scalar/x1/fraction_lut_warp,16384,1024,1024,8396800,16793600,16,1024,256,3,1,39,4.8881278038024902,0.12533661035391,-44.496951672795078,1
2026-08-16T15:03:54Z,NVIDIA H200 NVL,screen,normal_0_1,gemv,lns,lns4_r1,4,2,1,fp64,ordinary,padded,scalar,1,8,1,1,1,none,fraction_lut_warp,ordinary/padded/scalar/x1/fraction_lut_warp,16384,1024,1024,8396800,16793600,16,1024,256,3,2,39,4.8881278038024902,0.12533661035391,-44.496951672795078,1
2026-08-16T15:03:54Z,NVIDIA H200 NVL,screen,normal_0_1,dot,lns,lns4_r1,4,2,1,fp64,ordinary,dense,thread_packet,2,32,1,1,2,none,fraction_lut_warp,ordinary/dense/thread_packet/x2/fraction_lut_warp,16777216,0,1,16777216,16777216,16,512,256,3,0,33,4.9579839706420898,0.15024193850430576,-3268.5850589967913,1
2026-08-16T15:03:54Z,NVIDIA H200 NVL,screen,normal_0_1,dot,lns,lns4_r1,4,2,1,fp64,ordinary,dense,thread_packet,2,32,1,1,2,none,fraction_lut_warp,ordinary/dense/thread_packet/x2/fraction_lut_warp,16777216,0,1,16777216,16777216,16,512,256,3,1,33,4.9537920951843262,0.15011491197528262,-3268.5850589967913,1
2026-08-16T15:03:54Z,NVIDIA H200 NVL,screen,normal_0_1,dot,lns,lns4_r1,4,2,1,fp64,ordinary,dense,thread_packet,2,32,1,1,2,none,fraction_lut_warp,ordinary/dense/thread_packet/x2/fraction_lut_warp,16777216,0,1,16777216,16777216,16,512,256,3,2,33,4.9770879745483398,0.15082084771358606,-3268.5850589967913,1
2026-08-16T15:03:54Z,NVIDIA H200 NVL,screen,normal_0_1,gemv,lns,lns4_r1,4,2,1,fp64,ordinary,dense,thread_packet,2,32,1,1,2,none,fraction_lut_warp,ordinary/dense/thread_packet/x2/fraction_lut_warp,16384,1024,1024,8396800,8396800,16,1024,256,3,0,34,4.8687682151794434,0.14319906515233657,-44.496951672795085,1
2026-08-16T15:03:54Z,NVIDIA H200 NVL,screen,normal_0_1,gemv,lns,lns4_r1,4,2,1,fp64,ordinary,dense,thread_packet,2,32,1,1,2,none,fraction_lut_warp,ordinary/dense/thread_packet/x2/fraction_lut_warp,16384,1024,1024,8396800,8396800,16,1024,256,3,1,34,4.8646078109741211,0.14307670032276826,-44.496951672795085,1
2026-08-16T15:03:54Z,NVIDIA H200 NVL,screen,normal_0_1,gemv,lns,lns4_r1,4,2,1,fp64,ordinary,dense,thread_packet,2,32,1,1,2,none,fraction_lut_warp,ordinary/dense/thread_packet/x2/fraction_lut_warp,16384,1024,1024,8396800,8396800,16,1024,256,3,2,34,4.8619837760925293,0.14299952282625086,-44.496951672795085,1
2026-08-16T15:03:54Z,NVIDIA H200 NVL,screen,normal_0_1,dot,lns,lns4_r1,4,2,1,fp64,ordinary,dense,thread_packet,4,32,1,1,4,none,fraction_lut_warp,ordinary/dense/thread_packet/x4/fraction_lut_warp,16777216,0,1,16777216,16777216,16,512,256,3,0,34,5.0336318016052246,0.14804799416485956,-3268.5850589967913,1
2026-08-16T15:03:54Z,NVIDIA H200 NVL,screen,normal_0_1,dot,lns,lns4_r1,4,2,1,fp64,ordinary,dense,thread_packet,4,32,1,1,4,none,fraction_lut_warp,ordinary/dense/thread_packet/x4/fraction_lut_warp,16777216,0,1,16777216,16777216,16,512,256,3,1,34,5.0376958847045898,0.14816752602072322,-3268.5850589967913,1
2026-08-16T15:03:54Z,NVIDIA H200 NVL,screen,normal_0_1,dot,lns,lns4_r1,4,2,1,fp64,ordinary,dense,thread_packet,4,32,1,1,4,none,fraction_lut_warp,ordinary/dense/thread_packet/x4/fraction_lut_warp,16777216,0,1,16777216,16777216,16,512,256,3,2,34,5.055232048034668,0.14868329553043141,-3268.5850589967913,1
2026-08-16T15:03:54Z,NVIDIA H200 NVL,screen,normal_0_1,gemv,lns,lns4_r1,4,2,1,fp64,ordinary,dense,thread_packet,4,32,1,1,4,none,fraction_lut_warp,ordinary/dense/thread_packet/x4/fraction_lut_warp,16384,1024,1024,8396800,8396800,16,1024,256,3,0,35,4.9554557800292969,0.14158445085797991,-44.496951672795063,1
2026-08-16T15:03:54Z,NVIDIA H200 NVL,screen,normal_0_1,gemv,lns,lns4_r1,4,2,1,fp64,ordinary,dense,thread_packet,4,32,1,1,4,none,fraction_lut_warp,ordinary/dense/thread_packet/x4/fraction_lut_warp,16384,1024,1024,8396800,8396800,16,1024,256,3,1,35,4.957888126373291,0.14165394646780832,-44.496951672795063,1
2026-08-16T15:03:54Z,NVIDIA H200 NVL,screen,normal_0_1,gemv,lns,lns4_r1,4,2,1,fp64,ordinary,dense,thread_packet,4,32,1,1,4,none,fraction_lut_warp,ordinary/dense/thread_packet/x4/fraction_lut_warp,16384,1024,1024,8396800,8396800,16,1024,256,3,2,35,4.9587841033935547,0.14167954581124442,-44.496951672795063,1
2026-08-16T15:03:54Z,NVIDIA H200 NVL,screen,normal_0_1,dot,lns,lns4_r1,4,2,1,fp64,ordinary,dense,thread_packet,8,32,1,1,8,none,fraction_lut_warp,ordinary/dense/thread_packet/x8/fraction_lut_warp,16777216,0,1,16777216,16777216,16,512,256,3,0,37,4.9099202156066895,0.13270054636774836,-3268.5850589967922,1
2026-08-16T15:03:54Z,NVIDIA H200 NVL,screen,normal_0_1,dot,lns,lns4_r1,4,2,1,fp64,ordinary,dense,thread_packet,8,32,1,1,8,none,fraction_lut_warp,ordinary/dense/thread_packet/x8/fraction_lut_warp,16777216,0,1,16777216,16777216,16,512,256,3,1,37,4.9095678329467773,0.13269102251207507,-3268.5850589967922,1
2026-08-16T15:03:54Z,NVIDIA H200 NVL,screen,normal_0_1,dot,lns,lns4_r1,4,2,1,fp64,ordinary,dense,thread_packet,8,32,1,1,8,none,fraction_lut_warp,ordinary/dense/thread_packet/x8/fraction_lut_warp,16777216,0,1,16777216,16777216,16,512,256,3,2,37,4.9205760955810547,0.13298854312381228,-3268.5850589967922,1
2026-08-16T15:03:54Z,NVIDIA H200 NVL,screen,normal_0_1,gemv,lns,lns4_r1,4,2,1,fp64,ordinary,dense,thread_packet,8,32,1,1,8,none,fraction_lut_warp,ordinary/dense/thread_packet/x8/fraction_lut_warp,16384,1024,1024,8396800,8396800,16,1024,256,3,0,37,4.9866561889648438,0.13477449159364444,-44.496951672795099,1
2026-08-16T15:03:54Z,NVIDIA H200 NVL,screen,normal_0_1,gemv,lns,lns4_r1,4,2,1,fp64,ordinary,dense,thread_packet,8,32,1,1,8,none,fraction_lut_warp,ordinary/dense/thread_packet/x8/fraction_lut_warp,16384,1024,1024,8396800,8396800,16,1024,256,3,1,37,4.9871678352355957,0.13478831987123233,-44.496951672795099,1
2026-08-16T15:03:54Z,NVIDIA H200 NVL,screen,normal_0_1,gemv,lns,lns4_r1,4,2,1,fp64,ordinary,dense,thread_packet,8,32,1,1,8,none,fraction_lut_warp,ordinary/dense/thread_packet/x8/fraction_lut_warp,16384,1024,1024,8396800,8396800,16,1024,256,3,2,37,4.9767041206359863,0.13450551677394557,-44.496951672795099,1
2026-08-16T15:03:54Z,NVIDIA H200 NVL,screen,normal_0_1,dot,lns,lns4_r1,4,2,1,fp64,ordinary,padded,thread_packet,2,8,1,1,2,none,fraction_lut_warp,ordinary/padded/thread_packet/x2/fraction_lut_warp,16777216,0,1,16777216,33554432,16,512,256,3,0,36,4.963007926940918,0.1378613313039144,-3268.5850589967913,1
2026-08-16T15:03:54Z,NVIDIA H200 NVL,screen,normal_0_1,dot,lns,lns4_r1,4,2,1,fp64,ordinary,padded,thread_packet,2,8,1,1,2,none,fraction_lut_warp,ordinary/padded/thread_packet/x2/fraction_lut_warp,16777216,0,1,16777216,33554432,16,512,256,3,1,36,4.960319995880127,0.13778666655222574,-3268.5850589967913,1
2026-08-16T15:03:54Z,NVIDIA H200 NVL,screen,normal_0_1,dot,lns,lns4_r1,4,2,1,fp64,ordinary,padded,thread_packet,2,8,1,1,2,none,fraction_lut_warp,ordinary/padded/thread_packet/x2/fraction_lut_warp,16777216,0,1,16777216,33554432,16,512,256,3,2,36,4.9625282287597656,0.13784800635443795,-3268.5850589967913,1
2026-08-16T15:03:54Z,NVIDIA H200 NVL,screen,normal_0_1,gemv,lns,lns4_r1,4,2,1,fp64,ordinary,padded,thread_packet,2,8,1,1,2,none,fraction_lut_warp,ordinary/padded/thread_packet/x2/fraction_lut_warp,16384,1024,1024,8396800,16793600,16,1024,256,3,0,40,4.966559886932373,0.12416399717330932,-44.496951672795085,1
2026-08-16T15:03:54Z,NVIDIA H200 NVL,screen,normal_0_1,gemv,lns,lns4_r1,4,2,1,fp64,ordinary,padded,thread_packet,2,8,1,1,2,none,fraction_lut_warp,ordinary/padded/thread_packet/x2/fraction_lut_warp,16384,1024,1024,8396800,16793600,16,1024,256,3,1,40,4.9689598083496094,0.12422399520874024,-44.496951672795085,1
2026-08-16T15:03:54Z,NVIDIA H200 NVL,screen,normal_0_1,gemv,lns,lns4_r1,4,2,1,fp64,ordinary,padded,thread_packet,2,8,1,1,2,none,fraction_lut_warp,ordinary/padded/thread_packet/x2/fraction_lut_warp,16384,1024,1024,8396800,16793600,16,1024,256,3,2,40,4.9699521064758301,0.12424880266189575,-44.496951672795085,1
2026-08-16T15:03:54Z,NVIDIA H200 NVL,screen,normal_0_1,dot,lns,lns4_r1,4,2,1,fp64,ordinary,padded,thread_packet,4,8,1,1,4,none,fraction_lut_warp,ordinary/padded/thread_packet/x4/fraction_lut_warp,16777216,0,1,16777216,33554432,16,512,256,3,0,37,4.9582400321960449,0.13400648735664986,-3268.5850589967913,1
2026-08-16T15:03:54Z,NVIDIA H200 NVL,screen,normal_0_1,dot,lns,lns4_r1,4,2,1,fp64,ordinary,padded,thread_packet,4,8,1,1,4,none,fraction_lut_warp,ordinary/padded/thread_packet/x4/fraction_lut_warp,16777216,0,1,16777216,33554432,16,512,256,3,1,37,4.9445757865905762,0.13363718342136693,-3268.5850589967913,1
2026-08-16T15:03:54Z,NVIDIA H200 NVL,screen,normal_0_1,dot,lns,lns4_r1,4,2,1,fp64,ordinary,padded,thread_packet,4,8,1,1,4,none,fraction_lut_warp,ordinary/padded/thread_packet/x4/fraction_lut_warp,16777216,0,1,16777216,33554432,16,512,256,3,2,37,4.9462718963623047,0.13368302422600822,-3268.5850589967913,1
2026-08-16T15:03:54Z,NVIDIA H200 NVL,screen,normal_0_1,gemv,lns,lns4_r1,4,2,1,fp64,ordinary,padded,thread_packet,4,8,1,1,4,none,fraction_lut_warp,ordinary/padded/thread_packet/x4/fraction_lut_warp,16384,1024,1024,8396800,16793600,16,1024,256,3,0,41,4.9793920516967773,0.12144858662675066,-44.496951672795063,1
2026-08-16T15:03:54Z,NVIDIA H200 NVL,screen,normal_0_1,gemv,lns,lns4_r1,4,2,1,fp64,ordinary,padded,thread_packet,4,8,1,1,4,none,fraction_lut_warp,ordinary/padded/thread_packet/x4/fraction_lut_warp,16384,1024,1024,8396800,16793600,16,1024,256,3,1,41,4.9767041206359863,0.12138302733258503,-44.496951672795063,1
2026-08-16T15:03:54Z,NVIDIA H200 NVL,screen,normal_0_1,gemv,lns,lns4_r1,4,2,1,fp64,ordinary,padded,thread_packet,4,8,1,1,4,none,fraction_lut_warp,ordinary/padded/thread_packet/x4/fraction_lut_warp,16384,1024,1024,8396800,16793600,16,1024,256,3,2,41,4.9774718284606934,0.12140175191367544,-44.496951672795063,1
2026-08-16T15:03:54Z,NVIDIA H200 NVL,screen,normal_0_1,dot,lns,lns4_r1,4,2,1,fp64,ordinary,padded,thread_packet,8,8,1,1,8,none,fraction_lut_warp,ordinary/padded/thread_packet/x8/fraction_lut_warp,16777216,0,1,16777216,33554432,16,512,256,3,0,37,4.9279680252075195,0.13318832500560865,-3268.5850589967922,1
2026-08-16T15:03:54Z,NVIDIA H200 NVL,screen,normal_0_1,dot,lns,lns4_r1,4,2,1,fp64,ordinary,padded,thread_packet,8,8,1,1,8,none,fraction_lut_warp,ordinary/padded/thread_packet/x8/fraction_lut_warp,16777216,0,1,16777216,33554432,16,512,256,3,1,37,4.9274239540100098,0.13317362037864891,-3268.5850589967922,1
2026-08-16T15:03:54Z,NVIDIA H200 NVL,screen,normal_0_1,dot,lns,lns4_r1,4,2,1,fp64,ordinary,padded,thread_packet,8,8,1,1,8,none,fraction_lut_warp,ordinary/padded/thread_packet/x8/fraction_lut_warp,16777216,0,1,16777216,33554432,16,512,256,3,2,37,4.9264001846313477,0.13314595093598236,-3268.5850589967922,1
2026-08-16T15:03:54Z,NVIDIA H200 NVL,screen,normal_0_1,gemv,lns,lns4_r1,4,2,1,fp64,ordinary,padded,thread_packet,8,8,1,1,8,none,fraction_lut_warp,ordinary/padded/thread_packet/x8/fraction_lut_warp,16384,1024,1024,8396800,16793600,16,1024,256,3,0,41,4.9279041290283203,0.12019278363483708,-44.496951672795099,1
2026-08-16T15:03:54Z,NVIDIA H200 NVL,screen,normal_0_1,gemv,lns,lns4_r1,4,2,1,fp64,ordinary,padded,thread_packet,8,8,1,1,8,none,fraction_lut_warp,ordinary/padded/thread_packet/x8/fraction_lut_warp,16384,1024,1024,8396800,16793600,16,1024,256,3,1,41,4.9301438331604004,0.12024741056488782,-44.496951672795099,1
2026-08-16T15:03:54Z,NVIDIA H200 NVL,screen,normal_0_1,gemv,lns,lns4_r1,4,2,1,fp64,ordinary,padded,thread_packet,8,8,1,1,8,none,fraction_lut_warp,ordinary/padded/thread_packet/x8/fraction_lut_warp,16384,1024,1024,8396800,16793600,16,1024,256,3,2,41,4.928192138671875,0.12019980826028963,-44.496951672795099,1
2026-08-16T15:03:54Z,NVIDIA H200 NVL,screen,normal_0_1,dot,lns,lns4_r1,4,2,1,fp64,ordinary,dense,cooperative_shuffle,8,32,1,8,1,warp_shuffle,fraction_lut_warp,ordinary/dense/cooperative_shuffle/x8/fraction_lut_warp,16777216,0,1,16777216,16777216,16,512,256,3,0,30,4.9399361610412598,0.16466453870137532,-3268.5850589967913,1
2026-08-16T15:03:54Z,NVIDIA H200 NVL,screen,normal_0_1,dot,lns,lns4_r1,4,2,1,fp64,ordinary,dense,cooperative_shuffle,8,32,1,8,1,warp_shuffle,fraction_lut_warp,ordinary/dense/cooperative_shuffle/x8/fraction_lut_warp,16777216,0,1,16777216,16777216,16,512,256,3,1,30,4.9402241706848145,0.16467413902282715,-3268.5850589967913,1
2026-08-16T15:03:54Z,NVIDIA H200 NVL,screen,normal_0_1,dot,lns,lns4_r1,4,2,1,fp64,ordinary,dense,cooperative_shuffle,8,32,1,8,1,warp_shuffle,fraction_lut_warp,ordinary/dense/cooperative_shuffle/x8/fraction_lut_warp,16777216,0,1,16777216,16777216,16,512,256,3,2,30,4.9402561187744141,0.16467520395914714,-3268.5850589967913,1
2026-08-16T15:03:54Z,NVIDIA H200 NVL,screen,normal_0_1,gemv,lns,lns4_r1,4,2,1,fp64,ordinary,dense,cooperative_shuffle,8,32,1,8,1,warp_shuffle,fraction_lut_warp,ordinary/dense/cooperative_shuffle/x8/fraction_lut_warp,16384,1024,1024,8396800,8396800,16,1024,256,3,0,34,4.9385919570922852,0.14525270462036133,-44.496951672795078,1
2026-08-16T15:03:54Z,NVIDIA H200 NVL,screen,normal_0_1,gemv,lns,lns4_r1,4,2,1,fp64,ordinary,dense,cooperative_shuffle,8,32,1,8,1,warp_shuffle,fraction_lut_warp,ordinary/dense/cooperative_shuffle/x8/fraction_lut_warp,16384,1024,1024,8396800,8396800,16,1024,256,3,1,34,4.9394879341125488,0.1452790568856632,-44.496951672795078,1
2026-08-16T15:03:54Z,NVIDIA H200 NVL,screen,normal_0_1,gemv,lns,lns4_r1,4,2,1,fp64,ordinary,dense,cooperative_shuffle,8,32,1,8,1,warp_shuffle,fraction_lut_warp,ordinary/dense/cooperative_shuffle/x8/fraction_lut_warp,16384,1024,1024,8396800,8396800,16,1024,256,3,2,34,4.9370241165161133,0.14520659166223862,-44.496951672795078,1
2026-08-16T15:03:54Z,NVIDIA H200 NVL,screen,normal_0_1,dot,lns,lns4_r1,4,2,1,fp64,fused,dense,scalar,1,32,1,1,1,none,fraction_lut_warp,fused/dense/scalar/x1/fraction_lut_warp,16777216,0,1,16777216,16777216,16,512,256,3,0,41,4.9336318969726562,0.12033248529201601,-3268.5850589967922,1
2026-08-16T15:03:54Z,NVIDIA H200 NVL,screen,normal_0_1,dot,lns,lns4_r1,4,2,1,fp64,fused,dense,scalar,1,32,1,1,1,none,fraction_lut_warp,fused/dense/scalar/x1/fraction_lut_warp,16777216,0,1,16777216,16777216,16,512,256,3,1,41,4.9331841468811035,0.12032156455807569,-3268.5850589967922,1
2026-08-16T15:03:54Z,NVIDIA H200 NVL,screen,normal_0_1,dot,lns,lns4_r1,4,2,1,fp64,fused,dense,scalar,1,32,1,1,1,none,fraction_lut_warp,fused/dense/scalar/x1/fraction_lut_warp,16777216,0,1,16777216,16777216,16,512,256,3,2,41,4.9377918243408203,0.12043394693514196,-3268.5850589967922,1
2026-08-16T15:03:54Z,NVIDIA H200 NVL,screen,normal_0_1,gemv,lns,lns4_r1,4,2,1,fp64,fused,dense,scalar,1,32,1,1,1,none,fraction_lut_warp,fused/dense/scalar/x1/fraction_lut_warp,16384,1024,1024,8396800,8396800,16,1024,256,3,0,43,4.9708480834960938,0.11560111822083939,-44.496951672795092,1
2026-08-16T15:03:54Z,NVIDIA H200 NVL,screen,normal_0_1,gemv,lns,lns4_r1,4,2,1,fp64,fused,dense,scalar,1,32,1,1,1,none,fraction_lut_warp,fused/dense/scalar/x1/fraction_lut_warp,16384,1024,1024,8396800,8396800,16,1024,256,3,1,43,4.9715518951416016,0.11561748593352562,-44.496951672795092,1
2026-08-16T15:03:54Z,NVIDIA H200 NVL,screen,normal_0_1,gemv,lns,lns4_r1,4,2,1,fp64,fused,dense,scalar,1,32,1,1,1,none,fraction_lut_warp,fused/dense/scalar/x1/fraction_lut_warp,16384,1024,1024,8396800,8396800,16,1024,256,3,2,43,4.9690561294555664,0.11555944487105968,-44.496951672795092,1
2026-08-16T15:03:54Z,NVIDIA H200 NVL,screen,normal_0_1,dot,lns,lns4_r1,4,2,1,fp64,fused,padded,scalar,1,8,1,1,1,none,fraction_lut_warp,fused/padded/scalar/x1/fraction_lut_warp,16777216,0,1,16777216,33554432,16,512,256,3,0,45,4.9223041534423828,0.10938453674316406,-3268.5850589967922,1
2026-08-16T15:03:54Z,NVIDIA H200 NVL,screen,normal_0_1,dot,lns,lns4_r1,4,2,1,fp64,fused,padded,scalar,1,8,1,1,1,none,fraction_lut_warp,fused/padded/scalar/x1/fraction_lut_warp,16777216,0,1,16777216,33554432,16,512,256,3,1,45,4.9208002090454102,0.10935111575656467,-3268.5850589967922,1
2026-08-16T15:03:54Z,NVIDIA H200 NVL,screen,normal_0_1,dot,lns,lns4_r1,4,2,1,fp64,fused,padded,scalar,1,8,1,1,1,none,fraction_lut_warp,fused/padded/scalar/x1/fraction_lut_warp,16777216,0,1,16777216,33554432,16,512,256,3,2,45,4.9224638938903809,0.10938808653089735,-3268.5850589967922,1
2026-08-16T15:03:54Z,NVIDIA H200 NVL,screen,normal_0_1,gemv,lns,lns4_r1,4,2,1,fp64,fused,padded,scalar,1,8,1,1,1,none,fraction_lut_warp,fused/padded/scalar/x1/fraction_lut_warp,16384,1024,1024,8396800,16793600,16,1024,256,3,0,49,4.969696044921875,0.10142236826371173,-44.496951672795092,1
2026-08-16T15:03:54Z,NVIDIA H200 NVL,screen,normal_0_1,gemv,lns,lns4_r1,4,2,1,fp64,fused,padded,scalar,1,8,1,1,1,none,fraction_lut_warp,fused/padded/scalar/x1/fraction_lut_warp,16384,1024,1024,8396800,16793600,16,1024,256,3,1,49,4.9793601036071777,0.10161959395116689,-44.496951672795092,1
2026-08-16T15:03:54Z,NVIDIA H200 NVL,screen,normal_0_1,gemv,lns,lns4_r1,4,2,1,fp64,fused,padded,scalar,1,8,1,1,1,none,fraction_lut_warp,fused/padded/scalar/x1/fraction_lut_warp,16384,1024,1024,8396800,16793600,16,1024,256,3,2,49,4.9721598625183105,0.10147265025547572,-44.496951672795092,1
2026-08-16T15:03:54Z,NVIDIA H200 NVL,screen,normal_0_1,dot,lns,lns4_r1,4,2,1,fp64,fused,dense,thread_packet,2,32,1,1,2,none,fraction_lut_warp,fused/dense/thread_packet/x2/fraction_lut_warp,16777216,0,1,16777216,16777216,16,512,256,3,0,42,4.9143362045288086,0.11700800486973353,-3268.5850589967908,1
2026-08-16T15:03:54Z,NVIDIA H200 NVL,screen,normal_0_1,dot,lns,lns4_r1,4,2,1,fp64,fused,dense,thread_packet,2,32,1,1,2,none,fraction_lut_warp,fused/dense/thread_packet/x2/fraction_lut_warp,16777216,0,1,16777216,16777216,16,512,256,3,1,42,4.9138879776000977,0.11699733280000232,-3268.5850589967908,1
2026-08-16T15:03:54Z,NVIDIA H200 NVL,screen,normal_0_1,dot,lns,lns4_r1,4,2,1,fp64,fused,dense,thread_packet,2,32,1,1,2,none,fraction_lut_warp,fused/dense/thread_packet/x2/fraction_lut_warp,16777216,0,1,16777216,16777216,16,512,256,3,2,42,4.9167361259460449,0.11706514585585821,-3268.5850589967908,1
2026-08-16T15:03:54Z,NVIDIA H200 NVL,screen,normal_0_1,gemv,lns,lns4_r1,4,2,1,fp64,fused,dense,thread_packet,2,32,1,1,2,none,fraction_lut_warp,fused/dense/thread_packet/x2/fraction_lut_warp,16384,1024,1024,8396800,8396800,16,1024,256,3,0,43,4.9270401000976562,0.11458232790924781,-44.49695167279507,1
2026-08-16T15:03:54Z,NVIDIA H200 NVL,screen,normal_0_1,gemv,lns,lns4_r1,4,2,1,fp64,fused,dense,thread_packet,2,32,1,1,2,none,fraction_lut_warp,fused/dense/thread_packet/x2/fraction_lut_warp,16384,1024,1024,8396800,8396800,16,1024,256,3,1,43,4.927584171295166,0.11459498072779456,-44.49695167279507,1
2026-08-16T15:03:54Z,NVIDIA H200 NVL,screen,normal_0_1,gemv,lns,lns4_r1,4,2,1,fp64,fused,dense,thread_packet,2,32,1,1,2,none,fraction_lut_warp,fused/dense/thread_packet/x2/fraction_lut_warp,16384,1024,1024,8396800,8396800,16,1024,256,3,2,43,4.927584171295166,0.11459498072779456,-44.49695167279507,1
2026-08-16T15:03:54Z,NVIDIA H200 NVL,screen,normal_0_1,dot,lns,lns4_r1,4,2,1,fp64,fused,dense,thread_packet,4,32,1,1,4,none,fraction_lut_warp,fused/dense/thread_packet/x4/fraction_lut_warp,16777216,0,1,16777216,16777216,16,512,256,3,0,43,4.9341440200805664,0.11474753535071085,-3268.5850589967922,1
2026-08-16T15:03:54Z,NVIDIA H200 NVL,screen,normal_0_1,dot,lns,lns4_r1,4,2,1,fp64,fused,dense,thread_packet,4,32,1,1,4,none,fraction_lut_warp,fused/dense/thread_packet/x4/fraction_lut_warp,16777216,0,1,16777216,16777216,16,512,256,3,1,43,4.9430398941040039,0.11495441614195358,-3268.5850589967922,1
2026-08-16T15:03:54Z,NVIDIA H200 NVL,screen,normal_0_1,dot,lns,lns4_r1,4,2,1,fp64,fused,dense,thread_packet,4,32,1,1,4,none,fraction_lut_warp,fused/dense/thread_packet/x4/fraction_lut_warp,16777216,0,1,16777216,16777216,16,512,256,3,2,43,4.9480319023132324,0.11507050935612169,-3268.5850589967922,1
2026-08-16T15:03:54Z,NVIDIA H200 NVL,screen,normal_0_1,gemv,lns,lns4_r1,4,2,1,fp64,fused,dense,thread_packet,4,32,1,1,4,none,fraction_lut_warp,fused/dense/thread_packet/x4/fraction_lut_warp,16384,1024,1024,8396800,8396800,16,1024,256,3,0,44,4.9803519248962402,0.11318981647491455,-44.496951672795035,1
2026-08-16T15:03:54Z,NVIDIA H200 NVL,screen,normal_0_1,gemv,lns,lns4_r1,4,2,1,fp64,fused,dense,thread_packet,4,32,1,1,4,none,fraction_lut_warp,fused/dense/thread_packet/x4/fraction_lut_warp,16384,1024,1024,8396800,8396800,16,1024,256,3,1,44,4.9790401458740234,0.11316000331531871,-44.496951672795035,1
2026-08-16T15:03:54Z,NVIDIA H200 NVL,screen,normal_0_1,gemv,lns,lns4_r1,4,2,1,fp64,fused,dense,thread_packet,4,32,1,1,4,none,fraction_lut_warp,fused/dense/thread_packet/x4/fraction_lut_warp,16384,1024,1024,8396800,8396800,16,1024,256,3,2,44,4.9808320999145508,0.11320072954351251,-44.496951672795035,1
2026-08-16T15:03:54Z,NVIDIA H200 NVL,screen,normal_0_1,dot,lns,lns4_r1,4,2,1,fp64,fused,dense,thread_packet,8,32,1,1,8,none,fraction_lut_warp,fused/dense/thread_packet/x8/fraction_lut_warp,16777216,0,1,16777216,16777216,16,512,256,3,0,49,4.9522237777709961,0.10106579138308155,-3268.5850589967927,1
2026-08-16T15:03:54Z,NVIDIA H200 NVL,screen,normal_0_1,dot,lns,lns4_r1,4,2,1,fp64,fused,dense,thread_packet,8,32,1,1,8,none,fraction_lut_warp,fused/dense/thread_packet/x8/fraction_lut_warp,16777216,0,1,16777216,16777216,16,512,256,3,1,49,4.9495677947998047,0.10101158764897561,-3268.5850589967927,1
2026-08-16T15:03:54Z,NVIDIA H200 NVL,screen,normal_0_1,dot,lns,lns4_r1,4,2,1,fp64,fused,dense,thread_packet,8,32,1,1,8,none,fraction_lut_warp,fused/dense/thread_packet/x8/fraction_lut_warp,16777216,0,1,16777216,16777216,16,512,256,3,2,49,4.9488959312438965,0.10099787614783462,-3268.5850589967927,1
2026-08-16T15:03:54Z,NVIDIA H200 NVL,screen,normal_0_1,gemv,lns,lns4_r1,4,2,1,fp64,fused,dense,thread_packet,8,32,1,1,8,none,fraction_lut_warp,fused/dense/thread_packet/x8/fraction_lut_warp,16384,1024,1024,8396800,8396800,16,1024,256,3,0,46,4.9606399536132812,0.10783999899159306,-44.496951672795063,1
2026-08-16T15:03:54Z,NVIDIA H200 NVL,screen,normal_0_1,gemv,lns,lns4_r1,4,2,1,fp64,fused,dense,thread_packet,8,32,1,1,8,none,fraction_lut_warp,fused/dense/thread_packet/x8/fraction_lut_warp,16384,1024,1024,8396800,8396800,16,1024,256,3,1,46,4.9623041152954102,0.10787617641946544,-44.496951672795063,1
2026-08-16T15:03:54Z,NVIDIA H200 NVL,screen,normal_0_1,gemv,lns,lns4_r1,4,2,1,fp64,fused,dense,thread_packet,8,32,1,1,8,none,fraction_lut_warp,fused/dense/thread_packet/x8/fraction_lut_warp,16384,1024,1024,8396800,8396800,16,1024,256,3,2,46,4.9594240188598633,0.10781356562738834,-44.496951672795063,1
2026-08-16T15:03:54Z,NVIDIA H200 NVL,screen,normal_0_1,dot,lns,lns4_r1,4,2,1,fp64,fused,padded,thread_packet,2,8,1,1,2,none,fraction_lut_warp,fused/padded/thread_packet/x2/fraction_lut_warp,16777216,0,1,16777216,33554432,16,512,256,3,0,46,4.951200008392334,0.1076347827911377,-3268.5850589967908,1
2026-08-16T15:03:54Z,NVIDIA H200 NVL,screen,normal_0_1,dot,lns,lns4_r1,4,2,1,fp64,fused,padded,thread_packet,2,8,1,1,2,none,fraction_lut_warp,fused/padded/thread_packet/x2/fraction_lut_warp,16777216,0,1,16777216,33554432,16,512,256,3,1,46,4.9511041641235352,0.10763269922007686,-3268.5850589967908,1
2026-08-16T15:03:54Z,NVIDIA H200 NVL,screen,normal_0_1,dot,lns,lns4_r1,4,2,1,fp64,fused,padded,thread_packet,2,8,1,1,2,none,fraction_lut_warp,fused/padded/thread_packet/x2/fraction_lut_warp,16777216,0,1,16777216,33554432,16,512,256,3,2,46,4.9420480728149414,0.10743582766989003,-3268.5850589967908,1
2026-08-16T15:03:54Z,NVIDIA H200 NVL,screen,normal_0_1,gemv,lns,lns4_r1,4,2,1,fp64,fused,padded,thread_packet,2,8,1,1,2,none,fraction_lut_warp,fused/padded/thread_packet/x2/fraction_lut_warp,16384,1024,1024,8396800,16793600,16,1024,256,3,0,50,4.9115519523620605,0.098231039047241217,-44.49695167279507,1
2026-08-16T15:03:54Z,NVIDIA H200 NVL,screen,normal_0_1,gemv,lns,lns4_r1,4,2,1,fp64,fused,padded,thread_packet,2,8,1,1,2,none,fraction_lut_warp,fused/padded/thread_packet/x2/fraction_lut_warp,16384,1024,1024,8396800,16793600,16,1024,256,3,1,50,4.9126720428466797,0.098253440856933591,-44.49695167279507,1
2026-08-16T15:03:54Z,NVIDIA H200 NVL,screen,normal_0_1,gemv,lns,lns4_r1,4,2,1,fp64,fused,padded,thread_packet,2,8,1,1,2,none,fraction_lut_warp,fused/padded/thread_packet/x2/fraction_lut_warp,16384,1024,1024,8396800,16793600,16,1024,256,3,2,50,4.9097919464111328,0.098195838928222659,-44.49695167279507,1
2026-08-16T15:03:54Z,NVIDIA H200 NVL,screen,normal_0_1,dot,lns,lns4_r1,4,2,1,fp64,fused,padded,thread_packet,4,8,1,1,4,none,fraction_lut_warp,fused/padded/thread_packet/x4/fraction_lut_warp,16777216,0,1,16777216,33554432,16,512,256,3,0,47,4.9187197685241699,0.10465361209625894,-3268.5850589967922,1
2026-08-16T15:03:54Z,NVIDIA H200 NVL,screen,normal_0_1,dot,lns,lns4_r1,4,2,1,fp64,fused,padded,thread_packet,4,8,1,1,4,none,fraction_lut_warp,fused/padded/thread_packet/x4/fraction_lut_warp,16777216,0,1,16777216,33554432,16,512,256,3,1,47,4.9205441474914551,0.10469242867003097,-3268.5850589967922,1
2026-08-16T15:03:54Z,NVIDIA H200 NVL,screen,normal_0_1,dot,lns,lns4_r1,4,2,1,fp64,fused,padded,thread_packet,4,8,1,1,4,none,fraction_lut_warp,fused/padded/thread_packet/x4/fraction_lut_warp,16777216,0,1,16777216,33554432,16,512,256,3,2,47,4.9174399375915527,0.1046263816508841,-3268.5850589967922,1
2026-08-16T15:03:54Z,NVIDIA H200 NVL,screen,normal_0_1,gemv,lns,lns4_r1,4,2,1,fp64,fused,padded,thread_packet,4,8,1,1,4,none,fraction_lut_warp,fused/padded/thread_packet/x4/fraction_lut_warp,16384,1024,1024,8396800,16793600,16,1024,256,3,0,52,4.9391999244689941,0.094984613932096035,-44.496951672795035,1
2026-08-16T15:03:54Z,NVIDIA H200 NVL,screen,normal_0_1,gemv,lns,lns4_r1,4,2,1,fp64,fused,padded,thread_packet,4,8,1,1,4,none,fraction_lut_warp,fused/padded/thread_packet/x4/fraction_lut_warp,16384,1024,1024,8396800,16793600,16,1024,256,3,1,52,4.9334721565246582,0.094874464548551113,-44.496951672795035,1
2026-08-16T15:03:54Z,NVIDIA H200 NVL,screen,normal_0_1,gemv,lns,lns4_r1,4,2,1,fp64,fused,padded,thread_packet,4,8,1,1,4,none,fraction_lut_warp,fused/padded/thread_packet/x4/fraction_lut_warp,16384,1024,1024,8396800,16793600,16,1024,256,3,2,52,4.9331521987915039,0.094868311515221224,-44.496951672795035,1
2026-08-16T15:03:54Z,NVIDIA H200 NVL,screen,normal_0_1,dot,lns,lns4_r1,4,2,1,fp64,fused,padded,thread_packet,8,8,1,1,8,none,fraction_lut_warp,fused/padded/thread_packet/x8/fraction_lut_warp,16777216,0,1,16777216,33554432,16,512,256,3,0,48,4.9212799072265625,0.10252666473388672,-3268.5850589967927,1
2026-08-16T15:03:54Z,NVIDIA H200 NVL,screen,normal_0_1,dot,lns,lns4_r1,4,2,1,fp64,fused,padded,thread_packet,8,8,1,1,8,none,fraction_lut_warp,fused/padded/thread_packet/x8/fraction_lut_warp,16777216,0,1,16777216,33554432,16,512,256,3,1,48,4.9200959205627441,0.10250199834505717,-3268.5850589967927,1
2026-08-16T15:03:54Z,NVIDIA H200 NVL,screen,normal_0_1,dot,lns,lns4_r1,4,2,1,fp64,fused,padded,thread_packet,8,8,1,1,8,none,fraction_lut_warp,fused/padded/thread_packet/x8/fraction_lut_warp,16777216,0,1,16777216,33554432,16,512,256,3,2,48,4.9212160110473633,0.10252533356348674,-3268.5850589967927,1
2026-08-16T15:03:54Z,NVIDIA H200 NVL,screen,normal_0_1,gemv,lns,lns4_r1,4,2,1,fp64,fused,padded,thread_packet,8,8,1,1,8,none,fraction_lut_warp,fused/padded/thread_packet/x8/fraction_lut_warp,16384,1024,1024,8396800,16793600,16,1024,256,3,0,53,4.9461121559143066,0.093322870866307667,-44.496951672795063,1
2026-08-16T15:03:54Z,NVIDIA H200 NVL,screen,normal_0_1,gemv,lns,lns4_r1,4,2,1,fp64,fused,padded,thread_packet,8,8,1,1,8,none,fraction_lut_warp,fused/padded/thread_packet/x8/fraction_lut_warp,16384,1024,1024,8396800,16793600,16,1024,256,3,1,53,4.9448962211608887,0.093299928701148838,-44.496951672795063,1
2026-08-16T15:03:54Z,NVIDIA H200 NVL,screen,normal_0_1,gemv,lns,lns4_r1,4,2,1,fp64,fused,padded,thread_packet,8,8,1,1,8,none,fraction_lut_warp,fused/padded/thread_packet/x8/fraction_lut_warp,16384,1024,1024,8396800,16793600,16,1024,256,3,2,53,4.9462718963623047,0.093325884837024614,-44.496951672795063,1
2026-08-16T15:03:54Z,NVIDIA H200 NVL,screen,normal_0_1,dot,lns,lns4_r1,4,2,1,fp64,fused,dense,cooperative_shuffle,8,32,1,8,1,warp_shuffle,fraction_lut_warp,fused/dense/cooperative_shuffle/x8/fraction_lut_warp,16777216,0,1,16777216,16777216,16,512,256,3,0,38,5.0093441009521484,0.13182484476189865,-3268.5850589967922,1
2026-08-16T15:03:54Z,NVIDIA H200 NVL,screen,normal_0_1,dot,lns,lns4_r1,4,2,1,fp64,fused,dense,cooperative_shuffle,8,32,1,8,1,warp_shuffle,fraction_lut_warp,fused/dense/cooperative_shuffle/x8/fraction_lut_warp,16777216,0,1,16777216,16777216,16,512,256,3,1,38,5.0050239562988281,0.13171115674470601,-3268.5850589967922,1
2026-08-16T15:03:54Z,NVIDIA H200 NVL,screen,normal_0_1,dot,lns,lns4_r1,4,2,1,fp64,fused,dense,cooperative_shuffle,8,32,1,8,1,warp_shuffle,fraction_lut_warp,fused/dense/cooperative_shuffle/x8/fraction_lut_warp,16777216,0,1,16777216,16777216,16,512,256,3,2,38,5.0195198059082031,0.13209262647126851,-3268.5850589967922,1
2026-08-16T15:03:54Z,NVIDIA H200 NVL,screen,normal_0_1,gemv,lns,lns4_r1,4,2,1,fp64,fused,dense,cooperative_shuffle,8,32,1,8,1,warp_shuffle,fraction_lut_warp,fused/dense/cooperative_shuffle/x8/fraction_lut_warp,16384,1024,1024,8396800,8396800,16,1024,256,3,0,42,4.926976203918457,0.11730895723615374,-44.496951672795092,1
2026-08-16T15:03:54Z,NVIDIA H200 NVL,screen,normal_0_1,gemv,lns,lns4_r1,4,2,1,fp64,fused,dense,cooperative_shuffle,8,32,1,8,1,warp_shuffle,fraction_lut_warp,fused/dense/cooperative_shuffle/x8/fraction_lut_warp,16384,1024,1024,8396800,8396800,16,1024,256,3,1,42,4.9269437789916992,0.11730818521408808,-44.496951672795092,1
2026-08-16T15:03:54Z,NVIDIA H200 NVL,screen,normal_0_1,gemv,lns,lns4_r1,4,2,1,fp64,fused,dense,cooperative_shuffle,8,32,1,8,1,warp_shuffle,fraction_lut_warp,fused/dense/cooperative_shuffle/x8/fraction_lut_warp,16384,1024,1024,8396800,8396800,16,1024,256,3,2,42,4.9359040260314941,0.11752152442932129,-44.496951672795092,1
2026-08-16T15:03:54Z,NVIDIA H200 NVL,screen,normal_0_1,dot,lns,lns4_r1,4,2,1,fp64,fused,dense,scalar,1,32,1,1,1,none,pair_lut_global,fused/dense/scalar/x1/pair_lut_global,16777216,0,1,16777216,16777216,2048,512,256,3,0,113,4.8169918060302734,0.042628246071064364,-3268.5850589967922,1
2026-08-16T15:03:54Z,NVIDIA H200 NVL,screen,normal_0_1,dot,lns,lns4_r1,4,2,1,fp64,fused,dense,scalar,1,32,1,1,1,none,pair_lut_global,fused/dense/scalar/x1/pair_lut_global,16777216,0,1,16777216,16777216,2048,512,256,3,1,113,4.8038721084594727,0.042512142552738698,-3268.5850589967922,1
2026-08-16T15:03:54Z,NVIDIA H200 NVL,screen,normal_0_1,dot,lns,lns4_r1,4,2,1,fp64,fused,dense,scalar,1,32,1,1,1,none,pair_lut_global,fused/dense/scalar/x1/pair_lut_global,16777216,0,1,16777216,16777216,2048,512,256,3,2,113,4.8145279884338379,0.042606442375520692,-3268.5850589967922,1
2026-08-16T15:03:54Z,NVIDIA H200 NVL,screen,normal_0_1,gemv,lns,lns4_r1,4,2,1,fp64,fused,dense,scalar,1,32,1,1,1,none,pair_lut_global,fused/dense/scalar/x1/pair_lut_global,16384,1024,1024,8396800,8396800,2048,1024,256,3,0,114,4.7676801681518555,0.041821755860981191,-44.496951672795092,1
2026-08-16T15:03:54Z,NVIDIA H200 NVL,screen,normal_0_1,gemv,lns,lns4_r1,4,2,1,fp64,fused,dense,scalar,1,32,1,1,1,none,pair_lut_global,fused/dense/scalar/x1/pair_lut_global,16384,1024,1024,8396800,8396800,2048,1024,256,3,1,114,4.7693119049072266,0.041836069341291464,-44.496951672795092,1
2026-08-16T15:03:54Z,NVIDIA H200 NVL,screen,normal_0_1,gemv,lns,lns4_r1,4,2,1,fp64,fused,dense,scalar,1,32,1,1,1,none,pair_lut_global,fused/dense/scalar/x1/pair_lut_global,16384,1024,1024,8396800,8396800,2048,1024,256,3,2,114,4.7711358070373535,0.041852068482783805,-44.496951672795092,1
2026-08-16T15:03:54Z,NVIDIA H200 NVL,screen,normal_0_1,dot,lns,lns4_r1,4,2,1,fp64,fused,padded,scalar,1,8,1,1,1,none,pair_lut_global,fused/padded/scalar/x1/pair_lut_global,16777216,0,1,16777216,33554432,2048,512,256,3,0,127,4.7353601455688477,0.037286300358809824,-3268.5850589967922,1
2026-08-16T15:03:54Z,NVIDIA H200 NVL,screen,normal_0_1,dot,lns,lns4_r1,4,2,1,fp64,fused,padded,scalar,1,8,1,1,1,none,pair_lut_global,fused/padded/scalar/x1/pair_lut_global,16777216,0,1,16777216,33554432,2048,512,256,3,1,127,4.7366399765014648,0.037296377767728067,-3268.5850589967922,1
2026-08-16T15:03:54Z,NVIDIA H200 NVL,screen,normal_0_1,dot,lns,lns4_r1,4,2,1,fp64,fused,padded,scalar,1,8,1,1,1,none,pair_lut_global,fused/padded/scalar/x1/pair_lut_global,16777216,0,1,16777216,33554432,2048,512,256,3,2,127,4.7377920150756836,0.037305448937603805,-3268.5850589967922,1
2026-08-16T15:03:54Z,NVIDIA H200 NVL,screen,normal_0_1,gemv,lns,lns4_r1,4,2,1,fp64,fused,padded,scalar,1,8,1,1,1,none,pair_lut_global,fused/padded/scalar/x1/pair_lut_global,16384,1024,1024,8396800,16793600,2048,1024,256,3,0,169,4.6697602272033691,0.027631717320729995,-44.496951672795092,1
2026-08-16T15:03:54Z,NVIDIA H200 NVL,screen,normal_0_1,gemv,lns,lns4_r1,4,2,1,fp64,fused,padded,scalar,1,8,1,1,1,none,pair_lut_global,fused/padded/scalar/x1/pair_lut_global,16384,1024,1024,8396800,16793600,2048,1024,256,3,1,169,4.6653761863708496,0.027605776250715086,-44.496951672795092,1
2026-08-16T15:03:54Z,NVIDIA H200 NVL,screen,normal_0_1,gemv,lns,lns4_r1,4,2,1,fp64,fused,padded,scalar,1,8,1,1,1,none,pair_lut_global,fused/padded/scalar/x1/pair_lut_global,16384,1024,1024,8396800,16793600,2048,1024,256,3,2,169,4.6650562286376953,0.027603883009690505,-44.496951672795092,1
2026-08-16T15:03:54Z,NVIDIA H200 NVL,screen,normal_0_1,dot,lns,lns4_r1,4,2,1,fp64,fused,dense,thread_packet,2,32,1,1,2,none,pair_lut_global,fused/dense/thread_packet/x2/pair_lut_global,16777216,0,1,16777216,16777216,2048,512,256,3,0,124,4.7719359397888184,0.038483354353135629,-3268.5850589967908,1
2026-08-16T15:03:54Z,NVIDIA H200 NVL,screen,normal_0_1,dot,lns,lns4_r1,4,2,1,fp64,fused,dense,thread_packet,2,32,1,1,2,none,pair_lut_global,fused/dense/thread_packet/x2/pair_lut_global,16777216,0,1,16777216,16777216,2048,512,256,3,1,124,4.7737278938293457,0.038497805595397949,-3268.5850589967908,1
2026-08-16T15:03:54Z,NVIDIA H200 NVL,screen,normal_0_1,dot,lns,lns4_r1,4,2,1,fp64,fused,dense,thread_packet,2,32,1,1,2,none,pair_lut_global,fused/dense/thread_packet/x2/pair_lut_global,16777216,0,1,16777216,16777216,2048,512,256,3,2,124,4.7744321823120117,0.038503485341225899,-3268.5850589967908,1
2026-08-16T15:03:54Z,NVIDIA H200 NVL,screen,normal_0_1,gemv,lns,lns4_r1,4,2,1,fp64,fused,dense,thread_packet,2,32,1,1,2,none,pair_lut_global,fused/dense/thread_packet/x2/pair_lut_global,16384,1024,1024,8396800,8396800,2048,1024,256,3,0,117,4.783775806427002,0.040886972704504289,-44.49695167279507,1
2026-08-16T15:03:54Z,NVIDIA H200 NVL,screen,normal_0_1,gemv,lns,lns4_r1,4,2,1,fp64,fused,dense,thread_packet,2,32,1,1,2,none,pair_lut_global,fused/dense/thread_packet/x2/pair_lut_global,16384,1024,1024,8396800,8396800,2048,1024,256,3,1,117,4.7829117774963379,0.040879587841849044,-44.49695167279507,1
2026-08-16T15:03:54Z,NVIDIA H200 NVL,screen,normal_0_1,gemv,lns,lns4_r1,4,2,1,fp64,fused,dense,thread_packet,2,32,1,1,2,none,pair_lut_global,fused/dense/thread_packet/x2/pair_lut_global,16384,1024,1024,8396800,8396800,2048,1024,256,3,2,117,4.7748160362243652,0.040810393472003124,-44.49695167279507,1
2026-08-16T15:03:54Z,NVIDIA H200 NVL,screen,normal_0_1,dot,lns,lns4_r1,4,2,1,fp64,fused,dense,thread_packet,4,32,1,1,4,none,pair_lut_global,fused/dense/thread_packet/x4/pair_lut_global,16777216,0,1,16777216,16777216,2048,512,256,3,0,129,4.7099838256835938,0.036511502524679024,-3268.5850589967922,1
2026-08-16T15:03:54Z,NVIDIA H200 NVL,screen,normal_0_1,dot,lns,lns4_r1,4,2,1,fp64,fused,dense,thread_packet,4,32,1,1,4,none,pair_lut_global,fused/dense/thread_packet/x4/pair_lut_global,16777216,0,1,16777216,16777216,2048,512,256,3,1,129,4.697728157043457,0.036416497341422147,-3268.5850589967922,1
2026-08-16T15:03:54Z,NVIDIA H200 NVL,screen,normal_0_1,dot,lns,lns4_r1,4,2,1,fp64,fused,dense,thread_packet,4,32,1,1,4,none,pair_lut_global,fused/dense/thread_packet/x4/pair_lut_global,16777216,0,1,16777216,16777216,2048,512,256,3,2,129,4.6953921318054199,0.036398388618646665,-3268.5850589967922,1
2026-08-16T15:03:54Z,NVIDIA H200 NVL,screen,normal_0_1,gemv,lns,lns4_r1,4,2,1,fp64,fused,dense,thread_packet,4,32,1,1,4,none,pair_lut_global,fused/dense/thread_packet/x4/pair_lut_global,16384,1024,1024,8396800,8396800,2048,1024,256,3,0,124,4.7050237655639648,0.037943740044870687,-44.496951672795035,1
2026-08-16T15:03:54Z,NVIDIA H200 NVL,screen,normal_0_1,gemv,lns,lns4_r1,4,2,1,fp64,fused,dense,thread_packet,4,32,1,1,4,none,pair_lut_global,fused/dense/thread_packet/x4/pair_lut_global,16384,1024,1024,8396800,8396800,2048,1024,256,3,1,124,4.700319766998291,0.037905804572566863,-44.496951672795035,1
2026-08-16T15:03:54Z,NVIDIA H200 NVL,screen,normal_0_1,gemv,lns,lns4_r1,4,2,1,fp64,fused,dense,thread_packet,4,32,1,1,4,none,pair_lut_global,fused/dense/thread_packet/x4/pair_lut_global,16384,1024,1024,8396800,8396800,2048,1024,256,3,2,124,4.699711799621582,0.037900901609851469,-44.496951672795035,1
2026-08-16T15:03:54Z,NVIDIA H200 NVL,screen,normal_0_1,dot,lns,lns4_r1,4,2,1,fp64,fused,dense,thread_packet,8,32,1,1,8,none,pair_lut_global,fused/dense/thread_packet/x8/pair_lut_global,16777216,0,1,16777216,16777216,2048,512,256,3,0,181,4.5839037895202637,0.025325435301216927,-3268.5850589967927,1
2026-08-16T15:03:54Z,NVIDIA H200 NVL,screen,normal_0_1,dot,lns,lns4_r1,4,2,1,fp64,fused,dense,thread_packet,8,32,1,1,8,none,pair_lut_global,fused/dense/thread_packet/x8/pair_lut_global,16777216,0,1,16777216,16777216,2048,512,256,3,1,181,4.5810880661010742,0.025309878818237978,-3268.5850589967927,1
2026-08-16T15:03:54Z,NVIDIA H200 NVL,screen,normal_0_1,dot,lns,lns4_r1,4,2,1,fp64,fused,dense,thread_packet,8,32,1,1,8,none,pair_lut_global,fused/dense/thread_packet/x8/pair_lut_global,16777216,0,1,16777216,16777216,2048,512,256,3,2,181,4.5828800201416016,0.025319779116804428,-3268.5850589967927,1
2026-08-16T15:03:54Z,NVIDIA H200 NVL,screen,normal_0_1,gemv,lns,lns4_r1,4,2,1,fp64,fused,dense,thread_packet,8,32,1,1,8,none,pair_lut_global,fused/dense/thread_packet/x8/pair_lut_global,16384,1024,1024,8396800,8396800,2048,1024,256,3,0,139,4.730463981628418,0.034032114975744016,-44.496951672795063,1
2026-08-16T15:03:54Z,NVIDIA H200 NVL,screen,normal_0_1,gemv,lns,lns4_r1,4,2,1,fp64,fused,dense,thread_packet,8,32,1,1,8,none,pair_lut_global,fused/dense/thread_packet/x8/pair_lut_global,16384,1024,1024,8396800,8396800,2048,1024,256,3,1,139,4.7269439697265625,0.03400679114911196,-44.496951672795063,1
2026-08-16T15:03:54Z,NVIDIA H200 NVL,screen,normal_0_1,gemv,lns,lns4_r1,4,2,1,fp64,fused,dense,thread_packet,8,32,1,1,8,none,pair_lut_global,fused/dense/thread_packet/x8/pair_lut_global,16384,1024,1024,8396800,8396800,2048,1024,256,3,2,139,4.7299518585205078,0.034028430636838185,-44.496951672795063,1
2026-08-16T15:03:54Z,NVIDIA H200 NVL,screen,normal_0_1,dot,lns,lns4_r1,4,2,1,fp64,fused,padded,thread_packet,2,8,1,1,2,none,pair_lut_global,fused/padded/thread_packet/x2/pair_lut_global,16777216,0,1,16777216,33554432,2048,512,256,3,0,163,4.5614719390869141,0.027984490423846098,-3268.5850589967908,1
2026-08-16T15:03:54Z,NVIDIA H200 NVL,screen,normal_0_1,dot,lns,lns4_r1,4,2,1,fp64,fused,padded,thread_packet,2,8,1,1,2,none,pair_lut_global,fused/padded/thread_packet/x2/pair_lut_global,16777216,0,1,16777216,33554432,2048,512,256,3,1,163,4.5494399070739746,0.02791067427652745,-3268.5850589967908,1
2026-08-16T15:03:54Z,NVIDIA H200 NVL,screen,normal_0_1,dot,lns,lns4_r1,4,2,1,fp64,fused,padded,thread_packet,2,8,1,1,2,none,pair_lut_global,fused/padded/thread_packet/x2/pair_lut_global,16777216,0,1,16777216,33554432,2048,512,256,3,2,163,4.5479040145874023,0.027901251623235597,-3268.5850589967908,1
2026-08-16T15:03:54Z,NVIDIA H200 NVL,screen,normal_0_1,gemv,lns,lns4_r1,4,2,1,fp64,fused,padded,thread_packet,2,8,1,1,2,none,pair_lut_global,fused/padded/thread_packet/x2/pair_lut_global,16384,1024,1024,8396800,16793600,2048,1024,256,3,0,178,4.5856637954711914,0.025762156154332538,-44.49695167279507,1
2026-08-16T15:03:54Z,NVIDIA H200 NVL,screen,normal_0_1,gemv,lns,lns4_r1,4,2,1,fp64,fused,padded,thread_packet,2,8,1,1,2,none,pair_lut_global,fused/padded/thread_packet/x2/pair_lut_global,16384,1024,1024,8396800,16793600,2048,1024,256,3,1,178,4.5779199600219727,0.0257186514607976,-44.49695167279507,1
2026-08-16T15:03:54Z,NVIDIA H200 NVL,screen,normal_0_1,gemv,lns,lns4_r1,4,2,1,fp64,fused,padded,thread_packet,2,8,1,1,2,none,pair_lut_global,fused/padded/thread_packet/x2/pair_lut_global,16384,1024,1024,8396800,16793600,2048,1024,256,3,2,178,4.5849599838256836,0.025758202156324066,-44.49695167279507,1
2026-08-16T15:03:54Z,NVIDIA H200 NVL,screen,normal_0_1,dot,lns,lns4_r1,4,2,1,fp64,fused,padded,thread_packet,4,8,1,1,4,none,pair_lut_global,fused/padded/thread_packet/x4/pair_lut_global,16777216,0,1,16777216,33554432,2048,512,256,3,0,178,4.631807804107666,0.026021392157908236,-3268.5850589967922,1
2026-08-16T15:03:54Z,NVIDIA H200 NVL,screen,normal_0_1,dot,lns,lns4_r1,4,2,1,fp64,fused,padded,thread_packet,4,8,1,1,4,none,pair_lut_global,fused/padded/thread_packet/x4/pair_lut_global,16777216,0,1,16777216,33554432,2048,512,256,3,1,178,4.6350398063659668,0.026039549473966105,-3268.5850589967922,1
2026-08-16T15:03:54Z,NVIDIA H200 NVL,screen,normal_0_1,dot,lns,lns4_r1,4,2,1,fp64,fused,padded,thread_packet,4,8,1,1,4,none,pair_lut_global,fused/padded/thread_packet/x4/pair_lut_global,16777216,0,1,16777216,33554432,2048,512,256,3,2,178,4.6641597747802734,0.026203144802136369,-3268.5850589967922,1
2026-08-16T15:03:54Z,NVIDIA H200 NVL,screen,normal_0_1,gemv,lns,lns4_r1,4,2,1,fp64,fused,padded,thread_packet,4,8,1,1,4,none,pair_lut_global,fused/padded/thread_packet/x4/pair_lut_global,16384,1024,1024,8396800,16793600,2048,1024,256,3,0,192,4.5808320045471191,0.023858500023682911,-44.496951672795035,1
2026-08-16T15:03:54Z,NVIDIA H200 NVL,screen,normal_0_1,gemv,lns,lns4_r1,4,2,1,fp64,fused,padded,thread_packet,4,8,1,1,4,none,pair_lut_global,fused/padded/thread_packet/x4/pair_lut_global,16384,1024,1024,8396800,16793600,2048,1024,256,3,1,192,4.5815677642822266,0.023862332105636597,-44.496951672795035,1
2026-08-16T15:03:54Z,NVIDIA H200 NVL,screen,normal_0_1,gemv,lns,lns4_r1,4,2,1,fp64,fused,padded,thread_packet,4,8,1,1,4,none,pair_lut_global,fused/padded/thread_packet/x4/pair_lut_global,16384,1024,1024,8396800,16793600,2048,1024,256,3,2,192,4.5772800445556641,0.023840000232060749,-44.496951672795035,1
2026-08-16T15:03:54Z,NVIDIA H200 NVL,screen,normal_0_1,dot,lns,lns4_r1,4,2,1,fp64,fused,padded,thread_packet,8,8,1,1,8,none,pair_lut_global,fused/padded/thread_packet/x8/pair_lut_global,16777216,0,1,16777216,33554432,2048,512,256,3,0,181,4.5992641448974609,0.025410299143079896,-3268.5850589967927,1
2026-08-16T15:03:54Z,NVIDIA H200 NVL,screen,normal_0_1,dot,lns,lns4_r1,4,2,1,fp64,fused,padded,thread_packet,8,8,1,1,8,none,pair_lut_global,fused/padded/thread_packet/x8/pair_lut_global,16777216,0,1,16777216,33554432,2048,512,256,3,1,181,4.5976319313049316,0.025401281388425036,-3268.5850589967927,1
2026-08-16T15:03:54Z,NVIDIA H200 NVL,screen,normal_0_1,dot,lns,lns4_r1,4,2,1,fp64,fused,padded,thread_packet,8,8,1,1,8,none,pair_lut_global,fused/padded/thread_packet/x8/pair_lut_global,16777216,0,1,16777216,33554432,2048,512,256,3,2,181,4.5988798141479492,0.025408175768773199,-3268.5850589967927,1
2026-08-16T15:03:54Z,NVIDIA H200 NVL,screen,normal_0_1,gemv,lns,lns4_r1,4,2,1,fp64,fused,padded,thread_packet,8,8,1,1,8,none,pair_lut_global,fused/padded/thread_packet/x8/pair_lut_global,16384,1024,1024,8396800,16793600,2048,1024,256,3,0,197,4.5194239616394043,0.022941238383956366,-44.496951672795063,1
2026-08-16T15:03:54Z,NVIDIA H200 NVL,screen,normal_0_1,gemv,lns,lns4_r1,4,2,1,fp64,fused,padded,thread_packet,8,8,1,1,8,none,pair_lut_global,fused/padded/thread_packet/x8/pair_lut_global,16384,1024,1024,8396800,16793600,2048,1024,256,3,1,197,4.5199999809265137,0.022944162339728496,-44.496951672795063,1
2026-08-16T15:03:54Z,NVIDIA H200 NVL,screen,normal_0_1,gemv,lns,lns4_r1,4,2,1,fp64,fused,padded,thread_packet,8,8,1,1,8,none,pair_lut_global,fused/padded/thread_packet/x8/pair_lut_global,16384,1024,1024,8396800,16793600,2048,1024,256,3,2,197,4.5172162055969238,0.022930031500491999,-44.496951672795063,1
2026-08-16T15:03:54Z,NVIDIA H200 NVL,screen,normal_0_1,dot,lns,lns4_r1,4,2,1,fp64,fused,dense,cooperative_shuffle,8,32,1,8,1,warp_shuffle,pair_lut_global,fused/dense/cooperative_shuffle/x8/pair_lut_global,16777216,0,1,16777216,16777216,2048,512,256,3,0,72,4.8652482032775879,0.067572891712188721,-3268.5850589967922,1
2026-08-16T15:03:54Z,NVIDIA H200 NVL,screen,normal_0_1,dot,lns,lns4_r1,4,2,1,fp64,fused,dense,cooperative_shuffle,8,32,1,8,1,warp_shuffle,pair_lut_global,fused/dense/cooperative_shuffle/x8/pair_lut_global,16777216,0,1,16777216,16777216,2048,512,256,3,1,72,4.8676161766052246,0.067605780230628118,-3268.5850589967922,1
2026-08-16T15:03:54Z,NVIDIA H200 NVL,screen,normal_0_1,dot,lns,lns4_r1,4,2,1,fp64,fused,dense,cooperative_shuffle,8,32,1,8,1,warp_shuffle,pair_lut_global,fused/dense/cooperative_shuffle/x8/pair_lut_global,16777216,0,1,16777216,16777216,2048,512,256,3,2,72,4.8665280342102051,0.067590667141808405,-3268.5850589967922,1
2026-08-16T15:03:54Z,NVIDIA H200 NVL,screen,normal_0_1,gemv,lns,lns4_r1,4,2,1,fp64,fused,dense,cooperative_shuffle,8,32,1,8,1,warp_shuffle,pair_lut_global,fused/dense/cooperative_shuffle/x8/pair_lut_global,16384,1024,1024,8396800,8396800,2048,1024,256,3,0,105,4.7955842018127441,0.045672230493454709,-44.496951672795092,1
2026-08-16T15:03:54Z,NVIDIA H200 NVL,screen,normal_0_1,gemv,lns,lns4_r1,4,2,1,fp64,fused,dense,cooperative_shuffle,8,32,1,8,1,warp_shuffle,pair_lut_global,fused/dense/cooperative_shuffle/x8/pair_lut_global,16384,1024,1024,8396800,8396800,2048,1024,256,3,1,105,4.7942080497741699,0.045659124283563522,-44.496951672795092,1
2026-08-16T15:03:54Z,NVIDIA H200 NVL,screen,normal_0_1,gemv,lns,lns4_r1,4,2,1,fp64,fused,dense,cooperative_shuffle,8,32,1,8,1,warp_shuffle,pair_lut_global,fused/dense/cooperative_shuffle/x8/pair_lut_global,16384,1024,1024,8396800,8396800,2048,1024,256,3,2,105,4.7910079956054688,0.045628647577194939,-44.496951672795092,1
2026-08-16T15:03:54Z,NVIDIA H200 NVL,screen,normal_0_1,dot,lns,lns4_r1,4,2,1,fp64,fused,dense,scalar,1,32,1,1,1,none,pair_lut_shared,fused/dense/scalar/x1/pair_lut_shared,16777216,0,1,16777216,16777216,2048,512,256,3,0,121,4.7591681480407715,0.039331968165626209,-3268.5850589967922,1
2026-08-16T15:03:54Z,NVIDIA H200 NVL,screen,normal_0_1,dot,lns,lns4_r1,4,2,1,fp64,fused,dense,scalar,1,32,1,1,1,none,pair_lut_shared,fused/dense/scalar/x1/pair_lut_shared,16777216,0,1,16777216,16777216,2048,512,256,3,1,121,4.7645120620727539,0.039376132744402922,-3268.5850589967922,1
2026-08-16T15:03:54Z,NVIDIA H200 NVL,screen,normal_0_1,dot,lns,lns4_r1,4,2,1,fp64,fused,dense,scalar,1,32,1,1,1,none,pair_lut_shared,fused/dense/scalar/x1/pair_lut_shared,16777216,0,1,16777216,16777216,2048,512,256,3,2,121,4.760767936706543,0.039345189559558208,-3268.5850589967922,1
2026-08-16T15:03:54Z,NVIDIA H200 NVL,screen,normal_0_1,gemv,lns,lns4_r1,4,2,1,fp64,fused,dense,scalar,1,32,1,1,1,none,pair_lut_shared,fused/dense/scalar/x1/pair_lut_shared,16384,1024,1024,8396800,8396800,2048,1024,256,3,0,125,4.7614078521728516,0.038091262817382815,-44.496951672795092,1
2026-08-16T15:03:54Z,NVIDIA H200 NVL,screen,normal_0_1,gemv,lns,lns4_r1,4,2,1,fp64,fused,dense,scalar,1,32,1,1,1,none,pair_lut_shared,fused/dense/scalar/x1/pair_lut_shared,16384,1024,1024,8396800,8396800,2048,1024,256,3,1,125,4.7629761695861816,0.038103809356689451,-44.496951672795092,1
2026-08-16T15:03:54Z,NVIDIA H200 NVL,screen,normal_0_1,gemv,lns,lns4_r1,4,2,1,fp64,fused,dense,scalar,1,32,1,1,1,none,pair_lut_shared,fused/dense/scalar/x1/pair_lut_shared,16384,1024,1024,8396800,8396800,2048,1024,256,3,2,125,4.7589759826660156,0.038071807861328126,-44.496951672795092,1
2026-08-16T15:03:54Z,NVIDIA H200 NVL,screen,normal_0_1,dot,lns,lns4_r1,4,2,1,fp64,fused,padded,scalar,1,8,1,1,1,none,pair_lut_shared,fused/padded/scalar/x1/pair_lut_shared,16777216,0,1,16777216,33554432,2048,512,256,3,0,135,4.7459201812744141,0.035154964305736398,-3268.5850589967922,1
2026-08-16T15:03:54Z,NVIDIA H200 NVL,screen,normal_0_1,dot,lns,lns4_r1,4,2,1,fp64,fused,padded,scalar,1,8,1,1,1,none,pair_lut_shared,fused/padded/scalar/x1/pair_lut_shared,16777216,0,1,16777216,33554432,2048,512,256,3,1,135,4.7459521293640137,0.035155200958251955,-3268.5850589967922,1
2026-08-16T15:03:54Z,NVIDIA H200 NVL,screen,normal_0_1,dot,lns,lns4_r1,4,2,1,fp64,fused,padded,scalar,1,8,1,1,1,none,pair_lut_shared,fused/padded/scalar/x1/pair_lut_shared,16777216,0,1,16777216,33554432,2048,512,256,3,2,135,4.745567798614502,0.035152354063811127,-3268.5850589967922,1
2026-08-16T15:03:54Z,NVIDIA H200 NVL,screen,normal_0_1,gemv,lns,lns4_r1,4,2,1,fp64,fused,padded,scalar,1,8,1,1,1,none,pair_lut_shared,fused/padded/scalar/x1/pair_lut_shared,16384,1024,1024,8396800,16793600,2048,1024,256,3,0,174,4.6287040710449219,0.026601747534740931,-44.496951672795092,1
2026-08-16T15:03:54Z,NVIDIA H200 NVL,screen,normal_0_1,gemv,lns,lns4_r1,4,2,1,fp64,fused,padded,scalar,1,8,1,1,1,none,pair_lut_shared,fused/padded/scalar/x1/pair_lut_shared,16384,1024,1024,8396800,16793600,2048,1024,256,3,1,174,4.6243839263916016,0.026576919117193114,-44.496951672795092,1
2026-08-16T15:03:54Z,NVIDIA H200 NVL,screen,normal_0_1,gemv,lns,lns4_r1,4,2,1,fp64,fused,padded,scalar,1,8,1,1,1,none,pair_lut_shared,fused/padded/scalar/x1/pair_lut_shared,16384,1024,1024,8396800,16793600,2048,1024,256,3,2,174,4.6251840591430664,0.02658151758128199,-44.496951672795092,1
2026-08-16T15:03:54Z,NVIDIA H200 NVL,screen,normal_0_1,dot,lns,lns4_r1,4,2,1,fp64,fused,dense,thread_packet,2,32,1,1,2,none,pair_lut_shared,fused/dense/thread_packet/x2/pair_lut_shared,16777216,0,1,16777216,16777216,2048,512,256,3,0,130,4.6645441055297852,0.035881108504075269,-3268.5850589967908,1
2026-08-16T15:03:54Z,NVIDIA H200 NVL,screen,normal_0_1,dot,lns,lns4_r1,4,2,1,fp64,fused,dense,thread_packet,2,32,1,1,2,none,pair_lut_shared,fused/dense/thread_packet/x2/pair_lut_shared,16777216,0,1,16777216,16777216,2048,512,256,3,1,130,4.6552639007568359,0.03580972231351412,-3268.5850589967908,1
2026-08-16T15:03:54Z,NVIDIA H200 NVL,screen,normal_0_1,dot,lns,lns4_r1,4,2,1,fp64,fused,dense,thread_packet,2,32,1,1,2,none,pair_lut_shared,fused/dense/thread_packet/x2/pair_lut_shared,16777216,0,1,16777216,16777216,2048,512,256,3,2,130,4.6528000831604004,0.035790769870464617,-3268.5850589967908,1
2026-08-16T15:03:54Z,NVIDIA H200 NVL,screen,normal_0_1,gemv,lns,lns4_r1,4,2,1,fp64,fused,dense,thread_packet,2,32,1,1,2,none,pair_lut_shared,fused/dense/thread_packet/x2/pair_lut_shared,16384,1024,1024,8396800,8396800,2048,1024,256,3,0,130,4.6714239120483398,0.035934030092679536,-44.49695167279507,1
2026-08-16T15:03:54Z,NVIDIA H200 NVL,screen,normal_0_1,gemv,lns,lns4_r1,4,2,1,fp64,fused,dense,thread_packet,2,32,1,1,2,none,pair_lut_shared,fused/dense/thread_packet/x2/pair_lut_shared,16384,1024,1024,8396800,8396800,2048,1024,256,3,1,130,4.6550397872924805,0.035807998363788313,-44.49695167279507,1
2026-08-16T15:03:54Z,NVIDIA H200 NVL,screen,normal_0_1,gemv,lns,lns4_r1,4,2,1,fp64,fused,dense,thread_packet,2,32,1,1,2,none,pair_lut_shared,fused/dense/thread_packet/x2/pair_lut_shared,16384,1024,1024,8396800,8396800,2048,1024,256,3,2,130,4.6592001914978027,0.035840001473060018,-44.49695167279507,1
2026-08-16T15:03:54Z,NVIDIA H200 NVL,screen,normal_0_1,dot,lns,lns4_r1,4,2,1,fp64,fused,dense,thread_packet,4,32,1,1,4,none,pair_lut_shared,fused/dense/thread_packet/x4/pair_lut_shared,16777216,0,1,16777216,16777216,2048,512,256,3,0,139,4.727327823638916,0.034009552688049755,-3268.5850589967922,1
2026-08-16T15:03:54Z,NVIDIA H200 NVL,screen,normal_0_1,dot,lns,lns4_r1,4,2,1,fp64,fused,dense,thread_packet,4,32,1,1,4,none,pair_lut_shared,fused/dense/thread_packet/x4/pair_lut_shared,16777216,0,1,16777216,16777216,2048,512,256,3,1,139,4.7284159660339355,0.034017381050603854,-3268.5850589967922,1
2026-08-16T15:03:54Z,NVIDIA H200 NVL,screen,normal_0_1,dot,lns,lns4_r1,4,2,1,fp64,fused,dense,thread_packet,4,32,1,1,4,none,pair_lut_shared,fused/dense/thread_packet/x4/pair_lut_shared,16777216,0,1,16777216,16777216,2048,512,256,3,2,139,4.7324800491333008,0.034046619058512959,-3268.5850589967922,1
2026-08-16T15:03:54Z,NVIDIA H200 NVL,screen,normal_0_1,gemv,lns,lns4_r1,4,2,1,fp64,fused,dense,thread_packet,4,32,1,1,4,none,pair_lut_shared,fused/dense/thread_packet/x4/pair_lut_shared,16384,1024,1024,8396800,8396800,2048,1024,256,3,0,126,4.7204160690307617,0.037463619595482237,-44.496951672795035,1
2026-08-16T15:03:54Z,NVIDIA H200 NVL,screen,normal_0_1,gemv,lns,lns4_r1,4,2,1,fp64,fused,dense,thread_packet,4,32,1,1,4,none,pair_lut_shared,fused/dense/thread_packet/x4/pair_lut_shared,16384,1024,1024,8396800,8396800,2048,1024,256,3,1,126,4.7210879325866699,0.037468951845925955,-44.496951672795035,1
2026-08-16T15:03:54Z,NVIDIA H200 NVL,screen,normal_0_1,gemv,lns,lns4_r1,4,2,1,fp64,fused,dense,thread_packet,4,32,1,1,4,none,pair_lut_shared,fused/dense/thread_packet/x4/pair_lut_shared,16384,1024,1024,8396800,8396800,2048,1024,256,3,2,126,4.7211198806762695,0.037469205402192618,-44.496951672795035,1
2026-08-16T15:03:54Z,NVIDIA H200 NVL,screen,normal_0_1,dot,lns,lns4_r1,4,2,1,fp64,fused,dense,thread_packet,8,32,1,1,8,none,pair_lut_shared,fused/dense/thread_packet/x8/pair_lut_shared,16777216,0,1,16777216,16777216,2048,512,256,3,0,182,4.6173758506774902,0.025370196981744451,-3268.5850589967927,1
2026-08-16T15:03:54Z,NVIDIA H200 NVL,screen,normal_0_1,dot,lns,lns4_r1,4,2,1,fp64,fused,dense,thread_packet,8,32,1,1,8,none,pair_lut_shared,fused/dense/thread_packet/x8/pair_lut_shared,16777216,0,1,16777216,16777216,2048,512,256,3,1,182,4.6182079315185547,0.025374768854497552,-3268.5850589967927,1
2026-08-16T15:03:54Z,NVIDIA H200 NVL,screen,normal_0_1,dot,lns,lns4_r1,4,2,1,fp64,fused,dense,thread_packet,8,32,1,1,8,none,pair_lut_shared,fused/dense/thread_packet/x8/pair_lut_shared,16777216,0,1,16777216,16777216,2048,512,256,3,2,182,4.6380801200866699,0.02548395670377291,-3268.5850589967927,1
2026-08-16T15:03:54Z,NVIDIA H200 NVL,screen,normal_0_1,gemv,lns,lns4_r1,4,2,1,fp64,fused,dense,thread_packet,8,32,1,1,8,none,pair_lut_shared,fused/dense/thread_packet/x8/pair_lut_shared,16384,1024,1024,8396800,8396800,2048,1024,256,3,0,135,4.7082557678222656,0.034875968650535299,-44.496951672795063,1
2026-08-16T15:03:54Z,NVIDIA H200 NVL,screen,normal_0_1,gemv,lns,lns4_r1,4,2,1,fp64,fused,dense,thread_packet,8,32,1,1,8,none,pair_lut_shared,fused/dense/thread_packet/x8/pair_lut_shared,16384,1024,1024,8396800,8396800,2048,1024,256,3,1,135,4.6984958648681641,0.034803673073097514,-44.496951672795063,1
2026-08-16T15:03:54Z,NVIDIA H200 NVL,screen,normal_0_1,gemv,lns,lns4_r1,4,2,1,fp64,fused,dense,thread_packet,8,32,1,1,8,none,pair_lut_shared,fused/dense/thread_packet/x8/pair_lut_shared,16384,1024,1024,8396800,8396800,2048,1024,256,3,2,135,4.6993279457092285,0.034809836634883178,-44.496951672795063,1
2026-08-16T15:03:54Z,NVIDIA H200 NVL,screen,normal_0_1,dot,lns,lns4_r1,4,2,1,fp64,fused,padded,thread_packet,2,8,1,1,2,none,pair_lut_shared,fused/padded/thread_packet/x2/pair_lut_shared,16777216,0,1,16777216,33554432,2048,512,256,3,0,175,4.5319681167602539,0.02589696066720145,-3268.5850589967908,1
2026-08-16T15:03:54Z,NVIDIA H200 NVL,screen,normal_0_1,dot,lns,lns4_r1,4,2,1,fp64,fused,padded,thread_packet,2,8,1,1,2,none,pair_lut_shared,fused/padded/thread_packet/x2/pair_lut_shared,16777216,0,1,16777216,33554432,2048,512,256,3,1,175,4.5348482131958008,0.025913418361118861,-3268.5850589967908,1
2026-08-16T15:03:54Z,NVIDIA H200 NVL,screen,normal_0_1,dot,lns,lns4_r1,4,2,1,fp64,fused,padded,thread_packet,2,8,1,1,2,none,pair_lut_shared,fused/padded/thread_packet/x2/pair_lut_shared,16777216,0,1,16777216,33554432,2048,512,256,3,2,175,4.5330238342285156,0.025902993338448661,-3268.5850589967908,1
2026-08-16T15:03:54Z,NVIDIA H200 NVL,screen,normal_0_1,gemv,lns,lns4_r1,4,2,1,fp64,fused,padded,thread_packet,2,8,1,1,2,none,pair_lut_shared,fused/padded/thread_packet/x2/pair_lut_shared,16384,1024,1024,8396800,16793600,2048,1024,256,3,0,187,4.5792961120605469,0.024488214502997575,-44.49695167279507,1
2026-08-16T15:03:54Z,NVIDIA H200 NVL,screen,normal_0_1,gemv,lns,lns4_r1,4,2,1,fp64,fused,padded,thread_packet,2,8,1,1,2,none,pair_lut_shared,fused/padded/thread_packet/x2/pair_lut_shared,16384,1024,1024,8396800,16793600,2048,1024,256,3,1,187,4.5775041580200195,0.024478631861069623,-44.49695167279507,1
2026-08-16T15:03:54Z,NVIDIA H200 NVL,screen,normal_0_1,gemv,lns,lns4_r1,4,2,1,fp64,fused,padded,thread_packet,2,8,1,1,2,none,pair_lut_shared,fused/padded/thread_packet/x2/pair_lut_shared,16384,1024,1024,8396800,16793600,2048,1024,256,3,2,187,4.574944019317627,0.024464941279773406,-44.49695167279507,1
2026-08-16T15:03:54Z,NVIDIA H200 NVL,screen,normal_0_1,dot,lns,lns4_r1,4,2,1,fp64,fused,padded,thread_packet,4,8,1,1,4,none,pair_lut_shared,fused/padded/thread_packet/x4/pair_lut_shared,16777216,0,1,16777216,33554432,2048,512,256,3,0,179,4.5617280006408691,0.025484513970060723,-3268.5850589967922,1
2026-08-16T15:03:54Z,NVIDIA H200 NVL,screen,normal_0_1,dot,lns,lns4_r1,4,2,1,fp64,fused,padded,thread_packet,4,8,1,1,4,none,pair_lut_shared,fused/padded/thread_packet/x4/pair_lut_shared,16777216,0,1,16777216,33554432,2048,512,256,3,1,179,4.564608097076416,0.025500603894281652,-3268.5850589967922,1
2026-08-16T15:03:54Z,NVIDIA H200 NVL,screen,normal_0_1,dot,lns,lns4_r1,4,2,1,fp64,fused,padded,thread_packet,4,8,1,1,4,none,pair_lut_shared,fused/padded/thread_packet/x4/pair_lut_shared,16777216,0,1,16777216,33554432,2048,512,256,3,2,179,4.561215877532959,0.025481652947111504,-3268.5850589967922,1
2026-08-16T15:03:54Z,NVIDIA H200 NVL,screen,normal_0_1,gemv,lns,lns4_r1,4,2,1,fp64,fused,padded,thread_packet,4,8,1,1,4,none,pair_lut_shared,fused/padded/thread_packet/x4/pair_lut_shared,16384,1024,1024,8396800,16793600,2048,1024,256,3,0,196,4.5662717819213867,0.023297305009802993,-44.496951672795035,1
2026-08-16T15:03:54Z,NVIDIA H200 NVL,screen,normal_0_1,gemv,lns,lns4_r1,4,2,1,fp64,fused,padded,thread_packet,4,8,1,1,4,none,pair_lut_shared,fused/padded/thread_packet/x4/pair_lut_shared,16384,1024,1024,8396800,16793600,2048,1024,256,3,1,196,4.5598077774047852,0.023264325394922375,-44.496951672795035,1
2026-08-16T15:03:54Z,NVIDIA H200 NVL,screen,normal_0_1,gemv,lns,lns4_r1,4,2,1,fp64,fused,padded,thread_packet,4,8,1,1,4,none,pair_lut_shared,fused/padded/thread_packet/x4/pair_lut_shared,16384,1024,1024,8396800,16793600,2048,1024,256,3,2,196,4.5594558715820312,0.023262529957051178,-44.496951672795035,1
2026-08-16T15:03:54Z,NVIDIA H200 NVL,screen,normal_0_1,dot,lns,lns4_r1,4,2,1,fp64,fused,padded,thread_packet,8,8,1,1,8,none,pair_lut_shared,fused/padded/thread_packet/x8/pair_lut_shared,16777216,0,1,16777216,33554432,2048,512,256,3,0,186,4.6533761024475098,0.025018151088427473,-3268.5850589967927,1
2026-08-16T15:03:54Z,NVIDIA H200 NVL,screen,normal_0_1,dot,lns,lns4_r1,4,2,1,fp64,fused,padded,thread_packet,8,8,1,1,8,none,pair_lut_shared,fused/padded/thread_packet/x8/pair_lut_shared,16777216,0,1,16777216,33554432,2048,512,256,3,1,186,4.6497921943664551,0.024998882765411047,-3268.5850589967927,1
2026-08-16T15:03:54Z,NVIDIA H200 NVL,screen,normal_0_1,dot,lns,lns4_r1,4,2,1,fp64,fused,padded,thread_packet,8,8,1,1,8,none,pair_lut_shared,fused/padded/thread_packet/x8/pair_lut_shared,16777216,0,1,16777216,33554432,2048,512,256,3,2,186,4.650911808013916,0.025004902193623203,-3268.5850589967927,1
2026-08-16T15:03:54Z,NVIDIA H200 NVL,screen,normal_0_1,gemv,lns,lns4_r1,4,2,1,fp64,fused,padded,thread_packet,8,8,1,1,8,none,pair_lut_shared,fused/padded/thread_packet/x8/pair_lut_shared,16384,1024,1024,8396800,16793600,2048,1024,256,3,0,200,4.5428800582885742,0.022714400291442872,-44.496951672795063,1
2026-08-16T15:03:54Z,NVIDIA H200 NVL,screen,normal_0_1,gemv,lns,lns4_r1,4,2,1,fp64,fused,padded,thread_packet,8,8,1,1,8,none,pair_lut_shared,fused/padded/thread_packet/x8/pair_lut_shared,16384,1024,1024,8396800,16793600,2048,1024,256,3,1,200,4.5446720123291016,0.022723360061645506,-44.496951672795063,1
2026-08-16T15:03:54Z,NVIDIA H200 NVL,screen,normal_0_1,gemv,lns,lns4_r1,4,2,1,fp64,fused,padded,thread_packet,8,8,1,1,8,none,pair_lut_shared,fused/padded/thread_packet/x8/pair_lut_shared,16384,1024,1024,8396800,16793600,2048,1024,256,3,2,200,4.5437760353088379,0.022718880176544189,-44.496951672795063,1
2026-08-16T15:03:54Z,NVIDIA H200 NVL,screen,normal_0_1,dot,lns,lns4_r1,4,2,1,fp64,fused,dense,cooperative_shuffle,8,32,1,8,1,warp_shuffle,pair_lut_shared,fused/dense/cooperative_shuffle/x8/pair_lut_shared,16777216,0,1,16777216,16777216,2048,512,256,3,0,70,4.8782081604003906,0.069688688005719868,-3268.5850589967922,1
2026-08-16T15:03:54Z,NVIDIA H200 NVL,screen,normal_0_1,dot,lns,lns4_r1,4,2,1,fp64,fused,dense,cooperative_shuffle,8,32,1,8,1,warp_shuffle,pair_lut_shared,fused/dense/cooperative_shuffle/x8/pair_lut_shared,16777216,0,1,16777216,16777216,2048,512,256,3,1,70,4.8736639022827148,0.069623770032610208,-3268.5850589967922,1
2026-08-16T15:03:54Z,NVIDIA H200 NVL,screen,normal_0_1,dot,lns,lns4_r1,4,2,1,fp64,fused,dense,cooperative_shuffle,8,32,1,8,1,warp_shuffle,pair_lut_shared,fused/dense/cooperative_shuffle/x8/pair_lut_shared,16777216,0,1,16777216,16777216,2048,512,256,3,2,70,4.8759040832519531,0.069655772617885039,-3268.5850589967922,1
2026-08-16T15:03:54Z,NVIDIA H200 NVL,screen,normal_0_1,gemv,lns,lns4_r1,4,2,1,fp64,fused,dense,cooperative_shuffle,8,32,1,8,1,warp_shuffle,pair_lut_shared,fused/dense/cooperative_shuffle/x8/pair_lut_shared,16384,1024,1024,8396800,8396800,2048,1024,256,3,0,116,4.7966079711914062,0.041350068717167295,-44.496951672795092,1
2026-08-16T15:03:54Z,NVIDIA H200 NVL,screen,normal_0_1,gemv,lns,lns4_r1,4,2,1,fp64,fused,dense,cooperative_shuffle,8,32,1,8,1,warp_shuffle,pair_lut_shared,fused/dense/cooperative_shuffle/x8/pair_lut_shared,16384,1024,1024,8396800,8396800,2048,1024,256,3,1,116,4.7961921691894531,0.04134648421715046,-44.496951672795092,1
2026-08-16T15:03:54Z,NVIDIA H200 NVL,screen,normal_0_1,gemv,lns,lns4_r1,4,2,1,fp64,fused,dense,cooperative_shuffle,8,32,1,8,1,warp_shuffle,pair_lut_shared,fused/dense/cooperative_shuffle/x8/pair_lut_shared,16384,1024,1024,8396800,8396800,2048,1024,256,3,2,116,4.7946557998657227,0.04133323965401485,-44.496951672795092,1
