-- Configuring done (0.1s)
-- Generating done (0.4s)
-- Build files have been written to: /storage/home/timofeirusanov/accessor_universal_test/build-h200
[ 50%] Building CUDA object CMakeFiles/all_format_strategy_smoke.dir/src/all_format_strategy_smoke.cu.o
ptxas info    : 29 bytes gmem
ptxas info    : Compiling entry function '_ZN3aut17format_strategies4gemvINS_7storage6e11m20ENS0_8strategyILNS0_11decode_kindE5ELi8ELNS0_14table_locationE0ELNS0_11unpack_kindE0EEEEEvPKNS2_5codecIT_E12storage_typeESE_mmmNS0_12table_bundleEPd' for 'sm_90'
ptxas info    : Function properties for _ZN3aut17format_strategies4gemvINS_7storage6e11m20ENS0_8strategyILNS0_11decode_kindE5ELi8ELNS0_14table_locationE0ELNS0_11unpack_kindE0EEEEEvPKNS2_5codecIT_E12storage_typeESE_mmmNS0_12table_bundleEPd
    0 bytes stack frame, 0 bytes spill stores, 0 bytes spill loads
ptxas info    : Used 42 registers, used 1 barriers, 80 bytes smem
ptxas info    : Compile time = 6.417 ms
ptxas info    : Compiling entry function '_ZN3aut17format_strategies14dot_map_reduceINS_7storage6e11m20ENS0_8strategyILNS0_11decode_kindE5ELi8ELNS0_14table_locationE0ELNS0_11unpack_kindE0EEEEEvPKNS2_5codecIT_E12storage_typeESE_mNS0_12table_bundleEPd' for 'sm_90'
ptxas info    : Function properties for _ZN3aut17format_strategies14dot_map_reduceINS_7storage6e11m20ENS0_8strategyILNS0_11decode_kindE5ELi8ELNS0_14table_locationE0ELNS0_11unpack_kindE0EEEEEvPKNS2_5codecIT_E12storage_typeESE_mNS0_12table_bundleEPd
    0 bytes stack frame, 0 bytes spill stores, 0 bytes spill loads
ptxas info    : Used 42 registers, used 1 barriers, 80 bytes smem
ptxas info    : Compile time = 5.315 ms
ptxas info    : Compiling entry function '_ZN3aut17format_strategies12decode_codesINS_7storage6e11m20ENS0_8strategyILNS0_11decode_kindE5ELi8ELNS0_14table_locationE0ELNS0_11unpack_kindE0EEEEEvPKNS2_5codecIT_E12storage_typeEmNS0_12table_bundleEPd' for 'sm_90'
ptxas info    : Function properties for _ZN3aut17format_strategies12decode_codesINS_7storage6e11m20ENS0_8strategyILNS0_11decode_kindE5ELi8ELNS0_14table_locationE0ELNS0_11unpack_kindE0EEEEEvPKNS2_5codecIT_E12storage_typeEmNS0_12table_bundleEPd
    0 bytes stack frame, 0 bytes spill stores, 0 bytes spill loads
ptxas info    : Used 24 registers, used 0 barriers
ptxas info    : Compile time = 5.710 ms
ptxas info    : Compiling entry function '_ZN3aut17format_strategies4gemvINS_7storage6e11m20ENS0_8strategyILNS0_11decode_kindE5ELi4ELNS0_14table_locationE0ELNS0_11unpack_kindE0EEEEEvPKNS2_5codecIT_E12storage_typeESE_mmmNS0_12table_bundleEPd' for 'sm_90'
ptxas info    : Function properties for _ZN3aut17format_strategies4gemvINS_7storage6e11m20ENS0_8strategyILNS0_11decode_kindE5ELi4ELNS0_14table_locationE0ELNS0_11unpack_kindE0EEEEEvPKNS2_5codecIT_E12storage_typeESE_mmmNS0_12table_bundleEPd
    0 bytes stack frame, 0 bytes spill stores, 0 bytes spill loads
ptxas info    : Used 28 registers, used 1 barriers, 80 bytes smem
ptxas info    : Compile time = 4.739 ms
ptxas info    : Compiling entry function '_ZN3aut17format_strategies14dot_map_reduceINS_7storage6e11m20ENS0_8strategyILNS0_11decode_kindE5ELi4ELNS0_14table_locationE0ELNS0_11unpack_kindE0EEEEEvPKNS2_5codecIT_E12storage_typeESE_mNS0_12table_bundleEPd' for 'sm_90'
ptxas info    : Function properties for _ZN3aut17format_strategies14dot_map_reduceINS_7storage6e11m20ENS0_8strategyILNS0_11decode_kindE5ELi4ELNS0_14table_locationE0ELNS0_11unpack_kindE0EEEEEvPKNS2_5codecIT_E12storage_typeESE_mNS0_12table_bundleEPd
    0 bytes stack frame, 0 bytes spill stores, 0 bytes spill loads
ptxas info    : Used 29 registers, used 1 barriers, 80 bytes smem
ptxas info    : Compile time = 4.563 ms
ptxas info    : Compiling entry function '_ZN3aut17format_strategies12decode_codesINS_7storage6e11m20ENS0_8strategyILNS0_11decode_kindE5ELi4ELNS0_14table_locationE0ELNS0_11unpack_kindE0EEEEEvPKNS2_5codecIT_E12storage_typeEmNS0_12table_bundleEPd' for 'sm_90'
ptxas info    : Function properties for _ZN3aut17format_strategies12decode_codesINS_7storage6e11m20ENS0_8strategyILNS0_11decode_kindE5ELi4ELNS0_14table_locationE0ELNS0_11unpack_kindE0EEEEEvPKNS2_5codecIT_E12storage_typeEmNS0_12table_bundleEPd
    0 bytes stack frame, 0 bytes spill stores, 0 bytes spill loads
ptxas info    : Used 24 registers, used 0 barriers
ptxas info    : Compile time = 5.505 ms
ptxas info    : Compiling entry function '_ZN3aut17format_strategies4gemvINS_7storage6e11m20ENS0_8strategyILNS0_11decode_kindE5ELi2ELNS0_14table_locationE0ELNS0_11unpack_kindE0EEEEEvPKNS2_5codecIT_E12storage_typeESE_mmmNS0_12table_bundleEPd' for 'sm_90'
ptxas info    : Function properties for _ZN3aut17format_strategies4gemvINS_7storage6e11m20ENS0_8strategyILNS0_11decode_kindE5ELi2ELNS0_14table_locationE0ELNS0_11unpack_kindE0EEEEEvPKNS2_5codecIT_E12storage_typeESE_mmmNS0_12table_bundleEPd
    0 bytes stack frame, 0 bytes spill stores, 0 bytes spill loads
ptxas info    : Used 22 registers, used 1 barriers, 80 bytes smem
ptxas info    : Compile time = 4.474 ms
ptxas info    : Compiling entry function '_ZN3aut17format_strategies14dot_map_reduceINS_7storage6e11m20ENS0_8strategyILNS0_11decode_kindE5ELi2ELNS0_14table_locationE0ELNS0_11unpack_kindE0EEEEEvPKNS2_5codecIT_E12storage_typeESE_mNS0_12table_bundleEPd' for 'sm_90'
ptxas info    : Function properties for _ZN3aut17format_strategies14dot_map_reduceINS_7storage6e11m20ENS0_8strategyILNS0_11decode_kindE5ELi2ELNS0_14table_locationE0ELNS0_11unpack_kindE0EEEEEvPKNS2_5codecIT_E12storage_typeESE_mNS0_12table_bundleEPd
    0 bytes stack frame, 0 bytes spill stores, 0 bytes spill loads
ptxas info    : Used 24 registers, used 1 barriers, 80 bytes smem
ptxas info    : Compile time = 4.243 ms
ptxas info    : Compiling entry function '_ZN3aut17format_strategies12decode_codesINS_7storage6e11m20ENS0_8strategyILNS0_11decode_kindE5ELi2ELNS0_14table_locationE0ELNS0_11unpack_kindE0EEEEEvPKNS2_5codecIT_E12storage_typeEmNS0_12table_bundleEPd' for 'sm_90'
ptxas info    : Function properties for _ZN3aut17format_strategies12decode_codesINS_7storage6e11m20ENS0_8strategyILNS0_11decode_kindE5ELi2ELNS0_14table_locationE0ELNS0_11unpack_kindE0EEEEEvPKNS2_5codecIT_E12storage_typeEmNS0_12table_bundleEPd
    0 bytes stack frame, 0 bytes spill stores, 0 bytes spill loads
ptxas info    : Used 24 registers, used 0 barriers
ptxas info    : Compile time = 5.374 ms
ptxas info    : Compiling entry function '_ZN3aut17format_strategies4gemvINS_7storage6e11m20ENS0_8strategyILNS0_11decode_kindE5ELi1ELNS0_14table_locationE0ELNS0_11unpack_kindE0EEEEEvPKNS2_5codecIT_E12storage_typeESE_mmmNS0_12table_bundleEPd' for 'sm_90'
ptxas info    : Function properties for _ZN3aut17format_strategies4gemvINS_7storage6e11m20ENS0_8strategyILNS0_11decode_kindE5ELi1ELNS0_14table_locationE0ELNS0_11unpack_kindE0EEEEEvPKNS2_5codecIT_E12storage_typeESE_mmmNS0_12table_bundleEPd
    0 bytes stack frame, 0 bytes spill stores, 0 bytes spill loads
ptxas info    : Used 21 registers, used 1 barriers, 80 bytes smem
ptxas info    : Compile time = 4.198 ms
ptxas info    : Compiling entry function '_ZN3aut17format_strategies14dot_map_reduceINS_7storage6e11m20ENS0_8strategyILNS0_11decode_kindE5ELi1ELNS0_14table_locationE0ELNS0_11unpack_kindE0EEEEEvPKNS2_5codecIT_E12storage_typeESE_mNS0_12table_bundleEPd' for 'sm_90'
ptxas info    : Function properties for _ZN3aut17format_strategies14dot_map_reduceINS_7storage6e11m20ENS0_8strategyILNS0_11decode_kindE5ELi1ELNS0_14table_locationE0ELNS0_11unpack_kindE0EEEEEvPKNS2_5codecIT_E12storage_typeESE_mNS0_12table_bundleEPd
    0 bytes stack frame, 0 bytes spill stores, 0 bytes spill loads
ptxas info    : Used 22 registers, used 1 barriers, 80 bytes smem
ptxas info    : Compile time = 4.020 ms
ptxas info    : Compiling entry function '_ZN3aut17format_strategies12decode_codesINS_7storage6e11m20ENS0_8strategyILNS0_11decode_kindE5ELi1ELNS0_14table_locationE0ELNS0_11unpack_kindE0EEEEEvPKNS2_5codecIT_E12storage_typeEmNS0_12table_bundleEPd' for 'sm_90'
ptxas info    : Function properties for _ZN3aut17format_strategies12decode_codesINS_7storage6e11m20ENS0_8strategyILNS0_11decode_kindE5ELi1ELNS0_14table_locationE0ELNS0_11unpack_kindE0EEEEEvPKNS2_5codecIT_E12storage_typeEmNS0_12table_bundleEPd
    0 bytes stack frame, 0 bytes spill stores, 0 bytes spill loads
ptxas info    : Used 24 registers, used 0 barriers
ptxas info    : Compile time = 5.336 ms
ptxas info    : Compiling entry function '_ZN3aut17format_strategies4gemvINS_7storage6e11m20ENS0_8strategyILNS0_11decode_kindE0ELi8ELNS0_14table_locationE0ELNS0_11unpack_kindE0EEEEEvPKNS2_5codecIT_E12storage_typeESE_mmmNS0_12table_bundleEPd' for 'sm_90'
ptxas info    : Function properties for _ZN3aut17format_strategies4gemvINS_7storage6e11m20ENS0_8strategyILNS0_11decode_kindE0ELi8ELNS0_14table_locationE0ELNS0_11unpack_kindE0EEEEEvPKNS2_5codecIT_E12storage_typeESE_mmmNS0_12table_bundleEPd
    0 bytes stack frame, 0 bytes spill stores, 0 bytes spill loads
ptxas info    : Used 42 registers, used 1 barriers, 80 bytes smem
ptxas info    : Compile time = 5.303 ms
ptxas info    : Compiling entry function '_ZN3aut17format_strategies14dot_map_reduceINS_7storage6e11m20ENS0_8strategyILNS0_11decode_kindE0ELi8ELNS0_14table_locationE0ELNS0_11unpack_kindE0EEEEEvPKNS2_5codecIT_E12storage_typeESE_mNS0_12table_bundleEPd' for 'sm_90'
ptxas info    : Function properties for _ZN3aut17format_strategies14dot_map_reduceINS_7storage6e11m20ENS0_8strategyILNS0_11decode_kindE0ELi8ELNS0_14table_locationE0ELNS0_11unpack_kindE0EEEEEvPKNS2_5codecIT_E12storage_typeESE_mNS0_12table_bundleEPd
    0 bytes stack frame, 0 bytes spill stores, 0 bytes spill loads
ptxas info    : Used 42 registers, used 1 barriers, 80 bytes smem
ptxas info    : Compile time = 5.121 ms
ptxas info    : Compiling entry function '_ZN3aut17format_strategies12decode_codesINS_7storage6e11m20ENS0_8strategyILNS0_11decode_kindE0ELi8ELNS0_14table_locationE0ELNS0_11unpack_kindE0EEEEEvPKNS2_5codecIT_E12storage_typeEmNS0_12table_bundleEPd' for 'sm_90'
ptxas info    : Function properties for _ZN3aut17format_strategies12decode_codesINS_7storage6e11m20ENS0_8strategyILNS0_11decode_kindE0ELi8ELNS0_14table_locationE0ELNS0_11unpack_kindE0EEEEEvPKNS2_5codecIT_E12storage_typeEmNS0_12table_bundleEPd
    0 bytes stack frame, 0 bytes spill stores, 0 bytes spill loads
ptxas info    : Used 24 registers, used 0 barriers
ptxas info    : Compile time = 5.668 ms
ptxas info    : Compiling entry function '_ZN3aut17format_strategies4gemvINS_7storage6e11m20ENS0_8strategyILNS0_11decode_kindE0ELi4ELNS0_14table_locationE0ELNS0_11unpack_kindE0EEEEEvPKNS2_5codecIT_E12storage_typeESE_mmmNS0_12table_bundleEPd' for 'sm_90'
ptxas info    : Function properties for _ZN3aut17format_strategies4gemvINS_7storage6e11m20ENS0_8strategyILNS0_11decode_kindE0ELi4ELNS0_14table_locationE0ELNS0_11unpack_kindE0EEEEEvPKNS2_5codecIT_E12storage_typeESE_mmmNS0_12table_bundleEPd
    0 bytes stack frame, 0 bytes spill stores, 0 bytes spill loads
ptxas info    : Used 28 registers, used 1 barriers, 80 bytes smem
ptxas info    : Compile time = 4.774 ms
ptxas info    : Compiling entry function '_ZN3aut17format_strategies14dot_map_reduceINS_7storage6e11m20ENS0_8strategyILNS0_11decode_kindE0ELi4ELNS0_14table_locationE0ELNS0_11unpack_kindE0EEEEEvPKNS2_5codecIT_E12storage_typeESE_mNS0_12table_bundleEPd' for 'sm_90'
ptxas info    : Function properties for _ZN3aut17format_strategies14dot_map_reduceINS_7storage6e11m20ENS0_8strategyILNS0_11decode_kindE0ELi4ELNS0_14table_locationE0ELNS0_11unpack_kindE0EEEEEvPKNS2_5codecIT_E12storage_typeESE_mNS0_12table_bundleEPd
    0 bytes stack frame, 0 bytes spill stores, 0 bytes spill loads
ptxas info    : Used 29 registers, used 1 barriers, 80 bytes smem
ptxas info    : Compile time = 4.577 ms
ptxas info    : Compiling entry function '_ZN3aut17format_strategies12decode_codesINS_7storage6e11m20ENS0_8strategyILNS0_11decode_kindE0ELi4ELNS0_14table_locationE0ELNS0_11unpack_kindE0EEEEEvPKNS2_5codecIT_E12storage_typeEmNS0_12table_bundleEPd' for 'sm_90'
ptxas info    : Function properties for _ZN3aut17format_strategies12decode_codesINS_7storage6e11m20ENS0_8strategyILNS0_11decode_kindE0ELi4ELNS0_14table_locationE0ELNS0_11unpack_kindE0EEEEEvPKNS2_5codecIT_E12storage_typeEmNS0_12table_bundleEPd
    0 bytes stack frame, 0 bytes spill stores, 0 bytes spill loads
ptxas info    : Used 24 registers, used 0 barriers
ptxas info    : Compile time = 5.480 ms
ptxas info    : Compiling entry function '_ZN3aut17format_strategies4gemvINS_7storage6e11m20ENS0_8strategyILNS0_11decode_kindE0ELi2ELNS0_14table_locationE0ELNS0_11unpack_kindE0EEEEEvPKNS2_5codecIT_E12storage_typeESE_mmmNS0_12table_bundleEPd' for 'sm_90'
ptxas info    : Function properties for _ZN3aut17format_strategies4gemvINS_7storage6e11m20ENS0_8strategyILNS0_11decode_kindE0ELi2ELNS0_14table_locationE0ELNS0_11unpack_kindE0EEEEEvPKNS2_5codecIT_E12storage_typeESE_mmmNS0_12table_bundleEPd
    0 bytes stack frame, 0 bytes spill stores, 0 bytes spill loads
ptxas info    : Used 22 registers, used 1 barriers, 80 bytes smem
ptxas info    : Compile time = 4.499 ms
ptxas info    : Compiling entry function '_ZN3aut17format_strategies14dot_map_reduceINS_7storage6e11m20ENS0_8strategyILNS0_11decode_kindE0ELi2ELNS0_14table_locationE0ELNS0_11unpack_kindE0EEEEEvPKNS2_5codecIT_E12storage_typeESE_mNS0_12table_bundleEPd' for 'sm_90'
ptxas info    : Function properties for _ZN3aut17format_strategies14dot_map_reduceINS_7storage6e11m20ENS0_8strategyILNS0_11decode_kindE0ELi2ELNS0_14table_locationE0ELNS0_11unpack_kindE0EEEEEvPKNS2_5codecIT_E12storage_typeESE_mNS0_12table_bundleEPd
    0 bytes stack frame, 0 bytes spill stores, 0 bytes spill loads
ptxas info    : Used 24 registers, used 1 barriers, 80 bytes smem
ptxas info    : Compile time = 4.278 ms
ptxas info    : Compiling entry function '_ZN3aut17format_strategies12decode_codesINS_7storage6e11m20ENS0_8strategyILNS0_11decode_kindE0ELi2ELNS0_14table_locationE0ELNS0_11unpack_kindE0EEEEEvPKNS2_5codecIT_E12storage_typeEmNS0_12table_bundleEPd' for 'sm_90'
ptxas info    : Function properties for _ZN3aut17format_strategies12decode_codesINS_7storage6e11m20ENS0_8strategyILNS0_11decode_kindE0ELi2ELNS0_14table_locationE0ELNS0_11unpack_kindE0EEEEEvPKNS2_5codecIT_E12storage_typeEmNS0_12table_bundleEPd
    0 bytes stack frame, 0 bytes spill stores, 0 bytes spill loads
ptxas info    : Used 24 registers, used 0 barriers
ptxas info    : Compile time = 5.374 ms
ptxas info    : Compiling entry function '_ZN3aut17format_strategies4gemvINS_7storage6e11m20ENS0_8strategyILNS0_11decode_kindE0ELi1ELNS0_14table_locationE0ELNS0_11unpack_kindE0EEEEEvPKNS2_5codecIT_E12storage_typeESE_mmmNS0_12table_bundleEPd' for 'sm_90'
ptxas info    : Function properties for _ZN3aut17format_strategies4gemvINS_7storage6e11m20ENS0_8strategyILNS0_11decode_kindE0ELi1ELNS0_14table_locationE0ELNS0_11unpack_kindE0EEEEEvPKNS2_5codecIT_E12storage_typeESE_mmmNS0_12table_bundleEPd
    0 bytes stack frame, 0 bytes spill stores, 0 bytes spill loads
ptxas info    : Used 21 registers, used 1 barriers, 80 bytes smem
ptxas info    : Compile time = 4.198 ms
ptxas info    : Compiling entry function '_ZN3aut17format_strategies14dot_map_reduceINS_7storage6e11m20ENS0_8strategyILNS0_11decode_kindE0ELi1ELNS0_14table_locationE0ELNS0_11unpack_kindE0EEEEEvPKNS2_5codecIT_E12storage_typeESE_mNS0_12table_bundleEPd' for 'sm_90'
ptxas info    : Function properties for _ZN3aut17format_strategies14dot_map_reduceINS_7storage6e11m20ENS0_8strategyILNS0_11decode_kindE0ELi1ELNS0_14table_locationE0ELNS0_11unpack_kindE0EEEEEvPKNS2_5codecIT_E12storage_typeESE_mNS0_12table_bundleEPd
    0 bytes stack frame, 0 bytes spill stores, 0 bytes spill loads
ptxas info    : Used 22 registers, used 1 barriers, 80 bytes smem
ptxas info    : Compile time = 4.013 ms
ptxas info    : Compiling entry function '_ZN3aut17format_strategies12decode_codesINS_7storage6e11m20ENS0_8strategyILNS0_11decode_kindE0ELi1ELNS0_14table_locationE0ELNS0_11unpack_kindE0EEEEEvPKNS2_5codecIT_E12storage_typeEmNS0_12table_bundleEPd' for 'sm_90'
ptxas info    : Function properties for _ZN3aut17format_strategies12decode_codesINS_7storage6e11m20ENS0_8strategyILNS0_11decode_kindE0ELi1ELNS0_14table_locationE0ELNS0_11unpack_kindE0EEEEEvPKNS2_5codecIT_E12storage_typeEmNS0_12table_bundleEPd
    0 bytes stack frame, 0 bytes spill stores, 0 bytes spill loads
ptxas info    : Used 24 registers, used 0 barriers
ptxas info    : Compile time = 5.354 ms
ptxas info    : Compiling entry function '_ZN3aut17format_strategies4gemvINS_7storage10fp32_e8m23ENS0_8strategyILNS0_11decode_kindE8ELi8ELNS0_14table_locationE1ELNS0_11unpack_kindE0EEEEEvPKNS2_5codecIT_E12storage_typeESE_mmmNS0_12table_bundleEPd' for 'sm_90'
ptxas info    : Function properties for _ZN3aut17format_strategies4gemvINS_7storage10fp32_e8m23ENS0_8strategyILNS0_11decode_kindE8ELi8ELNS0_14table_locationE1ELNS0_11unpack_kindE0EEEEEvPKNS2_5codecIT_E12storage_typeESE_mmmNS0_12table_bundleEPd
    0 bytes stack frame, 0 bytes spill stores, 0 bytes spill loads
ptxas info    : Used 59 registers, used 1 barriers, 80 bytes smem
ptxas info    : Compile time = 18.524 ms
ptxas info    : Compiling entry function '_ZN3aut17format_strategies14dot_map_reduceINS_7storage10fp32_e8m23ENS0_8strategyILNS0_11decode_kindE8ELi8ELNS0_14table_locationE1ELNS0_11unpack_kindE0EEEEEvPKNS2_5codecIT_E12storage_typeESE_mNS0_12table_bundleEPd' for 'sm_90'
ptxas info    : Function properties for _ZN3aut17format_strategies14dot_map_reduceINS_7storage10fp32_e8m23ENS0_8strategyILNS0_11decode_kindE8ELi8ELNS0_14table_locationE1ELNS0_11unpack_kindE0EEEEEvPKNS2_5codecIT_E12storage_typeESE_mNS0_12table_bundleEPd
    0 bytes stack frame, 0 bytes spill stores, 0 bytes spill loads
ptxas info    : Used 61 registers, used 1 barriers, 80 bytes smem
ptxas info    : Compile time = 17.402 ms
ptxas info    : Compiling entry function '_ZN3aut17format_strategies12decode_codesINS_7storage10fp32_e8m23ENS0_8strategyILNS0_11decode_kindE8ELi8ELNS0_14table_locationE1ELNS0_11unpack_kindE0EEEEEvPKNS2_5codecIT_E12storage_typeEmNS0_12table_bundleEPd' for 'sm_90'
ptxas info    : Function properties for _ZN3aut17format_strategies12decode_codesINS_7storage10fp32_e8m23ENS0_8strategyILNS0_11decode_kindE8ELi8ELNS0_14table_locationE1ELNS0_11unpack_kindE0EEEEEvPKNS2_5codecIT_E12storage_typeEmNS0_12table_bundleEPd
    0 bytes stack frame, 0 bytes spill stores, 0 bytes spill loads
ptxas info    : Used 27 registers, used 1 barriers
ptxas info    : Compile time = 12.127 ms
ptxas info    : Compiling entry function '_ZN3aut17format_strategies4gemvINS_7storage10fp32_e8m23ENS0_8strategyILNS0_11decode_kindE8ELi4ELNS0_14table_locationE1ELNS0_11unpack_kindE0EEEEEvPKNS2_5codecIT_E12storage_typeESE_mmmNS0_12table_bundleEPd' for 'sm_90'
ptxas info    : Function properties for _ZN3aut17format_strategies4gemvINS_7storage10fp32_e8m23ENS0_8strategyILNS0_11decode_kindE8ELi4ELNS0_14table_locationE1ELNS0_11unpack_kindE0EEEEEvPKNS2_5codecIT_E12storage_typeESE_mmmNS0_12table_bundleEPd
    0 bytes stack frame, 0 bytes spill stores, 0 bytes spill loads
ptxas info    : Used 37 registers, used 1 barriers, 80 bytes smem
ptxas info    : Compile time = 11.776 ms
ptxas info    : Compiling entry function '_ZN3aut17format_strategies14dot_map_reduceINS_7storage10fp32_e8m23ENS0_8strategyILNS0_11decode_kindE8ELi4ELNS0_14table_locationE1ELNS0_11unpack_kindE0EEEEEvPKNS2_5codecIT_E12storage_typeESE_mNS0_12table_bundleEPd' for 'sm_90'
ptxas info    : Function properties for _ZN3aut17format_strategies14dot_map_reduceINS_7storage10fp32_e8m23ENS0_8strategyILNS0_11decode_kindE8ELi4ELNS0_14table_locationE1ELNS0_11unpack_kindE0EEEEEvPKNS2_5codecIT_E12storage_typeESE_mNS0_12table_bundleEPd
    0 bytes stack frame, 0 bytes spill stores, 0 bytes spill loads
ptxas info    : Used 40 registers, used 1 barriers, 80 bytes smem
ptxas info    : Compile time = 11.659 ms
ptxas info    : Compiling entry function '_ZN3aut17format_strategies12decode_codesINS_7storage10fp32_e8m23ENS0_8strategyILNS0_11decode_kindE8ELi4ELNS0_14table_locationE1ELNS0_11unpack_kindE0EEEEEvPKNS2_5codecIT_E12storage_typeEmNS0_12table_bundleEPd' for 'sm_90'
ptxas info    : Function properties for _ZN3aut17format_strategies12decode_codesINS_7storage10fp32_e8m23ENS0_8strategyILNS0_11decode_kindE8ELi4ELNS0_14table_locationE1ELNS0_11unpack_kindE0EEEEEvPKNS2_5codecIT_E12storage_typeEmNS0_12table_bundleEPd
    0 bytes stack frame, 0 bytes spill stores, 0 bytes spill loads
ptxas info    : Used 22 registers, used 1 barriers
ptxas info    : Compile time = 9.733 ms
ptxas info    : Compiling entry function '_ZN3aut17format_strategies4gemvINS_7storage10fp32_e8m23ENS0_8strategyILNS0_11decode_kindE8ELi8ELNS0_14table_locationE0ELNS0_11unpack_kindE0EEEEEvPKNS2_5codecIT_E12storage_typeESE_mmmNS0_12table_bundleEPd' for 'sm_90'
ptxas info    : Function properties for _ZN3aut17format_strategies4gemvINS_7storage10fp32_e8m23ENS0_8strategyILNS0_11decode_kindE8ELi8ELNS0_14table_locationE0ELNS0_11unpack_kindE0EEEEEvPKNS2_5codecIT_E12storage_typeESE_mmmNS0_12table_bundleEPd
    0 bytes stack frame, 0 bytes spill stores, 0 bytes spill loads
ptxas info    : Used 64 registers, used 1 barriers, 80 bytes smem
ptxas info    : Compile time = 17.549 ms
ptxas info    : Compiling entry function '_ZN3aut17format_strategies14dot_map_reduceINS_7storage10fp32_e8m23ENS0_8strategyILNS0_11decode_kindE8ELi8ELNS0_14table_locationE0ELNS0_11unpack_kindE0EEEEEvPKNS2_5codecIT_E12storage_typeESE_mNS0_12table_bundleEPd' for 'sm_90'
ptxas info    : Function properties for _ZN3aut17format_strategies14dot_map_reduceINS_7storage10fp32_e8m23ENS0_8strategyILNS0_11decode_kindE8ELi8ELNS0_14table_locationE0ELNS0_11unpack_kindE0EEEEEvPKNS2_5codecIT_E12storage_typeESE_mNS0_12table_bundleEPd
    0 bytes stack frame, 0 bytes spill stores, 0 bytes spill loads
ptxas info    : Used 68 registers, used 1 barriers, 80 bytes smem
ptxas info    : Compile time = 17.260 ms
ptxas info    : Compiling entry function '_ZN3aut17format_strategies12decode_codesINS_7storage10fp32_e8m23ENS0_8strategyILNS0_11decode_kindE8ELi8ELNS0_14table_locationE0ELNS0_11unpack_kindE0EEEEEvPKNS2_5codecIT_E12storage_typeEmNS0_12table_bundleEPd' for 'sm_90'
ptxas info    : Function properties for _ZN3aut17format_strategies12decode_codesINS_7storage10fp32_e8m23ENS0_8strategyILNS0_11decode_kindE8ELi8ELNS0_14table_locationE0ELNS0_11unpack_kindE0EEEEEvPKNS2_5codecIT_E12storage_typeEmNS0_12table_bundleEPd
    0 bytes stack frame, 0 bytes spill stores, 0 bytes spill loads
ptxas info    : Used 32 registers, used 0 barriers
ptxas info    : Compile time = 11.559 ms
ptxas info    : Compiling entry function '_ZN3aut17format_strategies4gemvINS_7storage10fp32_e8m23ENS0_8strategyILNS0_11decode_kindE8ELi4ELNS0_14table_locationE0ELNS0_11unpack_kindE0EEEEEvPKNS2_5codecIT_E12storage_typeESE_mmmNS0_12table_bundleEPd' for 'sm_90'
ptxas info    : Function properties for _ZN3aut17format_strategies4gemvINS_7storage10fp32_e8m23ENS0_8strategyILNS0_11decode_kindE8ELi4ELNS0_14table_locationE0ELNS0_11unpack_kindE0EEEEEvPKNS2_5codecIT_E12storage_typeESE_mmmNS0_12table_bundleEPd
    0 bytes stack frame, 0 bytes spill stores, 0 bytes spill loads
ptxas info    : Used 40 registers, used 1 barriers, 80 bytes smem
ptxas info    : Compile time = 11.186 ms
ptxas info    : Compiling entry function '_ZN3aut17format_strategies14dot_map_reduceINS_7storage10fp32_e8m23ENS0_8strategyILNS0_11decode_kindE8ELi4ELNS0_14table_locationE0ELNS0_11unpack_kindE0EEEEEvPKNS2_5codecIT_E12storage_typeESE_mNS0_12table_bundleEPd' for 'sm_90'
ptxas info    : Function properties for _ZN3aut17format_strategies14dot_map_reduceINS_7storage10fp32_e8m23ENS0_8strategyILNS0_11decode_kindE8ELi4ELNS0_14table_locationE0ELNS0_11unpack_kindE0EEEEEvPKNS2_5codecIT_E12storage_typeESE_mNS0_12table_bundleEPd
    0 bytes stack frame, 0 bytes spill stores, 0 bytes spill loads
ptxas info    : Used 40 registers, used 1 barriers, 80 bytes smem
ptxas info    : Compile time = 11.145 ms
ptxas info    : Compiling entry function '_ZN3aut17format_strategies12decode_codesINS_7storage10fp32_e8m23ENS0_8strategyILNS0_11decode_kindE8ELi4ELNS0_14table_locationE0ELNS0_11unpack_kindE0EEEEEvPKNS2_5codecIT_E12storage_typeEmNS0_12table_bundleEPd' for 'sm_90'
ptxas info    : Function properties for _ZN3aut17format_strategies12decode_codesINS_7storage10fp32_e8m23ENS0_8strategyILNS0_11decode_kindE8ELi4ELNS0_14table_locationE0ELNS0_11unpack_kindE0EEEEEvPKNS2_5codecIT_E12storage_typeEmNS0_12table_bundleEPd
    0 bytes stack frame, 0 bytes spill stores, 0 bytes spill loads
ptxas info    : Used 26 registers, used 0 barriers
ptxas info    : Compile time = 9.132 ms
ptxas info    : Compiling entry function '_ZN3aut17format_strategies4gemvINS_7storage10fp32_e8m23ENS0_8strategyILNS0_11decode_kindE2ELi8ELNS0_14table_locationE0ELNS0_11unpack_kindE0EEEEEvPKNS2_5codecIT_E12storage_typeESE_mmmNS0_12table_bundleEPd' for 'sm_90'
ptxas info    : Function properties for _ZN3aut17format_strategies4gemvINS_7storage10fp32_e8m23ENS0_8strategyILNS0_11decode_kindE2ELi8ELNS0_14table_locationE0ELNS0_11unpack_kindE0EEEEEvPKNS2_5codecIT_E12storage_typeESE_mmmNS0_12table_bundleEPd
    0 bytes stack frame, 0 bytes spill stores, 0 bytes spill loads
ptxas info    : Used 48 registers, used 1 barriers, 80 bytes smem
ptxas info    : Compile time = 19.798 ms
ptxas info    : Compiling entry function '_ZN3aut17format_strategies14dot_map_reduceINS_7storage10fp32_e8m23ENS0_8strategyILNS0_11decode_kindE2ELi8ELNS0_14table_locationE0ELNS0_11unpack_kindE0EEEEEvPKNS2_5codecIT_E12storage_typeESE_mNS0_12table_bundleEPd' for 'sm_90'
ptxas info    : Function properties for _ZN3aut17format_strategies14dot_map_reduceINS_7storage10fp32_e8m23ENS0_8strategyILNS0_11decode_kindE2ELi8ELNS0_14table_locationE0ELNS0_11unpack_kindE0EEEEEvPKNS2_5codecIT_E12storage_typeESE_mNS0_12table_bundleEPd
    0 bytes stack frame, 0 bytes spill stores, 0 bytes spill loads
ptxas info    : Used 60 registers, used 1 barriers, 80 bytes smem
ptxas info    : Compile time = 19.657 ms
ptxas info    : Compiling entry function '_ZN3aut17format_strategies12decode_codesINS_7storage10fp32_e8m23ENS0_8strategyILNS0_11decode_kindE2ELi8ELNS0_14table_locationE0ELNS0_11unpack_kindE0EEEEEvPKNS2_5codecIT_E12storage_typeEmNS0_12table_bundleEPd' for 'sm_90'
ptxas info    : Function properties for _ZN3aut17format_strategies12decode_codesINS_7storage10fp32_e8m23ENS0_8strategyILNS0_11decode_kindE2ELi8ELNS0_14table_locationE0ELNS0_11unpack_kindE0EEEEEvPKNS2_5codecIT_E12storage_typeEmNS0_12table_bundleEPd
    0 bytes stack frame, 0 bytes spill stores, 0 bytes spill loads
ptxas info    : Used 32 registers, used 0 barriers
ptxas info    : Compile time = 10.427 ms
ptxas info    : Compiling entry function '_ZN3aut17format_strategies4gemvINS_7storage10fp32_e8m23ENS0_8strategyILNS0_11decode_kindE2ELi4ELNS0_14table_locationE0ELNS0_11unpack_kindE0EEEEEvPKNS2_5codecIT_E12storage_typeESE_mmmNS0_12table_bundleEPd' for 'sm_90'
ptxas info    : Function properties for _ZN3aut17format_strategies4gemvINS_7storage10fp32_e8m23ENS0_8strategyILNS0_11decode_kindE2ELi4ELNS0_14table_locationE0ELNS0_11unpack_kindE0EEEEEvPKNS2_5codecIT_E12storage_typeESE_mmmNS0_12table_bundleEPd
    0 bytes stack frame, 0 bytes spill stores, 0 bytes spill loads
ptxas info    : Used 32 registers, used 1 barriers, 80 bytes smem
ptxas info    : Compile time = 11.837 ms
ptxas info    : Compiling entry function '_ZN3aut17format_strategies14dot_map_reduceINS_7storage10fp32_e8m23ENS0_8strategyILNS0_11decode_kindE2ELi4ELNS0_14table_locationE0ELNS0_11unpack_kindE0EEEEEvPKNS2_5codecIT_E12storage_typeESE_mNS0_12table_bundleEPd' for 'sm_90'
ptxas info    : Function properties for _ZN3aut17format_strategies14dot_map_reduceINS_7storage10fp32_e8m23ENS0_8strategyILNS0_11decode_kindE2ELi4ELNS0_14table_locationE0ELNS0_11unpack_kindE0EEEEEvPKNS2_5codecIT_E12storage_typeESE_mNS0_12table_bundleEPd
    0 bytes stack frame, 0 bytes spill stores, 0 bytes spill loads
ptxas info    : Used 43 registers, used 1 barriers, 80 bytes smem
ptxas info    : Compile time = 12.379 ms
ptxas info    : Compiling entry function '_ZN3aut17format_strategies12decode_codesINS_7storage10fp32_e8m23ENS0_8strategyILNS0_11decode_kindE2ELi4ELNS0_14table_locationE0ELNS0_11unpack_kindE0EEEEEvPKNS2_5codecIT_E12storage_typeEmNS0_12table_bundleEPd' for 'sm_90'
ptxas info    : Function properties for _ZN3aut17format_strategies12decode_codesINS_7storage10fp32_e8m23ENS0_8strategyILNS0_11decode_kindE2ELi4ELNS0_14table_locationE0ELNS0_11unpack_kindE0EEEEEvPKNS2_5codecIT_E12storage_typeEmNS0_12table_bundleEPd
    0 bytes stack frame, 0 bytes spill stores, 0 bytes spill loads
ptxas info    : Used 32 registers, used 0 barriers
ptxas info    : Compile time = 7.567 ms
ptxas info    : Compiling entry function '_ZN3aut17format_strategies4gemvINS_7storage10fp32_e8m23ENS0_8strategyILNS0_11decode_kindE2ELi2ELNS0_14table_locationE0ELNS0_11unpack_kindE0EEEEEvPKNS2_5codecIT_E12storage_typeESE_mmmNS0_12table_bundleEPd' for 'sm_90'
ptxas info    : Function properties for _ZN3aut17format_strategies4gemvINS_7storage10fp32_e8m23ENS0_8strategyILNS0_11decode_kindE2ELi2ELNS0_14table_locationE0ELNS0_11unpack_kindE0EEEEEvPKNS2_5codecIT_E12storage_typeESE_mmmNS0_12table_bundleEPd
    0 bytes stack frame, 0 bytes spill stores, 0 bytes spill loads
ptxas info    : Used 30 registers, used 1 barriers, 80 bytes smem
ptxas info    : Compile time = 8.897 ms
ptxas info    : Compiling entry function '_ZN3aut17format_strategies14dot_map_reduceINS_7storage10fp32_e8m23ENS0_8strategyILNS0_11decode_kindE2ELi2ELNS0_14table_locationE0ELNS0_11unpack_kindE0EEEEEvPKNS2_5codecIT_E12storage_typeESE_mNS0_12table_bundleEPd' for 'sm_90'
ptxas info    : Function properties for _ZN3aut17format_strategies14dot_map_reduceINS_7storage10fp32_e8m23ENS0_8strategyILNS0_11decode_kindE2ELi2ELNS0_14table_locationE0ELNS0_11unpack_kindE0EEEEEvPKNS2_5codecIT_E12storage_typeESE_mNS0_12table_bundleEPd
    0 bytes stack frame, 0 bytes spill stores, 0 bytes spill loads
ptxas info    : Used 32 registers, used 1 barriers, 80 bytes smem
ptxas info    : Compile time = 8.637 ms
ptxas info    : Compiling entry function '_ZN3aut17format_strategies12decode_codesINS_7storage10fp32_e8m23ENS0_8strategyILNS0_11decode_kindE2ELi2ELNS0_14table_locationE0ELNS0_11unpack_kindE0EEEEEvPKNS2_5codecIT_E12storage_typeEmNS0_12table_bundleEPd' for 'sm_90'
ptxas info    : Function properties for _ZN3aut17format_strategies12decode_codesINS_7storage10fp32_e8m23ENS0_8strategyILNS0_11decode_kindE2ELi2ELNS0_14table_locationE0ELNS0_11unpack_kindE0EEEEEvPKNS2_5codecIT_E12storage_typeEmNS0_12table_bundleEPd
    0 bytes stack frame, 0 bytes spill stores, 0 bytes spill loads
ptxas info    : Used 25 registers, used 0 barriers
ptxas info    : Compile time = 6.231 ms
ptxas info    : Compiling entry function '_ZN3aut17format_strategies4gemvINS_7storage10fp32_e8m23ENS0_8strategyILNS0_11decode_kindE2ELi1ELNS0_14table_locationE0ELNS0_11unpack_kindE0EEEEEvPKNS2_5codecIT_E12storage_typeESE_mmmNS0_12table_bundleEPd' for 'sm_90'
ptxas info    : Function properties for _ZN3aut17format_strategies4gemvINS_7storage10fp32_e8m23ENS0_8strategyILNS0_11decode_kindE2ELi1ELNS0_14table_locationE0ELNS0_11unpack_kindE0EEEEEvPKNS2_5codecIT_E12storage_typeESE_mmmNS0_12table_bundleEPd
    0 bytes stack frame, 0 bytes spill stores, 0 bytes spill loads
ptxas info    : Used 29 registers, used 1 barriers, 80 bytes smem
ptxas info    : Compile time = 7.246 ms
ptxas info    : Compiling entry function '_ZN3aut17format_strategies14dot_map_reduceINS_7storage10fp32_e8m23ENS0_8strategyILNS0_11decode_kindE2ELi1ELNS0_14table_locationE0ELNS0_11unpack_kindE0EEEEEvPKNS2_5codecIT_E12storage_typeESE_mNS0_12table_bundleEPd' for 'sm_90'
ptxas info    : Function properties for _ZN3aut17format_strategies14dot_map_reduceINS_7storage10fp32_e8m23ENS0_8strategyILNS0_11decode_kindE2ELi1ELNS0_14table_locationE0ELNS0_11unpack_kindE0EEEEEvPKNS2_5codecIT_E12storage_typeESE_mNS0_12table_bundleEPd
    0 bytes stack frame, 0 bytes spill stores, 0 bytes spill loads
ptxas info    : Used 28 registers, used 1 barriers, 80 bytes smem
ptxas info    : Compile time = 7.087 ms
ptxas info    : Compiling entry function '_ZN3aut17format_strategies12decode_codesINS_7storage10fp32_e8m23ENS0_8strategyILNS0_11decode_kindE2ELi1ELNS0_14table_locationE0ELNS0_11unpack_kindE0EEEEEvPKNS2_5codecIT_E12storage_typeEmNS0_12table_bundleEPd' for 'sm_90'
ptxas info    : Function properties for _ZN3aut17format_strategies12decode_codesINS_7storage10fp32_e8m23ENS0_8strategyILNS0_11decode_kindE2ELi1ELNS0_14table_locationE0ELNS0_11unpack_kindE0EEEEEvPKNS2_5codecIT_E12storage_typeEmNS0_12table_bundleEPd
    0 bytes stack frame, 0 bytes spill stores, 0 bytes spill loads
ptxas info    : Used 22 registers, used 0 barriers
ptxas info    : Compile time = 5.600 ms
ptxas info    : Compiling entry function '_ZN3aut17format_strategies4gemvINS_7storage10fp32_e8m23ENS0_8strategyILNS0_11decode_kindE1ELi8ELNS0_14table_locationE0ELNS0_11unpack_kindE0EEEEEvPKNS2_5codecIT_E12storage_typeESE_mmmNS0_12table_bundleEPd' for 'sm_90'
ptxas info    : Function properties for _ZN3aut17format_strategies4gemvINS_7storage10fp32_e8m23ENS0_8strategyILNS0_11decode_kindE1ELi8ELNS0_14table_locationE0ELNS0_11unpack_kindE0EEEEEvPKNS2_5codecIT_E12storage_typeESE_mmmNS0_12table_bundleEPd
    0 bytes stack frame, 0 bytes spill stores, 0 bytes spill loads
ptxas info    : Used 60 registers, used 1 barriers, 80 bytes smem
ptxas info    : Compile time = 17.213 ms
ptxas info    : Compiling entry function '_ZN3aut17format_strategies14dot_map_reduceINS_7storage10fp32_e8m23ENS0_8strategyILNS0_11decode_kindE1ELi8ELNS0_14table_locationE0ELNS0_11unpack_kindE0EEEEEvPKNS2_5codecIT_E12storage_typeESE_mNS0_12table_bundleEPd' for 'sm_90'
ptxas info    : Function properties for _ZN3aut17format_strategies14dot_map_reduceINS_7storage10fp32_e8m23ENS0_8strategyILNS0_11decode_kindE1ELi8ELNS0_14table_locationE0ELNS0_11unpack_kindE0EEEEEvPKNS2_5codecIT_E12storage_typeESE_mNS0_12table_bundleEPd
    0 bytes stack frame, 0 bytes spill stores, 0 bytes spill loads
ptxas info    : Used 61 registers, used 1 barriers, 80 bytes smem
ptxas info    : Compile time = 16.698 ms
ptxas info    : Compiling entry function '_ZN3aut17format_strategies12decode_codesINS_7storage10fp32_e8m23ENS0_8strategyILNS0_11decode_kindE1ELi8ELNS0_14table_locationE0ELNS0_11unpack_kindE0EEEEEvPKNS2_5codecIT_E12storage_typeEmNS0_12table_bundleEPd' for 'sm_90'
ptxas info    : Function properties for _ZN3aut17format_strategies12decode_codesINS_7storage10fp32_e8m23ENS0_8strategyILNS0_11decode_kindE1ELi8ELNS0_14table_locationE0ELNS0_11unpack_kindE0EEEEEvPKNS2_5codecIT_E12storage_typeEmNS0_12table_bundleEPd
    0 bytes stack frame, 0 bytes spill stores, 0 bytes spill loads
ptxas info    : Used 29 registers, used 0 barriers
ptxas info    : Compile time = 11.710 ms
ptxas info    : Compiling entry function '_ZN3aut17format_strategies4gemvINS_7storage10fp32_e8m23ENS0_8strategyILNS0_11decode_kindE1ELi4ELNS0_14table_locationE0ELNS0_11unpack_kindE0EEEEEvPKNS2_5codecIT_E12storage_typeESE_mmmNS0_12table_bundleEPd' for 'sm_90'
ptxas info    : Function properties for _ZN3aut17format_strategies4gemvINS_7storage10fp32_e8m23ENS0_8strategyILNS0_11decode_kindE1ELi4ELNS0_14table_locationE0ELNS0_11unpack_kindE0EEEEEvPKNS2_5codecIT_E12storage_typeESE_mmmNS0_12table_bundleEPd
    0 bytes stack frame, 0 bytes spill stores, 0 bytes spill loads
ptxas info    : Used 38 registers, used 1 barriers, 80 bytes smem
ptxas info    : Compile time = 11.201 ms
ptxas info    : Compiling entry function '_ZN3aut17format_strategies14dot_map_reduceINS_7storage10fp32_e8m23ENS0_8strategyILNS0_11decode_kindE1ELi4ELNS0_14table_locationE0ELNS0_11unpack_kindE0EEEEEvPKNS2_5codecIT_E12storage_typeESE_mNS0_12table_bundleEPd' for 'sm_90'
ptxas info    : Function properties for _ZN3aut17format_strategies14dot_map_reduceINS_7storage10fp32_e8m23ENS0_8strategyILNS0_11decode_kindE1ELi4ELNS0_14table_locationE0ELNS0_11unpack_kindE0EEEEEvPKNS2_5codecIT_E12storage_typeESE_mNS0_12table_bundleEPd
    0 bytes stack frame, 0 bytes spill stores, 0 bytes spill loads
ptxas info    : Used 40 registers, used 1 barriers, 80 bytes smem
ptxas info    : Compile time = 11.200 ms
ptxas info    : Compiling entry function '_ZN3aut17format_strategies12decode_codesINS_7storage10fp32_e8m23ENS0_8strategyILNS0_11decode_kindE1ELi4ELNS0_14table_locationE0ELNS0_11unpack_kindE0EEEEEvPKNS2_5codecIT_E12storage_typeEmNS0_12table_bundleEPd' for 'sm_90'
ptxas info    : Function properties for _ZN3aut17format_strategies12decode_codesINS_7storage10fp32_e8m23ENS0_8strategyILNS0_11decode_kindE1ELi4ELNS0_14table_locationE0ELNS0_11unpack_kindE0EEEEEvPKNS2_5codecIT_E12storage_typeEmNS0_12table_bundleEPd
    0 bytes stack frame, 0 bytes spill stores, 0 bytes spill loads
ptxas info    : Used 21 registers, used 0 barriers
ptxas info    : Compile time = 9.197 ms
ptxas info    : Compiling entry function '_ZN3aut17format_strategies4gemvINS_7storage10fp32_e8m23ENS0_8strategyILNS0_11decode_kindE1ELi2ELNS0_14table_locationE0ELNS0_11unpack_kindE0EEEEEvPKNS2_5codecIT_E12storage_typeESE_mmmNS0_12table_bundleEPd' for 'sm_90'
ptxas info    : Function properties for _ZN3aut17format_strategies4gemvINS_7storage10fp32_e8m23ENS0_8strategyILNS0_11decode_kindE1ELi2ELNS0_14table_locationE0ELNS0_11unpack_kindE0EEEEEvPKNS2_5codecIT_E12storage_typeESE_mmmNS0_12table_bundleEPd
    0 bytes stack frame, 0 bytes spill stores, 0 bytes spill loads
ptxas info    : Used 27 registers, used 1 barriers, 80 bytes smem
ptxas info    : Compile time = 8.591 ms
ptxas info    : Compiling entry function '_ZN3aut17format_strategies14dot_map_reduceINS_7storage10fp32_e8m23ENS0_8strategyILNS0_11decode_kindE1ELi2ELNS0_14table_locationE0ELNS0_11unpack_kindE0EEEEEvPKNS2_5codecIT_E12storage_typeESE_mNS0_12table_bundleEPd' for 'sm_90'
ptxas info    : Function properties for _ZN3aut17format_strategies14dot_map_reduceINS_7storage10fp32_e8m23ENS0_8strategyILNS0_11decode_kindE1ELi2ELNS0_14table_locationE0ELNS0_11unpack_kindE0EEEEEvPKNS2_5codecIT_E12storage_typeESE_mNS0_12table_bundleEPd
    0 bytes stack frame, 0 bytes spill stores, 0 bytes spill loads
ptxas info    : Used 31 registers, used 1 barriers, 80 bytes smem
ptxas info    : Compile time = 8.389 ms
ptxas info    : Compiling entry function '_ZN3aut17format_strategies12decode_codesINS_7storage10fp32_e8m23ENS0_8strategyILNS0_11decode_kindE1ELi2ELNS0_14table_locationE0ELNS0_11unpack_kindE0EEEEEvPKNS2_5codecIT_E12storage_typeEmNS0_12table_bundleEPd' for 'sm_90'
ptxas info    : Function properties for _ZN3aut17format_strategies12decode_codesINS_7storage10fp32_e8m23ENS0_8strategyILNS0_11decode_kindE1ELi2ELNS0_14table_locationE0ELNS0_11unpack_kindE0EEEEEvPKNS2_5codecIT_E12storage_typeEmNS0_12table_bundleEPd
    0 bytes stack frame, 0 bytes spill stores, 0 bytes spill loads
ptxas info    : Used 21 registers, used 0 barriers
ptxas info    : Compile time = 7.990 ms
ptxas info    : Compiling entry function '_ZN3aut17format_strategies4gemvINS_7storage10fp32_e8m23ENS0_8strategyILNS0_11decode_kindE1ELi1ELNS0_14table_locationE0ELNS0_11unpack_kindE0EEEEEvPKNS2_5codecIT_E12storage_typeESE_mmmNS0_12table_bundleEPd' for 'sm_90'
ptxas info    : Function properties for _ZN3aut17format_strategies4gemvINS_7storage10fp32_e8m23ENS0_8strategyILNS0_11decode_kindE1ELi1ELNS0_14table_locationE0ELNS0_11unpack_kindE0EEEEEvPKNS2_5codecIT_E12storage_typeESE_mmmNS0_12table_bundleEPd
    0 bytes stack frame, 0 bytes spill stores, 0 bytes spill loads
ptxas info    : Used 21 registers, used 1 barriers, 80 bytes smem
ptxas info    : Compile time = 7.144 ms
ptxas info    : Compiling entry function '_ZN3aut17format_strategies14dot_map_reduceINS_7storage10fp32_e8m23ENS0_8strategyILNS0_11decode_kindE1ELi1ELNS0_14table_locationE0ELNS0_11unpack_kindE0EEEEEvPKNS2_5codecIT_E12storage_typeESE_mNS0_12table_bundleEPd' for 'sm_90'
ptxas info    : Function properties for _ZN3aut17format_strategies14dot_map_reduceINS_7storage10fp32_e8m23ENS0_8strategyILNS0_11decode_kindE1ELi1ELNS0_14table_locationE0ELNS0_11unpack_kindE0EEEEEvPKNS2_5codecIT_E12storage_typeESE_mNS0_12table_bundleEPd
    0 bytes stack frame, 0 bytes spill stores, 0 bytes spill loads
ptxas info    : Used 28 registers, used 1 barriers, 80 bytes smem
ptxas info    : Compile time = 6.974 ms
ptxas info    : Compiling entry function '_ZN3aut17format_strategies12decode_codesINS_7storage10fp32_e8m23ENS0_8strategyILNS0_11decode_kindE1ELi1ELNS0_14table_locationE0ELNS0_11unpack_kindE0EEEEEvPKNS2_5codecIT_E12storage_typeEmNS0_12table_bundleEPd' for 'sm_90'
ptxas info    : Function properties for _ZN3aut17format_strategies12decode_codesINS_7storage10fp32_e8m23ENS0_8strategyILNS0_11decode_kindE1ELi1ELNS0_14table_locationE0ELNS0_11unpack_kindE0EEEEEvPKNS2_5codecIT_E12storage_typeEmNS0_12table_bundleEPd
    0 bytes stack frame, 0 bytes spill stores, 0 bytes spill loads
ptxas info    : Used 21 registers, used 0 barriers
ptxas info    : Compile time = 7.287 ms
ptxas info    : Compiling entry function '_ZN3aut17format_strategies4gemvINS_7storage10fp32_e8m23ENS0_8strategyILNS0_11decode_kindE11ELi8ELNS0_14table_locationE0ELNS0_11unpack_kindE0EEEEEvPKNS2_5codecIT_E12storage_typeESE_mmmNS0_12table_bundleEPd' for 'sm_90'
ptxas info    : Function properties for _ZN3aut17format_strategies4gemvINS_7storage10fp32_e8m23ENS0_8strategyILNS0_11decode_kindE11ELi8ELNS0_14table_locationE0ELNS0_11unpack_kindE0EEEEEvPKNS2_5codecIT_E12storage_typeESE_mmmNS0_12table_bundleEPd
    0 bytes stack frame, 0 bytes spill stores, 0 bytes spill loads
ptxas info    : Used 48 registers, used 1 barriers, 80 bytes smem
ptxas info    : Compile time = 5.302 ms
ptxas info    : Compiling entry function '_ZN3aut17format_strategies14dot_map_reduceINS_7storage10fp32_e8m23ENS0_8strategyILNS0_11decode_kindE11ELi8ELNS0_14table_locationE0ELNS0_11unpack_kindE0EEEEEvPKNS2_5codecIT_E12storage_typeESE_mNS0_12table_bundleEPd' for 'sm_90'
ptxas info    : Function properties for _ZN3aut17format_strategies14dot_map_reduceINS_7storage10fp32_e8m23ENS0_8strategyILNS0_11decode_kindE11ELi8ELNS0_14table_locationE0ELNS0_11unpack_kindE0EEEEEvPKNS2_5codecIT_E12storage_typeESE_mNS0_12table_bundleEPd
    0 bytes stack frame, 0 bytes spill stores, 0 bytes spill loads
ptxas info    : Used 42 registers, used 1 barriers, 80 bytes smem
ptxas info    : Compile time = 5.115 ms
ptxas info    : Compiling entry function '_ZN3aut17format_strategies12decode_codesINS_7storage10fp32_e8m23ENS0_8strategyILNS0_11decode_kindE11ELi8ELNS0_14table_locationE0ELNS0_11unpack_kindE0EEEEEvPKNS2_5codecIT_E12storage_typeEmNS0_12table_bundleEPd' for 'sm_90'
ptxas info    : Function properties for _ZN3aut17format_strategies12decode_codesINS_7storage10fp32_e8m23ENS0_8strategyILNS0_11decode_kindE11ELi8ELNS0_14table_locationE0ELNS0_11unpack_kindE0EEEEEvPKNS2_5codecIT_E12storage_typeEmNS0_12table_bundleEPd
    0 bytes stack frame, 0 bytes spill stores, 0 bytes spill loads
ptxas info    : Used 32 registers, used 0 barriers
ptxas info    : Compile time = 5.705 ms
ptxas info    : Compiling entry function '_ZN3aut17format_strategies4gemvINS_7storage10fp32_e8m23ENS0_8strategyILNS0_11decode_kindE11ELi4ELNS0_14table_locationE0ELNS0_11unpack_kindE0EEEEEvPKNS2_5codecIT_E12storage_typeESE_mmmNS0_12table_bundleEPd' for 'sm_90'
ptxas info    : Function properties for _ZN3aut17format_strategies4gemvINS_7storage10fp32_e8m23ENS0_8strategyILNS0_11decode_kindE11ELi4ELNS0_14table_locationE0ELNS0_11unpack_kindE0EEEEEvPKNS2_5codecIT_E12storage_typeESE_mmmNS0_12table_bundleEPd
    0 bytes stack frame, 0 bytes spill stores, 0 bytes spill loads
ptxas info    : Used 32 registers, used 1 barriers, 80 bytes smem
ptxas info    : Compile time = 4.737 ms
ptxas info    : Compiling entry function '_ZN3aut17format_strategies14dot_map_reduceINS_7storage10fp32_e8m23ENS0_8strategyILNS0_11decode_kindE11ELi4ELNS0_14table_locationE0ELNS0_11unpack_kindE0EEEEEvPKNS2_5codecIT_E12storage_typeESE_mNS0_12table_bundleEPd' for 'sm_90'
ptxas info    : Function properties for _ZN3aut17format_strategies14dot_map_reduceINS_7storage10fp32_e8m23ENS0_8strategyILNS0_11decode_kindE11ELi4ELNS0_14table_locationE0ELNS0_11unpack_kindE0EEEEEvPKNS2_5codecIT_E12storage_typeESE_mNS0_12table_bundleEPd
    0 bytes stack frame, 0 bytes spill stores, 0 bytes spill loads
ptxas info    : Used 32 registers, used 1 barriers, 80 bytes smem
ptxas info    : Compile time = 4.570 ms
ptxas info    : Compiling entry function '_ZN3aut17format_strategies12decode_codesINS_7storage10fp32_e8m23ENS0_8strategyILNS0_11decode_kindE11ELi4ELNS0_14table_locationE0ELNS0_11unpack_kindE0EEEEEvPKNS2_5codecIT_E12storage_typeEmNS0_12table_bundleEPd' for 'sm_90'
ptxas info    : Function properties for _ZN3aut17format_strategies12decode_codesINS_7storage10fp32_e8m23ENS0_8strategyILNS0_11decode_kindE11ELi4ELNS0_14table_locationE0ELNS0_11unpack_kindE0EEEEEvPKNS2_5codecIT_E12storage_typeEmNS0_12table_bundleEPd
    0 bytes stack frame, 0 bytes spill stores, 0 bytes spill loads
ptxas info    : Used 25 registers, used 0 barriers
ptxas info    : Compile time = 5.523 ms
ptxas info    : Compiling entry function '_ZN3aut17format_strategies4gemvINS_7storage10fp32_e8m23ENS0_8strategyILNS0_11decode_kindE11ELi2ELNS0_14table_locationE0ELNS0_11unpack_kindE0EEEEEvPKNS2_5codecIT_E12storage_typeESE_mmmNS0_12table_bundleEPd' for 'sm_90'
ptxas info    : Function properties for _ZN3aut17format_strategies4gemvINS_7storage10fp32_e8m23ENS0_8strategyILNS0_11decode_kindE11ELi2ELNS0_14table_locationE0ELNS0_11unpack_kindE0EEEEEvPKNS2_5codecIT_E12storage_typeESE_mmmNS0_12table_bundleEPd
    0 bytes stack frame, 0 bytes spill stores, 0 bytes spill loads
ptxas info    : Used 26 registers, used 1 barriers, 80 bytes smem
ptxas info    : Compile time = 4.481 ms
ptxas info    : Compiling entry function '_ZN3aut17format_strategies14dot_map_reduceINS_7storage10fp32_e8m23ENS0_8strategyILNS0_11decode_kindE11ELi2ELNS0_14table_locationE0ELNS0_11unpack_kindE0EEEEEvPKNS2_5codecIT_E12storage_typeESE_mNS0_12table_bundleEPd' for 'sm_90'
ptxas info    : Function properties for _ZN3aut17format_strategies14dot_map_reduceINS_7storage10fp32_e8m23ENS0_8strategyILNS0_11decode_kindE11ELi2ELNS0_14table_locationE0ELNS0_11unpack_kindE0EEEEEvPKNS2_5codecIT_E12storage_typeESE_mNS0_12table_bundleEPd
    0 bytes stack frame, 0 bytes spill stores, 0 bytes spill loads
ptxas info    : Used 28 registers, used 1 barriers, 80 bytes smem
ptxas info    : Compile time = 4.245 ms
ptxas info    : Compiling entry function '_ZN3aut17format_strategies12decode_codesINS_7storage10fp32_e8m23ENS0_8strategyILNS0_11decode_kindE11ELi2ELNS0_14table_locationE0ELNS0_11unpack_kindE0EEEEEvPKNS2_5codecIT_E12storage_typeEmNS0_12table_bundleEPd' for 'sm_90'
ptxas info    : Function properties for _ZN3aut17format_strategies12decode_codesINS_7storage10fp32_e8m23ENS0_8strategyILNS0_11decode_kindE11ELi2ELNS0_14table_locationE0ELNS0_11unpack_kindE0EEEEEvPKNS2_5codecIT_E12storage_typeEmNS0_12table_bundleEPd
    0 bytes stack frame, 0 bytes spill stores, 0 bytes spill loads
ptxas info    : Used 25 registers, used 0 barriers
ptxas info    : Compile time = 5.487 ms
ptxas info    : Compiling entry function '_ZN3aut17format_strategies4gemvINS_7storage10fp32_e8m23ENS0_8strategyILNS0_11decode_kindE9ELi1ELNS0_14table_locationE0ELNS0_11unpack_kindE0EEEEEvPKNS2_5codecIT_E12storage_typeESE_mmmNS0_12table_bundleEPd' for 'sm_90'
ptxas info    : Function properties for _ZN3aut17format_strategies4gemvINS_7storage10fp32_e8m23ENS0_8strategyILNS0_11decode_kindE9ELi1ELNS0_14table_locationE0ELNS0_11unpack_kindE0EEEEEvPKNS2_5codecIT_E12storage_typeESE_mmmNS0_12table_bundleEPd
    0 bytes stack frame, 0 bytes spill stores, 0 bytes spill loads
ptxas info    : Used 23 registers, used 1 barriers, 80 bytes smem
ptxas info    : Compile time = 4.203 ms
ptxas info    : Compiling entry function '_ZN3aut17format_strategies14dot_map_reduceINS_7storage10fp32_e8m23ENS0_8strategyILNS0_11decode_kindE9ELi1ELNS0_14table_locationE0ELNS0_11unpack_kindE0EEEEEvPKNS2_5codecIT_E12storage_typeESE_mNS0_12table_bundleEPd' for 'sm_90'
ptxas info    : Function properties for _ZN3aut17format_strategies14dot_map_reduceINS_7storage10fp32_e8m23ENS0_8strategyILNS0_11decode_kindE9ELi1ELNS0_14table_locationE0ELNS0_11unpack_kindE0EEEEEvPKNS2_5codecIT_E12storage_typeESE_mNS0_12table_bundleEPd
    0 bytes stack frame, 0 bytes spill stores, 0 bytes spill loads
ptxas info    : Used 26 registers, used 1 barriers, 80 bytes smem
ptxas info    : Compile time = 4.017 ms
ptxas info    : Compiling entry function '_ZN3aut17format_strategies12decode_codesINS_7storage10fp32_e8m23ENS0_8strategyILNS0_11decode_kindE9ELi1ELNS0_14table_locationE0ELNS0_11unpack_kindE0EEEEEvPKNS2_5codecIT_E12storage_typeEmNS0_12table_bundleEPd' for 'sm_90'
ptxas info    : Function properties for _ZN3aut17format_strategies12decode_codesINS_7storage10fp32_e8m23ENS0_8strategyILNS0_11decode_kindE9ELi1ELNS0_14table_locationE0ELNS0_11unpack_kindE0EEEEEvPKNS2_5codecIT_E12storage_typeEmNS0_12table_bundleEPd
    0 bytes stack frame, 0 bytes spill stores, 0 bytes spill loads
ptxas info    : Used 25 registers, used 0 barriers
ptxas info    : Compile time = 5.445 ms
ptxas info    : Compiling entry function '_ZN3aut17format_strategies4gemvINS_7storage10fp32_e8m23ENS0_8strategyILNS0_11decode_kindE0ELi1ELNS0_14table_locationE0ELNS0_11unpack_kindE0EEEEEvPKNS2_5codecIT_E12storage_typeESE_mmmNS0_12table_bundleEPd' for 'sm_90'
ptxas info    : Function properties for _ZN3aut17format_strategies4gemvINS_7storage10fp32_e8m23ENS0_8strategyILNS0_11decode_kindE0ELi1ELNS0_14table_locationE0ELNS0_11unpack_kindE0EEEEEvPKNS2_5codecIT_E12storage_typeESE_mmmNS0_12table_bundleEPd
    0 bytes stack frame, 0 bytes spill stores, 0 bytes spill loads
ptxas info    : Used 23 registers, used 1 barriers, 80 bytes smem
ptxas info    : Compile time = 4.221 ms
ptxas info    : Compiling entry function '_ZN3aut17format_strategies14dot_map_reduceINS_7storage10fp32_e8m23ENS0_8strategyILNS0_11decode_kindE0ELi1ELNS0_14table_locationE0ELNS0_11unpack_kindE0EEEEEvPKNS2_5codecIT_E12storage_typeESE_mNS0_12table_bundleEPd' for 'sm_90'
ptxas info    : Function properties for _ZN3aut17format_strategies14dot_map_reduceINS_7storage10fp32_e8m23ENS0_8strategyILNS0_11decode_kindE0ELi1ELNS0_14table_locationE0ELNS0_11unpack_kindE0EEEEEvPKNS2_5codecIT_E12storage_typeESE_mNS0_12table_bundleEPd
    0 bytes stack frame, 0 bytes spill stores, 0 bytes spill loads
ptxas info    : Used 26 registers, used 1 barriers, 80 bytes smem
ptxas info    : Compile time = 4.011 ms
ptxas info    : Compiling entry function '_ZN3aut17format_strategies12decode_codesINS_7storage10fp32_e8m23ENS0_8strategyILNS0_11decode_kindE0ELi1ELNS0_14table_locationE0ELNS0_11unpack_kindE0EEEEEvPKNS2_5codecIT_E12storage_typeEmNS0_12table_bundleEPd' for 'sm_90'
ptxas info    : Function properties for _ZN3aut17format_strategies12decode_codesINS_7storage10fp32_e8m23ENS0_8strategyILNS0_11decode_kindE0ELi1ELNS0_14table_locationE0ELNS0_11unpack_kindE0EEEEEvPKNS2_5codecIT_E12storage_typeEmNS0_12table_bundleEPd
    0 bytes stack frame, 0 bytes spill stores, 0 bytes spill loads
ptxas info    : Used 25 registers, used 0 barriers
ptxas info    : Compile time = 5.451 ms
ptxas info    : Compiling entry function '_ZN3aut17format_strategies4gemvINS_7storage5e3m28ENS0_8strategyILNS0_11decode_kindE8ELi8ELNS0_14table_locationE1ELNS0_11unpack_kindE0EEEEEvPKNS2_5codecIT_E12storage_typeESE_mmmNS0_12table_bundleEPd' for 'sm_90'
ptxas info    : Function properties for _ZN3aut17format_strategies4gemvINS_7storage5e3m28ENS0_8strategyILNS0_11decode_kindE8ELi8ELNS0_14table_locationE1ELNS0_11unpack_kindE0EEEEEvPKNS2_5codecIT_E12storage_typeESE_mmmNS0_12table_bundleEPd
    0 bytes stack frame, 0 bytes spill stores, 0 bytes spill loads
ptxas info    : Used 59 registers, used 1 barriers, 80 bytes smem
ptxas info    : Compile time = 17.880 ms
ptxas info    : Compiling entry function '_ZN3aut17format_strategies14dot_map_reduceINS_7storage5e3m28ENS0_8strategyILNS0_11decode_kindE8ELi8ELNS0_14table_locationE1ELNS0_11unpack_kindE0EEEEEvPKNS2_5codecIT_E12storage_typeESE_mNS0_12table_bundleEPd' for 'sm_90'
ptxas info    : Function properties for _ZN3aut17format_strategies14dot_map_reduceINS_7storage5e3m28ENS0_8strategyILNS0_11decode_kindE8ELi8ELNS0_14table_locationE1ELNS0_11unpack_kindE0EEEEEvPKNS2_5codecIT_E12storage_typeESE_mNS0_12table_bundleEPd
    0 bytes stack frame, 0 bytes spill stores, 0 bytes spill loads
ptxas info    : Used 61 registers, used 1 barriers, 80 bytes smem
ptxas info    : Compile time = 17.603 ms
ptxas info    : Compiling entry function '_ZN3aut17format_strategies12decode_codesINS_7storage5e3m28ENS0_8strategyILNS0_11decode_kindE8ELi8ELNS0_14table_locationE1ELNS0_11unpack_kindE0EEEEEvPKNS2_5codecIT_E12storage_typeEmNS0_12table_bundleEPd' for 'sm_90'
ptxas info    : Function properties for _ZN3aut17format_strategies12decode_codesINS_7storage5e3m28ENS0_8strategyILNS0_11decode_kindE8ELi8ELNS0_14table_locationE1ELNS0_11unpack_kindE0EEEEEvPKNS2_5codecIT_E12storage_typeEmNS0_12table_bundleEPd
    0 bytes stack frame, 0 bytes spill stores, 0 bytes spill loads
ptxas info    : Used 27 registers, used 1 barriers
ptxas info    : Compile time = 12.105 ms
ptxas info    : Compiling entry function '_ZN3aut17format_strategies4gemvINS_7storage5e3m28ENS0_8strategyILNS0_11decode_kindE8ELi4ELNS0_14table_locationE1ELNS0_11unpack_kindE0EEEEEvPKNS2_5codecIT_E12storage_typeESE_mmmNS0_12table_bundleEPd' for 'sm_90'
ptxas info    : Function properties for _ZN3aut17format_strategies4gemvINS_7storage5e3m28ENS0_8strategyILNS0_11decode_kindE8ELi4ELNS0_14table_locationE1ELNS0_11unpack_kindE0EEEEEvPKNS2_5codecIT_E12storage_typeESE_mmmNS0_12table_bundleEPd
    0 bytes stack frame, 0 bytes spill stores, 0 bytes spill loads
ptxas info    : Used 37 registers, used 1 barriers, 80 bytes smem
ptxas info    : Compile time = 11.755 ms
ptxas info    : Compiling entry function '_ZN3aut17format_strategies14dot_map_reduceINS_7storage5e3m28ENS0_8strategyILNS0_11decode_kindE8ELi4ELNS0_14table_locationE1ELNS0_11unpack_kindE0EEEEEvPKNS2_5codecIT_E12storage_typeESE_mNS0_12table_bundleEPd' for 'sm_90'
ptxas info    : Function properties for _ZN3aut17format_strategies14dot_map_reduceINS_7storage5e3m28ENS0_8strategyILNS0_11decode_kindE8ELi4ELNS0_14table_locationE1ELNS0_11unpack_kindE0EEEEEvPKNS2_5codecIT_E12storage_typeESE_mNS0_12table_bundleEPd
    0 bytes stack frame, 0 bytes spill stores, 0 bytes spill loads
ptxas info    : Used 40 registers, used 1 barriers, 80 bytes smem
ptxas info    : Compile time = 11.688 ms
ptxas info    : Compiling entry function '_ZN3aut17format_strategies12decode_codesINS_7storage5e3m28ENS0_8strategyILNS0_11decode_kindE8ELi4ELNS0_14table_locationE1ELNS0_11unpack_kindE0EEEEEvPKNS2_5codecIT_E12storage_typeEmNS0_12table_bundleEPd' for 'sm_90'
ptxas info    : Function properties for _ZN3aut17format_strategies12decode_codesINS_7storage5e3m28ENS0_8strategyILNS0_11decode_kindE8ELi4ELNS0_14table_locationE1ELNS0_11unpack_kindE0EEEEEvPKNS2_5codecIT_E12storage_typeEmNS0_12table_bundleEPd
    0 bytes stack frame, 0 bytes spill stores, 0 bytes spill loads
ptxas info    : Used 22 registers, used 1 barriers
ptxas info    : Compile time = 9.734 ms
ptxas info    : Compiling entry function '_ZN3aut17format_strategies4gemvINS_7storage5e3m28ENS0_8strategyILNS0_11decode_kindE8ELi8ELNS0_14table_locationE0ELNS0_11unpack_kindE0EEEEEvPKNS2_5codecIT_E12storage_typeESE_mmmNS0_12table_bundleEPd' for 'sm_90'
ptxas info    : Function properties for _ZN3aut17format_strategies4gemvINS_7storage5e3m28ENS0_8strategyILNS0_11decode_kindE8ELi8ELNS0_14table_locationE0ELNS0_11unpack_kindE0EEEEEvPKNS2_5codecIT_E12storage_typeESE_mmmNS0_12table_bundleEPd
    0 bytes stack frame, 0 bytes spill stores, 0 bytes spill loads
ptxas info    : Used 64 registers, used 1 barriers, 80 bytes smem
ptxas info    : Compile time = 17.662 ms
ptxas info    : Compiling entry function '_ZN3aut17format_strategies14dot_map_reduceINS_7storage5e3m28ENS0_8strategyILNS0_11decode_kindE8ELi8ELNS0_14table_locationE0ELNS0_11unpack_kindE0EEEEEvPKNS2_5codecIT_E12storage_typeESE_mNS0_12table_bundleEPd' for 'sm_90'
ptxas info    : Function properties for _ZN3aut17format_strategies14dot_map_reduceINS_7storage5e3m28ENS0_8strategyILNS0_11decode_kindE8ELi8ELNS0_14table_locationE0ELNS0_11unpack_kindE0EEEEEvPKNS2_5codecIT_E12storage_typeESE_mNS0_12table_bundleEPd
    0 bytes stack frame, 0 bytes spill stores, 0 bytes spill loads
ptxas info    : Used 68 registers, used 1 barriers, 80 bytes smem
ptxas info    : Compile time = 17.225 ms
ptxas info    : Compiling entry function '_ZN3aut17format_strategies12decode_codesINS_7storage5e3m28ENS0_8strategyILNS0_11decode_kindE8ELi8ELNS0_14table_locationE0ELNS0_11unpack_kindE0EEEEEvPKNS2_5codecIT_E12storage_typeEmNS0_12table_bundleEPd' for 'sm_90'
ptxas info    : Function properties for _ZN3aut17format_strategies12decode_codesINS_7storage5e3m28ENS0_8strategyILNS0_11decode_kindE8ELi8ELNS0_14table_locationE0ELNS0_11unpack_kindE0EEEEEvPKNS2_5codecIT_E12storage_typeEmNS0_12table_bundleEPd
    0 bytes stack frame, 0 bytes spill stores, 0 bytes spill loads
ptxas info    : Used 32 registers, used 0 barriers
ptxas info    : Compile time = 11.614 ms
ptxas info    : Compiling entry function '_ZN3aut17format_strategies4gemvINS_7storage5e3m28ENS0_8strategyILNS0_11decode_kindE8ELi4ELNS0_14table_locationE0ELNS0_11unpack_kindE0EEEEEvPKNS2_5codecIT_E12storage_typeESE_mmmNS0_12table_bundleEPd' for 'sm_90'
ptxas info    : Function properties for _ZN3aut17format_strategies4gemvINS_7storage5e3m28ENS0_8strategyILNS0_11decode_kindE8ELi4ELNS0_14table_locationE0ELNS0_11unpack_kindE0EEEEEvPKNS2_5codecIT_E12storage_typeESE_mmmNS0_12table_bundleEPd
    0 bytes stack frame, 0 bytes spill stores, 0 bytes spill loads
ptxas info    : Used 40 registers, used 1 barriers, 80 bytes smem
ptxas info    : Compile time = 11.186 ms
ptxas info    : Compiling entry function '_ZN3aut17format_strategies14dot_map_reduceINS_7storage5e3m28ENS0_8strategyILNS0_11decode_kindE8ELi4ELNS0_14table_locationE0ELNS0_11unpack_kindE0EEEEEvPKNS2_5codecIT_E12storage_typeESE_mNS0_12table_bundleEPd' for 'sm_90'
ptxas info    : Function properties for _ZN3aut17format_strategies14dot_map_reduceINS_7storage5e3m28ENS0_8strategyILNS0_11decode_kindE8ELi4ELNS0_14table_locationE0ELNS0_11unpack_kindE0EEEEEvPKNS2_5codecIT_E12storage_typeESE_mNS0_12table_bundleEPd
    0 bytes stack frame, 0 bytes spill stores, 0 bytes spill loads
ptxas info    : Used 40 registers, used 1 barriers, 80 bytes smem
ptxas info    : Compile time = 11.140 ms
ptxas info    : Compiling entry function '_ZN3aut17format_strategies12decode_codesINS_7storage5e3m28ENS0_8strategyILNS0_11decode_kindE8ELi4ELNS0_14table_locationE0ELNS0_11unpack_kindE0EEEEEvPKNS2_5codecIT_E12storage_typeEmNS0_12table_bundleEPd' for 'sm_90'
ptxas info    : Function properties for _ZN3aut17format_strategies12decode_codesINS_7storage5e3m28ENS0_8strategyILNS0_11decode_kindE8ELi4ELNS0_14table_locationE0ELNS0_11unpack_kindE0EEEEEvPKNS2_5codecIT_E12storage_typeEmNS0_12table_bundleEPd
    0 bytes stack frame, 0 bytes spill stores, 0 bytes spill loads
ptxas info    : Used 26 registers, used 0 barriers
ptxas info    : Compile time = 9.143 ms
ptxas info    : Compiling entry function '_ZN3aut17format_strategies4gemvINS_7storage5e3m28ENS0_8strategyILNS0_11decode_kindE2ELi8ELNS0_14table_locationE0ELNS0_11unpack_kindE0EEEEEvPKNS2_5codecIT_E12storage_typeESE_mmmNS0_12table_bundleEPd' for 'sm_90'
ptxas info    : Function properties for _ZN3aut17format_strategies4gemvINS_7storage5e3m28ENS0_8strategyILNS0_11decode_kindE2ELi8ELNS0_14table_locationE0ELNS0_11unpack_kindE0EEEEEvPKNS2_5codecIT_E12storage_typeESE_mmmNS0_12table_bundleEPd
    0 bytes stack frame, 0 bytes spill stores, 0 bytes spill loads
ptxas info    : Used 48 registers, used 1 barriers, 80 bytes smem
ptxas info    : Compile time = 19.486 ms
ptxas info    : Compiling entry function '_ZN3aut17format_strategies14dot_map_reduceINS_7storage5e3m28ENS0_8strategyILNS0_11decode_kindE2ELi8ELNS0_14table_locationE0ELNS0_11unpack_kindE0EEEEEvPKNS2_5codecIT_E12storage_typeESE_mNS0_12table_bundleEPd' for 'sm_90'
ptxas info    : Function properties for _ZN3aut17format_strategies14dot_map_reduceINS_7storage5e3m28ENS0_8strategyILNS0_11decode_kindE2ELi8ELNS0_14table_locationE0ELNS0_11unpack_kindE0EEEEEvPKNS2_5codecIT_E12storage_typeESE_mNS0_12table_bundleEPd
    0 bytes stack frame, 0 bytes spill stores, 0 bytes spill loads
ptxas info    : Used 60 registers, used 1 barriers, 80 bytes smem
ptxas info    : Compile time = 19.566 ms
ptxas info    : Compiling entry function '_ZN3aut17format_strategies12decode_codesINS_7storage5e3m28ENS0_8strategyILNS0_11decode_kindE2ELi8ELNS0_14table_locationE0ELNS0_11unpack_kindE0EEEEEvPKNS2_5codecIT_E12storage_typeEmNS0_12table_bundleEPd' for 'sm_90'
ptxas info    : Function properties for _ZN3aut17format_strategies12decode_codesINS_7storage5e3m28ENS0_8strategyILNS0_11decode_kindE2ELi8ELNS0_14table_locationE0ELNS0_11unpack_kindE0EEEEEvPKNS2_5codecIT_E12storage_typeEmNS0_12table_bundleEPd
    0 bytes stack frame, 0 bytes spill stores, 0 bytes spill loads
ptxas info    : Used 32 registers, used 0 barriers
ptxas info    : Compile time = 10.426 ms
ptxas info    : Compiling entry function '_ZN3aut17format_strategies4gemvINS_7storage5e3m28ENS0_8strategyILNS0_11decode_kindE2ELi4ELNS0_14table_locationE0ELNS0_11unpack_kindE0EEEEEvPKNS2_5codecIT_E12storage_typeESE_mmmNS0_12table_bundleEPd' for 'sm_90'
ptxas info    : Function properties for _ZN3aut17format_strategies4gemvINS_7storage5e3m28ENS0_8strategyILNS0_11decode_kindE2ELi4ELNS0_14table_locationE0ELNS0_11unpack_kindE0EEEEEvPKNS2_5codecIT_E12storage_typeESE_mmmNS0_12table_bundleEPd
    0 bytes stack frame, 0 bytes spill stores, 0 bytes spill loads
ptxas info    : Used 32 registers, used 1 barriers, 80 bytes smem
ptxas info    : Compile time = 11.826 ms
ptxas info    : Compiling entry function '_ZN3aut17format_strategies14dot_map_reduceINS_7storage5e3m28ENS0_8strategyILNS0_11decode_kindE2ELi4ELNS0_14table_locationE0ELNS0_11unpack_kindE0EEEEEvPKNS2_5codecIT_E12storage_typeESE_mNS0_12table_bundleEPd' for 'sm_90'
ptxas info    : Function properties for _ZN3aut17format_strategies14dot_map_reduceINS_7storage5e3m28ENS0_8strategyILNS0_11decode_kindE2ELi4ELNS0_14table_locationE0ELNS0_11unpack_kindE0EEEEEvPKNS2_5codecIT_E12storage_typeESE_mNS0_12table_bundleEPd
    0 bytes stack frame, 0 bytes spill stores, 0 bytes spill loads
ptxas info    : Used 43 registers, used 1 barriers, 80 bytes smem
ptxas info    : Compile time = 12.336 ms
ptxas info    : Compiling entry function '_ZN3aut17format_strategies12decode_codesINS_7storage5e3m28ENS0_8strategyILNS0_11decode_kindE2ELi4ELNS0_14table_locationE0ELNS0_11unpack_kindE0EEEEEvPKNS2_5codecIT_E12storage_typeEmNS0_12table_bundleEPd' for 'sm_90'
ptxas info    : Function properties for _ZN3aut17format_strategies12decode_codesINS_7storage5e3m28ENS0_8strategyILNS0_11decode_kindE2ELi4ELNS0_14table_locationE0ELNS0_11unpack_kindE0EEEEEvPKNS2_5codecIT_E12storage_typeEmNS0_12table_bundleEPd
    0 bytes stack frame, 0 bytes spill stores, 0 bytes spill loads
ptxas info    : Used 32 registers, used 0 barriers
ptxas info    : Compile time = 7.596 ms
ptxas info    : Compiling entry function '_ZN3aut17format_strategies4gemvINS_7storage5e3m28ENS0_8strategyILNS0_11decode_kindE2ELi2ELNS0_14table_locationE0ELNS0_11unpack_kindE0EEEEEvPKNS2_5codecIT_E12storage_typeESE_mmmNS0_12table_bundleEPd' for 'sm_90'
ptxas info    : Function properties for _ZN3aut17format_strategies4gemvINS_7storage5e3m28ENS0_8strategyILNS0_11decode_kindE2ELi2ELNS0_14table_locationE0ELNS0_11unpack_kindE0EEEEEvPKNS2_5codecIT_E12storage_typeESE_mmmNS0_12table_bundleEPd
    0 bytes stack frame, 0 bytes spill stores, 0 bytes spill loads
ptxas info    : Used 30 registers, used 1 barriers, 80 bytes smem
ptxas info    : Compile time = 8.887 ms
ptxas info    : Compiling entry function '_ZN3aut17format_strategies14dot_map_reduceINS_7storage5e3m28ENS0_8strategyILNS0_11decode_kindE2ELi2ELNS0_14table_locationE0ELNS0_11unpack_kindE0EEEEEvPKNS2_5codecIT_E12storage_typeESE_mNS0_12table_bundleEPd' for 'sm_90'
ptxas info    : Function properties for _ZN3aut17format_strategies14dot_map_reduceINS_7storage5e3m28ENS0_8strategyILNS0_11decode_kindE2ELi2ELNS0_14table_locationE0ELNS0_11unpack_kindE0EEEEEvPKNS2_5codecIT_E12storage_typeESE_mNS0_12table_bundleEPd
    0 bytes stack frame, 0 bytes spill stores, 0 bytes spill loads
ptxas info    : Used 32 registers, used 1 barriers, 80 bytes smem
ptxas info    : Compile time = 8.668 ms
ptxas info    : Compiling entry function '_ZN3aut17format_strategies12decode_codesINS_7storage5e3m28ENS0_8strategyILNS0_11decode_kindE2ELi2ELNS0_14table_locationE0ELNS0_11unpack_kindE0EEEEEvPKNS2_5codecIT_E12storage_typeEmNS0_12table_bundleEPd' for 'sm_90'
ptxas info    : Function properties for _ZN3aut17format_strategies12decode_codesINS_7storage5e3m28ENS0_8strategyILNS0_11decode_kindE2ELi2ELNS0_14table_locationE0ELNS0_11unpack_kindE0EEEEEvPKNS2_5codecIT_E12storage_typeEmNS0_12table_bundleEPd
    0 bytes stack frame, 0 bytes spill stores, 0 bytes spill loads
ptxas info    : Used 25 registers, used 0 barriers
ptxas info    : Compile time = 6.248 ms
ptxas info    : Compiling entry function '_ZN3aut17format_strategies4gemvINS_7storage5e3m28ENS0_8strategyILNS0_11decode_kindE2ELi1ELNS0_14table_locationE0ELNS0_11unpack_kindE0EEEEEvPKNS2_5codecIT_E12storage_typeESE_mmmNS0_12table_bundleEPd' for 'sm_90'
ptxas info    : Function properties for _ZN3aut17format_strategies4gemvINS_7storage5e3m28ENS0_8strategyILNS0_11decode_kindE2ELi1ELNS0_14table_locationE0ELNS0_11unpack_kindE0EEEEEvPKNS2_5codecIT_E12storage_typeESE_mmmNS0_12table_bundleEPd
    0 bytes stack frame, 0 bytes spill stores, 0 bytes spill loads
ptxas info    : Used 29 registers, used 1 barriers, 80 bytes smem
ptxas info    : Compile time = 7.278 ms
ptxas info    : Compiling entry function '_ZN3aut17format_strategies14dot_map_reduceINS_7storage5e3m28ENS0_8strategyILNS0_11decode_kindE2ELi1ELNS0_14table_locationE0ELNS0_11unpack_kindE0EEEEEvPKNS2_5codecIT_E12storage_typeESE_mNS0_12table_bundleEPd' for 'sm_90'
ptxas info    : Function properties for _ZN3aut17format_strategies14dot_map_reduceINS_7storage5e3m28ENS0_8strategyILNS0_11decode_kindE2ELi1ELNS0_14table_locationE0ELNS0_11unpack_kindE0EEEEEvPKNS2_5codecIT_E12storage_typeESE_mNS0_12table_bundleEPd
    0 bytes stack frame, 0 bytes spill stores, 0 bytes spill loads
ptxas info    : Used 28 registers, used 1 barriers, 80 bytes smem
ptxas info    : Compile time = 7.093 ms
ptxas info    : Compiling entry function '_ZN3aut17format_strategies12decode_codesINS_7storage5e3m28ENS0_8strategyILNS0_11decode_kindE2ELi1ELNS0_14table_locationE0ELNS0_11unpack_kindE0EEEEEvPKNS2_5codecIT_E12storage_typeEmNS0_12table_bundleEPd' for 'sm_90'
ptxas info    : Function properties for _ZN3aut17format_strategies12decode_codesINS_7storage5e3m28ENS0_8strategyILNS0_11decode_kindE2ELi1ELNS0_14table_locationE0ELNS0_11unpack_kindE0EEEEEvPKNS2_5codecIT_E12storage_typeEmNS0_12table_bundleEPd
    0 bytes stack frame, 0 bytes spill stores, 0 bytes spill loads
ptxas info    : Used 22 registers, used 0 barriers
ptxas info    : Compile time = 5.629 ms
ptxas info    : Compiling entry function '_ZN3aut17format_strategies4gemvINS_7storage5e3m28ENS0_8strategyILNS0_11decode_kindE1ELi8ELNS0_14table_locationE0ELNS0_11unpack_kindE0EEEEEvPKNS2_5codecIT_E12storage_typeESE_mmmNS0_12table_bundleEPd' for 'sm_90'
ptxas info    : Function properties for _ZN3aut17format_strategies4gemvINS_7storage5e3m28ENS0_8strategyILNS0_11decode_kindE1ELi8ELNS0_14table_locationE0ELNS0_11unpack_kindE0EEEEEvPKNS2_5codecIT_E12storage_typeESE_mmmNS0_12table_bundleEPd
    0 bytes stack frame, 0 bytes spill stores, 0 bytes spill loads
ptxas info    : Used 60 registers, used 1 barriers, 80 bytes smem
ptxas info    : Compile time = 16.975 ms
ptxas info    : Compiling entry function '_ZN3aut17format_strategies14dot_map_reduceINS_7storage5e3m28ENS0_8strategyILNS0_11decode_kindE1ELi8ELNS0_14table_locationE0ELNS0_11unpack_kindE0EEEEEvPKNS2_5codecIT_E12storage_typeESE_mNS0_12table_bundleEPd' for 'sm_90'
ptxas info    : Function properties for _ZN3aut17format_strategies14dot_map_reduceINS_7storage5e3m28ENS0_8strategyILNS0_11decode_kindE1ELi8ELNS0_14table_locationE0ELNS0_11unpack_kindE0EEEEEvPKNS2_5codecIT_E12storage_typeESE_mNS0_12table_bundleEPd
    0 bytes stack frame, 0 bytes spill stores, 0 bytes spill loads
ptxas info    : Used 61 registers, used 1 barriers, 80 bytes smem
ptxas info    : Compile time = 16.704 ms
ptxas info    : Compiling entry function '_ZN3aut17format_strategies12decode_codesINS_7storage5e3m28ENS0_8strategyILNS0_11decode_kindE1ELi8ELNS0_14table_locationE0ELNS0_11unpack_kindE0EEEEEvPKNS2_5codecIT_E12storage_typeEmNS0_12table_bundleEPd' for 'sm_90'
ptxas info    : Function properties for _ZN3aut17format_strategies12decode_codesINS_7storage5e3m28ENS0_8strategyILNS0_11decode_kindE1ELi8ELNS0_14table_locationE0ELNS0_11unpack_kindE0EEEEEvPKNS2_5codecIT_E12storage_typeEmNS0_12table_bundleEPd
    0 bytes stack frame, 0 bytes spill stores, 0 bytes spill loads
ptxas info    : Used 29 registers, used 0 barriers
ptxas info    : Compile time = 11.679 ms
ptxas info    : Compiling entry function '_ZN3aut17format_strategies4gemvINS_7storage5e3m28ENS0_8strategyILNS0_11decode_kindE1ELi4ELNS0_14table_locationE0ELNS0_11unpack_kindE0EEEEEvPKNS2_5codecIT_E12storage_typeESE_mmmNS0_12table_bundleEPd' for 'sm_90'
ptxas info    : Function properties for _ZN3aut17format_strategies4gemvINS_7storage5e3m28ENS0_8strategyILNS0_11decode_kindE1ELi4ELNS0_14table_locationE0ELNS0_11unpack_kindE0EEEEEvPKNS2_5codecIT_E12storage_typeESE_mmmNS0_12table_bundleEPd
    0 bytes stack frame, 0 bytes spill stores, 0 bytes spill loads
ptxas info    : Used 38 registers, used 1 barriers, 80 bytes smem
ptxas info    : Compile time = 11.238 ms
ptxas info    : Compiling entry function '_ZN3aut17format_strategies14dot_map_reduceINS_7storage5e3m28ENS0_8strategyILNS0_11decode_kindE1ELi4ELNS0_14table_locationE0ELNS0_11unpack_kindE0EEEEEvPKNS2_5codecIT_E12storage_typeESE_mNS0_12table_bundleEPd' for 'sm_90'
ptxas info    : Function properties for _ZN3aut17format_strategies14dot_map_reduceINS_7storage5e3m28ENS0_8strategyILNS0_11decode_kindE1ELi4ELNS0_14table_locationE0ELNS0_11unpack_kindE0EEEEEvPKNS2_5codecIT_E12storage_typeESE_mNS0_12table_bundleEPd
    0 bytes stack frame, 0 bytes spill stores, 0 bytes spill loads
ptxas info    : Used 40 registers, used 1 barriers, 80 bytes smem
ptxas info    : Compile time = 11.241 ms
ptxas info    : Compiling entry function '_ZN3aut17format_strategies12decode_codesINS_7storage5e3m28ENS0_8strategyILNS0_11decode_kindE1ELi4ELNS0_14table_locationE0ELNS0_11unpack_kindE0EEEEEvPKNS2_5codecIT_E12storage_typeEmNS0_12table_bundleEPd' for 'sm_90'
ptxas info    : Function properties for _ZN3aut17format_strategies12decode_codesINS_7storage5e3m28ENS0_8strategyILNS0_11decode_kindE1ELi4ELNS0_14table_locationE0ELNS0_11unpack_kindE0EEEEEvPKNS2_5codecIT_E12storage_typeEmNS0_12table_bundleEPd
    0 bytes stack frame, 0 bytes spill stores, 0 bytes spill loads
ptxas info    : Used 21 registers, used 0 barriers
ptxas info    : Compile time = 9.239 ms
ptxas info    : Compiling entry function '_ZN3aut17format_strategies4gemvINS_7storage5e3m28ENS0_8strategyILNS0_11decode_kindE1ELi2ELNS0_14table_locationE0ELNS0_11unpack_kindE0EEEEEvPKNS2_5codecIT_E12storage_typeESE_mmmNS0_12table_bundleEPd' for 'sm_90'
ptxas info    : Function properties for _ZN3aut17format_strategies4gemvINS_7storage5e3m28ENS0_8strategyILNS0_11decode_kindE1ELi2ELNS0_14table_locationE0ELNS0_11unpack_kindE0EEEEEvPKNS2_5codecIT_E12storage_typeESE_mmmNS0_12table_bundleEPd
    0 bytes stack frame, 0 bytes spill stores, 0 bytes spill loads
ptxas info    : Used 27 registers, used 1 barriers, 80 bytes smem
ptxas info    : Compile time = 8.604 ms
ptxas info    : Compiling entry function '_ZN3aut17format_strategies14dot_map_reduceINS_7storage5e3m28ENS0_8strategyILNS0_11decode_kindE1ELi2ELNS0_14table_locationE0ELNS0_11unpack_kindE0EEEEEvPKNS2_5codecIT_E12storage_typeESE_mNS0_12table_bundleEPd' for 'sm_90'
ptxas info    : Function properties for _ZN3aut17format_strategies14dot_map_reduceINS_7storage5e3m28ENS0_8strategyILNS0_11decode_kindE1ELi2ELNS0_14table_locationE0ELNS0_11unpack_kindE0EEEEEvPKNS2_5codecIT_E12storage_typeESE_mNS0_12table_bundleEPd
    0 bytes stack frame, 0 bytes spill stores, 0 bytes spill loads
ptxas info    : Used 31 registers, used 1 barriers, 80 bytes smem
ptxas info    : Compile time = 8.412 ms
ptxas info    : Compiling entry function '_ZN3aut17format_strategies12decode_codesINS_7storage5e3m28ENS0_8strategyILNS0_11decode_kindE1ELi2ELNS0_14table_locationE0ELNS0_11unpack_kindE0EEEEEvPKNS2_5codecIT_E12storage_typeEmNS0_12table_bundleEPd' for 'sm_90'
ptxas info    : Function properties for _ZN3aut17format_strategies12decode_codesINS_7storage5e3m28ENS0_8strategyILNS0_11decode_kindE1ELi2ELNS0_14table_locationE0ELNS0_11unpack_kindE0EEEEEvPKNS2_5codecIT_E12storage_typeEmNS0_12table_bundleEPd
    0 bytes stack frame, 0 bytes spill stores, 0 bytes spill loads
ptxas info    : Used 21 registers, used 0 barriers
ptxas info    : Compile time = 8.005 ms
ptxas info    : Compiling entry function '_ZN3aut17format_strategies4gemvINS_7storage5e3m28ENS0_8strategyILNS0_11decode_kindE1ELi1ELNS0_14table_locationE0ELNS0_11unpack_kindE0EEEEEvPKNS2_5codecIT_E12storage_typeESE_mmmNS0_12table_bundleEPd' for 'sm_90'
ptxas info    : Function properties for _ZN3aut17format_strategies4gemvINS_7storage5e3m28ENS0_8strategyILNS0_11decode_kindE1ELi1ELNS0_14table_locationE0ELNS0_11unpack_kindE0EEEEEvPKNS2_5codecIT_E12storage_typeESE_mmmNS0_12table_bundleEPd
    0 bytes stack frame, 0 bytes spill stores, 0 bytes spill loads
ptxas info    : Used 21 registers, used 1 barriers, 80 bytes smem
ptxas info    : Compile time = 7.148 ms
ptxas info    : Compiling entry function '_ZN3aut17format_strategies14dot_map_reduceINS_7storage5e3m28ENS0_8strategyILNS0_11decode_kindE1ELi1ELNS0_14table_locationE0ELNS0_11unpack_kindE0EEEEEvPKNS2_5codecIT_E12storage_typeESE_mNS0_12table_bundleEPd' for 'sm_90'
ptxas info    : Function properties for _ZN3aut17format_strategies14dot_map_reduceINS_7storage5e3m28ENS0_8strategyILNS0_11decode_kindE1ELi1ELNS0_14table_locationE0ELNS0_11unpack_kindE0EEEEEvPKNS2_5codecIT_E12storage_typeESE_mNS0_12table_bundleEPd
    0 bytes stack frame, 0 bytes spill stores, 0 bytes spill loads
ptxas info    : Used 28 registers, used 1 barriers, 80 bytes smem
ptxas info    : Compile time = 6.988 ms
ptxas info    : Compiling entry function '_ZN3aut17format_strategies12decode_codesINS_7storage5e3m28ENS0_8strategyILNS0_11decode_kindE1ELi1ELNS0_14table_locationE0ELNS0_11unpack_kindE0EEEEEvPKNS2_5codecIT_E12storage_typeEmNS0_12table_bundleEPd' for 'sm_90'
ptxas info    : Function properties for _ZN3aut17format_strategies12decode_codesINS_7storage5e3m28ENS0_8strategyILNS0_11decode_kindE1ELi1ELNS0_14table_locationE0ELNS0_11unpack_kindE0EEEEEvPKNS2_5codecIT_E12storage_typeEmNS0_12table_bundleEPd
    0 bytes stack frame, 0 bytes spill stores, 0 bytes spill loads
ptxas info    : Used 21 registers, used 0 barriers
ptxas info    : Compile time = 7.321 ms
ptxas info    : Compiling entry function '_ZN3aut17format_strategies4gemvINS_7storage5e3m28ENS0_8strategyILNS0_11decode_kindE0ELi8ELNS0_14table_locationE0ELNS0_11unpack_kindE0EEEEEvPKNS2_5codecIT_E12storage_typeESE_mmmNS0_12table_bundleEPd' for 'sm_90'
ptxas info    : Function properties for _ZN3aut17format_strategies4gemvINS_7storage5e3m28ENS0_8strategyILNS0_11decode_kindE0ELi8ELNS0_14table_locationE0ELNS0_11unpack_kindE0EEEEEvPKNS2_5codecIT_E12storage_typeESE_mmmNS0_12table_bundleEPd
    0 bytes stack frame, 0 bytes spill stores, 0 bytes spill loads
ptxas info    : Used 59 registers, used 1 barriers, 80 bytes smem
ptxas info    : Compile time = 18.108 ms
ptxas info    : Compiling entry function '_ZN3aut17format_strategies14dot_map_reduceINS_7storage5e3m28ENS0_8strategyILNS0_11decode_kindE0ELi8ELNS0_14table_locationE0ELNS0_11unpack_kindE0EEEEEvPKNS2_5codecIT_E12storage_typeESE_mNS0_12table_bundleEPd' for 'sm_90'
ptxas info    : Function properties for _ZN3aut17format_strategies14dot_map_reduceINS_7storage5e3m28ENS0_8strategyILNS0_11decode_kindE0ELi8ELNS0_14table_locationE0ELNS0_11unpack_kindE0EEEEEvPKNS2_5codecIT_E12storage_typeESE_mNS0_12table_bundleEPd
    0 bytes stack frame, 0 bytes spill stores, 0 bytes spill loads
ptxas info    : Used 62 registers, used 1 barriers, 80 bytes smem
ptxas info    : Compile time = 17.562 ms
ptxas info    : Compiling entry function '_ZN3aut17format_strategies12decode_codesINS_7storage5e3m28ENS0_8strategyILNS0_11decode_kindE0ELi8ELNS0_14table_locationE0ELNS0_11unpack_kindE0EEEEEvPKNS2_5codecIT_E12storage_typeEmNS0_12table_bundleEPd' for 'sm_90'
ptxas info    : Function properties for _ZN3aut17format_strategies12decode_codesINS_7storage5e3m28ENS0_8strategyILNS0_11decode_kindE0ELi8ELNS0_14table_locationE0ELNS0_11unpack_kindE0EEEEEvPKNS2_5codecIT_E12storage_typeEmNS0_12table_bundleEPd
    0 bytes stack frame, 0 bytes spill stores, 0 bytes spill loads
ptxas info    : Used 28 registers, used 0 barriers
ptxas info    : Compile time = 12.513 ms
ptxas info    : Compiling entry function '_ZN3aut17format_strategies4gemvINS_7storage5e3m28ENS0_8strategyILNS0_11decode_kindE0ELi4ELNS0_14table_locationE0ELNS0_11unpack_kindE0EEEEEvPKNS2_5codecIT_E12storage_typeESE_mmmNS0_12table_bundleEPd' for 'sm_90'
ptxas info    : Function properties for _ZN3aut17format_strategies4gemvINS_7storage5e3m28ENS0_8strategyILNS0_11decode_kindE0ELi4ELNS0_14table_locationE0ELNS0_11unpack_kindE0EEEEEvPKNS2_5codecIT_E12storage_typeESE_mmmNS0_12table_bundleEPd
    0 bytes stack frame, 0 bytes spill stores, 0 bytes spill loads
ptxas info    : Used 37 registers, used 1 barriers, 80 bytes smem
ptxas info    : Compile time = 11.794 ms
ptxas info    : Compiling entry function '_ZN3aut17format_strategies14dot_map_reduceINS_7storage5e3m28ENS0_8strategyILNS0_11decode_kindE0ELi4ELNS0_14table_locationE0ELNS0_11unpack_kindE0EEEEEvPKNS2_5codecIT_E12storage_typeESE_mNS0_12table_bundleEPd' for 'sm_90'
ptxas info    : Function properties for _ZN3aut17format_strategies14dot_map_reduceINS_7storage5e3m28ENS0_8strategyILNS0_11decode_kindE0ELi4ELNS0_14table_locationE0ELNS0_11unpack_kindE0EEEEEvPKNS2_5codecIT_E12storage_typeESE_mNS0_12table_bundleEPd
    0 bytes stack frame, 0 bytes spill stores, 0 bytes spill loads
ptxas info    : Used 40 registers, used 1 barriers, 80 bytes smem
ptxas info    : Compile time = 11.710 ms
ptxas info    : Compiling entry function '_ZN3aut17format_strategies12decode_codesINS_7storage5e3m28ENS0_8strategyILNS0_11decode_kindE0ELi4ELNS0_14table_locationE0ELNS0_11unpack_kindE0EEEEEvPKNS2_5codecIT_E12storage_typeEmNS0_12table_bundleEPd' for 'sm_90'
ptxas info    : Function properties for _ZN3aut17format_strategies12decode_codesINS_7storage5e3m28ENS0_8strategyILNS0_11decode_kindE0ELi4ELNS0_14table_locationE0ELNS0_11unpack_kindE0EEEEEvPKNS2_5codecIT_E12storage_typeEmNS0_12table_bundleEPd
    0 bytes stack frame, 0 bytes spill stores, 0 bytes spill loads
ptxas info    : Used 22 registers, used 0 barriers
ptxas info    : Compile time = 9.628 ms
ptxas info    : Compiling entry function '_ZN3aut17format_strategies4gemvINS_7storage5e3m28ENS0_8strategyILNS0_11decode_kindE0ELi2ELNS0_14table_locationE0ELNS0_11unpack_kindE0EEEEEvPKNS2_5codecIT_E12storage_typeESE_mmmNS0_12table_bundleEPd' for 'sm_90'
ptxas info    : Function properties for _ZN3aut17format_strategies4gemvINS_7storage5e3m28ENS0_8strategyILNS0_11decode_kindE0ELi2ELNS0_14table_locationE0ELNS0_11unpack_kindE0EEEEEvPKNS2_5codecIT_E12storage_typeESE_mmmNS0_12table_bundleEPd
    0 bytes stack frame, 0 bytes spill stores, 0 bytes spill loads
ptxas info    : Used 27 registers, used 1 barriers, 80 bytes smem
ptxas info    : Compile time = 8.966 ms
ptxas info    : Compiling entry function '_ZN3aut17format_strategies14dot_map_reduceINS_7storage5e3m28ENS0_8strategyILNS0_11decode_kindE0ELi2ELNS0_14table_locationE0ELNS0_11unpack_kindE0EEEEEvPKNS2_5codecIT_E12storage_typeESE_mNS0_12table_bundleEPd' for 'sm_90'
ptxas info    : Function properties for _ZN3aut17format_strategies14dot_map_reduceINS_7storage5e3m28ENS0_8strategyILNS0_11decode_kindE0ELi2ELNS0_14table_locationE0ELNS0_11unpack_kindE0EEEEEvPKNS2_5codecIT_E12storage_typeESE_mNS0_12table_bundleEPd
    0 bytes stack frame, 0 bytes spill stores, 0 bytes spill loads
ptxas info    : Used 30 registers, used 1 barriers, 80 bytes smem
ptxas info    : Compile time = 8.806 ms
ptxas info    : Compiling entry function '_ZN3aut17format_strategies12decode_codesINS_7storage5e3m28ENS0_8strategyILNS0_11decode_kindE0ELi2ELNS0_14table_locationE0ELNS0_11unpack_kindE0EEEEEvPKNS2_5codecIT_E12storage_typeEmNS0_12table_bundleEPd' for 'sm_90'
ptxas info    : Function properties for _ZN3aut17format_strategies12decode_codesINS_7storage5e3m28ENS0_8strategyILNS0_11decode_kindE0ELi2ELNS0_14table_locationE0ELNS0_11unpack_kindE0EEEEEvPKNS2_5codecIT_E12storage_typeEmNS0_12table_bundleEPd
    0 bytes stack frame, 0 bytes spill stores, 0 bytes spill loads
ptxas info    : Used 21 registers, used 0 barriers
ptxas info    : Compile time = 8.251 ms
ptxas info    : Compiling entry function '_ZN3aut17format_strategies4gemvINS_7storage5e3m28ENS0_8strategyILNS0_11decode_kindE0ELi1ELNS0_14table_locationE0ELNS0_11unpack_kindE0EEEEEvPKNS2_5codecIT_E12storage_typeESE_mmmNS0_12table_bundleEPd' for 'sm_90'
ptxas info    : Function properties for _ZN3aut17format_strategies4gemvINS_7storage5e3m28ENS0_8strategyILNS0_11decode_kindE0ELi1ELNS0_14table_locationE0ELNS0_11unpack_kindE0EEEEEvPKNS2_5codecIT_E12storage_typeESE_mmmNS0_12table_bundleEPd
    0 bytes stack frame, 0 bytes spill stores, 0 bytes spill loads
ptxas info    : Used 22 registers, used 1 barriers, 80 bytes smem
ptxas info    : Compile time = 7.368 ms
ptxas info    : Compiling entry function '_ZN3aut17format_strategies14dot_map_reduceINS_7storage5e3m28ENS0_8strategyILNS0_11decode_kindE0ELi1ELNS0_14table_locationE0ELNS0_11unpack_kindE0EEEEEvPKNS2_5codecIT_E12storage_typeESE_mNS0_12table_bundleEPd' for 'sm_90'
ptxas info    : Function properties for _ZN3aut17format_strategies14dot_map_reduceINS_7storage5e3m28ENS0_8strategyILNS0_11decode_kindE0ELi1ELNS0_14table_locationE0ELNS0_11unpack_kindE0EEEEEvPKNS2_5codecIT_E12storage_typeESE_mNS0_12table_bundleEPd
    0 bytes stack frame, 0 bytes spill stores, 0 bytes spill loads
ptxas info    : Used 28 registers, used 1 barriers, 80 bytes smem
ptxas info    : Compile time = 7.235 ms
ptxas info    : Compiling entry function '_ZN3aut17format_strategies12decode_codesINS_7storage5e3m28ENS0_8strategyILNS0_11decode_kindE0ELi1ELNS0_14table_locationE0ELNS0_11unpack_kindE0EEEEEvPKNS2_5codecIT_E12storage_typeEmNS0_12table_bundleEPd' for 'sm_90'
ptxas info    : Function properties for _ZN3aut17format_strategies12decode_codesINS_7storage5e3m28ENS0_8strategyILNS0_11decode_kindE0ELi1ELNS0_14table_locationE0ELNS0_11unpack_kindE0EEEEEvPKNS2_5codecIT_E12storage_typeEmNS0_12table_bundleEPd
    0 bytes stack frame, 0 bytes spill stores, 0 bytes spill loads
ptxas info    : Used 21 registers, used 0 barriers
ptxas info    : Compile time = 7.583 ms
ptxas info    : Compiling entry function '_ZN3aut17format_strategies4gemvINS_7storage5e2m29ENS0_8strategyILNS0_11decode_kindE8ELi8ELNS0_14table_locationE1ELNS0_11unpack_kindE0EEEEEvPKNS2_5codecIT_E12storage_typeESE_mmmNS0_12table_bundleEPd' for 'sm_90'
ptxas info    : Function properties for _ZN3aut17format_strategies4gemvINS_7storage5e2m29ENS0_8strategyILNS0_11decode_kindE8ELi8ELNS0_14table_locationE1ELNS0_11unpack_kindE0EEEEEvPKNS2_5codecIT_E12storage_typeESE_mmmNS0_12table_bundleEPd
    0 bytes stack frame, 0 bytes spill stores, 0 bytes spill loads
ptxas info    : Used 59 registers, used 1 barriers, 80 bytes smem
ptxas info    : Compile time = 17.882 ms
ptxas info    : Compiling entry function '_ZN3aut17format_strategies14dot_map_reduceINS_7storage5e2m29ENS0_8strategyILNS0_11decode_kindE8ELi8ELNS0_14table_locationE1ELNS0_11unpack_kindE0EEEEEvPKNS2_5codecIT_E12storage_typeESE_mNS0_12table_bundleEPd' for 'sm_90'
ptxas info    : Function properties for _ZN3aut17format_strategies14dot_map_reduceINS_7storage5e2m29ENS0_8strategyILNS0_11decode_kindE8ELi8ELNS0_14table_locationE1ELNS0_11unpack_kindE0EEEEEvPKNS2_5codecIT_E12storage_typeESE_mNS0_12table_bundleEPd
    0 bytes stack frame, 0 bytes spill stores, 0 bytes spill loads
ptxas info    : Used 61 registers, used 1 barriers, 80 bytes smem
ptxas info    : Compile time = 17.521 ms
ptxas info    : Compiling entry function '_ZN3aut17format_strategies12decode_codesINS_7storage5e2m29ENS0_8strategyILNS0_11decode_kindE8ELi8ELNS0_14table_locationE1ELNS0_11unpack_kindE0EEEEEvPKNS2_5codecIT_E12storage_typeEmNS0_12table_bundleEPd' for 'sm_90'
ptxas info    : Function properties for _ZN3aut17format_strategies12decode_codesINS_7storage5e2m29ENS0_8strategyILNS0_11decode_kindE8ELi8ELNS0_14table_locationE1ELNS0_11unpack_kindE0EEEEEvPKNS2_5codecIT_E12storage_typeEmNS0_12table_bundleEPd
    0 bytes stack frame, 0 bytes spill stores, 0 bytes spill loads
ptxas info    : Used 27 registers, used 1 barriers
ptxas info    : Compile time = 12.104 ms
ptxas info    : Compiling entry function '_ZN3aut17format_strategies4gemvINS_7storage5e2m29ENS0_8strategyILNS0_11decode_kindE8ELi4ELNS0_14table_locationE1ELNS0_11unpack_kindE0EEEEEvPKNS2_5codecIT_E12storage_typeESE_mmmNS0_12table_bundleEPd' for 'sm_90'
ptxas info    : Function properties for _ZN3aut17format_strategies4gemvINS_7storage5e2m29ENS0_8strategyILNS0_11decode_kindE8ELi4ELNS0_14table_locationE1ELNS0_11unpack_kindE0EEEEEvPKNS2_5codecIT_E12storage_typeESE_mmmNS0_12table_bundleEPd
    0 bytes stack frame, 0 bytes spill stores, 0 bytes spill loads
ptxas info    : Used 37 registers, used 1 barriers, 80 bytes smem
ptxas info    : Compile time = 11.766 ms
ptxas info    : Compiling entry function '_ZN3aut17format_strategies14dot_map_reduceINS_7storage5e2m29ENS0_8strategyILNS0_11decode_kindE8ELi4ELNS0_14table_locationE1ELNS0_11unpack_kindE0EEEEEvPKNS2_5codecIT_E12storage_typeESE_mNS0_12table_bundleEPd' for 'sm_90'
ptxas info    : Function properties for _ZN3aut17format_strategies14dot_map_reduceINS_7storage5e2m29ENS0_8strategyILNS0_11decode_kindE8ELi4ELNS0_14table_locationE1ELNS0_11unpack_kindE0EEEEEvPKNS2_5codecIT_E12storage_typeESE_mNS0_12table_bundleEPd
    0 bytes stack frame, 0 bytes spill stores, 0 bytes spill loads
ptxas info    : Used 40 registers, used 1 barriers, 80 bytes smem
ptxas info    : Compile time = 11.672 ms
ptxas info    : Compiling entry function '_ZN3aut17format_strategies12decode_codesINS_7storage5e2m29ENS0_8strategyILNS0_11decode_kindE8ELi4ELNS0_14table_locationE1ELNS0_11unpack_kindE0EEEEEvPKNS2_5codecIT_E12storage_typeEmNS0_12table_bundleEPd' for 'sm_90'
ptxas info    : Function properties for _ZN3aut17format_strategies12decode_codesINS_7storage5e2m29ENS0_8strategyILNS0_11decode_kindE8ELi4ELNS0_14table_locationE1ELNS0_11unpack_kindE0EEEEEvPKNS2_5codecIT_E12storage_typeEmNS0_12table_bundleEPd
    0 bytes stack frame, 0 bytes spill stores, 0 bytes spill loads
ptxas info    : Used 22 registers, used 1 barriers
ptxas info    : Compile time = 9.725 ms
ptxas info    : Compiling entry function '_ZN3aut17format_strategies4gemvINS_7storage5e2m29ENS0_8strategyILNS0_11decode_kindE8ELi8ELNS0_14table_locationE0ELNS0_11unpack_kindE0EEEEEvPKNS2_5codecIT_E12storage_typeESE_mmmNS0_12table_bundleEPd' for 'sm_90'
ptxas info    : Function properties for _ZN3aut17format_strategies4gemvINS_7storage5e2m29ENS0_8strategyILNS0_11decode_kindE8ELi8ELNS0_14table_locationE0ELNS0_11unpack_kindE0EEEEEvPKNS2_5codecIT_E12storage_typeESE_mmmNS0_12table_bundleEPd
    0 bytes stack frame, 0 bytes spill stores, 0 bytes spill loads
ptxas info    : Used 64 registers, used 1 barriers, 80 bytes smem
ptxas info    : Compile time = 17.559 ms
ptxas info    : Compiling entry function '_ZN3aut17format_strategies14dot_map_reduceINS_7storage5e2m29ENS0_8strategyILNS0_11decode_kindE8ELi8ELNS0_14table_locationE0ELNS0_11unpack_kindE0EEEEEvPKNS2_5codecIT_E12storage_typeESE_mNS0_12table_bundleEPd' for 'sm_90'
ptxas info    : Function properties for _ZN3aut17format_strategies14dot_map_reduceINS_7storage5e2m29ENS0_8strategyILNS0_11decode_kindE8ELi8ELNS0_14table_locationE0ELNS0_11unpack_kindE0EEEEEvPKNS2_5codecIT_E12storage_typeESE_mNS0_12table_bundleEPd
    0 bytes stack frame, 0 bytes spill stores, 0 bytes spill loads
ptxas info    : Used 68 registers, used 1 barriers, 80 bytes smem
ptxas info    : Compile time = 17.184 ms
ptxas info    : Compiling entry function '_ZN3aut17format_strategies12decode_codesINS_7storage5e2m29ENS0_8strategyILNS0_11decode_kindE8ELi8ELNS0_14table_locationE0ELNS0_11unpack_kindE0EEEEEvPKNS2_5codecIT_E12storage_typeEmNS0_12table_bundleEPd' for 'sm_90'
ptxas info    : Function properties for _ZN3aut17format_strategies12decode_codesINS_7storage5e2m29ENS0_8strategyILNS0_11decode_kindE8ELi8ELNS0_14table_locationE0ELNS0_11unpack_kindE0EEEEEvPKNS2_5codecIT_E12storage_typeEmNS0_12table_bundleEPd
    0 bytes stack frame, 0 bytes spill stores, 0 bytes spill loads
ptxas info    : Used 32 registers, used 0 barriers
ptxas info    : Compile time = 11.539 ms
ptxas info    : Compiling entry function '_ZN3aut17format_strategies4gemvINS_7storage5e2m29ENS0_8strategyILNS0_11decode_kindE8ELi4ELNS0_14table_locationE0ELNS0_11unpack_kindE0EEEEEvPKNS2_5codecIT_E12storage_typeESE_mmmNS0_12table_bundleEPd' for 'sm_90'
ptxas info    : Function properties for _ZN3aut17format_strategies4gemvINS_7storage5e2m29ENS0_8strategyILNS0_11decode_kindE8ELi4ELNS0_14table_locationE0ELNS0_11unpack_kindE0EEEEEvPKNS2_5codecIT_E12storage_typeESE_mmmNS0_12table_bundleEPd
    0 bytes stack frame, 0 bytes spill stores, 0 bytes spill loads
ptxas info    : Used 40 registers, used 1 barriers, 80 bytes smem
ptxas info    : Compile time = 11.177 ms
ptxas info    : Compiling entry function '_ZN3aut17format_strategies14dot_map_reduceINS_7storage5e2m29ENS0_8strategyILNS0_11decode_kindE8ELi4ELNS0_14table_locationE0ELNS0_11unpack_kindE0EEEEEvPKNS2_5codecIT_E12storage_typeESE_mNS0_12table_bundleEPd' for 'sm_90'
ptxas info    : Function properties for _ZN3aut17format_strategies14dot_map_reduceINS_7storage5e2m29ENS0_8strategyILNS0_11decode_kindE8ELi4ELNS0_14table_locationE0ELNS0_11unpack_kindE0EEEEEvPKNS2_5codecIT_E12storage_typeESE_mNS0_12table_bundleEPd
    0 bytes stack frame, 0 bytes spill stores, 0 bytes spill loads
ptxas info    : Used 40 registers, used 1 barriers, 80 bytes smem
ptxas info    : Compile time = 11.147 ms
ptxas info    : Compiling entry function '_ZN3aut17format_strategies12decode_codesINS_7storage5e2m29ENS0_8strategyILNS0_11decode_kindE8ELi4ELNS0_14table_locationE0ELNS0_11unpack_kindE0EEEEEvPKNS2_5codecIT_E12storage_typeEmNS0_12table_bundleEPd' for 'sm_90'
ptxas info    : Function properties for _ZN3aut17format_strategies12decode_codesINS_7storage5e2m29ENS0_8strategyILNS0_11decode_kindE8ELi4ELNS0_14table_locationE0ELNS0_11unpack_kindE0EEEEEvPKNS2_5codecIT_E12storage_typeEmNS0_12table_bundleEPd
    0 bytes stack frame, 0 bytes spill stores, 0 bytes spill loads
ptxas info    : Used 26 registers, used 0 barriers
ptxas info    : Compile time = 9.155 ms
ptxas info    : Compiling entry function '_ZN3aut17format_strategies4gemvINS_7storage5e2m29ENS0_8strategyILNS0_11decode_kindE2ELi8ELNS0_14table_locationE0ELNS0_11unpack_kindE0EEEEEvPKNS2_5codecIT_E12storage_typeESE_mmmNS0_12table_bundleEPd' for 'sm_90'
ptxas info    : Function properties for _ZN3aut17format_strategies4gemvINS_7storage5e2m29ENS0_8strategyILNS0_11decode_kindE2ELi8ELNS0_14table_locationE0ELNS0_11unpack_kindE0EEEEEvPKNS2_5codecIT_E12storage_typeESE_mmmNS0_12table_bundleEPd
    0 bytes stack frame, 0 bytes spill stores, 0 bytes spill loads
ptxas info    : Used 48 registers, used 1 barriers, 80 bytes smem
ptxas info    : Compile time = 19.503 ms
ptxas info    : Compiling entry function '_ZN3aut17format_strategies14dot_map_reduceINS_7storage5e2m29ENS0_8strategyILNS0_11decode_kindE2ELi8ELNS0_14table_locationE0ELNS0_11unpack_kindE0EEEEEvPKNS2_5codecIT_E12storage_typeESE_mNS0_12table_bundleEPd' for 'sm_90'
ptxas info    : Function properties for _ZN3aut17format_strategies14dot_map_reduceINS_7storage5e2m29ENS0_8strategyILNS0_11decode_kindE2ELi8ELNS0_14table_locationE0ELNS0_11unpack_kindE0EEEEEvPKNS2_5codecIT_E12storage_typeESE_mNS0_12table_bundleEPd
    0 bytes stack frame, 0 bytes spill stores, 0 bytes spill loads
ptxas info    : Used 60 registers, used 1 barriers, 80 bytes smem
ptxas info    : Compile time = 20.025 ms
ptxas info    : Compiling entry function '_ZN3aut17format_strategies12decode_codesINS_7storage5e2m29ENS0_8strategyILNS0_11decode_kindE2ELi8ELNS0_14table_locationE0ELNS0_11unpack_kindE0EEEEEvPKNS2_5codecIT_E12storage_typeEmNS0_12table_bundleEPd' for 'sm_90'
ptxas info    : Function properties for _ZN3aut17format_strategies12decode_codesINS_7storage5e2m29ENS0_8strategyILNS0_11decode_kindE2ELi8ELNS0_14table_locationE0ELNS0_11unpack_kindE0EEEEEvPKNS2_5codecIT_E12storage_typeEmNS0_12table_bundleEPd
    0 bytes stack frame, 0 bytes spill stores, 0 bytes spill loads
ptxas info    : Used 32 registers, used 0 barriers
ptxas info    : Compile time = 10.442 ms
ptxas info    : Compiling entry function '_ZN3aut17format_strategies4gemvINS_7storage5e2m29ENS0_8strategyILNS0_11decode_kindE2ELi4ELNS0_14table_locationE0ELNS0_11unpack_kindE0EEEEEvPKNS2_5codecIT_E12storage_typeESE_mmmNS0_12table_bundleEPd' for 'sm_90'
ptxas info    : Function properties for _ZN3aut17format_strategies4gemvINS_7storage5e2m29ENS0_8strategyILNS0_11decode_kindE2ELi4ELNS0_14table_locationE0ELNS0_11unpack_kindE0EEEEEvPKNS2_5codecIT_E12storage_typeESE_mmmNS0_12table_bundleEPd
    0 bytes stack frame, 0 bytes spill stores, 0 bytes spill loads
ptxas info    : Used 32 registers, used 1 barriers, 80 bytes smem
ptxas info    : Compile time = 11.883 ms
ptxas info    : Compiling entry function '_ZN3aut17format_strategies14dot_map_reduceINS_7storage5e2m29ENS0_8strategyILNS0_11decode_kindE2ELi4ELNS0_14table_locationE0ELNS0_11unpack_kindE0EEEEEvPKNS2_5codecIT_E12storage_typeESE_mNS0_12table_bundleEPd' for 'sm_90'
ptxas info    : Function properties for _ZN3aut17format_strategies14dot_map_reduceINS_7storage5e2m29ENS0_8strategyILNS0_11decode_kindE2ELi4ELNS0_14table_locationE0ELNS0_11unpack_kindE0EEEEEvPKNS2_5codecIT_E12storage_typeESE_mNS0_12table_bundleEPd
    0 bytes stack frame, 0 bytes spill stores, 0 bytes spill loads
ptxas info    : Used 43 registers, used 1 barriers, 80 bytes smem
ptxas info    : Compile time = 12.371 ms
ptxas info    : Compiling entry function '_ZN3aut17format_strategies12decode_codesINS_7storage5e2m29ENS0_8strategyILNS0_11decode_kindE2ELi4ELNS0_14table_locationE0ELNS0_11unpack_kindE0EEEEEvPKNS2_5codecIT_E12storage_typeEmNS0_12table_bundleEPd' for 'sm_90'
ptxas info    : Function properties for _ZN3aut17format_strategies12decode_codesINS_7storage5e2m29ENS0_8strategyILNS0_11decode_kindE2ELi4ELNS0_14table_locationE0ELNS0_11unpack_kindE0EEEEEvPKNS2_5codecIT_E12storage_typeEmNS0_12table_bundleEPd
    0 bytes stack frame, 0 bytes spill stores, 0 bytes spill loads
ptxas info    : Used 32 registers, used 0 barriers
ptxas info    : Compile time = 7.573 ms
ptxas info    : Compiling entry function '_ZN3aut17format_strategies4gemvINS_7storage5e2m29ENS0_8strategyILNS0_11decode_kindE2ELi2ELNS0_14table_locationE0ELNS0_11unpack_kindE0EEEEEvPKNS2_5codecIT_E12storage_typeESE_mmmNS0_12table_bundleEPd' for 'sm_90'
ptxas info    : Function properties for _ZN3aut17format_strategies4gemvINS_7storage5e2m29ENS0_8strategyILNS0_11decode_kindE2ELi2ELNS0_14table_locationE0ELNS0_11unpack_kindE0EEEEEvPKNS2_5codecIT_E12storage_typeESE_mmmNS0_12table_bundleEPd
    0 bytes stack frame, 0 bytes spill stores, 0 bytes spill loads
ptxas info    : Used 30 registers, used 1 barriers, 80 bytes smem
ptxas info    : Compile time = 8.907 ms
ptxas info    : Compiling entry function '_ZN3aut17format_strategies14dot_map_reduceINS_7storage5e2m29ENS0_8strategyILNS0_11decode_kindE2ELi2ELNS0_14table_locationE0ELNS0_11unpack_kindE0EEEEEvPKNS2_5codecIT_E12storage_typeESE_mNS0_12table_bundleEPd' for 'sm_90'
ptxas info    : Function properties for _ZN3aut17format_strategies14dot_map_reduceINS_7storage5e2m29ENS0_8strategyILNS0_11decode_kindE2ELi2ELNS0_14table_locationE0ELNS0_11unpack_kindE0EEEEEvPKNS2_5codecIT_E12storage_typeESE_mNS0_12table_bundleEPd
    0 bytes stack frame, 0 bytes spill stores, 0 bytes spill loads
ptxas info    : Used 32 registers, used 1 barriers, 80 bytes smem
ptxas info    : Compile time = 8.631 ms
ptxas info    : Compiling entry function '_ZN3aut17format_strategies12decode_codesINS_7storage5e2m29ENS0_8strategyILNS0_11decode_kindE2ELi2ELNS0_14table_locationE0ELNS0_11unpack_kindE0EEEEEvPKNS2_5codecIT_E12storage_typeEmNS0_12table_bundleEPd' for 'sm_90'
ptxas info    : Function properties for _ZN3aut17format_strategies12decode_codesINS_7storage5e2m29ENS0_8strategyILNS0_11decode_kindE2ELi2ELNS0_14table_locationE0ELNS0_11unpack_kindE0EEEEEvPKNS2_5codecIT_E12storage_typeEmNS0_12table_bundleEPd
    0 bytes stack frame, 0 bytes spill stores, 0 bytes spill loads
ptxas info    : Used 25 registers, used 0 barriers
ptxas info    : Compile time = 6.239 ms
ptxas info    : Compiling entry function '_ZN3aut17format_strategies4gemvINS_7storage5e2m29ENS0_8strategyILNS0_11decode_kindE2ELi1ELNS0_14table_locationE0ELNS0_11unpack_kindE0EEEEEvPKNS2_5codecIT_E12storage_typeESE_mmmNS0_12table_bundleEPd' for 'sm_90'
ptxas info    : Function properties for _ZN3aut17format_strategies4gemvINS_7storage5e2m29ENS0_8strategyILNS0_11decode_kindE2ELi1ELNS0_14table_locationE0ELNS0_11unpack_kindE0EEEEEvPKNS2_5codecIT_E12storage_typeESE_mmmNS0_12table_bundleEPd
    0 bytes stack frame, 0 bytes spill stores, 0 bytes spill loads
ptxas info    : Used 29 registers, used 1 barriers, 80 bytes smem
ptxas info    : Compile time = 7.260 ms
ptxas info    : Compiling entry function '_ZN3aut17format_strategies14dot_map_reduceINS_7storage5e2m29ENS0_8strategyILNS0_11decode_kindE2ELi1ELNS0_14table_locationE0ELNS0_11unpack_kindE0EEEEEvPKNS2_5codecIT_E12storage_typeESE_mNS0_12table_bundleEPd' for 'sm_90'
ptxas info    : Function properties for _ZN3aut17format_strategies14dot_map_reduceINS_7storage5e2m29ENS0_8strategyILNS0_11decode_kindE2ELi1ELNS0_14table_locationE0ELNS0_11unpack_kindE0EEEEEvPKNS2_5codecIT_E12storage_typeESE_mNS0_12table_bundleEPd
    0 bytes stack frame, 0 bytes spill stores, 0 bytes spill loads
ptxas info    : Used 28 registers, used 1 barriers, 80 bytes smem
ptxas info    : Compile time = 7.077 ms
ptxas info    : Compiling entry function '_ZN3aut17format_strategies12decode_codesINS_7storage5e2m29ENS0_8strategyILNS0_11decode_kindE2ELi1ELNS0_14table_locationE0ELNS0_11unpack_kindE0EEEEEvPKNS2_5codecIT_E12storage_typeEmNS0_12table_bundleEPd' for 'sm_90'
ptxas info    : Function properties for _ZN3aut17format_strategies12decode_codesINS_7storage5e2m29ENS0_8strategyILNS0_11decode_kindE2ELi1ELNS0_14table_locationE0ELNS0_11unpack_kindE0EEEEEvPKNS2_5codecIT_E12storage_typeEmNS0_12table_bundleEPd
    0 bytes stack frame, 0 bytes spill stores, 0 bytes spill loads
ptxas info    : Used 22 registers, used 0 barriers
ptxas info    : Compile time = 5.629 ms
ptxas info    : Compiling entry function '_ZN3aut17format_strategies4gemvINS_7storage5e2m29ENS0_8strategyILNS0_11decode_kindE1ELi8ELNS0_14table_locationE0ELNS0_11unpack_kindE0EEEEEvPKNS2_5codecIT_E12storage_typeESE_mmmNS0_12table_bundleEPd' for 'sm_90'
ptxas info    : Function properties for _ZN3aut17format_strategies4gemvINS_7storage5e2m29ENS0_8strategyILNS0_11decode_kindE1ELi8ELNS0_14table_locationE0ELNS0_11unpack_kindE0EEEEEvPKNS2_5codecIT_E12storage_typeESE_mmmNS0_12table_bundleEPd
    0 bytes stack frame, 0 bytes spill stores, 0 bytes spill loads
ptxas info    : Used 60 registers, used 1 barriers, 80 bytes smem
ptxas info    : Compile time = 17.066 ms
ptxas info    : Compiling entry function '_ZN3aut17format_strategies14dot_map_reduceINS_7storage5e2m29ENS0_8strategyILNS0_11decode_kindE1ELi8ELNS0_14table_locationE0ELNS0_11unpack_kindE0EEEEEvPKNS2_5codecIT_E12storage_typeESE_mNS0_12table_bundleEPd' for 'sm_90'
ptxas info    : Function properties for _ZN3aut17format_strategies14dot_map_reduceINS_7storage5e2m29ENS0_8strategyILNS0_11decode_kindE1ELi8ELNS0_14table_locationE0ELNS0_11unpack_kindE0EEEEEvPKNS2_5codecIT_E12storage_typeESE_mNS0_12table_bundleEPd
    0 bytes stack frame, 0 bytes spill stores, 0 bytes spill loads
ptxas info    : Used 61 registers, used 1 barriers, 80 bytes smem
ptxas info    : Compile time = 16.691 ms
ptxas info    : Compiling entry function '_ZN3aut17format_strategies12decode_codesINS_7storage5e2m29ENS0_8strategyILNS0_11decode_kindE1ELi8ELNS0_14table_locationE0ELNS0_11unpack_kindE0EEEEEvPKNS2_5codecIT_E12storage_typeEmNS0_12table_bundleEPd' for 'sm_90'
ptxas info    : Function properties for _ZN3aut17format_strategies12decode_codesINS_7storage5e2m29ENS0_8strategyILNS0_11decode_kindE1ELi8ELNS0_14table_locationE0ELNS0_11unpack_kindE0EEEEEvPKNS2_5codecIT_E12storage_typeEmNS0_12table_bundleEPd
    0 bytes stack frame, 0 bytes spill stores, 0 bytes spill loads
ptxas info    : Used 29 registers, used 0 barriers
ptxas info    : Compile time = 11.727 ms
ptxas info    : Compiling entry function '_ZN3aut17format_strategies4gemvINS_7storage5e2m29ENS0_8strategyILNS0_11decode_kindE1ELi4ELNS0_14table_locationE0ELNS0_11unpack_kindE0EEEEEvPKNS2_5codecIT_E12storage_typeESE_mmmNS0_12table_bundleEPd' for 'sm_90'
ptxas info    : Function properties for _ZN3aut17format_strategies4gemvINS_7storage5e2m29ENS0_8strategyILNS0_11decode_kindE1ELi4ELNS0_14table_locationE0ELNS0_11unpack_kindE0EEEEEvPKNS2_5codecIT_E12storage_typeESE_mmmNS0_12table_bundleEPd
    0 bytes stack frame, 0 bytes spill stores, 0 bytes spill loads
ptxas info    : Used 38 registers, used 1 barriers, 80 bytes smem
ptxas info    : Compile time = 11.190 ms
ptxas info    : Compiling entry function '_ZN3aut17format_strategies14dot_map_reduceINS_7storage5e2m29ENS0_8strategyILNS0_11decode_kindE1ELi4ELNS0_14table_locationE0ELNS0_11unpack_kindE0EEEEEvPKNS2_5codecIT_E12storage_typeESE_mNS0_12table_bundleEPd' for 'sm_90'
ptxas info    : Function properties for _ZN3aut17format_strategies14dot_map_reduceINS_7storage5e2m29ENS0_8strategyILNS0_11decode_kindE1ELi4ELNS0_14table_locationE0ELNS0_11unpack_kindE0EEEEEvPKNS2_5codecIT_E12storage_typeESE_mNS0_12table_bundleEPd
    0 bytes stack frame, 0 bytes spill stores, 0 bytes spill loads
ptxas info    : Used 40 registers, used 1 barriers, 80 bytes smem
ptxas info    : Compile time = 11.194 ms
ptxas info    : Compiling entry function '_ZN3aut17format_strategies12decode_codesINS_7storage5e2m29ENS0_8strategyILNS0_11decode_kindE1ELi4ELNS0_14table_locationE0ELNS0_11unpack_kindE0EEEEEvPKNS2_5codecIT_E12storage_typeEmNS0_12table_bundleEPd' for 'sm_90'
ptxas info    : Function properties for _ZN3aut17format_strategies12decode_codesINS_7storage5e2m29ENS0_8strategyILNS0_11decode_kindE1ELi4ELNS0_14table_locationE0ELNS0_11unpack_kindE0EEEEEvPKNS2_5codecIT_E12storage_typeEmNS0_12table_bundleEPd
    0 bytes stack frame, 0 bytes spill stores, 0 bytes spill loads
ptxas info    : Used 21 registers, used 0 barriers
ptxas info    : Compile time = 9.208 ms
ptxas info    : Compiling entry function '_ZN3aut17format_strategies4gemvINS_7storage5e2m29ENS0_8strategyILNS0_11decode_kindE1ELi2ELNS0_14table_locationE0ELNS0_11unpack_kindE0EEEEEvPKNS2_5codecIT_E12storage_typeESE_mmmNS0_12table_bundleEPd' for 'sm_90'
ptxas info    : Function properties for _ZN3aut17format_strategies4gemvINS_7storage5e2m29ENS0_8strategyILNS0_11decode_kindE1ELi2ELNS0_14table_locationE0ELNS0_11unpack_kindE0EEEEEvPKNS2_5codecIT_E12storage_typeESE_mmmNS0_12table_bundleEPd
    0 bytes stack frame, 0 bytes spill stores, 0 bytes spill loads
ptxas info    : Used 27 registers, used 1 barriers, 80 bytes smem
ptxas info    : Compile time = 8.601 ms
ptxas info    : Compiling entry function '_ZN3aut17format_strategies14dot_map_reduceINS_7storage5e2m29ENS0_8strategyILNS0_11decode_kindE1ELi2ELNS0_14table_locationE0ELNS0_11unpack_kindE0EEEEEvPKNS2_5codecIT_E12storage_typeESE_mNS0_12table_bundleEPd' for 'sm_90'
ptxas info    : Function properties for _ZN3aut17format_strategies14dot_map_reduceINS_7storage5e2m29ENS0_8strategyILNS0_11decode_kindE1ELi2ELNS0_14table_locationE0ELNS0_11unpack_kindE0EEEEEvPKNS2_5codecIT_E12storage_typeESE_mNS0_12table_bundleEPd
    0 bytes stack frame, 0 bytes spill stores, 0 bytes spill loads
ptxas info    : Used 31 registers, used 1 barriers, 80 bytes smem
ptxas info    : Compile time = 8.422 ms
ptxas info    : Compiling entry function '_ZN3aut17format_strategies12decode_codesINS_7storage5e2m29ENS0_8strategyILNS0_11decode_kindE1ELi2ELNS0_14table_locationE0ELNS0_11unpack_kindE0EEEEEvPKNS2_5codecIT_E12storage_typeEmNS0_12table_bundleEPd' for 'sm_90'
ptxas info    : Function properties for _ZN3aut17format_strategies12decode_codesINS_7storage5e2m29ENS0_8strategyILNS0_11decode_kindE1ELi2ELNS0_14table_locationE0ELNS0_11unpack_kindE0EEEEEvPKNS2_5codecIT_E12storage_typeEmNS0_12table_bundleEPd
    0 bytes stack frame, 0 bytes spill stores, 0 bytes spill loads
ptxas info    : Used 21 registers, used 0 barriers
ptxas info    : Compile time = 8.007 ms
ptxas info    : Compiling entry function '_ZN3aut17format_strategies4gemvINS_7storage5e2m29ENS0_8strategyILNS0_11decode_kindE1ELi1ELNS0_14table_locationE0ELNS0_11unpack_kindE0EEEEEvPKNS2_5codecIT_E12storage_typeESE_mmmNS0_12table_bundleEPd' for 'sm_90'
ptxas info    : Function properties for _ZN3aut17format_strategies4gemvINS_7storage5e2m29ENS0_8strategyILNS0_11decode_kindE1ELi1ELNS0_14table_locationE0ELNS0_11unpack_kindE0EEEEEvPKNS2_5codecIT_E12storage_typeESE_mmmNS0_12table_bundleEPd
    0 bytes stack frame, 0 bytes spill stores, 0 bytes spill loads
ptxas info    : Used 21 registers, used 1 barriers, 80 bytes smem
ptxas info    : Compile time = 7.147 ms
ptxas info    : Compiling entry function '_ZN3aut17format_strategies14dot_map_reduceINS_7storage5e2m29ENS0_8strategyILNS0_11decode_kindE1ELi1ELNS0_14table_locationE0ELNS0_11unpack_kindE0EEEEEvPKNS2_5codecIT_E12storage_typeESE_mNS0_12table_bundleEPd' for 'sm_90'
ptxas info    : Function properties for _ZN3aut17format_strategies14dot_map_reduceINS_7storage5e2m29ENS0_8strategyILNS0_11decode_kindE1ELi1ELNS0_14table_locationE0ELNS0_11unpack_kindE0EEEEEvPKNS2_5codecIT_E12storage_typeESE_mNS0_12table_bundleEPd
    0 bytes stack frame, 0 bytes spill stores, 0 bytes spill loads
ptxas info    : Used 28 registers, used 1 barriers, 80 bytes smem
ptxas info    : Compile time = 6.988 ms
ptxas info    : Compiling entry function '_ZN3aut17format_strategies12decode_codesINS_7storage5e2m29ENS0_8strategyILNS0_11decode_kindE1ELi1ELNS0_14table_locationE0ELNS0_11unpack_kindE0EEEEEvPKNS2_5codecIT_E12storage_typeEmNS0_12table_bundleEPd' for 'sm_90'
ptxas info    : Function properties for _ZN3aut17format_strategies12decode_codesINS_7storage5e2m29ENS0_8strategyILNS0_11decode_kindE1ELi1ELNS0_14table_locationE0ELNS0_11unpack_kindE0EEEEEvPKNS2_5codecIT_E12storage_typeEmNS0_12table_bundleEPd
    0 bytes stack frame, 0 bytes spill stores, 0 bytes spill loads
ptxas info    : Used 21 registers, used 0 barriers
ptxas info    : Compile time = 7.343 ms
ptxas info    : Compiling entry function '_ZN3aut17format_strategies4gemvINS_7storage5e2m29ENS0_8strategyILNS0_11decode_kindE0ELi8ELNS0_14table_locationE0ELNS0_11unpack_kindE0EEEEEvPKNS2_5codecIT_E12storage_typeESE_mmmNS0_12table_bundleEPd' for 'sm_90'
ptxas info    : Function properties for _ZN3aut17format_strategies4gemvINS_7storage5e2m29ENS0_8strategyILNS0_11decode_kindE0ELi8ELNS0_14table_locationE0ELNS0_11unpack_kindE0EEEEEvPKNS2_5codecIT_E12storage_typeESE_mmmNS0_12table_bundleEPd
    0 bytes stack frame, 0 bytes spill stores, 0 bytes spill loads
ptxas info    : Used 59 registers, used 1 barriers, 80 bytes smem
ptxas info    : Compile time = 17.901 ms
ptxas info    : Compiling entry function '_ZN3aut17format_strategies14dot_map_reduceINS_7storage5e2m29ENS0_8strategyILNS0_11decode_kindE0ELi8ELNS0_14table_locationE0ELNS0_11unpack_kindE0EEEEEvPKNS2_5codecIT_E12storage_typeESE_mNS0_12table_bundleEPd' for 'sm_90'
ptxas info    : Function properties for _ZN3aut17format_strategies14dot_map_reduceINS_7storage5e2m29ENS0_8strategyILNS0_11decode_kindE0ELi8ELNS0_14table_locationE0ELNS0_11unpack_kindE0EEEEEvPKNS2_5codecIT_E12storage_typeESE_mNS0_12table_bundleEPd
    0 bytes stack frame, 0 bytes spill stores, 0 bytes spill loads
ptxas info    : Used 62 registers, used 1 barriers, 80 bytes smem
ptxas info    : Compile time = 17.702 ms
ptxas info    : Compiling entry function '_ZN3aut17format_strategies12decode_codesINS_7storage5e2m29ENS0_8strategyILNS0_11decode_kindE0ELi8ELNS0_14table_locationE0ELNS0_11unpack_kindE0EEEEEvPKNS2_5codecIT_E12storage_typeEmNS0_12table_bundleEPd' for 'sm_90'
ptxas info    : Function properties for _ZN3aut17format_strategies12decode_codesINS_7storage5e2m29ENS0_8strategyILNS0_11decode_kindE0ELi8ELNS0_14table_locationE0ELNS0_11unpack_kindE0EEEEEvPKNS2_5codecIT_E12storage_typeEmNS0_12table_bundleEPd
    0 bytes stack frame, 0 bytes spill stores, 0 bytes spill loads
ptxas info    : Used 28 registers, used 0 barriers
ptxas info    : Compile time = 12.447 ms
ptxas info    : Compiling entry function '_ZN3aut17format_strategies4gemvINS_7storage5e2m29ENS0_8strategyILNS0_11decode_kindE0ELi4ELNS0_14table_locationE0ELNS0_11unpack_kindE0EEEEEvPKNS2_5codecIT_E12storage_typeESE_mmmNS0_12table_bundleEPd' for 'sm_90'
ptxas info    : Function properties for _ZN3aut17format_strategies4gemvINS_7storage5e2m29ENS0_8strategyILNS0_11decode_kindE0ELi4ELNS0_14table_locationE0ELNS0_11unpack_kindE0EEEEEvPKNS2_5codecIT_E12storage_typeESE_mmmNS0_12table_bundleEPd
    0 bytes stack frame, 0 bytes spill stores, 0 bytes spill loads
ptxas info    : Used 37 registers, used 1 barriers, 80 bytes smem
ptxas info    : Compile time = 11.788 ms
ptxas info    : Compiling entry function '_ZN3aut17format_strategies14dot_map_reduceINS_7storage5e2m29ENS0_8strategyILNS0_11decode_kindE0ELi4ELNS0_14table_locationE0ELNS0_11unpack_kindE0EEEEEvPKNS2_5codecIT_E12storage_typeESE_mNS0_12table_bundleEPd' for 'sm_90'
ptxas info    : Function properties for _ZN3aut17format_strategies14dot_map_reduceINS_7storage5e2m29ENS0_8strategyILNS0_11decode_kindE0ELi4ELNS0_14table_locationE0ELNS0_11unpack_kindE0EEEEEvPKNS2_5codecIT_E12storage_typeESE_mNS0_12table_bundleEPd
    0 bytes stack frame, 0 bytes spill stores, 0 bytes spill loads
ptxas info    : Used 40 registers, used 1 barriers, 80 bytes smem
ptxas info    : Compile time = 11.731 ms
ptxas info    : Compiling entry function '_ZN3aut17format_strategies12decode_codesINS_7storage5e2m29ENS0_8strategyILNS0_11decode_kindE0ELi4ELNS0_14table_locationE0ELNS0_11unpack_kindE0EEEEEvPKNS2_5codecIT_E12storage_typeEmNS0_12table_bundleEPd' for 'sm_90'
ptxas info    : Function properties for _ZN3aut17format_strategies12decode_codesINS_7storage5e2m29ENS0_8strategyILNS0_11decode_kindE0ELi4ELNS0_14table_locationE0ELNS0_11unpack_kindE0EEEEEvPKNS2_5codecIT_E12storage_typeEmNS0_12table_bundleEPd
    0 bytes stack frame, 0 bytes spill stores, 0 bytes spill loads
ptxas info    : Used 22 registers, used 0 barriers
ptxas info    : Compile time = 9.607 ms
ptxas info    : Compiling entry function '_ZN3aut17format_strategies4gemvINS_7storage5e2m29ENS0_8strategyILNS0_11decode_kindE0ELi2ELNS0_14table_locationE0ELNS0_11unpack_kindE0EEEEEvPKNS2_5codecIT_E12storage_typeESE_mmmNS0_12table_bundleEPd' for 'sm_90'
ptxas info    : Function properties for _ZN3aut17format_strategies4gemvINS_7storage5e2m29ENS0_8strategyILNS0_11decode_kindE0ELi2ELNS0_14table_locationE0ELNS0_11unpack_kindE0EEEEEvPKNS2_5codecIT_E12storage_typeESE_mmmNS0_12table_bundleEPd
    0 bytes stack frame, 0 bytes spill stores, 0 bytes spill loads
ptxas info    : Used 27 registers, used 1 barriers, 80 bytes smem
ptxas info    : Compile time = 8.986 ms
ptxas info    : Compiling entry function '_ZN3aut17format_strategies14dot_map_reduceINS_7storage5e2m29ENS0_8strategyILNS0_11decode_kindE0ELi2ELNS0_14table_locationE0ELNS0_11unpack_kindE0EEEEEvPKNS2_5codecIT_E12storage_typeESE_mNS0_12table_bundleEPd' for 'sm_90'
ptxas info    : Function properties for _ZN3aut17format_strategies14dot_map_reduceINS_7storage5e2m29ENS0_8strategyILNS0_11decode_kindE0ELi2ELNS0_14table_locationE0ELNS0_11unpack_kindE0EEEEEvPKNS2_5codecIT_E12storage_typeESE_mNS0_12table_bundleEPd
    0 bytes stack frame, 0 bytes spill stores, 0 bytes spill loads
ptxas info    : Used 30 registers, used 1 barriers, 80 bytes smem
ptxas info    : Compile time = 8.789 ms
ptxas info    : Compiling entry function '_ZN3aut17format_strategies12decode_codesINS_7storage5e2m29ENS0_8strategyILNS0_11decode_kindE0ELi2ELNS0_14table_locationE0ELNS0_11unpack_kindE0EEEEEvPKNS2_5codecIT_E12storage_typeEmNS0_12table_bundleEPd' for 'sm_90'
ptxas info    : Function properties for _ZN3aut17format_strategies12decode_codesINS_7storage5e2m29ENS0_8strategyILNS0_11decode_kindE0ELi2ELNS0_14table_locationE0ELNS0_11unpack_kindE0EEEEEvPKNS2_5codecIT_E12storage_typeEmNS0_12table_bundleEPd
    0 bytes stack frame, 0 bytes spill stores, 0 bytes spill loads
ptxas info    : Used 21 registers, used 0 barriers
ptxas info    : Compile time = 8.249 ms
ptxas info    : Compiling entry function '_ZN3aut17format_strategies4gemvINS_7storage5e2m29ENS0_8strategyILNS0_11decode_kindE0ELi1ELNS0_14table_locationE0ELNS0_11unpack_kindE0EEEEEvPKNS2_5codecIT_E12storage_typeESE_mmmNS0_12table_bundleEPd' for 'sm_90'
ptxas info    : Function properties for _ZN3aut17format_strategies4gemvINS_7storage5e2m29ENS0_8strategyILNS0_11decode_kindE0ELi1ELNS0_14table_locationE0ELNS0_11unpack_kindE0EEEEEvPKNS2_5codecIT_E12storage_typeESE_mmmNS0_12table_bundleEPd
    0 bytes stack frame, 0 bytes spill stores, 0 bytes spill loads
ptxas info    : Used 22 registers, used 1 barriers, 80 bytes smem
ptxas info    : Compile time = 7.363 ms
ptxas info    : Compiling entry function '_ZN3aut17format_strategies14dot_map_reduceINS_7storage5e2m29ENS0_8strategyILNS0_11decode_kindE0ELi1ELNS0_14table_locationE0ELNS0_11unpack_kindE0EEEEEvPKNS2_5codecIT_E12storage_typeESE_mNS0_12table_bundleEPd' for 'sm_90'
ptxas info    : Function properties for _ZN3aut17format_strategies14dot_map_reduceINS_7storage5e2m29ENS0_8strategyILNS0_11decode_kindE0ELi1ELNS0_14table_locationE0ELNS0_11unpack_kindE0EEEEEvPKNS2_5codecIT_E12storage_typeESE_mNS0_12table_bundleEPd
    0 bytes stack frame, 0 bytes spill stores, 0 bytes spill loads
ptxas info    : Used 28 registers, used 1 barriers, 80 bytes smem
ptxas info    : Compile time = 7.258 ms
ptxas info    : Compiling entry function '_ZN3aut17format_strategies12decode_codesINS_7storage5e2m29ENS0_8strategyILNS0_11decode_kindE0ELi1ELNS0_14table_locationE0ELNS0_11unpack_kindE0EEEEEvPKNS2_5codecIT_E12storage_typeEmNS0_12table_bundleEPd' for 'sm_90'
ptxas info    : Function properties for _ZN3aut17format_strategies12decode_codesINS_7storage5e2m29ENS0_8strategyILNS0_11decode_kindE0ELi1ELNS0_14table_locationE0ELNS0_11unpack_kindE0EEEEEvPKNS2_5codecIT_E12storage_typeEmNS0_12table_bundleEPd
    0 bytes stack frame, 0 bytes spill stores, 0 bytes spill loads
ptxas info    : Used 21 registers, used 0 barriers
ptxas info    : Compile time = 7.603 ms
ptxas info    : Compiling entry function '_ZN3aut17format_strategies4gemvINS_7storage5e1m30ENS0_8strategyILNS0_11decode_kindE8ELi8ELNS0_14table_locationE1ELNS0_11unpack_kindE0EEEEEvPKNS2_5codecIT_E12storage_typeESE_mmmNS0_12table_bundleEPd' for 'sm_90'
ptxas info    : Function properties for _ZN3aut17format_strategies4gemvINS_7storage5e1m30ENS0_8strategyILNS0_11decode_kindE8ELi8ELNS0_14table_locationE1ELNS0_11unpack_kindE0EEEEEvPKNS2_5codecIT_E12storage_typeESE_mmmNS0_12table_bundleEPd
    0 bytes stack frame, 0 bytes spill stores, 0 bytes spill loads
ptxas info    : Used 59 registers, used 1 barriers, 80 bytes smem
ptxas info    : Compile time = 17.771 ms
ptxas info    : Compiling entry function '_ZN3aut17format_strategies14dot_map_reduceINS_7storage5e1m30ENS0_8strategyILNS0_11decode_kindE8ELi8ELNS0_14table_locationE1ELNS0_11unpack_kindE0EEEEEvPKNS2_5codecIT_E12storage_typeESE_mNS0_12table_bundleEPd' for 'sm_90'
ptxas info    : Function properties for _ZN3aut17format_strategies14dot_map_reduceINS_7storage5e1m30ENS0_8strategyILNS0_11decode_kindE8ELi8ELNS0_14table_locationE1ELNS0_11unpack_kindE0EEEEEvPKNS2_5codecIT_E12storage_typeESE_mNS0_12table_bundleEPd
    0 bytes stack frame, 0 bytes spill stores, 0 bytes spill loads
ptxas info    : Used 61 registers, used 1 barriers, 80 bytes smem
ptxas info    : Compile time = 17.468 ms
ptxas info    : Compiling entry function '_ZN3aut17format_strategies12decode_codesINS_7storage5e1m30ENS0_8strategyILNS0_11decode_kindE8ELi8ELNS0_14table_locationE1ELNS0_11unpack_kindE0EEEEEvPKNS2_5codecIT_E12storage_typeEmNS0_12table_bundleEPd' for 'sm_90'
ptxas info    : Function properties for _ZN3aut17format_strategies12decode_codesINS_7storage5e1m30ENS0_8strategyILNS0_11decode_kindE8ELi8ELNS0_14table_locationE1ELNS0_11unpack_kindE0EEEEEvPKNS2_5codecIT_E12storage_typeEmNS0_12table_bundleEPd
    0 bytes stack frame, 0 bytes spill stores, 0 bytes spill loads
ptxas info    : Used 27 registers, used 1 barriers
ptxas info    : Compile time = 12.157 ms
ptxas info    : Compiling entry function '_ZN3aut17format_strategies4gemvINS_7storage5e1m30ENS0_8strategyILNS0_11decode_kindE8ELi4ELNS0_14table_locationE1ELNS0_11unpack_kindE0EEEEEvPKNS2_5codecIT_E12storage_typeESE_mmmNS0_12table_bundleEPd' for 'sm_90'
ptxas info    : Function properties for _ZN3aut17format_strategies4gemvINS_7storage5e1m30ENS0_8strategyILNS0_11decode_kindE8ELi4ELNS0_14table_locationE1ELNS0_11unpack_kindE0EEEEEvPKNS2_5codecIT_E12storage_typeESE_mmmNS0_12table_bundleEPd
    0 bytes stack frame, 0 bytes spill stores, 0 bytes spill loads
ptxas info    : Used 37 registers, used 1 barriers, 80 bytes smem
ptxas info    : Compile time = 11.815 ms
ptxas info    : Compiling entry function '_ZN3aut17format_strategies14dot_map_reduceINS_7storage5e1m30ENS0_8strategyILNS0_11decode_kindE8ELi4ELNS0_14table_locationE1ELNS0_11unpack_kindE0EEEEEvPKNS2_5codecIT_E12storage_typeESE_mNS0_12table_bundleEPd' for 'sm_90'
ptxas info    : Function properties for _ZN3aut17format_strategies14dot_map_reduceINS_7storage5e1m30ENS0_8strategyILNS0_11decode_kindE8ELi4ELNS0_14table_locationE1ELNS0_11unpack_kindE0EEEEEvPKNS2_5codecIT_E12storage_typeESE_mNS0_12table_bundleEPd
    0 bytes stack frame, 0 bytes spill stores, 0 bytes spill loads
ptxas info    : Used 40 registers, used 1 barriers, 80 bytes smem
ptxas info    : Compile time = 11.744 ms
ptxas info    : Compiling entry function '_ZN3aut17format_strategies12decode_codesINS_7storage5e1m30ENS0_8strategyILNS0_11decode_kindE8ELi4ELNS0_14table_locationE1ELNS0_11unpack_kindE0EEEEEvPKNS2_5codecIT_E12storage_typeEmNS0_12table_bundleEPd' for 'sm_90'
ptxas info    : Function properties for _ZN3aut17format_strategies12decode_codesINS_7storage5e1m30ENS0_8strategyILNS0_11decode_kindE8ELi4ELNS0_14table_locationE1ELNS0_11unpack_kindE0EEEEEvPKNS2_5codecIT_E12storage_typeEmNS0_12table_bundleEPd
    0 bytes stack frame, 0 bytes spill stores, 0 bytes spill loads
ptxas info    : Used 22 registers, used 1 barriers
ptxas info    : Compile time = 9.774 ms
ptxas info    : Compiling entry function '_ZN3aut17format_strategies4gemvINS_7storage5e1m30ENS0_8strategyILNS0_11decode_kindE8ELi8ELNS0_14table_locationE0ELNS0_11unpack_kindE0EEEEEvPKNS2_5codecIT_E12storage_typeESE_mmmNS0_12table_bundleEPd' for 'sm_90'
ptxas info    : Function properties for _ZN3aut17format_strategies4gemvINS_7storage5e1m30ENS0_8strategyILNS0_11decode_kindE8ELi8ELNS0_14table_locationE0ELNS0_11unpack_kindE0EEEEEvPKNS2_5codecIT_E12storage_typeESE_mmmNS0_12table_bundleEPd
    0 bytes stack frame, 0 bytes spill stores, 0 bytes spill loads
ptxas info    : Used 64 registers, used 1 barriers, 80 bytes smem
ptxas info    : Compile time = 17.820 ms
ptxas info    : Compiling entry function '_ZN3aut17format_strategies14dot_map_reduceINS_7storage5e1m30ENS0_8strategyILNS0_11decode_kindE8ELi8ELNS0_14table_locationE0ELNS0_11unpack_kindE0EEEEEvPKNS2_5codecIT_E12storage_typeESE_mNS0_12table_bundleEPd' for 'sm_90'
ptxas info    : Function properties for _ZN3aut17format_strategies14dot_map_reduceINS_7storage5e1m30ENS0_8strategyILNS0_11decode_kindE8ELi8ELNS0_14table_locationE0ELNS0_11unpack_kindE0EEEEEvPKNS2_5codecIT_E12storage_typeESE_mNS0_12table_bundleEPd
    0 bytes stack frame, 0 bytes spill stores, 0 bytes spill loads
ptxas info    : Used 68 registers, used 1 barriers, 80 bytes smem
ptxas info    : Compile time = 17.310 ms
ptxas info    : Compiling entry function '_ZN3aut17format_strategies12decode_codesINS_7storage5e1m30ENS0_8strategyILNS0_11decode_kindE8ELi8ELNS0_14table_locationE0ELNS0_11unpack_kindE0EEEEEvPKNS2_5codecIT_E12storage_typeEmNS0_12table_bundleEPd' for 'sm_90'
ptxas info    : Function properties for _ZN3aut17format_strategies12decode_codesINS_7storage5e1m30ENS0_8strategyILNS0_11decode_kindE8ELi8ELNS0_14table_locationE0ELNS0_11unpack_kindE0EEEEEvPKNS2_5codecIT_E12storage_typeEmNS0_12table_bundleEPd
    0 bytes stack frame, 0 bytes spill stores, 0 bytes spill loads
ptxas info    : Used 32 registers, used 0 barriers
ptxas info    : Compile time = 11.610 ms
ptxas info    : Compiling entry function '_ZN3aut17format_strategies4gemvINS_7storage5e1m30ENS0_8strategyILNS0_11decode_kindE8ELi4ELNS0_14table_locationE0ELNS0_11unpack_kindE0EEEEEvPKNS2_5codecIT_E12storage_typeESE_mmmNS0_12table_bundleEPd' for 'sm_90'
ptxas info    : Function properties for _ZN3aut17format_strategies4gemvINS_7storage5e1m30ENS0_8strategyILNS0_11decode_kindE8ELi4ELNS0_14table_locationE0ELNS0_11unpack_kindE0EEEEEvPKNS2_5codecIT_E12storage_typeESE_mmmNS0_12table_bundleEPd
    0 bytes stack frame, 0 bytes spill stores, 0 bytes spill loads
ptxas info    : Used 40 registers, used 1 barriers, 80 bytes smem
ptxas info    : Compile time = 11.252 ms
ptxas info    : Compiling entry function '_ZN3aut17format_strategies14dot_map_reduceINS_7storage5e1m30ENS0_8strategyILNS0_11decode_kindE8ELi4ELNS0_14table_locationE0ELNS0_11unpack_kindE0EEEEEvPKNS2_5codecIT_E12storage_typeESE_mNS0_12table_bundleEPd' for 'sm_90'
ptxas info    : Function properties for _ZN3aut17format_strategies14dot_map_reduceINS_7storage5e1m30ENS0_8strategyILNS0_11decode_kindE8ELi4ELNS0_14table_locationE0ELNS0_11unpack_kindE0EEEEEvPKNS2_5codecIT_E12storage_typeESE_mNS0_12table_bundleEPd
    0 bytes stack frame, 0 bytes spill stores, 0 bytes spill loads
ptxas info    : Used 40 registers, used 1 barriers, 80 bytes smem
ptxas info    : Compile time = 11.194 ms
ptxas info    : Compiling entry function '_ZN3aut17format_strategies12decode_codesINS_7storage5e1m30ENS0_8strategyILNS0_11decode_kindE8ELi4ELNS0_14table_locationE0ELNS0_11unpack_kindE0EEEEEvPKNS2_5codecIT_E12storage_typeEmNS0_12table_bundleEPd' for 'sm_90'
ptxas info    : Function properties for _ZN3aut17format_strategies12decode_codesINS_7storage5e1m30ENS0_8strategyILNS0_11decode_kindE8ELi4ELNS0_14table_locationE0ELNS0_11unpack_kindE0EEEEEvPKNS2_5codecIT_E12storage_typeEmNS0_12table_bundleEPd
    0 bytes stack frame, 0 bytes spill stores, 0 bytes spill loads
ptxas info    : Used 26 registers, used 0 barriers
ptxas info    : Compile time = 9.180 ms
ptxas info    : Compiling entry function '_ZN3aut17format_strategies4gemvINS_7storage5e1m30ENS0_8strategyILNS0_11decode_kindE2ELi8ELNS0_14table_locationE0ELNS0_11unpack_kindE0EEEEEvPKNS2_5codecIT_E12storage_typeESE_mmmNS0_12table_bundleEPd' for 'sm_90'
ptxas info    : Function properties for _ZN3aut17format_strategies4gemvINS_7storage5e1m30ENS0_8strategyILNS0_11decode_kindE2ELi8ELNS0_14table_locationE0ELNS0_11unpack_kindE0EEEEEvPKNS2_5codecIT_E12storage_typeESE_mmmNS0_12table_bundleEPd
    0 bytes stack frame, 0 bytes spill stores, 0 bytes spill loads
ptxas info    : Used 50 registers, used 1 barriers, 80 bytes smem
ptxas info    : Compile time = 17.826 ms
ptxas info    : Compiling entry function '_ZN3aut17format_strategies14dot_map_reduceINS_7storage5e1m30ENS0_8strategyILNS0_11decode_kindE2ELi8ELNS0_14table_locationE0ELNS0_11unpack_kindE0EEEEEvPKNS2_5codecIT_E12storage_typeESE_mNS0_12table_bundleEPd' for 'sm_90'
ptxas info    : Function properties for _ZN3aut17format_strategies14dot_map_reduceINS_7storage5e1m30ENS0_8strategyILNS0_11decode_kindE2ELi8ELNS0_14table_locationE0ELNS0_11unpack_kindE0EEEEEvPKNS2_5codecIT_E12storage_typeESE_mNS0_12table_bundleEPd
    0 bytes stack frame, 0 bytes spill stores, 0 bytes spill loads
ptxas info    : Used 50 registers, used 1 barriers, 80 bytes smem
ptxas info    : Compile time = 17.416 ms
ptxas info    : Compiling entry function '_ZN3aut17format_strategies12decode_codesINS_7storage5e1m30ENS0_8strategyILNS0_11decode_kindE2ELi8ELNS0_14table_locationE0ELNS0_11unpack_kindE0EEEEEvPKNS2_5codecIT_E12storage_typeEmNS0_12table_bundleEPd' for 'sm_90'
ptxas info    : Function properties for _ZN3aut17format_strategies12decode_codesINS_7storage5e1m30ENS0_8strategyILNS0_11decode_kindE2ELi8ELNS0_14table_locationE0ELNS0_11unpack_kindE0EEEEEvPKNS2_5codecIT_E12storage_typeEmNS0_12table_bundleEPd
    0 bytes stack frame, 0 bytes spill stores, 0 bytes spill loads
ptxas info    : Used 32 registers, used 0 barriers
ptxas info    : Compile time = 11.677 ms
ptxas info    : Compiling entry function '_ZN3aut17format_strategies4gemvINS_7storage5e1m30ENS0_8strategyILNS0_11decode_kindE2ELi4ELNS0_14table_locationE0ELNS0_11unpack_kindE0EEEEEvPKNS2_5codecIT_E12storage_typeESE_mmmNS0_12table_bundleEPd' for 'sm_90'
ptxas info    : Function properties for _ZN3aut17format_strategies4gemvINS_7storage5e1m30ENS0_8strategyILNS0_11decode_kindE2ELi4ELNS0_14table_locationE0ELNS0_11unpack_kindE0EEEEEvPKNS2_5codecIT_E12storage_typeESE_mmmNS0_12table_bundleEPd
    0 bytes stack frame, 0 bytes spill stores, 0 bytes spill loads
ptxas info    : Used 31 registers, used 1 barriers, 80 bytes smem
ptxas info    : Compile time = 11.040 ms
ptxas info    : Compiling entry function '_ZN3aut17format_strategies14dot_map_reduceINS_7storage5e1m30ENS0_8strategyILNS0_11decode_kindE2ELi4ELNS0_14table_locationE0ELNS0_11unpack_kindE0EEEEEvPKNS2_5codecIT_E12storage_typeESE_mNS0_12table_bundleEPd' for 'sm_90'
ptxas info    : Function properties for _ZN3aut17format_strategies14dot_map_reduceINS_7storage5e1m30ENS0_8strategyILNS0_11decode_kindE2ELi4ELNS0_14table_locationE0ELNS0_11unpack_kindE0EEEEEvPKNS2_5codecIT_E12storage_typeESE_mNS0_12table_bundleEPd
    0 bytes stack frame, 0 bytes spill stores, 0 bytes spill loads
ptxas info    : Used 40 registers, used 1 barriers, 80 bytes smem
ptxas info    : Compile time = 11.301 ms
ptxas info    : Compiling entry function '_ZN3aut17format_strategies12decode_codesINS_7storage5e1m30ENS0_8strategyILNS0_11decode_kindE2ELi4ELNS0_14table_locationE0ELNS0_11unpack_kindE0EEEEEvPKNS2_5codecIT_E12storage_typeEmNS0_12table_bundleEPd' for 'sm_90'
ptxas info    : Function properties for _ZN3aut17format_strategies12decode_codesINS_7storage5e1m30ENS0_8strategyILNS0_11decode_kindE2ELi4ELNS0_14table_locationE0ELNS0_11unpack_kindE0EEEEEvPKNS2_5codecIT_E12storage_typeEmNS0_12table_bundleEPd
    0 bytes stack frame, 0 bytes spill stores, 0 bytes spill loads
ptxas info    : Used 32 registers, used 0 barriers
ptxas info    : Compile time = 8.974 ms
ptxas info    : Compiling entry function '_ZN3aut17format_strategies4gemvINS_7storage5e1m30ENS0_8strategyILNS0_11decode_kindE2ELi2ELNS0_14table_locationE0ELNS0_11unpack_kindE0EEEEEvPKNS2_5codecIT_E12storage_typeESE_mmmNS0_12table_bundleEPd' for 'sm_90'
ptxas info    : Function properties for _ZN3aut17format_strategies4gemvINS_7storage5e1m30ENS0_8strategyILNS0_11decode_kindE2ELi2ELNS0_14table_locationE0ELNS0_11unpack_kindE0EEEEEvPKNS2_5codecIT_E12storage_typeESE_mmmNS0_12table_bundleEPd
    0 bytes stack frame, 0 bytes spill stores, 0 bytes spill loads
ptxas info    : Used 31 registers, used 1 barriers, 80 bytes smem
ptxas info    : Compile time = 8.426 ms
ptxas info    : Compiling entry function '_ZN3aut17format_strategies14dot_map_reduceINS_7storage5e1m30ENS0_8strategyILNS0_11decode_kindE2ELi2ELNS0_14table_locationE0ELNS0_11unpack_kindE0EEEEEvPKNS2_5codecIT_E12storage_typeESE_mNS0_12table_bundleEPd' for 'sm_90'
ptxas info    : Function properties for _ZN3aut17format_strategies14dot_map_reduceINS_7storage5e1m30ENS0_8strategyILNS0_11decode_kindE2ELi2ELNS0_14table_locationE0ELNS0_11unpack_kindE0EEEEEvPKNS2_5codecIT_E12storage_typeESE_mNS0_12table_bundleEPd
    0 bytes stack frame, 0 bytes spill stores, 0 bytes spill loads
ptxas info    : Used 32 registers, used 1 barriers, 80 bytes smem
ptxas info    : Compile time = 8.203 ms
ptxas info    : Compiling entry function '_ZN3aut17format_strategies12decode_codesINS_7storage5e1m30ENS0_8strategyILNS0_11decode_kindE2ELi2ELNS0_14table_locationE0ELNS0_11unpack_kindE0EEEEEvPKNS2_5codecIT_E12storage_typeEmNS0_12table_bundleEPd' for 'sm_90'
ptxas info    : Function properties for _ZN3aut17format_strategies12decode_codesINS_7storage5e1m30ENS0_8strategyILNS0_11decode_kindE2ELi2ELNS0_14table_locationE0ELNS0_11unpack_kindE0EEEEEvPKNS2_5codecIT_E12storage_typeEmNS0_12table_bundleEPd
    0 bytes stack frame, 0 bytes spill stores, 0 bytes spill loads
ptxas info    : Used 23 registers, used 0 barriers
ptxas info    : Compile time = 7.798 ms
ptxas info    : Compiling entry function '_ZN3aut17format_strategies4gemvINS_7storage5e1m30ENS0_8strategyILNS0_11decode_kindE2ELi1ELNS0_14table_locationE0ELNS0_11unpack_kindE0EEEEEvPKNS2_5codecIT_E12storage_typeESE_mmmNS0_12table_bundleEPd' for 'sm_90'
ptxas info    : Function properties for _ZN3aut17format_strategies4gemvINS_7storage5e1m30ENS0_8strategyILNS0_11decode_kindE2ELi1ELNS0_14table_locationE0ELNS0_11unpack_kindE0EEEEEvPKNS2_5codecIT_E12storage_typeESE_mmmNS0_12table_bundleEPd
    0 bytes stack frame, 0 bytes spill stores, 0 bytes spill loads
ptxas info    : Used 27 registers, used 1 barriers, 80 bytes smem
ptxas info    : Compile time = 6.933 ms
ptxas info    : Compiling entry function '_ZN3aut17format_strategies14dot_map_reduceINS_7storage5e1m30ENS0_8strategyILNS0_11decode_kindE2ELi1ELNS0_14table_locationE0ELNS0_11unpack_kindE0EEEEEvPKNS2_5codecIT_E12storage_typeESE_mNS0_12table_bundleEPd' for 'sm_90'
ptxas info    : Function properties for _ZN3aut17format_strategies14dot_map_reduceINS_7storage5e1m30ENS0_8strategyILNS0_11decode_kindE2ELi1ELNS0_14table_locationE0ELNS0_11unpack_kindE0EEEEEvPKNS2_5codecIT_E12storage_typeESE_mNS0_12table_bundleEPd
    0 bytes stack frame, 0 bytes spill stores, 0 bytes spill loads
ptxas info    : Used 28 registers, used 1 barriers, 80 bytes smem
ptxas info    : Compile time = 6.783 ms
ptxas info    : Compiling entry function '_ZN3aut17format_strategies12decode_codesINS_7storage5e1m30ENS0_8strategyILNS0_11decode_kindE2ELi1ELNS0_14table_locationE0ELNS0_11unpack_kindE0EEEEEvPKNS2_5codecIT_E12storage_typeEmNS0_12table_bundleEPd' for 'sm_90'
ptxas info    : Function properties for _ZN3aut17format_strategies12decode_codesINS_7storage5e1m30ENS0_8strategyILNS0_11decode_kindE2ELi1ELNS0_14table_locationE0ELNS0_11unpack_kindE0EEEEEvPKNS2_5codecIT_E12storage_typeEmNS0_12table_bundleEPd
    0 bytes stack frame, 0 bytes spill stores, 0 bytes spill loads
ptxas info    : Used 24 registers, used 0 barriers
ptxas info    : Compile time = 7.181 ms
ptxas info    : Compiling entry function '_ZN3aut17format_strategies4gemvINS_7storage5e1m30ENS0_8strategyILNS0_11decode_kindE1ELi8ELNS0_14table_locationE0ELNS0_11unpack_kindE0EEEEEvPKNS2_5codecIT_E12storage_typeESE_mmmNS0_12table_bundleEPd' for 'sm_90'
ptxas info    : Function properties for _ZN3aut17format_strategies4gemvINS_7storage5e1m30ENS0_8strategyILNS0_11decode_kindE1ELi8ELNS0_14table_locationE0ELNS0_11unpack_kindE0EEEEEvPKNS2_5codecIT_E12storage_typeESE_mmmNS0_12table_bundleEPd
    0 bytes stack frame, 0 bytes spill stores, 0 bytes spill loads
ptxas info    : Used 61 registers, used 1 barriers, 80 bytes smem
ptxas info    : Compile time = 16.276 ms
ptxas info    : Compiling entry function '_ZN3aut17format_strategies14dot_map_reduceINS_7storage5e1m30ENS0_8strategyILNS0_11decode_kindE1ELi8ELNS0_14table_locationE0ELNS0_11unpack_kindE0EEEEEvPKNS2_5codecIT_E12storage_typeESE_mNS0_12table_bundleEPd' for 'sm_90'
ptxas info    : Function properties for _ZN3aut17format_strategies14dot_map_reduceINS_7storage5e1m30ENS0_8strategyILNS0_11decode_kindE1ELi8ELNS0_14table_locationE0ELNS0_11unpack_kindE0EEEEEvPKNS2_5codecIT_E12storage_typeESE_mNS0_12table_bundleEPd
    0 bytes stack frame, 0 bytes spill stores, 0 bytes spill loads
ptxas info    : Used 61 registers, used 1 barriers, 80 bytes smem
ptxas info    : Compile time = 15.455 ms
ptxas info    : Compiling entry function '_ZN3aut17format_strategies12decode_codesINS_7storage5e1m30ENS0_8strategyILNS0_11decode_kindE1ELi8ELNS0_14table_locationE0ELNS0_11unpack_kindE0EEEEEvPKNS2_5codecIT_E12storage_typeEmNS0_12table_bundleEPd' for 'sm_90'
ptxas info    : Function properties for _ZN3aut17format_strategies12decode_codesINS_7storage5e1m30ENS0_8strategyILNS0_11decode_kindE1ELi8ELNS0_14table_locationE0ELNS0_11unpack_kindE0EEEEEvPKNS2_5codecIT_E12storage_typeEmNS0_12table_bundleEPd
    0 bytes stack frame, 0 bytes spill stores, 0 bytes spill loads
ptxas info    : Used 31 registers, used 0 barriers
ptxas info    : Compile time = 10.887 ms
ptxas info    : Compiling entry function '_ZN3aut17format_strategies4gemvINS_7storage5e1m30ENS0_8strategyILNS0_11decode_kindE1ELi4ELNS0_14table_locationE0ELNS0_11unpack_kindE0EEEEEvPKNS2_5codecIT_E12storage_typeESE_mmmNS0_12table_bundleEPd' for 'sm_90'
ptxas info    : Function properties for _ZN3aut17format_strategies4gemvINS_7storage5e1m30ENS0_8strategyILNS0_11decode_kindE1ELi4ELNS0_14table_locationE0ELNS0_11unpack_kindE0EEEEEvPKNS2_5codecIT_E12storage_typeESE_mmmNS0_12table_bundleEPd
    0 bytes stack frame, 0 bytes spill stores, 0 bytes spill loads
ptxas info    : Used 39 registers, used 1 barriers, 80 bytes smem
ptxas info    : Compile time = 10.565 ms
ptxas info    : Compiling entry function '_ZN3aut17format_strategies14dot_map_reduceINS_7storage5e1m30ENS0_8strategyILNS0_11decode_kindE1ELi4ELNS0_14table_locationE0ELNS0_11unpack_kindE0EEEEEvPKNS2_5codecIT_E12storage_typeESE_mNS0_12table_bundleEPd' for 'sm_90'
ptxas info    : Function properties for _ZN3aut17format_strategies14dot_map_reduceINS_7storage5e1m30ENS0_8strategyILNS0_11decode_kindE1ELi4ELNS0_14table_locationE0ELNS0_11unpack_kindE0EEEEEvPKNS2_5codecIT_E12storage_typeESE_mNS0_12table_bundleEPd
    0 bytes stack frame, 0 bytes spill stores, 0 bytes spill loads
ptxas info    : Used 40 registers, used 1 barriers, 80 bytes smem
ptxas info    : Compile time = 10.498 ms
ptxas info    : Compiling entry function '_ZN3aut17format_strategies12decode_codesINS_7storage5e1m30ENS0_8strategyILNS0_11decode_kindE1ELi4ELNS0_14table_locationE0ELNS0_11unpack_kindE0EEEEEvPKNS2_5codecIT_E12storage_typeEmNS0_12table_bundleEPd' for 'sm_90'
ptxas info    : Function properties for _ZN3aut17format_strategies12decode_codesINS_7storage5e1m30ENS0_8strategyILNS0_11decode_kindE1ELi4ELNS0_14table_locationE0ELNS0_11unpack_kindE0EEEEEvPKNS2_5codecIT_E12storage_typeEmNS0_12table_bundleEPd
    0 bytes stack frame, 0 bytes spill stores, 0 bytes spill loads
ptxas info    : Used 25 registers, used 0 barriers
ptxas info    : Compile time = 8.598 ms
ptxas info    : Compiling entry function '_ZN3aut17format_strategies4gemvINS_7storage5e1m30ENS0_8strategyILNS0_11decode_kindE1ELi2ELNS0_14table_locationE0ELNS0_11unpack_kindE0EEEEEvPKNS2_5codecIT_E12storage_typeESE_mmmNS0_12table_bundleEPd' for 'sm_90'
ptxas info    : Function properties for _ZN3aut17format_strategies4gemvINS_7storage5e1m30ENS0_8strategyILNS0_11decode_kindE1ELi2ELNS0_14table_locationE0ELNS0_11unpack_kindE0EEEEEvPKNS2_5codecIT_E12storage_typeESE_mmmNS0_12table_bundleEPd
    0 bytes stack frame, 0 bytes spill stores, 0 bytes spill loads
ptxas info    : Used 29 registers, used 1 barriers, 80 bytes smem
ptxas info    : Compile time = 8.169 ms
ptxas info    : Compiling entry function '_ZN3aut17format_strategies14dot_map_reduceINS_7storage5e1m30ENS0_8strategyILNS0_11decode_kindE1ELi2ELNS0_14table_locationE0ELNS0_11unpack_kindE0EEEEEvPKNS2_5codecIT_E12storage_typeESE_mNS0_12table_bundleEPd' for 'sm_90'
ptxas info    : Function properties for _ZN3aut17format_strategies14dot_map_reduceINS_7storage5e1m30ENS0_8strategyILNS0_11decode_kindE1ELi2ELNS0_14table_locationE0ELNS0_11unpack_kindE0EEEEEvPKNS2_5codecIT_E12storage_typeESE_mNS0_12table_bundleEPd
    0 bytes stack frame, 0 bytes spill stores, 0 bytes spill loads
ptxas info    : Used 31 registers, used 1 barriers, 80 bytes smem
ptxas info    : Compile time = 7.921 ms
ptxas info    : Compiling entry function '_ZN3aut17format_strategies12decode_codesINS_7storage5e1m30ENS0_8strategyILNS0_11decode_kindE1ELi2ELNS0_14table_locationE0ELNS0_11unpack_kindE0EEEEEvPKNS2_5codecIT_E12storage_typeEmNS0_12table_bundleEPd' for 'sm_90'
ptxas info    : Function properties for _ZN3aut17format_strategies12decode_codesINS_7storage5e1m30ENS0_8strategyILNS0_11decode_kindE1ELi2ELNS0_14table_locationE0ELNS0_11unpack_kindE0EEEEEvPKNS2_5codecIT_E12storage_typeEmNS0_12table_bundleEPd
    0 bytes stack frame, 0 bytes spill stores, 0 bytes spill loads
ptxas info    : Used 21 registers, used 0 barriers
ptxas info    : Compile time = 7.425 ms
ptxas info    : Compiling entry function '_ZN3aut17format_strategies4gemvINS_7storage5e1m30ENS0_8strategyILNS0_11decode_kindE1ELi1ELNS0_14table_locationE0ELNS0_11unpack_kindE0EEEEEvPKNS2_5codecIT_E12storage_typeESE_mmmNS0_12table_bundleEPd' for 'sm_90'
ptxas info    : Function properties for _ZN3aut17format_strategies4gemvINS_7storage5e1m30ENS0_8strategyILNS0_11decode_kindE1ELi1ELNS0_14table_locationE0ELNS0_11unpack_kindE0EEEEEvPKNS2_5codecIT_E12storage_typeESE_mmmNS0_12table_bundleEPd
    0 bytes stack frame, 0 bytes spill stores, 0 bytes spill loads
ptxas info    : Used 22 registers, used 1 barriers, 80 bytes smem
ptxas info    : Compile time = 6.843 ms
ptxas info    : Compiling entry function '_ZN3aut17format_strategies14dot_map_reduceINS_7storage5e1m30ENS0_8strategyILNS0_11decode_kindE1ELi1ELNS0_14table_locationE0ELNS0_11unpack_kindE0EEEEEvPKNS2_5codecIT_E12storage_typeESE_mNS0_12table_bundleEPd' for 'sm_90'
ptxas info    : Function properties for _ZN3aut17format_strategies14dot_map_reduceINS_7storage5e1m30ENS0_8strategyILNS0_11decode_kindE1ELi1ELNS0_14table_locationE0ELNS0_11unpack_kindE0EEEEEvPKNS2_5codecIT_E12storage_typeESE_mNS0_12table_bundleEPd
    0 bytes stack frame, 0 bytes spill stores, 0 bytes spill loads
ptxas info    : Used 28 registers, used 1 barriers, 80 bytes smem
ptxas info    : Compile time = 6.673 ms
ptxas info    : Compiling entry function '_ZN3aut17format_strategies12decode_codesINS_7storage5e1m30ENS0_8strategyILNS0_11decode_kindE1ELi1ELNS0_14table_locationE0ELNS0_11unpack_kindE0EEEEEvPKNS2_5codecIT_E12storage_typeEmNS0_12table_bundleEPd' for 'sm_90'
ptxas info    : Function properties for _ZN3aut17format_strategies12decode_codesINS_7storage5e1m30ENS0_8strategyILNS0_11decode_kindE1ELi1ELNS0_14table_locationE0ELNS0_11unpack_kindE0EEEEEvPKNS2_5codecIT_E12storage_typeEmNS0_12table_bundleEPd
    0 bytes stack frame, 0 bytes spill stores, 0 bytes spill loads
ptxas info    : Used 21 registers, used 0 barriers
ptxas info    : Compile time = 6.850 ms
ptxas info    : Compiling entry function '_ZN3aut17format_strategies4gemvINS_7storage5e1m30ENS0_8strategyILNS0_11decode_kindE4ELi8ELNS0_14table_locationE0ELNS0_11unpack_kindE0EEEEEvPKNS2_5codecIT_E12storage_typeESE_mmmNS0_12table_bundleEPd' for 'sm_90'
ptxas info    : Function properties for _ZN3aut17format_strategies4gemvINS_7storage5e1m30ENS0_8strategyILNS0_11decode_kindE4ELi8ELNS0_14table_locationE0ELNS0_11unpack_kindE0EEEEEvPKNS2_5codecIT_E12storage_typeESE_mmmNS0_12table_bundleEPd
    0 bytes stack frame, 0 bytes spill stores, 0 bytes spill loads
ptxas info    : Used 44 registers, used 1 barriers, 80 bytes smem
ptxas info    : Compile time = 7.138 ms
ptxas info    : Compiling entry function '_ZN3aut17format_strategies14dot_map_reduceINS_7storage5e1m30ENS0_8strategyILNS0_11decode_kindE4ELi8ELNS0_14table_locationE0ELNS0_11unpack_kindE0EEEEEvPKNS2_5codecIT_E12storage_typeESE_mNS0_12table_bundleEPd' for 'sm_90'
ptxas info    : Function properties for _ZN3aut17format_strategies14dot_map_reduceINS_7storage5e1m30ENS0_8strategyILNS0_11decode_kindE4ELi8ELNS0_14table_locationE0ELNS0_11unpack_kindE0EEEEEvPKNS2_5codecIT_E12storage_typeESE_mNS0_12table_bundleEPd
    0 bytes stack frame, 0 bytes spill stores, 0 bytes spill loads
ptxas info    : Used 48 registers, used 1 barriers, 80 bytes smem
ptxas info    : Compile time = 7.118 ms
ptxas info    : Compiling entry function '_ZN3aut17format_strategies12decode_codesINS_7storage5e1m30ENS0_8strategyILNS0_11decode_kindE4ELi8ELNS0_14table_locationE0ELNS0_11unpack_kindE0EEEEEvPKNS2_5codecIT_E12storage_typeEmNS0_12table_bundleEPd' for 'sm_90'
ptxas info    : Function properties for _ZN3aut17format_strategies12decode_codesINS_7storage5e1m30ENS0_8strategyILNS0_11decode_kindE4ELi8ELNS0_14table_locationE0ELNS0_11unpack_kindE0EEEEEvPKNS2_5codecIT_E12storage_typeEmNS0_12table_bundleEPd
    0 bytes stack frame, 0 bytes spill stores, 0 bytes spill loads
ptxas info    : Used 31 registers, used 0 barriers
ptxas info    : Compile time = 9.098 ms
ptxas info    : Compiling entry function '_ZN3aut17format_strategies4gemvINS_7storage5e1m30ENS0_8strategyILNS0_11decode_kindE4ELi4ELNS0_14table_locationE0ELNS0_11unpack_kindE0EEEEEvPKNS2_5codecIT_E12storage_typeESE_mmmNS0_12table_bundleEPd' for 'sm_90'
ptxas info    : Function properties for _ZN3aut17format_strategies4gemvINS_7storage5e1m30ENS0_8strategyILNS0_11decode_kindE4ELi4ELNS0_14table_locationE0ELNS0_11unpack_kindE0EEEEEvPKNS2_5codecIT_E12storage_typeESE_mmmNS0_12table_bundleEPd
    0 bytes stack frame, 0 bytes spill stores, 0 bytes spill loads
ptxas info    : Used 32 registers, used 1 barriers, 80 bytes smem
ptxas info    : Compile time = 5.695 ms
ptxas info    : Compiling entry function '_ZN3aut17format_strategies14dot_map_reduceINS_7storage5e1m30ENS0_8strategyILNS0_11decode_kindE4ELi4ELNS0_14table_locationE0ELNS0_11unpack_kindE0EEEEEvPKNS2_5codecIT_E12storage_typeESE_mNS0_12table_bundleEPd' for 'sm_90'
ptxas info    : Function properties for _ZN3aut17format_strategies14dot_map_reduceINS_7storage5e1m30ENS0_8strategyILNS0_11decode_kindE4ELi4ELNS0_14table_locationE0ELNS0_11unpack_kindE0EEEEEvPKNS2_5codecIT_E12storage_typeESE_mNS0_12table_bundleEPd
    0 bytes stack frame, 0 bytes spill stores, 0 bytes spill loads
ptxas info    : Used 32 registers, used 1 barriers, 80 bytes smem
ptxas info    : Compile time = 5.612 ms
ptxas info    : Compiling entry function '_ZN3aut17format_strategies12decode_codesINS_7storage5e1m30ENS0_8strategyILNS0_11decode_kindE4ELi4ELNS0_14table_locationE0ELNS0_11unpack_kindE0EEEEEvPKNS2_5codecIT_E12storage_typeEmNS0_12table_bundleEPd' for 'sm_90'
ptxas info    : Function properties for _ZN3aut17format_strategies12decode_codesINS_7storage5e1m30ENS0_8strategyILNS0_11decode_kindE4ELi4ELNS0_14table_locationE0ELNS0_11unpack_kindE0EEEEEvPKNS2_5codecIT_E12storage_typeEmNS0_12table_bundleEPd
    0 bytes stack frame, 0 bytes spill stores, 0 bytes spill loads
ptxas info    : Used 26 registers, used 0 barriers
ptxas info    : Compile time = 8.507 ms
ptxas info    : Compiling entry function '_ZN3aut17format_strategies4gemvINS_7storage5e1m30ENS0_8strategyILNS0_11decode_kindE4ELi2ELNS0_14table_locationE0ELNS0_11unpack_kindE0EEEEEvPKNS2_5codecIT_E12storage_typeESE_mmmNS0_12table_bundleEPd' for 'sm_90'
ptxas info    : Function properties for _ZN3aut17format_strategies4gemvINS_7storage5e1m30ENS0_8strategyILNS0_11decode_kindE4ELi2ELNS0_14table_locationE0ELNS0_11unpack_kindE0EEEEEvPKNS2_5codecIT_E12storage_typeESE_mmmNS0_12table_bundleEPd
    0 bytes stack frame, 0 bytes spill stores, 0 bytes spill loads
ptxas info    : Used 32 registers, used 1 barriers, 80 bytes smem
ptxas info    : Compile time = 5.028 ms
ptxas info    : Compiling entry function '_ZN3aut17format_strategies14dot_map_reduceINS_7storage5e1m30ENS0_8strategyILNS0_11decode_kindE4ELi2ELNS0_14table_locationE0ELNS0_11unpack_kindE0EEEEEvPKNS2_5codecIT_E12storage_typeESE_mNS0_12table_bundleEPd' for 'sm_90'
ptxas info    : Function properties for _ZN3aut17format_strategies14dot_map_reduceINS_7storage5e1m30ENS0_8strategyILNS0_11decode_kindE4ELi2ELNS0_14table_locationE0ELNS0_11unpack_kindE0EEEEEvPKNS2_5codecIT_E12storage_typeESE_mNS0_12table_bundleEPd
    0 bytes stack frame, 0 bytes spill stores, 0 bytes spill loads
ptxas info    : Used 31 registers, used 1 barriers, 80 bytes smem
ptxas info    : Compile time = 4.814 ms
ptxas info    : Compiling entry function '_ZN3aut17format_strategies12decode_codesINS_7storage5e1m30ENS0_8strategyILNS0_11decode_kindE4ELi2ELNS0_14table_locationE0ELNS0_11unpack_kindE0EEEEEvPKNS2_5codecIT_E12storage_typeEmNS0_12table_bundleEPd' for 'sm_90'
ptxas info    : Function properties for _ZN3aut17format_strategies12decode_codesINS_7storage5e1m30ENS0_8strategyILNS0_11decode_kindE4ELi2ELNS0_14table_locationE0ELNS0_11unpack_kindE0EEEEEvPKNS2_5codecIT_E12storage_typeEmNS0_12table_bundleEPd
    0 bytes stack frame, 0 bytes spill stores, 0 bytes spill loads
ptxas info    : Used 22 registers, used 0 barriers
ptxas info    : Compile time = 8.261 ms
ptxas info    : Compiling entry function '_ZN3aut17format_strategies4gemvINS_7storage5e1m30ENS0_8strategyILNS0_11decode_kindE4ELi1ELNS0_14table_locationE0ELNS0_11unpack_kindE0EEEEEvPKNS2_5codecIT_E12storage_typeESE_mmmNS0_12table_bundleEPd' for 'sm_90'
ptxas info    : Function properties for _ZN3aut17format_strategies4gemvINS_7storage5e1m30ENS0_8strategyILNS0_11decode_kindE4ELi1ELNS0_14table_locationE0ELNS0_11unpack_kindE0EEEEEvPKNS2_5codecIT_E12storage_typeESE_mmmNS0_12table_bundleEPd
    0 bytes stack frame, 0 bytes spill stores, 0 bytes spill loads
ptxas info    : Used 27 registers, used 1 barriers, 80 bytes smem
ptxas info    : Compile time = 4.567 ms
ptxas info    : Compiling entry function '_ZN3aut17format_strategies14dot_map_reduceINS_7storage5e1m30ENS0_8strategyILNS0_11decode_kindE4ELi1ELNS0_14table_locationE0ELNS0_11unpack_kindE0EEEEEvPKNS2_5codecIT_E12storage_typeESE_mNS0_12table_bundleEPd' for 'sm_90'
ptxas info    : Function properties for _ZN3aut17format_strategies14dot_map_reduceINS_7storage5e1m30ENS0_8strategyILNS0_11decode_kindE4ELi1ELNS0_14table_locationE0ELNS0_11unpack_kindE0EEEEEvPKNS2_5codecIT_E12storage_typeESE_mNS0_12table_bundleEPd
    0 bytes stack frame, 0 bytes spill stores, 0 bytes spill loads
ptxas info    : Used 28 registers, used 1 barriers, 80 bytes smem
ptxas info    : Compile time = 4.387 ms
ptxas info    : Compiling entry function '_ZN3aut17format_strategies12decode_codesINS_7storage5e1m30ENS0_8strategyILNS0_11decode_kindE4ELi1ELNS0_14table_locationE0ELNS0_11unpack_kindE0EEEEEvPKNS2_5codecIT_E12storage_typeEmNS0_12table_bundleEPd' for 'sm_90'
ptxas info    : Function properties for _ZN3aut17format_strategies12decode_codesINS_7storage5e1m30ENS0_8strategyILNS0_11decode_kindE4ELi1ELNS0_14table_locationE0ELNS0_11unpack_kindE0EEEEEvPKNS2_5codecIT_E12storage_typeEmNS0_12table_bundleEPd
    0 bytes stack frame, 0 bytes spill stores, 0 bytes spill loads
ptxas info    : Used 22 registers, used 0 barriers
ptxas info    : Compile time = 8.292 ms
ptxas info    : Compiling entry function '_ZN3aut17format_strategies4gemvINS_7storage5e1m30ENS0_8strategyILNS0_11decode_kindE0ELi8ELNS0_14table_locationE0ELNS0_11unpack_kindE0EEEEEvPKNS2_5codecIT_E12storage_typeESE_mmmNS0_12table_bundleEPd' for 'sm_90'
ptxas info    : Function properties for _ZN3aut17format_strategies4gemvINS_7storage5e1m30ENS0_8strategyILNS0_11decode_kindE0ELi8ELNS0_14table_locationE0ELNS0_11unpack_kindE0EEEEEvPKNS2_5codecIT_E12storage_typeESE_mmmNS0_12table_bundleEPd
    0 bytes stack frame, 0 bytes spill stores, 0 bytes spill loads
ptxas info    : Used 64 registers, used 1 barriers, 80 bytes smem
ptxas info    : Compile time = 16.549 ms
ptxas info    : Compiling entry function '_ZN3aut17format_strategies14dot_map_reduceINS_7storage5e1m30ENS0_8strategyILNS0_11decode_kindE0ELi8ELNS0_14table_locationE0ELNS0_11unpack_kindE0EEEEEvPKNS2_5codecIT_E12storage_typeESE_mNS0_12table_bundleEPd' for 'sm_90'
ptxas info    : Function properties for _ZN3aut17format_strategies14dot_map_reduceINS_7storage5e1m30ENS0_8strategyILNS0_11decode_kindE0ELi8ELNS0_14table_locationE0ELNS0_11unpack_kindE0EEEEEvPKNS2_5codecIT_E12storage_typeESE_mNS0_12table_bundleEPd
    0 bytes stack frame, 0 bytes spill stores, 0 bytes spill loads
ptxas info    : Used 64 registers, used 1 barriers, 80 bytes smem
ptxas info    : Compile time = 15.937 ms
ptxas info    : Compiling entry function '_ZN3aut17format_strategies12decode_codesINS_7storage5e1m30ENS0_8strategyILNS0_11decode_kindE0ELi8ELNS0_14table_locationE0ELNS0_11unpack_kindE0EEEEEvPKNS2_5codecIT_E12storage_typeEmNS0_12table_bundleEPd' for 'sm_90'
ptxas info    : Function properties for _ZN3aut17format_strategies12decode_codesINS_7storage5e1m30ENS0_8strategyILNS0_11decode_kindE0ELi8ELNS0_14table_locationE0ELNS0_11unpack_kindE0EEEEEvPKNS2_5codecIT_E12storage_typeEmNS0_12table_bundleEPd
    0 bytes stack frame, 0 bytes spill stores, 0 bytes spill loads
ptxas info    : Used 30 registers, used 0 barriers
ptxas info    : Compile time = 11.214 ms
ptxas info    : Compiling entry function '_ZN3aut17format_strategies4gemvINS_7storage5e1m30ENS0_8strategyILNS0_11decode_kindE0ELi4ELNS0_14table_locationE0ELNS0_11unpack_kindE0EEEEEvPKNS2_5codecIT_E12storage_typeESE_mmmNS0_12table_bundleEPd' for 'sm_90'
ptxas info    : Function properties for _ZN3aut17format_strategies4gemvINS_7storage5e1m30ENS0_8strategyILNS0_11decode_kindE0ELi4ELNS0_14table_locationE0ELNS0_11unpack_kindE0EEEEEvPKNS2_5codecIT_E12storage_typeESE_mmmNS0_12table_bundleEPd
    0 bytes stack frame, 0 bytes spill stores, 0 bytes spill loads
ptxas info    : Used 40 registers, used 1 barriers, 80 bytes smem
ptxas info    : Compile time = 10.754 ms
ptxas info    : Compiling entry function '_ZN3aut17format_strategies14dot_map_reduceINS_7storage5e1m30ENS0_8strategyILNS0_11decode_kindE0ELi4ELNS0_14table_locationE0ELNS0_11unpack_kindE0EEEEEvPKNS2_5codecIT_E12storage_typeESE_mNS0_12table_bundleEPd' for 'sm_90'
ptxas info    : Function properties for _ZN3aut17format_strategies14dot_map_reduceINS_7storage5e1m30ENS0_8strategyILNS0_11decode_kindE0ELi4ELNS0_14table_locationE0ELNS0_11unpack_kindE0EEEEEvPKNS2_5codecIT_E12storage_typeESE_mNS0_12table_bundleEPd
    0 bytes stack frame, 0 bytes spill stores, 0 bytes spill loads
ptxas info    : Used 40 registers, used 1 barriers, 80 bytes smem
ptxas info    : Compile time = 10.609 ms
ptxas info    : Compiling entry function '_ZN3aut17format_strategies12decode_codesINS_7storage5e1m30ENS0_8strategyILNS0_11decode_kindE0ELi4ELNS0_14table_locationE0ELNS0_11unpack_kindE0EEEEEvPKNS2_5codecIT_E12storage_typeEmNS0_12table_bundleEPd' for 'sm_90'
ptxas info    : Function properties for _ZN3aut17format_strategies12decode_codesINS_7storage5e1m30ENS0_8strategyILNS0_11decode_kindE0ELi4ELNS0_14table_locationE0ELNS0_11unpack_kindE0EEEEEvPKNS2_5codecIT_E12storage_typeEmNS0_12table_bundleEPd
    0 bytes stack frame, 0 bytes spill stores, 0 bytes spill loads
ptxas info    : Used 27 registers, used 0 barriers
ptxas info    : Compile time = 8.670 ms
ptxas info    : Compiling entry function '_ZN3aut17format_strategies4gemvINS_7storage5e1m30ENS0_8strategyILNS0_11decode_kindE0ELi2ELNS0_14table_locationE0ELNS0_11unpack_kindE0EEEEEvPKNS2_5codecIT_E12storage_typeESE_mmmNS0_12table_bundleEPd' for 'sm_90'
ptxas info    : Function properties for _ZN3aut17format_strategies4gemvINS_7storage5e1m30ENS0_8strategyILNS0_11decode_kindE0ELi2ELNS0_14table_locationE0ELNS0_11unpack_kindE0EEEEEvPKNS2_5codecIT_E12storage_typeESE_mmmNS0_12table_bundleEPd
    0 bytes stack frame, 0 bytes spill stores, 0 bytes spill loads
ptxas info    : Used 30 registers, used 1 barriers, 80 bytes smem
ptxas info    : Compile time = 8.331 ms
ptxas info    : Compiling entry function '_ZN3aut17format_strategies14dot_map_reduceINS_7storage5e1m30ENS0_8strategyILNS0_11decode_kindE0ELi2ELNS0_14table_locationE0ELNS0_11unpack_kindE0EEEEEvPKNS2_5codecIT_E12storage_typeESE_mNS0_12table_bundleEPd' for 'sm_90'
ptxas info    : Function properties for _ZN3aut17format_strategies14dot_map_reduceINS_7storage5e1m30ENS0_8strategyILNS0_11decode_kindE0ELi2ELNS0_14table_locationE0ELNS0_11unpack_kindE0EEEEEvPKNS2_5codecIT_E12storage_typeESE_mNS0_12table_bundleEPd
    0 bytes stack frame, 0 bytes spill stores, 0 bytes spill loads
ptxas info    : Used 31 registers, used 1 barriers, 80 bytes smem
ptxas info    : Compile time = 8.159 ms
ptxas info    : Compiling entry function '_ZN3aut17format_strategies12decode_codesINS_7storage5e1m30ENS0_8strategyILNS0_11decode_kindE0ELi2ELNS0_14table_locationE0ELNS0_11unpack_kindE0EEEEEvPKNS2_5codecIT_E12storage_typeEmNS0_12table_bundleEPd' for 'sm_90'
ptxas info    : Function properties for _ZN3aut17format_strategies12decode_codesINS_7storage5e1m30ENS0_8strategyILNS0_11decode_kindE0ELi2ELNS0_14table_locationE0ELNS0_11unpack_kindE0EEEEEvPKNS2_5codecIT_E12storage_typeEmNS0_12table_bundleEPd
    0 bytes stack frame, 0 bytes spill stores, 0 bytes spill loads
ptxas info    : Used 23 registers, used 0 barriers
ptxas info    : Compile time = 7.510 ms
ptxas info    : Compiling entry function '_ZN3aut17format_strategies4gemvINS_7storage5e1m30ENS0_8strategyILNS0_11decode_kindE0ELi1ELNS0_14table_locationE0ELNS0_11unpack_kindE0EEEEEvPKNS2_5codecIT_E12storage_typeESE_mmmNS0_12table_bundleEPd' for 'sm_90'
ptxas info    : Function properties for _ZN3aut17format_strategies4gemvINS_7storage5e1m30ENS0_8strategyILNS0_11decode_kindE0ELi1ELNS0_14table_locationE0ELNS0_11unpack_kindE0EEEEEvPKNS2_5codecIT_E12storage_typeESE_mmmNS0_12table_bundleEPd
    0 bytes stack frame, 0 bytes spill stores, 0 bytes spill loads
ptxas info    : Used 26 registers, used 1 barriers, 80 bytes smem
ptxas info    : Compile time = 6.873 ms
ptxas info    : Compiling entry function '_ZN3aut17format_strategies14dot_map_reduceINS_7storage5e1m30ENS0_8strategyILNS0_11decode_kindE0ELi1ELNS0_14table_locationE0ELNS0_11unpack_kindE0EEEEEvPKNS2_5codecIT_E12storage_typeESE_mNS0_12table_bundleEPd' for 'sm_90'
ptxas info    : Function properties for _ZN3aut17format_strategies14dot_map_reduceINS_7storage5e1m30ENS0_8strategyILNS0_11decode_kindE0ELi1ELNS0_14table_locationE0ELNS0_11unpack_kindE0EEEEEvPKNS2_5codecIT_E12storage_typeESE_mNS0_12table_bundleEPd
    0 bytes stack frame, 0 bytes spill stores, 0 bytes spill loads
ptxas info    : Used 30 registers, used 1 barriers, 80 bytes smem
ptxas info    : Compile time = 6.785 ms
ptxas info    : Compiling entry function '_ZN3aut17format_strategies12decode_codesINS_7storage5e1m30ENS0_8strategyILNS0_11decode_kindE0ELi1ELNS0_14table_locationE0ELNS0_11unpack_kindE0EEEEEvPKNS2_5codecIT_E12storage_typeEmNS0_12table_bundleEPd' for 'sm_90'
ptxas info    : Function properties for _ZN3aut17format_strategies12decode_codesINS_7storage5e1m30ENS0_8strategyILNS0_11decode_kindE0ELi1ELNS0_14table_locationE0ELNS0_11unpack_kindE0EEEEEvPKNS2_5codecIT_E12storage_typeEmNS0_12table_bundleEPd
    0 bytes stack frame, 0 bytes spill stores, 0 bytes spill loads
ptxas info    : Used 23 registers, used 0 barriers
ptxas info    : Compile time = 6.921 ms
ptxas info    : Compiling entry function '_ZN3aut17format_strategies4gemvINS_7storage5e11m4ENS0_8strategyILNS0_11decode_kindE6ELi8ELNS0_14table_locationE0ELNS0_11unpack_kindE0EEEEEvPKNS2_5codecIT_E12storage_typeESE_mmmNS0_12table_bundleEPd' for 'sm_90'
ptxas info    : Function properties for _ZN3aut17format_strategies4gemvINS_7storage5e11m4ENS0_8strategyILNS0_11decode_kindE6ELi8ELNS0_14table_locationE0ELNS0_11unpack_kindE0EEEEEvPKNS2_5codecIT_E12storage_typeESE_mmmNS0_12table_bundleEPd
    0 bytes stack frame, 0 bytes spill stores, 0 bytes spill loads
ptxas info    : Used 48 registers, used 1 barriers, 80 bytes smem
ptxas info    : Compile time = 6.733 ms
ptxas info    : Compiling entry function '_ZN3aut17format_strategies14dot_map_reduceINS_7storage5e11m4ENS0_8strategyILNS0_11decode_kindE6ELi8ELNS0_14table_locationE0ELNS0_11unpack_kindE0EEEEEvPKNS2_5codecIT_E12storage_typeESE_mNS0_12table_bundleEPd' for 'sm_90'
ptxas info    : Function properties for _ZN3aut17format_strategies14dot_map_reduceINS_7storage5e11m4ENS0_8strategyILNS0_11decode_kindE6ELi8ELNS0_14table_locationE0ELNS0_11unpack_kindE0EEEEEvPKNS2_5codecIT_E12storage_typeESE_mNS0_12table_bundleEPd
    0 bytes stack frame, 0 bytes spill stores, 0 bytes spill loads
ptxas info    : Used 44 registers, used 1 barriers, 80 bytes smem
ptxas info    : Compile time = 6.683 ms
ptxas info    : Compiling entry function '_ZN3aut17format_strategies12decode_codesINS_7storage5e11m4ENS0_8strategyILNS0_11decode_kindE6ELi8ELNS0_14table_locationE0ELNS0_11unpack_kindE0EEEEEvPKNS2_5codecIT_E12storage_typeEmNS0_12table_bundleEPd' for 'sm_90'
ptxas info    : Function properties for _ZN3aut17format_strategies12decode_codesINS_7storage5e11m4ENS0_8strategyILNS0_11decode_kindE6ELi8ELNS0_14table_locationE0ELNS0_11unpack_kindE0EEEEEvPKNS2_5codecIT_E12storage_typeEmNS0_12table_bundleEPd
    0 bytes stack frame, 0 bytes spill stores, 0 bytes spill loads
ptxas info    : Used 24 registers, used 0 barriers
ptxas info    : Compile time = 7.545 ms
ptxas info    : Compiling entry function '_ZN3aut17format_strategies4gemvINS_7storage5e11m4ENS0_8strategyILNS0_11decode_kindE6ELi4ELNS0_14table_locationE0ELNS0_11unpack_kindE0EEEEEvPKNS2_5codecIT_E12storage_typeESE_mmmNS0_12table_bundleEPd' for 'sm_90'
ptxas info    : Function properties for _ZN3aut17format_strategies4gemvINS_7storage5e11m4ENS0_8strategyILNS0_11decode_kindE6ELi4ELNS0_14table_locationE0ELNS0_11unpack_kindE0EEEEEvPKNS2_5codecIT_E12storage_typeESE_mmmNS0_12table_bundleEPd
    0 bytes stack frame, 0 bytes spill stores, 0 bytes spill loads
ptxas info    : Used 32 registers, used 1 barriers, 80 bytes smem
ptxas info    : Compile time = 5.527 ms
ptxas info    : Compiling entry function '_ZN3aut17format_strategies14dot_map_reduceINS_7storage5e11m4ENS0_8strategyILNS0_11decode_kindE6ELi4ELNS0_14table_locationE0ELNS0_11unpack_kindE0EEEEEvPKNS2_5codecIT_E12storage_typeESE_mNS0_12table_bundleEPd' for 'sm_90'
ptxas info    : Function properties for _ZN3aut17format_strategies14dot_map_reduceINS_7storage5e11m4ENS0_8strategyILNS0_11decode_kindE6ELi4ELNS0_14table_locationE0ELNS0_11unpack_kindE0EEEEEvPKNS2_5codecIT_E12storage_typeESE_mNS0_12table_bundleEPd
    0 bytes stack frame, 0 bytes spill stores, 0 bytes spill loads
ptxas info    : Used 34 registers, used 1 barriers, 80 bytes smem
ptxas info    : Compile time = 5.915 ms
ptxas info    : Compiling entry function '_ZN3aut17format_strategies12decode_codesINS_7storage5e11m4ENS0_8strategyILNS0_11decode_kindE6ELi4ELNS0_14table_locationE0ELNS0_11unpack_kindE0EEEEEvPKNS2_5codecIT_E12storage_typeEmNS0_12table_bundleEPd' for 'sm_90'
ptxas info    : Function properties for _ZN3aut17format_strategies12decode_codesINS_7storage5e11m4ENS0_8strategyILNS0_11decode_kindE6ELi4ELNS0_14table_locationE0ELNS0_11unpack_kindE0EEEEEvPKNS2_5codecIT_E12storage_typeEmNS0_12table_bundleEPd
    0 bytes stack frame, 0 bytes spill stores, 0 bytes spill loads
ptxas info    : Used 22 registers, used 0 barriers
ptxas info    : Compile time = 7.086 ms
ptxas info    : Compiling entry function '_ZN3aut17format_strategies4gemvINS_7storage5e11m4ENS0_8strategyILNS0_11decode_kindE6ELi1ELNS0_14table_locationE0ELNS0_11unpack_kindE0EEEEEvPKNS2_5codecIT_E12storage_typeESE_mmmNS0_12table_bundleEPd' for 'sm_90'
ptxas info    : Function properties for _ZN3aut17format_strategies4gemvINS_7storage5e11m4ENS0_8strategyILNS0_11decode_kindE6ELi1ELNS0_14table_locationE0ELNS0_11unpack_kindE0EEEEEvPKNS2_5codecIT_E12storage_typeESE_mmmNS0_12table_bundleEPd
    0 bytes stack frame, 0 bytes spill stores, 0 bytes spill loads
ptxas info    : Used 24 registers, used 1 barriers, 80 bytes smem
ptxas info    : Compile time = 4.363 ms
ptxas info    : Compiling entry function '_ZN3aut17format_strategies14dot_map_reduceINS_7storage5e11m4ENS0_8strategyILNS0_11decode_kindE6ELi1ELNS0_14table_locationE0ELNS0_11unpack_kindE0EEEEEvPKNS2_5codecIT_E12storage_typeESE_mNS0_12table_bundleEPd' for 'sm_90'
ptxas info    : Function properties for _ZN3aut17format_strategies14dot_map_reduceINS_7storage5e11m4ENS0_8strategyILNS0_11decode_kindE6ELi1ELNS0_14table_locationE0ELNS0_11unpack_kindE0EEEEEvPKNS2_5codecIT_E12storage_typeESE_mNS0_12table_bundleEPd
    0 bytes stack frame, 0 bytes spill stores, 0 bytes spill loads
ptxas info    : Used 26 registers, used 1 barriers, 80 bytes smem
ptxas info    : Compile time = 4.464 ms
ptxas info    : Compiling entry function '_ZN3aut17format_strategies12decode_codesINS_7storage5e11m4ENS0_8strategyILNS0_11decode_kindE6ELi1ELNS0_14table_locationE0ELNS0_11unpack_kindE0EEEEEvPKNS2_5codecIT_E12storage_typeEmNS0_12table_bundleEPd' for 'sm_90'
ptxas info    : Function properties for _ZN3aut17format_strategies12decode_codesINS_7storage5e11m4ENS0_8strategyILNS0_11decode_kindE6ELi1ELNS0_14table_locationE0ELNS0_11unpack_kindE0EEEEEvPKNS2_5codecIT_E12storage_typeEmNS0_12table_bundleEPd
    0 bytes stack frame, 0 bytes spill stores, 0 bytes spill loads
ptxas info    : Used 22 registers, used 0 barriers
ptxas info    : Compile time = 6.727 ms
ptxas info    : Compiling entry function '_ZN3aut17format_strategies4gemvINS_7storage5e11m4ENS0_8strategyILNS0_11decode_kindE5ELi8ELNS0_14table_locationE0ELNS0_11unpack_kindE0EEEEEvPKNS2_5codecIT_E12storage_typeESE_mmmNS0_12table_bundleEPd' for 'sm_90'
ptxas info    : Function properties for _ZN3aut17format_strategies4gemvINS_7storage5e11m4ENS0_8strategyILNS0_11decode_kindE5ELi8ELNS0_14table_locationE0ELNS0_11unpack_kindE0EEEEEvPKNS2_5codecIT_E12storage_typeESE_mmmNS0_12table_bundleEPd
    0 bytes stack frame, 0 bytes spill stores, 0 bytes spill loads
ptxas info    : Used 44 registers, used 1 barriers, 80 bytes smem
ptxas info    : Compile time = 5.402 ms
ptxas info    : Compiling entry function '_ZN3aut17format_strategies14dot_map_reduceINS_7storage5e11m4ENS0_8strategyILNS0_11decode_kindE5ELi8ELNS0_14table_locationE0ELNS0_11unpack_kindE0EEEEEvPKNS2_5codecIT_E12storage_typeESE_mNS0_12table_bundleEPd' for 'sm_90'
ptxas info    : Function properties for _ZN3aut17format_strategies14dot_map_reduceINS_7storage5e11m4ENS0_8strategyILNS0_11decode_kindE5ELi8ELNS0_14table_locationE0ELNS0_11unpack_kindE0EEEEEvPKNS2_5codecIT_E12storage_typeESE_mNS0_12table_bundleEPd
    0 bytes stack frame, 0 bytes spill stores, 0 bytes spill loads
ptxas info    : Used 40 registers, used 1 barriers, 80 bytes smem
ptxas info    : Compile time = 5.170 ms
ptxas info    : Compiling entry function '_ZN3aut17format_strategies12decode_codesINS_7storage5e11m4ENS0_8strategyILNS0_11decode_kindE5ELi8ELNS0_14table_locationE0ELNS0_11unpack_kindE0EEEEEvPKNS2_5codecIT_E12storage_typeEmNS0_12table_bundleEPd' for 'sm_90'
ptxas info    : Function properties for _ZN3aut17format_strategies12decode_codesINS_7storage5e11m4ENS0_8strategyILNS0_11decode_kindE5ELi8ELNS0_14table_locationE0ELNS0_11unpack_kindE0EEEEEvPKNS2_5codecIT_E12storage_typeEmNS0_12table_bundleEPd
    0 bytes stack frame, 0 bytes spill stores, 0 bytes spill loads
ptxas info    : Used 22 registers, used 0 barriers
ptxas info    : Compile time = 6.135 ms
ptxas info    : Compiling entry function '_ZN3aut17format_strategies4gemvINS_7storage5e11m4ENS0_8strategyILNS0_11decode_kindE5ELi4ELNS0_14table_locationE0ELNS0_11unpack_kindE0EEEEEvPKNS2_5codecIT_E12storage_typeESE_mmmNS0_12table_bundleEPd' for 'sm_90'
ptxas info    : Function properties for _ZN3aut17format_strategies4gemvINS_7storage5e11m4ENS0_8strategyILNS0_11decode_kindE5ELi4ELNS0_14table_locationE0ELNS0_11unpack_kindE0EEEEEvPKNS2_5codecIT_E12storage_typeESE_mmmNS0_12table_bundleEPd
    0 bytes stack frame, 0 bytes spill stores, 0 bytes spill loads
ptxas info    : Used 30 registers, used 1 barriers, 80 bytes smem
ptxas info    : Compile time = 4.881 ms
ptxas info    : Compiling entry function '_ZN3aut17format_strategies14dot_map_reduceINS_7storage5e11m4ENS0_8strategyILNS0_11decode_kindE5ELi4ELNS0_14table_locationE0ELNS0_11unpack_kindE0EEEEEvPKNS2_5codecIT_E12storage_typeESE_mNS0_12table_bundleEPd' for 'sm_90'
ptxas info    : Function properties for _ZN3aut17format_strategies14dot_map_reduceINS_7storage5e11m4ENS0_8strategyILNS0_11decode_kindE5ELi4ELNS0_14table_locationE0ELNS0_11unpack_kindE0EEEEEvPKNS2_5codecIT_E12storage_typeESE_mNS0_12table_bundleEPd
    0 bytes stack frame, 0 bytes spill stores, 0 bytes spill loads
ptxas info    : Used 29 registers, used 1 barriers, 80 bytes smem
ptxas info    : Compile time = 4.683 ms
ptxas info    : Compiling entry function '_ZN3aut17format_strategies12decode_codesINS_7storage5e11m4ENS0_8strategyILNS0_11decode_kindE5ELi4ELNS0_14table_locationE0ELNS0_11unpack_kindE0EEEEEvPKNS2_5codecIT_E12storage_typeEmNS0_12table_bundleEPd' for 'sm_90'
ptxas info    : Function properties for _ZN3aut17format_strategies12decode_codesINS_7storage5e11m4ENS0_8strategyILNS0_11decode_kindE5ELi4ELNS0_14table_locationE0ELNS0_11unpack_kindE0EEEEEvPKNS2_5codecIT_E12storage_typeEmNS0_12table_bundleEPd
    0 bytes stack frame, 0 bytes spill stores, 0 bytes spill loads
ptxas info    : Used 22 registers, used 0 barriers
ptxas info    : Compile time = 5.920 ms
ptxas info    : Compiling entry function '_ZN3aut17format_strategies4gemvINS_7storage5e11m4ENS0_8strategyILNS0_11decode_kindE5ELi2ELNS0_14table_locationE0ELNS0_11unpack_kindE0EEEEEvPKNS2_5codecIT_E12storage_typeESE_mmmNS0_12table_bundleEPd' for 'sm_90'
ptxas info    : Function properties for _ZN3aut17format_strategies4gemvINS_7storage5e11m4ENS0_8strategyILNS0_11decode_kindE5ELi2ELNS0_14table_locationE0ELNS0_11unpack_kindE0EEEEEvPKNS2_5codecIT_E12storage_typeESE_mmmNS0_12table_bundleEPd
    0 bytes stack frame, 0 bytes spill stores, 0 bytes spill loads
ptxas info    : Used 25 registers, used 1 barriers, 80 bytes smem
ptxas info    : Compile time = 4.552 ms
ptxas info    : Compiling entry function '_ZN3aut17format_strategies14dot_map_reduceINS_7storage5e11m4ENS0_8strategyILNS0_11decode_kindE5ELi2ELNS0_14table_locationE0ELNS0_11unpack_kindE0EEEEEvPKNS2_5codecIT_E12storage_typeESE_mNS0_12table_bundleEPd' for 'sm_90'
ptxas info    : Function properties for _ZN3aut17format_strategies14dot_map_reduceINS_7storage5e11m4ENS0_8strategyILNS0_11decode_kindE5ELi2ELNS0_14table_locationE0ELNS0_11unpack_kindE0EEEEEvPKNS2_5codecIT_E12storage_typeESE_mNS0_12table_bundleEPd
    0 bytes stack frame, 0 bytes spill stores, 0 bytes spill loads
ptxas info    : Used 30 registers, used 1 barriers, 80 bytes smem
ptxas info    : Compile time = 4.331 ms
ptxas info    : Compiling entry function '_ZN3aut17format_strategies12decode_codesINS_7storage5e11m4ENS0_8strategyILNS0_11decode_kindE5ELi2ELNS0_14table_locationE0ELNS0_11unpack_kindE0EEEEEvPKNS2_5codecIT_E12storage_typeEmNS0_12table_bundleEPd' for 'sm_90'
ptxas info    : Function properties for _ZN3aut17format_strategies12decode_codesINS_7storage5e11m4ENS0_8strategyILNS0_11decode_kindE5ELi2ELNS0_14table_locationE0ELNS0_11unpack_kindE0EEEEEvPKNS2_5codecIT_E12storage_typeEmNS0_12table_bundleEPd
    0 bytes stack frame, 0 bytes spill stores, 0 bytes spill loads
ptxas info    : Used 22 registers, used 0 barriers
ptxas info    : Compile time = 5.853 ms
ptxas info    : Compiling entry function '_ZN3aut17format_strategies4gemvINS_7storage5e11m4ENS0_8strategyILNS0_11decode_kindE5ELi1ELNS0_14table_locationE0ELNS0_11unpack_kindE0EEEEEvPKNS2_5codecIT_E12storage_typeESE_mmmNS0_12table_bundleEPd' for 'sm_90'
ptxas info    : Function properties for _ZN3aut17format_strategies4gemvINS_7storage5e11m4ENS0_8strategyILNS0_11decode_kindE5ELi1ELNS0_14table_locationE0ELNS0_11unpack_kindE0EEEEEvPKNS2_5codecIT_E12storage_typeESE_mmmNS0_12table_bundleEPd
    0 bytes stack frame, 0 bytes spill stores, 0 bytes spill loads
ptxas info    : Used 23 registers, used 1 barriers, 80 bytes smem
ptxas info    : Compile time = 4.293 ms
ptxas info    : Compiling entry function '_ZN3aut17format_strategies14dot_map_reduceINS_7storage5e11m4ENS0_8strategyILNS0_11decode_kindE5ELi1ELNS0_14table_locationE0ELNS0_11unpack_kindE0EEEEEvPKNS2_5codecIT_E12storage_typeESE_mNS0_12table_bundleEPd' for 'sm_90'
ptxas info    : Function properties for _ZN3aut17format_strategies14dot_map_reduceINS_7storage5e11m4ENS0_8strategyILNS0_11decode_kindE5ELi1ELNS0_14table_locationE0ELNS0_11unpack_kindE0EEEEEvPKNS2_5codecIT_E12storage_typeESE_mNS0_12table_bundleEPd
    0 bytes stack frame, 0 bytes spill stores, 0 bytes spill loads
ptxas info    : Used 26 registers, used 1 barriers, 80 bytes smem
ptxas info    : Compile time = 4.129 ms
ptxas info    : Compiling entry function '_ZN3aut17format_strategies12decode_codesINS_7storage5e11m4ENS0_8strategyILNS0_11decode_kindE5ELi1ELNS0_14table_locationE0ELNS0_11unpack_kindE0EEEEEvPKNS2_5codecIT_E12storage_typeEmNS0_12table_bundleEPd' for 'sm_90'
ptxas info    : Function properties for _ZN3aut17format_strategies12decode_codesINS_7storage5e11m4ENS0_8strategyILNS0_11decode_kindE5ELi1ELNS0_14table_locationE0ELNS0_11unpack_kindE0EEEEEvPKNS2_5codecIT_E12storage_typeEmNS0_12table_bundleEPd
    0 bytes stack frame, 0 bytes spill stores, 0 bytes spill loads
ptxas info    : Used 22 registers, used 0 barriers
ptxas info    : Compile time = 5.811 ms
ptxas info    : Compiling entry function '_ZN3aut17format_strategies4gemvINS_7storage5e11m4ENS0_8strategyILNS0_11decode_kindE0ELi8ELNS0_14table_locationE0ELNS0_11unpack_kindE0EEEEEvPKNS2_5codecIT_E12storage_typeESE_mmmNS0_12table_bundleEPd' for 'sm_90'
ptxas info    : Function properties for _ZN3aut17format_strategies4gemvINS_7storage5e11m4ENS0_8strategyILNS0_11decode_kindE0ELi8ELNS0_14table_locationE0ELNS0_11unpack_kindE0EEEEEvPKNS2_5codecIT_E12storage_typeESE_mmmNS0_12table_bundleEPd
    0 bytes stack frame, 0 bytes spill stores, 0 bytes spill loads
ptxas info    : Used 36 registers, used 1 barriers, 80 bytes smem
ptxas info    : Compile time = 5.539 ms
ptxas info    : Compiling entry function '_ZN3aut17format_strategies14dot_map_reduceINS_7storage5e11m4ENS0_8strategyILNS0_11decode_kindE0ELi8ELNS0_14table_locationE0ELNS0_11unpack_kindE0EEEEEvPKNS2_5codecIT_E12storage_typeESE_mNS0_12table_bundleEPd' for 'sm_90'
ptxas info    : Function properties for _ZN3aut17format_strategies14dot_map_reduceINS_7storage5e11m4ENS0_8strategyILNS0_11decode_kindE0ELi8ELNS0_14table_locationE0ELNS0_11unpack_kindE0EEEEEvPKNS2_5codecIT_E12storage_typeESE_mNS0_12table_bundleEPd
    0 bytes stack frame, 0 bytes spill stores, 0 bytes spill loads
ptxas info    : Used 37 registers, used 1 barriers, 80 bytes smem
ptxas info    : Compile time = 5.328 ms
ptxas info    : Compiling entry function '_ZN3aut17format_strategies12decode_codesINS_7storage5e11m4ENS0_8strategyILNS0_11decode_kindE0ELi8ELNS0_14table_locationE0ELNS0_11unpack_kindE0EEEEEvPKNS2_5codecIT_E12storage_typeEmNS0_12table_bundleEPd' for 'sm_90'
ptxas info    : Function properties for _ZN3aut17format_strategies12decode_codesINS_7storage5e11m4ENS0_8strategyILNS0_11decode_kindE0ELi8ELNS0_14table_locationE0ELNS0_11unpack_kindE0EEEEEvPKNS2_5codecIT_E12storage_typeEmNS0_12table_bundleEPd
    0 bytes stack frame, 0 bytes spill stores, 0 bytes spill loads
ptxas info    : Used 22 registers, used 0 barriers
ptxas info    : Compile time = 6.203 ms
ptxas info    : Compiling entry function '_ZN3aut17format_strategies4gemvINS_7storage5e11m4ENS0_8strategyILNS0_11decode_kindE0ELi4ELNS0_14table_locationE0ELNS0_11unpack_kindE0EEEEEvPKNS2_5codecIT_E12storage_typeESE_mmmNS0_12table_bundleEPd' for 'sm_90'
ptxas info    : Function properties for _ZN3aut17format_strategies4gemvINS_7storage5e11m4ENS0_8strategyILNS0_11decode_kindE0ELi4ELNS0_14table_locationE0ELNS0_11unpack_kindE0EEEEEvPKNS2_5codecIT_E12storage_typeESE_mmmNS0_12table_bundleEPd
    0 bytes stack frame, 0 bytes spill stores, 0 bytes spill loads
ptxas info    : Used 30 registers, used 1 barriers, 80 bytes smem
ptxas info    : Compile time = 4.966 ms
ptxas info    : Compiling entry function '_ZN3aut17format_strategies14dot_map_reduceINS_7storage5e11m4ENS0_8strategyILNS0_11decode_kindE0ELi4ELNS0_14table_locationE0ELNS0_11unpack_kindE0EEEEEvPKNS2_5codecIT_E12storage_typeESE_mNS0_12table_bundleEPd' for 'sm_90'
ptxas info    : Function properties for _ZN3aut17format_strategies14dot_map_reduceINS_7storage5e11m4ENS0_8strategyILNS0_11decode_kindE0ELi4ELNS0_14table_locationE0ELNS0_11unpack_kindE0EEEEEvPKNS2_5codecIT_E12storage_typeESE_mNS0_12table_bundleEPd
    0 bytes stack frame, 0 bytes spill stores, 0 bytes spill loads
ptxas info    : Used 29 registers, used 1 barriers, 80 bytes smem
ptxas info    : Compile time = 4.768 ms
ptxas info    : Compiling entry function '_ZN3aut17format_strategies12decode_codesINS_7storage5e11m4ENS0_8strategyILNS0_11decode_kindE0ELi4ELNS0_14table_locationE0ELNS0_11unpack_kindE0EEEEEvPKNS2_5codecIT_E12storage_typeEmNS0_12table_bundleEPd' for 'sm_90'
ptxas info    : Function properties for _ZN3aut17format_strategies12decode_codesINS_7storage5e11m4ENS0_8strategyILNS0_11decode_kindE0ELi4ELNS0_14table_locationE0ELNS0_11unpack_kindE0EEEEEvPKNS2_5codecIT_E12storage_typeEmNS0_12table_bundleEPd
    0 bytes stack frame, 0 bytes spill stores, 0 bytes spill loads
ptxas info    : Used 22 registers, used 0 barriers
ptxas info    : Compile time = 5.964 ms
ptxas info    : Compiling entry function '_ZN3aut17format_strategies4gemvINS_7storage5e11m4ENS0_8strategyILNS0_11decode_kindE0ELi2ELNS0_14table_locationE0ELNS0_11unpack_kindE0EEEEEvPKNS2_5codecIT_E12storage_typeESE_mmmNS0_12table_bundleEPd' for 'sm_90'
ptxas info    : Function properties for _ZN3aut17format_strategies4gemvINS_7storage5e11m4ENS0_8strategyILNS0_11decode_kindE0ELi2ELNS0_14table_locationE0ELNS0_11unpack_kindE0EEEEEvPKNS2_5codecIT_E12storage_typeESE_mmmNS0_12table_bundleEPd
    0 bytes stack frame, 0 bytes spill stores, 0 bytes spill loads
ptxas info    : Used 24 registers, used 1 barriers, 80 bytes smem
ptxas info    : Compile time = 4.598 ms
ptxas info    : Compiling entry function '_ZN3aut17format_strategies14dot_map_reduceINS_7storage5e11m4ENS0_8strategyILNS0_11decode_kindE0ELi2ELNS0_14table_locationE0ELNS0_11unpack_kindE0EEEEEvPKNS2_5codecIT_E12storage_typeESE_mNS0_12table_bundleEPd' for 'sm_90'
ptxas info    : Function properties for _ZN3aut17format_strategies14dot_map_reduceINS_7storage5e11m4ENS0_8strategyILNS0_11decode_kindE0ELi2ELNS0_14table_locationE0ELNS0_11unpack_kindE0EEEEEvPKNS2_5codecIT_E12storage_typeESE_mNS0_12table_bundleEPd
    0 bytes stack frame, 0 bytes spill stores, 0 bytes spill loads
ptxas info    : Used 26 registers, used 1 barriers, 80 bytes smem
ptxas info    : Compile time = 4.369 ms
ptxas info    : Compiling entry function '_ZN3aut17format_strategies12decode_codesINS_7storage5e11m4ENS0_8strategyILNS0_11decode_kindE0ELi2ELNS0_14table_locationE0ELNS0_11unpack_kindE0EEEEEvPKNS2_5codecIT_E12storage_typeEmNS0_12table_bundleEPd' for 'sm_90'
ptxas info    : Function properties for _ZN3aut17format_strategies12decode_codesINS_7storage5e11m4ENS0_8strategyILNS0_11decode_kindE0ELi2ELNS0_14table_locationE0ELNS0_11unpack_kindE0EEEEEvPKNS2_5codecIT_E12storage_typeEmNS0_12table_bundleEPd
    0 bytes stack frame, 0 bytes spill stores, 0 bytes spill loads
ptxas info    : Used 22 registers, used 0 barriers
ptxas info    : Compile time = 5.881 ms
ptxas info    : Compiling entry function '_ZN3aut17format_strategies4gemvINS_7storage5e11m4ENS0_8strategyILNS0_11decode_kindE0ELi1ELNS0_14table_locationE0ELNS0_11unpack_kindE0EEEEEvPKNS2_5codecIT_E12storage_typeESE_mmmNS0_12table_bundleEPd' for 'sm_90'
ptxas info    : Function properties for _ZN3aut17format_strategies4gemvINS_7storage5e11m4ENS0_8strategyILNS0_11decode_kindE0ELi1ELNS0_14table_locationE0ELNS0_11unpack_kindE0EEEEEvPKNS2_5codecIT_E12storage_typeESE_mmmNS0_12table_bundleEPd
    0 bytes stack frame, 0 bytes spill stores, 0 bytes spill loads
ptxas info    : Used 23 registers, used 1 barriers, 80 bytes smem
ptxas info    : Compile time = 4.295 ms
ptxas info    : Compiling entry function '_ZN3aut17format_strategies14dot_map_reduceINS_7storage5e11m4ENS0_8strategyILNS0_11decode_kindE0ELi1ELNS0_14table_locationE0ELNS0_11unpack_kindE0EEEEEvPKNS2_5codecIT_E12storage_typeESE_mNS0_12table_bundleEPd' for 'sm_90'
ptxas info    : Function properties for _ZN3aut17format_strategies14dot_map_reduceINS_7storage5e11m4ENS0_8strategyILNS0_11decode_kindE0ELi1ELNS0_14table_locationE0ELNS0_11unpack_kindE0EEEEEvPKNS2_5codecIT_E12storage_typeESE_mNS0_12table_bundleEPd
    0 bytes stack frame, 0 bytes spill stores, 0 bytes spill loads
ptxas info    : Used 26 registers, used 1 barriers, 80 bytes smem
ptxas info    : Compile time = 4.255 ms
ptxas info    : Compiling entry function '_ZN3aut17format_strategies12decode_codesINS_7storage5e11m4ENS0_8strategyILNS0_11decode_kindE0ELi1ELNS0_14table_locationE0ELNS0_11unpack_kindE0EEEEEvPKNS2_5codecIT_E12storage_typeEmNS0_12table_bundleEPd' for 'sm_90'
ptxas info    : Function properties for _ZN3aut17format_strategies12decode_codesINS_7storage5e11m4ENS0_8strategyILNS0_11decode_kindE0ELi1ELNS0_14table_locationE0ELNS0_11unpack_kindE0EEEEEvPKNS2_5codecIT_E12storage_typeEmNS0_12table_bundleEPd
    0 bytes stack frame, 0 bytes spill stores, 0 bytes spill loads
ptxas info    : Used 22 registers, used 0 barriers
ptxas info    : Compile time = 5.900 ms
ptxas info    : Compiling entry function '_ZN3aut17format_strategies4gemvINS_7storage9bf16_e8m7ENS0_8strategyILNS0_11decode_kindE7ELi8ELNS0_14table_locationE1ELNS0_11unpack_kindE0EEEEEvPKNS2_5codecIT_E12storage_typeESE_mmmNS0_12table_bundleEPd' for 'sm_90'
ptxas info    : Function properties for _ZN3aut17format_strategies4gemvINS_7storage9bf16_e8m7ENS0_8strategyILNS0_11decode_kindE7ELi8ELNS0_14table_locationE1ELNS0_11unpack_kindE0EEEEEvPKNS2_5codecIT_E12storage_typeESE_mmmNS0_12table_bundleEPd
    0 bytes stack frame, 0 bytes spill stores, 0 bytes spill loads
ptxas info    : Used 44 registers, used 1 barriers, 80 bytes smem
ptxas info    : Compile time = 12.829 ms
ptxas info    : Compiling entry function '_ZN3aut17format_strategies14dot_map_reduceINS_7storage9bf16_e8m7ENS0_8strategyILNS0_11decode_kindE7ELi8ELNS0_14table_locationE1ELNS0_11unpack_kindE0EEEEEvPKNS2_5codecIT_E12storage_typeESE_mNS0_12table_bundleEPd' for 'sm_90'
ptxas info    : Function properties for _ZN3aut17format_strategies14dot_map_reduceINS_7storage9bf16_e8m7ENS0_8strategyILNS0_11decode_kindE7ELi8ELNS0_14table_locationE1ELNS0_11unpack_kindE0EEEEEvPKNS2_5codecIT_E12storage_typeESE_mNS0_12table_bundleEPd
    0 bytes stack frame, 0 bytes spill stores, 0 bytes spill loads
ptxas info    : Used 48 registers, used 1 barriers, 80 bytes smem
ptxas info    : Compile time = 12.241 ms
ptxas info    : Compiling entry function '_ZN3aut17format_strategies12decode_codesINS_7storage9bf16_e8m7ENS0_8strategyILNS0_11decode_kindE7ELi8ELNS0_14table_locationE1ELNS0_11unpack_kindE0EEEEEvPKNS2_5codecIT_E12storage_typeEmNS0_12table_bundleEPd' for 'sm_90'
ptxas info    : Function properties for _ZN3aut17format_strategies12decode_codesINS_7storage9bf16_e8m7ENS0_8strategyILNS0_11decode_kindE7ELi8ELNS0_14table_locationE1ELNS0_11unpack_kindE0EEEEEvPKNS2_5codecIT_E12storage_typeEmNS0_12table_bundleEPd
    0 bytes stack frame, 0 bytes spill stores, 0 bytes spill loads
ptxas info    : Used 24 registers, used 1 barriers
ptxas info    : Compile time = 8.747 ms
ptxas info    : Compiling entry function '_ZN3aut17format_strategies4gemvINS_7storage9bf16_e8m7ENS0_8strategyILNS0_11decode_kindE7ELi8ELNS0_14table_locationE0ELNS0_11unpack_kindE0EEEEEvPKNS2_5codecIT_E12storage_typeESE_mmmNS0_12table_bundleEPd' for 'sm_90'
ptxas info    : Function properties for _ZN3aut17format_strategies4gemvINS_7storage9bf16_e8m7ENS0_8strategyILNS0_11decode_kindE7ELi8ELNS0_14table_locationE0ELNS0_11unpack_kindE0EEEEEvPKNS2_5codecIT_E12storage_typeESE_mmmNS0_12table_bundleEPd
    0 bytes stack frame, 0 bytes spill stores, 0 bytes spill loads
ptxas info    : Used 48 registers, used 1 barriers, 80 bytes smem
ptxas info    : Compile time = 11.208 ms
ptxas info    : Compiling entry function '_ZN3aut17format_strategies14dot_map_reduceINS_7storage9bf16_e8m7ENS0_8strategyILNS0_11decode_kindE7ELi8ELNS0_14table_locationE0ELNS0_11unpack_kindE0EEEEEvPKNS2_5codecIT_E12storage_typeESE_mNS0_12table_bundleEPd' for 'sm_90'
ptxas info    : Function properties for _ZN3aut17format_strategies14dot_map_reduceINS_7storage9bf16_e8m7ENS0_8strategyILNS0_11decode_kindE7ELi8ELNS0_14table_locationE0ELNS0_11unpack_kindE0EEEEEvPKNS2_5codecIT_E12storage_typeESE_mNS0_12table_bundleEPd
    0 bytes stack frame, 0 bytes spill stores, 0 bytes spill loads
ptxas info    : Used 46 registers, used 1 barriers, 80 bytes smem
ptxas info    : Compile time = 11.239 ms
ptxas info    : Compiling entry function '_ZN3aut17format_strategies12decode_codesINS_7storage9bf16_e8m7ENS0_8strategyILNS0_11decode_kindE7ELi8ELNS0_14table_locationE0ELNS0_11unpack_kindE0EEEEEvPKNS2_5codecIT_E12storage_typeEmNS0_12table_bundleEPd' for 'sm_90'
ptxas info    : Function properties for _ZN3aut17format_strategies12decode_codesINS_7storage9bf16_e8m7ENS0_8strategyILNS0_11decode_kindE7ELi8ELNS0_14table_locationE0ELNS0_11unpack_kindE0EEEEEvPKNS2_5codecIT_E12storage_typeEmNS0_12table_bundleEPd
    0 bytes stack frame, 0 bytes spill stores, 0 bytes spill loads
ptxas info    : Used 24 registers, used 0 barriers
ptxas info    : Compile time = 7.818 ms
ptxas info    : Compiling entry function '_ZN3aut17format_strategies4gemvINS_7storage9bf16_e8m7ENS0_8strategyILNS0_11decode_kindE6ELi8ELNS0_14table_locationE0ELNS0_11unpack_kindE0EEEEEvPKNS2_5codecIT_E12storage_typeESE_mmmNS0_12table_bundleEPd' for 'sm_90'
ptxas info    : Function properties for _ZN3aut17format_strategies4gemvINS_7storage9bf16_e8m7ENS0_8strategyILNS0_11decode_kindE6ELi8ELNS0_14table_locationE0ELNS0_11unpack_kindE0EEEEEvPKNS2_5codecIT_E12storage_typeESE_mmmNS0_12table_bundleEPd
    0 bytes stack frame, 0 bytes spill stores, 0 bytes spill loads
ptxas info    : Used 48 registers, used 1 barriers, 80 bytes smem
ptxas info    : Compile time = 6.840 ms
ptxas info    : Compiling entry function '_ZN3aut17format_strategies14dot_map_reduceINS_7storage9bf16_e8m7ENS0_8strategyILNS0_11decode_kindE6ELi8ELNS0_14table_locationE0ELNS0_11unpack_kindE0EEEEEvPKNS2_5codecIT_E12storage_typeESE_mNS0_12table_bundleEPd' for 'sm_90'
ptxas info    : Function properties for _ZN3aut17format_strategies14dot_map_reduceINS_7storage9bf16_e8m7ENS0_8strategyILNS0_11decode_kindE6ELi8ELNS0_14table_locationE0ELNS0_11unpack_kindE0EEEEEvPKNS2_5codecIT_E12storage_typeESE_mNS0_12table_bundleEPd
    0 bytes stack frame, 0 bytes spill stores, 0 bytes spill loads
ptxas info    : Used 44 registers, used 1 barriers, 80 bytes smem
ptxas info    : Compile time = 6.673 ms
ptxas info    : Compiling entry function '_ZN3aut17format_strategies12decode_codesINS_7storage9bf16_e8m7ENS0_8strategyILNS0_11decode_kindE6ELi8ELNS0_14table_locationE0ELNS0_11unpack_kindE0EEEEEvPKNS2_5codecIT_E12storage_typeEmNS0_12table_bundleEPd' for 'sm_90'
ptxas info    : Function properties for _ZN3aut17format_strategies12decode_codesINS_7storage9bf16_e8m7ENS0_8strategyILNS0_11decode_kindE6ELi8ELNS0_14table_locationE0ELNS0_11unpack_kindE0EEEEEvPKNS2_5codecIT_E12storage_typeEmNS0_12table_bundleEPd
    0 bytes stack frame, 0 bytes spill stores, 0 bytes spill loads
ptxas info    : Used 24 registers, used 0 barriers
ptxas info    : Compile time = 7.510 ms
ptxas info    : Compiling entry function '_ZN3aut17format_strategies4gemvINS_7storage9bf16_e8m7ENS0_8strategyILNS0_11decode_kindE6ELi4ELNS0_14table_locationE0ELNS0_11unpack_kindE0EEEEEvPKNS2_5codecIT_E12storage_typeESE_mmmNS0_12table_bundleEPd' for 'sm_90'
ptxas info    : Function properties for _ZN3aut17format_strategies4gemvINS_7storage9bf16_e8m7ENS0_8strategyILNS0_11decode_kindE6ELi4ELNS0_14table_locationE0ELNS0_11unpack_kindE0EEEEEvPKNS2_5codecIT_E12storage_typeESE_mmmNS0_12table_bundleEPd
    0 bytes stack frame, 0 bytes spill stores, 0 bytes spill loads
ptxas info    : Used 32 registers, used 1 barriers, 80 bytes smem
ptxas info    : Compile time = 5.541 ms
ptxas info    : Compiling entry function '_ZN3aut17format_strategies14dot_map_reduceINS_7storage9bf16_e8m7ENS0_8strategyILNS0_11decode_kindE6ELi4ELNS0_14table_locationE0ELNS0_11unpack_kindE0EEEEEvPKNS2_5codecIT_E12storage_typeESE_mNS0_12table_bundleEPd' for 'sm_90'
ptxas info    : Function properties for _ZN3aut17format_strategies14dot_map_reduceINS_7storage9bf16_e8m7ENS0_8strategyILNS0_11decode_kindE6ELi4ELNS0_14table_locationE0ELNS0_11unpack_kindE0EEEEEvPKNS2_5codecIT_E12storage_typeESE_mNS0_12table_bundleEPd
    0 bytes stack frame, 0 bytes spill stores, 0 bytes spill loads
ptxas info    : Used 34 registers, used 1 barriers, 80 bytes smem
ptxas info    : Compile time = 5.582 ms
ptxas info    : Compiling entry function '_ZN3aut17format_strategies12decode_codesINS_7storage9bf16_e8m7ENS0_8strategyILNS0_11decode_kindE6ELi4ELNS0_14table_locationE0ELNS0_11unpack_kindE0EEEEEvPKNS2_5codecIT_E12storage_typeEmNS0_12table_bundleEPd' for 'sm_90'
ptxas info    : Function properties for _ZN3aut17format_strategies12decode_codesINS_7storage9bf16_e8m7ENS0_8strategyILNS0_11decode_kindE6ELi4ELNS0_14table_locationE0ELNS0_11unpack_kindE0EEEEEvPKNS2_5codecIT_E12storage_typeEmNS0_12table_bundleEPd
    0 bytes stack frame, 0 bytes spill stores, 0 bytes spill loads
ptxas info    : Used 22 registers, used 0 barriers
ptxas info    : Compile time = 7.103 ms
ptxas info    : Compiling entry function '_ZN3aut17format_strategies4gemvINS_7storage9bf16_e8m7ENS0_8strategyILNS0_11decode_kindE6ELi1ELNS0_14table_locationE0ELNS0_11unpack_kindE0EEEEEvPKNS2_5codecIT_E12storage_typeESE_mmmNS0_12table_bundleEPd' for 'sm_90'
ptxas info    : Function properties for _ZN3aut17format_strategies4gemvINS_7storage9bf16_e8m7ENS0_8strategyILNS0_11decode_kindE6ELi1ELNS0_14table_locationE0ELNS0_11unpack_kindE0EEEEEvPKNS2_5codecIT_E12storage_typeESE_mmmNS0_12table_bundleEPd
    0 bytes stack frame, 0 bytes spill stores, 0 bytes spill loads
ptxas info    : Used 24 registers, used 1 barriers, 80 bytes smem
ptxas info    : Compile time = 4.372 ms
ptxas info    : Compiling entry function '_ZN3aut17format_strategies14dot_map_reduceINS_7storage9bf16_e8m7ENS0_8strategyILNS0_11decode_kindE6ELi1ELNS0_14table_locationE0ELNS0_11unpack_kindE0EEEEEvPKNS2_5codecIT_E12storage_typeESE_mNS0_12table_bundleEPd' for 'sm_90'
ptxas info    : Function properties for _ZN3aut17format_strategies14dot_map_reduceINS_7storage9bf16_e8m7ENS0_8strategyILNS0_11decode_kindE6ELi1ELNS0_14table_locationE0ELNS0_11unpack_kindE0EEEEEvPKNS2_5codecIT_E12storage_typeESE_mNS0_12table_bundleEPd
    0 bytes stack frame, 0 bytes spill stores, 0 bytes spill loads
ptxas info    : Used 26 registers, used 1 barriers, 80 bytes smem
ptxas info    : Compile time = 4.309 ms
ptxas info    : Compiling entry function '_ZN3aut17format_strategies12decode_codesINS_7storage9bf16_e8m7ENS0_8strategyILNS0_11decode_kindE6ELi1ELNS0_14table_locationE0ELNS0_11unpack_kindE0EEEEEvPKNS2_5codecIT_E12storage_typeEmNS0_12table_bundleEPd' for 'sm_90'
ptxas info    : Function properties for _ZN3aut17format_strategies12decode_codesINS_7storage9bf16_e8m7ENS0_8strategyILNS0_11decode_kindE6ELi1ELNS0_14table_locationE0ELNS0_11unpack_kindE0EEEEEvPKNS2_5codecIT_E12storage_typeEmNS0_12table_bundleEPd
    0 bytes stack frame, 0 bytes spill stores, 0 bytes spill loads
ptxas info    : Used 22 registers, used 0 barriers
ptxas info    : Compile time = 6.735 ms
ptxas info    : Compiling entry function '_ZN3aut17format_strategies4gemvINS_7storage9bf16_e8m7ENS0_8strategyILNS0_11decode_kindE3ELi8ELNS0_14table_locationE0ELNS0_11unpack_kindE0EEEEEvPKNS2_5codecIT_E12storage_typeESE_mmmNS0_12table_bundleEPd' for 'sm_90'
ptxas info    : Function properties for _ZN3aut17format_strategies4gemvINS_7storage9bf16_e8m7ENS0_8strategyILNS0_11decode_kindE3ELi8ELNS0_14table_locationE0ELNS0_11unpack_kindE0EEEEEvPKNS2_5codecIT_E12storage_typeESE_mmmNS0_12table_bundleEPd
    0 bytes stack frame, 0 bytes spill stores, 0 bytes spill loads
ptxas info    : Used 40 registers, used 1 barriers, 80 bytes smem
ptxas info    : Compile time = 5.911 ms
ptxas info    : Compiling entry function '_ZN3aut17format_strategies14dot_map_reduceINS_7storage9bf16_e8m7ENS0_8strategyILNS0_11decode_kindE3ELi8ELNS0_14table_locationE0ELNS0_11unpack_kindE0EEEEEvPKNS2_5codecIT_E12storage_typeESE_mNS0_12table_bundleEPd' for 'sm_90'
ptxas info    : Function properties for _ZN3aut17format_strategies14dot_map_reduceINS_7storage9bf16_e8m7ENS0_8strategyILNS0_11decode_kindE3ELi8ELNS0_14table_locationE0ELNS0_11unpack_kindE0EEEEEvPKNS2_5codecIT_E12storage_typeESE_mNS0_12table_bundleEPd
    0 bytes stack frame, 0 bytes spill stores, 0 bytes spill loads
ptxas info    : Used 40 registers, used 1 barriers, 80 bytes smem
ptxas info    : Compile time = 5.311 ms
ptxas info    : Compiling entry function '_ZN3aut17format_strategies12decode_codesINS_7storage9bf16_e8m7ENS0_8strategyILNS0_11decode_kindE3ELi8ELNS0_14table_locationE0ELNS0_11unpack_kindE0EEEEEvPKNS2_5codecIT_E12storage_typeEmNS0_12table_bundleEPd' for 'sm_90'
ptxas info    : Function properties for _ZN3aut17format_strategies12decode_codesINS_7storage9bf16_e8m7ENS0_8strategyILNS0_11decode_kindE3ELi8ELNS0_14table_locationE0ELNS0_11unpack_kindE0EEEEEvPKNS2_5codecIT_E12storage_typeEmNS0_12table_bundleEPd
    0 bytes stack frame, 0 bytes spill stores, 0 bytes spill loads
ptxas info    : Used 23 registers, used 0 barriers
ptxas info    : Compile time = 6.148 ms
ptxas info    : Compiling entry function '_ZN3aut17format_strategies4gemvINS_7storage9bf16_e8m7ENS0_8strategyILNS0_11decode_kindE3ELi4ELNS0_14table_locationE0ELNS0_11unpack_kindE0EEEEEvPKNS2_5codecIT_E12storage_typeESE_mmmNS0_12table_bundleEPd' for 'sm_90'
ptxas info    : Function properties for _ZN3aut17format_strategies4gemvINS_7storage9bf16_e8m7ENS0_8strategyILNS0_11decode_kindE3ELi4ELNS0_14table_locationE0ELNS0_11unpack_kindE0EEEEEvPKNS2_5codecIT_E12storage_typeESE_mmmNS0_12table_bundleEPd
    0 bytes stack frame, 0 bytes spill stores, 0 bytes spill loads
ptxas info    : Used 29 registers, used 1 barriers, 80 bytes smem
ptxas info    : Compile time = 4.921 ms
ptxas info    : Compiling entry function '_ZN3aut17format_strategies14dot_map_reduceINS_7storage9bf16_e8m7ENS0_8strategyILNS0_11decode_kindE3ELi4ELNS0_14table_locationE0ELNS0_11unpack_kindE0EEEEEvPKNS2_5codecIT_E12storage_typeESE_mNS0_12table_bundleEPd' for 'sm_90'
ptxas info    : Function properties for _ZN3aut17format_strategies14dot_map_reduceINS_7storage9bf16_e8m7ENS0_8strategyILNS0_11decode_kindE3ELi4ELNS0_14table_locationE0ELNS0_11unpack_kindE0EEEEEvPKNS2_5codecIT_E12storage_typeESE_mNS0_12table_bundleEPd
    0 bytes stack frame, 0 bytes spill stores, 0 bytes spill loads
ptxas info    : Used 31 registers, used 1 barriers, 80 bytes smem
ptxas info    : Compile time = 4.723 ms
ptxas info    : Compiling entry function '_ZN3aut17format_strategies12decode_codesINS_7storage9bf16_e8m7ENS0_8strategyILNS0_11decode_kindE3ELi4ELNS0_14table_locationE0ELNS0_11unpack_kindE0EEEEEvPKNS2_5codecIT_E12storage_typeEmNS0_12table_bundleEPd' for 'sm_90'
ptxas info    : Function properties for _ZN3aut17format_strategies12decode_codesINS_7storage9bf16_e8m7ENS0_8strategyILNS0_11decode_kindE3ELi4ELNS0_14table_locationE0ELNS0_11unpack_kindE0EEEEEvPKNS2_5codecIT_E12storage_typeEmNS0_12table_bundleEPd
    0 bytes stack frame, 0 bytes spill stores, 0 bytes spill loads
ptxas info    : Used 23 registers, used 0 barriers
ptxas info    : Compile time = 5.931 ms
ptxas info    : Compiling entry function '_ZN3aut17format_strategies4gemvINS_7storage9bf16_e8m7ENS0_8strategyILNS0_11decode_kindE3ELi1ELNS0_14table_locationE0ELNS0_11unpack_kindE0EEEEEvPKNS2_5codecIT_E12storage_typeESE_mmmNS0_12table_bundleEPd' for 'sm_90'
ptxas info    : Function properties for _ZN3aut17format_strategies4gemvINS_7storage9bf16_e8m7ENS0_8strategyILNS0_11decode_kindE3ELi1ELNS0_14table_locationE0ELNS0_11unpack_kindE0EEEEEvPKNS2_5codecIT_E12storage_typeESE_mmmNS0_12table_bundleEPd
    0 bytes stack frame, 0 bytes spill stores, 0 bytes spill loads
ptxas info    : Used 23 registers, used 1 barriers, 80 bytes smem
ptxas info    : Compile time = 4.292 ms
ptxas info    : Compiling entry function '_ZN3aut17format_strategies14dot_map_reduceINS_7storage9bf16_e8m7ENS0_8strategyILNS0_11decode_kindE3ELi1ELNS0_14table_locationE0ELNS0_11unpack_kindE0EEEEEvPKNS2_5codecIT_E12storage_typeESE_mNS0_12table_bundleEPd' for 'sm_90'
ptxas info    : Function properties for _ZN3aut17format_strategies14dot_map_reduceINS_7storage9bf16_e8m7ENS0_8strategyILNS0_11decode_kindE3ELi1ELNS0_14table_locationE0ELNS0_11unpack_kindE0EEEEEvPKNS2_5codecIT_E12storage_typeESE_mNS0_12table_bundleEPd
    0 bytes stack frame, 0 bytes spill stores, 0 bytes spill loads
ptxas info    : Used 26 registers, used 1 barriers, 80 bytes smem
ptxas info    : Compile time = 4.095 ms
ptxas info    : Compiling entry function '_ZN3aut17format_strategies12decode_codesINS_7storage9bf16_e8m7ENS0_8strategyILNS0_11decode_kindE3ELi1ELNS0_14table_locationE0ELNS0_11unpack_kindE0EEEEEvPKNS2_5codecIT_E12storage_typeEmNS0_12table_bundleEPd' for 'sm_90'
ptxas info    : Function properties for _ZN3aut17format_strategies12decode_codesINS_7storage9bf16_e8m7ENS0_8strategyILNS0_11decode_kindE3ELi1ELNS0_14table_locationE0ELNS0_11unpack_kindE0EEEEEvPKNS2_5codecIT_E12storage_typeEmNS0_12table_bundleEPd
    0 bytes stack frame, 0 bytes spill stores, 0 bytes spill loads
ptxas info    : Used 23 registers, used 0 barriers
ptxas info    : Compile time = 5.832 ms
ptxas info    : Compiling entry function '_ZN3aut17format_strategies4gemvINS_7storage9bf16_e8m7ENS0_8strategyILNS0_11decode_kindE2ELi8ELNS0_14table_locationE0ELNS0_11unpack_kindE0EEEEEvPKNS2_5codecIT_E12storage_typeESE_mmmNS0_12table_bundleEPd' for 'sm_90'
ptxas info    : Function properties for _ZN3aut17format_strategies4gemvINS_7storage9bf16_e8m7ENS0_8strategyILNS0_11decode_kindE2ELi8ELNS0_14table_locationE0ELNS0_11unpack_kindE0EEEEEvPKNS2_5codecIT_E12storage_typeESE_mmmNS0_12table_bundleEPd
    0 bytes stack frame, 0 bytes spill stores, 0 bytes spill loads
ptxas info    : Used 48 registers, used 1 barriers, 80 bytes smem
ptxas info    : Compile time = 18.484 ms
ptxas info    : Compiling entry function '_ZN3aut17format_strategies14dot_map_reduceINS_7storage9bf16_e8m7ENS0_8strategyILNS0_11decode_kindE2ELi8ELNS0_14table_locationE0ELNS0_11unpack_kindE0EEEEEvPKNS2_5codecIT_E12storage_typeESE_mNS0_12table_bundleEPd' for 'sm_90'
ptxas info    : Function properties for _ZN3aut17format_strategies14dot_map_reduceINS_7storage9bf16_e8m7ENS0_8strategyILNS0_11decode_kindE2ELi8ELNS0_14table_locationE0ELNS0_11unpack_kindE0EEEEEvPKNS2_5codecIT_E12storage_typeESE_mNS0_12table_bundleEPd
    0 bytes stack frame, 0 bytes spill stores, 0 bytes spill loads
ptxas info    : Used 68 registers, used 1 barriers, 80 bytes smem
ptxas info    : Compile time = 19.222 ms
ptxas info    : Compiling entry function '_ZN3aut17format_strategies12decode_codesINS_7storage9bf16_e8m7ENS0_8strategyILNS0_11decode_kindE2ELi8ELNS0_14table_locationE0ELNS0_11unpack_kindE0EEEEEvPKNS2_5codecIT_E12storage_typeEmNS0_12table_bundleEPd' for 'sm_90'
ptxas info    : Function properties for _ZN3aut17format_strategies12decode_codesINS_7storage9bf16_e8m7ENS0_8strategyILNS0_11decode_kindE2ELi8ELNS0_14table_locationE0ELNS0_11unpack_kindE0EEEEEvPKNS2_5codecIT_E12storage_typeEmNS0_12table_bundleEPd
    0 bytes stack frame, 0 bytes spill stores, 0 bytes spill loads
ptxas info    : Used 30 registers, used 0 barriers
ptxas info    : Compile time = 11.793 ms
ptxas info    : Compiling entry function '_ZN3aut17format_strategies4gemvINS_7storage9bf16_e8m7ENS0_8strategyILNS0_11decode_kindE2ELi4ELNS0_14table_locationE0ELNS0_11unpack_kindE0EEEEEvPKNS2_5codecIT_E12storage_typeESE_mmmNS0_12table_bundleEPd' for 'sm_90'
ptxas info    : Function properties for _ZN3aut17format_strategies4gemvINS_7storage9bf16_e8m7ENS0_8strategyILNS0_11decode_kindE2ELi4ELNS0_14table_locationE0ELNS0_11unpack_kindE0EEEEEvPKNS2_5codecIT_E12storage_typeESE_mmmNS0_12table_bundleEPd
    0 bytes stack frame, 0 bytes spill stores, 0 bytes spill loads
ptxas info    : Used 32 registers, used 1 barriers, 80 bytes smem
ptxas info    : Compile time = 11.346 ms
ptxas info    : Compiling entry function '_ZN3aut17format_strategies14dot_map_reduceINS_7storage9bf16_e8m7ENS0_8strategyILNS0_11decode_kindE2ELi4ELNS0_14table_locationE0ELNS0_11unpack_kindE0EEEEEvPKNS2_5codecIT_E12storage_typeESE_mNS0_12table_bundleEPd' for 'sm_90'
ptxas info    : Function properties for _ZN3aut17format_strategies14dot_map_reduceINS_7storage9bf16_e8m7ENS0_8strategyILNS0_11decode_kindE2ELi4ELNS0_14table_locationE0ELNS0_11unpack_kindE0EEEEEvPKNS2_5codecIT_E12storage_typeESE_mNS0_12table_bundleEPd
    0 bytes stack frame, 0 bytes spill stores, 0 bytes spill loads
ptxas info    : Used 44 registers, used 1 barriers, 80 bytes smem
ptxas info    : Compile time = 11.915 ms
ptxas info    : Compiling entry function '_ZN3aut17format_strategies12decode_codesINS_7storage9bf16_e8m7ENS0_8strategyILNS0_11decode_kindE2ELi4ELNS0_14table_locationE0ELNS0_11unpack_kindE0EEEEEvPKNS2_5codecIT_E12storage_typeEmNS0_12table_bundleEPd' for 'sm_90'
ptxas info    : Function properties for _ZN3aut17format_strategies12decode_codesINS_7storage9bf16_e8m7ENS0_8strategyILNS0_11decode_kindE2ELi4ELNS0_14table_locationE0ELNS0_11unpack_kindE0EEEEEvPKNS2_5codecIT_E12storage_typeEmNS0_12table_bundleEPd
    0 bytes stack frame, 0 bytes spill stores, 0 bytes spill loads
ptxas info    : Used 32 registers, used 0 barriers
ptxas info    : Compile time = 9.357 ms
ptxas info    : Compiling entry function '_ZN3aut17format_strategies4gemvINS_7storage9bf16_e8m7ENS0_8strategyILNS0_11decode_kindE2ELi1ELNS0_14table_locationE0ELNS0_11unpack_kindE0EEEEEvPKNS2_5codecIT_E12storage_typeESE_mmmNS0_12table_bundleEPd' for 'sm_90'
ptxas info    : Function properties for _ZN3aut17format_strategies4gemvINS_7storage9bf16_e8m7ENS0_8strategyILNS0_11decode_kindE2ELi1ELNS0_14table_locationE0ELNS0_11unpack_kindE0EEEEEvPKNS2_5codecIT_E12storage_typeESE_mmmNS0_12table_bundleEPd
    0 bytes stack frame, 0 bytes spill stores, 0 bytes spill loads
ptxas info    : Used 26 registers, used 1 barriers, 80 bytes smem
ptxas info    : Compile time = 7.072 ms
ptxas info    : Compiling entry function '_ZN3aut17format_strategies14dot_map_reduceINS_7storage9bf16_e8m7ENS0_8strategyILNS0_11decode_kindE2ELi1ELNS0_14table_locationE0ELNS0_11unpack_kindE0EEEEEvPKNS2_5codecIT_E12storage_typeESE_mNS0_12table_bundleEPd' for 'sm_90'
ptxas info    : Function properties for _ZN3aut17format_strategies14dot_map_reduceINS_7storage9bf16_e8m7ENS0_8strategyILNS0_11decode_kindE2ELi1ELNS0_14table_locationE0ELNS0_11unpack_kindE0EEEEEvPKNS2_5codecIT_E12storage_typeESE_mNS0_12table_bundleEPd
    0 bytes stack frame, 0 bytes spill stores, 0 bytes spill loads
ptxas info    : Used 28 registers, used 1 barriers, 80 bytes smem
ptxas info    : Compile time = 6.901 ms
ptxas info    : Compiling entry function '_ZN3aut17format_strategies12decode_codesINS_7storage9bf16_e8m7ENS0_8strategyILNS0_11decode_kindE2ELi1ELNS0_14table_locationE0ELNS0_11unpack_kindE0EEEEEvPKNS2_5codecIT_E12storage_typeEmNS0_12table_bundleEPd' for 'sm_90'
ptxas info    : Function properties for _ZN3aut17format_strategies12decode_codesINS_7storage9bf16_e8m7ENS0_8strategyILNS0_11decode_kindE2ELi1ELNS0_14table_locationE0ELNS0_11unpack_kindE0EEEEEvPKNS2_5codecIT_E12storage_typeEmNS0_12table_bundleEPd
    0 bytes stack frame, 0 bytes spill stores, 0 bytes spill loads
ptxas info    : Used 23 registers, used 0 barriers
ptxas info    : Compile time = 7.352 ms
ptxas info    : Compiling entry function '_ZN3aut17format_strategies4gemvINS_7storage9bf16_e8m7ENS0_8strategyILNS0_11decode_kindE1ELi8ELNS0_14table_locationE0ELNS0_11unpack_kindE0EEEEEvPKNS2_5codecIT_E12storage_typeESE_mmmNS0_12table_bundleEPd' for 'sm_90'
ptxas info    : Function properties for _ZN3aut17format_strategies4gemvINS_7storage9bf16_e8m7ENS0_8strategyILNS0_11decode_kindE1ELi8ELNS0_14table_locationE0ELNS0_11unpack_kindE0EEEEEvPKNS2_5codecIT_E12storage_typeESE_mmmNS0_12table_bundleEPd
    0 bytes stack frame, 0 bytes spill stores, 0 bytes spill loads
ptxas info    : Used 60 registers, used 1 barriers, 80 bytes smem
ptxas info    : Compile time = 17.020 ms
ptxas info    : Compiling entry function '_ZN3aut17format_strategies14dot_map_reduceINS_7storage9bf16_e8m7ENS0_8strategyILNS0_11decode_kindE1ELi8ELNS0_14table_locationE0ELNS0_11unpack_kindE0EEEEEvPKNS2_5codecIT_E12storage_typeESE_mNS0_12table_bundleEPd' for 'sm_90'
ptxas info    : Function properties for _ZN3aut17format_strategies14dot_map_reduceINS_7storage9bf16_e8m7ENS0_8strategyILNS0_11decode_kindE1ELi8ELNS0_14table_locationE0ELNS0_11unpack_kindE0EEEEEvPKNS2_5codecIT_E12storage_typeESE_mNS0_12table_bundleEPd
    0 bytes stack frame, 0 bytes spill stores, 0 bytes spill loads
ptxas info    : Used 61 registers, used 1 barriers, 80 bytes smem
ptxas info    : Compile time = 16.397 ms
ptxas info    : Compiling entry function '_ZN3aut17format_strategies12decode_codesINS_7storage9bf16_e8m7ENS0_8strategyILNS0_11decode_kindE1ELi8ELNS0_14table_locationE0ELNS0_11unpack_kindE0EEEEEvPKNS2_5codecIT_E12storage_typeEmNS0_12table_bundleEPd' for 'sm_90'
ptxas info    : Function properties for _ZN3aut17format_strategies12decode_codesINS_7storage9bf16_e8m7ENS0_8strategyILNS0_11decode_kindE1ELi8ELNS0_14table_locationE0ELNS0_11unpack_kindE0EEEEEvPKNS2_5codecIT_E12storage_typeEmNS0_12table_bundleEPd
    0 bytes stack frame, 0 bytes spill stores, 0 bytes spill loads
ptxas info    : Used 29 registers, used 0 barriers
ptxas info    : Compile time = 11.495 ms
ptxas info    : Compiling entry function '_ZN3aut17format_strategies4gemvINS_7storage9bf16_e8m7ENS0_8strategyILNS0_11decode_kindE1ELi4ELNS0_14table_locationE0ELNS0_11unpack_kindE0EEEEEvPKNS2_5codecIT_E12storage_typeESE_mmmNS0_12table_bundleEPd' for 'sm_90'
ptxas info    : Function properties for _ZN3aut17format_strategies4gemvINS_7storage9bf16_e8m7ENS0_8strategyILNS0_11decode_kindE1ELi4ELNS0_14table_locationE0ELNS0_11unpack_kindE0EEEEEvPKNS2_5codecIT_E12storage_typeESE_mmmNS0_12table_bundleEPd
    0 bytes stack frame, 0 bytes spill stores, 0 bytes spill loads
ptxas info    : Used 38 registers, used 1 barriers, 80 bytes smem
ptxas info    : Compile time = 11.232 ms
ptxas info    : Compiling entry function '_ZN3aut17format_strategies14dot_map_reduceINS_7storage9bf16_e8m7ENS0_8strategyILNS0_11decode_kindE1ELi4ELNS0_14table_locationE0ELNS0_11unpack_kindE0EEEEEvPKNS2_5codecIT_E12storage_typeESE_mNS0_12table_bundleEPd' for 'sm_90'
ptxas info    : Function properties for _ZN3aut17format_strategies14dot_map_reduceINS_7storage9bf16_e8m7ENS0_8strategyILNS0_11decode_kindE1ELi4ELNS0_14table_locationE0ELNS0_11unpack_kindE0EEEEEvPKNS2_5codecIT_E12storage_typeESE_mNS0_12table_bundleEPd
    0 bytes stack frame, 0 bytes spill stores, 0 bytes spill loads
ptxas info    : Used 40 registers, used 1 barriers, 80 bytes smem
ptxas info    : Compile time = 11.152 ms
ptxas info    : Compiling entry function '_ZN3aut17format_strategies12decode_codesINS_7storage9bf16_e8m7ENS0_8strategyILNS0_11decode_kindE1ELi4ELNS0_14table_locationE0ELNS0_11unpack_kindE0EEEEEvPKNS2_5codecIT_E12storage_typeEmNS0_12table_bundleEPd' for 'sm_90'
ptxas info    : Function properties for _ZN3aut17format_strategies12decode_codesINS_7storage9bf16_e8m7ENS0_8strategyILNS0_11decode_kindE1ELi4ELNS0_14table_locationE0ELNS0_11unpack_kindE0EEEEEvPKNS2_5codecIT_E12storage_typeEmNS0_12table_bundleEPd
    0 bytes stack frame, 0 bytes spill stores, 0 bytes spill loads
ptxas info    : Used 21 registers, used 0 barriers
ptxas info    : Compile time = 9.207 ms
ptxas info    : Compiling entry function '_ZN3aut17format_strategies4gemvINS_7storage9bf16_e8m7ENS0_8strategyILNS0_11decode_kindE1ELi1ELNS0_14table_locationE0ELNS0_11unpack_kindE0EEEEEvPKNS2_5codecIT_E12storage_typeESE_mmmNS0_12table_bundleEPd' for 'sm_90'
ptxas info    : Function properties for _ZN3aut17format_strategies4gemvINS_7storage9bf16_e8m7ENS0_8strategyILNS0_11decode_kindE1ELi1ELNS0_14table_locationE0ELNS0_11unpack_kindE0EEEEEvPKNS2_5codecIT_E12storage_typeESE_mmmNS0_12table_bundleEPd
    0 bytes stack frame, 0 bytes spill stores, 0 bytes spill loads
ptxas info    : Used 21 registers, used 1 barriers, 80 bytes smem
ptxas info    : Compile time = 7.119 ms
ptxas info    : Compiling entry function '_ZN3aut17format_strategies14dot_map_reduceINS_7storage9bf16_e8m7ENS0_8strategyILNS0_11decode_kindE1ELi1ELNS0_14table_locationE0ELNS0_11unpack_kindE0EEEEEvPKNS2_5codecIT_E12storage_typeESE_mNS0_12table_bundleEPd' for 'sm_90'
ptxas info    : Function properties for _ZN3aut17format_strategies14dot_map_reduceINS_7storage9bf16_e8m7ENS0_8strategyILNS0_11decode_kindE1ELi1ELNS0_14table_locationE0ELNS0_11unpack_kindE0EEEEEvPKNS2_5codecIT_E12storage_typeESE_mNS0_12table_bundleEPd
    0 bytes stack frame, 0 bytes spill stores, 0 bytes spill loads
ptxas info    : Used 28 registers, used 1 barriers, 80 bytes smem
ptxas info    : Compile time = 6.980 ms
ptxas info    : Compiling entry function '_ZN3aut17format_strategies12decode_codesINS_7storage9bf16_e8m7ENS0_8strategyILNS0_11decode_kindE1ELi1ELNS0_14table_locationE0ELNS0_11unpack_kindE0EEEEEvPKNS2_5codecIT_E12storage_typeEmNS0_12table_bundleEPd' for 'sm_90'
ptxas info    : Function properties for _ZN3aut17format_strategies12decode_codesINS_7storage9bf16_e8m7ENS0_8strategyILNS0_11decode_kindE1ELi1ELNS0_14table_locationE0ELNS0_11unpack_kindE0EEEEEvPKNS2_5codecIT_E12storage_typeEmNS0_12table_bundleEPd
    0 bytes stack frame, 0 bytes spill stores, 0 bytes spill loads
ptxas info    : Used 21 registers, used 0 barriers
ptxas info    : Compile time = 7.319 ms
ptxas info    : Compiling entry function '_ZN3aut17format_strategies4gemvINS_7storage9bf16_e8m7ENS0_8strategyILNS0_11decode_kindE11ELi8ELNS0_14table_locationE0ELNS0_11unpack_kindE0EEEEEvPKNS2_5codecIT_E12storage_typeESE_mmmNS0_12table_bundleEPd' for 'sm_90'
ptxas info    : Function properties for _ZN3aut17format_strategies4gemvINS_7storage9bf16_e8m7ENS0_8strategyILNS0_11decode_kindE11ELi8ELNS0_14table_locationE0ELNS0_11unpack_kindE0EEEEEvPKNS2_5codecIT_E12storage_typeESE_mmmNS0_12table_bundleEPd
    0 bytes stack frame, 0 bytes spill stores, 0 bytes spill loads
ptxas info    : Used 39 registers, used 1 barriers, 80 bytes smem
ptxas info    : Compile time = 5.605 ms
ptxas info    : Compiling entry function '_ZN3aut17format_strategies14dot_map_reduceINS_7storage9bf16_e8m7ENS0_8strategyILNS0_11decode_kindE11ELi8ELNS0_14table_locationE0ELNS0_11unpack_kindE0EEEEEvPKNS2_5codecIT_E12storage_typeESE_mNS0_12table_bundleEPd' for 'sm_90'
ptxas info    : Function properties for _ZN3aut17format_strategies14dot_map_reduceINS_7storage9bf16_e8m7ENS0_8strategyILNS0_11decode_kindE11ELi8ELNS0_14table_locationE0ELNS0_11unpack_kindE0EEEEEvPKNS2_5codecIT_E12storage_typeESE_mNS0_12table_bundleEPd
    0 bytes stack frame, 0 bytes spill stores, 0 bytes spill loads
ptxas info    : Used 40 registers, used 1 barriers, 80 bytes smem
ptxas info    : Compile time = 5.414 ms
ptxas info    : Compiling entry function '_ZN3aut17format_strategies12decode_codesINS_7storage9bf16_e8m7ENS0_8strategyILNS0_11decode_kindE11ELi8ELNS0_14table_locationE0ELNS0_11unpack_kindE0EEEEEvPKNS2_5codecIT_E12storage_typeEmNS0_12table_bundleEPd' for 'sm_90'
ptxas info    : Function properties for _ZN3aut17format_strategies12decode_codesINS_7storage9bf16_e8m7ENS0_8strategyILNS0_11decode_kindE11ELi8ELNS0_14table_locationE0ELNS0_11unpack_kindE0EEEEEvPKNS2_5codecIT_E12storage_typeEmNS0_12table_bundleEPd
    0 bytes stack frame, 0 bytes spill stores, 0 bytes spill loads
ptxas info    : Used 23 registers, used 0 barriers
ptxas info    : Compile time = 6.156 ms
ptxas info    : Compiling entry function '_ZN3aut17format_strategies4gemvINS_7storage9bf16_e8m7ENS0_8strategyILNS0_11decode_kindE11ELi4ELNS0_14table_locationE0ELNS0_11unpack_kindE0EEEEEvPKNS2_5codecIT_E12storage_typeESE_mmmNS0_12table_bundleEPd' for 'sm_90'
ptxas info    : Function properties for _ZN3aut17format_strategies4gemvINS_7storage9bf16_e8m7ENS0_8strategyILNS0_11decode_kindE11ELi4ELNS0_14table_locationE0ELNS0_11unpack_kindE0EEEEEvPKNS2_5codecIT_E12storage_typeESE_mmmNS0_12table_bundleEPd
    0 bytes stack frame, 0 bytes spill stores, 0 bytes spill loads
ptxas info    : Used 30 registers, used 1 barriers, 80 bytes smem
ptxas info    : Compile time = 4.972 ms
ptxas info    : Compiling entry function '_ZN3aut17format_strategies14dot_map_reduceINS_7storage9bf16_e8m7ENS0_8strategyILNS0_11decode_kindE11ELi4ELNS0_14table_locationE0ELNS0_11unpack_kindE0EEEEEvPKNS2_5codecIT_E12storage_typeESE_mNS0_12table_bundleEPd' for 'sm_90'
ptxas info    : Function properties for _ZN3aut17format_strategies14dot_map_reduceINS_7storage9bf16_e8m7ENS0_8strategyILNS0_11decode_kindE11ELi4ELNS0_14table_locationE0ELNS0_11unpack_kindE0EEEEEvPKNS2_5codecIT_E12storage_typeESE_mNS0_12table_bundleEPd
    0 bytes stack frame, 0 bytes spill stores, 0 bytes spill loads
ptxas info    : Used 30 registers, used 1 barriers, 80 bytes smem
ptxas info    : Compile time = 4.789 ms
ptxas info    : Compiling entry function '_ZN3aut17format_strategies12decode_codesINS_7storage9bf16_e8m7ENS0_8strategyILNS0_11decode_kindE11ELi4ELNS0_14table_locationE0ELNS0_11unpack_kindE0EEEEEvPKNS2_5codecIT_E12storage_typeEmNS0_12table_bundleEPd' for 'sm_90'
ptxas info    : Function properties for _ZN3aut17format_strategies12decode_codesINS_7storage9bf16_e8m7ENS0_8strategyILNS0_11decode_kindE11ELi4ELNS0_14table_locationE0ELNS0_11unpack_kindE0EEEEEvPKNS2_5codecIT_E12storage_typeEmNS0_12table_bundleEPd
    0 bytes stack frame, 0 bytes spill stores, 0 bytes spill loads
ptxas info    : Used 23 registers, used 0 barriers
ptxas info    : Compile time = 5.966 ms
ptxas info    : Compiling entry function '_ZN3aut17format_strategies4gemvINS_7storage9bf16_e8m7ENS0_8strategyILNS0_11decode_kindE11ELi2ELNS0_14table_locationE0ELNS0_11unpack_kindE0EEEEEvPKNS2_5codecIT_E12storage_typeESE_mmmNS0_12table_bundleEPd' for 'sm_90'
ptxas info    : Function properties for _ZN3aut17format_strategies4gemvINS_7storage9bf16_e8m7ENS0_8strategyILNS0_11decode_kindE11ELi2ELNS0_14table_locationE0ELNS0_11unpack_kindE0EEEEEvPKNS2_5codecIT_E12storage_typeESE_mmmNS0_12table_bundleEPd
    0 bytes stack frame, 0 bytes spill stores, 0 bytes spill loads
ptxas info    : Used 25 registers, used 1 barriers, 80 bytes smem
ptxas info    : Compile time = 4.620 ms
ptxas info    : Compiling entry function '_ZN3aut17format_strategies14dot_map_reduceINS_7storage9bf16_e8m7ENS0_8strategyILNS0_11decode_kindE11ELi2ELNS0_14table_locationE0ELNS0_11unpack_kindE0EEEEEvPKNS2_5codecIT_E12storage_typeESE_mNS0_12table_bundleEPd' for 'sm_90'
ptxas info    : Function properties for _ZN3aut17format_strategies14dot_map_reduceINS_7storage9bf16_e8m7ENS0_8strategyILNS0_11decode_kindE11ELi2ELNS0_14table_locationE0ELNS0_11unpack_kindE0EEEEEvPKNS2_5codecIT_E12storage_typeESE_mNS0_12table_bundleEPd
    0 bytes stack frame, 0 bytes spill stores, 0 bytes spill loads
ptxas info    : Used 27 registers, used 1 barriers, 80 bytes smem
ptxas info    : Compile time = 4.374 ms
ptxas info    : Compiling entry function '_ZN3aut17format_strategies12decode_codesINS_7storage9bf16_e8m7ENS0_8strategyILNS0_11decode_kindE11ELi2ELNS0_14table_locationE0ELNS0_11unpack_kindE0EEEEEvPKNS2_5codecIT_E12storage_typeEmNS0_12table_bundleEPd' for 'sm_90'
ptxas info    : Function properties for _ZN3aut17format_strategies12decode_codesINS_7storage9bf16_e8m7ENS0_8strategyILNS0_11decode_kindE11ELi2ELNS0_14table_locationE0ELNS0_11unpack_kindE0EEEEEvPKNS2_5codecIT_E12storage_typeEmNS0_12table_bundleEPd
    0 bytes stack frame, 0 bytes spill stores, 0 bytes spill loads
ptxas info    : Used 23 registers, used 0 barriers
ptxas info    : Compile time = 5.849 ms
ptxas info    : Compiling entry function '_ZN3aut17format_strategies4gemvINS_7storage9bf16_e8m7ENS0_8strategyILNS0_11decode_kindE10ELi1ELNS0_14table_locationE0ELNS0_11unpack_kindE0EEEEEvPKNS2_5codecIT_E12storage_typeESE_mmmNS0_12table_bundleEPd' for 'sm_90'
ptxas info    : Function properties for _ZN3aut17format_strategies4gemvINS_7storage9bf16_e8m7ENS0_8strategyILNS0_11decode_kindE10ELi1ELNS0_14table_locationE0ELNS0_11unpack_kindE0EEEEEvPKNS2_5codecIT_E12storage_typeESE_mmmNS0_12table_bundleEPd
    0 bytes stack frame, 0 bytes spill stores, 0 bytes spill loads
ptxas info    : Used 23 registers, used 1 barriers, 80 bytes smem
ptxas info    : Compile time = 4.284 ms
ptxas info    : Compiling entry function '_ZN3aut17format_strategies14dot_map_reduceINS_7storage9bf16_e8m7ENS0_8strategyILNS0_11decode_kindE10ELi1ELNS0_14table_locationE0ELNS0_11unpack_kindE0EEEEEvPKNS2_5codecIT_E12storage_typeESE_mNS0_12table_bundleEPd' for 'sm_90'
ptxas info    : Function properties for _ZN3aut17format_strategies14dot_map_reduceINS_7storage9bf16_e8m7ENS0_8strategyILNS0_11decode_kindE10ELi1ELNS0_14table_locationE0ELNS0_11unpack_kindE0EEEEEvPKNS2_5codecIT_E12storage_typeESE_mNS0_12table_bundleEPd
    0 bytes stack frame, 0 bytes spill stores, 0 bytes spill loads
ptxas info    : Used 26 registers, used 1 barriers, 80 bytes smem
ptxas info    : Compile time = 4.118 ms
ptxas info    : Compiling entry function '_ZN3aut17format_strategies12decode_codesINS_7storage9bf16_e8m7ENS0_8strategyILNS0_11decode_kindE10ELi1ELNS0_14table_locationE0ELNS0_11unpack_kindE0EEEEEvPKNS2_5codecIT_E12storage_typeEmNS0_12table_bundleEPd' for 'sm_90'
ptxas info    : Function properties for _ZN3aut17format_strategies12decode_codesINS_7storage9bf16_e8m7ENS0_8strategyILNS0_11decode_kindE10ELi1ELNS0_14table_locationE0ELNS0_11unpack_kindE0EEEEEvPKNS2_5codecIT_E12storage_typeEmNS0_12table_bundleEPd
    0 bytes stack frame, 0 bytes spill stores, 0 bytes spill loads
ptxas info    : Used 23 registers, used 0 barriers
ptxas info    : Compile time = 5.776 ms
ptxas info    : Compiling entry function '_ZN3aut17format_strategies4gemvINS_7storage9bf16_e8m7ENS0_8strategyILNS0_11decode_kindE9ELi1ELNS0_14table_locationE0ELNS0_11unpack_kindE0EEEEEvPKNS2_5codecIT_E12storage_typeESE_mmmNS0_12table_bundleEPd' for 'sm_90'
ptxas info    : Function properties for _ZN3aut17format_strategies4gemvINS_7storage9bf16_e8m7ENS0_8strategyILNS0_11decode_kindE9ELi1ELNS0_14table_locationE0ELNS0_11unpack_kindE0EEEEEvPKNS2_5codecIT_E12storage_typeESE_mmmNS0_12table_bundleEPd
    0 bytes stack frame, 0 bytes spill stores, 0 bytes spill loads
ptxas info    : Used 23 registers, used 1 barriers, 80 bytes smem
ptxas info    : Compile time = 4.294 ms
ptxas info    : Compiling entry function '_ZN3aut17format_strategies14dot_map_reduceINS_7storage9bf16_e8m7ENS0_8strategyILNS0_11decode_kindE9ELi1ELNS0_14table_locationE0ELNS0_11unpack_kindE0EEEEEvPKNS2_5codecIT_E12storage_typeESE_mNS0_12table_bundleEPd' for 'sm_90'
ptxas info    : Function properties for _ZN3aut17format_strategies14dot_map_reduceINS_7storage9bf16_e8m7ENS0_8strategyILNS0_11decode_kindE9ELi1ELNS0_14table_locationE0ELNS0_11unpack_kindE0EEEEEvPKNS2_5codecIT_E12storage_typeESE_mNS0_12table_bundleEPd
    0 bytes stack frame, 0 bytes spill stores, 0 bytes spill loads
ptxas info    : Used 26 registers, used 1 barriers, 80 bytes smem
ptxas info    : Compile time = 4.110 ms
ptxas info    : Compiling entry function '_ZN3aut17format_strategies12decode_codesINS_7storage9bf16_e8m7ENS0_8strategyILNS0_11decode_kindE9ELi1ELNS0_14table_locationE0ELNS0_11unpack_kindE0EEEEEvPKNS2_5codecIT_E12storage_typeEmNS0_12table_bundleEPd' for 'sm_90'
ptxas info    : Function properties for _ZN3aut17format_strategies12decode_codesINS_7storage9bf16_e8m7ENS0_8strategyILNS0_11decode_kindE9ELi1ELNS0_14table_locationE0ELNS0_11unpack_kindE0EEEEEvPKNS2_5codecIT_E12storage_typeEmNS0_12table_bundleEPd
    0 bytes stack frame, 0 bytes spill stores, 0 bytes spill loads
ptxas info    : Used 23 registers, used 0 barriers
ptxas info    : Compile time = 5.799 ms
ptxas info    : Compiling entry function '_ZN3aut17format_strategies4gemvINS_7storage9bf16_e8m7ENS0_8strategyILNS0_11decode_kindE0ELi1ELNS0_14table_locationE0ELNS0_11unpack_kindE0EEEEEvPKNS2_5codecIT_E12storage_typeESE_mmmNS0_12table_bundleEPd' for 'sm_90'
ptxas info    : Function properties for _ZN3aut17format_strategies4gemvINS_7storage9bf16_e8m7ENS0_8strategyILNS0_11decode_kindE0ELi1ELNS0_14table_locationE0ELNS0_11unpack_kindE0EEEEEvPKNS2_5codecIT_E12storage_typeESE_mmmNS0_12table_bundleEPd
    0 bytes stack frame, 0 bytes spill stores, 0 bytes spill loads
ptxas info    : Used 23 registers, used 1 barriers, 80 bytes smem
ptxas info    : Compile time = 4.286 ms
ptxas info    : Compiling entry function '_ZN3aut17format_strategies14dot_map_reduceINS_7storage9bf16_e8m7ENS0_8strategyILNS0_11decode_kindE0ELi1ELNS0_14table_locationE0ELNS0_11unpack_kindE0EEEEEvPKNS2_5codecIT_E12storage_typeESE_mNS0_12table_bundleEPd' for 'sm_90'
ptxas info    : Function properties for _ZN3aut17format_strategies14dot_map_reduceINS_7storage9bf16_e8m7ENS0_8strategyILNS0_11decode_kindE0ELi1ELNS0_14table_locationE0ELNS0_11unpack_kindE0EEEEEvPKNS2_5codecIT_E12storage_typeESE_mNS0_12table_bundleEPd
    0 bytes stack frame, 0 bytes spill stores, 0 bytes spill loads
ptxas info    : Used 26 registers, used 1 barriers, 80 bytes smem
ptxas info    : Compile time = 4.115 ms
ptxas info    : Compiling entry function '_ZN3aut17format_strategies12decode_codesINS_7storage9bf16_e8m7ENS0_8strategyILNS0_11decode_kindE0ELi1ELNS0_14table_locationE0ELNS0_11unpack_kindE0EEEEEvPKNS2_5codecIT_E12storage_typeEmNS0_12table_bundleEPd' for 'sm_90'
ptxas info    : Function properties for _ZN3aut17format_strategies12decode_codesINS_7storage9bf16_e8m7ENS0_8strategyILNS0_11decode_kindE0ELi1ELNS0_14table_locationE0ELNS0_11unpack_kindE0EEEEEvPKNS2_5codecIT_E12storage_typeEmNS0_12table_bundleEPd
    0 bytes stack frame, 0 bytes spill stores, 0 bytes spill loads
ptxas info    : Used 23 registers, used 0 barriers
ptxas info    : Compile time = 5.807 ms
ptxas info    : Compiling entry function '_ZN3aut17format_strategies4gemvINS_7storage10fp16_e5m10ENS0_8strategyILNS0_11decode_kindE7ELi8ELNS0_14table_locationE1ELNS0_11unpack_kindE0EEEEEvPKNS2_5codecIT_E12storage_typeESE_mmmNS0_12table_bundleEPd' for 'sm_90'
ptxas info    : Function properties for _ZN3aut17format_strategies4gemvINS_7storage10fp16_e5m10ENS0_8strategyILNS0_11decode_kindE7ELi8ELNS0_14table_locationE1ELNS0_11unpack_kindE0EEEEEvPKNS2_5codecIT_E12storage_typeESE_mmmNS0_12table_bundleEPd
    0 bytes stack frame, 0 bytes spill stores, 0 bytes spill loads
ptxas info    : Used 44 registers, used 1 barriers, 80 bytes smem
ptxas info    : Compile time = 12.541 ms
ptxas info    : Compiling entry function '_ZN3aut17format_strategies14dot_map_reduceINS_7storage10fp16_e5m10ENS0_8strategyILNS0_11decode_kindE7ELi8ELNS0_14table_locationE1ELNS0_11unpack_kindE0EEEEEvPKNS2_5codecIT_E12storage_typeESE_mNS0_12table_bundleEPd' for 'sm_90'
ptxas info    : Function properties for _ZN3aut17format_strategies14dot_map_reduceINS_7storage10fp16_e5m10ENS0_8strategyILNS0_11decode_kindE7ELi8ELNS0_14table_locationE1ELNS0_11unpack_kindE0EEEEEvPKNS2_5codecIT_E12storage_typeESE_mNS0_12table_bundleEPd
    0 bytes stack frame, 0 bytes spill stores, 0 bytes spill loads
ptxas info    : Used 48 registers, used 1 barriers, 80 bytes smem
ptxas info    : Compile time = 12.255 ms
ptxas info    : Compiling entry function '_ZN3aut17format_strategies12decode_codesINS_7storage10fp16_e5m10ENS0_8strategyILNS0_11decode_kindE7ELi8ELNS0_14table_locationE1ELNS0_11unpack_kindE0EEEEEvPKNS2_5codecIT_E12storage_typeEmNS0_12table_bundleEPd' for 'sm_90'
ptxas info    : Function properties for _ZN3aut17format_strategies12decode_codesINS_7storage10fp16_e5m10ENS0_8strategyILNS0_11decode_kindE7ELi8ELNS0_14table_locationE1ELNS0_11unpack_kindE0EEEEEvPKNS2_5codecIT_E12storage_typeEmNS0_12table_bundleEPd
    0 bytes stack frame, 0 bytes spill stores, 0 bytes spill loads
ptxas info    : Used 24 registers, used 1 barriers
ptxas info    : Compile time = 8.741 ms
ptxas info    : Compiling entry function '_ZN3aut17format_strategies4gemvINS_7storage10fp16_e5m10ENS0_8strategyILNS0_11decode_kindE7ELi8ELNS0_14table_locationE0ELNS0_11unpack_kindE0EEEEEvPKNS2_5codecIT_E12storage_typeESE_mmmNS0_12table_bundleEPd' for 'sm_90'
ptxas info    : Function properties for _ZN3aut17format_strategies4gemvINS_7storage10fp16_e5m10ENS0_8strategyILNS0_11decode_kindE7ELi8ELNS0_14table_locationE0ELNS0_11unpack_kindE0EEEEEvPKNS2_5codecIT_E12storage_typeESE_mmmNS0_12table_bundleEPd
    0 bytes stack frame, 0 bytes spill stores, 0 bytes spill loads
ptxas info    : Used 48 registers, used 1 barriers, 80 bytes smem
ptxas info    : Compile time = 11.261 ms
ptxas info    : Compiling entry function '_ZN3aut17format_strategies14dot_map_reduceINS_7storage10fp16_e5m10ENS0_8strategyILNS0_11decode_kindE7ELi8ELNS0_14table_locationE0ELNS0_11unpack_kindE0EEEEEvPKNS2_5codecIT_E12storage_typeESE_mNS0_12table_bundleEPd' for 'sm_90'
ptxas info    : Function properties for _ZN3aut17format_strategies14dot_map_reduceINS_7storage10fp16_e5m10ENS0_8strategyILNS0_11decode_kindE7ELi8ELNS0_14table_locationE0ELNS0_11unpack_kindE0EEEEEvPKNS2_5codecIT_E12storage_typeESE_mNS0_12table_bundleEPd
    0 bytes stack frame, 0 bytes spill stores, 0 bytes spill loads
ptxas info    : Used 46 registers, used 1 barriers, 80 bytes smem
ptxas info    : Compile time = 11.258 ms
ptxas info    : Compiling entry function '_ZN3aut17format_strategies12decode_codesINS_7storage10fp16_e5m10ENS0_8strategyILNS0_11decode_kindE7ELi8ELNS0_14table_locationE0ELNS0_11unpack_kindE0EEEEEvPKNS2_5codecIT_E12storage_typeEmNS0_12table_bundleEPd' for 'sm_90'
ptxas info    : Function properties for _ZN3aut17format_strategies12decode_codesINS_7storage10fp16_e5m10ENS0_8strategyILNS0_11decode_kindE7ELi8ELNS0_14table_locationE0ELNS0_11unpack_kindE0EEEEEvPKNS2_5codecIT_E12storage_typeEmNS0_12table_bundleEPd
    0 bytes stack frame, 0 bytes spill stores, 0 bytes spill loads
ptxas info    : Used 24 registers, used 0 barriers
ptxas info    : Compile time = 7.818 ms
ptxas info    : Compiling entry function '_ZN3aut17format_strategies4gemvINS_7storage10fp16_e5m10ENS0_8strategyILNS0_11decode_kindE6ELi8ELNS0_14table_locationE0ELNS0_11unpack_kindE0EEEEEvPKNS2_5codecIT_E12storage_typeESE_mmmNS0_12table_bundleEPd' for 'sm_90'
ptxas info    : Function properties for _ZN3aut17format_strategies4gemvINS_7storage10fp16_e5m10ENS0_8strategyILNS0_11decode_kindE6ELi8ELNS0_14table_locationE0ELNS0_11unpack_kindE0EEEEEvPKNS2_5codecIT_E12storage_typeESE_mmmNS0_12table_bundleEPd
    0 bytes stack frame, 0 bytes spill stores, 0 bytes spill loads
ptxas info    : Used 48 registers, used 1 barriers, 80 bytes smem
ptxas info    : Compile time = 6.734 ms
ptxas info    : Compiling entry function '_ZN3aut17format_strategies14dot_map_reduceINS_7storage10fp16_e5m10ENS0_8strategyILNS0_11decode_kindE6ELi8ELNS0_14table_locationE0ELNS0_11unpack_kindE0EEEEEvPKNS2_5codecIT_E12storage_typeESE_mNS0_12table_bundleEPd' for 'sm_90'
ptxas info    : Function properties for _ZN3aut17format_strategies14dot_map_reduceINS_7storage10fp16_e5m10ENS0_8strategyILNS0_11decode_kindE6ELi8ELNS0_14table_locationE0ELNS0_11unpack_kindE0EEEEEvPKNS2_5codecIT_E12storage_typeESE_mNS0_12table_bundleEPd
    0 bytes stack frame, 0 bytes spill stores, 0 bytes spill loads
ptxas info    : Used 44 registers, used 1 barriers, 80 bytes smem
ptxas info    : Compile time = 6.695 ms
ptxas info    : Compiling entry function '_ZN3aut17format_strategies12decode_codesINS_7storage10fp16_e5m10ENS0_8strategyILNS0_11decode_kindE6ELi8ELNS0_14table_locationE0ELNS0_11unpack_kindE0EEEEEvPKNS2_5codecIT_E12storage_typeEmNS0_12table_bundleEPd' for 'sm_90'
ptxas info    : Function properties for _ZN3aut17format_strategies12decode_codesINS_7storage10fp16_e5m10ENS0_8strategyILNS0_11decode_kindE6ELi8ELNS0_14table_locationE0ELNS0_11unpack_kindE0EEEEEvPKNS2_5codecIT_E12storage_typeEmNS0_12table_bundleEPd
    0 bytes stack frame, 0 bytes spill stores, 0 bytes spill loads
ptxas info    : Used 24 registers, used 0 barriers
ptxas info    : Compile time = 7.538 ms
ptxas info    : Compiling entry function '_ZN3aut17format_strategies4gemvINS_7storage10fp16_e5m10ENS0_8strategyILNS0_11decode_kindE6ELi4ELNS0_14table_locationE0ELNS0_11unpack_kindE0EEEEEvPKNS2_5codecIT_E12storage_typeESE_mmmNS0_12table_bundleEPd' for 'sm_90'
ptxas info    : Function properties for _ZN3aut17format_strategies4gemvINS_7storage10fp16_e5m10ENS0_8strategyILNS0_11decode_kindE6ELi4ELNS0_14table_locationE0ELNS0_11unpack_kindE0EEEEEvPKNS2_5codecIT_E12storage_typeESE_mmmNS0_12table_bundleEPd
    0 bytes stack frame, 0 bytes spill stores, 0 bytes spill loads
ptxas info    : Used 32 registers, used 1 barriers, 80 bytes smem
ptxas info    : Compile time = 5.580 ms
ptxas info    : Compiling entry function '_ZN3aut17format_strategies14dot_map_reduceINS_7storage10fp16_e5m10ENS0_8strategyILNS0_11decode_kindE6ELi4ELNS0_14table_locationE0ELNS0_11unpack_kindE0EEEEEvPKNS2_5codecIT_E12storage_typeESE_mNS0_12table_bundleEPd' for 'sm_90'
ptxas info    : Function properties for _ZN3aut17format_strategies14dot_map_reduceINS_7storage10fp16_e5m10ENS0_8strategyILNS0_11decode_kindE6ELi4ELNS0_14table_locationE0ELNS0_11unpack_kindE0EEEEEvPKNS2_5codecIT_E12storage_typeESE_mNS0_12table_bundleEPd
    0 bytes stack frame, 0 bytes spill stores, 0 bytes spill loads
ptxas info    : Used 34 registers, used 1 barriers, 80 bytes smem
ptxas info    : Compile time = 5.597 ms
ptxas info    : Compiling entry function '_ZN3aut17format_strategies12decode_codesINS_7storage10fp16_e5m10ENS0_8strategyILNS0_11decode_kindE6ELi4ELNS0_14table_locationE0ELNS0_11unpack_kindE0EEEEEvPKNS2_5codecIT_E12storage_typeEmNS0_12table_bundleEPd' for 'sm_90'
ptxas info    : Function properties for _ZN3aut17format_strategies12decode_codesINS_7storage10fp16_e5m10ENS0_8strategyILNS0_11decode_kindE6ELi4ELNS0_14table_locationE0ELNS0_11unpack_kindE0EEEEEvPKNS2_5codecIT_E12storage_typeEmNS0_12table_bundleEPd
    0 bytes stack frame, 0 bytes spill stores, 0 bytes spill loads
ptxas info    : Used 22 registers, used 0 barriers
ptxas info    : Compile time = 7.119 ms
ptxas info    : Compiling entry function '_ZN3aut17format_strategies4gemvINS_7storage10fp16_e5m10ENS0_8strategyILNS0_11decode_kindE6ELi1ELNS0_14table_locationE0ELNS0_11unpack_kindE0EEEEEvPKNS2_5codecIT_E12storage_typeESE_mmmNS0_12table_bundleEPd' for 'sm_90'
ptxas info    : Function properties for _ZN3aut17format_strategies4gemvINS_7storage10fp16_e5m10ENS0_8strategyILNS0_11decode_kindE6ELi1ELNS0_14table_locationE0ELNS0_11unpack_kindE0EEEEEvPKNS2_5codecIT_E12storage_typeESE_mmmNS0_12table_bundleEPd
    0 bytes stack frame, 0 bytes spill stores, 0 bytes spill loads
ptxas info    : Used 24 registers, used 1 barriers, 80 bytes smem
ptxas info    : Compile time = 4.382 ms
ptxas info    : Compiling entry function '_ZN3aut17format_strategies14dot_map_reduceINS_7storage10fp16_e5m10ENS0_8strategyILNS0_11decode_kindE6ELi1ELNS0_14table_locationE0ELNS0_11unpack_kindE0EEEEEvPKNS2_5codecIT_E12storage_typeESE_mNS0_12table_bundleEPd' for 'sm_90'
ptxas info    : Function properties for _ZN3aut17format_strategies14dot_map_reduceINS_7storage10fp16_e5m10ENS0_8strategyILNS0_11decode_kindE6ELi1ELNS0_14table_locationE0ELNS0_11unpack_kindE0EEEEEvPKNS2_5codecIT_E12storage_typeESE_mNS0_12table_bundleEPd
    0 bytes stack frame, 0 bytes spill stores, 0 bytes spill loads
ptxas info    : Used 26 registers, used 1 barriers, 80 bytes smem
ptxas info    : Compile time = 4.326 ms
ptxas info    : Compiling entry function '_ZN3aut17format_strategies12decode_codesINS_7storage10fp16_e5m10ENS0_8strategyILNS0_11decode_kindE6ELi1ELNS0_14table_locationE0ELNS0_11unpack_kindE0EEEEEvPKNS2_5codecIT_E12storage_typeEmNS0_12table_bundleEPd' for 'sm_90'
ptxas info    : Function properties for _ZN3aut17format_strategies12decode_codesINS_7storage10fp16_e5m10ENS0_8strategyILNS0_11decode_kindE6ELi1ELNS0_14table_locationE0ELNS0_11unpack_kindE0EEEEEvPKNS2_5codecIT_E12storage_typeEmNS0_12table_bundleEPd
    0 bytes stack frame, 0 bytes spill stores, 0 bytes spill loads
ptxas info    : Used 22 registers, used 0 barriers
ptxas info    : Compile time = 6.731 ms
ptxas info    : Compiling entry function '_ZN3aut17format_strategies4gemvINS_7storage10fp16_e5m10ENS0_8strategyILNS0_11decode_kindE3ELi8ELNS0_14table_locationE0ELNS0_11unpack_kindE0EEEEEvPKNS2_5codecIT_E12storage_typeESE_mmmNS0_12table_bundleEPd' for 'sm_90'
ptxas info    : Function properties for _ZN3aut17format_strategies4gemvINS_7storage10fp16_e5m10ENS0_8strategyILNS0_11decode_kindE3ELi8ELNS0_14table_locationE0ELNS0_11unpack_kindE0EEEEEvPKNS2_5codecIT_E12storage_typeESE_mmmNS0_12table_bundleEPd
    0 bytes stack frame, 0 bytes spill stores, 0 bytes spill loads
ptxas info    : Used 48 registers, used 1 barriers, 80 bytes smem
ptxas info    : Compile time = 14.483 ms
ptxas info    : Compiling entry function '_ZN3aut17format_strategies14dot_map_reduceINS_7storage10fp16_e5m10ENS0_8strategyILNS0_11decode_kindE3ELi8ELNS0_14table_locationE0ELNS0_11unpack_kindE0EEEEEvPKNS2_5codecIT_E12storage_typeESE_mNS0_12table_bundleEPd' for 'sm_90'
ptxas info    : Function properties for _ZN3aut17format_strategies14dot_map_reduceINS_7storage10fp16_e5m10ENS0_8strategyILNS0_11decode_kindE3ELi8ELNS0_14table_locationE0ELNS0_11unpack_kindE0EEEEEvPKNS2_5codecIT_E12storage_typeESE_mNS0_12table_bundleEPd
    0 bytes stack frame, 0 bytes spill stores, 0 bytes spill loads
ptxas info    : Used 56 registers, used 1 barriers, 80 bytes smem
ptxas info    : Compile time = 14.375 ms
ptxas info    : Compiling entry function '_ZN3aut17format_strategies12decode_codesINS_7storage10fp16_e5m10ENS0_8strategyILNS0_11decode_kindE3ELi8ELNS0_14table_locationE0ELNS0_11unpack_kindE0EEEEEvPKNS2_5codecIT_E12storage_typeEmNS0_12table_bundleEPd' for 'sm_90'
ptxas info    : Function properties for _ZN3aut17format_strategies12decode_codesINS_7storage10fp16_e5m10ENS0_8strategyILNS0_11decode_kindE3ELi8ELNS0_14table_locationE0ELNS0_11unpack_kindE0EEEEEvPKNS2_5codecIT_E12storage_typeEmNS0_12table_bundleEPd
    0 bytes stack frame, 0 bytes spill stores, 0 bytes spill loads
ptxas info    : Used 28 registers, used 0 barriers
ptxas info    : Compile time = 9.893 ms
ptxas info    : Compiling entry function '_ZN3aut17format_strategies4gemvINS_7storage10fp16_e5m10ENS0_8strategyILNS0_11decode_kindE3ELi4ELNS0_14table_locationE0ELNS0_11unpack_kindE0EEEEEvPKNS2_5codecIT_E12storage_typeESE_mmmNS0_12table_bundleEPd' for 'sm_90'
ptxas info    : Function properties for _ZN3aut17format_strategies4gemvINS_7storage10fp16_e5m10ENS0_8strategyILNS0_11decode_kindE3ELi4ELNS0_14table_locationE0ELNS0_11unpack_kindE0EEEEEvPKNS2_5codecIT_E12storage_typeESE_mmmNS0_12table_bundleEPd
    0 bytes stack frame, 0 bytes spill stores, 0 bytes spill loads
ptxas info    : Used 31 registers, used 1 barriers, 80 bytes smem
ptxas info    : Compile time = 9.875 ms
ptxas info    : Compiling entry function '_ZN3aut17format_strategies14dot_map_reduceINS_7storage10fp16_e5m10ENS0_8strategyILNS0_11decode_kindE3ELi4ELNS0_14table_locationE0ELNS0_11unpack_kindE0EEEEEvPKNS2_5codecIT_E12storage_typeESE_mNS0_12table_bundleEPd' for 'sm_90'
ptxas info    : Function properties for _ZN3aut17format_strategies14dot_map_reduceINS_7storage10fp16_e5m10ENS0_8strategyILNS0_11decode_kindE3ELi4ELNS0_14table_locationE0ELNS0_11unpack_kindE0EEEEEvPKNS2_5codecIT_E12storage_typeESE_mNS0_12table_bundleEPd
    0 bytes stack frame, 0 bytes spill stores, 0 bytes spill loads
ptxas info    : Used 32 registers, used 1 barriers, 80 bytes smem
ptxas info    : Compile time = 9.730 ms
ptxas info    : Compiling entry function '_ZN3aut17format_strategies12decode_codesINS_7storage10fp16_e5m10ENS0_8strategyILNS0_11decode_kindE3ELi4ELNS0_14table_locationE0ELNS0_11unpack_kindE0EEEEEvPKNS2_5codecIT_E12storage_typeEmNS0_12table_bundleEPd' for 'sm_90'
ptxas info    : Function properties for _ZN3aut17format_strategies12decode_codesINS_7storage10fp16_e5m10ENS0_8strategyILNS0_11decode_kindE3ELi4ELNS0_14table_locationE0ELNS0_11unpack_kindE0EEEEEvPKNS2_5codecIT_E12storage_typeEmNS0_12table_bundleEPd
    0 bytes stack frame, 0 bytes spill stores, 0 bytes spill loads
ptxas info    : Used 20 registers, used 0 barriers
ptxas info    : Compile time = 8.006 ms
ptxas info    : Compiling entry function '_ZN3aut17format_strategies4gemvINS_7storage10fp16_e5m10ENS0_8strategyILNS0_11decode_kindE3ELi1ELNS0_14table_locationE0ELNS0_11unpack_kindE0EEEEEvPKNS2_5codecIT_E12storage_typeESE_mmmNS0_12table_bundleEPd' for 'sm_90'
ptxas info    : Function properties for _ZN3aut17format_strategies4gemvINS_7storage10fp16_e5m10ENS0_8strategyILNS0_11decode_kindE3ELi1ELNS0_14table_locationE0ELNS0_11unpack_kindE0EEEEEvPKNS2_5codecIT_E12storage_typeESE_mmmNS0_12table_bundleEPd
    0 bytes stack frame, 0 bytes spill stores, 0 bytes spill loads
ptxas info    : Used 20 registers, used 1 barriers, 80 bytes smem
ptxas info    : Compile time = 6.520 ms
ptxas info    : Compiling entry function '_ZN3aut17format_strategies14dot_map_reduceINS_7storage10fp16_e5m10ENS0_8strategyILNS0_11decode_kindE3ELi1ELNS0_14table_locationE0ELNS0_11unpack_kindE0EEEEEvPKNS2_5codecIT_E12storage_typeESE_mNS0_12table_bundleEPd' for 'sm_90'
ptxas info    : Function properties for _ZN3aut17format_strategies14dot_map_reduceINS_7storage10fp16_e5m10ENS0_8strategyILNS0_11decode_kindE3ELi1ELNS0_14table_locationE0ELNS0_11unpack_kindE0EEEEEvPKNS2_5codecIT_E12storage_typeESE_mNS0_12table_bundleEPd
    0 bytes stack frame, 0 bytes spill stores, 0 bytes spill loads
ptxas info    : Used 24 registers, used 1 barriers, 80 bytes smem
ptxas info    : Compile time = 6.356 ms
ptxas info    : Compiling entry function '_ZN3aut17format_strategies12decode_codesINS_7storage10fp16_e5m10ENS0_8strategyILNS0_11decode_kindE3ELi1ELNS0_14table_locationE0ELNS0_11unpack_kindE0EEEEEvPKNS2_5codecIT_E12storage_typeEmNS0_12table_bundleEPd' for 'sm_90'
ptxas info    : Function properties for _ZN3aut17format_strategies12decode_codesINS_7storage10fp16_e5m10ENS0_8strategyILNS0_11decode_kindE3ELi1ELNS0_14table_locationE0ELNS0_11unpack_kindE0EEEEEvPKNS2_5codecIT_E12storage_typeEmNS0_12table_bundleEPd
    0 bytes stack frame, 0 bytes spill stores, 0 bytes spill loads
ptxas info    : Used 18 registers, used 0 barriers
ptxas info    : Compile time = 6.436 ms
ptxas info    : Compiling entry function '_ZN3aut17format_strategies4gemvINS_7storage10fp16_e5m10ENS0_8strategyILNS0_11decode_kindE2ELi8ELNS0_14table_locationE0ELNS0_11unpack_kindE0EEEEEvPKNS2_5codecIT_E12storage_typeESE_mmmNS0_12table_bundleEPd' for 'sm_90'
ptxas info    : Function properties for _ZN3aut17format_strategies4gemvINS_7storage10fp16_e5m10ENS0_8strategyILNS0_11decode_kindE2ELi8ELNS0_14table_locationE0ELNS0_11unpack_kindE0EEEEEvPKNS2_5codecIT_E12storage_typeESE_mmmNS0_12table_bundleEPd
    0 bytes stack frame, 0 bytes spill stores, 0 bytes spill loads
ptxas info    : Used 48 registers, used 1 barriers, 80 bytes smem
ptxas info    : Compile time = 18.332 ms
ptxas info    : Compiling entry function '_ZN3aut17format_strategies14dot_map_reduceINS_7storage10fp16_e5m10ENS0_8strategyILNS0_11decode_kindE2ELi8ELNS0_14table_locationE0ELNS0_11unpack_kindE0EEEEEvPKNS2_5codecIT_E12storage_typeESE_mNS0_12table_bundleEPd' for 'sm_90'
ptxas info    : Function properties for _ZN3aut17format_strategies14dot_map_reduceINS_7storage10fp16_e5m10ENS0_8strategyILNS0_11decode_kindE2ELi8ELNS0_14table_locationE0ELNS0_11unpack_kindE0EEEEEvPKNS2_5codecIT_E12storage_typeESE_mNS0_12table_bundleEPd
    0 bytes stack frame, 0 bytes spill stores, 0 bytes spill loads
ptxas info    : Used 68 registers, used 1 barriers, 80 bytes smem
ptxas info    : Compile time = 18.485 ms
ptxas info    : Compiling entry function '_ZN3aut17format_strategies12decode_codesINS_7storage10fp16_e5m10ENS0_8strategyILNS0_11decode_kindE2ELi8ELNS0_14table_locationE0ELNS0_11unpack_kindE0EEEEEvPKNS2_5codecIT_E12storage_typeEmNS0_12table_bundleEPd' for 'sm_90'
ptxas info    : Function properties for _ZN3aut17format_strategies12decode_codesINS_7storage10fp16_e5m10ENS0_8strategyILNS0_11decode_kindE2ELi8ELNS0_14table_locationE0ELNS0_11unpack_kindE0EEEEEvPKNS2_5codecIT_E12storage_typeEmNS0_12table_bundleEPd
    0 bytes stack frame, 0 bytes spill stores, 0 bytes spill loads
ptxas info    : Used 30 registers, used 0 barriers
ptxas info    : Compile time = 11.782 ms
ptxas info    : Compiling entry function '_ZN3aut17format_strategies4gemvINS_7storage10fp16_e5m10ENS0_8strategyILNS0_11decode_kindE2ELi4ELNS0_14table_locationE0ELNS0_11unpack_kindE0EEEEEvPKNS2_5codecIT_E12storage_typeESE_mmmNS0_12table_bundleEPd' for 'sm_90'
ptxas info    : Function properties for _ZN3aut17format_strategies4gemvINS_7storage10fp16_e5m10ENS0_8strategyILNS0_11decode_kindE2ELi4ELNS0_14table_locationE0ELNS0_11unpack_kindE0EEEEEvPKNS2_5codecIT_E12storage_typeESE_mmmNS0_12table_bundleEPd
    0 bytes stack frame, 0 bytes spill stores, 0 bytes spill loads
ptxas info    : Used 32 registers, used 1 barriers, 80 bytes smem
ptxas info    : Compile time = 11.340 ms
ptxas info    : Compiling entry function '_ZN3aut17format_strategies14dot_map_reduceINS_7storage10fp16_e5m10ENS0_8strategyILNS0_11decode_kindE2ELi4ELNS0_14table_locationE0ELNS0_11unpack_kindE0EEEEEvPKNS2_5codecIT_E12storage_typeESE_mNS0_12table_bundleEPd' for 'sm_90'
ptxas info    : Function properties for _ZN3aut17format_strategies14dot_map_reduceINS_7storage10fp16_e5m10ENS0_8strategyILNS0_11decode_kindE2ELi4ELNS0_14table_locationE0ELNS0_11unpack_kindE0EEEEEvPKNS2_5codecIT_E12storage_typeESE_mNS0_12table_bundleEPd
    0 bytes stack frame, 0 bytes spill stores, 0 bytes spill loads
ptxas info    : Used 44 registers, used 1 barriers, 80 bytes smem
ptxas info    : Compile time = 11.914 ms
ptxas info    : Compiling entry function '_ZN3aut17format_strategies12decode_codesINS_7storage10fp16_e5m10ENS0_8strategyILNS0_11decode_kindE2ELi4ELNS0_14table_locationE0ELNS0_11unpack_kindE0EEEEEvPKNS2_5codecIT_E12storage_typeEmNS0_12table_bundleEPd' for 'sm_90'
ptxas info    : Function properties for _ZN3aut17format_strategies12decode_codesINS_7storage10fp16_e5m10ENS0_8strategyILNS0_11decode_kindE2ELi4ELNS0_14table_locationE0ELNS0_11unpack_kindE0EEEEEvPKNS2_5codecIT_E12storage_typeEmNS0_12table_bundleEPd
    0 bytes stack frame, 0 bytes spill stores, 0 bytes spill loads
ptxas info    : Used 32 registers, used 0 barriers
ptxas info    : Compile time = 9.285 ms
ptxas info    : Compiling entry function '_ZN3aut17format_strategies4gemvINS_7storage10fp16_e5m10ENS0_8strategyILNS0_11decode_kindE2ELi1ELNS0_14table_locationE0ELNS0_11unpack_kindE0EEEEEvPKNS2_5codecIT_E12storage_typeESE_mmmNS0_12table_bundleEPd' for 'sm_90'
ptxas info    : Function properties for _ZN3aut17format_strategies4gemvINS_7storage10fp16_e5m10ENS0_8strategyILNS0_11decode_kindE2ELi1ELNS0_14table_locationE0ELNS0_11unpack_kindE0EEEEEvPKNS2_5codecIT_E12storage_typeESE_mmmNS0_12table_bundleEPd
    0 bytes stack frame, 0 bytes spill stores, 0 bytes spill loads
ptxas info    : Used 26 registers, used 1 barriers, 80 bytes smem
ptxas info    : Compile time = 7.059 ms
ptxas info    : Compiling entry function '_ZN3aut17format_strategies14dot_map_reduceINS_7storage10fp16_e5m10ENS0_8strategyILNS0_11decode_kindE2ELi1ELNS0_14table_locationE0ELNS0_11unpack_kindE0EEEEEvPKNS2_5codecIT_E12storage_typeESE_mNS0_12table_bundleEPd' for 'sm_90'
ptxas info    : Function properties for _ZN3aut17format_strategies14dot_map_reduceINS_7storage10fp16_e5m10ENS0_8strategyILNS0_11decode_kindE2ELi1ELNS0_14table_locationE0ELNS0_11unpack_kindE0EEEEEvPKNS2_5codecIT_E12storage_typeESE_mNS0_12table_bundleEPd
    0 bytes stack frame, 0 bytes spill stores, 0 bytes spill loads
ptxas info    : Used 28 registers, used 1 barriers, 80 bytes smem
ptxas info    : Compile time = 6.900 ms
ptxas info    : Compiling entry function '_ZN3aut17format_strategies12decode_codesINS_7storage10fp16_e5m10ENS0_8strategyILNS0_11decode_kindE2ELi1ELNS0_14table_locationE0ELNS0_11unpack_kindE0EEEEEvPKNS2_5codecIT_E12storage_typeEmNS0_12table_bundleEPd' for 'sm_90'
ptxas info    : Function properties for _ZN3aut17format_strategies12decode_codesINS_7storage10fp16_e5m10ENS0_8strategyILNS0_11decode_kindE2ELi1ELNS0_14table_locationE0ELNS0_11unpack_kindE0EEEEEvPKNS2_5codecIT_E12storage_typeEmNS0_12table_bundleEPd
    0 bytes stack frame, 0 bytes spill stores, 0 bytes spill loads
ptxas info    : Used 23 registers, used 0 barriers
ptxas info    : Compile time = 7.351 ms
ptxas info    : Compiling entry function '_ZN3aut17format_strategies4gemvINS_7storage10fp16_e5m10ENS0_8strategyILNS0_11decode_kindE1ELi8ELNS0_14table_locationE0ELNS0_11unpack_kindE0EEEEEvPKNS2_5codecIT_E12storage_typeESE_mmmNS0_12table_bundleEPd' for 'sm_90'
ptxas info    : Function properties for _ZN3aut17format_strategies4gemvINS_7storage10fp16_e5m10ENS0_8strategyILNS0_11decode_kindE1ELi8ELNS0_14table_locationE0ELNS0_11unpack_kindE0EEEEEvPKNS2_5codecIT_E12storage_typeESE_mmmNS0_12table_bundleEPd
    0 bytes stack frame, 0 bytes spill stores, 0 bytes spill loads
ptxas info    : Used 60 registers, used 1 barriers, 80 bytes smem
ptxas info    : Compile time = 16.744 ms
ptxas info    : Compiling entry function '_ZN3aut17format_strategies14dot_map_reduceINS_7storage10fp16_e5m10ENS0_8strategyILNS0_11decode_kindE1ELi8ELNS0_14table_locationE0ELNS0_11unpack_kindE0EEEEEvPKNS2_5codecIT_E12storage_typeESE_mNS0_12table_bundleEPd' for 'sm_90'
ptxas info    : Function properties for _ZN3aut17format_strategies14dot_map_reduceINS_7storage10fp16_e5m10ENS0_8strategyILNS0_11decode_kindE1ELi8ELNS0_14table_locationE0ELNS0_11unpack_kindE0EEEEEvPKNS2_5codecIT_E12storage_typeESE_mNS0_12table_bundleEPd
    0 bytes stack frame, 0 bytes spill stores, 0 bytes spill loads
ptxas info    : Used 61 registers, used 1 barriers, 80 bytes smem
ptxas info    : Compile time = 16.616 ms
ptxas info    : Compiling entry function '_ZN3aut17format_strategies12decode_codesINS_7storage10fp16_e5m10ENS0_8strategyILNS0_11decode_kindE1ELi8ELNS0_14table_locationE0ELNS0_11unpack_kindE0EEEEEvPKNS2_5codecIT_E12storage_typeEmNS0_12table_bundleEPd' for 'sm_90'
ptxas info    : Function properties for _ZN3aut17format_strategies12decode_codesINS_7storage10fp16_e5m10ENS0_8strategyILNS0_11decode_kindE1ELi8ELNS0_14table_locationE0ELNS0_11unpack_kindE0EEEEEvPKNS2_5codecIT_E12storage_typeEmNS0_12table_bundleEPd
    0 bytes stack frame, 0 bytes spill stores, 0 bytes spill loads
ptxas info    : Used 29 registers, used 0 barriers
ptxas info    : Compile time = 11.522 ms
ptxas info    : Compiling entry function '_ZN3aut17format_strategies4gemvINS_7storage10fp16_e5m10ENS0_8strategyILNS0_11decode_kindE1ELi4ELNS0_14table_locationE0ELNS0_11unpack_kindE0EEEEEvPKNS2_5codecIT_E12storage_typeESE_mmmNS0_12table_bundleEPd' for 'sm_90'
ptxas info    : Function properties for _ZN3aut17format_strategies4gemvINS_7storage10fp16_e5m10ENS0_8strategyILNS0_11decode_kindE1ELi4ELNS0_14table_locationE0ELNS0_11unpack_kindE0EEEEEvPKNS2_5codecIT_E12storage_typeESE_mmmNS0_12table_bundleEPd
    0 bytes stack frame, 0 bytes spill stores, 0 bytes spill loads
ptxas info    : Used 38 registers, used 1 barriers, 80 bytes smem
ptxas info    : Compile time = 11.251 ms
ptxas info    : Compiling entry function '_ZN3aut17format_strategies14dot_map_reduceINS_7storage10fp16_e5m10ENS0_8strategyILNS0_11decode_kindE1ELi4ELNS0_14table_locationE0ELNS0_11unpack_kindE0EEEEEvPKNS2_5codecIT_E12storage_typeESE_mNS0_12table_bundleEPd' for 'sm_90'
ptxas info    : Function properties for _ZN3aut17format_strategies14dot_map_reduceINS_7storage10fp16_e5m10ENS0_8strategyILNS0_11decode_kindE1ELi4ELNS0_14table_locationE0ELNS0_11unpack_kindE0EEEEEvPKNS2_5codecIT_E12storage_typeESE_mNS0_12table_bundleEPd
    0 bytes stack frame, 0 bytes spill stores, 0 bytes spill loads
ptxas info    : Used 40 registers, used 1 barriers, 80 bytes smem
ptxas info    : Compile time = 11.131 ms
ptxas info    : Compiling entry function '_ZN3aut17format_strategies12decode_codesINS_7storage10fp16_e5m10ENS0_8strategyILNS0_11decode_kindE1ELi4ELNS0_14table_locationE0ELNS0_11unpack_kindE0EEEEEvPKNS2_5codecIT_E12storage_typeEmNS0_12table_bundleEPd' for 'sm_90'
ptxas info    : Function properties for _ZN3aut17format_strategies12decode_codesINS_7storage10fp16_e5m10ENS0_8strategyILNS0_11decode_kindE1ELi4ELNS0_14table_locationE0ELNS0_11unpack_kindE0EEEEEvPKNS2_5codecIT_E12storage_typeEmNS0_12table_bundleEPd
    0 bytes stack frame, 0 bytes spill stores, 0 bytes spill loads
ptxas info    : Used 21 registers, used 0 barriers
ptxas info    : Compile time = 9.218 ms
ptxas info    : Compiling entry function '_ZN3aut17format_strategies4gemvINS_7storage10fp16_e5m10ENS0_8strategyILNS0_11decode_kindE1ELi1ELNS0_14table_locationE0ELNS0_11unpack_kindE0EEEEEvPKNS2_5codecIT_E12storage_typeESE_mmmNS0_12table_bundleEPd' for 'sm_90'
ptxas info    : Function properties for _ZN3aut17format_strategies4gemvINS_7storage10fp16_e5m10ENS0_8strategyILNS0_11decode_kindE1ELi1ELNS0_14table_locationE0ELNS0_11unpack_kindE0EEEEEvPKNS2_5codecIT_E12storage_typeESE_mmmNS0_12table_bundleEPd
    0 bytes stack frame, 0 bytes spill stores, 0 bytes spill loads
ptxas info    : Used 21 registers, used 1 barriers, 80 bytes smem
ptxas info    : Compile time = 7.169 ms
ptxas info    : Compiling entry function '_ZN3aut17format_strategies14dot_map_reduceINS_7storage10fp16_e5m10ENS0_8strategyILNS0_11decode_kindE1ELi1ELNS0_14table_locationE0ELNS0_11unpack_kindE0EEEEEvPKNS2_5codecIT_E12storage_typeESE_mNS0_12table_bundleEPd' for 'sm_90'
ptxas info    : Function properties for _ZN3aut17format_strategies14dot_map_reduceINS_7storage10fp16_e5m10ENS0_8strategyILNS0_11decode_kindE1ELi1ELNS0_14table_locationE0ELNS0_11unpack_kindE0EEEEEvPKNS2_5codecIT_E12storage_typeESE_mNS0_12table_bundleEPd
    0 bytes stack frame, 0 bytes spill stores, 0 bytes spill loads
ptxas info    : Used 28 registers, used 1 barriers, 80 bytes smem
ptxas info    : Compile time = 6.989 ms
ptxas info    : Compiling entry function '_ZN3aut17format_strategies12decode_codesINS_7storage10fp16_e5m10ENS0_8strategyILNS0_11decode_kindE1ELi1ELNS0_14table_locationE0ELNS0_11unpack_kindE0EEEEEvPKNS2_5codecIT_E12storage_typeEmNS0_12table_bundleEPd' for 'sm_90'
ptxas info    : Function properties for _ZN3aut17format_strategies12decode_codesINS_7storage10fp16_e5m10ENS0_8strategyILNS0_11decode_kindE1ELi1ELNS0_14table_locationE0ELNS0_11unpack_kindE0EEEEEvPKNS2_5codecIT_E12storage_typeEmNS0_12table_bundleEPd
    0 bytes stack frame, 0 bytes spill stores, 0 bytes spill loads
ptxas info    : Used 21 registers, used 0 barriers
ptxas info    : Compile time = 7.327 ms
ptxas info    : Compiling entry function '_ZN3aut17format_strategies4gemvINS_7storage10fp16_e5m10ENS0_8strategyILNS0_11decode_kindE11ELi8ELNS0_14table_locationE0ELNS0_11unpack_kindE0EEEEEvPKNS2_5codecIT_E12storage_typeESE_mmmNS0_12table_bundleEPd' for 'sm_90'
ptxas info    : Function properties for _ZN3aut17format_strategies4gemvINS_7storage10fp16_e5m10ENS0_8strategyILNS0_11decode_kindE11ELi8ELNS0_14table_locationE0ELNS0_11unpack_kindE0EEEEEvPKNS2_5codecIT_E12storage_typeESE_mmmNS0_12table_bundleEPd
    0 bytes stack frame, 0 bytes spill stores, 0 bytes spill loads
ptxas info    : Used 38 registers, used 1 barriers, 80 bytes smem
ptxas info    : Compile time = 5.848 ms
ptxas info    : Compiling entry function '_ZN3aut17format_strategies14dot_map_reduceINS_7storage10fp16_e5m10ENS0_8strategyILNS0_11decode_kindE11ELi8ELNS0_14table_locationE0ELNS0_11unpack_kindE0EEEEEvPKNS2_5codecIT_E12storage_typeESE_mNS0_12table_bundleEPd' for 'sm_90'
ptxas info    : Function properties for _ZN3aut17format_strategies14dot_map_reduceINS_7storage10fp16_e5m10ENS0_8strategyILNS0_11decode_kindE11ELi8ELNS0_14table_locationE0ELNS0_11unpack_kindE0EEEEEvPKNS2_5codecIT_E12storage_typeESE_mNS0_12table_bundleEPd
    0 bytes stack frame, 0 bytes spill stores, 0 bytes spill loads
ptxas info    : Used 39 registers, used 1 barriers, 80 bytes smem
ptxas info    : Compile time = 5.648 ms
ptxas info    : Compiling entry function '_ZN3aut17format_strategies12decode_codesINS_7storage10fp16_e5m10ENS0_8strategyILNS0_11decode_kindE11ELi8ELNS0_14table_locationE0ELNS0_11unpack_kindE0EEEEEvPKNS2_5codecIT_E12storage_typeEmNS0_12table_bundleEPd' for 'sm_90'
ptxas info    : Function properties for _ZN3aut17format_strategies12decode_codesINS_7storage10fp16_e5m10ENS0_8strategyILNS0_11decode_kindE11ELi8ELNS0_14table_locationE0ELNS0_11unpack_kindE0EEEEEvPKNS2_5codecIT_E12storage_typeEmNS0_12table_bundleEPd
    0 bytes stack frame, 0 bytes spill stores, 0 bytes spill loads
ptxas info    : Used 23 registers, used 0 barriers
ptxas info    : Compile time = 6.324 ms
ptxas info    : Compiling entry function '_ZN3aut17format_strategies4gemvINS_7storage10fp16_e5m10ENS0_8strategyILNS0_11decode_kindE11ELi4ELNS0_14table_locationE0ELNS0_11unpack_kindE0EEEEEvPKNS2_5codecIT_E12storage_typeESE_mmmNS0_12table_bundleEPd' for 'sm_90'
ptxas info    : Function properties for _ZN3aut17format_strategies4gemvINS_7storage10fp16_e5m10ENS0_8strategyILNS0_11decode_kindE11ELi4ELNS0_14table_locationE0ELNS0_11unpack_kindE0EEEEEvPKNS2_5codecIT_E12storage_typeESE_mmmNS0_12table_bundleEPd
    0 bytes stack frame, 0 bytes spill stores, 0 bytes spill loads
ptxas info    : Used 31 registers, used 1 barriers, 80 bytes smem
ptxas info    : Compile time = 5.112 ms
ptxas info    : Compiling entry function '_ZN3aut17format_strategies14dot_map_reduceINS_7storage10fp16_e5m10ENS0_8strategyILNS0_11decode_kindE11ELi4ELNS0_14table_locationE0ELNS0_11unpack_kindE0EEEEEvPKNS2_5codecIT_E12storage_typeESE_mNS0_12table_bundleEPd' for 'sm_90'
ptxas info    : Function properties for _ZN3aut17format_strategies14dot_map_reduceINS_7storage10fp16_e5m10ENS0_8strategyILNS0_11decode_kindE11ELi4ELNS0_14table_locationE0ELNS0_11unpack_kindE0EEEEEvPKNS2_5codecIT_E12storage_typeESE_mNS0_12table_bundleEPd
    0 bytes stack frame, 0 bytes spill stores, 0 bytes spill loads
ptxas info    : Used 30 registers, used 1 barriers, 80 bytes smem
ptxas info    : Compile time = 4.933 ms
ptxas info    : Compiling entry function '_ZN3aut17format_strategies12decode_codesINS_7storage10fp16_e5m10ENS0_8strategyILNS0_11decode_kindE11ELi4ELNS0_14table_locationE0ELNS0_11unpack_kindE0EEEEEvPKNS2_5codecIT_E12storage_typeEmNS0_12table_bundleEPd' for 'sm_90'
ptxas info    : Function properties for _ZN3aut17format_strategies12decode_codesINS_7storage10fp16_e5m10ENS0_8strategyILNS0_11decode_kindE11ELi4ELNS0_14table_locationE0ELNS0_11unpack_kindE0EEEEEvPKNS2_5codecIT_E12storage_typeEmNS0_12table_bundleEPd
    0 bytes stack frame, 0 bytes spill stores, 0 bytes spill loads
ptxas info    : Used 23 registers, used 0 barriers
ptxas info    : Compile time = 6.090 ms
ptxas info    : Compiling entry function '_ZN3aut17format_strategies4gemvINS_7storage10fp16_e5m10ENS0_8strategyILNS0_11decode_kindE11ELi2ELNS0_14table_locationE0ELNS0_11unpack_kindE0EEEEEvPKNS2_5codecIT_E12storage_typeESE_mmmNS0_12table_bundleEPd' for 'sm_90'
ptxas info    : Function properties for _ZN3aut17format_strategies4gemvINS_7storage10fp16_e5m10ENS0_8strategyILNS0_11decode_kindE11ELi2ELNS0_14table_locationE0ELNS0_11unpack_kindE0EEEEEvPKNS2_5codecIT_E12storage_typeESE_mmmNS0_12table_bundleEPd
    0 bytes stack frame, 0 bytes spill stores, 0 bytes spill loads
ptxas info    : Used 22 registers, used 1 barriers, 80 bytes smem
ptxas info    : Compile time = 4.712 ms
ptxas info    : Compiling entry function '_ZN3aut17format_strategies14dot_map_reduceINS_7storage10fp16_e5m10ENS0_8strategyILNS0_11decode_kindE11ELi2ELNS0_14table_locationE0ELNS0_11unpack_kindE0EEEEEvPKNS2_5codecIT_E12storage_typeESE_mNS0_12table_bundleEPd' for 'sm_90'
ptxas info    : Function properties for _ZN3aut17format_strategies14dot_map_reduceINS_7storage10fp16_e5m10ENS0_8strategyILNS0_11decode_kindE11ELi2ELNS0_14table_locationE0ELNS0_11unpack_kindE0EEEEEvPKNS2_5codecIT_E12storage_typeESE_mNS0_12table_bundleEPd
    0 bytes stack frame, 0 bytes spill stores, 0 bytes spill loads
ptxas info    : Used 25 registers, used 1 barriers, 80 bytes smem
ptxas info    : Compile time = 4.483 ms
ptxas info    : Compiling entry function '_ZN3aut17format_strategies12decode_codesINS_7storage10fp16_e5m10ENS0_8strategyILNS0_11decode_kindE11ELi2ELNS0_14table_locationE0ELNS0_11unpack_kindE0EEEEEvPKNS2_5codecIT_E12storage_typeEmNS0_12table_bundleEPd' for 'sm_90'
ptxas info    : Function properties for _ZN3aut17format_strategies12decode_codesINS_7storage10fp16_e5m10ENS0_8strategyILNS0_11decode_kindE11ELi2ELNS0_14table_locationE0ELNS0_11unpack_kindE0EEEEEvPKNS2_5codecIT_E12storage_typeEmNS0_12table_bundleEPd
    0 bytes stack frame, 0 bytes spill stores, 0 bytes spill loads
ptxas info    : Used 23 registers, used 0 barriers
ptxas info    : Compile time = 5.954 ms
ptxas info    : Compiling entry function '_ZN3aut17format_strategies4gemvINS_7storage10fp16_e5m10ENS0_8strategyILNS0_11decode_kindE10ELi1ELNS0_14table_locationE0ELNS0_11unpack_kindE0EEEEEvPKNS2_5codecIT_E12storage_typeESE_mmmNS0_12table_bundleEPd' for 'sm_90'
ptxas info    : Function properties for _ZN3aut17format_strategies4gemvINS_7storage10fp16_e5m10ENS0_8strategyILNS0_11decode_kindE10ELi1ELNS0_14table_locationE0ELNS0_11unpack_kindE0EEEEEvPKNS2_5codecIT_E12storage_typeESE_mmmNS0_12table_bundleEPd
    0 bytes stack frame, 0 bytes spill stores, 0 bytes spill loads
ptxas info    : Used 23 registers, used 1 barriers, 80 bytes smem
ptxas info    : Compile time = 4.335 ms
ptxas info    : Compiling entry function '_ZN3aut17format_strategies14dot_map_reduceINS_7storage10fp16_e5m10ENS0_8strategyILNS0_11decode_kindE10ELi1ELNS0_14table_locationE0ELNS0_11unpack_kindE0EEEEEvPKNS2_5codecIT_E12storage_typeESE_mNS0_12table_bundleEPd' for 'sm_90'
ptxas info    : Function properties for _ZN3aut17format_strategies14dot_map_reduceINS_7storage10fp16_e5m10ENS0_8strategyILNS0_11decode_kindE10ELi1ELNS0_14table_locationE0ELNS0_11unpack_kindE0EEEEEvPKNS2_5codecIT_E12storage_typeESE_mNS0_12table_bundleEPd
    0 bytes stack frame, 0 bytes spill stores, 0 bytes spill loads
ptxas info    : Used 26 registers, used 1 barriers, 80 bytes smem
ptxas info    : Compile time = 4.145 ms
ptxas info    : Compiling entry function '_ZN3aut17format_strategies12decode_codesINS_7storage10fp16_e5m10ENS0_8strategyILNS0_11decode_kindE10ELi1ELNS0_14table_locationE0ELNS0_11unpack_kindE0EEEEEvPKNS2_5codecIT_E12storage_typeEmNS0_12table_bundleEPd' for 'sm_90'
ptxas info    : Function properties for _ZN3aut17format_strategies12decode_codesINS_7storage10fp16_e5m10ENS0_8strategyILNS0_11decode_kindE10ELi1ELNS0_14table_locationE0ELNS0_11unpack_kindE0EEEEEvPKNS2_5codecIT_E12storage_typeEmNS0_12table_bundleEPd
    0 bytes stack frame, 0 bytes spill stores, 0 bytes spill loads
ptxas info    : Used 23 registers, used 0 barriers
ptxas info    : Compile time = 5.841 ms
ptxas info    : Compiling entry function '_ZN3aut17format_strategies4gemvINS_7storage10fp16_e5m10ENS0_8strategyILNS0_11decode_kindE9ELi1ELNS0_14table_locationE0ELNS0_11unpack_kindE0EEEEEvPKNS2_5codecIT_E12storage_typeESE_mmmNS0_12table_bundleEPd' for 'sm_90'
ptxas info    : Function properties for _ZN3aut17format_strategies4gemvINS_7storage10fp16_e5m10ENS0_8strategyILNS0_11decode_kindE9ELi1ELNS0_14table_locationE0ELNS0_11unpack_kindE0EEEEEvPKNS2_5codecIT_E12storage_typeESE_mmmNS0_12table_bundleEPd
    0 bytes stack frame, 0 bytes spill stores, 0 bytes spill loads
ptxas info    : Used 23 registers, used 1 barriers, 80 bytes smem
ptxas info    : Compile time = 4.318 ms
ptxas info    : Compiling entry function '_ZN3aut17format_strategies14dot_map_reduceINS_7storage10fp16_e5m10ENS0_8strategyILNS0_11decode_kindE9ELi1ELNS0_14table_locationE0ELNS0_11unpack_kindE0EEEEEvPKNS2_5codecIT_E12storage_typeESE_mNS0_12table_bundleEPd' for 'sm_90'
ptxas info    : Function properties for _ZN3aut17format_strategies14dot_map_reduceINS_7storage10fp16_e5m10ENS0_8strategyILNS0_11decode_kindE9ELi1ELNS0_14table_locationE0ELNS0_11unpack_kindE0EEEEEvPKNS2_5codecIT_E12storage_typeESE_mNS0_12table_bundleEPd
    0 bytes stack frame, 0 bytes spill stores, 0 bytes spill loads
ptxas info    : Used 26 registers, used 1 barriers, 80 bytes smem
ptxas info    : Compile time = 4.140 ms
ptxas info    : Compiling entry function '_ZN3aut17format_strategies12decode_codesINS_7storage10fp16_e5m10ENS0_8strategyILNS0_11decode_kindE9ELi1ELNS0_14table_locationE0ELNS0_11unpack_kindE0EEEEEvPKNS2_5codecIT_E12storage_typeEmNS0_12table_bundleEPd' for 'sm_90'
ptxas info    : Function properties for _ZN3aut17format_strategies12decode_codesINS_7storage10fp16_e5m10ENS0_8strategyILNS0_11decode_kindE9ELi1ELNS0_14table_locationE0ELNS0_11unpack_kindE0EEEEEvPKNS2_5codecIT_E12storage_typeEmNS0_12table_bundleEPd
    0 bytes stack frame, 0 bytes spill stores, 0 bytes spill loads
ptxas info    : Used 23 registers, used 0 barriers
ptxas info    : Compile time = 5.851 ms
ptxas info    : Compiling entry function '_ZN3aut17format_strategies4gemvINS_7storage10fp16_e5m10ENS0_8strategyILNS0_11decode_kindE0ELi1ELNS0_14table_locationE0ELNS0_11unpack_kindE0EEEEEvPKNS2_5codecIT_E12storage_typeESE_mmmNS0_12table_bundleEPd' for 'sm_90'
ptxas info    : Function properties for _ZN3aut17format_strategies4gemvINS_7storage10fp16_e5m10ENS0_8strategyILNS0_11decode_kindE0ELi1ELNS0_14table_locationE0ELNS0_11unpack_kindE0EEEEEvPKNS2_5codecIT_E12storage_typeESE_mmmNS0_12table_bundleEPd
    0 bytes stack frame, 0 bytes spill stores, 0 bytes spill loads
ptxas info    : Used 23 registers, used 1 barriers, 80 bytes smem
ptxas info    : Compile time = 4.333 ms
ptxas info    : Compiling entry function '_ZN3aut17format_strategies14dot_map_reduceINS_7storage10fp16_e5m10ENS0_8strategyILNS0_11decode_kindE0ELi1ELNS0_14table_locationE0ELNS0_11unpack_kindE0EEEEEvPKNS2_5codecIT_E12storage_typeESE_mNS0_12table_bundleEPd' for 'sm_90'
ptxas info    : Function properties for _ZN3aut17format_strategies14dot_map_reduceINS_7storage10fp16_e5m10ENS0_8strategyILNS0_11decode_kindE0ELi1ELNS0_14table_locationE0ELNS0_11unpack_kindE0EEEEEvPKNS2_5codecIT_E12storage_typeESE_mNS0_12table_bundleEPd
    0 bytes stack frame, 0 bytes spill stores, 0 bytes spill loads
ptxas info    : Used 26 registers, used 1 barriers, 80 bytes smem
ptxas info    : Compile time = 4.139 ms
ptxas info    : Compiling entry function '_ZN3aut17format_strategies12decode_codesINS_7storage10fp16_e5m10ENS0_8strategyILNS0_11decode_kindE0ELi1ELNS0_14table_locationE0ELNS0_11unpack_kindE0EEEEEvPKNS2_5codecIT_E12storage_typeEmNS0_12table_bundleEPd' for 'sm_90'
ptxas info    : Function properties for _ZN3aut17format_strategies12decode_codesINS_7storage10fp16_e5m10ENS0_8strategyILNS0_11decode_kindE0ELi1ELNS0_14table_locationE0ELNS0_11unpack_kindE0EEEEEvPKNS2_5codecIT_E12storage_typeEmNS0_12table_bundleEPd
    0 bytes stack frame, 0 bytes spill stores, 0 bytes spill loads
ptxas info    : Used 23 registers, used 0 barriers
ptxas info    : Compile time = 5.885 ms
ptxas info    : Compiling entry function '_ZN3aut17format_strategies4gemvINS_7storage5e3m12ENS0_8strategyILNS0_11decode_kindE8ELi8ELNS0_14table_locationE1ELNS0_11unpack_kindE0EEEEEvPKNS2_5codecIT_E12storage_typeESE_mmmNS0_12table_bundleEPd' for 'sm_90'
ptxas info    : Function properties for _ZN3aut17format_strategies4gemvINS_7storage5e3m12ENS0_8strategyILNS0_11decode_kindE8ELi8ELNS0_14table_locationE1ELNS0_11unpack_kindE0EEEEEvPKNS2_5codecIT_E12storage_typeESE_mmmNS0_12table_bundleEPd
    0 bytes stack frame, 0 bytes spill stores, 0 bytes spill loads
ptxas info    : Used 59 registers, used 1 barriers, 80 bytes smem
ptxas info    : Compile time = 17.525 ms
ptxas info    : Compiling entry function '_ZN3aut17format_strategies14dot_map_reduceINS_7storage5e3m12ENS0_8strategyILNS0_11decode_kindE8ELi8ELNS0_14table_locationE1ELNS0_11unpack_kindE0EEEEEvPKNS2_5codecIT_E12storage_typeESE_mNS0_12table_bundleEPd' for 'sm_90'
ptxas info    : Function properties for _ZN3aut17format_strategies14dot_map_reduceINS_7storage5e3m12ENS0_8strategyILNS0_11decode_kindE8ELi8ELNS0_14table_locationE1ELNS0_11unpack_kindE0EEEEEvPKNS2_5codecIT_E12storage_typeESE_mNS0_12table_bundleEPd
    0 bytes stack frame, 0 bytes spill stores, 0 bytes spill loads
ptxas info    : Used 60 registers, used 1 barriers, 80 bytes smem
ptxas info    : Compile time = 16.954 ms
ptxas info    : Compiling entry function '_ZN3aut17format_strategies12decode_codesINS_7storage5e3m12ENS0_8strategyILNS0_11decode_kindE8ELi8ELNS0_14table_locationE1ELNS0_11unpack_kindE0EEEEEvPKNS2_5codecIT_E12storage_typeEmNS0_12table_bundleEPd' for 'sm_90'
ptxas info    : Function properties for _ZN3aut17format_strategies12decode_codesINS_7storage5e3m12ENS0_8strategyILNS0_11decode_kindE8ELi8ELNS0_14table_locationE1ELNS0_11unpack_kindE0EEEEEvPKNS2_5codecIT_E12storage_typeEmNS0_12table_bundleEPd
    0 bytes stack frame, 0 bytes spill stores, 0 bytes spill loads
ptxas info    : Used 27 registers, used 1 barriers
ptxas info    : Compile time = 12.159 ms
ptxas info    : Compiling entry function '_ZN3aut17format_strategies4gemvINS_7storage5e3m12ENS0_8strategyILNS0_11decode_kindE8ELi4ELNS0_14table_locationE1ELNS0_11unpack_kindE0EEEEEvPKNS2_5codecIT_E12storage_typeESE_mmmNS0_12table_bundleEPd' for 'sm_90'
ptxas info    : Function properties for _ZN3aut17format_strategies4gemvINS_7storage5e3m12ENS0_8strategyILNS0_11decode_kindE8ELi4ELNS0_14table_locationE1ELNS0_11unpack_kindE0EEEEEvPKNS2_5codecIT_E12storage_typeESE_mmmNS0_12table_bundleEPd
    0 bytes stack frame, 0 bytes spill stores, 0 bytes spill loads
ptxas info    : Used 38 registers, used 1 barriers, 80 bytes smem
ptxas info    : Compile time = 11.668 ms
ptxas info    : Compiling entry function '_ZN3aut17format_strategies14dot_map_reduceINS_7storage5e3m12ENS0_8strategyILNS0_11decode_kindE8ELi4ELNS0_14table_locationE1ELNS0_11unpack_kindE0EEEEEvPKNS2_5codecIT_E12storage_typeESE_mNS0_12table_bundleEPd' for 'sm_90'
ptxas info    : Function properties for _ZN3aut17format_strategies14dot_map_reduceINS_7storage5e3m12ENS0_8strategyILNS0_11decode_kindE8ELi4ELNS0_14table_locationE1ELNS0_11unpack_kindE0EEEEEvPKNS2_5codecIT_E12storage_typeESE_mNS0_12table_bundleEPd
    0 bytes stack frame, 0 bytes spill stores, 0 bytes spill loads
ptxas info    : Used 40 registers, used 1 barriers, 80 bytes smem
ptxas info    : Compile time = 11.553 ms
ptxas info    : Compiling entry function '_ZN3aut17format_strategies12decode_codesINS_7storage5e3m12ENS0_8strategyILNS0_11decode_kindE8ELi4ELNS0_14table_locationE1ELNS0_11unpack_kindE0EEEEEvPKNS2_5codecIT_E12storage_typeEmNS0_12table_bundleEPd' for 'sm_90'
ptxas info    : Function properties for _ZN3aut17format_strategies12decode_codesINS_7storage5e3m12ENS0_8strategyILNS0_11decode_kindE8ELi4ELNS0_14table_locationE1ELNS0_11unpack_kindE0EEEEEvPKNS2_5codecIT_E12storage_typeEmNS0_12table_bundleEPd
    0 bytes stack frame, 0 bytes spill stores, 0 bytes spill loads
ptxas info    : Used 24 registers, used 1 barriers
ptxas info    : Compile time = 9.862 ms
ptxas info    : Compiling entry function '_ZN3aut17format_strategies4gemvINS_7storage5e3m12ENS0_8strategyILNS0_11decode_kindE8ELi8ELNS0_14table_locationE0ELNS0_11unpack_kindE0EEEEEvPKNS2_5codecIT_E12storage_typeESE_mmmNS0_12table_bundleEPd' for 'sm_90'
ptxas info    : Function properties for _ZN3aut17format_strategies4gemvINS_7storage5e3m12ENS0_8strategyILNS0_11decode_kindE8ELi8ELNS0_14table_locationE0ELNS0_11unpack_kindE0EEEEEvPKNS2_5codecIT_E12storage_typeESE_mmmNS0_12table_bundleEPd
    0 bytes stack frame, 0 bytes spill stores, 0 bytes spill loads
ptxas info    : Used 59 registers, used 1 barriers, 80 bytes smem
ptxas info    : Compile time = 16.817 ms
ptxas info    : Compiling entry function '_ZN3aut17format_strategies14dot_map_reduceINS_7storage5e3m12ENS0_8strategyILNS0_11decode_kindE8ELi8ELNS0_14table_locationE0ELNS0_11unpack_kindE0EEEEEvPKNS2_5codecIT_E12storage_typeESE_mNS0_12table_bundleEPd' for 'sm_90'
ptxas info    : Function properties for _ZN3aut17format_strategies14dot_map_reduceINS_7storage5e3m12ENS0_8strategyILNS0_11decode_kindE8ELi8ELNS0_14table_locationE0ELNS0_11unpack_kindE0EEEEEvPKNS2_5codecIT_E12storage_typeESE_mNS0_12table_bundleEPd
    0 bytes stack frame, 0 bytes spill stores, 0 bytes spill loads
ptxas info    : Used 60 registers, used 1 barriers, 80 bytes smem
ptxas info    : Compile time = 16.226 ms
ptxas info    : Compiling entry function '_ZN3aut17format_strategies12decode_codesINS_7storage5e3m12ENS0_8strategyILNS0_11decode_kindE8ELi8ELNS0_14table_locationE0ELNS0_11unpack_kindE0EEEEEvPKNS2_5codecIT_E12storage_typeEmNS0_12table_bundleEPd' for 'sm_90'
ptxas info    : Function properties for _ZN3aut17format_strategies12decode_codesINS_7storage5e3m12ENS0_8strategyILNS0_11decode_kindE8ELi8ELNS0_14table_locationE0ELNS0_11unpack_kindE0EEEEEvPKNS2_5codecIT_E12storage_typeEmNS0_12table_bundleEPd
    0 bytes stack frame, 0 bytes spill stores, 0 bytes spill loads
ptxas info    : Used 27 registers, used 0 barriers
ptxas info    : Compile time = 11.326 ms
ptxas info    : Compiling entry function '_ZN3aut17format_strategies4gemvINS_7storage5e3m12ENS0_8strategyILNS0_11decode_kindE8ELi4ELNS0_14table_locationE0ELNS0_11unpack_kindE0EEEEEvPKNS2_5codecIT_E12storage_typeESE_mmmNS0_12table_bundleEPd' for 'sm_90'
ptxas info    : Function properties for _ZN3aut17format_strategies4gemvINS_7storage5e3m12ENS0_8strategyILNS0_11decode_kindE8ELi4ELNS0_14table_locationE0ELNS0_11unpack_kindE0EEEEEvPKNS2_5codecIT_E12storage_typeESE_mmmNS0_12table_bundleEPd
    0 bytes stack frame, 0 bytes spill stores, 0 bytes spill loads
ptxas info    : Used 36 registers, used 1 barriers, 80 bytes smem
ptxas info    : Compile time = 10.975 ms
ptxas info    : Compiling entry function '_ZN3aut17format_strategies14dot_map_reduceINS_7storage5e3m12ENS0_8strategyILNS0_11decode_kindE8ELi4ELNS0_14table_locationE0ELNS0_11unpack_kindE0EEEEEvPKNS2_5codecIT_E12storage_typeESE_mNS0_12table_bundleEPd' for 'sm_90'
ptxas info    : Function properties for _ZN3aut17format_strategies14dot_map_reduceINS_7storage5e3m12ENS0_8strategyILNS0_11decode_kindE8ELi4ELNS0_14table_locationE0ELNS0_11unpack_kindE0EEEEEvPKNS2_5codecIT_E12storage_typeESE_mNS0_12table_bundleEPd
    0 bytes stack frame, 0 bytes spill stores, 0 bytes spill loads
ptxas info    : Used 40 registers, used 1 barriers, 80 bytes smem
ptxas info    : Compile time = 10.879 ms
ptxas info    : Compiling entry function '_ZN3aut17format_strategies12decode_codesINS_7storage5e3m12ENS0_8strategyILNS0_11decode_kindE8ELi4ELNS0_14table_locationE0ELNS0_11unpack_kindE0EEEEEvPKNS2_5codecIT_E12storage_typeEmNS0_12table_bundleEPd' for 'sm_90'
ptxas info    : Function properties for _ZN3aut17format_strategies12decode_codesINS_7storage5e3m12ENS0_8strategyILNS0_11decode_kindE8ELi4ELNS0_14table_locationE0ELNS0_11unpack_kindE0EEEEEvPKNS2_5codecIT_E12storage_typeEmNS0_12table_bundleEPd
    0 bytes stack frame, 0 bytes spill stores, 0 bytes spill loads
ptxas info    : Used 23 registers, used 0 barriers
ptxas info    : Compile time = 9.105 ms
ptxas info    : Compiling entry function '_ZN3aut17format_strategies4gemvINS_7storage5e3m12ENS0_8strategyILNS0_11decode_kindE7ELi8ELNS0_14table_locationE1ELNS0_11unpack_kindE0EEEEEvPKNS2_5codecIT_E12storage_typeESE_mmmNS0_12table_bundleEPd' for 'sm_90'
ptxas info    : Function properties for _ZN3aut17format_strategies4gemvINS_7storage5e3m12ENS0_8strategyILNS0_11decode_kindE7ELi8ELNS0_14table_locationE1ELNS0_11unpack_kindE0EEEEEvPKNS2_5codecIT_E12storage_typeESE_mmmNS0_12table_bundleEPd
    0 bytes stack frame, 0 bytes spill stores, 0 bytes spill loads
ptxas info    : Used 44 registers, used 1 barriers, 80 bytes smem
ptxas info    : Compile time = 12.530 ms
ptxas info    : Compiling entry function '_ZN3aut17format_strategies14dot_map_reduceINS_7storage5e3m12ENS0_8strategyILNS0_11decode_kindE7ELi8ELNS0_14table_locationE1ELNS0_11unpack_kindE0EEEEEvPKNS2_5codecIT_E12storage_typeESE_mNS0_12table_bundleEPd' for 'sm_90'
ptxas info    : Function properties for _ZN3aut17format_strategies14dot_map_reduceINS_7storage5e3m12ENS0_8strategyILNS0_11decode_kindE7ELi8ELNS0_14table_locationE1ELNS0_11unpack_kindE0EEEEEvPKNS2_5codecIT_E12storage_typeESE_mNS0_12table_bundleEPd
    0 bytes stack frame, 0 bytes spill stores, 0 bytes spill loads
ptxas info    : Used 48 registers, used 1 barriers, 80 bytes smem
ptxas info    : Compile time = 12.361 ms
ptxas info    : Compiling entry function '_ZN3aut17format_strategies12decode_codesINS_7storage5e3m12ENS0_8strategyILNS0_11decode_kindE7ELi8ELNS0_14table_locationE1ELNS0_11unpack_kindE0EEEEEvPKNS2_5codecIT_E12storage_typeEmNS0_12table_bundleEPd' for 'sm_90'
ptxas info    : Function properties for _ZN3aut17format_strategies12decode_codesINS_7storage5e3m12ENS0_8strategyILNS0_11decode_kindE7ELi8ELNS0_14table_locationE1ELNS0_11unpack_kindE0EEEEEvPKNS2_5codecIT_E12storage_typeEmNS0_12table_bundleEPd
    0 bytes stack frame, 0 bytes spill stores, 0 bytes spill loads
ptxas info    : Used 24 registers, used 1 barriers
ptxas info    : Compile time = 8.756 ms
ptxas info    : Compiling entry function '_ZN3aut17format_strategies4gemvINS_7storage5e3m12ENS0_8strategyILNS0_11decode_kindE7ELi4ELNS0_14table_locationE1ELNS0_11unpack_kindE0EEEEEvPKNS2_5codecIT_E12storage_typeESE_mmmNS0_12table_bundleEPd' for 'sm_90'
ptxas info    : Function properties for _ZN3aut17format_strategies4gemvINS_7storage5e3m12ENS0_8strategyILNS0_11decode_kindE7ELi4ELNS0_14table_locationE1ELNS0_11unpack_kindE0EEEEEvPKNS2_5codecIT_E12storage_typeESE_mmmNS0_12table_bundleEPd
    0 bytes stack frame, 0 bytes spill stores, 0 bytes spill loads
ptxas info    : Used 28 registers, used 1 barriers, 80 bytes smem
ptxas info    : Compile time = 9.070 ms
ptxas info    : Compiling entry function '_ZN3aut17format_strategies14dot_map_reduceINS_7storage5e3m12ENS0_8strategyILNS0_11decode_kindE7ELi4ELNS0_14table_locationE1ELNS0_11unpack_kindE0EEEEEvPKNS2_5codecIT_E12storage_typeESE_mNS0_12table_bundleEPd' for 'sm_90'
ptxas info    : Function properties for _ZN3aut17format_strategies14dot_map_reduceINS_7storage5e3m12ENS0_8strategyILNS0_11decode_kindE7ELi4ELNS0_14table_locationE1ELNS0_11unpack_kindE0EEEEEvPKNS2_5codecIT_E12storage_typeESE_mNS0_12table_bundleEPd
    0 bytes stack frame, 0 bytes spill stores, 0 bytes spill loads
ptxas info    : Used 32 registers, used 1 barriers, 80 bytes smem
ptxas info    : Compile time = 8.974 ms
ptxas info    : Compiling entry function '_ZN3aut17format_strategies12decode_codesINS_7storage5e3m12ENS0_8strategyILNS0_11decode_kindE7ELi4ELNS0_14table_locationE1ELNS0_11unpack_kindE0EEEEEvPKNS2_5codecIT_E12storage_typeEmNS0_12table_bundleEPd' for 'sm_90'
ptxas info    : Function properties for _ZN3aut17format_strategies12decode_codesINS_7storage5e3m12ENS0_8strategyILNS0_11decode_kindE7ELi4ELNS0_14table_locationE1ELNS0_11unpack_kindE0EEEEEvPKNS2_5codecIT_E12storage_typeEmNS0_12table_bundleEPd
    0 bytes stack frame, 0 bytes spill stores, 0 bytes spill loads
ptxas info    : Used 18 registers, used 1 barriers
ptxas info    : Compile time = 7.391 ms
ptxas info    : Compiling entry function '_ZN3aut17format_strategies4gemvINS_7storage5e3m12ENS0_8strategyILNS0_11decode_kindE7ELi8ELNS0_14table_locationE0ELNS0_11unpack_kindE0EEEEEvPKNS2_5codecIT_E12storage_typeESE_mmmNS0_12table_bundleEPd' for 'sm_90'
ptxas info    : Function properties for _ZN3aut17format_strategies4gemvINS_7storage5e3m12ENS0_8strategyILNS0_11decode_kindE7ELi8ELNS0_14table_locationE0ELNS0_11unpack_kindE0EEEEEvPKNS2_5codecIT_E12storage_typeESE_mmmNS0_12table_bundleEPd
    0 bytes stack frame, 0 bytes spill stores, 0 bytes spill loads
ptxas info    : Used 48 registers, used 1 barriers, 80 bytes smem
ptxas info    : Compile time = 11.228 ms
ptxas info    : Compiling entry function '_ZN3aut17format_strategies14dot_map_reduceINS_7storage5e3m12ENS0_8strategyILNS0_11decode_kindE7ELi8ELNS0_14table_locationE0ELNS0_11unpack_kindE0EEEEEvPKNS2_5codecIT_E12storage_typeESE_mNS0_12table_bundleEPd' for 'sm_90'
ptxas info    : Function properties for _ZN3aut17format_strategies14dot_map_reduceINS_7storage5e3m12ENS0_8strategyILNS0_11decode_kindE7ELi8ELNS0_14table_locationE0ELNS0_11unpack_kindE0EEEEEvPKNS2_5codecIT_E12storage_typeESE_mNS0_12table_bundleEPd
    0 bytes stack frame, 0 bytes spill stores, 0 bytes spill loads
ptxas info    : Used 46 registers, used 1 barriers, 80 bytes smem
ptxas info    : Compile time = 11.263 ms
ptxas info    : Compiling entry function '_ZN3aut17format_strategies12decode_codesINS_7storage5e3m12ENS0_8strategyILNS0_11decode_kindE7ELi8ELNS0_14table_locationE0ELNS0_11unpack_kindE0EEEEEvPKNS2_5codecIT_E12storage_typeEmNS0_12table_bundleEPd' for 'sm_90'
ptxas info    : Function properties for _ZN3aut17format_strategies12decode_codesINS_7storage5e3m12ENS0_8strategyILNS0_11decode_kindE7ELi8ELNS0_14table_locationE0ELNS0_11unpack_kindE0EEEEEvPKNS2_5codecIT_E12storage_typeEmNS0_12table_bundleEPd
    0 bytes stack frame, 0 bytes spill stores, 0 bytes spill loads
ptxas info    : Used 24 registers, used 0 barriers
ptxas info    : Compile time = 7.849 ms
ptxas info    : Compiling entry function '_ZN3aut17format_strategies4gemvINS_7storage5e3m12ENS0_8strategyILNS0_11decode_kindE7ELi4ELNS0_14table_locationE0ELNS0_11unpack_kindE0EEEEEvPKNS2_5codecIT_E12storage_typeESE_mmmNS0_12table_bundleEPd' for 'sm_90'
ptxas info    : Function properties for _ZN3aut17format_strategies4gemvINS_7storage5e3m12ENS0_8strategyILNS0_11decode_kindE7ELi4ELNS0_14table_locationE0ELNS0_11unpack_kindE0EEEEEvPKNS2_5codecIT_E12storage_typeESE_mmmNS0_12table_bundleEPd
    0 bytes stack frame, 0 bytes spill stores, 0 bytes spill loads
ptxas info    : Used 32 registers, used 1 barriers, 80 bytes smem
ptxas info    : Compile time = 8.196 ms
ptxas info    : Compiling entry function '_ZN3aut17format_strategies14dot_map_reduceINS_7storage5e3m12ENS0_8strategyILNS0_11decode_kindE7ELi4ELNS0_14table_locationE0ELNS0_11unpack_kindE0EEEEEvPKNS2_5codecIT_E12storage_typeESE_mNS0_12table_bundleEPd' for 'sm_90'
ptxas info    : Function properties for _ZN3aut17format_strategies14dot_map_reduceINS_7storage5e3m12ENS0_8strategyILNS0_11decode_kindE7ELi4ELNS0_14table_locationE0ELNS0_11unpack_kindE0EEEEEvPKNS2_5codecIT_E12storage_typeESE_mNS0_12table_bundleEPd
    0 bytes stack frame, 0 bytes spill stores, 0 bytes spill loads
ptxas info    : Used 34 registers, used 1 barriers, 80 bytes smem
ptxas info    : Compile time = 8.029 ms
ptxas info    : Compiling entry function '_ZN3aut17format_strategies12decode_codesINS_7storage5e3m12ENS0_8strategyILNS0_11decode_kindE7ELi4ELNS0_14table_locationE0ELNS0_11unpack_kindE0EEEEEvPKNS2_5codecIT_E12storage_typeEmNS0_12table_bundleEPd' for 'sm_90'
ptxas info    : Function properties for _ZN3aut17format_strategies12decode_codesINS_7storage5e3m12ENS0_8strategyILNS0_11decode_kindE7ELi4ELNS0_14table_locationE0ELNS0_11unpack_kindE0EEEEEvPKNS2_5codecIT_E12storage_typeEmNS0_12table_bundleEPd
    0 bytes stack frame, 0 bytes spill stores, 0 bytes spill loads
ptxas info    : Used 20 registers, used 0 barriers
ptxas info    : Compile time = 6.529 ms
ptxas info    : Compiling entry function '_ZN3aut17format_strategies4gemvINS_7storage5e3m12ENS0_8strategyILNS0_11decode_kindE6ELi8ELNS0_14table_locationE0ELNS0_11unpack_kindE0EEEEEvPKNS2_5codecIT_E12storage_typeESE_mmmNS0_12table_bundleEPd' for 'sm_90'
ptxas info    : Function properties for _ZN3aut17format_strategies4gemvINS_7storage5e3m12ENS0_8strategyILNS0_11decode_kindE6ELi8ELNS0_14table_locationE0ELNS0_11unpack_kindE0EEEEEvPKNS2_5codecIT_E12storage_typeESE_mmmNS0_12table_bundleEPd
    0 bytes stack frame, 0 bytes spill stores, 0 bytes spill loads
ptxas info    : Used 48 registers, used 1 barriers, 80 bytes smem
ptxas info    : Compile time = 6.714 ms
ptxas info    : Compiling entry function '_ZN3aut17format_strategies14dot_map_reduceINS_7storage5e3m12ENS0_8strategyILNS0_11decode_kindE6ELi8ELNS0_14table_locationE0ELNS0_11unpack_kindE0EEEEEvPKNS2_5codecIT_E12storage_typeESE_mNS0_12table_bundleEPd' for 'sm_90'
ptxas info    : Function properties for _ZN3aut17format_strategies14dot_map_reduceINS_7storage5e3m12ENS0_8strategyILNS0_11decode_kindE6ELi8ELNS0_14table_locationE0ELNS0_11unpack_kindE0EEEEEvPKNS2_5codecIT_E12storage_typeESE_mNS0_12table_bundleEPd
    0 bytes stack frame, 0 bytes spill stores, 0 bytes spill loads
ptxas info    : Used 44 registers, used 1 barriers, 80 bytes smem
ptxas info    : Compile time = 6.697 ms
ptxas info    : Compiling entry function '_ZN3aut17format_strategies12decode_codesINS_7storage5e3m12ENS0_8strategyILNS0_11decode_kindE6ELi8ELNS0_14table_locationE0ELNS0_11unpack_kindE0EEEEEvPKNS2_5codecIT_E12storage_typeEmNS0_12table_bundleEPd' for 'sm_90'
ptxas info    : Function properties for _ZN3aut17format_strategies12decode_codesINS_7storage5e3m12ENS0_8strategyILNS0_11decode_kindE6ELi8ELNS0_14table_locationE0ELNS0_11unpack_kindE0EEEEEvPKNS2_5codecIT_E12storage_typeEmNS0_12table_bundleEPd
    0 bytes stack frame, 0 bytes spill stores, 0 bytes spill loads
ptxas info    : Used 24 registers, used 0 barriers
ptxas info    : Compile time = 7.536 ms
ptxas info    : Compiling entry function '_ZN3aut17format_strategies4gemvINS_7storage5e3m12ENS0_8strategyILNS0_11decode_kindE6ELi4ELNS0_14table_locationE0ELNS0_11unpack_kindE0EEEEEvPKNS2_5codecIT_E12storage_typeESE_mmmNS0_12table_bundleEPd' for 'sm_90'
ptxas info    : Function properties for _ZN3aut17format_strategies4gemvINS_7storage5e3m12ENS0_8strategyILNS0_11decode_kindE6ELi4ELNS0_14table_locationE0ELNS0_11unpack_kindE0EEEEEvPKNS2_5codecIT_E12storage_typeESE_mmmNS0_12table_bundleEPd
    0 bytes stack frame, 0 bytes spill stores, 0 bytes spill loads
ptxas info    : Used 32 registers, used 1 barriers, 80 bytes smem
ptxas info    : Compile time = 5.546 ms
ptxas info    : Compiling entry function '_ZN3aut17format_strategies14dot_map_reduceINS_7storage5e3m12ENS0_8strategyILNS0_11decode_kindE6ELi4ELNS0_14table_locationE0ELNS0_11unpack_kindE0EEEEEvPKNS2_5codecIT_E12storage_typeESE_mNS0_12table_bundleEPd' for 'sm_90'
ptxas info    : Function properties for _ZN3aut17format_strategies14dot_map_reduceINS_7storage5e3m12ENS0_8strategyILNS0_11decode_kindE6ELi4ELNS0_14table_locationE0ELNS0_11unpack_kindE0EEEEEvPKNS2_5codecIT_E12storage_typeESE_mNS0_12table_bundleEPd
    0 bytes stack frame, 0 bytes spill stores, 0 bytes spill loads
ptxas info    : Used 34 registers, used 1 barriers, 80 bytes smem
ptxas info    : Compile time = 5.574 ms
ptxas info    : Compiling entry function '_ZN3aut17format_strategies12decode_codesINS_7storage5e3m12ENS0_8strategyILNS0_11decode_kindE6ELi4ELNS0_14table_locationE0ELNS0_11unpack_kindE0EEEEEvPKNS2_5codecIT_E12storage_typeEmNS0_12table_bundleEPd' for 'sm_90'
ptxas info    : Function properties for _ZN3aut17format_strategies12decode_codesINS_7storage5e3m12ENS0_8strategyILNS0_11decode_kindE6ELi4ELNS0_14table_locationE0ELNS0_11unpack_kindE0EEEEEvPKNS2_5codecIT_E12storage_typeEmNS0_12table_bundleEPd
    0 bytes stack frame, 0 bytes spill stores, 0 bytes spill loads
ptxas info    : Used 22 registers, used 0 barriers
ptxas info    : Compile time = 7.106 ms
ptxas info    : Compiling entry function '_ZN3aut17format_strategies4gemvINS_7storage5e3m12ENS0_8strategyILNS0_11decode_kindE6ELi1ELNS0_14table_locationE0ELNS0_11unpack_kindE0EEEEEvPKNS2_5codecIT_E12storage_typeESE_mmmNS0_12table_bundleEPd' for 'sm_90'
ptxas info    : Function properties for _ZN3aut17format_strategies4gemvINS_7storage5e3m12ENS0_8strategyILNS0_11decode_kindE6ELi1ELNS0_14table_locationE0ELNS0_11unpack_kindE0EEEEEvPKNS2_5codecIT_E12storage_typeESE_mmmNS0_12table_bundleEPd
    0 bytes stack frame, 0 bytes spill stores, 0 bytes spill loads
ptxas info    : Used 24 registers, used 1 barriers, 80 bytes smem
ptxas info    : Compile time = 4.391 ms
ptxas info    : Compiling entry function '_ZN3aut17format_strategies14dot_map_reduceINS_7storage5e3m12ENS0_8strategyILNS0_11decode_kindE6ELi1ELNS0_14table_locationE0ELNS0_11unpack_kindE0EEEEEvPKNS2_5codecIT_E12storage_typeESE_mNS0_12table_bundleEPd' for 'sm_90'
ptxas info    : Function properties for _ZN3aut17format_strategies14dot_map_reduceINS_7storage5e3m12ENS0_8strategyILNS0_11decode_kindE6ELi1ELNS0_14table_locationE0ELNS0_11unpack_kindE0EEEEEvPKNS2_5codecIT_E12storage_typeESE_mNS0_12table_bundleEPd
    0 bytes stack frame, 0 bytes spill stores, 0 bytes spill loads
ptxas info    : Used 26 registers, used 1 barriers, 80 bytes smem
ptxas info    : Compile time = 4.343 ms
ptxas info    : Compiling entry function '_ZN3aut17format_strategies12decode_codesINS_7storage5e3m12ENS0_8strategyILNS0_11decode_kindE6ELi1ELNS0_14table_locationE0ELNS0_11unpack_kindE0EEEEEvPKNS2_5codecIT_E12storage_typeEmNS0_12table_bundleEPd' for 'sm_90'
ptxas info    : Function properties for _ZN3aut17format_strategies12decode_codesINS_7storage5e3m12ENS0_8strategyILNS0_11decode_kindE6ELi1ELNS0_14table_locationE0ELNS0_11unpack_kindE0EEEEEvPKNS2_5codecIT_E12storage_typeEmNS0_12table_bundleEPd
    0 bytes stack frame, 0 bytes spill stores, 0 bytes spill loads
ptxas info    : Used 22 registers, used 0 barriers
ptxas info    : Compile time = 6.722 ms
ptxas info    : Compiling entry function '_ZN3aut17format_strategies4gemvINS_7storage5e3m12ENS0_8strategyILNS0_11decode_kindE3ELi8ELNS0_14table_locationE0ELNS0_11unpack_kindE0EEEEEvPKNS2_5codecIT_E12storage_typeESE_mmmNS0_12table_bundleEPd' for 'sm_90'
ptxas info    : Function properties for _ZN3aut17format_strategies4gemvINS_7storage5e3m12ENS0_8strategyILNS0_11decode_kindE3ELi8ELNS0_14table_locationE0ELNS0_11unpack_kindE0EEEEEvPKNS2_5codecIT_E12storage_typeESE_mmmNS0_12table_bundleEPd
    0 bytes stack frame, 0 bytes spill stores, 0 bytes spill loads
ptxas info    : Used 48 registers, used 1 barriers, 80 bytes smem
ptxas info    : Compile time = 14.701 ms
ptxas info    : Compiling entry function '_ZN3aut17format_strategies14dot_map_reduceINS_7storage5e3m12ENS0_8strategyILNS0_11decode_kindE3ELi8ELNS0_14table_locationE0ELNS0_11unpack_kindE0EEEEEvPKNS2_5codecIT_E12storage_typeESE_mNS0_12table_bundleEPd' for 'sm_90'
ptxas info    : Function properties for _ZN3aut17format_strategies14dot_map_reduceINS_7storage5e3m12ENS0_8strategyILNS0_11decode_kindE3ELi8ELNS0_14table_locationE0ELNS0_11unpack_kindE0EEEEEvPKNS2_5codecIT_E12storage_typeESE_mNS0_12table_bundleEPd
    0 bytes stack frame, 0 bytes spill stores, 0 bytes spill loads
ptxas info    : Used 56 registers, used 1 barriers, 80 bytes smem
ptxas info    : Compile time = 14.398 ms
ptxas info    : Compiling entry function '_ZN3aut17format_strategies12decode_codesINS_7storage5e3m12ENS0_8strategyILNS0_11decode_kindE3ELi8ELNS0_14table_locationE0ELNS0_11unpack_kindE0EEEEEvPKNS2_5codecIT_E12storage_typeEmNS0_12table_bundleEPd' for 'sm_90'
ptxas info    : Function properties for _ZN3aut17format_strategies12decode_codesINS_7storage5e3m12ENS0_8strategyILNS0_11decode_kindE3ELi8ELNS0_14table_locationE0ELNS0_11unpack_kindE0EEEEEvPKNS2_5codecIT_E12storage_typeEmNS0_12table_bundleEPd
    0 bytes stack frame, 0 bytes spill stores, 0 bytes spill loads
ptxas info    : Used 28 registers, used 0 barriers
ptxas info    : Compile time = 9.885 ms
ptxas info    : Compiling entry function '_ZN3aut17format_strategies4gemvINS_7storage5e3m12ENS0_8strategyILNS0_11decode_kindE3ELi4ELNS0_14table_locationE0ELNS0_11unpack_kindE0EEEEEvPKNS2_5codecIT_E12storage_typeESE_mmmNS0_12table_bundleEPd' for 'sm_90'
ptxas info    : Function properties for _ZN3aut17format_strategies4gemvINS_7storage5e3m12ENS0_8strategyILNS0_11decode_kindE3ELi4ELNS0_14table_locationE0ELNS0_11unpack_kindE0EEEEEvPKNS2_5codecIT_E12storage_typeESE_mmmNS0_12table_bundleEPd
    0 bytes stack frame, 0 bytes spill stores, 0 bytes spill loads
ptxas info    : Used 31 registers, used 1 barriers, 80 bytes smem
ptxas info    : Compile time = 9.854 ms
ptxas info    : Compiling entry function '_ZN3aut17format_strategies14dot_map_reduceINS_7storage5e3m12ENS0_8strategyILNS0_11decode_kindE3ELi4ELNS0_14table_locationE0ELNS0_11unpack_kindE0EEEEEvPKNS2_5codecIT_E12storage_typeESE_mNS0_12table_bundleEPd' for 'sm_90'
ptxas info    : Function properties for _ZN3aut17format_strategies14dot_map_reduceINS_7storage5e3m12ENS0_8strategyILNS0_11decode_kindE3ELi4ELNS0_14table_locationE0ELNS0_11unpack_kindE0EEEEEvPKNS2_5codecIT_E12storage_typeESE_mNS0_12table_bundleEPd
    0 bytes stack frame, 0 bytes spill stores, 0 bytes spill loads
ptxas info    : Used 32 registers, used 1 barriers, 80 bytes smem
ptxas info    : Compile time = 9.687 ms
ptxas info    : Compiling entry function '_ZN3aut17format_strategies12decode_codesINS_7storage5e3m12ENS0_8strategyILNS0_11decode_kindE3ELi4ELNS0_14table_locationE0ELNS0_11unpack_kindE0EEEEEvPKNS2_5codecIT_E12storage_typeEmNS0_12table_bundleEPd' for 'sm_90'
ptxas info    : Function properties for _ZN3aut17format_strategies12decode_codesINS_7storage5e3m12ENS0_8strategyILNS0_11decode_kindE3ELi4ELNS0_14table_locationE0ELNS0_11unpack_kindE0EEEEEvPKNS2_5codecIT_E12storage_typeEmNS0_12table_bundleEPd
    0 bytes stack frame, 0 bytes spill stores, 0 bytes spill loads
ptxas info    : Used 20 registers, used 0 barriers
ptxas info    : Compile time = 8.025 ms
ptxas info    : Compiling entry function '_ZN3aut17format_strategies4gemvINS_7storage5e3m12ENS0_8strategyILNS0_11decode_kindE3ELi1ELNS0_14table_locationE0ELNS0_11unpack_kindE0EEEEEvPKNS2_5codecIT_E12storage_typeESE_mmmNS0_12table_bundleEPd' for 'sm_90'
ptxas info    : Function properties for _ZN3aut17format_strategies4gemvINS_7storage5e3m12ENS0_8strategyILNS0_11decode_kindE3ELi1ELNS0_14table_locationE0ELNS0_11unpack_kindE0EEEEEvPKNS2_5codecIT_E12storage_typeESE_mmmNS0_12table_bundleEPd
    0 bytes stack frame, 0 bytes spill stores, 0 bytes spill loads
ptxas info    : Used 20 registers, used 1 barriers, 80 bytes smem
ptxas info    : Compile time = 6.530 ms
ptxas info    : Compiling entry function '_ZN3aut17format_strategies14dot_map_reduceINS_7storage5e3m12ENS0_8strategyILNS0_11decode_kindE3ELi1ELNS0_14table_locationE0ELNS0_11unpack_kindE0EEEEEvPKNS2_5codecIT_E12storage_typeESE_mNS0_12table_bundleEPd' for 'sm_90'
ptxas info    : Function properties for _ZN3aut17format_strategies14dot_map_reduceINS_7storage5e3m12ENS0_8strategyILNS0_11decode_kindE3ELi1ELNS0_14table_locationE0ELNS0_11unpack_kindE0EEEEEvPKNS2_5codecIT_E12storage_typeESE_mNS0_12table_bundleEPd
    0 bytes stack frame, 0 bytes spill stores, 0 bytes spill loads
ptxas info    : Used 24 registers, used 1 barriers, 80 bytes smem
ptxas info    : Compile time = 6.374 ms
ptxas info    : Compiling entry function '_ZN3aut17format_strategies12decode_codesINS_7storage5e3m12ENS0_8strategyILNS0_11decode_kindE3ELi1ELNS0_14table_locationE0ELNS0_11unpack_kindE0EEEEEvPKNS2_5codecIT_E12storage_typeEmNS0_12table_bundleEPd' for 'sm_90'
ptxas info    : Function properties for _ZN3aut17format_strategies12decode_codesINS_7storage5e3m12ENS0_8strategyILNS0_11decode_kindE3ELi1ELNS0_14table_locationE0ELNS0_11unpack_kindE0EEEEEvPKNS2_5codecIT_E12storage_typeEmNS0_12table_bundleEPd
    0 bytes stack frame, 0 bytes spill stores, 0 bytes spill loads
ptxas info    : Used 18 registers, used 0 barriers
ptxas info    : Compile time = 6.449 ms
ptxas info    : Compiling entry function '_ZN3aut17format_strategies4gemvINS_7storage5e3m12ENS0_8strategyILNS0_11decode_kindE2ELi8ELNS0_14table_locationE0ELNS0_11unpack_kindE0EEEEEvPKNS2_5codecIT_E12storage_typeESE_mmmNS0_12table_bundleEPd' for 'sm_90'
ptxas info    : Function properties for _ZN3aut17format_strategies4gemvINS_7storage5e3m12ENS0_8strategyILNS0_11decode_kindE2ELi8ELNS0_14table_locationE0ELNS0_11unpack_kindE0EEEEEvPKNS2_5codecIT_E12storage_typeESE_mmmNS0_12table_bundleEPd
    0 bytes stack frame, 0 bytes spill stores, 0 bytes spill loads
ptxas info    : Used 48 registers, used 1 barriers, 80 bytes smem
ptxas info    : Compile time = 18.410 ms
ptxas info    : Compiling entry function '_ZN3aut17format_strategies14dot_map_reduceINS_7storage5e3m12ENS0_8strategyILNS0_11decode_kindE2ELi8ELNS0_14table_locationE0ELNS0_11unpack_kindE0EEEEEvPKNS2_5codecIT_E12storage_typeESE_mNS0_12table_bundleEPd' for 'sm_90'
ptxas info    : Function properties for _ZN3aut17format_strategies14dot_map_reduceINS_7storage5e3m12ENS0_8strategyILNS0_11decode_kindE2ELi8ELNS0_14table_locationE0ELNS0_11unpack_kindE0EEEEEvPKNS2_5codecIT_E12storage_typeESE_mNS0_12table_bundleEPd
    0 bytes stack frame, 0 bytes spill stores, 0 bytes spill loads
ptxas info    : Used 68 registers, used 1 barriers, 80 bytes smem
ptxas info    : Compile time = 18.522 ms
ptxas info    : Compiling entry function '_ZN3aut17format_strategies12decode_codesINS_7storage5e3m12ENS0_8strategyILNS0_11decode_kindE2ELi8ELNS0_14table_locationE0ELNS0_11unpack_kindE0EEEEEvPKNS2_5codecIT_E12storage_typeEmNS0_12table_bundleEPd' for 'sm_90'
ptxas info    : Function properties for _ZN3aut17format_strategies12decode_codesINS_7storage5e3m12ENS0_8strategyILNS0_11decode_kindE2ELi8ELNS0_14table_locationE0ELNS0_11unpack_kindE0EEEEEvPKNS2_5codecIT_E12storage_typeEmNS0_12table_bundleEPd
    0 bytes stack frame, 0 bytes spill stores, 0 bytes spill loads
ptxas info    : Used 30 registers, used 0 barriers
ptxas info    : Compile time = 11.787 ms
ptxas info    : Compiling entry function '_ZN3aut17format_strategies4gemvINS_7storage5e3m12ENS0_8strategyILNS0_11decode_kindE2ELi4ELNS0_14table_locationE0ELNS0_11unpack_kindE0EEEEEvPKNS2_5codecIT_E12storage_typeESE_mmmNS0_12table_bundleEPd' for 'sm_90'
ptxas info    : Function properties for _ZN3aut17format_strategies4gemvINS_7storage5e3m12ENS0_8strategyILNS0_11decode_kindE2ELi4ELNS0_14table_locationE0ELNS0_11unpack_kindE0EEEEEvPKNS2_5codecIT_E12storage_typeESE_mmmNS0_12table_bundleEPd
    0 bytes stack frame, 0 bytes spill stores, 0 bytes spill loads
ptxas info    : Used 32 registers, used 1 barriers, 80 bytes smem
ptxas info    : Compile time = 11.308 ms
ptxas info    : Compiling entry function '_ZN3aut17format_strategies14dot_map_reduceINS_7storage5e3m12ENS0_8strategyILNS0_11decode_kindE2ELi4ELNS0_14table_locationE0ELNS0_11unpack_kindE0EEEEEvPKNS2_5codecIT_E12storage_typeESE_mNS0_12table_bundleEPd' for 'sm_90'
ptxas info    : Function properties for _ZN3aut17format_strategies14dot_map_reduceINS_7storage5e3m12ENS0_8strategyILNS0_11decode_kindE2ELi4ELNS0_14table_locationE0ELNS0_11unpack_kindE0EEEEEvPKNS2_5codecIT_E12storage_typeESE_mNS0_12table_bundleEPd
    0 bytes stack frame, 0 bytes spill stores, 0 bytes spill loads
ptxas info    : Used 44 registers, used 1 barriers, 80 bytes smem
ptxas info    : Compile time = 11.919 ms
ptxas info    : Compiling entry function '_ZN3aut17format_strategies12decode_codesINS_7storage5e3m12ENS0_8strategyILNS0_11decode_kindE2ELi4ELNS0_14table_locationE0ELNS0_11unpack_kindE0EEEEEvPKNS2_5codecIT_E12storage_typeEmNS0_12table_bundleEPd' for 'sm_90'
ptxas info    : Function properties for _ZN3aut17format_strategies12decode_codesINS_7storage5e3m12ENS0_8strategyILNS0_11decode_kindE2ELi4ELNS0_14table_locationE0ELNS0_11unpack_kindE0EEEEEvPKNS2_5codecIT_E12storage_typeEmNS0_12table_bundleEPd
    0 bytes stack frame, 0 bytes spill stores, 0 bytes spill loads
ptxas info    : Used 29 registers, used 0 barriers
ptxas info    : Compile time = 9.267 ms
ptxas info    : Compiling entry function '_ZN3aut17format_strategies4gemvINS_7storage5e3m12ENS0_8strategyILNS0_11decode_kindE2ELi1ELNS0_14table_locationE0ELNS0_11unpack_kindE0EEEEEvPKNS2_5codecIT_E12storage_typeESE_mmmNS0_12table_bundleEPd' for 'sm_90'
ptxas info    : Function properties for _ZN3aut17format_strategies4gemvINS_7storage5e3m12ENS0_8strategyILNS0_11decode_kindE2ELi1ELNS0_14table_locationE0ELNS0_11unpack_kindE0EEEEEvPKNS2_5codecIT_E12storage_typeESE_mmmNS0_12table_bundleEPd
    0 bytes stack frame, 0 bytes spill stores, 0 bytes spill loads
ptxas info    : Used 26 registers, used 1 barriers, 80 bytes smem
ptxas info    : Compile time = 7.061 ms
ptxas info    : Compiling entry function '_ZN3aut17format_strategies14dot_map_reduceINS_7storage5e3m12ENS0_8strategyILNS0_11decode_kindE2ELi1ELNS0_14table_locationE0ELNS0_11unpack_kindE0EEEEEvPKNS2_5codecIT_E12storage_typeESE_mNS0_12table_bundleEPd' for 'sm_90'
ptxas info    : Function properties for _ZN3aut17format_strategies14dot_map_reduceINS_7storage5e3m12ENS0_8strategyILNS0_11decode_kindE2ELi1ELNS0_14table_locationE0ELNS0_11unpack_kindE0EEEEEvPKNS2_5codecIT_E12storage_typeESE_mNS0_12table_bundleEPd
    0 bytes stack frame, 0 bytes spill stores, 0 bytes spill loads
ptxas info    : Used 28 registers, used 1 barriers, 80 bytes smem
ptxas info    : Compile time = 6.916 ms
ptxas info    : Compiling entry function '_ZN3aut17format_strategies12decode_codesINS_7storage5e3m12ENS0_8strategyILNS0_11decode_kindE2ELi1ELNS0_14table_locationE0ELNS0_11unpack_kindE0EEEEEvPKNS2_5codecIT_E12storage_typeEmNS0_12table_bundleEPd' for 'sm_90'
ptxas info    : Function properties for _ZN3aut17format_strategies12decode_codesINS_7storage5e3m12ENS0_8strategyILNS0_11decode_kindE2ELi1ELNS0_14table_locationE0ELNS0_11unpack_kindE0EEEEEvPKNS2_5codecIT_E12storage_typeEmNS0_12table_bundleEPd
    0 bytes stack frame, 0 bytes spill stores, 0 bytes spill loads
ptxas info    : Used 23 registers, used 0 barriers
ptxas info    : Compile time = 7.398 ms
ptxas info    : Compiling entry function '_ZN3aut17format_strategies4gemvINS_7storage5e3m12ENS0_8strategyILNS0_11decode_kindE1ELi8ELNS0_14table_locationE0ELNS0_11unpack_kindE0EEEEEvPKNS2_5codecIT_E12storage_typeESE_mmmNS0_12table_bundleEPd' for 'sm_90'
ptxas info    : Function properties for _ZN3aut17format_strategies4gemvINS_7storage5e3m12ENS0_8strategyILNS0_11decode_kindE1ELi8ELNS0_14table_locationE0ELNS0_11unpack_kindE0EEEEEvPKNS2_5codecIT_E12storage_typeESE_mmmNS0_12table_bundleEPd
    0 bytes stack frame, 0 bytes spill stores, 0 bytes spill loads
ptxas info    : Used 60 registers, used 1 barriers, 80 bytes smem
ptxas info    : Compile time = 16.741 ms
ptxas info    : Compiling entry function '_ZN3aut17format_strategies14dot_map_reduceINS_7storage5e3m12ENS0_8strategyILNS0_11decode_kindE1ELi8ELNS0_14table_locationE0ELNS0_11unpack_kindE0EEEEEvPKNS2_5codecIT_E12storage_typeESE_mNS0_12table_bundleEPd' for 'sm_90'
ptxas info    : Function properties for _ZN3aut17format_strategies14dot_map_reduceINS_7storage5e3m12ENS0_8strategyILNS0_11decode_kindE1ELi8ELNS0_14table_locationE0ELNS0_11unpack_kindE0EEEEEvPKNS2_5codecIT_E12storage_typeESE_mNS0_12table_bundleEPd
    0 bytes stack frame, 0 bytes spill stores, 0 bytes spill loads
ptxas info    : Used 61 registers, used 1 barriers, 80 bytes smem
ptxas info    : Compile time = 16.735 ms
ptxas info    : Compiling entry function '_ZN3aut17format_strategies12decode_codesINS_7storage5e3m12ENS0_8strategyILNS0_11decode_kindE1ELi8ELNS0_14table_locationE0ELNS0_11unpack_kindE0EEEEEvPKNS2_5codecIT_E12storage_typeEmNS0_12table_bundleEPd' for 'sm_90'
ptxas info    : Function properties for _ZN3aut17format_strategies12decode_codesINS_7storage5e3m12ENS0_8strategyILNS0_11decode_kindE1ELi8ELNS0_14table_locationE0ELNS0_11unpack_kindE0EEEEEvPKNS2_5codecIT_E12storage_typeEmNS0_12table_bundleEPd
    0 bytes stack frame, 0 bytes spill stores, 0 bytes spill loads
ptxas info    : Used 29 registers, used 0 barriers
ptxas info    : Compile time = 11.531 ms
ptxas info    : Compiling entry function '_ZN3aut17format_strategies4gemvINS_7storage5e3m12ENS0_8strategyILNS0_11decode_kindE1ELi4ELNS0_14table_locationE0ELNS0_11unpack_kindE0EEEEEvPKNS2_5codecIT_E12storage_typeESE_mmmNS0_12table_bundleEPd' for 'sm_90'
ptxas info    : Function properties for _ZN3aut17format_strategies4gemvINS_7storage5e3m12ENS0_8strategyILNS0_11decode_kindE1ELi4ELNS0_14table_locationE0ELNS0_11unpack_kindE0EEEEEvPKNS2_5codecIT_E12storage_typeESE_mmmNS0_12table_bundleEPd
    0 bytes stack frame, 0 bytes spill stores, 0 bytes spill loads
ptxas info    : Used 38 registers, used 1 barriers, 80 bytes smem
ptxas info    : Compile time = 11.261 ms
ptxas info    : Compiling entry function '_ZN3aut17format_strategies14dot_map_reduceINS_7storage5e3m12ENS0_8strategyILNS0_11decode_kindE1ELi4ELNS0_14table_locationE0ELNS0_11unpack_kindE0EEEEEvPKNS2_5codecIT_E12storage_typeESE_mNS0_12table_bundleEPd' for 'sm_90'
ptxas info    : Function properties for _ZN3aut17format_strategies14dot_map_reduceINS_7storage5e3m12ENS0_8strategyILNS0_11decode_kindE1ELi4ELNS0_14table_locationE0ELNS0_11unpack_kindE0EEEEEvPKNS2_5codecIT_E12storage_typeESE_mNS0_12table_bundleEPd
    0 bytes stack frame, 0 bytes spill stores, 0 bytes spill loads
ptxas info    : Used 40 registers, used 1 barriers, 80 bytes smem
ptxas info    : Compile time = 11.126 ms
ptxas info    : Compiling entry function '_ZN3aut17format_strategies12decode_codesINS_7storage5e3m12ENS0_8strategyILNS0_11decode_kindE1ELi4ELNS0_14table_locationE0ELNS0_11unpack_kindE0EEEEEvPKNS2_5codecIT_E12storage_typeEmNS0_12table_bundleEPd' for 'sm_90'
ptxas info    : Function properties for _ZN3aut17format_strategies12decode_codesINS_7storage5e3m12ENS0_8strategyILNS0_11decode_kindE1ELi4ELNS0_14table_locationE0ELNS0_11unpack_kindE0EEEEEvPKNS2_5codecIT_E12storage_typeEmNS0_12table_bundleEPd
    0 bytes stack frame, 0 bytes spill stores, 0 bytes spill loads
ptxas info    : Used 21 registers, used 0 barriers
ptxas info    : Compile time = 9.188 ms
ptxas info    : Compiling entry function '_ZN3aut17format_strategies4gemvINS_7storage5e3m12ENS0_8strategyILNS0_11decode_kindE1ELi1ELNS0_14table_locationE0ELNS0_11unpack_kindE0EEEEEvPKNS2_5codecIT_E12storage_typeESE_mmmNS0_12table_bundleEPd' for 'sm_90'
ptxas info    : Function properties for _ZN3aut17format_strategies4gemvINS_7storage5e3m12ENS0_8strategyILNS0_11decode_kindE1ELi1ELNS0_14table_locationE0ELNS0_11unpack_kindE0EEEEEvPKNS2_5codecIT_E12storage_typeESE_mmmNS0_12table_bundleEPd
    0 bytes stack frame, 0 bytes spill stores, 0 bytes spill loads
ptxas info    : Used 21 registers, used 1 barriers, 80 bytes smem
ptxas info    : Compile time = 7.177 ms
ptxas info    : Compiling entry function '_ZN3aut17format_strategies14dot_map_reduceINS_7storage5e3m12ENS0_8strategyILNS0_11decode_kindE1ELi1ELNS0_14table_locationE0ELNS0_11unpack_kindE0EEEEEvPKNS2_5codecIT_E12storage_typeESE_mNS0_12table_bundleEPd' for 'sm_90'
ptxas info    : Function properties for _ZN3aut17format_strategies14dot_map_reduceINS_7storage5e3m12ENS0_8strategyILNS0_11decode_kindE1ELi1ELNS0_14table_locationE0ELNS0_11unpack_kindE0EEEEEvPKNS2_5codecIT_E12storage_typeESE_mNS0_12table_bundleEPd
    0 bytes stack frame, 0 bytes spill stores, 0 bytes spill loads
ptxas info    : Used 28 registers, used 1 barriers, 80 bytes smem
ptxas info    : Compile time = 6.975 ms
ptxas info    : Compiling entry function '_ZN3aut17format_strategies12decode_codesINS_7storage5e3m12ENS0_8strategyILNS0_11decode_kindE1ELi1ELNS0_14table_locationE0ELNS0_11unpack_kindE0EEEEEvPKNS2_5codecIT_E12storage_typeEmNS0_12table_bundleEPd' for 'sm_90'
ptxas info    : Function properties for _ZN3aut17format_strategies12decode_codesINS_7storage5e3m12ENS0_8strategyILNS0_11decode_kindE1ELi1ELNS0_14table_locationE0ELNS0_11unpack_kindE0EEEEEvPKNS2_5codecIT_E12storage_typeEmNS0_12table_bundleEPd
    0 bytes stack frame, 0 bytes spill stores, 0 bytes spill loads
ptxas info    : Used 21 registers, used 0 barriers
ptxas info    : Compile time = 7.303 ms
ptxas info    : Compiling entry function '_ZN3aut17format_strategies4gemvINS_7storage5e3m12ENS0_8strategyILNS0_11decode_kindE0ELi8ELNS0_14table_locationE0ELNS0_11unpack_kindE0EEEEEvPKNS2_5codecIT_E12storage_typeESE_mmmNS0_12table_bundleEPd' for 'sm_90'
ptxas info    : Function properties for _ZN3aut17format_strategies4gemvINS_7storage5e3m12ENS0_8strategyILNS0_11decode_kindE0ELi8ELNS0_14table_locationE0ELNS0_11unpack_kindE0EEEEEvPKNS2_5codecIT_E12storage_typeESE_mmmNS0_12table_bundleEPd
    0 bytes stack frame, 0 bytes spill stores, 0 bytes spill loads
ptxas info    : Used 60 registers, used 1 barriers, 80 bytes smem
ptxas info    : Compile time = 17.713 ms
ptxas info    : Compiling entry function '_ZN3aut17format_strategies14dot_map_reduceINS_7storage5e3m12ENS0_8strategyILNS0_11decode_kindE0ELi8ELNS0_14table_locationE0ELNS0_11unpack_kindE0EEEEEvPKNS2_5codecIT_E12storage_typeESE_mNS0_12table_bundleEPd' for 'sm_90'
ptxas info    : Function properties for _ZN3aut17format_strategies14dot_map_reduceINS_7storage5e3m12ENS0_8strategyILNS0_11decode_kindE0ELi8ELNS0_14table_locationE0ELNS0_11unpack_kindE0EEEEEvPKNS2_5codecIT_E12storage_typeESE_mNS0_12table_bundleEPd
    0 bytes stack frame, 0 bytes spill stores, 0 bytes spill loads
ptxas info    : Used 62 registers, used 1 barriers, 80 bytes smem
ptxas info    : Compile time = 17.304 ms
ptxas info    : Compiling entry function '_ZN3aut17format_strategies12decode_codesINS_7storage5e3m12ENS0_8strategyILNS0_11decode_kindE0ELi8ELNS0_14table_locationE0ELNS0_11unpack_kindE0EEEEEvPKNS2_5codecIT_E12storage_typeEmNS0_12table_bundleEPd' for 'sm_90'
ptxas info    : Function properties for _ZN3aut17format_strategies12decode_codesINS_7storage5e3m12ENS0_8strategyILNS0_11decode_kindE0ELi8ELNS0_14table_locationE0ELNS0_11unpack_kindE0EEEEEvPKNS2_5codecIT_E12storage_typeEmNS0_12table_bundleEPd
    0 bytes stack frame, 0 bytes spill stores, 0 bytes spill loads
ptxas info    : Used 27 registers, used 0 barriers
ptxas info    : Compile time = 12.211 ms
ptxas info    : Compiling entry function '_ZN3aut17format_strategies4gemvINS_7storage5e3m12ENS0_8strategyILNS0_11decode_kindE0ELi4ELNS0_14table_locationE0ELNS0_11unpack_kindE0EEEEEvPKNS2_5codecIT_E12storage_typeESE_mmmNS0_12table_bundleEPd' for 'sm_90'
ptxas info    : Function properties for _ZN3aut17format_strategies4gemvINS_7storage5e3m12ENS0_8strategyILNS0_11decode_kindE0ELi4ELNS0_14table_locationE0ELNS0_11unpack_kindE0EEEEEvPKNS2_5codecIT_E12storage_typeESE_mmmNS0_12table_bundleEPd
    0 bytes stack frame, 0 bytes spill stores, 0 bytes spill loads
ptxas info    : Used 37 registers, used 1 barriers, 80 bytes smem
ptxas info    : Compile time = 11.605 ms
ptxas info    : Compiling entry function '_ZN3aut17format_strategies14dot_map_reduceINS_7storage5e3m12ENS0_8strategyILNS0_11decode_kindE0ELi4ELNS0_14table_locationE0ELNS0_11unpack_kindE0EEEEEvPKNS2_5codecIT_E12storage_typeESE_mNS0_12table_bundleEPd' for 'sm_90'
ptxas info    : Function properties for _ZN3aut17format_strategies14dot_map_reduceINS_7storage5e3m12ENS0_8strategyILNS0_11decode_kindE0ELi4ELNS0_14table_locationE0ELNS0_11unpack_kindE0EEEEEvPKNS2_5codecIT_E12storage_typeESE_mNS0_12table_bundleEPd
    0 bytes stack frame, 0 bytes spill stores, 0 bytes spill loads
ptxas info    : Used 40 registers, used 1 barriers, 80 bytes smem
ptxas info    : Compile time = 11.590 ms
ptxas info    : Compiling entry function '_ZN3aut17format_strategies12decode_codesINS_7storage5e3m12ENS0_8strategyILNS0_11decode_kindE0ELi4ELNS0_14table_locationE0ELNS0_11unpack_kindE0EEEEEvPKNS2_5codecIT_E12storage_typeEmNS0_12table_bundleEPd' for 'sm_90'
ptxas info    : Function properties for _ZN3aut17format_strategies12decode_codesINS_7storage5e3m12ENS0_8strategyILNS0_11decode_kindE0ELi4ELNS0_14table_locationE0ELNS0_11unpack_kindE0EEEEEvPKNS2_5codecIT_E12storage_typeEmNS0_12table_bundleEPd
    0 bytes stack frame, 0 bytes spill stores, 0 bytes spill loads
ptxas info    : Used 22 registers, used 0 barriers
ptxas info    : Compile time = 9.420 ms
ptxas info    : Compiling entry function '_ZN3aut17format_strategies4gemvINS_7storage5e3m12ENS0_8strategyILNS0_11decode_kindE0ELi1ELNS0_14table_locationE0ELNS0_11unpack_kindE0EEEEEvPKNS2_5codecIT_E12storage_typeESE_mmmNS0_12table_bundleEPd' for 'sm_90'
ptxas info    : Function properties for _ZN3aut17format_strategies4gemvINS_7storage5e3m12ENS0_8strategyILNS0_11decode_kindE0ELi1ELNS0_14table_locationE0ELNS0_11unpack_kindE0EEEEEvPKNS2_5codecIT_E12storage_typeESE_mmmNS0_12table_bundleEPd
    0 bytes stack frame, 0 bytes spill stores, 0 bytes spill loads
ptxas info    : Used 22 registers, used 1 barriers, 80 bytes smem
ptxas info    : Compile time = 7.260 ms
ptxas info    : Compiling entry function '_ZN3aut17format_strategies14dot_map_reduceINS_7storage5e3m12ENS0_8strategyILNS0_11decode_kindE0ELi1ELNS0_14table_locationE0ELNS0_11unpack_kindE0EEEEEvPKNS2_5codecIT_E12storage_typeESE_mNS0_12table_bundleEPd' for 'sm_90'
ptxas info    : Function properties for _ZN3aut17format_strategies14dot_map_reduceINS_7storage5e3m12ENS0_8strategyILNS0_11decode_kindE0ELi1ELNS0_14table_locationE0ELNS0_11unpack_kindE0EEEEEvPKNS2_5codecIT_E12storage_typeESE_mNS0_12table_bundleEPd
    0 bytes stack frame, 0 bytes spill stores, 0 bytes spill loads
ptxas info    : Used 28 registers, used 1 barriers, 80 bytes smem
ptxas info    : Compile time = 7.158 ms
ptxas info    : Compiling entry function '_ZN3aut17format_strategies12decode_codesINS_7storage5e3m12ENS0_8strategyILNS0_11decode_kindE0ELi1ELNS0_14table_locationE0ELNS0_11unpack_kindE0EEEEEvPKNS2_5codecIT_E12storage_typeEmNS0_12table_bundleEPd' for 'sm_90'
ptxas info    : Function properties for _ZN3aut17format_strategies12decode_codesINS_7storage5e3m12ENS0_8strategyILNS0_11decode_kindE0ELi1ELNS0_14table_locationE0ELNS0_11unpack_kindE0EEEEEvPKNS2_5codecIT_E12storage_typeEmNS0_12table_bundleEPd
    0 bytes stack frame, 0 bytes spill stores, 0 bytes spill loads
ptxas info    : Used 21 registers, used 0 barriers
ptxas info    : Compile time = 7.447 ms
ptxas info    : Compiling entry function '_ZN3aut17format_strategies4gemvINS_7storage5e2m13ENS0_8strategyILNS0_11decode_kindE8ELi8ELNS0_14table_locationE1ELNS0_11unpack_kindE0EEEEEvPKNS2_5codecIT_E12storage_typeESE_mmmNS0_12table_bundleEPd' for 'sm_90'
ptxas info    : Function properties for _ZN3aut17format_strategies4gemvINS_7storage5e2m13ENS0_8strategyILNS0_11decode_kindE8ELi8ELNS0_14table_locationE1ELNS0_11unpack_kindE0EEEEEvPKNS2_5codecIT_E12storage_typeESE_mmmNS0_12table_bundleEPd
    0 bytes stack frame, 0 bytes spill stores, 0 bytes spill loads
ptxas info    : Used 59 registers, used 1 barriers, 80 bytes smem
ptxas info    : Compile time = 17.369 ms
ptxas info    : Compiling entry function '_ZN3aut17format_strategies14dot_map_reduceINS_7storage5e2m13ENS0_8strategyILNS0_11decode_kindE8ELi8ELNS0_14table_locationE1ELNS0_11unpack_kindE0EEEEEvPKNS2_5codecIT_E12storage_typeESE_mNS0_12table_bundleEPd' for 'sm_90'
ptxas info    : Function properties for _ZN3aut17format_strategies14dot_map_reduceINS_7storage5e2m13ENS0_8strategyILNS0_11decode_kindE8ELi8ELNS0_14table_locationE1ELNS0_11unpack_kindE0EEEEEvPKNS2_5codecIT_E12storage_typeESE_mNS0_12table_bundleEPd
    0 bytes stack frame, 0 bytes spill stores, 0 bytes spill loads
ptxas info    : Used 60 registers, used 1 barriers, 80 bytes smem
ptxas info    : Compile time = 16.961 ms
ptxas info    : Compiling entry function '_ZN3aut17format_strategies12decode_codesINS_7storage5e2m13ENS0_8strategyILNS0_11decode_kindE8ELi8ELNS0_14table_locationE1ELNS0_11unpack_kindE0EEEEEvPKNS2_5codecIT_E12storage_typeEmNS0_12table_bundleEPd' for 'sm_90'
ptxas info    : Function properties for _ZN3aut17format_strategies12decode_codesINS_7storage5e2m13ENS0_8strategyILNS0_11decode_kindE8ELi8ELNS0_14table_locationE1ELNS0_11unpack_kindE0EEEEEvPKNS2_5codecIT_E12storage_typeEmNS0_12table_bundleEPd
    0 bytes stack frame, 0 bytes spill stores, 0 bytes spill loads
ptxas info    : Used 27 registers, used 1 barriers
ptxas info    : Compile time = 12.340 ms
ptxas info    : Compiling entry function '_ZN3aut17format_strategies4gemvINS_7storage5e2m13ENS0_8strategyILNS0_11decode_kindE8ELi4ELNS0_14table_locationE1ELNS0_11unpack_kindE0EEEEEvPKNS2_5codecIT_E12storage_typeESE_mmmNS0_12table_bundleEPd' for 'sm_90'
ptxas info    : Function properties for _ZN3aut17format_strategies4gemvINS_7storage5e2m13ENS0_8strategyILNS0_11decode_kindE8ELi4ELNS0_14table_locationE1ELNS0_11unpack_kindE0EEEEEvPKNS2_5codecIT_E12storage_typeESE_mmmNS0_12table_bundleEPd
    0 bytes stack frame, 0 bytes spill stores, 0 bytes spill loads
ptxas info    : Used 38 registers, used 1 barriers, 80 bytes smem
ptxas info    : Compile time = 11.661 ms
ptxas info    : Compiling entry function '_ZN3aut17format_strategies14dot_map_reduceINS_7storage5e2m13ENS0_8strategyILNS0_11decode_kindE8ELi4ELNS0_14table_locationE1ELNS0_11unpack_kindE0EEEEEvPKNS2_5codecIT_E12storage_typeESE_mNS0_12table_bundleEPd' for 'sm_90'
ptxas info    : Function properties for _ZN3aut17format_strategies14dot_map_reduceINS_7storage5e2m13ENS0_8strategyILNS0_11decode_kindE8ELi4ELNS0_14table_locationE1ELNS0_11unpack_kindE0EEEEEvPKNS2_5codecIT_E12storage_typeESE_mNS0_12table_bundleEPd
    0 bytes stack frame, 0 bytes spill stores, 0 bytes spill loads
ptxas info    : Used 40 registers, used 1 barriers, 80 bytes smem
ptxas info    : Compile time = 11.577 ms
ptxas info    : Compiling entry function '_ZN3aut17format_strategies12decode_codesINS_7storage5e2m13ENS0_8strategyILNS0_11decode_kindE8ELi4ELNS0_14table_locationE1ELNS0_11unpack_kindE0EEEEEvPKNS2_5codecIT_E12storage_typeEmNS0_12table_bundleEPd' for 'sm_90'
ptxas info    : Function properties for _ZN3aut17format_strategies12decode_codesINS_7storage5e2m13ENS0_8strategyILNS0_11decode_kindE8ELi4ELNS0_14table_locationE1ELNS0_11unpack_kindE0EEEEEvPKNS2_5codecIT_E12storage_typeEmNS0_12table_bundleEPd
    0 bytes stack frame, 0 bytes spill stores, 0 bytes spill loads
ptxas info    : Used 24 registers, used 1 barriers
ptxas info    : Compile time = 9.899 ms
ptxas info    : Compiling entry function '_ZN3aut17format_strategies4gemvINS_7storage5e2m13ENS0_8strategyILNS0_11decode_kindE8ELi8ELNS0_14table_locationE0ELNS0_11unpack_kindE0EEEEEvPKNS2_5codecIT_E12storage_typeESE_mmmNS0_12table_bundleEPd' for 'sm_90'
ptxas info    : Function properties for _ZN3aut17format_strategies4gemvINS_7storage5e2m13ENS0_8strategyILNS0_11decode_kindE8ELi8ELNS0_14table_locationE0ELNS0_11unpack_kindE0EEEEEvPKNS2_5codecIT_E12storage_typeESE_mmmNS0_12table_bundleEPd
    0 bytes stack frame, 0 bytes spill stores, 0 bytes spill loads
ptxas info    : Used 59 registers, used 1 barriers, 80 bytes smem
ptxas info    : Compile time = 16.761 ms
ptxas info    : Compiling entry function '_ZN3aut17format_strategies14dot_map_reduceINS_7storage5e2m13ENS0_8strategyILNS0_11decode_kindE8ELi8ELNS0_14table_locationE0ELNS0_11unpack_kindE0EEEEEvPKNS2_5codecIT_E12storage_typeESE_mNS0_12table_bundleEPd' for 'sm_90'
ptxas info    : Function properties for _ZN3aut17format_strategies14dot_map_reduceINS_7storage5e2m13ENS0_8strategyILNS0_11decode_kindE8ELi8ELNS0_14table_locationE0ELNS0_11unpack_kindE0EEEEEvPKNS2_5codecIT_E12storage_typeESE_mNS0_12table_bundleEPd
    0 bytes stack frame, 0 bytes spill stores, 0 bytes spill loads
ptxas info    : Used 60 registers, used 1 barriers, 80 bytes smem
ptxas info    : Compile time = 16.187 ms
ptxas info    : Compiling entry function '_ZN3aut17format_strategies12decode_codesINS_7storage5e2m13ENS0_8strategyILNS0_11decode_kindE8ELi8ELNS0_14table_locationE0ELNS0_11unpack_kindE0EEEEEvPKNS2_5codecIT_E12storage_typeEmNS0_12table_bundleEPd' for 'sm_90'
ptxas info    : Function properties for _ZN3aut17format_strategies12decode_codesINS_7storage5e2m13ENS0_8strategyILNS0_11decode_kindE8ELi8ELNS0_14table_locationE0ELNS0_11unpack_kindE0EEEEEvPKNS2_5codecIT_E12storage_typeEmNS0_12table_bundleEPd
    0 bytes stack frame, 0 bytes spill stores, 0 bytes spill loads
ptxas info    : Used 27 registers, used 0 barriers
ptxas info    : Compile time = 11.326 ms
ptxas info    : Compiling entry function '_ZN3aut17format_strategies4gemvINS_7storage5e2m13ENS0_8strategyILNS0_11decode_kindE8ELi4ELNS0_14table_locationE0ELNS0_11unpack_kindE0EEEEEvPKNS2_5codecIT_E12storage_typeESE_mmmNS0_12table_bundleEPd' for 'sm_90'
ptxas info    : Function properties for _ZN3aut17format_strategies4gemvINS_7storage5e2m13ENS0_8strategyILNS0_11decode_kindE8ELi4ELNS0_14table_locationE0ELNS0_11unpack_kindE0EEEEEvPKNS2_5codecIT_E12storage_typeESE_mmmNS0_12table_bundleEPd
    0 bytes stack frame, 0 bytes spill stores, 0 bytes spill loads
ptxas info    : Used 36 registers, used 1 barriers, 80 bytes smem
ptxas info    : Compile time = 11.542 ms
ptxas info    : Compiling entry function '_ZN3aut17format_strategies14dot_map_reduceINS_7storage5e2m13ENS0_8strategyILNS0_11decode_kindE8ELi4ELNS0_14table_locationE0ELNS0_11unpack_kindE0EEEEEvPKNS2_5codecIT_E12storage_typeESE_mNS0_12table_bundleEPd' for 'sm_90'
ptxas info    : Function properties for _ZN3aut17format_strategies14dot_map_reduceINS_7storage5e2m13ENS0_8strategyILNS0_11decode_kindE8ELi4ELNS0_14table_locationE0ELNS0_11unpack_kindE0EEEEEvPKNS2_5codecIT_E12storage_typeESE_mNS0_12table_bundleEPd
    0 bytes stack frame, 0 bytes spill stores, 0 bytes spill loads
ptxas info    : Used 40 registers, used 1 barriers, 80 bytes smem
ptxas info    : Compile time = 10.981 ms
ptxas info    : Compiling entry function '_ZN3aut17format_strategies12decode_codesINS_7storage5e2m13ENS0_8strategyILNS0_11decode_kindE8ELi4ELNS0_14table_locationE0ELNS0_11unpack_kindE0EEEEEvPKNS2_5codecIT_E12storage_typeEmNS0_12table_bundleEPd' for 'sm_90'
ptxas info    : Function properties for _ZN3aut17format_strategies12decode_codesINS_7storage5e2m13ENS0_8strategyILNS0_11decode_kindE8ELi4ELNS0_14table_locationE0ELNS0_11unpack_kindE0EEEEEvPKNS2_5codecIT_E12storage_typeEmNS0_12table_bundleEPd
    0 bytes stack frame, 0 bytes spill stores, 0 bytes spill loads
ptxas info    : Used 23 registers, used 0 barriers
ptxas info    : Compile time = 9.111 ms
ptxas info    : Compiling entry function '_ZN3aut17format_strategies4gemvINS_7storage5e2m13ENS0_8strategyILNS0_11decode_kindE7ELi8ELNS0_14table_locationE1ELNS0_11unpack_kindE0EEEEEvPKNS2_5codecIT_E12storage_typeESE_mmmNS0_12table_bundleEPd' for 'sm_90'
ptxas info    : Function properties for _ZN3aut17format_strategies4gemvINS_7storage5e2m13ENS0_8strategyILNS0_11decode_kindE7ELi8ELNS0_14table_locationE1ELNS0_11unpack_kindE0EEEEEvPKNS2_5codecIT_E12storage_typeESE_mmmNS0_12table_bundleEPd
    0 bytes stack frame, 0 bytes spill stores, 0 bytes spill loads
ptxas info    : Used 44 registers, used 1 barriers, 80 bytes smem
ptxas info    : Compile time = 12.562 ms
ptxas info    : Compiling entry function '_ZN3aut17format_strategies14dot_map_reduceINS_7storage5e2m13ENS0_8strategyILNS0_11decode_kindE7ELi8ELNS0_14table_locationE1ELNS0_11unpack_kindE0EEEEEvPKNS2_5codecIT_E12storage_typeESE_mNS0_12table_bundleEPd' for 'sm_90'
ptxas info    : Function properties for _ZN3aut17format_strategies14dot_map_reduceINS_7storage5e2m13ENS0_8strategyILNS0_11decode_kindE7ELi8ELNS0_14table_locationE1ELNS0_11unpack_kindE0EEEEEvPKNS2_5codecIT_E12storage_typeESE_mNS0_12table_bundleEPd
    0 bytes stack frame, 0 bytes spill stores, 0 bytes spill loads
ptxas info    : Used 48 registers, used 1 barriers, 80 bytes smem
ptxas info    : Compile time = 12.302 ms
ptxas info    : Compiling entry function '_ZN3aut17format_strategies12decode_codesINS_7storage5e2m13ENS0_8strategyILNS0_11decode_kindE7ELi8ELNS0_14table_locationE1ELNS0_11unpack_kindE0EEEEEvPKNS2_5codecIT_E12storage_typeEmNS0_12table_bundleEPd' for 'sm_90'
ptxas info    : Function properties for _ZN3aut17format_strategies12decode_codesINS_7storage5e2m13ENS0_8strategyILNS0_11decode_kindE7ELi8ELNS0_14table_locationE1ELNS0_11unpack_kindE0EEEEEvPKNS2_5codecIT_E12storage_typeEmNS0_12table_bundleEPd
    0 bytes stack frame, 0 bytes spill stores, 0 bytes spill loads
ptxas info    : Used 24 registers, used 1 barriers
ptxas info    : Compile time = 8.758 ms
ptxas info    : Compiling entry function '_ZN3aut17format_strategies4gemvINS_7storage5e2m13ENS0_8strategyILNS0_11decode_kindE7ELi4ELNS0_14table_locationE1ELNS0_11unpack_kindE0EEEEEvPKNS2_5codecIT_E12storage_typeESE_mmmNS0_12table_bundleEPd' for 'sm_90'
ptxas info    : Function properties for _ZN3aut17format_strategies4gemvINS_7storage5e2m13ENS0_8strategyILNS0_11decode_kindE7ELi4ELNS0_14table_locationE1ELNS0_11unpack_kindE0EEEEEvPKNS2_5codecIT_E12storage_typeESE_mmmNS0_12table_bundleEPd
    0 bytes stack frame, 0 bytes spill stores, 0 bytes spill loads
ptxas info    : Used 28 registers, used 1 barriers, 80 bytes smem
ptxas info    : Compile time = 9.103 ms
ptxas info    : Compiling entry function '_ZN3aut17format_strategies14dot_map_reduceINS_7storage5e2m13ENS0_8strategyILNS0_11decode_kindE7ELi4ELNS0_14table_locationE1ELNS0_11unpack_kindE0EEEEEvPKNS2_5codecIT_E12storage_typeESE_mNS0_12table_bundleEPd' for 'sm_90'
ptxas info    : Function properties for _ZN3aut17format_strategies14dot_map_reduceINS_7storage5e2m13ENS0_8strategyILNS0_11decode_kindE7ELi4ELNS0_14table_locationE1ELNS0_11unpack_kindE0EEEEEvPKNS2_5codecIT_E12storage_typeESE_mNS0_12table_bundleEPd
    0 bytes stack frame, 0 bytes spill stores, 0 bytes spill loads
ptxas info    : Used 32 registers, used 1 barriers, 80 bytes smem
ptxas info    : Compile time = 9.288 ms
ptxas info    : Compiling entry function '_ZN3aut17format_strategies12decode_codesINS_7storage5e2m13ENS0_8strategyILNS0_11decode_kindE7ELi4ELNS0_14table_locationE1ELNS0_11unpack_kindE0EEEEEvPKNS2_5codecIT_E12storage_typeEmNS0_12table_bundleEPd' for 'sm_90'
ptxas info    : Function properties for _ZN3aut17format_strategies12decode_codesINS_7storage5e2m13ENS0_8strategyILNS0_11decode_kindE7ELi4ELNS0_14table_locationE1ELNS0_11unpack_kindE0EEEEEvPKNS2_5codecIT_E12storage_typeEmNS0_12table_bundleEPd
    0 bytes stack frame, 0 bytes spill stores, 0 bytes spill loads
ptxas info    : Used 18 registers, used 1 barriers
ptxas info    : Compile time = 7.401 ms
ptxas info    : Compiling entry function '_ZN3aut17format_strategies4gemvINS_7storage5e2m13ENS0_8strategyILNS0_11decode_kindE7ELi8ELNS0_14table_locationE0ELNS0_11unpack_kindE0EEEEEvPKNS2_5codecIT_E12storage_typeESE_mmmNS0_12table_bundleEPd' for 'sm_90'
ptxas info    : Function properties for _ZN3aut17format_strategies4gemvINS_7storage5e2m13ENS0_8strategyILNS0_11decode_kindE7ELi8ELNS0_14table_locationE0ELNS0_11unpack_kindE0EEEEEvPKNS2_5codecIT_E12storage_typeESE_mmmNS0_12table_bundleEPd
    0 bytes stack frame, 0 bytes spill stores, 0 bytes spill loads
ptxas info    : Used 48 registers, used 1 barriers, 80 bytes smem
ptxas info    : Compile time = 11.224 ms
ptxas info    : Compiling entry function '_ZN3aut17format_strategies14dot_map_reduceINS_7storage5e2m13ENS0_8strategyILNS0_11decode_kindE7ELi8ELNS0_14table_locationE0ELNS0_11unpack_kindE0EEEEEvPKNS2_5codecIT_E12storage_typeESE_mNS0_12table_bundleEPd' for 'sm_90'
ptxas info    : Function properties for _ZN3aut17format_strategies14dot_map_reduceINS_7storage5e2m13ENS0_8strategyILNS0_11decode_kindE7ELi8ELNS0_14table_locationE0ELNS0_11unpack_kindE0EEEEEvPKNS2_5codecIT_E12storage_typeESE_mNS0_12table_bundleEPd
    0 bytes stack frame, 0 bytes spill stores, 0 bytes spill loads
ptxas info    : Used 46 registers, used 1 barriers, 80 bytes smem
ptxas info    : Compile time = 11.284 ms
ptxas info    : Compiling entry function '_ZN3aut17format_strategies12decode_codesINS_7storage5e2m13ENS0_8strategyILNS0_11decode_kindE7ELi8ELNS0_14table_locationE0ELNS0_11unpack_kindE0EEEEEvPKNS2_5codecIT_E12storage_typeEmNS0_12table_bundleEPd' for 'sm_90'
ptxas info    : Function properties for _ZN3aut17format_strategies12decode_codesINS_7storage5e2m13ENS0_8strategyILNS0_11decode_kindE7ELi8ELNS0_14table_locationE0ELNS0_11unpack_kindE0EEEEEvPKNS2_5codecIT_E12storage_typeEmNS0_12table_bundleEPd
    0 bytes stack frame, 0 bytes spill stores, 0 bytes spill loads
ptxas info    : Used 24 registers, used 0 barriers
ptxas info    : Compile time = 7.840 ms
ptxas info    : Compiling entry function '_ZN3aut17format_strategies4gemvINS_7storage5e2m13ENS0_8strategyILNS0_11decode_kindE7ELi4ELNS0_14table_locationE0ELNS0_11unpack_kindE0EEEEEvPKNS2_5codecIT_E12storage_typeESE_mmmNS0_12table_bundleEPd' for 'sm_90'
ptxas info    : Function properties for _ZN3aut17format_strategies4gemvINS_7storage5e2m13ENS0_8strategyILNS0_11decode_kindE7ELi4ELNS0_14table_locationE0ELNS0_11unpack_kindE0EEEEEvPKNS2_5codecIT_E12storage_typeESE_mmmNS0_12table_bundleEPd
    0 bytes stack frame, 0 bytes spill stores, 0 bytes spill loads
ptxas info    : Used 32 registers, used 1 barriers, 80 bytes smem
ptxas info    : Compile time = 8.171 ms
ptxas info    : Compiling entry function '_ZN3aut17format_strategies14dot_map_reduceINS_7storage5e2m13ENS0_8strategyILNS0_11decode_kindE7ELi4ELNS0_14table_locationE0ELNS0_11unpack_kindE0EEEEEvPKNS2_5codecIT_E12storage_typeESE_mNS0_12table_bundleEPd' for 'sm_90'
ptxas info    : Function properties for _ZN3aut17format_strategies14dot_map_reduceINS_7storage5e2m13ENS0_8strategyILNS0_11decode_kindE7ELi4ELNS0_14table_locationE0ELNS0_11unpack_kindE0EEEEEvPKNS2_5codecIT_E12storage_typeESE_mNS0_12table_bundleEPd
    0 bytes stack frame, 0 bytes spill stores, 0 bytes spill loads
ptxas info    : Used 34 registers, used 1 barriers, 80 bytes smem
ptxas info    : Compile time = 8.020 ms
ptxas info    : Compiling entry function '_ZN3aut17format_strategies12decode_codesINS_7storage5e2m13ENS0_8strategyILNS0_11decode_kindE7ELi4ELNS0_14table_locationE0ELNS0_11unpack_kindE0EEEEEvPKNS2_5codecIT_E12storage_typeEmNS0_12table_bundleEPd' for 'sm_90'
ptxas info    : Function properties for _ZN3aut17format_strategies12decode_codesINS_7storage5e2m13ENS0_8strategyILNS0_11decode_kindE7ELi4ELNS0_14table_locationE0ELNS0_11unpack_kindE0EEEEEvPKNS2_5codecIT_E12storage_typeEmNS0_12table_bundleEPd
    0 bytes stack frame, 0 bytes spill stores, 0 bytes spill loads
ptxas info    : Used 20 registers, used 0 barriers
ptxas info    : Compile time = 6.557 ms
ptxas info    : Compiling entry function '_ZN3aut17format_strategies4gemvINS_7storage5e2m13ENS0_8strategyILNS0_11decode_kindE6ELi8ELNS0_14table_locationE0ELNS0_11unpack_kindE0EEEEEvPKNS2_5codecIT_E12storage_typeESE_mmmNS0_12table_bundleEPd' for 'sm_90'
ptxas info    : Function properties for _ZN3aut17format_strategies4gemvINS_7storage5e2m13ENS0_8strategyILNS0_11decode_kindE6ELi8ELNS0_14table_locationE0ELNS0_11unpack_kindE0EEEEEvPKNS2_5codecIT_E12storage_typeESE_mmmNS0_12table_bundleEPd
    0 bytes stack frame, 0 bytes spill stores, 0 bytes spill loads
ptxas info    : Used 48 registers, used 1 barriers, 80 bytes smem
ptxas info    : Compile time = 6.718 ms
ptxas info    : Compiling entry function '_ZN3aut17format_strategies14dot_map_reduceINS_7storage5e2m13ENS0_8strategyILNS0_11decode_kindE6ELi8ELNS0_14table_locationE0ELNS0_11unpack_kindE0EEEEEvPKNS2_5codecIT_E12storage_typeESE_mNS0_12table_bundleEPd' for 'sm_90'
ptxas info    : Function properties for _ZN3aut17format_strategies14dot_map_reduceINS_7storage5e2m13ENS0_8strategyILNS0_11decode_kindE6ELi8ELNS0_14table_locationE0ELNS0_11unpack_kindE0EEEEEvPKNS2_5codecIT_E12storage_typeESE_mNS0_12table_bundleEPd
    0 bytes stack frame, 0 bytes spill stores, 0 bytes spill loads
ptxas info    : Used 44 registers, used 1 barriers, 80 bytes smem
ptxas info    : Compile time = 6.699 ms
ptxas info    : Compiling entry function '_ZN3aut17format_strategies12decode_codesINS_7storage5e2m13ENS0_8strategyILNS0_11decode_kindE6ELi8ELNS0_14table_locationE0ELNS0_11unpack_kindE0EEEEEvPKNS2_5codecIT_E12storage_typeEmNS0_12table_bundleEPd' for 'sm_90'
ptxas info    : Function properties for _ZN3aut17format_strategies12decode_codesINS_7storage5e2m13ENS0_8strategyILNS0_11decode_kindE6ELi8ELNS0_14table_locationE0ELNS0_11unpack_kindE0EEEEEvPKNS2_5codecIT_E12storage_typeEmNS0_12table_bundleEPd
    0 bytes stack frame, 0 bytes spill stores, 0 bytes spill loads
ptxas info    : Used 24 registers, used 0 barriers
ptxas info    : Compile time = 7.549 ms
ptxas info    : Compiling entry function '_ZN3aut17format_strategies4gemvINS_7storage5e2m13ENS0_8strategyILNS0_11decode_kindE6ELi4ELNS0_14table_locationE0ELNS0_11unpack_kindE0EEEEEvPKNS2_5codecIT_E12storage_typeESE_mmmNS0_12table_bundleEPd' for 'sm_90'
ptxas info    : Function properties for _ZN3aut17format_strategies4gemvINS_7storage5e2m13ENS0_8strategyILNS0_11decode_kindE6ELi4ELNS0_14table_locationE0ELNS0_11unpack_kindE0EEEEEvPKNS2_5codecIT_E12storage_typeESE_mmmNS0_12table_bundleEPd
    0 bytes stack frame, 0 bytes spill stores, 0 bytes spill loads
ptxas info    : Used 32 registers, used 1 barriers, 80 bytes smem
ptxas info    : Compile time = 5.556 ms
ptxas info    : Compiling entry function '_ZN3aut17format_strategies14dot_map_reduceINS_7storage5e2m13ENS0_8strategyILNS0_11decode_kindE6ELi4ELNS0_14table_locationE0ELNS0_11unpack_kindE0EEEEEvPKNS2_5codecIT_E12storage_typeESE_mNS0_12table_bundleEPd' for 'sm_90'
ptxas info    : Function properties for _ZN3aut17format_strategies14dot_map_reduceINS_7storage5e2m13ENS0_8strategyILNS0_11decode_kindE6ELi4ELNS0_14table_locationE0ELNS0_11unpack_kindE0EEEEEvPKNS2_5codecIT_E12storage_typeESE_mNS0_12table_bundleEPd
    0 bytes stack frame, 0 bytes spill stores, 0 bytes spill loads
ptxas info    : Used 34 registers, used 1 barriers, 80 bytes smem
ptxas info    : Compile time = 5.594 ms
ptxas info    : Compiling entry function '_ZN3aut17format_strategies12decode_codesINS_7storage5e2m13ENS0_8strategyILNS0_11decode_kindE6ELi4ELNS0_14table_locationE0ELNS0_11unpack_kindE0EEEEEvPKNS2_5codecIT_E12storage_typeEmNS0_12table_bundleEPd' for 'sm_90'
ptxas info    : Function properties for _ZN3aut17format_strategies12decode_codesINS_7storage5e2m13ENS0_8strategyILNS0_11decode_kindE6ELi4ELNS0_14table_locationE0ELNS0_11unpack_kindE0EEEEEvPKNS2_5codecIT_E12storage_typeEmNS0_12table_bundleEPd
    0 bytes stack frame, 0 bytes spill stores, 0 bytes spill loads
ptxas info    : Used 22 registers, used 0 barriers
ptxas info    : Compile time = 7.106 ms
ptxas info    : Compiling entry function '_ZN3aut17format_strategies4gemvINS_7storage5e2m13ENS0_8strategyILNS0_11decode_kindE6ELi1ELNS0_14table_locationE0ELNS0_11unpack_kindE0EEEEEvPKNS2_5codecIT_E12storage_typeESE_mmmNS0_12table_bundleEPd' for 'sm_90'
ptxas info    : Function properties for _ZN3aut17format_strategies4gemvINS_7storage5e2m13ENS0_8strategyILNS0_11decode_kindE6ELi1ELNS0_14table_locationE0ELNS0_11unpack_kindE0EEEEEvPKNS2_5codecIT_E12storage_typeESE_mmmNS0_12table_bundleEPd
    0 bytes stack frame, 0 bytes spill stores, 0 bytes spill loads
ptxas info    : Used 24 registers, used 1 barriers, 80 bytes smem
ptxas info    : Compile time = 4.397 ms
ptxas info    : Compiling entry function '_ZN3aut17format_strategies14dot_map_reduceINS_7storage5e2m13ENS0_8strategyILNS0_11decode_kindE6ELi1ELNS0_14table_locationE0ELNS0_11unpack_kindE0EEEEEvPKNS2_5codecIT_E12storage_typeESE_mNS0_12table_bundleEPd' for 'sm_90'
ptxas info    : Function properties for _ZN3aut17format_strategies14dot_map_reduceINS_7storage5e2m13ENS0_8strategyILNS0_11decode_kindE6ELi1ELNS0_14table_locationE0ELNS0_11unpack_kindE0EEEEEvPKNS2_5codecIT_E12storage_typeESE_mNS0_12table_bundleEPd
    0 bytes stack frame, 0 bytes spill stores, 0 bytes spill loads
ptxas info    : Used 26 registers, used 1 barriers, 80 bytes smem
ptxas info    : Compile time = 4.347 ms
ptxas info    : Compiling entry function '_ZN3aut17format_strategies12decode_codesINS_7storage5e2m13ENS0_8strategyILNS0_11decode_kindE6ELi1ELNS0_14table_locationE0ELNS0_11unpack_kindE0EEEEEvPKNS2_5codecIT_E12storage_typeEmNS0_12table_bundleEPd' for 'sm_90'
ptxas info    : Function properties for _ZN3aut17format_strategies12decode_codesINS_7storage5e2m13ENS0_8strategyILNS0_11decode_kindE6ELi1ELNS0_14table_locationE0ELNS0_11unpack_kindE0EEEEEvPKNS2_5codecIT_E12storage_typeEmNS0_12table_bundleEPd
    0 bytes stack frame, 0 bytes spill stores, 0 bytes spill loads
ptxas info    : Used 22 registers, used 0 barriers
ptxas info    : Compile time = 6.727 ms
ptxas info    : Compiling entry function '_ZN3aut17format_strategies4gemvINS_7storage5e2m13ENS0_8strategyILNS0_11decode_kindE3ELi8ELNS0_14table_locationE0ELNS0_11unpack_kindE0EEEEEvPKNS2_5codecIT_E12storage_typeESE_mmmNS0_12table_bundleEPd' for 'sm_90'
ptxas info    : Function properties for _ZN3aut17format_strategies4gemvINS_7storage5e2m13ENS0_8strategyILNS0_11decode_kindE3ELi8ELNS0_14table_locationE0ELNS0_11unpack_kindE0EEEEEvPKNS2_5codecIT_E12storage_typeESE_mmmNS0_12table_bundleEPd
    0 bytes stack frame, 0 bytes spill stores, 0 bytes spill loads
ptxas info    : Used 48 registers, used 1 barriers, 80 bytes smem
ptxas info    : Compile time = 14.785 ms
ptxas info    : Compiling entry function '_ZN3aut17format_strategies14dot_map_reduceINS_7storage5e2m13ENS0_8strategyILNS0_11decode_kindE3ELi8ELNS0_14table_locationE0ELNS0_11unpack_kindE0EEEEEvPKNS2_5codecIT_E12storage_typeESE_mNS0_12table_bundleEPd' for 'sm_90'
ptxas info    : Function properties for _ZN3aut17format_strategies14dot_map_reduceINS_7storage5e2m13ENS0_8strategyILNS0_11decode_kindE3ELi8ELNS0_14table_locationE0ELNS0_11unpack_kindE0EEEEEvPKNS2_5codecIT_E12storage_typeESE_mNS0_12table_bundleEPd
    0 bytes stack frame, 0 bytes spill stores, 0 bytes spill loads
ptxas info    : Used 56 registers, used 1 barriers, 80 bytes smem
ptxas info    : Compile time = 14.622 ms
ptxas info    : Compiling entry function '_ZN3aut17format_strategies12decode_codesINS_7storage5e2m13ENS0_8strategyILNS0_11decode_kindE3ELi8ELNS0_14table_locationE0ELNS0_11unpack_kindE0EEEEEvPKNS2_5codecIT_E12storage_typeEmNS0_12table_bundleEPd' for 'sm_90'
ptxas info    : Function properties for _ZN3aut17format_strategies12decode_codesINS_7storage5e2m13ENS0_8strategyILNS0_11decode_kindE3ELi8ELNS0_14table_locationE0ELNS0_11unpack_kindE0EEEEEvPKNS2_5codecIT_E12storage_typeEmNS0_12table_bundleEPd
    0 bytes stack frame, 0 bytes spill stores, 0 bytes spill loads
ptxas info    : Used 28 registers, used 0 barriers
ptxas info    : Compile time = 9.897 ms
ptxas info    : Compiling entry function '_ZN3aut17format_strategies4gemvINS_7storage5e2m13ENS0_8strategyILNS0_11decode_kindE3ELi4ELNS0_14table_locationE0ELNS0_11unpack_kindE0EEEEEvPKNS2_5codecIT_E12storage_typeESE_mmmNS0_12table_bundleEPd' for 'sm_90'
ptxas info    : Function properties for _ZN3aut17format_strategies4gemvINS_7storage5e2m13ENS0_8strategyILNS0_11decode_kindE3ELi4ELNS0_14table_locationE0ELNS0_11unpack_kindE0EEEEEvPKNS2_5codecIT_E12storage_typeESE_mmmNS0_12table_bundleEPd
    0 bytes stack frame, 0 bytes spill stores, 0 bytes spill loads
ptxas info    : Used 31 registers, used 1 barriers, 80 bytes smem
ptxas info    : Compile time = 9.878 ms
ptxas info    : Compiling entry function '_ZN3aut17format_strategies14dot_map_reduceINS_7storage5e2m13ENS0_8strategyILNS0_11decode_kindE3ELi4ELNS0_14table_locationE0ELNS0_11unpack_kindE0EEEEEvPKNS2_5codecIT_E12storage_typeESE_mNS0_12table_bundleEPd' for 'sm_90'
ptxas info    : Function properties for _ZN3aut17format_strategies14dot_map_reduceINS_7storage5e2m13ENS0_8strategyILNS0_11decode_kindE3ELi4ELNS0_14table_locationE0ELNS0_11unpack_kindE0EEEEEvPKNS2_5codecIT_E12storage_typeESE_mNS0_12table_bundleEPd
    0 bytes stack frame, 0 bytes spill stores, 0 bytes spill loads
ptxas info    : Used 32 registers, used 1 barriers, 80 bytes smem
ptxas info    : Compile time = 9.702 ms
ptxas info    : Compiling entry function '_ZN3aut17format_strategies12decode_codesINS_7storage5e2m13ENS0_8strategyILNS0_11decode_kindE3ELi4ELNS0_14table_locationE0ELNS0_11unpack_kindE0EEEEEvPKNS2_5codecIT_E12storage_typeEmNS0_12table_bundleEPd' for 'sm_90'
ptxas info    : Function properties for _ZN3aut17format_strategies12decode_codesINS_7storage5e2m13ENS0_8strategyILNS0_11decode_kindE3ELi4ELNS0_14table_locationE0ELNS0_11unpack_kindE0EEEEEvPKNS2_5codecIT_E12storage_typeEmNS0_12table_bundleEPd
    0 bytes stack frame, 0 bytes spill stores, 0 bytes spill loads
ptxas info    : Used 20 registers, used 0 barriers
ptxas info    : Compile time = 8.018 ms
ptxas info    : Compiling entry function '_ZN3aut17format_strategies4gemvINS_7storage5e2m13ENS0_8strategyILNS0_11decode_kindE3ELi1ELNS0_14table_locationE0ELNS0_11unpack_kindE0EEEEEvPKNS2_5codecIT_E12storage_typeESE_mmmNS0_12table_bundleEPd' for 'sm_90'
ptxas info    : Function properties for _ZN3aut17format_strategies4gemvINS_7storage5e2m13ENS0_8strategyILNS0_11decode_kindE3ELi1ELNS0_14table_locationE0ELNS0_11unpack_kindE0EEEEEvPKNS2_5codecIT_E12storage_typeESE_mmmNS0_12table_bundleEPd
    0 bytes stack frame, 0 bytes spill stores, 0 bytes spill loads
ptxas info    : Used 20 registers, used 1 barriers, 80 bytes smem
ptxas info    : Compile time = 6.540 ms
ptxas info    : Compiling entry function '_ZN3aut17format_strategies14dot_map_reduceINS_7storage5e2m13ENS0_8strategyILNS0_11decode_kindE3ELi1ELNS0_14table_locationE0ELNS0_11unpack_kindE0EEEEEvPKNS2_5codecIT_E12storage_typeESE_mNS0_12table_bundleEPd' for 'sm_90'
ptxas info    : Function properties for _ZN3aut17format_strategies14dot_map_reduceINS_7storage5e2m13ENS0_8strategyILNS0_11decode_kindE3ELi1ELNS0_14table_locationE0ELNS0_11unpack_kindE0EEEEEvPKNS2_5codecIT_E12storage_typeESE_mNS0_12table_bundleEPd
    0 bytes stack frame, 0 bytes spill stores, 0 bytes spill loads
ptxas info    : Used 24 registers, used 1 barriers, 80 bytes smem
ptxas info    : Compile time = 6.365 ms
ptxas info    : Compiling entry function '_ZN3aut17format_strategies12decode_codesINS_7storage5e2m13ENS0_8strategyILNS0_11decode_kindE3ELi1ELNS0_14table_locationE0ELNS0_11unpack_kindE0EEEEEvPKNS2_5codecIT_E12storage_typeEmNS0_12table_bundleEPd' for 'sm_90'
ptxas info    : Function properties for _ZN3aut17format_strategies12decode_codesINS_7storage5e2m13ENS0_8strategyILNS0_11decode_kindE3ELi1ELNS0_14table_locationE0ELNS0_11unpack_kindE0EEEEEvPKNS2_5codecIT_E12storage_typeEmNS0_12table_bundleEPd
    0 bytes stack frame, 0 bytes spill stores, 0 bytes spill loads
ptxas info    : Used 18 registers, used 0 barriers
ptxas info    : Compile time = 6.440 ms
ptxas info    : Compiling entry function '_ZN3aut17format_strategies4gemvINS_7storage5e2m13ENS0_8strategyILNS0_11decode_kindE2ELi8ELNS0_14table_locationE0ELNS0_11unpack_kindE0EEEEEvPKNS2_5codecIT_E12storage_typeESE_mmmNS0_12table_bundleEPd' for 'sm_90'
ptxas info    : Function properties for _ZN3aut17format_strategies4gemvINS_7storage5e2m13ENS0_8strategyILNS0_11decode_kindE2ELi8ELNS0_14table_locationE0ELNS0_11unpack_kindE0EEEEEvPKNS2_5codecIT_E12storage_typeESE_mmmNS0_12table_bundleEPd
    0 bytes stack frame, 0 bytes spill stores, 0 bytes spill loads
ptxas info    : Used 48 registers, used 1 barriers, 80 bytes smem
ptxas info    : Compile time = 18.085 ms
ptxas info    : Compiling entry function '_ZN3aut17format_strategies14dot_map_reduceINS_7storage5e2m13ENS0_8strategyILNS0_11decode_kindE2ELi8ELNS0_14table_locationE0ELNS0_11unpack_kindE0EEEEEvPKNS2_5codecIT_E12storage_typeESE_mNS0_12table_bundleEPd' for 'sm_90'
ptxas info    : Function properties for _ZN3aut17format_strategies14dot_map_reduceINS_7storage5e2m13ENS0_8strategyILNS0_11decode_kindE2ELi8ELNS0_14table_locationE0ELNS0_11unpack_kindE0EEEEEvPKNS2_5codecIT_E12storage_typeESE_mNS0_12table_bundleEPd
    0 bytes stack frame, 0 bytes spill stores, 0 bytes spill loads
ptxas info    : Used 68 registers, used 1 barriers, 80 bytes smem
ptxas info    : Compile time = 18.562 ms
ptxas info    : Compiling entry function '_ZN3aut17format_strategies12decode_codesINS_7storage5e2m13ENS0_8strategyILNS0_11decode_kindE2ELi8ELNS0_14table_locationE0ELNS0_11unpack_kindE0EEEEEvPKNS2_5codecIT_E12storage_typeEmNS0_12table_bundleEPd' for 'sm_90'
ptxas info    : Function properties for _ZN3aut17format_strategies12decode_codesINS_7storage5e2m13ENS0_8strategyILNS0_11decode_kindE2ELi8ELNS0_14table_locationE0ELNS0_11unpack_kindE0EEEEEvPKNS2_5codecIT_E12storage_typeEmNS0_12table_bundleEPd
    0 bytes stack frame, 0 bytes spill stores, 0 bytes spill loads
ptxas info    : Used 30 registers, used 0 barriers
ptxas info    : Compile time = 11.796 ms
ptxas info    : Compiling entry function '_ZN3aut17format_strategies4gemvINS_7storage5e2m13ENS0_8strategyILNS0_11decode_kindE2ELi4ELNS0_14table_locationE0ELNS0_11unpack_kindE0EEEEEvPKNS2_5codecIT_E12storage_typeESE_mmmNS0_12table_bundleEPd' for 'sm_90'
ptxas info    : Function properties for _ZN3aut17format_strategies4gemvINS_7storage5e2m13ENS0_8strategyILNS0_11decode_kindE2ELi4ELNS0_14table_locationE0ELNS0_11unpack_kindE0EEEEEvPKNS2_5codecIT_E12storage_typeESE_mmmNS0_12table_bundleEPd
    0 bytes stack frame, 0 bytes spill stores, 0 bytes spill loads
ptxas info    : Used 32 registers, used 1 barriers, 80 bytes smem
ptxas info    : Compile time = 11.305 ms
ptxas info    : Compiling entry function '_ZN3aut17format_strategies14dot_map_reduceINS_7storage5e2m13ENS0_8strategyILNS0_11decode_kindE2ELi4ELNS0_14table_locationE0ELNS0_11unpack_kindE0EEEEEvPKNS2_5codecIT_E12storage_typeESE_mNS0_12table_bundleEPd' for 'sm_90'
ptxas info    : Function properties for _ZN3aut17format_strategies14dot_map_reduceINS_7storage5e2m13ENS0_8strategyILNS0_11decode_kindE2ELi4ELNS0_14table_locationE0ELNS0_11unpack_kindE0EEEEEvPKNS2_5codecIT_E12storage_typeESE_mNS0_12table_bundleEPd
    0 bytes stack frame, 0 bytes spill stores, 0 bytes spill loads
ptxas info    : Used 44 registers, used 1 barriers, 80 bytes smem
ptxas info    : Compile time = 11.931 ms
ptxas info    : Compiling entry function '_ZN3aut17format_strategies12decode_codesINS_7storage5e2m13ENS0_8strategyILNS0_11decode_kindE2ELi4ELNS0_14table_locationE0ELNS0_11unpack_kindE0EEEEEvPKNS2_5codecIT_E12storage_typeEmNS0_12table_bundleEPd' for 'sm_90'
ptxas info    : Function properties for _ZN3aut17format_strategies12decode_codesINS_7storage5e2m13ENS0_8strategyILNS0_11decode_kindE2ELi4ELNS0_14table_locationE0ELNS0_11unpack_kindE0EEEEEvPKNS2_5codecIT_E12storage_typeEmNS0_12table_bundleEPd
    0 bytes stack frame, 0 bytes spill stores, 0 bytes spill loads
ptxas info    : Used 29 registers, used 0 barriers
ptxas info    : Compile time = 9.283 ms
ptxas info    : Compiling entry function '_ZN3aut17format_strategies4gemvINS_7storage5e2m13ENS0_8strategyILNS0_11decode_kindE2ELi1ELNS0_14table_locationE0ELNS0_11unpack_kindE0EEEEEvPKNS2_5codecIT_E12storage_typeESE_mmmNS0_12table_bundleEPd' for 'sm_90'
ptxas info    : Function properties for _ZN3aut17format_strategies4gemvINS_7storage5e2m13ENS0_8strategyILNS0_11decode_kindE2ELi1ELNS0_14table_locationE0ELNS0_11unpack_kindE0EEEEEvPKNS2_5codecIT_E12storage_typeESE_mmmNS0_12table_bundleEPd
    0 bytes stack frame, 0 bytes spill stores, 0 bytes spill loads
ptxas info    : Used 26 registers, used 1 barriers, 80 bytes smem
ptxas info    : Compile time = 7.070 ms
ptxas info    : Compiling entry function '_ZN3aut17format_strategies14dot_map_reduceINS_7storage5e2m13ENS0_8strategyILNS0_11decode_kindE2ELi1ELNS0_14table_locationE0ELNS0_11unpack_kindE0EEEEEvPKNS2_5codecIT_E12storage_typeESE_mNS0_12table_bundleEPd' for 'sm_90'
ptxas info    : Function properties for _ZN3aut17format_strategies14dot_map_reduceINS_7storage5e2m13ENS0_8strategyILNS0_11decode_kindE2ELi1ELNS0_14table_locationE0ELNS0_11unpack_kindE0EEEEEvPKNS2_5codecIT_E12storage_typeESE_mNS0_12table_bundleEPd
    0 bytes stack frame, 0 bytes spill stores, 0 bytes spill loads
ptxas info    : Used 28 registers, used 1 barriers, 80 bytes smem
ptxas info    : Compile time = 6.903 ms
ptxas info    : Compiling entry function '_ZN3aut17format_strategies12decode_codesINS_7storage5e2m13ENS0_8strategyILNS0_11decode_kindE2ELi1ELNS0_14table_locationE0ELNS0_11unpack_kindE0EEEEEvPKNS2_5codecIT_E12storage_typeEmNS0_12table_bundleEPd' for 'sm_90'
ptxas info    : Function properties for _ZN3aut17format_strategies12decode_codesINS_7storage5e2m13ENS0_8strategyILNS0_11decode_kindE2ELi1ELNS0_14table_locationE0ELNS0_11unpack_kindE0EEEEEvPKNS2_5codecIT_E12storage_typeEmNS0_12table_bundleEPd
    0 bytes stack frame, 0 bytes spill stores, 0 bytes spill loads
ptxas info    : Used 23 registers, used 0 barriers
ptxas info    : Compile time = 7.403 ms
ptxas info    : Compiling entry function '_ZN3aut17format_strategies4gemvINS_7storage5e2m13ENS0_8strategyILNS0_11decode_kindE1ELi8ELNS0_14table_locationE0ELNS0_11unpack_kindE0EEEEEvPKNS2_5codecIT_E12storage_typeESE_mmmNS0_12table_bundleEPd' for 'sm_90'
ptxas info    : Function properties for _ZN3aut17format_strategies4gemvINS_7storage5e2m13ENS0_8strategyILNS0_11decode_kindE1ELi8ELNS0_14table_locationE0ELNS0_11unpack_kindE0EEEEEvPKNS2_5codecIT_E12storage_typeESE_mmmNS0_12table_bundleEPd
    0 bytes stack frame, 0 bytes spill stores, 0 bytes spill loads
ptxas info    : Used 60 registers, used 1 barriers, 80 bytes smem
ptxas info    : Compile time = 16.971 ms
ptxas info    : Compiling entry function '_ZN3aut17format_strategies14dot_map_reduceINS_7storage5e2m13ENS0_8strategyILNS0_11decode_kindE1ELi8ELNS0_14table_locationE0ELNS0_11unpack_kindE0EEEEEvPKNS2_5codecIT_E12storage_typeESE_mNS0_12table_bundleEPd' for 'sm_90'
ptxas info    : Function properties for _ZN3aut17format_strategies14dot_map_reduceINS_7storage5e2m13ENS0_8strategyILNS0_11decode_kindE1ELi8ELNS0_14table_locationE0ELNS0_11unpack_kindE0EEEEEvPKNS2_5codecIT_E12storage_typeESE_mNS0_12table_bundleEPd
    0 bytes stack frame, 0 bytes spill stores, 0 bytes spill loads
ptxas info    : Used 61 registers, used 1 barriers, 80 bytes smem
ptxas info    : Compile time = 16.416 ms
ptxas info    : Compiling entry function '_ZN3aut17format_strategies12decode_codesINS_7storage5e2m13ENS0_8strategyILNS0_11decode_kindE1ELi8ELNS0_14table_locationE0ELNS0_11unpack_kindE0EEEEEvPKNS2_5codecIT_E12storage_typeEmNS0_12table_bundleEPd' for 'sm_90'
ptxas info    : Function properties for _ZN3aut17format_strategies12decode_codesINS_7storage5e2m13ENS0_8strategyILNS0_11decode_kindE1ELi8ELNS0_14table_locationE0ELNS0_11unpack_kindE0EEEEEvPKNS2_5codecIT_E12storage_typeEmNS0_12table_bundleEPd
    0 bytes stack frame, 0 bytes spill stores, 0 bytes spill loads
ptxas info    : Used 29 registers, used 0 barriers
ptxas info    : Compile time = 11.479 ms
ptxas info    : Compiling entry function '_ZN3aut17format_strategies4gemvINS_7storage5e2m13ENS0_8strategyILNS0_11decode_kindE1ELi4ELNS0_14table_locationE0ELNS0_11unpack_kindE0EEEEEvPKNS2_5codecIT_E12storage_typeESE_mmmNS0_12table_bundleEPd' for 'sm_90'
ptxas info    : Function properties for _ZN3aut17format_strategies4gemvINS_7storage5e2m13ENS0_8strategyILNS0_11decode_kindE1ELi4ELNS0_14table_locationE0ELNS0_11unpack_kindE0EEEEEvPKNS2_5codecIT_E12storage_typeESE_mmmNS0_12table_bundleEPd
    0 bytes stack frame, 0 bytes spill stores, 0 bytes spill loads
ptxas info    : Used 38 registers, used 1 barriers, 80 bytes smem
ptxas info    : Compile time = 11.228 ms
ptxas info    : Compiling entry function '_ZN3aut17format_strategies14dot_map_reduceINS_7storage5e2m13ENS0_8strategyILNS0_11decode_kindE1ELi4ELNS0_14table_locationE0ELNS0_11unpack_kindE0EEEEEvPKNS2_5codecIT_E12storage_typeESE_mNS0_12table_bundleEPd' for 'sm_90'
ptxas info    : Function properties for _ZN3aut17format_strategies14dot_map_reduceINS_7storage5e2m13ENS0_8strategyILNS0_11decode_kindE1ELi4ELNS0_14table_locationE0ELNS0_11unpack_kindE0EEEEEvPKNS2_5codecIT_E12storage_typeESE_mNS0_12table_bundleEPd
    0 bytes stack frame, 0 bytes spill stores, 0 bytes spill loads
ptxas info    : Used 40 registers, used 1 barriers, 80 bytes smem
ptxas info    : Compile time = 11.121 ms
ptxas info    : Compiling entry function '_ZN3aut17format_strategies12decode_codesINS_7storage5e2m13ENS0_8strategyILNS0_11decode_kindE1ELi4ELNS0_14table_locationE0ELNS0_11unpack_kindE0EEEEEvPKNS2_5codecIT_E12storage_typeEmNS0_12table_bundleEPd' for 'sm_90'
ptxas info    : Function properties for _ZN3aut17format_strategies12decode_codesINS_7storage5e2m13ENS0_8strategyILNS0_11decode_kindE1ELi4ELNS0_14table_locationE0ELNS0_11unpack_kindE0EEEEEvPKNS2_5codecIT_E12storage_typeEmNS0_12table_bundleEPd
    0 bytes stack frame, 0 bytes spill stores, 0 bytes spill loads
ptxas info    : Used 21 registers, used 0 barriers
ptxas info    : Compile time = 9.223 ms
ptxas info    : Compiling entry function '_ZN3aut17format_strategies4gemvINS_7storage5e2m13ENS0_8strategyILNS0_11decode_kindE1ELi1ELNS0_14table_locationE0ELNS0_11unpack_kindE0EEEEEvPKNS2_5codecIT_E12storage_typeESE_mmmNS0_12table_bundleEPd' for 'sm_90'
ptxas info    : Function properties for _ZN3aut17format_strategies4gemvINS_7storage5e2m13ENS0_8strategyILNS0_11decode_kindE1ELi1ELNS0_14table_locationE0ELNS0_11unpack_kindE0EEEEEvPKNS2_5codecIT_E12storage_typeESE_mmmNS0_12table_bundleEPd
    0 bytes stack frame, 0 bytes spill stores, 0 bytes spill loads
ptxas info    : Used 21 registers, used 1 barriers, 80 bytes smem
ptxas info    : Compile time = 7.155 ms
ptxas info    : Compiling entry function '_ZN3aut17format_strategies14dot_map_reduceINS_7storage5e2m13ENS0_8strategyILNS0_11decode_kindE1ELi1ELNS0_14table_locationE0ELNS0_11unpack_kindE0EEEEEvPKNS2_5codecIT_E12storage_typeESE_mNS0_12table_bundleEPd' for 'sm_90'
ptxas info    : Function properties for _ZN3aut17format_strategies14dot_map_reduceINS_7storage5e2m13ENS0_8strategyILNS0_11decode_kindE1ELi1ELNS0_14table_locationE0ELNS0_11unpack_kindE0EEEEEvPKNS2_5codecIT_E12storage_typeESE_mNS0_12table_bundleEPd
    0 bytes stack frame, 0 bytes spill stores, 0 bytes spill loads
ptxas info    : Used 28 registers, used 1 barriers, 80 bytes smem
ptxas info    : Compile time = 6.993 ms
ptxas info    : Compiling entry function '_ZN3aut17format_strategies12decode_codesINS_7storage5e2m13ENS0_8strategyILNS0_11decode_kindE1ELi1ELNS0_14table_locationE0ELNS0_11unpack_kindE0EEEEEvPKNS2_5codecIT_E12storage_typeEmNS0_12table_bundleEPd' for 'sm_90'
ptxas info    : Function properties for _ZN3aut17format_strategies12decode_codesINS_7storage5e2m13ENS0_8strategyILNS0_11decode_kindE1ELi1ELNS0_14table_locationE0ELNS0_11unpack_kindE0EEEEEvPKNS2_5codecIT_E12storage_typeEmNS0_12table_bundleEPd
    0 bytes stack frame, 0 bytes spill stores, 0 bytes spill loads
ptxas info    : Used 21 registers, used 0 barriers
ptxas info    : Compile time = 7.441 ms
ptxas info    : Compiling entry function '_ZN3aut17format_strategies4gemvINS_7storage5e2m13ENS0_8strategyILNS0_11decode_kindE0ELi8ELNS0_14table_locationE0ELNS0_11unpack_kindE0EEEEEvPKNS2_5codecIT_E12storage_typeESE_mmmNS0_12table_bundleEPd' for 'sm_90'
ptxas info    : Function properties for _ZN3aut17format_strategies4gemvINS_7storage5e2m13ENS0_8strategyILNS0_11decode_kindE0ELi8ELNS0_14table_locationE0ELNS0_11unpack_kindE0EEEEEvPKNS2_5codecIT_E12storage_typeESE_mmmNS0_12table_bundleEPd
    0 bytes stack frame, 0 bytes spill stores, 0 bytes spill loads
ptxas info    : Used 60 registers, used 1 barriers, 80 bytes smem
ptxas info    : Compile time = 17.820 ms
ptxas info    : Compiling entry function '_ZN3aut17format_strategies14dot_map_reduceINS_7storage5e2m13ENS0_8strategyILNS0_11decode_kindE0ELi8ELNS0_14table_locationE0ELNS0_11unpack_kindE0EEEEEvPKNS2_5codecIT_E12storage_typeESE_mNS0_12table_bundleEPd' for 'sm_90'
ptxas info    : Function properties for _ZN3aut17format_strategies14dot_map_reduceINS_7storage5e2m13ENS0_8strategyILNS0_11decode_kindE0ELi8ELNS0_14table_locationE0ELNS0_11unpack_kindE0EEEEEvPKNS2_5codecIT_E12storage_typeESE_mNS0_12table_bundleEPd
    0 bytes stack frame, 0 bytes spill stores, 0 bytes spill loads
ptxas info    : Used 62 registers, used 1 barriers, 80 bytes smem
ptxas info    : Compile time = 17.309 ms
ptxas info    : Compiling entry function '_ZN3aut17format_strategies12decode_codesINS_7storage5e2m13ENS0_8strategyILNS0_11decode_kindE0ELi8ELNS0_14table_locationE0ELNS0_11unpack_kindE0EEEEEvPKNS2_5codecIT_E12storage_typeEmNS0_12table_bundleEPd' for 'sm_90'
ptxas info    : Function properties for _ZN3aut17format_strategies12decode_codesINS_7storage5e2m13ENS0_8strategyILNS0_11decode_kindE0ELi8ELNS0_14table_locationE0ELNS0_11unpack_kindE0EEEEEvPKNS2_5codecIT_E12storage_typeEmNS0_12table_bundleEPd
    0 bytes stack frame, 0 bytes spill stores, 0 bytes spill loads
ptxas info    : Used 27 registers, used 0 barriers
ptxas info    : Compile time = 11.867 ms
ptxas info    : Compiling entry function '_ZN3aut17format_strategies4gemvINS_7storage5e2m13ENS0_8strategyILNS0_11decode_kindE0ELi4ELNS0_14table_locationE0ELNS0_11unpack_kindE0EEEEEvPKNS2_5codecIT_E12storage_typeESE_mmmNS0_12table_bundleEPd' for 'sm_90'
ptxas info    : Function properties for _ZN3aut17format_strategies4gemvINS_7storage5e2m13ENS0_8strategyILNS0_11decode_kindE0ELi4ELNS0_14table_locationE0ELNS0_11unpack_kindE0EEEEEvPKNS2_5codecIT_E12storage_typeESE_mmmNS0_12table_bundleEPd
    0 bytes stack frame, 0 bytes spill stores, 0 bytes spill loads
ptxas info    : Used 37 registers, used 1 barriers, 80 bytes smem
ptxas info    : Compile time = 11.601 ms
ptxas info    : Compiling entry function '_ZN3aut17format_strategies14dot_map_reduceINS_7storage5e2m13ENS0_8strategyILNS0_11decode_kindE0ELi4ELNS0_14table_locationE0ELNS0_11unpack_kindE0EEEEEvPKNS2_5codecIT_E12storage_typeESE_mNS0_12table_bundleEPd' for 'sm_90'
ptxas info    : Function properties for _ZN3aut17format_strategies14dot_map_reduceINS_7storage5e2m13ENS0_8strategyILNS0_11decode_kindE0ELi4ELNS0_14table_locationE0ELNS0_11unpack_kindE0EEEEEvPKNS2_5codecIT_E12storage_typeESE_mNS0_12table_bundleEPd
    0 bytes stack frame, 0 bytes spill stores, 0 bytes spill loads
ptxas info    : Used 40 registers, used 1 barriers, 80 bytes smem
ptxas info    : Compile time = 11.546 ms
ptxas info    : Compiling entry function '_ZN3aut17format_strategies12decode_codesINS_7storage5e2m13ENS0_8strategyILNS0_11decode_kindE0ELi4ELNS0_14table_locationE0ELNS0_11unpack_kindE0EEEEEvPKNS2_5codecIT_E12storage_typeEmNS0_12table_bundleEPd' for 'sm_90'
ptxas info    : Function properties for _ZN3aut17format_strategies12decode_codesINS_7storage5e2m13ENS0_8strategyILNS0_11decode_kindE0ELi4ELNS0_14table_locationE0ELNS0_11unpack_kindE0EEEEEvPKNS2_5codecIT_E12storage_typeEmNS0_12table_bundleEPd
    0 bytes stack frame, 0 bytes spill stores, 0 bytes spill loads
ptxas info    : Used 22 registers, used 0 barriers
ptxas info    : Compile time = 9.409 ms
ptxas info    : Compiling entry function '_ZN3aut17format_strategies4gemvINS_7storage5e2m13ENS0_8strategyILNS0_11decode_kindE0ELi1ELNS0_14table_locationE0ELNS0_11unpack_kindE0EEEEEvPKNS2_5codecIT_E12storage_typeESE_mmmNS0_12table_bundleEPd' for 'sm_90'
ptxas info    : Function properties for _ZN3aut17format_strategies4gemvINS_7storage5e2m13ENS0_8strategyILNS0_11decode_kindE0ELi1ELNS0_14table_locationE0ELNS0_11unpack_kindE0EEEEEvPKNS2_5codecIT_E12storage_typeESE_mmmNS0_12table_bundleEPd
    0 bytes stack frame, 0 bytes spill stores, 0 bytes spill loads
ptxas info    : Used 22 registers, used 1 barriers, 80 bytes smem
ptxas info    : Compile time = 7.260 ms
ptxas info    : Compiling entry function '_ZN3aut17format_strategies14dot_map_reduceINS_7storage5e2m13ENS0_8strategyILNS0_11decode_kindE0ELi1ELNS0_14table_locationE0ELNS0_11unpack_kindE0EEEEEvPKNS2_5codecIT_E12storage_typeESE_mNS0_12table_bundleEPd' for 'sm_90'
ptxas info    : Function properties for _ZN3aut17format_strategies14dot_map_reduceINS_7storage5e2m13ENS0_8strategyILNS0_11decode_kindE0ELi1ELNS0_14table_locationE0ELNS0_11unpack_kindE0EEEEEvPKNS2_5codecIT_E12storage_typeESE_mNS0_12table_bundleEPd
    0 bytes stack frame, 0 bytes spill stores, 0 bytes spill loads
ptxas info    : Used 28 registers, used 1 barriers, 80 bytes smem
ptxas info    : Compile time = 7.129 ms
ptxas info    : Compiling entry function '_ZN3aut17format_strategies12decode_codesINS_7storage5e2m13ENS0_8strategyILNS0_11decode_kindE0ELi1ELNS0_14table_locationE0ELNS0_11unpack_kindE0EEEEEvPKNS2_5codecIT_E12storage_typeEmNS0_12table_bundleEPd' for 'sm_90'
ptxas info    : Function properties for _ZN3aut17format_strategies12decode_codesINS_7storage5e2m13ENS0_8strategyILNS0_11decode_kindE0ELi1ELNS0_14table_locationE0ELNS0_11unpack_kindE0EEEEEvPKNS2_5codecIT_E12storage_typeEmNS0_12table_bundleEPd
    0 bytes stack frame, 0 bytes spill stores, 0 bytes spill loads
ptxas info    : Used 21 registers, used 0 barriers
ptxas info    : Compile time = 7.429 ms
ptxas info    : Compiling entry function '_ZN3aut17format_strategies4gemvINS_7storage5e1m14ENS0_8strategyILNS0_11decode_kindE7ELi8ELNS0_14table_locationE1ELNS0_11unpack_kindE0EEEEEvPKNS2_5codecIT_E12storage_typeESE_mmmNS0_12table_bundleEPd' for 'sm_90'
ptxas info    : Function properties for _ZN3aut17format_strategies4gemvINS_7storage5e1m14ENS0_8strategyILNS0_11decode_kindE7ELi8ELNS0_14table_locationE1ELNS0_11unpack_kindE0EEEEEvPKNS2_5codecIT_E12storage_typeESE_mmmNS0_12table_bundleEPd
    0 bytes stack frame, 0 bytes spill stores, 0 bytes spill loads
ptxas info    : Used 40 registers, used 1 barriers, 80 bytes smem
ptxas info    : Compile time = 11.502 ms
ptxas info    : Compiling entry function '_ZN3aut17format_strategies14dot_map_reduceINS_7storage5e1m14ENS0_8strategyILNS0_11decode_kindE7ELi8ELNS0_14table_locationE1ELNS0_11unpack_kindE0EEEEEvPKNS2_5codecIT_E12storage_typeESE_mNS0_12table_bundleEPd' for 'sm_90'
ptxas info    : Function properties for _ZN3aut17format_strategies14dot_map_reduceINS_7storage5e1m14ENS0_8strategyILNS0_11decode_kindE7ELi8ELNS0_14table_locationE1ELNS0_11unpack_kindE0EEEEEvPKNS2_5codecIT_E12storage_typeESE_mNS0_12table_bundleEPd
    0 bytes stack frame, 0 bytes spill stores, 0 bytes spill loads
ptxas info    : Used 40 registers, used 1 barriers, 80 bytes smem
ptxas info    : Compile time = 11.368 ms
ptxas info    : Compiling entry function '_ZN3aut17format_strategies12decode_codesINS_7storage5e1m14ENS0_8strategyILNS0_11decode_kindE7ELi8ELNS0_14table_locationE1ELNS0_11unpack_kindE0EEEEEvPKNS2_5codecIT_E12storage_typeEmNS0_12table_bundleEPd' for 'sm_90'
ptxas info    : Function properties for _ZN3aut17format_strategies12decode_codesINS_7storage5e1m14ENS0_8strategyILNS0_11decode_kindE7ELi8ELNS0_14table_locationE1ELNS0_11unpack_kindE0EEEEEvPKNS2_5codecIT_E12storage_typeEmNS0_12table_bundleEPd
    0 bytes stack frame, 0 bytes spill stores, 0 bytes spill loads
ptxas info    : Used 30 registers, used 1 barriers
ptxas info    : Compile time = 8.019 ms
ptxas info    : Compiling entry function '_ZN3aut17format_strategies4gemvINS_7storage5e1m14ENS0_8strategyILNS0_11decode_kindE7ELi4ELNS0_14table_locationE1ELNS0_11unpack_kindE0EEEEEvPKNS2_5codecIT_E12storage_typeESE_mmmNS0_12table_bundleEPd' for 'sm_90'
ptxas info    : Function properties for _ZN3aut17format_strategies4gemvINS_7storage5e1m14ENS0_8strategyILNS0_11decode_kindE7ELi4ELNS0_14table_locationE1ELNS0_11unpack_kindE0EEEEEvPKNS2_5codecIT_E12storage_typeESE_mmmNS0_12table_bundleEPd
    0 bytes stack frame, 0 bytes spill stores, 0 bytes spill loads
ptxas info    : Used 31 registers, used 1 barriers, 80 bytes smem
ptxas info    : Compile time = 8.518 ms
ptxas info    : Compiling entry function '_ZN3aut17format_strategies14dot_map_reduceINS_7storage5e1m14ENS0_8strategyILNS0_11decode_kindE7ELi4ELNS0_14table_locationE1ELNS0_11unpack_kindE0EEEEEvPKNS2_5codecIT_E12storage_typeESE_mNS0_12table_bundleEPd' for 'sm_90'
ptxas info    : Function properties for _ZN3aut17format_strategies14dot_map_reduceINS_7storage5e1m14ENS0_8strategyILNS0_11decode_kindE7ELi4ELNS0_14table_locationE1ELNS0_11unpack_kindE0EEEEEvPKNS2_5codecIT_E12storage_typeESE_mNS0_12table_bundleEPd
    0 bytes stack frame, 0 bytes spill stores, 0 bytes spill loads
ptxas info    : Used 32 registers, used 1 barriers, 80 bytes smem
ptxas info    : Compile time = 8.273 ms
ptxas info    : Compiling entry function '_ZN3aut17format_strategies12decode_codesINS_7storage5e1m14ENS0_8strategyILNS0_11decode_kindE7ELi4ELNS0_14table_locationE1ELNS0_11unpack_kindE0EEEEEvPKNS2_5codecIT_E12storage_typeEmNS0_12table_bundleEPd' for 'sm_90'
ptxas info    : Function properties for _ZN3aut17format_strategies12decode_codesINS_7storage5e1m14ENS0_8strategyILNS0_11decode_kindE7ELi4ELNS0_14table_locationE1ELNS0_11unpack_kindE0EEEEEvPKNS2_5codecIT_E12storage_typeEmNS0_12table_bundleEPd
    0 bytes stack frame, 0 bytes spill stores, 0 bytes spill loads
ptxas info    : Used 22 registers, used 1 barriers
ptxas info    : Compile time = 6.775 ms
ptxas info    : Compiling entry function '_ZN3aut17format_strategies4gemvINS_7storage5e1m14ENS0_8strategyILNS0_11decode_kindE7ELi8ELNS0_14table_locationE0ELNS0_11unpack_kindE0EEEEEvPKNS2_5codecIT_E12storage_typeESE_mmmNS0_12table_bundleEPd' for 'sm_90'
ptxas info    : Function properties for _ZN3aut17format_strategies4gemvINS_7storage5e1m14ENS0_8strategyILNS0_11decode_kindE7ELi8ELNS0_14table_locationE0ELNS0_11unpack_kindE0EEEEEvPKNS2_5codecIT_E12storage_typeESE_mmmNS0_12table_bundleEPd
    0 bytes stack frame, 0 bytes spill stores, 0 bytes spill loads
ptxas info    : Used 40 registers, used 1 barriers, 80 bytes smem
ptxas info    : Compile time = 10.071 ms
ptxas info    : Compiling entry function '_ZN3aut17format_strategies14dot_map_reduceINS_7storage5e1m14ENS0_8strategyILNS0_11decode_kindE7ELi8ELNS0_14table_locationE0ELNS0_11unpack_kindE0EEEEEvPKNS2_5codecIT_E12storage_typeESE_mNS0_12table_bundleEPd' for 'sm_90'
ptxas info    : Function properties for _ZN3aut17format_strategies14dot_map_reduceINS_7storage5e1m14ENS0_8strategyILNS0_11decode_kindE7ELi8ELNS0_14table_locationE0ELNS0_11unpack_kindE0EEEEEvPKNS2_5codecIT_E12storage_typeESE_mNS0_12table_bundleEPd
    0 bytes stack frame, 0 bytes spill stores, 0 bytes spill loads
ptxas info    : Used 40 registers, used 1 barriers, 80 bytes smem
ptxas info    : Compile time = 9.988 ms
ptxas info    : Compiling entry function '_ZN3aut17format_strategies12decode_codesINS_7storage5e1m14ENS0_8strategyILNS0_11decode_kindE7ELi8ELNS0_14table_locationE0ELNS0_11unpack_kindE0EEEEEvPKNS2_5codecIT_E12storage_typeEmNS0_12table_bundleEPd' for 'sm_90'
ptxas info    : Function properties for _ZN3aut17format_strategies12decode_codesINS_7storage5e1m14ENS0_8strategyILNS0_11decode_kindE7ELi8ELNS0_14table_locationE0ELNS0_11unpack_kindE0EEEEEvPKNS2_5codecIT_E12storage_typeEmNS0_12table_bundleEPd
    0 bytes stack frame, 0 bytes spill stores, 0 bytes spill loads
ptxas info    : Used 32 registers, used 0 barriers
ptxas info    : Compile time = 6.977 ms
ptxas info    : Compiling entry function '_ZN3aut17format_strategies4gemvINS_7storage5e1m14ENS0_8strategyILNS0_11decode_kindE7ELi4ELNS0_14table_locationE0ELNS0_11unpack_kindE0EEEEEvPKNS2_5codecIT_E12storage_typeESE_mmmNS0_12table_bundleEPd' for 'sm_90'
ptxas info    : Function properties for _ZN3aut17format_strategies4gemvINS_7storage5e1m14ENS0_8strategyILNS0_11decode_kindE7ELi4ELNS0_14table_locationE0ELNS0_11unpack_kindE0EEEEEvPKNS2_5codecIT_E12storage_typeESE_mmmNS0_12table_bundleEPd
    0 bytes stack frame, 0 bytes spill stores, 0 bytes spill loads
ptxas info    : Used 32 registers, used 1 barriers, 80 bytes smem
ptxas info    : Compile time = 7.511 ms
ptxas info    : Compiling entry function '_ZN3aut17format_strategies14dot_map_reduceINS_7storage5e1m14ENS0_8strategyILNS0_11decode_kindE7ELi4ELNS0_14table_locationE0ELNS0_11unpack_kindE0EEEEEvPKNS2_5codecIT_E12storage_typeESE_mNS0_12table_bundleEPd' for 'sm_90'
ptxas info    : Function properties for _ZN3aut17format_strategies14dot_map_reduceINS_7storage5e1m14ENS0_8strategyILNS0_11decode_kindE7ELi4ELNS0_14table_locationE0ELNS0_11unpack_kindE0EEEEEvPKNS2_5codecIT_E12storage_typeESE_mNS0_12table_bundleEPd
    0 bytes stack frame, 0 bytes spill stores, 0 bytes spill loads
ptxas info    : Used 32 registers, used 1 barriers, 80 bytes smem
ptxas info    : Compile time = 7.302 ms
ptxas info    : Compiling entry function '_ZN3aut17format_strategies12decode_codesINS_7storage5e1m14ENS0_8strategyILNS0_11decode_kindE7ELi4ELNS0_14table_locationE0ELNS0_11unpack_kindE0EEEEEvPKNS2_5codecIT_E12storage_typeEmNS0_12table_bundleEPd' for 'sm_90'
ptxas info    : Function properties for _ZN3aut17format_strategies12decode_codesINS_7storage5e1m14ENS0_8strategyILNS0_11decode_kindE7ELi4ELNS0_14table_locationE0ELNS0_11unpack_kindE0EEEEEvPKNS2_5codecIT_E12storage_typeEmNS0_12table_bundleEPd
    0 bytes stack frame, 0 bytes spill stores, 0 bytes spill loads
ptxas info    : Used 24 registers, used 0 barriers
ptxas info    : Compile time = 5.863 ms
ptxas info    : Compiling entry function '_ZN3aut17format_strategies4gemvINS_7storage5e1m14ENS0_8strategyILNS0_11decode_kindE6ELi8ELNS0_14table_locationE0ELNS0_11unpack_kindE0EEEEEvPKNS2_5codecIT_E12storage_typeESE_mmmNS0_12table_bundleEPd' for 'sm_90'
ptxas info    : Function properties for _ZN3aut17format_strategies4gemvINS_7storage5e1m14ENS0_8strategyILNS0_11decode_kindE6ELi8ELNS0_14table_locationE0ELNS0_11unpack_kindE0EEEEEvPKNS2_5codecIT_E12storage_typeESE_mmmNS0_12table_bundleEPd
    0 bytes stack frame, 0 bytes spill stores, 0 bytes spill loads
ptxas info    : Used 48 registers, used 1 barriers, 80 bytes smem
ptxas info    : Compile time = 6.715 ms
ptxas info    : Compiling entry function '_ZN3aut17format_strategies14dot_map_reduceINS_7storage5e1m14ENS0_8strategyILNS0_11decode_kindE6ELi8ELNS0_14table_locationE0ELNS0_11unpack_kindE0EEEEEvPKNS2_5codecIT_E12storage_typeESE_mNS0_12table_bundleEPd' for 'sm_90'
ptxas info    : Function properties for _ZN3aut17format_strategies14dot_map_reduceINS_7storage5e1m14ENS0_8strategyILNS0_11decode_kindE6ELi8ELNS0_14table_locationE0ELNS0_11unpack_kindE0EEEEEvPKNS2_5codecIT_E12storage_typeESE_mNS0_12table_bundleEPd
    0 bytes stack frame, 0 bytes spill stores, 0 bytes spill loads
ptxas info    : Used 44 registers, used 1 barriers, 80 bytes smem
ptxas info    : Compile time = 6.670 ms
ptxas info    : Compiling entry function '_ZN3aut17format_strategies12decode_codesINS_7storage5e1m14ENS0_8strategyILNS0_11decode_kindE6ELi8ELNS0_14table_locationE0ELNS0_11unpack_kindE0EEEEEvPKNS2_5codecIT_E12storage_typeEmNS0_12table_bundleEPd' for 'sm_90'
ptxas info    : Function properties for _ZN3aut17format_strategies12decode_codesINS_7storage5e1m14ENS0_8strategyILNS0_11decode_kindE6ELi8ELNS0_14table_locationE0ELNS0_11unpack_kindE0EEEEEvPKNS2_5codecIT_E12storage_typeEmNS0_12table_bundleEPd
    0 bytes stack frame, 0 bytes spill stores, 0 bytes spill loads
ptxas info    : Used 24 registers, used 0 barriers
ptxas info    : Compile time = 7.541 ms
ptxas info    : Compiling entry function '_ZN3aut17format_strategies4gemvINS_7storage5e1m14ENS0_8strategyILNS0_11decode_kindE6ELi4ELNS0_14table_locationE0ELNS0_11unpack_kindE0EEEEEvPKNS2_5codecIT_E12storage_typeESE_mmmNS0_12table_bundleEPd' for 'sm_90'
ptxas info    : Function properties for _ZN3aut17format_strategies4gemvINS_7storage5e1m14ENS0_8strategyILNS0_11decode_kindE6ELi4ELNS0_14table_locationE0ELNS0_11unpack_kindE0EEEEEvPKNS2_5codecIT_E12storage_typeESE_mmmNS0_12table_bundleEPd
    0 bytes stack frame, 0 bytes spill stores, 0 bytes spill loads
ptxas info    : Used 32 registers, used 1 barriers, 80 bytes smem
ptxas info    : Compile time = 5.563 ms
ptxas info    : Compiling entry function '_ZN3aut17format_strategies14dot_map_reduceINS_7storage5e1m14ENS0_8strategyILNS0_11decode_kindE6ELi4ELNS0_14table_locationE0ELNS0_11unpack_kindE0EEEEEvPKNS2_5codecIT_E12storage_typeESE_mNS0_12table_bundleEPd' for 'sm_90'
ptxas info    : Function properties for _ZN3aut17format_strategies14dot_map_reduceINS_7storage5e1m14ENS0_8strategyILNS0_11decode_kindE6ELi4ELNS0_14table_locationE0ELNS0_11unpack_kindE0EEEEEvPKNS2_5codecIT_E12storage_typeESE_mNS0_12table_bundleEPd
    0 bytes stack frame, 0 bytes spill stores, 0 bytes spill loads
ptxas info    : Used 34 registers, used 1 barriers, 80 bytes smem
ptxas info    : Compile time = 5.601 ms
ptxas info    : Compiling entry function '_ZN3aut17format_strategies12decode_codesINS_7storage5e1m14ENS0_8strategyILNS0_11decode_kindE6ELi4ELNS0_14table_locationE0ELNS0_11unpack_kindE0EEEEEvPKNS2_5codecIT_E12storage_typeEmNS0_12table_bundleEPd' for 'sm_90'
ptxas info    : Function properties for _ZN3aut17format_strategies12decode_codesINS_7storage5e1m14ENS0_8strategyILNS0_11decode_kindE6ELi4ELNS0_14table_locationE0ELNS0_11unpack_kindE0EEEEEvPKNS2_5codecIT_E12storage_typeEmNS0_12table_bundleEPd
    0 bytes stack frame, 0 bytes spill stores, 0 bytes spill loads
ptxas info    : Used 22 registers, used 0 barriers
ptxas info    : Compile time = 7.098 ms
ptxas info    : Compiling entry function '_ZN3aut17format_strategies4gemvINS_7storage5e1m14ENS0_8strategyILNS0_11decode_kindE6ELi1ELNS0_14table_locationE0ELNS0_11unpack_kindE0EEEEEvPKNS2_5codecIT_E12storage_typeESE_mmmNS0_12table_bundleEPd' for 'sm_90'
ptxas info    : Function properties for _ZN3aut17format_strategies4gemvINS_7storage5e1m14ENS0_8strategyILNS0_11decode_kindE6ELi1ELNS0_14table_locationE0ELNS0_11unpack_kindE0EEEEEvPKNS2_5codecIT_E12storage_typeESE_mmmNS0_12table_bundleEPd
    0 bytes stack frame, 0 bytes spill stores, 0 bytes spill loads
ptxas info    : Used 24 registers, used 1 barriers, 80 bytes smem
ptxas info    : Compile time = 4.369 ms
ptxas info    : Compiling entry function '_ZN3aut17format_strategies14dot_map_reduceINS_7storage5e1m14ENS0_8strategyILNS0_11decode_kindE6ELi1ELNS0_14table_locationE0ELNS0_11unpack_kindE0EEEEEvPKNS2_5codecIT_E12storage_typeESE_mNS0_12table_bundleEPd' for 'sm_90'
ptxas info    : Function properties for _ZN3aut17format_strategies14dot_map_reduceINS_7storage5e1m14ENS0_8strategyILNS0_11decode_kindE6ELi1ELNS0_14table_locationE0ELNS0_11unpack_kindE0EEEEEvPKNS2_5codecIT_E12storage_typeESE_mNS0_12table_bundleEPd
    0 bytes stack frame, 0 bytes spill stores, 0 bytes spill loads
ptxas info    : Used 26 registers, used 1 barriers, 80 bytes smem
ptxas info    : Compile time = 4.357 ms
ptxas info    : Compiling entry function '_ZN3aut17format_strategies12decode_codesINS_7storage5e1m14ENS0_8strategyILNS0_11decode_kindE6ELi1ELNS0_14table_locationE0ELNS0_11unpack_kindE0EEEEEvPKNS2_5codecIT_E12storage_typeEmNS0_12table_bundleEPd' for 'sm_90'
ptxas info    : Function properties for _ZN3aut17format_strategies12decode_codesINS_7storage5e1m14ENS0_8strategyILNS0_11decode_kindE6ELi1ELNS0_14table_locationE0ELNS0_11unpack_kindE0EEEEEvPKNS2_5codecIT_E12storage_typeEmNS0_12table_bundleEPd
    0 bytes stack frame, 0 bytes spill stores, 0 bytes spill loads
ptxas info    : Used 22 registers, used 0 barriers
ptxas info    : Compile time = 6.722 ms
ptxas info    : Compiling entry function '_ZN3aut17format_strategies4gemvINS_7storage5e1m14ENS0_8strategyILNS0_11decode_kindE3ELi8ELNS0_14table_locationE0ELNS0_11unpack_kindE0EEEEEvPKNS2_5codecIT_E12storage_typeESE_mmmNS0_12table_bundleEPd' for 'sm_90'
ptxas info    : Function properties for _ZN3aut17format_strategies4gemvINS_7storage5e1m14ENS0_8strategyILNS0_11decode_kindE3ELi8ELNS0_14table_locationE0ELNS0_11unpack_kindE0EEEEEvPKNS2_5codecIT_E12storage_typeESE_mmmNS0_12table_bundleEPd
    0 bytes stack frame, 0 bytes spill stores, 0 bytes spill loads
ptxas info    : Used 48 registers, used 1 barriers, 80 bytes smem
ptxas info    : Compile time = 12.877 ms
ptxas info    : Compiling entry function '_ZN3aut17format_strategies14dot_map_reduceINS_7storage5e1m14ENS0_8strategyILNS0_11decode_kindE3ELi8ELNS0_14table_locationE0ELNS0_11unpack_kindE0EEEEEvPKNS2_5codecIT_E12storage_typeESE_mNS0_12table_bundleEPd' for 'sm_90'
ptxas info    : Function properties for _ZN3aut17format_strategies14dot_map_reduceINS_7storage5e1m14ENS0_8strategyILNS0_11decode_kindE3ELi8ELNS0_14table_locationE0ELNS0_11unpack_kindE0EEEEEvPKNS2_5codecIT_E12storage_typeESE_mNS0_12table_bundleEPd
    0 bytes stack frame, 0 bytes spill stores, 0 bytes spill loads
ptxas info    : Used 56 registers, used 1 barriers, 80 bytes smem
ptxas info    : Compile time = 12.761 ms
ptxas info    : Compiling entry function '_ZN3aut17format_strategies12decode_codesINS_7storage5e1m14ENS0_8strategyILNS0_11decode_kindE3ELi8ELNS0_14table_locationE0ELNS0_11unpack_kindE0EEEEEvPKNS2_5codecIT_E12storage_typeEmNS0_12table_bundleEPd' for 'sm_90'
ptxas info    : Function properties for _ZN3aut17format_strategies12decode_codesINS_7storage5e1m14ENS0_8strategyILNS0_11decode_kindE3ELi8ELNS0_14table_locationE0ELNS0_11unpack_kindE0EEEEEvPKNS2_5codecIT_E12storage_typeEmNS0_12table_bundleEPd
    0 bytes stack frame, 0 bytes spill stores, 0 bytes spill loads
ptxas info    : Used 28 registers, used 0 barriers
ptxas info    : Compile time = 8.799 ms
ptxas info    : Compiling entry function '_ZN3aut17format_strategies4gemvINS_7storage5e1m14ENS0_8strategyILNS0_11decode_kindE3ELi4ELNS0_14table_locationE0ELNS0_11unpack_kindE0EEEEEvPKNS2_5codecIT_E12storage_typeESE_mmmNS0_12table_bundleEPd' for 'sm_90'
ptxas info    : Function properties for _ZN3aut17format_strategies4gemvINS_7storage5e1m14ENS0_8strategyILNS0_11decode_kindE3ELi4ELNS0_14table_locationE0ELNS0_11unpack_kindE0EEEEEvPKNS2_5codecIT_E12storage_typeESE_mmmNS0_12table_bundleEPd
    0 bytes stack frame, 0 bytes spill stores, 0 bytes spill loads
ptxas info    : Used 32 registers, used 1 barriers, 80 bytes smem
ptxas info    : Compile time = 8.987 ms
ptxas info    : Compiling entry function '_ZN3aut17format_strategies14dot_map_reduceINS_7storage5e1m14ENS0_8strategyILNS0_11decode_kindE3ELi4ELNS0_14table_locationE0ELNS0_11unpack_kindE0EEEEEvPKNS2_5codecIT_E12storage_typeESE_mNS0_12table_bundleEPd' for 'sm_90'
ptxas info    : Function properties for _ZN3aut17format_strategies14dot_map_reduceINS_7storage5e1m14ENS0_8strategyILNS0_11decode_kindE3ELi4ELNS0_14table_locationE0ELNS0_11unpack_kindE0EEEEEvPKNS2_5codecIT_E12storage_typeESE_mNS0_12table_bundleEPd
    0 bytes stack frame, 0 bytes spill stores, 0 bytes spill loads
ptxas info    : Used 32 registers, used 1 barriers, 80 bytes smem
ptxas info    : Compile time = 8.773 ms
ptxas info    : Compiling entry function '_ZN3aut17format_strategies12decode_codesINS_7storage5e1m14ENS0_8strategyILNS0_11decode_kindE3ELi4ELNS0_14table_locationE0ELNS0_11unpack_kindE0EEEEEvPKNS2_5codecIT_E12storage_typeEmNS0_12table_bundleEPd' for 'sm_90'
ptxas info    : Function properties for _ZN3aut17format_strategies12decode_codesINS_7storage5e1m14ENS0_8strategyILNS0_11decode_kindE3ELi4ELNS0_14table_locationE0ELNS0_11unpack_kindE0EEEEEvPKNS2_5codecIT_E12storage_typeEmNS0_12table_bundleEPd
    0 bytes stack frame, 0 bytes spill stores, 0 bytes spill loads
ptxas info    : Used 19 registers, used 0 barriers
ptxas info    : Compile time = 7.223 ms
ptxas info    : Compiling entry function '_ZN3aut17format_strategies4gemvINS_7storage5e1m14ENS0_8strategyILNS0_11decode_kindE3ELi1ELNS0_14table_locationE0ELNS0_11unpack_kindE0EEEEEvPKNS2_5codecIT_E12storage_typeESE_mmmNS0_12table_bundleEPd' for 'sm_90'
ptxas info    : Function properties for _ZN3aut17format_strategies4gemvINS_7storage5e1m14ENS0_8strategyILNS0_11decode_kindE3ELi1ELNS0_14table_locationE0ELNS0_11unpack_kindE0EEEEEvPKNS2_5codecIT_E12storage_typeESE_mmmNS0_12table_bundleEPd
    0 bytes stack frame, 0 bytes spill stores, 0 bytes spill loads
ptxas info    : Used 20 registers, used 1 barriers, 80 bytes smem
ptxas info    : Compile time = 6.114 ms
ptxas info    : Compiling entry function '_ZN3aut17format_strategies14dot_map_reduceINS_7storage5e1m14ENS0_8strategyILNS0_11decode_kindE3ELi1ELNS0_14table_locationE0ELNS0_11unpack_kindE0EEEEEvPKNS2_5codecIT_E12storage_typeESE_mNS0_12table_bundleEPd' for 'sm_90'
ptxas info    : Function properties for _ZN3aut17format_strategies14dot_map_reduceINS_7storage5e1m14ENS0_8strategyILNS0_11decode_kindE3ELi1ELNS0_14table_locationE0ELNS0_11unpack_kindE0EEEEEvPKNS2_5codecIT_E12storage_typeESE_mNS0_12table_bundleEPd
    0 bytes stack frame, 0 bytes spill stores, 0 bytes spill loads
ptxas info    : Used 26 registers, used 1 barriers, 80 bytes smem
ptxas info    : Compile time = 5.980 ms
ptxas info    : Compiling entry function '_ZN3aut17format_strategies12decode_codesINS_7storage5e1m14ENS0_8strategyILNS0_11decode_kindE3ELi1ELNS0_14table_locationE0ELNS0_11unpack_kindE0EEEEEvPKNS2_5codecIT_E12storage_typeEmNS0_12table_bundleEPd' for 'sm_90'
ptxas info    : Function properties for _ZN3aut17format_strategies12decode_codesINS_7storage5e1m14ENS0_8strategyILNS0_11decode_kindE3ELi1ELNS0_14table_locationE0ELNS0_11unpack_kindE0EEEEEvPKNS2_5codecIT_E12storage_typeEmNS0_12table_bundleEPd
    0 bytes stack frame, 0 bytes spill stores, 0 bytes spill loads
ptxas info    : Used 20 registers, used 0 barriers
ptxas info    : Compile time = 5.920 ms
ptxas info    : Compiling entry function '_ZN3aut17format_strategies4gemvINS_7storage5e1m14ENS0_8strategyILNS0_11decode_kindE2ELi8ELNS0_14table_locationE0ELNS0_11unpack_kindE0EEEEEvPKNS2_5codecIT_E12storage_typeESE_mmmNS0_12table_bundleEPd' for 'sm_90'
ptxas info    : Function properties for _ZN3aut17format_strategies4gemvINS_7storage5e1m14ENS0_8strategyILNS0_11decode_kindE2ELi8ELNS0_14table_locationE0ELNS0_11unpack_kindE0EEEEEvPKNS2_5codecIT_E12storage_typeESE_mmmNS0_12table_bundleEPd
    0 bytes stack frame, 0 bytes spill stores, 0 bytes spill loads
ptxas info    : Used 40 registers, used 1 barriers, 80 bytes smem
ptxas info    : Compile time = 16.861 ms
ptxas info    : Compiling entry function '_ZN3aut17format_strategies14dot_map_reduceINS_7storage5e1m14ENS0_8strategyILNS0_11decode_kindE2ELi8ELNS0_14table_locationE0ELNS0_11unpack_kindE0EEEEEvPKNS2_5codecIT_E12storage_typeESE_mNS0_12table_bundleEPd' for 'sm_90'
ptxas info    : Function properties for _ZN3aut17format_strategies14dot_map_reduceINS_7storage5e1m14ENS0_8strategyILNS0_11decode_kindE2ELi8ELNS0_14table_locationE0ELNS0_11unpack_kindE0EEEEEvPKNS2_5codecIT_E12storage_typeESE_mNS0_12table_bundleEPd
    0 bytes stack frame, 0 bytes spill stores, 0 bytes spill loads
ptxas info    : Used 48 registers, used 1 barriers, 80 bytes smem
ptxas info    : Compile time = 16.349 ms
ptxas info    : Compiling entry function '_ZN3aut17format_strategies12decode_codesINS_7storage5e1m14ENS0_8strategyILNS0_11decode_kindE2ELi8ELNS0_14table_locationE0ELNS0_11unpack_kindE0EEEEEvPKNS2_5codecIT_E12storage_typeEmNS0_12table_bundleEPd' for 'sm_90'
ptxas info    : Function properties for _ZN3aut17format_strategies12decode_codesINS_7storage5e1m14ENS0_8strategyILNS0_11decode_kindE2ELi8ELNS0_14table_locationE0ELNS0_11unpack_kindE0EEEEEvPKNS2_5codecIT_E12storage_typeEmNS0_12table_bundleEPd
    0 bytes stack frame, 0 bytes spill stores, 0 bytes spill loads
ptxas info    : Used 31 registers, used 0 barriers
ptxas info    : Compile time = 11.464 ms
ptxas info    : Compiling entry function '_ZN3aut17format_strategies4gemvINS_7storage5e1m14ENS0_8strategyILNS0_11decode_kindE2ELi4ELNS0_14table_locationE0ELNS0_11unpack_kindE0EEEEEvPKNS2_5codecIT_E12storage_typeESE_mmmNS0_12table_bundleEPd' for 'sm_90'
ptxas info    : Function properties for _ZN3aut17format_strategies4gemvINS_7storage5e1m14ENS0_8strategyILNS0_11decode_kindE2ELi4ELNS0_14table_locationE0ELNS0_11unpack_kindE0EEEEEvPKNS2_5codecIT_E12storage_typeESE_mmmNS0_12table_bundleEPd
    0 bytes stack frame, 0 bytes spill stores, 0 bytes spill loads
ptxas info    : Used 32 registers, used 1 barriers, 80 bytes smem
ptxas info    : Compile time = 10.799 ms
ptxas info    : Compiling entry function '_ZN3aut17format_strategies14dot_map_reduceINS_7storage5e1m14ENS0_8strategyILNS0_11decode_kindE2ELi4ELNS0_14table_locationE0ELNS0_11unpack_kindE0EEEEEvPKNS2_5codecIT_E12storage_typeESE_mNS0_12table_bundleEPd' for 'sm_90'
ptxas info    : Function properties for _ZN3aut17format_strategies14dot_map_reduceINS_7storage5e1m14ENS0_8strategyILNS0_11decode_kindE2ELi4ELNS0_14table_locationE0ELNS0_11unpack_kindE0EEEEEvPKNS2_5codecIT_E12storage_typeESE_mNS0_12table_bundleEPd
    0 bytes stack frame, 0 bytes spill stores, 0 bytes spill loads
ptxas info    : Used 39 registers, used 1 barriers, 80 bytes smem
ptxas info    : Compile time = 10.888 ms
ptxas info    : Compiling entry function '_ZN3aut17format_strategies12decode_codesINS_7storage5e1m14ENS0_8strategyILNS0_11decode_kindE2ELi4ELNS0_14table_locationE0ELNS0_11unpack_kindE0EEEEEvPKNS2_5codecIT_E12storage_typeEmNS0_12table_bundleEPd' for 'sm_90'
ptxas info    : Function properties for _ZN3aut17format_strategies12decode_codesINS_7storage5e1m14ENS0_8strategyILNS0_11decode_kindE2ELi4ELNS0_14table_locationE0ELNS0_11unpack_kindE0EEEEEvPKNS2_5codecIT_E12storage_typeEmNS0_12table_bundleEPd
    0 bytes stack frame, 0 bytes spill stores, 0 bytes spill loads
ptxas info    : Used 27 registers, used 0 barriers
ptxas info    : Compile time = 8.795 ms
ptxas info    : Compiling entry function '_ZN3aut17format_strategies4gemvINS_7storage5e1m14ENS0_8strategyILNS0_11decode_kindE2ELi1ELNS0_14table_locationE0ELNS0_11unpack_kindE0EEEEEvPKNS2_5codecIT_E12storage_typeESE_mmmNS0_12table_bundleEPd' for 'sm_90'
ptxas info    : Function properties for _ZN3aut17format_strategies4gemvINS_7storage5e1m14ENS0_8strategyILNS0_11decode_kindE2ELi1ELNS0_14table_locationE0ELNS0_11unpack_kindE0EEEEEvPKNS2_5codecIT_E12storage_typeESE_mmmNS0_12table_bundleEPd
    0 bytes stack frame, 0 bytes spill stores, 0 bytes spill loads
ptxas info    : Used 26 registers, used 1 barriers, 80 bytes smem
ptxas info    : Compile time = 6.828 ms
ptxas info    : Compiling entry function '_ZN3aut17format_strategies14dot_map_reduceINS_7storage5e1m14ENS0_8strategyILNS0_11decode_kindE2ELi1ELNS0_14table_locationE0ELNS0_11unpack_kindE0EEEEEvPKNS2_5codecIT_E12storage_typeESE_mNS0_12table_bundleEPd' for 'sm_90'
ptxas info    : Function properties for _ZN3aut17format_strategies14dot_map_reduceINS_7storage5e1m14ENS0_8strategyILNS0_11decode_kindE2ELi1ELNS0_14table_locationE0ELNS0_11unpack_kindE0EEEEEvPKNS2_5codecIT_E12storage_typeESE_mNS0_12table_bundleEPd
    0 bytes stack frame, 0 bytes spill stores, 0 bytes spill loads
ptxas info    : Used 28 registers, used 1 barriers, 80 bytes smem
ptxas info    : Compile time = 6.666 ms
ptxas info    : Compiling entry function '_ZN3aut17format_strategies12decode_codesINS_7storage5e1m14ENS0_8strategyILNS0_11decode_kindE2ELi1ELNS0_14table_locationE0ELNS0_11unpack_kindE0EEEEEvPKNS2_5codecIT_E12storage_typeEmNS0_12table_bundleEPd' for 'sm_90'
ptxas info    : Function properties for _ZN3aut17format_strategies12decode_codesINS_7storage5e1m14ENS0_8strategyILNS0_11decode_kindE2ELi1ELNS0_14table_locationE0ELNS0_11unpack_kindE0EEEEEvPKNS2_5codecIT_E12storage_typeEmNS0_12table_bundleEPd
    0 bytes stack frame, 0 bytes spill stores, 0 bytes spill loads
ptxas info    : Used 23 registers, used 0 barriers
ptxas info    : Compile time = 7.047 ms
ptxas info    : Compiling entry function '_ZN3aut17format_strategies4gemvINS_7storage5e1m14ENS0_8strategyILNS0_11decode_kindE1ELi8ELNS0_14table_locationE0ELNS0_11unpack_kindE0EEEEEvPKNS2_5codecIT_E12storage_typeESE_mmmNS0_12table_bundleEPd' for 'sm_90'
ptxas info    : Function properties for _ZN3aut17format_strategies4gemvINS_7storage5e1m14ENS0_8strategyILNS0_11decode_kindE1ELi8ELNS0_14table_locationE0ELNS0_11unpack_kindE0EEEEEvPKNS2_5codecIT_E12storage_typeESE_mmmNS0_12table_bundleEPd
    0 bytes stack frame, 0 bytes spill stores, 0 bytes spill loads
ptxas info    : Used 60 registers, used 1 barriers, 80 bytes smem
ptxas info    : Compile time = 16.080 ms
ptxas info    : Compiling entry function '_ZN3aut17format_strategies14dot_map_reduceINS_7storage5e1m14ENS0_8strategyILNS0_11decode_kindE1ELi8ELNS0_14table_locationE0ELNS0_11unpack_kindE0EEEEEvPKNS2_5codecIT_E12storage_typeESE_mNS0_12table_bundleEPd' for 'sm_90'
ptxas info    : Function properties for _ZN3aut17format_strategies14dot_map_reduceINS_7storage5e1m14ENS0_8strategyILNS0_11decode_kindE1ELi8ELNS0_14table_locationE0ELNS0_11unpack_kindE0EEEEEvPKNS2_5codecIT_E12storage_typeESE_mNS0_12table_bundleEPd
    0 bytes stack frame, 0 bytes spill stores, 0 bytes spill loads
ptxas info    : Used 64 registers, used 1 barriers, 80 bytes smem
ptxas info    : Compile time = 15.643 ms
ptxas info    : Compiling entry function '_ZN3aut17format_strategies12decode_codesINS_7storage5e1m14ENS0_8strategyILNS0_11decode_kindE1ELi8ELNS0_14table_locationE0ELNS0_11unpack_kindE0EEEEEvPKNS2_5codecIT_E12storage_typeEmNS0_12table_bundleEPd' for 'sm_90'
ptxas info    : Function properties for _ZN3aut17format_strategies12decode_codesINS_7storage5e1m14ENS0_8strategyILNS0_11decode_kindE1ELi8ELNS0_14table_locationE0ELNS0_11unpack_kindE0EEEEEvPKNS2_5codecIT_E12storage_typeEmNS0_12table_bundleEPd
    0 bytes stack frame, 0 bytes spill stores, 0 bytes spill loads
ptxas info    : Used 31 registers, used 0 barriers
ptxas info    : Compile time = 10.812 ms
ptxas info    : Compiling entry function '_ZN3aut17format_strategies4gemvINS_7storage5e1m14ENS0_8strategyILNS0_11decode_kindE1ELi4ELNS0_14table_locationE0ELNS0_11unpack_kindE0EEEEEvPKNS2_5codecIT_E12storage_typeESE_mmmNS0_12table_bundleEPd' for 'sm_90'
ptxas info    : Function properties for _ZN3aut17format_strategies4gemvINS_7storage5e1m14ENS0_8strategyILNS0_11decode_kindE1ELi4ELNS0_14table_locationE0ELNS0_11unpack_kindE0EEEEEvPKNS2_5codecIT_E12storage_typeESE_mmmNS0_12table_bundleEPd
    0 bytes stack frame, 0 bytes spill stores, 0 bytes spill loads
ptxas info    : Used 38 registers, used 1 barriers, 80 bytes smem
ptxas info    : Compile time = 10.609 ms
ptxas info    : Compiling entry function '_ZN3aut17format_strategies14dot_map_reduceINS_7storage5e1m14ENS0_8strategyILNS0_11decode_kindE1ELi4ELNS0_14table_locationE0ELNS0_11unpack_kindE0EEEEEvPKNS2_5codecIT_E12storage_typeESE_mNS0_12table_bundleEPd' for 'sm_90'
ptxas info    : Function properties for _ZN3aut17format_strategies14dot_map_reduceINS_7storage5e1m14ENS0_8strategyILNS0_11decode_kindE1ELi4ELNS0_14table_locationE0ELNS0_11unpack_kindE0EEEEEvPKNS2_5codecIT_E12storage_typeESE_mNS0_12table_bundleEPd
    0 bytes stack frame, 0 bytes spill stores, 0 bytes spill loads
ptxas info    : Used 40 registers, used 1 barriers, 80 bytes smem
ptxas info    : Compile time = 10.534 ms
ptxas info    : Compiling entry function '_ZN3aut17format_strategies12decode_codesINS_7storage5e1m14ENS0_8strategyILNS0_11decode_kindE1ELi4ELNS0_14table_locationE0ELNS0_11unpack_kindE0EEEEEvPKNS2_5codecIT_E12storage_typeEmNS0_12table_bundleEPd' for 'sm_90'
ptxas info    : Function properties for _ZN3aut17format_strategies12decode_codesINS_7storage5e1m14ENS0_8strategyILNS0_11decode_kindE1ELi4ELNS0_14table_locationE0ELNS0_11unpack_kindE0EEEEEvPKNS2_5codecIT_E12storage_typeEmNS0_12table_bundleEPd
    0 bytes stack frame, 0 bytes spill stores, 0 bytes spill loads
ptxas info    : Used 22 registers, used 0 barriers
ptxas info    : Compile time = 8.693 ms
ptxas info    : Compiling entry function '_ZN3aut17format_strategies4gemvINS_7storage5e1m14ENS0_8strategyILNS0_11decode_kindE1ELi1ELNS0_14table_locationE0ELNS0_11unpack_kindE0EEEEEvPKNS2_5codecIT_E12storage_typeESE_mmmNS0_12table_bundleEPd' for 'sm_90'
ptxas info    : Function properties for _ZN3aut17format_strategies4gemvINS_7storage5e1m14ENS0_8strategyILNS0_11decode_kindE1ELi1ELNS0_14table_locationE0ELNS0_11unpack_kindE0EEEEEvPKNS2_5codecIT_E12storage_typeESE_mmmNS0_12table_bundleEPd
    0 bytes stack frame, 0 bytes spill stores, 0 bytes spill loads
ptxas info    : Used 21 registers, used 1 barriers, 80 bytes smem
ptxas info    : Compile time = 6.901 ms
ptxas info    : Compiling entry function '_ZN3aut17format_strategies14dot_map_reduceINS_7storage5e1m14ENS0_8strategyILNS0_11decode_kindE1ELi1ELNS0_14table_locationE0ELNS0_11unpack_kindE0EEEEEvPKNS2_5codecIT_E12storage_typeESE_mNS0_12table_bundleEPd' for 'sm_90'
ptxas info    : Function properties for _ZN3aut17format_strategies14dot_map_reduceINS_7storage5e1m14ENS0_8strategyILNS0_11decode_kindE1ELi1ELNS0_14table_locationE0ELNS0_11unpack_kindE0EEEEEvPKNS2_5codecIT_E12storage_typeESE_mNS0_12table_bundleEPd
    0 bytes stack frame, 0 bytes spill stores, 0 bytes spill loads
ptxas info    : Used 28 registers, used 1 barriers, 80 bytes smem
ptxas info    : Compile time = 7.860 ms
ptxas info    : Compiling entry function '_ZN3aut17format_strategies12decode_codesINS_7storage5e1m14ENS0_8strategyILNS0_11decode_kindE1ELi1ELNS0_14table_locationE0ELNS0_11unpack_kindE0EEEEEvPKNS2_5codecIT_E12storage_typeEmNS0_12table_bundleEPd' for 'sm_90'
ptxas info    : Function properties for _ZN3aut17format_strategies12decode_codesINS_7storage5e1m14ENS0_8strategyILNS0_11decode_kindE1ELi1ELNS0_14table_locationE0ELNS0_11unpack_kindE0EEEEEvPKNS2_5codecIT_E12storage_typeEmNS0_12table_bundleEPd
    0 bytes stack frame, 0 bytes spill stores, 0 bytes spill loads
ptxas info    : Used 21 registers, used 0 barriers
ptxas info    : Compile time = 6.919 ms
ptxas info    : Compiling entry function '_ZN3aut17format_strategies4gemvINS_7storage5e1m14ENS0_8strategyILNS0_11decode_kindE4ELi8ELNS0_14table_locationE0ELNS0_11unpack_kindE0EEEEEvPKNS2_5codecIT_E12storage_typeESE_mmmNS0_12table_bundleEPd' for 'sm_90'
ptxas info    : Function properties for _ZN3aut17format_strategies4gemvINS_7storage5e1m14ENS0_8strategyILNS0_11decode_kindE4ELi8ELNS0_14table_locationE0ELNS0_11unpack_kindE0EEEEEvPKNS2_5codecIT_E12storage_typeESE_mmmNS0_12table_bundleEPd
    0 bytes stack frame, 0 bytes spill stores, 0 bytes spill loads
ptxas info    : Used 39 registers, used 1 barriers, 80 bytes smem
ptxas info    : Compile time = 7.533 ms
ptxas info    : Compiling entry function '_ZN3aut17format_strategies14dot_map_reduceINS_7storage5e1m14ENS0_8strategyILNS0_11decode_kindE4ELi8ELNS0_14table_locationE0ELNS0_11unpack_kindE0EEEEEvPKNS2_5codecIT_E12storage_typeESE_mNS0_12table_bundleEPd' for 'sm_90'
ptxas info    : Function properties for _ZN3aut17format_strategies14dot_map_reduceINS_7storage5e1m14ENS0_8strategyILNS0_11decode_kindE4ELi8ELNS0_14table_locationE0ELNS0_11unpack_kindE0EEEEEvPKNS2_5codecIT_E12storage_typeESE_mNS0_12table_bundleEPd
    0 bytes stack frame, 0 bytes spill stores, 0 bytes spill loads
ptxas info    : Used 46 registers, used 1 barriers, 80 bytes smem
ptxas info    : Compile time = 7.552 ms
ptxas info    : Compiling entry function '_ZN3aut17format_strategies12decode_codesINS_7storage5e1m14ENS0_8strategyILNS0_11decode_kindE4ELi8ELNS0_14table_locationE0ELNS0_11unpack_kindE0EEEEEvPKNS2_5codecIT_E12storage_typeEmNS0_12table_bundleEPd' for 'sm_90'
ptxas info    : Function properties for _ZN3aut17format_strategies12decode_codesINS_7storage5e1m14ENS0_8strategyILNS0_11decode_kindE4ELi8ELNS0_14table_locationE0ELNS0_11unpack_kindE0EEEEEvPKNS2_5codecIT_E12storage_typeEmNS0_12table_bundleEPd
    0 bytes stack frame, 0 bytes spill stores, 0 bytes spill loads
ptxas info    : Used 29 registers, used 0 barriers
ptxas info    : Compile time = 9.731 ms
ptxas info    : Compiling entry function '_ZN3aut17format_strategies4gemvINS_7storage5e1m14ENS0_8strategyILNS0_11decode_kindE4ELi4ELNS0_14table_locationE0ELNS0_11unpack_kindE0EEEEEvPKNS2_5codecIT_E12storage_typeESE_mmmNS0_12table_bundleEPd' for 'sm_90'
ptxas info    : Function properties for _ZN3aut17format_strategies4gemvINS_7storage5e1m14ENS0_8strategyILNS0_11decode_kindE4ELi4ELNS0_14table_locationE0ELNS0_11unpack_kindE0EEEEEvPKNS2_5codecIT_E12storage_typeESE_mmmNS0_12table_bundleEPd
    0 bytes stack frame, 0 bytes spill stores, 0 bytes spill loads
ptxas info    : Used 31 registers, used 1 barriers, 80 bytes smem
ptxas info    : Compile time = 5.969 ms
ptxas info    : Compiling entry function '_ZN3aut17format_strategies14dot_map_reduceINS_7storage5e1m14ENS0_8strategyILNS0_11decode_kindE4ELi4ELNS0_14table_locationE0ELNS0_11unpack_kindE0EEEEEvPKNS2_5codecIT_E12storage_typeESE_mNS0_12table_bundleEPd' for 'sm_90'
ptxas info    : Function properties for _ZN3aut17format_strategies14dot_map_reduceINS_7storage5e1m14ENS0_8strategyILNS0_11decode_kindE4ELi4ELNS0_14table_locationE0ELNS0_11unpack_kindE0EEEEEvPKNS2_5codecIT_E12storage_typeESE_mNS0_12table_bundleEPd
    0 bytes stack frame, 0 bytes spill stores, 0 bytes spill loads
ptxas info    : Used 31 registers, used 1 barriers, 80 bytes smem
ptxas info    : Compile time = 5.885 ms
ptxas info    : Compiling entry function '_ZN3aut17format_strategies12decode_codesINS_7storage5e1m14ENS0_8strategyILNS0_11decode_kindE4ELi4ELNS0_14table_locationE0ELNS0_11unpack_kindE0EEEEEvPKNS2_5codecIT_E12storage_typeEmNS0_12table_bundleEPd' for 'sm_90'
ptxas info    : Function properties for _ZN3aut17format_strategies12decode_codesINS_7storage5e1m14ENS0_8strategyILNS0_11decode_kindE4ELi4ELNS0_14table_locationE0ELNS0_11unpack_kindE0EEEEEvPKNS2_5codecIT_E12storage_typeEmNS0_12table_bundleEPd
    0 bytes stack frame, 0 bytes spill stores, 0 bytes spill loads
ptxas info    : Used 24 registers, used 0 barriers
ptxas info    : Compile time = 9.078 ms
ptxas info    : Compiling entry function '_ZN3aut17format_strategies4gemvINS_7storage5e1m14ENS0_8strategyILNS0_11decode_kindE4ELi1ELNS0_14table_locationE0ELNS0_11unpack_kindE0EEEEEvPKNS2_5codecIT_E12storage_typeESE_mmmNS0_12table_bundleEPd' for 'sm_90'
ptxas info    : Function properties for _ZN3aut17format_strategies4gemvINS_7storage5e1m14ENS0_8strategyILNS0_11decode_kindE4ELi1ELNS0_14table_locationE0ELNS0_11unpack_kindE0EEEEEvPKNS2_5codecIT_E12storage_typeESE_mmmNS0_12table_bundleEPd
    0 bytes stack frame, 0 bytes spill stores, 0 bytes spill loads
ptxas info    : Used 25 registers, used 1 barriers, 80 bytes smem
ptxas info    : Compile time = 4.680 ms
ptxas info    : Compiling entry function '_ZN3aut17format_strategies14dot_map_reduceINS_7storage5e1m14ENS0_8strategyILNS0_11decode_kindE4ELi1ELNS0_14table_locationE0ELNS0_11unpack_kindE0EEEEEvPKNS2_5codecIT_E12storage_typeESE_mNS0_12table_bundleEPd' for 'sm_90'
ptxas info    : Function properties for _ZN3aut17format_strategies14dot_map_reduceINS_7storage5e1m14ENS0_8strategyILNS0_11decode_kindE4ELi1ELNS0_14table_locationE0ELNS0_11unpack_kindE0EEEEEvPKNS2_5codecIT_E12storage_typeESE_mNS0_12table_bundleEPd
    0 bytes stack frame, 0 bytes spill stores, 0 bytes spill loads
ptxas info    : Used 27 registers, used 1 barriers, 80 bytes smem
ptxas info    : Compile time = 4.694 ms
ptxas info    : Compiling entry function '_ZN3aut17format_strategies12decode_codesINS_7storage5e1m14ENS0_8strategyILNS0_11decode_kindE4ELi1ELNS0_14table_locationE0ELNS0_11unpack_kindE0EEEEEvPKNS2_5codecIT_E12storage_typeEmNS0_12table_bundleEPd' for 'sm_90'
ptxas info    : Function properties for _ZN3aut17format_strategies12decode_codesINS_7storage5e1m14ENS0_8strategyILNS0_11decode_kindE4ELi1ELNS0_14table_locationE0ELNS0_11unpack_kindE0EEEEEvPKNS2_5codecIT_E12storage_typeEmNS0_12table_bundleEPd
    0 bytes stack frame, 0 bytes spill stores, 0 bytes spill loads
ptxas info    : Used 22 registers, used 0 barriers
ptxas info    : Compile time = 8.601 ms
ptxas info    : Compiling entry function '_ZN3aut17format_strategies4gemvINS_7storage5e1m14ENS0_8strategyILNS0_11decode_kindE0ELi8ELNS0_14table_locationE0ELNS0_11unpack_kindE0EEEEEvPKNS2_5codecIT_E12storage_typeESE_mmmNS0_12table_bundleEPd' for 'sm_90'
ptxas info    : Function properties for _ZN3aut17format_strategies4gemvINS_7storage5e1m14ENS0_8strategyILNS0_11decode_kindE0ELi8ELNS0_14table_locationE0ELNS0_11unpack_kindE0EEEEEvPKNS2_5codecIT_E12storage_typeESE_mmmNS0_12table_bundleEPd
    0 bytes stack frame, 0 bytes spill stores, 0 bytes spill loads
ptxas info    : Used 64 registers, used 1 barriers, 80 bytes smem
ptxas info    : Compile time = 16.888 ms
ptxas info    : Compiling entry function '_ZN3aut17format_strategies14dot_map_reduceINS_7storage5e1m14ENS0_8strategyILNS0_11decode_kindE0ELi8ELNS0_14table_locationE0ELNS0_11unpack_kindE0EEEEEvPKNS2_5codecIT_E12storage_typeESE_mNS0_12table_bundleEPd' for 'sm_90'
ptxas info    : Function properties for _ZN3aut17format_strategies14dot_map_reduceINS_7storage5e1m14ENS0_8strategyILNS0_11decode_kindE0ELi8ELNS0_14table_locationE0ELNS0_11unpack_kindE0EEEEEvPKNS2_5codecIT_E12storage_typeESE_mNS0_12table_bundleEPd
    0 bytes stack frame, 0 bytes spill stores, 0 bytes spill loads
ptxas info    : Used 64 registers, used 1 barriers, 80 bytes smem
ptxas info    : Compile time = 16.436 ms
ptxas info    : Compiling entry function '_ZN3aut17format_strategies12decode_codesINS_7storage5e1m14ENS0_8strategyILNS0_11decode_kindE0ELi8ELNS0_14table_locationE0ELNS0_11unpack_kindE0EEEEEvPKNS2_5codecIT_E12storage_typeEmNS0_12table_bundleEPd' for 'sm_90'
ptxas info    : Function properties for _ZN3aut17format_strategies12decode_codesINS_7storage5e1m14ENS0_8strategyILNS0_11decode_kindE0ELi8ELNS0_14table_locationE0ELNS0_11unpack_kindE0EEEEEvPKNS2_5codecIT_E12storage_typeEmNS0_12table_bundleEPd
    0 bytes stack frame, 0 bytes spill stores, 0 bytes spill loads
ptxas info    : Used 32 registers, used 0 barriers
ptxas info    : Compile time = 11.081 ms
ptxas info    : Compiling entry function '_ZN3aut17format_strategies4gemvINS_7storage5e1m14ENS0_8strategyILNS0_11decode_kindE0ELi4ELNS0_14table_locationE0ELNS0_11unpack_kindE0EEEEEvPKNS2_5codecIT_E12storage_typeESE_mmmNS0_12table_bundleEPd' for 'sm_90'
ptxas info    : Function properties for _ZN3aut17format_strategies4gemvINS_7storage5e1m14ENS0_8strategyILNS0_11decode_kindE0ELi4ELNS0_14table_locationE0ELNS0_11unpack_kindE0EEEEEvPKNS2_5codecIT_E12storage_typeESE_mmmNS0_12table_bundleEPd
    0 bytes stack frame, 0 bytes spill stores, 0 bytes spill loads
ptxas info    : Used 40 registers, used 1 barriers, 80 bytes smem
ptxas info    : Compile time = 10.942 ms
ptxas info    : Compiling entry function '_ZN3aut17format_strategies14dot_map_reduceINS_7storage5e1m14ENS0_8strategyILNS0_11decode_kindE0ELi4ELNS0_14table_locationE0ELNS0_11unpack_kindE0EEEEEvPKNS2_5codecIT_E12storage_typeESE_mNS0_12table_bundleEPd' for 'sm_90'
ptxas info    : Function properties for _ZN3aut17format_strategies14dot_map_reduceINS_7storage5e1m14ENS0_8strategyILNS0_11decode_kindE0ELi4ELNS0_14table_locationE0ELNS0_11unpack_kindE0EEEEEvPKNS2_5codecIT_E12storage_typeESE_mNS0_12table_bundleEPd
    0 bytes stack frame, 0 bytes spill stores, 0 bytes spill loads
ptxas info    : Used 40 registers, used 1 barriers, 80 bytes smem
ptxas info    : Compile time = 10.816 ms
ptxas info    : Compiling entry function '_ZN3aut17format_strategies12decode_codesINS_7storage5e1m14ENS0_8strategyILNS0_11decode_kindE0ELi4ELNS0_14table_locationE0ELNS0_11unpack_kindE0EEEEEvPKNS2_5codecIT_E12storage_typeEmNS0_12table_bundleEPd' for 'sm_90'
ptxas info    : Function properties for _ZN3aut17format_strategies12decode_codesINS_7storage5e1m14ENS0_8strategyILNS0_11decode_kindE0ELi4ELNS0_14table_locationE0ELNS0_11unpack_kindE0EEEEEvPKNS2_5codecIT_E12storage_typeEmNS0_12table_bundleEPd
    0 bytes stack frame, 0 bytes spill stores, 0 bytes spill loads
ptxas info    : Used 26 registers, used 0 barriers
ptxas info    : Compile time = 8.777 ms
ptxas info    : Compiling entry function '_ZN3aut17format_strategies4gemvINS_7storage5e1m14ENS0_8strategyILNS0_11decode_kindE0ELi1ELNS0_14table_locationE0ELNS0_11unpack_kindE0EEEEEvPKNS2_5codecIT_E12storage_typeESE_mmmNS0_12table_bundleEPd' for 'sm_90'
ptxas info    : Function properties for _ZN3aut17format_strategies4gemvINS_7storage5e1m14ENS0_8strategyILNS0_11decode_kindE0ELi1ELNS0_14table_locationE0ELNS0_11unpack_kindE0EEEEEvPKNS2_5codecIT_E12storage_typeESE_mmmNS0_12table_bundleEPd
    0 bytes stack frame, 0 bytes spill stores, 0 bytes spill loads
ptxas info    : Used 26 registers, used 1 barriers, 80 bytes smem
ptxas info    : Compile time = 6.895 ms
ptxas info    : Compiling entry function '_ZN3aut17format_strategies14dot_map_reduceINS_7storage5e1m14ENS0_8strategyILNS0_11decode_kindE0ELi1ELNS0_14table_locationE0ELNS0_11unpack_kindE0EEEEEvPKNS2_5codecIT_E12storage_typeESE_mNS0_12table_bundleEPd' for 'sm_90'
ptxas info    : Function properties for _ZN3aut17format_strategies14dot_map_reduceINS_7storage5e1m14ENS0_8strategyILNS0_11decode_kindE0ELi1ELNS0_14table_locationE0ELNS0_11unpack_kindE0EEEEEvPKNS2_5codecIT_E12storage_typeESE_mNS0_12table_bundleEPd
    0 bytes stack frame, 0 bytes spill stores, 0 bytes spill loads
ptxas info    : Used 30 registers, used 1 barriers, 80 bytes smem
ptxas info    : Compile time = 6.796 ms
ptxas info    : Compiling entry function '_ZN3aut17format_strategies12decode_codesINS_7storage5e1m14ENS0_8strategyILNS0_11decode_kindE0ELi1ELNS0_14table_locationE0ELNS0_11unpack_kindE0EEEEEvPKNS2_5codecIT_E12storage_typeEmNS0_12table_bundleEPd' for 'sm_90'
ptxas info    : Function properties for _ZN3aut17format_strategies12decode_codesINS_7storage5e1m14ENS0_8strategyILNS0_11decode_kindE0ELi1ELNS0_14table_locationE0ELNS0_11unpack_kindE0EEEEEvPKNS2_5codecIT_E12storage_typeEmNS0_12table_bundleEPd
    0 bytes stack frame, 0 bytes spill stores, 0 bytes spill loads
ptxas info    : Used 23 registers, used 0 barriers
ptxas info    : Compile time = 6.911 ms
ptxas info    : Compiling entry function '_ZN3aut17format_strategies4gemvINS_7storage8fp8_e5m2ENS0_8strategyILNS0_11decode_kindE14ELi8ELNS0_14table_locationE1ELNS0_11unpack_kindE0EEEEEvPKNS2_5codecIT_E12storage_typeESE_mmmNS0_12table_bundleEPd' for 'sm_90'
ptxas info    : Function properties for _ZN3aut17format_strategies4gemvINS_7storage8fp8_e5m2ENS0_8strategyILNS0_11decode_kindE14ELi8ELNS0_14table_locationE1ELNS0_11unpack_kindE0EEEEEvPKNS2_5codecIT_E12storage_typeESE_mmmNS0_12table_bundleEPd
    0 bytes stack frame, 0 bytes spill stores, 0 bytes spill loads
ptxas info    : Used 44 registers, used 1 barriers, 80 bytes smem
ptxas info    : Compile time = 7.496 ms
ptxas info    : Compiling entry function '_ZN3aut17format_strategies14dot_map_reduceINS_7storage8fp8_e5m2ENS0_8strategyILNS0_11decode_kindE14ELi8ELNS0_14table_locationE1ELNS0_11unpack_kindE0EEEEEvPKNS2_5codecIT_E12storage_typeESE_mNS0_12table_bundleEPd' for 'sm_90'
ptxas info    : Function properties for _ZN3aut17format_strategies14dot_map_reduceINS_7storage8fp8_e5m2ENS0_8strategyILNS0_11decode_kindE14ELi8ELNS0_14table_locationE1ELNS0_11unpack_kindE0EEEEEvPKNS2_5codecIT_E12storage_typeESE_mNS0_12table_bundleEPd
    0 bytes stack frame, 0 bytes spill stores, 0 bytes spill loads
ptxas info    : Used 44 registers, used 1 barriers, 80 bytes smem
ptxas info    : Compile time = 7.340 ms
ptxas info    : Compiling entry function '_ZN3aut17format_strategies12decode_codesINS_7storage8fp8_e5m2ENS0_8strategyILNS0_11decode_kindE14ELi8ELNS0_14table_locationE1ELNS0_11unpack_kindE0EEEEEvPKNS2_5codecIT_E12storage_typeEmNS0_12table_bundleEPd' for 'sm_90'
ptxas info    : Function properties for _ZN3aut17format_strategies12decode_codesINS_7storage8fp8_e5m2ENS0_8strategyILNS0_11decode_kindE14ELi8ELNS0_14table_locationE1ELNS0_11unpack_kindE0EEEEEvPKNS2_5codecIT_E12storage_typeEmNS0_12table_bundleEPd
    0 bytes stack frame, 0 bytes spill stores, 0 bytes spill loads
ptxas info    : Used 22 registers, used 1 barriers
ptxas info    : Compile time = 8.526 ms
ptxas info    : Compiling entry function '_ZN3aut17format_strategies4gemvINS_7storage8fp8_e5m2ENS0_8strategyILNS0_11decode_kindE14ELi4ELNS0_14table_locationE1ELNS0_11unpack_kindE0EEEEEvPKNS2_5codecIT_E12storage_typeESE_mmmNS0_12table_bundleEPd' for 'sm_90'
ptxas info    : Function properties for _ZN3aut17format_strategies4gemvINS_7storage8fp8_e5m2ENS0_8strategyILNS0_11decode_kindE14ELi4ELNS0_14table_locationE1ELNS0_11unpack_kindE0EEEEEvPKNS2_5codecIT_E12storage_typeESE_mmmNS0_12table_bundleEPd
    0 bytes stack frame, 0 bytes spill stores, 0 bytes spill loads
ptxas info    : Used 34 registers, used 1 barriers, 80 bytes smem
ptxas info    : Compile time = 6.400 ms
ptxas info    : Compiling entry function '_ZN3aut17format_strategies14dot_map_reduceINS_7storage8fp8_e5m2ENS0_8strategyILNS0_11decode_kindE14ELi4ELNS0_14table_locationE1ELNS0_11unpack_kindE0EEEEEvPKNS2_5codecIT_E12storage_typeESE_mNS0_12table_bundleEPd' for 'sm_90'
ptxas info    : Function properties for _ZN3aut17format_strategies14dot_map_reduceINS_7storage8fp8_e5m2ENS0_8strategyILNS0_11decode_kindE14ELi4ELNS0_14table_locationE1ELNS0_11unpack_kindE0EEEEEvPKNS2_5codecIT_E12storage_typeESE_mNS0_12table_bundleEPd
    0 bytes stack frame, 0 bytes spill stores, 0 bytes spill loads
ptxas info    : Used 36 registers, used 1 barriers, 80 bytes smem
ptxas info    : Compile time = 6.264 ms
ptxas info    : Compiling entry function '_ZN3aut17format_strategies12decode_codesINS_7storage8fp8_e5m2ENS0_8strategyILNS0_11decode_kindE14ELi4ELNS0_14table_locationE1ELNS0_11unpack_kindE0EEEEEvPKNS2_5codecIT_E12storage_typeEmNS0_12table_bundleEPd' for 'sm_90'
ptxas info    : Function properties for _ZN3aut17format_strategies12decode_codesINS_7storage8fp8_e5m2ENS0_8strategyILNS0_11decode_kindE14ELi4ELNS0_14table_locationE1ELNS0_11unpack_kindE0EEEEEvPKNS2_5codecIT_E12storage_typeEmNS0_12table_bundleEPd
    0 bytes stack frame, 0 bytes spill stores, 0 bytes spill loads
ptxas info    : Used 22 registers, used 1 barriers
ptxas info    : Compile time = 8.108 ms
ptxas info    : Compiling entry function '_ZN3aut17format_strategies4gemvINS_7storage8fp8_e5m2ENS0_8strategyILNS0_11decode_kindE1ELi8ELNS0_14table_locationE0ELNS0_11unpack_kindE1EEEEEvPKNS2_5codecIT_E12storage_typeESE_mmmNS0_12table_bundleEPd' for 'sm_90'
ptxas info    : Function properties for _ZN3aut17format_strategies4gemvINS_7storage8fp8_e5m2ENS0_8strategyILNS0_11decode_kindE1ELi8ELNS0_14table_locationE0ELNS0_11unpack_kindE1EEEEEvPKNS2_5codecIT_E12storage_typeESE_mmmNS0_12table_bundleEPd
    0 bytes stack frame, 0 bytes spill stores, 0 bytes spill loads
ptxas info    : Used 61 registers, used 1 barriers, 80 bytes smem
ptxas info    : Compile time = 16.803 ms
ptxas info    : Compiling entry function '_ZN3aut17format_strategies14dot_map_reduceINS_7storage8fp8_e5m2ENS0_8strategyILNS0_11decode_kindE1ELi8ELNS0_14table_locationE0ELNS0_11unpack_kindE1EEEEEvPKNS2_5codecIT_E12storage_typeESE_mNS0_12table_bundleEPd' for 'sm_90'
ptxas info    : Function properties for _ZN3aut17format_strategies14dot_map_reduceINS_7storage8fp8_e5m2ENS0_8strategyILNS0_11decode_kindE1ELi8ELNS0_14table_locationE0ELNS0_11unpack_kindE1EEEEEvPKNS2_5codecIT_E12storage_typeESE_mNS0_12table_bundleEPd
    0 bytes stack frame, 0 bytes spill stores, 0 bytes spill loads
ptxas info    : Used 61 registers, used 1 barriers, 80 bytes smem
ptxas info    : Compile time = 16.429 ms
ptxas info    : Compiling entry function '_ZN3aut17format_strategies12decode_codesINS_7storage8fp8_e5m2ENS0_8strategyILNS0_11decode_kindE1ELi8ELNS0_14table_locationE0ELNS0_11unpack_kindE1EEEEEvPKNS2_5codecIT_E12storage_typeEmNS0_12table_bundleEPd' for 'sm_90'
ptxas info    : Function properties for _ZN3aut17format_strategies12decode_codesINS_7storage8fp8_e5m2ENS0_8strategyILNS0_11decode_kindE1ELi8ELNS0_14table_locationE0ELNS0_11unpack_kindE1EEEEEvPKNS2_5codecIT_E12storage_typeEmNS0_12table_bundleEPd
    0 bytes stack frame, 0 bytes spill stores, 0 bytes spill loads
ptxas info    : Used 29 registers, used 0 barriers
ptxas info    : Compile time = 11.491 ms
ptxas info    : Compiling entry function '_ZN3aut17format_strategies4gemvINS_7storage8fp8_e5m2ENS0_8strategyILNS0_11decode_kindE1ELi4ELNS0_14table_locationE0ELNS0_11unpack_kindE1EEEEEvPKNS2_5codecIT_E12storage_typeESE_mmmNS0_12table_bundleEPd' for 'sm_90'
ptxas info    : Function properties for _ZN3aut17format_strategies4gemvINS_7storage8fp8_e5m2ENS0_8strategyILNS0_11decode_kindE1ELi4ELNS0_14table_locationE0ELNS0_11unpack_kindE1EEEEEvPKNS2_5codecIT_E12storage_typeESE_mmmNS0_12table_bundleEPd
    0 bytes stack frame, 0 bytes spill stores, 0 bytes spill loads
ptxas info    : Used 38 registers, used 1 barriers, 80 bytes smem
ptxas info    : Compile time = 11.224 ms
ptxas info    : Compiling entry function '_ZN3aut17format_strategies14dot_map_reduceINS_7storage8fp8_e5m2ENS0_8strategyILNS0_11decode_kindE1ELi4ELNS0_14table_locationE0ELNS0_11unpack_kindE1EEEEEvPKNS2_5codecIT_E12storage_typeESE_mNS0_12table_bundleEPd' for 'sm_90'
ptxas info    : Function properties for _ZN3aut17format_strategies14dot_map_reduceINS_7storage8fp8_e5m2ENS0_8strategyILNS0_11decode_kindE1ELi4ELNS0_14table_locationE0ELNS0_11unpack_kindE1EEEEEvPKNS2_5codecIT_E12storage_typeESE_mNS0_12table_bundleEPd
    0 bytes stack frame, 0 bytes spill stores, 0 bytes spill loads
ptxas info    : Used 40 registers, used 1 barriers, 80 bytes smem
ptxas info    : Compile time = 11.130 ms
ptxas info    : Compiling entry function '_ZN3aut17format_strategies12decode_codesINS_7storage8fp8_e5m2ENS0_8strategyILNS0_11decode_kindE1ELi4ELNS0_14table_locationE0ELNS0_11unpack_kindE1EEEEEvPKNS2_5codecIT_E12storage_typeEmNS0_12table_bundleEPd' for 'sm_90'
ptxas info    : Function properties for _ZN3aut17format_strategies12decode_codesINS_7storage8fp8_e5m2ENS0_8strategyILNS0_11decode_kindE1ELi4ELNS0_14table_locationE0ELNS0_11unpack_kindE1EEEEEvPKNS2_5codecIT_E12storage_typeEmNS0_12table_bundleEPd
    0 bytes stack frame, 0 bytes spill stores, 0 bytes spill loads
ptxas info    : Used 21 registers, used 0 barriers
ptxas info    : Compile time = 9.180 ms
ptxas info    : Compiling entry function '_ZN3aut17format_strategies4gemvINS_7storage8fp8_e5m2ENS0_8strategyILNS0_11decode_kindE13ELi8ELNS0_14table_locationE0ELNS0_11unpack_kindE0EEEEEvPKNS2_5codecIT_E12storage_typeESE_mmmNS0_12table_bundleEPd' for 'sm_90'
ptxas info    : Function properties for _ZN3aut17format_strategies4gemvINS_7storage8fp8_e5m2ENS0_8strategyILNS0_11decode_kindE13ELi8ELNS0_14table_locationE0ELNS0_11unpack_kindE0EEEEEvPKNS2_5codecIT_E12storage_typeESE_mmmNS0_12table_bundleEPd
    0 bytes stack frame, 0 bytes spill stores, 0 bytes spill loads
ptxas info    : Used 40 registers, used 1 barriers, 80 bytes smem
ptxas info    : Compile time = 5.885 ms
ptxas info    : Compiling entry function '_ZN3aut17format_strategies14dot_map_reduceINS_7storage8fp8_e5m2ENS0_8strategyILNS0_11decode_kindE13ELi8ELNS0_14table_locationE0ELNS0_11unpack_kindE0EEEEEvPKNS2_5codecIT_E12storage_typeESE_mNS0_12table_bundleEPd' for 'sm_90'
ptxas info    : Function properties for _ZN3aut17format_strategies14dot_map_reduceINS_7storage8fp8_e5m2ENS0_8strategyILNS0_11decode_kindE13ELi8ELNS0_14table_locationE0ELNS0_11unpack_kindE0EEEEEvPKNS2_5codecIT_E12storage_typeESE_mNS0_12table_bundleEPd
    0 bytes stack frame, 0 bytes spill stores, 0 bytes spill loads
ptxas info    : Used 40 registers, used 1 barriers, 80 bytes smem
ptxas info    : Compile time = 5.968 ms
ptxas info    : Compiling entry function '_ZN3aut17format_strategies12decode_codesINS_7storage8fp8_e5m2ENS0_8strategyILNS0_11decode_kindE13ELi8ELNS0_14table_locationE0ELNS0_11unpack_kindE0EEEEEvPKNS2_5codecIT_E12storage_typeEmNS0_12table_bundleEPd' for 'sm_90'
ptxas info    : Function properties for _ZN3aut17format_strategies12decode_codesINS_7storage8fp8_e5m2ENS0_8strategyILNS0_11decode_kindE13ELi8ELNS0_14table_locationE0ELNS0_11unpack_kindE0EEEEEvPKNS2_5codecIT_E12storage_typeEmNS0_12table_bundleEPd
    0 bytes stack frame, 0 bytes spill stores, 0 bytes spill loads
ptxas info    : Used 22 registers, used 0 barriers
ptxas info    : Compile time = 7.041 ms
ptxas info    : Compiling entry function '_ZN3aut17format_strategies4gemvINS_7storage8fp8_e5m2ENS0_8strategyILNS0_11decode_kindE13ELi4ELNS0_14table_locationE0ELNS0_11unpack_kindE0EEEEEvPKNS2_5codecIT_E12storage_typeESE_mmmNS0_12table_bundleEPd' for 'sm_90'
ptxas info    : Function properties for _ZN3aut17format_strategies4gemvINS_7storage8fp8_e5m2ENS0_8strategyILNS0_11decode_kindE13ELi4ELNS0_14table_locationE0ELNS0_11unpack_kindE0EEEEEvPKNS2_5codecIT_E12storage_typeESE_mmmNS0_12table_bundleEPd
    0 bytes stack frame, 0 bytes spill stores, 0 bytes spill loads
ptxas info    : Used 28 registers, used 1 barriers, 80 bytes smem
ptxas info    : Compile time = 5.129 ms
ptxas info    : Compiling entry function '_ZN3aut17format_strategies14dot_map_reduceINS_7storage8fp8_e5m2ENS0_8strategyILNS0_11decode_kindE13ELi4ELNS0_14table_locationE0ELNS0_11unpack_kindE0EEEEEvPKNS2_5codecIT_E12storage_typeESE_mNS0_12table_bundleEPd' for 'sm_90'
ptxas info    : Function properties for _ZN3aut17format_strategies14dot_map_reduceINS_7storage8fp8_e5m2ENS0_8strategyILNS0_11decode_kindE13ELi4ELNS0_14table_locationE0ELNS0_11unpack_kindE0EEEEEvPKNS2_5codecIT_E12storage_typeESE_mNS0_12table_bundleEPd
    0 bytes stack frame, 0 bytes spill stores, 0 bytes spill loads
ptxas info    : Used 30 registers, used 1 barriers, 80 bytes smem
ptxas info    : Compile time = 5.069 ms
ptxas info    : Compiling entry function '_ZN3aut17format_strategies12decode_codesINS_7storage8fp8_e5m2ENS0_8strategyILNS0_11decode_kindE13ELi4ELNS0_14table_locationE0ELNS0_11unpack_kindE0EEEEEvPKNS2_5codecIT_E12storage_typeEmNS0_12table_bundleEPd' for 'sm_90'
ptxas info    : Function properties for _ZN3aut17format_strategies12decode_codesINS_7storage8fp8_e5m2ENS0_8strategyILNS0_11decode_kindE13ELi4ELNS0_14table_locationE0ELNS0_11unpack_kindE0EEEEEvPKNS2_5codecIT_E12storage_typeEmNS0_12table_bundleEPd
    0 bytes stack frame, 0 bytes spill stores, 0 bytes spill loads
ptxas info    : Used 22 registers, used 0 barriers
ptxas info    : Compile time = 6.799 ms
ptxas info    : Compiling entry function '_ZN3aut17format_strategies4gemvINS_7storage8fp8_e5m2ENS0_8strategyILNS0_11decode_kindE7ELi8ELNS0_14table_locationE1ELNS0_11unpack_kindE0EEEEEvPKNS2_5codecIT_E12storage_typeESE_mmmNS0_12table_bundleEPd' for 'sm_90'
ptxas info    : Function properties for _ZN3aut17format_strategies4gemvINS_7storage8fp8_e5m2ENS0_8strategyILNS0_11decode_kindE7ELi8ELNS0_14table_locationE1ELNS0_11unpack_kindE0EEEEEvPKNS2_5codecIT_E12storage_typeESE_mmmNS0_12table_bundleEPd
    0 bytes stack frame, 0 bytes spill stores, 0 bytes spill loads
ptxas info    : Used 44 registers, used 1 barriers, 80 bytes smem
ptxas info    : Compile time = 12.509 ms
ptxas info    : Compiling entry function '_ZN3aut17format_strategies14dot_map_reduceINS_7storage8fp8_e5m2ENS0_8strategyILNS0_11decode_kindE7ELi8ELNS0_14table_locationE1ELNS0_11unpack_kindE0EEEEEvPKNS2_5codecIT_E12storage_typeESE_mNS0_12table_bundleEPd' for 'sm_90'
ptxas info    : Function properties for _ZN3aut17format_strategies14dot_map_reduceINS_7storage8fp8_e5m2ENS0_8strategyILNS0_11decode_kindE7ELi8ELNS0_14table_locationE1ELNS0_11unpack_kindE0EEEEEvPKNS2_5codecIT_E12storage_typeESE_mNS0_12table_bundleEPd
    0 bytes stack frame, 0 bytes spill stores, 0 bytes spill loads
ptxas info    : Used 44 registers, used 1 barriers, 80 bytes smem
ptxas info    : Compile time = 12.215 ms
ptxas info    : Compiling entry function '_ZN3aut17format_strategies12decode_codesINS_7storage8fp8_e5m2ENS0_8strategyILNS0_11decode_kindE7ELi8ELNS0_14table_locationE1ELNS0_11unpack_kindE0EEEEEvPKNS2_5codecIT_E12storage_typeEmNS0_12table_bundleEPd' for 'sm_90'
ptxas info    : Function properties for _ZN3aut17format_strategies12decode_codesINS_7storage8fp8_e5m2ENS0_8strategyILNS0_11decode_kindE7ELi8ELNS0_14table_locationE1ELNS0_11unpack_kindE0EEEEEvPKNS2_5codecIT_E12storage_typeEmNS0_12table_bundleEPd
    0 bytes stack frame, 0 bytes spill stores, 0 bytes spill loads
ptxas info    : Used 24 registers, used 1 barriers
ptxas info    : Compile time = 8.724 ms
ptxas info    : Compiling entry function '_ZN3aut17format_strategies4gemvINS_7storage8fp8_e5m2ENS0_8strategyILNS0_11decode_kindE6ELi8ELNS0_14table_locationE1ELNS0_11unpack_kindE0EEEEEvPKNS2_5codecIT_E12storage_typeESE_mmmNS0_12table_bundleEPd' for 'sm_90'
ptxas info    : Function properties for _ZN3aut17format_strategies4gemvINS_7storage8fp8_e5m2ENS0_8strategyILNS0_11decode_kindE6ELi8ELNS0_14table_locationE1ELNS0_11unpack_kindE0EEEEEvPKNS2_5codecIT_E12storage_typeESE_mmmNS0_12table_bundleEPd
    0 bytes stack frame, 0 bytes spill stores, 0 bytes spill loads
ptxas info    : Used 36 registers, used 1 barriers, 80 bytes smem
ptxas info    : Compile time = 6.953 ms
ptxas info    : Compiling entry function '_ZN3aut17format_strategies14dot_map_reduceINS_7storage8fp8_e5m2ENS0_8strategyILNS0_11decode_kindE6ELi8ELNS0_14table_locationE1ELNS0_11unpack_kindE0EEEEEvPKNS2_5codecIT_E12storage_typeESE_mNS0_12table_bundleEPd' for 'sm_90'
ptxas info    : Function properties for _ZN3aut17format_strategies14dot_map_reduceINS_7storage8fp8_e5m2ENS0_8strategyILNS0_11decode_kindE6ELi8ELNS0_14table_locationE1ELNS0_11unpack_kindE0EEEEEvPKNS2_5codecIT_E12storage_typeESE_mNS0_12table_bundleEPd
    0 bytes stack frame, 0 bytes spill stores, 0 bytes spill loads
ptxas info    : Used 44 registers, used 1 barriers, 80 bytes smem
ptxas info    : Compile time = 6.833 ms
ptxas info    : Compiling entry function '_ZN3aut17format_strategies12decode_codesINS_7storage8fp8_e5m2ENS0_8strategyILNS0_11decode_kindE6ELi8ELNS0_14table_locationE1ELNS0_11unpack_kindE0EEEEEvPKNS2_5codecIT_E12storage_typeEmNS0_12table_bundleEPd' for 'sm_90'
ptxas info    : Function properties for _ZN3aut17format_strategies12decode_codesINS_7storage8fp8_e5m2ENS0_8strategyILNS0_11decode_kindE6ELi8ELNS0_14table_locationE1ELNS0_11unpack_kindE0EEEEEvPKNS2_5codecIT_E12storage_typeEmNS0_12table_bundleEPd
    0 bytes stack frame, 0 bytes spill stores, 0 bytes spill loads
ptxas info    : Used 24 registers, used 1 barriers
ptxas info    : Compile time = 7.775 ms
ptxas info    : Compiling entry function '_ZN3aut17format_strategies4gemvINS_7storage8fp8_e5m2ENS0_8strategyILNS0_11decode_kindE6ELi4ELNS0_14table_locationE1ELNS0_11unpack_kindE0EEEEEvPKNS2_5codecIT_E12storage_typeESE_mmmNS0_12table_bundleEPd' for 'sm_90'
ptxas info    : Function properties for _ZN3aut17format_strategies4gemvINS_7storage8fp8_e5m2ENS0_8strategyILNS0_11decode_kindE6ELi4ELNS0_14table_locationE1ELNS0_11unpack_kindE0EEEEEvPKNS2_5codecIT_E12storage_typeESE_mmmNS0_12table_bundleEPd
    0 bytes stack frame, 0 bytes spill stores, 0 bytes spill loads
ptxas info    : Used 32 registers, used 1 barriers, 80 bytes smem
ptxas info    : Compile time = 5.964 ms
ptxas info    : Compiling entry function '_ZN3aut17format_strategies14dot_map_reduceINS_7storage8fp8_e5m2ENS0_8strategyILNS0_11decode_kindE6ELi4ELNS0_14table_locationE1ELNS0_11unpack_kindE0EEEEEvPKNS2_5codecIT_E12storage_typeESE_mNS0_12table_bundleEPd' for 'sm_90'
ptxas info    : Function properties for _ZN3aut17format_strategies14dot_map_reduceINS_7storage8fp8_e5m2ENS0_8strategyILNS0_11decode_kindE6ELi4ELNS0_14table_locationE1ELNS0_11unpack_kindE0EEEEEvPKNS2_5codecIT_E12storage_typeESE_mNS0_12table_bundleEPd
    0 bytes stack frame, 0 bytes spill stores, 0 bytes spill loads
ptxas info    : Used 40 registers, used 1 barriers, 80 bytes smem
ptxas info    : Compile time = 5.892 ms
ptxas info    : Compiling entry function '_ZN3aut17format_strategies12decode_codesINS_7storage8fp8_e5m2ENS0_8strategyILNS0_11decode_kindE6ELi4ELNS0_14table_locationE1ELNS0_11unpack_kindE0EEEEEvPKNS2_5codecIT_E12storage_typeEmNS0_12table_bundleEPd' for 'sm_90'
ptxas info    : Function properties for _ZN3aut17format_strategies12decode_codesINS_7storage8fp8_e5m2ENS0_8strategyILNS0_11decode_kindE6ELi4ELNS0_14table_locationE1ELNS0_11unpack_kindE0EEEEEvPKNS2_5codecIT_E12storage_typeEmNS0_12table_bundleEPd
    0 bytes stack frame, 0 bytes spill stores, 0 bytes spill loads
ptxas info    : Used 20 registers, used 1 barriers
ptxas info    : Compile time = 7.414 ms
ptxas info    : Compiling entry function '_ZN3aut17format_strategies4gemvINS_7storage8fp8_e5m2ENS0_8strategyILNS0_11decode_kindE6ELi8ELNS0_14table_locationE0ELNS0_11unpack_kindE0EEEEEvPKNS2_5codecIT_E12storage_typeESE_mmmNS0_12table_bundleEPd' for 'sm_90'
ptxas info    : Function properties for _ZN3aut17format_strategies4gemvINS_7storage8fp8_e5m2ENS0_8strategyILNS0_11decode_kindE6ELi8ELNS0_14table_locationE0ELNS0_11unpack_kindE0EEEEEvPKNS2_5codecIT_E12storage_typeESE_mmmNS0_12table_bundleEPd
    0 bytes stack frame, 0 bytes spill stores, 0 bytes spill loads
ptxas info    : Used 36 registers, used 1 barriers, 80 bytes smem
ptxas info    : Compile time = 6.718 ms
ptxas info    : Compiling entry function '_ZN3aut17format_strategies14dot_map_reduceINS_7storage8fp8_e5m2ENS0_8strategyILNS0_11decode_kindE6ELi8ELNS0_14table_locationE0ELNS0_11unpack_kindE0EEEEEvPKNS2_5codecIT_E12storage_typeESE_mNS0_12table_bundleEPd' for 'sm_90'
ptxas info    : Function properties for _ZN3aut17format_strategies14dot_map_reduceINS_7storage8fp8_e5m2ENS0_8strategyILNS0_11decode_kindE6ELi8ELNS0_14table_locationE0ELNS0_11unpack_kindE0EEEEEvPKNS2_5codecIT_E12storage_typeESE_mNS0_12table_bundleEPd
    0 bytes stack frame, 0 bytes spill stores, 0 bytes spill loads
ptxas info    : Used 42 registers, used 1 barriers, 80 bytes smem
ptxas info    : Compile time = 6.726 ms
ptxas info    : Compiling entry function '_ZN3aut17format_strategies12decode_codesINS_7storage8fp8_e5m2ENS0_8strategyILNS0_11decode_kindE6ELi8ELNS0_14table_locationE0ELNS0_11unpack_kindE0EEEEEvPKNS2_5codecIT_E12storage_typeEmNS0_12table_bundleEPd' for 'sm_90'
ptxas info    : Function properties for _ZN3aut17format_strategies12decode_codesINS_7storage8fp8_e5m2ENS0_8strategyILNS0_11decode_kindE6ELi8ELNS0_14table_locationE0ELNS0_11unpack_kindE0EEEEEvPKNS2_5codecIT_E12storage_typeEmNS0_12table_bundleEPd
    0 bytes stack frame, 0 bytes spill stores, 0 bytes spill loads
ptxas info    : Used 26 registers, used 0 barriers
ptxas info    : Compile time = 7.470 ms
ptxas info    : Compiling entry function '_ZN3aut17format_strategies4gemvINS_7storage8fp8_e5m2ENS0_8strategyILNS0_11decode_kindE6ELi4ELNS0_14table_locationE0ELNS0_11unpack_kindE0EEEEEvPKNS2_5codecIT_E12storage_typeESE_mmmNS0_12table_bundleEPd' for 'sm_90'
ptxas info    : Function properties for _ZN3aut17format_strategies4gemvINS_7storage8fp8_e5m2ENS0_8strategyILNS0_11decode_kindE6ELi4ELNS0_14table_locationE0ELNS0_11unpack_kindE0EEEEEvPKNS2_5codecIT_E12storage_typeESE_mmmNS0_12table_bundleEPd
    0 bytes stack frame, 0 bytes spill stores, 0 bytes spill loads
ptxas info    : Used 32 registers, used 1 barriers, 80 bytes smem
ptxas info    : Compile time = 5.551 ms
ptxas info    : Compiling entry function '_ZN3aut17format_strategies14dot_map_reduceINS_7storage8fp8_e5m2ENS0_8strategyILNS0_11decode_kindE6ELi4ELNS0_14table_locationE0ELNS0_11unpack_kindE0EEEEEvPKNS2_5codecIT_E12storage_typeESE_mNS0_12table_bundleEPd' for 'sm_90'
ptxas info    : Function properties for _ZN3aut17format_strategies14dot_map_reduceINS_7storage8fp8_e5m2ENS0_8strategyILNS0_11decode_kindE6ELi4ELNS0_14table_locationE0ELNS0_11unpack_kindE0EEEEEvPKNS2_5codecIT_E12storage_typeESE_mNS0_12table_bundleEPd
    0 bytes stack frame, 0 bytes spill stores, 0 bytes spill loads
ptxas info    : Used 32 registers, used 1 barriers, 80 bytes smem
ptxas info    : Compile time = 5.556 ms
ptxas info    : Compiling entry function '_ZN3aut17format_strategies12decode_codesINS_7storage8fp8_e5m2ENS0_8strategyILNS0_11decode_kindE6ELi4ELNS0_14table_locationE0ELNS0_11unpack_kindE0EEEEEvPKNS2_5codecIT_E12storage_typeEmNS0_12table_bundleEPd' for 'sm_90'
ptxas info    : Function properties for _ZN3aut17format_strategies12decode_codesINS_7storage8fp8_e5m2ENS0_8strategyILNS0_11decode_kindE6ELi4ELNS0_14table_locationE0ELNS0_11unpack_kindE0EEEEEvPKNS2_5codecIT_E12storage_typeEmNS0_12table_bundleEPd
    0 bytes stack frame, 0 bytes spill stores, 0 bytes spill loads
ptxas info    : Used 22 registers, used 0 barriers
ptxas info    : Compile time = 6.987 ms
ptxas info    : Compiling entry function '_ZN3aut17format_strategies4gemvINS_7storage8fp8_e5m2ENS0_8strategyILNS0_11decode_kindE6ELi1ELNS0_14table_locationE0ELNS0_11unpack_kindE0EEEEEvPKNS2_5codecIT_E12storage_typeESE_mmmNS0_12table_bundleEPd' for 'sm_90'
ptxas info    : Function properties for _ZN3aut17format_strategies4gemvINS_7storage8fp8_e5m2ENS0_8strategyILNS0_11decode_kindE6ELi1ELNS0_14table_locationE0ELNS0_11unpack_kindE0EEEEEvPKNS2_5codecIT_E12storage_typeESE_mmmNS0_12table_bundleEPd
    0 bytes stack frame, 0 bytes spill stores, 0 bytes spill loads
ptxas info    : Used 24 registers, used 1 barriers, 80 bytes smem
ptxas info    : Compile time = 4.340 ms
ptxas info    : Compiling entry function '_ZN3aut17format_strategies14dot_map_reduceINS_7storage8fp8_e5m2ENS0_8strategyILNS0_11decode_kindE6ELi1ELNS0_14table_locationE0ELNS0_11unpack_kindE0EEEEEvPKNS2_5codecIT_E12storage_typeESE_mNS0_12table_bundleEPd' for 'sm_90'
ptxas info    : Function properties for _ZN3aut17format_strategies14dot_map_reduceINS_7storage8fp8_e5m2ENS0_8strategyILNS0_11decode_kindE6ELi1ELNS0_14table_locationE0ELNS0_11unpack_kindE0EEEEEvPKNS2_5codecIT_E12storage_typeESE_mNS0_12table_bundleEPd
    0 bytes stack frame, 0 bytes spill stores, 0 bytes spill loads
ptxas info    : Used 26 registers, used 1 barriers, 80 bytes smem
ptxas info    : Compile time = 4.230 ms
ptxas info    : Compiling entry function '_ZN3aut17format_strategies12decode_codesINS_7storage8fp8_e5m2ENS0_8strategyILNS0_11decode_kindE6ELi1ELNS0_14table_locationE0ELNS0_11unpack_kindE0EEEEEvPKNS2_5codecIT_E12storage_typeEmNS0_12table_bundleEPd' for 'sm_90'
ptxas info    : Function properties for _ZN3aut17format_strategies12decode_codesINS_7storage8fp8_e5m2ENS0_8strategyILNS0_11decode_kindE6ELi1ELNS0_14table_locationE0ELNS0_11unpack_kindE0EEEEEvPKNS2_5codecIT_E12storage_typeEmNS0_12table_bundleEPd
    0 bytes stack frame, 0 bytes spill stores, 0 bytes spill loads
ptxas info    : Used 22 registers, used 0 barriers
ptxas info    : Compile time = 6.636 ms
ptxas info    : Compiling entry function '_ZN3aut17format_strategies4gemvINS_7storage8fp8_e5m2ENS0_8strategyILNS0_11decode_kindE3ELi8ELNS0_14table_locationE0ELNS0_11unpack_kindE0EEEEEvPKNS2_5codecIT_E12storage_typeESE_mmmNS0_12table_bundleEPd' for 'sm_90'
ptxas info    : Function properties for _ZN3aut17format_strategies4gemvINS_7storage8fp8_e5m2ENS0_8strategyILNS0_11decode_kindE3ELi8ELNS0_14table_locationE0ELNS0_11unpack_kindE0EEEEEvPKNS2_5codecIT_E12storage_typeESE_mmmNS0_12table_bundleEPd
    0 bytes stack frame, 0 bytes spill stores, 0 bytes spill loads
ptxas info    : Used 48 registers, used 1 barriers, 80 bytes smem
ptxas info    : Compile time = 14.507 ms
ptxas info    : Compiling entry function '_ZN3aut17format_strategies14dot_map_reduceINS_7storage8fp8_e5m2ENS0_8strategyILNS0_11decode_kindE3ELi8ELNS0_14table_locationE0ELNS0_11unpack_kindE0EEEEEvPKNS2_5codecIT_E12storage_typeESE_mNS0_12table_bundleEPd' for 'sm_90'
ptxas info    : Function properties for _ZN3aut17format_strategies14dot_map_reduceINS_7storage8fp8_e5m2ENS0_8strategyILNS0_11decode_kindE3ELi8ELNS0_14table_locationE0ELNS0_11unpack_kindE0EEEEEvPKNS2_5codecIT_E12storage_typeESE_mNS0_12table_bundleEPd
    0 bytes stack frame, 0 bytes spill stores, 0 bytes spill loads
ptxas info    : Used 56 registers, used 1 barriers, 80 bytes smem
ptxas info    : Compile time = 14.155 ms
ptxas info    : Compiling entry function '_ZN3aut17format_strategies12decode_codesINS_7storage8fp8_e5m2ENS0_8strategyILNS0_11decode_kindE3ELi8ELNS0_14table_locationE0ELNS0_11unpack_kindE0EEEEEvPKNS2_5codecIT_E12storage_typeEmNS0_12table_bundleEPd' for 'sm_90'
ptxas info    : Function properties for _ZN3aut17format_strategies12decode_codesINS_7storage8fp8_e5m2ENS0_8strategyILNS0_11decode_kindE3ELi8ELNS0_14table_locationE0ELNS0_11unpack_kindE0EEEEEvPKNS2_5codecIT_E12storage_typeEmNS0_12table_bundleEPd
    0 bytes stack frame, 0 bytes spill stores, 0 bytes spill loads
ptxas info    : Used 28 registers, used 0 barriers
ptxas info    : Compile time = 9.929 ms
ptxas info    : Compiling entry function '_ZN3aut17format_strategies4gemvINS_7storage8fp8_e5m2ENS0_8strategyILNS0_11decode_kindE3ELi4ELNS0_14table_locationE0ELNS0_11unpack_kindE0EEEEEvPKNS2_5codecIT_E12storage_typeESE_mmmNS0_12table_bundleEPd' for 'sm_90'
ptxas info    : Function properties for _ZN3aut17format_strategies4gemvINS_7storage8fp8_e5m2ENS0_8strategyILNS0_11decode_kindE3ELi4ELNS0_14table_locationE0ELNS0_11unpack_kindE0EEEEEvPKNS2_5codecIT_E12storage_typeESE_mmmNS0_12table_bundleEPd
    0 bytes stack frame, 0 bytes spill stores, 0 bytes spill loads
ptxas info    : Used 31 registers, used 1 barriers, 80 bytes smem
ptxas info    : Compile time = 9.756 ms
ptxas info    : Compiling entry function '_ZN3aut17format_strategies14dot_map_reduceINS_7storage8fp8_e5m2ENS0_8strategyILNS0_11decode_kindE3ELi4ELNS0_14table_locationE0ELNS0_11unpack_kindE0EEEEEvPKNS2_5codecIT_E12storage_typeESE_mNS0_12table_bundleEPd' for 'sm_90'
ptxas info    : Function properties for _ZN3aut17format_strategies14dot_map_reduceINS_7storage8fp8_e5m2ENS0_8strategyILNS0_11decode_kindE3ELi4ELNS0_14table_locationE0ELNS0_11unpack_kindE0EEEEEvPKNS2_5codecIT_E12storage_typeESE_mNS0_12table_bundleEPd
    0 bytes stack frame, 0 bytes spill stores, 0 bytes spill loads
ptxas info    : Used 32 registers, used 1 barriers, 80 bytes smem
ptxas info    : Compile time = 9.566 ms
ptxas info    : Compiling entry function '_ZN3aut17format_strategies12decode_codesINS_7storage8fp8_e5m2ENS0_8strategyILNS0_11decode_kindE3ELi4ELNS0_14table_locationE0ELNS0_11unpack_kindE0EEEEEvPKNS2_5codecIT_E12storage_typeEmNS0_12table_bundleEPd' for 'sm_90'
ptxas info    : Function properties for _ZN3aut17format_strategies12decode_codesINS_7storage8fp8_e5m2ENS0_8strategyILNS0_11decode_kindE3ELi4ELNS0_14table_locationE0ELNS0_11unpack_kindE0EEEEEvPKNS2_5codecIT_E12storage_typeEmNS0_12table_bundleEPd
    0 bytes stack frame, 0 bytes spill stores, 0 bytes spill loads
ptxas info    : Used 18 registers, used 0 barriers
ptxas info    : Compile time = 8.045 ms
ptxas info    : Compiling entry function '_ZN3aut17format_strategies4gemvINS_7storage8fp8_e5m2ENS0_8strategyILNS0_11decode_kindE3ELi1ELNS0_14table_locationE0ELNS0_11unpack_kindE0EEEEEvPKNS2_5codecIT_E12storage_typeESE_mmmNS0_12table_bundleEPd' for 'sm_90'
ptxas info    : Function properties for _ZN3aut17format_strategies4gemvINS_7storage8fp8_e5m2ENS0_8strategyILNS0_11decode_kindE3ELi1ELNS0_14table_locationE0ELNS0_11unpack_kindE0EEEEEvPKNS2_5codecIT_E12storage_typeESE_mmmNS0_12table_bundleEPd
    0 bytes stack frame, 0 bytes spill stores, 0 bytes spill loads
ptxas info    : Used 20 registers, used 1 barriers, 80 bytes smem
ptxas info    : Compile time = 6.491 ms
ptxas info    : Compiling entry function '_ZN3aut17format_strategies14dot_map_reduceINS_7storage8fp8_e5m2ENS0_8strategyILNS0_11decode_kindE3ELi1ELNS0_14table_locationE0ELNS0_11unpack_kindE0EEEEEvPKNS2_5codecIT_E12storage_typeESE_mNS0_12table_bundleEPd' for 'sm_90'
ptxas info    : Function properties for _ZN3aut17format_strategies14dot_map_reduceINS_7storage8fp8_e5m2ENS0_8strategyILNS0_11decode_kindE3ELi1ELNS0_14table_locationE0ELNS0_11unpack_kindE0EEEEEvPKNS2_5codecIT_E12storage_typeESE_mNS0_12table_bundleEPd
    0 bytes stack frame, 0 bytes spill stores, 0 bytes spill loads
ptxas info    : Used 24 registers, used 1 barriers, 80 bytes smem
ptxas info    : Compile time = 6.264 ms
ptxas info    : Compiling entry function '_ZN3aut17format_strategies12decode_codesINS_7storage8fp8_e5m2ENS0_8strategyILNS0_11decode_kindE3ELi1ELNS0_14table_locationE0ELNS0_11unpack_kindE0EEEEEvPKNS2_5codecIT_E12storage_typeEmNS0_12table_bundleEPd' for 'sm_90'
ptxas info    : Function properties for _ZN3aut17format_strategies12decode_codesINS_7storage8fp8_e5m2ENS0_8strategyILNS0_11decode_kindE3ELi1ELNS0_14table_locationE0ELNS0_11unpack_kindE0EEEEEvPKNS2_5codecIT_E12storage_typeEmNS0_12table_bundleEPd
    0 bytes stack frame, 0 bytes spill stores, 0 bytes spill loads
ptxas info    : Used 18 registers, used 0 barriers
ptxas info    : Compile time = 6.492 ms
ptxas info    : Compiling entry function '_ZN3aut17format_strategies4gemvINS_7storage8fp8_e5m2ENS0_8strategyILNS0_11decode_kindE2ELi8ELNS0_14table_locationE0ELNS0_11unpack_kindE0EEEEEvPKNS2_5codecIT_E12storage_typeESE_mmmNS0_12table_bundleEPd' for 'sm_90'
ptxas info    : Function properties for _ZN3aut17format_strategies4gemvINS_7storage8fp8_e5m2ENS0_8strategyILNS0_11decode_kindE2ELi8ELNS0_14table_locationE0ELNS0_11unpack_kindE0EEEEEvPKNS2_5codecIT_E12storage_typeESE_mmmNS0_12table_bundleEPd
    0 bytes stack frame, 0 bytes spill stores, 0 bytes spill loads
ptxas info    : Used 40 registers, used 1 barriers, 80 bytes smem
ptxas info    : Compile time = 17.473 ms
ptxas info    : Compiling entry function '_ZN3aut17format_strategies14dot_map_reduceINS_7storage8fp8_e5m2ENS0_8strategyILNS0_11decode_kindE2ELi8ELNS0_14table_locationE0ELNS0_11unpack_kindE0EEEEEvPKNS2_5codecIT_E12storage_typeESE_mNS0_12table_bundleEPd' for 'sm_90'
ptxas info    : Function properties for _ZN3aut17format_strategies14dot_map_reduceINS_7storage8fp8_e5m2ENS0_8strategyILNS0_11decode_kindE2ELi8ELNS0_14table_locationE0ELNS0_11unpack_kindE0EEEEEvPKNS2_5codecIT_E12storage_typeESE_mNS0_12table_bundleEPd
    0 bytes stack frame, 0 bytes spill stores, 0 bytes spill loads
ptxas info    : Used 40 registers, used 1 barriers, 80 bytes smem
ptxas info    : Compile time = 16.826 ms
ptxas info    : Compiling entry function '_ZN3aut17format_strategies12decode_codesINS_7storage8fp8_e5m2ENS0_8strategyILNS0_11decode_kindE2ELi8ELNS0_14table_locationE0ELNS0_11unpack_kindE0EEEEEvPKNS2_5codecIT_E12storage_typeEmNS0_12table_bundleEPd' for 'sm_90'
ptxas info    : Function properties for _ZN3aut17format_strategies12decode_codesINS_7storage8fp8_e5m2ENS0_8strategyILNS0_11decode_kindE2ELi8ELNS0_14table_locationE0ELNS0_11unpack_kindE0EEEEEvPKNS2_5codecIT_E12storage_typeEmNS0_12table_bundleEPd
    0 bytes stack frame, 0 bytes spill stores, 0 bytes spill loads
ptxas info    : Used 32 registers, used 0 barriers
ptxas info    : Compile time = 11.771 ms
ptxas info    : Compiling entry function '_ZN3aut17format_strategies4gemvINS_7storage8fp8_e5m2ENS0_8strategyILNS0_11decode_kindE2ELi4ELNS0_14table_locationE0ELNS0_11unpack_kindE0EEEEEvPKNS2_5codecIT_E12storage_typeESE_mmmNS0_12table_bundleEPd' for 'sm_90'
ptxas info    : Function properties for _ZN3aut17format_strategies4gemvINS_7storage8fp8_e5m2ENS0_8strategyILNS0_11decode_kindE2ELi4ELNS0_14table_locationE0ELNS0_11unpack_kindE0EEEEEvPKNS2_5codecIT_E12storage_typeESE_mmmNS0_12table_bundleEPd
    0 bytes stack frame, 0 bytes spill stores, 0 bytes spill loads
ptxas info    : Used 32 registers, used 1 barriers, 80 bytes smem
ptxas info    : Compile time = 11.322 ms
ptxas info    : Compiling entry function '_ZN3aut17format_strategies14dot_map_reduceINS_7storage8fp8_e5m2ENS0_8strategyILNS0_11decode_kindE2ELi4ELNS0_14table_locationE0ELNS0_11unpack_kindE0EEEEEvPKNS2_5codecIT_E12storage_typeESE_mNS0_12table_bundleEPd' for 'sm_90'
ptxas info    : Function properties for _ZN3aut17format_strategies14dot_map_reduceINS_7storage8fp8_e5m2ENS0_8strategyILNS0_11decode_kindE2ELi4ELNS0_14table_locationE0ELNS0_11unpack_kindE0EEEEEvPKNS2_5codecIT_E12storage_typeESE_mNS0_12table_bundleEPd
    0 bytes stack frame, 0 bytes spill stores, 0 bytes spill loads
ptxas info    : Used 30 registers, used 1 barriers, 80 bytes smem
ptxas info    : Compile time = 11.212 ms
ptxas info    : Compiling entry function '_ZN3aut17format_strategies12decode_codesINS_7storage8fp8_e5m2ENS0_8strategyILNS0_11decode_kindE2ELi4ELNS0_14table_locationE0ELNS0_11unpack_kindE0EEEEEvPKNS2_5codecIT_E12storage_typeEmNS0_12table_bundleEPd' for 'sm_90'
ptxas info    : Function properties for _ZN3aut17format_strategies12decode_codesINS_7storage8fp8_e5m2ENS0_8strategyILNS0_11decode_kindE2ELi4ELNS0_14table_locationE0ELNS0_11unpack_kindE0EEEEEvPKNS2_5codecIT_E12storage_typeEmNS0_12table_bundleEPd
    0 bytes stack frame, 0 bytes spill stores, 0 bytes spill loads
ptxas info    : Used 30 registers, used 0 barriers
ptxas info    : Compile time = 9.191 ms
ptxas info    : Compiling entry function '_ZN3aut17format_strategies4gemvINS_7storage8fp8_e5m2ENS0_8strategyILNS0_11decode_kindE2ELi1ELNS0_14table_locationE0ELNS0_11unpack_kindE0EEEEEvPKNS2_5codecIT_E12storage_typeESE_mmmNS0_12table_bundleEPd' for 'sm_90'
ptxas info    : Function properties for _ZN3aut17format_strategies4gemvINS_7storage8fp8_e5m2ENS0_8strategyILNS0_11decode_kindE2ELi1ELNS0_14table_locationE0ELNS0_11unpack_kindE0EEEEEvPKNS2_5codecIT_E12storage_typeESE_mmmNS0_12table_bundleEPd
    0 bytes stack frame, 0 bytes spill stores, 0 bytes spill loads
ptxas info    : Used 26 registers, used 1 barriers, 80 bytes smem
ptxas info    : Compile time = 7.050 ms
ptxas info    : Compiling entry function '_ZN3aut17format_strategies14dot_map_reduceINS_7storage8fp8_e5m2ENS0_8strategyILNS0_11decode_kindE2ELi1ELNS0_14table_locationE0ELNS0_11unpack_kindE0EEEEEvPKNS2_5codecIT_E12storage_typeESE_mNS0_12table_bundleEPd' for 'sm_90'
ptxas info    : Function properties for _ZN3aut17format_strategies14dot_map_reduceINS_7storage8fp8_e5m2ENS0_8strategyILNS0_11decode_kindE2ELi1ELNS0_14table_locationE0ELNS0_11unpack_kindE0EEEEEvPKNS2_5codecIT_E12storage_typeESE_mNS0_12table_bundleEPd
    0 bytes stack frame, 0 bytes spill stores, 0 bytes spill loads
ptxas info    : Used 30 registers, used 1 barriers, 80 bytes smem
ptxas info    : Compile time = 6.818 ms
ptxas info    : Compiling entry function '_ZN3aut17format_strategies12decode_codesINS_7storage8fp8_e5m2ENS0_8strategyILNS0_11decode_kindE2ELi1ELNS0_14table_locationE0ELNS0_11unpack_kindE0EEEEEvPKNS2_5codecIT_E12storage_typeEmNS0_12table_bundleEPd' for 'sm_90'
ptxas info    : Function properties for _ZN3aut17format_strategies12decode_codesINS_7storage8fp8_e5m2ENS0_8strategyILNS0_11decode_kindE2ELi1ELNS0_14table_locationE0ELNS0_11unpack_kindE0EEEEEvPKNS2_5codecIT_E12storage_typeEmNS0_12table_bundleEPd
    0 bytes stack frame, 0 bytes spill stores, 0 bytes spill loads
ptxas info    : Used 21 registers, used 0 barriers
ptxas info    : Compile time = 7.278 ms
ptxas info    : Compiling entry function '_ZN3aut17format_strategies4gemvINS_7storage8fp8_e5m2ENS0_8strategyILNS0_11decode_kindE1ELi8ELNS0_14table_locationE0ELNS0_11unpack_kindE0EEEEEvPKNS2_5codecIT_E12storage_typeESE_mmmNS0_12table_bundleEPd' for 'sm_90'
ptxas info    : Function properties for _ZN3aut17format_strategies4gemvINS_7storage8fp8_e5m2ENS0_8strategyILNS0_11decode_kindE1ELi8ELNS0_14table_locationE0ELNS0_11unpack_kindE0EEEEEvPKNS2_5codecIT_E12storage_typeESE_mmmNS0_12table_bundleEPd
    0 bytes stack frame, 0 bytes spill stores, 0 bytes spill loads
ptxas info    : Used 60 registers, used 1 barriers, 80 bytes smem
ptxas info    : Compile time = 16.887 ms
ptxas info    : Compiling entry function '_ZN3aut17format_strategies14dot_map_reduceINS_7storage8fp8_e5m2ENS0_8strategyILNS0_11decode_kindE1ELi8ELNS0_14table_locationE0ELNS0_11unpack_kindE0EEEEEvPKNS2_5codecIT_E12storage_typeESE_mNS0_12table_bundleEPd' for 'sm_90'
ptxas info    : Function properties for _ZN3aut17format_strategies14dot_map_reduceINS_7storage8fp8_e5m2ENS0_8strategyILNS0_11decode_kindE1ELi8ELNS0_14table_locationE0ELNS0_11unpack_kindE0EEEEEvPKNS2_5codecIT_E12storage_typeESE_mNS0_12table_bundleEPd
    0 bytes stack frame, 0 bytes spill stores, 0 bytes spill loads
ptxas info    : Used 61 registers, used 1 barriers, 80 bytes smem
ptxas info    : Compile time = 16.248 ms
ptxas info    : Compiling entry function '_ZN3aut17format_strategies12decode_codesINS_7storage8fp8_e5m2ENS0_8strategyILNS0_11decode_kindE1ELi8ELNS0_14table_locationE0ELNS0_11unpack_kindE0EEEEEvPKNS2_5codecIT_E12storage_typeEmNS0_12table_bundleEPd' for 'sm_90'
ptxas info    : Function properties for _ZN3aut17format_strategies12decode_codesINS_7storage8fp8_e5m2ENS0_8strategyILNS0_11decode_kindE1ELi8ELNS0_14table_locationE0ELNS0_11unpack_kindE0EEEEEvPKNS2_5codecIT_E12storage_typeEmNS0_12table_bundleEPd
    0 bytes stack frame, 0 bytes spill stores, 0 bytes spill loads
ptxas info    : Used 29 registers, used 0 barriers
ptxas info    : Compile time = 11.418 ms
ptxas info    : Compiling entry function '_ZN3aut17format_strategies4gemvINS_7storage8fp8_e5m2ENS0_8strategyILNS0_11decode_kindE1ELi4ELNS0_14table_locationE0ELNS0_11unpack_kindE0EEEEEvPKNS2_5codecIT_E12storage_typeESE_mmmNS0_12table_bundleEPd' for 'sm_90'
ptxas info    : Function properties for _ZN3aut17format_strategies4gemvINS_7storage8fp8_e5m2ENS0_8strategyILNS0_11decode_kindE1ELi4ELNS0_14table_locationE0ELNS0_11unpack_kindE0EEEEEvPKNS2_5codecIT_E12storage_typeESE_mmmNS0_12table_bundleEPd
    0 bytes stack frame, 0 bytes spill stores, 0 bytes spill loads
ptxas info    : Used 38 registers, used 1 barriers, 80 bytes smem
ptxas info    : Compile time = 11.173 ms
ptxas info    : Compiling entry function '_ZN3aut17format_strategies14dot_map_reduceINS_7storage8fp8_e5m2ENS0_8strategyILNS0_11decode_kindE1ELi4ELNS0_14table_locationE0ELNS0_11unpack_kindE0EEEEEvPKNS2_5codecIT_E12storage_typeESE_mNS0_12table_bundleEPd' for 'sm_90'
ptxas info    : Function properties for _ZN3aut17format_strategies14dot_map_reduceINS_7storage8fp8_e5m2ENS0_8strategyILNS0_11decode_kindE1ELi4ELNS0_14table_locationE0ELNS0_11unpack_kindE0EEEEEvPKNS2_5codecIT_E12storage_typeESE_mNS0_12table_bundleEPd
    0 bytes stack frame, 0 bytes spill stores, 0 bytes spill loads
ptxas info    : Used 40 registers, used 1 barriers, 80 bytes smem
ptxas info    : Compile time = 11.018 ms
ptxas info    : Compiling entry function '_ZN3aut17format_strategies12decode_codesINS_7storage8fp8_e5m2ENS0_8strategyILNS0_11decode_kindE1ELi4ELNS0_14table_locationE0ELNS0_11unpack_kindE0EEEEEvPKNS2_5codecIT_E12storage_typeEmNS0_12table_bundleEPd' for 'sm_90'
ptxas info    : Function properties for _ZN3aut17format_strategies12decode_codesINS_7storage8fp8_e5m2ENS0_8strategyILNS0_11decode_kindE1ELi4ELNS0_14table_locationE0ELNS0_11unpack_kindE0EEEEEvPKNS2_5codecIT_E12storage_typeEmNS0_12table_bundleEPd
    0 bytes stack frame, 0 bytes spill stores, 0 bytes spill loads
ptxas info    : Used 22 registers, used 0 barriers
ptxas info    : Compile time = 9.127 ms
ptxas info    : Compiling entry function '_ZN3aut17format_strategies4gemvINS_7storage8fp8_e5m2ENS0_8strategyILNS0_11decode_kindE1ELi1ELNS0_14table_locationE0ELNS0_11unpack_kindE0EEEEEvPKNS2_5codecIT_E12storage_typeESE_mmmNS0_12table_bundleEPd' for 'sm_90'
ptxas info    : Function properties for _ZN3aut17format_strategies4gemvINS_7storage8fp8_e5m2ENS0_8strategyILNS0_11decode_kindE1ELi1ELNS0_14table_locationE0ELNS0_11unpack_kindE0EEEEEvPKNS2_5codecIT_E12storage_typeESE_mmmNS0_12table_bundleEPd
    0 bytes stack frame, 0 bytes spill stores, 0 bytes spill loads
ptxas info    : Used 21 registers, used 1 barriers, 80 bytes smem
ptxas info    : Compile time = 7.143 ms
ptxas info    : Compiling entry function '_ZN3aut17format_strategies14dot_map_reduceINS_7storage8fp8_e5m2ENS0_8strategyILNS0_11decode_kindE1ELi1ELNS0_14table_locationE0ELNS0_11unpack_kindE0EEEEEvPKNS2_5codecIT_E12storage_typeESE_mNS0_12table_bundleEPd' for 'sm_90'
ptxas info    : Function properties for _ZN3aut17format_strategies14dot_map_reduceINS_7storage8fp8_e5m2ENS0_8strategyILNS0_11decode_kindE1ELi1ELNS0_14table_locationE0ELNS0_11unpack_kindE0EEEEEvPKNS2_5codecIT_E12storage_typeESE_mNS0_12table_bundleEPd
    0 bytes stack frame, 0 bytes spill stores, 0 bytes spill loads
ptxas info    : Used 24 registers, used 1 barriers, 80 bytes smem
ptxas info    : Compile time = 6.849 ms
ptxas info    : Compiling entry function '_ZN3aut17format_strategies12decode_codesINS_7storage8fp8_e5m2ENS0_8strategyILNS0_11decode_kindE1ELi1ELNS0_14table_locationE0ELNS0_11unpack_kindE0EEEEEvPKNS2_5codecIT_E12storage_typeEmNS0_12table_bundleEPd' for 'sm_90'
ptxas info    : Function properties for _ZN3aut17format_strategies12decode_codesINS_7storage8fp8_e5m2ENS0_8strategyILNS0_11decode_kindE1ELi1ELNS0_14table_locationE0ELNS0_11unpack_kindE0EEEEEvPKNS2_5codecIT_E12storage_typeEmNS0_12table_bundleEPd
    0 bytes stack frame, 0 bytes spill stores, 0 bytes spill loads
ptxas info    : Used 19 registers, used 0 barriers
ptxas info    : Compile time = 7.256 ms
ptxas info    : Compiling entry function '_ZN3aut17format_strategies4gemvINS_7storage8fp8_e5m2ENS0_8strategyILNS0_11decode_kindE12ELi8ELNS0_14table_locationE0ELNS0_11unpack_kindE0EEEEEvPKNS2_5codecIT_E12storage_typeESE_mmmNS0_12table_bundleEPd' for 'sm_90'
ptxas info    : Function properties for _ZN3aut17format_strategies4gemvINS_7storage8fp8_e5m2ENS0_8strategyILNS0_11decode_kindE12ELi8ELNS0_14table_locationE0ELNS0_11unpack_kindE0EEEEEvPKNS2_5codecIT_E12storage_typeESE_mmmNS0_12table_bundleEPd
    0 bytes stack frame, 0 bytes spill stores, 0 bytes spill loads
ptxas info    : Used 32 registers, used 1 barriers, 80 bytes smem
ptxas info    : Compile time = 5.802 ms
ptxas info    : Compiling entry function '_ZN3aut17format_strategies14dot_map_reduceINS_7storage8fp8_e5m2ENS0_8strategyILNS0_11decode_kindE12ELi8ELNS0_14table_locationE0ELNS0_11unpack_kindE0EEEEEvPKNS2_5codecIT_E12storage_typeESE_mNS0_12table_bundleEPd' for 'sm_90'
ptxas info    : Function properties for _ZN3aut17format_strategies14dot_map_reduceINS_7storage8fp8_e5m2ENS0_8strategyILNS0_11decode_kindE12ELi8ELNS0_14table_locationE0ELNS0_11unpack_kindE0EEEEEvPKNS2_5codecIT_E12storage_typeESE_mNS0_12table_bundleEPd
    0 bytes stack frame, 0 bytes spill stores, 0 bytes spill loads
ptxas info    : Used 40 registers, used 1 barriers, 80 bytes smem
ptxas info    : Compile time = 5.739 ms
ptxas info    : Compiling entry function '_ZN3aut17format_strategies12decode_codesINS_7storage8fp8_e5m2ENS0_8strategyILNS0_11decode_kindE12ELi8ELNS0_14table_locationE0ELNS0_11unpack_kindE0EEEEEvPKNS2_5codecIT_E12storage_typeEmNS0_12table_bundleEPd' for 'sm_90'
ptxas info    : Function properties for _ZN3aut17format_strategies12decode_codesINS_7storage8fp8_e5m2ENS0_8strategyILNS0_11decode_kindE12ELi8ELNS0_14table_locationE0ELNS0_11unpack_kindE0EEEEEvPKNS2_5codecIT_E12storage_typeEmNS0_12table_bundleEPd
    0 bytes stack frame, 0 bytes spill stores, 0 bytes spill loads
ptxas info    : Used 22 registers, used 0 barriers
ptxas info    : Compile time = 6.804 ms
ptxas info    : Compiling entry function '_ZN3aut17format_strategies4gemvINS_7storage8fp8_e5m2ENS0_8strategyILNS0_11decode_kindE12ELi4ELNS0_14table_locationE0ELNS0_11unpack_kindE0EEEEEvPKNS2_5codecIT_E12storage_typeESE_mmmNS0_12table_bundleEPd' for 'sm_90'
ptxas info    : Function properties for _ZN3aut17format_strategies4gemvINS_7storage8fp8_e5m2ENS0_8strategyILNS0_11decode_kindE12ELi4ELNS0_14table_locationE0ELNS0_11unpack_kindE0EEEEEvPKNS2_5codecIT_E12storage_typeESE_mmmNS0_12table_bundleEPd
    0 bytes stack frame, 0 bytes spill stores, 0 bytes spill loads
ptxas info    : Used 28 registers, used 1 barriers, 80 bytes smem
ptxas info    : Compile time = 5.019 ms
ptxas info    : Compiling entry function '_ZN3aut17format_strategies14dot_map_reduceINS_7storage8fp8_e5m2ENS0_8strategyILNS0_11decode_kindE12ELi4ELNS0_14table_locationE0ELNS0_11unpack_kindE0EEEEEvPKNS2_5codecIT_E12storage_typeESE_mNS0_12table_bundleEPd' for 'sm_90'
ptxas info    : Function properties for _ZN3aut17format_strategies14dot_map_reduceINS_7storage8fp8_e5m2ENS0_8strategyILNS0_11decode_kindE12ELi4ELNS0_14table_locationE0ELNS0_11unpack_kindE0EEEEEvPKNS2_5codecIT_E12storage_typeESE_mNS0_12table_bundleEPd
    0 bytes stack frame, 0 bytes spill stores, 0 bytes spill loads
ptxas info    : Used 32 registers, used 1 barriers, 80 bytes smem
ptxas info    : Compile time = 4.981 ms
ptxas info    : Compiling entry function '_ZN3aut17format_strategies12decode_codesINS_7storage8fp8_e5m2ENS0_8strategyILNS0_11decode_kindE12ELi4ELNS0_14table_locationE0ELNS0_11unpack_kindE0EEEEEvPKNS2_5codecIT_E12storage_typeEmNS0_12table_bundleEPd' for 'sm_90'
ptxas info    : Function properties for _ZN3aut17format_strategies12decode_codesINS_7storage8fp8_e5m2ENS0_8strategyILNS0_11decode_kindE12ELi4ELNS0_14table_locationE0ELNS0_11unpack_kindE0EEEEEvPKNS2_5codecIT_E12storage_typeEmNS0_12table_bundleEPd
    0 bytes stack frame, 0 bytes spill stores, 0 bytes spill loads
ptxas info    : Used 20 registers, used 0 barriers
ptxas info    : Compile time = 6.551 ms
ptxas info    : Compiling entry function '_ZN3aut17format_strategies4gemvINS_7storage8fp8_e5m2ENS0_8strategyILNS0_11decode_kindE12ELi2ELNS0_14table_locationE0ELNS0_11unpack_kindE0EEEEEvPKNS2_5codecIT_E12storage_typeESE_mmmNS0_12table_bundleEPd' for 'sm_90'
ptxas info    : Function properties for _ZN3aut17format_strategies4gemvINS_7storage8fp8_e5m2ENS0_8strategyILNS0_11decode_kindE12ELi2ELNS0_14table_locationE0ELNS0_11unpack_kindE0EEEEEvPKNS2_5codecIT_E12storage_typeESE_mmmNS0_12table_bundleEPd
    0 bytes stack frame, 0 bytes spill stores, 0 bytes spill loads
ptxas info    : Used 25 registers, used 1 barriers, 80 bytes smem
ptxas info    : Compile time = 4.646 ms
ptxas info    : Compiling entry function '_ZN3aut17format_strategies14dot_map_reduceINS_7storage8fp8_e5m2ENS0_8strategyILNS0_11decode_kindE12ELi2ELNS0_14table_locationE0ELNS0_11unpack_kindE0EEEEEvPKNS2_5codecIT_E12storage_typeESE_mNS0_12table_bundleEPd' for 'sm_90'
ptxas info    : Function properties for _ZN3aut17format_strategies14dot_map_reduceINS_7storage8fp8_e5m2ENS0_8strategyILNS0_11decode_kindE12ELi2ELNS0_14table_locationE0ELNS0_11unpack_kindE0EEEEEvPKNS2_5codecIT_E12storage_typeESE_mNS0_12table_bundleEPd
    0 bytes stack frame, 0 bytes spill stores, 0 bytes spill loads
ptxas info    : Used 26 registers, used 1 barriers, 80 bytes smem
ptxas info    : Compile time = 4.526 ms
ptxas info    : Compiling entry function '_ZN3aut17format_strategies12decode_codesINS_7storage8fp8_e5m2ENS0_8strategyILNS0_11decode_kindE12ELi2ELNS0_14table_locationE0ELNS0_11unpack_kindE0EEEEEvPKNS2_5codecIT_E12storage_typeEmNS0_12table_bundleEPd' for 'sm_90'
ptxas info    : Function properties for _ZN3aut17format_strategies12decode_codesINS_7storage8fp8_e5m2ENS0_8strategyILNS0_11decode_kindE12ELi2ELNS0_14table_locationE0ELNS0_11unpack_kindE0EEEEEvPKNS2_5codecIT_E12storage_typeEmNS0_12table_bundleEPd
    0 bytes stack frame, 0 bytes spill stores, 0 bytes spill loads
ptxas info    : Used 20 registers, used 0 barriers
ptxas info    : Compile time = 6.426 ms
ptxas info    : Compiling entry function '_ZN3aut17format_strategies4gemvINS_7storage8fp8_e5m2ENS0_8strategyILNS0_11decode_kindE11ELi8ELNS0_14table_locationE0ELNS0_11unpack_kindE0EEEEEvPKNS2_5codecIT_E12storage_typeESE_mmmNS0_12table_bundleEPd' for 'sm_90'
ptxas info    : Function properties for _ZN3aut17format_strategies4gemvINS_7storage8fp8_e5m2ENS0_8strategyILNS0_11decode_kindE11ELi8ELNS0_14table_locationE0ELNS0_11unpack_kindE0EEEEEvPKNS2_5codecIT_E12storage_typeESE_mmmNS0_12table_bundleEPd
    0 bytes stack frame, 0 bytes spill stores, 0 bytes spill loads
ptxas info    : Used 32 registers, used 1 barriers, 80 bytes smem
ptxas info    : Compile time = 5.782 ms
ptxas info    : Compiling entry function '_ZN3aut17format_strategies14dot_map_reduceINS_7storage8fp8_e5m2ENS0_8strategyILNS0_11decode_kindE11ELi8ELNS0_14table_locationE0ELNS0_11unpack_kindE0EEEEEvPKNS2_5codecIT_E12storage_typeESE_mNS0_12table_bundleEPd' for 'sm_90'
ptxas info    : Function properties for _ZN3aut17format_strategies14dot_map_reduceINS_7storage8fp8_e5m2ENS0_8strategyILNS0_11decode_kindE11ELi8ELNS0_14table_locationE0ELNS0_11unpack_kindE0EEEEEvPKNS2_5codecIT_E12storage_typeESE_mNS0_12table_bundleEPd
    0 bytes stack frame, 0 bytes spill stores, 0 bytes spill loads
ptxas info    : Used 40 registers, used 1 barriers, 80 bytes smem
ptxas info    : Compile time = 5.690 ms
ptxas info    : Compiling entry function '_ZN3aut17format_strategies12decode_codesINS_7storage8fp8_e5m2ENS0_8strategyILNS0_11decode_kindE11ELi8ELNS0_14table_locationE0ELNS0_11unpack_kindE0EEEEEvPKNS2_5codecIT_E12storage_typeEmNS0_12table_bundleEPd' for 'sm_90'
ptxas info    : Function properties for _ZN3aut17format_strategies12decode_codesINS_7storage8fp8_e5m2ENS0_8strategyILNS0_11decode_kindE11ELi8ELNS0_14table_locationE0ELNS0_11unpack_kindE0EEEEEvPKNS2_5codecIT_E12storage_typeEmNS0_12table_bundleEPd
    0 bytes stack frame, 0 bytes spill stores, 0 bytes spill loads
ptxas info    : Used 22 registers, used 0 barriers
ptxas info    : Compile time = 6.762 ms
ptxas info    : Compiling entry function '_ZN3aut17format_strategies4gemvINS_7storage8fp8_e5m2ENS0_8strategyILNS0_11decode_kindE11ELi4ELNS0_14table_locationE0ELNS0_11unpack_kindE0EEEEEvPKNS2_5codecIT_E12storage_typeESE_mmmNS0_12table_bundleEPd' for 'sm_90'
ptxas info    : Function properties for _ZN3aut17format_strategies4gemvINS_7storage8fp8_e5m2ENS0_8strategyILNS0_11decode_kindE11ELi4ELNS0_14table_locationE0ELNS0_11unpack_kindE0EEEEEvPKNS2_5codecIT_E12storage_typeESE_mmmNS0_12table_bundleEPd
    0 bytes stack frame, 0 bytes spill stores, 0 bytes spill loads
ptxas info    : Used 28 registers, used 1 barriers, 80 bytes smem
ptxas info    : Compile time = 5.040 ms
ptxas info    : Compiling entry function '_ZN3aut17format_strategies14dot_map_reduceINS_7storage8fp8_e5m2ENS0_8strategyILNS0_11decode_kindE11ELi4ELNS0_14table_locationE0ELNS0_11unpack_kindE0EEEEEvPKNS2_5codecIT_E12storage_typeESE_mNS0_12table_bundleEPd' for 'sm_90'
ptxas info    : Function properties for _ZN3aut17format_strategies14dot_map_reduceINS_7storage8fp8_e5m2ENS0_8strategyILNS0_11decode_kindE11ELi4ELNS0_14table_locationE0ELNS0_11unpack_kindE0EEEEEvPKNS2_5codecIT_E12storage_typeESE_mNS0_12table_bundleEPd
    0 bytes stack frame, 0 bytes spill stores, 0 bytes spill loads
ptxas info    : Used 32 registers, used 1 barriers, 80 bytes smem
ptxas info    : Compile time = 4.990 ms
ptxas info    : Compiling entry function '_ZN3aut17format_strategies12decode_codesINS_7storage8fp8_e5m2ENS0_8strategyILNS0_11decode_kindE11ELi4ELNS0_14table_locationE0ELNS0_11unpack_kindE0EEEEEvPKNS2_5codecIT_E12storage_typeEmNS0_12table_bundleEPd' for 'sm_90'
ptxas info    : Function properties for _ZN3aut17format_strategies12decode_codesINS_7storage8fp8_e5m2ENS0_8strategyILNS0_11decode_kindE11ELi4ELNS0_14table_locationE0ELNS0_11unpack_kindE0EEEEEvPKNS2_5codecIT_E12storage_typeEmNS0_12table_bundleEPd
    0 bytes stack frame, 0 bytes spill stores, 0 bytes spill loads
ptxas info    : Used 20 registers, used 0 barriers
ptxas info    : Compile time = 6.538 ms
ptxas info    : Compiling entry function '_ZN3aut17format_strategies4gemvINS_7storage8fp8_e5m2ENS0_8strategyILNS0_11decode_kindE11ELi2ELNS0_14table_locationE0ELNS0_11unpack_kindE0EEEEEvPKNS2_5codecIT_E12storage_typeESE_mmmNS0_12table_bundleEPd' for 'sm_90'
ptxas info    : Function properties for _ZN3aut17format_strategies4gemvINS_7storage8fp8_e5m2ENS0_8strategyILNS0_11decode_kindE11ELi2ELNS0_14table_locationE0ELNS0_11unpack_kindE0EEEEEvPKNS2_5codecIT_E12storage_typeESE_mmmNS0_12table_bundleEPd
    0 bytes stack frame, 0 bytes spill stores, 0 bytes spill loads
ptxas info    : Used 25 registers, used 1 barriers, 80 bytes smem
ptxas info    : Compile time = 4.627 ms
ptxas info    : Compiling entry function '_ZN3aut17format_strategies14dot_map_reduceINS_7storage8fp8_e5m2ENS0_8strategyILNS0_11decode_kindE11ELi2ELNS0_14table_locationE0ELNS0_11unpack_kindE0EEEEEvPKNS2_5codecIT_E12storage_typeESE_mNS0_12table_bundleEPd' for 'sm_90'
ptxas info    : Function properties for _ZN3aut17format_strategies14dot_map_reduceINS_7storage8fp8_e5m2ENS0_8strategyILNS0_11decode_kindE11ELi2ELNS0_14table_locationE0ELNS0_11unpack_kindE0EEEEEvPKNS2_5codecIT_E12storage_typeESE_mNS0_12table_bundleEPd
    0 bytes stack frame, 0 bytes spill stores, 0 bytes spill loads
ptxas info    : Used 26 registers, used 1 barriers, 80 bytes smem
ptxas info    : Compile time = 4.513 ms
ptxas info    : Compiling entry function '_ZN3aut17format_strategies12decode_codesINS_7storage8fp8_e5m2ENS0_8strategyILNS0_11decode_kindE11ELi2ELNS0_14table_locationE0ELNS0_11unpack_kindE0EEEEEvPKNS2_5codecIT_E12storage_typeEmNS0_12table_bundleEPd' for 'sm_90'
ptxas info    : Function properties for _ZN3aut17format_strategies12decode_codesINS_7storage8fp8_e5m2ENS0_8strategyILNS0_11decode_kindE11ELi2ELNS0_14table_locationE0ELNS0_11unpack_kindE0EEEEEvPKNS2_5codecIT_E12storage_typeEmNS0_12table_bundleEPd
    0 bytes stack frame, 0 bytes spill stores, 0 bytes spill loads
ptxas info    : Used 20 registers, used 0 barriers
ptxas info    : Compile time = 6.424 ms
ptxas info    : Compiling entry function '_ZN3aut17format_strategies4gemvINS_7storage8fp8_e5m2ENS0_8strategyILNS0_11decode_kindE10ELi1ELNS0_14table_locationE0ELNS0_11unpack_kindE0EEEEEvPKNS2_5codecIT_E12storage_typeESE_mmmNS0_12table_bundleEPd' for 'sm_90'
ptxas info    : Function properties for _ZN3aut17format_strategies4gemvINS_7storage8fp8_e5m2ENS0_8strategyILNS0_11decode_kindE10ELi1ELNS0_14table_locationE0ELNS0_11unpack_kindE0EEEEEvPKNS2_5codecIT_E12storage_typeESE_mmmNS0_12table_bundleEPd
    0 bytes stack frame, 0 bytes spill stores, 0 bytes spill loads
ptxas info    : Used 21 registers, used 1 barriers, 80 bytes smem
ptxas info    : Compile time = 4.322 ms
ptxas info    : Compiling entry function '_ZN3aut17format_strategies14dot_map_reduceINS_7storage8fp8_e5m2ENS0_8strategyILNS0_11decode_kindE10ELi1ELNS0_14table_locationE0ELNS0_11unpack_kindE0EEEEEvPKNS2_5codecIT_E12storage_typeESE_mNS0_12table_bundleEPd' for 'sm_90'
ptxas info    : Function properties for _ZN3aut17format_strategies14dot_map_reduceINS_7storage8fp8_e5m2ENS0_8strategyILNS0_11decode_kindE10ELi1ELNS0_14table_locationE0ELNS0_11unpack_kindE0EEEEEvPKNS2_5codecIT_E12storage_typeESE_mNS0_12table_bundleEPd
    0 bytes stack frame, 0 bytes spill stores, 0 bytes spill loads
ptxas info    : Used 26 registers, used 1 barriers, 80 bytes smem
ptxas info    : Compile time = 4.209 ms
ptxas info    : Compiling entry function '_ZN3aut17format_strategies12decode_codesINS_7storage8fp8_e5m2ENS0_8strategyILNS0_11decode_kindE10ELi1ELNS0_14table_locationE0ELNS0_11unpack_kindE0EEEEEvPKNS2_5codecIT_E12storage_typeEmNS0_12table_bundleEPd' for 'sm_90'
ptxas info    : Function properties for _ZN3aut17format_strategies12decode_codesINS_7storage8fp8_e5m2ENS0_8strategyILNS0_11decode_kindE10ELi1ELNS0_14table_locationE0ELNS0_11unpack_kindE0EEEEEvPKNS2_5codecIT_E12storage_typeEmNS0_12table_bundleEPd
    0 bytes stack frame, 0 bytes spill stores, 0 bytes spill loads
ptxas info    : Used 20 registers, used 0 barriers
ptxas info    : Compile time = 6.359 ms
ptxas info    : Compiling entry function '_ZN3aut17format_strategies4gemvINS_7storage8fp8_e5m2ENS0_8strategyILNS0_11decode_kindE9ELi1ELNS0_14table_locationE0ELNS0_11unpack_kindE0EEEEEvPKNS2_5codecIT_E12storage_typeESE_mmmNS0_12table_bundleEPd' for 'sm_90'
ptxas info    : Function properties for _ZN3aut17format_strategies4gemvINS_7storage8fp8_e5m2ENS0_8strategyILNS0_11decode_kindE9ELi1ELNS0_14table_locationE0ELNS0_11unpack_kindE0EEEEEvPKNS2_5codecIT_E12storage_typeESE_mmmNS0_12table_bundleEPd
    0 bytes stack frame, 0 bytes spill stores, 0 bytes spill loads
ptxas info    : Used 21 registers, used 1 barriers, 80 bytes smem
ptxas info    : Compile time = 4.315 ms
ptxas info    : Compiling entry function '_ZN3aut17format_strategies14dot_map_reduceINS_7storage8fp8_e5m2ENS0_8strategyILNS0_11decode_kindE9ELi1ELNS0_14table_locationE0ELNS0_11unpack_kindE0EEEEEvPKNS2_5codecIT_E12storage_typeESE_mNS0_12table_bundleEPd' for 'sm_90'
ptxas info    : Function properties for _ZN3aut17format_strategies14dot_map_reduceINS_7storage8fp8_e5m2ENS0_8strategyILNS0_11decode_kindE9ELi1ELNS0_14table_locationE0ELNS0_11unpack_kindE0EEEEEvPKNS2_5codecIT_E12storage_typeESE_mNS0_12table_bundleEPd
    0 bytes stack frame, 0 bytes spill stores, 0 bytes spill loads
ptxas info    : Used 26 registers, used 1 barriers, 80 bytes smem
ptxas info    : Compile time = 4.194 ms
ptxas info    : Compiling entry function '_ZN3aut17format_strategies12decode_codesINS_7storage8fp8_e5m2ENS0_8strategyILNS0_11decode_kindE9ELi1ELNS0_14table_locationE0ELNS0_11unpack_kindE0EEEEEvPKNS2_5codecIT_E12storage_typeEmNS0_12table_bundleEPd' for 'sm_90'
ptxas info    : Function properties for _ZN3aut17format_strategies12decode_codesINS_7storage8fp8_e5m2ENS0_8strategyILNS0_11decode_kindE9ELi1ELNS0_14table_locationE0ELNS0_11unpack_kindE0EEEEEvPKNS2_5codecIT_E12storage_typeEmNS0_12table_bundleEPd
    0 bytes stack frame, 0 bytes spill stores, 0 bytes spill loads
ptxas info    : Used 20 registers, used 0 barriers
ptxas info    : Compile time = 6.378 ms
ptxas info    : Compiling entry function '_ZN3aut17format_strategies4gemvINS_7storage8fp8_e5m2ENS0_8strategyILNS0_11decode_kindE0ELi1ELNS0_14table_locationE0ELNS0_11unpack_kindE0EEEEEvPKNS2_5codecIT_E12storage_typeESE_mmmNS0_12table_bundleEPd' for 'sm_90'
ptxas info    : Function properties for _ZN3aut17format_strategies4gemvINS_7storage8fp8_e5m2ENS0_8strategyILNS0_11decode_kindE0ELi1ELNS0_14table_locationE0ELNS0_11unpack_kindE0EEEEEvPKNS2_5codecIT_E12storage_typeESE_mmmNS0_12table_bundleEPd
    0 bytes stack frame, 0 bytes spill stores, 0 bytes spill loads
ptxas info    : Used 21 registers, used 1 barriers, 80 bytes smem
ptxas info    : Compile time = 4.327 ms
ptxas info    : Compiling entry function '_ZN3aut17format_strategies14dot_map_reduceINS_7storage8fp8_e5m2ENS0_8strategyILNS0_11decode_kindE0ELi1ELNS0_14table_locationE0ELNS0_11unpack_kindE0EEEEEvPKNS2_5codecIT_E12storage_typeESE_mNS0_12table_bundleEPd' for 'sm_90'
ptxas info    : Function properties for _ZN3aut17format_strategies14dot_map_reduceINS_7storage8fp8_e5m2ENS0_8strategyILNS0_11decode_kindE0ELi1ELNS0_14table_locationE0ELNS0_11unpack_kindE0EEEEEvPKNS2_5codecIT_E12storage_typeESE_mNS0_12table_bundleEPd
    0 bytes stack frame, 0 bytes spill stores, 0 bytes spill loads
ptxas info    : Used 26 registers, used 1 barriers, 80 bytes smem
ptxas info    : Compile time = 4.202 ms
ptxas info    : Compiling entry function '_ZN3aut17format_strategies12decode_codesINS_7storage8fp8_e5m2ENS0_8strategyILNS0_11decode_kindE0ELi1ELNS0_14table_locationE0ELNS0_11unpack_kindE0EEEEEvPKNS2_5codecIT_E12storage_typeEmNS0_12table_bundleEPd' for 'sm_90'
ptxas info    : Function properties for _ZN3aut17format_strategies12decode_codesINS_7storage8fp8_e5m2ENS0_8strategyILNS0_11decode_kindE0ELi1ELNS0_14table_locationE0ELNS0_11unpack_kindE0EEEEEvPKNS2_5codecIT_E12storage_typeEmNS0_12table_bundleEPd
    0 bytes stack frame, 0 bytes spill stores, 0 bytes spill loads
ptxas info    : Used 20 registers, used 0 barriers
ptxas info    : Compile time = 6.380 ms
ptxas info    : Compiling entry function '_ZN3aut17format_strategies4gemvINS_7storage8fp8_e4m3ENS0_8strategyILNS0_11decode_kindE14ELi8ELNS0_14table_locationE1ELNS0_11unpack_kindE0EEEEEvPKNS2_5codecIT_E12storage_typeESE_mmmNS0_12table_bundleEPd' for 'sm_90'
ptxas info    : Function properties for _ZN3aut17format_strategies4gemvINS_7storage8fp8_e4m3ENS0_8strategyILNS0_11decode_kindE14ELi8ELNS0_14table_locationE1ELNS0_11unpack_kindE0EEEEEvPKNS2_5codecIT_E12storage_typeESE_mmmNS0_12table_bundleEPd
    0 bytes stack frame, 0 bytes spill stores, 0 bytes spill loads
ptxas info    : Used 44 registers, used 1 barriers, 80 bytes smem
ptxas info    : Compile time = 7.489 ms
ptxas info    : Compiling entry function '_ZN3aut17format_strategies14dot_map_reduceINS_7storage8fp8_e4m3ENS0_8strategyILNS0_11decode_kindE14ELi8ELNS0_14table_locationE1ELNS0_11unpack_kindE0EEEEEvPKNS2_5codecIT_E12storage_typeESE_mNS0_12table_bundleEPd' for 'sm_90'
ptxas info    : Function properties for _ZN3aut17format_strategies14dot_map_reduceINS_7storage8fp8_e4m3ENS0_8strategyILNS0_11decode_kindE14ELi8ELNS0_14table_locationE1ELNS0_11unpack_kindE0EEEEEvPKNS2_5codecIT_E12storage_typeESE_mNS0_12table_bundleEPd
    0 bytes stack frame, 0 bytes spill stores, 0 bytes spill loads
ptxas info    : Used 44 registers, used 1 barriers, 80 bytes smem
ptxas info    : Compile time = 7.364 ms
ptxas info    : Compiling entry function '_ZN3aut17format_strategies12decode_codesINS_7storage8fp8_e4m3ENS0_8strategyILNS0_11decode_kindE14ELi8ELNS0_14table_locationE1ELNS0_11unpack_kindE0EEEEEvPKNS2_5codecIT_E12storage_typeEmNS0_12table_bundleEPd' for 'sm_90'
ptxas info    : Function properties for _ZN3aut17format_strategies12decode_codesINS_7storage8fp8_e4m3ENS0_8strategyILNS0_11decode_kindE14ELi8ELNS0_14table_locationE1ELNS0_11unpack_kindE0EEEEEvPKNS2_5codecIT_E12storage_typeEmNS0_12table_bundleEPd
    0 bytes stack frame, 0 bytes spill stores, 0 bytes spill loads
ptxas info    : Used 22 registers, used 1 barriers
ptxas info    : Compile time = 8.551 ms
ptxas info    : Compiling entry function '_ZN3aut17format_strategies4gemvINS_7storage8fp8_e4m3ENS0_8strategyILNS0_11decode_kindE14ELi4ELNS0_14table_locationE1ELNS0_11unpack_kindE0EEEEEvPKNS2_5codecIT_E12storage_typeESE_mmmNS0_12table_bundleEPd' for 'sm_90'
ptxas info    : Function properties for _ZN3aut17format_strategies4gemvINS_7storage8fp8_e4m3ENS0_8strategyILNS0_11decode_kindE14ELi4ELNS0_14table_locationE1ELNS0_11unpack_kindE0EEEEEvPKNS2_5codecIT_E12storage_typeESE_mmmNS0_12table_bundleEPd
    0 bytes stack frame, 0 bytes spill stores, 0 bytes spill loads
ptxas info    : Used 34 registers, used 1 barriers, 80 bytes smem
ptxas info    : Compile time = 6.424 ms
ptxas info    : Compiling entry function '_ZN3aut17format_strategies14dot_map_reduceINS_7storage8fp8_e4m3ENS0_8strategyILNS0_11decode_kindE14ELi4ELNS0_14table_locationE1ELNS0_11unpack_kindE0EEEEEvPKNS2_5codecIT_E12storage_typeESE_mNS0_12table_bundleEPd' for 'sm_90'
ptxas info    : Function properties for _ZN3aut17format_strategies14dot_map_reduceINS_7storage8fp8_e4m3ENS0_8strategyILNS0_11decode_kindE14ELi4ELNS0_14table_locationE1ELNS0_11unpack_kindE0EEEEEvPKNS2_5codecIT_E12storage_typeESE_mNS0_12table_bundleEPd
    0 bytes stack frame, 0 bytes spill stores, 0 bytes spill loads
ptxas info    : Used 36 registers, used 1 barriers, 80 bytes smem
ptxas info    : Compile time = 6.261 ms
ptxas info    : Compiling entry function '_ZN3aut17format_strategies12decode_codesINS_7storage8fp8_e4m3ENS0_8strategyILNS0_11decode_kindE14ELi4ELNS0_14table_locationE1ELNS0_11unpack_kindE0EEEEEvPKNS2_5codecIT_E12storage_typeEmNS0_12table_bundleEPd' for 'sm_90'
ptxas info    : Function properties for _ZN3aut17format_strategies12decode_codesINS_7storage8fp8_e4m3ENS0_8strategyILNS0_11decode_kindE14ELi4ELNS0_14table_locationE1ELNS0_11unpack_kindE0EEEEEvPKNS2_5codecIT_E12storage_typeEmNS0_12table_bundleEPd
    0 bytes stack frame, 0 bytes spill stores, 0 bytes spill loads
ptxas info    : Used 22 registers, used 1 barriers
ptxas info    : Compile time = 8.097 ms
ptxas info    : Compiling entry function '_ZN3aut17format_strategies4gemvINS_7storage8fp8_e4m3ENS0_8strategyILNS0_11decode_kindE1ELi8ELNS0_14table_locationE0ELNS0_11unpack_kindE1EEEEEvPKNS2_5codecIT_E12storage_typeESE_mmmNS0_12table_bundleEPd' for 'sm_90'
ptxas info    : Function properties for _ZN3aut17format_strategies4gemvINS_7storage8fp8_e4m3ENS0_8strategyILNS0_11decode_kindE1ELi8ELNS0_14table_locationE0ELNS0_11unpack_kindE1EEEEEvPKNS2_5codecIT_E12storage_typeESE_mmmNS0_12table_bundleEPd
    0 bytes stack frame, 0 bytes spill stores, 0 bytes spill loads
ptxas info    : Used 61 registers, used 1 barriers, 80 bytes smem
ptxas info    : Compile time = 17.294 ms
ptxas info    : Compiling entry function '_ZN3aut17format_strategies14dot_map_reduceINS_7storage8fp8_e4m3ENS0_8strategyILNS0_11decode_kindE1ELi8ELNS0_14table_locationE0ELNS0_11unpack_kindE1EEEEEvPKNS2_5codecIT_E12storage_typeESE_mNS0_12table_bundleEPd' for 'sm_90'
ptxas info    : Function properties for _ZN3aut17format_strategies14dot_map_reduceINS_7storage8fp8_e4m3ENS0_8strategyILNS0_11decode_kindE1ELi8ELNS0_14table_locationE0ELNS0_11unpack_kindE1EEEEEvPKNS2_5codecIT_E12storage_typeESE_mNS0_12table_bundleEPd
    0 bytes stack frame, 0 bytes spill stores, 0 bytes spill loads
ptxas info    : Used 61 registers, used 1 barriers, 80 bytes smem
ptxas info    : Compile time = 16.566 ms
ptxas info    : Compiling entry function '_ZN3aut17format_strategies12decode_codesINS_7storage8fp8_e4m3ENS0_8strategyILNS0_11decode_kindE1ELi8ELNS0_14table_locationE0ELNS0_11unpack_kindE1EEEEEvPKNS2_5codecIT_E12storage_typeEmNS0_12table_bundleEPd' for 'sm_90'
ptxas info    : Function properties for _ZN3aut17format_strategies12decode_codesINS_7storage8fp8_e4m3ENS0_8strategyILNS0_11decode_kindE1ELi8ELNS0_14table_locationE0ELNS0_11unpack_kindE1EEEEEvPKNS2_5codecIT_E12storage_typeEmNS0_12table_bundleEPd
    0 bytes stack frame, 0 bytes spill stores, 0 bytes spill loads
ptxas info    : Used 29 registers, used 0 barriers
ptxas info    : Compile time = 11.517 ms
ptxas info    : Compiling entry function '_ZN3aut17format_strategies4gemvINS_7storage8fp8_e4m3ENS0_8strategyILNS0_11decode_kindE1ELi4ELNS0_14table_locationE0ELNS0_11unpack_kindE1EEEEEvPKNS2_5codecIT_E12storage_typeESE_mmmNS0_12table_bundleEPd' for 'sm_90'
ptxas info    : Function properties for _ZN3aut17format_strategies4gemvINS_7storage8fp8_e4m3ENS0_8strategyILNS0_11decode_kindE1ELi4ELNS0_14table_locationE0ELNS0_11unpack_kindE1EEEEEvPKNS2_5codecIT_E12storage_typeESE_mmmNS0_12table_bundleEPd
    0 bytes stack frame, 0 bytes spill stores, 0 bytes spill loads
ptxas info    : Used 38 registers, used 1 barriers, 80 bytes smem
ptxas info    : Compile time = 11.350 ms
ptxas info    : Compiling entry function '_ZN3aut17format_strategies14dot_map_reduceINS_7storage8fp8_e4m3ENS0_8strategyILNS0_11decode_kindE1ELi4ELNS0_14table_locationE0ELNS0_11unpack_kindE1EEEEEvPKNS2_5codecIT_E12storage_typeESE_mNS0_12table_bundleEPd' for 'sm_90'
ptxas info    : Function properties for _ZN3aut17format_strategies14dot_map_reduceINS_7storage8fp8_e4m3ENS0_8strategyILNS0_11decode_kindE1ELi4ELNS0_14table_locationE0ELNS0_11unpack_kindE1EEEEEvPKNS2_5codecIT_E12storage_typeESE_mNS0_12table_bundleEPd
    0 bytes stack frame, 0 bytes spill stores, 0 bytes spill loads
ptxas info    : Used 40 registers, used 1 barriers, 80 bytes smem
ptxas info    : Compile time = 11.105 ms
ptxas info    : Compiling entry function '_ZN3aut17format_strategies12decode_codesINS_7storage8fp8_e4m3ENS0_8strategyILNS0_11decode_kindE1ELi4ELNS0_14table_locationE0ELNS0_11unpack_kindE1EEEEEvPKNS2_5codecIT_E12storage_typeEmNS0_12table_bundleEPd' for 'sm_90'
ptxas info    : Function properties for _ZN3aut17format_strategies12decode_codesINS_7storage8fp8_e4m3ENS0_8strategyILNS0_11decode_kindE1ELi4ELNS0_14table_locationE0ELNS0_11unpack_kindE1EEEEEvPKNS2_5codecIT_E12storage_typeEmNS0_12table_bundleEPd
    0 bytes stack frame, 0 bytes spill stores, 0 bytes spill loads
ptxas info    : Used 21 registers, used 0 barriers
ptxas info    : Compile time = 9.222 ms
ptxas info    : Compiling entry function '_ZN3aut17format_strategies4gemvINS_7storage8fp8_e4m3ENS0_8strategyILNS0_11decode_kindE13ELi8ELNS0_14table_locationE0ELNS0_11unpack_kindE0EEEEEvPKNS2_5codecIT_E12storage_typeESE_mmmNS0_12table_bundleEPd' for 'sm_90'
ptxas info    : Function properties for _ZN3aut17format_strategies4gemvINS_7storage8fp8_e4m3ENS0_8strategyILNS0_11decode_kindE13ELi8ELNS0_14table_locationE0ELNS0_11unpack_kindE0EEEEEvPKNS2_5codecIT_E12storage_typeESE_mmmNS0_12table_bundleEPd
    0 bytes stack frame, 0 bytes spill stores, 0 bytes spill loads
ptxas info    : Used 40 registers, used 1 barriers, 80 bytes smem
ptxas info    : Compile time = 5.877 ms
ptxas info    : Compiling entry function '_ZN3aut17format_strategies14dot_map_reduceINS_7storage8fp8_e4m3ENS0_8strategyILNS0_11decode_kindE13ELi8ELNS0_14table_locationE0ELNS0_11unpack_kindE0EEEEEvPKNS2_5codecIT_E12storage_typeESE_mNS0_12table_bundleEPd' for 'sm_90'
ptxas info    : Function properties for _ZN3aut17format_strategies14dot_map_reduceINS_7storage8fp8_e4m3ENS0_8strategyILNS0_11decode_kindE13ELi8ELNS0_14table_locationE0ELNS0_11unpack_kindE0EEEEEvPKNS2_5codecIT_E12storage_typeESE_mNS0_12table_bundleEPd
    0 bytes stack frame, 0 bytes spill stores, 0 bytes spill loads
ptxas info    : Used 40 registers, used 1 barriers, 80 bytes smem
ptxas info    : Compile time = 5.961 ms
ptxas info    : Compiling entry function '_ZN3aut17format_strategies12decode_codesINS_7storage8fp8_e4m3ENS0_8strategyILNS0_11decode_kindE13ELi8ELNS0_14table_locationE0ELNS0_11unpack_kindE0EEEEEvPKNS2_5codecIT_E12storage_typeEmNS0_12table_bundleEPd' for 'sm_90'
ptxas info    : Function properties for _ZN3aut17format_strategies12decode_codesINS_7storage8fp8_e4m3ENS0_8strategyILNS0_11decode_kindE13ELi8ELNS0_14table_locationE0ELNS0_11unpack_kindE0EEEEEvPKNS2_5codecIT_E12storage_typeEmNS0_12table_bundleEPd
    0 bytes stack frame, 0 bytes spill stores, 0 bytes spill loads
ptxas info    : Used 22 registers, used 0 barriers
ptxas info    : Compile time = 7.035 ms
ptxas info    : Compiling entry function '_ZN3aut17format_strategies4gemvINS_7storage8fp8_e4m3ENS0_8strategyILNS0_11decode_kindE13ELi4ELNS0_14table_locationE0ELNS0_11unpack_kindE0EEEEEvPKNS2_5codecIT_E12storage_typeESE_mmmNS0_12table_bundleEPd' for 'sm_90'
ptxas info    : Function properties for _ZN3aut17format_strategies4gemvINS_7storage8fp8_e4m3ENS0_8strategyILNS0_11decode_kindE13ELi4ELNS0_14table_locationE0ELNS0_11unpack_kindE0EEEEEvPKNS2_5codecIT_E12storage_typeESE_mmmNS0_12table_bundleEPd
    0 bytes stack frame, 0 bytes spill stores, 0 bytes spill loads
ptxas info    : Used 28 registers, used 1 barriers, 80 bytes smem
ptxas info    : Compile time = 5.124 ms
ptxas info    : Compiling entry function '_ZN3aut17format_strategies14dot_map_reduceINS_7storage8fp8_e4m3ENS0_8strategyILNS0_11decode_kindE13ELi4ELNS0_14table_locationE0ELNS0_11unpack_kindE0EEEEEvPKNS2_5codecIT_E12storage_typeESE_mNS0_12table_bundleEPd' for 'sm_90'
ptxas info    : Function properties for _ZN3aut17format_strategies14dot_map_reduceINS_7storage8fp8_e4m3ENS0_8strategyILNS0_11decode_kindE13ELi4ELNS0_14table_locationE0ELNS0_11unpack_kindE0EEEEEvPKNS2_5codecIT_E12storage_typeESE_mNS0_12table_bundleEPd
    0 bytes stack frame, 0 bytes spill stores, 0 bytes spill loads
ptxas info    : Used 30 registers, used 1 barriers, 80 bytes smem
ptxas info    : Compile time = 5.048 ms
ptxas info    : Compiling entry function '_ZN3aut17format_strategies12decode_codesINS_7storage8fp8_e4m3ENS0_8strategyILNS0_11decode_kindE13ELi4ELNS0_14table_locationE0ELNS0_11unpack_kindE0EEEEEvPKNS2_5codecIT_E12storage_typeEmNS0_12table_bundleEPd' for 'sm_90'
ptxas info    : Function properties for _ZN3aut17format_strategies12decode_codesINS_7storage8fp8_e4m3ENS0_8strategyILNS0_11decode_kindE13ELi4ELNS0_14table_locationE0ELNS0_11unpack_kindE0EEEEEvPKNS2_5codecIT_E12storage_typeEmNS0_12table_bundleEPd
    0 bytes stack frame, 0 bytes spill stores, 0 bytes spill loads
ptxas info    : Used 22 registers, used 0 barriers
ptxas info    : Compile time = 6.832 ms
ptxas info    : Compiling entry function '_ZN3aut17format_strategies4gemvINS_7storage8fp8_e4m3ENS0_8strategyILNS0_11decode_kindE7ELi8ELNS0_14table_locationE1ELNS0_11unpack_kindE0EEEEEvPKNS2_5codecIT_E12storage_typeESE_mmmNS0_12table_bundleEPd' for 'sm_90'
ptxas info    : Function properties for _ZN3aut17format_strategies4gemvINS_7storage8fp8_e4m3ENS0_8strategyILNS0_11decode_kindE7ELi8ELNS0_14table_locationE1ELNS0_11unpack_kindE0EEEEEvPKNS2_5codecIT_E12storage_typeESE_mmmNS0_12table_bundleEPd
    0 bytes stack frame, 0 bytes spill stores, 0 bytes spill loads
ptxas info    : Used 46 registers, used 1 barriers, 80 bytes smem
ptxas info    : Compile time = 12.825 ms
ptxas info    : Compiling entry function '_ZN3aut17format_strategies14dot_map_reduceINS_7storage8fp8_e4m3ENS0_8strategyILNS0_11decode_kindE7ELi8ELNS0_14table_locationE1ELNS0_11unpack_kindE0EEEEEvPKNS2_5codecIT_E12storage_typeESE_mNS0_12table_bundleEPd' for 'sm_90'
ptxas info    : Function properties for _ZN3aut17format_strategies14dot_map_reduceINS_7storage8fp8_e4m3ENS0_8strategyILNS0_11decode_kindE7ELi8ELNS0_14table_locationE1ELNS0_11unpack_kindE0EEEEEvPKNS2_5codecIT_E12storage_typeESE_mNS0_12table_bundleEPd
    0 bytes stack frame, 0 bytes spill stores, 0 bytes spill loads
ptxas info    : Used 44 registers, used 1 barriers, 80 bytes smem
ptxas info    : Compile time = 12.625 ms
ptxas info    : Compiling entry function '_ZN3aut17format_strategies12decode_codesINS_7storage8fp8_e4m3ENS0_8strategyILNS0_11decode_kindE7ELi8ELNS0_14table_locationE1ELNS0_11unpack_kindE0EEEEEvPKNS2_5codecIT_E12storage_typeEmNS0_12table_bundleEPd' for 'sm_90'
ptxas info    : Function properties for _ZN3aut17format_strategies12decode_codesINS_7storage8fp8_e4m3ENS0_8strategyILNS0_11decode_kindE7ELi8ELNS0_14table_locationE1ELNS0_11unpack_kindE0EEEEEvPKNS2_5codecIT_E12storage_typeEmNS0_12table_bundleEPd
    0 bytes stack frame, 0 bytes spill stores, 0 bytes spill loads
ptxas info    : Used 24 registers, used 1 barriers
ptxas info    : Compile time = 9.009 ms
ptxas info    : Compiling entry function '_ZN3aut17format_strategies4gemvINS_7storage8fp8_e4m3ENS0_8strategyILNS0_11decode_kindE6ELi8ELNS0_14table_locationE1ELNS0_11unpack_kindE0EEEEEvPKNS2_5codecIT_E12storage_typeESE_mmmNS0_12table_bundleEPd' for 'sm_90'
ptxas info    : Function properties for _ZN3aut17format_strategies4gemvINS_7storage8fp8_e4m3ENS0_8strategyILNS0_11decode_kindE6ELi8ELNS0_14table_locationE1ELNS0_11unpack_kindE0EEEEEvPKNS2_5codecIT_E12storage_typeESE_mmmNS0_12table_bundleEPd
    0 bytes stack frame, 0 bytes spill stores, 0 bytes spill loads
ptxas info    : Used 36 registers, used 1 barriers, 80 bytes smem
ptxas info    : Compile time = 6.944 ms
ptxas info    : Compiling entry function '_ZN3aut17format_strategies14dot_map_reduceINS_7storage8fp8_e4m3ENS0_8strategyILNS0_11decode_kindE6ELi8ELNS0_14table_locationE1ELNS0_11unpack_kindE0EEEEEvPKNS2_5codecIT_E12storage_typeESE_mNS0_12table_bundleEPd' for 'sm_90'
ptxas info    : Function properties for _ZN3aut17format_strategies14dot_map_reduceINS_7storage8fp8_e4m3ENS0_8strategyILNS0_11decode_kindE6ELi8ELNS0_14table_locationE1ELNS0_11unpack_kindE0EEEEEvPKNS2_5codecIT_E12storage_typeESE_mNS0_12table_bundleEPd
    0 bytes stack frame, 0 bytes spill stores, 0 bytes spill loads
ptxas info    : Used 44 registers, used 1 barriers, 80 bytes smem
ptxas info    : Compile time = 6.838 ms
ptxas info    : Compiling entry function '_ZN3aut17format_strategies12decode_codesINS_7storage8fp8_e4m3ENS0_8strategyILNS0_11decode_kindE6ELi8ELNS0_14table_locationE1ELNS0_11unpack_kindE0EEEEEvPKNS2_5codecIT_E12storage_typeEmNS0_12table_bundleEPd' for 'sm_90'
ptxas info    : Function properties for _ZN3aut17format_strategies12decode_codesINS_7storage8fp8_e4m3ENS0_8strategyILNS0_11decode_kindE6ELi8ELNS0_14table_locationE1ELNS0_11unpack_kindE0EEEEEvPKNS2_5codecIT_E12storage_typeEmNS0_12table_bundleEPd
    0 bytes stack frame, 0 bytes spill stores, 0 bytes spill loads
ptxas info    : Used 24 registers, used 1 barriers
ptxas info    : Compile time = 8.066 ms
ptxas info    : Compiling entry function '_ZN3aut17format_strategies4gemvINS_7storage8fp8_e4m3ENS0_8strategyILNS0_11decode_kindE6ELi4ELNS0_14table_locationE1ELNS0_11unpack_kindE0EEEEEvPKNS2_5codecIT_E12storage_typeESE_mmmNS0_12table_bundleEPd' for 'sm_90'
ptxas info    : Function properties for _ZN3aut17format_strategies4gemvINS_7storage8fp8_e4m3ENS0_8strategyILNS0_11decode_kindE6ELi4ELNS0_14table_locationE1ELNS0_11unpack_kindE0EEEEEvPKNS2_5codecIT_E12storage_typeESE_mmmNS0_12table_bundleEPd
    0 bytes stack frame, 0 bytes spill stores, 0 bytes spill loads
ptxas info    : Used 32 registers, used 1 barriers, 80 bytes smem
ptxas info    : Compile time = 6.018 ms
ptxas info    : Compiling entry function '_ZN3aut17format_strategies14dot_map_reduceINS_7storage8fp8_e4m3ENS0_8strategyILNS0_11decode_kindE6ELi4ELNS0_14table_locationE1ELNS0_11unpack_kindE0EEEEEvPKNS2_5codecIT_E12storage_typeESE_mNS0_12table_bundleEPd' for 'sm_90'
ptxas info    : Function properties for _ZN3aut17format_strategies14dot_map_reduceINS_7storage8fp8_e4m3ENS0_8strategyILNS0_11decode_kindE6ELi4ELNS0_14table_locationE1ELNS0_11unpack_kindE0EEEEEvPKNS2_5codecIT_E12storage_typeESE_mNS0_12table_bundleEPd
    0 bytes stack frame, 0 bytes spill stores, 0 bytes spill loads
ptxas info    : Used 40 registers, used 1 barriers, 80 bytes smem
ptxas info    : Compile time = 5.896 ms
ptxas info    : Compiling entry function '_ZN3aut17format_strategies12decode_codesINS_7storage8fp8_e4m3ENS0_8strategyILNS0_11decode_kindE6ELi4ELNS0_14table_locationE1ELNS0_11unpack_kindE0EEEEEvPKNS2_5codecIT_E12storage_typeEmNS0_12table_bundleEPd' for 'sm_90'
ptxas info    : Function properties for _ZN3aut17format_strategies12decode_codesINS_7storage8fp8_e4m3ENS0_8strategyILNS0_11decode_kindE6ELi4ELNS0_14table_locationE1ELNS0_11unpack_kindE0EEEEEvPKNS2_5codecIT_E12storage_typeEmNS0_12table_bundleEPd
    0 bytes stack frame, 0 bytes spill stores, 0 bytes spill loads
ptxas info    : Used 20 registers, used 1 barriers
ptxas info    : Compile time = 7.413 ms
ptxas info    : Compiling entry function '_ZN3aut17format_strategies4gemvINS_7storage8fp8_e4m3ENS0_8strategyILNS0_11decode_kindE6ELi8ELNS0_14table_locationE0ELNS0_11unpack_kindE0EEEEEvPKNS2_5codecIT_E12storage_typeESE_mmmNS0_12table_bundleEPd' for 'sm_90'
ptxas info    : Function properties for _ZN3aut17format_strategies4gemvINS_7storage8fp8_e4m3ENS0_8strategyILNS0_11decode_kindE6ELi8ELNS0_14table_locationE0ELNS0_11unpack_kindE0EEEEEvPKNS2_5codecIT_E12storage_typeESE_mmmNS0_12table_bundleEPd
    0 bytes stack frame, 0 bytes spill stores, 0 bytes spill loads
ptxas info    : Used 36 registers, used 1 barriers, 80 bytes smem
ptxas info    : Compile time = 6.725 ms
ptxas info    : Compiling entry function '_ZN3aut17format_strategies14dot_map_reduceINS_7storage8fp8_e4m3ENS0_8strategyILNS0_11decode_kindE6ELi8ELNS0_14table_locationE0ELNS0_11unpack_kindE0EEEEEvPKNS2_5codecIT_E12storage_typeESE_mNS0_12table_bundleEPd' for 'sm_90'
ptxas info    : Function properties for _ZN3aut17format_strategies14dot_map_reduceINS_7storage8fp8_e4m3ENS0_8strategyILNS0_11decode_kindE6ELi8ELNS0_14table_locationE0ELNS0_11unpack_kindE0EEEEEvPKNS2_5codecIT_E12storage_typeESE_mNS0_12table_bundleEPd
    0 bytes stack frame, 0 bytes spill stores, 0 bytes spill loads
ptxas info    : Used 42 registers, used 1 barriers, 80 bytes smem
ptxas info    : Compile time = 6.725 ms
ptxas info    : Compiling entry function '_ZN3aut17format_strategies12decode_codesINS_7storage8fp8_e4m3ENS0_8strategyILNS0_11decode_kindE6ELi8ELNS0_14table_locationE0ELNS0_11unpack_kindE0EEEEEvPKNS2_5codecIT_E12storage_typeEmNS0_12table_bundleEPd' for 'sm_90'
ptxas info    : Function properties for _ZN3aut17format_strategies12decode_codesINS_7storage8fp8_e4m3ENS0_8strategyILNS0_11decode_kindE6ELi8ELNS0_14table_locationE0ELNS0_11unpack_kindE0EEEEEvPKNS2_5codecIT_E12storage_typeEmNS0_12table_bundleEPd
    0 bytes stack frame, 0 bytes spill stores, 0 bytes spill loads
ptxas info    : Used 26 registers, used 0 barriers
ptxas info    : Compile time = 7.431 ms
ptxas info    : Compiling entry function '_ZN3aut17format_strategies4gemvINS_7storage8fp8_e4m3ENS0_8strategyILNS0_11decode_kindE6ELi4ELNS0_14table_locationE0ELNS0_11unpack_kindE0EEEEEvPKNS2_5codecIT_E12storage_typeESE_mmmNS0_12table_bundleEPd' for 'sm_90'
ptxas info    : Function properties for _ZN3aut17format_strategies4gemvINS_7storage8fp8_e4m3ENS0_8strategyILNS0_11decode_kindE6ELi4ELNS0_14table_locationE0ELNS0_11unpack_kindE0EEEEEvPKNS2_5codecIT_E12storage_typeESE_mmmNS0_12table_bundleEPd
    0 bytes stack frame, 0 bytes spill stores, 0 bytes spill loads
ptxas info    : Used 32 registers, used 1 barriers, 80 bytes smem
ptxas info    : Compile time = 5.563 ms
ptxas info    : Compiling entry function '_ZN3aut17format_strategies14dot_map_reduceINS_7storage8fp8_e4m3ENS0_8strategyILNS0_11decode_kindE6ELi4ELNS0_14table_locationE0ELNS0_11unpack_kindE0EEEEEvPKNS2_5codecIT_E12storage_typeESE_mNS0_12table_bundleEPd' for 'sm_90'
ptxas info    : Function properties for _ZN3aut17format_strategies14dot_map_reduceINS_7storage8fp8_e4m3ENS0_8strategyILNS0_11decode_kindE6ELi4ELNS0_14table_locationE0ELNS0_11unpack_kindE0EEEEEvPKNS2_5codecIT_E12storage_typeESE_mNS0_12table_bundleEPd
    0 bytes stack frame, 0 bytes spill stores, 0 bytes spill loads
ptxas info    : Used 32 registers, used 1 barriers, 80 bytes smem
ptxas info    : Compile time = 5.568 ms
ptxas info    : Compiling entry function '_ZN3aut17format_strategies12decode_codesINS_7storage8fp8_e4m3ENS0_8strategyILNS0_11decode_kindE6ELi4ELNS0_14table_locationE0ELNS0_11unpack_kindE0EEEEEvPKNS2_5codecIT_E12storage_typeEmNS0_12table_bundleEPd' for 'sm_90'
ptxas info    : Function properties for _ZN3aut17format_strategies12decode_codesINS_7storage8fp8_e4m3ENS0_8strategyILNS0_11decode_kindE6ELi4ELNS0_14table_locationE0ELNS0_11unpack_kindE0EEEEEvPKNS2_5codecIT_E12storage_typeEmNS0_12table_bundleEPd
    0 bytes stack frame, 0 bytes spill stores, 0 bytes spill loads
ptxas info    : Used 22 registers, used 0 barriers
ptxas info    : Compile time = 6.980 ms
ptxas info    : Compiling entry function '_ZN3aut17format_strategies4gemvINS_7storage8fp8_e4m3ENS0_8strategyILNS0_11decode_kindE6ELi1ELNS0_14table_locationE0ELNS0_11unpack_kindE0EEEEEvPKNS2_5codecIT_E12storage_typeESE_mmmNS0_12table_bundleEPd' for 'sm_90'
ptxas info    : Function properties for _ZN3aut17format_strategies4gemvINS_7storage8fp8_e4m3ENS0_8strategyILNS0_11decode_kindE6ELi1ELNS0_14table_locationE0ELNS0_11unpack_kindE0EEEEEvPKNS2_5codecIT_E12storage_typeESE_mmmNS0_12table_bundleEPd
    0 bytes stack frame, 0 bytes spill stores, 0 bytes spill loads
ptxas info    : Used 24 registers, used 1 barriers, 80 bytes smem
ptxas info    : Compile time = 4.336 ms
ptxas info    : Compiling entry function '_ZN3aut17format_strategies14dot_map_reduceINS_7storage8fp8_e4m3ENS0_8strategyILNS0_11decode_kindE6ELi1ELNS0_14table_locationE0ELNS0_11unpack_kindE0EEEEEvPKNS2_5codecIT_E12storage_typeESE_mNS0_12table_bundleEPd' for 'sm_90'
ptxas info    : Function properties for _ZN3aut17format_strategies14dot_map_reduceINS_7storage8fp8_e4m3ENS0_8strategyILNS0_11decode_kindE6ELi1ELNS0_14table_locationE0ELNS0_11unpack_kindE0EEEEEvPKNS2_5codecIT_E12storage_typeESE_mNS0_12table_bundleEPd
    0 bytes stack frame, 0 bytes spill stores, 0 bytes spill loads
ptxas info    : Used 26 registers, used 1 barriers, 80 bytes smem
ptxas info    : Compile time = 4.240 ms
ptxas info    : Compiling entry function '_ZN3aut17format_strategies12decode_codesINS_7storage8fp8_e4m3ENS0_8strategyILNS0_11decode_kindE6ELi1ELNS0_14table_locationE0ELNS0_11unpack_kindE0EEEEEvPKNS2_5codecIT_E12storage_typeEmNS0_12table_bundleEPd' for 'sm_90'
ptxas info    : Function properties for _ZN3aut17format_strategies12decode_codesINS_7storage8fp8_e4m3ENS0_8strategyILNS0_11decode_kindE6ELi1ELNS0_14table_locationE0ELNS0_11unpack_kindE0EEEEEvPKNS2_5codecIT_E12storage_typeEmNS0_12table_bundleEPd
    0 bytes stack frame, 0 bytes spill stores, 0 bytes spill loads
ptxas info    : Used 22 registers, used 0 barriers
ptxas info    : Compile time = 6.630 ms
ptxas info    : Compiling entry function '_ZN3aut17format_strategies4gemvINS_7storage8fp8_e4m3ENS0_8strategyILNS0_11decode_kindE3ELi8ELNS0_14table_locationE0ELNS0_11unpack_kindE0EEEEEvPKNS2_5codecIT_E12storage_typeESE_mmmNS0_12table_bundleEPd' for 'sm_90'
ptxas info    : Function properties for _ZN3aut17format_strategies4gemvINS_7storage8fp8_e4m3ENS0_8strategyILNS0_11decode_kindE3ELi8ELNS0_14table_locationE0ELNS0_11unpack_kindE0EEEEEvPKNS2_5codecIT_E12storage_typeESE_mmmNS0_12table_bundleEPd
    0 bytes stack frame, 0 bytes spill stores, 0 bytes spill loads
ptxas info    : Used 48 registers, used 1 barriers, 80 bytes smem
ptxas info    : Compile time = 14.361 ms
ptxas info    : Compiling entry function '_ZN3aut17format_strategies14dot_map_reduceINS_7storage8fp8_e4m3ENS0_8strategyILNS0_11decode_kindE3ELi8ELNS0_14table_locationE0ELNS0_11unpack_kindE0EEEEEvPKNS2_5codecIT_E12storage_typeESE_mNS0_12table_bundleEPd' for 'sm_90'
ptxas info    : Function properties for _ZN3aut17format_strategies14dot_map_reduceINS_7storage8fp8_e4m3ENS0_8strategyILNS0_11decode_kindE3ELi8ELNS0_14table_locationE0ELNS0_11unpack_kindE0EEEEEvPKNS2_5codecIT_E12storage_typeESE_mNS0_12table_bundleEPd
    0 bytes stack frame, 0 bytes spill stores, 0 bytes spill loads
ptxas info    : Used 56 registers, used 1 barriers, 80 bytes smem
ptxas info    : Compile time = 14.376 ms
ptxas info    : Compiling entry function '_ZN3aut17format_strategies12decode_codesINS_7storage8fp8_e4m3ENS0_8strategyILNS0_11decode_kindE3ELi8ELNS0_14table_locationE0ELNS0_11unpack_kindE0EEEEEvPKNS2_5codecIT_E12storage_typeEmNS0_12table_bundleEPd' for 'sm_90'
ptxas info    : Function properties for _ZN3aut17format_strategies12decode_codesINS_7storage8fp8_e4m3ENS0_8strategyILNS0_11decode_kindE3ELi8ELNS0_14table_locationE0ELNS0_11unpack_kindE0EEEEEvPKNS2_5codecIT_E12storage_typeEmNS0_12table_bundleEPd
    0 bytes stack frame, 0 bytes spill stores, 0 bytes spill loads
ptxas info    : Used 28 registers, used 0 barriers
ptxas info    : Compile time = 9.867 ms
ptxas info    : Compiling entry function '_ZN3aut17format_strategies4gemvINS_7storage8fp8_e4m3ENS0_8strategyILNS0_11decode_kindE3ELi4ELNS0_14table_locationE0ELNS0_11unpack_kindE0EEEEEvPKNS2_5codecIT_E12storage_typeESE_mmmNS0_12table_bundleEPd' for 'sm_90'
ptxas info    : Function properties for _ZN3aut17format_strategies4gemvINS_7storage8fp8_e4m3ENS0_8strategyILNS0_11decode_kindE3ELi4ELNS0_14table_locationE0ELNS0_11unpack_kindE0EEEEEvPKNS2_5codecIT_E12storage_typeESE_mmmNS0_12table_bundleEPd
    0 bytes stack frame, 0 bytes spill stores, 0 bytes spill loads
ptxas info    : Used 31 registers, used 1 barriers, 80 bytes smem
ptxas info    : Compile time = 9.757 ms
ptxas info    : Compiling entry function '_ZN3aut17format_strategies14dot_map_reduceINS_7storage8fp8_e4m3ENS0_8strategyILNS0_11decode_kindE3ELi4ELNS0_14table_locationE0ELNS0_11unpack_kindE0EEEEEvPKNS2_5codecIT_E12storage_typeESE_mNS0_12table_bundleEPd' for 'sm_90'
ptxas info    : Function properties for _ZN3aut17format_strategies14dot_map_reduceINS_7storage8fp8_e4m3ENS0_8strategyILNS0_11decode_kindE3ELi4ELNS0_14table_locationE0ELNS0_11unpack_kindE0EEEEEvPKNS2_5codecIT_E12storage_typeESE_mNS0_12table_bundleEPd
    0 bytes stack frame, 0 bytes spill stores, 0 bytes spill loads
ptxas info    : Used 32 registers, used 1 barriers, 80 bytes smem
ptxas info    : Compile time = 9.590 ms
ptxas info    : Compiling entry function '_ZN3aut17format_strategies12decode_codesINS_7storage8fp8_e4m3ENS0_8strategyILNS0_11decode_kindE3ELi4ELNS0_14table_locationE0ELNS0_11unpack_kindE0EEEEEvPKNS2_5codecIT_E12storage_typeEmNS0_12table_bundleEPd' for 'sm_90'
ptxas info    : Function properties for _ZN3aut17format_strategies12decode_codesINS_7storage8fp8_e4m3ENS0_8strategyILNS0_11decode_kindE3ELi4ELNS0_14table_locationE0ELNS0_11unpack_kindE0EEEEEvPKNS2_5codecIT_E12storage_typeEmNS0_12table_bundleEPd
    0 bytes stack frame, 0 bytes spill stores, 0 bytes spill loads
ptxas info    : Used 17 registers, used 0 barriers
ptxas info    : Compile time = 7.962 ms
ptxas info    : Compiling entry function '_ZN3aut17format_strategies4gemvINS_7storage8fp8_e4m3ENS0_8strategyILNS0_11decode_kindE3ELi1ELNS0_14table_locationE0ELNS0_11unpack_kindE0EEEEEvPKNS2_5codecIT_E12storage_typeESE_mmmNS0_12table_bundleEPd' for 'sm_90'
ptxas info    : Function properties for _ZN3aut17format_strategies4gemvINS_7storage8fp8_e4m3ENS0_8strategyILNS0_11decode_kindE3ELi1ELNS0_14table_locationE0ELNS0_11unpack_kindE0EEEEEvPKNS2_5codecIT_E12storage_typeESE_mmmNS0_12table_bundleEPd
    0 bytes stack frame, 0 bytes spill stores, 0 bytes spill loads
ptxas info    : Used 20 registers, used 1 barriers, 80 bytes smem
ptxas info    : Compile time = 6.456 ms
ptxas info    : Compiling entry function '_ZN3aut17format_strategies14dot_map_reduceINS_7storage8fp8_e4m3ENS0_8strategyILNS0_11decode_kindE3ELi1ELNS0_14table_locationE0ELNS0_11unpack_kindE0EEEEEvPKNS2_5codecIT_E12storage_typeESE_mNS0_12table_bundleEPd' for 'sm_90'
ptxas info    : Function properties for _ZN3aut17format_strategies14dot_map_reduceINS_7storage8fp8_e4m3ENS0_8strategyILNS0_11decode_kindE3ELi1ELNS0_14table_locationE0ELNS0_11unpack_kindE0EEEEEvPKNS2_5codecIT_E12storage_typeESE_mNS0_12table_bundleEPd
    0 bytes stack frame, 0 bytes spill stores, 0 bytes spill loads
ptxas info    : Used 24 registers, used 1 barriers, 80 bytes smem
ptxas info    : Compile time = 6.251 ms
ptxas info    : Compiling entry function '_ZN3aut17format_strategies12decode_codesINS_7storage8fp8_e4m3ENS0_8strategyILNS0_11decode_kindE3ELi1ELNS0_14table_locationE0ELNS0_11unpack_kindE0EEEEEvPKNS2_5codecIT_E12storage_typeEmNS0_12table_bundleEPd' for 'sm_90'
ptxas info    : Function properties for _ZN3aut17format_strategies12decode_codesINS_7storage8fp8_e4m3ENS0_8strategyILNS0_11decode_kindE3ELi1ELNS0_14table_locationE0ELNS0_11unpack_kindE0EEEEEvPKNS2_5codecIT_E12storage_typeEmNS0_12table_bundleEPd
    0 bytes stack frame, 0 bytes spill stores, 0 bytes spill loads
ptxas info    : Used 16 registers, used 0 barriers
ptxas info    : Compile time = 6.433 ms
ptxas info    : Compiling entry function '_ZN3aut17format_strategies4gemvINS_7storage8fp8_e4m3ENS0_8strategyILNS0_11decode_kindE2ELi8ELNS0_14table_locationE0ELNS0_11unpack_kindE0EEEEEvPKNS2_5codecIT_E12storage_typeESE_mmmNS0_12table_bundleEPd' for 'sm_90'
ptxas info    : Function properties for _ZN3aut17format_strategies4gemvINS_7storage8fp8_e4m3ENS0_8strategyILNS0_11decode_kindE2ELi8ELNS0_14table_locationE0ELNS0_11unpack_kindE0EEEEEvPKNS2_5codecIT_E12storage_typeESE_mmmNS0_12table_bundleEPd
    0 bytes stack frame, 0 bytes spill stores, 0 bytes spill loads
ptxas info    : Used 42 registers, used 1 barriers, 80 bytes smem
ptxas info    : Compile time = 18.046 ms
ptxas info    : Compiling entry function '_ZN3aut17format_strategies14dot_map_reduceINS_7storage8fp8_e4m3ENS0_8strategyILNS0_11decode_kindE2ELi8ELNS0_14table_locationE0ELNS0_11unpack_kindE0EEEEEvPKNS2_5codecIT_E12storage_typeESE_mNS0_12table_bundleEPd' for 'sm_90'
ptxas info    : Function properties for _ZN3aut17format_strategies14dot_map_reduceINS_7storage8fp8_e4m3ENS0_8strategyILNS0_11decode_kindE2ELi8ELNS0_14table_locationE0ELNS0_11unpack_kindE0EEEEEvPKNS2_5codecIT_E12storage_typeESE_mNS0_12table_bundleEPd
    0 bytes stack frame, 0 bytes spill stores, 0 bytes spill loads
ptxas info    : Used 38 registers, used 1 barriers, 80 bytes smem
ptxas info    : Compile time = 16.805 ms
ptxas info    : Compiling entry function '_ZN3aut17format_strategies12decode_codesINS_7storage8fp8_e4m3ENS0_8strategyILNS0_11decode_kindE2ELi8ELNS0_14table_locationE0ELNS0_11unpack_kindE0EEEEEvPKNS2_5codecIT_E12storage_typeEmNS0_12table_bundleEPd' for 'sm_90'
ptxas info    : Function properties for _ZN3aut17format_strategies12decode_codesINS_7storage8fp8_e4m3ENS0_8strategyILNS0_11decode_kindE2ELi8ELNS0_14table_locationE0ELNS0_11unpack_kindE0EEEEEvPKNS2_5codecIT_E12storage_typeEmNS0_12table_bundleEPd
    0 bytes stack frame, 0 bytes spill stores, 0 bytes spill loads
ptxas info    : Used 32 registers, used 0 barriers
ptxas info    : Compile time = 11.767 ms
ptxas info    : Compiling entry function '_ZN3aut17format_strategies4gemvINS_7storage8fp8_e4m3ENS0_8strategyILNS0_11decode_kindE2ELi4ELNS0_14table_locationE0ELNS0_11unpack_kindE0EEEEEvPKNS2_5codecIT_E12storage_typeESE_mmmNS0_12table_bundleEPd' for 'sm_90'
ptxas info    : Function properties for _ZN3aut17format_strategies4gemvINS_7storage8fp8_e4m3ENS0_8strategyILNS0_11decode_kindE2ELi4ELNS0_14table_locationE0ELNS0_11unpack_kindE0EEEEEvPKNS2_5codecIT_E12storage_typeESE_mmmNS0_12table_bundleEPd
    0 bytes stack frame, 0 bytes spill stores, 0 bytes spill loads
ptxas info    : Used 32 registers, used 1 barriers, 80 bytes smem
ptxas info    : Compile time = 11.328 ms
ptxas info    : Compiling entry function '_ZN3aut17format_strategies14dot_map_reduceINS_7storage8fp8_e4m3ENS0_8strategyILNS0_11decode_kindE2ELi4ELNS0_14table_locationE0ELNS0_11unpack_kindE0EEEEEvPKNS2_5codecIT_E12storage_typeESE_mNS0_12table_bundleEPd' for 'sm_90'
ptxas info    : Function properties for _ZN3aut17format_strategies14dot_map_reduceINS_7storage8fp8_e4m3ENS0_8strategyILNS0_11decode_kindE2ELi4ELNS0_14table_locationE0ELNS0_11unpack_kindE0EEEEEvPKNS2_5codecIT_E12storage_typeESE_mNS0_12table_bundleEPd
    0 bytes stack frame, 0 bytes spill stores, 0 bytes spill loads
ptxas info    : Used 32 registers, used 1 barriers, 80 bytes smem
ptxas info    : Compile time = 11.312 ms
ptxas info    : Compiling entry function '_ZN3aut17format_strategies12decode_codesINS_7storage8fp8_e4m3ENS0_8strategyILNS0_11decode_kindE2ELi4ELNS0_14table_locationE0ELNS0_11unpack_kindE0EEEEEvPKNS2_5codecIT_E12storage_typeEmNS0_12table_bundleEPd' for 'sm_90'
ptxas info    : Function properties for _ZN3aut17format_strategies12decode_codesINS_7storage8fp8_e4m3ENS0_8strategyILNS0_11decode_kindE2ELi4ELNS0_14table_locationE0ELNS0_11unpack_kindE0EEEEEvPKNS2_5codecIT_E12storage_typeEmNS0_12table_bundleEPd
    0 bytes stack frame, 0 bytes spill stores, 0 bytes spill loads
ptxas info    : Used 29 registers, used 0 barriers
ptxas info    : Compile time = 9.200 ms
ptxas info    : Compiling entry function '_ZN3aut17format_strategies4gemvINS_7storage8fp8_e4m3ENS0_8strategyILNS0_11decode_kindE2ELi1ELNS0_14table_locationE0ELNS0_11unpack_kindE0EEEEEvPKNS2_5codecIT_E12storage_typeESE_mmmNS0_12table_bundleEPd' for 'sm_90'
ptxas info    : Function properties for _ZN3aut17format_strategies4gemvINS_7storage8fp8_e4m3ENS0_8strategyILNS0_11decode_kindE2ELi1ELNS0_14table_locationE0ELNS0_11unpack_kindE0EEEEEvPKNS2_5codecIT_E12storage_typeESE_mmmNS0_12table_bundleEPd
    0 bytes stack frame, 0 bytes spill stores, 0 bytes spill loads
ptxas info    : Used 25 registers, used 1 barriers, 80 bytes smem
ptxas info    : Compile time = 7.053 ms
ptxas info    : Compiling entry function '_ZN3aut17format_strategies14dot_map_reduceINS_7storage8fp8_e4m3ENS0_8strategyILNS0_11decode_kindE2ELi1ELNS0_14table_locationE0ELNS0_11unpack_kindE0EEEEEvPKNS2_5codecIT_E12storage_typeESE_mNS0_12table_bundleEPd' for 'sm_90'
ptxas info    : Function properties for _ZN3aut17format_strategies14dot_map_reduceINS_7storage8fp8_e4m3ENS0_8strategyILNS0_11decode_kindE2ELi1ELNS0_14table_locationE0ELNS0_11unpack_kindE0EEEEEvPKNS2_5codecIT_E12storage_typeESE_mNS0_12table_bundleEPd
    0 bytes stack frame, 0 bytes spill stores, 0 bytes spill loads
ptxas info    : Used 29 registers, used 1 barriers, 80 bytes smem
ptxas info    : Compile time = 6.845 ms
ptxas info    : Compiling entry function '_ZN3aut17format_strategies12decode_codesINS_7storage8fp8_e4m3ENS0_8strategyILNS0_11decode_kindE2ELi1ELNS0_14table_locationE0ELNS0_11unpack_kindE0EEEEEvPKNS2_5codecIT_E12storage_typeEmNS0_12table_bundleEPd' for 'sm_90'
ptxas info    : Function properties for _ZN3aut17format_strategies12decode_codesINS_7storage8fp8_e4m3ENS0_8strategyILNS0_11decode_kindE2ELi1ELNS0_14table_locationE0ELNS0_11unpack_kindE0EEEEEvPKNS2_5codecIT_E12storage_typeEmNS0_12table_bundleEPd
    0 bytes stack frame, 0 bytes spill stores, 0 bytes spill loads
ptxas info    : Used 23 registers, used 0 barriers
ptxas info    : Compile time = 7.297 ms
ptxas info    : Compiling entry function '_ZN3aut17format_strategies4gemvINS_7storage8fp8_e4m3ENS0_8strategyILNS0_11decode_kindE1ELi8ELNS0_14table_locationE0ELNS0_11unpack_kindE0EEEEEvPKNS2_5codecIT_E12storage_typeESE_mmmNS0_12table_bundleEPd' for 'sm_90'
ptxas info    : Function properties for _ZN3aut17format_strategies4gemvINS_7storage8fp8_e4m3ENS0_8strategyILNS0_11decode_kindE1ELi8ELNS0_14table_locationE0ELNS0_11unpack_kindE0EEEEEvPKNS2_5codecIT_E12storage_typeESE_mmmNS0_12table_bundleEPd
    0 bytes stack frame, 0 bytes spill stores, 0 bytes spill loads
ptxas info    : Used 61 registers, used 1 barriers, 80 bytes smem
ptxas info    : Compile time = 16.816 ms
ptxas info    : Compiling entry function '_ZN3aut17format_strategies14dot_map_reduceINS_7storage8fp8_e4m3ENS0_8strategyILNS0_11decode_kindE1ELi8ELNS0_14table_locationE0ELNS0_11unpack_kindE0EEEEEvPKNS2_5codecIT_E12storage_typeESE_mNS0_12table_bundleEPd' for 'sm_90'
ptxas info    : Function properties for _ZN3aut17format_strategies14dot_map_reduceINS_7storage8fp8_e4m3ENS0_8strategyILNS0_11decode_kindE1ELi8ELNS0_14table_locationE0ELNS0_11unpack_kindE0EEEEEvPKNS2_5codecIT_E12storage_typeESE_mNS0_12table_bundleEPd
    0 bytes stack frame, 0 bytes spill stores, 0 bytes spill loads
ptxas info    : Used 61 registers, used 1 barriers, 80 bytes smem
ptxas info    : Compile time = 16.213 ms
ptxas info    : Compiling entry function '_ZN3aut17format_strategies12decode_codesINS_7storage8fp8_e4m3ENS0_8strategyILNS0_11decode_kindE1ELi8ELNS0_14table_locationE0ELNS0_11unpack_kindE0EEEEEvPKNS2_5codecIT_E12storage_typeEmNS0_12table_bundleEPd' for 'sm_90'
ptxas info    : Function properties for _ZN3aut17format_strategies12decode_codesINS_7storage8fp8_e4m3ENS0_8strategyILNS0_11decode_kindE1ELi8ELNS0_14table_locationE0ELNS0_11unpack_kindE0EEEEEvPKNS2_5codecIT_E12storage_typeEmNS0_12table_bundleEPd
    0 bytes stack frame, 0 bytes spill stores, 0 bytes spill loads
ptxas info    : Used 29 registers, used 0 barriers
ptxas info    : Compile time = 11.393 ms
ptxas info    : Compiling entry function '_ZN3aut17format_strategies4gemvINS_7storage8fp8_e4m3ENS0_8strategyILNS0_11decode_kindE1ELi4ELNS0_14table_locationE0ELNS0_11unpack_kindE0EEEEEvPKNS2_5codecIT_E12storage_typeESE_mmmNS0_12table_bundleEPd' for 'sm_90'
ptxas info    : Function properties for _ZN3aut17format_strategies4gemvINS_7storage8fp8_e4m3ENS0_8strategyILNS0_11decode_kindE1ELi4ELNS0_14table_locationE0ELNS0_11unpack_kindE0EEEEEvPKNS2_5codecIT_E12storage_typeESE_mmmNS0_12table_bundleEPd
    0 bytes stack frame, 0 bytes spill stores, 0 bytes spill loads
ptxas info    : Used 38 registers, used 1 barriers, 80 bytes smem
ptxas info    : Compile time = 11.141 ms
ptxas info    : Compiling entry function '_ZN3aut17format_strategies14dot_map_reduceINS_7storage8fp8_e4m3ENS0_8strategyILNS0_11decode_kindE1ELi4ELNS0_14table_locationE0ELNS0_11unpack_kindE0EEEEEvPKNS2_5codecIT_E12storage_typeESE_mNS0_12table_bundleEPd' for 'sm_90'
ptxas info    : Function properties for _ZN3aut17format_strategies14dot_map_reduceINS_7storage8fp8_e4m3ENS0_8strategyILNS0_11decode_kindE1ELi4ELNS0_14table_locationE0ELNS0_11unpack_kindE0EEEEEvPKNS2_5codecIT_E12storage_typeESE_mNS0_12table_bundleEPd
    0 bytes stack frame, 0 bytes spill stores, 0 bytes spill loads
ptxas info    : Used 40 registers, used 1 barriers, 80 bytes smem
ptxas info    : Compile time = 11.007 ms
ptxas info    : Compiling entry function '_ZN3aut17format_strategies12decode_codesINS_7storage8fp8_e4m3ENS0_8strategyILNS0_11decode_kindE1ELi4ELNS0_14table_locationE0ELNS0_11unpack_kindE0EEEEEvPKNS2_5codecIT_E12storage_typeEmNS0_12table_bundleEPd' for 'sm_90'
ptxas info    : Function properties for _ZN3aut17format_strategies12decode_codesINS_7storage8fp8_e4m3ENS0_8strategyILNS0_11decode_kindE1ELi4ELNS0_14table_locationE0ELNS0_11unpack_kindE0EEEEEvPKNS2_5codecIT_E12storage_typeEmNS0_12table_bundleEPd
    0 bytes stack frame, 0 bytes spill stores, 0 bytes spill loads
ptxas info    : Used 21 registers, used 0 barriers
ptxas info    : Compile time = 9.128 ms
ptxas info    : Compiling entry function '_ZN3aut17format_strategies4gemvINS_7storage8fp8_e4m3ENS0_8strategyILNS0_11decode_kindE1ELi1ELNS0_14table_locationE0ELNS0_11unpack_kindE0EEEEEvPKNS2_5codecIT_E12storage_typeESE_mmmNS0_12table_bundleEPd' for 'sm_90'
ptxas info    : Function properties for _ZN3aut17format_strategies4gemvINS_7storage8fp8_e4m3ENS0_8strategyILNS0_11decode_kindE1ELi1ELNS0_14table_locationE0ELNS0_11unpack_kindE0EEEEEvPKNS2_5codecIT_E12storage_typeESE_mmmNS0_12table_bundleEPd
    0 bytes stack frame, 0 bytes spill stores, 0 bytes spill loads
ptxas info    : Used 21 registers, used 1 barriers, 80 bytes smem
ptxas info    : Compile time = 7.118 ms
ptxas info    : Compiling entry function '_ZN3aut17format_strategies14dot_map_reduceINS_7storage8fp8_e4m3ENS0_8strategyILNS0_11decode_kindE1ELi1ELNS0_14table_locationE0ELNS0_11unpack_kindE0EEEEEvPKNS2_5codecIT_E12storage_typeESE_mNS0_12table_bundleEPd' for 'sm_90'
ptxas info    : Function properties for _ZN3aut17format_strategies14dot_map_reduceINS_7storage8fp8_e4m3ENS0_8strategyILNS0_11decode_kindE1ELi1ELNS0_14table_locationE0ELNS0_11unpack_kindE0EEEEEvPKNS2_5codecIT_E12storage_typeESE_mNS0_12table_bundleEPd
    0 bytes stack frame, 0 bytes spill stores, 0 bytes spill loads
ptxas info    : Used 26 registers, used 1 barriers, 80 bytes smem
ptxas info    : Compile time = 6.863 ms
ptxas info    : Compiling entry function '_ZN3aut17format_strategies12decode_codesINS_7storage8fp8_e4m3ENS0_8strategyILNS0_11decode_kindE1ELi1ELNS0_14table_locationE0ELNS0_11unpack_kindE0EEEEEvPKNS2_5codecIT_E12storage_typeEmNS0_12table_bundleEPd' for 'sm_90'
ptxas info    : Function properties for _ZN3aut17format_strategies12decode_codesINS_7storage8fp8_e4m3ENS0_8strategyILNS0_11decode_kindE1ELi1ELNS0_14table_locationE0ELNS0_11unpack_kindE0EEEEEvPKNS2_5codecIT_E12storage_typeEmNS0_12table_bundleEPd
    0 bytes stack frame, 0 bytes spill stores, 0 bytes spill loads
ptxas info    : Used 20 registers, used 0 barriers
ptxas info    : Compile time = 7.267 ms
ptxas info    : Compiling entry function '_ZN3aut17format_strategies4gemvINS_7storage8fp8_e4m3ENS0_8strategyILNS0_11decode_kindE12ELi8ELNS0_14table_locationE0ELNS0_11unpack_kindE0EEEEEvPKNS2_5codecIT_E12storage_typeESE_mmmNS0_12table_bundleEPd' for 'sm_90'
ptxas info    : Function properties for _ZN3aut17format_strategies4gemvINS_7storage8fp8_e4m3ENS0_8strategyILNS0_11decode_kindE12ELi8ELNS0_14table_locationE0ELNS0_11unpack_kindE0EEEEEvPKNS2_5codecIT_E12storage_typeESE_mmmNS0_12table_bundleEPd
    0 bytes stack frame, 0 bytes spill stores, 0 bytes spill loads
ptxas info    : Used 32 registers, used 1 barriers, 80 bytes smem
ptxas info    : Compile time = 5.785 ms
ptxas info    : Compiling entry function '_ZN3aut17format_strategies14dot_map_reduceINS_7storage8fp8_e4m3ENS0_8strategyILNS0_11decode_kindE12ELi8ELNS0_14table_locationE0ELNS0_11unpack_kindE0EEEEEvPKNS2_5codecIT_E12storage_typeESE_mNS0_12table_bundleEPd' for 'sm_90'
ptxas info    : Function properties for _ZN3aut17format_strategies14dot_map_reduceINS_7storage8fp8_e4m3ENS0_8strategyILNS0_11decode_kindE12ELi8ELNS0_14table_locationE0ELNS0_11unpack_kindE0EEEEEvPKNS2_5codecIT_E12storage_typeESE_mNS0_12table_bundleEPd
    0 bytes stack frame, 0 bytes spill stores, 0 bytes spill loads
ptxas info    : Used 40 registers, used 1 barriers, 80 bytes smem
ptxas info    : Compile time = 5.719 ms
ptxas info    : Compiling entry function '_ZN3aut17format_strategies12decode_codesINS_7storage8fp8_e4m3ENS0_8strategyILNS0_11decode_kindE12ELi8ELNS0_14table_locationE0ELNS0_11unpack_kindE0EEEEEvPKNS2_5codecIT_E12storage_typeEmNS0_12table_bundleEPd' for 'sm_90'
ptxas info    : Function properties for _ZN3aut17format_strategies12decode_codesINS_7storage8fp8_e4m3ENS0_8strategyILNS0_11decode_kindE12ELi8ELNS0_14table_locationE0ELNS0_11unpack_kindE0EEEEEvPKNS2_5codecIT_E12storage_typeEmNS0_12table_bundleEPd
    0 bytes stack frame, 0 bytes spill stores, 0 bytes spill loads
ptxas info    : Used 22 registers, used 0 barriers
ptxas info    : Compile time = 6.825 ms
ptxas info    : Compiling entry function '_ZN3aut17format_strategies4gemvINS_7storage8fp8_e4m3ENS0_8strategyILNS0_11decode_kindE12ELi4ELNS0_14table_locationE0ELNS0_11unpack_kindE0EEEEEvPKNS2_5codecIT_E12storage_typeESE_mmmNS0_12table_bundleEPd' for 'sm_90'
ptxas info    : Function properties for _ZN3aut17format_strategies4gemvINS_7storage8fp8_e4m3ENS0_8strategyILNS0_11decode_kindE12ELi4ELNS0_14table_locationE0ELNS0_11unpack_kindE0EEEEEvPKNS2_5codecIT_E12storage_typeESE_mmmNS0_12table_bundleEPd
    0 bytes stack frame, 0 bytes spill stores, 0 bytes spill loads
ptxas info    : Used 28 registers, used 1 barriers, 80 bytes smem
ptxas info    : Compile time = 5.032 ms
ptxas info    : Compiling entry function '_ZN3aut17format_strategies14dot_map_reduceINS_7storage8fp8_e4m3ENS0_8strategyILNS0_11decode_kindE12ELi4ELNS0_14table_locationE0ELNS0_11unpack_kindE0EEEEEvPKNS2_5codecIT_E12storage_typeESE_mNS0_12table_bundleEPd' for 'sm_90'
ptxas info    : Function properties for _ZN3aut17format_strategies14dot_map_reduceINS_7storage8fp8_e4m3ENS0_8strategyILNS0_11decode_kindE12ELi4ELNS0_14table_locationE0ELNS0_11unpack_kindE0EEEEEvPKNS2_5codecIT_E12storage_typeESE_mNS0_12table_bundleEPd
    0 bytes stack frame, 0 bytes spill stores, 0 bytes spill loads
ptxas info    : Used 32 registers, used 1 barriers, 80 bytes smem
ptxas info    : Compile time = 5.018 ms
ptxas info    : Compiling entry function '_ZN3aut17format_strategies12decode_codesINS_7storage8fp8_e4m3ENS0_8strategyILNS0_11decode_kindE12ELi4ELNS0_14table_locationE0ELNS0_11unpack_kindE0EEEEEvPKNS2_5codecIT_E12storage_typeEmNS0_12table_bundleEPd' for 'sm_90'
ptxas info    : Function properties for _ZN3aut17format_strategies12decode_codesINS_7storage8fp8_e4m3ENS0_8strategyILNS0_11decode_kindE12ELi4ELNS0_14table_locationE0ELNS0_11unpack_kindE0EEEEEvPKNS2_5codecIT_E12storage_typeEmNS0_12table_bundleEPd
    0 bytes stack frame, 0 bytes spill stores, 0 bytes spill loads
ptxas info    : Used 20 registers, used 0 barriers
ptxas info    : Compile time = 6.552 ms
ptxas info    : Compiling entry function '_ZN3aut17format_strategies4gemvINS_7storage8fp8_e4m3ENS0_8strategyILNS0_11decode_kindE12ELi2ELNS0_14table_locationE0ELNS0_11unpack_kindE0EEEEEvPKNS2_5codecIT_E12storage_typeESE_mmmNS0_12table_bundleEPd' for 'sm_90'
ptxas info    : Function properties for _ZN3aut17format_strategies4gemvINS_7storage8fp8_e4m3ENS0_8strategyILNS0_11decode_kindE12ELi2ELNS0_14table_locationE0ELNS0_11unpack_kindE0EEEEEvPKNS2_5codecIT_E12storage_typeESE_mmmNS0_12table_bundleEPd
    0 bytes stack frame, 0 bytes spill stores, 0 bytes spill loads
ptxas info    : Used 25 registers, used 1 barriers, 80 bytes smem
ptxas info    : Compile time = 4.642 ms
ptxas info    : Compiling entry function '_ZN3aut17format_strategies14dot_map_reduceINS_7storage8fp8_e4m3ENS0_8strategyILNS0_11decode_kindE12ELi2ELNS0_14table_locationE0ELNS0_11unpack_kindE0EEEEEvPKNS2_5codecIT_E12storage_typeESE_mNS0_12table_bundleEPd' for 'sm_90'
ptxas info    : Function properties for _ZN3aut17format_strategies14dot_map_reduceINS_7storage8fp8_e4m3ENS0_8strategyILNS0_11decode_kindE12ELi2ELNS0_14table_locationE0ELNS0_11unpack_kindE0EEEEEvPKNS2_5codecIT_E12storage_typeESE_mNS0_12table_bundleEPd
    0 bytes stack frame, 0 bytes spill stores, 0 bytes spill loads
ptxas info    : Used 26 registers, used 1 barriers, 80 bytes smem
ptxas info    : Compile time = 4.511 ms
ptxas info    : Compiling entry function '_ZN3aut17format_strategies12decode_codesINS_7storage8fp8_e4m3ENS0_8strategyILNS0_11decode_kindE12ELi2ELNS0_14table_locationE0ELNS0_11unpack_kindE0EEEEEvPKNS2_5codecIT_E12storage_typeEmNS0_12table_bundleEPd' for 'sm_90'
ptxas info    : Function properties for _ZN3aut17format_strategies12decode_codesINS_7storage8fp8_e4m3ENS0_8strategyILNS0_11decode_kindE12ELi2ELNS0_14table_locationE0ELNS0_11unpack_kindE0EEEEEvPKNS2_5codecIT_E12storage_typeEmNS0_12table_bundleEPd
    0 bytes stack frame, 0 bytes spill stores, 0 bytes spill loads
ptxas info    : Used 20 registers, used 0 barriers
ptxas info    : Compile time = 6.454 ms
ptxas info    : Compiling entry function '_ZN3aut17format_strategies4gemvINS_7storage8fp8_e4m3ENS0_8strategyILNS0_11decode_kindE11ELi8ELNS0_14table_locationE0ELNS0_11unpack_kindE0EEEEEvPKNS2_5codecIT_E12storage_typeESE_mmmNS0_12table_bundleEPd' for 'sm_90'
ptxas info    : Function properties for _ZN3aut17format_strategies4gemvINS_7storage8fp8_e4m3ENS0_8strategyILNS0_11decode_kindE11ELi8ELNS0_14table_locationE0ELNS0_11unpack_kindE0EEEEEvPKNS2_5codecIT_E12storage_typeESE_mmmNS0_12table_bundleEPd
    0 bytes stack frame, 0 bytes spill stores, 0 bytes spill loads
ptxas info    : Used 32 registers, used 1 barriers, 80 bytes smem
ptxas info    : Compile time = 5.754 ms
ptxas info    : Compiling entry function '_ZN3aut17format_strategies14dot_map_reduceINS_7storage8fp8_e4m3ENS0_8strategyILNS0_11decode_kindE11ELi8ELNS0_14table_locationE0ELNS0_11unpack_kindE0EEEEEvPKNS2_5codecIT_E12storage_typeESE_mNS0_12table_bundleEPd' for 'sm_90'
ptxas info    : Function properties for _ZN3aut17format_strategies14dot_map_reduceINS_7storage8fp8_e4m3ENS0_8strategyILNS0_11decode_kindE11ELi8ELNS0_14table_locationE0ELNS0_11unpack_kindE0EEEEEvPKNS2_5codecIT_E12storage_typeESE_mNS0_12table_bundleEPd
    0 bytes stack frame, 0 bytes spill stores, 0 bytes spill loads
ptxas info    : Used 40 registers, used 1 barriers, 80 bytes smem
ptxas info    : Compile time = 5.684 ms
ptxas info    : Compiling entry function '_ZN3aut17format_strategies12decode_codesINS_7storage8fp8_e4m3ENS0_8strategyILNS0_11decode_kindE11ELi8ELNS0_14table_locationE0ELNS0_11unpack_kindE0EEEEEvPKNS2_5codecIT_E12storage_typeEmNS0_12table_bundleEPd' for 'sm_90'
ptxas info    : Function properties for _ZN3aut17format_strategies12decode_codesINS_7storage8fp8_e4m3ENS0_8strategyILNS0_11decode_kindE11ELi8ELNS0_14table_locationE0ELNS0_11unpack_kindE0EEEEEvPKNS2_5codecIT_E12storage_typeEmNS0_12table_bundleEPd
    0 bytes stack frame, 0 bytes spill stores, 0 bytes spill loads
ptxas info    : Used 22 registers, used 0 barriers
ptxas info    : Compile time = 6.825 ms
ptxas info    : Compiling entry function '_ZN3aut17format_strategies4gemvINS_7storage8fp8_e4m3ENS0_8strategyILNS0_11decode_kindE11ELi4ELNS0_14table_locationE0ELNS0_11unpack_kindE0EEEEEvPKNS2_5codecIT_E12storage_typeESE_mmmNS0_12table_bundleEPd' for 'sm_90'
ptxas info    : Function properties for _ZN3aut17format_strategies4gemvINS_7storage8fp8_e4m3ENS0_8strategyILNS0_11decode_kindE11ELi4ELNS0_14table_locationE0ELNS0_11unpack_kindE0EEEEEvPKNS2_5codecIT_E12storage_typeESE_mmmNS0_12table_bundleEPd
    0 bytes stack frame, 0 bytes spill stores, 0 bytes spill loads
ptxas info    : Used 28 registers, used 1 barriers, 80 bytes smem
ptxas info    : Compile time = 5.029 ms
ptxas info    : Compiling entry function '_ZN3aut17format_strategies14dot_map_reduceINS_7storage8fp8_e4m3ENS0_8strategyILNS0_11decode_kindE11ELi4ELNS0_14table_locationE0ELNS0_11unpack_kindE0EEEEEvPKNS2_5codecIT_E12storage_typeESE_mNS0_12table_bundleEPd' for 'sm_90'
ptxas info    : Function properties for _ZN3aut17format_strategies14dot_map_reduceINS_7storage8fp8_e4m3ENS0_8strategyILNS0_11decode_kindE11ELi4ELNS0_14table_locationE0ELNS0_11unpack_kindE0EEEEEvPKNS2_5codecIT_E12storage_typeESE_mNS0_12table_bundleEPd
    0 bytes stack frame, 0 bytes spill stores, 0 bytes spill loads
ptxas info    : Used 32 registers, used 1 barriers, 80 bytes smem
ptxas info    : Compile time = 4.994 ms
ptxas info    : Compiling entry function '_ZN3aut17format_strategies12decode_codesINS_7storage8fp8_e4m3ENS0_8strategyILNS0_11decode_kindE11ELi4ELNS0_14table_locationE0ELNS0_11unpack_kindE0EEEEEvPKNS2_5codecIT_E12storage_typeEmNS0_12table_bundleEPd' for 'sm_90'
ptxas info    : Function properties for _ZN3aut17format_strategies12decode_codesINS_7storage8fp8_e4m3ENS0_8strategyILNS0_11decode_kindE11ELi4ELNS0_14table_locationE0ELNS0_11unpack_kindE0EEEEEvPKNS2_5codecIT_E12storage_typeEmNS0_12table_bundleEPd
    0 bytes stack frame, 0 bytes spill stores, 0 bytes spill loads
ptxas info    : Used 20 registers, used 0 barriers
ptxas info    : Compile time = 6.550 ms
ptxas info    : Compiling entry function '_ZN3aut17format_strategies4gemvINS_7storage8fp8_e4m3ENS0_8strategyILNS0_11decode_kindE11ELi2ELNS0_14table_locationE0ELNS0_11unpack_kindE0EEEEEvPKNS2_5codecIT_E12storage_typeESE_mmmNS0_12table_bundleEPd' for 'sm_90'
ptxas info    : Function properties for _ZN3aut17format_strategies4gemvINS_7storage8fp8_e4m3ENS0_8strategyILNS0_11decode_kindE11ELi2ELNS0_14table_locationE0ELNS0_11unpack_kindE0EEEEEvPKNS2_5codecIT_E12storage_typeESE_mmmNS0_12table_bundleEPd
    0 bytes stack frame, 0 bytes spill stores, 0 bytes spill loads
ptxas info    : Used 25 registers, used 1 barriers, 80 bytes smem
ptxas info    : Compile time = 4.625 ms
ptxas info    : Compiling entry function '_ZN3aut17format_strategies14dot_map_reduceINS_7storage8fp8_e4m3ENS0_8strategyILNS0_11decode_kindE11ELi2ELNS0_14table_locationE0ELNS0_11unpack_kindE0EEEEEvPKNS2_5codecIT_E12storage_typeESE_mNS0_12table_bundleEPd' for 'sm_90'
ptxas info    : Function properties for _ZN3aut17format_strategies14dot_map_reduceINS_7storage8fp8_e4m3ENS0_8strategyILNS0_11decode_kindE11ELi2ELNS0_14table_locationE0ELNS0_11unpack_kindE0EEEEEvPKNS2_5codecIT_E12storage_typeESE_mNS0_12table_bundleEPd
    0 bytes stack frame, 0 bytes spill stores, 0 bytes spill loads
ptxas info    : Used 26 registers, used 1 barriers, 80 bytes smem
ptxas info    : Compile time = 4.527 ms
ptxas info    : Compiling entry function '_ZN3aut17format_strategies12decode_codesINS_7storage8fp8_e4m3ENS0_8strategyILNS0_11decode_kindE11ELi2ELNS0_14table_locationE0ELNS0_11unpack_kindE0EEEEEvPKNS2_5codecIT_E12storage_typeEmNS0_12table_bundleEPd' for 'sm_90'
ptxas info    : Function properties for _ZN3aut17format_strategies12decode_codesINS_7storage8fp8_e4m3ENS0_8strategyILNS0_11decode_kindE11ELi2ELNS0_14table_locationE0ELNS0_11unpack_kindE0EEEEEvPKNS2_5codecIT_E12storage_typeEmNS0_12table_bundleEPd
    0 bytes stack frame, 0 bytes spill stores, 0 bytes spill loads
ptxas info    : Used 20 registers, used 0 barriers
ptxas info    : Compile time = 6.449 ms
ptxas info    : Compiling entry function '_ZN3aut17format_strategies4gemvINS_7storage8fp8_e4m3ENS0_8strategyILNS0_11decode_kindE10ELi1ELNS0_14table_locationE0ELNS0_11unpack_kindE0EEEEEvPKNS2_5codecIT_E12storage_typeESE_mmmNS0_12table_bundleEPd' for 'sm_90'
ptxas info    : Function properties for _ZN3aut17format_strategies4gemvINS_7storage8fp8_e4m3ENS0_8strategyILNS0_11decode_kindE10ELi1ELNS0_14table_locationE0ELNS0_11unpack_kindE0EEEEEvPKNS2_5codecIT_E12storage_typeESE_mmmNS0_12table_bundleEPd
    0 bytes stack frame, 0 bytes spill stores, 0 bytes spill loads
ptxas info    : Used 21 registers, used 1 barriers, 80 bytes smem
ptxas info    : Compile time = 4.320 ms
ptxas info    : Compiling entry function '_ZN3aut17format_strategies14dot_map_reduceINS_7storage8fp8_e4m3ENS0_8strategyILNS0_11decode_kindE10ELi1ELNS0_14table_locationE0ELNS0_11unpack_kindE0EEEEEvPKNS2_5codecIT_E12storage_typeESE_mNS0_12table_bundleEPd' for 'sm_90'
ptxas info    : Function properties for _ZN3aut17format_strategies14dot_map_reduceINS_7storage8fp8_e4m3ENS0_8strategyILNS0_11decode_kindE10ELi1ELNS0_14table_locationE0ELNS0_11unpack_kindE0EEEEEvPKNS2_5codecIT_E12storage_typeESE_mNS0_12table_bundleEPd
    0 bytes stack frame, 0 bytes spill stores, 0 bytes spill loads
ptxas info    : Used 26 registers, used 1 barriers, 80 bytes smem
ptxas info    : Compile time = 4.228 ms
ptxas info    : Compiling entry function '_ZN3aut17format_strategies12decode_codesINS_7storage8fp8_e4m3ENS0_8strategyILNS0_11decode_kindE10ELi1ELNS0_14table_locationE0ELNS0_11unpack_kindE0EEEEEvPKNS2_5codecIT_E12storage_typeEmNS0_12table_bundleEPd' for 'sm_90'
ptxas info    : Function properties for _ZN3aut17format_strategies12decode_codesINS_7storage8fp8_e4m3ENS0_8strategyILNS0_11decode_kindE10ELi1ELNS0_14table_locationE0ELNS0_11unpack_kindE0EEEEEvPKNS2_5codecIT_E12storage_typeEmNS0_12table_bundleEPd
    0 bytes stack frame, 0 bytes spill stores, 0 bytes spill loads
ptxas info    : Used 20 registers, used 0 barriers
ptxas info    : Compile time = 6.374 ms
ptxas info    : Compiling entry function '_ZN3aut17format_strategies4gemvINS_7storage8fp8_e4m3ENS0_8strategyILNS0_11decode_kindE9ELi1ELNS0_14table_locationE0ELNS0_11unpack_kindE0EEEEEvPKNS2_5codecIT_E12storage_typeESE_mmmNS0_12table_bundleEPd' for 'sm_90'
ptxas info    : Function properties for _ZN3aut17format_strategies4gemvINS_7storage8fp8_e4m3ENS0_8strategyILNS0_11decode_kindE9ELi1ELNS0_14table_locationE0ELNS0_11unpack_kindE0EEEEEvPKNS2_5codecIT_E12storage_typeESE_mmmNS0_12table_bundleEPd
    0 bytes stack frame, 0 bytes spill stores, 0 bytes spill loads
ptxas info    : Used 21 registers, used 1 barriers, 80 bytes smem
ptxas info    : Compile time = 4.312 ms
ptxas info    : Compiling entry function '_ZN3aut17format_strategies14dot_map_reduceINS_7storage8fp8_e4m3ENS0_8strategyILNS0_11decode_kindE9ELi1ELNS0_14table_locationE0ELNS0_11unpack_kindE0EEEEEvPKNS2_5codecIT_E12storage_typeESE_mNS0_12table_bundleEPd' for 'sm_90'
ptxas info    : Function properties for _ZN3aut17format_strategies14dot_map_reduceINS_7storage8fp8_e4m3ENS0_8strategyILNS0_11decode_kindE9ELi1ELNS0_14table_locationE0ELNS0_11unpack_kindE0EEEEEvPKNS2_5codecIT_E12storage_typeESE_mNS0_12table_bundleEPd
    0 bytes stack frame, 0 bytes spill stores, 0 bytes spill loads
ptxas info    : Used 26 registers, used 1 barriers, 80 bytes smem
ptxas info    : Compile time = 4.222 ms
ptxas info    : Compiling entry function '_ZN3aut17format_strategies12decode_codesINS_7storage8fp8_e4m3ENS0_8strategyILNS0_11decode_kindE9ELi1ELNS0_14table_locationE0ELNS0_11unpack_kindE0EEEEEvPKNS2_5codecIT_E12storage_typeEmNS0_12table_bundleEPd' for 'sm_90'
ptxas info    : Function properties for _ZN3aut17format_strategies12decode_codesINS_7storage8fp8_e4m3ENS0_8strategyILNS0_11decode_kindE9ELi1ELNS0_14table_locationE0ELNS0_11unpack_kindE0EEEEEvPKNS2_5codecIT_E12storage_typeEmNS0_12table_bundleEPd
    0 bytes stack frame, 0 bytes spill stores, 0 bytes spill loads
ptxas info    : Used 20 registers, used 0 barriers
ptxas info    : Compile time = 6.354 ms
ptxas info    : Compiling entry function '_ZN3aut17format_strategies4gemvINS_7storage8fp8_e4m3ENS0_8strategyILNS0_11decode_kindE0ELi1ELNS0_14table_locationE0ELNS0_11unpack_kindE0EEEEEvPKNS2_5codecIT_E12storage_typeESE_mmmNS0_12table_bundleEPd' for 'sm_90'
ptxas info    : Function properties for _ZN3aut17format_strategies4gemvINS_7storage8fp8_e4m3ENS0_8strategyILNS0_11decode_kindE0ELi1ELNS0_14table_locationE0ELNS0_11unpack_kindE0EEEEEvPKNS2_5codecIT_E12storage_typeESE_mmmNS0_12table_bundleEPd
    0 bytes stack frame, 0 bytes spill stores, 0 bytes spill loads
ptxas info    : Used 21 registers, used 1 barriers, 80 bytes smem
ptxas info    : Compile time = 4.312 ms
ptxas info    : Compiling entry function '_ZN3aut17format_strategies14dot_map_reduceINS_7storage8fp8_e4m3ENS0_8strategyILNS0_11decode_kindE0ELi1ELNS0_14table_locationE0ELNS0_11unpack_kindE0EEEEEvPKNS2_5codecIT_E12storage_typeESE_mNS0_12table_bundleEPd' for 'sm_90'
ptxas info    : Function properties for _ZN3aut17format_strategies14dot_map_reduceINS_7storage8fp8_e4m3ENS0_8strategyILNS0_11decode_kindE0ELi1ELNS0_14table_locationE0ELNS0_11unpack_kindE0EEEEEvPKNS2_5codecIT_E12storage_typeESE_mNS0_12table_bundleEPd
    0 bytes stack frame, 0 bytes spill stores, 0 bytes spill loads
ptxas info    : Used 26 registers, used 1 barriers, 80 bytes smem
ptxas info    : Compile time = 4.201 ms
ptxas info    : Compiling entry function '_ZN3aut17format_strategies12decode_codesINS_7storage8fp8_e4m3ENS0_8strategyILNS0_11decode_kindE0ELi1ELNS0_14table_locationE0ELNS0_11unpack_kindE0EEEEEvPKNS2_5codecIT_E12storage_typeEmNS0_12table_bundleEPd' for 'sm_90'
ptxas info    : Function properties for _ZN3aut17format_strategies12decode_codesINS_7storage8fp8_e4m3ENS0_8strategyILNS0_11decode_kindE0ELi1ELNS0_14table_locationE0ELNS0_11unpack_kindE0EEEEEvPKNS2_5codecIT_E12storage_typeEmNS0_12table_bundleEPd
    0 bytes stack frame, 0 bytes spill stores, 0 bytes spill loads
ptxas info    : Used 20 registers, used 0 barriers
ptxas info    : Compile time = 6.360 ms
ptxas info    : Compiling entry function '_ZN3aut17format_strategies4gemvINS_7storage4e3m4ENS0_8strategyILNS0_11decode_kindE1ELi8ELNS0_14table_locationE0ELNS0_11unpack_kindE1EEEEEvPKNS2_5codecIT_E12storage_typeESE_mmmNS0_12table_bundleEPd' for 'sm_90'
ptxas info    : Function properties for _ZN3aut17format_strategies4gemvINS_7storage4e3m4ENS0_8strategyILNS0_11decode_kindE1ELi8ELNS0_14table_locationE0ELNS0_11unpack_kindE1EEEEEvPKNS2_5codecIT_E12storage_typeESE_mmmNS0_12table_bundleEPd
    0 bytes stack frame, 0 bytes spill stores, 0 bytes spill loads
ptxas info    : Used 61 registers, used 1 barriers, 80 bytes smem
ptxas info    : Compile time = 17.012 ms
ptxas info    : Compiling entry function '_ZN3aut17format_strategies14dot_map_reduceINS_7storage4e3m4ENS0_8strategyILNS0_11decode_kindE1ELi8ELNS0_14table_locationE0ELNS0_11unpack_kindE1EEEEEvPKNS2_5codecIT_E12storage_typeESE_mNS0_12table_bundleEPd' for 'sm_90'
ptxas info    : Function properties for _ZN3aut17format_strategies14dot_map_reduceINS_7storage4e3m4ENS0_8strategyILNS0_11decode_kindE1ELi8ELNS0_14table_locationE0ELNS0_11unpack_kindE1EEEEEvPKNS2_5codecIT_E12storage_typeESE_mNS0_12table_bundleEPd
    0 bytes stack frame, 0 bytes spill stores, 0 bytes spill loads
ptxas info    : Used 61 registers, used 1 barriers, 80 bytes smem
ptxas info    : Compile time = 16.396 ms
ptxas info    : Compiling entry function '_ZN3aut17format_strategies12decode_codesINS_7storage4e3m4ENS0_8strategyILNS0_11decode_kindE1ELi8ELNS0_14table_locationE0ELNS0_11unpack_kindE1EEEEEvPKNS2_5codecIT_E12storage_typeEmNS0_12table_bundleEPd' for 'sm_90'
ptxas info    : Function properties for _ZN3aut17format_strategies12decode_codesINS_7storage4e3m4ENS0_8strategyILNS0_11decode_kindE1ELi8ELNS0_14table_locationE0ELNS0_11unpack_kindE1EEEEEvPKNS2_5codecIT_E12storage_typeEmNS0_12table_bundleEPd
    0 bytes stack frame, 0 bytes spill stores, 0 bytes spill loads
ptxas info    : Used 29 registers, used 0 barriers
ptxas info    : Compile time = 11.470 ms
ptxas info    : Compiling entry function '_ZN3aut17format_strategies4gemvINS_7storage4e3m4ENS0_8strategyILNS0_11decode_kindE1ELi4ELNS0_14table_locationE0ELNS0_11unpack_kindE1EEEEEvPKNS2_5codecIT_E12storage_typeESE_mmmNS0_12table_bundleEPd' for 'sm_90'
ptxas info    : Function properties for _ZN3aut17format_strategies4gemvINS_7storage4e3m4ENS0_8strategyILNS0_11decode_kindE1ELi4ELNS0_14table_locationE0ELNS0_11unpack_kindE1EEEEEvPKNS2_5codecIT_E12storage_typeESE_mmmNS0_12table_bundleEPd
    0 bytes stack frame, 0 bytes spill stores, 0 bytes spill loads
ptxas info    : Used 38 registers, used 1 barriers, 80 bytes smem
ptxas info    : Compile time = 11.210 ms
ptxas info    : Compiling entry function '_ZN3aut17format_strategies14dot_map_reduceINS_7storage4e3m4ENS0_8strategyILNS0_11decode_kindE1ELi4ELNS0_14table_locationE0ELNS0_11unpack_kindE1EEEEEvPKNS2_5codecIT_E12storage_typeESE_mNS0_12table_bundleEPd' for 'sm_90'
ptxas info    : Function properties for _ZN3aut17format_strategies14dot_map_reduceINS_7storage4e3m4ENS0_8strategyILNS0_11decode_kindE1ELi4ELNS0_14table_locationE0ELNS0_11unpack_kindE1EEEEEvPKNS2_5codecIT_E12storage_typeESE_mNS0_12table_bundleEPd
    0 bytes stack frame, 0 bytes spill stores, 0 bytes spill loads
ptxas info    : Used 40 registers, used 1 barriers, 80 bytes smem
ptxas info    : Compile time = 11.097 ms
ptxas info    : Compiling entry function '_ZN3aut17format_strategies12decode_codesINS_7storage4e3m4ENS0_8strategyILNS0_11decode_kindE1ELi4ELNS0_14table_locationE0ELNS0_11unpack_kindE1EEEEEvPKNS2_5codecIT_E12storage_typeEmNS0_12table_bundleEPd' for 'sm_90'
ptxas info    : Function properties for _ZN3aut17format_strategies12decode_codesINS_7storage4e3m4ENS0_8strategyILNS0_11decode_kindE1ELi4ELNS0_14table_locationE0ELNS0_11unpack_kindE1EEEEEvPKNS2_5codecIT_E12storage_typeEmNS0_12table_bundleEPd
    0 bytes stack frame, 0 bytes spill stores, 0 bytes spill loads
ptxas info    : Used 21 registers, used 0 barriers
ptxas info    : Compile time = 9.181 ms
ptxas info    : Compiling entry function '_ZN3aut17format_strategies4gemvINS_7storage4e3m4ENS0_8strategyILNS0_11decode_kindE1ELi8ELNS0_14table_locationE0ELNS0_11unpack_kindE0EEEEEvPKNS2_5codecIT_E12storage_typeESE_mmmNS0_12table_bundleEPd' for 'sm_90'
ptxas info    : Function properties for _ZN3aut17format_strategies4gemvINS_7storage4e3m4ENS0_8strategyILNS0_11decode_kindE1ELi8ELNS0_14table_locationE0ELNS0_11unpack_kindE0EEEEEvPKNS2_5codecIT_E12storage_typeESE_mmmNS0_12table_bundleEPd
    0 bytes stack frame, 0 bytes spill stores, 0 bytes spill loads
ptxas info    : Used 60 registers, used 1 barriers, 80 bytes smem
ptxas info    : Compile time = 16.776 ms
ptxas info    : Compiling entry function '_ZN3aut17format_strategies14dot_map_reduceINS_7storage4e3m4ENS0_8strategyILNS0_11decode_kindE1ELi8ELNS0_14table_locationE0ELNS0_11unpack_kindE0EEEEEvPKNS2_5codecIT_E12storage_typeESE_mNS0_12table_bundleEPd' for 'sm_90'
ptxas info    : Function properties for _ZN3aut17format_strategies14dot_map_reduceINS_7storage4e3m4ENS0_8strategyILNS0_11decode_kindE1ELi8ELNS0_14table_locationE0ELNS0_11unpack_kindE0EEEEEvPKNS2_5codecIT_E12storage_typeESE_mNS0_12table_bundleEPd
    0 bytes stack frame, 0 bytes spill stores, 0 bytes spill loads
ptxas info    : Used 61 registers, used 1 barriers, 80 bytes smem
ptxas info    : Compile time = 16.266 ms
ptxas info    : Compiling entry function '_ZN3aut17format_strategies12decode_codesINS_7storage4e3m4ENS0_8strategyILNS0_11decode_kindE1ELi8ELNS0_14table_locationE0ELNS0_11unpack_kindE0EEEEEvPKNS2_5codecIT_E12storage_typeEmNS0_12table_bundleEPd' for 'sm_90'
ptxas info    : Function properties for _ZN3aut17format_strategies12decode_codesINS_7storage4e3m4ENS0_8strategyILNS0_11decode_kindE1ELi8ELNS0_14table_locationE0ELNS0_11unpack_kindE0EEEEEvPKNS2_5codecIT_E12storage_typeEmNS0_12table_bundleEPd
    0 bytes stack frame, 0 bytes spill stores, 0 bytes spill loads
ptxas info    : Used 29 registers, used 0 barriers
ptxas info    : Compile time = 11.453 ms
ptxas info    : Compiling entry function '_ZN3aut17format_strategies4gemvINS_7storage4e3m4ENS0_8strategyILNS0_11decode_kindE1ELi4ELNS0_14table_locationE0ELNS0_11unpack_kindE0EEEEEvPKNS2_5codecIT_E12storage_typeESE_mmmNS0_12table_bundleEPd' for 'sm_90'
ptxas info    : Function properties for _ZN3aut17format_strategies4gemvINS_7storage4e3m4ENS0_8strategyILNS0_11decode_kindE1ELi4ELNS0_14table_locationE0ELNS0_11unpack_kindE0EEEEEvPKNS2_5codecIT_E12storage_typeESE_mmmNS0_12table_bundleEPd
    0 bytes stack frame, 0 bytes spill stores, 0 bytes spill loads
ptxas info    : Used 38 registers, used 1 barriers, 80 bytes smem
ptxas info    : Compile time = 11.163 ms
ptxas info    : Compiling entry function '_ZN3aut17format_strategies14dot_map_reduceINS_7storage4e3m4ENS0_8strategyILNS0_11decode_kindE1ELi4ELNS0_14table_locationE0ELNS0_11unpack_kindE0EEEEEvPKNS2_5codecIT_E12storage_typeESE_mNS0_12table_bundleEPd' for 'sm_90'
ptxas info    : Function properties for _ZN3aut17format_strategies14dot_map_reduceINS_7storage4e3m4ENS0_8strategyILNS0_11decode_kindE1ELi4ELNS0_14table_locationE0ELNS0_11unpack_kindE0EEEEEvPKNS2_5codecIT_E12storage_typeESE_mNS0_12table_bundleEPd
    0 bytes stack frame, 0 bytes spill stores, 0 bytes spill loads
ptxas info    : Used 40 registers, used 1 barriers, 80 bytes smem
ptxas info    : Compile time = 11.050 ms
ptxas info    : Compiling entry function '_ZN3aut17format_strategies12decode_codesINS_7storage4e3m4ENS0_8strategyILNS0_11decode_kindE1ELi4ELNS0_14table_locationE0ELNS0_11unpack_kindE0EEEEEvPKNS2_5codecIT_E12storage_typeEmNS0_12table_bundleEPd' for 'sm_90'
ptxas info    : Function properties for _ZN3aut17format_strategies12decode_codesINS_7storage4e3m4ENS0_8strategyILNS0_11decode_kindE1ELi4ELNS0_14table_locationE0ELNS0_11unpack_kindE0EEEEEvPKNS2_5codecIT_E12storage_typeEmNS0_12table_bundleEPd
    0 bytes stack frame, 0 bytes spill stores, 0 bytes spill loads
ptxas info    : Used 22 registers, used 0 barriers
ptxas info    : Compile time = 9.113 ms
ptxas info    : Compiling entry function '_ZN3aut17format_strategies4gemvINS_7storage4e3m4ENS0_8strategyILNS0_11decode_kindE13ELi8ELNS0_14table_locationE0ELNS0_11unpack_kindE0EEEEEvPKNS2_5codecIT_E12storage_typeESE_mmmNS0_12table_bundleEPd' for 'sm_90'
ptxas info    : Function properties for _ZN3aut17format_strategies4gemvINS_7storage4e3m4ENS0_8strategyILNS0_11decode_kindE13ELi8ELNS0_14table_locationE0ELNS0_11unpack_kindE0EEEEEvPKNS2_5codecIT_E12storage_typeESE_mmmNS0_12table_bundleEPd
    0 bytes stack frame, 0 bytes spill stores, 0 bytes spill loads
ptxas info    : Used 40 registers, used 1 barriers, 80 bytes smem
ptxas info    : Compile time = 5.880 ms
ptxas info    : Compiling entry function '_ZN3aut17format_strategies14dot_map_reduceINS_7storage4e3m4ENS0_8strategyILNS0_11decode_kindE13ELi8ELNS0_14table_locationE0ELNS0_11unpack_kindE0EEEEEvPKNS2_5codecIT_E12storage_typeESE_mNS0_12table_bundleEPd' for 'sm_90'
ptxas info    : Function properties for _ZN3aut17format_strategies14dot_map_reduceINS_7storage4e3m4ENS0_8strategyILNS0_11decode_kindE13ELi8ELNS0_14table_locationE0ELNS0_11unpack_kindE0EEEEEvPKNS2_5codecIT_E12storage_typeESE_mNS0_12table_bundleEPd
    0 bytes stack frame, 0 bytes spill stores, 0 bytes spill loads
ptxas info    : Used 40 registers, used 1 barriers, 80 bytes smem
ptxas info    : Compile time = 5.981 ms
ptxas info    : Compiling entry function '_ZN3aut17format_strategies12decode_codesINS_7storage4e3m4ENS0_8strategyILNS0_11decode_kindE13ELi8ELNS0_14table_locationE0ELNS0_11unpack_kindE0EEEEEvPKNS2_5codecIT_E12storage_typeEmNS0_12table_bundleEPd' for 'sm_90'
ptxas info    : Function properties for _ZN3aut17format_strategies12decode_codesINS_7storage4e3m4ENS0_8strategyILNS0_11decode_kindE13ELi8ELNS0_14table_locationE0ELNS0_11unpack_kindE0EEEEEvPKNS2_5codecIT_E12storage_typeEmNS0_12table_bundleEPd
    0 bytes stack frame, 0 bytes spill stores, 0 bytes spill loads
ptxas info    : Used 22 registers, used 0 barriers
ptxas info    : Compile time = 7.054 ms
ptxas info    : Compiling entry function '_ZN3aut17format_strategies4gemvINS_7storage4e3m4ENS0_8strategyILNS0_11decode_kindE13ELi4ELNS0_14table_locationE0ELNS0_11unpack_kindE0EEEEEvPKNS2_5codecIT_E12storage_typeESE_mmmNS0_12table_bundleEPd' for 'sm_90'
ptxas info    : Function properties for _ZN3aut17format_strategies4gemvINS_7storage4e3m4ENS0_8strategyILNS0_11decode_kindE13ELi4ELNS0_14table_locationE0ELNS0_11unpack_kindE0EEEEEvPKNS2_5codecIT_E12storage_typeESE_mmmNS0_12table_bundleEPd
    0 bytes stack frame, 0 bytes spill stores, 0 bytes spill loads
ptxas info    : Used 28 registers, used 1 barriers, 80 bytes smem
ptxas info    : Compile time = 5.146 ms
ptxas info    : Compiling entry function '_ZN3aut17format_strategies14dot_map_reduceINS_7storage4e3m4ENS0_8strategyILNS0_11decode_kindE13ELi4ELNS0_14table_locationE0ELNS0_11unpack_kindE0EEEEEvPKNS2_5codecIT_E12storage_typeESE_mNS0_12table_bundleEPd' for 'sm_90'
ptxas info    : Function properties for _ZN3aut17format_strategies14dot_map_reduceINS_7storage4e3m4ENS0_8strategyILNS0_11decode_kindE13ELi4ELNS0_14table_locationE0ELNS0_11unpack_kindE0EEEEEvPKNS2_5codecIT_E12storage_typeESE_mNS0_12table_bundleEPd
    0 bytes stack frame, 0 bytes spill stores, 0 bytes spill loads
ptxas info    : Used 30 registers, used 1 barriers, 80 bytes smem
ptxas info    : Compile time = 5.040 ms
ptxas info    : Compiling entry function '_ZN3aut17format_strategies12decode_codesINS_7storage4e3m4ENS0_8strategyILNS0_11decode_kindE13ELi4ELNS0_14table_locationE0ELNS0_11unpack_kindE0EEEEEvPKNS2_5codecIT_E12storage_typeEmNS0_12table_bundleEPd' for 'sm_90'
ptxas info    : Function properties for _ZN3aut17format_strategies12decode_codesINS_7storage4e3m4ENS0_8strategyILNS0_11decode_kindE13ELi4ELNS0_14table_locationE0ELNS0_11unpack_kindE0EEEEEvPKNS2_5codecIT_E12storage_typeEmNS0_12table_bundleEPd
    0 bytes stack frame, 0 bytes spill stores, 0 bytes spill loads
ptxas info    : Used 22 registers, used 0 barriers
ptxas info    : Compile time = 6.797 ms
ptxas info    : Compiling entry function '_ZN3aut17format_strategies4gemvINS_7storage4e2m5ENS0_8strategyILNS0_11decode_kindE1ELi8ELNS0_14table_locationE0ELNS0_11unpack_kindE1EEEEEvPKNS2_5codecIT_E12storage_typeESE_mmmNS0_12table_bundleEPd' for 'sm_90'
ptxas info    : Function properties for _ZN3aut17format_strategies4gemvINS_7storage4e2m5ENS0_8strategyILNS0_11decode_kindE1ELi8ELNS0_14table_locationE0ELNS0_11unpack_kindE1EEEEEvPKNS2_5codecIT_E12storage_typeESE_mmmNS0_12table_bundleEPd
    0 bytes stack frame, 0 bytes spill stores, 0 bytes spill loads
ptxas info    : Used 61 registers, used 1 barriers, 80 bytes smem
ptxas info    : Compile time = 17.013 ms
ptxas info    : Compiling entry function '_ZN3aut17format_strategies14dot_map_reduceINS_7storage4e2m5ENS0_8strategyILNS0_11decode_kindE1ELi8ELNS0_14table_locationE0ELNS0_11unpack_kindE1EEEEEvPKNS2_5codecIT_E12storage_typeESE_mNS0_12table_bundleEPd' for 'sm_90'
ptxas info    : Function properties for _ZN3aut17format_strategies14dot_map_reduceINS_7storage4e2m5ENS0_8strategyILNS0_11decode_kindE1ELi8ELNS0_14table_locationE0ELNS0_11unpack_kindE1EEEEEvPKNS2_5codecIT_E12storage_typeESE_mNS0_12table_bundleEPd
    0 bytes stack frame, 0 bytes spill stores, 0 bytes spill loads
ptxas info    : Used 61 registers, used 1 barriers, 80 bytes smem
ptxas info    : Compile time = 16.452 ms
ptxas info    : Compiling entry function '_ZN3aut17format_strategies12decode_codesINS_7storage4e2m5ENS0_8strategyILNS0_11decode_kindE1ELi8ELNS0_14table_locationE0ELNS0_11unpack_kindE1EEEEEvPKNS2_5codecIT_E12storage_typeEmNS0_12table_bundleEPd' for 'sm_90'
ptxas info    : Function properties for _ZN3aut17format_strategies12decode_codesINS_7storage4e2m5ENS0_8strategyILNS0_11decode_kindE1ELi8ELNS0_14table_locationE0ELNS0_11unpack_kindE1EEEEEvPKNS2_5codecIT_E12storage_typeEmNS0_12table_bundleEPd
    0 bytes stack frame, 0 bytes spill stores, 0 bytes spill loads
ptxas info    : Used 29 registers, used 0 barriers
ptxas info    : Compile time = 11.523 ms
ptxas info    : Compiling entry function '_ZN3aut17format_strategies4gemvINS_7storage4e2m5ENS0_8strategyILNS0_11decode_kindE1ELi4ELNS0_14table_locationE0ELNS0_11unpack_kindE1EEEEEvPKNS2_5codecIT_E12storage_typeESE_mmmNS0_12table_bundleEPd' for 'sm_90'
ptxas info    : Function properties for _ZN3aut17format_strategies4gemvINS_7storage4e2m5ENS0_8strategyILNS0_11decode_kindE1ELi4ELNS0_14table_locationE0ELNS0_11unpack_kindE1EEEEEvPKNS2_5codecIT_E12storage_typeESE_mmmNS0_12table_bundleEPd
    0 bytes stack frame, 0 bytes spill stores, 0 bytes spill loads
ptxas info    : Used 38 registers, used 1 barriers, 80 bytes smem
ptxas info    : Compile time = 11.237 ms
ptxas info    : Compiling entry function '_ZN3aut17format_strategies14dot_map_reduceINS_7storage4e2m5ENS0_8strategyILNS0_11decode_kindE1ELi4ELNS0_14table_locationE0ELNS0_11unpack_kindE1EEEEEvPKNS2_5codecIT_E12storage_typeESE_mNS0_12table_bundleEPd' for 'sm_90'
ptxas info    : Function properties for _ZN3aut17format_strategies14dot_map_reduceINS_7storage4e2m5ENS0_8strategyILNS0_11decode_kindE1ELi4ELNS0_14table_locationE0ELNS0_11unpack_kindE1EEEEEvPKNS2_5codecIT_E12storage_typeESE_mNS0_12table_bundleEPd
    0 bytes stack frame, 0 bytes spill stores, 0 bytes spill loads
ptxas info    : Used 40 registers, used 1 barriers, 80 bytes smem
ptxas info    : Compile time = 11.095 ms
ptxas info    : Compiling entry function '_ZN3aut17format_strategies12decode_codesINS_7storage4e2m5ENS0_8strategyILNS0_11decode_kindE1ELi4ELNS0_14table_locationE0ELNS0_11unpack_kindE1EEEEEvPKNS2_5codecIT_E12storage_typeEmNS0_12table_bundleEPd' for 'sm_90'
ptxas info    : Function properties for _ZN3aut17format_strategies12decode_codesINS_7storage4e2m5ENS0_8strategyILNS0_11decode_kindE1ELi4ELNS0_14table_locationE0ELNS0_11unpack_kindE1EEEEEvPKNS2_5codecIT_E12storage_typeEmNS0_12table_bundleEPd
    0 bytes stack frame, 0 bytes spill stores, 0 bytes spill loads
ptxas info    : Used 21 registers, used 0 barriers
ptxas info    : Compile time = 9.168 ms
ptxas info    : Compiling entry function '_ZN3aut17format_strategies4gemvINS_7storage4e2m5ENS0_8strategyILNS0_11decode_kindE1ELi8ELNS0_14table_locationE0ELNS0_11unpack_kindE0EEEEEvPKNS2_5codecIT_E12storage_typeESE_mmmNS0_12table_bundleEPd' for 'sm_90'
ptxas info    : Function properties for _ZN3aut17format_strategies4gemvINS_7storage4e2m5ENS0_8strategyILNS0_11decode_kindE1ELi8ELNS0_14table_locationE0ELNS0_11unpack_kindE0EEEEEvPKNS2_5codecIT_E12storage_typeESE_mmmNS0_12table_bundleEPd
    0 bytes stack frame, 0 bytes spill stores, 0 bytes spill loads
ptxas info    : Used 60 registers, used 1 barriers, 80 bytes smem
ptxas info    : Compile time = 16.746 ms
ptxas info    : Compiling entry function '_ZN3aut17format_strategies14dot_map_reduceINS_7storage4e2m5ENS0_8strategyILNS0_11decode_kindE1ELi8ELNS0_14table_locationE0ELNS0_11unpack_kindE0EEEEEvPKNS2_5codecIT_E12storage_typeESE_mNS0_12table_bundleEPd' for 'sm_90'
ptxas info    : Function properties for _ZN3aut17format_strategies14dot_map_reduceINS_7storage4e2m5ENS0_8strategyILNS0_11decode_kindE1ELi8ELNS0_14table_locationE0ELNS0_11unpack_kindE0EEEEEvPKNS2_5codecIT_E12storage_typeESE_mNS0_12table_bundleEPd
    0 bytes stack frame, 0 bytes spill stores, 0 bytes spill loads
ptxas info    : Used 61 registers, used 1 barriers, 80 bytes smem
ptxas info    : Compile time = 16.351 ms
ptxas info    : Compiling entry function '_ZN3aut17format_strategies12decode_codesINS_7storage4e2m5ENS0_8strategyILNS0_11decode_kindE1ELi8ELNS0_14table_locationE0ELNS0_11unpack_kindE0EEEEEvPKNS2_5codecIT_E12storage_typeEmNS0_12table_bundleEPd' for 'sm_90'
ptxas info    : Function properties for _ZN3aut17format_strategies12decode_codesINS_7storage4e2m5ENS0_8strategyILNS0_11decode_kindE1ELi8ELNS0_14table_locationE0ELNS0_11unpack_kindE0EEEEEvPKNS2_5codecIT_E12storage_typeEmNS0_12table_bundleEPd
    0 bytes stack frame, 0 bytes spill stores, 0 bytes spill loads
ptxas info    : Used 29 registers, used 0 barriers
ptxas info    : Compile time = 11.474 ms
ptxas info    : Compiling entry function '_ZN3aut17format_strategies4gemvINS_7storage4e2m5ENS0_8strategyILNS0_11decode_kindE1ELi4ELNS0_14table_locationE0ELNS0_11unpack_kindE0EEEEEvPKNS2_5codecIT_E12storage_typeESE_mmmNS0_12table_bundleEPd' for 'sm_90'
ptxas info    : Function properties for _ZN3aut17format_strategies4gemvINS_7storage4e2m5ENS0_8strategyILNS0_11decode_kindE1ELi4ELNS0_14table_locationE0ELNS0_11unpack_kindE0EEEEEvPKNS2_5codecIT_E12storage_typeESE_mmmNS0_12table_bundleEPd
    0 bytes stack frame, 0 bytes spill stores, 0 bytes spill loads
ptxas info    : Used 38 registers, used 1 barriers, 80 bytes smem
ptxas info    : Compile time = 11.195 ms
ptxas info    : Compiling entry function '_ZN3aut17format_strategies14dot_map_reduceINS_7storage4e2m5ENS0_8strategyILNS0_11decode_kindE1ELi4ELNS0_14table_locationE0ELNS0_11unpack_kindE0EEEEEvPKNS2_5codecIT_E12storage_typeESE_mNS0_12table_bundleEPd' for 'sm_90'
ptxas info    : Function properties for _ZN3aut17format_strategies14dot_map_reduceINS_7storage4e2m5ENS0_8strategyILNS0_11decode_kindE1ELi4ELNS0_14table_locationE0ELNS0_11unpack_kindE0EEEEEvPKNS2_5codecIT_E12storage_typeESE_mNS0_12table_bundleEPd
    0 bytes stack frame, 0 bytes spill stores, 0 bytes spill loads
ptxas info    : Used 40 registers, used 1 barriers, 80 bytes smem
ptxas info    : Compile time = 11.058 ms
ptxas info    : Compiling entry function '_ZN3aut17format_strategies12decode_codesINS_7storage4e2m5ENS0_8strategyILNS0_11decode_kindE1ELi4ELNS0_14table_locationE0ELNS0_11unpack_kindE0EEEEEvPKNS2_5codecIT_E12storage_typeEmNS0_12table_bundleEPd' for 'sm_90'
ptxas info    : Function properties for _ZN3aut17format_strategies12decode_codesINS_7storage4e2m5ENS0_8strategyILNS0_11decode_kindE1ELi4ELNS0_14table_locationE0ELNS0_11unpack_kindE0EEEEEvPKNS2_5codecIT_E12storage_typeEmNS0_12table_bundleEPd
    0 bytes stack frame, 0 bytes spill stores, 0 bytes spill loads
ptxas info    : Used 22 registers, used 0 barriers
ptxas info    : Compile time = 9.108 ms
ptxas info    : Compiling entry function '_ZN3aut17format_strategies4gemvINS_7storage4e2m5ENS0_8strategyILNS0_11decode_kindE13ELi8ELNS0_14table_locationE0ELNS0_11unpack_kindE0EEEEEvPKNS2_5codecIT_E12storage_typeESE_mmmNS0_12table_bundleEPd' for 'sm_90'
ptxas info    : Function properties for _ZN3aut17format_strategies4gemvINS_7storage4e2m5ENS0_8strategyILNS0_11decode_kindE13ELi8ELNS0_14table_locationE0ELNS0_11unpack_kindE0EEEEEvPKNS2_5codecIT_E12storage_typeESE_mmmNS0_12table_bundleEPd
    0 bytes stack frame, 0 bytes spill stores, 0 bytes spill loads
ptxas info    : Used 40 registers, used 1 barriers, 80 bytes smem
ptxas info    : Compile time = 5.905 ms
ptxas info    : Compiling entry function '_ZN3aut17format_strategies14dot_map_reduceINS_7storage4e2m5ENS0_8strategyILNS0_11decode_kindE13ELi8ELNS0_14table_locationE0ELNS0_11unpack_kindE0EEEEEvPKNS2_5codecIT_E12storage_typeESE_mNS0_12table_bundleEPd' for 'sm_90'
ptxas info    : Function properties for _ZN3aut17format_strategies14dot_map_reduceINS_7storage4e2m5ENS0_8strategyILNS0_11decode_kindE13ELi8ELNS0_14table_locationE0ELNS0_11unpack_kindE0EEEEEvPKNS2_5codecIT_E12storage_typeESE_mNS0_12table_bundleEPd
    0 bytes stack frame, 0 bytes spill stores, 0 bytes spill loads
ptxas info    : Used 40 registers, used 1 barriers, 80 bytes smem
ptxas info    : Compile time = 5.962 ms
ptxas info    : Compiling entry function '_ZN3aut17format_strategies12decode_codesINS_7storage4e2m5ENS0_8strategyILNS0_11decode_kindE13ELi8ELNS0_14table_locationE0ELNS0_11unpack_kindE0EEEEEvPKNS2_5codecIT_E12storage_typeEmNS0_12table_bundleEPd' for 'sm_90'
ptxas info    : Function properties for _ZN3aut17format_strategies12decode_codesINS_7storage4e2m5ENS0_8strategyILNS0_11decode_kindE13ELi8ELNS0_14table_locationE0ELNS0_11unpack_kindE0EEEEEvPKNS2_5codecIT_E12storage_typeEmNS0_12table_bundleEPd
    0 bytes stack frame, 0 bytes spill stores, 0 bytes spill loads
ptxas info    : Used 22 registers, used 0 barriers
ptxas info    : Compile time = 7.070 ms
ptxas info    : Compiling entry function '_ZN3aut17format_strategies4gemvINS_7storage4e2m5ENS0_8strategyILNS0_11decode_kindE13ELi4ELNS0_14table_locationE0ELNS0_11unpack_kindE0EEEEEvPKNS2_5codecIT_E12storage_typeESE_mmmNS0_12table_bundleEPd' for 'sm_90'
ptxas info    : Function properties for _ZN3aut17format_strategies4gemvINS_7storage4e2m5ENS0_8strategyILNS0_11decode_kindE13ELi4ELNS0_14table_locationE0ELNS0_11unpack_kindE0EEEEEvPKNS2_5codecIT_E12storage_typeESE_mmmNS0_12table_bundleEPd
    0 bytes stack frame, 0 bytes spill stores, 0 bytes spill loads
ptxas info    : Used 28 registers, used 1 barriers, 80 bytes smem
ptxas info    : Compile time = 5.131 ms
ptxas info    : Compiling entry function '_ZN3aut17format_strategies14dot_map_reduceINS_7storage4e2m5ENS0_8strategyILNS0_11decode_kindE13ELi4ELNS0_14table_locationE0ELNS0_11unpack_kindE0EEEEEvPKNS2_5codecIT_E12storage_typeESE_mNS0_12table_bundleEPd' for 'sm_90'
ptxas info    : Function properties for _ZN3aut17format_strategies14dot_map_reduceINS_7storage4e2m5ENS0_8strategyILNS0_11decode_kindE13ELi4ELNS0_14table_locationE0ELNS0_11unpack_kindE0EEEEEvPKNS2_5codecIT_E12storage_typeESE_mNS0_12table_bundleEPd
    0 bytes stack frame, 0 bytes spill stores, 0 bytes spill loads
ptxas info    : Used 30 registers, used 1 barriers, 80 bytes smem
ptxas info    : Compile time = 5.049 ms
ptxas info    : Compiling entry function '_ZN3aut17format_strategies12decode_codesINS_7storage4e2m5ENS0_8strategyILNS0_11decode_kindE13ELi4ELNS0_14table_locationE0ELNS0_11unpack_kindE0EEEEEvPKNS2_5codecIT_E12storage_typeEmNS0_12table_bundleEPd' for 'sm_90'
ptxas info    : Function properties for _ZN3aut17format_strategies12decode_codesINS_7storage4e2m5ENS0_8strategyILNS0_11decode_kindE13ELi4ELNS0_14table_locationE0ELNS0_11unpack_kindE0EEEEEvPKNS2_5codecIT_E12storage_typeEmNS0_12table_bundleEPd
    0 bytes stack frame, 0 bytes spill stores, 0 bytes spill loads
ptxas info    : Used 22 registers, used 0 barriers
ptxas info    : Compile time = 6.814 ms
ptxas info    : Compiling entry function '_ZN3aut17format_strategies4gemvINS_7storage4e1m6ENS0_8strategyILNS0_11decode_kindE14ELi8ELNS0_14table_locationE1ELNS0_11unpack_kindE0EEEEEvPKNS2_5codecIT_E12storage_typeESE_mmmNS0_12table_bundleEPd' for 'sm_90'
ptxas info    : Function properties for _ZN3aut17format_strategies4gemvINS_7storage4e1m6ENS0_8strategyILNS0_11decode_kindE14ELi8ELNS0_14table_locationE1ELNS0_11unpack_kindE0EEEEEvPKNS2_5codecIT_E12storage_typeESE_mmmNS0_12table_bundleEPd
    0 bytes stack frame, 0 bytes spill stores, 0 bytes spill loads
ptxas info    : Used 44 registers, used 1 barriers, 80 bytes smem
ptxas info    : Compile time = 7.525 ms
ptxas info    : Compiling entry function '_ZN3aut17format_strategies14dot_map_reduceINS_7storage4e1m6ENS0_8strategyILNS0_11decode_kindE14ELi8ELNS0_14table_locationE1ELNS0_11unpack_kindE0EEEEEvPKNS2_5codecIT_E12storage_typeESE_mNS0_12table_bundleEPd' for 'sm_90'
ptxas info    : Function properties for _ZN3aut17format_strategies14dot_map_reduceINS_7storage4e1m6ENS0_8strategyILNS0_11decode_kindE14ELi8ELNS0_14table_locationE1ELNS0_11unpack_kindE0EEEEEvPKNS2_5codecIT_E12storage_typeESE_mNS0_12table_bundleEPd
    0 bytes stack frame, 0 bytes spill stores, 0 bytes spill loads
ptxas info    : Used 44 registers, used 1 barriers, 80 bytes smem
ptxas info    : Compile time = 7.338 ms
ptxas info    : Compiling entry function '_ZN3aut17format_strategies12decode_codesINS_7storage4e1m6ENS0_8strategyILNS0_11decode_kindE14ELi8ELNS0_14table_locationE1ELNS0_11unpack_kindE0EEEEEvPKNS2_5codecIT_E12storage_typeEmNS0_12table_bundleEPd' for 'sm_90'
ptxas info    : Function properties for _ZN3aut17format_strategies12decode_codesINS_7storage4e1m6ENS0_8strategyILNS0_11decode_kindE14ELi8ELNS0_14table_locationE1ELNS0_11unpack_kindE0EEEEEvPKNS2_5codecIT_E12storage_typeEmNS0_12table_bundleEPd
    0 bytes stack frame, 0 bytes spill stores, 0 bytes spill loads
ptxas info    : Used 22 registers, used 1 barriers
ptxas info    : Compile time = 8.526 ms
ptxas info    : Compiling entry function '_ZN3aut17format_strategies4gemvINS_7storage4e1m6ENS0_8strategyILNS0_11decode_kindE14ELi4ELNS0_14table_locationE1ELNS0_11unpack_kindE0EEEEEvPKNS2_5codecIT_E12storage_typeESE_mmmNS0_12table_bundleEPd' for 'sm_90'
ptxas info    : Function properties for _ZN3aut17format_strategies4gemvINS_7storage4e1m6ENS0_8strategyILNS0_11decode_kindE14ELi4ELNS0_14table_locationE1ELNS0_11unpack_kindE0EEEEEvPKNS2_5codecIT_E12storage_typeESE_mmmNS0_12table_bundleEPd
    0 bytes stack frame, 0 bytes spill stores, 0 bytes spill loads
ptxas info    : Used 34 registers, used 1 barriers, 80 bytes smem
ptxas info    : Compile time = 6.411 ms
ptxas info    : Compiling entry function '_ZN3aut17format_strategies14dot_map_reduceINS_7storage4e1m6ENS0_8strategyILNS0_11decode_kindE14ELi4ELNS0_14table_locationE1ELNS0_11unpack_kindE0EEEEEvPKNS2_5codecIT_E12storage_typeESE_mNS0_12table_bundleEPd' for 'sm_90'
ptxas info    : Function properties for _ZN3aut17format_strategies14dot_map_reduceINS_7storage4e1m6ENS0_8strategyILNS0_11decode_kindE14ELi4ELNS0_14table_locationE1ELNS0_11unpack_kindE0EEEEEvPKNS2_5codecIT_E12storage_typeESE_mNS0_12table_bundleEPd
    0 bytes stack frame, 0 bytes spill stores, 0 bytes spill loads
ptxas info    : Used 36 registers, used 1 barriers, 80 bytes smem
ptxas info    : Compile time = 6.284 ms
ptxas info    : Compiling entry function '_ZN3aut17format_strategies12decode_codesINS_7storage4e1m6ENS0_8strategyILNS0_11decode_kindE14ELi4ELNS0_14table_locationE1ELNS0_11unpack_kindE0EEEEEvPKNS2_5codecIT_E12storage_typeEmNS0_12table_bundleEPd' for 'sm_90'
ptxas info    : Function properties for _ZN3aut17format_strategies12decode_codesINS_7storage4e1m6ENS0_8strategyILNS0_11decode_kindE14ELi4ELNS0_14table_locationE1ELNS0_11unpack_kindE0EEEEEvPKNS2_5codecIT_E12storage_typeEmNS0_12table_bundleEPd
    0 bytes stack frame, 0 bytes spill stores, 0 bytes spill loads
ptxas info    : Used 22 registers, used 1 barriers
ptxas info    : Compile time = 8.081 ms
ptxas info    : Compiling entry function '_ZN3aut17format_strategies4gemvINS_7storage4e1m6ENS0_8strategyILNS0_11decode_kindE1ELi8ELNS0_14table_locationE0ELNS0_11unpack_kindE1EEEEEvPKNS2_5codecIT_E12storage_typeESE_mmmNS0_12table_bundleEPd' for 'sm_90'
ptxas info    : Function properties for _ZN3aut17format_strategies4gemvINS_7storage4e1m6ENS0_8strategyILNS0_11decode_kindE1ELi8ELNS0_14table_locationE0ELNS0_11unpack_kindE1EEEEEvPKNS2_5codecIT_E12storage_typeESE_mmmNS0_12table_bundleEPd
    0 bytes stack frame, 0 bytes spill stores, 0 bytes spill loads
ptxas info    : Used 61 registers, used 1 barriers, 80 bytes smem
ptxas info    : Compile time = 16.193 ms
ptxas info    : Compiling entry function '_ZN3aut17format_strategies14dot_map_reduceINS_7storage4e1m6ENS0_8strategyILNS0_11decode_kindE1ELi8ELNS0_14table_locationE0ELNS0_11unpack_kindE1EEEEEvPKNS2_5codecIT_E12storage_typeESE_mNS0_12table_bundleEPd' for 'sm_90'
ptxas info    : Function properties for _ZN3aut17format_strategies14dot_map_reduceINS_7storage4e1m6ENS0_8strategyILNS0_11decode_kindE1ELi8ELNS0_14table_locationE0ELNS0_11unpack_kindE1EEEEEvPKNS2_5codecIT_E12storage_typeESE_mNS0_12table_bundleEPd
    0 bytes stack frame, 0 bytes spill stores, 0 bytes spill loads
ptxas info    : Used 62 registers, used 1 barriers, 80 bytes smem
ptxas info    : Compile time = 15.548 ms
ptxas info    : Compiling entry function '_ZN3aut17format_strategies12decode_codesINS_7storage4e1m6ENS0_8strategyILNS0_11decode_kindE1ELi8ELNS0_14table_locationE0ELNS0_11unpack_kindE1EEEEEvPKNS2_5codecIT_E12storage_typeEmNS0_12table_bundleEPd' for 'sm_90'
ptxas info    : Function properties for _ZN3aut17format_strategies12decode_codesINS_7storage4e1m6ENS0_8strategyILNS0_11decode_kindE1ELi8ELNS0_14table_locationE0ELNS0_11unpack_kindE1EEEEEvPKNS2_5codecIT_E12storage_typeEmNS0_12table_bundleEPd
    0 bytes stack frame, 0 bytes spill stores, 0 bytes spill loads
ptxas info    : Used 32 registers, used 0 barriers
ptxas info    : Compile time = 10.899 ms
ptxas info    : Compiling entry function '_ZN3aut17format_strategies4gemvINS_7storage4e1m6ENS0_8strategyILNS0_11decode_kindE1ELi4ELNS0_14table_locationE0ELNS0_11unpack_kindE1EEEEEvPKNS2_5codecIT_E12storage_typeESE_mmmNS0_12table_bundleEPd' for 'sm_90'
ptxas info    : Function properties for _ZN3aut17format_strategies4gemvINS_7storage4e1m6ENS0_8strategyILNS0_11decode_kindE1ELi4ELNS0_14table_locationE0ELNS0_11unpack_kindE1EEEEEvPKNS2_5codecIT_E12storage_typeESE_mmmNS0_12table_bundleEPd
    0 bytes stack frame, 0 bytes spill stores, 0 bytes spill loads
ptxas info    : Used 38 registers, used 1 barriers, 80 bytes smem
ptxas info    : Compile time = 10.705 ms
ptxas info    : Compiling entry function '_ZN3aut17format_strategies14dot_map_reduceINS_7storage4e1m6ENS0_8strategyILNS0_11decode_kindE1ELi4ELNS0_14table_locationE0ELNS0_11unpack_kindE1EEEEEvPKNS2_5codecIT_E12storage_typeESE_mNS0_12table_bundleEPd' for 'sm_90'
ptxas info    : Function properties for _ZN3aut17format_strategies14dot_map_reduceINS_7storage4e1m6ENS0_8strategyILNS0_11decode_kindE1ELi4ELNS0_14table_locationE0ELNS0_11unpack_kindE1EEEEEvPKNS2_5codecIT_E12storage_typeESE_mNS0_12table_bundleEPd
    0 bytes stack frame, 0 bytes spill stores, 0 bytes spill loads
ptxas info    : Used 40 registers, used 1 barriers, 80 bytes smem
ptxas info    : Compile time = 10.601 ms
ptxas info    : Compiling entry function '_ZN3aut17format_strategies12decode_codesINS_7storage4e1m6ENS0_8strategyILNS0_11decode_kindE1ELi4ELNS0_14table_locationE0ELNS0_11unpack_kindE1EEEEEvPKNS2_5codecIT_E12storage_typeEmNS0_12table_bundleEPd' for 'sm_90'
ptxas info    : Function properties for _ZN3aut17format_strategies12decode_codesINS_7storage4e1m6ENS0_8strategyILNS0_11decode_kindE1ELi4ELNS0_14table_locationE0ELNS0_11unpack_kindE1EEEEEvPKNS2_5codecIT_E12storage_typeEmNS0_12table_bundleEPd
    0 bytes stack frame, 0 bytes spill stores, 0 bytes spill loads
ptxas info    : Used 24 registers, used 0 barriers
ptxas info    : Compile time = 8.704 ms
ptxas info    : Compiling entry function '_ZN3aut17format_strategies4gemvINS_7storage4e1m6ENS0_8strategyILNS0_11decode_kindE13ELi8ELNS0_14table_locationE0ELNS0_11unpack_kindE0EEEEEvPKNS2_5codecIT_E12storage_typeESE_mmmNS0_12table_bundleEPd' for 'sm_90'
ptxas info    : Function properties for _ZN3aut17format_strategies4gemvINS_7storage4e1m6ENS0_8strategyILNS0_11decode_kindE13ELi8ELNS0_14table_locationE0ELNS0_11unpack_kindE0EEEEEvPKNS2_5codecIT_E12storage_typeESE_mmmNS0_12table_bundleEPd
    0 bytes stack frame, 0 bytes spill stores, 0 bytes spill loads
ptxas info    : Used 40 registers, used 1 barriers, 80 bytes smem
ptxas info    : Compile time = 5.898 ms
ptxas info    : Compiling entry function '_ZN3aut17format_strategies14dot_map_reduceINS_7storage4e1m6ENS0_8strategyILNS0_11decode_kindE13ELi8ELNS0_14table_locationE0ELNS0_11unpack_kindE0EEEEEvPKNS2_5codecIT_E12storage_typeESE_mNS0_12table_bundleEPd' for 'sm_90'
ptxas info    : Function properties for _ZN3aut17format_strategies14dot_map_reduceINS_7storage4e1m6ENS0_8strategyILNS0_11decode_kindE13ELi8ELNS0_14table_locationE0ELNS0_11unpack_kindE0EEEEEvPKNS2_5codecIT_E12storage_typeESE_mNS0_12table_bundleEPd
    0 bytes stack frame, 0 bytes spill stores, 0 bytes spill loads
ptxas info    : Used 40 registers, used 1 barriers, 80 bytes smem
ptxas info    : Compile time = 5.967 ms
ptxas info    : Compiling entry function '_ZN3aut17format_strategies12decode_codesINS_7storage4e1m6ENS0_8strategyILNS0_11decode_kindE13ELi8ELNS0_14table_locationE0ELNS0_11unpack_kindE0EEEEEvPKNS2_5codecIT_E12storage_typeEmNS0_12table_bundleEPd' for 'sm_90'
ptxas info    : Function properties for _ZN3aut17format_strategies12decode_codesINS_7storage4e1m6ENS0_8strategyILNS0_11decode_kindE13ELi8ELNS0_14table_locationE0ELNS0_11unpack_kindE0EEEEEvPKNS2_5codecIT_E12storage_typeEmNS0_12table_bundleEPd
    0 bytes stack frame, 0 bytes spill stores, 0 bytes spill loads
ptxas info    : Used 22 registers, used 0 barriers
ptxas info    : Compile time = 7.050 ms
ptxas info    : Compiling entry function '_ZN3aut17format_strategies4gemvINS_7storage4e1m6ENS0_8strategyILNS0_11decode_kindE13ELi4ELNS0_14table_locationE0ELNS0_11unpack_kindE0EEEEEvPKNS2_5codecIT_E12storage_typeESE_mmmNS0_12table_bundleEPd' for 'sm_90'
ptxas info    : Function properties for _ZN3aut17format_strategies4gemvINS_7storage4e1m6ENS0_8strategyILNS0_11decode_kindE13ELi4ELNS0_14table_locationE0ELNS0_11unpack_kindE0EEEEEvPKNS2_5codecIT_E12storage_typeESE_mmmNS0_12table_bundleEPd
    0 bytes stack frame, 0 bytes spill stores, 0 bytes spill loads
ptxas info    : Used 28 registers, used 1 barriers, 80 bytes smem
ptxas info    : Compile time = 5.168 ms
ptxas info    : Compiling entry function '_ZN3aut17format_strategies14dot_map_reduceINS_7storage4e1m6ENS0_8strategyILNS0_11decode_kindE13ELi4ELNS0_14table_locationE0ELNS0_11unpack_kindE0EEEEEvPKNS2_5codecIT_E12storage_typeESE_mNS0_12table_bundleEPd' for 'sm_90'
ptxas info    : Function properties for _ZN3aut17format_strategies14dot_map_reduceINS_7storage4e1m6ENS0_8strategyILNS0_11decode_kindE13ELi4ELNS0_14table_locationE0ELNS0_11unpack_kindE0EEEEEvPKNS2_5codecIT_E12storage_typeESE_mNS0_12table_bundleEPd
    0 bytes stack frame, 0 bytes spill stores, 0 bytes spill loads
ptxas info    : Used 30 registers, used 1 barriers, 80 bytes smem
ptxas info    : Compile time = 5.054 ms
ptxas info    : Compiling entry function '_ZN3aut17format_strategies12decode_codesINS_7storage4e1m6ENS0_8strategyILNS0_11decode_kindE13ELi4ELNS0_14table_locationE0ELNS0_11unpack_kindE0EEEEEvPKNS2_5codecIT_E12storage_typeEmNS0_12table_bundleEPd' for 'sm_90'
ptxas info    : Function properties for _ZN3aut17format_strategies12decode_codesINS_7storage4e1m6ENS0_8strategyILNS0_11decode_kindE13ELi4ELNS0_14table_locationE0ELNS0_11unpack_kindE0EEEEEvPKNS2_5codecIT_E12storage_typeEmNS0_12table_bundleEPd
    0 bytes stack frame, 0 bytes spill stores, 0 bytes spill loads
ptxas info    : Used 22 registers, used 0 barriers
ptxas info    : Compile time = 6.828 ms
ptxas info    : Compiling entry function '_ZN3aut17format_strategies4gemvINS_7storage4e1m6ENS0_8strategyILNS0_11decode_kindE7ELi8ELNS0_14table_locationE1ELNS0_11unpack_kindE0EEEEEvPKNS2_5codecIT_E12storage_typeESE_mmmNS0_12table_bundleEPd' for 'sm_90'
ptxas info    : Function properties for _ZN3aut17format_strategies4gemvINS_7storage4e1m6ENS0_8strategyILNS0_11decode_kindE7ELi8ELNS0_14table_locationE1ELNS0_11unpack_kindE0EEEEEvPKNS2_5codecIT_E12storage_typeESE_mmmNS0_12table_bundleEPd
    0 bytes stack frame, 0 bytes spill stores, 0 bytes spill loads
ptxas info    : Used 40 registers, used 1 barriers, 80 bytes smem
ptxas info    : Compile time = 11.578 ms
ptxas info    : Compiling entry function '_ZN3aut17format_strategies14dot_map_reduceINS_7storage4e1m6ENS0_8strategyILNS0_11decode_kindE7ELi8ELNS0_14table_locationE1ELNS0_11unpack_kindE0EEEEEvPKNS2_5codecIT_E12storage_typeESE_mNS0_12table_bundleEPd' for 'sm_90'
ptxas info    : Function properties for _ZN3aut17format_strategies14dot_map_reduceINS_7storage4e1m6ENS0_8strategyILNS0_11decode_kindE7ELi8ELNS0_14table_locationE1ELNS0_11unpack_kindE0EEEEEvPKNS2_5codecIT_E12storage_typeESE_mNS0_12table_bundleEPd
    0 bytes stack frame, 0 bytes spill stores, 0 bytes spill loads
ptxas info    : Used 40 registers, used 1 barriers, 80 bytes smem
ptxas info    : Compile time = 11.389 ms
ptxas info    : Compiling entry function '_ZN3aut17format_strategies12decode_codesINS_7storage4e1m6ENS0_8strategyILNS0_11decode_kindE7ELi8ELNS0_14table_locationE1ELNS0_11unpack_kindE0EEEEEvPKNS2_5codecIT_E12storage_typeEmNS0_12table_bundleEPd' for 'sm_90'
ptxas info    : Function properties for _ZN3aut17format_strategies12decode_codesINS_7storage4e1m6ENS0_8strategyILNS0_11decode_kindE7ELi8ELNS0_14table_locationE1ELNS0_11unpack_kindE0EEEEEvPKNS2_5codecIT_E12storage_typeEmNS0_12table_bundleEPd
    0 bytes stack frame, 0 bytes spill stores, 0 bytes spill loads
ptxas info    : Used 31 registers, used 1 barriers
ptxas info    : Compile time = 7.977 ms
ptxas info    : Compiling entry function '_ZN3aut17format_strategies4gemvINS_7storage4e1m6ENS0_8strategyILNS0_11decode_kindE7ELi4ELNS0_14table_locationE0ELNS0_11unpack_kindE0EEEEEvPKNS2_5codecIT_E12storage_typeESE_mmmNS0_12table_bundleEPd' for 'sm_90'
ptxas info    : Function properties for _ZN3aut17format_strategies4gemvINS_7storage4e1m6ENS0_8strategyILNS0_11decode_kindE7ELi4ELNS0_14table_locationE0ELNS0_11unpack_kindE0EEEEEvPKNS2_5codecIT_E12storage_typeESE_mmmNS0_12table_bundleEPd
    0 bytes stack frame, 0 bytes spill stores, 0 bytes spill loads
ptxas info    : Used 32 registers, used 1 barriers, 80 bytes smem
ptxas info    : Compile time = 7.492 ms
ptxas info    : Compiling entry function '_ZN3aut17format_strategies14dot_map_reduceINS_7storage4e1m6ENS0_8strategyILNS0_11decode_kindE7ELi4ELNS0_14table_locationE0ELNS0_11unpack_kindE0EEEEEvPKNS2_5codecIT_E12storage_typeESE_mNS0_12table_bundleEPd' for 'sm_90'
ptxas info    : Function properties for _ZN3aut17format_strategies14dot_map_reduceINS_7storage4e1m6ENS0_8strategyILNS0_11decode_kindE7ELi4ELNS0_14table_locationE0ELNS0_11unpack_kindE0EEEEEvPKNS2_5codecIT_E12storage_typeESE_mNS0_12table_bundleEPd
    0 bytes stack frame, 0 bytes spill stores, 0 bytes spill loads
ptxas info    : Used 32 registers, used 1 barriers, 80 bytes smem
ptxas info    : Compile time = 7.191 ms
ptxas info    : Compiling entry function '_ZN3aut17format_strategies12decode_codesINS_7storage4e1m6ENS0_8strategyILNS0_11decode_kindE7ELi4ELNS0_14table_locationE0ELNS0_11unpack_kindE0EEEEEvPKNS2_5codecIT_E12storage_typeEmNS0_12table_bundleEPd' for 'sm_90'
ptxas info    : Function properties for _ZN3aut17format_strategies12decode_codesINS_7storage4e1m6ENS0_8strategyILNS0_11decode_kindE7ELi4ELNS0_14table_locationE0ELNS0_11unpack_kindE0EEEEEvPKNS2_5codecIT_E12storage_typeEmNS0_12table_bundleEPd
    0 bytes stack frame, 0 bytes spill stores, 0 bytes spill loads
ptxas info    : Used 24 registers, used 0 barriers
ptxas info    : Compile time = 5.799 ms
ptxas info    : Compiling entry function '_ZN3aut17format_strategies4gemvINS_7storage4e1m6ENS0_8strategyILNS0_11decode_kindE6ELi8ELNS0_14table_locationE1ELNS0_11unpack_kindE0EEEEEvPKNS2_5codecIT_E12storage_typeESE_mmmNS0_12table_bundleEPd' for 'sm_90'
ptxas info    : Function properties for _ZN3aut17format_strategies4gemvINS_7storage4e1m6ENS0_8strategyILNS0_11decode_kindE6ELi8ELNS0_14table_locationE1ELNS0_11unpack_kindE0EEEEEvPKNS2_5codecIT_E12storage_typeESE_mmmNS0_12table_bundleEPd
    0 bytes stack frame, 0 bytes spill stores, 0 bytes spill loads
ptxas info    : Used 36 registers, used 1 barriers, 80 bytes smem
ptxas info    : Compile time = 6.974 ms
ptxas info    : Compiling entry function '_ZN3aut17format_strategies14dot_map_reduceINS_7storage4e1m6ENS0_8strategyILNS0_11decode_kindE6ELi8ELNS0_14table_locationE1ELNS0_11unpack_kindE0EEEEEvPKNS2_5codecIT_E12storage_typeESE_mNS0_12table_bundleEPd' for 'sm_90'
ptxas info    : Function properties for _ZN3aut17format_strategies14dot_map_reduceINS_7storage4e1m6ENS0_8strategyILNS0_11decode_kindE6ELi8ELNS0_14table_locationE1ELNS0_11unpack_kindE0EEEEEvPKNS2_5codecIT_E12storage_typeESE_mNS0_12table_bundleEPd
    0 bytes stack frame, 0 bytes spill stores, 0 bytes spill loads
ptxas info    : Used 44 registers, used 1 barriers, 80 bytes smem
ptxas info    : Compile time = 6.824 ms
ptxas info    : Compiling entry function '_ZN3aut17format_strategies12decode_codesINS_7storage4e1m6ENS0_8strategyILNS0_11decode_kindE6ELi8ELNS0_14table_locationE1ELNS0_11unpack_kindE0EEEEEvPKNS2_5codecIT_E12storage_typeEmNS0_12table_bundleEPd' for 'sm_90'
ptxas info    : Function properties for _ZN3aut17format_strategies12decode_codesINS_7storage4e1m6ENS0_8strategyILNS0_11decode_kindE6ELi8ELNS0_14table_locationE1ELNS0_11unpack_kindE0EEEEEvPKNS2_5codecIT_E12storage_typeEmNS0_12table_bundleEPd
    0 bytes stack frame, 0 bytes spill stores, 0 bytes spill loads
ptxas info    : Used 24 registers, used 1 barriers
ptxas info    : Compile time = 7.743 ms
ptxas info    : Compiling entry function '_ZN3aut17format_strategies4gemvINS_7storage4e1m6ENS0_8strategyILNS0_11decode_kindE6ELi4ELNS0_14table_locationE1ELNS0_11unpack_kindE0EEEEEvPKNS2_5codecIT_E12storage_typeESE_mmmNS0_12table_bundleEPd' for 'sm_90'
ptxas info    : Function properties for _ZN3aut17format_strategies4gemvINS_7storage4e1m6ENS0_8strategyILNS0_11decode_kindE6ELi4ELNS0_14table_locationE1ELNS0_11unpack_kindE0EEEEEvPKNS2_5codecIT_E12storage_typeESE_mmmNS0_12table_bundleEPd
    0 bytes stack frame, 0 bytes spill stores, 0 bytes spill loads
ptxas info    : Used 32 registers, used 1 barriers, 80 bytes smem
ptxas info    : Compile time = 5.997 ms
ptxas info    : Compiling entry function '_ZN3aut17format_strategies14dot_map_reduceINS_7storage4e1m6ENS0_8strategyILNS0_11decode_kindE6ELi4ELNS0_14table_locationE1ELNS0_11unpack_kindE0EEEEEvPKNS2_5codecIT_E12storage_typeESE_mNS0_12table_bundleEPd' for 'sm_90'
ptxas info    : Function properties for _ZN3aut17format_strategies14dot_map_reduceINS_7storage4e1m6ENS0_8strategyILNS0_11decode_kindE6ELi4ELNS0_14table_locationE1ELNS0_11unpack_kindE0EEEEEvPKNS2_5codecIT_E12storage_typeESE_mNS0_12table_bundleEPd
    0 bytes stack frame, 0 bytes spill stores, 0 bytes spill loads
ptxas info    : Used 40 registers, used 1 barriers, 80 bytes smem
ptxas info    : Compile time = 5.910 ms
ptxas info    : Compiling entry function '_ZN3aut17format_strategies12decode_codesINS_7storage4e1m6ENS0_8strategyILNS0_11decode_kindE6ELi4ELNS0_14table_locationE1ELNS0_11unpack_kindE0EEEEEvPKNS2_5codecIT_E12storage_typeEmNS0_12table_bundleEPd' for 'sm_90'
ptxas info    : Function properties for _ZN3aut17format_strategies12decode_codesINS_7storage4e1m6ENS0_8strategyILNS0_11decode_kindE6ELi4ELNS0_14table_locationE1ELNS0_11unpack_kindE0EEEEEvPKNS2_5codecIT_E12storage_typeEmNS0_12table_bundleEPd
    0 bytes stack frame, 0 bytes spill stores, 0 bytes spill loads
ptxas info    : Used 20 registers, used 1 barriers
ptxas info    : Compile time = 7.422 ms
ptxas info    : Compiling entry function '_ZN3aut17format_strategies4gemvINS_7storage4e1m6ENS0_8strategyILNS0_11decode_kindE6ELi8ELNS0_14table_locationE0ELNS0_11unpack_kindE0EEEEEvPKNS2_5codecIT_E12storage_typeESE_mmmNS0_12table_bundleEPd' for 'sm_90'
ptxas info    : Function properties for _ZN3aut17format_strategies4gemvINS_7storage4e1m6ENS0_8strategyILNS0_11decode_kindE6ELi8ELNS0_14table_locationE0ELNS0_11unpack_kindE0EEEEEvPKNS2_5codecIT_E12storage_typeESE_mmmNS0_12table_bundleEPd
    0 bytes stack frame, 0 bytes spill stores, 0 bytes spill loads
ptxas info    : Used 36 registers, used 1 barriers, 80 bytes smem
ptxas info    : Compile time = 6.745 ms
ptxas info    : Compiling entry function '_ZN3aut17format_strategies14dot_map_reduceINS_7storage4e1m6ENS0_8strategyILNS0_11decode_kindE6ELi8ELNS0_14table_locationE0ELNS0_11unpack_kindE0EEEEEvPKNS2_5codecIT_E12storage_typeESE_mNS0_12table_bundleEPd' for 'sm_90'
ptxas info    : Function properties for _ZN3aut17format_strategies14dot_map_reduceINS_7storage4e1m6ENS0_8strategyILNS0_11decode_kindE6ELi8ELNS0_14table_locationE0ELNS0_11unpack_kindE0EEEEEvPKNS2_5codecIT_E12storage_typeESE_mNS0_12table_bundleEPd
    0 bytes stack frame, 0 bytes spill stores, 0 bytes spill loads
ptxas info    : Used 42 registers, used 1 barriers, 80 bytes smem
ptxas info    : Compile time = 6.741 ms
ptxas info    : Compiling entry function '_ZN3aut17format_strategies12decode_codesINS_7storage4e1m6ENS0_8strategyILNS0_11decode_kindE6ELi8ELNS0_14table_locationE0ELNS0_11unpack_kindE0EEEEEvPKNS2_5codecIT_E12storage_typeEmNS0_12table_bundleEPd' for 'sm_90'
ptxas info    : Function properties for _ZN3aut17format_strategies12decode_codesINS_7storage4e1m6ENS0_8strategyILNS0_11decode_kindE6ELi8ELNS0_14table_locationE0ELNS0_11unpack_kindE0EEEEEvPKNS2_5codecIT_E12storage_typeEmNS0_12table_bundleEPd
    0 bytes stack frame, 0 bytes spill stores, 0 bytes spill loads
ptxas info    : Used 26 registers, used 0 barriers
ptxas info    : Compile time = 7.473 ms
ptxas info    : Compiling entry function '_ZN3aut17format_strategies4gemvINS_7storage4e1m6ENS0_8strategyILNS0_11decode_kindE6ELi4ELNS0_14table_locationE0ELNS0_11unpack_kindE0EEEEEvPKNS2_5codecIT_E12storage_typeESE_mmmNS0_12table_bundleEPd' for 'sm_90'
ptxas info    : Function properties for _ZN3aut17format_strategies4gemvINS_7storage4e1m6ENS0_8strategyILNS0_11decode_kindE6ELi4ELNS0_14table_locationE0ELNS0_11unpack_kindE0EEEEEvPKNS2_5codecIT_E12storage_typeESE_mmmNS0_12table_bundleEPd
    0 bytes stack frame, 0 bytes spill stores, 0 bytes spill loads
ptxas info    : Used 32 registers, used 1 barriers, 80 bytes smem
ptxas info    : Compile time = 5.553 ms
ptxas info    : Compiling entry function '_ZN3aut17format_strategies14dot_map_reduceINS_7storage4e1m6ENS0_8strategyILNS0_11decode_kindE6ELi4ELNS0_14table_locationE0ELNS0_11unpack_kindE0EEEEEvPKNS2_5codecIT_E12storage_typeESE_mNS0_12table_bundleEPd' for 'sm_90'
ptxas info    : Function properties for _ZN3aut17format_strategies14dot_map_reduceINS_7storage4e1m6ENS0_8strategyILNS0_11decode_kindE6ELi4ELNS0_14table_locationE0ELNS0_11unpack_kindE0EEEEEvPKNS2_5codecIT_E12storage_typeESE_mNS0_12table_bundleEPd
    0 bytes stack frame, 0 bytes spill stores, 0 bytes spill loads
ptxas info    : Used 32 registers, used 1 barriers, 80 bytes smem
ptxas info    : Compile time = 5.564 ms
ptxas info    : Compiling entry function '_ZN3aut17format_strategies12decode_codesINS_7storage4e1m6ENS0_8strategyILNS0_11decode_kindE6ELi4ELNS0_14table_locationE0ELNS0_11unpack_kindE0EEEEEvPKNS2_5codecIT_E12storage_typeEmNS0_12table_bundleEPd' for 'sm_90'
ptxas info    : Function properties for _ZN3aut17format_strategies12decode_codesINS_7storage4e1m6ENS0_8strategyILNS0_11decode_kindE6ELi4ELNS0_14table_locationE0ELNS0_11unpack_kindE0EEEEEvPKNS2_5codecIT_E12storage_typeEmNS0_12table_bundleEPd
    0 bytes stack frame, 0 bytes spill stores, 0 bytes spill loads
ptxas info    : Used 22 registers, used 0 barriers
ptxas info    : Compile time = 6.991 ms
ptxas info    : Compiling entry function '_ZN3aut17format_strategies4gemvINS_7storage4e1m6ENS0_8strategyILNS0_11decode_kindE6ELi1ELNS0_14table_locationE0ELNS0_11unpack_kindE0EEEEEvPKNS2_5codecIT_E12storage_typeESE_mmmNS0_12table_bundleEPd' for 'sm_90'
ptxas info    : Function properties for _ZN3aut17format_strategies4gemvINS_7storage4e1m6ENS0_8strategyILNS0_11decode_kindE6ELi1ELNS0_14table_locationE0ELNS0_11unpack_kindE0EEEEEvPKNS2_5codecIT_E12storage_typeESE_mmmNS0_12table_bundleEPd
    0 bytes stack frame, 0 bytes spill stores, 0 bytes spill loads
ptxas info    : Used 24 registers, used 1 barriers, 80 bytes smem
ptxas info    : Compile time = 4.340 ms
ptxas info    : Compiling entry function '_ZN3aut17format_strategies14dot_map_reduceINS_7storage4e1m6ENS0_8strategyILNS0_11decode_kindE6ELi1ELNS0_14table_locationE0ELNS0_11unpack_kindE0EEEEEvPKNS2_5codecIT_E12storage_typeESE_mNS0_12table_bundleEPd' for 'sm_90'
ptxas info    : Function properties for _ZN3aut17format_strategies14dot_map_reduceINS_7storage4e1m6ENS0_8strategyILNS0_11decode_kindE6ELi1ELNS0_14table_locationE0ELNS0_11unpack_kindE0EEEEEvPKNS2_5codecIT_E12storage_typeESE_mNS0_12table_bundleEPd
    0 bytes stack frame, 0 bytes spill stores, 0 bytes spill loads
ptxas info    : Used 26 registers, used 1 barriers, 80 bytes smem
ptxas info    : Compile time = 4.228 ms
ptxas info    : Compiling entry function '_ZN3aut17format_strategies12decode_codesINS_7storage4e1m6ENS0_8strategyILNS0_11decode_kindE6ELi1ELNS0_14table_locationE0ELNS0_11unpack_kindE0EEEEEvPKNS2_5codecIT_E12storage_typeEmNS0_12table_bundleEPd' for 'sm_90'
ptxas info    : Function properties for _ZN3aut17format_strategies12decode_codesINS_7storage4e1m6ENS0_8strategyILNS0_11decode_kindE6ELi1ELNS0_14table_locationE0ELNS0_11unpack_kindE0EEEEEvPKNS2_5codecIT_E12storage_typeEmNS0_12table_bundleEPd
    0 bytes stack frame, 0 bytes spill stores, 0 bytes spill loads
ptxas info    : Used 22 registers, used 0 barriers
ptxas info    : Compile time = 6.674 ms
ptxas info    : Compiling entry function '_ZN3aut17format_strategies4gemvINS_7storage4e1m6ENS0_8strategyILNS0_11decode_kindE4ELi8ELNS0_14table_locationE0ELNS0_11unpack_kindE0EEEEEvPKNS2_5codecIT_E12storage_typeESE_mmmNS0_12table_bundleEPd' for 'sm_90'
ptxas info    : Function properties for _ZN3aut17format_strategies4gemvINS_7storage4e1m6ENS0_8strategyILNS0_11decode_kindE4ELi8ELNS0_14table_locationE0ELNS0_11unpack_kindE0EEEEEvPKNS2_5codecIT_E12storage_typeESE_mmmNS0_12table_bundleEPd
    0 bytes stack frame, 0 bytes spill stores, 0 bytes spill loads
ptxas info    : Used 39 registers, used 1 barriers, 80 bytes smem
ptxas info    : Compile time = 7.282 ms
ptxas info    : Compiling entry function '_ZN3aut17format_strategies14dot_map_reduceINS_7storage4e1m6ENS0_8strategyILNS0_11decode_kindE4ELi8ELNS0_14table_locationE0ELNS0_11unpack_kindE0EEEEEvPKNS2_5codecIT_E12storage_typeESE_mNS0_12table_bundleEPd' for 'sm_90'
ptxas info    : Function properties for _ZN3aut17format_strategies14dot_map_reduceINS_7storage4e1m6ENS0_8strategyILNS0_11decode_kindE4ELi8ELNS0_14table_locationE0ELNS0_11unpack_kindE0EEEEEvPKNS2_5codecIT_E12storage_typeESE_mNS0_12table_bundleEPd
    0 bytes stack frame, 0 bytes spill stores, 0 bytes spill loads
ptxas info    : Used 39 registers, used 1 barriers, 80 bytes smem
ptxas info    : Compile time = 7.079 ms
ptxas info    : Compiling entry function '_ZN3aut17format_strategies12decode_codesINS_7storage4e1m6ENS0_8strategyILNS0_11decode_kindE4ELi8ELNS0_14table_locationE0ELNS0_11unpack_kindE0EEEEEvPKNS2_5codecIT_E12storage_typeEmNS0_12table_bundleEPd' for 'sm_90'
ptxas info    : Function properties for _ZN3aut17format_strategies12decode_codesINS_7storage4e1m6ENS0_8strategyILNS0_11decode_kindE4ELi8ELNS0_14table_locationE0ELNS0_11unpack_kindE0EEEEEvPKNS2_5codecIT_E12storage_typeEmNS0_12table_bundleEPd
    0 bytes stack frame, 0 bytes spill stores, 0 bytes spill loads
ptxas info    : Used 28 registers, used 0 barriers
ptxas info    : Compile time = 9.275 ms
ptxas info    : Compiling entry function '_ZN3aut17format_strategies4gemvINS_7storage4e1m6ENS0_8strategyILNS0_11decode_kindE4ELi4ELNS0_14table_locationE0ELNS0_11unpack_kindE0EEEEEvPKNS2_5codecIT_E12storage_typeESE_mmmNS0_12table_bundleEPd' for 'sm_90'
ptxas info    : Function properties for _ZN3aut17format_strategies4gemvINS_7storage4e1m6ENS0_8strategyILNS0_11decode_kindE4ELi4ELNS0_14table_locationE0ELNS0_11unpack_kindE0EEEEEvPKNS2_5codecIT_E12storage_typeESE_mmmNS0_12table_bundleEPd
    0 bytes stack frame, 0 bytes spill stores, 0 bytes spill loads
ptxas info    : Used 31 registers, used 1 barriers, 80 bytes smem
ptxas info    : Compile time = 5.857 ms
ptxas info    : Compiling entry function '_ZN3aut17format_strategies14dot_map_reduceINS_7storage4e1m6ENS0_8strategyILNS0_11decode_kindE4ELi4ELNS0_14table_locationE0ELNS0_11unpack_kindE0EEEEEvPKNS2_5codecIT_E12storage_typeESE_mNS0_12table_bundleEPd' for 'sm_90'
ptxas info    : Function properties for _ZN3aut17format_strategies14dot_map_reduceINS_7storage4e1m6ENS0_8strategyILNS0_11decode_kindE4ELi4ELNS0_14table_locationE0ELNS0_11unpack_kindE0EEEEEvPKNS2_5codecIT_E12storage_typeESE_mNS0_12table_bundleEPd
    0 bytes stack frame, 0 bytes spill stores, 0 bytes spill loads
ptxas info    : Used 31 registers, used 1 barriers, 80 bytes smem
ptxas info    : Compile time = 5.730 ms
ptxas info    : Compiling entry function '_ZN3aut17format_strategies12decode_codesINS_7storage4e1m6ENS0_8strategyILNS0_11decode_kindE4ELi4ELNS0_14table_locationE0ELNS0_11unpack_kindE0EEEEEvPKNS2_5codecIT_E12storage_typeEmNS0_12table_bundleEPd' for 'sm_90'
ptxas info    : Function properties for _ZN3aut17format_strategies12decode_codesINS_7storage4e1m6ENS0_8strategyILNS0_11decode_kindE4ELi4ELNS0_14table_locationE0ELNS0_11unpack_kindE0EEEEEvPKNS2_5codecIT_E12storage_typeEmNS0_12table_bundleEPd
    0 bytes stack frame, 0 bytes spill stores, 0 bytes spill loads
ptxas info    : Used 24 registers, used 0 barriers
ptxas info    : Compile time = 8.607 ms
ptxas info    : Compiling entry function '_ZN3aut17format_strategies4gemvINS_7storage4e1m6ENS0_8strategyILNS0_11decode_kindE4ELi1ELNS0_14table_locationE0ELNS0_11unpack_kindE0EEEEEvPKNS2_5codecIT_E12storage_typeESE_mmmNS0_12table_bundleEPd' for 'sm_90'
ptxas info    : Function properties for _ZN3aut17format_strategies4gemvINS_7storage4e1m6ENS0_8strategyILNS0_11decode_kindE4ELi1ELNS0_14table_locationE0ELNS0_11unpack_kindE0EEEEEvPKNS2_5codecIT_E12storage_typeESE_mmmNS0_12table_bundleEPd
    0 bytes stack frame, 0 bytes spill stores, 0 bytes spill loads
ptxas info    : Used 27 registers, used 1 barriers, 80 bytes smem
ptxas info    : Compile time = 4.549 ms
ptxas info    : Compiling entry function '_ZN3aut17format_strategies14dot_map_reduceINS_7storage4e1m6ENS0_8strategyILNS0_11decode_kindE4ELi1ELNS0_14table_locationE0ELNS0_11unpack_kindE0EEEEEvPKNS2_5codecIT_E12storage_typeESE_mNS0_12table_bundleEPd' for 'sm_90'
ptxas info    : Function properties for _ZN3aut17format_strategies14dot_map_reduceINS_7storage4e1m6ENS0_8strategyILNS0_11decode_kindE4ELi1ELNS0_14table_locationE0ELNS0_11unpack_kindE0EEEEEvPKNS2_5codecIT_E12storage_typeESE_mNS0_12table_bundleEPd
    0 bytes stack frame, 0 bytes spill stores, 0 bytes spill loads
ptxas info    : Used 28 registers, used 1 barriers, 80 bytes smem
ptxas info    : Compile time = 4.322 ms
ptxas info    : Compiling entry function '_ZN3aut17format_strategies12decode_codesINS_7storage4e1m6ENS0_8strategyILNS0_11decode_kindE4ELi1ELNS0_14table_locationE0ELNS0_11unpack_kindE0EEEEEvPKNS2_5codecIT_E12storage_typeEmNS0_12table_bundleEPd' for 'sm_90'
ptxas info    : Function properties for _ZN3aut17format_strategies12decode_codesINS_7storage4e1m6ENS0_8strategyILNS0_11decode_kindE4ELi1ELNS0_14table_locationE0ELNS0_11unpack_kindE0EEEEEvPKNS2_5codecIT_E12storage_typeEmNS0_12table_bundleEPd
    0 bytes stack frame, 0 bytes spill stores, 0 bytes spill loads
ptxas info    : Used 22 registers, used 0 barriers
ptxas info    : Compile time = 8.188 ms
ptxas info    : Compiling entry function '_ZN3aut17format_strategies4gemvINS_7storage4e1m6ENS0_8strategyILNS0_11decode_kindE3ELi8ELNS0_14table_locationE0ELNS0_11unpack_kindE0EEEEEvPKNS2_5codecIT_E12storage_typeESE_mmmNS0_12table_bundleEPd' for 'sm_90'
ptxas info    : Function properties for _ZN3aut17format_strategies4gemvINS_7storage4e1m6ENS0_8strategyILNS0_11decode_kindE3ELi8ELNS0_14table_locationE0ELNS0_11unpack_kindE0EEEEEvPKNS2_5codecIT_E12storage_typeESE_mmmNS0_12table_bundleEPd
    0 bytes stack frame, 0 bytes spill stores, 0 bytes spill loads
ptxas info    : Used 48 registers, used 1 barriers, 80 bytes smem
ptxas info    : Compile time = 12.812 ms
ptxas info    : Compiling entry function '_ZN3aut17format_strategies14dot_map_reduceINS_7storage4e1m6ENS0_8strategyILNS0_11decode_kindE3ELi8ELNS0_14table_locationE0ELNS0_11unpack_kindE0EEEEEvPKNS2_5codecIT_E12storage_typeESE_mNS0_12table_bundleEPd' for 'sm_90'
ptxas info    : Function properties for _ZN3aut17format_strategies14dot_map_reduceINS_7storage4e1m6ENS0_8strategyILNS0_11decode_kindE3ELi8ELNS0_14table_locationE0ELNS0_11unpack_kindE0EEEEEvPKNS2_5codecIT_E12storage_typeESE_mNS0_12table_bundleEPd
    0 bytes stack frame, 0 bytes spill stores, 0 bytes spill loads
ptxas info    : Used 56 registers, used 1 barriers, 80 bytes smem
ptxas info    : Compile time = 12.549 ms
ptxas info    : Compiling entry function '_ZN3aut17format_strategies12decode_codesINS_7storage4e1m6ENS0_8strategyILNS0_11decode_kindE3ELi8ELNS0_14table_locationE0ELNS0_11unpack_kindE0EEEEEvPKNS2_5codecIT_E12storage_typeEmNS0_12table_bundleEPd' for 'sm_90'
ptxas info    : Function properties for _ZN3aut17format_strategies12decode_codesINS_7storage4e1m6ENS0_8strategyILNS0_11decode_kindE3ELi8ELNS0_14table_locationE0ELNS0_11unpack_kindE0EEEEEvPKNS2_5codecIT_E12storage_typeEmNS0_12table_bundleEPd
    0 bytes stack frame, 0 bytes spill stores, 0 bytes spill loads
ptxas info    : Used 28 registers, used 0 barriers
ptxas info    : Compile time = 8.784 ms
ptxas info    : Compiling entry function '_ZN3aut17format_strategies4gemvINS_7storage4e1m6ENS0_8strategyILNS0_11decode_kindE3ELi4ELNS0_14table_locationE0ELNS0_11unpack_kindE0EEEEEvPKNS2_5codecIT_E12storage_typeESE_mmmNS0_12table_bundleEPd' for 'sm_90'
ptxas info    : Function properties for _ZN3aut17format_strategies4gemvINS_7storage4e1m6ENS0_8strategyILNS0_11decode_kindE3ELi4ELNS0_14table_locationE0ELNS0_11unpack_kindE0EEEEEvPKNS2_5codecIT_E12storage_typeESE_mmmNS0_12table_bundleEPd
    0 bytes stack frame, 0 bytes spill stores, 0 bytes spill loads
ptxas info    : Used 31 registers, used 1 barriers, 80 bytes smem
ptxas info    : Compile time = 8.867 ms
ptxas info    : Compiling entry function '_ZN3aut17format_strategies14dot_map_reduceINS_7storage4e1m6ENS0_8strategyILNS0_11decode_kindE3ELi4ELNS0_14table_locationE0ELNS0_11unpack_kindE0EEEEEvPKNS2_5codecIT_E12storage_typeESE_mNS0_12table_bundleEPd' for 'sm_90'
ptxas info    : Function properties for _ZN3aut17format_strategies14dot_map_reduceINS_7storage4e1m6ENS0_8strategyILNS0_11decode_kindE3ELi4ELNS0_14table_locationE0ELNS0_11unpack_kindE0EEEEEvPKNS2_5codecIT_E12storage_typeESE_mNS0_12table_bundleEPd
    0 bytes stack frame, 0 bytes spill stores, 0 bytes spill loads
ptxas info    : Used 32 registers, used 1 barriers, 80 bytes smem
ptxas info    : Compile time = 8.693 ms
ptxas info    : Compiling entry function '_ZN3aut17format_strategies12decode_codesINS_7storage4e1m6ENS0_8strategyILNS0_11decode_kindE3ELi4ELNS0_14table_locationE0ELNS0_11unpack_kindE0EEEEEvPKNS2_5codecIT_E12storage_typeEmNS0_12table_bundleEPd' for 'sm_90'
ptxas info    : Function properties for _ZN3aut17format_strategies12decode_codesINS_7storage4e1m6ENS0_8strategyILNS0_11decode_kindE3ELi4ELNS0_14table_locationE0ELNS0_11unpack_kindE0EEEEEvPKNS2_5codecIT_E12storage_typeEmNS0_12table_bundleEPd
    0 bytes stack frame, 0 bytes spill stores, 0 bytes spill loads
ptxas info    : Used 17 registers, used 0 barriers
ptxas info    : Compile time = 7.193 ms
ptxas info    : Compiling entry function '_ZN3aut17format_strategies4gemvINS_7storage4e1m6ENS0_8strategyILNS0_11decode_kindE3ELi1ELNS0_14table_locationE0ELNS0_11unpack_kindE0EEEEEvPKNS2_5codecIT_E12storage_typeESE_mmmNS0_12table_bundleEPd' for 'sm_90'
ptxas info    : Function properties for _ZN3aut17format_strategies4gemvINS_7storage4e1m6ENS0_8strategyILNS0_11decode_kindE3ELi1ELNS0_14table_locationE0ELNS0_11unpack_kindE0EEEEEvPKNS2_5codecIT_E12storage_typeESE_mmmNS0_12table_bundleEPd
    0 bytes stack frame, 0 bytes spill stores, 0 bytes spill loads
ptxas info    : Used 20 registers, used 1 barriers, 80 bytes smem
ptxas info    : Compile time = 6.100 ms
ptxas info    : Compiling entry function '_ZN3aut17format_strategies14dot_map_reduceINS_7storage4e1m6ENS0_8strategyILNS0_11decode_kindE3ELi1ELNS0_14table_locationE0ELNS0_11unpack_kindE0EEEEEvPKNS2_5codecIT_E12storage_typeESE_mNS0_12table_bundleEPd' for 'sm_90'
ptxas info    : Function properties for _ZN3aut17format_strategies14dot_map_reduceINS_7storage4e1m6ENS0_8strategyILNS0_11decode_kindE3ELi1ELNS0_14table_locationE0ELNS0_11unpack_kindE0EEEEEvPKNS2_5codecIT_E12storage_typeESE_mNS0_12table_bundleEPd
    0 bytes stack frame, 0 bytes spill stores, 0 bytes spill loads
ptxas info    : Used 24 registers, used 1 barriers, 80 bytes smem
ptxas info    : Compile time = 5.862 ms
ptxas info    : Compiling entry function '_ZN3aut17format_strategies12decode_codesINS_7storage4e1m6ENS0_8strategyILNS0_11decode_kindE3ELi1ELNS0_14table_locationE0ELNS0_11unpack_kindE0EEEEEvPKNS2_5codecIT_E12storage_typeEmNS0_12table_bundleEPd' for 'sm_90'
ptxas info    : Function properties for _ZN3aut17format_strategies12decode_codesINS_7storage4e1m6ENS0_8strategyILNS0_11decode_kindE3ELi1ELNS0_14table_locationE0ELNS0_11unpack_kindE0EEEEEvPKNS2_5codecIT_E12storage_typeEmNS0_12table_bundleEPd
    0 bytes stack frame, 0 bytes spill stores, 0 bytes spill loads
ptxas info    : Used 18 registers, used 0 barriers
ptxas info    : Compile time = 5.923 ms
ptxas info    : Compiling entry function '_ZN3aut17format_strategies4gemvINS_7storage4e1m6ENS0_8strategyILNS0_11decode_kindE2ELi8ELNS0_14table_locationE0ELNS0_11unpack_kindE0EEEEEvPKNS2_5codecIT_E12storage_typeESE_mmmNS0_12table_bundleEPd' for 'sm_90'
ptxas info    : Function properties for _ZN3aut17format_strategies4gemvINS_7storage4e1m6ENS0_8strategyILNS0_11decode_kindE2ELi8ELNS0_14table_locationE0ELNS0_11unpack_kindE0EEEEEvPKNS2_5codecIT_E12storage_typeESE_mmmNS0_12table_bundleEPd
    0 bytes stack frame, 0 bytes spill stores, 0 bytes spill loads
ptxas info    : Used 40 registers, used 1 barriers, 80 bytes smem
ptxas info    : Compile time = 16.544 ms
ptxas info    : Compiling entry function '_ZN3aut17format_strategies14dot_map_reduceINS_7storage4e1m6ENS0_8strategyILNS0_11decode_kindE2ELi8ELNS0_14table_locationE0ELNS0_11unpack_kindE0EEEEEvPKNS2_5codecIT_E12storage_typeESE_mNS0_12table_bundleEPd' for 'sm_90'
ptxas info    : Function properties for _ZN3aut17format_strategies14dot_map_reduceINS_7storage4e1m6ENS0_8strategyILNS0_11decode_kindE2ELi8ELNS0_14table_locationE0ELNS0_11unpack_kindE0EEEEEvPKNS2_5codecIT_E12storage_typeESE_mNS0_12table_bundleEPd
    0 bytes stack frame, 0 bytes spill stores, 0 bytes spill loads
ptxas info    : Used 39 registers, used 1 barriers, 80 bytes smem
ptxas info    : Compile time = 15.745 ms
ptxas info    : Compiling entry function '_ZN3aut17format_strategies12decode_codesINS_7storage4e1m6ENS0_8strategyILNS0_11decode_kindE2ELi8ELNS0_14table_locationE0ELNS0_11unpack_kindE0EEEEEvPKNS2_5codecIT_E12storage_typeEmNS0_12table_bundleEPd' for 'sm_90'
ptxas info    : Function properties for _ZN3aut17format_strategies12decode_codesINS_7storage4e1m6ENS0_8strategyILNS0_11decode_kindE2ELi8ELNS0_14table_locationE0ELNS0_11unpack_kindE0EEEEEvPKNS2_5codecIT_E12storage_typeEmNS0_12table_bundleEPd
    0 bytes stack frame, 0 bytes spill stores, 0 bytes spill loads
ptxas info    : Used 31 registers, used 0 barriers
ptxas info    : Compile time = 11.075 ms
ptxas info    : Compiling entry function '_ZN3aut17format_strategies4gemvINS_7storage4e1m6ENS0_8strategyILNS0_11decode_kindE2ELi4ELNS0_14table_locationE0ELNS0_11unpack_kindE0EEEEEvPKNS2_5codecIT_E12storage_typeESE_mmmNS0_12table_bundleEPd' for 'sm_90'
ptxas info    : Function properties for _ZN3aut17format_strategies4gemvINS_7storage4e1m6ENS0_8strategyILNS0_11decode_kindE2ELi4ELNS0_14table_locationE0ELNS0_11unpack_kindE0EEEEEvPKNS2_5codecIT_E12storage_typeESE_mmmNS0_12table_bundleEPd
    0 bytes stack frame, 0 bytes spill stores, 0 bytes spill loads
ptxas info    : Used 31 registers, used 1 barriers, 80 bytes smem
ptxas info    : Compile time = 10.752 ms
ptxas info    : Compiling entry function '_ZN3aut17format_strategies14dot_map_reduceINS_7storage4e1m6ENS0_8strategyILNS0_11decode_kindE2ELi4ELNS0_14table_locationE0ELNS0_11unpack_kindE0EEEEEvPKNS2_5codecIT_E12storage_typeESE_mNS0_12table_bundleEPd' for 'sm_90'
ptxas info    : Function properties for _ZN3aut17format_strategies14dot_map_reduceINS_7storage4e1m6ENS0_8strategyILNS0_11decode_kindE2ELi4ELNS0_14table_locationE0ELNS0_11unpack_kindE0EEEEEvPKNS2_5codecIT_E12storage_typeESE_mNS0_12table_bundleEPd
    0 bytes stack frame, 0 bytes spill stores, 0 bytes spill loads
ptxas info    : Used 32 registers, used 1 barriers, 80 bytes smem
ptxas info    : Compile time = 10.537 ms
ptxas info    : Compiling entry function '_ZN3aut17format_strategies12decode_codesINS_7storage4e1m6ENS0_8strategyILNS0_11decode_kindE2ELi4ELNS0_14table_locationE0ELNS0_11unpack_kindE0EEEEEvPKNS2_5codecIT_E12storage_typeEmNS0_12table_bundleEPd' for 'sm_90'
ptxas info    : Function properties for _ZN3aut17format_strategies12decode_codesINS_7storage4e1m6ENS0_8strategyILNS0_11decode_kindE2ELi4ELNS0_14table_locationE0ELNS0_11unpack_kindE0EEEEEvPKNS2_5codecIT_E12storage_typeEmNS0_12table_bundleEPd
    0 bytes stack frame, 0 bytes spill stores, 0 bytes spill loads
ptxas info    : Used 26 registers, used 0 barriers
ptxas info    : Compile time = 8.718 ms
ptxas info    : Compiling entry function '_ZN3aut17format_strategies4gemvINS_7storage4e1m6ENS0_8strategyILNS0_11decode_kindE2ELi1ELNS0_14table_locationE0ELNS0_11unpack_kindE0EEEEEvPKNS2_5codecIT_E12storage_typeESE_mmmNS0_12table_bundleEPd' for 'sm_90'
ptxas info    : Function properties for _ZN3aut17format_strategies4gemvINS_7storage4e1m6ENS0_8strategyILNS0_11decode_kindE2ELi1ELNS0_14table_locationE0ELNS0_11unpack_kindE0EEEEEvPKNS2_5codecIT_E12storage_typeESE_mmmNS0_12table_bundleEPd
    0 bytes stack frame, 0 bytes spill stores, 0 bytes spill loads
ptxas info    : Used 26 registers, used 1 barriers, 80 bytes smem
ptxas info    : Compile time = 6.791 ms
ptxas info    : Compiling entry function '_ZN3aut17format_strategies14dot_map_reduceINS_7storage4e1m6ENS0_8strategyILNS0_11decode_kindE2ELi1ELNS0_14table_locationE0ELNS0_11unpack_kindE0EEEEEvPKNS2_5codecIT_E12storage_typeESE_mNS0_12table_bundleEPd' for 'sm_90'
ptxas info    : Function properties for _ZN3aut17format_strategies14dot_map_reduceINS_7storage4e1m6ENS0_8strategyILNS0_11decode_kindE2ELi1ELNS0_14table_locationE0ELNS0_11unpack_kindE0EEEEEvPKNS2_5codecIT_E12storage_typeESE_mNS0_12table_bundleEPd
    0 bytes stack frame, 0 bytes spill stores, 0 bytes spill loads
ptxas info    : Used 28 registers, used 1 barriers, 80 bytes smem
ptxas info    : Compile time = 6.575 ms
ptxas info    : Compiling entry function '_ZN3aut17format_strategies12decode_codesINS_7storage4e1m6ENS0_8strategyILNS0_11decode_kindE2ELi1ELNS0_14table_locationE0ELNS0_11unpack_kindE0EEEEEvPKNS2_5codecIT_E12storage_typeEmNS0_12table_bundleEPd' for 'sm_90'
ptxas info    : Function properties for _ZN3aut17format_strategies12decode_codesINS_7storage4e1m6ENS0_8strategyILNS0_11decode_kindE2ELi1ELNS0_14table_locationE0ELNS0_11unpack_kindE0EEEEEvPKNS2_5codecIT_E12storage_typeEmNS0_12table_bundleEPd
    0 bytes stack frame, 0 bytes spill stores, 0 bytes spill loads
ptxas info    : Used 22 registers, used 0 barriers
ptxas info    : Compile time = 6.981 ms
ptxas info    : Compiling entry function '_ZN3aut17format_strategies4gemvINS_7storage4e1m6ENS0_8strategyILNS0_11decode_kindE1ELi8ELNS0_14table_locationE0ELNS0_11unpack_kindE0EEEEEvPKNS2_5codecIT_E12storage_typeESE_mmmNS0_12table_bundleEPd' for 'sm_90'
ptxas info    : Function properties for _ZN3aut17format_strategies4gemvINS_7storage4e1m6ENS0_8strategyILNS0_11decode_kindE1ELi8ELNS0_14table_locationE0ELNS0_11unpack_kindE0EEEEEvPKNS2_5codecIT_E12storage_typeESE_mmmNS0_12table_bundleEPd
    0 bytes stack frame, 0 bytes spill stores, 0 bytes spill loads
ptxas info    : Used 61 registers, used 1 barriers, 80 bytes smem
ptxas info    : Compile time = 16.000 ms
ptxas info    : Compiling entry function '_ZN3aut17format_strategies14dot_map_reduceINS_7storage4e1m6ENS0_8strategyILNS0_11decode_kindE1ELi8ELNS0_14table_locationE0ELNS0_11unpack_kindE0EEEEEvPKNS2_5codecIT_E12storage_typeESE_mNS0_12table_bundleEPd' for 'sm_90'
ptxas info    : Function properties for _ZN3aut17format_strategies14dot_map_reduceINS_7storage4e1m6ENS0_8strategyILNS0_11decode_kindE1ELi8ELNS0_14table_locationE0ELNS0_11unpack_kindE0EEEEEvPKNS2_5codecIT_E12storage_typeESE_mNS0_12table_bundleEPd
    0 bytes stack frame, 0 bytes spill stores, 0 bytes spill loads
ptxas info    : Used 61 registers, used 1 barriers, 80 bytes smem
ptxas info    : Compile time = 15.247 ms
ptxas info    : Compiling entry function '_ZN3aut17format_strategies12decode_codesINS_7storage4e1m6ENS0_8strategyILNS0_11decode_kindE1ELi8ELNS0_14table_locationE0ELNS0_11unpack_kindE0EEEEEvPKNS2_5codecIT_E12storage_typeEmNS0_12table_bundleEPd' for 'sm_90'
ptxas info    : Function properties for _ZN3aut17format_strategies12decode_codesINS_7storage4e1m6ENS0_8strategyILNS0_11decode_kindE1ELi8ELNS0_14table_locationE0ELNS0_11unpack_kindE0EEEEEvPKNS2_5codecIT_E12storage_typeEmNS0_12table_bundleEPd
    0 bytes stack frame, 0 bytes spill stores, 0 bytes spill loads
ptxas info    : Used 29 registers, used 0 barriers
ptxas info    : Compile time = 10.772 ms
ptxas info    : Compiling entry function '_ZN3aut17format_strategies4gemvINS_7storage4e1m6ENS0_8strategyILNS0_11decode_kindE1ELi4ELNS0_14table_locationE0ELNS0_11unpack_kindE0EEEEEvPKNS2_5codecIT_E12storage_typeESE_mmmNS0_12table_bundleEPd' for 'sm_90'
ptxas info    : Function properties for _ZN3aut17format_strategies4gemvINS_7storage4e1m6ENS0_8strategyILNS0_11decode_kindE1ELi4ELNS0_14table_locationE0ELNS0_11unpack_kindE0EEEEEvPKNS2_5codecIT_E12storage_typeESE_mmmNS0_12table_bundleEPd
    0 bytes stack frame, 0 bytes spill stores, 0 bytes spill loads
ptxas info    : Used 38 registers, used 1 barriers, 80 bytes smem
ptxas info    : Compile time = 10.520 ms
ptxas info    : Compiling entry function '_ZN3aut17format_strategies14dot_map_reduceINS_7storage4e1m6ENS0_8strategyILNS0_11decode_kindE1ELi4ELNS0_14table_locationE0ELNS0_11unpack_kindE0EEEEEvPKNS2_5codecIT_E12storage_typeESE_mNS0_12table_bundleEPd' for 'sm_90'
ptxas info    : Function properties for _ZN3aut17format_strategies14dot_map_reduceINS_7storage4e1m6ENS0_8strategyILNS0_11decode_kindE1ELi4ELNS0_14table_locationE0ELNS0_11unpack_kindE0EEEEEvPKNS2_5codecIT_E12storage_typeESE_mNS0_12table_bundleEPd
    0 bytes stack frame, 0 bytes spill stores, 0 bytes spill loads
ptxas info    : Used 40 registers, used 1 barriers, 80 bytes smem
ptxas info    : Compile time = 10.415 ms
ptxas info    : Compiling entry function '_ZN3aut17format_strategies12decode_codesINS_7storage4e1m6ENS0_8strategyILNS0_11decode_kindE1ELi4ELNS0_14table_locationE0ELNS0_11unpack_kindE0EEEEEvPKNS2_5codecIT_E12storage_typeEmNS0_12table_bundleEPd' for 'sm_90'
ptxas info    : Function properties for _ZN3aut17format_strategies12decode_codesINS_7storage4e1m6ENS0_8strategyILNS0_11decode_kindE1ELi4ELNS0_14table_locationE0ELNS0_11unpack_kindE0EEEEEvPKNS2_5codecIT_E12storage_typeEmNS0_12table_bundleEPd
    0 bytes stack frame, 0 bytes spill stores, 0 bytes spill loads
ptxas info    : Used 22 registers, used 0 barriers
ptxas info    : Compile time = 8.615 ms
ptxas info    : Compiling entry function '_ZN3aut17format_strategies4gemvINS_7storage4e1m6ENS0_8strategyILNS0_11decode_kindE1ELi1ELNS0_14table_locationE0ELNS0_11unpack_kindE0EEEEEvPKNS2_5codecIT_E12storage_typeESE_mmmNS0_12table_bundleEPd' for 'sm_90'
ptxas info    : Function properties for _ZN3aut17format_strategies4gemvINS_7storage4e1m6ENS0_8strategyILNS0_11decode_kindE1ELi1ELNS0_14table_locationE0ELNS0_11unpack_kindE0EEEEEvPKNS2_5codecIT_E12storage_typeESE_mmmNS0_12table_bundleEPd
    0 bytes stack frame, 0 bytes spill stores, 0 bytes spill loads
ptxas info    : Used 21 registers, used 1 barriers, 80 bytes smem
ptxas info    : Compile time = 6.838 ms
ptxas info    : Compiling entry function '_ZN3aut17format_strategies14dot_map_reduceINS_7storage4e1m6ENS0_8strategyILNS0_11decode_kindE1ELi1ELNS0_14table_locationE0ELNS0_11unpack_kindE0EEEEEvPKNS2_5codecIT_E12storage_typeESE_mNS0_12table_bundleEPd' for 'sm_90'
ptxas info    : Function properties for _ZN3aut17format_strategies14dot_map_reduceINS_7storage4e1m6ENS0_8strategyILNS0_11decode_kindE1ELi1ELNS0_14table_locationE0ELNS0_11unpack_kindE0EEEEEvPKNS2_5codecIT_E12storage_typeESE_mNS0_12table_bundleEPd
    0 bytes stack frame, 0 bytes spill stores, 0 bytes spill loads
ptxas info    : Used 26 registers, used 1 barriers, 80 bytes smem
ptxas info    : Compile time = 6.574 ms
ptxas info    : Compiling entry function '_ZN3aut17format_strategies12decode_codesINS_7storage4e1m6ENS0_8strategyILNS0_11decode_kindE1ELi1ELNS0_14table_locationE0ELNS0_11unpack_kindE0EEEEEvPKNS2_5codecIT_E12storage_typeEmNS0_12table_bundleEPd' for 'sm_90'
ptxas info    : Function properties for _ZN3aut17format_strategies12decode_codesINS_7storage4e1m6ENS0_8strategyILNS0_11decode_kindE1ELi1ELNS0_14table_locationE0ELNS0_11unpack_kindE0EEEEEvPKNS2_5codecIT_E12storage_typeEmNS0_12table_bundleEPd
    0 bytes stack frame, 0 bytes spill stores, 0 bytes spill loads
ptxas info    : Used 19 registers, used 0 barriers
ptxas info    : Compile time = 6.867 ms
ptxas info    : Compiling entry function '_ZN3aut17format_strategies4gemvINS_7storage4e1m6ENS0_8strategyILNS0_11decode_kindE0ELi8ELNS0_14table_locationE0ELNS0_11unpack_kindE0EEEEEvPKNS2_5codecIT_E12storage_typeESE_mmmNS0_12table_bundleEPd' for 'sm_90'
ptxas info    : Function properties for _ZN3aut17format_strategies4gemvINS_7storage4e1m6ENS0_8strategyILNS0_11decode_kindE0ELi8ELNS0_14table_locationE0ELNS0_11unpack_kindE0EEEEEvPKNS2_5codecIT_E12storage_typeESE_mmmNS0_12table_bundleEPd
    0 bytes stack frame, 0 bytes spill stores, 0 bytes spill loads
ptxas info    : Used 64 registers, used 1 barriers, 80 bytes smem
ptxas info    : Compile time = 16.821 ms
ptxas info    : Compiling entry function '_ZN3aut17format_strategies14dot_map_reduceINS_7storage4e1m6ENS0_8strategyILNS0_11decode_kindE0ELi8ELNS0_14table_locationE0ELNS0_11unpack_kindE0EEEEEvPKNS2_5codecIT_E12storage_typeESE_mNS0_12table_bundleEPd' for 'sm_90'
ptxas info    : Function properties for _ZN3aut17format_strategies14dot_map_reduceINS_7storage4e1m6ENS0_8strategyILNS0_11decode_kindE0ELi8ELNS0_14table_locationE0ELNS0_11unpack_kindE0EEEEEvPKNS2_5codecIT_E12storage_typeESE_mNS0_12table_bundleEPd
    0 bytes stack frame, 0 bytes spill stores, 0 bytes spill loads
ptxas info    : Used 64 registers, used 1 barriers, 80 bytes smem
ptxas info    : Compile time = 16.615 ms
ptxas info    : Compiling entry function '_ZN3aut17format_strategies12decode_codesINS_7storage4e1m6ENS0_8strategyILNS0_11decode_kindE0ELi8ELNS0_14table_locationE0ELNS0_11unpack_kindE0EEEEEvPKNS2_5codecIT_E12storage_typeEmNS0_12table_bundleEPd' for 'sm_90'
ptxas info    : Function properties for _ZN3aut17format_strategies12decode_codesINS_7storage4e1m6ENS0_8strategyILNS0_11decode_kindE0ELi8ELNS0_14table_locationE0ELNS0_11unpack_kindE0EEEEEvPKNS2_5codecIT_E12storage_typeEmNS0_12table_bundleEPd
    0 bytes stack frame, 0 bytes spill stores, 0 bytes spill loads
ptxas info    : Used 32 registers, used 0 barriers
ptxas info    : Compile time = 11.133 ms
ptxas info    : Compiling entry function '_ZN3aut17format_strategies4gemvINS_7storage4e1m6ENS0_8strategyILNS0_11decode_kindE0ELi4ELNS0_14table_locationE0ELNS0_11unpack_kindE0EEEEEvPKNS2_5codecIT_E12storage_typeESE_mmmNS0_12table_bundleEPd' for 'sm_90'
ptxas info    : Function properties for _ZN3aut17format_strategies4gemvINS_7storage4e1m6ENS0_8strategyILNS0_11decode_kindE0ELi4ELNS0_14table_locationE0ELNS0_11unpack_kindE0EEEEEvPKNS2_5codecIT_E12storage_typeESE_mmmNS0_12table_bundleEPd
    0 bytes stack frame, 0 bytes spill stores, 0 bytes spill loads
ptxas info    : Used 39 registers, used 1 barriers, 80 bytes smem
ptxas info    : Compile time = 10.892 ms
ptxas info    : Compiling entry function '_ZN3aut17format_strategies14dot_map_reduceINS_7storage4e1m6ENS0_8strategyILNS0_11decode_kindE0ELi4ELNS0_14table_locationE0ELNS0_11unpack_kindE0EEEEEvPKNS2_5codecIT_E12storage_typeESE_mNS0_12table_bundleEPd' for 'sm_90'
ptxas info    : Function properties for _ZN3aut17format_strategies14dot_map_reduceINS_7storage4e1m6ENS0_8strategyILNS0_11decode_kindE0ELi4ELNS0_14table_locationE0ELNS0_11unpack_kindE0EEEEEvPKNS2_5codecIT_E12storage_typeESE_mNS0_12table_bundleEPd
    0 bytes stack frame, 0 bytes spill stores, 0 bytes spill loads
ptxas info    : Used 40 registers, used 1 barriers, 80 bytes smem
ptxas info    : Compile time = 10.726 ms
ptxas info    : Compiling entry function '_ZN3aut17format_strategies12decode_codesINS_7storage4e1m6ENS0_8strategyILNS0_11decode_kindE0ELi4ELNS0_14table_locationE0ELNS0_11unpack_kindE0EEEEEvPKNS2_5codecIT_E12storage_typeEmNS0_12table_bundleEPd' for 'sm_90'
ptxas info    : Function properties for _ZN3aut17format_strategies12decode_codesINS_7storage4e1m6ENS0_8strategyILNS0_11decode_kindE0ELi4ELNS0_14table_locationE0ELNS0_11unpack_kindE0EEEEEvPKNS2_5codecIT_E12storage_typeEmNS0_12table_bundleEPd
    0 bytes stack frame, 0 bytes spill stores, 0 bytes spill loads
ptxas info    : Used 26 registers, used 0 barriers
ptxas info    : Compile time = 8.733 ms
ptxas info    : Compiling entry function '_ZN3aut17format_strategies4gemvINS_7storage4e1m6ENS0_8strategyILNS0_11decode_kindE0ELi1ELNS0_14table_locationE0ELNS0_11unpack_kindE0EEEEEvPKNS2_5codecIT_E12storage_typeESE_mmmNS0_12table_bundleEPd' for 'sm_90'
ptxas info    : Function properties for _ZN3aut17format_strategies4gemvINS_7storage4e1m6ENS0_8strategyILNS0_11decode_kindE0ELi1ELNS0_14table_locationE0ELNS0_11unpack_kindE0EEEEEvPKNS2_5codecIT_E12storage_typeESE_mmmNS0_12table_bundleEPd
    0 bytes stack frame, 0 bytes spill stores, 0 bytes spill loads
ptxas info    : Used 26 registers, used 1 barriers, 80 bytes smem
ptxas info    : Compile time = 6.858 ms
ptxas info    : Compiling entry function '_ZN3aut17format_strategies14dot_map_reduceINS_7storage4e1m6ENS0_8strategyILNS0_11decode_kindE0ELi1ELNS0_14table_locationE0ELNS0_11unpack_kindE0EEEEEvPKNS2_5codecIT_E12storage_typeESE_mNS0_12table_bundleEPd' for 'sm_90'
ptxas info    : Function properties for _ZN3aut17format_strategies14dot_map_reduceINS_7storage4e1m6ENS0_8strategyILNS0_11decode_kindE0ELi1ELNS0_14table_locationE0ELNS0_11unpack_kindE0EEEEEvPKNS2_5codecIT_E12storage_typeESE_mNS0_12table_bundleEPd
    0 bytes stack frame, 0 bytes spill stores, 0 bytes spill loads
ptxas info    : Used 28 registers, used 1 barriers, 80 bytes smem
ptxas info    : Compile time = 6.625 ms
ptxas info    : Compiling entry function '_ZN3aut17format_strategies12decode_codesINS_7storage4e1m6ENS0_8strategyILNS0_11decode_kindE0ELi1ELNS0_14table_locationE0ELNS0_11unpack_kindE0EEEEEvPKNS2_5codecIT_E12storage_typeEmNS0_12table_bundleEPd' for 'sm_90'
ptxas info    : Function properties for _ZN3aut17format_strategies12decode_codesINS_7storage4e1m6ENS0_8strategyILNS0_11decode_kindE0ELi1ELNS0_14table_locationE0ELNS0_11unpack_kindE0EEEEEvPKNS2_5codecIT_E12storage_typeEmNS0_12table_bundleEPd
    0 bytes stack frame, 0 bytes spill stores, 0 bytes spill loads
ptxas info    : Used 22 registers, used 0 barriers
ptxas info    : Compile time = 6.919 ms
[100%] Linking CUDA executable bin/all_format_strategy_smoke
[100%] Built target all_format_strategy_smoke
[ 50%] Building CXX object CMakeFiles/decoder_strategy_core_test.dir/tests/decoder_strategy_core_test.cpp.o
[100%] Linking CXX executable bin/decoder_strategy_core_test
[100%] Built target decoder_strategy_core_test
[100%] Built target storage_formats_test
Internal ctest changing into directory: /storage/home/timofeirusanov/accessor_universal_test/build-h200
Test project /storage/home/timofeirusanov/accessor_universal_test/build-h200
    Start 1: memory_accessor_test
1/4 Test #1: memory_accessor_test .............   Passed    0.00 sec
    Start 2: storage_formats_test
2/4 Test #2: storage_formats_test .............   Passed    0.00 sec
    Start 3: decoder_strategy_core_test
3/4 Test #3: decoder_strategy_core_test .......   Passed    0.00 sec
    Start 4: accuracy_statistics_test
4/4 Test #4: accuracy_statistics_test .........   Passed    0.00 sec

100% tests passed, 0 tests failed out of 4

Total Test time (real) =   0.01 sec
All-format decoder strategy smoke test
GPU: NVIDIA H200 NVL (sm_90)
E1M6 exhaustive strategy validation
  generic_x1 passed
  generic_x4 passed
  generic_x8 passed
  word_branchy_x1 passed
  word_branchy_x4 passed
  word_branchy_x8 passed
  word_masked_x1 passed
  word_masked_x4 passed
  word_masked_x8 passed
  fp32_bits_x1 passed
  fp32_bits_x4 passed
  fp32_bits_x8 passed
  e1_integer_x1 passed
  e1_integer_x4 passed
  e1_integer_x8 passed
  full_high_global_x1 passed
  full_high_global_x4 passed
  full_high_global_x8 passed
  full_high_shared_x4 passed
  full_high_shared_x8 passed
  subnormal_global_x4 passed
  subnormal_shared_x8 passed
  pair_l2_x4 passed
  pair_l2_x8 passed
  word_branchy_prmt_x4 passed
  word_branchy_prmt_x8 passed
  full_high_swizzled_x4 passed
  full_high_swizzled_x8 passed
E2M5 additional packet strategy validation
  pair_l2_x4 passed
  pair_l2_x8 passed
  word_branchy_shift_x4 passed
  word_branchy_shift_x8 passed
  word_branchy_prmt_x4 passed
  word_branchy_prmt_x8 passed
E3M4 additional packet strategy validation
  pair_l2_x4 passed
  pair_l2_x8 passed
  word_branchy_shift_x4 passed
  word_branchy_shift_x8 passed
  word_branchy_prmt_x4 passed
  word_branchy_prmt_x8 passed
FP8 E4M3 exhaustive strategy validation
  generic_x1 passed
  native_direct_x1 passed
  native_fp32_x1 passed
  native_float2_x2 passed
  native_float4_x4 passed
  native_float4_x8 passed
  native_half2_x2 passed
  native_half2_x4 passed
  native_half2_x8 passed
  word_branchy_x1 passed
  word_branchy_x4 passed
  word_branchy_x8 passed
  word_masked_x1 passed
  word_masked_x4 passed
  word_masked_x8 passed
  fp32_bits_x1 passed
  fp32_bits_x4 passed
  fp32_bits_x8 passed
  full_high_global_x1 passed
  full_high_global_x4 passed
  full_high_global_x8 passed
  full_high_shared_x4 passed
  full_high_shared_x8 passed
  subnormal_shared_x8 passed
  pair_l2_x4 passed
  pair_l2_x8 passed
  word_branchy_prmt_x4 passed
  word_branchy_prmt_x8 passed
  full_high_swizzled_x4 passed
  full_high_swizzled_x8 passed
FP8 E5M2 exhaustive strategy validation
  generic_x1 passed
  native_direct_x1 passed
  native_fp32_x1 passed
  native_float2_x2 passed
  native_float4_x4 passed
  native_float4_x8 passed
  native_half2_x2 passed
  native_half2_x4 passed
  native_half2_x8 passed
  word_branchy_x1 passed
  word_branchy_x4 passed
  word_branchy_x8 passed
  word_masked_x1 passed
  word_masked_x4 passed
  word_masked_x8 passed
  fp32_bits_x1 passed
  fp32_bits_x4 passed
  fp32_bits_x8 passed
  full_high_global_x1 passed
  full_high_global_x4 passed
  full_high_global_x8 passed
  full_high_shared_x4 passed
  full_high_shared_x8 passed
  subnormal_shared_x8 passed
  pair_l2_x4 passed
  pair_l2_x8 passed
  word_branchy_prmt_x4 passed
  word_branchy_prmt_x8 passed
  full_high_swizzled_x4 passed
  full_high_swizzled_x8 passed
E1M14 exhaustive strategy validation
  generic_x1 passed
  generic_x4 passed
  generic_x8 passed
  e1_integer_x1 passed
  e1_integer_x4 passed
  e1_integer_x8 passed
  word_branchy_x1 passed
  word_branchy_x4 passed
  word_branchy_x8 passed
  word_masked_x1 passed
  word_masked_x4 passed
  word_masked_x8 passed
  fp32_bits_x1 passed
  fp32_bits_x4 passed
  fp32_bits_x8 passed
  full_high_l2_x1 passed
  full_high_l2_x4 passed
  full_high_l2_x8 passed
  subnormal_global_x4 passed
  subnormal_global_x8 passed
  subnormal_shared_x4 passed
  subnormal_shared_x8 passed
E2M13 exhaustive strategy validation
  generic_x1 passed
  generic_x4 passed
  generic_x8 passed
  word_branchy_x1 passed
  word_branchy_x4 passed
  word_branchy_x8 passed
  word_masked_x1 passed
  word_masked_x4 passed
  word_masked_x8 passed
  fp32_bits_x1 passed
  fp32_bits_x4 passed
  fp32_bits_x8 passed
  full_high_l2_x1 passed
  full_high_l2_x4 passed
  full_high_l2_x8 passed
  subnormal_global_x4 passed
  subnormal_global_x8 passed
  subnormal_shared_x4 passed
  subnormal_shared_x8 passed
  prefix_global_x4 passed
  prefix_global_x8 passed
  prefix_shared_x4 passed
  prefix_shared_x8 passed
E3M12 exhaustive strategy validation
  generic_x1 passed
  generic_x4 passed
  generic_x8 passed
  word_branchy_x1 passed
  word_branchy_x4 passed
  word_branchy_x8 passed
  word_masked_x1 passed
  word_masked_x4 passed
  word_masked_x8 passed
  fp32_bits_x1 passed
  fp32_bits_x4 passed
  fp32_bits_x8 passed
  full_high_l2_x1 passed
  full_high_l2_x4 passed
  full_high_l2_x8 passed
  subnormal_global_x4 passed
  subnormal_global_x8 passed
  subnormal_shared_x4 passed
  subnormal_shared_x8 passed
  prefix_global_x4 passed
  prefix_global_x8 passed
  prefix_shared_x4 passed
  prefix_shared_x8 passed
FP16 E5M10 exhaustive strategy validation
  generic_x1 passed
  native_direct_x1 passed
  native_fp32_x1 passed
  native_half2_x2 passed
  native_half2_x4 passed
  native_half2_x8 passed
  word_branchy_x1 passed
  word_branchy_x4 passed
  word_branchy_x8 passed
  word_masked_x1 passed
  word_masked_x4 passed
  word_masked_x8 passed
  fp32_bits_x1 passed
  fp32_bits_x4 passed
  fp32_bits_x8 passed
  full_high_l2_x1 passed
  full_high_l2_x4 passed
  full_high_l2_x8 passed
  subnormal_global_x8 passed
  subnormal_shared_x8 passed
BF16 E8M7 exhaustive strategy validation
  generic_x1 passed
  native_direct_x1 passed
  native_fp32_x1 passed
  native_bfloat162_x2 passed
  native_bfloat162_x4 passed
  native_bfloat162_x8 passed
  word_branchy_x1 passed
  word_branchy_x4 passed
  word_branchy_x8 passed
  word_masked_x1 passed
  word_masked_x4 passed
  word_masked_x8 passed
  fp32_bit_lift_x1 passed
  fp32_bit_lift_x4 passed
  fp32_bit_lift_x8 passed
  full_high_l2_x1 passed
  full_high_l2_x4 passed
  full_high_l2_x8 passed
  subnormal_global_x8 passed
  subnormal_shared_x8 passed
E11M4 exhaustive strategy validation
  generic_x1 passed
  generic_x2 passed
  generic_x4 passed
  generic_x8 passed
  prefix_word_x1 passed
  prefix_word_x2 passed
  prefix_word_x4 passed
  prefix_word_x8 passed
  full_high_l2_x1 passed
  full_high_l2_x4 passed
  full_high_l2_x8 passed
E1M30 sampled strategy validation
  generic_x1 passed
  generic_x2 passed
  generic_x4 passed
  generic_x8 passed
  e1_integer_x1 passed
  e1_integer_x2 passed
  e1_integer_x4 passed
  e1_integer_x8 passed
  word_branchy_x1 passed
  word_branchy_x2 passed
  word_branchy_x4 passed
  word_branchy_x8 passed
  word_masked_x1 passed
  word_masked_x2 passed
  word_masked_x4 passed
  word_masked_x8 passed
  prefix_global_x4 passed
  prefix_global_x8 passed
  prefix_shared_x4 passed
  prefix_shared_x8 passed
E2M29 sampled strategy validation
  generic_x1 passed
  generic_x2 passed
  generic_x4 passed
  generic_x8 passed
  word_branchy_x1 passed
  word_branchy_x2 passed
  word_branchy_x4 passed
  word_branchy_x8 passed
  word_masked_x1 passed
  word_masked_x2 passed
  word_masked_x4 passed
  word_masked_x8 passed
  prefix_global_x4 passed
  prefix_global_x8 passed
  prefix_shared_x4 passed
  prefix_shared_x8 passed
E3M28 sampled strategy validation
  generic_x1 passed
  generic_x2 passed
  generic_x4 passed
  generic_x8 passed
  word_branchy_x1 passed
  word_branchy_x2 passed
  word_branchy_x4 passed
  word_branchy_x8 passed
  word_masked_x1 passed
  word_masked_x2 passed
  word_masked_x4 passed
  word_masked_x8 passed
  prefix_global_x4 passed
  prefix_global_x8 passed
  prefix_shared_x4 passed
  prefix_shared_x8 passed
FP32 E8M23 sampled strategy validation
  generic_x1 passed
  native_f64_x1 passed
  native_float2_x2 passed
  native_float4_x4 passed
  native_float4_x8 passed
  word_branchy_x1 passed
  word_branchy_x2 passed
  word_branchy_x4 passed
  word_branchy_x8 passed
  word_masked_x1 passed
  word_masked_x2 passed
  word_masked_x4 passed
  word_masked_x8 passed
  prefix_global_x4 passed
  prefix_global_x8 passed
  prefix_shared_x4 passed
  prefix_shared_x8 passed
E11M20 sampled strategy validation
  generic_x1 passed
  generic_x2 passed
  generic_x4 passed
  generic_x8 passed
  prefix_word_x1 passed
  prefix_word_x2 passed
  prefix_word_x4 passed
  prefix_word_x8 passed
All registered strategies passed.
All-format strategy smoke results: /storage/home/timofeirusanov/accessor_universal_test/results/014_all_format_strategy_smoke/run_20260809T134541Z
