timestamp,gpu,mode,variant,variant_label,distribution,phase,kernel,N,blocks,threads,storage_bits,arithmetic_type,table_location,segments,coefficient_bytes,target_x,q,mean_unique_segments,actual_x,genuine_n01_expected_x,warmup,warmups_this_batch,sample,execution_order,kernel_ms,result
2026-08-30T19:48:44Z,NVIDIA H200 NVL,full,raw_fp64,Raw FP64,raw,before,dot,67108864,512,256,64,fp64,none,0,0,0,nan,nan,nan,nan,10,5,0,0,0.31110399961471558,1007.3209851405704
2026-08-30T19:48:44Z,NVIDIA H200 NVL,full,raw_fp64,Raw FP64,raw,before,dot,67108864,512,256,64,fp64,none,0,0,0,nan,nan,nan,nan,10,5,1,0,0.31123200058937073,1007.3209851405704
2026-08-30T19:48:44Z,NVIDIA H200 NVL,full,raw_fp64,Raw FP64,raw,before,dot,67108864,512,256,64,fp64,none,0,0,0,nan,nan,nan,nan,10,5,2,0,0.31347200274467468,1007.3209851405704
2026-08-30T19:48:44Z,NVIDIA H200 NVL,full,raw_fp64,Raw FP64,raw,before,dot,67108864,512,256,64,fp64,none,0,0,0,nan,nan,nan,nan,10,5,3,0,0.31254398822784424,1007.3209851405704
2026-08-30T19:48:44Z,NVIDIA H200 NVL,full,raw_fp64,Raw FP64,raw,before,dot,67108864,512,256,64,fp64,none,0,0,0,nan,nan,nan,nan,10,5,4,0,0.31424000859260559,1007.3209851405704
2026-08-30T19:48:44Z,NVIDIA H200 NVL,full,raw_fp64,Raw FP64,raw,before,dot,67108864,512,256,64,fp64,none,0,0,0,nan,nan,nan,nan,10,5,5,0,0.31036800146102905,1007.3209851405704
2026-08-30T19:48:44Z,NVIDIA H200 NVL,full,raw_fp64,Raw FP64,raw,before,dot,67108864,512,256,64,fp64,none,0,0,0,nan,nan,nan,nan,10,5,6,0,0.31126400828361511,1007.3209851405704
2026-08-30T19:48:44Z,NVIDIA H200 NVL,full,raw_fp64,Raw FP64,raw,before,dot,67108864,512,256,64,fp64,none,0,0,0,nan,nan,nan,nan,10,5,7,0,0.3115839958190918,1007.3209851405704
2026-08-30T19:48:44Z,NVIDIA H200 NVL,full,raw_fp64,Raw FP64,raw,before,dot,67108864,512,256,64,fp64,none,0,0,0,nan,nan,nan,nan,10,5,8,0,0.31267198920249939,1007.3209851405704
2026-08-30T19:48:44Z,NVIDIA H200 NVL,full,raw_fp64,Raw FP64,raw,before,dot,67108864,512,256,64,fp64,none,0,0,0,nan,nan,nan,nan,10,5,9,0,0.31200000643730164,1007.3209851405704
2026-08-30T19:48:44Z,NVIDIA H200 NVL,full,raw_fp64,Raw FP64,raw,before,dot,67108864,512,256,64,fp64,none,0,0,0,nan,nan,nan,nan,10,5,10,0,0.31318399310112,1007.3209851405704
2026-08-30T19:48:44Z,NVIDIA H200 NVL,full,raw_fp64,Raw FP64,raw,before,dot,67108864,512,256,64,fp64,none,0,0,0,nan,nan,nan,nan,10,5,11,0,0.31171199679374695,1007.3209851405704
2026-08-30T19:48:44Z,NVIDIA H200 NVL,full,raw_fp64,Raw FP64,raw,before,dot,67108864,512,256,64,fp64,none,0,0,0,nan,nan,nan,nan,10,5,12,0,0.3115839958190918,1007.3209851405704
2026-08-30T19:48:44Z,NVIDIA H200 NVL,full,raw_fp64,Raw FP64,raw,before,dot,67108864,512,256,64,fp64,none,0,0,0,nan,nan,nan,nan,10,5,13,0,0.31075200438499451,1007.3209851405704
2026-08-30T19:48:44Z,NVIDIA H200 NVL,full,raw_fp64,Raw FP64,raw,before,dot,67108864,512,256,64,fp64,none,0,0,0,nan,nan,nan,nan,10,5,14,0,0.31123200058937073,1007.3209851405704
2026-08-30T19:48:44Z,NVIDIA H200 NVL,full,raw_fp64,Raw FP64,raw,before,dot,67108864,512,256,64,fp64,none,0,0,0,nan,nan,nan,nan,10,5,15,0,0.31295999884605408,1007.3209851405704
2026-08-30T19:48:44Z,NVIDIA H200 NVL,full,raw_fp64,Raw FP64,raw,before,dot,67108864,512,256,64,fp64,none,0,0,0,nan,nan,nan,nan,10,5,16,0,0.31308799982070923,1007.3209851405704
2026-08-30T19:48:44Z,NVIDIA H200 NVL,full,raw_fp64,Raw FP64,raw,before,dot,67108864,512,256,64,fp64,none,0,0,0,nan,nan,nan,nan,10,5,17,0,0.3120959997177124,1007.3209851405704
2026-08-30T19:48:44Z,NVIDIA H200 NVL,full,raw_fp64,Raw FP64,raw,before,dot,67108864,512,256,64,fp64,none,0,0,0,nan,nan,nan,nan,10,5,18,0,0.3139519989490509,1007.3209851405704
2026-08-30T19:48:44Z,NVIDIA H200 NVL,full,raw_fp64,Raw FP64,raw,before,dot,67108864,512,256,64,fp64,none,0,0,0,nan,nan,nan,nan,10,5,19,0,0.31257599592208862,1007.3209851405704
2026-08-30T19:48:44Z,NVIDIA H200 NVL,full,raw_fp64,Raw FP64,raw,before,dot,67108864,512,256,64,fp64,none,0,0,0,nan,nan,nan,nan,10,5,20,0,0.31446400284767151,1007.3209851405704
2026-08-30T19:48:44Z,NVIDIA H200 NVL,full,raw_fp64,Raw FP64,raw,before,dot,67108864,512,256,64,fp64,none,0,0,0,nan,nan,nan,nan,10,5,21,0,0.31011199951171875,1007.3209851405704
2026-08-30T19:48:44Z,NVIDIA H200 NVL,full,raw_fp64,Raw FP64,raw,before,dot,67108864,512,256,64,fp64,none,0,0,0,nan,nan,nan,nan,10,5,22,0,0.31299200654029846,1007.3209851405704
2026-08-30T19:48:44Z,NVIDIA H200 NVL,full,raw_fp64,Raw FP64,raw,before,dot,67108864,512,256,64,fp64,none,0,0,0,nan,nan,nan,nan,10,5,23,0,0.31196799874305725,1007.3209851405704
2026-08-30T19:48:44Z,NVIDIA H200 NVL,full,raw_fp64,Raw FP64,raw,before,dot,67108864,512,256,64,fp64,none,0,0,0,nan,nan,nan,nan,10,5,24,0,0.31606400012969971,1007.3209851405704
2026-08-30T19:48:44Z,NVIDIA H200 NVL,full,raw_fp32,Raw FP32,raw,before,dot,67108864,512,256,32,fp32,none,0,0,0,nan,nan,nan,nan,10,5,0,1,0.29471999406814575,1007.32080078125
2026-08-30T19:48:44Z,NVIDIA H200 NVL,full,raw_fp32,Raw FP32,raw,before,dot,67108864,512,256,32,fp32,none,0,0,0,nan,nan,nan,nan,10,5,1,1,0.29183998703956604,1007.32080078125
2026-08-30T19:48:44Z,NVIDIA H200 NVL,full,raw_fp32,Raw FP32,raw,before,dot,67108864,512,256,32,fp32,none,0,0,0,nan,nan,nan,nan,10,5,2,1,0.26617598533630371,1007.32080078125
2026-08-30T19:48:44Z,NVIDIA H200 NVL,full,raw_fp32,Raw FP32,raw,before,dot,67108864,512,256,32,fp32,none,0,0,0,nan,nan,nan,nan,10,5,3,1,0.26851201057434082,1007.32080078125
2026-08-30T19:48:44Z,NVIDIA H200 NVL,full,raw_fp32,Raw FP32,raw,before,dot,67108864,512,256,32,fp32,none,0,0,0,nan,nan,nan,nan,10,5,4,1,0.26732799410820007,1007.32080078125
2026-08-30T19:48:44Z,NVIDIA H200 NVL,full,raw_fp32,Raw FP32,raw,before,dot,67108864,512,256,32,fp32,none,0,0,0,nan,nan,nan,nan,10,5,5,1,0.26636800169944763,1007.32080078125
2026-08-30T19:48:44Z,NVIDIA H200 NVL,full,raw_fp32,Raw FP32,raw,before,dot,67108864,512,256,32,fp32,none,0,0,0,nan,nan,nan,nan,10,5,6,1,0.26566401124000549,1007.32080078125
2026-08-30T19:48:44Z,NVIDIA H200 NVL,full,raw_fp32,Raw FP32,raw,before,dot,67108864,512,256,32,fp32,none,0,0,0,nan,nan,nan,nan,10,5,7,1,0.26796799898147583,1007.32080078125
2026-08-30T19:48:44Z,NVIDIA H200 NVL,full,raw_fp32,Raw FP32,raw,before,dot,67108864,512,256,32,fp32,none,0,0,0,nan,nan,nan,nan,10,5,8,1,0.26713600754737854,1007.32080078125
2026-08-30T19:48:44Z,NVIDIA H200 NVL,full,raw_fp32,Raw FP32,raw,before,dot,67108864,512,256,32,fp32,none,0,0,0,nan,nan,nan,nan,10,5,9,1,0.26742398738861084,1007.32080078125
2026-08-30T19:48:44Z,NVIDIA H200 NVL,full,raw_fp32,Raw FP32,raw,before,dot,67108864,512,256,32,fp32,none,0,0,0,nan,nan,nan,nan,10,5,10,1,0.266975998878479,1007.32080078125
2026-08-30T19:48:44Z,NVIDIA H200 NVL,full,raw_fp32,Raw FP32,raw,before,dot,67108864,512,256,32,fp32,none,0,0,0,nan,nan,nan,nan,10,5,11,1,0.26681599020957947,1007.32080078125
2026-08-30T19:48:44Z,NVIDIA H200 NVL,full,raw_fp32,Raw FP32,raw,before,dot,67108864,512,256,32,fp32,none,0,0,0,nan,nan,nan,nan,10,5,12,1,0.26473599672317505,1007.32080078125
2026-08-30T19:48:44Z,NVIDIA H200 NVL,full,raw_fp32,Raw FP32,raw,before,dot,67108864,512,256,32,fp32,none,0,0,0,nan,nan,nan,nan,10,5,13,1,0.26636800169944763,1007.32080078125
2026-08-30T19:48:44Z,NVIDIA H200 NVL,full,raw_fp32,Raw FP32,raw,before,dot,67108864,512,256,32,fp32,none,0,0,0,nan,nan,nan,nan,10,5,14,1,0.26691201329231262,1007.32080078125
2026-08-30T19:48:44Z,NVIDIA H200 NVL,full,raw_fp32,Raw FP32,raw,before,dot,67108864,512,256,32,fp32,none,0,0,0,nan,nan,nan,nan,10,5,15,1,0.26636800169944763,1007.32080078125
2026-08-30T19:48:44Z,NVIDIA H200 NVL,full,raw_fp32,Raw FP32,raw,before,dot,67108864,512,256,32,fp32,none,0,0,0,nan,nan,nan,nan,10,5,16,1,0.26495999097824097,1007.32080078125
2026-08-30T19:48:44Z,NVIDIA H200 NVL,full,raw_fp32,Raw FP32,raw,before,dot,67108864,512,256,32,fp32,none,0,0,0,nan,nan,nan,nan,10,5,17,1,0.2651199996471405,1007.32080078125
2026-08-30T19:48:44Z,NVIDIA H200 NVL,full,raw_fp32,Raw FP32,raw,before,dot,67108864,512,256,32,fp32,none,0,0,0,nan,nan,nan,nan,10,5,18,1,0.26547199487686157,1007.32080078125
2026-08-30T19:48:44Z,NVIDIA H200 NVL,full,raw_fp32,Raw FP32,raw,before,dot,67108864,512,256,32,fp32,none,0,0,0,nan,nan,nan,nan,10,5,19,1,0.26688000559806824,1007.32080078125
2026-08-30T19:48:44Z,NVIDIA H200 NVL,full,raw_fp32,Raw FP32,raw,before,dot,67108864,512,256,32,fp32,none,0,0,0,nan,nan,nan,nan,10,5,20,1,0.26716798543930054,1007.32080078125
2026-08-30T19:48:44Z,NVIDIA H200 NVL,full,raw_fp32,Raw FP32,raw,before,dot,67108864,512,256,32,fp32,none,0,0,0,nan,nan,nan,nan,10,5,21,1,0.26851201057434082,1007.32080078125
2026-08-30T19:48:44Z,NVIDIA H200 NVL,full,raw_fp32,Raw FP32,raw,before,dot,67108864,512,256,32,fp32,none,0,0,0,nan,nan,nan,nan,10,5,22,1,0.26614400744438171,1007.32080078125
2026-08-30T19:48:44Z,NVIDIA H200 NVL,full,raw_fp32,Raw FP32,raw,before,dot,67108864,512,256,32,fp32,none,0,0,0,nan,nan,nan,nan,10,5,23,1,0.26630398631095886,1007.32080078125
2026-08-30T19:48:44Z,NVIDIA H200 NVL,full,raw_fp32,Raw FP32,raw,before,dot,67108864,512,256,32,fp32,none,0,0,0,nan,nan,nan,nan,10,5,24,1,0.26822400093078613,1007.32080078125
2026-08-30T19:48:44Z,NVIDIA H200 NVL,full,fp32_to_fp64,FP32 to FP64,raw,before,dot,67108864,512,256,32,fp64,none,0,0,0,nan,nan,nan,nan,10,5,0,2,0.26764801144599915,1007.320920825067
2026-08-30T19:48:44Z,NVIDIA H200 NVL,full,fp32_to_fp64,FP32 to FP64,raw,before,dot,67108864,512,256,32,fp64,none,0,0,0,nan,nan,nan,nan,10,5,1,2,0.26688000559806824,1007.320920825067
2026-08-30T19:48:44Z,NVIDIA H200 NVL,full,fp32_to_fp64,FP32 to FP64,raw,before,dot,67108864,512,256,32,fp64,none,0,0,0,nan,nan,nan,nan,10,5,2,2,0.26908800005912781,1007.320920825067
2026-08-30T19:48:44Z,NVIDIA H200 NVL,full,fp32_to_fp64,FP32 to FP64,raw,before,dot,67108864,512,256,32,fp64,none,0,0,0,nan,nan,nan,nan,10,5,3,2,0.26790401339530945,1007.320920825067
2026-08-30T19:48:44Z,NVIDIA H200 NVL,full,fp32_to_fp64,FP32 to FP64,raw,before,dot,67108864,512,256,32,fp64,none,0,0,0,nan,nan,nan,nan,10,5,4,2,0.26943999528884888,1007.320920825067
2026-08-30T19:48:44Z,NVIDIA H200 NVL,full,fp32_to_fp64,FP32 to FP64,raw,before,dot,67108864,512,256,32,fp64,none,0,0,0,nan,nan,nan,nan,10,5,5,2,0.26758399605751038,1007.320920825067
2026-08-30T19:48:44Z,NVIDIA H200 NVL,full,fp32_to_fp64,FP32 to FP64,raw,before,dot,67108864,512,256,32,fp64,none,0,0,0,nan,nan,nan,nan,10,5,6,2,0.26783999800682068,1007.320920825067
2026-08-30T19:48:44Z,NVIDIA H200 NVL,full,fp32_to_fp64,FP32 to FP64,raw,before,dot,67108864,512,256,32,fp64,none,0,0,0,nan,nan,nan,nan,10,5,7,2,0.26774400472640991,1007.320920825067
2026-08-30T19:48:44Z,NVIDIA H200 NVL,full,fp32_to_fp64,FP32 to FP64,raw,before,dot,67108864,512,256,32,fp64,none,0,0,0,nan,nan,nan,nan,10,5,8,2,0.2701759934425354,1007.320920825067
2026-08-30T19:48:44Z,NVIDIA H200 NVL,full,fp32_to_fp64,FP32 to FP64,raw,before,dot,67108864,512,256,32,fp64,none,0,0,0,nan,nan,nan,nan,10,5,9,2,0.26828798651695251,1007.320920825067
2026-08-30T19:48:44Z,NVIDIA H200 NVL,full,fp32_to_fp64,FP32 to FP64,raw,before,dot,67108864,512,256,32,fp64,none,0,0,0,nan,nan,nan,nan,10,5,10,2,0.26924800872802734,1007.320920825067
2026-08-30T19:48:44Z,NVIDIA H200 NVL,full,fp32_to_fp64,FP32 to FP64,raw,before,dot,67108864,512,256,32,fp64,none,0,0,0,nan,nan,nan,nan,10,5,11,2,0.26726400852203369,1007.320920825067
2026-08-30T19:48:44Z,NVIDIA H200 NVL,full,fp32_to_fp64,FP32 to FP64,raw,before,dot,67108864,512,256,32,fp64,none,0,0,0,nan,nan,nan,nan,10,5,12,2,0.26889601349830627,1007.320920825067
2026-08-30T19:48:44Z,NVIDIA H200 NVL,full,fp32_to_fp64,FP32 to FP64,raw,before,dot,67108864,512,256,32,fp64,none,0,0,0,nan,nan,nan,nan,10,5,13,2,0.26825600862503052,1007.320920825067
2026-08-30T19:48:44Z,NVIDIA H200 NVL,full,fp32_to_fp64,FP32 to FP64,raw,before,dot,67108864,512,256,32,fp64,none,0,0,0,nan,nan,nan,nan,10,5,14,2,0.27055999636650085,1007.320920825067
2026-08-30T19:48:44Z,NVIDIA H200 NVL,full,fp32_to_fp64,FP32 to FP64,raw,before,dot,67108864,512,256,32,fp64,none,0,0,0,nan,nan,nan,nan,10,5,15,2,0.26796799898147583,1007.320920825067
2026-08-30T19:48:44Z,NVIDIA H200 NVL,full,fp32_to_fp64,FP32 to FP64,raw,before,dot,67108864,512,256,32,fp64,none,0,0,0,nan,nan,nan,nan,10,5,16,2,0.26787200570106506,1007.320920825067
2026-08-30T19:48:44Z,NVIDIA H200 NVL,full,fp32_to_fp64,FP32 to FP64,raw,before,dot,67108864,512,256,32,fp64,none,0,0,0,nan,nan,nan,nan,10,5,17,2,0.2717759907245636,1007.320920825067
2026-08-30T19:48:44Z,NVIDIA H200 NVL,full,fp32_to_fp64,FP32 to FP64,raw,before,dot,67108864,512,256,32,fp64,none,0,0,0,nan,nan,nan,nan,10,5,18,2,0.26758399605751038,1007.320920825067
2026-08-30T19:48:44Z,NVIDIA H200 NVL,full,fp32_to_fp64,FP32 to FP64,raw,before,dot,67108864,512,256,32,fp64,none,0,0,0,nan,nan,nan,nan,10,5,19,2,0.26636800169944763,1007.320920825067
2026-08-30T19:48:44Z,NVIDIA H200 NVL,full,fp32_to_fp64,FP32 to FP64,raw,before,dot,67108864,512,256,32,fp64,none,0,0,0,nan,nan,nan,nan,10,5,20,2,0.27008000016212463,1007.320920825067
2026-08-30T19:48:44Z,NVIDIA H200 NVL,full,fp32_to_fp64,FP32 to FP64,raw,before,dot,67108864,512,256,32,fp64,none,0,0,0,nan,nan,nan,nan,10,5,21,2,0.26752001047134399,1007.320920825067
2026-08-30T19:48:44Z,NVIDIA H200 NVL,full,fp32_to_fp64,FP32 to FP64,raw,before,dot,67108864,512,256,32,fp64,none,0,0,0,nan,nan,nan,nan,10,5,22,2,0.26892799139022827,1007.320920825067
2026-08-30T19:48:44Z,NVIDIA H200 NVL,full,fp32_to_fp64,FP32 to FP64,raw,before,dot,67108864,512,256,32,fp64,none,0,0,0,nan,nan,nan,nan,10,5,23,2,0.26752001047134399,1007.320920825067
2026-08-30T19:48:44Z,NVIDIA H200 NVL,full,fp32_to_fp64,FP32 to FP64,raw,before,dot,67108864,512,256,32,fp64,none,0,0,0,nan,nan,nan,nan,10,5,24,2,0.26723200082778931,1007.320920825067
2026-08-30T19:48:44Z,NVIDIA H200 NVL,full,dyadic_normal32,Current DyadicNormal32,hot_uniform,forward,dot,67108864,512,256,32,fp64,shared,32,512,0,0,1,0,0.10018491535533834,10,5,0,3,0.29241600632667542,2410.5794565633078
2026-08-30T19:48:44Z,NVIDIA H200 NVL,full,dyadic_normal32,Current DyadicNormal32,hot_uniform,forward,dot,67108864,512,256,32,fp64,shared,32,512,0,0,1,0,0.10018491535533834,10,5,1,3,0.2908799946308136,2410.5794565633078
2026-08-30T19:48:44Z,NVIDIA H200 NVL,full,dyadic_normal32,Current DyadicNormal32,hot_uniform,forward,dot,67108864,512,256,32,fp64,shared,32,512,0,0,1,0,0.10018491535533834,10,5,2,3,0.29359999299049377,2410.5794565633078
2026-08-30T19:48:44Z,NVIDIA H200 NVL,full,dyadic_normal32,Current DyadicNormal32,hot_uniform,forward,dot,67108864,512,256,32,fp64,shared,32,512,0,0,1,0,0.10018491535533834,10,5,3,3,0.29308798909187317,2410.5794565633078
2026-08-30T19:48:44Z,NVIDIA H200 NVL,full,dyadic_normal32,Current DyadicNormal32,hot_uniform,forward,dot,67108864,512,256,32,fp64,shared,32,512,0,0,1,0,0.10018491535533834,10,5,4,3,0.2921920120716095,2410.5794565633078
2026-08-30T19:48:44Z,NVIDIA H200 NVL,full,dyadic_normal32,Current DyadicNormal32,hot_uniform,forward,dot,67108864,512,256,32,fp64,shared,32,512,0,0,1,0,0.10018491535533834,10,5,5,3,0.29107201099395752,2410.5794565633078
2026-08-30T19:48:44Z,NVIDIA H200 NVL,full,dyadic_normal32,Current DyadicNormal32,hot_uniform,forward,dot,67108864,512,256,32,fp64,shared,32,512,0,0,1,0,0.10018491535533834,10,5,6,3,0.29094401001930237,2410.5794565633078
2026-08-30T19:48:44Z,NVIDIA H200 NVL,full,dyadic_normal32,Current DyadicNormal32,hot_uniform,forward,dot,67108864,512,256,32,fp64,shared,32,512,0,0,1,0,0.10018491535533834,10,5,7,3,0.28998398780822754,2410.5794565633078
2026-08-30T19:48:44Z,NVIDIA H200 NVL,full,dyadic_normal32,Current DyadicNormal32,hot_uniform,forward,dot,67108864,512,256,32,fp64,shared,32,512,0,0,1,0,0.10018491535533834,10,5,8,3,0.29311999678611755,2410.5794565633078
2026-08-30T19:48:44Z,NVIDIA H200 NVL,full,dyadic_normal32,Current DyadicNormal32,hot_uniform,forward,dot,67108864,512,256,32,fp64,shared,32,512,0,0,1,0,0.10018491535533834,10,5,9,3,0.29238399863243103,2410.5794565633078
2026-08-30T19:48:44Z,NVIDIA H200 NVL,full,dyadic_normal32,Current DyadicNormal32,hot_uniform,forward,dot,67108864,512,256,32,fp64,shared,32,512,0,0,1,0,0.10018491535533834,10,5,10,3,0.29254400730133057,2410.5794565633078
2026-08-30T19:48:44Z,NVIDIA H200 NVL,full,dyadic_normal32,Current DyadicNormal32,hot_uniform,forward,dot,67108864,512,256,32,fp64,shared,32,512,0,0,1,0,0.10018491535533834,10,5,11,3,0.29251199960708618,2410.5794565633078
2026-08-30T19:48:44Z,NVIDIA H200 NVL,full,dyadic_normal32,Current DyadicNormal32,hot_uniform,forward,dot,67108864,512,256,32,fp64,shared,32,512,0,0,1,0,0.10018491535533834,10,5,12,3,0.29340800642967224,2410.5794565633078
2026-08-30T19:48:44Z,NVIDIA H200 NVL,full,dyadic_normal32,Current DyadicNormal32,hot_uniform,forward,dot,67108864,512,256,32,fp64,shared,32,512,0,0,1,0,0.10018491535533834,10,5,13,3,0.29267200827598572,2410.5794565633078
2026-08-30T19:48:44Z,NVIDIA H200 NVL,full,dyadic_normal32,Current DyadicNormal32,hot_uniform,forward,dot,67108864,512,256,32,fp64,shared,32,512,0,0,1,0,0.10018491535533834,10,5,14,3,0.29254400730133057,2410.5794565633078
2026-08-30T19:48:44Z,NVIDIA H200 NVL,full,dyadic_normal32,Current DyadicNormal32,hot_uniform,forward,dot,67108864,512,256,32,fp64,shared,32,512,0,0,1,0,0.10018491535533834,10,5,15,3,0.29289600253105164,2410.5794565633078
2026-08-30T19:48:44Z,NVIDIA H200 NVL,full,dyadic_normal32,Current DyadicNormal32,hot_uniform,forward,dot,67108864,512,256,32,fp64,shared,32,512,0,0,1,0,0.10018491535533834,10,5,16,3,0.29292801022529602,2410.5794565633078
2026-08-30T19:48:44Z,NVIDIA H200 NVL,full,dyadic_normal32,Current DyadicNormal32,hot_uniform,forward,dot,67108864,512,256,32,fp64,shared,32,512,0,0,1,0,0.10018491535533834,10,5,17,3,0.29270398616790771,2410.5794565633078
2026-08-30T19:48:44Z,NVIDIA H200 NVL,full,dyadic_normal32,Current DyadicNormal32,hot_uniform,forward,dot,67108864,512,256,32,fp64,shared,32,512,0,0,1,0,0.10018491535533834,10,5,18,3,0.29302400350570679,2410.5794565633078
2026-08-30T19:48:44Z,NVIDIA H200 NVL,full,dyadic_normal32,Current DyadicNormal32,hot_uniform,forward,dot,67108864,512,256,32,fp64,shared,32,512,0,0,1,0,0.10018491535533834,10,5,19,3,0.29161599278450012,2410.5794565633078
2026-08-30T19:48:44Z,NVIDIA H200 NVL,full,dyadic_normal32,Current DyadicNormal32,hot_uniform,forward,dot,67108864,512,256,32,fp64,shared,32,512,0,0,1,0,0.10018491535533834,10,5,20,3,0.29315200448036194,2410.5794565633078
2026-08-30T19:48:44Z,NVIDIA H200 NVL,full,dyadic_normal32,Current DyadicNormal32,hot_uniform,forward,dot,67108864,512,256,32,fp64,shared,32,512,0,0,1,0,0.10018491535533834,10,5,21,3,0.29337599873542786,2410.5794565633078
2026-08-30T19:48:44Z,NVIDIA H200 NVL,full,dyadic_normal32,Current DyadicNormal32,hot_uniform,forward,dot,67108864,512,256,32,fp64,shared,32,512,0,0,1,0,0.10018491535533834,10,5,22,3,0.29193601012229919,2410.5794565633078
2026-08-30T19:48:44Z,NVIDIA H200 NVL,full,dyadic_normal32,Current DyadicNormal32,hot_uniform,forward,dot,67108864,512,256,32,fp64,shared,32,512,0,0,1,0,0.10018491535533834,10,5,23,3,0.29075199365615845,2410.5794565633078
2026-08-30T19:48:44Z,NVIDIA H200 NVL,full,dyadic_normal32,Current DyadicNormal32,hot_uniform,forward,dot,67108864,512,256,32,fp64,shared,32,512,0,0,1,0,0.10018491535533834,10,5,24,3,0.29180800914764404,2410.5794565633078
2026-08-30T19:48:44Z,NVIDIA H200 NVL,full,dyadic_sign_fused,Sign-fused decoder,hot_uniform,forward,dot,67108864,512,256,32,fp64,shared,32,512,0,0,1,0,0.10018491535533834,10,5,0,4,0.29097598791122437,2410.5794565633078
2026-08-30T19:48:44Z,NVIDIA H200 NVL,full,dyadic_sign_fused,Sign-fused decoder,hot_uniform,forward,dot,67108864,512,256,32,fp64,shared,32,512,0,0,1,0,0.10018491535533834,10,5,1,4,0.28886398673057556,2410.5794565633078
2026-08-30T19:48:44Z,NVIDIA H200 NVL,full,dyadic_sign_fused,Sign-fused decoder,hot_uniform,forward,dot,67108864,512,256,32,fp64,shared,32,512,0,0,1,0,0.10018491535533834,10,5,2,4,0.29135999083518982,2410.5794565633078
2026-08-30T19:48:44Z,NVIDIA H200 NVL,full,dyadic_sign_fused,Sign-fused decoder,hot_uniform,forward,dot,67108864,512,256,32,fp64,shared,32,512,0,0,1,0,0.10018491535533834,10,5,3,4,0.28982400894165039,2410.5794565633078
2026-08-30T19:48:44Z,NVIDIA H200 NVL,full,dyadic_sign_fused,Sign-fused decoder,hot_uniform,forward,dot,67108864,512,256,32,fp64,shared,32,512,0,0,1,0,0.10018491535533834,10,5,4,4,0.29110398888587952,2410.5794565633078
2026-08-30T19:48:44Z,NVIDIA H200 NVL,full,dyadic_sign_fused,Sign-fused decoder,hot_uniform,forward,dot,67108864,512,256,32,fp64,shared,32,512,0,0,1,0,0.10018491535533834,10,5,5,4,0.28944000601768494,2410.5794565633078
2026-08-30T19:48:44Z,NVIDIA H200 NVL,full,dyadic_sign_fused,Sign-fused decoder,hot_uniform,forward,dot,67108864,512,256,32,fp64,shared,32,512,0,0,1,0,0.10018491535533834,10,5,6,4,0.29110398888587952,2410.5794565633078
2026-08-30T19:48:44Z,NVIDIA H200 NVL,full,dyadic_sign_fused,Sign-fused decoder,hot_uniform,forward,dot,67108864,512,256,32,fp64,shared,32,512,0,0,1,0,0.10018491535533834,10,5,7,4,0.29107201099395752,2410.5794565633078
2026-08-30T19:48:44Z,NVIDIA H200 NVL,full,dyadic_sign_fused,Sign-fused decoder,hot_uniform,forward,dot,67108864,512,256,32,fp64,shared,32,512,0,0,1,0,0.10018491535533834,10,5,8,4,0.29254400730133057,2410.5794565633078
2026-08-30T19:48:44Z,NVIDIA H200 NVL,full,dyadic_sign_fused,Sign-fused decoder,hot_uniform,forward,dot,67108864,512,256,32,fp64,shared,32,512,0,0,1,0,0.10018491535533834,10,5,9,4,0.29097598791122437,2410.5794565633078
2026-08-30T19:48:44Z,NVIDIA H200 NVL,full,dyadic_sign_fused,Sign-fused decoder,hot_uniform,forward,dot,67108864,512,256,32,fp64,shared,32,512,0,0,1,0,0.10018491535533834,10,5,10,4,0.29238399863243103,2410.5794565633078
2026-08-30T19:48:44Z,NVIDIA H200 NVL,full,dyadic_sign_fused,Sign-fused decoder,hot_uniform,forward,dot,67108864,512,256,32,fp64,shared,32,512,0,0,1,0,0.10018491535533834,10,5,11,4,0.290336012840271,2410.5794565633078
2026-08-30T19:48:44Z,NVIDIA H200 NVL,full,dyadic_sign_fused,Sign-fused decoder,hot_uniform,forward,dot,67108864,512,256,32,fp64,shared,32,512,0,0,1,0,0.10018491535533834,10,5,12,4,0.29094401001930237,2410.5794565633078
2026-08-30T19:48:44Z,NVIDIA H200 NVL,full,dyadic_sign_fused,Sign-fused decoder,hot_uniform,forward,dot,67108864,512,256,32,fp64,shared,32,512,0,0,1,0,0.10018491535533834,10,5,13,4,0.2913919985294342,2410.5794565633078
2026-08-30T19:48:44Z,NVIDIA H200 NVL,full,dyadic_sign_fused,Sign-fused decoder,hot_uniform,forward,dot,67108864,512,256,32,fp64,shared,32,512,0,0,1,0,0.10018491535533834,10,5,14,4,0.29280000925064087,2410.5794565633078
2026-08-30T19:48:44Z,NVIDIA H200 NVL,full,dyadic_sign_fused,Sign-fused decoder,hot_uniform,forward,dot,67108864,512,256,32,fp64,shared,32,512,0,0,1,0,0.10018491535533834,10,5,15,4,0.28995200991630554,2410.5794565633078
2026-08-30T19:48:44Z,NVIDIA H200 NVL,full,dyadic_sign_fused,Sign-fused decoder,hot_uniform,forward,dot,67108864,512,256,32,fp64,shared,32,512,0,0,1,0,0.10018491535533834,10,5,16,4,0.29135999083518982,2410.5794565633078
2026-08-30T19:48:44Z,NVIDIA H200 NVL,full,dyadic_sign_fused,Sign-fused decoder,hot_uniform,forward,dot,67108864,512,256,32,fp64,shared,32,512,0,0,1,0,0.10018491535533834,10,5,17,4,0.29078400135040283,2410.5794565633078
2026-08-30T19:48:44Z,NVIDIA H200 NVL,full,dyadic_sign_fused,Sign-fused decoder,hot_uniform,forward,dot,67108864,512,256,32,fp64,shared,32,512,0,0,1,0,0.10018491535533834,10,5,18,4,0.29171198606491089,2410.5794565633078
2026-08-30T19:48:44Z,NVIDIA H200 NVL,full,dyadic_sign_fused,Sign-fused decoder,hot_uniform,forward,dot,67108864,512,256,32,fp64,shared,32,512,0,0,1,0,0.10018491535533834,10,5,19,4,0.29193601012229919,2410.5794565633078
2026-08-30T19:48:44Z,NVIDIA H200 NVL,full,dyadic_sign_fused,Sign-fused decoder,hot_uniform,forward,dot,67108864,512,256,32,fp64,shared,32,512,0,0,1,0,0.10018491535533834,10,5,20,4,0.2927359938621521,2410.5794565633078
2026-08-30T19:48:44Z,NVIDIA H200 NVL,full,dyadic_sign_fused,Sign-fused decoder,hot_uniform,forward,dot,67108864,512,256,32,fp64,shared,32,512,0,0,1,0,0.10018491535533834,10,5,21,4,0.29036799073219299,2410.5794565633078
2026-08-30T19:48:44Z,NVIDIA H200 NVL,full,dyadic_sign_fused,Sign-fused decoder,hot_uniform,forward,dot,67108864,512,256,32,fp64,shared,32,512,0,0,1,0,0.10018491535533834,10,5,22,4,0.29071998596191406,2410.5794565633078
2026-08-30T19:48:44Z,NVIDIA H200 NVL,full,dyadic_sign_fused,Sign-fused decoder,hot_uniform,forward,dot,67108864,512,256,32,fp64,shared,32,512,0,0,1,0,0.10018491535533834,10,5,23,4,0.28969600796699524,2410.5794565633078
2026-08-30T19:48:44Z,NVIDIA H200 NVL,full,dyadic_sign_fused,Sign-fused decoder,hot_uniform,forward,dot,67108864,512,256,32,fp64,shared,32,512,0,0,1,0,0.10018491535533834,10,5,24,4,0.29011198878288269,2410.5794565633078
2026-08-30T19:48:44Z,NVIDIA H200 NVL,full,dyadic_bitcast_shared,BitCast decoder with shared coefficients,hot_uniform,forward,dot,67108864,512,256,32,fp64,shared,32,512,0,0,1,0,0.10018491535533834,10,5,0,5,0.29049599170684814,2410.5794565633068
2026-08-30T19:48:44Z,NVIDIA H200 NVL,full,dyadic_bitcast_shared,BitCast decoder with shared coefficients,hot_uniform,forward,dot,67108864,512,256,32,fp64,shared,32,512,0,0,1,0,0.10018491535533834,10,5,1,5,0.29254400730133057,2410.5794565633068
2026-08-30T19:48:44Z,NVIDIA H200 NVL,full,dyadic_bitcast_shared,BitCast decoder with shared coefficients,hot_uniform,forward,dot,67108864,512,256,32,fp64,shared,32,512,0,0,1,0,0.10018491535533834,10,5,2,5,0.29081600904464722,2410.5794565633068
2026-08-30T19:48:44Z,NVIDIA H200 NVL,full,dyadic_bitcast_shared,BitCast decoder with shared coefficients,hot_uniform,forward,dot,67108864,512,256,32,fp64,shared,32,512,0,0,1,0,0.10018491535533834,10,5,3,5,0.29180800914764404,2410.5794565633068
2026-08-30T19:48:44Z,NVIDIA H200 NVL,full,dyadic_bitcast_shared,BitCast decoder with shared coefficients,hot_uniform,forward,dot,67108864,512,256,32,fp64,shared,32,512,0,0,1,0,0.10018491535533834,10,5,4,5,0.2921920120716095,2410.5794565633068
2026-08-30T19:48:44Z,NVIDIA H200 NVL,full,dyadic_bitcast_shared,BitCast decoder with shared coefficients,hot_uniform,forward,dot,67108864,512,256,32,fp64,shared,32,512,0,0,1,0,0.10018491535533834,10,5,5,5,0.29030400514602661,2410.5794565633068
2026-08-30T19:48:44Z,NVIDIA H200 NVL,full,dyadic_bitcast_shared,BitCast decoder with shared coefficients,hot_uniform,forward,dot,67108864,512,256,32,fp64,shared,32,512,0,0,1,0,0.10018491535533834,10,5,6,5,0.29145601391792297,2410.5794565633068
2026-08-30T19:48:44Z,NVIDIA H200 NVL,full,dyadic_bitcast_shared,BitCast decoder with shared coefficients,hot_uniform,forward,dot,67108864,512,256,32,fp64,shared,32,512,0,0,1,0,0.10018491535533834,10,5,7,5,0.29190400242805481,2410.5794565633068
2026-08-30T19:48:44Z,NVIDIA H200 NVL,full,dyadic_bitcast_shared,BitCast decoder with shared coefficients,hot_uniform,forward,dot,67108864,512,256,32,fp64,shared,32,512,0,0,1,0,0.10018491535533834,10,5,8,5,0.29135999083518982,2410.5794565633068
2026-08-30T19:48:44Z,NVIDIA H200 NVL,full,dyadic_bitcast_shared,BitCast decoder with shared coefficients,hot_uniform,forward,dot,67108864,512,256,32,fp64,shared,32,512,0,0,1,0,0.10018491535533834,10,5,9,5,0.29104000329971313,2410.5794565633068
2026-08-30T19:48:44Z,NVIDIA H200 NVL,full,dyadic_bitcast_shared,BitCast decoder with shared coefficients,hot_uniform,forward,dot,67108864,512,256,32,fp64,shared,32,512,0,0,1,0,0.10018491535533834,10,5,10,5,0.29151999950408936,2410.5794565633068
2026-08-30T19:48:44Z,NVIDIA H200 NVL,full,dyadic_bitcast_shared,BitCast decoder with shared coefficients,hot_uniform,forward,dot,67108864,512,256,32,fp64,shared,32,512,0,0,1,0,0.10018491535533834,10,5,11,5,0.28960001468658447,2410.5794565633068
2026-08-30T19:48:44Z,NVIDIA H200 NVL,full,dyadic_bitcast_shared,BitCast decoder with shared coefficients,hot_uniform,forward,dot,67108864,512,256,32,fp64,shared,32,512,0,0,1,0,0.10018491535533834,10,5,12,5,0.29206401109695435,2410.5794565633068
2026-08-30T19:48:44Z,NVIDIA H200 NVL,full,dyadic_bitcast_shared,BitCast decoder with shared coefficients,hot_uniform,forward,dot,67108864,512,256,32,fp64,shared,32,512,0,0,1,0,0.10018491535533834,10,5,13,5,0.29116800427436829,2410.5794565633068
2026-08-30T19:48:44Z,NVIDIA H200 NVL,full,dyadic_bitcast_shared,BitCast decoder with shared coefficients,hot_uniform,forward,dot,67108864,512,256,32,fp64,shared,32,512,0,0,1,0,0.10018491535533834,10,5,14,5,0.29039999842643738,2410.5794565633068
2026-08-30T19:48:44Z,NVIDIA H200 NVL,full,dyadic_bitcast_shared,BitCast decoder with shared coefficients,hot_uniform,forward,dot,67108864,512,256,32,fp64,shared,32,512,0,0,1,0,0.10018491535533834,10,5,15,5,0.29161599278450012,2410.5794565633068
2026-08-30T19:48:44Z,NVIDIA H200 NVL,full,dyadic_bitcast_shared,BitCast decoder with shared coefficients,hot_uniform,forward,dot,67108864,512,256,32,fp64,shared,32,512,0,0,1,0,0.10018491535533834,10,5,16,5,0.29206401109695435,2410.5794565633068
2026-08-30T19:48:44Z,NVIDIA H200 NVL,full,dyadic_bitcast_shared,BitCast decoder with shared coefficients,hot_uniform,forward,dot,67108864,512,256,32,fp64,shared,32,512,0,0,1,0,0.10018491535533834,10,5,17,5,0.29110398888587952,2410.5794565633068
2026-08-30T19:48:44Z,NVIDIA H200 NVL,full,dyadic_bitcast_shared,BitCast decoder with shared coefficients,hot_uniform,forward,dot,67108864,512,256,32,fp64,shared,32,512,0,0,1,0,0.10018491535533834,10,5,18,5,0.29228800535202026,2410.5794565633068
2026-08-30T19:48:44Z,NVIDIA H200 NVL,full,dyadic_bitcast_shared,BitCast decoder with shared coefficients,hot_uniform,forward,dot,67108864,512,256,32,fp64,shared,32,512,0,0,1,0,0.10018491535533834,10,5,19,5,0.29030400514602661,2410.5794565633068
2026-08-30T19:48:44Z,NVIDIA H200 NVL,full,dyadic_bitcast_shared,BitCast decoder with shared coefficients,hot_uniform,forward,dot,67108864,512,256,32,fp64,shared,32,512,0,0,1,0,0.10018491535533834,10,5,20,5,0.29305601119995117,2410.5794565633068
2026-08-30T19:48:44Z,NVIDIA H200 NVL,full,dyadic_bitcast_shared,BitCast decoder with shared coefficients,hot_uniform,forward,dot,67108864,512,256,32,fp64,shared,32,512,0,0,1,0,0.10018491535533834,10,5,21,5,0.2911359965801239,2410.5794565633068
2026-08-30T19:48:44Z,NVIDIA H200 NVL,full,dyadic_bitcast_shared,BitCast decoder with shared coefficients,hot_uniform,forward,dot,67108864,512,256,32,fp64,shared,32,512,0,0,1,0,0.10018491535533834,10,5,22,5,0.29132801294326782,2410.5794565633068
2026-08-30T19:48:44Z,NVIDIA H200 NVL,full,dyadic_bitcast_shared,BitCast decoder with shared coefficients,hot_uniform,forward,dot,67108864,512,256,32,fp64,shared,32,512,0,0,1,0,0.10018491535533834,10,5,23,5,0.29203200340270996,2410.5794565633068
2026-08-30T19:48:44Z,NVIDIA H200 NVL,full,dyadic_bitcast_shared,BitCast decoder with shared coefficients,hot_uniform,forward,dot,67108864,512,256,32,fp64,shared,32,512,0,0,1,0,0.10018491535533834,10,5,24,5,0.29276800155639648,2410.5794565633068
2026-08-30T19:48:44Z,NVIDIA H200 NVL,full,dyadic_bitcast_constant,BitCast decoder with constant coefficients,hot_uniform,forward,dot,67108864,512,256,32,fp64,constant,32,512,0,0,1,0,0.10018491535533834,10,5,0,6,0.29436799883842468,2410.5794565633068
2026-08-30T19:48:44Z,NVIDIA H200 NVL,full,dyadic_bitcast_constant,BitCast decoder with constant coefficients,hot_uniform,forward,dot,67108864,512,256,32,fp64,constant,32,512,0,0,1,0,0.10018491535533834,10,5,1,6,0.29609599709510803,2410.5794565633068
2026-08-30T19:48:44Z,NVIDIA H200 NVL,full,dyadic_bitcast_constant,BitCast decoder with constant coefficients,hot_uniform,forward,dot,67108864,512,256,32,fp64,constant,32,512,0,0,1,0,0.10018491535533834,10,5,2,6,0.29555198550224304,2410.5794565633068
2026-08-30T19:48:44Z,NVIDIA H200 NVL,full,dyadic_bitcast_constant,BitCast decoder with constant coefficients,hot_uniform,forward,dot,67108864,512,256,32,fp64,constant,32,512,0,0,1,0,0.10018491535533834,10,5,3,6,0.29625600576400757,2410.5794565633068
2026-08-30T19:48:44Z,NVIDIA H200 NVL,full,dyadic_bitcast_constant,BitCast decoder with constant coefficients,hot_uniform,forward,dot,67108864,512,256,32,fp64,constant,32,512,0,0,1,0,0.10018491535533834,10,5,4,6,0.29708799719810486,2410.5794565633068
2026-08-30T19:48:44Z,NVIDIA H200 NVL,full,dyadic_bitcast_constant,BitCast decoder with constant coefficients,hot_uniform,forward,dot,67108864,512,256,32,fp64,constant,32,512,0,0,1,0,0.10018491535533834,10,5,5,6,0.29574400186538696,2410.5794565633068
2026-08-30T19:48:44Z,NVIDIA H200 NVL,full,dyadic_bitcast_constant,BitCast decoder with constant coefficients,hot_uniform,forward,dot,67108864,512,256,32,fp64,constant,32,512,0,0,1,0,0.10018491535533834,10,5,6,6,0.29705598950386047,2410.5794565633068
2026-08-30T19:48:44Z,NVIDIA H200 NVL,full,dyadic_bitcast_constant,BitCast decoder with constant coefficients,hot_uniform,forward,dot,67108864,512,256,32,fp64,constant,32,512,0,0,1,0,0.10018491535533834,10,5,7,6,0.29606398940086365,2410.5794565633068
2026-08-30T19:48:44Z,NVIDIA H200 NVL,full,dyadic_bitcast_constant,BitCast decoder with constant coefficients,hot_uniform,forward,dot,67108864,512,256,32,fp64,constant,32,512,0,0,1,0,0.10018491535533834,10,5,8,6,0.29686400294303894,2410.5794565633068
2026-08-30T19:48:44Z,NVIDIA H200 NVL,full,dyadic_bitcast_constant,BitCast decoder with constant coefficients,hot_uniform,forward,dot,67108864,512,256,32,fp64,constant,32,512,0,0,1,0,0.10018491535533834,10,5,9,6,0.29664000868797302,2410.5794565633068
2026-08-30T19:48:44Z,NVIDIA H200 NVL,full,dyadic_bitcast_constant,BitCast decoder with constant coefficients,hot_uniform,forward,dot,67108864,512,256,32,fp64,constant,32,512,0,0,1,0,0.10018491535533834,10,5,10,6,0.29622399806976318,2410.5794565633068
2026-08-30T19:48:44Z,NVIDIA H200 NVL,full,dyadic_bitcast_constant,BitCast decoder with constant coefficients,hot_uniform,forward,dot,67108864,512,256,32,fp64,constant,32,512,0,0,1,0,0.10018491535533834,10,5,11,6,0.29443201422691345,2410.5794565633068
2026-08-30T19:48:44Z,NVIDIA H200 NVL,full,dyadic_bitcast_constant,BitCast decoder with constant coefficients,hot_uniform,forward,dot,67108864,512,256,32,fp64,constant,32,512,0,0,1,0,0.10018491535533834,10,5,12,6,0.29715201258659363,2410.5794565633068
2026-08-30T19:48:44Z,NVIDIA H200 NVL,full,dyadic_bitcast_constant,BitCast decoder with constant coefficients,hot_uniform,forward,dot,67108864,512,256,32,fp64,constant,32,512,0,0,1,0,0.10018491535533834,10,5,13,6,0.29529601335525513,2410.5794565633068
2026-08-30T19:48:44Z,NVIDIA H200 NVL,full,dyadic_bitcast_constant,BitCast decoder with constant coefficients,hot_uniform,forward,dot,67108864,512,256,32,fp64,constant,32,512,0,0,1,0,0.10018491535533834,10,5,14,6,0.29699200391769409,2410.5794565633068
2026-08-30T19:48:44Z,NVIDIA H200 NVL,full,dyadic_bitcast_constant,BitCast decoder with constant coefficients,hot_uniform,forward,dot,67108864,512,256,32,fp64,constant,32,512,0,0,1,0,0.10018491535533834,10,5,15,6,0.29548799991607666,2410.5794565633068
2026-08-30T19:48:44Z,NVIDIA H200 NVL,full,dyadic_bitcast_constant,BitCast decoder with constant coefficients,hot_uniform,forward,dot,67108864,512,256,32,fp64,constant,32,512,0,0,1,0,0.10018491535533834,10,5,16,6,0.29654398560523987,2410.5794565633068
2026-08-30T19:48:44Z,NVIDIA H200 NVL,full,dyadic_bitcast_constant,BitCast decoder with constant coefficients,hot_uniform,forward,dot,67108864,512,256,32,fp64,constant,32,512,0,0,1,0,0.10018491535533834,10,5,17,6,0.29548799991607666,2410.5794565633068
2026-08-30T19:48:44Z,NVIDIA H200 NVL,full,dyadic_bitcast_constant,BitCast decoder with constant coefficients,hot_uniform,forward,dot,67108864,512,256,32,fp64,constant,32,512,0,0,1,0,0.10018491535533834,10,5,18,6,0.29865598678588867,2410.5794565633068
2026-08-30T19:48:44Z,NVIDIA H200 NVL,full,dyadic_bitcast_constant,BitCast decoder with constant coefficients,hot_uniform,forward,dot,67108864,512,256,32,fp64,constant,32,512,0,0,1,0,0.10018491535533834,10,5,19,6,0.29743999242782593,2410.5794565633068
2026-08-30T19:48:44Z,NVIDIA H200 NVL,full,dyadic_bitcast_constant,BitCast decoder with constant coefficients,hot_uniform,forward,dot,67108864,512,256,32,fp64,constant,32,512,0,0,1,0,0.10018491535533834,10,5,20,6,0.29545599222183228,2410.5794565633068
2026-08-30T19:48:44Z,NVIDIA H200 NVL,full,dyadic_bitcast_constant,BitCast decoder with constant coefficients,hot_uniform,forward,dot,67108864,512,256,32,fp64,constant,32,512,0,0,1,0,0.10018491535533834,10,5,21,6,0.29567998647689819,2410.5794565633068
2026-08-30T19:48:44Z,NVIDIA H200 NVL,full,dyadic_bitcast_constant,BitCast decoder with constant coefficients,hot_uniform,forward,dot,67108864,512,256,32,fp64,constant,32,512,0,0,1,0,0.10018491535533834,10,5,22,6,0.29695999622344971,2410.5794565633068
2026-08-30T19:48:44Z,NVIDIA H200 NVL,full,dyadic_bitcast_constant,BitCast decoder with constant coefficients,hot_uniform,forward,dot,67108864,512,256,32,fp64,constant,32,512,0,0,1,0,0.10018491535533834,10,5,23,6,0.29555198550224304,2410.5794565633068
2026-08-30T19:48:44Z,NVIDIA H200 NVL,full,dyadic_bitcast_constant,BitCast decoder with constant coefficients,hot_uniform,forward,dot,67108864,512,256,32,fp64,constant,32,512,0,0,1,0,0.10018491535533834,10,5,24,6,0.29695999622344971,2410.5794565633068
2026-08-30T19:48:44Z,NVIDIA H200 NVL,full,dyadic_normal32,Current DyadicNormal32,hot_uniform,forward,dot,67108864,512,256,32,fp64,shared,32,512,0.125,0.081413507483167891,3.4263260364532471,0.12497667656640832,0.10018491535533834,10,5,0,7,0.29260799288749695,-29533.982426821771
2026-08-30T19:48:44Z,NVIDIA H200 NVL,full,dyadic_normal32,Current DyadicNormal32,hot_uniform,forward,dot,67108864,512,256,32,fp64,shared,32,512,0.125,0.081413507483167891,3.4263260364532471,0.12497667656640832,0.10018491535533834,10,5,1,7,0.29376000165939331,-29533.982426821771
2026-08-30T19:48:44Z,NVIDIA H200 NVL,full,dyadic_normal32,Current DyadicNormal32,hot_uniform,forward,dot,67108864,512,256,32,fp64,shared,32,512,0.125,0.081413507483167891,3.4263260364532471,0.12497667656640832,0.10018491535533834,10,5,2,7,0.29587200284004211,-29533.982426821771
2026-08-30T19:48:44Z,NVIDIA H200 NVL,full,dyadic_normal32,Current DyadicNormal32,hot_uniform,forward,dot,67108864,512,256,32,fp64,shared,32,512,0.125,0.081413507483167891,3.4263260364532471,0.12497667656640832,0.10018491535533834,10,5,3,7,0.29324799776077271,-29533.982426821771
2026-08-30T19:48:44Z,NVIDIA H200 NVL,full,dyadic_normal32,Current DyadicNormal32,hot_uniform,forward,dot,67108864,512,256,32,fp64,shared,32,512,0.125,0.081413507483167891,3.4263260364532471,0.12497667656640832,0.10018491535533834,10,5,4,7,0.29660800099372864,-29533.982426821771
2026-08-30T19:48:44Z,NVIDIA H200 NVL,full,dyadic_normal32,Current DyadicNormal32,hot_uniform,forward,dot,67108864,512,256,32,fp64,shared,32,512,0.125,0.081413507483167891,3.4263260364532471,0.12497667656640832,0.10018491535533834,10,5,5,7,0.29372799396514893,-29533.982426821771
2026-08-30T19:48:44Z,NVIDIA H200 NVL,full,dyadic_normal32,Current DyadicNormal32,hot_uniform,forward,dot,67108864,512,256,32,fp64,shared,32,512,0.125,0.081413507483167891,3.4263260364532471,0.12497667656640832,0.10018491535533834,10,5,6,7,0.29440000653266907,-29533.982426821771
2026-08-30T19:48:44Z,NVIDIA H200 NVL,full,dyadic_normal32,Current DyadicNormal32,hot_uniform,forward,dot,67108864,512,256,32,fp64,shared,32,512,0.125,0.081413507483167891,3.4263260364532471,0.12497667656640832,0.10018491535533834,10,5,7,7,0.29500800371170044,-29533.982426821771
2026-08-30T19:48:44Z,NVIDIA H200 NVL,full,dyadic_normal32,Current DyadicNormal32,hot_uniform,forward,dot,67108864,512,256,32,fp64,shared,32,512,0.125,0.081413507483167891,3.4263260364532471,0.12497667656640832,0.10018491535533834,10,5,8,7,0.29596799612045288,-29533.982426821771
2026-08-30T19:48:44Z,NVIDIA H200 NVL,full,dyadic_normal32,Current DyadicNormal32,hot_uniform,forward,dot,67108864,512,256,32,fp64,shared,32,512,0.125,0.081413507483167891,3.4263260364532471,0.12497667656640832,0.10018491535533834,10,5,9,7,0.29455998539924622,-29533.982426821771
2026-08-30T19:48:44Z,NVIDIA H200 NVL,full,dyadic_normal32,Current DyadicNormal32,hot_uniform,forward,dot,67108864,512,256,32,fp64,shared,32,512,0.125,0.081413507483167891,3.4263260364532471,0.12497667656640832,0.10018491535533834,10,5,10,7,0.29359999299049377,-29533.982426821771
2026-08-30T19:48:44Z,NVIDIA H200 NVL,full,dyadic_normal32,Current DyadicNormal32,hot_uniform,forward,dot,67108864,512,256,32,fp64,shared,32,512,0.125,0.081413507483167891,3.4263260364532471,0.12497667656640832,0.10018491535533834,10,5,11,7,0.29414400458335876,-29533.982426821771
2026-08-30T19:48:44Z,NVIDIA H200 NVL,full,dyadic_normal32,Current DyadicNormal32,hot_uniform,forward,dot,67108864,512,256,32,fp64,shared,32,512,0.125,0.081413507483167891,3.4263260364532471,0.12497667656640832,0.10018491535533834,10,5,12,7,0.29488000273704529,-29533.982426821771
2026-08-30T19:48:44Z,NVIDIA H200 NVL,full,dyadic_normal32,Current DyadicNormal32,hot_uniform,forward,dot,67108864,512,256,32,fp64,shared,32,512,0.125,0.081413507483167891,3.4263260364532471,0.12497667656640832,0.10018491535533834,10,5,13,7,0.2943040132522583,-29533.982426821771
2026-08-30T19:48:44Z,NVIDIA H200 NVL,full,dyadic_normal32,Current DyadicNormal32,hot_uniform,forward,dot,67108864,512,256,32,fp64,shared,32,512,0.125,0.081413507483167891,3.4263260364532471,0.12497667656640832,0.10018491535533834,10,5,14,7,0.2948479950428009,-29533.982426821771
2026-08-30T19:48:44Z,NVIDIA H200 NVL,full,dyadic_normal32,Current DyadicNormal32,hot_uniform,forward,dot,67108864,512,256,32,fp64,shared,32,512,0.125,0.081413507483167891,3.4263260364532471,0.12497667656640832,0.10018491535533834,10,5,15,7,0.29318401217460632,-29533.982426821771
2026-08-30T19:48:44Z,NVIDIA H200 NVL,full,dyadic_normal32,Current DyadicNormal32,hot_uniform,forward,dot,67108864,512,256,32,fp64,shared,32,512,0.125,0.081413507483167891,3.4263260364532471,0.12497667656640832,0.10018491535533834,10,5,16,7,0.29353600740432739,-29533.982426821771
2026-08-30T19:48:44Z,NVIDIA H200 NVL,full,dyadic_normal32,Current DyadicNormal32,hot_uniform,forward,dot,67108864,512,256,32,fp64,shared,32,512,0.125,0.081413507483167891,3.4263260364532471,0.12497667656640832,0.10018491535533834,10,5,17,7,0.29398399591445923,-29533.982426821771
2026-08-30T19:48:44Z,NVIDIA H200 NVL,full,dyadic_normal32,Current DyadicNormal32,hot_uniform,forward,dot,67108864,512,256,32,fp64,shared,32,512,0.125,0.081413507483167891,3.4263260364532471,0.12497667656640832,0.10018491535533834,10,5,18,7,0.29635199904441833,-29533.982426821771
2026-08-30T19:48:44Z,NVIDIA H200 NVL,full,dyadic_normal32,Current DyadicNormal32,hot_uniform,forward,dot,67108864,512,256,32,fp64,shared,32,512,0.125,0.081413507483167891,3.4263260364532471,0.12497667656640832,0.10018491535533834,10,5,19,7,0.29369598627090454,-29533.982426821771
2026-08-30T19:48:44Z,NVIDIA H200 NVL,full,dyadic_normal32,Current DyadicNormal32,hot_uniform,forward,dot,67108864,512,256,32,fp64,shared,32,512,0.125,0.081413507483167891,3.4263260364532471,0.12497667656640832,0.10018491535533834,10,5,20,7,0.29455998539924622,-29533.982426821771
2026-08-30T19:48:44Z,NVIDIA H200 NVL,full,dyadic_normal32,Current DyadicNormal32,hot_uniform,forward,dot,67108864,512,256,32,fp64,shared,32,512,0.125,0.081413507483167891,3.4263260364532471,0.12497667656640832,0.10018491535533834,10,5,21,7,0.29353600740432739,-29533.982426821771
2026-08-30T19:48:44Z,NVIDIA H200 NVL,full,dyadic_normal32,Current DyadicNormal32,hot_uniform,forward,dot,67108864,512,256,32,fp64,shared,32,512,0.125,0.081413507483167891,3.4263260364532471,0.12497667656640832,0.10018491535533834,10,5,22,7,0.29606398940086365,-29533.982426821771
2026-08-30T19:48:44Z,NVIDIA H200 NVL,full,dyadic_normal32,Current DyadicNormal32,hot_uniform,forward,dot,67108864,512,256,32,fp64,shared,32,512,0.125,0.081413507483167891,3.4263260364532471,0.12497667656640832,0.10018491535533834,10,5,23,7,0.29366400837898254,-29533.982426821771
2026-08-30T19:48:44Z,NVIDIA H200 NVL,full,dyadic_normal32,Current DyadicNormal32,hot_uniform,forward,dot,67108864,512,256,32,fp64,shared,32,512,0.125,0.081413507483167891,3.4263260364532471,0.12497667656640832,0.10018491535533834,10,5,24,7,0.29705598950386047,-29533.982426821771
2026-08-30T19:48:44Z,NVIDIA H200 NVL,full,dyadic_sign_fused,Sign-fused decoder,hot_uniform,forward,dot,67108864,512,256,32,fp64,shared,32,512,0.125,0.081413507483167891,3.4263260364532471,0.12497667656640832,0.10018491535533834,10,5,0,8,0.29257598519325256,-29533.982426821771
2026-08-30T19:48:44Z,NVIDIA H200 NVL,full,dyadic_sign_fused,Sign-fused decoder,hot_uniform,forward,dot,67108864,512,256,32,fp64,shared,32,512,0.125,0.081413507483167891,3.4263260364532471,0.12497667656640832,0.10018491535533834,10,5,1,8,0.2924480140209198,-29533.982426821771
2026-08-30T19:48:44Z,NVIDIA H200 NVL,full,dyadic_sign_fused,Sign-fused decoder,hot_uniform,forward,dot,67108864,512,256,32,fp64,shared,32,512,0.125,0.081413507483167891,3.4263260364532471,0.12497667656640832,0.10018491535533834,10,5,2,8,0.29571199417114258,-29533.982426821771
2026-08-30T19:48:44Z,NVIDIA H200 NVL,full,dyadic_sign_fused,Sign-fused decoder,hot_uniform,forward,dot,67108864,512,256,32,fp64,shared,32,512,0.125,0.081413507483167891,3.4263260364532471,0.12497667656640832,0.10018491535533834,10,5,3,8,0.29321599006652832,-29533.982426821771
2026-08-30T19:48:44Z,NVIDIA H200 NVL,full,dyadic_sign_fused,Sign-fused decoder,hot_uniform,forward,dot,67108864,512,256,32,fp64,shared,32,512,0.125,0.081413507483167891,3.4263260364532471,0.12497667656640832,0.10018491535533834,10,5,4,8,0.29356798529624939,-29533.982426821771
2026-08-30T19:48:44Z,NVIDIA H200 NVL,full,dyadic_sign_fused,Sign-fused decoder,hot_uniform,forward,dot,67108864,512,256,32,fp64,shared,32,512,0.125,0.081413507483167891,3.4263260364532471,0.12497667656640832,0.10018491535533834,10,5,5,8,0.29235199093818665,-29533.982426821771
2026-08-30T19:48:44Z,NVIDIA H200 NVL,full,dyadic_sign_fused,Sign-fused decoder,hot_uniform,forward,dot,67108864,512,256,32,fp64,shared,32,512,0.125,0.081413507483167891,3.4263260364532471,0.12497667656640832,0.10018491535533834,10,5,6,8,0.29328000545501709,-29533.982426821771
2026-08-30T19:48:44Z,NVIDIA H200 NVL,full,dyadic_sign_fused,Sign-fused decoder,hot_uniform,forward,dot,67108864,512,256,32,fp64,shared,32,512,0.125,0.081413507483167891,3.4263260364532471,0.12497667656640832,0.10018491535533834,10,5,7,8,0.29238399863243103,-29533.982426821771
2026-08-30T19:48:44Z,NVIDIA H200 NVL,full,dyadic_sign_fused,Sign-fused decoder,hot_uniform,forward,dot,67108864,512,256,32,fp64,shared,32,512,0.125,0.081413507483167891,3.4263260364532471,0.12497667656640832,0.10018491535533834,10,5,8,8,0.29353600740432739,-29533.982426821771
2026-08-30T19:48:44Z,NVIDIA H200 NVL,full,dyadic_sign_fused,Sign-fused decoder,hot_uniform,forward,dot,67108864,512,256,32,fp64,shared,32,512,0.125,0.081413507483167891,3.4263260364532471,0.12497667656640832,0.10018491535533834,10,5,9,8,0.29232001304626465,-29533.982426821771
2026-08-30T19:48:44Z,NVIDIA H200 NVL,full,dyadic_sign_fused,Sign-fused decoder,hot_uniform,forward,dot,67108864,512,256,32,fp64,shared,32,512,0.125,0.081413507483167891,3.4263260364532471,0.12497667656640832,0.10018491535533834,10,5,10,8,0.29423999786376953,-29533.982426821771
2026-08-30T19:48:44Z,NVIDIA H200 NVL,full,dyadic_sign_fused,Sign-fused decoder,hot_uniform,forward,dot,67108864,512,256,32,fp64,shared,32,512,0.125,0.081413507483167891,3.4263260364532471,0.12497667656640832,0.10018491535533834,10,5,11,8,0.29104000329971313,-29533.982426821771
2026-08-30T19:48:44Z,NVIDIA H200 NVL,full,dyadic_sign_fused,Sign-fused decoder,hot_uniform,forward,dot,67108864,512,256,32,fp64,shared,32,512,0.125,0.081413507483167891,3.4263260364532471,0.12497667656640832,0.10018491535533834,10,5,12,8,0.29324799776077271,-29533.982426821771
2026-08-30T19:48:44Z,NVIDIA H200 NVL,full,dyadic_sign_fused,Sign-fused decoder,hot_uniform,forward,dot,67108864,512,256,32,fp64,shared,32,512,0.125,0.081413507483167891,3.4263260364532471,0.12497667656640832,0.10018491535533834,10,5,13,8,0.29199999570846558,-29533.982426821771
2026-08-30T19:48:44Z,NVIDIA H200 NVL,full,dyadic_sign_fused,Sign-fused decoder,hot_uniform,forward,dot,67108864,512,256,32,fp64,shared,32,512,0.125,0.081413507483167891,3.4263260364532471,0.12497667656640832,0.10018491535533834,10,5,14,8,0.29366400837898254,-29533.982426821771
2026-08-30T19:48:44Z,NVIDIA H200 NVL,full,dyadic_sign_fused,Sign-fused decoder,hot_uniform,forward,dot,67108864,512,256,32,fp64,shared,32,512,0.125,0.081413507483167891,3.4263260364532471,0.12497667656640832,0.10018491535533834,10,5,15,8,0.29321599006652832,-29533.982426821771
2026-08-30T19:48:44Z,NVIDIA H200 NVL,full,dyadic_sign_fused,Sign-fused decoder,hot_uniform,forward,dot,67108864,512,256,32,fp64,shared,32,512,0.125,0.081413507483167891,3.4263260364532471,0.12497667656640832,0.10018491535533834,10,5,16,8,0.29196798801422119,-29533.982426821771
2026-08-30T19:48:44Z,NVIDIA H200 NVL,full,dyadic_sign_fused,Sign-fused decoder,hot_uniform,forward,dot,67108864,512,256,32,fp64,shared,32,512,0.125,0.081413507483167891,3.4263260364532471,0.12497667656640832,0.10018491535533834,10,5,17,8,0.29107201099395752,-29533.982426821771
2026-08-30T19:48:44Z,NVIDIA H200 NVL,full,dyadic_sign_fused,Sign-fused decoder,hot_uniform,forward,dot,67108864,512,256,32,fp64,shared,32,512,0.125,0.081413507483167891,3.4263260364532471,0.12497667656640832,0.10018491535533834,10,5,18,8,0.2913919985294342,-29533.982426821771
2026-08-30T19:48:44Z,NVIDIA H200 NVL,full,dyadic_sign_fused,Sign-fused decoder,hot_uniform,forward,dot,67108864,512,256,32,fp64,shared,32,512,0.125,0.081413507483167891,3.4263260364532471,0.12497667656640832,0.10018491535533834,10,5,19,8,0.29420799016952515,-29533.982426821771
2026-08-30T19:48:44Z,NVIDIA H200 NVL,full,dyadic_sign_fused,Sign-fused decoder,hot_uniform,forward,dot,67108864,512,256,32,fp64,shared,32,512,0.125,0.081413507483167891,3.4263260364532471,0.12497667656640832,0.10018491535533834,10,5,20,8,0.29222398996353149,-29533.982426821771
2026-08-30T19:48:44Z,NVIDIA H200 NVL,full,dyadic_sign_fused,Sign-fused decoder,hot_uniform,forward,dot,67108864,512,256,32,fp64,shared,32,512,0.125,0.081413507483167891,3.4263260364532471,0.12497667656640832,0.10018491535533834,10,5,21,8,0.29468798637390137,-29533.982426821771
2026-08-30T19:48:44Z,NVIDIA H200 NVL,full,dyadic_sign_fused,Sign-fused decoder,hot_uniform,forward,dot,67108864,512,256,32,fp64,shared,32,512,0.125,0.081413507483167891,3.4263260364532471,0.12497667656640832,0.10018491535533834,10,5,22,8,0.29340800642967224,-29533.982426821771
2026-08-30T19:48:44Z,NVIDIA H200 NVL,full,dyadic_sign_fused,Sign-fused decoder,hot_uniform,forward,dot,67108864,512,256,32,fp64,shared,32,512,0.125,0.081413507483167891,3.4263260364532471,0.12497667656640832,0.10018491535533834,10,5,23,8,0.29158401489257812,-29533.982426821771
2026-08-30T19:48:44Z,NVIDIA H200 NVL,full,dyadic_sign_fused,Sign-fused decoder,hot_uniform,forward,dot,67108864,512,256,32,fp64,shared,32,512,0.125,0.081413507483167891,3.4263260364532471,0.12497667656640832,0.10018491535533834,10,5,24,8,0.29241600632667542,-29533.982426821771
2026-08-30T19:48:44Z,NVIDIA H200 NVL,full,dyadic_bitcast_shared,BitCast decoder with shared coefficients,hot_uniform,forward,dot,67108864,512,256,32,fp64,shared,32,512,0.125,0.081413507483167891,3.4263260364532471,0.12497667656640832,0.10018491535533834,10,5,0,9,0.29206401109695435,-29533.982426821764
2026-08-30T19:48:44Z,NVIDIA H200 NVL,full,dyadic_bitcast_shared,BitCast decoder with shared coefficients,hot_uniform,forward,dot,67108864,512,256,32,fp64,shared,32,512,0.125,0.081413507483167891,3.4263260364532471,0.12497667656640832,0.10018491535533834,10,5,1,9,0.29532799124717712,-29533.982426821764
2026-08-30T19:48:44Z,NVIDIA H200 NVL,full,dyadic_bitcast_shared,BitCast decoder with shared coefficients,hot_uniform,forward,dot,67108864,512,256,32,fp64,shared,32,512,0.125,0.081413507483167891,3.4263260364532471,0.12497667656640832,0.10018491535533834,10,5,2,9,0.29446399211883545,-29533.982426821764
2026-08-30T19:48:44Z,NVIDIA H200 NVL,full,dyadic_bitcast_shared,BitCast decoder with shared coefficients,hot_uniform,forward,dot,67108864,512,256,32,fp64,shared,32,512,0.125,0.081413507483167891,3.4263260364532471,0.12497667656640832,0.10018491535533834,10,5,3,9,0.29295998811721802,-29533.982426821764
2026-08-30T19:48:44Z,NVIDIA H200 NVL,full,dyadic_bitcast_shared,BitCast decoder with shared coefficients,hot_uniform,forward,dot,67108864,512,256,32,fp64,shared,32,512,0.125,0.081413507483167891,3.4263260364532471,0.12497667656640832,0.10018491535533834,10,5,4,9,0.29407998919487,-29533.982426821764
2026-08-30T19:48:44Z,NVIDIA H200 NVL,full,dyadic_bitcast_shared,BitCast decoder with shared coefficients,hot_uniform,forward,dot,67108864,512,256,32,fp64,shared,32,512,0.125,0.081413507483167891,3.4263260364532471,0.12497667656640832,0.10018491535533834,10,5,5,9,0.29225599765777588,-29533.982426821764
2026-08-30T19:48:44Z,NVIDIA H200 NVL,full,dyadic_bitcast_shared,BitCast decoder with shared coefficients,hot_uniform,forward,dot,67108864,512,256,32,fp64,shared,32,512,0.125,0.081413507483167891,3.4263260364532471,0.12497667656640832,0.10018491535533834,10,5,6,9,0.29340800642967224,-29533.982426821764
2026-08-30T19:48:44Z,NVIDIA H200 NVL,full,dyadic_bitcast_shared,BitCast decoder with shared coefficients,hot_uniform,forward,dot,67108864,512,256,32,fp64,shared,32,512,0.125,0.081413507483167891,3.4263260364532471,0.12497667656640832,0.10018491535533834,10,5,7,9,0.29305601119995117,-29533.982426821764
2026-08-30T19:48:44Z,NVIDIA H200 NVL,full,dyadic_bitcast_shared,BitCast decoder with shared coefficients,hot_uniform,forward,dot,67108864,512,256,32,fp64,shared,32,512,0.125,0.081413507483167891,3.4263260364532471,0.12497667656640832,0.10018491535533834,10,5,8,9,0.29340800642967224,-29533.982426821764
2026-08-30T19:48:44Z,NVIDIA H200 NVL,full,dyadic_bitcast_shared,BitCast decoder with shared coefficients,hot_uniform,forward,dot,67108864,512,256,32,fp64,shared,32,512,0.125,0.081413507483167891,3.4263260364532471,0.12497667656640832,0.10018491535533834,10,5,9,9,0.2927359938621521,-29533.982426821764
2026-08-30T19:48:44Z,NVIDIA H200 NVL,full,dyadic_bitcast_shared,BitCast decoder with shared coefficients,hot_uniform,forward,dot,67108864,512,256,32,fp64,shared,32,512,0.125,0.081413507483167891,3.4263260364532471,0.12497667656640832,0.10018491535533834,10,5,10,9,0.29411199688911438,-29533.982426821764
2026-08-30T19:48:44Z,NVIDIA H200 NVL,full,dyadic_bitcast_shared,BitCast decoder with shared coefficients,hot_uniform,forward,dot,67108864,512,256,32,fp64,shared,32,512,0.125,0.081413507483167891,3.4263260364532471,0.12497667656640832,0.10018491535533834,10,5,11,9,0.29414400458335876,-29533.982426821764
2026-08-30T19:48:44Z,NVIDIA H200 NVL,full,dyadic_bitcast_shared,BitCast decoder with shared coefficients,hot_uniform,forward,dot,67108864,512,256,32,fp64,shared,32,512,0.125,0.081413507483167891,3.4263260364532471,0.12497667656640832,0.10018491535533834,10,5,12,9,0.29308798909187317,-29533.982426821764
2026-08-30T19:48:44Z,NVIDIA H200 NVL,full,dyadic_bitcast_shared,BitCast decoder with shared coefficients,hot_uniform,forward,dot,67108864,512,256,32,fp64,shared,32,512,0.125,0.081413507483167891,3.4263260364532471,0.12497667656640832,0.10018491535533834,10,5,13,9,0.29385599493980408,-29533.982426821764
2026-08-30T19:48:44Z,NVIDIA H200 NVL,full,dyadic_bitcast_shared,BitCast decoder with shared coefficients,hot_uniform,forward,dot,67108864,512,256,32,fp64,shared,32,512,0.125,0.081413507483167891,3.4263260364532471,0.12497667656640832,0.10018491535533834,10,5,14,9,0.29318401217460632,-29533.982426821764
2026-08-30T19:48:44Z,NVIDIA H200 NVL,full,dyadic_bitcast_shared,BitCast decoder with shared coefficients,hot_uniform,forward,dot,67108864,512,256,32,fp64,shared,32,512,0.125,0.081413507483167891,3.4263260364532471,0.12497667656640832,0.10018491535533834,10,5,15,9,0.29392001032829285,-29533.982426821764
2026-08-30T19:48:44Z,NVIDIA H200 NVL,full,dyadic_bitcast_shared,BitCast decoder with shared coefficients,hot_uniform,forward,dot,67108864,512,256,32,fp64,shared,32,512,0.125,0.081413507483167891,3.4263260364532471,0.12497667656640832,0.10018491535533834,10,5,16,9,0.29497599601745605,-29533.982426821764
2026-08-30T19:48:44Z,NVIDIA H200 NVL,full,dyadic_bitcast_shared,BitCast decoder with shared coefficients,hot_uniform,forward,dot,67108864,512,256,32,fp64,shared,32,512,0.125,0.081413507483167891,3.4263260364532471,0.12497667656640832,0.10018491535533834,10,5,17,9,0.29305601119995117,-29533.982426821764
2026-08-30T19:48:44Z,NVIDIA H200 NVL,full,dyadic_bitcast_shared,BitCast decoder with shared coefficients,hot_uniform,forward,dot,67108864,512,256,32,fp64,shared,32,512,0.125,0.081413507483167891,3.4263260364532471,0.12497667656640832,0.10018491535533834,10,5,18,9,0.29542401432991028,-29533.982426821764
2026-08-30T19:48:44Z,NVIDIA H200 NVL,full,dyadic_bitcast_shared,BitCast decoder with shared coefficients,hot_uniform,forward,dot,67108864,512,256,32,fp64,shared,32,512,0.125,0.081413507483167891,3.4263260364532471,0.12497667656640832,0.10018491535533834,10,5,19,9,0.29321599006652832,-29533.982426821764
2026-08-30T19:48:44Z,NVIDIA H200 NVL,full,dyadic_bitcast_shared,BitCast decoder with shared coefficients,hot_uniform,forward,dot,67108864,512,256,32,fp64,shared,32,512,0.125,0.081413507483167891,3.4263260364532471,0.12497667656640832,0.10018491535533834,10,5,20,9,0.2948479950428009,-29533.982426821764
2026-08-30T19:48:44Z,NVIDIA H200 NVL,full,dyadic_bitcast_shared,BitCast decoder with shared coefficients,hot_uniform,forward,dot,67108864,512,256,32,fp64,shared,32,512,0.125,0.081413507483167891,3.4263260364532471,0.12497667656640832,0.10018491535533834,10,5,21,9,0.29235199093818665,-29533.982426821764
2026-08-30T19:48:44Z,NVIDIA H200 NVL,full,dyadic_bitcast_shared,BitCast decoder with shared coefficients,hot_uniform,forward,dot,67108864,512,256,32,fp64,shared,32,512,0.125,0.081413507483167891,3.4263260364532471,0.12497667656640832,0.10018491535533834,10,5,22,9,0.29481598734855652,-29533.982426821764
2026-08-30T19:48:44Z,NVIDIA H200 NVL,full,dyadic_bitcast_shared,BitCast decoder with shared coefficients,hot_uniform,forward,dot,67108864,512,256,32,fp64,shared,32,512,0.125,0.081413507483167891,3.4263260364532471,0.12497667656640832,0.10018491535533834,10,5,23,9,0.29311999678611755,-29533.982426821764
2026-08-30T19:48:44Z,NVIDIA H200 NVL,full,dyadic_bitcast_shared,BitCast decoder with shared coefficients,hot_uniform,forward,dot,67108864,512,256,32,fp64,shared,32,512,0.125,0.081413507483167891,3.4263260364532471,0.12497667656640832,0.10018491535533834,10,5,24,9,0.29468798637390137,-29533.982426821764
2026-08-30T19:48:44Z,NVIDIA H200 NVL,full,dyadic_bitcast_constant,BitCast decoder with constant coefficients,hot_uniform,forward,dot,67108864,512,256,32,fp64,constant,32,512,0.125,0.081413507483167891,3.4263260364532471,0.12497667656640832,0.10018491535533834,10,5,0,10,0.32540801167488098,-29533.982426821764
2026-08-30T19:48:44Z,NVIDIA H200 NVL,full,dyadic_bitcast_constant,BitCast decoder with constant coefficients,hot_uniform,forward,dot,67108864,512,256,32,fp64,constant,32,512,0.125,0.081413507483167891,3.4263260364532471,0.12497667656640832,0.10018491535533834,10,5,1,10,0.32739201188087463,-29533.982426821764
2026-08-30T19:48:44Z,NVIDIA H200 NVL,full,dyadic_bitcast_constant,BitCast decoder with constant coefficients,hot_uniform,forward,dot,67108864,512,256,32,fp64,constant,32,512,0.125,0.081413507483167891,3.4263260364532471,0.12497667656640832,0.10018491535533834,10,5,2,10,0.32838401198387146,-29533.982426821764
2026-08-30T19:48:44Z,NVIDIA H200 NVL,full,dyadic_bitcast_constant,BitCast decoder with constant coefficients,hot_uniform,forward,dot,67108864,512,256,32,fp64,constant,32,512,0.125,0.081413507483167891,3.4263260364532471,0.12497667656640832,0.10018491535533834,10,5,3,10,0.32662400603294373,-29533.982426821764
2026-08-30T19:48:44Z,NVIDIA H200 NVL,full,dyadic_bitcast_constant,BitCast decoder with constant coefficients,hot_uniform,forward,dot,67108864,512,256,32,fp64,constant,32,512,0.125,0.081413507483167891,3.4263260364532471,0.12497667656640832,0.10018491535533834,10,5,4,10,0.32854399085044861,-29533.982426821764
2026-08-30T19:48:44Z,NVIDIA H200 NVL,full,dyadic_bitcast_constant,BitCast decoder with constant coefficients,hot_uniform,forward,dot,67108864,512,256,32,fp64,constant,32,512,0.125,0.081413507483167891,3.4263260364532471,0.12497667656640832,0.10018491535533834,10,5,5,10,0.32835200428962708,-29533.982426821764
2026-08-30T19:48:44Z,NVIDIA H200 NVL,full,dyadic_bitcast_constant,BitCast decoder with constant coefficients,hot_uniform,forward,dot,67108864,512,256,32,fp64,constant,32,512,0.125,0.081413507483167891,3.4263260364532471,0.12497667656640832,0.10018491535533834,10,5,6,10,0.32755199074745178,-29533.982426821764
2026-08-30T19:48:44Z,NVIDIA H200 NVL,full,dyadic_bitcast_constant,BitCast decoder with constant coefficients,hot_uniform,forward,dot,67108864,512,256,32,fp64,constant,32,512,0.125,0.081413507483167891,3.4263260364532471,0.12497667656640832,0.10018491535533834,10,5,7,10,0.32624000310897827,-29533.982426821764
2026-08-30T19:48:44Z,NVIDIA H200 NVL,full,dyadic_bitcast_constant,BitCast decoder with constant coefficients,hot_uniform,forward,dot,67108864,512,256,32,fp64,constant,32,512,0.125,0.081413507483167891,3.4263260364532471,0.12497667656640832,0.10018491535533834,10,5,8,10,0.32764801383018494,-29533.982426821764
2026-08-30T19:48:44Z,NVIDIA H200 NVL,full,dyadic_bitcast_constant,BitCast decoder with constant coefficients,hot_uniform,forward,dot,67108864,512,256,32,fp64,constant,32,512,0.125,0.081413507483167891,3.4263260364532471,0.12497667656640832,0.10018491535533834,10,5,9,10,0.32739201188087463,-29533.982426821764
2026-08-30T19:48:44Z,NVIDIA H200 NVL,full,dyadic_bitcast_constant,BitCast decoder with constant coefficients,hot_uniform,forward,dot,67108864,512,256,32,fp64,constant,32,512,0.125,0.081413507483167891,3.4263260364532471,0.12497667656640832,0.10018491535533834,10,5,10,10,0.32831999659538269,-29533.982426821764
2026-08-30T19:48:44Z,NVIDIA H200 NVL,full,dyadic_bitcast_constant,BitCast decoder with constant coefficients,hot_uniform,forward,dot,67108864,512,256,32,fp64,constant,32,512,0.125,0.081413507483167891,3.4263260364532471,0.12497667656640832,0.10018491535533834,10,5,11,10,0.32831999659538269,-29533.982426821764
2026-08-30T19:48:44Z,NVIDIA H200 NVL,full,dyadic_bitcast_constant,BitCast decoder with constant coefficients,hot_uniform,forward,dot,67108864,512,256,32,fp64,constant,32,512,0.125,0.081413507483167891,3.4263260364532471,0.12497667656640832,0.10018491535533834,10,5,12,10,0.32857599854469299,-29533.982426821764
2026-08-30T19:48:44Z,NVIDIA H200 NVL,full,dyadic_bitcast_constant,BitCast decoder with constant coefficients,hot_uniform,forward,dot,67108864,512,256,32,fp64,constant,32,512,0.125,0.081413507483167891,3.4263260364532471,0.12497667656640832,0.10018491535533834,10,5,13,10,0.32854399085044861,-29533.982426821764
2026-08-30T19:48:44Z,NVIDIA H200 NVL,full,dyadic_bitcast_constant,BitCast decoder with constant coefficients,hot_uniform,forward,dot,67108864,512,256,32,fp64,constant,32,512,0.125,0.081413507483167891,3.4263260364532471,0.12497667656640832,0.10018491535533834,10,5,14,10,0.32937601208686829,-29533.982426821764
2026-08-30T19:48:44Z,NVIDIA H200 NVL,full,dyadic_bitcast_constant,BitCast decoder with constant coefficients,hot_uniform,forward,dot,67108864,512,256,32,fp64,constant,32,512,0.125,0.081413507483167891,3.4263260364532471,0.12497667656640832,0.10018491535533834,10,5,15,10,0.32787200808525085,-29533.982426821764
2026-08-30T19:48:44Z,NVIDIA H200 NVL,full,dyadic_bitcast_constant,BitCast decoder with constant coefficients,hot_uniform,forward,dot,67108864,512,256,32,fp64,constant,32,512,0.125,0.081413507483167891,3.4263260364532471,0.12497667656640832,0.10018491535533834,10,5,16,10,0.32745599746704102,-29533.982426821764
2026-08-30T19:48:44Z,NVIDIA H200 NVL,full,dyadic_bitcast_constant,BitCast decoder with constant coefficients,hot_uniform,forward,dot,67108864,512,256,32,fp64,constant,32,512,0.125,0.081413507483167891,3.4263260364532471,0.12497667656640832,0.10018491535533834,10,5,17,10,0.32662400603294373,-29533.982426821764
2026-08-30T19:48:44Z,NVIDIA H200 NVL,full,dyadic_bitcast_constant,BitCast decoder with constant coefficients,hot_uniform,forward,dot,67108864,512,256,32,fp64,constant,32,512,0.125,0.081413507483167891,3.4263260364532471,0.12497667656640832,0.10018491535533834,10,5,18,10,0.32831999659538269,-29533.982426821764
2026-08-30T19:48:44Z,NVIDIA H200 NVL,full,dyadic_bitcast_constant,BitCast decoder with constant coefficients,hot_uniform,forward,dot,67108864,512,256,32,fp64,constant,32,512,0.125,0.081413507483167891,3.4263260364532471,0.12497667656640832,0.10018491535533834,10,5,19,10,0.32784000039100647,-29533.982426821764
2026-08-30T19:48:44Z,NVIDIA H200 NVL,full,dyadic_bitcast_constant,BitCast decoder with constant coefficients,hot_uniform,forward,dot,67108864,512,256,32,fp64,constant,32,512,0.125,0.081413507483167891,3.4263260364532471,0.12497667656640832,0.10018491535533834,10,5,20,10,0.32892799377441406,-29533.982426821764
2026-08-30T19:48:44Z,NVIDIA H200 NVL,full,dyadic_bitcast_constant,BitCast decoder with constant coefficients,hot_uniform,forward,dot,67108864,512,256,32,fp64,constant,32,512,0.125,0.081413507483167891,3.4263260364532471,0.12497667656640832,0.10018491535533834,10,5,21,10,0.32745599746704102,-29533.982426821764
2026-08-30T19:48:44Z,NVIDIA H200 NVL,full,dyadic_bitcast_constant,BitCast decoder with constant coefficients,hot_uniform,forward,dot,67108864,512,256,32,fp64,constant,32,512,0.125,0.081413507483167891,3.4263260364532471,0.12497667656640832,0.10018491535533834,10,5,22,10,0.32627201080322266,-29533.982426821764
2026-08-30T19:48:44Z,NVIDIA H200 NVL,full,dyadic_bitcast_constant,BitCast decoder with constant coefficients,hot_uniform,forward,dot,67108864,512,256,32,fp64,constant,32,512,0.125,0.081413507483167891,3.4263260364532471,0.12497667656640832,0.10018491535533834,10,5,23,10,0.32835200428962708,-29533.982426821764
2026-08-30T19:48:44Z,NVIDIA H200 NVL,full,dyadic_bitcast_constant,BitCast decoder with constant coefficients,hot_uniform,forward,dot,67108864,512,256,32,fp64,constant,32,512,0.125,0.081413507483167891,3.4263260364532471,0.12497667656640832,0.10018491535533834,10,5,24,10,0.32854399085044861,-29533.982426821764
2026-08-30T19:48:44Z,NVIDIA H200 NVL,full,dyadic_normal32,Current DyadicNormal32,hot_uniform,forward,dot,67108864,512,256,32,fp64,shared,32,512,0.25,0.16982185517023218,5.8536875247955322,0.25000668781821839,0.10018491535533834,10,5,0,11,0.29228800535202026,-21325.979486697364
2026-08-30T19:48:44Z,NVIDIA H200 NVL,full,dyadic_normal32,Current DyadicNormal32,hot_uniform,forward,dot,67108864,512,256,32,fp64,shared,32,512,0.25,0.16982185517023218,5.8536875247955322,0.25000668781821839,0.10018491535533834,10,5,1,11,0.29392001032829285,-21325.979486697364
2026-08-30T19:48:44Z,NVIDIA H200 NVL,full,dyadic_normal32,Current DyadicNormal32,hot_uniform,forward,dot,67108864,512,256,32,fp64,shared,32,512,0.25,0.16982185517023218,5.8536875247955322,0.25000668781821839,0.10018491535533834,10,5,2,11,0.29471999406814575,-21325.979486697364
2026-08-30T19:48:44Z,NVIDIA H200 NVL,full,dyadic_normal32,Current DyadicNormal32,hot_uniform,forward,dot,67108864,512,256,32,fp64,shared,32,512,0.25,0.16982185517023218,5.8536875247955322,0.25000668781821839,0.10018491535533834,10,5,3,11,0.2959359884262085,-21325.979486697364
2026-08-30T19:48:44Z,NVIDIA H200 NVL,full,dyadic_normal32,Current DyadicNormal32,hot_uniform,forward,dot,67108864,512,256,32,fp64,shared,32,512,0.25,0.16982185517023218,5.8536875247955322,0.25000668781821839,0.10018491535533834,10,5,4,11,0.29535999894142151,-21325.979486697364
2026-08-30T19:48:44Z,NVIDIA H200 NVL,full,dyadic_normal32,Current DyadicNormal32,hot_uniform,forward,dot,67108864,512,256,32,fp64,shared,32,512,0.25,0.16982185517023218,5.8536875247955322,0.25000668781821839,0.10018491535533834,10,5,5,11,0.29596799612045288,-21325.979486697364
2026-08-30T19:48:44Z,NVIDIA H200 NVL,full,dyadic_normal32,Current DyadicNormal32,hot_uniform,forward,dot,67108864,512,256,32,fp64,shared,32,512,0.25,0.16982185517023218,5.8536875247955322,0.25000668781821839,0.10018491535533834,10,5,6,11,0.29603201150894165,-21325.979486697364
2026-08-30T19:48:44Z,NVIDIA H200 NVL,full,dyadic_normal32,Current DyadicNormal32,hot_uniform,forward,dot,67108864,512,256,32,fp64,shared,32,512,0.25,0.16982185517023218,5.8536875247955322,0.25000668781821839,0.10018491535533834,10,5,7,11,0.29356798529624939,-21325.979486697364
2026-08-30T19:48:44Z,NVIDIA H200 NVL,full,dyadic_normal32,Current DyadicNormal32,hot_uniform,forward,dot,67108864,512,256,32,fp64,shared,32,512,0.25,0.16982185517023218,5.8536875247955322,0.25000668781821839,0.10018491535533834,10,5,8,11,0.29686400294303894,-21325.979486697364
2026-08-30T19:48:44Z,NVIDIA H200 NVL,full,dyadic_normal32,Current DyadicNormal32,hot_uniform,forward,dot,67108864,512,256,32,fp64,shared,32,512,0.25,0.16982185517023218,5.8536875247955322,0.25000668781821839,0.10018491535533834,10,5,9,11,0.29488000273704529,-21325.979486697364
2026-08-30T19:48:44Z,NVIDIA H200 NVL,full,dyadic_normal32,Current DyadicNormal32,hot_uniform,forward,dot,67108864,512,256,32,fp64,shared,32,512,0.25,0.16982185517023218,5.8536875247955322,0.25000668781821839,0.10018491535533834,10,5,10,11,0.29513600468635559,-21325.979486697364
2026-08-30T19:48:44Z,NVIDIA H200 NVL,full,dyadic_normal32,Current DyadicNormal32,hot_uniform,forward,dot,67108864,512,256,32,fp64,shared,32,512,0.25,0.16982185517023218,5.8536875247955322,0.25000668781821839,0.10018491535533834,10,5,11,11,0.29465600848197937,-21325.979486697364
2026-08-30T19:48:44Z,NVIDIA H200 NVL,full,dyadic_normal32,Current DyadicNormal32,hot_uniform,forward,dot,67108864,512,256,32,fp64,shared,32,512,0.25,0.16982185517023218,5.8536875247955322,0.25000668781821839,0.10018491535533834,10,5,12,11,0.2956480085849762,-21325.979486697364
2026-08-30T19:48:44Z,NVIDIA H200 NVL,full,dyadic_normal32,Current DyadicNormal32,hot_uniform,forward,dot,67108864,512,256,32,fp64,shared,32,512,0.25,0.16982185517023218,5.8536875247955322,0.25000668781821839,0.10018491535533834,10,5,13,11,0.29567998647689819,-21325.979486697364
2026-08-30T19:48:44Z,NVIDIA H200 NVL,full,dyadic_normal32,Current DyadicNormal32,hot_uniform,forward,dot,67108864,512,256,32,fp64,shared,32,512,0.25,0.16982185517023218,5.8536875247955322,0.25000668781821839,0.10018491535533834,10,5,14,11,0.29446399211883545,-21325.979486697364
2026-08-30T19:48:44Z,NVIDIA H200 NVL,full,dyadic_normal32,Current DyadicNormal32,hot_uniform,forward,dot,67108864,512,256,32,fp64,shared,32,512,0.25,0.16982185517023218,5.8536875247955322,0.25000668781821839,0.10018491535533834,10,5,15,11,0.29395198822021484,-21325.979486697364
2026-08-30T19:48:44Z,NVIDIA H200 NVL,full,dyadic_normal32,Current DyadicNormal32,hot_uniform,forward,dot,67108864,512,256,32,fp64,shared,32,512,0.25,0.16982185517023218,5.8536875247955322,0.25000668781821839,0.10018491535533834,10,5,16,11,0.29628801345825195,-21325.979486697364
2026-08-30T19:48:44Z,NVIDIA H200 NVL,full,dyadic_normal32,Current DyadicNormal32,hot_uniform,forward,dot,67108864,512,256,32,fp64,shared,32,512,0.25,0.16982185517023218,5.8536875247955322,0.25000668781821839,0.10018491535533834,10,5,17,11,0.29440000653266907,-21325.979486697364
2026-08-30T19:48:44Z,NVIDIA H200 NVL,full,dyadic_normal32,Current DyadicNormal32,hot_uniform,forward,dot,67108864,512,256,32,fp64,shared,32,512,0.25,0.16982185517023218,5.8536875247955322,0.25000668781821839,0.10018491535533834,10,5,18,11,0.29488000273704529,-21325.979486697364
2026-08-30T19:48:44Z,NVIDIA H200 NVL,full,dyadic_normal32,Current DyadicNormal32,hot_uniform,forward,dot,67108864,512,256,32,fp64,shared,32,512,0.25,0.16982185517023218,5.8536875247955322,0.25000668781821839,0.10018491535533834,10,5,19,11,0.294048011302948,-21325.979486697364
2026-08-30T19:48:44Z,NVIDIA H200 NVL,full,dyadic_normal32,Current DyadicNormal32,hot_uniform,forward,dot,67108864,512,256,32,fp64,shared,32,512,0.25,0.16982185517023218,5.8536875247955322,0.25000668781821839,0.10018491535533834,10,5,20,11,0.29504001140594482,-21325.979486697364
2026-08-30T19:48:44Z,NVIDIA H200 NVL,full,dyadic_normal32,Current DyadicNormal32,hot_uniform,forward,dot,67108864,512,256,32,fp64,shared,32,512,0.25,0.16982185517023218,5.8536875247955322,0.25000668781821839,0.10018491535533834,10,5,21,11,0.29363200068473816,-21325.979486697364
2026-08-30T19:48:44Z,NVIDIA H200 NVL,full,dyadic_normal32,Current DyadicNormal32,hot_uniform,forward,dot,67108864,512,256,32,fp64,shared,32,512,0.25,0.16982185517023218,5.8536875247955322,0.25000668781821839,0.10018491535533834,10,5,22,11,0.29507198929786682,-21325.979486697364
2026-08-30T19:48:44Z,NVIDIA H200 NVL,full,dyadic_normal32,Current DyadicNormal32,hot_uniform,forward,dot,67108864,512,256,32,fp64,shared,32,512,0.25,0.16982185517023218,5.8536875247955322,0.25000668781821839,0.10018491535533834,10,5,23,11,0.29452800750732422,-21325.979486697364
2026-08-30T19:48:44Z,NVIDIA H200 NVL,full,dyadic_normal32,Current DyadicNormal32,hot_uniform,forward,dot,67108864,512,256,32,fp64,shared,32,512,0.25,0.16982185517023218,5.8536875247955322,0.25000668781821839,0.10018491535533834,10,5,24,11,0.29561600089073181,-21325.979486697364
2026-08-30T19:48:44Z,NVIDIA H200 NVL,full,dyadic_sign_fused,Sign-fused decoder,hot_uniform,forward,dot,67108864,512,256,32,fp64,shared,32,512,0.25,0.16982185517023218,5.8536875247955322,0.25000668781821839,0.10018491535533834,10,5,0,12,0.29318401217460632,-21325.979486697364
2026-08-30T19:48:44Z,NVIDIA H200 NVL,full,dyadic_sign_fused,Sign-fused decoder,hot_uniform,forward,dot,67108864,512,256,32,fp64,shared,32,512,0.25,0.16982185517023218,5.8536875247955322,0.25000668781821839,0.10018491535533834,10,5,1,12,0.29238399863243103,-21325.979486697364
2026-08-30T19:48:44Z,NVIDIA H200 NVL,full,dyadic_sign_fused,Sign-fused decoder,hot_uniform,forward,dot,67108864,512,256,32,fp64,shared,32,512,0.25,0.16982185517023218,5.8536875247955322,0.25000668781821839,0.10018491535533834,10,5,2,12,0.29283198714256287,-21325.979486697364
2026-08-30T19:48:44Z,NVIDIA H200 NVL,full,dyadic_sign_fused,Sign-fused decoder,hot_uniform,forward,dot,67108864,512,256,32,fp64,shared,32,512,0.25,0.16982185517023218,5.8536875247955322,0.25000668781821839,0.10018491535533834,10,5,3,12,0.29324799776077271,-21325.979486697364
2026-08-30T19:48:44Z,NVIDIA H200 NVL,full,dyadic_sign_fused,Sign-fused decoder,hot_uniform,forward,dot,67108864,512,256,32,fp64,shared,32,512,0.25,0.16982185517023218,5.8536875247955322,0.25000668781821839,0.10018491535533834,10,5,4,12,0.29407998919487,-21325.979486697364
2026-08-30T19:48:44Z,NVIDIA H200 NVL,full,dyadic_sign_fused,Sign-fused decoder,hot_uniform,forward,dot,67108864,512,256,32,fp64,shared,32,512,0.25,0.16982185517023218,5.8536875247955322,0.25000668781821839,0.10018491535533834,10,5,5,12,0.29420799016952515,-21325.979486697364
2026-08-30T19:48:44Z,NVIDIA H200 NVL,full,dyadic_sign_fused,Sign-fused decoder,hot_uniform,forward,dot,67108864,512,256,32,fp64,shared,32,512,0.25,0.16982185517023218,5.8536875247955322,0.25000668781821839,0.10018491535533834,10,5,6,12,0.29376000165939331,-21325.979486697364
2026-08-30T19:48:44Z,NVIDIA H200 NVL,full,dyadic_sign_fused,Sign-fused decoder,hot_uniform,forward,dot,67108864,512,256,32,fp64,shared,32,512,0.25,0.16982185517023218,5.8536875247955322,0.25000668781821839,0.10018491535533834,10,5,7,12,0.29305601119995117,-21325.979486697364
2026-08-30T19:48:44Z,NVIDIA H200 NVL,full,dyadic_sign_fused,Sign-fused decoder,hot_uniform,forward,dot,67108864,512,256,32,fp64,shared,32,512,0.25,0.16982185517023218,5.8536875247955322,0.25000668781821839,0.10018491535533834,10,5,8,12,0.29440000653266907,-21325.979486697364
2026-08-30T19:48:44Z,NVIDIA H200 NVL,full,dyadic_sign_fused,Sign-fused decoder,hot_uniform,forward,dot,67108864,512,256,32,fp64,shared,32,512,0.25,0.16982185517023218,5.8536875247955322,0.25000668781821839,0.10018491535533834,10,5,9,12,0.29376000165939331,-21325.979486697364
2026-08-30T19:48:44Z,NVIDIA H200 NVL,full,dyadic_sign_fused,Sign-fused decoder,hot_uniform,forward,dot,67108864,512,256,32,fp64,shared,32,512,0.25,0.16982185517023218,5.8536875247955322,0.25000668781821839,0.10018491535533834,10,5,10,12,0.29440000653266907,-21325.979486697364
2026-08-30T19:48:44Z,NVIDIA H200 NVL,full,dyadic_sign_fused,Sign-fused decoder,hot_uniform,forward,dot,67108864,512,256,32,fp64,shared,32,512,0.25,0.16982185517023218,5.8536875247955322,0.25000668781821839,0.10018491535533834,10,5,11,12,0.29196798801422119,-21325.979486697364
2026-08-30T19:48:44Z,NVIDIA H200 NVL,full,dyadic_sign_fused,Sign-fused decoder,hot_uniform,forward,dot,67108864,512,256,32,fp64,shared,32,512,0.25,0.16982185517023218,5.8536875247955322,0.25000668781821839,0.10018491535533834,10,5,12,12,0.29539200663566589,-21325.979486697364
2026-08-30T19:48:44Z,NVIDIA H200 NVL,full,dyadic_sign_fused,Sign-fused decoder,hot_uniform,forward,dot,67108864,512,256,32,fp64,shared,32,512,0.25,0.16982185517023218,5.8536875247955322,0.25000668781821839,0.10018491535533834,10,5,13,12,0.29462400078773499,-21325.979486697364
2026-08-30T19:48:44Z,NVIDIA H200 NVL,full,dyadic_sign_fused,Sign-fused decoder,hot_uniform,forward,dot,67108864,512,256,32,fp64,shared,32,512,0.25,0.16982185517023218,5.8536875247955322,0.25000668781821839,0.10018491535533834,10,5,14,12,0.2943040132522583,-21325.979486697364
2026-08-30T19:48:44Z,NVIDIA H200 NVL,full,dyadic_sign_fused,Sign-fused decoder,hot_uniform,forward,dot,67108864,512,256,32,fp64,shared,32,512,0.25,0.16982185517023218,5.8536875247955322,0.25000668781821839,0.10018491535533834,10,5,15,12,0.29212799668312073,-21325.979486697364
2026-08-30T19:48:44Z,NVIDIA H200 NVL,full,dyadic_sign_fused,Sign-fused decoder,hot_uniform,forward,dot,67108864,512,256,32,fp64,shared,32,512,0.25,0.16982185517023218,5.8536875247955322,0.25000668781821839,0.10018491535533834,10,5,16,12,0.29340800642967224,-21325.979486697364
2026-08-30T19:48:44Z,NVIDIA H200 NVL,full,dyadic_sign_fused,Sign-fused decoder,hot_uniform,forward,dot,67108864,512,256,32,fp64,shared,32,512,0.25,0.16982185517023218,5.8536875247955322,0.25000668781821839,0.10018491535533834,10,5,17,12,0.29427200555801392,-21325.979486697364
2026-08-30T19:48:44Z,NVIDIA H200 NVL,full,dyadic_sign_fused,Sign-fused decoder,hot_uniform,forward,dot,67108864,512,256,32,fp64,shared,32,512,0.25,0.16982185517023218,5.8536875247955322,0.25000668781821839,0.10018491535533834,10,5,18,12,0.29376000165939331,-21325.979486697364
2026-08-30T19:48:44Z,NVIDIA H200 NVL,full,dyadic_sign_fused,Sign-fused decoder,hot_uniform,forward,dot,67108864,512,256,32,fp64,shared,32,512,0.25,0.16982185517023218,5.8536875247955322,0.25000668781821839,0.10018491535533834,10,5,19,12,0.2929919958114624,-21325.979486697364
2026-08-30T19:48:44Z,NVIDIA H200 NVL,full,dyadic_sign_fused,Sign-fused decoder,hot_uniform,forward,dot,67108864,512,256,32,fp64,shared,32,512,0.25,0.16982185517023218,5.8536875247955322,0.25000668781821839,0.10018491535533834,10,5,20,12,0.29311999678611755,-21325.979486697364
2026-08-30T19:48:44Z,NVIDIA H200 NVL,full,dyadic_sign_fused,Sign-fused decoder,hot_uniform,forward,dot,67108864,512,256,32,fp64,shared,32,512,0.25,0.16982185517023218,5.8536875247955322,0.25000668781821839,0.10018491535533834,10,5,21,12,0.29241600632667542,-21325.979486697364
2026-08-30T19:48:44Z,NVIDIA H200 NVL,full,dyadic_sign_fused,Sign-fused decoder,hot_uniform,forward,dot,67108864,512,256,32,fp64,shared,32,512,0.25,0.16982185517023218,5.8536875247955322,0.25000668781821839,0.10018491535533834,10,5,22,12,0.29270398616790771,-21325.979486697364
2026-08-30T19:48:44Z,NVIDIA H200 NVL,full,dyadic_sign_fused,Sign-fused decoder,hot_uniform,forward,dot,67108864,512,256,32,fp64,shared,32,512,0.25,0.16982185517023218,5.8536875247955322,0.25000668781821839,0.10018491535533834,10,5,23,12,0.29100799560546875,-21325.979486697364
2026-08-30T19:48:44Z,NVIDIA H200 NVL,full,dyadic_sign_fused,Sign-fused decoder,hot_uniform,forward,dot,67108864,512,256,32,fp64,shared,32,512,0.25,0.16982185517023218,5.8536875247955322,0.25000668781821839,0.10018491535533834,10,5,24,12,0.29510399699211121,-21325.979486697364
2026-08-30T19:48:44Z,NVIDIA H200 NVL,full,dyadic_bitcast_shared,BitCast decoder with shared coefficients,hot_uniform,forward,dot,67108864,512,256,32,fp64,shared,32,512,0.25,0.16982185517023218,5.8536875247955322,0.25000668781821839,0.10018491535533834,10,5,0,13,0.29283198714256287,-21325.979486697368
2026-08-30T19:48:44Z,NVIDIA H200 NVL,full,dyadic_bitcast_shared,BitCast decoder with shared coefficients,hot_uniform,forward,dot,67108864,512,256,32,fp64,shared,32,512,0.25,0.16982185517023218,5.8536875247955322,0.25000668781821839,0.10018491535533834,10,5,1,13,0.29449599981307983,-21325.979486697368
2026-08-30T19:48:44Z,NVIDIA H200 NVL,full,dyadic_bitcast_shared,BitCast decoder with shared coefficients,hot_uniform,forward,dot,67108864,512,256,32,fp64,shared,32,512,0.25,0.16982185517023218,5.8536875247955322,0.25000668781821839,0.10018491535533834,10,5,2,13,0.29401600360870361,-21325.979486697368
2026-08-30T19:48:44Z,NVIDIA H200 NVL,full,dyadic_bitcast_shared,BitCast decoder with shared coefficients,hot_uniform,forward,dot,67108864,512,256,32,fp64,shared,32,512,0.25,0.16982185517023218,5.8536875247955322,0.25000668781821839,0.10018491535533834,10,5,3,13,0.29318401217460632,-21325.979486697368
2026-08-30T19:48:44Z,NVIDIA H200 NVL,full,dyadic_bitcast_shared,BitCast decoder with shared coefficients,hot_uniform,forward,dot,67108864,512,256,32,fp64,shared,32,512,0.25,0.16982185517023218,5.8536875247955322,0.25000668781821839,0.10018491535533834,10,5,4,13,0.29465600848197937,-21325.979486697368
2026-08-30T19:48:44Z,NVIDIA H200 NVL,full,dyadic_bitcast_shared,BitCast decoder with shared coefficients,hot_uniform,forward,dot,67108864,512,256,32,fp64,shared,32,512,0.25,0.16982185517023218,5.8536875247955322,0.25000668781821839,0.10018491535533834,10,5,5,13,0.29331201314926147,-21325.979486697368
2026-08-30T19:48:44Z,NVIDIA H200 NVL,full,dyadic_bitcast_shared,BitCast decoder with shared coefficients,hot_uniform,forward,dot,67108864,512,256,32,fp64,shared,32,512,0.25,0.16982185517023218,5.8536875247955322,0.25000668781821839,0.10018491535533834,10,5,6,13,0.29423999786376953,-21325.979486697368
2026-08-30T19:48:44Z,NVIDIA H200 NVL,full,dyadic_bitcast_shared,BitCast decoder with shared coefficients,hot_uniform,forward,dot,67108864,512,256,32,fp64,shared,32,512,0.25,0.16982185517023218,5.8536875247955322,0.25000668781821839,0.10018491535533834,10,5,7,13,0.29267200827598572,-21325.979486697368
2026-08-30T19:48:44Z,NVIDIA H200 NVL,full,dyadic_bitcast_shared,BitCast decoder with shared coefficients,hot_uniform,forward,dot,67108864,512,256,32,fp64,shared,32,512,0.25,0.16982185517023218,5.8536875247955322,0.25000668781821839,0.10018491535533834,10,5,8,13,0.29491201043128967,-21325.979486697368
2026-08-30T19:48:44Z,NVIDIA H200 NVL,full,dyadic_bitcast_shared,BitCast decoder with shared coefficients,hot_uniform,forward,dot,67108864,512,256,32,fp64,shared,32,512,0.25,0.16982185517023218,5.8536875247955322,0.25000668781821839,0.10018491535533834,10,5,9,13,0.29292801022529602,-21325.979486697368
2026-08-30T19:48:44Z,NVIDIA H200 NVL,full,dyadic_bitcast_shared,BitCast decoder with shared coefficients,hot_uniform,forward,dot,67108864,512,256,32,fp64,shared,32,512,0.25,0.16982185517023218,5.8536875247955322,0.25000668781821839,0.10018491535533834,10,5,10,13,0.29344001412391663,-21325.979486697368
2026-08-30T19:48:44Z,NVIDIA H200 NVL,full,dyadic_bitcast_shared,BitCast decoder with shared coefficients,hot_uniform,forward,dot,67108864,512,256,32,fp64,shared,32,512,0.25,0.16982185517023218,5.8536875247955322,0.25000668781821839,0.10018491535533834,10,5,11,13,0.29376000165939331,-21325.979486697368
2026-08-30T19:48:44Z,NVIDIA H200 NVL,full,dyadic_bitcast_shared,BitCast decoder with shared coefficients,hot_uniform,forward,dot,67108864,512,256,32,fp64,shared,32,512,0.25,0.16982185517023218,5.8536875247955322,0.25000668781821839,0.10018491535533834,10,5,12,13,0.29366400837898254,-21325.979486697368
2026-08-30T19:48:44Z,NVIDIA H200 NVL,full,dyadic_bitcast_shared,BitCast decoder with shared coefficients,hot_uniform,forward,dot,67108864,512,256,32,fp64,shared,32,512,0.25,0.16982185517023218,5.8536875247955322,0.25000668781821839,0.10018491535533834,10,5,13,13,0.29372799396514893,-21325.979486697368
2026-08-30T19:48:44Z,NVIDIA H200 NVL,full,dyadic_bitcast_shared,BitCast decoder with shared coefficients,hot_uniform,forward,dot,67108864,512,256,32,fp64,shared,32,512,0.25,0.16982185517023218,5.8536875247955322,0.25000668781821839,0.10018491535533834,10,5,14,13,0.29350399971008301,-21325.979486697368
2026-08-30T19:48:44Z,NVIDIA H200 NVL,full,dyadic_bitcast_shared,BitCast decoder with shared coefficients,hot_uniform,forward,dot,67108864,512,256,32,fp64,shared,32,512,0.25,0.16982185517023218,5.8536875247955322,0.25000668781821839,0.10018491535533834,10,5,15,13,0.29340800642967224,-21325.979486697368
2026-08-30T19:48:44Z,NVIDIA H200 NVL,full,dyadic_bitcast_shared,BitCast decoder with shared coefficients,hot_uniform,forward,dot,67108864,512,256,32,fp64,shared,32,512,0.25,0.16982185517023218,5.8536875247955322,0.25000668781821839,0.10018491535533834,10,5,16,13,0.29558399319648743,-21325.979486697368
2026-08-30T19:48:44Z,NVIDIA H200 NVL,full,dyadic_bitcast_shared,BitCast decoder with shared coefficients,hot_uniform,forward,dot,67108864,512,256,32,fp64,shared,32,512,0.25,0.16982185517023218,5.8536875247955322,0.25000668781821839,0.10018491535533834,10,5,17,13,0.29308798909187317,-21325.979486697368
2026-08-30T19:48:44Z,NVIDIA H200 NVL,full,dyadic_bitcast_shared,BitCast decoder with shared coefficients,hot_uniform,forward,dot,67108864,512,256,32,fp64,shared,32,512,0.25,0.16982185517023218,5.8536875247955322,0.25000668781821839,0.10018491535533834,10,5,18,13,0.29401600360870361,-21325.979486697368
2026-08-30T19:48:44Z,NVIDIA H200 NVL,full,dyadic_bitcast_shared,BitCast decoder with shared coefficients,hot_uniform,forward,dot,67108864,512,256,32,fp64,shared,32,512,0.25,0.16982185517023218,5.8536875247955322,0.25000668781821839,0.10018491535533834,10,5,19,13,0.29382398724555969,-21325.979486697368
2026-08-30T19:48:44Z,NVIDIA H200 NVL,full,dyadic_bitcast_shared,BitCast decoder with shared coefficients,hot_uniform,forward,dot,67108864,512,256,32,fp64,shared,32,512,0.25,0.16982185517023218,5.8536875247955322,0.25000668781821839,0.10018491535533834,10,5,20,13,0.29449599981307983,-21325.979486697368
2026-08-30T19:48:44Z,NVIDIA H200 NVL,full,dyadic_bitcast_shared,BitCast decoder with shared coefficients,hot_uniform,forward,dot,67108864,512,256,32,fp64,shared,32,512,0.25,0.16982185517023218,5.8536875247955322,0.25000668781821839,0.10018491535533834,10,5,21,13,0.29449599981307983,-21325.979486697368
2026-08-30T19:48:44Z,NVIDIA H200 NVL,full,dyadic_bitcast_shared,BitCast decoder with shared coefficients,hot_uniform,forward,dot,67108864,512,256,32,fp64,shared,32,512,0.25,0.16982185517023218,5.8536875247955322,0.25000668781821839,0.10018491535533834,10,5,22,13,0.2943359911441803,-21325.979486697368
2026-08-30T19:48:44Z,NVIDIA H200 NVL,full,dyadic_bitcast_shared,BitCast decoder with shared coefficients,hot_uniform,forward,dot,67108864,512,256,32,fp64,shared,32,512,0.25,0.16982185517023218,5.8536875247955322,0.25000668781821839,0.10018491535533834,10,5,23,13,0.29609599709510803,-21325.979486697368
2026-08-30T19:48:44Z,NVIDIA H200 NVL,full,dyadic_bitcast_shared,BitCast decoder with shared coefficients,hot_uniform,forward,dot,67108864,512,256,32,fp64,shared,32,512,0.25,0.16982185517023218,5.8536875247955322,0.25000668781821839,0.10018491535533834,10,5,24,13,0.29481598734855652,-21325.979486697368
2026-08-30T19:48:44Z,NVIDIA H200 NVL,full,dyadic_bitcast_constant,BitCast decoder with constant coefficients,hot_uniform,forward,dot,67108864,512,256,32,fp64,constant,32,512,0.25,0.16982185517023218,5.8536875247955322,0.25000668781821839,0.10018491535533834,10,5,0,14,0.49475198984146118,-21325.979486697368
2026-08-30T19:48:44Z,NVIDIA H200 NVL,full,dyadic_bitcast_constant,BitCast decoder with constant coefficients,hot_uniform,forward,dot,67108864,512,256,32,fp64,constant,32,512,0.25,0.16982185517023218,5.8536875247955322,0.25000668781821839,0.10018491535533834,10,5,1,14,0.49263998866081238,-21325.979486697368
2026-08-30T19:48:44Z,NVIDIA H200 NVL,full,dyadic_bitcast_constant,BitCast decoder with constant coefficients,hot_uniform,forward,dot,67108864,512,256,32,fp64,constant,32,512,0.25,0.16982185517023218,5.8536875247955322,0.25000668781821839,0.10018491535533834,10,5,2,14,0.49417600035667419,-21325.979486697368
2026-08-30T19:48:44Z,NVIDIA H200 NVL,full,dyadic_bitcast_constant,BitCast decoder with constant coefficients,hot_uniform,forward,dot,67108864,512,256,32,fp64,constant,32,512,0.25,0.16982185517023218,5.8536875247955322,0.25000668781821839,0.10018491535533834,10,5,3,14,0.49347200989723206,-21325.979486697368
2026-08-30T19:48:44Z,NVIDIA H200 NVL,full,dyadic_bitcast_constant,BitCast decoder with constant coefficients,hot_uniform,forward,dot,67108864,512,256,32,fp64,constant,32,512,0.25,0.16982185517023218,5.8536875247955322,0.25000668781821839,0.10018491535533834,10,5,4,14,0.49663999676704407,-21325.979486697368
2026-08-30T19:48:44Z,NVIDIA H200 NVL,full,dyadic_bitcast_constant,BitCast decoder with constant coefficients,hot_uniform,forward,dot,67108864,512,256,32,fp64,constant,32,512,0.25,0.16982185517023218,5.8536875247955322,0.25000668781821839,0.10018491535533834,10,5,5,14,0.49647998809814453,-21325.979486697368
2026-08-30T19:48:44Z,NVIDIA H200 NVL,full,dyadic_bitcast_constant,BitCast decoder with constant coefficients,hot_uniform,forward,dot,67108864,512,256,32,fp64,constant,32,512,0.25,0.16982185517023218,5.8536875247955322,0.25000668781821839,0.10018491535533834,10,5,6,14,0.49497601389884949,-21325.979486697368
2026-08-30T19:48:44Z,NVIDIA H200 NVL,full,dyadic_bitcast_constant,BitCast decoder with constant coefficients,hot_uniform,forward,dot,67108864,512,256,32,fp64,constant,32,512,0.25,0.16982185517023218,5.8536875247955322,0.25000668781821839,0.10018491535533834,10,5,7,14,0.5,-21325.979486697368
2026-08-30T19:48:44Z,NVIDIA H200 NVL,full,dyadic_bitcast_constant,BitCast decoder with constant coefficients,hot_uniform,forward,dot,67108864,512,256,32,fp64,constant,32,512,0.25,0.16982185517023218,5.8536875247955322,0.25000668781821839,0.10018491535533834,10,5,8,14,0.4970879852771759,-21325.979486697368
2026-08-30T19:48:44Z,NVIDIA H200 NVL,full,dyadic_bitcast_constant,BitCast decoder with constant coefficients,hot_uniform,forward,dot,67108864,512,256,32,fp64,constant,32,512,0.25,0.16982185517023218,5.8536875247955322,0.25000668781821839,0.10018491535533834,10,5,9,14,0.49593600630760193,-21325.979486697368
2026-08-30T19:48:44Z,NVIDIA H200 NVL,full,dyadic_bitcast_constant,BitCast decoder with constant coefficients,hot_uniform,forward,dot,67108864,512,256,32,fp64,constant,32,512,0.25,0.16982185517023218,5.8536875247955322,0.25000668781821839,0.10018491535533834,10,5,10,14,0.49747198820114136,-21325.979486697368
2026-08-30T19:48:44Z,NVIDIA H200 NVL,full,dyadic_bitcast_constant,BitCast decoder with constant coefficients,hot_uniform,forward,dot,67108864,512,256,32,fp64,constant,32,512,0.25,0.16982185517023218,5.8536875247955322,0.25000668781821839,0.10018491535533834,10,5,11,14,0.49619200825691223,-21325.979486697368
2026-08-30T19:48:44Z,NVIDIA H200 NVL,full,dyadic_bitcast_constant,BitCast decoder with constant coefficients,hot_uniform,forward,dot,67108864,512,256,32,fp64,constant,32,512,0.25,0.16982185517023218,5.8536875247955322,0.25000668781821839,0.10018491535533834,10,5,12,14,0.49753600358963013,-21325.979486697368
2026-08-30T19:48:44Z,NVIDIA H200 NVL,full,dyadic_bitcast_constant,BitCast decoder with constant coefficients,hot_uniform,forward,dot,67108864,512,256,32,fp64,constant,32,512,0.25,0.16982185517023218,5.8536875247955322,0.25000668781821839,0.10018491535533834,10,5,13,14,0.49449598789215088,-21325.979486697368
2026-08-30T19:48:44Z,NVIDIA H200 NVL,full,dyadic_bitcast_constant,BitCast decoder with constant coefficients,hot_uniform,forward,dot,67108864,512,256,32,fp64,constant,32,512,0.25,0.16982185517023218,5.8536875247955322,0.25000668781821839,0.10018491535533834,10,5,14,14,0.49356800317764282,-21325.979486697368
2026-08-30T19:48:44Z,NVIDIA H200 NVL,full,dyadic_bitcast_constant,BitCast decoder with constant coefficients,hot_uniform,forward,dot,67108864,512,256,32,fp64,constant,32,512,0.25,0.16982185517023218,5.8536875247955322,0.25000668781821839,0.10018491535533834,10,5,15,14,0.49529600143432617,-21325.979486697368
2026-08-30T19:48:44Z,NVIDIA H200 NVL,full,dyadic_bitcast_constant,BitCast decoder with constant coefficients,hot_uniform,forward,dot,67108864,512,256,32,fp64,constant,32,512,0.25,0.16982185517023218,5.8536875247955322,0.25000668781821839,0.10018491535533834,10,5,16,14,0.49804800748825073,-21325.979486697368
2026-08-30T19:48:44Z,NVIDIA H200 NVL,full,dyadic_bitcast_constant,BitCast decoder with constant coefficients,hot_uniform,forward,dot,67108864,512,256,32,fp64,constant,32,512,0.25,0.16982185517023218,5.8536875247955322,0.25000668781821839,0.10018491535533834,10,5,17,14,0.49721598625183105,-21325.979486697368
2026-08-30T19:48:44Z,NVIDIA H200 NVL,full,dyadic_bitcast_constant,BitCast decoder with constant coefficients,hot_uniform,forward,dot,67108864,512,256,32,fp64,constant,32,512,0.25,0.16982185517023218,5.8536875247955322,0.25000668781821839,0.10018491535533834,10,5,18,14,0.49766400456428528,-21325.979486697368
2026-08-30T19:48:44Z,NVIDIA H200 NVL,full,dyadic_bitcast_constant,BitCast decoder with constant coefficients,hot_uniform,forward,dot,67108864,512,256,32,fp64,constant,32,512,0.25,0.16982185517023218,5.8536875247955322,0.25000668781821839,0.10018491535533834,10,5,19,14,0.49427199363708496,-21325.979486697368
2026-08-30T19:48:44Z,NVIDIA H200 NVL,full,dyadic_bitcast_constant,BitCast decoder with constant coefficients,hot_uniform,forward,dot,67108864,512,256,32,fp64,constant,32,512,0.25,0.16982185517023218,5.8536875247955322,0.25000668781821839,0.10018491535533834,10,5,20,14,0.49804800748825073,-21325.979486697368
2026-08-30T19:48:44Z,NVIDIA H200 NVL,full,dyadic_bitcast_constant,BitCast decoder with constant coefficients,hot_uniform,forward,dot,67108864,512,256,32,fp64,constant,32,512,0.25,0.16982185517023218,5.8536875247955322,0.25000668781821839,0.10018491535533834,10,5,21,14,0.49539199471473694,-21325.979486697368
2026-08-30T19:48:44Z,NVIDIA H200 NVL,full,dyadic_bitcast_constant,BitCast decoder with constant coefficients,hot_uniform,forward,dot,67108864,512,256,32,fp64,constant,32,512,0.25,0.16982185517023218,5.8536875247955322,0.25000668781821839,0.10018491535533834,10,5,22,14,0.49715200066566467,-21325.979486697368
2026-08-30T19:48:44Z,NVIDIA H200 NVL,full,dyadic_bitcast_constant,BitCast decoder with constant coefficients,hot_uniform,forward,dot,67108864,512,256,32,fp64,constant,32,512,0.25,0.16982185517023218,5.8536875247955322,0.25000668781821839,0.10018491535533834,10,5,23,14,0.49715200066566467,-21325.979486697368
2026-08-30T19:48:44Z,NVIDIA H200 NVL,full,dyadic_bitcast_constant,BitCast decoder with constant coefficients,hot_uniform,forward,dot,67108864,512,256,32,fp64,constant,32,512,0.25,0.16982185517023218,5.8536875247955322,0.25000668781821839,0.10018491535533834,10,5,24,14,0.49462398886680603,-21325.979486697368
2026-08-30T19:48:44Z,NVIDIA H200 NVL,full,dyadic_normal32,Current DyadicNormal32,hot_uniform,forward,dot,67108864,512,256,32,fp64,shared,32,512,0.375,0.26656633816317843,8.2807967662811279,0.37502370618558112,0.10018491535533834,10,5,0,15,0.29311999678611755,33747.700457771367
2026-08-30T19:48:44Z,NVIDIA H200 NVL,full,dyadic_normal32,Current DyadicNormal32,hot_uniform,forward,dot,67108864,512,256,32,fp64,shared,32,512,0.375,0.26656633816317843,8.2807967662811279,0.37502370618558112,0.10018491535533834,10,5,1,15,0.29392001032829285,33747.700457771367
2026-08-30T19:48:44Z,NVIDIA H200 NVL,full,dyadic_normal32,Current DyadicNormal32,hot_uniform,forward,dot,67108864,512,256,32,fp64,shared,32,512,0.375,0.26656633816317843,8.2807967662811279,0.37502370618558112,0.10018491535533834,10,5,2,15,0.29603201150894165,33747.700457771367
2026-08-30T19:48:44Z,NVIDIA H200 NVL,full,dyadic_normal32,Current DyadicNormal32,hot_uniform,forward,dot,67108864,512,256,32,fp64,shared,32,512,0.375,0.26656633816317843,8.2807967662811279,0.37502370618558112,0.10018491535533834,10,5,3,15,0.29203200340270996,33747.700457771367
2026-08-30T19:48:44Z,NVIDIA H200 NVL,full,dyadic_normal32,Current DyadicNormal32,hot_uniform,forward,dot,67108864,512,256,32,fp64,shared,32,512,0.375,0.26656633816317843,8.2807967662811279,0.37502370618558112,0.10018491535533834,10,5,4,15,0.29638400673866272,33747.700457771367
2026-08-30T19:48:44Z,NVIDIA H200 NVL,full,dyadic_normal32,Current DyadicNormal32,hot_uniform,forward,dot,67108864,512,256,32,fp64,shared,32,512,0.375,0.26656633816317843,8.2807967662811279,0.37502370618558112,0.10018491535533834,10,5,5,15,0.29552000761032104,33747.700457771367
2026-08-30T19:48:44Z,NVIDIA H200 NVL,full,dyadic_normal32,Current DyadicNormal32,hot_uniform,forward,dot,67108864,512,256,32,fp64,shared,32,512,0.375,0.26656633816317843,8.2807967662811279,0.37502370618558112,0.10018491535533834,10,5,6,15,0.29596799612045288,33747.700457771367
2026-08-30T19:48:44Z,NVIDIA H200 NVL,full,dyadic_normal32,Current DyadicNormal32,hot_uniform,forward,dot,67108864,512,256,32,fp64,shared,32,512,0.375,0.26656633816317843,8.2807967662811279,0.37502370618558112,0.10018491535533834,10,5,7,15,0.29407998919487,33747.700457771367
2026-08-30T19:48:44Z,NVIDIA H200 NVL,full,dyadic_normal32,Current DyadicNormal32,hot_uniform,forward,dot,67108864,512,256,32,fp64,shared,32,512,0.375,0.26656633816317843,8.2807967662811279,0.37502370618558112,0.10018491535533834,10,5,8,15,0.29664000868797302,33747.700457771367
2026-08-30T19:48:44Z,NVIDIA H200 NVL,full,dyadic_normal32,Current DyadicNormal32,hot_uniform,forward,dot,67108864,512,256,32,fp64,shared,32,512,0.375,0.26656633816317843,8.2807967662811279,0.37502370618558112,0.10018491535533834,10,5,9,15,0.29600000381469727,33747.700457771367
2026-08-30T19:48:44Z,NVIDIA H200 NVL,full,dyadic_normal32,Current DyadicNormal32,hot_uniform,forward,dot,67108864,512,256,32,fp64,shared,32,512,0.375,0.26656633816317843,8.2807967662811279,0.37502370618558112,0.10018491535533834,10,5,10,15,0.29600000381469727,33747.700457771367
2026-08-30T19:48:44Z,NVIDIA H200 NVL,full,dyadic_normal32,Current DyadicNormal32,hot_uniform,forward,dot,67108864,512,256,32,fp64,shared,32,512,0.375,0.26656633816317843,8.2807967662811279,0.37502370618558112,0.10018491535533834,10,5,11,15,0.29718399047851562,33747.700457771367
2026-08-30T19:48:44Z,NVIDIA H200 NVL,full,dyadic_normal32,Current DyadicNormal32,hot_uniform,forward,dot,67108864,512,256,32,fp64,shared,32,512,0.375,0.26656633816317843,8.2807967662811279,0.37502370618558112,0.10018491535533834,10,5,12,15,0.29648000001907349,33747.700457771367
2026-08-30T19:48:44Z,NVIDIA H200 NVL,full,dyadic_normal32,Current DyadicNormal32,hot_uniform,forward,dot,67108864,512,256,32,fp64,shared,32,512,0.375,0.26656633816317843,8.2807967662811279,0.37502370618558112,0.10018491535533834,10,5,13,15,0.29628801345825195,33747.700457771367
2026-08-30T19:48:44Z,NVIDIA H200 NVL,full,dyadic_normal32,Current DyadicNormal32,hot_uniform,forward,dot,67108864,512,256,32,fp64,shared,32,512,0.375,0.26656633816317843,8.2807967662811279,0.37502370618558112,0.10018491535533834,10,5,14,15,0.29587200284004211,33747.700457771367
2026-08-30T19:48:44Z,NVIDIA H200 NVL,full,dyadic_normal32,Current DyadicNormal32,hot_uniform,forward,dot,67108864,512,256,32,fp64,shared,32,512,0.375,0.26656633816317843,8.2807967662811279,0.37502370618558112,0.10018491535533834,10,5,15,15,0.29494398832321167,33747.700457771367
2026-08-30T19:48:44Z,NVIDIA H200 NVL,full,dyadic_normal32,Current DyadicNormal32,hot_uniform,forward,dot,67108864,512,256,32,fp64,shared,32,512,0.375,0.26656633816317843,8.2807967662811279,0.37502370618558112,0.10018491535533834,10,5,16,15,0.29526400566101074,33747.700457771367
2026-08-30T19:48:44Z,NVIDIA H200 NVL,full,dyadic_normal32,Current DyadicNormal32,hot_uniform,forward,dot,67108864,512,256,32,fp64,shared,32,512,0.375,0.26656633816317843,8.2807967662811279,0.37502370618558112,0.10018491535533834,10,5,17,15,0.29443201422691345,33747.700457771367
2026-08-30T19:48:44Z,NVIDIA H200 NVL,full,dyadic_normal32,Current DyadicNormal32,hot_uniform,forward,dot,67108864,512,256,32,fp64,shared,32,512,0.375,0.26656633816317843,8.2807967662811279,0.37502370618558112,0.10018491535533834,10,5,18,15,0.29648000001907349,33747.700457771367
2026-08-30T19:48:44Z,NVIDIA H200 NVL,full,dyadic_normal32,Current DyadicNormal32,hot_uniform,forward,dot,67108864,512,256,32,fp64,shared,32,512,0.375,0.26656633816317843,8.2807967662811279,0.37502370618558112,0.10018491535533834,10,5,19,15,0.297791987657547,33747.700457771367
2026-08-30T19:48:44Z,NVIDIA H200 NVL,full,dyadic_normal32,Current DyadicNormal32,hot_uniform,forward,dot,67108864,512,256,32,fp64,shared,32,512,0.375,0.26656633816317843,8.2807967662811279,0.37502370618558112,0.10018491535533834,10,5,20,15,0.29731199145317078,33747.700457771367
2026-08-30T19:48:44Z,NVIDIA H200 NVL,full,dyadic_normal32,Current DyadicNormal32,hot_uniform,forward,dot,67108864,512,256,32,fp64,shared,32,512,0.375,0.26656633816317843,8.2807967662811279,0.37502370618558112,0.10018491535533834,10,5,21,15,0.29523199796676636,33747.700457771367
2026-08-30T19:48:44Z,NVIDIA H200 NVL,full,dyadic_normal32,Current DyadicNormal32,hot_uniform,forward,dot,67108864,512,256,32,fp64,shared,32,512,0.375,0.26656633816317843,8.2807967662811279,0.37502370618558112,0.10018491535533834,10,5,22,15,0.29612800478935242,33747.700457771367
2026-08-30T19:48:44Z,NVIDIA H200 NVL,full,dyadic_normal32,Current DyadicNormal32,hot_uniform,forward,dot,67108864,512,256,32,fp64,shared,32,512,0.375,0.26656633816317843,8.2807967662811279,0.37502370618558112,0.10018491535533834,10,5,23,15,0.2956480085849762,33747.700457771367
2026-08-30T19:48:44Z,NVIDIA H200 NVL,full,dyadic_normal32,Current DyadicNormal32,hot_uniform,forward,dot,67108864,512,256,32,fp64,shared,32,512,0.375,0.26656633816317843,8.2807967662811279,0.37502370618558112,0.10018491535533834,10,5,24,15,0.29609599709510803,33747.700457771367
2026-08-30T19:48:44Z,NVIDIA H200 NVL,full,dyadic_sign_fused,Sign-fused decoder,hot_uniform,forward,dot,67108864,512,256,32,fp64,shared,32,512,0.375,0.26656633816317843,8.2807967662811279,0.37502370618558112,0.10018491535533834,10,5,0,16,0.29331201314926147,33747.700457771367
2026-08-30T19:48:44Z,NVIDIA H200 NVL,full,dyadic_sign_fused,Sign-fused decoder,hot_uniform,forward,dot,67108864,512,256,32,fp64,shared,32,512,0.375,0.26656633816317843,8.2807967662811279,0.37502370618558112,0.10018491535533834,10,5,1,16,0.29359999299049377,33747.700457771367
2026-08-30T19:48:44Z,NVIDIA H200 NVL,full,dyadic_sign_fused,Sign-fused decoder,hot_uniform,forward,dot,67108864,512,256,32,fp64,shared,32,512,0.375,0.26656633816317843,8.2807967662811279,0.37502370618558112,0.10018491535533834,10,5,2,16,0.29462400078773499,33747.700457771367
2026-08-30T19:48:44Z,NVIDIA H200 NVL,full,dyadic_sign_fused,Sign-fused decoder,hot_uniform,forward,dot,67108864,512,256,32,fp64,shared,32,512,0.375,0.26656633816317843,8.2807967662811279,0.37502370618558112,0.10018491535533834,10,5,3,16,0.29228800535202026,33747.700457771367
2026-08-30T19:48:44Z,NVIDIA H200 NVL,full,dyadic_sign_fused,Sign-fused decoder,hot_uniform,forward,dot,67108864,512,256,32,fp64,shared,32,512,0.375,0.26656633816317843,8.2807967662811279,0.37502370618558112,0.10018491535533834,10,5,4,16,0.29251199960708618,33747.700457771367
2026-08-30T19:48:44Z,NVIDIA H200 NVL,full,dyadic_sign_fused,Sign-fused decoder,hot_uniform,forward,dot,67108864,512,256,32,fp64,shared,32,512,0.375,0.26656633816317843,8.2807967662811279,0.37502370618558112,0.10018491535533834,10,5,5,16,0.29443201422691345,33747.700457771367
2026-08-30T19:48:44Z,NVIDIA H200 NVL,full,dyadic_sign_fused,Sign-fused decoder,hot_uniform,forward,dot,67108864,512,256,32,fp64,shared,32,512,0.375,0.26656633816317843,8.2807967662811279,0.37502370618558112,0.10018491535533834,10,5,6,16,0.29359999299049377,33747.700457771367
2026-08-30T19:48:44Z,NVIDIA H200 NVL,full,dyadic_sign_fused,Sign-fused decoder,hot_uniform,forward,dot,67108864,512,256,32,fp64,shared,32,512,0.375,0.26656633816317843,8.2807967662811279,0.37502370618558112,0.10018491535533834,10,5,7,16,0.29280000925064087,33747.700457771367
2026-08-30T19:48:44Z,NVIDIA H200 NVL,full,dyadic_sign_fused,Sign-fused decoder,hot_uniform,forward,dot,67108864,512,256,32,fp64,shared,32,512,0.375,0.26656633816317843,8.2807967662811279,0.37502370618558112,0.10018491535533834,10,5,8,16,0.29411199688911438,33747.700457771367
2026-08-30T19:48:44Z,NVIDIA H200 NVL,full,dyadic_sign_fused,Sign-fused decoder,hot_uniform,forward,dot,67108864,512,256,32,fp64,shared,32,512,0.375,0.26656633816317843,8.2807967662811279,0.37502370618558112,0.10018491535533834,10,5,9,16,0.29385599493980408,33747.700457771367
2026-08-30T19:48:44Z,NVIDIA H200 NVL,full,dyadic_sign_fused,Sign-fused decoder,hot_uniform,forward,dot,67108864,512,256,32,fp64,shared,32,512,0.375,0.26656633816317843,8.2807967662811279,0.37502370618558112,0.10018491535533834,10,5,10,16,0.29504001140594482,33747.700457771367
2026-08-30T19:48:44Z,NVIDIA H200 NVL,full,dyadic_sign_fused,Sign-fused decoder,hot_uniform,forward,dot,67108864,512,256,32,fp64,shared,32,512,0.375,0.26656633816317843,8.2807967662811279,0.37502370618558112,0.10018491535533834,10,5,11,16,0.29334399104118347,33747.700457771367
2026-08-30T19:48:44Z,NVIDIA H200 NVL,full,dyadic_sign_fused,Sign-fused decoder,hot_uniform,forward,dot,67108864,512,256,32,fp64,shared,32,512,0.375,0.26656633816317843,8.2807967662811279,0.37502370618558112,0.10018491535533834,10,5,12,16,0.29372799396514893,33747.700457771367
2026-08-30T19:48:44Z,NVIDIA H200 NVL,full,dyadic_sign_fused,Sign-fused decoder,hot_uniform,forward,dot,67108864,512,256,32,fp64,shared,32,512,0.375,0.26656633816317843,8.2807967662811279,0.37502370618558112,0.10018491535533834,10,5,13,16,0.29504001140594482,33747.700457771367
2026-08-30T19:48:44Z,NVIDIA H200 NVL,full,dyadic_sign_fused,Sign-fused decoder,hot_uniform,forward,dot,67108864,512,256,32,fp64,shared,32,512,0.375,0.26656633816317843,8.2807967662811279,0.37502370618558112,0.10018491535533834,10,5,14,16,0.29398399591445923,33747.700457771367
2026-08-30T19:48:44Z,NVIDIA H200 NVL,full,dyadic_sign_fused,Sign-fused decoder,hot_uniform,forward,dot,67108864,512,256,32,fp64,shared,32,512,0.375,0.26656633816317843,8.2807967662811279,0.37502370618558112,0.10018491535533834,10,5,15,16,0.29452800750732422,33747.700457771367
2026-08-30T19:48:44Z,NVIDIA H200 NVL,full,dyadic_sign_fused,Sign-fused decoder,hot_uniform,forward,dot,67108864,512,256,32,fp64,shared,32,512,0.375,0.26656633816317843,8.2807967662811279,0.37502370618558112,0.10018491535533834,10,5,16,16,0.29452800750732422,33747.700457771367
2026-08-30T19:48:44Z,NVIDIA H200 NVL,full,dyadic_sign_fused,Sign-fused decoder,hot_uniform,forward,dot,67108864,512,256,32,fp64,shared,32,512,0.375,0.26656633816317843,8.2807967662811279,0.37502370618558112,0.10018491535533834,10,5,17,16,0.29344001412391663,33747.700457771367
2026-08-30T19:48:44Z,NVIDIA H200 NVL,full,dyadic_sign_fused,Sign-fused decoder,hot_uniform,forward,dot,67108864,512,256,32,fp64,shared,32,512,0.375,0.26656633816317843,8.2807967662811279,0.37502370618558112,0.10018491535533834,10,5,18,16,0.29539200663566589,33747.700457771367
2026-08-30T19:48:44Z,NVIDIA H200 NVL,full,dyadic_sign_fused,Sign-fused decoder,hot_uniform,forward,dot,67108864,512,256,32,fp64,shared,32,512,0.375,0.26656633816317843,8.2807967662811279,0.37502370618558112,0.10018491535533834,10,5,19,16,0.29305601119995117,33747.700457771367
2026-08-30T19:48:44Z,NVIDIA H200 NVL,full,dyadic_sign_fused,Sign-fused decoder,hot_uniform,forward,dot,67108864,512,256,32,fp64,shared,32,512,0.375,0.26656633816317843,8.2807967662811279,0.37502370618558112,0.10018491535533834,10,5,20,16,0.2948479950428009,33747.700457771367
2026-08-30T19:48:44Z,NVIDIA H200 NVL,full,dyadic_sign_fused,Sign-fused decoder,hot_uniform,forward,dot,67108864,512,256,32,fp64,shared,32,512,0.375,0.26656633816317843,8.2807967662811279,0.37502370618558112,0.10018491535533834,10,5,21,16,0.29504001140594482,33747.700457771367
2026-08-30T19:48:44Z,NVIDIA H200 NVL,full,dyadic_sign_fused,Sign-fused decoder,hot_uniform,forward,dot,67108864,512,256,32,fp64,shared,32,512,0.375,0.26656633816317843,8.2807967662811279,0.37502370618558112,0.10018491535533834,10,5,22,16,0.29488000273704529,33747.700457771367
2026-08-30T19:48:44Z,NVIDIA H200 NVL,full,dyadic_sign_fused,Sign-fused decoder,hot_uniform,forward,dot,67108864,512,256,32,fp64,shared,32,512,0.375,0.26656633816317843,8.2807967662811279,0.37502370618558112,0.10018491535533834,10,5,23,16,0.29302400350570679,33747.700457771367
2026-08-30T19:48:44Z,NVIDIA H200 NVL,full,dyadic_sign_fused,Sign-fused decoder,hot_uniform,forward,dot,67108864,512,256,32,fp64,shared,32,512,0.375,0.26656633816317843,8.2807967662811279,0.37502370618558112,0.10018491535533834,10,5,24,16,0.29475200176239014,33747.700457771367
2026-08-30T19:48:44Z,NVIDIA H200 NVL,full,dyadic_bitcast_shared,BitCast decoder with shared coefficients,hot_uniform,forward,dot,67108864,512,256,32,fp64,shared,32,512,0.375,0.26656633816317843,8.2807967662811279,0.37502370618558112,0.10018491535533834,10,5,0,17,0.29344001412391663,33747.700457771381
2026-08-30T19:48:44Z,NVIDIA H200 NVL,full,dyadic_bitcast_shared,BitCast decoder with shared coefficients,hot_uniform,forward,dot,67108864,512,256,32,fp64,shared,32,512,0.375,0.26656633816317843,8.2807967662811279,0.37502370618558112,0.10018491535533834,10,5,1,17,0.29411199688911438,33747.700457771381
2026-08-30T19:48:44Z,NVIDIA H200 NVL,full,dyadic_bitcast_shared,BitCast decoder with shared coefficients,hot_uniform,forward,dot,67108864,512,256,32,fp64,shared,32,512,0.375,0.26656633816317843,8.2807967662811279,0.37502370618558112,0.10018491535533834,10,5,2,17,0.29494398832321167,33747.700457771381
2026-08-30T19:48:44Z,NVIDIA H200 NVL,full,dyadic_bitcast_shared,BitCast decoder with shared coefficients,hot_uniform,forward,dot,67108864,512,256,32,fp64,shared,32,512,0.375,0.26656633816317843,8.2807967662811279,0.37502370618558112,0.10018491535533834,10,5,3,17,0.29481598734855652,33747.700457771381
2026-08-30T19:48:44Z,NVIDIA H200 NVL,full,dyadic_bitcast_shared,BitCast decoder with shared coefficients,hot_uniform,forward,dot,67108864,512,256,32,fp64,shared,32,512,0.375,0.26656633816317843,8.2807967662811279,0.37502370618558112,0.10018491535533834,10,5,4,17,0.29648000001907349,33747.700457771381
2026-08-30T19:48:44Z,NVIDIA H200 NVL,full,dyadic_bitcast_shared,BitCast decoder with shared coefficients,hot_uniform,forward,dot,67108864,512,256,32,fp64,shared,32,512,0.375,0.26656633816317843,8.2807967662811279,0.37502370618558112,0.10018491535533834,10,5,5,17,0.29311999678611755,33747.700457771381
2026-08-30T19:48:44Z,NVIDIA H200 NVL,full,dyadic_bitcast_shared,BitCast decoder with shared coefficients,hot_uniform,forward,dot,67108864,512,256,32,fp64,shared,32,512,0.375,0.26656633816317843,8.2807967662811279,0.37502370618558112,0.10018491535533834,10,5,6,17,0.29462400078773499,33747.700457771381
2026-08-30T19:48:44Z,NVIDIA H200 NVL,full,dyadic_bitcast_shared,BitCast decoder with shared coefficients,hot_uniform,forward,dot,67108864,512,256,32,fp64,shared,32,512,0.375,0.26656633816317843,8.2807967662811279,0.37502370618558112,0.10018491535533834,10,5,7,17,0.29376000165939331,33747.700457771381
2026-08-30T19:48:44Z,NVIDIA H200 NVL,full,dyadic_bitcast_shared,BitCast decoder with shared coefficients,hot_uniform,forward,dot,67108864,512,256,32,fp64,shared,32,512,0.375,0.26656633816317843,8.2807967662811279,0.37502370618558112,0.10018491535533834,10,5,8,17,0.2956480085849762,33747.700457771381
2026-08-30T19:48:44Z,NVIDIA H200 NVL,full,dyadic_bitcast_shared,BitCast decoder with shared coefficients,hot_uniform,forward,dot,67108864,512,256,32,fp64,shared,32,512,0.375,0.26656633816317843,8.2807967662811279,0.37502370618558112,0.10018491535533834,10,5,9,17,0.2975040078163147,33747.700457771381
2026-08-30T19:48:44Z,NVIDIA H200 NVL,full,dyadic_bitcast_shared,BitCast decoder with shared coefficients,hot_uniform,forward,dot,67108864,512,256,32,fp64,shared,32,512,0.375,0.26656633816317843,8.2807967662811279,0.37502370618558112,0.10018491535533834,10,5,10,17,0.29507198929786682,33747.700457771381
2026-08-30T19:48:44Z,NVIDIA H200 NVL,full,dyadic_bitcast_shared,BitCast decoder with shared coefficients,hot_uniform,forward,dot,67108864,512,256,32,fp64,shared,32,512,0.375,0.26656633816317843,8.2807967662811279,0.37502370618558112,0.10018491535533834,10,5,11,17,0.29587200284004211,33747.700457771381
2026-08-30T19:48:44Z,NVIDIA H200 NVL,full,dyadic_bitcast_shared,BitCast decoder with shared coefficients,hot_uniform,forward,dot,67108864,512,256,32,fp64,shared,32,512,0.375,0.26656633816317843,8.2807967662811279,0.37502370618558112,0.10018491535533834,10,5,12,17,0.29449599981307983,33747.700457771381
2026-08-30T19:48:44Z,NVIDIA H200 NVL,full,dyadic_bitcast_shared,BitCast decoder with shared coefficients,hot_uniform,forward,dot,67108864,512,256,32,fp64,shared,32,512,0.375,0.26656633816317843,8.2807967662811279,0.37502370618558112,0.10018491535533834,10,5,13,17,0.29369598627090454,33747.700457771381
2026-08-30T19:48:44Z,NVIDIA H200 NVL,full,dyadic_bitcast_shared,BitCast decoder with shared coefficients,hot_uniform,forward,dot,67108864,512,256,32,fp64,shared,32,512,0.375,0.26656633816317843,8.2807967662811279,0.37502370618558112,0.10018491535533834,10,5,14,17,0.29519999027252197,33747.700457771381
2026-08-30T19:48:44Z,NVIDIA H200 NVL,full,dyadic_bitcast_shared,BitCast decoder with shared coefficients,hot_uniform,forward,dot,67108864,512,256,32,fp64,shared,32,512,0.375,0.26656633816317843,8.2807967662811279,0.37502370618558112,0.10018491535533834,10,5,15,17,0.29401600360870361,33747.700457771381
2026-08-30T19:48:44Z,NVIDIA H200 NVL,full,dyadic_bitcast_shared,BitCast decoder with shared coefficients,hot_uniform,forward,dot,67108864,512,256,32,fp64,shared,32,512,0.375,0.26656633816317843,8.2807967662811279,0.37502370618558112,0.10018491535533834,10,5,16,17,0.29561600089073181,33747.700457771381
2026-08-30T19:48:44Z,NVIDIA H200 NVL,full,dyadic_bitcast_shared,BitCast decoder with shared coefficients,hot_uniform,forward,dot,67108864,512,256,32,fp64,shared,32,512,0.375,0.26656633816317843,8.2807967662811279,0.37502370618558112,0.10018491535533834,10,5,17,17,0.29567998647689819,33747.700457771381
2026-08-30T19:48:44Z,NVIDIA H200 NVL,full,dyadic_bitcast_shared,BitCast decoder with shared coefficients,hot_uniform,forward,dot,67108864,512,256,32,fp64,shared,32,512,0.375,0.26656633816317843,8.2807967662811279,0.37502370618558112,0.10018491535533834,10,5,18,17,0.29535999894142151,33747.700457771381
2026-08-30T19:48:44Z,NVIDIA H200 NVL,full,dyadic_bitcast_shared,BitCast decoder with shared coefficients,hot_uniform,forward,dot,67108864,512,256,32,fp64,shared,32,512,0.375,0.26656633816317843,8.2807967662811279,0.37502370618558112,0.10018491535533834,10,5,19,17,0.29420799016952515,33747.700457771381
2026-08-30T19:48:44Z,NVIDIA H200 NVL,full,dyadic_bitcast_shared,BitCast decoder with shared coefficients,hot_uniform,forward,dot,67108864,512,256,32,fp64,shared,32,512,0.375,0.26656633816317843,8.2807967662811279,0.37502370618558112,0.10018491535533834,10,5,20,17,0.29583999514579773,33747.700457771381
2026-08-30T19:48:44Z,NVIDIA H200 NVL,full,dyadic_bitcast_shared,BitCast decoder with shared coefficients,hot_uniform,forward,dot,67108864,512,256,32,fp64,shared,32,512,0.375,0.26656633816317843,8.2807967662811279,0.37502370618558112,0.10018491535533834,10,5,21,17,0.29471999406814575,33747.700457771381
2026-08-30T19:48:44Z,NVIDIA H200 NVL,full,dyadic_bitcast_shared,BitCast decoder with shared coefficients,hot_uniform,forward,dot,67108864,512,256,32,fp64,shared,32,512,0.375,0.26656633816317843,8.2807967662811279,0.37502370618558112,0.10018491535533834,10,5,22,17,0.29478400945663452,33747.700457771381
2026-08-30T19:48:44Z,NVIDIA H200 NVL,full,dyadic_bitcast_shared,BitCast decoder with shared coefficients,hot_uniform,forward,dot,67108864,512,256,32,fp64,shared,32,512,0.375,0.26656633816317843,8.2807967662811279,0.37502370618558112,0.10018491535533834,10,5,23,17,0.29395198822021484,33747.700457771381
2026-08-30T19:48:44Z,NVIDIA H200 NVL,full,dyadic_bitcast_shared,BitCast decoder with shared coefficients,hot_uniform,forward,dot,67108864,512,256,32,fp64,shared,32,512,0.375,0.26656633816317843,8.2807967662811279,0.37502370618558112,0.10018491535533834,10,5,24,17,0.29555198550224304,33747.700457771381
2026-08-30T19:48:44Z,NVIDIA H200 NVL,full,dyadic_bitcast_constant,BitCast decoder with constant coefficients,hot_uniform,forward,dot,67108864,512,256,32,fp64,constant,32,512,0.375,0.26656633816317843,8.2807967662811279,0.37502370618558112,0.10018491535533834,10,5,0,18,0.7032960057258606,33747.700457771381
2026-08-30T19:48:44Z,NVIDIA H200 NVL,full,dyadic_bitcast_constant,BitCast decoder with constant coefficients,hot_uniform,forward,dot,67108864,512,256,32,fp64,constant,32,512,0.375,0.26656633816317843,8.2807967662811279,0.37502370618558112,0.10018491535533834,10,5,1,18,0.70588797330856323,33747.700457771381
2026-08-30T19:48:44Z,NVIDIA H200 NVL,full,dyadic_bitcast_constant,BitCast decoder with constant coefficients,hot_uniform,forward,dot,67108864,512,256,32,fp64,constant,32,512,0.375,0.26656633816317843,8.2807967662811279,0.37502370618558112,0.10018491535533834,10,5,2,18,0.70528000593185425,33747.700457771381
2026-08-30T19:48:44Z,NVIDIA H200 NVL,full,dyadic_bitcast_constant,BitCast decoder with constant coefficients,hot_uniform,forward,dot,67108864,512,256,32,fp64,constant,32,512,0.375,0.26656633816317843,8.2807967662811279,0.37502370618558112,0.10018491535533834,10,5,3,18,0.70748800039291382,33747.700457771381
2026-08-30T19:48:44Z,NVIDIA H200 NVL,full,dyadic_bitcast_constant,BitCast decoder with constant coefficients,hot_uniform,forward,dot,67108864,512,256,32,fp64,constant,32,512,0.375,0.26656633816317843,8.2807967662811279,0.37502370618558112,0.10018491535533834,10,5,4,18,0.70652800798416138,33747.700457771381
2026-08-30T19:48:44Z,NVIDIA H200 NVL,full,dyadic_bitcast_constant,BitCast decoder with constant coefficients,hot_uniform,forward,dot,67108864,512,256,32,fp64,constant,32,512,0.375,0.26656633816317843,8.2807967662811279,0.37502370618558112,0.10018491535533834,10,5,5,18,0.70787197351455688,33747.700457771381
2026-08-30T19:48:44Z,NVIDIA H200 NVL,full,dyadic_bitcast_constant,BitCast decoder with constant coefficients,hot_uniform,forward,dot,67108864,512,256,32,fp64,constant,32,512,0.375,0.26656633816317843,8.2807967662811279,0.37502370618558112,0.10018491535533834,10,5,6,18,0.70643198490142822,33747.700457771381
2026-08-30T19:48:44Z,NVIDIA H200 NVL,full,dyadic_bitcast_constant,BitCast decoder with constant coefficients,hot_uniform,forward,dot,67108864,512,256,32,fp64,constant,32,512,0.375,0.26656633816317843,8.2807967662811279,0.37502370618558112,0.10018491535533834,10,5,7,18,0.70390397310256958,33747.700457771381
2026-08-30T19:48:44Z,NVIDIA H200 NVL,full,dyadic_bitcast_constant,BitCast decoder with constant coefficients,hot_uniform,forward,dot,67108864,512,256,32,fp64,constant,32,512,0.375,0.26656633816317843,8.2807967662811279,0.37502370618558112,0.10018491535533834,10,5,8,18,0.70576000213623047,33747.700457771381
2026-08-30T19:48:44Z,NVIDIA H200 NVL,full,dyadic_bitcast_constant,BitCast decoder with constant coefficients,hot_uniform,forward,dot,67108864,512,256,32,fp64,constant,32,512,0.375,0.26656633816317843,8.2807967662811279,0.37502370618558112,0.10018491535533834,10,5,9,18,0.70780801773071289,33747.700457771381
2026-08-30T19:48:44Z,NVIDIA H200 NVL,full,dyadic_bitcast_constant,BitCast decoder with constant coefficients,hot_uniform,forward,dot,67108864,512,256,32,fp64,constant,32,512,0.375,0.26656633816317843,8.2807967662811279,0.37502370618558112,0.10018491535533834,10,5,10,18,0.70627200603485107,33747.700457771381
2026-08-30T19:48:44Z,NVIDIA H200 NVL,full,dyadic_bitcast_constant,BitCast decoder with constant coefficients,hot_uniform,forward,dot,67108864,512,256,32,fp64,constant,32,512,0.375,0.26656633816317843,8.2807967662811279,0.37502370618558112,0.10018491535533834,10,5,11,18,0.70579200983047485,33747.700457771381
2026-08-30T19:48:44Z,NVIDIA H200 NVL,full,dyadic_bitcast_constant,BitCast decoder with constant coefficients,hot_uniform,forward,dot,67108864,512,256,32,fp64,constant,32,512,0.375,0.26656633816317843,8.2807967662811279,0.37502370618558112,0.10018491535533834,10,5,12,18,0.70502400398254395,33747.700457771381
2026-08-30T19:48:44Z,NVIDIA H200 NVL,full,dyadic_bitcast_constant,BitCast decoder with constant coefficients,hot_uniform,forward,dot,67108864,512,256,32,fp64,constant,32,512,0.375,0.26656633816317843,8.2807967662811279,0.37502370618558112,0.10018491535533834,10,5,13,18,0.70387202501296997,33747.700457771381
2026-08-30T19:48:44Z,NVIDIA H200 NVL,full,dyadic_bitcast_constant,BitCast decoder with constant coefficients,hot_uniform,forward,dot,67108864,512,256,32,fp64,constant,32,512,0.375,0.26656633816317843,8.2807967662811279,0.37502370618558112,0.10018491535533834,10,5,14,18,0.70534402132034302,33747.700457771381
2026-08-30T19:48:44Z,NVIDIA H200 NVL,full,dyadic_bitcast_constant,BitCast decoder with constant coefficients,hot_uniform,forward,dot,67108864,512,256,32,fp64,constant,32,512,0.375,0.26656633816317843,8.2807967662811279,0.37502370618558112,0.10018491535533834,10,5,15,18,0.70425599813461304,33747.700457771381
2026-08-30T19:48:44Z,NVIDIA H200 NVL,full,dyadic_bitcast_constant,BitCast decoder with constant coefficients,hot_uniform,forward,dot,67108864,512,256,32,fp64,constant,32,512,0.375,0.26656633816317843,8.2807967662811279,0.37502370618558112,0.10018491535533834,10,5,16,18,0.70777601003646851,33747.700457771381
2026-08-30T19:48:44Z,NVIDIA H200 NVL,full,dyadic_bitcast_constant,BitCast decoder with constant coefficients,hot_uniform,forward,dot,67108864,512,256,32,fp64,constant,32,512,0.375,0.26656633816317843,8.2807967662811279,0.37502370618558112,0.10018491535533834,10,5,17,18,0.705951988697052,33747.700457771381
2026-08-30T19:48:44Z,NVIDIA H200 NVL,full,dyadic_bitcast_constant,BitCast decoder with constant coefficients,hot_uniform,forward,dot,67108864,512,256,32,fp64,constant,32,512,0.375,0.26656633816317843,8.2807967662811279,0.37502370618558112,0.10018491535533834,10,5,18,18,0.70806401968002319,33747.700457771381
2026-08-30T19:48:44Z,NVIDIA H200 NVL,full,dyadic_bitcast_constant,BitCast decoder with constant coefficients,hot_uniform,forward,dot,67108864,512,256,32,fp64,constant,32,512,0.375,0.26656633816317843,8.2807967662811279,0.37502370618558112,0.10018491535533834,10,5,19,18,0.70524799823760986,33747.700457771381
2026-08-30T19:48:44Z,NVIDIA H200 NVL,full,dyadic_bitcast_constant,BitCast decoder with constant coefficients,hot_uniform,forward,dot,67108864,512,256,32,fp64,constant,32,512,0.375,0.26656633816317843,8.2807967662811279,0.37502370618558112,0.10018491535533834,10,5,20,18,0.70371198654174805,33747.700457771381
2026-08-30T19:48:44Z,NVIDIA H200 NVL,full,dyadic_bitcast_constant,BitCast decoder with constant coefficients,hot_uniform,forward,dot,67108864,512,256,32,fp64,constant,32,512,0.375,0.26656633816317843,8.2807967662811279,0.37502370618558112,0.10018491535533834,10,5,21,18,0.70422399044036865,33747.700457771381
2026-08-30T19:48:44Z,NVIDIA H200 NVL,full,dyadic_bitcast_constant,BitCast decoder with constant coefficients,hot_uniform,forward,dot,67108864,512,256,32,fp64,constant,32,512,0.375,0.26656633816317843,8.2807967662811279,0.37502370618558112,0.10018491535533834,10,5,22,18,0.70716798305511475,33747.700457771381
2026-08-30T19:48:44Z,NVIDIA H200 NVL,full,dyadic_bitcast_constant,BitCast decoder with constant coefficients,hot_uniform,forward,dot,67108864,512,256,32,fp64,constant,32,512,0.375,0.26656633816317843,8.2807967662811279,0.37502370618558112,0.10018491535533834,10,5,23,18,0.70441597700119019,33747.700457771381
2026-08-30T19:48:44Z,NVIDIA H200 NVL,full,dyadic_bitcast_constant,BitCast decoder with constant coefficients,hot_uniform,forward,dot,67108864,512,256,32,fp64,constant,32,512,0.375,0.26656633816317843,8.2807967662811279,0.37502370618558112,0.10018491535533834,10,5,24,18,0.70873600244522095,33747.700457771381
2026-08-30T19:48:44Z,NVIDIA H200 NVL,full,dyadic_normal32,Current DyadicNormal32,hot_uniform,forward,dot,67108864,512,256,32,fp64,shared,32,512,0.5,0.37341837298474623,10.707992792129517,0.50004519469466291,0.10018491535533834,10,5,0,19,0.2943040132522583,-142185.62210411494
2026-08-30T19:48:44Z,NVIDIA H200 NVL,full,dyadic_normal32,Current DyadicNormal32,hot_uniform,forward,dot,67108864,512,256,32,fp64,shared,32,512,0.5,0.37341837298474623,10.707992792129517,0.50004519469466291,0.10018491535533834,10,5,1,19,0.2961919903755188,-142185.62210411494
2026-08-30T19:48:44Z,NVIDIA H200 NVL,full,dyadic_normal32,Current DyadicNormal32,hot_uniform,forward,dot,67108864,512,256,32,fp64,shared,32,512,0.5,0.37341837298474623,10.707992792129517,0.50004519469466291,0.10018491535533834,10,5,2,19,0.29811200499534607,-142185.62210411494
2026-08-30T19:48:44Z,NVIDIA H200 NVL,full,dyadic_normal32,Current DyadicNormal32,hot_uniform,forward,dot,67108864,512,256,32,fp64,shared,32,512,0.5,0.37341837298474623,10.707992792129517,0.50004519469466291,0.10018491535533834,10,5,3,19,0.29519999027252197,-142185.62210411494
2026-08-30T19:48:44Z,NVIDIA H200 NVL,full,dyadic_normal32,Current DyadicNormal32,hot_uniform,forward,dot,67108864,512,256,32,fp64,shared,32,512,0.5,0.37341837298474623,10.707992792129517,0.50004519469466291,0.10018491535533834,10,5,4,19,0.29766398668289185,-142185.62210411494
2026-08-30T19:48:44Z,NVIDIA H200 NVL,full,dyadic_normal32,Current DyadicNormal32,hot_uniform,forward,dot,67108864,512,256,32,fp64,shared,32,512,0.5,0.37341837298474623,10.707992792129517,0.50004519469466291,0.10018491535533834,10,5,5,19,0.29728001356124878,-142185.62210411494
2026-08-30T19:48:44Z,NVIDIA H200 NVL,full,dyadic_normal32,Current DyadicNormal32,hot_uniform,forward,dot,67108864,512,256,32,fp64,shared,32,512,0.5,0.37341837298474623,10.707992792129517,0.50004519469466291,0.10018491535533834,10,5,6,19,0.2980479896068573,-142185.62210411494
2026-08-30T19:48:44Z,NVIDIA H200 NVL,full,dyadic_normal32,Current DyadicNormal32,hot_uniform,forward,dot,67108864,512,256,32,fp64,shared,32,512,0.5,0.37341837298474623,10.707992792129517,0.50004519469466291,0.10018491535533834,10,5,7,19,0.2961600124835968,-142185.62210411494
2026-08-30T19:48:44Z,NVIDIA H200 NVL,full,dyadic_normal32,Current DyadicNormal32,hot_uniform,forward,dot,67108864,512,256,32,fp64,shared,32,512,0.5,0.37341837298474623,10.707992792129517,0.50004519469466291,0.10018491535533834,10,5,8,19,0.29724800586700439,-142185.62210411494
2026-08-30T19:48:44Z,NVIDIA H200 NVL,full,dyadic_normal32,Current DyadicNormal32,hot_uniform,forward,dot,67108864,512,256,32,fp64,shared,32,512,0.5,0.37341837298474623,10.707992792129517,0.50004519469466291,0.10018491535533834,10,5,9,19,0.29743999242782593,-142185.62210411494
2026-08-30T19:48:44Z,NVIDIA H200 NVL,full,dyadic_normal32,Current DyadicNormal32,hot_uniform,forward,dot,67108864,512,256,32,fp64,shared,32,512,0.5,0.37341837298474623,10.707992792129517,0.50004519469466291,0.10018491535533834,10,5,10,19,0.29721599817276001,-142185.62210411494
2026-08-30T19:48:44Z,NVIDIA H200 NVL,full,dyadic_normal32,Current DyadicNormal32,hot_uniform,forward,dot,67108864,512,256,32,fp64,shared,32,512,0.5,0.37341837298474623,10.707992792129517,0.50004519469466291,0.10018491535533834,10,5,11,19,0.29567998647689819,-142185.62210411494
2026-08-30T19:48:44Z,NVIDIA H200 NVL,full,dyadic_normal32,Current DyadicNormal32,hot_uniform,forward,dot,67108864,512,256,32,fp64,shared,32,512,0.5,0.37341837298474623,10.707992792129517,0.50004519469466291,0.10018491535533834,10,5,12,19,0.29657599329948425,-142185.62210411494
2026-08-30T19:48:44Z,NVIDIA H200 NVL,full,dyadic_normal32,Current DyadicNormal32,hot_uniform,forward,dot,67108864,512,256,32,fp64,shared,32,512,0.5,0.37341837298474623,10.707992792129517,0.50004519469466291,0.10018491535533834,10,5,13,19,0.29622399806976318,-142185.62210411494
2026-08-30T19:48:44Z,NVIDIA H200 NVL,full,dyadic_normal32,Current DyadicNormal32,hot_uniform,forward,dot,67108864,512,256,32,fp64,shared,32,512,0.5,0.37341837298474623,10.707992792129517,0.50004519469466291,0.10018491535533834,10,5,14,19,0.29769599437713623,-142185.62210411494
2026-08-30T19:48:44Z,NVIDIA H200 NVL,full,dyadic_normal32,Current DyadicNormal32,hot_uniform,forward,dot,67108864,512,256,32,fp64,shared,32,512,0.5,0.37341837298474623,10.707992792129517,0.50004519469466291,0.10018491535533834,10,5,15,19,0.29529601335525513,-142185.62210411494
2026-08-30T19:48:44Z,NVIDIA H200 NVL,full,dyadic_normal32,Current DyadicNormal32,hot_uniform,forward,dot,67108864,512,256,32,fp64,shared,32,512,0.5,0.37341837298474623,10.707992792129517,0.50004519469466291,0.10018491535533834,10,5,16,19,0.29692798852920532,-142185.62210411494
2026-08-30T19:48:44Z,NVIDIA H200 NVL,full,dyadic_normal32,Current DyadicNormal32,hot_uniform,forward,dot,67108864,512,256,32,fp64,shared,32,512,0.5,0.37341837298474623,10.707992792129517,0.50004519469466291,0.10018491535533834,10,5,17,19,0.29558399319648743,-142185.62210411494
2026-08-30T19:48:44Z,NVIDIA H200 NVL,full,dyadic_normal32,Current DyadicNormal32,hot_uniform,forward,dot,67108864,512,256,32,fp64,shared,32,512,0.5,0.37341837298474623,10.707992792129517,0.50004519469466291,0.10018491535533834,10,5,18,19,0.29561600089073181,-142185.62210411494
2026-08-30T19:48:44Z,NVIDIA H200 NVL,full,dyadic_normal32,Current DyadicNormal32,hot_uniform,forward,dot,67108864,512,256,32,fp64,shared,32,512,0.5,0.37341837298474623,10.707992792129517,0.50004519469466291,0.10018491535533834,10,5,19,19,0.29552000761032104,-142185.62210411494
2026-08-30T19:48:44Z,NVIDIA H200 NVL,full,dyadic_normal32,Current DyadicNormal32,hot_uniform,forward,dot,67108864,512,256,32,fp64,shared,32,512,0.5,0.37341837298474623,10.707992792129517,0.50004519469466291,0.10018491535533834,10,5,20,19,0.29664000868797302,-142185.62210411494
2026-08-30T19:48:44Z,NVIDIA H200 NVL,full,dyadic_normal32,Current DyadicNormal32,hot_uniform,forward,dot,67108864,512,256,32,fp64,shared,32,512,0.5,0.37341837298474623,10.707992792129517,0.50004519469466291,0.10018491535533834,10,5,21,19,0.29622399806976318,-142185.62210411494
2026-08-30T19:48:44Z,NVIDIA H200 NVL,full,dyadic_normal32,Current DyadicNormal32,hot_uniform,forward,dot,67108864,512,256,32,fp64,shared,32,512,0.5,0.37341837298474623,10.707992792129517,0.50004519469466291,0.10018491535533834,10,5,22,19,0.29651200771331787,-142185.62210411494
2026-08-30T19:48:44Z,NVIDIA H200 NVL,full,dyadic_normal32,Current DyadicNormal32,hot_uniform,forward,dot,67108864,512,256,32,fp64,shared,32,512,0.5,0.37341837298474623,10.707992792129517,0.50004519469466291,0.10018491535533834,10,5,23,19,0.29667198657989502,-142185.62210411494
2026-08-30T19:48:44Z,NVIDIA H200 NVL,full,dyadic_normal32,Current DyadicNormal32,hot_uniform,forward,dot,67108864,512,256,32,fp64,shared,32,512,0.5,0.37341837298474623,10.707992792129517,0.50004519469466291,0.10018491535533834,10,5,24,19,0.29769599437713623,-142185.62210411494
2026-08-30T19:48:44Z,NVIDIA H200 NVL,full,dyadic_sign_fused,Sign-fused decoder,hot_uniform,forward,dot,67108864,512,256,32,fp64,shared,32,512,0.5,0.37341837298474623,10.707992792129517,0.50004519469466291,0.10018491535533834,10,5,0,20,0.29292801022529602,-142185.62210411494
2026-08-30T19:48:44Z,NVIDIA H200 NVL,full,dyadic_sign_fused,Sign-fused decoder,hot_uniform,forward,dot,67108864,512,256,32,fp64,shared,32,512,0.5,0.37341837298474623,10.707992792129517,0.50004519469466291,0.10018491535533834,10,5,1,20,0.29648000001907349,-142185.62210411494
2026-08-30T19:48:44Z,NVIDIA H200 NVL,full,dyadic_sign_fused,Sign-fused decoder,hot_uniform,forward,dot,67108864,512,256,32,fp64,shared,32,512,0.5,0.37341837298474623,10.707992792129517,0.50004519469466291,0.10018491535533834,10,5,2,20,0.29510399699211121,-142185.62210411494
2026-08-30T19:48:44Z,NVIDIA H200 NVL,full,dyadic_sign_fused,Sign-fused decoder,hot_uniform,forward,dot,67108864,512,256,32,fp64,shared,32,512,0.5,0.37341837298474623,10.707992792129517,0.50004519469466291,0.10018491535533834,10,5,3,20,0.29475200176239014,-142185.62210411494
2026-08-30T19:48:44Z,NVIDIA H200 NVL,full,dyadic_sign_fused,Sign-fused decoder,hot_uniform,forward,dot,67108864,512,256,32,fp64,shared,32,512,0.5,0.37341837298474623,10.707992792129517,0.50004519469466291,0.10018491535533834,10,5,4,20,0.29638400673866272,-142185.62210411494
2026-08-30T19:48:44Z,NVIDIA H200 NVL,full,dyadic_sign_fused,Sign-fused decoder,hot_uniform,forward,dot,67108864,512,256,32,fp64,shared,32,512,0.5,0.37341837298474623,10.707992792129517,0.50004519469466291,0.10018491535533834,10,5,5,20,0.29395198822021484,-142185.62210411494
2026-08-30T19:48:44Z,NVIDIA H200 NVL,full,dyadic_sign_fused,Sign-fused decoder,hot_uniform,forward,dot,67108864,512,256,32,fp64,shared,32,512,0.5,0.37341837298474623,10.707992792129517,0.50004519469466291,0.10018491535533834,10,5,6,20,0.29580798745155334,-142185.62210411494
2026-08-30T19:48:44Z,NVIDIA H200 NVL,full,dyadic_sign_fused,Sign-fused decoder,hot_uniform,forward,dot,67108864,512,256,32,fp64,shared,32,512,0.5,0.37341837298474623,10.707992792129517,0.50004519469466291,0.10018491535533834,10,5,7,20,0.29468798637390137,-142185.62210411494
2026-08-30T19:48:44Z,NVIDIA H200 NVL,full,dyadic_sign_fused,Sign-fused decoder,hot_uniform,forward,dot,67108864,512,256,32,fp64,shared,32,512,0.5,0.37341837298474623,10.707992792129517,0.50004519469466291,0.10018491535533834,10,5,8,20,0.29766398668289185,-142185.62210411494
2026-08-30T19:48:44Z,NVIDIA H200 NVL,full,dyadic_sign_fused,Sign-fused decoder,hot_uniform,forward,dot,67108864,512,256,32,fp64,shared,32,512,0.5,0.37341837298474623,10.707992792129517,0.50004519469466291,0.10018491535533834,10,5,9,20,0.29507198929786682,-142185.62210411494
2026-08-30T19:48:44Z,NVIDIA H200 NVL,full,dyadic_sign_fused,Sign-fused decoder,hot_uniform,forward,dot,67108864,512,256,32,fp64,shared,32,512,0.5,0.37341837298474623,10.707992792129517,0.50004519469466291,0.10018491535533834,10,5,10,20,0.29583999514579773,-142185.62210411494
2026-08-30T19:48:44Z,NVIDIA H200 NVL,full,dyadic_sign_fused,Sign-fused decoder,hot_uniform,forward,dot,67108864,512,256,32,fp64,shared,32,512,0.5,0.37341837298474623,10.707992792129517,0.50004519469466291,0.10018491535533834,10,5,11,20,0.29401600360870361,-142185.62210411494
2026-08-30T19:48:44Z,NVIDIA H200 NVL,full,dyadic_sign_fused,Sign-fused decoder,hot_uniform,forward,dot,67108864,512,256,32,fp64,shared,32,512,0.5,0.37341837298474623,10.707992792129517,0.50004519469466291,0.10018491535533834,10,5,12,20,0.2961600124835968,-142185.62210411494
2026-08-30T19:48:44Z,NVIDIA H200 NVL,full,dyadic_sign_fused,Sign-fused decoder,hot_uniform,forward,dot,67108864,512,256,32,fp64,shared,32,512,0.5,0.37341837298474623,10.707992792129517,0.50004519469466291,0.10018491535533834,10,5,13,20,0.29558399319648743,-142185.62210411494
2026-08-30T19:48:44Z,NVIDIA H200 NVL,full,dyadic_sign_fused,Sign-fused decoder,hot_uniform,forward,dot,67108864,512,256,32,fp64,shared,32,512,0.5,0.37341837298474623,10.707992792129517,0.50004519469466291,0.10018491535533834,10,5,14,20,0.29452800750732422,-142185.62210411494
2026-08-30T19:48:44Z,NVIDIA H200 NVL,full,dyadic_sign_fused,Sign-fused decoder,hot_uniform,forward,dot,67108864,512,256,32,fp64,shared,32,512,0.5,0.37341837298474623,10.707992792129517,0.50004519469466291,0.10018491535533834,10,5,15,20,0.29363200068473816,-142185.62210411494
2026-08-30T19:48:44Z,NVIDIA H200 NVL,full,dyadic_sign_fused,Sign-fused decoder,hot_uniform,forward,dot,67108864,512,256,32,fp64,shared,32,512,0.5,0.37341837298474623,10.707992792129517,0.50004519469466291,0.10018491535533834,10,5,16,20,0.29417601227760315,-142185.62210411494
2026-08-30T19:48:44Z,NVIDIA H200 NVL,full,dyadic_sign_fused,Sign-fused decoder,hot_uniform,forward,dot,67108864,512,256,32,fp64,shared,32,512,0.5,0.37341837298474623,10.707992792129517,0.50004519469466291,0.10018491535533834,10,5,17,20,0.29420799016952515,-142185.62210411494
2026-08-30T19:48:44Z,NVIDIA H200 NVL,full,dyadic_sign_fused,Sign-fused decoder,hot_uniform,forward,dot,67108864,512,256,32,fp64,shared,32,512,0.5,0.37341837298474623,10.707992792129517,0.50004519469466291,0.10018491535533834,10,5,18,20,0.29328000545501709,-142185.62210411494
2026-08-30T19:48:44Z,NVIDIA H200 NVL,full,dyadic_sign_fused,Sign-fused decoder,hot_uniform,forward,dot,67108864,512,256,32,fp64,shared,32,512,0.5,0.37341837298474623,10.707992792129517,0.50004519469466291,0.10018491535533834,10,5,19,20,0.29455998539924622,-142185.62210411494
2026-08-30T19:48:44Z,NVIDIA H200 NVL,full,dyadic_sign_fused,Sign-fused decoder,hot_uniform,forward,dot,67108864,512,256,32,fp64,shared,32,512,0.5,0.37341837298474623,10.707992792129517,0.50004519469466291,0.10018491535533834,10,5,20,20,0.29385599493980408,-142185.62210411494
2026-08-30T19:48:44Z,NVIDIA H200 NVL,full,dyadic_sign_fused,Sign-fused decoder,hot_uniform,forward,dot,67108864,512,256,32,fp64,shared,32,512,0.5,0.37341837298474623,10.707992792129517,0.50004519469466291,0.10018491535533834,10,5,21,20,0.29376000165939331,-142185.62210411494
2026-08-30T19:48:44Z,NVIDIA H200 NVL,full,dyadic_sign_fused,Sign-fused decoder,hot_uniform,forward,dot,67108864,512,256,32,fp64,shared,32,512,0.5,0.37341837298474623,10.707992792129517,0.50004519469466291,0.10018491535533834,10,5,22,20,0.29475200176239014,-142185.62210411494
2026-08-30T19:48:44Z,NVIDIA H200 NVL,full,dyadic_sign_fused,Sign-fused decoder,hot_uniform,forward,dot,67108864,512,256,32,fp64,shared,32,512,0.5,0.37341837298474623,10.707992792129517,0.50004519469466291,0.10018491535533834,10,5,23,20,0.29807999730110168,-142185.62210411494
2026-08-30T19:48:44Z,NVIDIA H200 NVL,full,dyadic_sign_fused,Sign-fused decoder,hot_uniform,forward,dot,67108864,512,256,32,fp64,shared,32,512,0.5,0.37341837298474623,10.707992792129517,0.50004519469466291,0.10018491535533834,10,5,24,20,0.29481598734855652,-142185.62210411494
2026-08-30T19:48:44Z,NVIDIA H200 NVL,full,dyadic_bitcast_shared,BitCast decoder with shared coefficients,hot_uniform,forward,dot,67108864,512,256,32,fp64,shared,32,512,0.5,0.37341837298474623,10.707992792129517,0.50004519469466291,0.10018491535533834,10,5,0,21,0.29427200555801392,-142185.622104115
2026-08-30T19:48:44Z,NVIDIA H200 NVL,full,dyadic_bitcast_shared,BitCast decoder with shared coefficients,hot_uniform,forward,dot,67108864,512,256,32,fp64,shared,32,512,0.5,0.37341837298474623,10.707992792129517,0.50004519469466291,0.10018491535533834,10,5,1,21,0.29507198929786682,-142185.622104115
2026-08-30T19:48:44Z,NVIDIA H200 NVL,full,dyadic_bitcast_shared,BitCast decoder with shared coefficients,hot_uniform,forward,dot,67108864,512,256,32,fp64,shared,32,512,0.5,0.37341837298474623,10.707992792129517,0.50004519469466291,0.10018491535533834,10,5,2,21,0.29600000381469727,-142185.622104115
2026-08-30T19:48:44Z,NVIDIA H200 NVL,full,dyadic_bitcast_shared,BitCast decoder with shared coefficients,hot_uniform,forward,dot,67108864,512,256,32,fp64,shared,32,512,0.5,0.37341837298474623,10.707992792129517,0.50004519469466291,0.10018491535533834,10,5,3,21,0.29516801238059998,-142185.622104115
2026-08-30T19:48:44Z,NVIDIA H200 NVL,full,dyadic_bitcast_shared,BitCast decoder with shared coefficients,hot_uniform,forward,dot,67108864,512,256,32,fp64,shared,32,512,0.5,0.37341837298474623,10.707992792129517,0.50004519469466291,0.10018491535533834,10,5,4,21,0.29631999135017395,-142185.622104115
2026-08-30T19:48:44Z,NVIDIA H200 NVL,full,dyadic_bitcast_shared,BitCast decoder with shared coefficients,hot_uniform,forward,dot,67108864,512,256,32,fp64,shared,32,512,0.5,0.37341837298474623,10.707992792129517,0.50004519469466291,0.10018491535533834,10,5,5,21,0.29686400294303894,-142185.622104115
2026-08-30T19:48:44Z,NVIDIA H200 NVL,full,dyadic_bitcast_shared,BitCast decoder with shared coefficients,hot_uniform,forward,dot,67108864,512,256,32,fp64,shared,32,512,0.5,0.37341837298474623,10.707992792129517,0.50004519469466291,0.10018491535533834,10,5,6,21,0.29705598950386047,-142185.622104115
2026-08-30T19:48:44Z,NVIDIA H200 NVL,full,dyadic_bitcast_shared,BitCast decoder with shared coefficients,hot_uniform,forward,dot,67108864,512,256,32,fp64,shared,32,512,0.5,0.37341837298474623,10.707992792129517,0.50004519469466291,0.10018491535533834,10,5,7,21,0.29648000001907349,-142185.622104115
2026-08-30T19:48:44Z,NVIDIA H200 NVL,full,dyadic_bitcast_shared,BitCast decoder with shared coefficients,hot_uniform,forward,dot,67108864,512,256,32,fp64,shared,32,512,0.5,0.37341837298474623,10.707992792129517,0.50004519469466291,0.10018491535533834,10,5,8,21,0.29791998863220215,-142185.622104115
2026-08-30T19:48:44Z,NVIDIA H200 NVL,full,dyadic_bitcast_shared,BitCast decoder with shared coefficients,hot_uniform,forward,dot,67108864,512,256,32,fp64,shared,32,512,0.5,0.37341837298474623,10.707992792129517,0.50004519469466291,0.10018491535533834,10,5,9,21,0.29692798852920532,-142185.622104115
2026-08-30T19:48:44Z,NVIDIA H200 NVL,full,dyadic_bitcast_shared,BitCast decoder with shared coefficients,hot_uniform,forward,dot,67108864,512,256,32,fp64,shared,32,512,0.5,0.37341837298474623,10.707992792129517,0.50004519469466291,0.10018491535533834,10,5,10,21,0.29628801345825195,-142185.622104115
2026-08-30T19:48:44Z,NVIDIA H200 NVL,full,dyadic_bitcast_shared,BitCast decoder with shared coefficients,hot_uniform,forward,dot,67108864,512,256,32,fp64,shared,32,512,0.5,0.37341837298474623,10.707992792129517,0.50004519469466291,0.10018491535533834,10,5,11,21,0.29667198657989502,-142185.622104115
2026-08-30T19:48:44Z,NVIDIA H200 NVL,full,dyadic_bitcast_shared,BitCast decoder with shared coefficients,hot_uniform,forward,dot,67108864,512,256,32,fp64,shared,32,512,0.5,0.37341837298474623,10.707992792129517,0.50004519469466291,0.10018491535533834,10,5,12,21,0.29660800099372864,-142185.622104115
2026-08-30T19:48:44Z,NVIDIA H200 NVL,full,dyadic_bitcast_shared,BitCast decoder with shared coefficients,hot_uniform,forward,dot,67108864,512,256,32,fp64,shared,32,512,0.5,0.37341837298474623,10.707992792129517,0.50004519469466291,0.10018491535533834,10,5,13,21,0.29555198550224304,-142185.622104115
2026-08-30T19:48:44Z,NVIDIA H200 NVL,full,dyadic_bitcast_shared,BitCast decoder with shared coefficients,hot_uniform,forward,dot,67108864,512,256,32,fp64,shared,32,512,0.5,0.37341837298474623,10.707992792129517,0.50004519469466291,0.10018491535533834,10,5,14,21,0.29628801345825195,-142185.622104115
2026-08-30T19:48:44Z,NVIDIA H200 NVL,full,dyadic_bitcast_shared,BitCast decoder with shared coefficients,hot_uniform,forward,dot,67108864,512,256,32,fp64,shared,32,512,0.5,0.37341837298474623,10.707992792129517,0.50004519469466291,0.10018491535533834,10,5,15,21,0.29574400186538696,-142185.622104115
2026-08-30T19:48:44Z,NVIDIA H200 NVL,full,dyadic_bitcast_shared,BitCast decoder with shared coefficients,hot_uniform,forward,dot,67108864,512,256,32,fp64,shared,32,512,0.5,0.37341837298474623,10.707992792129517,0.50004519469466291,0.10018491535533834,10,5,16,21,0.297791987657547,-142185.622104115
2026-08-30T19:48:44Z,NVIDIA H200 NVL,full,dyadic_bitcast_shared,BitCast decoder with shared coefficients,hot_uniform,forward,dot,67108864,512,256,32,fp64,shared,32,512,0.5,0.37341837298474623,10.707992792129517,0.50004519469466291,0.10018491535533834,10,5,17,21,0.29526400566101074,-142185.622104115
2026-08-30T19:48:44Z,NVIDIA H200 NVL,full,dyadic_bitcast_shared,BitCast decoder with shared coefficients,hot_uniform,forward,dot,67108864,512,256,32,fp64,shared,32,512,0.5,0.37341837298474623,10.707992792129517,0.50004519469466291,0.10018491535533834,10,5,18,21,0.29785600304603577,-142185.622104115
2026-08-30T19:48:44Z,NVIDIA H200 NVL,full,dyadic_bitcast_shared,BitCast decoder with shared coefficients,hot_uniform,forward,dot,67108864,512,256,32,fp64,shared,32,512,0.5,0.37341837298474623,10.707992792129517,0.50004519469466291,0.10018491535533834,10,5,19,21,0.29513600468635559,-142185.622104115
2026-08-30T19:48:44Z,NVIDIA H200 NVL,full,dyadic_bitcast_shared,BitCast decoder with shared coefficients,hot_uniform,forward,dot,67108864,512,256,32,fp64,shared,32,512,0.5,0.37341837298474623,10.707992792129517,0.50004519469466291,0.10018491535533834,10,5,20,21,0.29699200391769409,-142185.622104115
2026-08-30T19:48:44Z,NVIDIA H200 NVL,full,dyadic_bitcast_shared,BitCast decoder with shared coefficients,hot_uniform,forward,dot,67108864,512,256,32,fp64,shared,32,512,0.5,0.37341837298474623,10.707992792129517,0.50004519469466291,0.10018491535533834,10,5,21,21,0.29631999135017395,-142185.622104115
2026-08-30T19:48:44Z,NVIDIA H200 NVL,full,dyadic_bitcast_shared,BitCast decoder with shared coefficients,hot_uniform,forward,dot,67108864,512,256,32,fp64,shared,32,512,0.5,0.37341837298474623,10.707992792129517,0.50004519469466291,0.10018491535533834,10,5,22,21,0.29516801238059998,-142185.622104115
2026-08-30T19:48:44Z,NVIDIA H200 NVL,full,dyadic_bitcast_shared,BitCast decoder with shared coefficients,hot_uniform,forward,dot,67108864,512,256,32,fp64,shared,32,512,0.5,0.37341837298474623,10.707992792129517,0.50004519469466291,0.10018491535533834,10,5,23,21,0.29552000761032104,-142185.622104115
2026-08-30T19:48:44Z,NVIDIA H200 NVL,full,dyadic_bitcast_shared,BitCast decoder with shared coefficients,hot_uniform,forward,dot,67108864,512,256,32,fp64,shared,32,512,0.5,0.37341837298474623,10.707992792129517,0.50004519469466291,0.10018491535533834,10,5,24,21,0.29676800966262817,-142185.622104115
2026-08-30T19:48:44Z,NVIDIA H200 NVL,full,dyadic_bitcast_constant,BitCast decoder with constant coefficients,hot_uniform,forward,dot,67108864,512,256,32,fp64,constant,32,512,0.5,0.37341837298474623,10.707992792129517,0.50004519469466291,0.10018491535533834,10,5,0,22,0.87411201000213623,-142185.622104115
2026-08-30T19:48:44Z,NVIDIA H200 NVL,full,dyadic_bitcast_constant,BitCast decoder with constant coefficients,hot_uniform,forward,dot,67108864,512,256,32,fp64,constant,32,512,0.5,0.37341837298474623,10.707992792129517,0.50004519469466291,0.10018491535533834,10,5,1,22,0.87139201164245605,-142185.622104115
2026-08-30T19:48:44Z,NVIDIA H200 NVL,full,dyadic_bitcast_constant,BitCast decoder with constant coefficients,hot_uniform,forward,dot,67108864,512,256,32,fp64,constant,32,512,0.5,0.37341837298474623,10.707992792129517,0.50004519469466291,0.10018491535533834,10,5,2,22,0.87414401769638062,-142185.622104115
2026-08-30T19:48:44Z,NVIDIA H200 NVL,full,dyadic_bitcast_constant,BitCast decoder with constant coefficients,hot_uniform,forward,dot,67108864,512,256,32,fp64,constant,32,512,0.5,0.37341837298474623,10.707992792129517,0.50004519469466291,0.10018491535533834,10,5,3,22,0.87360000610351562,-142185.622104115
2026-08-30T19:48:44Z,NVIDIA H200 NVL,full,dyadic_bitcast_constant,BitCast decoder with constant coefficients,hot_uniform,forward,dot,67108864,512,256,32,fp64,constant,32,512,0.5,0.37341837298474623,10.707992792129517,0.50004519469466291,0.10018491535533834,10,5,4,22,0.87315201759338379,-142185.622104115
2026-08-30T19:48:44Z,NVIDIA H200 NVL,full,dyadic_bitcast_constant,BitCast decoder with constant coefficients,hot_uniform,forward,dot,67108864,512,256,32,fp64,constant,32,512,0.5,0.37341837298474623,10.707992792129517,0.50004519469466291,0.10018491535533834,10,5,5,22,0.87331199645996094,-142185.622104115
2026-08-30T19:48:44Z,NVIDIA H200 NVL,full,dyadic_bitcast_constant,BitCast decoder with constant coefficients,hot_uniform,forward,dot,67108864,512,256,32,fp64,constant,32,512,0.5,0.37341837298474623,10.707992792129517,0.50004519469466291,0.10018491535533834,10,5,6,22,0.87446397542953491,-142185.622104115
2026-08-30T19:48:44Z,NVIDIA H200 NVL,full,dyadic_bitcast_constant,BitCast decoder with constant coefficients,hot_uniform,forward,dot,67108864,512,256,32,fp64,constant,32,512,0.5,0.37341837298474623,10.707992792129517,0.50004519469466291,0.10018491535533834,10,5,7,22,0.87401598691940308,-142185.622104115
2026-08-30T19:48:44Z,NVIDIA H200 NVL,full,dyadic_bitcast_constant,BitCast decoder with constant coefficients,hot_uniform,forward,dot,67108864,512,256,32,fp64,constant,32,512,0.5,0.37341837298474623,10.707992792129517,0.50004519469466291,0.10018491535533834,10,5,8,22,0.87603199481964111,-142185.622104115
2026-08-30T19:48:44Z,NVIDIA H200 NVL,full,dyadic_bitcast_constant,BitCast decoder with constant coefficients,hot_uniform,forward,dot,67108864,512,256,32,fp64,constant,32,512,0.5,0.37341837298474623,10.707992792129517,0.50004519469466291,0.10018491535533834,10,5,9,22,0.87212800979614258,-142185.622104115
2026-08-30T19:48:44Z,NVIDIA H200 NVL,full,dyadic_bitcast_constant,BitCast decoder with constant coefficients,hot_uniform,forward,dot,67108864,512,256,32,fp64,constant,32,512,0.5,0.37341837298474623,10.707992792129517,0.50004519469466291,0.10018491535533834,10,5,10,22,0.87356799840927124,-142185.622104115
2026-08-30T19:48:44Z,NVIDIA H200 NVL,full,dyadic_bitcast_constant,BitCast decoder with constant coefficients,hot_uniform,forward,dot,67108864,512,256,32,fp64,constant,32,512,0.5,0.37341837298474623,10.707992792129517,0.50004519469466291,0.10018491535533834,10,5,11,22,0.87292802333831787,-142185.622104115
2026-08-30T19:48:44Z,NVIDIA H200 NVL,full,dyadic_bitcast_constant,BitCast decoder with constant coefficients,hot_uniform,forward,dot,67108864,512,256,32,fp64,constant,32,512,0.5,0.37341837298474623,10.707992792129517,0.50004519469466291,0.10018491535533834,10,5,12,22,0.87113600969314575,-142185.622104115
2026-08-30T19:48:44Z,NVIDIA H200 NVL,full,dyadic_bitcast_constant,BitCast decoder with constant coefficients,hot_uniform,forward,dot,67108864,512,256,32,fp64,constant,32,512,0.5,0.37341837298474623,10.707992792129517,0.50004519469466291,0.10018491535533834,10,5,13,22,0.87091201543807983,-142185.622104115
2026-08-30T19:48:44Z,NVIDIA H200 NVL,full,dyadic_bitcast_constant,BitCast decoder with constant coefficients,hot_uniform,forward,dot,67108864,512,256,32,fp64,constant,32,512,0.5,0.37341837298474623,10.707992792129517,0.50004519469466291,0.10018491535533834,10,5,14,22,0.87161600589752197,-142185.622104115
2026-08-30T19:48:44Z,NVIDIA H200 NVL,full,dyadic_bitcast_constant,BitCast decoder with constant coefficients,hot_uniform,forward,dot,67108864,512,256,32,fp64,constant,32,512,0.5,0.37341837298474623,10.707992792129517,0.50004519469466291,0.10018491535533834,10,5,15,22,0.87116801738739014,-142185.622104115
2026-08-30T19:48:44Z,NVIDIA H200 NVL,full,dyadic_bitcast_constant,BitCast decoder with constant coefficients,hot_uniform,forward,dot,67108864,512,256,32,fp64,constant,32,512,0.5,0.37341837298474623,10.707992792129517,0.50004519469466291,0.10018491535533834,10,5,16,22,0.87228798866271973,-142185.622104115
2026-08-30T19:48:44Z,NVIDIA H200 NVL,full,dyadic_bitcast_constant,BitCast decoder with constant coefficients,hot_uniform,forward,dot,67108864,512,256,32,fp64,constant,32,512,0.5,0.37341837298474623,10.707992792129517,0.50004519469466291,0.10018491535533834,10,5,17,22,0.87302398681640625,-142185.622104115
2026-08-30T19:48:44Z,NVIDIA H200 NVL,full,dyadic_bitcast_constant,BitCast decoder with constant coefficients,hot_uniform,forward,dot,67108864,512,256,32,fp64,constant,32,512,0.5,0.37341837298474623,10.707992792129517,0.50004519469466291,0.10018491535533834,10,5,18,22,0.87251198291778564,-142185.622104115
2026-08-30T19:48:44Z,NVIDIA H200 NVL,full,dyadic_bitcast_constant,BitCast decoder with constant coefficients,hot_uniform,forward,dot,67108864,512,256,32,fp64,constant,32,512,0.5,0.37341837298474623,10.707992792129517,0.50004519469466291,0.10018491535533834,10,5,19,22,0.87055999040603638,-142185.622104115
2026-08-30T19:48:44Z,NVIDIA H200 NVL,full,dyadic_bitcast_constant,BitCast decoder with constant coefficients,hot_uniform,forward,dot,67108864,512,256,32,fp64,constant,32,512,0.5,0.37341837298474623,10.707992792129517,0.50004519469466291,0.10018491535533834,10,5,20,22,0.87247997522354126,-142185.622104115
2026-08-30T19:48:44Z,NVIDIA H200 NVL,full,dyadic_bitcast_constant,BitCast decoder with constant coefficients,hot_uniform,forward,dot,67108864,512,256,32,fp64,constant,32,512,0.5,0.37341837298474623,10.707992792129517,0.50004519469466291,0.10018491535533834,10,5,21,22,0.87120002508163452,-142185.622104115
2026-08-30T19:48:44Z,NVIDIA H200 NVL,full,dyadic_bitcast_constant,BitCast decoder with constant coefficients,hot_uniform,forward,dot,67108864,512,256,32,fp64,constant,32,512,0.5,0.37341837298474623,10.707992792129517,0.50004519469466291,0.10018491535533834,10,5,22,22,0.87344002723693848,-142185.622104115
2026-08-30T19:48:44Z,NVIDIA H200 NVL,full,dyadic_bitcast_constant,BitCast decoder with constant coefficients,hot_uniform,forward,dot,67108864,512,256,32,fp64,constant,32,512,0.5,0.37341837298474623,10.707992792129517,0.50004519469466291,0.10018491535533834,10,5,23,22,0.87209600210189819,-142185.622104115
2026-08-30T19:48:44Z,NVIDIA H200 NVL,full,dyadic_bitcast_constant,BitCast decoder with constant coefficients,hot_uniform,forward,dot,67108864,512,256,32,fp64,constant,32,512,0.5,0.37341837298474623,10.707992792129517,0.50004519469466291,0.10018491535533834,10,5,24,22,0.87100797891616821,-142185.622104115
2026-08-30T19:48:44Z,NVIDIA H200 NVL,full,dyadic_normal32,Current DyadicNormal32,hot_uniform,forward,dot,67108864,512,256,32,fp64,shared,32,512,0.625,0.49278647556616129,13.134575366973877,0.62503508519648276,0.10018491535533834,10,5,0,23,0.29555198550224304,-242719.41567073425
2026-08-30T19:48:44Z,NVIDIA H200 NVL,full,dyadic_normal32,Current DyadicNormal32,hot_uniform,forward,dot,67108864,512,256,32,fp64,shared,32,512,0.625,0.49278647556616129,13.134575366973877,0.62503508519648276,0.10018491535533834,10,5,1,23,0.2980479896068573,-242719.41567073425
2026-08-30T19:48:44Z,NVIDIA H200 NVL,full,dyadic_normal32,Current DyadicNormal32,hot_uniform,forward,dot,67108864,512,256,32,fp64,shared,32,512,0.625,0.49278647556616129,13.134575366973877,0.62503508519648276,0.10018491535533834,10,5,2,23,0.29974400997161865,-242719.41567073425
2026-08-30T19:48:44Z,NVIDIA H200 NVL,full,dyadic_normal32,Current DyadicNormal32,hot_uniform,forward,dot,67108864,512,256,32,fp64,shared,32,512,0.625,0.49278647556616129,13.134575366973877,0.62503508519648276,0.10018491535533834,10,5,3,23,0.29660800099372864,-242719.41567073425
2026-08-30T19:48:44Z,NVIDIA H200 NVL,full,dyadic_normal32,Current DyadicNormal32,hot_uniform,forward,dot,67108864,512,256,32,fp64,shared,32,512,0.625,0.49278647556616129,13.134575366973877,0.62503508519648276,0.10018491535533834,10,5,4,23,0.29817599058151245,-242719.41567073425
2026-08-30T19:48:44Z,NVIDIA H200 NVL,full,dyadic_normal32,Current DyadicNormal32,hot_uniform,forward,dot,67108864,512,256,32,fp64,shared,32,512,0.625,0.49278647556616129,13.134575366973877,0.62503508519648276,0.10018491535533834,10,5,5,23,0.29622399806976318,-242719.41567073425
2026-08-30T19:48:44Z,NVIDIA H200 NVL,full,dyadic_normal32,Current DyadicNormal32,hot_uniform,forward,dot,67108864,512,256,32,fp64,shared,32,512,0.625,0.49278647556616129,13.134575366973877,0.62503508519648276,0.10018491535533834,10,5,6,23,0.29753598570823669,-242719.41567073425
2026-08-30T19:48:44Z,NVIDIA H200 NVL,full,dyadic_normal32,Current DyadicNormal32,hot_uniform,forward,dot,67108864,512,256,32,fp64,shared,32,512,0.625,0.49278647556616129,13.134575366973877,0.62503508519648276,0.10018491535533834,10,5,7,23,0.29728001356124878,-242719.41567073425
2026-08-30T19:48:44Z,NVIDIA H200 NVL,full,dyadic_normal32,Current DyadicNormal32,hot_uniform,forward,dot,67108864,512,256,32,fp64,shared,32,512,0.625,0.49278647556616129,13.134575366973877,0.62503508519648276,0.10018491535533834,10,5,8,23,0.29817599058151245,-242719.41567073425
2026-08-30T19:48:44Z,NVIDIA H200 NVL,full,dyadic_normal32,Current DyadicNormal32,hot_uniform,forward,dot,67108864,512,256,32,fp64,shared,32,512,0.625,0.49278647556616129,13.134575366973877,0.62503508519648276,0.10018491535533834,10,5,9,23,0.29753598570823669,-242719.41567073425
2026-08-30T19:48:44Z,NVIDIA H200 NVL,full,dyadic_normal32,Current DyadicNormal32,hot_uniform,forward,dot,67108864,512,256,32,fp64,shared,32,512,0.625,0.49278647556616129,13.134575366973877,0.62503508519648276,0.10018491535533834,10,5,10,23,0.29817599058151245,-242719.41567073425
2026-08-30T19:48:44Z,NVIDIA H200 NVL,full,dyadic_normal32,Current DyadicNormal32,hot_uniform,forward,dot,67108864,512,256,32,fp64,shared,32,512,0.625,0.49278647556616129,13.134575366973877,0.62503508519648276,0.10018491535533834,10,5,11,23,0.29628801345825195,-242719.41567073425
2026-08-30T19:48:44Z,NVIDIA H200 NVL,full,dyadic_normal32,Current DyadicNormal32,hot_uniform,forward,dot,67108864,512,256,32,fp64,shared,32,512,0.625,0.49278647556616129,13.134575366973877,0.62503508519648276,0.10018491535533834,10,5,12,23,0.29852798581123352,-242719.41567073425
2026-08-30T19:48:44Z,NVIDIA H200 NVL,full,dyadic_normal32,Current DyadicNormal32,hot_uniform,forward,dot,67108864,512,256,32,fp64,shared,32,512,0.625,0.49278647556616129,13.134575366973877,0.62503508519648276,0.10018491535533834,10,5,13,23,0.29667198657989502,-242719.41567073425
2026-08-30T19:48:44Z,NVIDIA H200 NVL,full,dyadic_normal32,Current DyadicNormal32,hot_uniform,forward,dot,67108864,512,256,32,fp64,shared,32,512,0.625,0.49278647556616129,13.134575366973877,0.62503508519648276,0.10018491535533834,10,5,14,23,0.29974400997161865,-242719.41567073425
2026-08-30T19:48:44Z,NVIDIA H200 NVL,full,dyadic_normal32,Current DyadicNormal32,hot_uniform,forward,dot,67108864,512,256,32,fp64,shared,32,512,0.625,0.49278647556616129,13.134575366973877,0.62503508519648276,0.10018491535533834,10,5,15,23,0.29552000761032104,-242719.41567073425
2026-08-30T19:48:44Z,NVIDIA H200 NVL,full,dyadic_normal32,Current DyadicNormal32,hot_uniform,forward,dot,67108864,512,256,32,fp64,shared,32,512,0.625,0.49278647556616129,13.134575366973877,0.62503508519648276,0.10018491535533834,10,5,16,23,0.29833599925041199,-242719.41567073425
2026-08-30T19:48:44Z,NVIDIA H200 NVL,full,dyadic_normal32,Current DyadicNormal32,hot_uniform,forward,dot,67108864,512,256,32,fp64,shared,32,512,0.625,0.49278647556616129,13.134575366973877,0.62503508519648276,0.10018491535533834,10,5,17,23,0.29859200119972229,-242719.41567073425
2026-08-30T19:48:44Z,NVIDIA H200 NVL,full,dyadic_normal32,Current DyadicNormal32,hot_uniform,forward,dot,67108864,512,256,32,fp64,shared,32,512,0.625,0.49278647556616129,13.134575366973877,0.62503508519648276,0.10018491535533834,10,5,18,23,0.29715201258659363,-242719.41567073425
2026-08-30T19:48:44Z,NVIDIA H200 NVL,full,dyadic_normal32,Current DyadicNormal32,hot_uniform,forward,dot,67108864,512,256,32,fp64,shared,32,512,0.625,0.49278647556616129,13.134575366973877,0.62503508519648276,0.10018491535533834,10,5,19,23,0.29657599329948425,-242719.41567073425
2026-08-30T19:48:44Z,NVIDIA H200 NVL,full,dyadic_normal32,Current DyadicNormal32,hot_uniform,forward,dot,67108864,512,256,32,fp64,shared,32,512,0.625,0.49278647556616129,13.134575366973877,0.62503508519648276,0.10018491535533834,10,5,20,23,0.29715201258659363,-242719.41567073425
2026-08-30T19:48:44Z,NVIDIA H200 NVL,full,dyadic_normal32,Current DyadicNormal32,hot_uniform,forward,dot,67108864,512,256,32,fp64,shared,32,512,0.625,0.49278647556616129,13.134575366973877,0.62503508519648276,0.10018491535533834,10,5,21,23,0.29695999622344971,-242719.41567073425
2026-08-30T19:48:44Z,NVIDIA H200 NVL,full,dyadic_normal32,Current DyadicNormal32,hot_uniform,forward,dot,67108864,512,256,32,fp64,shared,32,512,0.625,0.49278647556616129,13.134575366973877,0.62503508519648276,0.10018491535533834,10,5,22,23,0.29868799448013306,-242719.41567073425
2026-08-30T19:48:44Z,NVIDIA H200 NVL,full,dyadic_normal32,Current DyadicNormal32,hot_uniform,forward,dot,67108864,512,256,32,fp64,shared,32,512,0.625,0.49278647556616129,13.134575366973877,0.62503508519648276,0.10018491535533834,10,5,23,23,0.29622399806976318,-242719.41567073425
2026-08-30T19:48:44Z,NVIDIA H200 NVL,full,dyadic_normal32,Current DyadicNormal32,hot_uniform,forward,dot,67108864,512,256,32,fp64,shared,32,512,0.625,0.49278647556616129,13.134575366973877,0.62503508519648276,0.10018491535533834,10,5,24,23,0.29740801453590393,-242719.41567073425
2026-08-30T19:48:44Z,NVIDIA H200 NVL,full,dyadic_sign_fused,Sign-fused decoder,hot_uniform,forward,dot,67108864,512,256,32,fp64,shared,32,512,0.625,0.49278647556616129,13.134575366973877,0.62503508519648276,0.10018491535533834,10,5,0,24,0.29366400837898254,-242719.41567073425
2026-08-30T19:48:44Z,NVIDIA H200 NVL,full,dyadic_sign_fused,Sign-fused decoder,hot_uniform,forward,dot,67108864,512,256,32,fp64,shared,32,512,0.625,0.49278647556616129,13.134575366973877,0.62503508519648276,0.10018491535533834,10,5,1,24,0.29648000001907349,-242719.41567073425
2026-08-30T19:48:44Z,NVIDIA H200 NVL,full,dyadic_sign_fused,Sign-fused decoder,hot_uniform,forward,dot,67108864,512,256,32,fp64,shared,32,512,0.625,0.49278647556616129,13.134575366973877,0.62503508519648276,0.10018491535533834,10,5,2,24,0.29648000001907349,-242719.41567073425
2026-08-30T19:48:44Z,NVIDIA H200 NVL,full,dyadic_sign_fused,Sign-fused decoder,hot_uniform,forward,dot,67108864,512,256,32,fp64,shared,32,512,0.625,0.49278647556616129,13.134575366973877,0.62503508519648276,0.10018491535533834,10,5,3,24,0.29606398940086365,-242719.41567073425
2026-08-30T19:48:44Z,NVIDIA H200 NVL,full,dyadic_sign_fused,Sign-fused decoder,hot_uniform,forward,dot,67108864,512,256,32,fp64,shared,32,512,0.625,0.49278647556616129,13.134575366973877,0.62503508519648276,0.10018491535533834,10,5,4,24,0.29699200391769409,-242719.41567073425
2026-08-30T19:48:44Z,NVIDIA H200 NVL,full,dyadic_sign_fused,Sign-fused decoder,hot_uniform,forward,dot,67108864,512,256,32,fp64,shared,32,512,0.625,0.49278647556616129,13.134575366973877,0.62503508519648276,0.10018491535533834,10,5,5,24,0.29356798529624939,-242719.41567073425
2026-08-30T19:48:44Z,NVIDIA H200 NVL,full,dyadic_sign_fused,Sign-fused decoder,hot_uniform,forward,dot,67108864,512,256,32,fp64,shared,32,512,0.625,0.49278647556616129,13.134575366973877,0.62503508519648276,0.10018491535533834,10,5,6,24,0.29855999350547791,-242719.41567073425
2026-08-30T19:48:44Z,NVIDIA H200 NVL,full,dyadic_sign_fused,Sign-fused decoder,hot_uniform,forward,dot,67108864,512,256,32,fp64,shared,32,512,0.625,0.49278647556616129,13.134575366973877,0.62503508519648276,0.10018491535533834,10,5,7,24,0.29587200284004211,-242719.41567073425
2026-08-30T19:48:44Z,NVIDIA H200 NVL,full,dyadic_sign_fused,Sign-fused decoder,hot_uniform,forward,dot,67108864,512,256,32,fp64,shared,32,512,0.625,0.49278647556616129,13.134575366973877,0.62503508519648276,0.10018491535533834,10,5,8,24,0.2961919903755188,-242719.41567073425
2026-08-30T19:48:44Z,NVIDIA H200 NVL,full,dyadic_sign_fused,Sign-fused decoder,hot_uniform,forward,dot,67108864,512,256,32,fp64,shared,32,512,0.625,0.49278647556616129,13.134575366973877,0.62503508519648276,0.10018491535533834,10,5,9,24,0.29561600089073181,-242719.41567073425
2026-08-30T19:48:44Z,NVIDIA H200 NVL,full,dyadic_sign_fused,Sign-fused decoder,hot_uniform,forward,dot,67108864,512,256,32,fp64,shared,32,512,0.625,0.49278647556616129,13.134575366973877,0.62503508519648276,0.10018491535533834,10,5,10,24,0.29654398560523987,-242719.41567073425
2026-08-30T19:48:44Z,NVIDIA H200 NVL,full,dyadic_sign_fused,Sign-fused decoder,hot_uniform,forward,dot,67108864,512,256,32,fp64,shared,32,512,0.625,0.49278647556616129,13.134575366973877,0.62503508519648276,0.10018491535533834,10,5,11,24,0.29481598734855652,-242719.41567073425
2026-08-30T19:48:44Z,NVIDIA H200 NVL,full,dyadic_sign_fused,Sign-fused decoder,hot_uniform,forward,dot,67108864,512,256,32,fp64,shared,32,512,0.625,0.49278647556616129,13.134575366973877,0.62503508519648276,0.10018491535533834,10,5,12,24,0.29622399806976318,-242719.41567073425
2026-08-30T19:48:44Z,NVIDIA H200 NVL,full,dyadic_sign_fused,Sign-fused decoder,hot_uniform,forward,dot,67108864,512,256,32,fp64,shared,32,512,0.625,0.49278647556616129,13.134575366973877,0.62503508519648276,0.10018491535533834,10,5,13,24,0.29747200012207031,-242719.41567073425
2026-08-30T19:48:44Z,NVIDIA H200 NVL,full,dyadic_sign_fused,Sign-fused decoder,hot_uniform,forward,dot,67108864,512,256,32,fp64,shared,32,512,0.625,0.49278647556616129,13.134575366973877,0.62503508519648276,0.10018491535533834,10,5,14,24,0.2967039942741394,-242719.41567073425
2026-08-30T19:48:44Z,NVIDIA H200 NVL,full,dyadic_sign_fused,Sign-fused decoder,hot_uniform,forward,dot,67108864,512,256,32,fp64,shared,32,512,0.625,0.49278647556616129,13.134575366973877,0.62503508519648276,0.10018491535533834,10,5,15,24,0.29555198550224304,-242719.41567073425
2026-08-30T19:48:44Z,NVIDIA H200 NVL,full,dyadic_sign_fused,Sign-fused decoder,hot_uniform,forward,dot,67108864,512,256,32,fp64,shared,32,512,0.625,0.49278647556616129,13.134575366973877,0.62503508519648276,0.10018491535533834,10,5,16,24,0.29574400186538696,-242719.41567073425
2026-08-30T19:48:44Z,NVIDIA H200 NVL,full,dyadic_sign_fused,Sign-fused decoder,hot_uniform,forward,dot,67108864,512,256,32,fp64,shared,32,512,0.625,0.49278647556616129,13.134575366973877,0.62503508519648276,0.10018491535533834,10,5,17,24,0.29414400458335876,-242719.41567073425
2026-08-30T19:48:44Z,NVIDIA H200 NVL,full,dyadic_sign_fused,Sign-fused decoder,hot_uniform,forward,dot,67108864,512,256,32,fp64,shared,32,512,0.625,0.49278647556616129,13.134575366973877,0.62503508519648276,0.10018491535533834,10,5,18,24,0.29728001356124878,-242719.41567073425
2026-08-30T19:48:44Z,NVIDIA H200 NVL,full,dyadic_sign_fused,Sign-fused decoder,hot_uniform,forward,dot,67108864,512,256,32,fp64,shared,32,512,0.625,0.49278647556616129,13.134575366973877,0.62503508519648276,0.10018491535533834,10,5,19,24,0.29392001032829285,-242719.41567073425
2026-08-30T19:48:44Z,NVIDIA H200 NVL,full,dyadic_sign_fused,Sign-fused decoder,hot_uniform,forward,dot,67108864,512,256,32,fp64,shared,32,512,0.625,0.49278647556616129,13.134575366973877,0.62503508519648276,0.10018491535533834,10,5,20,24,0.29567998647689819,-242719.41567073425
2026-08-30T19:48:44Z,NVIDIA H200 NVL,full,dyadic_sign_fused,Sign-fused decoder,hot_uniform,forward,dot,67108864,512,256,32,fp64,shared,32,512,0.625,0.49278647556616129,13.134575366973877,0.62503508519648276,0.10018491535533834,10,5,21,24,0.29350399971008301,-242719.41567073425
2026-08-30T19:48:44Z,NVIDIA H200 NVL,full,dyadic_sign_fused,Sign-fused decoder,hot_uniform,forward,dot,67108864,512,256,32,fp64,shared,32,512,0.625,0.49278647556616129,13.134575366973877,0.62503508519648276,0.10018491535533834,10,5,22,24,0.2948479950428009,-242719.41567073425
2026-08-30T19:48:44Z,NVIDIA H200 NVL,full,dyadic_sign_fused,Sign-fused decoder,hot_uniform,forward,dot,67108864,512,256,32,fp64,shared,32,512,0.625,0.49278647556616129,13.134575366973877,0.62503508519648276,0.10018491535533834,10,5,23,24,0.29465600848197937,-242719.41567073425
2026-08-30T19:48:44Z,NVIDIA H200 NVL,full,dyadic_sign_fused,Sign-fused decoder,hot_uniform,forward,dot,67108864,512,256,32,fp64,shared,32,512,0.625,0.49278647556616129,13.134575366973877,0.62503508519648276,0.10018491535533834,10,5,24,24,0.29587200284004211,-242719.41567073425
2026-08-30T19:48:44Z,NVIDIA H200 NVL,full,dyadic_bitcast_shared,BitCast decoder with shared coefficients,hot_uniform,forward,dot,67108864,512,256,32,fp64,shared,32,512,0.625,0.49278647556616129,13.134575366973877,0.62503508519648276,0.10018491535533834,10,5,0,25,0.29497599601745605,-242719.41567073419
2026-08-30T19:48:44Z,NVIDIA H200 NVL,full,dyadic_bitcast_shared,BitCast decoder with shared coefficients,hot_uniform,forward,dot,67108864,512,256,32,fp64,shared,32,512,0.625,0.49278647556616129,13.134575366973877,0.62503508519648276,0.10018491535533834,10,5,1,25,0.29535999894142151,-242719.41567073419
2026-08-30T19:48:44Z,NVIDIA H200 NVL,full,dyadic_bitcast_shared,BitCast decoder with shared coefficients,hot_uniform,forward,dot,67108864,512,256,32,fp64,shared,32,512,0.625,0.49278647556616129,13.134575366973877,0.62503508519648276,0.10018491535533834,10,5,2,25,0.29737600684165955,-242719.41567073419
2026-08-30T19:48:44Z,NVIDIA H200 NVL,full,dyadic_bitcast_shared,BitCast decoder with shared coefficients,hot_uniform,forward,dot,67108864,512,256,32,fp64,shared,32,512,0.625,0.49278647556616129,13.134575366973877,0.62503508519648276,0.10018491535533834,10,5,3,25,0.29519999027252197,-242719.41567073419
2026-08-30T19:48:44Z,NVIDIA H200 NVL,full,dyadic_bitcast_shared,BitCast decoder with shared coefficients,hot_uniform,forward,dot,67108864,512,256,32,fp64,shared,32,512,0.625,0.49278647556616129,13.134575366973877,0.62503508519648276,0.10018491535533834,10,5,4,25,0.29731199145317078,-242719.41567073419
2026-08-30T19:48:44Z,NVIDIA H200 NVL,full,dyadic_bitcast_shared,BitCast decoder with shared coefficients,hot_uniform,forward,dot,67108864,512,256,32,fp64,shared,32,512,0.625,0.49278647556616129,13.134575366973877,0.62503508519648276,0.10018491535533834,10,5,5,25,0.29712000489234924,-242719.41567073419
2026-08-30T19:48:44Z,NVIDIA H200 NVL,full,dyadic_bitcast_shared,BitCast decoder with shared coefficients,hot_uniform,forward,dot,67108864,512,256,32,fp64,shared,32,512,0.625,0.49278647556616129,13.134575366973877,0.62503508519648276,0.10018491535533834,10,5,6,25,0.29628801345825195,-242719.41567073419
2026-08-30T19:48:44Z,NVIDIA H200 NVL,full,dyadic_bitcast_shared,BitCast decoder with shared coefficients,hot_uniform,forward,dot,67108864,512,256,32,fp64,shared,32,512,0.625,0.49278647556616129,13.134575366973877,0.62503508519648276,0.10018491535533834,10,5,7,25,0.29657599329948425,-242719.41567073419
2026-08-30T19:48:44Z,NVIDIA H200 NVL,full,dyadic_bitcast_shared,BitCast decoder with shared coefficients,hot_uniform,forward,dot,67108864,512,256,32,fp64,shared,32,512,0.625,0.49278647556616129,13.134575366973877,0.62503508519648276,0.10018491535533834,10,5,8,25,0.29843199253082275,-242719.41567073419
2026-08-30T19:48:44Z,NVIDIA H200 NVL,full,dyadic_bitcast_shared,BitCast decoder with shared coefficients,hot_uniform,forward,dot,67108864,512,256,32,fp64,shared,32,512,0.625,0.49278647556616129,13.134575366973877,0.62503508519648276,0.10018491535533834,10,5,9,25,0.2948479950428009,-242719.41567073419
2026-08-30T19:48:44Z,NVIDIA H200 NVL,full,dyadic_bitcast_shared,BitCast decoder with shared coefficients,hot_uniform,forward,dot,67108864,512,256,32,fp64,shared,32,512,0.625,0.49278647556616129,13.134575366973877,0.62503508519648276,0.10018491535533834,10,5,10,25,0.29782399535179138,-242719.41567073419
2026-08-30T19:48:44Z,NVIDIA H200 NVL,full,dyadic_bitcast_shared,BitCast decoder with shared coefficients,hot_uniform,forward,dot,67108864,512,256,32,fp64,shared,32,512,0.625,0.49278647556616129,13.134575366973877,0.62503508519648276,0.10018491535533834,10,5,11,25,0.29548799991607666,-242719.41567073419
2026-08-30T19:48:44Z,NVIDIA H200 NVL,full,dyadic_bitcast_shared,BitCast decoder with shared coefficients,hot_uniform,forward,dot,67108864,512,256,32,fp64,shared,32,512,0.625,0.49278647556616129,13.134575366973877,0.62503508519648276,0.10018491535533834,10,5,12,25,0.29753598570823669,-242719.41567073419
2026-08-30T19:48:44Z,NVIDIA H200 NVL,full,dyadic_bitcast_shared,BitCast decoder with shared coefficients,hot_uniform,forward,dot,67108864,512,256,32,fp64,shared,32,512,0.625,0.49278647556616129,13.134575366973877,0.62503508519648276,0.10018491535533834,10,5,13,25,0.29782399535179138,-242719.41567073419
2026-08-30T19:48:44Z,NVIDIA H200 NVL,full,dyadic_bitcast_shared,BitCast decoder with shared coefficients,hot_uniform,forward,dot,67108864,512,256,32,fp64,shared,32,512,0.625,0.49278647556616129,13.134575366973877,0.62503508519648276,0.10018491535533834,10,5,14,25,0.2980160117149353,-242719.41567073419
2026-08-30T19:48:44Z,NVIDIA H200 NVL,full,dyadic_bitcast_shared,BitCast decoder with shared coefficients,hot_uniform,forward,dot,67108864,512,256,32,fp64,shared,32,512,0.625,0.49278647556616129,13.134575366973877,0.62503508519648276,0.10018491535533834,10,5,15,25,0.29686400294303894,-242719.41567073419
2026-08-30T19:48:44Z,NVIDIA H200 NVL,full,dyadic_bitcast_shared,BitCast decoder with shared coefficients,hot_uniform,forward,dot,67108864,512,256,32,fp64,shared,32,512,0.625,0.49278647556616129,13.134575366973877,0.62503508519648276,0.10018491535533834,10,5,16,25,0.29638400673866272,-242719.41567073419
2026-08-30T19:48:44Z,NVIDIA H200 NVL,full,dyadic_bitcast_shared,BitCast decoder with shared coefficients,hot_uniform,forward,dot,67108864,512,256,32,fp64,shared,32,512,0.625,0.49278647556616129,13.134575366973877,0.62503508519648276,0.10018491535533834,10,5,17,25,0.29683199524879456,-242719.41567073419
2026-08-30T19:48:44Z,NVIDIA H200 NVL,full,dyadic_bitcast_shared,BitCast decoder with shared coefficients,hot_uniform,forward,dot,67108864,512,256,32,fp64,shared,32,512,0.625,0.49278647556616129,13.134575366973877,0.62503508519648276,0.10018491535533834,10,5,18,25,0.29747200012207031,-242719.41567073419
2026-08-30T19:48:44Z,NVIDIA H200 NVL,full,dyadic_bitcast_shared,BitCast decoder with shared coefficients,hot_uniform,forward,dot,67108864,512,256,32,fp64,shared,32,512,0.625,0.49278647556616129,13.134575366973877,0.62503508519648276,0.10018491535533834,10,5,19,25,0.297791987657547,-242719.41567073419
2026-08-30T19:48:44Z,NVIDIA H200 NVL,full,dyadic_bitcast_shared,BitCast decoder with shared coefficients,hot_uniform,forward,dot,67108864,512,256,32,fp64,shared,32,512,0.625,0.49278647556616129,13.134575366973877,0.62503508519648276,0.10018491535533834,10,5,20,25,0.2980479896068573,-242719.41567073419
2026-08-30T19:48:44Z,NVIDIA H200 NVL,full,dyadic_bitcast_shared,BitCast decoder with shared coefficients,hot_uniform,forward,dot,67108864,512,256,32,fp64,shared,32,512,0.625,0.49278647556616129,13.134575366973877,0.62503508519648276,0.10018491535533834,10,5,21,25,0.29548799991607666,-242719.41567073419
2026-08-30T19:48:44Z,NVIDIA H200 NVL,full,dyadic_bitcast_shared,BitCast decoder with shared coefficients,hot_uniform,forward,dot,67108864,512,256,32,fp64,shared,32,512,0.625,0.49278647556616129,13.134575366973877,0.62503508519648276,0.10018491535533834,10,5,22,25,0.2964479923248291,-242719.41567073419
2026-08-30T19:48:44Z,NVIDIA H200 NVL,full,dyadic_bitcast_shared,BitCast decoder with shared coefficients,hot_uniform,forward,dot,67108864,512,256,32,fp64,shared,32,512,0.625,0.49278647556616129,13.134575366973877,0.62503508519648276,0.10018491535533834,10,5,23,25,0.29638400673866272,-242719.41567073419
2026-08-30T19:48:44Z,NVIDIA H200 NVL,full,dyadic_bitcast_shared,BitCast decoder with shared coefficients,hot_uniform,forward,dot,67108864,512,256,32,fp64,shared,32,512,0.625,0.49278647556616129,13.134575366973877,0.62503508519648276,0.10018491535533834,10,5,24,25,0.29715201258659363,-242719.41567073419
2026-08-30T19:48:44Z,NVIDIA H200 NVL,full,dyadic_bitcast_constant,BitCast decoder with constant coefficients,hot_uniform,forward,dot,67108864,512,256,32,fp64,constant,32,512,0.625,0.49278647556616129,13.134575366973877,0.62503508519648276,0.10018491535533834,10,5,0,26,1.0255999565124512,-242719.41567073419
2026-08-30T19:48:44Z,NVIDIA H200 NVL,full,dyadic_bitcast_constant,BitCast decoder with constant coefficients,hot_uniform,forward,dot,67108864,512,256,32,fp64,constant,32,512,0.625,0.49278647556616129,13.134575366973877,0.62503508519648276,0.10018491535533834,10,5,1,26,1.024832010269165,-242719.41567073419
2026-08-30T19:48:44Z,NVIDIA H200 NVL,full,dyadic_bitcast_constant,BitCast decoder with constant coefficients,hot_uniform,forward,dot,67108864,512,256,32,fp64,constant,32,512,0.625,0.49278647556616129,13.134575366973877,0.62503508519648276,0.10018491535533834,10,5,2,26,1.0255039930343628,-242719.41567073419
2026-08-30T19:48:44Z,NVIDIA H200 NVL,full,dyadic_bitcast_constant,BitCast decoder with constant coefficients,hot_uniform,forward,dot,67108864,512,256,32,fp64,constant,32,512,0.625,0.49278647556616129,13.134575366973877,0.62503508519648276,0.10018491535533834,10,5,3,26,1.0267839431762695,-242719.41567073419
2026-08-30T19:48:44Z,NVIDIA H200 NVL,full,dyadic_bitcast_constant,BitCast decoder with constant coefficients,hot_uniform,forward,dot,67108864,512,256,32,fp64,constant,32,512,0.625,0.49278647556616129,13.134575366973877,0.62503508519648276,0.10018491535533834,10,5,4,26,1.0247999429702759,-242719.41567073419
2026-08-30T19:48:44Z,NVIDIA H200 NVL,full,dyadic_bitcast_constant,BitCast decoder with constant coefficients,hot_uniform,forward,dot,67108864,512,256,32,fp64,constant,32,512,0.625,0.49278647556616129,13.134575366973877,0.62503508519648276,0.10018491535533834,10,5,5,26,1.0248960256576538,-242719.41567073419
2026-08-30T19:48:44Z,NVIDIA H200 NVL,full,dyadic_bitcast_constant,BitCast decoder with constant coefficients,hot_uniform,forward,dot,67108864,512,256,32,fp64,constant,32,512,0.625,0.49278647556616129,13.134575366973877,0.62503508519648276,0.10018491535533834,10,5,6,26,1.0255680084228516,-242719.41567073419
2026-08-30T19:48:44Z,NVIDIA H200 NVL,full,dyadic_bitcast_constant,BitCast decoder with constant coefficients,hot_uniform,forward,dot,67108864,512,256,32,fp64,constant,32,512,0.625,0.49278647556616129,13.134575366973877,0.62503508519648276,0.10018491535533834,10,5,7,26,1.0234240293502808,-242719.41567073419
2026-08-30T19:48:44Z,NVIDIA H200 NVL,full,dyadic_bitcast_constant,BitCast decoder with constant coefficients,hot_uniform,forward,dot,67108864,512,256,32,fp64,constant,32,512,0.625,0.49278647556616129,13.134575366973877,0.62503508519648276,0.10018491535533834,10,5,8,26,1.0259519815444946,-242719.41567073419
2026-08-30T19:48:45Z,NVIDIA H200 NVL,full,dyadic_bitcast_constant,BitCast decoder with constant coefficients,hot_uniform,forward,dot,67108864,512,256,32,fp64,constant,32,512,0.625,0.49278647556616129,13.134575366973877,0.62503508519648276,0.10018491535533834,10,5,9,26,1.0238720178604126,-242719.41567073419
2026-08-30T19:48:45Z,NVIDIA H200 NVL,full,dyadic_bitcast_constant,BitCast decoder with constant coefficients,hot_uniform,forward,dot,67108864,512,256,32,fp64,constant,32,512,0.625,0.49278647556616129,13.134575366973877,0.62503508519648276,0.10018491535533834,10,5,10,26,1.0251519680023193,-242719.41567073419
2026-08-30T19:48:45Z,NVIDIA H200 NVL,full,dyadic_bitcast_constant,BitCast decoder with constant coefficients,hot_uniform,forward,dot,67108864,512,256,32,fp64,constant,32,512,0.625,0.49278647556616129,13.134575366973877,0.62503508519648276,0.10018491535533834,10,5,11,26,1.0229120254516602,-242719.41567073419
2026-08-30T19:48:45Z,NVIDIA H200 NVL,full,dyadic_bitcast_constant,BitCast decoder with constant coefficients,hot_uniform,forward,dot,67108864,512,256,32,fp64,constant,32,512,0.625,0.49278647556616129,13.134575366973877,0.62503508519648276,0.10018491535533834,10,5,12,26,1.0257920026779175,-242719.41567073419
2026-08-30T19:48:45Z,NVIDIA H200 NVL,full,dyadic_bitcast_constant,BitCast decoder with constant coefficients,hot_uniform,forward,dot,67108864,512,256,32,fp64,constant,32,512,0.625,0.49278647556616129,13.134575366973877,0.62503508519648276,0.10018491535533834,10,5,13,26,1.0255999565124512,-242719.41567073419
2026-08-30T19:48:45Z,NVIDIA H200 NVL,full,dyadic_bitcast_constant,BitCast decoder with constant coefficients,hot_uniform,forward,dot,67108864,512,256,32,fp64,constant,32,512,0.625,0.49278647556616129,13.134575366973877,0.62503508519648276,0.10018491535533834,10,5,14,26,1.0262399911880493,-242719.41567073419
2026-08-30T19:48:45Z,NVIDIA H200 NVL,full,dyadic_bitcast_constant,BitCast decoder with constant coefficients,hot_uniform,forward,dot,67108864,512,256,32,fp64,constant,32,512,0.625,0.49278647556616129,13.134575366973877,0.62503508519648276,0.10018491535533834,10,5,15,26,1.0247039794921875,-242719.41567073419
2026-08-30T19:48:45Z,NVIDIA H200 NVL,full,dyadic_bitcast_constant,BitCast decoder with constant coefficients,hot_uniform,forward,dot,67108864,512,256,32,fp64,constant,32,512,0.625,0.49278647556616129,13.134575366973877,0.62503508519648276,0.10018491535533834,10,5,16,26,1.0251840353012085,-242719.41567073419
2026-08-30T19:48:45Z,NVIDIA H200 NVL,full,dyadic_bitcast_constant,BitCast decoder with constant coefficients,hot_uniform,forward,dot,67108864,512,256,32,fp64,constant,32,512,0.625,0.49278647556616129,13.134575366973877,0.62503508519648276,0.10018491535533834,10,5,17,26,1.0252480506896973,-242719.41567073419
2026-08-30T19:48:45Z,NVIDIA H200 NVL,full,dyadic_bitcast_constant,BitCast decoder with constant coefficients,hot_uniform,forward,dot,67108864,512,256,32,fp64,constant,32,512,0.625,0.49278647556616129,13.134575366973877,0.62503508519648276,0.10018491535533834,10,5,18,26,1.0254720449447632,-242719.41567073419
2026-08-30T19:48:45Z,NVIDIA H200 NVL,full,dyadic_bitcast_constant,BitCast decoder with constant coefficients,hot_uniform,forward,dot,67108864,512,256,32,fp64,constant,32,512,0.625,0.49278647556616129,13.134575366973877,0.62503508519648276,0.10018491535533834,10,5,19,26,1.024832010269165,-242719.41567073419
2026-08-30T19:48:45Z,NVIDIA H200 NVL,full,dyadic_bitcast_constant,BitCast decoder with constant coefficients,hot_uniform,forward,dot,67108864,512,256,32,fp64,constant,32,512,0.625,0.49278647556616129,13.134575366973877,0.62503508519648276,0.10018491535533834,10,5,20,26,1.0248639583587646,-242719.41567073419
2026-08-30T19:48:45Z,NVIDIA H200 NVL,full,dyadic_bitcast_constant,BitCast decoder with constant coefficients,hot_uniform,forward,dot,67108864,512,256,32,fp64,constant,32,512,0.625,0.49278647556616129,13.134575366973877,0.62503508519648276,0.10018491535533834,10,5,21,26,1.0247679948806763,-242719.41567073419
2026-08-30T19:48:45Z,NVIDIA H200 NVL,full,dyadic_bitcast_constant,BitCast decoder with constant coefficients,hot_uniform,forward,dot,67108864,512,256,32,fp64,constant,32,512,0.625,0.49278647556616129,13.134575366973877,0.62503508519648276,0.10018491535533834,10,5,22,26,1.0247039794921875,-242719.41567073419
2026-08-30T19:48:45Z,NVIDIA H200 NVL,full,dyadic_bitcast_constant,BitCast decoder with constant coefficients,hot_uniform,forward,dot,67108864,512,256,32,fp64,constant,32,512,0.625,0.49278647556616129,13.134575366973877,0.62503508519648276,0.10018491535533834,10,5,23,26,1.0251200199127197,-242719.41567073419
2026-08-30T19:48:45Z,NVIDIA H200 NVL,full,dyadic_bitcast_constant,BitCast decoder with constant coefficients,hot_uniform,forward,dot,67108864,512,256,32,fp64,constant,32,512,0.625,0.49278647556616129,13.134575366973877,0.62503508519648276,0.10018491535533834,10,5,24,26,1.0263359546661377,-242719.41567073419
2026-08-30T19:48:45Z,NVIDIA H200 NVL,full,dyadic_normal32,Current DyadicNormal32,hot_uniform,forward,dot,67108864,512,256,32,fp64,shared,32,512,0.75,0.62806537638084414,15.562082529067993,0.75007259990046438,0.10018491535533834,10,5,0,27,0.29971200227737427,-114286.99910117895
2026-08-30T19:48:45Z,NVIDIA H200 NVL,full,dyadic_normal32,Current DyadicNormal32,hot_uniform,forward,dot,67108864,512,256,32,fp64,shared,32,512,0.75,0.62806537638084414,15.562082529067993,0.75007259990046438,0.10018491535533834,10,5,1,27,0.29760000109672546,-114286.99910117895
2026-08-30T19:48:45Z,NVIDIA H200 NVL,full,dyadic_normal32,Current DyadicNormal32,hot_uniform,forward,dot,67108864,512,256,32,fp64,shared,32,512,0.75,0.62806537638084414,15.562082529067993,0.75007259990046438,0.10018491535533834,10,5,2,27,0.29977598786354065,-114286.99910117895
2026-08-30T19:48:45Z,NVIDIA H200 NVL,full,dyadic_normal32,Current DyadicNormal32,hot_uniform,forward,dot,67108864,512,256,32,fp64,shared,32,512,0.75,0.62806537638084414,15.562082529067993,0.75007259990046438,0.10018491535533834,10,5,3,27,0.29766398668289185,-114286.99910117895
2026-08-30T19:48:45Z,NVIDIA H200 NVL,full,dyadic_normal32,Current DyadicNormal32,hot_uniform,forward,dot,67108864,512,256,32,fp64,shared,32,512,0.75,0.62806537638084414,15.562082529067993,0.75007259990046438,0.10018491535533834,10,5,4,27,0.30070400238037109,-114286.99910117895
2026-08-30T19:48:45Z,NVIDIA H200 NVL,full,dyadic_normal32,Current DyadicNormal32,hot_uniform,forward,dot,67108864,512,256,32,fp64,shared,32,512,0.75,0.62806537638084414,15.562082529067993,0.75007259990046438,0.10018491535533834,10,5,5,27,0.29811200499534607,-114286.99910117895
2026-08-30T19:48:45Z,NVIDIA H200 NVL,full,dyadic_normal32,Current DyadicNormal32,hot_uniform,forward,dot,67108864,512,256,32,fp64,shared,32,512,0.75,0.62806537638084414,15.562082529067993,0.75007259990046438,0.10018491535533834,10,5,6,27,0.29811200499534607,-114286.99910117895
2026-08-30T19:48:45Z,NVIDIA H200 NVL,full,dyadic_normal32,Current DyadicNormal32,hot_uniform,forward,dot,67108864,512,256,32,fp64,shared,32,512,0.75,0.62806537638084414,15.562082529067993,0.75007259990046438,0.10018491535533834,10,5,7,27,0.29929599165916443,-114286.99910117895
2026-08-30T19:48:45Z,NVIDIA H200 NVL,full,dyadic_normal32,Current DyadicNormal32,hot_uniform,forward,dot,67108864,512,256,32,fp64,shared,32,512,0.75,0.62806537638084414,15.562082529067993,0.75007259990046438,0.10018491535533834,10,5,8,27,0.29855999350547791,-114286.99910117895
2026-08-30T19:48:45Z,NVIDIA H200 NVL,full,dyadic_normal32,Current DyadicNormal32,hot_uniform,forward,dot,67108864,512,256,32,fp64,shared,32,512,0.75,0.62806537638084414,15.562082529067993,0.75007259990046438,0.10018491535533834,10,5,9,27,0.29814401268959045,-114286.99910117895
2026-08-30T19:48:45Z,NVIDIA H200 NVL,full,dyadic_normal32,Current DyadicNormal32,hot_uniform,forward,dot,67108864,512,256,32,fp64,shared,32,512,0.75,0.62806537638084414,15.562082529067993,0.75007259990046438,0.10018491535533834,10,5,10,27,0.2983039915561676,-114286.99910117895
2026-08-30T19:48:45Z,NVIDIA H200 NVL,full,dyadic_normal32,Current DyadicNormal32,hot_uniform,forward,dot,67108864,512,256,32,fp64,shared,32,512,0.75,0.62806537638084414,15.562082529067993,0.75007259990046438,0.10018491535533834,10,5,11,27,0.29884800314903259,-114286.99910117895
2026-08-30T19:48:45Z,NVIDIA H200 NVL,full,dyadic_normal32,Current DyadicNormal32,hot_uniform,forward,dot,67108864,512,256,32,fp64,shared,32,512,0.75,0.62806537638084414,15.562082529067993,0.75007259990046438,0.10018491535533834,10,5,12,27,0.29840001463890076,-114286.99910117895
2026-08-30T19:48:45Z,NVIDIA H200 NVL,full,dyadic_normal32,Current DyadicNormal32,hot_uniform,forward,dot,67108864,512,256,32,fp64,shared,32,512,0.75,0.62806537638084414,15.562082529067993,0.75007259990046438,0.10018491535533834,10,5,13,27,0.29807999730110168,-114286.99910117895
2026-08-30T19:48:45Z,NVIDIA H200 NVL,full,dyadic_normal32,Current DyadicNormal32,hot_uniform,forward,dot,67108864,512,256,32,fp64,shared,32,512,0.75,0.62806537638084414,15.562082529067993,0.75007259990046438,0.10018491535533834,10,5,14,27,0.29903998970985413,-114286.99910117895
2026-08-30T19:48:45Z,NVIDIA H200 NVL,full,dyadic_normal32,Current DyadicNormal32,hot_uniform,forward,dot,67108864,512,256,32,fp64,shared,32,512,0.75,0.62806537638084414,15.562082529067993,0.75007259990046438,0.10018491535533834,10,5,15,27,0.30092799663543701,-114286.99910117895
2026-08-30T19:48:45Z,NVIDIA H200 NVL,full,dyadic_normal32,Current DyadicNormal32,hot_uniform,forward,dot,67108864,512,256,32,fp64,shared,32,512,0.75,0.62806537638084414,15.562082529067993,0.75007259990046438,0.10018491535533834,10,5,16,27,0.29945600032806396,-114286.99910117895
2026-08-30T19:48:45Z,NVIDIA H200 NVL,full,dyadic_normal32,Current DyadicNormal32,hot_uniform,forward,dot,67108864,512,256,32,fp64,shared,32,512,0.75,0.62806537638084414,15.562082529067993,0.75007259990046438,0.10018491535533834,10,5,17,27,0.29884800314903259,-114286.99910117895
2026-08-30T19:48:45Z,NVIDIA H200 NVL,full,dyadic_normal32,Current DyadicNormal32,hot_uniform,forward,dot,67108864,512,256,32,fp64,shared,32,512,0.75,0.62806537638084414,15.562082529067993,0.75007259990046438,0.10018491535533834,10,5,18,27,0.29881599545478821,-114286.99910117895
2026-08-30T19:48:45Z,NVIDIA H200 NVL,full,dyadic_normal32,Current DyadicNormal32,hot_uniform,forward,dot,67108864,512,256,32,fp64,shared,32,512,0.75,0.62806537638084414,15.562082529067993,0.75007259990046438,0.10018491535533834,10,5,19,27,0.29888001084327698,-114286.99910117895
2026-08-30T19:48:45Z,NVIDIA H200 NVL,full,dyadic_normal32,Current DyadicNormal32,hot_uniform,forward,dot,67108864,512,256,32,fp64,shared,32,512,0.75,0.62806537638084414,15.562082529067993,0.75007259990046438,0.10018491535533834,10,5,20,27,0.29872000217437744,-114286.99910117895
2026-08-30T19:48:45Z,NVIDIA H200 NVL,full,dyadic_normal32,Current DyadicNormal32,hot_uniform,forward,dot,67108864,512,256,32,fp64,shared,32,512,0.75,0.62806537638084414,15.562082529067993,0.75007259990046438,0.10018491535533834,10,5,21,27,0.2996160089969635,-114286.99910117895
2026-08-30T19:48:45Z,NVIDIA H200 NVL,full,dyadic_normal32,Current DyadicNormal32,hot_uniform,forward,dot,67108864,512,256,32,fp64,shared,32,512,0.75,0.62806537638084414,15.562082529067993,0.75007259990046438,0.10018491535533834,10,5,22,27,0.29881599545478821,-114286.99910117895
2026-08-30T19:48:45Z,NVIDIA H200 NVL,full,dyadic_normal32,Current DyadicNormal32,hot_uniform,forward,dot,67108864,512,256,32,fp64,shared,32,512,0.75,0.62806537638084414,15.562082529067993,0.75007259990046438,0.10018491535533834,10,5,23,27,0.29817599058151245,-114286.99910117895
2026-08-30T19:48:45Z,NVIDIA H200 NVL,full,dyadic_normal32,Current DyadicNormal32,hot_uniform,forward,dot,67108864,512,256,32,fp64,shared,32,512,0.75,0.62806537638084414,15.562082529067993,0.75007259990046438,0.10018491535533834,10,5,24,27,0.29859200119972229,-114286.99910117895
2026-08-30T19:48:45Z,NVIDIA H200 NVL,full,dyadic_sign_fused,Sign-fused decoder,hot_uniform,forward,dot,67108864,512,256,32,fp64,shared,32,512,0.75,0.62806537638084414,15.562082529067993,0.75007259990046438,0.10018491535533834,10,5,0,28,0.29715201258659363,-114286.99910117895
2026-08-30T19:48:45Z,NVIDIA H200 NVL,full,dyadic_sign_fused,Sign-fused decoder,hot_uniform,forward,dot,67108864,512,256,32,fp64,shared,32,512,0.75,0.62806537638084414,15.562082529067993,0.75007259990046438,0.10018491535533834,10,5,1,28,0.29673600196838379,-114286.99910117895
2026-08-30T19:48:45Z,NVIDIA H200 NVL,full,dyadic_sign_fused,Sign-fused decoder,hot_uniform,forward,dot,67108864,512,256,32,fp64,shared,32,512,0.75,0.62806537638084414,15.562082529067993,0.75007259990046438,0.10018491535533834,10,5,2,28,0.29855999350547791,-114286.99910117895
2026-08-30T19:48:45Z,NVIDIA H200 NVL,full,dyadic_sign_fused,Sign-fused decoder,hot_uniform,forward,dot,67108864,512,256,32,fp64,shared,32,512,0.75,0.62806537638084414,15.562082529067993,0.75007259990046438,0.10018491535533834,10,5,3,28,0.29606398940086365,-114286.99910117895
2026-08-30T19:48:45Z,NVIDIA H200 NVL,full,dyadic_sign_fused,Sign-fused decoder,hot_uniform,forward,dot,67108864,512,256,32,fp64,shared,32,512,0.75,0.62806537638084414,15.562082529067993,0.75007259990046438,0.10018491535533834,10,5,4,28,0.29827201366424561,-114286.99910117895
2026-08-30T19:48:45Z,NVIDIA H200 NVL,full,dyadic_sign_fused,Sign-fused decoder,hot_uniform,forward,dot,67108864,512,256,32,fp64,shared,32,512,0.75,0.62806537638084414,15.562082529067993,0.75007259990046438,0.10018491535533834,10,5,5,28,0.29811200499534607,-114286.99910117895
2026-08-30T19:48:45Z,NVIDIA H200 NVL,full,dyadic_sign_fused,Sign-fused decoder,hot_uniform,forward,dot,67108864,512,256,32,fp64,shared,32,512,0.75,0.62806537638084414,15.562082529067993,0.75007259990046438,0.10018491535533834,10,5,6,28,0.29955199360847473,-114286.99910117895
2026-08-30T19:48:45Z,NVIDIA H200 NVL,full,dyadic_sign_fused,Sign-fused decoder,hot_uniform,forward,dot,67108864,512,256,32,fp64,shared,32,512,0.75,0.62806537638084414,15.562082529067993,0.75007259990046438,0.10018491535533834,10,5,7,28,0.29782399535179138,-114286.99910117895
2026-08-30T19:48:45Z,NVIDIA H200 NVL,full,dyadic_sign_fused,Sign-fused decoder,hot_uniform,forward,dot,67108864,512,256,32,fp64,shared,32,512,0.75,0.62806537638084414,15.562082529067993,0.75007259990046438,0.10018491535533834,10,5,8,28,0.29689601063728333,-114286.99910117895
2026-08-30T19:48:45Z,NVIDIA H200 NVL,full,dyadic_sign_fused,Sign-fused decoder,hot_uniform,forward,dot,67108864,512,256,32,fp64,shared,32,512,0.75,0.62806537638084414,15.562082529067993,0.75007259990046438,0.10018491535533834,10,5,9,28,0.29561600089073181,-114286.99910117895
2026-08-30T19:48:45Z,NVIDIA H200 NVL,full,dyadic_sign_fused,Sign-fused decoder,hot_uniform,forward,dot,67108864,512,256,32,fp64,shared,32,512,0.75,0.62806537638084414,15.562082529067993,0.75007259990046438,0.10018491535533834,10,5,10,28,0.29782399535179138,-114286.99910117895
2026-08-30T19:48:45Z,NVIDIA H200 NVL,full,dyadic_sign_fused,Sign-fused decoder,hot_uniform,forward,dot,67108864,512,256,32,fp64,shared,32,512,0.75,0.62806537638084414,15.562082529067993,0.75007259990046438,0.10018491535533834,10,5,11,28,0.29667198657989502,-114286.99910117895
2026-08-30T19:48:45Z,NVIDIA H200 NVL,full,dyadic_sign_fused,Sign-fused decoder,hot_uniform,forward,dot,67108864,512,256,32,fp64,shared,32,512,0.75,0.62806537638084414,15.562082529067993,0.75007259990046438,0.10018491535533834,10,5,12,28,0.29708799719810486,-114286.99910117895
2026-08-30T19:48:45Z,NVIDIA H200 NVL,full,dyadic_sign_fused,Sign-fused decoder,hot_uniform,forward,dot,67108864,512,256,32,fp64,shared,32,512,0.75,0.62806537638084414,15.562082529067993,0.75007259990046438,0.10018491535533834,10,5,13,28,0.2959040105342865,-114286.99910117895
2026-08-30T19:48:45Z,NVIDIA H200 NVL,full,dyadic_sign_fused,Sign-fused decoder,hot_uniform,forward,dot,67108864,512,256,32,fp64,shared,32,512,0.75,0.62806537638084414,15.562082529067993,0.75007259990046438,0.10018491535533834,10,5,14,28,0.29673600196838379,-114286.99910117895
2026-08-30T19:48:45Z,NVIDIA H200 NVL,full,dyadic_sign_fused,Sign-fused decoder,hot_uniform,forward,dot,67108864,512,256,32,fp64,shared,32,512,0.75,0.62806537638084414,15.562082529067993,0.75007259990046438,0.10018491535533834,10,5,15,28,0.29577600955963135,-114286.99910117895
2026-08-30T19:48:45Z,NVIDIA H200 NVL,full,dyadic_sign_fused,Sign-fused decoder,hot_uniform,forward,dot,67108864,512,256,32,fp64,shared,32,512,0.75,0.62806537638084414,15.562082529067993,0.75007259990046438,0.10018491535533834,10,5,16,28,0.29878398776054382,-114286.99910117895
2026-08-30T19:48:45Z,NVIDIA H200 NVL,full,dyadic_sign_fused,Sign-fused decoder,hot_uniform,forward,dot,67108864,512,256,32,fp64,shared,32,512,0.75,0.62806537638084414,15.562082529067993,0.75007259990046438,0.10018491535533834,10,5,17,28,0.29676800966262817,-114286.99910117895
2026-08-30T19:48:45Z,NVIDIA H200 NVL,full,dyadic_sign_fused,Sign-fused decoder,hot_uniform,forward,dot,67108864,512,256,32,fp64,shared,32,512,0.75,0.62806537638084414,15.562082529067993,0.75007259990046438,0.10018491535533834,10,5,18,28,0.29728001356124878,-114286.99910117895
2026-08-30T19:48:45Z,NVIDIA H200 NVL,full,dyadic_sign_fused,Sign-fused decoder,hot_uniform,forward,dot,67108864,512,256,32,fp64,shared,32,512,0.75,0.62806537638084414,15.562082529067993,0.75007259990046438,0.10018491535533834,10,5,19,28,0.29699200391769409,-114286.99910117895
2026-08-30T19:48:45Z,NVIDIA H200 NVL,full,dyadic_sign_fused,Sign-fused decoder,hot_uniform,forward,dot,67108864,512,256,32,fp64,shared,32,512,0.75,0.62806537638084414,15.562082529067993,0.75007259990046438,0.10018491535533834,10,5,20,28,0.29782399535179138,-114286.99910117895
2026-08-30T19:48:45Z,NVIDIA H200 NVL,full,dyadic_sign_fused,Sign-fused decoder,hot_uniform,forward,dot,67108864,512,256,32,fp64,shared,32,512,0.75,0.62806537638084414,15.562082529067993,0.75007259990046438,0.10018491535533834,10,5,21,28,0.29753598570823669,-114286.99910117895
2026-08-30T19:48:45Z,NVIDIA H200 NVL,full,dyadic_sign_fused,Sign-fused decoder,hot_uniform,forward,dot,67108864,512,256,32,fp64,shared,32,512,0.75,0.62806537638084414,15.562082529067993,0.75007259990046438,0.10018491535533834,10,5,22,28,0.297791987657547,-114286.99910117895
2026-08-30T19:48:45Z,NVIDIA H200 NVL,full,dyadic_sign_fused,Sign-fused decoder,hot_uniform,forward,dot,67108864,512,256,32,fp64,shared,32,512,0.75,0.62806537638084414,15.562082529067993,0.75007259990046438,0.10018491535533834,10,5,23,28,0.2964479923248291,-114286.99910117895
2026-08-30T19:48:45Z,NVIDIA H200 NVL,full,dyadic_sign_fused,Sign-fused decoder,hot_uniform,forward,dot,67108864,512,256,32,fp64,shared,32,512,0.75,0.62806537638084414,15.562082529067993,0.75007259990046438,0.10018491535533834,10,5,24,28,0.29715201258659363,-114286.99910117895
2026-08-30T19:48:45Z,NVIDIA H200 NVL,full,dyadic_bitcast_shared,BitCast decoder with shared coefficients,hot_uniform,forward,dot,67108864,512,256,32,fp64,shared,32,512,0.75,0.62806537638084414,15.562082529067993,0.75007259990046438,0.10018491535533834,10,5,0,29,0.29923200607299805,-114286.99910117895
2026-08-30T19:48:45Z,NVIDIA H200 NVL,full,dyadic_bitcast_shared,BitCast decoder with shared coefficients,hot_uniform,forward,dot,67108864,512,256,32,fp64,shared,32,512,0.75,0.62806537638084414,15.562082529067993,0.75007259990046438,0.10018491535533834,10,5,1,29,0.29859200119972229,-114286.99910117895
2026-08-30T19:48:45Z,NVIDIA H200 NVL,full,dyadic_bitcast_shared,BitCast decoder with shared coefficients,hot_uniform,forward,dot,67108864,512,256,32,fp64,shared,32,512,0.75,0.62806537638084414,15.562082529067993,0.75007259990046438,0.10018491535533834,10,5,2,29,0.29753598570823669,-114286.99910117895
2026-08-30T19:48:45Z,NVIDIA H200 NVL,full,dyadic_bitcast_shared,BitCast decoder with shared coefficients,hot_uniform,forward,dot,67108864,512,256,32,fp64,shared,32,512,0.75,0.62806537638084414,15.562082529067993,0.75007259990046438,0.10018491535533834,10,5,3,29,0.297791987657547,-114286.99910117895
2026-08-30T19:48:45Z,NVIDIA H200 NVL,full,dyadic_bitcast_shared,BitCast decoder with shared coefficients,hot_uniform,forward,dot,67108864,512,256,32,fp64,shared,32,512,0.75,0.62806537638084414,15.562082529067993,0.75007259990046438,0.10018491535533834,10,5,4,29,0.29884800314903259,-114286.99910117895
2026-08-30T19:48:45Z,NVIDIA H200 NVL,full,dyadic_bitcast_shared,BitCast decoder with shared coefficients,hot_uniform,forward,dot,67108864,512,256,32,fp64,shared,32,512,0.75,0.62806537638084414,15.562082529067993,0.75007259990046438,0.10018491535533834,10,5,5,29,0.29769599437713623,-114286.99910117895
2026-08-30T19:48:45Z,NVIDIA H200 NVL,full,dyadic_bitcast_shared,BitCast decoder with shared coefficients,hot_uniform,forward,dot,67108864,512,256,32,fp64,shared,32,512,0.75,0.62806537638084414,15.562082529067993,0.75007259990046438,0.10018491535533834,10,5,6,29,0.29875200986862183,-114286.99910117895
2026-08-30T19:48:45Z,NVIDIA H200 NVL,full,dyadic_bitcast_shared,BitCast decoder with shared coefficients,hot_uniform,forward,dot,67108864,512,256,32,fp64,shared,32,512,0.75,0.62806537638084414,15.562082529067993,0.75007259990046438,0.10018491535533834,10,5,7,29,0.29766398668289185,-114286.99910117895
2026-08-30T19:48:45Z,NVIDIA H200 NVL,full,dyadic_bitcast_shared,BitCast decoder with shared coefficients,hot_uniform,forward,dot,67108864,512,256,32,fp64,shared,32,512,0.75,0.62806537638084414,15.562082529067993,0.75007259990046438,0.10018491535533834,10,5,8,29,0.30038401484489441,-114286.99910117895
2026-08-30T19:48:45Z,NVIDIA H200 NVL,full,dyadic_bitcast_shared,BitCast decoder with shared coefficients,hot_uniform,forward,dot,67108864,512,256,32,fp64,shared,32,512,0.75,0.62806537638084414,15.562082529067993,0.75007259990046438,0.10018491535533834,10,5,9,29,0.29843199253082275,-114286.99910117895
2026-08-30T19:48:45Z,NVIDIA H200 NVL,full,dyadic_bitcast_shared,BitCast decoder with shared coefficients,hot_uniform,forward,dot,67108864,512,256,32,fp64,shared,32,512,0.75,0.62806537638084414,15.562082529067993,0.75007259990046438,0.10018491535533834,10,5,10,29,0.29782399535179138,-114286.99910117895
2026-08-30T19:48:45Z,NVIDIA H200 NVL,full,dyadic_bitcast_shared,BitCast decoder with shared coefficients,hot_uniform,forward,dot,67108864,512,256,32,fp64,shared,32,512,0.75,0.62806537638084414,15.562082529067993,0.75007259990046438,0.10018491535533834,10,5,11,29,0.29916799068450928,-114286.99910117895
2026-08-30T19:48:45Z,NVIDIA H200 NVL,full,dyadic_bitcast_shared,BitCast decoder with shared coefficients,hot_uniform,forward,dot,67108864,512,256,32,fp64,shared,32,512,0.75,0.62806537638084414,15.562082529067993,0.75007259990046438,0.10018491535533834,10,5,12,29,0.29788801074028015,-114286.99910117895
2026-08-30T19:48:45Z,NVIDIA H200 NVL,full,dyadic_bitcast_shared,BitCast decoder with shared coefficients,hot_uniform,forward,dot,67108864,512,256,32,fp64,shared,32,512,0.75,0.62806537638084414,15.562082529067993,0.75007259990046438,0.10018491535533834,10,5,13,29,0.29603201150894165,-114286.99910117895
2026-08-30T19:48:45Z,NVIDIA H200 NVL,full,dyadic_bitcast_shared,BitCast decoder with shared coefficients,hot_uniform,forward,dot,67108864,512,256,32,fp64,shared,32,512,0.75,0.62806537638084414,15.562082529067993,0.75007259990046438,0.10018491535533834,10,5,14,29,0.29728001356124878,-114286.99910117895
2026-08-30T19:48:45Z,NVIDIA H200 NVL,full,dyadic_bitcast_shared,BitCast decoder with shared coefficients,hot_uniform,forward,dot,67108864,512,256,32,fp64,shared,32,512,0.75,0.62806537638084414,15.562082529067993,0.75007259990046438,0.10018491535533834,10,5,15,29,0.29695999622344971,-114286.99910117895
2026-08-30T19:48:45Z,NVIDIA H200 NVL,full,dyadic_bitcast_shared,BitCast decoder with shared coefficients,hot_uniform,forward,dot,67108864,512,256,32,fp64,shared,32,512,0.75,0.62806537638084414,15.562082529067993,0.75007259990046438,0.10018491535533834,10,5,16,29,0.29753598570823669,-114286.99910117895
2026-08-30T19:48:45Z,NVIDIA H200 NVL,full,dyadic_bitcast_shared,BitCast decoder with shared coefficients,hot_uniform,forward,dot,67108864,512,256,32,fp64,shared,32,512,0.75,0.62806537638084414,15.562082529067993,0.75007259990046438,0.10018491535533834,10,5,17,29,0.29791998863220215,-114286.99910117895
2026-08-30T19:48:45Z,NVIDIA H200 NVL,full,dyadic_bitcast_shared,BitCast decoder with shared coefficients,hot_uniform,forward,dot,67108864,512,256,32,fp64,shared,32,512,0.75,0.62806537638084414,15.562082529067993,0.75007259990046438,0.10018491535533834,10,5,18,29,0.297791987657547,-114286.99910117895
2026-08-30T19:48:45Z,NVIDIA H200 NVL,full,dyadic_bitcast_shared,BitCast decoder with shared coefficients,hot_uniform,forward,dot,67108864,512,256,32,fp64,shared,32,512,0.75,0.62806537638084414,15.562082529067993,0.75007259990046438,0.10018491535533834,10,5,19,29,0.29772800207138062,-114286.99910117895
2026-08-30T19:48:45Z,NVIDIA H200 NVL,full,dyadic_bitcast_shared,BitCast decoder with shared coefficients,hot_uniform,forward,dot,67108864,512,256,32,fp64,shared,32,512,0.75,0.62806537638084414,15.562082529067993,0.75007259990046438,0.10018491535533834,10,5,20,29,0.29756799340248108,-114286.99910117895
2026-08-30T19:48:45Z,NVIDIA H200 NVL,full,dyadic_bitcast_shared,BitCast decoder with shared coefficients,hot_uniform,forward,dot,67108864,512,256,32,fp64,shared,32,512,0.75,0.62806537638084414,15.562082529067993,0.75007259990046438,0.10018491535533834,10,5,21,29,0.29760000109672546,-114286.99910117895
2026-08-30T19:48:45Z,NVIDIA H200 NVL,full,dyadic_bitcast_shared,BitCast decoder with shared coefficients,hot_uniform,forward,dot,67108864,512,256,32,fp64,shared,32,512,0.75,0.62806537638084414,15.562082529067993,0.75007259990046438,0.10018491535533834,10,5,22,29,0.29872000217437744,-114286.99910117895
2026-08-30T19:48:45Z,NVIDIA H200 NVL,full,dyadic_bitcast_shared,BitCast decoder with shared coefficients,hot_uniform,forward,dot,67108864,512,256,32,fp64,shared,32,512,0.75,0.62806537638084414,15.562082529067993,0.75007259990046438,0.10018491535533834,10,5,23,29,0.2993600070476532,-114286.99910117895
2026-08-30T19:48:45Z,NVIDIA H200 NVL,full,dyadic_bitcast_shared,BitCast decoder with shared coefficients,hot_uniform,forward,dot,67108864,512,256,32,fp64,shared,32,512,0.75,0.62806537638084414,15.562082529067993,0.75007259990046438,0.10018491535533834,10,5,24,29,0.29907199740409851,-114286.99910117895
2026-08-30T19:48:45Z,NVIDIA H200 NVL,full,dyadic_bitcast_constant,BitCast decoder with constant coefficients,hot_uniform,forward,dot,67108864,512,256,32,fp64,constant,32,512,0.75,0.62806537638084414,15.562082529067993,0.75007259990046438,0.10018491535533834,10,5,0,30,1.1857600212097168,-114286.99910117895
2026-08-30T19:48:45Z,NVIDIA H200 NVL,full,dyadic_bitcast_constant,BitCast decoder with constant coefficients,hot_uniform,forward,dot,67108864,512,256,32,fp64,constant,32,512,0.75,0.62806537638084414,15.562082529067993,0.75007259990046438,0.10018491535533834,10,5,1,30,1.1880639791488647,-114286.99910117895
2026-08-30T19:48:45Z,NVIDIA H200 NVL,full,dyadic_bitcast_constant,BitCast decoder with constant coefficients,hot_uniform,forward,dot,67108864,512,256,32,fp64,constant,32,512,0.75,0.62806537638084414,15.562082529067993,0.75007259990046438,0.10018491535533834,10,5,2,30,1.1887680292129517,-114286.99910117895
2026-08-30T19:48:45Z,NVIDIA H200 NVL,full,dyadic_bitcast_constant,BitCast decoder with constant coefficients,hot_uniform,forward,dot,67108864,512,256,32,fp64,constant,32,512,0.75,0.62806537638084414,15.562082529067993,0.75007259990046438,0.10018491535533834,10,5,3,30,1.1880320310592651,-114286.99910117895
2026-08-30T19:48:45Z,NVIDIA H200 NVL,full,dyadic_bitcast_constant,BitCast decoder with constant coefficients,hot_uniform,forward,dot,67108864,512,256,32,fp64,constant,32,512,0.75,0.62806537638084414,15.562082529067993,0.75007259990046438,0.10018491535533834,10,5,4,30,1.1901439428329468,-114286.99910117895
2026-08-30T19:48:45Z,NVIDIA H200 NVL,full,dyadic_bitcast_constant,BitCast decoder with constant coefficients,hot_uniform,forward,dot,67108864,512,256,32,fp64,constant,32,512,0.75,0.62806537638084414,15.562082529067993,0.75007259990046438,0.10018491535533834,10,5,5,30,1.1875519752502441,-114286.99910117895
2026-08-30T19:48:45Z,NVIDIA H200 NVL,full,dyadic_bitcast_constant,BitCast decoder with constant coefficients,hot_uniform,forward,dot,67108864,512,256,32,fp64,constant,32,512,0.75,0.62806537638084414,15.562082529067993,0.75007259990046438,0.10018491535533834,10,5,6,30,1.1882879734039307,-114286.99910117895
2026-08-30T19:48:45Z,NVIDIA H200 NVL,full,dyadic_bitcast_constant,BitCast decoder with constant coefficients,hot_uniform,forward,dot,67108864,512,256,32,fp64,constant,32,512,0.75,0.62806537638084414,15.562082529067993,0.75007259990046438,0.10018491535533834,10,5,7,30,1.187872052192688,-114286.99910117895
2026-08-30T19:48:45Z,NVIDIA H200 NVL,full,dyadic_bitcast_constant,BitCast decoder with constant coefficients,hot_uniform,forward,dot,67108864,512,256,32,fp64,constant,32,512,0.75,0.62806537638084414,15.562082529067993,0.75007259990046438,0.10018491535533834,10,5,8,30,1.188480019569397,-114286.99910117895
2026-08-30T19:48:45Z,NVIDIA H200 NVL,full,dyadic_bitcast_constant,BitCast decoder with constant coefficients,hot_uniform,forward,dot,67108864,512,256,32,fp64,constant,32,512,0.75,0.62806537638084414,15.562082529067993,0.75007259990046438,0.10018491535533834,10,5,9,30,1.1872639656066895,-114286.99910117895
2026-08-30T19:48:45Z,NVIDIA H200 NVL,full,dyadic_bitcast_constant,BitCast decoder with constant coefficients,hot_uniform,forward,dot,67108864,512,256,32,fp64,constant,32,512,0.75,0.62806537638084414,15.562082529067993,0.75007259990046438,0.10018491535533834,10,5,10,30,1.1887680292129517,-114286.99910117895
2026-08-30T19:48:45Z,NVIDIA H200 NVL,full,dyadic_bitcast_constant,BitCast decoder with constant coefficients,hot_uniform,forward,dot,67108864,512,256,32,fp64,constant,32,512,0.75,0.62806537638084414,15.562082529067993,0.75007259990046438,0.10018491535533834,10,5,11,30,1.1878399848937988,-114286.99910117895
2026-08-30T19:48:45Z,NVIDIA H200 NVL,full,dyadic_bitcast_constant,BitCast decoder with constant coefficients,hot_uniform,forward,dot,67108864,512,256,32,fp64,constant,32,512,0.75,0.62806537638084414,15.562082529067993,0.75007259990046438,0.10018491535533834,10,5,12,30,1.188480019569397,-114286.99910117895
2026-08-30T19:48:45Z,NVIDIA H200 NVL,full,dyadic_bitcast_constant,BitCast decoder with constant coefficients,hot_uniform,forward,dot,67108864,512,256,32,fp64,constant,32,512,0.75,0.62806537638084414,15.562082529067993,0.75007259990046438,0.10018491535533834,10,5,13,30,1.1885119676589966,-114286.99910117895
2026-08-30T19:48:45Z,NVIDIA H200 NVL,full,dyadic_bitcast_constant,BitCast decoder with constant coefficients,hot_uniform,forward,dot,67108864,512,256,32,fp64,constant,32,512,0.75,0.62806537638084414,15.562082529067993,0.75007259990046438,0.10018491535533834,10,5,14,30,1.1883200407028198,-114286.99910117895
2026-08-30T19:48:45Z,NVIDIA H200 NVL,full,dyadic_bitcast_constant,BitCast decoder with constant coefficients,hot_uniform,forward,dot,67108864,512,256,32,fp64,constant,32,512,0.75,0.62806537638084414,15.562082529067993,0.75007259990046438,0.10018491535533834,10,5,15,30,1.1883519887924194,-114286.99910117895
2026-08-30T19:48:45Z,NVIDIA H200 NVL,full,dyadic_bitcast_constant,BitCast decoder with constant coefficients,hot_uniform,forward,dot,67108864,512,256,32,fp64,constant,32,512,0.75,0.62806537638084414,15.562082529067993,0.75007259990046438,0.10018491535533834,10,5,16,30,1.1876159906387329,-114286.99910117895
2026-08-30T19:48:45Z,NVIDIA H200 NVL,full,dyadic_bitcast_constant,BitCast decoder with constant coefficients,hot_uniform,forward,dot,67108864,512,256,32,fp64,constant,32,512,0.75,0.62806537638084414,15.562082529067993,0.75007259990046438,0.10018491535533834,10,5,17,30,1.1868480443954468,-114286.99910117895
2026-08-30T19:48:45Z,NVIDIA H200 NVL,full,dyadic_bitcast_constant,BitCast decoder with constant coefficients,hot_uniform,forward,dot,67108864,512,256,32,fp64,constant,32,512,0.75,0.62806537638084414,15.562082529067993,0.75007259990046438,0.10018491535533834,10,5,18,30,1.1900479793548584,-114286.99910117895
2026-08-30T19:48:45Z,NVIDIA H200 NVL,full,dyadic_bitcast_constant,BitCast decoder with constant coefficients,hot_uniform,forward,dot,67108864,512,256,32,fp64,constant,32,512,0.75,0.62806537638084414,15.562082529067993,0.75007259990046438,0.10018491535533834,10,5,19,30,1.1863679885864258,-114286.99910117895
2026-08-30T19:48:45Z,NVIDIA H200 NVL,full,dyadic_bitcast_constant,BitCast decoder with constant coefficients,hot_uniform,forward,dot,67108864,512,256,32,fp64,constant,32,512,0.75,0.62806537638084414,15.562082529067993,0.75007259990046438,0.10018491535533834,10,5,20,30,1.1886719465255737,-114286.99910117895
2026-08-30T19:48:45Z,NVIDIA H200 NVL,full,dyadic_bitcast_constant,BitCast decoder with constant coefficients,hot_uniform,forward,dot,67108864,512,256,32,fp64,constant,32,512,0.75,0.62806537638084414,15.562082529067993,0.75007259990046438,0.10018491535533834,10,5,21,30,1.1872320175170898,-114286.99910117895
2026-08-30T19:48:45Z,NVIDIA H200 NVL,full,dyadic_bitcast_constant,BitCast decoder with constant coefficients,hot_uniform,forward,dot,67108864,512,256,32,fp64,constant,32,512,0.75,0.62806537638084414,15.562082529067993,0.75007259990046438,0.10018491535533834,10,5,22,30,1.1887040138244629,-114286.99910117895
2026-08-30T19:48:45Z,NVIDIA H200 NVL,full,dyadic_bitcast_constant,BitCast decoder with constant coefficients,hot_uniform,forward,dot,67108864,512,256,32,fp64,constant,32,512,0.75,0.62806537638084414,15.562082529067993,0.75007259990046438,0.10018491535533834,10,5,23,30,1.1906239986419678,-114286.99910117895
2026-08-30T19:48:45Z,NVIDIA H200 NVL,full,dyadic_bitcast_constant,BitCast decoder with constant coefficients,hot_uniform,forward,dot,67108864,512,256,32,fp64,constant,32,512,0.75,0.62806537638084414,15.562082529067993,0.75007259990046438,0.10018491535533834,10,5,24,30,1.1890239715576172,-114286.99910117895
2026-08-30T19:48:45Z,NVIDIA H200 NVL,full,dyadic_normal32,Current DyadicNormal32,hot_uniform,forward,dot,67108864,512,256,32,fp64,shared,32,512,0.875,0.78427413690265801,17.988112449645996,0.87503402395034746,0.10018491535533834,10,5,0,31,0.29932799935340881,-346850.34518191812
2026-08-30T19:48:45Z,NVIDIA H200 NVL,full,dyadic_normal32,Current DyadicNormal32,hot_uniform,forward,dot,67108864,512,256,32,fp64,shared,32,512,0.875,0.78427413690265801,17.988112449645996,0.87503402395034746,0.10018491535533834,10,5,1,31,0.29897600412368774,-346850.34518191812
2026-08-30T19:48:45Z,NVIDIA H200 NVL,full,dyadic_normal32,Current DyadicNormal32,hot_uniform,forward,dot,67108864,512,256,32,fp64,shared,32,512,0.875,0.78427413690265801,17.988112449645996,0.87503402395034746,0.10018491535533834,10,5,2,31,0.30022400617599487,-346850.34518191812
2026-08-30T19:48:45Z,NVIDIA H200 NVL,full,dyadic_normal32,Current DyadicNormal32,hot_uniform,forward,dot,67108864,512,256,32,fp64,shared,32,512,0.875,0.78427413690265801,17.988112449645996,0.87503402395034746,0.10018491535533834,10,5,3,31,0.29903998970985413,-346850.34518191812
2026-08-30T19:48:45Z,NVIDIA H200 NVL,full,dyadic_normal32,Current DyadicNormal32,hot_uniform,forward,dot,67108864,512,256,32,fp64,shared,32,512,0.875,0.78427413690265801,17.988112449645996,0.87503402395034746,0.10018491535533834,10,5,4,31,0.29977598786354065,-346850.34518191812
2026-08-30T19:48:45Z,NVIDIA H200 NVL,full,dyadic_normal32,Current DyadicNormal32,hot_uniform,forward,dot,67108864,512,256,32,fp64,shared,32,512,0.875,0.78427413690265801,17.988112449645996,0.87503402395034746,0.10018491535533834,10,5,5,31,0.29926401376724243,-346850.34518191812
2026-08-30T19:48:45Z,NVIDIA H200 NVL,full,dyadic_normal32,Current DyadicNormal32,hot_uniform,forward,dot,67108864,512,256,32,fp64,shared,32,512,0.875,0.78427413690265801,17.988112449645996,0.87503402395034746,0.10018491535533834,10,5,6,31,0.30195200443267822,-346850.34518191812
2026-08-30T19:48:45Z,NVIDIA H200 NVL,full,dyadic_normal32,Current DyadicNormal32,hot_uniform,forward,dot,67108864,512,256,32,fp64,shared,32,512,0.875,0.78427413690265801,17.988112449645996,0.87503402395034746,0.10018491535533834,10,5,7,31,0.297760009765625,-346850.34518191812
2026-08-30T19:48:45Z,NVIDIA H200 NVL,full,dyadic_normal32,Current DyadicNormal32,hot_uniform,forward,dot,67108864,512,256,32,fp64,shared,32,512,0.875,0.78427413690265801,17.988112449645996,0.87503402395034746,0.10018491535533834,10,5,8,31,0.30076798796653748,-346850.34518191812
2026-08-30T19:48:45Z,NVIDIA H200 NVL,full,dyadic_normal32,Current DyadicNormal32,hot_uniform,forward,dot,67108864,512,256,32,fp64,shared,32,512,0.875,0.78427413690265801,17.988112449645996,0.87503402395034746,0.10018491535533834,10,5,9,31,0.29849600791931152,-346850.34518191812
2026-08-30T19:48:45Z,NVIDIA H200 NVL,full,dyadic_normal32,Current DyadicNormal32,hot_uniform,forward,dot,67108864,512,256,32,fp64,shared,32,512,0.875,0.78427413690265801,17.988112449645996,0.87503402395034746,0.10018491535533834,10,5,10,31,0.30025601387023926,-346850.34518191812
2026-08-30T19:48:45Z,NVIDIA H200 NVL,full,dyadic_normal32,Current DyadicNormal32,hot_uniform,forward,dot,67108864,512,256,32,fp64,shared,32,512,0.875,0.78427413690265801,17.988112449645996,0.87503402395034746,0.10018491535533834,10,5,11,31,0.3030720055103302,-346850.34518191812
2026-08-30T19:48:45Z,NVIDIA H200 NVL,full,dyadic_normal32,Current DyadicNormal32,hot_uniform,forward,dot,67108864,512,256,32,fp64,shared,32,512,0.875,0.78427413690265801,17.988112449645996,0.87503402395034746,0.10018491535533834,10,5,12,31,0.29932799935340881,-346850.34518191812
2026-08-30T19:48:45Z,NVIDIA H200 NVL,full,dyadic_normal32,Current DyadicNormal32,hot_uniform,forward,dot,67108864,512,256,32,fp64,shared,32,512,0.875,0.78427413690265801,17.988112449645996,0.87503402395034746,0.10018491535533834,10,5,13,31,0.29852798581123352,-346850.34518191812
2026-08-30T19:48:45Z,NVIDIA H200 NVL,full,dyadic_normal32,Current DyadicNormal32,hot_uniform,forward,dot,67108864,512,256,32,fp64,shared,32,512,0.875,0.78427413690265801,17.988112449645996,0.87503402395034746,0.10018491535533834,10,5,14,31,0.29923200607299805,-346850.34518191812
2026-08-30T19:48:45Z,NVIDIA H200 NVL,full,dyadic_normal32,Current DyadicNormal32,hot_uniform,forward,dot,67108864,512,256,32,fp64,shared,32,512,0.875,0.78427413690265801,17.988112449645996,0.87503402395034746,0.10018491535533834,10,5,15,31,0.30038401484489441,-346850.34518191812
2026-08-30T19:48:45Z,NVIDIA H200 NVL,full,dyadic_normal32,Current DyadicNormal32,hot_uniform,forward,dot,67108864,512,256,32,fp64,shared,32,512,0.875,0.78427413690265801,17.988112449645996,0.87503402395034746,0.10018491535533834,10,5,16,31,0.2996479868888855,-346850.34518191812
2026-08-30T19:48:45Z,NVIDIA H200 NVL,full,dyadic_normal32,Current DyadicNormal32,hot_uniform,forward,dot,67108864,512,256,32,fp64,shared,32,512,0.875,0.78427413690265801,17.988112449645996,0.87503402395034746,0.10018491535533834,10,5,17,31,0.30163198709487915,-346850.34518191812
2026-08-30T19:48:45Z,NVIDIA H200 NVL,full,dyadic_normal32,Current DyadicNormal32,hot_uniform,forward,dot,67108864,512,256,32,fp64,shared,32,512,0.875,0.78427413690265801,17.988112449645996,0.87503402395034746,0.10018491535533834,10,5,18,31,0.30031999945640564,-346850.34518191812
2026-08-30T19:48:45Z,NVIDIA H200 NVL,full,dyadic_normal32,Current DyadicNormal32,hot_uniform,forward,dot,67108864,512,256,32,fp64,shared,32,512,0.875,0.78427413690265801,17.988112449645996,0.87503402395034746,0.10018491535533834,10,5,19,31,0.29926401376724243,-346850.34518191812
2026-08-30T19:48:45Z,NVIDIA H200 NVL,full,dyadic_normal32,Current DyadicNormal32,hot_uniform,forward,dot,67108864,512,256,32,fp64,shared,32,512,0.875,0.78427413690265801,17.988112449645996,0.87503402395034746,0.10018491535533834,10,5,20,31,0.30083200335502625,-346850.34518191812
2026-08-30T19:48:45Z,NVIDIA H200 NVL,full,dyadic_normal32,Current DyadicNormal32,hot_uniform,forward,dot,67108864,512,256,32,fp64,shared,32,512,0.875,0.78427413690265801,17.988112449645996,0.87503402395034746,0.10018491535533834,10,5,21,31,0.29993599653244019,-346850.34518191812
2026-08-30T19:48:45Z,NVIDIA H200 NVL,full,dyadic_normal32,Current DyadicNormal32,hot_uniform,forward,dot,67108864,512,256,32,fp64,shared,32,512,0.875,0.78427413690265801,17.988112449645996,0.87503402395034746,0.10018491535533834,10,5,22,31,0.30275198817253113,-346850.34518191812
2026-08-30T19:48:45Z,NVIDIA H200 NVL,full,dyadic_normal32,Current DyadicNormal32,hot_uniform,forward,dot,67108864,512,256,32,fp64,shared,32,512,0.875,0.78427413690265801,17.988112449645996,0.87503402395034746,0.10018491535533834,10,5,23,31,0.2991040050983429,-346850.34518191812
2026-08-30T19:48:45Z,NVIDIA H200 NVL,full,dyadic_normal32,Current DyadicNormal32,hot_uniform,forward,dot,67108864,512,256,32,fp64,shared,32,512,0.875,0.78427413690265801,17.988112449645996,0.87503402395034746,0.10018491535533834,10,5,24,31,0.30188798904418945,-346850.34518191812
2026-08-30T19:48:45Z,NVIDIA H200 NVL,full,dyadic_sign_fused,Sign-fused decoder,hot_uniform,forward,dot,67108864,512,256,32,fp64,shared,32,512,0.875,0.78427413690265801,17.988112449645996,0.87503402395034746,0.10018491535533834,10,5,0,32,0.29679998755455017,-346850.34518191812
2026-08-30T19:48:45Z,NVIDIA H200 NVL,full,dyadic_sign_fused,Sign-fused decoder,hot_uniform,forward,dot,67108864,512,256,32,fp64,shared,32,512,0.875,0.78427413690265801,17.988112449645996,0.87503402395034746,0.10018491535533834,10,5,1,32,0.29840001463890076,-346850.34518191812
2026-08-30T19:48:45Z,NVIDIA H200 NVL,full,dyadic_sign_fused,Sign-fused decoder,hot_uniform,forward,dot,67108864,512,256,32,fp64,shared,32,512,0.875,0.78427413690265801,17.988112449645996,0.87503402395034746,0.10018491535533834,10,5,2,32,0.29958400130271912,-346850.34518191812
2026-08-30T19:48:45Z,NVIDIA H200 NVL,full,dyadic_sign_fused,Sign-fused decoder,hot_uniform,forward,dot,67108864,512,256,32,fp64,shared,32,512,0.875,0.78427413690265801,17.988112449645996,0.87503402395034746,0.10018491535533834,10,5,3,32,0.29760000109672546,-346850.34518191812
2026-08-30T19:48:45Z,NVIDIA H200 NVL,full,dyadic_sign_fused,Sign-fused decoder,hot_uniform,forward,dot,67108864,512,256,32,fp64,shared,32,512,0.875,0.78427413690265801,17.988112449645996,0.87503402395034746,0.10018491535533834,10,5,4,32,0.30086401104927063,-346850.34518191812
2026-08-30T19:48:45Z,NVIDIA H200 NVL,full,dyadic_sign_fused,Sign-fused decoder,hot_uniform,forward,dot,67108864,512,256,32,fp64,shared,32,512,0.875,0.78427413690265801,17.988112449645996,0.87503402395034746,0.10018491535533834,10,5,5,32,0.29660800099372864,-346850.34518191812
2026-08-30T19:48:45Z,NVIDIA H200 NVL,full,dyadic_sign_fused,Sign-fused decoder,hot_uniform,forward,dot,67108864,512,256,32,fp64,shared,32,512,0.875,0.78427413690265801,17.988112449645996,0.87503402395034746,0.10018491535533834,10,5,6,32,0.29948800802230835,-346850.34518191812
2026-08-30T19:48:45Z,NVIDIA H200 NVL,full,dyadic_sign_fused,Sign-fused decoder,hot_uniform,forward,dot,67108864,512,256,32,fp64,shared,32,512,0.875,0.78427413690265801,17.988112449645996,0.87503402395034746,0.10018491535533834,10,5,7,32,0.29862400889396667,-346850.34518191812
2026-08-30T19:48:45Z,NVIDIA H200 NVL,full,dyadic_sign_fused,Sign-fused decoder,hot_uniform,forward,dot,67108864,512,256,32,fp64,shared,32,512,0.875,0.78427413690265801,17.988112449645996,0.87503402395034746,0.10018491535533834,10,5,8,32,0.29836800694465637,-346850.34518191812
2026-08-30T19:48:45Z,NVIDIA H200 NVL,full,dyadic_sign_fused,Sign-fused decoder,hot_uniform,forward,dot,67108864,512,256,32,fp64,shared,32,512,0.875,0.78427413690265801,17.988112449645996,0.87503402395034746,0.10018491535533834,10,5,9,32,0.29919999837875366,-346850.34518191812
2026-08-30T19:48:45Z,NVIDIA H200 NVL,full,dyadic_sign_fused,Sign-fused decoder,hot_uniform,forward,dot,67108864,512,256,32,fp64,shared,32,512,0.875,0.78427413690265801,17.988112449645996,0.87503402395034746,0.10018491535533834,10,5,10,32,0.29820799827575684,-346850.34518191812
2026-08-30T19:48:45Z,NVIDIA H200 NVL,full,dyadic_sign_fused,Sign-fused decoder,hot_uniform,forward,dot,67108864,512,256,32,fp64,shared,32,512,0.875,0.78427413690265801,17.988112449645996,0.87503402395034746,0.10018491535533834,10,5,11,32,0.29846400022506714,-346850.34518191812
2026-08-30T19:48:45Z,NVIDIA H200 NVL,full,dyadic_sign_fused,Sign-fused decoder,hot_uniform,forward,dot,67108864,512,256,32,fp64,shared,32,512,0.875,0.78427413690265801,17.988112449645996,0.87503402395034746,0.10018491535533834,10,5,12,32,0.29907199740409851,-346850.34518191812
2026-08-30T19:48:45Z,NVIDIA H200 NVL,full,dyadic_sign_fused,Sign-fused decoder,hot_uniform,forward,dot,67108864,512,256,32,fp64,shared,32,512,0.875,0.78427413690265801,17.988112449645996,0.87503402395034746,0.10018491535533834,10,5,13,32,0.29868799448013306,-346850.34518191812
2026-08-30T19:48:45Z,NVIDIA H200 NVL,full,dyadic_sign_fused,Sign-fused decoder,hot_uniform,forward,dot,67108864,512,256,32,fp64,shared,32,512,0.875,0.78427413690265801,17.988112449645996,0.87503402395034746,0.10018491535533834,10,5,14,32,0.29868799448013306,-346850.34518191812
2026-08-30T19:48:45Z,NVIDIA H200 NVL,full,dyadic_sign_fused,Sign-fused decoder,hot_uniform,forward,dot,67108864,512,256,32,fp64,shared,32,512,0.875,0.78427413690265801,17.988112449645996,0.87503402395034746,0.10018491535533834,10,5,15,32,0.29785600304603577,-346850.34518191812
2026-08-30T19:48:45Z,NVIDIA H200 NVL,full,dyadic_sign_fused,Sign-fused decoder,hot_uniform,forward,dot,67108864,512,256,32,fp64,shared,32,512,0.875,0.78427413690265801,17.988112449645996,0.87503402395034746,0.10018491535533834,10,5,16,32,0.29891198873519897,-346850.34518191812
2026-08-30T19:48:45Z,NVIDIA H200 NVL,full,dyadic_sign_fused,Sign-fused decoder,hot_uniform,forward,dot,67108864,512,256,32,fp64,shared,32,512,0.875,0.78427413690265801,17.988112449645996,0.87503402395034746,0.10018491535533834,10,5,17,32,0.29903998970985413,-346850.34518191812
2026-08-30T19:48:45Z,NVIDIA H200 NVL,full,dyadic_sign_fused,Sign-fused decoder,hot_uniform,forward,dot,67108864,512,256,32,fp64,shared,32,512,0.875,0.78427413690265801,17.988112449645996,0.87503402395034746,0.10018491535533834,10,5,18,32,0.2980479896068573,-346850.34518191812
2026-08-30T19:48:45Z,NVIDIA H200 NVL,full,dyadic_sign_fused,Sign-fused decoder,hot_uniform,forward,dot,67108864,512,256,32,fp64,shared,32,512,0.875,0.78427413690265801,17.988112449645996,0.87503402395034746,0.10018491535533834,10,5,19,32,0.29811200499534607,-346850.34518191812
2026-08-30T19:48:45Z,NVIDIA H200 NVL,full,dyadic_sign_fused,Sign-fused decoder,hot_uniform,forward,dot,67108864,512,256,32,fp64,shared,32,512,0.875,0.78427413690265801,17.988112449645996,0.87503402395034746,0.10018491535533834,10,5,20,32,0.29919999837875366,-346850.34518191812
2026-08-30T19:48:45Z,NVIDIA H200 NVL,full,dyadic_sign_fused,Sign-fused decoder,hot_uniform,forward,dot,67108864,512,256,32,fp64,shared,32,512,0.875,0.78427413690265801,17.988112449645996,0.87503402395034746,0.10018491535533834,10,5,21,32,0.29849600791931152,-346850.34518191812
2026-08-30T19:48:45Z,NVIDIA H200 NVL,full,dyadic_sign_fused,Sign-fused decoder,hot_uniform,forward,dot,67108864,512,256,32,fp64,shared,32,512,0.875,0.78427413690265801,17.988112449645996,0.87503402395034746,0.10018491535533834,10,5,22,32,0.29951998591423035,-346850.34518191812
2026-08-30T19:48:45Z,NVIDIA H200 NVL,full,dyadic_sign_fused,Sign-fused decoder,hot_uniform,forward,dot,67108864,512,256,32,fp64,shared,32,512,0.875,0.78427413690265801,17.988112449645996,0.87503402395034746,0.10018491535533834,10,5,23,32,0.2991040050983429,-346850.34518191812
2026-08-30T19:48:45Z,NVIDIA H200 NVL,full,dyadic_sign_fused,Sign-fused decoder,hot_uniform,forward,dot,67108864,512,256,32,fp64,shared,32,512,0.875,0.78427413690265801,17.988112449645996,0.87503402395034746,0.10018491535533834,10,5,24,32,0.29888001084327698,-346850.34518191812
2026-08-30T19:48:45Z,NVIDIA H200 NVL,full,dyadic_bitcast_shared,BitCast decoder with shared coefficients,hot_uniform,forward,dot,67108864,512,256,32,fp64,shared,32,512,0.875,0.78427413690265801,17.988112449645996,0.87503402395034746,0.10018491535533834,10,5,0,33,0.29836800694465637,-346850.34518191812
2026-08-30T19:48:45Z,NVIDIA H200 NVL,full,dyadic_bitcast_shared,BitCast decoder with shared coefficients,hot_uniform,forward,dot,67108864,512,256,32,fp64,shared,32,512,0.875,0.78427413690265801,17.988112449645996,0.87503402395034746,0.10018491535533834,10,5,1,33,0.30006399750709534,-346850.34518191812
2026-08-30T19:48:45Z,NVIDIA H200 NVL,full,dyadic_bitcast_shared,BitCast decoder with shared coefficients,hot_uniform,forward,dot,67108864,512,256,32,fp64,shared,32,512,0.875,0.78427413690265801,17.988112449645996,0.87503402395034746,0.10018491535533834,10,5,2,33,0.2993600070476532,-346850.34518191812
2026-08-30T19:48:45Z,NVIDIA H200 NVL,full,dyadic_bitcast_shared,BitCast decoder with shared coefficients,hot_uniform,forward,dot,67108864,512,256,32,fp64,shared,32,512,0.875,0.78427413690265801,17.988112449645996,0.87503402395034746,0.10018491535533834,10,5,3,33,0.2999039888381958,-346850.34518191812
2026-08-30T19:48:45Z,NVIDIA H200 NVL,full,dyadic_bitcast_shared,BitCast decoder with shared coefficients,hot_uniform,forward,dot,67108864,512,256,32,fp64,shared,32,512,0.875,0.78427413690265801,17.988112449645996,0.87503402395034746,0.10018491535533834,10,5,4,33,0.29939201474189758,-346850.34518191812
2026-08-30T19:48:45Z,NVIDIA H200 NVL,full,dyadic_bitcast_shared,BitCast decoder with shared coefficients,hot_uniform,forward,dot,67108864,512,256,32,fp64,shared,32,512,0.875,0.78427413690265801,17.988112449645996,0.87503402395034746,0.10018491535533834,10,5,5,33,0.29849600791931152,-346850.34518191812
2026-08-30T19:48:45Z,NVIDIA H200 NVL,full,dyadic_bitcast_shared,BitCast decoder with shared coefficients,hot_uniform,forward,dot,67108864,512,256,32,fp64,shared,32,512,0.875,0.78427413690265801,17.988112449645996,0.87503402395034746,0.10018491535533834,10,5,6,33,0.29929599165916443,-346850.34518191812
2026-08-30T19:48:45Z,NVIDIA H200 NVL,full,dyadic_bitcast_shared,BitCast decoder with shared coefficients,hot_uniform,forward,dot,67108864,512,256,32,fp64,shared,32,512,0.875,0.78427413690265801,17.988112449645996,0.87503402395034746,0.10018491535533834,10,5,7,33,0.2999039888381958,-346850.34518191812
2026-08-30T19:48:45Z,NVIDIA H200 NVL,full,dyadic_bitcast_shared,BitCast decoder with shared coefficients,hot_uniform,forward,dot,67108864,512,256,32,fp64,shared,32,512,0.875,0.78427413690265801,17.988112449645996,0.87503402395034746,0.10018491535533834,10,5,8,33,0.30022400617599487,-346850.34518191812
2026-08-30T19:48:45Z,NVIDIA H200 NVL,full,dyadic_bitcast_shared,BitCast decoder with shared coefficients,hot_uniform,forward,dot,67108864,512,256,32,fp64,shared,32,512,0.875,0.78427413690265801,17.988112449645996,0.87503402395034746,0.10018491535533834,10,5,9,33,0.29836800694465637,-346850.34518191812
2026-08-30T19:48:45Z,NVIDIA H200 NVL,full,dyadic_bitcast_shared,BitCast decoder with shared coefficients,hot_uniform,forward,dot,67108864,512,256,32,fp64,shared,32,512,0.875,0.78427413690265801,17.988112449645996,0.87503402395034746,0.10018491535533834,10,5,10,33,0.30076798796653748,-346850.34518191812
2026-08-30T19:48:45Z,NVIDIA H200 NVL,full,dyadic_bitcast_shared,BitCast decoder with shared coefficients,hot_uniform,forward,dot,67108864,512,256,32,fp64,shared,32,512,0.875,0.78427413690265801,17.988112449645996,0.87503402395034746,0.10018491535533834,10,5,11,33,0.29756799340248108,-346850.34518191812
2026-08-30T19:48:45Z,NVIDIA H200 NVL,full,dyadic_bitcast_shared,BitCast decoder with shared coefficients,hot_uniform,forward,dot,67108864,512,256,32,fp64,shared,32,512,0.875,0.78427413690265801,17.988112449645996,0.87503402395034746,0.10018491535533834,10,5,12,33,0.30073601007461548,-346850.34518191812
2026-08-30T19:48:45Z,NVIDIA H200 NVL,full,dyadic_bitcast_shared,BitCast decoder with shared coefficients,hot_uniform,forward,dot,67108864,512,256,32,fp64,shared,32,512,0.875,0.78427413690265801,17.988112449645996,0.87503402395034746,0.10018491535533834,10,5,13,33,0.29980799555778503,-346850.34518191812
2026-08-30T19:48:45Z,NVIDIA H200 NVL,full,dyadic_bitcast_shared,BitCast decoder with shared coefficients,hot_uniform,forward,dot,67108864,512,256,32,fp64,shared,32,512,0.875,0.78427413690265801,17.988112449645996,0.87503402395034746,0.10018491535533834,10,5,14,33,0.29955199360847473,-346850.34518191812
2026-08-30T19:48:45Z,NVIDIA H200 NVL,full,dyadic_bitcast_shared,BitCast decoder with shared coefficients,hot_uniform,forward,dot,67108864,512,256,32,fp64,shared,32,512,0.875,0.78427413690265801,17.988112449645996,0.87503402395034746,0.10018491535533834,10,5,15,33,0.29708799719810486,-346850.34518191812
2026-08-30T19:48:45Z,NVIDIA H200 NVL,full,dyadic_bitcast_shared,BitCast decoder with shared coefficients,hot_uniform,forward,dot,67108864,512,256,32,fp64,shared,32,512,0.875,0.78427413690265801,17.988112449645996,0.87503402395034746,0.10018491535533834,10,5,16,33,0.29993599653244019,-346850.34518191812
2026-08-30T19:48:45Z,NVIDIA H200 NVL,full,dyadic_bitcast_shared,BitCast decoder with shared coefficients,hot_uniform,forward,dot,67108864,512,256,32,fp64,shared,32,512,0.875,0.78427413690265801,17.988112449645996,0.87503402395034746,0.10018491535533834,10,5,17,33,0.29919999837875366,-346850.34518191812
2026-08-30T19:48:45Z,NVIDIA H200 NVL,full,dyadic_bitcast_shared,BitCast decoder with shared coefficients,hot_uniform,forward,dot,67108864,512,256,32,fp64,shared,32,512,0.875,0.78427413690265801,17.988112449645996,0.87503402395034746,0.10018491535533834,10,5,18,33,0.29929599165916443,-346850.34518191812
2026-08-30T19:48:45Z,NVIDIA H200 NVL,full,dyadic_bitcast_shared,BitCast decoder with shared coefficients,hot_uniform,forward,dot,67108864,512,256,32,fp64,shared,32,512,0.875,0.78427413690265801,17.988112449645996,0.87503402395034746,0.10018491535533834,10,5,19,33,0.2983039915561676,-346850.34518191812
2026-08-30T19:48:45Z,NVIDIA H200 NVL,full,dyadic_bitcast_shared,BitCast decoder with shared coefficients,hot_uniform,forward,dot,67108864,512,256,32,fp64,shared,32,512,0.875,0.78427413690265801,17.988112449645996,0.87503402395034746,0.10018491535533834,10,5,20,33,0.30022400617599487,-346850.34518191812
2026-08-30T19:48:45Z,NVIDIA H200 NVL,full,dyadic_bitcast_shared,BitCast decoder with shared coefficients,hot_uniform,forward,dot,67108864,512,256,32,fp64,shared,32,512,0.875,0.78427413690265801,17.988112449645996,0.87503402395034746,0.10018491535533834,10,5,21,33,0.29862400889396667,-346850.34518191812
2026-08-30T19:48:45Z,NVIDIA H200 NVL,full,dyadic_bitcast_shared,BitCast decoder with shared coefficients,hot_uniform,forward,dot,67108864,512,256,32,fp64,shared,32,512,0.875,0.78427413690265801,17.988112449645996,0.87503402395034746,0.10018491535533834,10,5,22,33,0.30134400725364685,-346850.34518191812
2026-08-30T19:48:45Z,NVIDIA H200 NVL,full,dyadic_bitcast_shared,BitCast decoder with shared coefficients,hot_uniform,forward,dot,67108864,512,256,32,fp64,shared,32,512,0.875,0.78427413690265801,17.988112449645996,0.87503402395034746,0.10018491535533834,10,5,23,33,0.29913601279258728,-346850.34518191812
2026-08-30T19:48:45Z,NVIDIA H200 NVL,full,dyadic_bitcast_shared,BitCast decoder with shared coefficients,hot_uniform,forward,dot,67108864,512,256,32,fp64,shared,32,512,0.875,0.78427413690265801,17.988112449645996,0.87503402395034746,0.10018491535533834,10,5,24,33,0.29843199253082275,-346850.34518191812
2026-08-30T19:48:45Z,NVIDIA H200 NVL,full,dyadic_bitcast_constant,BitCast decoder with constant coefficients,hot_uniform,forward,dot,67108864,512,256,32,fp64,constant,32,512,0.875,0.78427413690265801,17.988112449645996,0.87503402395034746,0.10018491535533834,10,5,0,34,1.3597760200500488,-346850.34518191812
2026-08-30T19:48:45Z,NVIDIA H200 NVL,full,dyadic_bitcast_constant,BitCast decoder with constant coefficients,hot_uniform,forward,dot,67108864,512,256,32,fp64,constant,32,512,0.875,0.78427413690265801,17.988112449645996,0.87503402395034746,0.10018491535533834,10,5,1,34,1.3600959777832031,-346850.34518191812
2026-08-30T19:48:45Z,NVIDIA H200 NVL,full,dyadic_bitcast_constant,BitCast decoder with constant coefficients,hot_uniform,forward,dot,67108864,512,256,32,fp64,constant,32,512,0.875,0.78427413690265801,17.988112449645996,0.87503402395034746,0.10018491535533834,10,5,2,34,1.3607679605484009,-346850.34518191812
2026-08-30T19:48:45Z,NVIDIA H200 NVL,full,dyadic_bitcast_constant,BitCast decoder with constant coefficients,hot_uniform,forward,dot,67108864,512,256,32,fp64,constant,32,512,0.875,0.78427413690265801,17.988112449645996,0.87503402395034746,0.10018491535533834,10,5,3,34,1.3615679740905762,-346850.34518191812
2026-08-30T19:48:45Z,NVIDIA H200 NVL,full,dyadic_bitcast_constant,BitCast decoder with constant coefficients,hot_uniform,forward,dot,67108864,512,256,32,fp64,constant,32,512,0.875,0.78427413690265801,17.988112449645996,0.87503402395034746,0.10018491535533834,10,5,4,34,1.3605120182037354,-346850.34518191812
2026-08-30T19:48:45Z,NVIDIA H200 NVL,full,dyadic_bitcast_constant,BitCast decoder with constant coefficients,hot_uniform,forward,dot,67108864,512,256,32,fp64,constant,32,512,0.875,0.78427413690265801,17.988112449645996,0.87503402395034746,0.10018491535533834,10,5,5,34,1.3609280586242676,-346850.34518191812
2026-08-30T19:48:45Z,NVIDIA H200 NVL,full,dyadic_bitcast_constant,BitCast decoder with constant coefficients,hot_uniform,forward,dot,67108864,512,256,32,fp64,constant,32,512,0.875,0.78427413690265801,17.988112449645996,0.87503402395034746,0.10018491535533834,10,5,6,34,1.3603839874267578,-346850.34518191812
2026-08-30T19:48:45Z,NVIDIA H200 NVL,full,dyadic_bitcast_constant,BitCast decoder with constant coefficients,hot_uniform,forward,dot,67108864,512,256,32,fp64,constant,32,512,0.875,0.78427413690265801,17.988112449645996,0.87503402395034746,0.10018491535533834,10,5,7,34,1.3608319759368896,-346850.34518191812
2026-08-30T19:48:45Z,NVIDIA H200 NVL,full,dyadic_bitcast_constant,BitCast decoder with constant coefficients,hot_uniform,forward,dot,67108864,512,256,32,fp64,constant,32,512,0.875,0.78427413690265801,17.988112449645996,0.87503402395034746,0.10018491535533834,10,5,8,34,1.361024022102356,-346850.34518191812
2026-08-30T19:48:45Z,NVIDIA H200 NVL,full,dyadic_bitcast_constant,BitCast decoder with constant coefficients,hot_uniform,forward,dot,67108864,512,256,32,fp64,constant,32,512,0.875,0.78427413690265801,17.988112449645996,0.87503402395034746,0.10018491535533834,10,5,9,34,1.36080002784729,-346850.34518191812
2026-08-30T19:48:45Z,NVIDIA H200 NVL,full,dyadic_bitcast_constant,BitCast decoder with constant coefficients,hot_uniform,forward,dot,67108864,512,256,32,fp64,constant,32,512,0.875,0.78427413690265801,17.988112449645996,0.87503402395034746,0.10018491535533834,10,5,10,34,1.3600640296936035,-346850.34518191812
2026-08-30T19:48:45Z,NVIDIA H200 NVL,full,dyadic_bitcast_constant,BitCast decoder with constant coefficients,hot_uniform,forward,dot,67108864,512,256,32,fp64,constant,32,512,0.875,0.78427413690265801,17.988112449645996,0.87503402395034746,0.10018491535533834,10,5,11,34,1.3609919548034668,-346850.34518191812
2026-08-30T19:48:45Z,NVIDIA H200 NVL,full,dyadic_bitcast_constant,BitCast decoder with constant coefficients,hot_uniform,forward,dot,67108864,512,256,32,fp64,constant,32,512,0.875,0.78427413690265801,17.988112449645996,0.87503402395034746,0.10018491535533834,10,5,12,34,1.3615360260009766,-346850.34518191812
2026-08-30T19:48:45Z,NVIDIA H200 NVL,full,dyadic_bitcast_constant,BitCast decoder with constant coefficients,hot_uniform,forward,dot,67108864,512,256,32,fp64,constant,32,512,0.875,0.78427413690265801,17.988112449645996,0.87503402395034746,0.10018491535533834,10,5,13,34,1.3602240085601807,-346850.34518191812
2026-08-30T19:48:45Z,NVIDIA H200 NVL,full,dyadic_bitcast_constant,BitCast decoder with constant coefficients,hot_uniform,forward,dot,67108864,512,256,32,fp64,constant,32,512,0.875,0.78427413690265801,17.988112449645996,0.87503402395034746,0.10018491535533834,10,5,14,34,1.3617919683456421,-346850.34518191812
2026-08-30T19:48:45Z,NVIDIA H200 NVL,full,dyadic_bitcast_constant,BitCast decoder with constant coefficients,hot_uniform,forward,dot,67108864,512,256,32,fp64,constant,32,512,0.875,0.78427413690265801,17.988112449645996,0.87503402395034746,0.10018491535533834,10,5,15,34,1.3612799644470215,-346850.34518191812
2026-08-30T19:48:45Z,NVIDIA H200 NVL,full,dyadic_bitcast_constant,BitCast decoder with constant coefficients,hot_uniform,forward,dot,67108864,512,256,32,fp64,constant,32,512,0.875,0.78427413690265801,17.988112449645996,0.87503402395034746,0.10018491535533834,10,5,16,34,1.3616000413894653,-346850.34518191812
2026-08-30T19:48:45Z,NVIDIA H200 NVL,full,dyadic_bitcast_constant,BitCast decoder with constant coefficients,hot_uniform,forward,dot,67108864,512,256,32,fp64,constant,32,512,0.875,0.78427413690265801,17.988112449645996,0.87503402395034746,0.10018491535533834,10,5,17,34,1.3596479892730713,-346850.34518191812
2026-08-30T19:48:45Z,NVIDIA H200 NVL,full,dyadic_bitcast_constant,BitCast decoder with constant coefficients,hot_uniform,forward,dot,67108864,512,256,32,fp64,constant,32,512,0.875,0.78427413690265801,17.988112449645996,0.87503402395034746,0.10018491535533834,10,5,18,34,1.3603520393371582,-346850.34518191812
2026-08-30T19:48:45Z,NVIDIA H200 NVL,full,dyadic_bitcast_constant,BitCast decoder with constant coefficients,hot_uniform,forward,dot,67108864,512,256,32,fp64,constant,32,512,0.875,0.78427413690265801,17.988112449645996,0.87503402395034746,0.10018491535533834,10,5,19,34,1.3606719970703125,-346850.34518191812
2026-08-30T19:48:45Z,NVIDIA H200 NVL,full,dyadic_bitcast_constant,BitCast decoder with constant coefficients,hot_uniform,forward,dot,67108864,512,256,32,fp64,constant,32,512,0.875,0.78427413690265801,17.988112449645996,0.87503402395034746,0.10018491535533834,10,5,20,34,1.3607679605484009,-346850.34518191812
2026-08-30T19:48:45Z,NVIDIA H200 NVL,full,dyadic_bitcast_constant,BitCast decoder with constant coefficients,hot_uniform,forward,dot,67108864,512,256,32,fp64,constant,32,512,0.875,0.78427413690265801,17.988112449645996,0.87503402395034746,0.10018491535533834,10,5,21,34,1.3609280586242676,-346850.34518191812
2026-08-30T19:48:45Z,NVIDIA H200 NVL,full,dyadic_bitcast_constant,BitCast decoder with constant coefficients,hot_uniform,forward,dot,67108864,512,256,32,fp64,constant,32,512,0.875,0.78427413690265801,17.988112449645996,0.87503402395034746,0.10018491535533834,10,5,22,34,1.3631360530853271,-346850.34518191812
2026-08-30T19:48:45Z,NVIDIA H200 NVL,full,dyadic_bitcast_constant,BitCast decoder with constant coefficients,hot_uniform,forward,dot,67108864,512,256,32,fp64,constant,32,512,0.875,0.78427413690265801,17.988112449645996,0.87503402395034746,0.10018491535533834,10,5,23,34,1.3612480163574219,-346850.34518191812
2026-08-30T19:48:45Z,NVIDIA H200 NVL,full,dyadic_bitcast_constant,BitCast decoder with constant coefficients,hot_uniform,forward,dot,67108864,512,256,32,fp64,constant,32,512,0.875,0.78427413690265801,17.988112449645996,0.87503402395034746,0.10018491535533834,10,5,24,34,1.3625919818878174,-346850.34518191812
2026-08-30T19:48:45Z,NVIDIA H200 NVL,full,dyadic_normal32,Current DyadicNormal32,hot_uniform,forward,dot,67108864,512,256,32,fp64,shared,32,512,1,1,20.415004730224609,1.0000398669634123,0.10018491535533834,10,5,0,35,0.29929599165916443,-625480.20747215801
2026-08-30T19:48:45Z,NVIDIA H200 NVL,full,dyadic_normal32,Current DyadicNormal32,hot_uniform,forward,dot,67108864,512,256,32,fp64,shared,32,512,1,1,20.415004730224609,1.0000398669634123,0.10018491535533834,10,5,1,35,0.30230399966239929,-625480.20747215801
2026-08-30T19:48:45Z,NVIDIA H200 NVL,full,dyadic_normal32,Current DyadicNormal32,hot_uniform,forward,dot,67108864,512,256,32,fp64,shared,32,512,1,1,20.415004730224609,1.0000398669634123,0.10018491535533834,10,5,2,35,0.30179199576377869,-625480.20747215801
2026-08-30T19:48:45Z,NVIDIA H200 NVL,full,dyadic_normal32,Current DyadicNormal32,hot_uniform,forward,dot,67108864,512,256,32,fp64,shared,32,512,1,1,20.415004730224609,1.0000398669634123,0.10018491535533834,10,5,3,35,0.30083200335502625,-625480.20747215801
2026-08-30T19:48:45Z,NVIDIA H200 NVL,full,dyadic_normal32,Current DyadicNormal32,hot_uniform,forward,dot,67108864,512,256,32,fp64,shared,32,512,1,1,20.415004730224609,1.0000398669634123,0.10018491535533834,10,5,4,35,0.30163198709487915,-625480.20747215801
2026-08-30T19:48:45Z,NVIDIA H200 NVL,full,dyadic_normal32,Current DyadicNormal32,hot_uniform,forward,dot,67108864,512,256,32,fp64,shared,32,512,1,1,20.415004730224609,1.0000398669634123,0.10018491535533834,10,5,5,35,0.30160000920295715,-625480.20747215801
2026-08-30T19:48:45Z,NVIDIA H200 NVL,full,dyadic_normal32,Current DyadicNormal32,hot_uniform,forward,dot,67108864,512,256,32,fp64,shared,32,512,1,1,20.415004730224609,1.0000398669634123,0.10018491535533834,10,5,6,35,0.30182400345802307,-625480.20747215801
2026-08-30T19:48:45Z,NVIDIA H200 NVL,full,dyadic_normal32,Current DyadicNormal32,hot_uniform,forward,dot,67108864,512,256,32,fp64,shared,32,512,1,1,20.415004730224609,1.0000398669634123,0.10018491535533834,10,5,7,35,0.301503986120224,-625480.20747215801
2026-08-30T19:48:45Z,NVIDIA H200 NVL,full,dyadic_normal32,Current DyadicNormal32,hot_uniform,forward,dot,67108864,512,256,32,fp64,shared,32,512,1,1,20.415004730224609,1.0000398669634123,0.10018491535533834,10,5,8,35,0.30073601007461548,-625480.20747215801
2026-08-30T19:48:45Z,NVIDIA H200 NVL,full,dyadic_normal32,Current DyadicNormal32,hot_uniform,forward,dot,67108864,512,256,32,fp64,shared,32,512,1,1,20.415004730224609,1.0000398669634123,0.10018491535533834,10,5,9,35,0.30054399371147156,-625480.20747215801
2026-08-30T19:48:45Z,NVIDIA H200 NVL,full,dyadic_normal32,Current DyadicNormal32,hot_uniform,forward,dot,67108864,512,256,32,fp64,shared,32,512,1,1,20.415004730224609,1.0000398669634123,0.10018491535533834,10,5,10,35,0.31219199299812317,-625480.20747215801
2026-08-30T19:48:45Z,NVIDIA H200 NVL,full,dyadic_normal32,Current DyadicNormal32,hot_uniform,forward,dot,67108864,512,256,32,fp64,shared,32,512,1,1,20.415004730224609,1.0000398669634123,0.10018491535533834,10,5,11,35,0.3012160062789917,-625480.20747215801
2026-08-30T19:48:45Z,NVIDIA H200 NVL,full,dyadic_normal32,Current DyadicNormal32,hot_uniform,forward,dot,67108864,512,256,32,fp64,shared,32,512,1,1,20.415004730224609,1.0000398669634123,0.10018491535533834,10,5,12,35,0.30278399586677551,-625480.20747215801
2026-08-30T19:48:45Z,NVIDIA H200 NVL,full,dyadic_normal32,Current DyadicNormal32,hot_uniform,forward,dot,67108864,512,256,32,fp64,shared,32,512,1,1,20.415004730224609,1.0000398669634123,0.10018491535533834,10,5,13,35,0.30089598894119263,-625480.20747215801
2026-08-30T19:48:45Z,NVIDIA H200 NVL,full,dyadic_normal32,Current DyadicNormal32,hot_uniform,forward,dot,67108864,512,256,32,fp64,shared,32,512,1,1,20.415004730224609,1.0000398669634123,0.10018491535533834,10,5,14,35,0.30134400725364685,-625480.20747215801
2026-08-30T19:48:45Z,NVIDIA H200 NVL,full,dyadic_normal32,Current DyadicNormal32,hot_uniform,forward,dot,67108864,512,256,32,fp64,shared,32,512,1,1,20.415004730224609,1.0000398669634123,0.10018491535533834,10,5,15,35,0.30236798524856567,-625480.20747215801
2026-08-30T19:48:45Z,NVIDIA H200 NVL,full,dyadic_normal32,Current DyadicNormal32,hot_uniform,forward,dot,67108864,512,256,32,fp64,shared,32,512,1,1,20.415004730224609,1.0000398669634123,0.10018491535533834,10,5,16,35,0.30208000540733337,-625480.20747215801
2026-08-30T19:48:45Z,NVIDIA H200 NVL,full,dyadic_normal32,Current DyadicNormal32,hot_uniform,forward,dot,67108864,512,256,32,fp64,shared,32,512,1,1,20.415004730224609,1.0000398669634123,0.10018491535533834,10,5,17,35,0.30144000053405762,-625480.20747215801
2026-08-30T19:48:45Z,NVIDIA H200 NVL,full,dyadic_normal32,Current DyadicNormal32,hot_uniform,forward,dot,67108864,512,256,32,fp64,shared,32,512,1,1,20.415004730224609,1.0000398669634123,0.10018491535533834,10,5,18,35,0.30329599976539612,-625480.20747215801
2026-08-30T19:48:45Z,NVIDIA H200 NVL,full,dyadic_normal32,Current DyadicNormal32,hot_uniform,forward,dot,67108864,512,256,32,fp64,shared,32,512,1,1,20.415004730224609,1.0000398669634123,0.10018491535533834,10,5,19,35,0.30092799663543701,-625480.20747215801
2026-08-30T19:48:45Z,NVIDIA H200 NVL,full,dyadic_normal32,Current DyadicNormal32,hot_uniform,forward,dot,67108864,512,256,32,fp64,shared,32,512,1,1,20.415004730224609,1.0000398669634123,0.10018491535533834,10,5,20,35,0.30198401212692261,-625480.20747215801
2026-08-30T19:48:45Z,NVIDIA H200 NVL,full,dyadic_normal32,Current DyadicNormal32,hot_uniform,forward,dot,67108864,512,256,32,fp64,shared,32,512,1,1,20.415004730224609,1.0000398669634123,0.10018491535533834,10,5,21,35,0.30137598514556885,-625480.20747215801
2026-08-30T19:48:45Z,NVIDIA H200 NVL,full,dyadic_normal32,Current DyadicNormal32,hot_uniform,forward,dot,67108864,512,256,32,fp64,shared,32,512,1,1,20.415004730224609,1.0000398669634123,0.10018491535533834,10,5,22,35,0.30265599489212036,-625480.20747215801
2026-08-30T19:48:45Z,NVIDIA H200 NVL,full,dyadic_normal32,Current DyadicNormal32,hot_uniform,forward,dot,67108864,512,256,32,fp64,shared,32,512,1,1,20.415004730224609,1.0000398669634123,0.10018491535533834,10,5,23,35,0.30108800530433655,-625480.20747215801
2026-08-30T19:48:45Z,NVIDIA H200 NVL,full,dyadic_normal32,Current DyadicNormal32,hot_uniform,forward,dot,67108864,512,256,32,fp64,shared,32,512,1,1,20.415004730224609,1.0000398669634123,0.10018491535533834,10,5,24,35,0.30268800258636475,-625480.20747215801
2026-08-30T19:48:45Z,NVIDIA H200 NVL,full,dyadic_sign_fused,Sign-fused decoder,hot_uniform,forward,dot,67108864,512,256,32,fp64,shared,32,512,1,1,20.415004730224609,1.0000398669634123,0.10018491535533834,10,5,0,36,0.29993599653244019,-625480.20747215801
2026-08-30T19:48:45Z,NVIDIA H200 NVL,full,dyadic_sign_fused,Sign-fused decoder,hot_uniform,forward,dot,67108864,512,256,32,fp64,shared,32,512,1,1,20.415004730224609,1.0000398669634123,0.10018491535533834,10,5,1,36,0.30079999566078186,-625480.20747215801
2026-08-30T19:48:45Z,NVIDIA H200 NVL,full,dyadic_sign_fused,Sign-fused decoder,hot_uniform,forward,dot,67108864,512,256,32,fp64,shared,32,512,1,1,20.415004730224609,1.0000398669634123,0.10018491535533834,10,5,2,36,0.30063998699188232,-625480.20747215801
2026-08-30T19:48:45Z,NVIDIA H200 NVL,full,dyadic_sign_fused,Sign-fused decoder,hot_uniform,forward,dot,67108864,512,256,32,fp64,shared,32,512,1,1,20.415004730224609,1.0000398669634123,0.10018491535533834,10,5,3,36,0.29849600791931152,-625480.20747215801
2026-08-30T19:48:45Z,NVIDIA H200 NVL,full,dyadic_sign_fused,Sign-fused decoder,hot_uniform,forward,dot,67108864,512,256,32,fp64,shared,32,512,1,1,20.415004730224609,1.0000398669634123,0.10018491535533834,10,5,4,36,0.29859200119972229,-625480.20747215801
2026-08-30T19:48:45Z,NVIDIA H200 NVL,full,dyadic_sign_fused,Sign-fused decoder,hot_uniform,forward,dot,67108864,512,256,32,fp64,shared,32,512,1,1,20.415004730224609,1.0000398669634123,0.10018491535533834,10,5,5,36,0.30035200715065002,-625480.20747215801
2026-08-30T19:48:45Z,NVIDIA H200 NVL,full,dyadic_sign_fused,Sign-fused decoder,hot_uniform,forward,dot,67108864,512,256,32,fp64,shared,32,512,1,1,20.415004730224609,1.0000398669634123,0.10018491535533834,10,5,6,36,0.30009600520133972,-625480.20747215801
2026-08-30T19:48:45Z,NVIDIA H200 NVL,full,dyadic_sign_fused,Sign-fused decoder,hot_uniform,forward,dot,67108864,512,256,32,fp64,shared,32,512,1,1,20.415004730224609,1.0000398669634123,0.10018491535533834,10,5,7,36,0.30048000812530518,-625480.20747215801
2026-08-30T19:48:45Z,NVIDIA H200 NVL,full,dyadic_sign_fused,Sign-fused decoder,hot_uniform,forward,dot,67108864,512,256,32,fp64,shared,32,512,1,1,20.415004730224609,1.0000398669634123,0.10018491535533834,10,5,8,36,0.30019199848175049,-625480.20747215801
2026-08-30T19:48:45Z,NVIDIA H200 NVL,full,dyadic_sign_fused,Sign-fused decoder,hot_uniform,forward,dot,67108864,512,256,32,fp64,shared,32,512,1,1,20.415004730224609,1.0000398669634123,0.10018491535533834,10,5,9,36,0.30019199848175049,-625480.20747215801
2026-08-30T19:48:45Z,NVIDIA H200 NVL,full,dyadic_sign_fused,Sign-fused decoder,hot_uniform,forward,dot,67108864,512,256,32,fp64,shared,32,512,1,1,20.415004730224609,1.0000398669634123,0.10018491535533834,10,5,10,36,0.29942399263381958,-625480.20747215801
2026-08-30T19:48:45Z,NVIDIA H200 NVL,full,dyadic_sign_fused,Sign-fused decoder,hot_uniform,forward,dot,67108864,512,256,32,fp64,shared,32,512,1,1,20.415004730224609,1.0000398669634123,0.10018491535533834,10,5,11,36,0.29971200227737427,-625480.20747215801
2026-08-30T19:48:45Z,NVIDIA H200 NVL,full,dyadic_sign_fused,Sign-fused decoder,hot_uniform,forward,dot,67108864,512,256,32,fp64,shared,32,512,1,1,20.415004730224609,1.0000398669634123,0.10018491535533834,10,5,12,36,0.30102398991584778,-625480.20747215801
2026-08-30T19:48:45Z,NVIDIA H200 NVL,full,dyadic_sign_fused,Sign-fused decoder,hot_uniform,forward,dot,67108864,512,256,32,fp64,shared,32,512,1,1,20.415004730224609,1.0000398669634123,0.10018491535533834,10,5,13,36,0.29980799555778503,-625480.20747215801
2026-08-30T19:48:45Z,NVIDIA H200 NVL,full,dyadic_sign_fused,Sign-fused decoder,hot_uniform,forward,dot,67108864,512,256,32,fp64,shared,32,512,1,1,20.415004730224609,1.0000398669634123,0.10018491535533834,10,5,14,36,0.30003198981285095,-625480.20747215801
2026-08-30T19:48:45Z,NVIDIA H200 NVL,full,dyadic_sign_fused,Sign-fused decoder,hot_uniform,forward,dot,67108864,512,256,32,fp64,shared,32,512,1,1,20.415004730224609,1.0000398669634123,0.10018491535533834,10,5,15,36,0.29840001463890076,-625480.20747215801
2026-08-30T19:48:45Z,NVIDIA H200 NVL,full,dyadic_sign_fused,Sign-fused decoder,hot_uniform,forward,dot,67108864,512,256,32,fp64,shared,32,512,1,1,20.415004730224609,1.0000398669634123,0.10018491535533834,10,5,16,36,0.30051198601722717,-625480.20747215801
2026-08-30T19:48:45Z,NVIDIA H200 NVL,full,dyadic_sign_fused,Sign-fused decoder,hot_uniform,forward,dot,67108864,512,256,32,fp64,shared,32,512,1,1,20.415004730224609,1.0000398669634123,0.10018491535533834,10,5,17,36,0.29814401268959045,-625480.20747215801
2026-08-30T19:48:45Z,NVIDIA H200 NVL,full,dyadic_sign_fused,Sign-fused decoder,hot_uniform,forward,dot,67108864,512,256,32,fp64,shared,32,512,1,1,20.415004730224609,1.0000398669634123,0.10018491535533834,10,5,18,36,0.29763200879096985,-625480.20747215801
2026-08-30T19:48:45Z,NVIDIA H200 NVL,full,dyadic_sign_fused,Sign-fused decoder,hot_uniform,forward,dot,67108864,512,256,32,fp64,shared,32,512,1,1,20.415004730224609,1.0000398669634123,0.10018491535533834,10,5,19,36,0.29843199253082275,-625480.20747215801
2026-08-30T19:48:45Z,NVIDIA H200 NVL,full,dyadic_sign_fused,Sign-fused decoder,hot_uniform,forward,dot,67108864,512,256,32,fp64,shared,32,512,1,1,20.415004730224609,1.0000398669634123,0.10018491535533834,10,5,20,36,0.29811200499534607,-625480.20747215801
2026-08-30T19:48:45Z,NVIDIA H200 NVL,full,dyadic_sign_fused,Sign-fused decoder,hot_uniform,forward,dot,67108864,512,256,32,fp64,shared,32,512,1,1,20.415004730224609,1.0000398669634123,0.10018491535533834,10,5,21,36,0.29836800694465637,-625480.20747215801
2026-08-30T19:48:45Z,NVIDIA H200 NVL,full,dyadic_sign_fused,Sign-fused decoder,hot_uniform,forward,dot,67108864,512,256,32,fp64,shared,32,512,1,1,20.415004730224609,1.0000398669634123,0.10018491535533834,10,5,22,36,0.30051198601722717,-625480.20747215801
2026-08-30T19:48:45Z,NVIDIA H200 NVL,full,dyadic_sign_fused,Sign-fused decoder,hot_uniform,forward,dot,67108864,512,256,32,fp64,shared,32,512,1,1,20.415004730224609,1.0000398669634123,0.10018491535533834,10,5,23,36,0.29855999350547791,-625480.20747215801
2026-08-30T19:48:45Z,NVIDIA H200 NVL,full,dyadic_sign_fused,Sign-fused decoder,hot_uniform,forward,dot,67108864,512,256,32,fp64,shared,32,512,1,1,20.415004730224609,1.0000398669634123,0.10018491535533834,10,5,24,36,0.30108800530433655,-625480.20747215801
2026-08-30T19:48:45Z,NVIDIA H200 NVL,full,dyadic_bitcast_shared,BitCast decoder with shared coefficients,hot_uniform,forward,dot,67108864,512,256,32,fp64,shared,32,512,1,1,20.415004730224609,1.0000398669634123,0.10018491535533834,10,5,0,37,0.29884800314903259,-625480.20747215813
2026-08-30T19:48:45Z,NVIDIA H200 NVL,full,dyadic_bitcast_shared,BitCast decoder with shared coefficients,hot_uniform,forward,dot,67108864,512,256,32,fp64,shared,32,512,1,1,20.415004730224609,1.0000398669634123,0.10018491535533834,10,5,1,37,0.29897600412368774,-625480.20747215813
2026-08-30T19:48:45Z,NVIDIA H200 NVL,full,dyadic_bitcast_shared,BitCast decoder with shared coefficients,hot_uniform,forward,dot,67108864,512,256,32,fp64,shared,32,512,1,1,20.415004730224609,1.0000398669634123,0.10018491535533834,10,5,2,37,0.29932799935340881,-625480.20747215813
2026-08-30T19:48:45Z,NVIDIA H200 NVL,full,dyadic_bitcast_shared,BitCast decoder with shared coefficients,hot_uniform,forward,dot,67108864,512,256,32,fp64,shared,32,512,1,1,20.415004730224609,1.0000398669634123,0.10018491535533834,10,5,3,37,0.30086401104927063,-625480.20747215813
2026-08-30T19:48:45Z,NVIDIA H200 NVL,full,dyadic_bitcast_shared,BitCast decoder with shared coefficients,hot_uniform,forward,dot,67108864,512,256,32,fp64,shared,32,512,1,1,20.415004730224609,1.0000398669634123,0.10018491535533834,10,5,4,37,0.30067199468612671,-625480.20747215813
2026-08-30T19:48:45Z,NVIDIA H200 NVL,full,dyadic_bitcast_shared,BitCast decoder with shared coefficients,hot_uniform,forward,dot,67108864,512,256,32,fp64,shared,32,512,1,1,20.415004730224609,1.0000398669634123,0.10018491535533834,10,5,5,37,0.30076798796653748,-625480.20747215813
2026-08-30T19:48:45Z,NVIDIA H200 NVL,full,dyadic_bitcast_shared,BitCast decoder with shared coefficients,hot_uniform,forward,dot,67108864,512,256,32,fp64,shared,32,512,1,1,20.415004730224609,1.0000398669634123,0.10018491535533834,10,5,6,37,0.30112001299858093,-625480.20747215813
2026-08-30T19:48:45Z,NVIDIA H200 NVL,full,dyadic_bitcast_shared,BitCast decoder with shared coefficients,hot_uniform,forward,dot,67108864,512,256,32,fp64,shared,32,512,1,1,20.415004730224609,1.0000398669634123,0.10018491535533834,10,5,7,37,0.30134400725364685,-625480.20747215813
2026-08-30T19:48:45Z,NVIDIA H200 NVL,full,dyadic_bitcast_shared,BitCast decoder with shared coefficients,hot_uniform,forward,dot,67108864,512,256,32,fp64,shared,32,512,1,1,20.415004730224609,1.0000398669634123,0.10018491535533834,10,5,8,37,0.30217599868774414,-625480.20747215813
2026-08-30T19:48:45Z,NVIDIA H200 NVL,full,dyadic_bitcast_shared,BitCast decoder with shared coefficients,hot_uniform,forward,dot,67108864,512,256,32,fp64,shared,32,512,1,1,20.415004730224609,1.0000398669634123,0.10018491535533834,10,5,9,37,0.30092799663543701,-625480.20747215813
2026-08-30T19:48:45Z,NVIDIA H200 NVL,full,dyadic_bitcast_shared,BitCast decoder with shared coefficients,hot_uniform,forward,dot,67108864,512,256,32,fp64,shared,32,512,1,1,20.415004730224609,1.0000398669634123,0.10018491535533834,10,5,10,37,0.3009600043296814,-625480.20747215813
2026-08-30T19:48:45Z,NVIDIA H200 NVL,full,dyadic_bitcast_shared,BitCast decoder with shared coefficients,hot_uniform,forward,dot,67108864,512,256,32,fp64,shared,32,512,1,1,20.415004730224609,1.0000398669634123,0.10018491535533834,10,5,11,37,0.30048000812530518,-625480.20747215813
2026-08-30T19:48:45Z,NVIDIA H200 NVL,full,dyadic_bitcast_shared,BitCast decoder with shared coefficients,hot_uniform,forward,dot,67108864,512,256,32,fp64,shared,32,512,1,1,20.415004730224609,1.0000398669634123,0.10018491535533834,10,5,12,37,0.30108800530433655,-625480.20747215813
2026-08-30T19:48:45Z,NVIDIA H200 NVL,full,dyadic_bitcast_shared,BitCast decoder with shared coefficients,hot_uniform,forward,dot,67108864,512,256,32,fp64,shared,32,512,1,1,20.415004730224609,1.0000398669634123,0.10018491535533834,10,5,13,37,0.30025601387023926,-625480.20747215813
2026-08-30T19:48:45Z,NVIDIA H200 NVL,full,dyadic_bitcast_shared,BitCast decoder with shared coefficients,hot_uniform,forward,dot,67108864,512,256,32,fp64,shared,32,512,1,1,20.415004730224609,1.0000398669634123,0.10018491535533834,10,5,14,37,0.30217599868774414,-625480.20747215813
2026-08-30T19:48:45Z,NVIDIA H200 NVL,full,dyadic_bitcast_shared,BitCast decoder with shared coefficients,hot_uniform,forward,dot,67108864,512,256,32,fp64,shared,32,512,1,1,20.415004730224609,1.0000398669634123,0.10018491535533834,10,5,15,37,0.30137598514556885,-625480.20747215813
2026-08-30T19:48:45Z,NVIDIA H200 NVL,full,dyadic_bitcast_shared,BitCast decoder with shared coefficients,hot_uniform,forward,dot,67108864,512,256,32,fp64,shared,32,512,1,1,20.415004730224609,1.0000398669634123,0.10018491535533834,10,5,16,37,0.30131199955940247,-625480.20747215813
2026-08-30T19:48:45Z,NVIDIA H200 NVL,full,dyadic_bitcast_shared,BitCast decoder with shared coefficients,hot_uniform,forward,dot,67108864,512,256,32,fp64,shared,32,512,1,1,20.415004730224609,1.0000398669634123,0.10018491535533834,10,5,17,37,0.29929599165916443,-625480.20747215813
2026-08-30T19:48:45Z,NVIDIA H200 NVL,full,dyadic_bitcast_shared,BitCast decoder with shared coefficients,hot_uniform,forward,dot,67108864,512,256,32,fp64,shared,32,512,1,1,20.415004730224609,1.0000398669634123,0.10018491535533834,10,5,18,37,0.30252799391746521,-625480.20747215813
2026-08-30T19:48:45Z,NVIDIA H200 NVL,full,dyadic_bitcast_shared,BitCast decoder with shared coefficients,hot_uniform,forward,dot,67108864,512,256,32,fp64,shared,32,512,1,1,20.415004730224609,1.0000398669634123,0.10018491535533834,10,5,19,37,0.30153599381446838,-625480.20747215813
2026-08-30T19:48:45Z,NVIDIA H200 NVL,full,dyadic_bitcast_shared,BitCast decoder with shared coefficients,hot_uniform,forward,dot,67108864,512,256,32,fp64,shared,32,512,1,1,20.415004730224609,1.0000398669634123,0.10018491535533834,10,5,20,37,0.30291199684143066,-625480.20747215813
2026-08-30T19:48:45Z,NVIDIA H200 NVL,full,dyadic_bitcast_shared,BitCast decoder with shared coefficients,hot_uniform,forward,dot,67108864,512,256,32,fp64,shared,32,512,1,1,20.415004730224609,1.0000398669634123,0.10018491535533834,10,5,21,37,0.29942399263381958,-625480.20747215813
2026-08-30T19:48:45Z,NVIDIA H200 NVL,full,dyadic_bitcast_shared,BitCast decoder with shared coefficients,hot_uniform,forward,dot,67108864,512,256,32,fp64,shared,32,512,1,1,20.415004730224609,1.0000398669634123,0.10018491535533834,10,5,22,37,0.2993600070476532,-625480.20747215813
2026-08-30T19:48:45Z,NVIDIA H200 NVL,full,dyadic_bitcast_shared,BitCast decoder with shared coefficients,hot_uniform,forward,dot,67108864,512,256,32,fp64,shared,32,512,1,1,20.415004730224609,1.0000398669634123,0.10018491535533834,10,5,23,37,0.30108800530433655,-625480.20747215813
2026-08-30T19:48:45Z,NVIDIA H200 NVL,full,dyadic_bitcast_shared,BitCast decoder with shared coefficients,hot_uniform,forward,dot,67108864,512,256,32,fp64,shared,32,512,1,1,20.415004730224609,1.0000398669634123,0.10018491535533834,10,5,24,37,0.30419200658798218,-625480.20747215813
2026-08-30T19:48:45Z,NVIDIA H200 NVL,full,dyadic_bitcast_constant,BitCast decoder with constant coefficients,hot_uniform,forward,dot,67108864,512,256,32,fp64,constant,32,512,1,1,20.415004730224609,1.0000398669634123,0.10018491535533834,10,5,0,38,1.5393919944763184,-625480.20747215813
2026-08-30T19:48:45Z,NVIDIA H200 NVL,full,dyadic_bitcast_constant,BitCast decoder with constant coefficients,hot_uniform,forward,dot,67108864,512,256,32,fp64,constant,32,512,1,1,20.415004730224609,1.0000398669634123,0.10018491535533834,10,5,1,38,1.5421760082244873,-625480.20747215813
2026-08-30T19:48:45Z,NVIDIA H200 NVL,full,dyadic_bitcast_constant,BitCast decoder with constant coefficients,hot_uniform,forward,dot,67108864,512,256,32,fp64,constant,32,512,1,1,20.415004730224609,1.0000398669634123,0.10018491535533834,10,5,2,38,1.5420800447463989,-625480.20747215813
2026-08-30T19:48:45Z,NVIDIA H200 NVL,full,dyadic_bitcast_constant,BitCast decoder with constant coefficients,hot_uniform,forward,dot,67108864,512,256,32,fp64,constant,32,512,1,1,20.415004730224609,1.0000398669634123,0.10018491535533834,10,5,3,38,1.5421119928359985,-625480.20747215813
2026-08-30T19:48:45Z,NVIDIA H200 NVL,full,dyadic_bitcast_constant,BitCast decoder with constant coefficients,hot_uniform,forward,dot,67108864,512,256,32,fp64,constant,32,512,1,1,20.415004730224609,1.0000398669634123,0.10018491535533834,10,5,4,38,1.5414719581604004,-625480.20747215813
2026-08-30T19:48:45Z,NVIDIA H200 NVL,full,dyadic_bitcast_constant,BitCast decoder with constant coefficients,hot_uniform,forward,dot,67108864,512,256,32,fp64,constant,32,512,1,1,20.415004730224609,1.0000398669634123,0.10018491535533834,10,5,5,38,1.5419520139694214,-625480.20747215813
2026-08-30T19:48:45Z,NVIDIA H200 NVL,full,dyadic_bitcast_constant,BitCast decoder with constant coefficients,hot_uniform,forward,dot,67108864,512,256,32,fp64,constant,32,512,1,1,20.415004730224609,1.0000398669634123,0.10018491535533834,10,5,6,38,1.5423359870910645,-625480.20747215813
2026-08-30T19:48:45Z,NVIDIA H200 NVL,full,dyadic_bitcast_constant,BitCast decoder with constant coefficients,hot_uniform,forward,dot,67108864,512,256,32,fp64,constant,32,512,1,1,20.415004730224609,1.0000398669634123,0.10018491535533834,10,5,7,38,1.5421439409255981,-625480.20747215813
2026-08-30T19:48:45Z,NVIDIA H200 NVL,full,dyadic_bitcast_constant,BitCast decoder with constant coefficients,hot_uniform,forward,dot,67108864,512,256,32,fp64,constant,32,512,1,1,20.415004730224609,1.0000398669634123,0.10018491535533834,10,5,8,38,1.541375994682312,-625480.20747215813
2026-08-30T19:48:45Z,NVIDIA H200 NVL,full,dyadic_bitcast_constant,BitCast decoder with constant coefficients,hot_uniform,forward,dot,67108864,512,256,32,fp64,constant,32,512,1,1,20.415004730224609,1.0000398669634123,0.10018491535533834,10,5,9,38,1.5410560369491577,-625480.20747215813
2026-08-30T19:48:45Z,NVIDIA H200 NVL,full,dyadic_bitcast_constant,BitCast decoder with constant coefficients,hot_uniform,forward,dot,67108864,512,256,32,fp64,constant,32,512,1,1,20.415004730224609,1.0000398669634123,0.10018491535533834,10,5,10,38,1.5424319505691528,-625480.20747215813
2026-08-30T19:48:45Z,NVIDIA H200 NVL,full,dyadic_bitcast_constant,BitCast decoder with constant coefficients,hot_uniform,forward,dot,67108864,512,256,32,fp64,constant,32,512,1,1,20.415004730224609,1.0000398669634123,0.10018491535533834,10,5,11,38,1.54038405418396,-625480.20747215813
2026-08-30T19:48:45Z,NVIDIA H200 NVL,full,dyadic_bitcast_constant,BitCast decoder with constant coefficients,hot_uniform,forward,dot,67108864,512,256,32,fp64,constant,32,512,1,1,20.415004730224609,1.0000398669634123,0.10018491535533834,10,5,12,38,1.5421760082244873,-625480.20747215813
2026-08-30T19:48:45Z,NVIDIA H200 NVL,full,dyadic_bitcast_constant,BitCast decoder with constant coefficients,hot_uniform,forward,dot,67108864,512,256,32,fp64,constant,32,512,1,1,20.415004730224609,1.0000398669634123,0.10018491535533834,10,5,13,38,1.5432319641113281,-625480.20747215813
2026-08-30T19:48:45Z,NVIDIA H200 NVL,full,dyadic_bitcast_constant,BitCast decoder with constant coefficients,hot_uniform,forward,dot,67108864,512,256,32,fp64,constant,32,512,1,1,20.415004730224609,1.0000398669634123,0.10018491535533834,10,5,14,38,1.5433280467987061,-625480.20747215813
2026-08-30T19:48:45Z,NVIDIA H200 NVL,full,dyadic_bitcast_constant,BitCast decoder with constant coefficients,hot_uniform,forward,dot,67108864,512,256,32,fp64,constant,32,512,1,1,20.415004730224609,1.0000398669634123,0.10018491535533834,10,5,15,38,1.5415999889373779,-625480.20747215813
2026-08-30T19:48:45Z,NVIDIA H200 NVL,full,dyadic_bitcast_constant,BitCast decoder with constant coefficients,hot_uniform,forward,dot,67108864,512,256,32,fp64,constant,32,512,1,1,20.415004730224609,1.0000398669634123,0.10018491535533834,10,5,16,38,1.5432959794998169,-625480.20747215813
2026-08-30T19:48:45Z,NVIDIA H200 NVL,full,dyadic_bitcast_constant,BitCast decoder with constant coefficients,hot_uniform,forward,dot,67108864,512,256,32,fp64,constant,32,512,1,1,20.415004730224609,1.0000398669634123,0.10018491535533834,10,5,17,38,1.5416640043258667,-625480.20747215813
2026-08-30T19:48:45Z,NVIDIA H200 NVL,full,dyadic_bitcast_constant,BitCast decoder with constant coefficients,hot_uniform,forward,dot,67108864,512,256,32,fp64,constant,32,512,1,1,20.415004730224609,1.0000398669634123,0.10018491535533834,10,5,18,38,1.5427520275115967,-625480.20747215813
2026-08-30T19:48:45Z,NVIDIA H200 NVL,full,dyadic_bitcast_constant,BitCast decoder with constant coefficients,hot_uniform,forward,dot,67108864,512,256,32,fp64,constant,32,512,1,1,20.415004730224609,1.0000398669634123,0.10018491535533834,10,5,19,38,1.5421439409255981,-625480.20747215813
2026-08-30T19:48:45Z,NVIDIA H200 NVL,full,dyadic_bitcast_constant,BitCast decoder with constant coefficients,hot_uniform,forward,dot,67108864,512,256,32,fp64,constant,32,512,1,1,20.415004730224609,1.0000398669634123,0.10018491535533834,10,5,20,38,1.5402239561080933,-625480.20747215813
2026-08-30T19:48:45Z,NVIDIA H200 NVL,full,dyadic_bitcast_constant,BitCast decoder with constant coefficients,hot_uniform,forward,dot,67108864,512,256,32,fp64,constant,32,512,1,1,20.415004730224609,1.0000398669634123,0.10018491535533834,10,5,21,38,1.54367995262146,-625480.20747215813
2026-08-30T19:48:45Z,NVIDIA H200 NVL,full,dyadic_bitcast_constant,BitCast decoder with constant coefficients,hot_uniform,forward,dot,67108864,512,256,32,fp64,constant,32,512,1,1,20.415004730224609,1.0000398669634123,0.10018491535533834,10,5,22,38,1.5446079969406128,-625480.20747215813
2026-08-30T19:48:45Z,NVIDIA H200 NVL,full,dyadic_bitcast_constant,BitCast decoder with constant coefficients,hot_uniform,forward,dot,67108864,512,256,32,fp64,constant,32,512,1,1,20.415004730224609,1.0000398669634123,0.10018491535533834,10,5,23,38,1.5413119792938232,-625480.20747215813
2026-08-30T19:48:45Z,NVIDIA H200 NVL,full,dyadic_bitcast_constant,BitCast decoder with constant coefficients,hot_uniform,forward,dot,67108864,512,256,32,fp64,constant,32,512,1,1,20.415004730224609,1.0000398669634123,0.10018491535533834,10,5,24,38,1.5420479774475098,-625480.20747215813
2026-08-30T19:48:45Z,NVIDIA H200 NVL,full,dyadic_normal32,Current DyadicNormal32,genuine_n01,forward,dot,67108864,512,256,32,fp64,shared,32,512,0.10018491535533834,nan,2.9449117183685303,0.10017969519548735,0.10018491535533834,10,5,0,39,0.29251199960708618,3047.1850470218305
2026-08-30T19:48:45Z,NVIDIA H200 NVL,full,dyadic_normal32,Current DyadicNormal32,genuine_n01,forward,dot,67108864,512,256,32,fp64,shared,32,512,0.10018491535533834,nan,2.9449117183685303,0.10017969519548735,0.10018491535533834,10,5,1,39,0.29443201422691345,3047.1850470218305
2026-08-30T19:48:45Z,NVIDIA H200 NVL,full,dyadic_normal32,Current DyadicNormal32,genuine_n01,forward,dot,67108864,512,256,32,fp64,shared,32,512,0.10018491535533834,nan,2.9449117183685303,0.10017969519548735,0.10018491535533834,10,5,2,39,0.29555198550224304,3047.1850470218305
2026-08-30T19:48:45Z,NVIDIA H200 NVL,full,dyadic_normal32,Current DyadicNormal32,genuine_n01,forward,dot,67108864,512,256,32,fp64,shared,32,512,0.10018491535533834,nan,2.9449117183685303,0.10017969519548735,0.10018491535533834,10,5,3,39,0.29411199688911438,3047.1850470218305
2026-08-30T19:48:45Z,NVIDIA H200 NVL,full,dyadic_normal32,Current DyadicNormal32,genuine_n01,forward,dot,67108864,512,256,32,fp64,shared,32,512,0.10018491535533834,nan,2.9449117183685303,0.10017969519548735,0.10018491535533834,10,5,4,39,0.29542401432991028,3047.1850470218305
2026-08-30T19:48:45Z,NVIDIA H200 NVL,full,dyadic_normal32,Current DyadicNormal32,genuine_n01,forward,dot,67108864,512,256,32,fp64,shared,32,512,0.10018491535533834,nan,2.9449117183685303,0.10017969519548735,0.10018491535533834,10,5,5,39,0.29465600848197937,3047.1850470218305
2026-08-30T19:48:45Z,NVIDIA H200 NVL,full,dyadic_normal32,Current DyadicNormal32,genuine_n01,forward,dot,67108864,512,256,32,fp64,shared,32,512,0.10018491535533834,nan,2.9449117183685303,0.10017969519548735,0.10018491535533834,10,5,6,39,0.29811200499534607,3047.1850470218305
2026-08-30T19:48:45Z,NVIDIA H200 NVL,full,dyadic_normal32,Current DyadicNormal32,genuine_n01,forward,dot,67108864,512,256,32,fp64,shared,32,512,0.10018491535533834,nan,2.9449117183685303,0.10017969519548735,0.10018491535533834,10,5,7,39,0.29260799288749695,3047.1850470218305
2026-08-30T19:48:45Z,NVIDIA H200 NVL,full,dyadic_normal32,Current DyadicNormal32,genuine_n01,forward,dot,67108864,512,256,32,fp64,shared,32,512,0.10018491535533834,nan,2.9449117183685303,0.10017969519548735,0.10018491535533834,10,5,8,39,0.29625600576400757,3047.1850470218305
2026-08-30T19:48:45Z,NVIDIA H200 NVL,full,dyadic_normal32,Current DyadicNormal32,genuine_n01,forward,dot,67108864,512,256,32,fp64,shared,32,512,0.10018491535533834,nan,2.9449117183685303,0.10017969519548735,0.10018491535533834,10,5,9,39,0.29465600848197937,3047.1850470218305
2026-08-30T19:48:45Z,NVIDIA H200 NVL,full,dyadic_normal32,Current DyadicNormal32,genuine_n01,forward,dot,67108864,512,256,32,fp64,shared,32,512,0.10018491535533834,nan,2.9449117183685303,0.10017969519548735,0.10018491535533834,10,5,10,39,0.29411199688911438,3047.1850470218305
2026-08-30T19:48:45Z,NVIDIA H200 NVL,full,dyadic_normal32,Current DyadicNormal32,genuine_n01,forward,dot,67108864,512,256,32,fp64,shared,32,512,0.10018491535533834,nan,2.9449117183685303,0.10017969519548735,0.10018491535533834,10,5,11,39,0.29359999299049377,3047.1850470218305
2026-08-30T19:48:45Z,NVIDIA H200 NVL,full,dyadic_normal32,Current DyadicNormal32,genuine_n01,forward,dot,67108864,512,256,32,fp64,shared,32,512,0.10018491535533834,nan,2.9449117183685303,0.10017969519548735,0.10018491535533834,10,5,12,39,0.29622399806976318,3047.1850470218305
2026-08-30T19:48:45Z,NVIDIA H200 NVL,full,dyadic_normal32,Current DyadicNormal32,genuine_n01,forward,dot,67108864,512,256,32,fp64,shared,32,512,0.10018491535533834,nan,2.9449117183685303,0.10017969519548735,0.10018491535533834,10,5,13,39,0.29555198550224304,3047.1850470218305
2026-08-30T19:48:45Z,NVIDIA H200 NVL,full,dyadic_normal32,Current DyadicNormal32,genuine_n01,forward,dot,67108864,512,256,32,fp64,shared,32,512,0.10018491535533834,nan,2.9449117183685303,0.10017969519548735,0.10018491535533834,10,5,14,39,0.29436799883842468,3047.1850470218305
2026-08-30T19:48:45Z,NVIDIA H200 NVL,full,dyadic_normal32,Current DyadicNormal32,genuine_n01,forward,dot,67108864,512,256,32,fp64,shared,32,512,0.10018491535533834,nan,2.9449117183685303,0.10017969519548735,0.10018491535533834,10,5,15,39,0.29519999027252197,3047.1850470218305
2026-08-30T19:48:45Z,NVIDIA H200 NVL,full,dyadic_normal32,Current DyadicNormal32,genuine_n01,forward,dot,67108864,512,256,32,fp64,shared,32,512,0.10018491535533834,nan,2.9449117183685303,0.10017969519548735,0.10018491535533834,10,5,16,39,0.29475200176239014,3047.1850470218305
2026-08-30T19:48:45Z,NVIDIA H200 NVL,full,dyadic_normal32,Current DyadicNormal32,genuine_n01,forward,dot,67108864,512,256,32,fp64,shared,32,512,0.10018491535533834,nan,2.9449117183685303,0.10017969519548735,0.10018491535533834,10,5,17,39,0.29488000273704529,3047.1850470218305
2026-08-30T19:48:45Z,NVIDIA H200 NVL,full,dyadic_normal32,Current DyadicNormal32,genuine_n01,forward,dot,67108864,512,256,32,fp64,shared,32,512,0.10018491535533834,nan,2.9449117183685303,0.10017969519548735,0.10018491535533834,10,5,18,39,0.29446399211883545,3047.1850470218305
2026-08-30T19:48:45Z,NVIDIA H200 NVL,full,dyadic_normal32,Current DyadicNormal32,genuine_n01,forward,dot,67108864,512,256,32,fp64,shared,32,512,0.10018491535533834,nan,2.9449117183685303,0.10017969519548735,0.10018491535533834,10,5,19,39,0.29388800263404846,3047.1850470218305
2026-08-30T19:48:45Z,NVIDIA H200 NVL,full,dyadic_normal32,Current DyadicNormal32,genuine_n01,forward,dot,67108864,512,256,32,fp64,shared,32,512,0.10018491535533834,nan,2.9449117183685303,0.10017969519548735,0.10018491535533834,10,5,20,39,0.294048011302948,3047.1850470218305
2026-08-30T19:48:45Z,NVIDIA H200 NVL,full,dyadic_normal32,Current DyadicNormal32,genuine_n01,forward,dot,67108864,512,256,32,fp64,shared,32,512,0.10018491535533834,nan,2.9449117183685303,0.10017969519548735,0.10018491535533834,10,5,21,39,0.29232001304626465,3047.1850470218305
2026-08-30T19:48:45Z,NVIDIA H200 NVL,full,dyadic_normal32,Current DyadicNormal32,genuine_n01,forward,dot,67108864,512,256,32,fp64,shared,32,512,0.10018491535533834,nan,2.9449117183685303,0.10017969519548735,0.10018491535533834,10,5,22,39,0.29420799016952515,3047.1850470218305
2026-08-30T19:48:45Z,NVIDIA H200 NVL,full,dyadic_normal32,Current DyadicNormal32,genuine_n01,forward,dot,67108864,512,256,32,fp64,shared,32,512,0.10018491535533834,nan,2.9449117183685303,0.10017969519548735,0.10018491535533834,10,5,23,39,0.29321599006652832,3047.1850470218305
2026-08-30T19:48:45Z,NVIDIA H200 NVL,full,dyadic_normal32,Current DyadicNormal32,genuine_n01,forward,dot,67108864,512,256,32,fp64,shared,32,512,0.10018491535533834,nan,2.9449117183685303,0.10017969519548735,0.10018491535533834,10,5,24,39,0.29465600848197937,3047.1850470218305
2026-08-30T19:48:45Z,NVIDIA H200 NVL,full,dyadic_sign_fused,Sign-fused decoder,genuine_n01,forward,dot,67108864,512,256,32,fp64,shared,32,512,0.10018491535533834,nan,2.9449117183685303,0.10017969519548735,0.10018491535533834,10,5,0,40,0.29187199473381042,3047.1850470218305
2026-08-30T19:48:45Z,NVIDIA H200 NVL,full,dyadic_sign_fused,Sign-fused decoder,genuine_n01,forward,dot,67108864,512,256,32,fp64,shared,32,512,0.10018491535533834,nan,2.9449117183685303,0.10017969519548735,0.10018491535533834,10,5,1,40,0.29295998811721802,3047.1850470218305
2026-08-30T19:48:45Z,NVIDIA H200 NVL,full,dyadic_sign_fused,Sign-fused decoder,genuine_n01,forward,dot,67108864,512,256,32,fp64,shared,32,512,0.10018491535533834,nan,2.9449117183685303,0.10017969519548735,0.10018491535533834,10,5,2,40,0.29526400566101074,3047.1850470218305
2026-08-30T19:48:45Z,NVIDIA H200 NVL,full,dyadic_sign_fused,Sign-fused decoder,genuine_n01,forward,dot,67108864,512,256,32,fp64,shared,32,512,0.10018491535533834,nan,2.9449117183685303,0.10017969519548735,0.10018491535533834,10,5,3,40,0.29264000058174133,3047.1850470218305
2026-08-30T19:48:45Z,NVIDIA H200 NVL,full,dyadic_sign_fused,Sign-fused decoder,genuine_n01,forward,dot,67108864,512,256,32,fp64,shared,32,512,0.10018491535533834,nan,2.9449117183685303,0.10017969519548735,0.10018491535533834,10,5,4,40,0.29270398616790771,3047.1850470218305
2026-08-30T19:48:45Z,NVIDIA H200 NVL,full,dyadic_sign_fused,Sign-fused decoder,genuine_n01,forward,dot,67108864,512,256,32,fp64,shared,32,512,0.10018491535533834,nan,2.9449117183685303,0.10017969519548735,0.10018491535533834,10,5,5,40,0.29369598627090454,3047.1850470218305
2026-08-30T19:48:45Z,NVIDIA H200 NVL,full,dyadic_sign_fused,Sign-fused decoder,genuine_n01,forward,dot,67108864,512,256,32,fp64,shared,32,512,0.10018491535533834,nan,2.9449117183685303,0.10017969519548735,0.10018491535533834,10,5,6,40,0.29251199960708618,3047.1850470218305
2026-08-30T19:48:45Z,NVIDIA H200 NVL,full,dyadic_sign_fused,Sign-fused decoder,genuine_n01,forward,dot,67108864,512,256,32,fp64,shared,32,512,0.10018491535533834,nan,2.9449117183685303,0.10017969519548735,0.10018491535533834,10,5,7,40,0.29193601012229919,3047.1850470218305
2026-08-30T19:48:45Z,NVIDIA H200 NVL,full,dyadic_sign_fused,Sign-fused decoder,genuine_n01,forward,dot,67108864,512,256,32,fp64,shared,32,512,0.10018491535533834,nan,2.9449117183685303,0.10017969519548735,0.10018491535533834,10,5,8,40,0.29193601012229919,3047.1850470218305
2026-08-30T19:48:45Z,NVIDIA H200 NVL,full,dyadic_sign_fused,Sign-fused decoder,genuine_n01,forward,dot,67108864,512,256,32,fp64,shared,32,512,0.10018491535533834,nan,2.9449117183685303,0.10017969519548735,0.10018491535533834,10,5,9,40,0.29356798529624939,3047.1850470218305
2026-08-30T19:48:45Z,NVIDIA H200 NVL,full,dyadic_sign_fused,Sign-fused decoder,genuine_n01,forward,dot,67108864,512,256,32,fp64,shared,32,512,0.10018491535533834,nan,2.9449117183685303,0.10017969519548735,0.10018491535533834,10,5,10,40,0.29308798909187317,3047.1850470218305
2026-08-30T19:48:45Z,NVIDIA H200 NVL,full,dyadic_sign_fused,Sign-fused decoder,genuine_n01,forward,dot,67108864,512,256,32,fp64,shared,32,512,0.10018491535533834,nan,2.9449117183685303,0.10017969519548735,0.10018491535533834,10,5,11,40,0.29260799288749695,3047.1850470218305
2026-08-30T19:48:45Z,NVIDIA H200 NVL,full,dyadic_sign_fused,Sign-fused decoder,genuine_n01,forward,dot,67108864,512,256,32,fp64,shared,32,512,0.10018491535533834,nan,2.9449117183685303,0.10017969519548735,0.10018491535533834,10,5,12,40,0.2929919958114624,3047.1850470218305
2026-08-30T19:48:45Z,NVIDIA H200 NVL,full,dyadic_sign_fused,Sign-fused decoder,genuine_n01,forward,dot,67108864,512,256,32,fp64,shared,32,512,0.10018491535533834,nan,2.9449117183685303,0.10017969519548735,0.10018491535533834,10,5,13,40,0.29123198986053467,3047.1850470218305
2026-08-30T19:48:45Z,NVIDIA H200 NVL,full,dyadic_sign_fused,Sign-fused decoder,genuine_n01,forward,dot,67108864,512,256,32,fp64,shared,32,512,0.10018491535533834,nan,2.9449117183685303,0.10017969519548735,0.10018491535533834,10,5,14,40,0.2927359938621521,3047.1850470218305
2026-08-30T19:48:45Z,NVIDIA H200 NVL,full,dyadic_sign_fused,Sign-fused decoder,genuine_n01,forward,dot,67108864,512,256,32,fp64,shared,32,512,0.10018491535533834,nan,2.9449117183685303,0.10017969519548735,0.10018491535533834,10,5,15,40,0.29196798801422119,3047.1850470218305
2026-08-30T19:48:45Z,NVIDIA H200 NVL,full,dyadic_sign_fused,Sign-fused decoder,genuine_n01,forward,dot,67108864,512,256,32,fp64,shared,32,512,0.10018491535533834,nan,2.9449117183685303,0.10017969519548735,0.10018491535533834,10,5,16,40,0.29382398724555969,3047.1850470218305
2026-08-30T19:48:45Z,NVIDIA H200 NVL,full,dyadic_sign_fused,Sign-fused decoder,genuine_n01,forward,dot,67108864,512,256,32,fp64,shared,32,512,0.10018491535533834,nan,2.9449117183685303,0.10017969519548735,0.10018491535533834,10,5,17,40,0.29286399483680725,3047.1850470218305
2026-08-30T19:48:45Z,NVIDIA H200 NVL,full,dyadic_sign_fused,Sign-fused decoder,genuine_n01,forward,dot,67108864,512,256,32,fp64,shared,32,512,0.10018491535533834,nan,2.9449117183685303,0.10017969519548735,0.10018491535533834,10,5,18,40,0.29359999299049377,3047.1850470218305
2026-08-30T19:48:45Z,NVIDIA H200 NVL,full,dyadic_sign_fused,Sign-fused decoder,genuine_n01,forward,dot,67108864,512,256,32,fp64,shared,32,512,0.10018491535533834,nan,2.9449117183685303,0.10017969519548735,0.10018491535533834,10,5,19,40,0.29475200176239014,3047.1850470218305
2026-08-30T19:48:45Z,NVIDIA H200 NVL,full,dyadic_sign_fused,Sign-fused decoder,genuine_n01,forward,dot,67108864,512,256,32,fp64,shared,32,512,0.10018491535533834,nan,2.9449117183685303,0.10017969519548735,0.10018491535533834,10,5,20,40,0.29135999083518982,3047.1850470218305
2026-08-30T19:48:45Z,NVIDIA H200 NVL,full,dyadic_sign_fused,Sign-fused decoder,genuine_n01,forward,dot,67108864,512,256,32,fp64,shared,32,512,0.10018491535533834,nan,2.9449117183685303,0.10017969519548735,0.10018491535533834,10,5,21,40,0.2927359938621521,3047.1850470218305
2026-08-30T19:48:45Z,NVIDIA H200 NVL,full,dyadic_sign_fused,Sign-fused decoder,genuine_n01,forward,dot,67108864,512,256,32,fp64,shared,32,512,0.10018491535533834,nan,2.9449117183685303,0.10017969519548735,0.10018491535533834,10,5,22,40,0.29286399483680725,3047.1850470218305
2026-08-30T19:48:45Z,NVIDIA H200 NVL,full,dyadic_sign_fused,Sign-fused decoder,genuine_n01,forward,dot,67108864,512,256,32,fp64,shared,32,512,0.10018491535533834,nan,2.9449117183685303,0.10017969519548735,0.10018491535533834,10,5,23,40,0.29196798801422119,3047.1850470218305
2026-08-30T19:48:45Z,NVIDIA H200 NVL,full,dyadic_sign_fused,Sign-fused decoder,genuine_n01,forward,dot,67108864,512,256,32,fp64,shared,32,512,0.10018491535533834,nan,2.9449117183685303,0.10017969519548735,0.10018491535533834,10,5,24,40,0.29276800155639648,3047.1850470218305
2026-08-30T19:48:45Z,NVIDIA H200 NVL,full,dyadic_bitcast_shared,BitCast decoder with shared coefficients,genuine_n01,forward,dot,67108864,512,256,32,fp64,shared,32,512,0.10018491535533834,nan,2.9449117183685303,0.10017969519548735,0.10018491535533834,10,5,0,41,0.29168000817298889,3047.1850470218296
2026-08-30T19:48:45Z,NVIDIA H200 NVL,full,dyadic_bitcast_shared,BitCast decoder with shared coefficients,genuine_n01,forward,dot,67108864,512,256,32,fp64,shared,32,512,0.10018491535533834,nan,2.9449117183685303,0.10017969519548735,0.10018491535533834,10,5,1,41,0.29280000925064087,3047.1850470218296
2026-08-30T19:48:45Z,NVIDIA H200 NVL,full,dyadic_bitcast_shared,BitCast decoder with shared coefficients,genuine_n01,forward,dot,67108864,512,256,32,fp64,shared,32,512,0.10018491535533834,nan,2.9449117183685303,0.10017969519548735,0.10018491535533834,10,5,2,41,0.29369598627090454,3047.1850470218296
2026-08-30T19:48:45Z,NVIDIA H200 NVL,full,dyadic_bitcast_shared,BitCast decoder with shared coefficients,genuine_n01,forward,dot,67108864,512,256,32,fp64,shared,32,512,0.10018491535533834,nan,2.9449117183685303,0.10017969519548735,0.10018491535533834,10,5,3,41,0.29305601119995117,3047.1850470218296
2026-08-30T19:48:45Z,NVIDIA H200 NVL,full,dyadic_bitcast_shared,BitCast decoder with shared coefficients,genuine_n01,forward,dot,67108864,512,256,32,fp64,shared,32,512,0.10018491535533834,nan,2.9449117183685303,0.10017969519548735,0.10018491535533834,10,5,4,41,0.29331201314926147,3047.1850470218296
2026-08-30T19:48:45Z,NVIDIA H200 NVL,full,dyadic_bitcast_shared,BitCast decoder with shared coefficients,genuine_n01,forward,dot,67108864,512,256,32,fp64,shared,32,512,0.10018491535533834,nan,2.9449117183685303,0.10017969519548735,0.10018491535533834,10,5,5,41,0.29187199473381042,3047.1850470218296
2026-08-30T19:48:45Z,NVIDIA H200 NVL,full,dyadic_bitcast_shared,BitCast decoder with shared coefficients,genuine_n01,forward,dot,67108864,512,256,32,fp64,shared,32,512,0.10018491535533834,nan,2.9449117183685303,0.10017969519548735,0.10018491535533834,10,5,6,41,0.29398399591445923,3047.1850470218296
2026-08-30T19:48:45Z,NVIDIA H200 NVL,full,dyadic_bitcast_shared,BitCast decoder with shared coefficients,genuine_n01,forward,dot,67108864,512,256,32,fp64,shared,32,512,0.10018491535533834,nan,2.9449117183685303,0.10017969519548735,0.10018491535533834,10,5,7,41,0.29235199093818665,3047.1850470218296
2026-08-30T19:48:45Z,NVIDIA H200 NVL,full,dyadic_bitcast_shared,BitCast decoder with shared coefficients,genuine_n01,forward,dot,67108864,512,256,32,fp64,shared,32,512,0.10018491535533834,nan,2.9449117183685303,0.10017969519548735,0.10018491535533834,10,5,8,41,0.29385599493980408,3047.1850470218296
2026-08-30T19:48:45Z,NVIDIA H200 NVL,full,dyadic_bitcast_shared,BitCast decoder with shared coefficients,genuine_n01,forward,dot,67108864,512,256,32,fp64,shared,32,512,0.10018491535533834,nan,2.9449117183685303,0.10017969519548735,0.10018491535533834,10,5,9,41,0.29235199093818665,3047.1850470218296
2026-08-30T19:48:45Z,NVIDIA H200 NVL,full,dyadic_bitcast_shared,BitCast decoder with shared coefficients,genuine_n01,forward,dot,67108864,512,256,32,fp64,shared,32,512,0.10018491535533834,nan,2.9449117183685303,0.10017969519548735,0.10018491535533834,10,5,10,41,0.29494398832321167,3047.1850470218296
2026-08-30T19:48:45Z,NVIDIA H200 NVL,full,dyadic_bitcast_shared,BitCast decoder with shared coefficients,genuine_n01,forward,dot,67108864,512,256,32,fp64,shared,32,512,0.10018491535533834,nan,2.9449117183685303,0.10017969519548735,0.10018491535533834,10,5,11,41,0.29232001304626465,3047.1850470218296
2026-08-30T19:48:45Z,NVIDIA H200 NVL,full,dyadic_bitcast_shared,BitCast decoder with shared coefficients,genuine_n01,forward,dot,67108864,512,256,32,fp64,shared,32,512,0.10018491535533834,nan,2.9449117183685303,0.10017969519548735,0.10018491535533834,10,5,12,41,0.29347199201583862,3047.1850470218296
2026-08-30T19:48:45Z,NVIDIA H200 NVL,full,dyadic_bitcast_shared,BitCast decoder with shared coefficients,genuine_n01,forward,dot,67108864,512,256,32,fp64,shared,32,512,0.10018491535533834,nan,2.9449117183685303,0.10017969519548735,0.10018491535533834,10,5,13,41,0.29295998811721802,3047.1850470218296
2026-08-30T19:48:45Z,NVIDIA H200 NVL,full,dyadic_bitcast_shared,BitCast decoder with shared coefficients,genuine_n01,forward,dot,67108864,512,256,32,fp64,shared,32,512,0.10018491535533834,nan,2.9449117183685303,0.10017969519548735,0.10018491535533834,10,5,14,41,0.29363200068473816,3047.1850470218296
2026-08-30T19:48:45Z,NVIDIA H200 NVL,full,dyadic_bitcast_shared,BitCast decoder with shared coefficients,genuine_n01,forward,dot,67108864,512,256,32,fp64,shared,32,512,0.10018491535533834,nan,2.9449117183685303,0.10017969519548735,0.10018491535533834,10,5,15,41,0.29324799776077271,3047.1850470218296
2026-08-30T19:48:45Z,NVIDIA H200 NVL,full,dyadic_bitcast_shared,BitCast decoder with shared coefficients,genuine_n01,forward,dot,67108864,512,256,32,fp64,shared,32,512,0.10018491535533834,nan,2.9449117183685303,0.10017969519548735,0.10018491535533834,10,5,16,41,0.2929919958114624,3047.1850470218296
2026-08-30T19:48:45Z,NVIDIA H200 NVL,full,dyadic_bitcast_shared,BitCast decoder with shared coefficients,genuine_n01,forward,dot,67108864,512,256,32,fp64,shared,32,512,0.10018491535533834,nan,2.9449117183685303,0.10017969519548735,0.10018491535533834,10,5,17,41,0.29187199473381042,3047.1850470218296
2026-08-30T19:48:45Z,NVIDIA H200 NVL,full,dyadic_bitcast_shared,BitCast decoder with shared coefficients,genuine_n01,forward,dot,67108864,512,256,32,fp64,shared,32,512,0.10018491535533834,nan,2.9449117183685303,0.10017969519548735,0.10018491535533834,10,5,18,41,0.29369598627090454,3047.1850470218296
2026-08-30T19:48:45Z,NVIDIA H200 NVL,full,dyadic_bitcast_shared,BitCast decoder with shared coefficients,genuine_n01,forward,dot,67108864,512,256,32,fp64,shared,32,512,0.10018491535533834,nan,2.9449117183685303,0.10017969519548735,0.10018491535533834,10,5,19,41,0.29280000925064087,3047.1850470218296
2026-08-30T19:48:45Z,NVIDIA H200 NVL,full,dyadic_bitcast_shared,BitCast decoder with shared coefficients,genuine_n01,forward,dot,67108864,512,256,32,fp64,shared,32,512,0.10018491535533834,nan,2.9449117183685303,0.10017969519548735,0.10018491535533834,10,5,20,41,0.29315200448036194,3047.1850470218296
2026-08-30T19:48:45Z,NVIDIA H200 NVL,full,dyadic_bitcast_shared,BitCast decoder with shared coefficients,genuine_n01,forward,dot,67108864,512,256,32,fp64,shared,32,512,0.10018491535533834,nan,2.9449117183685303,0.10017969519548735,0.10018491535533834,10,5,21,41,0.29334399104118347,3047.1850470218296
2026-08-30T19:48:45Z,NVIDIA H200 NVL,full,dyadic_bitcast_shared,BitCast decoder with shared coefficients,genuine_n01,forward,dot,67108864,512,256,32,fp64,shared,32,512,0.10018491535533834,nan,2.9449117183685303,0.10017969519548735,0.10018491535533834,10,5,22,41,0.29395198822021484,3047.1850470218296
2026-08-30T19:48:45Z,NVIDIA H200 NVL,full,dyadic_bitcast_shared,BitCast decoder with shared coefficients,genuine_n01,forward,dot,67108864,512,256,32,fp64,shared,32,512,0.10018491535533834,nan,2.9449117183685303,0.10017969519548735,0.10018491535533834,10,5,23,41,0.29382398724555969,3047.1850470218296
2026-08-30T19:48:45Z,NVIDIA H200 NVL,full,dyadic_bitcast_shared,BitCast decoder with shared coefficients,genuine_n01,forward,dot,67108864,512,256,32,fp64,shared,32,512,0.10018491535533834,nan,2.9449117183685303,0.10017969519548735,0.10018491535533834,10,5,24,41,0.29385599493980408,3047.1850470218296
2026-08-30T19:48:45Z,NVIDIA H200 NVL,full,dyadic_bitcast_constant,BitCast decoder with constant coefficients,genuine_n01,forward,dot,67108864,512,256,32,fp64,constant,32,512,0.10018491535533834,nan,2.9449117183685303,0.10017969519548735,0.10018491535533834,10,5,0,42,0.31260800361633301,3047.1850470218296
2026-08-30T19:48:45Z,NVIDIA H200 NVL,full,dyadic_bitcast_constant,BitCast decoder with constant coefficients,genuine_n01,forward,dot,67108864,512,256,32,fp64,constant,32,512,0.10018491535533834,nan,2.9449117183685303,0.10017969519548735,0.10018491535533834,10,5,1,42,0.31424000859260559,3047.1850470218296
2026-08-30T19:48:45Z,NVIDIA H200 NVL,full,dyadic_bitcast_constant,BitCast decoder with constant coefficients,genuine_n01,forward,dot,67108864,512,256,32,fp64,constant,32,512,0.10018491535533834,nan,2.9449117183685303,0.10017969519548735,0.10018491535533834,10,5,2,42,0.31401601433753967,3047.1850470218296
2026-08-30T19:48:45Z,NVIDIA H200 NVL,full,dyadic_bitcast_constant,BitCast decoder with constant coefficients,genuine_n01,forward,dot,67108864,512,256,32,fp64,constant,32,512,0.10018491535533834,nan,2.9449117183685303,0.10017969519548735,0.10018491535533834,10,5,3,42,0.31260800361633301,3047.1850470218296
2026-08-30T19:48:45Z,NVIDIA H200 NVL,full,dyadic_bitcast_constant,BitCast decoder with constant coefficients,genuine_n01,forward,dot,67108864,512,256,32,fp64,constant,32,512,0.10018491535533834,nan,2.9449117183685303,0.10017969519548735,0.10018491535533834,10,5,4,42,0.316895991563797,3047.1850470218296
2026-08-30T19:48:45Z,NVIDIA H200 NVL,full,dyadic_bitcast_constant,BitCast decoder with constant coefficients,genuine_n01,forward,dot,67108864,512,256,32,fp64,constant,32,512,0.10018491535533834,nan,2.9449117183685303,0.10017969519548735,0.10018491535533834,10,5,5,42,0.31215998530387878,3047.1850470218296
2026-08-30T19:48:45Z,NVIDIA H200 NVL,full,dyadic_bitcast_constant,BitCast decoder with constant coefficients,genuine_n01,forward,dot,67108864,512,256,32,fp64,constant,32,512,0.10018491535533834,nan,2.9449117183685303,0.10017969519548735,0.10018491535533834,10,5,6,42,0.3134399950504303,3047.1850470218296
2026-08-30T19:48:45Z,NVIDIA H200 NVL,full,dyadic_bitcast_constant,BitCast decoder with constant coefficients,genuine_n01,forward,dot,67108864,512,256,32,fp64,constant,32,512,0.10018491535533834,nan,2.9449117183685303,0.10017969519548735,0.10018491535533834,10,5,7,42,0.31523200869560242,3047.1850470218296
2026-08-30T19:48:45Z,NVIDIA H200 NVL,full,dyadic_bitcast_constant,BitCast decoder with constant coefficients,genuine_n01,forward,dot,67108864,512,256,32,fp64,constant,32,512,0.10018491535533834,nan,2.9449117183685303,0.10017969519548735,0.10018491535533834,10,5,8,42,0.31539198756217957,3047.1850470218296
2026-08-30T19:48:45Z,NVIDIA H200 NVL,full,dyadic_bitcast_constant,BitCast decoder with constant coefficients,genuine_n01,forward,dot,67108864,512,256,32,fp64,constant,32,512,0.10018491535533834,nan,2.9449117183685303,0.10017969519548735,0.10018491535533834,10,5,9,42,0.31164801120758057,3047.1850470218296
2026-08-30T19:48:45Z,NVIDIA H200 NVL,full,dyadic_bitcast_constant,BitCast decoder with constant coefficients,genuine_n01,forward,dot,67108864,512,256,32,fp64,constant,32,512,0.10018491535533834,nan,2.9449117183685303,0.10017969519548735,0.10018491535533834,10,5,10,42,0.31622400879859924,3047.1850470218296
2026-08-30T19:48:45Z,NVIDIA H200 NVL,full,dyadic_bitcast_constant,BitCast decoder with constant coefficients,genuine_n01,forward,dot,67108864,512,256,32,fp64,constant,32,512,0.10018491535533834,nan,2.9449117183685303,0.10017969519548735,0.10018491535533834,10,5,11,42,0.31283199787139893,3047.1850470218296
2026-08-30T19:48:45Z,NVIDIA H200 NVL,full,dyadic_bitcast_constant,BitCast decoder with constant coefficients,genuine_n01,forward,dot,67108864,512,256,32,fp64,constant,32,512,0.10018491535533834,nan,2.9449117183685303,0.10017969519548735,0.10018491535533834,10,5,12,42,0.31433600187301636,3047.1850470218296
2026-08-30T19:48:45Z,NVIDIA H200 NVL,full,dyadic_bitcast_constant,BitCast decoder with constant coefficients,genuine_n01,forward,dot,67108864,512,256,32,fp64,constant,32,512,0.10018491535533834,nan,2.9449117183685303,0.10017969519548735,0.10018491535533834,10,5,13,42,0.31273600459098816,3047.1850470218296
2026-08-30T19:48:45Z,NVIDIA H200 NVL,full,dyadic_bitcast_constant,BitCast decoder with constant coefficients,genuine_n01,forward,dot,67108864,512,256,32,fp64,constant,32,512,0.10018491535533834,nan,2.9449117183685303,0.10017969519548735,0.10018491535533834,10,5,14,42,0.31452798843383789,3047.1850470218296
2026-08-30T19:48:45Z,NVIDIA H200 NVL,full,dyadic_bitcast_constant,BitCast decoder with constant coefficients,genuine_n01,forward,dot,67108864,512,256,32,fp64,constant,32,512,0.10018491535533834,nan,2.9449117183685303,0.10017969519548735,0.10018491535533834,10,5,15,42,0.31455999612808228,3047.1850470218296
2026-08-30T19:48:45Z,NVIDIA H200 NVL,full,dyadic_bitcast_constant,BitCast decoder with constant coefficients,genuine_n01,forward,dot,67108864,512,256,32,fp64,constant,32,512,0.10018491535533834,nan,2.9449117183685303,0.10017969519548735,0.10018491535533834,10,5,16,42,0.31484800577163696,3047.1850470218296
2026-08-30T19:48:45Z,NVIDIA H200 NVL,full,dyadic_bitcast_constant,BitCast decoder with constant coefficients,genuine_n01,forward,dot,67108864,512,256,32,fp64,constant,32,512,0.10018491535533834,nan,2.9449117183685303,0.10017969519548735,0.10018491535533834,10,5,17,42,0.31299200654029846,3047.1850470218296
2026-08-30T19:48:45Z,NVIDIA H200 NVL,full,dyadic_bitcast_constant,BitCast decoder with constant coefficients,genuine_n01,forward,dot,67108864,512,256,32,fp64,constant,32,512,0.10018491535533834,nan,2.9449117183685303,0.10017969519548735,0.10018491535533834,10,5,18,42,0.31455999612808228,3047.1850470218296
2026-08-30T19:48:45Z,NVIDIA H200 NVL,full,dyadic_bitcast_constant,BitCast decoder with constant coefficients,genuine_n01,forward,dot,67108864,512,256,32,fp64,constant,32,512,0.10018491535533834,nan,2.9449117183685303,0.10017969519548735,0.10018491535533834,10,5,19,42,0.31391999125480652,3047.1850470218296
2026-08-30T19:48:45Z,NVIDIA H200 NVL,full,dyadic_bitcast_constant,BitCast decoder with constant coefficients,genuine_n01,forward,dot,67108864,512,256,32,fp64,constant,32,512,0.10018491535533834,nan,2.9449117183685303,0.10017969519548735,0.10018491535533834,10,5,20,42,0.31430399417877197,3047.1850470218296
2026-08-30T19:48:45Z,NVIDIA H200 NVL,full,dyadic_bitcast_constant,BitCast decoder with constant coefficients,genuine_n01,forward,dot,67108864,512,256,32,fp64,constant,32,512,0.10018491535533834,nan,2.9449117183685303,0.10017969519548735,0.10018491535533834,10,5,21,42,0.31430399417877197,3047.1850470218296
2026-08-30T19:48:45Z,NVIDIA H200 NVL,full,dyadic_bitcast_constant,BitCast decoder with constant coefficients,genuine_n01,forward,dot,67108864,512,256,32,fp64,constant,32,512,0.10018491535533834,nan,2.9449117183685303,0.10017969519548735,0.10018491535533834,10,5,22,42,0.3134399950504303,3047.1850470218296
2026-08-30T19:48:45Z,NVIDIA H200 NVL,full,dyadic_bitcast_constant,BitCast decoder with constant coefficients,genuine_n01,forward,dot,67108864,512,256,32,fp64,constant,32,512,0.10018491535533834,nan,2.9449117183685303,0.10017969519548735,0.10018491535533834,10,5,23,42,0.31331199407577515,3047.1850470218296
2026-08-30T19:48:45Z,NVIDIA H200 NVL,full,dyadic_bitcast_constant,BitCast decoder with constant coefficients,genuine_n01,forward,dot,67108864,512,256,32,fp64,constant,32,512,0.10018491535533834,nan,2.9449117183685303,0.10017969519548735,0.10018491535533834,10,5,24,42,0.3139519989490509,3047.1850470218296
2026-08-30T19:48:45Z,NVIDIA H200 NVL,full,dyadic_bitcast_constant,BitCast decoder with constant coefficients,genuine_n01,reverse,dot,67108864,512,256,32,fp64,constant,32,512,0.10018491535533834,nan,2.9449117183685303,0.10017969519548735,0.10018491535533834,10,5,25,43,0.31292799115180969,3047.1850470218296
2026-08-30T19:48:45Z,NVIDIA H200 NVL,full,dyadic_bitcast_constant,BitCast decoder with constant coefficients,genuine_n01,reverse,dot,67108864,512,256,32,fp64,constant,32,512,0.10018491535533834,nan,2.9449117183685303,0.10017969519548735,0.10018491535533834,10,5,26,43,0.31801599264144897,3047.1850470218296
2026-08-30T19:48:45Z,NVIDIA H200 NVL,full,dyadic_bitcast_constant,BitCast decoder with constant coefficients,genuine_n01,reverse,dot,67108864,512,256,32,fp64,constant,32,512,0.10018491535533834,nan,2.9449117183685303,0.10017969519548735,0.10018491535533834,10,5,27,43,0.31295999884605408,3047.1850470218296
2026-08-30T19:48:45Z,NVIDIA H200 NVL,full,dyadic_bitcast_constant,BitCast decoder with constant coefficients,genuine_n01,reverse,dot,67108864,512,256,32,fp64,constant,32,512,0.10018491535533834,nan,2.9449117183685303,0.10017969519548735,0.10018491535533834,10,5,28,43,0.3128960132598877,3047.1850470218296
2026-08-30T19:48:45Z,NVIDIA H200 NVL,full,dyadic_bitcast_constant,BitCast decoder with constant coefficients,genuine_n01,reverse,dot,67108864,512,256,32,fp64,constant,32,512,0.10018491535533834,nan,2.9449117183685303,0.10017969519548735,0.10018491535533834,10,5,29,43,0.31478399038314819,3047.1850470218296
2026-08-30T19:48:45Z,NVIDIA H200 NVL,full,dyadic_bitcast_constant,BitCast decoder with constant coefficients,genuine_n01,reverse,dot,67108864,512,256,32,fp64,constant,32,512,0.10018491535533834,nan,2.9449117183685303,0.10017969519548735,0.10018491535533834,10,5,30,43,0.31241598725318909,3047.1850470218296
2026-08-30T19:48:45Z,NVIDIA H200 NVL,full,dyadic_bitcast_constant,BitCast decoder with constant coefficients,genuine_n01,reverse,dot,67108864,512,256,32,fp64,constant,32,512,0.10018491535533834,nan,2.9449117183685303,0.10017969519548735,0.10018491535533834,10,5,31,43,0.31360000371932983,3047.1850470218296
2026-08-30T19:48:45Z,NVIDIA H200 NVL,full,dyadic_bitcast_constant,BitCast decoder with constant coefficients,genuine_n01,reverse,dot,67108864,512,256,32,fp64,constant,32,512,0.10018491535533834,nan,2.9449117183685303,0.10017969519548735,0.10018491535533834,10,5,32,43,0.31244799494743347,3047.1850470218296
2026-08-30T19:48:45Z,NVIDIA H200 NVL,full,dyadic_bitcast_constant,BitCast decoder with constant coefficients,genuine_n01,reverse,dot,67108864,512,256,32,fp64,constant,32,512,0.10018491535533834,nan,2.9449117183685303,0.10017969519548735,0.10018491535533834,10,5,33,43,0.31353598833084106,3047.1850470218296
2026-08-30T19:48:45Z,NVIDIA H200 NVL,full,dyadic_bitcast_constant,BitCast decoder with constant coefficients,genuine_n01,reverse,dot,67108864,512,256,32,fp64,constant,32,512,0.10018491535533834,nan,2.9449117183685303,0.10017969519548735,0.10018491535533834,10,5,34,43,0.31433600187301636,3047.1850470218296
2026-08-30T19:48:45Z,NVIDIA H200 NVL,full,dyadic_bitcast_constant,BitCast decoder with constant coefficients,genuine_n01,reverse,dot,67108864,512,256,32,fp64,constant,32,512,0.10018491535533834,nan,2.9449117183685303,0.10017969519548735,0.10018491535533834,10,5,35,43,0.31286400556564331,3047.1850470218296
2026-08-30T19:48:45Z,NVIDIA H200 NVL,full,dyadic_bitcast_constant,BitCast decoder with constant coefficients,genuine_n01,reverse,dot,67108864,512,256,32,fp64,constant,32,512,0.10018491535533834,nan,2.9449117183685303,0.10017969519548735,0.10018491535533834,10,5,36,43,0.31401601433753967,3047.1850470218296
2026-08-30T19:48:45Z,NVIDIA H200 NVL,full,dyadic_bitcast_constant,BitCast decoder with constant coefficients,genuine_n01,reverse,dot,67108864,512,256,32,fp64,constant,32,512,0.10018491535533834,nan,2.9449117183685303,0.10017969519548735,0.10018491535533834,10,5,37,43,0.31449601054191589,3047.1850470218296
2026-08-30T19:48:45Z,NVIDIA H200 NVL,full,dyadic_bitcast_constant,BitCast decoder with constant coefficients,genuine_n01,reverse,dot,67108864,512,256,32,fp64,constant,32,512,0.10018491535533834,nan,2.9449117183685303,0.10017969519548735,0.10018491535533834,10,5,38,43,0.31324800848960876,3047.1850470218296
2026-08-30T19:48:45Z,NVIDIA H200 NVL,full,dyadic_bitcast_constant,BitCast decoder with constant coefficients,genuine_n01,reverse,dot,67108864,512,256,32,fp64,constant,32,512,0.10018491535533834,nan,2.9449117183685303,0.10017969519548735,0.10018491535533834,10,5,39,43,0.31484800577163696,3047.1850470218296
2026-08-30T19:48:45Z,NVIDIA H200 NVL,full,dyadic_bitcast_constant,BitCast decoder with constant coefficients,genuine_n01,reverse,dot,67108864,512,256,32,fp64,constant,32,512,0.10018491535533834,nan,2.9449117183685303,0.10017969519548735,0.10018491535533834,10,5,40,43,0.31334400177001953,3047.1850470218296
2026-08-30T19:48:45Z,NVIDIA H200 NVL,full,dyadic_bitcast_constant,BitCast decoder with constant coefficients,genuine_n01,reverse,dot,67108864,512,256,32,fp64,constant,32,512,0.10018491535533834,nan,2.9449117183685303,0.10017969519548735,0.10018491535533834,10,5,41,43,0.31382399797439575,3047.1850470218296
2026-08-30T19:48:45Z,NVIDIA H200 NVL,full,dyadic_bitcast_constant,BitCast decoder with constant coefficients,genuine_n01,reverse,dot,67108864,512,256,32,fp64,constant,32,512,0.10018491535533834,nan,2.9449117183685303,0.10017969519548735,0.10018491535533834,10,5,42,43,0.31350401043891907,3047.1850470218296
2026-08-30T19:48:45Z,NVIDIA H200 NVL,full,dyadic_bitcast_constant,BitCast decoder with constant coefficients,genuine_n01,reverse,dot,67108864,512,256,32,fp64,constant,32,512,0.10018491535533834,nan,2.9449117183685303,0.10017969519548735,0.10018491535533834,10,5,43,43,0.31532800197601318,3047.1850470218296
2026-08-30T19:48:45Z,NVIDIA H200 NVL,full,dyadic_bitcast_constant,BitCast decoder with constant coefficients,genuine_n01,reverse,dot,67108864,512,256,32,fp64,constant,32,512,0.10018491535533834,nan,2.9449117183685303,0.10017969519548735,0.10018491535533834,10,5,44,43,0.31286400556564331,3047.1850470218296
2026-08-30T19:48:45Z,NVIDIA H200 NVL,full,dyadic_bitcast_constant,BitCast decoder with constant coefficients,genuine_n01,reverse,dot,67108864,512,256,32,fp64,constant,32,512,0.10018491535533834,nan,2.9449117183685303,0.10017969519548735,0.10018491535533834,10,5,45,43,0.31321600079536438,3047.1850470218296
2026-08-30T19:48:45Z,NVIDIA H200 NVL,full,dyadic_bitcast_constant,BitCast decoder with constant coefficients,genuine_n01,reverse,dot,67108864,512,256,32,fp64,constant,32,512,0.10018491535533834,nan,2.9449117183685303,0.10017969519548735,0.10018491535533834,10,5,46,43,0.31286400556564331,3047.1850470218296
2026-08-30T19:48:45Z,NVIDIA H200 NVL,full,dyadic_bitcast_constant,BitCast decoder with constant coefficients,genuine_n01,reverse,dot,67108864,512,256,32,fp64,constant,32,512,0.10018491535533834,nan,2.9449117183685303,0.10017969519548735,0.10018491535533834,10,5,47,43,0.31551998853683472,3047.1850470218296
2026-08-30T19:48:45Z,NVIDIA H200 NVL,full,dyadic_bitcast_constant,BitCast decoder with constant coefficients,genuine_n01,reverse,dot,67108864,512,256,32,fp64,constant,32,512,0.10018491535533834,nan,2.9449117183685303,0.10017969519548735,0.10018491535533834,10,5,48,43,0.31295999884605408,3047.1850470218296
2026-08-30T19:48:45Z,NVIDIA H200 NVL,full,dyadic_bitcast_constant,BitCast decoder with constant coefficients,genuine_n01,reverse,dot,67108864,512,256,32,fp64,constant,32,512,0.10018491535533834,nan,2.9449117183685303,0.10017969519548735,0.10018491535533834,10,5,49,43,0.31465598940849304,3047.1850470218296
2026-08-30T19:48:45Z,NVIDIA H200 NVL,full,dyadic_bitcast_shared,BitCast decoder with shared coefficients,genuine_n01,reverse,dot,67108864,512,256,32,fp64,shared,32,512,0.10018491535533834,nan,2.9449117183685303,0.10017969519548735,0.10018491535533834,10,5,25,44,0.29254400730133057,3047.1850470218296
2026-08-30T19:48:45Z,NVIDIA H200 NVL,full,dyadic_bitcast_shared,BitCast decoder with shared coefficients,genuine_n01,reverse,dot,67108864,512,256,32,fp64,shared,32,512,0.10018491535533834,nan,2.9449117183685303,0.10017969519548735,0.10018491535533834,10,5,26,44,0.2924799919128418,3047.1850470218296
2026-08-30T19:48:45Z,NVIDIA H200 NVL,full,dyadic_bitcast_shared,BitCast decoder with shared coefficients,genuine_n01,reverse,dot,67108864,512,256,32,fp64,shared,32,512,0.10018491535533834,nan,2.9449117183685303,0.10017969519548735,0.10018491535533834,10,5,27,44,0.2943040132522583,3047.1850470218296
2026-08-30T19:48:45Z,NVIDIA H200 NVL,full,dyadic_bitcast_shared,BitCast decoder with shared coefficients,genuine_n01,reverse,dot,67108864,512,256,32,fp64,shared,32,512,0.10018491535533834,nan,2.9449117183685303,0.10017969519548735,0.10018491535533834,10,5,28,44,0.29196798801422119,3047.1850470218296
2026-08-30T19:48:45Z,NVIDIA H200 NVL,full,dyadic_bitcast_shared,BitCast decoder with shared coefficients,genuine_n01,reverse,dot,67108864,512,256,32,fp64,shared,32,512,0.10018491535533834,nan,2.9449117183685303,0.10017969519548735,0.10018491535533834,10,5,29,44,0.2945919930934906,3047.1850470218296
2026-08-30T19:48:45Z,NVIDIA H200 NVL,full,dyadic_bitcast_shared,BitCast decoder with shared coefficients,genuine_n01,reverse,dot,67108864,512,256,32,fp64,shared,32,512,0.10018491535533834,nan,2.9449117183685303,0.10017969519548735,0.10018491535533834,10,5,30,44,0.294048011302948,3047.1850470218296
2026-08-30T19:48:45Z,NVIDIA H200 NVL,full,dyadic_bitcast_shared,BitCast decoder with shared coefficients,genuine_n01,reverse,dot,67108864,512,256,32,fp64,shared,32,512,0.10018491535533834,nan,2.9449117183685303,0.10017969519548735,0.10018491535533834,10,5,31,44,0.29440000653266907,3047.1850470218296
2026-08-30T19:48:45Z,NVIDIA H200 NVL,full,dyadic_bitcast_shared,BitCast decoder with shared coefficients,genuine_n01,reverse,dot,67108864,512,256,32,fp64,shared,32,512,0.10018491535533834,nan,2.9449117183685303,0.10017969519548735,0.10018491535533834,10,5,32,44,0.2921920120716095,3047.1850470218296
2026-08-30T19:48:45Z,NVIDIA H200 NVL,full,dyadic_bitcast_shared,BitCast decoder with shared coefficients,genuine_n01,reverse,dot,67108864,512,256,32,fp64,shared,32,512,0.10018491535533834,nan,2.9449117183685303,0.10017969519548735,0.10018491535533834,10,5,33,44,0.29465600848197937,3047.1850470218296
2026-08-30T19:48:45Z,NVIDIA H200 NVL,full,dyadic_bitcast_shared,BitCast decoder with shared coefficients,genuine_n01,reverse,dot,67108864,512,256,32,fp64,shared,32,512,0.10018491535533834,nan,2.9449117183685303,0.10017969519548735,0.10018491535533834,10,5,34,44,0.29328000545501709,3047.1850470218296
2026-08-30T19:48:45Z,NVIDIA H200 NVL,full,dyadic_bitcast_shared,BitCast decoder with shared coefficients,genuine_n01,reverse,dot,67108864,512,256,32,fp64,shared,32,512,0.10018491535533834,nan,2.9449117183685303,0.10017969519548735,0.10018491535533834,10,5,35,44,0.29504001140594482,3047.1850470218296
2026-08-30T19:48:45Z,NVIDIA H200 NVL,full,dyadic_bitcast_shared,BitCast decoder with shared coefficients,genuine_n01,reverse,dot,67108864,512,256,32,fp64,shared,32,512,0.10018491535533834,nan,2.9449117183685303,0.10017969519548735,0.10018491535533834,10,5,36,44,0.29190400242805481,3047.1850470218296
2026-08-30T19:48:45Z,NVIDIA H200 NVL,full,dyadic_bitcast_shared,BitCast decoder with shared coefficients,genuine_n01,reverse,dot,67108864,512,256,32,fp64,shared,32,512,0.10018491535533834,nan,2.9449117183685303,0.10017969519548735,0.10018491535533834,10,5,37,44,0.29417601227760315,3047.1850470218296
2026-08-30T19:48:45Z,NVIDIA H200 NVL,full,dyadic_bitcast_shared,BitCast decoder with shared coefficients,genuine_n01,reverse,dot,67108864,512,256,32,fp64,shared,32,512,0.10018491535533834,nan,2.9449117183685303,0.10017969519548735,0.10018491535533834,10,5,38,44,0.29187199473381042,3047.1850470218296
2026-08-30T19:48:45Z,NVIDIA H200 NVL,full,dyadic_bitcast_shared,BitCast decoder with shared coefficients,genuine_n01,reverse,dot,67108864,512,256,32,fp64,shared,32,512,0.10018491535533834,nan,2.9449117183685303,0.10017969519548735,0.10018491535533834,10,5,39,44,0.294048011302948,3047.1850470218296
2026-08-30T19:48:45Z,NVIDIA H200 NVL,full,dyadic_bitcast_shared,BitCast decoder with shared coefficients,genuine_n01,reverse,dot,67108864,512,256,32,fp64,shared,32,512,0.10018491535533834,nan,2.9449117183685303,0.10017969519548735,0.10018491535533834,10,5,40,44,0.29295998811721802,3047.1850470218296
2026-08-30T19:48:45Z,NVIDIA H200 NVL,full,dyadic_bitcast_shared,BitCast decoder with shared coefficients,genuine_n01,reverse,dot,67108864,512,256,32,fp64,shared,32,512,0.10018491535533834,nan,2.9449117183685303,0.10017969519548735,0.10018491535533834,10,5,41,44,0.2937920093536377,3047.1850470218296
2026-08-30T19:48:45Z,NVIDIA H200 NVL,full,dyadic_bitcast_shared,BitCast decoder with shared coefficients,genuine_n01,reverse,dot,67108864,512,256,32,fp64,shared,32,512,0.10018491535533834,nan,2.9449117183685303,0.10017969519548735,0.10018491535533834,10,5,42,44,0.2927359938621521,3047.1850470218296
2026-08-30T19:48:45Z,NVIDIA H200 NVL,full,dyadic_bitcast_shared,BitCast decoder with shared coefficients,genuine_n01,reverse,dot,67108864,512,256,32,fp64,shared,32,512,0.10018491535533834,nan,2.9449117183685303,0.10017969519548735,0.10018491535533834,10,5,43,44,0.29305601119995117,3047.1850470218296
2026-08-30T19:48:45Z,NVIDIA H200 NVL,full,dyadic_bitcast_shared,BitCast decoder with shared coefficients,genuine_n01,reverse,dot,67108864,512,256,32,fp64,shared,32,512,0.10018491535533834,nan,2.9449117183685303,0.10017969519548735,0.10018491535533834,10,5,44,44,0.29356798529624939,3047.1850470218296
2026-08-30T19:48:45Z,NVIDIA H200 NVL,full,dyadic_bitcast_shared,BitCast decoder with shared coefficients,genuine_n01,reverse,dot,67108864,512,256,32,fp64,shared,32,512,0.10018491535533834,nan,2.9449117183685303,0.10017969519548735,0.10018491535533834,10,5,45,44,0.29331201314926147,3047.1850470218296
2026-08-30T19:48:45Z,NVIDIA H200 NVL,full,dyadic_bitcast_shared,BitCast decoder with shared coefficients,genuine_n01,reverse,dot,67108864,512,256,32,fp64,shared,32,512,0.10018491535533834,nan,2.9449117183685303,0.10017969519548735,0.10018491535533834,10,5,46,44,0.2924480140209198,3047.1850470218296
2026-08-30T19:48:45Z,NVIDIA H200 NVL,full,dyadic_bitcast_shared,BitCast decoder with shared coefficients,genuine_n01,reverse,dot,67108864,512,256,32,fp64,shared,32,512,0.10018491535533834,nan,2.9449117183685303,0.10017969519548735,0.10018491535533834,10,5,47,44,0.29318401217460632,3047.1850470218296
2026-08-30T19:48:45Z,NVIDIA H200 NVL,full,dyadic_bitcast_shared,BitCast decoder with shared coefficients,genuine_n01,reverse,dot,67108864,512,256,32,fp64,shared,32,512,0.10018491535533834,nan,2.9449117183685303,0.10017969519548735,0.10018491535533834,10,5,48,44,0.29168000817298889,3047.1850470218296
2026-08-30T19:48:45Z,NVIDIA H200 NVL,full,dyadic_bitcast_shared,BitCast decoder with shared coefficients,genuine_n01,reverse,dot,67108864,512,256,32,fp64,shared,32,512,0.10018491535533834,nan,2.9449117183685303,0.10017969519548735,0.10018491535533834,10,5,49,44,0.29353600740432739,3047.1850470218296
2026-08-30T19:48:45Z,NVIDIA H200 NVL,full,dyadic_sign_fused,Sign-fused decoder,genuine_n01,reverse,dot,67108864,512,256,32,fp64,shared,32,512,0.10018491535533834,nan,2.9449117183685303,0.10017969519548735,0.10018491535533834,10,5,25,45,0.29004800319671631,3047.1850470218305
2026-08-30T19:48:45Z,NVIDIA H200 NVL,full,dyadic_sign_fused,Sign-fused decoder,genuine_n01,reverse,dot,67108864,512,256,32,fp64,shared,32,512,0.10018491535533834,nan,2.9449117183685303,0.10017969519548735,0.10018491535533834,10,5,26,45,0.29337599873542786,3047.1850470218305
2026-08-30T19:48:45Z,NVIDIA H200 NVL,full,dyadic_sign_fused,Sign-fused decoder,genuine_n01,reverse,dot,67108864,512,256,32,fp64,shared,32,512,0.10018491535533834,nan,2.9449117183685303,0.10017969519548735,0.10018491535533834,10,5,27,45,0.29401600360870361,3047.1850470218305
2026-08-30T19:48:45Z,NVIDIA H200 NVL,full,dyadic_sign_fused,Sign-fused decoder,genuine_n01,reverse,dot,67108864,512,256,32,fp64,shared,32,512,0.10018491535533834,nan,2.9449117183685303,0.10017969519548735,0.10018491535533834,10,5,28,45,0.29228800535202026,3047.1850470218305
2026-08-30T19:48:45Z,NVIDIA H200 NVL,full,dyadic_sign_fused,Sign-fused decoder,genuine_n01,reverse,dot,67108864,512,256,32,fp64,shared,32,512,0.10018491535533834,nan,2.9449117183685303,0.10017969519548735,0.10018491535533834,10,5,29,45,0.29270398616790771,3047.1850470218305
2026-08-30T19:48:45Z,NVIDIA H200 NVL,full,dyadic_sign_fused,Sign-fused decoder,genuine_n01,reverse,dot,67108864,512,256,32,fp64,shared,32,512,0.10018491535533834,nan,2.9449117183685303,0.10017969519548735,0.10018491535533834,10,5,30,45,0.29216000437736511,3047.1850470218305
2026-08-30T19:48:45Z,NVIDIA H200 NVL,full,dyadic_sign_fused,Sign-fused decoder,genuine_n01,reverse,dot,67108864,512,256,32,fp64,shared,32,512,0.10018491535533834,nan,2.9449117183685303,0.10017969519548735,0.10018491535533834,10,5,31,45,0.29235199093818665,3047.1850470218305
2026-08-30T19:48:45Z,NVIDIA H200 NVL,full,dyadic_sign_fused,Sign-fused decoder,genuine_n01,reverse,dot,67108864,512,256,32,fp64,shared,32,512,0.10018491535533834,nan,2.9449117183685303,0.10017969519548735,0.10018491535533834,10,5,32,45,0.29344001412391663,3047.1850470218305
2026-08-30T19:48:45Z,NVIDIA H200 NVL,full,dyadic_sign_fused,Sign-fused decoder,genuine_n01,reverse,dot,67108864,512,256,32,fp64,shared,32,512,0.10018491535533834,nan,2.9449117183685303,0.10017969519548735,0.10018491535533834,10,5,33,45,0.2911359965801239,3047.1850470218305
2026-08-30T19:48:45Z,NVIDIA H200 NVL,full,dyadic_sign_fused,Sign-fused decoder,genuine_n01,reverse,dot,67108864,512,256,32,fp64,shared,32,512,0.10018491535533834,nan,2.9449117183685303,0.10017969519548735,0.10018491535533834,10,5,34,45,0.29043200612068176,3047.1850470218305
2026-08-30T19:48:45Z,NVIDIA H200 NVL,full,dyadic_sign_fused,Sign-fused decoder,genuine_n01,reverse,dot,67108864,512,256,32,fp64,shared,32,512,0.10018491535533834,nan,2.9449117183685303,0.10017969519548735,0.10018491535533834,10,5,35,45,0.29209598898887634,3047.1850470218305
2026-08-30T19:48:45Z,NVIDIA H200 NVL,full,dyadic_sign_fused,Sign-fused decoder,genuine_n01,reverse,dot,67108864,512,256,32,fp64,shared,32,512,0.10018491535533834,nan,2.9449117183685303,0.10017969519548735,0.10018491535533834,10,5,36,45,0.29270398616790771,3047.1850470218305
2026-08-30T19:48:45Z,NVIDIA H200 NVL,full,dyadic_sign_fused,Sign-fused decoder,genuine_n01,reverse,dot,67108864,512,256,32,fp64,shared,32,512,0.10018491535533834,nan,2.9449117183685303,0.10017969519548735,0.10018491535533834,10,5,37,45,0.29260799288749695,3047.1850470218305
2026-08-30T19:48:45Z,NVIDIA H200 NVL,full,dyadic_sign_fused,Sign-fused decoder,genuine_n01,reverse,dot,67108864,512,256,32,fp64,shared,32,512,0.10018491535533834,nan,2.9449117183685303,0.10017969519548735,0.10018491535533834,10,5,38,45,0.29318401217460632,3047.1850470218305
2026-08-30T19:48:45Z,NVIDIA H200 NVL,full,dyadic_sign_fused,Sign-fused decoder,genuine_n01,reverse,dot,67108864,512,256,32,fp64,shared,32,512,0.10018491535533834,nan,2.9449117183685303,0.10017969519548735,0.10018491535533834,10,5,39,45,0.29295998811721802,3047.1850470218305
2026-08-30T19:48:45Z,NVIDIA H200 NVL,full,dyadic_sign_fused,Sign-fused decoder,genuine_n01,reverse,dot,67108864,512,256,32,fp64,shared,32,512,0.10018491535533834,nan,2.9449117183685303,0.10017969519548735,0.10018491535533834,10,5,40,45,0.29203200340270996,3047.1850470218305
2026-08-30T19:48:45Z,NVIDIA H200 NVL,full,dyadic_sign_fused,Sign-fused decoder,genuine_n01,reverse,dot,67108864,512,256,32,fp64,shared,32,512,0.10018491535533834,nan,2.9449117183685303,0.10017969519548735,0.10018491535533834,10,5,41,45,0.29363200068473816,3047.1850470218305
2026-08-30T19:48:45Z,NVIDIA H200 NVL,full,dyadic_sign_fused,Sign-fused decoder,genuine_n01,reverse,dot,67108864,512,256,32,fp64,shared,32,512,0.10018491535533834,nan,2.9449117183685303,0.10017969519548735,0.10018491535533834,10,5,42,45,0.29270398616790771,3047.1850470218305
2026-08-30T19:48:45Z,NVIDIA H200 NVL,full,dyadic_sign_fused,Sign-fused decoder,genuine_n01,reverse,dot,67108864,512,256,32,fp64,shared,32,512,0.10018491535533834,nan,2.9449117183685303,0.10017969519548735,0.10018491535533834,10,5,43,45,0.29446399211883545,3047.1850470218305
2026-08-30T19:48:45Z,NVIDIA H200 NVL,full,dyadic_sign_fused,Sign-fused decoder,genuine_n01,reverse,dot,67108864,512,256,32,fp64,shared,32,512,0.10018491535533834,nan,2.9449117183685303,0.10017969519548735,0.10018491535533834,10,5,44,45,0.29065600037574768,3047.1850470218305
2026-08-30T19:48:45Z,NVIDIA H200 NVL,full,dyadic_sign_fused,Sign-fused decoder,genuine_n01,reverse,dot,67108864,512,256,32,fp64,shared,32,512,0.10018491535533834,nan,2.9449117183685303,0.10017969519548735,0.10018491535533834,10,5,45,45,0.29324799776077271,3047.1850470218305
2026-08-30T19:48:45Z,NVIDIA H200 NVL,full,dyadic_sign_fused,Sign-fused decoder,genuine_n01,reverse,dot,67108864,512,256,32,fp64,shared,32,512,0.10018491535533834,nan,2.9449117183685303,0.10017969519548735,0.10018491535533834,10,5,46,45,0.29180800914764404,3047.1850470218305
2026-08-30T19:48:45Z,NVIDIA H200 NVL,full,dyadic_sign_fused,Sign-fused decoder,genuine_n01,reverse,dot,67108864,512,256,32,fp64,shared,32,512,0.10018491535533834,nan,2.9449117183685303,0.10017969519548735,0.10018491535533834,10,5,47,45,0.29280000925064087,3047.1850470218305
2026-08-30T19:48:45Z,NVIDIA H200 NVL,full,dyadic_sign_fused,Sign-fused decoder,genuine_n01,reverse,dot,67108864,512,256,32,fp64,shared,32,512,0.10018491535533834,nan,2.9449117183685303,0.10017969519548735,0.10018491535533834,10,5,48,45,0.2959040105342865,3047.1850470218305
2026-08-30T19:48:45Z,NVIDIA H200 NVL,full,dyadic_sign_fused,Sign-fused decoder,genuine_n01,reverse,dot,67108864,512,256,32,fp64,shared,32,512,0.10018491535533834,nan,2.9449117183685303,0.10017969519548735,0.10018491535533834,10,5,49,45,0.29334399104118347,3047.1850470218305
2026-08-30T19:48:45Z,NVIDIA H200 NVL,full,dyadic_normal32,Current DyadicNormal32,genuine_n01,reverse,dot,67108864,512,256,32,fp64,shared,32,512,0.10018491535533834,nan,2.9449117183685303,0.10017969519548735,0.10018491535533834,10,5,25,46,0.29308798909187317,3047.1850470218305
2026-08-30T19:48:45Z,NVIDIA H200 NVL,full,dyadic_normal32,Current DyadicNormal32,genuine_n01,reverse,dot,67108864,512,256,32,fp64,shared,32,512,0.10018491535533834,nan,2.9449117183685303,0.10017969519548735,0.10018491535533834,10,5,26,46,0.29311999678611755,3047.1850470218305
2026-08-30T19:48:45Z,NVIDIA H200 NVL,full,dyadic_normal32,Current DyadicNormal32,genuine_n01,reverse,dot,67108864,512,256,32,fp64,shared,32,512,0.10018491535533834,nan,2.9449117183685303,0.10017969519548735,0.10018491535533834,10,5,27,46,0.29462400078773499,3047.1850470218305
2026-08-30T19:48:45Z,NVIDIA H200 NVL,full,dyadic_normal32,Current DyadicNormal32,genuine_n01,reverse,dot,67108864,512,256,32,fp64,shared,32,512,0.10018491535533834,nan,2.9449117183685303,0.10017969519548735,0.10018491535533834,10,5,28,46,0.294048011302948,3047.1850470218305
2026-08-30T19:48:45Z,NVIDIA H200 NVL,full,dyadic_normal32,Current DyadicNormal32,genuine_n01,reverse,dot,67108864,512,256,32,fp64,shared,32,512,0.10018491535533834,nan,2.9449117183685303,0.10017969519548735,0.10018491535533834,10,5,29,46,0.29392001032829285,3047.1850470218305
2026-08-30T19:48:45Z,NVIDIA H200 NVL,full,dyadic_normal32,Current DyadicNormal32,genuine_n01,reverse,dot,67108864,512,256,32,fp64,shared,32,512,0.10018491535533834,nan,2.9449117183685303,0.10017969519548735,0.10018491535533834,10,5,30,46,0.294048011302948,3047.1850470218305
2026-08-30T19:48:45Z,NVIDIA H200 NVL,full,dyadic_normal32,Current DyadicNormal32,genuine_n01,reverse,dot,67108864,512,256,32,fp64,shared,32,512,0.10018491535533834,nan,2.9449117183685303,0.10017969519548735,0.10018491535533834,10,5,31,46,0.29388800263404846,3047.1850470218305
2026-08-30T19:48:45Z,NVIDIA H200 NVL,full,dyadic_normal32,Current DyadicNormal32,genuine_n01,reverse,dot,67108864,512,256,32,fp64,shared,32,512,0.10018491535533834,nan,2.9449117183685303,0.10017969519548735,0.10018491535533834,10,5,32,46,0.2961919903755188,3047.1850470218305
2026-08-30T19:48:45Z,NVIDIA H200 NVL,full,dyadic_normal32,Current DyadicNormal32,genuine_n01,reverse,dot,67108864,512,256,32,fp64,shared,32,512,0.10018491535533834,nan,2.9449117183685303,0.10017969519548735,0.10018491535533834,10,5,33,46,0.29331201314926147,3047.1850470218305
2026-08-30T19:48:45Z,NVIDIA H200 NVL,full,dyadic_normal32,Current DyadicNormal32,genuine_n01,reverse,dot,67108864,512,256,32,fp64,shared,32,512,0.10018491535533834,nan,2.9449117183685303,0.10017969519548735,0.10018491535533834,10,5,34,46,0.29446399211883545,3047.1850470218305
2026-08-30T19:48:45Z,NVIDIA H200 NVL,full,dyadic_normal32,Current DyadicNormal32,genuine_n01,reverse,dot,67108864,512,256,32,fp64,shared,32,512,0.10018491535533834,nan,2.9449117183685303,0.10017969519548735,0.10018491535533834,10,5,35,46,0.29481598734855652,3047.1850470218305
2026-08-30T19:48:45Z,NVIDIA H200 NVL,full,dyadic_normal32,Current DyadicNormal32,genuine_n01,reverse,dot,67108864,512,256,32,fp64,shared,32,512,0.10018491535533834,nan,2.9449117183685303,0.10017969519548735,0.10018491535533834,10,5,36,46,0.29324799776077271,3047.1850470218305
2026-08-30T19:48:45Z,NVIDIA H200 NVL,full,dyadic_normal32,Current DyadicNormal32,genuine_n01,reverse,dot,67108864,512,256,32,fp64,shared,32,512,0.10018491535533834,nan,2.9449117183685303,0.10017969519548735,0.10018491535533834,10,5,37,46,0.29529601335525513,3047.1850470218305
2026-08-30T19:48:45Z,NVIDIA H200 NVL,full,dyadic_normal32,Current DyadicNormal32,genuine_n01,reverse,dot,67108864,512,256,32,fp64,shared,32,512,0.10018491535533834,nan,2.9449117183685303,0.10017969519548735,0.10018491535533834,10,5,38,46,0.29529601335525513,3047.1850470218305
2026-08-30T19:48:45Z,NVIDIA H200 NVL,full,dyadic_normal32,Current DyadicNormal32,genuine_n01,reverse,dot,67108864,512,256,32,fp64,shared,32,512,0.10018491535533834,nan,2.9449117183685303,0.10017969519548735,0.10018491535533834,10,5,39,46,0.29398399591445923,3047.1850470218305
2026-08-30T19:48:45Z,NVIDIA H200 NVL,full,dyadic_normal32,Current DyadicNormal32,genuine_n01,reverse,dot,67108864,512,256,32,fp64,shared,32,512,0.10018491535533834,nan,2.9449117183685303,0.10017969519548735,0.10018491535533834,10,5,40,46,0.29334399104118347,3047.1850470218305
2026-08-30T19:48:45Z,NVIDIA H200 NVL,full,dyadic_normal32,Current DyadicNormal32,genuine_n01,reverse,dot,67108864,512,256,32,fp64,shared,32,512,0.10018491535533834,nan,2.9449117183685303,0.10017969519548735,0.10018491535533834,10,5,41,46,0.29513600468635559,3047.1850470218305
2026-08-30T19:48:45Z,NVIDIA H200 NVL,full,dyadic_normal32,Current DyadicNormal32,genuine_n01,reverse,dot,67108864,512,256,32,fp64,shared,32,512,0.10018491535533834,nan,2.9449117183685303,0.10017969519548735,0.10018491535533834,10,5,42,46,0.29481598734855652,3047.1850470218305
2026-08-30T19:48:45Z,NVIDIA H200 NVL,full,dyadic_normal32,Current DyadicNormal32,genuine_n01,reverse,dot,67108864,512,256,32,fp64,shared,32,512,0.10018491535533834,nan,2.9449117183685303,0.10017969519548735,0.10018491535533834,10,5,43,46,0.29548799991607666,3047.1850470218305
2026-08-30T19:48:45Z,NVIDIA H200 NVL,full,dyadic_normal32,Current DyadicNormal32,genuine_n01,reverse,dot,67108864,512,256,32,fp64,shared,32,512,0.10018491535533834,nan,2.9449117183685303,0.10017969519548735,0.10018491535533834,10,5,44,46,0.29446399211883545,3047.1850470218305
2026-08-30T19:48:45Z,NVIDIA H200 NVL,full,dyadic_normal32,Current DyadicNormal32,genuine_n01,reverse,dot,67108864,512,256,32,fp64,shared,32,512,0.10018491535533834,nan,2.9449117183685303,0.10017969519548735,0.10018491535533834,10,5,45,46,0.29356798529624939,3047.1850470218305
2026-08-30T19:48:45Z,NVIDIA H200 NVL,full,dyadic_normal32,Current DyadicNormal32,genuine_n01,reverse,dot,67108864,512,256,32,fp64,shared,32,512,0.10018491535533834,nan,2.9449117183685303,0.10017969519548735,0.10018491535533834,10,5,46,46,0.29356798529624939,3047.1850470218305
2026-08-30T19:48:45Z,NVIDIA H200 NVL,full,dyadic_normal32,Current DyadicNormal32,genuine_n01,reverse,dot,67108864,512,256,32,fp64,shared,32,512,0.10018491535533834,nan,2.9449117183685303,0.10017969519548735,0.10018491535533834,10,5,47,46,0.29468798637390137,3047.1850470218305
2026-08-30T19:48:45Z,NVIDIA H200 NVL,full,dyadic_normal32,Current DyadicNormal32,genuine_n01,reverse,dot,67108864,512,256,32,fp64,shared,32,512,0.10018491535533834,nan,2.9449117183685303,0.10017969519548735,0.10018491535533834,10,5,48,46,0.29350399971008301,3047.1850470218305
2026-08-30T19:48:45Z,NVIDIA H200 NVL,full,dyadic_normal32,Current DyadicNormal32,genuine_n01,reverse,dot,67108864,512,256,32,fp64,shared,32,512,0.10018491535533834,nan,2.9449117183685303,0.10017969519548735,0.10018491535533834,10,5,49,46,0.29552000761032104,3047.1850470218305
2026-08-30T19:48:45Z,NVIDIA H200 NVL,full,dyadic_bitcast_constant,BitCast decoder with constant coefficients,hot_uniform,reverse,dot,67108864,512,256,32,fp64,constant,32,512,1,1,20.415004730224609,1.0000398669634123,0.10018491535533834,10,5,25,47,1.5357120037078857,-625480.20747215813
2026-08-30T19:48:45Z,NVIDIA H200 NVL,full,dyadic_bitcast_constant,BitCast decoder with constant coefficients,hot_uniform,reverse,dot,67108864,512,256,32,fp64,constant,32,512,1,1,20.415004730224609,1.0000398669634123,0.10018491535533834,10,5,26,47,1.5369600057601929,-625480.20747215813
2026-08-30T19:48:45Z,NVIDIA H200 NVL,full,dyadic_bitcast_constant,BitCast decoder with constant coefficients,hot_uniform,reverse,dot,67108864,512,256,32,fp64,constant,32,512,1,1,20.415004730224609,1.0000398669634123,0.10018491535533834,10,5,27,47,1.5378559827804565,-625480.20747215813
2026-08-30T19:48:45Z,NVIDIA H200 NVL,full,dyadic_bitcast_constant,BitCast decoder with constant coefficients,hot_uniform,reverse,dot,67108864,512,256,32,fp64,constant,32,512,1,1,20.415004730224609,1.0000398669634123,0.10018491535533834,10,5,28,47,1.5366400480270386,-625480.20747215813
2026-08-30T19:48:45Z,NVIDIA H200 NVL,full,dyadic_bitcast_constant,BitCast decoder with constant coefficients,hot_uniform,reverse,dot,67108864,512,256,32,fp64,constant,32,512,1,1,20.415004730224609,1.0000398669634123,0.10018491535533834,10,5,29,47,1.5380799770355225,-625480.20747215813
2026-08-30T19:48:45Z,NVIDIA H200 NVL,full,dyadic_bitcast_constant,BitCast decoder with constant coefficients,hot_uniform,reverse,dot,67108864,512,256,32,fp64,constant,32,512,1,1,20.415004730224609,1.0000398669634123,0.10018491535533834,10,5,30,47,1.5363839864730835,-625480.20747215813
2026-08-30T19:48:45Z,NVIDIA H200 NVL,full,dyadic_bitcast_constant,BitCast decoder with constant coefficients,hot_uniform,reverse,dot,67108864,512,256,32,fp64,constant,32,512,1,1,20.415004730224609,1.0000398669634123,0.10018491535533834,10,5,31,47,1.5391999483108521,-625480.20747215813
2026-08-30T19:48:45Z,NVIDIA H200 NVL,full,dyadic_bitcast_constant,BitCast decoder with constant coefficients,hot_uniform,reverse,dot,67108864,512,256,32,fp64,constant,32,512,1,1,20.415004730224609,1.0000398669634123,0.10018491535533834,10,5,32,47,1.5366079807281494,-625480.20747215813
2026-08-30T19:48:45Z,NVIDIA H200 NVL,full,dyadic_bitcast_constant,BitCast decoder with constant coefficients,hot_uniform,reverse,dot,67108864,512,256,32,fp64,constant,32,512,1,1,20.415004730224609,1.0000398669634123,0.10018491535533834,10,5,33,47,1.537600040435791,-625480.20747215813
2026-08-30T19:48:45Z,NVIDIA H200 NVL,full,dyadic_bitcast_constant,BitCast decoder with constant coefficients,hot_uniform,reverse,dot,67108864,512,256,32,fp64,constant,32,512,1,1,20.415004730224609,1.0000398669634123,0.10018491535533834,10,5,34,47,1.5370880365371704,-625480.20747215813
2026-08-30T19:48:45Z,NVIDIA H200 NVL,full,dyadic_bitcast_constant,BitCast decoder with constant coefficients,hot_uniform,reverse,dot,67108864,512,256,32,fp64,constant,32,512,1,1,20.415004730224609,1.0000398669634123,0.10018491535533834,10,5,35,47,1.5390080213546753,-625480.20747215813
2026-08-30T19:48:45Z,NVIDIA H200 NVL,full,dyadic_bitcast_constant,BitCast decoder with constant coefficients,hot_uniform,reverse,dot,67108864,512,256,32,fp64,constant,32,512,1,1,20.415004730224609,1.0000398669634123,0.10018491535533834,10,5,36,47,1.5369600057601929,-625480.20747215813
2026-08-30T19:48:45Z,NVIDIA H200 NVL,full,dyadic_bitcast_constant,BitCast decoder with constant coefficients,hot_uniform,reverse,dot,67108864,512,256,32,fp64,constant,32,512,1,1,20.415004730224609,1.0000398669634123,0.10018491535533834,10,5,37,47,1.5393279790878296,-625480.20747215813
2026-08-30T19:48:45Z,NVIDIA H200 NVL,full,dyadic_bitcast_constant,BitCast decoder with constant coefficients,hot_uniform,reverse,dot,67108864,512,256,32,fp64,constant,32,512,1,1,20.415004730224609,1.0000398669634123,0.10018491535533834,10,5,38,47,1.5359040498733521,-625480.20747215813
2026-08-30T19:48:45Z,NVIDIA H200 NVL,full,dyadic_bitcast_constant,BitCast decoder with constant coefficients,hot_uniform,reverse,dot,67108864,512,256,32,fp64,constant,32,512,1,1,20.415004730224609,1.0000398669634123,0.10018491535533834,10,5,39,47,1.5381120443344116,-625480.20747215813
2026-08-30T19:48:45Z,NVIDIA H200 NVL,full,dyadic_bitcast_constant,BitCast decoder with constant coefficients,hot_uniform,reverse,dot,67108864,512,256,32,fp64,constant,32,512,1,1,20.415004730224609,1.0000398669634123,0.10018491535533834,10,5,40,47,1.5376319885253906,-625480.20747215813
2026-08-30T19:48:45Z,NVIDIA H200 NVL,full,dyadic_bitcast_constant,BitCast decoder with constant coefficients,hot_uniform,reverse,dot,67108864,512,256,32,fp64,constant,32,512,1,1,20.415004730224609,1.0000398669634123,0.10018491535533834,10,5,41,47,1.5378880500793457,-625480.20747215813
2026-08-30T19:48:45Z,NVIDIA H200 NVL,full,dyadic_bitcast_constant,BitCast decoder with constant coefficients,hot_uniform,reverse,dot,67108864,512,256,32,fp64,constant,32,512,1,1,20.415004730224609,1.0000398669634123,0.10018491535533834,10,5,42,47,1.5377600193023682,-625480.20747215813
2026-08-30T19:48:45Z,NVIDIA H200 NVL,full,dyadic_bitcast_constant,BitCast decoder with constant coefficients,hot_uniform,reverse,dot,67108864,512,256,32,fp64,constant,32,512,1,1,20.415004730224609,1.0000398669634123,0.10018491535533834,10,5,43,47,1.5373120307922363,-625480.20747215813
2026-08-30T19:48:45Z,NVIDIA H200 NVL,full,dyadic_bitcast_constant,BitCast decoder with constant coefficients,hot_uniform,reverse,dot,67108864,512,256,32,fp64,constant,32,512,1,1,20.415004730224609,1.0000398669634123,0.10018491535533834,10,5,44,47,1.53711998462677,-625480.20747215813
2026-08-30T19:48:45Z,NVIDIA H200 NVL,full,dyadic_bitcast_constant,BitCast decoder with constant coefficients,hot_uniform,reverse,dot,67108864,512,256,32,fp64,constant,32,512,1,1,20.415004730224609,1.0000398669634123,0.10018491535533834,10,5,45,47,1.5368640422821045,-625480.20747215813
2026-08-30T19:48:45Z,NVIDIA H200 NVL,full,dyadic_bitcast_constant,BitCast decoder with constant coefficients,hot_uniform,reverse,dot,67108864,512,256,32,fp64,constant,32,512,1,1,20.415004730224609,1.0000398669634123,0.10018491535533834,10,5,46,47,1.5364480018615723,-625480.20747215813
2026-08-30T19:48:45Z,NVIDIA H200 NVL,full,dyadic_bitcast_constant,BitCast decoder with constant coefficients,hot_uniform,reverse,dot,67108864,512,256,32,fp64,constant,32,512,1,1,20.415004730224609,1.0000398669634123,0.10018491535533834,10,5,47,47,1.5382399559020996,-625480.20747215813
2026-08-30T19:48:45Z,NVIDIA H200 NVL,full,dyadic_bitcast_constant,BitCast decoder with constant coefficients,hot_uniform,reverse,dot,67108864,512,256,32,fp64,constant,32,512,1,1,20.415004730224609,1.0000398669634123,0.10018491535533834,10,5,48,47,1.5371840000152588,-625480.20747215813
2026-08-30T19:48:45Z,NVIDIA H200 NVL,full,dyadic_bitcast_constant,BitCast decoder with constant coefficients,hot_uniform,reverse,dot,67108864,512,256,32,fp64,constant,32,512,1,1,20.415004730224609,1.0000398669634123,0.10018491535533834,10,5,49,47,1.5369600057601929,-625480.20747215813
2026-08-30T19:48:45Z,NVIDIA H200 NVL,full,dyadic_bitcast_shared,BitCast decoder with shared coefficients,hot_uniform,reverse,dot,67108864,512,256,32,fp64,shared,32,512,1,1,20.415004730224609,1.0000398669634123,0.10018491535533834,10,5,25,48,0.30038401484489441,-625480.20747215813
2026-08-30T19:48:45Z,NVIDIA H200 NVL,full,dyadic_bitcast_shared,BitCast decoder with shared coefficients,hot_uniform,reverse,dot,67108864,512,256,32,fp64,shared,32,512,1,1,20.415004730224609,1.0000398669634123,0.10018491535533834,10,5,26,48,0.29903998970985413,-625480.20747215813
2026-08-30T19:48:45Z,NVIDIA H200 NVL,full,dyadic_bitcast_shared,BitCast decoder with shared coefficients,hot_uniform,reverse,dot,67108864,512,256,32,fp64,shared,32,512,1,1,20.415004730224609,1.0000398669634123,0.10018491535533834,10,5,27,48,0.2999039888381958,-625480.20747215813
2026-08-30T19:48:45Z,NVIDIA H200 NVL,full,dyadic_bitcast_shared,BitCast decoder with shared coefficients,hot_uniform,reverse,dot,67108864,512,256,32,fp64,shared,32,512,1,1,20.415004730224609,1.0000398669634123,0.10018491535533834,10,5,28,48,0.29929599165916443,-625480.20747215813
2026-08-30T19:48:45Z,NVIDIA H200 NVL,full,dyadic_bitcast_shared,BitCast decoder with shared coefficients,hot_uniform,reverse,dot,67108864,512,256,32,fp64,shared,32,512,1,1,20.415004730224609,1.0000398669634123,0.10018491535533834,10,5,29,48,0.30140799283981323,-625480.20747215813
2026-08-30T19:48:45Z,NVIDIA H200 NVL,full,dyadic_bitcast_shared,BitCast decoder with shared coefficients,hot_uniform,reverse,dot,67108864,512,256,32,fp64,shared,32,512,1,1,20.415004730224609,1.0000398669634123,0.10018491535533834,10,5,30,48,0.2998720109462738,-625480.20747215813
2026-08-30T19:48:45Z,NVIDIA H200 NVL,full,dyadic_bitcast_shared,BitCast decoder with shared coefficients,hot_uniform,reverse,dot,67108864,512,256,32,fp64,shared,32,512,1,1,20.415004730224609,1.0000398669634123,0.10018491535533834,10,5,31,48,0.30195200443267822,-625480.20747215813
2026-08-30T19:48:45Z,NVIDIA H200 NVL,full,dyadic_bitcast_shared,BitCast decoder with shared coefficients,hot_uniform,reverse,dot,67108864,512,256,32,fp64,shared,32,512,1,1,20.415004730224609,1.0000398669634123,0.10018491535533834,10,5,32,48,0.29926401376724243,-625480.20747215813
2026-08-30T19:48:45Z,NVIDIA H200 NVL,full,dyadic_bitcast_shared,BitCast decoder with shared coefficients,hot_uniform,reverse,dot,67108864,512,256,32,fp64,shared,32,512,1,1,20.415004730224609,1.0000398669634123,0.10018491535533834,10,5,33,48,0.30108800530433655,-625480.20747215813
2026-08-30T19:48:45Z,NVIDIA H200 NVL,full,dyadic_bitcast_shared,BitCast decoder with shared coefficients,hot_uniform,reverse,dot,67108864,512,256,32,fp64,shared,32,512,1,1,20.415004730224609,1.0000398669634123,0.10018491535533834,10,5,34,48,0.30185601115226746,-625480.20747215813
2026-08-30T19:48:45Z,NVIDIA H200 NVL,full,dyadic_bitcast_shared,BitCast decoder with shared coefficients,hot_uniform,reverse,dot,67108864,512,256,32,fp64,shared,32,512,1,1,20.415004730224609,1.0000398669634123,0.10018491535533834,10,5,35,48,0.30220800638198853,-625480.20747215813
2026-08-30T19:48:45Z,NVIDIA H200 NVL,full,dyadic_bitcast_shared,BitCast decoder with shared coefficients,hot_uniform,reverse,dot,67108864,512,256,32,fp64,shared,32,512,1,1,20.415004730224609,1.0000398669634123,0.10018491535533834,10,5,36,48,0.30019199848175049,-625480.20747215813
2026-08-30T19:48:45Z,NVIDIA H200 NVL,full,dyadic_bitcast_shared,BitCast decoder with shared coefficients,hot_uniform,reverse,dot,67108864,512,256,32,fp64,shared,32,512,1,1,20.415004730224609,1.0000398669634123,0.10018491535533834,10,5,37,48,0.30153599381446838,-625480.20747215813
2026-08-30T19:48:45Z,NVIDIA H200 NVL,full,dyadic_bitcast_shared,BitCast decoder with shared coefficients,hot_uniform,reverse,dot,67108864,512,256,32,fp64,shared,32,512,1,1,20.415004730224609,1.0000398669634123,0.10018491535533834,10,5,38,48,0.30134400725364685,-625480.20747215813
2026-08-30T19:48:45Z,NVIDIA H200 NVL,full,dyadic_bitcast_shared,BitCast decoder with shared coefficients,hot_uniform,reverse,dot,67108864,512,256,32,fp64,shared,32,512,1,1,20.415004730224609,1.0000398669634123,0.10018491535533834,10,5,39,48,0.30153599381446838,-625480.20747215813
2026-08-30T19:48:45Z,NVIDIA H200 NVL,full,dyadic_bitcast_shared,BitCast decoder with shared coefficients,hot_uniform,reverse,dot,67108864,512,256,32,fp64,shared,32,512,1,1,20.415004730224609,1.0000398669634123,0.10018491535533834,10,5,40,48,0.30086401104927063,-625480.20747215813
2026-08-30T19:48:45Z,NVIDIA H200 NVL,full,dyadic_bitcast_shared,BitCast decoder with shared coefficients,hot_uniform,reverse,dot,67108864,512,256,32,fp64,shared,32,512,1,1,20.415004730224609,1.0000398669634123,0.10018491535533834,10,5,41,48,0.30076798796653748,-625480.20747215813
2026-08-30T19:48:45Z,NVIDIA H200 NVL,full,dyadic_bitcast_shared,BitCast decoder with shared coefficients,hot_uniform,reverse,dot,67108864,512,256,32,fp64,shared,32,512,1,1,20.415004730224609,1.0000398669634123,0.10018491535533834,10,5,42,48,0.30060800909996033,-625480.20747215813
2026-08-30T19:48:45Z,NVIDIA H200 NVL,full,dyadic_bitcast_shared,BitCast decoder with shared coefficients,hot_uniform,reverse,dot,67108864,512,256,32,fp64,shared,32,512,1,1,20.415004730224609,1.0000398669634123,0.10018491535533834,10,5,43,48,0.30239999294281006,-625480.20747215813
2026-08-30T19:48:45Z,NVIDIA H200 NVL,full,dyadic_bitcast_shared,BitCast decoder with shared coefficients,hot_uniform,reverse,dot,67108864,512,256,32,fp64,shared,32,512,1,1,20.415004730224609,1.0000398669634123,0.10018491535533834,10,5,44,48,0.29945600032806396,-625480.20747215813
2026-08-30T19:48:45Z,NVIDIA H200 NVL,full,dyadic_bitcast_shared,BitCast decoder with shared coefficients,hot_uniform,reverse,dot,67108864,512,256,32,fp64,shared,32,512,1,1,20.415004730224609,1.0000398669634123,0.10018491535533834,10,5,45,48,0.30028799176216125,-625480.20747215813
2026-08-30T19:48:45Z,NVIDIA H200 NVL,full,dyadic_bitcast_shared,BitCast decoder with shared coefficients,hot_uniform,reverse,dot,67108864,512,256,32,fp64,shared,32,512,1,1,20.415004730224609,1.0000398669634123,0.10018491535533834,10,5,46,48,0.30057600140571594,-625480.20747215813
2026-08-30T19:48:45Z,NVIDIA H200 NVL,full,dyadic_bitcast_shared,BitCast decoder with shared coefficients,hot_uniform,reverse,dot,67108864,512,256,32,fp64,shared,32,512,1,1,20.415004730224609,1.0000398669634123,0.10018491535533834,10,5,47,48,0.3009600043296814,-625480.20747215813
2026-08-30T19:48:45Z,NVIDIA H200 NVL,full,dyadic_bitcast_shared,BitCast decoder with shared coefficients,hot_uniform,reverse,dot,67108864,512,256,32,fp64,shared,32,512,1,1,20.415004730224609,1.0000398669634123,0.10018491535533834,10,5,48,48,0.30195200443267822,-625480.20747215813
2026-08-30T19:48:45Z,NVIDIA H200 NVL,full,dyadic_bitcast_shared,BitCast decoder with shared coefficients,hot_uniform,reverse,dot,67108864,512,256,32,fp64,shared,32,512,1,1,20.415004730224609,1.0000398669634123,0.10018491535533834,10,5,49,48,0.3012160062789917,-625480.20747215813
2026-08-30T19:48:45Z,NVIDIA H200 NVL,full,dyadic_sign_fused,Sign-fused decoder,hot_uniform,reverse,dot,67108864,512,256,32,fp64,shared,32,512,1,1,20.415004730224609,1.0000398669634123,0.10018491535533834,10,5,25,49,0.29753598570823669,-625480.20747215801
2026-08-30T19:48:45Z,NVIDIA H200 NVL,full,dyadic_sign_fused,Sign-fused decoder,hot_uniform,reverse,dot,67108864,512,256,32,fp64,shared,32,512,1,1,20.415004730224609,1.0000398669634123,0.10018491535533834,10,5,26,49,0.29900801181793213,-625480.20747215801
2026-08-30T19:48:45Z,NVIDIA H200 NVL,full,dyadic_sign_fused,Sign-fused decoder,hot_uniform,reverse,dot,67108864,512,256,32,fp64,shared,32,512,1,1,20.415004730224609,1.0000398669634123,0.10018491535533834,10,5,27,49,0.30063998699188232,-625480.20747215801
2026-08-30T19:48:45Z,NVIDIA H200 NVL,full,dyadic_sign_fused,Sign-fused decoder,hot_uniform,reverse,dot,67108864,512,256,32,fp64,shared,32,512,1,1,20.415004730224609,1.0000398669634123,0.10018491535533834,10,5,28,49,0.29900801181793213,-625480.20747215801
2026-08-30T19:48:45Z,NVIDIA H200 NVL,full,dyadic_sign_fused,Sign-fused decoder,hot_uniform,reverse,dot,67108864,512,256,32,fp64,shared,32,512,1,1,20.415004730224609,1.0000398669634123,0.10018491535533834,10,5,29,49,0.29907199740409851,-625480.20747215801
2026-08-30T19:48:45Z,NVIDIA H200 NVL,full,dyadic_sign_fused,Sign-fused decoder,hot_uniform,reverse,dot,67108864,512,256,32,fp64,shared,32,512,1,1,20.415004730224609,1.0000398669634123,0.10018491535533834,10,5,30,49,0.30031999945640564,-625480.20747215801
2026-08-30T19:48:45Z,NVIDIA H200 NVL,full,dyadic_sign_fused,Sign-fused decoder,hot_uniform,reverse,dot,67108864,512,256,32,fp64,shared,32,512,1,1,20.415004730224609,1.0000398669634123,0.10018491535533834,10,5,31,49,0.3001599907875061,-625480.20747215801
2026-08-30T19:48:45Z,NVIDIA H200 NVL,full,dyadic_sign_fused,Sign-fused decoder,hot_uniform,reverse,dot,67108864,512,256,32,fp64,shared,32,512,1,1,20.415004730224609,1.0000398669634123,0.10018491535533834,10,5,32,49,0.29939201474189758,-625480.20747215801
2026-08-30T19:48:45Z,NVIDIA H200 NVL,full,dyadic_sign_fused,Sign-fused decoder,hot_uniform,reverse,dot,67108864,512,256,32,fp64,shared,32,512,1,1,20.415004730224609,1.0000398669634123,0.10018491535533834,10,5,33,49,0.3001599907875061,-625480.20747215801
2026-08-30T19:48:45Z,NVIDIA H200 NVL,full,dyadic_sign_fused,Sign-fused decoder,hot_uniform,reverse,dot,67108864,512,256,32,fp64,shared,32,512,1,1,20.415004730224609,1.0000398669634123,0.10018491535533834,10,5,34,49,0.29868799448013306,-625480.20747215801
2026-08-30T19:48:45Z,NVIDIA H200 NVL,full,dyadic_sign_fused,Sign-fused decoder,hot_uniform,reverse,dot,67108864,512,256,32,fp64,shared,32,512,1,1,20.415004730224609,1.0000398669634123,0.10018491535533834,10,5,35,49,0.29788801074028015,-625480.20747215801
2026-08-30T19:48:45Z,NVIDIA H200 NVL,full,dyadic_sign_fused,Sign-fused decoder,hot_uniform,reverse,dot,67108864,512,256,32,fp64,shared,32,512,1,1,20.415004730224609,1.0000398669634123,0.10018491535533834,10,5,36,49,0.29932799935340881,-625480.20747215801
2026-08-30T19:48:45Z,NVIDIA H200 NVL,full,dyadic_sign_fused,Sign-fused decoder,hot_uniform,reverse,dot,67108864,512,256,32,fp64,shared,32,512,1,1,20.415004730224609,1.0000398669634123,0.10018491535533834,10,5,37,49,0.2983039915561676,-625480.20747215801
2026-08-30T19:48:45Z,NVIDIA H200 NVL,full,dyadic_sign_fused,Sign-fused decoder,hot_uniform,reverse,dot,67108864,512,256,32,fp64,shared,32,512,1,1,20.415004730224609,1.0000398669634123,0.10018491535533834,10,5,38,49,0.29971200227737427,-625480.20747215801
2026-08-30T19:48:45Z,NVIDIA H200 NVL,full,dyadic_sign_fused,Sign-fused decoder,hot_uniform,reverse,dot,67108864,512,256,32,fp64,shared,32,512,1,1,20.415004730224609,1.0000398669634123,0.10018491535533834,10,5,39,49,0.30057600140571594,-625480.20747215801
2026-08-30T19:48:45Z,NVIDIA H200 NVL,full,dyadic_sign_fused,Sign-fused decoder,hot_uniform,reverse,dot,67108864,512,256,32,fp64,shared,32,512,1,1,20.415004730224609,1.0000398669634123,0.10018491535533834,10,5,40,49,0.29827201366424561,-625480.20747215801
2026-08-30T19:48:45Z,NVIDIA H200 NVL,full,dyadic_sign_fused,Sign-fused decoder,hot_uniform,reverse,dot,67108864,512,256,32,fp64,shared,32,512,1,1,20.415004730224609,1.0000398669634123,0.10018491535533834,10,5,41,49,0.30051198601722717,-625480.20747215801
2026-08-30T19:48:45Z,NVIDIA H200 NVL,full,dyadic_sign_fused,Sign-fused decoder,hot_uniform,reverse,dot,67108864,512,256,32,fp64,shared,32,512,1,1,20.415004730224609,1.0000398669634123,0.10018491535533834,10,5,42,49,0.29932799935340881,-625480.20747215801
2026-08-30T19:48:45Z,NVIDIA H200 NVL,full,dyadic_sign_fused,Sign-fused decoder,hot_uniform,reverse,dot,67108864,512,256,32,fp64,shared,32,512,1,1,20.415004730224609,1.0000398669634123,0.10018491535533834,10,5,43,49,0.30089598894119263,-625480.20747215801
2026-08-30T19:48:45Z,NVIDIA H200 NVL,full,dyadic_sign_fused,Sign-fused decoder,hot_uniform,reverse,dot,67108864,512,256,32,fp64,shared,32,512,1,1,20.415004730224609,1.0000398669634123,0.10018491535533834,10,5,44,49,0.29891198873519897,-625480.20747215801
2026-08-30T19:48:45Z,NVIDIA H200 NVL,full,dyadic_sign_fused,Sign-fused decoder,hot_uniform,reverse,dot,67108864,512,256,32,fp64,shared,32,512,1,1,20.415004730224609,1.0000398669634123,0.10018491535533834,10,5,45,49,0.29932799935340881,-625480.20747215801
2026-08-30T19:48:45Z,NVIDIA H200 NVL,full,dyadic_sign_fused,Sign-fused decoder,hot_uniform,reverse,dot,67108864,512,256,32,fp64,shared,32,512,1,1,20.415004730224609,1.0000398669634123,0.10018491535533834,10,5,46,49,0.2998720109462738,-625480.20747215801
2026-08-30T19:48:45Z,NVIDIA H200 NVL,full,dyadic_sign_fused,Sign-fused decoder,hot_uniform,reverse,dot,67108864,512,256,32,fp64,shared,32,512,1,1,20.415004730224609,1.0000398669634123,0.10018491535533834,10,5,47,49,0.30083200335502625,-625480.20747215801
2026-08-30T19:48:45Z,NVIDIA H200 NVL,full,dyadic_sign_fused,Sign-fused decoder,hot_uniform,reverse,dot,67108864,512,256,32,fp64,shared,32,512,1,1,20.415004730224609,1.0000398669634123,0.10018491535533834,10,5,48,49,0.30003198981285095,-625480.20747215801
2026-08-30T19:48:45Z,NVIDIA H200 NVL,full,dyadic_sign_fused,Sign-fused decoder,hot_uniform,reverse,dot,67108864,512,256,32,fp64,shared,32,512,1,1,20.415004730224609,1.0000398669634123,0.10018491535533834,10,5,49,49,0.30140799283981323,-625480.20747215801
2026-08-30T19:48:45Z,NVIDIA H200 NVL,full,dyadic_normal32,Current DyadicNormal32,hot_uniform,reverse,dot,67108864,512,256,32,fp64,shared,32,512,1,1,20.415004730224609,1.0000398669634123,0.10018491535533834,10,5,25,50,0.30025601387023926,-625480.20747215801
2026-08-30T19:48:45Z,NVIDIA H200 NVL,full,dyadic_normal32,Current DyadicNormal32,hot_uniform,reverse,dot,67108864,512,256,32,fp64,shared,32,512,1,1,20.415004730224609,1.0000398669634123,0.10018491535533834,10,5,26,50,0.30310401320457458,-625480.20747215801
2026-08-30T19:48:45Z,NVIDIA H200 NVL,full,dyadic_normal32,Current DyadicNormal32,hot_uniform,reverse,dot,67108864,512,256,32,fp64,shared,32,512,1,1,20.415004730224609,1.0000398669634123,0.10018491535533834,10,5,27,50,0.30214399099349976,-625480.20747215801
2026-08-30T19:48:45Z,NVIDIA H200 NVL,full,dyadic_normal32,Current DyadicNormal32,hot_uniform,reverse,dot,67108864,512,256,32,fp64,shared,32,512,1,1,20.415004730224609,1.0000398669634123,0.10018491535533834,10,5,28,50,0.30211201310157776,-625480.20747215801
2026-08-30T19:48:45Z,NVIDIA H200 NVL,full,dyadic_normal32,Current DyadicNormal32,hot_uniform,reverse,dot,67108864,512,256,32,fp64,shared,32,512,1,1,20.415004730224609,1.0000398669634123,0.10018491535533834,10,5,29,50,0.30191999673843384,-625480.20747215801
2026-08-30T19:48:45Z,NVIDIA H200 NVL,full,dyadic_normal32,Current DyadicNormal32,hot_uniform,reverse,dot,67108864,512,256,32,fp64,shared,32,512,1,1,20.415004730224609,1.0000398669634123,0.10018491535533834,10,5,30,50,0.3028160035610199,-625480.20747215801
2026-08-30T19:48:45Z,NVIDIA H200 NVL,full,dyadic_normal32,Current DyadicNormal32,hot_uniform,reverse,dot,67108864,512,256,32,fp64,shared,32,512,1,1,20.415004730224609,1.0000398669634123,0.10018491535533834,10,5,31,50,0.30243200063705444,-625480.20747215801
2026-08-30T19:48:45Z,NVIDIA H200 NVL,full,dyadic_normal32,Current DyadicNormal32,hot_uniform,reverse,dot,67108864,512,256,32,fp64,shared,32,512,1,1,20.415004730224609,1.0000398669634123,0.10018491535533834,10,5,32,50,0.30102398991584778,-625480.20747215801
2026-08-30T19:48:45Z,NVIDIA H200 NVL,full,dyadic_normal32,Current DyadicNormal32,hot_uniform,reverse,dot,67108864,512,256,32,fp64,shared,32,512,1,1,20.415004730224609,1.0000398669634123,0.10018491535533834,10,5,33,50,0.30300799012184143,-625480.20747215801
2026-08-30T19:48:45Z,NVIDIA H200 NVL,full,dyadic_normal32,Current DyadicNormal32,hot_uniform,reverse,dot,67108864,512,256,32,fp64,shared,32,512,1,1,20.415004730224609,1.0000398669634123,0.10018491535533834,10,5,34,50,0.29996800422668457,-625480.20747215801
2026-08-30T19:48:45Z,NVIDIA H200 NVL,full,dyadic_normal32,Current DyadicNormal32,hot_uniform,reverse,dot,67108864,512,256,32,fp64,shared,32,512,1,1,20.415004730224609,1.0000398669634123,0.10018491535533834,10,5,35,50,0.30630400776863098,-625480.20747215801
2026-08-30T19:48:45Z,NVIDIA H200 NVL,full,dyadic_normal32,Current DyadicNormal32,hot_uniform,reverse,dot,67108864,512,256,32,fp64,shared,32,512,1,1,20.415004730224609,1.0000398669634123,0.10018491535533834,10,5,36,50,0.30153599381446838,-625480.20747215801
2026-08-30T19:48:45Z,NVIDIA H200 NVL,full,dyadic_normal32,Current DyadicNormal32,hot_uniform,reverse,dot,67108864,512,256,32,fp64,shared,32,512,1,1,20.415004730224609,1.0000398669634123,0.10018491535533834,10,5,37,50,0.30348798632621765,-625480.20747215801
2026-08-30T19:48:45Z,NVIDIA H200 NVL,full,dyadic_normal32,Current DyadicNormal32,hot_uniform,reverse,dot,67108864,512,256,32,fp64,shared,32,512,1,1,20.415004730224609,1.0000398669634123,0.10018491535533834,10,5,38,50,0.301472008228302,-625480.20747215801
2026-08-30T19:48:45Z,NVIDIA H200 NVL,full,dyadic_normal32,Current DyadicNormal32,hot_uniform,reverse,dot,67108864,512,256,32,fp64,shared,32,512,1,1,20.415004730224609,1.0000398669634123,0.10018491535533834,10,5,39,50,0.30339199304580688,-625480.20747215801
2026-08-30T19:48:45Z,NVIDIA H200 NVL,full,dyadic_normal32,Current DyadicNormal32,hot_uniform,reverse,dot,67108864,512,256,32,fp64,shared,32,512,1,1,20.415004730224609,1.0000398669634123,0.10018491535533834,10,5,40,50,0.30169600248336792,-625480.20747215801
2026-08-30T19:48:45Z,NVIDIA H200 NVL,full,dyadic_normal32,Current DyadicNormal32,hot_uniform,reverse,dot,67108864,512,256,32,fp64,shared,32,512,1,1,20.415004730224609,1.0000398669634123,0.10018491535533834,10,5,41,50,0.30278399586677551,-625480.20747215801
2026-08-30T19:48:45Z,NVIDIA H200 NVL,full,dyadic_normal32,Current DyadicNormal32,hot_uniform,reverse,dot,67108864,512,256,32,fp64,shared,32,512,1,1,20.415004730224609,1.0000398669634123,0.10018491535533834,10,5,42,50,0.30303999781608582,-625480.20747215801
2026-08-30T19:48:45Z,NVIDIA H200 NVL,full,dyadic_normal32,Current DyadicNormal32,hot_uniform,reverse,dot,67108864,512,256,32,fp64,shared,32,512,1,1,20.415004730224609,1.0000398669634123,0.10018491535533834,10,5,43,50,0.30156800150871277,-625480.20747215801
2026-08-30T19:48:45Z,NVIDIA H200 NVL,full,dyadic_normal32,Current DyadicNormal32,hot_uniform,reverse,dot,67108864,512,256,32,fp64,shared,32,512,1,1,20.415004730224609,1.0000398669634123,0.10018491535533834,10,5,44,50,0.30259200930595398,-625480.20747215801
2026-08-30T19:48:45Z,NVIDIA H200 NVL,full,dyadic_normal32,Current DyadicNormal32,hot_uniform,reverse,dot,67108864,512,256,32,fp64,shared,32,512,1,1,20.415004730224609,1.0000398669634123,0.10018491535533834,10,5,45,50,0.30409601330757141,-625480.20747215801
2026-08-30T19:48:45Z,NVIDIA H200 NVL,full,dyadic_normal32,Current DyadicNormal32,hot_uniform,reverse,dot,67108864,512,256,32,fp64,shared,32,512,1,1,20.415004730224609,1.0000398669634123,0.10018491535533834,10,5,46,50,0.30198401212692261,-625480.20747215801
2026-08-30T19:48:45Z,NVIDIA H200 NVL,full,dyadic_normal32,Current DyadicNormal32,hot_uniform,reverse,dot,67108864,512,256,32,fp64,shared,32,512,1,1,20.415004730224609,1.0000398669634123,0.10018491535533834,10,5,47,50,0.30303999781608582,-625480.20747215801
2026-08-30T19:48:45Z,NVIDIA H200 NVL,full,dyadic_normal32,Current DyadicNormal32,hot_uniform,reverse,dot,67108864,512,256,32,fp64,shared,32,512,1,1,20.415004730224609,1.0000398669634123,0.10018491535533834,10,5,48,50,0.30214399099349976,-625480.20747215801
2026-08-30T19:48:45Z,NVIDIA H200 NVL,full,dyadic_normal32,Current DyadicNormal32,hot_uniform,reverse,dot,67108864,512,256,32,fp64,shared,32,512,1,1,20.415004730224609,1.0000398669634123,0.10018491535533834,10,5,49,50,0.30473598837852478,-625480.20747215801
2026-08-30T19:48:45Z,NVIDIA H200 NVL,full,dyadic_bitcast_constant,BitCast decoder with constant coefficients,hot_uniform,reverse,dot,67108864,512,256,32,fp64,constant,32,512,0.875,0.78427413690265801,17.988112449645996,0.87503402395034746,0.10018491535533834,10,5,25,51,1.3629759550094604,-346850.34518191812
2026-08-30T19:48:45Z,NVIDIA H200 NVL,full,dyadic_bitcast_constant,BitCast decoder with constant coefficients,hot_uniform,reverse,dot,67108864,512,256,32,fp64,constant,32,512,0.875,0.78427413690265801,17.988112449645996,0.87503402395034746,0.10018491535533834,10,5,26,51,1.3641599416732788,-346850.34518191812
2026-08-30T19:48:45Z,NVIDIA H200 NVL,full,dyadic_bitcast_constant,BitCast decoder with constant coefficients,hot_uniform,reverse,dot,67108864,512,256,32,fp64,constant,32,512,0.875,0.78427413690265801,17.988112449645996,0.87503402395034746,0.10018491535533834,10,5,27,51,1.3653440475463867,-346850.34518191812
2026-08-30T19:48:45Z,NVIDIA H200 NVL,full,dyadic_bitcast_constant,BitCast decoder with constant coefficients,hot_uniform,reverse,dot,67108864,512,256,32,fp64,constant,32,512,0.875,0.78427413690265801,17.988112449645996,0.87503402395034746,0.10018491535533834,10,5,28,51,1.3656320571899414,-346850.34518191812
2026-08-30T19:48:45Z,NVIDIA H200 NVL,full,dyadic_bitcast_constant,BitCast decoder with constant coefficients,hot_uniform,reverse,dot,67108864,512,256,32,fp64,constant,32,512,0.875,0.78427413690265801,17.988112449645996,0.87503402395034746,0.10018491535533834,10,5,29,51,1.3656959533691406,-346850.34518191812
2026-08-30T19:48:45Z,NVIDIA H200 NVL,full,dyadic_bitcast_constant,BitCast decoder with constant coefficients,hot_uniform,reverse,dot,67108864,512,256,32,fp64,constant,32,512,0.875,0.78427413690265801,17.988112449645996,0.87503402395034746,0.10018491535533834,10,5,30,51,1.3643519878387451,-346850.34518191812
2026-08-30T19:48:45Z,NVIDIA H200 NVL,full,dyadic_bitcast_constant,BitCast decoder with constant coefficients,hot_uniform,reverse,dot,67108864,512,256,32,fp64,constant,32,512,0.875,0.78427413690265801,17.988112449645996,0.87503402395034746,0.10018491535533834,10,5,31,51,1.3649280071258545,-346850.34518191812
2026-08-30T19:48:45Z,NVIDIA H200 NVL,full,dyadic_bitcast_constant,BitCast decoder with constant coefficients,hot_uniform,reverse,dot,67108864,512,256,32,fp64,constant,32,512,0.875,0.78427413690265801,17.988112449645996,0.87503402395034746,0.10018491535533834,10,5,32,51,1.3642560243606567,-346850.34518191812
2026-08-30T19:48:45Z,NVIDIA H200 NVL,full,dyadic_bitcast_constant,BitCast decoder with constant coefficients,hot_uniform,reverse,dot,67108864,512,256,32,fp64,constant,32,512,0.875,0.78427413690265801,17.988112449645996,0.87503402395034746,0.10018491535533834,10,5,33,51,1.3664319515228271,-346850.34518191812
2026-08-30T19:48:45Z,NVIDIA H200 NVL,full,dyadic_bitcast_constant,BitCast decoder with constant coefficients,hot_uniform,reverse,dot,67108864,512,256,32,fp64,constant,32,512,0.875,0.78427413690265801,17.988112449645996,0.87503402395034746,0.10018491535533834,10,5,34,51,1.363103985786438,-346850.34518191812
2026-08-30T19:48:45Z,NVIDIA H200 NVL,full,dyadic_bitcast_constant,BitCast decoder with constant coefficients,hot_uniform,reverse,dot,67108864,512,256,32,fp64,constant,32,512,0.875,0.78427413690265801,17.988112449645996,0.87503402395034746,0.10018491535533834,10,5,35,51,1.3654719591140747,-346850.34518191812
2026-08-30T19:48:45Z,NVIDIA H200 NVL,full,dyadic_bitcast_constant,BitCast decoder with constant coefficients,hot_uniform,reverse,dot,67108864,512,256,32,fp64,constant,32,512,0.875,0.78427413690265801,17.988112449645996,0.87503402395034746,0.10018491535533834,10,5,36,51,1.364192008972168,-346850.34518191812
2026-08-30T19:48:45Z,NVIDIA H200 NVL,full,dyadic_bitcast_constant,BitCast decoder with constant coefficients,hot_uniform,reverse,dot,67108864,512,256,32,fp64,constant,32,512,0.875,0.78427413690265801,17.988112449645996,0.87503402395034746,0.10018491535533834,10,5,37,51,1.3662079572677612,-346850.34518191812
2026-08-30T19:48:45Z,NVIDIA H200 NVL,full,dyadic_bitcast_constant,BitCast decoder with constant coefficients,hot_uniform,reverse,dot,67108864,512,256,32,fp64,constant,32,512,0.875,0.78427413690265801,17.988112449645996,0.87503402395034746,0.10018491535533834,10,5,38,51,1.3644800186157227,-346850.34518191812
2026-08-30T19:48:45Z,NVIDIA H200 NVL,full,dyadic_bitcast_constant,BitCast decoder with constant coefficients,hot_uniform,reverse,dot,67108864,512,256,32,fp64,constant,32,512,0.875,0.78427413690265801,17.988112449645996,0.87503402395034746,0.10018491535533834,10,5,39,51,1.3646719455718994,-346850.34518191812
2026-08-30T19:48:45Z,NVIDIA H200 NVL,full,dyadic_bitcast_constant,BitCast decoder with constant coefficients,hot_uniform,reverse,dot,67108864,512,256,32,fp64,constant,32,512,0.875,0.78427413690265801,17.988112449645996,0.87503402395034746,0.10018491535533834,10,5,40,51,1.3647680282592773,-346850.34518191812
2026-08-30T19:48:45Z,NVIDIA H200 NVL,full,dyadic_bitcast_constant,BitCast decoder with constant coefficients,hot_uniform,reverse,dot,67108864,512,256,32,fp64,constant,32,512,0.875,0.78427413690265801,17.988112449645996,0.87503402395034746,0.10018491535533834,10,5,41,51,1.3640320301055908,-346850.34518191812
2026-08-30T19:48:45Z,NVIDIA H200 NVL,full,dyadic_bitcast_constant,BitCast decoder with constant coefficients,hot_uniform,reverse,dot,67108864,512,256,32,fp64,constant,32,512,0.875,0.78427413690265801,17.988112449645996,0.87503402395034746,0.10018491535533834,10,5,42,51,1.3640320301055908,-346850.34518191812
2026-08-30T19:48:45Z,NVIDIA H200 NVL,full,dyadic_bitcast_constant,BitCast decoder with constant coefficients,hot_uniform,reverse,dot,67108864,512,256,32,fp64,constant,32,512,0.875,0.78427413690265801,17.988112449645996,0.87503402395034746,0.10018491535533834,10,5,43,51,1.3640639781951904,-346850.34518191812
2026-08-30T19:48:45Z,NVIDIA H200 NVL,full,dyadic_bitcast_constant,BitCast decoder with constant coefficients,hot_uniform,reverse,dot,67108864,512,256,32,fp64,constant,32,512,0.875,0.78427413690265801,17.988112449645996,0.87503402395034746,0.10018491535533834,10,5,44,51,1.3634879589080811,-346850.34518191812
2026-08-30T19:48:45Z,NVIDIA H200 NVL,full,dyadic_bitcast_constant,BitCast decoder with constant coefficients,hot_uniform,reverse,dot,67108864,512,256,32,fp64,constant,32,512,0.875,0.78427413690265801,17.988112449645996,0.87503402395034746,0.10018491535533834,10,5,45,51,1.3655040264129639,-346850.34518191812
2026-08-30T19:48:45Z,NVIDIA H200 NVL,full,dyadic_bitcast_constant,BitCast decoder with constant coefficients,hot_uniform,reverse,dot,67108864,512,256,32,fp64,constant,32,512,0.875,0.78427413690265801,17.988112449645996,0.87503402395034746,0.10018491535533834,10,5,46,51,1.3658879995346069,-346850.34518191812
2026-08-30T19:48:45Z,NVIDIA H200 NVL,full,dyadic_bitcast_constant,BitCast decoder with constant coefficients,hot_uniform,reverse,dot,67108864,512,256,32,fp64,constant,32,512,0.875,0.78427413690265801,17.988112449645996,0.87503402395034746,0.10018491535533834,10,5,47,51,1.3633600473403931,-346850.34518191812
2026-08-30T19:48:45Z,NVIDIA H200 NVL,full,dyadic_bitcast_constant,BitCast decoder with constant coefficients,hot_uniform,reverse,dot,67108864,512,256,32,fp64,constant,32,512,0.875,0.78427413690265801,17.988112449645996,0.87503402395034746,0.10018491535533834,10,5,48,51,1.3642560243606567,-346850.34518191812
2026-08-30T19:48:45Z,NVIDIA H200 NVL,full,dyadic_bitcast_constant,BitCast decoder with constant coefficients,hot_uniform,reverse,dot,67108864,512,256,32,fp64,constant,32,512,0.875,0.78427413690265801,17.988112449645996,0.87503402395034746,0.10018491535533834,10,5,49,51,1.3642560243606567,-346850.34518191812
2026-08-30T19:48:45Z,NVIDIA H200 NVL,full,dyadic_bitcast_shared,BitCast decoder with shared coefficients,hot_uniform,reverse,dot,67108864,512,256,32,fp64,shared,32,512,0.875,0.78427413690265801,17.988112449645996,0.87503402395034746,0.10018491535533834,10,5,25,52,0.29824000597000122,-346850.34518191812
2026-08-30T19:48:45Z,NVIDIA H200 NVL,full,dyadic_bitcast_shared,BitCast decoder with shared coefficients,hot_uniform,reverse,dot,67108864,512,256,32,fp64,shared,32,512,0.875,0.78427413690265801,17.988112449645996,0.87503402395034746,0.10018491535533834,10,5,26,52,0.29926401376724243,-346850.34518191812
2026-08-30T19:48:45Z,NVIDIA H200 NVL,full,dyadic_bitcast_shared,BitCast decoder with shared coefficients,hot_uniform,reverse,dot,67108864,512,256,32,fp64,shared,32,512,0.875,0.78427413690265801,17.988112449645996,0.87503402395034746,0.10018491535533834,10,5,27,52,0.29974400997161865,-346850.34518191812
2026-08-30T19:48:45Z,NVIDIA H200 NVL,full,dyadic_bitcast_shared,BitCast decoder with shared coefficients,hot_uniform,reverse,dot,67108864,512,256,32,fp64,shared,32,512,0.875,0.78427413690265801,17.988112449645996,0.87503402395034746,0.10018491535533834,10,5,28,52,0.29875200986862183,-346850.34518191812
2026-08-30T19:48:45Z,NVIDIA H200 NVL,full,dyadic_bitcast_shared,BitCast decoder with shared coefficients,hot_uniform,reverse,dot,67108864,512,256,32,fp64,shared,32,512,0.875,0.78427413690265801,17.988112449645996,0.87503402395034746,0.10018491535533834,10,5,29,52,0.29852798581123352,-346850.34518191812
2026-08-30T19:48:45Z,NVIDIA H200 NVL,full,dyadic_bitcast_shared,BitCast decoder with shared coefficients,hot_uniform,reverse,dot,67108864,512,256,32,fp64,shared,32,512,0.875,0.78427413690265801,17.988112449645996,0.87503402395034746,0.10018491535533834,10,5,30,52,0.29875200986862183,-346850.34518191812
2026-08-30T19:48:45Z,NVIDIA H200 NVL,full,dyadic_bitcast_shared,BitCast decoder with shared coefficients,hot_uniform,reverse,dot,67108864,512,256,32,fp64,shared,32,512,0.875,0.78427413690265801,17.988112449645996,0.87503402395034746,0.10018491535533834,10,5,31,52,0.30079999566078186,-346850.34518191812
2026-08-30T19:48:45Z,NVIDIA H200 NVL,full,dyadic_bitcast_shared,BitCast decoder with shared coefficients,hot_uniform,reverse,dot,67108864,512,256,32,fp64,shared,32,512,0.875,0.78427413690265801,17.988112449645996,0.87503402395034746,0.10018491535533834,10,5,32,52,0.29923200607299805,-346850.34518191812
2026-08-30T19:48:45Z,NVIDIA H200 NVL,full,dyadic_bitcast_shared,BitCast decoder with shared coefficients,hot_uniform,reverse,dot,67108864,512,256,32,fp64,shared,32,512,0.875,0.78427413690265801,17.988112449645996,0.87503402395034746,0.10018491535533834,10,5,33,52,0.3001599907875061,-346850.34518191812
2026-08-30T19:48:45Z,NVIDIA H200 NVL,full,dyadic_bitcast_shared,BitCast decoder with shared coefficients,hot_uniform,reverse,dot,67108864,512,256,32,fp64,shared,32,512,0.875,0.78427413690265801,17.988112449645996,0.87503402395034746,0.10018491535533834,10,5,34,52,0.30000001192092896,-346850.34518191812
2026-08-30T19:48:45Z,NVIDIA H200 NVL,full,dyadic_bitcast_shared,BitCast decoder with shared coefficients,hot_uniform,reverse,dot,67108864,512,256,32,fp64,shared,32,512,0.875,0.78427413690265801,17.988112449645996,0.87503402395034746,0.10018491535533834,10,5,35,52,0.30112001299858093,-346850.34518191812
2026-08-30T19:48:45Z,NVIDIA H200 NVL,full,dyadic_bitcast_shared,BitCast decoder with shared coefficients,hot_uniform,reverse,dot,67108864,512,256,32,fp64,shared,32,512,0.875,0.78427413690265801,17.988112449645996,0.87503402395034746,0.10018491535533834,10,5,36,52,0.29843199253082275,-346850.34518191812
2026-08-30T19:48:45Z,NVIDIA H200 NVL,full,dyadic_bitcast_shared,BitCast decoder with shared coefficients,hot_uniform,reverse,dot,67108864,512,256,32,fp64,shared,32,512,0.875,0.78427413690265801,17.988112449645996,0.87503402395034746,0.10018491535533834,10,5,37,52,0.30019199848175049,-346850.34518191812
2026-08-30T19:48:45Z,NVIDIA H200 NVL,full,dyadic_bitcast_shared,BitCast decoder with shared coefficients,hot_uniform,reverse,dot,67108864,512,256,32,fp64,shared,32,512,0.875,0.78427413690265801,17.988112449645996,0.87503402395034746,0.10018491535533834,10,5,38,52,0.30092799663543701,-346850.34518191812
2026-08-30T19:48:45Z,NVIDIA H200 NVL,full,dyadic_bitcast_shared,BitCast decoder with shared coefficients,hot_uniform,reverse,dot,67108864,512,256,32,fp64,shared,32,512,0.875,0.78427413690265801,17.988112449645996,0.87503402395034746,0.10018491535533834,10,5,39,52,0.29958400130271912,-346850.34518191812
2026-08-30T19:48:45Z,NVIDIA H200 NVL,full,dyadic_bitcast_shared,BitCast decoder with shared coefficients,hot_uniform,reverse,dot,67108864,512,256,32,fp64,shared,32,512,0.875,0.78427413690265801,17.988112449645996,0.87503402395034746,0.10018491535533834,10,5,40,52,0.30089598894119263,-346850.34518191812
2026-08-30T19:48:45Z,NVIDIA H200 NVL,full,dyadic_bitcast_shared,BitCast decoder with shared coefficients,hot_uniform,reverse,dot,67108864,512,256,32,fp64,shared,32,512,0.875,0.78427413690265801,17.988112449645996,0.87503402395034746,0.10018491535533834,10,5,41,52,0.3009600043296814,-346850.34518191812
2026-08-30T19:48:45Z,NVIDIA H200 NVL,full,dyadic_bitcast_shared,BitCast decoder with shared coefficients,hot_uniform,reverse,dot,67108864,512,256,32,fp64,shared,32,512,0.875,0.78427413690265801,17.988112449645996,0.87503402395034746,0.10018491535533834,10,5,42,52,0.30079999566078186,-346850.34518191812
2026-08-30T19:48:45Z,NVIDIA H200 NVL,full,dyadic_bitcast_shared,BitCast decoder with shared coefficients,hot_uniform,reverse,dot,67108864,512,256,32,fp64,shared,32,512,0.875,0.78427413690265801,17.988112449645996,0.87503402395034746,0.10018491535533834,10,5,43,52,0.30054399371147156,-346850.34518191812
2026-08-30T19:48:45Z,NVIDIA H200 NVL,full,dyadic_bitcast_shared,BitCast decoder with shared coefficients,hot_uniform,reverse,dot,67108864,512,256,32,fp64,shared,32,512,0.875,0.78427413690265801,17.988112449645996,0.87503402395034746,0.10018491535533834,10,5,44,52,0.30115199089050293,-346850.34518191812
2026-08-30T19:48:45Z,NVIDIA H200 NVL,full,dyadic_bitcast_shared,BitCast decoder with shared coefficients,hot_uniform,reverse,dot,67108864,512,256,32,fp64,shared,32,512,0.875,0.78427413690265801,17.988112449645996,0.87503402395034746,0.10018491535533834,10,5,45,52,0.30131199955940247,-346850.34518191812
2026-08-30T19:48:45Z,NVIDIA H200 NVL,full,dyadic_bitcast_shared,BitCast decoder with shared coefficients,hot_uniform,reverse,dot,67108864,512,256,32,fp64,shared,32,512,0.875,0.78427413690265801,17.988112449645996,0.87503402395034746,0.10018491535533834,10,5,46,52,0.30051198601722717,-346850.34518191812
2026-08-30T19:48:45Z,NVIDIA H200 NVL,full,dyadic_bitcast_shared,BitCast decoder with shared coefficients,hot_uniform,reverse,dot,67108864,512,256,32,fp64,shared,32,512,0.875,0.78427413690265801,17.988112449645996,0.87503402395034746,0.10018491535533834,10,5,47,52,0.30137598514556885,-346850.34518191812
2026-08-30T19:48:45Z,NVIDIA H200 NVL,full,dyadic_bitcast_shared,BitCast decoder with shared coefficients,hot_uniform,reverse,dot,67108864,512,256,32,fp64,shared,32,512,0.875,0.78427413690265801,17.988112449645996,0.87503402395034746,0.10018491535533834,10,5,48,52,0.30041599273681641,-346850.34518191812
2026-08-30T19:48:45Z,NVIDIA H200 NVL,full,dyadic_bitcast_shared,BitCast decoder with shared coefficients,hot_uniform,reverse,dot,67108864,512,256,32,fp64,shared,32,512,0.875,0.78427413690265801,17.988112449645996,0.87503402395034746,0.10018491535533834,10,5,49,52,0.2996160089969635,-346850.34518191812
2026-08-30T19:48:45Z,NVIDIA H200 NVL,full,dyadic_sign_fused,Sign-fused decoder,hot_uniform,reverse,dot,67108864,512,256,32,fp64,shared,32,512,0.875,0.78427413690265801,17.988112449645996,0.87503402395034746,0.10018491535533834,10,5,25,53,0.29836800694465637,-346850.34518191812
2026-08-30T19:48:45Z,NVIDIA H200 NVL,full,dyadic_sign_fused,Sign-fused decoder,hot_uniform,reverse,dot,67108864,512,256,32,fp64,shared,32,512,0.875,0.78427413690265801,17.988112449645996,0.87503402395034746,0.10018491535533834,10,5,26,53,0.29878398776054382,-346850.34518191812
2026-08-30T19:48:45Z,NVIDIA H200 NVL,full,dyadic_sign_fused,Sign-fused decoder,hot_uniform,reverse,dot,67108864,512,256,32,fp64,shared,32,512,0.875,0.78427413690265801,17.988112449645996,0.87503402395034746,0.10018491535533834,10,5,27,53,0.29836800694465637,-346850.34518191812
2026-08-30T19:48:45Z,NVIDIA H200 NVL,full,dyadic_sign_fused,Sign-fused decoder,hot_uniform,reverse,dot,67108864,512,256,32,fp64,shared,32,512,0.875,0.78427413690265801,17.988112449645996,0.87503402395034746,0.10018491535533834,10,5,28,53,0.29862400889396667,-346850.34518191812
2026-08-30T19:48:45Z,NVIDIA H200 NVL,full,dyadic_sign_fused,Sign-fused decoder,hot_uniform,reverse,dot,67108864,512,256,32,fp64,shared,32,512,0.875,0.78427413690265801,17.988112449645996,0.87503402395034746,0.10018491535533834,10,5,29,53,0.29932799935340881,-346850.34518191812
2026-08-30T19:48:45Z,NVIDIA H200 NVL,full,dyadic_sign_fused,Sign-fused decoder,hot_uniform,reverse,dot,67108864,512,256,32,fp64,shared,32,512,0.875,0.78427413690265801,17.988112449645996,0.87503402395034746,0.10018491535533834,10,5,30,53,0.29766398668289185,-346850.34518191812
2026-08-30T19:48:45Z,NVIDIA H200 NVL,full,dyadic_sign_fused,Sign-fused decoder,hot_uniform,reverse,dot,67108864,512,256,32,fp64,shared,32,512,0.875,0.78427413690265801,17.988112449645996,0.87503402395034746,0.10018491535533834,10,5,31,53,0.2983039915561676,-346850.34518191812
2026-08-30T19:48:45Z,NVIDIA H200 NVL,full,dyadic_sign_fused,Sign-fused decoder,hot_uniform,reverse,dot,67108864,512,256,32,fp64,shared,32,512,0.875,0.78427413690265801,17.988112449645996,0.87503402395034746,0.10018491535533834,10,5,32,53,0.29868799448013306,-346850.34518191812
2026-08-30T19:48:45Z,NVIDIA H200 NVL,full,dyadic_sign_fused,Sign-fused decoder,hot_uniform,reverse,dot,67108864,512,256,32,fp64,shared,32,512,0.875,0.78427413690265801,17.988112449645996,0.87503402395034746,0.10018491535533834,10,5,33,53,0.29865598678588867,-346850.34518191812
2026-08-30T19:48:45Z,NVIDIA H200 NVL,full,dyadic_sign_fused,Sign-fused decoder,hot_uniform,reverse,dot,67108864,512,256,32,fp64,shared,32,512,0.875,0.78427413690265801,17.988112449645996,0.87503402395034746,0.10018491535533834,10,5,34,53,0.29817599058151245,-346850.34518191812
2026-08-30T19:48:45Z,NVIDIA H200 NVL,full,dyadic_sign_fused,Sign-fused decoder,hot_uniform,reverse,dot,67108864,512,256,32,fp64,shared,32,512,0.875,0.78427413690265801,17.988112449645996,0.87503402395034746,0.10018491535533834,10,5,35,53,0.2998720109462738,-346850.34518191812
2026-08-30T19:48:45Z,NVIDIA H200 NVL,full,dyadic_sign_fused,Sign-fused decoder,hot_uniform,reverse,dot,67108864,512,256,32,fp64,shared,32,512,0.875,0.78427413690265801,17.988112449645996,0.87503402395034746,0.10018491535533834,10,5,36,53,0.29833599925041199,-346850.34518191812
2026-08-30T19:48:45Z,NVIDIA H200 NVL,full,dyadic_sign_fused,Sign-fused decoder,hot_uniform,reverse,dot,67108864,512,256,32,fp64,shared,32,512,0.875,0.78427413690265801,17.988112449645996,0.87503402395034746,0.10018491535533834,10,5,37,53,0.29846400022506714,-346850.34518191812
2026-08-30T19:48:45Z,NVIDIA H200 NVL,full,dyadic_sign_fused,Sign-fused decoder,hot_uniform,reverse,dot,67108864,512,256,32,fp64,shared,32,512,0.875,0.78427413690265801,17.988112449645996,0.87503402395034746,0.10018491535533834,10,5,38,53,0.29884800314903259,-346850.34518191812
2026-08-30T19:48:45Z,NVIDIA H200 NVL,full,dyadic_sign_fused,Sign-fused decoder,hot_uniform,reverse,dot,67108864,512,256,32,fp64,shared,32,512,0.875,0.78427413690265801,17.988112449645996,0.87503402395034746,0.10018491535533834,10,5,39,53,0.29849600791931152,-346850.34518191812
2026-08-30T19:48:45Z,NVIDIA H200 NVL,full,dyadic_sign_fused,Sign-fused decoder,hot_uniform,reverse,dot,67108864,512,256,32,fp64,shared,32,512,0.875,0.78427413690265801,17.988112449645996,0.87503402395034746,0.10018491535533834,10,5,40,53,0.29926401376724243,-346850.34518191812
2026-08-30T19:48:45Z,NVIDIA H200 NVL,full,dyadic_sign_fused,Sign-fused decoder,hot_uniform,reverse,dot,67108864,512,256,32,fp64,shared,32,512,0.875,0.78427413690265801,17.988112449645996,0.87503402395034746,0.10018491535533834,10,5,41,53,0.30144000053405762,-346850.34518191812
2026-08-30T19:48:45Z,NVIDIA H200 NVL,full,dyadic_sign_fused,Sign-fused decoder,hot_uniform,reverse,dot,67108864,512,256,32,fp64,shared,32,512,0.875,0.78427413690265801,17.988112449645996,0.87503402395034746,0.10018491535533834,10,5,42,53,0.29849600791931152,-346850.34518191812
2026-08-30T19:48:45Z,NVIDIA H200 NVL,full,dyadic_sign_fused,Sign-fused decoder,hot_uniform,reverse,dot,67108864,512,256,32,fp64,shared,32,512,0.875,0.78427413690265801,17.988112449645996,0.87503402395034746,0.10018491535533834,10,5,43,53,0.29967999458312988,-346850.34518191812
2026-08-30T19:48:45Z,NVIDIA H200 NVL,full,dyadic_sign_fused,Sign-fused decoder,hot_uniform,reverse,dot,67108864,512,256,32,fp64,shared,32,512,0.875,0.78427413690265801,17.988112449645996,0.87503402395034746,0.10018491535533834,10,5,44,53,0.29881599545478821,-346850.34518191812
2026-08-30T19:48:45Z,NVIDIA H200 NVL,full,dyadic_sign_fused,Sign-fused decoder,hot_uniform,reverse,dot,67108864,512,256,32,fp64,shared,32,512,0.875,0.78427413690265801,17.988112449645996,0.87503402395034746,0.10018491535533834,10,5,45,53,0.2993600070476532,-346850.34518191812
2026-08-30T19:48:45Z,NVIDIA H200 NVL,full,dyadic_sign_fused,Sign-fused decoder,hot_uniform,reverse,dot,67108864,512,256,32,fp64,shared,32,512,0.875,0.78427413690265801,17.988112449645996,0.87503402395034746,0.10018491535533834,10,5,46,53,0.29888001084327698,-346850.34518191812
2026-08-30T19:48:45Z,NVIDIA H200 NVL,full,dyadic_sign_fused,Sign-fused decoder,hot_uniform,reverse,dot,67108864,512,256,32,fp64,shared,32,512,0.875,0.78427413690265801,17.988112449645996,0.87503402395034746,0.10018491535533834,10,5,47,53,0.29756799340248108,-346850.34518191812
2026-08-30T19:48:45Z,NVIDIA H200 NVL,full,dyadic_sign_fused,Sign-fused decoder,hot_uniform,reverse,dot,67108864,512,256,32,fp64,shared,32,512,0.875,0.78427413690265801,17.988112449645996,0.87503402395034746,0.10018491535533834,10,5,48,53,0.29756799340248108,-346850.34518191812
2026-08-30T19:48:45Z,NVIDIA H200 NVL,full,dyadic_sign_fused,Sign-fused decoder,hot_uniform,reverse,dot,67108864,512,256,32,fp64,shared,32,512,0.875,0.78427413690265801,17.988112449645996,0.87503402395034746,0.10018491535533834,10,5,49,53,0.29811200499534607,-346850.34518191812
2026-08-30T19:48:45Z,NVIDIA H200 NVL,full,dyadic_normal32,Current DyadicNormal32,hot_uniform,reverse,dot,67108864,512,256,32,fp64,shared,32,512,0.875,0.78427413690265801,17.988112449645996,0.87503402395034746,0.10018491535533834,10,5,25,54,0.29891198873519897,-346850.34518191812
2026-08-30T19:48:45Z,NVIDIA H200 NVL,full,dyadic_normal32,Current DyadicNormal32,hot_uniform,reverse,dot,67108864,512,256,32,fp64,shared,32,512,0.875,0.78427413690265801,17.988112449645996,0.87503402395034746,0.10018491535533834,10,5,26,54,0.3012160062789917,-346850.34518191812
2026-08-30T19:48:45Z,NVIDIA H200 NVL,full,dyadic_normal32,Current DyadicNormal32,hot_uniform,reverse,dot,67108864,512,256,32,fp64,shared,32,512,0.875,0.78427413690265801,17.988112449645996,0.87503402395034746,0.10018491535533834,10,5,27,54,0.29939201474189758,-346850.34518191812
2026-08-30T19:48:45Z,NVIDIA H200 NVL,full,dyadic_normal32,Current DyadicNormal32,hot_uniform,reverse,dot,67108864,512,256,32,fp64,shared,32,512,0.875,0.78427413690265801,17.988112449645996,0.87503402395034746,0.10018491535533834,10,5,28,54,0.29846400022506714,-346850.34518191812
2026-08-30T19:48:45Z,NVIDIA H200 NVL,full,dyadic_normal32,Current DyadicNormal32,hot_uniform,reverse,dot,67108864,512,256,32,fp64,shared,32,512,0.875,0.78427413690265801,17.988112449645996,0.87503402395034746,0.10018491535533834,10,5,29,54,0.29878398776054382,-346850.34518191812
2026-08-30T19:48:45Z,NVIDIA H200 NVL,full,dyadic_normal32,Current DyadicNormal32,hot_uniform,reverse,dot,67108864,512,256,32,fp64,shared,32,512,0.875,0.78427413690265801,17.988112449645996,0.87503402395034746,0.10018491535533834,10,5,30,54,0.30323201417922974,-346850.34518191812
2026-08-30T19:48:45Z,NVIDIA H200 NVL,full,dyadic_normal32,Current DyadicNormal32,hot_uniform,reverse,dot,67108864,512,256,32,fp64,shared,32,512,0.875,0.78427413690265801,17.988112449645996,0.87503402395034746,0.10018491535533834,10,5,31,54,0.30009600520133972,-346850.34518191812
2026-08-30T19:48:45Z,NVIDIA H200 NVL,full,dyadic_normal32,Current DyadicNormal32,hot_uniform,reverse,dot,67108864,512,256,32,fp64,shared,32,512,0.875,0.78427413690265801,17.988112449645996,0.87503402395034746,0.10018491535533834,10,5,32,54,0.29967999458312988,-346850.34518191812
2026-08-30T19:48:45Z,NVIDIA H200 NVL,full,dyadic_normal32,Current DyadicNormal32,hot_uniform,reverse,dot,67108864,512,256,32,fp64,shared,32,512,0.875,0.78427413690265801,17.988112449645996,0.87503402395034746,0.10018491535533834,10,5,33,54,0.30022400617599487,-346850.34518191812
2026-08-30T19:48:45Z,NVIDIA H200 NVL,full,dyadic_normal32,Current DyadicNormal32,hot_uniform,reverse,dot,67108864,512,256,32,fp64,shared,32,512,0.875,0.78427413690265801,17.988112449645996,0.87503402395034746,0.10018491535533834,10,5,34,54,0.29958400130271912,-346850.34518191812
2026-08-30T19:48:45Z,NVIDIA H200 NVL,full,dyadic_normal32,Current DyadicNormal32,hot_uniform,reverse,dot,67108864,512,256,32,fp64,shared,32,512,0.875,0.78427413690265801,17.988112449645996,0.87503402395034746,0.10018491535533834,10,5,35,54,0.30057600140571594,-346850.34518191812
2026-08-30T19:48:45Z,NVIDIA H200 NVL,full,dyadic_normal32,Current DyadicNormal32,hot_uniform,reverse,dot,67108864,512,256,32,fp64,shared,32,512,0.875,0.78427413690265801,17.988112449645996,0.87503402395034746,0.10018491535533834,10,5,36,54,0.30063998699188232,-346850.34518191812
2026-08-30T19:48:45Z,NVIDIA H200 NVL,full,dyadic_normal32,Current DyadicNormal32,hot_uniform,reverse,dot,67108864,512,256,32,fp64,shared,32,512,0.875,0.78427413690265801,17.988112449645996,0.87503402395034746,0.10018491535533834,10,5,37,54,0.29929599165916443,-346850.34518191812
2026-08-30T19:48:45Z,NVIDIA H200 NVL,full,dyadic_normal32,Current DyadicNormal32,hot_uniform,reverse,dot,67108864,512,256,32,fp64,shared,32,512,0.875,0.78427413690265801,17.988112449645996,0.87503402395034746,0.10018491535533834,10,5,38,54,0.30070400238037109,-346850.34518191812
2026-08-30T19:48:45Z,NVIDIA H200 NVL,full,dyadic_normal32,Current DyadicNormal32,hot_uniform,reverse,dot,67108864,512,256,32,fp64,shared,32,512,0.875,0.78427413690265801,17.988112449645996,0.87503402395034746,0.10018491535533834,10,5,39,54,0.30044800043106079,-346850.34518191812
2026-08-30T19:48:45Z,NVIDIA H200 NVL,full,dyadic_normal32,Current DyadicNormal32,hot_uniform,reverse,dot,67108864,512,256,32,fp64,shared,32,512,0.875,0.78427413690265801,17.988112449645996,0.87503402395034746,0.10018491535533834,10,5,40,54,0.30044800043106079,-346850.34518191812
2026-08-30T19:48:45Z,NVIDIA H200 NVL,full,dyadic_normal32,Current DyadicNormal32,hot_uniform,reverse,dot,67108864,512,256,32,fp64,shared,32,512,0.875,0.78427413690265801,17.988112449645996,0.87503402395034746,0.10018491535533834,10,5,41,54,0.29996800422668457,-346850.34518191812
2026-08-30T19:48:45Z,NVIDIA H200 NVL,full,dyadic_normal32,Current DyadicNormal32,hot_uniform,reverse,dot,67108864,512,256,32,fp64,shared,32,512,0.875,0.78427413690265801,17.988112449645996,0.87503402395034746,0.10018491535533834,10,5,42,54,0.29919999837875366,-346850.34518191812
2026-08-30T19:48:45Z,NVIDIA H200 NVL,full,dyadic_normal32,Current DyadicNormal32,hot_uniform,reverse,dot,67108864,512,256,32,fp64,shared,32,512,0.875,0.78427413690265801,17.988112449645996,0.87503402395034746,0.10018491535533834,10,5,43,54,0.30179199576377869,-346850.34518191812
2026-08-30T19:48:45Z,NVIDIA H200 NVL,full,dyadic_normal32,Current DyadicNormal32,hot_uniform,reverse,dot,67108864,512,256,32,fp64,shared,32,512,0.875,0.78427413690265801,17.988112449645996,0.87503402395034746,0.10018491535533834,10,5,44,54,0.30086401104927063,-346850.34518191812
2026-08-30T19:48:45Z,NVIDIA H200 NVL,full,dyadic_normal32,Current DyadicNormal32,hot_uniform,reverse,dot,67108864,512,256,32,fp64,shared,32,512,0.875,0.78427413690265801,17.988112449645996,0.87503402395034746,0.10018491535533834,10,5,45,54,0.30217599868774414,-346850.34518191812
2026-08-30T19:48:45Z,NVIDIA H200 NVL,full,dyadic_normal32,Current DyadicNormal32,hot_uniform,reverse,dot,67108864,512,256,32,fp64,shared,32,512,0.875,0.78427413690265801,17.988112449645996,0.87503402395034746,0.10018491535533834,10,5,46,54,0.3001599907875061,-346850.34518191812
2026-08-30T19:48:45Z,NVIDIA H200 NVL,full,dyadic_normal32,Current DyadicNormal32,hot_uniform,reverse,dot,67108864,512,256,32,fp64,shared,32,512,0.875,0.78427413690265801,17.988112449645996,0.87503402395034746,0.10018491535533834,10,5,47,54,0.30006399750709534,-346850.34518191812
2026-08-30T19:48:45Z,NVIDIA H200 NVL,full,dyadic_normal32,Current DyadicNormal32,hot_uniform,reverse,dot,67108864,512,256,32,fp64,shared,32,512,0.875,0.78427413690265801,17.988112449645996,0.87503402395034746,0.10018491535533834,10,5,48,54,0.29919999837875366,-346850.34518191812
2026-08-30T19:48:45Z,NVIDIA H200 NVL,full,dyadic_normal32,Current DyadicNormal32,hot_uniform,reverse,dot,67108864,512,256,32,fp64,shared,32,512,0.875,0.78427413690265801,17.988112449645996,0.87503402395034746,0.10018491535533834,10,5,49,54,0.30086401104927063,-346850.34518191812
2026-08-30T19:48:45Z,NVIDIA H200 NVL,full,dyadic_bitcast_constant,BitCast decoder with constant coefficients,hot_uniform,reverse,dot,67108864,512,256,32,fp64,constant,32,512,0.75,0.62806537638084414,15.562082529067993,0.75007259990046438,0.10018491535533834,10,5,25,55,1.1848000288009644,-114286.99910117895
2026-08-30T19:48:45Z,NVIDIA H200 NVL,full,dyadic_bitcast_constant,BitCast decoder with constant coefficients,hot_uniform,reverse,dot,67108864,512,256,32,fp64,constant,32,512,0.75,0.62806537638084414,15.562082529067993,0.75007259990046438,0.10018491535533834,10,5,26,55,1.1875200271606445,-114286.99910117895
2026-08-30T19:48:45Z,NVIDIA H200 NVL,full,dyadic_bitcast_constant,BitCast decoder with constant coefficients,hot_uniform,reverse,dot,67108864,512,256,32,fp64,constant,32,512,0.75,0.62806537638084414,15.562082529067993,0.75007259990046438,0.10018491535533834,10,5,27,55,1.1876159906387329,-114286.99910117895
2026-08-30T19:48:45Z,NVIDIA H200 NVL,full,dyadic_bitcast_constant,BitCast decoder with constant coefficients,hot_uniform,reverse,dot,67108864,512,256,32,fp64,constant,32,512,0.75,0.62806537638084414,15.562082529067993,0.75007259990046438,0.10018491535533834,10,5,28,55,1.186784029006958,-114286.99910117895
2026-08-30T19:48:45Z,NVIDIA H200 NVL,full,dyadic_bitcast_constant,BitCast decoder with constant coefficients,hot_uniform,reverse,dot,67108864,512,256,32,fp64,constant,32,512,0.75,0.62806537638084414,15.562082529067993,0.75007259990046438,0.10018491535533834,10,5,29,55,1.1887359619140625,-114286.99910117895
2026-08-30T19:48:45Z,NVIDIA H200 NVL,full,dyadic_bitcast_constant,BitCast decoder with constant coefficients,hot_uniform,reverse,dot,67108864,512,256,32,fp64,constant,32,512,0.75,0.62806537638084414,15.562082529067993,0.75007259990046438,0.10018491535533834,10,5,30,55,1.187872052192688,-114286.99910117895
2026-08-30T19:48:45Z,NVIDIA H200 NVL,full,dyadic_bitcast_constant,BitCast decoder with constant coefficients,hot_uniform,reverse,dot,67108864,512,256,32,fp64,constant,32,512,0.75,0.62806537638084414,15.562082529067993,0.75007259990046438,0.10018491535533834,10,5,31,55,1.1896320581436157,-114286.99910117895
2026-08-30T19:48:45Z,NVIDIA H200 NVL,full,dyadic_bitcast_constant,BitCast decoder with constant coefficients,hot_uniform,reverse,dot,67108864,512,256,32,fp64,constant,32,512,0.75,0.62806537638084414,15.562082529067993,0.75007259990046438,0.10018491535533834,10,5,32,55,1.187999963760376,-114286.99910117895
2026-08-30T19:48:45Z,NVIDIA H200 NVL,full,dyadic_bitcast_constant,BitCast decoder with constant coefficients,hot_uniform,reverse,dot,67108864,512,256,32,fp64,constant,32,512,0.75,0.62806537638084414,15.562082529067993,0.75007259990046438,0.10018491535533834,10,5,33,55,1.1887040138244629,-114286.99910117895
2026-08-30T19:48:45Z,NVIDIA H200 NVL,full,dyadic_bitcast_constant,BitCast decoder with constant coefficients,hot_uniform,reverse,dot,67108864,512,256,32,fp64,constant,32,512,0.75,0.62806537638084414,15.562082529067993,0.75007259990046438,0.10018491535533834,10,5,34,55,1.1870399713516235,-114286.99910117895
2026-08-30T19:48:45Z,NVIDIA H200 NVL,full,dyadic_bitcast_constant,BitCast decoder with constant coefficients,hot_uniform,reverse,dot,67108864,512,256,32,fp64,constant,32,512,0.75,0.62806537638084414,15.562082529067993,0.75007259990046438,0.10018491535533834,10,5,35,55,1.1877759695053101,-114286.99910117895
2026-08-30T19:48:45Z,NVIDIA H200 NVL,full,dyadic_bitcast_constant,BitCast decoder with constant coefficients,hot_uniform,reverse,dot,67108864,512,256,32,fp64,constant,32,512,0.75,0.62806537638084414,15.562082529067993,0.75007259990046438,0.10018491535533834,10,5,36,55,1.1875200271606445,-114286.99910117895
2026-08-30T19:48:45Z,NVIDIA H200 NVL,full,dyadic_bitcast_constant,BitCast decoder with constant coefficients,hot_uniform,reverse,dot,67108864,512,256,32,fp64,constant,32,512,0.75,0.62806537638084414,15.562082529067993,0.75007259990046438,0.10018491535533834,10,5,37,55,1.1880320310592651,-114286.99910117895
2026-08-30T19:48:45Z,NVIDIA H200 NVL,full,dyadic_bitcast_constant,BitCast decoder with constant coefficients,hot_uniform,reverse,dot,67108864,512,256,32,fp64,constant,32,512,0.75,0.62806537638084414,15.562082529067993,0.75007259990046438,0.10018491535533834,10,5,38,55,1.1863679885864258,-114286.99910117895
2026-08-30T19:48:45Z,NVIDIA H200 NVL,full,dyadic_bitcast_constant,BitCast decoder with constant coefficients,hot_uniform,reverse,dot,67108864,512,256,32,fp64,constant,32,512,0.75,0.62806537638084414,15.562082529067993,0.75007259990046438,0.10018491535533834,10,5,39,55,1.1877440214157104,-114286.99910117895
2026-08-30T19:48:45Z,NVIDIA H200 NVL,full,dyadic_bitcast_constant,BitCast decoder with constant coefficients,hot_uniform,reverse,dot,67108864,512,256,32,fp64,constant,32,512,0.75,0.62806537638084414,15.562082529067993,0.75007259990046438,0.10018491535533834,10,5,40,55,1.1881599426269531,-114286.99910117895
2026-08-30T19:48:45Z,NVIDIA H200 NVL,full,dyadic_bitcast_constant,BitCast decoder with constant coefficients,hot_uniform,reverse,dot,67108864,512,256,32,fp64,constant,32,512,0.75,0.62806537638084414,15.562082529067993,0.75007259990046438,0.10018491535533834,10,5,41,55,1.1887680292129517,-114286.99910117895
2026-08-30T19:48:45Z,NVIDIA H200 NVL,full,dyadic_bitcast_constant,BitCast decoder with constant coefficients,hot_uniform,reverse,dot,67108864,512,256,32,fp64,constant,32,512,0.75,0.62806537638084414,15.562082529067993,0.75007259990046438,0.10018491535533834,10,5,42,55,1.1884160041809082,-114286.99910117895
2026-08-30T19:48:45Z,NVIDIA H200 NVL,full,dyadic_bitcast_constant,BitCast decoder with constant coefficients,hot_uniform,reverse,dot,67108864,512,256,32,fp64,constant,32,512,0.75,0.62806537638084414,15.562082529067993,0.75007259990046438,0.10018491535533834,10,5,43,55,1.18886399269104,-114286.99910117895
2026-08-30T19:48:45Z,NVIDIA H200 NVL,full,dyadic_bitcast_constant,BitCast decoder with constant coefficients,hot_uniform,reverse,dot,67108864,512,256,32,fp64,constant,32,512,0.75,0.62806537638084414,15.562082529067993,0.75007259990046438,0.10018491535533834,10,5,44,55,1.1870720386505127,-114286.99910117895
2026-08-30T19:48:45Z,NVIDIA H200 NVL,full,dyadic_bitcast_constant,BitCast decoder with constant coefficients,hot_uniform,reverse,dot,67108864,512,256,32,fp64,constant,32,512,0.75,0.62806537638084414,15.562082529067993,0.75007259990046438,0.10018491535533834,10,5,45,55,1.1889280080795288,-114286.99910117895
2026-08-30T19:48:45Z,NVIDIA H200 NVL,full,dyadic_bitcast_constant,BitCast decoder with constant coefficients,hot_uniform,reverse,dot,67108864,512,256,32,fp64,constant,32,512,0.75,0.62806537638084414,15.562082529067993,0.75007259990046438,0.10018491535533834,10,5,46,55,1.1862720251083374,-114286.99910117895
2026-08-30T19:48:45Z,NVIDIA H200 NVL,full,dyadic_bitcast_constant,BitCast decoder with constant coefficients,hot_uniform,reverse,dot,67108864,512,256,32,fp64,constant,32,512,0.75,0.62806537638084414,15.562082529067993,0.75007259990046438,0.10018491535533834,10,5,47,55,1.1880320310592651,-114286.99910117895
2026-08-30T19:48:45Z,NVIDIA H200 NVL,full,dyadic_bitcast_constant,BitCast decoder with constant coefficients,hot_uniform,reverse,dot,67108864,512,256,32,fp64,constant,32,512,0.75,0.62806537638084414,15.562082529067993,0.75007259990046438,0.10018491535533834,10,5,48,55,1.1882560253143311,-114286.99910117895
2026-08-30T19:48:45Z,NVIDIA H200 NVL,full,dyadic_bitcast_constant,BitCast decoder with constant coefficients,hot_uniform,reverse,dot,67108864,512,256,32,fp64,constant,32,512,0.75,0.62806537638084414,15.562082529067993,0.75007259990046438,0.10018491535533834,10,5,49,55,1.1885440349578857,-114286.99910117895
2026-08-30T19:48:45Z,NVIDIA H200 NVL,full,dyadic_bitcast_shared,BitCast decoder with shared coefficients,hot_uniform,reverse,dot,67108864,512,256,32,fp64,shared,32,512,0.75,0.62806537638084414,15.562082529067993,0.75007259990046438,0.10018491535533834,10,5,25,56,0.29721599817276001,-114286.99910117895
2026-08-30T19:48:45Z,NVIDIA H200 NVL,full,dyadic_bitcast_shared,BitCast decoder with shared coefficients,hot_uniform,reverse,dot,67108864,512,256,32,fp64,shared,32,512,0.75,0.62806537638084414,15.562082529067993,0.75007259990046438,0.10018491535533834,10,5,26,56,0.29702401161193848,-114286.99910117895
2026-08-30T19:48:45Z,NVIDIA H200 NVL,full,dyadic_bitcast_shared,BitCast decoder with shared coefficients,hot_uniform,reverse,dot,67108864,512,256,32,fp64,shared,32,512,0.75,0.62806537638084414,15.562082529067993,0.75007259990046438,0.10018491535533834,10,5,27,56,0.29766398668289185,-114286.99910117895
2026-08-30T19:48:45Z,NVIDIA H200 NVL,full,dyadic_bitcast_shared,BitCast decoder with shared coefficients,hot_uniform,reverse,dot,67108864,512,256,32,fp64,shared,32,512,0.75,0.62806537638084414,15.562082529067993,0.75007259990046438,0.10018491535533834,10,5,28,56,0.29667198657989502,-114286.99910117895
2026-08-30T19:48:45Z,NVIDIA H200 NVL,full,dyadic_bitcast_shared,BitCast decoder with shared coefficients,hot_uniform,reverse,dot,67108864,512,256,32,fp64,shared,32,512,0.75,0.62806537638084414,15.562082529067993,0.75007259990046438,0.10018491535533834,10,5,29,56,0.29824000597000122,-114286.99910117895
2026-08-30T19:48:45Z,NVIDIA H200 NVL,full,dyadic_bitcast_shared,BitCast decoder with shared coefficients,hot_uniform,reverse,dot,67108864,512,256,32,fp64,shared,32,512,0.75,0.62806537638084414,15.562082529067993,0.75007259990046438,0.10018491535533834,10,5,30,56,0.2975040078163147,-114286.99910117895
2026-08-30T19:48:45Z,NVIDIA H200 NVL,full,dyadic_bitcast_shared,BitCast decoder with shared coefficients,hot_uniform,reverse,dot,67108864,512,256,32,fp64,shared,32,512,0.75,0.62806537638084414,15.562082529067993,0.75007259990046438,0.10018491535533834,10,5,31,56,0.29923200607299805,-114286.99910117895
2026-08-30T19:48:45Z,NVIDIA H200 NVL,full,dyadic_bitcast_shared,BitCast decoder with shared coefficients,hot_uniform,reverse,dot,67108864,512,256,32,fp64,shared,32,512,0.75,0.62806537638084414,15.562082529067993,0.75007259990046438,0.10018491535533834,10,5,32,56,0.297791987657547,-114286.99910117895
2026-08-30T19:48:45Z,NVIDIA H200 NVL,full,dyadic_bitcast_shared,BitCast decoder with shared coefficients,hot_uniform,reverse,dot,67108864,512,256,32,fp64,shared,32,512,0.75,0.62806537638084414,15.562082529067993,0.75007259990046438,0.10018491535533834,10,5,33,56,0.29814401268959045,-114286.99910117895
2026-08-30T19:48:45Z,NVIDIA H200 NVL,full,dyadic_bitcast_shared,BitCast decoder with shared coefficients,hot_uniform,reverse,dot,67108864,512,256,32,fp64,shared,32,512,0.75,0.62806537638084414,15.562082529067993,0.75007259990046438,0.10018491535533834,10,5,34,56,0.29846400022506714,-114286.99910117895
2026-08-30T19:48:45Z,NVIDIA H200 NVL,full,dyadic_bitcast_shared,BitCast decoder with shared coefficients,hot_uniform,reverse,dot,67108864,512,256,32,fp64,shared,32,512,0.75,0.62806537638084414,15.562082529067993,0.75007259990046438,0.10018491535533834,10,5,35,56,0.29919999837875366,-114286.99910117895
2026-08-30T19:48:45Z,NVIDIA H200 NVL,full,dyadic_bitcast_shared,BitCast decoder with shared coefficients,hot_uniform,reverse,dot,67108864,512,256,32,fp64,shared,32,512,0.75,0.62806537638084414,15.562082529067993,0.75007259990046438,0.10018491535533834,10,5,36,56,0.29756799340248108,-114286.99910117895
2026-08-30T19:48:45Z,NVIDIA H200 NVL,full,dyadic_bitcast_shared,BitCast decoder with shared coefficients,hot_uniform,reverse,dot,67108864,512,256,32,fp64,shared,32,512,0.75,0.62806537638084414,15.562082529067993,0.75007259990046438,0.10018491535533834,10,5,37,56,0.29926401376724243,-114286.99910117895
2026-08-30T19:48:45Z,NVIDIA H200 NVL,full,dyadic_bitcast_shared,BitCast decoder with shared coefficients,hot_uniform,reverse,dot,67108864,512,256,32,fp64,shared,32,512,0.75,0.62806537638084414,15.562082529067993,0.75007259990046438,0.10018491535533834,10,5,38,56,0.29743999242782593,-114286.99910117895
2026-08-30T19:48:45Z,NVIDIA H200 NVL,full,dyadic_bitcast_shared,BitCast decoder with shared coefficients,hot_uniform,reverse,dot,67108864,512,256,32,fp64,shared,32,512,0.75,0.62806537638084414,15.562082529067993,0.75007259990046438,0.10018491535533834,10,5,39,56,0.29785600304603577,-114286.99910117895
2026-08-30T19:48:45Z,NVIDIA H200 NVL,full,dyadic_bitcast_shared,BitCast decoder with shared coefficients,hot_uniform,reverse,dot,67108864,512,256,32,fp64,shared,32,512,0.75,0.62806537638084414,15.562082529067993,0.75007259990046438,0.10018491535533834,10,5,40,56,0.29807999730110168,-114286.99910117895
2026-08-30T19:48:45Z,NVIDIA H200 NVL,full,dyadic_bitcast_shared,BitCast decoder with shared coefficients,hot_uniform,reverse,dot,67108864,512,256,32,fp64,shared,32,512,0.75,0.62806537638084414,15.562082529067993,0.75007259990046438,0.10018491535533834,10,5,41,56,0.2996479868888855,-114286.99910117895
2026-08-30T19:48:45Z,NVIDIA H200 NVL,full,dyadic_bitcast_shared,BitCast decoder with shared coefficients,hot_uniform,reverse,dot,67108864,512,256,32,fp64,shared,32,512,0.75,0.62806537638084414,15.562082529067993,0.75007259990046438,0.10018491535533834,10,5,42,56,0.29788801074028015,-114286.99910117895
2026-08-30T19:48:45Z,NVIDIA H200 NVL,full,dyadic_bitcast_shared,BitCast decoder with shared coefficients,hot_uniform,reverse,dot,67108864,512,256,32,fp64,shared,32,512,0.75,0.62806537638084414,15.562082529067993,0.75007259990046438,0.10018491535533834,10,5,43,56,0.29673600196838379,-114286.99910117895
2026-08-30T19:48:45Z,NVIDIA H200 NVL,full,dyadic_bitcast_shared,BitCast decoder with shared coefficients,hot_uniform,reverse,dot,67108864,512,256,32,fp64,shared,32,512,0.75,0.62806537638084414,15.562082529067993,0.75007259990046438,0.10018491535533834,10,5,44,56,0.29798400402069092,-114286.99910117895
2026-08-30T19:48:45Z,NVIDIA H200 NVL,full,dyadic_bitcast_shared,BitCast decoder with shared coefficients,hot_uniform,reverse,dot,67108864,512,256,32,fp64,shared,32,512,0.75,0.62806537638084414,15.562082529067993,0.75007259990046438,0.10018491535533834,10,5,45,56,0.29868799448013306,-114286.99910117895
2026-08-30T19:48:45Z,NVIDIA H200 NVL,full,dyadic_bitcast_shared,BitCast decoder with shared coefficients,hot_uniform,reverse,dot,67108864,512,256,32,fp64,shared,32,512,0.75,0.62806537638084414,15.562082529067993,0.75007259990046438,0.10018491535533834,10,5,46,56,0.29737600684165955,-114286.99910117895
2026-08-30T19:48:45Z,NVIDIA H200 NVL,full,dyadic_bitcast_shared,BitCast decoder with shared coefficients,hot_uniform,reverse,dot,67108864,512,256,32,fp64,shared,32,512,0.75,0.62806537638084414,15.562082529067993,0.75007259990046438,0.10018491535533834,10,5,47,56,0.29881599545478821,-114286.99910117895
2026-08-30T19:48:45Z,NVIDIA H200 NVL,full,dyadic_bitcast_shared,BitCast decoder with shared coefficients,hot_uniform,reverse,dot,67108864,512,256,32,fp64,shared,32,512,0.75,0.62806537638084414,15.562082529067993,0.75007259990046438,0.10018491535533834,10,5,48,56,0.29782399535179138,-114286.99910117895
2026-08-30T19:48:45Z,NVIDIA H200 NVL,full,dyadic_bitcast_shared,BitCast decoder with shared coefficients,hot_uniform,reverse,dot,67108864,512,256,32,fp64,shared,32,512,0.75,0.62806537638084414,15.562082529067993,0.75007259990046438,0.10018491535533834,10,5,49,56,0.29888001084327698,-114286.99910117895
2026-08-30T19:48:45Z,NVIDIA H200 NVL,full,dyadic_sign_fused,Sign-fused decoder,hot_uniform,reverse,dot,67108864,512,256,32,fp64,shared,32,512,0.75,0.62806537638084414,15.562082529067993,0.75007259990046438,0.10018491535533834,10,5,25,57,0.29542401432991028,-114286.99910117895
2026-08-30T19:48:45Z,NVIDIA H200 NVL,full,dyadic_sign_fused,Sign-fused decoder,hot_uniform,reverse,dot,67108864,512,256,32,fp64,shared,32,512,0.75,0.62806537638084414,15.562082529067993,0.75007259990046438,0.10018491535533834,10,5,26,57,0.29715201258659363,-114286.99910117895
2026-08-30T19:48:45Z,NVIDIA H200 NVL,full,dyadic_sign_fused,Sign-fused decoder,hot_uniform,reverse,dot,67108864,512,256,32,fp64,shared,32,512,0.75,0.62806537638084414,15.562082529067993,0.75007259990046438,0.10018491535533834,10,5,27,57,0.29756799340248108,-114286.99910117895
2026-08-30T19:48:45Z,NVIDIA H200 NVL,full,dyadic_sign_fused,Sign-fused decoder,hot_uniform,reverse,dot,67108864,512,256,32,fp64,shared,32,512,0.75,0.62806537638084414,15.562082529067993,0.75007259990046438,0.10018491535533834,10,5,28,57,0.29683199524879456,-114286.99910117895
2026-08-30T19:48:45Z,NVIDIA H200 NVL,full,dyadic_sign_fused,Sign-fused decoder,hot_uniform,reverse,dot,67108864,512,256,32,fp64,shared,32,512,0.75,0.62806537638084414,15.562082529067993,0.75007259990046438,0.10018491535533834,10,5,29,57,0.29782399535179138,-114286.99910117895
2026-08-30T19:48:45Z,NVIDIA H200 NVL,full,dyadic_sign_fused,Sign-fused decoder,hot_uniform,reverse,dot,67108864,512,256,32,fp64,shared,32,512,0.75,0.62806537638084414,15.562082529067993,0.75007259990046438,0.10018491535533834,10,5,30,57,0.29743999242782593,-114286.99910117895
2026-08-30T19:48:45Z,NVIDIA H200 NVL,full,dyadic_sign_fused,Sign-fused decoder,hot_uniform,reverse,dot,67108864,512,256,32,fp64,shared,32,512,0.75,0.62806537638084414,15.562082529067993,0.75007259990046438,0.10018491535533834,10,5,31,57,0.2980479896068573,-114286.99910117895
2026-08-30T19:48:45Z,NVIDIA H200 NVL,full,dyadic_sign_fused,Sign-fused decoder,hot_uniform,reverse,dot,67108864,512,256,32,fp64,shared,32,512,0.75,0.62806537638084414,15.562082529067993,0.75007259990046438,0.10018491535533834,10,5,32,57,0.29715201258659363,-114286.99910117895
2026-08-30T19:48:45Z,NVIDIA H200 NVL,full,dyadic_sign_fused,Sign-fused decoder,hot_uniform,reverse,dot,67108864,512,256,32,fp64,shared,32,512,0.75,0.62806537638084414,15.562082529067993,0.75007259990046438,0.10018491535533834,10,5,33,57,0.29855999350547791,-114286.99910117895
2026-08-30T19:48:45Z,NVIDIA H200 NVL,full,dyadic_sign_fused,Sign-fused decoder,hot_uniform,reverse,dot,67108864,512,256,32,fp64,shared,32,512,0.75,0.62806537638084414,15.562082529067993,0.75007259990046438,0.10018491535533834,10,5,34,57,0.29718399047851562,-114286.99910117895
2026-08-30T19:48:45Z,NVIDIA H200 NVL,full,dyadic_sign_fused,Sign-fused decoder,hot_uniform,reverse,dot,67108864,512,256,32,fp64,shared,32,512,0.75,0.62806537638084414,15.562082529067993,0.75007259990046438,0.10018491535533834,10,5,35,57,0.29814401268959045,-114286.99910117895
2026-08-30T19:48:45Z,NVIDIA H200 NVL,full,dyadic_sign_fused,Sign-fused decoder,hot_uniform,reverse,dot,67108864,512,256,32,fp64,shared,32,512,0.75,0.62806537638084414,15.562082529067993,0.75007259990046438,0.10018491535533834,10,5,36,57,0.29657599329948425,-114286.99910117895
2026-08-30T19:48:45Z,NVIDIA H200 NVL,full,dyadic_sign_fused,Sign-fused decoder,hot_uniform,reverse,dot,67108864,512,256,32,fp64,shared,32,512,0.75,0.62806537638084414,15.562082529067993,0.75007259990046438,0.10018491535533834,10,5,37,57,0.29843199253082275,-114286.99910117895
2026-08-30T19:48:45Z,NVIDIA H200 NVL,full,dyadic_sign_fused,Sign-fused decoder,hot_uniform,reverse,dot,67108864,512,256,32,fp64,shared,32,512,0.75,0.62806537638084414,15.562082529067993,0.75007259990046438,0.10018491535533834,10,5,38,57,0.29756799340248108,-114286.99910117895
2026-08-30T19:48:45Z,NVIDIA H200 NVL,full,dyadic_sign_fused,Sign-fused decoder,hot_uniform,reverse,dot,67108864,512,256,32,fp64,shared,32,512,0.75,0.62806537638084414,15.562082529067993,0.75007259990046438,0.10018491535533834,10,5,39,57,0.29840001463890076,-114286.99910117895
2026-08-30T19:48:45Z,NVIDIA H200 NVL,full,dyadic_sign_fused,Sign-fused decoder,hot_uniform,reverse,dot,67108864,512,256,32,fp64,shared,32,512,0.75,0.62806537638084414,15.562082529067993,0.75007259990046438,0.10018491535533834,10,5,40,57,0.29567998647689819,-114286.99910117895
2026-08-30T19:48:45Z,NVIDIA H200 NVL,full,dyadic_sign_fused,Sign-fused decoder,hot_uniform,reverse,dot,67108864,512,256,32,fp64,shared,32,512,0.75,0.62806537638084414,15.562082529067993,0.75007259990046438,0.10018491535533834,10,5,41,57,0.29692798852920532,-114286.99910117895
2026-08-30T19:48:45Z,NVIDIA H200 NVL,full,dyadic_sign_fused,Sign-fused decoder,hot_uniform,reverse,dot,67108864,512,256,32,fp64,shared,32,512,0.75,0.62806537638084414,15.562082529067993,0.75007259990046438,0.10018491535533834,10,5,42,57,0.2961600124835968,-114286.99910117895
2026-08-30T19:48:45Z,NVIDIA H200 NVL,full,dyadic_sign_fused,Sign-fused decoder,hot_uniform,reverse,dot,67108864,512,256,32,fp64,shared,32,512,0.75,0.62806537638084414,15.562082529067993,0.75007259990046438,0.10018491535533834,10,5,43,57,0.29660800099372864,-114286.99910117895
2026-08-30T19:48:45Z,NVIDIA H200 NVL,full,dyadic_sign_fused,Sign-fused decoder,hot_uniform,reverse,dot,67108864,512,256,32,fp64,shared,32,512,0.75,0.62806537638084414,15.562082529067993,0.75007259990046438,0.10018491535533834,10,5,44,57,0.29609599709510803,-114286.99910117895
2026-08-30T19:48:45Z,NVIDIA H200 NVL,full,dyadic_sign_fused,Sign-fused decoder,hot_uniform,reverse,dot,67108864,512,256,32,fp64,shared,32,512,0.75,0.62806537638084414,15.562082529067993,0.75007259990046438,0.10018491535533834,10,5,45,57,0.29888001084327698,-114286.99910117895
2026-08-30T19:48:45Z,NVIDIA H200 NVL,full,dyadic_sign_fused,Sign-fused decoder,hot_uniform,reverse,dot,67108864,512,256,32,fp64,shared,32,512,0.75,0.62806537638084414,15.562082529067993,0.75007259990046438,0.10018491535533834,10,5,46,57,0.29724800586700439,-114286.99910117895
2026-08-30T19:48:45Z,NVIDIA H200 NVL,full,dyadic_sign_fused,Sign-fused decoder,hot_uniform,reverse,dot,67108864,512,256,32,fp64,shared,32,512,0.75,0.62806537638084414,15.562082529067993,0.75007259990046438,0.10018491535533834,10,5,47,57,0.29766398668289185,-114286.99910117895
2026-08-30T19:48:45Z,NVIDIA H200 NVL,full,dyadic_sign_fused,Sign-fused decoder,hot_uniform,reverse,dot,67108864,512,256,32,fp64,shared,32,512,0.75,0.62806537638084414,15.562082529067993,0.75007259990046438,0.10018491535533834,10,5,48,57,0.29772800207138062,-114286.99910117895
2026-08-30T19:48:45Z,NVIDIA H200 NVL,full,dyadic_sign_fused,Sign-fused decoder,hot_uniform,reverse,dot,67108864,512,256,32,fp64,shared,32,512,0.75,0.62806537638084414,15.562082529067993,0.75007259990046438,0.10018491535533834,10,5,49,57,0.29718399047851562,-114286.99910117895
2026-08-30T19:48:45Z,NVIDIA H200 NVL,full,dyadic_normal32,Current DyadicNormal32,hot_uniform,reverse,dot,67108864,512,256,32,fp64,shared,32,512,0.75,0.62806537638084414,15.562082529067993,0.75007259990046438,0.10018491535533834,10,5,25,58,0.29567998647689819,-114286.99910117895
2026-08-30T19:48:45Z,NVIDIA H200 NVL,full,dyadic_normal32,Current DyadicNormal32,hot_uniform,reverse,dot,67108864,512,256,32,fp64,shared,32,512,0.75,0.62806537638084414,15.562082529067993,0.75007259990046438,0.10018491535533834,10,5,26,58,0.29699200391769409,-114286.99910117895
2026-08-30T19:48:45Z,NVIDIA H200 NVL,full,dyadic_normal32,Current DyadicNormal32,hot_uniform,reverse,dot,67108864,512,256,32,fp64,shared,32,512,0.75,0.62806537638084414,15.562082529067993,0.75007259990046438,0.10018491535533834,10,5,27,58,0.29891198873519897,-114286.99910117895
2026-08-30T19:48:45Z,NVIDIA H200 NVL,full,dyadic_normal32,Current DyadicNormal32,hot_uniform,reverse,dot,67108864,512,256,32,fp64,shared,32,512,0.75,0.62806537638084414,15.562082529067993,0.75007259990046438,0.10018491535533834,10,5,28,58,0.29760000109672546,-114286.99910117895
2026-08-30T19:48:45Z,NVIDIA H200 NVL,full,dyadic_normal32,Current DyadicNormal32,hot_uniform,reverse,dot,67108864,512,256,32,fp64,shared,32,512,0.75,0.62806537638084414,15.562082529067993,0.75007259990046438,0.10018491535533834,10,5,29,58,0.29897600412368774,-114286.99910117895
2026-08-30T19:48:45Z,NVIDIA H200 NVL,full,dyadic_normal32,Current DyadicNormal32,hot_uniform,reverse,dot,67108864,512,256,32,fp64,shared,32,512,0.75,0.62806537638084414,15.562082529067993,0.75007259990046438,0.10018491535533834,10,5,30,58,0.29740801453590393,-114286.99910117895
2026-08-30T19:48:45Z,NVIDIA H200 NVL,full,dyadic_normal32,Current DyadicNormal32,hot_uniform,reverse,dot,67108864,512,256,32,fp64,shared,32,512,0.75,0.62806537638084414,15.562082529067993,0.75007259990046438,0.10018491535533834,10,5,31,58,0.29814401268959045,-114286.99910117895
2026-08-30T19:48:45Z,NVIDIA H200 NVL,full,dyadic_normal32,Current DyadicNormal32,hot_uniform,reverse,dot,67108864,512,256,32,fp64,shared,32,512,0.75,0.62806537638084414,15.562082529067993,0.75007259990046438,0.10018491535533834,10,5,32,58,0.29833599925041199,-114286.99910117895
2026-08-30T19:48:45Z,NVIDIA H200 NVL,full,dyadic_normal32,Current DyadicNormal32,hot_uniform,reverse,dot,67108864,512,256,32,fp64,shared,32,512,0.75,0.62806537638084414,15.562082529067993,0.75007259990046438,0.10018491535533834,10,5,33,58,0.30035200715065002,-114286.99910117895
2026-08-30T19:48:45Z,NVIDIA H200 NVL,full,dyadic_normal32,Current DyadicNormal32,hot_uniform,reverse,dot,67108864,512,256,32,fp64,shared,32,512,0.75,0.62806537638084414,15.562082529067993,0.75007259990046438,0.10018491535533834,10,5,34,58,0.29846400022506714,-114286.99910117895
2026-08-30T19:48:45Z,NVIDIA H200 NVL,full,dyadic_normal32,Current DyadicNormal32,hot_uniform,reverse,dot,67108864,512,256,32,fp64,shared,32,512,0.75,0.62806537638084414,15.562082529067993,0.75007259990046438,0.10018491535533834,10,5,35,58,0.29897600412368774,-114286.99910117895
2026-08-30T19:48:45Z,NVIDIA H200 NVL,full,dyadic_normal32,Current DyadicNormal32,hot_uniform,reverse,dot,67108864,512,256,32,fp64,shared,32,512,0.75,0.62806537638084414,15.562082529067993,0.75007259990046438,0.10018491535533834,10,5,36,58,0.29855999350547791,-114286.99910117895
2026-08-30T19:48:45Z,NVIDIA H200 NVL,full,dyadic_normal32,Current DyadicNormal32,hot_uniform,reverse,dot,67108864,512,256,32,fp64,shared,32,512,0.75,0.62806537638084414,15.562082529067993,0.75007259990046438,0.10018491535533834,10,5,37,58,0.29993599653244019,-114286.99910117895
2026-08-30T19:48:45Z,NVIDIA H200 NVL,full,dyadic_normal32,Current DyadicNormal32,hot_uniform,reverse,dot,67108864,512,256,32,fp64,shared,32,512,0.75,0.62806537638084414,15.562082529067993,0.75007259990046438,0.10018491535533834,10,5,38,58,0.29926401376724243,-114286.99910117895
2026-08-30T19:48:45Z,NVIDIA H200 NVL,full,dyadic_normal32,Current DyadicNormal32,hot_uniform,reverse,dot,67108864,512,256,32,fp64,shared,32,512,0.75,0.62806537638084414,15.562082529067993,0.75007259990046438,0.10018491535533834,10,5,39,58,0.30083200335502625,-114286.99910117895
2026-08-30T19:48:45Z,NVIDIA H200 NVL,full,dyadic_normal32,Current DyadicNormal32,hot_uniform,reverse,dot,67108864,512,256,32,fp64,shared,32,512,0.75,0.62806537638084414,15.562082529067993,0.75007259990046438,0.10018491535533834,10,5,40,58,0.29855999350547791,-114286.99910117895
2026-08-30T19:48:45Z,NVIDIA H200 NVL,full,dyadic_normal32,Current DyadicNormal32,hot_uniform,reverse,dot,67108864,512,256,32,fp64,shared,32,512,0.75,0.62806537638084414,15.562082529067993,0.75007259990046438,0.10018491535533834,10,5,41,58,0.2980160117149353,-114286.99910117895
2026-08-30T19:48:45Z,NVIDIA H200 NVL,full,dyadic_normal32,Current DyadicNormal32,hot_uniform,reverse,dot,67108864,512,256,32,fp64,shared,32,512,0.75,0.62806537638084414,15.562082529067993,0.75007259990046438,0.10018491535533834,10,5,42,58,0.297760009765625,-114286.99910117895
2026-08-30T19:48:45Z,NVIDIA H200 NVL,full,dyadic_normal32,Current DyadicNormal32,hot_uniform,reverse,dot,67108864,512,256,32,fp64,shared,32,512,0.75,0.62806537638084414,15.562082529067993,0.75007259990046438,0.10018491535533834,10,5,43,58,0.29939201474189758,-114286.99910117895
2026-08-30T19:48:45Z,NVIDIA H200 NVL,full,dyadic_normal32,Current DyadicNormal32,hot_uniform,reverse,dot,67108864,512,256,32,fp64,shared,32,512,0.75,0.62806537638084414,15.562082529067993,0.75007259990046438,0.10018491535533834,10,5,44,58,0.29795199632644653,-114286.99910117895
2026-08-30T19:48:45Z,NVIDIA H200 NVL,full,dyadic_normal32,Current DyadicNormal32,hot_uniform,reverse,dot,67108864,512,256,32,fp64,shared,32,512,0.75,0.62806537638084414,15.562082529067993,0.75007259990046438,0.10018491535533834,10,5,45,58,0.29984000325202942,-114286.99910117895
2026-08-30T19:48:45Z,NVIDIA H200 NVL,full,dyadic_normal32,Current DyadicNormal32,hot_uniform,reverse,dot,67108864,512,256,32,fp64,shared,32,512,0.75,0.62806537638084414,15.562082529067993,0.75007259990046438,0.10018491535533834,10,5,46,58,0.30044800043106079,-114286.99910117895
2026-08-30T19:48:45Z,NVIDIA H200 NVL,full,dyadic_normal32,Current DyadicNormal32,hot_uniform,reverse,dot,67108864,512,256,32,fp64,shared,32,512,0.75,0.62806537638084414,15.562082529067993,0.75007259990046438,0.10018491535533834,10,5,47,58,0.29824000597000122,-114286.99910117895
2026-08-30T19:48:45Z,NVIDIA H200 NVL,full,dyadic_normal32,Current DyadicNormal32,hot_uniform,reverse,dot,67108864,512,256,32,fp64,shared,32,512,0.75,0.62806537638084414,15.562082529067993,0.75007259990046438,0.10018491535533834,10,5,48,58,0.29884800314903259,-114286.99910117895
2026-08-30T19:48:45Z,NVIDIA H200 NVL,full,dyadic_normal32,Current DyadicNormal32,hot_uniform,reverse,dot,67108864,512,256,32,fp64,shared,32,512,0.75,0.62806537638084414,15.562082529067993,0.75007259990046438,0.10018491535533834,10,5,49,58,0.29900801181793213,-114286.99910117895
2026-08-30T19:48:45Z,NVIDIA H200 NVL,full,dyadic_bitcast_constant,BitCast decoder with constant coefficients,hot_uniform,reverse,dot,67108864,512,256,32,fp64,constant,32,512,0.625,0.49278647556616129,13.134575366973877,0.62503508519648276,0.10018491535533834,10,5,25,59,1.0248639583587646,-242719.41567073419
2026-08-30T19:48:45Z,NVIDIA H200 NVL,full,dyadic_bitcast_constant,BitCast decoder with constant coefficients,hot_uniform,reverse,dot,67108864,512,256,32,fp64,constant,32,512,0.625,0.49278647556616129,13.134575366973877,0.62503508519648276,0.10018491535533834,10,5,26,59,1.0268160104751587,-242719.41567073419
2026-08-30T19:48:45Z,NVIDIA H200 NVL,full,dyadic_bitcast_constant,BitCast decoder with constant coefficients,hot_uniform,reverse,dot,67108864,512,256,32,fp64,constant,32,512,0.625,0.49278647556616129,13.134575366973877,0.62503508519648276,0.10018491535533834,10,5,27,59,1.0279359817504883,-242719.41567073419
2026-08-30T19:48:45Z,NVIDIA H200 NVL,full,dyadic_bitcast_constant,BitCast decoder with constant coefficients,hot_uniform,reverse,dot,67108864,512,256,32,fp64,constant,32,512,0.625,0.49278647556616129,13.134575366973877,0.62503508519648276,0.10018491535533834,10,5,28,59,1.0264960527420044,-242719.41567073419
2026-08-30T19:48:45Z,NVIDIA H200 NVL,full,dyadic_bitcast_constant,BitCast decoder with constant coefficients,hot_uniform,reverse,dot,67108864,512,256,32,fp64,constant,32,512,0.625,0.49278647556616129,13.134575366973877,0.62503508519648276,0.10018491535533834,10,5,29,59,1.027008056640625,-242719.41567073419
2026-08-30T19:48:45Z,NVIDIA H200 NVL,full,dyadic_bitcast_constant,BitCast decoder with constant coefficients,hot_uniform,reverse,dot,67108864,512,256,32,fp64,constant,32,512,0.625,0.49278647556616129,13.134575366973877,0.62503508519648276,0.10018491535533834,10,5,30,59,1.0269119739532471,-242719.41567073419
2026-08-30T19:48:45Z,NVIDIA H200 NVL,full,dyadic_bitcast_constant,BitCast decoder with constant coefficients,hot_uniform,reverse,dot,67108864,512,256,32,fp64,constant,32,512,0.625,0.49278647556616129,13.134575366973877,0.62503508519648276,0.10018491535533834,10,5,31,59,1.0292479991912842,-242719.41567073419
2026-08-30T19:48:45Z,NVIDIA H200 NVL,full,dyadic_bitcast_constant,BitCast decoder with constant coefficients,hot_uniform,reverse,dot,67108864,512,256,32,fp64,constant,32,512,0.625,0.49278647556616129,13.134575366973877,0.62503508519648276,0.10018491535533834,10,5,32,59,1.0291839838027954,-242719.41567073419
2026-08-30T19:48:45Z,NVIDIA H200 NVL,full,dyadic_bitcast_constant,BitCast decoder with constant coefficients,hot_uniform,reverse,dot,67108864,512,256,32,fp64,constant,32,512,0.625,0.49278647556616129,13.134575366973877,0.62503508519648276,0.10018491535533834,10,5,33,59,1.0290559530258179,-242719.41567073419
2026-08-30T19:48:45Z,NVIDIA H200 NVL,full,dyadic_bitcast_constant,BitCast decoder with constant coefficients,hot_uniform,reverse,dot,67108864,512,256,32,fp64,constant,32,512,0.625,0.49278647556616129,13.134575366973877,0.62503508519648276,0.10018491535533834,10,5,34,59,1.0283199548721313,-242719.41567073419
2026-08-30T19:48:45Z,NVIDIA H200 NVL,full,dyadic_bitcast_constant,BitCast decoder with constant coefficients,hot_uniform,reverse,dot,67108864,512,256,32,fp64,constant,32,512,0.625,0.49278647556616129,13.134575366973877,0.62503508519648276,0.10018491535533834,10,5,35,59,1.0280959606170654,-242719.41567073419
2026-08-30T19:48:45Z,NVIDIA H200 NVL,full,dyadic_bitcast_constant,BitCast decoder with constant coefficients,hot_uniform,reverse,dot,67108864,512,256,32,fp64,constant,32,512,0.625,0.49278647556616129,13.134575366973877,0.62503508519648276,0.10018491535533834,10,5,36,59,1.0288000106811523,-242719.41567073419
2026-08-30T19:48:45Z,NVIDIA H200 NVL,full,dyadic_bitcast_constant,BitCast decoder with constant coefficients,hot_uniform,reverse,dot,67108864,512,256,32,fp64,constant,32,512,0.625,0.49278647556616129,13.134575366973877,0.62503508519648276,0.10018491535533834,10,5,37,59,1.028480052947998,-242719.41567073419
2026-08-30T19:48:45Z,NVIDIA H200 NVL,full,dyadic_bitcast_constant,BitCast decoder with constant coefficients,hot_uniform,reverse,dot,67108864,512,256,32,fp64,constant,32,512,0.625,0.49278647556616129,13.134575366973877,0.62503508519648276,0.10018491535533834,10,5,38,59,1.0262720584869385,-242719.41567073419
2026-08-30T19:48:45Z,NVIDIA H200 NVL,full,dyadic_bitcast_constant,BitCast decoder with constant coefficients,hot_uniform,reverse,dot,67108864,512,256,32,fp64,constant,32,512,0.625,0.49278647556616129,13.134575366973877,0.62503508519648276,0.10018491535533834,10,5,39,59,1.0275520086288452,-242719.41567073419
2026-08-30T19:48:45Z,NVIDIA H200 NVL,full,dyadic_bitcast_constant,BitCast decoder with constant coefficients,hot_uniform,reverse,dot,67108864,512,256,32,fp64,constant,32,512,0.625,0.49278647556616129,13.134575366973877,0.62503508519648276,0.10018491535533834,10,5,40,59,1.0282880067825317,-242719.41567073419
2026-08-30T19:48:45Z,NVIDIA H200 NVL,full,dyadic_bitcast_constant,BitCast decoder with constant coefficients,hot_uniform,reverse,dot,67108864,512,256,32,fp64,constant,32,512,0.625,0.49278647556616129,13.134575366973877,0.62503508519648276,0.10018491535533834,10,5,41,59,1.0300159454345703,-242719.41567073419
2026-08-30T19:48:45Z,NVIDIA H200 NVL,full,dyadic_bitcast_constant,BitCast decoder with constant coefficients,hot_uniform,reverse,dot,67108864,512,256,32,fp64,constant,32,512,0.625,0.49278647556616129,13.134575366973877,0.62503508519648276,0.10018491535533834,10,5,42,59,1.0279999971389771,-242719.41567073419
2026-08-30T19:48:45Z,NVIDIA H200 NVL,full,dyadic_bitcast_constant,BitCast decoder with constant coefficients,hot_uniform,reverse,dot,67108864,512,256,32,fp64,constant,32,512,0.625,0.49278647556616129,13.134575366973877,0.62503508519648276,0.10018491535533834,10,5,43,59,1.028831958770752,-242719.41567073419
2026-08-30T19:48:45Z,NVIDIA H200 NVL,full,dyadic_bitcast_constant,BitCast decoder with constant coefficients,hot_uniform,reverse,dot,67108864,512,256,32,fp64,constant,32,512,0.625,0.49278647556616129,13.134575366973877,0.62503508519648276,0.10018491535533834,10,5,44,59,1.0290240049362183,-242719.41567073419
2026-08-30T19:48:45Z,NVIDIA H200 NVL,full,dyadic_bitcast_constant,BitCast decoder with constant coefficients,hot_uniform,reverse,dot,67108864,512,256,32,fp64,constant,32,512,0.625,0.49278647556616129,13.134575366973877,0.62503508519648276,0.10018491535533834,10,5,45,59,1.029695987701416,-242719.41567073419
2026-08-30T19:48:45Z,NVIDIA H200 NVL,full,dyadic_bitcast_constant,BitCast decoder with constant coefficients,hot_uniform,reverse,dot,67108864,512,256,32,fp64,constant,32,512,0.625,0.49278647556616129,13.134575366973877,0.62503508519648276,0.10018491535533834,10,5,46,59,1.0265920162200928,-242719.41567073419
2026-08-30T19:48:45Z,NVIDIA H200 NVL,full,dyadic_bitcast_constant,BitCast decoder with constant coefficients,hot_uniform,reverse,dot,67108864,512,256,32,fp64,constant,32,512,0.625,0.49278647556616129,13.134575366973877,0.62503508519648276,0.10018491535533834,10,5,47,59,1.0283520221710205,-242719.41567073419
2026-08-30T19:48:45Z,NVIDIA H200 NVL,full,dyadic_bitcast_constant,BitCast decoder with constant coefficients,hot_uniform,reverse,dot,67108864,512,256,32,fp64,constant,32,512,0.625,0.49278647556616129,13.134575366973877,0.62503508519648276,0.10018491535533834,10,5,48,59,1.0263359546661377,-242719.41567073419
2026-08-30T19:48:45Z,NVIDIA H200 NVL,full,dyadic_bitcast_constant,BitCast decoder with constant coefficients,hot_uniform,reverse,dot,67108864,512,256,32,fp64,constant,32,512,0.625,0.49278647556616129,13.134575366973877,0.62503508519648276,0.10018491535533834,10,5,49,59,1.028704047203064,-242719.41567073419
2026-08-30T19:48:45Z,NVIDIA H200 NVL,full,dyadic_bitcast_shared,BitCast decoder with shared coefficients,hot_uniform,reverse,dot,67108864,512,256,32,fp64,shared,32,512,0.625,0.49278647556616129,13.134575366973877,0.62503508519648276,0.10018491535533834,10,5,25,60,0.29747200012207031,-242719.41567073419
2026-08-30T19:48:45Z,NVIDIA H200 NVL,full,dyadic_bitcast_shared,BitCast decoder with shared coefficients,hot_uniform,reverse,dot,67108864,512,256,32,fp64,shared,32,512,0.625,0.49278647556616129,13.134575366973877,0.62503508519648276,0.10018491535533834,10,5,26,60,0.29596799612045288,-242719.41567073419
2026-08-30T19:48:45Z,NVIDIA H200 NVL,full,dyadic_bitcast_shared,BitCast decoder with shared coefficients,hot_uniform,reverse,dot,67108864,512,256,32,fp64,shared,32,512,0.625,0.49278647556616129,13.134575366973877,0.62503508519648276,0.10018491535533834,10,5,27,60,0.29763200879096985,-242719.41567073419
2026-08-30T19:48:45Z,NVIDIA H200 NVL,full,dyadic_bitcast_shared,BitCast decoder with shared coefficients,hot_uniform,reverse,dot,67108864,512,256,32,fp64,shared,32,512,0.625,0.49278647556616129,13.134575366973877,0.62503508519648276,0.10018491535533834,10,5,28,60,0.29705598950386047,-242719.41567073419
2026-08-30T19:48:45Z,NVIDIA H200 NVL,full,dyadic_bitcast_shared,BitCast decoder with shared coefficients,hot_uniform,reverse,dot,67108864,512,256,32,fp64,shared,32,512,0.625,0.49278647556616129,13.134575366973877,0.62503508519648276,0.10018491535533834,10,5,29,60,0.29497599601745605,-242719.41567073419
2026-08-30T19:48:45Z,NVIDIA H200 NVL,full,dyadic_bitcast_shared,BitCast decoder with shared coefficients,hot_uniform,reverse,dot,67108864,512,256,32,fp64,shared,32,512,0.625,0.49278647556616129,13.134575366973877,0.62503508519648276,0.10018491535533834,10,5,30,60,0.29721599817276001,-242719.41567073419
2026-08-30T19:48:45Z,NVIDIA H200 NVL,full,dyadic_bitcast_shared,BitCast decoder with shared coefficients,hot_uniform,reverse,dot,67108864,512,256,32,fp64,shared,32,512,0.625,0.49278647556616129,13.134575366973877,0.62503508519648276,0.10018491535533834,10,5,31,60,0.29731199145317078,-242719.41567073419
2026-08-30T19:48:45Z,NVIDIA H200 NVL,full,dyadic_bitcast_shared,BitCast decoder with shared coefficients,hot_uniform,reverse,dot,67108864,512,256,32,fp64,shared,32,512,0.625,0.49278647556616129,13.134575366973877,0.62503508519648276,0.10018491535533834,10,5,32,60,0.29635199904441833,-242719.41567073419
2026-08-30T19:48:45Z,NVIDIA H200 NVL,full,dyadic_bitcast_shared,BitCast decoder with shared coefficients,hot_uniform,reverse,dot,67108864,512,256,32,fp64,shared,32,512,0.625,0.49278647556616129,13.134575366973877,0.62503508519648276,0.10018491535533834,10,5,33,60,0.29695999622344971,-242719.41567073419
2026-08-30T19:48:45Z,NVIDIA H200 NVL,full,dyadic_bitcast_shared,BitCast decoder with shared coefficients,hot_uniform,reverse,dot,67108864,512,256,32,fp64,shared,32,512,0.625,0.49278647556616129,13.134575366973877,0.62503508519648276,0.10018491535533834,10,5,34,60,0.2964479923248291,-242719.41567073419
2026-08-30T19:48:45Z,NVIDIA H200 NVL,full,dyadic_bitcast_shared,BitCast decoder with shared coefficients,hot_uniform,reverse,dot,67108864,512,256,32,fp64,shared,32,512,0.625,0.49278647556616129,13.134575366973877,0.62503508519648276,0.10018491535533834,10,5,35,60,0.29728001356124878,-242719.41567073419
2026-08-30T19:48:45Z,NVIDIA H200 NVL,full,dyadic_bitcast_shared,BitCast decoder with shared coefficients,hot_uniform,reverse,dot,67108864,512,256,32,fp64,shared,32,512,0.625,0.49278647556616129,13.134575366973877,0.62503508519648276,0.10018491535533834,10,5,36,60,0.29702401161193848,-242719.41567073419
2026-08-30T19:48:45Z,NVIDIA H200 NVL,full,dyadic_bitcast_shared,BitCast decoder with shared coefficients,hot_uniform,reverse,dot,67108864,512,256,32,fp64,shared,32,512,0.625,0.49278647556616129,13.134575366973877,0.62503508519648276,0.10018491535533834,10,5,37,60,0.29737600684165955,-242719.41567073419
2026-08-30T19:48:45Z,NVIDIA H200 NVL,full,dyadic_bitcast_shared,BitCast decoder with shared coefficients,hot_uniform,reverse,dot,67108864,512,256,32,fp64,shared,32,512,0.625,0.49278647556616129,13.134575366973877,0.62503508519648276,0.10018491535533834,10,5,38,60,0.29683199524879456,-242719.41567073419
2026-08-30T19:48:45Z,NVIDIA H200 NVL,full,dyadic_bitcast_shared,BitCast decoder with shared coefficients,hot_uniform,reverse,dot,67108864,512,256,32,fp64,shared,32,512,0.625,0.49278647556616129,13.134575366973877,0.62503508519648276,0.10018491535533834,10,5,39,60,0.29728001356124878,-242719.41567073419
2026-08-30T19:48:45Z,NVIDIA H200 NVL,full,dyadic_bitcast_shared,BitCast decoder with shared coefficients,hot_uniform,reverse,dot,67108864,512,256,32,fp64,shared,32,512,0.625,0.49278647556616129,13.134575366973877,0.62503508519648276,0.10018491535533834,10,5,40,60,0.2980160117149353,-242719.41567073419
2026-08-30T19:48:45Z,NVIDIA H200 NVL,full,dyadic_bitcast_shared,BitCast decoder with shared coefficients,hot_uniform,reverse,dot,67108864,512,256,32,fp64,shared,32,512,0.625,0.49278647556616129,13.134575366973877,0.62503508519648276,0.10018491535533834,10,5,41,60,0.29728001356124878,-242719.41567073419
2026-08-30T19:48:45Z,NVIDIA H200 NVL,full,dyadic_bitcast_shared,BitCast decoder with shared coefficients,hot_uniform,reverse,dot,67108864,512,256,32,fp64,shared,32,512,0.625,0.49278647556616129,13.134575366973877,0.62503508519648276,0.10018491535533834,10,5,42,60,0.2964479923248291,-242719.41567073419
2026-08-30T19:48:45Z,NVIDIA H200 NVL,full,dyadic_bitcast_shared,BitCast decoder with shared coefficients,hot_uniform,reverse,dot,67108864,512,256,32,fp64,shared,32,512,0.625,0.49278647556616129,13.134575366973877,0.62503508519648276,0.10018491535533834,10,5,43,60,0.29721599817276001,-242719.41567073419
2026-08-30T19:48:45Z,NVIDIA H200 NVL,full,dyadic_bitcast_shared,BitCast decoder with shared coefficients,hot_uniform,reverse,dot,67108864,512,256,32,fp64,shared,32,512,0.625,0.49278647556616129,13.134575366973877,0.62503508519648276,0.10018491535533834,10,5,44,60,0.29695999622344971,-242719.41567073419
2026-08-30T19:48:45Z,NVIDIA H200 NVL,full,dyadic_bitcast_shared,BitCast decoder with shared coefficients,hot_uniform,reverse,dot,67108864,512,256,32,fp64,shared,32,512,0.625,0.49278647556616129,13.134575366973877,0.62503508519648276,0.10018491535533834,10,5,45,60,0.29747200012207031,-242719.41567073419
2026-08-30T19:48:45Z,NVIDIA H200 NVL,full,dyadic_bitcast_shared,BitCast decoder with shared coefficients,hot_uniform,reverse,dot,67108864,512,256,32,fp64,shared,32,512,0.625,0.49278647556616129,13.134575366973877,0.62503508519648276,0.10018491535533834,10,5,46,60,0.29846400022506714,-242719.41567073419
2026-08-30T19:48:45Z,NVIDIA H200 NVL,full,dyadic_bitcast_shared,BitCast decoder with shared coefficients,hot_uniform,reverse,dot,67108864,512,256,32,fp64,shared,32,512,0.625,0.49278647556616129,13.134575366973877,0.62503508519648276,0.10018491535533834,10,5,47,60,0.29884800314903259,-242719.41567073419
2026-08-30T19:48:45Z,NVIDIA H200 NVL,full,dyadic_bitcast_shared,BitCast decoder with shared coefficients,hot_uniform,reverse,dot,67108864,512,256,32,fp64,shared,32,512,0.625,0.49278647556616129,13.134575366973877,0.62503508519648276,0.10018491535533834,10,5,48,60,0.29718399047851562,-242719.41567073419
2026-08-30T19:48:45Z,NVIDIA H200 NVL,full,dyadic_bitcast_shared,BitCast decoder with shared coefficients,hot_uniform,reverse,dot,67108864,512,256,32,fp64,shared,32,512,0.625,0.49278647556616129,13.134575366973877,0.62503508519648276,0.10018491535533834,10,5,49,60,0.29795199632644653,-242719.41567073419
2026-08-30T19:48:45Z,NVIDIA H200 NVL,full,dyadic_sign_fused,Sign-fused decoder,hot_uniform,reverse,dot,67108864,512,256,32,fp64,shared,32,512,0.625,0.49278647556616129,13.134575366973877,0.62503508519648276,0.10018491535533834,10,5,25,61,0.2943359911441803,-242719.41567073425
2026-08-30T19:48:45Z,NVIDIA H200 NVL,full,dyadic_sign_fused,Sign-fused decoder,hot_uniform,reverse,dot,67108864,512,256,32,fp64,shared,32,512,0.625,0.49278647556616129,13.134575366973877,0.62503508519648276,0.10018491535533834,10,5,26,61,0.29542401432991028,-242719.41567073425
2026-08-30T19:48:45Z,NVIDIA H200 NVL,full,dyadic_sign_fused,Sign-fused decoder,hot_uniform,reverse,dot,67108864,512,256,32,fp64,shared,32,512,0.625,0.49278647556616129,13.134575366973877,0.62503508519648276,0.10018491535533834,10,5,27,61,0.29648000001907349,-242719.41567073425
2026-08-30T19:48:45Z,NVIDIA H200 NVL,full,dyadic_sign_fused,Sign-fused decoder,hot_uniform,reverse,dot,67108864,512,256,32,fp64,shared,32,512,0.625,0.49278647556616129,13.134575366973877,0.62503508519648276,0.10018491535533834,10,5,28,61,0.2964479923248291,-242719.41567073425
2026-08-30T19:48:45Z,NVIDIA H200 NVL,full,dyadic_sign_fused,Sign-fused decoder,hot_uniform,reverse,dot,67108864,512,256,32,fp64,shared,32,512,0.625,0.49278647556616129,13.134575366973877,0.62503508519648276,0.10018491535533834,10,5,29,61,0.29705598950386047,-242719.41567073425
2026-08-30T19:48:45Z,NVIDIA H200 NVL,full,dyadic_sign_fused,Sign-fused decoder,hot_uniform,reverse,dot,67108864,512,256,32,fp64,shared,32,512,0.625,0.49278647556616129,13.134575366973877,0.62503508519648276,0.10018491535533834,10,5,30,61,0.29561600089073181,-242719.41567073425
2026-08-30T19:48:45Z,NVIDIA H200 NVL,full,dyadic_sign_fused,Sign-fused decoder,hot_uniform,reverse,dot,67108864,512,256,32,fp64,shared,32,512,0.625,0.49278647556616129,13.134575366973877,0.62503508519648276,0.10018491535533834,10,5,31,61,0.29542401432991028,-242719.41567073425
2026-08-30T19:48:45Z,NVIDIA H200 NVL,full,dyadic_sign_fused,Sign-fused decoder,hot_uniform,reverse,dot,67108864,512,256,32,fp64,shared,32,512,0.625,0.49278647556616129,13.134575366973877,0.62503508519648276,0.10018491535533834,10,5,32,61,0.29539200663566589,-242719.41567073425
2026-08-30T19:48:45Z,NVIDIA H200 NVL,full,dyadic_sign_fused,Sign-fused decoder,hot_uniform,reverse,dot,67108864,512,256,32,fp64,shared,32,512,0.625,0.49278647556616129,13.134575366973877,0.62503508519648276,0.10018491535533834,10,5,33,61,0.29878398776054382,-242719.41567073425
2026-08-30T19:48:45Z,NVIDIA H200 NVL,full,dyadic_sign_fused,Sign-fused decoder,hot_uniform,reverse,dot,67108864,512,256,32,fp64,shared,32,512,0.625,0.49278647556616129,13.134575366973877,0.62503508519648276,0.10018491535533834,10,5,34,61,0.29603201150894165,-242719.41567073425
2026-08-30T19:48:45Z,NVIDIA H200 NVL,full,dyadic_sign_fused,Sign-fused decoder,hot_uniform,reverse,dot,67108864,512,256,32,fp64,shared,32,512,0.625,0.49278647556616129,13.134575366973877,0.62503508519648276,0.10018491535533834,10,5,35,61,0.29609599709510803,-242719.41567073425
2026-08-30T19:48:45Z,NVIDIA H200 NVL,full,dyadic_sign_fused,Sign-fused decoder,hot_uniform,reverse,dot,67108864,512,256,32,fp64,shared,32,512,0.625,0.49278647556616129,13.134575366973877,0.62503508519648276,0.10018491535533834,10,5,36,61,0.29583999514579773,-242719.41567073425
2026-08-30T19:48:45Z,NVIDIA H200 NVL,full,dyadic_sign_fused,Sign-fused decoder,hot_uniform,reverse,dot,67108864,512,256,32,fp64,shared,32,512,0.625,0.49278647556616129,13.134575366973877,0.62503508519648276,0.10018491535533834,10,5,37,61,0.29513600468635559,-242719.41567073425
2026-08-30T19:48:45Z,NVIDIA H200 NVL,full,dyadic_sign_fused,Sign-fused decoder,hot_uniform,reverse,dot,67108864,512,256,32,fp64,shared,32,512,0.625,0.49278647556616129,13.134575366973877,0.62503508519648276,0.10018491535533834,10,5,38,61,0.29737600684165955,-242719.41567073425
2026-08-30T19:48:45Z,NVIDIA H200 NVL,full,dyadic_sign_fused,Sign-fused decoder,hot_uniform,reverse,dot,67108864,512,256,32,fp64,shared,32,512,0.625,0.49278647556616129,13.134575366973877,0.62503508519648276,0.10018491535533834,10,5,39,61,0.29628801345825195,-242719.41567073425
2026-08-30T19:48:45Z,NVIDIA H200 NVL,full,dyadic_sign_fused,Sign-fused decoder,hot_uniform,reverse,dot,67108864,512,256,32,fp64,shared,32,512,0.625,0.49278647556616129,13.134575366973877,0.62503508519648276,0.10018491535533834,10,5,40,61,0.29436799883842468,-242719.41567073425
2026-08-30T19:48:45Z,NVIDIA H200 NVL,full,dyadic_sign_fused,Sign-fused decoder,hot_uniform,reverse,dot,67108864,512,256,32,fp64,shared,32,512,0.625,0.49278647556616129,13.134575366973877,0.62503508519648276,0.10018491535533834,10,5,41,61,0.29583999514579773,-242719.41567073425
2026-08-30T19:48:45Z,NVIDIA H200 NVL,full,dyadic_sign_fused,Sign-fused decoder,hot_uniform,reverse,dot,67108864,512,256,32,fp64,shared,32,512,0.625,0.49278647556616129,13.134575366973877,0.62503508519648276,0.10018491535533834,10,5,42,61,0.29657599329948425,-242719.41567073425
2026-08-30T19:48:45Z,NVIDIA H200 NVL,full,dyadic_sign_fused,Sign-fused decoder,hot_uniform,reverse,dot,67108864,512,256,32,fp64,shared,32,512,0.625,0.49278647556616129,13.134575366973877,0.62503508519648276,0.10018491535533834,10,5,43,61,0.29657599329948425,-242719.41567073425
2026-08-30T19:48:45Z,NVIDIA H200 NVL,full,dyadic_sign_fused,Sign-fused decoder,hot_uniform,reverse,dot,67108864,512,256,32,fp64,shared,32,512,0.625,0.49278647556616129,13.134575366973877,0.62503508519648276,0.10018491535533834,10,5,44,61,0.29539200663566589,-242719.41567073425
2026-08-30T19:48:45Z,NVIDIA H200 NVL,full,dyadic_sign_fused,Sign-fused decoder,hot_uniform,reverse,dot,67108864,512,256,32,fp64,shared,32,512,0.625,0.49278647556616129,13.134575366973877,0.62503508519648276,0.10018491535533834,10,5,45,61,0.29638400673866272,-242719.41567073425
2026-08-30T19:48:45Z,NVIDIA H200 NVL,full,dyadic_sign_fused,Sign-fused decoder,hot_uniform,reverse,dot,67108864,512,256,32,fp64,shared,32,512,0.625,0.49278647556616129,13.134575366973877,0.62503508519648276,0.10018491535533834,10,5,46,61,0.29526400566101074,-242719.41567073425
2026-08-30T19:48:45Z,NVIDIA H200 NVL,full,dyadic_sign_fused,Sign-fused decoder,hot_uniform,reverse,dot,67108864,512,256,32,fp64,shared,32,512,0.625,0.49278647556616129,13.134575366973877,0.62503508519648276,0.10018491535533834,10,5,47,61,0.29574400186538696,-242719.41567073425
2026-08-30T19:48:45Z,NVIDIA H200 NVL,full,dyadic_sign_fused,Sign-fused decoder,hot_uniform,reverse,dot,67108864,512,256,32,fp64,shared,32,512,0.625,0.49278647556616129,13.134575366973877,0.62503508519648276,0.10018491535533834,10,5,48,61,0.29567998647689819,-242719.41567073425
2026-08-30T19:48:45Z,NVIDIA H200 NVL,full,dyadic_sign_fused,Sign-fused decoder,hot_uniform,reverse,dot,67108864,512,256,32,fp64,shared,32,512,0.625,0.49278647556616129,13.134575366973877,0.62503508519648276,0.10018491535533834,10,5,49,61,0.29635199904441833,-242719.41567073425
2026-08-30T19:48:45Z,NVIDIA H200 NVL,full,dyadic_normal32,Current DyadicNormal32,hot_uniform,reverse,dot,67108864,512,256,32,fp64,shared,32,512,0.625,0.49278647556616129,13.134575366973877,0.62503508519648276,0.10018491535533834,10,5,25,62,0.29673600196838379,-242719.41567073425
2026-08-30T19:48:45Z,NVIDIA H200 NVL,full,dyadic_normal32,Current DyadicNormal32,hot_uniform,reverse,dot,67108864,512,256,32,fp64,shared,32,512,0.625,0.49278647556616129,13.134575366973877,0.62503508519648276,0.10018491535533834,10,5,26,62,0.29660800099372864,-242719.41567073425
2026-08-30T19:48:45Z,NVIDIA H200 NVL,full,dyadic_normal32,Current DyadicNormal32,hot_uniform,reverse,dot,67108864,512,256,32,fp64,shared,32,512,0.625,0.49278647556616129,13.134575366973877,0.62503508519648276,0.10018491535533834,10,5,27,62,0.29728001356124878,-242719.41567073425
2026-08-30T19:48:45Z,NVIDIA H200 NVL,full,dyadic_normal32,Current DyadicNormal32,hot_uniform,reverse,dot,67108864,512,256,32,fp64,shared,32,512,0.625,0.49278647556616129,13.134575366973877,0.62503508519648276,0.10018491535533834,10,5,28,62,0.29728001356124878,-242719.41567073425
2026-08-30T19:48:45Z,NVIDIA H200 NVL,full,dyadic_normal32,Current DyadicNormal32,hot_uniform,reverse,dot,67108864,512,256,32,fp64,shared,32,512,0.625,0.49278647556616129,13.134575366973877,0.62503508519648276,0.10018491535533834,10,5,29,62,0.29731199145317078,-242719.41567073425
2026-08-30T19:48:45Z,NVIDIA H200 NVL,full,dyadic_normal32,Current DyadicNormal32,hot_uniform,reverse,dot,67108864,512,256,32,fp64,shared,32,512,0.625,0.49278647556616129,13.134575366973877,0.62503508519648276,0.10018491535533834,10,5,30,62,0.297760009765625,-242719.41567073425
2026-08-30T19:48:45Z,NVIDIA H200 NVL,full,dyadic_normal32,Current DyadicNormal32,hot_uniform,reverse,dot,67108864,512,256,32,fp64,shared,32,512,0.625,0.49278647556616129,13.134575366973877,0.62503508519648276,0.10018491535533834,10,5,31,62,0.29811200499534607,-242719.41567073425
2026-08-30T19:48:45Z,NVIDIA H200 NVL,full,dyadic_normal32,Current DyadicNormal32,hot_uniform,reverse,dot,67108864,512,256,32,fp64,shared,32,512,0.625,0.49278647556616129,13.134575366973877,0.62503508519648276,0.10018491535533834,10,5,32,62,0.29766398668289185,-242719.41567073425
2026-08-30T19:48:45Z,NVIDIA H200 NVL,full,dyadic_normal32,Current DyadicNormal32,hot_uniform,reverse,dot,67108864,512,256,32,fp64,shared,32,512,0.625,0.49278647556616129,13.134575366973877,0.62503508519648276,0.10018491535533834,10,5,33,62,0.29894399642944336,-242719.41567073425
2026-08-30T19:48:45Z,NVIDIA H200 NVL,full,dyadic_normal32,Current DyadicNormal32,hot_uniform,reverse,dot,67108864,512,256,32,fp64,shared,32,512,0.625,0.49278647556616129,13.134575366973877,0.62503508519648276,0.10018491535533834,10,5,34,62,0.29600000381469727,-242719.41567073425
2026-08-30T19:48:45Z,NVIDIA H200 NVL,full,dyadic_normal32,Current DyadicNormal32,hot_uniform,reverse,dot,67108864,512,256,32,fp64,shared,32,512,0.625,0.49278647556616129,13.134575366973877,0.62503508519648276,0.10018491535533834,10,5,35,62,0.29695999622344971,-242719.41567073425
2026-08-30T19:48:45Z,NVIDIA H200 NVL,full,dyadic_normal32,Current DyadicNormal32,hot_uniform,reverse,dot,67108864,512,256,32,fp64,shared,32,512,0.625,0.49278647556616129,13.134575366973877,0.62503508519648276,0.10018491535533834,10,5,36,62,0.29679998755455017,-242719.41567073425
2026-08-30T19:48:45Z,NVIDIA H200 NVL,full,dyadic_normal32,Current DyadicNormal32,hot_uniform,reverse,dot,67108864,512,256,32,fp64,shared,32,512,0.625,0.49278647556616129,13.134575366973877,0.62503508519648276,0.10018491535533834,10,5,37,62,0.29875200986862183,-242719.41567073425
2026-08-30T19:48:45Z,NVIDIA H200 NVL,full,dyadic_normal32,Current DyadicNormal32,hot_uniform,reverse,dot,67108864,512,256,32,fp64,shared,32,512,0.625,0.49278647556616129,13.134575366973877,0.62503508519648276,0.10018491535533834,10,5,38,62,0.29667198657989502,-242719.41567073425
2026-08-30T19:48:45Z,NVIDIA H200 NVL,full,dyadic_normal32,Current DyadicNormal32,hot_uniform,reverse,dot,67108864,512,256,32,fp64,shared,32,512,0.625,0.49278647556616129,13.134575366973877,0.62503508519648276,0.10018491535533834,10,5,39,62,0.29833599925041199,-242719.41567073425
2026-08-30T19:48:45Z,NVIDIA H200 NVL,full,dyadic_normal32,Current DyadicNormal32,hot_uniform,reverse,dot,67108864,512,256,32,fp64,shared,32,512,0.625,0.49278647556616129,13.134575366973877,0.62503508519648276,0.10018491535533834,10,5,40,62,0.29523199796676636,-242719.41567073425
2026-08-30T19:48:45Z,NVIDIA H200 NVL,full,dyadic_normal32,Current DyadicNormal32,hot_uniform,reverse,dot,67108864,512,256,32,fp64,shared,32,512,0.625,0.49278647556616129,13.134575366973877,0.62503508519648276,0.10018491535533834,10,5,41,62,0.29731199145317078,-242719.41567073425
2026-08-30T19:48:45Z,NVIDIA H200 NVL,full,dyadic_normal32,Current DyadicNormal32,hot_uniform,reverse,dot,67108864,512,256,32,fp64,shared,32,512,0.625,0.49278647556616129,13.134575366973877,0.62503508519648276,0.10018491535533834,10,5,42,62,0.29740801453590393,-242719.41567073425
2026-08-30T19:48:45Z,NVIDIA H200 NVL,full,dyadic_normal32,Current DyadicNormal32,hot_uniform,reverse,dot,67108864,512,256,32,fp64,shared,32,512,0.625,0.49278647556616129,13.134575366973877,0.62503508519648276,0.10018491535533834,10,5,43,62,0.29676800966262817,-242719.41567073425
2026-08-30T19:48:45Z,NVIDIA H200 NVL,full,dyadic_normal32,Current DyadicNormal32,hot_uniform,reverse,dot,67108864,512,256,32,fp64,shared,32,512,0.625,0.49278647556616129,13.134575366973877,0.62503508519648276,0.10018491535533834,10,5,44,62,0.29638400673866272,-242719.41567073425
2026-08-30T19:48:45Z,NVIDIA H200 NVL,full,dyadic_normal32,Current DyadicNormal32,hot_uniform,reverse,dot,67108864,512,256,32,fp64,shared,32,512,0.625,0.49278647556616129,13.134575366973877,0.62503508519648276,0.10018491535533834,10,5,45,62,0.29756799340248108,-242719.41567073425
2026-08-30T19:48:45Z,NVIDIA H200 NVL,full,dyadic_normal32,Current DyadicNormal32,hot_uniform,reverse,dot,67108864,512,256,32,fp64,shared,32,512,0.625,0.49278647556616129,13.134575366973877,0.62503508519648276,0.10018491535533834,10,5,46,62,0.29939201474189758,-242719.41567073425
2026-08-30T19:48:45Z,NVIDIA H200 NVL,full,dyadic_normal32,Current DyadicNormal32,hot_uniform,reverse,dot,67108864,512,256,32,fp64,shared,32,512,0.625,0.49278647556616129,13.134575366973877,0.62503508519648276,0.10018491535533834,10,5,47,62,0.29695999622344971,-242719.41567073425
2026-08-30T19:48:45Z,NVIDIA H200 NVL,full,dyadic_normal32,Current DyadicNormal32,hot_uniform,reverse,dot,67108864,512,256,32,fp64,shared,32,512,0.625,0.49278647556616129,13.134575366973877,0.62503508519648276,0.10018491535533834,10,5,48,62,0.29692798852920532,-242719.41567073425
2026-08-30T19:48:45Z,NVIDIA H200 NVL,full,dyadic_normal32,Current DyadicNormal32,hot_uniform,reverse,dot,67108864,512,256,32,fp64,shared,32,512,0.625,0.49278647556616129,13.134575366973877,0.62503508519648276,0.10018491535533834,10,5,49,62,0.29692798852920532,-242719.41567073425
2026-08-30T19:48:45Z,NVIDIA H200 NVL,full,dyadic_bitcast_constant,BitCast decoder with constant coefficients,hot_uniform,reverse,dot,67108864,512,256,32,fp64,constant,32,512,0.5,0.37341837298474623,10.707992792129517,0.50004519469466291,0.10018491535533834,10,5,25,63,0.87043201923370361,-142185.622104115
2026-08-30T19:48:45Z,NVIDIA H200 NVL,full,dyadic_bitcast_constant,BitCast decoder with constant coefficients,hot_uniform,reverse,dot,67108864,512,256,32,fp64,constant,32,512,0.5,0.37341837298474623,10.707992792129517,0.50004519469466291,0.10018491535533834,10,5,26,63,0.8728640079498291,-142185.622104115
2026-08-30T19:48:45Z,NVIDIA H200 NVL,full,dyadic_bitcast_constant,BitCast decoder with constant coefficients,hot_uniform,reverse,dot,67108864,512,256,32,fp64,constant,32,512,0.5,0.37341837298474623,10.707992792129517,0.50004519469466291,0.10018491535533834,10,5,27,63,0.87196797132492065,-142185.622104115
2026-08-30T19:48:45Z,NVIDIA H200 NVL,full,dyadic_bitcast_constant,BitCast decoder with constant coefficients,hot_uniform,reverse,dot,67108864,512,256,32,fp64,constant,32,512,0.5,0.37341837298474623,10.707992792129517,0.50004519469466291,0.10018491535533834,10,5,28,63,0.87180799245834351,-142185.622104115
2026-08-30T19:48:45Z,NVIDIA H200 NVL,full,dyadic_bitcast_constant,BitCast decoder with constant coefficients,hot_uniform,reverse,dot,67108864,512,256,32,fp64,constant,32,512,0.5,0.37341837298474623,10.707992792129517,0.50004519469466291,0.10018491535533834,10,5,29,63,0.87315201759338379,-142185.622104115
2026-08-30T19:48:45Z,NVIDIA H200 NVL,full,dyadic_bitcast_constant,BitCast decoder with constant coefficients,hot_uniform,reverse,dot,67108864,512,256,32,fp64,constant,32,512,0.5,0.37341837298474623,10.707992792129517,0.50004519469466291,0.10018491535533834,10,5,30,63,0.87366402149200439,-142185.622104115
2026-08-30T19:48:45Z,NVIDIA H200 NVL,full,dyadic_bitcast_constant,BitCast decoder with constant coefficients,hot_uniform,reverse,dot,67108864,512,256,32,fp64,constant,32,512,0.5,0.37341837298474623,10.707992792129517,0.50004519469466291,0.10018491535533834,10,5,31,63,0.87279999256134033,-142185.622104115
2026-08-30T19:48:45Z,NVIDIA H200 NVL,full,dyadic_bitcast_constant,BitCast decoder with constant coefficients,hot_uniform,reverse,dot,67108864,512,256,32,fp64,constant,32,512,0.5,0.37341837298474623,10.707992792129517,0.50004519469466291,0.10018491535533834,10,5,32,63,0.87257599830627441,-142185.622104115
2026-08-30T19:48:45Z,NVIDIA H200 NVL,full,dyadic_bitcast_constant,BitCast decoder with constant coefficients,hot_uniform,reverse,dot,67108864,512,256,32,fp64,constant,32,512,0.5,0.37341837298474623,10.707992792129517,0.50004519469466291,0.10018491535533834,10,5,33,63,0.87353599071502686,-142185.622104115
2026-08-30T19:48:45Z,NVIDIA H200 NVL,full,dyadic_bitcast_constant,BitCast decoder with constant coefficients,hot_uniform,reverse,dot,67108864,512,256,32,fp64,constant,32,512,0.5,0.37341837298474623,10.707992792129517,0.50004519469466291,0.10018491535533834,10,5,34,63,0.87257599830627441,-142185.622104115
2026-08-30T19:48:45Z,NVIDIA H200 NVL,full,dyadic_bitcast_constant,BitCast decoder with constant coefficients,hot_uniform,reverse,dot,67108864,512,256,32,fp64,constant,32,512,0.5,0.37341837298474623,10.707992792129517,0.50004519469466291,0.10018491535533834,10,5,35,63,0.87190401554107666,-142185.622104115
2026-08-30T19:48:45Z,NVIDIA H200 NVL,full,dyadic_bitcast_constant,BitCast decoder with constant coefficients,hot_uniform,reverse,dot,67108864,512,256,32,fp64,constant,32,512,0.5,0.37341837298474623,10.707992792129517,0.50004519469466291,0.10018491535533834,10,5,36,63,0.8731200098991394,-142185.622104115
2026-08-30T19:48:45Z,NVIDIA H200 NVL,full,dyadic_bitcast_constant,BitCast decoder with constant coefficients,hot_uniform,reverse,dot,67108864,512,256,32,fp64,constant,32,512,0.5,0.37341837298474623,10.707992792129517,0.50004519469466291,0.10018491535533834,10,5,37,63,0.8723520040512085,-142185.622104115
2026-08-30T19:48:45Z,NVIDIA H200 NVL,full,dyadic_bitcast_constant,BitCast decoder with constant coefficients,hot_uniform,reverse,dot,67108864,512,256,32,fp64,constant,32,512,0.5,0.37341837298474623,10.707992792129517,0.50004519469466291,0.10018491535533834,10,5,38,63,0.87184000015258789,-142185.622104115
2026-08-30T19:48:45Z,NVIDIA H200 NVL,full,dyadic_bitcast_constant,BitCast decoder with constant coefficients,hot_uniform,reverse,dot,67108864,512,256,32,fp64,constant,32,512,0.5,0.37341837298474623,10.707992792129517,0.50004519469466291,0.10018491535533834,10,5,39,63,0.87279999256134033,-142185.622104115
2026-08-30T19:48:45Z,NVIDIA H200 NVL,full,dyadic_bitcast_constant,BitCast decoder with constant coefficients,hot_uniform,reverse,dot,67108864,512,256,32,fp64,constant,32,512,0.5,0.37341837298474623,10.707992792129517,0.50004519469466291,0.10018491535533834,10,5,40,63,0.87062400579452515,-142185.622104115
2026-08-30T19:48:45Z,NVIDIA H200 NVL,full,dyadic_bitcast_constant,BitCast decoder with constant coefficients,hot_uniform,reverse,dot,67108864,512,256,32,fp64,constant,32,512,0.5,0.37341837298474623,10.707992792129517,0.50004519469466291,0.10018491535533834,10,5,41,63,0.87455999851226807,-142185.622104115
2026-08-30T19:48:45Z,NVIDIA H200 NVL,full,dyadic_bitcast_constant,BitCast decoder with constant coefficients,hot_uniform,reverse,dot,67108864,512,256,32,fp64,constant,32,512,0.5,0.37341837298474623,10.707992792129517,0.50004519469466291,0.10018491535533834,10,5,42,63,0.87145602703094482,-142185.622104115
2026-08-30T19:48:45Z,NVIDIA H200 NVL,full,dyadic_bitcast_constant,BitCast decoder with constant coefficients,hot_uniform,reverse,dot,67108864,512,256,32,fp64,constant,32,512,0.5,0.37341837298474623,10.707992792129517,0.50004519469466291,0.10018491535533834,10,5,43,63,0.87139201164245605,-142185.622104115
2026-08-30T19:48:45Z,NVIDIA H200 NVL,full,dyadic_bitcast_constant,BitCast decoder with constant coefficients,hot_uniform,reverse,dot,67108864,512,256,32,fp64,constant,32,512,0.5,0.37341837298474623,10.707992792129517,0.50004519469466291,0.10018491535533834,10,5,44,63,0.87423998117446899,-142185.622104115
2026-08-30T19:48:45Z,NVIDIA H200 NVL,full,dyadic_bitcast_constant,BitCast decoder with constant coefficients,hot_uniform,reverse,dot,67108864,512,256,32,fp64,constant,32,512,0.5,0.37341837298474623,10.707992792129517,0.50004519469466291,0.10018491535533834,10,5,45,63,0.87222397327423096,-142185.622104115
2026-08-30T19:48:45Z,NVIDIA H200 NVL,full,dyadic_bitcast_constant,BitCast decoder with constant coefficients,hot_uniform,reverse,dot,67108864,512,256,32,fp64,constant,32,512,0.5,0.37341837298474623,10.707992792129517,0.50004519469466291,0.10018491535533834,10,5,46,63,0.8707200288772583,-142185.622104115
2026-08-30T19:48:45Z,NVIDIA H200 NVL,full,dyadic_bitcast_constant,BitCast decoder with constant coefficients,hot_uniform,reverse,dot,67108864,512,256,32,fp64,constant,32,512,0.5,0.37341837298474623,10.707992792129517,0.50004519469466291,0.10018491535533834,10,5,47,63,0.8723520040512085,-142185.622104115
2026-08-30T19:48:45Z,NVIDIA H200 NVL,full,dyadic_bitcast_constant,BitCast decoder with constant coefficients,hot_uniform,reverse,dot,67108864,512,256,32,fp64,constant,32,512,0.5,0.37341837298474623,10.707992792129517,0.50004519469466291,0.10018491535533834,10,5,48,63,0.87231999635696411,-142185.622104115
2026-08-30T19:48:45Z,NVIDIA H200 NVL,full,dyadic_bitcast_constant,BitCast decoder with constant coefficients,hot_uniform,reverse,dot,67108864,512,256,32,fp64,constant,32,512,0.5,0.37341837298474623,10.707992792129517,0.50004519469466291,0.10018491535533834,10,5,49,63,0.8710399866104126,-142185.622104115
2026-08-30T19:48:45Z,NVIDIA H200 NVL,full,dyadic_bitcast_shared,BitCast decoder with shared coefficients,hot_uniform,reverse,dot,67108864,512,256,32,fp64,shared,32,512,0.5,0.37341837298474623,10.707992792129517,0.50004519469466291,0.10018491535533834,10,5,25,64,0.2945919930934906,-142185.622104115
2026-08-30T19:48:45Z,NVIDIA H200 NVL,full,dyadic_bitcast_shared,BitCast decoder with shared coefficients,hot_uniform,reverse,dot,67108864,512,256,32,fp64,shared,32,512,0.5,0.37341837298474623,10.707992792129517,0.50004519469466291,0.10018491535533834,10,5,26,64,0.29571199417114258,-142185.622104115
2026-08-30T19:48:45Z,NVIDIA H200 NVL,full,dyadic_bitcast_shared,BitCast decoder with shared coefficients,hot_uniform,reverse,dot,67108864,512,256,32,fp64,shared,32,512,0.5,0.37341837298474623,10.707992792129517,0.50004519469466291,0.10018491535533834,10,5,27,64,0.29542401432991028,-142185.622104115
2026-08-30T19:48:45Z,NVIDIA H200 NVL,full,dyadic_bitcast_shared,BitCast decoder with shared coefficients,hot_uniform,reverse,dot,67108864,512,256,32,fp64,shared,32,512,0.5,0.37341837298474623,10.707992792129517,0.50004519469466291,0.10018491535533834,10,5,28,64,0.29552000761032104,-142185.622104115
2026-08-30T19:48:45Z,NVIDIA H200 NVL,full,dyadic_bitcast_shared,BitCast decoder with shared coefficients,hot_uniform,reverse,dot,67108864,512,256,32,fp64,shared,32,512,0.5,0.37341837298474623,10.707992792129517,0.50004519469466291,0.10018491535533834,10,5,29,64,0.29548799991607666,-142185.622104115
2026-08-30T19:48:45Z,NVIDIA H200 NVL,full,dyadic_bitcast_shared,BitCast decoder with shared coefficients,hot_uniform,reverse,dot,67108864,512,256,32,fp64,shared,32,512,0.5,0.37341837298474623,10.707992792129517,0.50004519469466291,0.10018491535533834,10,5,30,64,0.29577600955963135,-142185.622104115
2026-08-30T19:48:45Z,NVIDIA H200 NVL,full,dyadic_bitcast_shared,BitCast decoder with shared coefficients,hot_uniform,reverse,dot,67108864,512,256,32,fp64,shared,32,512,0.5,0.37341837298474623,10.707992792129517,0.50004519469466291,0.10018491535533834,10,5,31,64,0.29772800207138062,-142185.622104115
2026-08-30T19:48:45Z,NVIDIA H200 NVL,full,dyadic_bitcast_shared,BitCast decoder with shared coefficients,hot_uniform,reverse,dot,67108864,512,256,32,fp64,shared,32,512,0.5,0.37341837298474623,10.707992792129517,0.50004519469466291,0.10018491535533834,10,5,32,64,0.29414400458335876,-142185.622104115
2026-08-30T19:48:45Z,NVIDIA H200 NVL,full,dyadic_bitcast_shared,BitCast decoder with shared coefficients,hot_uniform,reverse,dot,67108864,512,256,32,fp64,shared,32,512,0.5,0.37341837298474623,10.707992792129517,0.50004519469466291,0.10018491535533834,10,5,33,64,0.29609599709510803,-142185.622104115
2026-08-30T19:48:45Z,NVIDIA H200 NVL,full,dyadic_bitcast_shared,BitCast decoder with shared coefficients,hot_uniform,reverse,dot,67108864,512,256,32,fp64,shared,32,512,0.5,0.37341837298474623,10.707992792129517,0.50004519469466291,0.10018491535533834,10,5,34,64,0.29542401432991028,-142185.622104115
2026-08-30T19:48:45Z,NVIDIA H200 NVL,full,dyadic_bitcast_shared,BitCast decoder with shared coefficients,hot_uniform,reverse,dot,67108864,512,256,32,fp64,shared,32,512,0.5,0.37341837298474623,10.707992792129517,0.50004519469466291,0.10018491535533834,10,5,35,64,0.29715201258659363,-142185.622104115
2026-08-30T19:48:45Z,NVIDIA H200 NVL,full,dyadic_bitcast_shared,BitCast decoder with shared coefficients,hot_uniform,reverse,dot,67108864,512,256,32,fp64,shared,32,512,0.5,0.37341837298474623,10.707992792129517,0.50004519469466291,0.10018491535533834,10,5,36,64,0.29452800750732422,-142185.622104115
2026-08-30T19:48:45Z,NVIDIA H200 NVL,full,dyadic_bitcast_shared,BitCast decoder with shared coefficients,hot_uniform,reverse,dot,67108864,512,256,32,fp64,shared,32,512,0.5,0.37341837298474623,10.707992792129517,0.50004519469466291,0.10018491535533834,10,5,37,64,0.29577600955963135,-142185.622104115
2026-08-30T19:48:45Z,NVIDIA H200 NVL,full,dyadic_bitcast_shared,BitCast decoder with shared coefficients,hot_uniform,reverse,dot,67108864,512,256,32,fp64,shared,32,512,0.5,0.37341837298474623,10.707992792129517,0.50004519469466291,0.10018491535533834,10,5,38,64,0.29580798745155334,-142185.622104115
2026-08-30T19:48:45Z,NVIDIA H200 NVL,full,dyadic_bitcast_shared,BitCast decoder with shared coefficients,hot_uniform,reverse,dot,67108864,512,256,32,fp64,shared,32,512,0.5,0.37341837298474623,10.707992792129517,0.50004519469466291,0.10018491535533834,10,5,39,64,0.29558399319648743,-142185.622104115
2026-08-30T19:48:45Z,NVIDIA H200 NVL,full,dyadic_bitcast_shared,BitCast decoder with shared coefficients,hot_uniform,reverse,dot,67108864,512,256,32,fp64,shared,32,512,0.5,0.37341837298474623,10.707992792129517,0.50004519469466291,0.10018491535533834,10,5,40,64,0.29529601335525513,-142185.622104115
2026-08-30T19:48:45Z,NVIDIA H200 NVL,full,dyadic_bitcast_shared,BitCast decoder with shared coefficients,hot_uniform,reverse,dot,67108864,512,256,32,fp64,shared,32,512,0.5,0.37341837298474623,10.707992792129517,0.50004519469466291,0.10018491535533834,10,5,41,64,0.29596799612045288,-142185.622104115
2026-08-30T19:48:45Z,NVIDIA H200 NVL,full,dyadic_bitcast_shared,BitCast decoder with shared coefficients,hot_uniform,reverse,dot,67108864,512,256,32,fp64,shared,32,512,0.5,0.37341837298474623,10.707992792129517,0.50004519469466291,0.10018491535533834,10,5,42,64,0.29350399971008301,-142185.622104115
2026-08-30T19:48:45Z,NVIDIA H200 NVL,full,dyadic_bitcast_shared,BitCast decoder with shared coefficients,hot_uniform,reverse,dot,67108864,512,256,32,fp64,shared,32,512,0.5,0.37341837298474623,10.707992792129517,0.50004519469466291,0.10018491535533834,10,5,43,64,0.29494398832321167,-142185.622104115
2026-08-30T19:48:45Z,NVIDIA H200 NVL,full,dyadic_bitcast_shared,BitCast decoder with shared coefficients,hot_uniform,reverse,dot,67108864,512,256,32,fp64,shared,32,512,0.5,0.37341837298474623,10.707992792129517,0.50004519469466291,0.10018491535533834,10,5,44,64,0.29449599981307983,-142185.622104115
2026-08-30T19:48:45Z,NVIDIA H200 NVL,full,dyadic_bitcast_shared,BitCast decoder with shared coefficients,hot_uniform,reverse,dot,67108864,512,256,32,fp64,shared,32,512,0.5,0.37341837298474623,10.707992792129517,0.50004519469466291,0.10018491535533834,10,5,45,64,0.29686400294303894,-142185.622104115
2026-08-30T19:48:45Z,NVIDIA H200 NVL,full,dyadic_bitcast_shared,BitCast decoder with shared coefficients,hot_uniform,reverse,dot,67108864,512,256,32,fp64,shared,32,512,0.5,0.37341837298474623,10.707992792129517,0.50004519469466291,0.10018491535533834,10,5,46,64,0.29491201043128967,-142185.622104115
2026-08-30T19:48:45Z,NVIDIA H200 NVL,full,dyadic_bitcast_shared,BitCast decoder with shared coefficients,hot_uniform,reverse,dot,67108864,512,256,32,fp64,shared,32,512,0.5,0.37341837298474623,10.707992792129517,0.50004519469466291,0.10018491535533834,10,5,47,64,0.29558399319648743,-142185.622104115
2026-08-30T19:48:45Z,NVIDIA H200 NVL,full,dyadic_bitcast_shared,BitCast decoder with shared coefficients,hot_uniform,reverse,dot,67108864,512,256,32,fp64,shared,32,512,0.5,0.37341837298474623,10.707992792129517,0.50004519469466291,0.10018491535533834,10,5,48,64,0.29443201422691345,-142185.622104115
2026-08-30T19:48:45Z,NVIDIA H200 NVL,full,dyadic_bitcast_shared,BitCast decoder with shared coefficients,hot_uniform,reverse,dot,67108864,512,256,32,fp64,shared,32,512,0.5,0.37341837298474623,10.707992792129517,0.50004519469466291,0.10018491535533834,10,5,49,64,0.29577600955963135,-142185.622104115
2026-08-30T19:48:45Z,NVIDIA H200 NVL,full,dyadic_sign_fused,Sign-fused decoder,hot_uniform,reverse,dot,67108864,512,256,32,fp64,shared,32,512,0.5,0.37341837298474623,10.707992792129517,0.50004519469466291,0.10018491535533834,10,5,25,65,0.29369598627090454,-142185.62210411494
2026-08-30T19:48:45Z,NVIDIA H200 NVL,full,dyadic_sign_fused,Sign-fused decoder,hot_uniform,reverse,dot,67108864,512,256,32,fp64,shared,32,512,0.5,0.37341837298474623,10.707992792129517,0.50004519469466291,0.10018491535533834,10,5,26,65,0.29452800750732422,-142185.62210411494
2026-08-30T19:48:45Z,NVIDIA H200 NVL,full,dyadic_sign_fused,Sign-fused decoder,hot_uniform,reverse,dot,67108864,512,256,32,fp64,shared,32,512,0.5,0.37341837298474623,10.707992792129517,0.50004519469466291,0.10018491535533834,10,5,27,65,0.29395198822021484,-142185.62210411494
2026-08-30T19:48:45Z,NVIDIA H200 NVL,full,dyadic_sign_fused,Sign-fused decoder,hot_uniform,reverse,dot,67108864,512,256,32,fp64,shared,32,512,0.5,0.37341837298474623,10.707992792129517,0.50004519469466291,0.10018491535533834,10,5,28,65,0.29398399591445923,-142185.62210411494
2026-08-30T19:48:45Z,NVIDIA H200 NVL,full,dyadic_sign_fused,Sign-fused decoder,hot_uniform,reverse,dot,67108864,512,256,32,fp64,shared,32,512,0.5,0.37341837298474623,10.707992792129517,0.50004519469466291,0.10018491535533834,10,5,29,65,0.29443201422691345,-142185.62210411494
2026-08-30T19:48:45Z,NVIDIA H200 NVL,full,dyadic_sign_fused,Sign-fused decoder,hot_uniform,reverse,dot,67108864,512,256,32,fp64,shared,32,512,0.5,0.37341837298474623,10.707992792129517,0.50004519469466291,0.10018491535533834,10,5,30,65,0.29254400730133057,-142185.62210411494
2026-08-30T19:48:45Z,NVIDIA H200 NVL,full,dyadic_sign_fused,Sign-fused decoder,hot_uniform,reverse,dot,67108864,512,256,32,fp64,shared,32,512,0.5,0.37341837298474623,10.707992792129517,0.50004519469466291,0.10018491535533834,10,5,31,65,0.29401600360870361,-142185.62210411494
2026-08-30T19:48:45Z,NVIDIA H200 NVL,full,dyadic_sign_fused,Sign-fused decoder,hot_uniform,reverse,dot,67108864,512,256,32,fp64,shared,32,512,0.5,0.37341837298474623,10.707992792129517,0.50004519469466291,0.10018491535533834,10,5,32,65,0.29440000653266907,-142185.62210411494
2026-08-30T19:48:45Z,NVIDIA H200 NVL,full,dyadic_sign_fused,Sign-fused decoder,hot_uniform,reverse,dot,67108864,512,256,32,fp64,shared,32,512,0.5,0.37341837298474623,10.707992792129517,0.50004519469466291,0.10018491535533834,10,5,33,65,0.29555198550224304,-142185.62210411494
2026-08-30T19:48:45Z,NVIDIA H200 NVL,full,dyadic_sign_fused,Sign-fused decoder,hot_uniform,reverse,dot,67108864,512,256,32,fp64,shared,32,512,0.5,0.37341837298474623,10.707992792129517,0.50004519469466291,0.10018491535533834,10,5,34,65,0.29321599006652832,-142185.62210411494
2026-08-30T19:48:45Z,NVIDIA H200 NVL,full,dyadic_sign_fused,Sign-fused decoder,hot_uniform,reverse,dot,67108864,512,256,32,fp64,shared,32,512,0.5,0.37341837298474623,10.707992792129517,0.50004519469466291,0.10018491535533834,10,5,35,65,0.29436799883842468,-142185.62210411494
2026-08-30T19:48:45Z,NVIDIA H200 NVL,full,dyadic_sign_fused,Sign-fused decoder,hot_uniform,reverse,dot,67108864,512,256,32,fp64,shared,32,512,0.5,0.37341837298474623,10.707992792129517,0.50004519469466291,0.10018491535533834,10,5,36,65,0.29513600468635559,-142185.62210411494
2026-08-30T19:48:45Z,NVIDIA H200 NVL,full,dyadic_sign_fused,Sign-fused decoder,hot_uniform,reverse,dot,67108864,512,256,32,fp64,shared,32,512,0.5,0.37341837298474623,10.707992792129517,0.50004519469466291,0.10018491535533834,10,5,37,65,0.29507198929786682,-142185.62210411494
2026-08-30T19:48:45Z,NVIDIA H200 NVL,full,dyadic_sign_fused,Sign-fused decoder,hot_uniform,reverse,dot,67108864,512,256,32,fp64,shared,32,512,0.5,0.37341837298474623,10.707992792129517,0.50004519469466291,0.10018491535533834,10,5,38,65,0.29542401432991028,-142185.62210411494
2026-08-30T19:48:45Z,NVIDIA H200 NVL,full,dyadic_sign_fused,Sign-fused decoder,hot_uniform,reverse,dot,67108864,512,256,32,fp64,shared,32,512,0.5,0.37341837298474623,10.707992792129517,0.50004519469466291,0.10018491535533834,10,5,39,65,0.29558399319648743,-142185.62210411494
2026-08-30T19:48:45Z,NVIDIA H200 NVL,full,dyadic_sign_fused,Sign-fused decoder,hot_uniform,reverse,dot,67108864,512,256,32,fp64,shared,32,512,0.5,0.37341837298474623,10.707992792129517,0.50004519469466291,0.10018491535533834,10,5,40,65,0.29452800750732422,-142185.62210411494
2026-08-30T19:48:45Z,NVIDIA H200 NVL,full,dyadic_sign_fused,Sign-fused decoder,hot_uniform,reverse,dot,67108864,512,256,32,fp64,shared,32,512,0.5,0.37341837298474623,10.707992792129517,0.50004519469466291,0.10018491535533834,10,5,41,65,0.29468798637390137,-142185.62210411494
2026-08-30T19:48:45Z,NVIDIA H200 NVL,full,dyadic_sign_fused,Sign-fused decoder,hot_uniform,reverse,dot,67108864,512,256,32,fp64,shared,32,512,0.5,0.37341837298474623,10.707992792129517,0.50004519469466291,0.10018491535533834,10,5,42,65,0.29600000381469727,-142185.62210411494
2026-08-30T19:48:45Z,NVIDIA H200 NVL,full,dyadic_sign_fused,Sign-fused decoder,hot_uniform,reverse,dot,67108864,512,256,32,fp64,shared,32,512,0.5,0.37341837298474623,10.707992792129517,0.50004519469466291,0.10018491535533834,10,5,43,65,0.29654398560523987,-142185.62210411494
2026-08-30T19:48:45Z,NVIDIA H200 NVL,full,dyadic_sign_fused,Sign-fused decoder,hot_uniform,reverse,dot,67108864,512,256,32,fp64,shared,32,512,0.5,0.37341837298474623,10.707992792129517,0.50004519469466291,0.10018491535533834,10,5,44,65,0.29471999406814575,-142185.62210411494
2026-08-30T19:48:45Z,NVIDIA H200 NVL,full,dyadic_sign_fused,Sign-fused decoder,hot_uniform,reverse,dot,67108864,512,256,32,fp64,shared,32,512,0.5,0.37341837298474623,10.707992792129517,0.50004519469466291,0.10018491535533834,10,5,45,65,0.29475200176239014,-142185.62210411494
2026-08-30T19:48:45Z,NVIDIA H200 NVL,full,dyadic_sign_fused,Sign-fused decoder,hot_uniform,reverse,dot,67108864,512,256,32,fp64,shared,32,512,0.5,0.37341837298474623,10.707992792129517,0.50004519469466291,0.10018491535533834,10,5,46,65,0.29407998919487,-142185.62210411494
2026-08-30T19:48:45Z,NVIDIA H200 NVL,full,dyadic_sign_fused,Sign-fused decoder,hot_uniform,reverse,dot,67108864,512,256,32,fp64,shared,32,512,0.5,0.37341837298474623,10.707992792129517,0.50004519469466291,0.10018491535533834,10,5,47,65,0.29561600089073181,-142185.62210411494
2026-08-30T19:48:45Z,NVIDIA H200 NVL,full,dyadic_sign_fused,Sign-fused decoder,hot_uniform,reverse,dot,67108864,512,256,32,fp64,shared,32,512,0.5,0.37341837298474623,10.707992792129517,0.50004519469466291,0.10018491535533834,10,5,48,65,0.29395198822021484,-142185.62210411494
2026-08-30T19:48:45Z,NVIDIA H200 NVL,full,dyadic_sign_fused,Sign-fused decoder,hot_uniform,reverse,dot,67108864,512,256,32,fp64,shared,32,512,0.5,0.37341837298474623,10.707992792129517,0.50004519469466291,0.10018491535533834,10,5,49,65,0.29548799991607666,-142185.62210411494
2026-08-30T19:48:45Z,NVIDIA H200 NVL,full,dyadic_normal32,Current DyadicNormal32,hot_uniform,reverse,dot,67108864,512,256,32,fp64,shared,32,512,0.5,0.37341837298474623,10.707992792129517,0.50004519469466291,0.10018491535533834,10,5,25,66,0.29356798529624939,-142185.62210411494
2026-08-30T19:48:45Z,NVIDIA H200 NVL,full,dyadic_normal32,Current DyadicNormal32,hot_uniform,reverse,dot,67108864,512,256,32,fp64,shared,32,512,0.5,0.37341837298474623,10.707992792129517,0.50004519469466291,0.10018491535533834,10,5,26,66,0.29452800750732422,-142185.62210411494
2026-08-30T19:48:45Z,NVIDIA H200 NVL,full,dyadic_normal32,Current DyadicNormal32,hot_uniform,reverse,dot,67108864,512,256,32,fp64,shared,32,512,0.5,0.37341837298474623,10.707992792129517,0.50004519469466291,0.10018491535533834,10,5,27,66,0.29567998647689819,-142185.62210411494
2026-08-30T19:48:45Z,NVIDIA H200 NVL,full,dyadic_normal32,Current DyadicNormal32,hot_uniform,reverse,dot,67108864,512,256,32,fp64,shared,32,512,0.5,0.37341837298474623,10.707992792129517,0.50004519469466291,0.10018491535533834,10,5,28,66,0.29702401161193848,-142185.62210411494
2026-08-30T19:48:45Z,NVIDIA H200 NVL,full,dyadic_normal32,Current DyadicNormal32,hot_uniform,reverse,dot,67108864,512,256,32,fp64,shared,32,512,0.5,0.37341837298474623,10.707992792129517,0.50004519469466291,0.10018491535533834,10,5,29,66,0.29631999135017395,-142185.62210411494
2026-08-30T19:48:45Z,NVIDIA H200 NVL,full,dyadic_normal32,Current DyadicNormal32,hot_uniform,reverse,dot,67108864,512,256,32,fp64,shared,32,512,0.5,0.37341837298474623,10.707992792129517,0.50004519469466291,0.10018491535533834,10,5,30,66,0.29507198929786682,-142185.62210411494
2026-08-30T19:48:45Z,NVIDIA H200 NVL,full,dyadic_normal32,Current DyadicNormal32,hot_uniform,reverse,dot,67108864,512,256,32,fp64,shared,32,512,0.5,0.37341837298474623,10.707992792129517,0.50004519469466291,0.10018491535533834,10,5,31,66,0.29798400402069092,-142185.62210411494
2026-08-30T19:48:45Z,NVIDIA H200 NVL,full,dyadic_normal32,Current DyadicNormal32,hot_uniform,reverse,dot,67108864,512,256,32,fp64,shared,32,512,0.5,0.37341837298474623,10.707992792129517,0.50004519469466291,0.10018491535533834,10,5,32,66,0.29529601335525513,-142185.62210411494
2026-08-30T19:48:45Z,NVIDIA H200 NVL,full,dyadic_normal32,Current DyadicNormal32,hot_uniform,reverse,dot,67108864,512,256,32,fp64,shared,32,512,0.5,0.37341837298474623,10.707992792129517,0.50004519469466291,0.10018491535533834,10,5,33,66,0.29635199904441833,-142185.62210411494
2026-08-30T19:48:45Z,NVIDIA H200 NVL,full,dyadic_normal32,Current DyadicNormal32,hot_uniform,reverse,dot,67108864,512,256,32,fp64,shared,32,512,0.5,0.37341837298474623,10.707992792129517,0.50004519469466291,0.10018491535533834,10,5,34,66,0.29561600089073181,-142185.62210411494
2026-08-30T19:48:45Z,NVIDIA H200 NVL,full,dyadic_normal32,Current DyadicNormal32,hot_uniform,reverse,dot,67108864,512,256,32,fp64,shared,32,512,0.5,0.37341837298474623,10.707992792129517,0.50004519469466291,0.10018491535533834,10,5,35,66,0.29600000381469727,-142185.62210411494
2026-08-30T19:48:45Z,NVIDIA H200 NVL,full,dyadic_normal32,Current DyadicNormal32,hot_uniform,reverse,dot,67108864,512,256,32,fp64,shared,32,512,0.5,0.37341837298474623,10.707992792129517,0.50004519469466291,0.10018491535533834,10,5,36,66,0.29600000381469727,-142185.62210411494
2026-08-30T19:48:45Z,NVIDIA H200 NVL,full,dyadic_normal32,Current DyadicNormal32,hot_uniform,reverse,dot,67108864,512,256,32,fp64,shared,32,512,0.5,0.37341837298474623,10.707992792129517,0.50004519469466291,0.10018491535533834,10,5,37,66,0.29689601063728333,-142185.62210411494
2026-08-30T19:48:45Z,NVIDIA H200 NVL,full,dyadic_normal32,Current DyadicNormal32,hot_uniform,reverse,dot,67108864,512,256,32,fp64,shared,32,512,0.5,0.37341837298474623,10.707992792129517,0.50004519469466291,0.10018491535533834,10,5,38,66,0.29497599601745605,-142185.62210411494
2026-08-30T19:48:45Z,NVIDIA H200 NVL,full,dyadic_normal32,Current DyadicNormal32,hot_uniform,reverse,dot,67108864,512,256,32,fp64,shared,32,512,0.5,0.37341837298474623,10.707992792129517,0.50004519469466291,0.10018491535533834,10,5,39,66,0.29945600032806396,-142185.62210411494
2026-08-30T19:48:45Z,NVIDIA H200 NVL,full,dyadic_normal32,Current DyadicNormal32,hot_uniform,reverse,dot,67108864,512,256,32,fp64,shared,32,512,0.5,0.37341837298474623,10.707992792129517,0.50004519469466291,0.10018491535533834,10,5,40,66,0.29612800478935242,-142185.62210411494
2026-08-30T19:48:45Z,NVIDIA H200 NVL,full,dyadic_normal32,Current DyadicNormal32,hot_uniform,reverse,dot,67108864,512,256,32,fp64,shared,32,512,0.5,0.37341837298474623,10.707992792129517,0.50004519469466291,0.10018491535533834,10,5,41,66,0.29600000381469727,-142185.62210411494
2026-08-30T19:48:45Z,NVIDIA H200 NVL,full,dyadic_normal32,Current DyadicNormal32,hot_uniform,reverse,dot,67108864,512,256,32,fp64,shared,32,512,0.5,0.37341837298474623,10.707992792129517,0.50004519469466291,0.10018491535533834,10,5,42,66,0.29609599709510803,-142185.62210411494
2026-08-30T19:48:45Z,NVIDIA H200 NVL,full,dyadic_normal32,Current DyadicNormal32,hot_uniform,reverse,dot,67108864,512,256,32,fp64,shared,32,512,0.5,0.37341837298474623,10.707992792129517,0.50004519469466291,0.10018491535533834,10,5,43,66,0.2956480085849762,-142185.62210411494
2026-08-30T19:48:45Z,NVIDIA H200 NVL,full,dyadic_normal32,Current DyadicNormal32,hot_uniform,reverse,dot,67108864,512,256,32,fp64,shared,32,512,0.5,0.37341837298474623,10.707992792129517,0.50004519469466291,0.10018491535533834,10,5,44,66,0.29577600955963135,-142185.62210411494
2026-08-30T19:48:45Z,NVIDIA H200 NVL,full,dyadic_normal32,Current DyadicNormal32,hot_uniform,reverse,dot,67108864,512,256,32,fp64,shared,32,512,0.5,0.37341837298474623,10.707992792129517,0.50004519469466291,0.10018491535533834,10,5,45,66,0.29814401268959045,-142185.62210411494
2026-08-30T19:48:45Z,NVIDIA H200 NVL,full,dyadic_normal32,Current DyadicNormal32,hot_uniform,reverse,dot,67108864,512,256,32,fp64,shared,32,512,0.5,0.37341837298474623,10.707992792129517,0.50004519469466291,0.10018491535533834,10,5,46,66,0.29631999135017395,-142185.62210411494
2026-08-30T19:48:45Z,NVIDIA H200 NVL,full,dyadic_normal32,Current DyadicNormal32,hot_uniform,reverse,dot,67108864,512,256,32,fp64,shared,32,512,0.5,0.37341837298474623,10.707992792129517,0.50004519469466291,0.10018491535533834,10,5,47,66,0.2956480085849762,-142185.62210411494
2026-08-30T19:48:45Z,NVIDIA H200 NVL,full,dyadic_normal32,Current DyadicNormal32,hot_uniform,reverse,dot,67108864,512,256,32,fp64,shared,32,512,0.5,0.37341837298474623,10.707992792129517,0.50004519469466291,0.10018491535533834,10,5,48,66,0.29567998647689819,-142185.62210411494
2026-08-30T19:48:45Z,NVIDIA H200 NVL,full,dyadic_normal32,Current DyadicNormal32,hot_uniform,reverse,dot,67108864,512,256,32,fp64,shared,32,512,0.5,0.37341837298474623,10.707992792129517,0.50004519469466291,0.10018491535533834,10,5,49,66,0.2964160144329071,-142185.62210411494
2026-08-30T19:48:45Z,NVIDIA H200 NVL,full,dyadic_bitcast_constant,BitCast decoder with constant coefficients,hot_uniform,reverse,dot,67108864,512,256,32,fp64,constant,32,512,0.375,0.26656633816317843,8.2807967662811279,0.37502370618558112,0.10018491535533834,10,5,25,67,0.70195198059082031,33747.700457771381
2026-08-30T19:48:45Z,NVIDIA H200 NVL,full,dyadic_bitcast_constant,BitCast decoder with constant coefficients,hot_uniform,reverse,dot,67108864,512,256,32,fp64,constant,32,512,0.375,0.26656633816317843,8.2807967662811279,0.37502370618558112,0.10018491535533834,10,5,26,67,0.70348799228668213,33747.700457771381
2026-08-30T19:48:45Z,NVIDIA H200 NVL,full,dyadic_bitcast_constant,BitCast decoder with constant coefficients,hot_uniform,reverse,dot,67108864,512,256,32,fp64,constant,32,512,0.375,0.26656633816317843,8.2807967662811279,0.37502370618558112,0.10018491535533834,10,5,27,67,0.70415997505187988,33747.700457771381
2026-08-30T19:48:45Z,NVIDIA H200 NVL,full,dyadic_bitcast_constant,BitCast decoder with constant coefficients,hot_uniform,reverse,dot,67108864,512,256,32,fp64,constant,32,512,0.375,0.26656633816317843,8.2807967662811279,0.37502370618558112,0.10018491535533834,10,5,28,67,0.70377600193023682,33747.700457771381
2026-08-30T19:48:45Z,NVIDIA H200 NVL,full,dyadic_bitcast_constant,BitCast decoder with constant coefficients,hot_uniform,reverse,dot,67108864,512,256,32,fp64,constant,32,512,0.375,0.26656633816317843,8.2807967662811279,0.37502370618558112,0.10018491535533834,10,5,29,67,0.70540797710418701,33747.700457771381
2026-08-30T19:48:45Z,NVIDIA H200 NVL,full,dyadic_bitcast_constant,BitCast decoder with constant coefficients,hot_uniform,reverse,dot,67108864,512,256,32,fp64,constant,32,512,0.375,0.26656633816317843,8.2807967662811279,0.37502370618558112,0.10018491535533834,10,5,30,67,0.70396798849105835,33747.700457771381
2026-08-30T19:48:45Z,NVIDIA H200 NVL,full,dyadic_bitcast_constant,BitCast decoder with constant coefficients,hot_uniform,reverse,dot,67108864,512,256,32,fp64,constant,32,512,0.375,0.26656633816317843,8.2807967662811279,0.37502370618558112,0.10018491535533834,10,5,31,67,0.70483201742172241,33747.700457771381
2026-08-30T19:48:45Z,NVIDIA H200 NVL,full,dyadic_bitcast_constant,BitCast decoder with constant coefficients,hot_uniform,reverse,dot,67108864,512,256,32,fp64,constant,32,512,0.375,0.26656633816317843,8.2807967662811279,0.37502370618558112,0.10018491535533834,10,5,32,67,0.70300799608230591,33747.700457771381
2026-08-30T19:48:45Z,NVIDIA H200 NVL,full,dyadic_bitcast_constant,BitCast decoder with constant coefficients,hot_uniform,reverse,dot,67108864,512,256,32,fp64,constant,32,512,0.375,0.26656633816317843,8.2807967662811279,0.37502370618558112,0.10018491535533834,10,5,33,67,0.70435202121734619,33747.700457771381
2026-08-30T19:48:45Z,NVIDIA H200 NVL,full,dyadic_bitcast_constant,BitCast decoder with constant coefficients,hot_uniform,reverse,dot,67108864,512,256,32,fp64,constant,32,512,0.375,0.26656633816317843,8.2807967662811279,0.37502370618558112,0.10018491535533834,10,5,34,67,0.70377600193023682,33747.700457771381
2026-08-30T19:48:45Z,NVIDIA H200 NVL,full,dyadic_bitcast_constant,BitCast decoder with constant coefficients,hot_uniform,reverse,dot,67108864,512,256,32,fp64,constant,32,512,0.375,0.26656633816317843,8.2807967662811279,0.37502370618558112,0.10018491535533834,10,5,35,67,0.70460802316665649,33747.700457771381
2026-08-30T19:48:45Z,NVIDIA H200 NVL,full,dyadic_bitcast_constant,BitCast decoder with constant coefficients,hot_uniform,reverse,dot,67108864,512,256,32,fp64,constant,32,512,0.375,0.26656633816317843,8.2807967662811279,0.37502370618558112,0.10018491535533834,10,5,36,67,0.70412802696228027,33747.700457771381
2026-08-30T19:48:45Z,NVIDIA H200 NVL,full,dyadic_bitcast_constant,BitCast decoder with constant coefficients,hot_uniform,reverse,dot,67108864,512,256,32,fp64,constant,32,512,0.375,0.26656633816317843,8.2807967662811279,0.37502370618558112,0.10018491535533834,10,5,37,67,0.70489597320556641,33747.700457771381
2026-08-30T19:48:45Z,NVIDIA H200 NVL,full,dyadic_bitcast_constant,BitCast decoder with constant coefficients,hot_uniform,reverse,dot,67108864,512,256,32,fp64,constant,32,512,0.375,0.26656633816317843,8.2807967662811279,0.37502370618558112,0.10018491535533834,10,5,38,67,0.70291197299957275,33747.700457771381
2026-08-30T19:48:45Z,NVIDIA H200 NVL,full,dyadic_bitcast_constant,BitCast decoder with constant coefficients,hot_uniform,reverse,dot,67108864,512,256,32,fp64,constant,32,512,0.375,0.26656633816317843,8.2807967662811279,0.37502370618558112,0.10018491535533834,10,5,39,67,0.70393598079681396,33747.700457771381
2026-08-30T19:48:45Z,NVIDIA H200 NVL,full,dyadic_bitcast_constant,BitCast decoder with constant coefficients,hot_uniform,reverse,dot,67108864,512,256,32,fp64,constant,32,512,0.375,0.26656633816317843,8.2807967662811279,0.37502370618558112,0.10018491535533834,10,5,40,67,0.70444798469543457,33747.700457771381
2026-08-30T19:48:45Z,NVIDIA H200 NVL,full,dyadic_bitcast_constant,BitCast decoder with constant coefficients,hot_uniform,reverse,dot,67108864,512,256,32,fp64,constant,32,512,0.375,0.26656633816317843,8.2807967662811279,0.37502370618558112,0.10018491535533834,10,5,41,67,0.7040640115737915,33747.700457771381
2026-08-30T19:48:45Z,NVIDIA H200 NVL,full,dyadic_bitcast_constant,BitCast decoder with constant coefficients,hot_uniform,reverse,dot,67108864,512,256,32,fp64,constant,32,512,0.375,0.26656633816317843,8.2807967662811279,0.37502370618558112,0.10018491535533834,10,5,42,67,0.70480000972747803,33747.700457771381
2026-08-30T19:48:45Z,NVIDIA H200 NVL,full,dyadic_bitcast_constant,BitCast decoder with constant coefficients,hot_uniform,reverse,dot,67108864,512,256,32,fp64,constant,32,512,0.375,0.26656633816317843,8.2807967662811279,0.37502370618558112,0.10018491535533834,10,5,43,67,0.70553600788116455,33747.700457771381
2026-08-30T19:48:45Z,NVIDIA H200 NVL,full,dyadic_bitcast_constant,BitCast decoder with constant coefficients,hot_uniform,reverse,dot,67108864,512,256,32,fp64,constant,32,512,0.375,0.26656633816317843,8.2807967662811279,0.37502370618558112,0.10018491535533834,10,5,44,67,0.70470398664474487,33747.700457771381
2026-08-30T19:48:45Z,NVIDIA H200 NVL,full,dyadic_bitcast_constant,BitCast decoder with constant coefficients,hot_uniform,reverse,dot,67108864,512,256,32,fp64,constant,32,512,0.375,0.26656633816317843,8.2807967662811279,0.37502370618558112,0.10018491535533834,10,5,45,67,0.70425599813461304,33747.700457771381
2026-08-30T19:48:45Z,NVIDIA H200 NVL,full,dyadic_bitcast_constant,BitCast decoder with constant coefficients,hot_uniform,reverse,dot,67108864,512,256,32,fp64,constant,32,512,0.375,0.26656633816317843,8.2807967662811279,0.37502370618558112,0.10018491535533834,10,5,46,67,0.70374399423599243,33747.700457771381
2026-08-30T19:48:45Z,NVIDIA H200 NVL,full,dyadic_bitcast_constant,BitCast decoder with constant coefficients,hot_uniform,reverse,dot,67108864,512,256,32,fp64,constant,32,512,0.375,0.26656633816317843,8.2807967662811279,0.37502370618558112,0.10018491535533834,10,5,47,67,0.70518398284912109,33747.700457771381
2026-08-30T19:48:45Z,NVIDIA H200 NVL,full,dyadic_bitcast_constant,BitCast decoder with constant coefficients,hot_uniform,reverse,dot,67108864,512,256,32,fp64,constant,32,512,0.375,0.26656633816317843,8.2807967662811279,0.37502370618558112,0.10018491535533834,10,5,48,67,0.70316797494888306,33747.700457771381
2026-08-30T19:48:45Z,NVIDIA H200 NVL,full,dyadic_bitcast_constant,BitCast decoder with constant coefficients,hot_uniform,reverse,dot,67108864,512,256,32,fp64,constant,32,512,0.375,0.26656633816317843,8.2807967662811279,0.37502370618558112,0.10018491535533834,10,5,49,67,0.7053760290145874,33747.700457771381
2026-08-30T19:48:45Z,NVIDIA H200 NVL,full,dyadic_bitcast_shared,BitCast decoder with shared coefficients,hot_uniform,reverse,dot,67108864,512,256,32,fp64,shared,32,512,0.375,0.26656633816317843,8.2807967662811279,0.37502370618558112,0.10018491535533834,10,5,25,68,0.2943359911441803,33747.700457771381
2026-08-30T19:48:45Z,NVIDIA H200 NVL,full,dyadic_bitcast_shared,BitCast decoder with shared coefficients,hot_uniform,reverse,dot,67108864,512,256,32,fp64,shared,32,512,0.375,0.26656633816317843,8.2807967662811279,0.37502370618558112,0.10018491535533834,10,5,26,68,0.29465600848197937,33747.700457771381
2026-08-30T19:48:45Z,NVIDIA H200 NVL,full,dyadic_bitcast_shared,BitCast decoder with shared coefficients,hot_uniform,reverse,dot,67108864,512,256,32,fp64,shared,32,512,0.375,0.26656633816317843,8.2807967662811279,0.37502370618558112,0.10018491535533834,10,5,27,68,0.29552000761032104,33747.700457771381
2026-08-30T19:48:45Z,NVIDIA H200 NVL,full,dyadic_bitcast_shared,BitCast decoder with shared coefficients,hot_uniform,reverse,dot,67108864,512,256,32,fp64,shared,32,512,0.375,0.26656633816317843,8.2807967662811279,0.37502370618558112,0.10018491535533834,10,5,28,68,0.29353600740432739,33747.700457771381
2026-08-30T19:48:45Z,NVIDIA H200 NVL,full,dyadic_bitcast_shared,BitCast decoder with shared coefficients,hot_uniform,reverse,dot,67108864,512,256,32,fp64,shared,32,512,0.375,0.26656633816317843,8.2807967662811279,0.37502370618558112,0.10018491535533834,10,5,29,68,0.29407998919487,33747.700457771381
2026-08-30T19:48:45Z,NVIDIA H200 NVL,full,dyadic_bitcast_shared,BitCast decoder with shared coefficients,hot_uniform,reverse,dot,67108864,512,256,32,fp64,shared,32,512,0.375,0.26656633816317843,8.2807967662811279,0.37502370618558112,0.10018491535533834,10,5,30,68,0.29356798529624939,33747.700457771381
2026-08-30T19:48:45Z,NVIDIA H200 NVL,full,dyadic_bitcast_shared,BitCast decoder with shared coefficients,hot_uniform,reverse,dot,67108864,512,256,32,fp64,shared,32,512,0.375,0.26656633816317843,8.2807967662811279,0.37502370618558112,0.10018491535533834,10,5,31,68,0.29606398940086365,33747.700457771381
2026-08-30T19:48:45Z,NVIDIA H200 NVL,full,dyadic_bitcast_shared,BitCast decoder with shared coefficients,hot_uniform,reverse,dot,67108864,512,256,32,fp64,shared,32,512,0.375,0.26656633816317843,8.2807967662811279,0.37502370618558112,0.10018491535533834,10,5,32,68,0.29494398832321167,33747.700457771381
2026-08-30T19:48:45Z,NVIDIA H200 NVL,full,dyadic_bitcast_shared,BitCast decoder with shared coefficients,hot_uniform,reverse,dot,67108864,512,256,32,fp64,shared,32,512,0.375,0.26656633816317843,8.2807967662811279,0.37502370618558112,0.10018491535533834,10,5,33,68,0.29395198822021484,33747.700457771381
2026-08-30T19:48:45Z,NVIDIA H200 NVL,full,dyadic_bitcast_shared,BitCast decoder with shared coefficients,hot_uniform,reverse,dot,67108864,512,256,32,fp64,shared,32,512,0.375,0.26656633816317843,8.2807967662811279,0.37502370618558112,0.10018491535533834,10,5,34,68,0.2943040132522583,33747.700457771381
2026-08-30T19:48:45Z,NVIDIA H200 NVL,full,dyadic_bitcast_shared,BitCast decoder with shared coefficients,hot_uniform,reverse,dot,67108864,512,256,32,fp64,shared,32,512,0.375,0.26656633816317843,8.2807967662811279,0.37502370618558112,0.10018491535533834,10,5,35,68,0.29513600468635559,33747.700457771381
2026-08-30T19:48:45Z,NVIDIA H200 NVL,full,dyadic_bitcast_shared,BitCast decoder with shared coefficients,hot_uniform,reverse,dot,67108864,512,256,32,fp64,shared,32,512,0.375,0.26656633816317843,8.2807967662811279,0.37502370618558112,0.10018491535533834,10,5,36,68,0.2937920093536377,33747.700457771381
2026-08-30T19:48:45Z,NVIDIA H200 NVL,full,dyadic_bitcast_shared,BitCast decoder with shared coefficients,hot_uniform,reverse,dot,67108864,512,256,32,fp64,shared,32,512,0.375,0.26656633816317843,8.2807967662811279,0.37502370618558112,0.10018491535533834,10,5,37,68,0.29308798909187317,33747.700457771381
2026-08-30T19:48:45Z,NVIDIA H200 NVL,full,dyadic_bitcast_shared,BitCast decoder with shared coefficients,hot_uniform,reverse,dot,67108864,512,256,32,fp64,shared,32,512,0.375,0.26656633816317843,8.2807967662811279,0.37502370618558112,0.10018491535533834,10,5,38,68,0.29395198822021484,33747.700457771381
2026-08-30T19:48:45Z,NVIDIA H200 NVL,full,dyadic_bitcast_shared,BitCast decoder with shared coefficients,hot_uniform,reverse,dot,67108864,512,256,32,fp64,shared,32,512,0.375,0.26656633816317843,8.2807967662811279,0.37502370618558112,0.10018491535533834,10,5,39,68,0.29667198657989502,33747.700457771381
2026-08-30T19:48:45Z,NVIDIA H200 NVL,full,dyadic_bitcast_shared,BitCast decoder with shared coefficients,hot_uniform,reverse,dot,67108864,512,256,32,fp64,shared,32,512,0.375,0.26656633816317843,8.2807967662811279,0.37502370618558112,0.10018491535533834,10,5,40,68,0.29423999786376953,33747.700457771381
2026-08-30T19:48:45Z,NVIDIA H200 NVL,full,dyadic_bitcast_shared,BitCast decoder with shared coefficients,hot_uniform,reverse,dot,67108864,512,256,32,fp64,shared,32,512,0.375,0.26656633816317843,8.2807967662811279,0.37502370618558112,0.10018491535533834,10,5,41,68,0.29369598627090454,33747.700457771381
2026-08-30T19:48:45Z,NVIDIA H200 NVL,full,dyadic_bitcast_shared,BitCast decoder with shared coefficients,hot_uniform,reverse,dot,67108864,512,256,32,fp64,shared,32,512,0.375,0.26656633816317843,8.2807967662811279,0.37502370618558112,0.10018491535533834,10,5,42,68,0.29449599981307983,33747.700457771381
2026-08-30T19:48:45Z,NVIDIA H200 NVL,full,dyadic_bitcast_shared,BitCast decoder with shared coefficients,hot_uniform,reverse,dot,67108864,512,256,32,fp64,shared,32,512,0.375,0.26656633816317843,8.2807967662811279,0.37502370618558112,0.10018491535533834,10,5,43,68,0.29471999406814575,33747.700457771381
2026-08-30T19:48:45Z,NVIDIA H200 NVL,full,dyadic_bitcast_shared,BitCast decoder with shared coefficients,hot_uniform,reverse,dot,67108864,512,256,32,fp64,shared,32,512,0.375,0.26656633816317843,8.2807967662811279,0.37502370618558112,0.10018491535533834,10,5,44,68,0.29449599981307983,33747.700457771381
2026-08-30T19:48:45Z,NVIDIA H200 NVL,full,dyadic_bitcast_shared,BitCast decoder with shared coefficients,hot_uniform,reverse,dot,67108864,512,256,32,fp64,shared,32,512,0.375,0.26656633816317843,8.2807967662811279,0.37502370618558112,0.10018491535533834,10,5,45,68,0.29529601335525513,33747.700457771381
2026-08-30T19:48:45Z,NVIDIA H200 NVL,full,dyadic_bitcast_shared,BitCast decoder with shared coefficients,hot_uniform,reverse,dot,67108864,512,256,32,fp64,shared,32,512,0.375,0.26656633816317843,8.2807967662811279,0.37502370618558112,0.10018491535533834,10,5,46,68,0.29532799124717712,33747.700457771381
2026-08-30T19:48:45Z,NVIDIA H200 NVL,full,dyadic_bitcast_shared,BitCast decoder with shared coefficients,hot_uniform,reverse,dot,67108864,512,256,32,fp64,shared,32,512,0.375,0.26656633816317843,8.2807967662811279,0.37502370618558112,0.10018491535533834,10,5,47,68,0.29580798745155334,33747.700457771381
2026-08-30T19:48:45Z,NVIDIA H200 NVL,full,dyadic_bitcast_shared,BitCast decoder with shared coefficients,hot_uniform,reverse,dot,67108864,512,256,32,fp64,shared,32,512,0.375,0.26656633816317843,8.2807967662811279,0.37502370618558112,0.10018491535533834,10,5,48,68,0.29519999027252197,33747.700457771381
2026-08-30T19:48:45Z,NVIDIA H200 NVL,full,dyadic_bitcast_shared,BitCast decoder with shared coefficients,hot_uniform,reverse,dot,67108864,512,256,32,fp64,shared,32,512,0.375,0.26656633816317843,8.2807967662811279,0.37502370618558112,0.10018491535533834,10,5,49,68,0.29561600089073181,33747.700457771381
2026-08-30T19:48:45Z,NVIDIA H200 NVL,full,dyadic_sign_fused,Sign-fused decoder,hot_uniform,reverse,dot,67108864,512,256,32,fp64,shared,32,512,0.375,0.26656633816317843,8.2807967662811279,0.37502370618558112,0.10018491535533834,10,5,25,69,0.29232001304626465,33747.700457771367
2026-08-30T19:48:45Z,NVIDIA H200 NVL,full,dyadic_sign_fused,Sign-fused decoder,hot_uniform,reverse,dot,67108864,512,256,32,fp64,shared,32,512,0.375,0.26656633816317843,8.2807967662811279,0.37502370618558112,0.10018491535533834,10,5,26,69,0.29353600740432739,33747.700457771367
2026-08-30T19:48:45Z,NVIDIA H200 NVL,full,dyadic_sign_fused,Sign-fused decoder,hot_uniform,reverse,dot,67108864,512,256,32,fp64,shared,32,512,0.375,0.26656633816317843,8.2807967662811279,0.37502370618558112,0.10018491535533834,10,5,27,69,0.29523199796676636,33747.700457771367
2026-08-30T19:48:45Z,NVIDIA H200 NVL,full,dyadic_sign_fused,Sign-fused decoder,hot_uniform,reverse,dot,67108864,512,256,32,fp64,shared,32,512,0.375,0.26656633816317843,8.2807967662811279,0.37502370618558112,0.10018491535533834,10,5,28,69,0.29251199960708618,33747.700457771367
2026-08-30T19:48:45Z,NVIDIA H200 NVL,full,dyadic_sign_fused,Sign-fused decoder,hot_uniform,reverse,dot,67108864,512,256,32,fp64,shared,32,512,0.375,0.26656633816317843,8.2807967662811279,0.37502370618558112,0.10018491535533834,10,5,29,69,0.29356798529624939,33747.700457771367
2026-08-30T19:48:45Z,NVIDIA H200 NVL,full,dyadic_sign_fused,Sign-fused decoder,hot_uniform,reverse,dot,67108864,512,256,32,fp64,shared,32,512,0.375,0.26656633816317843,8.2807967662811279,0.37502370618558112,0.10018491535533834,10,5,30,69,0.29203200340270996,33747.700457771367
2026-08-30T19:48:45Z,NVIDIA H200 NVL,full,dyadic_sign_fused,Sign-fused decoder,hot_uniform,reverse,dot,67108864,512,256,32,fp64,shared,32,512,0.375,0.26656633816317843,8.2807967662811279,0.37502370618558112,0.10018491535533834,10,5,31,69,0.29513600468635559,33747.700457771367
2026-08-30T19:48:45Z,NVIDIA H200 NVL,full,dyadic_sign_fused,Sign-fused decoder,hot_uniform,reverse,dot,67108864,512,256,32,fp64,shared,32,512,0.375,0.26656633816317843,8.2807967662811279,0.37502370618558112,0.10018491535533834,10,5,32,69,0.29440000653266907,33747.700457771367
2026-08-30T19:48:45Z,NVIDIA H200 NVL,full,dyadic_sign_fused,Sign-fused decoder,hot_uniform,reverse,dot,67108864,512,256,32,fp64,shared,32,512,0.375,0.26656633816317843,8.2807967662811279,0.37502370618558112,0.10018491535533834,10,5,33,69,0.29203200340270996,33747.700457771367
2026-08-30T19:48:45Z,NVIDIA H200 NVL,full,dyadic_sign_fused,Sign-fused decoder,hot_uniform,reverse,dot,67108864,512,256,32,fp64,shared,32,512,0.375,0.26656633816317843,8.2807967662811279,0.37502370618558112,0.10018491535533834,10,5,34,69,0.29436799883842468,33747.700457771367
2026-08-30T19:48:45Z,NVIDIA H200 NVL,full,dyadic_sign_fused,Sign-fused decoder,hot_uniform,reverse,dot,67108864,512,256,32,fp64,shared,32,512,0.375,0.26656633816317843,8.2807967662811279,0.37502370618558112,0.10018491535533834,10,5,35,69,0.29526400566101074,33747.700457771367
2026-08-30T19:48:45Z,NVIDIA H200 NVL,full,dyadic_sign_fused,Sign-fused decoder,hot_uniform,reverse,dot,67108864,512,256,32,fp64,shared,32,512,0.375,0.26656633816317843,8.2807967662811279,0.37502370618558112,0.10018491535533834,10,5,36,69,0.29356798529624939,33747.700457771367
2026-08-30T19:48:45Z,NVIDIA H200 NVL,full,dyadic_sign_fused,Sign-fused decoder,hot_uniform,reverse,dot,67108864,512,256,32,fp64,shared,32,512,0.375,0.26656633816317843,8.2807967662811279,0.37502370618558112,0.10018491535533834,10,5,37,69,0.29292801022529602,33747.700457771367
2026-08-30T19:48:45Z,NVIDIA H200 NVL,full,dyadic_sign_fused,Sign-fused decoder,hot_uniform,reverse,dot,67108864,512,256,32,fp64,shared,32,512,0.375,0.26656633816317843,8.2807967662811279,0.37502370618558112,0.10018491535533834,10,5,38,69,0.29305601119995117,33747.700457771367
2026-08-30T19:48:45Z,NVIDIA H200 NVL,full,dyadic_sign_fused,Sign-fused decoder,hot_uniform,reverse,dot,67108864,512,256,32,fp64,shared,32,512,0.375,0.26656633816317843,8.2807967662811279,0.37502370618558112,0.10018491535533834,10,5,39,69,0.29401600360870361,33747.700457771367
2026-08-30T19:48:45Z,NVIDIA H200 NVL,full,dyadic_sign_fused,Sign-fused decoder,hot_uniform,reverse,dot,67108864,512,256,32,fp64,shared,32,512,0.375,0.26656633816317843,8.2807967662811279,0.37502370618558112,0.10018491535533834,10,5,40,69,0.29321599006652832,33747.700457771367
2026-08-30T19:48:45Z,NVIDIA H200 NVL,full,dyadic_sign_fused,Sign-fused decoder,hot_uniform,reverse,dot,67108864,512,256,32,fp64,shared,32,512,0.375,0.26656633816317843,8.2807967662811279,0.37502370618558112,0.10018491535533834,10,5,41,69,0.29535999894142151,33747.700457771367
2026-08-30T19:48:45Z,NVIDIA H200 NVL,full,dyadic_sign_fused,Sign-fused decoder,hot_uniform,reverse,dot,67108864,512,256,32,fp64,shared,32,512,0.375,0.26656633816317843,8.2807967662811279,0.37502370618558112,0.10018491535533834,10,5,42,69,0.29689601063728333,33747.700457771367
2026-08-30T19:48:45Z,NVIDIA H200 NVL,full,dyadic_sign_fused,Sign-fused decoder,hot_uniform,reverse,dot,67108864,512,256,32,fp64,shared,32,512,0.375,0.26656633816317843,8.2807967662811279,0.37502370618558112,0.10018491535533834,10,5,43,69,0.29548799991607666,33747.700457771367
2026-08-30T19:48:45Z,NVIDIA H200 NVL,full,dyadic_sign_fused,Sign-fused decoder,hot_uniform,reverse,dot,67108864,512,256,32,fp64,shared,32,512,0.375,0.26656633816317843,8.2807967662811279,0.37502370618558112,0.10018491535533834,10,5,44,69,0.29350399971008301,33747.700457771367
2026-08-30T19:48:45Z,NVIDIA H200 NVL,full,dyadic_sign_fused,Sign-fused decoder,hot_uniform,reverse,dot,67108864,512,256,32,fp64,shared,32,512,0.375,0.26656633816317843,8.2807967662811279,0.37502370618558112,0.10018491535533834,10,5,45,69,0.29353600740432739,33747.700457771367
2026-08-30T19:48:45Z,NVIDIA H200 NVL,full,dyadic_sign_fused,Sign-fused decoder,hot_uniform,reverse,dot,67108864,512,256,32,fp64,shared,32,512,0.375,0.26656633816317843,8.2807967662811279,0.37502370618558112,0.10018491535533834,10,5,46,69,0.29407998919487,33747.700457771367
2026-08-30T19:48:45Z,NVIDIA H200 NVL,full,dyadic_sign_fused,Sign-fused decoder,hot_uniform,reverse,dot,67108864,512,256,32,fp64,shared,32,512,0.375,0.26656633816317843,8.2807967662811279,0.37502370618558112,0.10018491535533834,10,5,47,69,0.29414400458335876,33747.700457771367
2026-08-30T19:48:45Z,NVIDIA H200 NVL,full,dyadic_sign_fused,Sign-fused decoder,hot_uniform,reverse,dot,67108864,512,256,32,fp64,shared,32,512,0.375,0.26656633816317843,8.2807967662811279,0.37502370618558112,0.10018491535533834,10,5,48,69,0.29286399483680725,33747.700457771367
2026-08-30T19:48:45Z,NVIDIA H200 NVL,full,dyadic_sign_fused,Sign-fused decoder,hot_uniform,reverse,dot,67108864,512,256,32,fp64,shared,32,512,0.375,0.26656633816317843,8.2807967662811279,0.37502370618558112,0.10018491535533834,10,5,49,69,0.29465600848197937,33747.700457771367
2026-08-30T19:48:45Z,NVIDIA H200 NVL,full,dyadic_normal32,Current DyadicNormal32,hot_uniform,reverse,dot,67108864,512,256,32,fp64,shared,32,512,0.375,0.26656633816317843,8.2807967662811279,0.37502370618558112,0.10018491535533834,10,5,25,70,0.29356798529624939,33747.700457771367
2026-08-30T19:48:45Z,NVIDIA H200 NVL,full,dyadic_normal32,Current DyadicNormal32,hot_uniform,reverse,dot,67108864,512,256,32,fp64,shared,32,512,0.375,0.26656633816317843,8.2807967662811279,0.37502370618558112,0.10018491535533834,10,5,26,70,0.2961600124835968,33747.700457771367
2026-08-30T19:48:45Z,NVIDIA H200 NVL,full,dyadic_normal32,Current DyadicNormal32,hot_uniform,reverse,dot,67108864,512,256,32,fp64,shared,32,512,0.375,0.26656633816317843,8.2807967662811279,0.37502370618558112,0.10018491535533834,10,5,27,70,0.29577600955963135,33747.700457771367
2026-08-30T19:48:45Z,NVIDIA H200 NVL,full,dyadic_normal32,Current DyadicNormal32,hot_uniform,reverse,dot,67108864,512,256,32,fp64,shared,32,512,0.375,0.26656633816317843,8.2807967662811279,0.37502370618558112,0.10018491535533834,10,5,28,70,0.29535999894142151,33747.700457771367
2026-08-30T19:48:45Z,NVIDIA H200 NVL,full,dyadic_normal32,Current DyadicNormal32,hot_uniform,reverse,dot,67108864,512,256,32,fp64,shared,32,512,0.375,0.26656633816317843,8.2807967662811279,0.37502370618558112,0.10018491535533834,10,5,29,70,0.29504001140594482,33747.700457771367
2026-08-30T19:48:45Z,NVIDIA H200 NVL,full,dyadic_normal32,Current DyadicNormal32,hot_uniform,reverse,dot,67108864,512,256,32,fp64,shared,32,512,0.375,0.26656633816317843,8.2807967662811279,0.37502370618558112,0.10018491535533834,10,5,30,70,0.29414400458335876,33747.700457771367
2026-08-30T19:48:45Z,NVIDIA H200 NVL,full,dyadic_normal32,Current DyadicNormal32,hot_uniform,reverse,dot,67108864,512,256,32,fp64,shared,32,512,0.375,0.26656633816317843,8.2807967662811279,0.37502370618558112,0.10018491535533834,10,5,31,70,0.29651200771331787,33747.700457771367
2026-08-30T19:48:45Z,NVIDIA H200 NVL,full,dyadic_normal32,Current DyadicNormal32,hot_uniform,reverse,dot,67108864,512,256,32,fp64,shared,32,512,0.375,0.26656633816317843,8.2807967662811279,0.37502370618558112,0.10018491535533834,10,5,32,70,0.29423999786376953,33747.700457771367
2026-08-30T19:48:45Z,NVIDIA H200 NVL,full,dyadic_normal32,Current DyadicNormal32,hot_uniform,reverse,dot,67108864,512,256,32,fp64,shared,32,512,0.375,0.26656633816317843,8.2807967662811279,0.37502370618558112,0.10018491535533834,10,5,33,70,0.29455998539924622,33747.700457771367
2026-08-30T19:48:45Z,NVIDIA H200 NVL,full,dyadic_normal32,Current DyadicNormal32,hot_uniform,reverse,dot,67108864,512,256,32,fp64,shared,32,512,0.375,0.26656633816317843,8.2807967662811279,0.37502370618558112,0.10018491535533834,10,5,34,70,0.29545599222183228,33747.700457771367
2026-08-30T19:48:45Z,NVIDIA H200 NVL,full,dyadic_normal32,Current DyadicNormal32,hot_uniform,reverse,dot,67108864,512,256,32,fp64,shared,32,512,0.375,0.26656633816317843,8.2807967662811279,0.37502370618558112,0.10018491535533834,10,5,35,70,0.29539200663566589,33747.700457771367
2026-08-30T19:48:46Z,NVIDIA H200 NVL,full,dyadic_normal32,Current DyadicNormal32,hot_uniform,reverse,dot,67108864,512,256,32,fp64,shared,32,512,0.375,0.26656633816317843,8.2807967662811279,0.37502370618558112,0.10018491535533834,10,5,36,70,0.2945919930934906,33747.700457771367
2026-08-30T19:48:46Z,NVIDIA H200 NVL,full,dyadic_normal32,Current DyadicNormal32,hot_uniform,reverse,dot,67108864,512,256,32,fp64,shared,32,512,0.375,0.26656633816317843,8.2807967662811279,0.37502370618558112,0.10018491535533834,10,5,37,70,0.29552000761032104,33747.700457771367
2026-08-30T19:48:46Z,NVIDIA H200 NVL,full,dyadic_normal32,Current DyadicNormal32,hot_uniform,reverse,dot,67108864,512,256,32,fp64,shared,32,512,0.375,0.26656633816317843,8.2807967662811279,0.37502370618558112,0.10018491535533834,10,5,38,70,0.2948479950428009,33747.700457771367
2026-08-30T19:48:46Z,NVIDIA H200 NVL,full,dyadic_normal32,Current DyadicNormal32,hot_uniform,reverse,dot,67108864,512,256,32,fp64,shared,32,512,0.375,0.26656633816317843,8.2807967662811279,0.37502370618558112,0.10018491535533834,10,5,39,70,0.29526400566101074,33747.700457771367
2026-08-30T19:48:46Z,NVIDIA H200 NVL,full,dyadic_normal32,Current DyadicNormal32,hot_uniform,reverse,dot,67108864,512,256,32,fp64,shared,32,512,0.375,0.26656633816317843,8.2807967662811279,0.37502370618558112,0.10018491535533834,10,5,40,70,0.2959040105342865,33747.700457771367
2026-08-30T19:48:46Z,NVIDIA H200 NVL,full,dyadic_normal32,Current DyadicNormal32,hot_uniform,reverse,dot,67108864,512,256,32,fp64,shared,32,512,0.375,0.26656633816317843,8.2807967662811279,0.37502370618558112,0.10018491535533834,10,5,41,70,0.29628801345825195,33747.700457771367
2026-08-30T19:48:46Z,NVIDIA H200 NVL,full,dyadic_normal32,Current DyadicNormal32,hot_uniform,reverse,dot,67108864,512,256,32,fp64,shared,32,512,0.375,0.26656633816317843,8.2807967662811279,0.37502370618558112,0.10018491535533834,10,5,42,70,0.29446399211883545,33747.700457771367
2026-08-30T19:48:46Z,NVIDIA H200 NVL,full,dyadic_normal32,Current DyadicNormal32,hot_uniform,reverse,dot,67108864,512,256,32,fp64,shared,32,512,0.375,0.26656633816317843,8.2807967662811279,0.37502370618558112,0.10018491535533834,10,5,43,70,0.29548799991607666,33747.700457771367
2026-08-30T19:48:46Z,NVIDIA H200 NVL,full,dyadic_normal32,Current DyadicNormal32,hot_uniform,reverse,dot,67108864,512,256,32,fp64,shared,32,512,0.375,0.26656633816317843,8.2807967662811279,0.37502370618558112,0.10018491535533834,10,5,44,70,0.29625600576400757,33747.700457771367
2026-08-30T19:48:46Z,NVIDIA H200 NVL,full,dyadic_normal32,Current DyadicNormal32,hot_uniform,reverse,dot,67108864,512,256,32,fp64,shared,32,512,0.375,0.26656633816317843,8.2807967662811279,0.37502370618558112,0.10018491535533834,10,5,45,70,0.29529601335525513,33747.700457771367
2026-08-30T19:48:46Z,NVIDIA H200 NVL,full,dyadic_normal32,Current DyadicNormal32,hot_uniform,reverse,dot,67108864,512,256,32,fp64,shared,32,512,0.375,0.26656633816317843,8.2807967662811279,0.37502370618558112,0.10018491535533834,10,5,46,70,0.29510399699211121,33747.700457771367
2026-08-30T19:48:46Z,NVIDIA H200 NVL,full,dyadic_normal32,Current DyadicNormal32,hot_uniform,reverse,dot,67108864,512,256,32,fp64,shared,32,512,0.375,0.26656633816317843,8.2807967662811279,0.37502370618558112,0.10018491535533834,10,5,47,70,0.29504001140594482,33747.700457771367
2026-08-30T19:48:46Z,NVIDIA H200 NVL,full,dyadic_normal32,Current DyadicNormal32,hot_uniform,reverse,dot,67108864,512,256,32,fp64,shared,32,512,0.375,0.26656633816317843,8.2807967662811279,0.37502370618558112,0.10018491535533834,10,5,48,70,0.29567998647689819,33747.700457771367
2026-08-30T19:48:46Z,NVIDIA H200 NVL,full,dyadic_normal32,Current DyadicNormal32,hot_uniform,reverse,dot,67108864,512,256,32,fp64,shared,32,512,0.375,0.26656633816317843,8.2807967662811279,0.37502370618558112,0.10018491535533834,10,5,49,70,0.29788801074028015,33747.700457771367
2026-08-30T19:48:46Z,NVIDIA H200 NVL,full,dyadic_bitcast_constant,BitCast decoder with constant coefficients,hot_uniform,reverse,dot,67108864,512,256,32,fp64,constant,32,512,0.25,0.16982185517023218,5.8536875247955322,0.25000668781821839,0.10018491535533834,10,5,25,71,0.49305599927902222,-21325.979486697368
2026-08-30T19:48:46Z,NVIDIA H200 NVL,full,dyadic_bitcast_constant,BitCast decoder with constant coefficients,hot_uniform,reverse,dot,67108864,512,256,32,fp64,constant,32,512,0.25,0.16982185517023218,5.8536875247955322,0.25000668781821839,0.10018491535533834,10,5,26,71,0.49622398614883423,-21325.979486697368
2026-08-30T19:48:46Z,NVIDIA H200 NVL,full,dyadic_bitcast_constant,BitCast decoder with constant coefficients,hot_uniform,reverse,dot,67108864,512,256,32,fp64,constant,32,512,0.25,0.16982185517023218,5.8536875247955322,0.25000668781821839,0.10018491535533834,10,5,27,71,0.49775999784469604,-21325.979486697368
2026-08-30T19:48:46Z,NVIDIA H200 NVL,full,dyadic_bitcast_constant,BitCast decoder with constant coefficients,hot_uniform,reverse,dot,67108864,512,256,32,fp64,constant,32,512,0.25,0.16982185517023218,5.8536875247955322,0.25000668781821839,0.10018491535533834,10,5,28,71,0.49846398830413818,-21325.979486697368
2026-08-30T19:48:46Z,NVIDIA H200 NVL,full,dyadic_bitcast_constant,BitCast decoder with constant coefficients,hot_uniform,reverse,dot,67108864,512,256,32,fp64,constant,32,512,0.25,0.16982185517023218,5.8536875247955322,0.25000668781821839,0.10018491535533834,10,5,29,71,0.4960319995880127,-21325.979486697368
2026-08-30T19:48:46Z,NVIDIA H200 NVL,full,dyadic_bitcast_constant,BitCast decoder with constant coefficients,hot_uniform,reverse,dot,67108864,512,256,32,fp64,constant,32,512,0.25,0.16982185517023218,5.8536875247955322,0.25000668781821839,0.10018491535533834,10,5,30,71,0.4986560046672821,-21325.979486697368
2026-08-30T19:48:46Z,NVIDIA H200 NVL,full,dyadic_bitcast_constant,BitCast decoder with constant coefficients,hot_uniform,reverse,dot,67108864,512,256,32,fp64,constant,32,512,0.25,0.16982185517023218,5.8536875247955322,0.25000668781821839,0.10018491535533834,10,5,31,71,0.49747198820114136,-21325.979486697368
2026-08-30T19:48:46Z,NVIDIA H200 NVL,full,dyadic_bitcast_constant,BitCast decoder with constant coefficients,hot_uniform,reverse,dot,67108864,512,256,32,fp64,constant,32,512,0.25,0.16982185517023218,5.8536875247955322,0.25000668781821839,0.10018491535533834,10,5,32,71,0.49673599004745483,-21325.979486697368
2026-08-30T19:48:46Z,NVIDIA H200 NVL,full,dyadic_bitcast_constant,BitCast decoder with constant coefficients,hot_uniform,reverse,dot,67108864,512,256,32,fp64,constant,32,512,0.25,0.16982185517023218,5.8536875247955322,0.25000668781821839,0.10018491535533834,10,5,33,71,0.49513599276542664,-21325.979486697368
2026-08-30T19:48:46Z,NVIDIA H200 NVL,full,dyadic_bitcast_constant,BitCast decoder with constant coefficients,hot_uniform,reverse,dot,67108864,512,256,32,fp64,constant,32,512,0.25,0.16982185517023218,5.8536875247955322,0.25000668781821839,0.10018491535533834,10,5,34,71,0.49670401215553284,-21325.979486697368
2026-08-30T19:48:46Z,NVIDIA H200 NVL,full,dyadic_bitcast_constant,BitCast decoder with constant coefficients,hot_uniform,reverse,dot,67108864,512,256,32,fp64,constant,32,512,0.25,0.16982185517023218,5.8536875247955322,0.25000668781821839,0.10018491535533834,10,5,35,71,0.4981440007686615,-21325.979486697368
2026-08-30T19:48:46Z,NVIDIA H200 NVL,full,dyadic_bitcast_constant,BitCast decoder with constant coefficients,hot_uniform,reverse,dot,67108864,512,256,32,fp64,constant,32,512,0.25,0.16982185517023218,5.8536875247955322,0.25000668781821839,0.10018491535533834,10,5,36,71,0.49584001302719116,-21325.979486697368
2026-08-30T19:48:46Z,NVIDIA H200 NVL,full,dyadic_bitcast_constant,BitCast decoder with constant coefficients,hot_uniform,reverse,dot,67108864,512,256,32,fp64,constant,32,512,0.25,0.16982185517023218,5.8536875247955322,0.25000668781821839,0.10018491535533834,10,5,37,71,0.49884799122810364,-21325.979486697368
2026-08-30T19:48:46Z,NVIDIA H200 NVL,full,dyadic_bitcast_constant,BitCast decoder with constant coefficients,hot_uniform,reverse,dot,67108864,512,256,32,fp64,constant,32,512,0.25,0.16982185517023218,5.8536875247955322,0.25000668781821839,0.10018491535533834,10,5,38,71,0.49852800369262695,-21325.979486697368
2026-08-30T19:48:46Z,NVIDIA H200 NVL,full,dyadic_bitcast_constant,BitCast decoder with constant coefficients,hot_uniform,reverse,dot,67108864,512,256,32,fp64,constant,32,512,0.25,0.16982185517023218,5.8536875247955322,0.25000668781821839,0.10018491535533834,10,5,39,71,0.49798399209976196,-21325.979486697368
2026-08-30T19:48:46Z,NVIDIA H200 NVL,full,dyadic_bitcast_constant,BitCast decoder with constant coefficients,hot_uniform,reverse,dot,67108864,512,256,32,fp64,constant,32,512,0.25,0.16982185517023218,5.8536875247955322,0.25000668781821839,0.10018491535533834,10,5,40,71,0.49439999461174011,-21325.979486697368
2026-08-30T19:48:46Z,NVIDIA H200 NVL,full,dyadic_bitcast_constant,BitCast decoder with constant coefficients,hot_uniform,reverse,dot,67108864,512,256,32,fp64,constant,32,512,0.25,0.16982185517023218,5.8536875247955322,0.25000668781821839,0.10018491535533834,10,5,41,71,0.49564799666404724,-21325.979486697368
2026-08-30T19:48:46Z,NVIDIA H200 NVL,full,dyadic_bitcast_constant,BitCast decoder with constant coefficients,hot_uniform,reverse,dot,67108864,512,256,32,fp64,constant,32,512,0.25,0.16982185517023218,5.8536875247955322,0.25000668781821839,0.10018491535533834,10,5,42,71,0.49398401379585266,-21325.979486697368
2026-08-30T19:48:46Z,NVIDIA H200 NVL,full,dyadic_bitcast_constant,BitCast decoder with constant coefficients,hot_uniform,reverse,dot,67108864,512,256,32,fp64,constant,32,512,0.25,0.16982185517023218,5.8536875247955322,0.25000668781821839,0.10018491535533834,10,5,43,71,0.49670401215553284,-21325.979486697368
2026-08-30T19:48:46Z,NVIDIA H200 NVL,full,dyadic_bitcast_constant,BitCast decoder with constant coefficients,hot_uniform,reverse,dot,67108864,512,256,32,fp64,constant,32,512,0.25,0.16982185517023218,5.8536875247955322,0.25000668781821839,0.10018491535533834,10,5,44,71,0.49532800912857056,-21325.979486697368
2026-08-30T19:48:46Z,NVIDIA H200 NVL,full,dyadic_bitcast_constant,BitCast decoder with constant coefficients,hot_uniform,reverse,dot,67108864,512,256,32,fp64,constant,32,512,0.25,0.16982185517023218,5.8536875247955322,0.25000668781821839,0.10018491535533834,10,5,45,71,0.49900799989700317,-21325.979486697368
2026-08-30T19:48:46Z,NVIDIA H200 NVL,full,dyadic_bitcast_constant,BitCast decoder with constant coefficients,hot_uniform,reverse,dot,67108864,512,256,32,fp64,constant,32,512,0.25,0.16982185517023218,5.8536875247955322,0.25000668781821839,0.10018491535533834,10,5,46,71,0.49913600087165833,-21325.979486697368
2026-08-30T19:48:46Z,NVIDIA H200 NVL,full,dyadic_bitcast_constant,BitCast decoder with constant coefficients,hot_uniform,reverse,dot,67108864,512,256,32,fp64,constant,32,512,0.25,0.16982185517023218,5.8536875247955322,0.25000668781821839,0.10018491535533834,10,5,47,71,0.49574398994445801,-21325.979486697368
2026-08-30T19:48:46Z,NVIDIA H200 NVL,full,dyadic_bitcast_constant,BitCast decoder with constant coefficients,hot_uniform,reverse,dot,67108864,512,256,32,fp64,constant,32,512,0.25,0.16982185517023218,5.8536875247955322,0.25000668781821839,0.10018491535533834,10,5,48,71,0.49481600522994995,-21325.979486697368
2026-08-30T19:48:46Z,NVIDIA H200 NVL,full,dyadic_bitcast_constant,BitCast decoder with constant coefficients,hot_uniform,reverse,dot,67108864,512,256,32,fp64,constant,32,512,0.25,0.16982185517023218,5.8536875247955322,0.25000668781821839,0.10018491535533834,10,5,49,71,0.49548798799514771,-21325.979486697368
2026-08-30T19:48:46Z,NVIDIA H200 NVL,full,dyadic_bitcast_shared,BitCast decoder with shared coefficients,hot_uniform,reverse,dot,67108864,512,256,32,fp64,shared,32,512,0.25,0.16982185517023218,5.8536875247955322,0.25000668781821839,0.10018491535533834,10,5,25,72,0.29232001304626465,-21325.979486697368
2026-08-30T19:48:46Z,NVIDIA H200 NVL,full,dyadic_bitcast_shared,BitCast decoder with shared coefficients,hot_uniform,reverse,dot,67108864,512,256,32,fp64,shared,32,512,0.25,0.16982185517023218,5.8536875247955322,0.25000668781821839,0.10018491535533834,10,5,26,72,0.29334399104118347,-21325.979486697368
2026-08-30T19:48:46Z,NVIDIA H200 NVL,full,dyadic_bitcast_shared,BitCast decoder with shared coefficients,hot_uniform,reverse,dot,67108864,512,256,32,fp64,shared,32,512,0.25,0.16982185517023218,5.8536875247955322,0.25000668781821839,0.10018491535533834,10,5,27,72,0.29510399699211121,-21325.979486697368
2026-08-30T19:48:46Z,NVIDIA H200 NVL,full,dyadic_bitcast_shared,BitCast decoder with shared coefficients,hot_uniform,reverse,dot,67108864,512,256,32,fp64,shared,32,512,0.25,0.16982185517023218,5.8536875247955322,0.25000668781821839,0.10018491535533834,10,5,28,72,0.29369598627090454,-21325.979486697368
2026-08-30T19:48:46Z,NVIDIA H200 NVL,full,dyadic_bitcast_shared,BitCast decoder with shared coefficients,hot_uniform,reverse,dot,67108864,512,256,32,fp64,shared,32,512,0.25,0.16982185517023218,5.8536875247955322,0.25000668781821839,0.10018491535533834,10,5,29,72,0.2943359911441803,-21325.979486697368
2026-08-30T19:48:46Z,NVIDIA H200 NVL,full,dyadic_bitcast_shared,BitCast decoder with shared coefficients,hot_uniform,reverse,dot,67108864,512,256,32,fp64,shared,32,512,0.25,0.16982185517023218,5.8536875247955322,0.25000668781821839,0.10018491535533834,10,5,30,72,0.29465600848197937,-21325.979486697368
2026-08-30T19:48:46Z,NVIDIA H200 NVL,full,dyadic_bitcast_shared,BitCast decoder with shared coefficients,hot_uniform,reverse,dot,67108864,512,256,32,fp64,shared,32,512,0.25,0.16982185517023218,5.8536875247955322,0.25000668781821839,0.10018491535533834,10,5,31,72,0.29420799016952515,-21325.979486697368
2026-08-30T19:48:46Z,NVIDIA H200 NVL,full,dyadic_bitcast_shared,BitCast decoder with shared coefficients,hot_uniform,reverse,dot,67108864,512,256,32,fp64,shared,32,512,0.25,0.16982185517023218,5.8536875247955322,0.25000668781821839,0.10018491535533834,10,5,32,72,0.29388800263404846,-21325.979486697368
2026-08-30T19:48:46Z,NVIDIA H200 NVL,full,dyadic_bitcast_shared,BitCast decoder with shared coefficients,hot_uniform,reverse,dot,67108864,512,256,32,fp64,shared,32,512,0.25,0.16982185517023218,5.8536875247955322,0.25000668781821839,0.10018491535533834,10,5,33,72,0.29552000761032104,-21325.979486697368
2026-08-30T19:48:46Z,NVIDIA H200 NVL,full,dyadic_bitcast_shared,BitCast decoder with shared coefficients,hot_uniform,reverse,dot,67108864,512,256,32,fp64,shared,32,512,0.25,0.16982185517023218,5.8536875247955322,0.25000668781821839,0.10018491535533834,10,5,34,72,0.29347199201583862,-21325.979486697368
2026-08-30T19:48:46Z,NVIDIA H200 NVL,full,dyadic_bitcast_shared,BitCast decoder with shared coefficients,hot_uniform,reverse,dot,67108864,512,256,32,fp64,shared,32,512,0.25,0.16982185517023218,5.8536875247955322,0.25000668781821839,0.10018491535533834,10,5,35,72,0.29504001140594482,-21325.979486697368
2026-08-30T19:48:46Z,NVIDIA H200 NVL,full,dyadic_bitcast_shared,BitCast decoder with shared coefficients,hot_uniform,reverse,dot,67108864,512,256,32,fp64,shared,32,512,0.25,0.16982185517023218,5.8536875247955322,0.25000668781821839,0.10018491535533834,10,5,36,72,0.29315200448036194,-21325.979486697368
2026-08-30T19:48:46Z,NVIDIA H200 NVL,full,dyadic_bitcast_shared,BitCast decoder with shared coefficients,hot_uniform,reverse,dot,67108864,512,256,32,fp64,shared,32,512,0.25,0.16982185517023218,5.8536875247955322,0.25000668781821839,0.10018491535533834,10,5,37,72,0.29423999786376953,-21325.979486697368
2026-08-30T19:48:46Z,NVIDIA H200 NVL,full,dyadic_bitcast_shared,BitCast decoder with shared coefficients,hot_uniform,reverse,dot,67108864,512,256,32,fp64,shared,32,512,0.25,0.16982185517023218,5.8536875247955322,0.25000668781821839,0.10018491535533834,10,5,38,72,0.29407998919487,-21325.979486697368
2026-08-30T19:48:46Z,NVIDIA H200 NVL,full,dyadic_bitcast_shared,BitCast decoder with shared coefficients,hot_uniform,reverse,dot,67108864,512,256,32,fp64,shared,32,512,0.25,0.16982185517023218,5.8536875247955322,0.25000668781821839,0.10018491535533834,10,5,39,72,0.29443201422691345,-21325.979486697368
2026-08-30T19:48:46Z,NVIDIA H200 NVL,full,dyadic_bitcast_shared,BitCast decoder with shared coefficients,hot_uniform,reverse,dot,67108864,512,256,32,fp64,shared,32,512,0.25,0.16982185517023218,5.8536875247955322,0.25000668781821839,0.10018491535533834,10,5,40,72,0.2961919903755188,-21325.979486697368
2026-08-30T19:48:46Z,NVIDIA H200 NVL,full,dyadic_bitcast_shared,BitCast decoder with shared coefficients,hot_uniform,reverse,dot,67108864,512,256,32,fp64,shared,32,512,0.25,0.16982185517023218,5.8536875247955322,0.25000668781821839,0.10018491535533834,10,5,41,72,0.29385599493980408,-21325.979486697368
2026-08-30T19:48:46Z,NVIDIA H200 NVL,full,dyadic_bitcast_shared,BitCast decoder with shared coefficients,hot_uniform,reverse,dot,67108864,512,256,32,fp64,shared,32,512,0.25,0.16982185517023218,5.8536875247955322,0.25000668781821839,0.10018491535533834,10,5,42,72,0.29276800155639648,-21325.979486697368
2026-08-30T19:48:46Z,NVIDIA H200 NVL,full,dyadic_bitcast_shared,BitCast decoder with shared coefficients,hot_uniform,reverse,dot,67108864,512,256,32,fp64,shared,32,512,0.25,0.16982185517023218,5.8536875247955322,0.25000668781821839,0.10018491535533834,10,5,43,72,0.29401600360870361,-21325.979486697368
2026-08-30T19:48:46Z,NVIDIA H200 NVL,full,dyadic_bitcast_shared,BitCast decoder with shared coefficients,hot_uniform,reverse,dot,67108864,512,256,32,fp64,shared,32,512,0.25,0.16982185517023218,5.8536875247955322,0.25000668781821839,0.10018491535533834,10,5,44,72,0.29449599981307983,-21325.979486697368
2026-08-30T19:48:46Z,NVIDIA H200 NVL,full,dyadic_bitcast_shared,BitCast decoder with shared coefficients,hot_uniform,reverse,dot,67108864,512,256,32,fp64,shared,32,512,0.25,0.16982185517023218,5.8536875247955322,0.25000668781821839,0.10018491535533834,10,5,45,72,0.29452800750732422,-21325.979486697368
2026-08-30T19:48:46Z,NVIDIA H200 NVL,full,dyadic_bitcast_shared,BitCast decoder with shared coefficients,hot_uniform,reverse,dot,67108864,512,256,32,fp64,shared,32,512,0.25,0.16982185517023218,5.8536875247955322,0.25000668781821839,0.10018491535533834,10,5,46,72,0.29302400350570679,-21325.979486697368
2026-08-30T19:48:46Z,NVIDIA H200 NVL,full,dyadic_bitcast_shared,BitCast decoder with shared coefficients,hot_uniform,reverse,dot,67108864,512,256,32,fp64,shared,32,512,0.25,0.16982185517023218,5.8536875247955322,0.25000668781821839,0.10018491535533834,10,5,47,72,0.29526400566101074,-21325.979486697368
2026-08-30T19:48:46Z,NVIDIA H200 NVL,full,dyadic_bitcast_shared,BitCast decoder with shared coefficients,hot_uniform,reverse,dot,67108864,512,256,32,fp64,shared,32,512,0.25,0.16982185517023218,5.8536875247955322,0.25000668781821839,0.10018491535533834,10,5,48,72,0.29267200827598572,-21325.979486697368
2026-08-30T19:48:46Z,NVIDIA H200 NVL,full,dyadic_bitcast_shared,BitCast decoder with shared coefficients,hot_uniform,reverse,dot,67108864,512,256,32,fp64,shared,32,512,0.25,0.16982185517023218,5.8536875247955322,0.25000668781821839,0.10018491535533834,10,5,49,72,0.29350399971008301,-21325.979486697368
2026-08-30T19:48:46Z,NVIDIA H200 NVL,full,dyadic_sign_fused,Sign-fused decoder,hot_uniform,reverse,dot,67108864,512,256,32,fp64,shared,32,512,0.25,0.16982185517023218,5.8536875247955322,0.25000668781821839,0.10018491535533834,10,5,25,73,0.29145601391792297,-21325.979486697364
2026-08-30T19:48:46Z,NVIDIA H200 NVL,full,dyadic_sign_fused,Sign-fused decoder,hot_uniform,reverse,dot,67108864,512,256,32,fp64,shared,32,512,0.25,0.16982185517023218,5.8536875247955322,0.25000668781821839,0.10018491535533834,10,5,26,73,0.29347199201583862,-21325.979486697364
2026-08-30T19:48:46Z,NVIDIA H200 NVL,full,dyadic_sign_fused,Sign-fused decoder,hot_uniform,reverse,dot,67108864,512,256,32,fp64,shared,32,512,0.25,0.16982185517023218,5.8536875247955322,0.25000668781821839,0.10018491535533834,10,5,27,73,0.29337599873542786,-21325.979486697364
2026-08-30T19:48:46Z,NVIDIA H200 NVL,full,dyadic_sign_fused,Sign-fused decoder,hot_uniform,reverse,dot,67108864,512,256,32,fp64,shared,32,512,0.25,0.16982185517023218,5.8536875247955322,0.25000668781821839,0.10018491535533834,10,5,28,73,0.29295998811721802,-21325.979486697364
2026-08-30T19:48:46Z,NVIDIA H200 NVL,full,dyadic_sign_fused,Sign-fused decoder,hot_uniform,reverse,dot,67108864,512,256,32,fp64,shared,32,512,0.25,0.16982185517023218,5.8536875247955322,0.25000668781821839,0.10018491535533834,10,5,29,73,0.29321599006652832,-21325.979486697364
2026-08-30T19:48:46Z,NVIDIA H200 NVL,full,dyadic_sign_fused,Sign-fused decoder,hot_uniform,reverse,dot,67108864,512,256,32,fp64,shared,32,512,0.25,0.16982185517023218,5.8536875247955322,0.25000668781821839,0.10018491535533834,10,5,30,73,0.29340800642967224,-21325.979486697364
2026-08-30T19:48:46Z,NVIDIA H200 NVL,full,dyadic_sign_fused,Sign-fused decoder,hot_uniform,reverse,dot,67108864,512,256,32,fp64,shared,32,512,0.25,0.16982185517023218,5.8536875247955322,0.25000668781821839,0.10018491535533834,10,5,31,73,0.29350399971008301,-21325.979486697364
2026-08-30T19:48:46Z,NVIDIA H200 NVL,full,dyadic_sign_fused,Sign-fused decoder,hot_uniform,reverse,dot,67108864,512,256,32,fp64,shared,32,512,0.25,0.16982185517023218,5.8536875247955322,0.25000668781821839,0.10018491535533834,10,5,32,73,0.2924480140209198,-21325.979486697364
2026-08-30T19:48:46Z,NVIDIA H200 NVL,full,dyadic_sign_fused,Sign-fused decoder,hot_uniform,reverse,dot,67108864,512,256,32,fp64,shared,32,512,0.25,0.16982185517023218,5.8536875247955322,0.25000668781821839,0.10018491535533834,10,5,33,73,0.29392001032829285,-21325.979486697364
2026-08-30T19:48:46Z,NVIDIA H200 NVL,full,dyadic_sign_fused,Sign-fused decoder,hot_uniform,reverse,dot,67108864,512,256,32,fp64,shared,32,512,0.25,0.16982185517023218,5.8536875247955322,0.25000668781821839,0.10018491535533834,10,5,34,73,0.29228800535202026,-21325.979486697364
2026-08-30T19:48:46Z,NVIDIA H200 NVL,full,dyadic_sign_fused,Sign-fused decoder,hot_uniform,reverse,dot,67108864,512,256,32,fp64,shared,32,512,0.25,0.16982185517023218,5.8536875247955322,0.25000668781821839,0.10018491535533834,10,5,35,73,0.29423999786376953,-21325.979486697364
2026-08-30T19:48:46Z,NVIDIA H200 NVL,full,dyadic_sign_fused,Sign-fused decoder,hot_uniform,reverse,dot,67108864,512,256,32,fp64,shared,32,512,0.25,0.16982185517023218,5.8536875247955322,0.25000668781821839,0.10018491535533834,10,5,36,73,0.29254400730133057,-21325.979486697364
2026-08-30T19:48:46Z,NVIDIA H200 NVL,full,dyadic_sign_fused,Sign-fused decoder,hot_uniform,reverse,dot,67108864,512,256,32,fp64,shared,32,512,0.25,0.16982185517023218,5.8536875247955322,0.25000668781821839,0.10018491535533834,10,5,37,73,0.29283198714256287,-21325.979486697364
2026-08-30T19:48:46Z,NVIDIA H200 NVL,full,dyadic_sign_fused,Sign-fused decoder,hot_uniform,reverse,dot,67108864,512,256,32,fp64,shared,32,512,0.25,0.16982185517023218,5.8536875247955322,0.25000668781821839,0.10018491535533834,10,5,38,73,0.29129600524902344,-21325.979486697364
2026-08-30T19:48:46Z,NVIDIA H200 NVL,full,dyadic_sign_fused,Sign-fused decoder,hot_uniform,reverse,dot,67108864,512,256,32,fp64,shared,32,512,0.25,0.16982185517023218,5.8536875247955322,0.25000668781821839,0.10018491535533834,10,5,39,73,0.29206401109695435,-21325.979486697364
2026-08-30T19:48:46Z,NVIDIA H200 NVL,full,dyadic_sign_fused,Sign-fused decoder,hot_uniform,reverse,dot,67108864,512,256,32,fp64,shared,32,512,0.25,0.16982185517023218,5.8536875247955322,0.25000668781821839,0.10018491535533834,10,5,40,73,0.29324799776077271,-21325.979486697364
2026-08-30T19:48:46Z,NVIDIA H200 NVL,full,dyadic_sign_fused,Sign-fused decoder,hot_uniform,reverse,dot,67108864,512,256,32,fp64,shared,32,512,0.25,0.16982185517023218,5.8536875247955322,0.25000668781821839,0.10018491535533834,10,5,41,73,0.29455998539924622,-21325.979486697364
2026-08-30T19:48:46Z,NVIDIA H200 NVL,full,dyadic_sign_fused,Sign-fused decoder,hot_uniform,reverse,dot,67108864,512,256,32,fp64,shared,32,512,0.25,0.16982185517023218,5.8536875247955322,0.25000668781821839,0.10018491535533834,10,5,42,73,0.2927359938621521,-21325.979486697364
2026-08-30T19:48:46Z,NVIDIA H200 NVL,full,dyadic_sign_fused,Sign-fused decoder,hot_uniform,reverse,dot,67108864,512,256,32,fp64,shared,32,512,0.25,0.16982185517023218,5.8536875247955322,0.25000668781821839,0.10018491535533834,10,5,43,73,0.29292801022529602,-21325.979486697364
2026-08-30T19:48:46Z,NVIDIA H200 NVL,full,dyadic_sign_fused,Sign-fused decoder,hot_uniform,reverse,dot,67108864,512,256,32,fp64,shared,32,512,0.25,0.16982185517023218,5.8536875247955322,0.25000668781821839,0.10018491535533834,10,5,44,73,0.2927359938621521,-21325.979486697364
2026-08-30T19:48:46Z,NVIDIA H200 NVL,full,dyadic_sign_fused,Sign-fused decoder,hot_uniform,reverse,dot,67108864,512,256,32,fp64,shared,32,512,0.25,0.16982185517023218,5.8536875247955322,0.25000668781821839,0.10018491535533834,10,5,45,73,0.29305601119995117,-21325.979486697364
2026-08-30T19:48:46Z,NVIDIA H200 NVL,full,dyadic_sign_fused,Sign-fused decoder,hot_uniform,reverse,dot,67108864,512,256,32,fp64,shared,32,512,0.25,0.16982185517023218,5.8536875247955322,0.25000668781821839,0.10018491535533834,10,5,46,73,0.29468798637390137,-21325.979486697364
2026-08-30T19:48:46Z,NVIDIA H200 NVL,full,dyadic_sign_fused,Sign-fused decoder,hot_uniform,reverse,dot,67108864,512,256,32,fp64,shared,32,512,0.25,0.16982185517023218,5.8536875247955322,0.25000668781821839,0.10018491535533834,10,5,47,73,0.29206401109695435,-21325.979486697364
2026-08-30T19:48:46Z,NVIDIA H200 NVL,full,dyadic_sign_fused,Sign-fused decoder,hot_uniform,reverse,dot,67108864,512,256,32,fp64,shared,32,512,0.25,0.16982185517023218,5.8536875247955322,0.25000668781821839,0.10018491535533834,10,5,48,73,0.29283198714256287,-21325.979486697364
2026-08-30T19:48:46Z,NVIDIA H200 NVL,full,dyadic_sign_fused,Sign-fused decoder,hot_uniform,reverse,dot,67108864,512,256,32,fp64,shared,32,512,0.25,0.16982185517023218,5.8536875247955322,0.25000668781821839,0.10018491535533834,10,5,49,73,0.29427200555801392,-21325.979486697364
2026-08-30T19:48:46Z,NVIDIA H200 NVL,full,dyadic_normal32,Current DyadicNormal32,hot_uniform,reverse,dot,67108864,512,256,32,fp64,shared,32,512,0.25,0.16982185517023218,5.8536875247955322,0.25000668781821839,0.10018491535533834,10,5,25,74,0.29414400458335876,-21325.979486697364
2026-08-30T19:48:46Z,NVIDIA H200 NVL,full,dyadic_normal32,Current DyadicNormal32,hot_uniform,reverse,dot,67108864,512,256,32,fp64,shared,32,512,0.25,0.16982185517023218,5.8536875247955322,0.25000668781821839,0.10018491535533834,10,5,26,74,0.29376000165939331,-21325.979486697364
2026-08-30T19:48:46Z,NVIDIA H200 NVL,full,dyadic_normal32,Current DyadicNormal32,hot_uniform,reverse,dot,67108864,512,256,32,fp64,shared,32,512,0.25,0.16982185517023218,5.8536875247955322,0.25000668781821839,0.10018491535533834,10,5,27,74,0.29449599981307983,-21325.979486697364
2026-08-30T19:48:46Z,NVIDIA H200 NVL,full,dyadic_normal32,Current DyadicNormal32,hot_uniform,reverse,dot,67108864,512,256,32,fp64,shared,32,512,0.25,0.16982185517023218,5.8536875247955322,0.25000668781821839,0.10018491535533834,10,5,28,74,0.29308798909187317,-21325.979486697364
2026-08-30T19:48:46Z,NVIDIA H200 NVL,full,dyadic_normal32,Current DyadicNormal32,hot_uniform,reverse,dot,67108864,512,256,32,fp64,shared,32,512,0.25,0.16982185517023218,5.8536875247955322,0.25000668781821839,0.10018491535533834,10,5,29,74,0.29407998919487,-21325.979486697364
2026-08-30T19:48:46Z,NVIDIA H200 NVL,full,dyadic_normal32,Current DyadicNormal32,hot_uniform,reverse,dot,67108864,512,256,32,fp64,shared,32,512,0.25,0.16982185517023218,5.8536875247955322,0.25000668781821839,0.10018491535533834,10,5,30,74,0.29315200448036194,-21325.979486697364
2026-08-30T19:48:46Z,NVIDIA H200 NVL,full,dyadic_normal32,Current DyadicNormal32,hot_uniform,reverse,dot,67108864,512,256,32,fp64,shared,32,512,0.25,0.16982185517023218,5.8536875247955322,0.25000668781821839,0.10018491535533834,10,5,31,74,0.29440000653266907,-21325.979486697364
2026-08-30T19:48:46Z,NVIDIA H200 NVL,full,dyadic_normal32,Current DyadicNormal32,hot_uniform,reverse,dot,67108864,512,256,32,fp64,shared,32,512,0.25,0.16982185517023218,5.8536875247955322,0.25000668781821839,0.10018491535533834,10,5,32,74,0.29401600360870361,-21325.979486697364
2026-08-30T19:48:46Z,NVIDIA H200 NVL,full,dyadic_normal32,Current DyadicNormal32,hot_uniform,reverse,dot,67108864,512,256,32,fp64,shared,32,512,0.25,0.16982185517023218,5.8536875247955322,0.25000668781821839,0.10018491535533834,10,5,33,74,0.29743999242782593,-21325.979486697364
2026-08-30T19:48:46Z,NVIDIA H200 NVL,full,dyadic_normal32,Current DyadicNormal32,hot_uniform,reverse,dot,67108864,512,256,32,fp64,shared,32,512,0.25,0.16982185517023218,5.8536875247955322,0.25000668781821839,0.10018491535533834,10,5,34,74,0.29462400078773499,-21325.979486697364
2026-08-30T19:48:46Z,NVIDIA H200 NVL,full,dyadic_normal32,Current DyadicNormal32,hot_uniform,reverse,dot,67108864,512,256,32,fp64,shared,32,512,0.25,0.16982185517023218,5.8536875247955322,0.25000668781821839,0.10018491535533834,10,5,35,74,0.29427200555801392,-21325.979486697364
2026-08-30T19:48:46Z,NVIDIA H200 NVL,full,dyadic_normal32,Current DyadicNormal32,hot_uniform,reverse,dot,67108864,512,256,32,fp64,shared,32,512,0.25,0.16982185517023218,5.8536875247955322,0.25000668781821839,0.10018491535533834,10,5,36,74,0.2943359911441803,-21325.979486697364
2026-08-30T19:48:46Z,NVIDIA H200 NVL,full,dyadic_normal32,Current DyadicNormal32,hot_uniform,reverse,dot,67108864,512,256,32,fp64,shared,32,512,0.25,0.16982185517023218,5.8536875247955322,0.25000668781821839,0.10018491535533834,10,5,37,74,0.29580798745155334,-21325.979486697364
2026-08-30T19:48:46Z,NVIDIA H200 NVL,full,dyadic_normal32,Current DyadicNormal32,hot_uniform,reverse,dot,67108864,512,256,32,fp64,shared,32,512,0.25,0.16982185517023218,5.8536875247955322,0.25000668781821839,0.10018491535533834,10,5,38,74,0.29427200555801392,-21325.979486697364
2026-08-30T19:48:46Z,NVIDIA H200 NVL,full,dyadic_normal32,Current DyadicNormal32,hot_uniform,reverse,dot,67108864,512,256,32,fp64,shared,32,512,0.25,0.16982185517023218,5.8536875247955322,0.25000668781821839,0.10018491535533834,10,5,39,74,0.29526400566101074,-21325.979486697364
2026-08-30T19:48:46Z,NVIDIA H200 NVL,full,dyadic_normal32,Current DyadicNormal32,hot_uniform,reverse,dot,67108864,512,256,32,fp64,shared,32,512,0.25,0.16982185517023218,5.8536875247955322,0.25000668781821839,0.10018491535533834,10,5,40,74,0.29388800263404846,-21325.979486697364
2026-08-30T19:48:46Z,NVIDIA H200 NVL,full,dyadic_normal32,Current DyadicNormal32,hot_uniform,reverse,dot,67108864,512,256,32,fp64,shared,32,512,0.25,0.16982185517023218,5.8536875247955322,0.25000668781821839,0.10018491535533834,10,5,41,74,0.29500800371170044,-21325.979486697364
2026-08-30T19:48:46Z,NVIDIA H200 NVL,full,dyadic_normal32,Current DyadicNormal32,hot_uniform,reverse,dot,67108864,512,256,32,fp64,shared,32,512,0.25,0.16982185517023218,5.8536875247955322,0.25000668781821839,0.10018491535533834,10,5,42,74,0.294048011302948,-21325.979486697364
2026-08-30T19:48:46Z,NVIDIA H200 NVL,full,dyadic_normal32,Current DyadicNormal32,hot_uniform,reverse,dot,67108864,512,256,32,fp64,shared,32,512,0.25,0.16982185517023218,5.8536875247955322,0.25000668781821839,0.10018491535533834,10,5,43,74,0.29411199688911438,-21325.979486697364
2026-08-30T19:48:46Z,NVIDIA H200 NVL,full,dyadic_normal32,Current DyadicNormal32,hot_uniform,reverse,dot,67108864,512,256,32,fp64,shared,32,512,0.25,0.16982185517023218,5.8536875247955322,0.25000668781821839,0.10018491535533834,10,5,44,74,0.29475200176239014,-21325.979486697364
2026-08-30T19:48:46Z,NVIDIA H200 NVL,full,dyadic_normal32,Current DyadicNormal32,hot_uniform,reverse,dot,67108864,512,256,32,fp64,shared,32,512,0.25,0.16982185517023218,5.8536875247955322,0.25000668781821839,0.10018491535533834,10,5,45,74,0.2964479923248291,-21325.979486697364
2026-08-30T19:48:46Z,NVIDIA H200 NVL,full,dyadic_normal32,Current DyadicNormal32,hot_uniform,reverse,dot,67108864,512,256,32,fp64,shared,32,512,0.25,0.16982185517023218,5.8536875247955322,0.25000668781821839,0.10018491535533834,10,5,46,74,0.29574400186538696,-21325.979486697364
2026-08-30T19:48:46Z,NVIDIA H200 NVL,full,dyadic_normal32,Current DyadicNormal32,hot_uniform,reverse,dot,67108864,512,256,32,fp64,shared,32,512,0.25,0.16982185517023218,5.8536875247955322,0.25000668781821839,0.10018491535533834,10,5,47,74,0.29510399699211121,-21325.979486697364
2026-08-30T19:48:46Z,NVIDIA H200 NVL,full,dyadic_normal32,Current DyadicNormal32,hot_uniform,reverse,dot,67108864,512,256,32,fp64,shared,32,512,0.25,0.16982185517023218,5.8536875247955322,0.25000668781821839,0.10018491535533834,10,5,48,74,0.29497599601745605,-21325.979486697364
2026-08-30T19:48:46Z,NVIDIA H200 NVL,full,dyadic_normal32,Current DyadicNormal32,hot_uniform,reverse,dot,67108864,512,256,32,fp64,shared,32,512,0.25,0.16982185517023218,5.8536875247955322,0.25000668781821839,0.10018491535533834,10,5,49,74,0.29519999027252197,-21325.979486697364
2026-08-30T19:48:46Z,NVIDIA H200 NVL,full,dyadic_bitcast_constant,BitCast decoder with constant coefficients,hot_uniform,reverse,dot,67108864,512,256,32,fp64,constant,32,512,0.125,0.081413507483167891,3.4263260364532471,0.12497667656640832,0.10018491535533834,10,5,25,75,0.32409599423408508,-29533.982426821764
2026-08-30T19:48:46Z,NVIDIA H200 NVL,full,dyadic_bitcast_constant,BitCast decoder with constant coefficients,hot_uniform,reverse,dot,67108864,512,256,32,fp64,constant,32,512,0.125,0.081413507483167891,3.4263260364532471,0.12497667656640832,0.10018491535533834,10,5,26,75,0.32703998684883118,-29533.982426821764
2026-08-30T19:48:46Z,NVIDIA H200 NVL,full,dyadic_bitcast_constant,BitCast decoder with constant coefficients,hot_uniform,reverse,dot,67108864,512,256,32,fp64,constant,32,512,0.125,0.081413507483167891,3.4263260364532471,0.12497667656640832,0.10018491535533834,10,5,27,75,0.32825601100921631,-29533.982426821764
2026-08-30T19:48:46Z,NVIDIA H200 NVL,full,dyadic_bitcast_constant,BitCast decoder with constant coefficients,hot_uniform,reverse,dot,67108864,512,256,32,fp64,constant,32,512,0.125,0.081413507483167891,3.4263260364532471,0.12497667656640832,0.10018491535533834,10,5,28,75,0.32675200700759888,-29533.982426821764
2026-08-30T19:48:46Z,NVIDIA H200 NVL,full,dyadic_bitcast_constant,BitCast decoder with constant coefficients,hot_uniform,reverse,dot,67108864,512,256,32,fp64,constant,32,512,0.125,0.081413507483167891,3.4263260364532471,0.12497667656640832,0.10018491535533834,10,5,29,75,0.32752001285552979,-29533.982426821764
2026-08-30T19:48:46Z,NVIDIA H200 NVL,full,dyadic_bitcast_constant,BitCast decoder with constant coefficients,hot_uniform,reverse,dot,67108864,512,256,32,fp64,constant,32,512,0.125,0.081413507483167891,3.4263260364532471,0.12497667656640832,0.10018491535533834,10,5,30,75,0.32579201459884644,-29533.982426821764
2026-08-30T19:48:46Z,NVIDIA H200 NVL,full,dyadic_bitcast_constant,BitCast decoder with constant coefficients,hot_uniform,reverse,dot,67108864,512,256,32,fp64,constant,32,512,0.125,0.081413507483167891,3.4263260364532471,0.12497667656640832,0.10018491535533834,10,5,31,75,0.32912001013755798,-29533.982426821764
2026-08-30T19:48:46Z,NVIDIA H200 NVL,full,dyadic_bitcast_constant,BitCast decoder with constant coefficients,hot_uniform,reverse,dot,67108864,512,256,32,fp64,constant,32,512,0.125,0.081413507483167891,3.4263260364532471,0.12497667656640832,0.10018491535533834,10,5,32,75,0.3272320032119751,-29533.982426821764
2026-08-30T19:48:46Z,NVIDIA H200 NVL,full,dyadic_bitcast_constant,BitCast decoder with constant coefficients,hot_uniform,reverse,dot,67108864,512,256,32,fp64,constant,32,512,0.125,0.081413507483167891,3.4263260364532471,0.12497667656640832,0.10018491535533834,10,5,33,75,0.32684800028800964,-29533.982426821764
2026-08-30T19:48:46Z,NVIDIA H200 NVL,full,dyadic_bitcast_constant,BitCast decoder with constant coefficients,hot_uniform,reverse,dot,67108864,512,256,32,fp64,constant,32,512,0.125,0.081413507483167891,3.4263260364532471,0.12497667656640832,0.10018491535533834,10,5,34,75,0.32585600018501282,-29533.982426821764
2026-08-30T19:48:46Z,NVIDIA H200 NVL,full,dyadic_bitcast_constant,BitCast decoder with constant coefficients,hot_uniform,reverse,dot,67108864,512,256,32,fp64,constant,32,512,0.125,0.081413507483167891,3.4263260364532471,0.12497667656640832,0.10018491535533834,10,5,35,75,0.32675200700759888,-29533.982426821764
2026-08-30T19:48:46Z,NVIDIA H200 NVL,full,dyadic_bitcast_constant,BitCast decoder with constant coefficients,hot_uniform,reverse,dot,67108864,512,256,32,fp64,constant,32,512,0.125,0.081413507483167891,3.4263260364532471,0.12497667656640832,0.10018491535533834,10,5,36,75,0.32825601100921631,-29533.982426821764
2026-08-30T19:48:46Z,NVIDIA H200 NVL,full,dyadic_bitcast_constant,BitCast decoder with constant coefficients,hot_uniform,reverse,dot,67108864,512,256,32,fp64,constant,32,512,0.125,0.081413507483167891,3.4263260364532471,0.12497667656640832,0.10018491535533834,10,5,37,75,0.32710400223731995,-29533.982426821764
2026-08-30T19:48:46Z,NVIDIA H200 NVL,full,dyadic_bitcast_constant,BitCast decoder with constant coefficients,hot_uniform,reverse,dot,67108864,512,256,32,fp64,constant,32,512,0.125,0.081413507483167891,3.4263260364532471,0.12497667656640832,0.10018491535533834,10,5,38,75,0.32688000798225403,-29533.982426821764
2026-08-30T19:48:46Z,NVIDIA H200 NVL,full,dyadic_bitcast_constant,BitCast decoder with constant coefficients,hot_uniform,reverse,dot,67108864,512,256,32,fp64,constant,32,512,0.125,0.081413507483167891,3.4263260364532471,0.12497667656640832,0.10018491535533834,10,5,39,75,0.32745599746704102,-29533.982426821764
2026-08-30T19:48:46Z,NVIDIA H200 NVL,full,dyadic_bitcast_constant,BitCast decoder with constant coefficients,hot_uniform,reverse,dot,67108864,512,256,32,fp64,constant,32,512,0.125,0.081413507483167891,3.4263260364532471,0.12497667656640832,0.10018491535533834,10,5,40,75,0.32688000798225403,-29533.982426821764
2026-08-30T19:48:46Z,NVIDIA H200 NVL,full,dyadic_bitcast_constant,BitCast decoder with constant coefficients,hot_uniform,reverse,dot,67108864,512,256,32,fp64,constant,32,512,0.125,0.081413507483167891,3.4263260364532471,0.12497667656640832,0.10018491535533834,10,5,41,75,0.32630398869514465,-29533.982426821764
2026-08-30T19:48:46Z,NVIDIA H200 NVL,full,dyadic_bitcast_constant,BitCast decoder with constant coefficients,hot_uniform,reverse,dot,67108864,512,256,32,fp64,constant,32,512,0.125,0.081413507483167891,3.4263260364532471,0.12497667656640832,0.10018491535533834,10,5,42,75,0.32710400223731995,-29533.982426821764
2026-08-30T19:48:46Z,NVIDIA H200 NVL,full,dyadic_bitcast_constant,BitCast decoder with constant coefficients,hot_uniform,reverse,dot,67108864,512,256,32,fp64,constant,32,512,0.125,0.081413507483167891,3.4263260364532471,0.12497667656640832,0.10018491535533834,10,5,43,75,0.328031986951828,-29533.982426821764
2026-08-30T19:48:46Z,NVIDIA H200 NVL,full,dyadic_bitcast_constant,BitCast decoder with constant coefficients,hot_uniform,reverse,dot,67108864,512,256,32,fp64,constant,32,512,0.125,0.081413507483167891,3.4263260364532471,0.12497667656640832,0.10018491535533834,10,5,44,75,0.32745599746704102,-29533.982426821764
2026-08-30T19:48:46Z,NVIDIA H200 NVL,full,dyadic_bitcast_constant,BitCast decoder with constant coefficients,hot_uniform,reverse,dot,67108864,512,256,32,fp64,constant,32,512,0.125,0.081413507483167891,3.4263260364532471,0.12497667656640832,0.10018491535533834,10,5,45,75,0.32777601480484009,-29533.982426821764
2026-08-30T19:48:46Z,NVIDIA H200 NVL,full,dyadic_bitcast_constant,BitCast decoder with constant coefficients,hot_uniform,reverse,dot,67108864,512,256,32,fp64,constant,32,512,0.125,0.081413507483167891,3.4263260364532471,0.12497667656640832,0.10018491535533834,10,5,46,75,0.32857599854469299,-29533.982426821764
2026-08-30T19:48:46Z,NVIDIA H200 NVL,full,dyadic_bitcast_constant,BitCast decoder with constant coefficients,hot_uniform,reverse,dot,67108864,512,256,32,fp64,constant,32,512,0.125,0.081413507483167891,3.4263260364532471,0.12497667656640832,0.10018491535533834,10,5,47,75,0.32729598879814148,-29533.982426821764
2026-08-30T19:48:46Z,NVIDIA H200 NVL,full,dyadic_bitcast_constant,BitCast decoder with constant coefficients,hot_uniform,reverse,dot,67108864,512,256,32,fp64,constant,32,512,0.125,0.081413507483167891,3.4263260364532471,0.12497667656640832,0.10018491535533834,10,5,48,75,0.32607999444007874,-29533.982426821764
2026-08-30T19:48:46Z,NVIDIA H200 NVL,full,dyadic_bitcast_constant,BitCast decoder with constant coefficients,hot_uniform,reverse,dot,67108864,512,256,32,fp64,constant,32,512,0.125,0.081413507483167891,3.4263260364532471,0.12497667656640832,0.10018491535533834,10,5,49,75,0.32844799757003784,-29533.982426821764
2026-08-30T19:48:46Z,NVIDIA H200 NVL,full,dyadic_bitcast_shared,BitCast decoder with shared coefficients,hot_uniform,reverse,dot,67108864,512,256,32,fp64,shared,32,512,0.125,0.081413507483167891,3.4263260364532471,0.12497667656640832,0.10018491535533834,10,5,25,76,0.2921920120716095,-29533.982426821764
2026-08-30T19:48:46Z,NVIDIA H200 NVL,full,dyadic_bitcast_shared,BitCast decoder with shared coefficients,hot_uniform,reverse,dot,67108864,512,256,32,fp64,shared,32,512,0.125,0.081413507483167891,3.4263260364532471,0.12497667656640832,0.10018491535533834,10,5,26,76,0.29407998919487,-29533.982426821764
2026-08-30T19:48:46Z,NVIDIA H200 NVL,full,dyadic_bitcast_shared,BitCast decoder with shared coefficients,hot_uniform,reverse,dot,67108864,512,256,32,fp64,shared,32,512,0.125,0.081413507483167891,3.4263260364532471,0.12497667656640832,0.10018491535533834,10,5,27,76,0.29471999406814575,-29533.982426821764
2026-08-30T19:48:46Z,NVIDIA H200 NVL,full,dyadic_bitcast_shared,BitCast decoder with shared coefficients,hot_uniform,reverse,dot,67108864,512,256,32,fp64,shared,32,512,0.125,0.081413507483167891,3.4263260364532471,0.12497667656640832,0.10018491535533834,10,5,28,76,0.29241600632667542,-29533.982426821764
2026-08-30T19:48:46Z,NVIDIA H200 NVL,full,dyadic_bitcast_shared,BitCast decoder with shared coefficients,hot_uniform,reverse,dot,67108864,512,256,32,fp64,shared,32,512,0.125,0.081413507483167891,3.4263260364532471,0.12497667656640832,0.10018491535533834,10,5,29,76,0.29376000165939331,-29533.982426821764
2026-08-30T19:48:46Z,NVIDIA H200 NVL,full,dyadic_bitcast_shared,BitCast decoder with shared coefficients,hot_uniform,reverse,dot,67108864,512,256,32,fp64,shared,32,512,0.125,0.081413507483167891,3.4263260364532471,0.12497667656640832,0.10018491535533834,10,5,30,76,0.29311999678611755,-29533.982426821764
2026-08-30T19:48:46Z,NVIDIA H200 NVL,full,dyadic_bitcast_shared,BitCast decoder with shared coefficients,hot_uniform,reverse,dot,67108864,512,256,32,fp64,shared,32,512,0.125,0.081413507483167891,3.4263260364532471,0.12497667656640832,0.10018491535533834,10,5,31,76,0.2937920093536377,-29533.982426821764
2026-08-30T19:48:46Z,NVIDIA H200 NVL,full,dyadic_bitcast_shared,BitCast decoder with shared coefficients,hot_uniform,reverse,dot,67108864,512,256,32,fp64,shared,32,512,0.125,0.081413507483167891,3.4263260364532471,0.12497667656640832,0.10018491535533834,10,5,32,76,0.29340800642967224,-29533.982426821764
2026-08-30T19:48:46Z,NVIDIA H200 NVL,full,dyadic_bitcast_shared,BitCast decoder with shared coefficients,hot_uniform,reverse,dot,67108864,512,256,32,fp64,shared,32,512,0.125,0.081413507483167891,3.4263260364532471,0.12497667656640832,0.10018491535533834,10,5,33,76,0.29318401217460632,-29533.982426821764
2026-08-30T19:48:46Z,NVIDIA H200 NVL,full,dyadic_bitcast_shared,BitCast decoder with shared coefficients,hot_uniform,reverse,dot,67108864,512,256,32,fp64,shared,32,512,0.125,0.081413507483167891,3.4263260364532471,0.12497667656640832,0.10018491535533834,10,5,34,76,0.29199999570846558,-29533.982426821764
2026-08-30T19:48:46Z,NVIDIA H200 NVL,full,dyadic_bitcast_shared,BitCast decoder with shared coefficients,hot_uniform,reverse,dot,67108864,512,256,32,fp64,shared,32,512,0.125,0.081413507483167891,3.4263260364532471,0.12497667656640832,0.10018491535533834,10,5,35,76,0.29359999299049377,-29533.982426821764
2026-08-30T19:48:46Z,NVIDIA H200 NVL,full,dyadic_bitcast_shared,BitCast decoder with shared coefficients,hot_uniform,reverse,dot,67108864,512,256,32,fp64,shared,32,512,0.125,0.081413507483167891,3.4263260364532471,0.12497667656640832,0.10018491535533834,10,5,36,76,0.29363200068473816,-29533.982426821764
2026-08-30T19:48:46Z,NVIDIA H200 NVL,full,dyadic_bitcast_shared,BitCast decoder with shared coefficients,hot_uniform,reverse,dot,67108864,512,256,32,fp64,shared,32,512,0.125,0.081413507483167891,3.4263260364532471,0.12497667656640832,0.10018491535533834,10,5,37,76,0.29417601227760315,-29533.982426821764
2026-08-30T19:48:46Z,NVIDIA H200 NVL,full,dyadic_bitcast_shared,BitCast decoder with shared coefficients,hot_uniform,reverse,dot,67108864,512,256,32,fp64,shared,32,512,0.125,0.081413507483167891,3.4263260364532471,0.12497667656640832,0.10018491535533834,10,5,38,76,0.29174399375915527,-29533.982426821764
2026-08-30T19:48:46Z,NVIDIA H200 NVL,full,dyadic_bitcast_shared,BitCast decoder with shared coefficients,hot_uniform,reverse,dot,67108864,512,256,32,fp64,shared,32,512,0.125,0.081413507483167891,3.4263260364532471,0.12497667656640832,0.10018491535533834,10,5,39,76,0.29232001304626465,-29533.982426821764
2026-08-30T19:48:46Z,NVIDIA H200 NVL,full,dyadic_bitcast_shared,BitCast decoder with shared coefficients,hot_uniform,reverse,dot,67108864,512,256,32,fp64,shared,32,512,0.125,0.081413507483167891,3.4263260364532471,0.12497667656640832,0.10018491535533834,10,5,40,76,0.29315200448036194,-29533.982426821764
2026-08-30T19:48:46Z,NVIDIA H200 NVL,full,dyadic_bitcast_shared,BitCast decoder with shared coefficients,hot_uniform,reverse,dot,67108864,512,256,32,fp64,shared,32,512,0.125,0.081413507483167891,3.4263260364532471,0.12497667656640832,0.10018491535533834,10,5,41,76,0.29376000165939331,-29533.982426821764
2026-08-30T19:48:46Z,NVIDIA H200 NVL,full,dyadic_bitcast_shared,BitCast decoder with shared coefficients,hot_uniform,reverse,dot,67108864,512,256,32,fp64,shared,32,512,0.125,0.081413507483167891,3.4263260364532471,0.12497667656640832,0.10018491535533834,10,5,42,76,0.2943040132522583,-29533.982426821764
2026-08-30T19:48:46Z,NVIDIA H200 NVL,full,dyadic_bitcast_shared,BitCast decoder with shared coefficients,hot_uniform,reverse,dot,67108864,512,256,32,fp64,shared,32,512,0.125,0.081413507483167891,3.4263260364532471,0.12497667656640832,0.10018491535533834,10,5,43,76,0.29321599006652832,-29533.982426821764
2026-08-30T19:48:46Z,NVIDIA H200 NVL,full,dyadic_bitcast_shared,BitCast decoder with shared coefficients,hot_uniform,reverse,dot,67108864,512,256,32,fp64,shared,32,512,0.125,0.081413507483167891,3.4263260364532471,0.12497667656640832,0.10018491535533834,10,5,44,76,0.29311999678611755,-29533.982426821764
2026-08-30T19:48:46Z,NVIDIA H200 NVL,full,dyadic_bitcast_shared,BitCast decoder with shared coefficients,hot_uniform,reverse,dot,67108864,512,256,32,fp64,shared,32,512,0.125,0.081413507483167891,3.4263260364532471,0.12497667656640832,0.10018491535533834,10,5,45,76,0.29302400350570679,-29533.982426821764
2026-08-30T19:48:46Z,NVIDIA H200 NVL,full,dyadic_bitcast_shared,BitCast decoder with shared coefficients,hot_uniform,reverse,dot,67108864,512,256,32,fp64,shared,32,512,0.125,0.081413507483167891,3.4263260364532471,0.12497667656640832,0.10018491535533834,10,5,46,76,0.29305601119995117,-29533.982426821764
2026-08-30T19:48:46Z,NVIDIA H200 NVL,full,dyadic_bitcast_shared,BitCast decoder with shared coefficients,hot_uniform,reverse,dot,67108864,512,256,32,fp64,shared,32,512,0.125,0.081413507483167891,3.4263260364532471,0.12497667656640832,0.10018491535533834,10,5,47,76,0.2943359911441803,-29533.982426821764
2026-08-30T19:48:46Z,NVIDIA H200 NVL,full,dyadic_bitcast_shared,BitCast decoder with shared coefficients,hot_uniform,reverse,dot,67108864,512,256,32,fp64,shared,32,512,0.125,0.081413507483167891,3.4263260364532471,0.12497667656640832,0.10018491535533834,10,5,48,76,0.29385599493980408,-29533.982426821764
2026-08-30T19:48:46Z,NVIDIA H200 NVL,full,dyadic_bitcast_shared,BitCast decoder with shared coefficients,hot_uniform,reverse,dot,67108864,512,256,32,fp64,shared,32,512,0.125,0.081413507483167891,3.4263260364532471,0.12497667656640832,0.10018491535533834,10,5,49,76,0.29446399211883545,-29533.982426821764
2026-08-30T19:48:46Z,NVIDIA H200 NVL,full,dyadic_sign_fused,Sign-fused decoder,hot_uniform,reverse,dot,67108864,512,256,32,fp64,shared,32,512,0.125,0.081413507483167891,3.4263260364532471,0.12497667656640832,0.10018491535533834,10,5,25,77,0.29023998975753784,-29533.982426821771
2026-08-30T19:48:46Z,NVIDIA H200 NVL,full,dyadic_sign_fused,Sign-fused decoder,hot_uniform,reverse,dot,67108864,512,256,32,fp64,shared,32,512,0.125,0.081413507483167891,3.4263260364532471,0.12497667656640832,0.10018491535533834,10,5,26,77,0.29084798693656921,-29533.982426821771
2026-08-30T19:48:46Z,NVIDIA H200 NVL,full,dyadic_sign_fused,Sign-fused decoder,hot_uniform,reverse,dot,67108864,512,256,32,fp64,shared,32,512,0.125,0.081413507483167891,3.4263260364532471,0.12497667656640832,0.10018491535533834,10,5,27,77,0.29110398888587952,-29533.982426821771
2026-08-30T19:48:46Z,NVIDIA H200 NVL,full,dyadic_sign_fused,Sign-fused decoder,hot_uniform,reverse,dot,67108864,512,256,32,fp64,shared,32,512,0.125,0.081413507483167891,3.4263260364532471,0.12497667656640832,0.10018491535533834,10,5,28,77,0.29155200719833374,-29533.982426821771
2026-08-30T19:48:46Z,NVIDIA H200 NVL,full,dyadic_sign_fused,Sign-fused decoder,hot_uniform,reverse,dot,67108864,512,256,32,fp64,shared,32,512,0.125,0.081413507483167891,3.4263260364532471,0.12497667656640832,0.10018491535533834,10,5,29,77,0.29347199201583862,-29533.982426821771
2026-08-30T19:48:46Z,NVIDIA H200 NVL,full,dyadic_sign_fused,Sign-fused decoder,hot_uniform,reverse,dot,67108864,512,256,32,fp64,shared,32,512,0.125,0.081413507483167891,3.4263260364532471,0.12497667656640832,0.10018491535533834,10,5,30,77,0.29276800155639648,-29533.982426821771
2026-08-30T19:48:46Z,NVIDIA H200 NVL,full,dyadic_sign_fused,Sign-fused decoder,hot_uniform,reverse,dot,67108864,512,256,32,fp64,shared,32,512,0.125,0.081413507483167891,3.4263260364532471,0.12497667656640832,0.10018491535533834,10,5,31,77,0.29212799668312073,-29533.982426821771
2026-08-30T19:48:46Z,NVIDIA H200 NVL,full,dyadic_sign_fused,Sign-fused decoder,hot_uniform,reverse,dot,67108864,512,256,32,fp64,shared,32,512,0.125,0.081413507483167891,3.4263260364532471,0.12497667656640832,0.10018491535533834,10,5,32,77,0.29151999950408936,-29533.982426821771
2026-08-30T19:48:46Z,NVIDIA H200 NVL,full,dyadic_sign_fused,Sign-fused decoder,hot_uniform,reverse,dot,67108864,512,256,32,fp64,shared,32,512,0.125,0.081413507483167891,3.4263260364532471,0.12497667656640832,0.10018491535533834,10,5,33,77,0.29455998539924622,-29533.982426821771
2026-08-30T19:48:46Z,NVIDIA H200 NVL,full,dyadic_sign_fused,Sign-fused decoder,hot_uniform,reverse,dot,67108864,512,256,32,fp64,shared,32,512,0.125,0.081413507483167891,3.4263260364532471,0.12497667656640832,0.10018491535533834,10,5,34,77,0.29292801022529602,-29533.982426821771
2026-08-30T19:48:46Z,NVIDIA H200 NVL,full,dyadic_sign_fused,Sign-fused decoder,hot_uniform,reverse,dot,67108864,512,256,32,fp64,shared,32,512,0.125,0.081413507483167891,3.4263260364532471,0.12497667656640832,0.10018491535533834,10,5,35,77,0.29292801022529602,-29533.982426821771
2026-08-30T19:48:46Z,NVIDIA H200 NVL,full,dyadic_sign_fused,Sign-fused decoder,hot_uniform,reverse,dot,67108864,512,256,32,fp64,shared,32,512,0.125,0.081413507483167891,3.4263260364532471,0.12497667656640832,0.10018491535533834,10,5,36,77,0.29164800047874451,-29533.982426821771
2026-08-30T19:48:46Z,NVIDIA H200 NVL,full,dyadic_sign_fused,Sign-fused decoder,hot_uniform,reverse,dot,67108864,512,256,32,fp64,shared,32,512,0.125,0.081413507483167891,3.4263260364532471,0.12497667656640832,0.10018491535533834,10,5,37,77,0.29254400730133057,-29533.982426821771
2026-08-30T19:48:46Z,NVIDIA H200 NVL,full,dyadic_sign_fused,Sign-fused decoder,hot_uniform,reverse,dot,67108864,512,256,32,fp64,shared,32,512,0.125,0.081413507483167891,3.4263260364532471,0.12497667656640832,0.10018491535533834,10,5,38,77,0.29321599006652832,-29533.982426821771
2026-08-30T19:48:46Z,NVIDIA H200 NVL,full,dyadic_sign_fused,Sign-fused decoder,hot_uniform,reverse,dot,67108864,512,256,32,fp64,shared,32,512,0.125,0.081413507483167891,3.4263260364532471,0.12497667656640832,0.10018491535533834,10,5,39,77,0.29321599006652832,-29533.982426821771
2026-08-30T19:48:46Z,NVIDIA H200 NVL,full,dyadic_sign_fused,Sign-fused decoder,hot_uniform,reverse,dot,67108864,512,256,32,fp64,shared,32,512,0.125,0.081413507483167891,3.4263260364532471,0.12497667656640832,0.10018491535533834,10,5,40,77,0.2924799919128418,-29533.982426821771
2026-08-30T19:48:46Z,NVIDIA H200 NVL,full,dyadic_sign_fused,Sign-fused decoder,hot_uniform,reverse,dot,67108864,512,256,32,fp64,shared,32,512,0.125,0.081413507483167891,3.4263260364532471,0.12497667656640832,0.10018491535533834,10,5,41,77,0.29449599981307983,-29533.982426821771
2026-08-30T19:48:46Z,NVIDIA H200 NVL,full,dyadic_sign_fused,Sign-fused decoder,hot_uniform,reverse,dot,67108864,512,256,32,fp64,shared,32,512,0.125,0.081413507483167891,3.4263260364532471,0.12497667656640832,0.10018491535533834,10,5,42,77,0.29078400135040283,-29533.982426821771
2026-08-30T19:48:46Z,NVIDIA H200 NVL,full,dyadic_sign_fused,Sign-fused decoder,hot_uniform,reverse,dot,67108864,512,256,32,fp64,shared,32,512,0.125,0.081413507483167891,3.4263260364532471,0.12497667656640832,0.10018491535533834,10,5,43,77,0.29436799883842468,-29533.982426821771
2026-08-30T19:48:46Z,NVIDIA H200 NVL,full,dyadic_sign_fused,Sign-fused decoder,hot_uniform,reverse,dot,67108864,512,256,32,fp64,shared,32,512,0.125,0.081413507483167891,3.4263260364532471,0.12497667656640832,0.10018491535533834,10,5,44,77,0.29209598898887634,-29533.982426821771
2026-08-30T19:48:46Z,NVIDIA H200 NVL,full,dyadic_sign_fused,Sign-fused decoder,hot_uniform,reverse,dot,67108864,512,256,32,fp64,shared,32,512,0.125,0.081413507483167891,3.4263260364532471,0.12497667656640832,0.10018491535533834,10,5,45,77,0.2924799919128418,-29533.982426821771
2026-08-30T19:48:46Z,NVIDIA H200 NVL,full,dyadic_sign_fused,Sign-fused decoder,hot_uniform,reverse,dot,67108864,512,256,32,fp64,shared,32,512,0.125,0.081413507483167891,3.4263260364532471,0.12497667656640832,0.10018491535533834,10,5,46,77,0.29043200612068176,-29533.982426821771
2026-08-30T19:48:46Z,NVIDIA H200 NVL,full,dyadic_sign_fused,Sign-fused decoder,hot_uniform,reverse,dot,67108864,512,256,32,fp64,shared,32,512,0.125,0.081413507483167891,3.4263260364532471,0.12497667656640832,0.10018491535533834,10,5,47,77,0.29276800155639648,-29533.982426821771
2026-08-30T19:48:46Z,NVIDIA H200 NVL,full,dyadic_sign_fused,Sign-fused decoder,hot_uniform,reverse,dot,67108864,512,256,32,fp64,shared,32,512,0.125,0.081413507483167891,3.4263260364532471,0.12497667656640832,0.10018491535533834,10,5,48,77,0.2921920120716095,-29533.982426821771
2026-08-30T19:48:46Z,NVIDIA H200 NVL,full,dyadic_sign_fused,Sign-fused decoder,hot_uniform,reverse,dot,67108864,512,256,32,fp64,shared,32,512,0.125,0.081413507483167891,3.4263260364532471,0.12497667656640832,0.10018491535533834,10,5,49,77,0.29359999299049377,-29533.982426821771
2026-08-30T19:48:46Z,NVIDIA H200 NVL,full,dyadic_normal32,Current DyadicNormal32,hot_uniform,reverse,dot,67108864,512,256,32,fp64,shared,32,512,0.125,0.081413507483167891,3.4263260364532471,0.12497667656640832,0.10018491535533834,10,5,25,78,0.2937920093536377,-29533.982426821771
2026-08-30T19:48:46Z,NVIDIA H200 NVL,full,dyadic_normal32,Current DyadicNormal32,hot_uniform,reverse,dot,67108864,512,256,32,fp64,shared,32,512,0.125,0.081413507483167891,3.4263260364532471,0.12497667656640832,0.10018491535533834,10,5,26,78,0.29372799396514893,-29533.982426821771
2026-08-30T19:48:46Z,NVIDIA H200 NVL,full,dyadic_normal32,Current DyadicNormal32,hot_uniform,reverse,dot,67108864,512,256,32,fp64,shared,32,512,0.125,0.081413507483167891,3.4263260364532471,0.12497667656640832,0.10018491535533834,10,5,27,78,0.29504001140594482,-29533.982426821771
2026-08-30T19:48:46Z,NVIDIA H200 NVL,full,dyadic_normal32,Current DyadicNormal32,hot_uniform,reverse,dot,67108864,512,256,32,fp64,shared,32,512,0.125,0.081413507483167891,3.4263260364532471,0.12497667656640832,0.10018491535533834,10,5,28,78,0.29340800642967224,-29533.982426821771
2026-08-30T19:48:46Z,NVIDIA H200 NVL,full,dyadic_normal32,Current DyadicNormal32,hot_uniform,reverse,dot,67108864,512,256,32,fp64,shared,32,512,0.125,0.081413507483167891,3.4263260364532471,0.12497667656640832,0.10018491535533834,10,5,29,78,0.29561600089073181,-29533.982426821771
2026-08-30T19:48:46Z,NVIDIA H200 NVL,full,dyadic_normal32,Current DyadicNormal32,hot_uniform,reverse,dot,67108864,512,256,32,fp64,shared,32,512,0.125,0.081413507483167891,3.4263260364532471,0.12497667656640832,0.10018491535533834,10,5,30,78,0.29625600576400757,-29533.982426821771
2026-08-30T19:48:46Z,NVIDIA H200 NVL,full,dyadic_normal32,Current DyadicNormal32,hot_uniform,reverse,dot,67108864,512,256,32,fp64,shared,32,512,0.125,0.081413507483167891,3.4263260364532471,0.12497667656640832,0.10018491535533834,10,5,31,78,0.29494398832321167,-29533.982426821771
2026-08-30T19:48:46Z,NVIDIA H200 NVL,full,dyadic_normal32,Current DyadicNormal32,hot_uniform,reverse,dot,67108864,512,256,32,fp64,shared,32,512,0.125,0.081413507483167891,3.4263260364532471,0.12497667656640832,0.10018491535533834,10,5,32,78,0.29369598627090454,-29533.982426821771
2026-08-30T19:48:46Z,NVIDIA H200 NVL,full,dyadic_normal32,Current DyadicNormal32,hot_uniform,reverse,dot,67108864,512,256,32,fp64,shared,32,512,0.125,0.081413507483167891,3.4263260364532471,0.12497667656640832,0.10018491535533834,10,5,33,78,0.2945919930934906,-29533.982426821771
2026-08-30T19:48:46Z,NVIDIA H200 NVL,full,dyadic_normal32,Current DyadicNormal32,hot_uniform,reverse,dot,67108864,512,256,32,fp64,shared,32,512,0.125,0.081413507483167891,3.4263260364532471,0.12497667656640832,0.10018491535533834,10,5,34,78,0.29241600632667542,-29533.982426821771
2026-08-30T19:48:46Z,NVIDIA H200 NVL,full,dyadic_normal32,Current DyadicNormal32,hot_uniform,reverse,dot,67108864,512,256,32,fp64,shared,32,512,0.125,0.081413507483167891,3.4263260364532471,0.12497667656640832,0.10018491535533834,10,5,35,78,0.29286399483680725,-29533.982426821771
2026-08-30T19:48:46Z,NVIDIA H200 NVL,full,dyadic_normal32,Current DyadicNormal32,hot_uniform,reverse,dot,67108864,512,256,32,fp64,shared,32,512,0.125,0.081413507483167891,3.4263260364532471,0.12497667656640832,0.10018491535533834,10,5,36,78,0.29260799288749695,-29533.982426821771
2026-08-30T19:48:46Z,NVIDIA H200 NVL,full,dyadic_normal32,Current DyadicNormal32,hot_uniform,reverse,dot,67108864,512,256,32,fp64,shared,32,512,0.125,0.081413507483167891,3.4263260364532471,0.12497667656640832,0.10018491535533834,10,5,37,78,0.29395198822021484,-29533.982426821771
2026-08-30T19:48:46Z,NVIDIA H200 NVL,full,dyadic_normal32,Current DyadicNormal32,hot_uniform,reverse,dot,67108864,512,256,32,fp64,shared,32,512,0.125,0.081413507483167891,3.4263260364532471,0.12497667656640832,0.10018491535533834,10,5,38,78,0.29583999514579773,-29533.982426821771
2026-08-30T19:48:46Z,NVIDIA H200 NVL,full,dyadic_normal32,Current DyadicNormal32,hot_uniform,reverse,dot,67108864,512,256,32,fp64,shared,32,512,0.125,0.081413507483167891,3.4263260364532471,0.12497667656640832,0.10018491535533834,10,5,39,78,0.29462400078773499,-29533.982426821771
2026-08-30T19:48:46Z,NVIDIA H200 NVL,full,dyadic_normal32,Current DyadicNormal32,hot_uniform,reverse,dot,67108864,512,256,32,fp64,shared,32,512,0.125,0.081413507483167891,3.4263260364532471,0.12497667656640832,0.10018491535533834,10,5,40,78,0.2921920120716095,-29533.982426821771
2026-08-30T19:48:46Z,NVIDIA H200 NVL,full,dyadic_normal32,Current DyadicNormal32,hot_uniform,reverse,dot,67108864,512,256,32,fp64,shared,32,512,0.125,0.081413507483167891,3.4263260364532471,0.12497667656640832,0.10018491535533834,10,5,41,78,0.29423999786376953,-29533.982426821771
2026-08-30T19:48:46Z,NVIDIA H200 NVL,full,dyadic_normal32,Current DyadicNormal32,hot_uniform,reverse,dot,67108864,512,256,32,fp64,shared,32,512,0.125,0.081413507483167891,3.4263260364532471,0.12497667656640832,0.10018491535533834,10,5,42,78,0.2929919958114624,-29533.982426821771
2026-08-30T19:48:46Z,NVIDIA H200 NVL,full,dyadic_normal32,Current DyadicNormal32,hot_uniform,reverse,dot,67108864,512,256,32,fp64,shared,32,512,0.125,0.081413507483167891,3.4263260364532471,0.12497667656640832,0.10018491535533834,10,5,43,78,0.29449599981307983,-29533.982426821771
2026-08-30T19:48:46Z,NVIDIA H200 NVL,full,dyadic_normal32,Current DyadicNormal32,hot_uniform,reverse,dot,67108864,512,256,32,fp64,shared,32,512,0.125,0.081413507483167891,3.4263260364532471,0.12497667656640832,0.10018491535533834,10,5,44,78,0.29571199417114258,-29533.982426821771
2026-08-30T19:48:46Z,NVIDIA H200 NVL,full,dyadic_normal32,Current DyadicNormal32,hot_uniform,reverse,dot,67108864,512,256,32,fp64,shared,32,512,0.125,0.081413507483167891,3.4263260364532471,0.12497667656640832,0.10018491535533834,10,5,45,78,0.2967039942741394,-29533.982426821771
2026-08-30T19:48:46Z,NVIDIA H200 NVL,full,dyadic_normal32,Current DyadicNormal32,hot_uniform,reverse,dot,67108864,512,256,32,fp64,shared,32,512,0.125,0.081413507483167891,3.4263260364532471,0.12497667656640832,0.10018491535533834,10,5,46,78,0.29228800535202026,-29533.982426821771
2026-08-30T19:48:46Z,NVIDIA H200 NVL,full,dyadic_normal32,Current DyadicNormal32,hot_uniform,reverse,dot,67108864,512,256,32,fp64,shared,32,512,0.125,0.081413507483167891,3.4263260364532471,0.12497667656640832,0.10018491535533834,10,5,47,78,0.29673600196838379,-29533.982426821771
2026-08-30T19:48:46Z,NVIDIA H200 NVL,full,dyadic_normal32,Current DyadicNormal32,hot_uniform,reverse,dot,67108864,512,256,32,fp64,shared,32,512,0.125,0.081413507483167891,3.4263260364532471,0.12497667656640832,0.10018491535533834,10,5,48,78,0.29475200176239014,-29533.982426821771
2026-08-30T19:48:46Z,NVIDIA H200 NVL,full,dyadic_normal32,Current DyadicNormal32,hot_uniform,reverse,dot,67108864,512,256,32,fp64,shared,32,512,0.125,0.081413507483167891,3.4263260364532471,0.12497667656640832,0.10018491535533834,10,5,49,78,0.29465600848197937,-29533.982426821771
2026-08-30T19:48:46Z,NVIDIA H200 NVL,full,dyadic_bitcast_constant,BitCast decoder with constant coefficients,hot_uniform,reverse,dot,67108864,512,256,32,fp64,constant,32,512,0,0,1,0,0.10018491535533834,10,5,25,79,0.2945919930934906,2410.5794565633068
2026-08-30T19:48:46Z,NVIDIA H200 NVL,full,dyadic_bitcast_constant,BitCast decoder with constant coefficients,hot_uniform,reverse,dot,67108864,512,256,32,fp64,constant,32,512,0,0,1,0,0.10018491535533834,10,5,26,79,0.29545599222183228,2410.5794565633068
2026-08-30T19:48:46Z,NVIDIA H200 NVL,full,dyadic_bitcast_constant,BitCast decoder with constant coefficients,hot_uniform,reverse,dot,67108864,512,256,32,fp64,constant,32,512,0,0,1,0,0.10018491535533834,10,5,27,79,0.29840001463890076,2410.5794565633068
2026-08-30T19:48:46Z,NVIDIA H200 NVL,full,dyadic_bitcast_constant,BitCast decoder with constant coefficients,hot_uniform,reverse,dot,67108864,512,256,32,fp64,constant,32,512,0,0,1,0,0.10018491535533834,10,5,28,79,0.29667198657989502,2410.5794565633068
2026-08-30T19:48:46Z,NVIDIA H200 NVL,full,dyadic_bitcast_constant,BitCast decoder with constant coefficients,hot_uniform,reverse,dot,67108864,512,256,32,fp64,constant,32,512,0,0,1,0,0.10018491535533834,10,5,29,79,0.29708799719810486,2410.5794565633068
2026-08-30T19:48:46Z,NVIDIA H200 NVL,full,dyadic_bitcast_constant,BitCast decoder with constant coefficients,hot_uniform,reverse,dot,67108864,512,256,32,fp64,constant,32,512,0,0,1,0,0.10018491535533834,10,5,30,79,0.29651200771331787,2410.5794565633068
2026-08-30T19:48:46Z,NVIDIA H200 NVL,full,dyadic_bitcast_constant,BitCast decoder with constant coefficients,hot_uniform,reverse,dot,67108864,512,256,32,fp64,constant,32,512,0,0,1,0,0.10018491535533834,10,5,31,79,0.29695999622344971,2410.5794565633068
2026-08-30T19:48:46Z,NVIDIA H200 NVL,full,dyadic_bitcast_constant,BitCast decoder with constant coefficients,hot_uniform,reverse,dot,67108864,512,256,32,fp64,constant,32,512,0,0,1,0,0.10018491535533834,10,5,32,79,0.29539200663566589,2410.5794565633068
2026-08-30T19:48:46Z,NVIDIA H200 NVL,full,dyadic_bitcast_constant,BitCast decoder with constant coefficients,hot_uniform,reverse,dot,67108864,512,256,32,fp64,constant,32,512,0,0,1,0,0.10018491535533834,10,5,33,79,0.29667198657989502,2410.5794565633068
2026-08-30T19:48:46Z,NVIDIA H200 NVL,full,dyadic_bitcast_constant,BitCast decoder with constant coefficients,hot_uniform,reverse,dot,67108864,512,256,32,fp64,constant,32,512,0,0,1,0,0.10018491535533834,10,5,34,79,0.29577600955963135,2410.5794565633068
2026-08-30T19:48:46Z,NVIDIA H200 NVL,full,dyadic_bitcast_constant,BitCast decoder with constant coefficients,hot_uniform,reverse,dot,67108864,512,256,32,fp64,constant,32,512,0,0,1,0,0.10018491535533834,10,5,35,79,0.29600000381469727,2410.5794565633068
2026-08-30T19:48:46Z,NVIDIA H200 NVL,full,dyadic_bitcast_constant,BitCast decoder with constant coefficients,hot_uniform,reverse,dot,67108864,512,256,32,fp64,constant,32,512,0,0,1,0,0.10018491535533834,10,5,36,79,0.29449599981307983,2410.5794565633068
2026-08-30T19:48:46Z,NVIDIA H200 NVL,full,dyadic_bitcast_constant,BitCast decoder with constant coefficients,hot_uniform,reverse,dot,67108864,512,256,32,fp64,constant,32,512,0,0,1,0,0.10018491535533834,10,5,37,79,0.29567998647689819,2410.5794565633068
2026-08-30T19:48:46Z,NVIDIA H200 NVL,full,dyadic_bitcast_constant,BitCast decoder with constant coefficients,hot_uniform,reverse,dot,67108864,512,256,32,fp64,constant,32,512,0,0,1,0,0.10018491535533834,10,5,38,79,0.29555198550224304,2410.5794565633068
2026-08-30T19:48:46Z,NVIDIA H200 NVL,full,dyadic_bitcast_constant,BitCast decoder with constant coefficients,hot_uniform,reverse,dot,67108864,512,256,32,fp64,constant,32,512,0,0,1,0,0.10018491535533834,10,5,39,79,0.29494398832321167,2410.5794565633068
2026-08-30T19:48:46Z,NVIDIA H200 NVL,full,dyadic_bitcast_constant,BitCast decoder with constant coefficients,hot_uniform,reverse,dot,67108864,512,256,32,fp64,constant,32,512,0,0,1,0,0.10018491535533834,10,5,40,79,0.29513600468635559,2410.5794565633068
2026-08-30T19:48:46Z,NVIDIA H200 NVL,full,dyadic_bitcast_constant,BitCast decoder with constant coefficients,hot_uniform,reverse,dot,67108864,512,256,32,fp64,constant,32,512,0,0,1,0,0.10018491535533834,10,5,41,79,0.29471999406814575,2410.5794565633068
2026-08-30T19:48:46Z,NVIDIA H200 NVL,full,dyadic_bitcast_constant,BitCast decoder with constant coefficients,hot_uniform,reverse,dot,67108864,512,256,32,fp64,constant,32,512,0,0,1,0,0.10018491535533834,10,5,42,79,0.29580798745155334,2410.5794565633068
2026-08-30T19:48:46Z,NVIDIA H200 NVL,full,dyadic_bitcast_constant,BitCast decoder with constant coefficients,hot_uniform,reverse,dot,67108864,512,256,32,fp64,constant,32,512,0,0,1,0,0.10018491535533834,10,5,43,79,0.29785600304603577,2410.5794565633068
2026-08-30T19:48:46Z,NVIDIA H200 NVL,full,dyadic_bitcast_constant,BitCast decoder with constant coefficients,hot_uniform,reverse,dot,67108864,512,256,32,fp64,constant,32,512,0,0,1,0,0.10018491535533834,10,5,44,79,0.29462400078773499,2410.5794565633068
2026-08-30T19:48:46Z,NVIDIA H200 NVL,full,dyadic_bitcast_constant,BitCast decoder with constant coefficients,hot_uniform,reverse,dot,67108864,512,256,32,fp64,constant,32,512,0,0,1,0,0.10018491535533834,10,5,45,79,0.29760000109672546,2410.5794565633068
2026-08-30T19:48:46Z,NVIDIA H200 NVL,full,dyadic_bitcast_constant,BitCast decoder with constant coefficients,hot_uniform,reverse,dot,67108864,512,256,32,fp64,constant,32,512,0,0,1,0,0.10018491535533834,10,5,46,79,0.29625600576400757,2410.5794565633068
2026-08-30T19:48:46Z,NVIDIA H200 NVL,full,dyadic_bitcast_constant,BitCast decoder with constant coefficients,hot_uniform,reverse,dot,67108864,512,256,32,fp64,constant,32,512,0,0,1,0,0.10018491535533834,10,5,47,79,0.29689601063728333,2410.5794565633068
2026-08-30T19:48:46Z,NVIDIA H200 NVL,full,dyadic_bitcast_constant,BitCast decoder with constant coefficients,hot_uniform,reverse,dot,67108864,512,256,32,fp64,constant,32,512,0,0,1,0,0.10018491535533834,10,5,48,79,0.29609599709510803,2410.5794565633068
2026-08-30T19:48:46Z,NVIDIA H200 NVL,full,dyadic_bitcast_constant,BitCast decoder with constant coefficients,hot_uniform,reverse,dot,67108864,512,256,32,fp64,constant,32,512,0,0,1,0,0.10018491535533834,10,5,49,79,0.29891198873519897,2410.5794565633068
2026-08-30T19:48:46Z,NVIDIA H200 NVL,full,dyadic_bitcast_shared,BitCast decoder with shared coefficients,hot_uniform,reverse,dot,67108864,512,256,32,fp64,shared,32,512,0,0,1,0,0.10018491535533834,10,5,25,80,0.29052799940109253,2410.5794565633068
2026-08-30T19:48:46Z,NVIDIA H200 NVL,full,dyadic_bitcast_shared,BitCast decoder with shared coefficients,hot_uniform,reverse,dot,67108864,512,256,32,fp64,shared,32,512,0,0,1,0,0.10018491535533834,10,5,26,80,0.29145601391792297,2410.5794565633068
2026-08-30T19:48:46Z,NVIDIA H200 NVL,full,dyadic_bitcast_shared,BitCast decoder with shared coefficients,hot_uniform,reverse,dot,67108864,512,256,32,fp64,shared,32,512,0,0,1,0,0.10018491535533834,10,5,27,80,0.29222398996353149,2410.5794565633068
2026-08-30T19:48:46Z,NVIDIA H200 NVL,full,dyadic_bitcast_shared,BitCast decoder with shared coefficients,hot_uniform,reverse,dot,67108864,512,256,32,fp64,shared,32,512,0,0,1,0,0.10018491535533834,10,5,28,80,0.29084798693656921,2410.5794565633068
2026-08-30T19:48:46Z,NVIDIA H200 NVL,full,dyadic_bitcast_shared,BitCast decoder with shared coefficients,hot_uniform,reverse,dot,67108864,512,256,32,fp64,shared,32,512,0,0,1,0,0.10018491535533834,10,5,29,80,0.29168000817298889,2410.5794565633068
2026-08-30T19:48:46Z,NVIDIA H200 NVL,full,dyadic_bitcast_shared,BitCast decoder with shared coefficients,hot_uniform,reverse,dot,67108864,512,256,32,fp64,shared,32,512,0,0,1,0,0.10018491535533834,10,5,30,80,0.29110398888587952,2410.5794565633068
2026-08-30T19:48:46Z,NVIDIA H200 NVL,full,dyadic_bitcast_shared,BitCast decoder with shared coefficients,hot_uniform,reverse,dot,67108864,512,256,32,fp64,shared,32,512,0,0,1,0,0.10018491535533834,10,5,31,80,0.29126399755477905,2410.5794565633068
2026-08-30T19:48:46Z,NVIDIA H200 NVL,full,dyadic_bitcast_shared,BitCast decoder with shared coefficients,hot_uniform,reverse,dot,67108864,512,256,32,fp64,shared,32,512,0,0,1,0,0.10018491535533834,10,5,32,80,0.28915199637413025,2410.5794565633068
2026-08-30T19:48:46Z,NVIDIA H200 NVL,full,dyadic_bitcast_shared,BitCast decoder with shared coefficients,hot_uniform,reverse,dot,67108864,512,256,32,fp64,shared,32,512,0,0,1,0,0.10018491535533834,10,5,33,80,0.29174399375915527,2410.5794565633068
2026-08-30T19:48:46Z,NVIDIA H200 NVL,full,dyadic_bitcast_shared,BitCast decoder with shared coefficients,hot_uniform,reverse,dot,67108864,512,256,32,fp64,shared,32,512,0,0,1,0,0.10018491535533834,10,5,34,80,0.29161599278450012,2410.5794565633068
2026-08-30T19:48:46Z,NVIDIA H200 NVL,full,dyadic_bitcast_shared,BitCast decoder with shared coefficients,hot_uniform,reverse,dot,67108864,512,256,32,fp64,shared,32,512,0,0,1,0,0.10018491535533834,10,5,35,80,0.29196798801422119,2410.5794565633068
2026-08-30T19:48:46Z,NVIDIA H200 NVL,full,dyadic_bitcast_shared,BitCast decoder with shared coefficients,hot_uniform,reverse,dot,67108864,512,256,32,fp64,shared,32,512,0,0,1,0,0.10018491535533834,10,5,36,80,0.29174399375915527,2410.5794565633068
2026-08-30T19:48:46Z,NVIDIA H200 NVL,full,dyadic_bitcast_shared,BitCast decoder with shared coefficients,hot_uniform,reverse,dot,67108864,512,256,32,fp64,shared,32,512,0,0,1,0,0.10018491535533834,10,5,37,80,0.29161599278450012,2410.5794565633068
2026-08-30T19:48:46Z,NVIDIA H200 NVL,full,dyadic_bitcast_shared,BitCast decoder with shared coefficients,hot_uniform,reverse,dot,67108864,512,256,32,fp64,shared,32,512,0,0,1,0,0.10018491535533834,10,5,38,80,0.29068800806999207,2410.5794565633068
2026-08-30T19:48:46Z,NVIDIA H200 NVL,full,dyadic_bitcast_shared,BitCast decoder with shared coefficients,hot_uniform,reverse,dot,67108864,512,256,32,fp64,shared,32,512,0,0,1,0,0.10018491535533834,10,5,39,80,0.29164800047874451,2410.5794565633068
2026-08-30T19:48:46Z,NVIDIA H200 NVL,full,dyadic_bitcast_shared,BitCast decoder with shared coefficients,hot_uniform,reverse,dot,67108864,512,256,32,fp64,shared,32,512,0,0,1,0,0.10018491535533834,10,5,40,80,0.29123198986053467,2410.5794565633068
2026-08-30T19:48:46Z,NVIDIA H200 NVL,full,dyadic_bitcast_shared,BitCast decoder with shared coefficients,hot_uniform,reverse,dot,67108864,512,256,32,fp64,shared,32,512,0,0,1,0,0.10018491535533834,10,5,41,80,0.29187199473381042,2410.5794565633068
2026-08-30T19:48:46Z,NVIDIA H200 NVL,full,dyadic_bitcast_shared,BitCast decoder with shared coefficients,hot_uniform,reverse,dot,67108864,512,256,32,fp64,shared,32,512,0,0,1,0,0.10018491535533834,10,5,42,80,0.29232001304626465,2410.5794565633068
2026-08-30T19:48:46Z,NVIDIA H200 NVL,full,dyadic_bitcast_shared,BitCast decoder with shared coefficients,hot_uniform,reverse,dot,67108864,512,256,32,fp64,shared,32,512,0,0,1,0,0.10018491535533834,10,5,43,80,0.29199999570846558,2410.5794565633068
2026-08-30T19:48:46Z,NVIDIA H200 NVL,full,dyadic_bitcast_shared,BitCast decoder with shared coefficients,hot_uniform,reverse,dot,67108864,512,256,32,fp64,shared,32,512,0,0,1,0,0.10018491535533834,10,5,44,80,0.29097598791122437,2410.5794565633068
2026-08-30T19:48:46Z,NVIDIA H200 NVL,full,dyadic_bitcast_shared,BitCast decoder with shared coefficients,hot_uniform,reverse,dot,67108864,512,256,32,fp64,shared,32,512,0,0,1,0,0.10018491535533834,10,5,45,80,0.29228800535202026,2410.5794565633068
2026-08-30T19:48:46Z,NVIDIA H200 NVL,full,dyadic_bitcast_shared,BitCast decoder with shared coefficients,hot_uniform,reverse,dot,67108864,512,256,32,fp64,shared,32,512,0,0,1,0,0.10018491535533834,10,5,46,80,0.29017600417137146,2410.5794565633068
2026-08-30T19:48:46Z,NVIDIA H200 NVL,full,dyadic_bitcast_shared,BitCast decoder with shared coefficients,hot_uniform,reverse,dot,67108864,512,256,32,fp64,shared,32,512,0,0,1,0,0.10018491535533834,10,5,47,80,0.29311999678611755,2410.5794565633068
2026-08-30T19:48:46Z,NVIDIA H200 NVL,full,dyadic_bitcast_shared,BitCast decoder with shared coefficients,hot_uniform,reverse,dot,67108864,512,256,32,fp64,shared,32,512,0,0,1,0,0.10018491535533834,10,5,48,80,0.28908801078796387,2410.5794565633068
2026-08-30T19:48:46Z,NVIDIA H200 NVL,full,dyadic_bitcast_shared,BitCast decoder with shared coefficients,hot_uniform,reverse,dot,67108864,512,256,32,fp64,shared,32,512,0,0,1,0,0.10018491535533834,10,5,49,80,0.29104000329971313,2410.5794565633068
2026-08-30T19:48:46Z,NVIDIA H200 NVL,full,dyadic_sign_fused,Sign-fused decoder,hot_uniform,reverse,dot,67108864,512,256,32,fp64,shared,32,512,0,0,1,0,0.10018491535533834,10,5,25,81,0.28857600688934326,2410.5794565633078
2026-08-30T19:48:46Z,NVIDIA H200 NVL,full,dyadic_sign_fused,Sign-fused decoder,hot_uniform,reverse,dot,67108864,512,256,32,fp64,shared,32,512,0,0,1,0,0.10018491535533834,10,5,26,81,0.29011198878288269,2410.5794565633078
2026-08-30T19:48:46Z,NVIDIA H200 NVL,full,dyadic_sign_fused,Sign-fused decoder,hot_uniform,reverse,dot,67108864,512,256,32,fp64,shared,32,512,0,0,1,0,0.10018491535533834,10,5,27,81,0.28975999355316162,2410.5794565633078
2026-08-30T19:48:46Z,NVIDIA H200 NVL,full,dyadic_sign_fused,Sign-fused decoder,hot_uniform,reverse,dot,67108864,512,256,32,fp64,shared,32,512,0,0,1,0,0.10018491535533834,10,5,28,81,0.29049599170684814,2410.5794565633078
2026-08-30T19:48:46Z,NVIDIA H200 NVL,full,dyadic_sign_fused,Sign-fused decoder,hot_uniform,reverse,dot,67108864,512,256,32,fp64,shared,32,512,0,0,1,0,0.10018491535533834,10,5,29,81,0.29116800427436829,2410.5794565633078
2026-08-30T19:48:46Z,NVIDIA H200 NVL,full,dyadic_sign_fused,Sign-fused decoder,hot_uniform,reverse,dot,67108864,512,256,32,fp64,shared,32,512,0,0,1,0,0.10018491535533834,10,5,30,81,0.2890239953994751,2410.5794565633078
2026-08-30T19:48:46Z,NVIDIA H200 NVL,full,dyadic_sign_fused,Sign-fused decoder,hot_uniform,reverse,dot,67108864,512,256,32,fp64,shared,32,512,0,0,1,0,0.10018491535533834,10,5,31,81,0.29104000329971313,2410.5794565633078
2026-08-30T19:48:46Z,NVIDIA H200 NVL,full,dyadic_sign_fused,Sign-fused decoder,hot_uniform,reverse,dot,67108864,512,256,32,fp64,shared,32,512,0,0,1,0,0.10018491535533834,10,5,32,81,0.2924799919128418,2410.5794565633078
2026-08-30T19:48:46Z,NVIDIA H200 NVL,full,dyadic_sign_fused,Sign-fused decoder,hot_uniform,reverse,dot,67108864,512,256,32,fp64,shared,32,512,0,0,1,0,0.10018491535533834,10,5,33,81,0.29068800806999207,2410.5794565633078
2026-08-30T19:48:46Z,NVIDIA H200 NVL,full,dyadic_sign_fused,Sign-fused decoder,hot_uniform,reverse,dot,67108864,512,256,32,fp64,shared,32,512,0,0,1,0,0.10018491535533834,10,5,34,81,0.29004800319671631,2410.5794565633078
2026-08-30T19:48:46Z,NVIDIA H200 NVL,full,dyadic_sign_fused,Sign-fused decoder,hot_uniform,reverse,dot,67108864,512,256,32,fp64,shared,32,512,0,0,1,0,0.10018491535533834,10,5,35,81,0.29174399375915527,2410.5794565633078
2026-08-30T19:48:46Z,NVIDIA H200 NVL,full,dyadic_sign_fused,Sign-fused decoder,hot_uniform,reverse,dot,67108864,512,256,32,fp64,shared,32,512,0,0,1,0,0.10018491535533834,10,5,36,81,0.29168000817298889,2410.5794565633078
2026-08-30T19:48:46Z,NVIDIA H200 NVL,full,dyadic_sign_fused,Sign-fused decoder,hot_uniform,reverse,dot,67108864,512,256,32,fp64,shared,32,512,0,0,1,0,0.10018491535533834,10,5,37,81,0.29030400514602661,2410.5794565633078
2026-08-30T19:48:46Z,NVIDIA H200 NVL,full,dyadic_sign_fused,Sign-fused decoder,hot_uniform,reverse,dot,67108864,512,256,32,fp64,shared,32,512,0,0,1,0,0.10018491535533834,10,5,38,81,0.28934401273727417,2410.5794565633078
2026-08-30T19:48:46Z,NVIDIA H200 NVL,full,dyadic_sign_fused,Sign-fused decoder,hot_uniform,reverse,dot,67108864,512,256,32,fp64,shared,32,512,0,0,1,0,0.10018491535533834,10,5,39,81,0.29171198606491089,2410.5794565633078
2026-08-30T19:48:46Z,NVIDIA H200 NVL,full,dyadic_sign_fused,Sign-fused decoder,hot_uniform,reverse,dot,67108864,512,256,32,fp64,shared,32,512,0,0,1,0,0.10018491535533834,10,5,40,81,0.29049599170684814,2410.5794565633078
2026-08-30T19:48:46Z,NVIDIA H200 NVL,full,dyadic_sign_fused,Sign-fused decoder,hot_uniform,reverse,dot,67108864,512,256,32,fp64,shared,32,512,0,0,1,0,0.10018491535533834,10,5,41,81,0.29135999083518982,2410.5794565633078
2026-08-30T19:48:46Z,NVIDIA H200 NVL,full,dyadic_sign_fused,Sign-fused decoder,hot_uniform,reverse,dot,67108864,512,256,32,fp64,shared,32,512,0,0,1,0,0.10018491535533834,10,5,42,81,0.29132801294326782,2410.5794565633078
2026-08-30T19:48:46Z,NVIDIA H200 NVL,full,dyadic_sign_fused,Sign-fused decoder,hot_uniform,reverse,dot,67108864,512,256,32,fp64,shared,32,512,0,0,1,0,0.10018491535533834,10,5,43,81,0.28985598683357239,2410.5794565633078
2026-08-30T19:48:46Z,NVIDIA H200 NVL,full,dyadic_sign_fused,Sign-fused decoder,hot_uniform,reverse,dot,67108864,512,256,32,fp64,shared,32,512,0,0,1,0,0.10018491535533834,10,5,44,81,0.28889599442481995,2410.5794565633078
2026-08-30T19:48:46Z,NVIDIA H200 NVL,full,dyadic_sign_fused,Sign-fused decoder,hot_uniform,reverse,dot,67108864,512,256,32,fp64,shared,32,512,0,0,1,0,0.10018491535533834,10,5,45,81,0.29027199745178223,2410.5794565633078
2026-08-30T19:48:46Z,NVIDIA H200 NVL,full,dyadic_sign_fused,Sign-fused decoder,hot_uniform,reverse,dot,67108864,512,256,32,fp64,shared,32,512,0,0,1,0,0.10018491535533834,10,5,46,81,0.29071998596191406,2410.5794565633078
2026-08-30T19:48:46Z,NVIDIA H200 NVL,full,dyadic_sign_fused,Sign-fused decoder,hot_uniform,reverse,dot,67108864,512,256,32,fp64,shared,32,512,0,0,1,0,0.10018491535533834,10,5,47,81,0.29155200719833374,2410.5794565633078
2026-08-30T19:48:46Z,NVIDIA H200 NVL,full,dyadic_sign_fused,Sign-fused decoder,hot_uniform,reverse,dot,67108864,512,256,32,fp64,shared,32,512,0,0,1,0,0.10018491535533834,10,5,48,81,0.29091200232505798,2410.5794565633078
2026-08-30T19:48:46Z,NVIDIA H200 NVL,full,dyadic_sign_fused,Sign-fused decoder,hot_uniform,reverse,dot,67108864,512,256,32,fp64,shared,32,512,0,0,1,0,0.10018491535533834,10,5,49,81,0.29084798693656921,2410.5794565633078
2026-08-30T19:48:46Z,NVIDIA H200 NVL,full,dyadic_normal32,Current DyadicNormal32,hot_uniform,reverse,dot,67108864,512,256,32,fp64,shared,32,512,0,0,1,0,0.10018491535533834,10,5,25,82,0.28995200991630554,2410.5794565633078
2026-08-30T19:48:46Z,NVIDIA H200 NVL,full,dyadic_normal32,Current DyadicNormal32,hot_uniform,reverse,dot,67108864,512,256,32,fp64,shared,32,512,0,0,1,0,0.10018491535533834,10,5,26,82,0.2927359938621521,2410.5794565633078
2026-08-30T19:48:46Z,NVIDIA H200 NVL,full,dyadic_normal32,Current DyadicNormal32,hot_uniform,reverse,dot,67108864,512,256,32,fp64,shared,32,512,0,0,1,0,0.10018491535533834,10,5,27,82,0.29491201043128967,2410.5794565633078
2026-08-30T19:48:46Z,NVIDIA H200 NVL,full,dyadic_normal32,Current DyadicNormal32,hot_uniform,reverse,dot,67108864,512,256,32,fp64,shared,32,512,0,0,1,0,0.10018491535533834,10,5,28,82,0.29308798909187317,2410.5794565633078
2026-08-30T19:48:46Z,NVIDIA H200 NVL,full,dyadic_normal32,Current DyadicNormal32,hot_uniform,reverse,dot,67108864,512,256,32,fp64,shared,32,512,0,0,1,0,0.10018491535533834,10,5,29,82,0.29241600632667542,2410.5794565633078
2026-08-30T19:48:46Z,NVIDIA H200 NVL,full,dyadic_normal32,Current DyadicNormal32,hot_uniform,reverse,dot,67108864,512,256,32,fp64,shared,32,512,0,0,1,0,0.10018491535533834,10,5,30,82,0.29168000817298889,2410.5794565633078
2026-08-30T19:48:46Z,NVIDIA H200 NVL,full,dyadic_normal32,Current DyadicNormal32,hot_uniform,reverse,dot,67108864,512,256,32,fp64,shared,32,512,0,0,1,0,0.10018491535533834,10,5,31,82,0.29264000058174133,2410.5794565633078
2026-08-30T19:48:46Z,NVIDIA H200 NVL,full,dyadic_normal32,Current DyadicNormal32,hot_uniform,reverse,dot,67108864,512,256,32,fp64,shared,32,512,0,0,1,0,0.10018491535533834,10,5,32,82,0.29168000817298889,2410.5794565633078
2026-08-30T19:48:46Z,NVIDIA H200 NVL,full,dyadic_normal32,Current DyadicNormal32,hot_uniform,reverse,dot,67108864,512,256,32,fp64,shared,32,512,0,0,1,0,0.10018491535533834,10,5,33,82,0.29324799776077271,2410.5794565633078
2026-08-30T19:48:46Z,NVIDIA H200 NVL,full,dyadic_normal32,Current DyadicNormal32,hot_uniform,reverse,dot,67108864,512,256,32,fp64,shared,32,512,0,0,1,0,0.10018491535533834,10,5,34,82,0.29017600417137146,2410.5794565633078
2026-08-30T19:48:46Z,NVIDIA H200 NVL,full,dyadic_normal32,Current DyadicNormal32,hot_uniform,reverse,dot,67108864,512,256,32,fp64,shared,32,512,0,0,1,0,0.10018491535533834,10,5,35,82,0.29446399211883545,2410.5794565633078
2026-08-30T19:48:46Z,NVIDIA H200 NVL,full,dyadic_normal32,Current DyadicNormal32,hot_uniform,reverse,dot,67108864,512,256,32,fp64,shared,32,512,0,0,1,0,0.10018491535533834,10,5,36,82,0.2911359965801239,2410.5794565633078
2026-08-30T19:48:46Z,NVIDIA H200 NVL,full,dyadic_normal32,Current DyadicNormal32,hot_uniform,reverse,dot,67108864,512,256,32,fp64,shared,32,512,0,0,1,0,0.10018491535533834,10,5,37,82,0.29264000058174133,2410.5794565633078
2026-08-30T19:48:46Z,NVIDIA H200 NVL,full,dyadic_normal32,Current DyadicNormal32,hot_uniform,reverse,dot,67108864,512,256,32,fp64,shared,32,512,0,0,1,0,0.10018491535533834,10,5,38,82,0.29270398616790771,2410.5794565633078
2026-08-30T19:48:46Z,NVIDIA H200 NVL,full,dyadic_normal32,Current DyadicNormal32,hot_uniform,reverse,dot,67108864,512,256,32,fp64,shared,32,512,0,0,1,0,0.10018491535533834,10,5,39,82,0.29353600740432739,2410.5794565633078
2026-08-30T19:48:46Z,NVIDIA H200 NVL,full,dyadic_normal32,Current DyadicNormal32,hot_uniform,reverse,dot,67108864,512,256,32,fp64,shared,32,512,0,0,1,0,0.10018491535533834,10,5,40,82,0.29190400242805481,2410.5794565633078
2026-08-30T19:48:46Z,NVIDIA H200 NVL,full,dyadic_normal32,Current DyadicNormal32,hot_uniform,reverse,dot,67108864,512,256,32,fp64,shared,32,512,0,0,1,0,0.10018491535533834,10,5,41,82,0.29264000058174133,2410.5794565633078
2026-08-30T19:48:46Z,NVIDIA H200 NVL,full,dyadic_normal32,Current DyadicNormal32,hot_uniform,reverse,dot,67108864,512,256,32,fp64,shared,32,512,0,0,1,0,0.10018491535533834,10,5,42,82,0.29260799288749695,2410.5794565633078
2026-08-30T19:48:46Z,NVIDIA H200 NVL,full,dyadic_normal32,Current DyadicNormal32,hot_uniform,reverse,dot,67108864,512,256,32,fp64,shared,32,512,0,0,1,0,0.10018491535533834,10,5,43,82,0.29270398616790771,2410.5794565633078
2026-08-30T19:48:46Z,NVIDIA H200 NVL,full,dyadic_normal32,Current DyadicNormal32,hot_uniform,reverse,dot,67108864,512,256,32,fp64,shared,32,512,0,0,1,0,0.10018491535533834,10,5,44,82,0.28947201371192932,2410.5794565633078
2026-08-30T19:48:46Z,NVIDIA H200 NVL,full,dyadic_normal32,Current DyadicNormal32,hot_uniform,reverse,dot,67108864,512,256,32,fp64,shared,32,512,0,0,1,0,0.10018491535533834,10,5,45,82,0.29193601012229919,2410.5794565633078
2026-08-30T19:48:46Z,NVIDIA H200 NVL,full,dyadic_normal32,Current DyadicNormal32,hot_uniform,reverse,dot,67108864,512,256,32,fp64,shared,32,512,0,0,1,0,0.10018491535533834,10,5,46,82,0.29110398888587952,2410.5794565633078
2026-08-30T19:48:46Z,NVIDIA H200 NVL,full,dyadic_normal32,Current DyadicNormal32,hot_uniform,reverse,dot,67108864,512,256,32,fp64,shared,32,512,0,0,1,0,0.10018491535533834,10,5,47,82,0.2924480140209198,2410.5794565633078
2026-08-30T19:48:46Z,NVIDIA H200 NVL,full,dyadic_normal32,Current DyadicNormal32,hot_uniform,reverse,dot,67108864,512,256,32,fp64,shared,32,512,0,0,1,0,0.10018491535533834,10,5,48,82,0.29187199473381042,2410.5794565633078
2026-08-30T19:48:46Z,NVIDIA H200 NVL,full,dyadic_normal32,Current DyadicNormal32,hot_uniform,reverse,dot,67108864,512,256,32,fp64,shared,32,512,0,0,1,0,0.10018491535533834,10,5,49,82,0.29353600740432739,2410.5794565633078
2026-08-30T19:48:46Z,NVIDIA H200 NVL,full,fp32_to_fp64,FP32 to FP64,raw,after,dot,67108864,512,256,32,fp64,none,0,0,0,nan,nan,nan,nan,10,5,25,83,0.26780799031257629,1007.320920825067
2026-08-30T19:48:46Z,NVIDIA H200 NVL,full,fp32_to_fp64,FP32 to FP64,raw,after,dot,67108864,512,256,32,fp64,none,0,0,0,nan,nan,nan,nan,10,5,26,83,0.2688319981098175,1007.320920825067
2026-08-30T19:48:46Z,NVIDIA H200 NVL,full,fp32_to_fp64,FP32 to FP64,raw,after,dot,67108864,512,256,32,fp64,none,0,0,0,nan,nan,nan,nan,10,5,27,83,0.26643198728561401,1007.320920825067
2026-08-30T19:48:46Z,NVIDIA H200 NVL,full,fp32_to_fp64,FP32 to FP64,raw,after,dot,67108864,512,256,32,fp64,none,0,0,0,nan,nan,nan,nan,10,5,28,83,0.26790401339530945,1007.320920825067
2026-08-30T19:48:46Z,NVIDIA H200 NVL,full,fp32_to_fp64,FP32 to FP64,raw,after,dot,67108864,512,256,32,fp64,none,0,0,0,nan,nan,nan,nan,10,5,29,83,0.27072000503540039,1007.320920825067
2026-08-30T19:48:46Z,NVIDIA H200 NVL,full,fp32_to_fp64,FP32 to FP64,raw,after,dot,67108864,512,256,32,fp64,none,0,0,0,nan,nan,nan,nan,10,5,30,83,0.26835200190544128,1007.320920825067
2026-08-30T19:48:46Z,NVIDIA H200 NVL,full,fp32_to_fp64,FP32 to FP64,raw,after,dot,67108864,512,256,32,fp64,none,0,0,0,nan,nan,nan,nan,10,5,31,83,0.2677760124206543,1007.320920825067
2026-08-30T19:48:46Z,NVIDIA H200 NVL,full,fp32_to_fp64,FP32 to FP64,raw,after,dot,67108864,512,256,32,fp64,none,0,0,0,nan,nan,nan,nan,10,5,32,83,0.26838400959968567,1007.320920825067
2026-08-30T19:48:46Z,NVIDIA H200 NVL,full,fp32_to_fp64,FP32 to FP64,raw,after,dot,67108864,512,256,32,fp64,none,0,0,0,nan,nan,nan,nan,10,5,33,83,0.26755198836326599,1007.320920825067
2026-08-30T19:48:46Z,NVIDIA H200 NVL,full,fp32_to_fp64,FP32 to FP64,raw,after,dot,67108864,512,256,32,fp64,none,0,0,0,nan,nan,nan,nan,10,5,34,83,0.26860800385475159,1007.320920825067
2026-08-30T19:48:46Z,NVIDIA H200 NVL,full,fp32_to_fp64,FP32 to FP64,raw,after,dot,67108864,512,256,32,fp64,none,0,0,0,nan,nan,nan,nan,10,5,35,83,0.26752001047134399,1007.320920825067
2026-08-30T19:48:46Z,NVIDIA H200 NVL,full,fp32_to_fp64,FP32 to FP64,raw,after,dot,67108864,512,256,32,fp64,none,0,0,0,nan,nan,nan,nan,10,5,36,83,0.2717440128326416,1007.320920825067
2026-08-30T19:48:46Z,NVIDIA H200 NVL,full,fp32_to_fp64,FP32 to FP64,raw,after,dot,67108864,512,256,32,fp64,none,0,0,0,nan,nan,nan,nan,10,5,37,83,0.26790401339530945,1007.320920825067
2026-08-30T19:48:46Z,NVIDIA H200 NVL,full,fp32_to_fp64,FP32 to FP64,raw,after,dot,67108864,512,256,32,fp64,none,0,0,0,nan,nan,nan,nan,10,5,38,83,0.26912000775337219,1007.320920825067
2026-08-30T19:48:46Z,NVIDIA H200 NVL,full,fp32_to_fp64,FP32 to FP64,raw,after,dot,67108864,512,256,32,fp64,none,0,0,0,nan,nan,nan,nan,10,5,39,83,0.26761600375175476,1007.320920825067
2026-08-30T19:48:46Z,NVIDIA H200 NVL,full,fp32_to_fp64,FP32 to FP64,raw,after,dot,67108864,512,256,32,fp64,none,0,0,0,nan,nan,nan,nan,10,5,40,83,0.26895999908447266,1007.320920825067
2026-08-30T19:48:46Z,NVIDIA H200 NVL,full,fp32_to_fp64,FP32 to FP64,raw,after,dot,67108864,512,256,32,fp64,none,0,0,0,nan,nan,nan,nan,10,5,41,83,0.26915198564529419,1007.320920825067
2026-08-30T19:48:46Z,NVIDIA H200 NVL,full,fp32_to_fp64,FP32 to FP64,raw,after,dot,67108864,512,256,32,fp64,none,0,0,0,nan,nan,nan,nan,10,5,42,83,0.26796799898147583,1007.320920825067
2026-08-30T19:48:46Z,NVIDIA H200 NVL,full,fp32_to_fp64,FP32 to FP64,raw,after,dot,67108864,512,256,32,fp64,none,0,0,0,nan,nan,nan,nan,10,5,43,83,0.26761600375175476,1007.320920825067
2026-08-30T19:48:46Z,NVIDIA H200 NVL,full,fp32_to_fp64,FP32 to FP64,raw,after,dot,67108864,512,256,32,fp64,none,0,0,0,nan,nan,nan,nan,10,5,44,83,0.26976001262664795,1007.320920825067
2026-08-30T19:48:46Z,NVIDIA H200 NVL,full,fp32_to_fp64,FP32 to FP64,raw,after,dot,67108864,512,256,32,fp64,none,0,0,0,nan,nan,nan,nan,10,5,45,83,0.26860800385475159,1007.320920825067
2026-08-30T19:48:46Z,NVIDIA H200 NVL,full,fp32_to_fp64,FP32 to FP64,raw,after,dot,67108864,512,256,32,fp64,none,0,0,0,nan,nan,nan,nan,10,5,46,83,0.26844799518585205,1007.320920825067
2026-08-30T19:48:46Z,NVIDIA H200 NVL,full,fp32_to_fp64,FP32 to FP64,raw,after,dot,67108864,512,256,32,fp64,none,0,0,0,nan,nan,nan,nan,10,5,47,83,0.26915198564529419,1007.320920825067
2026-08-30T19:48:46Z,NVIDIA H200 NVL,full,fp32_to_fp64,FP32 to FP64,raw,after,dot,67108864,512,256,32,fp64,none,0,0,0,nan,nan,nan,nan,10,5,48,83,0.2693760097026825,1007.320920825067
2026-08-30T19:48:46Z,NVIDIA H200 NVL,full,fp32_to_fp64,FP32 to FP64,raw,after,dot,67108864,512,256,32,fp64,none,0,0,0,nan,nan,nan,nan,10,5,49,83,0.26748800277709961,1007.320920825067
2026-08-30T19:48:46Z,NVIDIA H200 NVL,full,raw_fp32,Raw FP32,raw,after,dot,67108864,512,256,32,fp32,none,0,0,0,nan,nan,nan,nan,10,5,25,84,0.26431998610496521,1007.32080078125
2026-08-30T19:48:46Z,NVIDIA H200 NVL,full,raw_fp32,Raw FP32,raw,after,dot,67108864,512,256,32,fp32,none,0,0,0,nan,nan,nan,nan,10,5,26,84,0.26454401016235352,1007.32080078125
2026-08-30T19:48:46Z,NVIDIA H200 NVL,full,raw_fp32,Raw FP32,raw,after,dot,67108864,512,256,32,fp32,none,0,0,0,nan,nan,nan,nan,10,5,27,84,0.26524800062179565,1007.32080078125
2026-08-30T19:48:46Z,NVIDIA H200 NVL,full,raw_fp32,Raw FP32,raw,after,dot,67108864,512,256,32,fp32,none,0,0,0,nan,nan,nan,nan,10,5,28,84,0.26659199595451355,1007.32080078125
2026-08-30T19:48:46Z,NVIDIA H200 NVL,full,raw_fp32,Raw FP32,raw,after,dot,67108864,512,256,32,fp32,none,0,0,0,nan,nan,nan,nan,10,5,29,84,0.2648639976978302,1007.32080078125
2026-08-30T19:48:46Z,NVIDIA H200 NVL,full,raw_fp32,Raw FP32,raw,after,dot,67108864,512,256,32,fp32,none,0,0,0,nan,nan,nan,nan,10,5,30,84,0.26457598805427551,1007.32080078125
2026-08-30T19:48:46Z,NVIDIA H200 NVL,full,raw_fp32,Raw FP32,raw,after,dot,67108864,512,256,32,fp32,none,0,0,0,nan,nan,nan,nan,10,5,31,84,0.26563200354576111,1007.32080078125
2026-08-30T19:48:46Z,NVIDIA H200 NVL,full,raw_fp32,Raw FP32,raw,after,dot,67108864,512,256,32,fp32,none,0,0,0,nan,nan,nan,nan,10,5,32,84,0.26419198513031006,1007.32080078125
2026-08-30T19:48:46Z,NVIDIA H200 NVL,full,raw_fp32,Raw FP32,raw,after,dot,67108864,512,256,32,fp32,none,0,0,0,nan,nan,nan,nan,10,5,33,84,0.26495999097824097,1007.32080078125
2026-08-30T19:48:46Z,NVIDIA H200 NVL,full,raw_fp32,Raw FP32,raw,after,dot,67108864,512,256,32,fp32,none,0,0,0,nan,nan,nan,nan,10,5,34,84,0.26588800549507141,1007.32080078125
2026-08-30T19:48:46Z,NVIDIA H200 NVL,full,raw_fp32,Raw FP32,raw,after,dot,67108864,512,256,32,fp32,none,0,0,0,nan,nan,nan,nan,10,5,35,84,0.26675200462341309,1007.32080078125
2026-08-30T19:48:46Z,NVIDIA H200 NVL,full,raw_fp32,Raw FP32,raw,after,dot,67108864,512,256,32,fp32,none,0,0,0,nan,nan,nan,nan,10,5,36,84,0.26553601026535034,1007.32080078125
2026-08-30T19:48:46Z,NVIDIA H200 NVL,full,raw_fp32,Raw FP32,raw,after,dot,67108864,512,256,32,fp32,none,0,0,0,nan,nan,nan,nan,10,5,37,84,0.26451200246810913,1007.32080078125
2026-08-30T19:48:46Z,NVIDIA H200 NVL,full,raw_fp32,Raw FP32,raw,after,dot,67108864,512,256,32,fp32,none,0,0,0,nan,nan,nan,nan,10,5,38,84,0.26467201113700867,1007.32080078125
2026-08-30T19:48:46Z,NVIDIA H200 NVL,full,raw_fp32,Raw FP32,raw,after,dot,67108864,512,256,32,fp32,none,0,0,0,nan,nan,nan,nan,10,5,39,84,0.26688000559806824,1007.32080078125
2026-08-30T19:48:46Z,NVIDIA H200 NVL,full,raw_fp32,Raw FP32,raw,after,dot,67108864,512,256,32,fp32,none,0,0,0,nan,nan,nan,nan,10,5,40,84,0.26556798815727234,1007.32080078125
2026-08-30T19:48:46Z,NVIDIA H200 NVL,full,raw_fp32,Raw FP32,raw,after,dot,67108864,512,256,32,fp32,none,0,0,0,nan,nan,nan,nan,10,5,41,84,0.26649600267410278,1007.32080078125
2026-08-30T19:48:46Z,NVIDIA H200 NVL,full,raw_fp32,Raw FP32,raw,after,dot,67108864,512,256,32,fp32,none,0,0,0,nan,nan,nan,nan,10,5,42,84,0.26470398902893066,1007.32080078125
2026-08-30T19:48:46Z,NVIDIA H200 NVL,full,raw_fp32,Raw FP32,raw,after,dot,67108864,512,256,32,fp32,none,0,0,0,nan,nan,nan,nan,10,5,43,84,0.26614400744438171,1007.32080078125
2026-08-30T19:48:46Z,NVIDIA H200 NVL,full,raw_fp32,Raw FP32,raw,after,dot,67108864,512,256,32,fp32,none,0,0,0,nan,nan,nan,nan,10,5,44,84,0.26524800062179565,1007.32080078125
2026-08-30T19:48:46Z,NVIDIA H200 NVL,full,raw_fp32,Raw FP32,raw,after,dot,67108864,512,256,32,fp32,none,0,0,0,nan,nan,nan,nan,10,5,45,84,0.26611199975013733,1007.32080078125
2026-08-30T19:48:46Z,NVIDIA H200 NVL,full,raw_fp32,Raw FP32,raw,after,dot,67108864,512,256,32,fp32,none,0,0,0,nan,nan,nan,nan,10,5,46,84,0.26412799954414368,1007.32080078125
2026-08-30T19:48:46Z,NVIDIA H200 NVL,full,raw_fp32,Raw FP32,raw,after,dot,67108864,512,256,32,fp32,none,0,0,0,nan,nan,nan,nan,10,5,47,84,0.26464000344276428,1007.32080078125
2026-08-30T19:48:46Z,NVIDIA H200 NVL,full,raw_fp32,Raw FP32,raw,after,dot,67108864,512,256,32,fp32,none,0,0,0,nan,nan,nan,nan,10,5,48,84,0.26361599564552307,1007.32080078125
2026-08-30T19:48:46Z,NVIDIA H200 NVL,full,raw_fp32,Raw FP32,raw,after,dot,67108864,512,256,32,fp32,none,0,0,0,nan,nan,nan,nan,10,5,49,84,0.26614400744438171,1007.32080078125
2026-08-30T19:48:46Z,NVIDIA H200 NVL,full,raw_fp64,Raw FP64,raw,after,dot,67108864,512,256,64,fp64,none,0,0,0,nan,nan,nan,nan,10,5,25,85,0.30499199032783508,1007.3209851405704
2026-08-30T19:48:46Z,NVIDIA H200 NVL,full,raw_fp64,Raw FP64,raw,after,dot,67108864,512,256,64,fp64,none,0,0,0,nan,nan,nan,nan,10,5,26,85,0.30496001243591309,1007.3209851405704
2026-08-30T19:48:46Z,NVIDIA H200 NVL,full,raw_fp64,Raw FP64,raw,after,dot,67108864,512,256,64,fp64,none,0,0,0,nan,nan,nan,nan,10,5,27,85,0.30470401048660278,1007.3209851405704
2026-08-30T19:48:46Z,NVIDIA H200 NVL,full,raw_fp64,Raw FP64,raw,after,dot,67108864,512,256,64,fp64,none,0,0,0,nan,nan,nan,nan,10,5,28,85,0.30662399530410767,1007.3209851405704
2026-08-30T19:48:46Z,NVIDIA H200 NVL,full,raw_fp64,Raw FP64,raw,after,dot,67108864,512,256,64,fp64,none,0,0,0,nan,nan,nan,nan,10,5,29,85,0.3049280047416687,1007.3209851405704
2026-08-30T19:48:46Z,NVIDIA H200 NVL,full,raw_fp64,Raw FP64,raw,after,dot,67108864,512,256,64,fp64,none,0,0,0,nan,nan,nan,nan,10,5,30,85,0.30323201417922974,1007.3209851405704
2026-08-30T19:48:46Z,NVIDIA H200 NVL,full,raw_fp64,Raw FP64,raw,after,dot,67108864,512,256,64,fp64,none,0,0,0,nan,nan,nan,nan,10,5,31,85,0.30287998914718628,1007.3209851405704
2026-08-30T19:48:46Z,NVIDIA H200 NVL,full,raw_fp64,Raw FP64,raw,after,dot,67108864,512,256,64,fp64,none,0,0,0,nan,nan,nan,nan,10,5,32,85,0.30585598945617676,1007.3209851405704
2026-08-30T19:48:46Z,NVIDIA H200 NVL,full,raw_fp64,Raw FP64,raw,after,dot,67108864,512,256,64,fp64,none,0,0,0,nan,nan,nan,nan,10,5,33,85,0.30396801233291626,1007.3209851405704
2026-08-30T19:48:46Z,NVIDIA H200 NVL,full,raw_fp64,Raw FP64,raw,after,dot,67108864,512,256,64,fp64,none,0,0,0,nan,nan,nan,nan,10,5,34,85,0.30559998750686646,1007.3209851405704
2026-08-30T19:48:46Z,NVIDIA H200 NVL,full,raw_fp64,Raw FP64,raw,after,dot,67108864,512,256,64,fp64,none,0,0,0,nan,nan,nan,nan,10,5,35,85,0.30556800961494446,1007.3209851405704
2026-08-30T19:48:46Z,NVIDIA H200 NVL,full,raw_fp64,Raw FP64,raw,after,dot,67108864,512,256,64,fp64,none,0,0,0,nan,nan,nan,nan,10,5,36,85,0.30473598837852478,1007.3209851405704
2026-08-30T19:48:46Z,NVIDIA H200 NVL,full,raw_fp64,Raw FP64,raw,after,dot,67108864,512,256,64,fp64,none,0,0,0,nan,nan,nan,nan,10,5,37,85,0.30368000268936157,1007.3209851405704
2026-08-30T19:48:46Z,NVIDIA H200 NVL,full,raw_fp64,Raw FP64,raw,after,dot,67108864,512,256,64,fp64,none,0,0,0,nan,nan,nan,nan,10,5,38,85,0.30502399802207947,1007.3209851405704
2026-08-30T19:48:46Z,NVIDIA H200 NVL,full,raw_fp64,Raw FP64,raw,after,dot,67108864,512,256,64,fp64,none,0,0,0,nan,nan,nan,nan,10,5,39,85,0.30384001135826111,1007.3209851405704
2026-08-30T19:48:46Z,NVIDIA H200 NVL,full,raw_fp64,Raw FP64,raw,after,dot,67108864,512,256,64,fp64,none,0,0,0,nan,nan,nan,nan,10,5,40,85,0.30496001243591309,1007.3209851405704
2026-08-30T19:48:46Z,NVIDIA H200 NVL,full,raw_fp64,Raw FP64,raw,after,dot,67108864,512,256,64,fp64,none,0,0,0,nan,nan,nan,nan,10,5,41,85,0.30496001243591309,1007.3209851405704
2026-08-30T19:48:46Z,NVIDIA H200 NVL,full,raw_fp64,Raw FP64,raw,after,dot,67108864,512,256,64,fp64,none,0,0,0,nan,nan,nan,nan,10,5,42,85,0.30553600192070007,1007.3209851405704
2026-08-30T19:48:46Z,NVIDIA H200 NVL,full,raw_fp64,Raw FP64,raw,after,dot,67108864,512,256,64,fp64,none,0,0,0,nan,nan,nan,nan,10,5,43,85,0.30537599325180054,1007.3209851405704
2026-08-30T19:48:46Z,NVIDIA H200 NVL,full,raw_fp64,Raw FP64,raw,after,dot,67108864,512,256,64,fp64,none,0,0,0,nan,nan,nan,nan,10,5,44,85,0.3033599853515625,1007.3209851405704
2026-08-30T19:48:46Z,NVIDIA H200 NVL,full,raw_fp64,Raw FP64,raw,after,dot,67108864,512,256,64,fp64,none,0,0,0,nan,nan,nan,nan,10,5,45,85,0.30387198925018311,1007.3209851405704
2026-08-30T19:48:46Z,NVIDIA H200 NVL,full,raw_fp64,Raw FP64,raw,after,dot,67108864,512,256,64,fp64,none,0,0,0,nan,nan,nan,nan,10,5,46,85,0.30428799986839294,1007.3209851405704
2026-08-30T19:48:46Z,NVIDIA H200 NVL,full,raw_fp64,Raw FP64,raw,after,dot,67108864,512,256,64,fp64,none,0,0,0,nan,nan,nan,nan,10,5,47,85,0.30291199684143066,1007.3209851405704
2026-08-30T19:48:46Z,NVIDIA H200 NVL,full,raw_fp64,Raw FP64,raw,after,dot,67108864,512,256,64,fp64,none,0,0,0,nan,nan,nan,nan,10,5,48,85,0.30544000864028931,1007.3209851405704
2026-08-30T19:48:46Z,NVIDIA H200 NVL,full,raw_fp64,Raw FP64,raw,after,dot,67108864,512,256,64,fp64,none,0,0,0,nan,nan,nan,nan,10,5,49,85,0.30486398935317993,1007.3209851405704
