-- Configuring done (0.2s)
-- Generating done (1.0s)
-- Build files have been written to: /storage/home/timofeirusanov/accessor_universal_test/build-h200
[100%] Built target lns_benchmark_core_test
[100%] Built target bitwidth_benchmark_core_test
[100%] Built target bitwidth_strategy_bench_2
Internal ctest changing into directory: /storage/home/timofeirusanov/accessor_universal_test/build-h200
Test project /storage/home/timofeirusanov/accessor_universal_test/build-h200
    Start 4: bitwidth_benchmark_core_test
1/2 Test #4: bitwidth_benchmark_core_test .....   Passed    0.00 sec
    Start 5: lns_benchmark_core_test
2/2 Test #5: lns_benchmark_core_test ..........   Passed    0.00 sec

100% tests passed, 0 tests failed out of 2

Total Test time (real) =   0.01 sec
[ 50%] Building CUDA object CMakeFiles/lns_strategy_bench_lns4_r1.dir/src/lns_strategy_bench.cu.o
/storage/home/timofeirusanov/accessor_universal_test/include/lns_benchmark_core.hpp(188): warning #20013-D: calling a constexpr __host__ function("max") from a __host__ __device__ function("encode") is not allowed. The experimental flag '--expt-relaxed-constexpr' can be used to allow this.
    constexpr auto finite_limit = std::numeric_limits<double>::max();
                                  ^
          detected during:
            instantiation of "void aut::lns_strategy::encode_padded_kernel<Format>(const double *, aut::lns::padded_storage_t<Format> *, std::size_t) [with Format=<unnamed>::selected_format]" at line 263 of /storage/home/timofeirusanov/accessor_universal_test/src/lns_strategy_bench.cu
            instantiation of "void <unnamed>::encoded_buffers<Format>::encode(const <unnamed>::source_buffers &, std::size_t, std::size_t) [with Format=<unnamed>::selected_format]" at line 1034 of /storage/home/timofeirusanov/accessor_universal_test/src/lns_strategy_bench.cu
            instantiation of "void <unnamed>::run_compute<Compute>(const <unnamed>::options &, const std::string &, <unnamed>::source_buffers &, <unnamed>::csv_output &, std::size_t, std::size_t) [with Compute=aut::bitwidth::compute_kind::fp32]" at line 1076 of /storage/home/timofeirusanov/accessor_universal_test/src/lns_strategy_bench.cu

Remark: The warnings can be suppressed with "-diag-suppress <warning-number>"

/storage/home/timofeirusanov/accessor_universal_test/include/lns_benchmark_core.hpp(171): warning #20013-D: calling a constexpr __host__ function("quiet_NaN") from a __host__ __device__ function("decode") is not allowed. The experimental flag '--expt-relaxed-constexpr' can be used to allow this.
      return std::numeric_limits<Target>::quiet_NaN();
             ^
          detected during:
            instantiation of "Target aut::lns::decode<Format,Target>(uint32_t) [with Format=<unnamed>::selected_format, Target=float]" at line 320 of /storage/home/timofeirusanov/accessor_universal_test/src/lns_strategy_bench.cu
            instantiation of "<unnamed>::table_storage<Format, Compute>::table_storage() [with Format=<unnamed>::selected_format, Compute=aut::bitwidth::compute_kind::fp32]" at line 1035 of /storage/home/timofeirusanov/accessor_universal_test/src/lns_strategy_bench.cu
            instantiation of "void <unnamed>::run_compute<Compute>(const <unnamed>::options &, const std::string &, <unnamed>::source_buffers &, <unnamed>::csv_output &, std::size_t, std::size_t) [with Compute=aut::bitwidth::compute_kind::fp32]" at line 1076 of /storage/home/timofeirusanov/accessor_universal_test/src/lns_strategy_bench.cu

/storage/home/timofeirusanov/accessor_universal_test/include/lns_benchmark_core.hpp(242): warning #20013-D: calling a constexpr __host__ function("quiet_NaN") from a __host__ __device__ function("decode_product") is not allowed. The experimental flag '--expt-relaxed-constexpr' can be used to allow this.
      return std::numeric_limits<Target>::quiet_NaN();
             ^
          detected during:
            instantiation of "Target aut::lns::decode_product<Format,Target>(aut::lns::product_code<Format>) [with Format=<unnamed>::selected_format, Target=float]" at line 256
            instantiation of "Target aut::lns::multiply_fused<Format,Target>(uint32_t, uint32_t) [with Format=<unnamed>::selected_format, Target=float]" at line 350 of /storage/home/timofeirusanov/accessor_universal_test/src/lns_strategy_bench.cu
            instantiation of "<unnamed>::table_storage<Format, Compute>::table_storage() [with Format=<unnamed>::selected_format, Compute=aut::bitwidth::compute_kind::fp32]" at line 1035 of /storage/home/timofeirusanov/accessor_universal_test/src/lns_strategy_bench.cu
            instantiation of "void <unnamed>::run_compute<Compute>(const <unnamed>::options &, const std::string &, <unnamed>::source_buffers &, <unnamed>::csv_output &, std::size_t, std::size_t) [with Compute=aut::bitwidth::compute_kind::fp32]" at line 1076 of /storage/home/timofeirusanov/accessor_universal_test/src/lns_strategy_bench.cu

/storage/home/timofeirusanov/accessor_universal_test/include/lns_benchmark_core.hpp(171): warning #20013-D: calling a constexpr __host__ function("quiet_NaN") from a __host__ __device__ function("decode") is not allowed. The experimental flag '--expt-relaxed-constexpr' can be used to allow this.
      return std::numeric_limits<Target>::quiet_NaN();
             ^
          detected during:
            instantiation of "Target aut::lns::decode<Format,Target>(uint32_t) [with Format=<unnamed>::selected_format, Target=double]" at line 320 of /storage/home/timofeirusanov/accessor_universal_test/src/lns_strategy_bench.cu
            instantiation of "<unnamed>::table_storage<Format, Compute>::table_storage() [with Format=<unnamed>::selected_format, Compute=aut::bitwidth::compute_kind::fp64]" at line 1035 of /storage/home/timofeirusanov/accessor_universal_test/src/lns_strategy_bench.cu
            instantiation of "void <unnamed>::run_compute<Compute>(const <unnamed>::options &, const std::string &, <unnamed>::source_buffers &, <unnamed>::csv_output &, std::size_t, std::size_t) [with Compute=aut::bitwidth::compute_kind::fp64]" at line 1079 of /storage/home/timofeirusanov/accessor_universal_test/src/lns_strategy_bench.cu

/storage/home/timofeirusanov/accessor_universal_test/include/lns_benchmark_core.hpp(242): warning #20013-D: calling a constexpr __host__ function("quiet_NaN") from a __host__ __device__ function("decode_product") is not allowed. The experimental flag '--expt-relaxed-constexpr' can be used to allow this.
      return std::numeric_limits<Target>::quiet_NaN();
             ^
          detected during:
            instantiation of "Target aut::lns::decode_product<Format,Target>(aut::lns::product_code<Format>) [with Format=<unnamed>::selected_format, Target=double]" at line 256
            instantiation of "Target aut::lns::multiply_fused<Format,Target>(uint32_t, uint32_t) [with Format=<unnamed>::selected_format, Target=double]" at line 350 of /storage/home/timofeirusanov/accessor_universal_test/src/lns_strategy_bench.cu
            instantiation of "<unnamed>::table_storage<Format, Compute>::table_storage() [with Format=<unnamed>::selected_format, Compute=aut::bitwidth::compute_kind::fp64]" at line 1035 of /storage/home/timofeirusanov/accessor_universal_test/src/lns_strategy_bench.cu
            instantiation of "void <unnamed>::run_compute<Compute>(const <unnamed>::options &, const std::string &, <unnamed>::source_buffers &, <unnamed>::csv_output &, std::size_t, std::size_t) [with Compute=aut::bitwidth::compute_kind::fp64]" at line 1079 of /storage/home/timofeirusanov/accessor_universal_test/src/lns_strategy_bench.cu

ptxas info    : 0 bytes gmem
ptxas info    : Compiling entry function '_ZN3aut12lns_strategy23gemv_cooperative_kernelINS_3lns7lns4_r1ELNS_8bitwidth12compute_kindE1ELNS0_12decoder_kindE11ELNS0_13multiply_kindE1EEEvPKjS9_mmNS0_12table_bundleIXT0_EEEPNS4_14compute_traitsIXT0_EE4typeE' for 'sm_90'
ptxas info    : Function properties for _ZN3aut12lns_strategy23gemv_cooperative_kernelINS_3lns7lns4_r1ELNS_8bitwidth12compute_kindE1ELNS0_12decoder_kindE11ELNS0_13multiply_kindE1EEEvPKjS9_mmNS0_12table_bundleIXT0_EEEPNS4_14compute_traitsIXT0_EE4typeE
    0 bytes stack frame, 0 bytes spill stores, 0 bytes spill loads
ptxas info    : Used 24 registers, used 1 barriers
ptxas info    : Compile time = 6.078 ms
ptxas info    : Compiling entry function '_ZN3aut12lns_strategy22dot_cooperative_kernelINS_3lns7lns4_r1ELNS_8bitwidth12compute_kindE1ELNS0_12decoder_kindE11ELNS0_13multiply_kindE1EEEvPKjS9_mNS0_12table_bundleIXT0_EEEPNS4_14compute_traitsIXT0_EE4typeE' for 'sm_90'
ptxas info    : Function properties for _ZN3aut12lns_strategy22dot_cooperative_kernelINS_3lns7lns4_r1ELNS_8bitwidth12compute_kindE1ELNS0_12decoder_kindE11ELNS0_13multiply_kindE1EEEvPKjS9_mNS0_12table_bundleIXT0_EEEPNS4_14compute_traitsIXT0_EE4typeE
    0 bytes stack frame, 0 bytes spill stores, 0 bytes spill loads
ptxas info    : Used 22 registers, used 1 barriers
ptxas info    : Compile time = 4.707 ms
ptxas info    : Compiling entry function '_ZN3aut12lns_strategy18gemv_thread_kernelINS_3lns7lns4_r1ELNS_8bitwidth12compute_kindE1ELNS4_14storage_layoutE1ELi8ELNS0_12decoder_kindE11ELNS0_13multiply_kindE1EEEvNS0_12storage_viewIT_XT1_EEESB_mmNS0_12table_bundleIXT0_EEEPNS4_14compute_traitsIXT0_EE4typeE' for 'sm_90'
ptxas info    : Function properties for _ZN3aut12lns_strategy18gemv_thread_kernelINS_3lns7lns4_r1ELNS_8bitwidth12compute_kindE1ELNS4_14storage_layoutE1ELi8ELNS0_12decoder_kindE11ELNS0_13multiply_kindE1EEEvNS0_12storage_viewIT_XT1_EEESB_mmNS0_12table_bundleIXT0_EEEPNS4_14compute_traitsIXT0_EE4typeE
    0 bytes stack frame, 0 bytes spill stores, 0 bytes spill loads
ptxas info    : Used 29 registers, used 1 barriers
ptxas info    : Compile time = 5.602 ms
ptxas info    : Compiling entry function '_ZN3aut12lns_strategy17dot_thread_kernelINS_3lns7lns4_r1ELNS_8bitwidth12compute_kindE1ELNS4_14storage_layoutE1ELi8ELNS0_12decoder_kindE11ELNS0_13multiply_kindE1EEEvNS0_12storage_viewIT_XT1_EEESB_mNS0_12table_bundleIXT0_EEEPNS4_14compute_traitsIXT0_EE4typeE' for 'sm_90'
ptxas info    : Function properties for _ZN3aut12lns_strategy17dot_thread_kernelINS_3lns7lns4_r1ELNS_8bitwidth12compute_kindE1ELNS4_14storage_layoutE1ELi8ELNS0_12decoder_kindE11ELNS0_13multiply_kindE1EEEvNS0_12storage_viewIT_XT1_EEESB_mNS0_12table_bundleIXT0_EEEPNS4_14compute_traitsIXT0_EE4typeE
    0 bytes stack frame, 0 bytes spill stores, 0 bytes spill loads
ptxas info    : Used 28 registers, used 1 barriers
ptxas info    : Compile time = 5.493 ms
ptxas info    : Compiling entry function '_ZN3aut12lns_strategy18gemv_thread_kernelINS_3lns7lns4_r1ELNS_8bitwidth12compute_kindE1ELNS4_14storage_layoutE1ELi4ELNS0_12decoder_kindE11ELNS0_13multiply_kindE1EEEvNS0_12storage_viewIT_XT1_EEESB_mmNS0_12table_bundleIXT0_EEEPNS4_14compute_traitsIXT0_EE4typeE' for 'sm_90'
ptxas info    : Function properties for _ZN3aut12lns_strategy18gemv_thread_kernelINS_3lns7lns4_r1ELNS_8bitwidth12compute_kindE1ELNS4_14storage_layoutE1ELi4ELNS0_12decoder_kindE11ELNS0_13multiply_kindE1EEEvNS0_12storage_viewIT_XT1_EEESB_mmNS0_12table_bundleIXT0_EEEPNS4_14compute_traitsIXT0_EE4typeE
    0 bytes stack frame, 0 bytes spill stores, 0 bytes spill loads
ptxas info    : Used 22 registers, used 1 barriers
ptxas info    : Compile time = 4.387 ms
ptxas info    : Compiling entry function '_ZN3aut12lns_strategy17dot_thread_kernelINS_3lns7lns4_r1ELNS_8bitwidth12compute_kindE1ELNS4_14storage_layoutE1ELi4ELNS0_12decoder_kindE11ELNS0_13multiply_kindE1EEEvNS0_12storage_viewIT_XT1_EEESB_mNS0_12table_bundleIXT0_EEEPNS4_14compute_traitsIXT0_EE4typeE' for 'sm_90'
ptxas info    : Function properties for _ZN3aut12lns_strategy17dot_thread_kernelINS_3lns7lns4_r1ELNS_8bitwidth12compute_kindE1ELNS4_14storage_layoutE1ELi4ELNS0_12decoder_kindE11ELNS0_13multiply_kindE1EEEvNS0_12storage_viewIT_XT1_EEESB_mNS0_12table_bundleIXT0_EEEPNS4_14compute_traitsIXT0_EE4typeE
    0 bytes stack frame, 0 bytes spill stores, 0 bytes spill loads
ptxas info    : Used 25 registers, used 1 barriers
ptxas info    : Compile time = 4.387 ms
ptxas info    : Compiling entry function '_ZN3aut12lns_strategy18gemv_thread_kernelINS_3lns7lns4_r1ELNS_8bitwidth12compute_kindE1ELNS4_14storage_layoutE1ELi2ELNS0_12decoder_kindE11ELNS0_13multiply_kindE1EEEvNS0_12storage_viewIT_XT1_EEESB_mmNS0_12table_bundleIXT0_EEEPNS4_14compute_traitsIXT0_EE4typeE' for 'sm_90'
ptxas info    : Function properties for _ZN3aut12lns_strategy18gemv_thread_kernelINS_3lns7lns4_r1ELNS_8bitwidth12compute_kindE1ELNS4_14storage_layoutE1ELi2ELNS0_12decoder_kindE11ELNS0_13multiply_kindE1EEEvNS0_12storage_viewIT_XT1_EEESB_mmNS0_12table_bundleIXT0_EEEPNS4_14compute_traitsIXT0_EE4typeE
    0 bytes stack frame, 0 bytes spill stores, 0 bytes spill loads
ptxas info    : Used 18 registers, used 1 barriers
ptxas info    : Compile time = 3.896 ms
ptxas info    : Compiling entry function '_ZN3aut12lns_strategy17dot_thread_kernelINS_3lns7lns4_r1ELNS_8bitwidth12compute_kindE1ELNS4_14storage_layoutE1ELi2ELNS0_12decoder_kindE11ELNS0_13multiply_kindE1EEEvNS0_12storage_viewIT_XT1_EEESB_mNS0_12table_bundleIXT0_EEEPNS4_14compute_traitsIXT0_EE4typeE' for 'sm_90'
ptxas info    : Function properties for _ZN3aut12lns_strategy17dot_thread_kernelINS_3lns7lns4_r1ELNS_8bitwidth12compute_kindE1ELNS4_14storage_layoutE1ELi2ELNS0_12decoder_kindE11ELNS0_13multiply_kindE1EEEvNS0_12storage_viewIT_XT1_EEESB_mNS0_12table_bundleIXT0_EEEPNS4_14compute_traitsIXT0_EE4typeE
    0 bytes stack frame, 0 bytes spill stores, 0 bytes spill loads
ptxas info    : Used 20 registers, used 1 barriers
ptxas info    : Compile time = 3.833 ms
ptxas info    : Compiling entry function '_ZN3aut12lns_strategy18gemv_thread_kernelINS_3lns7lns4_r1ELNS_8bitwidth12compute_kindE1ELNS4_14storage_layoutE0ELi8ELNS0_12decoder_kindE11ELNS0_13multiply_kindE1EEEvNS0_12storage_viewIT_XT1_EEESB_mmNS0_12table_bundleIXT0_EEEPNS4_14compute_traitsIXT0_EE4typeE' for 'sm_90'
ptxas info    : Function properties for _ZN3aut12lns_strategy18gemv_thread_kernelINS_3lns7lns4_r1ELNS_8bitwidth12compute_kindE1ELNS4_14storage_layoutE0ELi8ELNS0_12decoder_kindE11ELNS0_13multiply_kindE1EEEvNS0_12storage_viewIT_XT1_EEESB_mmNS0_12table_bundleIXT0_EEEPNS4_14compute_traitsIXT0_EE4typeE
    0 bytes stack frame, 0 bytes spill stores, 0 bytes spill loads
ptxas info    : Used 32 registers, used 1 barriers
ptxas info    : Compile time = 9.093 ms
ptxas info    : Compiling entry function '_ZN3aut12lns_strategy17dot_thread_kernelINS_3lns7lns4_r1ELNS_8bitwidth12compute_kindE1ELNS4_14storage_layoutE0ELi8ELNS0_12decoder_kindE11ELNS0_13multiply_kindE1EEEvNS0_12storage_viewIT_XT1_EEESB_mNS0_12table_bundleIXT0_EEEPNS4_14compute_traitsIXT0_EE4typeE' for 'sm_90'
ptxas info    : Function properties for _ZN3aut12lns_strategy17dot_thread_kernelINS_3lns7lns4_r1ELNS_8bitwidth12compute_kindE1ELNS4_14storage_layoutE0ELi8ELNS0_12decoder_kindE11ELNS0_13multiply_kindE1EEEvNS0_12storage_viewIT_XT1_EEESB_mNS0_12table_bundleIXT0_EEEPNS4_14compute_traitsIXT0_EE4typeE
    0 bytes stack frame, 0 bytes spill stores, 0 bytes spill loads
ptxas info    : Used 31 registers, used 1 barriers
ptxas info    : Compile time = 5.947 ms
ptxas info    : Compiling entry function '_ZN3aut12lns_strategy18gemv_thread_kernelINS_3lns7lns4_r1ELNS_8bitwidth12compute_kindE1ELNS4_14storage_layoutE0ELi4ELNS0_12decoder_kindE11ELNS0_13multiply_kindE1EEEvNS0_12storage_viewIT_XT1_EEESB_mmNS0_12table_bundleIXT0_EEEPNS4_14compute_traitsIXT0_EE4typeE' for 'sm_90'
ptxas info    : Function properties for _ZN3aut12lns_strategy18gemv_thread_kernelINS_3lns7lns4_r1ELNS_8bitwidth12compute_kindE1ELNS4_14storage_layoutE0ELi4ELNS0_12decoder_kindE11ELNS0_13multiply_kindE1EEEvNS0_12storage_viewIT_XT1_EEESB_mmNS0_12table_bundleIXT0_EEEPNS4_14compute_traitsIXT0_EE4typeE
    0 bytes stack frame, 0 bytes spill stores, 0 bytes spill loads
ptxas info    : Used 32 registers, used 1 barriers
ptxas info    : Compile time = 6.346 ms
ptxas info    : Compiling entry function '_ZN3aut12lns_strategy17dot_thread_kernelINS_3lns7lns4_r1ELNS_8bitwidth12compute_kindE1ELNS4_14storage_layoutE0ELi4ELNS0_12decoder_kindE11ELNS0_13multiply_kindE1EEEvNS0_12storage_viewIT_XT1_EEESB_mNS0_12table_bundleIXT0_EEEPNS4_14compute_traitsIXT0_EE4typeE' for 'sm_90'
ptxas info    : Function properties for _ZN3aut12lns_strategy17dot_thread_kernelINS_3lns7lns4_r1ELNS_8bitwidth12compute_kindE1ELNS4_14storage_layoutE0ELi4ELNS0_12decoder_kindE11ELNS0_13multiply_kindE1EEEvNS0_12storage_viewIT_XT1_EEESB_mNS0_12table_bundleIXT0_EEEPNS4_14compute_traitsIXT0_EE4typeE
    0 bytes stack frame, 0 bytes spill stores, 0 bytes spill loads
ptxas info    : Used 32 registers, used 1 barriers
ptxas info    : Compile time = 6.027 ms
ptxas info    : Compiling entry function '_ZN3aut12lns_strategy18gemv_thread_kernelINS_3lns7lns4_r1ELNS_8bitwidth12compute_kindE1ELNS4_14storage_layoutE0ELi2ELNS0_12decoder_kindE11ELNS0_13multiply_kindE1EEEvNS0_12storage_viewIT_XT1_EEESB_mmNS0_12table_bundleIXT0_EEEPNS4_14compute_traitsIXT0_EE4typeE' for 'sm_90'
ptxas info    : Function properties for _ZN3aut12lns_strategy18gemv_thread_kernelINS_3lns7lns4_r1ELNS_8bitwidth12compute_kindE1ELNS4_14storage_layoutE0ELi2ELNS0_12decoder_kindE11ELNS0_13multiply_kindE1EEEvNS0_12storage_viewIT_XT1_EEESB_mmNS0_12table_bundleIXT0_EEEPNS4_14compute_traitsIXT0_EE4typeE
    0 bytes stack frame, 0 bytes spill stores, 0 bytes spill loads
ptxas info    : Used 32 registers, used 1 barriers
ptxas info    : Compile time = 4.840 ms
ptxas info    : Compiling entry function '_ZN3aut12lns_strategy17dot_thread_kernelINS_3lns7lns4_r1ELNS_8bitwidth12compute_kindE1ELNS4_14storage_layoutE0ELi2ELNS0_12decoder_kindE11ELNS0_13multiply_kindE1EEEvNS0_12storage_viewIT_XT1_EEESB_mNS0_12table_bundleIXT0_EEEPNS4_14compute_traitsIXT0_EE4typeE' for 'sm_90'
ptxas info    : Function properties for _ZN3aut12lns_strategy17dot_thread_kernelINS_3lns7lns4_r1ELNS_8bitwidth12compute_kindE1ELNS4_14storage_layoutE0ELi2ELNS0_12decoder_kindE11ELNS0_13multiply_kindE1EEEvNS0_12storage_viewIT_XT1_EEESB_mNS0_12table_bundleIXT0_EEEPNS4_14compute_traitsIXT0_EE4typeE
    0 bytes stack frame, 0 bytes spill stores, 0 bytes spill loads
ptxas info    : Used 31 registers, used 1 barriers
ptxas info    : Compile time = 4.543 ms
ptxas info    : Compiling entry function '_ZN3aut12lns_strategy18gemv_thread_kernelINS_3lns7lns4_r1ELNS_8bitwidth12compute_kindE1ELNS4_14storage_layoutE1ELi1ELNS0_12decoder_kindE11ELNS0_13multiply_kindE1EEEvNS0_12storage_viewIT_XT1_EEESB_mmNS0_12table_bundleIXT0_EEEPNS4_14compute_traitsIXT0_EE4typeE' for 'sm_90'
ptxas info    : Function properties for _ZN3aut12lns_strategy18gemv_thread_kernelINS_3lns7lns4_r1ELNS_8bitwidth12compute_kindE1ELNS4_14storage_layoutE1ELi1ELNS0_12decoder_kindE11ELNS0_13multiply_kindE1EEEvNS0_12storage_viewIT_XT1_EEESB_mmNS0_12table_bundleIXT0_EEEPNS4_14compute_traitsIXT0_EE4typeE
    0 bytes stack frame, 0 bytes spill stores, 0 bytes spill loads
ptxas info    : Used 20 registers, used 1 barriers
ptxas info    : Compile time = 3.359 ms
ptxas info    : Compiling entry function '_ZN3aut12lns_strategy17dot_thread_kernelINS_3lns7lns4_r1ELNS_8bitwidth12compute_kindE1ELNS4_14storage_layoutE1ELi1ELNS0_12decoder_kindE11ELNS0_13multiply_kindE1EEEvNS0_12storage_viewIT_XT1_EEESB_mNS0_12table_bundleIXT0_EEEPNS4_14compute_traitsIXT0_EE4typeE' for 'sm_90'
ptxas info    : Function properties for _ZN3aut12lns_strategy17dot_thread_kernelINS_3lns7lns4_r1ELNS_8bitwidth12compute_kindE1ELNS4_14storage_layoutE1ELi1ELNS0_12decoder_kindE11ELNS0_13multiply_kindE1EEEvNS0_12storage_viewIT_XT1_EEESB_mNS0_12table_bundleIXT0_EEEPNS4_14compute_traitsIXT0_EE4typeE
    0 bytes stack frame, 0 bytes spill stores, 0 bytes spill loads
ptxas info    : Used 22 registers, used 1 barriers
ptxas info    : Compile time = 3.237 ms
ptxas info    : Compiling entry function '_ZN3aut12lns_strategy18gemv_thread_kernelINS_3lns7lns4_r1ELNS_8bitwidth12compute_kindE1ELNS4_14storage_layoutE0ELi1ELNS0_12decoder_kindE11ELNS0_13multiply_kindE1EEEvNS0_12storage_viewIT_XT1_EEESB_mmNS0_12table_bundleIXT0_EEEPNS4_14compute_traitsIXT0_EE4typeE' for 'sm_90'
ptxas info    : Function properties for _ZN3aut12lns_strategy18gemv_thread_kernelINS_3lns7lns4_r1ELNS_8bitwidth12compute_kindE1ELNS4_14storage_layoutE0ELi1ELNS0_12decoder_kindE11ELNS0_13multiply_kindE1EEEvNS0_12storage_viewIT_XT1_EEESB_mmNS0_12table_bundleIXT0_EEEPNS4_14compute_traitsIXT0_EE4typeE
    0 bytes stack frame, 0 bytes spill stores, 0 bytes spill loads
ptxas info    : Used 22 registers, used 1 barriers
ptxas info    : Compile time = 3.756 ms
ptxas info    : Compiling entry function '_ZN3aut12lns_strategy17dot_thread_kernelINS_3lns7lns4_r1ELNS_8bitwidth12compute_kindE1ELNS4_14storage_layoutE0ELi1ELNS0_12decoder_kindE11ELNS0_13multiply_kindE1EEEvNS0_12storage_viewIT_XT1_EEESB_mNS0_12table_bundleIXT0_EEEPNS4_14compute_traitsIXT0_EE4typeE' for 'sm_90'
ptxas info    : Function properties for _ZN3aut12lns_strategy17dot_thread_kernelINS_3lns7lns4_r1ELNS_8bitwidth12compute_kindE1ELNS4_14storage_layoutE0ELi1ELNS0_12decoder_kindE11ELNS0_13multiply_kindE1EEEvNS0_12storage_viewIT_XT1_EEESB_mNS0_12table_bundleIXT0_EEEPNS4_14compute_traitsIXT0_EE4typeE
    0 bytes stack frame, 0 bytes spill stores, 0 bytes spill loads
ptxas info    : Used 23 registers, used 1 barriers
ptxas info    : Compile time = 3.537 ms
ptxas info    : Compiling entry function '_ZN3aut12lns_strategy23gemv_cooperative_kernelINS_3lns7lns4_r1ELNS_8bitwidth12compute_kindE1ELNS0_12decoder_kindE10ELNS0_13multiply_kindE1EEEvPKjS9_mmNS0_12table_bundleIXT0_EEEPNS4_14compute_traitsIXT0_EE4typeE' for 'sm_90'
ptxas info    : Function properties for _ZN3aut12lns_strategy23gemv_cooperative_kernelINS_3lns7lns4_r1ELNS_8bitwidth12compute_kindE1ELNS0_12decoder_kindE10ELNS0_13multiply_kindE1EEEvPKjS9_mmNS0_12table_bundleIXT0_EEEPNS4_14compute_traitsIXT0_EE4typeE
    0 bytes stack frame, 0 bytes spill stores, 0 bytes spill loads
ptxas info    : Used 24 registers, used 1 barriers
ptxas info    : Compile time = 4.272 ms
ptxas info    : Compiling entry function '_ZN3aut12lns_strategy22dot_cooperative_kernelINS_3lns7lns4_r1ELNS_8bitwidth12compute_kindE1ELNS0_12decoder_kindE10ELNS0_13multiply_kindE1EEEvPKjS9_mNS0_12table_bundleIXT0_EEEPNS4_14compute_traitsIXT0_EE4typeE' for 'sm_90'
ptxas info    : Function properties for _ZN3aut12lns_strategy22dot_cooperative_kernelINS_3lns7lns4_r1ELNS_8bitwidth12compute_kindE1ELNS0_12decoder_kindE10ELNS0_13multiply_kindE1EEEvPKjS9_mNS0_12table_bundleIXT0_EEEPNS4_14compute_traitsIXT0_EE4typeE
    0 bytes stack frame, 0 bytes spill stores, 0 bytes spill loads
ptxas info    : Used 22 registers, used 1 barriers
ptxas info    : Compile time = 4.127 ms
ptxas info    : Compiling entry function '_ZN3aut12lns_strategy18gemv_thread_kernelINS_3lns7lns4_r1ELNS_8bitwidth12compute_kindE1ELNS4_14storage_layoutE1ELi8ELNS0_12decoder_kindE10ELNS0_13multiply_kindE1EEEvNS0_12storage_viewIT_XT1_EEESB_mmNS0_12table_bundleIXT0_EEEPNS4_14compute_traitsIXT0_EE4typeE' for 'sm_90'
ptxas info    : Function properties for _ZN3aut12lns_strategy18gemv_thread_kernelINS_3lns7lns4_r1ELNS_8bitwidth12compute_kindE1ELNS4_14storage_layoutE1ELi8ELNS0_12decoder_kindE10ELNS0_13multiply_kindE1EEEvNS0_12storage_viewIT_XT1_EEESB_mmNS0_12table_bundleIXT0_EEEPNS4_14compute_traitsIXT0_EE4typeE
    0 bytes stack frame, 0 bytes spill stores, 0 bytes spill loads
ptxas info    : Used 30 registers, used 1 barriers
ptxas info    : Compile time = 5.285 ms
ptxas info    : Compiling entry function '_ZN3aut12lns_strategy17dot_thread_kernelINS_3lns7lns4_r1ELNS_8bitwidth12compute_kindE1ELNS4_14storage_layoutE1ELi8ELNS0_12decoder_kindE10ELNS0_13multiply_kindE1EEEvNS0_12storage_viewIT_XT1_EEESB_mNS0_12table_bundleIXT0_EEEPNS4_14compute_traitsIXT0_EE4typeE' for 'sm_90'
ptxas info    : Function properties for _ZN3aut12lns_strategy17dot_thread_kernelINS_3lns7lns4_r1ELNS_8bitwidth12compute_kindE1ELNS4_14storage_layoutE1ELi8ELNS0_12decoder_kindE10ELNS0_13multiply_kindE1EEEvNS0_12storage_viewIT_XT1_EEESB_mNS0_12table_bundleIXT0_EEEPNS4_14compute_traitsIXT0_EE4typeE
    0 bytes stack frame, 0 bytes spill stores, 0 bytes spill loads
ptxas info    : Used 31 registers, used 1 barriers
ptxas info    : Compile time = 5.065 ms
ptxas info    : Compiling entry function '_ZN3aut12lns_strategy18gemv_thread_kernelINS_3lns7lns4_r1ELNS_8bitwidth12compute_kindE1ELNS4_14storage_layoutE1ELi4ELNS0_12decoder_kindE10ELNS0_13multiply_kindE1EEEvNS0_12storage_viewIT_XT1_EEESB_mmNS0_12table_bundleIXT0_EEEPNS4_14compute_traitsIXT0_EE4typeE' for 'sm_90'
ptxas info    : Function properties for _ZN3aut12lns_strategy18gemv_thread_kernelINS_3lns7lns4_r1ELNS_8bitwidth12compute_kindE1ELNS4_14storage_layoutE1ELi4ELNS0_12decoder_kindE10ELNS0_13multiply_kindE1EEEvNS0_12storage_viewIT_XT1_EEESB_mmNS0_12table_bundleIXT0_EEEPNS4_14compute_traitsIXT0_EE4typeE
    0 bytes stack frame, 0 bytes spill stores, 0 bytes spill loads
ptxas info    : Used 26 registers, used 1 barriers
ptxas info    : Compile time = 3.813 ms
ptxas info    : Compiling entry function '_ZN3aut12lns_strategy17dot_thread_kernelINS_3lns7lns4_r1ELNS_8bitwidth12compute_kindE1ELNS4_14storage_layoutE1ELi4ELNS0_12decoder_kindE10ELNS0_13multiply_kindE1EEEvNS0_12storage_viewIT_XT1_EEESB_mNS0_12table_bundleIXT0_EEEPNS4_14compute_traitsIXT0_EE4typeE' for 'sm_90'
ptxas info    : Function properties for _ZN3aut12lns_strategy17dot_thread_kernelINS_3lns7lns4_r1ELNS_8bitwidth12compute_kindE1ELNS4_14storage_layoutE1ELi4ELNS0_12decoder_kindE10ELNS0_13multiply_kindE1EEEvNS0_12storage_viewIT_XT1_EEESB_mNS0_12table_bundleIXT0_EEEPNS4_14compute_traitsIXT0_EE4typeE
    0 bytes stack frame, 0 bytes spill stores, 0 bytes spill loads
ptxas info    : Used 28 registers, used 1 barriers
ptxas info    : Compile time = 3.823 ms
ptxas info    : Compiling entry function '_ZN3aut12lns_strategy18gemv_thread_kernelINS_3lns7lns4_r1ELNS_8bitwidth12compute_kindE1ELNS4_14storage_layoutE1ELi2ELNS0_12decoder_kindE10ELNS0_13multiply_kindE1EEEvNS0_12storage_viewIT_XT1_EEESB_mmNS0_12table_bundleIXT0_EEEPNS4_14compute_traitsIXT0_EE4typeE' for 'sm_90'
ptxas info    : Function properties for _ZN3aut12lns_strategy18gemv_thread_kernelINS_3lns7lns4_r1ELNS_8bitwidth12compute_kindE1ELNS4_14storage_layoutE1ELi2ELNS0_12decoder_kindE10ELNS0_13multiply_kindE1EEEvNS0_12storage_viewIT_XT1_EEESB_mmNS0_12table_bundleIXT0_EEEPNS4_14compute_traitsIXT0_EE4typeE
    0 bytes stack frame, 0 bytes spill stores, 0 bytes spill loads
ptxas info    : Used 20 registers, used 1 barriers
ptxas info    : Compile time = 3.164 ms
ptxas info    : Compiling entry function '_ZN3aut12lns_strategy17dot_thread_kernelINS_3lns7lns4_r1ELNS_8bitwidth12compute_kindE1ELNS4_14storage_layoutE1ELi2ELNS0_12decoder_kindE10ELNS0_13multiply_kindE1EEEvNS0_12storage_viewIT_XT1_EEESB_mNS0_12table_bundleIXT0_EEEPNS4_14compute_traitsIXT0_EE4typeE' for 'sm_90'
ptxas info    : Function properties for _ZN3aut12lns_strategy17dot_thread_kernelINS_3lns7lns4_r1ELNS_8bitwidth12compute_kindE1ELNS4_14storage_layoutE1ELi2ELNS0_12decoder_kindE10ELNS0_13multiply_kindE1EEEvNS0_12storage_viewIT_XT1_EEESB_mNS0_12table_bundleIXT0_EEEPNS4_14compute_traitsIXT0_EE4typeE
    0 bytes stack frame, 0 bytes spill stores, 0 bytes spill loads
ptxas info    : Used 22 registers, used 1 barriers
ptxas info    : Compile time = 3.200 ms
ptxas info    : Compiling entry function '_ZN3aut12lns_strategy18gemv_thread_kernelINS_3lns7lns4_r1ELNS_8bitwidth12compute_kindE1ELNS4_14storage_layoutE0ELi8ELNS0_12decoder_kindE10ELNS0_13multiply_kindE1EEEvNS0_12storage_viewIT_XT1_EEESB_mmNS0_12table_bundleIXT0_EEEPNS4_14compute_traitsIXT0_EE4typeE' for 'sm_90'
ptxas info    : Function properties for _ZN3aut12lns_strategy18gemv_thread_kernelINS_3lns7lns4_r1ELNS_8bitwidth12compute_kindE1ELNS4_14storage_layoutE0ELi8ELNS0_12decoder_kindE10ELNS0_13multiply_kindE1EEEvNS0_12storage_viewIT_XT1_EEESB_mmNS0_12table_bundleIXT0_EEEPNS4_14compute_traitsIXT0_EE4typeE
    0 bytes stack frame, 0 bytes spill stores, 0 bytes spill loads
ptxas info    : Used 32 registers, used 1 barriers
ptxas info    : Compile time = 8.076 ms
ptxas info    : Compiling entry function '_ZN3aut12lns_strategy17dot_thread_kernelINS_3lns7lns4_r1ELNS_8bitwidth12compute_kindE1ELNS4_14storage_layoutE0ELi8ELNS0_12decoder_kindE10ELNS0_13multiply_kindE1EEEvNS0_12storage_viewIT_XT1_EEESB_mNS0_12table_bundleIXT0_EEEPNS4_14compute_traitsIXT0_EE4typeE' for 'sm_90'
ptxas info    : Function properties for _ZN3aut12lns_strategy17dot_thread_kernelINS_3lns7lns4_r1ELNS_8bitwidth12compute_kindE1ELNS4_14storage_layoutE0ELi8ELNS0_12decoder_kindE10ELNS0_13multiply_kindE1EEEvNS0_12storage_viewIT_XT1_EEESB_mNS0_12table_bundleIXT0_EEEPNS4_14compute_traitsIXT0_EE4typeE
    0 bytes stack frame, 0 bytes spill stores, 0 bytes spill loads
ptxas info    : Used 32 registers, used 1 barriers
ptxas info    : Compile time = 4.963 ms
ptxas info    : Compiling entry function '_ZN3aut12lns_strategy18gemv_thread_kernelINS_3lns7lns4_r1ELNS_8bitwidth12compute_kindE1ELNS4_14storage_layoutE0ELi4ELNS0_12decoder_kindE10ELNS0_13multiply_kindE1EEEvNS0_12storage_viewIT_XT1_EEESB_mmNS0_12table_bundleIXT0_EEEPNS4_14compute_traitsIXT0_EE4typeE' for 'sm_90'
ptxas info    : Function properties for _ZN3aut12lns_strategy18gemv_thread_kernelINS_3lns7lns4_r1ELNS_8bitwidth12compute_kindE1ELNS4_14storage_layoutE0ELi4ELNS0_12decoder_kindE10ELNS0_13multiply_kindE1EEEvNS0_12storage_viewIT_XT1_EEESB_mmNS0_12table_bundleIXT0_EEEPNS4_14compute_traitsIXT0_EE4typeE
    0 bytes stack frame, 0 bytes spill stores, 0 bytes spill loads
ptxas info    : Used 32 registers, used 1 barriers
ptxas info    : Compile time = 5.970 ms
ptxas info    : Compiling entry function '_ZN3aut12lns_strategy17dot_thread_kernelINS_3lns7lns4_r1ELNS_8bitwidth12compute_kindE1ELNS4_14storage_layoutE0ELi4ELNS0_12decoder_kindE10ELNS0_13multiply_kindE1EEEvNS0_12storage_viewIT_XT1_EEESB_mNS0_12table_bundleIXT0_EEEPNS4_14compute_traitsIXT0_EE4typeE' for 'sm_90'
ptxas info    : Function properties for _ZN3aut12lns_strategy17dot_thread_kernelINS_3lns7lns4_r1ELNS_8bitwidth12compute_kindE1ELNS4_14storage_layoutE0ELi4ELNS0_12decoder_kindE10ELNS0_13multiply_kindE1EEEvNS0_12storage_viewIT_XT1_EEESB_mNS0_12table_bundleIXT0_EEEPNS4_14compute_traitsIXT0_EE4typeE
    0 bytes stack frame, 0 bytes spill stores, 0 bytes spill loads
ptxas info    : Used 32 registers, used 1 barriers
ptxas info    : Compile time = 5.680 ms
ptxas info    : Compiling entry function '_ZN3aut12lns_strategy18gemv_thread_kernelINS_3lns7lns4_r1ELNS_8bitwidth12compute_kindE1ELNS4_14storage_layoutE0ELi2ELNS0_12decoder_kindE10ELNS0_13multiply_kindE1EEEvNS0_12storage_viewIT_XT1_EEESB_mmNS0_12table_bundleIXT0_EEEPNS4_14compute_traitsIXT0_EE4typeE' for 'sm_90'
ptxas info    : Function properties for _ZN3aut12lns_strategy18gemv_thread_kernelINS_3lns7lns4_r1ELNS_8bitwidth12compute_kindE1ELNS4_14storage_layoutE0ELi2ELNS0_12decoder_kindE10ELNS0_13multiply_kindE1EEEvNS0_12storage_viewIT_XT1_EEESB_mmNS0_12table_bundleIXT0_EEEPNS4_14compute_traitsIXT0_EE4typeE
    0 bytes stack frame, 0 bytes spill stores, 0 bytes spill loads
ptxas info    : Used 30 registers, used 1 barriers
ptxas info    : Compile time = 4.379 ms
ptxas info    : Compiling entry function '_ZN3aut12lns_strategy17dot_thread_kernelINS_3lns7lns4_r1ELNS_8bitwidth12compute_kindE1ELNS4_14storage_layoutE0ELi2ELNS0_12decoder_kindE10ELNS0_13multiply_kindE1EEEvNS0_12storage_viewIT_XT1_EEESB_mNS0_12table_bundleIXT0_EEEPNS4_14compute_traitsIXT0_EE4typeE' for 'sm_90'
ptxas info    : Function properties for _ZN3aut12lns_strategy17dot_thread_kernelINS_3lns7lns4_r1ELNS_8bitwidth12compute_kindE1ELNS4_14storage_layoutE0ELi2ELNS0_12decoder_kindE10ELNS0_13multiply_kindE1EEEvNS0_12storage_viewIT_XT1_EEESB_mNS0_12table_bundleIXT0_EEEPNS4_14compute_traitsIXT0_EE4typeE
    0 bytes stack frame, 0 bytes spill stores, 0 bytes spill loads
ptxas info    : Used 32 registers, used 1 barriers
ptxas info    : Compile time = 4.266 ms
ptxas info    : Compiling entry function '_ZN3aut12lns_strategy18gemv_thread_kernelINS_3lns7lns4_r1ELNS_8bitwidth12compute_kindE1ELNS4_14storage_layoutE1ELi1ELNS0_12decoder_kindE10ELNS0_13multiply_kindE1EEEvNS0_12storage_viewIT_XT1_EEESB_mmNS0_12table_bundleIXT0_EEEPNS4_14compute_traitsIXT0_EE4typeE' for 'sm_90'
ptxas info    : Function properties for _ZN3aut12lns_strategy18gemv_thread_kernelINS_3lns7lns4_r1ELNS_8bitwidth12compute_kindE1ELNS4_14storage_layoutE1ELi1ELNS0_12decoder_kindE10ELNS0_13multiply_kindE1EEEvNS0_12storage_viewIT_XT1_EEESB_mmNS0_12table_bundleIXT0_EEEPNS4_14compute_traitsIXT0_EE4typeE
    0 bytes stack frame, 0 bytes spill stores, 0 bytes spill loads
ptxas info    : Used 20 registers, used 1 barriers
ptxas info    : Compile time = 2.761 ms
ptxas info    : Compiling entry function '_ZN3aut12lns_strategy17dot_thread_kernelINS_3lns7lns4_r1ELNS_8bitwidth12compute_kindE1ELNS4_14storage_layoutE1ELi1ELNS0_12decoder_kindE10ELNS0_13multiply_kindE1EEEvNS0_12storage_viewIT_XT1_EEESB_mNS0_12table_bundleIXT0_EEEPNS4_14compute_traitsIXT0_EE4typeE' for 'sm_90'
ptxas info    : Function properties for _ZN3aut12lns_strategy17dot_thread_kernelINS_3lns7lns4_r1ELNS_8bitwidth12compute_kindE1ELNS4_14storage_layoutE1ELi1ELNS0_12decoder_kindE10ELNS0_13multiply_kindE1EEEvNS0_12storage_viewIT_XT1_EEESB_mNS0_12table_bundleIXT0_EEEPNS4_14compute_traitsIXT0_EE4typeE
    0 bytes stack frame, 0 bytes spill stores, 0 bytes spill loads
ptxas info    : Used 24 registers, used 1 barriers
ptxas info    : Compile time = 2.592 ms
ptxas info    : Compiling entry function '_ZN3aut12lns_strategy18gemv_thread_kernelINS_3lns7lns4_r1ELNS_8bitwidth12compute_kindE1ELNS4_14storage_layoutE0ELi1ELNS0_12decoder_kindE10ELNS0_13multiply_kindE1EEEvNS0_12storage_viewIT_XT1_EEESB_mmNS0_12table_bundleIXT0_EEEPNS4_14compute_traitsIXT0_EE4typeE' for 'sm_90'
ptxas info    : Function properties for _ZN3aut12lns_strategy18gemv_thread_kernelINS_3lns7lns4_r1ELNS_8bitwidth12compute_kindE1ELNS4_14storage_layoutE0ELi1ELNS0_12decoder_kindE10ELNS0_13multiply_kindE1EEEvNS0_12storage_viewIT_XT1_EEESB_mmNS0_12table_bundleIXT0_EEEPNS4_14compute_traitsIXT0_EE4typeE
    0 bytes stack frame, 0 bytes spill stores, 0 bytes spill loads
ptxas info    : Used 21 registers, used 1 barriers
ptxas info    : Compile time = 3.253 ms
ptxas info    : Compiling entry function '_ZN3aut12lns_strategy17dot_thread_kernelINS_3lns7lns4_r1ELNS_8bitwidth12compute_kindE1ELNS4_14storage_layoutE0ELi1ELNS0_12decoder_kindE10ELNS0_13multiply_kindE1EEEvNS0_12storage_viewIT_XT1_EEESB_mNS0_12table_bundleIXT0_EEEPNS4_14compute_traitsIXT0_EE4typeE' for 'sm_90'
ptxas info    : Function properties for _ZN3aut12lns_strategy17dot_thread_kernelINS_3lns7lns4_r1ELNS_8bitwidth12compute_kindE1ELNS4_14storage_layoutE0ELi1ELNS0_12decoder_kindE10ELNS0_13multiply_kindE1EEEvNS0_12storage_viewIT_XT1_EEESB_mNS0_12table_bundleIXT0_EEEPNS4_14compute_traitsIXT0_EE4typeE
    0 bytes stack frame, 0 bytes spill stores, 0 bytes spill loads
ptxas info    : Used 22 registers, used 1 barriers
ptxas info    : Compile time = 3.035 ms
ptxas info    : Compiling entry function '_ZN3aut12lns_strategy23gemv_cooperative_kernelINS_3lns7lns4_r1ELNS_8bitwidth12compute_kindE1ELNS0_12decoder_kindE6ELNS0_13multiply_kindE1EEEvPKjS9_mmNS0_12table_bundleIXT0_EEEPNS4_14compute_traitsIXT0_EE4typeE' for 'sm_90'
ptxas info    : Function properties for _ZN3aut12lns_strategy23gemv_cooperative_kernelINS_3lns7lns4_r1ELNS_8bitwidth12compute_kindE1ELNS0_12decoder_kindE6ELNS0_13multiply_kindE1EEEvPKjS9_mmNS0_12table_bundleIXT0_EEEPNS4_14compute_traitsIXT0_EE4typeE
    0 bytes stack frame, 0 bytes spill stores, 0 bytes spill loads
ptxas info    : Used 29 registers, used 1 barriers
ptxas info    : Compile time = 7.177 ms
ptxas info    : Compiling entry function '_ZN3aut12lns_strategy22dot_cooperative_kernelINS_3lns7lns4_r1ELNS_8bitwidth12compute_kindE1ELNS0_12decoder_kindE6ELNS0_13multiply_kindE1EEEvPKjS9_mNS0_12table_bundleIXT0_EEEPNS4_14compute_traitsIXT0_EE4typeE' for 'sm_90'
ptxas info    : Function properties for _ZN3aut12lns_strategy22dot_cooperative_kernelINS_3lns7lns4_r1ELNS_8bitwidth12compute_kindE1ELNS0_12decoder_kindE6ELNS0_13multiply_kindE1EEEvPKjS9_mNS0_12table_bundleIXT0_EEEPNS4_14compute_traitsIXT0_EE4typeE
    0 bytes stack frame, 0 bytes spill stores, 0 bytes spill loads
ptxas info    : Used 28 registers, used 1 barriers
ptxas info    : Compile time = 6.970 ms
ptxas info    : Compiling entry function '_ZN3aut12lns_strategy18gemv_thread_kernelINS_3lns7lns4_r1ELNS_8bitwidth12compute_kindE1ELNS4_14storage_layoutE1ELi8ELNS0_12decoder_kindE6ELNS0_13multiply_kindE1EEEvNS0_12storage_viewIT_XT1_EEESB_mmNS0_12table_bundleIXT0_EEEPNS4_14compute_traitsIXT0_EE4typeE' for 'sm_90'
ptxas info    : Function properties for _ZN3aut12lns_strategy18gemv_thread_kernelINS_3lns7lns4_r1ELNS_8bitwidth12compute_kindE1ELNS4_14storage_layoutE1ELi8ELNS0_12decoder_kindE6ELNS0_13multiply_kindE1EEEvNS0_12storage_viewIT_XT1_EEESB_mmNS0_12table_bundleIXT0_EEEPNS4_14compute_traitsIXT0_EE4typeE
    0 bytes stack frame, 0 bytes spill stores, 0 bytes spill loads
ptxas info    : Used 38 registers, used 1 barriers
ptxas info    : Compile time = 22.823 ms
ptxas info    : Compiling entry function '_ZN3aut12lns_strategy17dot_thread_kernelINS_3lns7lns4_r1ELNS_8bitwidth12compute_kindE1ELNS4_14storage_layoutE1ELi8ELNS0_12decoder_kindE6ELNS0_13multiply_kindE1EEEvNS0_12storage_viewIT_XT1_EEESB_mNS0_12table_bundleIXT0_EEEPNS4_14compute_traitsIXT0_EE4typeE' for 'sm_90'
ptxas info    : Function properties for _ZN3aut12lns_strategy17dot_thread_kernelINS_3lns7lns4_r1ELNS_8bitwidth12compute_kindE1ELNS4_14storage_layoutE1ELi8ELNS0_12decoder_kindE6ELNS0_13multiply_kindE1EEEvNS0_12storage_viewIT_XT1_EEESB_mNS0_12table_bundleIXT0_EEEPNS4_14compute_traitsIXT0_EE4typeE
    0 bytes stack frame, 0 bytes spill stores, 0 bytes spill loads
ptxas info    : Used 40 registers, used 1 barriers
ptxas info    : Compile time = 22.486 ms
ptxas info    : Compiling entry function '_ZN3aut12lns_strategy18gemv_thread_kernelINS_3lns7lns4_r1ELNS_8bitwidth12compute_kindE1ELNS4_14storage_layoutE1ELi4ELNS0_12decoder_kindE6ELNS0_13multiply_kindE1EEEvNS0_12storage_viewIT_XT1_EEESB_mmNS0_12table_bundleIXT0_EEEPNS4_14compute_traitsIXT0_EE4typeE' for 'sm_90'
ptxas info    : Function properties for _ZN3aut12lns_strategy18gemv_thread_kernelINS_3lns7lns4_r1ELNS_8bitwidth12compute_kindE1ELNS4_14storage_layoutE1ELi4ELNS0_12decoder_kindE6ELNS0_13multiply_kindE1EEEvNS0_12storage_viewIT_XT1_EEESB_mmNS0_12table_bundleIXT0_EEEPNS4_14compute_traitsIXT0_EE4typeE
    0 bytes stack frame, 0 bytes spill stores, 0 bytes spill loads
ptxas info    : Used 31 registers, used 1 barriers
ptxas info    : Compile time = 12.935 ms
ptxas info    : Compiling entry function '_ZN3aut12lns_strategy17dot_thread_kernelINS_3lns7lns4_r1ELNS_8bitwidth12compute_kindE1ELNS4_14storage_layoutE1ELi4ELNS0_12decoder_kindE6ELNS0_13multiply_kindE1EEEvNS0_12storage_viewIT_XT1_EEESB_mNS0_12table_bundleIXT0_EEEPNS4_14compute_traitsIXT0_EE4typeE' for 'sm_90'
ptxas info    : Function properties for _ZN3aut12lns_strategy17dot_thread_kernelINS_3lns7lns4_r1ELNS_8bitwidth12compute_kindE1ELNS4_14storage_layoutE1ELi4ELNS0_12decoder_kindE6ELNS0_13multiply_kindE1EEEvNS0_12storage_viewIT_XT1_EEESB_mNS0_12table_bundleIXT0_EEEPNS4_14compute_traitsIXT0_EE4typeE
    0 bytes stack frame, 0 bytes spill stores, 0 bytes spill loads
ptxas info    : Used 33 registers, used 1 barriers
ptxas info    : Compile time = 13.051 ms
ptxas info    : Compiling entry function '_ZN3aut12lns_strategy18gemv_thread_kernelINS_3lns7lns4_r1ELNS_8bitwidth12compute_kindE1ELNS4_14storage_layoutE1ELi2ELNS0_12decoder_kindE6ELNS0_13multiply_kindE1EEEvNS0_12storage_viewIT_XT1_EEESB_mmNS0_12table_bundleIXT0_EEEPNS4_14compute_traitsIXT0_EE4typeE' for 'sm_90'
ptxas info    : Function properties for _ZN3aut12lns_strategy18gemv_thread_kernelINS_3lns7lns4_r1ELNS_8bitwidth12compute_kindE1ELNS4_14storage_layoutE1ELi2ELNS0_12decoder_kindE6ELNS0_13multiply_kindE1EEEvNS0_12storage_viewIT_XT1_EEESB_mmNS0_12table_bundleIXT0_EEEPNS4_14compute_traitsIXT0_EE4typeE
    0 bytes stack frame, 0 bytes spill stores, 0 bytes spill loads
ptxas info    : Used 28 registers, used 1 barriers
ptxas info    : Compile time = 8.499 ms
ptxas info    : Compiling entry function '_ZN3aut12lns_strategy17dot_thread_kernelINS_3lns7lns4_r1ELNS_8bitwidth12compute_kindE1ELNS4_14storage_layoutE1ELi2ELNS0_12decoder_kindE6ELNS0_13multiply_kindE1EEEvNS0_12storage_viewIT_XT1_EEESB_mNS0_12table_bundleIXT0_EEEPNS4_14compute_traitsIXT0_EE4typeE' for 'sm_90'
ptxas info    : Function properties for _ZN3aut12lns_strategy17dot_thread_kernelINS_3lns7lns4_r1ELNS_8bitwidth12compute_kindE1ELNS4_14storage_layoutE1ELi2ELNS0_12decoder_kindE6ELNS0_13multiply_kindE1EEEvNS0_12storage_viewIT_XT1_EEESB_mNS0_12table_bundleIXT0_EEEPNS4_14compute_traitsIXT0_EE4typeE
    0 bytes stack frame, 0 bytes spill stores, 0 bytes spill loads
ptxas info    : Used 31 registers, used 1 barriers
ptxas info    : Compile time = 8.557 ms
ptxas info    : Compiling entry function '_ZN3aut12lns_strategy18gemv_thread_kernelINS_3lns7lns4_r1ELNS_8bitwidth12compute_kindE1ELNS4_14storage_layoutE0ELi8ELNS0_12decoder_kindE6ELNS0_13multiply_kindE1EEEvNS0_12storage_viewIT_XT1_EEESB_mmNS0_12table_bundleIXT0_EEEPNS4_14compute_traitsIXT0_EE4typeE' for 'sm_90'
ptxas info    : Function properties for _ZN3aut12lns_strategy18gemv_thread_kernelINS_3lns7lns4_r1ELNS_8bitwidth12compute_kindE1ELNS4_14storage_layoutE0ELi8ELNS0_12decoder_kindE6ELNS0_13multiply_kindE1EEEvNS0_12storage_viewIT_XT1_EEESB_mmNS0_12table_bundleIXT0_EEEPNS4_14compute_traitsIXT0_EE4typeE
    0 bytes stack frame, 0 bytes spill stores, 0 bytes spill loads
ptxas info    : Used 56 registers, used 1 barriers
ptxas info    : Compile time = 25.745 ms
ptxas info    : Compiling entry function '_ZN3aut12lns_strategy17dot_thread_kernelINS_3lns7lns4_r1ELNS_8bitwidth12compute_kindE1ELNS4_14storage_layoutE0ELi8ELNS0_12decoder_kindE6ELNS0_13multiply_kindE1EEEvNS0_12storage_viewIT_XT1_EEESB_mNS0_12table_bundleIXT0_EEEPNS4_14compute_traitsIXT0_EE4typeE' for 'sm_90'
ptxas info    : Function properties for _ZN3aut12lns_strategy17dot_thread_kernelINS_3lns7lns4_r1ELNS_8bitwidth12compute_kindE1ELNS4_14storage_layoutE0ELi8ELNS0_12decoder_kindE6ELNS0_13multiply_kindE1EEEvNS0_12storage_viewIT_XT1_EEESB_mNS0_12table_bundleIXT0_EEEPNS4_14compute_traitsIXT0_EE4typeE
    0 bytes stack frame, 0 bytes spill stores, 0 bytes spill loads
ptxas info    : Used 36 registers, used 1 barriers
ptxas info    : Compile time = 21.847 ms
ptxas info    : Compiling entry function '_ZN3aut12lns_strategy18gemv_thread_kernelINS_3lns7lns4_r1ELNS_8bitwidth12compute_kindE1ELNS4_14storage_layoutE0ELi4ELNS0_12decoder_kindE6ELNS0_13multiply_kindE1EEEvNS0_12storage_viewIT_XT1_EEESB_mmNS0_12table_bundleIXT0_EEEPNS4_14compute_traitsIXT0_EE4typeE' for 'sm_90'
ptxas info    : Function properties for _ZN3aut12lns_strategy18gemv_thread_kernelINS_3lns7lns4_r1ELNS_8bitwidth12compute_kindE1ELNS4_14storage_layoutE0ELi4ELNS0_12decoder_kindE6ELNS0_13multiply_kindE1EEEvNS0_12storage_viewIT_XT1_EEESB_mmNS0_12table_bundleIXT0_EEEPNS4_14compute_traitsIXT0_EE4typeE
    0 bytes stack frame, 0 bytes spill stores, 0 bytes spill loads
ptxas info    : Used 40 registers, used 1 barriers
ptxas info    : Compile time = 15.243 ms
ptxas info    : Compiling entry function '_ZN3aut12lns_strategy17dot_thread_kernelINS_3lns7lns4_r1ELNS_8bitwidth12compute_kindE1ELNS4_14storage_layoutE0ELi4ELNS0_12decoder_kindE6ELNS0_13multiply_kindE1EEEvNS0_12storage_viewIT_XT1_EEESB_mNS0_12table_bundleIXT0_EEEPNS4_14compute_traitsIXT0_EE4typeE' for 'sm_90'
ptxas info    : Function properties for _ZN3aut12lns_strategy17dot_thread_kernelINS_3lns7lns4_r1ELNS_8bitwidth12compute_kindE1ELNS4_14storage_layoutE0ELi4ELNS0_12decoder_kindE6ELNS0_13multiply_kindE1EEEvNS0_12storage_viewIT_XT1_EEESB_mNS0_12table_bundleIXT0_EEEPNS4_14compute_traitsIXT0_EE4typeE
    0 bytes stack frame, 0 bytes spill stores, 0 bytes spill loads
ptxas info    : Used 40 registers, used 1 barriers
ptxas info    : Compile time = 14.960 ms
ptxas info    : Compiling entry function '_ZN3aut12lns_strategy18gemv_thread_kernelINS_3lns7lns4_r1ELNS_8bitwidth12compute_kindE1ELNS4_14storage_layoutE0ELi2ELNS0_12decoder_kindE6ELNS0_13multiply_kindE1EEEvNS0_12storage_viewIT_XT1_EEESB_mmNS0_12table_bundleIXT0_EEEPNS4_14compute_traitsIXT0_EE4typeE' for 'sm_90'
ptxas info    : Function properties for _ZN3aut12lns_strategy18gemv_thread_kernelINS_3lns7lns4_r1ELNS_8bitwidth12compute_kindE1ELNS4_14storage_layoutE0ELi2ELNS0_12decoder_kindE6ELNS0_13multiply_kindE1EEEvNS0_12storage_viewIT_XT1_EEESB_mmNS0_12table_bundleIXT0_EEEPNS4_14compute_traitsIXT0_EE4typeE
    0 bytes stack frame, 0 bytes spill stores, 0 bytes spill loads
ptxas info    : Used 31 registers, used 1 barriers
ptxas info    : Compile time = 9.434 ms
ptxas info    : Compiling entry function '_ZN3aut12lns_strategy17dot_thread_kernelINS_3lns7lns4_r1ELNS_8bitwidth12compute_kindE1ELNS4_14storage_layoutE0ELi2ELNS0_12decoder_kindE6ELNS0_13multiply_kindE1EEEvNS0_12storage_viewIT_XT1_EEESB_mNS0_12table_bundleIXT0_EEEPNS4_14compute_traitsIXT0_EE4typeE' for 'sm_90'
ptxas info    : Function properties for _ZN3aut12lns_strategy17dot_thread_kernelINS_3lns7lns4_r1ELNS_8bitwidth12compute_kindE1ELNS4_14storage_layoutE0ELi2ELNS0_12decoder_kindE6ELNS0_13multiply_kindE1EEEvNS0_12storage_viewIT_XT1_EEESB_mNS0_12table_bundleIXT0_EEEPNS4_14compute_traitsIXT0_EE4typeE
    0 bytes stack frame, 0 bytes spill stores, 0 bytes spill loads
ptxas info    : Used 32 registers, used 1 barriers
ptxas info    : Compile time = 9.323 ms
ptxas info    : Compiling entry function '_ZN3aut12lns_strategy18gemv_thread_kernelINS_3lns7lns4_r1ELNS_8bitwidth12compute_kindE1ELNS4_14storage_layoutE1ELi1ELNS0_12decoder_kindE6ELNS0_13multiply_kindE1EEEvNS0_12storage_viewIT_XT1_EEESB_mmNS0_12table_bundleIXT0_EEEPNS4_14compute_traitsIXT0_EE4typeE' for 'sm_90'
ptxas info    : Function properties for _ZN3aut12lns_strategy18gemv_thread_kernelINS_3lns7lns4_r1ELNS_8bitwidth12compute_kindE1ELNS4_14storage_layoutE1ELi1ELNS0_12decoder_kindE6ELNS0_13multiply_kindE1EEEvNS0_12storage_viewIT_XT1_EEESB_mmNS0_12table_bundleIXT0_EEEPNS4_14compute_traitsIXT0_EE4typeE
    0 bytes stack frame, 0 bytes spill stores, 0 bytes spill loads
ptxas info    : Used 25 registers, used 1 barriers
ptxas info    : Compile time = 5.982 ms
ptxas info    : Compiling entry function '_ZN3aut12lns_strategy17dot_thread_kernelINS_3lns7lns4_r1ELNS_8bitwidth12compute_kindE1ELNS4_14storage_layoutE1ELi1ELNS0_12decoder_kindE6ELNS0_13multiply_kindE1EEEvNS0_12storage_viewIT_XT1_EEESB_mNS0_12table_bundleIXT0_EEEPNS4_14compute_traitsIXT0_EE4typeE' for 'sm_90'
ptxas info    : Function properties for _ZN3aut12lns_strategy17dot_thread_kernelINS_3lns7lns4_r1ELNS_8bitwidth12compute_kindE1ELNS4_14storage_layoutE1ELi1ELNS0_12decoder_kindE6ELNS0_13multiply_kindE1EEEvNS0_12storage_viewIT_XT1_EEESB_mNS0_12table_bundleIXT0_EEEPNS4_14compute_traitsIXT0_EE4typeE
    0 bytes stack frame, 0 bytes spill stores, 0 bytes spill loads
ptxas info    : Used 27 registers, used 1 barriers
ptxas info    : Compile time = 5.808 ms
ptxas info    : Compiling entry function '_ZN3aut12lns_strategy18gemv_thread_kernelINS_3lns7lns4_r1ELNS_8bitwidth12compute_kindE1ELNS4_14storage_layoutE0ELi1ELNS0_12decoder_kindE6ELNS0_13multiply_kindE1EEEvNS0_12storage_viewIT_XT1_EEESB_mmNS0_12table_bundleIXT0_EEEPNS4_14compute_traitsIXT0_EE4typeE' for 'sm_90'
ptxas info    : Function properties for _ZN3aut12lns_strategy18gemv_thread_kernelINS_3lns7lns4_r1ELNS_8bitwidth12compute_kindE1ELNS4_14storage_layoutE0ELi1ELNS0_12decoder_kindE6ELNS0_13multiply_kindE1EEEvNS0_12storage_viewIT_XT1_EEESB_mmNS0_12table_bundleIXT0_EEEPNS4_14compute_traitsIXT0_EE4typeE
    0 bytes stack frame, 0 bytes spill stores, 0 bytes spill loads
ptxas info    : Used 25 registers, used 1 barriers
ptxas info    : Compile time = 6.405 ms
ptxas info    : Compiling entry function '_ZN3aut12lns_strategy17dot_thread_kernelINS_3lns7lns4_r1ELNS_8bitwidth12compute_kindE1ELNS4_14storage_layoutE0ELi1ELNS0_12decoder_kindE6ELNS0_13multiply_kindE1EEEvNS0_12storage_viewIT_XT1_EEESB_mNS0_12table_bundleIXT0_EEEPNS4_14compute_traitsIXT0_EE4typeE' for 'sm_90'
ptxas info    : Function properties for _ZN3aut12lns_strategy17dot_thread_kernelINS_3lns7lns4_r1ELNS_8bitwidth12compute_kindE1ELNS4_14storage_layoutE0ELi1ELNS0_12decoder_kindE6ELNS0_13multiply_kindE1EEEvNS0_12storage_viewIT_XT1_EEESB_mNS0_12table_bundleIXT0_EEEPNS4_14compute_traitsIXT0_EE4typeE
    0 bytes stack frame, 0 bytes spill stores, 0 bytes spill loads
ptxas info    : Used 27 registers, used 1 barriers
ptxas info    : Compile time = 6.171 ms
ptxas info    : Compiling entry function '_ZN3aut12lns_strategy23gemv_cooperative_kernelINS_3lns7lns4_r1ELNS_8bitwidth12compute_kindE1ELNS0_12decoder_kindE6ELNS0_13multiply_kindE0EEEvPKjS9_mmNS0_12table_bundleIXT0_EEEPNS4_14compute_traitsIXT0_EE4typeE' for 'sm_90'
ptxas info    : Function properties for _ZN3aut12lns_strategy23gemv_cooperative_kernelINS_3lns7lns4_r1ELNS_8bitwidth12compute_kindE1ELNS0_12decoder_kindE6ELNS0_13multiply_kindE0EEEvPKjS9_mmNS0_12table_bundleIXT0_EEEPNS4_14compute_traitsIXT0_EE4typeE
    0 bytes stack frame, 0 bytes spill stores, 0 bytes spill loads
ptxas info    : Used 32 registers, used 1 barriers
ptxas info    : Compile time = 8.123 ms
ptxas info    : Compiling entry function '_ZN3aut12lns_strategy22dot_cooperative_kernelINS_3lns7lns4_r1ELNS_8bitwidth12compute_kindE1ELNS0_12decoder_kindE6ELNS0_13multiply_kindE0EEEvPKjS9_mNS0_12table_bundleIXT0_EEEPNS4_14compute_traitsIXT0_EE4typeE' for 'sm_90'
ptxas info    : Function properties for _ZN3aut12lns_strategy22dot_cooperative_kernelINS_3lns7lns4_r1ELNS_8bitwidth12compute_kindE1ELNS0_12decoder_kindE6ELNS0_13multiply_kindE0EEEvPKjS9_mNS0_12table_bundleIXT0_EEEPNS4_14compute_traitsIXT0_EE4typeE
    0 bytes stack frame, 0 bytes spill stores, 0 bytes spill loads
ptxas info    : Used 32 registers, used 1 barriers
ptxas info    : Compile time = 7.950 ms
ptxas info    : Compiling entry function '_ZN3aut12lns_strategy18gemv_thread_kernelINS_3lns7lns4_r1ELNS_8bitwidth12compute_kindE1ELNS4_14storage_layoutE1ELi8ELNS0_12decoder_kindE6ELNS0_13multiply_kindE0EEEvNS0_12storage_viewIT_XT1_EEESB_mmNS0_12table_bundleIXT0_EEEPNS4_14compute_traitsIXT0_EE4typeE' for 'sm_90'
ptxas info    : Function properties for _ZN3aut12lns_strategy18gemv_thread_kernelINS_3lns7lns4_r1ELNS_8bitwidth12compute_kindE1ELNS4_14storage_layoutE1ELi8ELNS0_12decoder_kindE6ELNS0_13multiply_kindE0EEEvNS0_12storage_viewIT_XT1_EEESB_mmNS0_12table_bundleIXT0_EEEPNS4_14compute_traitsIXT0_EE4typeE
    0 bytes stack frame, 0 bytes spill stores, 0 bytes spill loads
ptxas info    : Used 36 registers, used 1 barriers
ptxas info    : Compile time = 30.509 ms
ptxas info    : Compiling entry function '_ZN3aut12lns_strategy17dot_thread_kernelINS_3lns7lns4_r1ELNS_8bitwidth12compute_kindE1ELNS4_14storage_layoutE1ELi8ELNS0_12decoder_kindE6ELNS0_13multiply_kindE0EEEvNS0_12storage_viewIT_XT1_EEESB_mNS0_12table_bundleIXT0_EEEPNS4_14compute_traitsIXT0_EE4typeE' for 'sm_90'
ptxas info    : Function properties for _ZN3aut12lns_strategy17dot_thread_kernelINS_3lns7lns4_r1ELNS_8bitwidth12compute_kindE1ELNS4_14storage_layoutE1ELi8ELNS0_12decoder_kindE6ELNS0_13multiply_kindE0EEEvNS0_12storage_viewIT_XT1_EEESB_mNS0_12table_bundleIXT0_EEEPNS4_14compute_traitsIXT0_EE4typeE
    0 bytes stack frame, 0 bytes spill stores, 0 bytes spill loads
ptxas info    : Used 40 registers, used 1 barriers
ptxas info    : Compile time = 30.140 ms
ptxas info    : Compiling entry function '_ZN3aut12lns_strategy18gemv_thread_kernelINS_3lns7lns4_r1ELNS_8bitwidth12compute_kindE1ELNS4_14storage_layoutE1ELi4ELNS0_12decoder_kindE6ELNS0_13multiply_kindE0EEEvNS0_12storage_viewIT_XT1_EEESB_mmNS0_12table_bundleIXT0_EEEPNS4_14compute_traitsIXT0_EE4typeE' for 'sm_90'
ptxas info    : Function properties for _ZN3aut12lns_strategy18gemv_thread_kernelINS_3lns7lns4_r1ELNS_8bitwidth12compute_kindE1ELNS4_14storage_layoutE1ELi4ELNS0_12decoder_kindE6ELNS0_13multiply_kindE0EEEvNS0_12storage_viewIT_XT1_EEESB_mmNS0_12table_bundleIXT0_EEEPNS4_14compute_traitsIXT0_EE4typeE
    0 bytes stack frame, 0 bytes spill stores, 0 bytes spill loads
ptxas info    : Used 33 registers, used 1 barriers
ptxas info    : Compile time = 16.358 ms
ptxas info    : Compiling entry function '_ZN3aut12lns_strategy17dot_thread_kernelINS_3lns7lns4_r1ELNS_8bitwidth12compute_kindE1ELNS4_14storage_layoutE1ELi4ELNS0_12decoder_kindE6ELNS0_13multiply_kindE0EEEvNS0_12storage_viewIT_XT1_EEESB_mNS0_12table_bundleIXT0_EEEPNS4_14compute_traitsIXT0_EE4typeE' for 'sm_90'
ptxas info    : Function properties for _ZN3aut12lns_strategy17dot_thread_kernelINS_3lns7lns4_r1ELNS_8bitwidth12compute_kindE1ELNS4_14storage_layoutE1ELi4ELNS0_12decoder_kindE6ELNS0_13multiply_kindE0EEEvNS0_12storage_viewIT_XT1_EEESB_mNS0_12table_bundleIXT0_EEEPNS4_14compute_traitsIXT0_EE4typeE
    0 bytes stack frame, 0 bytes spill stores, 0 bytes spill loads
ptxas info    : Used 38 registers, used 1 barriers
ptxas info    : Compile time = 16.533 ms
ptxas info    : Compiling entry function '_ZN3aut12lns_strategy18gemv_thread_kernelINS_3lns7lns4_r1ELNS_8bitwidth12compute_kindE1ELNS4_14storage_layoutE1ELi2ELNS0_12decoder_kindE6ELNS0_13multiply_kindE0EEEvNS0_12storage_viewIT_XT1_EEESB_mmNS0_12table_bundleIXT0_EEEPNS4_14compute_traitsIXT0_EE4typeE' for 'sm_90'
ptxas info    : Function properties for _ZN3aut12lns_strategy18gemv_thread_kernelINS_3lns7lns4_r1ELNS_8bitwidth12compute_kindE1ELNS4_14storage_layoutE1ELi2ELNS0_12decoder_kindE6ELNS0_13multiply_kindE0EEEvNS0_12storage_viewIT_XT1_EEESB_mmNS0_12table_bundleIXT0_EEEPNS4_14compute_traitsIXT0_EE4typeE
    0 bytes stack frame, 0 bytes spill stores, 0 bytes spill loads
ptxas info    : Used 31 registers, used 1 barriers
ptxas info    : Compile time = 10.193 ms
ptxas info    : Compiling entry function '_ZN3aut12lns_strategy17dot_thread_kernelINS_3lns7lns4_r1ELNS_8bitwidth12compute_kindE1ELNS4_14storage_layoutE1ELi2ELNS0_12decoder_kindE6ELNS0_13multiply_kindE0EEEvNS0_12storage_viewIT_XT1_EEESB_mNS0_12table_bundleIXT0_EEEPNS4_14compute_traitsIXT0_EE4typeE' for 'sm_90'
ptxas info    : Function properties for _ZN3aut12lns_strategy17dot_thread_kernelINS_3lns7lns4_r1ELNS_8bitwidth12compute_kindE1ELNS4_14storage_layoutE1ELi2ELNS0_12decoder_kindE6ELNS0_13multiply_kindE0EEEvNS0_12storage_viewIT_XT1_EEESB_mNS0_12table_bundleIXT0_EEEPNS4_14compute_traitsIXT0_EE4typeE
    0 bytes stack frame, 0 bytes spill stores, 0 bytes spill loads
ptxas info    : Used 34 registers, used 1 barriers
ptxas info    : Compile time = 10.367 ms
ptxas info    : Compiling entry function '_ZN3aut12lns_strategy18gemv_thread_kernelINS_3lns7lns4_r1ELNS_8bitwidth12compute_kindE1ELNS4_14storage_layoutE0ELi8ELNS0_12decoder_kindE6ELNS0_13multiply_kindE0EEEvNS0_12storage_viewIT_XT1_EEESB_mmNS0_12table_bundleIXT0_EEEPNS4_14compute_traitsIXT0_EE4typeE' for 'sm_90'
ptxas info    : Function properties for _ZN3aut12lns_strategy18gemv_thread_kernelINS_3lns7lns4_r1ELNS_8bitwidth12compute_kindE1ELNS4_14storage_layoutE0ELi8ELNS0_12decoder_kindE6ELNS0_13multiply_kindE0EEEvNS0_12storage_viewIT_XT1_EEESB_mmNS0_12table_bundleIXT0_EEEPNS4_14compute_traitsIXT0_EE4typeE
    0 bytes stack frame, 0 bytes spill stores, 0 bytes spill loads
ptxas info    : Used 56 registers, used 1 barriers
ptxas info    : Compile time = 34.516 ms
ptxas info    : Compiling entry function '_ZN3aut12lns_strategy17dot_thread_kernelINS_3lns7lns4_r1ELNS_8bitwidth12compute_kindE1ELNS4_14storage_layoutE0ELi8ELNS0_12decoder_kindE6ELNS0_13multiply_kindE0EEEvNS0_12storage_viewIT_XT1_EEESB_mNS0_12table_bundleIXT0_EEEPNS4_14compute_traitsIXT0_EE4typeE' for 'sm_90'
ptxas info    : Function properties for _ZN3aut12lns_strategy17dot_thread_kernelINS_3lns7lns4_r1ELNS_8bitwidth12compute_kindE1ELNS4_14storage_layoutE0ELi8ELNS0_12decoder_kindE6ELNS0_13multiply_kindE0EEEvNS0_12storage_viewIT_XT1_EEESB_mNS0_12table_bundleIXT0_EEEPNS4_14compute_traitsIXT0_EE4typeE
    0 bytes stack frame, 0 bytes spill stores, 0 bytes spill loads
ptxas info    : Used 34 registers, used 1 barriers
ptxas info    : Compile time = 30.330 ms
ptxas info    : Compiling entry function '_ZN3aut12lns_strategy18gemv_thread_kernelINS_3lns7lns4_r1ELNS_8bitwidth12compute_kindE1ELNS4_14storage_layoutE0ELi4ELNS0_12decoder_kindE6ELNS0_13multiply_kindE0EEEvNS0_12storage_viewIT_XT1_EEESB_mmNS0_12table_bundleIXT0_EEEPNS4_14compute_traitsIXT0_EE4typeE' for 'sm_90'
ptxas info    : Function properties for _ZN3aut12lns_strategy18gemv_thread_kernelINS_3lns7lns4_r1ELNS_8bitwidth12compute_kindE1ELNS4_14storage_layoutE0ELi4ELNS0_12decoder_kindE6ELNS0_13multiply_kindE0EEEvNS0_12storage_viewIT_XT1_EEESB_mmNS0_12table_bundleIXT0_EEEPNS4_14compute_traitsIXT0_EE4typeE
    0 bytes stack frame, 0 bytes spill stores, 0 bytes spill loads
ptxas info    : Used 40 registers, used 1 barriers
ptxas info    : Compile time = 19.034 ms
ptxas info    : Compiling entry function '_ZN3aut12lns_strategy17dot_thread_kernelINS_3lns7lns4_r1ELNS_8bitwidth12compute_kindE1ELNS4_14storage_layoutE0ELi4ELNS0_12decoder_kindE6ELNS0_13multiply_kindE0EEEvNS0_12storage_viewIT_XT1_EEESB_mNS0_12table_bundleIXT0_EEEPNS4_14compute_traitsIXT0_EE4typeE' for 'sm_90'
ptxas info    : Function properties for _ZN3aut12lns_strategy17dot_thread_kernelINS_3lns7lns4_r1ELNS_8bitwidth12compute_kindE1ELNS4_14storage_layoutE0ELi4ELNS0_12decoder_kindE6ELNS0_13multiply_kindE0EEEvNS0_12storage_viewIT_XT1_EEESB_mNS0_12table_bundleIXT0_EEEPNS4_14compute_traitsIXT0_EE4typeE
    0 bytes stack frame, 0 bytes spill stores, 0 bytes spill loads
ptxas info    : Used 40 registers, used 1 barriers
ptxas info    : Compile time = 18.695 ms
ptxas info    : Compiling entry function '_ZN3aut12lns_strategy18gemv_thread_kernelINS_3lns7lns4_r1ELNS_8bitwidth12compute_kindE1ELNS4_14storage_layoutE0ELi2ELNS0_12decoder_kindE6ELNS0_13multiply_kindE0EEEvNS0_12storage_viewIT_XT1_EEESB_mmNS0_12table_bundleIXT0_EEEPNS4_14compute_traitsIXT0_EE4typeE' for 'sm_90'
ptxas info    : Function properties for _ZN3aut12lns_strategy18gemv_thread_kernelINS_3lns7lns4_r1ELNS_8bitwidth12compute_kindE1ELNS4_14storage_layoutE0ELi2ELNS0_12decoder_kindE6ELNS0_13multiply_kindE0EEEvNS0_12storage_viewIT_XT1_EEESB_mmNS0_12table_bundleIXT0_EEEPNS4_14compute_traitsIXT0_EE4typeE
    0 bytes stack frame, 0 bytes spill stores, 0 bytes spill loads
ptxas info    : Used 33 registers, used 1 barriers
ptxas info    : Compile time = 11.325 ms
ptxas info    : Compiling entry function '_ZN3aut12lns_strategy17dot_thread_kernelINS_3lns7lns4_r1ELNS_8bitwidth12compute_kindE1ELNS4_14storage_layoutE0ELi2ELNS0_12decoder_kindE6ELNS0_13multiply_kindE0EEEvNS0_12storage_viewIT_XT1_EEESB_mNS0_12table_bundleIXT0_EEEPNS4_14compute_traitsIXT0_EE4typeE' for 'sm_90'
ptxas info    : Function properties for _ZN3aut12lns_strategy17dot_thread_kernelINS_3lns7lns4_r1ELNS_8bitwidth12compute_kindE1ELNS4_14storage_layoutE0ELi2ELNS0_12decoder_kindE6ELNS0_13multiply_kindE0EEEvNS0_12storage_viewIT_XT1_EEESB_mNS0_12table_bundleIXT0_EEEPNS4_14compute_traitsIXT0_EE4typeE
    0 bytes stack frame, 0 bytes spill stores, 0 bytes spill loads
ptxas info    : Used 32 registers, used 1 barriers
ptxas info    : Compile time = 11.120 ms
ptxas info    : Compiling entry function '_ZN3aut12lns_strategy18gemv_thread_kernelINS_3lns7lns4_r1ELNS_8bitwidth12compute_kindE1ELNS4_14storage_layoutE1ELi1ELNS0_12decoder_kindE6ELNS0_13multiply_kindE0EEEvNS0_12storage_viewIT_XT1_EEESB_mmNS0_12table_bundleIXT0_EEEPNS4_14compute_traitsIXT0_EE4typeE' for 'sm_90'
ptxas info    : Function properties for _ZN3aut12lns_strategy18gemv_thread_kernelINS_3lns7lns4_r1ELNS_8bitwidth12compute_kindE1ELNS4_14storage_layoutE1ELi1ELNS0_12decoder_kindE6ELNS0_13multiply_kindE0EEEvNS0_12storage_viewIT_XT1_EEESB_mmNS0_12table_bundleIXT0_EEEPNS4_14compute_traitsIXT0_EE4typeE
    0 bytes stack frame, 0 bytes spill stores, 0 bytes spill loads
ptxas info    : Used 28 registers, used 1 barriers
ptxas info    : Compile time = 6.903 ms
ptxas info    : Compiling entry function '_ZN3aut12lns_strategy17dot_thread_kernelINS_3lns7lns4_r1ELNS_8bitwidth12compute_kindE1ELNS4_14storage_layoutE1ELi1ELNS0_12decoder_kindE6ELNS0_13multiply_kindE0EEEvNS0_12storage_viewIT_XT1_EEESB_mNS0_12table_bundleIXT0_EEEPNS4_14compute_traitsIXT0_EE4typeE' for 'sm_90'
ptxas info    : Function properties for _ZN3aut12lns_strategy17dot_thread_kernelINS_3lns7lns4_r1ELNS_8bitwidth12compute_kindE1ELNS4_14storage_layoutE1ELi1ELNS0_12decoder_kindE6ELNS0_13multiply_kindE0EEEvNS0_12storage_viewIT_XT1_EEESB_mNS0_12table_bundleIXT0_EEEPNS4_14compute_traitsIXT0_EE4typeE
    0 bytes stack frame, 0 bytes spill stores, 0 bytes spill loads
ptxas info    : Used 30 registers, used 1 barriers
ptxas info    : Compile time = 6.780 ms
ptxas info    : Compiling entry function '_ZN3aut12lns_strategy18gemv_thread_kernelINS_3lns7lns4_r1ELNS_8bitwidth12compute_kindE1ELNS4_14storage_layoutE0ELi1ELNS0_12decoder_kindE6ELNS0_13multiply_kindE0EEEvNS0_12storage_viewIT_XT1_EEESB_mmNS0_12table_bundleIXT0_EEEPNS4_14compute_traitsIXT0_EE4typeE' for 'sm_90'
ptxas info    : Function properties for _ZN3aut12lns_strategy18gemv_thread_kernelINS_3lns7lns4_r1ELNS_8bitwidth12compute_kindE1ELNS4_14storage_layoutE0ELi1ELNS0_12decoder_kindE6ELNS0_13multiply_kindE0EEEvNS0_12storage_viewIT_XT1_EEESB_mmNS0_12table_bundleIXT0_EEEPNS4_14compute_traitsIXT0_EE4typeE
    0 bytes stack frame, 0 bytes spill stores, 0 bytes spill loads
ptxas info    : Used 29 registers, used 1 barriers
ptxas info    : Compile time = 7.320 ms
ptxas info    : Compiling entry function '_ZN3aut12lns_strategy17dot_thread_kernelINS_3lns7lns4_r1ELNS_8bitwidth12compute_kindE1ELNS4_14storage_layoutE0ELi1ELNS0_12decoder_kindE6ELNS0_13multiply_kindE0EEEvNS0_12storage_viewIT_XT1_EEESB_mNS0_12table_bundleIXT0_EEEPNS4_14compute_traitsIXT0_EE4typeE' for 'sm_90'
ptxas info    : Function properties for _ZN3aut12lns_strategy17dot_thread_kernelINS_3lns7lns4_r1ELNS_8bitwidth12compute_kindE1ELNS4_14storage_layoutE0ELi1ELNS0_12decoder_kindE6ELNS0_13multiply_kindE0EEEvNS0_12storage_viewIT_XT1_EEESB_mNS0_12table_bundleIXT0_EEEPNS4_14compute_traitsIXT0_EE4typeE
    0 bytes stack frame, 0 bytes spill stores, 0 bytes spill loads
ptxas info    : Used 30 registers, used 1 barriers
ptxas info    : Compile time = 7.085 ms
ptxas info    : Compiling entry function '_ZN3aut12lns_strategy23gemv_cooperative_kernelINS_3lns7lns4_r1ELNS_8bitwidth12compute_kindE1ELNS0_12decoder_kindE5ELNS0_13multiply_kindE1EEEvPKjS9_mmNS0_12table_bundleIXT0_EEEPNS4_14compute_traitsIXT0_EE4typeE' for 'sm_90'
ptxas info    : Function properties for _ZN3aut12lns_strategy23gemv_cooperative_kernelINS_3lns7lns4_r1ELNS_8bitwidth12compute_kindE1ELNS0_12decoder_kindE5ELNS0_13multiply_kindE1EEEvPKjS9_mmNS0_12table_bundleIXT0_EEEPNS4_14compute_traitsIXT0_EE4typeE
    0 bytes stack frame, 0 bytes spill stores, 0 bytes spill loads
ptxas info    : Used 25 registers, used 1 barriers
ptxas info    : Compile time = 6.962 ms
ptxas info    : Compiling entry function '_ZN3aut12lns_strategy22dot_cooperative_kernelINS_3lns7lns4_r1ELNS_8bitwidth12compute_kindE1ELNS0_12decoder_kindE5ELNS0_13multiply_kindE1EEEvPKjS9_mNS0_12table_bundleIXT0_EEEPNS4_14compute_traitsIXT0_EE4typeE' for 'sm_90'
ptxas info    : Function properties for _ZN3aut12lns_strategy22dot_cooperative_kernelINS_3lns7lns4_r1ELNS_8bitwidth12compute_kindE1ELNS0_12decoder_kindE5ELNS0_13multiply_kindE1EEEvPKjS9_mNS0_12table_bundleIXT0_EEEPNS4_14compute_traitsIXT0_EE4typeE
    0 bytes stack frame, 0 bytes spill stores, 0 bytes spill loads
ptxas info    : Used 22 registers, used 1 barriers
ptxas info    : Compile time = 6.849 ms
ptxas info    : Compiling entry function '_ZN3aut12lns_strategy18gemv_thread_kernelINS_3lns7lns4_r1ELNS_8bitwidth12compute_kindE1ELNS4_14storage_layoutE1ELi8ELNS0_12decoder_kindE5ELNS0_13multiply_kindE1EEEvNS0_12storage_viewIT_XT1_EEESB_mmNS0_12table_bundleIXT0_EEEPNS4_14compute_traitsIXT0_EE4typeE' for 'sm_90'
ptxas info    : Function properties for _ZN3aut12lns_strategy18gemv_thread_kernelINS_3lns7lns4_r1ELNS_8bitwidth12compute_kindE1ELNS4_14storage_layoutE1ELi8ELNS0_12decoder_kindE5ELNS0_13multiply_kindE1EEEvNS0_12storage_viewIT_XT1_EEESB_mmNS0_12table_bundleIXT0_EEEPNS4_14compute_traitsIXT0_EE4typeE
    0 bytes stack frame, 0 bytes spill stores, 0 bytes spill loads
ptxas info    : Used 34 registers, used 1 barriers
ptxas info    : Compile time = 18.076 ms
ptxas info    : Compiling entry function '_ZN3aut12lns_strategy17dot_thread_kernelINS_3lns7lns4_r1ELNS_8bitwidth12compute_kindE1ELNS4_14storage_layoutE1ELi8ELNS0_12decoder_kindE5ELNS0_13multiply_kindE1EEEvNS0_12storage_viewIT_XT1_EEESB_mNS0_12table_bundleIXT0_EEEPNS4_14compute_traitsIXT0_EE4typeE' for 'sm_90'
ptxas info    : Function properties for _ZN3aut12lns_strategy17dot_thread_kernelINS_3lns7lns4_r1ELNS_8bitwidth12compute_kindE1ELNS4_14storage_layoutE1ELi8ELNS0_12decoder_kindE5ELNS0_13multiply_kindE1EEEvNS0_12storage_viewIT_XT1_EEESB_mNS0_12table_bundleIXT0_EEEPNS4_14compute_traitsIXT0_EE4typeE
    0 bytes stack frame, 0 bytes spill stores, 0 bytes spill loads
ptxas info    : Used 38 registers, used 1 barriers
ptxas info    : Compile time = 18.254 ms
ptxas info    : Compiling entry function '_ZN3aut12lns_strategy18gemv_thread_kernelINS_3lns7lns4_r1ELNS_8bitwidth12compute_kindE1ELNS4_14storage_layoutE1ELi4ELNS0_12decoder_kindE5ELNS0_13multiply_kindE1EEEvNS0_12storage_viewIT_XT1_EEESB_mmNS0_12table_bundleIXT0_EEEPNS4_14compute_traitsIXT0_EE4typeE' for 'sm_90'
ptxas info    : Function properties for _ZN3aut12lns_strategy18gemv_thread_kernelINS_3lns7lns4_r1ELNS_8bitwidth12compute_kindE1ELNS4_14storage_layoutE1ELi4ELNS0_12decoder_kindE5ELNS0_13multiply_kindE1EEEvNS0_12storage_viewIT_XT1_EEESB_mmNS0_12table_bundleIXT0_EEEPNS4_14compute_traitsIXT0_EE4typeE
    0 bytes stack frame, 0 bytes spill stores, 0 bytes spill loads
ptxas info    : Used 26 registers, used 1 barriers
ptxas info    : Compile time = 10.902 ms
ptxas info    : Compiling entry function '_ZN3aut12lns_strategy17dot_thread_kernelINS_3lns7lns4_r1ELNS_8bitwidth12compute_kindE1ELNS4_14storage_layoutE1ELi4ELNS0_12decoder_kindE5ELNS0_13multiply_kindE1EEEvNS0_12storage_viewIT_XT1_EEESB_mNS0_12table_bundleIXT0_EEEPNS4_14compute_traitsIXT0_EE4typeE' for 'sm_90'
ptxas info    : Function properties for _ZN3aut12lns_strategy17dot_thread_kernelINS_3lns7lns4_r1ELNS_8bitwidth12compute_kindE1ELNS4_14storage_layoutE1ELi4ELNS0_12decoder_kindE5ELNS0_13multiply_kindE1EEEvNS0_12storage_viewIT_XT1_EEESB_mNS0_12table_bundleIXT0_EEEPNS4_14compute_traitsIXT0_EE4typeE
    0 bytes stack frame, 0 bytes spill stores, 0 bytes spill loads
ptxas info    : Used 32 registers, used 1 barriers
ptxas info    : Compile time = 10.982 ms
ptxas info    : Compiling entry function '_ZN3aut12lns_strategy18gemv_thread_kernelINS_3lns7lns4_r1ELNS_8bitwidth12compute_kindE1ELNS4_14storage_layoutE1ELi2ELNS0_12decoder_kindE5ELNS0_13multiply_kindE1EEEvNS0_12storage_viewIT_XT1_EEESB_mmNS0_12table_bundleIXT0_EEEPNS4_14compute_traitsIXT0_EE4typeE' for 'sm_90'
ptxas info    : Function properties for _ZN3aut12lns_strategy18gemv_thread_kernelINS_3lns7lns4_r1ELNS_8bitwidth12compute_kindE1ELNS4_14storage_layoutE1ELi2ELNS0_12decoder_kindE5ELNS0_13multiply_kindE1EEEvNS0_12storage_viewIT_XT1_EEESB_mmNS0_12table_bundleIXT0_EEEPNS4_14compute_traitsIXT0_EE4typeE
    0 bytes stack frame, 0 bytes spill stores, 0 bytes spill loads
ptxas info    : Used 22 registers, used 1 barriers
ptxas info    : Compile time = 7.509 ms
ptxas info    : Compiling entry function '_ZN3aut12lns_strategy17dot_thread_kernelINS_3lns7lns4_r1ELNS_8bitwidth12compute_kindE1ELNS4_14storage_layoutE1ELi2ELNS0_12decoder_kindE5ELNS0_13multiply_kindE1EEEvNS0_12storage_viewIT_XT1_EEESB_mNS0_12table_bundleIXT0_EEEPNS4_14compute_traitsIXT0_EE4typeE' for 'sm_90'
ptxas info    : Function properties for _ZN3aut12lns_strategy17dot_thread_kernelINS_3lns7lns4_r1ELNS_8bitwidth12compute_kindE1ELNS4_14storage_layoutE1ELi2ELNS0_12decoder_kindE5ELNS0_13multiply_kindE1EEEvNS0_12storage_viewIT_XT1_EEESB_mNS0_12table_bundleIXT0_EEEPNS4_14compute_traitsIXT0_EE4typeE
    0 bytes stack frame, 0 bytes spill stores, 0 bytes spill loads
ptxas info    : Used 28 registers, used 1 barriers
ptxas info    : Compile time = 7.579 ms
ptxas info    : Compiling entry function '_ZN3aut12lns_strategy18gemv_thread_kernelINS_3lns7lns4_r1ELNS_8bitwidth12compute_kindE1ELNS4_14storage_layoutE0ELi8ELNS0_12decoder_kindE5ELNS0_13multiply_kindE1EEEvNS0_12storage_viewIT_XT1_EEESB_mmNS0_12table_bundleIXT0_EEEPNS4_14compute_traitsIXT0_EE4typeE' for 'sm_90'
ptxas info    : Function properties for _ZN3aut12lns_strategy18gemv_thread_kernelINS_3lns7lns4_r1ELNS_8bitwidth12compute_kindE1ELNS4_14storage_layoutE0ELi8ELNS0_12decoder_kindE5ELNS0_13multiply_kindE1EEEvNS0_12storage_viewIT_XT1_EEESB_mmNS0_12table_bundleIXT0_EEEPNS4_14compute_traitsIXT0_EE4typeE
    0 bytes stack frame, 0 bytes spill stores, 0 bytes spill loads
ptxas info    : Used 48 registers, used 1 barriers
ptxas info    : Compile time = 21.262 ms
ptxas info    : Compiling entry function '_ZN3aut12lns_strategy17dot_thread_kernelINS_3lns7lns4_r1ELNS_8bitwidth12compute_kindE1ELNS4_14storage_layoutE0ELi8ELNS0_12decoder_kindE5ELNS0_13multiply_kindE1EEEvNS0_12storage_viewIT_XT1_EEESB_mNS0_12table_bundleIXT0_EEEPNS4_14compute_traitsIXT0_EE4typeE' for 'sm_90'
ptxas info    : Function properties for _ZN3aut12lns_strategy17dot_thread_kernelINS_3lns7lns4_r1ELNS_8bitwidth12compute_kindE1ELNS4_14storage_layoutE0ELi8ELNS0_12decoder_kindE5ELNS0_13multiply_kindE1EEEvNS0_12storage_viewIT_XT1_EEESB_mNS0_12table_bundleIXT0_EEEPNS4_14compute_traitsIXT0_EE4typeE
    0 bytes stack frame, 0 bytes spill stores, 0 bytes spill loads
ptxas info    : Used 38 registers, used 1 barriers
ptxas info    : Compile time = 17.989 ms
ptxas info    : Compiling entry function '_ZN3aut12lns_strategy18gemv_thread_kernelINS_3lns7lns4_r1ELNS_8bitwidth12compute_kindE1ELNS4_14storage_layoutE0ELi4ELNS0_12decoder_kindE5ELNS0_13multiply_kindE1EEEvNS0_12storage_viewIT_XT1_EEESB_mmNS0_12table_bundleIXT0_EEEPNS4_14compute_traitsIXT0_EE4typeE' for 'sm_90'
ptxas info    : Function properties for _ZN3aut12lns_strategy18gemv_thread_kernelINS_3lns7lns4_r1ELNS_8bitwidth12compute_kindE1ELNS4_14storage_layoutE0ELi4ELNS0_12decoder_kindE5ELNS0_13multiply_kindE1EEEvNS0_12storage_viewIT_XT1_EEESB_mmNS0_12table_bundleIXT0_EEEPNS4_14compute_traitsIXT0_EE4typeE
    0 bytes stack frame, 0 bytes spill stores, 0 bytes spill loads
ptxas info    : Used 32 registers, used 1 barriers
ptxas info    : Compile time = 13.263 ms
ptxas info    : Compiling entry function '_ZN3aut12lns_strategy17dot_thread_kernelINS_3lns7lns4_r1ELNS_8bitwidth12compute_kindE1ELNS4_14storage_layoutE0ELi4ELNS0_12decoder_kindE5ELNS0_13multiply_kindE1EEEvNS0_12storage_viewIT_XT1_EEESB_mNS0_12table_bundleIXT0_EEEPNS4_14compute_traitsIXT0_EE4typeE' for 'sm_90'
ptxas info    : Function properties for _ZN3aut12lns_strategy17dot_thread_kernelINS_3lns7lns4_r1ELNS_8bitwidth12compute_kindE1ELNS4_14storage_layoutE0ELi4ELNS0_12decoder_kindE5ELNS0_13multiply_kindE1EEEvNS0_12storage_viewIT_XT1_EEESB_mNS0_12table_bundleIXT0_EEEPNS4_14compute_traitsIXT0_EE4typeE
    0 bytes stack frame, 0 bytes spill stores, 0 bytes spill loads
ptxas info    : Used 32 registers, used 1 barriers
ptxas info    : Compile time = 12.826 ms
ptxas info    : Compiling entry function '_ZN3aut12lns_strategy18gemv_thread_kernelINS_3lns7lns4_r1ELNS_8bitwidth12compute_kindE1ELNS4_14storage_layoutE0ELi2ELNS0_12decoder_kindE5ELNS0_13multiply_kindE1EEEvNS0_12storage_viewIT_XT1_EEESB_mmNS0_12table_bundleIXT0_EEEPNS4_14compute_traitsIXT0_EE4typeE' for 'sm_90'
ptxas info    : Function properties for _ZN3aut12lns_strategy18gemv_thread_kernelINS_3lns7lns4_r1ELNS_8bitwidth12compute_kindE1ELNS4_14storage_layoutE0ELi2ELNS0_12decoder_kindE5ELNS0_13multiply_kindE1EEEvNS0_12storage_viewIT_XT1_EEESB_mmNS0_12table_bundleIXT0_EEEPNS4_14compute_traitsIXT0_EE4typeE
    0 bytes stack frame, 0 bytes spill stores, 0 bytes spill loads
ptxas info    : Used 32 registers, used 1 barriers
ptxas info    : Compile time = 8.503 ms
ptxas info    : Compiling entry function '_ZN3aut12lns_strategy17dot_thread_kernelINS_3lns7lns4_r1ELNS_8bitwidth12compute_kindE1ELNS4_14storage_layoutE0ELi2ELNS0_12decoder_kindE5ELNS0_13multiply_kindE1EEEvNS0_12storage_viewIT_XT1_EEESB_mNS0_12table_bundleIXT0_EEEPNS4_14compute_traitsIXT0_EE4typeE' for 'sm_90'
ptxas info    : Function properties for _ZN3aut12lns_strategy17dot_thread_kernelINS_3lns7lns4_r1ELNS_8bitwidth12compute_kindE1ELNS4_14storage_layoutE0ELi2ELNS0_12decoder_kindE5ELNS0_13multiply_kindE1EEEvNS0_12storage_viewIT_XT1_EEESB_mNS0_12table_bundleIXT0_EEEPNS4_14compute_traitsIXT0_EE4typeE
    0 bytes stack frame, 0 bytes spill stores, 0 bytes spill loads
ptxas info    : Used 32 registers, used 1 barriers
ptxas info    : Compile time = 8.312 ms
ptxas info    : Compiling entry function '_ZN3aut12lns_strategy18gemv_thread_kernelINS_3lns7lns4_r1ELNS_8bitwidth12compute_kindE1ELNS4_14storage_layoutE1ELi1ELNS0_12decoder_kindE5ELNS0_13multiply_kindE1EEEvNS0_12storage_viewIT_XT1_EEESB_mmNS0_12table_bundleIXT0_EEEPNS4_14compute_traitsIXT0_EE4typeE' for 'sm_90'
ptxas info    : Function properties for _ZN3aut12lns_strategy18gemv_thread_kernelINS_3lns7lns4_r1ELNS_8bitwidth12compute_kindE1ELNS4_14storage_layoutE1ELi1ELNS0_12decoder_kindE5ELNS0_13multiply_kindE1EEEvNS0_12storage_viewIT_XT1_EEESB_mmNS0_12table_bundleIXT0_EEEPNS4_14compute_traitsIXT0_EE4typeE
    0 bytes stack frame, 0 bytes spill stores, 0 bytes spill loads
ptxas info    : Used 21 registers, used 1 barriers
ptxas info    : Compile time = 5.533 ms
ptxas info    : Compiling entry function '_ZN3aut12lns_strategy17dot_thread_kernelINS_3lns7lns4_r1ELNS_8bitwidth12compute_kindE1ELNS4_14storage_layoutE1ELi1ELNS0_12decoder_kindE5ELNS0_13multiply_kindE1EEEvNS0_12storage_viewIT_XT1_EEESB_mNS0_12table_bundleIXT0_EEEPNS4_14compute_traitsIXT0_EE4typeE' for 'sm_90'
ptxas info    : Function properties for _ZN3aut12lns_strategy17dot_thread_kernelINS_3lns7lns4_r1ELNS_8bitwidth12compute_kindE1ELNS4_14storage_layoutE1ELi1ELNS0_12decoder_kindE5ELNS0_13multiply_kindE1EEEvNS0_12storage_viewIT_XT1_EEESB_mNS0_12table_bundleIXT0_EEEPNS4_14compute_traitsIXT0_EE4typeE
    0 bytes stack frame, 0 bytes spill stores, 0 bytes spill loads
ptxas info    : Used 22 registers, used 1 barriers
ptxas info    : Compile time = 5.399 ms
ptxas info    : Compiling entry function '_ZN3aut12lns_strategy18gemv_thread_kernelINS_3lns7lns4_r1ELNS_8bitwidth12compute_kindE1ELNS4_14storage_layoutE0ELi1ELNS0_12decoder_kindE5ELNS0_13multiply_kindE1EEEvNS0_12storage_viewIT_XT1_EEESB_mmNS0_12table_bundleIXT0_EEEPNS4_14compute_traitsIXT0_EE4typeE' for 'sm_90'
ptxas info    : Function properties for _ZN3aut12lns_strategy18gemv_thread_kernelINS_3lns7lns4_r1ELNS_8bitwidth12compute_kindE1ELNS4_14storage_layoutE0ELi1ELNS0_12decoder_kindE5ELNS0_13multiply_kindE1EEEvNS0_12storage_viewIT_XT1_EEESB_mmNS0_12table_bundleIXT0_EEEPNS4_14compute_traitsIXT0_EE4typeE
    0 bytes stack frame, 0 bytes spill stores, 0 bytes spill loads
ptxas info    : Used 21 registers, used 1 barriers
ptxas info    : Compile time = 5.964 ms
ptxas info    : Compiling entry function '_ZN3aut12lns_strategy17dot_thread_kernelINS_3lns7lns4_r1ELNS_8bitwidth12compute_kindE1ELNS4_14storage_layoutE0ELi1ELNS0_12decoder_kindE5ELNS0_13multiply_kindE1EEEvNS0_12storage_viewIT_XT1_EEESB_mNS0_12table_bundleIXT0_EEEPNS4_14compute_traitsIXT0_EE4typeE' for 'sm_90'
ptxas info    : Function properties for _ZN3aut12lns_strategy17dot_thread_kernelINS_3lns7lns4_r1ELNS_8bitwidth12compute_kindE1ELNS4_14storage_layoutE0ELi1ELNS0_12decoder_kindE5ELNS0_13multiply_kindE1EEEvNS0_12storage_viewIT_XT1_EEESB_mNS0_12table_bundleIXT0_EEEPNS4_14compute_traitsIXT0_EE4typeE
    0 bytes stack frame, 0 bytes spill stores, 0 bytes spill loads
ptxas info    : Used 23 registers, used 1 barriers
ptxas info    : Compile time = 5.733 ms
ptxas info    : Compiling entry function '_ZN3aut12lns_strategy23gemv_cooperative_kernelINS_3lns7lns4_r1ELNS_8bitwidth12compute_kindE1ELNS0_12decoder_kindE5ELNS0_13multiply_kindE0EEEvPKjS9_mmNS0_12table_bundleIXT0_EEEPNS4_14compute_traitsIXT0_EE4typeE' for 'sm_90'
ptxas info    : Function properties for _ZN3aut12lns_strategy23gemv_cooperative_kernelINS_3lns7lns4_r1ELNS_8bitwidth12compute_kindE1ELNS0_12decoder_kindE5ELNS0_13multiply_kindE0EEEvPKjS9_mmNS0_12table_bundleIXT0_EEEPNS4_14compute_traitsIXT0_EE4typeE
    0 bytes stack frame, 0 bytes spill stores, 0 bytes spill loads
ptxas info    : Used 27 registers, used 1 barriers
ptxas info    : Compile time = 7.475 ms
ptxas info    : Compiling entry function '_ZN3aut12lns_strategy22dot_cooperative_kernelINS_3lns7lns4_r1ELNS_8bitwidth12compute_kindE1ELNS0_12decoder_kindE5ELNS0_13multiply_kindE0EEEvPKjS9_mNS0_12table_bundleIXT0_EEEPNS4_14compute_traitsIXT0_EE4typeE' for 'sm_90'
ptxas info    : Function properties for _ZN3aut12lns_strategy22dot_cooperative_kernelINS_3lns7lns4_r1ELNS_8bitwidth12compute_kindE1ELNS0_12decoder_kindE5ELNS0_13multiply_kindE0EEEvPKjS9_mNS0_12table_bundleIXT0_EEEPNS4_14compute_traitsIXT0_EE4typeE
    0 bytes stack frame, 0 bytes spill stores, 0 bytes spill loads
ptxas info    : Used 25 registers, used 1 barriers
ptxas info    : Compile time = 7.375 ms
ptxas info    : Compiling entry function '_ZN3aut12lns_strategy18gemv_thread_kernelINS_3lns7lns4_r1ELNS_8bitwidth12compute_kindE1ELNS4_14storage_layoutE1ELi8ELNS0_12decoder_kindE5ELNS0_13multiply_kindE0EEEvNS0_12storage_viewIT_XT1_EEESB_mmNS0_12table_bundleIXT0_EEEPNS4_14compute_traitsIXT0_EE4typeE' for 'sm_90'
ptxas info    : Function properties for _ZN3aut12lns_strategy18gemv_thread_kernelINS_3lns7lns4_r1ELNS_8bitwidth12compute_kindE1ELNS4_14storage_layoutE1ELi8ELNS0_12decoder_kindE5ELNS0_13multiply_kindE0EEEvNS0_12storage_viewIT_XT1_EEESB_mmNS0_12table_bundleIXT0_EEEPNS4_14compute_traitsIXT0_EE4typeE
    0 bytes stack frame, 0 bytes spill stores, 0 bytes spill loads
ptxas info    : Used 35 registers, used 1 barriers
ptxas info    : Compile time = 21.896 ms
ptxas info    : Compiling entry function '_ZN3aut12lns_strategy17dot_thread_kernelINS_3lns7lns4_r1ELNS_8bitwidth12compute_kindE1ELNS4_14storage_layoutE1ELi8ELNS0_12decoder_kindE5ELNS0_13multiply_kindE0EEEvNS0_12storage_viewIT_XT1_EEESB_mNS0_12table_bundleIXT0_EEEPNS4_14compute_traitsIXT0_EE4typeE' for 'sm_90'
ptxas info    : Function properties for _ZN3aut12lns_strategy17dot_thread_kernelINS_3lns7lns4_r1ELNS_8bitwidth12compute_kindE1ELNS4_14storage_layoutE1ELi8ELNS0_12decoder_kindE5ELNS0_13multiply_kindE0EEEvNS0_12storage_viewIT_XT1_EEESB_mNS0_12table_bundleIXT0_EEEPNS4_14compute_traitsIXT0_EE4typeE
    0 bytes stack frame, 0 bytes spill stores, 0 bytes spill loads
ptxas info    : Used 35 registers, used 1 barriers
ptxas info    : Compile time = 21.863 ms
ptxas info    : Compiling entry function '_ZN3aut12lns_strategy18gemv_thread_kernelINS_3lns7lns4_r1ELNS_8bitwidth12compute_kindE1ELNS4_14storage_layoutE1ELi4ELNS0_12decoder_kindE5ELNS0_13multiply_kindE0EEEvNS0_12storage_viewIT_XT1_EEESB_mmNS0_12table_bundleIXT0_EEEPNS4_14compute_traitsIXT0_EE4typeE' for 'sm_90'
ptxas info    : Function properties for _ZN3aut12lns_strategy18gemv_thread_kernelINS_3lns7lns4_r1ELNS_8bitwidth12compute_kindE1ELNS4_14storage_layoutE1ELi4ELNS0_12decoder_kindE5ELNS0_13multiply_kindE0EEEvNS0_12storage_viewIT_XT1_EEESB_mmNS0_12table_bundleIXT0_EEEPNS4_14compute_traitsIXT0_EE4typeE
    0 bytes stack frame, 0 bytes spill stores, 0 bytes spill loads
ptxas info    : Used 28 registers, used 1 barriers
ptxas info    : Compile time = 12.496 ms
ptxas info    : Compiling entry function '_ZN3aut12lns_strategy17dot_thread_kernelINS_3lns7lns4_r1ELNS_8bitwidth12compute_kindE1ELNS4_14storage_layoutE1ELi4ELNS0_12decoder_kindE5ELNS0_13multiply_kindE0EEEvNS0_12storage_viewIT_XT1_EEESB_mNS0_12table_bundleIXT0_EEEPNS4_14compute_traitsIXT0_EE4typeE' for 'sm_90'
ptxas info    : Function properties for _ZN3aut12lns_strategy17dot_thread_kernelINS_3lns7lns4_r1ELNS_8bitwidth12compute_kindE1ELNS4_14storage_layoutE1ELi4ELNS0_12decoder_kindE5ELNS0_13multiply_kindE0EEEvNS0_12storage_viewIT_XT1_EEESB_mNS0_12table_bundleIXT0_EEEPNS4_14compute_traitsIXT0_EE4typeE
    0 bytes stack frame, 0 bytes spill stores, 0 bytes spill loads
ptxas info    : Used 32 registers, used 1 barriers
ptxas info    : Compile time = 12.699 ms
ptxas info    : Compiling entry function '_ZN3aut12lns_strategy18gemv_thread_kernelINS_3lns7lns4_r1ELNS_8bitwidth12compute_kindE1ELNS4_14storage_layoutE1ELi2ELNS0_12decoder_kindE5ELNS0_13multiply_kindE0EEEvNS0_12storage_viewIT_XT1_EEESB_mmNS0_12table_bundleIXT0_EEEPNS4_14compute_traitsIXT0_EE4typeE' for 'sm_90'
ptxas info    : Function properties for _ZN3aut12lns_strategy18gemv_thread_kernelINS_3lns7lns4_r1ELNS_8bitwidth12compute_kindE1ELNS4_14storage_layoutE1ELi2ELNS0_12decoder_kindE5ELNS0_13multiply_kindE0EEEvNS0_12storage_viewIT_XT1_EEESB_mmNS0_12table_bundleIXT0_EEEPNS4_14compute_traitsIXT0_EE4typeE
    0 bytes stack frame, 0 bytes spill stores, 0 bytes spill loads
ptxas info    : Used 25 registers, used 1 barriers
ptxas info    : Compile time = 8.267 ms
ptxas info    : Compiling entry function '_ZN3aut12lns_strategy17dot_thread_kernelINS_3lns7lns4_r1ELNS_8bitwidth12compute_kindE1ELNS4_14storage_layoutE1ELi2ELNS0_12decoder_kindE5ELNS0_13multiply_kindE0EEEvNS0_12storage_viewIT_XT1_EEESB_mNS0_12table_bundleIXT0_EEEPNS4_14compute_traitsIXT0_EE4typeE' for 'sm_90'
ptxas info    : Function properties for _ZN3aut12lns_strategy17dot_thread_kernelINS_3lns7lns4_r1ELNS_8bitwidth12compute_kindE1ELNS4_14storage_layoutE1ELi2ELNS0_12decoder_kindE5ELNS0_13multiply_kindE0EEEvNS0_12storage_viewIT_XT1_EEESB_mNS0_12table_bundleIXT0_EEEPNS4_14compute_traitsIXT0_EE4typeE
    0 bytes stack frame, 0 bytes spill stores, 0 bytes spill loads
ptxas info    : Used 29 registers, used 1 barriers
ptxas info    : Compile time = 8.360 ms
ptxas info    : Compiling entry function '_ZN3aut12lns_strategy18gemv_thread_kernelINS_3lns7lns4_r1ELNS_8bitwidth12compute_kindE1ELNS4_14storage_layoutE0ELi8ELNS0_12decoder_kindE5ELNS0_13multiply_kindE0EEEvNS0_12storage_viewIT_XT1_EEESB_mmNS0_12table_bundleIXT0_EEEPNS4_14compute_traitsIXT0_EE4typeE' for 'sm_90'
ptxas info    : Function properties for _ZN3aut12lns_strategy18gemv_thread_kernelINS_3lns7lns4_r1ELNS_8bitwidth12compute_kindE1ELNS4_14storage_layoutE0ELi8ELNS0_12decoder_kindE5ELNS0_13multiply_kindE0EEEvNS0_12storage_viewIT_XT1_EEESB_mmNS0_12table_bundleIXT0_EEEPNS4_14compute_traitsIXT0_EE4typeE
    0 bytes stack frame, 0 bytes spill stores, 0 bytes spill loads
ptxas info    : Used 48 registers, used 1 barriers
ptxas info    : Compile time = 25.991 ms
ptxas info    : Compiling entry function '_ZN3aut12lns_strategy17dot_thread_kernelINS_3lns7lns4_r1ELNS_8bitwidth12compute_kindE1ELNS4_14storage_layoutE0ELi8ELNS0_12decoder_kindE5ELNS0_13multiply_kindE0EEEvNS0_12storage_viewIT_XT1_EEESB_mNS0_12table_bundleIXT0_EEEPNS4_14compute_traitsIXT0_EE4typeE' for 'sm_90'
ptxas info    : Function properties for _ZN3aut12lns_strategy17dot_thread_kernelINS_3lns7lns4_r1ELNS_8bitwidth12compute_kindE1ELNS4_14storage_layoutE0ELi8ELNS0_12decoder_kindE5ELNS0_13multiply_kindE0EEEvNS0_12storage_viewIT_XT1_EEESB_mNS0_12table_bundleIXT0_EEEPNS4_14compute_traitsIXT0_EE4typeE
    0 bytes stack frame, 0 bytes spill stores, 0 bytes spill loads
ptxas info    : Used 28 registers, used 1 barriers
ptxas info    : Compile time = 21.751 ms
ptxas info    : Compiling entry function '_ZN3aut12lns_strategy18gemv_thread_kernelINS_3lns7lns4_r1ELNS_8bitwidth12compute_kindE1ELNS4_14storage_layoutE0ELi4ELNS0_12decoder_kindE5ELNS0_13multiply_kindE0EEEvNS0_12storage_viewIT_XT1_EEESB_mmNS0_12table_bundleIXT0_EEEPNS4_14compute_traitsIXT0_EE4typeE' for 'sm_90'
ptxas info    : Function properties for _ZN3aut12lns_strategy18gemv_thread_kernelINS_3lns7lns4_r1ELNS_8bitwidth12compute_kindE1ELNS4_14storage_layoutE0ELi4ELNS0_12decoder_kindE5ELNS0_13multiply_kindE0EEEvNS0_12storage_viewIT_XT1_EEESB_mmNS0_12table_bundleIXT0_EEEPNS4_14compute_traitsIXT0_EE4typeE
    0 bytes stack frame, 0 bytes spill stores, 0 bytes spill loads
ptxas info    : Used 32 registers, used 1 barriers
ptxas info    : Compile time = 15.068 ms
ptxas info    : Compiling entry function '_ZN3aut12lns_strategy17dot_thread_kernelINS_3lns7lns4_r1ELNS_8bitwidth12compute_kindE1ELNS4_14storage_layoutE0ELi4ELNS0_12decoder_kindE5ELNS0_13multiply_kindE0EEEvNS0_12storage_viewIT_XT1_EEESB_mNS0_12table_bundleIXT0_EEEPNS4_14compute_traitsIXT0_EE4typeE' for 'sm_90'
ptxas info    : Function properties for _ZN3aut12lns_strategy17dot_thread_kernelINS_3lns7lns4_r1ELNS_8bitwidth12compute_kindE1ELNS4_14storage_layoutE0ELi4ELNS0_12decoder_kindE5ELNS0_13multiply_kindE0EEEvNS0_12storage_viewIT_XT1_EEESB_mNS0_12table_bundleIXT0_EEEPNS4_14compute_traitsIXT0_EE4typeE
    0 bytes stack frame, 0 bytes spill stores, 0 bytes spill loads
ptxas info    : Used 32 registers, used 1 barriers
ptxas info    : Compile time = 14.747 ms
ptxas info    : Compiling entry function '_ZN3aut12lns_strategy18gemv_thread_kernelINS_3lns7lns4_r1ELNS_8bitwidth12compute_kindE1ELNS4_14storage_layoutE0ELi2ELNS0_12decoder_kindE5ELNS0_13multiply_kindE0EEEvNS0_12storage_viewIT_XT1_EEESB_mmNS0_12table_bundleIXT0_EEEPNS4_14compute_traitsIXT0_EE4typeE' for 'sm_90'
ptxas info    : Function properties for _ZN3aut12lns_strategy18gemv_thread_kernelINS_3lns7lns4_r1ELNS_8bitwidth12compute_kindE1ELNS4_14storage_layoutE0ELi2ELNS0_12decoder_kindE5ELNS0_13multiply_kindE0EEEvNS0_12storage_viewIT_XT1_EEESB_mmNS0_12table_bundleIXT0_EEEPNS4_14compute_traitsIXT0_EE4typeE
    0 bytes stack frame, 0 bytes spill stores, 0 bytes spill loads
ptxas info    : Used 31 registers, used 1 barriers
ptxas info    : Compile time = 9.414 ms
ptxas info    : Compiling entry function '_ZN3aut12lns_strategy17dot_thread_kernelINS_3lns7lns4_r1ELNS_8bitwidth12compute_kindE1ELNS4_14storage_layoutE0ELi2ELNS0_12decoder_kindE5ELNS0_13multiply_kindE0EEEvNS0_12storage_viewIT_XT1_EEESB_mNS0_12table_bundleIXT0_EEEPNS4_14compute_traitsIXT0_EE4typeE' for 'sm_90'
ptxas info    : Function properties for _ZN3aut12lns_strategy17dot_thread_kernelINS_3lns7lns4_r1ELNS_8bitwidth12compute_kindE1ELNS4_14storage_layoutE0ELi2ELNS0_12decoder_kindE5ELNS0_13multiply_kindE0EEEvNS0_12storage_viewIT_XT1_EEESB_mNS0_12table_bundleIXT0_EEEPNS4_14compute_traitsIXT0_EE4typeE
    0 bytes stack frame, 0 bytes spill stores, 0 bytes spill loads
ptxas info    : Used 32 registers, used 1 barriers
ptxas info    : Compile time = 9.248 ms
ptxas info    : Compiling entry function '_ZN3aut12lns_strategy18gemv_thread_kernelINS_3lns7lns4_r1ELNS_8bitwidth12compute_kindE1ELNS4_14storage_layoutE1ELi1ELNS0_12decoder_kindE5ELNS0_13multiply_kindE0EEEvNS0_12storage_viewIT_XT1_EEESB_mmNS0_12table_bundleIXT0_EEEPNS4_14compute_traitsIXT0_EE4typeE' for 'sm_90'
ptxas info    : Function properties for _ZN3aut12lns_strategy18gemv_thread_kernelINS_3lns7lns4_r1ELNS_8bitwidth12compute_kindE1ELNS4_14storage_layoutE1ELi1ELNS0_12decoder_kindE5ELNS0_13multiply_kindE0EEEvNS0_12storage_viewIT_XT1_EEESB_mmNS0_12table_bundleIXT0_EEEPNS4_14compute_traitsIXT0_EE4typeE
    0 bytes stack frame, 0 bytes spill stores, 0 bytes spill loads
ptxas info    : Used 23 registers, used 1 barriers
ptxas info    : Compile time = 5.949 ms
ptxas info    : Compiling entry function '_ZN3aut12lns_strategy17dot_thread_kernelINS_3lns7lns4_r1ELNS_8bitwidth12compute_kindE1ELNS4_14storage_layoutE1ELi1ELNS0_12decoder_kindE5ELNS0_13multiply_kindE0EEEvNS0_12storage_viewIT_XT1_EEESB_mNS0_12table_bundleIXT0_EEEPNS4_14compute_traitsIXT0_EE4typeE' for 'sm_90'
ptxas info    : Function properties for _ZN3aut12lns_strategy17dot_thread_kernelINS_3lns7lns4_r1ELNS_8bitwidth12compute_kindE1ELNS4_14storage_layoutE1ELi1ELNS0_12decoder_kindE5ELNS0_13multiply_kindE0EEEvNS0_12storage_viewIT_XT1_EEESB_mNS0_12table_bundleIXT0_EEEPNS4_14compute_traitsIXT0_EE4typeE
    0 bytes stack frame, 0 bytes spill stores, 0 bytes spill loads
ptxas info    : Used 25 registers, used 1 barriers
ptxas info    : Compile time = 5.813 ms
ptxas info    : Compiling entry function '_ZN3aut12lns_strategy18gemv_thread_kernelINS_3lns7lns4_r1ELNS_8bitwidth12compute_kindE1ELNS4_14storage_layoutE0ELi1ELNS0_12decoder_kindE5ELNS0_13multiply_kindE0EEEvNS0_12storage_viewIT_XT1_EEESB_mmNS0_12table_bundleIXT0_EEEPNS4_14compute_traitsIXT0_EE4typeE' for 'sm_90'
ptxas info    : Function properties for _ZN3aut12lns_strategy18gemv_thread_kernelINS_3lns7lns4_r1ELNS_8bitwidth12compute_kindE1ELNS4_14storage_layoutE0ELi1ELNS0_12decoder_kindE5ELNS0_13multiply_kindE0EEEvNS0_12storage_viewIT_XT1_EEESB_mmNS0_12table_bundleIXT0_EEEPNS4_14compute_traitsIXT0_EE4typeE
    0 bytes stack frame, 0 bytes spill stores, 0 bytes spill loads
ptxas info    : Used 23 registers, used 1 barriers
ptxas info    : Compile time = 6.375 ms
ptxas info    : Compiling entry function '_ZN3aut12lns_strategy17dot_thread_kernelINS_3lns7lns4_r1ELNS_8bitwidth12compute_kindE1ELNS4_14storage_layoutE0ELi1ELNS0_12decoder_kindE5ELNS0_13multiply_kindE0EEEvNS0_12storage_viewIT_XT1_EEESB_mNS0_12table_bundleIXT0_EEEPNS4_14compute_traitsIXT0_EE4typeE' for 'sm_90'
ptxas info    : Function properties for _ZN3aut12lns_strategy17dot_thread_kernelINS_3lns7lns4_r1ELNS_8bitwidth12compute_kindE1ELNS4_14storage_layoutE0ELi1ELNS0_12decoder_kindE5ELNS0_13multiply_kindE0EEEvNS0_12storage_viewIT_XT1_EEESB_mNS0_12table_bundleIXT0_EEEPNS4_14compute_traitsIXT0_EE4typeE
    0 bytes stack frame, 0 bytes spill stores, 0 bytes spill loads
ptxas info    : Used 24 registers, used 1 barriers
ptxas info    : Compile time = 6.160 ms
ptxas info    : Compiling entry function '_ZN3aut12lns_strategy23gemv_cooperative_kernelINS_3lns7lns4_r1ELNS_8bitwidth12compute_kindE1ELNS0_12decoder_kindE4ELNS0_13multiply_kindE1EEEvPKjS9_mmNS0_12table_bundleIXT0_EEEPNS4_14compute_traitsIXT0_EE4typeE' for 'sm_90'
ptxas info    : Function properties for _ZN3aut12lns_strategy23gemv_cooperative_kernelINS_3lns7lns4_r1ELNS_8bitwidth12compute_kindE1ELNS0_12decoder_kindE4ELNS0_13multiply_kindE1EEEvPKjS9_mmNS0_12table_bundleIXT0_EEEPNS4_14compute_traitsIXT0_EE4typeE
    0 bytes stack frame, 0 bytes spill stores, 0 bytes spill loads
ptxas info    : Used 26 registers, used 1 barriers
ptxas info    : Compile time = 6.446 ms
ptxas info    : Compiling entry function '_ZN3aut12lns_strategy22dot_cooperative_kernelINS_3lns7lns4_r1ELNS_8bitwidth12compute_kindE1ELNS0_12decoder_kindE4ELNS0_13multiply_kindE1EEEvPKjS9_mNS0_12table_bundleIXT0_EEEPNS4_14compute_traitsIXT0_EE4typeE' for 'sm_90'
ptxas info    : Function properties for _ZN3aut12lns_strategy22dot_cooperative_kernelINS_3lns7lns4_r1ELNS_8bitwidth12compute_kindE1ELNS0_12decoder_kindE4ELNS0_13multiply_kindE1EEEvPKjS9_mNS0_12table_bundleIXT0_EEEPNS4_14compute_traitsIXT0_EE4typeE
    0 bytes stack frame, 0 bytes spill stores, 0 bytes spill loads
ptxas info    : Used 22 registers, used 1 barriers
ptxas info    : Compile time = 6.336 ms
ptxas info    : Compiling entry function '_ZN3aut12lns_strategy18gemv_thread_kernelINS_3lns7lns4_r1ELNS_8bitwidth12compute_kindE1ELNS4_14storage_layoutE1ELi8ELNS0_12decoder_kindE4ELNS0_13multiply_kindE1EEEvNS0_12storage_viewIT_XT1_EEESB_mmNS0_12table_bundleIXT0_EEEPNS4_14compute_traitsIXT0_EE4typeE' for 'sm_90'
ptxas info    : Function properties for _ZN3aut12lns_strategy18gemv_thread_kernelINS_3lns7lns4_r1ELNS_8bitwidth12compute_kindE1ELNS4_14storage_layoutE1ELi8ELNS0_12decoder_kindE4ELNS0_13multiply_kindE1EEEvNS0_12storage_viewIT_XT1_EEESB_mmNS0_12table_bundleIXT0_EEEPNS4_14compute_traitsIXT0_EE4typeE
    0 bytes stack frame, 0 bytes spill stores, 0 bytes spill loads
ptxas info    : Used 31 registers, used 1 barriers
ptxas info    : Compile time = 18.469 ms
ptxas info    : Compiling entry function '_ZN3aut12lns_strategy17dot_thread_kernelINS_3lns7lns4_r1ELNS_8bitwidth12compute_kindE1ELNS4_14storage_layoutE1ELi8ELNS0_12decoder_kindE4ELNS0_13multiply_kindE1EEEvNS0_12storage_viewIT_XT1_EEESB_mNS0_12table_bundleIXT0_EEEPNS4_14compute_traitsIXT0_EE4typeE' for 'sm_90'
ptxas info    : Function properties for _ZN3aut12lns_strategy17dot_thread_kernelINS_3lns7lns4_r1ELNS_8bitwidth12compute_kindE1ELNS4_14storage_layoutE1ELi8ELNS0_12decoder_kindE4ELNS0_13multiply_kindE1EEEvNS0_12storage_viewIT_XT1_EEESB_mNS0_12table_bundleIXT0_EEEPNS4_14compute_traitsIXT0_EE4typeE
    0 bytes stack frame, 0 bytes spill stores, 0 bytes spill loads
ptxas info    : Used 36 registers, used 1 barriers
ptxas info    : Compile time = 18.307 ms
ptxas info    : Compiling entry function '_ZN3aut12lns_strategy18gemv_thread_kernelINS_3lns7lns4_r1ELNS_8bitwidth12compute_kindE1ELNS4_14storage_layoutE1ELi4ELNS0_12decoder_kindE4ELNS0_13multiply_kindE1EEEvNS0_12storage_viewIT_XT1_EEESB_mmNS0_12table_bundleIXT0_EEEPNS4_14compute_traitsIXT0_EE4typeE' for 'sm_90'
ptxas info    : Function properties for _ZN3aut12lns_strategy18gemv_thread_kernelINS_3lns7lns4_r1ELNS_8bitwidth12compute_kindE1ELNS4_14storage_layoutE1ELi4ELNS0_12decoder_kindE4ELNS0_13multiply_kindE1EEEvNS0_12storage_viewIT_XT1_EEESB_mmNS0_12table_bundleIXT0_EEEPNS4_14compute_traitsIXT0_EE4typeE
    0 bytes stack frame, 0 bytes spill stores, 0 bytes spill loads
ptxas info    : Used 26 registers, used 1 barriers
ptxas info    : Compile time = 10.657 ms
ptxas info    : Compiling entry function '_ZN3aut12lns_strategy17dot_thread_kernelINS_3lns7lns4_r1ELNS_8bitwidth12compute_kindE1ELNS4_14storage_layoutE1ELi4ELNS0_12decoder_kindE4ELNS0_13multiply_kindE1EEEvNS0_12storage_viewIT_XT1_EEESB_mNS0_12table_bundleIXT0_EEEPNS4_14compute_traitsIXT0_EE4typeE' for 'sm_90'
ptxas info    : Function properties for _ZN3aut12lns_strategy17dot_thread_kernelINS_3lns7lns4_r1ELNS_8bitwidth12compute_kindE1ELNS4_14storage_layoutE1ELi4ELNS0_12decoder_kindE4ELNS0_13multiply_kindE1EEEvNS0_12storage_viewIT_XT1_EEESB_mNS0_12table_bundleIXT0_EEEPNS4_14compute_traitsIXT0_EE4typeE
    0 bytes stack frame, 0 bytes spill stores, 0 bytes spill loads
ptxas info    : Used 31 registers, used 1 barriers
ptxas info    : Compile time = 10.684 ms
ptxas info    : Compiling entry function '_ZN3aut12lns_strategy18gemv_thread_kernelINS_3lns7lns4_r1ELNS_8bitwidth12compute_kindE1ELNS4_14storage_layoutE1ELi2ELNS0_12decoder_kindE4ELNS0_13multiply_kindE1EEEvNS0_12storage_viewIT_XT1_EEESB_mmNS0_12table_bundleIXT0_EEEPNS4_14compute_traitsIXT0_EE4typeE' for 'sm_90'
ptxas info    : Function properties for _ZN3aut12lns_strategy18gemv_thread_kernelINS_3lns7lns4_r1ELNS_8bitwidth12compute_kindE1ELNS4_14storage_layoutE1ELi2ELNS0_12decoder_kindE4ELNS0_13multiply_kindE1EEEvNS0_12storage_viewIT_XT1_EEESB_mmNS0_12table_bundleIXT0_EEEPNS4_14compute_traitsIXT0_EE4typeE
    0 bytes stack frame, 0 bytes spill stores, 0 bytes spill loads
ptxas info    : Used 22 registers, used 1 barriers
ptxas info    : Compile time = 7.066 ms
ptxas info    : Compiling entry function '_ZN3aut12lns_strategy17dot_thread_kernelINS_3lns7lns4_r1ELNS_8bitwidth12compute_kindE1ELNS4_14storage_layoutE1ELi2ELNS0_12decoder_kindE4ELNS0_13multiply_kindE1EEEvNS0_12storage_viewIT_XT1_EEESB_mNS0_12table_bundleIXT0_EEEPNS4_14compute_traitsIXT0_EE4typeE' for 'sm_90'
ptxas info    : Function properties for _ZN3aut12lns_strategy17dot_thread_kernelINS_3lns7lns4_r1ELNS_8bitwidth12compute_kindE1ELNS4_14storage_layoutE1ELi2ELNS0_12decoder_kindE4ELNS0_13multiply_kindE1EEEvNS0_12storage_viewIT_XT1_EEESB_mNS0_12table_bundleIXT0_EEEPNS4_14compute_traitsIXT0_EE4typeE
    0 bytes stack frame, 0 bytes spill stores, 0 bytes spill loads
ptxas info    : Used 28 registers, used 1 barriers
ptxas info    : Compile time = 7.358 ms
ptxas info    : Compiling entry function '_ZN3aut12lns_strategy18gemv_thread_kernelINS_3lns7lns4_r1ELNS_8bitwidth12compute_kindE1ELNS4_14storage_layoutE0ELi8ELNS0_12decoder_kindE4ELNS0_13multiply_kindE1EEEvNS0_12storage_viewIT_XT1_EEESB_mmNS0_12table_bundleIXT0_EEEPNS4_14compute_traitsIXT0_EE4typeE' for 'sm_90'
ptxas info    : Function properties for _ZN3aut12lns_strategy18gemv_thread_kernelINS_3lns7lns4_r1ELNS_8bitwidth12compute_kindE1ELNS4_14storage_layoutE0ELi8ELNS0_12decoder_kindE4ELNS0_13multiply_kindE1EEEvNS0_12storage_viewIT_XT1_EEESB_mmNS0_12table_bundleIXT0_EEEPNS4_14compute_traitsIXT0_EE4typeE
    0 bytes stack frame, 0 bytes spill stores, 0 bytes spill loads
ptxas info    : Used 48 registers, used 1 barriers
ptxas info    : Compile time = 21.386 ms
ptxas info    : Compiling entry function '_ZN3aut12lns_strategy17dot_thread_kernelINS_3lns7lns4_r1ELNS_8bitwidth12compute_kindE1ELNS4_14storage_layoutE0ELi8ELNS0_12decoder_kindE4ELNS0_13multiply_kindE1EEEvNS0_12storage_viewIT_XT1_EEESB_mNS0_12table_bundleIXT0_EEEPNS4_14compute_traitsIXT0_EE4typeE' for 'sm_90'
ptxas info    : Function properties for _ZN3aut12lns_strategy17dot_thread_kernelINS_3lns7lns4_r1ELNS_8bitwidth12compute_kindE1ELNS4_14storage_layoutE0ELi8ELNS0_12decoder_kindE4ELNS0_13multiply_kindE1EEEvNS0_12storage_viewIT_XT1_EEESB_mNS0_12table_bundleIXT0_EEEPNS4_14compute_traitsIXT0_EE4typeE
    0 bytes stack frame, 0 bytes spill stores, 0 bytes spill loads
ptxas info    : Used 30 registers, used 1 barriers
ptxas info    : Compile time = 17.702 ms
ptxas info    : Compiling entry function '_ZN3aut12lns_strategy18gemv_thread_kernelINS_3lns7lns4_r1ELNS_8bitwidth12compute_kindE1ELNS4_14storage_layoutE0ELi4ELNS0_12decoder_kindE4ELNS0_13multiply_kindE1EEEvNS0_12storage_viewIT_XT1_EEESB_mmNS0_12table_bundleIXT0_EEEPNS4_14compute_traitsIXT0_EE4typeE' for 'sm_90'
ptxas info    : Function properties for _ZN3aut12lns_strategy18gemv_thread_kernelINS_3lns7lns4_r1ELNS_8bitwidth12compute_kindE1ELNS4_14storage_layoutE0ELi4ELNS0_12decoder_kindE4ELNS0_13multiply_kindE1EEEvNS0_12storage_viewIT_XT1_EEESB_mmNS0_12table_bundleIXT0_EEEPNS4_14compute_traitsIXT0_EE4typeE
    0 bytes stack frame, 0 bytes spill stores, 0 bytes spill loads
ptxas info    : Used 32 registers, used 1 barriers
ptxas info    : Compile time = 13.053 ms
ptxas info    : Compiling entry function '_ZN3aut12lns_strategy17dot_thread_kernelINS_3lns7lns4_r1ELNS_8bitwidth12compute_kindE1ELNS4_14storage_layoutE0ELi4ELNS0_12decoder_kindE4ELNS0_13multiply_kindE1EEEvNS0_12storage_viewIT_XT1_EEESB_mNS0_12table_bundleIXT0_EEEPNS4_14compute_traitsIXT0_EE4typeE' for 'sm_90'
ptxas info    : Function properties for _ZN3aut12lns_strategy17dot_thread_kernelINS_3lns7lns4_r1ELNS_8bitwidth12compute_kindE1ELNS4_14storage_layoutE0ELi4ELNS0_12decoder_kindE4ELNS0_13multiply_kindE1EEEvNS0_12storage_viewIT_XT1_EEESB_mNS0_12table_bundleIXT0_EEEPNS4_14compute_traitsIXT0_EE4typeE
    0 bytes stack frame, 0 bytes spill stores, 0 bytes spill loads
ptxas info    : Used 32 registers, used 1 barriers
ptxas info    : Compile time = 12.591 ms
ptxas info    : Compiling entry function '_ZN3aut12lns_strategy18gemv_thread_kernelINS_3lns7lns4_r1ELNS_8bitwidth12compute_kindE1ELNS4_14storage_layoutE0ELi2ELNS0_12decoder_kindE4ELNS0_13multiply_kindE1EEEvNS0_12storage_viewIT_XT1_EEESB_mmNS0_12table_bundleIXT0_EEEPNS4_14compute_traitsIXT0_EE4typeE' for 'sm_90'
ptxas info    : Function properties for _ZN3aut12lns_strategy18gemv_thread_kernelINS_3lns7lns4_r1ELNS_8bitwidth12compute_kindE1ELNS4_14storage_layoutE0ELi2ELNS0_12decoder_kindE4ELNS0_13multiply_kindE1EEEvNS0_12storage_viewIT_XT1_EEESB_mmNS0_12table_bundleIXT0_EEEPNS4_14compute_traitsIXT0_EE4typeE
    0 bytes stack frame, 0 bytes spill stores, 0 bytes spill loads
ptxas info    : Used 32 registers, used 1 barriers
ptxas info    : Compile time = 8.132 ms
ptxas info    : Compiling entry function '_ZN3aut12lns_strategy17dot_thread_kernelINS_3lns7lns4_r1ELNS_8bitwidth12compute_kindE1ELNS4_14storage_layoutE0ELi2ELNS0_12decoder_kindE4ELNS0_13multiply_kindE1EEEvNS0_12storage_viewIT_XT1_EEESB_mNS0_12table_bundleIXT0_EEEPNS4_14compute_traitsIXT0_EE4typeE' for 'sm_90'
ptxas info    : Function properties for _ZN3aut12lns_strategy17dot_thread_kernelINS_3lns7lns4_r1ELNS_8bitwidth12compute_kindE1ELNS4_14storage_layoutE0ELi2ELNS0_12decoder_kindE4ELNS0_13multiply_kindE1EEEvNS0_12storage_viewIT_XT1_EEESB_mNS0_12table_bundleIXT0_EEEPNS4_14compute_traitsIXT0_EE4typeE
    0 bytes stack frame, 0 bytes spill stores, 0 bytes spill loads
ptxas info    : Used 32 registers, used 1 barriers
ptxas info    : Compile time = 7.994 ms
ptxas info    : Compiling entry function '_ZN3aut12lns_strategy18gemv_thread_kernelINS_3lns7lns4_r1ELNS_8bitwidth12compute_kindE1ELNS4_14storage_layoutE1ELi1ELNS0_12decoder_kindE4ELNS0_13multiply_kindE1EEEvNS0_12storage_viewIT_XT1_EEESB_mmNS0_12table_bundleIXT0_EEEPNS4_14compute_traitsIXT0_EE4typeE' for 'sm_90'
ptxas info    : Function properties for _ZN3aut12lns_strategy18gemv_thread_kernelINS_3lns7lns4_r1ELNS_8bitwidth12compute_kindE1ELNS4_14storage_layoutE1ELi1ELNS0_12decoder_kindE4ELNS0_13multiply_kindE1EEEvNS0_12storage_viewIT_XT1_EEESB_mmNS0_12table_bundleIXT0_EEEPNS4_14compute_traitsIXT0_EE4typeE
    0 bytes stack frame, 0 bytes spill stores, 0 bytes spill loads
ptxas info    : Used 20 registers, used 1 barriers
ptxas info    : Compile time = 5.164 ms
ptxas info    : Compiling entry function '_ZN3aut12lns_strategy17dot_thread_kernelINS_3lns7lns4_r1ELNS_8bitwidth12compute_kindE1ELNS4_14storage_layoutE1ELi1ELNS0_12decoder_kindE4ELNS0_13multiply_kindE1EEEvNS0_12storage_viewIT_XT1_EEESB_mNS0_12table_bundleIXT0_EEEPNS4_14compute_traitsIXT0_EE4typeE' for 'sm_90'
ptxas info    : Function properties for _ZN3aut12lns_strategy17dot_thread_kernelINS_3lns7lns4_r1ELNS_8bitwidth12compute_kindE1ELNS4_14storage_layoutE1ELi1ELNS0_12decoder_kindE4ELNS0_13multiply_kindE1EEEvNS0_12storage_viewIT_XT1_EEESB_mNS0_12table_bundleIXT0_EEEPNS4_14compute_traitsIXT0_EE4typeE
    0 bytes stack frame, 0 bytes spill stores, 0 bytes spill loads
ptxas info    : Used 22 registers, used 1 barriers
ptxas info    : Compile time = 5.010 ms
ptxas info    : Compiling entry function '_ZN3aut12lns_strategy18gemv_thread_kernelINS_3lns7lns4_r1ELNS_8bitwidth12compute_kindE1ELNS4_14storage_layoutE0ELi1ELNS0_12decoder_kindE4ELNS0_13multiply_kindE1EEEvNS0_12storage_viewIT_XT1_EEESB_mmNS0_12table_bundleIXT0_EEEPNS4_14compute_traitsIXT0_EE4typeE' for 'sm_90'
ptxas info    : Function properties for _ZN3aut12lns_strategy18gemv_thread_kernelINS_3lns7lns4_r1ELNS_8bitwidth12compute_kindE1ELNS4_14storage_layoutE0ELi1ELNS0_12decoder_kindE4ELNS0_13multiply_kindE1EEEvNS0_12storage_viewIT_XT1_EEESB_mmNS0_12table_bundleIXT0_EEEPNS4_14compute_traitsIXT0_EE4typeE
    0 bytes stack frame, 0 bytes spill stores, 0 bytes spill loads
ptxas info    : Used 21 registers, used 1 barriers
ptxas info    : Compile time = 5.595 ms
ptxas info    : Compiling entry function '_ZN3aut12lns_strategy17dot_thread_kernelINS_3lns7lns4_r1ELNS_8bitwidth12compute_kindE1ELNS4_14storage_layoutE0ELi1ELNS0_12decoder_kindE4ELNS0_13multiply_kindE1EEEvNS0_12storage_viewIT_XT1_EEESB_mNS0_12table_bundleIXT0_EEEPNS4_14compute_traitsIXT0_EE4typeE' for 'sm_90'
ptxas info    : Function properties for _ZN3aut12lns_strategy17dot_thread_kernelINS_3lns7lns4_r1ELNS_8bitwidth12compute_kindE1ELNS4_14storage_layoutE0ELi1ELNS0_12decoder_kindE4ELNS0_13multiply_kindE1EEEvNS0_12storage_viewIT_XT1_EEESB_mNS0_12table_bundleIXT0_EEEPNS4_14compute_traitsIXT0_EE4typeE
    0 bytes stack frame, 0 bytes spill stores, 0 bytes spill loads
ptxas info    : Used 23 registers, used 1 barriers
ptxas info    : Compile time = 5.348 ms
ptxas info    : Compiling entry function '_ZN3aut12lns_strategy23gemv_cooperative_kernelINS_3lns7lns4_r1ELNS_8bitwidth12compute_kindE1ELNS0_12decoder_kindE4ELNS0_13multiply_kindE0EEEvPKjS9_mmNS0_12table_bundleIXT0_EEEPNS4_14compute_traitsIXT0_EE4typeE' for 'sm_90'
ptxas info    : Function properties for _ZN3aut12lns_strategy23gemv_cooperative_kernelINS_3lns7lns4_r1ELNS_8bitwidth12compute_kindE1ELNS0_12decoder_kindE4ELNS0_13multiply_kindE0EEEvPKjS9_mmNS0_12table_bundleIXT0_EEEPNS4_14compute_traitsIXT0_EE4typeE
    0 bytes stack frame, 0 bytes spill stores, 0 bytes spill loads
ptxas info    : Used 27 registers, used 1 barriers
ptxas info    : Compile time = 7.263 ms
ptxas info    : Compiling entry function '_ZN3aut12lns_strategy22dot_cooperative_kernelINS_3lns7lns4_r1ELNS_8bitwidth12compute_kindE1ELNS0_12decoder_kindE4ELNS0_13multiply_kindE0EEEvPKjS9_mNS0_12table_bundleIXT0_EEEPNS4_14compute_traitsIXT0_EE4typeE' for 'sm_90'
ptxas info    : Function properties for _ZN3aut12lns_strategy22dot_cooperative_kernelINS_3lns7lns4_r1ELNS_8bitwidth12compute_kindE1ELNS0_12decoder_kindE4ELNS0_13multiply_kindE0EEEvPKjS9_mNS0_12table_bundleIXT0_EEEPNS4_14compute_traitsIXT0_EE4typeE
    0 bytes stack frame, 0 bytes spill stores, 0 bytes spill loads
ptxas info    : Used 25 registers, used 1 barriers
ptxas info    : Compile time = 7.054 ms
ptxas info    : Compiling entry function '_ZN3aut12lns_strategy18gemv_thread_kernelINS_3lns7lns4_r1ELNS_8bitwidth12compute_kindE1ELNS4_14storage_layoutE1ELi8ELNS0_12decoder_kindE4ELNS0_13multiply_kindE0EEEvNS0_12storage_viewIT_XT1_EEESB_mmNS0_12table_bundleIXT0_EEEPNS4_14compute_traitsIXT0_EE4typeE' for 'sm_90'
ptxas info    : Function properties for _ZN3aut12lns_strategy18gemv_thread_kernelINS_3lns7lns4_r1ELNS_8bitwidth12compute_kindE1ELNS4_14storage_layoutE1ELi8ELNS0_12decoder_kindE4ELNS0_13multiply_kindE0EEEvNS0_12storage_viewIT_XT1_EEESB_mmNS0_12table_bundleIXT0_EEEPNS4_14compute_traitsIXT0_EE4typeE
    0 bytes stack frame, 0 bytes spill stores, 0 bytes spill loads
ptxas info    : Used 28 registers, used 1 barriers
ptxas info    : Compile time = 23.013 ms
ptxas info    : Compiling entry function '_ZN3aut12lns_strategy17dot_thread_kernelINS_3lns7lns4_r1ELNS_8bitwidth12compute_kindE1ELNS4_14storage_layoutE1ELi8ELNS0_12decoder_kindE4ELNS0_13multiply_kindE0EEEvNS0_12storage_viewIT_XT1_EEESB_mNS0_12table_bundleIXT0_EEEPNS4_14compute_traitsIXT0_EE4typeE' for 'sm_90'
ptxas info    : Function properties for _ZN3aut12lns_strategy17dot_thread_kernelINS_3lns7lns4_r1ELNS_8bitwidth12compute_kindE1ELNS4_14storage_layoutE1ELi8ELNS0_12decoder_kindE4ELNS0_13multiply_kindE0EEEvNS0_12storage_viewIT_XT1_EEESB_mNS0_12table_bundleIXT0_EEEPNS4_14compute_traitsIXT0_EE4typeE
    0 bytes stack frame, 0 bytes spill stores, 0 bytes spill loads
ptxas info    : Used 29 registers, used 1 barriers
ptxas info    : Compile time = 22.921 ms
ptxas info    : Compiling entry function '_ZN3aut12lns_strategy18gemv_thread_kernelINS_3lns7lns4_r1ELNS_8bitwidth12compute_kindE1ELNS4_14storage_layoutE1ELi4ELNS0_12decoder_kindE4ELNS0_13multiply_kindE0EEEvNS0_12storage_viewIT_XT1_EEESB_mmNS0_12table_bundleIXT0_EEEPNS4_14compute_traitsIXT0_EE4typeE' for 'sm_90'
ptxas info    : Function properties for _ZN3aut12lns_strategy18gemv_thread_kernelINS_3lns7lns4_r1ELNS_8bitwidth12compute_kindE1ELNS4_14storage_layoutE1ELi4ELNS0_12decoder_kindE4ELNS0_13multiply_kindE0EEEvNS0_12storage_viewIT_XT1_EEESB_mmNS0_12table_bundleIXT0_EEEPNS4_14compute_traitsIXT0_EE4typeE
    0 bytes stack frame, 0 bytes spill stores, 0 bytes spill loads
ptxas info    : Used 29 registers, used 1 barriers
ptxas info    : Compile time = 12.868 ms
ptxas info    : Compiling entry function '_ZN3aut12lns_strategy17dot_thread_kernelINS_3lns7lns4_r1ELNS_8bitwidth12compute_kindE1ELNS4_14storage_layoutE1ELi4ELNS0_12decoder_kindE4ELNS0_13multiply_kindE0EEEvNS0_12storage_viewIT_XT1_EEESB_mNS0_12table_bundleIXT0_EEEPNS4_14compute_traitsIXT0_EE4typeE' for 'sm_90'
ptxas info    : Function properties for _ZN3aut12lns_strategy17dot_thread_kernelINS_3lns7lns4_r1ELNS_8bitwidth12compute_kindE1ELNS4_14storage_layoutE1ELi4ELNS0_12decoder_kindE4ELNS0_13multiply_kindE0EEEvNS0_12storage_viewIT_XT1_EEESB_mNS0_12table_bundleIXT0_EEEPNS4_14compute_traitsIXT0_EE4typeE
    0 bytes stack frame, 0 bytes spill stores, 0 bytes spill loads
ptxas info    : Used 28 registers, used 1 barriers
ptxas info    : Compile time = 12.931 ms
ptxas info    : Compiling entry function '_ZN3aut12lns_strategy18gemv_thread_kernelINS_3lns7lns4_r1ELNS_8bitwidth12compute_kindE1ELNS4_14storage_layoutE1ELi2ELNS0_12decoder_kindE4ELNS0_13multiply_kindE0EEEvNS0_12storage_viewIT_XT1_EEESB_mmNS0_12table_bundleIXT0_EEEPNS4_14compute_traitsIXT0_EE4typeE' for 'sm_90'
ptxas info    : Function properties for _ZN3aut12lns_strategy18gemv_thread_kernelINS_3lns7lns4_r1ELNS_8bitwidth12compute_kindE1ELNS4_14storage_layoutE1ELi2ELNS0_12decoder_kindE4ELNS0_13multiply_kindE0EEEvNS0_12storage_viewIT_XT1_EEESB_mmNS0_12table_bundleIXT0_EEEPNS4_14compute_traitsIXT0_EE4typeE
    0 bytes stack frame, 0 bytes spill stores, 0 bytes spill loads
ptxas info    : Used 25 registers, used 1 barriers
ptxas info    : Compile time = 8.148 ms
ptxas info    : Compiling entry function '_ZN3aut12lns_strategy17dot_thread_kernelINS_3lns7lns4_r1ELNS_8bitwidth12compute_kindE1ELNS4_14storage_layoutE1ELi2ELNS0_12decoder_kindE4ELNS0_13multiply_kindE0EEEvNS0_12storage_viewIT_XT1_EEESB_mNS0_12table_bundleIXT0_EEEPNS4_14compute_traitsIXT0_EE4typeE' for 'sm_90'
ptxas info    : Function properties for _ZN3aut12lns_strategy17dot_thread_kernelINS_3lns7lns4_r1ELNS_8bitwidth12compute_kindE1ELNS4_14storage_layoutE1ELi2ELNS0_12decoder_kindE4ELNS0_13multiply_kindE0EEEvNS0_12storage_viewIT_XT1_EEESB_mNS0_12table_bundleIXT0_EEEPNS4_14compute_traitsIXT0_EE4typeE
    0 bytes stack frame, 0 bytes spill stores, 0 bytes spill loads
ptxas info    : Used 27 registers, used 1 barriers
ptxas info    : Compile time = 8.330 ms
ptxas info    : Compiling entry function '_ZN3aut12lns_strategy18gemv_thread_kernelINS_3lns7lns4_r1ELNS_8bitwidth12compute_kindE1ELNS4_14storage_layoutE0ELi8ELNS0_12decoder_kindE4ELNS0_13multiply_kindE0EEEvNS0_12storage_viewIT_XT1_EEESB_mmNS0_12table_bundleIXT0_EEEPNS4_14compute_traitsIXT0_EE4typeE' for 'sm_90'
ptxas info    : Function properties for _ZN3aut12lns_strategy18gemv_thread_kernelINS_3lns7lns4_r1ELNS_8bitwidth12compute_kindE1ELNS4_14storage_layoutE0ELi8ELNS0_12decoder_kindE4ELNS0_13multiply_kindE0EEEvNS0_12storage_viewIT_XT1_EEESB_mmNS0_12table_bundleIXT0_EEEPNS4_14compute_traitsIXT0_EE4typeE
    0 bytes stack frame, 0 bytes spill stores, 0 bytes spill loads
ptxas info    : Used 48 registers, used 1 barriers
ptxas info    : Compile time = 26.882 ms
ptxas info    : Compiling entry function '_ZN3aut12lns_strategy17dot_thread_kernelINS_3lns7lns4_r1ELNS_8bitwidth12compute_kindE1ELNS4_14storage_layoutE0ELi8ELNS0_12decoder_kindE4ELNS0_13multiply_kindE0EEEvNS0_12storage_viewIT_XT1_EEESB_mNS0_12table_bundleIXT0_EEEPNS4_14compute_traitsIXT0_EE4typeE' for 'sm_90'
ptxas info    : Function properties for _ZN3aut12lns_strategy17dot_thread_kernelINS_3lns7lns4_r1ELNS_8bitwidth12compute_kindE1ELNS4_14storage_layoutE0ELi8ELNS0_12decoder_kindE4ELNS0_13multiply_kindE0EEEvNS0_12storage_viewIT_XT1_EEESB_mNS0_12table_bundleIXT0_EEEPNS4_14compute_traitsIXT0_EE4typeE
    0 bytes stack frame, 0 bytes spill stores, 0 bytes spill loads
ptxas info    : Used 30 registers, used 1 barriers
ptxas info    : Compile time = 22.319 ms
ptxas info    : Compiling entry function '_ZN3aut12lns_strategy18gemv_thread_kernelINS_3lns7lns4_r1ELNS_8bitwidth12compute_kindE1ELNS4_14storage_layoutE0ELi4ELNS0_12decoder_kindE4ELNS0_13multiply_kindE0EEEvNS0_12storage_viewIT_XT1_EEESB_mmNS0_12table_bundleIXT0_EEEPNS4_14compute_traitsIXT0_EE4typeE' for 'sm_90'
ptxas info    : Function properties for _ZN3aut12lns_strategy18gemv_thread_kernelINS_3lns7lns4_r1ELNS_8bitwidth12compute_kindE1ELNS4_14storage_layoutE0ELi4ELNS0_12decoder_kindE4ELNS0_13multiply_kindE0EEEvNS0_12storage_viewIT_XT1_EEESB_mmNS0_12table_bundleIXT0_EEEPNS4_14compute_traitsIXT0_EE4typeE
    0 bytes stack frame, 0 bytes spill stores, 0 bytes spill loads
ptxas info    : Used 32 registers, used 1 barriers
ptxas info    : Compile time = 15.288 ms
ptxas info    : Compiling entry function '_ZN3aut12lns_strategy17dot_thread_kernelINS_3lns7lns4_r1ELNS_8bitwidth12compute_kindE1ELNS4_14storage_layoutE0ELi4ELNS0_12decoder_kindE4ELNS0_13multiply_kindE0EEEvNS0_12storage_viewIT_XT1_EEESB_mNS0_12table_bundleIXT0_EEEPNS4_14compute_traitsIXT0_EE4typeE' for 'sm_90'
ptxas info    : Function properties for _ZN3aut12lns_strategy17dot_thread_kernelINS_3lns7lns4_r1ELNS_8bitwidth12compute_kindE1ELNS4_14storage_layoutE0ELi4ELNS0_12decoder_kindE4ELNS0_13multiply_kindE0EEEvNS0_12storage_viewIT_XT1_EEESB_mNS0_12table_bundleIXT0_EEEPNS4_14compute_traitsIXT0_EE4typeE
    0 bytes stack frame, 0 bytes spill stores, 0 bytes spill loads
ptxas info    : Used 32 registers, used 1 barriers
ptxas info    : Compile time = 15.024 ms
ptxas info    : Compiling entry function '_ZN3aut12lns_strategy18gemv_thread_kernelINS_3lns7lns4_r1ELNS_8bitwidth12compute_kindE1ELNS4_14storage_layoutE0ELi2ELNS0_12decoder_kindE4ELNS0_13multiply_kindE0EEEvNS0_12storage_viewIT_XT1_EEESB_mmNS0_12table_bundleIXT0_EEEPNS4_14compute_traitsIXT0_EE4typeE' for 'sm_90'
ptxas info    : Function properties for _ZN3aut12lns_strategy18gemv_thread_kernelINS_3lns7lns4_r1ELNS_8bitwidth12compute_kindE1ELNS4_14storage_layoutE0ELi2ELNS0_12decoder_kindE4ELNS0_13multiply_kindE0EEEvNS0_12storage_viewIT_XT1_EEESB_mmNS0_12table_bundleIXT0_EEEPNS4_14compute_traitsIXT0_EE4typeE
    0 bytes stack frame, 0 bytes spill stores, 0 bytes spill loads
ptxas info    : Used 32 registers, used 1 barriers
ptxas info    : Compile time = 9.168 ms
ptxas info    : Compiling entry function '_ZN3aut12lns_strategy17dot_thread_kernelINS_3lns7lns4_r1ELNS_8bitwidth12compute_kindE1ELNS4_14storage_layoutE0ELi2ELNS0_12decoder_kindE4ELNS0_13multiply_kindE0EEEvNS0_12storage_viewIT_XT1_EEESB_mNS0_12table_bundleIXT0_EEEPNS4_14compute_traitsIXT0_EE4typeE' for 'sm_90'
ptxas info    : Function properties for _ZN3aut12lns_strategy17dot_thread_kernelINS_3lns7lns4_r1ELNS_8bitwidth12compute_kindE1ELNS4_14storage_layoutE0ELi2ELNS0_12decoder_kindE4ELNS0_13multiply_kindE0EEEvNS0_12storage_viewIT_XT1_EEESB_mNS0_12table_bundleIXT0_EEEPNS4_14compute_traitsIXT0_EE4typeE
    0 bytes stack frame, 0 bytes spill stores, 0 bytes spill loads
ptxas info    : Used 32 registers, used 1 barriers
ptxas info    : Compile time = 9.062 ms
ptxas info    : Compiling entry function '_ZN3aut12lns_strategy18gemv_thread_kernelINS_3lns7lns4_r1ELNS_8bitwidth12compute_kindE1ELNS4_14storage_layoutE1ELi1ELNS0_12decoder_kindE4ELNS0_13multiply_kindE0EEEvNS0_12storage_viewIT_XT1_EEESB_mmNS0_12table_bundleIXT0_EEEPNS4_14compute_traitsIXT0_EE4typeE' for 'sm_90'
ptxas info    : Function properties for _ZN3aut12lns_strategy18gemv_thread_kernelINS_3lns7lns4_r1ELNS_8bitwidth12compute_kindE1ELNS4_14storage_layoutE1ELi1ELNS0_12decoder_kindE4ELNS0_13multiply_kindE0EEEvNS0_12storage_viewIT_XT1_EEESB_mmNS0_12table_bundleIXT0_EEEPNS4_14compute_traitsIXT0_EE4typeE
    0 bytes stack frame, 0 bytes spill stores, 0 bytes spill loads
ptxas info    : Used 21 registers, used 1 barriers
ptxas info    : Compile time = 5.689 ms
ptxas info    : Compiling entry function '_ZN3aut12lns_strategy17dot_thread_kernelINS_3lns7lns4_r1ELNS_8bitwidth12compute_kindE1ELNS4_14storage_layoutE1ELi1ELNS0_12decoder_kindE4ELNS0_13multiply_kindE0EEEvNS0_12storage_viewIT_XT1_EEESB_mNS0_12table_bundleIXT0_EEEPNS4_14compute_traitsIXT0_EE4typeE' for 'sm_90'
ptxas info    : Function properties for _ZN3aut12lns_strategy17dot_thread_kernelINS_3lns7lns4_r1ELNS_8bitwidth12compute_kindE1ELNS4_14storage_layoutE1ELi1ELNS0_12decoder_kindE4ELNS0_13multiply_kindE0EEEvNS0_12storage_viewIT_XT1_EEESB_mNS0_12table_bundleIXT0_EEEPNS4_14compute_traitsIXT0_EE4typeE
    0 bytes stack frame, 0 bytes spill stores, 0 bytes spill loads
ptxas info    : Used 23 registers, used 1 barriers
ptxas info    : Compile time = 5.528 ms
ptxas info    : Compiling entry function '_ZN3aut12lns_strategy18gemv_thread_kernelINS_3lns7lns4_r1ELNS_8bitwidth12compute_kindE1ELNS4_14storage_layoutE0ELi1ELNS0_12decoder_kindE4ELNS0_13multiply_kindE0EEEvNS0_12storage_viewIT_XT1_EEESB_mmNS0_12table_bundleIXT0_EEEPNS4_14compute_traitsIXT0_EE4typeE' for 'sm_90'
ptxas info    : Function properties for _ZN3aut12lns_strategy18gemv_thread_kernelINS_3lns7lns4_r1ELNS_8bitwidth12compute_kindE1ELNS4_14storage_layoutE0ELi1ELNS0_12decoder_kindE4ELNS0_13multiply_kindE0EEEvNS0_12storage_viewIT_XT1_EEESB_mmNS0_12table_bundleIXT0_EEEPNS4_14compute_traitsIXT0_EE4typeE
    0 bytes stack frame, 0 bytes spill stores, 0 bytes spill loads
ptxas info    : Used 23 registers, used 1 barriers
ptxas info    : Compile time = 6.068 ms
ptxas info    : Compiling entry function '_ZN3aut12lns_strategy17dot_thread_kernelINS_3lns7lns4_r1ELNS_8bitwidth12compute_kindE1ELNS4_14storage_layoutE0ELi1ELNS0_12decoder_kindE4ELNS0_13multiply_kindE0EEEvNS0_12storage_viewIT_XT1_EEESB_mNS0_12table_bundleIXT0_EEEPNS4_14compute_traitsIXT0_EE4typeE' for 'sm_90'
ptxas info    : Function properties for _ZN3aut12lns_strategy17dot_thread_kernelINS_3lns7lns4_r1ELNS_8bitwidth12compute_kindE1ELNS4_14storage_layoutE0ELi1ELNS0_12decoder_kindE4ELNS0_13multiply_kindE0EEEvNS0_12storage_viewIT_XT1_EEESB_mNS0_12table_bundleIXT0_EEEPNS4_14compute_traitsIXT0_EE4typeE
    0 bytes stack frame, 0 bytes spill stores, 0 bytes spill loads
ptxas info    : Used 25 registers, used 1 barriers
ptxas info    : Compile time = 5.847 ms
ptxas info    : Compiling entry function '_ZN3aut12lns_strategy23gemv_cooperative_kernelINS_3lns7lns4_r1ELNS_8bitwidth12compute_kindE1ELNS0_12decoder_kindE3ELNS0_13multiply_kindE0EEEvPKjS9_mmNS0_12table_bundleIXT0_EEEPNS4_14compute_traitsIXT0_EE4typeE' for 'sm_90'
ptxas info    : Function properties for _ZN3aut12lns_strategy23gemv_cooperative_kernelINS_3lns7lns4_r1ELNS_8bitwidth12compute_kindE1ELNS0_12decoder_kindE3ELNS0_13multiply_kindE0EEEvPKjS9_mmNS0_12table_bundleIXT0_EEEPNS4_14compute_traitsIXT0_EE4typeE
    0 bytes stack frame, 0 bytes spill stores, 0 bytes spill loads
ptxas info    : Used 23 registers, used 1 barriers
ptxas info    : Compile time = 4.891 ms
ptxas info    : Compiling entry function '_ZN3aut12lns_strategy22dot_cooperative_kernelINS_3lns7lns4_r1ELNS_8bitwidth12compute_kindE1ELNS0_12decoder_kindE3ELNS0_13multiply_kindE0EEEvPKjS9_mNS0_12table_bundleIXT0_EEEPNS4_14compute_traitsIXT0_EE4typeE' for 'sm_90'
ptxas info    : Function properties for _ZN3aut12lns_strategy22dot_cooperative_kernelINS_3lns7lns4_r1ELNS_8bitwidth12compute_kindE1ELNS0_12decoder_kindE3ELNS0_13multiply_kindE0EEEvPKjS9_mNS0_12table_bundleIXT0_EEEPNS4_14compute_traitsIXT0_EE4typeE
    0 bytes stack frame, 0 bytes spill stores, 0 bytes spill loads
ptxas info    : Used 22 registers, used 1 barriers
ptxas info    : Compile time = 4.810 ms
ptxas info    : Compiling entry function '_ZN3aut12lns_strategy18gemv_thread_kernelINS_3lns7lns4_r1ELNS_8bitwidth12compute_kindE1ELNS4_14storage_layoutE1ELi8ELNS0_12decoder_kindE3ELNS0_13multiply_kindE0EEEvNS0_12storage_viewIT_XT1_EEESB_mmNS0_12table_bundleIXT0_EEEPNS4_14compute_traitsIXT0_EE4typeE' for 'sm_90'
ptxas info    : Function properties for _ZN3aut12lns_strategy18gemv_thread_kernelINS_3lns7lns4_r1ELNS_8bitwidth12compute_kindE1ELNS4_14storage_layoutE1ELi8ELNS0_12decoder_kindE3ELNS0_13multiply_kindE0EEEvNS0_12storage_viewIT_XT1_EEESB_mmNS0_12table_bundleIXT0_EEEPNS4_14compute_traitsIXT0_EE4typeE
    0 bytes stack frame, 0 bytes spill stores, 0 bytes spill loads
ptxas info    : Used 29 registers, used 1 barriers
ptxas info    : Compile time = 6.267 ms
ptxas info    : Compiling entry function '_ZN3aut12lns_strategy17dot_thread_kernelINS_3lns7lns4_r1ELNS_8bitwidth12compute_kindE1ELNS4_14storage_layoutE1ELi8ELNS0_12decoder_kindE3ELNS0_13multiply_kindE0EEEvNS0_12storage_viewIT_XT1_EEESB_mNS0_12table_bundleIXT0_EEEPNS4_14compute_traitsIXT0_EE4typeE' for 'sm_90'
ptxas info    : Function properties for _ZN3aut12lns_strategy17dot_thread_kernelINS_3lns7lns4_r1ELNS_8bitwidth12compute_kindE1ELNS4_14storage_layoutE1ELi8ELNS0_12decoder_kindE3ELNS0_13multiply_kindE0EEEvNS0_12storage_viewIT_XT1_EEESB_mNS0_12table_bundleIXT0_EEEPNS4_14compute_traitsIXT0_EE4typeE
    0 bytes stack frame, 0 bytes spill stores, 0 bytes spill loads
ptxas info    : Used 31 registers, used 1 barriers
ptxas info    : Compile time = 6.333 ms
ptxas info    : Compiling entry function '_ZN3aut12lns_strategy18gemv_thread_kernelINS_3lns7lns4_r1ELNS_8bitwidth12compute_kindE1ELNS4_14storage_layoutE1ELi4ELNS0_12decoder_kindE3ELNS0_13multiply_kindE0EEEvNS0_12storage_viewIT_XT1_EEESB_mmNS0_12table_bundleIXT0_EEEPNS4_14compute_traitsIXT0_EE4typeE' for 'sm_90'
ptxas info    : Function properties for _ZN3aut12lns_strategy18gemv_thread_kernelINS_3lns7lns4_r1ELNS_8bitwidth12compute_kindE1ELNS4_14storage_layoutE1ELi4ELNS0_12decoder_kindE3ELNS0_13multiply_kindE0EEEvNS0_12storage_viewIT_XT1_EEESB_mmNS0_12table_bundleIXT0_EEEPNS4_14compute_traitsIXT0_EE4typeE
    0 bytes stack frame, 0 bytes spill stores, 0 bytes spill loads
ptxas info    : Used 24 registers, used 1 barriers
ptxas info    : Compile time = 4.719 ms
ptxas info    : Compiling entry function '_ZN3aut12lns_strategy17dot_thread_kernelINS_3lns7lns4_r1ELNS_8bitwidth12compute_kindE1ELNS4_14storage_layoutE1ELi4ELNS0_12decoder_kindE3ELNS0_13multiply_kindE0EEEvNS0_12storage_viewIT_XT1_EEESB_mNS0_12table_bundleIXT0_EEEPNS4_14compute_traitsIXT0_EE4typeE' for 'sm_90'
ptxas info    : Function properties for _ZN3aut12lns_strategy17dot_thread_kernelINS_3lns7lns4_r1ELNS_8bitwidth12compute_kindE1ELNS4_14storage_layoutE1ELi4ELNS0_12decoder_kindE3ELNS0_13multiply_kindE0EEEvNS0_12storage_viewIT_XT1_EEESB_mNS0_12table_bundleIXT0_EEEPNS4_14compute_traitsIXT0_EE4typeE
    0 bytes stack frame, 0 bytes spill stores, 0 bytes spill loads
ptxas info    : Used 28 registers, used 1 barriers
ptxas info    : Compile time = 4.747 ms
ptxas info    : Compiling entry function '_ZN3aut12lns_strategy18gemv_thread_kernelINS_3lns7lns4_r1ELNS_8bitwidth12compute_kindE1ELNS4_14storage_layoutE1ELi2ELNS0_12decoder_kindE3ELNS0_13multiply_kindE0EEEvNS0_12storage_viewIT_XT1_EEESB_mmNS0_12table_bundleIXT0_EEEPNS4_14compute_traitsIXT0_EE4typeE' for 'sm_90'
ptxas info    : Function properties for _ZN3aut12lns_strategy18gemv_thread_kernelINS_3lns7lns4_r1ELNS_8bitwidth12compute_kindE1ELNS4_14storage_layoutE1ELi2ELNS0_12decoder_kindE3ELNS0_13multiply_kindE0EEEvNS0_12storage_viewIT_XT1_EEESB_mmNS0_12table_bundleIXT0_EEEPNS4_14compute_traitsIXT0_EE4typeE
    0 bytes stack frame, 0 bytes spill stores, 0 bytes spill loads
ptxas info    : Used 20 registers, used 1 barriers
ptxas info    : Compile time = 4.123 ms
ptxas info    : Compiling entry function '_ZN3aut12lns_strategy17dot_thread_kernelINS_3lns7lns4_r1ELNS_8bitwidth12compute_kindE1ELNS4_14storage_layoutE1ELi2ELNS0_12decoder_kindE3ELNS0_13multiply_kindE0EEEvNS0_12storage_viewIT_XT1_EEESB_mNS0_12table_bundleIXT0_EEEPNS4_14compute_traitsIXT0_EE4typeE' for 'sm_90'
ptxas info    : Function properties for _ZN3aut12lns_strategy17dot_thread_kernelINS_3lns7lns4_r1ELNS_8bitwidth12compute_kindE1ELNS4_14storage_layoutE1ELi2ELNS0_12decoder_kindE3ELNS0_13multiply_kindE0EEEvNS0_12storage_viewIT_XT1_EEESB_mNS0_12table_bundleIXT0_EEEPNS4_14compute_traitsIXT0_EE4typeE
    0 bytes stack frame, 0 bytes spill stores, 0 bytes spill loads
ptxas info    : Used 26 registers, used 1 barriers
ptxas info    : Compile time = 4.064 ms
ptxas info    : Compiling entry function '_ZN3aut12lns_strategy18gemv_thread_kernelINS_3lns7lns4_r1ELNS_8bitwidth12compute_kindE1ELNS4_14storage_layoutE0ELi8ELNS0_12decoder_kindE3ELNS0_13multiply_kindE0EEEvNS0_12storage_viewIT_XT1_EEESB_mmNS0_12table_bundleIXT0_EEEPNS4_14compute_traitsIXT0_EE4typeE' for 'sm_90'
ptxas info    : Function properties for _ZN3aut12lns_strategy18gemv_thread_kernelINS_3lns7lns4_r1ELNS_8bitwidth12compute_kindE1ELNS4_14storage_layoutE0ELi8ELNS0_12decoder_kindE3ELNS0_13multiply_kindE0EEEvNS0_12storage_viewIT_XT1_EEESB_mmNS0_12table_bundleIXT0_EEEPNS4_14compute_traitsIXT0_EE4typeE
    0 bytes stack frame, 0 bytes spill stores, 0 bytes spill loads
ptxas info    : Used 40 registers, used 1 barriers
ptxas info    : Compile time = 9.302 ms
ptxas info    : Compiling entry function '_ZN3aut12lns_strategy17dot_thread_kernelINS_3lns7lns4_r1ELNS_8bitwidth12compute_kindE1ELNS4_14storage_layoutE0ELi8ELNS0_12decoder_kindE3ELNS0_13multiply_kindE0EEEvNS0_12storage_viewIT_XT1_EEESB_mNS0_12table_bundleIXT0_EEEPNS4_14compute_traitsIXT0_EE4typeE' for 'sm_90'
ptxas info    : Function properties for _ZN3aut12lns_strategy17dot_thread_kernelINS_3lns7lns4_r1ELNS_8bitwidth12compute_kindE1ELNS4_14storage_layoutE0ELi8ELNS0_12decoder_kindE3ELNS0_13multiply_kindE0EEEvNS0_12storage_viewIT_XT1_EEESB_mNS0_12table_bundleIXT0_EEEPNS4_14compute_traitsIXT0_EE4typeE
    0 bytes stack frame, 0 bytes spill stores, 0 bytes spill loads
ptxas info    : Used 31 registers, used 1 barriers
ptxas info    : Compile time = 7.417 ms
ptxas info    : Compiling entry function '_ZN3aut12lns_strategy18gemv_thread_kernelINS_3lns7lns4_r1ELNS_8bitwidth12compute_kindE1ELNS4_14storage_layoutE0ELi4ELNS0_12decoder_kindE3ELNS0_13multiply_kindE0EEEvNS0_12storage_viewIT_XT1_EEESB_mmNS0_12table_bundleIXT0_EEEPNS4_14compute_traitsIXT0_EE4typeE' for 'sm_90'
ptxas info    : Function properties for _ZN3aut12lns_strategy18gemv_thread_kernelINS_3lns7lns4_r1ELNS_8bitwidth12compute_kindE1ELNS4_14storage_layoutE0ELi4ELNS0_12decoder_kindE3ELNS0_13multiply_kindE0EEEvNS0_12storage_viewIT_XT1_EEESB_mmNS0_12table_bundleIXT0_EEEPNS4_14compute_traitsIXT0_EE4typeE
    0 bytes stack frame, 0 bytes spill stores, 0 bytes spill loads
ptxas info    : Used 32 registers, used 1 barriers
ptxas info    : Compile time = 6.619 ms
ptxas info    : Compiling entry function '_ZN3aut12lns_strategy17dot_thread_kernelINS_3lns7lns4_r1ELNS_8bitwidth12compute_kindE1ELNS4_14storage_layoutE0ELi4ELNS0_12decoder_kindE3ELNS0_13multiply_kindE0EEEvNS0_12storage_viewIT_XT1_EEESB_mNS0_12table_bundleIXT0_EEEPNS4_14compute_traitsIXT0_EE4typeE' for 'sm_90'
ptxas info    : Function properties for _ZN3aut12lns_strategy17dot_thread_kernelINS_3lns7lns4_r1ELNS_8bitwidth12compute_kindE1ELNS4_14storage_layoutE0ELi4ELNS0_12decoder_kindE3ELNS0_13multiply_kindE0EEEvNS0_12storage_viewIT_XT1_EEESB_mNS0_12table_bundleIXT0_EEEPNS4_14compute_traitsIXT0_EE4typeE
    0 bytes stack frame, 0 bytes spill stores, 0 bytes spill loads
ptxas info    : Used 32 registers, used 1 barriers
ptxas info    : Compile time = 6.298 ms
ptxas info    : Compiling entry function '_ZN3aut12lns_strategy18gemv_thread_kernelINS_3lns7lns4_r1ELNS_8bitwidth12compute_kindE1ELNS4_14storage_layoutE0ELi2ELNS0_12decoder_kindE3ELNS0_13multiply_kindE0EEEvNS0_12storage_viewIT_XT1_EEESB_mmNS0_12table_bundleIXT0_EEEPNS4_14compute_traitsIXT0_EE4typeE' for 'sm_90'
ptxas info    : Function properties for _ZN3aut12lns_strategy18gemv_thread_kernelINS_3lns7lns4_r1ELNS_8bitwidth12compute_kindE1ELNS4_14storage_layoutE0ELi2ELNS0_12decoder_kindE3ELNS0_13multiply_kindE0EEEvNS0_12storage_viewIT_XT1_EEESB_mmNS0_12table_bundleIXT0_EEEPNS4_14compute_traitsIXT0_EE4typeE
    0 bytes stack frame, 0 bytes spill stores, 0 bytes spill loads
ptxas info    : Used 30 registers, used 1 barriers
ptxas info    : Compile time = 4.950 ms
ptxas info    : Compiling entry function '_ZN3aut12lns_strategy17dot_thread_kernelINS_3lns7lns4_r1ELNS_8bitwidth12compute_kindE1ELNS4_14storage_layoutE0ELi2ELNS0_12decoder_kindE3ELNS0_13multiply_kindE0EEEvNS0_12storage_viewIT_XT1_EEESB_mNS0_12table_bundleIXT0_EEEPNS4_14compute_traitsIXT0_EE4typeE' for 'sm_90'
ptxas info    : Function properties for _ZN3aut12lns_strategy17dot_thread_kernelINS_3lns7lns4_r1ELNS_8bitwidth12compute_kindE1ELNS4_14storage_layoutE0ELi2ELNS0_12decoder_kindE3ELNS0_13multiply_kindE0EEEvNS0_12storage_viewIT_XT1_EEESB_mNS0_12table_bundleIXT0_EEEPNS4_14compute_traitsIXT0_EE4typeE
    0 bytes stack frame, 0 bytes spill stores, 0 bytes spill loads
ptxas info    : Used 32 registers, used 1 barriers
ptxas info    : Compile time = 4.663 ms
ptxas info    : Compiling entry function '_ZN3aut12lns_strategy18gemv_thread_kernelINS_3lns7lns4_r1ELNS_8bitwidth12compute_kindE1ELNS4_14storage_layoutE1ELi1ELNS0_12decoder_kindE3ELNS0_13multiply_kindE0EEEvNS0_12storage_viewIT_XT1_EEESB_mmNS0_12table_bundleIXT0_EEEPNS4_14compute_traitsIXT0_EE4typeE' for 'sm_90'
ptxas info    : Function properties for _ZN3aut12lns_strategy18gemv_thread_kernelINS_3lns7lns4_r1ELNS_8bitwidth12compute_kindE1ELNS4_14storage_layoutE1ELi1ELNS0_12decoder_kindE3ELNS0_13multiply_kindE0EEEvNS0_12storage_viewIT_XT1_EEESB_mmNS0_12table_bundleIXT0_EEEPNS4_14compute_traitsIXT0_EE4typeE
    0 bytes stack frame, 0 bytes spill stores, 0 bytes spill loads
ptxas info    : Used 22 registers, used 1 barriers
ptxas info    : Compile time = 3.472 ms
ptxas info    : Compiling entry function '_ZN3aut12lns_strategy17dot_thread_kernelINS_3lns7lns4_r1ELNS_8bitwidth12compute_kindE1ELNS4_14storage_layoutE1ELi1ELNS0_12decoder_kindE3ELNS0_13multiply_kindE0EEEvNS0_12storage_viewIT_XT1_EEESB_mNS0_12table_bundleIXT0_EEEPNS4_14compute_traitsIXT0_EE4typeE' for 'sm_90'
ptxas info    : Function properties for _ZN3aut12lns_strategy17dot_thread_kernelINS_3lns7lns4_r1ELNS_8bitwidth12compute_kindE1ELNS4_14storage_layoutE1ELi1ELNS0_12decoder_kindE3ELNS0_13multiply_kindE0EEEvNS0_12storage_viewIT_XT1_EEESB_mNS0_12table_bundleIXT0_EEEPNS4_14compute_traitsIXT0_EE4typeE
    0 bytes stack frame, 0 bytes spill stores, 0 bytes spill loads
ptxas info    : Used 24 registers, used 1 barriers
ptxas info    : Compile time = 3.331 ms
ptxas info    : Compiling entry function '_ZN3aut12lns_strategy18gemv_thread_kernelINS_3lns7lns4_r1ELNS_8bitwidth12compute_kindE1ELNS4_14storage_layoutE0ELi1ELNS0_12decoder_kindE3ELNS0_13multiply_kindE0EEEvNS0_12storage_viewIT_XT1_EEESB_mmNS0_12table_bundleIXT0_EEEPNS4_14compute_traitsIXT0_EE4typeE' for 'sm_90'
ptxas info    : Function properties for _ZN3aut12lns_strategy18gemv_thread_kernelINS_3lns7lns4_r1ELNS_8bitwidth12compute_kindE1ELNS4_14storage_layoutE0ELi1ELNS0_12decoder_kindE3ELNS0_13multiply_kindE0EEEvNS0_12storage_viewIT_XT1_EEESB_mmNS0_12table_bundleIXT0_EEEPNS4_14compute_traitsIXT0_EE4typeE
    0 bytes stack frame, 0 bytes spill stores, 0 bytes spill loads
ptxas info    : Used 22 registers, used 1 barriers
ptxas info    : Compile time = 3.899 ms
ptxas info    : Compiling entry function '_ZN3aut12lns_strategy17dot_thread_kernelINS_3lns7lns4_r1ELNS_8bitwidth12compute_kindE1ELNS4_14storage_layoutE0ELi1ELNS0_12decoder_kindE3ELNS0_13multiply_kindE0EEEvNS0_12storage_viewIT_XT1_EEESB_mNS0_12table_bundleIXT0_EEEPNS4_14compute_traitsIXT0_EE4typeE' for 'sm_90'
ptxas info    : Function properties for _ZN3aut12lns_strategy17dot_thread_kernelINS_3lns7lns4_r1ELNS_8bitwidth12compute_kindE1ELNS4_14storage_layoutE0ELi1ELNS0_12decoder_kindE3ELNS0_13multiply_kindE0EEEvNS0_12storage_viewIT_XT1_EEESB_mNS0_12table_bundleIXT0_EEEPNS4_14compute_traitsIXT0_EE4typeE
    0 bytes stack frame, 0 bytes spill stores, 0 bytes spill loads
ptxas info    : Used 23 registers, used 1 barriers
ptxas info    : Compile time = 3.679 ms
ptxas info    : Compiling entry function '_ZN3aut12lns_strategy23gemv_cooperative_kernelINS_3lns7lns4_r1ELNS_8bitwidth12compute_kindE1ELNS0_12decoder_kindE2ELNS0_13multiply_kindE0EEEvPKjS9_mmNS0_12table_bundleIXT0_EEEPNS4_14compute_traitsIXT0_EE4typeE' for 'sm_90'
ptxas info    : Function properties for _ZN3aut12lns_strategy23gemv_cooperative_kernelINS_3lns7lns4_r1ELNS_8bitwidth12compute_kindE1ELNS0_12decoder_kindE2ELNS0_13multiply_kindE0EEEvPKjS9_mmNS0_12table_bundleIXT0_EEEPNS4_14compute_traitsIXT0_EE4typeE
    0 bytes stack frame, 0 bytes spill stores, 0 bytes spill loads
ptxas info    : Used 24 registers, used 1 barriers
ptxas info    : Compile time = 4.378 ms
ptxas info    : Compiling entry function '_ZN3aut12lns_strategy22dot_cooperative_kernelINS_3lns7lns4_r1ELNS_8bitwidth12compute_kindE1ELNS0_12decoder_kindE2ELNS0_13multiply_kindE0EEEvPKjS9_mNS0_12table_bundleIXT0_EEEPNS4_14compute_traitsIXT0_EE4typeE' for 'sm_90'
ptxas info    : Function properties for _ZN3aut12lns_strategy22dot_cooperative_kernelINS_3lns7lns4_r1ELNS_8bitwidth12compute_kindE1ELNS0_12decoder_kindE2ELNS0_13multiply_kindE0EEEvPKjS9_mNS0_12table_bundleIXT0_EEEPNS4_14compute_traitsIXT0_EE4typeE
    0 bytes stack frame, 0 bytes spill stores, 0 bytes spill loads
ptxas info    : Used 22 registers, used 1 barriers
ptxas info    : Compile time = 4.239 ms
ptxas info    : Compiling entry function '_ZN3aut12lns_strategy18gemv_thread_kernelINS_3lns7lns4_r1ELNS_8bitwidth12compute_kindE1ELNS4_14storage_layoutE1ELi8ELNS0_12decoder_kindE2ELNS0_13multiply_kindE0EEEvNS0_12storage_viewIT_XT1_EEESB_mmNS0_12table_bundleIXT0_EEEPNS4_14compute_traitsIXT0_EE4typeE' for 'sm_90'
ptxas info    : Function properties for _ZN3aut12lns_strategy18gemv_thread_kernelINS_3lns7lns4_r1ELNS_8bitwidth12compute_kindE1ELNS4_14storage_layoutE1ELi8ELNS0_12decoder_kindE2ELNS0_13multiply_kindE0EEEvNS0_12storage_viewIT_XT1_EEESB_mmNS0_12table_bundleIXT0_EEEPNS4_14compute_traitsIXT0_EE4typeE
    0 bytes stack frame, 0 bytes spill stores, 0 bytes spill loads
ptxas info    : Used 32 registers, used 1 barriers
ptxas info    : Compile time = 6.373 ms
ptxas info    : Compiling entry function '_ZN3aut12lns_strategy17dot_thread_kernelINS_3lns7lns4_r1ELNS_8bitwidth12compute_kindE1ELNS4_14storage_layoutE1ELi8ELNS0_12decoder_kindE2ELNS0_13multiply_kindE0EEEvNS0_12storage_viewIT_XT1_EEESB_mNS0_12table_bundleIXT0_EEEPNS4_14compute_traitsIXT0_EE4typeE' for 'sm_90'
ptxas info    : Function properties for _ZN3aut12lns_strategy17dot_thread_kernelINS_3lns7lns4_r1ELNS_8bitwidth12compute_kindE1ELNS4_14storage_layoutE1ELi8ELNS0_12decoder_kindE2ELNS0_13multiply_kindE0EEEvNS0_12storage_viewIT_XT1_EEESB_mNS0_12table_bundleIXT0_EEEPNS4_14compute_traitsIXT0_EE4typeE
    0 bytes stack frame, 0 bytes spill stores, 0 bytes spill loads
ptxas info    : Used 32 registers, used 1 barriers
ptxas info    : Compile time = 6.424 ms
ptxas info    : Compiling entry function '_ZN3aut12lns_strategy18gemv_thread_kernelINS_3lns7lns4_r1ELNS_8bitwidth12compute_kindE1ELNS4_14storage_layoutE1ELi4ELNS0_12decoder_kindE2ELNS0_13multiply_kindE0EEEvNS0_12storage_viewIT_XT1_EEESB_mmNS0_12table_bundleIXT0_EEEPNS4_14compute_traitsIXT0_EE4typeE' for 'sm_90'
ptxas info    : Function properties for _ZN3aut12lns_strategy18gemv_thread_kernelINS_3lns7lns4_r1ELNS_8bitwidth12compute_kindE1ELNS4_14storage_layoutE1ELi4ELNS0_12decoder_kindE2ELNS0_13multiply_kindE0EEEvNS0_12storage_viewIT_XT1_EEESB_mmNS0_12table_bundleIXT0_EEEPNS4_14compute_traitsIXT0_EE4typeE
    0 bytes stack frame, 0 bytes spill stores, 0 bytes spill loads
ptxas info    : Used 32 registers, used 1 barriers
ptxas info    : Compile time = 4.517 ms
ptxas info    : Compiling entry function '_ZN3aut12lns_strategy17dot_thread_kernelINS_3lns7lns4_r1ELNS_8bitwidth12compute_kindE1ELNS4_14storage_layoutE1ELi4ELNS0_12decoder_kindE2ELNS0_13multiply_kindE0EEEvNS0_12storage_viewIT_XT1_EEESB_mNS0_12table_bundleIXT0_EEEPNS4_14compute_traitsIXT0_EE4typeE' for 'sm_90'
ptxas info    : Function properties for _ZN3aut12lns_strategy17dot_thread_kernelINS_3lns7lns4_r1ELNS_8bitwidth12compute_kindE1ELNS4_14storage_layoutE1ELi4ELNS0_12decoder_kindE2ELNS0_13multiply_kindE0EEEvNS0_12storage_viewIT_XT1_EEESB_mNS0_12table_bundleIXT0_EEEPNS4_14compute_traitsIXT0_EE4typeE
    0 bytes stack frame, 0 bytes spill stores, 0 bytes spill loads
ptxas info    : Used 32 registers, used 1 barriers
ptxas info    : Compile time = 4.530 ms
ptxas info    : Compiling entry function '_ZN3aut12lns_strategy18gemv_thread_kernelINS_3lns7lns4_r1ELNS_8bitwidth12compute_kindE1ELNS4_14storage_layoutE1ELi2ELNS0_12decoder_kindE2ELNS0_13multiply_kindE0EEEvNS0_12storage_viewIT_XT1_EEESB_mmNS0_12table_bundleIXT0_EEEPNS4_14compute_traitsIXT0_EE4typeE' for 'sm_90'
ptxas info    : Function properties for _ZN3aut12lns_strategy18gemv_thread_kernelINS_3lns7lns4_r1ELNS_8bitwidth12compute_kindE1ELNS4_14storage_layoutE1ELi2ELNS0_12decoder_kindE2ELNS0_13multiply_kindE0EEEvNS0_12storage_viewIT_XT1_EEESB_mmNS0_12table_bundleIXT0_EEEPNS4_14compute_traitsIXT0_EE4typeE
    0 bytes stack frame, 0 bytes spill stores, 0 bytes spill loads
ptxas info    : Used 22 registers, used 1 barriers
ptxas info    : Compile time = 3.579 ms
ptxas info    : Compiling entry function '_ZN3aut12lns_strategy17dot_thread_kernelINS_3lns7lns4_r1ELNS_8bitwidth12compute_kindE1ELNS4_14storage_layoutE1ELi2ELNS0_12decoder_kindE2ELNS0_13multiply_kindE0EEEvNS0_12storage_viewIT_XT1_EEESB_mNS0_12table_bundleIXT0_EEEPNS4_14compute_traitsIXT0_EE4typeE' for 'sm_90'
ptxas info    : Function properties for _ZN3aut12lns_strategy17dot_thread_kernelINS_3lns7lns4_r1ELNS_8bitwidth12compute_kindE1ELNS4_14storage_layoutE1ELi2ELNS0_12decoder_kindE2ELNS0_13multiply_kindE0EEEvNS0_12storage_viewIT_XT1_EEESB_mNS0_12table_bundleIXT0_EEEPNS4_14compute_traitsIXT0_EE4typeE
    0 bytes stack frame, 0 bytes spill stores, 0 bytes spill loads
ptxas info    : Used 26 registers, used 1 barriers
ptxas info    : Compile time = 3.614 ms
ptxas info    : Compiling entry function '_ZN3aut12lns_strategy18gemv_thread_kernelINS_3lns7lns4_r1ELNS_8bitwidth12compute_kindE1ELNS4_14storage_layoutE0ELi8ELNS0_12decoder_kindE2ELNS0_13multiply_kindE0EEEvNS0_12storage_viewIT_XT1_EEESB_mmNS0_12table_bundleIXT0_EEEPNS4_14compute_traitsIXT0_EE4typeE' for 'sm_90'
ptxas info    : Function properties for _ZN3aut12lns_strategy18gemv_thread_kernelINS_3lns7lns4_r1ELNS_8bitwidth12compute_kindE1ELNS4_14storage_layoutE0ELi8ELNS0_12decoder_kindE2ELNS0_13multiply_kindE0EEEvNS0_12storage_viewIT_XT1_EEESB_mmNS0_12table_bundleIXT0_EEEPNS4_14compute_traitsIXT0_EE4typeE
    0 bytes stack frame, 0 bytes spill stores, 0 bytes spill loads
ptxas info    : Used 40 registers, used 1 barriers
ptxas info    : Compile time = 9.199 ms
ptxas info    : Compiling entry function '_ZN3aut12lns_strategy17dot_thread_kernelINS_3lns7lns4_r1ELNS_8bitwidth12compute_kindE1ELNS4_14storage_layoutE0ELi8ELNS0_12decoder_kindE2ELNS0_13multiply_kindE0EEEvNS0_12storage_viewIT_XT1_EEESB_mNS0_12table_bundleIXT0_EEEPNS4_14compute_traitsIXT0_EE4typeE' for 'sm_90'
ptxas info    : Function properties for _ZN3aut12lns_strategy17dot_thread_kernelINS_3lns7lns4_r1ELNS_8bitwidth12compute_kindE1ELNS4_14storage_layoutE0ELi8ELNS0_12decoder_kindE2ELNS0_13multiply_kindE0EEEvNS0_12storage_viewIT_XT1_EEESB_mNS0_12table_bundleIXT0_EEEPNS4_14compute_traitsIXT0_EE4typeE
    0 bytes stack frame, 0 bytes spill stores, 0 bytes spill loads
ptxas info    : Used 32 registers, used 1 barriers
ptxas info    : Compile time = 5.849 ms
ptxas info    : Compiling entry function '_ZN3aut12lns_strategy18gemv_thread_kernelINS_3lns7lns4_r1ELNS_8bitwidth12compute_kindE1ELNS4_14storage_layoutE0ELi4ELNS0_12decoder_kindE2ELNS0_13multiply_kindE0EEEvNS0_12storage_viewIT_XT1_EEESB_mmNS0_12table_bundleIXT0_EEEPNS4_14compute_traitsIXT0_EE4typeE' for 'sm_90'
ptxas info    : Function properties for _ZN3aut12lns_strategy18gemv_thread_kernelINS_3lns7lns4_r1ELNS_8bitwidth12compute_kindE1ELNS4_14storage_layoutE0ELi4ELNS0_12decoder_kindE2ELNS0_13multiply_kindE0EEEvNS0_12storage_viewIT_XT1_EEESB_mmNS0_12table_bundleIXT0_EEEPNS4_14compute_traitsIXT0_EE4typeE
    0 bytes stack frame, 0 bytes spill stores, 0 bytes spill loads
ptxas info    : Used 32 registers, used 1 barriers
ptxas info    : Compile time = 6.192 ms
ptxas info    : Compiling entry function '_ZN3aut12lns_strategy17dot_thread_kernelINS_3lns7lns4_r1ELNS_8bitwidth12compute_kindE1ELNS4_14storage_layoutE0ELi4ELNS0_12decoder_kindE2ELNS0_13multiply_kindE0EEEvNS0_12storage_viewIT_XT1_EEESB_mNS0_12table_bundleIXT0_EEEPNS4_14compute_traitsIXT0_EE4typeE' for 'sm_90'
ptxas info    : Function properties for _ZN3aut12lns_strategy17dot_thread_kernelINS_3lns7lns4_r1ELNS_8bitwidth12compute_kindE1ELNS4_14storage_layoutE0ELi4ELNS0_12decoder_kindE2ELNS0_13multiply_kindE0EEEvNS0_12storage_viewIT_XT1_EEESB_mNS0_12table_bundleIXT0_EEEPNS4_14compute_traitsIXT0_EE4typeE
    0 bytes stack frame, 0 bytes spill stores, 0 bytes spill loads
ptxas info    : Used 32 registers, used 1 barriers
ptxas info    : Compile time = 5.906 ms
ptxas info    : Compiling entry function '_ZN3aut12lns_strategy18gemv_thread_kernelINS_3lns7lns4_r1ELNS_8bitwidth12compute_kindE1ELNS4_14storage_layoutE0ELi2ELNS0_12decoder_kindE2ELNS0_13multiply_kindE0EEEvNS0_12storage_viewIT_XT1_EEESB_mmNS0_12table_bundleIXT0_EEEPNS4_14compute_traitsIXT0_EE4typeE' for 'sm_90'
ptxas info    : Function properties for _ZN3aut12lns_strategy18gemv_thread_kernelINS_3lns7lns4_r1ELNS_8bitwidth12compute_kindE1ELNS4_14storage_layoutE0ELi2ELNS0_12decoder_kindE2ELNS0_13multiply_kindE0EEEvNS0_12storage_viewIT_XT1_EEESB_mmNS0_12table_bundleIXT0_EEEPNS4_14compute_traitsIXT0_EE4typeE
    0 bytes stack frame, 0 bytes spill stores, 0 bytes spill loads
ptxas info    : Used 30 registers, used 1 barriers
ptxas info    : Compile time = 4.375 ms
ptxas info    : Compiling entry function '_ZN3aut12lns_strategy17dot_thread_kernelINS_3lns7lns4_r1ELNS_8bitwidth12compute_kindE1ELNS4_14storage_layoutE0ELi2ELNS0_12decoder_kindE2ELNS0_13multiply_kindE0EEEvNS0_12storage_viewIT_XT1_EEESB_mNS0_12table_bundleIXT0_EEEPNS4_14compute_traitsIXT0_EE4typeE' for 'sm_90'
ptxas info    : Function properties for _ZN3aut12lns_strategy17dot_thread_kernelINS_3lns7lns4_r1ELNS_8bitwidth12compute_kindE1ELNS4_14storage_layoutE0ELi2ELNS0_12decoder_kindE2ELNS0_13multiply_kindE0EEEvNS0_12storage_viewIT_XT1_EEESB_mNS0_12table_bundleIXT0_EEEPNS4_14compute_traitsIXT0_EE4typeE
    0 bytes stack frame, 0 bytes spill stores, 0 bytes spill loads
ptxas info    : Used 32 registers, used 1 barriers
ptxas info    : Compile time = 4.217 ms
ptxas info    : Compiling entry function '_ZN3aut12lns_strategy18gemv_thread_kernelINS_3lns7lns4_r1ELNS_8bitwidth12compute_kindE1ELNS4_14storage_layoutE1ELi1ELNS0_12decoder_kindE2ELNS0_13multiply_kindE0EEEvNS0_12storage_viewIT_XT1_EEESB_mmNS0_12table_bundleIXT0_EEEPNS4_14compute_traitsIXT0_EE4typeE' for 'sm_90'
ptxas info    : Function properties for _ZN3aut12lns_strategy18gemv_thread_kernelINS_3lns7lns4_r1ELNS_8bitwidth12compute_kindE1ELNS4_14storage_layoutE1ELi1ELNS0_12decoder_kindE2ELNS0_13multiply_kindE0EEEvNS0_12storage_viewIT_XT1_EEESB_mmNS0_12table_bundleIXT0_EEEPNS4_14compute_traitsIXT0_EE4typeE
    0 bytes stack frame, 0 bytes spill stores, 0 bytes spill loads
ptxas info    : Used 20 registers, used 1 barriers
ptxas info    : Compile time = 2.950 ms
ptxas info    : Compiling entry function '_ZN3aut12lns_strategy17dot_thread_kernelINS_3lns7lns4_r1ELNS_8bitwidth12compute_kindE1ELNS4_14storage_layoutE1ELi1ELNS0_12decoder_kindE2ELNS0_13multiply_kindE0EEEvNS0_12storage_viewIT_XT1_EEESB_mNS0_12table_bundleIXT0_EEEPNS4_14compute_traitsIXT0_EE4typeE' for 'sm_90'
ptxas info    : Function properties for _ZN3aut12lns_strategy17dot_thread_kernelINS_3lns7lns4_r1ELNS_8bitwidth12compute_kindE1ELNS4_14storage_layoutE1ELi1ELNS0_12decoder_kindE2ELNS0_13multiply_kindE0EEEvNS0_12storage_viewIT_XT1_EEESB_mNS0_12table_bundleIXT0_EEEPNS4_14compute_traitsIXT0_EE4typeE
    0 bytes stack frame, 0 bytes spill stores, 0 bytes spill loads
ptxas info    : Used 22 registers, used 1 barriers
ptxas info    : Compile time = 2.782 ms
ptxas info    : Compiling entry function '_ZN3aut12lns_strategy18gemv_thread_kernelINS_3lns7lns4_r1ELNS_8bitwidth12compute_kindE1ELNS4_14storage_layoutE0ELi1ELNS0_12decoder_kindE2ELNS0_13multiply_kindE0EEEvNS0_12storage_viewIT_XT1_EEESB_mmNS0_12table_bundleIXT0_EEEPNS4_14compute_traitsIXT0_EE4typeE' for 'sm_90'
ptxas info    : Function properties for _ZN3aut12lns_strategy18gemv_thread_kernelINS_3lns7lns4_r1ELNS_8bitwidth12compute_kindE1ELNS4_14storage_layoutE0ELi1ELNS0_12decoder_kindE2ELNS0_13multiply_kindE0EEEvNS0_12storage_viewIT_XT1_EEESB_mmNS0_12table_bundleIXT0_EEEPNS4_14compute_traitsIXT0_EE4typeE
    0 bytes stack frame, 0 bytes spill stores, 0 bytes spill loads
ptxas info    : Used 21 registers, used 1 barriers
ptxas info    : Compile time = 3.317 ms
ptxas info    : Compiling entry function '_ZN3aut12lns_strategy17dot_thread_kernelINS_3lns7lns4_r1ELNS_8bitwidth12compute_kindE1ELNS4_14storage_layoutE0ELi1ELNS0_12decoder_kindE2ELNS0_13multiply_kindE0EEEvNS0_12storage_viewIT_XT1_EEESB_mNS0_12table_bundleIXT0_EEEPNS4_14compute_traitsIXT0_EE4typeE' for 'sm_90'
ptxas info    : Function properties for _ZN3aut12lns_strategy17dot_thread_kernelINS_3lns7lns4_r1ELNS_8bitwidth12compute_kindE1ELNS4_14storage_layoutE0ELi1ELNS0_12decoder_kindE2ELNS0_13multiply_kindE0EEEvNS0_12storage_viewIT_XT1_EEESB_mNS0_12table_bundleIXT0_EEEPNS4_14compute_traitsIXT0_EE4typeE
    0 bytes stack frame, 0 bytes spill stores, 0 bytes spill loads
ptxas info    : Used 22 registers, used 1 barriers
ptxas info    : Compile time = 3.082 ms
ptxas info    : Compiling entry function '_ZN3aut12lns_strategy23gemv_cooperative_kernelINS_3lns7lns4_r1ELNS_8bitwidth12compute_kindE1ELNS0_12decoder_kindE1ELNS0_13multiply_kindE1EEEvPKjS9_mmNS0_12table_bundleIXT0_EEEPNS4_14compute_traitsIXT0_EE4typeE' for 'sm_90'
ptxas info    : Function properties for _ZN3aut12lns_strategy23gemv_cooperative_kernelINS_3lns7lns4_r1ELNS_8bitwidth12compute_kindE1ELNS0_12decoder_kindE1ELNS0_13multiply_kindE1EEEvPKjS9_mmNS0_12table_bundleIXT0_EEEPNS4_14compute_traitsIXT0_EE4typeE
    0 bytes stack frame, 0 bytes spill stores, 0 bytes spill loads
ptxas info    : Used 24 registers, used 1 barriers
ptxas info    : Compile time = 5.606 ms
ptxas info    : Compiling entry function '_ZN3aut12lns_strategy22dot_cooperative_kernelINS_3lns7lns4_r1ELNS_8bitwidth12compute_kindE1ELNS0_12decoder_kindE1ELNS0_13multiply_kindE1EEEvPKjS9_mNS0_12table_bundleIXT0_EEEPNS4_14compute_traitsIXT0_EE4typeE' for 'sm_90'
ptxas info    : Function properties for _ZN3aut12lns_strategy22dot_cooperative_kernelINS_3lns7lns4_r1ELNS_8bitwidth12compute_kindE1ELNS0_12decoder_kindE1ELNS0_13multiply_kindE1EEEvPKjS9_mNS0_12table_bundleIXT0_EEEPNS4_14compute_traitsIXT0_EE4typeE
    0 bytes stack frame, 0 bytes spill stores, 0 bytes spill loads
ptxas info    : Used 22 registers, used 1 barriers
ptxas info    : Compile time = 5.459 ms
ptxas info    : Compiling entry function '_ZN3aut12lns_strategy18gemv_thread_kernelINS_3lns7lns4_r1ELNS_8bitwidth12compute_kindE1ELNS4_14storage_layoutE1ELi8ELNS0_12decoder_kindE1ELNS0_13multiply_kindE1EEEvNS0_12storage_viewIT_XT1_EEESB_mmNS0_12table_bundleIXT0_EEEPNS4_14compute_traitsIXT0_EE4typeE' for 'sm_90'
ptxas info    : Function properties for _ZN3aut12lns_strategy18gemv_thread_kernelINS_3lns7lns4_r1ELNS_8bitwidth12compute_kindE1ELNS4_14storage_layoutE1ELi8ELNS0_12decoder_kindE1ELNS0_13multiply_kindE1EEEvNS0_12storage_viewIT_XT1_EEESB_mmNS0_12table_bundleIXT0_EEEPNS4_14compute_traitsIXT0_EE4typeE
    0 bytes stack frame, 0 bytes spill stores, 0 bytes spill loads
ptxas info    : Used 33 registers, used 1 barriers
ptxas info    : Compile time = 11.957 ms
ptxas info    : Compiling entry function '_ZN3aut12lns_strategy17dot_thread_kernelINS_3lns7lns4_r1ELNS_8bitwidth12compute_kindE1ELNS4_14storage_layoutE1ELi8ELNS0_12decoder_kindE1ELNS0_13multiply_kindE1EEEvNS0_12storage_viewIT_XT1_EEESB_mNS0_12table_bundleIXT0_EEEPNS4_14compute_traitsIXT0_EE4typeE' for 'sm_90'
ptxas info    : Function properties for _ZN3aut12lns_strategy17dot_thread_kernelINS_3lns7lns4_r1ELNS_8bitwidth12compute_kindE1ELNS4_14storage_layoutE1ELi8ELNS0_12decoder_kindE1ELNS0_13multiply_kindE1EEEvNS0_12storage_viewIT_XT1_EEESB_mNS0_12table_bundleIXT0_EEEPNS4_14compute_traitsIXT0_EE4typeE
    0 bytes stack frame, 0 bytes spill stores, 0 bytes spill loads
ptxas info    : Used 35 registers, used 1 barriers
ptxas info    : Compile time = 11.958 ms
ptxas info    : Compiling entry function '_ZN3aut12lns_strategy18gemv_thread_kernelINS_3lns7lns4_r1ELNS_8bitwidth12compute_kindE1ELNS4_14storage_layoutE1ELi4ELNS0_12decoder_kindE1ELNS0_13multiply_kindE1EEEvNS0_12storage_viewIT_XT1_EEESB_mmNS0_12table_bundleIXT0_EEEPNS4_14compute_traitsIXT0_EE4typeE' for 'sm_90'
ptxas info    : Function properties for _ZN3aut12lns_strategy18gemv_thread_kernelINS_3lns7lns4_r1ELNS_8bitwidth12compute_kindE1ELNS4_14storage_layoutE1ELi4ELNS0_12decoder_kindE1ELNS0_13multiply_kindE1EEEvNS0_12storage_viewIT_XT1_EEESB_mmNS0_12table_bundleIXT0_EEEPNS4_14compute_traitsIXT0_EE4typeE
    0 bytes stack frame, 0 bytes spill stores, 0 bytes spill loads
ptxas info    : Used 26 registers, used 1 barriers
ptxas info    : Compile time = 7.499 ms
ptxas info    : Compiling entry function '_ZN3aut12lns_strategy17dot_thread_kernelINS_3lns7lns4_r1ELNS_8bitwidth12compute_kindE1ELNS4_14storage_layoutE1ELi4ELNS0_12decoder_kindE1ELNS0_13multiply_kindE1EEEvNS0_12storage_viewIT_XT1_EEESB_mNS0_12table_bundleIXT0_EEEPNS4_14compute_traitsIXT0_EE4typeE' for 'sm_90'
ptxas info    : Function properties for _ZN3aut12lns_strategy17dot_thread_kernelINS_3lns7lns4_r1ELNS_8bitwidth12compute_kindE1ELNS4_14storage_layoutE1ELi4ELNS0_12decoder_kindE1ELNS0_13multiply_kindE1EEEvNS0_12storage_viewIT_XT1_EEESB_mNS0_12table_bundleIXT0_EEEPNS4_14compute_traitsIXT0_EE4typeE
    0 bytes stack frame, 0 bytes spill stores, 0 bytes spill loads
ptxas info    : Used 30 registers, used 1 barriers
ptxas info    : Compile time = 7.627 ms
ptxas info    : Compiling entry function '_ZN3aut12lns_strategy18gemv_thread_kernelINS_3lns7lns4_r1ELNS_8bitwidth12compute_kindE1ELNS4_14storage_layoutE1ELi2ELNS0_12decoder_kindE1ELNS0_13multiply_kindE1EEEvNS0_12storage_viewIT_XT1_EEESB_mmNS0_12table_bundleIXT0_EEEPNS4_14compute_traitsIXT0_EE4typeE' for 'sm_90'
ptxas info    : Function properties for _ZN3aut12lns_strategy18gemv_thread_kernelINS_3lns7lns4_r1ELNS_8bitwidth12compute_kindE1ELNS4_14storage_layoutE1ELi2ELNS0_12decoder_kindE1ELNS0_13multiply_kindE1EEEvNS0_12storage_viewIT_XT1_EEESB_mmNS0_12table_bundleIXT0_EEEPNS4_14compute_traitsIXT0_EE4typeE
    0 bytes stack frame, 0 bytes spill stores, 0 bytes spill loads
ptxas info    : Used 22 registers, used 1 barriers
ptxas info    : Compile time = 5.421 ms
ptxas info    : Compiling entry function '_ZN3aut12lns_strategy17dot_thread_kernelINS_3lns7lns4_r1ELNS_8bitwidth12compute_kindE1ELNS4_14storage_layoutE1ELi2ELNS0_12decoder_kindE1ELNS0_13multiply_kindE1EEEvNS0_12storage_viewIT_XT1_EEESB_mNS0_12table_bundleIXT0_EEEPNS4_14compute_traitsIXT0_EE4typeE' for 'sm_90'
ptxas info    : Function properties for _ZN3aut12lns_strategy17dot_thread_kernelINS_3lns7lns4_r1ELNS_8bitwidth12compute_kindE1ELNS4_14storage_layoutE1ELi2ELNS0_12decoder_kindE1ELNS0_13multiply_kindE1EEEvNS0_12storage_viewIT_XT1_EEESB_mNS0_12table_bundleIXT0_EEEPNS4_14compute_traitsIXT0_EE4typeE
    0 bytes stack frame, 0 bytes spill stores, 0 bytes spill loads
ptxas info    : Used 28 registers, used 1 barriers
ptxas info    : Compile time = 5.478 ms
ptxas info    : Compiling entry function '_ZN3aut12lns_strategy18gemv_thread_kernelINS_3lns7lns4_r1ELNS_8bitwidth12compute_kindE1ELNS4_14storage_layoutE0ELi8ELNS0_12decoder_kindE1ELNS0_13multiply_kindE1EEEvNS0_12storage_viewIT_XT1_EEESB_mmNS0_12table_bundleIXT0_EEEPNS4_14compute_traitsIXT0_EE4typeE' for 'sm_90'
ptxas info    : Function properties for _ZN3aut12lns_strategy18gemv_thread_kernelINS_3lns7lns4_r1ELNS_8bitwidth12compute_kindE1ELNS4_14storage_layoutE0ELi8ELNS0_12decoder_kindE1ELNS0_13multiply_kindE1EEEvNS0_12storage_viewIT_XT1_EEESB_mmNS0_12table_bundleIXT0_EEEPNS4_14compute_traitsIXT0_EE4typeE
    0 bytes stack frame, 0 bytes spill stores, 0 bytes spill loads
ptxas info    : Used 48 registers, used 1 barriers
ptxas info    : Compile time = 15.190 ms
ptxas info    : Compiling entry function '_ZN3aut12lns_strategy17dot_thread_kernelINS_3lns7lns4_r1ELNS_8bitwidth12compute_kindE1ELNS4_14storage_layoutE0ELi8ELNS0_12decoder_kindE1ELNS0_13multiply_kindE1EEEvNS0_12storage_viewIT_XT1_EEESB_mNS0_12table_bundleIXT0_EEEPNS4_14compute_traitsIXT0_EE4typeE' for 'sm_90'
ptxas info    : Function properties for _ZN3aut12lns_strategy17dot_thread_kernelINS_3lns7lns4_r1ELNS_8bitwidth12compute_kindE1ELNS4_14storage_layoutE0ELi8ELNS0_12decoder_kindE1ELNS0_13multiply_kindE1EEEvNS0_12storage_viewIT_XT1_EEESB_mNS0_12table_bundleIXT0_EEEPNS4_14compute_traitsIXT0_EE4typeE
    0 bytes stack frame, 0 bytes spill stores, 0 bytes spill loads
ptxas info    : Used 53 registers, used 1 barriers
ptxas info    : Compile time = 11.987 ms
ptxas info    : Compiling entry function '_ZN3aut12lns_strategy18gemv_thread_kernelINS_3lns7lns4_r1ELNS_8bitwidth12compute_kindE1ELNS4_14storage_layoutE0ELi4ELNS0_12decoder_kindE1ELNS0_13multiply_kindE1EEEvNS0_12storage_viewIT_XT1_EEESB_mmNS0_12table_bundleIXT0_EEEPNS4_14compute_traitsIXT0_EE4typeE' for 'sm_90'
ptxas info    : Function properties for _ZN3aut12lns_strategy18gemv_thread_kernelINS_3lns7lns4_r1ELNS_8bitwidth12compute_kindE1ELNS4_14storage_layoutE0ELi4ELNS0_12decoder_kindE1ELNS0_13multiply_kindE1EEEvNS0_12storage_viewIT_XT1_EEESB_mmNS0_12table_bundleIXT0_EEEPNS4_14compute_traitsIXT0_EE4typeE
    0 bytes stack frame, 0 bytes spill stores, 0 bytes spill loads
ptxas info    : Used 32 registers, used 1 barriers
ptxas info    : Compile time = 9.859 ms
ptxas info    : Compiling entry function '_ZN3aut12lns_strategy17dot_thread_kernelINS_3lns7lns4_r1ELNS_8bitwidth12compute_kindE1ELNS4_14storage_layoutE0ELi4ELNS0_12decoder_kindE1ELNS0_13multiply_kindE1EEEvNS0_12storage_viewIT_XT1_EEESB_mNS0_12table_bundleIXT0_EEEPNS4_14compute_traitsIXT0_EE4typeE' for 'sm_90'
ptxas info    : Function properties for _ZN3aut12lns_strategy17dot_thread_kernelINS_3lns7lns4_r1ELNS_8bitwidth12compute_kindE1ELNS4_14storage_layoutE0ELi4ELNS0_12decoder_kindE1ELNS0_13multiply_kindE1EEEvNS0_12storage_viewIT_XT1_EEESB_mNS0_12table_bundleIXT0_EEEPNS4_14compute_traitsIXT0_EE4typeE
    0 bytes stack frame, 0 bytes spill stores, 0 bytes spill loads
ptxas info    : Used 32 registers, used 1 barriers
ptxas info    : Compile time = 9.342 ms
ptxas info    : Compiling entry function '_ZN3aut12lns_strategy18gemv_thread_kernelINS_3lns7lns4_r1ELNS_8bitwidth12compute_kindE1ELNS4_14storage_layoutE0ELi2ELNS0_12decoder_kindE1ELNS0_13multiply_kindE1EEEvNS0_12storage_viewIT_XT1_EEESB_mmNS0_12table_bundleIXT0_EEEPNS4_14compute_traitsIXT0_EE4typeE' for 'sm_90'
ptxas info    : Function properties for _ZN3aut12lns_strategy18gemv_thread_kernelINS_3lns7lns4_r1ELNS_8bitwidth12compute_kindE1ELNS4_14storage_layoutE0ELi2ELNS0_12decoder_kindE1ELNS0_13multiply_kindE1EEEvNS0_12storage_viewIT_XT1_EEESB_mmNS0_12table_bundleIXT0_EEEPNS4_14compute_traitsIXT0_EE4typeE
    0 bytes stack frame, 0 bytes spill stores, 0 bytes spill loads
ptxas info    : Used 32 registers, used 1 barriers
ptxas info    : Compile time = 6.432 ms
ptxas info    : Compiling entry function '_ZN3aut12lns_strategy17dot_thread_kernelINS_3lns7lns4_r1ELNS_8bitwidth12compute_kindE1ELNS4_14storage_layoutE0ELi2ELNS0_12decoder_kindE1ELNS0_13multiply_kindE1EEEvNS0_12storage_viewIT_XT1_EEESB_mNS0_12table_bundleIXT0_EEEPNS4_14compute_traitsIXT0_EE4typeE' for 'sm_90'
ptxas info    : Function properties for _ZN3aut12lns_strategy17dot_thread_kernelINS_3lns7lns4_r1ELNS_8bitwidth12compute_kindE1ELNS4_14storage_layoutE0ELi2ELNS0_12decoder_kindE1ELNS0_13multiply_kindE1EEEvNS0_12storage_viewIT_XT1_EEESB_mNS0_12table_bundleIXT0_EEEPNS4_14compute_traitsIXT0_EE4typeE
    0 bytes stack frame, 0 bytes spill stores, 0 bytes spill loads
ptxas info    : Used 32 registers, used 1 barriers
ptxas info    : Compile time = 6.283 ms
ptxas info    : Compiling entry function '_ZN3aut12lns_strategy18gemv_thread_kernelINS_3lns7lns4_r1ELNS_8bitwidth12compute_kindE1ELNS4_14storage_layoutE1ELi1ELNS0_12decoder_kindE1ELNS0_13multiply_kindE1EEEvNS0_12storage_viewIT_XT1_EEESB_mmNS0_12table_bundleIXT0_EEEPNS4_14compute_traitsIXT0_EE4typeE' for 'sm_90'
ptxas info    : Function properties for _ZN3aut12lns_strategy18gemv_thread_kernelINS_3lns7lns4_r1ELNS_8bitwidth12compute_kindE1ELNS4_14storage_layoutE1ELi1ELNS0_12decoder_kindE1ELNS0_13multiply_kindE1EEEvNS0_12storage_viewIT_XT1_EEESB_mmNS0_12table_bundleIXT0_EEEPNS4_14compute_traitsIXT0_EE4typeE
    0 bytes stack frame, 0 bytes spill stores, 0 bytes spill loads
ptxas info    : Used 20 registers, used 1 barriers
ptxas info    : Compile time = 4.130 ms
ptxas info    : Compiling entry function '_ZN3aut12lns_strategy17dot_thread_kernelINS_3lns7lns4_r1ELNS_8bitwidth12compute_kindE1ELNS4_14storage_layoutE1ELi1ELNS0_12decoder_kindE1ELNS0_13multiply_kindE1EEEvNS0_12storage_viewIT_XT1_EEESB_mNS0_12table_bundleIXT0_EEEPNS4_14compute_traitsIXT0_EE4typeE' for 'sm_90'
ptxas info    : Function properties for _ZN3aut12lns_strategy17dot_thread_kernelINS_3lns7lns4_r1ELNS_8bitwidth12compute_kindE1ELNS4_14storage_layoutE1ELi1ELNS0_12decoder_kindE1ELNS0_13multiply_kindE1EEEvNS0_12storage_viewIT_XT1_EEESB_mNS0_12table_bundleIXT0_EEEPNS4_14compute_traitsIXT0_EE4typeE
    0 bytes stack frame, 0 bytes spill stores, 0 bytes spill loads
ptxas info    : Used 22 registers, used 1 barriers
ptxas info    : Compile time = 3.978 ms
ptxas info    : Compiling entry function '_ZN3aut12lns_strategy18gemv_thread_kernelINS_3lns7lns4_r1ELNS_8bitwidth12compute_kindE1ELNS4_14storage_layoutE0ELi1ELNS0_12decoder_kindE1ELNS0_13multiply_kindE1EEEvNS0_12storage_viewIT_XT1_EEESB_mmNS0_12table_bundleIXT0_EEEPNS4_14compute_traitsIXT0_EE4typeE' for 'sm_90'
ptxas info    : Function properties for _ZN3aut12lns_strategy18gemv_thread_kernelINS_3lns7lns4_r1ELNS_8bitwidth12compute_kindE1ELNS4_14storage_layoutE0ELi1ELNS0_12decoder_kindE1ELNS0_13multiply_kindE1EEEvNS0_12storage_viewIT_XT1_EEESB_mmNS0_12table_bundleIXT0_EEEPNS4_14compute_traitsIXT0_EE4typeE
    0 bytes stack frame, 0 bytes spill stores, 0 bytes spill loads
ptxas info    : Used 21 registers, used 1 barriers
ptxas info    : Compile time = 4.510 ms
ptxas info    : Compiling entry function '_ZN3aut12lns_strategy17dot_thread_kernelINS_3lns7lns4_r1ELNS_8bitwidth12compute_kindE1ELNS4_14storage_layoutE0ELi1ELNS0_12decoder_kindE1ELNS0_13multiply_kindE1EEEvNS0_12storage_viewIT_XT1_EEESB_mNS0_12table_bundleIXT0_EEEPNS4_14compute_traitsIXT0_EE4typeE' for 'sm_90'
ptxas info    : Function properties for _ZN3aut12lns_strategy17dot_thread_kernelINS_3lns7lns4_r1ELNS_8bitwidth12compute_kindE1ELNS4_14storage_layoutE0ELi1ELNS0_12decoder_kindE1ELNS0_13multiply_kindE1EEEvNS0_12storage_viewIT_XT1_EEESB_mNS0_12table_bundleIXT0_EEEPNS4_14compute_traitsIXT0_EE4typeE
    0 bytes stack frame, 0 bytes spill stores, 0 bytes spill loads
ptxas info    : Used 23 registers, used 1 barriers
ptxas info    : Compile time = 4.379 ms
ptxas info    : Compiling entry function '_ZN3aut12lns_strategy23gemv_cooperative_kernelINS_3lns7lns4_r1ELNS_8bitwidth12compute_kindE1ELNS0_12decoder_kindE1ELNS0_13multiply_kindE0EEEvPKjS9_mmNS0_12table_bundleIXT0_EEEPNS4_14compute_traitsIXT0_EE4typeE' for 'sm_90'
ptxas info    : Function properties for _ZN3aut12lns_strategy23gemv_cooperative_kernelINS_3lns7lns4_r1ELNS_8bitwidth12compute_kindE1ELNS0_12decoder_kindE1ELNS0_13multiply_kindE0EEEvPKjS9_mmNS0_12table_bundleIXT0_EEEPNS4_14compute_traitsIXT0_EE4typeE
    0 bytes stack frame, 0 bytes spill stores, 0 bytes spill loads
ptxas info    : Used 26 registers, used 1 barriers
ptxas info    : Compile time = 5.342 ms
ptxas info    : Compiling entry function '_ZN3aut12lns_strategy22dot_cooperative_kernelINS_3lns7lns4_r1ELNS_8bitwidth12compute_kindE1ELNS0_12decoder_kindE1ELNS0_13multiply_kindE0EEEvPKjS9_mNS0_12table_bundleIXT0_EEEPNS4_14compute_traitsIXT0_EE4typeE' for 'sm_90'
ptxas info    : Function properties for _ZN3aut12lns_strategy22dot_cooperative_kernelINS_3lns7lns4_r1ELNS_8bitwidth12compute_kindE1ELNS0_12decoder_kindE1ELNS0_13multiply_kindE0EEEvPKjS9_mNS0_12table_bundleIXT0_EEEPNS4_14compute_traitsIXT0_EE4typeE
    0 bytes stack frame, 0 bytes spill stores, 0 bytes spill loads
ptxas info    : Used 24 registers, used 1 barriers
ptxas info    : Compile time = 5.188 ms
ptxas info    : Compiling entry function '_ZN3aut12lns_strategy18gemv_thread_kernelINS_3lns7lns4_r1ELNS_8bitwidth12compute_kindE1ELNS4_14storage_layoutE1ELi8ELNS0_12decoder_kindE1ELNS0_13multiply_kindE0EEEvNS0_12storage_viewIT_XT1_EEESB_mmNS0_12table_bundleIXT0_EEEPNS4_14compute_traitsIXT0_EE4typeE' for 'sm_90'
ptxas info    : Function properties for _ZN3aut12lns_strategy18gemv_thread_kernelINS_3lns7lns4_r1ELNS_8bitwidth12compute_kindE1ELNS4_14storage_layoutE1ELi8ELNS0_12decoder_kindE1ELNS0_13multiply_kindE0EEEvNS0_12storage_viewIT_XT1_EEESB_mmNS0_12table_bundleIXT0_EEEPNS4_14compute_traitsIXT0_EE4typeE
    0 bytes stack frame, 0 bytes spill stores, 0 bytes spill loads
ptxas info    : Used 33 registers, used 1 barriers
ptxas info    : Compile time = 10.524 ms
ptxas info    : Compiling entry function '_ZN3aut12lns_strategy17dot_thread_kernelINS_3lns7lns4_r1ELNS_8bitwidth12compute_kindE1ELNS4_14storage_layoutE1ELi8ELNS0_12decoder_kindE1ELNS0_13multiply_kindE0EEEvNS0_12storage_viewIT_XT1_EEESB_mNS0_12table_bundleIXT0_EEEPNS4_14compute_traitsIXT0_EE4typeE' for 'sm_90'
ptxas info    : Function properties for _ZN3aut12lns_strategy17dot_thread_kernelINS_3lns7lns4_r1ELNS_8bitwidth12compute_kindE1ELNS4_14storage_layoutE1ELi8ELNS0_12decoder_kindE1ELNS0_13multiply_kindE0EEEvNS0_12storage_viewIT_XT1_EEESB_mNS0_12table_bundleIXT0_EEEPNS4_14compute_traitsIXT0_EE4typeE
    0 bytes stack frame, 0 bytes spill stores, 0 bytes spill loads
ptxas info    : Used 38 registers, used 1 barriers
ptxas info    : Compile time = 10.569 ms
ptxas info    : Compiling entry function '_ZN3aut12lns_strategy18gemv_thread_kernelINS_3lns7lns4_r1ELNS_8bitwidth12compute_kindE1ELNS4_14storage_layoutE1ELi4ELNS0_12decoder_kindE1ELNS0_13multiply_kindE0EEEvNS0_12storage_viewIT_XT1_EEESB_mmNS0_12table_bundleIXT0_EEEPNS4_14compute_traitsIXT0_EE4typeE' for 'sm_90'
ptxas info    : Function properties for _ZN3aut12lns_strategy18gemv_thread_kernelINS_3lns7lns4_r1ELNS_8bitwidth12compute_kindE1ELNS4_14storage_layoutE1ELi4ELNS0_12decoder_kindE1ELNS0_13multiply_kindE0EEEvNS0_12storage_viewIT_XT1_EEESB_mmNS0_12table_bundleIXT0_EEEPNS4_14compute_traitsIXT0_EE4typeE
    0 bytes stack frame, 0 bytes spill stores, 0 bytes spill loads
ptxas info    : Used 27 registers, used 1 barriers
ptxas info    : Compile time = 6.736 ms
ptxas info    : Compiling entry function '_ZN3aut12lns_strategy17dot_thread_kernelINS_3lns7lns4_r1ELNS_8bitwidth12compute_kindE1ELNS4_14storage_layoutE1ELi4ELNS0_12decoder_kindE1ELNS0_13multiply_kindE0EEEvNS0_12storage_viewIT_XT1_EEESB_mNS0_12table_bundleIXT0_EEEPNS4_14compute_traitsIXT0_EE4typeE' for 'sm_90'
ptxas info    : Function properties for _ZN3aut12lns_strategy17dot_thread_kernelINS_3lns7lns4_r1ELNS_8bitwidth12compute_kindE1ELNS4_14storage_layoutE1ELi4ELNS0_12decoder_kindE1ELNS0_13multiply_kindE0EEEvNS0_12storage_viewIT_XT1_EEESB_mNS0_12table_bundleIXT0_EEEPNS4_14compute_traitsIXT0_EE4typeE
    0 bytes stack frame, 0 bytes spill stores, 0 bytes spill loads
ptxas info    : Used 30 registers, used 1 barriers
ptxas info    : Compile time = 6.838 ms
ptxas info    : Compiling entry function '_ZN3aut12lns_strategy18gemv_thread_kernelINS_3lns7lns4_r1ELNS_8bitwidth12compute_kindE1ELNS4_14storage_layoutE1ELi2ELNS0_12decoder_kindE1ELNS0_13multiply_kindE0EEEvNS0_12storage_viewIT_XT1_EEESB_mmNS0_12table_bundleIXT0_EEEPNS4_14compute_traitsIXT0_EE4typeE' for 'sm_90'
ptxas info    : Function properties for _ZN3aut12lns_strategy18gemv_thread_kernelINS_3lns7lns4_r1ELNS_8bitwidth12compute_kindE1ELNS4_14storage_layoutE1ELi2ELNS0_12decoder_kindE1ELNS0_13multiply_kindE0EEEvNS0_12storage_viewIT_XT1_EEESB_mmNS0_12table_bundleIXT0_EEEPNS4_14compute_traitsIXT0_EE4typeE
    0 bytes stack frame, 0 bytes spill stores, 0 bytes spill loads
ptxas info    : Used 23 registers, used 1 barriers
ptxas info    : Compile time = 4.942 ms
ptxas info    : Compiling entry function '_ZN3aut12lns_strategy17dot_thread_kernelINS_3lns7lns4_r1ELNS_8bitwidth12compute_kindE1ELNS4_14storage_layoutE1ELi2ELNS0_12decoder_kindE1ELNS0_13multiply_kindE0EEEvNS0_12storage_viewIT_XT1_EEESB_mNS0_12table_bundleIXT0_EEEPNS4_14compute_traitsIXT0_EE4typeE' for 'sm_90'
ptxas info    : Function properties for _ZN3aut12lns_strategy17dot_thread_kernelINS_3lns7lns4_r1ELNS_8bitwidth12compute_kindE1ELNS4_14storage_layoutE1ELi2ELNS0_12decoder_kindE1ELNS0_13multiply_kindE0EEEvNS0_12storage_viewIT_XT1_EEESB_mNS0_12table_bundleIXT0_EEEPNS4_14compute_traitsIXT0_EE4typeE
    0 bytes stack frame, 0 bytes spill stores, 0 bytes spill loads
ptxas info    : Used 29 registers, used 1 barriers
ptxas info    : Compile time = 4.979 ms
ptxas info    : Compiling entry function '_ZN3aut12lns_strategy18gemv_thread_kernelINS_3lns7lns4_r1ELNS_8bitwidth12compute_kindE1ELNS4_14storage_layoutE0ELi8ELNS0_12decoder_kindE1ELNS0_13multiply_kindE0EEEvNS0_12storage_viewIT_XT1_EEESB_mmNS0_12table_bundleIXT0_EEEPNS4_14compute_traitsIXT0_EE4typeE' for 'sm_90'
ptxas info    : Function properties for _ZN3aut12lns_strategy18gemv_thread_kernelINS_3lns7lns4_r1ELNS_8bitwidth12compute_kindE1ELNS4_14storage_layoutE0ELi8ELNS0_12decoder_kindE1ELNS0_13multiply_kindE0EEEvNS0_12storage_viewIT_XT1_EEESB_mmNS0_12table_bundleIXT0_EEEPNS4_14compute_traitsIXT0_EE4typeE
    0 bytes stack frame, 0 bytes spill stores, 0 bytes spill loads
ptxas info    : Used 48 registers, used 1 barriers
ptxas info    : Compile time = 14.307 ms
ptxas info    : Compiling entry function '_ZN3aut12lns_strategy17dot_thread_kernelINS_3lns7lns4_r1ELNS_8bitwidth12compute_kindE1ELNS4_14storage_layoutE0ELi8ELNS0_12decoder_kindE1ELNS0_13multiply_kindE0EEEvNS0_12storage_viewIT_XT1_EEESB_mNS0_12table_bundleIXT0_EEEPNS4_14compute_traitsIXT0_EE4typeE' for 'sm_90'
ptxas info    : Function properties for _ZN3aut12lns_strategy17dot_thread_kernelINS_3lns7lns4_r1ELNS_8bitwidth12compute_kindE1ELNS4_14storage_layoutE0ELi8ELNS0_12decoder_kindE1ELNS0_13multiply_kindE0EEEvNS0_12storage_viewIT_XT1_EEESB_mNS0_12table_bundleIXT0_EEEPNS4_14compute_traitsIXT0_EE4typeE
    0 bytes stack frame, 0 bytes spill stores, 0 bytes spill loads
ptxas info    : Used 52 registers, used 1 barriers
ptxas info    : Compile time = 11.191 ms
ptxas info    : Compiling entry function '_ZN3aut12lns_strategy18gemv_thread_kernelINS_3lns7lns4_r1ELNS_8bitwidth12compute_kindE1ELNS4_14storage_layoutE0ELi4ELNS0_12decoder_kindE1ELNS0_13multiply_kindE0EEEvNS0_12storage_viewIT_XT1_EEESB_mmNS0_12table_bundleIXT0_EEEPNS4_14compute_traitsIXT0_EE4typeE' for 'sm_90'
ptxas info    : Function properties for _ZN3aut12lns_strategy18gemv_thread_kernelINS_3lns7lns4_r1ELNS_8bitwidth12compute_kindE1ELNS4_14storage_layoutE0ELi4ELNS0_12decoder_kindE1ELNS0_13multiply_kindE0EEEvNS0_12storage_viewIT_XT1_EEESB_mmNS0_12table_bundleIXT0_EEEPNS4_14compute_traitsIXT0_EE4typeE
    0 bytes stack frame, 0 bytes spill stores, 0 bytes spill loads
ptxas info    : Used 32 registers, used 1 barriers
ptxas info    : Compile time = 8.883 ms
ptxas info    : Compiling entry function '_ZN3aut12lns_strategy17dot_thread_kernelINS_3lns7lns4_r1ELNS_8bitwidth12compute_kindE1ELNS4_14storage_layoutE0ELi4ELNS0_12decoder_kindE1ELNS0_13multiply_kindE0EEEvNS0_12storage_viewIT_XT1_EEESB_mNS0_12table_bundleIXT0_EEEPNS4_14compute_traitsIXT0_EE4typeE' for 'sm_90'
ptxas info    : Function properties for _ZN3aut12lns_strategy17dot_thread_kernelINS_3lns7lns4_r1ELNS_8bitwidth12compute_kindE1ELNS4_14storage_layoutE0ELi4ELNS0_12decoder_kindE1ELNS0_13multiply_kindE0EEEvNS0_12storage_viewIT_XT1_EEESB_mNS0_12table_bundleIXT0_EEEPNS4_14compute_traitsIXT0_EE4typeE
    0 bytes stack frame, 0 bytes spill stores, 0 bytes spill loads
ptxas info    : Used 32 registers, used 1 barriers
ptxas info    : Compile time = 8.674 ms
ptxas info    : Compiling entry function '_ZN3aut12lns_strategy18gemv_thread_kernelINS_3lns7lns4_r1ELNS_8bitwidth12compute_kindE1ELNS4_14storage_layoutE0ELi2ELNS0_12decoder_kindE1ELNS0_13multiply_kindE0EEEvNS0_12storage_viewIT_XT1_EEESB_mmNS0_12table_bundleIXT0_EEEPNS4_14compute_traitsIXT0_EE4typeE' for 'sm_90'
ptxas info    : Function properties for _ZN3aut12lns_strategy18gemv_thread_kernelINS_3lns7lns4_r1ELNS_8bitwidth12compute_kindE1ELNS4_14storage_layoutE0ELi2ELNS0_12decoder_kindE1ELNS0_13multiply_kindE0EEEvNS0_12storage_viewIT_XT1_EEESB_mmNS0_12table_bundleIXT0_EEEPNS4_14compute_traitsIXT0_EE4typeE
    0 bytes stack frame, 0 bytes spill stores, 0 bytes spill loads
ptxas info    : Used 32 registers, used 1 barriers
ptxas info    : Compile time = 5.975 ms
ptxas info    : Compiling entry function '_ZN3aut12lns_strategy17dot_thread_kernelINS_3lns7lns4_r1ELNS_8bitwidth12compute_kindE1ELNS4_14storage_layoutE0ELi2ELNS0_12decoder_kindE1ELNS0_13multiply_kindE0EEEvNS0_12storage_viewIT_XT1_EEESB_mNS0_12table_bundleIXT0_EEEPNS4_14compute_traitsIXT0_EE4typeE' for 'sm_90'
ptxas info    : Function properties for _ZN3aut12lns_strategy17dot_thread_kernelINS_3lns7lns4_r1ELNS_8bitwidth12compute_kindE1ELNS4_14storage_layoutE0ELi2ELNS0_12decoder_kindE1ELNS0_13multiply_kindE0EEEvNS0_12storage_viewIT_XT1_EEESB_mNS0_12table_bundleIXT0_EEEPNS4_14compute_traitsIXT0_EE4typeE
    0 bytes stack frame, 0 bytes spill stores, 0 bytes spill loads
ptxas info    : Used 32 registers, used 1 barriers
ptxas info    : Compile time = 5.805 ms
ptxas info    : Compiling entry function '_ZN3aut12lns_strategy18gemv_thread_kernelINS_3lns7lns4_r1ELNS_8bitwidth12compute_kindE1ELNS4_14storage_layoutE1ELi1ELNS0_12decoder_kindE1ELNS0_13multiply_kindE0EEEvNS0_12storage_viewIT_XT1_EEESB_mmNS0_12table_bundleIXT0_EEEPNS4_14compute_traitsIXT0_EE4typeE' for 'sm_90'
ptxas info    : Function properties for _ZN3aut12lns_strategy18gemv_thread_kernelINS_3lns7lns4_r1ELNS_8bitwidth12compute_kindE1ELNS4_14storage_layoutE1ELi1ELNS0_12decoder_kindE1ELNS0_13multiply_kindE0EEEvNS0_12storage_viewIT_XT1_EEESB_mmNS0_12table_bundleIXT0_EEEPNS4_14compute_traitsIXT0_EE4typeE
    0 bytes stack frame, 0 bytes spill stores, 0 bytes spill loads
ptxas info    : Used 20 registers, used 1 barriers
ptxas info    : Compile time = 3.842 ms
ptxas info    : Compiling entry function '_ZN3aut12lns_strategy17dot_thread_kernelINS_3lns7lns4_r1ELNS_8bitwidth12compute_kindE1ELNS4_14storage_layoutE1ELi1ELNS0_12decoder_kindE1ELNS0_13multiply_kindE0EEEvNS0_12storage_viewIT_XT1_EEESB_mNS0_12table_bundleIXT0_EEEPNS4_14compute_traitsIXT0_EE4typeE' for 'sm_90'
ptxas info    : Function properties for _ZN3aut12lns_strategy17dot_thread_kernelINS_3lns7lns4_r1ELNS_8bitwidth12compute_kindE1ELNS4_14storage_layoutE1ELi1ELNS0_12decoder_kindE1ELNS0_13multiply_kindE0EEEvNS0_12storage_viewIT_XT1_EEESB_mNS0_12table_bundleIXT0_EEEPNS4_14compute_traitsIXT0_EE4typeE
    0 bytes stack frame, 0 bytes spill stores, 0 bytes spill loads
ptxas info    : Used 22 registers, used 1 barriers
ptxas info    : Compile time = 3.694 ms
ptxas info    : Compiling entry function '_ZN3aut12lns_strategy18gemv_thread_kernelINS_3lns7lns4_r1ELNS_8bitwidth12compute_kindE1ELNS4_14storage_layoutE0ELi1ELNS0_12decoder_kindE1ELNS0_13multiply_kindE0EEEvNS0_12storage_viewIT_XT1_EEESB_mmNS0_12table_bundleIXT0_EEEPNS4_14compute_traitsIXT0_EE4typeE' for 'sm_90'
ptxas info    : Function properties for _ZN3aut12lns_strategy18gemv_thread_kernelINS_3lns7lns4_r1ELNS_8bitwidth12compute_kindE1ELNS4_14storage_layoutE0ELi1ELNS0_12decoder_kindE1ELNS0_13multiply_kindE0EEEvNS0_12storage_viewIT_XT1_EEESB_mmNS0_12table_bundleIXT0_EEEPNS4_14compute_traitsIXT0_EE4typeE
    0 bytes stack frame, 0 bytes spill stores, 0 bytes spill loads
ptxas info    : Used 21 registers, used 1 barriers
ptxas info    : Compile time = 4.152 ms
ptxas info    : Compiling entry function '_ZN3aut12lns_strategy17dot_thread_kernelINS_3lns7lns4_r1ELNS_8bitwidth12compute_kindE1ELNS4_14storage_layoutE0ELi1ELNS0_12decoder_kindE1ELNS0_13multiply_kindE0EEEvNS0_12storage_viewIT_XT1_EEESB_mNS0_12table_bundleIXT0_EEEPNS4_14compute_traitsIXT0_EE4typeE' for 'sm_90'
ptxas info    : Function properties for _ZN3aut12lns_strategy17dot_thread_kernelINS_3lns7lns4_r1ELNS_8bitwidth12compute_kindE1ELNS4_14storage_layoutE0ELi1ELNS0_12decoder_kindE1ELNS0_13multiply_kindE0EEEvNS0_12storage_viewIT_XT1_EEESB_mNS0_12table_bundleIXT0_EEEPNS4_14compute_traitsIXT0_EE4typeE
    0 bytes stack frame, 0 bytes spill stores, 0 bytes spill loads
ptxas info    : Used 23 registers, used 1 barriers
ptxas info    : Compile time = 3.958 ms
ptxas info    : Compiling entry function '_ZN3aut12lns_strategy18gemv_thread_kernelINS_3lns7lns4_r1ELNS_8bitwidth12compute_kindE1ELNS4_14storage_layoutE1ELi1ELNS0_12decoder_kindE0ELNS0_13multiply_kindE1EEEvNS0_12storage_viewIT_XT1_EEESB_mmNS0_12table_bundleIXT0_EEEPNS4_14compute_traitsIXT0_EE4typeE' for 'sm_90'
ptxas info    : Function properties for _ZN3aut12lns_strategy18gemv_thread_kernelINS_3lns7lns4_r1ELNS_8bitwidth12compute_kindE1ELNS4_14storage_layoutE1ELi1ELNS0_12decoder_kindE0ELNS0_13multiply_kindE1EEEvNS0_12storage_viewIT_XT1_EEESB_mmNS0_12table_bundleIXT0_EEEPNS4_14compute_traitsIXT0_EE4typeE
    0 bytes stack frame, 0 bytes spill stores, 0 bytes spill loads
ptxas info    : Used 22 registers, used 1 barriers
ptxas info    : Compile time = 5.140 ms
ptxas info    : Compiling entry function '_ZN3aut12lns_strategy17dot_thread_kernelINS_3lns7lns4_r1ELNS_8bitwidth12compute_kindE1ELNS4_14storage_layoutE1ELi1ELNS0_12decoder_kindE0ELNS0_13multiply_kindE1EEEvNS0_12storage_viewIT_XT1_EEESB_mNS0_12table_bundleIXT0_EEEPNS4_14compute_traitsIXT0_EE4typeE' for 'sm_90'
ptxas info    : Function properties for _ZN3aut12lns_strategy17dot_thread_kernelINS_3lns7lns4_r1ELNS_8bitwidth12compute_kindE1ELNS4_14storage_layoutE1ELi1ELNS0_12decoder_kindE0ELNS0_13multiply_kindE1EEEvNS0_12storage_viewIT_XT1_EEESB_mNS0_12table_bundleIXT0_EEEPNS4_14compute_traitsIXT0_EE4typeE
    0 bytes stack frame, 0 bytes spill stores, 0 bytes spill loads
ptxas info    : Used 24 registers, used 1 barriers
ptxas info    : Compile time = 4.982 ms
ptxas info    : Compiling entry function '_ZN3aut12lns_strategy18gemv_thread_kernelINS_3lns7lns4_r1ELNS_8bitwidth12compute_kindE1ELNS4_14storage_layoutE0ELi1ELNS0_12decoder_kindE0ELNS0_13multiply_kindE1EEEvNS0_12storage_viewIT_XT1_EEESB_mmNS0_12table_bundleIXT0_EEEPNS4_14compute_traitsIXT0_EE4typeE' for 'sm_90'
ptxas info    : Function properties for _ZN3aut12lns_strategy18gemv_thread_kernelINS_3lns7lns4_r1ELNS_8bitwidth12compute_kindE1ELNS4_14storage_layoutE0ELi1ELNS0_12decoder_kindE0ELNS0_13multiply_kindE1EEEvNS0_12storage_viewIT_XT1_EEESB_mmNS0_12table_bundleIXT0_EEEPNS4_14compute_traitsIXT0_EE4typeE
    0 bytes stack frame, 0 bytes spill stores, 0 bytes spill loads
ptxas info    : Used 22 registers, used 1 barriers
ptxas info    : Compile time = 5.594 ms
ptxas info    : Compiling entry function '_ZN3aut12lns_strategy17dot_thread_kernelINS_3lns7lns4_r1ELNS_8bitwidth12compute_kindE1ELNS4_14storage_layoutE0ELi1ELNS0_12decoder_kindE0ELNS0_13multiply_kindE1EEEvNS0_12storage_viewIT_XT1_EEESB_mNS0_12table_bundleIXT0_EEEPNS4_14compute_traitsIXT0_EE4typeE' for 'sm_90'
ptxas info    : Function properties for _ZN3aut12lns_strategy17dot_thread_kernelINS_3lns7lns4_r1ELNS_8bitwidth12compute_kindE1ELNS4_14storage_layoutE0ELi1ELNS0_12decoder_kindE0ELNS0_13multiply_kindE1EEEvNS0_12storage_viewIT_XT1_EEESB_mNS0_12table_bundleIXT0_EEEPNS4_14compute_traitsIXT0_EE4typeE
    0 bytes stack frame, 0 bytes spill stores, 0 bytes spill loads
ptxas info    : Used 23 registers, used 1 barriers
ptxas info    : Compile time = 5.364 ms
ptxas info    : Compiling entry function '_ZN3aut12lns_strategy18gemv_thread_kernelINS_3lns7lns4_r1ELNS_8bitwidth12compute_kindE1ELNS4_14storage_layoutE1ELi1ELNS0_12decoder_kindE0ELNS0_13multiply_kindE0EEEvNS0_12storage_viewIT_XT1_EEESB_mmNS0_12table_bundleIXT0_EEEPNS4_14compute_traitsIXT0_EE4typeE' for 'sm_90'
ptxas info    : Function properties for _ZN3aut12lns_strategy18gemv_thread_kernelINS_3lns7lns4_r1ELNS_8bitwidth12compute_kindE1ELNS4_14storage_layoutE1ELi1ELNS0_12decoder_kindE0ELNS0_13multiply_kindE0EEEvNS0_12storage_viewIT_XT1_EEESB_mmNS0_12table_bundleIXT0_EEEPNS4_14compute_traitsIXT0_EE4typeE
    0 bytes stack frame, 0 bytes spill stores, 0 bytes spill loads
ptxas info    : Used 22 registers, used 1 barriers
ptxas info    : Compile time = 5.720 ms
ptxas info    : Compiling entry function '_ZN3aut12lns_strategy17dot_thread_kernelINS_3lns7lns4_r1ELNS_8bitwidth12compute_kindE1ELNS4_14storage_layoutE1ELi1ELNS0_12decoder_kindE0ELNS0_13multiply_kindE0EEEvNS0_12storage_viewIT_XT1_EEESB_mNS0_12table_bundleIXT0_EEEPNS4_14compute_traitsIXT0_EE4typeE' for 'sm_90'
ptxas info    : Function properties for _ZN3aut12lns_strategy17dot_thread_kernelINS_3lns7lns4_r1ELNS_8bitwidth12compute_kindE1ELNS4_14storage_layoutE1ELi1ELNS0_12decoder_kindE0ELNS0_13multiply_kindE0EEEvNS0_12storage_viewIT_XT1_EEESB_mNS0_12table_bundleIXT0_EEEPNS4_14compute_traitsIXT0_EE4typeE
    0 bytes stack frame, 0 bytes spill stores, 0 bytes spill loads
ptxas info    : Used 24 registers, used 1 barriers
ptxas info    : Compile time = 5.566 ms
ptxas info    : Compiling entry function '_ZN3aut12lns_strategy18gemv_thread_kernelINS_3lns7lns4_r1ELNS_8bitwidth12compute_kindE1ELNS4_14storage_layoutE0ELi1ELNS0_12decoder_kindE0ELNS0_13multiply_kindE0EEEvNS0_12storage_viewIT_XT1_EEESB_mmNS0_12table_bundleIXT0_EEEPNS4_14compute_traitsIXT0_EE4typeE' for 'sm_90'
ptxas info    : Function properties for _ZN3aut12lns_strategy18gemv_thread_kernelINS_3lns7lns4_r1ELNS_8bitwidth12compute_kindE1ELNS4_14storage_layoutE0ELi1ELNS0_12decoder_kindE0ELNS0_13multiply_kindE0EEEvNS0_12storage_viewIT_XT1_EEESB_mmNS0_12table_bundleIXT0_EEEPNS4_14compute_traitsIXT0_EE4typeE
    0 bytes stack frame, 0 bytes spill stores, 0 bytes spill loads
ptxas info    : Used 22 registers, used 1 barriers
ptxas info    : Compile time = 6.125 ms
ptxas info    : Compiling entry function '_ZN3aut12lns_strategy19finalize_dot_kernelIdEEvPKT_mPS2_' for 'sm_90'
ptxas info    : Function properties for _ZN3aut12lns_strategy19finalize_dot_kernelIdEEvPKT_mPS2_
    0 bytes stack frame, 0 bytes spill stores, 0 bytes spill loads
ptxas info    : Used 12 registers, used 1 barriers, 2048 bytes smem
ptxas info    : Compile time = 2.174 ms
ptxas info    : Compiling entry function '_ZN3aut12lns_strategy17dot_thread_kernelINS_3lns7lns4_r1ELNS_8bitwidth12compute_kindE1ELNS4_14storage_layoutE0ELi1ELNS0_12decoder_kindE0ELNS0_13multiply_kindE0EEEvNS0_12storage_viewIT_XT1_EEESB_mNS0_12table_bundleIXT0_EEEPNS4_14compute_traitsIXT0_EE4typeE' for 'sm_90'
ptxas info    : Function properties for _ZN3aut12lns_strategy17dot_thread_kernelINS_3lns7lns4_r1ELNS_8bitwidth12compute_kindE1ELNS4_14storage_layoutE0ELi1ELNS0_12decoder_kindE0ELNS0_13multiply_kindE0EEEvNS0_12storage_viewIT_XT1_EEESB_mNS0_12table_bundleIXT0_EEEPNS4_14compute_traitsIXT0_EE4typeE
    0 bytes stack frame, 0 bytes spill stores, 0 bytes spill loads
ptxas info    : Used 24 registers, used 1 barriers
ptxas info    : Compile time = 5.892 ms
ptxas info    : Compiling entry function '_ZN3aut12lns_strategy22validate_decode_kernelINS_3lns7lns4_r1ELNS_8bitwidth12compute_kindE1ELNS0_12decoder_kindE6EEEvPKjmNS0_12table_bundleIXT0_EEEPNS4_14compute_traitsIXT0_EE4typeE' for 'sm_90'
ptxas info    : Function properties for _ZN3aut12lns_strategy22validate_decode_kernelINS_3lns7lns4_r1ELNS_8bitwidth12compute_kindE1ELNS0_12decoder_kindE6EEEvPKjmNS0_12table_bundleIXT0_EEEPNS4_14compute_traitsIXT0_EE4typeE
    0 bytes stack frame, 0 bytes spill stores, 0 bytes spill loads
ptxas info    : Used 21 registers, used 0 barriers
ptxas info    : Compile time = 4.016 ms
ptxas info    : Compiling entry function '_ZN3aut12lns_strategy22validate_decode_kernelINS_3lns7lns4_r1ELNS_8bitwidth12compute_kindE1ELNS0_12decoder_kindE5EEEvPKjmNS0_12table_bundleIXT0_EEEPNS4_14compute_traitsIXT0_EE4typeE' for 'sm_90'
ptxas info    : Function properties for _ZN3aut12lns_strategy22validate_decode_kernelINS_3lns7lns4_r1ELNS_8bitwidth12compute_kindE1ELNS0_12decoder_kindE5EEEvPKjmNS0_12table_bundleIXT0_EEEPNS4_14compute_traitsIXT0_EE4typeE
    0 bytes stack frame, 0 bytes spill stores, 0 bytes spill loads
ptxas info    : Used 14 registers, used 1 barriers
ptxas info    : Compile time = 3.658 ms
ptxas info    : Compiling entry function '_ZN3aut12lns_strategy22validate_decode_kernelINS_3lns7lns4_r1ELNS_8bitwidth12compute_kindE1ELNS0_12decoder_kindE4EEEvPKjmNS0_12table_bundleIXT0_EEEPNS4_14compute_traitsIXT0_EE4typeE' for 'sm_90'
ptxas info    : Function properties for _ZN3aut12lns_strategy22validate_decode_kernelINS_3lns7lns4_r1ELNS_8bitwidth12compute_kindE1ELNS0_12decoder_kindE4EEEvPKjmNS0_12table_bundleIXT0_EEEPNS4_14compute_traitsIXT0_EE4typeE
    0 bytes stack frame, 0 bytes spill stores, 0 bytes spill loads
ptxas info    : Used 16 registers, used 0 barriers
ptxas info    : Compile time = 3.090 ms
ptxas info    : Compiling entry function '_ZN3aut12lns_strategy22validate_decode_kernelINS_3lns7lns4_r1ELNS_8bitwidth12compute_kindE1ELNS0_12decoder_kindE3EEEvPKjmNS0_12table_bundleIXT0_EEEPNS4_14compute_traitsIXT0_EE4typeE' for 'sm_90'
ptxas info    : Function properties for _ZN3aut12lns_strategy22validate_decode_kernelINS_3lns7lns4_r1ELNS_8bitwidth12compute_kindE1ELNS0_12decoder_kindE3EEEvPKjmNS0_12table_bundleIXT0_EEEPNS4_14compute_traitsIXT0_EE4typeE
    0 bytes stack frame, 0 bytes spill stores, 0 bytes spill loads
ptxas info    : Used 14 registers, used 1 barriers
ptxas info    : Compile time = 2.225 ms
ptxas info    : Compiling entry function '_ZN3aut12lns_strategy22validate_decode_kernelINS_3lns7lns4_r1ELNS_8bitwidth12compute_kindE1ELNS0_12decoder_kindE2EEEvPKjmNS0_12table_bundleIXT0_EEEPNS4_14compute_traitsIXT0_EE4typeE' for 'sm_90'
ptxas info    : Function properties for _ZN3aut12lns_strategy22validate_decode_kernelINS_3lns7lns4_r1ELNS_8bitwidth12compute_kindE1ELNS0_12decoder_kindE2EEEvPKjmNS0_12table_bundleIXT0_EEEPNS4_14compute_traitsIXT0_EE4typeE
    0 bytes stack frame, 0 bytes spill stores, 0 bytes spill loads
ptxas info    : Used 15 registers, used 0 barriers
ptxas info    : Compile time = 1.542 ms
ptxas info    : Compiling entry function '_ZN3aut12lns_strategy22validate_decode_kernelINS_3lns7lns4_r1ELNS_8bitwidth12compute_kindE1ELNS0_12decoder_kindE1EEEvPKjmNS0_12table_bundleIXT0_EEEPNS4_14compute_traitsIXT0_EE4typeE' for 'sm_90'
ptxas info    : Function properties for _ZN3aut12lns_strategy22validate_decode_kernelINS_3lns7lns4_r1ELNS_8bitwidth12compute_kindE1ELNS0_12decoder_kindE1EEEvPKjmNS0_12table_bundleIXT0_EEEPNS4_14compute_traitsIXT0_EE4typeE
    0 bytes stack frame, 0 bytes spill stores, 0 bytes spill loads
ptxas info    : Used 15 registers, used 0 barriers
ptxas info    : Compile time = 2.053 ms
ptxas info    : Compiling entry function '_ZN3aut12lns_strategy22validate_decode_kernelINS_3lns7lns4_r1ELNS_8bitwidth12compute_kindE1ELNS0_12decoder_kindE0EEEvPKjmNS0_12table_bundleIXT0_EEEPNS4_14compute_traitsIXT0_EE4typeE' for 'sm_90'
ptxas info    : Function properties for _ZN3aut12lns_strategy22validate_decode_kernelINS_3lns7lns4_r1ELNS_8bitwidth12compute_kindE1ELNS0_12decoder_kindE0EEEvPKjmNS0_12table_bundleIXT0_EEEPNS4_14compute_traitsIXT0_EE4typeE
    0 bytes stack frame, 0 bytes spill stores, 0 bytes spill loads
ptxas info    : Used 18 registers, used 0 barriers
ptxas info    : Compile time = 3.119 ms
ptxas info    : Compiling entry function '_ZN3aut12lns_strategy23gemv_cooperative_kernelINS_3lns7lns4_r1ELNS_8bitwidth12compute_kindE0ELNS0_12decoder_kindE11ELNS0_13multiply_kindE1EEEvPKjS9_mmNS0_12table_bundleIXT0_EEEPNS4_14compute_traitsIXT0_EE4typeE' for 'sm_90'
ptxas info    : Function properties for _ZN3aut12lns_strategy23gemv_cooperative_kernelINS_3lns7lns4_r1ELNS_8bitwidth12compute_kindE0ELNS0_12decoder_kindE11ELNS0_13multiply_kindE1EEEvPKjS9_mmNS0_12table_bundleIXT0_EEEPNS4_14compute_traitsIXT0_EE4typeE
    0 bytes stack frame, 0 bytes spill stores, 0 bytes spill loads
ptxas info    : Used 22 registers, used 1 barriers
ptxas info    : Compile time = 4.838 ms
ptxas info    : Compiling entry function '_ZN3aut12lns_strategy22dot_cooperative_kernelINS_3lns7lns4_r1ELNS_8bitwidth12compute_kindE0ELNS0_12decoder_kindE11ELNS0_13multiply_kindE1EEEvPKjS9_mNS0_12table_bundleIXT0_EEEPNS4_14compute_traitsIXT0_EE4typeE' for 'sm_90'
ptxas info    : Function properties for _ZN3aut12lns_strategy22dot_cooperative_kernelINS_3lns7lns4_r1ELNS_8bitwidth12compute_kindE0ELNS0_12decoder_kindE11ELNS0_13multiply_kindE1EEEvPKjS9_mNS0_12table_bundleIXT0_EEEPNS4_14compute_traitsIXT0_EE4typeE
    0 bytes stack frame, 0 bytes spill stores, 0 bytes spill loads
ptxas info    : Used 20 registers, used 1 barriers
ptxas info    : Compile time = 4.759 ms
ptxas info    : Compiling entry function '_ZN3aut12lns_strategy18gemv_thread_kernelINS_3lns7lns4_r1ELNS_8bitwidth12compute_kindE0ELNS4_14storage_layoutE1ELi8ELNS0_12decoder_kindE11ELNS0_13multiply_kindE1EEEvNS0_12storage_viewIT_XT1_EEESB_mmNS0_12table_bundleIXT0_EEEPNS4_14compute_traitsIXT0_EE4typeE' for 'sm_90'
ptxas info    : Function properties for _ZN3aut12lns_strategy18gemv_thread_kernelINS_3lns7lns4_r1ELNS_8bitwidth12compute_kindE0ELNS4_14storage_layoutE1ELi8ELNS0_12decoder_kindE11ELNS0_13multiply_kindE1EEEvNS0_12storage_viewIT_XT1_EEESB_mmNS0_12table_bundleIXT0_EEEPNS4_14compute_traitsIXT0_EE4typeE
    0 bytes stack frame, 0 bytes spill stores, 0 bytes spill loads
ptxas info    : Used 27 registers, used 1 barriers
ptxas info    : Compile time = 5.579 ms
ptxas info    : Compiling entry function '_ZN3aut12lns_strategy17dot_thread_kernelINS_3lns7lns4_r1ELNS_8bitwidth12compute_kindE0ELNS4_14storage_layoutE1ELi8ELNS0_12decoder_kindE11ELNS0_13multiply_kindE1EEEvNS0_12storage_viewIT_XT1_EEESB_mNS0_12table_bundleIXT0_EEEPNS4_14compute_traitsIXT0_EE4typeE' for 'sm_90'
ptxas info    : Function properties for _ZN3aut12lns_strategy17dot_thread_kernelINS_3lns7lns4_r1ELNS_8bitwidth12compute_kindE0ELNS4_14storage_layoutE1ELi8ELNS0_12decoder_kindE11ELNS0_13multiply_kindE1EEEvNS0_12storage_viewIT_XT1_EEESB_mNS0_12table_bundleIXT0_EEEPNS4_14compute_traitsIXT0_EE4typeE
    0 bytes stack frame, 0 bytes spill stores, 0 bytes spill loads
ptxas info    : Used 30 registers, used 1 barriers
ptxas info    : Compile time = 5.539 ms
ptxas info    : Compiling entry function '_ZN3aut12lns_strategy18gemv_thread_kernelINS_3lns7lns4_r1ELNS_8bitwidth12compute_kindE0ELNS4_14storage_layoutE1ELi4ELNS0_12decoder_kindE11ELNS0_13multiply_kindE1EEEvNS0_12storage_viewIT_XT1_EEESB_mmNS0_12table_bundleIXT0_EEEPNS4_14compute_traitsIXT0_EE4typeE' for 'sm_90'
ptxas info    : Function properties for _ZN3aut12lns_strategy18gemv_thread_kernelINS_3lns7lns4_r1ELNS_8bitwidth12compute_kindE0ELNS4_14storage_layoutE1ELi4ELNS0_12decoder_kindE11ELNS0_13multiply_kindE1EEEvNS0_12storage_viewIT_XT1_EEESB_mmNS0_12table_bundleIXT0_EEEPNS4_14compute_traitsIXT0_EE4typeE
    0 bytes stack frame, 0 bytes spill stores, 0 bytes spill loads
ptxas info    : Used 20 registers, used 1 barriers
ptxas info    : Compile time = 4.438 ms
ptxas info    : Compiling entry function '_ZN3aut12lns_strategy17dot_thread_kernelINS_3lns7lns4_r1ELNS_8bitwidth12compute_kindE0ELNS4_14storage_layoutE1ELi4ELNS0_12decoder_kindE11ELNS0_13multiply_kindE1EEEvNS0_12storage_viewIT_XT1_EEESB_mNS0_12table_bundleIXT0_EEEPNS4_14compute_traitsIXT0_EE4typeE' for 'sm_90'
ptxas info    : Function properties for _ZN3aut12lns_strategy17dot_thread_kernelINS_3lns7lns4_r1ELNS_8bitwidth12compute_kindE0ELNS4_14storage_layoutE1ELi4ELNS0_12decoder_kindE11ELNS0_13multiply_kindE1EEEvNS0_12storage_viewIT_XT1_EEESB_mNS0_12table_bundleIXT0_EEEPNS4_14compute_traitsIXT0_EE4typeE
    0 bytes stack frame, 0 bytes spill stores, 0 bytes spill loads
ptxas info    : Used 22 registers, used 1 barriers
ptxas info    : Compile time = 4.440 ms
ptxas info    : Compiling entry function '_ZN3aut12lns_strategy18gemv_thread_kernelINS_3lns7lns4_r1ELNS_8bitwidth12compute_kindE0ELNS4_14storage_layoutE1ELi2ELNS0_12decoder_kindE11ELNS0_13multiply_kindE1EEEvNS0_12storage_viewIT_XT1_EEESB_mmNS0_12table_bundleIXT0_EEEPNS4_14compute_traitsIXT0_EE4typeE' for 'sm_90'
ptxas info    : Function properties for _ZN3aut12lns_strategy18gemv_thread_kernelINS_3lns7lns4_r1ELNS_8bitwidth12compute_kindE0ELNS4_14storage_layoutE1ELi2ELNS0_12decoder_kindE11ELNS0_13multiply_kindE1EEEvNS0_12storage_viewIT_XT1_EEESB_mmNS0_12table_bundleIXT0_EEEPNS4_14compute_traitsIXT0_EE4typeE
    0 bytes stack frame, 0 bytes spill stores, 0 bytes spill loads
ptxas info    : Used 18 registers, used 1 barriers
ptxas info    : Compile time = 3.930 ms
ptxas info    : Compiling entry function '_ZN3aut12lns_strategy17dot_thread_kernelINS_3lns7lns4_r1ELNS_8bitwidth12compute_kindE0ELNS4_14storage_layoutE1ELi2ELNS0_12decoder_kindE11ELNS0_13multiply_kindE1EEEvNS0_12storage_viewIT_XT1_EEESB_mNS0_12table_bundleIXT0_EEEPNS4_14compute_traitsIXT0_EE4typeE' for 'sm_90'
ptxas info    : Function properties for _ZN3aut12lns_strategy17dot_thread_kernelINS_3lns7lns4_r1ELNS_8bitwidth12compute_kindE0ELNS4_14storage_layoutE1ELi2ELNS0_12decoder_kindE11ELNS0_13multiply_kindE1EEEvNS0_12storage_viewIT_XT1_EEESB_mNS0_12table_bundleIXT0_EEEPNS4_14compute_traitsIXT0_EE4typeE
    0 bytes stack frame, 0 bytes spill stores, 0 bytes spill loads
ptxas info    : Used 20 registers, used 1 barriers
ptxas info    : Compile time = 3.892 ms
ptxas info    : Compiling entry function '_ZN3aut12lns_strategy18gemv_thread_kernelINS_3lns7lns4_r1ELNS_8bitwidth12compute_kindE0ELNS4_14storage_layoutE0ELi8ELNS0_12decoder_kindE11ELNS0_13multiply_kindE1EEEvNS0_12storage_viewIT_XT1_EEESB_mmNS0_12table_bundleIXT0_EEEPNS4_14compute_traitsIXT0_EE4typeE' for 'sm_90'
ptxas info    : Function properties for _ZN3aut12lns_strategy18gemv_thread_kernelINS_3lns7lns4_r1ELNS_8bitwidth12compute_kindE0ELNS4_14storage_layoutE0ELi8ELNS0_12decoder_kindE11ELNS0_13multiply_kindE1EEEvNS0_12storage_viewIT_XT1_EEESB_mmNS0_12table_bundleIXT0_EEEPNS4_14compute_traitsIXT0_EE4typeE
    0 bytes stack frame, 0 bytes spill stores, 0 bytes spill loads
ptxas info    : Used 32 registers, used 1 barriers
ptxas info    : Compile time = 9.105 ms
ptxas info    : Compiling entry function '_ZN3aut12lns_strategy17dot_thread_kernelINS_3lns7lns4_r1ELNS_8bitwidth12compute_kindE0ELNS4_14storage_layoutE0ELi8ELNS0_12decoder_kindE11ELNS0_13multiply_kindE1EEEvNS0_12storage_viewIT_XT1_EEESB_mNS0_12table_bundleIXT0_EEEPNS4_14compute_traitsIXT0_EE4typeE' for 'sm_90'
ptxas info    : Function properties for _ZN3aut12lns_strategy17dot_thread_kernelINS_3lns7lns4_r1ELNS_8bitwidth12compute_kindE0ELNS4_14storage_layoutE0ELi8ELNS0_12decoder_kindE11ELNS0_13multiply_kindE1EEEvNS0_12storage_viewIT_XT1_EEESB_mNS0_12table_bundleIXT0_EEEPNS4_14compute_traitsIXT0_EE4typeE
    0 bytes stack frame, 0 bytes spill stores, 0 bytes spill loads
ptxas info    : Used 31 registers, used 1 barriers
ptxas info    : Compile time = 5.992 ms
ptxas info    : Compiling entry function '_ZN3aut12lns_strategy18gemv_thread_kernelINS_3lns7lns4_r1ELNS_8bitwidth12compute_kindE0ELNS4_14storage_layoutE0ELi4ELNS0_12decoder_kindE11ELNS0_13multiply_kindE1EEEvNS0_12storage_viewIT_XT1_EEESB_mmNS0_12table_bundleIXT0_EEEPNS4_14compute_traitsIXT0_EE4typeE' for 'sm_90'
ptxas info    : Function properties for _ZN3aut12lns_strategy18gemv_thread_kernelINS_3lns7lns4_r1ELNS_8bitwidth12compute_kindE0ELNS4_14storage_layoutE0ELi4ELNS0_12decoder_kindE11ELNS0_13multiply_kindE1EEEvNS0_12storage_viewIT_XT1_EEESB_mmNS0_12table_bundleIXT0_EEEPNS4_14compute_traitsIXT0_EE4typeE
    0 bytes stack frame, 0 bytes spill stores, 0 bytes spill loads
ptxas info    : Used 32 registers, used 1 barriers
ptxas info    : Compile time = 6.430 ms
ptxas info    : Compiling entry function '_ZN3aut12lns_strategy17dot_thread_kernelINS_3lns7lns4_r1ELNS_8bitwidth12compute_kindE0ELNS4_14storage_layoutE0ELi4ELNS0_12decoder_kindE11ELNS0_13multiply_kindE1EEEvNS0_12storage_viewIT_XT1_EEESB_mNS0_12table_bundleIXT0_EEEPNS4_14compute_traitsIXT0_EE4typeE' for 'sm_90'
ptxas info    : Function properties for _ZN3aut12lns_strategy17dot_thread_kernelINS_3lns7lns4_r1ELNS_8bitwidth12compute_kindE0ELNS4_14storage_layoutE0ELi4ELNS0_12decoder_kindE11ELNS0_13multiply_kindE1EEEvNS0_12storage_viewIT_XT1_EEESB_mNS0_12table_bundleIXT0_EEEPNS4_14compute_traitsIXT0_EE4typeE
    0 bytes stack frame, 0 bytes spill stores, 0 bytes spill loads
ptxas info    : Used 32 registers, used 1 barriers
ptxas info    : Compile time = 6.109 ms
ptxas info    : Compiling entry function '_ZN3aut12lns_strategy18gemv_thread_kernelINS_3lns7lns4_r1ELNS_8bitwidth12compute_kindE0ELNS4_14storage_layoutE0ELi2ELNS0_12decoder_kindE11ELNS0_13multiply_kindE1EEEvNS0_12storage_viewIT_XT1_EEESB_mmNS0_12table_bundleIXT0_EEEPNS4_14compute_traitsIXT0_EE4typeE' for 'sm_90'
ptxas info    : Function properties for _ZN3aut12lns_strategy18gemv_thread_kernelINS_3lns7lns4_r1ELNS_8bitwidth12compute_kindE0ELNS4_14storage_layoutE0ELi2ELNS0_12decoder_kindE11ELNS0_13multiply_kindE1EEEvNS0_12storage_viewIT_XT1_EEESB_mmNS0_12table_bundleIXT0_EEEPNS4_14compute_traitsIXT0_EE4typeE
    0 bytes stack frame, 0 bytes spill stores, 0 bytes spill loads
ptxas info    : Used 31 registers, used 1 barriers
ptxas info    : Compile time = 4.916 ms
ptxas info    : Compiling entry function '_ZN3aut12lns_strategy17dot_thread_kernelINS_3lns7lns4_r1ELNS_8bitwidth12compute_kindE0ELNS4_14storage_layoutE0ELi2ELNS0_12decoder_kindE11ELNS0_13multiply_kindE1EEEvNS0_12storage_viewIT_XT1_EEESB_mNS0_12table_bundleIXT0_EEEPNS4_14compute_traitsIXT0_EE4typeE' for 'sm_90'
ptxas info    : Function properties for _ZN3aut12lns_strategy17dot_thread_kernelINS_3lns7lns4_r1ELNS_8bitwidth12compute_kindE0ELNS4_14storage_layoutE0ELi2ELNS0_12decoder_kindE11ELNS0_13multiply_kindE1EEEvNS0_12storage_viewIT_XT1_EEESB_mNS0_12table_bundleIXT0_EEEPNS4_14compute_traitsIXT0_EE4typeE
    0 bytes stack frame, 0 bytes spill stores, 0 bytes spill loads
ptxas info    : Used 30 registers, used 1 barriers
ptxas info    : Compile time = 4.620 ms
ptxas info    : Compiling entry function '_ZN3aut12lns_strategy18gemv_thread_kernelINS_3lns7lns4_r1ELNS_8bitwidth12compute_kindE0ELNS4_14storage_layoutE1ELi1ELNS0_12decoder_kindE11ELNS0_13multiply_kindE1EEEvNS0_12storage_viewIT_XT1_EEESB_mmNS0_12table_bundleIXT0_EEEPNS4_14compute_traitsIXT0_EE4typeE' for 'sm_90'
ptxas info    : Function properties for _ZN3aut12lns_strategy18gemv_thread_kernelINS_3lns7lns4_r1ELNS_8bitwidth12compute_kindE0ELNS4_14storage_layoutE1ELi1ELNS0_12decoder_kindE11ELNS0_13multiply_kindE1EEEvNS0_12storage_viewIT_XT1_EEESB_mmNS0_12table_bundleIXT0_EEEPNS4_14compute_traitsIXT0_EE4typeE
    0 bytes stack frame, 0 bytes spill stores, 0 bytes spill loads
ptxas info    : Used 18 registers, used 1 barriers
ptxas info    : Compile time = 3.425 ms
ptxas info    : Compiling entry function '_ZN3aut12lns_strategy17dot_thread_kernelINS_3lns7lns4_r1ELNS_8bitwidth12compute_kindE0ELNS4_14storage_layoutE1ELi1ELNS0_12decoder_kindE11ELNS0_13multiply_kindE1EEEvNS0_12storage_viewIT_XT1_EEESB_mNS0_12table_bundleIXT0_EEEPNS4_14compute_traitsIXT0_EE4typeE' for 'sm_90'
ptxas info    : Function properties for _ZN3aut12lns_strategy17dot_thread_kernelINS_3lns7lns4_r1ELNS_8bitwidth12compute_kindE0ELNS4_14storage_layoutE1ELi1ELNS0_12decoder_kindE11ELNS0_13multiply_kindE1EEEvNS0_12storage_viewIT_XT1_EEESB_mNS0_12table_bundleIXT0_EEEPNS4_14compute_traitsIXT0_EE4typeE
    0 bytes stack frame, 0 bytes spill stores, 0 bytes spill loads
ptxas info    : Used 22 registers, used 1 barriers
ptxas info    : Compile time = 3.292 ms
ptxas info    : Compiling entry function '_ZN3aut12lns_strategy18gemv_thread_kernelINS_3lns7lns4_r1ELNS_8bitwidth12compute_kindE0ELNS4_14storage_layoutE0ELi1ELNS0_12decoder_kindE11ELNS0_13multiply_kindE1EEEvNS0_12storage_viewIT_XT1_EEESB_mmNS0_12table_bundleIXT0_EEEPNS4_14compute_traitsIXT0_EE4typeE' for 'sm_90'
ptxas info    : Function properties for _ZN3aut12lns_strategy18gemv_thread_kernelINS_3lns7lns4_r1ELNS_8bitwidth12compute_kindE0ELNS4_14storage_layoutE0ELi1ELNS0_12decoder_kindE11ELNS0_13multiply_kindE1EEEvNS0_12storage_viewIT_XT1_EEESB_mmNS0_12table_bundleIXT0_EEEPNS4_14compute_traitsIXT0_EE4typeE
    0 bytes stack frame, 0 bytes spill stores, 0 bytes spill loads
ptxas info    : Used 21 registers, used 1 barriers
ptxas info    : Compile time = 3.812 ms
ptxas info    : Compiling entry function '_ZN3aut12lns_strategy17dot_thread_kernelINS_3lns7lns4_r1ELNS_8bitwidth12compute_kindE0ELNS4_14storage_layoutE0ELi1ELNS0_12decoder_kindE11ELNS0_13multiply_kindE1EEEvNS0_12storage_viewIT_XT1_EEESB_mNS0_12table_bundleIXT0_EEEPNS4_14compute_traitsIXT0_EE4typeE' for 'sm_90'
ptxas info    : Function properties for _ZN3aut12lns_strategy17dot_thread_kernelINS_3lns7lns4_r1ELNS_8bitwidth12compute_kindE0ELNS4_14storage_layoutE0ELi1ELNS0_12decoder_kindE11ELNS0_13multiply_kindE1EEEvNS0_12storage_viewIT_XT1_EEESB_mNS0_12table_bundleIXT0_EEEPNS4_14compute_traitsIXT0_EE4typeE
    0 bytes stack frame, 0 bytes spill stores, 0 bytes spill loads
ptxas info    : Used 22 registers, used 1 barriers
ptxas info    : Compile time = 3.591 ms
ptxas info    : Compiling entry function '_ZN3aut12lns_strategy23gemv_cooperative_kernelINS_3lns7lns4_r1ELNS_8bitwidth12compute_kindE0ELNS0_12decoder_kindE10ELNS0_13multiply_kindE1EEEvPKjS9_mmNS0_12table_bundleIXT0_EEEPNS4_14compute_traitsIXT0_EE4typeE' for 'sm_90'
ptxas info    : Function properties for _ZN3aut12lns_strategy23gemv_cooperative_kernelINS_3lns7lns4_r1ELNS_8bitwidth12compute_kindE0ELNS0_12decoder_kindE10ELNS0_13multiply_kindE1EEEvPKjS9_mmNS0_12table_bundleIXT0_EEEPNS4_14compute_traitsIXT0_EE4typeE
    0 bytes stack frame, 0 bytes spill stores, 0 bytes spill loads
ptxas info    : Used 23 registers, used 1 barriers
ptxas info    : Compile time = 4.360 ms
ptxas info    : Compiling entry function '_ZN3aut12lns_strategy22dot_cooperative_kernelINS_3lns7lns4_r1ELNS_8bitwidth12compute_kindE0ELNS0_12decoder_kindE10ELNS0_13multiply_kindE1EEEvPKjS9_mNS0_12table_bundleIXT0_EEEPNS4_14compute_traitsIXT0_EE4typeE' for 'sm_90'
ptxas info    : Function properties for _ZN3aut12lns_strategy22dot_cooperative_kernelINS_3lns7lns4_r1ELNS_8bitwidth12compute_kindE0ELNS0_12decoder_kindE10ELNS0_13multiply_kindE1EEEvPKjS9_mNS0_12table_bundleIXT0_EEEPNS4_14compute_traitsIXT0_EE4typeE
    0 bytes stack frame, 0 bytes spill stores, 0 bytes spill loads
ptxas info    : Used 22 registers, used 1 barriers
ptxas info    : Compile time = 4.217 ms
ptxas info    : Compiling entry function '_ZN3aut12lns_strategy18gemv_thread_kernelINS_3lns7lns4_r1ELNS_8bitwidth12compute_kindE0ELNS4_14storage_layoutE1ELi8ELNS0_12decoder_kindE10ELNS0_13multiply_kindE1EEEvNS0_12storage_viewIT_XT1_EEESB_mmNS0_12table_bundleIXT0_EEEPNS4_14compute_traitsIXT0_EE4typeE' for 'sm_90'
ptxas info    : Function properties for _ZN3aut12lns_strategy18gemv_thread_kernelINS_3lns7lns4_r1ELNS_8bitwidth12compute_kindE0ELNS4_14storage_layoutE1ELi8ELNS0_12decoder_kindE10ELNS0_13multiply_kindE1EEEvNS0_12storage_viewIT_XT1_EEESB_mmNS0_12table_bundleIXT0_EEEPNS4_14compute_traitsIXT0_EE4typeE
    0 bytes stack frame, 0 bytes spill stores, 0 bytes spill loads
ptxas info    : Used 31 registers, used 1 barriers
ptxas info    : Compile time = 5.139 ms
ptxas info    : Compiling entry function '_ZN3aut12lns_strategy17dot_thread_kernelINS_3lns7lns4_r1ELNS_8bitwidth12compute_kindE0ELNS4_14storage_layoutE1ELi8ELNS0_12decoder_kindE10ELNS0_13multiply_kindE1EEEvNS0_12storage_viewIT_XT1_EEESB_mNS0_12table_bundleIXT0_EEEPNS4_14compute_traitsIXT0_EE4typeE' for 'sm_90'
ptxas info    : Function properties for _ZN3aut12lns_strategy17dot_thread_kernelINS_3lns7lns4_r1ELNS_8bitwidth12compute_kindE0ELNS4_14storage_layoutE1ELi8ELNS0_12decoder_kindE10ELNS0_13multiply_kindE1EEEvNS0_12storage_viewIT_XT1_EEESB_mNS0_12table_bundleIXT0_EEEPNS4_14compute_traitsIXT0_EE4typeE
    0 bytes stack frame, 0 bytes spill stores, 0 bytes spill loads
ptxas info    : Used 32 registers, used 1 barriers
ptxas info    : Compile time = 5.129 ms
ptxas info    : Compiling entry function '_ZN3aut12lns_strategy18gemv_thread_kernelINS_3lns7lns4_r1ELNS_8bitwidth12compute_kindE0ELNS4_14storage_layoutE1ELi4ELNS0_12decoder_kindE10ELNS0_13multiply_kindE1EEEvNS0_12storage_viewIT_XT1_EEESB_mmNS0_12table_bundleIXT0_EEEPNS4_14compute_traitsIXT0_EE4typeE' for 'sm_90'
ptxas info    : Function properties for _ZN3aut12lns_strategy18gemv_thread_kernelINS_3lns7lns4_r1ELNS_8bitwidth12compute_kindE0ELNS4_14storage_layoutE1ELi4ELNS0_12decoder_kindE10ELNS0_13multiply_kindE1EEEvNS0_12storage_viewIT_XT1_EEESB_mmNS0_12table_bundleIXT0_EEEPNS4_14compute_traitsIXT0_EE4typeE
    0 bytes stack frame, 0 bytes spill stores, 0 bytes spill loads
ptxas info    : Used 26 registers, used 1 barriers
ptxas info    : Compile time = 3.877 ms
ptxas info    : Compiling entry function '_ZN3aut12lns_strategy17dot_thread_kernelINS_3lns7lns4_r1ELNS_8bitwidth12compute_kindE0ELNS4_14storage_layoutE1ELi4ELNS0_12decoder_kindE10ELNS0_13multiply_kindE1EEEvNS0_12storage_viewIT_XT1_EEESB_mNS0_12table_bundleIXT0_EEEPNS4_14compute_traitsIXT0_EE4typeE' for 'sm_90'
ptxas info    : Function properties for _ZN3aut12lns_strategy17dot_thread_kernelINS_3lns7lns4_r1ELNS_8bitwidth12compute_kindE0ELNS4_14storage_layoutE1ELi4ELNS0_12decoder_kindE10ELNS0_13multiply_kindE1EEEvNS0_12storage_viewIT_XT1_EEESB_mNS0_12table_bundleIXT0_EEEPNS4_14compute_traitsIXT0_EE4typeE
    0 bytes stack frame, 0 bytes spill stores, 0 bytes spill loads
ptxas info    : Used 28 registers, used 1 barriers
ptxas info    : Compile time = 3.891 ms
ptxas info    : Compiling entry function '_ZN3aut12lns_strategy18gemv_thread_kernelINS_3lns7lns4_r1ELNS_8bitwidth12compute_kindE0ELNS4_14storage_layoutE1ELi2ELNS0_12decoder_kindE10ELNS0_13multiply_kindE1EEEvNS0_12storage_viewIT_XT1_EEESB_mmNS0_12table_bundleIXT0_EEEPNS4_14compute_traitsIXT0_EE4typeE' for 'sm_90'
ptxas info    : Function properties for _ZN3aut12lns_strategy18gemv_thread_kernelINS_3lns7lns4_r1ELNS_8bitwidth12compute_kindE0ELNS4_14storage_layoutE1ELi2ELNS0_12decoder_kindE10ELNS0_13multiply_kindE1EEEvNS0_12storage_viewIT_XT1_EEESB_mmNS0_12table_bundleIXT0_EEEPNS4_14compute_traitsIXT0_EE4typeE
    0 bytes stack frame, 0 bytes spill stores, 0 bytes spill loads
ptxas info    : Used 19 registers, used 1 barriers
ptxas info    : Compile time = 3.246 ms
ptxas info    : Compiling entry function '_ZN3aut12lns_strategy17dot_thread_kernelINS_3lns7lns4_r1ELNS_8bitwidth12compute_kindE0ELNS4_14storage_layoutE1ELi2ELNS0_12decoder_kindE10ELNS0_13multiply_kindE1EEEvNS0_12storage_viewIT_XT1_EEESB_mNS0_12table_bundleIXT0_EEEPNS4_14compute_traitsIXT0_EE4typeE' for 'sm_90'
ptxas info    : Function properties for _ZN3aut12lns_strategy17dot_thread_kernelINS_3lns7lns4_r1ELNS_8bitwidth12compute_kindE0ELNS4_14storage_layoutE1ELi2ELNS0_12decoder_kindE10ELNS0_13multiply_kindE1EEEvNS0_12storage_viewIT_XT1_EEESB_mNS0_12table_bundleIXT0_EEEPNS4_14compute_traitsIXT0_EE4typeE
    0 bytes stack frame, 0 bytes spill stores, 0 bytes spill loads
ptxas info    : Used 22 registers, used 1 barriers
ptxas info    : Compile time = 3.261 ms
ptxas info    : Compiling entry function '_ZN3aut12lns_strategy18gemv_thread_kernelINS_3lns7lns4_r1ELNS_8bitwidth12compute_kindE0ELNS4_14storage_layoutE0ELi8ELNS0_12decoder_kindE10ELNS0_13multiply_kindE1EEEvNS0_12storage_viewIT_XT1_EEESB_mmNS0_12table_bundleIXT0_EEEPNS4_14compute_traitsIXT0_EE4typeE' for 'sm_90'
ptxas info    : Function properties for _ZN3aut12lns_strategy18gemv_thread_kernelINS_3lns7lns4_r1ELNS_8bitwidth12compute_kindE0ELNS4_14storage_layoutE0ELi8ELNS0_12decoder_kindE10ELNS0_13multiply_kindE1EEEvNS0_12storage_viewIT_XT1_EEESB_mmNS0_12table_bundleIXT0_EEEPNS4_14compute_traitsIXT0_EE4typeE
    0 bytes stack frame, 0 bytes spill stores, 0 bytes spill loads
ptxas info    : Used 32 registers, used 1 barriers
ptxas info    : Compile time = 8.422 ms
ptxas info    : Compiling entry function '_ZN3aut12lns_strategy17dot_thread_kernelINS_3lns7lns4_r1ELNS_8bitwidth12compute_kindE0ELNS4_14storage_layoutE0ELi8ELNS0_12decoder_kindE10ELNS0_13multiply_kindE1EEEvNS0_12storage_viewIT_XT1_EEESB_mNS0_12table_bundleIXT0_EEEPNS4_14compute_traitsIXT0_EE4typeE' for 'sm_90'
ptxas info    : Function properties for _ZN3aut12lns_strategy17dot_thread_kernelINS_3lns7lns4_r1ELNS_8bitwidth12compute_kindE0ELNS4_14storage_layoutE0ELi8ELNS0_12decoder_kindE10ELNS0_13multiply_kindE1EEEvNS0_12storage_viewIT_XT1_EEESB_mNS0_12table_bundleIXT0_EEEPNS4_14compute_traitsIXT0_EE4typeE
    0 bytes stack frame, 0 bytes spill stores, 0 bytes spill loads
ptxas info    : Used 32 registers, used 1 barriers
ptxas info    : Compile time = 5.024 ms
ptxas info    : Compiling entry function '_ZN3aut12lns_strategy18gemv_thread_kernelINS_3lns7lns4_r1ELNS_8bitwidth12compute_kindE0ELNS4_14storage_layoutE0ELi4ELNS0_12decoder_kindE10ELNS0_13multiply_kindE1EEEvNS0_12storage_viewIT_XT1_EEESB_mmNS0_12table_bundleIXT0_EEEPNS4_14compute_traitsIXT0_EE4typeE' for 'sm_90'
ptxas info    : Function properties for _ZN3aut12lns_strategy18gemv_thread_kernelINS_3lns7lns4_r1ELNS_8bitwidth12compute_kindE0ELNS4_14storage_layoutE0ELi4ELNS0_12decoder_kindE10ELNS0_13multiply_kindE1EEEvNS0_12storage_viewIT_XT1_EEESB_mmNS0_12table_bundleIXT0_EEEPNS4_14compute_traitsIXT0_EE4typeE
    0 bytes stack frame, 0 bytes spill stores, 0 bytes spill loads
ptxas info    : Used 32 registers, used 1 barriers
ptxas info    : Compile time = 6.036 ms
ptxas info    : Compiling entry function '_ZN3aut12lns_strategy17dot_thread_kernelINS_3lns7lns4_r1ELNS_8bitwidth12compute_kindE0ELNS4_14storage_layoutE0ELi4ELNS0_12decoder_kindE10ELNS0_13multiply_kindE1EEEvNS0_12storage_viewIT_XT1_EEESB_mNS0_12table_bundleIXT0_EEEPNS4_14compute_traitsIXT0_EE4typeE' for 'sm_90'
ptxas info    : Function properties for _ZN3aut12lns_strategy17dot_thread_kernelINS_3lns7lns4_r1ELNS_8bitwidth12compute_kindE0ELNS4_14storage_layoutE0ELi4ELNS0_12decoder_kindE10ELNS0_13multiply_kindE1EEEvNS0_12storage_viewIT_XT1_EEESB_mNS0_12table_bundleIXT0_EEEPNS4_14compute_traitsIXT0_EE4typeE
    0 bytes stack frame, 0 bytes spill stores, 0 bytes spill loads
ptxas info    : Used 32 registers, used 1 barriers
ptxas info    : Compile time = 5.719 ms
ptxas info    : Compiling entry function '_ZN3aut12lns_strategy18gemv_thread_kernelINS_3lns7lns4_r1ELNS_8bitwidth12compute_kindE0ELNS4_14storage_layoutE0ELi2ELNS0_12decoder_kindE10ELNS0_13multiply_kindE1EEEvNS0_12storage_viewIT_XT1_EEESB_mmNS0_12table_bundleIXT0_EEEPNS4_14compute_traitsIXT0_EE4typeE' for 'sm_90'
ptxas info    : Function properties for _ZN3aut12lns_strategy18gemv_thread_kernelINS_3lns7lns4_r1ELNS_8bitwidth12compute_kindE0ELNS4_14storage_layoutE0ELi2ELNS0_12decoder_kindE10ELNS0_13multiply_kindE1EEEvNS0_12storage_viewIT_XT1_EEESB_mmNS0_12table_bundleIXT0_EEEPNS4_14compute_traitsIXT0_EE4typeE
    0 bytes stack frame, 0 bytes spill stores, 0 bytes spill loads
ptxas info    : Used 28 registers, used 1 barriers
ptxas info    : Compile time = 4.424 ms
ptxas info    : Compiling entry function '_ZN3aut12lns_strategy17dot_thread_kernelINS_3lns7lns4_r1ELNS_8bitwidth12compute_kindE0ELNS4_14storage_layoutE0ELi2ELNS0_12decoder_kindE10ELNS0_13multiply_kindE1EEEvNS0_12storage_viewIT_XT1_EEESB_mNS0_12table_bundleIXT0_EEEPNS4_14compute_traitsIXT0_EE4typeE' for 'sm_90'
ptxas info    : Function properties for _ZN3aut12lns_strategy17dot_thread_kernelINS_3lns7lns4_r1ELNS_8bitwidth12compute_kindE0ELNS4_14storage_layoutE0ELi2ELNS0_12decoder_kindE10ELNS0_13multiply_kindE1EEEvNS0_12storage_viewIT_XT1_EEESB_mNS0_12table_bundleIXT0_EEEPNS4_14compute_traitsIXT0_EE4typeE
    0 bytes stack frame, 0 bytes spill stores, 0 bytes spill loads
ptxas info    : Used 32 registers, used 1 barriers
ptxas info    : Compile time = 4.179 ms
ptxas info    : Compiling entry function '_ZN3aut12lns_strategy18gemv_thread_kernelINS_3lns7lns4_r1ELNS_8bitwidth12compute_kindE0ELNS4_14storage_layoutE1ELi1ELNS0_12decoder_kindE10ELNS0_13multiply_kindE1EEEvNS0_12storage_viewIT_XT1_EEESB_mmNS0_12table_bundleIXT0_EEEPNS4_14compute_traitsIXT0_EE4typeE' for 'sm_90'
ptxas info    : Function properties for _ZN3aut12lns_strategy18gemv_thread_kernelINS_3lns7lns4_r1ELNS_8bitwidth12compute_kindE0ELNS4_14storage_layoutE1ELi1ELNS0_12decoder_kindE10ELNS0_13multiply_kindE1EEEvNS0_12storage_viewIT_XT1_EEESB_mmNS0_12table_bundleIXT0_EEEPNS4_14compute_traitsIXT0_EE4typeE
    0 bytes stack frame, 0 bytes spill stores, 0 bytes spill loads
ptxas info    : Used 19 registers, used 1 barriers
ptxas info    : Compile time = 2.816 ms
ptxas info    : Compiling entry function '_ZN3aut12lns_strategy17dot_thread_kernelINS_3lns7lns4_r1ELNS_8bitwidth12compute_kindE0ELNS4_14storage_layoutE1ELi1ELNS0_12decoder_kindE10ELNS0_13multiply_kindE1EEEvNS0_12storage_viewIT_XT1_EEESB_mNS0_12table_bundleIXT0_EEEPNS4_14compute_traitsIXT0_EE4typeE' for 'sm_90'
ptxas info    : Function properties for _ZN3aut12lns_strategy17dot_thread_kernelINS_3lns7lns4_r1ELNS_8bitwidth12compute_kindE0ELNS4_14storage_layoutE1ELi1ELNS0_12decoder_kindE10ELNS0_13multiply_kindE1EEEvNS0_12storage_viewIT_XT1_EEESB_mNS0_12table_bundleIXT0_EEEPNS4_14compute_traitsIXT0_EE4typeE
    0 bytes stack frame, 0 bytes spill stores, 0 bytes spill loads
ptxas info    : Used 22 registers, used 1 barriers
ptxas info    : Compile time = 2.667 ms
ptxas info    : Compiling entry function '_ZN3aut12lns_strategy18gemv_thread_kernelINS_3lns7lns4_r1ELNS_8bitwidth12compute_kindE0ELNS4_14storage_layoutE0ELi1ELNS0_12decoder_kindE10ELNS0_13multiply_kindE1EEEvNS0_12storage_viewIT_XT1_EEESB_mmNS0_12table_bundleIXT0_EEEPNS4_14compute_traitsIXT0_EE4typeE' for 'sm_90'
ptxas info    : Function properties for _ZN3aut12lns_strategy18gemv_thread_kernelINS_3lns7lns4_r1ELNS_8bitwidth12compute_kindE0ELNS4_14storage_layoutE0ELi1ELNS0_12decoder_kindE10ELNS0_13multiply_kindE1EEEvNS0_12storage_viewIT_XT1_EEESB_mmNS0_12table_bundleIXT0_EEEPNS4_14compute_traitsIXT0_EE4typeE
    0 bytes stack frame, 0 bytes spill stores, 0 bytes spill loads
ptxas info    : Used 20 registers, used 1 barriers
ptxas info    : Compile time = 3.328 ms
ptxas info    : Compiling entry function '_ZN3aut12lns_strategy17dot_thread_kernelINS_3lns7lns4_r1ELNS_8bitwidth12compute_kindE0ELNS4_14storage_layoutE0ELi1ELNS0_12decoder_kindE10ELNS0_13multiply_kindE1EEEvNS0_12storage_viewIT_XT1_EEESB_mNS0_12table_bundleIXT0_EEEPNS4_14compute_traitsIXT0_EE4typeE' for 'sm_90'
ptxas info    : Function properties for _ZN3aut12lns_strategy17dot_thread_kernelINS_3lns7lns4_r1ELNS_8bitwidth12compute_kindE0ELNS4_14storage_layoutE0ELi1ELNS0_12decoder_kindE10ELNS0_13multiply_kindE1EEEvNS0_12storage_viewIT_XT1_EEESB_mNS0_12table_bundleIXT0_EEEPNS4_14compute_traitsIXT0_EE4typeE
    0 bytes stack frame, 0 bytes spill stores, 0 bytes spill loads
ptxas info    : Used 22 registers, used 1 barriers
ptxas info    : Compile time = 3.103 ms
ptxas info    : Compiling entry function '_ZN3aut12lns_strategy23gemv_cooperative_kernelINS_3lns7lns4_r1ELNS_8bitwidth12compute_kindE0ELNS0_12decoder_kindE6ELNS0_13multiply_kindE1EEEvPKjS9_mmNS0_12table_bundleIXT0_EEEPNS4_14compute_traitsIXT0_EE4typeE' for 'sm_90'
ptxas info    : Function properties for _ZN3aut12lns_strategy23gemv_cooperative_kernelINS_3lns7lns4_r1ELNS_8bitwidth12compute_kindE0ELNS0_12decoder_kindE6ELNS0_13multiply_kindE1EEEvPKjS9_mmNS0_12table_bundleIXT0_EEEPNS4_14compute_traitsIXT0_EE4typeE
    0 bytes stack frame, 0 bytes spill stores, 0 bytes spill loads
ptxas info    : Used 28 registers, used 1 barriers
ptxas info    : Compile time = 6.962 ms
ptxas info    : Compiling entry function '_ZN3aut12lns_strategy22dot_cooperative_kernelINS_3lns7lns4_r1ELNS_8bitwidth12compute_kindE0ELNS0_12decoder_kindE6ELNS0_13multiply_kindE1EEEvPKjS9_mNS0_12table_bundleIXT0_EEEPNS4_14compute_traitsIXT0_EE4typeE' for 'sm_90'
ptxas info    : Function properties for _ZN3aut12lns_strategy22dot_cooperative_kernelINS_3lns7lns4_r1ELNS_8bitwidth12compute_kindE0ELNS0_12decoder_kindE6ELNS0_13multiply_kindE1EEEvPKjS9_mNS0_12table_bundleIXT0_EEEPNS4_14compute_traitsIXT0_EE4typeE
    0 bytes stack frame, 0 bytes spill stores, 0 bytes spill loads
ptxas info    : Used 24 registers, used 1 barriers
ptxas info    : Compile time = 6.806 ms
ptxas info    : Compiling entry function '_ZN3aut12lns_strategy18gemv_thread_kernelINS_3lns7lns4_r1ELNS_8bitwidth12compute_kindE0ELNS4_14storage_layoutE1ELi8ELNS0_12decoder_kindE6ELNS0_13multiply_kindE1EEEvNS0_12storage_viewIT_XT1_EEESB_mmNS0_12table_bundleIXT0_EEEPNS4_14compute_traitsIXT0_EE4typeE' for 'sm_90'
ptxas info    : Function properties for _ZN3aut12lns_strategy18gemv_thread_kernelINS_3lns7lns4_r1ELNS_8bitwidth12compute_kindE0ELNS4_14storage_layoutE1ELi8ELNS0_12decoder_kindE6ELNS0_13multiply_kindE1EEEvNS0_12storage_viewIT_XT1_EEESB_mmNS0_12table_bundleIXT0_EEEPNS4_14compute_traitsIXT0_EE4typeE
    0 bytes stack frame, 0 bytes spill stores, 0 bytes spill loads
ptxas info    : Used 38 registers, used 1 barriers
ptxas info    : Compile time = 21.078 ms
ptxas info    : Compiling entry function '_ZN3aut12lns_strategy17dot_thread_kernelINS_3lns7lns4_r1ELNS_8bitwidth12compute_kindE0ELNS4_14storage_layoutE1ELi8ELNS0_12decoder_kindE6ELNS0_13multiply_kindE1EEEvNS0_12storage_viewIT_XT1_EEESB_mNS0_12table_bundleIXT0_EEEPNS4_14compute_traitsIXT0_EE4typeE' for 'sm_90'
ptxas info    : Function properties for _ZN3aut12lns_strategy17dot_thread_kernelINS_3lns7lns4_r1ELNS_8bitwidth12compute_kindE0ELNS4_14storage_layoutE1ELi8ELNS0_12decoder_kindE6ELNS0_13multiply_kindE1EEEvNS0_12storage_viewIT_XT1_EEESB_mNS0_12table_bundleIXT0_EEEPNS4_14compute_traitsIXT0_EE4typeE
    0 bytes stack frame, 0 bytes spill stores, 0 bytes spill loads
ptxas info    : Used 43 registers, used 1 barriers
ptxas info    : Compile time = 20.907 ms
ptxas info    : Compiling entry function '_ZN3aut12lns_strategy18gemv_thread_kernelINS_3lns7lns4_r1ELNS_8bitwidth12compute_kindE0ELNS4_14storage_layoutE1ELi4ELNS0_12decoder_kindE6ELNS0_13multiply_kindE1EEEvNS0_12storage_viewIT_XT1_EEESB_mmNS0_12table_bundleIXT0_EEEPNS4_14compute_traitsIXT0_EE4typeE' for 'sm_90'
ptxas info    : Function properties for _ZN3aut12lns_strategy18gemv_thread_kernelINS_3lns7lns4_r1ELNS_8bitwidth12compute_kindE0ELNS4_14storage_layoutE1ELi4ELNS0_12decoder_kindE6ELNS0_13multiply_kindE1EEEvNS0_12storage_viewIT_XT1_EEESB_mmNS0_12table_bundleIXT0_EEEPNS4_14compute_traitsIXT0_EE4typeE
    0 bytes stack frame, 0 bytes spill stores, 0 bytes spill loads
ptxas info    : Used 27 registers, used 1 barriers
ptxas info    : Compile time = 12.093 ms
ptxas info    : Compiling entry function '_ZN3aut12lns_strategy17dot_thread_kernelINS_3lns7lns4_r1ELNS_8bitwidth12compute_kindE0ELNS4_14storage_layoutE1ELi4ELNS0_12decoder_kindE6ELNS0_13multiply_kindE1EEEvNS0_12storage_viewIT_XT1_EEESB_mNS0_12table_bundleIXT0_EEEPNS4_14compute_traitsIXT0_EE4typeE' for 'sm_90'
ptxas info    : Function properties for _ZN3aut12lns_strategy17dot_thread_kernelINS_3lns7lns4_r1ELNS_8bitwidth12compute_kindE0ELNS4_14storage_layoutE1ELi4ELNS0_12decoder_kindE6ELNS0_13multiply_kindE1EEEvNS0_12storage_viewIT_XT1_EEESB_mNS0_12table_bundleIXT0_EEEPNS4_14compute_traitsIXT0_EE4typeE
    0 bytes stack frame, 0 bytes spill stores, 0 bytes spill loads
ptxas info    : Used 30 registers, used 1 barriers
ptxas info    : Compile time = 12.154 ms
ptxas info    : Compiling entry function '_ZN3aut12lns_strategy18gemv_thread_kernelINS_3lns7lns4_r1ELNS_8bitwidth12compute_kindE0ELNS4_14storage_layoutE1ELi2ELNS0_12decoder_kindE6ELNS0_13multiply_kindE1EEEvNS0_12storage_viewIT_XT1_EEESB_mmNS0_12table_bundleIXT0_EEEPNS4_14compute_traitsIXT0_EE4typeE' for 'sm_90'
ptxas info    : Function properties for _ZN3aut12lns_strategy18gemv_thread_kernelINS_3lns7lns4_r1ELNS_8bitwidth12compute_kindE0ELNS4_14storage_layoutE1ELi2ELNS0_12decoder_kindE6ELNS0_13multiply_kindE1EEEvNS0_12storage_viewIT_XT1_EEESB_mmNS0_12table_bundleIXT0_EEEPNS4_14compute_traitsIXT0_EE4typeE
    0 bytes stack frame, 0 bytes spill stores, 0 bytes spill loads
ptxas info    : Used 24 registers, used 1 barriers
ptxas info    : Compile time = 8.063 ms
ptxas info    : Compiling entry function '_ZN3aut12lns_strategy17dot_thread_kernelINS_3lns7lns4_r1ELNS_8bitwidth12compute_kindE0ELNS4_14storage_layoutE1ELi2ELNS0_12decoder_kindE6ELNS0_13multiply_kindE1EEEvNS0_12storage_viewIT_XT1_EEESB_mNS0_12table_bundleIXT0_EEEPNS4_14compute_traitsIXT0_EE4typeE' for 'sm_90'
ptxas info    : Function properties for _ZN3aut12lns_strategy17dot_thread_kernelINS_3lns7lns4_r1ELNS_8bitwidth12compute_kindE0ELNS4_14storage_layoutE1ELi2ELNS0_12decoder_kindE6ELNS0_13multiply_kindE1EEEvNS0_12storage_viewIT_XT1_EEESB_mNS0_12table_bundleIXT0_EEEPNS4_14compute_traitsIXT0_EE4typeE
    0 bytes stack frame, 0 bytes spill stores, 0 bytes spill loads
ptxas info    : Used 30 registers, used 1 barriers
ptxas info    : Compile time = 8.069 ms
ptxas info    : Compiling entry function '_ZN3aut12lns_strategy18gemv_thread_kernelINS_3lns7lns4_r1ELNS_8bitwidth12compute_kindE0ELNS4_14storage_layoutE0ELi8ELNS0_12decoder_kindE6ELNS0_13multiply_kindE1EEEvNS0_12storage_viewIT_XT1_EEESB_mmNS0_12table_bundleIXT0_EEEPNS4_14compute_traitsIXT0_EE4typeE' for 'sm_90'
ptxas info    : Function properties for _ZN3aut12lns_strategy18gemv_thread_kernelINS_3lns7lns4_r1ELNS_8bitwidth12compute_kindE0ELNS4_14storage_layoutE0ELi8ELNS0_12decoder_kindE6ELNS0_13multiply_kindE1EEEvNS0_12storage_viewIT_XT1_EEESB_mmNS0_12table_bundleIXT0_EEEPNS4_14compute_traitsIXT0_EE4typeE
    0 bytes stack frame, 0 bytes spill stores, 0 bytes spill loads
ptxas info    : Used 54 registers, used 1 barriers
ptxas info    : Compile time = 23.707 ms
ptxas info    : Compiling entry function '_ZN3aut12lns_strategy17dot_thread_kernelINS_3lns7lns4_r1ELNS_8bitwidth12compute_kindE0ELNS4_14storage_layoutE0ELi8ELNS0_12decoder_kindE6ELNS0_13multiply_kindE1EEEvNS0_12storage_viewIT_XT1_EEESB_mNS0_12table_bundleIXT0_EEEPNS4_14compute_traitsIXT0_EE4typeE' for 'sm_90'
ptxas info    : Function properties for _ZN3aut12lns_strategy17dot_thread_kernelINS_3lns7lns4_r1ELNS_8bitwidth12compute_kindE0ELNS4_14storage_layoutE0ELi8ELNS0_12decoder_kindE6ELNS0_13multiply_kindE1EEEvNS0_12storage_viewIT_XT1_EEESB_mNS0_12table_bundleIXT0_EEEPNS4_14compute_traitsIXT0_EE4typeE
    0 bytes stack frame, 0 bytes spill stores, 0 bytes spill loads
ptxas info    : Used 46 registers, used 1 barriers
ptxas info    : Compile time = 20.317 ms
ptxas info    : Compiling entry function '_ZN3aut12lns_strategy18gemv_thread_kernelINS_3lns7lns4_r1ELNS_8bitwidth12compute_kindE0ELNS4_14storage_layoutE0ELi4ELNS0_12decoder_kindE6ELNS0_13multiply_kindE1EEEvNS0_12storage_viewIT_XT1_EEESB_mmNS0_12table_bundleIXT0_EEEPNS4_14compute_traitsIXT0_EE4typeE' for 'sm_90'
ptxas info    : Function properties for _ZN3aut12lns_strategy18gemv_thread_kernelINS_3lns7lns4_r1ELNS_8bitwidth12compute_kindE0ELNS4_14storage_layoutE0ELi4ELNS0_12decoder_kindE6ELNS0_13multiply_kindE1EEEvNS0_12storage_viewIT_XT1_EEESB_mmNS0_12table_bundleIXT0_EEEPNS4_14compute_traitsIXT0_EE4typeE
    0 bytes stack frame, 0 bytes spill stores, 0 bytes spill loads
ptxas info    : Used 34 registers, used 1 barriers
ptxas info    : Compile time = 14.198 ms
ptxas info    : Compiling entry function '_ZN3aut12lns_strategy17dot_thread_kernelINS_3lns7lns4_r1ELNS_8bitwidth12compute_kindE0ELNS4_14storage_layoutE0ELi4ELNS0_12decoder_kindE6ELNS0_13multiply_kindE1EEEvNS0_12storage_viewIT_XT1_EEESB_mNS0_12table_bundleIXT0_EEEPNS4_14compute_traitsIXT0_EE4typeE' for 'sm_90'
ptxas info    : Function properties for _ZN3aut12lns_strategy17dot_thread_kernelINS_3lns7lns4_r1ELNS_8bitwidth12compute_kindE0ELNS4_14storage_layoutE0ELi4ELNS0_12decoder_kindE6ELNS0_13multiply_kindE1EEEvNS0_12storage_viewIT_XT1_EEESB_mNS0_12table_bundleIXT0_EEEPNS4_14compute_traitsIXT0_EE4typeE
    0 bytes stack frame, 0 bytes spill stores, 0 bytes spill loads
ptxas info    : Used 32 registers, used 1 barriers
ptxas info    : Compile time = 13.752 ms
ptxas info    : Compiling entry function '_ZN3aut12lns_strategy18gemv_thread_kernelINS_3lns7lns4_r1ELNS_8bitwidth12compute_kindE0ELNS4_14storage_layoutE0ELi2ELNS0_12decoder_kindE6ELNS0_13multiply_kindE1EEEvNS0_12storage_viewIT_XT1_EEESB_mmNS0_12table_bundleIXT0_EEEPNS4_14compute_traitsIXT0_EE4typeE' for 'sm_90'
ptxas info    : Function properties for _ZN3aut12lns_strategy18gemv_thread_kernelINS_3lns7lns4_r1ELNS_8bitwidth12compute_kindE0ELNS4_14storage_layoutE0ELi2ELNS0_12decoder_kindE6ELNS0_13multiply_kindE1EEEvNS0_12storage_viewIT_XT1_EEESB_mmNS0_12table_bundleIXT0_EEEPNS4_14compute_traitsIXT0_EE4typeE
    0 bytes stack frame, 0 bytes spill stores, 0 bytes spill loads
ptxas info    : Used 32 registers, used 1 barriers
ptxas info    : Compile time = 8.996 ms
ptxas info    : Compiling entry function '_ZN3aut12lns_strategy17dot_thread_kernelINS_3lns7lns4_r1ELNS_8bitwidth12compute_kindE0ELNS4_14storage_layoutE0ELi2ELNS0_12decoder_kindE6ELNS0_13multiply_kindE1EEEvNS0_12storage_viewIT_XT1_EEESB_mNS0_12table_bundleIXT0_EEEPNS4_14compute_traitsIXT0_EE4typeE' for 'sm_90'
ptxas info    : Function properties for _ZN3aut12lns_strategy17dot_thread_kernelINS_3lns7lns4_r1ELNS_8bitwidth12compute_kindE0ELNS4_14storage_layoutE0ELi2ELNS0_12decoder_kindE6ELNS0_13multiply_kindE1EEEvNS0_12storage_viewIT_XT1_EEESB_mNS0_12table_bundleIXT0_EEEPNS4_14compute_traitsIXT0_EE4typeE
    0 bytes stack frame, 0 bytes spill stores, 0 bytes spill loads
ptxas info    : Used 32 registers, used 1 barriers
ptxas info    : Compile time = 8.857 ms
ptxas info    : Compiling entry function '_ZN3aut12lns_strategy18gemv_thread_kernelINS_3lns7lns4_r1ELNS_8bitwidth12compute_kindE0ELNS4_14storage_layoutE1ELi1ELNS0_12decoder_kindE6ELNS0_13multiply_kindE1EEEvNS0_12storage_viewIT_XT1_EEESB_mmNS0_12table_bundleIXT0_EEEPNS4_14compute_traitsIXT0_EE4typeE' for 'sm_90'
ptxas info    : Function properties for _ZN3aut12lns_strategy18gemv_thread_kernelINS_3lns7lns4_r1ELNS_8bitwidth12compute_kindE0ELNS4_14storage_layoutE1ELi1ELNS0_12decoder_kindE6ELNS0_13multiply_kindE1EEEvNS0_12storage_viewIT_XT1_EEESB_mmNS0_12table_bundleIXT0_EEEPNS4_14compute_traitsIXT0_EE4typeE
    0 bytes stack frame, 0 bytes spill stores, 0 bytes spill loads
ptxas info    : Used 23 registers, used 1 barriers
ptxas info    : Compile time = 5.621 ms
ptxas info    : Compiling entry function '_ZN3aut12lns_strategy17dot_thread_kernelINS_3lns7lns4_r1ELNS_8bitwidth12compute_kindE0ELNS4_14storage_layoutE1ELi1ELNS0_12decoder_kindE6ELNS0_13multiply_kindE1EEEvNS0_12storage_viewIT_XT1_EEESB_mNS0_12table_bundleIXT0_EEEPNS4_14compute_traitsIXT0_EE4typeE' for 'sm_90'
ptxas info    : Function properties for _ZN3aut12lns_strategy17dot_thread_kernelINS_3lns7lns4_r1ELNS_8bitwidth12compute_kindE0ELNS4_14storage_layoutE1ELi1ELNS0_12decoder_kindE6ELNS0_13multiply_kindE1EEEvNS0_12storage_viewIT_XT1_EEESB_mNS0_12table_bundleIXT0_EEEPNS4_14compute_traitsIXT0_EE4typeE
    0 bytes stack frame, 0 bytes spill stores, 0 bytes spill loads
ptxas info    : Used 26 registers, used 1 barriers
ptxas info    : Compile time = 5.501 ms
ptxas info    : Compiling entry function '_ZN3aut12lns_strategy18gemv_thread_kernelINS_3lns7lns4_r1ELNS_8bitwidth12compute_kindE0ELNS4_14storage_layoutE0ELi1ELNS0_12decoder_kindE6ELNS0_13multiply_kindE1EEEvNS0_12storage_viewIT_XT1_EEESB_mmNS0_12table_bundleIXT0_EEEPNS4_14compute_traitsIXT0_EE4typeE' for 'sm_90'
ptxas info    : Function properties for _ZN3aut12lns_strategy18gemv_thread_kernelINS_3lns7lns4_r1ELNS_8bitwidth12compute_kindE0ELNS4_14storage_layoutE0ELi1ELNS0_12decoder_kindE6ELNS0_13multiply_kindE1EEEvNS0_12storage_viewIT_XT1_EEESB_mmNS0_12table_bundleIXT0_EEEPNS4_14compute_traitsIXT0_EE4typeE
    0 bytes stack frame, 0 bytes spill stores, 0 bytes spill loads
ptxas info    : Used 23 registers, used 1 barriers
ptxas info    : Compile time = 6.525 ms
ptxas info    : Compiling entry function '_ZN3aut12lns_strategy17dot_thread_kernelINS_3lns7lns4_r1ELNS_8bitwidth12compute_kindE0ELNS4_14storage_layoutE0ELi1ELNS0_12decoder_kindE6ELNS0_13multiply_kindE1EEEvNS0_12storage_viewIT_XT1_EEESB_mNS0_12table_bundleIXT0_EEEPNS4_14compute_traitsIXT0_EE4typeE' for 'sm_90'
ptxas info    : Function properties for _ZN3aut12lns_strategy17dot_thread_kernelINS_3lns7lns4_r1ELNS_8bitwidth12compute_kindE0ELNS4_14storage_layoutE0ELi1ELNS0_12decoder_kindE6ELNS0_13multiply_kindE1EEEvNS0_12storage_viewIT_XT1_EEESB_mNS0_12table_bundleIXT0_EEEPNS4_14compute_traitsIXT0_EE4typeE
    0 bytes stack frame, 0 bytes spill stores, 0 bytes spill loads
ptxas info    : Used 26 registers, used 1 barriers
ptxas info    : Compile time = 5.846 ms
ptxas info    : Compiling entry function '_ZN3aut12lns_strategy23gemv_cooperative_kernelINS_3lns7lns4_r1ELNS_8bitwidth12compute_kindE0ELNS0_12decoder_kindE6ELNS0_13multiply_kindE0EEEvPKjS9_mmNS0_12table_bundleIXT0_EEEPNS4_14compute_traitsIXT0_EE4typeE' for 'sm_90'
ptxas info    : Function properties for _ZN3aut12lns_strategy23gemv_cooperative_kernelINS_3lns7lns4_r1ELNS_8bitwidth12compute_kindE0ELNS0_12decoder_kindE6ELNS0_13multiply_kindE0EEEvPKjS9_mmNS0_12table_bundleIXT0_EEEPNS4_14compute_traitsIXT0_EE4typeE
    0 bytes stack frame, 0 bytes spill stores, 0 bytes spill loads
ptxas info    : Used 27 registers, used 1 barriers
ptxas info    : Compile time = 7.591 ms
ptxas info    : Compiling entry function '_ZN3aut12lns_strategy22dot_cooperative_kernelINS_3lns7lns4_r1ELNS_8bitwidth12compute_kindE0ELNS0_12decoder_kindE6ELNS0_13multiply_kindE0EEEvPKjS9_mNS0_12table_bundleIXT0_EEEPNS4_14compute_traitsIXT0_EE4typeE' for 'sm_90'
ptxas info    : Function properties for _ZN3aut12lns_strategy22dot_cooperative_kernelINS_3lns7lns4_r1ELNS_8bitwidth12compute_kindE0ELNS0_12decoder_kindE6ELNS0_13multiply_kindE0EEEvPKjS9_mNS0_12table_bundleIXT0_EEEPNS4_14compute_traitsIXT0_EE4typeE
    0 bytes stack frame, 0 bytes spill stores, 0 bytes spill loads
ptxas info    : Used 26 registers, used 1 barriers
ptxas info    : Compile time = 7.461 ms
ptxas info    : Compiling entry function '_ZN3aut12lns_strategy18gemv_thread_kernelINS_3lns7lns4_r1ELNS_8bitwidth12compute_kindE0ELNS4_14storage_layoutE1ELi8ELNS0_12decoder_kindE6ELNS0_13multiply_kindE0EEEvNS0_12storage_viewIT_XT1_EEESB_mmNS0_12table_bundleIXT0_EEEPNS4_14compute_traitsIXT0_EE4typeE' for 'sm_90'
ptxas info    : Function properties for _ZN3aut12lns_strategy18gemv_thread_kernelINS_3lns7lns4_r1ELNS_8bitwidth12compute_kindE0ELNS4_14storage_layoutE1ELi8ELNS0_12decoder_kindE6ELNS0_13multiply_kindE0EEEvNS0_12storage_viewIT_XT1_EEESB_mmNS0_12table_bundleIXT0_EEEPNS4_14compute_traitsIXT0_EE4typeE
    0 bytes stack frame, 0 bytes spill stores, 0 bytes spill loads
ptxas info    : Used 37 registers, used 1 barriers
ptxas info    : Compile time = 26.375 ms
ptxas info    : Compiling entry function '_ZN3aut12lns_strategy17dot_thread_kernelINS_3lns7lns4_r1ELNS_8bitwidth12compute_kindE0ELNS4_14storage_layoutE1ELi8ELNS0_12decoder_kindE6ELNS0_13multiply_kindE0EEEvNS0_12storage_viewIT_XT1_EEESB_mNS0_12table_bundleIXT0_EEEPNS4_14compute_traitsIXT0_EE4typeE' for 'sm_90'
ptxas info    : Function properties for _ZN3aut12lns_strategy17dot_thread_kernelINS_3lns7lns4_r1ELNS_8bitwidth12compute_kindE0ELNS4_14storage_layoutE1ELi8ELNS0_12decoder_kindE6ELNS0_13multiply_kindE0EEEvNS0_12storage_viewIT_XT1_EEESB_mNS0_12table_bundleIXT0_EEEPNS4_14compute_traitsIXT0_EE4typeE
    0 bytes stack frame, 0 bytes spill stores, 0 bytes spill loads
ptxas info    : Used 39 registers, used 1 barriers
ptxas info    : Compile time = 26.384 ms
ptxas info    : Compiling entry function '_ZN3aut12lns_strategy18gemv_thread_kernelINS_3lns7lns4_r1ELNS_8bitwidth12compute_kindE0ELNS4_14storage_layoutE1ELi4ELNS0_12decoder_kindE6ELNS0_13multiply_kindE0EEEvNS0_12storage_viewIT_XT1_EEESB_mmNS0_12table_bundleIXT0_EEEPNS4_14compute_traitsIXT0_EE4typeE' for 'sm_90'
ptxas info    : Function properties for _ZN3aut12lns_strategy18gemv_thread_kernelINS_3lns7lns4_r1ELNS_8bitwidth12compute_kindE0ELNS4_14storage_layoutE1ELi4ELNS0_12decoder_kindE6ELNS0_13multiply_kindE0EEEvNS0_12storage_viewIT_XT1_EEESB_mmNS0_12table_bundleIXT0_EEEPNS4_14compute_traitsIXT0_EE4typeE
    0 bytes stack frame, 0 bytes spill stores, 0 bytes spill loads
ptxas info    : Used 28 registers, used 1 barriers
ptxas info    : Compile time = 14.718 ms
ptxas info    : Compiling entry function '_ZN3aut12lns_strategy17dot_thread_kernelINS_3lns7lns4_r1ELNS_8bitwidth12compute_kindE0ELNS4_14storage_layoutE1ELi4ELNS0_12decoder_kindE6ELNS0_13multiply_kindE0EEEvNS0_12storage_viewIT_XT1_EEESB_mNS0_12table_bundleIXT0_EEEPNS4_14compute_traitsIXT0_EE4typeE' for 'sm_90'
ptxas info    : Function properties for _ZN3aut12lns_strategy17dot_thread_kernelINS_3lns7lns4_r1ELNS_8bitwidth12compute_kindE0ELNS4_14storage_layoutE1ELi4ELNS0_12decoder_kindE6ELNS0_13multiply_kindE0EEEvNS0_12storage_viewIT_XT1_EEESB_mNS0_12table_bundleIXT0_EEEPNS4_14compute_traitsIXT0_EE4typeE
    0 bytes stack frame, 0 bytes spill stores, 0 bytes spill loads
ptxas info    : Used 33 registers, used 1 barriers
ptxas info    : Compile time = 15.041 ms
ptxas info    : Compiling entry function '_ZN3aut12lns_strategy18gemv_thread_kernelINS_3lns7lns4_r1ELNS_8bitwidth12compute_kindE0ELNS4_14storage_layoutE1ELi2ELNS0_12decoder_kindE6ELNS0_13multiply_kindE0EEEvNS0_12storage_viewIT_XT1_EEESB_mmNS0_12table_bundleIXT0_EEEPNS4_14compute_traitsIXT0_EE4typeE' for 'sm_90'
ptxas info    : Function properties for _ZN3aut12lns_strategy18gemv_thread_kernelINS_3lns7lns4_r1ELNS_8bitwidth12compute_kindE0ELNS4_14storage_layoutE1ELi2ELNS0_12decoder_kindE6ELNS0_13multiply_kindE0EEEvNS0_12storage_viewIT_XT1_EEESB_mmNS0_12table_bundleIXT0_EEEPNS4_14compute_traitsIXT0_EE4typeE
    0 bytes stack frame, 0 bytes spill stores, 0 bytes spill loads
ptxas info    : Used 25 registers, used 1 barriers
ptxas info    : Compile time = 9.395 ms
ptxas info    : Compiling entry function '_ZN3aut12lns_strategy17dot_thread_kernelINS_3lns7lns4_r1ELNS_8bitwidth12compute_kindE0ELNS4_14storage_layoutE1ELi2ELNS0_12decoder_kindE6ELNS0_13multiply_kindE0EEEvNS0_12storage_viewIT_XT1_EEESB_mNS0_12table_bundleIXT0_EEEPNS4_14compute_traitsIXT0_EE4typeE' for 'sm_90'
ptxas info    : Function properties for _ZN3aut12lns_strategy17dot_thread_kernelINS_3lns7lns4_r1ELNS_8bitwidth12compute_kindE0ELNS4_14storage_layoutE1ELi2ELNS0_12decoder_kindE6ELNS0_13multiply_kindE0EEEvNS0_12storage_viewIT_XT1_EEESB_mNS0_12table_bundleIXT0_EEEPNS4_14compute_traitsIXT0_EE4typeE
    0 bytes stack frame, 0 bytes spill stores, 0 bytes spill loads
ptxas info    : Used 29 registers, used 1 barriers
ptxas info    : Compile time = 9.513 ms
ptxas info    : Compiling entry function '_ZN3aut12lns_strategy18gemv_thread_kernelINS_3lns7lns4_r1ELNS_8bitwidth12compute_kindE0ELNS4_14storage_layoutE0ELi8ELNS0_12decoder_kindE6ELNS0_13multiply_kindE0EEEvNS0_12storage_viewIT_XT1_EEESB_mmNS0_12table_bundleIXT0_EEEPNS4_14compute_traitsIXT0_EE4typeE' for 'sm_90'
ptxas info    : Function properties for _ZN3aut12lns_strategy18gemv_thread_kernelINS_3lns7lns4_r1ELNS_8bitwidth12compute_kindE0ELNS4_14storage_layoutE0ELi8ELNS0_12decoder_kindE6ELNS0_13multiply_kindE0EEEvNS0_12storage_viewIT_XT1_EEESB_mmNS0_12table_bundleIXT0_EEEPNS4_14compute_traitsIXT0_EE4typeE
    0 bytes stack frame, 0 bytes spill stores, 0 bytes spill loads
ptxas info    : Used 48 registers, used 1 barriers
ptxas info    : Compile time = 30.493 ms
ptxas info    : Compiling entry function '_ZN3aut12lns_strategy17dot_thread_kernelINS_3lns7lns4_r1ELNS_8bitwidth12compute_kindE0ELNS4_14storage_layoutE0ELi8ELNS0_12decoder_kindE6ELNS0_13multiply_kindE0EEEvNS0_12storage_viewIT_XT1_EEESB_mNS0_12table_bundleIXT0_EEEPNS4_14compute_traitsIXT0_EE4typeE' for 'sm_90'
ptxas info    : Function properties for _ZN3aut12lns_strategy17dot_thread_kernelINS_3lns7lns4_r1ELNS_8bitwidth12compute_kindE0ELNS4_14storage_layoutE0ELi8ELNS0_12decoder_kindE6ELNS0_13multiply_kindE0EEEvNS0_12storage_viewIT_XT1_EEESB_mNS0_12table_bundleIXT0_EEEPNS4_14compute_traitsIXT0_EE4typeE
    0 bytes stack frame, 0 bytes spill stores, 0 bytes spill loads
ptxas info    : Used 29 registers, used 1 barriers
ptxas info    : Compile time = 26.395 ms
ptxas info    : Compiling entry function '_ZN3aut12lns_strategy18gemv_thread_kernelINS_3lns7lns4_r1ELNS_8bitwidth12compute_kindE0ELNS4_14storage_layoutE0ELi4ELNS0_12decoder_kindE6ELNS0_13multiply_kindE0EEEvNS0_12storage_viewIT_XT1_EEESB_mmNS0_12table_bundleIXT0_EEEPNS4_14compute_traitsIXT0_EE4typeE' for 'sm_90'
ptxas info    : Function properties for _ZN3aut12lns_strategy18gemv_thread_kernelINS_3lns7lns4_r1ELNS_8bitwidth12compute_kindE0ELNS4_14storage_layoutE0ELi4ELNS0_12decoder_kindE6ELNS0_13multiply_kindE0EEEvNS0_12storage_viewIT_XT1_EEESB_mmNS0_12table_bundleIXT0_EEEPNS4_14compute_traitsIXT0_EE4typeE
    0 bytes stack frame, 0 bytes spill stores, 0 bytes spill loads
ptxas info    : Used 37 registers, used 1 barriers
ptxas info    : Compile time = 16.782 ms
ptxas info    : Compiling entry function '_ZN3aut12lns_strategy17dot_thread_kernelINS_3lns7lns4_r1ELNS_8bitwidth12compute_kindE0ELNS4_14storage_layoutE0ELi4ELNS0_12decoder_kindE6ELNS0_13multiply_kindE0EEEvNS0_12storage_viewIT_XT1_EEESB_mNS0_12table_bundleIXT0_EEEPNS4_14compute_traitsIXT0_EE4typeE' for 'sm_90'
ptxas info    : Function properties for _ZN3aut12lns_strategy17dot_thread_kernelINS_3lns7lns4_r1ELNS_8bitwidth12compute_kindE0ELNS4_14storage_layoutE0ELi4ELNS0_12decoder_kindE6ELNS0_13multiply_kindE0EEEvNS0_12storage_viewIT_XT1_EEESB_mNS0_12table_bundleIXT0_EEEPNS4_14compute_traitsIXT0_EE4typeE
    0 bytes stack frame, 0 bytes spill stores, 0 bytes spill loads
ptxas info    : Used 32 registers, used 1 barriers
ptxas info    : Compile time = 16.426 ms
ptxas info    : Compiling entry function '_ZN3aut12lns_strategy18gemv_thread_kernelINS_3lns7lns4_r1ELNS_8bitwidth12compute_kindE0ELNS4_14storage_layoutE0ELi2ELNS0_12decoder_kindE6ELNS0_13multiply_kindE0EEEvNS0_12storage_viewIT_XT1_EEESB_mmNS0_12table_bundleIXT0_EEEPNS4_14compute_traitsIXT0_EE4typeE' for 'sm_90'
ptxas info    : Function properties for _ZN3aut12lns_strategy18gemv_thread_kernelINS_3lns7lns4_r1ELNS_8bitwidth12compute_kindE0ELNS4_14storage_layoutE0ELi2ELNS0_12decoder_kindE6ELNS0_13multiply_kindE0EEEvNS0_12storage_viewIT_XT1_EEESB_mmNS0_12table_bundleIXT0_EEEPNS4_14compute_traitsIXT0_EE4typeE
    0 bytes stack frame, 0 bytes spill stores, 0 bytes spill loads
ptxas info    : Used 32 registers, used 1 barriers
ptxas info    : Compile time = 10.252 ms
ptxas info    : Compiling entry function '_ZN3aut12lns_strategy17dot_thread_kernelINS_3lns7lns4_r1ELNS_8bitwidth12compute_kindE0ELNS4_14storage_layoutE0ELi2ELNS0_12decoder_kindE6ELNS0_13multiply_kindE0EEEvNS0_12storage_viewIT_XT1_EEESB_mNS0_12table_bundleIXT0_EEEPNS4_14compute_traitsIXT0_EE4typeE' for 'sm_90'
ptxas info    : Function properties for _ZN3aut12lns_strategy17dot_thread_kernelINS_3lns7lns4_r1ELNS_8bitwidth12compute_kindE0ELNS4_14storage_layoutE0ELi2ELNS0_12decoder_kindE6ELNS0_13multiply_kindE0EEEvNS0_12storage_viewIT_XT1_EEESB_mNS0_12table_bundleIXT0_EEEPNS4_14compute_traitsIXT0_EE4typeE
    0 bytes stack frame, 0 bytes spill stores, 0 bytes spill loads
ptxas info    : Used 32 registers, used 1 barriers
ptxas info    : Compile time = 10.098 ms
ptxas info    : Compiling entry function '_ZN3aut12lns_strategy18gemv_thread_kernelINS_3lns7lns4_r1ELNS_8bitwidth12compute_kindE0ELNS4_14storage_layoutE1ELi1ELNS0_12decoder_kindE6ELNS0_13multiply_kindE0EEEvNS0_12storage_viewIT_XT1_EEESB_mmNS0_12table_bundleIXT0_EEEPNS4_14compute_traitsIXT0_EE4typeE' for 'sm_90'
ptxas info    : Function properties for _ZN3aut12lns_strategy18gemv_thread_kernelINS_3lns7lns4_r1ELNS_8bitwidth12compute_kindE0ELNS4_14storage_layoutE1ELi1ELNS0_12decoder_kindE6ELNS0_13multiply_kindE0EEEvNS0_12storage_viewIT_XT1_EEESB_mmNS0_12table_bundleIXT0_EEEPNS4_14compute_traitsIXT0_EE4typeE
    0 bytes stack frame, 0 bytes spill stores, 0 bytes spill loads
ptxas info    : Used 23 registers, used 1 barriers
ptxas info    : Compile time = 6.485 ms
ptxas info    : Compiling entry function '_ZN3aut12lns_strategy17dot_thread_kernelINS_3lns7lns4_r1ELNS_8bitwidth12compute_kindE0ELNS4_14storage_layoutE1ELi1ELNS0_12decoder_kindE6ELNS0_13multiply_kindE0EEEvNS0_12storage_viewIT_XT1_EEESB_mNS0_12table_bundleIXT0_EEEPNS4_14compute_traitsIXT0_EE4typeE' for 'sm_90'
ptxas info    : Function properties for _ZN3aut12lns_strategy17dot_thread_kernelINS_3lns7lns4_r1ELNS_8bitwidth12compute_kindE0ELNS4_14storage_layoutE1ELi1ELNS0_12decoder_kindE6ELNS0_13multiply_kindE0EEEvNS0_12storage_viewIT_XT1_EEESB_mNS0_12table_bundleIXT0_EEEPNS4_14compute_traitsIXT0_EE4typeE
    0 bytes stack frame, 0 bytes spill stores, 0 bytes spill loads
ptxas info    : Used 26 registers, used 1 barriers
ptxas info    : Compile time = 6.350 ms
ptxas info    : Compiling entry function '_ZN3aut12lns_strategy18gemv_thread_kernelINS_3lns7lns4_r1ELNS_8bitwidth12compute_kindE0ELNS4_14storage_layoutE0ELi1ELNS0_12decoder_kindE6ELNS0_13multiply_kindE0EEEvNS0_12storage_viewIT_XT1_EEESB_mmNS0_12table_bundleIXT0_EEEPNS4_14compute_traitsIXT0_EE4typeE' for 'sm_90'
ptxas info    : Function properties for _ZN3aut12lns_strategy18gemv_thread_kernelINS_3lns7lns4_r1ELNS_8bitwidth12compute_kindE0ELNS4_14storage_layoutE0ELi1ELNS0_12decoder_kindE6ELNS0_13multiply_kindE0EEEvNS0_12storage_viewIT_XT1_EEESB_mmNS0_12table_bundleIXT0_EEEPNS4_14compute_traitsIXT0_EE4typeE
    0 bytes stack frame, 0 bytes spill stores, 0 bytes spill loads
ptxas info    : Used 23 registers, used 1 barriers
ptxas info    : Compile time = 6.884 ms
ptxas info    : Compiling entry function '_ZN3aut12lns_strategy17dot_thread_kernelINS_3lns7lns4_r1ELNS_8bitwidth12compute_kindE0ELNS4_14storage_layoutE0ELi1ELNS0_12decoder_kindE6ELNS0_13multiply_kindE0EEEvNS0_12storage_viewIT_XT1_EEESB_mNS0_12table_bundleIXT0_EEEPNS4_14compute_traitsIXT0_EE4typeE' for 'sm_90'
ptxas info    : Function properties for _ZN3aut12lns_strategy17dot_thread_kernelINS_3lns7lns4_r1ELNS_8bitwidth12compute_kindE0ELNS4_14storage_layoutE0ELi1ELNS0_12decoder_kindE6ELNS0_13multiply_kindE0EEEvNS0_12storage_viewIT_XT1_EEESB_mNS0_12table_bundleIXT0_EEEPNS4_14compute_traitsIXT0_EE4typeE
    0 bytes stack frame, 0 bytes spill stores, 0 bytes spill loads
ptxas info    : Used 24 registers, used 1 barriers
ptxas info    : Compile time = 6.682 ms
ptxas info    : Compiling entry function '_ZN3aut12lns_strategy23gemv_cooperative_kernelINS_3lns7lns4_r1ELNS_8bitwidth12compute_kindE0ELNS0_12decoder_kindE5ELNS0_13multiply_kindE1EEEvPKjS9_mmNS0_12table_bundleIXT0_EEEPNS4_14compute_traitsIXT0_EE4typeE' for 'sm_90'
ptxas info    : Function properties for _ZN3aut12lns_strategy23gemv_cooperative_kernelINS_3lns7lns4_r1ELNS_8bitwidth12compute_kindE0ELNS0_12decoder_kindE5ELNS0_13multiply_kindE1EEEvPKjS9_mmNS0_12table_bundleIXT0_EEEPNS4_14compute_traitsIXT0_EE4typeE
    0 bytes stack frame, 0 bytes spill stores, 0 bytes spill loads
ptxas info    : Used 23 registers, used 1 barriers
ptxas info    : Compile time = 6.874 ms
ptxas info    : Compiling entry function '_ZN3aut12lns_strategy22dot_cooperative_kernelINS_3lns7lns4_r1ELNS_8bitwidth12compute_kindE0ELNS0_12decoder_kindE5ELNS0_13multiply_kindE1EEEvPKjS9_mNS0_12table_bundleIXT0_EEEPNS4_14compute_traitsIXT0_EE4typeE' for 'sm_90'
ptxas info    : Function properties for _ZN3aut12lns_strategy22dot_cooperative_kernelINS_3lns7lns4_r1ELNS_8bitwidth12compute_kindE0ELNS0_12decoder_kindE5ELNS0_13multiply_kindE1EEEvPKjS9_mNS0_12table_bundleIXT0_EEEPNS4_14compute_traitsIXT0_EE4typeE
    0 bytes stack frame, 0 bytes spill stores, 0 bytes spill loads
ptxas info    : Used 21 registers, used 1 barriers
ptxas info    : Compile time = 6.778 ms
ptxas info    : Compiling entry function '_ZN3aut12lns_strategy18gemv_thread_kernelINS_3lns7lns4_r1ELNS_8bitwidth12compute_kindE0ELNS4_14storage_layoutE1ELi8ELNS0_12decoder_kindE5ELNS0_13multiply_kindE1EEEvNS0_12storage_viewIT_XT1_EEESB_mmNS0_12table_bundleIXT0_EEEPNS4_14compute_traitsIXT0_EE4typeE' for 'sm_90'
ptxas info    : Function properties for _ZN3aut12lns_strategy18gemv_thread_kernelINS_3lns7lns4_r1ELNS_8bitwidth12compute_kindE0ELNS4_14storage_layoutE1ELi8ELNS0_12decoder_kindE5ELNS0_13multiply_kindE1EEEvNS0_12storage_viewIT_XT1_EEESB_mmNS0_12table_bundleIXT0_EEEPNS4_14compute_traitsIXT0_EE4typeE
    0 bytes stack frame, 0 bytes spill stores, 0 bytes spill loads
ptxas info    : Used 36 registers, used 1 barriers
ptxas info    : Compile time = 17.176 ms
ptxas info    : Compiling entry function '_ZN3aut12lns_strategy17dot_thread_kernelINS_3lns7lns4_r1ELNS_8bitwidth12compute_kindE0ELNS4_14storage_layoutE1ELi8ELNS0_12decoder_kindE5ELNS0_13multiply_kindE1EEEvNS0_12storage_viewIT_XT1_EEESB_mNS0_12table_bundleIXT0_EEEPNS4_14compute_traitsIXT0_EE4typeE' for 'sm_90'
ptxas info    : Function properties for _ZN3aut12lns_strategy17dot_thread_kernelINS_3lns7lns4_r1ELNS_8bitwidth12compute_kindE0ELNS4_14storage_layoutE1ELi8ELNS0_12decoder_kindE5ELNS0_13multiply_kindE1EEEvNS0_12storage_viewIT_XT1_EEESB_mNS0_12table_bundleIXT0_EEEPNS4_14compute_traitsIXT0_EE4typeE
    0 bytes stack frame, 0 bytes spill stores, 0 bytes spill loads
ptxas info    : Used 38 registers, used 1 barriers
ptxas info    : Compile time = 17.429 ms
ptxas info    : Compiling entry function '_ZN3aut12lns_strategy18gemv_thread_kernelINS_3lns7lns4_r1ELNS_8bitwidth12compute_kindE0ELNS4_14storage_layoutE1ELi4ELNS0_12decoder_kindE5ELNS0_13multiply_kindE1EEEvNS0_12storage_viewIT_XT1_EEESB_mmNS0_12table_bundleIXT0_EEEPNS4_14compute_traitsIXT0_EE4typeE' for 'sm_90'
ptxas info    : Function properties for _ZN3aut12lns_strategy18gemv_thread_kernelINS_3lns7lns4_r1ELNS_8bitwidth12compute_kindE0ELNS4_14storage_layoutE1ELi4ELNS0_12decoder_kindE5ELNS0_13multiply_kindE1EEEvNS0_12storage_viewIT_XT1_EEESB_mmNS0_12table_bundleIXT0_EEEPNS4_14compute_traitsIXT0_EE4typeE
    0 bytes stack frame, 0 bytes spill stores, 0 bytes spill loads
ptxas info    : Used 24 registers, used 1 barriers
ptxas info    : Compile time = 10.419 ms
ptxas info    : Compiling entry function '_ZN3aut12lns_strategy17dot_thread_kernelINS_3lns7lns4_r1ELNS_8bitwidth12compute_kindE0ELNS4_14storage_layoutE1ELi4ELNS0_12decoder_kindE5ELNS0_13multiply_kindE1EEEvNS0_12storage_viewIT_XT1_EEESB_mNS0_12table_bundleIXT0_EEEPNS4_14compute_traitsIXT0_EE4typeE' for 'sm_90'
ptxas info    : Function properties for _ZN3aut12lns_strategy17dot_thread_kernelINS_3lns7lns4_r1ELNS_8bitwidth12compute_kindE0ELNS4_14storage_layoutE1ELi4ELNS0_12decoder_kindE5ELNS0_13multiply_kindE1EEEvNS0_12storage_viewIT_XT1_EEESB_mNS0_12table_bundleIXT0_EEEPNS4_14compute_traitsIXT0_EE4typeE
    0 bytes stack frame, 0 bytes spill stores, 0 bytes spill loads
ptxas info    : Used 28 registers, used 1 barriers
ptxas info    : Compile time = 10.533 ms
ptxas info    : Compiling entry function '_ZN3aut12lns_strategy18gemv_thread_kernelINS_3lns7lns4_r1ELNS_8bitwidth12compute_kindE0ELNS4_14storage_layoutE1ELi2ELNS0_12decoder_kindE5ELNS0_13multiply_kindE1EEEvNS0_12storage_viewIT_XT1_EEESB_mmNS0_12table_bundleIXT0_EEEPNS4_14compute_traitsIXT0_EE4typeE' for 'sm_90'
ptxas info    : Function properties for _ZN3aut12lns_strategy18gemv_thread_kernelINS_3lns7lns4_r1ELNS_8bitwidth12compute_kindE0ELNS4_14storage_layoutE1ELi2ELNS0_12decoder_kindE5ELNS0_13multiply_kindE1EEEvNS0_12storage_viewIT_XT1_EEESB_mmNS0_12table_bundleIXT0_EEEPNS4_14compute_traitsIXT0_EE4typeE
    0 bytes stack frame, 0 bytes spill stores, 0 bytes spill loads
ptxas info    : Used 20 registers, used 1 barriers
ptxas info    : Compile time = 7.289 ms
ptxas info    : Compiling entry function '_ZN3aut12lns_strategy17dot_thread_kernelINS_3lns7lns4_r1ELNS_8bitwidth12compute_kindE0ELNS4_14storage_layoutE1ELi2ELNS0_12decoder_kindE5ELNS0_13multiply_kindE1EEEvNS0_12storage_viewIT_XT1_EEESB_mNS0_12table_bundleIXT0_EEEPNS4_14compute_traitsIXT0_EE4typeE' for 'sm_90'
ptxas info    : Function properties for _ZN3aut12lns_strategy17dot_thread_kernelINS_3lns7lns4_r1ELNS_8bitwidth12compute_kindE0ELNS4_14storage_layoutE1ELi2ELNS0_12decoder_kindE5ELNS0_13multiply_kindE1EEEvNS0_12storage_viewIT_XT1_EEESB_mNS0_12table_bundleIXT0_EEEPNS4_14compute_traitsIXT0_EE4typeE
    0 bytes stack frame, 0 bytes spill stores, 0 bytes spill loads
ptxas info    : Used 26 registers, used 1 barriers
ptxas info    : Compile time = 7.335 ms
ptxas info    : Compiling entry function '_ZN3aut12lns_strategy18gemv_thread_kernelINS_3lns7lns4_r1ELNS_8bitwidth12compute_kindE0ELNS4_14storage_layoutE0ELi8ELNS0_12decoder_kindE5ELNS0_13multiply_kindE1EEEvNS0_12storage_viewIT_XT1_EEESB_mmNS0_12table_bundleIXT0_EEEPNS4_14compute_traitsIXT0_EE4typeE' for 'sm_90'
ptxas info    : Function properties for _ZN3aut12lns_strategy18gemv_thread_kernelINS_3lns7lns4_r1ELNS_8bitwidth12compute_kindE0ELNS4_14storage_layoutE0ELi8ELNS0_12decoder_kindE5ELNS0_13multiply_kindE1EEEvNS0_12storage_viewIT_XT1_EEESB_mmNS0_12table_bundleIXT0_EEEPNS4_14compute_traitsIXT0_EE4typeE
    0 bytes stack frame, 0 bytes spill stores, 0 bytes spill loads
ptxas info    : Used 48 registers, used 1 barriers
ptxas info    : Compile time = 20.487 ms
ptxas info    : Compiling entry function '_ZN3aut12lns_strategy17dot_thread_kernelINS_3lns7lns4_r1ELNS_8bitwidth12compute_kindE0ELNS4_14storage_layoutE0ELi8ELNS0_12decoder_kindE5ELNS0_13multiply_kindE1EEEvNS0_12storage_viewIT_XT1_EEESB_mNS0_12table_bundleIXT0_EEEPNS4_14compute_traitsIXT0_EE4typeE' for 'sm_90'
ptxas info    : Function properties for _ZN3aut12lns_strategy17dot_thread_kernelINS_3lns7lns4_r1ELNS_8bitwidth12compute_kindE0ELNS4_14storage_layoutE0ELi8ELNS0_12decoder_kindE5ELNS0_13multiply_kindE1EEEvNS0_12storage_viewIT_XT1_EEESB_mNS0_12table_bundleIXT0_EEEPNS4_14compute_traitsIXT0_EE4typeE
    0 bytes stack frame, 0 bytes spill stores, 0 bytes spill loads
ptxas info    : Used 51 registers, used 1 barriers
ptxas info    : Compile time = 17.048 ms
ptxas info    : Compiling entry function '_ZN3aut12lns_strategy18gemv_thread_kernelINS_3lns7lns4_r1ELNS_8bitwidth12compute_kindE0ELNS4_14storage_layoutE0ELi4ELNS0_12decoder_kindE5ELNS0_13multiply_kindE1EEEvNS0_12storage_viewIT_XT1_EEESB_mmNS0_12table_bundleIXT0_EEEPNS4_14compute_traitsIXT0_EE4typeE' for 'sm_90'
ptxas info    : Function properties for _ZN3aut12lns_strategy18gemv_thread_kernelINS_3lns7lns4_r1ELNS_8bitwidth12compute_kindE0ELNS4_14storage_layoutE0ELi4ELNS0_12decoder_kindE5ELNS0_13multiply_kindE1EEEvNS0_12storage_viewIT_XT1_EEESB_mmNS0_12table_bundleIXT0_EEEPNS4_14compute_traitsIXT0_EE4typeE
    0 bytes stack frame, 0 bytes spill stores, 0 bytes spill loads
ptxas info    : Used 32 registers, used 1 barriers
ptxas info    : Compile time = 12.688 ms
ptxas info    : Compiling entry function '_ZN3aut12lns_strategy17dot_thread_kernelINS_3lns7lns4_r1ELNS_8bitwidth12compute_kindE0ELNS4_14storage_layoutE0ELi4ELNS0_12decoder_kindE5ELNS0_13multiply_kindE1EEEvNS0_12storage_viewIT_XT1_EEESB_mNS0_12table_bundleIXT0_EEEPNS4_14compute_traitsIXT0_EE4typeE' for 'sm_90'
ptxas info    : Function properties for _ZN3aut12lns_strategy17dot_thread_kernelINS_3lns7lns4_r1ELNS_8bitwidth12compute_kindE0ELNS4_14storage_layoutE0ELi4ELNS0_12decoder_kindE5ELNS0_13multiply_kindE1EEEvNS0_12storage_viewIT_XT1_EEESB_mNS0_12table_bundleIXT0_EEEPNS4_14compute_traitsIXT0_EE4typeE
    0 bytes stack frame, 0 bytes spill stores, 0 bytes spill loads
ptxas info    : Used 32 registers, used 1 barriers
ptxas info    : Compile time = 12.295 ms
ptxas info    : Compiling entry function '_ZN3aut12lns_strategy18gemv_thread_kernelINS_3lns7lns4_r1ELNS_8bitwidth12compute_kindE0ELNS4_14storage_layoutE0ELi2ELNS0_12decoder_kindE5ELNS0_13multiply_kindE1EEEvNS0_12storage_viewIT_XT1_EEESB_mmNS0_12table_bundleIXT0_EEEPNS4_14compute_traitsIXT0_EE4typeE' for 'sm_90'
ptxas info    : Function properties for _ZN3aut12lns_strategy18gemv_thread_kernelINS_3lns7lns4_r1ELNS_8bitwidth12compute_kindE0ELNS4_14storage_layoutE0ELi2ELNS0_12decoder_kindE5ELNS0_13multiply_kindE1EEEvNS0_12storage_viewIT_XT1_EEESB_mmNS0_12table_bundleIXT0_EEEPNS4_14compute_traitsIXT0_EE4typeE
    0 bytes stack frame, 0 bytes spill stores, 0 bytes spill loads
ptxas info    : Used 31 registers, used 1 barriers
ptxas info    : Compile time = 8.248 ms
ptxas info    : Compiling entry function '_ZN3aut12lns_strategy17dot_thread_kernelINS_3lns7lns4_r1ELNS_8bitwidth12compute_kindE0ELNS4_14storage_layoutE0ELi2ELNS0_12decoder_kindE5ELNS0_13multiply_kindE1EEEvNS0_12storage_viewIT_XT1_EEESB_mNS0_12table_bundleIXT0_EEEPNS4_14compute_traitsIXT0_EE4typeE' for 'sm_90'
ptxas info    : Function properties for _ZN3aut12lns_strategy17dot_thread_kernelINS_3lns7lns4_r1ELNS_8bitwidth12compute_kindE0ELNS4_14storage_layoutE0ELi2ELNS0_12decoder_kindE5ELNS0_13multiply_kindE1EEEvNS0_12storage_viewIT_XT1_EEESB_mNS0_12table_bundleIXT0_EEEPNS4_14compute_traitsIXT0_EE4typeE
    0 bytes stack frame, 0 bytes spill stores, 0 bytes spill loads
ptxas info    : Used 32 registers, used 1 barriers
ptxas info    : Compile time = 8.068 ms
ptxas info    : Compiling entry function '_ZN3aut12lns_strategy18gemv_thread_kernelINS_3lns7lns4_r1ELNS_8bitwidth12compute_kindE0ELNS4_14storage_layoutE1ELi1ELNS0_12decoder_kindE5ELNS0_13multiply_kindE1EEEvNS0_12storage_viewIT_XT1_EEESB_mmNS0_12table_bundleIXT0_EEEPNS4_14compute_traitsIXT0_EE4typeE' for 'sm_90'
ptxas info    : Function properties for _ZN3aut12lns_strategy18gemv_thread_kernelINS_3lns7lns4_r1ELNS_8bitwidth12compute_kindE0ELNS4_14storage_layoutE1ELi1ELNS0_12decoder_kindE5ELNS0_13multiply_kindE1EEEvNS0_12storage_viewIT_XT1_EEESB_mmNS0_12table_bundleIXT0_EEEPNS4_14compute_traitsIXT0_EE4typeE
    0 bytes stack frame, 0 bytes spill stores, 0 bytes spill loads
ptxas info    : Used 19 registers, used 1 barriers
ptxas info    : Compile time = 5.458 ms
ptxas info    : Compiling entry function '_ZN3aut12lns_strategy17dot_thread_kernelINS_3lns7lns4_r1ELNS_8bitwidth12compute_kindE0ELNS4_14storage_layoutE1ELi1ELNS0_12decoder_kindE5ELNS0_13multiply_kindE1EEEvNS0_12storage_viewIT_XT1_EEESB_mNS0_12table_bundleIXT0_EEEPNS4_14compute_traitsIXT0_EE4typeE' for 'sm_90'
ptxas info    : Function properties for _ZN3aut12lns_strategy17dot_thread_kernelINS_3lns7lns4_r1ELNS_8bitwidth12compute_kindE0ELNS4_14storage_layoutE1ELi1ELNS0_12decoder_kindE5ELNS0_13multiply_kindE1EEEvNS0_12storage_viewIT_XT1_EEESB_mNS0_12table_bundleIXT0_EEEPNS4_14compute_traitsIXT0_EE4typeE
    0 bytes stack frame, 0 bytes spill stores, 0 bytes spill loads
ptxas info    : Used 20 registers, used 1 barriers
ptxas info    : Compile time = 5.301 ms
ptxas info    : Compiling entry function '_ZN3aut12lns_strategy18gemv_thread_kernelINS_3lns7lns4_r1ELNS_8bitwidth12compute_kindE0ELNS4_14storage_layoutE0ELi1ELNS0_12decoder_kindE5ELNS0_13multiply_kindE1EEEvNS0_12storage_viewIT_XT1_EEESB_mmNS0_12table_bundleIXT0_EEEPNS4_14compute_traitsIXT0_EE4typeE' for 'sm_90'
ptxas info    : Function properties for _ZN3aut12lns_strategy18gemv_thread_kernelINS_3lns7lns4_r1ELNS_8bitwidth12compute_kindE0ELNS4_14storage_layoutE0ELi1ELNS0_12decoder_kindE5ELNS0_13multiply_kindE1EEEvNS0_12storage_viewIT_XT1_EEESB_mmNS0_12table_bundleIXT0_EEEPNS4_14compute_traitsIXT0_EE4typeE
    0 bytes stack frame, 0 bytes spill stores, 0 bytes spill loads
ptxas info    : Used 20 registers, used 1 barriers
ptxas info    : Compile time = 5.908 ms
ptxas info    : Compiling entry function '_ZN3aut12lns_strategy17dot_thread_kernelINS_3lns7lns4_r1ELNS_8bitwidth12compute_kindE0ELNS4_14storage_layoutE0ELi1ELNS0_12decoder_kindE5ELNS0_13multiply_kindE1EEEvNS0_12storage_viewIT_XT1_EEESB_mNS0_12table_bundleIXT0_EEEPNS4_14compute_traitsIXT0_EE4typeE' for 'sm_90'
ptxas info    : Function properties for _ZN3aut12lns_strategy17dot_thread_kernelINS_3lns7lns4_r1ELNS_8bitwidth12compute_kindE0ELNS4_14storage_layoutE0ELi1ELNS0_12decoder_kindE5ELNS0_13multiply_kindE1EEEvNS0_12storage_viewIT_XT1_EEESB_mNS0_12table_bundleIXT0_EEEPNS4_14compute_traitsIXT0_EE4typeE
    0 bytes stack frame, 0 bytes spill stores, 0 bytes spill loads
ptxas info    : Used 21 registers, used 1 barriers
ptxas info    : Compile time = 5.670 ms
ptxas info    : Compiling entry function '_ZN3aut12lns_strategy23gemv_cooperative_kernelINS_3lns7lns4_r1ELNS_8bitwidth12compute_kindE0ELNS0_12decoder_kindE5ELNS0_13multiply_kindE0EEEvPKjS9_mmNS0_12table_bundleIXT0_EEEPNS4_14compute_traitsIXT0_EE4typeE' for 'sm_90'
ptxas info    : Function properties for _ZN3aut12lns_strategy23gemv_cooperative_kernelINS_3lns7lns4_r1ELNS_8bitwidth12compute_kindE0ELNS0_12decoder_kindE5ELNS0_13multiply_kindE0EEEvPKjS9_mmNS0_12table_bundleIXT0_EEEPNS4_14compute_traitsIXT0_EE4typeE
    0 bytes stack frame, 0 bytes spill stores, 0 bytes spill loads
ptxas info    : Used 23 registers, used 1 barriers
ptxas info    : Compile time = 7.149 ms
ptxas info    : Compiling entry function '_ZN3aut12lns_strategy22dot_cooperative_kernelINS_3lns7lns4_r1ELNS_8bitwidth12compute_kindE0ELNS0_12decoder_kindE5ELNS0_13multiply_kindE0EEEvPKjS9_mNS0_12table_bundleIXT0_EEEPNS4_14compute_traitsIXT0_EE4typeE' for 'sm_90'
ptxas info    : Function properties for _ZN3aut12lns_strategy22dot_cooperative_kernelINS_3lns7lns4_r1ELNS_8bitwidth12compute_kindE0ELNS0_12decoder_kindE5ELNS0_13multiply_kindE0EEEvPKjS9_mNS0_12table_bundleIXT0_EEEPNS4_14compute_traitsIXT0_EE4typeE
    0 bytes stack frame, 0 bytes spill stores, 0 bytes spill loads
ptxas info    : Used 22 registers, used 1 barriers
ptxas info    : Compile time = 7.073 ms
ptxas info    : Compiling entry function '_ZN3aut12lns_strategy18gemv_thread_kernelINS_3lns7lns4_r1ELNS_8bitwidth12compute_kindE0ELNS4_14storage_layoutE1ELi8ELNS0_12decoder_kindE5ELNS0_13multiply_kindE0EEEvNS0_12storage_viewIT_XT1_EEESB_mmNS0_12table_bundleIXT0_EEEPNS4_14compute_traitsIXT0_EE4typeE' for 'sm_90'
ptxas info    : Function properties for _ZN3aut12lns_strategy18gemv_thread_kernelINS_3lns7lns4_r1ELNS_8bitwidth12compute_kindE0ELNS4_14storage_layoutE1ELi8ELNS0_12decoder_kindE5ELNS0_13multiply_kindE0EEEvNS0_12storage_viewIT_XT1_EEESB_mmNS0_12table_bundleIXT0_EEEPNS4_14compute_traitsIXT0_EE4typeE
    0 bytes stack frame, 0 bytes spill stores, 0 bytes spill loads
ptxas info    : Used 34 registers, used 1 barriers
ptxas info    : Compile time = 19.543 ms
ptxas info    : Compiling entry function '_ZN3aut12lns_strategy17dot_thread_kernelINS_3lns7lns4_r1ELNS_8bitwidth12compute_kindE0ELNS4_14storage_layoutE1ELi8ELNS0_12decoder_kindE5ELNS0_13multiply_kindE0EEEvNS0_12storage_viewIT_XT1_EEESB_mNS0_12table_bundleIXT0_EEEPNS4_14compute_traitsIXT0_EE4typeE' for 'sm_90'
ptxas info    : Function properties for _ZN3aut12lns_strategy17dot_thread_kernelINS_3lns7lns4_r1ELNS_8bitwidth12compute_kindE0ELNS4_14storage_layoutE1ELi8ELNS0_12decoder_kindE5ELNS0_13multiply_kindE0EEEvNS0_12storage_viewIT_XT1_EEESB_mNS0_12table_bundleIXT0_EEEPNS4_14compute_traitsIXT0_EE4typeE
    0 bytes stack frame, 0 bytes spill stores, 0 bytes spill loads
ptxas info    : Used 35 registers, used 1 barriers
ptxas info    : Compile time = 19.783 ms
ptxas info    : Compiling entry function '_ZN3aut12lns_strategy18gemv_thread_kernelINS_3lns7lns4_r1ELNS_8bitwidth12compute_kindE0ELNS4_14storage_layoutE1ELi4ELNS0_12decoder_kindE5ELNS0_13multiply_kindE0EEEvNS0_12storage_viewIT_XT1_EEESB_mmNS0_12table_bundleIXT0_EEEPNS4_14compute_traitsIXT0_EE4typeE' for 'sm_90'
ptxas info    : Function properties for _ZN3aut12lns_strategy18gemv_thread_kernelINS_3lns7lns4_r1ELNS_8bitwidth12compute_kindE0ELNS4_14storage_layoutE1ELi4ELNS0_12decoder_kindE5ELNS0_13multiply_kindE0EEEvNS0_12storage_viewIT_XT1_EEESB_mmNS0_12table_bundleIXT0_EEEPNS4_14compute_traitsIXT0_EE4typeE
    0 bytes stack frame, 0 bytes spill stores, 0 bytes spill loads
ptxas info    : Used 26 registers, used 1 barriers
ptxas info    : Compile time = 11.616 ms
ptxas info    : Compiling entry function '_ZN3aut12lns_strategy17dot_thread_kernelINS_3lns7lns4_r1ELNS_8bitwidth12compute_kindE0ELNS4_14storage_layoutE1ELi4ELNS0_12decoder_kindE5ELNS0_13multiply_kindE0EEEvNS0_12storage_viewIT_XT1_EEESB_mNS0_12table_bundleIXT0_EEEPNS4_14compute_traitsIXT0_EE4typeE' for 'sm_90'
ptxas info    : Function properties for _ZN3aut12lns_strategy17dot_thread_kernelINS_3lns7lns4_r1ELNS_8bitwidth12compute_kindE0ELNS4_14storage_layoutE1ELi4ELNS0_12decoder_kindE5ELNS0_13multiply_kindE0EEEvNS0_12storage_viewIT_XT1_EEESB_mNS0_12table_bundleIXT0_EEEPNS4_14compute_traitsIXT0_EE4typeE
    0 bytes stack frame, 0 bytes spill stores, 0 bytes spill loads
ptxas info    : Used 31 registers, used 1 barriers
ptxas info    : Compile time = 11.758 ms
ptxas info    : Compiling entry function '_ZN3aut12lns_strategy18gemv_thread_kernelINS_3lns7lns4_r1ELNS_8bitwidth12compute_kindE0ELNS4_14storage_layoutE1ELi2ELNS0_12decoder_kindE5ELNS0_13multiply_kindE0EEEvNS0_12storage_viewIT_XT1_EEESB_mmNS0_12table_bundleIXT0_EEEPNS4_14compute_traitsIXT0_EE4typeE' for 'sm_90'
ptxas info    : Function properties for _ZN3aut12lns_strategy18gemv_thread_kernelINS_3lns7lns4_r1ELNS_8bitwidth12compute_kindE0ELNS4_14storage_layoutE1ELi2ELNS0_12decoder_kindE5ELNS0_13multiply_kindE0EEEvNS0_12storage_viewIT_XT1_EEESB_mmNS0_12table_bundleIXT0_EEEPNS4_14compute_traitsIXT0_EE4typeE
    0 bytes stack frame, 0 bytes spill stores, 0 bytes spill loads
ptxas info    : Used 23 registers, used 1 barriers
ptxas info    : Compile time = 7.841 ms
ptxas info    : Compiling entry function '_ZN3aut12lns_strategy17dot_thread_kernelINS_3lns7lns4_r1ELNS_8bitwidth12compute_kindE0ELNS4_14storage_layoutE1ELi2ELNS0_12decoder_kindE5ELNS0_13multiply_kindE0EEEvNS0_12storage_viewIT_XT1_EEESB_mNS0_12table_bundleIXT0_EEEPNS4_14compute_traitsIXT0_EE4typeE' for 'sm_90'
ptxas info    : Function properties for _ZN3aut12lns_strategy17dot_thread_kernelINS_3lns7lns4_r1ELNS_8bitwidth12compute_kindE0ELNS4_14storage_layoutE1ELi2ELNS0_12decoder_kindE5ELNS0_13multiply_kindE0EEEvNS0_12storage_viewIT_XT1_EEESB_mNS0_12table_bundleIXT0_EEEPNS4_14compute_traitsIXT0_EE4typeE
    0 bytes stack frame, 0 bytes spill stores, 0 bytes spill loads
ptxas info    : Used 28 registers, used 1 barriers
ptxas info    : Compile time = 7.844 ms
ptxas info    : Compiling entry function '_ZN3aut12lns_strategy18gemv_thread_kernelINS_3lns7lns4_r1ELNS_8bitwidth12compute_kindE0ELNS4_14storage_layoutE0ELi8ELNS0_12decoder_kindE5ELNS0_13multiply_kindE0EEEvNS0_12storage_viewIT_XT1_EEESB_mmNS0_12table_bundleIXT0_EEEPNS4_14compute_traitsIXT0_EE4typeE' for 'sm_90'
ptxas info    : Function properties for _ZN3aut12lns_strategy18gemv_thread_kernelINS_3lns7lns4_r1ELNS_8bitwidth12compute_kindE0ELNS4_14storage_layoutE0ELi8ELNS0_12decoder_kindE5ELNS0_13multiply_kindE0EEEvNS0_12storage_viewIT_XT1_EEESB_mmNS0_12table_bundleIXT0_EEEPNS4_14compute_traitsIXT0_EE4typeE
    0 bytes stack frame, 0 bytes spill stores, 0 bytes spill loads
ptxas info    : Used 40 registers, used 1 barriers
ptxas info    : Compile time = 23.749 ms
ptxas info    : Compiling entry function '_ZN3aut12lns_strategy17dot_thread_kernelINS_3lns7lns4_r1ELNS_8bitwidth12compute_kindE0ELNS4_14storage_layoutE0ELi8ELNS0_12decoder_kindE5ELNS0_13multiply_kindE0EEEvNS0_12storage_viewIT_XT1_EEESB_mNS0_12table_bundleIXT0_EEEPNS4_14compute_traitsIXT0_EE4typeE' for 'sm_90'
ptxas info    : Function properties for _ZN3aut12lns_strategy17dot_thread_kernelINS_3lns7lns4_r1ELNS_8bitwidth12compute_kindE0ELNS4_14storage_layoutE0ELi8ELNS0_12decoder_kindE5ELNS0_13multiply_kindE0EEEvNS0_12storage_viewIT_XT1_EEESB_mNS0_12table_bundleIXT0_EEEPNS4_14compute_traitsIXT0_EE4typeE
    0 bytes stack frame, 0 bytes spill stores, 0 bytes spill loads
ptxas info    : Used 28 registers, used 1 barriers
ptxas info    : Compile time = 20.578 ms
ptxas info    : Compiling entry function '_ZN3aut12lns_strategy18gemv_thread_kernelINS_3lns7lns4_r1ELNS_8bitwidth12compute_kindE0ELNS4_14storage_layoutE0ELi4ELNS0_12decoder_kindE5ELNS0_13multiply_kindE0EEEvNS0_12storage_viewIT_XT1_EEESB_mmNS0_12table_bundleIXT0_EEEPNS4_14compute_traitsIXT0_EE4typeE' for 'sm_90'
ptxas info    : Function properties for _ZN3aut12lns_strategy18gemv_thread_kernelINS_3lns7lns4_r1ELNS_8bitwidth12compute_kindE0ELNS4_14storage_layoutE0ELi4ELNS0_12decoder_kindE5ELNS0_13multiply_kindE0EEEvNS0_12storage_viewIT_XT1_EEESB_mmNS0_12table_bundleIXT0_EEEPNS4_14compute_traitsIXT0_EE4typeE
    0 bytes stack frame, 0 bytes spill stores, 0 bytes spill loads
ptxas info    : Used 32 registers, used 1 barriers
ptxas info    : Compile time = 13.537 ms
ptxas info    : Compiling entry function '_ZN3aut12lns_strategy17dot_thread_kernelINS_3lns7lns4_r1ELNS_8bitwidth12compute_kindE0ELNS4_14storage_layoutE0ELi4ELNS0_12decoder_kindE5ELNS0_13multiply_kindE0EEEvNS0_12storage_viewIT_XT1_EEESB_mNS0_12table_bundleIXT0_EEEPNS4_14compute_traitsIXT0_EE4typeE' for 'sm_90'
ptxas info    : Function properties for _ZN3aut12lns_strategy17dot_thread_kernelINS_3lns7lns4_r1ELNS_8bitwidth12compute_kindE0ELNS4_14storage_layoutE0ELi4ELNS0_12decoder_kindE5ELNS0_13multiply_kindE0EEEvNS0_12storage_viewIT_XT1_EEESB_mNS0_12table_bundleIXT0_EEEPNS4_14compute_traitsIXT0_EE4typeE
    0 bytes stack frame, 0 bytes spill stores, 0 bytes spill loads
ptxas info    : Used 32 registers, used 1 barriers
ptxas info    : Compile time = 13.362 ms
ptxas info    : Compiling entry function '_ZN3aut12lns_strategy18gemv_thread_kernelINS_3lns7lns4_r1ELNS_8bitwidth12compute_kindE0ELNS4_14storage_layoutE0ELi2ELNS0_12decoder_kindE5ELNS0_13multiply_kindE0EEEvNS0_12storage_viewIT_XT1_EEESB_mmNS0_12table_bundleIXT0_EEEPNS4_14compute_traitsIXT0_EE4typeE' for 'sm_90'
ptxas info    : Function properties for _ZN3aut12lns_strategy18gemv_thread_kernelINS_3lns7lns4_r1ELNS_8bitwidth12compute_kindE0ELNS4_14storage_layoutE0ELi2ELNS0_12decoder_kindE5ELNS0_13multiply_kindE0EEEvNS0_12storage_viewIT_XT1_EEESB_mmNS0_12table_bundleIXT0_EEEPNS4_14compute_traitsIXT0_EE4typeE
    0 bytes stack frame, 0 bytes spill stores, 0 bytes spill loads
ptxas info    : Used 32 registers, used 1 barriers
ptxas info    : Compile time = 8.700 ms
ptxas info    : Compiling entry function '_ZN3aut12lns_strategy17dot_thread_kernelINS_3lns7lns4_r1ELNS_8bitwidth12compute_kindE0ELNS4_14storage_layoutE0ELi2ELNS0_12decoder_kindE5ELNS0_13multiply_kindE0EEEvNS0_12storage_viewIT_XT1_EEESB_mNS0_12table_bundleIXT0_EEEPNS4_14compute_traitsIXT0_EE4typeE' for 'sm_90'
ptxas info    : Function properties for _ZN3aut12lns_strategy17dot_thread_kernelINS_3lns7lns4_r1ELNS_8bitwidth12compute_kindE0ELNS4_14storage_layoutE0ELi2ELNS0_12decoder_kindE5ELNS0_13multiply_kindE0EEEvNS0_12storage_viewIT_XT1_EEESB_mNS0_12table_bundleIXT0_EEEPNS4_14compute_traitsIXT0_EE4typeE
    0 bytes stack frame, 0 bytes spill stores, 0 bytes spill loads
ptxas info    : Used 32 registers, used 1 barriers
ptxas info    : Compile time = 8.589 ms
ptxas info    : Compiling entry function '_ZN3aut12lns_strategy18gemv_thread_kernelINS_3lns7lns4_r1ELNS_8bitwidth12compute_kindE0ELNS4_14storage_layoutE1ELi1ELNS0_12decoder_kindE5ELNS0_13multiply_kindE0EEEvNS0_12storage_viewIT_XT1_EEESB_mmNS0_12table_bundleIXT0_EEEPNS4_14compute_traitsIXT0_EE4typeE' for 'sm_90'
ptxas info    : Function properties for _ZN3aut12lns_strategy18gemv_thread_kernelINS_3lns7lns4_r1ELNS_8bitwidth12compute_kindE0ELNS4_14storage_layoutE1ELi1ELNS0_12decoder_kindE5ELNS0_13multiply_kindE0EEEvNS0_12storage_viewIT_XT1_EEESB_mmNS0_12table_bundleIXT0_EEEPNS4_14compute_traitsIXT0_EE4typeE
    0 bytes stack frame, 0 bytes spill stores, 0 bytes spill loads
ptxas info    : Used 20 registers, used 1 barriers
ptxas info    : Compile time = 5.730 ms
ptxas info    : Compiling entry function '_ZN3aut12lns_strategy17dot_thread_kernelINS_3lns7lns4_r1ELNS_8bitwidth12compute_kindE0ELNS4_14storage_layoutE1ELi1ELNS0_12decoder_kindE5ELNS0_13multiply_kindE0EEEvNS0_12storage_viewIT_XT1_EEESB_mNS0_12table_bundleIXT0_EEEPNS4_14compute_traitsIXT0_EE4typeE' for 'sm_90'
ptxas info    : Function properties for _ZN3aut12lns_strategy17dot_thread_kernelINS_3lns7lns4_r1ELNS_8bitwidth12compute_kindE0ELNS4_14storage_layoutE1ELi1ELNS0_12decoder_kindE5ELNS0_13multiply_kindE0EEEvNS0_12storage_viewIT_XT1_EEESB_mNS0_12table_bundleIXT0_EEEPNS4_14compute_traitsIXT0_EE4typeE
    0 bytes stack frame, 0 bytes spill stores, 0 bytes spill loads
ptxas info    : Used 22 registers, used 1 barriers
ptxas info    : Compile time = 5.580 ms
ptxas info    : Compiling entry function '_ZN3aut12lns_strategy18gemv_thread_kernelINS_3lns7lns4_r1ELNS_8bitwidth12compute_kindE0ELNS4_14storage_layoutE0ELi1ELNS0_12decoder_kindE5ELNS0_13multiply_kindE0EEEvNS0_12storage_viewIT_XT1_EEESB_mmNS0_12table_bundleIXT0_EEEPNS4_14compute_traitsIXT0_EE4typeE' for 'sm_90'
ptxas info    : Function properties for _ZN3aut12lns_strategy18gemv_thread_kernelINS_3lns7lns4_r1ELNS_8bitwidth12compute_kindE0ELNS4_14storage_layoutE0ELi1ELNS0_12decoder_kindE5ELNS0_13multiply_kindE0EEEvNS0_12storage_viewIT_XT1_EEESB_mmNS0_12table_bundleIXT0_EEEPNS4_14compute_traitsIXT0_EE4typeE
    0 bytes stack frame, 0 bytes spill stores, 0 bytes spill loads
ptxas info    : Used 21 registers, used 1 barriers
ptxas info    : Compile time = 6.125 ms
ptxas info    : Compiling entry function '_ZN3aut12lns_strategy17dot_thread_kernelINS_3lns7lns4_r1ELNS_8bitwidth12compute_kindE0ELNS4_14storage_layoutE0ELi1ELNS0_12decoder_kindE5ELNS0_13multiply_kindE0EEEvNS0_12storage_viewIT_XT1_EEESB_mNS0_12table_bundleIXT0_EEEPNS4_14compute_traitsIXT0_EE4typeE' for 'sm_90'
ptxas info    : Function properties for _ZN3aut12lns_strategy17dot_thread_kernelINS_3lns7lns4_r1ELNS_8bitwidth12compute_kindE0ELNS4_14storage_layoutE0ELi1ELNS0_12decoder_kindE5ELNS0_13multiply_kindE0EEEvNS0_12storage_viewIT_XT1_EEESB_mNS0_12table_bundleIXT0_EEEPNS4_14compute_traitsIXT0_EE4typeE
    0 bytes stack frame, 0 bytes spill stores, 0 bytes spill loads
ptxas info    : Used 22 registers, used 1 barriers
ptxas info    : Compile time = 5.923 ms
ptxas info    : Compiling entry function '_ZN3aut12lns_strategy23gemv_cooperative_kernelINS_3lns7lns4_r1ELNS_8bitwidth12compute_kindE0ELNS0_12decoder_kindE4ELNS0_13multiply_kindE1EEEvPKjS9_mmNS0_12table_bundleIXT0_EEEPNS4_14compute_traitsIXT0_EE4typeE' for 'sm_90'
ptxas info    : Function properties for _ZN3aut12lns_strategy23gemv_cooperative_kernelINS_3lns7lns4_r1ELNS_8bitwidth12compute_kindE0ELNS0_12decoder_kindE4ELNS0_13multiply_kindE1EEEvPKjS9_mmNS0_12table_bundleIXT0_EEEPNS4_14compute_traitsIXT0_EE4typeE
    0 bytes stack frame, 0 bytes spill stores, 0 bytes spill loads
ptxas info    : Used 23 registers, used 1 barriers
ptxas info    : Compile time = 6.392 ms
ptxas info    : Compiling entry function '_ZN3aut12lns_strategy22dot_cooperative_kernelINS_3lns7lns4_r1ELNS_8bitwidth12compute_kindE0ELNS0_12decoder_kindE4ELNS0_13multiply_kindE1EEEvPKjS9_mNS0_12table_bundleIXT0_EEEPNS4_14compute_traitsIXT0_EE4typeE' for 'sm_90'
ptxas info    : Function properties for _ZN3aut12lns_strategy22dot_cooperative_kernelINS_3lns7lns4_r1ELNS_8bitwidth12compute_kindE0ELNS0_12decoder_kindE4ELNS0_13multiply_kindE1EEEvPKjS9_mNS0_12table_bundleIXT0_EEEPNS4_14compute_traitsIXT0_EE4typeE
    0 bytes stack frame, 0 bytes spill stores, 0 bytes spill loads
ptxas info    : Used 21 registers, used 1 barriers
ptxas info    : Compile time = 6.287 ms
ptxas info    : Compiling entry function '_ZN3aut12lns_strategy18gemv_thread_kernelINS_3lns7lns4_r1ELNS_8bitwidth12compute_kindE0ELNS4_14storage_layoutE1ELi8ELNS0_12decoder_kindE4ELNS0_13multiply_kindE1EEEvNS0_12storage_viewIT_XT1_EEESB_mmNS0_12table_bundleIXT0_EEEPNS4_14compute_traitsIXT0_EE4typeE' for 'sm_90'
ptxas info    : Function properties for _ZN3aut12lns_strategy18gemv_thread_kernelINS_3lns7lns4_r1ELNS_8bitwidth12compute_kindE0ELNS4_14storage_layoutE1ELi8ELNS0_12decoder_kindE4ELNS0_13multiply_kindE1EEEvNS0_12storage_viewIT_XT1_EEESB_mmNS0_12table_bundleIXT0_EEEPNS4_14compute_traitsIXT0_EE4typeE
    0 bytes stack frame, 0 bytes spill stores, 0 bytes spill loads
ptxas info    : Used 36 registers, used 1 barriers
ptxas info    : Compile time = 17.399 ms
ptxas info    : Compiling entry function '_ZN3aut12lns_strategy17dot_thread_kernelINS_3lns7lns4_r1ELNS_8bitwidth12compute_kindE0ELNS4_14storage_layoutE1ELi8ELNS0_12decoder_kindE4ELNS0_13multiply_kindE1EEEvNS0_12storage_viewIT_XT1_EEESB_mNS0_12table_bundleIXT0_EEEPNS4_14compute_traitsIXT0_EE4typeE' for 'sm_90'
ptxas info    : Function properties for _ZN3aut12lns_strategy17dot_thread_kernelINS_3lns7lns4_r1ELNS_8bitwidth12compute_kindE0ELNS4_14storage_layoutE1ELi8ELNS0_12decoder_kindE4ELNS0_13multiply_kindE1EEEvNS0_12storage_viewIT_XT1_EEESB_mNS0_12table_bundleIXT0_EEEPNS4_14compute_traitsIXT0_EE4typeE
    0 bytes stack frame, 0 bytes spill stores, 0 bytes spill loads
ptxas info    : Used 38 registers, used 1 barriers
ptxas info    : Compile time = 17.827 ms
ptxas info    : Compiling entry function '_ZN3aut12lns_strategy18gemv_thread_kernelINS_3lns7lns4_r1ELNS_8bitwidth12compute_kindE0ELNS4_14storage_layoutE1ELi4ELNS0_12decoder_kindE4ELNS0_13multiply_kindE1EEEvNS0_12storage_viewIT_XT1_EEESB_mmNS0_12table_bundleIXT0_EEEPNS4_14compute_traitsIXT0_EE4typeE' for 'sm_90'
ptxas info    : Function properties for _ZN3aut12lns_strategy18gemv_thread_kernelINS_3lns7lns4_r1ELNS_8bitwidth12compute_kindE0ELNS4_14storage_layoutE1ELi4ELNS0_12decoder_kindE4ELNS0_13multiply_kindE1EEEvNS0_12storage_viewIT_XT1_EEESB_mmNS0_12table_bundleIXT0_EEEPNS4_14compute_traitsIXT0_EE4typeE
    0 bytes stack frame, 0 bytes spill stores, 0 bytes spill loads
ptxas info    : Used 25 registers, used 1 barriers
ptxas info    : Compile time = 10.151 ms
ptxas info    : Compiling entry function '_ZN3aut12lns_strategy17dot_thread_kernelINS_3lns7lns4_r1ELNS_8bitwidth12compute_kindE0ELNS4_14storage_layoutE1ELi4ELNS0_12decoder_kindE4ELNS0_13multiply_kindE1EEEvNS0_12storage_viewIT_XT1_EEESB_mNS0_12table_bundleIXT0_EEEPNS4_14compute_traitsIXT0_EE4typeE' for 'sm_90'
ptxas info    : Function properties for _ZN3aut12lns_strategy17dot_thread_kernelINS_3lns7lns4_r1ELNS_8bitwidth12compute_kindE0ELNS4_14storage_layoutE1ELi4ELNS0_12decoder_kindE4ELNS0_13multiply_kindE1EEEvNS0_12storage_viewIT_XT1_EEESB_mNS0_12table_bundleIXT0_EEEPNS4_14compute_traitsIXT0_EE4typeE
    0 bytes stack frame, 0 bytes spill stores, 0 bytes spill loads
ptxas info    : Used 28 registers, used 1 barriers
ptxas info    : Compile time = 10.328 ms
ptxas info    : Compiling entry function '_ZN3aut12lns_strategy18gemv_thread_kernelINS_3lns7lns4_r1ELNS_8bitwidth12compute_kindE0ELNS4_14storage_layoutE1ELi2ELNS0_12decoder_kindE4ELNS0_13multiply_kindE1EEEvNS0_12storage_viewIT_XT1_EEESB_mmNS0_12table_bundleIXT0_EEEPNS4_14compute_traitsIXT0_EE4typeE' for 'sm_90'
ptxas info    : Function properties for _ZN3aut12lns_strategy18gemv_thread_kernelINS_3lns7lns4_r1ELNS_8bitwidth12compute_kindE0ELNS4_14storage_layoutE1ELi2ELNS0_12decoder_kindE4ELNS0_13multiply_kindE1EEEvNS0_12storage_viewIT_XT1_EEESB_mmNS0_12table_bundleIXT0_EEEPNS4_14compute_traitsIXT0_EE4typeE
    0 bytes stack frame, 0 bytes spill stores, 0 bytes spill loads
ptxas info    : Used 21 registers, used 1 barriers
ptxas info    : Compile time = 6.858 ms
ptxas info    : Compiling entry function '_ZN3aut12lns_strategy17dot_thread_kernelINS_3lns7lns4_r1ELNS_8bitwidth12compute_kindE0ELNS4_14storage_layoutE1ELi2ELNS0_12decoder_kindE4ELNS0_13multiply_kindE1EEEvNS0_12storage_viewIT_XT1_EEESB_mNS0_12table_bundleIXT0_EEEPNS4_14compute_traitsIXT0_EE4typeE' for 'sm_90'
ptxas info    : Function properties for _ZN3aut12lns_strategy17dot_thread_kernelINS_3lns7lns4_r1ELNS_8bitwidth12compute_kindE0ELNS4_14storage_layoutE1ELi2ELNS0_12decoder_kindE4ELNS0_13multiply_kindE1EEEvNS0_12storage_viewIT_XT1_EEESB_mNS0_12table_bundleIXT0_EEEPNS4_14compute_traitsIXT0_EE4typeE
    0 bytes stack frame, 0 bytes spill stores, 0 bytes spill loads
ptxas info    : Used 27 registers, used 1 barriers
ptxas info    : Compile time = 6.911 ms
ptxas info    : Compiling entry function '_ZN3aut12lns_strategy18gemv_thread_kernelINS_3lns7lns4_r1ELNS_8bitwidth12compute_kindE0ELNS4_14storage_layoutE0ELi8ELNS0_12decoder_kindE4ELNS0_13multiply_kindE1EEEvNS0_12storage_viewIT_XT1_EEESB_mmNS0_12table_bundleIXT0_EEEPNS4_14compute_traitsIXT0_EE4typeE' for 'sm_90'
ptxas info    : Function properties for _ZN3aut12lns_strategy18gemv_thread_kernelINS_3lns7lns4_r1ELNS_8bitwidth12compute_kindE0ELNS4_14storage_layoutE0ELi8ELNS0_12decoder_kindE4ELNS0_13multiply_kindE1EEEvNS0_12storage_viewIT_XT1_EEESB_mmNS0_12table_bundleIXT0_EEEPNS4_14compute_traitsIXT0_EE4typeE
    0 bytes stack frame, 0 bytes spill stores, 0 bytes spill loads
ptxas info    : Used 48 registers, used 1 barriers
ptxas info    : Compile time = 20.435 ms
ptxas info    : Compiling entry function '_ZN3aut12lns_strategy17dot_thread_kernelINS_3lns7lns4_r1ELNS_8bitwidth12compute_kindE0ELNS4_14storage_layoutE0ELi8ELNS0_12decoder_kindE4ELNS0_13multiply_kindE1EEEvNS0_12storage_viewIT_XT1_EEESB_mNS0_12table_bundleIXT0_EEEPNS4_14compute_traitsIXT0_EE4typeE' for 'sm_90'
ptxas info    : Function properties for _ZN3aut12lns_strategy17dot_thread_kernelINS_3lns7lns4_r1ELNS_8bitwidth12compute_kindE0ELNS4_14storage_layoutE0ELi8ELNS0_12decoder_kindE4ELNS0_13multiply_kindE1EEEvNS0_12storage_viewIT_XT1_EEESB_mNS0_12table_bundleIXT0_EEEPNS4_14compute_traitsIXT0_EE4typeE
    0 bytes stack frame, 0 bytes spill stores, 0 bytes spill loads
ptxas info    : Used 40 registers, used 1 barriers
ptxas info    : Compile time = 17.553 ms
ptxas info    : Compiling entry function '_ZN3aut12lns_strategy18gemv_thread_kernelINS_3lns7lns4_r1ELNS_8bitwidth12compute_kindE0ELNS4_14storage_layoutE0ELi4ELNS0_12decoder_kindE4ELNS0_13multiply_kindE1EEEvNS0_12storage_viewIT_XT1_EEESB_mmNS0_12table_bundleIXT0_EEEPNS4_14compute_traitsIXT0_EE4typeE' for 'sm_90'
ptxas info    : Function properties for _ZN3aut12lns_strategy18gemv_thread_kernelINS_3lns7lns4_r1ELNS_8bitwidth12compute_kindE0ELNS4_14storage_layoutE0ELi4ELNS0_12decoder_kindE4ELNS0_13multiply_kindE1EEEvNS0_12storage_viewIT_XT1_EEESB_mmNS0_12table_bundleIXT0_EEEPNS4_14compute_traitsIXT0_EE4typeE
    0 bytes stack frame, 0 bytes spill stores, 0 bytes spill loads
ptxas info    : Used 32 registers, used 1 barriers
ptxas info    : Compile time = 12.498 ms
ptxas info    : Compiling entry function '_ZN3aut12lns_strategy17dot_thread_kernelINS_3lns7lns4_r1ELNS_8bitwidth12compute_kindE0ELNS4_14storage_layoutE0ELi4ELNS0_12decoder_kindE4ELNS0_13multiply_kindE1EEEvNS0_12storage_viewIT_XT1_EEESB_mNS0_12table_bundleIXT0_EEEPNS4_14compute_traitsIXT0_EE4typeE' for 'sm_90'
ptxas info    : Function properties for _ZN3aut12lns_strategy17dot_thread_kernelINS_3lns7lns4_r1ELNS_8bitwidth12compute_kindE0ELNS4_14storage_layoutE0ELi4ELNS0_12decoder_kindE4ELNS0_13multiply_kindE1EEEvNS0_12storage_viewIT_XT1_EEESB_mNS0_12table_bundleIXT0_EEEPNS4_14compute_traitsIXT0_EE4typeE
    0 bytes stack frame, 0 bytes spill stores, 0 bytes spill loads
ptxas info    : Used 32 registers, used 1 barriers
ptxas info    : Compile time = 11.985 ms
ptxas info    : Compiling entry function '_ZN3aut12lns_strategy18gemv_thread_kernelINS_3lns7lns4_r1ELNS_8bitwidth12compute_kindE0ELNS4_14storage_layoutE0ELi2ELNS0_12decoder_kindE4ELNS0_13multiply_kindE1EEEvNS0_12storage_viewIT_XT1_EEESB_mmNS0_12table_bundleIXT0_EEEPNS4_14compute_traitsIXT0_EE4typeE' for 'sm_90'
ptxas info    : Function properties for _ZN3aut12lns_strategy18gemv_thread_kernelINS_3lns7lns4_r1ELNS_8bitwidth12compute_kindE0ELNS4_14storage_layoutE0ELi2ELNS0_12decoder_kindE4ELNS0_13multiply_kindE1EEEvNS0_12storage_viewIT_XT1_EEESB_mmNS0_12table_bundleIXT0_EEEPNS4_14compute_traitsIXT0_EE4typeE
    0 bytes stack frame, 0 bytes spill stores, 0 bytes spill loads
ptxas info    : Used 31 registers, used 1 barriers
ptxas info    : Compile time = 7.821 ms
ptxas info    : Compiling entry function '_ZN3aut12lns_strategy17dot_thread_kernelINS_3lns7lns4_r1ELNS_8bitwidth12compute_kindE0ELNS4_14storage_layoutE0ELi2ELNS0_12decoder_kindE4ELNS0_13multiply_kindE1EEEvNS0_12storage_viewIT_XT1_EEESB_mNS0_12table_bundleIXT0_EEEPNS4_14compute_traitsIXT0_EE4typeE' for 'sm_90'
ptxas info    : Function properties for _ZN3aut12lns_strategy17dot_thread_kernelINS_3lns7lns4_r1ELNS_8bitwidth12compute_kindE0ELNS4_14storage_layoutE0ELi2ELNS0_12decoder_kindE4ELNS0_13multiply_kindE1EEEvNS0_12storage_viewIT_XT1_EEESB_mNS0_12table_bundleIXT0_EEEPNS4_14compute_traitsIXT0_EE4typeE
    0 bytes stack frame, 0 bytes spill stores, 0 bytes spill loads
ptxas info    : Used 32 registers, used 1 barriers
ptxas info    : Compile time = 7.629 ms
ptxas info    : Compiling entry function '_ZN3aut12lns_strategy18gemv_thread_kernelINS_3lns7lns4_r1ELNS_8bitwidth12compute_kindE0ELNS4_14storage_layoutE1ELi1ELNS0_12decoder_kindE4ELNS0_13multiply_kindE1EEEvNS0_12storage_viewIT_XT1_EEESB_mmNS0_12table_bundleIXT0_EEEPNS4_14compute_traitsIXT0_EE4typeE' for 'sm_90'
ptxas info    : Function properties for _ZN3aut12lns_strategy18gemv_thread_kernelINS_3lns7lns4_r1ELNS_8bitwidth12compute_kindE0ELNS4_14storage_layoutE1ELi1ELNS0_12decoder_kindE4ELNS0_13multiply_kindE1EEEvNS0_12storage_viewIT_XT1_EEESB_mmNS0_12table_bundleIXT0_EEEPNS4_14compute_traitsIXT0_EE4typeE
    0 bytes stack frame, 0 bytes spill stores, 0 bytes spill loads
ptxas info    : Used 19 registers, used 1 barriers
ptxas info    : Compile time = 5.019 ms
ptxas info    : Compiling entry function '_ZN3aut12lns_strategy17dot_thread_kernelINS_3lns7lns4_r1ELNS_8bitwidth12compute_kindE0ELNS4_14storage_layoutE1ELi1ELNS0_12decoder_kindE4ELNS0_13multiply_kindE1EEEvNS0_12storage_viewIT_XT1_EEESB_mNS0_12table_bundleIXT0_EEEPNS4_14compute_traitsIXT0_EE4typeE' for 'sm_90'
ptxas info    : Function properties for _ZN3aut12lns_strategy17dot_thread_kernelINS_3lns7lns4_r1ELNS_8bitwidth12compute_kindE0ELNS4_14storage_layoutE1ELi1ELNS0_12decoder_kindE4ELNS0_13multiply_kindE1EEEvNS0_12storage_viewIT_XT1_EEESB_mNS0_12table_bundleIXT0_EEEPNS4_14compute_traitsIXT0_EE4typeE
    0 bytes stack frame, 0 bytes spill stores, 0 bytes spill loads
ptxas info    : Used 21 registers, used 1 barriers
ptxas info    : Compile time = 4.837 ms
ptxas info    : Compiling entry function '_ZN3aut12lns_strategy18gemv_thread_kernelINS_3lns7lns4_r1ELNS_8bitwidth12compute_kindE0ELNS4_14storage_layoutE0ELi1ELNS0_12decoder_kindE4ELNS0_13multiply_kindE1EEEvNS0_12storage_viewIT_XT1_EEESB_mmNS0_12table_bundleIXT0_EEEPNS4_14compute_traitsIXT0_EE4typeE' for 'sm_90'
ptxas info    : Function properties for _ZN3aut12lns_strategy18gemv_thread_kernelINS_3lns7lns4_r1ELNS_8bitwidth12compute_kindE0ELNS4_14storage_layoutE0ELi1ELNS0_12decoder_kindE4ELNS0_13multiply_kindE1EEEvNS0_12storage_viewIT_XT1_EEESB_mmNS0_12table_bundleIXT0_EEEPNS4_14compute_traitsIXT0_EE4typeE
    0 bytes stack frame, 0 bytes spill stores, 0 bytes spill loads
ptxas info    : Used 20 registers, used 1 barriers
ptxas info    : Compile time = 5.412 ms
ptxas info    : Compiling entry function '_ZN3aut12lns_strategy17dot_thread_kernelINS_3lns7lns4_r1ELNS_8bitwidth12compute_kindE0ELNS4_14storage_layoutE0ELi1ELNS0_12decoder_kindE4ELNS0_13multiply_kindE1EEEvNS0_12storage_viewIT_XT1_EEESB_mNS0_12table_bundleIXT0_EEEPNS4_14compute_traitsIXT0_EE4typeE' for 'sm_90'
ptxas info    : Function properties for _ZN3aut12lns_strategy17dot_thread_kernelINS_3lns7lns4_r1ELNS_8bitwidth12compute_kindE0ELNS4_14storage_layoutE0ELi1ELNS0_12decoder_kindE4ELNS0_13multiply_kindE1EEEvNS0_12storage_viewIT_XT1_EEESB_mNS0_12table_bundleIXT0_EEEPNS4_14compute_traitsIXT0_EE4typeE
    0 bytes stack frame, 0 bytes spill stores, 0 bytes spill loads
ptxas info    : Used 21 registers, used 1 barriers
ptxas info    : Compile time = 5.171 ms
ptxas info    : Compiling entry function '_ZN3aut12lns_strategy23gemv_cooperative_kernelINS_3lns7lns4_r1ELNS_8bitwidth12compute_kindE0ELNS0_12decoder_kindE4ELNS0_13multiply_kindE0EEEvPKjS9_mmNS0_12table_bundleIXT0_EEEPNS4_14compute_traitsIXT0_EE4typeE' for 'sm_90'
ptxas info    : Function properties for _ZN3aut12lns_strategy23gemv_cooperative_kernelINS_3lns7lns4_r1ELNS_8bitwidth12compute_kindE0ELNS0_12decoder_kindE4ELNS0_13multiply_kindE0EEEvPKjS9_mmNS0_12table_bundleIXT0_EEEPNS4_14compute_traitsIXT0_EE4typeE
    0 bytes stack frame, 0 bytes spill stores, 0 bytes spill loads
ptxas info    : Used 25 registers, used 1 barriers
ptxas info    : Compile time = 6.793 ms
ptxas info    : Compiling entry function '_ZN3aut12lns_strategy22dot_cooperative_kernelINS_3lns7lns4_r1ELNS_8bitwidth12compute_kindE0ELNS0_12decoder_kindE4ELNS0_13multiply_kindE0EEEvPKjS9_mNS0_12table_bundleIXT0_EEEPNS4_14compute_traitsIXT0_EE4typeE' for 'sm_90'
ptxas info    : Function properties for _ZN3aut12lns_strategy22dot_cooperative_kernelINS_3lns7lns4_r1ELNS_8bitwidth12compute_kindE0ELNS0_12decoder_kindE4ELNS0_13multiply_kindE0EEEvPKjS9_mNS0_12table_bundleIXT0_EEEPNS4_14compute_traitsIXT0_EE4typeE
    0 bytes stack frame, 0 bytes spill stores, 0 bytes spill loads
ptxas info    : Used 24 registers, used 1 barriers
ptxas info    : Compile time = 6.663 ms
ptxas info    : Compiling entry function '_ZN3aut12lns_strategy18gemv_thread_kernelINS_3lns7lns4_r1ELNS_8bitwidth12compute_kindE0ELNS4_14storage_layoutE1ELi8ELNS0_12decoder_kindE4ELNS0_13multiply_kindE0EEEvNS0_12storage_viewIT_XT1_EEESB_mmNS0_12table_bundleIXT0_EEEPNS4_14compute_traitsIXT0_EE4typeE' for 'sm_90'
ptxas info    : Function properties for _ZN3aut12lns_strategy18gemv_thread_kernelINS_3lns7lns4_r1ELNS_8bitwidth12compute_kindE0ELNS4_14storage_layoutE1ELi8ELNS0_12decoder_kindE4ELNS0_13multiply_kindE0EEEvNS0_12storage_viewIT_XT1_EEESB_mmNS0_12table_bundleIXT0_EEEPNS4_14compute_traitsIXT0_EE4typeE
    0 bytes stack frame, 0 bytes spill stores, 0 bytes spill loads
ptxas info    : Used 33 registers, used 1 barriers
ptxas info    : Compile time = 21.074 ms
ptxas info    : Compiling entry function '_ZN3aut12lns_strategy17dot_thread_kernelINS_3lns7lns4_r1ELNS_8bitwidth12compute_kindE0ELNS4_14storage_layoutE1ELi8ELNS0_12decoder_kindE4ELNS0_13multiply_kindE0EEEvNS0_12storage_viewIT_XT1_EEESB_mNS0_12table_bundleIXT0_EEEPNS4_14compute_traitsIXT0_EE4typeE' for 'sm_90'
ptxas info    : Function properties for _ZN3aut12lns_strategy17dot_thread_kernelINS_3lns7lns4_r1ELNS_8bitwidth12compute_kindE0ELNS4_14storage_layoutE1ELi8ELNS0_12decoder_kindE4ELNS0_13multiply_kindE0EEEvNS0_12storage_viewIT_XT1_EEESB_mNS0_12table_bundleIXT0_EEEPNS4_14compute_traitsIXT0_EE4typeE
    0 bytes stack frame, 0 bytes spill stores, 0 bytes spill loads
ptxas info    : Used 35 registers, used 1 barriers
ptxas info    : Compile time = 20.792 ms
ptxas info    : Compiling entry function '_ZN3aut12lns_strategy18gemv_thread_kernelINS_3lns7lns4_r1ELNS_8bitwidth12compute_kindE0ELNS4_14storage_layoutE1ELi4ELNS0_12decoder_kindE4ELNS0_13multiply_kindE0EEEvNS0_12storage_viewIT_XT1_EEESB_mmNS0_12table_bundleIXT0_EEEPNS4_14compute_traitsIXT0_EE4typeE' for 'sm_90'
ptxas info    : Function properties for _ZN3aut12lns_strategy18gemv_thread_kernelINS_3lns7lns4_r1ELNS_8bitwidth12compute_kindE0ELNS4_14storage_layoutE1ELi4ELNS0_12decoder_kindE4ELNS0_13multiply_kindE0EEEvNS0_12storage_viewIT_XT1_EEESB_mmNS0_12table_bundleIXT0_EEEPNS4_14compute_traitsIXT0_EE4typeE
    0 bytes stack frame, 0 bytes spill stores, 0 bytes spill loads
ptxas info    : Used 26 registers, used 1 barriers
ptxas info    : Compile time = 11.792 ms
ptxas info    : Compiling entry function '_ZN3aut12lns_strategy17dot_thread_kernelINS_3lns7lns4_r1ELNS_8bitwidth12compute_kindE0ELNS4_14storage_layoutE1ELi4ELNS0_12decoder_kindE4ELNS0_13multiply_kindE0EEEvNS0_12storage_viewIT_XT1_EEESB_mNS0_12table_bundleIXT0_EEEPNS4_14compute_traitsIXT0_EE4typeE' for 'sm_90'
ptxas info    : Function properties for _ZN3aut12lns_strategy17dot_thread_kernelINS_3lns7lns4_r1ELNS_8bitwidth12compute_kindE0ELNS4_14storage_layoutE1ELi4ELNS0_12decoder_kindE4ELNS0_13multiply_kindE0EEEvNS0_12storage_viewIT_XT1_EEESB_mNS0_12table_bundleIXT0_EEEPNS4_14compute_traitsIXT0_EE4typeE
    0 bytes stack frame, 0 bytes spill stores, 0 bytes spill loads
ptxas info    : Used 28 registers, used 1 barriers
ptxas info    : Compile time = 12.054 ms
ptxas info    : Compiling entry function '_ZN3aut12lns_strategy18gemv_thread_kernelINS_3lns7lns4_r1ELNS_8bitwidth12compute_kindE0ELNS4_14storage_layoutE1ELi2ELNS0_12decoder_kindE4ELNS0_13multiply_kindE0EEEvNS0_12storage_viewIT_XT1_EEESB_mmNS0_12table_bundleIXT0_EEEPNS4_14compute_traitsIXT0_EE4typeE' for 'sm_90'
ptxas info    : Function properties for _ZN3aut12lns_strategy18gemv_thread_kernelINS_3lns7lns4_r1ELNS_8bitwidth12compute_kindE0ELNS4_14storage_layoutE1ELi2ELNS0_12decoder_kindE4ELNS0_13multiply_kindE0EEEvNS0_12storage_viewIT_XT1_EEESB_mmNS0_12table_bundleIXT0_EEEPNS4_14compute_traitsIXT0_EE4typeE
    0 bytes stack frame, 0 bytes spill stores, 0 bytes spill loads
ptxas info    : Used 22 registers, used 1 barriers
ptxas info    : Compile time = 7.666 ms
ptxas info    : Compiling entry function '_ZN3aut12lns_strategy17dot_thread_kernelINS_3lns7lns4_r1ELNS_8bitwidth12compute_kindE0ELNS4_14storage_layoutE1ELi2ELNS0_12decoder_kindE4ELNS0_13multiply_kindE0EEEvNS0_12storage_viewIT_XT1_EEESB_mNS0_12table_bundleIXT0_EEEPNS4_14compute_traitsIXT0_EE4typeE' for 'sm_90'
ptxas info    : Function properties for _ZN3aut12lns_strategy17dot_thread_kernelINS_3lns7lns4_r1ELNS_8bitwidth12compute_kindE0ELNS4_14storage_layoutE1ELi2ELNS0_12decoder_kindE4ELNS0_13multiply_kindE0EEEvNS0_12storage_viewIT_XT1_EEESB_mNS0_12table_bundleIXT0_EEEPNS4_14compute_traitsIXT0_EE4typeE
    0 bytes stack frame, 0 bytes spill stores, 0 bytes spill loads
ptxas info    : Used 28 registers, used 1 barriers
ptxas info    : Compile time = 7.696 ms
ptxas info    : Compiling entry function '_ZN3aut12lns_strategy18gemv_thread_kernelINS_3lns7lns4_r1ELNS_8bitwidth12compute_kindE0ELNS4_14storage_layoutE0ELi8ELNS0_12decoder_kindE4ELNS0_13multiply_kindE0EEEvNS0_12storage_viewIT_XT1_EEESB_mmNS0_12table_bundleIXT0_EEEPNS4_14compute_traitsIXT0_EE4typeE' for 'sm_90'
ptxas info    : Function properties for _ZN3aut12lns_strategy18gemv_thread_kernelINS_3lns7lns4_r1ELNS_8bitwidth12compute_kindE0ELNS4_14storage_layoutE0ELi8ELNS0_12decoder_kindE4ELNS0_13multiply_kindE0EEEvNS0_12storage_viewIT_XT1_EEESB_mmNS0_12table_bundleIXT0_EEEPNS4_14compute_traitsIXT0_EE4typeE
    0 bytes stack frame, 0 bytes spill stores, 0 bytes spill loads
ptxas info    : Used 48 registers, used 1 barriers
ptxas info    : Compile time = 24.433 ms
ptxas info    : Compiling entry function '_ZN3aut12lns_strategy17dot_thread_kernelINS_3lns7lns4_r1ELNS_8bitwidth12compute_kindE0ELNS4_14storage_layoutE0ELi8ELNS0_12decoder_kindE4ELNS0_13multiply_kindE0EEEvNS0_12storage_viewIT_XT1_EEESB_mNS0_12table_bundleIXT0_EEEPNS4_14compute_traitsIXT0_EE4typeE' for 'sm_90'
ptxas info    : Function properties for _ZN3aut12lns_strategy17dot_thread_kernelINS_3lns7lns4_r1ELNS_8bitwidth12compute_kindE0ELNS4_14storage_layoutE0ELi8ELNS0_12decoder_kindE4ELNS0_13multiply_kindE0EEEvNS0_12storage_viewIT_XT1_EEESB_mNS0_12table_bundleIXT0_EEEPNS4_14compute_traitsIXT0_EE4typeE
    0 bytes stack frame, 0 bytes spill stores, 0 bytes spill loads
ptxas info    : Used 28 registers, used 1 barriers
ptxas info    : Compile time = 20.755 ms
ptxas info    : Compiling entry function '_ZN3aut12lns_strategy18gemv_thread_kernelINS_3lns7lns4_r1ELNS_8bitwidth12compute_kindE0ELNS4_14storage_layoutE0ELi4ELNS0_12decoder_kindE4ELNS0_13multiply_kindE0EEEvNS0_12storage_viewIT_XT1_EEESB_mmNS0_12table_bundleIXT0_EEEPNS4_14compute_traitsIXT0_EE4typeE' for 'sm_90'
ptxas info    : Function properties for _ZN3aut12lns_strategy18gemv_thread_kernelINS_3lns7lns4_r1ELNS_8bitwidth12compute_kindE0ELNS4_14storage_layoutE0ELi4ELNS0_12decoder_kindE4ELNS0_13multiply_kindE0EEEvNS0_12storage_viewIT_XT1_EEESB_mmNS0_12table_bundleIXT0_EEEPNS4_14compute_traitsIXT0_EE4typeE
    0 bytes stack frame, 0 bytes spill stores, 0 bytes spill loads
ptxas info    : Used 31 registers, used 1 barriers
ptxas info    : Compile time = 13.753 ms
ptxas info    : Compiling entry function '_ZN3aut12lns_strategy17dot_thread_kernelINS_3lns7lns4_r1ELNS_8bitwidth12compute_kindE0ELNS4_14storage_layoutE0ELi4ELNS0_12decoder_kindE4ELNS0_13multiply_kindE0EEEvNS0_12storage_viewIT_XT1_EEESB_mNS0_12table_bundleIXT0_EEEPNS4_14compute_traitsIXT0_EE4typeE' for 'sm_90'
ptxas info    : Function properties for _ZN3aut12lns_strategy17dot_thread_kernelINS_3lns7lns4_r1ELNS_8bitwidth12compute_kindE0ELNS4_14storage_layoutE0ELi4ELNS0_12decoder_kindE4ELNS0_13multiply_kindE0EEEvNS0_12storage_viewIT_XT1_EEESB_mNS0_12table_bundleIXT0_EEEPNS4_14compute_traitsIXT0_EE4typeE
    0 bytes stack frame, 0 bytes spill stores, 0 bytes spill loads
ptxas info    : Used 32 registers, used 1 barriers
ptxas info    : Compile time = 13.351 ms
ptxas info    : Compiling entry function '_ZN3aut12lns_strategy18gemv_thread_kernelINS_3lns7lns4_r1ELNS_8bitwidth12compute_kindE0ELNS4_14storage_layoutE0ELi2ELNS0_12decoder_kindE4ELNS0_13multiply_kindE0EEEvNS0_12storage_viewIT_XT1_EEESB_mmNS0_12table_bundleIXT0_EEEPNS4_14compute_traitsIXT0_EE4typeE' for 'sm_90'
ptxas info    : Function properties for _ZN3aut12lns_strategy18gemv_thread_kernelINS_3lns7lns4_r1ELNS_8bitwidth12compute_kindE0ELNS4_14storage_layoutE0ELi2ELNS0_12decoder_kindE4ELNS0_13multiply_kindE0EEEvNS0_12storage_viewIT_XT1_EEESB_mmNS0_12table_bundleIXT0_EEEPNS4_14compute_traitsIXT0_EE4typeE
    0 bytes stack frame, 0 bytes spill stores, 0 bytes spill loads
ptxas info    : Used 31 registers, used 1 barriers
ptxas info    : Compile time = 8.506 ms
ptxas info    : Compiling entry function '_ZN3aut12lns_strategy17dot_thread_kernelINS_3lns7lns4_r1ELNS_8bitwidth12compute_kindE0ELNS4_14storage_layoutE0ELi2ELNS0_12decoder_kindE4ELNS0_13multiply_kindE0EEEvNS0_12storage_viewIT_XT1_EEESB_mNS0_12table_bundleIXT0_EEEPNS4_14compute_traitsIXT0_EE4typeE' for 'sm_90'
ptxas info    : Function properties for _ZN3aut12lns_strategy17dot_thread_kernelINS_3lns7lns4_r1ELNS_8bitwidth12compute_kindE0ELNS4_14storage_layoutE0ELi2ELNS0_12decoder_kindE4ELNS0_13multiply_kindE0EEEvNS0_12storage_viewIT_XT1_EEESB_mNS0_12table_bundleIXT0_EEEPNS4_14compute_traitsIXT0_EE4typeE
    0 bytes stack frame, 0 bytes spill stores, 0 bytes spill loads
ptxas info    : Used 32 registers, used 1 barriers
ptxas info    : Compile time = 8.345 ms
ptxas info    : Compiling entry function '_ZN3aut12lns_strategy18gemv_thread_kernelINS_3lns7lns4_r1ELNS_8bitwidth12compute_kindE0ELNS4_14storage_layoutE1ELi1ELNS0_12decoder_kindE4ELNS0_13multiply_kindE0EEEvNS0_12storage_viewIT_XT1_EEESB_mmNS0_12table_bundleIXT0_EEEPNS4_14compute_traitsIXT0_EE4typeE' for 'sm_90'
ptxas info    : Function properties for _ZN3aut12lns_strategy18gemv_thread_kernelINS_3lns7lns4_r1ELNS_8bitwidth12compute_kindE0ELNS4_14storage_layoutE1ELi1ELNS0_12decoder_kindE4ELNS0_13multiply_kindE0EEEvNS0_12storage_viewIT_XT1_EEESB_mmNS0_12table_bundleIXT0_EEEPNS4_14compute_traitsIXT0_EE4typeE
    0 bytes stack frame, 0 bytes spill stores, 0 bytes spill loads
ptxas info    : Used 20 registers, used 1 barriers
ptxas info    : Compile time = 5.390 ms
ptxas info    : Compiling entry function '_ZN3aut12lns_strategy17dot_thread_kernelINS_3lns7lns4_r1ELNS_8bitwidth12compute_kindE0ELNS4_14storage_layoutE1ELi1ELNS0_12decoder_kindE4ELNS0_13multiply_kindE0EEEvNS0_12storage_viewIT_XT1_EEESB_mNS0_12table_bundleIXT0_EEEPNS4_14compute_traitsIXT0_EE4typeE' for 'sm_90'
ptxas info    : Function properties for _ZN3aut12lns_strategy17dot_thread_kernelINS_3lns7lns4_r1ELNS_8bitwidth12compute_kindE0ELNS4_14storage_layoutE1ELi1ELNS0_12decoder_kindE4ELNS0_13multiply_kindE0EEEvNS0_12storage_viewIT_XT1_EEESB_mNS0_12table_bundleIXT0_EEEPNS4_14compute_traitsIXT0_EE4typeE
    0 bytes stack frame, 0 bytes spill stores, 0 bytes spill loads
ptxas info    : Used 22 registers, used 1 barriers
ptxas info    : Compile time = 5.232 ms
ptxas info    : Compiling entry function '_ZN3aut12lns_strategy18gemv_thread_kernelINS_3lns7lns4_r1ELNS_8bitwidth12compute_kindE0ELNS4_14storage_layoutE0ELi1ELNS0_12decoder_kindE4ELNS0_13multiply_kindE0EEEvNS0_12storage_viewIT_XT1_EEESB_mmNS0_12table_bundleIXT0_EEEPNS4_14compute_traitsIXT0_EE4typeE' for 'sm_90'
ptxas info    : Function properties for _ZN3aut12lns_strategy18gemv_thread_kernelINS_3lns7lns4_r1ELNS_8bitwidth12compute_kindE0ELNS4_14storage_layoutE0ELi1ELNS0_12decoder_kindE4ELNS0_13multiply_kindE0EEEvNS0_12storage_viewIT_XT1_EEESB_mmNS0_12table_bundleIXT0_EEEPNS4_14compute_traitsIXT0_EE4typeE
    0 bytes stack frame, 0 bytes spill stores, 0 bytes spill loads
ptxas info    : Used 20 registers, used 1 barriers
ptxas info    : Compile time = 5.755 ms
ptxas info    : Compiling entry function '_ZN3aut12lns_strategy17dot_thread_kernelINS_3lns7lns4_r1ELNS_8bitwidth12compute_kindE0ELNS4_14storage_layoutE0ELi1ELNS0_12decoder_kindE4ELNS0_13multiply_kindE0EEEvNS0_12storage_viewIT_XT1_EEESB_mNS0_12table_bundleIXT0_EEEPNS4_14compute_traitsIXT0_EE4typeE' for 'sm_90'
ptxas info    : Function properties for _ZN3aut12lns_strategy17dot_thread_kernelINS_3lns7lns4_r1ELNS_8bitwidth12compute_kindE0ELNS4_14storage_layoutE0ELi1ELNS0_12decoder_kindE4ELNS0_13multiply_kindE0EEEvNS0_12storage_viewIT_XT1_EEESB_mNS0_12table_bundleIXT0_EEEPNS4_14compute_traitsIXT0_EE4typeE
    0 bytes stack frame, 0 bytes spill stores, 0 bytes spill loads
ptxas info    : Used 23 registers, used 1 barriers
ptxas info    : Compile time = 5.535 ms
ptxas info    : Compiling entry function '_ZN3aut12lns_strategy23gemv_cooperative_kernelINS_3lns7lns4_r1ELNS_8bitwidth12compute_kindE0ELNS0_12decoder_kindE3ELNS0_13multiply_kindE0EEEvPKjS9_mmNS0_12table_bundleIXT0_EEEPNS4_14compute_traitsIXT0_EE4typeE' for 'sm_90'
ptxas info    : Function properties for _ZN3aut12lns_strategy23gemv_cooperative_kernelINS_3lns7lns4_r1ELNS_8bitwidth12compute_kindE0ELNS0_12decoder_kindE3ELNS0_13multiply_kindE0EEEvPKjS9_mmNS0_12table_bundleIXT0_EEEPNS4_14compute_traitsIXT0_EE4typeE
    0 bytes stack frame, 0 bytes spill stores, 0 bytes spill loads
ptxas info    : Used 22 registers, used 1 barriers
ptxas info    : Compile time = 4.874 ms
ptxas info    : Compiling entry function '_ZN3aut12lns_strategy22dot_cooperative_kernelINS_3lns7lns4_r1ELNS_8bitwidth12compute_kindE0ELNS0_12decoder_kindE3ELNS0_13multiply_kindE0EEEvPKjS9_mNS0_12table_bundleIXT0_EEEPNS4_14compute_traitsIXT0_EE4typeE' for 'sm_90'
ptxas info    : Function properties for _ZN3aut12lns_strategy22dot_cooperative_kernelINS_3lns7lns4_r1ELNS_8bitwidth12compute_kindE0ELNS0_12decoder_kindE3ELNS0_13multiply_kindE0EEEvPKjS9_mNS0_12table_bundleIXT0_EEEPNS4_14compute_traitsIXT0_EE4typeE
    0 bytes stack frame, 0 bytes spill stores, 0 bytes spill loads
ptxas info    : Used 22 registers, used 1 barriers
ptxas info    : Compile time = 4.802 ms
ptxas info    : Compiling entry function '_ZN3aut12lns_strategy18gemv_thread_kernelINS_3lns7lns4_r1ELNS_8bitwidth12compute_kindE0ELNS4_14storage_layoutE1ELi8ELNS0_12decoder_kindE3ELNS0_13multiply_kindE0EEEvNS0_12storage_viewIT_XT1_EEESB_mmNS0_12table_bundleIXT0_EEEPNS4_14compute_traitsIXT0_EE4typeE' for 'sm_90'
ptxas info    : Function properties for _ZN3aut12lns_strategy18gemv_thread_kernelINS_3lns7lns4_r1ELNS_8bitwidth12compute_kindE0ELNS4_14storage_layoutE1ELi8ELNS0_12decoder_kindE3ELNS0_13multiply_kindE0EEEvNS0_12storage_viewIT_XT1_EEESB_mmNS0_12table_bundleIXT0_EEEPNS4_14compute_traitsIXT0_EE4typeE
    0 bytes stack frame, 0 bytes spill stores, 0 bytes spill loads
ptxas info    : Used 29 registers, used 1 barriers
ptxas info    : Compile time = 6.214 ms
ptxas info    : Compiling entry function '_ZN3aut12lns_strategy17dot_thread_kernelINS_3lns7lns4_r1ELNS_8bitwidth12compute_kindE0ELNS4_14storage_layoutE1ELi8ELNS0_12decoder_kindE3ELNS0_13multiply_kindE0EEEvNS0_12storage_viewIT_XT1_EEESB_mNS0_12table_bundleIXT0_EEEPNS4_14compute_traitsIXT0_EE4typeE' for 'sm_90'
ptxas info    : Function properties for _ZN3aut12lns_strategy17dot_thread_kernelINS_3lns7lns4_r1ELNS_8bitwidth12compute_kindE0ELNS4_14storage_layoutE1ELi8ELNS0_12decoder_kindE3ELNS0_13multiply_kindE0EEEvNS0_12storage_viewIT_XT1_EEESB_mNS0_12table_bundleIXT0_EEEPNS4_14compute_traitsIXT0_EE4typeE
    0 bytes stack frame, 0 bytes spill stores, 0 bytes spill loads
ptxas info    : Used 31 registers, used 1 barriers
ptxas info    : Compile time = 6.229 ms
ptxas info    : Compiling entry function '_ZN3aut12lns_strategy18gemv_thread_kernelINS_3lns7lns4_r1ELNS_8bitwidth12compute_kindE0ELNS4_14storage_layoutE1ELi4ELNS0_12decoder_kindE3ELNS0_13multiply_kindE0EEEvNS0_12storage_viewIT_XT1_EEESB_mmNS0_12table_bundleIXT0_EEEPNS4_14compute_traitsIXT0_EE4typeE' for 'sm_90'
ptxas info    : Function properties for _ZN3aut12lns_strategy18gemv_thread_kernelINS_3lns7lns4_r1ELNS_8bitwidth12compute_kindE0ELNS4_14storage_layoutE1ELi4ELNS0_12decoder_kindE3ELNS0_13multiply_kindE0EEEvNS0_12storage_viewIT_XT1_EEESB_mmNS0_12table_bundleIXT0_EEEPNS4_14compute_traitsIXT0_EE4typeE
    0 bytes stack frame, 0 bytes spill stores, 0 bytes spill loads
ptxas info    : Used 22 registers, used 1 barriers
ptxas info    : Compile time = 4.691 ms
ptxas info    : Compiling entry function '_ZN3aut12lns_strategy17dot_thread_kernelINS_3lns7lns4_r1ELNS_8bitwidth12compute_kindE0ELNS4_14storage_layoutE1ELi4ELNS0_12decoder_kindE3ELNS0_13multiply_kindE0EEEvNS0_12storage_viewIT_XT1_EEESB_mNS0_12table_bundleIXT0_EEEPNS4_14compute_traitsIXT0_EE4typeE' for 'sm_90'
ptxas info    : Function properties for _ZN3aut12lns_strategy17dot_thread_kernelINS_3lns7lns4_r1ELNS_8bitwidth12compute_kindE0ELNS4_14storage_layoutE1ELi4ELNS0_12decoder_kindE3ELNS0_13multiply_kindE0EEEvNS0_12storage_viewIT_XT1_EEESB_mNS0_12table_bundleIXT0_EEEPNS4_14compute_traitsIXT0_EE4typeE
    0 bytes stack frame, 0 bytes spill stores, 0 bytes spill loads
ptxas info    : Used 26 registers, used 1 barriers
ptxas info    : Compile time = 4.714 ms
ptxas info    : Compiling entry function '_ZN3aut12lns_strategy18gemv_thread_kernelINS_3lns7lns4_r1ELNS_8bitwidth12compute_kindE0ELNS4_14storage_layoutE1ELi2ELNS0_12decoder_kindE3ELNS0_13multiply_kindE0EEEvNS0_12storage_viewIT_XT1_EEESB_mmNS0_12table_bundleIXT0_EEEPNS4_14compute_traitsIXT0_EE4typeE' for 'sm_90'
ptxas info    : Function properties for _ZN3aut12lns_strategy18gemv_thread_kernelINS_3lns7lns4_r1ELNS_8bitwidth12compute_kindE0ELNS4_14storage_layoutE1ELi2ELNS0_12decoder_kindE3ELNS0_13multiply_kindE0EEEvNS0_12storage_viewIT_XT1_EEESB_mmNS0_12table_bundleIXT0_EEEPNS4_14compute_traitsIXT0_EE4typeE
    0 bytes stack frame, 0 bytes spill stores, 0 bytes spill loads
ptxas info    : Used 19 registers, used 1 barriers
ptxas info    : Compile time = 4.104 ms
ptxas info    : Compiling entry function '_ZN3aut12lns_strategy17dot_thread_kernelINS_3lns7lns4_r1ELNS_8bitwidth12compute_kindE0ELNS4_14storage_layoutE1ELi2ELNS0_12decoder_kindE3ELNS0_13multiply_kindE0EEEvNS0_12storage_viewIT_XT1_EEESB_mNS0_12table_bundleIXT0_EEEPNS4_14compute_traitsIXT0_EE4typeE' for 'sm_90'
ptxas info    : Function properties for _ZN3aut12lns_strategy17dot_thread_kernelINS_3lns7lns4_r1ELNS_8bitwidth12compute_kindE0ELNS4_14storage_layoutE1ELi2ELNS0_12decoder_kindE3ELNS0_13multiply_kindE0EEEvNS0_12storage_viewIT_XT1_EEESB_mNS0_12table_bundleIXT0_EEEPNS4_14compute_traitsIXT0_EE4typeE
    0 bytes stack frame, 0 bytes spill stores, 0 bytes spill loads
ptxas info    : Used 24 registers, used 1 barriers
ptxas info    : Compile time = 4.055 ms
ptxas info    : Compiling entry function '_ZN3aut12lns_strategy18gemv_thread_kernelINS_3lns7lns4_r1ELNS_8bitwidth12compute_kindE0ELNS4_14storage_layoutE0ELi8ELNS0_12decoder_kindE3ELNS0_13multiply_kindE0EEEvNS0_12storage_viewIT_XT1_EEESB_mmNS0_12table_bundleIXT0_EEEPNS4_14compute_traitsIXT0_EE4typeE' for 'sm_90'
ptxas info    : Function properties for _ZN3aut12lns_strategy18gemv_thread_kernelINS_3lns7lns4_r1ELNS_8bitwidth12compute_kindE0ELNS4_14storage_layoutE0ELi8ELNS0_12decoder_kindE3ELNS0_13multiply_kindE0EEEvNS0_12storage_viewIT_XT1_EEESB_mmNS0_12table_bundleIXT0_EEEPNS4_14compute_traitsIXT0_EE4typeE
    0 bytes stack frame, 0 bytes spill stores, 0 bytes spill loads
ptxas info    : Used 32 registers, used 1 barriers
ptxas info    : Compile time = 9.155 ms
ptxas info    : Compiling entry function '_ZN3aut12lns_strategy17dot_thread_kernelINS_3lns7lns4_r1ELNS_8bitwidth12compute_kindE0ELNS4_14storage_layoutE0ELi8ELNS0_12decoder_kindE3ELNS0_13multiply_kindE0EEEvNS0_12storage_viewIT_XT1_EEESB_mNS0_12table_bundleIXT0_EEEPNS4_14compute_traitsIXT0_EE4typeE' for 'sm_90'
ptxas info    : Function properties for _ZN3aut12lns_strategy17dot_thread_kernelINS_3lns7lns4_r1ELNS_8bitwidth12compute_kindE0ELNS4_14storage_layoutE0ELi8ELNS0_12decoder_kindE3ELNS0_13multiply_kindE0EEEvNS0_12storage_viewIT_XT1_EEESB_mNS0_12table_bundleIXT0_EEEPNS4_14compute_traitsIXT0_EE4typeE
    0 bytes stack frame, 0 bytes spill stores, 0 bytes spill loads
ptxas info    : Used 31 registers, used 1 barriers
ptxas info    : Compile time = 5.921 ms
ptxas info    : Compiling entry function '_ZN3aut12lns_strategy18gemv_thread_kernelINS_3lns7lns4_r1ELNS_8bitwidth12compute_kindE0ELNS4_14storage_layoutE0ELi4ELNS0_12decoder_kindE3ELNS0_13multiply_kindE0EEEvNS0_12storage_viewIT_XT1_EEESB_mmNS0_12table_bundleIXT0_EEEPNS4_14compute_traitsIXT0_EE4typeE' for 'sm_90'
ptxas info    : Function properties for _ZN3aut12lns_strategy18gemv_thread_kernelINS_3lns7lns4_r1ELNS_8bitwidth12compute_kindE0ELNS4_14storage_layoutE0ELi4ELNS0_12decoder_kindE3ELNS0_13multiply_kindE0EEEvNS0_12storage_viewIT_XT1_EEESB_mmNS0_12table_bundleIXT0_EEEPNS4_14compute_traitsIXT0_EE4typeE
    0 bytes stack frame, 0 bytes spill stores, 0 bytes spill loads
ptxas info    : Used 31 registers, used 1 barriers
ptxas info    : Compile time = 6.617 ms
ptxas info    : Compiling entry function '_ZN3aut12lns_strategy17dot_thread_kernelINS_3lns7lns4_r1ELNS_8bitwidth12compute_kindE0ELNS4_14storage_layoutE0ELi4ELNS0_12decoder_kindE3ELNS0_13multiply_kindE0EEEvNS0_12storage_viewIT_XT1_EEESB_mNS0_12table_bundleIXT0_EEEPNS4_14compute_traitsIXT0_EE4typeE' for 'sm_90'
ptxas info    : Function properties for _ZN3aut12lns_strategy17dot_thread_kernelINS_3lns7lns4_r1ELNS_8bitwidth12compute_kindE0ELNS4_14storage_layoutE0ELi4ELNS0_12decoder_kindE3ELNS0_13multiply_kindE0EEEvNS0_12storage_viewIT_XT1_EEESB_mNS0_12table_bundleIXT0_EEEPNS4_14compute_traitsIXT0_EE4typeE
    0 bytes stack frame, 0 bytes spill stores, 0 bytes spill loads
ptxas info    : Used 32 registers, used 1 barriers
ptxas info    : Compile time = 6.273 ms
ptxas info    : Compiling entry function '_ZN3aut12lns_strategy18gemv_thread_kernelINS_3lns7lns4_r1ELNS_8bitwidth12compute_kindE0ELNS4_14storage_layoutE0ELi2ELNS0_12decoder_kindE3ELNS0_13multiply_kindE0EEEvNS0_12storage_viewIT_XT1_EEESB_mmNS0_12table_bundleIXT0_EEEPNS4_14compute_traitsIXT0_EE4typeE' for 'sm_90'
ptxas info    : Function properties for _ZN3aut12lns_strategy18gemv_thread_kernelINS_3lns7lns4_r1ELNS_8bitwidth12compute_kindE0ELNS4_14storage_layoutE0ELi2ELNS0_12decoder_kindE3ELNS0_13multiply_kindE0EEEvNS0_12storage_viewIT_XT1_EEESB_mmNS0_12table_bundleIXT0_EEEPNS4_14compute_traitsIXT0_EE4typeE
    0 bytes stack frame, 0 bytes spill stores, 0 bytes spill loads
ptxas info    : Used 29 registers, used 1 barriers
ptxas info    : Compile time = 4.912 ms
ptxas info    : Compiling entry function '_ZN3aut12lns_strategy17dot_thread_kernelINS_3lns7lns4_r1ELNS_8bitwidth12compute_kindE0ELNS4_14storage_layoutE0ELi2ELNS0_12decoder_kindE3ELNS0_13multiply_kindE0EEEvNS0_12storage_viewIT_XT1_EEESB_mNS0_12table_bundleIXT0_EEEPNS4_14compute_traitsIXT0_EE4typeE' for 'sm_90'
ptxas info    : Function properties for _ZN3aut12lns_strategy17dot_thread_kernelINS_3lns7lns4_r1ELNS_8bitwidth12compute_kindE0ELNS4_14storage_layoutE0ELi2ELNS0_12decoder_kindE3ELNS0_13multiply_kindE0EEEvNS0_12storage_viewIT_XT1_EEESB_mNS0_12table_bundleIXT0_EEEPNS4_14compute_traitsIXT0_EE4typeE
    0 bytes stack frame, 0 bytes spill stores, 0 bytes spill loads
ptxas info    : Used 30 registers, used 1 barriers
ptxas info    : Compile time = 4.657 ms
ptxas info    : Compiling entry function '_ZN3aut12lns_strategy18gemv_thread_kernelINS_3lns7lns4_r1ELNS_8bitwidth12compute_kindE0ELNS4_14storage_layoutE1ELi1ELNS0_12decoder_kindE3ELNS0_13multiply_kindE0EEEvNS0_12storage_viewIT_XT1_EEESB_mmNS0_12table_bundleIXT0_EEEPNS4_14compute_traitsIXT0_EE4typeE' for 'sm_90'
ptxas info    : Function properties for _ZN3aut12lns_strategy18gemv_thread_kernelINS_3lns7lns4_r1ELNS_8bitwidth12compute_kindE0ELNS4_14storage_layoutE1ELi1ELNS0_12decoder_kindE3ELNS0_13multiply_kindE0EEEvNS0_12storage_viewIT_XT1_EEESB_mmNS0_12table_bundleIXT0_EEEPNS4_14compute_traitsIXT0_EE4typeE
    0 bytes stack frame, 0 bytes spill stores, 0 bytes spill loads
ptxas info    : Used 18 registers, used 1 barriers
ptxas info    : Compile time = 3.460 ms
ptxas info    : Compiling entry function '_ZN3aut12lns_strategy17dot_thread_kernelINS_3lns7lns4_r1ELNS_8bitwidth12compute_kindE0ELNS4_14storage_layoutE1ELi1ELNS0_12decoder_kindE3ELNS0_13multiply_kindE0EEEvNS0_12storage_viewIT_XT1_EEESB_mNS0_12table_bundleIXT0_EEEPNS4_14compute_traitsIXT0_EE4typeE' for 'sm_90'
ptxas info    : Function properties for _ZN3aut12lns_strategy17dot_thread_kernelINS_3lns7lns4_r1ELNS_8bitwidth12compute_kindE0ELNS4_14storage_layoutE1ELi1ELNS0_12decoder_kindE3ELNS0_13multiply_kindE0EEEvNS0_12storage_viewIT_XT1_EEESB_mNS0_12table_bundleIXT0_EEEPNS4_14compute_traitsIXT0_EE4typeE
    0 bytes stack frame, 0 bytes spill stores, 0 bytes spill loads
ptxas info    : Used 22 registers, used 1 barriers
ptxas info    : Compile time = 3.322 ms
ptxas info    : Compiling entry function '_ZN3aut12lns_strategy18gemv_thread_kernelINS_3lns7lns4_r1ELNS_8bitwidth12compute_kindE0ELNS4_14storage_layoutE0ELi1ELNS0_12decoder_kindE3ELNS0_13multiply_kindE0EEEvNS0_12storage_viewIT_XT1_EEESB_mmNS0_12table_bundleIXT0_EEEPNS4_14compute_traitsIXT0_EE4typeE' for 'sm_90'
ptxas info    : Function properties for _ZN3aut12lns_strategy18gemv_thread_kernelINS_3lns7lns4_r1ELNS_8bitwidth12compute_kindE0ELNS4_14storage_layoutE0ELi1ELNS0_12decoder_kindE3ELNS0_13multiply_kindE0EEEvNS0_12storage_viewIT_XT1_EEESB_mmNS0_12table_bundleIXT0_EEEPNS4_14compute_traitsIXT0_EE4typeE
    0 bytes stack frame, 0 bytes spill stores, 0 bytes spill loads
ptxas info    : Used 21 registers, used 1 barriers
ptxas info    : Compile time = 3.871 ms
ptxas info    : Compiling entry function '_ZN3aut12lns_strategy17dot_thread_kernelINS_3lns7lns4_r1ELNS_8bitwidth12compute_kindE0ELNS4_14storage_layoutE0ELi1ELNS0_12decoder_kindE3ELNS0_13multiply_kindE0EEEvNS0_12storage_viewIT_XT1_EEESB_mNS0_12table_bundleIXT0_EEEPNS4_14compute_traitsIXT0_EE4typeE' for 'sm_90'
ptxas info    : Function properties for _ZN3aut12lns_strategy17dot_thread_kernelINS_3lns7lns4_r1ELNS_8bitwidth12compute_kindE0ELNS4_14storage_layoutE0ELi1ELNS0_12decoder_kindE3ELNS0_13multiply_kindE0EEEvNS0_12storage_viewIT_XT1_EEESB_mNS0_12table_bundleIXT0_EEEPNS4_14compute_traitsIXT0_EE4typeE
    0 bytes stack frame, 0 bytes spill stores, 0 bytes spill loads
ptxas info    : Used 22 registers, used 1 barriers
ptxas info    : Compile time = 3.657 ms
ptxas info    : Compiling entry function '_ZN3aut12lns_strategy23gemv_cooperative_kernelINS_3lns7lns4_r1ELNS_8bitwidth12compute_kindE0ELNS0_12decoder_kindE2ELNS0_13multiply_kindE0EEEvPKjS9_mmNS0_12table_bundleIXT0_EEEPNS4_14compute_traitsIXT0_EE4typeE' for 'sm_90'
ptxas info    : Function properties for _ZN3aut12lns_strategy23gemv_cooperative_kernelINS_3lns7lns4_r1ELNS_8bitwidth12compute_kindE0ELNS0_12decoder_kindE2ELNS0_13multiply_kindE0EEEvPKjS9_mmNS0_12table_bundleIXT0_EEEPNS4_14compute_traitsIXT0_EE4typeE
    0 bytes stack frame, 0 bytes spill stores, 0 bytes spill loads
ptxas info    : Used 23 registers, used 1 barriers
ptxas info    : Compile time = 4.392 ms
ptxas info    : Compiling entry function '_ZN3aut12lns_strategy22dot_cooperative_kernelINS_3lns7lns4_r1ELNS_8bitwidth12compute_kindE0ELNS0_12decoder_kindE2ELNS0_13multiply_kindE0EEEvPKjS9_mNS0_12table_bundleIXT0_EEEPNS4_14compute_traitsIXT0_EE4typeE' for 'sm_90'
ptxas info    : Function properties for _ZN3aut12lns_strategy22dot_cooperative_kernelINS_3lns7lns4_r1ELNS_8bitwidth12compute_kindE0ELNS0_12decoder_kindE2ELNS0_13multiply_kindE0EEEvPKjS9_mNS0_12table_bundleIXT0_EEEPNS4_14compute_traitsIXT0_EE4typeE
    0 bytes stack frame, 0 bytes spill stores, 0 bytes spill loads
ptxas info    : Used 22 registers, used 1 barriers
ptxas info    : Compile time = 4.243 ms
ptxas info    : Compiling entry function '_ZN3aut12lns_strategy18gemv_thread_kernelINS_3lns7lns4_r1ELNS_8bitwidth12compute_kindE0ELNS4_14storage_layoutE1ELi8ELNS0_12decoder_kindE2ELNS0_13multiply_kindE0EEEvNS0_12storage_viewIT_XT1_EEESB_mmNS0_12table_bundleIXT0_EEEPNS4_14compute_traitsIXT0_EE4typeE' for 'sm_90'
ptxas info    : Function properties for _ZN3aut12lns_strategy18gemv_thread_kernelINS_3lns7lns4_r1ELNS_8bitwidth12compute_kindE0ELNS4_14storage_layoutE1ELi8ELNS0_12decoder_kindE2ELNS0_13multiply_kindE0EEEvNS0_12storage_viewIT_XT1_EEESB_mmNS0_12table_bundleIXT0_EEEPNS4_14compute_traitsIXT0_EE4typeE
    0 bytes stack frame, 0 bytes spill stores, 0 bytes spill loads
ptxas info    : Used 36 registers, used 1 barriers
ptxas info    : Compile time = 6.686 ms
ptxas info    : Compiling entry function '_ZN3aut12lns_strategy17dot_thread_kernelINS_3lns7lns4_r1ELNS_8bitwidth12compute_kindE0ELNS4_14storage_layoutE1ELi8ELNS0_12decoder_kindE2ELNS0_13multiply_kindE0EEEvNS0_12storage_viewIT_XT1_EEESB_mNS0_12table_bundleIXT0_EEEPNS4_14compute_traitsIXT0_EE4typeE' for 'sm_90'
ptxas info    : Function properties for _ZN3aut12lns_strategy17dot_thread_kernelINS_3lns7lns4_r1ELNS_8bitwidth12compute_kindE0ELNS4_14storage_layoutE1ELi8ELNS0_12decoder_kindE2ELNS0_13multiply_kindE0EEEvNS0_12storage_viewIT_XT1_EEESB_mNS0_12table_bundleIXT0_EEEPNS4_14compute_traitsIXT0_EE4typeE
    0 bytes stack frame, 0 bytes spill stores, 0 bytes spill loads
ptxas info    : Used 34 registers, used 1 barriers
ptxas info    : Compile time = 6.687 ms
ptxas info    : Compiling entry function '_ZN3aut12lns_strategy18gemv_thread_kernelINS_3lns7lns4_r1ELNS_8bitwidth12compute_kindE0ELNS4_14storage_layoutE1ELi4ELNS0_12decoder_kindE2ELNS0_13multiply_kindE0EEEvNS0_12storage_viewIT_XT1_EEESB_mmNS0_12table_bundleIXT0_EEEPNS4_14compute_traitsIXT0_EE4typeE' for 'sm_90'
ptxas info    : Function properties for _ZN3aut12lns_strategy18gemv_thread_kernelINS_3lns7lns4_r1ELNS_8bitwidth12compute_kindE0ELNS4_14storage_layoutE1ELi4ELNS0_12decoder_kindE2ELNS0_13multiply_kindE0EEEvNS0_12storage_viewIT_XT1_EEESB_mmNS0_12table_bundleIXT0_EEEPNS4_14compute_traitsIXT0_EE4typeE
    0 bytes stack frame, 0 bytes spill stores, 0 bytes spill loads
ptxas info    : Used 32 registers, used 1 barriers
ptxas info    : Compile time = 4.507 ms
ptxas info    : Compiling entry function '_ZN3aut12lns_strategy17dot_thread_kernelINS_3lns7lns4_r1ELNS_8bitwidth12compute_kindE0ELNS4_14storage_layoutE1ELi4ELNS0_12decoder_kindE2ELNS0_13multiply_kindE0EEEvNS0_12storage_viewIT_XT1_EEESB_mNS0_12table_bundleIXT0_EEEPNS4_14compute_traitsIXT0_EE4typeE' for 'sm_90'
ptxas info    : Function properties for _ZN3aut12lns_strategy17dot_thread_kernelINS_3lns7lns4_r1ELNS_8bitwidth12compute_kindE0ELNS4_14storage_layoutE1ELi4ELNS0_12decoder_kindE2ELNS0_13multiply_kindE0EEEvNS0_12storage_viewIT_XT1_EEESB_mNS0_12table_bundleIXT0_EEEPNS4_14compute_traitsIXT0_EE4typeE
    0 bytes stack frame, 0 bytes spill stores, 0 bytes spill loads
ptxas info    : Used 32 registers, used 1 barriers
ptxas info    : Compile time = 4.996 ms
ptxas info    : Compiling entry function '_ZN3aut12lns_strategy18gemv_thread_kernelINS_3lns7lns4_r1ELNS_8bitwidth12compute_kindE0ELNS4_14storage_layoutE1ELi2ELNS0_12decoder_kindE2ELNS0_13multiply_kindE0EEEvNS0_12storage_viewIT_XT1_EEESB_mmNS0_12table_bundleIXT0_EEEPNS4_14compute_traitsIXT0_EE4typeE' for 'sm_90'
ptxas info    : Function properties for _ZN3aut12lns_strategy18gemv_thread_kernelINS_3lns7lns4_r1ELNS_8bitwidth12compute_kindE0ELNS4_14storage_layoutE1ELi2ELNS0_12decoder_kindE2ELNS0_13multiply_kindE0EEEvNS0_12storage_viewIT_XT1_EEESB_mmNS0_12table_bundleIXT0_EEEPNS4_14compute_traitsIXT0_EE4typeE
    0 bytes stack frame, 0 bytes spill stores, 0 bytes spill loads
ptxas info    : Used 22 registers, used 1 barriers
ptxas info    : Compile time = 3.574 ms
ptxas info    : Compiling entry function '_ZN3aut12lns_strategy17dot_thread_kernelINS_3lns7lns4_r1ELNS_8bitwidth12compute_kindE0ELNS4_14storage_layoutE1ELi2ELNS0_12decoder_kindE2ELNS0_13multiply_kindE0EEEvNS0_12storage_viewIT_XT1_EEESB_mNS0_12table_bundleIXT0_EEEPNS4_14compute_traitsIXT0_EE4typeE' for 'sm_90'
ptxas info    : Function properties for _ZN3aut12lns_strategy17dot_thread_kernelINS_3lns7lns4_r1ELNS_8bitwidth12compute_kindE0ELNS4_14storage_layoutE1ELi2ELNS0_12decoder_kindE2ELNS0_13multiply_kindE0EEEvNS0_12storage_viewIT_XT1_EEESB_mNS0_12table_bundleIXT0_EEEPNS4_14compute_traitsIXT0_EE4typeE
    0 bytes stack frame, 0 bytes spill stores, 0 bytes spill loads
ptxas info    : Used 24 registers, used 1 barriers
ptxas info    : Compile time = 3.597 ms
ptxas info    : Compiling entry function '_ZN3aut12lns_strategy18gemv_thread_kernelINS_3lns7lns4_r1ELNS_8bitwidth12compute_kindE0ELNS4_14storage_layoutE0ELi8ELNS0_12decoder_kindE2ELNS0_13multiply_kindE0EEEvNS0_12storage_viewIT_XT1_EEESB_mmNS0_12table_bundleIXT0_EEEPNS4_14compute_traitsIXT0_EE4typeE' for 'sm_90'
ptxas info    : Function properties for _ZN3aut12lns_strategy18gemv_thread_kernelINS_3lns7lns4_r1ELNS_8bitwidth12compute_kindE0ELNS4_14storage_layoutE0ELi8ELNS0_12decoder_kindE2ELNS0_13multiply_kindE0EEEvNS0_12storage_viewIT_XT1_EEESB_mmNS0_12table_bundleIXT0_EEEPNS4_14compute_traitsIXT0_EE4typeE
    0 bytes stack frame, 0 bytes spill stores, 0 bytes spill loads
ptxas info    : Used 44 registers, used 1 barriers
ptxas info    : Compile time = 9.421 ms
ptxas info    : Compiling entry function '_ZN3aut12lns_strategy17dot_thread_kernelINS_3lns7lns4_r1ELNS_8bitwidth12compute_kindE0ELNS4_14storage_layoutE0ELi8ELNS0_12decoder_kindE2ELNS0_13multiply_kindE0EEEvNS0_12storage_viewIT_XT1_EEESB_mNS0_12table_bundleIXT0_EEEPNS4_14compute_traitsIXT0_EE4typeE' for 'sm_90'
ptxas info    : Function properties for _ZN3aut12lns_strategy17dot_thread_kernelINS_3lns7lns4_r1ELNS_8bitwidth12compute_kindE0ELNS4_14storage_layoutE0ELi8ELNS0_12decoder_kindE2ELNS0_13multiply_kindE0EEEvNS0_12storage_viewIT_XT1_EEESB_mNS0_12table_bundleIXT0_EEEPNS4_14compute_traitsIXT0_EE4typeE
    0 bytes stack frame, 0 bytes spill stores, 0 bytes spill loads
ptxas info    : Used 32 registers, used 1 barriers
ptxas info    : Compile time = 5.843 ms
ptxas info    : Compiling entry function '_ZN3aut12lns_strategy18gemv_thread_kernelINS_3lns7lns4_r1ELNS_8bitwidth12compute_kindE0ELNS4_14storage_layoutE0ELi4ELNS0_12decoder_kindE2ELNS0_13multiply_kindE0EEEvNS0_12storage_viewIT_XT1_EEESB_mmNS0_12table_bundleIXT0_EEEPNS4_14compute_traitsIXT0_EE4typeE' for 'sm_90'
ptxas info    : Function properties for _ZN3aut12lns_strategy18gemv_thread_kernelINS_3lns7lns4_r1ELNS_8bitwidth12compute_kindE0ELNS4_14storage_layoutE0ELi4ELNS0_12decoder_kindE2ELNS0_13multiply_kindE0EEEvNS0_12storage_viewIT_XT1_EEESB_mmNS0_12table_bundleIXT0_EEEPNS4_14compute_traitsIXT0_EE4typeE
    0 bytes stack frame, 0 bytes spill stores, 0 bytes spill loads
ptxas info    : Used 32 registers, used 1 barriers
ptxas info    : Compile time = 6.169 ms
ptxas info    : Compiling entry function '_ZN3aut12lns_strategy17dot_thread_kernelINS_3lns7lns4_r1ELNS_8bitwidth12compute_kindE0ELNS4_14storage_layoutE0ELi4ELNS0_12decoder_kindE2ELNS0_13multiply_kindE0EEEvNS0_12storage_viewIT_XT1_EEESB_mNS0_12table_bundleIXT0_EEEPNS4_14compute_traitsIXT0_EE4typeE' for 'sm_90'
ptxas info    : Function properties for _ZN3aut12lns_strategy17dot_thread_kernelINS_3lns7lns4_r1ELNS_8bitwidth12compute_kindE0ELNS4_14storage_layoutE0ELi4ELNS0_12decoder_kindE2ELNS0_13multiply_kindE0EEEvNS0_12storage_viewIT_XT1_EEESB_mNS0_12table_bundleIXT0_EEEPNS4_14compute_traitsIXT0_EE4typeE
    0 bytes stack frame, 0 bytes spill stores, 0 bytes spill loads
ptxas info    : Used 32 registers, used 1 barriers
ptxas info    : Compile time = 5.874 ms
ptxas info    : Compiling entry function '_ZN3aut12lns_strategy18gemv_thread_kernelINS_3lns7lns4_r1ELNS_8bitwidth12compute_kindE0ELNS4_14storage_layoutE0ELi2ELNS0_12decoder_kindE2ELNS0_13multiply_kindE0EEEvNS0_12storage_viewIT_XT1_EEESB_mmNS0_12table_bundleIXT0_EEEPNS4_14compute_traitsIXT0_EE4typeE' for 'sm_90'
ptxas info    : Function properties for _ZN3aut12lns_strategy18gemv_thread_kernelINS_3lns7lns4_r1ELNS_8bitwidth12compute_kindE0ELNS4_14storage_layoutE0ELi2ELNS0_12decoder_kindE2ELNS0_13multiply_kindE0EEEvNS0_12storage_viewIT_XT1_EEESB_mmNS0_12table_bundleIXT0_EEEPNS4_14compute_traitsIXT0_EE4typeE
    0 bytes stack frame, 0 bytes spill stores, 0 bytes spill loads
ptxas info    : Used 28 registers, used 1 barriers
ptxas info    : Compile time = 5.956 ms
ptxas info    : Compiling entry function '_ZN3aut12lns_strategy17dot_thread_kernelINS_3lns7lns4_r1ELNS_8bitwidth12compute_kindE0ELNS4_14storage_layoutE0ELi2ELNS0_12decoder_kindE2ELNS0_13multiply_kindE0EEEvNS0_12storage_viewIT_XT1_EEESB_mNS0_12table_bundleIXT0_EEEPNS4_14compute_traitsIXT0_EE4typeE' for 'sm_90'
ptxas info    : Function properties for _ZN3aut12lns_strategy17dot_thread_kernelINS_3lns7lns4_r1ELNS_8bitwidth12compute_kindE0ELNS4_14storage_layoutE0ELi2ELNS0_12decoder_kindE2ELNS0_13multiply_kindE0EEEvNS0_12storage_viewIT_XT1_EEESB_mNS0_12table_bundleIXT0_EEEPNS4_14compute_traitsIXT0_EE4typeE
    0 bytes stack frame, 0 bytes spill stores, 0 bytes spill loads
ptxas info    : Used 31 registers, used 1 barriers
ptxas info    : Compile time = 4.231 ms
ptxas info    : Compiling entry function '_ZN3aut12lns_strategy18gemv_thread_kernelINS_3lns7lns4_r1ELNS_8bitwidth12compute_kindE0ELNS4_14storage_layoutE1ELi1ELNS0_12decoder_kindE2ELNS0_13multiply_kindE0EEEvNS0_12storage_viewIT_XT1_EEESB_mmNS0_12table_bundleIXT0_EEEPNS4_14compute_traitsIXT0_EE4typeE' for 'sm_90'
ptxas info    : Function properties for _ZN3aut12lns_strategy18gemv_thread_kernelINS_3lns7lns4_r1ELNS_8bitwidth12compute_kindE0ELNS4_14storage_layoutE1ELi1ELNS0_12decoder_kindE2ELNS0_13multiply_kindE0EEEvNS0_12storage_viewIT_XT1_EEESB_mmNS0_12table_bundleIXT0_EEEPNS4_14compute_traitsIXT0_EE4typeE
    0 bytes stack frame, 0 bytes spill stores, 0 bytes spill loads
ptxas info    : Used 18 registers, used 1 barriers
ptxas info    : Compile time = 2.932 ms
ptxas info    : Compiling entry function '_ZN3aut12lns_strategy17dot_thread_kernelINS_3lns7lns4_r1ELNS_8bitwidth12compute_kindE0ELNS4_14storage_layoutE1ELi1ELNS0_12decoder_kindE2ELNS0_13multiply_kindE0EEEvNS0_12storage_viewIT_XT1_EEESB_mNS0_12table_bundleIXT0_EEEPNS4_14compute_traitsIXT0_EE4typeE' for 'sm_90'
ptxas info    : Function properties for _ZN3aut12lns_strategy17dot_thread_kernelINS_3lns7lns4_r1ELNS_8bitwidth12compute_kindE0ELNS4_14storage_layoutE1ELi1ELNS0_12decoder_kindE2ELNS0_13multiply_kindE0EEEvNS0_12storage_viewIT_XT1_EEESB_mNS0_12table_bundleIXT0_EEEPNS4_14compute_traitsIXT0_EE4typeE
    0 bytes stack frame, 0 bytes spill stores, 0 bytes spill loads
ptxas info    : Used 22 registers, used 1 barriers
ptxas info    : Compile time = 2.757 ms
ptxas info    : Compiling entry function '_ZN3aut12lns_strategy18gemv_thread_kernelINS_3lns7lns4_r1ELNS_8bitwidth12compute_kindE0ELNS4_14storage_layoutE0ELi1ELNS0_12decoder_kindE2ELNS0_13multiply_kindE0EEEvNS0_12storage_viewIT_XT1_EEESB_mmNS0_12table_bundleIXT0_EEEPNS4_14compute_traitsIXT0_EE4typeE' for 'sm_90'
ptxas info    : Function properties for _ZN3aut12lns_strategy18gemv_thread_kernelINS_3lns7lns4_r1ELNS_8bitwidth12compute_kindE0ELNS4_14storage_layoutE0ELi1ELNS0_12decoder_kindE2ELNS0_13multiply_kindE0EEEvNS0_12storage_viewIT_XT1_EEESB_mmNS0_12table_bundleIXT0_EEEPNS4_14compute_traitsIXT0_EE4typeE
    0 bytes stack frame, 0 bytes spill stores, 0 bytes spill loads
ptxas info    : Used 20 registers, used 1 barriers
ptxas info    : Compile time = 3.305 ms
ptxas info    : Compiling entry function '_ZN3aut12lns_strategy17dot_thread_kernelINS_3lns7lns4_r1ELNS_8bitwidth12compute_kindE0ELNS4_14storage_layoutE0ELi1ELNS0_12decoder_kindE2ELNS0_13multiply_kindE0EEEvNS0_12storage_viewIT_XT1_EEESB_mNS0_12table_bundleIXT0_EEEPNS4_14compute_traitsIXT0_EE4typeE' for 'sm_90'
ptxas info    : Function properties for _ZN3aut12lns_strategy17dot_thread_kernelINS_3lns7lns4_r1ELNS_8bitwidth12compute_kindE0ELNS4_14storage_layoutE0ELi1ELNS0_12decoder_kindE2ELNS0_13multiply_kindE0EEEvNS0_12storage_viewIT_XT1_EEESB_mNS0_12table_bundleIXT0_EEEPNS4_14compute_traitsIXT0_EE4typeE
    0 bytes stack frame, 0 bytes spill stores, 0 bytes spill loads
ptxas info    : Used 21 registers, used 1 barriers
ptxas info    : Compile time = 3.074 ms
ptxas info    : Compiling entry function '_ZN3aut12lns_strategy23gemv_cooperative_kernelINS_3lns7lns4_r1ELNS_8bitwidth12compute_kindE0ELNS0_12decoder_kindE1ELNS0_13multiply_kindE1EEEvPKjS9_mmNS0_12table_bundleIXT0_EEEPNS4_14compute_traitsIXT0_EE4typeE' for 'sm_90'
ptxas info    : Function properties for _ZN3aut12lns_strategy23gemv_cooperative_kernelINS_3lns7lns4_r1ELNS_8bitwidth12compute_kindE0ELNS0_12decoder_kindE1ELNS0_13multiply_kindE1EEEvPKjS9_mmNS0_12table_bundleIXT0_EEEPNS4_14compute_traitsIXT0_EE4typeE
    0 bytes stack frame, 0 bytes spill stores, 0 bytes spill loads
ptxas info    : Used 23 registers, used 1 barriers
ptxas info    : Compile time = 5.443 ms
ptxas info    : Compiling entry function '_ZN3aut12lns_strategy22dot_cooperative_kernelINS_3lns7lns4_r1ELNS_8bitwidth12compute_kindE0ELNS0_12decoder_kindE1ELNS0_13multiply_kindE1EEEvPKjS9_mNS0_12table_bundleIXT0_EEEPNS4_14compute_traitsIXT0_EE4typeE' for 'sm_90'
ptxas info    : Function properties for _ZN3aut12lns_strategy22dot_cooperative_kernelINS_3lns7lns4_r1ELNS_8bitwidth12compute_kindE0ELNS0_12decoder_kindE1ELNS0_13multiply_kindE1EEEvPKjS9_mNS0_12table_bundleIXT0_EEEPNS4_14compute_traitsIXT0_EE4typeE
    0 bytes stack frame, 0 bytes spill stores, 0 bytes spill loads
ptxas info    : Used 21 registers, used 1 barriers
ptxas info    : Compile time = 5.323 ms
ptxas info    : Compiling entry function '_ZN3aut12lns_strategy18gemv_thread_kernelINS_3lns7lns4_r1ELNS_8bitwidth12compute_kindE0ELNS4_14storage_layoutE1ELi8ELNS0_12decoder_kindE1ELNS0_13multiply_kindE1EEEvNS0_12storage_viewIT_XT1_EEESB_mmNS0_12table_bundleIXT0_EEEPNS4_14compute_traitsIXT0_EE4typeE' for 'sm_90'
ptxas info    : Function properties for _ZN3aut12lns_strategy18gemv_thread_kernelINS_3lns7lns4_r1ELNS_8bitwidth12compute_kindE0ELNS4_14storage_layoutE1ELi8ELNS0_12decoder_kindE1ELNS0_13multiply_kindE1EEEvNS0_12storage_viewIT_XT1_EEESB_mmNS0_12table_bundleIXT0_EEEPNS4_14compute_traitsIXT0_EE4typeE
    0 bytes stack frame, 0 bytes spill stores, 0 bytes spill loads
ptxas info    : Used 32 registers, used 1 barriers
ptxas info    : Compile time = 11.165 ms
ptxas info    : Compiling entry function '_ZN3aut12lns_strategy17dot_thread_kernelINS_3lns7lns4_r1ELNS_8bitwidth12compute_kindE0ELNS4_14storage_layoutE1ELi8ELNS0_12decoder_kindE1ELNS0_13multiply_kindE1EEEvNS0_12storage_viewIT_XT1_EEESB_mNS0_12table_bundleIXT0_EEEPNS4_14compute_traitsIXT0_EE4typeE' for 'sm_90'
ptxas info    : Function properties for _ZN3aut12lns_strategy17dot_thread_kernelINS_3lns7lns4_r1ELNS_8bitwidth12compute_kindE0ELNS4_14storage_layoutE1ELi8ELNS0_12decoder_kindE1ELNS0_13multiply_kindE1EEEvNS0_12storage_viewIT_XT1_EEESB_mNS0_12table_bundleIXT0_EEEPNS4_14compute_traitsIXT0_EE4typeE
    0 bytes stack frame, 0 bytes spill stores, 0 bytes spill loads
ptxas info    : Used 35 registers, used 1 barriers
ptxas info    : Compile time = 11.114 ms
ptxas info    : Compiling entry function '_ZN3aut12lns_strategy18gemv_thread_kernelINS_3lns7lns4_r1ELNS_8bitwidth12compute_kindE0ELNS4_14storage_layoutE1ELi4ELNS0_12decoder_kindE1ELNS0_13multiply_kindE1EEEvNS0_12storage_viewIT_XT1_EEESB_mmNS0_12table_bundleIXT0_EEEPNS4_14compute_traitsIXT0_EE4typeE' for 'sm_90'
ptxas info    : Function properties for _ZN3aut12lns_strategy18gemv_thread_kernelINS_3lns7lns4_r1ELNS_8bitwidth12compute_kindE0ELNS4_14storage_layoutE1ELi4ELNS0_12decoder_kindE1ELNS0_13multiply_kindE1EEEvNS0_12storage_viewIT_XT1_EEESB_mmNS0_12table_bundleIXT0_EEEPNS4_14compute_traitsIXT0_EE4typeE
    0 bytes stack frame, 0 bytes spill stores, 0 bytes spill loads
ptxas info    : Used 23 registers, used 1 barriers
ptxas info    : Compile time = 7.121 ms
ptxas info    : Compiling entry function '_ZN3aut12lns_strategy17dot_thread_kernelINS_3lns7lns4_r1ELNS_8bitwidth12compute_kindE0ELNS4_14storage_layoutE1ELi4ELNS0_12decoder_kindE1ELNS0_13multiply_kindE1EEEvNS0_12storage_viewIT_XT1_EEESB_mNS0_12table_bundleIXT0_EEEPNS4_14compute_traitsIXT0_EE4typeE' for 'sm_90'
ptxas info    : Function properties for _ZN3aut12lns_strategy17dot_thread_kernelINS_3lns7lns4_r1ELNS_8bitwidth12compute_kindE0ELNS4_14storage_layoutE1ELi4ELNS0_12decoder_kindE1ELNS0_13multiply_kindE1EEEvNS0_12storage_viewIT_XT1_EEESB_mNS0_12table_bundleIXT0_EEEPNS4_14compute_traitsIXT0_EE4typeE
    0 bytes stack frame, 0 bytes spill stores, 0 bytes spill loads
ptxas info    : Used 27 registers, used 1 barriers
ptxas info    : Compile time = 7.202 ms
ptxas info    : Compiling entry function '_ZN3aut12lns_strategy18gemv_thread_kernelINS_3lns7lns4_r1ELNS_8bitwidth12compute_kindE0ELNS4_14storage_layoutE1ELi2ELNS0_12decoder_kindE1ELNS0_13multiply_kindE1EEEvNS0_12storage_viewIT_XT1_EEESB_mmNS0_12table_bundleIXT0_EEEPNS4_14compute_traitsIXT0_EE4typeE' for 'sm_90'
ptxas info    : Function properties for _ZN3aut12lns_strategy18gemv_thread_kernelINS_3lns7lns4_r1ELNS_8bitwidth12compute_kindE0ELNS4_14storage_layoutE1ELi2ELNS0_12decoder_kindE1ELNS0_13multiply_kindE1EEEvNS0_12storage_viewIT_XT1_EEESB_mmNS0_12table_bundleIXT0_EEEPNS4_14compute_traitsIXT0_EE4typeE
    0 bytes stack frame, 0 bytes spill stores, 0 bytes spill loads
ptxas info    : Used 19 registers, used 1 barriers
ptxas info    : Compile time = 5.184 ms
ptxas info    : Compiling entry function '_ZN3aut12lns_strategy17dot_thread_kernelINS_3lns7lns4_r1ELNS_8bitwidth12compute_kindE0ELNS4_14storage_layoutE1ELi2ELNS0_12decoder_kindE1ELNS0_13multiply_kindE1EEEvNS0_12storage_viewIT_XT1_EEESB_mNS0_12table_bundleIXT0_EEEPNS4_14compute_traitsIXT0_EE4typeE' for 'sm_90'
ptxas info    : Function properties for _ZN3aut12lns_strategy17dot_thread_kernelINS_3lns7lns4_r1ELNS_8bitwidth12compute_kindE0ELNS4_14storage_layoutE1ELi2ELNS0_12decoder_kindE1ELNS0_13multiply_kindE1EEEvNS0_12storage_viewIT_XT1_EEESB_mNS0_12table_bundleIXT0_EEEPNS4_14compute_traitsIXT0_EE4typeE
    0 bytes stack frame, 0 bytes spill stores, 0 bytes spill loads
ptxas info    : Used 25 registers, used 1 barriers
ptxas info    : Compile time = 5.232 ms
ptxas info    : Compiling entry function '_ZN3aut12lns_strategy18gemv_thread_kernelINS_3lns7lns4_r1ELNS_8bitwidth12compute_kindE0ELNS4_14storage_layoutE0ELi8ELNS0_12decoder_kindE1ELNS0_13multiply_kindE1EEEvNS0_12storage_viewIT_XT1_EEESB_mmNS0_12table_bundleIXT0_EEEPNS4_14compute_traitsIXT0_EE4typeE' for 'sm_90'
ptxas info    : Function properties for _ZN3aut12lns_strategy18gemv_thread_kernelINS_3lns7lns4_r1ELNS_8bitwidth12compute_kindE0ELNS4_14storage_layoutE0ELi8ELNS0_12decoder_kindE1ELNS0_13multiply_kindE1EEEvNS0_12storage_viewIT_XT1_EEESB_mmNS0_12table_bundleIXT0_EEEPNS4_14compute_traitsIXT0_EE4typeE
    0 bytes stack frame, 0 bytes spill stores, 0 bytes spill loads
ptxas info    : Used 56 registers, used 1 barriers
ptxas info    : Compile time = 14.566 ms
ptxas info    : Compiling entry function '_ZN3aut12lns_strategy17dot_thread_kernelINS_3lns7lns4_r1ELNS_8bitwidth12compute_kindE0ELNS4_14storage_layoutE0ELi8ELNS0_12decoder_kindE1ELNS0_13multiply_kindE1EEEvNS0_12storage_viewIT_XT1_EEESB_mNS0_12table_bundleIXT0_EEEPNS4_14compute_traitsIXT0_EE4typeE' for 'sm_90'
ptxas info    : Function properties for _ZN3aut12lns_strategy17dot_thread_kernelINS_3lns7lns4_r1ELNS_8bitwidth12compute_kindE0ELNS4_14storage_layoutE0ELi8ELNS0_12decoder_kindE1ELNS0_13multiply_kindE1EEEvNS0_12storage_viewIT_XT1_EEESB_mNS0_12table_bundleIXT0_EEEPNS4_14compute_traitsIXT0_EE4typeE
    0 bytes stack frame, 0 bytes spill stores, 0 bytes spill loads
ptxas info    : Used 51 registers, used 1 barriers
ptxas info    : Compile time = 11.339 ms
ptxas info    : Compiling entry function '_ZN3aut12lns_strategy18gemv_thread_kernelINS_3lns7lns4_r1ELNS_8bitwidth12compute_kindE0ELNS4_14storage_layoutE0ELi4ELNS0_12decoder_kindE1ELNS0_13multiply_kindE1EEEvNS0_12storage_viewIT_XT1_EEESB_mmNS0_12table_bundleIXT0_EEEPNS4_14compute_traitsIXT0_EE4typeE' for 'sm_90'
ptxas info    : Function properties for _ZN3aut12lns_strategy18gemv_thread_kernelINS_3lns7lns4_r1ELNS_8bitwidth12compute_kindE0ELNS4_14storage_layoutE0ELi4ELNS0_12decoder_kindE1ELNS0_13multiply_kindE1EEEvNS0_12storage_viewIT_XT1_EEESB_mmNS0_12table_bundleIXT0_EEEPNS4_14compute_traitsIXT0_EE4typeE
    0 bytes stack frame, 0 bytes spill stores, 0 bytes spill loads
ptxas info    : Used 32 registers, used 1 barriers
ptxas info    : Compile time = 9.420 ms
ptxas info    : Compiling entry function '_ZN3aut12lns_strategy17dot_thread_kernelINS_3lns7lns4_r1ELNS_8bitwidth12compute_kindE0ELNS4_14storage_layoutE0ELi4ELNS0_12decoder_kindE1ELNS0_13multiply_kindE1EEEvNS0_12storage_viewIT_XT1_EEESB_mNS0_12table_bundleIXT0_EEEPNS4_14compute_traitsIXT0_EE4typeE' for 'sm_90'
ptxas info    : Function properties for _ZN3aut12lns_strategy17dot_thread_kernelINS_3lns7lns4_r1ELNS_8bitwidth12compute_kindE0ELNS4_14storage_layoutE0ELi4ELNS0_12decoder_kindE1ELNS0_13multiply_kindE1EEEvNS0_12storage_viewIT_XT1_EEESB_mNS0_12table_bundleIXT0_EEEPNS4_14compute_traitsIXT0_EE4typeE
    0 bytes stack frame, 0 bytes spill stores, 0 bytes spill loads
ptxas info    : Used 32 registers, used 1 barriers
ptxas info    : Compile time = 8.937 ms
ptxas info    : Compiling entry function '_ZN3aut12lns_strategy18gemv_thread_kernelINS_3lns7lns4_r1ELNS_8bitwidth12compute_kindE0ELNS4_14storage_layoutE0ELi2ELNS0_12decoder_kindE1ELNS0_13multiply_kindE1EEEvNS0_12storage_viewIT_XT1_EEESB_mmNS0_12table_bundleIXT0_EEEPNS4_14compute_traitsIXT0_EE4typeE' for 'sm_90'
ptxas info    : Function properties for _ZN3aut12lns_strategy18gemv_thread_kernelINS_3lns7lns4_r1ELNS_8bitwidth12compute_kindE0ELNS4_14storage_layoutE0ELi2ELNS0_12decoder_kindE1ELNS0_13multiply_kindE1EEEvNS0_12storage_viewIT_XT1_EEESB_mmNS0_12table_bundleIXT0_EEEPNS4_14compute_traitsIXT0_EE4typeE
    0 bytes stack frame, 0 bytes spill stores, 0 bytes spill loads
ptxas info    : Used 31 registers, used 1 barriers
ptxas info    : Compile time = 6.230 ms
ptxas info    : Compiling entry function '_ZN3aut12lns_strategy17dot_thread_kernelINS_3lns7lns4_r1ELNS_8bitwidth12compute_kindE0ELNS4_14storage_layoutE0ELi2ELNS0_12decoder_kindE1ELNS0_13multiply_kindE1EEEvNS0_12storage_viewIT_XT1_EEESB_mNS0_12table_bundleIXT0_EEEPNS4_14compute_traitsIXT0_EE4typeE' for 'sm_90'
ptxas info    : Function properties for _ZN3aut12lns_strategy17dot_thread_kernelINS_3lns7lns4_r1ELNS_8bitwidth12compute_kindE0ELNS4_14storage_layoutE0ELi2ELNS0_12decoder_kindE1ELNS0_13multiply_kindE1EEEvNS0_12storage_viewIT_XT1_EEESB_mNS0_12table_bundleIXT0_EEEPNS4_14compute_traitsIXT0_EE4typeE
    0 bytes stack frame, 0 bytes spill stores, 0 bytes spill loads
ptxas info    : Used 32 registers, used 1 barriers
ptxas info    : Compile time = 5.981 ms
ptxas info    : Compiling entry function '_ZN3aut12lns_strategy18gemv_thread_kernelINS_3lns7lns4_r1ELNS_8bitwidth12compute_kindE0ELNS4_14storage_layoutE1ELi1ELNS0_12decoder_kindE1ELNS0_13multiply_kindE1EEEvNS0_12storage_viewIT_XT1_EEESB_mmNS0_12table_bundleIXT0_EEEPNS4_14compute_traitsIXT0_EE4typeE' for 'sm_90'
ptxas info    : Function properties for _ZN3aut12lns_strategy18gemv_thread_kernelINS_3lns7lns4_r1ELNS_8bitwidth12compute_kindE0ELNS4_14storage_layoutE1ELi1ELNS0_12decoder_kindE1ELNS0_13multiply_kindE1EEEvNS0_12storage_viewIT_XT1_EEESB_mmNS0_12table_bundleIXT0_EEEPNS4_14compute_traitsIXT0_EE4typeE
    0 bytes stack frame, 0 bytes spill stores, 0 bytes spill loads
ptxas info    : Used 18 registers, used 1 barriers
ptxas info    : Compile time = 3.985 ms
ptxas info    : Compiling entry function '_ZN3aut12lns_strategy17dot_thread_kernelINS_3lns7lns4_r1ELNS_8bitwidth12compute_kindE0ELNS4_14storage_layoutE1ELi1ELNS0_12decoder_kindE1ELNS0_13multiply_kindE1EEEvNS0_12storage_viewIT_XT1_EEESB_mNS0_12table_bundleIXT0_EEEPNS4_14compute_traitsIXT0_EE4typeE' for 'sm_90'
ptxas info    : Function properties for _ZN3aut12lns_strategy17dot_thread_kernelINS_3lns7lns4_r1ELNS_8bitwidth12compute_kindE0ELNS4_14storage_layoutE1ELi1ELNS0_12decoder_kindE1ELNS0_13multiply_kindE1EEEvNS0_12storage_viewIT_XT1_EEESB_mNS0_12table_bundleIXT0_EEEPNS4_14compute_traitsIXT0_EE4typeE
    0 bytes stack frame, 0 bytes spill stores, 0 bytes spill loads
ptxas info    : Used 20 registers, used 1 barriers
ptxas info    : Compile time = 3.850 ms
ptxas info    : Compiling entry function '_ZN3aut12lns_strategy18gemv_thread_kernelINS_3lns7lns4_r1ELNS_8bitwidth12compute_kindE0ELNS4_14storage_layoutE0ELi1ELNS0_12decoder_kindE1ELNS0_13multiply_kindE1EEEvNS0_12storage_viewIT_XT1_EEESB_mmNS0_12table_bundleIXT0_EEEPNS4_14compute_traitsIXT0_EE4typeE' for 'sm_90'
ptxas info    : Function properties for _ZN3aut12lns_strategy18gemv_thread_kernelINS_3lns7lns4_r1ELNS_8bitwidth12compute_kindE0ELNS4_14storage_layoutE0ELi1ELNS0_12decoder_kindE1ELNS0_13multiply_kindE1EEEvNS0_12storage_viewIT_XT1_EEESB_mmNS0_12table_bundleIXT0_EEEPNS4_14compute_traitsIXT0_EE4typeE
    0 bytes stack frame, 0 bytes spill stores, 0 bytes spill loads
ptxas info    : Used 22 registers, used 1 barriers
ptxas info    : Compile time = 4.363 ms
ptxas info    : Compiling entry function '_ZN3aut12lns_strategy17dot_thread_kernelINS_3lns7lns4_r1ELNS_8bitwidth12compute_kindE0ELNS4_14storage_layoutE0ELi1ELNS0_12decoder_kindE1ELNS0_13multiply_kindE1EEEvNS0_12storage_viewIT_XT1_EEESB_mNS0_12table_bundleIXT0_EEEPNS4_14compute_traitsIXT0_EE4typeE' for 'sm_90'
ptxas info    : Function properties for _ZN3aut12lns_strategy17dot_thread_kernelINS_3lns7lns4_r1ELNS_8bitwidth12compute_kindE0ELNS4_14storage_layoutE0ELi1ELNS0_12decoder_kindE1ELNS0_13multiply_kindE1EEEvNS0_12storage_viewIT_XT1_EEESB_mNS0_12table_bundleIXT0_EEEPNS4_14compute_traitsIXT0_EE4typeE
    0 bytes stack frame, 0 bytes spill stores, 0 bytes spill loads
ptxas info    : Used 21 registers, used 1 barriers
ptxas info    : Compile time = 4.244 ms
ptxas info    : Compiling entry function '_ZN3aut12lns_strategy23gemv_cooperative_kernelINS_3lns7lns4_r1ELNS_8bitwidth12compute_kindE0ELNS0_12decoder_kindE1ELNS0_13multiply_kindE0EEEvPKjS9_mmNS0_12table_bundleIXT0_EEEPNS4_14compute_traitsIXT0_EE4typeE' for 'sm_90'
ptxas info    : Function properties for _ZN3aut12lns_strategy23gemv_cooperative_kernelINS_3lns7lns4_r1ELNS_8bitwidth12compute_kindE0ELNS0_12decoder_kindE1ELNS0_13multiply_kindE0EEEvPKjS9_mmNS0_12table_bundleIXT0_EEEPNS4_14compute_traitsIXT0_EE4typeE
    0 bytes stack frame, 0 bytes spill stores, 0 bytes spill loads
ptxas info    : Used 23 registers, used 1 barriers
ptxas info    : Compile time = 5.019 ms
ptxas info    : Compiling entry function '_ZN3aut12lns_strategy22dot_cooperative_kernelINS_3lns7lns4_r1ELNS_8bitwidth12compute_kindE0ELNS0_12decoder_kindE1ELNS0_13multiply_kindE0EEEvPKjS9_mNS0_12table_bundleIXT0_EEEPNS4_14compute_traitsIXT0_EE4typeE' for 'sm_90'
ptxas info    : Function properties for _ZN3aut12lns_strategy22dot_cooperative_kernelINS_3lns7lns4_r1ELNS_8bitwidth12compute_kindE0ELNS0_12decoder_kindE1ELNS0_13multiply_kindE0EEEvPKjS9_mNS0_12table_bundleIXT0_EEEPNS4_14compute_traitsIXT0_EE4typeE
    0 bytes stack frame, 0 bytes spill stores, 0 bytes spill loads
ptxas info    : Used 20 registers, used 1 barriers
ptxas info    : Compile time = 4.901 ms
ptxas info    : Compiling entry function '_ZN3aut12lns_strategy18gemv_thread_kernelINS_3lns7lns4_r1ELNS_8bitwidth12compute_kindE0ELNS4_14storage_layoutE1ELi8ELNS0_12decoder_kindE1ELNS0_13multiply_kindE0EEEvNS0_12storage_viewIT_XT1_EEESB_mmNS0_12table_bundleIXT0_EEEPNS4_14compute_traitsIXT0_EE4typeE' for 'sm_90'
ptxas info    : Function properties for _ZN3aut12lns_strategy18gemv_thread_kernelINS_3lns7lns4_r1ELNS_8bitwidth12compute_kindE0ELNS4_14storage_layoutE1ELi8ELNS0_12decoder_kindE1ELNS0_13multiply_kindE0EEEvNS0_12storage_viewIT_XT1_EEESB_mmNS0_12table_bundleIXT0_EEEPNS4_14compute_traitsIXT0_EE4typeE
    0 bytes stack frame, 0 bytes spill stores, 0 bytes spill loads
ptxas info    : Used 30 registers, used 1 barriers
ptxas info    : Compile time = 9.489 ms
ptxas info    : Compiling entry function '_ZN3aut12lns_strategy17dot_thread_kernelINS_3lns7lns4_r1ELNS_8bitwidth12compute_kindE0ELNS4_14storage_layoutE1ELi8ELNS0_12decoder_kindE1ELNS0_13multiply_kindE0EEEvNS0_12storage_viewIT_XT1_EEESB_mNS0_12table_bundleIXT0_EEEPNS4_14compute_traitsIXT0_EE4typeE' for 'sm_90'
ptxas info    : Function properties for _ZN3aut12lns_strategy17dot_thread_kernelINS_3lns7lns4_r1ELNS_8bitwidth12compute_kindE0ELNS4_14storage_layoutE1ELi8ELNS0_12decoder_kindE1ELNS0_13multiply_kindE0EEEvNS0_12storage_viewIT_XT1_EEESB_mNS0_12table_bundleIXT0_EEEPNS4_14compute_traitsIXT0_EE4typeE
    0 bytes stack frame, 0 bytes spill stores, 0 bytes spill loads
ptxas info    : Used 32 registers, used 1 barriers
ptxas info    : Compile time = 9.451 ms
ptxas info    : Compiling entry function '_ZN3aut12lns_strategy18gemv_thread_kernelINS_3lns7lns4_r1ELNS_8bitwidth12compute_kindE0ELNS4_14storage_layoutE1ELi4ELNS0_12decoder_kindE1ELNS0_13multiply_kindE0EEEvNS0_12storage_viewIT_XT1_EEESB_mmNS0_12table_bundleIXT0_EEEPNS4_14compute_traitsIXT0_EE4typeE' for 'sm_90'
ptxas info    : Function properties for _ZN3aut12lns_strategy18gemv_thread_kernelINS_3lns7lns4_r1ELNS_8bitwidth12compute_kindE0ELNS4_14storage_layoutE1ELi4ELNS0_12decoder_kindE1ELNS0_13multiply_kindE0EEEvNS0_12storage_viewIT_XT1_EEESB_mmNS0_12table_bundleIXT0_EEEPNS4_14compute_traitsIXT0_EE4typeE
    0 bytes stack frame, 0 bytes spill stores, 0 bytes spill loads
ptxas info    : Used 21 registers, used 1 barriers
ptxas info    : Compile time = 6.151 ms
ptxas info    : Compiling entry function '_ZN3aut12lns_strategy17dot_thread_kernelINS_3lns7lns4_r1ELNS_8bitwidth12compute_kindE0ELNS4_14storage_layoutE1ELi4ELNS0_12decoder_kindE1ELNS0_13multiply_kindE0EEEvNS0_12storage_viewIT_XT1_EEESB_mNS0_12table_bundleIXT0_EEEPNS4_14compute_traitsIXT0_EE4typeE' for 'sm_90'
ptxas info    : Function properties for _ZN3aut12lns_strategy17dot_thread_kernelINS_3lns7lns4_r1ELNS_8bitwidth12compute_kindE0ELNS4_14storage_layoutE1ELi4ELNS0_12decoder_kindE1ELNS0_13multiply_kindE0EEEvNS0_12storage_viewIT_XT1_EEESB_mNS0_12table_bundleIXT0_EEEPNS4_14compute_traitsIXT0_EE4typeE
    0 bytes stack frame, 0 bytes spill stores, 0 bytes spill loads
ptxas info    : Used 28 registers, used 1 barriers
ptxas info    : Compile time = 6.165 ms
ptxas info    : Compiling entry function '_ZN3aut12lns_strategy18gemv_thread_kernelINS_3lns7lns4_r1ELNS_8bitwidth12compute_kindE0ELNS4_14storage_layoutE1ELi2ELNS0_12decoder_kindE1ELNS0_13multiply_kindE0EEEvNS0_12storage_viewIT_XT1_EEESB_mmNS0_12table_bundleIXT0_EEEPNS4_14compute_traitsIXT0_EE4typeE' for 'sm_90'
ptxas info    : Function properties for _ZN3aut12lns_strategy18gemv_thread_kernelINS_3lns7lns4_r1ELNS_8bitwidth12compute_kindE0ELNS4_14storage_layoutE1ELi2ELNS0_12decoder_kindE1ELNS0_13multiply_kindE0EEEvNS0_12storage_viewIT_XT1_EEESB_mmNS0_12table_bundleIXT0_EEEPNS4_14compute_traitsIXT0_EE4typeE
    0 bytes stack frame, 0 bytes spill stores, 0 bytes spill loads
ptxas info    : Used 17 registers, used 1 barriers
ptxas info    : Compile time = 4.615 ms
ptxas info    : Compiling entry function '_ZN3aut12lns_strategy17dot_thread_kernelINS_3lns7lns4_r1ELNS_8bitwidth12compute_kindE0ELNS4_14storage_layoutE1ELi2ELNS0_12decoder_kindE1ELNS0_13multiply_kindE0EEEvNS0_12storage_viewIT_XT1_EEESB_mNS0_12table_bundleIXT0_EEEPNS4_14compute_traitsIXT0_EE4typeE' for 'sm_90'
ptxas info    : Function properties for _ZN3aut12lns_strategy17dot_thread_kernelINS_3lns7lns4_r1ELNS_8bitwidth12compute_kindE0ELNS4_14storage_layoutE1ELi2ELNS0_12decoder_kindE1ELNS0_13multiply_kindE0EEEvNS0_12storage_viewIT_XT1_EEESB_mNS0_12table_bundleIXT0_EEEPNS4_14compute_traitsIXT0_EE4typeE
    0 bytes stack frame, 0 bytes spill stores, 0 bytes spill loads
ptxas info    : Used 23 registers, used 1 barriers
ptxas info    : Compile time = 4.630 ms
ptxas info    : Compiling entry function '_ZN3aut12lns_strategy18gemv_thread_kernelINS_3lns7lns4_r1ELNS_8bitwidth12compute_kindE0ELNS4_14storage_layoutE0ELi8ELNS0_12decoder_kindE1ELNS0_13multiply_kindE0EEEvNS0_12storage_viewIT_XT1_EEESB_mmNS0_12table_bundleIXT0_EEEPNS4_14compute_traitsIXT0_EE4typeE' for 'sm_90'
ptxas info    : Function properties for _ZN3aut12lns_strategy18gemv_thread_kernelINS_3lns7lns4_r1ELNS_8bitwidth12compute_kindE0ELNS4_14storage_layoutE0ELi8ELNS0_12decoder_kindE1ELNS0_13multiply_kindE0EEEvNS0_12storage_viewIT_XT1_EEESB_mmNS0_12table_bundleIXT0_EEEPNS4_14compute_traitsIXT0_EE4typeE
    0 bytes stack frame, 0 bytes spill stores, 0 bytes spill loads
ptxas info    : Used 40 registers, used 1 barriers
ptxas info    : Compile time = 12.792 ms
ptxas info    : Compiling entry function '_ZN3aut12lns_strategy17dot_thread_kernelINS_3lns7lns4_r1ELNS_8bitwidth12compute_kindE0ELNS4_14storage_layoutE0ELi8ELNS0_12decoder_kindE1ELNS0_13multiply_kindE0EEEvNS0_12storage_viewIT_XT1_EEESB_mNS0_12table_bundleIXT0_EEEPNS4_14compute_traitsIXT0_EE4typeE' for 'sm_90'
ptxas info    : Function properties for _ZN3aut12lns_strategy17dot_thread_kernelINS_3lns7lns4_r1ELNS_8bitwidth12compute_kindE0ELNS4_14storage_layoutE0ELi8ELNS0_12decoder_kindE1ELNS0_13multiply_kindE0EEEvNS0_12storage_viewIT_XT1_EEESB_mNS0_12table_bundleIXT0_EEEPNS4_14compute_traitsIXT0_EE4typeE
    0 bytes stack frame, 0 bytes spill stores, 0 bytes spill loads
ptxas info    : Used 36 registers, used 1 barriers
ptxas info    : Compile time = 9.817 ms
ptxas info    : Compiling entry function '_ZN3aut12lns_strategy18gemv_thread_kernelINS_3lns7lns4_r1ELNS_8bitwidth12compute_kindE0ELNS4_14storage_layoutE0ELi4ELNS0_12decoder_kindE1ELNS0_13multiply_kindE0EEEvNS0_12storage_viewIT_XT1_EEESB_mmNS0_12table_bundleIXT0_EEEPNS4_14compute_traitsIXT0_EE4typeE' for 'sm_90'
ptxas info    : Function properties for _ZN3aut12lns_strategy18gemv_thread_kernelINS_3lns7lns4_r1ELNS_8bitwidth12compute_kindE0ELNS4_14storage_layoutE0ELi4ELNS0_12decoder_kindE1ELNS0_13multiply_kindE0EEEvNS0_12storage_viewIT_XT1_EEESB_mmNS0_12table_bundleIXT0_EEEPNS4_14compute_traitsIXT0_EE4typeE
    0 bytes stack frame, 0 bytes spill stores, 0 bytes spill loads
ptxas info    : Used 32 registers, used 1 barriers
ptxas info    : Compile time = 8.049 ms
ptxas info    : Compiling entry function '_ZN3aut12lns_strategy17dot_thread_kernelINS_3lns7lns4_r1ELNS_8bitwidth12compute_kindE0ELNS4_14storage_layoutE0ELi4ELNS0_12decoder_kindE1ELNS0_13multiply_kindE0EEEvNS0_12storage_viewIT_XT1_EEESB_mNS0_12table_bundleIXT0_EEEPNS4_14compute_traitsIXT0_EE4typeE' for 'sm_90'
ptxas info    : Function properties for _ZN3aut12lns_strategy17dot_thread_kernelINS_3lns7lns4_r1ELNS_8bitwidth12compute_kindE0ELNS4_14storage_layoutE0ELi4ELNS0_12decoder_kindE1ELNS0_13multiply_kindE0EEEvNS0_12storage_viewIT_XT1_EEESB_mNS0_12table_bundleIXT0_EEEPNS4_14compute_traitsIXT0_EE4typeE
    0 bytes stack frame, 0 bytes spill stores, 0 bytes spill loads
ptxas info    : Used 32 registers, used 1 barriers
ptxas info    : Compile time = 7.704 ms
ptxas info    : Compiling entry function '_ZN3aut12lns_strategy18gemv_thread_kernelINS_3lns7lns4_r1ELNS_8bitwidth12compute_kindE0ELNS4_14storage_layoutE0ELi2ELNS0_12decoder_kindE1ELNS0_13multiply_kindE0EEEvNS0_12storage_viewIT_XT1_EEESB_mmNS0_12table_bundleIXT0_EEEPNS4_14compute_traitsIXT0_EE4typeE' for 'sm_90'
ptxas info    : Function properties for _ZN3aut12lns_strategy18gemv_thread_kernelINS_3lns7lns4_r1ELNS_8bitwidth12compute_kindE0ELNS4_14storage_layoutE0ELi2ELNS0_12decoder_kindE1ELNS0_13multiply_kindE0EEEvNS0_12storage_viewIT_XT1_EEESB_mmNS0_12table_bundleIXT0_EEEPNS4_14compute_traitsIXT0_EE4typeE
    0 bytes stack frame, 0 bytes spill stores, 0 bytes spill loads
ptxas info    : Used 31 registers, used 1 barriers
ptxas info    : Compile time = 5.553 ms
ptxas info    : Compiling entry function '_ZN3aut12lns_strategy17dot_thread_kernelINS_3lns7lns4_r1ELNS_8bitwidth12compute_kindE0ELNS4_14storage_layoutE0ELi2ELNS0_12decoder_kindE1ELNS0_13multiply_kindE0EEEvNS0_12storage_viewIT_XT1_EEESB_mNS0_12table_bundleIXT0_EEEPNS4_14compute_traitsIXT0_EE4typeE' for 'sm_90'
ptxas info    : Function properties for _ZN3aut12lns_strategy17dot_thread_kernelINS_3lns7lns4_r1ELNS_8bitwidth12compute_kindE0ELNS4_14storage_layoutE0ELi2ELNS0_12decoder_kindE1ELNS0_13multiply_kindE0EEEvNS0_12storage_viewIT_XT1_EEESB_mNS0_12table_bundleIXT0_EEEPNS4_14compute_traitsIXT0_EE4typeE
    0 bytes stack frame, 0 bytes spill stores, 0 bytes spill loads
ptxas info    : Used 32 registers, used 1 barriers
ptxas info    : Compile time = 5.251 ms
ptxas info    : Compiling entry function '_ZN3aut12lns_strategy18gemv_thread_kernelINS_3lns7lns4_r1ELNS_8bitwidth12compute_kindE0ELNS4_14storage_layoutE1ELi1ELNS0_12decoder_kindE1ELNS0_13multiply_kindE0EEEvNS0_12storage_viewIT_XT1_EEESB_mmNS0_12table_bundleIXT0_EEEPNS4_14compute_traitsIXT0_EE4typeE' for 'sm_90'
ptxas info    : Function properties for _ZN3aut12lns_strategy18gemv_thread_kernelINS_3lns7lns4_r1ELNS_8bitwidth12compute_kindE0ELNS4_14storage_layoutE1ELi1ELNS0_12decoder_kindE1ELNS0_13multiply_kindE0EEEvNS0_12storage_viewIT_XT1_EEESB_mmNS0_12table_bundleIXT0_EEEPNS4_14compute_traitsIXT0_EE4typeE
    0 bytes stack frame, 0 bytes spill stores, 0 bytes spill loads
ptxas info    : Used 17 registers, used 1 barriers
ptxas info    : Compile time = 3.698 ms
ptxas info    : Compiling entry function '_ZN3aut12lns_strategy17dot_thread_kernelINS_3lns7lns4_r1ELNS_8bitwidth12compute_kindE0ELNS4_14storage_layoutE1ELi1ELNS0_12decoder_kindE1ELNS0_13multiply_kindE0EEEvNS0_12storage_viewIT_XT1_EEESB_mNS0_12table_bundleIXT0_EEEPNS4_14compute_traitsIXT0_EE4typeE' for 'sm_90'
ptxas info    : Function properties for _ZN3aut12lns_strategy17dot_thread_kernelINS_3lns7lns4_r1ELNS_8bitwidth12compute_kindE0ELNS4_14storage_layoutE1ELi1ELNS0_12decoder_kindE1ELNS0_13multiply_kindE0EEEvNS0_12storage_viewIT_XT1_EEESB_mNS0_12table_bundleIXT0_EEEPNS4_14compute_traitsIXT0_EE4typeE
    0 bytes stack frame, 0 bytes spill stores, 0 bytes spill loads
ptxas info    : Used 20 registers, used 1 barriers
ptxas info    : Compile time = 3.484 ms
ptxas info    : Compiling entry function '_ZN3aut12lns_strategy18gemv_thread_kernelINS_3lns7lns4_r1ELNS_8bitwidth12compute_kindE0ELNS4_14storage_layoutE0ELi1ELNS0_12decoder_kindE1ELNS0_13multiply_kindE0EEEvNS0_12storage_viewIT_XT1_EEESB_mmNS0_12table_bundleIXT0_EEEPNS4_14compute_traitsIXT0_EE4typeE' for 'sm_90'
ptxas info    : Function properties for _ZN3aut12lns_strategy18gemv_thread_kernelINS_3lns7lns4_r1ELNS_8bitwidth12compute_kindE0ELNS4_14storage_layoutE0ELi1ELNS0_12decoder_kindE1ELNS0_13multiply_kindE0EEEvNS0_12storage_viewIT_XT1_EEESB_mmNS0_12table_bundleIXT0_EEEPNS4_14compute_traitsIXT0_EE4typeE
    0 bytes stack frame, 0 bytes spill stores, 0 bytes spill loads
ptxas info    : Used 19 registers, used 1 barriers
ptxas info    : Compile time = 3.985 ms
ptxas info    : Compiling entry function '_ZN3aut12lns_strategy17dot_thread_kernelINS_3lns7lns4_r1ELNS_8bitwidth12compute_kindE0ELNS4_14storage_layoutE0ELi1ELNS0_12decoder_kindE1ELNS0_13multiply_kindE0EEEvNS0_12storage_viewIT_XT1_EEESB_mNS0_12table_bundleIXT0_EEEPNS4_14compute_traitsIXT0_EE4typeE' for 'sm_90'
ptxas info    : Function properties for _ZN3aut12lns_strategy17dot_thread_kernelINS_3lns7lns4_r1ELNS_8bitwidth12compute_kindE0ELNS4_14storage_layoutE0ELi1ELNS0_12decoder_kindE1ELNS0_13multiply_kindE0EEEvNS0_12storage_viewIT_XT1_EEESB_mNS0_12table_bundleIXT0_EEEPNS4_14compute_traitsIXT0_EE4typeE
    0 bytes stack frame, 0 bytes spill stores, 0 bytes spill loads
ptxas info    : Used 21 registers, used 1 barriers
ptxas info    : Compile time = 3.766 ms
ptxas info    : Compiling entry function '_ZN3aut12lns_strategy18gemv_thread_kernelINS_3lns7lns4_r1ELNS_8bitwidth12compute_kindE0ELNS4_14storage_layoutE1ELi1ELNS0_12decoder_kindE0ELNS0_13multiply_kindE1EEEvNS0_12storage_viewIT_XT1_EEESB_mmNS0_12table_bundleIXT0_EEEPNS4_14compute_traitsIXT0_EE4typeE' for 'sm_90'
ptxas info    : Function properties for _ZN3aut12lns_strategy18gemv_thread_kernelINS_3lns7lns4_r1ELNS_8bitwidth12compute_kindE0ELNS4_14storage_layoutE1ELi1ELNS0_12decoder_kindE0ELNS0_13multiply_kindE1EEEvNS0_12storage_viewIT_XT1_EEESB_mmNS0_12table_bundleIXT0_EEEPNS4_14compute_traitsIXT0_EE4typeE
    0 bytes stack frame, 0 bytes spill stores, 0 bytes spill loads
ptxas info    : Used 18 registers, used 1 barriers
ptxas info    : Compile time = 3.969 ms
ptxas info    : Compiling entry function '_ZN3aut12lns_strategy17dot_thread_kernelINS_3lns7lns4_r1ELNS_8bitwidth12compute_kindE0ELNS4_14storage_layoutE1ELi1ELNS0_12decoder_kindE0ELNS0_13multiply_kindE1EEEvNS0_12storage_viewIT_XT1_EEESB_mNS0_12table_bundleIXT0_EEEPNS4_14compute_traitsIXT0_EE4typeE' for 'sm_90'
ptxas info    : Function properties for _ZN3aut12lns_strategy17dot_thread_kernelINS_3lns7lns4_r1ELNS_8bitwidth12compute_kindE0ELNS4_14storage_layoutE1ELi1ELNS0_12decoder_kindE0ELNS0_13multiply_kindE1EEEvNS0_12storage_viewIT_XT1_EEESB_mNS0_12table_bundleIXT0_EEEPNS4_14compute_traitsIXT0_EE4typeE
    0 bytes stack frame, 0 bytes spill stores, 0 bytes spill loads
ptxas info    : Used 20 registers, used 1 barriers
ptxas info    : Compile time = 3.841 ms
ptxas info    : Compiling entry function '_ZN3aut12lns_strategy18gemv_thread_kernelINS_3lns7lns4_r1ELNS_8bitwidth12compute_kindE0ELNS4_14storage_layoutE0ELi1ELNS0_12decoder_kindE0ELNS0_13multiply_kindE1EEEvNS0_12storage_viewIT_XT1_EEESB_mmNS0_12table_bundleIXT0_EEEPNS4_14compute_traitsIXT0_EE4typeE' for 'sm_90'
ptxas info    : Function properties for _ZN3aut12lns_strategy18gemv_thread_kernelINS_3lns7lns4_r1ELNS_8bitwidth12compute_kindE0ELNS4_14storage_layoutE0ELi1ELNS0_12decoder_kindE0ELNS0_13multiply_kindE1EEEvNS0_12storage_viewIT_XT1_EEESB_mmNS0_12table_bundleIXT0_EEEPNS4_14compute_traitsIXT0_EE4typeE
    0 bytes stack frame, 0 bytes spill stores, 0 bytes spill loads
ptxas info    : Used 22 registers, used 1 barriers
ptxas info    : Compile time = 4.357 ms
ptxas info    : Compiling entry function '_ZN3aut12lns_strategy17dot_thread_kernelINS_3lns7lns4_r1ELNS_8bitwidth12compute_kindE0ELNS4_14storage_layoutE0ELi1ELNS0_12decoder_kindE0ELNS0_13multiply_kindE1EEEvNS0_12storage_viewIT_XT1_EEESB_mNS0_12table_bundleIXT0_EEEPNS4_14compute_traitsIXT0_EE4typeE' for 'sm_90'
ptxas info    : Function properties for _ZN3aut12lns_strategy17dot_thread_kernelINS_3lns7lns4_r1ELNS_8bitwidth12compute_kindE0ELNS4_14storage_layoutE0ELi1ELNS0_12decoder_kindE0ELNS0_13multiply_kindE1EEEvNS0_12storage_viewIT_XT1_EEESB_mNS0_12table_bundleIXT0_EEEPNS4_14compute_traitsIXT0_EE4typeE
    0 bytes stack frame, 0 bytes spill stores, 0 bytes spill loads
ptxas info    : Used 21 registers, used 1 barriers
ptxas info    : Compile time = 4.245 ms
ptxas info    : Compiling entry function '_ZN3aut12lns_strategy18gemv_thread_kernelINS_3lns7lns4_r1ELNS_8bitwidth12compute_kindE0ELNS4_14storage_layoutE1ELi1ELNS0_12decoder_kindE0ELNS0_13multiply_kindE0EEEvNS0_12storage_viewIT_XT1_EEESB_mmNS0_12table_bundleIXT0_EEEPNS4_14compute_traitsIXT0_EE4typeE' for 'sm_90'
ptxas info    : Function properties for _ZN3aut12lns_strategy18gemv_thread_kernelINS_3lns7lns4_r1ELNS_8bitwidth12compute_kindE0ELNS4_14storage_layoutE1ELi1ELNS0_12decoder_kindE0ELNS0_13multiply_kindE0EEEvNS0_12storage_viewIT_XT1_EEESB_mmNS0_12table_bundleIXT0_EEEPNS4_14compute_traitsIXT0_EE4typeE
    0 bytes stack frame, 0 bytes spill stores, 0 bytes spill loads
ptxas info    : Used 17 registers, used 1 barriers
ptxas info    : Compile time = 3.640 ms
ptxas info    : Compiling entry function '_ZN3aut12lns_strategy17dot_thread_kernelINS_3lns7lns4_r1ELNS_8bitwidth12compute_kindE0ELNS4_14storage_layoutE1ELi1ELNS0_12decoder_kindE0ELNS0_13multiply_kindE0EEEvNS0_12storage_viewIT_XT1_EEESB_mNS0_12table_bundleIXT0_EEEPNS4_14compute_traitsIXT0_EE4typeE' for 'sm_90'
ptxas info    : Function properties for _ZN3aut12lns_strategy17dot_thread_kernelINS_3lns7lns4_r1ELNS_8bitwidth12compute_kindE0ELNS4_14storage_layoutE1ELi1ELNS0_12decoder_kindE0ELNS0_13multiply_kindE0EEEvNS0_12storage_viewIT_XT1_EEESB_mNS0_12table_bundleIXT0_EEEPNS4_14compute_traitsIXT0_EE4typeE
    0 bytes stack frame, 0 bytes spill stores, 0 bytes spill loads
ptxas info    : Used 20 registers, used 1 barriers
ptxas info    : Compile time = 3.486 ms
ptxas info    : Compiling entry function '_ZN3aut12lns_strategy18gemv_thread_kernelINS_3lns7lns4_r1ELNS_8bitwidth12compute_kindE0ELNS4_14storage_layoutE0ELi1ELNS0_12decoder_kindE0ELNS0_13multiply_kindE0EEEvNS0_12storage_viewIT_XT1_EEESB_mmNS0_12table_bundleIXT0_EEEPNS4_14compute_traitsIXT0_EE4typeE' for 'sm_90'
ptxas info    : Function properties for _ZN3aut12lns_strategy18gemv_thread_kernelINS_3lns7lns4_r1ELNS_8bitwidth12compute_kindE0ELNS4_14storage_layoutE0ELi1ELNS0_12decoder_kindE0ELNS0_13multiply_kindE0EEEvNS0_12storage_viewIT_XT1_EEESB_mmNS0_12table_bundleIXT0_EEEPNS4_14compute_traitsIXT0_EE4typeE
    0 bytes stack frame, 0 bytes spill stores, 0 bytes spill loads
ptxas info    : Used 19 registers, used 1 barriers
ptxas info    : Compile time = 3.983 ms
ptxas info    : Compiling entry function '_ZN3aut12lns_strategy19finalize_dot_kernelIfEEvPKT_mPS2_' for 'sm_90'
ptxas info    : Function properties for _ZN3aut12lns_strategy19finalize_dot_kernelIfEEvPKT_mPS2_
    0 bytes stack frame, 0 bytes spill stores, 0 bytes spill loads
ptxas info    : Used 10 registers, used 1 barriers, 1024 bytes smem
ptxas info    : Compile time = 2.156 ms
ptxas info    : Compiling entry function '_ZN3aut12lns_strategy17dot_thread_kernelINS_3lns7lns4_r1ELNS_8bitwidth12compute_kindE0ELNS4_14storage_layoutE0ELi1ELNS0_12decoder_kindE0ELNS0_13multiply_kindE0EEEvNS0_12storage_viewIT_XT1_EEESB_mNS0_12table_bundleIXT0_EEEPNS4_14compute_traitsIXT0_EE4typeE' for 'sm_90'
ptxas info    : Function properties for _ZN3aut12lns_strategy17dot_thread_kernelINS_3lns7lns4_r1ELNS_8bitwidth12compute_kindE0ELNS4_14storage_layoutE0ELi1ELNS0_12decoder_kindE0ELNS0_13multiply_kindE0EEEvNS0_12storage_viewIT_XT1_EEESB_mNS0_12table_bundleIXT0_EEEPNS4_14compute_traitsIXT0_EE4typeE
    0 bytes stack frame, 0 bytes spill stores, 0 bytes spill loads
ptxas info    : Used 21 registers, used 1 barriers
ptxas info    : Compile time = 3.749 ms
ptxas info    : Compiling entry function '_ZN3aut12lns_strategy22validate_decode_kernelINS_3lns7lns4_r1ELNS_8bitwidth12compute_kindE0ELNS0_12decoder_kindE6EEEvPKjmNS0_12table_bundleIXT0_EEEPNS4_14compute_traitsIXT0_EE4typeE' for 'sm_90'
ptxas info    : Function properties for _ZN3aut12lns_strategy22validate_decode_kernelINS_3lns7lns4_r1ELNS_8bitwidth12compute_kindE0ELNS0_12decoder_kindE6EEEvPKjmNS0_12table_bundleIXT0_EEEPNS4_14compute_traitsIXT0_EE4typeE
    0 bytes stack frame, 0 bytes spill stores, 0 bytes spill loads
ptxas info    : Used 24 registers, used 0 barriers
ptxas info    : Compile time = 3.631 ms
ptxas info    : Compiling entry function '_ZN3aut12lns_strategy22validate_decode_kernelINS_3lns7lns4_r1ELNS_8bitwidth12compute_kindE0ELNS0_12decoder_kindE5EEEvPKjmNS0_12table_bundleIXT0_EEEPNS4_14compute_traitsIXT0_EE4typeE' for 'sm_90'
ptxas info    : Function properties for _ZN3aut12lns_strategy22validate_decode_kernelINS_3lns7lns4_r1ELNS_8bitwidth12compute_kindE0ELNS0_12decoder_kindE5EEEvPKjmNS0_12table_bundleIXT0_EEEPNS4_14compute_traitsIXT0_EE4typeE
    0 bytes stack frame, 0 bytes spill stores, 0 bytes spill loads
ptxas info    : Used 16 registers, used 1 barriers
ptxas info    : Compile time = 3.591 ms
ptxas info    : Compiling entry function '_ZN3aut12lns_strategy22validate_decode_kernelINS_3lns7lns4_r1ELNS_8bitwidth12compute_kindE0ELNS0_12decoder_kindE4EEEvPKjmNS0_12table_bundleIXT0_EEEPNS4_14compute_traitsIXT0_EE4typeE' for 'sm_90'
ptxas info    : Function properties for _ZN3aut12lns_strategy22validate_decode_kernelINS_3lns7lns4_r1ELNS_8bitwidth12compute_kindE0ELNS0_12decoder_kindE4EEEvPKjmNS0_12table_bundleIXT0_EEEPNS4_14compute_traitsIXT0_EE4typeE
    0 bytes stack frame, 0 bytes spill stores, 0 bytes spill loads
ptxas info    : Used 19 registers, used 0 barriers
ptxas info    : Compile time = 3.012 ms
ptxas info    : Compiling entry function '_ZN3aut12lns_strategy22validate_decode_kernelINS_3lns7lns4_r1ELNS_8bitwidth12compute_kindE0ELNS0_12decoder_kindE3EEEvPKjmNS0_12table_bundleIXT0_EEEPNS4_14compute_traitsIXT0_EE4typeE' for 'sm_90'
ptxas info    : Function properties for _ZN3aut12lns_strategy22validate_decode_kernelINS_3lns7lns4_r1ELNS_8bitwidth12compute_kindE0ELNS0_12decoder_kindE3EEEvPKjmNS0_12table_bundleIXT0_EEEPNS4_14compute_traitsIXT0_EE4typeE
    0 bytes stack frame, 0 bytes spill stores, 0 bytes spill loads
ptxas info    : Used 14 registers, used 1 barriers
ptxas info    : Compile time = 2.242 ms
ptxas info    : Compiling entry function '_ZN3aut12lns_strategy22validate_decode_kernelINS_3lns7lns4_r1ELNS_8bitwidth12compute_kindE0ELNS0_12decoder_kindE2EEEvPKjmNS0_12table_bundleIXT0_EEEPNS4_14compute_traitsIXT0_EE4typeE' for 'sm_90'
ptxas info    : Function properties for _ZN3aut12lns_strategy22validate_decode_kernelINS_3lns7lns4_r1ELNS_8bitwidth12compute_kindE0ELNS0_12decoder_kindE2EEEvPKjmNS0_12table_bundleIXT0_EEEPNS4_14compute_traitsIXT0_EE4typeE
    0 bytes stack frame, 0 bytes spill stores, 0 bytes spill loads
ptxas info    : Used 15 registers, used 0 barriers
ptxas info    : Compile time = 1.540 ms
ptxas info    : Compiling entry function '_ZN3aut12lns_strategy22validate_decode_kernelINS_3lns7lns4_r1ELNS_8bitwidth12compute_kindE0ELNS0_12decoder_kindE1EEEvPKjmNS0_12table_bundleIXT0_EEEPNS4_14compute_traitsIXT0_EE4typeE' for 'sm_90'
ptxas info    : Function properties for _ZN3aut12lns_strategy22validate_decode_kernelINS_3lns7lns4_r1ELNS_8bitwidth12compute_kindE0ELNS0_12decoder_kindE1EEEvPKjmNS0_12table_bundleIXT0_EEEPNS4_14compute_traitsIXT0_EE4typeE
    0 bytes stack frame, 0 bytes spill stores, 0 bytes spill loads
ptxas info    : Used 14 registers, used 0 barriers
ptxas info    : Compile time = 2.044 ms
ptxas info    : Compiling entry function '_ZN3aut12lns_strategy22validate_decode_kernelINS_3lns7lns4_r1ELNS_8bitwidth12compute_kindE0ELNS0_12decoder_kindE0EEEvPKjmNS0_12table_bundleIXT0_EEEPNS4_14compute_traitsIXT0_EE4typeE' for 'sm_90'
ptxas info    : Function properties for _ZN3aut12lns_strategy22validate_decode_kernelINS_3lns7lns4_r1ELNS_8bitwidth12compute_kindE0ELNS0_12decoder_kindE0EEEvPKjmNS0_12table_bundleIXT0_EEEPNS4_14compute_traitsIXT0_EE4typeE
    0 bytes stack frame, 0 bytes spill stores, 0 bytes spill loads
ptxas info    : Used 14 registers, used 0 barriers
ptxas info    : Compile time = 2.020 ms
ptxas info    : Compiling entry function '_ZN3aut12lns_strategy17pack_dense_kernelINS_3lns7lns4_r1EEEvPKNS2_16unsigned_storageIXqulesrT_10total_bitsLi8ELi8EqulesrS5_10total_bitsLi16ELi16ELi32EEE4typeEPjm' for 'sm_90'
ptxas info    : Function properties for _ZN3aut12lns_strategy17pack_dense_kernelINS_3lns7lns4_r1EEEvPKNS2_16unsigned_storageIXqulesrT_10total_bitsLi8ELi8EqulesrS5_10total_bitsLi16ELi16ELi32EEE4typeEPjm
    0 bytes stack frame, 0 bytes spill stores, 0 bytes spill loads
ptxas info    : Used 20 registers, used 0 barriers
ptxas info    : Compile time = 3.040 ms
ptxas info    : Compiling entry function '_ZN3aut12lns_strategy20encode_padded_kernelINS_3lns7lns4_r1EEEvPKdPNS2_16unsigned_storageIXqulesrT_10total_bitsLi8ELi8EqulesrS7_10total_bitsLi16ELi16ELi32EEE4typeEm' for 'sm_90'
ptxas info    : Function properties for _ZN3aut12lns_strategy20encode_padded_kernelINS_3lns7lns4_r1EEEvPKdPNS2_16unsigned_storageIXqulesrT_10total_bitsLi8ELi8EqulesrS7_10total_bitsLi16ELi16ELi32EEE4typeEm
    0 bytes stack frame, 0 bytes spill stores, 0 bytes spill loads
ptxas info    : Used 26 registers, used 0 barriers
ptxas info    : Compile time = 3.990 ms
[100%] Linking CUDA executable bin/lns_strategy_bench_lns4_r1
[100%] Built target lns_strategy_bench_lns4_r1
========= COMPUTE-SANITIZER
LNS strategy benchmark: lns4_r1
GPU: NVIDIA H200 NVL (sm_90)
uniform_0_1
  lns4_r1 -> fp32
    decoder validation passed
    lns4_r1/fp32/fused/dense/cooperative_shuffle/x8/ex2_approx
    lns4_r1/fp32/ordinary/dense/cooperative_shuffle/x8/fraction_lut_global
    lns4_r1/fp32/ordinary/dense/scalar/x1/fraction_lut_warp
  lns4_r1 -> fp64
    decoder validation passed
    lns4_r1/fp64/fused/dense/cooperative_shuffle/x8/ex2_approx
    lns4_r1/fp64/ordinary/dense/cooperative_shuffle/x8/fraction_lut_global
    lns4_r1/fp64/ordinary/dense/scalar/x1/fraction_lut_warp
Wrote /storage/home/timofeirusanov/accessor_universal_test/results/022_lns_strategy_performance/run_20260816T145433Z/sanitizer/timing_samples.csv
========= ERROR SUMMARY: 0 errors
synccheck covered 12 shuffle kernel launches
LNS warp synccheck complete: /storage/home/timofeirusanov/accessor_universal_test/results/022_lns_strategy_performance/run_20260816T145433Z
