-- Configuring done (0.2s)
-- Generating done (1.0s)
-- Build files have been written to: /storage/home/timofeirusanov/accessor_universal_test/build-h200
[100%] Building CXX object CMakeFiles/lns_benchmark_core_test.dir/tests/lns_benchmark_core_test.cpp.o
[100%] Linking CXX executable lns_benchmark_core_test
[100%] Built target lns_benchmark_core_test
[100%] Built target bitwidth_benchmark_core_test
[100%] Built target bitwidth_strategy_bench_2
Internal ctest changing into directory: /storage/home/timofeirusanov/accessor_universal_test/build-h200
Test project /storage/home/timofeirusanov/accessor_universal_test/build-h200
    Start 4: bitwidth_benchmark_core_test
1/2 Test #4: bitwidth_benchmark_core_test .....   Passed    0.00 sec
    Start 5: lns_benchmark_core_test
2/2 Test #5: lns_benchmark_core_test ..........   Passed    0.00 sec

100% tests passed, 0 tests failed out of 2

Total Test time (real) =   0.01 sec
[ 50%] Building CUDA object CMakeFiles/lns_strategy_bench_lns4_r1.dir/src/lns_strategy_bench.cu.o
/storage/home/timofeirusanov/accessor_universal_test/include/lns_benchmark_core.hpp(203): warning #20013-D: calling a constexpr __host__ function("max") from a __host__ __device__ function("encode") is not allowed. The experimental flag '--expt-relaxed-constexpr' can be used to allow this.
    constexpr auto finite_limit = std::numeric_limits<double>::max();
                                  ^
          detected during:
            instantiation of "void aut::lns_strategy::encode_padded_kernel<Format>(const double *, aut::lns::padded_storage_t<Format> *, std::size_t) [with Format=<unnamed>::selected_format]" at line 263 of /storage/home/timofeirusanov/accessor_universal_test/src/lns_strategy_bench.cu
            instantiation of "void <unnamed>::encoded_buffers<Format>::encode(const <unnamed>::source_buffers &, std::size_t, std::size_t) [with Format=<unnamed>::selected_format]" at line 1072 of /storage/home/timofeirusanov/accessor_universal_test/src/lns_strategy_bench.cu
            instantiation of "void <unnamed>::run_compute<Compute>(const <unnamed>::options &, const std::string &, <unnamed>::source_buffers &, <unnamed>::csv_output &, std::size_t, std::size_t) [with Compute=aut::bitwidth::compute_kind::fp32]" at line 1114 of /storage/home/timofeirusanov/accessor_universal_test/src/lns_strategy_bench.cu

Remark: The warnings can be suppressed with "-diag-suppress <warning-number>"

/storage/home/timofeirusanov/accessor_universal_test/include/lns_benchmark_core.hpp(186): warning #20013-D: calling a constexpr __host__ function("quiet_NaN") from a __host__ __device__ function("decode") is not allowed. The experimental flag '--expt-relaxed-constexpr' can be used to allow this.
      return std::numeric_limits<Target>::quiet_NaN();
             ^
          detected during:
            instantiation of "Target aut::lns::decode<Format,Target>(uint32_t) [with Format=<unnamed>::selected_format, Target=float]" at line 324 of /storage/home/timofeirusanov/accessor_universal_test/src/lns_strategy_bench.cu
            instantiation of "<unnamed>::table_storage<Format, Compute>::table_storage() [with Format=<unnamed>::selected_format, Compute=aut::bitwidth::compute_kind::fp32]" at line 1073 of /storage/home/timofeirusanov/accessor_universal_test/src/lns_strategy_bench.cu
            instantiation of "void <unnamed>::run_compute<Compute>(const <unnamed>::options &, const std::string &, <unnamed>::source_buffers &, <unnamed>::csv_output &, std::size_t, std::size_t) [with Compute=aut::bitwidth::compute_kind::fp32]" at line 1114 of /storage/home/timofeirusanov/accessor_universal_test/src/lns_strategy_bench.cu

/storage/home/timofeirusanov/accessor_universal_test/include/lns_benchmark_core.hpp(257): warning #20013-D: calling a constexpr __host__ function("quiet_NaN") from a __host__ __device__ function("decode_product") is not allowed. The experimental flag '--expt-relaxed-constexpr' can be used to allow this.
      return std::numeric_limits<Target>::quiet_NaN();
             ^
          detected during:
            instantiation of "Target aut::lns::decode_product<Format,Target>(aut::lns::product_code<Format>) [with Format=<unnamed>::selected_format, Target=float]" at line 271
            instantiation of "Target aut::lns::multiply_fused<Format,Target>(uint32_t, uint32_t) [with Format=<unnamed>::selected_format, Target=float]" at line 354 of /storage/home/timofeirusanov/accessor_universal_test/src/lns_strategy_bench.cu
            instantiation of "<unnamed>::table_storage<Format, Compute>::table_storage() [with Format=<unnamed>::selected_format, Compute=aut::bitwidth::compute_kind::fp32]" at line 1073 of /storage/home/timofeirusanov/accessor_universal_test/src/lns_strategy_bench.cu
            instantiation of "void <unnamed>::run_compute<Compute>(const <unnamed>::options &, const std::string &, <unnamed>::source_buffers &, <unnamed>::csv_output &, std::size_t, std::size_t) [with Compute=aut::bitwidth::compute_kind::fp32]" at line 1114 of /storage/home/timofeirusanov/accessor_universal_test/src/lns_strategy_bench.cu

/storage/home/timofeirusanov/accessor_universal_test/include/lns_benchmark_core.hpp(186): warning #20013-D: calling a constexpr __host__ function("quiet_NaN") from a __host__ __device__ function("decode") is not allowed. The experimental flag '--expt-relaxed-constexpr' can be used to allow this.
      return std::numeric_limits<Target>::quiet_NaN();
             ^
          detected during:
            instantiation of "Target aut::lns::decode<Format,Target>(uint32_t) [with Format=<unnamed>::selected_format, Target=double]" at line 324 of /storage/home/timofeirusanov/accessor_universal_test/src/lns_strategy_bench.cu
            instantiation of "<unnamed>::table_storage<Format, Compute>::table_storage() [with Format=<unnamed>::selected_format, Compute=aut::bitwidth::compute_kind::fp64]" at line 1073 of /storage/home/timofeirusanov/accessor_universal_test/src/lns_strategy_bench.cu
            instantiation of "void <unnamed>::run_compute<Compute>(const <unnamed>::options &, const std::string &, <unnamed>::source_buffers &, <unnamed>::csv_output &, std::size_t, std::size_t) [with Compute=aut::bitwidth::compute_kind::fp64]" at line 1117 of /storage/home/timofeirusanov/accessor_universal_test/src/lns_strategy_bench.cu

/storage/home/timofeirusanov/accessor_universal_test/include/lns_benchmark_core.hpp(257): warning #20013-D: calling a constexpr __host__ function("quiet_NaN") from a __host__ __device__ function("decode_product") is not allowed. The experimental flag '--expt-relaxed-constexpr' can be used to allow this.
      return std::numeric_limits<Target>::quiet_NaN();
             ^
          detected during:
            instantiation of "Target aut::lns::decode_product<Format,Target>(aut::lns::product_code<Format>) [with Format=<unnamed>::selected_format, Target=double]" at line 271
            instantiation of "Target aut::lns::multiply_fused<Format,Target>(uint32_t, uint32_t) [with Format=<unnamed>::selected_format, Target=double]" at line 354 of /storage/home/timofeirusanov/accessor_universal_test/src/lns_strategy_bench.cu
            instantiation of "<unnamed>::table_storage<Format, Compute>::table_storage() [with Format=<unnamed>::selected_format, Compute=aut::bitwidth::compute_kind::fp64]" at line 1073 of /storage/home/timofeirusanov/accessor_universal_test/src/lns_strategy_bench.cu
            instantiation of "void <unnamed>::run_compute<Compute>(const <unnamed>::options &, const std::string &, <unnamed>::source_buffers &, <unnamed>::csv_output &, std::size_t, std::size_t) [with Compute=aut::bitwidth::compute_kind::fp64]" at line 1117 of /storage/home/timofeirusanov/accessor_universal_test/src/lns_strategy_bench.cu

ptxas info    : 0 bytes gmem
ptxas info    : Compiling entry function '_ZN3aut12lns_strategy23gemv_cooperative_kernelINS_3lns7lns4_r1ELNS_8bitwidth12compute_kindE1ELNS0_12decoder_kindE13ELNS0_13multiply_kindE1EEEvPKjS9_mmNS0_12table_bundleIXT0_EEEPNS4_14compute_traitsIXT0_EE4typeE' for 'sm_90'
ptxas info    : Function properties for _ZN3aut12lns_strategy23gemv_cooperative_kernelINS_3lns7lns4_r1ELNS_8bitwidth12compute_kindE1ELNS0_12decoder_kindE13ELNS0_13multiply_kindE1EEEvPKjS9_mmNS0_12table_bundleIXT0_EEEPNS4_14compute_traitsIXT0_EE4typeE
    0 bytes stack frame, 0 bytes spill stores, 0 bytes spill loads
ptxas info    : Used 25 registers, used 1 barriers
ptxas info    : Compile time = 7.229 ms
ptxas info    : Compiling entry function '_ZN3aut12lns_strategy22dot_cooperative_kernelINS_3lns7lns4_r1ELNS_8bitwidth12compute_kindE1ELNS0_12decoder_kindE13ELNS0_13multiply_kindE1EEEvPKjS9_mNS0_12table_bundleIXT0_EEEPNS4_14compute_traitsIXT0_EE4typeE' for 'sm_90'
ptxas info    : Function properties for _ZN3aut12lns_strategy22dot_cooperative_kernelINS_3lns7lns4_r1ELNS_8bitwidth12compute_kindE1ELNS0_12decoder_kindE13ELNS0_13multiply_kindE1EEEvPKjS9_mNS0_12table_bundleIXT0_EEEPNS4_14compute_traitsIXT0_EE4typeE
    0 bytes stack frame, 0 bytes spill stores, 0 bytes spill loads
ptxas info    : Used 23 registers, used 1 barriers
ptxas info    : Compile time = 5.942 ms
ptxas info    : Compiling entry function '_ZN3aut12lns_strategy18gemv_thread_kernelINS_3lns7lns4_r1ELNS_8bitwidth12compute_kindE1ELNS4_14storage_layoutE1ELi8ELNS0_12decoder_kindE13ELNS0_13multiply_kindE1EEEvNS0_12storage_viewIT_XT1_EEESB_mmNS0_12table_bundleIXT0_EEEPNS4_14compute_traitsIXT0_EE4typeE' for 'sm_90'
ptxas info    : Function properties for _ZN3aut12lns_strategy18gemv_thread_kernelINS_3lns7lns4_r1ELNS_8bitwidth12compute_kindE1ELNS4_14storage_layoutE1ELi8ELNS0_12decoder_kindE13ELNS0_13multiply_kindE1EEEvNS0_12storage_viewIT_XT1_EEESB_mmNS0_12table_bundleIXT0_EEEPNS4_14compute_traitsIXT0_EE4typeE
    0 bytes stack frame, 0 bytes spill stores, 0 bytes spill loads
ptxas info    : Used 30 registers, used 1 barriers
ptxas info    : Compile time = 12.088 ms
ptxas info    : Compiling entry function '_ZN3aut12lns_strategy17dot_thread_kernelINS_3lns7lns4_r1ELNS_8bitwidth12compute_kindE1ELNS4_14storage_layoutE1ELi8ELNS0_12decoder_kindE13ELNS0_13multiply_kindE1EEEvNS0_12storage_viewIT_XT1_EEESB_mNS0_12table_bundleIXT0_EEEPNS4_14compute_traitsIXT0_EE4typeE' for 'sm_90'
ptxas info    : Function properties for _ZN3aut12lns_strategy17dot_thread_kernelINS_3lns7lns4_r1ELNS_8bitwidth12compute_kindE1ELNS4_14storage_layoutE1ELi8ELNS0_12decoder_kindE13ELNS0_13multiply_kindE1EEEvNS0_12storage_viewIT_XT1_EEESB_mNS0_12table_bundleIXT0_EEEPNS4_14compute_traitsIXT0_EE4typeE
    0 bytes stack frame, 0 bytes spill stores, 0 bytes spill loads
ptxas info    : Used 35 registers, used 1 barriers
ptxas info    : Compile time = 11.957 ms
ptxas info    : Compiling entry function '_ZN3aut12lns_strategy18gemv_thread_kernelINS_3lns7lns4_r1ELNS_8bitwidth12compute_kindE1ELNS4_14storage_layoutE1ELi4ELNS0_12decoder_kindE13ELNS0_13multiply_kindE1EEEvNS0_12storage_viewIT_XT1_EEESB_mmNS0_12table_bundleIXT0_EEEPNS4_14compute_traitsIXT0_EE4typeE' for 'sm_90'
ptxas info    : Function properties for _ZN3aut12lns_strategy18gemv_thread_kernelINS_3lns7lns4_r1ELNS_8bitwidth12compute_kindE1ELNS4_14storage_layoutE1ELi4ELNS0_12decoder_kindE13ELNS0_13multiply_kindE1EEEvNS0_12storage_viewIT_XT1_EEESB_mmNS0_12table_bundleIXT0_EEEPNS4_14compute_traitsIXT0_EE4typeE
    0 bytes stack frame, 0 bytes spill stores, 0 bytes spill loads
ptxas info    : Used 24 registers, used 1 barriers
ptxas info    : Compile time = 7.757 ms
ptxas info    : Compiling entry function '_ZN3aut12lns_strategy17dot_thread_kernelINS_3lns7lns4_r1ELNS_8bitwidth12compute_kindE1ELNS4_14storage_layoutE1ELi4ELNS0_12decoder_kindE13ELNS0_13multiply_kindE1EEEvNS0_12storage_viewIT_XT1_EEESB_mNS0_12table_bundleIXT0_EEEPNS4_14compute_traitsIXT0_EE4typeE' for 'sm_90'
ptxas info    : Function properties for _ZN3aut12lns_strategy17dot_thread_kernelINS_3lns7lns4_r1ELNS_8bitwidth12compute_kindE1ELNS4_14storage_layoutE1ELi4ELNS0_12decoder_kindE13ELNS0_13multiply_kindE1EEEvNS0_12storage_viewIT_XT1_EEESB_mNS0_12table_bundleIXT0_EEEPNS4_14compute_traitsIXT0_EE4typeE
    0 bytes stack frame, 0 bytes spill stores, 0 bytes spill loads
ptxas info    : Used 28 registers, used 1 barriers
ptxas info    : Compile time = 7.831 ms
ptxas info    : Compiling entry function '_ZN3aut12lns_strategy18gemv_thread_kernelINS_3lns7lns4_r1ELNS_8bitwidth12compute_kindE1ELNS4_14storage_layoutE1ELi2ELNS0_12decoder_kindE13ELNS0_13multiply_kindE1EEEvNS0_12storage_viewIT_XT1_EEESB_mmNS0_12table_bundleIXT0_EEEPNS4_14compute_traitsIXT0_EE4typeE' for 'sm_90'
ptxas info    : Function properties for _ZN3aut12lns_strategy18gemv_thread_kernelINS_3lns7lns4_r1ELNS_8bitwidth12compute_kindE1ELNS4_14storage_layoutE1ELi2ELNS0_12decoder_kindE13ELNS0_13multiply_kindE1EEEvNS0_12storage_viewIT_XT1_EEESB_mmNS0_12table_bundleIXT0_EEEPNS4_14compute_traitsIXT0_EE4typeE
    0 bytes stack frame, 0 bytes spill stores, 0 bytes spill loads
ptxas info    : Used 21 registers, used 1 barriers
ptxas info    : Compile time = 5.763 ms
ptxas info    : Compiling entry function '_ZN3aut12lns_strategy17dot_thread_kernelINS_3lns7lns4_r1ELNS_8bitwidth12compute_kindE1ELNS4_14storage_layoutE1ELi2ELNS0_12decoder_kindE13ELNS0_13multiply_kindE1EEEvNS0_12storage_viewIT_XT1_EEESB_mNS0_12table_bundleIXT0_EEEPNS4_14compute_traitsIXT0_EE4typeE' for 'sm_90'
ptxas info    : Function properties for _ZN3aut12lns_strategy17dot_thread_kernelINS_3lns7lns4_r1ELNS_8bitwidth12compute_kindE1ELNS4_14storage_layoutE1ELi2ELNS0_12decoder_kindE13ELNS0_13multiply_kindE1EEEvNS0_12storage_viewIT_XT1_EEESB_mNS0_12table_bundleIXT0_EEEPNS4_14compute_traitsIXT0_EE4typeE
    0 bytes stack frame, 0 bytes spill stores, 0 bytes spill loads
ptxas info    : Used 26 registers, used 1 barriers
ptxas info    : Compile time = 5.779 ms
ptxas info    : Compiling entry function '_ZN3aut12lns_strategy18gemv_thread_kernelINS_3lns7lns4_r1ELNS_8bitwidth12compute_kindE1ELNS4_14storage_layoutE0ELi8ELNS0_12decoder_kindE13ELNS0_13multiply_kindE1EEEvNS0_12storage_viewIT_XT1_EEESB_mmNS0_12table_bundleIXT0_EEEPNS4_14compute_traitsIXT0_EE4typeE' for 'sm_90'
ptxas info    : Function properties for _ZN3aut12lns_strategy18gemv_thread_kernelINS_3lns7lns4_r1ELNS_8bitwidth12compute_kindE1ELNS4_14storage_layoutE0ELi8ELNS0_12decoder_kindE13ELNS0_13multiply_kindE1EEEvNS0_12storage_viewIT_XT1_EEESB_mmNS0_12table_bundleIXT0_EEEPNS4_14compute_traitsIXT0_EE4typeE
    0 bytes stack frame, 0 bytes spill stores, 0 bytes spill loads
ptxas info    : Used 48 registers, used 1 barriers
ptxas info    : Compile time = 15.309 ms
ptxas info    : Compiling entry function '_ZN3aut12lns_strategy17dot_thread_kernelINS_3lns7lns4_r1ELNS_8bitwidth12compute_kindE1ELNS4_14storage_layoutE0ELi8ELNS0_12decoder_kindE13ELNS0_13multiply_kindE1EEEvNS0_12storage_viewIT_XT1_EEESB_mNS0_12table_bundleIXT0_EEEPNS4_14compute_traitsIXT0_EE4typeE' for 'sm_90'
ptxas info    : Function properties for _ZN3aut12lns_strategy17dot_thread_kernelINS_3lns7lns4_r1ELNS_8bitwidth12compute_kindE1ELNS4_14storage_layoutE0ELi8ELNS0_12decoder_kindE13ELNS0_13multiply_kindE1EEEvNS0_12storage_viewIT_XT1_EEESB_mNS0_12table_bundleIXT0_EEEPNS4_14compute_traitsIXT0_EE4typeE
    0 bytes stack frame, 0 bytes spill stores, 0 bytes spill loads
ptxas info    : Used 47 registers, used 1 barriers
ptxas info    : Compile time = 12.069 ms
ptxas info    : Compiling entry function '_ZN3aut12lns_strategy18gemv_thread_kernelINS_3lns7lns4_r1ELNS_8bitwidth12compute_kindE1ELNS4_14storage_layoutE0ELi4ELNS0_12decoder_kindE13ELNS0_13multiply_kindE1EEEvNS0_12storage_viewIT_XT1_EEESB_mmNS0_12table_bundleIXT0_EEEPNS4_14compute_traitsIXT0_EE4typeE' for 'sm_90'
ptxas info    : Function properties for _ZN3aut12lns_strategy18gemv_thread_kernelINS_3lns7lns4_r1ELNS_8bitwidth12compute_kindE1ELNS4_14storage_layoutE0ELi4ELNS0_12decoder_kindE13ELNS0_13multiply_kindE1EEEvNS0_12storage_viewIT_XT1_EEESB_mmNS0_12table_bundleIXT0_EEEPNS4_14compute_traitsIXT0_EE4typeE
    0 bytes stack frame, 0 bytes spill stores, 0 bytes spill loads
ptxas info    : Used 32 registers, used 1 barriers
ptxas info    : Compile time = 9.798 ms
ptxas info    : Compiling entry function '_ZN3aut12lns_strategy17dot_thread_kernelINS_3lns7lns4_r1ELNS_8bitwidth12compute_kindE1ELNS4_14storage_layoutE0ELi4ELNS0_12decoder_kindE13ELNS0_13multiply_kindE1EEEvNS0_12storage_viewIT_XT1_EEESB_mNS0_12table_bundleIXT0_EEEPNS4_14compute_traitsIXT0_EE4typeE' for 'sm_90'
ptxas info    : Function properties for _ZN3aut12lns_strategy17dot_thread_kernelINS_3lns7lns4_r1ELNS_8bitwidth12compute_kindE1ELNS4_14storage_layoutE0ELi4ELNS0_12decoder_kindE13ELNS0_13multiply_kindE1EEEvNS0_12storage_viewIT_XT1_EEESB_mNS0_12table_bundleIXT0_EEEPNS4_14compute_traitsIXT0_EE4typeE
    0 bytes stack frame, 0 bytes spill stores, 0 bytes spill loads
ptxas info    : Used 32 registers, used 1 barriers
ptxas info    : Compile time = 9.395 ms
ptxas info    : Compiling entry function '_ZN3aut12lns_strategy18gemv_thread_kernelINS_3lns7lns4_r1ELNS_8bitwidth12compute_kindE1ELNS4_14storage_layoutE0ELi2ELNS0_12decoder_kindE13ELNS0_13multiply_kindE1EEEvNS0_12storage_viewIT_XT1_EEESB_mmNS0_12table_bundleIXT0_EEEPNS4_14compute_traitsIXT0_EE4typeE' for 'sm_90'
ptxas info    : Function properties for _ZN3aut12lns_strategy18gemv_thread_kernelINS_3lns7lns4_r1ELNS_8bitwidth12compute_kindE1ELNS4_14storage_layoutE0ELi2ELNS0_12decoder_kindE13ELNS0_13multiply_kindE1EEEvNS0_12storage_viewIT_XT1_EEESB_mmNS0_12table_bundleIXT0_EEEPNS4_14compute_traitsIXT0_EE4typeE
    0 bytes stack frame, 0 bytes spill stores, 0 bytes spill loads
ptxas info    : Used 32 registers, used 1 barriers
ptxas info    : Compile time = 6.615 ms
ptxas info    : Compiling entry function '_ZN3aut12lns_strategy17dot_thread_kernelINS_3lns7lns4_r1ELNS_8bitwidth12compute_kindE1ELNS4_14storage_layoutE0ELi2ELNS0_12decoder_kindE13ELNS0_13multiply_kindE1EEEvNS0_12storage_viewIT_XT1_EEESB_mNS0_12table_bundleIXT0_EEEPNS4_14compute_traitsIXT0_EE4typeE' for 'sm_90'
ptxas info    : Function properties for _ZN3aut12lns_strategy17dot_thread_kernelINS_3lns7lns4_r1ELNS_8bitwidth12compute_kindE1ELNS4_14storage_layoutE0ELi2ELNS0_12decoder_kindE13ELNS0_13multiply_kindE1EEEvNS0_12storage_viewIT_XT1_EEESB_mNS0_12table_bundleIXT0_EEEPNS4_14compute_traitsIXT0_EE4typeE
    0 bytes stack frame, 0 bytes spill stores, 0 bytes spill loads
ptxas info    : Used 32 registers, used 1 barriers
ptxas info    : Compile time = 6.443 ms
ptxas info    : Compiling entry function '_ZN3aut12lns_strategy18gemv_thread_kernelINS_3lns7lns4_r1ELNS_8bitwidth12compute_kindE1ELNS4_14storage_layoutE1ELi1ELNS0_12decoder_kindE13ELNS0_13multiply_kindE1EEEvNS0_12storage_viewIT_XT1_EEESB_mmNS0_12table_bundleIXT0_EEEPNS4_14compute_traitsIXT0_EE4typeE' for 'sm_90'
ptxas info    : Function properties for _ZN3aut12lns_strategy18gemv_thread_kernelINS_3lns7lns4_r1ELNS_8bitwidth12compute_kindE1ELNS4_14storage_layoutE1ELi1ELNS0_12decoder_kindE13ELNS0_13multiply_kindE1EEEvNS0_12storage_viewIT_XT1_EEESB_mmNS0_12table_bundleIXT0_EEEPNS4_14compute_traitsIXT0_EE4typeE
    0 bytes stack frame, 0 bytes spill stores, 0 bytes spill loads
ptxas info    : Used 20 registers, used 1 barriers
ptxas info    : Compile time = 4.547 ms
ptxas info    : Compiling entry function '_ZN3aut12lns_strategy17dot_thread_kernelINS_3lns7lns4_r1ELNS_8bitwidth12compute_kindE1ELNS4_14storage_layoutE1ELi1ELNS0_12decoder_kindE13ELNS0_13multiply_kindE1EEEvNS0_12storage_viewIT_XT1_EEESB_mNS0_12table_bundleIXT0_EEEPNS4_14compute_traitsIXT0_EE4typeE' for 'sm_90'
ptxas info    : Function properties for _ZN3aut12lns_strategy17dot_thread_kernelINS_3lns7lns4_r1ELNS_8bitwidth12compute_kindE1ELNS4_14storage_layoutE1ELi1ELNS0_12decoder_kindE13ELNS0_13multiply_kindE1EEEvNS0_12storage_viewIT_XT1_EEESB_mNS0_12table_bundleIXT0_EEEPNS4_14compute_traitsIXT0_EE4typeE
    0 bytes stack frame, 0 bytes spill stores, 0 bytes spill loads
ptxas info    : Used 22 registers, used 1 barriers
ptxas info    : Compile time = 4.373 ms
ptxas info    : Compiling entry function '_ZN3aut12lns_strategy18gemv_thread_kernelINS_3lns7lns4_r1ELNS_8bitwidth12compute_kindE1ELNS4_14storage_layoutE0ELi1ELNS0_12decoder_kindE13ELNS0_13multiply_kindE1EEEvNS0_12storage_viewIT_XT1_EEESB_mmNS0_12table_bundleIXT0_EEEPNS4_14compute_traitsIXT0_EE4typeE' for 'sm_90'
ptxas info    : Function properties for _ZN3aut12lns_strategy18gemv_thread_kernelINS_3lns7lns4_r1ELNS_8bitwidth12compute_kindE1ELNS4_14storage_layoutE0ELi1ELNS0_12decoder_kindE13ELNS0_13multiply_kindE1EEEvNS0_12storage_viewIT_XT1_EEESB_mmNS0_12table_bundleIXT0_EEEPNS4_14compute_traitsIXT0_EE4typeE
    0 bytes stack frame, 0 bytes spill stores, 0 bytes spill loads
ptxas info    : Used 21 registers, used 1 barriers
ptxas info    : Compile time = 4.807 ms
ptxas info    : Compiling entry function '_ZN3aut12lns_strategy17dot_thread_kernelINS_3lns7lns4_r1ELNS_8bitwidth12compute_kindE1ELNS4_14storage_layoutE0ELi1ELNS0_12decoder_kindE13ELNS0_13multiply_kindE1EEEvNS0_12storage_viewIT_XT1_EEESB_mNS0_12table_bundleIXT0_EEEPNS4_14compute_traitsIXT0_EE4typeE' for 'sm_90'
ptxas info    : Function properties for _ZN3aut12lns_strategy17dot_thread_kernelINS_3lns7lns4_r1ELNS_8bitwidth12compute_kindE1ELNS4_14storage_layoutE0ELi1ELNS0_12decoder_kindE13ELNS0_13multiply_kindE1EEEvNS0_12storage_viewIT_XT1_EEESB_mNS0_12table_bundleIXT0_EEEPNS4_14compute_traitsIXT0_EE4typeE
    0 bytes stack frame, 0 bytes spill stores, 0 bytes spill loads
ptxas info    : Used 23 registers, used 1 barriers
ptxas info    : Compile time = 4.684 ms
ptxas info    : Compiling entry function '_ZN3aut12lns_strategy23gemv_cooperative_kernelINS_3lns7lns4_r1ELNS_8bitwidth12compute_kindE1ELNS0_12decoder_kindE12ELNS0_13multiply_kindE1EEEvPKjS9_mmNS0_12table_bundleIXT0_EEEPNS4_14compute_traitsIXT0_EE4typeE' for 'sm_90'
ptxas info    : Function properties for _ZN3aut12lns_strategy23gemv_cooperative_kernelINS_3lns7lns4_r1ELNS_8bitwidth12compute_kindE1ELNS0_12decoder_kindE12ELNS0_13multiply_kindE1EEEvPKjS9_mmNS0_12table_bundleIXT0_EEEPNS4_14compute_traitsIXT0_EE4typeE
    0 bytes stack frame, 0 bytes spill stores, 0 bytes spill loads
ptxas info    : Used 25 registers, used 1 barriers
ptxas info    : Compile time = 5.372 ms
ptxas info    : Compiling entry function '_ZN3aut12lns_strategy22dot_cooperative_kernelINS_3lns7lns4_r1ELNS_8bitwidth12compute_kindE1ELNS0_12decoder_kindE12ELNS0_13multiply_kindE1EEEvPKjS9_mNS0_12table_bundleIXT0_EEEPNS4_14compute_traitsIXT0_EE4typeE' for 'sm_90'
ptxas info    : Function properties for _ZN3aut12lns_strategy22dot_cooperative_kernelINS_3lns7lns4_r1ELNS_8bitwidth12compute_kindE1ELNS0_12decoder_kindE12ELNS0_13multiply_kindE1EEEvPKjS9_mNS0_12table_bundleIXT0_EEEPNS4_14compute_traitsIXT0_EE4typeE
    0 bytes stack frame, 0 bytes spill stores, 0 bytes spill loads
ptxas info    : Used 23 registers, used 1 barriers
ptxas info    : Compile time = 5.226 ms
ptxas info    : Compiling entry function '_ZN3aut12lns_strategy18gemv_thread_kernelINS_3lns7lns4_r1ELNS_8bitwidth12compute_kindE1ELNS4_14storage_layoutE1ELi8ELNS0_12decoder_kindE12ELNS0_13multiply_kindE1EEEvNS0_12storage_viewIT_XT1_EEESB_mmNS0_12table_bundleIXT0_EEEPNS4_14compute_traitsIXT0_EE4typeE' for 'sm_90'
ptxas info    : Function properties for _ZN3aut12lns_strategy18gemv_thread_kernelINS_3lns7lns4_r1ELNS_8bitwidth12compute_kindE1ELNS4_14storage_layoutE1ELi8ELNS0_12decoder_kindE12ELNS0_13multiply_kindE1EEEvNS0_12storage_viewIT_XT1_EEESB_mmNS0_12table_bundleIXT0_EEEPNS4_14compute_traitsIXT0_EE4typeE
    0 bytes stack frame, 0 bytes spill stores, 0 bytes spill loads
ptxas info    : Used 32 registers, used 1 barriers
ptxas info    : Compile time = 11.292 ms
ptxas info    : Compiling entry function '_ZN3aut12lns_strategy17dot_thread_kernelINS_3lns7lns4_r1ELNS_8bitwidth12compute_kindE1ELNS4_14storage_layoutE1ELi8ELNS0_12decoder_kindE12ELNS0_13multiply_kindE1EEEvNS0_12storage_viewIT_XT1_EEESB_mNS0_12table_bundleIXT0_EEEPNS4_14compute_traitsIXT0_EE4typeE' for 'sm_90'
ptxas info    : Function properties for _ZN3aut12lns_strategy17dot_thread_kernelINS_3lns7lns4_r1ELNS_8bitwidth12compute_kindE1ELNS4_14storage_layoutE1ELi8ELNS0_12decoder_kindE12ELNS0_13multiply_kindE1EEEvNS0_12storage_viewIT_XT1_EEESB_mNS0_12table_bundleIXT0_EEEPNS4_14compute_traitsIXT0_EE4typeE
    0 bytes stack frame, 0 bytes spill stores, 0 bytes spill loads
ptxas info    : Used 34 registers, used 1 barriers
ptxas info    : Compile time = 11.441 ms
ptxas info    : Compiling entry function '_ZN3aut12lns_strategy18gemv_thread_kernelINS_3lns7lns4_r1ELNS_8bitwidth12compute_kindE1ELNS4_14storage_layoutE1ELi4ELNS0_12decoder_kindE12ELNS0_13multiply_kindE1EEEvNS0_12storage_viewIT_XT1_EEESB_mmNS0_12table_bundleIXT0_EEEPNS4_14compute_traitsIXT0_EE4typeE' for 'sm_90'
ptxas info    : Function properties for _ZN3aut12lns_strategy18gemv_thread_kernelINS_3lns7lns4_r1ELNS_8bitwidth12compute_kindE1ELNS4_14storage_layoutE1ELi4ELNS0_12decoder_kindE12ELNS0_13multiply_kindE1EEEvNS0_12storage_viewIT_XT1_EEESB_mmNS0_12table_bundleIXT0_EEEPNS4_14compute_traitsIXT0_EE4typeE
    0 bytes stack frame, 0 bytes spill stores, 0 bytes spill loads
ptxas info    : Used 24 registers, used 1 barriers
ptxas info    : Compile time = 7.188 ms
ptxas info    : Compiling entry function '_ZN3aut12lns_strategy17dot_thread_kernelINS_3lns7lns4_r1ELNS_8bitwidth12compute_kindE1ELNS4_14storage_layoutE1ELi4ELNS0_12decoder_kindE12ELNS0_13multiply_kindE1EEEvNS0_12storage_viewIT_XT1_EEESB_mNS0_12table_bundleIXT0_EEEPNS4_14compute_traitsIXT0_EE4typeE' for 'sm_90'
ptxas info    : Function properties for _ZN3aut12lns_strategy17dot_thread_kernelINS_3lns7lns4_r1ELNS_8bitwidth12compute_kindE1ELNS4_14storage_layoutE1ELi4ELNS0_12decoder_kindE12ELNS0_13multiply_kindE1EEEvNS0_12storage_viewIT_XT1_EEESB_mNS0_12table_bundleIXT0_EEEPNS4_14compute_traitsIXT0_EE4typeE
    0 bytes stack frame, 0 bytes spill stores, 0 bytes spill loads
ptxas info    : Used 28 registers, used 1 barriers
ptxas info    : Compile time = 7.322 ms
ptxas info    : Compiling entry function '_ZN3aut12lns_strategy18gemv_thread_kernelINS_3lns7lns4_r1ELNS_8bitwidth12compute_kindE1ELNS4_14storage_layoutE1ELi2ELNS0_12decoder_kindE12ELNS0_13multiply_kindE1EEEvNS0_12storage_viewIT_XT1_EEESB_mmNS0_12table_bundleIXT0_EEEPNS4_14compute_traitsIXT0_EE4typeE' for 'sm_90'
ptxas info    : Function properties for _ZN3aut12lns_strategy18gemv_thread_kernelINS_3lns7lns4_r1ELNS_8bitwidth12compute_kindE1ELNS4_14storage_layoutE1ELi2ELNS0_12decoder_kindE12ELNS0_13multiply_kindE1EEEvNS0_12storage_viewIT_XT1_EEESB_mmNS0_12table_bundleIXT0_EEEPNS4_14compute_traitsIXT0_EE4typeE
    0 bytes stack frame, 0 bytes spill stores, 0 bytes spill loads
ptxas info    : Used 20 registers, used 1 barriers
ptxas info    : Compile time = 5.189 ms
ptxas info    : Compiling entry function '_ZN3aut12lns_strategy17dot_thread_kernelINS_3lns7lns4_r1ELNS_8bitwidth12compute_kindE1ELNS4_14storage_layoutE1ELi2ELNS0_12decoder_kindE12ELNS0_13multiply_kindE1EEEvNS0_12storage_viewIT_XT1_EEESB_mNS0_12table_bundleIXT0_EEEPNS4_14compute_traitsIXT0_EE4typeE' for 'sm_90'
ptxas info    : Function properties for _ZN3aut12lns_strategy17dot_thread_kernelINS_3lns7lns4_r1ELNS_8bitwidth12compute_kindE1ELNS4_14storage_layoutE1ELi2ELNS0_12decoder_kindE12ELNS0_13multiply_kindE1EEEvNS0_12storage_viewIT_XT1_EEESB_mNS0_12table_bundleIXT0_EEEPNS4_14compute_traitsIXT0_EE4typeE
    0 bytes stack frame, 0 bytes spill stores, 0 bytes spill loads
ptxas info    : Used 26 registers, used 1 barriers
ptxas info    : Compile time = 5.239 ms
ptxas info    : Compiling entry function '_ZN3aut12lns_strategy18gemv_thread_kernelINS_3lns7lns4_r1ELNS_8bitwidth12compute_kindE1ELNS4_14storage_layoutE0ELi8ELNS0_12decoder_kindE12ELNS0_13multiply_kindE1EEEvNS0_12storage_viewIT_XT1_EEESB_mmNS0_12table_bundleIXT0_EEEPNS4_14compute_traitsIXT0_EE4typeE' for 'sm_90'
ptxas info    : Function properties for _ZN3aut12lns_strategy18gemv_thread_kernelINS_3lns7lns4_r1ELNS_8bitwidth12compute_kindE1ELNS4_14storage_layoutE0ELi8ELNS0_12decoder_kindE12ELNS0_13multiply_kindE1EEEvNS0_12storage_viewIT_XT1_EEESB_mmNS0_12table_bundleIXT0_EEEPNS4_14compute_traitsIXT0_EE4typeE
    0 bytes stack frame, 0 bytes spill stores, 0 bytes spill loads
ptxas info    : Used 48 registers, used 1 barriers
ptxas info    : Compile time = 14.823 ms
ptxas info    : Compiling entry function '_ZN3aut12lns_strategy17dot_thread_kernelINS_3lns7lns4_r1ELNS_8bitwidth12compute_kindE1ELNS4_14storage_layoutE0ELi8ELNS0_12decoder_kindE12ELNS0_13multiply_kindE1EEEvNS0_12storage_viewIT_XT1_EEESB_mNS0_12table_bundleIXT0_EEEPNS4_14compute_traitsIXT0_EE4typeE' for 'sm_90'
ptxas info    : Function properties for _ZN3aut12lns_strategy17dot_thread_kernelINS_3lns7lns4_r1ELNS_8bitwidth12compute_kindE1ELNS4_14storage_layoutE0ELi8ELNS0_12decoder_kindE12ELNS0_13multiply_kindE1EEEvNS0_12storage_viewIT_XT1_EEESB_mNS0_12table_bundleIXT0_EEEPNS4_14compute_traitsIXT0_EE4typeE
    0 bytes stack frame, 0 bytes spill stores, 0 bytes spill loads
ptxas info    : Used 42 registers, used 1 barriers
ptxas info    : Compile time = 11.531 ms
ptxas info    : Compiling entry function '_ZN3aut12lns_strategy18gemv_thread_kernelINS_3lns7lns4_r1ELNS_8bitwidth12compute_kindE1ELNS4_14storage_layoutE0ELi4ELNS0_12decoder_kindE12ELNS0_13multiply_kindE1EEEvNS0_12storage_viewIT_XT1_EEESB_mmNS0_12table_bundleIXT0_EEEPNS4_14compute_traitsIXT0_EE4typeE' for 'sm_90'
ptxas info    : Function properties for _ZN3aut12lns_strategy18gemv_thread_kernelINS_3lns7lns4_r1ELNS_8bitwidth12compute_kindE1ELNS4_14storage_layoutE0ELi4ELNS0_12decoder_kindE12ELNS0_13multiply_kindE1EEEvNS0_12storage_viewIT_XT1_EEESB_mmNS0_12table_bundleIXT0_EEEPNS4_14compute_traitsIXT0_EE4typeE
    0 bytes stack frame, 0 bytes spill stores, 0 bytes spill loads
ptxas info    : Used 32 registers, used 1 barriers
ptxas info    : Compile time = 9.475 ms
ptxas info    : Compiling entry function '_ZN3aut12lns_strategy17dot_thread_kernelINS_3lns7lns4_r1ELNS_8bitwidth12compute_kindE1ELNS4_14storage_layoutE0ELi4ELNS0_12decoder_kindE12ELNS0_13multiply_kindE1EEEvNS0_12storage_viewIT_XT1_EEESB_mNS0_12table_bundleIXT0_EEEPNS4_14compute_traitsIXT0_EE4typeE' for 'sm_90'
ptxas info    : Function properties for _ZN3aut12lns_strategy17dot_thread_kernelINS_3lns7lns4_r1ELNS_8bitwidth12compute_kindE1ELNS4_14storage_layoutE0ELi4ELNS0_12decoder_kindE12ELNS0_13multiply_kindE1EEEvNS0_12storage_viewIT_XT1_EEESB_mNS0_12table_bundleIXT0_EEEPNS4_14compute_traitsIXT0_EE4typeE
    0 bytes stack frame, 0 bytes spill stores, 0 bytes spill loads
ptxas info    : Used 32 registers, used 1 barriers
ptxas info    : Compile time = 9.005 ms
ptxas info    : Compiling entry function '_ZN3aut12lns_strategy18gemv_thread_kernelINS_3lns7lns4_r1ELNS_8bitwidth12compute_kindE1ELNS4_14storage_layoutE0ELi2ELNS0_12decoder_kindE12ELNS0_13multiply_kindE1EEEvNS0_12storage_viewIT_XT1_EEESB_mmNS0_12table_bundleIXT0_EEEPNS4_14compute_traitsIXT0_EE4typeE' for 'sm_90'
ptxas info    : Function properties for _ZN3aut12lns_strategy18gemv_thread_kernelINS_3lns7lns4_r1ELNS_8bitwidth12compute_kindE1ELNS4_14storage_layoutE0ELi2ELNS0_12decoder_kindE12ELNS0_13multiply_kindE1EEEvNS0_12storage_viewIT_XT1_EEESB_mmNS0_12table_bundleIXT0_EEEPNS4_14compute_traitsIXT0_EE4typeE
    0 bytes stack frame, 0 bytes spill stores, 0 bytes spill loads
ptxas info    : Used 32 registers, used 1 barriers
ptxas info    : Compile time = 6.140 ms
ptxas info    : Compiling entry function '_ZN3aut12lns_strategy17dot_thread_kernelINS_3lns7lns4_r1ELNS_8bitwidth12compute_kindE1ELNS4_14storage_layoutE0ELi2ELNS0_12decoder_kindE12ELNS0_13multiply_kindE1EEEvNS0_12storage_viewIT_XT1_EEESB_mNS0_12table_bundleIXT0_EEEPNS4_14compute_traitsIXT0_EE4typeE' for 'sm_90'
ptxas info    : Function properties for _ZN3aut12lns_strategy17dot_thread_kernelINS_3lns7lns4_r1ELNS_8bitwidth12compute_kindE1ELNS4_14storage_layoutE0ELi2ELNS0_12decoder_kindE12ELNS0_13multiply_kindE1EEEvNS0_12storage_viewIT_XT1_EEESB_mNS0_12table_bundleIXT0_EEEPNS4_14compute_traitsIXT0_EE4typeE
    0 bytes stack frame, 0 bytes spill stores, 0 bytes spill loads
ptxas info    : Used 32 registers, used 1 barriers
ptxas info    : Compile time = 5.979 ms
ptxas info    : Compiling entry function '_ZN3aut12lns_strategy18gemv_thread_kernelINS_3lns7lns4_r1ELNS_8bitwidth12compute_kindE1ELNS4_14storage_layoutE1ELi1ELNS0_12decoder_kindE12ELNS0_13multiply_kindE1EEEvNS0_12storage_viewIT_XT1_EEESB_mmNS0_12table_bundleIXT0_EEEPNS4_14compute_traitsIXT0_EE4typeE' for 'sm_90'
ptxas info    : Function properties for _ZN3aut12lns_strategy18gemv_thread_kernelINS_3lns7lns4_r1ELNS_8bitwidth12compute_kindE1ELNS4_14storage_layoutE1ELi1ELNS0_12decoder_kindE12ELNS0_13multiply_kindE1EEEvNS0_12storage_viewIT_XT1_EEESB_mmNS0_12table_bundleIXT0_EEEPNS4_14compute_traitsIXT0_EE4typeE
    0 bytes stack frame, 0 bytes spill stores, 0 bytes spill loads
ptxas info    : Used 19 registers, used 1 barriers
ptxas info    : Compile time = 3.867 ms
ptxas info    : Compiling entry function '_ZN3aut12lns_strategy17dot_thread_kernelINS_3lns7lns4_r1ELNS_8bitwidth12compute_kindE1ELNS4_14storage_layoutE1ELi1ELNS0_12decoder_kindE12ELNS0_13multiply_kindE1EEEvNS0_12storage_viewIT_XT1_EEESB_mNS0_12table_bundleIXT0_EEEPNS4_14compute_traitsIXT0_EE4typeE' for 'sm_90'
ptxas info    : Function properties for _ZN3aut12lns_strategy17dot_thread_kernelINS_3lns7lns4_r1ELNS_8bitwidth12compute_kindE1ELNS4_14storage_layoutE1ELi1ELNS0_12decoder_kindE12ELNS0_13multiply_kindE1EEEvNS0_12storage_viewIT_XT1_EEESB_mNS0_12table_bundleIXT0_EEEPNS4_14compute_traitsIXT0_EE4typeE
    0 bytes stack frame, 0 bytes spill stores, 0 bytes spill loads
ptxas info    : Used 22 registers, used 1 barriers
ptxas info    : Compile time = 3.722 ms
ptxas info    : Compiling entry function '_ZN3aut12lns_strategy18gemv_thread_kernelINS_3lns7lns4_r1ELNS_8bitwidth12compute_kindE1ELNS4_14storage_layoutE0ELi1ELNS0_12decoder_kindE12ELNS0_13multiply_kindE1EEEvNS0_12storage_viewIT_XT1_EEESB_mmNS0_12table_bundleIXT0_EEEPNS4_14compute_traitsIXT0_EE4typeE' for 'sm_90'
ptxas info    : Function properties for _ZN3aut12lns_strategy18gemv_thread_kernelINS_3lns7lns4_r1ELNS_8bitwidth12compute_kindE1ELNS4_14storage_layoutE0ELi1ELNS0_12decoder_kindE12ELNS0_13multiply_kindE1EEEvNS0_12storage_viewIT_XT1_EEESB_mmNS0_12table_bundleIXT0_EEEPNS4_14compute_traitsIXT0_EE4typeE
    0 bytes stack frame, 0 bytes spill stores, 0 bytes spill loads
ptxas info    : Used 21 registers, used 1 barriers
ptxas info    : Compile time = 4.323 ms
ptxas info    : Compiling entry function '_ZN3aut12lns_strategy17dot_thread_kernelINS_3lns7lns4_r1ELNS_8bitwidth12compute_kindE1ELNS4_14storage_layoutE0ELi1ELNS0_12decoder_kindE12ELNS0_13multiply_kindE1EEEvNS0_12storage_viewIT_XT1_EEESB_mNS0_12table_bundleIXT0_EEEPNS4_14compute_traitsIXT0_EE4typeE' for 'sm_90'
ptxas info    : Function properties for _ZN3aut12lns_strategy17dot_thread_kernelINS_3lns7lns4_r1ELNS_8bitwidth12compute_kindE1ELNS4_14storage_layoutE0ELi1ELNS0_12decoder_kindE12ELNS0_13multiply_kindE1EEEvNS0_12storage_viewIT_XT1_EEESB_mNS0_12table_bundleIXT0_EEEPNS4_14compute_traitsIXT0_EE4typeE
    0 bytes stack frame, 0 bytes spill stores, 0 bytes spill loads
ptxas info    : Used 23 registers, used 1 barriers
ptxas info    : Compile time = 4.171 ms
ptxas info    : Compiling entry function '_ZN3aut12lns_strategy23gemv_cooperative_kernelINS_3lns7lns4_r1ELNS_8bitwidth12compute_kindE1ELNS0_12decoder_kindE11ELNS0_13multiply_kindE1EEEvPKjS9_mmNS0_12table_bundleIXT0_EEEPNS4_14compute_traitsIXT0_EE4typeE' for 'sm_90'
ptxas info    : Function properties for _ZN3aut12lns_strategy23gemv_cooperative_kernelINS_3lns7lns4_r1ELNS_8bitwidth12compute_kindE1ELNS0_12decoder_kindE11ELNS0_13multiply_kindE1EEEvPKjS9_mmNS0_12table_bundleIXT0_EEEPNS4_14compute_traitsIXT0_EE4typeE
    0 bytes stack frame, 0 bytes spill stores, 0 bytes spill loads
ptxas info    : Used 24 registers, used 1 barriers
ptxas info    : Compile time = 4.746 ms
ptxas info    : Compiling entry function '_ZN3aut12lns_strategy22dot_cooperative_kernelINS_3lns7lns4_r1ELNS_8bitwidth12compute_kindE1ELNS0_12decoder_kindE11ELNS0_13multiply_kindE1EEEvPKjS9_mNS0_12table_bundleIXT0_EEEPNS4_14compute_traitsIXT0_EE4typeE' for 'sm_90'
ptxas info    : Function properties for _ZN3aut12lns_strategy22dot_cooperative_kernelINS_3lns7lns4_r1ELNS_8bitwidth12compute_kindE1ELNS0_12decoder_kindE11ELNS0_13multiply_kindE1EEEvPKjS9_mNS0_12table_bundleIXT0_EEEPNS4_14compute_traitsIXT0_EE4typeE
    0 bytes stack frame, 0 bytes spill stores, 0 bytes spill loads
ptxas info    : Used 22 registers, used 1 barriers
ptxas info    : Compile time = 4.649 ms
ptxas info    : Compiling entry function '_ZN3aut12lns_strategy18gemv_thread_kernelINS_3lns7lns4_r1ELNS_8bitwidth12compute_kindE1ELNS4_14storage_layoutE1ELi8ELNS0_12decoder_kindE11ELNS0_13multiply_kindE1EEEvNS0_12storage_viewIT_XT1_EEESB_mmNS0_12table_bundleIXT0_EEEPNS4_14compute_traitsIXT0_EE4typeE' for 'sm_90'
ptxas info    : Function properties for _ZN3aut12lns_strategy18gemv_thread_kernelINS_3lns7lns4_r1ELNS_8bitwidth12compute_kindE1ELNS4_14storage_layoutE1ELi8ELNS0_12decoder_kindE11ELNS0_13multiply_kindE1EEEvNS0_12storage_viewIT_XT1_EEESB_mmNS0_12table_bundleIXT0_EEEPNS4_14compute_traitsIXT0_EE4typeE
    0 bytes stack frame, 0 bytes spill stores, 0 bytes spill loads
ptxas info    : Used 29 registers, used 1 barriers
ptxas info    : Compile time = 5.492 ms
ptxas info    : Compiling entry function '_ZN3aut12lns_strategy17dot_thread_kernelINS_3lns7lns4_r1ELNS_8bitwidth12compute_kindE1ELNS4_14storage_layoutE1ELi8ELNS0_12decoder_kindE11ELNS0_13multiply_kindE1EEEvNS0_12storage_viewIT_XT1_EEESB_mNS0_12table_bundleIXT0_EEEPNS4_14compute_traitsIXT0_EE4typeE' for 'sm_90'
ptxas info    : Function properties for _ZN3aut12lns_strategy17dot_thread_kernelINS_3lns7lns4_r1ELNS_8bitwidth12compute_kindE1ELNS4_14storage_layoutE1ELi8ELNS0_12decoder_kindE11ELNS0_13multiply_kindE1EEEvNS0_12storage_viewIT_XT1_EEESB_mNS0_12table_bundleIXT0_EEEPNS4_14compute_traitsIXT0_EE4typeE
    0 bytes stack frame, 0 bytes spill stores, 0 bytes spill loads
ptxas info    : Used 28 registers, used 1 barriers
ptxas info    : Compile time = 5.458 ms
ptxas info    : Compiling entry function '_ZN3aut12lns_strategy18gemv_thread_kernelINS_3lns7lns4_r1ELNS_8bitwidth12compute_kindE1ELNS4_14storage_layoutE1ELi4ELNS0_12decoder_kindE11ELNS0_13multiply_kindE1EEEvNS0_12storage_viewIT_XT1_EEESB_mmNS0_12table_bundleIXT0_EEEPNS4_14compute_traitsIXT0_EE4typeE' for 'sm_90'
ptxas info    : Function properties for _ZN3aut12lns_strategy18gemv_thread_kernelINS_3lns7lns4_r1ELNS_8bitwidth12compute_kindE1ELNS4_14storage_layoutE1ELi4ELNS0_12decoder_kindE11ELNS0_13multiply_kindE1EEEvNS0_12storage_viewIT_XT1_EEESB_mmNS0_12table_bundleIXT0_EEEPNS4_14compute_traitsIXT0_EE4typeE
    0 bytes stack frame, 0 bytes spill stores, 0 bytes spill loads
ptxas info    : Used 22 registers, used 1 barriers
ptxas info    : Compile time = 4.388 ms
ptxas info    : Compiling entry function '_ZN3aut12lns_strategy17dot_thread_kernelINS_3lns7lns4_r1ELNS_8bitwidth12compute_kindE1ELNS4_14storage_layoutE1ELi4ELNS0_12decoder_kindE11ELNS0_13multiply_kindE1EEEvNS0_12storage_viewIT_XT1_EEESB_mNS0_12table_bundleIXT0_EEEPNS4_14compute_traitsIXT0_EE4typeE' for 'sm_90'
ptxas info    : Function properties for _ZN3aut12lns_strategy17dot_thread_kernelINS_3lns7lns4_r1ELNS_8bitwidth12compute_kindE1ELNS4_14storage_layoutE1ELi4ELNS0_12decoder_kindE11ELNS0_13multiply_kindE1EEEvNS0_12storage_viewIT_XT1_EEESB_mNS0_12table_bundleIXT0_EEEPNS4_14compute_traitsIXT0_EE4typeE
    0 bytes stack frame, 0 bytes spill stores, 0 bytes spill loads
ptxas info    : Used 25 registers, used 1 barriers
ptxas info    : Compile time = 4.354 ms
ptxas info    : Compiling entry function '_ZN3aut12lns_strategy18gemv_thread_kernelINS_3lns7lns4_r1ELNS_8bitwidth12compute_kindE1ELNS4_14storage_layoutE1ELi2ELNS0_12decoder_kindE11ELNS0_13multiply_kindE1EEEvNS0_12storage_viewIT_XT1_EEESB_mmNS0_12table_bundleIXT0_EEEPNS4_14compute_traitsIXT0_EE4typeE' for 'sm_90'
ptxas info    : Function properties for _ZN3aut12lns_strategy18gemv_thread_kernelINS_3lns7lns4_r1ELNS_8bitwidth12compute_kindE1ELNS4_14storage_layoutE1ELi2ELNS0_12decoder_kindE11ELNS0_13multiply_kindE1EEEvNS0_12storage_viewIT_XT1_EEESB_mmNS0_12table_bundleIXT0_EEEPNS4_14compute_traitsIXT0_EE4typeE
    0 bytes stack frame, 0 bytes spill stores, 0 bytes spill loads
ptxas info    : Used 18 registers, used 1 barriers
ptxas info    : Compile time = 3.870 ms
ptxas info    : Compiling entry function '_ZN3aut12lns_strategy17dot_thread_kernelINS_3lns7lns4_r1ELNS_8bitwidth12compute_kindE1ELNS4_14storage_layoutE1ELi2ELNS0_12decoder_kindE11ELNS0_13multiply_kindE1EEEvNS0_12storage_viewIT_XT1_EEESB_mNS0_12table_bundleIXT0_EEEPNS4_14compute_traitsIXT0_EE4typeE' for 'sm_90'
ptxas info    : Function properties for _ZN3aut12lns_strategy17dot_thread_kernelINS_3lns7lns4_r1ELNS_8bitwidth12compute_kindE1ELNS4_14storage_layoutE1ELi2ELNS0_12decoder_kindE11ELNS0_13multiply_kindE1EEEvNS0_12storage_viewIT_XT1_EEESB_mNS0_12table_bundleIXT0_EEEPNS4_14compute_traitsIXT0_EE4typeE
    0 bytes stack frame, 0 bytes spill stores, 0 bytes spill loads
ptxas info    : Used 20 registers, used 1 barriers
ptxas info    : Compile time = 3.949 ms
ptxas info    : Compiling entry function '_ZN3aut12lns_strategy18gemv_thread_kernelINS_3lns7lns4_r1ELNS_8bitwidth12compute_kindE1ELNS4_14storage_layoutE0ELi8ELNS0_12decoder_kindE11ELNS0_13multiply_kindE1EEEvNS0_12storage_viewIT_XT1_EEESB_mmNS0_12table_bundleIXT0_EEEPNS4_14compute_traitsIXT0_EE4typeE' for 'sm_90'
ptxas info    : Function properties for _ZN3aut12lns_strategy18gemv_thread_kernelINS_3lns7lns4_r1ELNS_8bitwidth12compute_kindE1ELNS4_14storage_layoutE0ELi8ELNS0_12decoder_kindE11ELNS0_13multiply_kindE1EEEvNS0_12storage_viewIT_XT1_EEESB_mmNS0_12table_bundleIXT0_EEEPNS4_14compute_traitsIXT0_EE4typeE
    0 bytes stack frame, 0 bytes spill stores, 0 bytes spill loads
ptxas info    : Used 32 registers, used 1 barriers
ptxas info    : Compile time = 8.915 ms
ptxas info    : Compiling entry function '_ZN3aut12lns_strategy17dot_thread_kernelINS_3lns7lns4_r1ELNS_8bitwidth12compute_kindE1ELNS4_14storage_layoutE0ELi8ELNS0_12decoder_kindE11ELNS0_13multiply_kindE1EEEvNS0_12storage_viewIT_XT1_EEESB_mNS0_12table_bundleIXT0_EEEPNS4_14compute_traitsIXT0_EE4typeE' for 'sm_90'
ptxas info    : Function properties for _ZN3aut12lns_strategy17dot_thread_kernelINS_3lns7lns4_r1ELNS_8bitwidth12compute_kindE1ELNS4_14storage_layoutE0ELi8ELNS0_12decoder_kindE11ELNS0_13multiply_kindE1EEEvNS0_12storage_viewIT_XT1_EEESB_mNS0_12table_bundleIXT0_EEEPNS4_14compute_traitsIXT0_EE4typeE
    0 bytes stack frame, 0 bytes spill stores, 0 bytes spill loads
ptxas info    : Used 31 registers, used 1 barriers
ptxas info    : Compile time = 5.913 ms
ptxas info    : Compiling entry function '_ZN3aut12lns_strategy18gemv_thread_kernelINS_3lns7lns4_r1ELNS_8bitwidth12compute_kindE1ELNS4_14storage_layoutE0ELi4ELNS0_12decoder_kindE11ELNS0_13multiply_kindE1EEEvNS0_12storage_viewIT_XT1_EEESB_mmNS0_12table_bundleIXT0_EEEPNS4_14compute_traitsIXT0_EE4typeE' for 'sm_90'
ptxas info    : Function properties for _ZN3aut12lns_strategy18gemv_thread_kernelINS_3lns7lns4_r1ELNS_8bitwidth12compute_kindE1ELNS4_14storage_layoutE0ELi4ELNS0_12decoder_kindE11ELNS0_13multiply_kindE1EEEvNS0_12storage_viewIT_XT1_EEESB_mmNS0_12table_bundleIXT0_EEEPNS4_14compute_traitsIXT0_EE4typeE
    0 bytes stack frame, 0 bytes spill stores, 0 bytes spill loads
ptxas info    : Used 32 registers, used 1 barriers
ptxas info    : Compile time = 6.322 ms
ptxas info    : Compiling entry function '_ZN3aut12lns_strategy17dot_thread_kernelINS_3lns7lns4_r1ELNS_8bitwidth12compute_kindE1ELNS4_14storage_layoutE0ELi4ELNS0_12decoder_kindE11ELNS0_13multiply_kindE1EEEvNS0_12storage_viewIT_XT1_EEESB_mNS0_12table_bundleIXT0_EEEPNS4_14compute_traitsIXT0_EE4typeE' for 'sm_90'
ptxas info    : Function properties for _ZN3aut12lns_strategy17dot_thread_kernelINS_3lns7lns4_r1ELNS_8bitwidth12compute_kindE1ELNS4_14storage_layoutE0ELi4ELNS0_12decoder_kindE11ELNS0_13multiply_kindE1EEEvNS0_12storage_viewIT_XT1_EEESB_mNS0_12table_bundleIXT0_EEEPNS4_14compute_traitsIXT0_EE4typeE
    0 bytes stack frame, 0 bytes spill stores, 0 bytes spill loads
ptxas info    : Used 32 registers, used 1 barriers
ptxas info    : Compile time = 6.010 ms
ptxas info    : Compiling entry function '_ZN3aut12lns_strategy18gemv_thread_kernelINS_3lns7lns4_r1ELNS_8bitwidth12compute_kindE1ELNS4_14storage_layoutE0ELi2ELNS0_12decoder_kindE11ELNS0_13multiply_kindE1EEEvNS0_12storage_viewIT_XT1_EEESB_mmNS0_12table_bundleIXT0_EEEPNS4_14compute_traitsIXT0_EE4typeE' for 'sm_90'
ptxas info    : Function properties for _ZN3aut12lns_strategy18gemv_thread_kernelINS_3lns7lns4_r1ELNS_8bitwidth12compute_kindE1ELNS4_14storage_layoutE0ELi2ELNS0_12decoder_kindE11ELNS0_13multiply_kindE1EEEvNS0_12storage_viewIT_XT1_EEESB_mmNS0_12table_bundleIXT0_EEEPNS4_14compute_traitsIXT0_EE4typeE
    0 bytes stack frame, 0 bytes spill stores, 0 bytes spill loads
ptxas info    : Used 32 registers, used 1 barriers
ptxas info    : Compile time = 4.814 ms
ptxas info    : Compiling entry function '_ZN3aut12lns_strategy17dot_thread_kernelINS_3lns7lns4_r1ELNS_8bitwidth12compute_kindE1ELNS4_14storage_layoutE0ELi2ELNS0_12decoder_kindE11ELNS0_13multiply_kindE1EEEvNS0_12storage_viewIT_XT1_EEESB_mNS0_12table_bundleIXT0_EEEPNS4_14compute_traitsIXT0_EE4typeE' for 'sm_90'
ptxas info    : Function properties for _ZN3aut12lns_strategy17dot_thread_kernelINS_3lns7lns4_r1ELNS_8bitwidth12compute_kindE1ELNS4_14storage_layoutE0ELi2ELNS0_12decoder_kindE11ELNS0_13multiply_kindE1EEEvNS0_12storage_viewIT_XT1_EEESB_mNS0_12table_bundleIXT0_EEEPNS4_14compute_traitsIXT0_EE4typeE
    0 bytes stack frame, 0 bytes spill stores, 0 bytes spill loads
ptxas info    : Used 31 registers, used 1 barriers
ptxas info    : Compile time = 4.512 ms
ptxas info    : Compiling entry function '_ZN3aut12lns_strategy18gemv_thread_kernelINS_3lns7lns4_r1ELNS_8bitwidth12compute_kindE1ELNS4_14storage_layoutE1ELi1ELNS0_12decoder_kindE11ELNS0_13multiply_kindE1EEEvNS0_12storage_viewIT_XT1_EEESB_mmNS0_12table_bundleIXT0_EEEPNS4_14compute_traitsIXT0_EE4typeE' for 'sm_90'
ptxas info    : Function properties for _ZN3aut12lns_strategy18gemv_thread_kernelINS_3lns7lns4_r1ELNS_8bitwidth12compute_kindE1ELNS4_14storage_layoutE1ELi1ELNS0_12decoder_kindE11ELNS0_13multiply_kindE1EEEvNS0_12storage_viewIT_XT1_EEESB_mmNS0_12table_bundleIXT0_EEEPNS4_14compute_traitsIXT0_EE4typeE
    0 bytes stack frame, 0 bytes spill stores, 0 bytes spill loads
ptxas info    : Used 20 registers, used 1 barriers
ptxas info    : Compile time = 3.359 ms
ptxas info    : Compiling entry function '_ZN3aut12lns_strategy17dot_thread_kernelINS_3lns7lns4_r1ELNS_8bitwidth12compute_kindE1ELNS4_14storage_layoutE1ELi1ELNS0_12decoder_kindE11ELNS0_13multiply_kindE1EEEvNS0_12storage_viewIT_XT1_EEESB_mNS0_12table_bundleIXT0_EEEPNS4_14compute_traitsIXT0_EE4typeE' for 'sm_90'
ptxas info    : Function properties for _ZN3aut12lns_strategy17dot_thread_kernelINS_3lns7lns4_r1ELNS_8bitwidth12compute_kindE1ELNS4_14storage_layoutE1ELi1ELNS0_12decoder_kindE11ELNS0_13multiply_kindE1EEEvNS0_12storage_viewIT_XT1_EEESB_mNS0_12table_bundleIXT0_EEEPNS4_14compute_traitsIXT0_EE4typeE
    0 bytes stack frame, 0 bytes spill stores, 0 bytes spill loads
ptxas info    : Used 22 registers, used 1 barriers
ptxas info    : Compile time = 3.219 ms
ptxas info    : Compiling entry function '_ZN3aut12lns_strategy18gemv_thread_kernelINS_3lns7lns4_r1ELNS_8bitwidth12compute_kindE1ELNS4_14storage_layoutE0ELi1ELNS0_12decoder_kindE11ELNS0_13multiply_kindE1EEEvNS0_12storage_viewIT_XT1_EEESB_mmNS0_12table_bundleIXT0_EEEPNS4_14compute_traitsIXT0_EE4typeE' for 'sm_90'
ptxas info    : Function properties for _ZN3aut12lns_strategy18gemv_thread_kernelINS_3lns7lns4_r1ELNS_8bitwidth12compute_kindE1ELNS4_14storage_layoutE0ELi1ELNS0_12decoder_kindE11ELNS0_13multiply_kindE1EEEvNS0_12storage_viewIT_XT1_EEESB_mmNS0_12table_bundleIXT0_EEEPNS4_14compute_traitsIXT0_EE4typeE
    0 bytes stack frame, 0 bytes spill stores, 0 bytes spill loads
ptxas info    : Used 22 registers, used 1 barriers
ptxas info    : Compile time = 3.730 ms
ptxas info    : Compiling entry function '_ZN3aut12lns_strategy17dot_thread_kernelINS_3lns7lns4_r1ELNS_8bitwidth12compute_kindE1ELNS4_14storage_layoutE0ELi1ELNS0_12decoder_kindE11ELNS0_13multiply_kindE1EEEvNS0_12storage_viewIT_XT1_EEESB_mNS0_12table_bundleIXT0_EEEPNS4_14compute_traitsIXT0_EE4typeE' for 'sm_90'
ptxas info    : Function properties for _ZN3aut12lns_strategy17dot_thread_kernelINS_3lns7lns4_r1ELNS_8bitwidth12compute_kindE1ELNS4_14storage_layoutE0ELi1ELNS0_12decoder_kindE11ELNS0_13multiply_kindE1EEEvNS0_12storage_viewIT_XT1_EEESB_mNS0_12table_bundleIXT0_EEEPNS4_14compute_traitsIXT0_EE4typeE
    0 bytes stack frame, 0 bytes spill stores, 0 bytes spill loads
ptxas info    : Used 23 registers, used 1 barriers
ptxas info    : Compile time = 3.515 ms
ptxas info    : Compiling entry function '_ZN3aut12lns_strategy23gemv_cooperative_kernelINS_3lns7lns4_r1ELNS_8bitwidth12compute_kindE1ELNS0_12decoder_kindE10ELNS0_13multiply_kindE1EEEvPKjS9_mmNS0_12table_bundleIXT0_EEEPNS4_14compute_traitsIXT0_EE4typeE' for 'sm_90'
ptxas info    : Function properties for _ZN3aut12lns_strategy23gemv_cooperative_kernelINS_3lns7lns4_r1ELNS_8bitwidth12compute_kindE1ELNS0_12decoder_kindE10ELNS0_13multiply_kindE1EEEvPKjS9_mmNS0_12table_bundleIXT0_EEEPNS4_14compute_traitsIXT0_EE4typeE
    0 bytes stack frame, 0 bytes spill stores, 0 bytes spill loads
ptxas info    : Used 24 registers, used 1 barriers
ptxas info    : Compile time = 4.263 ms
ptxas info    : Compiling entry function '_ZN3aut12lns_strategy22dot_cooperative_kernelINS_3lns7lns4_r1ELNS_8bitwidth12compute_kindE1ELNS0_12decoder_kindE10ELNS0_13multiply_kindE1EEEvPKjS9_mNS0_12table_bundleIXT0_EEEPNS4_14compute_traitsIXT0_EE4typeE' for 'sm_90'
ptxas info    : Function properties for _ZN3aut12lns_strategy22dot_cooperative_kernelINS_3lns7lns4_r1ELNS_8bitwidth12compute_kindE1ELNS0_12decoder_kindE10ELNS0_13multiply_kindE1EEEvPKjS9_mNS0_12table_bundleIXT0_EEEPNS4_14compute_traitsIXT0_EE4typeE
    0 bytes stack frame, 0 bytes spill stores, 0 bytes spill loads
ptxas info    : Used 22 registers, used 1 barriers
ptxas info    : Compile time = 4.117 ms
ptxas info    : Compiling entry function '_ZN3aut12lns_strategy18gemv_thread_kernelINS_3lns7lns4_r1ELNS_8bitwidth12compute_kindE1ELNS4_14storage_layoutE1ELi8ELNS0_12decoder_kindE10ELNS0_13multiply_kindE1EEEvNS0_12storage_viewIT_XT1_EEESB_mmNS0_12table_bundleIXT0_EEEPNS4_14compute_traitsIXT0_EE4typeE' for 'sm_90'
ptxas info    : Function properties for _ZN3aut12lns_strategy18gemv_thread_kernelINS_3lns7lns4_r1ELNS_8bitwidth12compute_kindE1ELNS4_14storage_layoutE1ELi8ELNS0_12decoder_kindE10ELNS0_13multiply_kindE1EEEvNS0_12storage_viewIT_XT1_EEESB_mmNS0_12table_bundleIXT0_EEEPNS4_14compute_traitsIXT0_EE4typeE
    0 bytes stack frame, 0 bytes spill stores, 0 bytes spill loads
ptxas info    : Used 30 registers, used 1 barriers
ptxas info    : Compile time = 5.052 ms
ptxas info    : Compiling entry function '_ZN3aut12lns_strategy17dot_thread_kernelINS_3lns7lns4_r1ELNS_8bitwidth12compute_kindE1ELNS4_14storage_layoutE1ELi8ELNS0_12decoder_kindE10ELNS0_13multiply_kindE1EEEvNS0_12storage_viewIT_XT1_EEESB_mNS0_12table_bundleIXT0_EEEPNS4_14compute_traitsIXT0_EE4typeE' for 'sm_90'
ptxas info    : Function properties for _ZN3aut12lns_strategy17dot_thread_kernelINS_3lns7lns4_r1ELNS_8bitwidth12compute_kindE1ELNS4_14storage_layoutE1ELi8ELNS0_12decoder_kindE10ELNS0_13multiply_kindE1EEEvNS0_12storage_viewIT_XT1_EEESB_mNS0_12table_bundleIXT0_EEEPNS4_14compute_traitsIXT0_EE4typeE
    0 bytes stack frame, 0 bytes spill stores, 0 bytes spill loads
ptxas info    : Used 31 registers, used 1 barriers
ptxas info    : Compile time = 5.034 ms
ptxas info    : Compiling entry function '_ZN3aut12lns_strategy18gemv_thread_kernelINS_3lns7lns4_r1ELNS_8bitwidth12compute_kindE1ELNS4_14storage_layoutE1ELi4ELNS0_12decoder_kindE10ELNS0_13multiply_kindE1EEEvNS0_12storage_viewIT_XT1_EEESB_mmNS0_12table_bundleIXT0_EEEPNS4_14compute_traitsIXT0_EE4typeE' for 'sm_90'
ptxas info    : Function properties for _ZN3aut12lns_strategy18gemv_thread_kernelINS_3lns7lns4_r1ELNS_8bitwidth12compute_kindE1ELNS4_14storage_layoutE1ELi4ELNS0_12decoder_kindE10ELNS0_13multiply_kindE1EEEvNS0_12storage_viewIT_XT1_EEESB_mmNS0_12table_bundleIXT0_EEEPNS4_14compute_traitsIXT0_EE4typeE
    0 bytes stack frame, 0 bytes spill stores, 0 bytes spill loads
ptxas info    : Used 26 registers, used 1 barriers
ptxas info    : Compile time = 3.785 ms
ptxas info    : Compiling entry function '_ZN3aut12lns_strategy17dot_thread_kernelINS_3lns7lns4_r1ELNS_8bitwidth12compute_kindE1ELNS4_14storage_layoutE1ELi4ELNS0_12decoder_kindE10ELNS0_13multiply_kindE1EEEvNS0_12storage_viewIT_XT1_EEESB_mNS0_12table_bundleIXT0_EEEPNS4_14compute_traitsIXT0_EE4typeE' for 'sm_90'
ptxas info    : Function properties for _ZN3aut12lns_strategy17dot_thread_kernelINS_3lns7lns4_r1ELNS_8bitwidth12compute_kindE1ELNS4_14storage_layoutE1ELi4ELNS0_12decoder_kindE10ELNS0_13multiply_kindE1EEEvNS0_12storage_viewIT_XT1_EEESB_mNS0_12table_bundleIXT0_EEEPNS4_14compute_traitsIXT0_EE4typeE
    0 bytes stack frame, 0 bytes spill stores, 0 bytes spill loads
ptxas info    : Used 28 registers, used 1 barriers
ptxas info    : Compile time = 3.804 ms
ptxas info    : Compiling entry function '_ZN3aut12lns_strategy18gemv_thread_kernelINS_3lns7lns4_r1ELNS_8bitwidth12compute_kindE1ELNS4_14storage_layoutE1ELi2ELNS0_12decoder_kindE10ELNS0_13multiply_kindE1EEEvNS0_12storage_viewIT_XT1_EEESB_mmNS0_12table_bundleIXT0_EEEPNS4_14compute_traitsIXT0_EE4typeE' for 'sm_90'
ptxas info    : Function properties for _ZN3aut12lns_strategy18gemv_thread_kernelINS_3lns7lns4_r1ELNS_8bitwidth12compute_kindE1ELNS4_14storage_layoutE1ELi2ELNS0_12decoder_kindE10ELNS0_13multiply_kindE1EEEvNS0_12storage_viewIT_XT1_EEESB_mmNS0_12table_bundleIXT0_EEEPNS4_14compute_traitsIXT0_EE4typeE
    0 bytes stack frame, 0 bytes spill stores, 0 bytes spill loads
ptxas info    : Used 20 registers, used 1 barriers
ptxas info    : Compile time = 3.142 ms
ptxas info    : Compiling entry function '_ZN3aut12lns_strategy17dot_thread_kernelINS_3lns7lns4_r1ELNS_8bitwidth12compute_kindE1ELNS4_14storage_layoutE1ELi2ELNS0_12decoder_kindE10ELNS0_13multiply_kindE1EEEvNS0_12storage_viewIT_XT1_EEESB_mNS0_12table_bundleIXT0_EEEPNS4_14compute_traitsIXT0_EE4typeE' for 'sm_90'
ptxas info    : Function properties for _ZN3aut12lns_strategy17dot_thread_kernelINS_3lns7lns4_r1ELNS_8bitwidth12compute_kindE1ELNS4_14storage_layoutE1ELi2ELNS0_12decoder_kindE10ELNS0_13multiply_kindE1EEEvNS0_12storage_viewIT_XT1_EEESB_mNS0_12table_bundleIXT0_EEEPNS4_14compute_traitsIXT0_EE4typeE
    0 bytes stack frame, 0 bytes spill stores, 0 bytes spill loads
ptxas info    : Used 22 registers, used 1 barriers
ptxas info    : Compile time = 3.180 ms
ptxas info    : Compiling entry function '_ZN3aut12lns_strategy18gemv_thread_kernelINS_3lns7lns4_r1ELNS_8bitwidth12compute_kindE1ELNS4_14storage_layoutE0ELi8ELNS0_12decoder_kindE10ELNS0_13multiply_kindE1EEEvNS0_12storage_viewIT_XT1_EEESB_mmNS0_12table_bundleIXT0_EEEPNS4_14compute_traitsIXT0_EE4typeE' for 'sm_90'
ptxas info    : Function properties for _ZN3aut12lns_strategy18gemv_thread_kernelINS_3lns7lns4_r1ELNS_8bitwidth12compute_kindE1ELNS4_14storage_layoutE0ELi8ELNS0_12decoder_kindE10ELNS0_13multiply_kindE1EEEvNS0_12storage_viewIT_XT1_EEESB_mmNS0_12table_bundleIXT0_EEEPNS4_14compute_traitsIXT0_EE4typeE
    0 bytes stack frame, 0 bytes spill stores, 0 bytes spill loads
ptxas info    : Used 32 registers, used 1 barriers
ptxas info    : Compile time = 8.135 ms
ptxas info    : Compiling entry function '_ZN3aut12lns_strategy17dot_thread_kernelINS_3lns7lns4_r1ELNS_8bitwidth12compute_kindE1ELNS4_14storage_layoutE0ELi8ELNS0_12decoder_kindE10ELNS0_13multiply_kindE1EEEvNS0_12storage_viewIT_XT1_EEESB_mNS0_12table_bundleIXT0_EEEPNS4_14compute_traitsIXT0_EE4typeE' for 'sm_90'
ptxas info    : Function properties for _ZN3aut12lns_strategy17dot_thread_kernelINS_3lns7lns4_r1ELNS_8bitwidth12compute_kindE1ELNS4_14storage_layoutE0ELi8ELNS0_12decoder_kindE10ELNS0_13multiply_kindE1EEEvNS0_12storage_viewIT_XT1_EEESB_mNS0_12table_bundleIXT0_EEEPNS4_14compute_traitsIXT0_EE4typeE
    0 bytes stack frame, 0 bytes spill stores, 0 bytes spill loads
ptxas info    : Used 32 registers, used 1 barriers
ptxas info    : Compile time = 4.941 ms
ptxas info    : Compiling entry function '_ZN3aut12lns_strategy18gemv_thread_kernelINS_3lns7lns4_r1ELNS_8bitwidth12compute_kindE1ELNS4_14storage_layoutE0ELi4ELNS0_12decoder_kindE10ELNS0_13multiply_kindE1EEEvNS0_12storage_viewIT_XT1_EEESB_mmNS0_12table_bundleIXT0_EEEPNS4_14compute_traitsIXT0_EE4typeE' for 'sm_90'
ptxas info    : Function properties for _ZN3aut12lns_strategy18gemv_thread_kernelINS_3lns7lns4_r1ELNS_8bitwidth12compute_kindE1ELNS4_14storage_layoutE0ELi4ELNS0_12decoder_kindE10ELNS0_13multiply_kindE1EEEvNS0_12storage_viewIT_XT1_EEESB_mmNS0_12table_bundleIXT0_EEEPNS4_14compute_traitsIXT0_EE4typeE
    0 bytes stack frame, 0 bytes spill stores, 0 bytes spill loads
ptxas info    : Used 32 registers, used 1 barriers
ptxas info    : Compile time = 5.933 ms
ptxas info    : Compiling entry function '_ZN3aut12lns_strategy17dot_thread_kernelINS_3lns7lns4_r1ELNS_8bitwidth12compute_kindE1ELNS4_14storage_layoutE0ELi4ELNS0_12decoder_kindE10ELNS0_13multiply_kindE1EEEvNS0_12storage_viewIT_XT1_EEESB_mNS0_12table_bundleIXT0_EEEPNS4_14compute_traitsIXT0_EE4typeE' for 'sm_90'
ptxas info    : Function properties for _ZN3aut12lns_strategy17dot_thread_kernelINS_3lns7lns4_r1ELNS_8bitwidth12compute_kindE1ELNS4_14storage_layoutE0ELi4ELNS0_12decoder_kindE10ELNS0_13multiply_kindE1EEEvNS0_12storage_viewIT_XT1_EEESB_mNS0_12table_bundleIXT0_EEEPNS4_14compute_traitsIXT0_EE4typeE
    0 bytes stack frame, 0 bytes spill stores, 0 bytes spill loads
ptxas info    : Used 32 registers, used 1 barriers
ptxas info    : Compile time = 5.637 ms
ptxas info    : Compiling entry function '_ZN3aut12lns_strategy18gemv_thread_kernelINS_3lns7lns4_r1ELNS_8bitwidth12compute_kindE1ELNS4_14storage_layoutE0ELi2ELNS0_12decoder_kindE10ELNS0_13multiply_kindE1EEEvNS0_12storage_viewIT_XT1_EEESB_mmNS0_12table_bundleIXT0_EEEPNS4_14compute_traitsIXT0_EE4typeE' for 'sm_90'
ptxas info    : Function properties for _ZN3aut12lns_strategy18gemv_thread_kernelINS_3lns7lns4_r1ELNS_8bitwidth12compute_kindE1ELNS4_14storage_layoutE0ELi2ELNS0_12decoder_kindE10ELNS0_13multiply_kindE1EEEvNS0_12storage_viewIT_XT1_EEESB_mmNS0_12table_bundleIXT0_EEEPNS4_14compute_traitsIXT0_EE4typeE
    0 bytes stack frame, 0 bytes spill stores, 0 bytes spill loads
ptxas info    : Used 30 registers, used 1 barriers
ptxas info    : Compile time = 4.331 ms
ptxas info    : Compiling entry function '_ZN3aut12lns_strategy17dot_thread_kernelINS_3lns7lns4_r1ELNS_8bitwidth12compute_kindE1ELNS4_14storage_layoutE0ELi2ELNS0_12decoder_kindE10ELNS0_13multiply_kindE1EEEvNS0_12storage_viewIT_XT1_EEESB_mNS0_12table_bundleIXT0_EEEPNS4_14compute_traitsIXT0_EE4typeE' for 'sm_90'
ptxas info    : Function properties for _ZN3aut12lns_strategy17dot_thread_kernelINS_3lns7lns4_r1ELNS_8bitwidth12compute_kindE1ELNS4_14storage_layoutE0ELi2ELNS0_12decoder_kindE10ELNS0_13multiply_kindE1EEEvNS0_12storage_viewIT_XT1_EEESB_mNS0_12table_bundleIXT0_EEEPNS4_14compute_traitsIXT0_EE4typeE
    0 bytes stack frame, 0 bytes spill stores, 0 bytes spill loads
ptxas info    : Used 32 registers, used 1 barriers
ptxas info    : Compile time = 4.087 ms
ptxas info    : Compiling entry function '_ZN3aut12lns_strategy18gemv_thread_kernelINS_3lns7lns4_r1ELNS_8bitwidth12compute_kindE1ELNS4_14storage_layoutE1ELi1ELNS0_12decoder_kindE10ELNS0_13multiply_kindE1EEEvNS0_12storage_viewIT_XT1_EEESB_mmNS0_12table_bundleIXT0_EEEPNS4_14compute_traitsIXT0_EE4typeE' for 'sm_90'
ptxas info    : Function properties for _ZN3aut12lns_strategy18gemv_thread_kernelINS_3lns7lns4_r1ELNS_8bitwidth12compute_kindE1ELNS4_14storage_layoutE1ELi1ELNS0_12decoder_kindE10ELNS0_13multiply_kindE1EEEvNS0_12storage_viewIT_XT1_EEESB_mmNS0_12table_bundleIXT0_EEEPNS4_14compute_traitsIXT0_EE4typeE
    0 bytes stack frame, 0 bytes spill stores, 0 bytes spill loads
ptxas info    : Used 20 registers, used 1 barriers
ptxas info    : Compile time = 2.769 ms
ptxas info    : Compiling entry function '_ZN3aut12lns_strategy17dot_thread_kernelINS_3lns7lns4_r1ELNS_8bitwidth12compute_kindE1ELNS4_14storage_layoutE1ELi1ELNS0_12decoder_kindE10ELNS0_13multiply_kindE1EEEvNS0_12storage_viewIT_XT1_EEESB_mNS0_12table_bundleIXT0_EEEPNS4_14compute_traitsIXT0_EE4typeE' for 'sm_90'
ptxas info    : Function properties for _ZN3aut12lns_strategy17dot_thread_kernelINS_3lns7lns4_r1ELNS_8bitwidth12compute_kindE1ELNS4_14storage_layoutE1ELi1ELNS0_12decoder_kindE10ELNS0_13multiply_kindE1EEEvNS0_12storage_viewIT_XT1_EEESB_mNS0_12table_bundleIXT0_EEEPNS4_14compute_traitsIXT0_EE4typeE
    0 bytes stack frame, 0 bytes spill stores, 0 bytes spill loads
ptxas info    : Used 24 registers, used 1 barriers
ptxas info    : Compile time = 2.602 ms
ptxas info    : Compiling entry function '_ZN3aut12lns_strategy18gemv_thread_kernelINS_3lns7lns4_r1ELNS_8bitwidth12compute_kindE1ELNS4_14storage_layoutE0ELi1ELNS0_12decoder_kindE10ELNS0_13multiply_kindE1EEEvNS0_12storage_viewIT_XT1_EEESB_mmNS0_12table_bundleIXT0_EEEPNS4_14compute_traitsIXT0_EE4typeE' for 'sm_90'
ptxas info    : Function properties for _ZN3aut12lns_strategy18gemv_thread_kernelINS_3lns7lns4_r1ELNS_8bitwidth12compute_kindE1ELNS4_14storage_layoutE0ELi1ELNS0_12decoder_kindE10ELNS0_13multiply_kindE1EEEvNS0_12storage_viewIT_XT1_EEESB_mmNS0_12table_bundleIXT0_EEEPNS4_14compute_traitsIXT0_EE4typeE
    0 bytes stack frame, 0 bytes spill stores, 0 bytes spill loads
ptxas info    : Used 21 registers, used 1 barriers
ptxas info    : Compile time = 3.250 ms
ptxas info    : Compiling entry function '_ZN3aut12lns_strategy17dot_thread_kernelINS_3lns7lns4_r1ELNS_8bitwidth12compute_kindE1ELNS4_14storage_layoutE0ELi1ELNS0_12decoder_kindE10ELNS0_13multiply_kindE1EEEvNS0_12storage_viewIT_XT1_EEESB_mNS0_12table_bundleIXT0_EEEPNS4_14compute_traitsIXT0_EE4typeE' for 'sm_90'
ptxas info    : Function properties for _ZN3aut12lns_strategy17dot_thread_kernelINS_3lns7lns4_r1ELNS_8bitwidth12compute_kindE1ELNS4_14storage_layoutE0ELi1ELNS0_12decoder_kindE10ELNS0_13multiply_kindE1EEEvNS0_12storage_viewIT_XT1_EEESB_mNS0_12table_bundleIXT0_EEEPNS4_14compute_traitsIXT0_EE4typeE
    0 bytes stack frame, 0 bytes spill stores, 0 bytes spill loads
ptxas info    : Used 22 registers, used 1 barriers
ptxas info    : Compile time = 3.022 ms
ptxas info    : Compiling entry function '_ZN3aut12lns_strategy23gemv_cooperative_kernelINS_3lns7lns4_r1ELNS_8bitwidth12compute_kindE1ELNS0_12decoder_kindE6ELNS0_13multiply_kindE1EEEvPKjS9_mmNS0_12table_bundleIXT0_EEEPNS4_14compute_traitsIXT0_EE4typeE' for 'sm_90'
ptxas info    : Function properties for _ZN3aut12lns_strategy23gemv_cooperative_kernelINS_3lns7lns4_r1ELNS_8bitwidth12compute_kindE1ELNS0_12decoder_kindE6ELNS0_13multiply_kindE1EEEvPKjS9_mmNS0_12table_bundleIXT0_EEEPNS4_14compute_traitsIXT0_EE4typeE
    0 bytes stack frame, 0 bytes spill stores, 0 bytes spill loads
ptxas info    : Used 29 registers, used 1 barriers
ptxas info    : Compile time = 7.193 ms
ptxas info    : Compiling entry function '_ZN3aut12lns_strategy22dot_cooperative_kernelINS_3lns7lns4_r1ELNS_8bitwidth12compute_kindE1ELNS0_12decoder_kindE6ELNS0_13multiply_kindE1EEEvPKjS9_mNS0_12table_bundleIXT0_EEEPNS4_14compute_traitsIXT0_EE4typeE' for 'sm_90'
ptxas info    : Function properties for _ZN3aut12lns_strategy22dot_cooperative_kernelINS_3lns7lns4_r1ELNS_8bitwidth12compute_kindE1ELNS0_12decoder_kindE6ELNS0_13multiply_kindE1EEEvPKjS9_mNS0_12table_bundleIXT0_EEEPNS4_14compute_traitsIXT0_EE4typeE
    0 bytes stack frame, 0 bytes spill stores, 0 bytes spill loads
ptxas info    : Used 28 registers, used 1 barriers
ptxas info    : Compile time = 6.951 ms
ptxas info    : Compiling entry function '_ZN3aut12lns_strategy18gemv_thread_kernelINS_3lns7lns4_r1ELNS_8bitwidth12compute_kindE1ELNS4_14storage_layoutE1ELi8ELNS0_12decoder_kindE6ELNS0_13multiply_kindE1EEEvNS0_12storage_viewIT_XT1_EEESB_mmNS0_12table_bundleIXT0_EEEPNS4_14compute_traitsIXT0_EE4typeE' for 'sm_90'
ptxas info    : Function properties for _ZN3aut12lns_strategy18gemv_thread_kernelINS_3lns7lns4_r1ELNS_8bitwidth12compute_kindE1ELNS4_14storage_layoutE1ELi8ELNS0_12decoder_kindE6ELNS0_13multiply_kindE1EEEvNS0_12storage_viewIT_XT1_EEESB_mmNS0_12table_bundleIXT0_EEEPNS4_14compute_traitsIXT0_EE4typeE
    0 bytes stack frame, 0 bytes spill stores, 0 bytes spill loads
ptxas info    : Used 38 registers, used 1 barriers
ptxas info    : Compile time = 22.462 ms
ptxas info    : Compiling entry function '_ZN3aut12lns_strategy17dot_thread_kernelINS_3lns7lns4_r1ELNS_8bitwidth12compute_kindE1ELNS4_14storage_layoutE1ELi8ELNS0_12decoder_kindE6ELNS0_13multiply_kindE1EEEvNS0_12storage_viewIT_XT1_EEESB_mNS0_12table_bundleIXT0_EEEPNS4_14compute_traitsIXT0_EE4typeE' for 'sm_90'
ptxas info    : Function properties for _ZN3aut12lns_strategy17dot_thread_kernelINS_3lns7lns4_r1ELNS_8bitwidth12compute_kindE1ELNS4_14storage_layoutE1ELi8ELNS0_12decoder_kindE6ELNS0_13multiply_kindE1EEEvNS0_12storage_viewIT_XT1_EEESB_mNS0_12table_bundleIXT0_EEEPNS4_14compute_traitsIXT0_EE4typeE
    0 bytes stack frame, 0 bytes spill stores, 0 bytes spill loads
ptxas info    : Used 40 registers, used 1 barriers
ptxas info    : Compile time = 22.218 ms
ptxas info    : Compiling entry function '_ZN3aut12lns_strategy18gemv_thread_kernelINS_3lns7lns4_r1ELNS_8bitwidth12compute_kindE1ELNS4_14storage_layoutE1ELi4ELNS0_12decoder_kindE6ELNS0_13multiply_kindE1EEEvNS0_12storage_viewIT_XT1_EEESB_mmNS0_12table_bundleIXT0_EEEPNS4_14compute_traitsIXT0_EE4typeE' for 'sm_90'
ptxas info    : Function properties for _ZN3aut12lns_strategy18gemv_thread_kernelINS_3lns7lns4_r1ELNS_8bitwidth12compute_kindE1ELNS4_14storage_layoutE1ELi4ELNS0_12decoder_kindE6ELNS0_13multiply_kindE1EEEvNS0_12storage_viewIT_XT1_EEESB_mmNS0_12table_bundleIXT0_EEEPNS4_14compute_traitsIXT0_EE4typeE
    0 bytes stack frame, 0 bytes spill stores, 0 bytes spill loads
ptxas info    : Used 31 registers, used 1 barriers
ptxas info    : Compile time = 12.793 ms
ptxas info    : Compiling entry function '_ZN3aut12lns_strategy17dot_thread_kernelINS_3lns7lns4_r1ELNS_8bitwidth12compute_kindE1ELNS4_14storage_layoutE1ELi4ELNS0_12decoder_kindE6ELNS0_13multiply_kindE1EEEvNS0_12storage_viewIT_XT1_EEESB_mNS0_12table_bundleIXT0_EEEPNS4_14compute_traitsIXT0_EE4typeE' for 'sm_90'
ptxas info    : Function properties for _ZN3aut12lns_strategy17dot_thread_kernelINS_3lns7lns4_r1ELNS_8bitwidth12compute_kindE1ELNS4_14storage_layoutE1ELi4ELNS0_12decoder_kindE6ELNS0_13multiply_kindE1EEEvNS0_12storage_viewIT_XT1_EEESB_mNS0_12table_bundleIXT0_EEEPNS4_14compute_traitsIXT0_EE4typeE
    0 bytes stack frame, 0 bytes spill stores, 0 bytes spill loads
ptxas info    : Used 33 registers, used 1 barriers
ptxas info    : Compile time = 12.926 ms
ptxas info    : Compiling entry function '_ZN3aut12lns_strategy18gemv_thread_kernelINS_3lns7lns4_r1ELNS_8bitwidth12compute_kindE1ELNS4_14storage_layoutE1ELi2ELNS0_12decoder_kindE6ELNS0_13multiply_kindE1EEEvNS0_12storage_viewIT_XT1_EEESB_mmNS0_12table_bundleIXT0_EEEPNS4_14compute_traitsIXT0_EE4typeE' for 'sm_90'
ptxas info    : Function properties for _ZN3aut12lns_strategy18gemv_thread_kernelINS_3lns7lns4_r1ELNS_8bitwidth12compute_kindE1ELNS4_14storage_layoutE1ELi2ELNS0_12decoder_kindE6ELNS0_13multiply_kindE1EEEvNS0_12storage_viewIT_XT1_EEESB_mmNS0_12table_bundleIXT0_EEEPNS4_14compute_traitsIXT0_EE4typeE
    0 bytes stack frame, 0 bytes spill stores, 0 bytes spill loads
ptxas info    : Used 28 registers, used 1 barriers
ptxas info    : Compile time = 8.479 ms
ptxas info    : Compiling entry function '_ZN3aut12lns_strategy17dot_thread_kernelINS_3lns7lns4_r1ELNS_8bitwidth12compute_kindE1ELNS4_14storage_layoutE1ELi2ELNS0_12decoder_kindE6ELNS0_13multiply_kindE1EEEvNS0_12storage_viewIT_XT1_EEESB_mNS0_12table_bundleIXT0_EEEPNS4_14compute_traitsIXT0_EE4typeE' for 'sm_90'
ptxas info    : Function properties for _ZN3aut12lns_strategy17dot_thread_kernelINS_3lns7lns4_r1ELNS_8bitwidth12compute_kindE1ELNS4_14storage_layoutE1ELi2ELNS0_12decoder_kindE6ELNS0_13multiply_kindE1EEEvNS0_12storage_viewIT_XT1_EEESB_mNS0_12table_bundleIXT0_EEEPNS4_14compute_traitsIXT0_EE4typeE
    0 bytes stack frame, 0 bytes spill stores, 0 bytes spill loads
ptxas info    : Used 31 registers, used 1 barriers
ptxas info    : Compile time = 8.518 ms
ptxas info    : Compiling entry function '_ZN3aut12lns_strategy18gemv_thread_kernelINS_3lns7lns4_r1ELNS_8bitwidth12compute_kindE1ELNS4_14storage_layoutE0ELi8ELNS0_12decoder_kindE6ELNS0_13multiply_kindE1EEEvNS0_12storage_viewIT_XT1_EEESB_mmNS0_12table_bundleIXT0_EEEPNS4_14compute_traitsIXT0_EE4typeE' for 'sm_90'
ptxas info    : Function properties for _ZN3aut12lns_strategy18gemv_thread_kernelINS_3lns7lns4_r1ELNS_8bitwidth12compute_kindE1ELNS4_14storage_layoutE0ELi8ELNS0_12decoder_kindE6ELNS0_13multiply_kindE1EEEvNS0_12storage_viewIT_XT1_EEESB_mmNS0_12table_bundleIXT0_EEEPNS4_14compute_traitsIXT0_EE4typeE
    0 bytes stack frame, 0 bytes spill stores, 0 bytes spill loads
ptxas info    : Used 56 registers, used 1 barriers
ptxas info    : Compile time = 25.203 ms
ptxas info    : Compiling entry function '_ZN3aut12lns_strategy17dot_thread_kernelINS_3lns7lns4_r1ELNS_8bitwidth12compute_kindE1ELNS4_14storage_layoutE0ELi8ELNS0_12decoder_kindE6ELNS0_13multiply_kindE1EEEvNS0_12storage_viewIT_XT1_EEESB_mNS0_12table_bundleIXT0_EEEPNS4_14compute_traitsIXT0_EE4typeE' for 'sm_90'
ptxas info    : Function properties for _ZN3aut12lns_strategy17dot_thread_kernelINS_3lns7lns4_r1ELNS_8bitwidth12compute_kindE1ELNS4_14storage_layoutE0ELi8ELNS0_12decoder_kindE6ELNS0_13multiply_kindE1EEEvNS0_12storage_viewIT_XT1_EEESB_mNS0_12table_bundleIXT0_EEEPNS4_14compute_traitsIXT0_EE4typeE
    0 bytes stack frame, 0 bytes spill stores, 0 bytes spill loads
ptxas info    : Used 36 registers, used 1 barriers
ptxas info    : Compile time = 21.640 ms
ptxas info    : Compiling entry function '_ZN3aut12lns_strategy18gemv_thread_kernelINS_3lns7lns4_r1ELNS_8bitwidth12compute_kindE1ELNS4_14storage_layoutE0ELi4ELNS0_12decoder_kindE6ELNS0_13multiply_kindE1EEEvNS0_12storage_viewIT_XT1_EEESB_mmNS0_12table_bundleIXT0_EEEPNS4_14compute_traitsIXT0_EE4typeE' for 'sm_90'
ptxas info    : Function properties for _ZN3aut12lns_strategy18gemv_thread_kernelINS_3lns7lns4_r1ELNS_8bitwidth12compute_kindE1ELNS4_14storage_layoutE0ELi4ELNS0_12decoder_kindE6ELNS0_13multiply_kindE1EEEvNS0_12storage_viewIT_XT1_EEESB_mmNS0_12table_bundleIXT0_EEEPNS4_14compute_traitsIXT0_EE4typeE
    0 bytes stack frame, 0 bytes spill stores, 0 bytes spill loads
ptxas info    : Used 40 registers, used 1 barriers
ptxas info    : Compile time = 15.130 ms
ptxas info    : Compiling entry function '_ZN3aut12lns_strategy17dot_thread_kernelINS_3lns7lns4_r1ELNS_8bitwidth12compute_kindE1ELNS4_14storage_layoutE0ELi4ELNS0_12decoder_kindE6ELNS0_13multiply_kindE1EEEvNS0_12storage_viewIT_XT1_EEESB_mNS0_12table_bundleIXT0_EEEPNS4_14compute_traitsIXT0_EE4typeE' for 'sm_90'
ptxas info    : Function properties for _ZN3aut12lns_strategy17dot_thread_kernelINS_3lns7lns4_r1ELNS_8bitwidth12compute_kindE1ELNS4_14storage_layoutE0ELi4ELNS0_12decoder_kindE6ELNS0_13multiply_kindE1EEEvNS0_12storage_viewIT_XT1_EEESB_mNS0_12table_bundleIXT0_EEEPNS4_14compute_traitsIXT0_EE4typeE
    0 bytes stack frame, 0 bytes spill stores, 0 bytes spill loads
ptxas info    : Used 40 registers, used 1 barriers
ptxas info    : Compile time = 14.767 ms
ptxas info    : Compiling entry function '_ZN3aut12lns_strategy18gemv_thread_kernelINS_3lns7lns4_r1ELNS_8bitwidth12compute_kindE1ELNS4_14storage_layoutE0ELi2ELNS0_12decoder_kindE6ELNS0_13multiply_kindE1EEEvNS0_12storage_viewIT_XT1_EEESB_mmNS0_12table_bundleIXT0_EEEPNS4_14compute_traitsIXT0_EE4typeE' for 'sm_90'
ptxas info    : Function properties for _ZN3aut12lns_strategy18gemv_thread_kernelINS_3lns7lns4_r1ELNS_8bitwidth12compute_kindE1ELNS4_14storage_layoutE0ELi2ELNS0_12decoder_kindE6ELNS0_13multiply_kindE1EEEvNS0_12storage_viewIT_XT1_EEESB_mmNS0_12table_bundleIXT0_EEEPNS4_14compute_traitsIXT0_EE4typeE
    0 bytes stack frame, 0 bytes spill stores, 0 bytes spill loads
ptxas info    : Used 31 registers, used 1 barriers
ptxas info    : Compile time = 9.378 ms
ptxas info    : Compiling entry function '_ZN3aut12lns_strategy17dot_thread_kernelINS_3lns7lns4_r1ELNS_8bitwidth12compute_kindE1ELNS4_14storage_layoutE0ELi2ELNS0_12decoder_kindE6ELNS0_13multiply_kindE1EEEvNS0_12storage_viewIT_XT1_EEESB_mNS0_12table_bundleIXT0_EEEPNS4_14compute_traitsIXT0_EE4typeE' for 'sm_90'
ptxas info    : Function properties for _ZN3aut12lns_strategy17dot_thread_kernelINS_3lns7lns4_r1ELNS_8bitwidth12compute_kindE1ELNS4_14storage_layoutE0ELi2ELNS0_12decoder_kindE6ELNS0_13multiply_kindE1EEEvNS0_12storage_viewIT_XT1_EEESB_mNS0_12table_bundleIXT0_EEEPNS4_14compute_traitsIXT0_EE4typeE
    0 bytes stack frame, 0 bytes spill stores, 0 bytes spill loads
ptxas info    : Used 32 registers, used 1 barriers
ptxas info    : Compile time = 9.291 ms
ptxas info    : Compiling entry function '_ZN3aut12lns_strategy18gemv_thread_kernelINS_3lns7lns4_r1ELNS_8bitwidth12compute_kindE1ELNS4_14storage_layoutE1ELi1ELNS0_12decoder_kindE6ELNS0_13multiply_kindE1EEEvNS0_12storage_viewIT_XT1_EEESB_mmNS0_12table_bundleIXT0_EEEPNS4_14compute_traitsIXT0_EE4typeE' for 'sm_90'
ptxas info    : Function properties for _ZN3aut12lns_strategy18gemv_thread_kernelINS_3lns7lns4_r1ELNS_8bitwidth12compute_kindE1ELNS4_14storage_layoutE1ELi1ELNS0_12decoder_kindE6ELNS0_13multiply_kindE1EEEvNS0_12storage_viewIT_XT1_EEESB_mmNS0_12table_bundleIXT0_EEEPNS4_14compute_traitsIXT0_EE4typeE
    0 bytes stack frame, 0 bytes spill stores, 0 bytes spill loads
ptxas info    : Used 25 registers, used 1 barriers
ptxas info    : Compile time = 5.963 ms
ptxas info    : Compiling entry function '_ZN3aut12lns_strategy17dot_thread_kernelINS_3lns7lns4_r1ELNS_8bitwidth12compute_kindE1ELNS4_14storage_layoutE1ELi1ELNS0_12decoder_kindE6ELNS0_13multiply_kindE1EEEvNS0_12storage_viewIT_XT1_EEESB_mNS0_12table_bundleIXT0_EEEPNS4_14compute_traitsIXT0_EE4typeE' for 'sm_90'
ptxas info    : Function properties for _ZN3aut12lns_strategy17dot_thread_kernelINS_3lns7lns4_r1ELNS_8bitwidth12compute_kindE1ELNS4_14storage_layoutE1ELi1ELNS0_12decoder_kindE6ELNS0_13multiply_kindE1EEEvNS0_12storage_viewIT_XT1_EEESB_mNS0_12table_bundleIXT0_EEEPNS4_14compute_traitsIXT0_EE4typeE
    0 bytes stack frame, 0 bytes spill stores, 0 bytes spill loads
ptxas info    : Used 27 registers, used 1 barriers
ptxas info    : Compile time = 5.772 ms
ptxas info    : Compiling entry function '_ZN3aut12lns_strategy18gemv_thread_kernelINS_3lns7lns4_r1ELNS_8bitwidth12compute_kindE1ELNS4_14storage_layoutE0ELi1ELNS0_12decoder_kindE6ELNS0_13multiply_kindE1EEEvNS0_12storage_viewIT_XT1_EEESB_mmNS0_12table_bundleIXT0_EEEPNS4_14compute_traitsIXT0_EE4typeE' for 'sm_90'
ptxas info    : Function properties for _ZN3aut12lns_strategy18gemv_thread_kernelINS_3lns7lns4_r1ELNS_8bitwidth12compute_kindE1ELNS4_14storage_layoutE0ELi1ELNS0_12decoder_kindE6ELNS0_13multiply_kindE1EEEvNS0_12storage_viewIT_XT1_EEESB_mmNS0_12table_bundleIXT0_EEEPNS4_14compute_traitsIXT0_EE4typeE
    0 bytes stack frame, 0 bytes spill stores, 0 bytes spill loads
ptxas info    : Used 25 registers, used 1 barriers
ptxas info    : Compile time = 6.371 ms
ptxas info    : Compiling entry function '_ZN3aut12lns_strategy17dot_thread_kernelINS_3lns7lns4_r1ELNS_8bitwidth12compute_kindE1ELNS4_14storage_layoutE0ELi1ELNS0_12decoder_kindE6ELNS0_13multiply_kindE1EEEvNS0_12storage_viewIT_XT1_EEESB_mNS0_12table_bundleIXT0_EEEPNS4_14compute_traitsIXT0_EE4typeE' for 'sm_90'
ptxas info    : Function properties for _ZN3aut12lns_strategy17dot_thread_kernelINS_3lns7lns4_r1ELNS_8bitwidth12compute_kindE1ELNS4_14storage_layoutE0ELi1ELNS0_12decoder_kindE6ELNS0_13multiply_kindE1EEEvNS0_12storage_viewIT_XT1_EEESB_mNS0_12table_bundleIXT0_EEEPNS4_14compute_traitsIXT0_EE4typeE
    0 bytes stack frame, 0 bytes spill stores, 0 bytes spill loads
ptxas info    : Used 27 registers, used 1 barriers
ptxas info    : Compile time = 6.123 ms
ptxas info    : Compiling entry function '_ZN3aut12lns_strategy23gemv_cooperative_kernelINS_3lns7lns4_r1ELNS_8bitwidth12compute_kindE1ELNS0_12decoder_kindE6ELNS0_13multiply_kindE0EEEvPKjS9_mmNS0_12table_bundleIXT0_EEEPNS4_14compute_traitsIXT0_EE4typeE' for 'sm_90'
ptxas info    : Function properties for _ZN3aut12lns_strategy23gemv_cooperative_kernelINS_3lns7lns4_r1ELNS_8bitwidth12compute_kindE1ELNS0_12decoder_kindE6ELNS0_13multiply_kindE0EEEvPKjS9_mmNS0_12table_bundleIXT0_EEEPNS4_14compute_traitsIXT0_EE4typeE
    0 bytes stack frame, 0 bytes spill stores, 0 bytes spill loads
ptxas info    : Used 32 registers, used 1 barriers
ptxas info    : Compile time = 8.102 ms
ptxas info    : Compiling entry function '_ZN3aut12lns_strategy22dot_cooperative_kernelINS_3lns7lns4_r1ELNS_8bitwidth12compute_kindE1ELNS0_12decoder_kindE6ELNS0_13multiply_kindE0EEEvPKjS9_mNS0_12table_bundleIXT0_EEEPNS4_14compute_traitsIXT0_EE4typeE' for 'sm_90'
ptxas info    : Function properties for _ZN3aut12lns_strategy22dot_cooperative_kernelINS_3lns7lns4_r1ELNS_8bitwidth12compute_kindE1ELNS0_12decoder_kindE6ELNS0_13multiply_kindE0EEEvPKjS9_mNS0_12table_bundleIXT0_EEEPNS4_14compute_traitsIXT0_EE4typeE
    0 bytes stack frame, 0 bytes spill stores, 0 bytes spill loads
ptxas info    : Used 32 registers, used 1 barriers
ptxas info    : Compile time = 7.904 ms
ptxas info    : Compiling entry function '_ZN3aut12lns_strategy18gemv_thread_kernelINS_3lns7lns4_r1ELNS_8bitwidth12compute_kindE1ELNS4_14storage_layoutE1ELi8ELNS0_12decoder_kindE6ELNS0_13multiply_kindE0EEEvNS0_12storage_viewIT_XT1_EEESB_mmNS0_12table_bundleIXT0_EEEPNS4_14compute_traitsIXT0_EE4typeE' for 'sm_90'
ptxas info    : Function properties for _ZN3aut12lns_strategy18gemv_thread_kernelINS_3lns7lns4_r1ELNS_8bitwidth12compute_kindE1ELNS4_14storage_layoutE1ELi8ELNS0_12decoder_kindE6ELNS0_13multiply_kindE0EEEvNS0_12storage_viewIT_XT1_EEESB_mmNS0_12table_bundleIXT0_EEEPNS4_14compute_traitsIXT0_EE4typeE
    0 bytes stack frame, 0 bytes spill stores, 0 bytes spill loads
ptxas info    : Used 36 registers, used 1 barriers
ptxas info    : Compile time = 29.888 ms
ptxas info    : Compiling entry function '_ZN3aut12lns_strategy17dot_thread_kernelINS_3lns7lns4_r1ELNS_8bitwidth12compute_kindE1ELNS4_14storage_layoutE1ELi8ELNS0_12decoder_kindE6ELNS0_13multiply_kindE0EEEvNS0_12storage_viewIT_XT1_EEESB_mNS0_12table_bundleIXT0_EEEPNS4_14compute_traitsIXT0_EE4typeE' for 'sm_90'
ptxas info    : Function properties for _ZN3aut12lns_strategy17dot_thread_kernelINS_3lns7lns4_r1ELNS_8bitwidth12compute_kindE1ELNS4_14storage_layoutE1ELi8ELNS0_12decoder_kindE6ELNS0_13multiply_kindE0EEEvNS0_12storage_viewIT_XT1_EEESB_mNS0_12table_bundleIXT0_EEEPNS4_14compute_traitsIXT0_EE4typeE
    0 bytes stack frame, 0 bytes spill stores, 0 bytes spill loads
ptxas info    : Used 40 registers, used 1 barriers
ptxas info    : Compile time = 29.711 ms
ptxas info    : Compiling entry function '_ZN3aut12lns_strategy18gemv_thread_kernelINS_3lns7lns4_r1ELNS_8bitwidth12compute_kindE1ELNS4_14storage_layoutE1ELi4ELNS0_12decoder_kindE6ELNS0_13multiply_kindE0EEEvNS0_12storage_viewIT_XT1_EEESB_mmNS0_12table_bundleIXT0_EEEPNS4_14compute_traitsIXT0_EE4typeE' for 'sm_90'
ptxas info    : Function properties for _ZN3aut12lns_strategy18gemv_thread_kernelINS_3lns7lns4_r1ELNS_8bitwidth12compute_kindE1ELNS4_14storage_layoutE1ELi4ELNS0_12decoder_kindE6ELNS0_13multiply_kindE0EEEvNS0_12storage_viewIT_XT1_EEESB_mmNS0_12table_bundleIXT0_EEEPNS4_14compute_traitsIXT0_EE4typeE
    0 bytes stack frame, 0 bytes spill stores, 0 bytes spill loads
ptxas info    : Used 33 registers, used 1 barriers
ptxas info    : Compile time = 16.179 ms
ptxas info    : Compiling entry function '_ZN3aut12lns_strategy17dot_thread_kernelINS_3lns7lns4_r1ELNS_8bitwidth12compute_kindE1ELNS4_14storage_layoutE1ELi4ELNS0_12decoder_kindE6ELNS0_13multiply_kindE0EEEvNS0_12storage_viewIT_XT1_EEESB_mNS0_12table_bundleIXT0_EEEPNS4_14compute_traitsIXT0_EE4typeE' for 'sm_90'
ptxas info    : Function properties for _ZN3aut12lns_strategy17dot_thread_kernelINS_3lns7lns4_r1ELNS_8bitwidth12compute_kindE1ELNS4_14storage_layoutE1ELi4ELNS0_12decoder_kindE6ELNS0_13multiply_kindE0EEEvNS0_12storage_viewIT_XT1_EEESB_mNS0_12table_bundleIXT0_EEEPNS4_14compute_traitsIXT0_EE4typeE
    0 bytes stack frame, 0 bytes spill stores, 0 bytes spill loads
ptxas info    : Used 38 registers, used 1 barriers
ptxas info    : Compile time = 16.387 ms
ptxas info    : Compiling entry function '_ZN3aut12lns_strategy18gemv_thread_kernelINS_3lns7lns4_r1ELNS_8bitwidth12compute_kindE1ELNS4_14storage_layoutE1ELi2ELNS0_12decoder_kindE6ELNS0_13multiply_kindE0EEEvNS0_12storage_viewIT_XT1_EEESB_mmNS0_12table_bundleIXT0_EEEPNS4_14compute_traitsIXT0_EE4typeE' for 'sm_90'
ptxas info    : Function properties for _ZN3aut12lns_strategy18gemv_thread_kernelINS_3lns7lns4_r1ELNS_8bitwidth12compute_kindE1ELNS4_14storage_layoutE1ELi2ELNS0_12decoder_kindE6ELNS0_13multiply_kindE0EEEvNS0_12storage_viewIT_XT1_EEESB_mmNS0_12table_bundleIXT0_EEEPNS4_14compute_traitsIXT0_EE4typeE
    0 bytes stack frame, 0 bytes spill stores, 0 bytes spill loads
ptxas info    : Used 31 registers, used 1 barriers
ptxas info    : Compile time = 10.121 ms
ptxas info    : Compiling entry function '_ZN3aut12lns_strategy17dot_thread_kernelINS_3lns7lns4_r1ELNS_8bitwidth12compute_kindE1ELNS4_14storage_layoutE1ELi2ELNS0_12decoder_kindE6ELNS0_13multiply_kindE0EEEvNS0_12storage_viewIT_XT1_EEESB_mNS0_12table_bundleIXT0_EEEPNS4_14compute_traitsIXT0_EE4typeE' for 'sm_90'
ptxas info    : Function properties for _ZN3aut12lns_strategy17dot_thread_kernelINS_3lns7lns4_r1ELNS_8bitwidth12compute_kindE1ELNS4_14storage_layoutE1ELi2ELNS0_12decoder_kindE6ELNS0_13multiply_kindE0EEEvNS0_12storage_viewIT_XT1_EEESB_mNS0_12table_bundleIXT0_EEEPNS4_14compute_traitsIXT0_EE4typeE
    0 bytes stack frame, 0 bytes spill stores, 0 bytes spill loads
ptxas info    : Used 34 registers, used 1 barriers
ptxas info    : Compile time = 10.264 ms
ptxas info    : Compiling entry function '_ZN3aut12lns_strategy18gemv_thread_kernelINS_3lns7lns4_r1ELNS_8bitwidth12compute_kindE1ELNS4_14storage_layoutE0ELi8ELNS0_12decoder_kindE6ELNS0_13multiply_kindE0EEEvNS0_12storage_viewIT_XT1_EEESB_mmNS0_12table_bundleIXT0_EEEPNS4_14compute_traitsIXT0_EE4typeE' for 'sm_90'
ptxas info    : Function properties for _ZN3aut12lns_strategy18gemv_thread_kernelINS_3lns7lns4_r1ELNS_8bitwidth12compute_kindE1ELNS4_14storage_layoutE0ELi8ELNS0_12decoder_kindE6ELNS0_13multiply_kindE0EEEvNS0_12storage_viewIT_XT1_EEESB_mmNS0_12table_bundleIXT0_EEEPNS4_14compute_traitsIXT0_EE4typeE
    0 bytes stack frame, 0 bytes spill stores, 0 bytes spill loads
ptxas info    : Used 56 registers, used 1 barriers
ptxas info    : Compile time = 33.864 ms
ptxas info    : Compiling entry function '_ZN3aut12lns_strategy17dot_thread_kernelINS_3lns7lns4_r1ELNS_8bitwidth12compute_kindE1ELNS4_14storage_layoutE0ELi8ELNS0_12decoder_kindE6ELNS0_13multiply_kindE0EEEvNS0_12storage_viewIT_XT1_EEESB_mNS0_12table_bundleIXT0_EEEPNS4_14compute_traitsIXT0_EE4typeE' for 'sm_90'
ptxas info    : Function properties for _ZN3aut12lns_strategy17dot_thread_kernelINS_3lns7lns4_r1ELNS_8bitwidth12compute_kindE1ELNS4_14storage_layoutE0ELi8ELNS0_12decoder_kindE6ELNS0_13multiply_kindE0EEEvNS0_12storage_viewIT_XT1_EEESB_mNS0_12table_bundleIXT0_EEEPNS4_14compute_traitsIXT0_EE4typeE
    0 bytes stack frame, 0 bytes spill stores, 0 bytes spill loads
ptxas info    : Used 34 registers, used 1 barriers
ptxas info    : Compile time = 29.001 ms
ptxas info    : Compiling entry function '_ZN3aut12lns_strategy18gemv_thread_kernelINS_3lns7lns4_r1ELNS_8bitwidth12compute_kindE1ELNS4_14storage_layoutE0ELi4ELNS0_12decoder_kindE6ELNS0_13multiply_kindE0EEEvNS0_12storage_viewIT_XT1_EEESB_mmNS0_12table_bundleIXT0_EEEPNS4_14compute_traitsIXT0_EE4typeE' for 'sm_90'
ptxas info    : Function properties for _ZN3aut12lns_strategy18gemv_thread_kernelINS_3lns7lns4_r1ELNS_8bitwidth12compute_kindE1ELNS4_14storage_layoutE0ELi4ELNS0_12decoder_kindE6ELNS0_13multiply_kindE0EEEvNS0_12storage_viewIT_XT1_EEESB_mmNS0_12table_bundleIXT0_EEEPNS4_14compute_traitsIXT0_EE4typeE
    0 bytes stack frame, 0 bytes spill stores, 0 bytes spill loads
ptxas info    : Used 40 registers, used 1 barriers
ptxas info    : Compile time = 18.812 ms
ptxas info    : Compiling entry function '_ZN3aut12lns_strategy17dot_thread_kernelINS_3lns7lns4_r1ELNS_8bitwidth12compute_kindE1ELNS4_14storage_layoutE0ELi4ELNS0_12decoder_kindE6ELNS0_13multiply_kindE0EEEvNS0_12storage_viewIT_XT1_EEESB_mNS0_12table_bundleIXT0_EEEPNS4_14compute_traitsIXT0_EE4typeE' for 'sm_90'
ptxas info    : Function properties for _ZN3aut12lns_strategy17dot_thread_kernelINS_3lns7lns4_r1ELNS_8bitwidth12compute_kindE1ELNS4_14storage_layoutE0ELi4ELNS0_12decoder_kindE6ELNS0_13multiply_kindE0EEEvNS0_12storage_viewIT_XT1_EEESB_mNS0_12table_bundleIXT0_EEEPNS4_14compute_traitsIXT0_EE4typeE
    0 bytes stack frame, 0 bytes spill stores, 0 bytes spill loads
ptxas info    : Used 40 registers, used 1 barriers
ptxas info    : Compile time = 18.523 ms
ptxas info    : Compiling entry function '_ZN3aut12lns_strategy18gemv_thread_kernelINS_3lns7lns4_r1ELNS_8bitwidth12compute_kindE1ELNS4_14storage_layoutE0ELi2ELNS0_12decoder_kindE6ELNS0_13multiply_kindE0EEEvNS0_12storage_viewIT_XT1_EEESB_mmNS0_12table_bundleIXT0_EEEPNS4_14compute_traitsIXT0_EE4typeE' for 'sm_90'
ptxas info    : Function properties for _ZN3aut12lns_strategy18gemv_thread_kernelINS_3lns7lns4_r1ELNS_8bitwidth12compute_kindE1ELNS4_14storage_layoutE0ELi2ELNS0_12decoder_kindE6ELNS0_13multiply_kindE0EEEvNS0_12storage_viewIT_XT1_EEESB_mmNS0_12table_bundleIXT0_EEEPNS4_14compute_traitsIXT0_EE4typeE
    0 bytes stack frame, 0 bytes spill stores, 0 bytes spill loads
ptxas info    : Used 33 registers, used 1 barriers
ptxas info    : Compile time = 11.226 ms
ptxas info    : Compiling entry function '_ZN3aut12lns_strategy17dot_thread_kernelINS_3lns7lns4_r1ELNS_8bitwidth12compute_kindE1ELNS4_14storage_layoutE0ELi2ELNS0_12decoder_kindE6ELNS0_13multiply_kindE0EEEvNS0_12storage_viewIT_XT1_EEESB_mNS0_12table_bundleIXT0_EEEPNS4_14compute_traitsIXT0_EE4typeE' for 'sm_90'
ptxas info    : Function properties for _ZN3aut12lns_strategy17dot_thread_kernelINS_3lns7lns4_r1ELNS_8bitwidth12compute_kindE1ELNS4_14storage_layoutE0ELi2ELNS0_12decoder_kindE6ELNS0_13multiply_kindE0EEEvNS0_12storage_viewIT_XT1_EEESB_mNS0_12table_bundleIXT0_EEEPNS4_14compute_traitsIXT0_EE4typeE
    0 bytes stack frame, 0 bytes spill stores, 0 bytes spill loads
ptxas info    : Used 32 registers, used 1 barriers
ptxas info    : Compile time = 11.027 ms
ptxas info    : Compiling entry function '_ZN3aut12lns_strategy18gemv_thread_kernelINS_3lns7lns4_r1ELNS_8bitwidth12compute_kindE1ELNS4_14storage_layoutE1ELi1ELNS0_12decoder_kindE6ELNS0_13multiply_kindE0EEEvNS0_12storage_viewIT_XT1_EEESB_mmNS0_12table_bundleIXT0_EEEPNS4_14compute_traitsIXT0_EE4typeE' for 'sm_90'
ptxas info    : Function properties for _ZN3aut12lns_strategy18gemv_thread_kernelINS_3lns7lns4_r1ELNS_8bitwidth12compute_kindE1ELNS4_14storage_layoutE1ELi1ELNS0_12decoder_kindE6ELNS0_13multiply_kindE0EEEvNS0_12storage_viewIT_XT1_EEESB_mmNS0_12table_bundleIXT0_EEEPNS4_14compute_traitsIXT0_EE4typeE
    0 bytes stack frame, 0 bytes spill stores, 0 bytes spill loads
ptxas info    : Used 28 registers, used 1 barriers
ptxas info    : Compile time = 6.858 ms
ptxas info    : Compiling entry function '_ZN3aut12lns_strategy17dot_thread_kernelINS_3lns7lns4_r1ELNS_8bitwidth12compute_kindE1ELNS4_14storage_layoutE1ELi1ELNS0_12decoder_kindE6ELNS0_13multiply_kindE0EEEvNS0_12storage_viewIT_XT1_EEESB_mNS0_12table_bundleIXT0_EEEPNS4_14compute_traitsIXT0_EE4typeE' for 'sm_90'
ptxas info    : Function properties for _ZN3aut12lns_strategy17dot_thread_kernelINS_3lns7lns4_r1ELNS_8bitwidth12compute_kindE1ELNS4_14storage_layoutE1ELi1ELNS0_12decoder_kindE6ELNS0_13multiply_kindE0EEEvNS0_12storage_viewIT_XT1_EEESB_mNS0_12table_bundleIXT0_EEEPNS4_14compute_traitsIXT0_EE4typeE
    0 bytes stack frame, 0 bytes spill stores, 0 bytes spill loads
ptxas info    : Used 30 registers, used 1 barriers
ptxas info    : Compile time = 6.734 ms
ptxas info    : Compiling entry function '_ZN3aut12lns_strategy18gemv_thread_kernelINS_3lns7lns4_r1ELNS_8bitwidth12compute_kindE1ELNS4_14storage_layoutE0ELi1ELNS0_12decoder_kindE6ELNS0_13multiply_kindE0EEEvNS0_12storage_viewIT_XT1_EEESB_mmNS0_12table_bundleIXT0_EEEPNS4_14compute_traitsIXT0_EE4typeE' for 'sm_90'
ptxas info    : Function properties for _ZN3aut12lns_strategy18gemv_thread_kernelINS_3lns7lns4_r1ELNS_8bitwidth12compute_kindE1ELNS4_14storage_layoutE0ELi1ELNS0_12decoder_kindE6ELNS0_13multiply_kindE0EEEvNS0_12storage_viewIT_XT1_EEESB_mmNS0_12table_bundleIXT0_EEEPNS4_14compute_traitsIXT0_EE4typeE
    0 bytes stack frame, 0 bytes spill stores, 0 bytes spill loads
ptxas info    : Used 29 registers, used 1 barriers
ptxas info    : Compile time = 7.275 ms
ptxas info    : Compiling entry function '_ZN3aut12lns_strategy17dot_thread_kernelINS_3lns7lns4_r1ELNS_8bitwidth12compute_kindE1ELNS4_14storage_layoutE0ELi1ELNS0_12decoder_kindE6ELNS0_13multiply_kindE0EEEvNS0_12storage_viewIT_XT1_EEESB_mNS0_12table_bundleIXT0_EEEPNS4_14compute_traitsIXT0_EE4typeE' for 'sm_90'
ptxas info    : Function properties for _ZN3aut12lns_strategy17dot_thread_kernelINS_3lns7lns4_r1ELNS_8bitwidth12compute_kindE1ELNS4_14storage_layoutE0ELi1ELNS0_12decoder_kindE6ELNS0_13multiply_kindE0EEEvNS0_12storage_viewIT_XT1_EEESB_mNS0_12table_bundleIXT0_EEEPNS4_14compute_traitsIXT0_EE4typeE
    0 bytes stack frame, 0 bytes spill stores, 0 bytes spill loads
ptxas info    : Used 30 registers, used 1 barriers
ptxas info    : Compile time = 7.045 ms
ptxas info    : Compiling entry function '_ZN3aut12lns_strategy23gemv_cooperative_kernelINS_3lns7lns4_r1ELNS_8bitwidth12compute_kindE1ELNS0_12decoder_kindE5ELNS0_13multiply_kindE1EEEvPKjS9_mmNS0_12table_bundleIXT0_EEEPNS4_14compute_traitsIXT0_EE4typeE' for 'sm_90'
ptxas info    : Function properties for _ZN3aut12lns_strategy23gemv_cooperative_kernelINS_3lns7lns4_r1ELNS_8bitwidth12compute_kindE1ELNS0_12decoder_kindE5ELNS0_13multiply_kindE1EEEvPKjS9_mmNS0_12table_bundleIXT0_EEEPNS4_14compute_traitsIXT0_EE4typeE
    0 bytes stack frame, 0 bytes spill stores, 0 bytes spill loads
ptxas info    : Used 25 registers, used 1 barriers
ptxas info    : Compile time = 6.916 ms
ptxas info    : Compiling entry function '_ZN3aut12lns_strategy22dot_cooperative_kernelINS_3lns7lns4_r1ELNS_8bitwidth12compute_kindE1ELNS0_12decoder_kindE5ELNS0_13multiply_kindE1EEEvPKjS9_mNS0_12table_bundleIXT0_EEEPNS4_14compute_traitsIXT0_EE4typeE' for 'sm_90'
ptxas info    : Function properties for _ZN3aut12lns_strategy22dot_cooperative_kernelINS_3lns7lns4_r1ELNS_8bitwidth12compute_kindE1ELNS0_12decoder_kindE5ELNS0_13multiply_kindE1EEEvPKjS9_mNS0_12table_bundleIXT0_EEEPNS4_14compute_traitsIXT0_EE4typeE
    0 bytes stack frame, 0 bytes spill stores, 0 bytes spill loads
ptxas info    : Used 22 registers, used 1 barriers
ptxas info    : Compile time = 6.823 ms
ptxas info    : Compiling entry function '_ZN3aut12lns_strategy18gemv_thread_kernelINS_3lns7lns4_r1ELNS_8bitwidth12compute_kindE1ELNS4_14storage_layoutE1ELi8ELNS0_12decoder_kindE5ELNS0_13multiply_kindE1EEEvNS0_12storage_viewIT_XT1_EEESB_mmNS0_12table_bundleIXT0_EEEPNS4_14compute_traitsIXT0_EE4typeE' for 'sm_90'
ptxas info    : Function properties for _ZN3aut12lns_strategy18gemv_thread_kernelINS_3lns7lns4_r1ELNS_8bitwidth12compute_kindE1ELNS4_14storage_layoutE1ELi8ELNS0_12decoder_kindE5ELNS0_13multiply_kindE1EEEvNS0_12storage_viewIT_XT1_EEESB_mmNS0_12table_bundleIXT0_EEEPNS4_14compute_traitsIXT0_EE4typeE
    0 bytes stack frame, 0 bytes spill stores, 0 bytes spill loads
ptxas info    : Used 34 registers, used 1 barriers
ptxas info    : Compile time = 17.905 ms
ptxas info    : Compiling entry function '_ZN3aut12lns_strategy17dot_thread_kernelINS_3lns7lns4_r1ELNS_8bitwidth12compute_kindE1ELNS4_14storage_layoutE1ELi8ELNS0_12decoder_kindE5ELNS0_13multiply_kindE1EEEvNS0_12storage_viewIT_XT1_EEESB_mNS0_12table_bundleIXT0_EEEPNS4_14compute_traitsIXT0_EE4typeE' for 'sm_90'
ptxas info    : Function properties for _ZN3aut12lns_strategy17dot_thread_kernelINS_3lns7lns4_r1ELNS_8bitwidth12compute_kindE1ELNS4_14storage_layoutE1ELi8ELNS0_12decoder_kindE5ELNS0_13multiply_kindE1EEEvNS0_12storage_viewIT_XT1_EEESB_mNS0_12table_bundleIXT0_EEEPNS4_14compute_traitsIXT0_EE4typeE
    0 bytes stack frame, 0 bytes spill stores, 0 bytes spill loads
ptxas info    : Used 38 registers, used 1 barriers
ptxas info    : Compile time = 18.089 ms
ptxas info    : Compiling entry function '_ZN3aut12lns_strategy18gemv_thread_kernelINS_3lns7lns4_r1ELNS_8bitwidth12compute_kindE1ELNS4_14storage_layoutE1ELi4ELNS0_12decoder_kindE5ELNS0_13multiply_kindE1EEEvNS0_12storage_viewIT_XT1_EEESB_mmNS0_12table_bundleIXT0_EEEPNS4_14compute_traitsIXT0_EE4typeE' for 'sm_90'
ptxas info    : Function properties for _ZN3aut12lns_strategy18gemv_thread_kernelINS_3lns7lns4_r1ELNS_8bitwidth12compute_kindE1ELNS4_14storage_layoutE1ELi4ELNS0_12decoder_kindE5ELNS0_13multiply_kindE1EEEvNS0_12storage_viewIT_XT1_EEESB_mmNS0_12table_bundleIXT0_EEEPNS4_14compute_traitsIXT0_EE4typeE
    0 bytes stack frame, 0 bytes spill stores, 0 bytes spill loads
ptxas info    : Used 26 registers, used 1 barriers
ptxas info    : Compile time = 10.800 ms
ptxas info    : Compiling entry function '_ZN3aut12lns_strategy17dot_thread_kernelINS_3lns7lns4_r1ELNS_8bitwidth12compute_kindE1ELNS4_14storage_layoutE1ELi4ELNS0_12decoder_kindE5ELNS0_13multiply_kindE1EEEvNS0_12storage_viewIT_XT1_EEESB_mNS0_12table_bundleIXT0_EEEPNS4_14compute_traitsIXT0_EE4typeE' for 'sm_90'
ptxas info    : Function properties for _ZN3aut12lns_strategy17dot_thread_kernelINS_3lns7lns4_r1ELNS_8bitwidth12compute_kindE1ELNS4_14storage_layoutE1ELi4ELNS0_12decoder_kindE5ELNS0_13multiply_kindE1EEEvNS0_12storage_viewIT_XT1_EEESB_mNS0_12table_bundleIXT0_EEEPNS4_14compute_traitsIXT0_EE4typeE
    0 bytes stack frame, 0 bytes spill stores, 0 bytes spill loads
ptxas info    : Used 32 registers, used 1 barriers
ptxas info    : Compile time = 10.920 ms
ptxas info    : Compiling entry function '_ZN3aut12lns_strategy18gemv_thread_kernelINS_3lns7lns4_r1ELNS_8bitwidth12compute_kindE1ELNS4_14storage_layoutE1ELi2ELNS0_12decoder_kindE5ELNS0_13multiply_kindE1EEEvNS0_12storage_viewIT_XT1_EEESB_mmNS0_12table_bundleIXT0_EEEPNS4_14compute_traitsIXT0_EE4typeE' for 'sm_90'
ptxas info    : Function properties for _ZN3aut12lns_strategy18gemv_thread_kernelINS_3lns7lns4_r1ELNS_8bitwidth12compute_kindE1ELNS4_14storage_layoutE1ELi2ELNS0_12decoder_kindE5ELNS0_13multiply_kindE1EEEvNS0_12storage_viewIT_XT1_EEESB_mmNS0_12table_bundleIXT0_EEEPNS4_14compute_traitsIXT0_EE4typeE
    0 bytes stack frame, 0 bytes spill stores, 0 bytes spill loads
ptxas info    : Used 22 registers, used 1 barriers
ptxas info    : Compile time = 7.449 ms
ptxas info    : Compiling entry function '_ZN3aut12lns_strategy17dot_thread_kernelINS_3lns7lns4_r1ELNS_8bitwidth12compute_kindE1ELNS4_14storage_layoutE1ELi2ELNS0_12decoder_kindE5ELNS0_13multiply_kindE1EEEvNS0_12storage_viewIT_XT1_EEESB_mNS0_12table_bundleIXT0_EEEPNS4_14compute_traitsIXT0_EE4typeE' for 'sm_90'
ptxas info    : Function properties for _ZN3aut12lns_strategy17dot_thread_kernelINS_3lns7lns4_r1ELNS_8bitwidth12compute_kindE1ELNS4_14storage_layoutE1ELi2ELNS0_12decoder_kindE5ELNS0_13multiply_kindE1EEEvNS0_12storage_viewIT_XT1_EEESB_mNS0_12table_bundleIXT0_EEEPNS4_14compute_traitsIXT0_EE4typeE
    0 bytes stack frame, 0 bytes spill stores, 0 bytes spill loads
ptxas info    : Used 28 registers, used 1 barriers
ptxas info    : Compile time = 7.519 ms
ptxas info    : Compiling entry function '_ZN3aut12lns_strategy18gemv_thread_kernelINS_3lns7lns4_r1ELNS_8bitwidth12compute_kindE1ELNS4_14storage_layoutE0ELi8ELNS0_12decoder_kindE5ELNS0_13multiply_kindE1EEEvNS0_12storage_viewIT_XT1_EEESB_mmNS0_12table_bundleIXT0_EEEPNS4_14compute_traitsIXT0_EE4typeE' for 'sm_90'
ptxas info    : Function properties for _ZN3aut12lns_strategy18gemv_thread_kernelINS_3lns7lns4_r1ELNS_8bitwidth12compute_kindE1ELNS4_14storage_layoutE0ELi8ELNS0_12decoder_kindE5ELNS0_13multiply_kindE1EEEvNS0_12storage_viewIT_XT1_EEESB_mmNS0_12table_bundleIXT0_EEEPNS4_14compute_traitsIXT0_EE4typeE
    0 bytes stack frame, 0 bytes spill stores, 0 bytes spill loads
ptxas info    : Used 48 registers, used 1 barriers
ptxas info    : Compile time = 21.057 ms
ptxas info    : Compiling entry function '_ZN3aut12lns_strategy17dot_thread_kernelINS_3lns7lns4_r1ELNS_8bitwidth12compute_kindE1ELNS4_14storage_layoutE0ELi8ELNS0_12decoder_kindE5ELNS0_13multiply_kindE1EEEvNS0_12storage_viewIT_XT1_EEESB_mNS0_12table_bundleIXT0_EEEPNS4_14compute_traitsIXT0_EE4typeE' for 'sm_90'
ptxas info    : Function properties for _ZN3aut12lns_strategy17dot_thread_kernelINS_3lns7lns4_r1ELNS_8bitwidth12compute_kindE1ELNS4_14storage_layoutE0ELi8ELNS0_12decoder_kindE5ELNS0_13multiply_kindE1EEEvNS0_12storage_viewIT_XT1_EEESB_mNS0_12table_bundleIXT0_EEEPNS4_14compute_traitsIXT0_EE4typeE
    0 bytes stack frame, 0 bytes spill stores, 0 bytes spill loads
ptxas info    : Used 38 registers, used 1 barriers
ptxas info    : Compile time = 17.863 ms
ptxas info    : Compiling entry function '_ZN3aut12lns_strategy18gemv_thread_kernelINS_3lns7lns4_r1ELNS_8bitwidth12compute_kindE1ELNS4_14storage_layoutE0ELi4ELNS0_12decoder_kindE5ELNS0_13multiply_kindE1EEEvNS0_12storage_viewIT_XT1_EEESB_mmNS0_12table_bundleIXT0_EEEPNS4_14compute_traitsIXT0_EE4typeE' for 'sm_90'
ptxas info    : Function properties for _ZN3aut12lns_strategy18gemv_thread_kernelINS_3lns7lns4_r1ELNS_8bitwidth12compute_kindE1ELNS4_14storage_layoutE0ELi4ELNS0_12decoder_kindE5ELNS0_13multiply_kindE1EEEvNS0_12storage_viewIT_XT1_EEESB_mmNS0_12table_bundleIXT0_EEEPNS4_14compute_traitsIXT0_EE4typeE
    0 bytes stack frame, 0 bytes spill stores, 0 bytes spill loads
ptxas info    : Used 32 registers, used 1 barriers
ptxas info    : Compile time = 13.169 ms
ptxas info    : Compiling entry function '_ZN3aut12lns_strategy17dot_thread_kernelINS_3lns7lns4_r1ELNS_8bitwidth12compute_kindE1ELNS4_14storage_layoutE0ELi4ELNS0_12decoder_kindE5ELNS0_13multiply_kindE1EEEvNS0_12storage_viewIT_XT1_EEESB_mNS0_12table_bundleIXT0_EEEPNS4_14compute_traitsIXT0_EE4typeE' for 'sm_90'
ptxas info    : Function properties for _ZN3aut12lns_strategy17dot_thread_kernelINS_3lns7lns4_r1ELNS_8bitwidth12compute_kindE1ELNS4_14storage_layoutE0ELi4ELNS0_12decoder_kindE5ELNS0_13multiply_kindE1EEEvNS0_12storage_viewIT_XT1_EEESB_mNS0_12table_bundleIXT0_EEEPNS4_14compute_traitsIXT0_EE4typeE
    0 bytes stack frame, 0 bytes spill stores, 0 bytes spill loads
ptxas info    : Used 32 registers, used 1 barriers
ptxas info    : Compile time = 12.732 ms
ptxas info    : Compiling entry function '_ZN3aut12lns_strategy18gemv_thread_kernelINS_3lns7lns4_r1ELNS_8bitwidth12compute_kindE1ELNS4_14storage_layoutE0ELi2ELNS0_12decoder_kindE5ELNS0_13multiply_kindE1EEEvNS0_12storage_viewIT_XT1_EEESB_mmNS0_12table_bundleIXT0_EEEPNS4_14compute_traitsIXT0_EE4typeE' for 'sm_90'
ptxas info    : Function properties for _ZN3aut12lns_strategy18gemv_thread_kernelINS_3lns7lns4_r1ELNS_8bitwidth12compute_kindE1ELNS4_14storage_layoutE0ELi2ELNS0_12decoder_kindE5ELNS0_13multiply_kindE1EEEvNS0_12storage_viewIT_XT1_EEESB_mmNS0_12table_bundleIXT0_EEEPNS4_14compute_traitsIXT0_EE4typeE
    0 bytes stack frame, 0 bytes spill stores, 0 bytes spill loads
ptxas info    : Used 32 registers, used 1 barriers
ptxas info    : Compile time = 8.430 ms
ptxas info    : Compiling entry function '_ZN3aut12lns_strategy17dot_thread_kernelINS_3lns7lns4_r1ELNS_8bitwidth12compute_kindE1ELNS4_14storage_layoutE0ELi2ELNS0_12decoder_kindE5ELNS0_13multiply_kindE1EEEvNS0_12storage_viewIT_XT1_EEESB_mNS0_12table_bundleIXT0_EEEPNS4_14compute_traitsIXT0_EE4typeE' for 'sm_90'
ptxas info    : Function properties for _ZN3aut12lns_strategy17dot_thread_kernelINS_3lns7lns4_r1ELNS_8bitwidth12compute_kindE1ELNS4_14storage_layoutE0ELi2ELNS0_12decoder_kindE5ELNS0_13multiply_kindE1EEEvNS0_12storage_viewIT_XT1_EEESB_mNS0_12table_bundleIXT0_EEEPNS4_14compute_traitsIXT0_EE4typeE
    0 bytes stack frame, 0 bytes spill stores, 0 bytes spill loads
ptxas info    : Used 32 registers, used 1 barriers
ptxas info    : Compile time = 8.279 ms
ptxas info    : Compiling entry function '_ZN3aut12lns_strategy18gemv_thread_kernelINS_3lns7lns4_r1ELNS_8bitwidth12compute_kindE1ELNS4_14storage_layoutE1ELi1ELNS0_12decoder_kindE5ELNS0_13multiply_kindE1EEEvNS0_12storage_viewIT_XT1_EEESB_mmNS0_12table_bundleIXT0_EEEPNS4_14compute_traitsIXT0_EE4typeE' for 'sm_90'
ptxas info    : Function properties for _ZN3aut12lns_strategy18gemv_thread_kernelINS_3lns7lns4_r1ELNS_8bitwidth12compute_kindE1ELNS4_14storage_layoutE1ELi1ELNS0_12decoder_kindE5ELNS0_13multiply_kindE1EEEvNS0_12storage_viewIT_XT1_EEESB_mmNS0_12table_bundleIXT0_EEEPNS4_14compute_traitsIXT0_EE4typeE
    0 bytes stack frame, 0 bytes spill stores, 0 bytes spill loads
ptxas info    : Used 21 registers, used 1 barriers
ptxas info    : Compile time = 5.506 ms
ptxas info    : Compiling entry function '_ZN3aut12lns_strategy17dot_thread_kernelINS_3lns7lns4_r1ELNS_8bitwidth12compute_kindE1ELNS4_14storage_layoutE1ELi1ELNS0_12decoder_kindE5ELNS0_13multiply_kindE1EEEvNS0_12storage_viewIT_XT1_EEESB_mNS0_12table_bundleIXT0_EEEPNS4_14compute_traitsIXT0_EE4typeE' for 'sm_90'
ptxas info    : Function properties for _ZN3aut12lns_strategy17dot_thread_kernelINS_3lns7lns4_r1ELNS_8bitwidth12compute_kindE1ELNS4_14storage_layoutE1ELi1ELNS0_12decoder_kindE5ELNS0_13multiply_kindE1EEEvNS0_12storage_viewIT_XT1_EEESB_mNS0_12table_bundleIXT0_EEEPNS4_14compute_traitsIXT0_EE4typeE
    0 bytes stack frame, 0 bytes spill stores, 0 bytes spill loads
ptxas info    : Used 22 registers, used 1 barriers
ptxas info    : Compile time = 5.381 ms
ptxas info    : Compiling entry function '_ZN3aut12lns_strategy18gemv_thread_kernelINS_3lns7lns4_r1ELNS_8bitwidth12compute_kindE1ELNS4_14storage_layoutE0ELi1ELNS0_12decoder_kindE5ELNS0_13multiply_kindE1EEEvNS0_12storage_viewIT_XT1_EEESB_mmNS0_12table_bundleIXT0_EEEPNS4_14compute_traitsIXT0_EE4typeE' for 'sm_90'
ptxas info    : Function properties for _ZN3aut12lns_strategy18gemv_thread_kernelINS_3lns7lns4_r1ELNS_8bitwidth12compute_kindE1ELNS4_14storage_layoutE0ELi1ELNS0_12decoder_kindE5ELNS0_13multiply_kindE1EEEvNS0_12storage_viewIT_XT1_EEESB_mmNS0_12table_bundleIXT0_EEEPNS4_14compute_traitsIXT0_EE4typeE
    0 bytes stack frame, 0 bytes spill stores, 0 bytes spill loads
ptxas info    : Used 21 registers, used 1 barriers
ptxas info    : Compile time = 5.937 ms
ptxas info    : Compiling entry function '_ZN3aut12lns_strategy17dot_thread_kernelINS_3lns7lns4_r1ELNS_8bitwidth12compute_kindE1ELNS4_14storage_layoutE0ELi1ELNS0_12decoder_kindE5ELNS0_13multiply_kindE1EEEvNS0_12storage_viewIT_XT1_EEESB_mNS0_12table_bundleIXT0_EEEPNS4_14compute_traitsIXT0_EE4typeE' for 'sm_90'
ptxas info    : Function properties for _ZN3aut12lns_strategy17dot_thread_kernelINS_3lns7lns4_r1ELNS_8bitwidth12compute_kindE1ELNS4_14storage_layoutE0ELi1ELNS0_12decoder_kindE5ELNS0_13multiply_kindE1EEEvNS0_12storage_viewIT_XT1_EEESB_mNS0_12table_bundleIXT0_EEEPNS4_14compute_traitsIXT0_EE4typeE
    0 bytes stack frame, 0 bytes spill stores, 0 bytes spill loads
ptxas info    : Used 23 registers, used 1 barriers
ptxas info    : Compile time = 5.733 ms
ptxas info    : Compiling entry function '_ZN3aut12lns_strategy23gemv_cooperative_kernelINS_3lns7lns4_r1ELNS_8bitwidth12compute_kindE1ELNS0_12decoder_kindE5ELNS0_13multiply_kindE0EEEvPKjS9_mmNS0_12table_bundleIXT0_EEEPNS4_14compute_traitsIXT0_EE4typeE' for 'sm_90'
ptxas info    : Function properties for _ZN3aut12lns_strategy23gemv_cooperative_kernelINS_3lns7lns4_r1ELNS_8bitwidth12compute_kindE1ELNS0_12decoder_kindE5ELNS0_13multiply_kindE0EEEvPKjS9_mmNS0_12table_bundleIXT0_EEEPNS4_14compute_traitsIXT0_EE4typeE
    0 bytes stack frame, 0 bytes spill stores, 0 bytes spill loads
ptxas info    : Used 27 registers, used 1 barriers
ptxas info    : Compile time = 7.421 ms
ptxas info    : Compiling entry function '_ZN3aut12lns_strategy22dot_cooperative_kernelINS_3lns7lns4_r1ELNS_8bitwidth12compute_kindE1ELNS0_12decoder_kindE5ELNS0_13multiply_kindE0EEEvPKjS9_mNS0_12table_bundleIXT0_EEEPNS4_14compute_traitsIXT0_EE4typeE' for 'sm_90'
ptxas info    : Function properties for _ZN3aut12lns_strategy22dot_cooperative_kernelINS_3lns7lns4_r1ELNS_8bitwidth12compute_kindE1ELNS0_12decoder_kindE5ELNS0_13multiply_kindE0EEEvPKjS9_mNS0_12table_bundleIXT0_EEEPNS4_14compute_traitsIXT0_EE4typeE
    0 bytes stack frame, 0 bytes spill stores, 0 bytes spill loads
ptxas info    : Used 25 registers, used 1 barriers
ptxas info    : Compile time = 7.328 ms
ptxas info    : Compiling entry function '_ZN3aut12lns_strategy18gemv_thread_kernelINS_3lns7lns4_r1ELNS_8bitwidth12compute_kindE1ELNS4_14storage_layoutE1ELi8ELNS0_12decoder_kindE5ELNS0_13multiply_kindE0EEEvNS0_12storage_viewIT_XT1_EEESB_mmNS0_12table_bundleIXT0_EEEPNS4_14compute_traitsIXT0_EE4typeE' for 'sm_90'
ptxas info    : Function properties for _ZN3aut12lns_strategy18gemv_thread_kernelINS_3lns7lns4_r1ELNS_8bitwidth12compute_kindE1ELNS4_14storage_layoutE1ELi8ELNS0_12decoder_kindE5ELNS0_13multiply_kindE0EEEvNS0_12storage_viewIT_XT1_EEESB_mmNS0_12table_bundleIXT0_EEEPNS4_14compute_traitsIXT0_EE4typeE
    0 bytes stack frame, 0 bytes spill stores, 0 bytes spill loads
ptxas info    : Used 35 registers, used 1 barriers
ptxas info    : Compile time = 21.473 ms
ptxas info    : Compiling entry function '_ZN3aut12lns_strategy17dot_thread_kernelINS_3lns7lns4_r1ELNS_8bitwidth12compute_kindE1ELNS4_14storage_layoutE1ELi8ELNS0_12decoder_kindE5ELNS0_13multiply_kindE0EEEvNS0_12storage_viewIT_XT1_EEESB_mNS0_12table_bundleIXT0_EEEPNS4_14compute_traitsIXT0_EE4typeE' for 'sm_90'
ptxas info    : Function properties for _ZN3aut12lns_strategy17dot_thread_kernelINS_3lns7lns4_r1ELNS_8bitwidth12compute_kindE1ELNS4_14storage_layoutE1ELi8ELNS0_12decoder_kindE5ELNS0_13multiply_kindE0EEEvNS0_12storage_viewIT_XT1_EEESB_mNS0_12table_bundleIXT0_EEEPNS4_14compute_traitsIXT0_EE4typeE
    0 bytes stack frame, 0 bytes spill stores, 0 bytes spill loads
ptxas info    : Used 35 registers, used 1 barriers
ptxas info    : Compile time = 21.415 ms
ptxas info    : Compiling entry function '_ZN3aut12lns_strategy18gemv_thread_kernelINS_3lns7lns4_r1ELNS_8bitwidth12compute_kindE1ELNS4_14storage_layoutE1ELi4ELNS0_12decoder_kindE5ELNS0_13multiply_kindE0EEEvNS0_12storage_viewIT_XT1_EEESB_mmNS0_12table_bundleIXT0_EEEPNS4_14compute_traitsIXT0_EE4typeE' for 'sm_90'
ptxas info    : Function properties for _ZN3aut12lns_strategy18gemv_thread_kernelINS_3lns7lns4_r1ELNS_8bitwidth12compute_kindE1ELNS4_14storage_layoutE1ELi4ELNS0_12decoder_kindE5ELNS0_13multiply_kindE0EEEvNS0_12storage_viewIT_XT1_EEESB_mmNS0_12table_bundleIXT0_EEEPNS4_14compute_traitsIXT0_EE4typeE
    0 bytes stack frame, 0 bytes spill stores, 0 bytes spill loads
ptxas info    : Used 28 registers, used 1 barriers
ptxas info    : Compile time = 12.364 ms
ptxas info    : Compiling entry function '_ZN3aut12lns_strategy17dot_thread_kernelINS_3lns7lns4_r1ELNS_8bitwidth12compute_kindE1ELNS4_14storage_layoutE1ELi4ELNS0_12decoder_kindE5ELNS0_13multiply_kindE0EEEvNS0_12storage_viewIT_XT1_EEESB_mNS0_12table_bundleIXT0_EEEPNS4_14compute_traitsIXT0_EE4typeE' for 'sm_90'
ptxas info    : Function properties for _ZN3aut12lns_strategy17dot_thread_kernelINS_3lns7lns4_r1ELNS_8bitwidth12compute_kindE1ELNS4_14storage_layoutE1ELi4ELNS0_12decoder_kindE5ELNS0_13multiply_kindE0EEEvNS0_12storage_viewIT_XT1_EEESB_mNS0_12table_bundleIXT0_EEEPNS4_14compute_traitsIXT0_EE4typeE
    0 bytes stack frame, 0 bytes spill stores, 0 bytes spill loads
ptxas info    : Used 32 registers, used 1 barriers
ptxas info    : Compile time = 12.545 ms
ptxas info    : Compiling entry function '_ZN3aut12lns_strategy18gemv_thread_kernelINS_3lns7lns4_r1ELNS_8bitwidth12compute_kindE1ELNS4_14storage_layoutE1ELi2ELNS0_12decoder_kindE5ELNS0_13multiply_kindE0EEEvNS0_12storage_viewIT_XT1_EEESB_mmNS0_12table_bundleIXT0_EEEPNS4_14compute_traitsIXT0_EE4typeE' for 'sm_90'
ptxas info    : Function properties for _ZN3aut12lns_strategy18gemv_thread_kernelINS_3lns7lns4_r1ELNS_8bitwidth12compute_kindE1ELNS4_14storage_layoutE1ELi2ELNS0_12decoder_kindE5ELNS0_13multiply_kindE0EEEvNS0_12storage_viewIT_XT1_EEESB_mmNS0_12table_bundleIXT0_EEEPNS4_14compute_traitsIXT0_EE4typeE
    0 bytes stack frame, 0 bytes spill stores, 0 bytes spill loads
ptxas info    : Used 25 registers, used 1 barriers
ptxas info    : Compile time = 8.183 ms
ptxas info    : Compiling entry function '_ZN3aut12lns_strategy17dot_thread_kernelINS_3lns7lns4_r1ELNS_8bitwidth12compute_kindE1ELNS4_14storage_layoutE1ELi2ELNS0_12decoder_kindE5ELNS0_13multiply_kindE0EEEvNS0_12storage_viewIT_XT1_EEESB_mNS0_12table_bundleIXT0_EEEPNS4_14compute_traitsIXT0_EE4typeE' for 'sm_90'
ptxas info    : Function properties for _ZN3aut12lns_strategy17dot_thread_kernelINS_3lns7lns4_r1ELNS_8bitwidth12compute_kindE1ELNS4_14storage_layoutE1ELi2ELNS0_12decoder_kindE5ELNS0_13multiply_kindE0EEEvNS0_12storage_viewIT_XT1_EEESB_mNS0_12table_bundleIXT0_EEEPNS4_14compute_traitsIXT0_EE4typeE
    0 bytes stack frame, 0 bytes spill stores, 0 bytes spill loads
ptxas info    : Used 29 registers, used 1 barriers
ptxas info    : Compile time = 8.272 ms
ptxas info    : Compiling entry function '_ZN3aut12lns_strategy18gemv_thread_kernelINS_3lns7lns4_r1ELNS_8bitwidth12compute_kindE1ELNS4_14storage_layoutE0ELi8ELNS0_12decoder_kindE5ELNS0_13multiply_kindE0EEEvNS0_12storage_viewIT_XT1_EEESB_mmNS0_12table_bundleIXT0_EEEPNS4_14compute_traitsIXT0_EE4typeE' for 'sm_90'
ptxas info    : Function properties for _ZN3aut12lns_strategy18gemv_thread_kernelINS_3lns7lns4_r1ELNS_8bitwidth12compute_kindE1ELNS4_14storage_layoutE0ELi8ELNS0_12decoder_kindE5ELNS0_13multiply_kindE0EEEvNS0_12storage_viewIT_XT1_EEESB_mmNS0_12table_bundleIXT0_EEEPNS4_14compute_traitsIXT0_EE4typeE
    0 bytes stack frame, 0 bytes spill stores, 0 bytes spill loads
ptxas info    : Used 48 registers, used 1 barriers
ptxas info    : Compile time = 25.421 ms
ptxas info    : Compiling entry function '_ZN3aut12lns_strategy17dot_thread_kernelINS_3lns7lns4_r1ELNS_8bitwidth12compute_kindE1ELNS4_14storage_layoutE0ELi8ELNS0_12decoder_kindE5ELNS0_13multiply_kindE0EEEvNS0_12storage_viewIT_XT1_EEESB_mNS0_12table_bundleIXT0_EEEPNS4_14compute_traitsIXT0_EE4typeE' for 'sm_90'
ptxas info    : Function properties for _ZN3aut12lns_strategy17dot_thread_kernelINS_3lns7lns4_r1ELNS_8bitwidth12compute_kindE1ELNS4_14storage_layoutE0ELi8ELNS0_12decoder_kindE5ELNS0_13multiply_kindE0EEEvNS0_12storage_viewIT_XT1_EEESB_mNS0_12table_bundleIXT0_EEEPNS4_14compute_traitsIXT0_EE4typeE
    0 bytes stack frame, 0 bytes spill stores, 0 bytes spill loads
ptxas info    : Used 28 registers, used 1 barriers
ptxas info    : Compile time = 21.352 ms
ptxas info    : Compiling entry function '_ZN3aut12lns_strategy18gemv_thread_kernelINS_3lns7lns4_r1ELNS_8bitwidth12compute_kindE1ELNS4_14storage_layoutE0ELi4ELNS0_12decoder_kindE5ELNS0_13multiply_kindE0EEEvNS0_12storage_viewIT_XT1_EEESB_mmNS0_12table_bundleIXT0_EEEPNS4_14compute_traitsIXT0_EE4typeE' for 'sm_90'
ptxas info    : Function properties for _ZN3aut12lns_strategy18gemv_thread_kernelINS_3lns7lns4_r1ELNS_8bitwidth12compute_kindE1ELNS4_14storage_layoutE0ELi4ELNS0_12decoder_kindE5ELNS0_13multiply_kindE0EEEvNS0_12storage_viewIT_XT1_EEESB_mmNS0_12table_bundleIXT0_EEEPNS4_14compute_traitsIXT0_EE4typeE
    0 bytes stack frame, 0 bytes spill stores, 0 bytes spill loads
ptxas info    : Used 32 registers, used 1 barriers
ptxas info    : Compile time = 14.910 ms
ptxas info    : Compiling entry function '_ZN3aut12lns_strategy17dot_thread_kernelINS_3lns7lns4_r1ELNS_8bitwidth12compute_kindE1ELNS4_14storage_layoutE0ELi4ELNS0_12decoder_kindE5ELNS0_13multiply_kindE0EEEvNS0_12storage_viewIT_XT1_EEESB_mNS0_12table_bundleIXT0_EEEPNS4_14compute_traitsIXT0_EE4typeE' for 'sm_90'
ptxas info    : Function properties for _ZN3aut12lns_strategy17dot_thread_kernelINS_3lns7lns4_r1ELNS_8bitwidth12compute_kindE1ELNS4_14storage_layoutE0ELi4ELNS0_12decoder_kindE5ELNS0_13multiply_kindE0EEEvNS0_12storage_viewIT_XT1_EEESB_mNS0_12table_bundleIXT0_EEEPNS4_14compute_traitsIXT0_EE4typeE
    0 bytes stack frame, 0 bytes spill stores, 0 bytes spill loads
ptxas info    : Used 32 registers, used 1 barriers
ptxas info    : Compile time = 14.478 ms
ptxas info    : Compiling entry function '_ZN3aut12lns_strategy18gemv_thread_kernelINS_3lns7lns4_r1ELNS_8bitwidth12compute_kindE1ELNS4_14storage_layoutE0ELi2ELNS0_12decoder_kindE5ELNS0_13multiply_kindE0EEEvNS0_12storage_viewIT_XT1_EEESB_mmNS0_12table_bundleIXT0_EEEPNS4_14compute_traitsIXT0_EE4typeE' for 'sm_90'
ptxas info    : Function properties for _ZN3aut12lns_strategy18gemv_thread_kernelINS_3lns7lns4_r1ELNS_8bitwidth12compute_kindE1ELNS4_14storage_layoutE0ELi2ELNS0_12decoder_kindE5ELNS0_13multiply_kindE0EEEvNS0_12storage_viewIT_XT1_EEESB_mmNS0_12table_bundleIXT0_EEEPNS4_14compute_traitsIXT0_EE4typeE
    0 bytes stack frame, 0 bytes spill stores, 0 bytes spill loads
ptxas info    : Used 31 registers, used 1 barriers
ptxas info    : Compile time = 9.326 ms
ptxas info    : Compiling entry function '_ZN3aut12lns_strategy17dot_thread_kernelINS_3lns7lns4_r1ELNS_8bitwidth12compute_kindE1ELNS4_14storage_layoutE0ELi2ELNS0_12decoder_kindE5ELNS0_13multiply_kindE0EEEvNS0_12storage_viewIT_XT1_EEESB_mNS0_12table_bundleIXT0_EEEPNS4_14compute_traitsIXT0_EE4typeE' for 'sm_90'
ptxas info    : Function properties for _ZN3aut12lns_strategy17dot_thread_kernelINS_3lns7lns4_r1ELNS_8bitwidth12compute_kindE1ELNS4_14storage_layoutE0ELi2ELNS0_12decoder_kindE5ELNS0_13multiply_kindE0EEEvNS0_12storage_viewIT_XT1_EEESB_mNS0_12table_bundleIXT0_EEEPNS4_14compute_traitsIXT0_EE4typeE
    0 bytes stack frame, 0 bytes spill stores, 0 bytes spill loads
ptxas info    : Used 32 registers, used 1 barriers
ptxas info    : Compile time = 9.295 ms
ptxas info    : Compiling entry function '_ZN3aut12lns_strategy18gemv_thread_kernelINS_3lns7lns4_r1ELNS_8bitwidth12compute_kindE1ELNS4_14storage_layoutE1ELi1ELNS0_12decoder_kindE5ELNS0_13multiply_kindE0EEEvNS0_12storage_viewIT_XT1_EEESB_mmNS0_12table_bundleIXT0_EEEPNS4_14compute_traitsIXT0_EE4typeE' for 'sm_90'
ptxas info    : Function properties for _ZN3aut12lns_strategy18gemv_thread_kernelINS_3lns7lns4_r1ELNS_8bitwidth12compute_kindE1ELNS4_14storage_layoutE1ELi1ELNS0_12decoder_kindE5ELNS0_13multiply_kindE0EEEvNS0_12storage_viewIT_XT1_EEESB_mmNS0_12table_bundleIXT0_EEEPNS4_14compute_traitsIXT0_EE4typeE
    0 bytes stack frame, 0 bytes spill stores, 0 bytes spill loads
ptxas info    : Used 23 registers, used 1 barriers
ptxas info    : Compile time = 5.946 ms
ptxas info    : Compiling entry function '_ZN3aut12lns_strategy17dot_thread_kernelINS_3lns7lns4_r1ELNS_8bitwidth12compute_kindE1ELNS4_14storage_layoutE1ELi1ELNS0_12decoder_kindE5ELNS0_13multiply_kindE0EEEvNS0_12storage_viewIT_XT1_EEESB_mNS0_12table_bundleIXT0_EEEPNS4_14compute_traitsIXT0_EE4typeE' for 'sm_90'
ptxas info    : Function properties for _ZN3aut12lns_strategy17dot_thread_kernelINS_3lns7lns4_r1ELNS_8bitwidth12compute_kindE1ELNS4_14storage_layoutE1ELi1ELNS0_12decoder_kindE5ELNS0_13multiply_kindE0EEEvNS0_12storage_viewIT_XT1_EEESB_mNS0_12table_bundleIXT0_EEEPNS4_14compute_traitsIXT0_EE4typeE
    0 bytes stack frame, 0 bytes spill stores, 0 bytes spill loads
ptxas info    : Used 25 registers, used 1 barriers
ptxas info    : Compile time = 5.783 ms
ptxas info    : Compiling entry function '_ZN3aut12lns_strategy18gemv_thread_kernelINS_3lns7lns4_r1ELNS_8bitwidth12compute_kindE1ELNS4_14storage_layoutE0ELi1ELNS0_12decoder_kindE5ELNS0_13multiply_kindE0EEEvNS0_12storage_viewIT_XT1_EEESB_mmNS0_12table_bundleIXT0_EEEPNS4_14compute_traitsIXT0_EE4typeE' for 'sm_90'
ptxas info    : Function properties for _ZN3aut12lns_strategy18gemv_thread_kernelINS_3lns7lns4_r1ELNS_8bitwidth12compute_kindE1ELNS4_14storage_layoutE0ELi1ELNS0_12decoder_kindE5ELNS0_13multiply_kindE0EEEvNS0_12storage_viewIT_XT1_EEESB_mmNS0_12table_bundleIXT0_EEEPNS4_14compute_traitsIXT0_EE4typeE
    0 bytes stack frame, 0 bytes spill stores, 0 bytes spill loads
ptxas info    : Used 23 registers, used 1 barriers
ptxas info    : Compile time = 6.336 ms
ptxas info    : Compiling entry function '_ZN3aut12lns_strategy17dot_thread_kernelINS_3lns7lns4_r1ELNS_8bitwidth12compute_kindE1ELNS4_14storage_layoutE0ELi1ELNS0_12decoder_kindE5ELNS0_13multiply_kindE0EEEvNS0_12storage_viewIT_XT1_EEESB_mNS0_12table_bundleIXT0_EEEPNS4_14compute_traitsIXT0_EE4typeE' for 'sm_90'
ptxas info    : Function properties for _ZN3aut12lns_strategy17dot_thread_kernelINS_3lns7lns4_r1ELNS_8bitwidth12compute_kindE1ELNS4_14storage_layoutE0ELi1ELNS0_12decoder_kindE5ELNS0_13multiply_kindE0EEEvNS0_12storage_viewIT_XT1_EEESB_mNS0_12table_bundleIXT0_EEEPNS4_14compute_traitsIXT0_EE4typeE
    0 bytes stack frame, 0 bytes spill stores, 0 bytes spill loads
ptxas info    : Used 24 registers, used 1 barriers
ptxas info    : Compile time = 6.096 ms
ptxas info    : Compiling entry function '_ZN3aut12lns_strategy23gemv_cooperative_kernelINS_3lns7lns4_r1ELNS_8bitwidth12compute_kindE1ELNS0_12decoder_kindE4ELNS0_13multiply_kindE1EEEvPKjS9_mmNS0_12table_bundleIXT0_EEEPNS4_14compute_traitsIXT0_EE4typeE' for 'sm_90'
ptxas info    : Function properties for _ZN3aut12lns_strategy23gemv_cooperative_kernelINS_3lns7lns4_r1ELNS_8bitwidth12compute_kindE1ELNS0_12decoder_kindE4ELNS0_13multiply_kindE1EEEvPKjS9_mmNS0_12table_bundleIXT0_EEEPNS4_14compute_traitsIXT0_EE4typeE
    0 bytes stack frame, 0 bytes spill stores, 0 bytes spill loads
ptxas info    : Used 26 registers, used 1 barriers
ptxas info    : Compile time = 6.411 ms
ptxas info    : Compiling entry function '_ZN3aut12lns_strategy22dot_cooperative_kernelINS_3lns7lns4_r1ELNS_8bitwidth12compute_kindE1ELNS0_12decoder_kindE4ELNS0_13multiply_kindE1EEEvPKjS9_mNS0_12table_bundleIXT0_EEEPNS4_14compute_traitsIXT0_EE4typeE' for 'sm_90'
ptxas info    : Function properties for _ZN3aut12lns_strategy22dot_cooperative_kernelINS_3lns7lns4_r1ELNS_8bitwidth12compute_kindE1ELNS0_12decoder_kindE4ELNS0_13multiply_kindE1EEEvPKjS9_mNS0_12table_bundleIXT0_EEEPNS4_14compute_traitsIXT0_EE4typeE
    0 bytes stack frame, 0 bytes spill stores, 0 bytes spill loads
ptxas info    : Used 22 registers, used 1 barriers
ptxas info    : Compile time = 6.314 ms
ptxas info    : Compiling entry function '_ZN3aut12lns_strategy18gemv_thread_kernelINS_3lns7lns4_r1ELNS_8bitwidth12compute_kindE1ELNS4_14storage_layoutE1ELi8ELNS0_12decoder_kindE4ELNS0_13multiply_kindE1EEEvNS0_12storage_viewIT_XT1_EEESB_mmNS0_12table_bundleIXT0_EEEPNS4_14compute_traitsIXT0_EE4typeE' for 'sm_90'
ptxas info    : Function properties for _ZN3aut12lns_strategy18gemv_thread_kernelINS_3lns7lns4_r1ELNS_8bitwidth12compute_kindE1ELNS4_14storage_layoutE1ELi8ELNS0_12decoder_kindE4ELNS0_13multiply_kindE1EEEvNS0_12storage_viewIT_XT1_EEESB_mmNS0_12table_bundleIXT0_EEEPNS4_14compute_traitsIXT0_EE4typeE
    0 bytes stack frame, 0 bytes spill stores, 0 bytes spill loads
ptxas info    : Used 31 registers, used 1 barriers
ptxas info    : Compile time = 17.890 ms
ptxas info    : Compiling entry function '_ZN3aut12lns_strategy17dot_thread_kernelINS_3lns7lns4_r1ELNS_8bitwidth12compute_kindE1ELNS4_14storage_layoutE1ELi8ELNS0_12decoder_kindE4ELNS0_13multiply_kindE1EEEvNS0_12storage_viewIT_XT1_EEESB_mNS0_12table_bundleIXT0_EEEPNS4_14compute_traitsIXT0_EE4typeE' for 'sm_90'
ptxas info    : Function properties for _ZN3aut12lns_strategy17dot_thread_kernelINS_3lns7lns4_r1ELNS_8bitwidth12compute_kindE1ELNS4_14storage_layoutE1ELi8ELNS0_12decoder_kindE4ELNS0_13multiply_kindE1EEEvNS0_12storage_viewIT_XT1_EEESB_mNS0_12table_bundleIXT0_EEEPNS4_14compute_traitsIXT0_EE4typeE
    0 bytes stack frame, 0 bytes spill stores, 0 bytes spill loads
ptxas info    : Used 36 registers, used 1 barriers
ptxas info    : Compile time = 18.017 ms
ptxas info    : Compiling entry function '_ZN3aut12lns_strategy18gemv_thread_kernelINS_3lns7lns4_r1ELNS_8bitwidth12compute_kindE1ELNS4_14storage_layoutE1ELi4ELNS0_12decoder_kindE4ELNS0_13multiply_kindE1EEEvNS0_12storage_viewIT_XT1_EEESB_mmNS0_12table_bundleIXT0_EEEPNS4_14compute_traitsIXT0_EE4typeE' for 'sm_90'
ptxas info    : Function properties for _ZN3aut12lns_strategy18gemv_thread_kernelINS_3lns7lns4_r1ELNS_8bitwidth12compute_kindE1ELNS4_14storage_layoutE1ELi4ELNS0_12decoder_kindE4ELNS0_13multiply_kindE1EEEvNS0_12storage_viewIT_XT1_EEESB_mmNS0_12table_bundleIXT0_EEEPNS4_14compute_traitsIXT0_EE4typeE
    0 bytes stack frame, 0 bytes spill stores, 0 bytes spill loads
ptxas info    : Used 26 registers, used 1 barriers
ptxas info    : Compile time = 10.540 ms
ptxas info    : Compiling entry function '_ZN3aut12lns_strategy17dot_thread_kernelINS_3lns7lns4_r1ELNS_8bitwidth12compute_kindE1ELNS4_14storage_layoutE1ELi4ELNS0_12decoder_kindE4ELNS0_13multiply_kindE1EEEvNS0_12storage_viewIT_XT1_EEESB_mNS0_12table_bundleIXT0_EEEPNS4_14compute_traitsIXT0_EE4typeE' for 'sm_90'
ptxas info    : Function properties for _ZN3aut12lns_strategy17dot_thread_kernelINS_3lns7lns4_r1ELNS_8bitwidth12compute_kindE1ELNS4_14storage_layoutE1ELi4ELNS0_12decoder_kindE4ELNS0_13multiply_kindE1EEEvNS0_12storage_viewIT_XT1_EEESB_mNS0_12table_bundleIXT0_EEEPNS4_14compute_traitsIXT0_EE4typeE
    0 bytes stack frame, 0 bytes spill stores, 0 bytes spill loads
ptxas info    : Used 31 registers, used 1 barriers
ptxas info    : Compile time = 10.571 ms
ptxas info    : Compiling entry function '_ZN3aut12lns_strategy18gemv_thread_kernelINS_3lns7lns4_r1ELNS_8bitwidth12compute_kindE1ELNS4_14storage_layoutE1ELi2ELNS0_12decoder_kindE4ELNS0_13multiply_kindE1EEEvNS0_12storage_viewIT_XT1_EEESB_mmNS0_12table_bundleIXT0_EEEPNS4_14compute_traitsIXT0_EE4typeE' for 'sm_90'
ptxas info    : Function properties for _ZN3aut12lns_strategy18gemv_thread_kernelINS_3lns7lns4_r1ELNS_8bitwidth12compute_kindE1ELNS4_14storage_layoutE1ELi2ELNS0_12decoder_kindE4ELNS0_13multiply_kindE1EEEvNS0_12storage_viewIT_XT1_EEESB_mmNS0_12table_bundleIXT0_EEEPNS4_14compute_traitsIXT0_EE4typeE
    0 bytes stack frame, 0 bytes spill stores, 0 bytes spill loads
ptxas info    : Used 22 registers, used 1 barriers
ptxas info    : Compile time = 7.013 ms
ptxas info    : Compiling entry function '_ZN3aut12lns_strategy17dot_thread_kernelINS_3lns7lns4_r1ELNS_8bitwidth12compute_kindE1ELNS4_14storage_layoutE1ELi2ELNS0_12decoder_kindE4ELNS0_13multiply_kindE1EEEvNS0_12storage_viewIT_XT1_EEESB_mNS0_12table_bundleIXT0_EEEPNS4_14compute_traitsIXT0_EE4typeE' for 'sm_90'
ptxas info    : Function properties for _ZN3aut12lns_strategy17dot_thread_kernelINS_3lns7lns4_r1ELNS_8bitwidth12compute_kindE1ELNS4_14storage_layoutE1ELi2ELNS0_12decoder_kindE4ELNS0_13multiply_kindE1EEEvNS0_12storage_viewIT_XT1_EEESB_mNS0_12table_bundleIXT0_EEEPNS4_14compute_traitsIXT0_EE4typeE
    0 bytes stack frame, 0 bytes spill stores, 0 bytes spill loads
ptxas info    : Used 28 registers, used 1 barriers
ptxas info    : Compile time = 7.069 ms
ptxas info    : Compiling entry function '_ZN3aut12lns_strategy18gemv_thread_kernelINS_3lns7lns4_r1ELNS_8bitwidth12compute_kindE1ELNS4_14storage_layoutE0ELi8ELNS0_12decoder_kindE4ELNS0_13multiply_kindE1EEEvNS0_12storage_viewIT_XT1_EEESB_mmNS0_12table_bundleIXT0_EEEPNS4_14compute_traitsIXT0_EE4typeE' for 'sm_90'
ptxas info    : Function properties for _ZN3aut12lns_strategy18gemv_thread_kernelINS_3lns7lns4_r1ELNS_8bitwidth12compute_kindE1ELNS4_14storage_layoutE0ELi8ELNS0_12decoder_kindE4ELNS0_13multiply_kindE1EEEvNS0_12storage_viewIT_XT1_EEESB_mmNS0_12table_bundleIXT0_EEEPNS4_14compute_traitsIXT0_EE4typeE
    0 bytes stack frame, 0 bytes spill stores, 0 bytes spill loads
ptxas info    : Used 48 registers, used 1 barriers
ptxas info    : Compile time = 21.136 ms
ptxas info    : Compiling entry function '_ZN3aut12lns_strategy17dot_thread_kernelINS_3lns7lns4_r1ELNS_8bitwidth12compute_kindE1ELNS4_14storage_layoutE0ELi8ELNS0_12decoder_kindE4ELNS0_13multiply_kindE1EEEvNS0_12storage_viewIT_XT1_EEESB_mNS0_12table_bundleIXT0_EEEPNS4_14compute_traitsIXT0_EE4typeE' for 'sm_90'
ptxas info    : Function properties for _ZN3aut12lns_strategy17dot_thread_kernelINS_3lns7lns4_r1ELNS_8bitwidth12compute_kindE1ELNS4_14storage_layoutE0ELi8ELNS0_12decoder_kindE4ELNS0_13multiply_kindE1EEEvNS0_12storage_viewIT_XT1_EEESB_mNS0_12table_bundleIXT0_EEEPNS4_14compute_traitsIXT0_EE4typeE
    0 bytes stack frame, 0 bytes spill stores, 0 bytes spill loads
ptxas info    : Used 30 registers, used 1 barriers
ptxas info    : Compile time = 17.357 ms
ptxas info    : Compiling entry function '_ZN3aut12lns_strategy18gemv_thread_kernelINS_3lns7lns4_r1ELNS_8bitwidth12compute_kindE1ELNS4_14storage_layoutE0ELi4ELNS0_12decoder_kindE4ELNS0_13multiply_kindE1EEEvNS0_12storage_viewIT_XT1_EEESB_mmNS0_12table_bundleIXT0_EEEPNS4_14compute_traitsIXT0_EE4typeE' for 'sm_90'
ptxas info    : Function properties for _ZN3aut12lns_strategy18gemv_thread_kernelINS_3lns7lns4_r1ELNS_8bitwidth12compute_kindE1ELNS4_14storage_layoutE0ELi4ELNS0_12decoder_kindE4ELNS0_13multiply_kindE1EEEvNS0_12storage_viewIT_XT1_EEESB_mmNS0_12table_bundleIXT0_EEEPNS4_14compute_traitsIXT0_EE4typeE
    0 bytes stack frame, 0 bytes spill stores, 0 bytes spill loads
ptxas info    : Used 32 registers, used 1 barriers
ptxas info    : Compile time = 12.797 ms
ptxas info    : Compiling entry function '_ZN3aut12lns_strategy17dot_thread_kernelINS_3lns7lns4_r1ELNS_8bitwidth12compute_kindE1ELNS4_14storage_layoutE0ELi4ELNS0_12decoder_kindE4ELNS0_13multiply_kindE1EEEvNS0_12storage_viewIT_XT1_EEESB_mNS0_12table_bundleIXT0_EEEPNS4_14compute_traitsIXT0_EE4typeE' for 'sm_90'
ptxas info    : Function properties for _ZN3aut12lns_strategy17dot_thread_kernelINS_3lns7lns4_r1ELNS_8bitwidth12compute_kindE1ELNS4_14storage_layoutE0ELi4ELNS0_12decoder_kindE4ELNS0_13multiply_kindE1EEEvNS0_12storage_viewIT_XT1_EEESB_mNS0_12table_bundleIXT0_EEEPNS4_14compute_traitsIXT0_EE4typeE
    0 bytes stack frame, 0 bytes spill stores, 0 bytes spill loads
ptxas info    : Used 32 registers, used 1 barriers
ptxas info    : Compile time = 13.764 ms
ptxas info    : Compiling entry function '_ZN3aut12lns_strategy18gemv_thread_kernelINS_3lns7lns4_r1ELNS_8bitwidth12compute_kindE1ELNS4_14storage_layoutE0ELi2ELNS0_12decoder_kindE4ELNS0_13multiply_kindE1EEEvNS0_12storage_viewIT_XT1_EEESB_mmNS0_12table_bundleIXT0_EEEPNS4_14compute_traitsIXT0_EE4typeE' for 'sm_90'
ptxas info    : Function properties for _ZN3aut12lns_strategy18gemv_thread_kernelINS_3lns7lns4_r1ELNS_8bitwidth12compute_kindE1ELNS4_14storage_layoutE0ELi2ELNS0_12decoder_kindE4ELNS0_13multiply_kindE1EEEvNS0_12storage_viewIT_XT1_EEESB_mmNS0_12table_bundleIXT0_EEEPNS4_14compute_traitsIXT0_EE4typeE
    0 bytes stack frame, 0 bytes spill stores, 0 bytes spill loads
ptxas info    : Used 32 registers, used 1 barriers
ptxas info    : Compile time = 7.953 ms
ptxas info    : Compiling entry function '_ZN3aut12lns_strategy17dot_thread_kernelINS_3lns7lns4_r1ELNS_8bitwidth12compute_kindE1ELNS4_14storage_layoutE0ELi2ELNS0_12decoder_kindE4ELNS0_13multiply_kindE1EEEvNS0_12storage_viewIT_XT1_EEESB_mNS0_12table_bundleIXT0_EEEPNS4_14compute_traitsIXT0_EE4typeE' for 'sm_90'
ptxas info    : Function properties for _ZN3aut12lns_strategy17dot_thread_kernelINS_3lns7lns4_r1ELNS_8bitwidth12compute_kindE1ELNS4_14storage_layoutE0ELi2ELNS0_12decoder_kindE4ELNS0_13multiply_kindE1EEEvNS0_12storage_viewIT_XT1_EEESB_mNS0_12table_bundleIXT0_EEEPNS4_14compute_traitsIXT0_EE4typeE
    0 bytes stack frame, 0 bytes spill stores, 0 bytes spill loads
ptxas info    : Used 32 registers, used 1 barriers
ptxas info    : Compile time = 7.824 ms
ptxas info    : Compiling entry function '_ZN3aut12lns_strategy18gemv_thread_kernelINS_3lns7lns4_r1ELNS_8bitwidth12compute_kindE1ELNS4_14storage_layoutE1ELi1ELNS0_12decoder_kindE4ELNS0_13multiply_kindE1EEEvNS0_12storage_viewIT_XT1_EEESB_mmNS0_12table_bundleIXT0_EEEPNS4_14compute_traitsIXT0_EE4typeE' for 'sm_90'
ptxas info    : Function properties for _ZN3aut12lns_strategy18gemv_thread_kernelINS_3lns7lns4_r1ELNS_8bitwidth12compute_kindE1ELNS4_14storage_layoutE1ELi1ELNS0_12decoder_kindE4ELNS0_13multiply_kindE1EEEvNS0_12storage_viewIT_XT1_EEESB_mmNS0_12table_bundleIXT0_EEEPNS4_14compute_traitsIXT0_EE4typeE
    0 bytes stack frame, 0 bytes spill stores, 0 bytes spill loads
ptxas info    : Used 20 registers, used 1 barriers
ptxas info    : Compile time = 5.046 ms
ptxas info    : Compiling entry function '_ZN3aut12lns_strategy17dot_thread_kernelINS_3lns7lns4_r1ELNS_8bitwidth12compute_kindE1ELNS4_14storage_layoutE1ELi1ELNS0_12decoder_kindE4ELNS0_13multiply_kindE1EEEvNS0_12storage_viewIT_XT1_EEESB_mNS0_12table_bundleIXT0_EEEPNS4_14compute_traitsIXT0_EE4typeE' for 'sm_90'
ptxas info    : Function properties for _ZN3aut12lns_strategy17dot_thread_kernelINS_3lns7lns4_r1ELNS_8bitwidth12compute_kindE1ELNS4_14storage_layoutE1ELi1ELNS0_12decoder_kindE4ELNS0_13multiply_kindE1EEEvNS0_12storage_viewIT_XT1_EEESB_mNS0_12table_bundleIXT0_EEEPNS4_14compute_traitsIXT0_EE4typeE
    0 bytes stack frame, 0 bytes spill stores, 0 bytes spill loads
ptxas info    : Used 22 registers, used 1 barriers
ptxas info    : Compile time = 4.889 ms
ptxas info    : Compiling entry function '_ZN3aut12lns_strategy18gemv_thread_kernelINS_3lns7lns4_r1ELNS_8bitwidth12compute_kindE1ELNS4_14storage_layoutE0ELi1ELNS0_12decoder_kindE4ELNS0_13multiply_kindE1EEEvNS0_12storage_viewIT_XT1_EEESB_mmNS0_12table_bundleIXT0_EEEPNS4_14compute_traitsIXT0_EE4typeE' for 'sm_90'
ptxas info    : Function properties for _ZN3aut12lns_strategy18gemv_thread_kernelINS_3lns7lns4_r1ELNS_8bitwidth12compute_kindE1ELNS4_14storage_layoutE0ELi1ELNS0_12decoder_kindE4ELNS0_13multiply_kindE1EEEvNS0_12storage_viewIT_XT1_EEESB_mmNS0_12table_bundleIXT0_EEEPNS4_14compute_traitsIXT0_EE4typeE
    0 bytes stack frame, 0 bytes spill stores, 0 bytes spill loads
ptxas info    : Used 21 registers, used 1 barriers
ptxas info    : Compile time = 5.449 ms
ptxas info    : Compiling entry function '_ZN3aut12lns_strategy17dot_thread_kernelINS_3lns7lns4_r1ELNS_8bitwidth12compute_kindE1ELNS4_14storage_layoutE0ELi1ELNS0_12decoder_kindE4ELNS0_13multiply_kindE1EEEvNS0_12storage_viewIT_XT1_EEESB_mNS0_12table_bundleIXT0_EEEPNS4_14compute_traitsIXT0_EE4typeE' for 'sm_90'
ptxas info    : Function properties for _ZN3aut12lns_strategy17dot_thread_kernelINS_3lns7lns4_r1ELNS_8bitwidth12compute_kindE1ELNS4_14storage_layoutE0ELi1ELNS0_12decoder_kindE4ELNS0_13multiply_kindE1EEEvNS0_12storage_viewIT_XT1_EEESB_mNS0_12table_bundleIXT0_EEEPNS4_14compute_traitsIXT0_EE4typeE
    0 bytes stack frame, 0 bytes spill stores, 0 bytes spill loads
ptxas info    : Used 23 registers, used 1 barriers
ptxas info    : Compile time = 5.223 ms
ptxas info    : Compiling entry function '_ZN3aut12lns_strategy23gemv_cooperative_kernelINS_3lns7lns4_r1ELNS_8bitwidth12compute_kindE1ELNS0_12decoder_kindE4ELNS0_13multiply_kindE0EEEvPKjS9_mmNS0_12table_bundleIXT0_EEEPNS4_14compute_traitsIXT0_EE4typeE' for 'sm_90'
ptxas info    : Function properties for _ZN3aut12lns_strategy23gemv_cooperative_kernelINS_3lns7lns4_r1ELNS_8bitwidth12compute_kindE1ELNS0_12decoder_kindE4ELNS0_13multiply_kindE0EEEvPKjS9_mmNS0_12table_bundleIXT0_EEEPNS4_14compute_traitsIXT0_EE4typeE
    0 bytes stack frame, 0 bytes spill stores, 0 bytes spill loads
ptxas info    : Used 27 registers, used 1 barriers
ptxas info    : Compile time = 7.082 ms
ptxas info    : Compiling entry function '_ZN3aut12lns_strategy22dot_cooperative_kernelINS_3lns7lns4_r1ELNS_8bitwidth12compute_kindE1ELNS0_12decoder_kindE4ELNS0_13multiply_kindE0EEEvPKjS9_mNS0_12table_bundleIXT0_EEEPNS4_14compute_traitsIXT0_EE4typeE' for 'sm_90'
ptxas info    : Function properties for _ZN3aut12lns_strategy22dot_cooperative_kernelINS_3lns7lns4_r1ELNS_8bitwidth12compute_kindE1ELNS0_12decoder_kindE4ELNS0_13multiply_kindE0EEEvPKjS9_mNS0_12table_bundleIXT0_EEEPNS4_14compute_traitsIXT0_EE4typeE
    0 bytes stack frame, 0 bytes spill stores, 0 bytes spill loads
ptxas info    : Used 25 registers, used 1 barriers
ptxas info    : Compile time = 6.902 ms
ptxas info    : Compiling entry function '_ZN3aut12lns_strategy18gemv_thread_kernelINS_3lns7lns4_r1ELNS_8bitwidth12compute_kindE1ELNS4_14storage_layoutE1ELi8ELNS0_12decoder_kindE4ELNS0_13multiply_kindE0EEEvNS0_12storage_viewIT_XT1_EEESB_mmNS0_12table_bundleIXT0_EEEPNS4_14compute_traitsIXT0_EE4typeE' for 'sm_90'
ptxas info    : Function properties for _ZN3aut12lns_strategy18gemv_thread_kernelINS_3lns7lns4_r1ELNS_8bitwidth12compute_kindE1ELNS4_14storage_layoutE1ELi8ELNS0_12decoder_kindE4ELNS0_13multiply_kindE0EEEvNS0_12storage_viewIT_XT1_EEESB_mmNS0_12table_bundleIXT0_EEEPNS4_14compute_traitsIXT0_EE4typeE
    0 bytes stack frame, 0 bytes spill stores, 0 bytes spill loads
ptxas info    : Used 28 registers, used 1 barriers
ptxas info    : Compile time = 22.454 ms
ptxas info    : Compiling entry function '_ZN3aut12lns_strategy17dot_thread_kernelINS_3lns7lns4_r1ELNS_8bitwidth12compute_kindE1ELNS4_14storage_layoutE1ELi8ELNS0_12decoder_kindE4ELNS0_13multiply_kindE0EEEvNS0_12storage_viewIT_XT1_EEESB_mNS0_12table_bundleIXT0_EEEPNS4_14compute_traitsIXT0_EE4typeE' for 'sm_90'
ptxas info    : Function properties for _ZN3aut12lns_strategy17dot_thread_kernelINS_3lns7lns4_r1ELNS_8bitwidth12compute_kindE1ELNS4_14storage_layoutE1ELi8ELNS0_12decoder_kindE4ELNS0_13multiply_kindE0EEEvNS0_12storage_viewIT_XT1_EEESB_mNS0_12table_bundleIXT0_EEEPNS4_14compute_traitsIXT0_EE4typeE
    0 bytes stack frame, 0 bytes spill stores, 0 bytes spill loads
ptxas info    : Used 29 registers, used 1 barriers
ptxas info    : Compile time = 22.665 ms
ptxas info    : Compiling entry function '_ZN3aut12lns_strategy18gemv_thread_kernelINS_3lns7lns4_r1ELNS_8bitwidth12compute_kindE1ELNS4_14storage_layoutE1ELi4ELNS0_12decoder_kindE4ELNS0_13multiply_kindE0EEEvNS0_12storage_viewIT_XT1_EEESB_mmNS0_12table_bundleIXT0_EEEPNS4_14compute_traitsIXT0_EE4typeE' for 'sm_90'
ptxas info    : Function properties for _ZN3aut12lns_strategy18gemv_thread_kernelINS_3lns7lns4_r1ELNS_8bitwidth12compute_kindE1ELNS4_14storage_layoutE1ELi4ELNS0_12decoder_kindE4ELNS0_13multiply_kindE0EEEvNS0_12storage_viewIT_XT1_EEESB_mmNS0_12table_bundleIXT0_EEEPNS4_14compute_traitsIXT0_EE4typeE
    0 bytes stack frame, 0 bytes spill stores, 0 bytes spill loads
ptxas info    : Used 29 registers, used 1 barriers
ptxas info    : Compile time = 12.638 ms
ptxas info    : Compiling entry function '_ZN3aut12lns_strategy17dot_thread_kernelINS_3lns7lns4_r1ELNS_8bitwidth12compute_kindE1ELNS4_14storage_layoutE1ELi4ELNS0_12decoder_kindE4ELNS0_13multiply_kindE0EEEvNS0_12storage_viewIT_XT1_EEESB_mNS0_12table_bundleIXT0_EEEPNS4_14compute_traitsIXT0_EE4typeE' for 'sm_90'
ptxas info    : Function properties for _ZN3aut12lns_strategy17dot_thread_kernelINS_3lns7lns4_r1ELNS_8bitwidth12compute_kindE1ELNS4_14storage_layoutE1ELi4ELNS0_12decoder_kindE4ELNS0_13multiply_kindE0EEEvNS0_12storage_viewIT_XT1_EEESB_mNS0_12table_bundleIXT0_EEEPNS4_14compute_traitsIXT0_EE4typeE
    0 bytes stack frame, 0 bytes spill stores, 0 bytes spill loads
ptxas info    : Used 28 registers, used 1 barriers
ptxas info    : Compile time = 12.665 ms
ptxas info    : Compiling entry function '_ZN3aut12lns_strategy18gemv_thread_kernelINS_3lns7lns4_r1ELNS_8bitwidth12compute_kindE1ELNS4_14storage_layoutE1ELi2ELNS0_12decoder_kindE4ELNS0_13multiply_kindE0EEEvNS0_12storage_viewIT_XT1_EEESB_mmNS0_12table_bundleIXT0_EEEPNS4_14compute_traitsIXT0_EE4typeE' for 'sm_90'
ptxas info    : Function properties for _ZN3aut12lns_strategy18gemv_thread_kernelINS_3lns7lns4_r1ELNS_8bitwidth12compute_kindE1ELNS4_14storage_layoutE1ELi2ELNS0_12decoder_kindE4ELNS0_13multiply_kindE0EEEvNS0_12storage_viewIT_XT1_EEESB_mmNS0_12table_bundleIXT0_EEEPNS4_14compute_traitsIXT0_EE4typeE
    0 bytes stack frame, 0 bytes spill stores, 0 bytes spill loads
ptxas info    : Used 25 registers, used 1 barriers
ptxas info    : Compile time = 8.022 ms
ptxas info    : Compiling entry function '_ZN3aut12lns_strategy17dot_thread_kernelINS_3lns7lns4_r1ELNS_8bitwidth12compute_kindE1ELNS4_14storage_layoutE1ELi2ELNS0_12decoder_kindE4ELNS0_13multiply_kindE0EEEvNS0_12storage_viewIT_XT1_EEESB_mNS0_12table_bundleIXT0_EEEPNS4_14compute_traitsIXT0_EE4typeE' for 'sm_90'
ptxas info    : Function properties for _ZN3aut12lns_strategy17dot_thread_kernelINS_3lns7lns4_r1ELNS_8bitwidth12compute_kindE1ELNS4_14storage_layoutE1ELi2ELNS0_12decoder_kindE4ELNS0_13multiply_kindE0EEEvNS0_12storage_viewIT_XT1_EEESB_mNS0_12table_bundleIXT0_EEEPNS4_14compute_traitsIXT0_EE4typeE
    0 bytes stack frame, 0 bytes spill stores, 0 bytes spill loads
ptxas info    : Used 27 registers, used 1 barriers
ptxas info    : Compile time = 8.178 ms
ptxas info    : Compiling entry function '_ZN3aut12lns_strategy18gemv_thread_kernelINS_3lns7lns4_r1ELNS_8bitwidth12compute_kindE1ELNS4_14storage_layoutE0ELi8ELNS0_12decoder_kindE4ELNS0_13multiply_kindE0EEEvNS0_12storage_viewIT_XT1_EEESB_mmNS0_12table_bundleIXT0_EEEPNS4_14compute_traitsIXT0_EE4typeE' for 'sm_90'
ptxas info    : Function properties for _ZN3aut12lns_strategy18gemv_thread_kernelINS_3lns7lns4_r1ELNS_8bitwidth12compute_kindE1ELNS4_14storage_layoutE0ELi8ELNS0_12decoder_kindE4ELNS0_13multiply_kindE0EEEvNS0_12storage_viewIT_XT1_EEESB_mmNS0_12table_bundleIXT0_EEEPNS4_14compute_traitsIXT0_EE4typeE
    0 bytes stack frame, 0 bytes spill stores, 0 bytes spill loads
ptxas info    : Used 48 registers, used 1 barriers
ptxas info    : Compile time = 26.041 ms
ptxas info    : Compiling entry function '_ZN3aut12lns_strategy17dot_thread_kernelINS_3lns7lns4_r1ELNS_8bitwidth12compute_kindE1ELNS4_14storage_layoutE0ELi8ELNS0_12decoder_kindE4ELNS0_13multiply_kindE0EEEvNS0_12storage_viewIT_XT1_EEESB_mNS0_12table_bundleIXT0_EEEPNS4_14compute_traitsIXT0_EE4typeE' for 'sm_90'
ptxas info    : Function properties for _ZN3aut12lns_strategy17dot_thread_kernelINS_3lns7lns4_r1ELNS_8bitwidth12compute_kindE1ELNS4_14storage_layoutE0ELi8ELNS0_12decoder_kindE4ELNS0_13multiply_kindE0EEEvNS0_12storage_viewIT_XT1_EEESB_mNS0_12table_bundleIXT0_EEEPNS4_14compute_traitsIXT0_EE4typeE
    0 bytes stack frame, 0 bytes spill stores, 0 bytes spill loads
ptxas info    : Used 30 registers, used 1 barriers
ptxas info    : Compile time = 21.933 ms
ptxas info    : Compiling entry function '_ZN3aut12lns_strategy18gemv_thread_kernelINS_3lns7lns4_r1ELNS_8bitwidth12compute_kindE1ELNS4_14storage_layoutE0ELi4ELNS0_12decoder_kindE4ELNS0_13multiply_kindE0EEEvNS0_12storage_viewIT_XT1_EEESB_mmNS0_12table_bundleIXT0_EEEPNS4_14compute_traitsIXT0_EE4typeE' for 'sm_90'
ptxas info    : Function properties for _ZN3aut12lns_strategy18gemv_thread_kernelINS_3lns7lns4_r1ELNS_8bitwidth12compute_kindE1ELNS4_14storage_layoutE0ELi4ELNS0_12decoder_kindE4ELNS0_13multiply_kindE0EEEvNS0_12storage_viewIT_XT1_EEESB_mmNS0_12table_bundleIXT0_EEEPNS4_14compute_traitsIXT0_EE4typeE
    0 bytes stack frame, 0 bytes spill stores, 0 bytes spill loads
ptxas info    : Used 32 registers, used 1 barriers
ptxas info    : Compile time = 15.071 ms
ptxas info    : Compiling entry function '_ZN3aut12lns_strategy17dot_thread_kernelINS_3lns7lns4_r1ELNS_8bitwidth12compute_kindE1ELNS4_14storage_layoutE0ELi4ELNS0_12decoder_kindE4ELNS0_13multiply_kindE0EEEvNS0_12storage_viewIT_XT1_EEESB_mNS0_12table_bundleIXT0_EEEPNS4_14compute_traitsIXT0_EE4typeE' for 'sm_90'
ptxas info    : Function properties for _ZN3aut12lns_strategy17dot_thread_kernelINS_3lns7lns4_r1ELNS_8bitwidth12compute_kindE1ELNS4_14storage_layoutE0ELi4ELNS0_12decoder_kindE4ELNS0_13multiply_kindE0EEEvNS0_12storage_viewIT_XT1_EEESB_mNS0_12table_bundleIXT0_EEEPNS4_14compute_traitsIXT0_EE4typeE
    0 bytes stack frame, 0 bytes spill stores, 0 bytes spill loads
ptxas info    : Used 32 registers, used 1 barriers
ptxas info    : Compile time = 14.734 ms
ptxas info    : Compiling entry function '_ZN3aut12lns_strategy18gemv_thread_kernelINS_3lns7lns4_r1ELNS_8bitwidth12compute_kindE1ELNS4_14storage_layoutE0ELi2ELNS0_12decoder_kindE4ELNS0_13multiply_kindE0EEEvNS0_12storage_viewIT_XT1_EEESB_mmNS0_12table_bundleIXT0_EEEPNS4_14compute_traitsIXT0_EE4typeE' for 'sm_90'
ptxas info    : Function properties for _ZN3aut12lns_strategy18gemv_thread_kernelINS_3lns7lns4_r1ELNS_8bitwidth12compute_kindE1ELNS4_14storage_layoutE0ELi2ELNS0_12decoder_kindE4ELNS0_13multiply_kindE0EEEvNS0_12storage_viewIT_XT1_EEESB_mmNS0_12table_bundleIXT0_EEEPNS4_14compute_traitsIXT0_EE4typeE
    0 bytes stack frame, 0 bytes spill stores, 0 bytes spill loads
ptxas info    : Used 32 registers, used 1 barriers
ptxas info    : Compile time = 9.032 ms
ptxas info    : Compiling entry function '_ZN3aut12lns_strategy17dot_thread_kernelINS_3lns7lns4_r1ELNS_8bitwidth12compute_kindE1ELNS4_14storage_layoutE0ELi2ELNS0_12decoder_kindE4ELNS0_13multiply_kindE0EEEvNS0_12storage_viewIT_XT1_EEESB_mNS0_12table_bundleIXT0_EEEPNS4_14compute_traitsIXT0_EE4typeE' for 'sm_90'
ptxas info    : Function properties for _ZN3aut12lns_strategy17dot_thread_kernelINS_3lns7lns4_r1ELNS_8bitwidth12compute_kindE1ELNS4_14storage_layoutE0ELi2ELNS0_12decoder_kindE4ELNS0_13multiply_kindE0EEEvNS0_12storage_viewIT_XT1_EEESB_mNS0_12table_bundleIXT0_EEEPNS4_14compute_traitsIXT0_EE4typeE
    0 bytes stack frame, 0 bytes spill stores, 0 bytes spill loads
ptxas info    : Used 32 registers, used 1 barriers
ptxas info    : Compile time = 8.901 ms
ptxas info    : Compiling entry function '_ZN3aut12lns_strategy18gemv_thread_kernelINS_3lns7lns4_r1ELNS_8bitwidth12compute_kindE1ELNS4_14storage_layoutE1ELi1ELNS0_12decoder_kindE4ELNS0_13multiply_kindE0EEEvNS0_12storage_viewIT_XT1_EEESB_mmNS0_12table_bundleIXT0_EEEPNS4_14compute_traitsIXT0_EE4typeE' for 'sm_90'
ptxas info    : Function properties for _ZN3aut12lns_strategy18gemv_thread_kernelINS_3lns7lns4_r1ELNS_8bitwidth12compute_kindE1ELNS4_14storage_layoutE1ELi1ELNS0_12decoder_kindE4ELNS0_13multiply_kindE0EEEvNS0_12storage_viewIT_XT1_EEESB_mmNS0_12table_bundleIXT0_EEEPNS4_14compute_traitsIXT0_EE4typeE
    0 bytes stack frame, 0 bytes spill stores, 0 bytes spill loads
ptxas info    : Used 21 registers, used 1 barriers
ptxas info    : Compile time = 5.565 ms
ptxas info    : Compiling entry function '_ZN3aut12lns_strategy17dot_thread_kernelINS_3lns7lns4_r1ELNS_8bitwidth12compute_kindE1ELNS4_14storage_layoutE1ELi1ELNS0_12decoder_kindE4ELNS0_13multiply_kindE0EEEvNS0_12storage_viewIT_XT1_EEESB_mNS0_12table_bundleIXT0_EEEPNS4_14compute_traitsIXT0_EE4typeE' for 'sm_90'
ptxas info    : Function properties for _ZN3aut12lns_strategy17dot_thread_kernelINS_3lns7lns4_r1ELNS_8bitwidth12compute_kindE1ELNS4_14storage_layoutE1ELi1ELNS0_12decoder_kindE4ELNS0_13multiply_kindE0EEEvNS0_12storage_viewIT_XT1_EEESB_mNS0_12table_bundleIXT0_EEEPNS4_14compute_traitsIXT0_EE4typeE
    0 bytes stack frame, 0 bytes spill stores, 0 bytes spill loads
ptxas info    : Used 23 registers, used 1 barriers
ptxas info    : Compile time = 5.433 ms
ptxas info    : Compiling entry function '_ZN3aut12lns_strategy18gemv_thread_kernelINS_3lns7lns4_r1ELNS_8bitwidth12compute_kindE1ELNS4_14storage_layoutE0ELi1ELNS0_12decoder_kindE4ELNS0_13multiply_kindE0EEEvNS0_12storage_viewIT_XT1_EEESB_mmNS0_12table_bundleIXT0_EEEPNS4_14compute_traitsIXT0_EE4typeE' for 'sm_90'
ptxas info    : Function properties for _ZN3aut12lns_strategy18gemv_thread_kernelINS_3lns7lns4_r1ELNS_8bitwidth12compute_kindE1ELNS4_14storage_layoutE0ELi1ELNS0_12decoder_kindE4ELNS0_13multiply_kindE0EEEvNS0_12storage_viewIT_XT1_EEESB_mmNS0_12table_bundleIXT0_EEEPNS4_14compute_traitsIXT0_EE4typeE
    0 bytes stack frame, 0 bytes spill stores, 0 bytes spill loads
ptxas info    : Used 23 registers, used 1 barriers
ptxas info    : Compile time = 5.958 ms
ptxas info    : Compiling entry function '_ZN3aut12lns_strategy17dot_thread_kernelINS_3lns7lns4_r1ELNS_8bitwidth12compute_kindE1ELNS4_14storage_layoutE0ELi1ELNS0_12decoder_kindE4ELNS0_13multiply_kindE0EEEvNS0_12storage_viewIT_XT1_EEESB_mNS0_12table_bundleIXT0_EEEPNS4_14compute_traitsIXT0_EE4typeE' for 'sm_90'
ptxas info    : Function properties for _ZN3aut12lns_strategy17dot_thread_kernelINS_3lns7lns4_r1ELNS_8bitwidth12compute_kindE1ELNS4_14storage_layoutE0ELi1ELNS0_12decoder_kindE4ELNS0_13multiply_kindE0EEEvNS0_12storage_viewIT_XT1_EEESB_mNS0_12table_bundleIXT0_EEEPNS4_14compute_traitsIXT0_EE4typeE
    0 bytes stack frame, 0 bytes spill stores, 0 bytes spill loads
ptxas info    : Used 25 registers, used 1 barriers
ptxas info    : Compile time = 5.710 ms
ptxas info    : Compiling entry function '_ZN3aut12lns_strategy23gemv_cooperative_kernelINS_3lns7lns4_r1ELNS_8bitwidth12compute_kindE1ELNS0_12decoder_kindE3ELNS0_13multiply_kindE0EEEvPKjS9_mmNS0_12table_bundleIXT0_EEEPNS4_14compute_traitsIXT0_EE4typeE' for 'sm_90'
ptxas info    : Function properties for _ZN3aut12lns_strategy23gemv_cooperative_kernelINS_3lns7lns4_r1ELNS_8bitwidth12compute_kindE1ELNS0_12decoder_kindE3ELNS0_13multiply_kindE0EEEvPKjS9_mmNS0_12table_bundleIXT0_EEEPNS4_14compute_traitsIXT0_EE4typeE
    0 bytes stack frame, 0 bytes spill stores, 0 bytes spill loads
ptxas info    : Used 23 registers, used 1 barriers
ptxas info    : Compile time = 5.238 ms
ptxas info    : Compiling entry function '_ZN3aut12lns_strategy22dot_cooperative_kernelINS_3lns7lns4_r1ELNS_8bitwidth12compute_kindE1ELNS0_12decoder_kindE3ELNS0_13multiply_kindE0EEEvPKjS9_mNS0_12table_bundleIXT0_EEEPNS4_14compute_traitsIXT0_EE4typeE' for 'sm_90'
ptxas info    : Function properties for _ZN3aut12lns_strategy22dot_cooperative_kernelINS_3lns7lns4_r1ELNS_8bitwidth12compute_kindE1ELNS0_12decoder_kindE3ELNS0_13multiply_kindE0EEEvPKjS9_mNS0_12table_bundleIXT0_EEEPNS4_14compute_traitsIXT0_EE4typeE
    0 bytes stack frame, 0 bytes spill stores, 0 bytes spill loads
ptxas info    : Used 22 registers, used 1 barriers
ptxas info    : Compile time = 4.702 ms
ptxas info    : Compiling entry function '_ZN3aut12lns_strategy18gemv_thread_kernelINS_3lns7lns4_r1ELNS_8bitwidth12compute_kindE1ELNS4_14storage_layoutE1ELi8ELNS0_12decoder_kindE3ELNS0_13multiply_kindE0EEEvNS0_12storage_viewIT_XT1_EEESB_mmNS0_12table_bundleIXT0_EEEPNS4_14compute_traitsIXT0_EE4typeE' for 'sm_90'
ptxas info    : Function properties for _ZN3aut12lns_strategy18gemv_thread_kernelINS_3lns7lns4_r1ELNS_8bitwidth12compute_kindE1ELNS4_14storage_layoutE1ELi8ELNS0_12decoder_kindE3ELNS0_13multiply_kindE0EEEvNS0_12storage_viewIT_XT1_EEESB_mmNS0_12table_bundleIXT0_EEEPNS4_14compute_traitsIXT0_EE4typeE
    0 bytes stack frame, 0 bytes spill stores, 0 bytes spill loads
ptxas info    : Used 29 registers, used 1 barriers
ptxas info    : Compile time = 6.140 ms
ptxas info    : Compiling entry function '_ZN3aut12lns_strategy17dot_thread_kernelINS_3lns7lns4_r1ELNS_8bitwidth12compute_kindE1ELNS4_14storage_layoutE1ELi8ELNS0_12decoder_kindE3ELNS0_13multiply_kindE0EEEvNS0_12storage_viewIT_XT1_EEESB_mNS0_12table_bundleIXT0_EEEPNS4_14compute_traitsIXT0_EE4typeE' for 'sm_90'
ptxas info    : Function properties for _ZN3aut12lns_strategy17dot_thread_kernelINS_3lns7lns4_r1ELNS_8bitwidth12compute_kindE1ELNS4_14storage_layoutE1ELi8ELNS0_12decoder_kindE3ELNS0_13multiply_kindE0EEEvNS0_12storage_viewIT_XT1_EEESB_mNS0_12table_bundleIXT0_EEEPNS4_14compute_traitsIXT0_EE4typeE
    0 bytes stack frame, 0 bytes spill stores, 0 bytes spill loads
ptxas info    : Used 31 registers, used 1 barriers
ptxas info    : Compile time = 6.209 ms
ptxas info    : Compiling entry function '_ZN3aut12lns_strategy18gemv_thread_kernelINS_3lns7lns4_r1ELNS_8bitwidth12compute_kindE1ELNS4_14storage_layoutE1ELi4ELNS0_12decoder_kindE3ELNS0_13multiply_kindE0EEEvNS0_12storage_viewIT_XT1_EEESB_mmNS0_12table_bundleIXT0_EEEPNS4_14compute_traitsIXT0_EE4typeE' for 'sm_90'
ptxas info    : Function properties for _ZN3aut12lns_strategy18gemv_thread_kernelINS_3lns7lns4_r1ELNS_8bitwidth12compute_kindE1ELNS4_14storage_layoutE1ELi4ELNS0_12decoder_kindE3ELNS0_13multiply_kindE0EEEvNS0_12storage_viewIT_XT1_EEESB_mmNS0_12table_bundleIXT0_EEEPNS4_14compute_traitsIXT0_EE4typeE
    0 bytes stack frame, 0 bytes spill stores, 0 bytes spill loads
ptxas info    : Used 24 registers, used 1 barriers
ptxas info    : Compile time = 4.607 ms
ptxas info    : Compiling entry function '_ZN3aut12lns_strategy17dot_thread_kernelINS_3lns7lns4_r1ELNS_8bitwidth12compute_kindE1ELNS4_14storage_layoutE1ELi4ELNS0_12decoder_kindE3ELNS0_13multiply_kindE0EEEvNS0_12storage_viewIT_XT1_EEESB_mNS0_12table_bundleIXT0_EEEPNS4_14compute_traitsIXT0_EE4typeE' for 'sm_90'
ptxas info    : Function properties for _ZN3aut12lns_strategy17dot_thread_kernelINS_3lns7lns4_r1ELNS_8bitwidth12compute_kindE1ELNS4_14storage_layoutE1ELi4ELNS0_12decoder_kindE3ELNS0_13multiply_kindE0EEEvNS0_12storage_viewIT_XT1_EEESB_mNS0_12table_bundleIXT0_EEEPNS4_14compute_traitsIXT0_EE4typeE
    0 bytes stack frame, 0 bytes spill stores, 0 bytes spill loads
ptxas info    : Used 28 registers, used 1 barriers
ptxas info    : Compile time = 4.636 ms
ptxas info    : Compiling entry function '_ZN3aut12lns_strategy18gemv_thread_kernelINS_3lns7lns4_r1ELNS_8bitwidth12compute_kindE1ELNS4_14storage_layoutE1ELi2ELNS0_12decoder_kindE3ELNS0_13multiply_kindE0EEEvNS0_12storage_viewIT_XT1_EEESB_mmNS0_12table_bundleIXT0_EEEPNS4_14compute_traitsIXT0_EE4typeE' for 'sm_90'
ptxas info    : Function properties for _ZN3aut12lns_strategy18gemv_thread_kernelINS_3lns7lns4_r1ELNS_8bitwidth12compute_kindE1ELNS4_14storage_layoutE1ELi2ELNS0_12decoder_kindE3ELNS0_13multiply_kindE0EEEvNS0_12storage_viewIT_XT1_EEESB_mmNS0_12table_bundleIXT0_EEEPNS4_14compute_traitsIXT0_EE4typeE
    0 bytes stack frame, 0 bytes spill stores, 0 bytes spill loads
ptxas info    : Used 20 registers, used 1 barriers
ptxas info    : Compile time = 4.004 ms
ptxas info    : Compiling entry function '_ZN3aut12lns_strategy17dot_thread_kernelINS_3lns7lns4_r1ELNS_8bitwidth12compute_kindE1ELNS4_14storage_layoutE1ELi2ELNS0_12decoder_kindE3ELNS0_13multiply_kindE0EEEvNS0_12storage_viewIT_XT1_EEESB_mNS0_12table_bundleIXT0_EEEPNS4_14compute_traitsIXT0_EE4typeE' for 'sm_90'
ptxas info    : Function properties for _ZN3aut12lns_strategy17dot_thread_kernelINS_3lns7lns4_r1ELNS_8bitwidth12compute_kindE1ELNS4_14storage_layoutE1ELi2ELNS0_12decoder_kindE3ELNS0_13multiply_kindE0EEEvNS0_12storage_viewIT_XT1_EEESB_mNS0_12table_bundleIXT0_EEEPNS4_14compute_traitsIXT0_EE4typeE
    0 bytes stack frame, 0 bytes spill stores, 0 bytes spill loads
ptxas info    : Used 26 registers, used 1 barriers
ptxas info    : Compile time = 3.956 ms
ptxas info    : Compiling entry function '_ZN3aut12lns_strategy18gemv_thread_kernelINS_3lns7lns4_r1ELNS_8bitwidth12compute_kindE1ELNS4_14storage_layoutE0ELi8ELNS0_12decoder_kindE3ELNS0_13multiply_kindE0EEEvNS0_12storage_viewIT_XT1_EEESB_mmNS0_12table_bundleIXT0_EEEPNS4_14compute_traitsIXT0_EE4typeE' for 'sm_90'
ptxas info    : Function properties for _ZN3aut12lns_strategy18gemv_thread_kernelINS_3lns7lns4_r1ELNS_8bitwidth12compute_kindE1ELNS4_14storage_layoutE0ELi8ELNS0_12decoder_kindE3ELNS0_13multiply_kindE0EEEvNS0_12storage_viewIT_XT1_EEESB_mmNS0_12table_bundleIXT0_EEEPNS4_14compute_traitsIXT0_EE4typeE
    0 bytes stack frame, 0 bytes spill stores, 0 bytes spill loads
ptxas info    : Used 40 registers, used 1 barriers
ptxas info    : Compile time = 9.109 ms
ptxas info    : Compiling entry function '_ZN3aut12lns_strategy17dot_thread_kernelINS_3lns7lns4_r1ELNS_8bitwidth12compute_kindE1ELNS4_14storage_layoutE0ELi8ELNS0_12decoder_kindE3ELNS0_13multiply_kindE0EEEvNS0_12storage_viewIT_XT1_EEESB_mNS0_12table_bundleIXT0_EEEPNS4_14compute_traitsIXT0_EE4typeE' for 'sm_90'
ptxas info    : Function properties for _ZN3aut12lns_strategy17dot_thread_kernelINS_3lns7lns4_r1ELNS_8bitwidth12compute_kindE1ELNS4_14storage_layoutE0ELi8ELNS0_12decoder_kindE3ELNS0_13multiply_kindE0EEEvNS0_12storage_viewIT_XT1_EEESB_mNS0_12table_bundleIXT0_EEEPNS4_14compute_traitsIXT0_EE4typeE
    0 bytes stack frame, 0 bytes spill stores, 0 bytes spill loads
ptxas info    : Used 31 registers, used 1 barriers
ptxas info    : Compile time = 5.822 ms
ptxas info    : Compiling entry function '_ZN3aut12lns_strategy18gemv_thread_kernelINS_3lns7lns4_r1ELNS_8bitwidth12compute_kindE1ELNS4_14storage_layoutE0ELi4ELNS0_12decoder_kindE3ELNS0_13multiply_kindE0EEEvNS0_12storage_viewIT_XT1_EEESB_mmNS0_12table_bundleIXT0_EEEPNS4_14compute_traitsIXT0_EE4typeE' for 'sm_90'
ptxas info    : Function properties for _ZN3aut12lns_strategy18gemv_thread_kernelINS_3lns7lns4_r1ELNS_8bitwidth12compute_kindE1ELNS4_14storage_layoutE0ELi4ELNS0_12decoder_kindE3ELNS0_13multiply_kindE0EEEvNS0_12storage_viewIT_XT1_EEESB_mmNS0_12table_bundleIXT0_EEEPNS4_14compute_traitsIXT0_EE4typeE
    0 bytes stack frame, 0 bytes spill stores, 0 bytes spill loads
ptxas info    : Used 32 registers, used 1 barriers
ptxas info    : Compile time = 6.501 ms
ptxas info    : Compiling entry function '_ZN3aut12lns_strategy17dot_thread_kernelINS_3lns7lns4_r1ELNS_8bitwidth12compute_kindE1ELNS4_14storage_layoutE0ELi4ELNS0_12decoder_kindE3ELNS0_13multiply_kindE0EEEvNS0_12storage_viewIT_XT1_EEESB_mNS0_12table_bundleIXT0_EEEPNS4_14compute_traitsIXT0_EE4typeE' for 'sm_90'
ptxas info    : Function properties for _ZN3aut12lns_strategy17dot_thread_kernelINS_3lns7lns4_r1ELNS_8bitwidth12compute_kindE1ELNS4_14storage_layoutE0ELi4ELNS0_12decoder_kindE3ELNS0_13multiply_kindE0EEEvNS0_12storage_viewIT_XT1_EEESB_mNS0_12table_bundleIXT0_EEEPNS4_14compute_traitsIXT0_EE4typeE
    0 bytes stack frame, 0 bytes spill stores, 0 bytes spill loads
ptxas info    : Used 32 registers, used 1 barriers
ptxas info    : Compile time = 6.169 ms
ptxas info    : Compiling entry function '_ZN3aut12lns_strategy18gemv_thread_kernelINS_3lns7lns4_r1ELNS_8bitwidth12compute_kindE1ELNS4_14storage_layoutE0ELi2ELNS0_12decoder_kindE3ELNS0_13multiply_kindE0EEEvNS0_12storage_viewIT_XT1_EEESB_mmNS0_12table_bundleIXT0_EEEPNS4_14compute_traitsIXT0_EE4typeE' for 'sm_90'
ptxas info    : Function properties for _ZN3aut12lns_strategy18gemv_thread_kernelINS_3lns7lns4_r1ELNS_8bitwidth12compute_kindE1ELNS4_14storage_layoutE0ELi2ELNS0_12decoder_kindE3ELNS0_13multiply_kindE0EEEvNS0_12storage_viewIT_XT1_EEESB_mmNS0_12table_bundleIXT0_EEEPNS4_14compute_traitsIXT0_EE4typeE
    0 bytes stack frame, 0 bytes spill stores, 0 bytes spill loads
ptxas info    : Used 30 registers, used 1 barriers
ptxas info    : Compile time = 4.856 ms
ptxas info    : Compiling entry function '_ZN3aut12lns_strategy17dot_thread_kernelINS_3lns7lns4_r1ELNS_8bitwidth12compute_kindE1ELNS4_14storage_layoutE0ELi2ELNS0_12decoder_kindE3ELNS0_13multiply_kindE0EEEvNS0_12storage_viewIT_XT1_EEESB_mNS0_12table_bundleIXT0_EEEPNS4_14compute_traitsIXT0_EE4typeE' for 'sm_90'
ptxas info    : Function properties for _ZN3aut12lns_strategy17dot_thread_kernelINS_3lns7lns4_r1ELNS_8bitwidth12compute_kindE1ELNS4_14storage_layoutE0ELi2ELNS0_12decoder_kindE3ELNS0_13multiply_kindE0EEEvNS0_12storage_viewIT_XT1_EEESB_mNS0_12table_bundleIXT0_EEEPNS4_14compute_traitsIXT0_EE4typeE
    0 bytes stack frame, 0 bytes spill stores, 0 bytes spill loads
ptxas info    : Used 32 registers, used 1 barriers
ptxas info    : Compile time = 4.599 ms
ptxas info    : Compiling entry function '_ZN3aut12lns_strategy18gemv_thread_kernelINS_3lns7lns4_r1ELNS_8bitwidth12compute_kindE1ELNS4_14storage_layoutE1ELi1ELNS0_12decoder_kindE3ELNS0_13multiply_kindE0EEEvNS0_12storage_viewIT_XT1_EEESB_mmNS0_12table_bundleIXT0_EEEPNS4_14compute_traitsIXT0_EE4typeE' for 'sm_90'
ptxas info    : Function properties for _ZN3aut12lns_strategy18gemv_thread_kernelINS_3lns7lns4_r1ELNS_8bitwidth12compute_kindE1ELNS4_14storage_layoutE1ELi1ELNS0_12decoder_kindE3ELNS0_13multiply_kindE0EEEvNS0_12storage_viewIT_XT1_EEESB_mmNS0_12table_bundleIXT0_EEEPNS4_14compute_traitsIXT0_EE4typeE
    0 bytes stack frame, 0 bytes spill stores, 0 bytes spill loads
ptxas info    : Used 22 registers, used 1 barriers
ptxas info    : Compile time = 3.374 ms
ptxas info    : Compiling entry function '_ZN3aut12lns_strategy17dot_thread_kernelINS_3lns7lns4_r1ELNS_8bitwidth12compute_kindE1ELNS4_14storage_layoutE1ELi1ELNS0_12decoder_kindE3ELNS0_13multiply_kindE0EEEvNS0_12storage_viewIT_XT1_EEESB_mNS0_12table_bundleIXT0_EEEPNS4_14compute_traitsIXT0_EE4typeE' for 'sm_90'
ptxas info    : Function properties for _ZN3aut12lns_strategy17dot_thread_kernelINS_3lns7lns4_r1ELNS_8bitwidth12compute_kindE1ELNS4_14storage_layoutE1ELi1ELNS0_12decoder_kindE3ELNS0_13multiply_kindE0EEEvNS0_12storage_viewIT_XT1_EEESB_mNS0_12table_bundleIXT0_EEEPNS4_14compute_traitsIXT0_EE4typeE
    0 bytes stack frame, 0 bytes spill stores, 0 bytes spill loads
ptxas info    : Used 24 registers, used 1 barriers
ptxas info    : Compile time = 3.257 ms
ptxas info    : Compiling entry function '_ZN3aut12lns_strategy18gemv_thread_kernelINS_3lns7lns4_r1ELNS_8bitwidth12compute_kindE1ELNS4_14storage_layoutE0ELi1ELNS0_12decoder_kindE3ELNS0_13multiply_kindE0EEEvNS0_12storage_viewIT_XT1_EEESB_mmNS0_12table_bundleIXT0_EEEPNS4_14compute_traitsIXT0_EE4typeE' for 'sm_90'
ptxas info    : Function properties for _ZN3aut12lns_strategy18gemv_thread_kernelINS_3lns7lns4_r1ELNS_8bitwidth12compute_kindE1ELNS4_14storage_layoutE0ELi1ELNS0_12decoder_kindE3ELNS0_13multiply_kindE0EEEvNS0_12storage_viewIT_XT1_EEESB_mmNS0_12table_bundleIXT0_EEEPNS4_14compute_traitsIXT0_EE4typeE
    0 bytes stack frame, 0 bytes spill stores, 0 bytes spill loads
ptxas info    : Used 22 registers, used 1 barriers
ptxas info    : Compile time = 3.801 ms
ptxas info    : Compiling entry function '_ZN3aut12lns_strategy17dot_thread_kernelINS_3lns7lns4_r1ELNS_8bitwidth12compute_kindE1ELNS4_14storage_layoutE0ELi1ELNS0_12decoder_kindE3ELNS0_13multiply_kindE0EEEvNS0_12storage_viewIT_XT1_EEESB_mNS0_12table_bundleIXT0_EEEPNS4_14compute_traitsIXT0_EE4typeE' for 'sm_90'
ptxas info    : Function properties for _ZN3aut12lns_strategy17dot_thread_kernelINS_3lns7lns4_r1ELNS_8bitwidth12compute_kindE1ELNS4_14storage_layoutE0ELi1ELNS0_12decoder_kindE3ELNS0_13multiply_kindE0EEEvNS0_12storage_viewIT_XT1_EEESB_mNS0_12table_bundleIXT0_EEEPNS4_14compute_traitsIXT0_EE4typeE
    0 bytes stack frame, 0 bytes spill stores, 0 bytes spill loads
ptxas info    : Used 23 registers, used 1 barriers
ptxas info    : Compile time = 3.577 ms
ptxas info    : Compiling entry function '_ZN3aut12lns_strategy23gemv_cooperative_kernelINS_3lns7lns4_r1ELNS_8bitwidth12compute_kindE1ELNS0_12decoder_kindE2ELNS0_13multiply_kindE0EEEvPKjS9_mmNS0_12table_bundleIXT0_EEEPNS4_14compute_traitsIXT0_EE4typeE' for 'sm_90'
ptxas info    : Function properties for _ZN3aut12lns_strategy23gemv_cooperative_kernelINS_3lns7lns4_r1ELNS_8bitwidth12compute_kindE1ELNS0_12decoder_kindE2ELNS0_13multiply_kindE0EEEvPKjS9_mmNS0_12table_bundleIXT0_EEEPNS4_14compute_traitsIXT0_EE4typeE
    0 bytes stack frame, 0 bytes spill stores, 0 bytes spill loads
ptxas info    : Used 24 registers, used 1 barriers
ptxas info    : Compile time = 4.278 ms
ptxas info    : Compiling entry function '_ZN3aut12lns_strategy22dot_cooperative_kernelINS_3lns7lns4_r1ELNS_8bitwidth12compute_kindE1ELNS0_12decoder_kindE2ELNS0_13multiply_kindE0EEEvPKjS9_mNS0_12table_bundleIXT0_EEEPNS4_14compute_traitsIXT0_EE4typeE' for 'sm_90'
ptxas info    : Function properties for _ZN3aut12lns_strategy22dot_cooperative_kernelINS_3lns7lns4_r1ELNS_8bitwidth12compute_kindE1ELNS0_12decoder_kindE2ELNS0_13multiply_kindE0EEEvPKjS9_mNS0_12table_bundleIXT0_EEEPNS4_14compute_traitsIXT0_EE4typeE
    0 bytes stack frame, 0 bytes spill stores, 0 bytes spill loads
ptxas info    : Used 22 registers, used 1 barriers
ptxas info    : Compile time = 4.140 ms
ptxas info    : Compiling entry function '_ZN3aut12lns_strategy18gemv_thread_kernelINS_3lns7lns4_r1ELNS_8bitwidth12compute_kindE1ELNS4_14storage_layoutE1ELi8ELNS0_12decoder_kindE2ELNS0_13multiply_kindE0EEEvNS0_12storage_viewIT_XT1_EEESB_mmNS0_12table_bundleIXT0_EEEPNS4_14compute_traitsIXT0_EE4typeE' for 'sm_90'
ptxas info    : Function properties for _ZN3aut12lns_strategy18gemv_thread_kernelINS_3lns7lns4_r1ELNS_8bitwidth12compute_kindE1ELNS4_14storage_layoutE1ELi8ELNS0_12decoder_kindE2ELNS0_13multiply_kindE0EEEvNS0_12storage_viewIT_XT1_EEESB_mmNS0_12table_bundleIXT0_EEEPNS4_14compute_traitsIXT0_EE4typeE
    0 bytes stack frame, 0 bytes spill stores, 0 bytes spill loads
ptxas info    : Used 32 registers, used 1 barriers
ptxas info    : Compile time = 6.250 ms
ptxas info    : Compiling entry function '_ZN3aut12lns_strategy17dot_thread_kernelINS_3lns7lns4_r1ELNS_8bitwidth12compute_kindE1ELNS4_14storage_layoutE1ELi8ELNS0_12decoder_kindE2ELNS0_13multiply_kindE0EEEvNS0_12storage_viewIT_XT1_EEESB_mNS0_12table_bundleIXT0_EEEPNS4_14compute_traitsIXT0_EE4typeE' for 'sm_90'
ptxas info    : Function properties for _ZN3aut12lns_strategy17dot_thread_kernelINS_3lns7lns4_r1ELNS_8bitwidth12compute_kindE1ELNS4_14storage_layoutE1ELi8ELNS0_12decoder_kindE2ELNS0_13multiply_kindE0EEEvNS0_12storage_viewIT_XT1_EEESB_mNS0_12table_bundleIXT0_EEEPNS4_14compute_traitsIXT0_EE4typeE
    0 bytes stack frame, 0 bytes spill stores, 0 bytes spill loads
ptxas info    : Used 32 registers, used 1 barriers
ptxas info    : Compile time = 6.303 ms
ptxas info    : Compiling entry function '_ZN3aut12lns_strategy18gemv_thread_kernelINS_3lns7lns4_r1ELNS_8bitwidth12compute_kindE1ELNS4_14storage_layoutE1ELi4ELNS0_12decoder_kindE2ELNS0_13multiply_kindE0EEEvNS0_12storage_viewIT_XT1_EEESB_mmNS0_12table_bundleIXT0_EEEPNS4_14compute_traitsIXT0_EE4typeE' for 'sm_90'
ptxas info    : Function properties for _ZN3aut12lns_strategy18gemv_thread_kernelINS_3lns7lns4_r1ELNS_8bitwidth12compute_kindE1ELNS4_14storage_layoutE1ELi4ELNS0_12decoder_kindE2ELNS0_13multiply_kindE0EEEvNS0_12storage_viewIT_XT1_EEESB_mmNS0_12table_bundleIXT0_EEEPNS4_14compute_traitsIXT0_EE4typeE
    0 bytes stack frame, 0 bytes spill stores, 0 bytes spill loads
ptxas info    : Used 32 registers, used 1 barriers
ptxas info    : Compile time = 4.417 ms
ptxas info    : Compiling entry function '_ZN3aut12lns_strategy17dot_thread_kernelINS_3lns7lns4_r1ELNS_8bitwidth12compute_kindE1ELNS4_14storage_layoutE1ELi4ELNS0_12decoder_kindE2ELNS0_13multiply_kindE0EEEvNS0_12storage_viewIT_XT1_EEESB_mNS0_12table_bundleIXT0_EEEPNS4_14compute_traitsIXT0_EE4typeE' for 'sm_90'
ptxas info    : Function properties for _ZN3aut12lns_strategy17dot_thread_kernelINS_3lns7lns4_r1ELNS_8bitwidth12compute_kindE1ELNS4_14storage_layoutE1ELi4ELNS0_12decoder_kindE2ELNS0_13multiply_kindE0EEEvNS0_12storage_viewIT_XT1_EEESB_mNS0_12table_bundleIXT0_EEEPNS4_14compute_traitsIXT0_EE4typeE
    0 bytes stack frame, 0 bytes spill stores, 0 bytes spill loads
ptxas info    : Used 32 registers, used 1 barriers
ptxas info    : Compile time = 4.413 ms
ptxas info    : Compiling entry function '_ZN3aut12lns_strategy18gemv_thread_kernelINS_3lns7lns4_r1ELNS_8bitwidth12compute_kindE1ELNS4_14storage_layoutE1ELi2ELNS0_12decoder_kindE2ELNS0_13multiply_kindE0EEEvNS0_12storage_viewIT_XT1_EEESB_mmNS0_12table_bundleIXT0_EEEPNS4_14compute_traitsIXT0_EE4typeE' for 'sm_90'
ptxas info    : Function properties for _ZN3aut12lns_strategy18gemv_thread_kernelINS_3lns7lns4_r1ELNS_8bitwidth12compute_kindE1ELNS4_14storage_layoutE1ELi2ELNS0_12decoder_kindE2ELNS0_13multiply_kindE0EEEvNS0_12storage_viewIT_XT1_EEESB_mmNS0_12table_bundleIXT0_EEEPNS4_14compute_traitsIXT0_EE4typeE
    0 bytes stack frame, 0 bytes spill stores, 0 bytes spill loads
ptxas info    : Used 22 registers, used 1 barriers
ptxas info    : Compile time = 3.488 ms
ptxas info    : Compiling entry function '_ZN3aut12lns_strategy17dot_thread_kernelINS_3lns7lns4_r1ELNS_8bitwidth12compute_kindE1ELNS4_14storage_layoutE1ELi2ELNS0_12decoder_kindE2ELNS0_13multiply_kindE0EEEvNS0_12storage_viewIT_XT1_EEESB_mNS0_12table_bundleIXT0_EEEPNS4_14compute_traitsIXT0_EE4typeE' for 'sm_90'
ptxas info    : Function properties for _ZN3aut12lns_strategy17dot_thread_kernelINS_3lns7lns4_r1ELNS_8bitwidth12compute_kindE1ELNS4_14storage_layoutE1ELi2ELNS0_12decoder_kindE2ELNS0_13multiply_kindE0EEEvNS0_12storage_viewIT_XT1_EEESB_mNS0_12table_bundleIXT0_EEEPNS4_14compute_traitsIXT0_EE4typeE
    0 bytes stack frame, 0 bytes spill stores, 0 bytes spill loads
ptxas info    : Used 26 registers, used 1 barriers
ptxas info    : Compile time = 3.525 ms
ptxas info    : Compiling entry function '_ZN3aut12lns_strategy18gemv_thread_kernelINS_3lns7lns4_r1ELNS_8bitwidth12compute_kindE1ELNS4_14storage_layoutE0ELi8ELNS0_12decoder_kindE2ELNS0_13multiply_kindE0EEEvNS0_12storage_viewIT_XT1_EEESB_mmNS0_12table_bundleIXT0_EEEPNS4_14compute_traitsIXT0_EE4typeE' for 'sm_90'
ptxas info    : Function properties for _ZN3aut12lns_strategy18gemv_thread_kernelINS_3lns7lns4_r1ELNS_8bitwidth12compute_kindE1ELNS4_14storage_layoutE0ELi8ELNS0_12decoder_kindE2ELNS0_13multiply_kindE0EEEvNS0_12storage_viewIT_XT1_EEESB_mmNS0_12table_bundleIXT0_EEEPNS4_14compute_traitsIXT0_EE4typeE
    0 bytes stack frame, 0 bytes spill stores, 0 bytes spill loads
ptxas info    : Used 40 registers, used 1 barriers
ptxas info    : Compile time = 9.072 ms
ptxas info    : Compiling entry function '_ZN3aut12lns_strategy17dot_thread_kernelINS_3lns7lns4_r1ELNS_8bitwidth12compute_kindE1ELNS4_14storage_layoutE0ELi8ELNS0_12decoder_kindE2ELNS0_13multiply_kindE0EEEvNS0_12storage_viewIT_XT1_EEESB_mNS0_12table_bundleIXT0_EEEPNS4_14compute_traitsIXT0_EE4typeE' for 'sm_90'
ptxas info    : Function properties for _ZN3aut12lns_strategy17dot_thread_kernelINS_3lns7lns4_r1ELNS_8bitwidth12compute_kindE1ELNS4_14storage_layoutE0ELi8ELNS0_12decoder_kindE2ELNS0_13multiply_kindE0EEEvNS0_12storage_viewIT_XT1_EEESB_mNS0_12table_bundleIXT0_EEEPNS4_14compute_traitsIXT0_EE4typeE
    0 bytes stack frame, 0 bytes spill stores, 0 bytes spill loads
ptxas info    : Used 32 registers, used 1 barriers
ptxas info    : Compile time = 5.730 ms
ptxas info    : Compiling entry function '_ZN3aut12lns_strategy18gemv_thread_kernelINS_3lns7lns4_r1ELNS_8bitwidth12compute_kindE1ELNS4_14storage_layoutE0ELi4ELNS0_12decoder_kindE2ELNS0_13multiply_kindE0EEEvNS0_12storage_viewIT_XT1_EEESB_mmNS0_12table_bundleIXT0_EEEPNS4_14compute_traitsIXT0_EE4typeE' for 'sm_90'
ptxas info    : Function properties for _ZN3aut12lns_strategy18gemv_thread_kernelINS_3lns7lns4_r1ELNS_8bitwidth12compute_kindE1ELNS4_14storage_layoutE0ELi4ELNS0_12decoder_kindE2ELNS0_13multiply_kindE0EEEvNS0_12storage_viewIT_XT1_EEESB_mmNS0_12table_bundleIXT0_EEEPNS4_14compute_traitsIXT0_EE4typeE
    0 bytes stack frame, 0 bytes spill stores, 0 bytes spill loads
ptxas info    : Used 32 registers, used 1 barriers
ptxas info    : Compile time = 6.087 ms
ptxas info    : Compiling entry function '_ZN3aut12lns_strategy17dot_thread_kernelINS_3lns7lns4_r1ELNS_8bitwidth12compute_kindE1ELNS4_14storage_layoutE0ELi4ELNS0_12decoder_kindE2ELNS0_13multiply_kindE0EEEvNS0_12storage_viewIT_XT1_EEESB_mNS0_12table_bundleIXT0_EEEPNS4_14compute_traitsIXT0_EE4typeE' for 'sm_90'
ptxas info    : Function properties for _ZN3aut12lns_strategy17dot_thread_kernelINS_3lns7lns4_r1ELNS_8bitwidth12compute_kindE1ELNS4_14storage_layoutE0ELi4ELNS0_12decoder_kindE2ELNS0_13multiply_kindE0EEEvNS0_12storage_viewIT_XT1_EEESB_mNS0_12table_bundleIXT0_EEEPNS4_14compute_traitsIXT0_EE4typeE
    0 bytes stack frame, 0 bytes spill stores, 0 bytes spill loads
ptxas info    : Used 32 registers, used 1 barriers
ptxas info    : Compile time = 5.766 ms
ptxas info    : Compiling entry function '_ZN3aut12lns_strategy18gemv_thread_kernelINS_3lns7lns4_r1ELNS_8bitwidth12compute_kindE1ELNS4_14storage_layoutE0ELi2ELNS0_12decoder_kindE2ELNS0_13multiply_kindE0EEEvNS0_12storage_viewIT_XT1_EEESB_mmNS0_12table_bundleIXT0_EEEPNS4_14compute_traitsIXT0_EE4typeE' for 'sm_90'
ptxas info    : Function properties for _ZN3aut12lns_strategy18gemv_thread_kernelINS_3lns7lns4_r1ELNS_8bitwidth12compute_kindE1ELNS4_14storage_layoutE0ELi2ELNS0_12decoder_kindE2ELNS0_13multiply_kindE0EEEvNS0_12storage_viewIT_XT1_EEESB_mmNS0_12table_bundleIXT0_EEEPNS4_14compute_traitsIXT0_EE4typeE
    0 bytes stack frame, 0 bytes spill stores, 0 bytes spill loads
ptxas info    : Used 30 registers, used 1 barriers
ptxas info    : Compile time = 4.273 ms
ptxas info    : Compiling entry function '_ZN3aut12lns_strategy17dot_thread_kernelINS_3lns7lns4_r1ELNS_8bitwidth12compute_kindE1ELNS4_14storage_layoutE0ELi2ELNS0_12decoder_kindE2ELNS0_13multiply_kindE0EEEvNS0_12storage_viewIT_XT1_EEESB_mNS0_12table_bundleIXT0_EEEPNS4_14compute_traitsIXT0_EE4typeE' for 'sm_90'
ptxas info    : Function properties for _ZN3aut12lns_strategy17dot_thread_kernelINS_3lns7lns4_r1ELNS_8bitwidth12compute_kindE1ELNS4_14storage_layoutE0ELi2ELNS0_12decoder_kindE2ELNS0_13multiply_kindE0EEEvNS0_12storage_viewIT_XT1_EEESB_mNS0_12table_bundleIXT0_EEEPNS4_14compute_traitsIXT0_EE4typeE
    0 bytes stack frame, 0 bytes spill stores, 0 bytes spill loads
ptxas info    : Used 32 registers, used 1 barriers
ptxas info    : Compile time = 4.107 ms
ptxas info    : Compiling entry function '_ZN3aut12lns_strategy18gemv_thread_kernelINS_3lns7lns4_r1ELNS_8bitwidth12compute_kindE1ELNS4_14storage_layoutE1ELi1ELNS0_12decoder_kindE2ELNS0_13multiply_kindE0EEEvNS0_12storage_viewIT_XT1_EEESB_mmNS0_12table_bundleIXT0_EEEPNS4_14compute_traitsIXT0_EE4typeE' for 'sm_90'
ptxas info    : Function properties for _ZN3aut12lns_strategy18gemv_thread_kernelINS_3lns7lns4_r1ELNS_8bitwidth12compute_kindE1ELNS4_14storage_layoutE1ELi1ELNS0_12decoder_kindE2ELNS0_13multiply_kindE0EEEvNS0_12storage_viewIT_XT1_EEESB_mmNS0_12table_bundleIXT0_EEEPNS4_14compute_traitsIXT0_EE4typeE
    0 bytes stack frame, 0 bytes spill stores, 0 bytes spill loads
ptxas info    : Used 20 registers, used 1 barriers
ptxas info    : Compile time = 2.857 ms
ptxas info    : Compiling entry function '_ZN3aut12lns_strategy17dot_thread_kernelINS_3lns7lns4_r1ELNS_8bitwidth12compute_kindE1ELNS4_14storage_layoutE1ELi1ELNS0_12decoder_kindE2ELNS0_13multiply_kindE0EEEvNS0_12storage_viewIT_XT1_EEESB_mNS0_12table_bundleIXT0_EEEPNS4_14compute_traitsIXT0_EE4typeE' for 'sm_90'
ptxas info    : Function properties for _ZN3aut12lns_strategy17dot_thread_kernelINS_3lns7lns4_r1ELNS_8bitwidth12compute_kindE1ELNS4_14storage_layoutE1ELi1ELNS0_12decoder_kindE2ELNS0_13multiply_kindE0EEEvNS0_12storage_viewIT_XT1_EEESB_mNS0_12table_bundleIXT0_EEEPNS4_14compute_traitsIXT0_EE4typeE
    0 bytes stack frame, 0 bytes spill stores, 0 bytes spill loads
ptxas info    : Used 22 registers, used 1 barriers
ptxas info    : Compile time = 2.704 ms
ptxas info    : Compiling entry function '_ZN3aut12lns_strategy18gemv_thread_kernelINS_3lns7lns4_r1ELNS_8bitwidth12compute_kindE1ELNS4_14storage_layoutE0ELi1ELNS0_12decoder_kindE2ELNS0_13multiply_kindE0EEEvNS0_12storage_viewIT_XT1_EEESB_mmNS0_12table_bundleIXT0_EEEPNS4_14compute_traitsIXT0_EE4typeE' for 'sm_90'
ptxas info    : Function properties for _ZN3aut12lns_strategy18gemv_thread_kernelINS_3lns7lns4_r1ELNS_8bitwidth12compute_kindE1ELNS4_14storage_layoutE0ELi1ELNS0_12decoder_kindE2ELNS0_13multiply_kindE0EEEvNS0_12storage_viewIT_XT1_EEESB_mmNS0_12table_bundleIXT0_EEEPNS4_14compute_traitsIXT0_EE4typeE
    0 bytes stack frame, 0 bytes spill stores, 0 bytes spill loads
ptxas info    : Used 21 registers, used 1 barriers
ptxas info    : Compile time = 3.226 ms
ptxas info    : Compiling entry function '_ZN3aut12lns_strategy17dot_thread_kernelINS_3lns7lns4_r1ELNS_8bitwidth12compute_kindE1ELNS4_14storage_layoutE0ELi1ELNS0_12decoder_kindE2ELNS0_13multiply_kindE0EEEvNS0_12storage_viewIT_XT1_EEESB_mNS0_12table_bundleIXT0_EEEPNS4_14compute_traitsIXT0_EE4typeE' for 'sm_90'
ptxas info    : Function properties for _ZN3aut12lns_strategy17dot_thread_kernelINS_3lns7lns4_r1ELNS_8bitwidth12compute_kindE1ELNS4_14storage_layoutE0ELi1ELNS0_12decoder_kindE2ELNS0_13multiply_kindE0EEEvNS0_12storage_viewIT_XT1_EEESB_mNS0_12table_bundleIXT0_EEEPNS4_14compute_traitsIXT0_EE4typeE
    0 bytes stack frame, 0 bytes spill stores, 0 bytes spill loads
ptxas info    : Used 22 registers, used 1 barriers
ptxas info    : Compile time = 3.005 ms
ptxas info    : Compiling entry function '_ZN3aut12lns_strategy23gemv_cooperative_kernelINS_3lns7lns4_r1ELNS_8bitwidth12compute_kindE1ELNS0_12decoder_kindE1ELNS0_13multiply_kindE1EEEvPKjS9_mmNS0_12table_bundleIXT0_EEEPNS4_14compute_traitsIXT0_EE4typeE' for 'sm_90'
ptxas info    : Function properties for _ZN3aut12lns_strategy23gemv_cooperative_kernelINS_3lns7lns4_r1ELNS_8bitwidth12compute_kindE1ELNS0_12decoder_kindE1ELNS0_13multiply_kindE1EEEvPKjS9_mmNS0_12table_bundleIXT0_EEEPNS4_14compute_traitsIXT0_EE4typeE
    0 bytes stack frame, 0 bytes spill stores, 0 bytes spill loads
ptxas info    : Used 24 registers, used 1 barriers
ptxas info    : Compile time = 5.481 ms
ptxas info    : Compiling entry function '_ZN3aut12lns_strategy22dot_cooperative_kernelINS_3lns7lns4_r1ELNS_8bitwidth12compute_kindE1ELNS0_12decoder_kindE1ELNS0_13multiply_kindE1EEEvPKjS9_mNS0_12table_bundleIXT0_EEEPNS4_14compute_traitsIXT0_EE4typeE' for 'sm_90'
ptxas info    : Function properties for _ZN3aut12lns_strategy22dot_cooperative_kernelINS_3lns7lns4_r1ELNS_8bitwidth12compute_kindE1ELNS0_12decoder_kindE1ELNS0_13multiply_kindE1EEEvPKjS9_mNS0_12table_bundleIXT0_EEEPNS4_14compute_traitsIXT0_EE4typeE
    0 bytes stack frame, 0 bytes spill stores, 0 bytes spill loads
ptxas info    : Used 22 registers, used 1 barriers
ptxas info    : Compile time = 5.352 ms
ptxas info    : Compiling entry function '_ZN3aut12lns_strategy18gemv_thread_kernelINS_3lns7lns4_r1ELNS_8bitwidth12compute_kindE1ELNS4_14storage_layoutE1ELi8ELNS0_12decoder_kindE1ELNS0_13multiply_kindE1EEEvNS0_12storage_viewIT_XT1_EEESB_mmNS0_12table_bundleIXT0_EEEPNS4_14compute_traitsIXT0_EE4typeE' for 'sm_90'
ptxas info    : Function properties for _ZN3aut12lns_strategy18gemv_thread_kernelINS_3lns7lns4_r1ELNS_8bitwidth12compute_kindE1ELNS4_14storage_layoutE1ELi8ELNS0_12decoder_kindE1ELNS0_13multiply_kindE1EEEvNS0_12storage_viewIT_XT1_EEESB_mmNS0_12table_bundleIXT0_EEEPNS4_14compute_traitsIXT0_EE4typeE
    0 bytes stack frame, 0 bytes spill stores, 0 bytes spill loads
ptxas info    : Used 33 registers, used 1 barriers
ptxas info    : Compile time = 11.631 ms
ptxas info    : Compiling entry function '_ZN3aut12lns_strategy17dot_thread_kernelINS_3lns7lns4_r1ELNS_8bitwidth12compute_kindE1ELNS4_14storage_layoutE1ELi8ELNS0_12decoder_kindE1ELNS0_13multiply_kindE1EEEvNS0_12storage_viewIT_XT1_EEESB_mNS0_12table_bundleIXT0_EEEPNS4_14compute_traitsIXT0_EE4typeE' for 'sm_90'
ptxas info    : Function properties for _ZN3aut12lns_strategy17dot_thread_kernelINS_3lns7lns4_r1ELNS_8bitwidth12compute_kindE1ELNS4_14storage_layoutE1ELi8ELNS0_12decoder_kindE1ELNS0_13multiply_kindE1EEEvNS0_12storage_viewIT_XT1_EEESB_mNS0_12table_bundleIXT0_EEEPNS4_14compute_traitsIXT0_EE4typeE
    0 bytes stack frame, 0 bytes spill stores, 0 bytes spill loads
ptxas info    : Used 35 registers, used 1 barriers
ptxas info    : Compile time = 11.716 ms
ptxas info    : Compiling entry function '_ZN3aut12lns_strategy18gemv_thread_kernelINS_3lns7lns4_r1ELNS_8bitwidth12compute_kindE1ELNS4_14storage_layoutE1ELi4ELNS0_12decoder_kindE1ELNS0_13multiply_kindE1EEEvNS0_12storage_viewIT_XT1_EEESB_mmNS0_12table_bundleIXT0_EEEPNS4_14compute_traitsIXT0_EE4typeE' for 'sm_90'
ptxas info    : Function properties for _ZN3aut12lns_strategy18gemv_thread_kernelINS_3lns7lns4_r1ELNS_8bitwidth12compute_kindE1ELNS4_14storage_layoutE1ELi4ELNS0_12decoder_kindE1ELNS0_13multiply_kindE1EEEvNS0_12storage_viewIT_XT1_EEESB_mmNS0_12table_bundleIXT0_EEEPNS4_14compute_traitsIXT0_EE4typeE
    0 bytes stack frame, 0 bytes spill stores, 0 bytes spill loads
ptxas info    : Used 26 registers, used 1 barriers
ptxas info    : Compile time = 7.352 ms
ptxas info    : Compiling entry function '_ZN3aut12lns_strategy17dot_thread_kernelINS_3lns7lns4_r1ELNS_8bitwidth12compute_kindE1ELNS4_14storage_layoutE1ELi4ELNS0_12decoder_kindE1ELNS0_13multiply_kindE1EEEvNS0_12storage_viewIT_XT1_EEESB_mNS0_12table_bundleIXT0_EEEPNS4_14compute_traitsIXT0_EE4typeE' for 'sm_90'
ptxas info    : Function properties for _ZN3aut12lns_strategy17dot_thread_kernelINS_3lns7lns4_r1ELNS_8bitwidth12compute_kindE1ELNS4_14storage_layoutE1ELi4ELNS0_12decoder_kindE1ELNS0_13multiply_kindE1EEEvNS0_12storage_viewIT_XT1_EEESB_mNS0_12table_bundleIXT0_EEEPNS4_14compute_traitsIXT0_EE4typeE
    0 bytes stack frame, 0 bytes spill stores, 0 bytes spill loads
ptxas info    : Used 30 registers, used 1 barriers
ptxas info    : Compile time = 7.469 ms
ptxas info    : Compiling entry function '_ZN3aut12lns_strategy18gemv_thread_kernelINS_3lns7lns4_r1ELNS_8bitwidth12compute_kindE1ELNS4_14storage_layoutE1ELi2ELNS0_12decoder_kindE1ELNS0_13multiply_kindE1EEEvNS0_12storage_viewIT_XT1_EEESB_mmNS0_12table_bundleIXT0_EEEPNS4_14compute_traitsIXT0_EE4typeE' for 'sm_90'
ptxas info    : Function properties for _ZN3aut12lns_strategy18gemv_thread_kernelINS_3lns7lns4_r1ELNS_8bitwidth12compute_kindE1ELNS4_14storage_layoutE1ELi2ELNS0_12decoder_kindE1ELNS0_13multiply_kindE1EEEvNS0_12storage_viewIT_XT1_EEESB_mmNS0_12table_bundleIXT0_EEEPNS4_14compute_traitsIXT0_EE4typeE
    0 bytes stack frame, 0 bytes spill stores, 0 bytes spill loads
ptxas info    : Used 22 registers, used 1 barriers
ptxas info    : Compile time = 5.296 ms
ptxas info    : Compiling entry function '_ZN3aut12lns_strategy17dot_thread_kernelINS_3lns7lns4_r1ELNS_8bitwidth12compute_kindE1ELNS4_14storage_layoutE1ELi2ELNS0_12decoder_kindE1ELNS0_13multiply_kindE1EEEvNS0_12storage_viewIT_XT1_EEESB_mNS0_12table_bundleIXT0_EEEPNS4_14compute_traitsIXT0_EE4typeE' for 'sm_90'
ptxas info    : Function properties for _ZN3aut12lns_strategy17dot_thread_kernelINS_3lns7lns4_r1ELNS_8bitwidth12compute_kindE1ELNS4_14storage_layoutE1ELi2ELNS0_12decoder_kindE1ELNS0_13multiply_kindE1EEEvNS0_12storage_viewIT_XT1_EEESB_mNS0_12table_bundleIXT0_EEEPNS4_14compute_traitsIXT0_EE4typeE
    0 bytes stack frame, 0 bytes spill stores, 0 bytes spill loads
ptxas info    : Used 28 registers, used 1 barriers
ptxas info    : Compile time = 5.342 ms
ptxas info    : Compiling entry function '_ZN3aut12lns_strategy18gemv_thread_kernelINS_3lns7lns4_r1ELNS_8bitwidth12compute_kindE1ELNS4_14storage_layoutE0ELi8ELNS0_12decoder_kindE1ELNS0_13multiply_kindE1EEEvNS0_12storage_viewIT_XT1_EEESB_mmNS0_12table_bundleIXT0_EEEPNS4_14compute_traitsIXT0_EE4typeE' for 'sm_90'
ptxas info    : Function properties for _ZN3aut12lns_strategy18gemv_thread_kernelINS_3lns7lns4_r1ELNS_8bitwidth12compute_kindE1ELNS4_14storage_layoutE0ELi8ELNS0_12decoder_kindE1ELNS0_13multiply_kindE1EEEvNS0_12storage_viewIT_XT1_EEESB_mmNS0_12table_bundleIXT0_EEEPNS4_14compute_traitsIXT0_EE4typeE
    0 bytes stack frame, 0 bytes spill stores, 0 bytes spill loads
ptxas info    : Used 48 registers, used 1 barriers
ptxas info    : Compile time = 14.914 ms
ptxas info    : Compiling entry function '_ZN3aut12lns_strategy17dot_thread_kernelINS_3lns7lns4_r1ELNS_8bitwidth12compute_kindE1ELNS4_14storage_layoutE0ELi8ELNS0_12decoder_kindE1ELNS0_13multiply_kindE1EEEvNS0_12storage_viewIT_XT1_EEESB_mNS0_12table_bundleIXT0_EEEPNS4_14compute_traitsIXT0_EE4typeE' for 'sm_90'
ptxas info    : Function properties for _ZN3aut12lns_strategy17dot_thread_kernelINS_3lns7lns4_r1ELNS_8bitwidth12compute_kindE1ELNS4_14storage_layoutE0ELi8ELNS0_12decoder_kindE1ELNS0_13multiply_kindE1EEEvNS0_12storage_viewIT_XT1_EEESB_mNS0_12table_bundleIXT0_EEEPNS4_14compute_traitsIXT0_EE4typeE
    0 bytes stack frame, 0 bytes spill stores, 0 bytes spill loads
ptxas info    : Used 53 registers, used 1 barriers
ptxas info    : Compile time = 11.767 ms
ptxas info    : Compiling entry function '_ZN3aut12lns_strategy18gemv_thread_kernelINS_3lns7lns4_r1ELNS_8bitwidth12compute_kindE1ELNS4_14storage_layoutE0ELi4ELNS0_12decoder_kindE1ELNS0_13multiply_kindE1EEEvNS0_12storage_viewIT_XT1_EEESB_mmNS0_12table_bundleIXT0_EEEPNS4_14compute_traitsIXT0_EE4typeE' for 'sm_90'
ptxas info    : Function properties for _ZN3aut12lns_strategy18gemv_thread_kernelINS_3lns7lns4_r1ELNS_8bitwidth12compute_kindE1ELNS4_14storage_layoutE0ELi4ELNS0_12decoder_kindE1ELNS0_13multiply_kindE1EEEvNS0_12storage_viewIT_XT1_EEESB_mmNS0_12table_bundleIXT0_EEEPNS4_14compute_traitsIXT0_EE4typeE
    0 bytes stack frame, 0 bytes spill stores, 0 bytes spill loads
ptxas info    : Used 32 registers, used 1 barriers
ptxas info    : Compile time = 9.710 ms
ptxas info    : Compiling entry function '_ZN3aut12lns_strategy17dot_thread_kernelINS_3lns7lns4_r1ELNS_8bitwidth12compute_kindE1ELNS4_14storage_layoutE0ELi4ELNS0_12decoder_kindE1ELNS0_13multiply_kindE1EEEvNS0_12storage_viewIT_XT1_EEESB_mNS0_12table_bundleIXT0_EEEPNS4_14compute_traitsIXT0_EE4typeE' for 'sm_90'
ptxas info    : Function properties for _ZN3aut12lns_strategy17dot_thread_kernelINS_3lns7lns4_r1ELNS_8bitwidth12compute_kindE1ELNS4_14storage_layoutE0ELi4ELNS0_12decoder_kindE1ELNS0_13multiply_kindE1EEEvNS0_12storage_viewIT_XT1_EEESB_mNS0_12table_bundleIXT0_EEEPNS4_14compute_traitsIXT0_EE4typeE
    0 bytes stack frame, 0 bytes spill stores, 0 bytes spill loads
ptxas info    : Used 32 registers, used 1 barriers
ptxas info    : Compile time = 9.148 ms
ptxas info    : Compiling entry function '_ZN3aut12lns_strategy18gemv_thread_kernelINS_3lns7lns4_r1ELNS_8bitwidth12compute_kindE1ELNS4_14storage_layoutE0ELi2ELNS0_12decoder_kindE1ELNS0_13multiply_kindE1EEEvNS0_12storage_viewIT_XT1_EEESB_mmNS0_12table_bundleIXT0_EEEPNS4_14compute_traitsIXT0_EE4typeE' for 'sm_90'
ptxas info    : Function properties for _ZN3aut12lns_strategy18gemv_thread_kernelINS_3lns7lns4_r1ELNS_8bitwidth12compute_kindE1ELNS4_14storage_layoutE0ELi2ELNS0_12decoder_kindE1ELNS0_13multiply_kindE1EEEvNS0_12storage_viewIT_XT1_EEESB_mmNS0_12table_bundleIXT0_EEEPNS4_14compute_traitsIXT0_EE4typeE
    0 bytes stack frame, 0 bytes spill stores, 0 bytes spill loads
ptxas info    : Used 32 registers, used 1 barriers
ptxas info    : Compile time = 6.300 ms
ptxas info    : Compiling entry function '_ZN3aut12lns_strategy17dot_thread_kernelINS_3lns7lns4_r1ELNS_8bitwidth12compute_kindE1ELNS4_14storage_layoutE0ELi2ELNS0_12decoder_kindE1ELNS0_13multiply_kindE1EEEvNS0_12storage_viewIT_XT1_EEESB_mNS0_12table_bundleIXT0_EEEPNS4_14compute_traitsIXT0_EE4typeE' for 'sm_90'
ptxas info    : Function properties for _ZN3aut12lns_strategy17dot_thread_kernelINS_3lns7lns4_r1ELNS_8bitwidth12compute_kindE1ELNS4_14storage_layoutE0ELi2ELNS0_12decoder_kindE1ELNS0_13multiply_kindE1EEEvNS0_12storage_viewIT_XT1_EEESB_mNS0_12table_bundleIXT0_EEEPNS4_14compute_traitsIXT0_EE4typeE
    0 bytes stack frame, 0 bytes spill stores, 0 bytes spill loads
ptxas info    : Used 32 registers, used 1 barriers
ptxas info    : Compile time = 6.127 ms
ptxas info    : Compiling entry function '_ZN3aut12lns_strategy18gemv_thread_kernelINS_3lns7lns4_r1ELNS_8bitwidth12compute_kindE1ELNS4_14storage_layoutE1ELi1ELNS0_12decoder_kindE1ELNS0_13multiply_kindE1EEEvNS0_12storage_viewIT_XT1_EEESB_mmNS0_12table_bundleIXT0_EEEPNS4_14compute_traitsIXT0_EE4typeE' for 'sm_90'
ptxas info    : Function properties for _ZN3aut12lns_strategy18gemv_thread_kernelINS_3lns7lns4_r1ELNS_8bitwidth12compute_kindE1ELNS4_14storage_layoutE1ELi1ELNS0_12decoder_kindE1ELNS0_13multiply_kindE1EEEvNS0_12storage_viewIT_XT1_EEESB_mmNS0_12table_bundleIXT0_EEEPNS4_14compute_traitsIXT0_EE4typeE
    0 bytes stack frame, 0 bytes spill stores, 0 bytes spill loads
ptxas info    : Used 20 registers, used 1 barriers
ptxas info    : Compile time = 4.025 ms
ptxas info    : Compiling entry function '_ZN3aut12lns_strategy17dot_thread_kernelINS_3lns7lns4_r1ELNS_8bitwidth12compute_kindE1ELNS4_14storage_layoutE1ELi1ELNS0_12decoder_kindE1ELNS0_13multiply_kindE1EEEvNS0_12storage_viewIT_XT1_EEESB_mNS0_12table_bundleIXT0_EEEPNS4_14compute_traitsIXT0_EE4typeE' for 'sm_90'
ptxas info    : Function properties for _ZN3aut12lns_strategy17dot_thread_kernelINS_3lns7lns4_r1ELNS_8bitwidth12compute_kindE1ELNS4_14storage_layoutE1ELi1ELNS0_12decoder_kindE1ELNS0_13multiply_kindE1EEEvNS0_12storage_viewIT_XT1_EEESB_mNS0_12table_bundleIXT0_EEEPNS4_14compute_traitsIXT0_EE4typeE
    0 bytes stack frame, 0 bytes spill stores, 0 bytes spill loads
ptxas info    : Used 22 registers, used 1 barriers
ptxas info    : Compile time = 3.882 ms
ptxas info    : Compiling entry function '_ZN3aut12lns_strategy18gemv_thread_kernelINS_3lns7lns4_r1ELNS_8bitwidth12compute_kindE1ELNS4_14storage_layoutE0ELi1ELNS0_12decoder_kindE1ELNS0_13multiply_kindE1EEEvNS0_12storage_viewIT_XT1_EEESB_mmNS0_12table_bundleIXT0_EEEPNS4_14compute_traitsIXT0_EE4typeE' for 'sm_90'
ptxas info    : Function properties for _ZN3aut12lns_strategy18gemv_thread_kernelINS_3lns7lns4_r1ELNS_8bitwidth12compute_kindE1ELNS4_14storage_layoutE0ELi1ELNS0_12decoder_kindE1ELNS0_13multiply_kindE1EEEvNS0_12storage_viewIT_XT1_EEESB_mmNS0_12table_bundleIXT0_EEEPNS4_14compute_traitsIXT0_EE4typeE
    0 bytes stack frame, 0 bytes spill stores, 0 bytes spill loads
ptxas info    : Used 21 registers, used 1 barriers
ptxas info    : Compile time = 4.409 ms
ptxas info    : Compiling entry function '_ZN3aut12lns_strategy17dot_thread_kernelINS_3lns7lns4_r1ELNS_8bitwidth12compute_kindE1ELNS4_14storage_layoutE0ELi1ELNS0_12decoder_kindE1ELNS0_13multiply_kindE1EEEvNS0_12storage_viewIT_XT1_EEESB_mNS0_12table_bundleIXT0_EEEPNS4_14compute_traitsIXT0_EE4typeE' for 'sm_90'
ptxas info    : Function properties for _ZN3aut12lns_strategy17dot_thread_kernelINS_3lns7lns4_r1ELNS_8bitwidth12compute_kindE1ELNS4_14storage_layoutE0ELi1ELNS0_12decoder_kindE1ELNS0_13multiply_kindE1EEEvNS0_12storage_viewIT_XT1_EEESB_mNS0_12table_bundleIXT0_EEEPNS4_14compute_traitsIXT0_EE4typeE
    0 bytes stack frame, 0 bytes spill stores, 0 bytes spill loads
ptxas info    : Used 23 registers, used 1 barriers
ptxas info    : Compile time = 4.283 ms
ptxas info    : Compiling entry function '_ZN3aut12lns_strategy23gemv_cooperative_kernelINS_3lns7lns4_r1ELNS_8bitwidth12compute_kindE1ELNS0_12decoder_kindE1ELNS0_13multiply_kindE0EEEvPKjS9_mmNS0_12table_bundleIXT0_EEEPNS4_14compute_traitsIXT0_EE4typeE' for 'sm_90'
ptxas info    : Function properties for _ZN3aut12lns_strategy23gemv_cooperative_kernelINS_3lns7lns4_r1ELNS_8bitwidth12compute_kindE1ELNS0_12decoder_kindE1ELNS0_13multiply_kindE0EEEvPKjS9_mmNS0_12table_bundleIXT0_EEEPNS4_14compute_traitsIXT0_EE4typeE
    0 bytes stack frame, 0 bytes spill stores, 0 bytes spill loads
ptxas info    : Used 26 registers, used 1 barriers
ptxas info    : Compile time = 5.223 ms
ptxas info    : Compiling entry function '_ZN3aut12lns_strategy22dot_cooperative_kernelINS_3lns7lns4_r1ELNS_8bitwidth12compute_kindE1ELNS0_12decoder_kindE1ELNS0_13multiply_kindE0EEEvPKjS9_mNS0_12table_bundleIXT0_EEEPNS4_14compute_traitsIXT0_EE4typeE' for 'sm_90'
ptxas info    : Function properties for _ZN3aut12lns_strategy22dot_cooperative_kernelINS_3lns7lns4_r1ELNS_8bitwidth12compute_kindE1ELNS0_12decoder_kindE1ELNS0_13multiply_kindE0EEEvPKjS9_mNS0_12table_bundleIXT0_EEEPNS4_14compute_traitsIXT0_EE4typeE
    0 bytes stack frame, 0 bytes spill stores, 0 bytes spill loads
ptxas info    : Used 24 registers, used 1 barriers
ptxas info    : Compile time = 5.073 ms
ptxas info    : Compiling entry function '_ZN3aut12lns_strategy18gemv_thread_kernelINS_3lns7lns4_r1ELNS_8bitwidth12compute_kindE1ELNS4_14storage_layoutE1ELi8ELNS0_12decoder_kindE1ELNS0_13multiply_kindE0EEEvNS0_12storage_viewIT_XT1_EEESB_mmNS0_12table_bundleIXT0_EEEPNS4_14compute_traitsIXT0_EE4typeE' for 'sm_90'
ptxas info    : Function properties for _ZN3aut12lns_strategy18gemv_thread_kernelINS_3lns7lns4_r1ELNS_8bitwidth12compute_kindE1ELNS4_14storage_layoutE1ELi8ELNS0_12decoder_kindE1ELNS0_13multiply_kindE0EEEvNS0_12storage_viewIT_XT1_EEESB_mmNS0_12table_bundleIXT0_EEEPNS4_14compute_traitsIXT0_EE4typeE
    0 bytes stack frame, 0 bytes spill stores, 0 bytes spill loads
ptxas info    : Used 33 registers, used 1 barriers
ptxas info    : Compile time = 10.288 ms
ptxas info    : Compiling entry function '_ZN3aut12lns_strategy17dot_thread_kernelINS_3lns7lns4_r1ELNS_8bitwidth12compute_kindE1ELNS4_14storage_layoutE1ELi8ELNS0_12decoder_kindE1ELNS0_13multiply_kindE0EEEvNS0_12storage_viewIT_XT1_EEESB_mNS0_12table_bundleIXT0_EEEPNS4_14compute_traitsIXT0_EE4typeE' for 'sm_90'
ptxas info    : Function properties for _ZN3aut12lns_strategy17dot_thread_kernelINS_3lns7lns4_r1ELNS_8bitwidth12compute_kindE1ELNS4_14storage_layoutE1ELi8ELNS0_12decoder_kindE1ELNS0_13multiply_kindE0EEEvNS0_12storage_viewIT_XT1_EEESB_mNS0_12table_bundleIXT0_EEEPNS4_14compute_traitsIXT0_EE4typeE
    0 bytes stack frame, 0 bytes spill stores, 0 bytes spill loads
ptxas info    : Used 38 registers, used 1 barriers
ptxas info    : Compile time = 10.340 ms
ptxas info    : Compiling entry function '_ZN3aut12lns_strategy18gemv_thread_kernelINS_3lns7lns4_r1ELNS_8bitwidth12compute_kindE1ELNS4_14storage_layoutE1ELi4ELNS0_12decoder_kindE1ELNS0_13multiply_kindE0EEEvNS0_12storage_viewIT_XT1_EEESB_mmNS0_12table_bundleIXT0_EEEPNS4_14compute_traitsIXT0_EE4typeE' for 'sm_90'
ptxas info    : Function properties for _ZN3aut12lns_strategy18gemv_thread_kernelINS_3lns7lns4_r1ELNS_8bitwidth12compute_kindE1ELNS4_14storage_layoutE1ELi4ELNS0_12decoder_kindE1ELNS0_13multiply_kindE0EEEvNS0_12storage_viewIT_XT1_EEESB_mmNS0_12table_bundleIXT0_EEEPNS4_14compute_traitsIXT0_EE4typeE
    0 bytes stack frame, 0 bytes spill stores, 0 bytes spill loads
ptxas info    : Used 27 registers, used 1 barriers
ptxas info    : Compile time = 6.617 ms
ptxas info    : Compiling entry function '_ZN3aut12lns_strategy17dot_thread_kernelINS_3lns7lns4_r1ELNS_8bitwidth12compute_kindE1ELNS4_14storage_layoutE1ELi4ELNS0_12decoder_kindE1ELNS0_13multiply_kindE0EEEvNS0_12storage_viewIT_XT1_EEESB_mNS0_12table_bundleIXT0_EEEPNS4_14compute_traitsIXT0_EE4typeE' for 'sm_90'
ptxas info    : Function properties for _ZN3aut12lns_strategy17dot_thread_kernelINS_3lns7lns4_r1ELNS_8bitwidth12compute_kindE1ELNS4_14storage_layoutE1ELi4ELNS0_12decoder_kindE1ELNS0_13multiply_kindE0EEEvNS0_12storage_viewIT_XT1_EEESB_mNS0_12table_bundleIXT0_EEEPNS4_14compute_traitsIXT0_EE4typeE
    0 bytes stack frame, 0 bytes spill stores, 0 bytes spill loads
ptxas info    : Used 30 registers, used 1 barriers
ptxas info    : Compile time = 6.721 ms
ptxas info    : Compiling entry function '_ZN3aut12lns_strategy18gemv_thread_kernelINS_3lns7lns4_r1ELNS_8bitwidth12compute_kindE1ELNS4_14storage_layoutE1ELi2ELNS0_12decoder_kindE1ELNS0_13multiply_kindE0EEEvNS0_12storage_viewIT_XT1_EEESB_mmNS0_12table_bundleIXT0_EEEPNS4_14compute_traitsIXT0_EE4typeE' for 'sm_90'
ptxas info    : Function properties for _ZN3aut12lns_strategy18gemv_thread_kernelINS_3lns7lns4_r1ELNS_8bitwidth12compute_kindE1ELNS4_14storage_layoutE1ELi2ELNS0_12decoder_kindE1ELNS0_13multiply_kindE0EEEvNS0_12storage_viewIT_XT1_EEESB_mmNS0_12table_bundleIXT0_EEEPNS4_14compute_traitsIXT0_EE4typeE
    0 bytes stack frame, 0 bytes spill stores, 0 bytes spill loads
ptxas info    : Used 23 registers, used 1 barriers
ptxas info    : Compile time = 4.834 ms
ptxas info    : Compiling entry function '_ZN3aut12lns_strategy17dot_thread_kernelINS_3lns7lns4_r1ELNS_8bitwidth12compute_kindE1ELNS4_14storage_layoutE1ELi2ELNS0_12decoder_kindE1ELNS0_13multiply_kindE0EEEvNS0_12storage_viewIT_XT1_EEESB_mNS0_12table_bundleIXT0_EEEPNS4_14compute_traitsIXT0_EE4typeE' for 'sm_90'
ptxas info    : Function properties for _ZN3aut12lns_strategy17dot_thread_kernelINS_3lns7lns4_r1ELNS_8bitwidth12compute_kindE1ELNS4_14storage_layoutE1ELi2ELNS0_12decoder_kindE1ELNS0_13multiply_kindE0EEEvNS0_12storage_viewIT_XT1_EEESB_mNS0_12table_bundleIXT0_EEEPNS4_14compute_traitsIXT0_EE4typeE
    0 bytes stack frame, 0 bytes spill stores, 0 bytes spill loads
ptxas info    : Used 29 registers, used 1 barriers
ptxas info    : Compile time = 4.886 ms
ptxas info    : Compiling entry function '_ZN3aut12lns_strategy18gemv_thread_kernelINS_3lns7lns4_r1ELNS_8bitwidth12compute_kindE1ELNS4_14storage_layoutE0ELi8ELNS0_12decoder_kindE1ELNS0_13multiply_kindE0EEEvNS0_12storage_viewIT_XT1_EEESB_mmNS0_12table_bundleIXT0_EEEPNS4_14compute_traitsIXT0_EE4typeE' for 'sm_90'
ptxas info    : Function properties for _ZN3aut12lns_strategy18gemv_thread_kernelINS_3lns7lns4_r1ELNS_8bitwidth12compute_kindE1ELNS4_14storage_layoutE0ELi8ELNS0_12decoder_kindE1ELNS0_13multiply_kindE0EEEvNS0_12storage_viewIT_XT1_EEESB_mmNS0_12table_bundleIXT0_EEEPNS4_14compute_traitsIXT0_EE4typeE
    0 bytes stack frame, 0 bytes spill stores, 0 bytes spill loads
ptxas info    : Used 48 registers, used 1 barriers
ptxas info    : Compile time = 13.781 ms
ptxas info    : Compiling entry function '_ZN3aut12lns_strategy17dot_thread_kernelINS_3lns7lns4_r1ELNS_8bitwidth12compute_kindE1ELNS4_14storage_layoutE0ELi8ELNS0_12decoder_kindE1ELNS0_13multiply_kindE0EEEvNS0_12storage_viewIT_XT1_EEESB_mNS0_12table_bundleIXT0_EEEPNS4_14compute_traitsIXT0_EE4typeE' for 'sm_90'
ptxas info    : Function properties for _ZN3aut12lns_strategy17dot_thread_kernelINS_3lns7lns4_r1ELNS_8bitwidth12compute_kindE1ELNS4_14storage_layoutE0ELi8ELNS0_12decoder_kindE1ELNS0_13multiply_kindE0EEEvNS0_12storage_viewIT_XT1_EEESB_mNS0_12table_bundleIXT0_EEEPNS4_14compute_traitsIXT0_EE4typeE
    0 bytes stack frame, 0 bytes spill stores, 0 bytes spill loads
ptxas info    : Used 52 registers, used 1 barriers
ptxas info    : Compile time = 11.144 ms
ptxas info    : Compiling entry function '_ZN3aut12lns_strategy18gemv_thread_kernelINS_3lns7lns4_r1ELNS_8bitwidth12compute_kindE1ELNS4_14storage_layoutE0ELi4ELNS0_12decoder_kindE1ELNS0_13multiply_kindE0EEEvNS0_12storage_viewIT_XT1_EEESB_mmNS0_12table_bundleIXT0_EEEPNS4_14compute_traitsIXT0_EE4typeE' for 'sm_90'
ptxas info    : Function properties for _ZN3aut12lns_strategy18gemv_thread_kernelINS_3lns7lns4_r1ELNS_8bitwidth12compute_kindE1ELNS4_14storage_layoutE0ELi4ELNS0_12decoder_kindE1ELNS0_13multiply_kindE0EEEvNS0_12storage_viewIT_XT1_EEESB_mmNS0_12table_bundleIXT0_EEEPNS4_14compute_traitsIXT0_EE4typeE
    0 bytes stack frame, 0 bytes spill stores, 0 bytes spill loads
ptxas info    : Used 32 registers, used 1 barriers
ptxas info    : Compile time = 8.682 ms
ptxas info    : Compiling entry function '_ZN3aut12lns_strategy17dot_thread_kernelINS_3lns7lns4_r1ELNS_8bitwidth12compute_kindE1ELNS4_14storage_layoutE0ELi4ELNS0_12decoder_kindE1ELNS0_13multiply_kindE0EEEvNS0_12storage_viewIT_XT1_EEESB_mNS0_12table_bundleIXT0_EEEPNS4_14compute_traitsIXT0_EE4typeE' for 'sm_90'
ptxas info    : Function properties for _ZN3aut12lns_strategy17dot_thread_kernelINS_3lns7lns4_r1ELNS_8bitwidth12compute_kindE1ELNS4_14storage_layoutE0ELi4ELNS0_12decoder_kindE1ELNS0_13multiply_kindE0EEEvNS0_12storage_viewIT_XT1_EEESB_mNS0_12table_bundleIXT0_EEEPNS4_14compute_traitsIXT0_EE4typeE
    0 bytes stack frame, 0 bytes spill stores, 0 bytes spill loads
ptxas info    : Used 32 registers, used 1 barriers
ptxas info    : Compile time = 8.478 ms
ptxas info    : Compiling entry function '_ZN3aut12lns_strategy18gemv_thread_kernelINS_3lns7lns4_r1ELNS_8bitwidth12compute_kindE1ELNS4_14storage_layoutE0ELi2ELNS0_12decoder_kindE1ELNS0_13multiply_kindE0EEEvNS0_12storage_viewIT_XT1_EEESB_mmNS0_12table_bundleIXT0_EEEPNS4_14compute_traitsIXT0_EE4typeE' for 'sm_90'
ptxas info    : Function properties for _ZN3aut12lns_strategy18gemv_thread_kernelINS_3lns7lns4_r1ELNS_8bitwidth12compute_kindE1ELNS4_14storage_layoutE0ELi2ELNS0_12decoder_kindE1ELNS0_13multiply_kindE0EEEvNS0_12storage_viewIT_XT1_EEESB_mmNS0_12table_bundleIXT0_EEEPNS4_14compute_traitsIXT0_EE4typeE
    0 bytes stack frame, 0 bytes spill stores, 0 bytes spill loads
ptxas info    : Used 32 registers, used 1 barriers
ptxas info    : Compile time = 5.856 ms
ptxas info    : Compiling entry function '_ZN3aut12lns_strategy17dot_thread_kernelINS_3lns7lns4_r1ELNS_8bitwidth12compute_kindE1ELNS4_14storage_layoutE0ELi2ELNS0_12decoder_kindE1ELNS0_13multiply_kindE0EEEvNS0_12storage_viewIT_XT1_EEESB_mNS0_12table_bundleIXT0_EEEPNS4_14compute_traitsIXT0_EE4typeE' for 'sm_90'
ptxas info    : Function properties for _ZN3aut12lns_strategy17dot_thread_kernelINS_3lns7lns4_r1ELNS_8bitwidth12compute_kindE1ELNS4_14storage_layoutE0ELi2ELNS0_12decoder_kindE1ELNS0_13multiply_kindE0EEEvNS0_12storage_viewIT_XT1_EEESB_mNS0_12table_bundleIXT0_EEEPNS4_14compute_traitsIXT0_EE4typeE
    0 bytes stack frame, 0 bytes spill stores, 0 bytes spill loads
ptxas info    : Used 32 registers, used 1 barriers
ptxas info    : Compile time = 5.692 ms
ptxas info    : Compiling entry function '_ZN3aut12lns_strategy18gemv_thread_kernelINS_3lns7lns4_r1ELNS_8bitwidth12compute_kindE1ELNS4_14storage_layoutE1ELi1ELNS0_12decoder_kindE1ELNS0_13multiply_kindE0EEEvNS0_12storage_viewIT_XT1_EEESB_mmNS0_12table_bundleIXT0_EEEPNS4_14compute_traitsIXT0_EE4typeE' for 'sm_90'
ptxas info    : Function properties for _ZN3aut12lns_strategy18gemv_thread_kernelINS_3lns7lns4_r1ELNS_8bitwidth12compute_kindE1ELNS4_14storage_layoutE1ELi1ELNS0_12decoder_kindE1ELNS0_13multiply_kindE0EEEvNS0_12storage_viewIT_XT1_EEESB_mmNS0_12table_bundleIXT0_EEEPNS4_14compute_traitsIXT0_EE4typeE
    0 bytes stack frame, 0 bytes spill stores, 0 bytes spill loads
ptxas info    : Used 20 registers, used 1 barriers
ptxas info    : Compile time = 3.755 ms
ptxas info    : Compiling entry function '_ZN3aut12lns_strategy17dot_thread_kernelINS_3lns7lns4_r1ELNS_8bitwidth12compute_kindE1ELNS4_14storage_layoutE1ELi1ELNS0_12decoder_kindE1ELNS0_13multiply_kindE0EEEvNS0_12storage_viewIT_XT1_EEESB_mNS0_12table_bundleIXT0_EEEPNS4_14compute_traitsIXT0_EE4typeE' for 'sm_90'
ptxas info    : Function properties for _ZN3aut12lns_strategy17dot_thread_kernelINS_3lns7lns4_r1ELNS_8bitwidth12compute_kindE1ELNS4_14storage_layoutE1ELi1ELNS0_12decoder_kindE1ELNS0_13multiply_kindE0EEEvNS0_12storage_viewIT_XT1_EEESB_mNS0_12table_bundleIXT0_EEEPNS4_14compute_traitsIXT0_EE4typeE
    0 bytes stack frame, 0 bytes spill stores, 0 bytes spill loads
ptxas info    : Used 22 registers, used 1 barriers
ptxas info    : Compile time = 3.606 ms
ptxas info    : Compiling entry function '_ZN3aut12lns_strategy18gemv_thread_kernelINS_3lns7lns4_r1ELNS_8bitwidth12compute_kindE1ELNS4_14storage_layoutE0ELi1ELNS0_12decoder_kindE1ELNS0_13multiply_kindE0EEEvNS0_12storage_viewIT_XT1_EEESB_mmNS0_12table_bundleIXT0_EEEPNS4_14compute_traitsIXT0_EE4typeE' for 'sm_90'
ptxas info    : Function properties for _ZN3aut12lns_strategy18gemv_thread_kernelINS_3lns7lns4_r1ELNS_8bitwidth12compute_kindE1ELNS4_14storage_layoutE0ELi1ELNS0_12decoder_kindE1ELNS0_13multiply_kindE0EEEvNS0_12storage_viewIT_XT1_EEESB_mmNS0_12table_bundleIXT0_EEEPNS4_14compute_traitsIXT0_EE4typeE
    0 bytes stack frame, 0 bytes spill stores, 0 bytes spill loads
ptxas info    : Used 21 registers, used 1 barriers
ptxas info    : Compile time = 4.049 ms
ptxas info    : Compiling entry function '_ZN3aut12lns_strategy17dot_thread_kernelINS_3lns7lns4_r1ELNS_8bitwidth12compute_kindE1ELNS4_14storage_layoutE0ELi1ELNS0_12decoder_kindE1ELNS0_13multiply_kindE0EEEvNS0_12storage_viewIT_XT1_EEESB_mNS0_12table_bundleIXT0_EEEPNS4_14compute_traitsIXT0_EE4typeE' for 'sm_90'
ptxas info    : Function properties for _ZN3aut12lns_strategy17dot_thread_kernelINS_3lns7lns4_r1ELNS_8bitwidth12compute_kindE1ELNS4_14storage_layoutE0ELi1ELNS0_12decoder_kindE1ELNS0_13multiply_kindE0EEEvNS0_12storage_viewIT_XT1_EEESB_mNS0_12table_bundleIXT0_EEEPNS4_14compute_traitsIXT0_EE4typeE
    0 bytes stack frame, 0 bytes spill stores, 0 bytes spill loads
ptxas info    : Used 23 registers, used 1 barriers
ptxas info    : Compile time = 3.861 ms
ptxas info    : Compiling entry function '_ZN3aut12lns_strategy18gemv_thread_kernelINS_3lns7lns4_r1ELNS_8bitwidth12compute_kindE1ELNS4_14storage_layoutE1ELi1ELNS0_12decoder_kindE0ELNS0_13multiply_kindE1EEEvNS0_12storage_viewIT_XT1_EEESB_mmNS0_12table_bundleIXT0_EEEPNS4_14compute_traitsIXT0_EE4typeE' for 'sm_90'
ptxas info    : Function properties for _ZN3aut12lns_strategy18gemv_thread_kernelINS_3lns7lns4_r1ELNS_8bitwidth12compute_kindE1ELNS4_14storage_layoutE1ELi1ELNS0_12decoder_kindE0ELNS0_13multiply_kindE1EEEvNS0_12storage_viewIT_XT1_EEESB_mmNS0_12table_bundleIXT0_EEEPNS4_14compute_traitsIXT0_EE4typeE
    0 bytes stack frame, 0 bytes spill stores, 0 bytes spill loads
ptxas info    : Used 22 registers, used 1 barriers
ptxas info    : Compile time = 5.019 ms
ptxas info    : Compiling entry function '_ZN3aut12lns_strategy17dot_thread_kernelINS_3lns7lns4_r1ELNS_8bitwidth12compute_kindE1ELNS4_14storage_layoutE1ELi1ELNS0_12decoder_kindE0ELNS0_13multiply_kindE1EEEvNS0_12storage_viewIT_XT1_EEESB_mNS0_12table_bundleIXT0_EEEPNS4_14compute_traitsIXT0_EE4typeE' for 'sm_90'
ptxas info    : Function properties for _ZN3aut12lns_strategy17dot_thread_kernelINS_3lns7lns4_r1ELNS_8bitwidth12compute_kindE1ELNS4_14storage_layoutE1ELi1ELNS0_12decoder_kindE0ELNS0_13multiply_kindE1EEEvNS0_12storage_viewIT_XT1_EEESB_mNS0_12table_bundleIXT0_EEEPNS4_14compute_traitsIXT0_EE4typeE
    0 bytes stack frame, 0 bytes spill stores, 0 bytes spill loads
ptxas info    : Used 24 registers, used 1 barriers
ptxas info    : Compile time = 4.864 ms
ptxas info    : Compiling entry function '_ZN3aut12lns_strategy18gemv_thread_kernelINS_3lns7lns4_r1ELNS_8bitwidth12compute_kindE1ELNS4_14storage_layoutE0ELi1ELNS0_12decoder_kindE0ELNS0_13multiply_kindE1EEEvNS0_12storage_viewIT_XT1_EEESB_mmNS0_12table_bundleIXT0_EEEPNS4_14compute_traitsIXT0_EE4typeE' for 'sm_90'
ptxas info    : Function properties for _ZN3aut12lns_strategy18gemv_thread_kernelINS_3lns7lns4_r1ELNS_8bitwidth12compute_kindE1ELNS4_14storage_layoutE0ELi1ELNS0_12decoder_kindE0ELNS0_13multiply_kindE1EEEvNS0_12storage_viewIT_XT1_EEESB_mmNS0_12table_bundleIXT0_EEEPNS4_14compute_traitsIXT0_EE4typeE
    0 bytes stack frame, 0 bytes spill stores, 0 bytes spill loads
ptxas info    : Used 22 registers, used 1 barriers
ptxas info    : Compile time = 5.453 ms
ptxas info    : Compiling entry function '_ZN3aut12lns_strategy17dot_thread_kernelINS_3lns7lns4_r1ELNS_8bitwidth12compute_kindE1ELNS4_14storage_layoutE0ELi1ELNS0_12decoder_kindE0ELNS0_13multiply_kindE1EEEvNS0_12storage_viewIT_XT1_EEESB_mNS0_12table_bundleIXT0_EEEPNS4_14compute_traitsIXT0_EE4typeE' for 'sm_90'
ptxas info    : Function properties for _ZN3aut12lns_strategy17dot_thread_kernelINS_3lns7lns4_r1ELNS_8bitwidth12compute_kindE1ELNS4_14storage_layoutE0ELi1ELNS0_12decoder_kindE0ELNS0_13multiply_kindE1EEEvNS0_12storage_viewIT_XT1_EEESB_mNS0_12table_bundleIXT0_EEEPNS4_14compute_traitsIXT0_EE4typeE
    0 bytes stack frame, 0 bytes spill stores, 0 bytes spill loads
ptxas info    : Used 23 registers, used 1 barriers
ptxas info    : Compile time = 5.250 ms
ptxas info    : Compiling entry function '_ZN3aut12lns_strategy18gemv_thread_kernelINS_3lns7lns4_r1ELNS_8bitwidth12compute_kindE1ELNS4_14storage_layoutE1ELi1ELNS0_12decoder_kindE0ELNS0_13multiply_kindE0EEEvNS0_12storage_viewIT_XT1_EEESB_mmNS0_12table_bundleIXT0_EEEPNS4_14compute_traitsIXT0_EE4typeE' for 'sm_90'
ptxas info    : Function properties for _ZN3aut12lns_strategy18gemv_thread_kernelINS_3lns7lns4_r1ELNS_8bitwidth12compute_kindE1ELNS4_14storage_layoutE1ELi1ELNS0_12decoder_kindE0ELNS0_13multiply_kindE0EEEvNS0_12storage_viewIT_XT1_EEESB_mmNS0_12table_bundleIXT0_EEEPNS4_14compute_traitsIXT0_EE4typeE
    0 bytes stack frame, 0 bytes spill stores, 0 bytes spill loads
ptxas info    : Used 22 registers, used 1 barriers
ptxas info    : Compile time = 5.585 ms
ptxas info    : Compiling entry function '_ZN3aut12lns_strategy17dot_thread_kernelINS_3lns7lns4_r1ELNS_8bitwidth12compute_kindE1ELNS4_14storage_layoutE1ELi1ELNS0_12decoder_kindE0ELNS0_13multiply_kindE0EEEvNS0_12storage_viewIT_XT1_EEESB_mNS0_12table_bundleIXT0_EEEPNS4_14compute_traitsIXT0_EE4typeE' for 'sm_90'
ptxas info    : Function properties for _ZN3aut12lns_strategy17dot_thread_kernelINS_3lns7lns4_r1ELNS_8bitwidth12compute_kindE1ELNS4_14storage_layoutE1ELi1ELNS0_12decoder_kindE0ELNS0_13multiply_kindE0EEEvNS0_12storage_viewIT_XT1_EEESB_mNS0_12table_bundleIXT0_EEEPNS4_14compute_traitsIXT0_EE4typeE
    0 bytes stack frame, 0 bytes spill stores, 0 bytes spill loads
ptxas info    : Used 24 registers, used 1 barriers
ptxas info    : Compile time = 5.437 ms
ptxas info    : Compiling entry function '_ZN3aut12lns_strategy18gemv_thread_kernelINS_3lns7lns4_r1ELNS_8bitwidth12compute_kindE1ELNS4_14storage_layoutE0ELi1ELNS0_12decoder_kindE0ELNS0_13multiply_kindE0EEEvNS0_12storage_viewIT_XT1_EEESB_mmNS0_12table_bundleIXT0_EEEPNS4_14compute_traitsIXT0_EE4typeE' for 'sm_90'
ptxas info    : Function properties for _ZN3aut12lns_strategy18gemv_thread_kernelINS_3lns7lns4_r1ELNS_8bitwidth12compute_kindE1ELNS4_14storage_layoutE0ELi1ELNS0_12decoder_kindE0ELNS0_13multiply_kindE0EEEvNS0_12storage_viewIT_XT1_EEESB_mmNS0_12table_bundleIXT0_EEEPNS4_14compute_traitsIXT0_EE4typeE
    0 bytes stack frame, 0 bytes spill stores, 0 bytes spill loads
ptxas info    : Used 22 registers, used 1 barriers
ptxas info    : Compile time = 6.005 ms
ptxas info    : Compiling entry function '_ZN3aut12lns_strategy19finalize_dot_kernelIdEEvPKT_mPS2_' for 'sm_90'
ptxas info    : Function properties for _ZN3aut12lns_strategy19finalize_dot_kernelIdEEvPKT_mPS2_
    0 bytes stack frame, 0 bytes spill stores, 0 bytes spill loads
ptxas info    : Used 12 registers, used 1 barriers, 2048 bytes smem
ptxas info    : Compile time = 2.109 ms
ptxas info    : Compiling entry function '_ZN3aut12lns_strategy17dot_thread_kernelINS_3lns7lns4_r1ELNS_8bitwidth12compute_kindE1ELNS4_14storage_layoutE0ELi1ELNS0_12decoder_kindE0ELNS0_13multiply_kindE0EEEvNS0_12storage_viewIT_XT1_EEESB_mNS0_12table_bundleIXT0_EEEPNS4_14compute_traitsIXT0_EE4typeE' for 'sm_90'
ptxas info    : Function properties for _ZN3aut12lns_strategy17dot_thread_kernelINS_3lns7lns4_r1ELNS_8bitwidth12compute_kindE1ELNS4_14storage_layoutE0ELi1ELNS0_12decoder_kindE0ELNS0_13multiply_kindE0EEEvNS0_12storage_viewIT_XT1_EEESB_mNS0_12table_bundleIXT0_EEEPNS4_14compute_traitsIXT0_EE4typeE
    0 bytes stack frame, 0 bytes spill stores, 0 bytes spill loads
ptxas info    : Used 24 registers, used 1 barriers
ptxas info    : Compile time = 5.766 ms
ptxas info    : Compiling entry function '_ZN3aut12lns_strategy22validate_decode_kernelINS_3lns7lns4_r1ELNS_8bitwidth12compute_kindE1ELNS0_12decoder_kindE6EEEvPKjmNS0_12table_bundleIXT0_EEEPNS4_14compute_traitsIXT0_EE4typeE' for 'sm_90'
ptxas info    : Function properties for _ZN3aut12lns_strategy22validate_decode_kernelINS_3lns7lns4_r1ELNS_8bitwidth12compute_kindE1ELNS0_12decoder_kindE6EEEvPKjmNS0_12table_bundleIXT0_EEEPNS4_14compute_traitsIXT0_EE4typeE
    0 bytes stack frame, 0 bytes spill stores, 0 bytes spill loads
ptxas info    : Used 21 registers, used 0 barriers
ptxas info    : Compile time = 3.911 ms
ptxas info    : Compiling entry function '_ZN3aut12lns_strategy22validate_decode_kernelINS_3lns7lns4_r1ELNS_8bitwidth12compute_kindE1ELNS0_12decoder_kindE5EEEvPKjmNS0_12table_bundleIXT0_EEEPNS4_14compute_traitsIXT0_EE4typeE' for 'sm_90'
ptxas info    : Function properties for _ZN3aut12lns_strategy22validate_decode_kernelINS_3lns7lns4_r1ELNS_8bitwidth12compute_kindE1ELNS0_12decoder_kindE5EEEvPKjmNS0_12table_bundleIXT0_EEEPNS4_14compute_traitsIXT0_EE4typeE
    0 bytes stack frame, 0 bytes spill stores, 0 bytes spill loads
ptxas info    : Used 14 registers, used 1 barriers
ptxas info    : Compile time = 3.561 ms
ptxas info    : Compiling entry function '_ZN3aut12lns_strategy22validate_decode_kernelINS_3lns7lns4_r1ELNS_8bitwidth12compute_kindE1ELNS0_12decoder_kindE4EEEvPKjmNS0_12table_bundleIXT0_EEEPNS4_14compute_traitsIXT0_EE4typeE' for 'sm_90'
ptxas info    : Function properties for _ZN3aut12lns_strategy22validate_decode_kernelINS_3lns7lns4_r1ELNS_8bitwidth12compute_kindE1ELNS0_12decoder_kindE4EEEvPKjmNS0_12table_bundleIXT0_EEEPNS4_14compute_traitsIXT0_EE4typeE
    0 bytes stack frame, 0 bytes spill stores, 0 bytes spill loads
ptxas info    : Used 16 registers, used 0 barriers
ptxas info    : Compile time = 3.005 ms
ptxas info    : Compiling entry function '_ZN3aut12lns_strategy22validate_decode_kernelINS_3lns7lns4_r1ELNS_8bitwidth12compute_kindE1ELNS0_12decoder_kindE3EEEvPKjmNS0_12table_bundleIXT0_EEEPNS4_14compute_traitsIXT0_EE4typeE' for 'sm_90'
ptxas info    : Function properties for _ZN3aut12lns_strategy22validate_decode_kernelINS_3lns7lns4_r1ELNS_8bitwidth12compute_kindE1ELNS0_12decoder_kindE3EEEvPKjmNS0_12table_bundleIXT0_EEEPNS4_14compute_traitsIXT0_EE4typeE
    0 bytes stack frame, 0 bytes spill stores, 0 bytes spill loads
ptxas info    : Used 14 registers, used 1 barriers
ptxas info    : Compile time = 2.153 ms
ptxas info    : Compiling entry function '_ZN3aut12lns_strategy22validate_decode_kernelINS_3lns7lns4_r1ELNS_8bitwidth12compute_kindE1ELNS0_12decoder_kindE2EEEvPKjmNS0_12table_bundleIXT0_EEEPNS4_14compute_traitsIXT0_EE4typeE' for 'sm_90'
ptxas info    : Function properties for _ZN3aut12lns_strategy22validate_decode_kernelINS_3lns7lns4_r1ELNS_8bitwidth12compute_kindE1ELNS0_12decoder_kindE2EEEvPKjmNS0_12table_bundleIXT0_EEEPNS4_14compute_traitsIXT0_EE4typeE
    0 bytes stack frame, 0 bytes spill stores, 0 bytes spill loads
ptxas info    : Used 15 registers, used 0 barriers
ptxas info    : Compile time = 1.489 ms
ptxas info    : Compiling entry function '_ZN3aut12lns_strategy22validate_decode_kernelINS_3lns7lns4_r1ELNS_8bitwidth12compute_kindE1ELNS0_12decoder_kindE1EEEvPKjmNS0_12table_bundleIXT0_EEEPNS4_14compute_traitsIXT0_EE4typeE' for 'sm_90'
ptxas info    : Function properties for _ZN3aut12lns_strategy22validate_decode_kernelINS_3lns7lns4_r1ELNS_8bitwidth12compute_kindE1ELNS0_12decoder_kindE1EEEvPKjmNS0_12table_bundleIXT0_EEEPNS4_14compute_traitsIXT0_EE4typeE
    0 bytes stack frame, 0 bytes spill stores, 0 bytes spill loads
ptxas info    : Used 15 registers, used 0 barriers
ptxas info    : Compile time = 1.990 ms
ptxas info    : Compiling entry function '_ZN3aut12lns_strategy22validate_decode_kernelINS_3lns7lns4_r1ELNS_8bitwidth12compute_kindE1ELNS0_12decoder_kindE0EEEvPKjmNS0_12table_bundleIXT0_EEEPNS4_14compute_traitsIXT0_EE4typeE' for 'sm_90'
ptxas info    : Function properties for _ZN3aut12lns_strategy22validate_decode_kernelINS_3lns7lns4_r1ELNS_8bitwidth12compute_kindE1ELNS0_12decoder_kindE0EEEvPKjmNS0_12table_bundleIXT0_EEEPNS4_14compute_traitsIXT0_EE4typeE
    0 bytes stack frame, 0 bytes spill stores, 0 bytes spill loads
ptxas info    : Used 18 registers, used 0 barriers
ptxas info    : Compile time = 3.047 ms
ptxas info    : Compiling entry function '_ZN3aut12lns_strategy23gemv_cooperative_kernelINS_3lns7lns4_r1ELNS_8bitwidth12compute_kindE0ELNS0_12decoder_kindE13ELNS0_13multiply_kindE1EEEvPKjS9_mmNS0_12table_bundleIXT0_EEEPNS4_14compute_traitsIXT0_EE4typeE' for 'sm_90'
ptxas info    : Function properties for _ZN3aut12lns_strategy23gemv_cooperative_kernelINS_3lns7lns4_r1ELNS_8bitwidth12compute_kindE0ELNS0_12decoder_kindE13ELNS0_13multiply_kindE1EEEvPKjS9_mmNS0_12table_bundleIXT0_EEEPNS4_14compute_traitsIXT0_EE4typeE
    0 bytes stack frame, 0 bytes spill stores, 0 bytes spill loads
ptxas info    : Used 23 registers, used 1 barriers
ptxas info    : Compile time = 5.754 ms
ptxas info    : Compiling entry function '_ZN3aut12lns_strategy22dot_cooperative_kernelINS_3lns7lns4_r1ELNS_8bitwidth12compute_kindE0ELNS0_12decoder_kindE13ELNS0_13multiply_kindE1EEEvPKjS9_mNS0_12table_bundleIXT0_EEEPNS4_14compute_traitsIXT0_EE4typeE' for 'sm_90'
ptxas info    : Function properties for _ZN3aut12lns_strategy22dot_cooperative_kernelINS_3lns7lns4_r1ELNS_8bitwidth12compute_kindE0ELNS0_12decoder_kindE13ELNS0_13multiply_kindE1EEEvPKjS9_mNS0_12table_bundleIXT0_EEEPNS4_14compute_traitsIXT0_EE4typeE
    0 bytes stack frame, 0 bytes spill stores, 0 bytes spill loads
ptxas info    : Used 20 registers, used 1 barriers
ptxas info    : Compile time = 5.670 ms
ptxas info    : Compiling entry function '_ZN3aut12lns_strategy18gemv_thread_kernelINS_3lns7lns4_r1ELNS_8bitwidth12compute_kindE0ELNS4_14storage_layoutE1ELi8ELNS0_12decoder_kindE13ELNS0_13multiply_kindE1EEEvNS0_12storage_viewIT_XT1_EEESB_mmNS0_12table_bundleIXT0_EEEPNS4_14compute_traitsIXT0_EE4typeE' for 'sm_90'
ptxas info    : Function properties for _ZN3aut12lns_strategy18gemv_thread_kernelINS_3lns7lns4_r1ELNS_8bitwidth12compute_kindE0ELNS4_14storage_layoutE1ELi8ELNS0_12decoder_kindE13ELNS0_13multiply_kindE1EEEvNS0_12storage_viewIT_XT1_EEESB_mmNS0_12table_bundleIXT0_EEEPNS4_14compute_traitsIXT0_EE4typeE
    0 bytes stack frame, 0 bytes spill stores, 0 bytes spill loads
ptxas info    : Used 29 registers, used 1 barriers
ptxas info    : Compile time = 11.332 ms
ptxas info    : Compiling entry function '_ZN3aut12lns_strategy17dot_thread_kernelINS_3lns7lns4_r1ELNS_8bitwidth12compute_kindE0ELNS4_14storage_layoutE1ELi8ELNS0_12decoder_kindE13ELNS0_13multiply_kindE1EEEvNS0_12storage_viewIT_XT1_EEESB_mNS0_12table_bundleIXT0_EEEPNS4_14compute_traitsIXT0_EE4typeE' for 'sm_90'
ptxas info    : Function properties for _ZN3aut12lns_strategy17dot_thread_kernelINS_3lns7lns4_r1ELNS_8bitwidth12compute_kindE0ELNS4_14storage_layoutE1ELi8ELNS0_12decoder_kindE13ELNS0_13multiply_kindE1EEEvNS0_12storage_viewIT_XT1_EEESB_mNS0_12table_bundleIXT0_EEEPNS4_14compute_traitsIXT0_EE4typeE
    0 bytes stack frame, 0 bytes spill stores, 0 bytes spill loads
ptxas info    : Used 36 registers, used 1 barriers
ptxas info    : Compile time = 11.370 ms
ptxas info    : Compiling entry function '_ZN3aut12lns_strategy18gemv_thread_kernelINS_3lns7lns4_r1ELNS_8bitwidth12compute_kindE0ELNS4_14storage_layoutE1ELi4ELNS0_12decoder_kindE13ELNS0_13multiply_kindE1EEEvNS0_12storage_viewIT_XT1_EEESB_mmNS0_12table_bundleIXT0_EEEPNS4_14compute_traitsIXT0_EE4typeE' for 'sm_90'
ptxas info    : Function properties for _ZN3aut12lns_strategy18gemv_thread_kernelINS_3lns7lns4_r1ELNS_8bitwidth12compute_kindE0ELNS4_14storage_layoutE1ELi4ELNS0_12decoder_kindE13ELNS0_13multiply_kindE1EEEvNS0_12storage_viewIT_XT1_EEESB_mmNS0_12table_bundleIXT0_EEEPNS4_14compute_traitsIXT0_EE4typeE
    0 bytes stack frame, 0 bytes spill stores, 0 bytes spill loads
ptxas info    : Used 23 registers, used 1 barriers
ptxas info    : Compile time = 7.442 ms
ptxas info    : Compiling entry function '_ZN3aut12lns_strategy17dot_thread_kernelINS_3lns7lns4_r1ELNS_8bitwidth12compute_kindE0ELNS4_14storage_layoutE1ELi4ELNS0_12decoder_kindE13ELNS0_13multiply_kindE1EEEvNS0_12storage_viewIT_XT1_EEESB_mNS0_12table_bundleIXT0_EEEPNS4_14compute_traitsIXT0_EE4typeE' for 'sm_90'
ptxas info    : Function properties for _ZN3aut12lns_strategy17dot_thread_kernelINS_3lns7lns4_r1ELNS_8bitwidth12compute_kindE0ELNS4_14storage_layoutE1ELi4ELNS0_12decoder_kindE13ELNS0_13multiply_kindE1EEEvNS0_12storage_viewIT_XT1_EEESB_mNS0_12table_bundleIXT0_EEEPNS4_14compute_traitsIXT0_EE4typeE
    0 bytes stack frame, 0 bytes spill stores, 0 bytes spill loads
ptxas info    : Used 30 registers, used 1 barriers
ptxas info    : Compile time = 7.448 ms
ptxas info    : Compiling entry function '_ZN3aut12lns_strategy18gemv_thread_kernelINS_3lns7lns4_r1ELNS_8bitwidth12compute_kindE0ELNS4_14storage_layoutE1ELi2ELNS0_12decoder_kindE13ELNS0_13multiply_kindE1EEEvNS0_12storage_viewIT_XT1_EEESB_mmNS0_12table_bundleIXT0_EEEPNS4_14compute_traitsIXT0_EE4typeE' for 'sm_90'
ptxas info    : Function properties for _ZN3aut12lns_strategy18gemv_thread_kernelINS_3lns7lns4_r1ELNS_8bitwidth12compute_kindE0ELNS4_14storage_layoutE1ELi2ELNS0_12decoder_kindE13ELNS0_13multiply_kindE1EEEvNS0_12storage_viewIT_XT1_EEESB_mmNS0_12table_bundleIXT0_EEEPNS4_14compute_traitsIXT0_EE4typeE
    0 bytes stack frame, 0 bytes spill stores, 0 bytes spill loads
ptxas info    : Used 19 registers, used 1 barriers
ptxas info    : Compile time = 5.585 ms
ptxas info    : Compiling entry function '_ZN3aut12lns_strategy17dot_thread_kernelINS_3lns7lns4_r1ELNS_8bitwidth12compute_kindE0ELNS4_14storage_layoutE1ELi2ELNS0_12decoder_kindE13ELNS0_13multiply_kindE1EEEvNS0_12storage_viewIT_XT1_EEESB_mNS0_12table_bundleIXT0_EEEPNS4_14compute_traitsIXT0_EE4typeE' for 'sm_90'
ptxas info    : Function properties for _ZN3aut12lns_strategy17dot_thread_kernelINS_3lns7lns4_r1ELNS_8bitwidth12compute_kindE0ELNS4_14storage_layoutE1ELi2ELNS0_12decoder_kindE13ELNS0_13multiply_kindE1EEEvNS0_12storage_viewIT_XT1_EEESB_mNS0_12table_bundleIXT0_EEEPNS4_14compute_traitsIXT0_EE4typeE
    0 bytes stack frame, 0 bytes spill stores, 0 bytes spill loads
ptxas info    : Used 25 registers, used 1 barriers
ptxas info    : Compile time = 5.613 ms
ptxas info    : Compiling entry function '_ZN3aut12lns_strategy18gemv_thread_kernelINS_3lns7lns4_r1ELNS_8bitwidth12compute_kindE0ELNS4_14storage_layoutE0ELi8ELNS0_12decoder_kindE13ELNS0_13multiply_kindE1EEEvNS0_12storage_viewIT_XT1_EEESB_mmNS0_12table_bundleIXT0_EEEPNS4_14compute_traitsIXT0_EE4typeE' for 'sm_90'
ptxas info    : Function properties for _ZN3aut12lns_strategy18gemv_thread_kernelINS_3lns7lns4_r1ELNS_8bitwidth12compute_kindE0ELNS4_14storage_layoutE0ELi8ELNS0_12decoder_kindE13ELNS0_13multiply_kindE1EEEvNS0_12storage_viewIT_XT1_EEESB_mmNS0_12table_bundleIXT0_EEEPNS4_14compute_traitsIXT0_EE4typeE
    0 bytes stack frame, 0 bytes spill stores, 0 bytes spill loads
ptxas info    : Used 48 registers, used 1 barriers
ptxas info    : Compile time = 14.754 ms
ptxas info    : Compiling entry function '_ZN3aut12lns_strategy17dot_thread_kernelINS_3lns7lns4_r1ELNS_8bitwidth12compute_kindE0ELNS4_14storage_layoutE0ELi8ELNS0_12decoder_kindE13ELNS0_13multiply_kindE1EEEvNS0_12storage_viewIT_XT1_EEESB_mNS0_12table_bundleIXT0_EEEPNS4_14compute_traitsIXT0_EE4typeE' for 'sm_90'
ptxas info    : Function properties for _ZN3aut12lns_strategy17dot_thread_kernelINS_3lns7lns4_r1ELNS_8bitwidth12compute_kindE0ELNS4_14storage_layoutE0ELi8ELNS0_12decoder_kindE13ELNS0_13multiply_kindE1EEEvNS0_12storage_viewIT_XT1_EEESB_mNS0_12table_bundleIXT0_EEEPNS4_14compute_traitsIXT0_EE4typeE
    0 bytes stack frame, 0 bytes spill stores, 0 bytes spill loads
ptxas info    : Used 46 registers, used 1 barriers
ptxas info    : Compile time = 11.431 ms
ptxas info    : Compiling entry function '_ZN3aut12lns_strategy18gemv_thread_kernelINS_3lns7lns4_r1ELNS_8bitwidth12compute_kindE0ELNS4_14storage_layoutE0ELi4ELNS0_12decoder_kindE13ELNS0_13multiply_kindE1EEEvNS0_12storage_viewIT_XT1_EEESB_mmNS0_12table_bundleIXT0_EEEPNS4_14compute_traitsIXT0_EE4typeE' for 'sm_90'
ptxas info    : Function properties for _ZN3aut12lns_strategy18gemv_thread_kernelINS_3lns7lns4_r1ELNS_8bitwidth12compute_kindE0ELNS4_14storage_layoutE0ELi4ELNS0_12decoder_kindE13ELNS0_13multiply_kindE1EEEvNS0_12storage_viewIT_XT1_EEESB_mmNS0_12table_bundleIXT0_EEEPNS4_14compute_traitsIXT0_EE4typeE
    0 bytes stack frame, 0 bytes spill stores, 0 bytes spill loads
ptxas info    : Used 32 registers, used 1 barriers
ptxas info    : Compile time = 9.495 ms
ptxas info    : Compiling entry function '_ZN3aut12lns_strategy17dot_thread_kernelINS_3lns7lns4_r1ELNS_8bitwidth12compute_kindE0ELNS4_14storage_layoutE0ELi4ELNS0_12decoder_kindE13ELNS0_13multiply_kindE1EEEvNS0_12storage_viewIT_XT1_EEESB_mNS0_12table_bundleIXT0_EEEPNS4_14compute_traitsIXT0_EE4typeE' for 'sm_90'
ptxas info    : Function properties for _ZN3aut12lns_strategy17dot_thread_kernelINS_3lns7lns4_r1ELNS_8bitwidth12compute_kindE0ELNS4_14storage_layoutE0ELi4ELNS0_12decoder_kindE13ELNS0_13multiply_kindE1EEEvNS0_12storage_viewIT_XT1_EEESB_mNS0_12table_bundleIXT0_EEEPNS4_14compute_traitsIXT0_EE4typeE
    0 bytes stack frame, 0 bytes spill stores, 0 bytes spill loads
ptxas info    : Used 32 registers, used 1 barriers
ptxas info    : Compile time = 8.986 ms
ptxas info    : Compiling entry function '_ZN3aut12lns_strategy18gemv_thread_kernelINS_3lns7lns4_r1ELNS_8bitwidth12compute_kindE0ELNS4_14storage_layoutE0ELi2ELNS0_12decoder_kindE13ELNS0_13multiply_kindE1EEEvNS0_12storage_viewIT_XT1_EEESB_mmNS0_12table_bundleIXT0_EEEPNS4_14compute_traitsIXT0_EE4typeE' for 'sm_90'
ptxas info    : Function properties for _ZN3aut12lns_strategy18gemv_thread_kernelINS_3lns7lns4_r1ELNS_8bitwidth12compute_kindE0ELNS4_14storage_layoutE0ELi2ELNS0_12decoder_kindE13ELNS0_13multiply_kindE1EEEvNS0_12storage_viewIT_XT1_EEESB_mmNS0_12table_bundleIXT0_EEEPNS4_14compute_traitsIXT0_EE4typeE
    0 bytes stack frame, 0 bytes spill stores, 0 bytes spill loads
ptxas info    : Used 31 registers, used 1 barriers
ptxas info    : Compile time = 6.448 ms
ptxas info    : Compiling entry function '_ZN3aut12lns_strategy17dot_thread_kernelINS_3lns7lns4_r1ELNS_8bitwidth12compute_kindE0ELNS4_14storage_layoutE0ELi2ELNS0_12decoder_kindE13ELNS0_13multiply_kindE1EEEvNS0_12storage_viewIT_XT1_EEESB_mNS0_12table_bundleIXT0_EEEPNS4_14compute_traitsIXT0_EE4typeE' for 'sm_90'
ptxas info    : Function properties for _ZN3aut12lns_strategy17dot_thread_kernelINS_3lns7lns4_r1ELNS_8bitwidth12compute_kindE0ELNS4_14storage_layoutE0ELi2ELNS0_12decoder_kindE13ELNS0_13multiply_kindE1EEEvNS0_12storage_viewIT_XT1_EEESB_mNS0_12table_bundleIXT0_EEEPNS4_14compute_traitsIXT0_EE4typeE
    0 bytes stack frame, 0 bytes spill stores, 0 bytes spill loads
ptxas info    : Used 32 registers, used 1 barriers
ptxas info    : Compile time = 6.178 ms
ptxas info    : Compiling entry function '_ZN3aut12lns_strategy18gemv_thread_kernelINS_3lns7lns4_r1ELNS_8bitwidth12compute_kindE0ELNS4_14storage_layoutE1ELi1ELNS0_12decoder_kindE13ELNS0_13multiply_kindE1EEEvNS0_12storage_viewIT_XT1_EEESB_mmNS0_12table_bundleIXT0_EEEPNS4_14compute_traitsIXT0_EE4typeE' for 'sm_90'
ptxas info    : Function properties for _ZN3aut12lns_strategy18gemv_thread_kernelINS_3lns7lns4_r1ELNS_8bitwidth12compute_kindE0ELNS4_14storage_layoutE1ELi1ELNS0_12decoder_kindE13ELNS0_13multiply_kindE1EEEvNS0_12storage_viewIT_XT1_EEESB_mmNS0_12table_bundleIXT0_EEEPNS4_14compute_traitsIXT0_EE4typeE
    0 bytes stack frame, 0 bytes spill stores, 0 bytes spill loads
ptxas info    : Used 19 registers, used 1 barriers
ptxas info    : Compile time = 4.399 ms
ptxas info    : Compiling entry function '_ZN3aut12lns_strategy17dot_thread_kernelINS_3lns7lns4_r1ELNS_8bitwidth12compute_kindE0ELNS4_14storage_layoutE1ELi1ELNS0_12decoder_kindE13ELNS0_13multiply_kindE1EEEvNS0_12storage_viewIT_XT1_EEESB_mNS0_12table_bundleIXT0_EEEPNS4_14compute_traitsIXT0_EE4typeE' for 'sm_90'
ptxas info    : Function properties for _ZN3aut12lns_strategy17dot_thread_kernelINS_3lns7lns4_r1ELNS_8bitwidth12compute_kindE0ELNS4_14storage_layoutE1ELi1ELNS0_12decoder_kindE13ELNS0_13multiply_kindE1EEEvNS0_12storage_viewIT_XT1_EEESB_mNS0_12table_bundleIXT0_EEEPNS4_14compute_traitsIXT0_EE4typeE
    0 bytes stack frame, 0 bytes spill stores, 0 bytes spill loads
ptxas info    : Used 19 registers, used 1 barriers
ptxas info    : Compile time = 4.273 ms
ptxas info    : Compiling entry function '_ZN3aut12lns_strategy18gemv_thread_kernelINS_3lns7lns4_r1ELNS_8bitwidth12compute_kindE0ELNS4_14storage_layoutE0ELi1ELNS0_12decoder_kindE13ELNS0_13multiply_kindE1EEEvNS0_12storage_viewIT_XT1_EEESB_mmNS0_12table_bundleIXT0_EEEPNS4_14compute_traitsIXT0_EE4typeE' for 'sm_90'
ptxas info    : Function properties for _ZN3aut12lns_strategy18gemv_thread_kernelINS_3lns7lns4_r1ELNS_8bitwidth12compute_kindE0ELNS4_14storage_layoutE0ELi1ELNS0_12decoder_kindE13ELNS0_13multiply_kindE1EEEvNS0_12storage_viewIT_XT1_EEESB_mmNS0_12table_bundleIXT0_EEEPNS4_14compute_traitsIXT0_EE4typeE
    0 bytes stack frame, 0 bytes spill stores, 0 bytes spill loads
ptxas info    : Used 20 registers, used 1 barriers
ptxas info    : Compile time = 5.179 ms
ptxas info    : Compiling entry function '_ZN3aut12lns_strategy17dot_thread_kernelINS_3lns7lns4_r1ELNS_8bitwidth12compute_kindE0ELNS4_14storage_layoutE0ELi1ELNS0_12decoder_kindE13ELNS0_13multiply_kindE1EEEvNS0_12storage_viewIT_XT1_EEESB_mNS0_12table_bundleIXT0_EEEPNS4_14compute_traitsIXT0_EE4typeE' for 'sm_90'
ptxas info    : Function properties for _ZN3aut12lns_strategy17dot_thread_kernelINS_3lns7lns4_r1ELNS_8bitwidth12compute_kindE0ELNS4_14storage_layoutE0ELi1ELNS0_12decoder_kindE13ELNS0_13multiply_kindE1EEEvNS0_12storage_viewIT_XT1_EEESB_mNS0_12table_bundleIXT0_EEEPNS4_14compute_traitsIXT0_EE4typeE
    0 bytes stack frame, 0 bytes spill stores, 0 bytes spill loads
ptxas info    : Used 21 registers, used 1 barriers
ptxas info    : Compile time = 4.594 ms
ptxas info    : Compiling entry function '_ZN3aut12lns_strategy23gemv_cooperative_kernelINS_3lns7lns4_r1ELNS_8bitwidth12compute_kindE0ELNS0_12decoder_kindE12ELNS0_13multiply_kindE1EEEvPKjS9_mmNS0_12table_bundleIXT0_EEEPNS4_14compute_traitsIXT0_EE4typeE' for 'sm_90'
ptxas info    : Function properties for _ZN3aut12lns_strategy23gemv_cooperative_kernelINS_3lns7lns4_r1ELNS_8bitwidth12compute_kindE0ELNS0_12decoder_kindE12ELNS0_13multiply_kindE1EEEvPKjS9_mmNS0_12table_bundleIXT0_EEEPNS4_14compute_traitsIXT0_EE4typeE
    0 bytes stack frame, 0 bytes spill stores, 0 bytes spill loads
ptxas info    : Used 23 registers, used 1 barriers
ptxas info    : Compile time = 5.240 ms
ptxas info    : Compiling entry function '_ZN3aut12lns_strategy22dot_cooperative_kernelINS_3lns7lns4_r1ELNS_8bitwidth12compute_kindE0ELNS0_12decoder_kindE12ELNS0_13multiply_kindE1EEEvPKjS9_mNS0_12table_bundleIXT0_EEEPNS4_14compute_traitsIXT0_EE4typeE' for 'sm_90'
ptxas info    : Function properties for _ZN3aut12lns_strategy22dot_cooperative_kernelINS_3lns7lns4_r1ELNS_8bitwidth12compute_kindE0ELNS0_12decoder_kindE12ELNS0_13multiply_kindE1EEEvPKjS9_mNS0_12table_bundleIXT0_EEEPNS4_14compute_traitsIXT0_EE4typeE
    0 bytes stack frame, 0 bytes spill stores, 0 bytes spill loads
ptxas info    : Used 21 registers, used 1 barriers
ptxas info    : Compile time = 5.146 ms
ptxas info    : Compiling entry function '_ZN3aut12lns_strategy18gemv_thread_kernelINS_3lns7lns4_r1ELNS_8bitwidth12compute_kindE0ELNS4_14storage_layoutE1ELi8ELNS0_12decoder_kindE12ELNS0_13multiply_kindE1EEEvNS0_12storage_viewIT_XT1_EEESB_mmNS0_12table_bundleIXT0_EEEPNS4_14compute_traitsIXT0_EE4typeE' for 'sm_90'
ptxas info    : Function properties for _ZN3aut12lns_strategy18gemv_thread_kernelINS_3lns7lns4_r1ELNS_8bitwidth12compute_kindE0ELNS4_14storage_layoutE1ELi8ELNS0_12decoder_kindE12ELNS0_13multiply_kindE1EEEvNS0_12storage_viewIT_XT1_EEESB_mmNS0_12table_bundleIXT0_EEEPNS4_14compute_traitsIXT0_EE4typeE
    0 bytes stack frame, 0 bytes spill stores, 0 bytes spill loads
ptxas info    : Used 32 registers, used 1 barriers
ptxas info    : Compile time = 10.620 ms
ptxas info    : Compiling entry function '_ZN3aut12lns_strategy17dot_thread_kernelINS_3lns7lns4_r1ELNS_8bitwidth12compute_kindE0ELNS4_14storage_layoutE1ELi8ELNS0_12decoder_kindE12ELNS0_13multiply_kindE1EEEvNS0_12storage_viewIT_XT1_EEESB_mNS0_12table_bundleIXT0_EEEPNS4_14compute_traitsIXT0_EE4typeE' for 'sm_90'
ptxas info    : Function properties for _ZN3aut12lns_strategy17dot_thread_kernelINS_3lns7lns4_r1ELNS_8bitwidth12compute_kindE0ELNS4_14storage_layoutE1ELi8ELNS0_12decoder_kindE12ELNS0_13multiply_kindE1EEEvNS0_12storage_viewIT_XT1_EEESB_mNS0_12table_bundleIXT0_EEEPNS4_14compute_traitsIXT0_EE4typeE
    0 bytes stack frame, 0 bytes spill stores, 0 bytes spill loads
ptxas info    : Used 36 registers, used 1 barriers
ptxas info    : Compile time = 10.751 ms
ptxas info    : Compiling entry function '_ZN3aut12lns_strategy18gemv_thread_kernelINS_3lns7lns4_r1ELNS_8bitwidth12compute_kindE0ELNS4_14storage_layoutE1ELi4ELNS0_12decoder_kindE12ELNS0_13multiply_kindE1EEEvNS0_12storage_viewIT_XT1_EEESB_mmNS0_12table_bundleIXT0_EEEPNS4_14compute_traitsIXT0_EE4typeE' for 'sm_90'
ptxas info    : Function properties for _ZN3aut12lns_strategy18gemv_thread_kernelINS_3lns7lns4_r1ELNS_8bitwidth12compute_kindE0ELNS4_14storage_layoutE1ELi4ELNS0_12decoder_kindE12ELNS0_13multiply_kindE1EEEvNS0_12storage_viewIT_XT1_EEESB_mmNS0_12table_bundleIXT0_EEEPNS4_14compute_traitsIXT0_EE4typeE
    0 bytes stack frame, 0 bytes spill stores, 0 bytes spill loads
ptxas info    : Used 23 registers, used 1 barriers
ptxas info    : Compile time = 6.847 ms
ptxas info    : Compiling entry function '_ZN3aut12lns_strategy17dot_thread_kernelINS_3lns7lns4_r1ELNS_8bitwidth12compute_kindE0ELNS4_14storage_layoutE1ELi4ELNS0_12decoder_kindE12ELNS0_13multiply_kindE1EEEvNS0_12storage_viewIT_XT1_EEESB_mNS0_12table_bundleIXT0_EEEPNS4_14compute_traitsIXT0_EE4typeE' for 'sm_90'
ptxas info    : Function properties for _ZN3aut12lns_strategy17dot_thread_kernelINS_3lns7lns4_r1ELNS_8bitwidth12compute_kindE0ELNS4_14storage_layoutE1ELi4ELNS0_12decoder_kindE12ELNS0_13multiply_kindE1EEEvNS0_12storage_viewIT_XT1_EEESB_mNS0_12table_bundleIXT0_EEEPNS4_14compute_traitsIXT0_EE4typeE
    0 bytes stack frame, 0 bytes spill stores, 0 bytes spill loads
ptxas info    : Used 27 registers, used 1 barriers
ptxas info    : Compile time = 7.039 ms
ptxas info    : Compiling entry function '_ZN3aut12lns_strategy18gemv_thread_kernelINS_3lns7lns4_r1ELNS_8bitwidth12compute_kindE0ELNS4_14storage_layoutE1ELi2ELNS0_12decoder_kindE12ELNS0_13multiply_kindE1EEEvNS0_12storage_viewIT_XT1_EEESB_mmNS0_12table_bundleIXT0_EEEPNS4_14compute_traitsIXT0_EE4typeE' for 'sm_90'
ptxas info    : Function properties for _ZN3aut12lns_strategy18gemv_thread_kernelINS_3lns7lns4_r1ELNS_8bitwidth12compute_kindE0ELNS4_14storage_layoutE1ELi2ELNS0_12decoder_kindE12ELNS0_13multiply_kindE1EEEvNS0_12storage_viewIT_XT1_EEESB_mmNS0_12table_bundleIXT0_EEEPNS4_14compute_traitsIXT0_EE4typeE
    0 bytes stack frame, 0 bytes spill stores, 0 bytes spill loads
ptxas info    : Used 19 registers, used 1 barriers
ptxas info    : Compile time = 5.005 ms
ptxas info    : Compiling entry function '_ZN3aut12lns_strategy17dot_thread_kernelINS_3lns7lns4_r1ELNS_8bitwidth12compute_kindE0ELNS4_14storage_layoutE1ELi2ELNS0_12decoder_kindE12ELNS0_13multiply_kindE1EEEvNS0_12storage_viewIT_XT1_EEESB_mNS0_12table_bundleIXT0_EEEPNS4_14compute_traitsIXT0_EE4typeE' for 'sm_90'
ptxas info    : Function properties for _ZN3aut12lns_strategy17dot_thread_kernelINS_3lns7lns4_r1ELNS_8bitwidth12compute_kindE0ELNS4_14storage_layoutE1ELi2ELNS0_12decoder_kindE12ELNS0_13multiply_kindE1EEEvNS0_12storage_viewIT_XT1_EEESB_mNS0_12table_bundleIXT0_EEEPNS4_14compute_traitsIXT0_EE4typeE
    0 bytes stack frame, 0 bytes spill stores, 0 bytes spill loads
ptxas info    : Used 25 registers, used 1 barriers
ptxas info    : Compile time = 5.050 ms
ptxas info    : Compiling entry function '_ZN3aut12lns_strategy18gemv_thread_kernelINS_3lns7lns4_r1ELNS_8bitwidth12compute_kindE0ELNS4_14storage_layoutE0ELi8ELNS0_12decoder_kindE12ELNS0_13multiply_kindE1EEEvNS0_12storage_viewIT_XT1_EEESB_mmNS0_12table_bundleIXT0_EEEPNS4_14compute_traitsIXT0_EE4typeE' for 'sm_90'
ptxas info    : Function properties for _ZN3aut12lns_strategy18gemv_thread_kernelINS_3lns7lns4_r1ELNS_8bitwidth12compute_kindE0ELNS4_14storage_layoutE0ELi8ELNS0_12decoder_kindE12ELNS0_13multiply_kindE1EEEvNS0_12storage_viewIT_XT1_EEESB_mmNS0_12table_bundleIXT0_EEEPNS4_14compute_traitsIXT0_EE4typeE
    0 bytes stack frame, 0 bytes spill stores, 0 bytes spill loads
ptxas info    : Used 48 registers, used 1 barriers
ptxas info    : Compile time = 14.161 ms
ptxas info    : Compiling entry function '_ZN3aut12lns_strategy17dot_thread_kernelINS_3lns7lns4_r1ELNS_8bitwidth12compute_kindE0ELNS4_14storage_layoutE0ELi8ELNS0_12decoder_kindE12ELNS0_13multiply_kindE1EEEvNS0_12storage_viewIT_XT1_EEESB_mNS0_12table_bundleIXT0_EEEPNS4_14compute_traitsIXT0_EE4typeE' for 'sm_90'
ptxas info    : Function properties for _ZN3aut12lns_strategy17dot_thread_kernelINS_3lns7lns4_r1ELNS_8bitwidth12compute_kindE0ELNS4_14storage_layoutE0ELi8ELNS0_12decoder_kindE12ELNS0_13multiply_kindE1EEEvNS0_12storage_viewIT_XT1_EEESB_mNS0_12table_bundleIXT0_EEEPNS4_14compute_traitsIXT0_EE4typeE
    0 bytes stack frame, 0 bytes spill stores, 0 bytes spill loads
ptxas info    : Used 41 registers, used 1 barriers
ptxas info    : Compile time = 11.086 ms
ptxas info    : Compiling entry function '_ZN3aut12lns_strategy18gemv_thread_kernelINS_3lns7lns4_r1ELNS_8bitwidth12compute_kindE0ELNS4_14storage_layoutE0ELi4ELNS0_12decoder_kindE12ELNS0_13multiply_kindE1EEEvNS0_12storage_viewIT_XT1_EEESB_mmNS0_12table_bundleIXT0_EEEPNS4_14compute_traitsIXT0_EE4typeE' for 'sm_90'
ptxas info    : Function properties for _ZN3aut12lns_strategy18gemv_thread_kernelINS_3lns7lns4_r1ELNS_8bitwidth12compute_kindE0ELNS4_14storage_layoutE0ELi4ELNS0_12decoder_kindE12ELNS0_13multiply_kindE1EEEvNS0_12storage_viewIT_XT1_EEESB_mmNS0_12table_bundleIXT0_EEEPNS4_14compute_traitsIXT0_EE4typeE
    0 bytes stack frame, 0 bytes spill stores, 0 bytes spill loads
ptxas info    : Used 32 registers, used 1 barriers
ptxas info    : Compile time = 9.033 ms
ptxas info    : Compiling entry function '_ZN3aut12lns_strategy17dot_thread_kernelINS_3lns7lns4_r1ELNS_8bitwidth12compute_kindE0ELNS4_14storage_layoutE0ELi4ELNS0_12decoder_kindE12ELNS0_13multiply_kindE1EEEvNS0_12storage_viewIT_XT1_EEESB_mNS0_12table_bundleIXT0_EEEPNS4_14compute_traitsIXT0_EE4typeE' for 'sm_90'
ptxas info    : Function properties for _ZN3aut12lns_strategy17dot_thread_kernelINS_3lns7lns4_r1ELNS_8bitwidth12compute_kindE0ELNS4_14storage_layoutE0ELi4ELNS0_12decoder_kindE12ELNS0_13multiply_kindE1EEEvNS0_12storage_viewIT_XT1_EEESB_mNS0_12table_bundleIXT0_EEEPNS4_14compute_traitsIXT0_EE4typeE
    0 bytes stack frame, 0 bytes spill stores, 0 bytes spill loads
ptxas info    : Used 32 registers, used 1 barriers
ptxas info    : Compile time = 8.610 ms
ptxas info    : Compiling entry function '_ZN3aut12lns_strategy18gemv_thread_kernelINS_3lns7lns4_r1ELNS_8bitwidth12compute_kindE0ELNS4_14storage_layoutE0ELi2ELNS0_12decoder_kindE12ELNS0_13multiply_kindE1EEEvNS0_12storage_viewIT_XT1_EEESB_mmNS0_12table_bundleIXT0_EEEPNS4_14compute_traitsIXT0_EE4typeE' for 'sm_90'
ptxas info    : Function properties for _ZN3aut12lns_strategy18gemv_thread_kernelINS_3lns7lns4_r1ELNS_8bitwidth12compute_kindE0ELNS4_14storage_layoutE0ELi2ELNS0_12decoder_kindE12ELNS0_13multiply_kindE1EEEvNS0_12storage_viewIT_XT1_EEESB_mmNS0_12table_bundleIXT0_EEEPNS4_14compute_traitsIXT0_EE4typeE
    0 bytes stack frame, 0 bytes spill stores, 0 bytes spill loads
ptxas info    : Used 31 registers, used 1 barriers
ptxas info    : Compile time = 5.959 ms
ptxas info    : Compiling entry function '_ZN3aut12lns_strategy17dot_thread_kernelINS_3lns7lns4_r1ELNS_8bitwidth12compute_kindE0ELNS4_14storage_layoutE0ELi2ELNS0_12decoder_kindE12ELNS0_13multiply_kindE1EEEvNS0_12storage_viewIT_XT1_EEESB_mNS0_12table_bundleIXT0_EEEPNS4_14compute_traitsIXT0_EE4typeE' for 'sm_90'
ptxas info    : Function properties for _ZN3aut12lns_strategy17dot_thread_kernelINS_3lns7lns4_r1ELNS_8bitwidth12compute_kindE0ELNS4_14storage_layoutE0ELi2ELNS0_12decoder_kindE12ELNS0_13multiply_kindE1EEEvNS0_12storage_viewIT_XT1_EEESB_mNS0_12table_bundleIXT0_EEEPNS4_14compute_traitsIXT0_EE4typeE
    0 bytes stack frame, 0 bytes spill stores, 0 bytes spill loads
ptxas info    : Used 32 registers, used 1 barriers
ptxas info    : Compile time = 5.774 ms
ptxas info    : Compiling entry function '_ZN3aut12lns_strategy18gemv_thread_kernelINS_3lns7lns4_r1ELNS_8bitwidth12compute_kindE0ELNS4_14storage_layoutE1ELi1ELNS0_12decoder_kindE12ELNS0_13multiply_kindE1EEEvNS0_12storage_viewIT_XT1_EEESB_mmNS0_12table_bundleIXT0_EEEPNS4_14compute_traitsIXT0_EE4typeE' for 'sm_90'
ptxas info    : Function properties for _ZN3aut12lns_strategy18gemv_thread_kernelINS_3lns7lns4_r1ELNS_8bitwidth12compute_kindE0ELNS4_14storage_layoutE1ELi1ELNS0_12decoder_kindE12ELNS0_13multiply_kindE1EEEvNS0_12storage_viewIT_XT1_EEESB_mmNS0_12table_bundleIXT0_EEEPNS4_14compute_traitsIXT0_EE4typeE
    0 bytes stack frame, 0 bytes spill stores, 0 bytes spill loads
ptxas info    : Used 17 registers, used 1 barriers
ptxas info    : Compile time = 3.760 ms
ptxas info    : Compiling entry function '_ZN3aut12lns_strategy17dot_thread_kernelINS_3lns7lns4_r1ELNS_8bitwidth12compute_kindE0ELNS4_14storage_layoutE1ELi1ELNS0_12decoder_kindE12ELNS0_13multiply_kindE1EEEvNS0_12storage_viewIT_XT1_EEESB_mNS0_12table_bundleIXT0_EEEPNS4_14compute_traitsIXT0_EE4typeE' for 'sm_90'
ptxas info    : Function properties for _ZN3aut12lns_strategy17dot_thread_kernelINS_3lns7lns4_r1ELNS_8bitwidth12compute_kindE0ELNS4_14storage_layoutE1ELi1ELNS0_12decoder_kindE12ELNS0_13multiply_kindE1EEEvNS0_12storage_viewIT_XT1_EEESB_mNS0_12table_bundleIXT0_EEEPNS4_14compute_traitsIXT0_EE4typeE
    0 bytes stack frame, 0 bytes spill stores, 0 bytes spill loads
ptxas info    : Used 20 registers, used 1 barriers
ptxas info    : Compile time = 3.631 ms
ptxas info    : Compiling entry function '_ZN3aut12lns_strategy18gemv_thread_kernelINS_3lns7lns4_r1ELNS_8bitwidth12compute_kindE0ELNS4_14storage_layoutE0ELi1ELNS0_12decoder_kindE12ELNS0_13multiply_kindE1EEEvNS0_12storage_viewIT_XT1_EEESB_mmNS0_12table_bundleIXT0_EEEPNS4_14compute_traitsIXT0_EE4typeE' for 'sm_90'
ptxas info    : Function properties for _ZN3aut12lns_strategy18gemv_thread_kernelINS_3lns7lns4_r1ELNS_8bitwidth12compute_kindE0ELNS4_14storage_layoutE0ELi1ELNS0_12decoder_kindE12ELNS0_13multiply_kindE1EEEvNS0_12storage_viewIT_XT1_EEESB_mmNS0_12table_bundleIXT0_EEEPNS4_14compute_traitsIXT0_EE4typeE
    0 bytes stack frame, 0 bytes spill stores, 0 bytes spill loads
ptxas info    : Used 20 registers, used 1 barriers
ptxas info    : Compile time = 4.211 ms
ptxas info    : Compiling entry function '_ZN3aut12lns_strategy17dot_thread_kernelINS_3lns7lns4_r1ELNS_8bitwidth12compute_kindE0ELNS4_14storage_layoutE0ELi1ELNS0_12decoder_kindE12ELNS0_13multiply_kindE1EEEvNS0_12storage_viewIT_XT1_EEESB_mNS0_12table_bundleIXT0_EEEPNS4_14compute_traitsIXT0_EE4typeE' for 'sm_90'
ptxas info    : Function properties for _ZN3aut12lns_strategy17dot_thread_kernelINS_3lns7lns4_r1ELNS_8bitwidth12compute_kindE0ELNS4_14storage_layoutE0ELi1ELNS0_12decoder_kindE12ELNS0_13multiply_kindE1EEEvNS0_12storage_viewIT_XT1_EEESB_mNS0_12table_bundleIXT0_EEEPNS4_14compute_traitsIXT0_EE4typeE
    0 bytes stack frame, 0 bytes spill stores, 0 bytes spill loads
ptxas info    : Used 21 registers, used 1 barriers
ptxas info    : Compile time = 4.063 ms
ptxas info    : Compiling entry function '_ZN3aut12lns_strategy23gemv_cooperative_kernelINS_3lns7lns4_r1ELNS_8bitwidth12compute_kindE0ELNS0_12decoder_kindE11ELNS0_13multiply_kindE1EEEvPKjS9_mmNS0_12table_bundleIXT0_EEEPNS4_14compute_traitsIXT0_EE4typeE' for 'sm_90'
ptxas info    : Function properties for _ZN3aut12lns_strategy23gemv_cooperative_kernelINS_3lns7lns4_r1ELNS_8bitwidth12compute_kindE0ELNS0_12decoder_kindE11ELNS0_13multiply_kindE1EEEvPKjS9_mmNS0_12table_bundleIXT0_EEEPNS4_14compute_traitsIXT0_EE4typeE
    0 bytes stack frame, 0 bytes spill stores, 0 bytes spill loads
ptxas info    : Used 22 registers, used 1 barriers
ptxas info    : Compile time = 4.708 ms
ptxas info    : Compiling entry function '_ZN3aut12lns_strategy22dot_cooperative_kernelINS_3lns7lns4_r1ELNS_8bitwidth12compute_kindE0ELNS0_12decoder_kindE11ELNS0_13multiply_kindE1EEEvPKjS9_mNS0_12table_bundleIXT0_EEEPNS4_14compute_traitsIXT0_EE4typeE' for 'sm_90'
ptxas info    : Function properties for _ZN3aut12lns_strategy22dot_cooperative_kernelINS_3lns7lns4_r1ELNS_8bitwidth12compute_kindE0ELNS0_12decoder_kindE11ELNS0_13multiply_kindE1EEEvPKjS9_mNS0_12table_bundleIXT0_EEEPNS4_14compute_traitsIXT0_EE4typeE
    0 bytes stack frame, 0 bytes spill stores, 0 bytes spill loads
ptxas info    : Used 20 registers, used 1 barriers
ptxas info    : Compile time = 4.641 ms
ptxas info    : Compiling entry function '_ZN3aut12lns_strategy18gemv_thread_kernelINS_3lns7lns4_r1ELNS_8bitwidth12compute_kindE0ELNS4_14storage_layoutE1ELi8ELNS0_12decoder_kindE11ELNS0_13multiply_kindE1EEEvNS0_12storage_viewIT_XT1_EEESB_mmNS0_12table_bundleIXT0_EEEPNS4_14compute_traitsIXT0_EE4typeE' for 'sm_90'
ptxas info    : Function properties for _ZN3aut12lns_strategy18gemv_thread_kernelINS_3lns7lns4_r1ELNS_8bitwidth12compute_kindE0ELNS4_14storage_layoutE1ELi8ELNS0_12decoder_kindE11ELNS0_13multiply_kindE1EEEvNS0_12storage_viewIT_XT1_EEESB_mmNS0_12table_bundleIXT0_EEEPNS4_14compute_traitsIXT0_EE4typeE
    0 bytes stack frame, 0 bytes spill stores, 0 bytes spill loads
ptxas info    : Used 27 registers, used 1 barriers
ptxas info    : Compile time = 5.470 ms
ptxas info    : Compiling entry function '_ZN3aut12lns_strategy17dot_thread_kernelINS_3lns7lns4_r1ELNS_8bitwidth12compute_kindE0ELNS4_14storage_layoutE1ELi8ELNS0_12decoder_kindE11ELNS0_13multiply_kindE1EEEvNS0_12storage_viewIT_XT1_EEESB_mNS0_12table_bundleIXT0_EEEPNS4_14compute_traitsIXT0_EE4typeE' for 'sm_90'
ptxas info    : Function properties for _ZN3aut12lns_strategy17dot_thread_kernelINS_3lns7lns4_r1ELNS_8bitwidth12compute_kindE0ELNS4_14storage_layoutE1ELi8ELNS0_12decoder_kindE11ELNS0_13multiply_kindE1EEEvNS0_12storage_viewIT_XT1_EEESB_mNS0_12table_bundleIXT0_EEEPNS4_14compute_traitsIXT0_EE4typeE
    0 bytes stack frame, 0 bytes spill stores, 0 bytes spill loads
ptxas info    : Used 30 registers, used 1 barriers
ptxas info    : Compile time = 5.441 ms
ptxas info    : Compiling entry function '_ZN3aut12lns_strategy18gemv_thread_kernelINS_3lns7lns4_r1ELNS_8bitwidth12compute_kindE0ELNS4_14storage_layoutE1ELi4ELNS0_12decoder_kindE11ELNS0_13multiply_kindE1EEEvNS0_12storage_viewIT_XT1_EEESB_mmNS0_12table_bundleIXT0_EEEPNS4_14compute_traitsIXT0_EE4typeE' for 'sm_90'
ptxas info    : Function properties for _ZN3aut12lns_strategy18gemv_thread_kernelINS_3lns7lns4_r1ELNS_8bitwidth12compute_kindE0ELNS4_14storage_layoutE1ELi4ELNS0_12decoder_kindE11ELNS0_13multiply_kindE1EEEvNS0_12storage_viewIT_XT1_EEESB_mmNS0_12table_bundleIXT0_EEEPNS4_14compute_traitsIXT0_EE4typeE
    0 bytes stack frame, 0 bytes spill stores, 0 bytes spill loads
ptxas info    : Used 20 registers, used 1 barriers
ptxas info    : Compile time = 4.346 ms
ptxas info    : Compiling entry function '_ZN3aut12lns_strategy17dot_thread_kernelINS_3lns7lns4_r1ELNS_8bitwidth12compute_kindE0ELNS4_14storage_layoutE1ELi4ELNS0_12decoder_kindE11ELNS0_13multiply_kindE1EEEvNS0_12storage_viewIT_XT1_EEESB_mNS0_12table_bundleIXT0_EEEPNS4_14compute_traitsIXT0_EE4typeE' for 'sm_90'
ptxas info    : Function properties for _ZN3aut12lns_strategy17dot_thread_kernelINS_3lns7lns4_r1ELNS_8bitwidth12compute_kindE0ELNS4_14storage_layoutE1ELi4ELNS0_12decoder_kindE11ELNS0_13multiply_kindE1EEEvNS0_12storage_viewIT_XT1_EEESB_mNS0_12table_bundleIXT0_EEEPNS4_14compute_traitsIXT0_EE4typeE
    0 bytes stack frame, 0 bytes spill stores, 0 bytes spill loads
ptxas info    : Used 22 registers, used 1 barriers
ptxas info    : Compile time = 4.327 ms
ptxas info    : Compiling entry function '_ZN3aut12lns_strategy18gemv_thread_kernelINS_3lns7lns4_r1ELNS_8bitwidth12compute_kindE0ELNS4_14storage_layoutE1ELi2ELNS0_12decoder_kindE11ELNS0_13multiply_kindE1EEEvNS0_12storage_viewIT_XT1_EEESB_mmNS0_12table_bundleIXT0_EEEPNS4_14compute_traitsIXT0_EE4typeE' for 'sm_90'
ptxas info    : Function properties for _ZN3aut12lns_strategy18gemv_thread_kernelINS_3lns7lns4_r1ELNS_8bitwidth12compute_kindE0ELNS4_14storage_layoutE1ELi2ELNS0_12decoder_kindE11ELNS0_13multiply_kindE1EEEvNS0_12storage_viewIT_XT1_EEESB_mmNS0_12table_bundleIXT0_EEEPNS4_14compute_traitsIXT0_EE4typeE
    0 bytes stack frame, 0 bytes spill stores, 0 bytes spill loads
ptxas info    : Used 18 registers, used 1 barriers
ptxas info    : Compile time = 3.844 ms
ptxas info    : Compiling entry function '_ZN3aut12lns_strategy17dot_thread_kernelINS_3lns7lns4_r1ELNS_8bitwidth12compute_kindE0ELNS4_14storage_layoutE1ELi2ELNS0_12decoder_kindE11ELNS0_13multiply_kindE1EEEvNS0_12storage_viewIT_XT1_EEESB_mNS0_12table_bundleIXT0_EEEPNS4_14compute_traitsIXT0_EE4typeE' for 'sm_90'
ptxas info    : Function properties for _ZN3aut12lns_strategy17dot_thread_kernelINS_3lns7lns4_r1ELNS_8bitwidth12compute_kindE0ELNS4_14storage_layoutE1ELi2ELNS0_12decoder_kindE11ELNS0_13multiply_kindE1EEEvNS0_12storage_viewIT_XT1_EEESB_mNS0_12table_bundleIXT0_EEEPNS4_14compute_traitsIXT0_EE4typeE
    0 bytes stack frame, 0 bytes spill stores, 0 bytes spill loads
ptxas info    : Used 20 registers, used 1 barriers
ptxas info    : Compile time = 3.800 ms
ptxas info    : Compiling entry function '_ZN3aut12lns_strategy18gemv_thread_kernelINS_3lns7lns4_r1ELNS_8bitwidth12compute_kindE0ELNS4_14storage_layoutE0ELi8ELNS0_12decoder_kindE11ELNS0_13multiply_kindE1EEEvNS0_12storage_viewIT_XT1_EEESB_mmNS0_12table_bundleIXT0_EEEPNS4_14compute_traitsIXT0_EE4typeE' for 'sm_90'
ptxas info    : Function properties for _ZN3aut12lns_strategy18gemv_thread_kernelINS_3lns7lns4_r1ELNS_8bitwidth12compute_kindE0ELNS4_14storage_layoutE0ELi8ELNS0_12decoder_kindE11ELNS0_13multiply_kindE1EEEvNS0_12storage_viewIT_XT1_EEESB_mmNS0_12table_bundleIXT0_EEEPNS4_14compute_traitsIXT0_EE4typeE
    0 bytes stack frame, 0 bytes spill stores, 0 bytes spill loads
ptxas info    : Used 32 registers, used 1 barriers
ptxas info    : Compile time = 8.801 ms
ptxas info    : Compiling entry function '_ZN3aut12lns_strategy17dot_thread_kernelINS_3lns7lns4_r1ELNS_8bitwidth12compute_kindE0ELNS4_14storage_layoutE0ELi8ELNS0_12decoder_kindE11ELNS0_13multiply_kindE1EEEvNS0_12storage_viewIT_XT1_EEESB_mNS0_12table_bundleIXT0_EEEPNS4_14compute_traitsIXT0_EE4typeE' for 'sm_90'
ptxas info    : Function properties for _ZN3aut12lns_strategy17dot_thread_kernelINS_3lns7lns4_r1ELNS_8bitwidth12compute_kindE0ELNS4_14storage_layoutE0ELi8ELNS0_12decoder_kindE11ELNS0_13multiply_kindE1EEEvNS0_12storage_viewIT_XT1_EEESB_mNS0_12table_bundleIXT0_EEEPNS4_14compute_traitsIXT0_EE4typeE
    0 bytes stack frame, 0 bytes spill stores, 0 bytes spill loads
ptxas info    : Used 31 registers, used 1 barriers
ptxas info    : Compile time = 5.880 ms
ptxas info    : Compiling entry function '_ZN3aut12lns_strategy18gemv_thread_kernelINS_3lns7lns4_r1ELNS_8bitwidth12compute_kindE0ELNS4_14storage_layoutE0ELi4ELNS0_12decoder_kindE11ELNS0_13multiply_kindE1EEEvNS0_12storage_viewIT_XT1_EEESB_mmNS0_12table_bundleIXT0_EEEPNS4_14compute_traitsIXT0_EE4typeE' for 'sm_90'
ptxas info    : Function properties for _ZN3aut12lns_strategy18gemv_thread_kernelINS_3lns7lns4_r1ELNS_8bitwidth12compute_kindE0ELNS4_14storage_layoutE0ELi4ELNS0_12decoder_kindE11ELNS0_13multiply_kindE1EEEvNS0_12storage_viewIT_XT1_EEESB_mmNS0_12table_bundleIXT0_EEEPNS4_14compute_traitsIXT0_EE4typeE
    0 bytes stack frame, 0 bytes spill stores, 0 bytes spill loads
ptxas info    : Used 32 registers, used 1 barriers
ptxas info    : Compile time = 6.296 ms
ptxas info    : Compiling entry function '_ZN3aut12lns_strategy17dot_thread_kernelINS_3lns7lns4_r1ELNS_8bitwidth12compute_kindE0ELNS4_14storage_layoutE0ELi4ELNS0_12decoder_kindE11ELNS0_13multiply_kindE1EEEvNS0_12storage_viewIT_XT1_EEESB_mNS0_12table_bundleIXT0_EEEPNS4_14compute_traitsIXT0_EE4typeE' for 'sm_90'
ptxas info    : Function properties for _ZN3aut12lns_strategy17dot_thread_kernelINS_3lns7lns4_r1ELNS_8bitwidth12compute_kindE0ELNS4_14storage_layoutE0ELi4ELNS0_12decoder_kindE11ELNS0_13multiply_kindE1EEEvNS0_12storage_viewIT_XT1_EEESB_mNS0_12table_bundleIXT0_EEEPNS4_14compute_traitsIXT0_EE4typeE
    0 bytes stack frame, 0 bytes spill stores, 0 bytes spill loads
ptxas info    : Used 32 registers, used 1 barriers
ptxas info    : Compile time = 5.982 ms
ptxas info    : Compiling entry function '_ZN3aut12lns_strategy18gemv_thread_kernelINS_3lns7lns4_r1ELNS_8bitwidth12compute_kindE0ELNS4_14storage_layoutE0ELi2ELNS0_12decoder_kindE11ELNS0_13multiply_kindE1EEEvNS0_12storage_viewIT_XT1_EEESB_mmNS0_12table_bundleIXT0_EEEPNS4_14compute_traitsIXT0_EE4typeE' for 'sm_90'
ptxas info    : Function properties for _ZN3aut12lns_strategy18gemv_thread_kernelINS_3lns7lns4_r1ELNS_8bitwidth12compute_kindE0ELNS4_14storage_layoutE0ELi2ELNS0_12decoder_kindE11ELNS0_13multiply_kindE1EEEvNS0_12storage_viewIT_XT1_EEESB_mmNS0_12table_bundleIXT0_EEEPNS4_14compute_traitsIXT0_EE4typeE
    0 bytes stack frame, 0 bytes spill stores, 0 bytes spill loads
ptxas info    : Used 31 registers, used 1 barriers
ptxas info    : Compile time = 4.784 ms
ptxas info    : Compiling entry function '_ZN3aut12lns_strategy17dot_thread_kernelINS_3lns7lns4_r1ELNS_8bitwidth12compute_kindE0ELNS4_14storage_layoutE0ELi2ELNS0_12decoder_kindE11ELNS0_13multiply_kindE1EEEvNS0_12storage_viewIT_XT1_EEESB_mNS0_12table_bundleIXT0_EEEPNS4_14compute_traitsIXT0_EE4typeE' for 'sm_90'
ptxas info    : Function properties for _ZN3aut12lns_strategy17dot_thread_kernelINS_3lns7lns4_r1ELNS_8bitwidth12compute_kindE0ELNS4_14storage_layoutE0ELi2ELNS0_12decoder_kindE11ELNS0_13multiply_kindE1EEEvNS0_12storage_viewIT_XT1_EEESB_mNS0_12table_bundleIXT0_EEEPNS4_14compute_traitsIXT0_EE4typeE
    0 bytes stack frame, 0 bytes spill stores, 0 bytes spill loads
ptxas info    : Used 30 registers, used 1 barriers
ptxas info    : Compile time = 4.516 ms
ptxas info    : Compiling entry function '_ZN3aut12lns_strategy18gemv_thread_kernelINS_3lns7lns4_r1ELNS_8bitwidth12compute_kindE0ELNS4_14storage_layoutE1ELi1ELNS0_12decoder_kindE11ELNS0_13multiply_kindE1EEEvNS0_12storage_viewIT_XT1_EEESB_mmNS0_12table_bundleIXT0_EEEPNS4_14compute_traitsIXT0_EE4typeE' for 'sm_90'
ptxas info    : Function properties for _ZN3aut12lns_strategy18gemv_thread_kernelINS_3lns7lns4_r1ELNS_8bitwidth12compute_kindE0ELNS4_14storage_layoutE1ELi1ELNS0_12decoder_kindE11ELNS0_13multiply_kindE1EEEvNS0_12storage_viewIT_XT1_EEESB_mmNS0_12table_bundleIXT0_EEEPNS4_14compute_traitsIXT0_EE4typeE
    0 bytes stack frame, 0 bytes spill stores, 0 bytes spill loads
ptxas info    : Used 18 registers, used 1 barriers
ptxas info    : Compile time = 3.324 ms
ptxas info    : Compiling entry function '_ZN3aut12lns_strategy17dot_thread_kernelINS_3lns7lns4_r1ELNS_8bitwidth12compute_kindE0ELNS4_14storage_layoutE1ELi1ELNS0_12decoder_kindE11ELNS0_13multiply_kindE1EEEvNS0_12storage_viewIT_XT1_EEESB_mNS0_12table_bundleIXT0_EEEPNS4_14compute_traitsIXT0_EE4typeE' for 'sm_90'
ptxas info    : Function properties for _ZN3aut12lns_strategy17dot_thread_kernelINS_3lns7lns4_r1ELNS_8bitwidth12compute_kindE0ELNS4_14storage_layoutE1ELi1ELNS0_12decoder_kindE11ELNS0_13multiply_kindE1EEEvNS0_12storage_viewIT_XT1_EEESB_mNS0_12table_bundleIXT0_EEEPNS4_14compute_traitsIXT0_EE4typeE
    0 bytes stack frame, 0 bytes spill stores, 0 bytes spill loads
ptxas info    : Used 22 registers, used 1 barriers
ptxas info    : Compile time = 3.198 ms
ptxas info    : Compiling entry function '_ZN3aut12lns_strategy18gemv_thread_kernelINS_3lns7lns4_r1ELNS_8bitwidth12compute_kindE0ELNS4_14storage_layoutE0ELi1ELNS0_12decoder_kindE11ELNS0_13multiply_kindE1EEEvNS0_12storage_viewIT_XT1_EEESB_mmNS0_12table_bundleIXT0_EEEPNS4_14compute_traitsIXT0_EE4typeE' for 'sm_90'
ptxas info    : Function properties for _ZN3aut12lns_strategy18gemv_thread_kernelINS_3lns7lns4_r1ELNS_8bitwidth12compute_kindE0ELNS4_14storage_layoutE0ELi1ELNS0_12decoder_kindE11ELNS0_13multiply_kindE1EEEvNS0_12storage_viewIT_XT1_EEESB_mmNS0_12table_bundleIXT0_EEEPNS4_14compute_traitsIXT0_EE4typeE
    0 bytes stack frame, 0 bytes spill stores, 0 bytes spill loads
ptxas info    : Used 21 registers, used 1 barriers
ptxas info    : Compile time = 3.718 ms
ptxas info    : Compiling entry function '_ZN3aut12lns_strategy17dot_thread_kernelINS_3lns7lns4_r1ELNS_8bitwidth12compute_kindE0ELNS4_14storage_layoutE0ELi1ELNS0_12decoder_kindE11ELNS0_13multiply_kindE1EEEvNS0_12storage_viewIT_XT1_EEESB_mNS0_12table_bundleIXT0_EEEPNS4_14compute_traitsIXT0_EE4typeE' for 'sm_90'
ptxas info    : Function properties for _ZN3aut12lns_strategy17dot_thread_kernelINS_3lns7lns4_r1ELNS_8bitwidth12compute_kindE0ELNS4_14storage_layoutE0ELi1ELNS0_12decoder_kindE11ELNS0_13multiply_kindE1EEEvNS0_12storage_viewIT_XT1_EEESB_mNS0_12table_bundleIXT0_EEEPNS4_14compute_traitsIXT0_EE4typeE
    0 bytes stack frame, 0 bytes spill stores, 0 bytes spill loads
ptxas info    : Used 22 registers, used 1 barriers
ptxas info    : Compile time = 3.503 ms
ptxas info    : Compiling entry function '_ZN3aut12lns_strategy23gemv_cooperative_kernelINS_3lns7lns4_r1ELNS_8bitwidth12compute_kindE0ELNS0_12decoder_kindE10ELNS0_13multiply_kindE1EEEvPKjS9_mmNS0_12table_bundleIXT0_EEEPNS4_14compute_traitsIXT0_EE4typeE' for 'sm_90'
ptxas info    : Function properties for _ZN3aut12lns_strategy23gemv_cooperative_kernelINS_3lns7lns4_r1ELNS_8bitwidth12compute_kindE0ELNS0_12decoder_kindE10ELNS0_13multiply_kindE1EEEvPKjS9_mmNS0_12table_bundleIXT0_EEEPNS4_14compute_traitsIXT0_EE4typeE
    0 bytes stack frame, 0 bytes spill stores, 0 bytes spill loads
ptxas info    : Used 23 registers, used 1 barriers
ptxas info    : Compile time = 4.244 ms
ptxas info    : Compiling entry function '_ZN3aut12lns_strategy22dot_cooperative_kernelINS_3lns7lns4_r1ELNS_8bitwidth12compute_kindE0ELNS0_12decoder_kindE10ELNS0_13multiply_kindE1EEEvPKjS9_mNS0_12table_bundleIXT0_EEEPNS4_14compute_traitsIXT0_EE4typeE' for 'sm_90'
ptxas info    : Function properties for _ZN3aut12lns_strategy22dot_cooperative_kernelINS_3lns7lns4_r1ELNS_8bitwidth12compute_kindE0ELNS0_12decoder_kindE10ELNS0_13multiply_kindE1EEEvPKjS9_mNS0_12table_bundleIXT0_EEEPNS4_14compute_traitsIXT0_EE4typeE
    0 bytes stack frame, 0 bytes spill stores, 0 bytes spill loads
ptxas info    : Used 22 registers, used 1 barriers
ptxas info    : Compile time = 4.105 ms
ptxas info    : Compiling entry function '_ZN3aut12lns_strategy18gemv_thread_kernelINS_3lns7lns4_r1ELNS_8bitwidth12compute_kindE0ELNS4_14storage_layoutE1ELi8ELNS0_12decoder_kindE10ELNS0_13multiply_kindE1EEEvNS0_12storage_viewIT_XT1_EEESB_mmNS0_12table_bundleIXT0_EEEPNS4_14compute_traitsIXT0_EE4typeE' for 'sm_90'
ptxas info    : Function properties for _ZN3aut12lns_strategy18gemv_thread_kernelINS_3lns7lns4_r1ELNS_8bitwidth12compute_kindE0ELNS4_14storage_layoutE1ELi8ELNS0_12decoder_kindE10ELNS0_13multiply_kindE1EEEvNS0_12storage_viewIT_XT1_EEESB_mmNS0_12table_bundleIXT0_EEEPNS4_14compute_traitsIXT0_EE4typeE
    0 bytes stack frame, 0 bytes spill stores, 0 bytes spill loads
ptxas info    : Used 31 registers, used 1 barriers
ptxas info    : Compile time = 5.022 ms
ptxas info    : Compiling entry function '_ZN3aut12lns_strategy17dot_thread_kernelINS_3lns7lns4_r1ELNS_8bitwidth12compute_kindE0ELNS4_14storage_layoutE1ELi8ELNS0_12decoder_kindE10ELNS0_13multiply_kindE1EEEvNS0_12storage_viewIT_XT1_EEESB_mNS0_12table_bundleIXT0_EEEPNS4_14compute_traitsIXT0_EE4typeE' for 'sm_90'
ptxas info    : Function properties for _ZN3aut12lns_strategy17dot_thread_kernelINS_3lns7lns4_r1ELNS_8bitwidth12compute_kindE0ELNS4_14storage_layoutE1ELi8ELNS0_12decoder_kindE10ELNS0_13multiply_kindE1EEEvNS0_12storage_viewIT_XT1_EEESB_mNS0_12table_bundleIXT0_EEEPNS4_14compute_traitsIXT0_EE4typeE
    0 bytes stack frame, 0 bytes spill stores, 0 bytes spill loads
ptxas info    : Used 32 registers, used 1 barriers
ptxas info    : Compile time = 5.025 ms
ptxas info    : Compiling entry function '_ZN3aut12lns_strategy18gemv_thread_kernelINS_3lns7lns4_r1ELNS_8bitwidth12compute_kindE0ELNS4_14storage_layoutE1ELi4ELNS0_12decoder_kindE10ELNS0_13multiply_kindE1EEEvNS0_12storage_viewIT_XT1_EEESB_mmNS0_12table_bundleIXT0_EEEPNS4_14compute_traitsIXT0_EE4typeE' for 'sm_90'
ptxas info    : Function properties for _ZN3aut12lns_strategy18gemv_thread_kernelINS_3lns7lns4_r1ELNS_8bitwidth12compute_kindE0ELNS4_14storage_layoutE1ELi4ELNS0_12decoder_kindE10ELNS0_13multiply_kindE1EEEvNS0_12storage_viewIT_XT1_EEESB_mmNS0_12table_bundleIXT0_EEEPNS4_14compute_traitsIXT0_EE4typeE
    0 bytes stack frame, 0 bytes spill stores, 0 bytes spill loads
ptxas info    : Used 26 registers, used 1 barriers
ptxas info    : Compile time = 3.779 ms
ptxas info    : Compiling entry function '_ZN3aut12lns_strategy17dot_thread_kernelINS_3lns7lns4_r1ELNS_8bitwidth12compute_kindE0ELNS4_14storage_layoutE1ELi4ELNS0_12decoder_kindE10ELNS0_13multiply_kindE1EEEvNS0_12storage_viewIT_XT1_EEESB_mNS0_12table_bundleIXT0_EEEPNS4_14compute_traitsIXT0_EE4typeE' for 'sm_90'
ptxas info    : Function properties for _ZN3aut12lns_strategy17dot_thread_kernelINS_3lns7lns4_r1ELNS_8bitwidth12compute_kindE0ELNS4_14storage_layoutE1ELi4ELNS0_12decoder_kindE10ELNS0_13multiply_kindE1EEEvNS0_12storage_viewIT_XT1_EEESB_mNS0_12table_bundleIXT0_EEEPNS4_14compute_traitsIXT0_EE4typeE
    0 bytes stack frame, 0 bytes spill stores, 0 bytes spill loads
ptxas info    : Used 28 registers, used 1 barriers
ptxas info    : Compile time = 3.781 ms
ptxas info    : Compiling entry function '_ZN3aut12lns_strategy18gemv_thread_kernelINS_3lns7lns4_r1ELNS_8bitwidth12compute_kindE0ELNS4_14storage_layoutE1ELi2ELNS0_12decoder_kindE10ELNS0_13multiply_kindE1EEEvNS0_12storage_viewIT_XT1_EEESB_mmNS0_12table_bundleIXT0_EEEPNS4_14compute_traitsIXT0_EE4typeE' for 'sm_90'
ptxas info    : Function properties for _ZN3aut12lns_strategy18gemv_thread_kernelINS_3lns7lns4_r1ELNS_8bitwidth12compute_kindE0ELNS4_14storage_layoutE1ELi2ELNS0_12decoder_kindE10ELNS0_13multiply_kindE1EEEvNS0_12storage_viewIT_XT1_EEESB_mmNS0_12table_bundleIXT0_EEEPNS4_14compute_traitsIXT0_EE4typeE
    0 bytes stack frame, 0 bytes spill stores, 0 bytes spill loads
ptxas info    : Used 19 registers, used 1 barriers
ptxas info    : Compile time = 3.147 ms
ptxas info    : Compiling entry function '_ZN3aut12lns_strategy17dot_thread_kernelINS_3lns7lns4_r1ELNS_8bitwidth12compute_kindE0ELNS4_14storage_layoutE1ELi2ELNS0_12decoder_kindE10ELNS0_13multiply_kindE1EEEvNS0_12storage_viewIT_XT1_EEESB_mNS0_12table_bundleIXT0_EEEPNS4_14compute_traitsIXT0_EE4typeE' for 'sm_90'
ptxas info    : Function properties for _ZN3aut12lns_strategy17dot_thread_kernelINS_3lns7lns4_r1ELNS_8bitwidth12compute_kindE0ELNS4_14storage_layoutE1ELi2ELNS0_12decoder_kindE10ELNS0_13multiply_kindE1EEEvNS0_12storage_viewIT_XT1_EEESB_mNS0_12table_bundleIXT0_EEEPNS4_14compute_traitsIXT0_EE4typeE
    0 bytes stack frame, 0 bytes spill stores, 0 bytes spill loads
ptxas info    : Used 22 registers, used 1 barriers
ptxas info    : Compile time = 3.170 ms
ptxas info    : Compiling entry function '_ZN3aut12lns_strategy18gemv_thread_kernelINS_3lns7lns4_r1ELNS_8bitwidth12compute_kindE0ELNS4_14storage_layoutE0ELi8ELNS0_12decoder_kindE10ELNS0_13multiply_kindE1EEEvNS0_12storage_viewIT_XT1_EEESB_mmNS0_12table_bundleIXT0_EEEPNS4_14compute_traitsIXT0_EE4typeE' for 'sm_90'
ptxas info    : Function properties for _ZN3aut12lns_strategy18gemv_thread_kernelINS_3lns7lns4_r1ELNS_8bitwidth12compute_kindE0ELNS4_14storage_layoutE0ELi8ELNS0_12decoder_kindE10ELNS0_13multiply_kindE1EEEvNS0_12storage_viewIT_XT1_EEESB_mmNS0_12table_bundleIXT0_EEEPNS4_14compute_traitsIXT0_EE4typeE
    0 bytes stack frame, 0 bytes spill stores, 0 bytes spill loads
ptxas info    : Used 32 registers, used 1 barriers
ptxas info    : Compile time = 8.116 ms
ptxas info    : Compiling entry function '_ZN3aut12lns_strategy17dot_thread_kernelINS_3lns7lns4_r1ELNS_8bitwidth12compute_kindE0ELNS4_14storage_layoutE0ELi8ELNS0_12decoder_kindE10ELNS0_13multiply_kindE1EEEvNS0_12storage_viewIT_XT1_EEESB_mNS0_12table_bundleIXT0_EEEPNS4_14compute_traitsIXT0_EE4typeE' for 'sm_90'
ptxas info    : Function properties for _ZN3aut12lns_strategy17dot_thread_kernelINS_3lns7lns4_r1ELNS_8bitwidth12compute_kindE0ELNS4_14storage_layoutE0ELi8ELNS0_12decoder_kindE10ELNS0_13multiply_kindE1EEEvNS0_12storage_viewIT_XT1_EEESB_mNS0_12table_bundleIXT0_EEEPNS4_14compute_traitsIXT0_EE4typeE
    0 bytes stack frame, 0 bytes spill stores, 0 bytes spill loads
ptxas info    : Used 32 registers, used 1 barriers
ptxas info    : Compile time = 4.922 ms
ptxas info    : Compiling entry function '_ZN3aut12lns_strategy18gemv_thread_kernelINS_3lns7lns4_r1ELNS_8bitwidth12compute_kindE0ELNS4_14storage_layoutE0ELi4ELNS0_12decoder_kindE10ELNS0_13multiply_kindE1EEEvNS0_12storage_viewIT_XT1_EEESB_mmNS0_12table_bundleIXT0_EEEPNS4_14compute_traitsIXT0_EE4typeE' for 'sm_90'
ptxas info    : Function properties for _ZN3aut12lns_strategy18gemv_thread_kernelINS_3lns7lns4_r1ELNS_8bitwidth12compute_kindE0ELNS4_14storage_layoutE0ELi4ELNS0_12decoder_kindE10ELNS0_13multiply_kindE1EEEvNS0_12storage_viewIT_XT1_EEESB_mmNS0_12table_bundleIXT0_EEEPNS4_14compute_traitsIXT0_EE4typeE
    0 bytes stack frame, 0 bytes spill stores, 0 bytes spill loads
ptxas info    : Used 32 registers, used 1 barriers
ptxas info    : Compile time = 5.921 ms
ptxas info    : Compiling entry function '_ZN3aut12lns_strategy17dot_thread_kernelINS_3lns7lns4_r1ELNS_8bitwidth12compute_kindE0ELNS4_14storage_layoutE0ELi4ELNS0_12decoder_kindE10ELNS0_13multiply_kindE1EEEvNS0_12storage_viewIT_XT1_EEESB_mNS0_12table_bundleIXT0_EEEPNS4_14compute_traitsIXT0_EE4typeE' for 'sm_90'
ptxas info    : Function properties for _ZN3aut12lns_strategy17dot_thread_kernelINS_3lns7lns4_r1ELNS_8bitwidth12compute_kindE0ELNS4_14storage_layoutE0ELi4ELNS0_12decoder_kindE10ELNS0_13multiply_kindE1EEEvNS0_12storage_viewIT_XT1_EEESB_mNS0_12table_bundleIXT0_EEEPNS4_14compute_traitsIXT0_EE4typeE
    0 bytes stack frame, 0 bytes spill stores, 0 bytes spill loads
ptxas info    : Used 32 registers, used 1 barriers
ptxas info    : Compile time = 5.605 ms
ptxas info    : Compiling entry function '_ZN3aut12lns_strategy18gemv_thread_kernelINS_3lns7lns4_r1ELNS_8bitwidth12compute_kindE0ELNS4_14storage_layoutE0ELi2ELNS0_12decoder_kindE10ELNS0_13multiply_kindE1EEEvNS0_12storage_viewIT_XT1_EEESB_mmNS0_12table_bundleIXT0_EEEPNS4_14compute_traitsIXT0_EE4typeE' for 'sm_90'
ptxas info    : Function properties for _ZN3aut12lns_strategy18gemv_thread_kernelINS_3lns7lns4_r1ELNS_8bitwidth12compute_kindE0ELNS4_14storage_layoutE0ELi2ELNS0_12decoder_kindE10ELNS0_13multiply_kindE1EEEvNS0_12storage_viewIT_XT1_EEESB_mmNS0_12table_bundleIXT0_EEEPNS4_14compute_traitsIXT0_EE4typeE
    0 bytes stack frame, 0 bytes spill stores, 0 bytes spill loads
ptxas info    : Used 28 registers, used 1 barriers
ptxas info    : Compile time = 4.317 ms
ptxas info    : Compiling entry function '_ZN3aut12lns_strategy17dot_thread_kernelINS_3lns7lns4_r1ELNS_8bitwidth12compute_kindE0ELNS4_14storage_layoutE0ELi2ELNS0_12decoder_kindE10ELNS0_13multiply_kindE1EEEvNS0_12storage_viewIT_XT1_EEESB_mNS0_12table_bundleIXT0_EEEPNS4_14compute_traitsIXT0_EE4typeE' for 'sm_90'
ptxas info    : Function properties for _ZN3aut12lns_strategy17dot_thread_kernelINS_3lns7lns4_r1ELNS_8bitwidth12compute_kindE0ELNS4_14storage_layoutE0ELi2ELNS0_12decoder_kindE10ELNS0_13multiply_kindE1EEEvNS0_12storage_viewIT_XT1_EEESB_mNS0_12table_bundleIXT0_EEEPNS4_14compute_traitsIXT0_EE4typeE
    0 bytes stack frame, 0 bytes spill stores, 0 bytes spill loads
ptxas info    : Used 32 registers, used 1 barriers
ptxas info    : Compile time = 4.070 ms
ptxas info    : Compiling entry function '_ZN3aut12lns_strategy18gemv_thread_kernelINS_3lns7lns4_r1ELNS_8bitwidth12compute_kindE0ELNS4_14storage_layoutE1ELi1ELNS0_12decoder_kindE10ELNS0_13multiply_kindE1EEEvNS0_12storage_viewIT_XT1_EEESB_mmNS0_12table_bundleIXT0_EEEPNS4_14compute_traitsIXT0_EE4typeE' for 'sm_90'
ptxas info    : Function properties for _ZN3aut12lns_strategy18gemv_thread_kernelINS_3lns7lns4_r1ELNS_8bitwidth12compute_kindE0ELNS4_14storage_layoutE1ELi1ELNS0_12decoder_kindE10ELNS0_13multiply_kindE1EEEvNS0_12storage_viewIT_XT1_EEESB_mmNS0_12table_bundleIXT0_EEEPNS4_14compute_traitsIXT0_EE4typeE
    0 bytes stack frame, 0 bytes spill stores, 0 bytes spill loads
ptxas info    : Used 19 registers, used 1 barriers
ptxas info    : Compile time = 2.753 ms
ptxas info    : Compiling entry function '_ZN3aut12lns_strategy17dot_thread_kernelINS_3lns7lns4_r1ELNS_8bitwidth12compute_kindE0ELNS4_14storage_layoutE1ELi1ELNS0_12decoder_kindE10ELNS0_13multiply_kindE1EEEvNS0_12storage_viewIT_XT1_EEESB_mNS0_12table_bundleIXT0_EEEPNS4_14compute_traitsIXT0_EE4typeE' for 'sm_90'
ptxas info    : Function properties for _ZN3aut12lns_strategy17dot_thread_kernelINS_3lns7lns4_r1ELNS_8bitwidth12compute_kindE0ELNS4_14storage_layoutE1ELi1ELNS0_12decoder_kindE10ELNS0_13multiply_kindE1EEEvNS0_12storage_viewIT_XT1_EEESB_mNS0_12table_bundleIXT0_EEEPNS4_14compute_traitsIXT0_EE4typeE
    0 bytes stack frame, 0 bytes spill stores, 0 bytes spill loads
ptxas info    : Used 22 registers, used 1 barriers
ptxas info    : Compile time = 2.595 ms
ptxas info    : Compiling entry function '_ZN3aut12lns_strategy18gemv_thread_kernelINS_3lns7lns4_r1ELNS_8bitwidth12compute_kindE0ELNS4_14storage_layoutE0ELi1ELNS0_12decoder_kindE10ELNS0_13multiply_kindE1EEEvNS0_12storage_viewIT_XT1_EEESB_mmNS0_12table_bundleIXT0_EEEPNS4_14compute_traitsIXT0_EE4typeE' for 'sm_90'
ptxas info    : Function properties for _ZN3aut12lns_strategy18gemv_thread_kernelINS_3lns7lns4_r1ELNS_8bitwidth12compute_kindE0ELNS4_14storage_layoutE0ELi1ELNS0_12decoder_kindE10ELNS0_13multiply_kindE1EEEvNS0_12storage_viewIT_XT1_EEESB_mmNS0_12table_bundleIXT0_EEEPNS4_14compute_traitsIXT0_EE4typeE
    0 bytes stack frame, 0 bytes spill stores, 0 bytes spill loads
ptxas info    : Used 20 registers, used 1 barriers
ptxas info    : Compile time = 3.242 ms
ptxas info    : Compiling entry function '_ZN3aut12lns_strategy17dot_thread_kernelINS_3lns7lns4_r1ELNS_8bitwidth12compute_kindE0ELNS4_14storage_layoutE0ELi1ELNS0_12decoder_kindE10ELNS0_13multiply_kindE1EEEvNS0_12storage_viewIT_XT1_EEESB_mNS0_12table_bundleIXT0_EEEPNS4_14compute_traitsIXT0_EE4typeE' for 'sm_90'
ptxas info    : Function properties for _ZN3aut12lns_strategy17dot_thread_kernelINS_3lns7lns4_r1ELNS_8bitwidth12compute_kindE0ELNS4_14storage_layoutE0ELi1ELNS0_12decoder_kindE10ELNS0_13multiply_kindE1EEEvNS0_12storage_viewIT_XT1_EEESB_mNS0_12table_bundleIXT0_EEEPNS4_14compute_traitsIXT0_EE4typeE
    0 bytes stack frame, 0 bytes spill stores, 0 bytes spill loads
ptxas info    : Used 22 registers, used 1 barriers
ptxas info    : Compile time = 3.026 ms
ptxas info    : Compiling entry function '_ZN3aut12lns_strategy23gemv_cooperative_kernelINS_3lns7lns4_r1ELNS_8bitwidth12compute_kindE0ELNS0_12decoder_kindE6ELNS0_13multiply_kindE1EEEvPKjS9_mmNS0_12table_bundleIXT0_EEEPNS4_14compute_traitsIXT0_EE4typeE' for 'sm_90'
ptxas info    : Function properties for _ZN3aut12lns_strategy23gemv_cooperative_kernelINS_3lns7lns4_r1ELNS_8bitwidth12compute_kindE0ELNS0_12decoder_kindE6ELNS0_13multiply_kindE1EEEvPKjS9_mmNS0_12table_bundleIXT0_EEEPNS4_14compute_traitsIXT0_EE4typeE
    0 bytes stack frame, 0 bytes spill stores, 0 bytes spill loads
ptxas info    : Used 28 registers, used 1 barriers
ptxas info    : Compile time = 6.866 ms
ptxas info    : Compiling entry function '_ZN3aut12lns_strategy22dot_cooperative_kernelINS_3lns7lns4_r1ELNS_8bitwidth12compute_kindE0ELNS0_12decoder_kindE6ELNS0_13multiply_kindE1EEEvPKjS9_mNS0_12table_bundleIXT0_EEEPNS4_14compute_traitsIXT0_EE4typeE' for 'sm_90'
ptxas info    : Function properties for _ZN3aut12lns_strategy22dot_cooperative_kernelINS_3lns7lns4_r1ELNS_8bitwidth12compute_kindE0ELNS0_12decoder_kindE6ELNS0_13multiply_kindE1EEEvPKjS9_mNS0_12table_bundleIXT0_EEEPNS4_14compute_traitsIXT0_EE4typeE
    0 bytes stack frame, 0 bytes spill stores, 0 bytes spill loads
ptxas info    : Used 24 registers, used 1 barriers
ptxas info    : Compile time = 6.674 ms
ptxas info    : Compiling entry function '_ZN3aut12lns_strategy18gemv_thread_kernelINS_3lns7lns4_r1ELNS_8bitwidth12compute_kindE0ELNS4_14storage_layoutE1ELi8ELNS0_12decoder_kindE6ELNS0_13multiply_kindE1EEEvNS0_12storage_viewIT_XT1_EEESB_mmNS0_12table_bundleIXT0_EEEPNS4_14compute_traitsIXT0_EE4typeE' for 'sm_90'
ptxas info    : Function properties for _ZN3aut12lns_strategy18gemv_thread_kernelINS_3lns7lns4_r1ELNS_8bitwidth12compute_kindE0ELNS4_14storage_layoutE1ELi8ELNS0_12decoder_kindE6ELNS0_13multiply_kindE1EEEvNS0_12storage_viewIT_XT1_EEESB_mmNS0_12table_bundleIXT0_EEEPNS4_14compute_traitsIXT0_EE4typeE
    0 bytes stack frame, 0 bytes spill stores, 0 bytes spill loads
ptxas info    : Used 38 registers, used 1 barriers
ptxas info    : Compile time = 20.699 ms
ptxas info    : Compiling entry function '_ZN3aut12lns_strategy17dot_thread_kernelINS_3lns7lns4_r1ELNS_8bitwidth12compute_kindE0ELNS4_14storage_layoutE1ELi8ELNS0_12decoder_kindE6ELNS0_13multiply_kindE1EEEvNS0_12storage_viewIT_XT1_EEESB_mNS0_12table_bundleIXT0_EEEPNS4_14compute_traitsIXT0_EE4typeE' for 'sm_90'
ptxas info    : Function properties for _ZN3aut12lns_strategy17dot_thread_kernelINS_3lns7lns4_r1ELNS_8bitwidth12compute_kindE0ELNS4_14storage_layoutE1ELi8ELNS0_12decoder_kindE6ELNS0_13multiply_kindE1EEEvNS0_12storage_viewIT_XT1_EEESB_mNS0_12table_bundleIXT0_EEEPNS4_14compute_traitsIXT0_EE4typeE
    0 bytes stack frame, 0 bytes spill stores, 0 bytes spill loads
ptxas info    : Used 43 registers, used 1 barriers
ptxas info    : Compile time = 20.122 ms
ptxas info    : Compiling entry function '_ZN3aut12lns_strategy18gemv_thread_kernelINS_3lns7lns4_r1ELNS_8bitwidth12compute_kindE0ELNS4_14storage_layoutE1ELi4ELNS0_12decoder_kindE6ELNS0_13multiply_kindE1EEEvNS0_12storage_viewIT_XT1_EEESB_mmNS0_12table_bundleIXT0_EEEPNS4_14compute_traitsIXT0_EE4typeE' for 'sm_90'
ptxas info    : Function properties for _ZN3aut12lns_strategy18gemv_thread_kernelINS_3lns7lns4_r1ELNS_8bitwidth12compute_kindE0ELNS4_14storage_layoutE1ELi4ELNS0_12decoder_kindE6ELNS0_13multiply_kindE1EEEvNS0_12storage_viewIT_XT1_EEESB_mmNS0_12table_bundleIXT0_EEEPNS4_14compute_traitsIXT0_EE4typeE
    0 bytes stack frame, 0 bytes spill stores, 0 bytes spill loads
ptxas info    : Used 27 registers, used 1 barriers
ptxas info    : Compile time = 11.838 ms
ptxas info    : Compiling entry function '_ZN3aut12lns_strategy17dot_thread_kernelINS_3lns7lns4_r1ELNS_8bitwidth12compute_kindE0ELNS4_14storage_layoutE1ELi4ELNS0_12decoder_kindE6ELNS0_13multiply_kindE1EEEvNS0_12storage_viewIT_XT1_EEESB_mNS0_12table_bundleIXT0_EEEPNS4_14compute_traitsIXT0_EE4typeE' for 'sm_90'
ptxas info    : Function properties for _ZN3aut12lns_strategy17dot_thread_kernelINS_3lns7lns4_r1ELNS_8bitwidth12compute_kindE0ELNS4_14storage_layoutE1ELi4ELNS0_12decoder_kindE6ELNS0_13multiply_kindE1EEEvNS0_12storage_viewIT_XT1_EEESB_mNS0_12table_bundleIXT0_EEEPNS4_14compute_traitsIXT0_EE4typeE
    0 bytes stack frame, 0 bytes spill stores, 0 bytes spill loads
ptxas info    : Used 30 registers, used 1 barriers
ptxas info    : Compile time = 11.937 ms
ptxas info    : Compiling entry function '_ZN3aut12lns_strategy18gemv_thread_kernelINS_3lns7lns4_r1ELNS_8bitwidth12compute_kindE0ELNS4_14storage_layoutE1ELi2ELNS0_12decoder_kindE6ELNS0_13multiply_kindE1EEEvNS0_12storage_viewIT_XT1_EEESB_mmNS0_12table_bundleIXT0_EEEPNS4_14compute_traitsIXT0_EE4typeE' for 'sm_90'
ptxas info    : Function properties for _ZN3aut12lns_strategy18gemv_thread_kernelINS_3lns7lns4_r1ELNS_8bitwidth12compute_kindE0ELNS4_14storage_layoutE1ELi2ELNS0_12decoder_kindE6ELNS0_13multiply_kindE1EEEvNS0_12storage_viewIT_XT1_EEESB_mmNS0_12table_bundleIXT0_EEEPNS4_14compute_traitsIXT0_EE4typeE
    0 bytes stack frame, 0 bytes spill stores, 0 bytes spill loads
ptxas info    : Used 24 registers, used 1 barriers
ptxas info    : Compile time = 7.897 ms
ptxas info    : Compiling entry function '_ZN3aut12lns_strategy17dot_thread_kernelINS_3lns7lns4_r1ELNS_8bitwidth12compute_kindE0ELNS4_14storage_layoutE1ELi2ELNS0_12decoder_kindE6ELNS0_13multiply_kindE1EEEvNS0_12storage_viewIT_XT1_EEESB_mNS0_12table_bundleIXT0_EEEPNS4_14compute_traitsIXT0_EE4typeE' for 'sm_90'
ptxas info    : Function properties for _ZN3aut12lns_strategy17dot_thread_kernelINS_3lns7lns4_r1ELNS_8bitwidth12compute_kindE0ELNS4_14storage_layoutE1ELi2ELNS0_12decoder_kindE6ELNS0_13multiply_kindE1EEEvNS0_12storage_viewIT_XT1_EEESB_mNS0_12table_bundleIXT0_EEEPNS4_14compute_traitsIXT0_EE4typeE
    0 bytes stack frame, 0 bytes spill stores, 0 bytes spill loads
ptxas info    : Used 30 registers, used 1 barriers
ptxas info    : Compile time = 7.937 ms
ptxas info    : Compiling entry function '_ZN3aut12lns_strategy18gemv_thread_kernelINS_3lns7lns4_r1ELNS_8bitwidth12compute_kindE0ELNS4_14storage_layoutE0ELi8ELNS0_12decoder_kindE6ELNS0_13multiply_kindE1EEEvNS0_12storage_viewIT_XT1_EEESB_mmNS0_12table_bundleIXT0_EEEPNS4_14compute_traitsIXT0_EE4typeE' for 'sm_90'
ptxas info    : Function properties for _ZN3aut12lns_strategy18gemv_thread_kernelINS_3lns7lns4_r1ELNS_8bitwidth12compute_kindE0ELNS4_14storage_layoutE0ELi8ELNS0_12decoder_kindE6ELNS0_13multiply_kindE1EEEvNS0_12storage_viewIT_XT1_EEESB_mmNS0_12table_bundleIXT0_EEEPNS4_14compute_traitsIXT0_EE4typeE
    0 bytes stack frame, 0 bytes spill stores, 0 bytes spill loads
ptxas info    : Used 54 registers, used 1 barriers
ptxas info    : Compile time = 23.150 ms
ptxas info    : Compiling entry function '_ZN3aut12lns_strategy17dot_thread_kernelINS_3lns7lns4_r1ELNS_8bitwidth12compute_kindE0ELNS4_14storage_layoutE0ELi8ELNS0_12decoder_kindE6ELNS0_13multiply_kindE1EEEvNS0_12storage_viewIT_XT1_EEESB_mNS0_12table_bundleIXT0_EEEPNS4_14compute_traitsIXT0_EE4typeE' for 'sm_90'
ptxas info    : Function properties for _ZN3aut12lns_strategy17dot_thread_kernelINS_3lns7lns4_r1ELNS_8bitwidth12compute_kindE0ELNS4_14storage_layoutE0ELi8ELNS0_12decoder_kindE6ELNS0_13multiply_kindE1EEEvNS0_12storage_viewIT_XT1_EEESB_mNS0_12table_bundleIXT0_EEEPNS4_14compute_traitsIXT0_EE4typeE
    0 bytes stack frame, 0 bytes spill stores, 0 bytes spill loads
ptxas info    : Used 46 registers, used 1 barriers
ptxas info    : Compile time = 20.119 ms
ptxas info    : Compiling entry function '_ZN3aut12lns_strategy18gemv_thread_kernelINS_3lns7lns4_r1ELNS_8bitwidth12compute_kindE0ELNS4_14storage_layoutE0ELi4ELNS0_12decoder_kindE6ELNS0_13multiply_kindE1EEEvNS0_12storage_viewIT_XT1_EEESB_mmNS0_12table_bundleIXT0_EEEPNS4_14compute_traitsIXT0_EE4typeE' for 'sm_90'
ptxas info    : Function properties for _ZN3aut12lns_strategy18gemv_thread_kernelINS_3lns7lns4_r1ELNS_8bitwidth12compute_kindE0ELNS4_14storage_layoutE0ELi4ELNS0_12decoder_kindE6ELNS0_13multiply_kindE1EEEvNS0_12storage_viewIT_XT1_EEESB_mmNS0_12table_bundleIXT0_EEEPNS4_14compute_traitsIXT0_EE4typeE
    0 bytes stack frame, 0 bytes spill stores, 0 bytes spill loads
ptxas info    : Used 34 registers, used 1 barriers
ptxas info    : Compile time = 13.967 ms
ptxas info    : Compiling entry function '_ZN3aut12lns_strategy17dot_thread_kernelINS_3lns7lns4_r1ELNS_8bitwidth12compute_kindE0ELNS4_14storage_layoutE0ELi4ELNS0_12decoder_kindE6ELNS0_13multiply_kindE1EEEvNS0_12storage_viewIT_XT1_EEESB_mNS0_12table_bundleIXT0_EEEPNS4_14compute_traitsIXT0_EE4typeE' for 'sm_90'
ptxas info    : Function properties for _ZN3aut12lns_strategy17dot_thread_kernelINS_3lns7lns4_r1ELNS_8bitwidth12compute_kindE0ELNS4_14storage_layoutE0ELi4ELNS0_12decoder_kindE6ELNS0_13multiply_kindE1EEEvNS0_12storage_viewIT_XT1_EEESB_mNS0_12table_bundleIXT0_EEEPNS4_14compute_traitsIXT0_EE4typeE
    0 bytes stack frame, 0 bytes spill stores, 0 bytes spill loads
ptxas info    : Used 32 registers, used 1 barriers
ptxas info    : Compile time = 13.501 ms
ptxas info    : Compiling entry function '_ZN3aut12lns_strategy18gemv_thread_kernelINS_3lns7lns4_r1ELNS_8bitwidth12compute_kindE0ELNS4_14storage_layoutE0ELi2ELNS0_12decoder_kindE6ELNS0_13multiply_kindE1EEEvNS0_12storage_viewIT_XT1_EEESB_mmNS0_12table_bundleIXT0_EEEPNS4_14compute_traitsIXT0_EE4typeE' for 'sm_90'
ptxas info    : Function properties for _ZN3aut12lns_strategy18gemv_thread_kernelINS_3lns7lns4_r1ELNS_8bitwidth12compute_kindE0ELNS4_14storage_layoutE0ELi2ELNS0_12decoder_kindE6ELNS0_13multiply_kindE1EEEvNS0_12storage_viewIT_XT1_EEESB_mmNS0_12table_bundleIXT0_EEEPNS4_14compute_traitsIXT0_EE4typeE
    0 bytes stack frame, 0 bytes spill stores, 0 bytes spill loads
ptxas info    : Used 32 registers, used 1 barriers
ptxas info    : Compile time = 8.791 ms
ptxas info    : Compiling entry function '_ZN3aut12lns_strategy17dot_thread_kernelINS_3lns7lns4_r1ELNS_8bitwidth12compute_kindE0ELNS4_14storage_layoutE0ELi2ELNS0_12decoder_kindE6ELNS0_13multiply_kindE1EEEvNS0_12storage_viewIT_XT1_EEESB_mNS0_12table_bundleIXT0_EEEPNS4_14compute_traitsIXT0_EE4typeE' for 'sm_90'
ptxas info    : Function properties for _ZN3aut12lns_strategy17dot_thread_kernelINS_3lns7lns4_r1ELNS_8bitwidth12compute_kindE0ELNS4_14storage_layoutE0ELi2ELNS0_12decoder_kindE6ELNS0_13multiply_kindE1EEEvNS0_12storage_viewIT_XT1_EEESB_mNS0_12table_bundleIXT0_EEEPNS4_14compute_traitsIXT0_EE4typeE
    0 bytes stack frame, 0 bytes spill stores, 0 bytes spill loads
ptxas info    : Used 32 registers, used 1 barriers
ptxas info    : Compile time = 8.688 ms
ptxas info    : Compiling entry function '_ZN3aut12lns_strategy18gemv_thread_kernelINS_3lns7lns4_r1ELNS_8bitwidth12compute_kindE0ELNS4_14storage_layoutE1ELi1ELNS0_12decoder_kindE6ELNS0_13multiply_kindE1EEEvNS0_12storage_viewIT_XT1_EEESB_mmNS0_12table_bundleIXT0_EEEPNS4_14compute_traitsIXT0_EE4typeE' for 'sm_90'
ptxas info    : Function properties for _ZN3aut12lns_strategy18gemv_thread_kernelINS_3lns7lns4_r1ELNS_8bitwidth12compute_kindE0ELNS4_14storage_layoutE1ELi1ELNS0_12decoder_kindE6ELNS0_13multiply_kindE1EEEvNS0_12storage_viewIT_XT1_EEESB_mmNS0_12table_bundleIXT0_EEEPNS4_14compute_traitsIXT0_EE4typeE
    0 bytes stack frame, 0 bytes spill stores, 0 bytes spill loads
ptxas info    : Used 23 registers, used 1 barriers
ptxas info    : Compile time = 5.498 ms
ptxas info    : Compiling entry function '_ZN3aut12lns_strategy17dot_thread_kernelINS_3lns7lns4_r1ELNS_8bitwidth12compute_kindE0ELNS4_14storage_layoutE1ELi1ELNS0_12decoder_kindE6ELNS0_13multiply_kindE1EEEvNS0_12storage_viewIT_XT1_EEESB_mNS0_12table_bundleIXT0_EEEPNS4_14compute_traitsIXT0_EE4typeE' for 'sm_90'
ptxas info    : Function properties for _ZN3aut12lns_strategy17dot_thread_kernelINS_3lns7lns4_r1ELNS_8bitwidth12compute_kindE0ELNS4_14storage_layoutE1ELi1ELNS0_12decoder_kindE6ELNS0_13multiply_kindE1EEEvNS0_12storage_viewIT_XT1_EEESB_mNS0_12table_bundleIXT0_EEEPNS4_14compute_traitsIXT0_EE4typeE
    0 bytes stack frame, 0 bytes spill stores, 0 bytes spill loads
ptxas info    : Used 26 registers, used 1 barriers
ptxas info    : Compile time = 5.380 ms
ptxas info    : Compiling entry function '_ZN3aut12lns_strategy18gemv_thread_kernelINS_3lns7lns4_r1ELNS_8bitwidth12compute_kindE0ELNS4_14storage_layoutE0ELi1ELNS0_12decoder_kindE6ELNS0_13multiply_kindE1EEEvNS0_12storage_viewIT_XT1_EEESB_mmNS0_12table_bundleIXT0_EEEPNS4_14compute_traitsIXT0_EE4typeE' for 'sm_90'
ptxas info    : Function properties for _ZN3aut12lns_strategy18gemv_thread_kernelINS_3lns7lns4_r1ELNS_8bitwidth12compute_kindE0ELNS4_14storage_layoutE0ELi1ELNS0_12decoder_kindE6ELNS0_13multiply_kindE1EEEvNS0_12storage_viewIT_XT1_EEESB_mmNS0_12table_bundleIXT0_EEEPNS4_14compute_traitsIXT0_EE4typeE
    0 bytes stack frame, 0 bytes spill stores, 0 bytes spill loads
ptxas info    : Used 23 registers, used 1 barriers
ptxas info    : Compile time = 5.919 ms
ptxas info    : Compiling entry function '_ZN3aut12lns_strategy17dot_thread_kernelINS_3lns7lns4_r1ELNS_8bitwidth12compute_kindE0ELNS4_14storage_layoutE0ELi1ELNS0_12decoder_kindE6ELNS0_13multiply_kindE1EEEvNS0_12storage_viewIT_XT1_EEESB_mNS0_12table_bundleIXT0_EEEPNS4_14compute_traitsIXT0_EE4typeE' for 'sm_90'
ptxas info    : Function properties for _ZN3aut12lns_strategy17dot_thread_kernelINS_3lns7lns4_r1ELNS_8bitwidth12compute_kindE0ELNS4_14storage_layoutE0ELi1ELNS0_12decoder_kindE6ELNS0_13multiply_kindE1EEEvNS0_12storage_viewIT_XT1_EEESB_mNS0_12table_bundleIXT0_EEEPNS4_14compute_traitsIXT0_EE4typeE
    0 bytes stack frame, 0 bytes spill stores, 0 bytes spill loads
ptxas info    : Used 26 registers, used 1 barriers
ptxas info    : Compile time = 5.711 ms
ptxas info    : Compiling entry function '_ZN3aut12lns_strategy23gemv_cooperative_kernelINS_3lns7lns4_r1ELNS_8bitwidth12compute_kindE0ELNS0_12decoder_kindE6ELNS0_13multiply_kindE0EEEvPKjS9_mmNS0_12table_bundleIXT0_EEEPNS4_14compute_traitsIXT0_EE4typeE' for 'sm_90'
ptxas info    : Function properties for _ZN3aut12lns_strategy23gemv_cooperative_kernelINS_3lns7lns4_r1ELNS_8bitwidth12compute_kindE0ELNS0_12decoder_kindE6ELNS0_13multiply_kindE0EEEvPKjS9_mmNS0_12table_bundleIXT0_EEEPNS4_14compute_traitsIXT0_EE4typeE
    0 bytes stack frame, 0 bytes spill stores, 0 bytes spill loads
ptxas info    : Used 27 registers, used 1 barriers
ptxas info    : Compile time = 7.422 ms
ptxas info    : Compiling entry function '_ZN3aut12lns_strategy22dot_cooperative_kernelINS_3lns7lns4_r1ELNS_8bitwidth12compute_kindE0ELNS0_12decoder_kindE6ELNS0_13multiply_kindE0EEEvPKjS9_mNS0_12table_bundleIXT0_EEEPNS4_14compute_traitsIXT0_EE4typeE' for 'sm_90'
ptxas info    : Function properties for _ZN3aut12lns_strategy22dot_cooperative_kernelINS_3lns7lns4_r1ELNS_8bitwidth12compute_kindE0ELNS0_12decoder_kindE6ELNS0_13multiply_kindE0EEEvPKjS9_mNS0_12table_bundleIXT0_EEEPNS4_14compute_traitsIXT0_EE4typeE
    0 bytes stack frame, 0 bytes spill stores, 0 bytes spill loads
ptxas info    : Used 26 registers, used 1 barriers
ptxas info    : Compile time = 7.300 ms
ptxas info    : Compiling entry function '_ZN3aut12lns_strategy18gemv_thread_kernelINS_3lns7lns4_r1ELNS_8bitwidth12compute_kindE0ELNS4_14storage_layoutE1ELi8ELNS0_12decoder_kindE6ELNS0_13multiply_kindE0EEEvNS0_12storage_viewIT_XT1_EEESB_mmNS0_12table_bundleIXT0_EEEPNS4_14compute_traitsIXT0_EE4typeE' for 'sm_90'
ptxas info    : Function properties for _ZN3aut12lns_strategy18gemv_thread_kernelINS_3lns7lns4_r1ELNS_8bitwidth12compute_kindE0ELNS4_14storage_layoutE1ELi8ELNS0_12decoder_kindE6ELNS0_13multiply_kindE0EEEvNS0_12storage_viewIT_XT1_EEESB_mmNS0_12table_bundleIXT0_EEEPNS4_14compute_traitsIXT0_EE4typeE
    0 bytes stack frame, 0 bytes spill stores, 0 bytes spill loads
ptxas info    : Used 37 registers, used 1 barriers
ptxas info    : Compile time = 26.015 ms
ptxas info    : Compiling entry function '_ZN3aut12lns_strategy17dot_thread_kernelINS_3lns7lns4_r1ELNS_8bitwidth12compute_kindE0ELNS4_14storage_layoutE1ELi8ELNS0_12decoder_kindE6ELNS0_13multiply_kindE0EEEvNS0_12storage_viewIT_XT1_EEESB_mNS0_12table_bundleIXT0_EEEPNS4_14compute_traitsIXT0_EE4typeE' for 'sm_90'
ptxas info    : Function properties for _ZN3aut12lns_strategy17dot_thread_kernelINS_3lns7lns4_r1ELNS_8bitwidth12compute_kindE0ELNS4_14storage_layoutE1ELi8ELNS0_12decoder_kindE6ELNS0_13multiply_kindE0EEEvNS0_12storage_viewIT_XT1_EEESB_mNS0_12table_bundleIXT0_EEEPNS4_14compute_traitsIXT0_EE4typeE
    0 bytes stack frame, 0 bytes spill stores, 0 bytes spill loads
ptxas info    : Used 39 registers, used 1 barriers
ptxas info    : Compile time = 26.024 ms
ptxas info    : Compiling entry function '_ZN3aut12lns_strategy18gemv_thread_kernelINS_3lns7lns4_r1ELNS_8bitwidth12compute_kindE0ELNS4_14storage_layoutE1ELi4ELNS0_12decoder_kindE6ELNS0_13multiply_kindE0EEEvNS0_12storage_viewIT_XT1_EEESB_mmNS0_12table_bundleIXT0_EEEPNS4_14compute_traitsIXT0_EE4typeE' for 'sm_90'
ptxas info    : Function properties for _ZN3aut12lns_strategy18gemv_thread_kernelINS_3lns7lns4_r1ELNS_8bitwidth12compute_kindE0ELNS4_14storage_layoutE1ELi4ELNS0_12decoder_kindE6ELNS0_13multiply_kindE0EEEvNS0_12storage_viewIT_XT1_EEESB_mmNS0_12table_bundleIXT0_EEEPNS4_14compute_traitsIXT0_EE4typeE
    0 bytes stack frame, 0 bytes spill stores, 0 bytes spill loads
ptxas info    : Used 28 registers, used 1 barriers
ptxas info    : Compile time = 14.526 ms
ptxas info    : Compiling entry function '_ZN3aut12lns_strategy17dot_thread_kernelINS_3lns7lns4_r1ELNS_8bitwidth12compute_kindE0ELNS4_14storage_layoutE1ELi4ELNS0_12decoder_kindE6ELNS0_13multiply_kindE0EEEvNS0_12storage_viewIT_XT1_EEESB_mNS0_12table_bundleIXT0_EEEPNS4_14compute_traitsIXT0_EE4typeE' for 'sm_90'
ptxas info    : Function properties for _ZN3aut12lns_strategy17dot_thread_kernelINS_3lns7lns4_r1ELNS_8bitwidth12compute_kindE0ELNS4_14storage_layoutE1ELi4ELNS0_12decoder_kindE6ELNS0_13multiply_kindE0EEEvNS0_12storage_viewIT_XT1_EEESB_mNS0_12table_bundleIXT0_EEEPNS4_14compute_traitsIXT0_EE4typeE
    0 bytes stack frame, 0 bytes spill stores, 0 bytes spill loads
ptxas info    : Used 33 registers, used 1 barriers
ptxas info    : Compile time = 14.746 ms
ptxas info    : Compiling entry function '_ZN3aut12lns_strategy18gemv_thread_kernelINS_3lns7lns4_r1ELNS_8bitwidth12compute_kindE0ELNS4_14storage_layoutE1ELi2ELNS0_12decoder_kindE6ELNS0_13multiply_kindE0EEEvNS0_12storage_viewIT_XT1_EEESB_mmNS0_12table_bundleIXT0_EEEPNS4_14compute_traitsIXT0_EE4typeE' for 'sm_90'
ptxas info    : Function properties for _ZN3aut12lns_strategy18gemv_thread_kernelINS_3lns7lns4_r1ELNS_8bitwidth12compute_kindE0ELNS4_14storage_layoutE1ELi2ELNS0_12decoder_kindE6ELNS0_13multiply_kindE0EEEvNS0_12storage_viewIT_XT1_EEESB_mmNS0_12table_bundleIXT0_EEEPNS4_14compute_traitsIXT0_EE4typeE
    0 bytes stack frame, 0 bytes spill stores, 0 bytes spill loads
ptxas info    : Used 25 registers, used 1 barriers
ptxas info    : Compile time = 9.218 ms
ptxas info    : Compiling entry function '_ZN3aut12lns_strategy17dot_thread_kernelINS_3lns7lns4_r1ELNS_8bitwidth12compute_kindE0ELNS4_14storage_layoutE1ELi2ELNS0_12decoder_kindE6ELNS0_13multiply_kindE0EEEvNS0_12storage_viewIT_XT1_EEESB_mNS0_12table_bundleIXT0_EEEPNS4_14compute_traitsIXT0_EE4typeE' for 'sm_90'
ptxas info    : Function properties for _ZN3aut12lns_strategy17dot_thread_kernelINS_3lns7lns4_r1ELNS_8bitwidth12compute_kindE0ELNS4_14storage_layoutE1ELi2ELNS0_12decoder_kindE6ELNS0_13multiply_kindE0EEEvNS0_12storage_viewIT_XT1_EEESB_mNS0_12table_bundleIXT0_EEEPNS4_14compute_traitsIXT0_EE4typeE
    0 bytes stack frame, 0 bytes spill stores, 0 bytes spill loads
ptxas info    : Used 29 registers, used 1 barriers
ptxas info    : Compile time = 9.303 ms
ptxas info    : Compiling entry function '_ZN3aut12lns_strategy18gemv_thread_kernelINS_3lns7lns4_r1ELNS_8bitwidth12compute_kindE0ELNS4_14storage_layoutE0ELi8ELNS0_12decoder_kindE6ELNS0_13multiply_kindE0EEEvNS0_12storage_viewIT_XT1_EEESB_mmNS0_12table_bundleIXT0_EEEPNS4_14compute_traitsIXT0_EE4typeE' for 'sm_90'
ptxas info    : Function properties for _ZN3aut12lns_strategy18gemv_thread_kernelINS_3lns7lns4_r1ELNS_8bitwidth12compute_kindE0ELNS4_14storage_layoutE0ELi8ELNS0_12decoder_kindE6ELNS0_13multiply_kindE0EEEvNS0_12storage_viewIT_XT1_EEESB_mmNS0_12table_bundleIXT0_EEEPNS4_14compute_traitsIXT0_EE4typeE
    0 bytes stack frame, 0 bytes spill stores, 0 bytes spill loads
ptxas info    : Used 48 registers, used 1 barriers
ptxas info    : Compile time = 29.810 ms
ptxas info    : Compiling entry function '_ZN3aut12lns_strategy17dot_thread_kernelINS_3lns7lns4_r1ELNS_8bitwidth12compute_kindE0ELNS4_14storage_layoutE0ELi8ELNS0_12decoder_kindE6ELNS0_13multiply_kindE0EEEvNS0_12storage_viewIT_XT1_EEESB_mNS0_12table_bundleIXT0_EEEPNS4_14compute_traitsIXT0_EE4typeE' for 'sm_90'
ptxas info    : Function properties for _ZN3aut12lns_strategy17dot_thread_kernelINS_3lns7lns4_r1ELNS_8bitwidth12compute_kindE0ELNS4_14storage_layoutE0ELi8ELNS0_12decoder_kindE6ELNS0_13multiply_kindE0EEEvNS0_12storage_viewIT_XT1_EEESB_mNS0_12table_bundleIXT0_EEEPNS4_14compute_traitsIXT0_EE4typeE
    0 bytes stack frame, 0 bytes spill stores, 0 bytes spill loads
ptxas info    : Used 29 registers, used 1 barriers
ptxas info    : Compile time = 26.077 ms
ptxas info    : Compiling entry function '_ZN3aut12lns_strategy18gemv_thread_kernelINS_3lns7lns4_r1ELNS_8bitwidth12compute_kindE0ELNS4_14storage_layoutE0ELi4ELNS0_12decoder_kindE6ELNS0_13multiply_kindE0EEEvNS0_12storage_viewIT_XT1_EEESB_mmNS0_12table_bundleIXT0_EEEPNS4_14compute_traitsIXT0_EE4typeE' for 'sm_90'
ptxas info    : Function properties for _ZN3aut12lns_strategy18gemv_thread_kernelINS_3lns7lns4_r1ELNS_8bitwidth12compute_kindE0ELNS4_14storage_layoutE0ELi4ELNS0_12decoder_kindE6ELNS0_13multiply_kindE0EEEvNS0_12storage_viewIT_XT1_EEESB_mmNS0_12table_bundleIXT0_EEEPNS4_14compute_traitsIXT0_EE4typeE
    0 bytes stack frame, 0 bytes spill stores, 0 bytes spill loads
ptxas info    : Used 37 registers, used 1 barriers
ptxas info    : Compile time = 16.499 ms
ptxas info    : Compiling entry function '_ZN3aut12lns_strategy17dot_thread_kernelINS_3lns7lns4_r1ELNS_8bitwidth12compute_kindE0ELNS4_14storage_layoutE0ELi4ELNS0_12decoder_kindE6ELNS0_13multiply_kindE0EEEvNS0_12storage_viewIT_XT1_EEESB_mNS0_12table_bundleIXT0_EEEPNS4_14compute_traitsIXT0_EE4typeE' for 'sm_90'
ptxas info    : Function properties for _ZN3aut12lns_strategy17dot_thread_kernelINS_3lns7lns4_r1ELNS_8bitwidth12compute_kindE0ELNS4_14storage_layoutE0ELi4ELNS0_12decoder_kindE6ELNS0_13multiply_kindE0EEEvNS0_12storage_viewIT_XT1_EEESB_mNS0_12table_bundleIXT0_EEEPNS4_14compute_traitsIXT0_EE4typeE
    0 bytes stack frame, 0 bytes spill stores, 0 bytes spill loads
ptxas info    : Used 32 registers, used 1 barriers
ptxas info    : Compile time = 16.193 ms
ptxas info    : Compiling entry function '_ZN3aut12lns_strategy18gemv_thread_kernelINS_3lns7lns4_r1ELNS_8bitwidth12compute_kindE0ELNS4_14storage_layoutE0ELi2ELNS0_12decoder_kindE6ELNS0_13multiply_kindE0EEEvNS0_12storage_viewIT_XT1_EEESB_mmNS0_12table_bundleIXT0_EEEPNS4_14compute_traitsIXT0_EE4typeE' for 'sm_90'
ptxas info    : Function properties for _ZN3aut12lns_strategy18gemv_thread_kernelINS_3lns7lns4_r1ELNS_8bitwidth12compute_kindE0ELNS4_14storage_layoutE0ELi2ELNS0_12decoder_kindE6ELNS0_13multiply_kindE0EEEvNS0_12storage_viewIT_XT1_EEESB_mmNS0_12table_bundleIXT0_EEEPNS4_14compute_traitsIXT0_EE4typeE
    0 bytes stack frame, 0 bytes spill stores, 0 bytes spill loads
ptxas info    : Used 32 registers, used 1 barriers
ptxas info    : Compile time = 10.072 ms
ptxas info    : Compiling entry function '_ZN3aut12lns_strategy17dot_thread_kernelINS_3lns7lns4_r1ELNS_8bitwidth12compute_kindE0ELNS4_14storage_layoutE0ELi2ELNS0_12decoder_kindE6ELNS0_13multiply_kindE0EEEvNS0_12storage_viewIT_XT1_EEESB_mNS0_12table_bundleIXT0_EEEPNS4_14compute_traitsIXT0_EE4typeE' for 'sm_90'
ptxas info    : Function properties for _ZN3aut12lns_strategy17dot_thread_kernelINS_3lns7lns4_r1ELNS_8bitwidth12compute_kindE0ELNS4_14storage_layoutE0ELi2ELNS0_12decoder_kindE6ELNS0_13multiply_kindE0EEEvNS0_12storage_viewIT_XT1_EEESB_mNS0_12table_bundleIXT0_EEEPNS4_14compute_traitsIXT0_EE4typeE
    0 bytes stack frame, 0 bytes spill stores, 0 bytes spill loads
ptxas info    : Used 32 registers, used 1 barriers
ptxas info    : Compile time = 9.934 ms
ptxas info    : Compiling entry function '_ZN3aut12lns_strategy18gemv_thread_kernelINS_3lns7lns4_r1ELNS_8bitwidth12compute_kindE0ELNS4_14storage_layoutE1ELi1ELNS0_12decoder_kindE6ELNS0_13multiply_kindE0EEEvNS0_12storage_viewIT_XT1_EEESB_mmNS0_12table_bundleIXT0_EEEPNS4_14compute_traitsIXT0_EE4typeE' for 'sm_90'
ptxas info    : Function properties for _ZN3aut12lns_strategy18gemv_thread_kernelINS_3lns7lns4_r1ELNS_8bitwidth12compute_kindE0ELNS4_14storage_layoutE1ELi1ELNS0_12decoder_kindE6ELNS0_13multiply_kindE0EEEvNS0_12storage_viewIT_XT1_EEESB_mmNS0_12table_bundleIXT0_EEEPNS4_14compute_traitsIXT0_EE4typeE
    0 bytes stack frame, 0 bytes spill stores, 0 bytes spill loads
ptxas info    : Used 23 registers, used 1 barriers
ptxas info    : Compile time = 6.367 ms
ptxas info    : Compiling entry function '_ZN3aut12lns_strategy17dot_thread_kernelINS_3lns7lns4_r1ELNS_8bitwidth12compute_kindE0ELNS4_14storage_layoutE1ELi1ELNS0_12decoder_kindE6ELNS0_13multiply_kindE0EEEvNS0_12storage_viewIT_XT1_EEESB_mNS0_12table_bundleIXT0_EEEPNS4_14compute_traitsIXT0_EE4typeE' for 'sm_90'
ptxas info    : Function properties for _ZN3aut12lns_strategy17dot_thread_kernelINS_3lns7lns4_r1ELNS_8bitwidth12compute_kindE0ELNS4_14storage_layoutE1ELi1ELNS0_12decoder_kindE6ELNS0_13multiply_kindE0EEEvNS0_12storage_viewIT_XT1_EEESB_mNS0_12table_bundleIXT0_EEEPNS4_14compute_traitsIXT0_EE4typeE
    0 bytes stack frame, 0 bytes spill stores, 0 bytes spill loads
ptxas info    : Used 26 registers, used 1 barriers
ptxas info    : Compile time = 6.216 ms
ptxas info    : Compiling entry function '_ZN3aut12lns_strategy18gemv_thread_kernelINS_3lns7lns4_r1ELNS_8bitwidth12compute_kindE0ELNS4_14storage_layoutE0ELi1ELNS0_12decoder_kindE6ELNS0_13multiply_kindE0EEEvNS0_12storage_viewIT_XT1_EEESB_mmNS0_12table_bundleIXT0_EEEPNS4_14compute_traitsIXT0_EE4typeE' for 'sm_90'
ptxas info    : Function properties for _ZN3aut12lns_strategy18gemv_thread_kernelINS_3lns7lns4_r1ELNS_8bitwidth12compute_kindE0ELNS4_14storage_layoutE0ELi1ELNS0_12decoder_kindE6ELNS0_13multiply_kindE0EEEvNS0_12storage_viewIT_XT1_EEESB_mmNS0_12table_bundleIXT0_EEEPNS4_14compute_traitsIXT0_EE4typeE
    0 bytes stack frame, 0 bytes spill stores, 0 bytes spill loads
ptxas info    : Used 23 registers, used 1 barriers
ptxas info    : Compile time = 6.756 ms
ptxas info    : Compiling entry function '_ZN3aut12lns_strategy17dot_thread_kernelINS_3lns7lns4_r1ELNS_8bitwidth12compute_kindE0ELNS4_14storage_layoutE0ELi1ELNS0_12decoder_kindE6ELNS0_13multiply_kindE0EEEvNS0_12storage_viewIT_XT1_EEESB_mNS0_12table_bundleIXT0_EEEPNS4_14compute_traitsIXT0_EE4typeE' for 'sm_90'
ptxas info    : Function properties for _ZN3aut12lns_strategy17dot_thread_kernelINS_3lns7lns4_r1ELNS_8bitwidth12compute_kindE0ELNS4_14storage_layoutE0ELi1ELNS0_12decoder_kindE6ELNS0_13multiply_kindE0EEEvNS0_12storage_viewIT_XT1_EEESB_mNS0_12table_bundleIXT0_EEEPNS4_14compute_traitsIXT0_EE4typeE
    0 bytes stack frame, 0 bytes spill stores, 0 bytes spill loads
ptxas info    : Used 24 registers, used 1 barriers
ptxas info    : Compile time = 6.541 ms
ptxas info    : Compiling entry function '_ZN3aut12lns_strategy23gemv_cooperative_kernelINS_3lns7lns4_r1ELNS_8bitwidth12compute_kindE0ELNS0_12decoder_kindE5ELNS0_13multiply_kindE1EEEvPKjS9_mmNS0_12table_bundleIXT0_EEEPNS4_14compute_traitsIXT0_EE4typeE' for 'sm_90'
ptxas info    : Function properties for _ZN3aut12lns_strategy23gemv_cooperative_kernelINS_3lns7lns4_r1ELNS_8bitwidth12compute_kindE0ELNS0_12decoder_kindE5ELNS0_13multiply_kindE1EEEvPKjS9_mmNS0_12table_bundleIXT0_EEEPNS4_14compute_traitsIXT0_EE4typeE
    0 bytes stack frame, 0 bytes spill stores, 0 bytes spill loads
ptxas info    : Used 23 registers, used 1 barriers
ptxas info    : Compile time = 6.720 ms
ptxas info    : Compiling entry function '_ZN3aut12lns_strategy22dot_cooperative_kernelINS_3lns7lns4_r1ELNS_8bitwidth12compute_kindE0ELNS0_12decoder_kindE5ELNS0_13multiply_kindE1EEEvPKjS9_mNS0_12table_bundleIXT0_EEEPNS4_14compute_traitsIXT0_EE4typeE' for 'sm_90'
ptxas info    : Function properties for _ZN3aut12lns_strategy22dot_cooperative_kernelINS_3lns7lns4_r1ELNS_8bitwidth12compute_kindE0ELNS0_12decoder_kindE5ELNS0_13multiply_kindE1EEEvPKjS9_mNS0_12table_bundleIXT0_EEEPNS4_14compute_traitsIXT0_EE4typeE
    0 bytes stack frame, 0 bytes spill stores, 0 bytes spill loads
ptxas info    : Used 21 registers, used 1 barriers
ptxas info    : Compile time = 6.642 ms
ptxas info    : Compiling entry function '_ZN3aut12lns_strategy18gemv_thread_kernelINS_3lns7lns4_r1ELNS_8bitwidth12compute_kindE0ELNS4_14storage_layoutE1ELi8ELNS0_12decoder_kindE5ELNS0_13multiply_kindE1EEEvNS0_12storage_viewIT_XT1_EEESB_mmNS0_12table_bundleIXT0_EEEPNS4_14compute_traitsIXT0_EE4typeE' for 'sm_90'
ptxas info    : Function properties for _ZN3aut12lns_strategy18gemv_thread_kernelINS_3lns7lns4_r1ELNS_8bitwidth12compute_kindE0ELNS4_14storage_layoutE1ELi8ELNS0_12decoder_kindE5ELNS0_13multiply_kindE1EEEvNS0_12storage_viewIT_XT1_EEESB_mmNS0_12table_bundleIXT0_EEEPNS4_14compute_traitsIXT0_EE4typeE
    0 bytes stack frame, 0 bytes spill stores, 0 bytes spill loads
ptxas info    : Used 36 registers, used 1 barriers
ptxas info    : Compile time = 16.928 ms
ptxas info    : Compiling entry function '_ZN3aut12lns_strategy17dot_thread_kernelINS_3lns7lns4_r1ELNS_8bitwidth12compute_kindE0ELNS4_14storage_layoutE1ELi8ELNS0_12decoder_kindE5ELNS0_13multiply_kindE1EEEvNS0_12storage_viewIT_XT1_EEESB_mNS0_12table_bundleIXT0_EEEPNS4_14compute_traitsIXT0_EE4typeE' for 'sm_90'
ptxas info    : Function properties for _ZN3aut12lns_strategy17dot_thread_kernelINS_3lns7lns4_r1ELNS_8bitwidth12compute_kindE0ELNS4_14storage_layoutE1ELi8ELNS0_12decoder_kindE5ELNS0_13multiply_kindE1EEEvNS0_12storage_viewIT_XT1_EEESB_mNS0_12table_bundleIXT0_EEEPNS4_14compute_traitsIXT0_EE4typeE
    0 bytes stack frame, 0 bytes spill stores, 0 bytes spill loads
ptxas info    : Used 38 registers, used 1 barriers
ptxas info    : Compile time = 17.151 ms
ptxas info    : Compiling entry function '_ZN3aut12lns_strategy18gemv_thread_kernelINS_3lns7lns4_r1ELNS_8bitwidth12compute_kindE0ELNS4_14storage_layoutE1ELi4ELNS0_12decoder_kindE5ELNS0_13multiply_kindE1EEEvNS0_12storage_viewIT_XT1_EEESB_mmNS0_12table_bundleIXT0_EEEPNS4_14compute_traitsIXT0_EE4typeE' for 'sm_90'
ptxas info    : Function properties for _ZN3aut12lns_strategy18gemv_thread_kernelINS_3lns7lns4_r1ELNS_8bitwidth12compute_kindE0ELNS4_14storage_layoutE1ELi4ELNS0_12decoder_kindE5ELNS0_13multiply_kindE1EEEvNS0_12storage_viewIT_XT1_EEESB_mmNS0_12table_bundleIXT0_EEEPNS4_14compute_traitsIXT0_EE4typeE
    0 bytes stack frame, 0 bytes spill stores, 0 bytes spill loads
ptxas info    : Used 24 registers, used 1 barriers
ptxas info    : Compile time = 10.259 ms
ptxas info    : Compiling entry function '_ZN3aut12lns_strategy17dot_thread_kernelINS_3lns7lns4_r1ELNS_8bitwidth12compute_kindE0ELNS4_14storage_layoutE1ELi4ELNS0_12decoder_kindE5ELNS0_13multiply_kindE1EEEvNS0_12storage_viewIT_XT1_EEESB_mNS0_12table_bundleIXT0_EEEPNS4_14compute_traitsIXT0_EE4typeE' for 'sm_90'
ptxas info    : Function properties for _ZN3aut12lns_strategy17dot_thread_kernelINS_3lns7lns4_r1ELNS_8bitwidth12compute_kindE0ELNS4_14storage_layoutE1ELi4ELNS0_12decoder_kindE5ELNS0_13multiply_kindE1EEEvNS0_12storage_viewIT_XT1_EEESB_mNS0_12table_bundleIXT0_EEEPNS4_14compute_traitsIXT0_EE4typeE
    0 bytes stack frame, 0 bytes spill stores, 0 bytes spill loads
ptxas info    : Used 28 registers, used 1 barriers
ptxas info    : Compile time = 10.291 ms
ptxas info    : Compiling entry function '_ZN3aut12lns_strategy18gemv_thread_kernelINS_3lns7lns4_r1ELNS_8bitwidth12compute_kindE0ELNS4_14storage_layoutE1ELi2ELNS0_12decoder_kindE5ELNS0_13multiply_kindE1EEEvNS0_12storage_viewIT_XT1_EEESB_mmNS0_12table_bundleIXT0_EEEPNS4_14compute_traitsIXT0_EE4typeE' for 'sm_90'
ptxas info    : Function properties for _ZN3aut12lns_strategy18gemv_thread_kernelINS_3lns7lns4_r1ELNS_8bitwidth12compute_kindE0ELNS4_14storage_layoutE1ELi2ELNS0_12decoder_kindE5ELNS0_13multiply_kindE1EEEvNS0_12storage_viewIT_XT1_EEESB_mmNS0_12table_bundleIXT0_EEEPNS4_14compute_traitsIXT0_EE4typeE
    0 bytes stack frame, 0 bytes spill stores, 0 bytes spill loads
ptxas info    : Used 20 registers, used 1 barriers
ptxas info    : Compile time = 7.138 ms
ptxas info    : Compiling entry function '_ZN3aut12lns_strategy17dot_thread_kernelINS_3lns7lns4_r1ELNS_8bitwidth12compute_kindE0ELNS4_14storage_layoutE1ELi2ELNS0_12decoder_kindE5ELNS0_13multiply_kindE1EEEvNS0_12storage_viewIT_XT1_EEESB_mNS0_12table_bundleIXT0_EEEPNS4_14compute_traitsIXT0_EE4typeE' for 'sm_90'
ptxas info    : Function properties for _ZN3aut12lns_strategy17dot_thread_kernelINS_3lns7lns4_r1ELNS_8bitwidth12compute_kindE0ELNS4_14storage_layoutE1ELi2ELNS0_12decoder_kindE5ELNS0_13multiply_kindE1EEEvNS0_12storage_viewIT_XT1_EEESB_mNS0_12table_bundleIXT0_EEEPNS4_14compute_traitsIXT0_EE4typeE
    0 bytes stack frame, 0 bytes spill stores, 0 bytes spill loads
ptxas info    : Used 26 registers, used 1 barriers
ptxas info    : Compile time = 7.177 ms
ptxas info    : Compiling entry function '_ZN3aut12lns_strategy18gemv_thread_kernelINS_3lns7lns4_r1ELNS_8bitwidth12compute_kindE0ELNS4_14storage_layoutE0ELi8ELNS0_12decoder_kindE5ELNS0_13multiply_kindE1EEEvNS0_12storage_viewIT_XT1_EEESB_mmNS0_12table_bundleIXT0_EEEPNS4_14compute_traitsIXT0_EE4typeE' for 'sm_90'
ptxas info    : Function properties for _ZN3aut12lns_strategy18gemv_thread_kernelINS_3lns7lns4_r1ELNS_8bitwidth12compute_kindE0ELNS4_14storage_layoutE0ELi8ELNS0_12decoder_kindE5ELNS0_13multiply_kindE1EEEvNS0_12storage_viewIT_XT1_EEESB_mmNS0_12table_bundleIXT0_EEEPNS4_14compute_traitsIXT0_EE4typeE
    0 bytes stack frame, 0 bytes spill stores, 0 bytes spill loads
ptxas info    : Used 48 registers, used 1 barriers
ptxas info    : Compile time = 20.088 ms
ptxas info    : Compiling entry function '_ZN3aut12lns_strategy17dot_thread_kernelINS_3lns7lns4_r1ELNS_8bitwidth12compute_kindE0ELNS4_14storage_layoutE0ELi8ELNS0_12decoder_kindE5ELNS0_13multiply_kindE1EEEvNS0_12storage_viewIT_XT1_EEESB_mNS0_12table_bundleIXT0_EEEPNS4_14compute_traitsIXT0_EE4typeE' for 'sm_90'
ptxas info    : Function properties for _ZN3aut12lns_strategy17dot_thread_kernelINS_3lns7lns4_r1ELNS_8bitwidth12compute_kindE0ELNS4_14storage_layoutE0ELi8ELNS0_12decoder_kindE5ELNS0_13multiply_kindE1EEEvNS0_12storage_viewIT_XT1_EEESB_mNS0_12table_bundleIXT0_EEEPNS4_14compute_traitsIXT0_EE4typeE
    0 bytes stack frame, 0 bytes spill stores, 0 bytes spill loads
ptxas info    : Used 51 registers, used 1 barriers
ptxas info    : Compile time = 16.660 ms
ptxas info    : Compiling entry function '_ZN3aut12lns_strategy18gemv_thread_kernelINS_3lns7lns4_r1ELNS_8bitwidth12compute_kindE0ELNS4_14storage_layoutE0ELi4ELNS0_12decoder_kindE5ELNS0_13multiply_kindE1EEEvNS0_12storage_viewIT_XT1_EEESB_mmNS0_12table_bundleIXT0_EEEPNS4_14compute_traitsIXT0_EE4typeE' for 'sm_90'
ptxas info    : Function properties for _ZN3aut12lns_strategy18gemv_thread_kernelINS_3lns7lns4_r1ELNS_8bitwidth12compute_kindE0ELNS4_14storage_layoutE0ELi4ELNS0_12decoder_kindE5ELNS0_13multiply_kindE1EEEvNS0_12storage_viewIT_XT1_EEESB_mmNS0_12table_bundleIXT0_EEEPNS4_14compute_traitsIXT0_EE4typeE
    0 bytes stack frame, 0 bytes spill stores, 0 bytes spill loads
ptxas info    : Used 32 registers, used 1 barriers
ptxas info    : Compile time = 12.405 ms
ptxas info    : Compiling entry function '_ZN3aut12lns_strategy17dot_thread_kernelINS_3lns7lns4_r1ELNS_8bitwidth12compute_kindE0ELNS4_14storage_layoutE0ELi4ELNS0_12decoder_kindE5ELNS0_13multiply_kindE1EEEvNS0_12storage_viewIT_XT1_EEESB_mNS0_12table_bundleIXT0_EEEPNS4_14compute_traitsIXT0_EE4typeE' for 'sm_90'
ptxas info    : Function properties for _ZN3aut12lns_strategy17dot_thread_kernelINS_3lns7lns4_r1ELNS_8bitwidth12compute_kindE0ELNS4_14storage_layoutE0ELi4ELNS0_12decoder_kindE5ELNS0_13multiply_kindE1EEEvNS0_12storage_viewIT_XT1_EEESB_mNS0_12table_bundleIXT0_EEEPNS4_14compute_traitsIXT0_EE4typeE
    0 bytes stack frame, 0 bytes spill stores, 0 bytes spill loads
ptxas info    : Used 32 registers, used 1 barriers
ptxas info    : Compile time = 12.019 ms
ptxas info    : Compiling entry function '_ZN3aut12lns_strategy18gemv_thread_kernelINS_3lns7lns4_r1ELNS_8bitwidth12compute_kindE0ELNS4_14storage_layoutE0ELi2ELNS0_12decoder_kindE5ELNS0_13multiply_kindE1EEEvNS0_12storage_viewIT_XT1_EEESB_mmNS0_12table_bundleIXT0_EEEPNS4_14compute_traitsIXT0_EE4typeE' for 'sm_90'
ptxas info    : Function properties for _ZN3aut12lns_strategy18gemv_thread_kernelINS_3lns7lns4_r1ELNS_8bitwidth12compute_kindE0ELNS4_14storage_layoutE0ELi2ELNS0_12decoder_kindE5ELNS0_13multiply_kindE1EEEvNS0_12storage_viewIT_XT1_EEESB_mmNS0_12table_bundleIXT0_EEEPNS4_14compute_traitsIXT0_EE4typeE
    0 bytes stack frame, 0 bytes spill stores, 0 bytes spill loads
ptxas info    : Used 31 registers, used 1 barriers
ptxas info    : Compile time = 8.089 ms
ptxas info    : Compiling entry function '_ZN3aut12lns_strategy17dot_thread_kernelINS_3lns7lns4_r1ELNS_8bitwidth12compute_kindE0ELNS4_14storage_layoutE0ELi2ELNS0_12decoder_kindE5ELNS0_13multiply_kindE1EEEvNS0_12storage_viewIT_XT1_EEESB_mNS0_12table_bundleIXT0_EEEPNS4_14compute_traitsIXT0_EE4typeE' for 'sm_90'
ptxas info    : Function properties for _ZN3aut12lns_strategy17dot_thread_kernelINS_3lns7lns4_r1ELNS_8bitwidth12compute_kindE0ELNS4_14storage_layoutE0ELi2ELNS0_12decoder_kindE5ELNS0_13multiply_kindE1EEEvNS0_12storage_viewIT_XT1_EEESB_mNS0_12table_bundleIXT0_EEEPNS4_14compute_traitsIXT0_EE4typeE
    0 bytes stack frame, 0 bytes spill stores, 0 bytes spill loads
ptxas info    : Used 32 registers, used 1 barriers
ptxas info    : Compile time = 7.916 ms
ptxas info    : Compiling entry function '_ZN3aut12lns_strategy18gemv_thread_kernelINS_3lns7lns4_r1ELNS_8bitwidth12compute_kindE0ELNS4_14storage_layoutE1ELi1ELNS0_12decoder_kindE5ELNS0_13multiply_kindE1EEEvNS0_12storage_viewIT_XT1_EEESB_mmNS0_12table_bundleIXT0_EEEPNS4_14compute_traitsIXT0_EE4typeE' for 'sm_90'
ptxas info    : Function properties for _ZN3aut12lns_strategy18gemv_thread_kernelINS_3lns7lns4_r1ELNS_8bitwidth12compute_kindE0ELNS4_14storage_layoutE1ELi1ELNS0_12decoder_kindE5ELNS0_13multiply_kindE1EEEvNS0_12storage_viewIT_XT1_EEESB_mmNS0_12table_bundleIXT0_EEEPNS4_14compute_traitsIXT0_EE4typeE
    0 bytes stack frame, 0 bytes spill stores, 0 bytes spill loads
ptxas info    : Used 19 registers, used 1 barriers
ptxas info    : Compile time = 5.329 ms
ptxas info    : Compiling entry function '_ZN3aut12lns_strategy17dot_thread_kernelINS_3lns7lns4_r1ELNS_8bitwidth12compute_kindE0ELNS4_14storage_layoutE1ELi1ELNS0_12decoder_kindE5ELNS0_13multiply_kindE1EEEvNS0_12storage_viewIT_XT1_EEESB_mNS0_12table_bundleIXT0_EEEPNS4_14compute_traitsIXT0_EE4typeE' for 'sm_90'
ptxas info    : Function properties for _ZN3aut12lns_strategy17dot_thread_kernelINS_3lns7lns4_r1ELNS_8bitwidth12compute_kindE0ELNS4_14storage_layoutE1ELi1ELNS0_12decoder_kindE5ELNS0_13multiply_kindE1EEEvNS0_12storage_viewIT_XT1_EEESB_mNS0_12table_bundleIXT0_EEEPNS4_14compute_traitsIXT0_EE4typeE
    0 bytes stack frame, 0 bytes spill stores, 0 bytes spill loads
ptxas info    : Used 20 registers, used 1 barriers
ptxas info    : Compile time = 5.198 ms
ptxas info    : Compiling entry function '_ZN3aut12lns_strategy18gemv_thread_kernelINS_3lns7lns4_r1ELNS_8bitwidth12compute_kindE0ELNS4_14storage_layoutE0ELi1ELNS0_12decoder_kindE5ELNS0_13multiply_kindE1EEEvNS0_12storage_viewIT_XT1_EEESB_mmNS0_12table_bundleIXT0_EEEPNS4_14compute_traitsIXT0_EE4typeE' for 'sm_90'
ptxas info    : Function properties for _ZN3aut12lns_strategy18gemv_thread_kernelINS_3lns7lns4_r1ELNS_8bitwidth12compute_kindE0ELNS4_14storage_layoutE0ELi1ELNS0_12decoder_kindE5ELNS0_13multiply_kindE1EEEvNS0_12storage_viewIT_XT1_EEESB_mmNS0_12table_bundleIXT0_EEEPNS4_14compute_traitsIXT0_EE4typeE
    0 bytes stack frame, 0 bytes spill stores, 0 bytes spill loads
ptxas info    : Used 20 registers, used 1 barriers
ptxas info    : Compile time = 5.760 ms
ptxas info    : Compiling entry function '_ZN3aut12lns_strategy17dot_thread_kernelINS_3lns7lns4_r1ELNS_8bitwidth12compute_kindE0ELNS4_14storage_layoutE0ELi1ELNS0_12decoder_kindE5ELNS0_13multiply_kindE1EEEvNS0_12storage_viewIT_XT1_EEESB_mNS0_12table_bundleIXT0_EEEPNS4_14compute_traitsIXT0_EE4typeE' for 'sm_90'
ptxas info    : Function properties for _ZN3aut12lns_strategy17dot_thread_kernelINS_3lns7lns4_r1ELNS_8bitwidth12compute_kindE0ELNS4_14storage_layoutE0ELi1ELNS0_12decoder_kindE5ELNS0_13multiply_kindE1EEEvNS0_12storage_viewIT_XT1_EEESB_mNS0_12table_bundleIXT0_EEEPNS4_14compute_traitsIXT0_EE4typeE
    0 bytes stack frame, 0 bytes spill stores, 0 bytes spill loads
ptxas info    : Used 21 registers, used 1 barriers
ptxas info    : Compile time = 5.539 ms
ptxas info    : Compiling entry function '_ZN3aut12lns_strategy23gemv_cooperative_kernelINS_3lns7lns4_r1ELNS_8bitwidth12compute_kindE0ELNS0_12decoder_kindE5ELNS0_13multiply_kindE0EEEvPKjS9_mmNS0_12table_bundleIXT0_EEEPNS4_14compute_traitsIXT0_EE4typeE' for 'sm_90'
ptxas info    : Function properties for _ZN3aut12lns_strategy23gemv_cooperative_kernelINS_3lns7lns4_r1ELNS_8bitwidth12compute_kindE0ELNS0_12decoder_kindE5ELNS0_13multiply_kindE0EEEvPKjS9_mmNS0_12table_bundleIXT0_EEEPNS4_14compute_traitsIXT0_EE4typeE
    0 bytes stack frame, 0 bytes spill stores, 0 bytes spill loads
ptxas info    : Used 23 registers, used 1 barriers
ptxas info    : Compile time = 7.006 ms
ptxas info    : Compiling entry function '_ZN3aut12lns_strategy22dot_cooperative_kernelINS_3lns7lns4_r1ELNS_8bitwidth12compute_kindE0ELNS0_12decoder_kindE5ELNS0_13multiply_kindE0EEEvPKjS9_mNS0_12table_bundleIXT0_EEEPNS4_14compute_traitsIXT0_EE4typeE' for 'sm_90'
ptxas info    : Function properties for _ZN3aut12lns_strategy22dot_cooperative_kernelINS_3lns7lns4_r1ELNS_8bitwidth12compute_kindE0ELNS0_12decoder_kindE5ELNS0_13multiply_kindE0EEEvPKjS9_mNS0_12table_bundleIXT0_EEEPNS4_14compute_traitsIXT0_EE4typeE
    0 bytes stack frame, 0 bytes spill stores, 0 bytes spill loads
ptxas info    : Used 22 registers, used 1 barriers
ptxas info    : Compile time = 6.901 ms
ptxas info    : Compiling entry function '_ZN3aut12lns_strategy18gemv_thread_kernelINS_3lns7lns4_r1ELNS_8bitwidth12compute_kindE0ELNS4_14storage_layoutE1ELi8ELNS0_12decoder_kindE5ELNS0_13multiply_kindE0EEEvNS0_12storage_viewIT_XT1_EEESB_mmNS0_12table_bundleIXT0_EEEPNS4_14compute_traitsIXT0_EE4typeE' for 'sm_90'
ptxas info    : Function properties for _ZN3aut12lns_strategy18gemv_thread_kernelINS_3lns7lns4_r1ELNS_8bitwidth12compute_kindE0ELNS4_14storage_layoutE1ELi8ELNS0_12decoder_kindE5ELNS0_13multiply_kindE0EEEvNS0_12storage_viewIT_XT1_EEESB_mmNS0_12table_bundleIXT0_EEEPNS4_14compute_traitsIXT0_EE4typeE
    0 bytes stack frame, 0 bytes spill stores, 0 bytes spill loads
ptxas info    : Used 34 registers, used 1 barriers
ptxas info    : Compile time = 18.958 ms
ptxas info    : Compiling entry function '_ZN3aut12lns_strategy17dot_thread_kernelINS_3lns7lns4_r1ELNS_8bitwidth12compute_kindE0ELNS4_14storage_layoutE1ELi8ELNS0_12decoder_kindE5ELNS0_13multiply_kindE0EEEvNS0_12storage_viewIT_XT1_EEESB_mNS0_12table_bundleIXT0_EEEPNS4_14compute_traitsIXT0_EE4typeE' for 'sm_90'
ptxas info    : Function properties for _ZN3aut12lns_strategy17dot_thread_kernelINS_3lns7lns4_r1ELNS_8bitwidth12compute_kindE0ELNS4_14storage_layoutE1ELi8ELNS0_12decoder_kindE5ELNS0_13multiply_kindE0EEEvNS0_12storage_viewIT_XT1_EEESB_mNS0_12table_bundleIXT0_EEEPNS4_14compute_traitsIXT0_EE4typeE
    0 bytes stack frame, 0 bytes spill stores, 0 bytes spill loads
ptxas info    : Used 35 registers, used 1 barriers
ptxas info    : Compile time = 19.319 ms
ptxas info    : Compiling entry function '_ZN3aut12lns_strategy18gemv_thread_kernelINS_3lns7lns4_r1ELNS_8bitwidth12compute_kindE0ELNS4_14storage_layoutE1ELi4ELNS0_12decoder_kindE5ELNS0_13multiply_kindE0EEEvNS0_12storage_viewIT_XT1_EEESB_mmNS0_12table_bundleIXT0_EEEPNS4_14compute_traitsIXT0_EE4typeE' for 'sm_90'
ptxas info    : Function properties for _ZN3aut12lns_strategy18gemv_thread_kernelINS_3lns7lns4_r1ELNS_8bitwidth12compute_kindE0ELNS4_14storage_layoutE1ELi4ELNS0_12decoder_kindE5ELNS0_13multiply_kindE0EEEvNS0_12storage_viewIT_XT1_EEESB_mmNS0_12table_bundleIXT0_EEEPNS4_14compute_traitsIXT0_EE4typeE
    0 bytes stack frame, 0 bytes spill stores, 0 bytes spill loads
ptxas info    : Used 26 registers, used 1 barriers
ptxas info    : Compile time = 11.319 ms
ptxas info    : Compiling entry function '_ZN3aut12lns_strategy17dot_thread_kernelINS_3lns7lns4_r1ELNS_8bitwidth12compute_kindE0ELNS4_14storage_layoutE1ELi4ELNS0_12decoder_kindE5ELNS0_13multiply_kindE0EEEvNS0_12storage_viewIT_XT1_EEESB_mNS0_12table_bundleIXT0_EEEPNS4_14compute_traitsIXT0_EE4typeE' for 'sm_90'
ptxas info    : Function properties for _ZN3aut12lns_strategy17dot_thread_kernelINS_3lns7lns4_r1ELNS_8bitwidth12compute_kindE0ELNS4_14storage_layoutE1ELi4ELNS0_12decoder_kindE5ELNS0_13multiply_kindE0EEEvNS0_12storage_viewIT_XT1_EEESB_mNS0_12table_bundleIXT0_EEEPNS4_14compute_traitsIXT0_EE4typeE
    0 bytes stack frame, 0 bytes spill stores, 0 bytes spill loads
ptxas info    : Used 31 registers, used 1 barriers
ptxas info    : Compile time = 11.985 ms
ptxas info    : Compiling entry function '_ZN3aut12lns_strategy18gemv_thread_kernelINS_3lns7lns4_r1ELNS_8bitwidth12compute_kindE0ELNS4_14storage_layoutE1ELi2ELNS0_12decoder_kindE5ELNS0_13multiply_kindE0EEEvNS0_12storage_viewIT_XT1_EEESB_mmNS0_12table_bundleIXT0_EEEPNS4_14compute_traitsIXT0_EE4typeE' for 'sm_90'
ptxas info    : Function properties for _ZN3aut12lns_strategy18gemv_thread_kernelINS_3lns7lns4_r1ELNS_8bitwidth12compute_kindE0ELNS4_14storage_layoutE1ELi2ELNS0_12decoder_kindE5ELNS0_13multiply_kindE0EEEvNS0_12storage_viewIT_XT1_EEESB_mmNS0_12table_bundleIXT0_EEEPNS4_14compute_traitsIXT0_EE4typeE
    0 bytes stack frame, 0 bytes spill stores, 0 bytes spill loads
ptxas info    : Used 23 registers, used 1 barriers
ptxas info    : Compile time = 7.627 ms
ptxas info    : Compiling entry function '_ZN3aut12lns_strategy17dot_thread_kernelINS_3lns7lns4_r1ELNS_8bitwidth12compute_kindE0ELNS4_14storage_layoutE1ELi2ELNS0_12decoder_kindE5ELNS0_13multiply_kindE0EEEvNS0_12storage_viewIT_XT1_EEESB_mNS0_12table_bundleIXT0_EEEPNS4_14compute_traitsIXT0_EE4typeE' for 'sm_90'
ptxas info    : Function properties for _ZN3aut12lns_strategy17dot_thread_kernelINS_3lns7lns4_r1ELNS_8bitwidth12compute_kindE0ELNS4_14storage_layoutE1ELi2ELNS0_12decoder_kindE5ELNS0_13multiply_kindE0EEEvNS0_12storage_viewIT_XT1_EEESB_mNS0_12table_bundleIXT0_EEEPNS4_14compute_traitsIXT0_EE4typeE
    0 bytes stack frame, 0 bytes spill stores, 0 bytes spill loads
ptxas info    : Used 28 registers, used 1 barriers
ptxas info    : Compile time = 7.639 ms
ptxas info    : Compiling entry function '_ZN3aut12lns_strategy18gemv_thread_kernelINS_3lns7lns4_r1ELNS_8bitwidth12compute_kindE0ELNS4_14storage_layoutE0ELi8ELNS0_12decoder_kindE5ELNS0_13multiply_kindE0EEEvNS0_12storage_viewIT_XT1_EEESB_mmNS0_12table_bundleIXT0_EEEPNS4_14compute_traitsIXT0_EE4typeE' for 'sm_90'
ptxas info    : Function properties for _ZN3aut12lns_strategy18gemv_thread_kernelINS_3lns7lns4_r1ELNS_8bitwidth12compute_kindE0ELNS4_14storage_layoutE0ELi8ELNS0_12decoder_kindE5ELNS0_13multiply_kindE0EEEvNS0_12storage_viewIT_XT1_EEESB_mmNS0_12table_bundleIXT0_EEEPNS4_14compute_traitsIXT0_EE4typeE
    0 bytes stack frame, 0 bytes spill stores, 0 bytes spill loads
ptxas info    : Used 40 registers, used 1 barriers
ptxas info    : Compile time = 22.989 ms
ptxas info    : Compiling entry function '_ZN3aut12lns_strategy17dot_thread_kernelINS_3lns7lns4_r1ELNS_8bitwidth12compute_kindE0ELNS4_14storage_layoutE0ELi8ELNS0_12decoder_kindE5ELNS0_13multiply_kindE0EEEvNS0_12storage_viewIT_XT1_EEESB_mNS0_12table_bundleIXT0_EEEPNS4_14compute_traitsIXT0_EE4typeE' for 'sm_90'
ptxas info    : Function properties for _ZN3aut12lns_strategy17dot_thread_kernelINS_3lns7lns4_r1ELNS_8bitwidth12compute_kindE0ELNS4_14storage_layoutE0ELi8ELNS0_12decoder_kindE5ELNS0_13multiply_kindE0EEEvNS0_12storage_viewIT_XT1_EEESB_mNS0_12table_bundleIXT0_EEEPNS4_14compute_traitsIXT0_EE4typeE
    0 bytes stack frame, 0 bytes spill stores, 0 bytes spill loads
ptxas info    : Used 28 registers, used 1 barriers
ptxas info    : Compile time = 19.978 ms
ptxas info    : Compiling entry function '_ZN3aut12lns_strategy18gemv_thread_kernelINS_3lns7lns4_r1ELNS_8bitwidth12compute_kindE0ELNS4_14storage_layoutE0ELi4ELNS0_12decoder_kindE5ELNS0_13multiply_kindE0EEEvNS0_12storage_viewIT_XT1_EEESB_mmNS0_12table_bundleIXT0_EEEPNS4_14compute_traitsIXT0_EE4typeE' for 'sm_90'
ptxas info    : Function properties for _ZN3aut12lns_strategy18gemv_thread_kernelINS_3lns7lns4_r1ELNS_8bitwidth12compute_kindE0ELNS4_14storage_layoutE0ELi4ELNS0_12decoder_kindE5ELNS0_13multiply_kindE0EEEvNS0_12storage_viewIT_XT1_EEESB_mmNS0_12table_bundleIXT0_EEEPNS4_14compute_traitsIXT0_EE4typeE
    0 bytes stack frame, 0 bytes spill stores, 0 bytes spill loads
ptxas info    : Used 32 registers, used 1 barriers
ptxas info    : Compile time = 13.169 ms
ptxas info    : Compiling entry function '_ZN3aut12lns_strategy17dot_thread_kernelINS_3lns7lns4_r1ELNS_8bitwidth12compute_kindE0ELNS4_14storage_layoutE0ELi4ELNS0_12decoder_kindE5ELNS0_13multiply_kindE0EEEvNS0_12storage_viewIT_XT1_EEESB_mNS0_12table_bundleIXT0_EEEPNS4_14compute_traitsIXT0_EE4typeE' for 'sm_90'
ptxas info    : Function properties for _ZN3aut12lns_strategy17dot_thread_kernelINS_3lns7lns4_r1ELNS_8bitwidth12compute_kindE0ELNS4_14storage_layoutE0ELi4ELNS0_12decoder_kindE5ELNS0_13multiply_kindE0EEEvNS0_12storage_viewIT_XT1_EEESB_mNS0_12table_bundleIXT0_EEEPNS4_14compute_traitsIXT0_EE4typeE
    0 bytes stack frame, 0 bytes spill stores, 0 bytes spill loads
ptxas info    : Used 32 registers, used 1 barriers
ptxas info    : Compile time = 13.014 ms
ptxas info    : Compiling entry function '_ZN3aut12lns_strategy18gemv_thread_kernelINS_3lns7lns4_r1ELNS_8bitwidth12compute_kindE0ELNS4_14storage_layoutE0ELi2ELNS0_12decoder_kindE5ELNS0_13multiply_kindE0EEEvNS0_12storage_viewIT_XT1_EEESB_mmNS0_12table_bundleIXT0_EEEPNS4_14compute_traitsIXT0_EE4typeE' for 'sm_90'
ptxas info    : Function properties for _ZN3aut12lns_strategy18gemv_thread_kernelINS_3lns7lns4_r1ELNS_8bitwidth12compute_kindE0ELNS4_14storage_layoutE0ELi2ELNS0_12decoder_kindE5ELNS0_13multiply_kindE0EEEvNS0_12storage_viewIT_XT1_EEESB_mmNS0_12table_bundleIXT0_EEEPNS4_14compute_traitsIXT0_EE4typeE
    0 bytes stack frame, 0 bytes spill stores, 0 bytes spill loads
ptxas info    : Used 32 registers, used 1 barriers
ptxas info    : Compile time = 8.514 ms
ptxas info    : Compiling entry function '_ZN3aut12lns_strategy17dot_thread_kernelINS_3lns7lns4_r1ELNS_8bitwidth12compute_kindE0ELNS4_14storage_layoutE0ELi2ELNS0_12decoder_kindE5ELNS0_13multiply_kindE0EEEvNS0_12storage_viewIT_XT1_EEESB_mNS0_12table_bundleIXT0_EEEPNS4_14compute_traitsIXT0_EE4typeE' for 'sm_90'
ptxas info    : Function properties for _ZN3aut12lns_strategy17dot_thread_kernelINS_3lns7lns4_r1ELNS_8bitwidth12compute_kindE0ELNS4_14storage_layoutE0ELi2ELNS0_12decoder_kindE5ELNS0_13multiply_kindE0EEEvNS0_12storage_viewIT_XT1_EEESB_mNS0_12table_bundleIXT0_EEEPNS4_14compute_traitsIXT0_EE4typeE
    0 bytes stack frame, 0 bytes spill stores, 0 bytes spill loads
ptxas info    : Used 32 registers, used 1 barriers
ptxas info    : Compile time = 8.369 ms
ptxas info    : Compiling entry function '_ZN3aut12lns_strategy18gemv_thread_kernelINS_3lns7lns4_r1ELNS_8bitwidth12compute_kindE0ELNS4_14storage_layoutE1ELi1ELNS0_12decoder_kindE5ELNS0_13multiply_kindE0EEEvNS0_12storage_viewIT_XT1_EEESB_mmNS0_12table_bundleIXT0_EEEPNS4_14compute_traitsIXT0_EE4typeE' for 'sm_90'
ptxas info    : Function properties for _ZN3aut12lns_strategy18gemv_thread_kernelINS_3lns7lns4_r1ELNS_8bitwidth12compute_kindE0ELNS4_14storage_layoutE1ELi1ELNS0_12decoder_kindE5ELNS0_13multiply_kindE0EEEvNS0_12storage_viewIT_XT1_EEESB_mmNS0_12table_bundleIXT0_EEEPNS4_14compute_traitsIXT0_EE4typeE
    0 bytes stack frame, 0 bytes spill stores, 0 bytes spill loads
ptxas info    : Used 20 registers, used 1 barriers
ptxas info    : Compile time = 5.580 ms
ptxas info    : Compiling entry function '_ZN3aut12lns_strategy17dot_thread_kernelINS_3lns7lns4_r1ELNS_8bitwidth12compute_kindE0ELNS4_14storage_layoutE1ELi1ELNS0_12decoder_kindE5ELNS0_13multiply_kindE0EEEvNS0_12storage_viewIT_XT1_EEESB_mNS0_12table_bundleIXT0_EEEPNS4_14compute_traitsIXT0_EE4typeE' for 'sm_90'
ptxas info    : Function properties for _ZN3aut12lns_strategy17dot_thread_kernelINS_3lns7lns4_r1ELNS_8bitwidth12compute_kindE0ELNS4_14storage_layoutE1ELi1ELNS0_12decoder_kindE5ELNS0_13multiply_kindE0EEEvNS0_12storage_viewIT_XT1_EEESB_mNS0_12table_bundleIXT0_EEEPNS4_14compute_traitsIXT0_EE4typeE
    0 bytes stack frame, 0 bytes spill stores, 0 bytes spill loads
ptxas info    : Used 22 registers, used 1 barriers
ptxas info    : Compile time = 5.449 ms
ptxas info    : Compiling entry function '_ZN3aut12lns_strategy18gemv_thread_kernelINS_3lns7lns4_r1ELNS_8bitwidth12compute_kindE0ELNS4_14storage_layoutE0ELi1ELNS0_12decoder_kindE5ELNS0_13multiply_kindE0EEEvNS0_12storage_viewIT_XT1_EEESB_mmNS0_12table_bundleIXT0_EEEPNS4_14compute_traitsIXT0_EE4typeE' for 'sm_90'
ptxas info    : Function properties for _ZN3aut12lns_strategy18gemv_thread_kernelINS_3lns7lns4_r1ELNS_8bitwidth12compute_kindE0ELNS4_14storage_layoutE0ELi1ELNS0_12decoder_kindE5ELNS0_13multiply_kindE0EEEvNS0_12storage_viewIT_XT1_EEESB_mmNS0_12table_bundleIXT0_EEEPNS4_14compute_traitsIXT0_EE4typeE
    0 bytes stack frame, 0 bytes spill stores, 0 bytes spill loads
ptxas info    : Used 21 registers, used 1 barriers
ptxas info    : Compile time = 5.974 ms
ptxas info    : Compiling entry function '_ZN3aut12lns_strategy17dot_thread_kernelINS_3lns7lns4_r1ELNS_8bitwidth12compute_kindE0ELNS4_14storage_layoutE0ELi1ELNS0_12decoder_kindE5ELNS0_13multiply_kindE0EEEvNS0_12storage_viewIT_XT1_EEESB_mNS0_12table_bundleIXT0_EEEPNS4_14compute_traitsIXT0_EE4typeE' for 'sm_90'
ptxas info    : Function properties for _ZN3aut12lns_strategy17dot_thread_kernelINS_3lns7lns4_r1ELNS_8bitwidth12compute_kindE0ELNS4_14storage_layoutE0ELi1ELNS0_12decoder_kindE5ELNS0_13multiply_kindE0EEEvNS0_12storage_viewIT_XT1_EEESB_mNS0_12table_bundleIXT0_EEEPNS4_14compute_traitsIXT0_EE4typeE
    0 bytes stack frame, 0 bytes spill stores, 0 bytes spill loads
ptxas info    : Used 22 registers, used 1 barriers
ptxas info    : Compile time = 5.769 ms
ptxas info    : Compiling entry function '_ZN3aut12lns_strategy23gemv_cooperative_kernelINS_3lns7lns4_r1ELNS_8bitwidth12compute_kindE0ELNS0_12decoder_kindE4ELNS0_13multiply_kindE1EEEvPKjS9_mmNS0_12table_bundleIXT0_EEEPNS4_14compute_traitsIXT0_EE4typeE' for 'sm_90'
ptxas info    : Function properties for _ZN3aut12lns_strategy23gemv_cooperative_kernelINS_3lns7lns4_r1ELNS_8bitwidth12compute_kindE0ELNS0_12decoder_kindE4ELNS0_13multiply_kindE1EEEvPKjS9_mmNS0_12table_bundleIXT0_EEEPNS4_14compute_traitsIXT0_EE4typeE
    0 bytes stack frame, 0 bytes spill stores, 0 bytes spill loads
ptxas info    : Used 23 registers, used 1 barriers
ptxas info    : Compile time = 7.705 ms
ptxas info    : Compiling entry function '_ZN3aut12lns_strategy22dot_cooperative_kernelINS_3lns7lns4_r1ELNS_8bitwidth12compute_kindE0ELNS0_12decoder_kindE4ELNS0_13multiply_kindE1EEEvPKjS9_mNS0_12table_bundleIXT0_EEEPNS4_14compute_traitsIXT0_EE4typeE' for 'sm_90'
ptxas info    : Function properties for _ZN3aut12lns_strategy22dot_cooperative_kernelINS_3lns7lns4_r1ELNS_8bitwidth12compute_kindE0ELNS0_12decoder_kindE4ELNS0_13multiply_kindE1EEEvPKjS9_mNS0_12table_bundleIXT0_EEEPNS4_14compute_traitsIXT0_EE4typeE
    0 bytes stack frame, 0 bytes spill stores, 0 bytes spill loads
ptxas info    : Used 21 registers, used 1 barriers
ptxas info    : Compile time = 6.119 ms
ptxas info    : Compiling entry function '_ZN3aut12lns_strategy18gemv_thread_kernelINS_3lns7lns4_r1ELNS_8bitwidth12compute_kindE0ELNS4_14storage_layoutE1ELi8ELNS0_12decoder_kindE4ELNS0_13multiply_kindE1EEEvNS0_12storage_viewIT_XT1_EEESB_mmNS0_12table_bundleIXT0_EEEPNS4_14compute_traitsIXT0_EE4typeE' for 'sm_90'
ptxas info    : Function properties for _ZN3aut12lns_strategy18gemv_thread_kernelINS_3lns7lns4_r1ELNS_8bitwidth12compute_kindE0ELNS4_14storage_layoutE1ELi8ELNS0_12decoder_kindE4ELNS0_13multiply_kindE1EEEvNS0_12storage_viewIT_XT1_EEESB_mmNS0_12table_bundleIXT0_EEEPNS4_14compute_traitsIXT0_EE4typeE
    0 bytes stack frame, 0 bytes spill stores, 0 bytes spill loads
ptxas info    : Used 36 registers, used 1 barriers
ptxas info    : Compile time = 17.086 ms
ptxas info    : Compiling entry function '_ZN3aut12lns_strategy17dot_thread_kernelINS_3lns7lns4_r1ELNS_8bitwidth12compute_kindE0ELNS4_14storage_layoutE1ELi8ELNS0_12decoder_kindE4ELNS0_13multiply_kindE1EEEvNS0_12storage_viewIT_XT1_EEESB_mNS0_12table_bundleIXT0_EEEPNS4_14compute_traitsIXT0_EE4typeE' for 'sm_90'
ptxas info    : Function properties for _ZN3aut12lns_strategy17dot_thread_kernelINS_3lns7lns4_r1ELNS_8bitwidth12compute_kindE0ELNS4_14storage_layoutE1ELi8ELNS0_12decoder_kindE4ELNS0_13multiply_kindE1EEEvNS0_12storage_viewIT_XT1_EEESB_mNS0_12table_bundleIXT0_EEEPNS4_14compute_traitsIXT0_EE4typeE
    0 bytes stack frame, 0 bytes spill stores, 0 bytes spill loads
ptxas info    : Used 38 registers, used 1 barriers
ptxas info    : Compile time = 17.265 ms
ptxas info    : Compiling entry function '_ZN3aut12lns_strategy18gemv_thread_kernelINS_3lns7lns4_r1ELNS_8bitwidth12compute_kindE0ELNS4_14storage_layoutE1ELi4ELNS0_12decoder_kindE4ELNS0_13multiply_kindE1EEEvNS0_12storage_viewIT_XT1_EEESB_mmNS0_12table_bundleIXT0_EEEPNS4_14compute_traitsIXT0_EE4typeE' for 'sm_90'
ptxas info    : Function properties for _ZN3aut12lns_strategy18gemv_thread_kernelINS_3lns7lns4_r1ELNS_8bitwidth12compute_kindE0ELNS4_14storage_layoutE1ELi4ELNS0_12decoder_kindE4ELNS0_13multiply_kindE1EEEvNS0_12storage_viewIT_XT1_EEESB_mmNS0_12table_bundleIXT0_EEEPNS4_14compute_traitsIXT0_EE4typeE
    0 bytes stack frame, 0 bytes spill stores, 0 bytes spill loads
ptxas info    : Used 25 registers, used 1 barriers
ptxas info    : Compile time = 9.927 ms
ptxas info    : Compiling entry function '_ZN3aut12lns_strategy17dot_thread_kernelINS_3lns7lns4_r1ELNS_8bitwidth12compute_kindE0ELNS4_14storage_layoutE1ELi4ELNS0_12decoder_kindE4ELNS0_13multiply_kindE1EEEvNS0_12storage_viewIT_XT1_EEESB_mNS0_12table_bundleIXT0_EEEPNS4_14compute_traitsIXT0_EE4typeE' for 'sm_90'
ptxas info    : Function properties for _ZN3aut12lns_strategy17dot_thread_kernelINS_3lns7lns4_r1ELNS_8bitwidth12compute_kindE0ELNS4_14storage_layoutE1ELi4ELNS0_12decoder_kindE4ELNS0_13multiply_kindE1EEEvNS0_12storage_viewIT_XT1_EEESB_mNS0_12table_bundleIXT0_EEEPNS4_14compute_traitsIXT0_EE4typeE
    0 bytes stack frame, 0 bytes spill stores, 0 bytes spill loads
ptxas info    : Used 28 registers, used 1 barriers
ptxas info    : Compile time = 10.066 ms
ptxas info    : Compiling entry function '_ZN3aut12lns_strategy18gemv_thread_kernelINS_3lns7lns4_r1ELNS_8bitwidth12compute_kindE0ELNS4_14storage_layoutE1ELi2ELNS0_12decoder_kindE4ELNS0_13multiply_kindE1EEEvNS0_12storage_viewIT_XT1_EEESB_mmNS0_12table_bundleIXT0_EEEPNS4_14compute_traitsIXT0_EE4typeE' for 'sm_90'
ptxas info    : Function properties for _ZN3aut12lns_strategy18gemv_thread_kernelINS_3lns7lns4_r1ELNS_8bitwidth12compute_kindE0ELNS4_14storage_layoutE1ELi2ELNS0_12decoder_kindE4ELNS0_13multiply_kindE1EEEvNS0_12storage_viewIT_XT1_EEESB_mmNS0_12table_bundleIXT0_EEEPNS4_14compute_traitsIXT0_EE4typeE
    0 bytes stack frame, 0 bytes spill stores, 0 bytes spill loads
ptxas info    : Used 21 registers, used 1 barriers
ptxas info    : Compile time = 6.719 ms
ptxas info    : Compiling entry function '_ZN3aut12lns_strategy17dot_thread_kernelINS_3lns7lns4_r1ELNS_8bitwidth12compute_kindE0ELNS4_14storage_layoutE1ELi2ELNS0_12decoder_kindE4ELNS0_13multiply_kindE1EEEvNS0_12storage_viewIT_XT1_EEESB_mNS0_12table_bundleIXT0_EEEPNS4_14compute_traitsIXT0_EE4typeE' for 'sm_90'
ptxas info    : Function properties for _ZN3aut12lns_strategy17dot_thread_kernelINS_3lns7lns4_r1ELNS_8bitwidth12compute_kindE0ELNS4_14storage_layoutE1ELi2ELNS0_12decoder_kindE4ELNS0_13multiply_kindE1EEEvNS0_12storage_viewIT_XT1_EEESB_mNS0_12table_bundleIXT0_EEEPNS4_14compute_traitsIXT0_EE4typeE
    0 bytes stack frame, 0 bytes spill stores, 0 bytes spill loads
ptxas info    : Used 27 registers, used 1 barriers
ptxas info    : Compile time = 6.767 ms
ptxas info    : Compiling entry function '_ZN3aut12lns_strategy18gemv_thread_kernelINS_3lns7lns4_r1ELNS_8bitwidth12compute_kindE0ELNS4_14storage_layoutE0ELi8ELNS0_12decoder_kindE4ELNS0_13multiply_kindE1EEEvNS0_12storage_viewIT_XT1_EEESB_mmNS0_12table_bundleIXT0_EEEPNS4_14compute_traitsIXT0_EE4typeE' for 'sm_90'
ptxas info    : Function properties for _ZN3aut12lns_strategy18gemv_thread_kernelINS_3lns7lns4_r1ELNS_8bitwidth12compute_kindE0ELNS4_14storage_layoutE0ELi8ELNS0_12decoder_kindE4ELNS0_13multiply_kindE1EEEvNS0_12storage_viewIT_XT1_EEESB_mmNS0_12table_bundleIXT0_EEEPNS4_14compute_traitsIXT0_EE4typeE
    0 bytes stack frame, 0 bytes spill stores, 0 bytes spill loads
ptxas info    : Used 48 registers, used 1 barriers
ptxas info    : Compile time = 20.029 ms
ptxas info    : Compiling entry function '_ZN3aut12lns_strategy17dot_thread_kernelINS_3lns7lns4_r1ELNS_8bitwidth12compute_kindE0ELNS4_14storage_layoutE0ELi8ELNS0_12decoder_kindE4ELNS0_13multiply_kindE1EEEvNS0_12storage_viewIT_XT1_EEESB_mNS0_12table_bundleIXT0_EEEPNS4_14compute_traitsIXT0_EE4typeE' for 'sm_90'
ptxas info    : Function properties for _ZN3aut12lns_strategy17dot_thread_kernelINS_3lns7lns4_r1ELNS_8bitwidth12compute_kindE0ELNS4_14storage_layoutE0ELi8ELNS0_12decoder_kindE4ELNS0_13multiply_kindE1EEEvNS0_12storage_viewIT_XT1_EEESB_mNS0_12table_bundleIXT0_EEEPNS4_14compute_traitsIXT0_EE4typeE
    0 bytes stack frame, 0 bytes spill stores, 0 bytes spill loads
ptxas info    : Used 40 registers, used 1 barriers
ptxas info    : Compile time = 16.896 ms
ptxas info    : Compiling entry function '_ZN3aut12lns_strategy18gemv_thread_kernelINS_3lns7lns4_r1ELNS_8bitwidth12compute_kindE0ELNS4_14storage_layoutE0ELi4ELNS0_12decoder_kindE4ELNS0_13multiply_kindE1EEEvNS0_12storage_viewIT_XT1_EEESB_mmNS0_12table_bundleIXT0_EEEPNS4_14compute_traitsIXT0_EE4typeE' for 'sm_90'
ptxas info    : Function properties for _ZN3aut12lns_strategy18gemv_thread_kernelINS_3lns7lns4_r1ELNS_8bitwidth12compute_kindE0ELNS4_14storage_layoutE0ELi4ELNS0_12decoder_kindE4ELNS0_13multiply_kindE1EEEvNS0_12storage_viewIT_XT1_EEESB_mmNS0_12table_bundleIXT0_EEEPNS4_14compute_traitsIXT0_EE4typeE
    0 bytes stack frame, 0 bytes spill stores, 0 bytes spill loads
ptxas info    : Used 32 registers, used 1 barriers
ptxas info    : Compile time = 12.166 ms
ptxas info    : Compiling entry function '_ZN3aut12lns_strategy17dot_thread_kernelINS_3lns7lns4_r1ELNS_8bitwidth12compute_kindE0ELNS4_14storage_layoutE0ELi4ELNS0_12decoder_kindE4ELNS0_13multiply_kindE1EEEvNS0_12storage_viewIT_XT1_EEESB_mNS0_12table_bundleIXT0_EEEPNS4_14compute_traitsIXT0_EE4typeE' for 'sm_90'
ptxas info    : Function properties for _ZN3aut12lns_strategy17dot_thread_kernelINS_3lns7lns4_r1ELNS_8bitwidth12compute_kindE0ELNS4_14storage_layoutE0ELi4ELNS0_12decoder_kindE4ELNS0_13multiply_kindE1EEEvNS0_12storage_viewIT_XT1_EEESB_mNS0_12table_bundleIXT0_EEEPNS4_14compute_traitsIXT0_EE4typeE
    0 bytes stack frame, 0 bytes spill stores, 0 bytes spill loads
ptxas info    : Used 32 registers, used 1 barriers
ptxas info    : Compile time = 11.689 ms
ptxas info    : Compiling entry function '_ZN3aut12lns_strategy18gemv_thread_kernelINS_3lns7lns4_r1ELNS_8bitwidth12compute_kindE0ELNS4_14storage_layoutE0ELi2ELNS0_12decoder_kindE4ELNS0_13multiply_kindE1EEEvNS0_12storage_viewIT_XT1_EEESB_mmNS0_12table_bundleIXT0_EEEPNS4_14compute_traitsIXT0_EE4typeE' for 'sm_90'
ptxas info    : Function properties for _ZN3aut12lns_strategy18gemv_thread_kernelINS_3lns7lns4_r1ELNS_8bitwidth12compute_kindE0ELNS4_14storage_layoutE0ELi2ELNS0_12decoder_kindE4ELNS0_13multiply_kindE1EEEvNS0_12storage_viewIT_XT1_EEESB_mmNS0_12table_bundleIXT0_EEEPNS4_14compute_traitsIXT0_EE4typeE
    0 bytes stack frame, 0 bytes spill stores, 0 bytes spill loads
ptxas info    : Used 31 registers, used 1 barriers
ptxas info    : Compile time = 7.629 ms
ptxas info    : Compiling entry function '_ZN3aut12lns_strategy17dot_thread_kernelINS_3lns7lns4_r1ELNS_8bitwidth12compute_kindE0ELNS4_14storage_layoutE0ELi2ELNS0_12decoder_kindE4ELNS0_13multiply_kindE1EEEvNS0_12storage_viewIT_XT1_EEESB_mNS0_12table_bundleIXT0_EEEPNS4_14compute_traitsIXT0_EE4typeE' for 'sm_90'
ptxas info    : Function properties for _ZN3aut12lns_strategy17dot_thread_kernelINS_3lns7lns4_r1ELNS_8bitwidth12compute_kindE0ELNS4_14storage_layoutE0ELi2ELNS0_12decoder_kindE4ELNS0_13multiply_kindE1EEEvNS0_12storage_viewIT_XT1_EEESB_mNS0_12table_bundleIXT0_EEEPNS4_14compute_traitsIXT0_EE4typeE
    0 bytes stack frame, 0 bytes spill stores, 0 bytes spill loads
ptxas info    : Used 32 registers, used 1 barriers
ptxas info    : Compile time = 7.437 ms
ptxas info    : Compiling entry function '_ZN3aut12lns_strategy18gemv_thread_kernelINS_3lns7lns4_r1ELNS_8bitwidth12compute_kindE0ELNS4_14storage_layoutE1ELi1ELNS0_12decoder_kindE4ELNS0_13multiply_kindE1EEEvNS0_12storage_viewIT_XT1_EEESB_mmNS0_12table_bundleIXT0_EEEPNS4_14compute_traitsIXT0_EE4typeE' for 'sm_90'
ptxas info    : Function properties for _ZN3aut12lns_strategy18gemv_thread_kernelINS_3lns7lns4_r1ELNS_8bitwidth12compute_kindE0ELNS4_14storage_layoutE1ELi1ELNS0_12decoder_kindE4ELNS0_13multiply_kindE1EEEvNS0_12storage_viewIT_XT1_EEESB_mmNS0_12table_bundleIXT0_EEEPNS4_14compute_traitsIXT0_EE4typeE
    0 bytes stack frame, 0 bytes spill stores, 0 bytes spill loads
ptxas info    : Used 19 registers, used 1 barriers
ptxas info    : Compile time = 4.855 ms
ptxas info    : Compiling entry function '_ZN3aut12lns_strategy17dot_thread_kernelINS_3lns7lns4_r1ELNS_8bitwidth12compute_kindE0ELNS4_14storage_layoutE1ELi1ELNS0_12decoder_kindE4ELNS0_13multiply_kindE1EEEvNS0_12storage_viewIT_XT1_EEESB_mNS0_12table_bundleIXT0_EEEPNS4_14compute_traitsIXT0_EE4typeE' for 'sm_90'
ptxas info    : Function properties for _ZN3aut12lns_strategy17dot_thread_kernelINS_3lns7lns4_r1ELNS_8bitwidth12compute_kindE0ELNS4_14storage_layoutE1ELi1ELNS0_12decoder_kindE4ELNS0_13multiply_kindE1EEEvNS0_12storage_viewIT_XT1_EEESB_mNS0_12table_bundleIXT0_EEEPNS4_14compute_traitsIXT0_EE4typeE
    0 bytes stack frame, 0 bytes spill stores, 0 bytes spill loads
ptxas info    : Used 21 registers, used 1 barriers
ptxas info    : Compile time = 4.700 ms
ptxas info    : Compiling entry function '_ZN3aut12lns_strategy18gemv_thread_kernelINS_3lns7lns4_r1ELNS_8bitwidth12compute_kindE0ELNS4_14storage_layoutE0ELi1ELNS0_12decoder_kindE4ELNS0_13multiply_kindE1EEEvNS0_12storage_viewIT_XT1_EEESB_mmNS0_12table_bundleIXT0_EEEPNS4_14compute_traitsIXT0_EE4typeE' for 'sm_90'
ptxas info    : Function properties for _ZN3aut12lns_strategy18gemv_thread_kernelINS_3lns7lns4_r1ELNS_8bitwidth12compute_kindE0ELNS4_14storage_layoutE0ELi1ELNS0_12decoder_kindE4ELNS0_13multiply_kindE1EEEvNS0_12storage_viewIT_XT1_EEESB_mmNS0_12table_bundleIXT0_EEEPNS4_14compute_traitsIXT0_EE4typeE
    0 bytes stack frame, 0 bytes spill stores, 0 bytes spill loads
ptxas info    : Used 20 registers, used 1 barriers
ptxas info    : Compile time = 5.267 ms
ptxas info    : Compiling entry function '_ZN3aut12lns_strategy17dot_thread_kernelINS_3lns7lns4_r1ELNS_8bitwidth12compute_kindE0ELNS4_14storage_layoutE0ELi1ELNS0_12decoder_kindE4ELNS0_13multiply_kindE1EEEvNS0_12storage_viewIT_XT1_EEESB_mNS0_12table_bundleIXT0_EEEPNS4_14compute_traitsIXT0_EE4typeE' for 'sm_90'
ptxas info    : Function properties for _ZN3aut12lns_strategy17dot_thread_kernelINS_3lns7lns4_r1ELNS_8bitwidth12compute_kindE0ELNS4_14storage_layoutE0ELi1ELNS0_12decoder_kindE4ELNS0_13multiply_kindE1EEEvNS0_12storage_viewIT_XT1_EEESB_mNS0_12table_bundleIXT0_EEEPNS4_14compute_traitsIXT0_EE4typeE
    0 bytes stack frame, 0 bytes spill stores, 0 bytes spill loads
ptxas info    : Used 21 registers, used 1 barriers
ptxas info    : Compile time = 5.062 ms
ptxas info    : Compiling entry function '_ZN3aut12lns_strategy23gemv_cooperative_kernelINS_3lns7lns4_r1ELNS_8bitwidth12compute_kindE0ELNS0_12decoder_kindE4ELNS0_13multiply_kindE0EEEvPKjS9_mmNS0_12table_bundleIXT0_EEEPNS4_14compute_traitsIXT0_EE4typeE' for 'sm_90'
ptxas info    : Function properties for _ZN3aut12lns_strategy23gemv_cooperative_kernelINS_3lns7lns4_r1ELNS_8bitwidth12compute_kindE0ELNS0_12decoder_kindE4ELNS0_13multiply_kindE0EEEvPKjS9_mmNS0_12table_bundleIXT0_EEEPNS4_14compute_traitsIXT0_EE4typeE
    0 bytes stack frame, 0 bytes spill stores, 0 bytes spill loads
ptxas info    : Used 25 registers, used 1 barriers
ptxas info    : Compile time = 6.635 ms
ptxas info    : Compiling entry function '_ZN3aut12lns_strategy22dot_cooperative_kernelINS_3lns7lns4_r1ELNS_8bitwidth12compute_kindE0ELNS0_12decoder_kindE4ELNS0_13multiply_kindE0EEEvPKjS9_mNS0_12table_bundleIXT0_EEEPNS4_14compute_traitsIXT0_EE4typeE' for 'sm_90'
ptxas info    : Function properties for _ZN3aut12lns_strategy22dot_cooperative_kernelINS_3lns7lns4_r1ELNS_8bitwidth12compute_kindE0ELNS0_12decoder_kindE4ELNS0_13multiply_kindE0EEEvPKjS9_mNS0_12table_bundleIXT0_EEEPNS4_14compute_traitsIXT0_EE4typeE
    0 bytes stack frame, 0 bytes spill stores, 0 bytes spill loads
ptxas info    : Used 24 registers, used 1 barriers
ptxas info    : Compile time = 6.480 ms
ptxas info    : Compiling entry function '_ZN3aut12lns_strategy18gemv_thread_kernelINS_3lns7lns4_r1ELNS_8bitwidth12compute_kindE0ELNS4_14storage_layoutE1ELi8ELNS0_12decoder_kindE4ELNS0_13multiply_kindE0EEEvNS0_12storage_viewIT_XT1_EEESB_mmNS0_12table_bundleIXT0_EEEPNS4_14compute_traitsIXT0_EE4typeE' for 'sm_90'
ptxas info    : Function properties for _ZN3aut12lns_strategy18gemv_thread_kernelINS_3lns7lns4_r1ELNS_8bitwidth12compute_kindE0ELNS4_14storage_layoutE1ELi8ELNS0_12decoder_kindE4ELNS0_13multiply_kindE0EEEvNS0_12storage_viewIT_XT1_EEESB_mmNS0_12table_bundleIXT0_EEEPNS4_14compute_traitsIXT0_EE4typeE
    0 bytes stack frame, 0 bytes spill stores, 0 bytes spill loads
ptxas info    : Used 33 registers, used 1 barriers
ptxas info    : Compile time = 20.638 ms
ptxas info    : Compiling entry function '_ZN3aut12lns_strategy17dot_thread_kernelINS_3lns7lns4_r1ELNS_8bitwidth12compute_kindE0ELNS4_14storage_layoutE1ELi8ELNS0_12decoder_kindE4ELNS0_13multiply_kindE0EEEvNS0_12storage_viewIT_XT1_EEESB_mNS0_12table_bundleIXT0_EEEPNS4_14compute_traitsIXT0_EE4typeE' for 'sm_90'
ptxas info    : Function properties for _ZN3aut12lns_strategy17dot_thread_kernelINS_3lns7lns4_r1ELNS_8bitwidth12compute_kindE0ELNS4_14storage_layoutE1ELi8ELNS0_12decoder_kindE4ELNS0_13multiply_kindE0EEEvNS0_12storage_viewIT_XT1_EEESB_mNS0_12table_bundleIXT0_EEEPNS4_14compute_traitsIXT0_EE4typeE
    0 bytes stack frame, 0 bytes spill stores, 0 bytes spill loads
ptxas info    : Used 35 registers, used 1 barriers
ptxas info    : Compile time = 20.362 ms
ptxas info    : Compiling entry function '_ZN3aut12lns_strategy18gemv_thread_kernelINS_3lns7lns4_r1ELNS_8bitwidth12compute_kindE0ELNS4_14storage_layoutE1ELi4ELNS0_12decoder_kindE4ELNS0_13multiply_kindE0EEEvNS0_12storage_viewIT_XT1_EEESB_mmNS0_12table_bundleIXT0_EEEPNS4_14compute_traitsIXT0_EE4typeE' for 'sm_90'
ptxas info    : Function properties for _ZN3aut12lns_strategy18gemv_thread_kernelINS_3lns7lns4_r1ELNS_8bitwidth12compute_kindE0ELNS4_14storage_layoutE1ELi4ELNS0_12decoder_kindE4ELNS0_13multiply_kindE0EEEvNS0_12storage_viewIT_XT1_EEESB_mmNS0_12table_bundleIXT0_EEEPNS4_14compute_traitsIXT0_EE4typeE
    0 bytes stack frame, 0 bytes spill stores, 0 bytes spill loads
ptxas info    : Used 26 registers, used 1 barriers
ptxas info    : Compile time = 11.540 ms
ptxas info    : Compiling entry function '_ZN3aut12lns_strategy17dot_thread_kernelINS_3lns7lns4_r1ELNS_8bitwidth12compute_kindE0ELNS4_14storage_layoutE1ELi4ELNS0_12decoder_kindE4ELNS0_13multiply_kindE0EEEvNS0_12storage_viewIT_XT1_EEESB_mNS0_12table_bundleIXT0_EEEPNS4_14compute_traitsIXT0_EE4typeE' for 'sm_90'
ptxas info    : Function properties for _ZN3aut12lns_strategy17dot_thread_kernelINS_3lns7lns4_r1ELNS_8bitwidth12compute_kindE0ELNS4_14storage_layoutE1ELi4ELNS0_12decoder_kindE4ELNS0_13multiply_kindE0EEEvNS0_12storage_viewIT_XT1_EEESB_mNS0_12table_bundleIXT0_EEEPNS4_14compute_traitsIXT0_EE4typeE
    0 bytes stack frame, 0 bytes spill stores, 0 bytes spill loads
ptxas info    : Used 28 registers, used 1 barriers
ptxas info    : Compile time = 11.809 ms
ptxas info    : Compiling entry function '_ZN3aut12lns_strategy18gemv_thread_kernelINS_3lns7lns4_r1ELNS_8bitwidth12compute_kindE0ELNS4_14storage_layoutE1ELi2ELNS0_12decoder_kindE4ELNS0_13multiply_kindE0EEEvNS0_12storage_viewIT_XT1_EEESB_mmNS0_12table_bundleIXT0_EEEPNS4_14compute_traitsIXT0_EE4typeE' for 'sm_90'
ptxas info    : Function properties for _ZN3aut12lns_strategy18gemv_thread_kernelINS_3lns7lns4_r1ELNS_8bitwidth12compute_kindE0ELNS4_14storage_layoutE1ELi2ELNS0_12decoder_kindE4ELNS0_13multiply_kindE0EEEvNS0_12storage_viewIT_XT1_EEESB_mmNS0_12table_bundleIXT0_EEEPNS4_14compute_traitsIXT0_EE4typeE
    0 bytes stack frame, 0 bytes spill stores, 0 bytes spill loads
ptxas info    : Used 22 registers, used 1 barriers
ptxas info    : Compile time = 7.502 ms
ptxas info    : Compiling entry function '_ZN3aut12lns_strategy17dot_thread_kernelINS_3lns7lns4_r1ELNS_8bitwidth12compute_kindE0ELNS4_14storage_layoutE1ELi2ELNS0_12decoder_kindE4ELNS0_13multiply_kindE0EEEvNS0_12storage_viewIT_XT1_EEESB_mNS0_12table_bundleIXT0_EEEPNS4_14compute_traitsIXT0_EE4typeE' for 'sm_90'
ptxas info    : Function properties for _ZN3aut12lns_strategy17dot_thread_kernelINS_3lns7lns4_r1ELNS_8bitwidth12compute_kindE0ELNS4_14storage_layoutE1ELi2ELNS0_12decoder_kindE4ELNS0_13multiply_kindE0EEEvNS0_12storage_viewIT_XT1_EEESB_mNS0_12table_bundleIXT0_EEEPNS4_14compute_traitsIXT0_EE4typeE
    0 bytes stack frame, 0 bytes spill stores, 0 bytes spill loads
ptxas info    : Used 28 registers, used 1 barriers
ptxas info    : Compile time = 7.532 ms
ptxas info    : Compiling entry function '_ZN3aut12lns_strategy18gemv_thread_kernelINS_3lns7lns4_r1ELNS_8bitwidth12compute_kindE0ELNS4_14storage_layoutE0ELi8ELNS0_12decoder_kindE4ELNS0_13multiply_kindE0EEEvNS0_12storage_viewIT_XT1_EEESB_mmNS0_12table_bundleIXT0_EEEPNS4_14compute_traitsIXT0_EE4typeE' for 'sm_90'
ptxas info    : Function properties for _ZN3aut12lns_strategy18gemv_thread_kernelINS_3lns7lns4_r1ELNS_8bitwidth12compute_kindE0ELNS4_14storage_layoutE0ELi8ELNS0_12decoder_kindE4ELNS0_13multiply_kindE0EEEvNS0_12storage_viewIT_XT1_EEESB_mmNS0_12table_bundleIXT0_EEEPNS4_14compute_traitsIXT0_EE4typeE
    0 bytes stack frame, 0 bytes spill stores, 0 bytes spill loads
ptxas info    : Used 48 registers, used 1 barriers
ptxas info    : Compile time = 23.951 ms
ptxas info    : Compiling entry function '_ZN3aut12lns_strategy17dot_thread_kernelINS_3lns7lns4_r1ELNS_8bitwidth12compute_kindE0ELNS4_14storage_layoutE0ELi8ELNS0_12decoder_kindE4ELNS0_13multiply_kindE0EEEvNS0_12storage_viewIT_XT1_EEESB_mNS0_12table_bundleIXT0_EEEPNS4_14compute_traitsIXT0_EE4typeE' for 'sm_90'
ptxas info    : Function properties for _ZN3aut12lns_strategy17dot_thread_kernelINS_3lns7lns4_r1ELNS_8bitwidth12compute_kindE0ELNS4_14storage_layoutE0ELi8ELNS0_12decoder_kindE4ELNS0_13multiply_kindE0EEEvNS0_12storage_viewIT_XT1_EEESB_mNS0_12table_bundleIXT0_EEEPNS4_14compute_traitsIXT0_EE4typeE
    0 bytes stack frame, 0 bytes spill stores, 0 bytes spill loads
ptxas info    : Used 28 registers, used 1 barriers
ptxas info    : Compile time = 20.384 ms
ptxas info    : Compiling entry function '_ZN3aut12lns_strategy18gemv_thread_kernelINS_3lns7lns4_r1ELNS_8bitwidth12compute_kindE0ELNS4_14storage_layoutE0ELi4ELNS0_12decoder_kindE4ELNS0_13multiply_kindE0EEEvNS0_12storage_viewIT_XT1_EEESB_mmNS0_12table_bundleIXT0_EEEPNS4_14compute_traitsIXT0_EE4typeE' for 'sm_90'
ptxas info    : Function properties for _ZN3aut12lns_strategy18gemv_thread_kernelINS_3lns7lns4_r1ELNS_8bitwidth12compute_kindE0ELNS4_14storage_layoutE0ELi4ELNS0_12decoder_kindE4ELNS0_13multiply_kindE0EEEvNS0_12storage_viewIT_XT1_EEESB_mmNS0_12table_bundleIXT0_EEEPNS4_14compute_traitsIXT0_EE4typeE
    0 bytes stack frame, 0 bytes spill stores, 0 bytes spill loads
ptxas info    : Used 31 registers, used 1 barriers
ptxas info    : Compile time = 13.468 ms
ptxas info    : Compiling entry function '_ZN3aut12lns_strategy17dot_thread_kernelINS_3lns7lns4_r1ELNS_8bitwidth12compute_kindE0ELNS4_14storage_layoutE0ELi4ELNS0_12decoder_kindE4ELNS0_13multiply_kindE0EEEvNS0_12storage_viewIT_XT1_EEESB_mNS0_12table_bundleIXT0_EEEPNS4_14compute_traitsIXT0_EE4typeE' for 'sm_90'
ptxas info    : Function properties for _ZN3aut12lns_strategy17dot_thread_kernelINS_3lns7lns4_r1ELNS_8bitwidth12compute_kindE0ELNS4_14storage_layoutE0ELi4ELNS0_12decoder_kindE4ELNS0_13multiply_kindE0EEEvNS0_12storage_viewIT_XT1_EEESB_mNS0_12table_bundleIXT0_EEEPNS4_14compute_traitsIXT0_EE4typeE
    0 bytes stack frame, 0 bytes spill stores, 0 bytes spill loads
ptxas info    : Used 32 registers, used 1 barriers
ptxas info    : Compile time = 13.064 ms
ptxas info    : Compiling entry function '_ZN3aut12lns_strategy18gemv_thread_kernelINS_3lns7lns4_r1ELNS_8bitwidth12compute_kindE0ELNS4_14storage_layoutE0ELi2ELNS0_12decoder_kindE4ELNS0_13multiply_kindE0EEEvNS0_12storage_viewIT_XT1_EEESB_mmNS0_12table_bundleIXT0_EEEPNS4_14compute_traitsIXT0_EE4typeE' for 'sm_90'
ptxas info    : Function properties for _ZN3aut12lns_strategy18gemv_thread_kernelINS_3lns7lns4_r1ELNS_8bitwidth12compute_kindE0ELNS4_14storage_layoutE0ELi2ELNS0_12decoder_kindE4ELNS0_13multiply_kindE0EEEvNS0_12storage_viewIT_XT1_EEESB_mmNS0_12table_bundleIXT0_EEEPNS4_14compute_traitsIXT0_EE4typeE
    0 bytes stack frame, 0 bytes spill stores, 0 bytes spill loads
ptxas info    : Used 31 registers, used 1 barriers
ptxas info    : Compile time = 8.349 ms
ptxas info    : Compiling entry function '_ZN3aut12lns_strategy17dot_thread_kernelINS_3lns7lns4_r1ELNS_8bitwidth12compute_kindE0ELNS4_14storage_layoutE0ELi2ELNS0_12decoder_kindE4ELNS0_13multiply_kindE0EEEvNS0_12storage_viewIT_XT1_EEESB_mNS0_12table_bundleIXT0_EEEPNS4_14compute_traitsIXT0_EE4typeE' for 'sm_90'
ptxas info    : Function properties for _ZN3aut12lns_strategy17dot_thread_kernelINS_3lns7lns4_r1ELNS_8bitwidth12compute_kindE0ELNS4_14storage_layoutE0ELi2ELNS0_12decoder_kindE4ELNS0_13multiply_kindE0EEEvNS0_12storage_viewIT_XT1_EEESB_mNS0_12table_bundleIXT0_EEEPNS4_14compute_traitsIXT0_EE4typeE
    0 bytes stack frame, 0 bytes spill stores, 0 bytes spill loads
ptxas info    : Used 32 registers, used 1 barriers
ptxas info    : Compile time = 8.151 ms
ptxas info    : Compiling entry function '_ZN3aut12lns_strategy18gemv_thread_kernelINS_3lns7lns4_r1ELNS_8bitwidth12compute_kindE0ELNS4_14storage_layoutE1ELi1ELNS0_12decoder_kindE4ELNS0_13multiply_kindE0EEEvNS0_12storage_viewIT_XT1_EEESB_mmNS0_12table_bundleIXT0_EEEPNS4_14compute_traitsIXT0_EE4typeE' for 'sm_90'
ptxas info    : Function properties for _ZN3aut12lns_strategy18gemv_thread_kernelINS_3lns7lns4_r1ELNS_8bitwidth12compute_kindE0ELNS4_14storage_layoutE1ELi1ELNS0_12decoder_kindE4ELNS0_13multiply_kindE0EEEvNS0_12storage_viewIT_XT1_EEESB_mmNS0_12table_bundleIXT0_EEEPNS4_14compute_traitsIXT0_EE4typeE
    0 bytes stack frame, 0 bytes spill stores, 0 bytes spill loads
ptxas info    : Used 20 registers, used 1 barriers
ptxas info    : Compile time = 5.248 ms
ptxas info    : Compiling entry function '_ZN3aut12lns_strategy17dot_thread_kernelINS_3lns7lns4_r1ELNS_8bitwidth12compute_kindE0ELNS4_14storage_layoutE1ELi1ELNS0_12decoder_kindE4ELNS0_13multiply_kindE0EEEvNS0_12storage_viewIT_XT1_EEESB_mNS0_12table_bundleIXT0_EEEPNS4_14compute_traitsIXT0_EE4typeE' for 'sm_90'
ptxas info    : Function properties for _ZN3aut12lns_strategy17dot_thread_kernelINS_3lns7lns4_r1ELNS_8bitwidth12compute_kindE0ELNS4_14storage_layoutE1ELi1ELNS0_12decoder_kindE4ELNS0_13multiply_kindE0EEEvNS0_12storage_viewIT_XT1_EEESB_mNS0_12table_bundleIXT0_EEEPNS4_14compute_traitsIXT0_EE4typeE
    0 bytes stack frame, 0 bytes spill stores, 0 bytes spill loads
ptxas info    : Used 22 registers, used 1 barriers
ptxas info    : Compile time = 5.117 ms
ptxas info    : Compiling entry function '_ZN3aut12lns_strategy18gemv_thread_kernelINS_3lns7lns4_r1ELNS_8bitwidth12compute_kindE0ELNS4_14storage_layoutE0ELi1ELNS0_12decoder_kindE4ELNS0_13multiply_kindE0EEEvNS0_12storage_viewIT_XT1_EEESB_mmNS0_12table_bundleIXT0_EEEPNS4_14compute_traitsIXT0_EE4typeE' for 'sm_90'
ptxas info    : Function properties for _ZN3aut12lns_strategy18gemv_thread_kernelINS_3lns7lns4_r1ELNS_8bitwidth12compute_kindE0ELNS4_14storage_layoutE0ELi1ELNS0_12decoder_kindE4ELNS0_13multiply_kindE0EEEvNS0_12storage_viewIT_XT1_EEESB_mmNS0_12table_bundleIXT0_EEEPNS4_14compute_traitsIXT0_EE4typeE
    0 bytes stack frame, 0 bytes spill stores, 0 bytes spill loads
ptxas info    : Used 20 registers, used 1 barriers
ptxas info    : Compile time = 5.651 ms
ptxas info    : Compiling entry function '_ZN3aut12lns_strategy17dot_thread_kernelINS_3lns7lns4_r1ELNS_8bitwidth12compute_kindE0ELNS4_14storage_layoutE0ELi1ELNS0_12decoder_kindE4ELNS0_13multiply_kindE0EEEvNS0_12storage_viewIT_XT1_EEESB_mNS0_12table_bundleIXT0_EEEPNS4_14compute_traitsIXT0_EE4typeE' for 'sm_90'
ptxas info    : Function properties for _ZN3aut12lns_strategy17dot_thread_kernelINS_3lns7lns4_r1ELNS_8bitwidth12compute_kindE0ELNS4_14storage_layoutE0ELi1ELNS0_12decoder_kindE4ELNS0_13multiply_kindE0EEEvNS0_12storage_viewIT_XT1_EEESB_mNS0_12table_bundleIXT0_EEEPNS4_14compute_traitsIXT0_EE4typeE
    0 bytes stack frame, 0 bytes spill stores, 0 bytes spill loads
ptxas info    : Used 23 registers, used 1 barriers
ptxas info    : Compile time = 5.417 ms
ptxas info    : Compiling entry function '_ZN3aut12lns_strategy23gemv_cooperative_kernelINS_3lns7lns4_r1ELNS_8bitwidth12compute_kindE0ELNS0_12decoder_kindE3ELNS0_13multiply_kindE0EEEvPKjS9_mmNS0_12table_bundleIXT0_EEEPNS4_14compute_traitsIXT0_EE4typeE' for 'sm_90'
ptxas info    : Function properties for _ZN3aut12lns_strategy23gemv_cooperative_kernelINS_3lns7lns4_r1ELNS_8bitwidth12compute_kindE0ELNS0_12decoder_kindE3ELNS0_13multiply_kindE0EEEvPKjS9_mmNS0_12table_bundleIXT0_EEEPNS4_14compute_traitsIXT0_EE4typeE
    0 bytes stack frame, 0 bytes spill stores, 0 bytes spill loads
ptxas info    : Used 22 registers, used 1 barriers
ptxas info    : Compile time = 4.750 ms
ptxas info    : Compiling entry function '_ZN3aut12lns_strategy22dot_cooperative_kernelINS_3lns7lns4_r1ELNS_8bitwidth12compute_kindE0ELNS0_12decoder_kindE3ELNS0_13multiply_kindE0EEEvPKjS9_mNS0_12table_bundleIXT0_EEEPNS4_14compute_traitsIXT0_EE4typeE' for 'sm_90'
ptxas info    : Function properties for _ZN3aut12lns_strategy22dot_cooperative_kernelINS_3lns7lns4_r1ELNS_8bitwidth12compute_kindE0ELNS0_12decoder_kindE3ELNS0_13multiply_kindE0EEEvPKjS9_mNS0_12table_bundleIXT0_EEEPNS4_14compute_traitsIXT0_EE4typeE
    0 bytes stack frame, 0 bytes spill stores, 0 bytes spill loads
ptxas info    : Used 22 registers, used 1 barriers
ptxas info    : Compile time = 4.690 ms
ptxas info    : Compiling entry function '_ZN3aut12lns_strategy18gemv_thread_kernelINS_3lns7lns4_r1ELNS_8bitwidth12compute_kindE0ELNS4_14storage_layoutE1ELi8ELNS0_12decoder_kindE3ELNS0_13multiply_kindE0EEEvNS0_12storage_viewIT_XT1_EEESB_mmNS0_12table_bundleIXT0_EEEPNS4_14compute_traitsIXT0_EE4typeE' for 'sm_90'
ptxas info    : Function properties for _ZN3aut12lns_strategy18gemv_thread_kernelINS_3lns7lns4_r1ELNS_8bitwidth12compute_kindE0ELNS4_14storage_layoutE1ELi8ELNS0_12decoder_kindE3ELNS0_13multiply_kindE0EEEvNS0_12storage_viewIT_XT1_EEESB_mmNS0_12table_bundleIXT0_EEEPNS4_14compute_traitsIXT0_EE4typeE
    0 bytes stack frame, 0 bytes spill stores, 0 bytes spill loads
ptxas info    : Used 29 registers, used 1 barriers
ptxas info    : Compile time = 6.073 ms
ptxas info    : Compiling entry function '_ZN3aut12lns_strategy17dot_thread_kernelINS_3lns7lns4_r1ELNS_8bitwidth12compute_kindE0ELNS4_14storage_layoutE1ELi8ELNS0_12decoder_kindE3ELNS0_13multiply_kindE0EEEvNS0_12storage_viewIT_XT1_EEESB_mNS0_12table_bundleIXT0_EEEPNS4_14compute_traitsIXT0_EE4typeE' for 'sm_90'
ptxas info    : Function properties for _ZN3aut12lns_strategy17dot_thread_kernelINS_3lns7lns4_r1ELNS_8bitwidth12compute_kindE0ELNS4_14storage_layoutE1ELi8ELNS0_12decoder_kindE3ELNS0_13multiply_kindE0EEEvNS0_12storage_viewIT_XT1_EEESB_mNS0_12table_bundleIXT0_EEEPNS4_14compute_traitsIXT0_EE4typeE
    0 bytes stack frame, 0 bytes spill stores, 0 bytes spill loads
ptxas info    : Used 31 registers, used 1 barriers
ptxas info    : Compile time = 6.085 ms
ptxas info    : Compiling entry function '_ZN3aut12lns_strategy18gemv_thread_kernelINS_3lns7lns4_r1ELNS_8bitwidth12compute_kindE0ELNS4_14storage_layoutE1ELi4ELNS0_12decoder_kindE3ELNS0_13multiply_kindE0EEEvNS0_12storage_viewIT_XT1_EEESB_mmNS0_12table_bundleIXT0_EEEPNS4_14compute_traitsIXT0_EE4typeE' for 'sm_90'
ptxas info    : Function properties for _ZN3aut12lns_strategy18gemv_thread_kernelINS_3lns7lns4_r1ELNS_8bitwidth12compute_kindE0ELNS4_14storage_layoutE1ELi4ELNS0_12decoder_kindE3ELNS0_13multiply_kindE0EEEvNS0_12storage_viewIT_XT1_EEESB_mmNS0_12table_bundleIXT0_EEEPNS4_14compute_traitsIXT0_EE4typeE
    0 bytes stack frame, 0 bytes spill stores, 0 bytes spill loads
ptxas info    : Used 22 registers, used 1 barriers
ptxas info    : Compile time = 4.571 ms
ptxas info    : Compiling entry function '_ZN3aut12lns_strategy17dot_thread_kernelINS_3lns7lns4_r1ELNS_8bitwidth12compute_kindE0ELNS4_14storage_layoutE1ELi4ELNS0_12decoder_kindE3ELNS0_13multiply_kindE0EEEvNS0_12storage_viewIT_XT1_EEESB_mNS0_12table_bundleIXT0_EEEPNS4_14compute_traitsIXT0_EE4typeE' for 'sm_90'
ptxas info    : Function properties for _ZN3aut12lns_strategy17dot_thread_kernelINS_3lns7lns4_r1ELNS_8bitwidth12compute_kindE0ELNS4_14storage_layoutE1ELi4ELNS0_12decoder_kindE3ELNS0_13multiply_kindE0EEEvNS0_12storage_viewIT_XT1_EEESB_mNS0_12table_bundleIXT0_EEEPNS4_14compute_traitsIXT0_EE4typeE
    0 bytes stack frame, 0 bytes spill stores, 0 bytes spill loads
ptxas info    : Used 26 registers, used 1 barriers
ptxas info    : Compile time = 4.588 ms
ptxas info    : Compiling entry function '_ZN3aut12lns_strategy18gemv_thread_kernelINS_3lns7lns4_r1ELNS_8bitwidth12compute_kindE0ELNS4_14storage_layoutE1ELi2ELNS0_12decoder_kindE3ELNS0_13multiply_kindE0EEEvNS0_12storage_viewIT_XT1_EEESB_mmNS0_12table_bundleIXT0_EEEPNS4_14compute_traitsIXT0_EE4typeE' for 'sm_90'
ptxas info    : Function properties for _ZN3aut12lns_strategy18gemv_thread_kernelINS_3lns7lns4_r1ELNS_8bitwidth12compute_kindE0ELNS4_14storage_layoutE1ELi2ELNS0_12decoder_kindE3ELNS0_13multiply_kindE0EEEvNS0_12storage_viewIT_XT1_EEESB_mmNS0_12table_bundleIXT0_EEEPNS4_14compute_traitsIXT0_EE4typeE
    0 bytes stack frame, 0 bytes spill stores, 0 bytes spill loads
ptxas info    : Used 19 registers, used 1 barriers
ptxas info    : Compile time = 3.979 ms
ptxas info    : Compiling entry function '_ZN3aut12lns_strategy17dot_thread_kernelINS_3lns7lns4_r1ELNS_8bitwidth12compute_kindE0ELNS4_14storage_layoutE1ELi2ELNS0_12decoder_kindE3ELNS0_13multiply_kindE0EEEvNS0_12storage_viewIT_XT1_EEESB_mNS0_12table_bundleIXT0_EEEPNS4_14compute_traitsIXT0_EE4typeE' for 'sm_90'
ptxas info    : Function properties for _ZN3aut12lns_strategy17dot_thread_kernelINS_3lns7lns4_r1ELNS_8bitwidth12compute_kindE0ELNS4_14storage_layoutE1ELi2ELNS0_12decoder_kindE3ELNS0_13multiply_kindE0EEEvNS0_12storage_viewIT_XT1_EEESB_mNS0_12table_bundleIXT0_EEEPNS4_14compute_traitsIXT0_EE4typeE
    0 bytes stack frame, 0 bytes spill stores, 0 bytes spill loads
ptxas info    : Used 24 registers, used 1 barriers
ptxas info    : Compile time = 3.930 ms
ptxas info    : Compiling entry function '_ZN3aut12lns_strategy18gemv_thread_kernelINS_3lns7lns4_r1ELNS_8bitwidth12compute_kindE0ELNS4_14storage_layoutE0ELi8ELNS0_12decoder_kindE3ELNS0_13multiply_kindE0EEEvNS0_12storage_viewIT_XT1_EEESB_mmNS0_12table_bundleIXT0_EEEPNS4_14compute_traitsIXT0_EE4typeE' for 'sm_90'
ptxas info    : Function properties for _ZN3aut12lns_strategy18gemv_thread_kernelINS_3lns7lns4_r1ELNS_8bitwidth12compute_kindE0ELNS4_14storage_layoutE0ELi8ELNS0_12decoder_kindE3ELNS0_13multiply_kindE0EEEvNS0_12storage_viewIT_XT1_EEESB_mmNS0_12table_bundleIXT0_EEEPNS4_14compute_traitsIXT0_EE4typeE
    0 bytes stack frame, 0 bytes spill stores, 0 bytes spill loads
ptxas info    : Used 32 registers, used 1 barriers
ptxas info    : Compile time = 8.946 ms
ptxas info    : Compiling entry function '_ZN3aut12lns_strategy17dot_thread_kernelINS_3lns7lns4_r1ELNS_8bitwidth12compute_kindE0ELNS4_14storage_layoutE0ELi8ELNS0_12decoder_kindE3ELNS0_13multiply_kindE0EEEvNS0_12storage_viewIT_XT1_EEESB_mNS0_12table_bundleIXT0_EEEPNS4_14compute_traitsIXT0_EE4typeE' for 'sm_90'
ptxas info    : Function properties for _ZN3aut12lns_strategy17dot_thread_kernelINS_3lns7lns4_r1ELNS_8bitwidth12compute_kindE0ELNS4_14storage_layoutE0ELi8ELNS0_12decoder_kindE3ELNS0_13multiply_kindE0EEEvNS0_12storage_viewIT_XT1_EEESB_mNS0_12table_bundleIXT0_EEEPNS4_14compute_traitsIXT0_EE4typeE
    0 bytes stack frame, 0 bytes spill stores, 0 bytes spill loads
ptxas info    : Used 31 registers, used 1 barriers
ptxas info    : Compile time = 5.780 ms
ptxas info    : Compiling entry function '_ZN3aut12lns_strategy18gemv_thread_kernelINS_3lns7lns4_r1ELNS_8bitwidth12compute_kindE0ELNS4_14storage_layoutE0ELi4ELNS0_12decoder_kindE3ELNS0_13multiply_kindE0EEEvNS0_12storage_viewIT_XT1_EEESB_mmNS0_12table_bundleIXT0_EEEPNS4_14compute_traitsIXT0_EE4typeE' for 'sm_90'
ptxas info    : Function properties for _ZN3aut12lns_strategy18gemv_thread_kernelINS_3lns7lns4_r1ELNS_8bitwidth12compute_kindE0ELNS4_14storage_layoutE0ELi4ELNS0_12decoder_kindE3ELNS0_13multiply_kindE0EEEvNS0_12storage_viewIT_XT1_EEESB_mmNS0_12table_bundleIXT0_EEEPNS4_14compute_traitsIXT0_EE4typeE
    0 bytes stack frame, 0 bytes spill stores, 0 bytes spill loads
ptxas info    : Used 31 registers, used 1 barriers
ptxas info    : Compile time = 6.468 ms
ptxas info    : Compiling entry function '_ZN3aut12lns_strategy17dot_thread_kernelINS_3lns7lns4_r1ELNS_8bitwidth12compute_kindE0ELNS4_14storage_layoutE0ELi4ELNS0_12decoder_kindE3ELNS0_13multiply_kindE0EEEvNS0_12storage_viewIT_XT1_EEESB_mNS0_12table_bundleIXT0_EEEPNS4_14compute_traitsIXT0_EE4typeE' for 'sm_90'
ptxas info    : Function properties for _ZN3aut12lns_strategy17dot_thread_kernelINS_3lns7lns4_r1ELNS_8bitwidth12compute_kindE0ELNS4_14storage_layoutE0ELi4ELNS0_12decoder_kindE3ELNS0_13multiply_kindE0EEEvNS0_12storage_viewIT_XT1_EEESB_mNS0_12table_bundleIXT0_EEEPNS4_14compute_traitsIXT0_EE4typeE
    0 bytes stack frame, 0 bytes spill stores, 0 bytes spill loads
ptxas info    : Used 32 registers, used 1 barriers
ptxas info    : Compile time = 6.152 ms
ptxas info    : Compiling entry function '_ZN3aut12lns_strategy18gemv_thread_kernelINS_3lns7lns4_r1ELNS_8bitwidth12compute_kindE0ELNS4_14storage_layoutE0ELi2ELNS0_12decoder_kindE3ELNS0_13multiply_kindE0EEEvNS0_12storage_viewIT_XT1_EEESB_mmNS0_12table_bundleIXT0_EEEPNS4_14compute_traitsIXT0_EE4typeE' for 'sm_90'
ptxas info    : Function properties for _ZN3aut12lns_strategy18gemv_thread_kernelINS_3lns7lns4_r1ELNS_8bitwidth12compute_kindE0ELNS4_14storage_layoutE0ELi2ELNS0_12decoder_kindE3ELNS0_13multiply_kindE0EEEvNS0_12storage_viewIT_XT1_EEESB_mmNS0_12table_bundleIXT0_EEEPNS4_14compute_traitsIXT0_EE4typeE
    0 bytes stack frame, 0 bytes spill stores, 0 bytes spill loads
ptxas info    : Used 29 registers, used 1 barriers
ptxas info    : Compile time = 4.817 ms
ptxas info    : Compiling entry function '_ZN3aut12lns_strategy17dot_thread_kernelINS_3lns7lns4_r1ELNS_8bitwidth12compute_kindE0ELNS4_14storage_layoutE0ELi2ELNS0_12decoder_kindE3ELNS0_13multiply_kindE0EEEvNS0_12storage_viewIT_XT1_EEESB_mNS0_12table_bundleIXT0_EEEPNS4_14compute_traitsIXT0_EE4typeE' for 'sm_90'
ptxas info    : Function properties for _ZN3aut12lns_strategy17dot_thread_kernelINS_3lns7lns4_r1ELNS_8bitwidth12compute_kindE0ELNS4_14storage_layoutE0ELi2ELNS0_12decoder_kindE3ELNS0_13multiply_kindE0EEEvNS0_12storage_viewIT_XT1_EEESB_mNS0_12table_bundleIXT0_EEEPNS4_14compute_traitsIXT0_EE4typeE
    0 bytes stack frame, 0 bytes spill stores, 0 bytes spill loads
ptxas info    : Used 30 registers, used 1 barriers
ptxas info    : Compile time = 4.551 ms
ptxas info    : Compiling entry function '_ZN3aut12lns_strategy18gemv_thread_kernelINS_3lns7lns4_r1ELNS_8bitwidth12compute_kindE0ELNS4_14storage_layoutE1ELi1ELNS0_12decoder_kindE3ELNS0_13multiply_kindE0EEEvNS0_12storage_viewIT_XT1_EEESB_mmNS0_12table_bundleIXT0_EEEPNS4_14compute_traitsIXT0_EE4typeE' for 'sm_90'
ptxas info    : Function properties for _ZN3aut12lns_strategy18gemv_thread_kernelINS_3lns7lns4_r1ELNS_8bitwidth12compute_kindE0ELNS4_14storage_layoutE1ELi1ELNS0_12decoder_kindE3ELNS0_13multiply_kindE0EEEvNS0_12storage_viewIT_XT1_EEESB_mmNS0_12table_bundleIXT0_EEEPNS4_14compute_traitsIXT0_EE4typeE
    0 bytes stack frame, 0 bytes spill stores, 0 bytes spill loads
ptxas info    : Used 18 registers, used 1 barriers
ptxas info    : Compile time = 3.366 ms
ptxas info    : Compiling entry function '_ZN3aut12lns_strategy17dot_thread_kernelINS_3lns7lns4_r1ELNS_8bitwidth12compute_kindE0ELNS4_14storage_layoutE1ELi1ELNS0_12decoder_kindE3ELNS0_13multiply_kindE0EEEvNS0_12storage_viewIT_XT1_EEESB_mNS0_12table_bundleIXT0_EEEPNS4_14compute_traitsIXT0_EE4typeE' for 'sm_90'
ptxas info    : Function properties for _ZN3aut12lns_strategy17dot_thread_kernelINS_3lns7lns4_r1ELNS_8bitwidth12compute_kindE0ELNS4_14storage_layoutE1ELi1ELNS0_12decoder_kindE3ELNS0_13multiply_kindE0EEEvNS0_12storage_viewIT_XT1_EEESB_mNS0_12table_bundleIXT0_EEEPNS4_14compute_traitsIXT0_EE4typeE
    0 bytes stack frame, 0 bytes spill stores, 0 bytes spill loads
ptxas info    : Used 22 registers, used 1 barriers
ptxas info    : Compile time = 3.218 ms
ptxas info    : Compiling entry function '_ZN3aut12lns_strategy18gemv_thread_kernelINS_3lns7lns4_r1ELNS_8bitwidth12compute_kindE0ELNS4_14storage_layoutE0ELi1ELNS0_12decoder_kindE3ELNS0_13multiply_kindE0EEEvNS0_12storage_viewIT_XT1_EEESB_mmNS0_12table_bundleIXT0_EEEPNS4_14compute_traitsIXT0_EE4typeE' for 'sm_90'
ptxas info    : Function properties for _ZN3aut12lns_strategy18gemv_thread_kernelINS_3lns7lns4_r1ELNS_8bitwidth12compute_kindE0ELNS4_14storage_layoutE0ELi1ELNS0_12decoder_kindE3ELNS0_13multiply_kindE0EEEvNS0_12storage_viewIT_XT1_EEESB_mmNS0_12table_bundleIXT0_EEEPNS4_14compute_traitsIXT0_EE4typeE
    0 bytes stack frame, 0 bytes spill stores, 0 bytes spill loads
ptxas info    : Used 21 registers, used 1 barriers
ptxas info    : Compile time = 3.760 ms
ptxas info    : Compiling entry function '_ZN3aut12lns_strategy17dot_thread_kernelINS_3lns7lns4_r1ELNS_8bitwidth12compute_kindE0ELNS4_14storage_layoutE0ELi1ELNS0_12decoder_kindE3ELNS0_13multiply_kindE0EEEvNS0_12storage_viewIT_XT1_EEESB_mNS0_12table_bundleIXT0_EEEPNS4_14compute_traitsIXT0_EE4typeE' for 'sm_90'
ptxas info    : Function properties for _ZN3aut12lns_strategy17dot_thread_kernelINS_3lns7lns4_r1ELNS_8bitwidth12compute_kindE0ELNS4_14storage_layoutE0ELi1ELNS0_12decoder_kindE3ELNS0_13multiply_kindE0EEEvNS0_12storage_viewIT_XT1_EEESB_mNS0_12table_bundleIXT0_EEEPNS4_14compute_traitsIXT0_EE4typeE
    0 bytes stack frame, 0 bytes spill stores, 0 bytes spill loads
ptxas info    : Used 22 registers, used 1 barriers
ptxas info    : Compile time = 3.551 ms
ptxas info    : Compiling entry function '_ZN3aut12lns_strategy23gemv_cooperative_kernelINS_3lns7lns4_r1ELNS_8bitwidth12compute_kindE0ELNS0_12decoder_kindE2ELNS0_13multiply_kindE0EEEvPKjS9_mmNS0_12table_bundleIXT0_EEEPNS4_14compute_traitsIXT0_EE4typeE' for 'sm_90'
ptxas info    : Function properties for _ZN3aut12lns_strategy23gemv_cooperative_kernelINS_3lns7lns4_r1ELNS_8bitwidth12compute_kindE0ELNS0_12decoder_kindE2ELNS0_13multiply_kindE0EEEvPKjS9_mmNS0_12table_bundleIXT0_EEEPNS4_14compute_traitsIXT0_EE4typeE
    0 bytes stack frame, 0 bytes spill stores, 0 bytes spill loads
ptxas info    : Used 23 registers, used 1 barriers
ptxas info    : Compile time = 4.266 ms
ptxas info    : Compiling entry function '_ZN3aut12lns_strategy22dot_cooperative_kernelINS_3lns7lns4_r1ELNS_8bitwidth12compute_kindE0ELNS0_12decoder_kindE2ELNS0_13multiply_kindE0EEEvPKjS9_mNS0_12table_bundleIXT0_EEEPNS4_14compute_traitsIXT0_EE4typeE' for 'sm_90'
ptxas info    : Function properties for _ZN3aut12lns_strategy22dot_cooperative_kernelINS_3lns7lns4_r1ELNS_8bitwidth12compute_kindE0ELNS0_12decoder_kindE2ELNS0_13multiply_kindE0EEEvPKjS9_mNS0_12table_bundleIXT0_EEEPNS4_14compute_traitsIXT0_EE4typeE
    0 bytes stack frame, 0 bytes spill stores, 0 bytes spill loads
ptxas info    : Used 22 registers, used 1 barriers
ptxas info    : Compile time = 4.140 ms
ptxas info    : Compiling entry function '_ZN3aut12lns_strategy18gemv_thread_kernelINS_3lns7lns4_r1ELNS_8bitwidth12compute_kindE0ELNS4_14storage_layoutE1ELi8ELNS0_12decoder_kindE2ELNS0_13multiply_kindE0EEEvNS0_12storage_viewIT_XT1_EEESB_mmNS0_12table_bundleIXT0_EEEPNS4_14compute_traitsIXT0_EE4typeE' for 'sm_90'
ptxas info    : Function properties for _ZN3aut12lns_strategy18gemv_thread_kernelINS_3lns7lns4_r1ELNS_8bitwidth12compute_kindE0ELNS4_14storage_layoutE1ELi8ELNS0_12decoder_kindE2ELNS0_13multiply_kindE0EEEvNS0_12storage_viewIT_XT1_EEESB_mmNS0_12table_bundleIXT0_EEEPNS4_14compute_traitsIXT0_EE4typeE
    0 bytes stack frame, 0 bytes spill stores, 0 bytes spill loads
ptxas info    : Used 36 registers, used 1 barriers
ptxas info    : Compile time = 6.556 ms
ptxas info    : Compiling entry function '_ZN3aut12lns_strategy17dot_thread_kernelINS_3lns7lns4_r1ELNS_8bitwidth12compute_kindE0ELNS4_14storage_layoutE1ELi8ELNS0_12decoder_kindE2ELNS0_13multiply_kindE0EEEvNS0_12storage_viewIT_XT1_EEESB_mNS0_12table_bundleIXT0_EEEPNS4_14compute_traitsIXT0_EE4typeE' for 'sm_90'
ptxas info    : Function properties for _ZN3aut12lns_strategy17dot_thread_kernelINS_3lns7lns4_r1ELNS_8bitwidth12compute_kindE0ELNS4_14storage_layoutE1ELi8ELNS0_12decoder_kindE2ELNS0_13multiply_kindE0EEEvNS0_12storage_viewIT_XT1_EEESB_mNS0_12table_bundleIXT0_EEEPNS4_14compute_traitsIXT0_EE4typeE
    0 bytes stack frame, 0 bytes spill stores, 0 bytes spill loads
ptxas info    : Used 34 registers, used 1 barriers
ptxas info    : Compile time = 6.556 ms
ptxas info    : Compiling entry function '_ZN3aut12lns_strategy18gemv_thread_kernelINS_3lns7lns4_r1ELNS_8bitwidth12compute_kindE0ELNS4_14storage_layoutE1ELi4ELNS0_12decoder_kindE2ELNS0_13multiply_kindE0EEEvNS0_12storage_viewIT_XT1_EEESB_mmNS0_12table_bundleIXT0_EEEPNS4_14compute_traitsIXT0_EE4typeE' for 'sm_90'
ptxas info    : Function properties for _ZN3aut12lns_strategy18gemv_thread_kernelINS_3lns7lns4_r1ELNS_8bitwidth12compute_kindE0ELNS4_14storage_layoutE1ELi4ELNS0_12decoder_kindE2ELNS0_13multiply_kindE0EEEvNS0_12storage_viewIT_XT1_EEESB_mmNS0_12table_bundleIXT0_EEEPNS4_14compute_traitsIXT0_EE4typeE
    0 bytes stack frame, 0 bytes spill stores, 0 bytes spill loads
ptxas info    : Used 32 registers, used 1 barriers
ptxas info    : Compile time = 4.392 ms
ptxas info    : Compiling entry function '_ZN3aut12lns_strategy17dot_thread_kernelINS_3lns7lns4_r1ELNS_8bitwidth12compute_kindE0ELNS4_14storage_layoutE1ELi4ELNS0_12decoder_kindE2ELNS0_13multiply_kindE0EEEvNS0_12storage_viewIT_XT1_EEESB_mNS0_12table_bundleIXT0_EEEPNS4_14compute_traitsIXT0_EE4typeE' for 'sm_90'
ptxas info    : Function properties for _ZN3aut12lns_strategy17dot_thread_kernelINS_3lns7lns4_r1ELNS_8bitwidth12compute_kindE0ELNS4_14storage_layoutE1ELi4ELNS0_12decoder_kindE2ELNS0_13multiply_kindE0EEEvNS0_12storage_viewIT_XT1_EEESB_mNS0_12table_bundleIXT0_EEEPNS4_14compute_traitsIXT0_EE4typeE
    0 bytes stack frame, 0 bytes spill stores, 0 bytes spill loads
ptxas info    : Used 32 registers, used 1 barriers
ptxas info    : Compile time = 4.388 ms
ptxas info    : Compiling entry function '_ZN3aut12lns_strategy18gemv_thread_kernelINS_3lns7lns4_r1ELNS_8bitwidth12compute_kindE0ELNS4_14storage_layoutE1ELi2ELNS0_12decoder_kindE2ELNS0_13multiply_kindE0EEEvNS0_12storage_viewIT_XT1_EEESB_mmNS0_12table_bundleIXT0_EEEPNS4_14compute_traitsIXT0_EE4typeE' for 'sm_90'
ptxas info    : Function properties for _ZN3aut12lns_strategy18gemv_thread_kernelINS_3lns7lns4_r1ELNS_8bitwidth12compute_kindE0ELNS4_14storage_layoutE1ELi2ELNS0_12decoder_kindE2ELNS0_13multiply_kindE0EEEvNS0_12storage_viewIT_XT1_EEESB_mmNS0_12table_bundleIXT0_EEEPNS4_14compute_traitsIXT0_EE4typeE
    0 bytes stack frame, 0 bytes spill stores, 0 bytes spill loads
ptxas info    : Used 22 registers, used 1 barriers
ptxas info    : Compile time = 3.489 ms
ptxas info    : Compiling entry function '_ZN3aut12lns_strategy17dot_thread_kernelINS_3lns7lns4_r1ELNS_8bitwidth12compute_kindE0ELNS4_14storage_layoutE1ELi2ELNS0_12decoder_kindE2ELNS0_13multiply_kindE0EEEvNS0_12storage_viewIT_XT1_EEESB_mNS0_12table_bundleIXT0_EEEPNS4_14compute_traitsIXT0_EE4typeE' for 'sm_90'
ptxas info    : Function properties for _ZN3aut12lns_strategy17dot_thread_kernelINS_3lns7lns4_r1ELNS_8bitwidth12compute_kindE0ELNS4_14storage_layoutE1ELi2ELNS0_12decoder_kindE2ELNS0_13multiply_kindE0EEEvNS0_12storage_viewIT_XT1_EEESB_mNS0_12table_bundleIXT0_EEEPNS4_14compute_traitsIXT0_EE4typeE
    0 bytes stack frame, 0 bytes spill stores, 0 bytes spill loads
ptxas info    : Used 24 registers, used 1 barriers
ptxas info    : Compile time = 3.500 ms
ptxas info    : Compiling entry function '_ZN3aut12lns_strategy18gemv_thread_kernelINS_3lns7lns4_r1ELNS_8bitwidth12compute_kindE0ELNS4_14storage_layoutE0ELi8ELNS0_12decoder_kindE2ELNS0_13multiply_kindE0EEEvNS0_12storage_viewIT_XT1_EEESB_mmNS0_12table_bundleIXT0_EEEPNS4_14compute_traitsIXT0_EE4typeE' for 'sm_90'
ptxas info    : Function properties for _ZN3aut12lns_strategy18gemv_thread_kernelINS_3lns7lns4_r1ELNS_8bitwidth12compute_kindE0ELNS4_14storage_layoutE0ELi8ELNS0_12decoder_kindE2ELNS0_13multiply_kindE0EEEvNS0_12storage_viewIT_XT1_EEESB_mmNS0_12table_bundleIXT0_EEEPNS4_14compute_traitsIXT0_EE4typeE
    0 bytes stack frame, 0 bytes spill stores, 0 bytes spill loads
ptxas info    : Used 44 registers, used 1 barriers
ptxas info    : Compile time = 9.229 ms
ptxas info    : Compiling entry function '_ZN3aut12lns_strategy17dot_thread_kernelINS_3lns7lns4_r1ELNS_8bitwidth12compute_kindE0ELNS4_14storage_layoutE0ELi8ELNS0_12decoder_kindE2ELNS0_13multiply_kindE0EEEvNS0_12storage_viewIT_XT1_EEESB_mNS0_12table_bundleIXT0_EEEPNS4_14compute_traitsIXT0_EE4typeE' for 'sm_90'
ptxas info    : Function properties for _ZN3aut12lns_strategy17dot_thread_kernelINS_3lns7lns4_r1ELNS_8bitwidth12compute_kindE0ELNS4_14storage_layoutE0ELi8ELNS0_12decoder_kindE2ELNS0_13multiply_kindE0EEEvNS0_12storage_viewIT_XT1_EEESB_mNS0_12table_bundleIXT0_EEEPNS4_14compute_traitsIXT0_EE4typeE
    0 bytes stack frame, 0 bytes spill stores, 0 bytes spill loads
ptxas info    : Used 32 registers, used 1 barriers
ptxas info    : Compile time = 5.717 ms
ptxas info    : Compiling entry function '_ZN3aut12lns_strategy18gemv_thread_kernelINS_3lns7lns4_r1ELNS_8bitwidth12compute_kindE0ELNS4_14storage_layoutE0ELi4ELNS0_12decoder_kindE2ELNS0_13multiply_kindE0EEEvNS0_12storage_viewIT_XT1_EEESB_mmNS0_12table_bundleIXT0_EEEPNS4_14compute_traitsIXT0_EE4typeE' for 'sm_90'
ptxas info    : Function properties for _ZN3aut12lns_strategy18gemv_thread_kernelINS_3lns7lns4_r1ELNS_8bitwidth12compute_kindE0ELNS4_14storage_layoutE0ELi4ELNS0_12decoder_kindE2ELNS0_13multiply_kindE0EEEvNS0_12storage_viewIT_XT1_EEESB_mmNS0_12table_bundleIXT0_EEEPNS4_14compute_traitsIXT0_EE4typeE
    0 bytes stack frame, 0 bytes spill stores, 0 bytes spill loads
ptxas info    : Used 32 registers, used 1 barriers
ptxas info    : Compile time = 6.051 ms
ptxas info    : Compiling entry function '_ZN3aut12lns_strategy17dot_thread_kernelINS_3lns7lns4_r1ELNS_8bitwidth12compute_kindE0ELNS4_14storage_layoutE0ELi4ELNS0_12decoder_kindE2ELNS0_13multiply_kindE0EEEvNS0_12storage_viewIT_XT1_EEESB_mNS0_12table_bundleIXT0_EEEPNS4_14compute_traitsIXT0_EE4typeE' for 'sm_90'
ptxas info    : Function properties for _ZN3aut12lns_strategy17dot_thread_kernelINS_3lns7lns4_r1ELNS_8bitwidth12compute_kindE0ELNS4_14storage_layoutE0ELi4ELNS0_12decoder_kindE2ELNS0_13multiply_kindE0EEEvNS0_12storage_viewIT_XT1_EEESB_mNS0_12table_bundleIXT0_EEEPNS4_14compute_traitsIXT0_EE4typeE
    0 bytes stack frame, 0 bytes spill stores, 0 bytes spill loads
ptxas info    : Used 32 registers, used 1 barriers
ptxas info    : Compile time = 5.749 ms
ptxas info    : Compiling entry function '_ZN3aut12lns_strategy18gemv_thread_kernelINS_3lns7lns4_r1ELNS_8bitwidth12compute_kindE0ELNS4_14storage_layoutE0ELi2ELNS0_12decoder_kindE2ELNS0_13multiply_kindE0EEEvNS0_12storage_viewIT_XT1_EEESB_mmNS0_12table_bundleIXT0_EEEPNS4_14compute_traitsIXT0_EE4typeE' for 'sm_90'
ptxas info    : Function properties for _ZN3aut12lns_strategy18gemv_thread_kernelINS_3lns7lns4_r1ELNS_8bitwidth12compute_kindE0ELNS4_14storage_layoutE0ELi2ELNS0_12decoder_kindE2ELNS0_13multiply_kindE0EEEvNS0_12storage_viewIT_XT1_EEESB_mmNS0_12table_bundleIXT0_EEEPNS4_14compute_traitsIXT0_EE4typeE
    0 bytes stack frame, 0 bytes spill stores, 0 bytes spill loads
ptxas info    : Used 28 registers, used 1 barriers
ptxas info    : Compile time = 4.317 ms
ptxas info    : Compiling entry function '_ZN3aut12lns_strategy17dot_thread_kernelINS_3lns7lns4_r1ELNS_8bitwidth12compute_kindE0ELNS4_14storage_layoutE0ELi2ELNS0_12decoder_kindE2ELNS0_13multiply_kindE0EEEvNS0_12storage_viewIT_XT1_EEESB_mNS0_12table_bundleIXT0_EEEPNS4_14compute_traitsIXT0_EE4typeE' for 'sm_90'
ptxas info    : Function properties for _ZN3aut12lns_strategy17dot_thread_kernelINS_3lns7lns4_r1ELNS_8bitwidth12compute_kindE0ELNS4_14storage_layoutE0ELi2ELNS0_12decoder_kindE2ELNS0_13multiply_kindE0EEEvNS0_12storage_viewIT_XT1_EEESB_mNS0_12table_bundleIXT0_EEEPNS4_14compute_traitsIXT0_EE4typeE
    0 bytes stack frame, 0 bytes spill stores, 0 bytes spill loads
ptxas info    : Used 31 registers, used 1 barriers
ptxas info    : Compile time = 4.110 ms
ptxas info    : Compiling entry function '_ZN3aut12lns_strategy18gemv_thread_kernelINS_3lns7lns4_r1ELNS_8bitwidth12compute_kindE0ELNS4_14storage_layoutE1ELi1ELNS0_12decoder_kindE2ELNS0_13multiply_kindE0EEEvNS0_12storage_viewIT_XT1_EEESB_mmNS0_12table_bundleIXT0_EEEPNS4_14compute_traitsIXT0_EE4typeE' for 'sm_90'
ptxas info    : Function properties for _ZN3aut12lns_strategy18gemv_thread_kernelINS_3lns7lns4_r1ELNS_8bitwidth12compute_kindE0ELNS4_14storage_layoutE1ELi1ELNS0_12decoder_kindE2ELNS0_13multiply_kindE0EEEvNS0_12storage_viewIT_XT1_EEESB_mmNS0_12table_bundleIXT0_EEEPNS4_14compute_traitsIXT0_EE4typeE
    0 bytes stack frame, 0 bytes spill stores, 0 bytes spill loads
ptxas info    : Used 18 registers, used 1 barriers
ptxas info    : Compile time = 2.848 ms
ptxas info    : Compiling entry function '_ZN3aut12lns_strategy17dot_thread_kernelINS_3lns7lns4_r1ELNS_8bitwidth12compute_kindE0ELNS4_14storage_layoutE1ELi1ELNS0_12decoder_kindE2ELNS0_13multiply_kindE0EEEvNS0_12storage_viewIT_XT1_EEESB_mNS0_12table_bundleIXT0_EEEPNS4_14compute_traitsIXT0_EE4typeE' for 'sm_90'
ptxas info    : Function properties for _ZN3aut12lns_strategy17dot_thread_kernelINS_3lns7lns4_r1ELNS_8bitwidth12compute_kindE0ELNS4_14storage_layoutE1ELi1ELNS0_12decoder_kindE2ELNS0_13multiply_kindE0EEEvNS0_12storage_viewIT_XT1_EEESB_mNS0_12table_bundleIXT0_EEEPNS4_14compute_traitsIXT0_EE4typeE
    0 bytes stack frame, 0 bytes spill stores, 0 bytes spill loads
ptxas info    : Used 22 registers, used 1 barriers
ptxas info    : Compile time = 2.678 ms
ptxas info    : Compiling entry function '_ZN3aut12lns_strategy18gemv_thread_kernelINS_3lns7lns4_r1ELNS_8bitwidth12compute_kindE0ELNS4_14storage_layoutE0ELi1ELNS0_12decoder_kindE2ELNS0_13multiply_kindE0EEEvNS0_12storage_viewIT_XT1_EEESB_mmNS0_12table_bundleIXT0_EEEPNS4_14compute_traitsIXT0_EE4typeE' for 'sm_90'
ptxas info    : Function properties for _ZN3aut12lns_strategy18gemv_thread_kernelINS_3lns7lns4_r1ELNS_8bitwidth12compute_kindE0ELNS4_14storage_layoutE0ELi1ELNS0_12decoder_kindE2ELNS0_13multiply_kindE0EEEvNS0_12storage_viewIT_XT1_EEESB_mmNS0_12table_bundleIXT0_EEEPNS4_14compute_traitsIXT0_EE4typeE
    0 bytes stack frame, 0 bytes spill stores, 0 bytes spill loads
ptxas info    : Used 20 registers, used 1 barriers
ptxas info    : Compile time = 3.214 ms
ptxas info    : Compiling entry function '_ZN3aut12lns_strategy17dot_thread_kernelINS_3lns7lns4_r1ELNS_8bitwidth12compute_kindE0ELNS4_14storage_layoutE0ELi1ELNS0_12decoder_kindE2ELNS0_13multiply_kindE0EEEvNS0_12storage_viewIT_XT1_EEESB_mNS0_12table_bundleIXT0_EEEPNS4_14compute_traitsIXT0_EE4typeE' for 'sm_90'
ptxas info    : Function properties for _ZN3aut12lns_strategy17dot_thread_kernelINS_3lns7lns4_r1ELNS_8bitwidth12compute_kindE0ELNS4_14storage_layoutE0ELi1ELNS0_12decoder_kindE2ELNS0_13multiply_kindE0EEEvNS0_12storage_viewIT_XT1_EEESB_mNS0_12table_bundleIXT0_EEEPNS4_14compute_traitsIXT0_EE4typeE
    0 bytes stack frame, 0 bytes spill stores, 0 bytes spill loads
ptxas info    : Used 21 registers, used 1 barriers
ptxas info    : Compile time = 2.995 ms
ptxas info    : Compiling entry function '_ZN3aut12lns_strategy23gemv_cooperative_kernelINS_3lns7lns4_r1ELNS_8bitwidth12compute_kindE0ELNS0_12decoder_kindE1ELNS0_13multiply_kindE1EEEvPKjS9_mmNS0_12table_bundleIXT0_EEEPNS4_14compute_traitsIXT0_EE4typeE' for 'sm_90'
ptxas info    : Function properties for _ZN3aut12lns_strategy23gemv_cooperative_kernelINS_3lns7lns4_r1ELNS_8bitwidth12compute_kindE0ELNS0_12decoder_kindE1ELNS0_13multiply_kindE1EEEvPKjS9_mmNS0_12table_bundleIXT0_EEEPNS4_14compute_traitsIXT0_EE4typeE
    0 bytes stack frame, 0 bytes spill stores, 0 bytes spill loads
ptxas info    : Used 23 registers, used 1 barriers
ptxas info    : Compile time = 5.335 ms
ptxas info    : Compiling entry function '_ZN3aut12lns_strategy22dot_cooperative_kernelINS_3lns7lns4_r1ELNS_8bitwidth12compute_kindE0ELNS0_12decoder_kindE1ELNS0_13multiply_kindE1EEEvPKjS9_mNS0_12table_bundleIXT0_EEEPNS4_14compute_traitsIXT0_EE4typeE' for 'sm_90'
ptxas info    : Function properties for _ZN3aut12lns_strategy22dot_cooperative_kernelINS_3lns7lns4_r1ELNS_8bitwidth12compute_kindE0ELNS0_12decoder_kindE1ELNS0_13multiply_kindE1EEEvPKjS9_mNS0_12table_bundleIXT0_EEEPNS4_14compute_traitsIXT0_EE4typeE
    0 bytes stack frame, 0 bytes spill stores, 0 bytes spill loads
ptxas info    : Used 21 registers, used 1 barriers
ptxas info    : Compile time = 5.187 ms
ptxas info    : Compiling entry function '_ZN3aut12lns_strategy18gemv_thread_kernelINS_3lns7lns4_r1ELNS_8bitwidth12compute_kindE0ELNS4_14storage_layoutE1ELi8ELNS0_12decoder_kindE1ELNS0_13multiply_kindE1EEEvNS0_12storage_viewIT_XT1_EEESB_mmNS0_12table_bundleIXT0_EEEPNS4_14compute_traitsIXT0_EE4typeE' for 'sm_90'
ptxas info    : Function properties for _ZN3aut12lns_strategy18gemv_thread_kernelINS_3lns7lns4_r1ELNS_8bitwidth12compute_kindE0ELNS4_14storage_layoutE1ELi8ELNS0_12decoder_kindE1ELNS0_13multiply_kindE1EEEvNS0_12storage_viewIT_XT1_EEESB_mmNS0_12table_bundleIXT0_EEEPNS4_14compute_traitsIXT0_EE4typeE
    0 bytes stack frame, 0 bytes spill stores, 0 bytes spill loads
ptxas info    : Used 32 registers, used 1 barriers
ptxas info    : Compile time = 10.950 ms
ptxas info    : Compiling entry function '_ZN3aut12lns_strategy17dot_thread_kernelINS_3lns7lns4_r1ELNS_8bitwidth12compute_kindE0ELNS4_14storage_layoutE1ELi8ELNS0_12decoder_kindE1ELNS0_13multiply_kindE1EEEvNS0_12storage_viewIT_XT1_EEESB_mNS0_12table_bundleIXT0_EEEPNS4_14compute_traitsIXT0_EE4typeE' for 'sm_90'
ptxas info    : Function properties for _ZN3aut12lns_strategy17dot_thread_kernelINS_3lns7lns4_r1ELNS_8bitwidth12compute_kindE0ELNS4_14storage_layoutE1ELi8ELNS0_12decoder_kindE1ELNS0_13multiply_kindE1EEEvNS0_12storage_viewIT_XT1_EEESB_mNS0_12table_bundleIXT0_EEEPNS4_14compute_traitsIXT0_EE4typeE
    0 bytes stack frame, 0 bytes spill stores, 0 bytes spill loads
ptxas info    : Used 35 registers, used 1 barriers
ptxas info    : Compile time = 10.949 ms
ptxas info    : Compiling entry function '_ZN3aut12lns_strategy18gemv_thread_kernelINS_3lns7lns4_r1ELNS_8bitwidth12compute_kindE0ELNS4_14storage_layoutE1ELi4ELNS0_12decoder_kindE1ELNS0_13multiply_kindE1EEEvNS0_12storage_viewIT_XT1_EEESB_mmNS0_12table_bundleIXT0_EEEPNS4_14compute_traitsIXT0_EE4typeE' for 'sm_90'
ptxas info    : Function properties for _ZN3aut12lns_strategy18gemv_thread_kernelINS_3lns7lns4_r1ELNS_8bitwidth12compute_kindE0ELNS4_14storage_layoutE1ELi4ELNS0_12decoder_kindE1ELNS0_13multiply_kindE1EEEvNS0_12storage_viewIT_XT1_EEESB_mmNS0_12table_bundleIXT0_EEEPNS4_14compute_traitsIXT0_EE4typeE
    0 bytes stack frame, 0 bytes spill stores, 0 bytes spill loads
ptxas info    : Used 23 registers, used 1 barriers
ptxas info    : Compile time = 6.993 ms
ptxas info    : Compiling entry function '_ZN3aut12lns_strategy17dot_thread_kernelINS_3lns7lns4_r1ELNS_8bitwidth12compute_kindE0ELNS4_14storage_layoutE1ELi4ELNS0_12decoder_kindE1ELNS0_13multiply_kindE1EEEvNS0_12storage_viewIT_XT1_EEESB_mNS0_12table_bundleIXT0_EEEPNS4_14compute_traitsIXT0_EE4typeE' for 'sm_90'
ptxas info    : Function properties for _ZN3aut12lns_strategy17dot_thread_kernelINS_3lns7lns4_r1ELNS_8bitwidth12compute_kindE0ELNS4_14storage_layoutE1ELi4ELNS0_12decoder_kindE1ELNS0_13multiply_kindE1EEEvNS0_12storage_viewIT_XT1_EEESB_mNS0_12table_bundleIXT0_EEEPNS4_14compute_traitsIXT0_EE4typeE
    0 bytes stack frame, 0 bytes spill stores, 0 bytes spill loads
ptxas info    : Used 27 registers, used 1 barriers
ptxas info    : Compile time = 7.075 ms
ptxas info    : Compiling entry function '_ZN3aut12lns_strategy18gemv_thread_kernelINS_3lns7lns4_r1ELNS_8bitwidth12compute_kindE0ELNS4_14storage_layoutE1ELi2ELNS0_12decoder_kindE1ELNS0_13multiply_kindE1EEEvNS0_12storage_viewIT_XT1_EEESB_mmNS0_12table_bundleIXT0_EEEPNS4_14compute_traitsIXT0_EE4typeE' for 'sm_90'
ptxas info    : Function properties for _ZN3aut12lns_strategy18gemv_thread_kernelINS_3lns7lns4_r1ELNS_8bitwidth12compute_kindE0ELNS4_14storage_layoutE1ELi2ELNS0_12decoder_kindE1ELNS0_13multiply_kindE1EEEvNS0_12storage_viewIT_XT1_EEESB_mmNS0_12table_bundleIXT0_EEEPNS4_14compute_traitsIXT0_EE4typeE
    0 bytes stack frame, 0 bytes spill stores, 0 bytes spill loads
ptxas info    : Used 19 registers, used 1 barriers
ptxas info    : Compile time = 5.078 ms
ptxas info    : Compiling entry function '_ZN3aut12lns_strategy17dot_thread_kernelINS_3lns7lns4_r1ELNS_8bitwidth12compute_kindE0ELNS4_14storage_layoutE1ELi2ELNS0_12decoder_kindE1ELNS0_13multiply_kindE1EEEvNS0_12storage_viewIT_XT1_EEESB_mNS0_12table_bundleIXT0_EEEPNS4_14compute_traitsIXT0_EE4typeE' for 'sm_90'
ptxas info    : Function properties for _ZN3aut12lns_strategy17dot_thread_kernelINS_3lns7lns4_r1ELNS_8bitwidth12compute_kindE0ELNS4_14storage_layoutE1ELi2ELNS0_12decoder_kindE1ELNS0_13multiply_kindE1EEEvNS0_12storage_viewIT_XT1_EEESB_mNS0_12table_bundleIXT0_EEEPNS4_14compute_traitsIXT0_EE4typeE
    0 bytes stack frame, 0 bytes spill stores, 0 bytes spill loads
ptxas info    : Used 25 registers, used 1 barriers
ptxas info    : Compile time = 5.119 ms
ptxas info    : Compiling entry function '_ZN3aut12lns_strategy18gemv_thread_kernelINS_3lns7lns4_r1ELNS_8bitwidth12compute_kindE0ELNS4_14storage_layoutE0ELi8ELNS0_12decoder_kindE1ELNS0_13multiply_kindE1EEEvNS0_12storage_viewIT_XT1_EEESB_mmNS0_12table_bundleIXT0_EEEPNS4_14compute_traitsIXT0_EE4typeE' for 'sm_90'
ptxas info    : Function properties for _ZN3aut12lns_strategy18gemv_thread_kernelINS_3lns7lns4_r1ELNS_8bitwidth12compute_kindE0ELNS4_14storage_layoutE0ELi8ELNS0_12decoder_kindE1ELNS0_13multiply_kindE1EEEvNS0_12storage_viewIT_XT1_EEESB_mmNS0_12table_bundleIXT0_EEEPNS4_14compute_traitsIXT0_EE4typeE
    0 bytes stack frame, 0 bytes spill stores, 0 bytes spill loads
ptxas info    : Used 56 registers, used 1 barriers
ptxas info    : Compile time = 14.310 ms
ptxas info    : Compiling entry function '_ZN3aut12lns_strategy17dot_thread_kernelINS_3lns7lns4_r1ELNS_8bitwidth12compute_kindE0ELNS4_14storage_layoutE0ELi8ELNS0_12decoder_kindE1ELNS0_13multiply_kindE1EEEvNS0_12storage_viewIT_XT1_EEESB_mNS0_12table_bundleIXT0_EEEPNS4_14compute_traitsIXT0_EE4typeE' for 'sm_90'
ptxas info    : Function properties for _ZN3aut12lns_strategy17dot_thread_kernelINS_3lns7lns4_r1ELNS_8bitwidth12compute_kindE0ELNS4_14storage_layoutE0ELi8ELNS0_12decoder_kindE1ELNS0_13multiply_kindE1EEEvNS0_12storage_viewIT_XT1_EEESB_mNS0_12table_bundleIXT0_EEEPNS4_14compute_traitsIXT0_EE4typeE
    0 bytes stack frame, 0 bytes spill stores, 0 bytes spill loads
ptxas info    : Used 51 registers, used 1 barriers
ptxas info    : Compile time = 11.186 ms
ptxas info    : Compiling entry function '_ZN3aut12lns_strategy18gemv_thread_kernelINS_3lns7lns4_r1ELNS_8bitwidth12compute_kindE0ELNS4_14storage_layoutE0ELi4ELNS0_12decoder_kindE1ELNS0_13multiply_kindE1EEEvNS0_12storage_viewIT_XT1_EEESB_mmNS0_12table_bundleIXT0_EEEPNS4_14compute_traitsIXT0_EE4typeE' for 'sm_90'
ptxas info    : Function properties for _ZN3aut12lns_strategy18gemv_thread_kernelINS_3lns7lns4_r1ELNS_8bitwidth12compute_kindE0ELNS4_14storage_layoutE0ELi4ELNS0_12decoder_kindE1ELNS0_13multiply_kindE1EEEvNS0_12storage_viewIT_XT1_EEESB_mmNS0_12table_bundleIXT0_EEEPNS4_14compute_traitsIXT0_EE4typeE
    0 bytes stack frame, 0 bytes spill stores, 0 bytes spill loads
ptxas info    : Used 32 registers, used 1 barriers
ptxas info    : Compile time = 9.233 ms
ptxas info    : Compiling entry function '_ZN3aut12lns_strategy17dot_thread_kernelINS_3lns7lns4_r1ELNS_8bitwidth12compute_kindE0ELNS4_14storage_layoutE0ELi4ELNS0_12decoder_kindE1ELNS0_13multiply_kindE1EEEvNS0_12storage_viewIT_XT1_EEESB_mNS0_12table_bundleIXT0_EEEPNS4_14compute_traitsIXT0_EE4typeE' for 'sm_90'
ptxas info    : Function properties for _ZN3aut12lns_strategy17dot_thread_kernelINS_3lns7lns4_r1ELNS_8bitwidth12compute_kindE0ELNS4_14storage_layoutE0ELi4ELNS0_12decoder_kindE1ELNS0_13multiply_kindE1EEEvNS0_12storage_viewIT_XT1_EEESB_mNS0_12table_bundleIXT0_EEEPNS4_14compute_traitsIXT0_EE4typeE
    0 bytes stack frame, 0 bytes spill stores, 0 bytes spill loads
ptxas info    : Used 32 registers, used 1 barriers
ptxas info    : Compile time = 8.796 ms
ptxas info    : Compiling entry function '_ZN3aut12lns_strategy18gemv_thread_kernelINS_3lns7lns4_r1ELNS_8bitwidth12compute_kindE0ELNS4_14storage_layoutE0ELi2ELNS0_12decoder_kindE1ELNS0_13multiply_kindE1EEEvNS0_12storage_viewIT_XT1_EEESB_mmNS0_12table_bundleIXT0_EEEPNS4_14compute_traitsIXT0_EE4typeE' for 'sm_90'
ptxas info    : Function properties for _ZN3aut12lns_strategy18gemv_thread_kernelINS_3lns7lns4_r1ELNS_8bitwidth12compute_kindE0ELNS4_14storage_layoutE0ELi2ELNS0_12decoder_kindE1ELNS0_13multiply_kindE1EEEvNS0_12storage_viewIT_XT1_EEESB_mmNS0_12table_bundleIXT0_EEEPNS4_14compute_traitsIXT0_EE4typeE
    0 bytes stack frame, 0 bytes spill stores, 0 bytes spill loads
ptxas info    : Used 31 registers, used 1 barriers
ptxas info    : Compile time = 6.073 ms
ptxas info    : Compiling entry function '_ZN3aut12lns_strategy17dot_thread_kernelINS_3lns7lns4_r1ELNS_8bitwidth12compute_kindE0ELNS4_14storage_layoutE0ELi2ELNS0_12decoder_kindE1ELNS0_13multiply_kindE1EEEvNS0_12storage_viewIT_XT1_EEESB_mNS0_12table_bundleIXT0_EEEPNS4_14compute_traitsIXT0_EE4typeE' for 'sm_90'
ptxas info    : Function properties for _ZN3aut12lns_strategy17dot_thread_kernelINS_3lns7lns4_r1ELNS_8bitwidth12compute_kindE0ELNS4_14storage_layoutE0ELi2ELNS0_12decoder_kindE1ELNS0_13multiply_kindE1EEEvNS0_12storage_viewIT_XT1_EEESB_mNS0_12table_bundleIXT0_EEEPNS4_14compute_traitsIXT0_EE4typeE
    0 bytes stack frame, 0 bytes spill stores, 0 bytes spill loads
ptxas info    : Used 32 registers, used 1 barriers
ptxas info    : Compile time = 5.889 ms
ptxas info    : Compiling entry function '_ZN3aut12lns_strategy18gemv_thread_kernelINS_3lns7lns4_r1ELNS_8bitwidth12compute_kindE0ELNS4_14storage_layoutE1ELi1ELNS0_12decoder_kindE1ELNS0_13multiply_kindE1EEEvNS0_12storage_viewIT_XT1_EEESB_mmNS0_12table_bundleIXT0_EEEPNS4_14compute_traitsIXT0_EE4typeE' for 'sm_90'
ptxas info    : Function properties for _ZN3aut12lns_strategy18gemv_thread_kernelINS_3lns7lns4_r1ELNS_8bitwidth12compute_kindE0ELNS4_14storage_layoutE1ELi1ELNS0_12decoder_kindE1ELNS0_13multiply_kindE1EEEvNS0_12storage_viewIT_XT1_EEESB_mmNS0_12table_bundleIXT0_EEEPNS4_14compute_traitsIXT0_EE4typeE
    0 bytes stack frame, 0 bytes spill stores, 0 bytes spill loads
ptxas info    : Used 18 registers, used 1 barriers
ptxas info    : Compile time = 3.887 ms
ptxas info    : Compiling entry function '_ZN3aut12lns_strategy17dot_thread_kernelINS_3lns7lns4_r1ELNS_8bitwidth12compute_kindE0ELNS4_14storage_layoutE1ELi1ELNS0_12decoder_kindE1ELNS0_13multiply_kindE1EEEvNS0_12storage_viewIT_XT1_EEESB_mNS0_12table_bundleIXT0_EEEPNS4_14compute_traitsIXT0_EE4typeE' for 'sm_90'
ptxas info    : Function properties for _ZN3aut12lns_strategy17dot_thread_kernelINS_3lns7lns4_r1ELNS_8bitwidth12compute_kindE0ELNS4_14storage_layoutE1ELi1ELNS0_12decoder_kindE1ELNS0_13multiply_kindE1EEEvNS0_12storage_viewIT_XT1_EEESB_mNS0_12table_bundleIXT0_EEEPNS4_14compute_traitsIXT0_EE4typeE
    0 bytes stack frame, 0 bytes spill stores, 0 bytes spill loads
ptxas info    : Used 20 registers, used 1 barriers
ptxas info    : Compile time = 3.757 ms
ptxas info    : Compiling entry function '_ZN3aut12lns_strategy18gemv_thread_kernelINS_3lns7lns4_r1ELNS_8bitwidth12compute_kindE0ELNS4_14storage_layoutE0ELi1ELNS0_12decoder_kindE1ELNS0_13multiply_kindE1EEEvNS0_12storage_viewIT_XT1_EEESB_mmNS0_12table_bundleIXT0_EEEPNS4_14compute_traitsIXT0_EE4typeE' for 'sm_90'
ptxas info    : Function properties for _ZN3aut12lns_strategy18gemv_thread_kernelINS_3lns7lns4_r1ELNS_8bitwidth12compute_kindE0ELNS4_14storage_layoutE0ELi1ELNS0_12decoder_kindE1ELNS0_13multiply_kindE1EEEvNS0_12storage_viewIT_XT1_EEESB_mmNS0_12table_bundleIXT0_EEEPNS4_14compute_traitsIXT0_EE4typeE
    0 bytes stack frame, 0 bytes spill stores, 0 bytes spill loads
ptxas info    : Used 22 registers, used 1 barriers
ptxas info    : Compile time = 4.254 ms
ptxas info    : Compiling entry function '_ZN3aut12lns_strategy17dot_thread_kernelINS_3lns7lns4_r1ELNS_8bitwidth12compute_kindE0ELNS4_14storage_layoutE0ELi1ELNS0_12decoder_kindE1ELNS0_13multiply_kindE1EEEvNS0_12storage_viewIT_XT1_EEESB_mNS0_12table_bundleIXT0_EEEPNS4_14compute_traitsIXT0_EE4typeE' for 'sm_90'
ptxas info    : Function properties for _ZN3aut12lns_strategy17dot_thread_kernelINS_3lns7lns4_r1ELNS_8bitwidth12compute_kindE0ELNS4_14storage_layoutE0ELi1ELNS0_12decoder_kindE1ELNS0_13multiply_kindE1EEEvNS0_12storage_viewIT_XT1_EEESB_mNS0_12table_bundleIXT0_EEEPNS4_14compute_traitsIXT0_EE4typeE
    0 bytes stack frame, 0 bytes spill stores, 0 bytes spill loads
ptxas info    : Used 21 registers, used 1 barriers
ptxas info    : Compile time = 4.153 ms
ptxas info    : Compiling entry function '_ZN3aut12lns_strategy23gemv_cooperative_kernelINS_3lns7lns4_r1ELNS_8bitwidth12compute_kindE0ELNS0_12decoder_kindE1ELNS0_13multiply_kindE0EEEvPKjS9_mmNS0_12table_bundleIXT0_EEEPNS4_14compute_traitsIXT0_EE4typeE' for 'sm_90'
ptxas info    : Function properties for _ZN3aut12lns_strategy23gemv_cooperative_kernelINS_3lns7lns4_r1ELNS_8bitwidth12compute_kindE0ELNS0_12decoder_kindE1ELNS0_13multiply_kindE0EEEvPKjS9_mmNS0_12table_bundleIXT0_EEEPNS4_14compute_traitsIXT0_EE4typeE
    0 bytes stack frame, 0 bytes spill stores, 0 bytes spill loads
ptxas info    : Used 23 registers, used 1 barriers
ptxas info    : Compile time = 4.901 ms
ptxas info    : Compiling entry function '_ZN3aut12lns_strategy22dot_cooperative_kernelINS_3lns7lns4_r1ELNS_8bitwidth12compute_kindE0ELNS0_12decoder_kindE1ELNS0_13multiply_kindE0EEEvPKjS9_mNS0_12table_bundleIXT0_EEEPNS4_14compute_traitsIXT0_EE4typeE' for 'sm_90'
ptxas info    : Function properties for _ZN3aut12lns_strategy22dot_cooperative_kernelINS_3lns7lns4_r1ELNS_8bitwidth12compute_kindE0ELNS0_12decoder_kindE1ELNS0_13multiply_kindE0EEEvPKjS9_mNS0_12table_bundleIXT0_EEEPNS4_14compute_traitsIXT0_EE4typeE
    0 bytes stack frame, 0 bytes spill stores, 0 bytes spill loads
ptxas info    : Used 20 registers, used 1 barriers
ptxas info    : Compile time = 4.771 ms
ptxas info    : Compiling entry function '_ZN3aut12lns_strategy18gemv_thread_kernelINS_3lns7lns4_r1ELNS_8bitwidth12compute_kindE0ELNS4_14storage_layoutE1ELi8ELNS0_12decoder_kindE1ELNS0_13multiply_kindE0EEEvNS0_12storage_viewIT_XT1_EEESB_mmNS0_12table_bundleIXT0_EEEPNS4_14compute_traitsIXT0_EE4typeE' for 'sm_90'
ptxas info    : Function properties for _ZN3aut12lns_strategy18gemv_thread_kernelINS_3lns7lns4_r1ELNS_8bitwidth12compute_kindE0ELNS4_14storage_layoutE1ELi8ELNS0_12decoder_kindE1ELNS0_13multiply_kindE0EEEvNS0_12storage_viewIT_XT1_EEESB_mmNS0_12table_bundleIXT0_EEEPNS4_14compute_traitsIXT0_EE4typeE
    0 bytes stack frame, 0 bytes spill stores, 0 bytes spill loads
ptxas info    : Used 30 registers, used 1 barriers
ptxas info    : Compile time = 9.253 ms
ptxas info    : Compiling entry function '_ZN3aut12lns_strategy17dot_thread_kernelINS_3lns7lns4_r1ELNS_8bitwidth12compute_kindE0ELNS4_14storage_layoutE1ELi8ELNS0_12decoder_kindE1ELNS0_13multiply_kindE0EEEvNS0_12storage_viewIT_XT1_EEESB_mNS0_12table_bundleIXT0_EEEPNS4_14compute_traitsIXT0_EE4typeE' for 'sm_90'
ptxas info    : Function properties for _ZN3aut12lns_strategy17dot_thread_kernelINS_3lns7lns4_r1ELNS_8bitwidth12compute_kindE0ELNS4_14storage_layoutE1ELi8ELNS0_12decoder_kindE1ELNS0_13multiply_kindE0EEEvNS0_12storage_viewIT_XT1_EEESB_mNS0_12table_bundleIXT0_EEEPNS4_14compute_traitsIXT0_EE4typeE
    0 bytes stack frame, 0 bytes spill stores, 0 bytes spill loads
ptxas info    : Used 32 registers, used 1 barriers
ptxas info    : Compile time = 9.299 ms
ptxas info    : Compiling entry function '_ZN3aut12lns_strategy18gemv_thread_kernelINS_3lns7lns4_r1ELNS_8bitwidth12compute_kindE0ELNS4_14storage_layoutE1ELi4ELNS0_12decoder_kindE1ELNS0_13multiply_kindE0EEEvNS0_12storage_viewIT_XT1_EEESB_mmNS0_12table_bundleIXT0_EEEPNS4_14compute_traitsIXT0_EE4typeE' for 'sm_90'
ptxas info    : Function properties for _ZN3aut12lns_strategy18gemv_thread_kernelINS_3lns7lns4_r1ELNS_8bitwidth12compute_kindE0ELNS4_14storage_layoutE1ELi4ELNS0_12decoder_kindE1ELNS0_13multiply_kindE0EEEvNS0_12storage_viewIT_XT1_EEESB_mmNS0_12table_bundleIXT0_EEEPNS4_14compute_traitsIXT0_EE4typeE
    0 bytes stack frame, 0 bytes spill stores, 0 bytes spill loads
ptxas info    : Used 21 registers, used 1 barriers
ptxas info    : Compile time = 6.026 ms
ptxas info    : Compiling entry function '_ZN3aut12lns_strategy17dot_thread_kernelINS_3lns7lns4_r1ELNS_8bitwidth12compute_kindE0ELNS4_14storage_layoutE1ELi4ELNS0_12decoder_kindE1ELNS0_13multiply_kindE0EEEvNS0_12storage_viewIT_XT1_EEESB_mNS0_12table_bundleIXT0_EEEPNS4_14compute_traitsIXT0_EE4typeE' for 'sm_90'
ptxas info    : Function properties for _ZN3aut12lns_strategy17dot_thread_kernelINS_3lns7lns4_r1ELNS_8bitwidth12compute_kindE0ELNS4_14storage_layoutE1ELi4ELNS0_12decoder_kindE1ELNS0_13multiply_kindE0EEEvNS0_12storage_viewIT_XT1_EEESB_mNS0_12table_bundleIXT0_EEEPNS4_14compute_traitsIXT0_EE4typeE
    0 bytes stack frame, 0 bytes spill stores, 0 bytes spill loads
ptxas info    : Used 28 registers, used 1 barriers
ptxas info    : Compile time = 6.062 ms
ptxas info    : Compiling entry function '_ZN3aut12lns_strategy18gemv_thread_kernelINS_3lns7lns4_r1ELNS_8bitwidth12compute_kindE0ELNS4_14storage_layoutE1ELi2ELNS0_12decoder_kindE1ELNS0_13multiply_kindE0EEEvNS0_12storage_viewIT_XT1_EEESB_mmNS0_12table_bundleIXT0_EEEPNS4_14compute_traitsIXT0_EE4typeE' for 'sm_90'
ptxas info    : Function properties for _ZN3aut12lns_strategy18gemv_thread_kernelINS_3lns7lns4_r1ELNS_8bitwidth12compute_kindE0ELNS4_14storage_layoutE1ELi2ELNS0_12decoder_kindE1ELNS0_13multiply_kindE0EEEvNS0_12storage_viewIT_XT1_EEESB_mmNS0_12table_bundleIXT0_EEEPNS4_14compute_traitsIXT0_EE4typeE
    0 bytes stack frame, 0 bytes spill stores, 0 bytes spill loads
ptxas info    : Used 17 registers, used 1 barriers
ptxas info    : Compile time = 4.705 ms
ptxas info    : Compiling entry function '_ZN3aut12lns_strategy17dot_thread_kernelINS_3lns7lns4_r1ELNS_8bitwidth12compute_kindE0ELNS4_14storage_layoutE1ELi2ELNS0_12decoder_kindE1ELNS0_13multiply_kindE0EEEvNS0_12storage_viewIT_XT1_EEESB_mNS0_12table_bundleIXT0_EEEPNS4_14compute_traitsIXT0_EE4typeE' for 'sm_90'
ptxas info    : Function properties for _ZN3aut12lns_strategy17dot_thread_kernelINS_3lns7lns4_r1ELNS_8bitwidth12compute_kindE0ELNS4_14storage_layoutE1ELi2ELNS0_12decoder_kindE1ELNS0_13multiply_kindE0EEEvNS0_12storage_viewIT_XT1_EEESB_mNS0_12table_bundleIXT0_EEEPNS4_14compute_traitsIXT0_EE4typeE
    0 bytes stack frame, 0 bytes spill stores, 0 bytes spill loads
ptxas info    : Used 23 registers, used 1 barriers
ptxas info    : Compile time = 4.540 ms
ptxas info    : Compiling entry function '_ZN3aut12lns_strategy18gemv_thread_kernelINS_3lns7lns4_r1ELNS_8bitwidth12compute_kindE0ELNS4_14storage_layoutE0ELi8ELNS0_12decoder_kindE1ELNS0_13multiply_kindE0EEEvNS0_12storage_viewIT_XT1_EEESB_mmNS0_12table_bundleIXT0_EEEPNS4_14compute_traitsIXT0_EE4typeE' for 'sm_90'
ptxas info    : Function properties for _ZN3aut12lns_strategy18gemv_thread_kernelINS_3lns7lns4_r1ELNS_8bitwidth12compute_kindE0ELNS4_14storage_layoutE0ELi8ELNS0_12decoder_kindE1ELNS0_13multiply_kindE0EEEvNS0_12storage_viewIT_XT1_EEESB_mmNS0_12table_bundleIXT0_EEEPNS4_14compute_traitsIXT0_EE4typeE
    0 bytes stack frame, 0 bytes spill stores, 0 bytes spill loads
ptxas info    : Used 40 registers, used 1 barriers
ptxas info    : Compile time = 12.541 ms
ptxas info    : Compiling entry function '_ZN3aut12lns_strategy17dot_thread_kernelINS_3lns7lns4_r1ELNS_8bitwidth12compute_kindE0ELNS4_14storage_layoutE0ELi8ELNS0_12decoder_kindE1ELNS0_13multiply_kindE0EEEvNS0_12storage_viewIT_XT1_EEESB_mNS0_12table_bundleIXT0_EEEPNS4_14compute_traitsIXT0_EE4typeE' for 'sm_90'
ptxas info    : Function properties for _ZN3aut12lns_strategy17dot_thread_kernelINS_3lns7lns4_r1ELNS_8bitwidth12compute_kindE0ELNS4_14storage_layoutE0ELi8ELNS0_12decoder_kindE1ELNS0_13multiply_kindE0EEEvNS0_12storage_viewIT_XT1_EEESB_mNS0_12table_bundleIXT0_EEEPNS4_14compute_traitsIXT0_EE4typeE
    0 bytes stack frame, 0 bytes spill stores, 0 bytes spill loads
ptxas info    : Used 36 registers, used 1 barriers
ptxas info    : Compile time = 9.710 ms
ptxas info    : Compiling entry function '_ZN3aut12lns_strategy18gemv_thread_kernelINS_3lns7lns4_r1ELNS_8bitwidth12compute_kindE0ELNS4_14storage_layoutE0ELi4ELNS0_12decoder_kindE1ELNS0_13multiply_kindE0EEEvNS0_12storage_viewIT_XT1_EEESB_mmNS0_12table_bundleIXT0_EEEPNS4_14compute_traitsIXT0_EE4typeE' for 'sm_90'
ptxas info    : Function properties for _ZN3aut12lns_strategy18gemv_thread_kernelINS_3lns7lns4_r1ELNS_8bitwidth12compute_kindE0ELNS4_14storage_layoutE0ELi4ELNS0_12decoder_kindE1ELNS0_13multiply_kindE0EEEvNS0_12storage_viewIT_XT1_EEESB_mmNS0_12table_bundleIXT0_EEEPNS4_14compute_traitsIXT0_EE4typeE
    0 bytes stack frame, 0 bytes spill stores, 0 bytes spill loads
ptxas info    : Used 32 registers, used 1 barriers
ptxas info    : Compile time = 8.057 ms
ptxas info    : Compiling entry function '_ZN3aut12lns_strategy17dot_thread_kernelINS_3lns7lns4_r1ELNS_8bitwidth12compute_kindE0ELNS4_14storage_layoutE0ELi4ELNS0_12decoder_kindE1ELNS0_13multiply_kindE0EEEvNS0_12storage_viewIT_XT1_EEESB_mNS0_12table_bundleIXT0_EEEPNS4_14compute_traitsIXT0_EE4typeE' for 'sm_90'
ptxas info    : Function properties for _ZN3aut12lns_strategy17dot_thread_kernelINS_3lns7lns4_r1ELNS_8bitwidth12compute_kindE0ELNS4_14storage_layoutE0ELi4ELNS0_12decoder_kindE1ELNS0_13multiply_kindE0EEEvNS0_12storage_viewIT_XT1_EEESB_mNS0_12table_bundleIXT0_EEEPNS4_14compute_traitsIXT0_EE4typeE
    0 bytes stack frame, 0 bytes spill stores, 0 bytes spill loads
ptxas info    : Used 32 registers, used 1 barriers
ptxas info    : Compile time = 7.706 ms
ptxas info    : Compiling entry function '_ZN3aut12lns_strategy18gemv_thread_kernelINS_3lns7lns4_r1ELNS_8bitwidth12compute_kindE0ELNS4_14storage_layoutE0ELi2ELNS0_12decoder_kindE1ELNS0_13multiply_kindE0EEEvNS0_12storage_viewIT_XT1_EEESB_mmNS0_12table_bundleIXT0_EEEPNS4_14compute_traitsIXT0_EE4typeE' for 'sm_90'
ptxas info    : Function properties for _ZN3aut12lns_strategy18gemv_thread_kernelINS_3lns7lns4_r1ELNS_8bitwidth12compute_kindE0ELNS4_14storage_layoutE0ELi2ELNS0_12decoder_kindE1ELNS0_13multiply_kindE0EEEvNS0_12storage_viewIT_XT1_EEESB_mmNS0_12table_bundleIXT0_EEEPNS4_14compute_traitsIXT0_EE4typeE
    0 bytes stack frame, 0 bytes spill stores, 0 bytes spill loads
ptxas info    : Used 31 registers, used 1 barriers
ptxas info    : Compile time = 5.427 ms
ptxas info    : Compiling entry function '_ZN3aut12lns_strategy17dot_thread_kernelINS_3lns7lns4_r1ELNS_8bitwidth12compute_kindE0ELNS4_14storage_layoutE0ELi2ELNS0_12decoder_kindE1ELNS0_13multiply_kindE0EEEvNS0_12storage_viewIT_XT1_EEESB_mNS0_12table_bundleIXT0_EEEPNS4_14compute_traitsIXT0_EE4typeE' for 'sm_90'
ptxas info    : Function properties for _ZN3aut12lns_strategy17dot_thread_kernelINS_3lns7lns4_r1ELNS_8bitwidth12compute_kindE0ELNS4_14storage_layoutE0ELi2ELNS0_12decoder_kindE1ELNS0_13multiply_kindE0EEEvNS0_12storage_viewIT_XT1_EEESB_mNS0_12table_bundleIXT0_EEEPNS4_14compute_traitsIXT0_EE4typeE
    0 bytes stack frame, 0 bytes spill stores, 0 bytes spill loads
ptxas info    : Used 32 registers, used 1 barriers
ptxas info    : Compile time = 5.138 ms
ptxas info    : Compiling entry function '_ZN3aut12lns_strategy18gemv_thread_kernelINS_3lns7lns4_r1ELNS_8bitwidth12compute_kindE0ELNS4_14storage_layoutE1ELi1ELNS0_12decoder_kindE1ELNS0_13multiply_kindE0EEEvNS0_12storage_viewIT_XT1_EEESB_mmNS0_12table_bundleIXT0_EEEPNS4_14compute_traitsIXT0_EE4typeE' for 'sm_90'
ptxas info    : Function properties for _ZN3aut12lns_strategy18gemv_thread_kernelINS_3lns7lns4_r1ELNS_8bitwidth12compute_kindE0ELNS4_14storage_layoutE1ELi1ELNS0_12decoder_kindE1ELNS0_13multiply_kindE0EEEvNS0_12storage_viewIT_XT1_EEESB_mmNS0_12table_bundleIXT0_EEEPNS4_14compute_traitsIXT0_EE4typeE
    0 bytes stack frame, 0 bytes spill stores, 0 bytes spill loads
ptxas info    : Used 17 registers, used 1 barriers
ptxas info    : Compile time = 3.555 ms
ptxas info    : Compiling entry function '_ZN3aut12lns_strategy17dot_thread_kernelINS_3lns7lns4_r1ELNS_8bitwidth12compute_kindE0ELNS4_14storage_layoutE1ELi1ELNS0_12decoder_kindE1ELNS0_13multiply_kindE0EEEvNS0_12storage_viewIT_XT1_EEESB_mNS0_12table_bundleIXT0_EEEPNS4_14compute_traitsIXT0_EE4typeE' for 'sm_90'
ptxas info    : Function properties for _ZN3aut12lns_strategy17dot_thread_kernelINS_3lns7lns4_r1ELNS_8bitwidth12compute_kindE0ELNS4_14storage_layoutE1ELi1ELNS0_12decoder_kindE1ELNS0_13multiply_kindE0EEEvNS0_12storage_viewIT_XT1_EEESB_mNS0_12table_bundleIXT0_EEEPNS4_14compute_traitsIXT0_EE4typeE
    0 bytes stack frame, 0 bytes spill stores, 0 bytes spill loads
ptxas info    : Used 20 registers, used 1 barriers
ptxas info    : Compile time = 3.398 ms
ptxas info    : Compiling entry function '_ZN3aut12lns_strategy18gemv_thread_kernelINS_3lns7lns4_r1ELNS_8bitwidth12compute_kindE0ELNS4_14storage_layoutE0ELi1ELNS0_12decoder_kindE1ELNS0_13multiply_kindE0EEEvNS0_12storage_viewIT_XT1_EEESB_mmNS0_12table_bundleIXT0_EEEPNS4_14compute_traitsIXT0_EE4typeE' for 'sm_90'
ptxas info    : Function properties for _ZN3aut12lns_strategy18gemv_thread_kernelINS_3lns7lns4_r1ELNS_8bitwidth12compute_kindE0ELNS4_14storage_layoutE0ELi1ELNS0_12decoder_kindE1ELNS0_13multiply_kindE0EEEvNS0_12storage_viewIT_XT1_EEESB_mmNS0_12table_bundleIXT0_EEEPNS4_14compute_traitsIXT0_EE4typeE
    0 bytes stack frame, 0 bytes spill stores, 0 bytes spill loads
ptxas info    : Used 19 registers, used 1 barriers
ptxas info    : Compile time = 3.896 ms
ptxas info    : Compiling entry function '_ZN3aut12lns_strategy17dot_thread_kernelINS_3lns7lns4_r1ELNS_8bitwidth12compute_kindE0ELNS4_14storage_layoutE0ELi1ELNS0_12decoder_kindE1ELNS0_13multiply_kindE0EEEvNS0_12storage_viewIT_XT1_EEESB_mNS0_12table_bundleIXT0_EEEPNS4_14compute_traitsIXT0_EE4typeE' for 'sm_90'
ptxas info    : Function properties for _ZN3aut12lns_strategy17dot_thread_kernelINS_3lns7lns4_r1ELNS_8bitwidth12compute_kindE0ELNS4_14storage_layoutE0ELi1ELNS0_12decoder_kindE1ELNS0_13multiply_kindE0EEEvNS0_12storage_viewIT_XT1_EEESB_mNS0_12table_bundleIXT0_EEEPNS4_14compute_traitsIXT0_EE4typeE
    0 bytes stack frame, 0 bytes spill stores, 0 bytes spill loads
ptxas info    : Used 21 registers, used 1 barriers
ptxas info    : Compile time = 3.671 ms
ptxas info    : Compiling entry function '_ZN3aut12lns_strategy18gemv_thread_kernelINS_3lns7lns4_r1ELNS_8bitwidth12compute_kindE0ELNS4_14storage_layoutE1ELi1ELNS0_12decoder_kindE0ELNS0_13multiply_kindE1EEEvNS0_12storage_viewIT_XT1_EEESB_mmNS0_12table_bundleIXT0_EEEPNS4_14compute_traitsIXT0_EE4typeE' for 'sm_90'
ptxas info    : Function properties for _ZN3aut12lns_strategy18gemv_thread_kernelINS_3lns7lns4_r1ELNS_8bitwidth12compute_kindE0ELNS4_14storage_layoutE1ELi1ELNS0_12decoder_kindE0ELNS0_13multiply_kindE1EEEvNS0_12storage_viewIT_XT1_EEESB_mmNS0_12table_bundleIXT0_EEEPNS4_14compute_traitsIXT0_EE4typeE
    0 bytes stack frame, 0 bytes spill stores, 0 bytes spill loads
ptxas info    : Used 18 registers, used 1 barriers
ptxas info    : Compile time = 3.889 ms
ptxas info    : Compiling entry function '_ZN3aut12lns_strategy17dot_thread_kernelINS_3lns7lns4_r1ELNS_8bitwidth12compute_kindE0ELNS4_14storage_layoutE1ELi1ELNS0_12decoder_kindE0ELNS0_13multiply_kindE1EEEvNS0_12storage_viewIT_XT1_EEESB_mNS0_12table_bundleIXT0_EEEPNS4_14compute_traitsIXT0_EE4typeE' for 'sm_90'
ptxas info    : Function properties for _ZN3aut12lns_strategy17dot_thread_kernelINS_3lns7lns4_r1ELNS_8bitwidth12compute_kindE0ELNS4_14storage_layoutE1ELi1ELNS0_12decoder_kindE0ELNS0_13multiply_kindE1EEEvNS0_12storage_viewIT_XT1_EEESB_mNS0_12table_bundleIXT0_EEEPNS4_14compute_traitsIXT0_EE4typeE
    0 bytes stack frame, 0 bytes spill stores, 0 bytes spill loads
ptxas info    : Used 20 registers, used 1 barriers
ptxas info    : Compile time = 3.737 ms
ptxas info    : Compiling entry function '_ZN3aut12lns_strategy18gemv_thread_kernelINS_3lns7lns4_r1ELNS_8bitwidth12compute_kindE0ELNS4_14storage_layoutE0ELi1ELNS0_12decoder_kindE0ELNS0_13multiply_kindE1EEEvNS0_12storage_viewIT_XT1_EEESB_mmNS0_12table_bundleIXT0_EEEPNS4_14compute_traitsIXT0_EE4typeE' for 'sm_90'
ptxas info    : Function properties for _ZN3aut12lns_strategy18gemv_thread_kernelINS_3lns7lns4_r1ELNS_8bitwidth12compute_kindE0ELNS4_14storage_layoutE0ELi1ELNS0_12decoder_kindE0ELNS0_13multiply_kindE1EEEvNS0_12storage_viewIT_XT1_EEESB_mmNS0_12table_bundleIXT0_EEEPNS4_14compute_traitsIXT0_EE4typeE
    0 bytes stack frame, 0 bytes spill stores, 0 bytes spill loads
ptxas info    : Used 22 registers, used 1 barriers
ptxas info    : Compile time = 4.246 ms
ptxas info    : Compiling entry function '_ZN3aut12lns_strategy17dot_thread_kernelINS_3lns7lns4_r1ELNS_8bitwidth12compute_kindE0ELNS4_14storage_layoutE0ELi1ELNS0_12decoder_kindE0ELNS0_13multiply_kindE1EEEvNS0_12storage_viewIT_XT1_EEESB_mNS0_12table_bundleIXT0_EEEPNS4_14compute_traitsIXT0_EE4typeE' for 'sm_90'
ptxas info    : Function properties for _ZN3aut12lns_strategy17dot_thread_kernelINS_3lns7lns4_r1ELNS_8bitwidth12compute_kindE0ELNS4_14storage_layoutE0ELi1ELNS0_12decoder_kindE0ELNS0_13multiply_kindE1EEEvNS0_12storage_viewIT_XT1_EEESB_mNS0_12table_bundleIXT0_EEEPNS4_14compute_traitsIXT0_EE4typeE
    0 bytes stack frame, 0 bytes spill stores, 0 bytes spill loads
ptxas info    : Used 21 registers, used 1 barriers
ptxas info    : Compile time = 4.143 ms
ptxas info    : Compiling entry function '_ZN3aut12lns_strategy18gemv_thread_kernelINS_3lns7lns4_r1ELNS_8bitwidth12compute_kindE0ELNS4_14storage_layoutE1ELi1ELNS0_12decoder_kindE0ELNS0_13multiply_kindE0EEEvNS0_12storage_viewIT_XT1_EEESB_mmNS0_12table_bundleIXT0_EEEPNS4_14compute_traitsIXT0_EE4typeE' for 'sm_90'
ptxas info    : Function properties for _ZN3aut12lns_strategy18gemv_thread_kernelINS_3lns7lns4_r1ELNS_8bitwidth12compute_kindE0ELNS4_14storage_layoutE1ELi1ELNS0_12decoder_kindE0ELNS0_13multiply_kindE0EEEvNS0_12storage_viewIT_XT1_EEESB_mmNS0_12table_bundleIXT0_EEEPNS4_14compute_traitsIXT0_EE4typeE
    0 bytes stack frame, 0 bytes spill stores, 0 bytes spill loads
ptxas info    : Used 17 registers, used 1 barriers
ptxas info    : Compile time = 3.552 ms
ptxas info    : Compiling entry function '_ZN3aut12lns_strategy17dot_thread_kernelINS_3lns7lns4_r1ELNS_8bitwidth12compute_kindE0ELNS4_14storage_layoutE1ELi1ELNS0_12decoder_kindE0ELNS0_13multiply_kindE0EEEvNS0_12storage_viewIT_XT1_EEESB_mNS0_12table_bundleIXT0_EEEPNS4_14compute_traitsIXT0_EE4typeE' for 'sm_90'
ptxas info    : Function properties for _ZN3aut12lns_strategy17dot_thread_kernelINS_3lns7lns4_r1ELNS_8bitwidth12compute_kindE0ELNS4_14storage_layoutE1ELi1ELNS0_12decoder_kindE0ELNS0_13multiply_kindE0EEEvNS0_12storage_viewIT_XT1_EEESB_mNS0_12table_bundleIXT0_EEEPNS4_14compute_traitsIXT0_EE4typeE
    0 bytes stack frame, 0 bytes spill stores, 0 bytes spill loads
ptxas info    : Used 20 registers, used 1 barriers
ptxas info    : Compile time = 3.389 ms
ptxas info    : Compiling entry function '_ZN3aut12lns_strategy18gemv_thread_kernelINS_3lns7lns4_r1ELNS_8bitwidth12compute_kindE0ELNS4_14storage_layoutE0ELi1ELNS0_12decoder_kindE0ELNS0_13multiply_kindE0EEEvNS0_12storage_viewIT_XT1_EEESB_mmNS0_12table_bundleIXT0_EEEPNS4_14compute_traitsIXT0_EE4typeE' for 'sm_90'
ptxas info    : Function properties for _ZN3aut12lns_strategy18gemv_thread_kernelINS_3lns7lns4_r1ELNS_8bitwidth12compute_kindE0ELNS4_14storage_layoutE0ELi1ELNS0_12decoder_kindE0ELNS0_13multiply_kindE0EEEvNS0_12storage_viewIT_XT1_EEESB_mmNS0_12table_bundleIXT0_EEEPNS4_14compute_traitsIXT0_EE4typeE
    0 bytes stack frame, 0 bytes spill stores, 0 bytes spill loads
ptxas info    : Used 19 registers, used 1 barriers
ptxas info    : Compile time = 3.883 ms
ptxas info    : Compiling entry function '_ZN3aut12lns_strategy19finalize_dot_kernelIfEEvPKT_mPS2_' for 'sm_90'
ptxas info    : Function properties for _ZN3aut12lns_strategy19finalize_dot_kernelIfEEvPKT_mPS2_
    0 bytes stack frame, 0 bytes spill stores, 0 bytes spill loads
ptxas info    : Used 10 registers, used 1 barriers, 1024 bytes smem
ptxas info    : Compile time = 2.094 ms
ptxas info    : Compiling entry function '_ZN3aut12lns_strategy17dot_thread_kernelINS_3lns7lns4_r1ELNS_8bitwidth12compute_kindE0ELNS4_14storage_layoutE0ELi1ELNS0_12decoder_kindE0ELNS0_13multiply_kindE0EEEvNS0_12storage_viewIT_XT1_EEESB_mNS0_12table_bundleIXT0_EEEPNS4_14compute_traitsIXT0_EE4typeE' for 'sm_90'
ptxas info    : Function properties for _ZN3aut12lns_strategy17dot_thread_kernelINS_3lns7lns4_r1ELNS_8bitwidth12compute_kindE0ELNS4_14storage_layoutE0ELi1ELNS0_12decoder_kindE0ELNS0_13multiply_kindE0EEEvNS0_12storage_viewIT_XT1_EEESB_mNS0_12table_bundleIXT0_EEEPNS4_14compute_traitsIXT0_EE4typeE
    0 bytes stack frame, 0 bytes spill stores, 0 bytes spill loads
ptxas info    : Used 21 registers, used 1 barriers
ptxas info    : Compile time = 3.650 ms
ptxas info    : Compiling entry function '_ZN3aut12lns_strategy22validate_decode_kernelINS_3lns7lns4_r1ELNS_8bitwidth12compute_kindE0ELNS0_12decoder_kindE6EEEvPKjmNS0_12table_bundleIXT0_EEEPNS4_14compute_traitsIXT0_EE4typeE' for 'sm_90'
ptxas info    : Function properties for _ZN3aut12lns_strategy22validate_decode_kernelINS_3lns7lns4_r1ELNS_8bitwidth12compute_kindE0ELNS0_12decoder_kindE6EEEvPKjmNS0_12table_bundleIXT0_EEEPNS4_14compute_traitsIXT0_EE4typeE
    0 bytes stack frame, 0 bytes spill stores, 0 bytes spill loads
ptxas info    : Used 24 registers, used 0 barriers
ptxas info    : Compile time = 3.556 ms
ptxas info    : Compiling entry function '_ZN3aut12lns_strategy22validate_decode_kernelINS_3lns7lns4_r1ELNS_8bitwidth12compute_kindE0ELNS0_12decoder_kindE5EEEvPKjmNS0_12table_bundleIXT0_EEEPNS4_14compute_traitsIXT0_EE4typeE' for 'sm_90'
ptxas info    : Function properties for _ZN3aut12lns_strategy22validate_decode_kernelINS_3lns7lns4_r1ELNS_8bitwidth12compute_kindE0ELNS0_12decoder_kindE5EEEvPKjmNS0_12table_bundleIXT0_EEEPNS4_14compute_traitsIXT0_EE4typeE
    0 bytes stack frame, 0 bytes spill stores, 0 bytes spill loads
ptxas info    : Used 16 registers, used 1 barriers
ptxas info    : Compile time = 3.509 ms
ptxas info    : Compiling entry function '_ZN3aut12lns_strategy22validate_decode_kernelINS_3lns7lns4_r1ELNS_8bitwidth12compute_kindE0ELNS0_12decoder_kindE4EEEvPKjmNS0_12table_bundleIXT0_EEEPNS4_14compute_traitsIXT0_EE4typeE' for 'sm_90'
ptxas info    : Function properties for _ZN3aut12lns_strategy22validate_decode_kernelINS_3lns7lns4_r1ELNS_8bitwidth12compute_kindE0ELNS0_12decoder_kindE4EEEvPKjmNS0_12table_bundleIXT0_EEEPNS4_14compute_traitsIXT0_EE4typeE
    0 bytes stack frame, 0 bytes spill stores, 0 bytes spill loads
ptxas info    : Used 19 registers, used 0 barriers
ptxas info    : Compile time = 2.931 ms
ptxas info    : Compiling entry function '_ZN3aut12lns_strategy22validate_decode_kernelINS_3lns7lns4_r1ELNS_8bitwidth12compute_kindE0ELNS0_12decoder_kindE3EEEvPKjmNS0_12table_bundleIXT0_EEEPNS4_14compute_traitsIXT0_EE4typeE' for 'sm_90'
ptxas info    : Function properties for _ZN3aut12lns_strategy22validate_decode_kernelINS_3lns7lns4_r1ELNS_8bitwidth12compute_kindE0ELNS0_12decoder_kindE3EEEvPKjmNS0_12table_bundleIXT0_EEEPNS4_14compute_traitsIXT0_EE4typeE
    0 bytes stack frame, 0 bytes spill stores, 0 bytes spill loads
ptxas info    : Used 14 registers, used 1 barriers
ptxas info    : Compile time = 2.180 ms
ptxas info    : Compiling entry function '_ZN3aut12lns_strategy22validate_decode_kernelINS_3lns7lns4_r1ELNS_8bitwidth12compute_kindE0ELNS0_12decoder_kindE2EEEvPKjmNS0_12table_bundleIXT0_EEEPNS4_14compute_traitsIXT0_EE4typeE' for 'sm_90'
ptxas info    : Function properties for _ZN3aut12lns_strategy22validate_decode_kernelINS_3lns7lns4_r1ELNS_8bitwidth12compute_kindE0ELNS0_12decoder_kindE2EEEvPKjmNS0_12table_bundleIXT0_EEEPNS4_14compute_traitsIXT0_EE4typeE
    0 bytes stack frame, 0 bytes spill stores, 0 bytes spill loads
ptxas info    : Used 15 registers, used 0 barriers
ptxas info    : Compile time = 1.506 ms
ptxas info    : Compiling entry function '_ZN3aut12lns_strategy22validate_decode_kernelINS_3lns7lns4_r1ELNS_8bitwidth12compute_kindE0ELNS0_12decoder_kindE1EEEvPKjmNS0_12table_bundleIXT0_EEEPNS4_14compute_traitsIXT0_EE4typeE' for 'sm_90'
ptxas info    : Function properties for _ZN3aut12lns_strategy22validate_decode_kernelINS_3lns7lns4_r1ELNS_8bitwidth12compute_kindE0ELNS0_12decoder_kindE1EEEvPKjmNS0_12table_bundleIXT0_EEEPNS4_14compute_traitsIXT0_EE4typeE
    0 bytes stack frame, 0 bytes spill stores, 0 bytes spill loads
ptxas info    : Used 14 registers, used 0 barriers
ptxas info    : Compile time = 1.985 ms
ptxas info    : Compiling entry function '_ZN3aut12lns_strategy22validate_decode_kernelINS_3lns7lns4_r1ELNS_8bitwidth12compute_kindE0ELNS0_12decoder_kindE0EEEvPKjmNS0_12table_bundleIXT0_EEEPNS4_14compute_traitsIXT0_EE4typeE' for 'sm_90'
ptxas info    : Function properties for _ZN3aut12lns_strategy22validate_decode_kernelINS_3lns7lns4_r1ELNS_8bitwidth12compute_kindE0ELNS0_12decoder_kindE0EEEvPKjmNS0_12table_bundleIXT0_EEEPNS4_14compute_traitsIXT0_EE4typeE
    0 bytes stack frame, 0 bytes spill stores, 0 bytes spill loads
ptxas info    : Used 14 registers, used 0 barriers
ptxas info    : Compile time = 1.960 ms
ptxas info    : Compiling entry function '_ZN3aut12lns_strategy17pack_dense_kernelINS_3lns7lns4_r1EEEvPKNS2_16unsigned_storageIXqulesrT_10total_bitsLi8ELi8EqulesrS5_10total_bitsLi16ELi16ELi32EEE4typeEPjm' for 'sm_90'
ptxas info    : Function properties for _ZN3aut12lns_strategy17pack_dense_kernelINS_3lns7lns4_r1EEEvPKNS2_16unsigned_storageIXqulesrT_10total_bitsLi8ELi8EqulesrS5_10total_bitsLi16ELi16ELi32EEE4typeEPjm
    0 bytes stack frame, 0 bytes spill stores, 0 bytes spill loads
ptxas info    : Used 20 registers, used 0 barriers
ptxas info    : Compile time = 2.972 ms
ptxas info    : Compiling entry function '_ZN3aut12lns_strategy20encode_padded_kernelINS_3lns7lns4_r1EEEvPKdPNS2_16unsigned_storageIXqulesrT_10total_bitsLi8ELi8EqulesrS7_10total_bitsLi16ELi16ELi32EEE4typeEm' for 'sm_90'
ptxas info    : Function properties for _ZN3aut12lns_strategy20encode_padded_kernelINS_3lns7lns4_r1EEEvPKdPNS2_16unsigned_storageIXqulesrT_10total_bitsLi8ELi8EqulesrS7_10total_bitsLi16ELi16ELi32EEE4typeEm
    0 bytes stack frame, 0 bytes spill stores, 0 bytes spill loads
ptxas info    : Used 26 registers, used 0 barriers
ptxas info    : Compile time = 4.053 ms
[100%] Linking CUDA executable bin/lns_strategy_bench_lns4_r1
[100%] Built target lns_strategy_bench_lns4_r1
[100%] Building CUDA object CMakeFiles/lns_strategy_bench_lns12_r6.dir/src/lns_strategy_bench.cu.o
/storage/home/timofeirusanov/accessor_universal_test/include/lns_benchmark_core.hpp(203): warning #20013-D: calling a constexpr __host__ function("max") from a __host__ __device__ function("encode") is not allowed. The experimental flag '--expt-relaxed-constexpr' can be used to allow this.
    constexpr auto finite_limit = std::numeric_limits<double>::max();
                                  ^
          detected during:
            instantiation of "void aut::lns_strategy::encode_padded_kernel<Format>(const double *, aut::lns::padded_storage_t<Format> *, std::size_t) [with Format=<unnamed>::selected_format]" at line 263 of /storage/home/timofeirusanov/accessor_universal_test/src/lns_strategy_bench.cu
            instantiation of "void <unnamed>::encoded_buffers<Format>::encode(const <unnamed>::source_buffers &, std::size_t, std::size_t) [with Format=<unnamed>::selected_format]" at line 1072 of /storage/home/timofeirusanov/accessor_universal_test/src/lns_strategy_bench.cu
            instantiation of "void <unnamed>::run_compute<Compute>(const <unnamed>::options &, const std::string &, <unnamed>::source_buffers &, <unnamed>::csv_output &, std::size_t, std::size_t) [with Compute=aut::bitwidth::compute_kind::fp32]" at line 1114 of /storage/home/timofeirusanov/accessor_universal_test/src/lns_strategy_bench.cu

Remark: The warnings can be suppressed with "-diag-suppress <warning-number>"

/storage/home/timofeirusanov/accessor_universal_test/include/lns_benchmark_core.hpp(186): warning #20013-D: calling a constexpr __host__ function("quiet_NaN") from a __host__ __device__ function("decode") is not allowed. The experimental flag '--expt-relaxed-constexpr' can be used to allow this.
      return std::numeric_limits<Target>::quiet_NaN();
             ^
          detected during:
            instantiation of "Target aut::lns::decode<Format,Target>(uint32_t) [with Format=<unnamed>::selected_format, Target=float]" at line 324 of /storage/home/timofeirusanov/accessor_universal_test/src/lns_strategy_bench.cu
            instantiation of "<unnamed>::table_storage<Format, Compute>::table_storage() [with Format=<unnamed>::selected_format, Compute=aut::bitwidth::compute_kind::fp32]" at line 1073 of /storage/home/timofeirusanov/accessor_universal_test/src/lns_strategy_bench.cu
            instantiation of "void <unnamed>::run_compute<Compute>(const <unnamed>::options &, const std::string &, <unnamed>::source_buffers &, <unnamed>::csv_output &, std::size_t, std::size_t) [with Compute=aut::bitwidth::compute_kind::fp32]" at line 1114 of /storage/home/timofeirusanov/accessor_universal_test/src/lns_strategy_bench.cu

/storage/home/timofeirusanov/accessor_universal_test/include/lns_benchmark_core.hpp(186): warning #20013-D: calling a constexpr __host__ function("quiet_NaN") from a __host__ __device__ function("decode") is not allowed. The experimental flag '--expt-relaxed-constexpr' can be used to allow this.
      return std::numeric_limits<Target>::quiet_NaN();
             ^
          detected during:
            instantiation of "Target aut::lns::decode<Format,Target>(uint32_t) [with Format=<unnamed>::selected_format, Target=double]" at line 324 of /storage/home/timofeirusanov/accessor_universal_test/src/lns_strategy_bench.cu
            instantiation of "<unnamed>::table_storage<Format, Compute>::table_storage() [with Format=<unnamed>::selected_format, Compute=aut::bitwidth::compute_kind::fp64]" at line 1073 of /storage/home/timofeirusanov/accessor_universal_test/src/lns_strategy_bench.cu
            instantiation of "void <unnamed>::run_compute<Compute>(const <unnamed>::options &, const std::string &, <unnamed>::source_buffers &, <unnamed>::csv_output &, std::size_t, std::size_t) [with Compute=aut::bitwidth::compute_kind::fp64]" at line 1117 of /storage/home/timofeirusanov/accessor_universal_test/src/lns_strategy_bench.cu

ptxas info    : 0 bytes gmem
ptxas info    : Compiling entry function '_ZN3aut12lns_strategy23gemv_cooperative_kernelINS_3lns8lns12_r6ELNS_8bitwidth12compute_kindE1ELNS0_12decoder_kindE13ELNS0_13multiply_kindE1EEEvPKjS9_mmNS0_12table_bundleIXT0_EEEPNS4_14compute_traitsIXT0_EE4typeE' for 'sm_90'
ptxas info    : Function properties for _ZN3aut12lns_strategy23gemv_cooperative_kernelINS_3lns8lns12_r6ELNS_8bitwidth12compute_kindE1ELNS0_12decoder_kindE13ELNS0_13multiply_kindE1EEEvPKjS9_mmNS0_12table_bundleIXT0_EEEPNS4_14compute_traitsIXT0_EE4typeE
    0 bytes stack frame, 0 bytes spill stores, 0 bytes spill loads
ptxas info    : Used 29 registers, used 1 barriers
ptxas info    : Compile time = 7.694 ms
ptxas info    : Compiling entry function '_ZN3aut12lns_strategy22dot_cooperative_kernelINS_3lns8lns12_r6ELNS_8bitwidth12compute_kindE1ELNS0_12decoder_kindE13ELNS0_13multiply_kindE1EEEvPKjS9_mNS0_12table_bundleIXT0_EEEPNS4_14compute_traitsIXT0_EE4typeE' for 'sm_90'
ptxas info    : Function properties for _ZN3aut12lns_strategy22dot_cooperative_kernelINS_3lns8lns12_r6ELNS_8bitwidth12compute_kindE1ELNS0_12decoder_kindE13ELNS0_13multiply_kindE1EEEvPKjS9_mNS0_12table_bundleIXT0_EEEPNS4_14compute_traitsIXT0_EE4typeE
    0 bytes stack frame, 0 bytes spill stores, 0 bytes spill loads
ptxas info    : Used 28 registers, used 1 barriers
ptxas info    : Compile time = 6.324 ms
ptxas info    : Compiling entry function '_ZN3aut12lns_strategy18gemv_thread_kernelINS_3lns8lns12_r6ELNS_8bitwidth12compute_kindE1ELNS4_14storage_layoutE1ELi8ELNS0_12decoder_kindE13ELNS0_13multiply_kindE1EEEvNS0_12storage_viewIT_XT1_EEESB_mmNS0_12table_bundleIXT0_EEEPNS4_14compute_traitsIXT0_EE4typeE' for 'sm_90'
ptxas info    : Function properties for _ZN3aut12lns_strategy18gemv_thread_kernelINS_3lns8lns12_r6ELNS_8bitwidth12compute_kindE1ELNS4_14storage_layoutE1ELi8ELNS0_12decoder_kindE13ELNS0_13multiply_kindE1EEEvNS0_12storage_viewIT_XT1_EEESB_mmNS0_12table_bundleIXT0_EEEPNS4_14compute_traitsIXT0_EE4typeE
    0 bytes stack frame, 0 bytes spill stores, 0 bytes spill loads
ptxas info    : Used 30 registers, used 1 barriers
ptxas info    : Compile time = 12.132 ms
ptxas info    : Compiling entry function '_ZN3aut12lns_strategy17dot_thread_kernelINS_3lns8lns12_r6ELNS_8bitwidth12compute_kindE1ELNS4_14storage_layoutE1ELi8ELNS0_12decoder_kindE13ELNS0_13multiply_kindE1EEEvNS0_12storage_viewIT_XT1_EEESB_mNS0_12table_bundleIXT0_EEEPNS4_14compute_traitsIXT0_EE4typeE' for 'sm_90'
ptxas info    : Function properties for _ZN3aut12lns_strategy17dot_thread_kernelINS_3lns8lns12_r6ELNS_8bitwidth12compute_kindE1ELNS4_14storage_layoutE1ELi8ELNS0_12decoder_kindE13ELNS0_13multiply_kindE1EEEvNS0_12storage_viewIT_XT1_EEESB_mNS0_12table_bundleIXT0_EEEPNS4_14compute_traitsIXT0_EE4typeE
    0 bytes stack frame, 0 bytes spill stores, 0 bytes spill loads
ptxas info    : Used 36 registers, used 1 barriers
ptxas info    : Compile time = 11.996 ms
ptxas info    : Compiling entry function '_ZN3aut12lns_strategy18gemv_thread_kernelINS_3lns8lns12_r6ELNS_8bitwidth12compute_kindE1ELNS4_14storage_layoutE1ELi4ELNS0_12decoder_kindE13ELNS0_13multiply_kindE1EEEvNS0_12storage_viewIT_XT1_EEESB_mmNS0_12table_bundleIXT0_EEEPNS4_14compute_traitsIXT0_EE4typeE' for 'sm_90'
ptxas info    : Function properties for _ZN3aut12lns_strategy18gemv_thread_kernelINS_3lns8lns12_r6ELNS_8bitwidth12compute_kindE1ELNS4_14storage_layoutE1ELi4ELNS0_12decoder_kindE13ELNS0_13multiply_kindE1EEEvNS0_12storage_viewIT_XT1_EEESB_mmNS0_12table_bundleIXT0_EEEPNS4_14compute_traitsIXT0_EE4typeE
    0 bytes stack frame, 0 bytes spill stores, 0 bytes spill loads
ptxas info    : Used 25 registers, used 1 barriers
ptxas info    : Compile time = 7.834 ms
ptxas info    : Compiling entry function '_ZN3aut12lns_strategy17dot_thread_kernelINS_3lns8lns12_r6ELNS_8bitwidth12compute_kindE1ELNS4_14storage_layoutE1ELi4ELNS0_12decoder_kindE13ELNS0_13multiply_kindE1EEEvNS0_12storage_viewIT_XT1_EEESB_mNS0_12table_bundleIXT0_EEEPNS4_14compute_traitsIXT0_EE4typeE' for 'sm_90'
ptxas info    : Function properties for _ZN3aut12lns_strategy17dot_thread_kernelINS_3lns8lns12_r6ELNS_8bitwidth12compute_kindE1ELNS4_14storage_layoutE1ELi4ELNS0_12decoder_kindE13ELNS0_13multiply_kindE1EEEvNS0_12storage_viewIT_XT1_EEESB_mNS0_12table_bundleIXT0_EEEPNS4_14compute_traitsIXT0_EE4typeE
    0 bytes stack frame, 0 bytes spill stores, 0 bytes spill loads
ptxas info    : Used 28 registers, used 1 barriers
ptxas info    : Compile time = 7.993 ms
ptxas info    : Compiling entry function '_ZN3aut12lns_strategy18gemv_thread_kernelINS_3lns8lns12_r6ELNS_8bitwidth12compute_kindE1ELNS4_14storage_layoutE1ELi2ELNS0_12decoder_kindE13ELNS0_13multiply_kindE1EEEvNS0_12storage_viewIT_XT1_EEESB_mmNS0_12table_bundleIXT0_EEEPNS4_14compute_traitsIXT0_EE4typeE' for 'sm_90'
ptxas info    : Function properties for _ZN3aut12lns_strategy18gemv_thread_kernelINS_3lns8lns12_r6ELNS_8bitwidth12compute_kindE1ELNS4_14storage_layoutE1ELi2ELNS0_12decoder_kindE13ELNS0_13multiply_kindE1EEEvNS0_12storage_viewIT_XT1_EEESB_mmNS0_12table_bundleIXT0_EEEPNS4_14compute_traitsIXT0_EE4typeE
    0 bytes stack frame, 0 bytes spill stores, 0 bytes spill loads
ptxas info    : Used 21 registers, used 1 barriers
ptxas info    : Compile time = 5.863 ms
ptxas info    : Compiling entry function '_ZN3aut12lns_strategy17dot_thread_kernelINS_3lns8lns12_r6ELNS_8bitwidth12compute_kindE1ELNS4_14storage_layoutE1ELi2ELNS0_12decoder_kindE13ELNS0_13multiply_kindE1EEEvNS0_12storage_viewIT_XT1_EEESB_mNS0_12table_bundleIXT0_EEEPNS4_14compute_traitsIXT0_EE4typeE' for 'sm_90'
ptxas info    : Function properties for _ZN3aut12lns_strategy17dot_thread_kernelINS_3lns8lns12_r6ELNS_8bitwidth12compute_kindE1ELNS4_14storage_layoutE1ELi2ELNS0_12decoder_kindE13ELNS0_13multiply_kindE1EEEvNS0_12storage_viewIT_XT1_EEESB_mNS0_12table_bundleIXT0_EEEPNS4_14compute_traitsIXT0_EE4typeE
    0 bytes stack frame, 0 bytes spill stores, 0 bytes spill loads
ptxas info    : Used 26 registers, used 1 barriers
ptxas info    : Compile time = 5.880 ms
ptxas info    : Compiling entry function '_ZN3aut12lns_strategy18gemv_thread_kernelINS_3lns8lns12_r6ELNS_8bitwidth12compute_kindE1ELNS4_14storage_layoutE0ELi8ELNS0_12decoder_kindE13ELNS0_13multiply_kindE1EEEvNS0_12storage_viewIT_XT1_EEESB_mmNS0_12table_bundleIXT0_EEEPNS4_14compute_traitsIXT0_EE4typeE' for 'sm_90'
ptxas info    : Function properties for _ZN3aut12lns_strategy18gemv_thread_kernelINS_3lns8lns12_r6ELNS_8bitwidth12compute_kindE1ELNS4_14storage_layoutE0ELi8ELNS0_12decoder_kindE13ELNS0_13multiply_kindE1EEEvNS0_12storage_viewIT_XT1_EEESB_mmNS0_12table_bundleIXT0_EEEPNS4_14compute_traitsIXT0_EE4typeE
    0 bytes stack frame, 0 bytes spill stores, 0 bytes spill loads
ptxas info    : Used 40 registers, used 1 barriers
ptxas info    : Compile time = 15.773 ms
ptxas info    : Compiling entry function '_ZN3aut12lns_strategy17dot_thread_kernelINS_3lns8lns12_r6ELNS_8bitwidth12compute_kindE1ELNS4_14storage_layoutE0ELi8ELNS0_12decoder_kindE13ELNS0_13multiply_kindE1EEEvNS0_12storage_viewIT_XT1_EEESB_mNS0_12table_bundleIXT0_EEEPNS4_14compute_traitsIXT0_EE4typeE' for 'sm_90'
ptxas info    : Function properties for _ZN3aut12lns_strategy17dot_thread_kernelINS_3lns8lns12_r6ELNS_8bitwidth12compute_kindE1ELNS4_14storage_layoutE0ELi8ELNS0_12decoder_kindE13ELNS0_13multiply_kindE1EEEvNS0_12storage_viewIT_XT1_EEESB_mNS0_12table_bundleIXT0_EEEPNS4_14compute_traitsIXT0_EE4typeE
    0 bytes stack frame, 0 bytes spill stores, 0 bytes spill loads
ptxas info    : Used 45 registers, used 1 barriers
ptxas info    : Compile time = 13.896 ms
ptxas info    : Compiling entry function '_ZN3aut12lns_strategy18gemv_thread_kernelINS_3lns8lns12_r6ELNS_8bitwidth12compute_kindE1ELNS4_14storage_layoutE0ELi4ELNS0_12decoder_kindE13ELNS0_13multiply_kindE1EEEvNS0_12storage_viewIT_XT1_EEESB_mmNS0_12table_bundleIXT0_EEEPNS4_14compute_traitsIXT0_EE4typeE' for 'sm_90'
ptxas info    : Function properties for _ZN3aut12lns_strategy18gemv_thread_kernelINS_3lns8lns12_r6ELNS_8bitwidth12compute_kindE1ELNS4_14storage_layoutE0ELi4ELNS0_12decoder_kindE13ELNS0_13multiply_kindE1EEEvNS0_12storage_viewIT_XT1_EEESB_mmNS0_12table_bundleIXT0_EEEPNS4_14compute_traitsIXT0_EE4typeE
    0 bytes stack frame, 0 bytes spill stores, 0 bytes spill loads
ptxas info    : Used 32 registers, used 1 barriers
ptxas info    : Compile time = 10.066 ms
ptxas info    : Compiling entry function '_ZN3aut12lns_strategy17dot_thread_kernelINS_3lns8lns12_r6ELNS_8bitwidth12compute_kindE1ELNS4_14storage_layoutE0ELi4ELNS0_12decoder_kindE13ELNS0_13multiply_kindE1EEEvNS0_12storage_viewIT_XT1_EEESB_mNS0_12table_bundleIXT0_EEEPNS4_14compute_traitsIXT0_EE4typeE' for 'sm_90'
ptxas info    : Function properties for _ZN3aut12lns_strategy17dot_thread_kernelINS_3lns8lns12_r6ELNS_8bitwidth12compute_kindE1ELNS4_14storage_layoutE0ELi4ELNS0_12decoder_kindE13ELNS0_13multiply_kindE1EEEvNS0_12storage_viewIT_XT1_EEESB_mNS0_12table_bundleIXT0_EEEPNS4_14compute_traitsIXT0_EE4typeE
    0 bytes stack frame, 0 bytes spill stores, 0 bytes spill loads
ptxas info    : Used 32 registers, used 1 barriers
ptxas info    : Compile time = 9.649 ms
ptxas info    : Compiling entry function '_ZN3aut12lns_strategy18gemv_thread_kernelINS_3lns8lns12_r6ELNS_8bitwidth12compute_kindE1ELNS4_14storage_layoutE0ELi2ELNS0_12decoder_kindE13ELNS0_13multiply_kindE1EEEvNS0_12storage_viewIT_XT1_EEESB_mmNS0_12table_bundleIXT0_EEEPNS4_14compute_traitsIXT0_EE4typeE' for 'sm_90'
ptxas info    : Function properties for _ZN3aut12lns_strategy18gemv_thread_kernelINS_3lns8lns12_r6ELNS_8bitwidth12compute_kindE1ELNS4_14storage_layoutE0ELi2ELNS0_12decoder_kindE13ELNS0_13multiply_kindE1EEEvNS0_12storage_viewIT_XT1_EEESB_mmNS0_12table_bundleIXT0_EEEPNS4_14compute_traitsIXT0_EE4typeE
    0 bytes stack frame, 0 bytes spill stores, 0 bytes spill loads
ptxas info    : Used 29 registers, used 1 barriers
ptxas info    : Compile time = 6.857 ms
ptxas info    : Compiling entry function '_ZN3aut12lns_strategy17dot_thread_kernelINS_3lns8lns12_r6ELNS_8bitwidth12compute_kindE1ELNS4_14storage_layoutE0ELi2ELNS0_12decoder_kindE13ELNS0_13multiply_kindE1EEEvNS0_12storage_viewIT_XT1_EEESB_mNS0_12table_bundleIXT0_EEEPNS4_14compute_traitsIXT0_EE4typeE' for 'sm_90'
ptxas info    : Function properties for _ZN3aut12lns_strategy17dot_thread_kernelINS_3lns8lns12_r6ELNS_8bitwidth12compute_kindE1ELNS4_14storage_layoutE0ELi2ELNS0_12decoder_kindE13ELNS0_13multiply_kindE1EEEvNS0_12storage_viewIT_XT1_EEESB_mNS0_12table_bundleIXT0_EEEPNS4_14compute_traitsIXT0_EE4typeE
    0 bytes stack frame, 0 bytes spill stores, 0 bytes spill loads
ptxas info    : Used 32 registers, used 1 barriers
ptxas info    : Compile time = 6.698 ms
ptxas info    : Compiling entry function '_ZN3aut12lns_strategy18gemv_thread_kernelINS_3lns8lns12_r6ELNS_8bitwidth12compute_kindE1ELNS4_14storage_layoutE1ELi1ELNS0_12decoder_kindE13ELNS0_13multiply_kindE1EEEvNS0_12storage_viewIT_XT1_EEESB_mmNS0_12table_bundleIXT0_EEEPNS4_14compute_traitsIXT0_EE4typeE' for 'sm_90'
ptxas info    : Function properties for _ZN3aut12lns_strategy18gemv_thread_kernelINS_3lns8lns12_r6ELNS_8bitwidth12compute_kindE1ELNS4_14storage_layoutE1ELi1ELNS0_12decoder_kindE13ELNS0_13multiply_kindE1EEEvNS0_12storage_viewIT_XT1_EEESB_mmNS0_12table_bundleIXT0_EEEPNS4_14compute_traitsIXT0_EE4typeE
    0 bytes stack frame, 0 bytes spill stores, 0 bytes spill loads
ptxas info    : Used 21 registers, used 1 barriers
ptxas info    : Compile time = 4.638 ms
ptxas info    : Compiling entry function '_ZN3aut12lns_strategy17dot_thread_kernelINS_3lns8lns12_r6ELNS_8bitwidth12compute_kindE1ELNS4_14storage_layoutE1ELi1ELNS0_12decoder_kindE13ELNS0_13multiply_kindE1EEEvNS0_12storage_viewIT_XT1_EEESB_mNS0_12table_bundleIXT0_EEEPNS4_14compute_traitsIXT0_EE4typeE' for 'sm_90'
ptxas info    : Function properties for _ZN3aut12lns_strategy17dot_thread_kernelINS_3lns8lns12_r6ELNS_8bitwidth12compute_kindE1ELNS4_14storage_layoutE1ELi1ELNS0_12decoder_kindE13ELNS0_13multiply_kindE1EEEvNS0_12storage_viewIT_XT1_EEESB_mNS0_12table_bundleIXT0_EEEPNS4_14compute_traitsIXT0_EE4typeE
    0 bytes stack frame, 0 bytes spill stores, 0 bytes spill loads
ptxas info    : Used 22 registers, used 1 barriers
ptxas info    : Compile time = 4.537 ms
ptxas info    : Compiling entry function '_ZN3aut12lns_strategy18gemv_thread_kernelINS_3lns8lns12_r6ELNS_8bitwidth12compute_kindE1ELNS4_14storage_layoutE0ELi1ELNS0_12decoder_kindE13ELNS0_13multiply_kindE1EEEvNS0_12storage_viewIT_XT1_EEESB_mmNS0_12table_bundleIXT0_EEEPNS4_14compute_traitsIXT0_EE4typeE' for 'sm_90'
ptxas info    : Function properties for _ZN3aut12lns_strategy18gemv_thread_kernelINS_3lns8lns12_r6ELNS_8bitwidth12compute_kindE1ELNS4_14storage_layoutE0ELi1ELNS0_12decoder_kindE13ELNS0_13multiply_kindE1EEEvNS0_12storage_viewIT_XT1_EEESB_mmNS0_12table_bundleIXT0_EEEPNS4_14compute_traitsIXT0_EE4typeE
    0 bytes stack frame, 0 bytes spill stores, 0 bytes spill loads
ptxas info    : Used 23 registers, used 1 barriers
ptxas info    : Compile time = 5.006 ms
ptxas info    : Compiling entry function '_ZN3aut12lns_strategy17dot_thread_kernelINS_3lns8lns12_r6ELNS_8bitwidth12compute_kindE1ELNS4_14storage_layoutE0ELi1ELNS0_12decoder_kindE13ELNS0_13multiply_kindE1EEEvNS0_12storage_viewIT_XT1_EEESB_mNS0_12table_bundleIXT0_EEEPNS4_14compute_traitsIXT0_EE4typeE' for 'sm_90'
ptxas info    : Function properties for _ZN3aut12lns_strategy17dot_thread_kernelINS_3lns8lns12_r6ELNS_8bitwidth12compute_kindE1ELNS4_14storage_layoutE0ELi1ELNS0_12decoder_kindE13ELNS0_13multiply_kindE1EEEvNS0_12storage_viewIT_XT1_EEESB_mNS0_12table_bundleIXT0_EEEPNS4_14compute_traitsIXT0_EE4typeE
    0 bytes stack frame, 0 bytes spill stores, 0 bytes spill loads
ptxas info    : Used 23 registers, used 1 barriers
ptxas info    : Compile time = 4.838 ms
ptxas info    : Compiling entry function '_ZN3aut12lns_strategy23gemv_cooperative_kernelINS_3lns8lns12_r6ELNS_8bitwidth12compute_kindE1ELNS0_12decoder_kindE12ELNS0_13multiply_kindE1EEEvPKjS9_mmNS0_12table_bundleIXT0_EEEPNS4_14compute_traitsIXT0_EE4typeE' for 'sm_90'
ptxas info    : Function properties for _ZN3aut12lns_strategy23gemv_cooperative_kernelINS_3lns8lns12_r6ELNS_8bitwidth12compute_kindE1ELNS0_12decoder_kindE12ELNS0_13multiply_kindE1EEEvPKjS9_mmNS0_12table_bundleIXT0_EEEPNS4_14compute_traitsIXT0_EE4typeE
    0 bytes stack frame, 0 bytes spill stores, 0 bytes spill loads
ptxas info    : Used 29 registers, used 1 barriers
ptxas info    : Compile time = 5.872 ms
ptxas info    : Compiling entry function '_ZN3aut12lns_strategy22dot_cooperative_kernelINS_3lns8lns12_r6ELNS_8bitwidth12compute_kindE1ELNS0_12decoder_kindE12ELNS0_13multiply_kindE1EEEvPKjS9_mNS0_12table_bundleIXT0_EEEPNS4_14compute_traitsIXT0_EE4typeE' for 'sm_90'
ptxas info    : Function properties for _ZN3aut12lns_strategy22dot_cooperative_kernelINS_3lns8lns12_r6ELNS_8bitwidth12compute_kindE1ELNS0_12decoder_kindE12ELNS0_13multiply_kindE1EEEvPKjS9_mNS0_12table_bundleIXT0_EEEPNS4_14compute_traitsIXT0_EE4typeE
    0 bytes stack frame, 0 bytes spill stores, 0 bytes spill loads
ptxas info    : Used 28 registers, used 1 barriers
ptxas info    : Compile time = 5.677 ms
ptxas info    : Compiling entry function '_ZN3aut12lns_strategy18gemv_thread_kernelINS_3lns8lns12_r6ELNS_8bitwidth12compute_kindE1ELNS4_14storage_layoutE1ELi8ELNS0_12decoder_kindE12ELNS0_13multiply_kindE1EEEvNS0_12storage_viewIT_XT1_EEESB_mmNS0_12table_bundleIXT0_EEEPNS4_14compute_traitsIXT0_EE4typeE' for 'sm_90'
ptxas info    : Function properties for _ZN3aut12lns_strategy18gemv_thread_kernelINS_3lns8lns12_r6ELNS_8bitwidth12compute_kindE1ELNS4_14storage_layoutE1ELi8ELNS0_12decoder_kindE12ELNS0_13multiply_kindE1EEEvNS0_12storage_viewIT_XT1_EEESB_mmNS0_12table_bundleIXT0_EEEPNS4_14compute_traitsIXT0_EE4typeE
    0 bytes stack frame, 0 bytes spill stores, 0 bytes spill loads
ptxas info    : Used 32 registers, used 1 barriers
ptxas info    : Compile time = 11.317 ms
ptxas info    : Compiling entry function '_ZN3aut12lns_strategy17dot_thread_kernelINS_3lns8lns12_r6ELNS_8bitwidth12compute_kindE1ELNS4_14storage_layoutE1ELi8ELNS0_12decoder_kindE12ELNS0_13multiply_kindE1EEEvNS0_12storage_viewIT_XT1_EEESB_mNS0_12table_bundleIXT0_EEEPNS4_14compute_traitsIXT0_EE4typeE' for 'sm_90'
ptxas info    : Function properties for _ZN3aut12lns_strategy17dot_thread_kernelINS_3lns8lns12_r6ELNS_8bitwidth12compute_kindE1ELNS4_14storage_layoutE1ELi8ELNS0_12decoder_kindE12ELNS0_13multiply_kindE1EEEvNS0_12storage_viewIT_XT1_EEESB_mNS0_12table_bundleIXT0_EEEPNS4_14compute_traitsIXT0_EE4typeE
    0 bytes stack frame, 0 bytes spill stores, 0 bytes spill loads
ptxas info    : Used 35 registers, used 1 barriers
ptxas info    : Compile time = 11.425 ms
ptxas info    : Compiling entry function '_ZN3aut12lns_strategy18gemv_thread_kernelINS_3lns8lns12_r6ELNS_8bitwidth12compute_kindE1ELNS4_14storage_layoutE1ELi4ELNS0_12decoder_kindE12ELNS0_13multiply_kindE1EEEvNS0_12storage_viewIT_XT1_EEESB_mmNS0_12table_bundleIXT0_EEEPNS4_14compute_traitsIXT0_EE4typeE' for 'sm_90'
ptxas info    : Function properties for _ZN3aut12lns_strategy18gemv_thread_kernelINS_3lns8lns12_r6ELNS_8bitwidth12compute_kindE1ELNS4_14storage_layoutE1ELi4ELNS0_12decoder_kindE12ELNS0_13multiply_kindE1EEEvNS0_12storage_viewIT_XT1_EEESB_mmNS0_12table_bundleIXT0_EEEPNS4_14compute_traitsIXT0_EE4typeE
    0 bytes stack frame, 0 bytes spill stores, 0 bytes spill loads
ptxas info    : Used 26 registers, used 1 barriers
ptxas info    : Compile time = 7.246 ms
ptxas info    : Compiling entry function '_ZN3aut12lns_strategy17dot_thread_kernelINS_3lns8lns12_r6ELNS_8bitwidth12compute_kindE1ELNS4_14storage_layoutE1ELi4ELNS0_12decoder_kindE12ELNS0_13multiply_kindE1EEEvNS0_12storage_viewIT_XT1_EEESB_mNS0_12table_bundleIXT0_EEEPNS4_14compute_traitsIXT0_EE4typeE' for 'sm_90'
ptxas info    : Function properties for _ZN3aut12lns_strategy17dot_thread_kernelINS_3lns8lns12_r6ELNS_8bitwidth12compute_kindE1ELNS4_14storage_layoutE1ELi4ELNS0_12decoder_kindE12ELNS0_13multiply_kindE1EEEvNS0_12storage_viewIT_XT1_EEESB_mNS0_12table_bundleIXT0_EEEPNS4_14compute_traitsIXT0_EE4typeE
    0 bytes stack frame, 0 bytes spill stores, 0 bytes spill loads
ptxas info    : Used 27 registers, used 1 barriers
ptxas info    : Compile time = 7.436 ms
ptxas info    : Compiling entry function '_ZN3aut12lns_strategy18gemv_thread_kernelINS_3lns8lns12_r6ELNS_8bitwidth12compute_kindE1ELNS4_14storage_layoutE1ELi2ELNS0_12decoder_kindE12ELNS0_13multiply_kindE1EEEvNS0_12storage_viewIT_XT1_EEESB_mmNS0_12table_bundleIXT0_EEEPNS4_14compute_traitsIXT0_EE4typeE' for 'sm_90'
ptxas info    : Function properties for _ZN3aut12lns_strategy18gemv_thread_kernelINS_3lns8lns12_r6ELNS_8bitwidth12compute_kindE1ELNS4_14storage_layoutE1ELi2ELNS0_12decoder_kindE12ELNS0_13multiply_kindE1EEEvNS0_12storage_viewIT_XT1_EEESB_mmNS0_12table_bundleIXT0_EEEPNS4_14compute_traitsIXT0_EE4typeE
    0 bytes stack frame, 0 bytes spill stores, 0 bytes spill loads
ptxas info    : Used 20 registers, used 1 barriers
ptxas info    : Compile time = 5.244 ms
ptxas info    : Compiling entry function '_ZN3aut12lns_strategy17dot_thread_kernelINS_3lns8lns12_r6ELNS_8bitwidth12compute_kindE1ELNS4_14storage_layoutE1ELi2ELNS0_12decoder_kindE12ELNS0_13multiply_kindE1EEEvNS0_12storage_viewIT_XT1_EEESB_mNS0_12table_bundleIXT0_EEEPNS4_14compute_traitsIXT0_EE4typeE' for 'sm_90'
ptxas info    : Function properties for _ZN3aut12lns_strategy17dot_thread_kernelINS_3lns8lns12_r6ELNS_8bitwidth12compute_kindE1ELNS4_14storage_layoutE1ELi2ELNS0_12decoder_kindE12ELNS0_13multiply_kindE1EEEvNS0_12storage_viewIT_XT1_EEESB_mNS0_12table_bundleIXT0_EEEPNS4_14compute_traitsIXT0_EE4typeE
    0 bytes stack frame, 0 bytes spill stores, 0 bytes spill loads
ptxas info    : Used 26 registers, used 1 barriers
ptxas info    : Compile time = 5.345 ms
ptxas info    : Compiling entry function '_ZN3aut12lns_strategy18gemv_thread_kernelINS_3lns8lns12_r6ELNS_8bitwidth12compute_kindE1ELNS4_14storage_layoutE0ELi8ELNS0_12decoder_kindE12ELNS0_13multiply_kindE1EEEvNS0_12storage_viewIT_XT1_EEESB_mmNS0_12table_bundleIXT0_EEEPNS4_14compute_traitsIXT0_EE4typeE' for 'sm_90'
ptxas info    : Function properties for _ZN3aut12lns_strategy18gemv_thread_kernelINS_3lns8lns12_r6ELNS_8bitwidth12compute_kindE1ELNS4_14storage_layoutE0ELi8ELNS0_12decoder_kindE12ELNS0_13multiply_kindE1EEEvNS0_12storage_viewIT_XT1_EEESB_mmNS0_12table_bundleIXT0_EEEPNS4_14compute_traitsIXT0_EE4typeE
    0 bytes stack frame, 0 bytes spill stores, 0 bytes spill loads
ptxas info    : Used 40 registers, used 1 barriers
ptxas info    : Compile time = 15.306 ms
ptxas info    : Compiling entry function '_ZN3aut12lns_strategy17dot_thread_kernelINS_3lns8lns12_r6ELNS_8bitwidth12compute_kindE1ELNS4_14storage_layoutE0ELi8ELNS0_12decoder_kindE12ELNS0_13multiply_kindE1EEEvNS0_12storage_viewIT_XT1_EEESB_mNS0_12table_bundleIXT0_EEEPNS4_14compute_traitsIXT0_EE4typeE' for 'sm_90'
ptxas info    : Function properties for _ZN3aut12lns_strategy17dot_thread_kernelINS_3lns8lns12_r6ELNS_8bitwidth12compute_kindE1ELNS4_14storage_layoutE0ELi8ELNS0_12decoder_kindE12ELNS0_13multiply_kindE1EEEvNS0_12storage_viewIT_XT1_EEESB_mNS0_12table_bundleIXT0_EEEPNS4_14compute_traitsIXT0_EE4typeE
    0 bytes stack frame, 0 bytes spill stores, 0 bytes spill loads
ptxas info    : Used 42 registers, used 1 barriers
ptxas info    : Compile time = 13.506 ms
ptxas info    : Compiling entry function '_ZN3aut12lns_strategy18gemv_thread_kernelINS_3lns8lns12_r6ELNS_8bitwidth12compute_kindE1ELNS4_14storage_layoutE0ELi4ELNS0_12decoder_kindE12ELNS0_13multiply_kindE1EEEvNS0_12storage_viewIT_XT1_EEESB_mmNS0_12table_bundleIXT0_EEEPNS4_14compute_traitsIXT0_EE4typeE' for 'sm_90'
ptxas info    : Function properties for _ZN3aut12lns_strategy18gemv_thread_kernelINS_3lns8lns12_r6ELNS_8bitwidth12compute_kindE1ELNS4_14storage_layoutE0ELi4ELNS0_12decoder_kindE12ELNS0_13multiply_kindE1EEEvNS0_12storage_viewIT_XT1_EEESB_mmNS0_12table_bundleIXT0_EEEPNS4_14compute_traitsIXT0_EE4typeE
    0 bytes stack frame, 0 bytes spill stores, 0 bytes spill loads
ptxas info    : Used 32 registers, used 1 barriers
ptxas info    : Compile time = 9.800 ms
ptxas info    : Compiling entry function '_ZN3aut12lns_strategy17dot_thread_kernelINS_3lns8lns12_r6ELNS_8bitwidth12compute_kindE1ELNS4_14storage_layoutE0ELi4ELNS0_12decoder_kindE12ELNS0_13multiply_kindE1EEEvNS0_12storage_viewIT_XT1_EEESB_mNS0_12table_bundleIXT0_EEEPNS4_14compute_traitsIXT0_EE4typeE' for 'sm_90'
ptxas info    : Function properties for _ZN3aut12lns_strategy17dot_thread_kernelINS_3lns8lns12_r6ELNS_8bitwidth12compute_kindE1ELNS4_14storage_layoutE0ELi4ELNS0_12decoder_kindE12ELNS0_13multiply_kindE1EEEvNS0_12storage_viewIT_XT1_EEESB_mNS0_12table_bundleIXT0_EEEPNS4_14compute_traitsIXT0_EE4typeE
    0 bytes stack frame, 0 bytes spill stores, 0 bytes spill loads
ptxas info    : Used 32 registers, used 1 barriers
ptxas info    : Compile time = 9.333 ms
ptxas info    : Compiling entry function '_ZN3aut12lns_strategy18gemv_thread_kernelINS_3lns8lns12_r6ELNS_8bitwidth12compute_kindE1ELNS4_14storage_layoutE0ELi2ELNS0_12decoder_kindE12ELNS0_13multiply_kindE1EEEvNS0_12storage_viewIT_XT1_EEESB_mmNS0_12table_bundleIXT0_EEEPNS4_14compute_traitsIXT0_EE4typeE' for 'sm_90'
ptxas info    : Function properties for _ZN3aut12lns_strategy18gemv_thread_kernelINS_3lns8lns12_r6ELNS_8bitwidth12compute_kindE1ELNS4_14storage_layoutE0ELi2ELNS0_12decoder_kindE12ELNS0_13multiply_kindE1EEEvNS0_12storage_viewIT_XT1_EEESB_mmNS0_12table_bundleIXT0_EEEPNS4_14compute_traitsIXT0_EE4typeE
    0 bytes stack frame, 0 bytes spill stores, 0 bytes spill loads
ptxas info    : Used 30 registers, used 1 barriers
ptxas info    : Compile time = 6.367 ms
ptxas info    : Compiling entry function '_ZN3aut12lns_strategy17dot_thread_kernelINS_3lns8lns12_r6ELNS_8bitwidth12compute_kindE1ELNS4_14storage_layoutE0ELi2ELNS0_12decoder_kindE12ELNS0_13multiply_kindE1EEEvNS0_12storage_viewIT_XT1_EEESB_mNS0_12table_bundleIXT0_EEEPNS4_14compute_traitsIXT0_EE4typeE' for 'sm_90'
ptxas info    : Function properties for _ZN3aut12lns_strategy17dot_thread_kernelINS_3lns8lns12_r6ELNS_8bitwidth12compute_kindE1ELNS4_14storage_layoutE0ELi2ELNS0_12decoder_kindE12ELNS0_13multiply_kindE1EEEvNS0_12storage_viewIT_XT1_EEESB_mNS0_12table_bundleIXT0_EEEPNS4_14compute_traitsIXT0_EE4typeE
    0 bytes stack frame, 0 bytes spill stores, 0 bytes spill loads
ptxas info    : Used 32 registers, used 1 barriers
ptxas info    : Compile time = 6.261 ms
ptxas info    : Compiling entry function '_ZN3aut12lns_strategy18gemv_thread_kernelINS_3lns8lns12_r6ELNS_8bitwidth12compute_kindE1ELNS4_14storage_layoutE1ELi1ELNS0_12decoder_kindE12ELNS0_13multiply_kindE1EEEvNS0_12storage_viewIT_XT1_EEESB_mmNS0_12table_bundleIXT0_EEEPNS4_14compute_traitsIXT0_EE4typeE' for 'sm_90'
ptxas info    : Function properties for _ZN3aut12lns_strategy18gemv_thread_kernelINS_3lns8lns12_r6ELNS_8bitwidth12compute_kindE1ELNS4_14storage_layoutE1ELi1ELNS0_12decoder_kindE12ELNS0_13multiply_kindE1EEEvNS0_12storage_viewIT_XT1_EEESB_mmNS0_12table_bundleIXT0_EEEPNS4_14compute_traitsIXT0_EE4typeE
    0 bytes stack frame, 0 bytes spill stores, 0 bytes spill loads
ptxas info    : Used 20 registers, used 1 barriers
ptxas info    : Compile time = 3.950 ms
ptxas info    : Compiling entry function '_ZN3aut12lns_strategy17dot_thread_kernelINS_3lns8lns12_r6ELNS_8bitwidth12compute_kindE1ELNS4_14storage_layoutE1ELi1ELNS0_12decoder_kindE12ELNS0_13multiply_kindE1EEEvNS0_12storage_viewIT_XT1_EEESB_mNS0_12table_bundleIXT0_EEEPNS4_14compute_traitsIXT0_EE4typeE' for 'sm_90'
ptxas info    : Function properties for _ZN3aut12lns_strategy17dot_thread_kernelINS_3lns8lns12_r6ELNS_8bitwidth12compute_kindE1ELNS4_14storage_layoutE1ELi1ELNS0_12decoder_kindE12ELNS0_13multiply_kindE1EEEvNS0_12storage_viewIT_XT1_EEESB_mNS0_12table_bundleIXT0_EEEPNS4_14compute_traitsIXT0_EE4typeE
    0 bytes stack frame, 0 bytes spill stores, 0 bytes spill loads
ptxas info    : Used 22 registers, used 1 barriers
ptxas info    : Compile time = 3.878 ms
ptxas info    : Compiling entry function '_ZN3aut12lns_strategy18gemv_thread_kernelINS_3lns8lns12_r6ELNS_8bitwidth12compute_kindE1ELNS4_14storage_layoutE0ELi1ELNS0_12decoder_kindE12ELNS0_13multiply_kindE1EEEvNS0_12storage_viewIT_XT1_EEESB_mmNS0_12table_bundleIXT0_EEEPNS4_14compute_traitsIXT0_EE4typeE' for 'sm_90'
ptxas info    : Function properties for _ZN3aut12lns_strategy18gemv_thread_kernelINS_3lns8lns12_r6ELNS_8bitwidth12compute_kindE1ELNS4_14storage_layoutE0ELi1ELNS0_12decoder_kindE12ELNS0_13multiply_kindE1EEEvNS0_12storage_viewIT_XT1_EEESB_mmNS0_12table_bundleIXT0_EEEPNS4_14compute_traitsIXT0_EE4typeE
    0 bytes stack frame, 0 bytes spill stores, 0 bytes spill loads
ptxas info    : Used 23 registers, used 1 barriers
ptxas info    : Compile time = 4.501 ms
ptxas info    : Compiling entry function '_ZN3aut12lns_strategy17dot_thread_kernelINS_3lns8lns12_r6ELNS_8bitwidth12compute_kindE1ELNS4_14storage_layoutE0ELi1ELNS0_12decoder_kindE12ELNS0_13multiply_kindE1EEEvNS0_12storage_viewIT_XT1_EEESB_mNS0_12table_bundleIXT0_EEEPNS4_14compute_traitsIXT0_EE4typeE' for 'sm_90'
ptxas info    : Function properties for _ZN3aut12lns_strategy17dot_thread_kernelINS_3lns8lns12_r6ELNS_8bitwidth12compute_kindE1ELNS4_14storage_layoutE0ELi1ELNS0_12decoder_kindE12ELNS0_13multiply_kindE1EEEvNS0_12storage_viewIT_XT1_EEESB_mNS0_12table_bundleIXT0_EEEPNS4_14compute_traitsIXT0_EE4typeE
    0 bytes stack frame, 0 bytes spill stores, 0 bytes spill loads
ptxas info    : Used 24 registers, used 1 barriers
ptxas info    : Compile time = 4.343 ms
ptxas info    : Compiling entry function '_ZN3aut12lns_strategy23gemv_cooperative_kernelINS_3lns8lns12_r6ELNS_8bitwidth12compute_kindE1ELNS0_12decoder_kindE9ELNS0_13multiply_kindE1EEEvPKjS9_mmNS0_12table_bundleIXT0_EEEPNS4_14compute_traitsIXT0_EE4typeE' for 'sm_90'
ptxas info    : Function properties for _ZN3aut12lns_strategy23gemv_cooperative_kernelINS_3lns8lns12_r6ELNS_8bitwidth12compute_kindE1ELNS0_12decoder_kindE9ELNS0_13multiply_kindE1EEEvPKjS9_mmNS0_12table_bundleIXT0_EEEPNS4_14compute_traitsIXT0_EE4typeE
    0 bytes stack frame, 0 bytes spill stores, 0 bytes spill loads
ptxas info    : Used 30 registers, used 1 barriers
ptxas info    : Compile time = 6.955 ms
ptxas info    : Compiling entry function '_ZN3aut12lns_strategy22dot_cooperative_kernelINS_3lns8lns12_r6ELNS_8bitwidth12compute_kindE1ELNS0_12decoder_kindE9ELNS0_13multiply_kindE1EEEvPKjS9_mNS0_12table_bundleIXT0_EEEPNS4_14compute_traitsIXT0_EE4typeE' for 'sm_90'
ptxas info    : Function properties for _ZN3aut12lns_strategy22dot_cooperative_kernelINS_3lns8lns12_r6ELNS_8bitwidth12compute_kindE1ELNS0_12decoder_kindE9ELNS0_13multiply_kindE1EEEvPKjS9_mNS0_12table_bundleIXT0_EEEPNS4_14compute_traitsIXT0_EE4typeE
    0 bytes stack frame, 0 bytes spill stores, 0 bytes spill loads
ptxas info    : Used 28 registers, used 1 barriers
ptxas info    : Compile time = 6.775 ms
ptxas info    : Compiling entry function '_ZN3aut12lns_strategy18gemv_thread_kernelINS_3lns8lns12_r6ELNS_8bitwidth12compute_kindE1ELNS4_14storage_layoutE1ELi8ELNS0_12decoder_kindE9ELNS0_13multiply_kindE1EEEvNS0_12storage_viewIT_XT1_EEESB_mmNS0_12table_bundleIXT0_EEEPNS4_14compute_traitsIXT0_EE4typeE' for 'sm_90'
ptxas info    : Function properties for _ZN3aut12lns_strategy18gemv_thread_kernelINS_3lns8lns12_r6ELNS_8bitwidth12compute_kindE1ELNS4_14storage_layoutE1ELi8ELNS0_12decoder_kindE9ELNS0_13multiply_kindE1EEEvNS0_12storage_viewIT_XT1_EEESB_mmNS0_12table_bundleIXT0_EEEPNS4_14compute_traitsIXT0_EE4typeE
    0 bytes stack frame, 0 bytes spill stores, 0 bytes spill loads
ptxas info    : Used 32 registers, used 1 barriers
ptxas info    : Compile time = 18.479 ms
ptxas info    : Compiling entry function '_ZN3aut12lns_strategy17dot_thread_kernelINS_3lns8lns12_r6ELNS_8bitwidth12compute_kindE1ELNS4_14storage_layoutE1ELi8ELNS0_12decoder_kindE9ELNS0_13multiply_kindE1EEEvNS0_12storage_viewIT_XT1_EEESB_mNS0_12table_bundleIXT0_EEEPNS4_14compute_traitsIXT0_EE4typeE' for 'sm_90'
ptxas info    : Function properties for _ZN3aut12lns_strategy17dot_thread_kernelINS_3lns8lns12_r6ELNS_8bitwidth12compute_kindE1ELNS4_14storage_layoutE1ELi8ELNS0_12decoder_kindE9ELNS0_13multiply_kindE1EEEvNS0_12storage_viewIT_XT1_EEESB_mNS0_12table_bundleIXT0_EEEPNS4_14compute_traitsIXT0_EE4typeE
    0 bytes stack frame, 0 bytes spill stores, 0 bytes spill loads
ptxas info    : Used 35 registers, used 1 barriers
ptxas info    : Compile time = 18.504 ms
ptxas info    : Compiling entry function '_ZN3aut12lns_strategy18gemv_thread_kernelINS_3lns8lns12_r6ELNS_8bitwidth12compute_kindE1ELNS4_14storage_layoutE1ELi4ELNS0_12decoder_kindE9ELNS0_13multiply_kindE1EEEvNS0_12storage_viewIT_XT1_EEESB_mmNS0_12table_bundleIXT0_EEEPNS4_14compute_traitsIXT0_EE4typeE' for 'sm_90'
ptxas info    : Function properties for _ZN3aut12lns_strategy18gemv_thread_kernelINS_3lns8lns12_r6ELNS_8bitwidth12compute_kindE1ELNS4_14storage_layoutE1ELi4ELNS0_12decoder_kindE9ELNS0_13multiply_kindE1EEEvNS0_12storage_viewIT_XT1_EEESB_mmNS0_12table_bundleIXT0_EEEPNS4_14compute_traitsIXT0_EE4typeE
    0 bytes stack frame, 0 bytes spill stores, 0 bytes spill loads
ptxas info    : Used 26 registers, used 1 barriers
ptxas info    : Compile time = 10.723 ms
ptxas info    : Compiling entry function '_ZN3aut12lns_strategy17dot_thread_kernelINS_3lns8lns12_r6ELNS_8bitwidth12compute_kindE1ELNS4_14storage_layoutE1ELi4ELNS0_12decoder_kindE9ELNS0_13multiply_kindE1EEEvNS0_12storage_viewIT_XT1_EEESB_mNS0_12table_bundleIXT0_EEEPNS4_14compute_traitsIXT0_EE4typeE' for 'sm_90'
ptxas info    : Function properties for _ZN3aut12lns_strategy17dot_thread_kernelINS_3lns8lns12_r6ELNS_8bitwidth12compute_kindE1ELNS4_14storage_layoutE1ELi4ELNS0_12decoder_kindE9ELNS0_13multiply_kindE1EEEvNS0_12storage_viewIT_XT1_EEESB_mNS0_12table_bundleIXT0_EEEPNS4_14compute_traitsIXT0_EE4typeE
    0 bytes stack frame, 0 bytes spill stores, 0 bytes spill loads
ptxas info    : Used 31 registers, used 1 barriers
ptxas info    : Compile time = 10.834 ms
ptxas info    : Compiling entry function '_ZN3aut12lns_strategy18gemv_thread_kernelINS_3lns8lns12_r6ELNS_8bitwidth12compute_kindE1ELNS4_14storage_layoutE1ELi2ELNS0_12decoder_kindE9ELNS0_13multiply_kindE1EEEvNS0_12storage_viewIT_XT1_EEESB_mmNS0_12table_bundleIXT0_EEEPNS4_14compute_traitsIXT0_EE4typeE' for 'sm_90'
ptxas info    : Function properties for _ZN3aut12lns_strategy18gemv_thread_kernelINS_3lns8lns12_r6ELNS_8bitwidth12compute_kindE1ELNS4_14storage_layoutE1ELi2ELNS0_12decoder_kindE9ELNS0_13multiply_kindE1EEEvNS0_12storage_viewIT_XT1_EEESB_mmNS0_12table_bundleIXT0_EEEPNS4_14compute_traitsIXT0_EE4typeE
    0 bytes stack frame, 0 bytes spill stores, 0 bytes spill loads
ptxas info    : Used 22 registers, used 1 barriers
ptxas info    : Compile time = 7.168 ms
ptxas info    : Compiling entry function '_ZN3aut12lns_strategy17dot_thread_kernelINS_3lns8lns12_r6ELNS_8bitwidth12compute_kindE1ELNS4_14storage_layoutE1ELi2ELNS0_12decoder_kindE9ELNS0_13multiply_kindE1EEEvNS0_12storage_viewIT_XT1_EEESB_mNS0_12table_bundleIXT0_EEEPNS4_14compute_traitsIXT0_EE4typeE' for 'sm_90'
ptxas info    : Function properties for _ZN3aut12lns_strategy17dot_thread_kernelINS_3lns8lns12_r6ELNS_8bitwidth12compute_kindE1ELNS4_14storage_layoutE1ELi2ELNS0_12decoder_kindE9ELNS0_13multiply_kindE1EEEvNS0_12storage_viewIT_XT1_EEESB_mNS0_12table_bundleIXT0_EEEPNS4_14compute_traitsIXT0_EE4typeE
    0 bytes stack frame, 0 bytes spill stores, 0 bytes spill loads
ptxas info    : Used 28 registers, used 1 barriers
ptxas info    : Compile time = 7.226 ms
ptxas info    : Compiling entry function '_ZN3aut12lns_strategy18gemv_thread_kernelINS_3lns8lns12_r6ELNS_8bitwidth12compute_kindE1ELNS4_14storage_layoutE0ELi8ELNS0_12decoder_kindE9ELNS0_13multiply_kindE1EEEvNS0_12storage_viewIT_XT1_EEESB_mmNS0_12table_bundleIXT0_EEEPNS4_14compute_traitsIXT0_EE4typeE' for 'sm_90'
ptxas info    : Function properties for _ZN3aut12lns_strategy18gemv_thread_kernelINS_3lns8lns12_r6ELNS_8bitwidth12compute_kindE1ELNS4_14storage_layoutE0ELi8ELNS0_12decoder_kindE9ELNS0_13multiply_kindE1EEEvNS0_12storage_viewIT_XT1_EEESB_mmNS0_12table_bundleIXT0_EEEPNS4_14compute_traitsIXT0_EE4typeE
    0 bytes stack frame, 0 bytes spill stores, 0 bytes spill loads
ptxas info    : Used 40 registers, used 1 barriers
ptxas info    : Compile time = 22.019 ms
ptxas info    : Compiling entry function '_ZN3aut12lns_strategy17dot_thread_kernelINS_3lns8lns12_r6ELNS_8bitwidth12compute_kindE1ELNS4_14storage_layoutE0ELi8ELNS0_12decoder_kindE9ELNS0_13multiply_kindE1EEEvNS0_12storage_viewIT_XT1_EEESB_mNS0_12table_bundleIXT0_EEEPNS4_14compute_traitsIXT0_EE4typeE' for 'sm_90'
ptxas info    : Function properties for _ZN3aut12lns_strategy17dot_thread_kernelINS_3lns8lns12_r6ELNS_8bitwidth12compute_kindE1ELNS4_14storage_layoutE0ELi8ELNS0_12decoder_kindE9ELNS0_13multiply_kindE1EEEvNS0_12storage_viewIT_XT1_EEESB_mNS0_12table_bundleIXT0_EEEPNS4_14compute_traitsIXT0_EE4typeE
    0 bytes stack frame, 0 bytes spill stores, 0 bytes spill loads
ptxas info    : Used 40 registers, used 1 barriers
ptxas info    : Compile time = 19.984 ms
ptxas info    : Compiling entry function '_ZN3aut12lns_strategy18gemv_thread_kernelINS_3lns8lns12_r6ELNS_8bitwidth12compute_kindE1ELNS4_14storage_layoutE0ELi4ELNS0_12decoder_kindE9ELNS0_13multiply_kindE1EEEvNS0_12storage_viewIT_XT1_EEESB_mmNS0_12table_bundleIXT0_EEEPNS4_14compute_traitsIXT0_EE4typeE' for 'sm_90'
ptxas info    : Function properties for _ZN3aut12lns_strategy18gemv_thread_kernelINS_3lns8lns12_r6ELNS_8bitwidth12compute_kindE1ELNS4_14storage_layoutE0ELi4ELNS0_12decoder_kindE9ELNS0_13multiply_kindE1EEEvNS0_12storage_viewIT_XT1_EEESB_mmNS0_12table_bundleIXT0_EEEPNS4_14compute_traitsIXT0_EE4typeE
    0 bytes stack frame, 0 bytes spill stores, 0 bytes spill loads
ptxas info    : Used 40 registers, used 1 barriers
ptxas info    : Compile time = 13.335 ms
ptxas info    : Compiling entry function '_ZN3aut12lns_strategy17dot_thread_kernelINS_3lns8lns12_r6ELNS_8bitwidth12compute_kindE1ELNS4_14storage_layoutE0ELi4ELNS0_12decoder_kindE9ELNS0_13multiply_kindE1EEEvNS0_12storage_viewIT_XT1_EEESB_mNS0_12table_bundleIXT0_EEEPNS4_14compute_traitsIXT0_EE4typeE' for 'sm_90'
ptxas info    : Function properties for _ZN3aut12lns_strategy17dot_thread_kernelINS_3lns8lns12_r6ELNS_8bitwidth12compute_kindE1ELNS4_14storage_layoutE0ELi4ELNS0_12decoder_kindE9ELNS0_13multiply_kindE1EEEvNS0_12storage_viewIT_XT1_EEESB_mNS0_12table_bundleIXT0_EEEPNS4_14compute_traitsIXT0_EE4typeE
    0 bytes stack frame, 0 bytes spill stores, 0 bytes spill loads
ptxas info    : Used 40 registers, used 1 barriers
ptxas info    : Compile time = 13.050 ms
ptxas info    : Compiling entry function '_ZN3aut12lns_strategy18gemv_thread_kernelINS_3lns8lns12_r6ELNS_8bitwidth12compute_kindE1ELNS4_14storage_layoutE0ELi2ELNS0_12decoder_kindE9ELNS0_13multiply_kindE1EEEvNS0_12storage_viewIT_XT1_EEESB_mmNS0_12table_bundleIXT0_EEEPNS4_14compute_traitsIXT0_EE4typeE' for 'sm_90'
ptxas info    : Function properties for _ZN3aut12lns_strategy18gemv_thread_kernelINS_3lns8lns12_r6ELNS_8bitwidth12compute_kindE1ELNS4_14storage_layoutE0ELi2ELNS0_12decoder_kindE9ELNS0_13multiply_kindE1EEEvNS0_12storage_viewIT_XT1_EEESB_mmNS0_12table_bundleIXT0_EEEPNS4_14compute_traitsIXT0_EE4typeE
    0 bytes stack frame, 0 bytes spill stores, 0 bytes spill loads
ptxas info    : Used 30 registers, used 1 barriers
ptxas info    : Compile time = 8.200 ms
ptxas info    : Compiling entry function '_ZN3aut12lns_strategy17dot_thread_kernelINS_3lns8lns12_r6ELNS_8bitwidth12compute_kindE1ELNS4_14storage_layoutE0ELi2ELNS0_12decoder_kindE9ELNS0_13multiply_kindE1EEEvNS0_12storage_viewIT_XT1_EEESB_mNS0_12table_bundleIXT0_EEEPNS4_14compute_traitsIXT0_EE4typeE' for 'sm_90'
ptxas info    : Function properties for _ZN3aut12lns_strategy17dot_thread_kernelINS_3lns8lns12_r6ELNS_8bitwidth12compute_kindE1ELNS4_14storage_layoutE0ELi2ELNS0_12decoder_kindE9ELNS0_13multiply_kindE1EEEvNS0_12storage_viewIT_XT1_EEESB_mNS0_12table_bundleIXT0_EEEPNS4_14compute_traitsIXT0_EE4typeE
    0 bytes stack frame, 0 bytes spill stores, 0 bytes spill loads
ptxas info    : Used 32 registers, used 1 barriers
ptxas info    : Compile time = 8.130 ms
ptxas info    : Compiling entry function '_ZN3aut12lns_strategy18gemv_thread_kernelINS_3lns8lns12_r6ELNS_8bitwidth12compute_kindE1ELNS4_14storage_layoutE1ELi1ELNS0_12decoder_kindE9ELNS0_13multiply_kindE1EEEvNS0_12storage_viewIT_XT1_EEESB_mmNS0_12table_bundleIXT0_EEEPNS4_14compute_traitsIXT0_EE4typeE' for 'sm_90'
ptxas info    : Function properties for _ZN3aut12lns_strategy18gemv_thread_kernelINS_3lns8lns12_r6ELNS_8bitwidth12compute_kindE1ELNS4_14storage_layoutE1ELi1ELNS0_12decoder_kindE9ELNS0_13multiply_kindE1EEEvNS0_12storage_viewIT_XT1_EEESB_mmNS0_12table_bundleIXT0_EEEPNS4_14compute_traitsIXT0_EE4typeE
    0 bytes stack frame, 0 bytes spill stores, 0 bytes spill loads
ptxas info    : Used 21 registers, used 1 barriers
ptxas info    : Compile time = 5.176 ms
ptxas info    : Compiling entry function '_ZN3aut12lns_strategy17dot_thread_kernelINS_3lns8lns12_r6ELNS_8bitwidth12compute_kindE1ELNS4_14storage_layoutE1ELi1ELNS0_12decoder_kindE9ELNS0_13multiply_kindE1EEEvNS0_12storage_viewIT_XT1_EEESB_mNS0_12table_bundleIXT0_EEEPNS4_14compute_traitsIXT0_EE4typeE' for 'sm_90'
ptxas info    : Function properties for _ZN3aut12lns_strategy17dot_thread_kernelINS_3lns8lns12_r6ELNS_8bitwidth12compute_kindE1ELNS4_14storage_layoutE1ELi1ELNS0_12decoder_kindE9ELNS0_13multiply_kindE1EEEvNS0_12storage_viewIT_XT1_EEESB_mNS0_12table_bundleIXT0_EEEPNS4_14compute_traitsIXT0_EE4typeE
    0 bytes stack frame, 0 bytes spill stores, 0 bytes spill loads
ptxas info    : Used 22 registers, used 1 barriers
ptxas info    : Compile time = 5.047 ms
ptxas info    : Compiling entry function '_ZN3aut12lns_strategy18gemv_thread_kernelINS_3lns8lns12_r6ELNS_8bitwidth12compute_kindE1ELNS4_14storage_layoutE0ELi1ELNS0_12decoder_kindE9ELNS0_13multiply_kindE1EEEvNS0_12storage_viewIT_XT1_EEESB_mmNS0_12table_bundleIXT0_EEEPNS4_14compute_traitsIXT0_EE4typeE' for 'sm_90'
ptxas info    : Function properties for _ZN3aut12lns_strategy18gemv_thread_kernelINS_3lns8lns12_r6ELNS_8bitwidth12compute_kindE1ELNS4_14storage_layoutE0ELi1ELNS0_12decoder_kindE9ELNS0_13multiply_kindE1EEEvNS0_12storage_viewIT_XT1_EEESB_mmNS0_12table_bundleIXT0_EEEPNS4_14compute_traitsIXT0_EE4typeE
    0 bytes stack frame, 0 bytes spill stores, 0 bytes spill loads
ptxas info    : Used 23 registers, used 1 barriers
ptxas info    : Compile time = 5.692 ms
ptxas info    : Compiling entry function '_ZN3aut12lns_strategy17dot_thread_kernelINS_3lns8lns12_r6ELNS_8bitwidth12compute_kindE1ELNS4_14storage_layoutE0ELi1ELNS0_12decoder_kindE9ELNS0_13multiply_kindE1EEEvNS0_12storage_viewIT_XT1_EEESB_mNS0_12table_bundleIXT0_EEEPNS4_14compute_traitsIXT0_EE4typeE' for 'sm_90'
ptxas info    : Function properties for _ZN3aut12lns_strategy17dot_thread_kernelINS_3lns8lns12_r6ELNS_8bitwidth12compute_kindE1ELNS4_14storage_layoutE0ELi1ELNS0_12decoder_kindE9ELNS0_13multiply_kindE1EEEvNS0_12storage_viewIT_XT1_EEESB_mNS0_12table_bundleIXT0_EEEPNS4_14compute_traitsIXT0_EE4typeE
    0 bytes stack frame, 0 bytes spill stores, 0 bytes spill loads
ptxas info    : Used 24 registers, used 1 barriers
ptxas info    : Compile time = 5.435 ms
ptxas info    : Compiling entry function '_ZN3aut12lns_strategy23gemv_cooperative_kernelINS_3lns8lns12_r6ELNS_8bitwidth12compute_kindE1ELNS0_12decoder_kindE9ELNS0_13multiply_kindE0EEEvPKjS9_mmNS0_12table_bundleIXT0_EEEPNS4_14compute_traitsIXT0_EE4typeE' for 'sm_90'
ptxas info    : Function properties for _ZN3aut12lns_strategy23gemv_cooperative_kernelINS_3lns8lns12_r6ELNS_8bitwidth12compute_kindE1ELNS0_12decoder_kindE9ELNS0_13multiply_kindE0EEEvPKjS9_mmNS0_12table_bundleIXT0_EEEPNS4_14compute_traitsIXT0_EE4typeE
    0 bytes stack frame, 0 bytes spill stores, 0 bytes spill loads
ptxas info    : Used 30 registers, used 1 barriers
ptxas info    : Compile time = 7.461 ms
ptxas info    : Compiling entry function '_ZN3aut12lns_strategy22dot_cooperative_kernelINS_3lns8lns12_r6ELNS_8bitwidth12compute_kindE1ELNS0_12decoder_kindE9ELNS0_13multiply_kindE0EEEvPKjS9_mNS0_12table_bundleIXT0_EEEPNS4_14compute_traitsIXT0_EE4typeE' for 'sm_90'
ptxas info    : Function properties for _ZN3aut12lns_strategy22dot_cooperative_kernelINS_3lns8lns12_r6ELNS_8bitwidth12compute_kindE1ELNS0_12decoder_kindE9ELNS0_13multiply_kindE0EEEvPKjS9_mNS0_12table_bundleIXT0_EEEPNS4_14compute_traitsIXT0_EE4typeE
    0 bytes stack frame, 0 bytes spill stores, 0 bytes spill loads
ptxas info    : Used 27 registers, used 1 barriers
ptxas info    : Compile time = 7.271 ms
ptxas info    : Compiling entry function '_ZN3aut12lns_strategy18gemv_thread_kernelINS_3lns8lns12_r6ELNS_8bitwidth12compute_kindE1ELNS4_14storage_layoutE1ELi8ELNS0_12decoder_kindE9ELNS0_13multiply_kindE0EEEvNS0_12storage_viewIT_XT1_EEESB_mmNS0_12table_bundleIXT0_EEEPNS4_14compute_traitsIXT0_EE4typeE' for 'sm_90'
ptxas info    : Function properties for _ZN3aut12lns_strategy18gemv_thread_kernelINS_3lns8lns12_r6ELNS_8bitwidth12compute_kindE1ELNS4_14storage_layoutE1ELi8ELNS0_12decoder_kindE9ELNS0_13multiply_kindE0EEEvNS0_12storage_viewIT_XT1_EEESB_mmNS0_12table_bundleIXT0_EEEPNS4_14compute_traitsIXT0_EE4typeE
    0 bytes stack frame, 0 bytes spill stores, 0 bytes spill loads
ptxas info    : Used 35 registers, used 1 barriers
ptxas info    : Compile time = 23.156 ms
ptxas info    : Compiling entry function '_ZN3aut12lns_strategy17dot_thread_kernelINS_3lns8lns12_r6ELNS_8bitwidth12compute_kindE1ELNS4_14storage_layoutE1ELi8ELNS0_12decoder_kindE9ELNS0_13multiply_kindE0EEEvNS0_12storage_viewIT_XT1_EEESB_mNS0_12table_bundleIXT0_EEEPNS4_14compute_traitsIXT0_EE4typeE' for 'sm_90'
ptxas info    : Function properties for _ZN3aut12lns_strategy17dot_thread_kernelINS_3lns8lns12_r6ELNS_8bitwidth12compute_kindE1ELNS4_14storage_layoutE1ELi8ELNS0_12decoder_kindE9ELNS0_13multiply_kindE0EEEvNS0_12storage_viewIT_XT1_EEESB_mNS0_12table_bundleIXT0_EEEPNS4_14compute_traitsIXT0_EE4typeE
    0 bytes stack frame, 0 bytes spill stores, 0 bytes spill loads
ptxas info    : Used 37 registers, used 1 barriers
ptxas info    : Compile time = 23.128 ms
ptxas info    : Compiling entry function '_ZN3aut12lns_strategy18gemv_thread_kernelINS_3lns8lns12_r6ELNS_8bitwidth12compute_kindE1ELNS4_14storage_layoutE1ELi4ELNS0_12decoder_kindE9ELNS0_13multiply_kindE0EEEvNS0_12storage_viewIT_XT1_EEESB_mmNS0_12table_bundleIXT0_EEEPNS4_14compute_traitsIXT0_EE4typeE' for 'sm_90'
ptxas info    : Function properties for _ZN3aut12lns_strategy18gemv_thread_kernelINS_3lns8lns12_r6ELNS_8bitwidth12compute_kindE1ELNS4_14storage_layoutE1ELi4ELNS0_12decoder_kindE9ELNS0_13multiply_kindE0EEEvNS0_12storage_viewIT_XT1_EEESB_mmNS0_12table_bundleIXT0_EEEPNS4_14compute_traitsIXT0_EE4typeE
    0 bytes stack frame, 0 bytes spill stores, 0 bytes spill loads
ptxas info    : Used 29 registers, used 1 barriers
ptxas info    : Compile time = 12.825 ms
ptxas info    : Compiling entry function '_ZN3aut12lns_strategy17dot_thread_kernelINS_3lns8lns12_r6ELNS_8bitwidth12compute_kindE1ELNS4_14storage_layoutE1ELi4ELNS0_12decoder_kindE9ELNS0_13multiply_kindE0EEEvNS0_12storage_viewIT_XT1_EEESB_mNS0_12table_bundleIXT0_EEEPNS4_14compute_traitsIXT0_EE4typeE' for 'sm_90'
ptxas info    : Function properties for _ZN3aut12lns_strategy17dot_thread_kernelINS_3lns8lns12_r6ELNS_8bitwidth12compute_kindE1ELNS4_14storage_layoutE1ELi4ELNS0_12decoder_kindE9ELNS0_13multiply_kindE0EEEvNS0_12storage_viewIT_XT1_EEESB_mNS0_12table_bundleIXT0_EEEPNS4_14compute_traitsIXT0_EE4typeE
    0 bytes stack frame, 0 bytes spill stores, 0 bytes spill loads
ptxas info    : Used 28 registers, used 1 barriers
ptxas info    : Compile time = 12.919 ms
ptxas info    : Compiling entry function '_ZN3aut12lns_strategy18gemv_thread_kernelINS_3lns8lns12_r6ELNS_8bitwidth12compute_kindE1ELNS4_14storage_layoutE1ELi2ELNS0_12decoder_kindE9ELNS0_13multiply_kindE0EEEvNS0_12storage_viewIT_XT1_EEESB_mmNS0_12table_bundleIXT0_EEEPNS4_14compute_traitsIXT0_EE4typeE' for 'sm_90'
ptxas info    : Function properties for _ZN3aut12lns_strategy18gemv_thread_kernelINS_3lns8lns12_r6ELNS_8bitwidth12compute_kindE1ELNS4_14storage_layoutE1ELi2ELNS0_12decoder_kindE9ELNS0_13multiply_kindE0EEEvNS0_12storage_viewIT_XT1_EEESB_mmNS0_12table_bundleIXT0_EEEPNS4_14compute_traitsIXT0_EE4typeE
    0 bytes stack frame, 0 bytes spill stores, 0 bytes spill loads
ptxas info    : Used 25 registers, used 1 barriers
ptxas info    : Compile time = 8.146 ms
ptxas info    : Compiling entry function '_ZN3aut12lns_strategy17dot_thread_kernelINS_3lns8lns12_r6ELNS_8bitwidth12compute_kindE1ELNS4_14storage_layoutE1ELi2ELNS0_12decoder_kindE9ELNS0_13multiply_kindE0EEEvNS0_12storage_viewIT_XT1_EEESB_mNS0_12table_bundleIXT0_EEEPNS4_14compute_traitsIXT0_EE4typeE' for 'sm_90'
ptxas info    : Function properties for _ZN3aut12lns_strategy17dot_thread_kernelINS_3lns8lns12_r6ELNS_8bitwidth12compute_kindE1ELNS4_14storage_layoutE1ELi2ELNS0_12decoder_kindE9ELNS0_13multiply_kindE0EEEvNS0_12storage_viewIT_XT1_EEESB_mNS0_12table_bundleIXT0_EEEPNS4_14compute_traitsIXT0_EE4typeE
    0 bytes stack frame, 0 bytes spill stores, 0 bytes spill loads
ptxas info    : Used 27 registers, used 1 barriers
ptxas info    : Compile time = 8.344 ms
ptxas info    : Compiling entry function '_ZN3aut12lns_strategy18gemv_thread_kernelINS_3lns8lns12_r6ELNS_8bitwidth12compute_kindE1ELNS4_14storage_layoutE0ELi8ELNS0_12decoder_kindE9ELNS0_13multiply_kindE0EEEvNS0_12storage_viewIT_XT1_EEESB_mmNS0_12table_bundleIXT0_EEEPNS4_14compute_traitsIXT0_EE4typeE' for 'sm_90'
ptxas info    : Function properties for _ZN3aut12lns_strategy18gemv_thread_kernelINS_3lns8lns12_r6ELNS_8bitwidth12compute_kindE1ELNS4_14storage_layoutE0ELi8ELNS0_12decoder_kindE9ELNS0_13multiply_kindE0EEEvNS0_12storage_viewIT_XT1_EEESB_mmNS0_12table_bundleIXT0_EEEPNS4_14compute_traitsIXT0_EE4typeE
    0 bytes stack frame, 0 bytes spill stores, 0 bytes spill loads
ptxas info    : Used 40 registers, used 1 barriers
ptxas info    : Compile time = 27.375 ms
ptxas info    : Compiling entry function '_ZN3aut12lns_strategy17dot_thread_kernelINS_3lns8lns12_r6ELNS_8bitwidth12compute_kindE1ELNS4_14storage_layoutE0ELi8ELNS0_12decoder_kindE9ELNS0_13multiply_kindE0EEEvNS0_12storage_viewIT_XT1_EEESB_mNS0_12table_bundleIXT0_EEEPNS4_14compute_traitsIXT0_EE4typeE' for 'sm_90'
ptxas info    : Function properties for _ZN3aut12lns_strategy17dot_thread_kernelINS_3lns8lns12_r6ELNS_8bitwidth12compute_kindE1ELNS4_14storage_layoutE0ELi8ELNS0_12decoder_kindE9ELNS0_13multiply_kindE0EEEvNS0_12storage_viewIT_XT1_EEESB_mNS0_12table_bundleIXT0_EEEPNS4_14compute_traitsIXT0_EE4typeE
    0 bytes stack frame, 0 bytes spill stores, 0 bytes spill loads
ptxas info    : Used 40 registers, used 1 barriers
ptxas info    : Compile time = 24.770 ms
ptxas info    : Compiling entry function '_ZN3aut12lns_strategy18gemv_thread_kernelINS_3lns8lns12_r6ELNS_8bitwidth12compute_kindE1ELNS4_14storage_layoutE0ELi4ELNS0_12decoder_kindE9ELNS0_13multiply_kindE0EEEvNS0_12storage_viewIT_XT1_EEESB_mmNS0_12table_bundleIXT0_EEEPNS4_14compute_traitsIXT0_EE4typeE' for 'sm_90'
ptxas info    : Function properties for _ZN3aut12lns_strategy18gemv_thread_kernelINS_3lns8lns12_r6ELNS_8bitwidth12compute_kindE1ELNS4_14storage_layoutE0ELi4ELNS0_12decoder_kindE9ELNS0_13multiply_kindE0EEEvNS0_12storage_viewIT_XT1_EEESB_mmNS0_12table_bundleIXT0_EEEPNS4_14compute_traitsIXT0_EE4typeE
    0 bytes stack frame, 0 bytes spill stores, 0 bytes spill loads
ptxas info    : Used 40 registers, used 1 barriers
ptxas info    : Compile time = 15.474 ms
ptxas info    : Compiling entry function '_ZN3aut12lns_strategy17dot_thread_kernelINS_3lns8lns12_r6ELNS_8bitwidth12compute_kindE1ELNS4_14storage_layoutE0ELi4ELNS0_12decoder_kindE9ELNS0_13multiply_kindE0EEEvNS0_12storage_viewIT_XT1_EEESB_mNS0_12table_bundleIXT0_EEEPNS4_14compute_traitsIXT0_EE4typeE' for 'sm_90'
ptxas info    : Function properties for _ZN3aut12lns_strategy17dot_thread_kernelINS_3lns8lns12_r6ELNS_8bitwidth12compute_kindE1ELNS4_14storage_layoutE0ELi4ELNS0_12decoder_kindE9ELNS0_13multiply_kindE0EEEvNS0_12storage_viewIT_XT1_EEESB_mNS0_12table_bundleIXT0_EEEPNS4_14compute_traitsIXT0_EE4typeE
    0 bytes stack frame, 0 bytes spill stores, 0 bytes spill loads
ptxas info    : Used 40 registers, used 1 barriers
ptxas info    : Compile time = 15.156 ms
ptxas info    : Compiling entry function '_ZN3aut12lns_strategy18gemv_thread_kernelINS_3lns8lns12_r6ELNS_8bitwidth12compute_kindE1ELNS4_14storage_layoutE0ELi2ELNS0_12decoder_kindE9ELNS0_13multiply_kindE0EEEvNS0_12storage_viewIT_XT1_EEESB_mmNS0_12table_bundleIXT0_EEEPNS4_14compute_traitsIXT0_EE4typeE' for 'sm_90'
ptxas info    : Function properties for _ZN3aut12lns_strategy18gemv_thread_kernelINS_3lns8lns12_r6ELNS_8bitwidth12compute_kindE1ELNS4_14storage_layoutE0ELi2ELNS0_12decoder_kindE9ELNS0_13multiply_kindE0EEEvNS0_12storage_viewIT_XT1_EEESB_mmNS0_12table_bundleIXT0_EEEPNS4_14compute_traitsIXT0_EE4typeE
    0 bytes stack frame, 0 bytes spill stores, 0 bytes spill loads
ptxas info    : Used 31 registers, used 1 barriers
ptxas info    : Compile time = 9.183 ms
ptxas info    : Compiling entry function '_ZN3aut12lns_strategy17dot_thread_kernelINS_3lns8lns12_r6ELNS_8bitwidth12compute_kindE1ELNS4_14storage_layoutE0ELi2ELNS0_12decoder_kindE9ELNS0_13multiply_kindE0EEEvNS0_12storage_viewIT_XT1_EEESB_mNS0_12table_bundleIXT0_EEEPNS4_14compute_traitsIXT0_EE4typeE' for 'sm_90'
ptxas info    : Function properties for _ZN3aut12lns_strategy17dot_thread_kernelINS_3lns8lns12_r6ELNS_8bitwidth12compute_kindE1ELNS4_14storage_layoutE0ELi2ELNS0_12decoder_kindE9ELNS0_13multiply_kindE0EEEvNS0_12storage_viewIT_XT1_EEESB_mNS0_12table_bundleIXT0_EEEPNS4_14compute_traitsIXT0_EE4typeE
    0 bytes stack frame, 0 bytes spill stores, 0 bytes spill loads
ptxas info    : Used 32 registers, used 1 barriers
ptxas info    : Compile time = 9.082 ms
ptxas info    : Compiling entry function '_ZN3aut12lns_strategy18gemv_thread_kernelINS_3lns8lns12_r6ELNS_8bitwidth12compute_kindE1ELNS4_14storage_layoutE1ELi1ELNS0_12decoder_kindE9ELNS0_13multiply_kindE0EEEvNS0_12storage_viewIT_XT1_EEESB_mmNS0_12table_bundleIXT0_EEEPNS4_14compute_traitsIXT0_EE4typeE' for 'sm_90'
ptxas info    : Function properties for _ZN3aut12lns_strategy18gemv_thread_kernelINS_3lns8lns12_r6ELNS_8bitwidth12compute_kindE1ELNS4_14storage_layoutE1ELi1ELNS0_12decoder_kindE9ELNS0_13multiply_kindE0EEEvNS0_12storage_viewIT_XT1_EEESB_mmNS0_12table_bundleIXT0_EEEPNS4_14compute_traitsIXT0_EE4typeE
    0 bytes stack frame, 0 bytes spill stores, 0 bytes spill loads
ptxas info    : Used 21 registers, used 1 barriers
ptxas info    : Compile time = 5.737 ms
ptxas info    : Compiling entry function '_ZN3aut12lns_strategy17dot_thread_kernelINS_3lns8lns12_r6ELNS_8bitwidth12compute_kindE1ELNS4_14storage_layoutE1ELi1ELNS0_12decoder_kindE9ELNS0_13multiply_kindE0EEEvNS0_12storage_viewIT_XT1_EEESB_mNS0_12table_bundleIXT0_EEEPNS4_14compute_traitsIXT0_EE4typeE' for 'sm_90'
ptxas info    : Function properties for _ZN3aut12lns_strategy17dot_thread_kernelINS_3lns8lns12_r6ELNS_8bitwidth12compute_kindE1ELNS4_14storage_layoutE1ELi1ELNS0_12decoder_kindE9ELNS0_13multiply_kindE0EEEvNS0_12storage_viewIT_XT1_EEESB_mNS0_12table_bundleIXT0_EEEPNS4_14compute_traitsIXT0_EE4typeE
    0 bytes stack frame, 0 bytes spill stores, 0 bytes spill loads
ptxas info    : Used 23 registers, used 1 barriers
ptxas info    : Compile time = 5.584 ms
ptxas info    : Compiling entry function '_ZN3aut12lns_strategy18gemv_thread_kernelINS_3lns8lns12_r6ELNS_8bitwidth12compute_kindE1ELNS4_14storage_layoutE0ELi1ELNS0_12decoder_kindE9ELNS0_13multiply_kindE0EEEvNS0_12storage_viewIT_XT1_EEESB_mmNS0_12table_bundleIXT0_EEEPNS4_14compute_traitsIXT0_EE4typeE' for 'sm_90'
ptxas info    : Function properties for _ZN3aut12lns_strategy18gemv_thread_kernelINS_3lns8lns12_r6ELNS_8bitwidth12compute_kindE1ELNS4_14storage_layoutE0ELi1ELNS0_12decoder_kindE9ELNS0_13multiply_kindE0EEEvNS0_12storage_viewIT_XT1_EEESB_mmNS0_12table_bundleIXT0_EEEPNS4_14compute_traitsIXT0_EE4typeE
    0 bytes stack frame, 0 bytes spill stores, 0 bytes spill loads
ptxas info    : Used 23 registers, used 1 barriers
ptxas info    : Compile time = 6.198 ms
ptxas info    : Compiling entry function '_ZN3aut12lns_strategy17dot_thread_kernelINS_3lns8lns12_r6ELNS_8bitwidth12compute_kindE1ELNS4_14storage_layoutE0ELi1ELNS0_12decoder_kindE9ELNS0_13multiply_kindE0EEEvNS0_12storage_viewIT_XT1_EEESB_mNS0_12table_bundleIXT0_EEEPNS4_14compute_traitsIXT0_EE4typeE' for 'sm_90'
ptxas info    : Function properties for _ZN3aut12lns_strategy17dot_thread_kernelINS_3lns8lns12_r6ELNS_8bitwidth12compute_kindE1ELNS4_14storage_layoutE0ELi1ELNS0_12decoder_kindE9ELNS0_13multiply_kindE0EEEvNS0_12storage_viewIT_XT1_EEESB_mNS0_12table_bundleIXT0_EEEPNS4_14compute_traitsIXT0_EE4typeE
    0 bytes stack frame, 0 bytes spill stores, 0 bytes spill loads
ptxas info    : Used 25 registers, used 1 barriers
ptxas info    : Compile time = 5.931 ms
ptxas info    : Compiling entry function '_ZN3aut12lns_strategy23gemv_cooperative_kernelINS_3lns8lns12_r6ELNS_8bitwidth12compute_kindE1ELNS0_12decoder_kindE8ELNS0_13multiply_kindE1EEEvPKjS9_mmNS0_12table_bundleIXT0_EEEPNS4_14compute_traitsIXT0_EE4typeE' for 'sm_90'
ptxas info    : Function properties for _ZN3aut12lns_strategy23gemv_cooperative_kernelINS_3lns8lns12_r6ELNS_8bitwidth12compute_kindE1ELNS0_12decoder_kindE8ELNS0_13multiply_kindE1EEEvPKjS9_mmNS0_12table_bundleIXT0_EEEPNS4_14compute_traitsIXT0_EE4typeE
    0 bytes stack frame, 0 bytes spill stores, 0 bytes spill loads
ptxas info    : Used 30 registers, used 1 barriers
ptxas info    : Compile time = 6.950 ms
ptxas info    : Compiling entry function '_ZN3aut12lns_strategy22dot_cooperative_kernelINS_3lns8lns12_r6ELNS_8bitwidth12compute_kindE1ELNS0_12decoder_kindE8ELNS0_13multiply_kindE1EEEvPKjS9_mNS0_12table_bundleIXT0_EEEPNS4_14compute_traitsIXT0_EE4typeE' for 'sm_90'
ptxas info    : Function properties for _ZN3aut12lns_strategy22dot_cooperative_kernelINS_3lns8lns12_r6ELNS_8bitwidth12compute_kindE1ELNS0_12decoder_kindE8ELNS0_13multiply_kindE1EEEvPKjS9_mNS0_12table_bundleIXT0_EEEPNS4_14compute_traitsIXT0_EE4typeE
    0 bytes stack frame, 0 bytes spill stores, 0 bytes spill loads
ptxas info    : Used 28 registers, used 1 barriers
ptxas info    : Compile time = 6.792 ms
ptxas info    : Compiling entry function '_ZN3aut12lns_strategy18gemv_thread_kernelINS_3lns8lns12_r6ELNS_8bitwidth12compute_kindE1ELNS4_14storage_layoutE1ELi8ELNS0_12decoder_kindE8ELNS0_13multiply_kindE1EEEvNS0_12storage_viewIT_XT1_EEESB_mmNS0_12table_bundleIXT0_EEEPNS4_14compute_traitsIXT0_EE4typeE' for 'sm_90'
ptxas info    : Function properties for _ZN3aut12lns_strategy18gemv_thread_kernelINS_3lns8lns12_r6ELNS_8bitwidth12compute_kindE1ELNS4_14storage_layoutE1ELi8ELNS0_12decoder_kindE8ELNS0_13multiply_kindE1EEEvNS0_12storage_viewIT_XT1_EEESB_mmNS0_12table_bundleIXT0_EEEPNS4_14compute_traitsIXT0_EE4typeE
    0 bytes stack frame, 0 bytes spill stores, 0 bytes spill loads
ptxas info    : Used 32 registers, used 1 barriers
ptxas info    : Compile time = 18.158 ms
ptxas info    : Compiling entry function '_ZN3aut12lns_strategy17dot_thread_kernelINS_3lns8lns12_r6ELNS_8bitwidth12compute_kindE1ELNS4_14storage_layoutE1ELi8ELNS0_12decoder_kindE8ELNS0_13multiply_kindE1EEEvNS0_12storage_viewIT_XT1_EEESB_mNS0_12table_bundleIXT0_EEEPNS4_14compute_traitsIXT0_EE4typeE' for 'sm_90'
ptxas info    : Function properties for _ZN3aut12lns_strategy17dot_thread_kernelINS_3lns8lns12_r6ELNS_8bitwidth12compute_kindE1ELNS4_14storage_layoutE1ELi8ELNS0_12decoder_kindE8ELNS0_13multiply_kindE1EEEvNS0_12storage_viewIT_XT1_EEESB_mNS0_12table_bundleIXT0_EEEPNS4_14compute_traitsIXT0_EE4typeE
    0 bytes stack frame, 0 bytes spill stores, 0 bytes spill loads
ptxas info    : Used 35 registers, used 1 barriers
ptxas info    : Compile time = 18.360 ms
ptxas info    : Compiling entry function '_ZN3aut12lns_strategy18gemv_thread_kernelINS_3lns8lns12_r6ELNS_8bitwidth12compute_kindE1ELNS4_14storage_layoutE1ELi4ELNS0_12decoder_kindE8ELNS0_13multiply_kindE1EEEvNS0_12storage_viewIT_XT1_EEESB_mmNS0_12table_bundleIXT0_EEEPNS4_14compute_traitsIXT0_EE4typeE' for 'sm_90'
ptxas info    : Function properties for _ZN3aut12lns_strategy18gemv_thread_kernelINS_3lns8lns12_r6ELNS_8bitwidth12compute_kindE1ELNS4_14storage_layoutE1ELi4ELNS0_12decoder_kindE8ELNS0_13multiply_kindE1EEEvNS0_12storage_viewIT_XT1_EEESB_mmNS0_12table_bundleIXT0_EEEPNS4_14compute_traitsIXT0_EE4typeE
    0 bytes stack frame, 0 bytes spill stores, 0 bytes spill loads
ptxas info    : Used 26 registers, used 1 barriers
ptxas info    : Compile time = 10.703 ms
ptxas info    : Compiling entry function '_ZN3aut12lns_strategy17dot_thread_kernelINS_3lns8lns12_r6ELNS_8bitwidth12compute_kindE1ELNS4_14storage_layoutE1ELi4ELNS0_12decoder_kindE8ELNS0_13multiply_kindE1EEEvNS0_12storage_viewIT_XT1_EEESB_mNS0_12table_bundleIXT0_EEEPNS4_14compute_traitsIXT0_EE4typeE' for 'sm_90'
ptxas info    : Function properties for _ZN3aut12lns_strategy17dot_thread_kernelINS_3lns8lns12_r6ELNS_8bitwidth12compute_kindE1ELNS4_14storage_layoutE1ELi4ELNS0_12decoder_kindE8ELNS0_13multiply_kindE1EEEvNS0_12storage_viewIT_XT1_EEESB_mNS0_12table_bundleIXT0_EEEPNS4_14compute_traitsIXT0_EE4typeE
    0 bytes stack frame, 0 bytes spill stores, 0 bytes spill loads
ptxas info    : Used 31 registers, used 1 barriers
ptxas info    : Compile time = 10.763 ms
ptxas info    : Compiling entry function '_ZN3aut12lns_strategy18gemv_thread_kernelINS_3lns8lns12_r6ELNS_8bitwidth12compute_kindE1ELNS4_14storage_layoutE1ELi2ELNS0_12decoder_kindE8ELNS0_13multiply_kindE1EEEvNS0_12storage_viewIT_XT1_EEESB_mmNS0_12table_bundleIXT0_EEEPNS4_14compute_traitsIXT0_EE4typeE' for 'sm_90'
ptxas info    : Function properties for _ZN3aut12lns_strategy18gemv_thread_kernelINS_3lns8lns12_r6ELNS_8bitwidth12compute_kindE1ELNS4_14storage_layoutE1ELi2ELNS0_12decoder_kindE8ELNS0_13multiply_kindE1EEEvNS0_12storage_viewIT_XT1_EEESB_mmNS0_12table_bundleIXT0_EEEPNS4_14compute_traitsIXT0_EE4typeE
    0 bytes stack frame, 0 bytes spill stores, 0 bytes spill loads
ptxas info    : Used 22 registers, used 1 barriers
ptxas info    : Compile time = 7.179 ms
ptxas info    : Compiling entry function '_ZN3aut12lns_strategy17dot_thread_kernelINS_3lns8lns12_r6ELNS_8bitwidth12compute_kindE1ELNS4_14storage_layoutE1ELi2ELNS0_12decoder_kindE8ELNS0_13multiply_kindE1EEEvNS0_12storage_viewIT_XT1_EEESB_mNS0_12table_bundleIXT0_EEEPNS4_14compute_traitsIXT0_EE4typeE' for 'sm_90'
ptxas info    : Function properties for _ZN3aut12lns_strategy17dot_thread_kernelINS_3lns8lns12_r6ELNS_8bitwidth12compute_kindE1ELNS4_14storage_layoutE1ELi2ELNS0_12decoder_kindE8ELNS0_13multiply_kindE1EEEvNS0_12storage_viewIT_XT1_EEESB_mNS0_12table_bundleIXT0_EEEPNS4_14compute_traitsIXT0_EE4typeE
    0 bytes stack frame, 0 bytes spill stores, 0 bytes spill loads
ptxas info    : Used 28 registers, used 1 barriers
ptxas info    : Compile time = 7.219 ms
ptxas info    : Compiling entry function '_ZN3aut12lns_strategy18gemv_thread_kernelINS_3lns8lns12_r6ELNS_8bitwidth12compute_kindE1ELNS4_14storage_layoutE0ELi8ELNS0_12decoder_kindE8ELNS0_13multiply_kindE1EEEvNS0_12storage_viewIT_XT1_EEESB_mmNS0_12table_bundleIXT0_EEEPNS4_14compute_traitsIXT0_EE4typeE' for 'sm_90'
ptxas info    : Function properties for _ZN3aut12lns_strategy18gemv_thread_kernelINS_3lns8lns12_r6ELNS_8bitwidth12compute_kindE1ELNS4_14storage_layoutE0ELi8ELNS0_12decoder_kindE8ELNS0_13multiply_kindE1EEEvNS0_12storage_viewIT_XT1_EEESB_mmNS0_12table_bundleIXT0_EEEPNS4_14compute_traitsIXT0_EE4typeE
    0 bytes stack frame, 0 bytes spill stores, 0 bytes spill loads
ptxas info    : Used 40 registers, used 1 barriers
ptxas info    : Compile time = 21.770 ms
ptxas info    : Compiling entry function '_ZN3aut12lns_strategy17dot_thread_kernelINS_3lns8lns12_r6ELNS_8bitwidth12compute_kindE1ELNS4_14storage_layoutE0ELi8ELNS0_12decoder_kindE8ELNS0_13multiply_kindE1EEEvNS0_12storage_viewIT_XT1_EEESB_mNS0_12table_bundleIXT0_EEEPNS4_14compute_traitsIXT0_EE4typeE' for 'sm_90'
ptxas info    : Function properties for _ZN3aut12lns_strategy17dot_thread_kernelINS_3lns8lns12_r6ELNS_8bitwidth12compute_kindE1ELNS4_14storage_layoutE0ELi8ELNS0_12decoder_kindE8ELNS0_13multiply_kindE1EEEvNS0_12storage_viewIT_XT1_EEESB_mNS0_12table_bundleIXT0_EEEPNS4_14compute_traitsIXT0_EE4typeE
    0 bytes stack frame, 0 bytes spill stores, 0 bytes spill loads
ptxas info    : Used 40 registers, used 1 barriers
ptxas info    : Compile time = 19.892 ms
ptxas info    : Compiling entry function '_ZN3aut12lns_strategy18gemv_thread_kernelINS_3lns8lns12_r6ELNS_8bitwidth12compute_kindE1ELNS4_14storage_layoutE0ELi4ELNS0_12decoder_kindE8ELNS0_13multiply_kindE1EEEvNS0_12storage_viewIT_XT1_EEESB_mmNS0_12table_bundleIXT0_EEEPNS4_14compute_traitsIXT0_EE4typeE' for 'sm_90'
ptxas info    : Function properties for _ZN3aut12lns_strategy18gemv_thread_kernelINS_3lns8lns12_r6ELNS_8bitwidth12compute_kindE1ELNS4_14storage_layoutE0ELi4ELNS0_12decoder_kindE8ELNS0_13multiply_kindE1EEEvNS0_12storage_viewIT_XT1_EEESB_mmNS0_12table_bundleIXT0_EEEPNS4_14compute_traitsIXT0_EE4typeE
    0 bytes stack frame, 0 bytes spill stores, 0 bytes spill loads
ptxas info    : Used 40 registers, used 1 barriers
ptxas info    : Compile time = 13.290 ms
ptxas info    : Compiling entry function '_ZN3aut12lns_strategy17dot_thread_kernelINS_3lns8lns12_r6ELNS_8bitwidth12compute_kindE1ELNS4_14storage_layoutE0ELi4ELNS0_12decoder_kindE8ELNS0_13multiply_kindE1EEEvNS0_12storage_viewIT_XT1_EEESB_mNS0_12table_bundleIXT0_EEEPNS4_14compute_traitsIXT0_EE4typeE' for 'sm_90'
ptxas info    : Function properties for _ZN3aut12lns_strategy17dot_thread_kernelINS_3lns8lns12_r6ELNS_8bitwidth12compute_kindE1ELNS4_14storage_layoutE0ELi4ELNS0_12decoder_kindE8ELNS0_13multiply_kindE1EEEvNS0_12storage_viewIT_XT1_EEESB_mNS0_12table_bundleIXT0_EEEPNS4_14compute_traitsIXT0_EE4typeE
    0 bytes stack frame, 0 bytes spill stores, 0 bytes spill loads
ptxas info    : Used 40 registers, used 1 barriers
ptxas info    : Compile time = 13.033 ms
ptxas info    : Compiling entry function '_ZN3aut12lns_strategy18gemv_thread_kernelINS_3lns8lns12_r6ELNS_8bitwidth12compute_kindE1ELNS4_14storage_layoutE0ELi2ELNS0_12decoder_kindE8ELNS0_13multiply_kindE1EEEvNS0_12storage_viewIT_XT1_EEESB_mmNS0_12table_bundleIXT0_EEEPNS4_14compute_traitsIXT0_EE4typeE' for 'sm_90'
ptxas info    : Function properties for _ZN3aut12lns_strategy18gemv_thread_kernelINS_3lns8lns12_r6ELNS_8bitwidth12compute_kindE1ELNS4_14storage_layoutE0ELi2ELNS0_12decoder_kindE8ELNS0_13multiply_kindE1EEEvNS0_12storage_viewIT_XT1_EEESB_mmNS0_12table_bundleIXT0_EEEPNS4_14compute_traitsIXT0_EE4typeE
    0 bytes stack frame, 0 bytes spill stores, 0 bytes spill loads
ptxas info    : Used 30 registers, used 1 barriers
ptxas info    : Compile time = 8.185 ms
ptxas info    : Compiling entry function '_ZN3aut12lns_strategy17dot_thread_kernelINS_3lns8lns12_r6ELNS_8bitwidth12compute_kindE1ELNS4_14storage_layoutE0ELi2ELNS0_12decoder_kindE8ELNS0_13multiply_kindE1EEEvNS0_12storage_viewIT_XT1_EEESB_mNS0_12table_bundleIXT0_EEEPNS4_14compute_traitsIXT0_EE4typeE' for 'sm_90'
ptxas info    : Function properties for _ZN3aut12lns_strategy17dot_thread_kernelINS_3lns8lns12_r6ELNS_8bitwidth12compute_kindE1ELNS4_14storage_layoutE0ELi2ELNS0_12decoder_kindE8ELNS0_13multiply_kindE1EEEvNS0_12storage_viewIT_XT1_EEESB_mNS0_12table_bundleIXT0_EEEPNS4_14compute_traitsIXT0_EE4typeE
    0 bytes stack frame, 0 bytes spill stores, 0 bytes spill loads
ptxas info    : Used 32 registers, used 1 barriers
ptxas info    : Compile time = 8.124 ms
ptxas info    : Compiling entry function '_ZN3aut12lns_strategy18gemv_thread_kernelINS_3lns8lns12_r6ELNS_8bitwidth12compute_kindE1ELNS4_14storage_layoutE1ELi1ELNS0_12decoder_kindE8ELNS0_13multiply_kindE1EEEvNS0_12storage_viewIT_XT1_EEESB_mmNS0_12table_bundleIXT0_EEEPNS4_14compute_traitsIXT0_EE4typeE' for 'sm_90'
ptxas info    : Function properties for _ZN3aut12lns_strategy18gemv_thread_kernelINS_3lns8lns12_r6ELNS_8bitwidth12compute_kindE1ELNS4_14storage_layoutE1ELi1ELNS0_12decoder_kindE8ELNS0_13multiply_kindE1EEEvNS0_12storage_viewIT_XT1_EEESB_mmNS0_12table_bundleIXT0_EEEPNS4_14compute_traitsIXT0_EE4typeE
    0 bytes stack frame, 0 bytes spill stores, 0 bytes spill loads
ptxas info    : Used 21 registers, used 1 barriers
ptxas info    : Compile time = 5.199 ms
ptxas info    : Compiling entry function '_ZN3aut12lns_strategy17dot_thread_kernelINS_3lns8lns12_r6ELNS_8bitwidth12compute_kindE1ELNS4_14storage_layoutE1ELi1ELNS0_12decoder_kindE8ELNS0_13multiply_kindE1EEEvNS0_12storage_viewIT_XT1_EEESB_mNS0_12table_bundleIXT0_EEEPNS4_14compute_traitsIXT0_EE4typeE' for 'sm_90'
ptxas info    : Function properties for _ZN3aut12lns_strategy17dot_thread_kernelINS_3lns8lns12_r6ELNS_8bitwidth12compute_kindE1ELNS4_14storage_layoutE1ELi1ELNS0_12decoder_kindE8ELNS0_13multiply_kindE1EEEvNS0_12storage_viewIT_XT1_EEESB_mNS0_12table_bundleIXT0_EEEPNS4_14compute_traitsIXT0_EE4typeE
    0 bytes stack frame, 0 bytes spill stores, 0 bytes spill loads
ptxas info    : Used 22 registers, used 1 barriers
ptxas info    : Compile time = 5.044 ms
ptxas info    : Compiling entry function '_ZN3aut12lns_strategy18gemv_thread_kernelINS_3lns8lns12_r6ELNS_8bitwidth12compute_kindE1ELNS4_14storage_layoutE0ELi1ELNS0_12decoder_kindE8ELNS0_13multiply_kindE1EEEvNS0_12storage_viewIT_XT1_EEESB_mmNS0_12table_bundleIXT0_EEEPNS4_14compute_traitsIXT0_EE4typeE' for 'sm_90'
ptxas info    : Function properties for _ZN3aut12lns_strategy18gemv_thread_kernelINS_3lns8lns12_r6ELNS_8bitwidth12compute_kindE1ELNS4_14storage_layoutE0ELi1ELNS0_12decoder_kindE8ELNS0_13multiply_kindE1EEEvNS0_12storage_viewIT_XT1_EEESB_mmNS0_12table_bundleIXT0_EEEPNS4_14compute_traitsIXT0_EE4typeE
    0 bytes stack frame, 0 bytes spill stores, 0 bytes spill loads
ptxas info    : Used 23 registers, used 1 barriers
ptxas info    : Compile time = 5.687 ms
ptxas info    : Compiling entry function '_ZN3aut12lns_strategy17dot_thread_kernelINS_3lns8lns12_r6ELNS_8bitwidth12compute_kindE1ELNS4_14storage_layoutE0ELi1ELNS0_12decoder_kindE8ELNS0_13multiply_kindE1EEEvNS0_12storage_viewIT_XT1_EEESB_mNS0_12table_bundleIXT0_EEEPNS4_14compute_traitsIXT0_EE4typeE' for 'sm_90'
ptxas info    : Function properties for _ZN3aut12lns_strategy17dot_thread_kernelINS_3lns8lns12_r6ELNS_8bitwidth12compute_kindE1ELNS4_14storage_layoutE0ELi1ELNS0_12decoder_kindE8ELNS0_13multiply_kindE1EEEvNS0_12storage_viewIT_XT1_EEESB_mNS0_12table_bundleIXT0_EEEPNS4_14compute_traitsIXT0_EE4typeE
    0 bytes stack frame, 0 bytes spill stores, 0 bytes spill loads
ptxas info    : Used 24 registers, used 1 barriers
ptxas info    : Compile time = 5.428 ms
ptxas info    : Compiling entry function '_ZN3aut12lns_strategy23gemv_cooperative_kernelINS_3lns8lns12_r6ELNS_8bitwidth12compute_kindE1ELNS0_12decoder_kindE8ELNS0_13multiply_kindE0EEEvPKjS9_mmNS0_12table_bundleIXT0_EEEPNS4_14compute_traitsIXT0_EE4typeE' for 'sm_90'
ptxas info    : Function properties for _ZN3aut12lns_strategy23gemv_cooperative_kernelINS_3lns8lns12_r6ELNS_8bitwidth12compute_kindE1ELNS0_12decoder_kindE8ELNS0_13multiply_kindE0EEEvPKjS9_mmNS0_12table_bundleIXT0_EEEPNS4_14compute_traitsIXT0_EE4typeE
    0 bytes stack frame, 0 bytes spill stores, 0 bytes spill loads
ptxas info    : Used 30 registers, used 1 barriers
ptxas info    : Compile time = 7.465 ms
ptxas info    : Compiling entry function '_ZN3aut12lns_strategy22dot_cooperative_kernelINS_3lns8lns12_r6ELNS_8bitwidth12compute_kindE1ELNS0_12decoder_kindE8ELNS0_13multiply_kindE0EEEvPKjS9_mNS0_12table_bundleIXT0_EEEPNS4_14compute_traitsIXT0_EE4typeE' for 'sm_90'
ptxas info    : Function properties for _ZN3aut12lns_strategy22dot_cooperative_kernelINS_3lns8lns12_r6ELNS_8bitwidth12compute_kindE1ELNS0_12decoder_kindE8ELNS0_13multiply_kindE0EEEvPKjS9_mNS0_12table_bundleIXT0_EEEPNS4_14compute_traitsIXT0_EE4typeE
    0 bytes stack frame, 0 bytes spill stores, 0 bytes spill loads
ptxas info    : Used 27 registers, used 1 barriers
ptxas info    : Compile time = 7.277 ms
ptxas info    : Compiling entry function '_ZN3aut12lns_strategy18gemv_thread_kernelINS_3lns8lns12_r6ELNS_8bitwidth12compute_kindE1ELNS4_14storage_layoutE1ELi8ELNS0_12decoder_kindE8ELNS0_13multiply_kindE0EEEvNS0_12storage_viewIT_XT1_EEESB_mmNS0_12table_bundleIXT0_EEEPNS4_14compute_traitsIXT0_EE4typeE' for 'sm_90'
ptxas info    : Function properties for _ZN3aut12lns_strategy18gemv_thread_kernelINS_3lns8lns12_r6ELNS_8bitwidth12compute_kindE1ELNS4_14storage_layoutE1ELi8ELNS0_12decoder_kindE8ELNS0_13multiply_kindE0EEEvNS0_12storage_viewIT_XT1_EEESB_mmNS0_12table_bundleIXT0_EEEPNS4_14compute_traitsIXT0_EE4typeE
    0 bytes stack frame, 0 bytes spill stores, 0 bytes spill loads
ptxas info    : Used 35 registers, used 1 barriers
ptxas info    : Compile time = 23.185 ms
ptxas info    : Compiling entry function '_ZN3aut12lns_strategy17dot_thread_kernelINS_3lns8lns12_r6ELNS_8bitwidth12compute_kindE1ELNS4_14storage_layoutE1ELi8ELNS0_12decoder_kindE8ELNS0_13multiply_kindE0EEEvNS0_12storage_viewIT_XT1_EEESB_mNS0_12table_bundleIXT0_EEEPNS4_14compute_traitsIXT0_EE4typeE' for 'sm_90'
ptxas info    : Function properties for _ZN3aut12lns_strategy17dot_thread_kernelINS_3lns8lns12_r6ELNS_8bitwidth12compute_kindE1ELNS4_14storage_layoutE1ELi8ELNS0_12decoder_kindE8ELNS0_13multiply_kindE0EEEvNS0_12storage_viewIT_XT1_EEESB_mNS0_12table_bundleIXT0_EEEPNS4_14compute_traitsIXT0_EE4typeE
    0 bytes stack frame, 0 bytes spill stores, 0 bytes spill loads
ptxas info    : Used 37 registers, used 1 barriers
ptxas info    : Compile time = 23.086 ms
ptxas info    : Compiling entry function '_ZN3aut12lns_strategy18gemv_thread_kernelINS_3lns8lns12_r6ELNS_8bitwidth12compute_kindE1ELNS4_14storage_layoutE1ELi4ELNS0_12decoder_kindE8ELNS0_13multiply_kindE0EEEvNS0_12storage_viewIT_XT1_EEESB_mmNS0_12table_bundleIXT0_EEEPNS4_14compute_traitsIXT0_EE4typeE' for 'sm_90'
ptxas info    : Function properties for _ZN3aut12lns_strategy18gemv_thread_kernelINS_3lns8lns12_r6ELNS_8bitwidth12compute_kindE1ELNS4_14storage_layoutE1ELi4ELNS0_12decoder_kindE8ELNS0_13multiply_kindE0EEEvNS0_12storage_viewIT_XT1_EEESB_mmNS0_12table_bundleIXT0_EEEPNS4_14compute_traitsIXT0_EE4typeE
    0 bytes stack frame, 0 bytes spill stores, 0 bytes spill loads
ptxas info    : Used 29 registers, used 1 barriers
ptxas info    : Compile time = 12.815 ms
ptxas info    : Compiling entry function '_ZN3aut12lns_strategy17dot_thread_kernelINS_3lns8lns12_r6ELNS_8bitwidth12compute_kindE1ELNS4_14storage_layoutE1ELi4ELNS0_12decoder_kindE8ELNS0_13multiply_kindE0EEEvNS0_12storage_viewIT_XT1_EEESB_mNS0_12table_bundleIXT0_EEEPNS4_14compute_traitsIXT0_EE4typeE' for 'sm_90'
ptxas info    : Function properties for _ZN3aut12lns_strategy17dot_thread_kernelINS_3lns8lns12_r6ELNS_8bitwidth12compute_kindE1ELNS4_14storage_layoutE1ELi4ELNS0_12decoder_kindE8ELNS0_13multiply_kindE0EEEvNS0_12storage_viewIT_XT1_EEESB_mNS0_12table_bundleIXT0_EEEPNS4_14compute_traitsIXT0_EE4typeE
    0 bytes stack frame, 0 bytes spill stores, 0 bytes spill loads
ptxas info    : Used 28 registers, used 1 barriers
ptxas info    : Compile time = 12.954 ms
ptxas info    : Compiling entry function '_ZN3aut12lns_strategy18gemv_thread_kernelINS_3lns8lns12_r6ELNS_8bitwidth12compute_kindE1ELNS4_14storage_layoutE1ELi2ELNS0_12decoder_kindE8ELNS0_13multiply_kindE0EEEvNS0_12storage_viewIT_XT1_EEESB_mmNS0_12table_bundleIXT0_EEEPNS4_14compute_traitsIXT0_EE4typeE' for 'sm_90'
ptxas info    : Function properties for _ZN3aut12lns_strategy18gemv_thread_kernelINS_3lns8lns12_r6ELNS_8bitwidth12compute_kindE1ELNS4_14storage_layoutE1ELi2ELNS0_12decoder_kindE8ELNS0_13multiply_kindE0EEEvNS0_12storage_viewIT_XT1_EEESB_mmNS0_12table_bundleIXT0_EEEPNS4_14compute_traitsIXT0_EE4typeE
    0 bytes stack frame, 0 bytes spill stores, 0 bytes spill loads
ptxas info    : Used 25 registers, used 1 barriers
ptxas info    : Compile time = 8.163 ms
ptxas info    : Compiling entry function '_ZN3aut12lns_strategy17dot_thread_kernelINS_3lns8lns12_r6ELNS_8bitwidth12compute_kindE1ELNS4_14storage_layoutE1ELi2ELNS0_12decoder_kindE8ELNS0_13multiply_kindE0EEEvNS0_12storage_viewIT_XT1_EEESB_mNS0_12table_bundleIXT0_EEEPNS4_14compute_traitsIXT0_EE4typeE' for 'sm_90'
ptxas info    : Function properties for _ZN3aut12lns_strategy17dot_thread_kernelINS_3lns8lns12_r6ELNS_8bitwidth12compute_kindE1ELNS4_14storage_layoutE1ELi2ELNS0_12decoder_kindE8ELNS0_13multiply_kindE0EEEvNS0_12storage_viewIT_XT1_EEESB_mNS0_12table_bundleIXT0_EEEPNS4_14compute_traitsIXT0_EE4typeE
    0 bytes stack frame, 0 bytes spill stores, 0 bytes spill loads
ptxas info    : Used 27 registers, used 1 barriers
ptxas info    : Compile time = 8.351 ms
ptxas info    : Compiling entry function '_ZN3aut12lns_strategy18gemv_thread_kernelINS_3lns8lns12_r6ELNS_8bitwidth12compute_kindE1ELNS4_14storage_layoutE0ELi8ELNS0_12decoder_kindE8ELNS0_13multiply_kindE0EEEvNS0_12storage_viewIT_XT1_EEESB_mmNS0_12table_bundleIXT0_EEEPNS4_14compute_traitsIXT0_EE4typeE' for 'sm_90'
ptxas info    : Function properties for _ZN3aut12lns_strategy18gemv_thread_kernelINS_3lns8lns12_r6ELNS_8bitwidth12compute_kindE1ELNS4_14storage_layoutE0ELi8ELNS0_12decoder_kindE8ELNS0_13multiply_kindE0EEEvNS0_12storage_viewIT_XT1_EEESB_mmNS0_12table_bundleIXT0_EEEPNS4_14compute_traitsIXT0_EE4typeE
    0 bytes stack frame, 0 bytes spill stores, 0 bytes spill loads
ptxas info    : Used 40 registers, used 1 barriers
ptxas info    : Compile time = 27.231 ms
ptxas info    : Compiling entry function '_ZN3aut12lns_strategy17dot_thread_kernelINS_3lns8lns12_r6ELNS_8bitwidth12compute_kindE1ELNS4_14storage_layoutE0ELi8ELNS0_12decoder_kindE8ELNS0_13multiply_kindE0EEEvNS0_12storage_viewIT_XT1_EEESB_mNS0_12table_bundleIXT0_EEEPNS4_14compute_traitsIXT0_EE4typeE' for 'sm_90'
ptxas info    : Function properties for _ZN3aut12lns_strategy17dot_thread_kernelINS_3lns8lns12_r6ELNS_8bitwidth12compute_kindE1ELNS4_14storage_layoutE0ELi8ELNS0_12decoder_kindE8ELNS0_13multiply_kindE0EEEvNS0_12storage_viewIT_XT1_EEESB_mNS0_12table_bundleIXT0_EEEPNS4_14compute_traitsIXT0_EE4typeE
    0 bytes stack frame, 0 bytes spill stores, 0 bytes spill loads
ptxas info    : Used 40 registers, used 1 barriers
ptxas info    : Compile time = 24.764 ms
ptxas info    : Compiling entry function '_ZN3aut12lns_strategy18gemv_thread_kernelINS_3lns8lns12_r6ELNS_8bitwidth12compute_kindE1ELNS4_14storage_layoutE0ELi4ELNS0_12decoder_kindE8ELNS0_13multiply_kindE0EEEvNS0_12storage_viewIT_XT1_EEESB_mmNS0_12table_bundleIXT0_EEEPNS4_14compute_traitsIXT0_EE4typeE' for 'sm_90'
ptxas info    : Function properties for _ZN3aut12lns_strategy18gemv_thread_kernelINS_3lns8lns12_r6ELNS_8bitwidth12compute_kindE1ELNS4_14storage_layoutE0ELi4ELNS0_12decoder_kindE8ELNS0_13multiply_kindE0EEEvNS0_12storage_viewIT_XT1_EEESB_mmNS0_12table_bundleIXT0_EEEPNS4_14compute_traitsIXT0_EE4typeE
    0 bytes stack frame, 0 bytes spill stores, 0 bytes spill loads
ptxas info    : Used 40 registers, used 1 barriers
ptxas info    : Compile time = 15.470 ms
ptxas info    : Compiling entry function '_ZN3aut12lns_strategy17dot_thread_kernelINS_3lns8lns12_r6ELNS_8bitwidth12compute_kindE1ELNS4_14storage_layoutE0ELi4ELNS0_12decoder_kindE8ELNS0_13multiply_kindE0EEEvNS0_12storage_viewIT_XT1_EEESB_mNS0_12table_bundleIXT0_EEEPNS4_14compute_traitsIXT0_EE4typeE' for 'sm_90'
ptxas info    : Function properties for _ZN3aut12lns_strategy17dot_thread_kernelINS_3lns8lns12_r6ELNS_8bitwidth12compute_kindE1ELNS4_14storage_layoutE0ELi4ELNS0_12decoder_kindE8ELNS0_13multiply_kindE0EEEvNS0_12storage_viewIT_XT1_EEESB_mNS0_12table_bundleIXT0_EEEPNS4_14compute_traitsIXT0_EE4typeE
    0 bytes stack frame, 0 bytes spill stores, 0 bytes spill loads
ptxas info    : Used 40 registers, used 1 barriers
ptxas info    : Compile time = 15.062 ms
ptxas info    : Compiling entry function '_ZN3aut12lns_strategy18gemv_thread_kernelINS_3lns8lns12_r6ELNS_8bitwidth12compute_kindE1ELNS4_14storage_layoutE0ELi2ELNS0_12decoder_kindE8ELNS0_13multiply_kindE0EEEvNS0_12storage_viewIT_XT1_EEESB_mmNS0_12table_bundleIXT0_EEEPNS4_14compute_traitsIXT0_EE4typeE' for 'sm_90'
ptxas info    : Function properties for _ZN3aut12lns_strategy18gemv_thread_kernelINS_3lns8lns12_r6ELNS_8bitwidth12compute_kindE1ELNS4_14storage_layoutE0ELi2ELNS0_12decoder_kindE8ELNS0_13multiply_kindE0EEEvNS0_12storage_viewIT_XT1_EEESB_mmNS0_12table_bundleIXT0_EEEPNS4_14compute_traitsIXT0_EE4typeE
    0 bytes stack frame, 0 bytes spill stores, 0 bytes spill loads
ptxas info    : Used 31 registers, used 1 barriers
ptxas info    : Compile time = 9.196 ms
ptxas info    : Compiling entry function '_ZN3aut12lns_strategy17dot_thread_kernelINS_3lns8lns12_r6ELNS_8bitwidth12compute_kindE1ELNS4_14storage_layoutE0ELi2ELNS0_12decoder_kindE8ELNS0_13multiply_kindE0EEEvNS0_12storage_viewIT_XT1_EEESB_mNS0_12table_bundleIXT0_EEEPNS4_14compute_traitsIXT0_EE4typeE' for 'sm_90'
ptxas info    : Function properties for _ZN3aut12lns_strategy17dot_thread_kernelINS_3lns8lns12_r6ELNS_8bitwidth12compute_kindE1ELNS4_14storage_layoutE0ELi2ELNS0_12decoder_kindE8ELNS0_13multiply_kindE0EEEvNS0_12storage_viewIT_XT1_EEESB_mNS0_12table_bundleIXT0_EEEPNS4_14compute_traitsIXT0_EE4typeE
    0 bytes stack frame, 0 bytes spill stores, 0 bytes spill loads
ptxas info    : Used 32 registers, used 1 barriers
ptxas info    : Compile time = 9.075 ms
ptxas info    : Compiling entry function '_ZN3aut12lns_strategy18gemv_thread_kernelINS_3lns8lns12_r6ELNS_8bitwidth12compute_kindE1ELNS4_14storage_layoutE1ELi1ELNS0_12decoder_kindE8ELNS0_13multiply_kindE0EEEvNS0_12storage_viewIT_XT1_EEESB_mmNS0_12table_bundleIXT0_EEEPNS4_14compute_traitsIXT0_EE4typeE' for 'sm_90'
ptxas info    : Function properties for _ZN3aut12lns_strategy18gemv_thread_kernelINS_3lns8lns12_r6ELNS_8bitwidth12compute_kindE1ELNS4_14storage_layoutE1ELi1ELNS0_12decoder_kindE8ELNS0_13multiply_kindE0EEEvNS0_12storage_viewIT_XT1_EEESB_mmNS0_12table_bundleIXT0_EEEPNS4_14compute_traitsIXT0_EE4typeE
    0 bytes stack frame, 0 bytes spill stores, 0 bytes spill loads
ptxas info    : Used 21 registers, used 1 barriers
ptxas info    : Compile time = 5.745 ms
ptxas info    : Compiling entry function '_ZN3aut12lns_strategy17dot_thread_kernelINS_3lns8lns12_r6ELNS_8bitwidth12compute_kindE1ELNS4_14storage_layoutE1ELi1ELNS0_12decoder_kindE8ELNS0_13multiply_kindE0EEEvNS0_12storage_viewIT_XT1_EEESB_mNS0_12table_bundleIXT0_EEEPNS4_14compute_traitsIXT0_EE4typeE' for 'sm_90'
ptxas info    : Function properties for _ZN3aut12lns_strategy17dot_thread_kernelINS_3lns8lns12_r6ELNS_8bitwidth12compute_kindE1ELNS4_14storage_layoutE1ELi1ELNS0_12decoder_kindE8ELNS0_13multiply_kindE0EEEvNS0_12storage_viewIT_XT1_EEESB_mNS0_12table_bundleIXT0_EEEPNS4_14compute_traitsIXT0_EE4typeE
    0 bytes stack frame, 0 bytes spill stores, 0 bytes spill loads
ptxas info    : Used 23 registers, used 1 barriers
ptxas info    : Compile time = 5.596 ms
ptxas info    : Compiling entry function '_ZN3aut12lns_strategy18gemv_thread_kernelINS_3lns8lns12_r6ELNS_8bitwidth12compute_kindE1ELNS4_14storage_layoutE0ELi1ELNS0_12decoder_kindE8ELNS0_13multiply_kindE0EEEvNS0_12storage_viewIT_XT1_EEESB_mmNS0_12table_bundleIXT0_EEEPNS4_14compute_traitsIXT0_EE4typeE' for 'sm_90'
ptxas info    : Function properties for _ZN3aut12lns_strategy18gemv_thread_kernelINS_3lns8lns12_r6ELNS_8bitwidth12compute_kindE1ELNS4_14storage_layoutE0ELi1ELNS0_12decoder_kindE8ELNS0_13multiply_kindE0EEEvNS0_12storage_viewIT_XT1_EEESB_mmNS0_12table_bundleIXT0_EEEPNS4_14compute_traitsIXT0_EE4typeE
    0 bytes stack frame, 0 bytes spill stores, 0 bytes spill loads
ptxas info    : Used 23 registers, used 1 barriers
ptxas info    : Compile time = 6.202 ms
ptxas info    : Compiling entry function '_ZN3aut12lns_strategy17dot_thread_kernelINS_3lns8lns12_r6ELNS_8bitwidth12compute_kindE1ELNS4_14storage_layoutE0ELi1ELNS0_12decoder_kindE8ELNS0_13multiply_kindE0EEEvNS0_12storage_viewIT_XT1_EEESB_mNS0_12table_bundleIXT0_EEEPNS4_14compute_traitsIXT0_EE4typeE' for 'sm_90'
ptxas info    : Function properties for _ZN3aut12lns_strategy17dot_thread_kernelINS_3lns8lns12_r6ELNS_8bitwidth12compute_kindE1ELNS4_14storage_layoutE0ELi1ELNS0_12decoder_kindE8ELNS0_13multiply_kindE0EEEvNS0_12storage_viewIT_XT1_EEESB_mNS0_12table_bundleIXT0_EEEPNS4_14compute_traitsIXT0_EE4typeE
    0 bytes stack frame, 0 bytes spill stores, 0 bytes spill loads
ptxas info    : Used 25 registers, used 1 barriers
ptxas info    : Compile time = 5.940 ms
ptxas info    : Compiling entry function '_ZN3aut12lns_strategy23gemv_cooperative_kernelINS_3lns8lns12_r6ELNS_8bitwidth12compute_kindE1ELNS0_12decoder_kindE7ELNS0_13multiply_kindE1EEEvPKjS9_mmNS0_12table_bundleIXT0_EEEPNS4_14compute_traitsIXT0_EE4typeE' for 'sm_90'
ptxas info    : Function properties for _ZN3aut12lns_strategy23gemv_cooperative_kernelINS_3lns8lns12_r6ELNS_8bitwidth12compute_kindE1ELNS0_12decoder_kindE7ELNS0_13multiply_kindE1EEEvPKjS9_mmNS0_12table_bundleIXT0_EEEPNS4_14compute_traitsIXT0_EE4typeE
    0 bytes stack frame, 0 bytes spill stores, 0 bytes spill loads
ptxas info    : Used 30 registers, used 1 barriers
ptxas info    : Compile time = 6.947 ms
ptxas info    : Compiling entry function '_ZN3aut12lns_strategy22dot_cooperative_kernelINS_3lns8lns12_r6ELNS_8bitwidth12compute_kindE1ELNS0_12decoder_kindE7ELNS0_13multiply_kindE1EEEvPKjS9_mNS0_12table_bundleIXT0_EEEPNS4_14compute_traitsIXT0_EE4typeE' for 'sm_90'
ptxas info    : Function properties for _ZN3aut12lns_strategy22dot_cooperative_kernelINS_3lns8lns12_r6ELNS_8bitwidth12compute_kindE1ELNS0_12decoder_kindE7ELNS0_13multiply_kindE1EEEvPKjS9_mNS0_12table_bundleIXT0_EEEPNS4_14compute_traitsIXT0_EE4typeE
    0 bytes stack frame, 0 bytes spill stores, 0 bytes spill loads
ptxas info    : Used 28 registers, used 1 barriers
ptxas info    : Compile time = 6.782 ms
ptxas info    : Compiling entry function '_ZN3aut12lns_strategy18gemv_thread_kernelINS_3lns8lns12_r6ELNS_8bitwidth12compute_kindE1ELNS4_14storage_layoutE1ELi8ELNS0_12decoder_kindE7ELNS0_13multiply_kindE1EEEvNS0_12storage_viewIT_XT1_EEESB_mmNS0_12table_bundleIXT0_EEEPNS4_14compute_traitsIXT0_EE4typeE' for 'sm_90'
ptxas info    : Function properties for _ZN3aut12lns_strategy18gemv_thread_kernelINS_3lns8lns12_r6ELNS_8bitwidth12compute_kindE1ELNS4_14storage_layoutE1ELi8ELNS0_12decoder_kindE7ELNS0_13multiply_kindE1EEEvNS0_12storage_viewIT_XT1_EEESB_mmNS0_12table_bundleIXT0_EEEPNS4_14compute_traitsIXT0_EE4typeE
    0 bytes stack frame, 0 bytes spill stores, 0 bytes spill loads
ptxas info    : Used 32 registers, used 1 barriers
ptxas info    : Compile time = 18.472 ms
ptxas info    : Compiling entry function '_ZN3aut12lns_strategy17dot_thread_kernelINS_3lns8lns12_r6ELNS_8bitwidth12compute_kindE1ELNS4_14storage_layoutE1ELi8ELNS0_12decoder_kindE7ELNS0_13multiply_kindE1EEEvNS0_12storage_viewIT_XT1_EEESB_mNS0_12table_bundleIXT0_EEEPNS4_14compute_traitsIXT0_EE4typeE' for 'sm_90'
ptxas info    : Function properties for _ZN3aut12lns_strategy17dot_thread_kernelINS_3lns8lns12_r6ELNS_8bitwidth12compute_kindE1ELNS4_14storage_layoutE1ELi8ELNS0_12decoder_kindE7ELNS0_13multiply_kindE1EEEvNS0_12storage_viewIT_XT1_EEESB_mNS0_12table_bundleIXT0_EEEPNS4_14compute_traitsIXT0_EE4typeE
    0 bytes stack frame, 0 bytes spill stores, 0 bytes spill loads
ptxas info    : Used 35 registers, used 1 barriers
ptxas info    : Compile time = 18.560 ms
ptxas info    : Compiling entry function '_ZN3aut12lns_strategy18gemv_thread_kernelINS_3lns8lns12_r6ELNS_8bitwidth12compute_kindE1ELNS4_14storage_layoutE1ELi4ELNS0_12decoder_kindE7ELNS0_13multiply_kindE1EEEvNS0_12storage_viewIT_XT1_EEESB_mmNS0_12table_bundleIXT0_EEEPNS4_14compute_traitsIXT0_EE4typeE' for 'sm_90'
ptxas info    : Function properties for _ZN3aut12lns_strategy18gemv_thread_kernelINS_3lns8lns12_r6ELNS_8bitwidth12compute_kindE1ELNS4_14storage_layoutE1ELi4ELNS0_12decoder_kindE7ELNS0_13multiply_kindE1EEEvNS0_12storage_viewIT_XT1_EEESB_mmNS0_12table_bundleIXT0_EEEPNS4_14compute_traitsIXT0_EE4typeE
    0 bytes stack frame, 0 bytes spill stores, 0 bytes spill loads
ptxas info    : Used 26 registers, used 1 barriers
ptxas info    : Compile time = 10.741 ms
ptxas info    : Compiling entry function '_ZN3aut12lns_strategy17dot_thread_kernelINS_3lns8lns12_r6ELNS_8bitwidth12compute_kindE1ELNS4_14storage_layoutE1ELi4ELNS0_12decoder_kindE7ELNS0_13multiply_kindE1EEEvNS0_12storage_viewIT_XT1_EEESB_mNS0_12table_bundleIXT0_EEEPNS4_14compute_traitsIXT0_EE4typeE' for 'sm_90'
ptxas info    : Function properties for _ZN3aut12lns_strategy17dot_thread_kernelINS_3lns8lns12_r6ELNS_8bitwidth12compute_kindE1ELNS4_14storage_layoutE1ELi4ELNS0_12decoder_kindE7ELNS0_13multiply_kindE1EEEvNS0_12storage_viewIT_XT1_EEESB_mNS0_12table_bundleIXT0_EEEPNS4_14compute_traitsIXT0_EE4typeE
    0 bytes stack frame, 0 bytes spill stores, 0 bytes spill loads
ptxas info    : Used 31 registers, used 1 barriers
ptxas info    : Compile time = 10.828 ms
ptxas info    : Compiling entry function '_ZN3aut12lns_strategy18gemv_thread_kernelINS_3lns8lns12_r6ELNS_8bitwidth12compute_kindE1ELNS4_14storage_layoutE1ELi2ELNS0_12decoder_kindE7ELNS0_13multiply_kindE1EEEvNS0_12storage_viewIT_XT1_EEESB_mmNS0_12table_bundleIXT0_EEEPNS4_14compute_traitsIXT0_EE4typeE' for 'sm_90'
ptxas info    : Function properties for _ZN3aut12lns_strategy18gemv_thread_kernelINS_3lns8lns12_r6ELNS_8bitwidth12compute_kindE1ELNS4_14storage_layoutE1ELi2ELNS0_12decoder_kindE7ELNS0_13multiply_kindE1EEEvNS0_12storage_viewIT_XT1_EEESB_mmNS0_12table_bundleIXT0_EEEPNS4_14compute_traitsIXT0_EE4typeE
    0 bytes stack frame, 0 bytes spill stores, 0 bytes spill loads
ptxas info    : Used 22 registers, used 1 barriers
ptxas info    : Compile time = 7.194 ms
ptxas info    : Compiling entry function '_ZN3aut12lns_strategy17dot_thread_kernelINS_3lns8lns12_r6ELNS_8bitwidth12compute_kindE1ELNS4_14storage_layoutE1ELi2ELNS0_12decoder_kindE7ELNS0_13multiply_kindE1EEEvNS0_12storage_viewIT_XT1_EEESB_mNS0_12table_bundleIXT0_EEEPNS4_14compute_traitsIXT0_EE4typeE' for 'sm_90'
ptxas info    : Function properties for _ZN3aut12lns_strategy17dot_thread_kernelINS_3lns8lns12_r6ELNS_8bitwidth12compute_kindE1ELNS4_14storage_layoutE1ELi2ELNS0_12decoder_kindE7ELNS0_13multiply_kindE1EEEvNS0_12storage_viewIT_XT1_EEESB_mNS0_12table_bundleIXT0_EEEPNS4_14compute_traitsIXT0_EE4typeE
    0 bytes stack frame, 0 bytes spill stores, 0 bytes spill loads
ptxas info    : Used 28 registers, used 1 barriers
ptxas info    : Compile time = 7.257 ms
ptxas info    : Compiling entry function '_ZN3aut12lns_strategy18gemv_thread_kernelINS_3lns8lns12_r6ELNS_8bitwidth12compute_kindE1ELNS4_14storage_layoutE0ELi8ELNS0_12decoder_kindE7ELNS0_13multiply_kindE1EEEvNS0_12storage_viewIT_XT1_EEESB_mmNS0_12table_bundleIXT0_EEEPNS4_14compute_traitsIXT0_EE4typeE' for 'sm_90'
ptxas info    : Function properties for _ZN3aut12lns_strategy18gemv_thread_kernelINS_3lns8lns12_r6ELNS_8bitwidth12compute_kindE1ELNS4_14storage_layoutE0ELi8ELNS0_12decoder_kindE7ELNS0_13multiply_kindE1EEEvNS0_12storage_viewIT_XT1_EEESB_mmNS0_12table_bundleIXT0_EEEPNS4_14compute_traitsIXT0_EE4typeE
    0 bytes stack frame, 0 bytes spill stores, 0 bytes spill loads
ptxas info    : Used 40 registers, used 1 barriers
ptxas info    : Compile time = 21.816 ms
ptxas info    : Compiling entry function '_ZN3aut12lns_strategy17dot_thread_kernelINS_3lns8lns12_r6ELNS_8bitwidth12compute_kindE1ELNS4_14storage_layoutE0ELi8ELNS0_12decoder_kindE7ELNS0_13multiply_kindE1EEEvNS0_12storage_viewIT_XT1_EEESB_mNS0_12table_bundleIXT0_EEEPNS4_14compute_traitsIXT0_EE4typeE' for 'sm_90'
ptxas info    : Function properties for _ZN3aut12lns_strategy17dot_thread_kernelINS_3lns8lns12_r6ELNS_8bitwidth12compute_kindE1ELNS4_14storage_layoutE0ELi8ELNS0_12decoder_kindE7ELNS0_13multiply_kindE1EEEvNS0_12storage_viewIT_XT1_EEESB_mNS0_12table_bundleIXT0_EEEPNS4_14compute_traitsIXT0_EE4typeE
    0 bytes stack frame, 0 bytes spill stores, 0 bytes spill loads
ptxas info    : Used 40 registers, used 1 barriers
ptxas info    : Compile time = 19.973 ms
ptxas info    : Compiling entry function '_ZN3aut12lns_strategy18gemv_thread_kernelINS_3lns8lns12_r6ELNS_8bitwidth12compute_kindE1ELNS4_14storage_layoutE0ELi4ELNS0_12decoder_kindE7ELNS0_13multiply_kindE1EEEvNS0_12storage_viewIT_XT1_EEESB_mmNS0_12table_bundleIXT0_EEEPNS4_14compute_traitsIXT0_EE4typeE' for 'sm_90'
ptxas info    : Function properties for _ZN3aut12lns_strategy18gemv_thread_kernelINS_3lns8lns12_r6ELNS_8bitwidth12compute_kindE1ELNS4_14storage_layoutE0ELi4ELNS0_12decoder_kindE7ELNS0_13multiply_kindE1EEEvNS0_12storage_viewIT_XT1_EEESB_mmNS0_12table_bundleIXT0_EEEPNS4_14compute_traitsIXT0_EE4typeE
    0 bytes stack frame, 0 bytes spill stores, 0 bytes spill loads
ptxas info    : Used 40 registers, used 1 barriers
ptxas info    : Compile time = 13.364 ms
ptxas info    : Compiling entry function '_ZN3aut12lns_strategy17dot_thread_kernelINS_3lns8lns12_r6ELNS_8bitwidth12compute_kindE1ELNS4_14storage_layoutE0ELi4ELNS0_12decoder_kindE7ELNS0_13multiply_kindE1EEEvNS0_12storage_viewIT_XT1_EEESB_mNS0_12table_bundleIXT0_EEEPNS4_14compute_traitsIXT0_EE4typeE' for 'sm_90'
ptxas info    : Function properties for _ZN3aut12lns_strategy17dot_thread_kernelINS_3lns8lns12_r6ELNS_8bitwidth12compute_kindE1ELNS4_14storage_layoutE0ELi4ELNS0_12decoder_kindE7ELNS0_13multiply_kindE1EEEvNS0_12storage_viewIT_XT1_EEESB_mNS0_12table_bundleIXT0_EEEPNS4_14compute_traitsIXT0_EE4typeE
    0 bytes stack frame, 0 bytes spill stores, 0 bytes spill loads
ptxas info    : Used 40 registers, used 1 barriers
ptxas info    : Compile time = 13.104 ms
ptxas info    : Compiling entry function '_ZN3aut12lns_strategy18gemv_thread_kernelINS_3lns8lns12_r6ELNS_8bitwidth12compute_kindE1ELNS4_14storage_layoutE0ELi2ELNS0_12decoder_kindE7ELNS0_13multiply_kindE1EEEvNS0_12storage_viewIT_XT1_EEESB_mmNS0_12table_bundleIXT0_EEEPNS4_14compute_traitsIXT0_EE4typeE' for 'sm_90'
ptxas info    : Function properties for _ZN3aut12lns_strategy18gemv_thread_kernelINS_3lns8lns12_r6ELNS_8bitwidth12compute_kindE1ELNS4_14storage_layoutE0ELi2ELNS0_12decoder_kindE7ELNS0_13multiply_kindE1EEEvNS0_12storage_viewIT_XT1_EEESB_mmNS0_12table_bundleIXT0_EEEPNS4_14compute_traitsIXT0_EE4typeE
    0 bytes stack frame, 0 bytes spill stores, 0 bytes spill loads
ptxas info    : Used 30 registers, used 1 barriers
ptxas info    : Compile time = 8.216 ms
ptxas info    : Compiling entry function '_ZN3aut12lns_strategy17dot_thread_kernelINS_3lns8lns12_r6ELNS_8bitwidth12compute_kindE1ELNS4_14storage_layoutE0ELi2ELNS0_12decoder_kindE7ELNS0_13multiply_kindE1EEEvNS0_12storage_viewIT_XT1_EEESB_mNS0_12table_bundleIXT0_EEEPNS4_14compute_traitsIXT0_EE4typeE' for 'sm_90'
ptxas info    : Function properties for _ZN3aut12lns_strategy17dot_thread_kernelINS_3lns8lns12_r6ELNS_8bitwidth12compute_kindE1ELNS4_14storage_layoutE0ELi2ELNS0_12decoder_kindE7ELNS0_13multiply_kindE1EEEvNS0_12storage_viewIT_XT1_EEESB_mNS0_12table_bundleIXT0_EEEPNS4_14compute_traitsIXT0_EE4typeE
    0 bytes stack frame, 0 bytes spill stores, 0 bytes spill loads
ptxas info    : Used 32 registers, used 1 barriers
ptxas info    : Compile time = 8.154 ms
ptxas info    : Compiling entry function '_ZN3aut12lns_strategy18gemv_thread_kernelINS_3lns8lns12_r6ELNS_8bitwidth12compute_kindE1ELNS4_14storage_layoutE1ELi1ELNS0_12decoder_kindE7ELNS0_13multiply_kindE1EEEvNS0_12storage_viewIT_XT1_EEESB_mmNS0_12table_bundleIXT0_EEEPNS4_14compute_traitsIXT0_EE4typeE' for 'sm_90'
ptxas info    : Function properties for _ZN3aut12lns_strategy18gemv_thread_kernelINS_3lns8lns12_r6ELNS_8bitwidth12compute_kindE1ELNS4_14storage_layoutE1ELi1ELNS0_12decoder_kindE7ELNS0_13multiply_kindE1EEEvNS0_12storage_viewIT_XT1_EEESB_mmNS0_12table_bundleIXT0_EEEPNS4_14compute_traitsIXT0_EE4typeE
    0 bytes stack frame, 0 bytes spill stores, 0 bytes spill loads
ptxas info    : Used 21 registers, used 1 barriers
ptxas info    : Compile time = 5.209 ms
ptxas info    : Compiling entry function '_ZN3aut12lns_strategy17dot_thread_kernelINS_3lns8lns12_r6ELNS_8bitwidth12compute_kindE1ELNS4_14storage_layoutE1ELi1ELNS0_12decoder_kindE7ELNS0_13multiply_kindE1EEEvNS0_12storage_viewIT_XT1_EEESB_mNS0_12table_bundleIXT0_EEEPNS4_14compute_traitsIXT0_EE4typeE' for 'sm_90'
ptxas info    : Function properties for _ZN3aut12lns_strategy17dot_thread_kernelINS_3lns8lns12_r6ELNS_8bitwidth12compute_kindE1ELNS4_14storage_layoutE1ELi1ELNS0_12decoder_kindE7ELNS0_13multiply_kindE1EEEvNS0_12storage_viewIT_XT1_EEESB_mNS0_12table_bundleIXT0_EEEPNS4_14compute_traitsIXT0_EE4typeE
    0 bytes stack frame, 0 bytes spill stores, 0 bytes spill loads
ptxas info    : Used 22 registers, used 1 barriers
ptxas info    : Compile time = 5.046 ms
ptxas info    : Compiling entry function '_ZN3aut12lns_strategy18gemv_thread_kernelINS_3lns8lns12_r6ELNS_8bitwidth12compute_kindE1ELNS4_14storage_layoutE0ELi1ELNS0_12decoder_kindE7ELNS0_13multiply_kindE1EEEvNS0_12storage_viewIT_XT1_EEESB_mmNS0_12table_bundleIXT0_EEEPNS4_14compute_traitsIXT0_EE4typeE' for 'sm_90'
ptxas info    : Function properties for _ZN3aut12lns_strategy18gemv_thread_kernelINS_3lns8lns12_r6ELNS_8bitwidth12compute_kindE1ELNS4_14storage_layoutE0ELi1ELNS0_12decoder_kindE7ELNS0_13multiply_kindE1EEEvNS0_12storage_viewIT_XT1_EEESB_mmNS0_12table_bundleIXT0_EEEPNS4_14compute_traitsIXT0_EE4typeE
    0 bytes stack frame, 0 bytes spill stores, 0 bytes spill loads
ptxas info    : Used 23 registers, used 1 barriers
ptxas info    : Compile time = 5.705 ms
ptxas info    : Compiling entry function '_ZN3aut12lns_strategy17dot_thread_kernelINS_3lns8lns12_r6ELNS_8bitwidth12compute_kindE1ELNS4_14storage_layoutE0ELi1ELNS0_12decoder_kindE7ELNS0_13multiply_kindE1EEEvNS0_12storage_viewIT_XT1_EEESB_mNS0_12table_bundleIXT0_EEEPNS4_14compute_traitsIXT0_EE4typeE' for 'sm_90'
ptxas info    : Function properties for _ZN3aut12lns_strategy17dot_thread_kernelINS_3lns8lns12_r6ELNS_8bitwidth12compute_kindE1ELNS4_14storage_layoutE0ELi1ELNS0_12decoder_kindE7ELNS0_13multiply_kindE1EEEvNS0_12storage_viewIT_XT1_EEESB_mNS0_12table_bundleIXT0_EEEPNS4_14compute_traitsIXT0_EE4typeE
    0 bytes stack frame, 0 bytes spill stores, 0 bytes spill loads
ptxas info    : Used 24 registers, used 1 barriers
ptxas info    : Compile time = 5.423 ms
ptxas info    : Compiling entry function '_ZN3aut12lns_strategy23gemv_cooperative_kernelINS_3lns8lns12_r6ELNS_8bitwidth12compute_kindE1ELNS0_12decoder_kindE7ELNS0_13multiply_kindE0EEEvPKjS9_mmNS0_12table_bundleIXT0_EEEPNS4_14compute_traitsIXT0_EE4typeE' for 'sm_90'
ptxas info    : Function properties for _ZN3aut12lns_strategy23gemv_cooperative_kernelINS_3lns8lns12_r6ELNS_8bitwidth12compute_kindE1ELNS0_12decoder_kindE7ELNS0_13multiply_kindE0EEEvPKjS9_mmNS0_12table_bundleIXT0_EEEPNS4_14compute_traitsIXT0_EE4typeE
    0 bytes stack frame, 0 bytes spill stores, 0 bytes spill loads
ptxas info    : Used 30 registers, used 1 barriers
ptxas info    : Compile time = 7.482 ms
ptxas info    : Compiling entry function '_ZN3aut12lns_strategy22dot_cooperative_kernelINS_3lns8lns12_r6ELNS_8bitwidth12compute_kindE1ELNS0_12decoder_kindE7ELNS0_13multiply_kindE0EEEvPKjS9_mNS0_12table_bundleIXT0_EEEPNS4_14compute_traitsIXT0_EE4typeE' for 'sm_90'
ptxas info    : Function properties for _ZN3aut12lns_strategy22dot_cooperative_kernelINS_3lns8lns12_r6ELNS_8bitwidth12compute_kindE1ELNS0_12decoder_kindE7ELNS0_13multiply_kindE0EEEvPKjS9_mNS0_12table_bundleIXT0_EEEPNS4_14compute_traitsIXT0_EE4typeE
    0 bytes stack frame, 0 bytes spill stores, 0 bytes spill loads
ptxas info    : Used 27 registers, used 1 barriers
ptxas info    : Compile time = 7.266 ms
ptxas info    : Compiling entry function '_ZN3aut12lns_strategy18gemv_thread_kernelINS_3lns8lns12_r6ELNS_8bitwidth12compute_kindE1ELNS4_14storage_layoutE1ELi8ELNS0_12decoder_kindE7ELNS0_13multiply_kindE0EEEvNS0_12storage_viewIT_XT1_EEESB_mmNS0_12table_bundleIXT0_EEEPNS4_14compute_traitsIXT0_EE4typeE' for 'sm_90'
ptxas info    : Function properties for _ZN3aut12lns_strategy18gemv_thread_kernelINS_3lns8lns12_r6ELNS_8bitwidth12compute_kindE1ELNS4_14storage_layoutE1ELi8ELNS0_12decoder_kindE7ELNS0_13multiply_kindE0EEEvNS0_12storage_viewIT_XT1_EEESB_mmNS0_12table_bundleIXT0_EEEPNS4_14compute_traitsIXT0_EE4typeE
    0 bytes stack frame, 0 bytes spill stores, 0 bytes spill loads
ptxas info    : Used 35 registers, used 1 barriers
ptxas info    : Compile time = 24.292 ms
ptxas info    : Compiling entry function '_ZN3aut12lns_strategy17dot_thread_kernelINS_3lns8lns12_r6ELNS_8bitwidth12compute_kindE1ELNS4_14storage_layoutE1ELi8ELNS0_12decoder_kindE7ELNS0_13multiply_kindE0EEEvNS0_12storage_viewIT_XT1_EEESB_mNS0_12table_bundleIXT0_EEEPNS4_14compute_traitsIXT0_EE4typeE' for 'sm_90'
ptxas info    : Function properties for _ZN3aut12lns_strategy17dot_thread_kernelINS_3lns8lns12_r6ELNS_8bitwidth12compute_kindE1ELNS4_14storage_layoutE1ELi8ELNS0_12decoder_kindE7ELNS0_13multiply_kindE0EEEvNS0_12storage_viewIT_XT1_EEESB_mNS0_12table_bundleIXT0_EEEPNS4_14compute_traitsIXT0_EE4typeE
    0 bytes stack frame, 0 bytes spill stores, 0 bytes spill loads
ptxas info    : Used 37 registers, used 1 barriers
ptxas info    : Compile time = 23.088 ms
ptxas info    : Compiling entry function '_ZN3aut12lns_strategy18gemv_thread_kernelINS_3lns8lns12_r6ELNS_8bitwidth12compute_kindE1ELNS4_14storage_layoutE1ELi4ELNS0_12decoder_kindE7ELNS0_13multiply_kindE0EEEvNS0_12storage_viewIT_XT1_EEESB_mmNS0_12table_bundleIXT0_EEEPNS4_14compute_traitsIXT0_EE4typeE' for 'sm_90'
ptxas info    : Function properties for _ZN3aut12lns_strategy18gemv_thread_kernelINS_3lns8lns12_r6ELNS_8bitwidth12compute_kindE1ELNS4_14storage_layoutE1ELi4ELNS0_12decoder_kindE7ELNS0_13multiply_kindE0EEEvNS0_12storage_viewIT_XT1_EEESB_mmNS0_12table_bundleIXT0_EEEPNS4_14compute_traitsIXT0_EE4typeE
    0 bytes stack frame, 0 bytes spill stores, 0 bytes spill loads
ptxas info    : Used 29 registers, used 1 barriers
ptxas info    : Compile time = 12.843 ms
ptxas info    : Compiling entry function '_ZN3aut12lns_strategy17dot_thread_kernelINS_3lns8lns12_r6ELNS_8bitwidth12compute_kindE1ELNS4_14storage_layoutE1ELi4ELNS0_12decoder_kindE7ELNS0_13multiply_kindE0EEEvNS0_12storage_viewIT_XT1_EEESB_mNS0_12table_bundleIXT0_EEEPNS4_14compute_traitsIXT0_EE4typeE' for 'sm_90'
ptxas info    : Function properties for _ZN3aut12lns_strategy17dot_thread_kernelINS_3lns8lns12_r6ELNS_8bitwidth12compute_kindE1ELNS4_14storage_layoutE1ELi4ELNS0_12decoder_kindE7ELNS0_13multiply_kindE0EEEvNS0_12storage_viewIT_XT1_EEESB_mNS0_12table_bundleIXT0_EEEPNS4_14compute_traitsIXT0_EE4typeE
    0 bytes stack frame, 0 bytes spill stores, 0 bytes spill loads
ptxas info    : Used 28 registers, used 1 barriers
ptxas info    : Compile time = 12.924 ms
ptxas info    : Compiling entry function '_ZN3aut12lns_strategy18gemv_thread_kernelINS_3lns8lns12_r6ELNS_8bitwidth12compute_kindE1ELNS4_14storage_layoutE1ELi2ELNS0_12decoder_kindE7ELNS0_13multiply_kindE0EEEvNS0_12storage_viewIT_XT1_EEESB_mmNS0_12table_bundleIXT0_EEEPNS4_14compute_traitsIXT0_EE4typeE' for 'sm_90'
ptxas info    : Function properties for _ZN3aut12lns_strategy18gemv_thread_kernelINS_3lns8lns12_r6ELNS_8bitwidth12compute_kindE1ELNS4_14storage_layoutE1ELi2ELNS0_12decoder_kindE7ELNS0_13multiply_kindE0EEEvNS0_12storage_viewIT_XT1_EEESB_mmNS0_12table_bundleIXT0_EEEPNS4_14compute_traitsIXT0_EE4typeE
    0 bytes stack frame, 0 bytes spill stores, 0 bytes spill loads
ptxas info    : Used 25 registers, used 1 barriers
ptxas info    : Compile time = 8.135 ms
ptxas info    : Compiling entry function '_ZN3aut12lns_strategy17dot_thread_kernelINS_3lns8lns12_r6ELNS_8bitwidth12compute_kindE1ELNS4_14storage_layoutE1ELi2ELNS0_12decoder_kindE7ELNS0_13multiply_kindE0EEEvNS0_12storage_viewIT_XT1_EEESB_mNS0_12table_bundleIXT0_EEEPNS4_14compute_traitsIXT0_EE4typeE' for 'sm_90'
ptxas info    : Function properties for _ZN3aut12lns_strategy17dot_thread_kernelINS_3lns8lns12_r6ELNS_8bitwidth12compute_kindE1ELNS4_14storage_layoutE1ELi2ELNS0_12decoder_kindE7ELNS0_13multiply_kindE0EEEvNS0_12storage_viewIT_XT1_EEESB_mNS0_12table_bundleIXT0_EEEPNS4_14compute_traitsIXT0_EE4typeE
    0 bytes stack frame, 0 bytes spill stores, 0 bytes spill loads
ptxas info    : Used 27 registers, used 1 barriers
ptxas info    : Compile time = 8.331 ms
ptxas info    : Compiling entry function '_ZN3aut12lns_strategy18gemv_thread_kernelINS_3lns8lns12_r6ELNS_8bitwidth12compute_kindE1ELNS4_14storage_layoutE0ELi8ELNS0_12decoder_kindE7ELNS0_13multiply_kindE0EEEvNS0_12storage_viewIT_XT1_EEESB_mmNS0_12table_bundleIXT0_EEEPNS4_14compute_traitsIXT0_EE4typeE' for 'sm_90'
ptxas info    : Function properties for _ZN3aut12lns_strategy18gemv_thread_kernelINS_3lns8lns12_r6ELNS_8bitwidth12compute_kindE1ELNS4_14storage_layoutE0ELi8ELNS0_12decoder_kindE7ELNS0_13multiply_kindE0EEEvNS0_12storage_viewIT_XT1_EEESB_mmNS0_12table_bundleIXT0_EEEPNS4_14compute_traitsIXT0_EE4typeE
    0 bytes stack frame, 0 bytes spill stores, 0 bytes spill loads
ptxas info    : Used 40 registers, used 1 barriers
ptxas info    : Compile time = 27.530 ms
ptxas info    : Compiling entry function '_ZN3aut12lns_strategy17dot_thread_kernelINS_3lns8lns12_r6ELNS_8bitwidth12compute_kindE1ELNS4_14storage_layoutE0ELi8ELNS0_12decoder_kindE7ELNS0_13multiply_kindE0EEEvNS0_12storage_viewIT_XT1_EEESB_mNS0_12table_bundleIXT0_EEEPNS4_14compute_traitsIXT0_EE4typeE' for 'sm_90'
ptxas info    : Function properties for _ZN3aut12lns_strategy17dot_thread_kernelINS_3lns8lns12_r6ELNS_8bitwidth12compute_kindE1ELNS4_14storage_layoutE0ELi8ELNS0_12decoder_kindE7ELNS0_13multiply_kindE0EEEvNS0_12storage_viewIT_XT1_EEESB_mNS0_12table_bundleIXT0_EEEPNS4_14compute_traitsIXT0_EE4typeE
    0 bytes stack frame, 0 bytes spill stores, 0 bytes spill loads
ptxas info    : Used 40 registers, used 1 barriers
ptxas info    : Compile time = 24.768 ms
ptxas info    : Compiling entry function '_ZN3aut12lns_strategy18gemv_thread_kernelINS_3lns8lns12_r6ELNS_8bitwidth12compute_kindE1ELNS4_14storage_layoutE0ELi4ELNS0_12decoder_kindE7ELNS0_13multiply_kindE0EEEvNS0_12storage_viewIT_XT1_EEESB_mmNS0_12table_bundleIXT0_EEEPNS4_14compute_traitsIXT0_EE4typeE' for 'sm_90'
ptxas info    : Function properties for _ZN3aut12lns_strategy18gemv_thread_kernelINS_3lns8lns12_r6ELNS_8bitwidth12compute_kindE1ELNS4_14storage_layoutE0ELi4ELNS0_12decoder_kindE7ELNS0_13multiply_kindE0EEEvNS0_12storage_viewIT_XT1_EEESB_mmNS0_12table_bundleIXT0_EEEPNS4_14compute_traitsIXT0_EE4typeE
    0 bytes stack frame, 0 bytes spill stores, 0 bytes spill loads
ptxas info    : Used 40 registers, used 1 barriers
ptxas info    : Compile time = 15.478 ms
ptxas info    : Compiling entry function '_ZN3aut12lns_strategy17dot_thread_kernelINS_3lns8lns12_r6ELNS_8bitwidth12compute_kindE1ELNS4_14storage_layoutE0ELi4ELNS0_12decoder_kindE7ELNS0_13multiply_kindE0EEEvNS0_12storage_viewIT_XT1_EEESB_mNS0_12table_bundleIXT0_EEEPNS4_14compute_traitsIXT0_EE4typeE' for 'sm_90'
ptxas info    : Function properties for _ZN3aut12lns_strategy17dot_thread_kernelINS_3lns8lns12_r6ELNS_8bitwidth12compute_kindE1ELNS4_14storage_layoutE0ELi4ELNS0_12decoder_kindE7ELNS0_13multiply_kindE0EEEvNS0_12storage_viewIT_XT1_EEESB_mNS0_12table_bundleIXT0_EEEPNS4_14compute_traitsIXT0_EE4typeE
    0 bytes stack frame, 0 bytes spill stores, 0 bytes spill loads
ptxas info    : Used 40 registers, used 1 barriers
ptxas info    : Compile time = 15.156 ms
ptxas info    : Compiling entry function '_ZN3aut12lns_strategy18gemv_thread_kernelINS_3lns8lns12_r6ELNS_8bitwidth12compute_kindE1ELNS4_14storage_layoutE0ELi2ELNS0_12decoder_kindE7ELNS0_13multiply_kindE0EEEvNS0_12storage_viewIT_XT1_EEESB_mmNS0_12table_bundleIXT0_EEEPNS4_14compute_traitsIXT0_EE4typeE' for 'sm_90'
ptxas info    : Function properties for _ZN3aut12lns_strategy18gemv_thread_kernelINS_3lns8lns12_r6ELNS_8bitwidth12compute_kindE1ELNS4_14storage_layoutE0ELi2ELNS0_12decoder_kindE7ELNS0_13multiply_kindE0EEEvNS0_12storage_viewIT_XT1_EEESB_mmNS0_12table_bundleIXT0_EEEPNS4_14compute_traitsIXT0_EE4typeE
    0 bytes stack frame, 0 bytes spill stores, 0 bytes spill loads
ptxas info    : Used 31 registers, used 1 barriers
ptxas info    : Compile time = 9.164 ms
ptxas info    : Compiling entry function '_ZN3aut12lns_strategy17dot_thread_kernelINS_3lns8lns12_r6ELNS_8bitwidth12compute_kindE1ELNS4_14storage_layoutE0ELi2ELNS0_12decoder_kindE7ELNS0_13multiply_kindE0EEEvNS0_12storage_viewIT_XT1_EEESB_mNS0_12table_bundleIXT0_EEEPNS4_14compute_traitsIXT0_EE4typeE' for 'sm_90'
ptxas info    : Function properties for _ZN3aut12lns_strategy17dot_thread_kernelINS_3lns8lns12_r6ELNS_8bitwidth12compute_kindE1ELNS4_14storage_layoutE0ELi2ELNS0_12decoder_kindE7ELNS0_13multiply_kindE0EEEvNS0_12storage_viewIT_XT1_EEESB_mNS0_12table_bundleIXT0_EEEPNS4_14compute_traitsIXT0_EE4typeE
    0 bytes stack frame, 0 bytes spill stores, 0 bytes spill loads
ptxas info    : Used 32 registers, used 1 barriers
ptxas info    : Compile time = 9.090 ms
ptxas info    : Compiling entry function '_ZN3aut12lns_strategy18gemv_thread_kernelINS_3lns8lns12_r6ELNS_8bitwidth12compute_kindE1ELNS4_14storage_layoutE1ELi1ELNS0_12decoder_kindE7ELNS0_13multiply_kindE0EEEvNS0_12storage_viewIT_XT1_EEESB_mmNS0_12table_bundleIXT0_EEEPNS4_14compute_traitsIXT0_EE4typeE' for 'sm_90'
ptxas info    : Function properties for _ZN3aut12lns_strategy18gemv_thread_kernelINS_3lns8lns12_r6ELNS_8bitwidth12compute_kindE1ELNS4_14storage_layoutE1ELi1ELNS0_12decoder_kindE7ELNS0_13multiply_kindE0EEEvNS0_12storage_viewIT_XT1_EEESB_mmNS0_12table_bundleIXT0_EEEPNS4_14compute_traitsIXT0_EE4typeE
    0 bytes stack frame, 0 bytes spill stores, 0 bytes spill loads
ptxas info    : Used 21 registers, used 1 barriers
ptxas info    : Compile time = 5.760 ms
ptxas info    : Compiling entry function '_ZN3aut12lns_strategy17dot_thread_kernelINS_3lns8lns12_r6ELNS_8bitwidth12compute_kindE1ELNS4_14storage_layoutE1ELi1ELNS0_12decoder_kindE7ELNS0_13multiply_kindE0EEEvNS0_12storage_viewIT_XT1_EEESB_mNS0_12table_bundleIXT0_EEEPNS4_14compute_traitsIXT0_EE4typeE' for 'sm_90'
ptxas info    : Function properties for _ZN3aut12lns_strategy17dot_thread_kernelINS_3lns8lns12_r6ELNS_8bitwidth12compute_kindE1ELNS4_14storage_layoutE1ELi1ELNS0_12decoder_kindE7ELNS0_13multiply_kindE0EEEvNS0_12storage_viewIT_XT1_EEESB_mNS0_12table_bundleIXT0_EEEPNS4_14compute_traitsIXT0_EE4typeE
    0 bytes stack frame, 0 bytes spill stores, 0 bytes spill loads
ptxas info    : Used 23 registers, used 1 barriers
ptxas info    : Compile time = 5.607 ms
ptxas info    : Compiling entry function '_ZN3aut12lns_strategy18gemv_thread_kernelINS_3lns8lns12_r6ELNS_8bitwidth12compute_kindE1ELNS4_14storage_layoutE0ELi1ELNS0_12decoder_kindE7ELNS0_13multiply_kindE0EEEvNS0_12storage_viewIT_XT1_EEESB_mmNS0_12table_bundleIXT0_EEEPNS4_14compute_traitsIXT0_EE4typeE' for 'sm_90'
ptxas info    : Function properties for _ZN3aut12lns_strategy18gemv_thread_kernelINS_3lns8lns12_r6ELNS_8bitwidth12compute_kindE1ELNS4_14storage_layoutE0ELi1ELNS0_12decoder_kindE7ELNS0_13multiply_kindE0EEEvNS0_12storage_viewIT_XT1_EEESB_mmNS0_12table_bundleIXT0_EEEPNS4_14compute_traitsIXT0_EE4typeE
    0 bytes stack frame, 0 bytes spill stores, 0 bytes spill loads
ptxas info    : Used 23 registers, used 1 barriers
ptxas info    : Compile time = 6.236 ms
ptxas info    : Compiling entry function '_ZN3aut12lns_strategy17dot_thread_kernelINS_3lns8lns12_r6ELNS_8bitwidth12compute_kindE1ELNS4_14storage_layoutE0ELi1ELNS0_12decoder_kindE7ELNS0_13multiply_kindE0EEEvNS0_12storage_viewIT_XT1_EEESB_mNS0_12table_bundleIXT0_EEEPNS4_14compute_traitsIXT0_EE4typeE' for 'sm_90'
ptxas info    : Function properties for _ZN3aut12lns_strategy17dot_thread_kernelINS_3lns8lns12_r6ELNS_8bitwidth12compute_kindE1ELNS4_14storage_layoutE0ELi1ELNS0_12decoder_kindE7ELNS0_13multiply_kindE0EEEvNS0_12storage_viewIT_XT1_EEESB_mNS0_12table_bundleIXT0_EEEPNS4_14compute_traitsIXT0_EE4typeE
    0 bytes stack frame, 0 bytes spill stores, 0 bytes spill loads
ptxas info    : Used 25 registers, used 1 barriers
ptxas info    : Compile time = 5.933 ms
ptxas info    : Compiling entry function '_ZN3aut12lns_strategy23gemv_cooperative_kernelINS_3lns8lns12_r6ELNS_8bitwidth12compute_kindE1ELNS0_12decoder_kindE5ELNS0_13multiply_kindE1EEEvPKjS9_mmNS0_12table_bundleIXT0_EEEPNS4_14compute_traitsIXT0_EE4typeE' for 'sm_90'
ptxas info    : Function properties for _ZN3aut12lns_strategy23gemv_cooperative_kernelINS_3lns8lns12_r6ELNS_8bitwidth12compute_kindE1ELNS0_12decoder_kindE5ELNS0_13multiply_kindE1EEEvPKjS9_mmNS0_12table_bundleIXT0_EEEPNS4_14compute_traitsIXT0_EE4typeE
    0 bytes stack frame, 0 bytes spill stores, 0 bytes spill loads
ptxas info    : Used 30 registers, used 1 barriers
ptxas info    : Compile time = 7.409 ms
ptxas info    : Compiling entry function '_ZN3aut12lns_strategy22dot_cooperative_kernelINS_3lns8lns12_r6ELNS_8bitwidth12compute_kindE1ELNS0_12decoder_kindE5ELNS0_13multiply_kindE1EEEvPKjS9_mNS0_12table_bundleIXT0_EEEPNS4_14compute_traitsIXT0_EE4typeE' for 'sm_90'
ptxas info    : Function properties for _ZN3aut12lns_strategy22dot_cooperative_kernelINS_3lns8lns12_r6ELNS_8bitwidth12compute_kindE1ELNS0_12decoder_kindE5ELNS0_13multiply_kindE1EEEvPKjS9_mNS0_12table_bundleIXT0_EEEPNS4_14compute_traitsIXT0_EE4typeE
    0 bytes stack frame, 0 bytes spill stores, 0 bytes spill loads
ptxas info    : Used 28 registers, used 1 barriers
ptxas info    : Compile time = 7.303 ms
ptxas info    : Compiling entry function '_ZN3aut12lns_strategy18gemv_thread_kernelINS_3lns8lns12_r6ELNS_8bitwidth12compute_kindE1ELNS4_14storage_layoutE1ELi8ELNS0_12decoder_kindE5ELNS0_13multiply_kindE1EEEvNS0_12storage_viewIT_XT1_EEESB_mmNS0_12table_bundleIXT0_EEEPNS4_14compute_traitsIXT0_EE4typeE' for 'sm_90'
ptxas info    : Function properties for _ZN3aut12lns_strategy18gemv_thread_kernelINS_3lns8lns12_r6ELNS_8bitwidth12compute_kindE1ELNS4_14storage_layoutE1ELi8ELNS0_12decoder_kindE5ELNS0_13multiply_kindE1EEEvNS0_12storage_viewIT_XT1_EEESB_mmNS0_12table_bundleIXT0_EEEPNS4_14compute_traitsIXT0_EE4typeE
    0 bytes stack frame, 0 bytes spill stores, 0 bytes spill loads
ptxas info    : Used 37 registers, used 1 barriers
ptxas info    : Compile time = 18.322 ms
ptxas info    : Compiling entry function '_ZN3aut12lns_strategy17dot_thread_kernelINS_3lns8lns12_r6ELNS_8bitwidth12compute_kindE1ELNS4_14storage_layoutE1ELi8ELNS0_12decoder_kindE5ELNS0_13multiply_kindE1EEEvNS0_12storage_viewIT_XT1_EEESB_mNS0_12table_bundleIXT0_EEEPNS4_14compute_traitsIXT0_EE4typeE' for 'sm_90'
ptxas info    : Function properties for _ZN3aut12lns_strategy17dot_thread_kernelINS_3lns8lns12_r6ELNS_8bitwidth12compute_kindE1ELNS4_14storage_layoutE1ELi8ELNS0_12decoder_kindE5ELNS0_13multiply_kindE1EEEvNS0_12storage_viewIT_XT1_EEESB_mNS0_12table_bundleIXT0_EEEPNS4_14compute_traitsIXT0_EE4typeE
    0 bytes stack frame, 0 bytes spill stores, 0 bytes spill loads
ptxas info    : Used 44 registers, used 1 barriers
ptxas info    : Compile time = 18.334 ms
ptxas info    : Compiling entry function '_ZN3aut12lns_strategy18gemv_thread_kernelINS_3lns8lns12_r6ELNS_8bitwidth12compute_kindE1ELNS4_14storage_layoutE1ELi4ELNS0_12decoder_kindE5ELNS0_13multiply_kindE1EEEvNS0_12storage_viewIT_XT1_EEESB_mmNS0_12table_bundleIXT0_EEEPNS4_14compute_traitsIXT0_EE4typeE' for 'sm_90'
ptxas info    : Function properties for _ZN3aut12lns_strategy18gemv_thread_kernelINS_3lns8lns12_r6ELNS_8bitwidth12compute_kindE1ELNS4_14storage_layoutE1ELi4ELNS0_12decoder_kindE5ELNS0_13multiply_kindE1EEEvNS0_12storage_viewIT_XT1_EEESB_mmNS0_12table_bundleIXT0_EEEPNS4_14compute_traitsIXT0_EE4typeE
    0 bytes stack frame, 0 bytes spill stores, 0 bytes spill loads
ptxas info    : Used 26 registers, used 1 barriers
ptxas info    : Compile time = 11.005 ms
ptxas info    : Compiling entry function '_ZN3aut12lns_strategy17dot_thread_kernelINS_3lns8lns12_r6ELNS_8bitwidth12compute_kindE1ELNS4_14storage_layoutE1ELi4ELNS0_12decoder_kindE5ELNS0_13multiply_kindE1EEEvNS0_12storage_viewIT_XT1_EEESB_mNS0_12table_bundleIXT0_EEEPNS4_14compute_traitsIXT0_EE4typeE' for 'sm_90'
ptxas info    : Function properties for _ZN3aut12lns_strategy17dot_thread_kernelINS_3lns8lns12_r6ELNS_8bitwidth12compute_kindE1ELNS4_14storage_layoutE1ELi4ELNS0_12decoder_kindE5ELNS0_13multiply_kindE1EEEvNS0_12storage_viewIT_XT1_EEESB_mNS0_12table_bundleIXT0_EEEPNS4_14compute_traitsIXT0_EE4typeE
    0 bytes stack frame, 0 bytes spill stores, 0 bytes spill loads
ptxas info    : Used 32 registers, used 1 barriers
ptxas info    : Compile time = 11.092 ms
ptxas info    : Compiling entry function '_ZN3aut12lns_strategy18gemv_thread_kernelINS_3lns8lns12_r6ELNS_8bitwidth12compute_kindE1ELNS4_14storage_layoutE1ELi2ELNS0_12decoder_kindE5ELNS0_13multiply_kindE1EEEvNS0_12storage_viewIT_XT1_EEESB_mmNS0_12table_bundleIXT0_EEEPNS4_14compute_traitsIXT0_EE4typeE' for 'sm_90'
ptxas info    : Function properties for _ZN3aut12lns_strategy18gemv_thread_kernelINS_3lns8lns12_r6ELNS_8bitwidth12compute_kindE1ELNS4_14storage_layoutE1ELi2ELNS0_12decoder_kindE5ELNS0_13multiply_kindE1EEEvNS0_12storage_viewIT_XT1_EEESB_mmNS0_12table_bundleIXT0_EEEPNS4_14compute_traitsIXT0_EE4typeE
    0 bytes stack frame, 0 bytes spill stores, 0 bytes spill loads
ptxas info    : Used 22 registers, used 1 barriers
ptxas info    : Compile time = 7.615 ms
ptxas info    : Compiling entry function '_ZN3aut12lns_strategy17dot_thread_kernelINS_3lns8lns12_r6ELNS_8bitwidth12compute_kindE1ELNS4_14storage_layoutE1ELi2ELNS0_12decoder_kindE5ELNS0_13multiply_kindE1EEEvNS0_12storage_viewIT_XT1_EEESB_mNS0_12table_bundleIXT0_EEEPNS4_14compute_traitsIXT0_EE4typeE' for 'sm_90'
ptxas info    : Function properties for _ZN3aut12lns_strategy17dot_thread_kernelINS_3lns8lns12_r6ELNS_8bitwidth12compute_kindE1ELNS4_14storage_layoutE1ELi2ELNS0_12decoder_kindE5ELNS0_13multiply_kindE1EEEvNS0_12storage_viewIT_XT1_EEESB_mNS0_12table_bundleIXT0_EEEPNS4_14compute_traitsIXT0_EE4typeE
    0 bytes stack frame, 0 bytes spill stores, 0 bytes spill loads
ptxas info    : Used 28 registers, used 1 barriers
ptxas info    : Compile time = 7.687 ms
ptxas info    : Compiling entry function '_ZN3aut12lns_strategy18gemv_thread_kernelINS_3lns8lns12_r6ELNS_8bitwidth12compute_kindE1ELNS4_14storage_layoutE0ELi8ELNS0_12decoder_kindE5ELNS0_13multiply_kindE1EEEvNS0_12storage_viewIT_XT1_EEESB_mmNS0_12table_bundleIXT0_EEEPNS4_14compute_traitsIXT0_EE4typeE' for 'sm_90'
ptxas info    : Function properties for _ZN3aut12lns_strategy18gemv_thread_kernelINS_3lns8lns12_r6ELNS_8bitwidth12compute_kindE1ELNS4_14storage_layoutE0ELi8ELNS0_12decoder_kindE5ELNS0_13multiply_kindE1EEEvNS0_12storage_viewIT_XT1_EEESB_mmNS0_12table_bundleIXT0_EEEPNS4_14compute_traitsIXT0_EE4typeE
    0 bytes stack frame, 0 bytes spill stores, 0 bytes spill loads
ptxas info    : Used 40 registers, used 1 barriers
ptxas info    : Compile time = 21.729 ms
ptxas info    : Compiling entry function '_ZN3aut12lns_strategy17dot_thread_kernelINS_3lns8lns12_r6ELNS_8bitwidth12compute_kindE1ELNS4_14storage_layoutE0ELi8ELNS0_12decoder_kindE5ELNS0_13multiply_kindE1EEEvNS0_12storage_viewIT_XT1_EEESB_mNS0_12table_bundleIXT0_EEEPNS4_14compute_traitsIXT0_EE4typeE' for 'sm_90'
ptxas info    : Function properties for _ZN3aut12lns_strategy17dot_thread_kernelINS_3lns8lns12_r6ELNS_8bitwidth12compute_kindE1ELNS4_14storage_layoutE0ELi8ELNS0_12decoder_kindE5ELNS0_13multiply_kindE1EEEvNS0_12storage_viewIT_XT1_EEESB_mNS0_12table_bundleIXT0_EEEPNS4_14compute_traitsIXT0_EE4typeE
    0 bytes stack frame, 0 bytes spill stores, 0 bytes spill loads
ptxas info    : Used 40 registers, used 1 barriers
ptxas info    : Compile time = 20.096 ms
ptxas info    : Compiling entry function '_ZN3aut12lns_strategy18gemv_thread_kernelINS_3lns8lns12_r6ELNS_8bitwidth12compute_kindE1ELNS4_14storage_layoutE0ELi4ELNS0_12decoder_kindE5ELNS0_13multiply_kindE1EEEvNS0_12storage_viewIT_XT1_EEESB_mmNS0_12table_bundleIXT0_EEEPNS4_14compute_traitsIXT0_EE4typeE' for 'sm_90'
ptxas info    : Function properties for _ZN3aut12lns_strategy18gemv_thread_kernelINS_3lns8lns12_r6ELNS_8bitwidth12compute_kindE1ELNS4_14storage_layoutE0ELi4ELNS0_12decoder_kindE5ELNS0_13multiply_kindE1EEEvNS0_12storage_viewIT_XT1_EEESB_mmNS0_12table_bundleIXT0_EEEPNS4_14compute_traitsIXT0_EE4typeE
    0 bytes stack frame, 0 bytes spill stores, 0 bytes spill loads
ptxas info    : Used 32 registers, used 1 barriers
ptxas info    : Compile time = 13.579 ms
ptxas info    : Compiling entry function '_ZN3aut12lns_strategy17dot_thread_kernelINS_3lns8lns12_r6ELNS_8bitwidth12compute_kindE1ELNS4_14storage_layoutE0ELi4ELNS0_12decoder_kindE5ELNS0_13multiply_kindE1EEEvNS0_12storage_viewIT_XT1_EEESB_mNS0_12table_bundleIXT0_EEEPNS4_14compute_traitsIXT0_EE4typeE' for 'sm_90'
ptxas info    : Function properties for _ZN3aut12lns_strategy17dot_thread_kernelINS_3lns8lns12_r6ELNS_8bitwidth12compute_kindE1ELNS4_14storage_layoutE0ELi4ELNS0_12decoder_kindE5ELNS0_13multiply_kindE1EEEvNS0_12storage_viewIT_XT1_EEESB_mNS0_12table_bundleIXT0_EEEPNS4_14compute_traitsIXT0_EE4typeE
    0 bytes stack frame, 0 bytes spill stores, 0 bytes spill loads
ptxas info    : Used 32 registers, used 1 barriers
ptxas info    : Compile time = 13.236 ms
ptxas info    : Compiling entry function '_ZN3aut12lns_strategy18gemv_thread_kernelINS_3lns8lns12_r6ELNS_8bitwidth12compute_kindE1ELNS4_14storage_layoutE0ELi2ELNS0_12decoder_kindE5ELNS0_13multiply_kindE1EEEvNS0_12storage_viewIT_XT1_EEESB_mmNS0_12table_bundleIXT0_EEEPNS4_14compute_traitsIXT0_EE4typeE' for 'sm_90'
ptxas info    : Function properties for _ZN3aut12lns_strategy18gemv_thread_kernelINS_3lns8lns12_r6ELNS_8bitwidth12compute_kindE1ELNS4_14storage_layoutE0ELi2ELNS0_12decoder_kindE5ELNS0_13multiply_kindE1EEEvNS0_12storage_viewIT_XT1_EEESB_mmNS0_12table_bundleIXT0_EEEPNS4_14compute_traitsIXT0_EE4typeE
    0 bytes stack frame, 0 bytes spill stores, 0 bytes spill loads
ptxas info    : Used 30 registers, used 1 barriers
ptxas info    : Compile time = 8.633 ms
ptxas info    : Compiling entry function '_ZN3aut12lns_strategy17dot_thread_kernelINS_3lns8lns12_r6ELNS_8bitwidth12compute_kindE1ELNS4_14storage_layoutE0ELi2ELNS0_12decoder_kindE5ELNS0_13multiply_kindE1EEEvNS0_12storage_viewIT_XT1_EEESB_mNS0_12table_bundleIXT0_EEEPNS4_14compute_traitsIXT0_EE4typeE' for 'sm_90'
ptxas info    : Function properties for _ZN3aut12lns_strategy17dot_thread_kernelINS_3lns8lns12_r6ELNS_8bitwidth12compute_kindE1ELNS4_14storage_layoutE0ELi2ELNS0_12decoder_kindE5ELNS0_13multiply_kindE1EEEvNS0_12storage_viewIT_XT1_EEESB_mNS0_12table_bundleIXT0_EEEPNS4_14compute_traitsIXT0_EE4typeE
    0 bytes stack frame, 0 bytes spill stores, 0 bytes spill loads
ptxas info    : Used 32 registers, used 1 barriers
ptxas info    : Compile time = 8.586 ms
ptxas info    : Compiling entry function '_ZN3aut12lns_strategy18gemv_thread_kernelINS_3lns8lns12_r6ELNS_8bitwidth12compute_kindE1ELNS4_14storage_layoutE1ELi1ELNS0_12decoder_kindE5ELNS0_13multiply_kindE1EEEvNS0_12storage_viewIT_XT1_EEESB_mmNS0_12table_bundleIXT0_EEEPNS4_14compute_traitsIXT0_EE4typeE' for 'sm_90'
ptxas info    : Function properties for _ZN3aut12lns_strategy18gemv_thread_kernelINS_3lns8lns12_r6ELNS_8bitwidth12compute_kindE1ELNS4_14storage_layoutE1ELi1ELNS0_12decoder_kindE5ELNS0_13multiply_kindE1EEEvNS0_12storage_viewIT_XT1_EEESB_mmNS0_12table_bundleIXT0_EEEPNS4_14compute_traitsIXT0_EE4typeE
    0 bytes stack frame, 0 bytes spill stores, 0 bytes spill loads
ptxas info    : Used 21 registers, used 1 barriers
ptxas info    : Compile time = 5.647 ms
ptxas info    : Compiling entry function '_ZN3aut12lns_strategy17dot_thread_kernelINS_3lns8lns12_r6ELNS_8bitwidth12compute_kindE1ELNS4_14storage_layoutE1ELi1ELNS0_12decoder_kindE5ELNS0_13multiply_kindE1EEEvNS0_12storage_viewIT_XT1_EEESB_mNS0_12table_bundleIXT0_EEEPNS4_14compute_traitsIXT0_EE4typeE' for 'sm_90'
ptxas info    : Function properties for _ZN3aut12lns_strategy17dot_thread_kernelINS_3lns8lns12_r6ELNS_8bitwidth12compute_kindE1ELNS4_14storage_layoutE1ELi1ELNS0_12decoder_kindE5ELNS0_13multiply_kindE1EEEvNS0_12storage_viewIT_XT1_EEESB_mNS0_12table_bundleIXT0_EEEPNS4_14compute_traitsIXT0_EE4typeE
    0 bytes stack frame, 0 bytes spill stores, 0 bytes spill loads
ptxas info    : Used 22 registers, used 1 barriers
ptxas info    : Compile time = 5.537 ms
ptxas info    : Compiling entry function '_ZN3aut12lns_strategy18gemv_thread_kernelINS_3lns8lns12_r6ELNS_8bitwidth12compute_kindE1ELNS4_14storage_layoutE0ELi1ELNS0_12decoder_kindE5ELNS0_13multiply_kindE1EEEvNS0_12storage_viewIT_XT1_EEESB_mmNS0_12table_bundleIXT0_EEEPNS4_14compute_traitsIXT0_EE4typeE' for 'sm_90'
ptxas info    : Function properties for _ZN3aut12lns_strategy18gemv_thread_kernelINS_3lns8lns12_r6ELNS_8bitwidth12compute_kindE1ELNS4_14storage_layoutE0ELi1ELNS0_12decoder_kindE5ELNS0_13multiply_kindE1EEEvNS0_12storage_viewIT_XT1_EEESB_mmNS0_12table_bundleIXT0_EEEPNS4_14compute_traitsIXT0_EE4typeE
    0 bytes stack frame, 0 bytes spill stores, 0 bytes spill loads
ptxas info    : Used 23 registers, used 1 barriers
ptxas info    : Compile time = 6.164 ms
ptxas info    : Compiling entry function '_ZN3aut12lns_strategy17dot_thread_kernelINS_3lns8lns12_r6ELNS_8bitwidth12compute_kindE1ELNS4_14storage_layoutE0ELi1ELNS0_12decoder_kindE5ELNS0_13multiply_kindE1EEEvNS0_12storage_viewIT_XT1_EEESB_mNS0_12table_bundleIXT0_EEEPNS4_14compute_traitsIXT0_EE4typeE' for 'sm_90'
ptxas info    : Function properties for _ZN3aut12lns_strategy17dot_thread_kernelINS_3lns8lns12_r6ELNS_8bitwidth12compute_kindE1ELNS4_14storage_layoutE0ELi1ELNS0_12decoder_kindE5ELNS0_13multiply_kindE1EEEvNS0_12storage_viewIT_XT1_EEESB_mNS0_12table_bundleIXT0_EEEPNS4_14compute_traitsIXT0_EE4typeE
    0 bytes stack frame, 0 bytes spill stores, 0 bytes spill loads
ptxas info    : Used 25 registers, used 1 barriers
ptxas info    : Compile time = 5.911 ms
ptxas info    : Compiling entry function '_ZN3aut12lns_strategy23gemv_cooperative_kernelINS_3lns8lns12_r6ELNS_8bitwidth12compute_kindE1ELNS0_12decoder_kindE5ELNS0_13multiply_kindE0EEEvPKjS9_mmNS0_12table_bundleIXT0_EEEPNS4_14compute_traitsIXT0_EE4typeE' for 'sm_90'
ptxas info    : Function properties for _ZN3aut12lns_strategy23gemv_cooperative_kernelINS_3lns8lns12_r6ELNS_8bitwidth12compute_kindE1ELNS0_12decoder_kindE5ELNS0_13multiply_kindE0EEEvPKjS9_mmNS0_12table_bundleIXT0_EEEPNS4_14compute_traitsIXT0_EE4typeE
    0 bytes stack frame, 0 bytes spill stores, 0 bytes spill loads
ptxas info    : Used 29 registers, used 1 barriers
ptxas info    : Compile time = 7.855 ms
ptxas info    : Compiling entry function '_ZN3aut12lns_strategy22dot_cooperative_kernelINS_3lns8lns12_r6ELNS_8bitwidth12compute_kindE1ELNS0_12decoder_kindE5ELNS0_13multiply_kindE0EEEvPKjS9_mNS0_12table_bundleIXT0_EEEPNS4_14compute_traitsIXT0_EE4typeE' for 'sm_90'
ptxas info    : Function properties for _ZN3aut12lns_strategy22dot_cooperative_kernelINS_3lns8lns12_r6ELNS_8bitwidth12compute_kindE1ELNS0_12decoder_kindE5ELNS0_13multiply_kindE0EEEvPKjS9_mNS0_12table_bundleIXT0_EEEPNS4_14compute_traitsIXT0_EE4typeE
    0 bytes stack frame, 0 bytes spill stores, 0 bytes spill loads
ptxas info    : Used 27 registers, used 1 barriers
ptxas info    : Compile time = 7.721 ms
ptxas info    : Compiling entry function '_ZN3aut12lns_strategy18gemv_thread_kernelINS_3lns8lns12_r6ELNS_8bitwidth12compute_kindE1ELNS4_14storage_layoutE1ELi8ELNS0_12decoder_kindE5ELNS0_13multiply_kindE0EEEvNS0_12storage_viewIT_XT1_EEESB_mmNS0_12table_bundleIXT0_EEEPNS4_14compute_traitsIXT0_EE4typeE' for 'sm_90'
ptxas info    : Function properties for _ZN3aut12lns_strategy18gemv_thread_kernelINS_3lns8lns12_r6ELNS_8bitwidth12compute_kindE1ELNS4_14storage_layoutE1ELi8ELNS0_12decoder_kindE5ELNS0_13multiply_kindE0EEEvNS0_12storage_viewIT_XT1_EEESB_mmNS0_12table_bundleIXT0_EEEPNS4_14compute_traitsIXT0_EE4typeE
    0 bytes stack frame, 0 bytes spill stores, 0 bytes spill loads
ptxas info    : Used 43 registers, used 1 barriers
ptxas info    : Compile time = 22.002 ms
ptxas info    : Compiling entry function '_ZN3aut12lns_strategy17dot_thread_kernelINS_3lns8lns12_r6ELNS_8bitwidth12compute_kindE1ELNS4_14storage_layoutE1ELi8ELNS0_12decoder_kindE5ELNS0_13multiply_kindE0EEEvNS0_12storage_viewIT_XT1_EEESB_mNS0_12table_bundleIXT0_EEEPNS4_14compute_traitsIXT0_EE4typeE' for 'sm_90'
ptxas info    : Function properties for _ZN3aut12lns_strategy17dot_thread_kernelINS_3lns8lns12_r6ELNS_8bitwidth12compute_kindE1ELNS4_14storage_layoutE1ELi8ELNS0_12decoder_kindE5ELNS0_13multiply_kindE0EEEvNS0_12storage_viewIT_XT1_EEESB_mNS0_12table_bundleIXT0_EEEPNS4_14compute_traitsIXT0_EE4typeE
    0 bytes stack frame, 0 bytes spill stores, 0 bytes spill loads
ptxas info    : Used 45 registers, used 1 barriers
ptxas info    : Compile time = 21.948 ms
ptxas info    : Compiling entry function '_ZN3aut12lns_strategy18gemv_thread_kernelINS_3lns8lns12_r6ELNS_8bitwidth12compute_kindE1ELNS4_14storage_layoutE1ELi4ELNS0_12decoder_kindE5ELNS0_13multiply_kindE0EEEvNS0_12storage_viewIT_XT1_EEESB_mmNS0_12table_bundleIXT0_EEEPNS4_14compute_traitsIXT0_EE4typeE' for 'sm_90'
ptxas info    : Function properties for _ZN3aut12lns_strategy18gemv_thread_kernelINS_3lns8lns12_r6ELNS_8bitwidth12compute_kindE1ELNS4_14storage_layoutE1ELi4ELNS0_12decoder_kindE5ELNS0_13multiply_kindE0EEEvNS0_12storage_viewIT_XT1_EEESB_mmNS0_12table_bundleIXT0_EEEPNS4_14compute_traitsIXT0_EE4typeE
    0 bytes stack frame, 0 bytes spill stores, 0 bytes spill loads
ptxas info    : Used 29 registers, used 1 barriers
ptxas info    : Compile time = 12.619 ms
ptxas info    : Compiling entry function '_ZN3aut12lns_strategy17dot_thread_kernelINS_3lns8lns12_r6ELNS_8bitwidth12compute_kindE1ELNS4_14storage_layoutE1ELi4ELNS0_12decoder_kindE5ELNS0_13multiply_kindE0EEEvNS0_12storage_viewIT_XT1_EEESB_mNS0_12table_bundleIXT0_EEEPNS4_14compute_traitsIXT0_EE4typeE' for 'sm_90'
ptxas info    : Function properties for _ZN3aut12lns_strategy17dot_thread_kernelINS_3lns8lns12_r6ELNS_8bitwidth12compute_kindE1ELNS4_14storage_layoutE1ELi4ELNS0_12decoder_kindE5ELNS0_13multiply_kindE0EEEvNS0_12storage_viewIT_XT1_EEESB_mNS0_12table_bundleIXT0_EEEPNS4_14compute_traitsIXT0_EE4typeE
    0 bytes stack frame, 0 bytes spill stores, 0 bytes spill loads
ptxas info    : Used 32 registers, used 1 barriers
ptxas info    : Compile time = 12.893 ms
ptxas info    : Compiling entry function '_ZN3aut12lns_strategy18gemv_thread_kernelINS_3lns8lns12_r6ELNS_8bitwidth12compute_kindE1ELNS4_14storage_layoutE1ELi2ELNS0_12decoder_kindE5ELNS0_13multiply_kindE0EEEvNS0_12storage_viewIT_XT1_EEESB_mmNS0_12table_bundleIXT0_EEEPNS4_14compute_traitsIXT0_EE4typeE' for 'sm_90'
ptxas info    : Function properties for _ZN3aut12lns_strategy18gemv_thread_kernelINS_3lns8lns12_r6ELNS_8bitwidth12compute_kindE1ELNS4_14storage_layoutE1ELi2ELNS0_12decoder_kindE5ELNS0_13multiply_kindE0EEEvNS0_12storage_viewIT_XT1_EEESB_mmNS0_12table_bundleIXT0_EEEPNS4_14compute_traitsIXT0_EE4typeE
    0 bytes stack frame, 0 bytes spill stores, 0 bytes spill loads
ptxas info    : Used 25 registers, used 1 barriers
ptxas info    : Compile time = 8.351 ms
ptxas info    : Compiling entry function '_ZN3aut12lns_strategy17dot_thread_kernelINS_3lns8lns12_r6ELNS_8bitwidth12compute_kindE1ELNS4_14storage_layoutE1ELi2ELNS0_12decoder_kindE5ELNS0_13multiply_kindE0EEEvNS0_12storage_viewIT_XT1_EEESB_mNS0_12table_bundleIXT0_EEEPNS4_14compute_traitsIXT0_EE4typeE' for 'sm_90'
ptxas info    : Function properties for _ZN3aut12lns_strategy17dot_thread_kernelINS_3lns8lns12_r6ELNS_8bitwidth12compute_kindE1ELNS4_14storage_layoutE1ELi2ELNS0_12decoder_kindE5ELNS0_13multiply_kindE0EEEvNS0_12storage_viewIT_XT1_EEESB_mNS0_12table_bundleIXT0_EEEPNS4_14compute_traitsIXT0_EE4typeE
    0 bytes stack frame, 0 bytes spill stores, 0 bytes spill loads
ptxas info    : Used 29 registers, used 1 barriers
ptxas info    : Compile time = 8.479 ms
ptxas info    : Compiling entry function '_ZN3aut12lns_strategy18gemv_thread_kernelINS_3lns8lns12_r6ELNS_8bitwidth12compute_kindE1ELNS4_14storage_layoutE0ELi8ELNS0_12decoder_kindE5ELNS0_13multiply_kindE0EEEvNS0_12storage_viewIT_XT1_EEESB_mmNS0_12table_bundleIXT0_EEEPNS4_14compute_traitsIXT0_EE4typeE' for 'sm_90'
ptxas info    : Function properties for _ZN3aut12lns_strategy18gemv_thread_kernelINS_3lns8lns12_r6ELNS_8bitwidth12compute_kindE1ELNS4_14storage_layoutE0ELi8ELNS0_12decoder_kindE5ELNS0_13multiply_kindE0EEEvNS0_12storage_viewIT_XT1_EEESB_mmNS0_12table_bundleIXT0_EEEPNS4_14compute_traitsIXT0_EE4typeE
    0 bytes stack frame, 0 bytes spill stores, 0 bytes spill loads
ptxas info    : Used 40 registers, used 1 barriers
ptxas info    : Compile time = 26.676 ms
ptxas info    : Compiling entry function '_ZN3aut12lns_strategy17dot_thread_kernelINS_3lns8lns12_r6ELNS_8bitwidth12compute_kindE1ELNS4_14storage_layoutE0ELi8ELNS0_12decoder_kindE5ELNS0_13multiply_kindE0EEEvNS0_12storage_viewIT_XT1_EEESB_mNS0_12table_bundleIXT0_EEEPNS4_14compute_traitsIXT0_EE4typeE' for 'sm_90'
ptxas info    : Function properties for _ZN3aut12lns_strategy17dot_thread_kernelINS_3lns8lns12_r6ELNS_8bitwidth12compute_kindE1ELNS4_14storage_layoutE0ELi8ELNS0_12decoder_kindE5ELNS0_13multiply_kindE0EEEvNS0_12storage_viewIT_XT1_EEESB_mNS0_12table_bundleIXT0_EEEPNS4_14compute_traitsIXT0_EE4typeE
    0 bytes stack frame, 0 bytes spill stores, 0 bytes spill loads
ptxas info    : Used 40 registers, used 1 barriers
ptxas info    : Compile time = 24.382 ms
ptxas info    : Compiling entry function '_ZN3aut12lns_strategy18gemv_thread_kernelINS_3lns8lns12_r6ELNS_8bitwidth12compute_kindE1ELNS4_14storage_layoutE0ELi4ELNS0_12decoder_kindE5ELNS0_13multiply_kindE0EEEvNS0_12storage_viewIT_XT1_EEESB_mmNS0_12table_bundleIXT0_EEEPNS4_14compute_traitsIXT0_EE4typeE' for 'sm_90'
ptxas info    : Function properties for _ZN3aut12lns_strategy18gemv_thread_kernelINS_3lns8lns12_r6ELNS_8bitwidth12compute_kindE1ELNS4_14storage_layoutE0ELi4ELNS0_12decoder_kindE5ELNS0_13multiply_kindE0EEEvNS0_12storage_viewIT_XT1_EEESB_mmNS0_12table_bundleIXT0_EEEPNS4_14compute_traitsIXT0_EE4typeE
    0 bytes stack frame, 0 bytes spill stores, 0 bytes spill loads
ptxas info    : Used 40 registers, used 1 barriers
ptxas info    : Compile time = 15.491 ms
ptxas info    : Compiling entry function '_ZN3aut12lns_strategy17dot_thread_kernelINS_3lns8lns12_r6ELNS_8bitwidth12compute_kindE1ELNS4_14storage_layoutE0ELi4ELNS0_12decoder_kindE5ELNS0_13multiply_kindE0EEEvNS0_12storage_viewIT_XT1_EEESB_mNS0_12table_bundleIXT0_EEEPNS4_14compute_traitsIXT0_EE4typeE' for 'sm_90'
ptxas info    : Function properties for _ZN3aut12lns_strategy17dot_thread_kernelINS_3lns8lns12_r6ELNS_8bitwidth12compute_kindE1ELNS4_14storage_layoutE0ELi4ELNS0_12decoder_kindE5ELNS0_13multiply_kindE0EEEvNS0_12storage_viewIT_XT1_EEESB_mNS0_12table_bundleIXT0_EEEPNS4_14compute_traitsIXT0_EE4typeE
    0 bytes stack frame, 0 bytes spill stores, 0 bytes spill loads
ptxas info    : Used 40 registers, used 1 barriers
ptxas info    : Compile time = 15.430 ms
ptxas info    : Compiling entry function '_ZN3aut12lns_strategy18gemv_thread_kernelINS_3lns8lns12_r6ELNS_8bitwidth12compute_kindE1ELNS4_14storage_layoutE0ELi2ELNS0_12decoder_kindE5ELNS0_13multiply_kindE0EEEvNS0_12storage_viewIT_XT1_EEESB_mmNS0_12table_bundleIXT0_EEEPNS4_14compute_traitsIXT0_EE4typeE' for 'sm_90'
ptxas info    : Function properties for _ZN3aut12lns_strategy18gemv_thread_kernelINS_3lns8lns12_r6ELNS_8bitwidth12compute_kindE1ELNS4_14storage_layoutE0ELi2ELNS0_12decoder_kindE5ELNS0_13multiply_kindE0EEEvNS0_12storage_viewIT_XT1_EEESB_mmNS0_12table_bundleIXT0_EEEPNS4_14compute_traitsIXT0_EE4typeE
    0 bytes stack frame, 0 bytes spill stores, 0 bytes spill loads
ptxas info    : Used 31 registers, used 1 barriers
ptxas info    : Compile time = 9.461 ms
ptxas info    : Compiling entry function '_ZN3aut12lns_strategy17dot_thread_kernelINS_3lns8lns12_r6ELNS_8bitwidth12compute_kindE1ELNS4_14storage_layoutE0ELi2ELNS0_12decoder_kindE5ELNS0_13multiply_kindE0EEEvNS0_12storage_viewIT_XT1_EEESB_mNS0_12table_bundleIXT0_EEEPNS4_14compute_traitsIXT0_EE4typeE' for 'sm_90'
ptxas info    : Function properties for _ZN3aut12lns_strategy17dot_thread_kernelINS_3lns8lns12_r6ELNS_8bitwidth12compute_kindE1ELNS4_14storage_layoutE0ELi2ELNS0_12decoder_kindE5ELNS0_13multiply_kindE0EEEvNS0_12storage_viewIT_XT1_EEESB_mNS0_12table_bundleIXT0_EEEPNS4_14compute_traitsIXT0_EE4typeE
    0 bytes stack frame, 0 bytes spill stores, 0 bytes spill loads
ptxas info    : Used 32 registers, used 1 barriers
ptxas info    : Compile time = 9.390 ms
ptxas info    : Compiling entry function '_ZN3aut12lns_strategy18gemv_thread_kernelINS_3lns8lns12_r6ELNS_8bitwidth12compute_kindE1ELNS4_14storage_layoutE1ELi1ELNS0_12decoder_kindE5ELNS0_13multiply_kindE0EEEvNS0_12storage_viewIT_XT1_EEESB_mmNS0_12table_bundleIXT0_EEEPNS4_14compute_traitsIXT0_EE4typeE' for 'sm_90'
ptxas info    : Function properties for _ZN3aut12lns_strategy18gemv_thread_kernelINS_3lns8lns12_r6ELNS_8bitwidth12compute_kindE1ELNS4_14storage_layoutE1ELi1ELNS0_12decoder_kindE5ELNS0_13multiply_kindE0EEEvNS0_12storage_viewIT_XT1_EEESB_mmNS0_12table_bundleIXT0_EEEPNS4_14compute_traitsIXT0_EE4typeE
    0 bytes stack frame, 0 bytes spill stores, 0 bytes spill loads
ptxas info    : Used 23 registers, used 1 barriers
ptxas info    : Compile time = 6.066 ms
ptxas info    : Compiling entry function '_ZN3aut12lns_strategy17dot_thread_kernelINS_3lns8lns12_r6ELNS_8bitwidth12compute_kindE1ELNS4_14storage_layoutE1ELi1ELNS0_12decoder_kindE5ELNS0_13multiply_kindE0EEEvNS0_12storage_viewIT_XT1_EEESB_mNS0_12table_bundleIXT0_EEEPNS4_14compute_traitsIXT0_EE4typeE' for 'sm_90'
ptxas info    : Function properties for _ZN3aut12lns_strategy17dot_thread_kernelINS_3lns8lns12_r6ELNS_8bitwidth12compute_kindE1ELNS4_14storage_layoutE1ELi1ELNS0_12decoder_kindE5ELNS0_13multiply_kindE0EEEvNS0_12storage_viewIT_XT1_EEESB_mNS0_12table_bundleIXT0_EEEPNS4_14compute_traitsIXT0_EE4typeE
    0 bytes stack frame, 0 bytes spill stores, 0 bytes spill loads
ptxas info    : Used 25 registers, used 1 barriers
ptxas info    : Compile time = 5.972 ms
ptxas info    : Compiling entry function '_ZN3aut12lns_strategy18gemv_thread_kernelINS_3lns8lns12_r6ELNS_8bitwidth12compute_kindE1ELNS4_14storage_layoutE0ELi1ELNS0_12decoder_kindE5ELNS0_13multiply_kindE0EEEvNS0_12storage_viewIT_XT1_EEESB_mmNS0_12table_bundleIXT0_EEEPNS4_14compute_traitsIXT0_EE4typeE' for 'sm_90'
ptxas info    : Function properties for _ZN3aut12lns_strategy18gemv_thread_kernelINS_3lns8lns12_r6ELNS_8bitwidth12compute_kindE1ELNS4_14storage_layoutE0ELi1ELNS0_12decoder_kindE5ELNS0_13multiply_kindE0EEEvNS0_12storage_viewIT_XT1_EEESB_mmNS0_12table_bundleIXT0_EEEPNS4_14compute_traitsIXT0_EE4typeE
    0 bytes stack frame, 0 bytes spill stores, 0 bytes spill loads
ptxas info    : Used 23 registers, used 1 barriers
ptxas info    : Compile time = 6.626 ms
ptxas info    : Compiling entry function '_ZN3aut12lns_strategy17dot_thread_kernelINS_3lns8lns12_r6ELNS_8bitwidth12compute_kindE1ELNS4_14storage_layoutE0ELi1ELNS0_12decoder_kindE5ELNS0_13multiply_kindE0EEEvNS0_12storage_viewIT_XT1_EEESB_mNS0_12table_bundleIXT0_EEEPNS4_14compute_traitsIXT0_EE4typeE' for 'sm_90'
ptxas info    : Function properties for _ZN3aut12lns_strategy17dot_thread_kernelINS_3lns8lns12_r6ELNS_8bitwidth12compute_kindE1ELNS4_14storage_layoutE0ELi1ELNS0_12decoder_kindE5ELNS0_13multiply_kindE0EEEvNS0_12storage_viewIT_XT1_EEESB_mNS0_12table_bundleIXT0_EEEPNS4_14compute_traitsIXT0_EE4typeE
    0 bytes stack frame, 0 bytes spill stores, 0 bytes spill loads
ptxas info    : Used 24 registers, used 1 barriers
ptxas info    : Compile time = 6.317 ms
ptxas info    : Compiling entry function '_ZN3aut12lns_strategy23gemv_cooperative_kernelINS_3lns8lns12_r6ELNS_8bitwidth12compute_kindE1ELNS0_12decoder_kindE4ELNS0_13multiply_kindE1EEEvPKjS9_mmNS0_12table_bundleIXT0_EEEPNS4_14compute_traitsIXT0_EE4typeE' for 'sm_90'
ptxas info    : Function properties for _ZN3aut12lns_strategy23gemv_cooperative_kernelINS_3lns8lns12_r6ELNS_8bitwidth12compute_kindE1ELNS0_12decoder_kindE4ELNS0_13multiply_kindE1EEEvPKjS9_mmNS0_12table_bundleIXT0_EEEPNS4_14compute_traitsIXT0_EE4typeE
    0 bytes stack frame, 0 bytes spill stores, 0 bytes spill loads
ptxas info    : Used 30 registers, used 1 barriers
ptxas info    : Compile time = 6.941 ms
ptxas info    : Compiling entry function '_ZN3aut12lns_strategy22dot_cooperative_kernelINS_3lns8lns12_r6ELNS_8bitwidth12compute_kindE1ELNS0_12decoder_kindE4ELNS0_13multiply_kindE1EEEvPKjS9_mNS0_12table_bundleIXT0_EEEPNS4_14compute_traitsIXT0_EE4typeE' for 'sm_90'
ptxas info    : Function properties for _ZN3aut12lns_strategy22dot_cooperative_kernelINS_3lns8lns12_r6ELNS_8bitwidth12compute_kindE1ELNS0_12decoder_kindE4ELNS0_13multiply_kindE1EEEvPKjS9_mNS0_12table_bundleIXT0_EEEPNS4_14compute_traitsIXT0_EE4typeE
    0 bytes stack frame, 0 bytes spill stores, 0 bytes spill loads
ptxas info    : Used 28 registers, used 1 barriers
ptxas info    : Compile time = 6.762 ms
ptxas info    : Compiling entry function '_ZN3aut12lns_strategy18gemv_thread_kernelINS_3lns8lns12_r6ELNS_8bitwidth12compute_kindE1ELNS4_14storage_layoutE1ELi8ELNS0_12decoder_kindE4ELNS0_13multiply_kindE1EEEvNS0_12storage_viewIT_XT1_EEESB_mmNS0_12table_bundleIXT0_EEEPNS4_14compute_traitsIXT0_EE4typeE' for 'sm_90'
ptxas info    : Function properties for _ZN3aut12lns_strategy18gemv_thread_kernelINS_3lns8lns12_r6ELNS_8bitwidth12compute_kindE1ELNS4_14storage_layoutE1ELi8ELNS0_12decoder_kindE4ELNS0_13multiply_kindE1EEEvNS0_12storage_viewIT_XT1_EEESB_mmNS0_12table_bundleIXT0_EEEPNS4_14compute_traitsIXT0_EE4typeE
    0 bytes stack frame, 0 bytes spill stores, 0 bytes spill loads
ptxas info    : Used 32 registers, used 1 barriers
ptxas info    : Compile time = 18.225 ms
ptxas info    : Compiling entry function '_ZN3aut12lns_strategy17dot_thread_kernelINS_3lns8lns12_r6ELNS_8bitwidth12compute_kindE1ELNS4_14storage_layoutE1ELi8ELNS0_12decoder_kindE4ELNS0_13multiply_kindE1EEEvNS0_12storage_viewIT_XT1_EEESB_mNS0_12table_bundleIXT0_EEEPNS4_14compute_traitsIXT0_EE4typeE' for 'sm_90'
ptxas info    : Function properties for _ZN3aut12lns_strategy17dot_thread_kernelINS_3lns8lns12_r6ELNS_8bitwidth12compute_kindE1ELNS4_14storage_layoutE1ELi8ELNS0_12decoder_kindE4ELNS0_13multiply_kindE1EEEvNS0_12storage_viewIT_XT1_EEESB_mNS0_12table_bundleIXT0_EEEPNS4_14compute_traitsIXT0_EE4typeE
    0 bytes stack frame, 0 bytes spill stores, 0 bytes spill loads
ptxas info    : Used 35 registers, used 1 barriers
ptxas info    : Compile time = 18.505 ms
ptxas info    : Compiling entry function '_ZN3aut12lns_strategy18gemv_thread_kernelINS_3lns8lns12_r6ELNS_8bitwidth12compute_kindE1ELNS4_14storage_layoutE1ELi4ELNS0_12decoder_kindE4ELNS0_13multiply_kindE1EEEvNS0_12storage_viewIT_XT1_EEESB_mmNS0_12table_bundleIXT0_EEEPNS4_14compute_traitsIXT0_EE4typeE' for 'sm_90'
ptxas info    : Function properties for _ZN3aut12lns_strategy18gemv_thread_kernelINS_3lns8lns12_r6ELNS_8bitwidth12compute_kindE1ELNS4_14storage_layoutE1ELi4ELNS0_12decoder_kindE4ELNS0_13multiply_kindE1EEEvNS0_12storage_viewIT_XT1_EEESB_mmNS0_12table_bundleIXT0_EEEPNS4_14compute_traitsIXT0_EE4typeE
    0 bytes stack frame, 0 bytes spill stores, 0 bytes spill loads
ptxas info    : Used 26 registers, used 1 barriers
ptxas info    : Compile time = 10.776 ms
ptxas info    : Compiling entry function '_ZN3aut12lns_strategy17dot_thread_kernelINS_3lns8lns12_r6ELNS_8bitwidth12compute_kindE1ELNS4_14storage_layoutE1ELi4ELNS0_12decoder_kindE4ELNS0_13multiply_kindE1EEEvNS0_12storage_viewIT_XT1_EEESB_mNS0_12table_bundleIXT0_EEEPNS4_14compute_traitsIXT0_EE4typeE' for 'sm_90'
ptxas info    : Function properties for _ZN3aut12lns_strategy17dot_thread_kernelINS_3lns8lns12_r6ELNS_8bitwidth12compute_kindE1ELNS4_14storage_layoutE1ELi4ELNS0_12decoder_kindE4ELNS0_13multiply_kindE1EEEvNS0_12storage_viewIT_XT1_EEESB_mNS0_12table_bundleIXT0_EEEPNS4_14compute_traitsIXT0_EE4typeE
    0 bytes stack frame, 0 bytes spill stores, 0 bytes spill loads
ptxas info    : Used 31 registers, used 1 barriers
ptxas info    : Compile time = 10.885 ms
ptxas info    : Compiling entry function '_ZN3aut12lns_strategy18gemv_thread_kernelINS_3lns8lns12_r6ELNS_8bitwidth12compute_kindE1ELNS4_14storage_layoutE1ELi2ELNS0_12decoder_kindE4ELNS0_13multiply_kindE1EEEvNS0_12storage_viewIT_XT1_EEESB_mmNS0_12table_bundleIXT0_EEEPNS4_14compute_traitsIXT0_EE4typeE' for 'sm_90'
ptxas info    : Function properties for _ZN3aut12lns_strategy18gemv_thread_kernelINS_3lns8lns12_r6ELNS_8bitwidth12compute_kindE1ELNS4_14storage_layoutE1ELi2ELNS0_12decoder_kindE4ELNS0_13multiply_kindE1EEEvNS0_12storage_viewIT_XT1_EEESB_mmNS0_12table_bundleIXT0_EEEPNS4_14compute_traitsIXT0_EE4typeE
    0 bytes stack frame, 0 bytes spill stores, 0 bytes spill loads
ptxas info    : Used 22 registers, used 1 barriers
ptxas info    : Compile time = 7.191 ms
ptxas info    : Compiling entry function '_ZN3aut12lns_strategy17dot_thread_kernelINS_3lns8lns12_r6ELNS_8bitwidth12compute_kindE1ELNS4_14storage_layoutE1ELi2ELNS0_12decoder_kindE4ELNS0_13multiply_kindE1EEEvNS0_12storage_viewIT_XT1_EEESB_mNS0_12table_bundleIXT0_EEEPNS4_14compute_traitsIXT0_EE4typeE' for 'sm_90'
ptxas info    : Function properties for _ZN3aut12lns_strategy17dot_thread_kernelINS_3lns8lns12_r6ELNS_8bitwidth12compute_kindE1ELNS4_14storage_layoutE1ELi2ELNS0_12decoder_kindE4ELNS0_13multiply_kindE1EEEvNS0_12storage_viewIT_XT1_EEESB_mNS0_12table_bundleIXT0_EEEPNS4_14compute_traitsIXT0_EE4typeE
    0 bytes stack frame, 0 bytes spill stores, 0 bytes spill loads
ptxas info    : Used 28 registers, used 1 barriers
ptxas info    : Compile time = 7.244 ms
ptxas info    : Compiling entry function '_ZN3aut12lns_strategy18gemv_thread_kernelINS_3lns8lns12_r6ELNS_8bitwidth12compute_kindE1ELNS4_14storage_layoutE0ELi8ELNS0_12decoder_kindE4ELNS0_13multiply_kindE1EEEvNS0_12storage_viewIT_XT1_EEESB_mmNS0_12table_bundleIXT0_EEEPNS4_14compute_traitsIXT0_EE4typeE' for 'sm_90'
ptxas info    : Function properties for _ZN3aut12lns_strategy18gemv_thread_kernelINS_3lns8lns12_r6ELNS_8bitwidth12compute_kindE1ELNS4_14storage_layoutE0ELi8ELNS0_12decoder_kindE4ELNS0_13multiply_kindE1EEEvNS0_12storage_viewIT_XT1_EEESB_mmNS0_12table_bundleIXT0_EEEPNS4_14compute_traitsIXT0_EE4typeE
    0 bytes stack frame, 0 bytes spill stores, 0 bytes spill loads
ptxas info    : Used 40 registers, used 1 barriers
ptxas info    : Compile time = 21.988 ms
ptxas info    : Compiling entry function '_ZN3aut12lns_strategy17dot_thread_kernelINS_3lns8lns12_r6ELNS_8bitwidth12compute_kindE1ELNS4_14storage_layoutE0ELi8ELNS0_12decoder_kindE4ELNS0_13multiply_kindE1EEEvNS0_12storage_viewIT_XT1_EEESB_mNS0_12table_bundleIXT0_EEEPNS4_14compute_traitsIXT0_EE4typeE' for 'sm_90'
ptxas info    : Function properties for _ZN3aut12lns_strategy17dot_thread_kernelINS_3lns8lns12_r6ELNS_8bitwidth12compute_kindE1ELNS4_14storage_layoutE0ELi8ELNS0_12decoder_kindE4ELNS0_13multiply_kindE1EEEvNS0_12storage_viewIT_XT1_EEESB_mNS0_12table_bundleIXT0_EEEPNS4_14compute_traitsIXT0_EE4typeE
    0 bytes stack frame, 0 bytes spill stores, 0 bytes spill loads
ptxas info    : Used 40 registers, used 1 barriers
ptxas info    : Compile time = 20.003 ms
ptxas info    : Compiling entry function '_ZN3aut12lns_strategy18gemv_thread_kernelINS_3lns8lns12_r6ELNS_8bitwidth12compute_kindE1ELNS4_14storage_layoutE0ELi4ELNS0_12decoder_kindE4ELNS0_13multiply_kindE1EEEvNS0_12storage_viewIT_XT1_EEESB_mmNS0_12table_bundleIXT0_EEEPNS4_14compute_traitsIXT0_EE4typeE' for 'sm_90'
ptxas info    : Function properties for _ZN3aut12lns_strategy18gemv_thread_kernelINS_3lns8lns12_r6ELNS_8bitwidth12compute_kindE1ELNS4_14storage_layoutE0ELi4ELNS0_12decoder_kindE4ELNS0_13multiply_kindE1EEEvNS0_12storage_viewIT_XT1_EEESB_mmNS0_12table_bundleIXT0_EEEPNS4_14compute_traitsIXT0_EE4typeE
    0 bytes stack frame, 0 bytes spill stores, 0 bytes spill loads
ptxas info    : Used 40 registers, used 1 barriers
ptxas info    : Compile time = 13.397 ms
ptxas info    : Compiling entry function '_ZN3aut12lns_strategy17dot_thread_kernelINS_3lns8lns12_r6ELNS_8bitwidth12compute_kindE1ELNS4_14storage_layoutE0ELi4ELNS0_12decoder_kindE4ELNS0_13multiply_kindE1EEEvNS0_12storage_viewIT_XT1_EEESB_mNS0_12table_bundleIXT0_EEEPNS4_14compute_traitsIXT0_EE4typeE' for 'sm_90'
ptxas info    : Function properties for _ZN3aut12lns_strategy17dot_thread_kernelINS_3lns8lns12_r6ELNS_8bitwidth12compute_kindE1ELNS4_14storage_layoutE0ELi4ELNS0_12decoder_kindE4ELNS0_13multiply_kindE1EEEvNS0_12storage_viewIT_XT1_EEESB_mNS0_12table_bundleIXT0_EEEPNS4_14compute_traitsIXT0_EE4typeE
    0 bytes stack frame, 0 bytes spill stores, 0 bytes spill loads
ptxas info    : Used 40 registers, used 1 barriers
ptxas info    : Compile time = 13.052 ms
ptxas info    : Compiling entry function '_ZN3aut12lns_strategy18gemv_thread_kernelINS_3lns8lns12_r6ELNS_8bitwidth12compute_kindE1ELNS4_14storage_layoutE0ELi2ELNS0_12decoder_kindE4ELNS0_13multiply_kindE1EEEvNS0_12storage_viewIT_XT1_EEESB_mmNS0_12table_bundleIXT0_EEEPNS4_14compute_traitsIXT0_EE4typeE' for 'sm_90'
ptxas info    : Function properties for _ZN3aut12lns_strategy18gemv_thread_kernelINS_3lns8lns12_r6ELNS_8bitwidth12compute_kindE1ELNS4_14storage_layoutE0ELi2ELNS0_12decoder_kindE4ELNS0_13multiply_kindE1EEEvNS0_12storage_viewIT_XT1_EEESB_mmNS0_12table_bundleIXT0_EEEPNS4_14compute_traitsIXT0_EE4typeE
    0 bytes stack frame, 0 bytes spill stores, 0 bytes spill loads
ptxas info    : Used 30 registers, used 1 barriers
ptxas info    : Compile time = 8.206 ms
ptxas info    : Compiling entry function '_ZN3aut12lns_strategy17dot_thread_kernelINS_3lns8lns12_r6ELNS_8bitwidth12compute_kindE1ELNS4_14storage_layoutE0ELi2ELNS0_12decoder_kindE4ELNS0_13multiply_kindE1EEEvNS0_12storage_viewIT_XT1_EEESB_mNS0_12table_bundleIXT0_EEEPNS4_14compute_traitsIXT0_EE4typeE' for 'sm_90'
ptxas info    : Function properties for _ZN3aut12lns_strategy17dot_thread_kernelINS_3lns8lns12_r6ELNS_8bitwidth12compute_kindE1ELNS4_14storage_layoutE0ELi2ELNS0_12decoder_kindE4ELNS0_13multiply_kindE1EEEvNS0_12storage_viewIT_XT1_EEESB_mNS0_12table_bundleIXT0_EEEPNS4_14compute_traitsIXT0_EE4typeE
    0 bytes stack frame, 0 bytes spill stores, 0 bytes spill loads
ptxas info    : Used 32 registers, used 1 barriers
ptxas info    : Compile time = 8.146 ms
ptxas info    : Compiling entry function '_ZN3aut12lns_strategy18gemv_thread_kernelINS_3lns8lns12_r6ELNS_8bitwidth12compute_kindE1ELNS4_14storage_layoutE1ELi1ELNS0_12decoder_kindE4ELNS0_13multiply_kindE1EEEvNS0_12storage_viewIT_XT1_EEESB_mmNS0_12table_bundleIXT0_EEEPNS4_14compute_traitsIXT0_EE4typeE' for 'sm_90'
ptxas info    : Function properties for _ZN3aut12lns_strategy18gemv_thread_kernelINS_3lns8lns12_r6ELNS_8bitwidth12compute_kindE1ELNS4_14storage_layoutE1ELi1ELNS0_12decoder_kindE4ELNS0_13multiply_kindE1EEEvNS0_12storage_viewIT_XT1_EEESB_mmNS0_12table_bundleIXT0_EEEPNS4_14compute_traitsIXT0_EE4typeE
    0 bytes stack frame, 0 bytes spill stores, 0 bytes spill loads
ptxas info    : Used 21 registers, used 1 barriers
ptxas info    : Compile time = 5.194 ms
ptxas info    : Compiling entry function '_ZN3aut12lns_strategy17dot_thread_kernelINS_3lns8lns12_r6ELNS_8bitwidth12compute_kindE1ELNS4_14storage_layoutE1ELi1ELNS0_12decoder_kindE4ELNS0_13multiply_kindE1EEEvNS0_12storage_viewIT_XT1_EEESB_mNS0_12table_bundleIXT0_EEEPNS4_14compute_traitsIXT0_EE4typeE' for 'sm_90'
ptxas info    : Function properties for _ZN3aut12lns_strategy17dot_thread_kernelINS_3lns8lns12_r6ELNS_8bitwidth12compute_kindE1ELNS4_14storage_layoutE1ELi1ELNS0_12decoder_kindE4ELNS0_13multiply_kindE1EEEvNS0_12storage_viewIT_XT1_EEESB_mNS0_12table_bundleIXT0_EEEPNS4_14compute_traitsIXT0_EE4typeE
    0 bytes stack frame, 0 bytes spill stores, 0 bytes spill loads
ptxas info    : Used 22 registers, used 1 barriers
ptxas info    : Compile time = 5.044 ms
ptxas info    : Compiling entry function '_ZN3aut12lns_strategy18gemv_thread_kernelINS_3lns8lns12_r6ELNS_8bitwidth12compute_kindE1ELNS4_14storage_layoutE0ELi1ELNS0_12decoder_kindE4ELNS0_13multiply_kindE1EEEvNS0_12storage_viewIT_XT1_EEESB_mmNS0_12table_bundleIXT0_EEEPNS4_14compute_traitsIXT0_EE4typeE' for 'sm_90'
ptxas info    : Function properties for _ZN3aut12lns_strategy18gemv_thread_kernelINS_3lns8lns12_r6ELNS_8bitwidth12compute_kindE1ELNS4_14storage_layoutE0ELi1ELNS0_12decoder_kindE4ELNS0_13multiply_kindE1EEEvNS0_12storage_viewIT_XT1_EEESB_mmNS0_12table_bundleIXT0_EEEPNS4_14compute_traitsIXT0_EE4typeE
    0 bytes stack frame, 0 bytes spill stores, 0 bytes spill loads
ptxas info    : Used 23 registers, used 1 barriers
ptxas info    : Compile time = 5.706 ms
ptxas info    : Compiling entry function '_ZN3aut12lns_strategy17dot_thread_kernelINS_3lns8lns12_r6ELNS_8bitwidth12compute_kindE1ELNS4_14storage_layoutE0ELi1ELNS0_12decoder_kindE4ELNS0_13multiply_kindE1EEEvNS0_12storage_viewIT_XT1_EEESB_mNS0_12table_bundleIXT0_EEEPNS4_14compute_traitsIXT0_EE4typeE' for 'sm_90'
ptxas info    : Function properties for _ZN3aut12lns_strategy17dot_thread_kernelINS_3lns8lns12_r6ELNS_8bitwidth12compute_kindE1ELNS4_14storage_layoutE0ELi1ELNS0_12decoder_kindE4ELNS0_13multiply_kindE1EEEvNS0_12storage_viewIT_XT1_EEESB_mNS0_12table_bundleIXT0_EEEPNS4_14compute_traitsIXT0_EE4typeE
    0 bytes stack frame, 0 bytes spill stores, 0 bytes spill loads
ptxas info    : Used 24 registers, used 1 barriers
ptxas info    : Compile time = 5.416 ms
ptxas info    : Compiling entry function '_ZN3aut12lns_strategy23gemv_cooperative_kernelINS_3lns8lns12_r6ELNS_8bitwidth12compute_kindE1ELNS0_12decoder_kindE4ELNS0_13multiply_kindE0EEEvPKjS9_mmNS0_12table_bundleIXT0_EEEPNS4_14compute_traitsIXT0_EE4typeE' for 'sm_90'
ptxas info    : Function properties for _ZN3aut12lns_strategy23gemv_cooperative_kernelINS_3lns8lns12_r6ELNS_8bitwidth12compute_kindE1ELNS0_12decoder_kindE4ELNS0_13multiply_kindE0EEEvPKjS9_mmNS0_12table_bundleIXT0_EEEPNS4_14compute_traitsIXT0_EE4typeE
    0 bytes stack frame, 0 bytes spill stores, 0 bytes spill loads
ptxas info    : Used 30 registers, used 1 barriers
ptxas info    : Compile time = 7.466 ms
ptxas info    : Compiling entry function '_ZN3aut12lns_strategy22dot_cooperative_kernelINS_3lns8lns12_r6ELNS_8bitwidth12compute_kindE1ELNS0_12decoder_kindE4ELNS0_13multiply_kindE0EEEvPKjS9_mNS0_12table_bundleIXT0_EEEPNS4_14compute_traitsIXT0_EE4typeE' for 'sm_90'
ptxas info    : Function properties for _ZN3aut12lns_strategy22dot_cooperative_kernelINS_3lns8lns12_r6ELNS_8bitwidth12compute_kindE1ELNS0_12decoder_kindE4ELNS0_13multiply_kindE0EEEvPKjS9_mNS0_12table_bundleIXT0_EEEPNS4_14compute_traitsIXT0_EE4typeE
    0 bytes stack frame, 0 bytes spill stores, 0 bytes spill loads
ptxas info    : Used 27 registers, used 1 barriers
ptxas info    : Compile time = 7.296 ms
ptxas info    : Compiling entry function '_ZN3aut12lns_strategy18gemv_thread_kernelINS_3lns8lns12_r6ELNS_8bitwidth12compute_kindE1ELNS4_14storage_layoutE1ELi8ELNS0_12decoder_kindE4ELNS0_13multiply_kindE0EEEvNS0_12storage_viewIT_XT1_EEESB_mmNS0_12table_bundleIXT0_EEEPNS4_14compute_traitsIXT0_EE4typeE' for 'sm_90'
ptxas info    : Function properties for _ZN3aut12lns_strategy18gemv_thread_kernelINS_3lns8lns12_r6ELNS_8bitwidth12compute_kindE1ELNS4_14storage_layoutE1ELi8ELNS0_12decoder_kindE4ELNS0_13multiply_kindE0EEEvNS0_12storage_viewIT_XT1_EEESB_mmNS0_12table_bundleIXT0_EEEPNS4_14compute_traitsIXT0_EE4typeE
    0 bytes stack frame, 0 bytes spill stores, 0 bytes spill loads
ptxas info    : Used 35 registers, used 1 barriers
ptxas info    : Compile time = 23.309 ms
ptxas info    : Compiling entry function '_ZN3aut12lns_strategy17dot_thread_kernelINS_3lns8lns12_r6ELNS_8bitwidth12compute_kindE1ELNS4_14storage_layoutE1ELi8ELNS0_12decoder_kindE4ELNS0_13multiply_kindE0EEEvNS0_12storage_viewIT_XT1_EEESB_mNS0_12table_bundleIXT0_EEEPNS4_14compute_traitsIXT0_EE4typeE' for 'sm_90'
ptxas info    : Function properties for _ZN3aut12lns_strategy17dot_thread_kernelINS_3lns8lns12_r6ELNS_8bitwidth12compute_kindE1ELNS4_14storage_layoutE1ELi8ELNS0_12decoder_kindE4ELNS0_13multiply_kindE0EEEvNS0_12storage_viewIT_XT1_EEESB_mNS0_12table_bundleIXT0_EEEPNS4_14compute_traitsIXT0_EE4typeE
    0 bytes stack frame, 0 bytes spill stores, 0 bytes spill loads
ptxas info    : Used 37 registers, used 1 barriers
ptxas info    : Compile time = 23.150 ms
ptxas info    : Compiling entry function '_ZN3aut12lns_strategy18gemv_thread_kernelINS_3lns8lns12_r6ELNS_8bitwidth12compute_kindE1ELNS4_14storage_layoutE1ELi4ELNS0_12decoder_kindE4ELNS0_13multiply_kindE0EEEvNS0_12storage_viewIT_XT1_EEESB_mmNS0_12table_bundleIXT0_EEEPNS4_14compute_traitsIXT0_EE4typeE' for 'sm_90'
ptxas info    : Function properties for _ZN3aut12lns_strategy18gemv_thread_kernelINS_3lns8lns12_r6ELNS_8bitwidth12compute_kindE1ELNS4_14storage_layoutE1ELi4ELNS0_12decoder_kindE4ELNS0_13multiply_kindE0EEEvNS0_12storage_viewIT_XT1_EEESB_mmNS0_12table_bundleIXT0_EEEPNS4_14compute_traitsIXT0_EE4typeE
    0 bytes stack frame, 0 bytes spill stores, 0 bytes spill loads
ptxas info    : Used 29 registers, used 1 barriers
ptxas info    : Compile time = 12.817 ms
ptxas info    : Compiling entry function '_ZN3aut12lns_strategy17dot_thread_kernelINS_3lns8lns12_r6ELNS_8bitwidth12compute_kindE1ELNS4_14storage_layoutE1ELi4ELNS0_12decoder_kindE4ELNS0_13multiply_kindE0EEEvNS0_12storage_viewIT_XT1_EEESB_mNS0_12table_bundleIXT0_EEEPNS4_14compute_traitsIXT0_EE4typeE' for 'sm_90'
ptxas info    : Function properties for _ZN3aut12lns_strategy17dot_thread_kernelINS_3lns8lns12_r6ELNS_8bitwidth12compute_kindE1ELNS4_14storage_layoutE1ELi4ELNS0_12decoder_kindE4ELNS0_13multiply_kindE0EEEvNS0_12storage_viewIT_XT1_EEESB_mNS0_12table_bundleIXT0_EEEPNS4_14compute_traitsIXT0_EE4typeE
    0 bytes stack frame, 0 bytes spill stores, 0 bytes spill loads
ptxas info    : Used 28 registers, used 1 barriers
ptxas info    : Compile time = 12.870 ms
ptxas info    : Compiling entry function '_ZN3aut12lns_strategy18gemv_thread_kernelINS_3lns8lns12_r6ELNS_8bitwidth12compute_kindE1ELNS4_14storage_layoutE1ELi2ELNS0_12decoder_kindE4ELNS0_13multiply_kindE0EEEvNS0_12storage_viewIT_XT1_EEESB_mmNS0_12table_bundleIXT0_EEEPNS4_14compute_traitsIXT0_EE4typeE' for 'sm_90'
ptxas info    : Function properties for _ZN3aut12lns_strategy18gemv_thread_kernelINS_3lns8lns12_r6ELNS_8bitwidth12compute_kindE1ELNS4_14storage_layoutE1ELi2ELNS0_12decoder_kindE4ELNS0_13multiply_kindE0EEEvNS0_12storage_viewIT_XT1_EEESB_mmNS0_12table_bundleIXT0_EEEPNS4_14compute_traitsIXT0_EE4typeE
    0 bytes stack frame, 0 bytes spill stores, 0 bytes spill loads
ptxas info    : Used 25 registers, used 1 barriers
ptxas info    : Compile time = 8.140 ms
ptxas info    : Compiling entry function '_ZN3aut12lns_strategy17dot_thread_kernelINS_3lns8lns12_r6ELNS_8bitwidth12compute_kindE1ELNS4_14storage_layoutE1ELi2ELNS0_12decoder_kindE4ELNS0_13multiply_kindE0EEEvNS0_12storage_viewIT_XT1_EEESB_mNS0_12table_bundleIXT0_EEEPNS4_14compute_traitsIXT0_EE4typeE' for 'sm_90'
ptxas info    : Function properties for _ZN3aut12lns_strategy17dot_thread_kernelINS_3lns8lns12_r6ELNS_8bitwidth12compute_kindE1ELNS4_14storage_layoutE1ELi2ELNS0_12decoder_kindE4ELNS0_13multiply_kindE0EEEvNS0_12storage_viewIT_XT1_EEESB_mNS0_12table_bundleIXT0_EEEPNS4_14compute_traitsIXT0_EE4typeE
    0 bytes stack frame, 0 bytes spill stores, 0 bytes spill loads
ptxas info    : Used 27 registers, used 1 barriers
ptxas info    : Compile time = 8.338 ms
ptxas info    : Compiling entry function '_ZN3aut12lns_strategy18gemv_thread_kernelINS_3lns8lns12_r6ELNS_8bitwidth12compute_kindE1ELNS4_14storage_layoutE0ELi8ELNS0_12decoder_kindE4ELNS0_13multiply_kindE0EEEvNS0_12storage_viewIT_XT1_EEESB_mmNS0_12table_bundleIXT0_EEEPNS4_14compute_traitsIXT0_EE4typeE' for 'sm_90'
ptxas info    : Function properties for _ZN3aut12lns_strategy18gemv_thread_kernelINS_3lns8lns12_r6ELNS_8bitwidth12compute_kindE1ELNS4_14storage_layoutE0ELi8ELNS0_12decoder_kindE4ELNS0_13multiply_kindE0EEEvNS0_12storage_viewIT_XT1_EEESB_mmNS0_12table_bundleIXT0_EEEPNS4_14compute_traitsIXT0_EE4typeE
    0 bytes stack frame, 0 bytes spill stores, 0 bytes spill loads
ptxas info    : Used 40 registers, used 1 barriers
ptxas info    : Compile time = 27.530 ms
ptxas info    : Compiling entry function '_ZN3aut12lns_strategy17dot_thread_kernelINS_3lns8lns12_r6ELNS_8bitwidth12compute_kindE1ELNS4_14storage_layoutE0ELi8ELNS0_12decoder_kindE4ELNS0_13multiply_kindE0EEEvNS0_12storage_viewIT_XT1_EEESB_mNS0_12table_bundleIXT0_EEEPNS4_14compute_traitsIXT0_EE4typeE' for 'sm_90'
ptxas info    : Function properties for _ZN3aut12lns_strategy17dot_thread_kernelINS_3lns8lns12_r6ELNS_8bitwidth12compute_kindE1ELNS4_14storage_layoutE0ELi8ELNS0_12decoder_kindE4ELNS0_13multiply_kindE0EEEvNS0_12storage_viewIT_XT1_EEESB_mNS0_12table_bundleIXT0_EEEPNS4_14compute_traitsIXT0_EE4typeE
    0 bytes stack frame, 0 bytes spill stores, 0 bytes spill loads
ptxas info    : Used 40 registers, used 1 barriers
ptxas info    : Compile time = 24.762 ms
ptxas info    : Compiling entry function '_ZN3aut12lns_strategy18gemv_thread_kernelINS_3lns8lns12_r6ELNS_8bitwidth12compute_kindE1ELNS4_14storage_layoutE0ELi4ELNS0_12decoder_kindE4ELNS0_13multiply_kindE0EEEvNS0_12storage_viewIT_XT1_EEESB_mmNS0_12table_bundleIXT0_EEEPNS4_14compute_traitsIXT0_EE4typeE' for 'sm_90'
ptxas info    : Function properties for _ZN3aut12lns_strategy18gemv_thread_kernelINS_3lns8lns12_r6ELNS_8bitwidth12compute_kindE1ELNS4_14storage_layoutE0ELi4ELNS0_12decoder_kindE4ELNS0_13multiply_kindE0EEEvNS0_12storage_viewIT_XT1_EEESB_mmNS0_12table_bundleIXT0_EEEPNS4_14compute_traitsIXT0_EE4typeE
    0 bytes stack frame, 0 bytes spill stores, 0 bytes spill loads
ptxas info    : Used 40 registers, used 1 barriers
ptxas info    : Compile time = 15.366 ms
ptxas info    : Compiling entry function '_ZN3aut12lns_strategy17dot_thread_kernelINS_3lns8lns12_r6ELNS_8bitwidth12compute_kindE1ELNS4_14storage_layoutE0ELi4ELNS0_12decoder_kindE4ELNS0_13multiply_kindE0EEEvNS0_12storage_viewIT_XT1_EEESB_mNS0_12table_bundleIXT0_EEEPNS4_14compute_traitsIXT0_EE4typeE' for 'sm_90'
ptxas info    : Function properties for _ZN3aut12lns_strategy17dot_thread_kernelINS_3lns8lns12_r6ELNS_8bitwidth12compute_kindE1ELNS4_14storage_layoutE0ELi4ELNS0_12decoder_kindE4ELNS0_13multiply_kindE0EEEvNS0_12storage_viewIT_XT1_EEESB_mNS0_12table_bundleIXT0_EEEPNS4_14compute_traitsIXT0_EE4typeE
    0 bytes stack frame, 0 bytes spill stores, 0 bytes spill loads
ptxas info    : Used 40 registers, used 1 barriers
ptxas info    : Compile time = 15.057 ms
ptxas info    : Compiling entry function '_ZN3aut12lns_strategy18gemv_thread_kernelINS_3lns8lns12_r6ELNS_8bitwidth12compute_kindE1ELNS4_14storage_layoutE0ELi2ELNS0_12decoder_kindE4ELNS0_13multiply_kindE0EEEvNS0_12storage_viewIT_XT1_EEESB_mmNS0_12table_bundleIXT0_EEEPNS4_14compute_traitsIXT0_EE4typeE' for 'sm_90'
ptxas info    : Function properties for _ZN3aut12lns_strategy18gemv_thread_kernelINS_3lns8lns12_r6ELNS_8bitwidth12compute_kindE1ELNS4_14storage_layoutE0ELi2ELNS0_12decoder_kindE4ELNS0_13multiply_kindE0EEEvNS0_12storage_viewIT_XT1_EEESB_mmNS0_12table_bundleIXT0_EEEPNS4_14compute_traitsIXT0_EE4typeE
    0 bytes stack frame, 0 bytes spill stores, 0 bytes spill loads
ptxas info    : Used 31 registers, used 1 barriers
ptxas info    : Compile time = 9.198 ms
ptxas info    : Compiling entry function '_ZN3aut12lns_strategy17dot_thread_kernelINS_3lns8lns12_r6ELNS_8bitwidth12compute_kindE1ELNS4_14storage_layoutE0ELi2ELNS0_12decoder_kindE4ELNS0_13multiply_kindE0EEEvNS0_12storage_viewIT_XT1_EEESB_mNS0_12table_bundleIXT0_EEEPNS4_14compute_traitsIXT0_EE4typeE' for 'sm_90'
ptxas info    : Function properties for _ZN3aut12lns_strategy17dot_thread_kernelINS_3lns8lns12_r6ELNS_8bitwidth12compute_kindE1ELNS4_14storage_layoutE0ELi2ELNS0_12decoder_kindE4ELNS0_13multiply_kindE0EEEvNS0_12storage_viewIT_XT1_EEESB_mNS0_12table_bundleIXT0_EEEPNS4_14compute_traitsIXT0_EE4typeE
    0 bytes stack frame, 0 bytes spill stores, 0 bytes spill loads
ptxas info    : Used 32 registers, used 1 barriers
ptxas info    : Compile time = 9.025 ms
ptxas info    : Compiling entry function '_ZN3aut12lns_strategy18gemv_thread_kernelINS_3lns8lns12_r6ELNS_8bitwidth12compute_kindE1ELNS4_14storage_layoutE1ELi1ELNS0_12decoder_kindE4ELNS0_13multiply_kindE0EEEvNS0_12storage_viewIT_XT1_EEESB_mmNS0_12table_bundleIXT0_EEEPNS4_14compute_traitsIXT0_EE4typeE' for 'sm_90'
ptxas info    : Function properties for _ZN3aut12lns_strategy18gemv_thread_kernelINS_3lns8lns12_r6ELNS_8bitwidth12compute_kindE1ELNS4_14storage_layoutE1ELi1ELNS0_12decoder_kindE4ELNS0_13multiply_kindE0EEEvNS0_12storage_viewIT_XT1_EEESB_mmNS0_12table_bundleIXT0_EEEPNS4_14compute_traitsIXT0_EE4typeE
    0 bytes stack frame, 0 bytes spill stores, 0 bytes spill loads
ptxas info    : Used 21 registers, used 1 barriers
ptxas info    : Compile time = 5.737 ms
ptxas info    : Compiling entry function '_ZN3aut12lns_strategy17dot_thread_kernelINS_3lns8lns12_r6ELNS_8bitwidth12compute_kindE1ELNS4_14storage_layoutE1ELi1ELNS0_12decoder_kindE4ELNS0_13multiply_kindE0EEEvNS0_12storage_viewIT_XT1_EEESB_mNS0_12table_bundleIXT0_EEEPNS4_14compute_traitsIXT0_EE4typeE' for 'sm_90'
ptxas info    : Function properties for _ZN3aut12lns_strategy17dot_thread_kernelINS_3lns8lns12_r6ELNS_8bitwidth12compute_kindE1ELNS4_14storage_layoutE1ELi1ELNS0_12decoder_kindE4ELNS0_13multiply_kindE0EEEvNS0_12storage_viewIT_XT1_EEESB_mNS0_12table_bundleIXT0_EEEPNS4_14compute_traitsIXT0_EE4typeE
    0 bytes stack frame, 0 bytes spill stores, 0 bytes spill loads
ptxas info    : Used 23 registers, used 1 barriers
ptxas info    : Compile time = 5.587 ms
ptxas info    : Compiling entry function '_ZN3aut12lns_strategy18gemv_thread_kernelINS_3lns8lns12_r6ELNS_8bitwidth12compute_kindE1ELNS4_14storage_layoutE0ELi1ELNS0_12decoder_kindE4ELNS0_13multiply_kindE0EEEvNS0_12storage_viewIT_XT1_EEESB_mmNS0_12table_bundleIXT0_EEEPNS4_14compute_traitsIXT0_EE4typeE' for 'sm_90'
ptxas info    : Function properties for _ZN3aut12lns_strategy18gemv_thread_kernelINS_3lns8lns12_r6ELNS_8bitwidth12compute_kindE1ELNS4_14storage_layoutE0ELi1ELNS0_12decoder_kindE4ELNS0_13multiply_kindE0EEEvNS0_12storage_viewIT_XT1_EEESB_mmNS0_12table_bundleIXT0_EEEPNS4_14compute_traitsIXT0_EE4typeE
    0 bytes stack frame, 0 bytes spill stores, 0 bytes spill loads
ptxas info    : Used 23 registers, used 1 barriers
ptxas info    : Compile time = 6.183 ms
ptxas info    : Compiling entry function '_ZN3aut12lns_strategy17dot_thread_kernelINS_3lns8lns12_r6ELNS_8bitwidth12compute_kindE1ELNS4_14storage_layoutE0ELi1ELNS0_12decoder_kindE4ELNS0_13multiply_kindE0EEEvNS0_12storage_viewIT_XT1_EEESB_mNS0_12table_bundleIXT0_EEEPNS4_14compute_traitsIXT0_EE4typeE' for 'sm_90'
ptxas info    : Function properties for _ZN3aut12lns_strategy17dot_thread_kernelINS_3lns8lns12_r6ELNS_8bitwidth12compute_kindE1ELNS4_14storage_layoutE0ELi1ELNS0_12decoder_kindE4ELNS0_13multiply_kindE0EEEvNS0_12storage_viewIT_XT1_EEESB_mNS0_12table_bundleIXT0_EEEPNS4_14compute_traitsIXT0_EE4typeE
    0 bytes stack frame, 0 bytes spill stores, 0 bytes spill loads
ptxas info    : Used 25 registers, used 1 barriers
ptxas info    : Compile time = 5.928 ms
ptxas info    : Compiling entry function '_ZN3aut12lns_strategy23gemv_cooperative_kernelINS_3lns8lns12_r6ELNS_8bitwidth12compute_kindE1ELNS0_12decoder_kindE3ELNS0_13multiply_kindE0EEEvPKjS9_mmNS0_12table_bundleIXT0_EEEPNS4_14compute_traitsIXT0_EE4typeE' for 'sm_90'
ptxas info    : Function properties for _ZN3aut12lns_strategy23gemv_cooperative_kernelINS_3lns8lns12_r6ELNS_8bitwidth12compute_kindE1ELNS0_12decoder_kindE3ELNS0_13multiply_kindE0EEEvPKjS9_mmNS0_12table_bundleIXT0_EEEPNS4_14compute_traitsIXT0_EE4typeE
    0 bytes stack frame, 0 bytes spill stores, 0 bytes spill loads
ptxas info    : Used 28 registers, used 1 barriers
ptxas info    : Compile time = 5.248 ms
ptxas info    : Compiling entry function '_ZN3aut12lns_strategy22dot_cooperative_kernelINS_3lns8lns12_r6ELNS_8bitwidth12compute_kindE1ELNS0_12decoder_kindE3ELNS0_13multiply_kindE0EEEvPKjS9_mNS0_12table_bundleIXT0_EEEPNS4_14compute_traitsIXT0_EE4typeE' for 'sm_90'
ptxas info    : Function properties for _ZN3aut12lns_strategy22dot_cooperative_kernelINS_3lns8lns12_r6ELNS_8bitwidth12compute_kindE1ELNS0_12decoder_kindE3ELNS0_13multiply_kindE0EEEvPKjS9_mNS0_12table_bundleIXT0_EEEPNS4_14compute_traitsIXT0_EE4typeE
    0 bytes stack frame, 0 bytes spill stores, 0 bytes spill loads
ptxas info    : Used 26 registers, used 1 barriers
ptxas info    : Compile time = 5.106 ms
ptxas info    : Compiling entry function '_ZN3aut12lns_strategy18gemv_thread_kernelINS_3lns8lns12_r6ELNS_8bitwidth12compute_kindE1ELNS4_14storage_layoutE1ELi8ELNS0_12decoder_kindE3ELNS0_13multiply_kindE0EEEvNS0_12storage_viewIT_XT1_EEESB_mmNS0_12table_bundleIXT0_EEEPNS4_14compute_traitsIXT0_EE4typeE' for 'sm_90'
ptxas info    : Function properties for _ZN3aut12lns_strategy18gemv_thread_kernelINS_3lns8lns12_r6ELNS_8bitwidth12compute_kindE1ELNS4_14storage_layoutE1ELi8ELNS0_12decoder_kindE3ELNS0_13multiply_kindE0EEEvNS0_12storage_viewIT_XT1_EEESB_mmNS0_12table_bundleIXT0_EEEPNS4_14compute_traitsIXT0_EE4typeE
    0 bytes stack frame, 0 bytes spill stores, 0 bytes spill loads
ptxas info    : Used 31 registers, used 1 barriers
ptxas info    : Compile time = 6.164 ms
ptxas info    : Compiling entry function '_ZN3aut12lns_strategy17dot_thread_kernelINS_3lns8lns12_r6ELNS_8bitwidth12compute_kindE1ELNS4_14storage_layoutE1ELi8ELNS0_12decoder_kindE3ELNS0_13multiply_kindE0EEEvNS0_12storage_viewIT_XT1_EEESB_mNS0_12table_bundleIXT0_EEEPNS4_14compute_traitsIXT0_EE4typeE' for 'sm_90'
ptxas info    : Function properties for _ZN3aut12lns_strategy17dot_thread_kernelINS_3lns8lns12_r6ELNS_8bitwidth12compute_kindE1ELNS4_14storage_layoutE1ELi8ELNS0_12decoder_kindE3ELNS0_13multiply_kindE0EEEvNS0_12storage_viewIT_XT1_EEESB_mNS0_12table_bundleIXT0_EEEPNS4_14compute_traitsIXT0_EE4typeE
    0 bytes stack frame, 0 bytes spill stores, 0 bytes spill loads
ptxas info    : Used 32 registers, used 1 barriers
ptxas info    : Compile time = 6.225 ms
ptxas info    : Compiling entry function '_ZN3aut12lns_strategy18gemv_thread_kernelINS_3lns8lns12_r6ELNS_8bitwidth12compute_kindE1ELNS4_14storage_layoutE1ELi4ELNS0_12decoder_kindE3ELNS0_13multiply_kindE0EEEvNS0_12storage_viewIT_XT1_EEESB_mmNS0_12table_bundleIXT0_EEEPNS4_14compute_traitsIXT0_EE4typeE' for 'sm_90'
ptxas info    : Function properties for _ZN3aut12lns_strategy18gemv_thread_kernelINS_3lns8lns12_r6ELNS_8bitwidth12compute_kindE1ELNS4_14storage_layoutE1ELi4ELNS0_12decoder_kindE3ELNS0_13multiply_kindE0EEEvNS0_12storage_viewIT_XT1_EEESB_mmNS0_12table_bundleIXT0_EEEPNS4_14compute_traitsIXT0_EE4typeE
    0 bytes stack frame, 0 bytes spill stores, 0 bytes spill loads
ptxas info    : Used 24 registers, used 1 barriers
ptxas info    : Compile time = 4.681 ms
ptxas info    : Compiling entry function '_ZN3aut12lns_strategy17dot_thread_kernelINS_3lns8lns12_r6ELNS_8bitwidth12compute_kindE1ELNS4_14storage_layoutE1ELi4ELNS0_12decoder_kindE3ELNS0_13multiply_kindE0EEEvNS0_12storage_viewIT_XT1_EEESB_mNS0_12table_bundleIXT0_EEEPNS4_14compute_traitsIXT0_EE4typeE' for 'sm_90'
ptxas info    : Function properties for _ZN3aut12lns_strategy17dot_thread_kernelINS_3lns8lns12_r6ELNS_8bitwidth12compute_kindE1ELNS4_14storage_layoutE1ELi4ELNS0_12decoder_kindE3ELNS0_13multiply_kindE0EEEvNS0_12storage_viewIT_XT1_EEESB_mNS0_12table_bundleIXT0_EEEPNS4_14compute_traitsIXT0_EE4typeE
    0 bytes stack frame, 0 bytes spill stores, 0 bytes spill loads
ptxas info    : Used 26 registers, used 1 barriers
ptxas info    : Compile time = 4.719 ms
ptxas info    : Compiling entry function '_ZN3aut12lns_strategy18gemv_thread_kernelINS_3lns8lns12_r6ELNS_8bitwidth12compute_kindE1ELNS4_14storage_layoutE1ELi2ELNS0_12decoder_kindE3ELNS0_13multiply_kindE0EEEvNS0_12storage_viewIT_XT1_EEESB_mmNS0_12table_bundleIXT0_EEEPNS4_14compute_traitsIXT0_EE4typeE' for 'sm_90'
ptxas info    : Function properties for _ZN3aut12lns_strategy18gemv_thread_kernelINS_3lns8lns12_r6ELNS_8bitwidth12compute_kindE1ELNS4_14storage_layoutE1ELi2ELNS0_12decoder_kindE3ELNS0_13multiply_kindE0EEEvNS0_12storage_viewIT_XT1_EEESB_mmNS0_12table_bundleIXT0_EEEPNS4_14compute_traitsIXT0_EE4typeE
    0 bytes stack frame, 0 bytes spill stores, 0 bytes spill loads
ptxas info    : Used 19 registers, used 1 barriers
ptxas info    : Compile time = 4.065 ms
ptxas info    : Compiling entry function '_ZN3aut12lns_strategy17dot_thread_kernelINS_3lns8lns12_r6ELNS_8bitwidth12compute_kindE1ELNS4_14storage_layoutE1ELi2ELNS0_12decoder_kindE3ELNS0_13multiply_kindE0EEEvNS0_12storage_viewIT_XT1_EEESB_mNS0_12table_bundleIXT0_EEEPNS4_14compute_traitsIXT0_EE4typeE' for 'sm_90'
ptxas info    : Function properties for _ZN3aut12lns_strategy17dot_thread_kernelINS_3lns8lns12_r6ELNS_8bitwidth12compute_kindE1ELNS4_14storage_layoutE1ELi2ELNS0_12decoder_kindE3ELNS0_13multiply_kindE0EEEvNS0_12storage_viewIT_XT1_EEESB_mNS0_12table_bundleIXT0_EEEPNS4_14compute_traitsIXT0_EE4typeE
    0 bytes stack frame, 0 bytes spill stores, 0 bytes spill loads
ptxas info    : Used 26 registers, used 1 barriers
ptxas info    : Compile time = 4.068 ms
ptxas info    : Compiling entry function '_ZN3aut12lns_strategy18gemv_thread_kernelINS_3lns8lns12_r6ELNS_8bitwidth12compute_kindE1ELNS4_14storage_layoutE0ELi8ELNS0_12decoder_kindE3ELNS0_13multiply_kindE0EEEvNS0_12storage_viewIT_XT1_EEESB_mmNS0_12table_bundleIXT0_EEEPNS4_14compute_traitsIXT0_EE4typeE' for 'sm_90'
ptxas info    : Function properties for _ZN3aut12lns_strategy18gemv_thread_kernelINS_3lns8lns12_r6ELNS_8bitwidth12compute_kindE1ELNS4_14storage_layoutE0ELi8ELNS0_12decoder_kindE3ELNS0_13multiply_kindE0EEEvNS0_12storage_viewIT_XT1_EEESB_mmNS0_12table_bundleIXT0_EEEPNS4_14compute_traitsIXT0_EE4typeE
    0 bytes stack frame, 0 bytes spill stores, 0 bytes spill loads
ptxas info    : Used 32 registers, used 1 barriers
ptxas info    : Compile time = 9.473 ms
ptxas info    : Compiling entry function '_ZN3aut12lns_strategy17dot_thread_kernelINS_3lns8lns12_r6ELNS_8bitwidth12compute_kindE1ELNS4_14storage_layoutE0ELi8ELNS0_12decoder_kindE3ELNS0_13multiply_kindE0EEEvNS0_12storage_viewIT_XT1_EEESB_mNS0_12table_bundleIXT0_EEEPNS4_14compute_traitsIXT0_EE4typeE' for 'sm_90'
ptxas info    : Function properties for _ZN3aut12lns_strategy17dot_thread_kernelINS_3lns8lns12_r6ELNS_8bitwidth12compute_kindE1ELNS4_14storage_layoutE0ELi8ELNS0_12decoder_kindE3ELNS0_13multiply_kindE0EEEvNS0_12storage_viewIT_XT1_EEESB_mNS0_12table_bundleIXT0_EEEPNS4_14compute_traitsIXT0_EE4typeE
    0 bytes stack frame, 0 bytes spill stores, 0 bytes spill loads
ptxas info    : Used 40 registers, used 1 barriers
ptxas info    : Compile time = 7.655 ms
ptxas info    : Compiling entry function '_ZN3aut12lns_strategy18gemv_thread_kernelINS_3lns8lns12_r6ELNS_8bitwidth12compute_kindE1ELNS4_14storage_layoutE0ELi4ELNS0_12decoder_kindE3ELNS0_13multiply_kindE0EEEvNS0_12storage_viewIT_XT1_EEESB_mmNS0_12table_bundleIXT0_EEEPNS4_14compute_traitsIXT0_EE4typeE' for 'sm_90'
ptxas info    : Function properties for _ZN3aut12lns_strategy18gemv_thread_kernelINS_3lns8lns12_r6ELNS_8bitwidth12compute_kindE1ELNS4_14storage_layoutE0ELi4ELNS0_12decoder_kindE3ELNS0_13multiply_kindE0EEEvNS0_12storage_viewIT_XT1_EEESB_mmNS0_12table_bundleIXT0_EEEPNS4_14compute_traitsIXT0_EE4typeE
    0 bytes stack frame, 0 bytes spill stores, 0 bytes spill loads
ptxas info    : Used 31 registers, used 1 barriers
ptxas info    : Compile time = 6.636 ms
ptxas info    : Compiling entry function '_ZN3aut12lns_strategy17dot_thread_kernelINS_3lns8lns12_r6ELNS_8bitwidth12compute_kindE1ELNS4_14storage_layoutE0ELi4ELNS0_12decoder_kindE3ELNS0_13multiply_kindE0EEEvNS0_12storage_viewIT_XT1_EEESB_mNS0_12table_bundleIXT0_EEEPNS4_14compute_traitsIXT0_EE4typeE' for 'sm_90'
ptxas info    : Function properties for _ZN3aut12lns_strategy17dot_thread_kernelINS_3lns8lns12_r6ELNS_8bitwidth12compute_kindE1ELNS4_14storage_layoutE0ELi4ELNS0_12decoder_kindE3ELNS0_13multiply_kindE0EEEvNS0_12storage_viewIT_XT1_EEESB_mNS0_12table_bundleIXT0_EEEPNS4_14compute_traitsIXT0_EE4typeE
    0 bytes stack frame, 0 bytes spill stores, 0 bytes spill loads
ptxas info    : Used 32 registers, used 1 barriers
ptxas info    : Compile time = 6.389 ms
ptxas info    : Compiling entry function '_ZN3aut12lns_strategy18gemv_thread_kernelINS_3lns8lns12_r6ELNS_8bitwidth12compute_kindE1ELNS4_14storage_layoutE0ELi2ELNS0_12decoder_kindE3ELNS0_13multiply_kindE0EEEvNS0_12storage_viewIT_XT1_EEESB_mmNS0_12table_bundleIXT0_EEEPNS4_14compute_traitsIXT0_EE4typeE' for 'sm_90'
ptxas info    : Function properties for _ZN3aut12lns_strategy18gemv_thread_kernelINS_3lns8lns12_r6ELNS_8bitwidth12compute_kindE1ELNS4_14storage_layoutE0ELi2ELNS0_12decoder_kindE3ELNS0_13multiply_kindE0EEEvNS0_12storage_viewIT_XT1_EEESB_mmNS0_12table_bundleIXT0_EEEPNS4_14compute_traitsIXT0_EE4typeE
    0 bytes stack frame, 0 bytes spill stores, 0 bytes spill loads
ptxas info    : Used 31 registers, used 1 barriers
ptxas info    : Compile time = 4.946 ms
ptxas info    : Compiling entry function '_ZN3aut12lns_strategy17dot_thread_kernelINS_3lns8lns12_r6ELNS_8bitwidth12compute_kindE1ELNS4_14storage_layoutE0ELi2ELNS0_12decoder_kindE3ELNS0_13multiply_kindE0EEEvNS0_12storage_viewIT_XT1_EEESB_mNS0_12table_bundleIXT0_EEEPNS4_14compute_traitsIXT0_EE4typeE' for 'sm_90'
ptxas info    : Function properties for _ZN3aut12lns_strategy17dot_thread_kernelINS_3lns8lns12_r6ELNS_8bitwidth12compute_kindE1ELNS4_14storage_layoutE0ELi2ELNS0_12decoder_kindE3ELNS0_13multiply_kindE0EEEvNS0_12storage_viewIT_XT1_EEESB_mNS0_12table_bundleIXT0_EEEPNS4_14compute_traitsIXT0_EE4typeE
    0 bytes stack frame, 0 bytes spill stores, 0 bytes spill loads
ptxas info    : Used 32 registers, used 1 barriers
ptxas info    : Compile time = 4.829 ms
ptxas info    : Compiling entry function '_ZN3aut12lns_strategy18gemv_thread_kernelINS_3lns8lns12_r6ELNS_8bitwidth12compute_kindE1ELNS4_14storage_layoutE1ELi1ELNS0_12decoder_kindE3ELNS0_13multiply_kindE0EEEvNS0_12storage_viewIT_XT1_EEESB_mmNS0_12table_bundleIXT0_EEEPNS4_14compute_traitsIXT0_EE4typeE' for 'sm_90'
ptxas info    : Function properties for _ZN3aut12lns_strategy18gemv_thread_kernelINS_3lns8lns12_r6ELNS_8bitwidth12compute_kindE1ELNS4_14storage_layoutE1ELi1ELNS0_12decoder_kindE3ELNS0_13multiply_kindE0EEEvNS0_12storage_viewIT_XT1_EEESB_mmNS0_12table_bundleIXT0_EEEPNS4_14compute_traitsIXT0_EE4typeE
    0 bytes stack frame, 0 bytes spill stores, 0 bytes spill loads
ptxas info    : Used 22 registers, used 1 barriers
ptxas info    : Compile time = 3.515 ms
ptxas info    : Compiling entry function '_ZN3aut12lns_strategy17dot_thread_kernelINS_3lns8lns12_r6ELNS_8bitwidth12compute_kindE1ELNS4_14storage_layoutE1ELi1ELNS0_12decoder_kindE3ELNS0_13multiply_kindE0EEEvNS0_12storage_viewIT_XT1_EEESB_mNS0_12table_bundleIXT0_EEEPNS4_14compute_traitsIXT0_EE4typeE' for 'sm_90'
ptxas info    : Function properties for _ZN3aut12lns_strategy17dot_thread_kernelINS_3lns8lns12_r6ELNS_8bitwidth12compute_kindE1ELNS4_14storage_layoutE1ELi1ELNS0_12decoder_kindE3ELNS0_13multiply_kindE0EEEvNS0_12storage_viewIT_XT1_EEESB_mNS0_12table_bundleIXT0_EEEPNS4_14compute_traitsIXT0_EE4typeE
    0 bytes stack frame, 0 bytes spill stores, 0 bytes spill loads
ptxas info    : Used 22 registers, used 1 barriers
ptxas info    : Compile time = 3.401 ms
ptxas info    : Compiling entry function '_ZN3aut12lns_strategy18gemv_thread_kernelINS_3lns8lns12_r6ELNS_8bitwidth12compute_kindE1ELNS4_14storage_layoutE0ELi1ELNS0_12decoder_kindE3ELNS0_13multiply_kindE0EEEvNS0_12storage_viewIT_XT1_EEESB_mmNS0_12table_bundleIXT0_EEEPNS4_14compute_traitsIXT0_EE4typeE' for 'sm_90'
ptxas info    : Function properties for _ZN3aut12lns_strategy18gemv_thread_kernelINS_3lns8lns12_r6ELNS_8bitwidth12compute_kindE1ELNS4_14storage_layoutE0ELi1ELNS0_12decoder_kindE3ELNS0_13multiply_kindE0EEEvNS0_12storage_viewIT_XT1_EEESB_mmNS0_12table_bundleIXT0_EEEPNS4_14compute_traitsIXT0_EE4typeE
    0 bytes stack frame, 0 bytes spill stores, 0 bytes spill loads
ptxas info    : Used 23 registers, used 1 barriers
ptxas info    : Compile time = 3.976 ms
ptxas info    : Compiling entry function '_ZN3aut12lns_strategy17dot_thread_kernelINS_3lns8lns12_r6ELNS_8bitwidth12compute_kindE1ELNS4_14storage_layoutE0ELi1ELNS0_12decoder_kindE3ELNS0_13multiply_kindE0EEEvNS0_12storage_viewIT_XT1_EEESB_mNS0_12table_bundleIXT0_EEEPNS4_14compute_traitsIXT0_EE4typeE' for 'sm_90'
ptxas info    : Function properties for _ZN3aut12lns_strategy17dot_thread_kernelINS_3lns8lns12_r6ELNS_8bitwidth12compute_kindE1ELNS4_14storage_layoutE0ELi1ELNS0_12decoder_kindE3ELNS0_13multiply_kindE0EEEvNS0_12storage_viewIT_XT1_EEESB_mNS0_12table_bundleIXT0_EEEPNS4_14compute_traitsIXT0_EE4typeE
    0 bytes stack frame, 0 bytes spill stores, 0 bytes spill loads
ptxas info    : Used 23 registers, used 1 barriers
ptxas info    : Compile time = 3.732 ms
ptxas info    : Compiling entry function '_ZN3aut12lns_strategy23gemv_cooperative_kernelINS_3lns8lns12_r6ELNS_8bitwidth12compute_kindE1ELNS0_12decoder_kindE2ELNS0_13multiply_kindE0EEEvPKjS9_mmNS0_12table_bundleIXT0_EEEPNS4_14compute_traitsIXT0_EE4typeE' for 'sm_90'
ptxas info    : Function properties for _ZN3aut12lns_strategy23gemv_cooperative_kernelINS_3lns8lns12_r6ELNS_8bitwidth12compute_kindE1ELNS0_12decoder_kindE2ELNS0_13multiply_kindE0EEEvPKjS9_mmNS0_12table_bundleIXT0_EEEPNS4_14compute_traitsIXT0_EE4typeE
    0 bytes stack frame, 0 bytes spill stores, 0 bytes spill loads
ptxas info    : Used 29 registers, used 1 barriers
ptxas info    : Compile time = 4.690 ms
ptxas info    : Compiling entry function '_ZN3aut12lns_strategy22dot_cooperative_kernelINS_3lns8lns12_r6ELNS_8bitwidth12compute_kindE1ELNS0_12decoder_kindE2ELNS0_13multiply_kindE0EEEvPKjS9_mNS0_12table_bundleIXT0_EEEPNS4_14compute_traitsIXT0_EE4typeE' for 'sm_90'
ptxas info    : Function properties for _ZN3aut12lns_strategy22dot_cooperative_kernelINS_3lns8lns12_r6ELNS_8bitwidth12compute_kindE1ELNS0_12decoder_kindE2ELNS0_13multiply_kindE0EEEvPKjS9_mNS0_12table_bundleIXT0_EEEPNS4_14compute_traitsIXT0_EE4typeE
    0 bytes stack frame, 0 bytes spill stores, 0 bytes spill loads
ptxas info    : Used 25 registers, used 1 barriers
ptxas info    : Compile time = 4.531 ms
ptxas info    : Compiling entry function '_ZN3aut12lns_strategy18gemv_thread_kernelINS_3lns8lns12_r6ELNS_8bitwidth12compute_kindE1ELNS4_14storage_layoutE1ELi8ELNS0_12decoder_kindE2ELNS0_13multiply_kindE0EEEvNS0_12storage_viewIT_XT1_EEESB_mmNS0_12table_bundleIXT0_EEEPNS4_14compute_traitsIXT0_EE4typeE' for 'sm_90'
ptxas info    : Function properties for _ZN3aut12lns_strategy18gemv_thread_kernelINS_3lns8lns12_r6ELNS_8bitwidth12compute_kindE1ELNS4_14storage_layoutE1ELi8ELNS0_12decoder_kindE2ELNS0_13multiply_kindE0EEEvNS0_12storage_viewIT_XT1_EEESB_mmNS0_12table_bundleIXT0_EEEPNS4_14compute_traitsIXT0_EE4typeE
    0 bytes stack frame, 0 bytes spill stores, 0 bytes spill loads
ptxas info    : Used 32 registers, used 1 barriers
ptxas info    : Compile time = 6.136 ms
ptxas info    : Compiling entry function '_ZN3aut12lns_strategy17dot_thread_kernelINS_3lns8lns12_r6ELNS_8bitwidth12compute_kindE1ELNS4_14storage_layoutE1ELi8ELNS0_12decoder_kindE2ELNS0_13multiply_kindE0EEEvNS0_12storage_viewIT_XT1_EEESB_mNS0_12table_bundleIXT0_EEEPNS4_14compute_traitsIXT0_EE4typeE' for 'sm_90'
ptxas info    : Function properties for _ZN3aut12lns_strategy17dot_thread_kernelINS_3lns8lns12_r6ELNS_8bitwidth12compute_kindE1ELNS4_14storage_layoutE1ELi8ELNS0_12decoder_kindE2ELNS0_13multiply_kindE0EEEvNS0_12storage_viewIT_XT1_EEESB_mNS0_12table_bundleIXT0_EEEPNS4_14compute_traitsIXT0_EE4typeE
    0 bytes stack frame, 0 bytes spill stores, 0 bytes spill loads
ptxas info    : Used 32 registers, used 1 barriers
ptxas info    : Compile time = 6.249 ms
ptxas info    : Compiling entry function '_ZN3aut12lns_strategy18gemv_thread_kernelINS_3lns8lns12_r6ELNS_8bitwidth12compute_kindE1ELNS4_14storage_layoutE1ELi4ELNS0_12decoder_kindE2ELNS0_13multiply_kindE0EEEvNS0_12storage_viewIT_XT1_EEESB_mmNS0_12table_bundleIXT0_EEEPNS4_14compute_traitsIXT0_EE4typeE' for 'sm_90'
ptxas info    : Function properties for _ZN3aut12lns_strategy18gemv_thread_kernelINS_3lns8lns12_r6ELNS_8bitwidth12compute_kindE1ELNS4_14storage_layoutE1ELi4ELNS0_12decoder_kindE2ELNS0_13multiply_kindE0EEEvNS0_12storage_viewIT_XT1_EEESB_mmNS0_12table_bundleIXT0_EEEPNS4_14compute_traitsIXT0_EE4typeE
    0 bytes stack frame, 0 bytes spill stores, 0 bytes spill loads
ptxas info    : Used 32 registers, used 1 barriers
ptxas info    : Compile time = 4.516 ms
ptxas info    : Compiling entry function '_ZN3aut12lns_strategy17dot_thread_kernelINS_3lns8lns12_r6ELNS_8bitwidth12compute_kindE1ELNS4_14storage_layoutE1ELi4ELNS0_12decoder_kindE2ELNS0_13multiply_kindE0EEEvNS0_12storage_viewIT_XT1_EEESB_mNS0_12table_bundleIXT0_EEEPNS4_14compute_traitsIXT0_EE4typeE' for 'sm_90'
ptxas info    : Function properties for _ZN3aut12lns_strategy17dot_thread_kernelINS_3lns8lns12_r6ELNS_8bitwidth12compute_kindE1ELNS4_14storage_layoutE1ELi4ELNS0_12decoder_kindE2ELNS0_13multiply_kindE0EEEvNS0_12storage_viewIT_XT1_EEESB_mNS0_12table_bundleIXT0_EEEPNS4_14compute_traitsIXT0_EE4typeE
    0 bytes stack frame, 0 bytes spill stores, 0 bytes spill loads
ptxas info    : Used 32 registers, used 1 barriers
ptxas info    : Compile time = 4.531 ms
ptxas info    : Compiling entry function '_ZN3aut12lns_strategy18gemv_thread_kernelINS_3lns8lns12_r6ELNS_8bitwidth12compute_kindE1ELNS4_14storage_layoutE1ELi2ELNS0_12decoder_kindE2ELNS0_13multiply_kindE0EEEvNS0_12storage_viewIT_XT1_EEESB_mmNS0_12table_bundleIXT0_EEEPNS4_14compute_traitsIXT0_EE4typeE' for 'sm_90'
ptxas info    : Function properties for _ZN3aut12lns_strategy18gemv_thread_kernelINS_3lns8lns12_r6ELNS_8bitwidth12compute_kindE1ELNS4_14storage_layoutE1ELi2ELNS0_12decoder_kindE2ELNS0_13multiply_kindE0EEEvNS0_12storage_viewIT_XT1_EEESB_mmNS0_12table_bundleIXT0_EEEPNS4_14compute_traitsIXT0_EE4typeE
    0 bytes stack frame, 0 bytes spill stores, 0 bytes spill loads
ptxas info    : Used 22 registers, used 1 barriers
ptxas info    : Compile time = 3.579 ms
ptxas info    : Compiling entry function '_ZN3aut12lns_strategy17dot_thread_kernelINS_3lns8lns12_r6ELNS_8bitwidth12compute_kindE1ELNS4_14storage_layoutE1ELi2ELNS0_12decoder_kindE2ELNS0_13multiply_kindE0EEEvNS0_12storage_viewIT_XT1_EEESB_mNS0_12table_bundleIXT0_EEEPNS4_14compute_traitsIXT0_EE4typeE' for 'sm_90'
ptxas info    : Function properties for _ZN3aut12lns_strategy17dot_thread_kernelINS_3lns8lns12_r6ELNS_8bitwidth12compute_kindE1ELNS4_14storage_layoutE1ELi2ELNS0_12decoder_kindE2ELNS0_13multiply_kindE0EEEvNS0_12storage_viewIT_XT1_EEESB_mNS0_12table_bundleIXT0_EEEPNS4_14compute_traitsIXT0_EE4typeE
    0 bytes stack frame, 0 bytes spill stores, 0 bytes spill loads
ptxas info    : Used 26 registers, used 1 barriers
ptxas info    : Compile time = 3.640 ms
ptxas info    : Compiling entry function '_ZN3aut12lns_strategy18gemv_thread_kernelINS_3lns8lns12_r6ELNS_8bitwidth12compute_kindE1ELNS4_14storage_layoutE0ELi8ELNS0_12decoder_kindE2ELNS0_13multiply_kindE0EEEvNS0_12storage_viewIT_XT1_EEESB_mmNS0_12table_bundleIXT0_EEEPNS4_14compute_traitsIXT0_EE4typeE' for 'sm_90'
ptxas info    : Function properties for _ZN3aut12lns_strategy18gemv_thread_kernelINS_3lns8lns12_r6ELNS_8bitwidth12compute_kindE1ELNS4_14storage_layoutE0ELi8ELNS0_12decoder_kindE2ELNS0_13multiply_kindE0EEEvNS0_12storage_viewIT_XT1_EEESB_mmNS0_12table_bundleIXT0_EEEPNS4_14compute_traitsIXT0_EE4typeE
    0 bytes stack frame, 0 bytes spill stores, 0 bytes spill loads
ptxas info    : Used 32 registers, used 1 barriers
ptxas info    : Compile time = 9.200 ms
ptxas info    : Compiling entry function '_ZN3aut12lns_strategy17dot_thread_kernelINS_3lns8lns12_r6ELNS_8bitwidth12compute_kindE1ELNS4_14storage_layoutE0ELi8ELNS0_12decoder_kindE2ELNS0_13multiply_kindE0EEEvNS0_12storage_viewIT_XT1_EEESB_mNS0_12table_bundleIXT0_EEEPNS4_14compute_traitsIXT0_EE4typeE' for 'sm_90'
ptxas info    : Function properties for _ZN3aut12lns_strategy17dot_thread_kernelINS_3lns8lns12_r6ELNS_8bitwidth12compute_kindE1ELNS4_14storage_layoutE0ELi8ELNS0_12decoder_kindE2ELNS0_13multiply_kindE0EEEvNS0_12storage_viewIT_XT1_EEESB_mNS0_12table_bundleIXT0_EEEPNS4_14compute_traitsIXT0_EE4typeE
    0 bytes stack frame, 0 bytes spill stores, 0 bytes spill loads
ptxas info    : Used 32 registers, used 1 barriers
ptxas info    : Compile time = 7.291 ms
ptxas info    : Compiling entry function '_ZN3aut12lns_strategy18gemv_thread_kernelINS_3lns8lns12_r6ELNS_8bitwidth12compute_kindE1ELNS4_14storage_layoutE0ELi4ELNS0_12decoder_kindE2ELNS0_13multiply_kindE0EEEvNS0_12storage_viewIT_XT1_EEESB_mmNS0_12table_bundleIXT0_EEEPNS4_14compute_traitsIXT0_EE4typeE' for 'sm_90'
ptxas info    : Function properties for _ZN3aut12lns_strategy18gemv_thread_kernelINS_3lns8lns12_r6ELNS_8bitwidth12compute_kindE1ELNS4_14storage_layoutE0ELi4ELNS0_12decoder_kindE2ELNS0_13multiply_kindE0EEEvNS0_12storage_viewIT_XT1_EEESB_mmNS0_12table_bundleIXT0_EEEPNS4_14compute_traitsIXT0_EE4typeE
    0 bytes stack frame, 0 bytes spill stores, 0 bytes spill loads
ptxas info    : Used 32 registers, used 1 barriers
ptxas info    : Compile time = 6.330 ms
ptxas info    : Compiling entry function '_ZN3aut12lns_strategy17dot_thread_kernelINS_3lns8lns12_r6ELNS_8bitwidth12compute_kindE1ELNS4_14storage_layoutE0ELi4ELNS0_12decoder_kindE2ELNS0_13multiply_kindE0EEEvNS0_12storage_viewIT_XT1_EEESB_mNS0_12table_bundleIXT0_EEEPNS4_14compute_traitsIXT0_EE4typeE' for 'sm_90'
ptxas info    : Function properties for _ZN3aut12lns_strategy17dot_thread_kernelINS_3lns8lns12_r6ELNS_8bitwidth12compute_kindE1ELNS4_14storage_layoutE0ELi4ELNS0_12decoder_kindE2ELNS0_13multiply_kindE0EEEvNS0_12storage_viewIT_XT1_EEESB_mNS0_12table_bundleIXT0_EEEPNS4_14compute_traitsIXT0_EE4typeE
    0 bytes stack frame, 0 bytes spill stores, 0 bytes spill loads
ptxas info    : Used 32 registers, used 1 barriers
ptxas info    : Compile time = 6.092 ms
ptxas info    : Compiling entry function '_ZN3aut12lns_strategy18gemv_thread_kernelINS_3lns8lns12_r6ELNS_8bitwidth12compute_kindE1ELNS4_14storage_layoutE0ELi2ELNS0_12decoder_kindE2ELNS0_13multiply_kindE0EEEvNS0_12storage_viewIT_XT1_EEESB_mmNS0_12table_bundleIXT0_EEEPNS4_14compute_traitsIXT0_EE4typeE' for 'sm_90'
ptxas info    : Function properties for _ZN3aut12lns_strategy18gemv_thread_kernelINS_3lns8lns12_r6ELNS_8bitwidth12compute_kindE1ELNS4_14storage_layoutE0ELi2ELNS0_12decoder_kindE2ELNS0_13multiply_kindE0EEEvNS0_12storage_viewIT_XT1_EEESB_mmNS0_12table_bundleIXT0_EEEPNS4_14compute_traitsIXT0_EE4typeE
    0 bytes stack frame, 0 bytes spill stores, 0 bytes spill loads
ptxas info    : Used 30 registers, used 1 barriers
ptxas info    : Compile time = 4.611 ms
ptxas info    : Compiling entry function '_ZN3aut12lns_strategy17dot_thread_kernelINS_3lns8lns12_r6ELNS_8bitwidth12compute_kindE1ELNS4_14storage_layoutE0ELi2ELNS0_12decoder_kindE2ELNS0_13multiply_kindE0EEEvNS0_12storage_viewIT_XT1_EEESB_mNS0_12table_bundleIXT0_EEEPNS4_14compute_traitsIXT0_EE4typeE' for 'sm_90'
ptxas info    : Function properties for _ZN3aut12lns_strategy17dot_thread_kernelINS_3lns8lns12_r6ELNS_8bitwidth12compute_kindE1ELNS4_14storage_layoutE0ELi2ELNS0_12decoder_kindE2ELNS0_13multiply_kindE0EEEvNS0_12storage_viewIT_XT1_EEESB_mNS0_12table_bundleIXT0_EEEPNS4_14compute_traitsIXT0_EE4typeE
    0 bytes stack frame, 0 bytes spill stores, 0 bytes spill loads
ptxas info    : Used 32 registers, used 1 barriers
ptxas info    : Compile time = 4.361 ms
ptxas info    : Compiling entry function '_ZN3aut12lns_strategy18gemv_thread_kernelINS_3lns8lns12_r6ELNS_8bitwidth12compute_kindE1ELNS4_14storage_layoutE1ELi1ELNS0_12decoder_kindE2ELNS0_13multiply_kindE0EEEvNS0_12storage_viewIT_XT1_EEESB_mmNS0_12table_bundleIXT0_EEEPNS4_14compute_traitsIXT0_EE4typeE' for 'sm_90'
ptxas info    : Function properties for _ZN3aut12lns_strategy18gemv_thread_kernelINS_3lns8lns12_r6ELNS_8bitwidth12compute_kindE1ELNS4_14storage_layoutE1ELi1ELNS0_12decoder_kindE2ELNS0_13multiply_kindE0EEEvNS0_12storage_viewIT_XT1_EEESB_mmNS0_12table_bundleIXT0_EEEPNS4_14compute_traitsIXT0_EE4typeE
    0 bytes stack frame, 0 bytes spill stores, 0 bytes spill loads
ptxas info    : Used 20 registers, used 1 barriers
ptxas info    : Compile time = 3.004 ms
ptxas info    : Compiling entry function '_ZN3aut12lns_strategy17dot_thread_kernelINS_3lns8lns12_r6ELNS_8bitwidth12compute_kindE1ELNS4_14storage_layoutE1ELi1ELNS0_12decoder_kindE2ELNS0_13multiply_kindE0EEEvNS0_12storage_viewIT_XT1_EEESB_mNS0_12table_bundleIXT0_EEEPNS4_14compute_traitsIXT0_EE4typeE' for 'sm_90'
ptxas info    : Function properties for _ZN3aut12lns_strategy17dot_thread_kernelINS_3lns8lns12_r6ELNS_8bitwidth12compute_kindE1ELNS4_14storage_layoutE1ELi1ELNS0_12decoder_kindE2ELNS0_13multiply_kindE0EEEvNS0_12storage_viewIT_XT1_EEESB_mNS0_12table_bundleIXT0_EEEPNS4_14compute_traitsIXT0_EE4typeE
    0 bytes stack frame, 0 bytes spill stores, 0 bytes spill loads
ptxas info    : Used 22 registers, used 1 barriers
ptxas info    : Compile time = 2.854 ms
ptxas info    : Compiling entry function '_ZN3aut12lns_strategy18gemv_thread_kernelINS_3lns8lns12_r6ELNS_8bitwidth12compute_kindE1ELNS4_14storage_layoutE0ELi1ELNS0_12decoder_kindE2ELNS0_13multiply_kindE0EEEvNS0_12storage_viewIT_XT1_EEESB_mmNS0_12table_bundleIXT0_EEEPNS4_14compute_traitsIXT0_EE4typeE' for 'sm_90'
ptxas info    : Function properties for _ZN3aut12lns_strategy18gemv_thread_kernelINS_3lns8lns12_r6ELNS_8bitwidth12compute_kindE1ELNS4_14storage_layoutE0ELi1ELNS0_12decoder_kindE2ELNS0_13multiply_kindE0EEEvNS0_12storage_viewIT_XT1_EEESB_mmNS0_12table_bundleIXT0_EEEPNS4_14compute_traitsIXT0_EE4typeE
    0 bytes stack frame, 0 bytes spill stores, 0 bytes spill loads
ptxas info    : Used 21 registers, used 1 barriers
ptxas info    : Compile time = 3.560 ms
ptxas info    : Compiling entry function '_ZN3aut12lns_strategy17dot_thread_kernelINS_3lns8lns12_r6ELNS_8bitwidth12compute_kindE1ELNS4_14storage_layoutE0ELi1ELNS0_12decoder_kindE2ELNS0_13multiply_kindE0EEEvNS0_12storage_viewIT_XT1_EEESB_mNS0_12table_bundleIXT0_EEEPNS4_14compute_traitsIXT0_EE4typeE' for 'sm_90'
ptxas info    : Function properties for _ZN3aut12lns_strategy17dot_thread_kernelINS_3lns8lns12_r6ELNS_8bitwidth12compute_kindE1ELNS4_14storage_layoutE0ELi1ELNS0_12decoder_kindE2ELNS0_13multiply_kindE0EEEvNS0_12storage_viewIT_XT1_EEESB_mNS0_12table_bundleIXT0_EEEPNS4_14compute_traitsIXT0_EE4typeE
    0 bytes stack frame, 0 bytes spill stores, 0 bytes spill loads
ptxas info    : Used 22 registers, used 1 barriers
ptxas info    : Compile time = 3.147 ms
ptxas info    : Compiling entry function '_ZN3aut12lns_strategy23gemv_cooperative_kernelINS_3lns8lns12_r6ELNS_8bitwidth12compute_kindE1ELNS0_12decoder_kindE1ELNS0_13multiply_kindE1EEEvPKjS9_mmNS0_12table_bundleIXT0_EEEPNS4_14compute_traitsIXT0_EE4typeE' for 'sm_90'
ptxas info    : Function properties for _ZN3aut12lns_strategy23gemv_cooperative_kernelINS_3lns8lns12_r6ELNS_8bitwidth12compute_kindE1ELNS0_12decoder_kindE1ELNS0_13multiply_kindE1EEEvPKjS9_mmNS0_12table_bundleIXT0_EEEPNS4_14compute_traitsIXT0_EE4typeE
    0 bytes stack frame, 0 bytes spill stores, 0 bytes spill loads
ptxas info    : Used 29 registers, used 1 barriers
ptxas info    : Compile time = 5.957 ms
ptxas info    : Compiling entry function '_ZN3aut12lns_strategy22dot_cooperative_kernelINS_3lns8lns12_r6ELNS_8bitwidth12compute_kindE1ELNS0_12decoder_kindE1ELNS0_13multiply_kindE1EEEvPKjS9_mNS0_12table_bundleIXT0_EEEPNS4_14compute_traitsIXT0_EE4typeE' for 'sm_90'
ptxas info    : Function properties for _ZN3aut12lns_strategy22dot_cooperative_kernelINS_3lns8lns12_r6ELNS_8bitwidth12compute_kindE1ELNS0_12decoder_kindE1ELNS0_13multiply_kindE1EEEvPKjS9_mNS0_12table_bundleIXT0_EEEPNS4_14compute_traitsIXT0_EE4typeE
    0 bytes stack frame, 0 bytes spill stores, 0 bytes spill loads
ptxas info    : Used 28 registers, used 1 barriers
ptxas info    : Compile time = 5.781 ms
ptxas info    : Compiling entry function '_ZN3aut12lns_strategy18gemv_thread_kernelINS_3lns8lns12_r6ELNS_8bitwidth12compute_kindE1ELNS4_14storage_layoutE1ELi8ELNS0_12decoder_kindE1ELNS0_13multiply_kindE1EEEvNS0_12storage_viewIT_XT1_EEESB_mmNS0_12table_bundleIXT0_EEEPNS4_14compute_traitsIXT0_EE4typeE' for 'sm_90'
ptxas info    : Function properties for _ZN3aut12lns_strategy18gemv_thread_kernelINS_3lns8lns12_r6ELNS_8bitwidth12compute_kindE1ELNS4_14storage_layoutE1ELi8ELNS0_12decoder_kindE1ELNS0_13multiply_kindE1EEEvNS0_12storage_viewIT_XT1_EEESB_mmNS0_12table_bundleIXT0_EEEPNS4_14compute_traitsIXT0_EE4typeE
    0 bytes stack frame, 0 bytes spill stores, 0 bytes spill loads
ptxas info    : Used 33 registers, used 1 barriers
ptxas info    : Compile time = 11.675 ms
ptxas info    : Compiling entry function '_ZN3aut12lns_strategy17dot_thread_kernelINS_3lns8lns12_r6ELNS_8bitwidth12compute_kindE1ELNS4_14storage_layoutE1ELi8ELNS0_12decoder_kindE1ELNS0_13multiply_kindE1EEEvNS0_12storage_viewIT_XT1_EEESB_mNS0_12table_bundleIXT0_EEEPNS4_14compute_traitsIXT0_EE4typeE' for 'sm_90'
ptxas info    : Function properties for _ZN3aut12lns_strategy17dot_thread_kernelINS_3lns8lns12_r6ELNS_8bitwidth12compute_kindE1ELNS4_14storage_layoutE1ELi8ELNS0_12decoder_kindE1ELNS0_13multiply_kindE1EEEvNS0_12storage_viewIT_XT1_EEESB_mNS0_12table_bundleIXT0_EEEPNS4_14compute_traitsIXT0_EE4typeE
    0 bytes stack frame, 0 bytes spill stores, 0 bytes spill loads
ptxas info    : Used 35 registers, used 1 barriers
ptxas info    : Compile time = 11.788 ms
ptxas info    : Compiling entry function '_ZN3aut12lns_strategy18gemv_thread_kernelINS_3lns8lns12_r6ELNS_8bitwidth12compute_kindE1ELNS4_14storage_layoutE1ELi4ELNS0_12decoder_kindE1ELNS0_13multiply_kindE1EEEvNS0_12storage_viewIT_XT1_EEESB_mmNS0_12table_bundleIXT0_EEEPNS4_14compute_traitsIXT0_EE4typeE' for 'sm_90'
ptxas info    : Function properties for _ZN3aut12lns_strategy18gemv_thread_kernelINS_3lns8lns12_r6ELNS_8bitwidth12compute_kindE1ELNS4_14storage_layoutE1ELi4ELNS0_12decoder_kindE1ELNS0_13multiply_kindE1EEEvNS0_12storage_viewIT_XT1_EEESB_mmNS0_12table_bundleIXT0_EEEPNS4_14compute_traitsIXT0_EE4typeE
    0 bytes stack frame, 0 bytes spill stores, 0 bytes spill loads
ptxas info    : Used 26 registers, used 1 barriers
ptxas info    : Compile time = 7.452 ms
ptxas info    : Compiling entry function '_ZN3aut12lns_strategy17dot_thread_kernelINS_3lns8lns12_r6ELNS_8bitwidth12compute_kindE1ELNS4_14storage_layoutE1ELi4ELNS0_12decoder_kindE1ELNS0_13multiply_kindE1EEEvNS0_12storage_viewIT_XT1_EEESB_mNS0_12table_bundleIXT0_EEEPNS4_14compute_traitsIXT0_EE4typeE' for 'sm_90'
ptxas info    : Function properties for _ZN3aut12lns_strategy17dot_thread_kernelINS_3lns8lns12_r6ELNS_8bitwidth12compute_kindE1ELNS4_14storage_layoutE1ELi4ELNS0_12decoder_kindE1ELNS0_13multiply_kindE1EEEvNS0_12storage_viewIT_XT1_EEESB_mNS0_12table_bundleIXT0_EEEPNS4_14compute_traitsIXT0_EE4typeE
    0 bytes stack frame, 0 bytes spill stores, 0 bytes spill loads
ptxas info    : Used 30 registers, used 1 barriers
ptxas info    : Compile time = 7.593 ms
ptxas info    : Compiling entry function '_ZN3aut12lns_strategy18gemv_thread_kernelINS_3lns8lns12_r6ELNS_8bitwidth12compute_kindE1ELNS4_14storage_layoutE1ELi2ELNS0_12decoder_kindE1ELNS0_13multiply_kindE1EEEvNS0_12storage_viewIT_XT1_EEESB_mmNS0_12table_bundleIXT0_EEEPNS4_14compute_traitsIXT0_EE4typeE' for 'sm_90'
ptxas info    : Function properties for _ZN3aut12lns_strategy18gemv_thread_kernelINS_3lns8lns12_r6ELNS_8bitwidth12compute_kindE1ELNS4_14storage_layoutE1ELi2ELNS0_12decoder_kindE1ELNS0_13multiply_kindE1EEEvNS0_12storage_viewIT_XT1_EEESB_mmNS0_12table_bundleIXT0_EEEPNS4_14compute_traitsIXT0_EE4typeE
    0 bytes stack frame, 0 bytes spill stores, 0 bytes spill loads
ptxas info    : Used 22 registers, used 1 barriers
ptxas info    : Compile time = 5.384 ms
ptxas info    : Compiling entry function '_ZN3aut12lns_strategy17dot_thread_kernelINS_3lns8lns12_r6ELNS_8bitwidth12compute_kindE1ELNS4_14storage_layoutE1ELi2ELNS0_12decoder_kindE1ELNS0_13multiply_kindE1EEEvNS0_12storage_viewIT_XT1_EEESB_mNS0_12table_bundleIXT0_EEEPNS4_14compute_traitsIXT0_EE4typeE' for 'sm_90'
ptxas info    : Function properties for _ZN3aut12lns_strategy17dot_thread_kernelINS_3lns8lns12_r6ELNS_8bitwidth12compute_kindE1ELNS4_14storage_layoutE1ELi2ELNS0_12decoder_kindE1ELNS0_13multiply_kindE1EEEvNS0_12storage_viewIT_XT1_EEESB_mNS0_12table_bundleIXT0_EEEPNS4_14compute_traitsIXT0_EE4typeE
    0 bytes stack frame, 0 bytes spill stores, 0 bytes spill loads
ptxas info    : Used 28 registers, used 1 barriers
ptxas info    : Compile time = 5.467 ms
ptxas info    : Compiling entry function '_ZN3aut12lns_strategy18gemv_thread_kernelINS_3lns8lns12_r6ELNS_8bitwidth12compute_kindE1ELNS4_14storage_layoutE0ELi8ELNS0_12decoder_kindE1ELNS0_13multiply_kindE1EEEvNS0_12storage_viewIT_XT1_EEESB_mmNS0_12table_bundleIXT0_EEEPNS4_14compute_traitsIXT0_EE4typeE' for 'sm_90'
ptxas info    : Function properties for _ZN3aut12lns_strategy18gemv_thread_kernelINS_3lns8lns12_r6ELNS_8bitwidth12compute_kindE1ELNS4_14storage_layoutE0ELi8ELNS0_12decoder_kindE1ELNS0_13multiply_kindE1EEEvNS0_12storage_viewIT_XT1_EEESB_mmNS0_12table_bundleIXT0_EEEPNS4_14compute_traitsIXT0_EE4typeE
    0 bytes stack frame, 0 bytes spill stores, 0 bytes spill loads
ptxas info    : Used 40 registers, used 1 barriers
ptxas info    : Compile time = 15.681 ms
ptxas info    : Compiling entry function '_ZN3aut12lns_strategy17dot_thread_kernelINS_3lns8lns12_r6ELNS_8bitwidth12compute_kindE1ELNS4_14storage_layoutE0ELi8ELNS0_12decoder_kindE1ELNS0_13multiply_kindE1EEEvNS0_12storage_viewIT_XT1_EEESB_mNS0_12table_bundleIXT0_EEEPNS4_14compute_traitsIXT0_EE4typeE' for 'sm_90'
ptxas info    : Function properties for _ZN3aut12lns_strategy17dot_thread_kernelINS_3lns8lns12_r6ELNS_8bitwidth12compute_kindE1ELNS4_14storage_layoutE0ELi8ELNS0_12decoder_kindE1ELNS0_13multiply_kindE1EEEvNS0_12storage_viewIT_XT1_EEESB_mNS0_12table_bundleIXT0_EEEPNS4_14compute_traitsIXT0_EE4typeE
    0 bytes stack frame, 0 bytes spill stores, 0 bytes spill loads
ptxas info    : Used 46 registers, used 1 barriers
ptxas info    : Compile time = 13.956 ms
ptxas info    : Compiling entry function '_ZN3aut12lns_strategy18gemv_thread_kernelINS_3lns8lns12_r6ELNS_8bitwidth12compute_kindE1ELNS4_14storage_layoutE0ELi4ELNS0_12decoder_kindE1ELNS0_13multiply_kindE1EEEvNS0_12storage_viewIT_XT1_EEESB_mmNS0_12table_bundleIXT0_EEEPNS4_14compute_traitsIXT0_EE4typeE' for 'sm_90'
ptxas info    : Function properties for _ZN3aut12lns_strategy18gemv_thread_kernelINS_3lns8lns12_r6ELNS_8bitwidth12compute_kindE1ELNS4_14storage_layoutE0ELi4ELNS0_12decoder_kindE1ELNS0_13multiply_kindE1EEEvNS0_12storage_viewIT_XT1_EEESB_mmNS0_12table_bundleIXT0_EEEPNS4_14compute_traitsIXT0_EE4typeE
    0 bytes stack frame, 0 bytes spill stores, 0 bytes spill loads
ptxas info    : Used 32 registers, used 1 barriers
ptxas info    : Compile time = 9.757 ms
ptxas info    : Compiling entry function '_ZN3aut12lns_strategy17dot_thread_kernelINS_3lns8lns12_r6ELNS_8bitwidth12compute_kindE1ELNS4_14storage_layoutE0ELi4ELNS0_12decoder_kindE1ELNS0_13multiply_kindE1EEEvNS0_12storage_viewIT_XT1_EEESB_mNS0_12table_bundleIXT0_EEEPNS4_14compute_traitsIXT0_EE4typeE' for 'sm_90'
ptxas info    : Function properties for _ZN3aut12lns_strategy17dot_thread_kernelINS_3lns8lns12_r6ELNS_8bitwidth12compute_kindE1ELNS4_14storage_layoutE0ELi4ELNS0_12decoder_kindE1ELNS0_13multiply_kindE1EEEvNS0_12storage_viewIT_XT1_EEESB_mNS0_12table_bundleIXT0_EEEPNS4_14compute_traitsIXT0_EE4typeE
    0 bytes stack frame, 0 bytes spill stores, 0 bytes spill loads
ptxas info    : Used 32 registers, used 1 barriers
ptxas info    : Compile time = 9.678 ms
ptxas info    : Compiling entry function '_ZN3aut12lns_strategy18gemv_thread_kernelINS_3lns8lns12_r6ELNS_8bitwidth12compute_kindE1ELNS4_14storage_layoutE0ELi2ELNS0_12decoder_kindE1ELNS0_13multiply_kindE1EEEvNS0_12storage_viewIT_XT1_EEESB_mmNS0_12table_bundleIXT0_EEEPNS4_14compute_traitsIXT0_EE4typeE' for 'sm_90'
ptxas info    : Function properties for _ZN3aut12lns_strategy18gemv_thread_kernelINS_3lns8lns12_r6ELNS_8bitwidth12compute_kindE1ELNS4_14storage_layoutE0ELi2ELNS0_12decoder_kindE1ELNS0_13multiply_kindE1EEEvNS0_12storage_viewIT_XT1_EEESB_mmNS0_12table_bundleIXT0_EEEPNS4_14compute_traitsIXT0_EE4typeE
    0 bytes stack frame, 0 bytes spill stores, 0 bytes spill loads
ptxas info    : Used 30 registers, used 1 barriers
ptxas info    : Compile time = 6.495 ms
ptxas info    : Compiling entry function '_ZN3aut12lns_strategy17dot_thread_kernelINS_3lns8lns12_r6ELNS_8bitwidth12compute_kindE1ELNS4_14storage_layoutE0ELi2ELNS0_12decoder_kindE1ELNS0_13multiply_kindE1EEEvNS0_12storage_viewIT_XT1_EEESB_mNS0_12table_bundleIXT0_EEEPNS4_14compute_traitsIXT0_EE4typeE' for 'sm_90'
ptxas info    : Function properties for _ZN3aut12lns_strategy17dot_thread_kernelINS_3lns8lns12_r6ELNS_8bitwidth12compute_kindE1ELNS4_14storage_layoutE0ELi2ELNS0_12decoder_kindE1ELNS0_13multiply_kindE1EEEvNS0_12storage_viewIT_XT1_EEESB_mNS0_12table_bundleIXT0_EEEPNS4_14compute_traitsIXT0_EE4typeE
    0 bytes stack frame, 0 bytes spill stores, 0 bytes spill loads
ptxas info    : Used 32 registers, used 1 barriers
ptxas info    : Compile time = 6.422 ms
ptxas info    : Compiling entry function '_ZN3aut12lns_strategy18gemv_thread_kernelINS_3lns8lns12_r6ELNS_8bitwidth12compute_kindE1ELNS4_14storage_layoutE1ELi1ELNS0_12decoder_kindE1ELNS0_13multiply_kindE1EEEvNS0_12storage_viewIT_XT1_EEESB_mmNS0_12table_bundleIXT0_EEEPNS4_14compute_traitsIXT0_EE4typeE' for 'sm_90'
ptxas info    : Function properties for _ZN3aut12lns_strategy18gemv_thread_kernelINS_3lns8lns12_r6ELNS_8bitwidth12compute_kindE1ELNS4_14storage_layoutE1ELi1ELNS0_12decoder_kindE1ELNS0_13multiply_kindE1EEEvNS0_12storage_viewIT_XT1_EEESB_mmNS0_12table_bundleIXT0_EEEPNS4_14compute_traitsIXT0_EE4typeE
    0 bytes stack frame, 0 bytes spill stores, 0 bytes spill loads
ptxas info    : Used 21 registers, used 1 barriers
ptxas info    : Compile time = 4.136 ms
ptxas info    : Compiling entry function '_ZN3aut12lns_strategy17dot_thread_kernelINS_3lns8lns12_r6ELNS_8bitwidth12compute_kindE1ELNS4_14storage_layoutE1ELi1ELNS0_12decoder_kindE1ELNS0_13multiply_kindE1EEEvNS0_12storage_viewIT_XT1_EEESB_mNS0_12table_bundleIXT0_EEEPNS4_14compute_traitsIXT0_EE4typeE' for 'sm_90'
ptxas info    : Function properties for _ZN3aut12lns_strategy17dot_thread_kernelINS_3lns8lns12_r6ELNS_8bitwidth12compute_kindE1ELNS4_14storage_layoutE1ELi1ELNS0_12decoder_kindE1ELNS0_13multiply_kindE1EEEvNS0_12storage_viewIT_XT1_EEESB_mNS0_12table_bundleIXT0_EEEPNS4_14compute_traitsIXT0_EE4typeE
    0 bytes stack frame, 0 bytes spill stores, 0 bytes spill loads
ptxas info    : Used 22 registers, used 1 barriers
ptxas info    : Compile time = 4.004 ms
ptxas info    : Compiling entry function '_ZN3aut12lns_strategy18gemv_thread_kernelINS_3lns8lns12_r6ELNS_8bitwidth12compute_kindE1ELNS4_14storage_layoutE0ELi1ELNS0_12decoder_kindE1ELNS0_13multiply_kindE1EEEvNS0_12storage_viewIT_XT1_EEESB_mmNS0_12table_bundleIXT0_EEEPNS4_14compute_traitsIXT0_EE4typeE' for 'sm_90'
ptxas info    : Function properties for _ZN3aut12lns_strategy18gemv_thread_kernelINS_3lns8lns12_r6ELNS_8bitwidth12compute_kindE1ELNS4_14storage_layoutE0ELi1ELNS0_12decoder_kindE1ELNS0_13multiply_kindE1EEEvNS0_12storage_viewIT_XT1_EEESB_mmNS0_12table_bundleIXT0_EEEPNS4_14compute_traitsIXT0_EE4typeE
    0 bytes stack frame, 0 bytes spill stores, 0 bytes spill loads
ptxas info    : Used 23 registers, used 1 barriers
ptxas info    : Compile time = 4.617 ms
ptxas info    : Compiling entry function '_ZN3aut12lns_strategy17dot_thread_kernelINS_3lns8lns12_r6ELNS_8bitwidth12compute_kindE1ELNS4_14storage_layoutE0ELi1ELNS0_12decoder_kindE1ELNS0_13multiply_kindE1EEEvNS0_12storage_viewIT_XT1_EEESB_mNS0_12table_bundleIXT0_EEEPNS4_14compute_traitsIXT0_EE4typeE' for 'sm_90'
ptxas info    : Function properties for _ZN3aut12lns_strategy17dot_thread_kernelINS_3lns8lns12_r6ELNS_8bitwidth12compute_kindE1ELNS4_14storage_layoutE0ELi1ELNS0_12decoder_kindE1ELNS0_13multiply_kindE1EEEvNS0_12storage_viewIT_XT1_EEESB_mNS0_12table_bundleIXT0_EEEPNS4_14compute_traitsIXT0_EE4typeE
    0 bytes stack frame, 0 bytes spill stores, 0 bytes spill loads
ptxas info    : Used 23 registers, used 1 barriers
ptxas info    : Compile time = 4.419 ms
ptxas info    : Compiling entry function '_ZN3aut12lns_strategy23gemv_cooperative_kernelINS_3lns8lns12_r6ELNS_8bitwidth12compute_kindE1ELNS0_12decoder_kindE1ELNS0_13multiply_kindE0EEEvPKjS9_mmNS0_12table_bundleIXT0_EEEPNS4_14compute_traitsIXT0_EE4typeE' for 'sm_90'
ptxas info    : Function properties for _ZN3aut12lns_strategy23gemv_cooperative_kernelINS_3lns8lns12_r6ELNS_8bitwidth12compute_kindE1ELNS0_12decoder_kindE1ELNS0_13multiply_kindE0EEEvPKjS9_mmNS0_12table_bundleIXT0_EEEPNS4_14compute_traitsIXT0_EE4typeE
    0 bytes stack frame, 0 bytes spill stores, 0 bytes spill loads
ptxas info    : Used 28 registers, used 1 barriers
ptxas info    : Compile time = 5.583 ms
ptxas info    : Compiling entry function '_ZN3aut12lns_strategy22dot_cooperative_kernelINS_3lns8lns12_r6ELNS_8bitwidth12compute_kindE1ELNS0_12decoder_kindE1ELNS0_13multiply_kindE0EEEvPKjS9_mNS0_12table_bundleIXT0_EEEPNS4_14compute_traitsIXT0_EE4typeE' for 'sm_90'
ptxas info    : Function properties for _ZN3aut12lns_strategy22dot_cooperative_kernelINS_3lns8lns12_r6ELNS_8bitwidth12compute_kindE1ELNS0_12decoder_kindE1ELNS0_13multiply_kindE0EEEvPKjS9_mNS0_12table_bundleIXT0_EEEPNS4_14compute_traitsIXT0_EE4typeE
    0 bytes stack frame, 0 bytes spill stores, 0 bytes spill loads
ptxas info    : Used 26 registers, used 1 barriers
ptxas info    : Compile time = 5.390 ms
ptxas info    : Compiling entry function '_ZN3aut12lns_strategy18gemv_thread_kernelINS_3lns8lns12_r6ELNS_8bitwidth12compute_kindE1ELNS4_14storage_layoutE1ELi8ELNS0_12decoder_kindE1ELNS0_13multiply_kindE0EEEvNS0_12storage_viewIT_XT1_EEESB_mmNS0_12table_bundleIXT0_EEEPNS4_14compute_traitsIXT0_EE4typeE' for 'sm_90'
ptxas info    : Function properties for _ZN3aut12lns_strategy18gemv_thread_kernelINS_3lns8lns12_r6ELNS_8bitwidth12compute_kindE1ELNS4_14storage_layoutE1ELi8ELNS0_12decoder_kindE1ELNS0_13multiply_kindE0EEEvNS0_12storage_viewIT_XT1_EEESB_mmNS0_12table_bundleIXT0_EEEPNS4_14compute_traitsIXT0_EE4typeE
    0 bytes stack frame, 0 bytes spill stores, 0 bytes spill loads
ptxas info    : Used 33 registers, used 1 barriers
ptxas info    : Compile time = 10.283 ms
ptxas info    : Compiling entry function '_ZN3aut12lns_strategy17dot_thread_kernelINS_3lns8lns12_r6ELNS_8bitwidth12compute_kindE1ELNS4_14storage_layoutE1ELi8ELNS0_12decoder_kindE1ELNS0_13multiply_kindE0EEEvNS0_12storage_viewIT_XT1_EEESB_mNS0_12table_bundleIXT0_EEEPNS4_14compute_traitsIXT0_EE4typeE' for 'sm_90'
ptxas info    : Function properties for _ZN3aut12lns_strategy17dot_thread_kernelINS_3lns8lns12_r6ELNS_8bitwidth12compute_kindE1ELNS4_14storage_layoutE1ELi8ELNS0_12decoder_kindE1ELNS0_13multiply_kindE0EEEvNS0_12storage_viewIT_XT1_EEESB_mNS0_12table_bundleIXT0_EEEPNS4_14compute_traitsIXT0_EE4typeE
    0 bytes stack frame, 0 bytes spill stores, 0 bytes spill loads
ptxas info    : Used 38 registers, used 1 barriers
ptxas info    : Compile time = 10.330 ms
ptxas info    : Compiling entry function '_ZN3aut12lns_strategy18gemv_thread_kernelINS_3lns8lns12_r6ELNS_8bitwidth12compute_kindE1ELNS4_14storage_layoutE1ELi4ELNS0_12decoder_kindE1ELNS0_13multiply_kindE0EEEvNS0_12storage_viewIT_XT1_EEESB_mmNS0_12table_bundleIXT0_EEEPNS4_14compute_traitsIXT0_EE4typeE' for 'sm_90'
ptxas info    : Function properties for _ZN3aut12lns_strategy18gemv_thread_kernelINS_3lns8lns12_r6ELNS_8bitwidth12compute_kindE1ELNS4_14storage_layoutE1ELi4ELNS0_12decoder_kindE1ELNS0_13multiply_kindE0EEEvNS0_12storage_viewIT_XT1_EEESB_mmNS0_12table_bundleIXT0_EEEPNS4_14compute_traitsIXT0_EE4typeE
    0 bytes stack frame, 0 bytes spill stores, 0 bytes spill loads
ptxas info    : Used 27 registers, used 1 barriers
ptxas info    : Compile time = 6.676 ms
ptxas info    : Compiling entry function '_ZN3aut12lns_strategy17dot_thread_kernelINS_3lns8lns12_r6ELNS_8bitwidth12compute_kindE1ELNS4_14storage_layoutE1ELi4ELNS0_12decoder_kindE1ELNS0_13multiply_kindE0EEEvNS0_12storage_viewIT_XT1_EEESB_mNS0_12table_bundleIXT0_EEEPNS4_14compute_traitsIXT0_EE4typeE' for 'sm_90'
ptxas info    : Function properties for _ZN3aut12lns_strategy17dot_thread_kernelINS_3lns8lns12_r6ELNS_8bitwidth12compute_kindE1ELNS4_14storage_layoutE1ELi4ELNS0_12decoder_kindE1ELNS0_13multiply_kindE0EEEvNS0_12storage_viewIT_XT1_EEESB_mNS0_12table_bundleIXT0_EEEPNS4_14compute_traitsIXT0_EE4typeE
    0 bytes stack frame, 0 bytes spill stores, 0 bytes spill loads
ptxas info    : Used 30 registers, used 1 barriers
ptxas info    : Compile time = 6.822 ms
ptxas info    : Compiling entry function '_ZN3aut12lns_strategy18gemv_thread_kernelINS_3lns8lns12_r6ELNS_8bitwidth12compute_kindE1ELNS4_14storage_layoutE1ELi2ELNS0_12decoder_kindE1ELNS0_13multiply_kindE0EEEvNS0_12storage_viewIT_XT1_EEESB_mmNS0_12table_bundleIXT0_EEEPNS4_14compute_traitsIXT0_EE4typeE' for 'sm_90'
ptxas info    : Function properties for _ZN3aut12lns_strategy18gemv_thread_kernelINS_3lns8lns12_r6ELNS_8bitwidth12compute_kindE1ELNS4_14storage_layoutE1ELi2ELNS0_12decoder_kindE1ELNS0_13multiply_kindE0EEEvNS0_12storage_viewIT_XT1_EEESB_mmNS0_12table_bundleIXT0_EEEPNS4_14compute_traitsIXT0_EE4typeE
    0 bytes stack frame, 0 bytes spill stores, 0 bytes spill loads
ptxas info    : Used 23 registers, used 1 barriers
ptxas info    : Compile time = 4.916 ms
ptxas info    : Compiling entry function '_ZN3aut12lns_strategy17dot_thread_kernelINS_3lns8lns12_r6ELNS_8bitwidth12compute_kindE1ELNS4_14storage_layoutE1ELi2ELNS0_12decoder_kindE1ELNS0_13multiply_kindE0EEEvNS0_12storage_viewIT_XT1_EEESB_mNS0_12table_bundleIXT0_EEEPNS4_14compute_traitsIXT0_EE4typeE' for 'sm_90'
ptxas info    : Function properties for _ZN3aut12lns_strategy17dot_thread_kernelINS_3lns8lns12_r6ELNS_8bitwidth12compute_kindE1ELNS4_14storage_layoutE1ELi2ELNS0_12decoder_kindE1ELNS0_13multiply_kindE0EEEvNS0_12storage_viewIT_XT1_EEESB_mNS0_12table_bundleIXT0_EEEPNS4_14compute_traitsIXT0_EE4typeE
    0 bytes stack frame, 0 bytes spill stores, 0 bytes spill loads
ptxas info    : Used 29 registers, used 1 barriers
ptxas info    : Compile time = 4.986 ms
ptxas info    : Compiling entry function '_ZN3aut12lns_strategy18gemv_thread_kernelINS_3lns8lns12_r6ELNS_8bitwidth12compute_kindE1ELNS4_14storage_layoutE0ELi8ELNS0_12decoder_kindE1ELNS0_13multiply_kindE0EEEvNS0_12storage_viewIT_XT1_EEESB_mmNS0_12table_bundleIXT0_EEEPNS4_14compute_traitsIXT0_EE4typeE' for 'sm_90'
ptxas info    : Function properties for _ZN3aut12lns_strategy18gemv_thread_kernelINS_3lns8lns12_r6ELNS_8bitwidth12compute_kindE1ELNS4_14storage_layoutE0ELi8ELNS0_12decoder_kindE1ELNS0_13multiply_kindE0EEEvNS0_12storage_viewIT_XT1_EEESB_mmNS0_12table_bundleIXT0_EEEPNS4_14compute_traitsIXT0_EE4typeE
    0 bytes stack frame, 0 bytes spill stores, 0 bytes spill loads
ptxas info    : Used 40 registers, used 1 barriers
ptxas info    : Compile time = 14.110 ms
ptxas info    : Compiling entry function '_ZN3aut12lns_strategy17dot_thread_kernelINS_3lns8lns12_r6ELNS_8bitwidth12compute_kindE1ELNS4_14storage_layoutE0ELi8ELNS0_12decoder_kindE1ELNS0_13multiply_kindE0EEEvNS0_12storage_viewIT_XT1_EEESB_mNS0_12table_bundleIXT0_EEEPNS4_14compute_traitsIXT0_EE4typeE' for 'sm_90'
ptxas info    : Function properties for _ZN3aut12lns_strategy17dot_thread_kernelINS_3lns8lns12_r6ELNS_8bitwidth12compute_kindE1ELNS4_14storage_layoutE0ELi8ELNS0_12decoder_kindE1ELNS0_13multiply_kindE0EEEvNS0_12storage_viewIT_XT1_EEESB_mNS0_12table_bundleIXT0_EEEPNS4_14compute_traitsIXT0_EE4typeE
    0 bytes stack frame, 0 bytes spill stores, 0 bytes spill loads
ptxas info    : Used 43 registers, used 1 barriers
ptxas info    : Compile time = 12.381 ms
ptxas info    : Compiling entry function '_ZN3aut12lns_strategy18gemv_thread_kernelINS_3lns8lns12_r6ELNS_8bitwidth12compute_kindE1ELNS4_14storage_layoutE0ELi4ELNS0_12decoder_kindE1ELNS0_13multiply_kindE0EEEvNS0_12storage_viewIT_XT1_EEESB_mmNS0_12table_bundleIXT0_EEEPNS4_14compute_traitsIXT0_EE4typeE' for 'sm_90'
ptxas info    : Function properties for _ZN3aut12lns_strategy18gemv_thread_kernelINS_3lns8lns12_r6ELNS_8bitwidth12compute_kindE1ELNS4_14storage_layoutE0ELi4ELNS0_12decoder_kindE1ELNS0_13multiply_kindE0EEEvNS0_12storage_viewIT_XT1_EEESB_mmNS0_12table_bundleIXT0_EEEPNS4_14compute_traitsIXT0_EE4typeE
    0 bytes stack frame, 0 bytes spill stores, 0 bytes spill loads
ptxas info    : Used 32 registers, used 1 barriers
ptxas info    : Compile time = 8.690 ms
ptxas info    : Compiling entry function '_ZN3aut12lns_strategy17dot_thread_kernelINS_3lns8lns12_r6ELNS_8bitwidth12compute_kindE1ELNS4_14storage_layoutE0ELi4ELNS0_12decoder_kindE1ELNS0_13multiply_kindE0EEEvNS0_12storage_viewIT_XT1_EEESB_mNS0_12table_bundleIXT0_EEEPNS4_14compute_traitsIXT0_EE4typeE' for 'sm_90'
ptxas info    : Function properties for _ZN3aut12lns_strategy17dot_thread_kernelINS_3lns8lns12_r6ELNS_8bitwidth12compute_kindE1ELNS4_14storage_layoutE0ELi4ELNS0_12decoder_kindE1ELNS0_13multiply_kindE0EEEvNS0_12storage_viewIT_XT1_EEESB_mNS0_12table_bundleIXT0_EEEPNS4_14compute_traitsIXT0_EE4typeE
    0 bytes stack frame, 0 bytes spill stores, 0 bytes spill loads
ptxas info    : Used 32 registers, used 1 barriers
ptxas info    : Compile time = 8.529 ms
ptxas info    : Compiling entry function '_ZN3aut12lns_strategy18gemv_thread_kernelINS_3lns8lns12_r6ELNS_8bitwidth12compute_kindE1ELNS4_14storage_layoutE0ELi2ELNS0_12decoder_kindE1ELNS0_13multiply_kindE0EEEvNS0_12storage_viewIT_XT1_EEESB_mmNS0_12table_bundleIXT0_EEEPNS4_14compute_traitsIXT0_EE4typeE' for 'sm_90'
ptxas info    : Function properties for _ZN3aut12lns_strategy18gemv_thread_kernelINS_3lns8lns12_r6ELNS_8bitwidth12compute_kindE1ELNS4_14storage_layoutE0ELi2ELNS0_12decoder_kindE1ELNS0_13multiply_kindE0EEEvNS0_12storage_viewIT_XT1_EEESB_mmNS0_12table_bundleIXT0_EEEPNS4_14compute_traitsIXT0_EE4typeE
    0 bytes stack frame, 0 bytes spill stores, 0 bytes spill loads
ptxas info    : Used 30 registers, used 1 barriers
ptxas info    : Compile time = 5.900 ms
ptxas info    : Compiling entry function '_ZN3aut12lns_strategy17dot_thread_kernelINS_3lns8lns12_r6ELNS_8bitwidth12compute_kindE1ELNS4_14storage_layoutE0ELi2ELNS0_12decoder_kindE1ELNS0_13multiply_kindE0EEEvNS0_12storage_viewIT_XT1_EEESB_mNS0_12table_bundleIXT0_EEEPNS4_14compute_traitsIXT0_EE4typeE' for 'sm_90'
ptxas info    : Function properties for _ZN3aut12lns_strategy17dot_thread_kernelINS_3lns8lns12_r6ELNS_8bitwidth12compute_kindE1ELNS4_14storage_layoutE0ELi2ELNS0_12decoder_kindE1ELNS0_13multiply_kindE0EEEvNS0_12storage_viewIT_XT1_EEESB_mNS0_12table_bundleIXT0_EEEPNS4_14compute_traitsIXT0_EE4typeE
    0 bytes stack frame, 0 bytes spill stores, 0 bytes spill loads
ptxas info    : Used 32 registers, used 1 barriers
ptxas info    : Compile time = 5.806 ms
ptxas info    : Compiling entry function '_ZN3aut12lns_strategy18gemv_thread_kernelINS_3lns8lns12_r6ELNS_8bitwidth12compute_kindE1ELNS4_14storage_layoutE1ELi1ELNS0_12decoder_kindE1ELNS0_13multiply_kindE0EEEvNS0_12storage_viewIT_XT1_EEESB_mmNS0_12table_bundleIXT0_EEEPNS4_14compute_traitsIXT0_EE4typeE' for 'sm_90'
ptxas info    : Function properties for _ZN3aut12lns_strategy18gemv_thread_kernelINS_3lns8lns12_r6ELNS_8bitwidth12compute_kindE1ELNS4_14storage_layoutE1ELi1ELNS0_12decoder_kindE1ELNS0_13multiply_kindE0EEEvNS0_12storage_viewIT_XT1_EEESB_mmNS0_12table_bundleIXT0_EEEPNS4_14compute_traitsIXT0_EE4typeE
    0 bytes stack frame, 0 bytes spill stores, 0 bytes spill loads
ptxas info    : Used 20 registers, used 1 barriers
ptxas info    : Compile time = 3.873 ms
ptxas info    : Compiling entry function '_ZN3aut12lns_strategy17dot_thread_kernelINS_3lns8lns12_r6ELNS_8bitwidth12compute_kindE1ELNS4_14storage_layoutE1ELi1ELNS0_12decoder_kindE1ELNS0_13multiply_kindE0EEEvNS0_12storage_viewIT_XT1_EEESB_mNS0_12table_bundleIXT0_EEEPNS4_14compute_traitsIXT0_EE4typeE' for 'sm_90'
ptxas info    : Function properties for _ZN3aut12lns_strategy17dot_thread_kernelINS_3lns8lns12_r6ELNS_8bitwidth12compute_kindE1ELNS4_14storage_layoutE1ELi1ELNS0_12decoder_kindE1ELNS0_13multiply_kindE0EEEvNS0_12storage_viewIT_XT1_EEESB_mNS0_12table_bundleIXT0_EEEPNS4_14compute_traitsIXT0_EE4typeE
    0 bytes stack frame, 0 bytes spill stores, 0 bytes spill loads
ptxas info    : Used 22 registers, used 1 barriers
ptxas info    : Compile time = 3.741 ms
ptxas info    : Compiling entry function '_ZN3aut12lns_strategy18gemv_thread_kernelINS_3lns8lns12_r6ELNS_8bitwidth12compute_kindE1ELNS4_14storage_layoutE0ELi1ELNS0_12decoder_kindE1ELNS0_13multiply_kindE0EEEvNS0_12storage_viewIT_XT1_EEESB_mmNS0_12table_bundleIXT0_EEEPNS4_14compute_traitsIXT0_EE4typeE' for 'sm_90'
ptxas info    : Function properties for _ZN3aut12lns_strategy18gemv_thread_kernelINS_3lns8lns12_r6ELNS_8bitwidth12compute_kindE1ELNS4_14storage_layoutE0ELi1ELNS0_12decoder_kindE1ELNS0_13multiply_kindE0EEEvNS0_12storage_viewIT_XT1_EEESB_mmNS0_12table_bundleIXT0_EEEPNS4_14compute_traitsIXT0_EE4typeE
    0 bytes stack frame, 0 bytes spill stores, 0 bytes spill loads
ptxas info    : Used 21 registers, used 1 barriers
ptxas info    : Compile time = 4.255 ms
ptxas info    : Compiling entry function '_ZN3aut12lns_strategy17dot_thread_kernelINS_3lns8lns12_r6ELNS_8bitwidth12compute_kindE1ELNS4_14storage_layoutE0ELi1ELNS0_12decoder_kindE1ELNS0_13multiply_kindE0EEEvNS0_12storage_viewIT_XT1_EEESB_mNS0_12table_bundleIXT0_EEEPNS4_14compute_traitsIXT0_EE4typeE' for 'sm_90'
ptxas info    : Function properties for _ZN3aut12lns_strategy17dot_thread_kernelINS_3lns8lns12_r6ELNS_8bitwidth12compute_kindE1ELNS4_14storage_layoutE0ELi1ELNS0_12decoder_kindE1ELNS0_13multiply_kindE0EEEvNS0_12storage_viewIT_XT1_EEESB_mNS0_12table_bundleIXT0_EEEPNS4_14compute_traitsIXT0_EE4typeE
    0 bytes stack frame, 0 bytes spill stores, 0 bytes spill loads
ptxas info    : Used 24 registers, used 1 barriers
ptxas info    : Compile time = 4.018 ms
ptxas info    : Compiling entry function '_ZN3aut12lns_strategy18gemv_thread_kernelINS_3lns8lns12_r6ELNS_8bitwidth12compute_kindE1ELNS4_14storage_layoutE1ELi1ELNS0_12decoder_kindE0ELNS0_13multiply_kindE1EEEvNS0_12storage_viewIT_XT1_EEESB_mmNS0_12table_bundleIXT0_EEEPNS4_14compute_traitsIXT0_EE4typeE' for 'sm_90'
ptxas info    : Function properties for _ZN3aut12lns_strategy18gemv_thread_kernelINS_3lns8lns12_r6ELNS_8bitwidth12compute_kindE1ELNS4_14storage_layoutE1ELi1ELNS0_12decoder_kindE0ELNS0_13multiply_kindE1EEEvNS0_12storage_viewIT_XT1_EEESB_mmNS0_12table_bundleIXT0_EEEPNS4_14compute_traitsIXT0_EE4typeE
    0 bytes stack frame, 0 bytes spill stores, 0 bytes spill loads
ptxas info    : Used 22 registers, used 1 barriers
ptxas info    : Compile time = 5.148 ms
ptxas info    : Compiling entry function '_ZN3aut12lns_strategy17dot_thread_kernelINS_3lns8lns12_r6ELNS_8bitwidth12compute_kindE1ELNS4_14storage_layoutE1ELi1ELNS0_12decoder_kindE0ELNS0_13multiply_kindE1EEEvNS0_12storage_viewIT_XT1_EEESB_mNS0_12table_bundleIXT0_EEEPNS4_14compute_traitsIXT0_EE4typeE' for 'sm_90'
ptxas info    : Function properties for _ZN3aut12lns_strategy17dot_thread_kernelINS_3lns8lns12_r6ELNS_8bitwidth12compute_kindE1ELNS4_14storage_layoutE1ELi1ELNS0_12decoder_kindE0ELNS0_13multiply_kindE1EEEvNS0_12storage_viewIT_XT1_EEESB_mNS0_12table_bundleIXT0_EEEPNS4_14compute_traitsIXT0_EE4typeE
    0 bytes stack frame, 0 bytes spill stores, 0 bytes spill loads
ptxas info    : Used 24 registers, used 1 barriers
ptxas info    : Compile time = 5.030 ms
ptxas info    : Compiling entry function '_ZN3aut12lns_strategy18gemv_thread_kernelINS_3lns8lns12_r6ELNS_8bitwidth12compute_kindE1ELNS4_14storage_layoutE0ELi1ELNS0_12decoder_kindE0ELNS0_13multiply_kindE1EEEvNS0_12storage_viewIT_XT1_EEESB_mmNS0_12table_bundleIXT0_EEEPNS4_14compute_traitsIXT0_EE4typeE' for 'sm_90'
ptxas info    : Function properties for _ZN3aut12lns_strategy18gemv_thread_kernelINS_3lns8lns12_r6ELNS_8bitwidth12compute_kindE1ELNS4_14storage_layoutE0ELi1ELNS0_12decoder_kindE0ELNS0_13multiply_kindE1EEEvNS0_12storage_viewIT_XT1_EEESB_mmNS0_12table_bundleIXT0_EEEPNS4_14compute_traitsIXT0_EE4typeE
    0 bytes stack frame, 0 bytes spill stores, 0 bytes spill loads
ptxas info    : Used 23 registers, used 1 barriers
ptxas info    : Compile time = 6.151 ms
ptxas info    : Compiling entry function '_ZN3aut12lns_strategy17dot_thread_kernelINS_3lns8lns12_r6ELNS_8bitwidth12compute_kindE1ELNS4_14storage_layoutE0ELi1ELNS0_12decoder_kindE0ELNS0_13multiply_kindE1EEEvNS0_12storage_viewIT_XT1_EEESB_mNS0_12table_bundleIXT0_EEEPNS4_14compute_traitsIXT0_EE4typeE' for 'sm_90'
ptxas info    : Function properties for _ZN3aut12lns_strategy17dot_thread_kernelINS_3lns8lns12_r6ELNS_8bitwidth12compute_kindE1ELNS4_14storage_layoutE0ELi1ELNS0_12decoder_kindE0ELNS0_13multiply_kindE1EEEvNS0_12storage_viewIT_XT1_EEESB_mNS0_12table_bundleIXT0_EEEPNS4_14compute_traitsIXT0_EE4typeE
    0 bytes stack frame, 0 bytes spill stores, 0 bytes spill loads
ptxas info    : Used 23 registers, used 1 barriers
ptxas info    : Compile time = 5.419 ms
ptxas info    : Compiling entry function '_ZN3aut12lns_strategy18gemv_thread_kernelINS_3lns8lns12_r6ELNS_8bitwidth12compute_kindE1ELNS4_14storage_layoutE1ELi1ELNS0_12decoder_kindE0ELNS0_13multiply_kindE0EEEvNS0_12storage_viewIT_XT1_EEESB_mmNS0_12table_bundleIXT0_EEEPNS4_14compute_traitsIXT0_EE4typeE' for 'sm_90'
ptxas info    : Function properties for _ZN3aut12lns_strategy18gemv_thread_kernelINS_3lns8lns12_r6ELNS_8bitwidth12compute_kindE1ELNS4_14storage_layoutE1ELi1ELNS0_12decoder_kindE0ELNS0_13multiply_kindE0EEEvNS0_12storage_viewIT_XT1_EEESB_mmNS0_12table_bundleIXT0_EEEPNS4_14compute_traitsIXT0_EE4typeE
    0 bytes stack frame, 0 bytes spill stores, 0 bytes spill loads
ptxas info    : Used 22 registers, used 1 barriers
ptxas info    : Compile time = 5.729 ms
ptxas info    : Compiling entry function '_ZN3aut12lns_strategy17dot_thread_kernelINS_3lns8lns12_r6ELNS_8bitwidth12compute_kindE1ELNS4_14storage_layoutE1ELi1ELNS0_12decoder_kindE0ELNS0_13multiply_kindE0EEEvNS0_12storage_viewIT_XT1_EEESB_mNS0_12table_bundleIXT0_EEEPNS4_14compute_traitsIXT0_EE4typeE' for 'sm_90'
ptxas info    : Function properties for _ZN3aut12lns_strategy17dot_thread_kernelINS_3lns8lns12_r6ELNS_8bitwidth12compute_kindE1ELNS4_14storage_layoutE1ELi1ELNS0_12decoder_kindE0ELNS0_13multiply_kindE0EEEvNS0_12storage_viewIT_XT1_EEESB_mNS0_12table_bundleIXT0_EEEPNS4_14compute_traitsIXT0_EE4typeE
    0 bytes stack frame, 0 bytes spill stores, 0 bytes spill loads
ptxas info    : Used 24 registers, used 1 barriers
ptxas info    : Compile time = 5.602 ms
ptxas info    : Compiling entry function '_ZN3aut12lns_strategy18gemv_thread_kernelINS_3lns8lns12_r6ELNS_8bitwidth12compute_kindE1ELNS4_14storage_layoutE0ELi1ELNS0_12decoder_kindE0ELNS0_13multiply_kindE0EEEvNS0_12storage_viewIT_XT1_EEESB_mmNS0_12table_bundleIXT0_EEEPNS4_14compute_traitsIXT0_EE4typeE' for 'sm_90'
ptxas info    : Function properties for _ZN3aut12lns_strategy18gemv_thread_kernelINS_3lns8lns12_r6ELNS_8bitwidth12compute_kindE1ELNS4_14storage_layoutE0ELi1ELNS0_12decoder_kindE0ELNS0_13multiply_kindE0EEEvNS0_12storage_viewIT_XT1_EEESB_mmNS0_12table_bundleIXT0_EEEPNS4_14compute_traitsIXT0_EE4typeE
    0 bytes stack frame, 0 bytes spill stores, 0 bytes spill loads
ptxas info    : Used 22 registers, used 1 barriers
ptxas info    : Compile time = 6.239 ms
ptxas info    : Compiling entry function '_ZN3aut12lns_strategy19finalize_dot_kernelIdEEvPKT_mPS2_' for 'sm_90'
ptxas info    : Function properties for _ZN3aut12lns_strategy19finalize_dot_kernelIdEEvPKT_mPS2_
    0 bytes stack frame, 0 bytes spill stores, 0 bytes spill loads
ptxas info    : Used 12 registers, used 1 barriers, 2048 bytes smem
ptxas info    : Compile time = 2.179 ms
ptxas info    : Compiling entry function '_ZN3aut12lns_strategy17dot_thread_kernelINS_3lns8lns12_r6ELNS_8bitwidth12compute_kindE1ELNS4_14storage_layoutE0ELi1ELNS0_12decoder_kindE0ELNS0_13multiply_kindE0EEEvNS0_12storage_viewIT_XT1_EEESB_mNS0_12table_bundleIXT0_EEEPNS4_14compute_traitsIXT0_EE4typeE' for 'sm_90'
ptxas info    : Function properties for _ZN3aut12lns_strategy17dot_thread_kernelINS_3lns8lns12_r6ELNS_8bitwidth12compute_kindE1ELNS4_14storage_layoutE0ELi1ELNS0_12decoder_kindE0ELNS0_13multiply_kindE0EEEvNS0_12storage_viewIT_XT1_EEESB_mNS0_12table_bundleIXT0_EEEPNS4_14compute_traitsIXT0_EE4typeE
    0 bytes stack frame, 0 bytes spill stores, 0 bytes spill loads
ptxas info    : Used 24 registers, used 1 barriers
ptxas info    : Compile time = 5.940 ms
ptxas info    : Compiling entry function '_ZN3aut12lns_strategy22validate_decode_kernelINS_3lns8lns12_r6ELNS_8bitwidth12compute_kindE1ELNS0_12decoder_kindE9EEEvPKjmNS0_12table_bundleIXT0_EEEPNS4_14compute_traitsIXT0_EE4typeE' for 'sm_90'
ptxas info    : Function properties for _ZN3aut12lns_strategy22validate_decode_kernelINS_3lns8lns12_r6ELNS_8bitwidth12compute_kindE1ELNS0_12decoder_kindE9EEEvPKjmNS0_12table_bundleIXT0_EEEPNS4_14compute_traitsIXT0_EE4typeE
    0 bytes stack frame, 0 bytes spill stores, 0 bytes spill loads
ptxas info    : Used 16 registers, used 0 barriers
ptxas info    : Compile time = 3.113 ms
ptxas info    : Compiling entry function '_ZN3aut12lns_strategy22validate_decode_kernelINS_3lns8lns12_r6ELNS_8bitwidth12compute_kindE1ELNS0_12decoder_kindE8EEEvPKjmNS0_12table_bundleIXT0_EEEPNS4_14compute_traitsIXT0_EE4typeE' for 'sm_90'
ptxas info    : Function properties for _ZN3aut12lns_strategy22validate_decode_kernelINS_3lns8lns12_r6ELNS_8bitwidth12compute_kindE1ELNS0_12decoder_kindE8EEEvPKjmNS0_12table_bundleIXT0_EEEPNS4_14compute_traitsIXT0_EE4typeE
    0 bytes stack frame, 0 bytes spill stores, 0 bytes spill loads
ptxas info    : Used 16 registers, used 0 barriers
ptxas info    : Compile time = 3.090 ms
ptxas info    : Compiling entry function '_ZN3aut12lns_strategy22validate_decode_kernelINS_3lns8lns12_r6ELNS_8bitwidth12compute_kindE1ELNS0_12decoder_kindE7EEEvPKjmNS0_12table_bundleIXT0_EEEPNS4_14compute_traitsIXT0_EE4typeE' for 'sm_90'
ptxas info    : Function properties for _ZN3aut12lns_strategy22validate_decode_kernelINS_3lns8lns12_r6ELNS_8bitwidth12compute_kindE1ELNS0_12decoder_kindE7EEEvPKjmNS0_12table_bundleIXT0_EEEPNS4_14compute_traitsIXT0_EE4typeE
    0 bytes stack frame, 0 bytes spill stores, 0 bytes spill loads
ptxas info    : Used 16 registers, used 0 barriers
ptxas info    : Compile time = 3.078 ms
ptxas info    : Compiling entry function '_ZN3aut12lns_strategy22validate_decode_kernelINS_3lns8lns12_r6ELNS_8bitwidth12compute_kindE1ELNS0_12decoder_kindE5EEEvPKjmNS0_12table_bundleIXT0_EEEPNS4_14compute_traitsIXT0_EE4typeE' for 'sm_90'
ptxas info    : Function properties for _ZN3aut12lns_strategy22validate_decode_kernelINS_3lns8lns12_r6ELNS_8bitwidth12compute_kindE1ELNS0_12decoder_kindE5EEEvPKjmNS0_12table_bundleIXT0_EEEPNS4_14compute_traitsIXT0_EE4typeE
    0 bytes stack frame, 0 bytes spill stores, 0 bytes spill loads
ptxas info    : Used 14 registers, used 1 barriers
ptxas info    : Compile time = 3.662 ms
ptxas info    : Compiling entry function '_ZN3aut12lns_strategy22validate_decode_kernelINS_3lns8lns12_r6ELNS_8bitwidth12compute_kindE1ELNS0_12decoder_kindE4EEEvPKjmNS0_12table_bundleIXT0_EEEPNS4_14compute_traitsIXT0_EE4typeE' for 'sm_90'
ptxas info    : Function properties for _ZN3aut12lns_strategy22validate_decode_kernelINS_3lns8lns12_r6ELNS_8bitwidth12compute_kindE1ELNS0_12decoder_kindE4EEEvPKjmNS0_12table_bundleIXT0_EEEPNS4_14compute_traitsIXT0_EE4typeE
    0 bytes stack frame, 0 bytes spill stores, 0 bytes spill loads
ptxas info    : Used 16 registers, used 0 barriers
ptxas info    : Compile time = 3.088 ms
ptxas info    : Compiling entry function '_ZN3aut12lns_strategy22validate_decode_kernelINS_3lns8lns12_r6ELNS_8bitwidth12compute_kindE1ELNS0_12decoder_kindE3EEEvPKjmNS0_12table_bundleIXT0_EEEPNS4_14compute_traitsIXT0_EE4typeE' for 'sm_90'
ptxas info    : Function properties for _ZN3aut12lns_strategy22validate_decode_kernelINS_3lns8lns12_r6ELNS_8bitwidth12compute_kindE1ELNS0_12decoder_kindE3EEEvPKjmNS0_12table_bundleIXT0_EEEPNS4_14compute_traitsIXT0_EE4typeE
    0 bytes stack frame, 0 bytes spill stores, 0 bytes spill loads
ptxas info    : Used 14 registers, used 1 barriers
ptxas info    : Compile time = 2.222 ms
ptxas info    : Compiling entry function '_ZN3aut12lns_strategy22validate_decode_kernelINS_3lns8lns12_r6ELNS_8bitwidth12compute_kindE1ELNS0_12decoder_kindE2EEEvPKjmNS0_12table_bundleIXT0_EEEPNS4_14compute_traitsIXT0_EE4typeE' for 'sm_90'
ptxas info    : Function properties for _ZN3aut12lns_strategy22validate_decode_kernelINS_3lns8lns12_r6ELNS_8bitwidth12compute_kindE1ELNS0_12decoder_kindE2EEEvPKjmNS0_12table_bundleIXT0_EEEPNS4_14compute_traitsIXT0_EE4typeE
    0 bytes stack frame, 0 bytes spill stores, 0 bytes spill loads
ptxas info    : Used 15 registers, used 0 barriers
ptxas info    : Compile time = 1.541 ms
ptxas info    : Compiling entry function '_ZN3aut12lns_strategy22validate_decode_kernelINS_3lns8lns12_r6ELNS_8bitwidth12compute_kindE1ELNS0_12decoder_kindE1EEEvPKjmNS0_12table_bundleIXT0_EEEPNS4_14compute_traitsIXT0_EE4typeE' for 'sm_90'
ptxas info    : Function properties for _ZN3aut12lns_strategy22validate_decode_kernelINS_3lns8lns12_r6ELNS_8bitwidth12compute_kindE1ELNS0_12decoder_kindE1EEEvPKjmNS0_12table_bundleIXT0_EEEPNS4_14compute_traitsIXT0_EE4typeE
    0 bytes stack frame, 0 bytes spill stores, 0 bytes spill loads
ptxas info    : Used 15 registers, used 0 barriers
ptxas info    : Compile time = 2.052 ms
ptxas info    : Compiling entry function '_ZN3aut12lns_strategy22validate_decode_kernelINS_3lns8lns12_r6ELNS_8bitwidth12compute_kindE1ELNS0_12decoder_kindE0EEEvPKjmNS0_12table_bundleIXT0_EEEPNS4_14compute_traitsIXT0_EE4typeE' for 'sm_90'
ptxas info    : Function properties for _ZN3aut12lns_strategy22validate_decode_kernelINS_3lns8lns12_r6ELNS_8bitwidth12compute_kindE1ELNS0_12decoder_kindE0EEEvPKjmNS0_12table_bundleIXT0_EEEPNS4_14compute_traitsIXT0_EE4typeE
    0 bytes stack frame, 0 bytes spill stores, 0 bytes spill loads
ptxas info    : Used 18 registers, used 0 barriers
ptxas info    : Compile time = 3.122 ms
ptxas info    : Compiling entry function '_ZN3aut12lns_strategy23gemv_cooperative_kernelINS_3lns8lns12_r6ELNS_8bitwidth12compute_kindE0ELNS0_12decoder_kindE13ELNS0_13multiply_kindE1EEEvPKjS9_mmNS0_12table_bundleIXT0_EEEPNS4_14compute_traitsIXT0_EE4typeE' for 'sm_90'
ptxas info    : Function properties for _ZN3aut12lns_strategy23gemv_cooperative_kernelINS_3lns8lns12_r6ELNS_8bitwidth12compute_kindE0ELNS0_12decoder_kindE13ELNS0_13multiply_kindE1EEEvPKjS9_mmNS0_12table_bundleIXT0_EEEPNS4_14compute_traitsIXT0_EE4typeE
    0 bytes stack frame, 0 bytes spill stores, 0 bytes spill loads
ptxas info    : Used 29 registers, used 1 barriers
ptxas info    : Compile time = 6.209 ms
ptxas info    : Compiling entry function '_ZN3aut12lns_strategy22dot_cooperative_kernelINS_3lns8lns12_r6ELNS_8bitwidth12compute_kindE0ELNS0_12decoder_kindE13ELNS0_13multiply_kindE1EEEvPKjS9_mNS0_12table_bundleIXT0_EEEPNS4_14compute_traitsIXT0_EE4typeE' for 'sm_90'
ptxas info    : Function properties for _ZN3aut12lns_strategy22dot_cooperative_kernelINS_3lns8lns12_r6ELNS_8bitwidth12compute_kindE0ELNS0_12decoder_kindE13ELNS0_13multiply_kindE1EEEvPKjS9_mNS0_12table_bundleIXT0_EEEPNS4_14compute_traitsIXT0_EE4typeE
    0 bytes stack frame, 0 bytes spill stores, 0 bytes spill loads
ptxas info    : Used 27 registers, used 1 barriers
ptxas info    : Compile time = 6.134 ms
ptxas info    : Compiling entry function '_ZN3aut12lns_strategy18gemv_thread_kernelINS_3lns8lns12_r6ELNS_8bitwidth12compute_kindE0ELNS4_14storage_layoutE1ELi8ELNS0_12decoder_kindE13ELNS0_13multiply_kindE1EEEvNS0_12storage_viewIT_XT1_EEESB_mmNS0_12table_bundleIXT0_EEEPNS4_14compute_traitsIXT0_EE4typeE' for 'sm_90'
ptxas info    : Function properties for _ZN3aut12lns_strategy18gemv_thread_kernelINS_3lns8lns12_r6ELNS_8bitwidth12compute_kindE0ELNS4_14storage_layoutE1ELi8ELNS0_12decoder_kindE13ELNS0_13multiply_kindE1EEEvNS0_12storage_viewIT_XT1_EEESB_mmNS0_12table_bundleIXT0_EEEPNS4_14compute_traitsIXT0_EE4typeE
    0 bytes stack frame, 0 bytes spill stores, 0 bytes spill loads
ptxas info    : Used 29 registers, used 1 barriers
ptxas info    : Compile time = 11.334 ms
ptxas info    : Compiling entry function '_ZN3aut12lns_strategy17dot_thread_kernelINS_3lns8lns12_r6ELNS_8bitwidth12compute_kindE0ELNS4_14storage_layoutE1ELi8ELNS0_12decoder_kindE13ELNS0_13multiply_kindE1EEEvNS0_12storage_viewIT_XT1_EEESB_mNS0_12table_bundleIXT0_EEEPNS4_14compute_traitsIXT0_EE4typeE' for 'sm_90'
ptxas info    : Function properties for _ZN3aut12lns_strategy17dot_thread_kernelINS_3lns8lns12_r6ELNS_8bitwidth12compute_kindE0ELNS4_14storage_layoutE1ELi8ELNS0_12decoder_kindE13ELNS0_13multiply_kindE1EEEvNS0_12storage_viewIT_XT1_EEESB_mNS0_12table_bundleIXT0_EEEPNS4_14compute_traitsIXT0_EE4typeE
    0 bytes stack frame, 0 bytes spill stores, 0 bytes spill loads
ptxas info    : Used 36 registers, used 1 barriers
ptxas info    : Compile time = 11.242 ms
ptxas info    : Compiling entry function '_ZN3aut12lns_strategy18gemv_thread_kernelINS_3lns8lns12_r6ELNS_8bitwidth12compute_kindE0ELNS4_14storage_layoutE1ELi4ELNS0_12decoder_kindE13ELNS0_13multiply_kindE1EEEvNS0_12storage_viewIT_XT1_EEESB_mmNS0_12table_bundleIXT0_EEEPNS4_14compute_traitsIXT0_EE4typeE' for 'sm_90'
ptxas info    : Function properties for _ZN3aut12lns_strategy18gemv_thread_kernelINS_3lns8lns12_r6ELNS_8bitwidth12compute_kindE0ELNS4_14storage_layoutE1ELi4ELNS0_12decoder_kindE13ELNS0_13multiply_kindE1EEEvNS0_12storage_viewIT_XT1_EEESB_mmNS0_12table_bundleIXT0_EEEPNS4_14compute_traitsIXT0_EE4typeE
    0 bytes stack frame, 0 bytes spill stores, 0 bytes spill loads
ptxas info    : Used 23 registers, used 1 barriers
ptxas info    : Compile time = 7.489 ms
ptxas info    : Compiling entry function '_ZN3aut12lns_strategy17dot_thread_kernelINS_3lns8lns12_r6ELNS_8bitwidth12compute_kindE0ELNS4_14storage_layoutE1ELi4ELNS0_12decoder_kindE13ELNS0_13multiply_kindE1EEEvNS0_12storage_viewIT_XT1_EEESB_mNS0_12table_bundleIXT0_EEEPNS4_14compute_traitsIXT0_EE4typeE' for 'sm_90'
ptxas info    : Function properties for _ZN3aut12lns_strategy17dot_thread_kernelINS_3lns8lns12_r6ELNS_8bitwidth12compute_kindE0ELNS4_14storage_layoutE1ELi4ELNS0_12decoder_kindE13ELNS0_13multiply_kindE1EEEvNS0_12storage_viewIT_XT1_EEESB_mNS0_12table_bundleIXT0_EEEPNS4_14compute_traitsIXT0_EE4typeE
    0 bytes stack frame, 0 bytes spill stores, 0 bytes spill loads
ptxas info    : Used 30 registers, used 1 barriers
ptxas info    : Compile time = 7.567 ms
ptxas info    : Compiling entry function '_ZN3aut12lns_strategy18gemv_thread_kernelINS_3lns8lns12_r6ELNS_8bitwidth12compute_kindE0ELNS4_14storage_layoutE1ELi2ELNS0_12decoder_kindE13ELNS0_13multiply_kindE1EEEvNS0_12storage_viewIT_XT1_EEESB_mmNS0_12table_bundleIXT0_EEEPNS4_14compute_traitsIXT0_EE4typeE' for 'sm_90'
ptxas info    : Function properties for _ZN3aut12lns_strategy18gemv_thread_kernelINS_3lns8lns12_r6ELNS_8bitwidth12compute_kindE0ELNS4_14storage_layoutE1ELi2ELNS0_12decoder_kindE13ELNS0_13multiply_kindE1EEEvNS0_12storage_viewIT_XT1_EEESB_mmNS0_12table_bundleIXT0_EEEPNS4_14compute_traitsIXT0_EE4typeE
    0 bytes stack frame, 0 bytes spill stores, 0 bytes spill loads
ptxas info    : Used 19 registers, used 1 barriers
ptxas info    : Compile time = 5.663 ms
ptxas info    : Compiling entry function '_ZN3aut12lns_strategy17dot_thread_kernelINS_3lns8lns12_r6ELNS_8bitwidth12compute_kindE0ELNS4_14storage_layoutE1ELi2ELNS0_12decoder_kindE13ELNS0_13multiply_kindE1EEEvNS0_12storage_viewIT_XT1_EEESB_mNS0_12table_bundleIXT0_EEEPNS4_14compute_traitsIXT0_EE4typeE' for 'sm_90'
ptxas info    : Function properties for _ZN3aut12lns_strategy17dot_thread_kernelINS_3lns8lns12_r6ELNS_8bitwidth12compute_kindE0ELNS4_14storage_layoutE1ELi2ELNS0_12decoder_kindE13ELNS0_13multiply_kindE1EEEvNS0_12storage_viewIT_XT1_EEESB_mNS0_12table_bundleIXT0_EEEPNS4_14compute_traitsIXT0_EE4typeE
    0 bytes stack frame, 0 bytes spill stores, 0 bytes spill loads
ptxas info    : Used 25 registers, used 1 barriers
ptxas info    : Compile time = 5.719 ms
ptxas info    : Compiling entry function '_ZN3aut12lns_strategy18gemv_thread_kernelINS_3lns8lns12_r6ELNS_8bitwidth12compute_kindE0ELNS4_14storage_layoutE0ELi8ELNS0_12decoder_kindE13ELNS0_13multiply_kindE1EEEvNS0_12storage_viewIT_XT1_EEESB_mmNS0_12table_bundleIXT0_EEEPNS4_14compute_traitsIXT0_EE4typeE' for 'sm_90'
ptxas info    : Function properties for _ZN3aut12lns_strategy18gemv_thread_kernelINS_3lns8lns12_r6ELNS_8bitwidth12compute_kindE0ELNS4_14storage_layoutE0ELi8ELNS0_12decoder_kindE13ELNS0_13multiply_kindE1EEEvNS0_12storage_viewIT_XT1_EEESB_mmNS0_12table_bundleIXT0_EEEPNS4_14compute_traitsIXT0_EE4typeE
    0 bytes stack frame, 0 bytes spill stores, 0 bytes spill loads
ptxas info    : Used 40 registers, used 1 barriers
ptxas info    : Compile time = 14.958 ms
ptxas info    : Compiling entry function '_ZN3aut12lns_strategy17dot_thread_kernelINS_3lns8lns12_r6ELNS_8bitwidth12compute_kindE0ELNS4_14storage_layoutE0ELi8ELNS0_12decoder_kindE13ELNS0_13multiply_kindE1EEEvNS0_12storage_viewIT_XT1_EEESB_mNS0_12table_bundleIXT0_EEEPNS4_14compute_traitsIXT0_EE4typeE' for 'sm_90'
ptxas info    : Function properties for _ZN3aut12lns_strategy17dot_thread_kernelINS_3lns8lns12_r6ELNS_8bitwidth12compute_kindE0ELNS4_14storage_layoutE0ELi8ELNS0_12decoder_kindE13ELNS0_13multiply_kindE1EEEvNS0_12storage_viewIT_XT1_EEESB_mNS0_12table_bundleIXT0_EEEPNS4_14compute_traitsIXT0_EE4typeE
    0 bytes stack frame, 0 bytes spill stores, 0 bytes spill loads
ptxas info    : Used 38 registers, used 1 barriers
ptxas info    : Compile time = 13.180 ms
ptxas info    : Compiling entry function '_ZN3aut12lns_strategy18gemv_thread_kernelINS_3lns8lns12_r6ELNS_8bitwidth12compute_kindE0ELNS4_14storage_layoutE0ELi4ELNS0_12decoder_kindE13ELNS0_13multiply_kindE1EEEvNS0_12storage_viewIT_XT1_EEESB_mmNS0_12table_bundleIXT0_EEEPNS4_14compute_traitsIXT0_EE4typeE' for 'sm_90'
ptxas info    : Function properties for _ZN3aut12lns_strategy18gemv_thread_kernelINS_3lns8lns12_r6ELNS_8bitwidth12compute_kindE0ELNS4_14storage_layoutE0ELi4ELNS0_12decoder_kindE13ELNS0_13multiply_kindE1EEEvNS0_12storage_viewIT_XT1_EEESB_mmNS0_12table_bundleIXT0_EEEPNS4_14compute_traitsIXT0_EE4typeE
    0 bytes stack frame, 0 bytes spill stores, 0 bytes spill loads
ptxas info    : Used 30 registers, used 1 barriers
ptxas info    : Compile time = 9.528 ms
ptxas info    : Compiling entry function '_ZN3aut12lns_strategy17dot_thread_kernelINS_3lns8lns12_r6ELNS_8bitwidth12compute_kindE0ELNS4_14storage_layoutE0ELi4ELNS0_12decoder_kindE13ELNS0_13multiply_kindE1EEEvNS0_12storage_viewIT_XT1_EEESB_mNS0_12table_bundleIXT0_EEEPNS4_14compute_traitsIXT0_EE4typeE' for 'sm_90'
ptxas info    : Function properties for _ZN3aut12lns_strategy17dot_thread_kernelINS_3lns8lns12_r6ELNS_8bitwidth12compute_kindE0ELNS4_14storage_layoutE0ELi4ELNS0_12decoder_kindE13ELNS0_13multiply_kindE1EEEvNS0_12storage_viewIT_XT1_EEESB_mNS0_12table_bundleIXT0_EEEPNS4_14compute_traitsIXT0_EE4typeE
    0 bytes stack frame, 0 bytes spill stores, 0 bytes spill loads
ptxas info    : Used 32 registers, used 1 barriers
ptxas info    : Compile time = 9.278 ms
ptxas info    : Compiling entry function '_ZN3aut12lns_strategy18gemv_thread_kernelINS_3lns8lns12_r6ELNS_8bitwidth12compute_kindE0ELNS4_14storage_layoutE0ELi2ELNS0_12decoder_kindE13ELNS0_13multiply_kindE1EEEvNS0_12storage_viewIT_XT1_EEESB_mmNS0_12table_bundleIXT0_EEEPNS4_14compute_traitsIXT0_EE4typeE' for 'sm_90'
ptxas info    : Function properties for _ZN3aut12lns_strategy18gemv_thread_kernelINS_3lns8lns12_r6ELNS_8bitwidth12compute_kindE0ELNS4_14storage_layoutE0ELi2ELNS0_12decoder_kindE13ELNS0_13multiply_kindE1EEEvNS0_12storage_viewIT_XT1_EEESB_mmNS0_12table_bundleIXT0_EEEPNS4_14compute_traitsIXT0_EE4typeE
    0 bytes stack frame, 0 bytes spill stores, 0 bytes spill loads
ptxas info    : Used 31 registers, used 1 barriers
ptxas info    : Compile time = 6.647 ms
ptxas info    : Compiling entry function '_ZN3aut12lns_strategy17dot_thread_kernelINS_3lns8lns12_r6ELNS_8bitwidth12compute_kindE0ELNS4_14storage_layoutE0ELi2ELNS0_12decoder_kindE13ELNS0_13multiply_kindE1EEEvNS0_12storage_viewIT_XT1_EEESB_mNS0_12table_bundleIXT0_EEEPNS4_14compute_traitsIXT0_EE4typeE' for 'sm_90'
ptxas info    : Function properties for _ZN3aut12lns_strategy17dot_thread_kernelINS_3lns8lns12_r6ELNS_8bitwidth12compute_kindE0ELNS4_14storage_layoutE0ELi2ELNS0_12decoder_kindE13ELNS0_13multiply_kindE1EEEvNS0_12storage_viewIT_XT1_EEESB_mNS0_12table_bundleIXT0_EEEPNS4_14compute_traitsIXT0_EE4typeE
    0 bytes stack frame, 0 bytes spill stores, 0 bytes spill loads
ptxas info    : Used 32 registers, used 1 barriers
ptxas info    : Compile time = 6.455 ms
ptxas info    : Compiling entry function '_ZN3aut12lns_strategy18gemv_thread_kernelINS_3lns8lns12_r6ELNS_8bitwidth12compute_kindE0ELNS4_14storage_layoutE1ELi1ELNS0_12decoder_kindE13ELNS0_13multiply_kindE1EEEvNS0_12storage_viewIT_XT1_EEESB_mmNS0_12table_bundleIXT0_EEEPNS4_14compute_traitsIXT0_EE4typeE' for 'sm_90'
ptxas info    : Function properties for _ZN3aut12lns_strategy18gemv_thread_kernelINS_3lns8lns12_r6ELNS_8bitwidth12compute_kindE0ELNS4_14storage_layoutE1ELi1ELNS0_12decoder_kindE13ELNS0_13multiply_kindE1EEEvNS0_12storage_viewIT_XT1_EEESB_mmNS0_12table_bundleIXT0_EEEPNS4_14compute_traitsIXT0_EE4typeE
    0 bytes stack frame, 0 bytes spill stores, 0 bytes spill loads
ptxas info    : Used 20 registers, used 1 barriers
ptxas info    : Compile time = 4.625 ms
ptxas info    : Compiling entry function '_ZN3aut12lns_strategy17dot_thread_kernelINS_3lns8lns12_r6ELNS_8bitwidth12compute_kindE0ELNS4_14storage_layoutE1ELi1ELNS0_12decoder_kindE13ELNS0_13multiply_kindE1EEEvNS0_12storage_viewIT_XT1_EEESB_mNS0_12table_bundleIXT0_EEEPNS4_14compute_traitsIXT0_EE4typeE' for 'sm_90'
ptxas info    : Function properties for _ZN3aut12lns_strategy17dot_thread_kernelINS_3lns8lns12_r6ELNS_8bitwidth12compute_kindE0ELNS4_14storage_layoutE1ELi1ELNS0_12decoder_kindE13ELNS0_13multiply_kindE1EEEvNS0_12storage_viewIT_XT1_EEESB_mNS0_12table_bundleIXT0_EEEPNS4_14compute_traitsIXT0_EE4typeE
    0 bytes stack frame, 0 bytes spill stores, 0 bytes spill loads
ptxas info    : Used 19 registers, used 1 barriers
ptxas info    : Compile time = 4.423 ms
ptxas info    : Compiling entry function '_ZN3aut12lns_strategy18gemv_thread_kernelINS_3lns8lns12_r6ELNS_8bitwidth12compute_kindE0ELNS4_14storage_layoutE0ELi1ELNS0_12decoder_kindE13ELNS0_13multiply_kindE1EEEvNS0_12storage_viewIT_XT1_EEESB_mmNS0_12table_bundleIXT0_EEEPNS4_14compute_traitsIXT0_EE4typeE' for 'sm_90'
ptxas info    : Function properties for _ZN3aut12lns_strategy18gemv_thread_kernelINS_3lns8lns12_r6ELNS_8bitwidth12compute_kindE0ELNS4_14storage_layoutE0ELi1ELNS0_12decoder_kindE13ELNS0_13multiply_kindE1EEEvNS0_12storage_viewIT_XT1_EEESB_mmNS0_12table_bundleIXT0_EEEPNS4_14compute_traitsIXT0_EE4typeE
    0 bytes stack frame, 0 bytes spill stores, 0 bytes spill loads
ptxas info    : Used 22 registers, used 1 barriers
ptxas info    : Compile time = 4.938 ms
ptxas info    : Compiling entry function '_ZN3aut12lns_strategy17dot_thread_kernelINS_3lns8lns12_r6ELNS_8bitwidth12compute_kindE0ELNS4_14storage_layoutE0ELi1ELNS0_12decoder_kindE13ELNS0_13multiply_kindE1EEEvNS0_12storage_viewIT_XT1_EEESB_mNS0_12table_bundleIXT0_EEEPNS4_14compute_traitsIXT0_EE4typeE' for 'sm_90'
ptxas info    : Function properties for _ZN3aut12lns_strategy17dot_thread_kernelINS_3lns8lns12_r6ELNS_8bitwidth12compute_kindE0ELNS4_14storage_layoutE0ELi1ELNS0_12decoder_kindE13ELNS0_13multiply_kindE1EEEvNS0_12storage_viewIT_XT1_EEESB_mNS0_12table_bundleIXT0_EEEPNS4_14compute_traitsIXT0_EE4typeE
    0 bytes stack frame, 0 bytes spill stores, 0 bytes spill loads
ptxas info    : Used 22 registers, used 1 barriers
ptxas info    : Compile time = 4.772 ms
ptxas info    : Compiling entry function '_ZN3aut12lns_strategy23gemv_cooperative_kernelINS_3lns8lns12_r6ELNS_8bitwidth12compute_kindE0ELNS0_12decoder_kindE12ELNS0_13multiply_kindE1EEEvPKjS9_mmNS0_12table_bundleIXT0_EEEPNS4_14compute_traitsIXT0_EE4typeE' for 'sm_90'
ptxas info    : Function properties for _ZN3aut12lns_strategy23gemv_cooperative_kernelINS_3lns8lns12_r6ELNS_8bitwidth12compute_kindE0ELNS0_12decoder_kindE12ELNS0_13multiply_kindE1EEEvPKjS9_mmNS0_12table_bundleIXT0_EEEPNS4_14compute_traitsIXT0_EE4typeE
    0 bytes stack frame, 0 bytes spill stores, 0 bytes spill loads
ptxas info    : Used 29 registers, used 1 barriers
ptxas info    : Compile time = 5.748 ms
ptxas info    : Compiling entry function '_ZN3aut12lns_strategy22dot_cooperative_kernelINS_3lns8lns12_r6ELNS_8bitwidth12compute_kindE0ELNS0_12decoder_kindE12ELNS0_13multiply_kindE1EEEvPKjS9_mNS0_12table_bundleIXT0_EEEPNS4_14compute_traitsIXT0_EE4typeE' for 'sm_90'
ptxas info    : Function properties for _ZN3aut12lns_strategy22dot_cooperative_kernelINS_3lns8lns12_r6ELNS_8bitwidth12compute_kindE0ELNS0_12decoder_kindE12ELNS0_13multiply_kindE1EEEvPKjS9_mNS0_12table_bundleIXT0_EEEPNS4_14compute_traitsIXT0_EE4typeE
    0 bytes stack frame, 0 bytes spill stores, 0 bytes spill loads
ptxas info    : Used 28 registers, used 1 barriers
ptxas info    : Compile time = 5.552 ms
ptxas info    : Compiling entry function '_ZN3aut12lns_strategy18gemv_thread_kernelINS_3lns8lns12_r6ELNS_8bitwidth12compute_kindE0ELNS4_14storage_layoutE1ELi8ELNS0_12decoder_kindE12ELNS0_13multiply_kindE1EEEvNS0_12storage_viewIT_XT1_EEESB_mmNS0_12table_bundleIXT0_EEEPNS4_14compute_traitsIXT0_EE4typeE' for 'sm_90'
ptxas info    : Function properties for _ZN3aut12lns_strategy18gemv_thread_kernelINS_3lns8lns12_r6ELNS_8bitwidth12compute_kindE0ELNS4_14storage_layoutE1ELi8ELNS0_12decoder_kindE12ELNS0_13multiply_kindE1EEEvNS0_12storage_viewIT_XT1_EEESB_mmNS0_12table_bundleIXT0_EEEPNS4_14compute_traitsIXT0_EE4typeE
    0 bytes stack frame, 0 bytes spill stores, 0 bytes spill loads
ptxas info    : Used 32 registers, used 1 barriers
ptxas info    : Compile time = 11.288 ms
ptxas info    : Compiling entry function '_ZN3aut12lns_strategy17dot_thread_kernelINS_3lns8lns12_r6ELNS_8bitwidth12compute_kindE0ELNS4_14storage_layoutE1ELi8ELNS0_12decoder_kindE12ELNS0_13multiply_kindE1EEEvNS0_12storage_viewIT_XT1_EEESB_mNS0_12table_bundleIXT0_EEEPNS4_14compute_traitsIXT0_EE4typeE' for 'sm_90'
ptxas info    : Function properties for _ZN3aut12lns_strategy17dot_thread_kernelINS_3lns8lns12_r6ELNS_8bitwidth12compute_kindE0ELNS4_14storage_layoutE1ELi8ELNS0_12decoder_kindE12ELNS0_13multiply_kindE1EEEvNS0_12storage_viewIT_XT1_EEESB_mNS0_12table_bundleIXT0_EEEPNS4_14compute_traitsIXT0_EE4typeE
    0 bytes stack frame, 0 bytes spill stores, 0 bytes spill loads
ptxas info    : Used 36 registers, used 1 barriers
ptxas info    : Compile time = 10.801 ms
ptxas info    : Compiling entry function '_ZN3aut12lns_strategy18gemv_thread_kernelINS_3lns8lns12_r6ELNS_8bitwidth12compute_kindE0ELNS4_14storage_layoutE1ELi4ELNS0_12decoder_kindE12ELNS0_13multiply_kindE1EEEvNS0_12storage_viewIT_XT1_EEESB_mmNS0_12table_bundleIXT0_EEEPNS4_14compute_traitsIXT0_EE4typeE' for 'sm_90'
ptxas info    : Function properties for _ZN3aut12lns_strategy18gemv_thread_kernelINS_3lns8lns12_r6ELNS_8bitwidth12compute_kindE0ELNS4_14storage_layoutE1ELi4ELNS0_12decoder_kindE12ELNS0_13multiply_kindE1EEEvNS0_12storage_viewIT_XT1_EEESB_mmNS0_12table_bundleIXT0_EEEPNS4_14compute_traitsIXT0_EE4typeE
    0 bytes stack frame, 0 bytes spill stores, 0 bytes spill loads
ptxas info    : Used 23 registers, used 1 barriers
ptxas info    : Compile time = 6.924 ms
ptxas info    : Compiling entry function '_ZN3aut12lns_strategy17dot_thread_kernelINS_3lns8lns12_r6ELNS_8bitwidth12compute_kindE0ELNS4_14storage_layoutE1ELi4ELNS0_12decoder_kindE12ELNS0_13multiply_kindE1EEEvNS0_12storage_viewIT_XT1_EEESB_mNS0_12table_bundleIXT0_EEEPNS4_14compute_traitsIXT0_EE4typeE' for 'sm_90'
ptxas info    : Function properties for _ZN3aut12lns_strategy17dot_thread_kernelINS_3lns8lns12_r6ELNS_8bitwidth12compute_kindE0ELNS4_14storage_layoutE1ELi4ELNS0_12decoder_kindE12ELNS0_13multiply_kindE1EEEvNS0_12storage_viewIT_XT1_EEESB_mNS0_12table_bundleIXT0_EEEPNS4_14compute_traitsIXT0_EE4typeE
    0 bytes stack frame, 0 bytes spill stores, 0 bytes spill loads
ptxas info    : Used 27 registers, used 1 barriers
ptxas info    : Compile time = 7.071 ms
ptxas info    : Compiling entry function '_ZN3aut12lns_strategy18gemv_thread_kernelINS_3lns8lns12_r6ELNS_8bitwidth12compute_kindE0ELNS4_14storage_layoutE1ELi2ELNS0_12decoder_kindE12ELNS0_13multiply_kindE1EEEvNS0_12storage_viewIT_XT1_EEESB_mmNS0_12table_bundleIXT0_EEEPNS4_14compute_traitsIXT0_EE4typeE' for 'sm_90'
ptxas info    : Function properties for _ZN3aut12lns_strategy18gemv_thread_kernelINS_3lns8lns12_r6ELNS_8bitwidth12compute_kindE0ELNS4_14storage_layoutE1ELi2ELNS0_12decoder_kindE12ELNS0_13multiply_kindE1EEEvNS0_12storage_viewIT_XT1_EEESB_mmNS0_12table_bundleIXT0_EEEPNS4_14compute_traitsIXT0_EE4typeE
    0 bytes stack frame, 0 bytes spill stores, 0 bytes spill loads
ptxas info    : Used 19 registers, used 1 barriers
ptxas info    : Compile time = 5.066 ms
ptxas info    : Compiling entry function '_ZN3aut12lns_strategy17dot_thread_kernelINS_3lns8lns12_r6ELNS_8bitwidth12compute_kindE0ELNS4_14storage_layoutE1ELi2ELNS0_12decoder_kindE12ELNS0_13multiply_kindE1EEEvNS0_12storage_viewIT_XT1_EEESB_mNS0_12table_bundleIXT0_EEEPNS4_14compute_traitsIXT0_EE4typeE' for 'sm_90'
ptxas info    : Function properties for _ZN3aut12lns_strategy17dot_thread_kernelINS_3lns8lns12_r6ELNS_8bitwidth12compute_kindE0ELNS4_14storage_layoutE1ELi2ELNS0_12decoder_kindE12ELNS0_13multiply_kindE1EEEvNS0_12storage_viewIT_XT1_EEESB_mNS0_12table_bundleIXT0_EEEPNS4_14compute_traitsIXT0_EE4typeE
    0 bytes stack frame, 0 bytes spill stores, 0 bytes spill loads
ptxas info    : Used 25 registers, used 1 barriers
ptxas info    : Compile time = 5.144 ms
ptxas info    : Compiling entry function '_ZN3aut12lns_strategy18gemv_thread_kernelINS_3lns8lns12_r6ELNS_8bitwidth12compute_kindE0ELNS4_14storage_layoutE0ELi8ELNS0_12decoder_kindE12ELNS0_13multiply_kindE1EEEvNS0_12storage_viewIT_XT1_EEESB_mmNS0_12table_bundleIXT0_EEEPNS4_14compute_traitsIXT0_EE4typeE' for 'sm_90'
ptxas info    : Function properties for _ZN3aut12lns_strategy18gemv_thread_kernelINS_3lns8lns12_r6ELNS_8bitwidth12compute_kindE0ELNS4_14storage_layoutE0ELi8ELNS0_12decoder_kindE12ELNS0_13multiply_kindE1EEEvNS0_12storage_viewIT_XT1_EEESB_mmNS0_12table_bundleIXT0_EEEPNS4_14compute_traitsIXT0_EE4typeE
    0 bytes stack frame, 0 bytes spill stores, 0 bytes spill loads
ptxas info    : Used 40 registers, used 1 barriers
ptxas info    : Compile time = 14.681 ms
ptxas info    : Compiling entry function '_ZN3aut12lns_strategy17dot_thread_kernelINS_3lns8lns12_r6ELNS_8bitwidth12compute_kindE0ELNS4_14storage_layoutE0ELi8ELNS0_12decoder_kindE12ELNS0_13multiply_kindE1EEEvNS0_12storage_viewIT_XT1_EEESB_mNS0_12table_bundleIXT0_EEEPNS4_14compute_traitsIXT0_EE4typeE' for 'sm_90'
ptxas info    : Function properties for _ZN3aut12lns_strategy17dot_thread_kernelINS_3lns8lns12_r6ELNS_8bitwidth12compute_kindE0ELNS4_14storage_layoutE0ELi8ELNS0_12decoder_kindE12ELNS0_13multiply_kindE1EEEvNS0_12storage_viewIT_XT1_EEESB_mNS0_12table_bundleIXT0_EEEPNS4_14compute_traitsIXT0_EE4typeE
    0 bytes stack frame, 0 bytes spill stores, 0 bytes spill loads
ptxas info    : Used 37 registers, used 1 barriers
ptxas info    : Compile time = 12.809 ms
ptxas info    : Compiling entry function '_ZN3aut12lns_strategy18gemv_thread_kernelINS_3lns8lns12_r6ELNS_8bitwidth12compute_kindE0ELNS4_14storage_layoutE0ELi4ELNS0_12decoder_kindE12ELNS0_13multiply_kindE1EEEvNS0_12storage_viewIT_XT1_EEESB_mmNS0_12table_bundleIXT0_EEEPNS4_14compute_traitsIXT0_EE4typeE' for 'sm_90'
ptxas info    : Function properties for _ZN3aut12lns_strategy18gemv_thread_kernelINS_3lns8lns12_r6ELNS_8bitwidth12compute_kindE0ELNS4_14storage_layoutE0ELi4ELNS0_12decoder_kindE12ELNS0_13multiply_kindE1EEEvNS0_12storage_viewIT_XT1_EEESB_mmNS0_12table_bundleIXT0_EEEPNS4_14compute_traitsIXT0_EE4typeE
    0 bytes stack frame, 0 bytes spill stores, 0 bytes spill loads
ptxas info    : Used 31 registers, used 1 barriers
ptxas info    : Compile time = 9.204 ms
ptxas info    : Compiling entry function '_ZN3aut12lns_strategy17dot_thread_kernelINS_3lns8lns12_r6ELNS_8bitwidth12compute_kindE0ELNS4_14storage_layoutE0ELi4ELNS0_12decoder_kindE12ELNS0_13multiply_kindE1EEEvNS0_12storage_viewIT_XT1_EEESB_mNS0_12table_bundleIXT0_EEEPNS4_14compute_traitsIXT0_EE4typeE' for 'sm_90'
ptxas info    : Function properties for _ZN3aut12lns_strategy17dot_thread_kernelINS_3lns8lns12_r6ELNS_8bitwidth12compute_kindE0ELNS4_14storage_layoutE0ELi4ELNS0_12decoder_kindE12ELNS0_13multiply_kindE1EEEvNS0_12storage_viewIT_XT1_EEESB_mNS0_12table_bundleIXT0_EEEPNS4_14compute_traitsIXT0_EE4typeE
    0 bytes stack frame, 0 bytes spill stores, 0 bytes spill loads
ptxas info    : Used 32 registers, used 1 barriers
ptxas info    : Compile time = 8.889 ms
ptxas info    : Compiling entry function '_ZN3aut12lns_strategy18gemv_thread_kernelINS_3lns8lns12_r6ELNS_8bitwidth12compute_kindE0ELNS4_14storage_layoutE0ELi2ELNS0_12decoder_kindE12ELNS0_13multiply_kindE1EEEvNS0_12storage_viewIT_XT1_EEESB_mmNS0_12table_bundleIXT0_EEEPNS4_14compute_traitsIXT0_EE4typeE' for 'sm_90'
ptxas info    : Function properties for _ZN3aut12lns_strategy18gemv_thread_kernelINS_3lns8lns12_r6ELNS_8bitwidth12compute_kindE0ELNS4_14storage_layoutE0ELi2ELNS0_12decoder_kindE12ELNS0_13multiply_kindE1EEEvNS0_12storage_viewIT_XT1_EEESB_mmNS0_12table_bundleIXT0_EEEPNS4_14compute_traitsIXT0_EE4typeE
    0 bytes stack frame, 0 bytes spill stores, 0 bytes spill loads
ptxas info    : Used 31 registers, used 1 barriers
ptxas info    : Compile time = 6.167 ms
ptxas info    : Compiling entry function '_ZN3aut12lns_strategy17dot_thread_kernelINS_3lns8lns12_r6ELNS_8bitwidth12compute_kindE0ELNS4_14storage_layoutE0ELi2ELNS0_12decoder_kindE12ELNS0_13multiply_kindE1EEEvNS0_12storage_viewIT_XT1_EEESB_mNS0_12table_bundleIXT0_EEEPNS4_14compute_traitsIXT0_EE4typeE' for 'sm_90'
ptxas info    : Function properties for _ZN3aut12lns_strategy17dot_thread_kernelINS_3lns8lns12_r6ELNS_8bitwidth12compute_kindE0ELNS4_14storage_layoutE0ELi2ELNS0_12decoder_kindE12ELNS0_13multiply_kindE1EEEvNS0_12storage_viewIT_XT1_EEESB_mNS0_12table_bundleIXT0_EEEPNS4_14compute_traitsIXT0_EE4typeE
    0 bytes stack frame, 0 bytes spill stores, 0 bytes spill loads
ptxas info    : Used 32 registers, used 1 barriers
ptxas info    : Compile time = 6.033 ms
ptxas info    : Compiling entry function '_ZN3aut12lns_strategy18gemv_thread_kernelINS_3lns8lns12_r6ELNS_8bitwidth12compute_kindE0ELNS4_14storage_layoutE1ELi1ELNS0_12decoder_kindE12ELNS0_13multiply_kindE1EEEvNS0_12storage_viewIT_XT1_EEESB_mmNS0_12table_bundleIXT0_EEEPNS4_14compute_traitsIXT0_EE4typeE' for 'sm_90'
ptxas info    : Function properties for _ZN3aut12lns_strategy18gemv_thread_kernelINS_3lns8lns12_r6ELNS_8bitwidth12compute_kindE0ELNS4_14storage_layoutE1ELi1ELNS0_12decoder_kindE12ELNS0_13multiply_kindE1EEEvNS0_12storage_viewIT_XT1_EEESB_mmNS0_12table_bundleIXT0_EEEPNS4_14compute_traitsIXT0_EE4typeE
    0 bytes stack frame, 0 bytes spill stores, 0 bytes spill loads
ptxas info    : Used 18 registers, used 1 barriers
ptxas info    : Compile time = 3.853 ms
ptxas info    : Compiling entry function '_ZN3aut12lns_strategy17dot_thread_kernelINS_3lns8lns12_r6ELNS_8bitwidth12compute_kindE0ELNS4_14storage_layoutE1ELi1ELNS0_12decoder_kindE12ELNS0_13multiply_kindE1EEEvNS0_12storage_viewIT_XT1_EEESB_mNS0_12table_bundleIXT0_EEEPNS4_14compute_traitsIXT0_EE4typeE' for 'sm_90'
ptxas info    : Function properties for _ZN3aut12lns_strategy17dot_thread_kernelINS_3lns8lns12_r6ELNS_8bitwidth12compute_kindE0ELNS4_14storage_layoutE1ELi1ELNS0_12decoder_kindE12ELNS0_13multiply_kindE1EEEvNS0_12storage_viewIT_XT1_EEESB_mNS0_12table_bundleIXT0_EEEPNS4_14compute_traitsIXT0_EE4typeE
    0 bytes stack frame, 0 bytes spill stores, 0 bytes spill loads
ptxas info    : Used 20 registers, used 1 barriers
ptxas info    : Compile time = 3.760 ms
ptxas info    : Compiling entry function '_ZN3aut12lns_strategy18gemv_thread_kernelINS_3lns8lns12_r6ELNS_8bitwidth12compute_kindE0ELNS4_14storage_layoutE0ELi1ELNS0_12decoder_kindE12ELNS0_13multiply_kindE1EEEvNS0_12storage_viewIT_XT1_EEESB_mmNS0_12table_bundleIXT0_EEEPNS4_14compute_traitsIXT0_EE4typeE' for 'sm_90'
ptxas info    : Function properties for _ZN3aut12lns_strategy18gemv_thread_kernelINS_3lns8lns12_r6ELNS_8bitwidth12compute_kindE0ELNS4_14storage_layoutE0ELi1ELNS0_12decoder_kindE12ELNS0_13multiply_kindE1EEEvNS0_12storage_viewIT_XT1_EEESB_mmNS0_12table_bundleIXT0_EEEPNS4_14compute_traitsIXT0_EE4typeE
    0 bytes stack frame, 0 bytes spill stores, 0 bytes spill loads
ptxas info    : Used 21 registers, used 1 barriers
ptxas info    : Compile time = 4.398 ms
ptxas info    : Compiling entry function '_ZN3aut12lns_strategy17dot_thread_kernelINS_3lns8lns12_r6ELNS_8bitwidth12compute_kindE0ELNS4_14storage_layoutE0ELi1ELNS0_12decoder_kindE12ELNS0_13multiply_kindE1EEEvNS0_12storage_viewIT_XT1_EEESB_mNS0_12table_bundleIXT0_EEEPNS4_14compute_traitsIXT0_EE4typeE' for 'sm_90'
ptxas info    : Function properties for _ZN3aut12lns_strategy17dot_thread_kernelINS_3lns8lns12_r6ELNS_8bitwidth12compute_kindE0ELNS4_14storage_layoutE0ELi1ELNS0_12decoder_kindE12ELNS0_13multiply_kindE1EEEvNS0_12storage_viewIT_XT1_EEESB_mNS0_12table_bundleIXT0_EEEPNS4_14compute_traitsIXT0_EE4typeE
    0 bytes stack frame, 0 bytes spill stores, 0 bytes spill loads
ptxas info    : Used 22 registers, used 1 barriers
ptxas info    : Compile time = 4.273 ms
ptxas info    : Compiling entry function '_ZN3aut12lns_strategy23gemv_cooperative_kernelINS_3lns8lns12_r6ELNS_8bitwidth12compute_kindE0ELNS0_12decoder_kindE9ELNS0_13multiply_kindE1EEEvPKjS9_mmNS0_12table_bundleIXT0_EEEPNS4_14compute_traitsIXT0_EE4typeE' for 'sm_90'
ptxas info    : Function properties for _ZN3aut12lns_strategy23gemv_cooperative_kernelINS_3lns8lns12_r6ELNS_8bitwidth12compute_kindE0ELNS0_12decoder_kindE9ELNS0_13multiply_kindE1EEEvPKjS9_mmNS0_12table_bundleIXT0_EEEPNS4_14compute_traitsIXT0_EE4typeE
    0 bytes stack frame, 0 bytes spill stores, 0 bytes spill loads
ptxas info    : Used 29 registers, used 1 barriers
ptxas info    : Compile time = 6.738 ms
ptxas info    : Compiling entry function '_ZN3aut12lns_strategy22dot_cooperative_kernelINS_3lns8lns12_r6ELNS_8bitwidth12compute_kindE0ELNS0_12decoder_kindE9ELNS0_13multiply_kindE1EEEvPKjS9_mNS0_12table_bundleIXT0_EEEPNS4_14compute_traitsIXT0_EE4typeE' for 'sm_90'
ptxas info    : Function properties for _ZN3aut12lns_strategy22dot_cooperative_kernelINS_3lns8lns12_r6ELNS_8bitwidth12compute_kindE0ELNS0_12decoder_kindE9ELNS0_13multiply_kindE1EEEvPKjS9_mNS0_12table_bundleIXT0_EEEPNS4_14compute_traitsIXT0_EE4typeE
    0 bytes stack frame, 0 bytes spill stores, 0 bytes spill loads
ptxas info    : Used 27 registers, used 1 barriers
ptxas info    : Compile time = 6.577 ms
ptxas info    : Compiling entry function '_ZN3aut12lns_strategy18gemv_thread_kernelINS_3lns8lns12_r6ELNS_8bitwidth12compute_kindE0ELNS4_14storage_layoutE1ELi8ELNS0_12decoder_kindE9ELNS0_13multiply_kindE1EEEvNS0_12storage_viewIT_XT1_EEESB_mmNS0_12table_bundleIXT0_EEEPNS4_14compute_traitsIXT0_EE4typeE' for 'sm_90'
ptxas info    : Function properties for _ZN3aut12lns_strategy18gemv_thread_kernelINS_3lns8lns12_r6ELNS_8bitwidth12compute_kindE0ELNS4_14storage_layoutE1ELi8ELNS0_12decoder_kindE9ELNS0_13multiply_kindE1EEEvNS0_12storage_viewIT_XT1_EEESB_mmNS0_12table_bundleIXT0_EEEPNS4_14compute_traitsIXT0_EE4typeE
    0 bytes stack frame, 0 bytes spill stores, 0 bytes spill loads
ptxas info    : Used 38 registers, used 1 barriers
ptxas info    : Compile time = 17.354 ms
ptxas info    : Compiling entry function '_ZN3aut12lns_strategy17dot_thread_kernelINS_3lns8lns12_r6ELNS_8bitwidth12compute_kindE0ELNS4_14storage_layoutE1ELi8ELNS0_12decoder_kindE9ELNS0_13multiply_kindE1EEEvNS0_12storage_viewIT_XT1_EEESB_mNS0_12table_bundleIXT0_EEEPNS4_14compute_traitsIXT0_EE4typeE' for 'sm_90'
ptxas info    : Function properties for _ZN3aut12lns_strategy17dot_thread_kernelINS_3lns8lns12_r6ELNS_8bitwidth12compute_kindE0ELNS4_14storage_layoutE1ELi8ELNS0_12decoder_kindE9ELNS0_13multiply_kindE1EEEvNS0_12storage_viewIT_XT1_EEESB_mNS0_12table_bundleIXT0_EEEPNS4_14compute_traitsIXT0_EE4typeE
    0 bytes stack frame, 0 bytes spill stores, 0 bytes spill loads
ptxas info    : Used 40 registers, used 1 barriers
ptxas info    : Compile time = 17.458 ms
ptxas info    : Compiling entry function '_ZN3aut12lns_strategy18gemv_thread_kernelINS_3lns8lns12_r6ELNS_8bitwidth12compute_kindE0ELNS4_14storage_layoutE1ELi4ELNS0_12decoder_kindE9ELNS0_13multiply_kindE1EEEvNS0_12storage_viewIT_XT1_EEESB_mmNS0_12table_bundleIXT0_EEEPNS4_14compute_traitsIXT0_EE4typeE' for 'sm_90'
ptxas info    : Function properties for _ZN3aut12lns_strategy18gemv_thread_kernelINS_3lns8lns12_r6ELNS_8bitwidth12compute_kindE0ELNS4_14storage_layoutE1ELi4ELNS0_12decoder_kindE9ELNS0_13multiply_kindE1EEEvNS0_12storage_viewIT_XT1_EEESB_mmNS0_12table_bundleIXT0_EEEPNS4_14compute_traitsIXT0_EE4typeE
    0 bytes stack frame, 0 bytes spill stores, 0 bytes spill loads
ptxas info    : Used 25 registers, used 1 barriers
ptxas info    : Compile time = 10.149 ms
ptxas info    : Compiling entry function '_ZN3aut12lns_strategy17dot_thread_kernelINS_3lns8lns12_r6ELNS_8bitwidth12compute_kindE0ELNS4_14storage_layoutE1ELi4ELNS0_12decoder_kindE9ELNS0_13multiply_kindE1EEEvNS0_12storage_viewIT_XT1_EEESB_mNS0_12table_bundleIXT0_EEEPNS4_14compute_traitsIXT0_EE4typeE' for 'sm_90'
ptxas info    : Function properties for _ZN3aut12lns_strategy17dot_thread_kernelINS_3lns8lns12_r6ELNS_8bitwidth12compute_kindE0ELNS4_14storage_layoutE1ELi4ELNS0_12decoder_kindE9ELNS0_13multiply_kindE1EEEvNS0_12storage_viewIT_XT1_EEESB_mNS0_12table_bundleIXT0_EEEPNS4_14compute_traitsIXT0_EE4typeE
    0 bytes stack frame, 0 bytes spill stores, 0 bytes spill loads
ptxas info    : Used 28 registers, used 1 barriers
ptxas info    : Compile time = 10.282 ms
ptxas info    : Compiling entry function '_ZN3aut12lns_strategy18gemv_thread_kernelINS_3lns8lns12_r6ELNS_8bitwidth12compute_kindE0ELNS4_14storage_layoutE1ELi2ELNS0_12decoder_kindE9ELNS0_13multiply_kindE1EEEvNS0_12storage_viewIT_XT1_EEESB_mmNS0_12table_bundleIXT0_EEEPNS4_14compute_traitsIXT0_EE4typeE' for 'sm_90'
ptxas info    : Function properties for _ZN3aut12lns_strategy18gemv_thread_kernelINS_3lns8lns12_r6ELNS_8bitwidth12compute_kindE0ELNS4_14storage_layoutE1ELi2ELNS0_12decoder_kindE9ELNS0_13multiply_kindE1EEEvNS0_12storage_viewIT_XT1_EEESB_mmNS0_12table_bundleIXT0_EEEPNS4_14compute_traitsIXT0_EE4typeE
    0 bytes stack frame, 0 bytes spill stores, 0 bytes spill loads
ptxas info    : Used 21 registers, used 1 barriers
ptxas info    : Compile time = 6.863 ms
ptxas info    : Compiling entry function '_ZN3aut12lns_strategy17dot_thread_kernelINS_3lns8lns12_r6ELNS_8bitwidth12compute_kindE0ELNS4_14storage_layoutE1ELi2ELNS0_12decoder_kindE9ELNS0_13multiply_kindE1EEEvNS0_12storage_viewIT_XT1_EEESB_mNS0_12table_bundleIXT0_EEEPNS4_14compute_traitsIXT0_EE4typeE' for 'sm_90'
ptxas info    : Function properties for _ZN3aut12lns_strategy17dot_thread_kernelINS_3lns8lns12_r6ELNS_8bitwidth12compute_kindE0ELNS4_14storage_layoutE1ELi2ELNS0_12decoder_kindE9ELNS0_13multiply_kindE1EEEvNS0_12storage_viewIT_XT1_EEESB_mNS0_12table_bundleIXT0_EEEPNS4_14compute_traitsIXT0_EE4typeE
    0 bytes stack frame, 0 bytes spill stores, 0 bytes spill loads
ptxas info    : Used 27 registers, used 1 barriers
ptxas info    : Compile time = 6.922 ms
ptxas info    : Compiling entry function '_ZN3aut12lns_strategy18gemv_thread_kernelINS_3lns8lns12_r6ELNS_8bitwidth12compute_kindE0ELNS4_14storage_layoutE0ELi8ELNS0_12decoder_kindE9ELNS0_13multiply_kindE1EEEvNS0_12storage_viewIT_XT1_EEESB_mmNS0_12table_bundleIXT0_EEEPNS4_14compute_traitsIXT0_EE4typeE' for 'sm_90'
ptxas info    : Function properties for _ZN3aut12lns_strategy18gemv_thread_kernelINS_3lns8lns12_r6ELNS_8bitwidth12compute_kindE0ELNS4_14storage_layoutE0ELi8ELNS0_12decoder_kindE9ELNS0_13multiply_kindE1EEEvNS0_12storage_viewIT_XT1_EEESB_mmNS0_12table_bundleIXT0_EEEPNS4_14compute_traitsIXT0_EE4typeE
    0 bytes stack frame, 0 bytes spill stores, 0 bytes spill loads
ptxas info    : Used 39 registers, used 1 barriers
ptxas info    : Compile time = 20.805 ms
ptxas info    : Compiling entry function '_ZN3aut12lns_strategy17dot_thread_kernelINS_3lns8lns12_r6ELNS_8bitwidth12compute_kindE0ELNS4_14storage_layoutE0ELi8ELNS0_12decoder_kindE9ELNS0_13multiply_kindE1EEEvNS0_12storage_viewIT_XT1_EEESB_mNS0_12table_bundleIXT0_EEEPNS4_14compute_traitsIXT0_EE4typeE' for 'sm_90'
ptxas info    : Function properties for _ZN3aut12lns_strategy17dot_thread_kernelINS_3lns8lns12_r6ELNS_8bitwidth12compute_kindE0ELNS4_14storage_layoutE0ELi8ELNS0_12decoder_kindE9ELNS0_13multiply_kindE1EEEvNS0_12storage_viewIT_XT1_EEESB_mNS0_12table_bundleIXT0_EEEPNS4_14compute_traitsIXT0_EE4typeE
    0 bytes stack frame, 0 bytes spill stores, 0 bytes spill loads
ptxas info    : Used 35 registers, used 1 barriers
ptxas info    : Compile time = 18.985 ms
ptxas info    : Compiling entry function '_ZN3aut12lns_strategy18gemv_thread_kernelINS_3lns8lns12_r6ELNS_8bitwidth12compute_kindE0ELNS4_14storage_layoutE0ELi4ELNS0_12decoder_kindE9ELNS0_13multiply_kindE1EEEvNS0_12storage_viewIT_XT1_EEESB_mmNS0_12table_bundleIXT0_EEEPNS4_14compute_traitsIXT0_EE4typeE' for 'sm_90'
ptxas info    : Function properties for _ZN3aut12lns_strategy18gemv_thread_kernelINS_3lns8lns12_r6ELNS_8bitwidth12compute_kindE0ELNS4_14storage_layoutE0ELi4ELNS0_12decoder_kindE9ELNS0_13multiply_kindE1EEEvNS0_12storage_viewIT_XT1_EEESB_mmNS0_12table_bundleIXT0_EEEPNS4_14compute_traitsIXT0_EE4typeE
    0 bytes stack frame, 0 bytes spill stores, 0 bytes spill loads
ptxas info    : Used 32 registers, used 1 barriers
ptxas info    : Compile time = 12.338 ms
ptxas info    : Compiling entry function '_ZN3aut12lns_strategy17dot_thread_kernelINS_3lns8lns12_r6ELNS_8bitwidth12compute_kindE0ELNS4_14storage_layoutE0ELi4ELNS0_12decoder_kindE9ELNS0_13multiply_kindE1EEEvNS0_12storage_viewIT_XT1_EEESB_mNS0_12table_bundleIXT0_EEEPNS4_14compute_traitsIXT0_EE4typeE' for 'sm_90'
ptxas info    : Function properties for _ZN3aut12lns_strategy17dot_thread_kernelINS_3lns8lns12_r6ELNS_8bitwidth12compute_kindE0ELNS4_14storage_layoutE0ELi4ELNS0_12decoder_kindE9ELNS0_13multiply_kindE1EEEvNS0_12storage_viewIT_XT1_EEESB_mNS0_12table_bundleIXT0_EEEPNS4_14compute_traitsIXT0_EE4typeE
    0 bytes stack frame, 0 bytes spill stores, 0 bytes spill loads
ptxas info    : Used 32 registers, used 1 barriers
ptxas info    : Compile time = 12.032 ms
ptxas info    : Compiling entry function '_ZN3aut12lns_strategy18gemv_thread_kernelINS_3lns8lns12_r6ELNS_8bitwidth12compute_kindE0ELNS4_14storage_layoutE0ELi2ELNS0_12decoder_kindE9ELNS0_13multiply_kindE1EEEvNS0_12storage_viewIT_XT1_EEESB_mmNS0_12table_bundleIXT0_EEEPNS4_14compute_traitsIXT0_EE4typeE' for 'sm_90'
ptxas info    : Function properties for _ZN3aut12lns_strategy18gemv_thread_kernelINS_3lns8lns12_r6ELNS_8bitwidth12compute_kindE0ELNS4_14storage_layoutE0ELi2ELNS0_12decoder_kindE9ELNS0_13multiply_kindE1EEEvNS0_12storage_viewIT_XT1_EEESB_mmNS0_12table_bundleIXT0_EEEPNS4_14compute_traitsIXT0_EE4typeE
    0 bytes stack frame, 0 bytes spill stores, 0 bytes spill loads
ptxas info    : Used 31 registers, used 1 barriers
ptxas info    : Compile time = 7.860 ms
ptxas info    : Compiling entry function '_ZN3aut12lns_strategy17dot_thread_kernelINS_3lns8lns12_r6ELNS_8bitwidth12compute_kindE0ELNS4_14storage_layoutE0ELi2ELNS0_12decoder_kindE9ELNS0_13multiply_kindE1EEEvNS0_12storage_viewIT_XT1_EEESB_mNS0_12table_bundleIXT0_EEEPNS4_14compute_traitsIXT0_EE4typeE' for 'sm_90'
ptxas info    : Function properties for _ZN3aut12lns_strategy17dot_thread_kernelINS_3lns8lns12_r6ELNS_8bitwidth12compute_kindE0ELNS4_14storage_layoutE0ELi2ELNS0_12decoder_kindE9ELNS0_13multiply_kindE1EEEvNS0_12storage_viewIT_XT1_EEESB_mNS0_12table_bundleIXT0_EEEPNS4_14compute_traitsIXT0_EE4typeE
    0 bytes stack frame, 0 bytes spill stores, 0 bytes spill loads
ptxas info    : Used 32 registers, used 1 barriers
ptxas info    : Compile time = 7.750 ms
ptxas info    : Compiling entry function '_ZN3aut12lns_strategy18gemv_thread_kernelINS_3lns8lns12_r6ELNS_8bitwidth12compute_kindE0ELNS4_14storage_layoutE1ELi1ELNS0_12decoder_kindE9ELNS0_13multiply_kindE1EEEvNS0_12storage_viewIT_XT1_EEESB_mmNS0_12table_bundleIXT0_EEEPNS4_14compute_traitsIXT0_EE4typeE' for 'sm_90'
ptxas info    : Function properties for _ZN3aut12lns_strategy18gemv_thread_kernelINS_3lns8lns12_r6ELNS_8bitwidth12compute_kindE0ELNS4_14storage_layoutE1ELi1ELNS0_12decoder_kindE9ELNS0_13multiply_kindE1EEEvNS0_12storage_viewIT_XT1_EEESB_mmNS0_12table_bundleIXT0_EEEPNS4_14compute_traitsIXT0_EE4typeE
    0 bytes stack frame, 0 bytes spill stores, 0 bytes spill loads
ptxas info    : Used 19 registers, used 1 barriers
ptxas info    : Compile time = 4.983 ms
ptxas info    : Compiling entry function '_ZN3aut12lns_strategy17dot_thread_kernelINS_3lns8lns12_r6ELNS_8bitwidth12compute_kindE0ELNS4_14storage_layoutE1ELi1ELNS0_12decoder_kindE9ELNS0_13multiply_kindE1EEEvNS0_12storage_viewIT_XT1_EEESB_mNS0_12table_bundleIXT0_EEEPNS4_14compute_traitsIXT0_EE4typeE' for 'sm_90'
ptxas info    : Function properties for _ZN3aut12lns_strategy17dot_thread_kernelINS_3lns8lns12_r6ELNS_8bitwidth12compute_kindE0ELNS4_14storage_layoutE1ELi1ELNS0_12decoder_kindE9ELNS0_13multiply_kindE1EEEvNS0_12storage_viewIT_XT1_EEESB_mNS0_12table_bundleIXT0_EEEPNS4_14compute_traitsIXT0_EE4typeE
    0 bytes stack frame, 0 bytes spill stores, 0 bytes spill loads
ptxas info    : Used 21 registers, used 1 barriers
ptxas info    : Compile time = 6.154 ms
ptxas info    : Compiling entry function '_ZN3aut12lns_strategy18gemv_thread_kernelINS_3lns8lns12_r6ELNS_8bitwidth12compute_kindE0ELNS4_14storage_layoutE0ELi1ELNS0_12decoder_kindE9ELNS0_13multiply_kindE1EEEvNS0_12storage_viewIT_XT1_EEESB_mmNS0_12table_bundleIXT0_EEEPNS4_14compute_traitsIXT0_EE4typeE' for 'sm_90'
ptxas info    : Function properties for _ZN3aut12lns_strategy18gemv_thread_kernelINS_3lns8lns12_r6ELNS_8bitwidth12compute_kindE0ELNS4_14storage_layoutE0ELi1ELNS0_12decoder_kindE9ELNS0_13multiply_kindE1EEEvNS0_12storage_viewIT_XT1_EEESB_mmNS0_12table_bundleIXT0_EEEPNS4_14compute_traitsIXT0_EE4typeE
    0 bytes stack frame, 0 bytes spill stores, 0 bytes spill loads
ptxas info    : Used 22 registers, used 1 barriers
ptxas info    : Compile time = 5.513 ms
ptxas info    : Compiling entry function '_ZN3aut12lns_strategy17dot_thread_kernelINS_3lns8lns12_r6ELNS_8bitwidth12compute_kindE0ELNS4_14storage_layoutE0ELi1ELNS0_12decoder_kindE9ELNS0_13multiply_kindE1EEEvNS0_12storage_viewIT_XT1_EEESB_mNS0_12table_bundleIXT0_EEEPNS4_14compute_traitsIXT0_EE4typeE' for 'sm_90'
ptxas info    : Function properties for _ZN3aut12lns_strategy17dot_thread_kernelINS_3lns8lns12_r6ELNS_8bitwidth12compute_kindE0ELNS4_14storage_layoutE0ELi1ELNS0_12decoder_kindE9ELNS0_13multiply_kindE1EEEvNS0_12storage_viewIT_XT1_EEESB_mNS0_12table_bundleIXT0_EEEPNS4_14compute_traitsIXT0_EE4typeE
    0 bytes stack frame, 0 bytes spill stores, 0 bytes spill loads
ptxas info    : Used 22 registers, used 1 barriers
ptxas info    : Compile time = 5.236 ms
ptxas info    : Compiling entry function '_ZN3aut12lns_strategy23gemv_cooperative_kernelINS_3lns8lns12_r6ELNS_8bitwidth12compute_kindE0ELNS0_12decoder_kindE9ELNS0_13multiply_kindE0EEEvPKjS9_mmNS0_12table_bundleIXT0_EEEPNS4_14compute_traitsIXT0_EE4typeE' for 'sm_90'
ptxas info    : Function properties for _ZN3aut12lns_strategy23gemv_cooperative_kernelINS_3lns8lns12_r6ELNS_8bitwidth12compute_kindE0ELNS0_12decoder_kindE9ELNS0_13multiply_kindE0EEEvPKjS9_mmNS0_12table_bundleIXT0_EEEPNS4_14compute_traitsIXT0_EE4typeE
    0 bytes stack frame, 0 bytes spill stores, 0 bytes spill loads
ptxas info    : Used 29 registers, used 1 barriers
ptxas info    : Compile time = 7.124 ms
ptxas info    : Compiling entry function '_ZN3aut12lns_strategy22dot_cooperative_kernelINS_3lns8lns12_r6ELNS_8bitwidth12compute_kindE0ELNS0_12decoder_kindE9ELNS0_13multiply_kindE0EEEvPKjS9_mNS0_12table_bundleIXT0_EEEPNS4_14compute_traitsIXT0_EE4typeE' for 'sm_90'
ptxas info    : Function properties for _ZN3aut12lns_strategy22dot_cooperative_kernelINS_3lns8lns12_r6ELNS_8bitwidth12compute_kindE0ELNS0_12decoder_kindE9ELNS0_13multiply_kindE0EEEvPKjS9_mNS0_12table_bundleIXT0_EEEPNS4_14compute_traitsIXT0_EE4typeE
    0 bytes stack frame, 0 bytes spill stores, 0 bytes spill loads
ptxas info    : Used 28 registers, used 1 barriers
ptxas info    : Compile time = 6.973 ms
ptxas info    : Compiling entry function '_ZN3aut12lns_strategy18gemv_thread_kernelINS_3lns8lns12_r6ELNS_8bitwidth12compute_kindE0ELNS4_14storage_layoutE1ELi8ELNS0_12decoder_kindE9ELNS0_13multiply_kindE0EEEvNS0_12storage_viewIT_XT1_EEESB_mmNS0_12table_bundleIXT0_EEEPNS4_14compute_traitsIXT0_EE4typeE' for 'sm_90'
ptxas info    : Function properties for _ZN3aut12lns_strategy18gemv_thread_kernelINS_3lns8lns12_r6ELNS_8bitwidth12compute_kindE0ELNS4_14storage_layoutE1ELi8ELNS0_12decoder_kindE9ELNS0_13multiply_kindE0EEEvNS0_12storage_viewIT_XT1_EEESB_mmNS0_12table_bundleIXT0_EEEPNS4_14compute_traitsIXT0_EE4typeE
    0 bytes stack frame, 0 bytes spill stores, 0 bytes spill loads
ptxas info    : Used 33 registers, used 1 barriers
ptxas info    : Compile time = 20.651 ms
ptxas info    : Compiling entry function '_ZN3aut12lns_strategy17dot_thread_kernelINS_3lns8lns12_r6ELNS_8bitwidth12compute_kindE0ELNS4_14storage_layoutE1ELi8ELNS0_12decoder_kindE9ELNS0_13multiply_kindE0EEEvNS0_12storage_viewIT_XT1_EEESB_mNS0_12table_bundleIXT0_EEEPNS4_14compute_traitsIXT0_EE4typeE' for 'sm_90'
ptxas info    : Function properties for _ZN3aut12lns_strategy17dot_thread_kernelINS_3lns8lns12_r6ELNS_8bitwidth12compute_kindE0ELNS4_14storage_layoutE1ELi8ELNS0_12decoder_kindE9ELNS0_13multiply_kindE0EEEvNS0_12storage_viewIT_XT1_EEESB_mNS0_12table_bundleIXT0_EEEPNS4_14compute_traitsIXT0_EE4typeE
    0 bytes stack frame, 0 bytes spill stores, 0 bytes spill loads
ptxas info    : Used 35 registers, used 1 barriers
ptxas info    : Compile time = 20.604 ms
ptxas info    : Compiling entry function '_ZN3aut12lns_strategy18gemv_thread_kernelINS_3lns8lns12_r6ELNS_8bitwidth12compute_kindE0ELNS4_14storage_layoutE1ELi4ELNS0_12decoder_kindE9ELNS0_13multiply_kindE0EEEvNS0_12storage_viewIT_XT1_EEESB_mmNS0_12table_bundleIXT0_EEEPNS4_14compute_traitsIXT0_EE4typeE' for 'sm_90'
ptxas info    : Function properties for _ZN3aut12lns_strategy18gemv_thread_kernelINS_3lns8lns12_r6ELNS_8bitwidth12compute_kindE0ELNS4_14storage_layoutE1ELi4ELNS0_12decoder_kindE9ELNS0_13multiply_kindE0EEEvNS0_12storage_viewIT_XT1_EEESB_mmNS0_12table_bundleIXT0_EEEPNS4_14compute_traitsIXT0_EE4typeE
    0 bytes stack frame, 0 bytes spill stores, 0 bytes spill loads
ptxas info    : Used 26 registers, used 1 barriers
ptxas info    : Compile time = 11.780 ms
ptxas info    : Compiling entry function '_ZN3aut12lns_strategy17dot_thread_kernelINS_3lns8lns12_r6ELNS_8bitwidth12compute_kindE0ELNS4_14storage_layoutE1ELi4ELNS0_12decoder_kindE9ELNS0_13multiply_kindE0EEEvNS0_12storage_viewIT_XT1_EEESB_mNS0_12table_bundleIXT0_EEEPNS4_14compute_traitsIXT0_EE4typeE' for 'sm_90'
ptxas info    : Function properties for _ZN3aut12lns_strategy17dot_thread_kernelINS_3lns8lns12_r6ELNS_8bitwidth12compute_kindE0ELNS4_14storage_layoutE1ELi4ELNS0_12decoder_kindE9ELNS0_13multiply_kindE0EEEvNS0_12storage_viewIT_XT1_EEESB_mNS0_12table_bundleIXT0_EEEPNS4_14compute_traitsIXT0_EE4typeE
    0 bytes stack frame, 0 bytes spill stores, 0 bytes spill loads
ptxas info    : Used 28 registers, used 1 barriers
ptxas info    : Compile time = 12.098 ms
ptxas info    : Compiling entry function '_ZN3aut12lns_strategy18gemv_thread_kernelINS_3lns8lns12_r6ELNS_8bitwidth12compute_kindE0ELNS4_14storage_layoutE1ELi2ELNS0_12decoder_kindE9ELNS0_13multiply_kindE0EEEvNS0_12storage_viewIT_XT1_EEESB_mmNS0_12table_bundleIXT0_EEEPNS4_14compute_traitsIXT0_EE4typeE' for 'sm_90'
ptxas info    : Function properties for _ZN3aut12lns_strategy18gemv_thread_kernelINS_3lns8lns12_r6ELNS_8bitwidth12compute_kindE0ELNS4_14storage_layoutE1ELi2ELNS0_12decoder_kindE9ELNS0_13multiply_kindE0EEEvNS0_12storage_viewIT_XT1_EEESB_mmNS0_12table_bundleIXT0_EEEPNS4_14compute_traitsIXT0_EE4typeE
    0 bytes stack frame, 0 bytes spill stores, 0 bytes spill loads
ptxas info    : Used 22 registers, used 1 barriers
ptxas info    : Compile time = 7.659 ms
ptxas info    : Compiling entry function '_ZN3aut12lns_strategy17dot_thread_kernelINS_3lns8lns12_r6ELNS_8bitwidth12compute_kindE0ELNS4_14storage_layoutE1ELi2ELNS0_12decoder_kindE9ELNS0_13multiply_kindE0EEEvNS0_12storage_viewIT_XT1_EEESB_mNS0_12table_bundleIXT0_EEEPNS4_14compute_traitsIXT0_EE4typeE' for 'sm_90'
ptxas info    : Function properties for _ZN3aut12lns_strategy17dot_thread_kernelINS_3lns8lns12_r6ELNS_8bitwidth12compute_kindE0ELNS4_14storage_layoutE1ELi2ELNS0_12decoder_kindE9ELNS0_13multiply_kindE0EEEvNS0_12storage_viewIT_XT1_EEESB_mNS0_12table_bundleIXT0_EEEPNS4_14compute_traitsIXT0_EE4typeE
    0 bytes stack frame, 0 bytes spill stores, 0 bytes spill loads
ptxas info    : Used 29 registers, used 1 barriers
ptxas info    : Compile time = 7.708 ms
ptxas info    : Compiling entry function '_ZN3aut12lns_strategy18gemv_thread_kernelINS_3lns8lns12_r6ELNS_8bitwidth12compute_kindE0ELNS4_14storage_layoutE0ELi8ELNS0_12decoder_kindE9ELNS0_13multiply_kindE0EEEvNS0_12storage_viewIT_XT1_EEESB_mmNS0_12table_bundleIXT0_EEEPNS4_14compute_traitsIXT0_EE4typeE' for 'sm_90'
ptxas info    : Function properties for _ZN3aut12lns_strategy18gemv_thread_kernelINS_3lns8lns12_r6ELNS_8bitwidth12compute_kindE0ELNS4_14storage_layoutE0ELi8ELNS0_12decoder_kindE9ELNS0_13multiply_kindE0EEEvNS0_12storage_viewIT_XT1_EEESB_mmNS0_12table_bundleIXT0_EEEPNS4_14compute_traitsIXT0_EE4typeE
    0 bytes stack frame, 0 bytes spill stores, 0 bytes spill loads
ptxas info    : Used 40 registers, used 1 barriers
ptxas info    : Compile time = 24.652 ms
ptxas info    : Compiling entry function '_ZN3aut12lns_strategy17dot_thread_kernelINS_3lns8lns12_r6ELNS_8bitwidth12compute_kindE0ELNS4_14storage_layoutE0ELi8ELNS0_12decoder_kindE9ELNS0_13multiply_kindE0EEEvNS0_12storage_viewIT_XT1_EEESB_mNS0_12table_bundleIXT0_EEEPNS4_14compute_traitsIXT0_EE4typeE' for 'sm_90'
ptxas info    : Function properties for _ZN3aut12lns_strategy17dot_thread_kernelINS_3lns8lns12_r6ELNS_8bitwidth12compute_kindE0ELNS4_14storage_layoutE0ELi8ELNS0_12decoder_kindE9ELNS0_13multiply_kindE0EEEvNS0_12storage_viewIT_XT1_EEESB_mNS0_12table_bundleIXT0_EEEPNS4_14compute_traitsIXT0_EE4typeE
    0 bytes stack frame, 0 bytes spill stores, 0 bytes spill loads
ptxas info    : Used 32 registers, used 1 barriers
ptxas info    : Compile time = 22.742 ms
ptxas info    : Compiling entry function '_ZN3aut12lns_strategy18gemv_thread_kernelINS_3lns8lns12_r6ELNS_8bitwidth12compute_kindE0ELNS4_14storage_layoutE0ELi4ELNS0_12decoder_kindE9ELNS0_13multiply_kindE0EEEvNS0_12storage_viewIT_XT1_EEESB_mmNS0_12table_bundleIXT0_EEEPNS4_14compute_traitsIXT0_EE4typeE' for 'sm_90'
ptxas info    : Function properties for _ZN3aut12lns_strategy18gemv_thread_kernelINS_3lns8lns12_r6ELNS_8bitwidth12compute_kindE0ELNS4_14storage_layoutE0ELi4ELNS0_12decoder_kindE9ELNS0_13multiply_kindE0EEEvNS0_12storage_viewIT_XT1_EEESB_mmNS0_12table_bundleIXT0_EEEPNS4_14compute_traitsIXT0_EE4typeE
    0 bytes stack frame, 0 bytes spill stores, 0 bytes spill loads
ptxas info    : Used 31 registers, used 1 barriers
ptxas info    : Compile time = 13.776 ms
ptxas info    : Compiling entry function '_ZN3aut12lns_strategy17dot_thread_kernelINS_3lns8lns12_r6ELNS_8bitwidth12compute_kindE0ELNS4_14storage_layoutE0ELi4ELNS0_12decoder_kindE9ELNS0_13multiply_kindE0EEEvNS0_12storage_viewIT_XT1_EEESB_mNS0_12table_bundleIXT0_EEEPNS4_14compute_traitsIXT0_EE4typeE' for 'sm_90'
ptxas info    : Function properties for _ZN3aut12lns_strategy17dot_thread_kernelINS_3lns8lns12_r6ELNS_8bitwidth12compute_kindE0ELNS4_14storage_layoutE0ELi4ELNS0_12decoder_kindE9ELNS0_13multiply_kindE0EEEvNS0_12storage_viewIT_XT1_EEESB_mNS0_12table_bundleIXT0_EEEPNS4_14compute_traitsIXT0_EE4typeE
    0 bytes stack frame, 0 bytes spill stores, 0 bytes spill loads
ptxas info    : Used 32 registers, used 1 barriers
ptxas info    : Compile time = 13.462 ms
ptxas info    : Compiling entry function '_ZN3aut12lns_strategy18gemv_thread_kernelINS_3lns8lns12_r6ELNS_8bitwidth12compute_kindE0ELNS4_14storage_layoutE0ELi2ELNS0_12decoder_kindE9ELNS0_13multiply_kindE0EEEvNS0_12storage_viewIT_XT1_EEESB_mmNS0_12table_bundleIXT0_EEEPNS4_14compute_traitsIXT0_EE4typeE' for 'sm_90'
ptxas info    : Function properties for _ZN3aut12lns_strategy18gemv_thread_kernelINS_3lns8lns12_r6ELNS_8bitwidth12compute_kindE0ELNS4_14storage_layoutE0ELi2ELNS0_12decoder_kindE9ELNS0_13multiply_kindE0EEEvNS0_12storage_viewIT_XT1_EEESB_mmNS0_12table_bundleIXT0_EEEPNS4_14compute_traitsIXT0_EE4typeE
    0 bytes stack frame, 0 bytes spill stores, 0 bytes spill loads
ptxas info    : Used 31 registers, used 1 barriers
ptxas info    : Compile time = 8.616 ms
ptxas info    : Compiling entry function '_ZN3aut12lns_strategy17dot_thread_kernelINS_3lns8lns12_r6ELNS_8bitwidth12compute_kindE0ELNS4_14storage_layoutE0ELi2ELNS0_12decoder_kindE9ELNS0_13multiply_kindE0EEEvNS0_12storage_viewIT_XT1_EEESB_mNS0_12table_bundleIXT0_EEEPNS4_14compute_traitsIXT0_EE4typeE' for 'sm_90'
ptxas info    : Function properties for _ZN3aut12lns_strategy17dot_thread_kernelINS_3lns8lns12_r6ELNS_8bitwidth12compute_kindE0ELNS4_14storage_layoutE0ELi2ELNS0_12decoder_kindE9ELNS0_13multiply_kindE0EEEvNS0_12storage_viewIT_XT1_EEESB_mNS0_12table_bundleIXT0_EEEPNS4_14compute_traitsIXT0_EE4typeE
    0 bytes stack frame, 0 bytes spill stores, 0 bytes spill loads
ptxas info    : Used 32 registers, used 1 barriers
ptxas info    : Compile time = 8.447 ms
ptxas info    : Compiling entry function '_ZN3aut12lns_strategy18gemv_thread_kernelINS_3lns8lns12_r6ELNS_8bitwidth12compute_kindE0ELNS4_14storage_layoutE1ELi1ELNS0_12decoder_kindE9ELNS0_13multiply_kindE0EEEvNS0_12storage_viewIT_XT1_EEESB_mmNS0_12table_bundleIXT0_EEEPNS4_14compute_traitsIXT0_EE4typeE' for 'sm_90'
ptxas info    : Function properties for _ZN3aut12lns_strategy18gemv_thread_kernelINS_3lns8lns12_r6ELNS_8bitwidth12compute_kindE0ELNS4_14storage_layoutE1ELi1ELNS0_12decoder_kindE9ELNS0_13multiply_kindE0EEEvNS0_12storage_viewIT_XT1_EEESB_mmNS0_12table_bundleIXT0_EEEPNS4_14compute_traitsIXT0_EE4typeE
    0 bytes stack frame, 0 bytes spill stores, 0 bytes spill loads
ptxas info    : Used 20 registers, used 1 barriers
ptxas info    : Compile time = 5.434 ms
ptxas info    : Compiling entry function '_ZN3aut12lns_strategy17dot_thread_kernelINS_3lns8lns12_r6ELNS_8bitwidth12compute_kindE0ELNS4_14storage_layoutE1ELi1ELNS0_12decoder_kindE9ELNS0_13multiply_kindE0EEEvNS0_12storage_viewIT_XT1_EEESB_mNS0_12table_bundleIXT0_EEEPNS4_14compute_traitsIXT0_EE4typeE' for 'sm_90'
ptxas info    : Function properties for _ZN3aut12lns_strategy17dot_thread_kernelINS_3lns8lns12_r6ELNS_8bitwidth12compute_kindE0ELNS4_14storage_layoutE1ELi1ELNS0_12decoder_kindE9ELNS0_13multiply_kindE0EEEvNS0_12storage_viewIT_XT1_EEESB_mNS0_12table_bundleIXT0_EEEPNS4_14compute_traitsIXT0_EE4typeE
    0 bytes stack frame, 0 bytes spill stores, 0 bytes spill loads
ptxas info    : Used 22 registers, used 1 barriers
ptxas info    : Compile time = 5.298 ms
ptxas info    : Compiling entry function '_ZN3aut12lns_strategy18gemv_thread_kernelINS_3lns8lns12_r6ELNS_8bitwidth12compute_kindE0ELNS4_14storage_layoutE0ELi1ELNS0_12decoder_kindE9ELNS0_13multiply_kindE0EEEvNS0_12storage_viewIT_XT1_EEESB_mmNS0_12table_bundleIXT0_EEEPNS4_14compute_traitsIXT0_EE4typeE' for 'sm_90'
ptxas info    : Function properties for _ZN3aut12lns_strategy18gemv_thread_kernelINS_3lns8lns12_r6ELNS_8bitwidth12compute_kindE0ELNS4_14storage_layoutE0ELi1ELNS0_12decoder_kindE9ELNS0_13multiply_kindE0EEEvNS0_12storage_viewIT_XT1_EEESB_mmNS0_12table_bundleIXT0_EEEPNS4_14compute_traitsIXT0_EE4typeE
    0 bytes stack frame, 0 bytes spill stores, 0 bytes spill loads
ptxas info    : Used 21 registers, used 1 barriers
ptxas info    : Compile time = 5.888 ms
ptxas info    : Compiling entry function '_ZN3aut12lns_strategy17dot_thread_kernelINS_3lns8lns12_r6ELNS_8bitwidth12compute_kindE0ELNS4_14storage_layoutE0ELi1ELNS0_12decoder_kindE9ELNS0_13multiply_kindE0EEEvNS0_12storage_viewIT_XT1_EEESB_mNS0_12table_bundleIXT0_EEEPNS4_14compute_traitsIXT0_EE4typeE' for 'sm_90'
ptxas info    : Function properties for _ZN3aut12lns_strategy17dot_thread_kernelINS_3lns8lns12_r6ELNS_8bitwidth12compute_kindE0ELNS4_14storage_layoutE0ELi1ELNS0_12decoder_kindE9ELNS0_13multiply_kindE0EEEvNS0_12storage_viewIT_XT1_EEESB_mNS0_12table_bundleIXT0_EEEPNS4_14compute_traitsIXT0_EE4typeE
    0 bytes stack frame, 0 bytes spill stores, 0 bytes spill loads
ptxas info    : Used 23 registers, used 1 barriers
ptxas info    : Compile time = 5.633 ms
ptxas info    : Compiling entry function '_ZN3aut12lns_strategy23gemv_cooperative_kernelINS_3lns8lns12_r6ELNS_8bitwidth12compute_kindE0ELNS0_12decoder_kindE8ELNS0_13multiply_kindE1EEEvPKjS9_mmNS0_12table_bundleIXT0_EEEPNS4_14compute_traitsIXT0_EE4typeE' for 'sm_90'
ptxas info    : Function properties for _ZN3aut12lns_strategy23gemv_cooperative_kernelINS_3lns8lns12_r6ELNS_8bitwidth12compute_kindE0ELNS0_12decoder_kindE8ELNS0_13multiply_kindE1EEEvPKjS9_mmNS0_12table_bundleIXT0_EEEPNS4_14compute_traitsIXT0_EE4typeE
    0 bytes stack frame, 0 bytes spill stores, 0 bytes spill loads
ptxas info    : Used 29 registers, used 1 barriers
ptxas info    : Compile time = 6.726 ms
ptxas info    : Compiling entry function '_ZN3aut12lns_strategy22dot_cooperative_kernelINS_3lns8lns12_r6ELNS_8bitwidth12compute_kindE0ELNS0_12decoder_kindE8ELNS0_13multiply_kindE1EEEvPKjS9_mNS0_12table_bundleIXT0_EEEPNS4_14compute_traitsIXT0_EE4typeE' for 'sm_90'
ptxas info    : Function properties for _ZN3aut12lns_strategy22dot_cooperative_kernelINS_3lns8lns12_r6ELNS_8bitwidth12compute_kindE0ELNS0_12decoder_kindE8ELNS0_13multiply_kindE1EEEvPKjS9_mNS0_12table_bundleIXT0_EEEPNS4_14compute_traitsIXT0_EE4typeE
    0 bytes stack frame, 0 bytes spill stores, 0 bytes spill loads
ptxas info    : Used 27 registers, used 1 barriers
ptxas info    : Compile time = 6.562 ms
ptxas info    : Compiling entry function '_ZN3aut12lns_strategy18gemv_thread_kernelINS_3lns8lns12_r6ELNS_8bitwidth12compute_kindE0ELNS4_14storage_layoutE1ELi8ELNS0_12decoder_kindE8ELNS0_13multiply_kindE1EEEvNS0_12storage_viewIT_XT1_EEESB_mmNS0_12table_bundleIXT0_EEEPNS4_14compute_traitsIXT0_EE4typeE' for 'sm_90'
ptxas info    : Function properties for _ZN3aut12lns_strategy18gemv_thread_kernelINS_3lns8lns12_r6ELNS_8bitwidth12compute_kindE0ELNS4_14storage_layoutE1ELi8ELNS0_12decoder_kindE8ELNS0_13multiply_kindE1EEEvNS0_12storage_viewIT_XT1_EEESB_mmNS0_12table_bundleIXT0_EEEPNS4_14compute_traitsIXT0_EE4typeE
    0 bytes stack frame, 0 bytes spill stores, 0 bytes spill loads
ptxas info    : Used 38 registers, used 1 barriers
ptxas info    : Compile time = 17.236 ms
ptxas info    : Compiling entry function '_ZN3aut12lns_strategy17dot_thread_kernelINS_3lns8lns12_r6ELNS_8bitwidth12compute_kindE0ELNS4_14storage_layoutE1ELi8ELNS0_12decoder_kindE8ELNS0_13multiply_kindE1EEEvNS0_12storage_viewIT_XT1_EEESB_mNS0_12table_bundleIXT0_EEEPNS4_14compute_traitsIXT0_EE4typeE' for 'sm_90'
ptxas info    : Function properties for _ZN3aut12lns_strategy17dot_thread_kernelINS_3lns8lns12_r6ELNS_8bitwidth12compute_kindE0ELNS4_14storage_layoutE1ELi8ELNS0_12decoder_kindE8ELNS0_13multiply_kindE1EEEvNS0_12storage_viewIT_XT1_EEESB_mNS0_12table_bundleIXT0_EEEPNS4_14compute_traitsIXT0_EE4typeE
    0 bytes stack frame, 0 bytes spill stores, 0 bytes spill loads
ptxas info    : Used 40 registers, used 1 barriers
ptxas info    : Compile time = 17.298 ms
ptxas info    : Compiling entry function '_ZN3aut12lns_strategy18gemv_thread_kernelINS_3lns8lns12_r6ELNS_8bitwidth12compute_kindE0ELNS4_14storage_layoutE1ELi4ELNS0_12decoder_kindE8ELNS0_13multiply_kindE1EEEvNS0_12storage_viewIT_XT1_EEESB_mmNS0_12table_bundleIXT0_EEEPNS4_14compute_traitsIXT0_EE4typeE' for 'sm_90'
ptxas info    : Function properties for _ZN3aut12lns_strategy18gemv_thread_kernelINS_3lns8lns12_r6ELNS_8bitwidth12compute_kindE0ELNS4_14storage_layoutE1ELi4ELNS0_12decoder_kindE8ELNS0_13multiply_kindE1EEEvNS0_12storage_viewIT_XT1_EEESB_mmNS0_12table_bundleIXT0_EEEPNS4_14compute_traitsIXT0_EE4typeE
    0 bytes stack frame, 0 bytes spill stores, 0 bytes spill loads
ptxas info    : Used 25 registers, used 1 barriers
ptxas info    : Compile time = 10.132 ms
ptxas info    : Compiling entry function '_ZN3aut12lns_strategy17dot_thread_kernelINS_3lns8lns12_r6ELNS_8bitwidth12compute_kindE0ELNS4_14storage_layoutE1ELi4ELNS0_12decoder_kindE8ELNS0_13multiply_kindE1EEEvNS0_12storage_viewIT_XT1_EEESB_mNS0_12table_bundleIXT0_EEEPNS4_14compute_traitsIXT0_EE4typeE' for 'sm_90'
ptxas info    : Function properties for _ZN3aut12lns_strategy17dot_thread_kernelINS_3lns8lns12_r6ELNS_8bitwidth12compute_kindE0ELNS4_14storage_layoutE1ELi4ELNS0_12decoder_kindE8ELNS0_13multiply_kindE1EEEvNS0_12storage_viewIT_XT1_EEESB_mNS0_12table_bundleIXT0_EEEPNS4_14compute_traitsIXT0_EE4typeE
    0 bytes stack frame, 0 bytes spill stores, 0 bytes spill loads
ptxas info    : Used 28 registers, used 1 barriers
ptxas info    : Compile time = 10.290 ms
ptxas info    : Compiling entry function '_ZN3aut12lns_strategy18gemv_thread_kernelINS_3lns8lns12_r6ELNS_8bitwidth12compute_kindE0ELNS4_14storage_layoutE1ELi2ELNS0_12decoder_kindE8ELNS0_13multiply_kindE1EEEvNS0_12storage_viewIT_XT1_EEESB_mmNS0_12table_bundleIXT0_EEEPNS4_14compute_traitsIXT0_EE4typeE' for 'sm_90'
ptxas info    : Function properties for _ZN3aut12lns_strategy18gemv_thread_kernelINS_3lns8lns12_r6ELNS_8bitwidth12compute_kindE0ELNS4_14storage_layoutE1ELi2ELNS0_12decoder_kindE8ELNS0_13multiply_kindE1EEEvNS0_12storage_viewIT_XT1_EEESB_mmNS0_12table_bundleIXT0_EEEPNS4_14compute_traitsIXT0_EE4typeE
    0 bytes stack frame, 0 bytes spill stores, 0 bytes spill loads
ptxas info    : Used 21 registers, used 1 barriers
ptxas info    : Compile time = 6.886 ms
ptxas info    : Compiling entry function '_ZN3aut12lns_strategy17dot_thread_kernelINS_3lns8lns12_r6ELNS_8bitwidth12compute_kindE0ELNS4_14storage_layoutE1ELi2ELNS0_12decoder_kindE8ELNS0_13multiply_kindE1EEEvNS0_12storage_viewIT_XT1_EEESB_mNS0_12table_bundleIXT0_EEEPNS4_14compute_traitsIXT0_EE4typeE' for 'sm_90'
ptxas info    : Function properties for _ZN3aut12lns_strategy17dot_thread_kernelINS_3lns8lns12_r6ELNS_8bitwidth12compute_kindE0ELNS4_14storage_layoutE1ELi2ELNS0_12decoder_kindE8ELNS0_13multiply_kindE1EEEvNS0_12storage_viewIT_XT1_EEESB_mNS0_12table_bundleIXT0_EEEPNS4_14compute_traitsIXT0_EE4typeE
    0 bytes stack frame, 0 bytes spill stores, 0 bytes spill loads
ptxas info    : Used 27 registers, used 1 barriers
ptxas info    : Compile time = 6.940 ms
ptxas info    : Compiling entry function '_ZN3aut12lns_strategy18gemv_thread_kernelINS_3lns8lns12_r6ELNS_8bitwidth12compute_kindE0ELNS4_14storage_layoutE0ELi8ELNS0_12decoder_kindE8ELNS0_13multiply_kindE1EEEvNS0_12storage_viewIT_XT1_EEESB_mmNS0_12table_bundleIXT0_EEEPNS4_14compute_traitsIXT0_EE4typeE' for 'sm_90'
ptxas info    : Function properties for _ZN3aut12lns_strategy18gemv_thread_kernelINS_3lns8lns12_r6ELNS_8bitwidth12compute_kindE0ELNS4_14storage_layoutE0ELi8ELNS0_12decoder_kindE8ELNS0_13multiply_kindE1EEEvNS0_12storage_viewIT_XT1_EEESB_mmNS0_12table_bundleIXT0_EEEPNS4_14compute_traitsIXT0_EE4typeE
    0 bytes stack frame, 0 bytes spill stores, 0 bytes spill loads
ptxas info    : Used 39 registers, used 1 barriers
ptxas info    : Compile time = 20.532 ms
ptxas info    : Compiling entry function '_ZN3aut12lns_strategy17dot_thread_kernelINS_3lns8lns12_r6ELNS_8bitwidth12compute_kindE0ELNS4_14storage_layoutE0ELi8ELNS0_12decoder_kindE8ELNS0_13multiply_kindE1EEEvNS0_12storage_viewIT_XT1_EEESB_mNS0_12table_bundleIXT0_EEEPNS4_14compute_traitsIXT0_EE4typeE' for 'sm_90'
ptxas info    : Function properties for _ZN3aut12lns_strategy17dot_thread_kernelINS_3lns8lns12_r6ELNS_8bitwidth12compute_kindE0ELNS4_14storage_layoutE0ELi8ELNS0_12decoder_kindE8ELNS0_13multiply_kindE1EEEvNS0_12storage_viewIT_XT1_EEESB_mNS0_12table_bundleIXT0_EEEPNS4_14compute_traitsIXT0_EE4typeE
    0 bytes stack frame, 0 bytes spill stores, 0 bytes spill loads
ptxas info    : Used 35 registers, used 1 barriers
ptxas info    : Compile time = 18.850 ms
ptxas info    : Compiling entry function '_ZN3aut12lns_strategy18gemv_thread_kernelINS_3lns8lns12_r6ELNS_8bitwidth12compute_kindE0ELNS4_14storage_layoutE0ELi4ELNS0_12decoder_kindE8ELNS0_13multiply_kindE1EEEvNS0_12storage_viewIT_XT1_EEESB_mmNS0_12table_bundleIXT0_EEEPNS4_14compute_traitsIXT0_EE4typeE' for 'sm_90'
ptxas info    : Function properties for _ZN3aut12lns_strategy18gemv_thread_kernelINS_3lns8lns12_r6ELNS_8bitwidth12compute_kindE0ELNS4_14storage_layoutE0ELi4ELNS0_12decoder_kindE8ELNS0_13multiply_kindE1EEEvNS0_12storage_viewIT_XT1_EEESB_mmNS0_12table_bundleIXT0_EEEPNS4_14compute_traitsIXT0_EE4typeE
    0 bytes stack frame, 0 bytes spill stores, 0 bytes spill loads
ptxas info    : Used 32 registers, used 1 barriers
ptxas info    : Compile time = 12.285 ms
ptxas info    : Compiling entry function '_ZN3aut12lns_strategy17dot_thread_kernelINS_3lns8lns12_r6ELNS_8bitwidth12compute_kindE0ELNS4_14storage_layoutE0ELi4ELNS0_12decoder_kindE8ELNS0_13multiply_kindE1EEEvNS0_12storage_viewIT_XT1_EEESB_mNS0_12table_bundleIXT0_EEEPNS4_14compute_traitsIXT0_EE4typeE' for 'sm_90'
ptxas info    : Function properties for _ZN3aut12lns_strategy17dot_thread_kernelINS_3lns8lns12_r6ELNS_8bitwidth12compute_kindE0ELNS4_14storage_layoutE0ELi4ELNS0_12decoder_kindE8ELNS0_13multiply_kindE1EEEvNS0_12storage_viewIT_XT1_EEESB_mNS0_12table_bundleIXT0_EEEPNS4_14compute_traitsIXT0_EE4typeE
    0 bytes stack frame, 0 bytes spill stores, 0 bytes spill loads
ptxas info    : Used 32 registers, used 1 barriers
ptxas info    : Compile time = 12.059 ms
ptxas info    : Compiling entry function '_ZN3aut12lns_strategy18gemv_thread_kernelINS_3lns8lns12_r6ELNS_8bitwidth12compute_kindE0ELNS4_14storage_layoutE0ELi2ELNS0_12decoder_kindE8ELNS0_13multiply_kindE1EEEvNS0_12storage_viewIT_XT1_EEESB_mmNS0_12table_bundleIXT0_EEEPNS4_14compute_traitsIXT0_EE4typeE' for 'sm_90'
ptxas info    : Function properties for _ZN3aut12lns_strategy18gemv_thread_kernelINS_3lns8lns12_r6ELNS_8bitwidth12compute_kindE0ELNS4_14storage_layoutE0ELi2ELNS0_12decoder_kindE8ELNS0_13multiply_kindE1EEEvNS0_12storage_viewIT_XT1_EEESB_mmNS0_12table_bundleIXT0_EEEPNS4_14compute_traitsIXT0_EE4typeE
    0 bytes stack frame, 0 bytes spill stores, 0 bytes spill loads
ptxas info    : Used 31 registers, used 1 barriers
ptxas info    : Compile time = 7.858 ms
ptxas info    : Compiling entry function '_ZN3aut12lns_strategy17dot_thread_kernelINS_3lns8lns12_r6ELNS_8bitwidth12compute_kindE0ELNS4_14storage_layoutE0ELi2ELNS0_12decoder_kindE8ELNS0_13multiply_kindE1EEEvNS0_12storage_viewIT_XT1_EEESB_mNS0_12table_bundleIXT0_EEEPNS4_14compute_traitsIXT0_EE4typeE' for 'sm_90'
ptxas info    : Function properties for _ZN3aut12lns_strategy17dot_thread_kernelINS_3lns8lns12_r6ELNS_8bitwidth12compute_kindE0ELNS4_14storage_layoutE0ELi2ELNS0_12decoder_kindE8ELNS0_13multiply_kindE1EEEvNS0_12storage_viewIT_XT1_EEESB_mNS0_12table_bundleIXT0_EEEPNS4_14compute_traitsIXT0_EE4typeE
    0 bytes stack frame, 0 bytes spill stores, 0 bytes spill loads
ptxas info    : Used 32 registers, used 1 barriers
ptxas info    : Compile time = 7.762 ms
ptxas info    : Compiling entry function '_ZN3aut12lns_strategy18gemv_thread_kernelINS_3lns8lns12_r6ELNS_8bitwidth12compute_kindE0ELNS4_14storage_layoutE1ELi1ELNS0_12decoder_kindE8ELNS0_13multiply_kindE1EEEvNS0_12storage_viewIT_XT1_EEESB_mmNS0_12table_bundleIXT0_EEEPNS4_14compute_traitsIXT0_EE4typeE' for 'sm_90'
ptxas info    : Function properties for _ZN3aut12lns_strategy18gemv_thread_kernelINS_3lns8lns12_r6ELNS_8bitwidth12compute_kindE0ELNS4_14storage_layoutE1ELi1ELNS0_12decoder_kindE8ELNS0_13multiply_kindE1EEEvNS0_12storage_viewIT_XT1_EEESB_mmNS0_12table_bundleIXT0_EEEPNS4_14compute_traitsIXT0_EE4typeE
    0 bytes stack frame, 0 bytes spill stores, 0 bytes spill loads
ptxas info    : Used 19 registers, used 1 barriers
ptxas info    : Compile time = 5.010 ms
ptxas info    : Compiling entry function '_ZN3aut12lns_strategy17dot_thread_kernelINS_3lns8lns12_r6ELNS_8bitwidth12compute_kindE0ELNS4_14storage_layoutE1ELi1ELNS0_12decoder_kindE8ELNS0_13multiply_kindE1EEEvNS0_12storage_viewIT_XT1_EEESB_mNS0_12table_bundleIXT0_EEEPNS4_14compute_traitsIXT0_EE4typeE' for 'sm_90'
ptxas info    : Function properties for _ZN3aut12lns_strategy17dot_thread_kernelINS_3lns8lns12_r6ELNS_8bitwidth12compute_kindE0ELNS4_14storage_layoutE1ELi1ELNS0_12decoder_kindE8ELNS0_13multiply_kindE1EEEvNS0_12storage_viewIT_XT1_EEESB_mNS0_12table_bundleIXT0_EEEPNS4_14compute_traitsIXT0_EE4typeE
    0 bytes stack frame, 0 bytes spill stores, 0 bytes spill loads
ptxas info    : Used 21 registers, used 1 barriers
ptxas info    : Compile time = 4.870 ms
ptxas info    : Compiling entry function '_ZN3aut12lns_strategy18gemv_thread_kernelINS_3lns8lns12_r6ELNS_8bitwidth12compute_kindE0ELNS4_14storage_layoutE0ELi1ELNS0_12decoder_kindE8ELNS0_13multiply_kindE1EEEvNS0_12storage_viewIT_XT1_EEESB_mmNS0_12table_bundleIXT0_EEEPNS4_14compute_traitsIXT0_EE4typeE' for 'sm_90'
ptxas info    : Function properties for _ZN3aut12lns_strategy18gemv_thread_kernelINS_3lns8lns12_r6ELNS_8bitwidth12compute_kindE0ELNS4_14storage_layoutE0ELi1ELNS0_12decoder_kindE8ELNS0_13multiply_kindE1EEEvNS0_12storage_viewIT_XT1_EEESB_mmNS0_12table_bundleIXT0_EEEPNS4_14compute_traitsIXT0_EE4typeE
    0 bytes stack frame, 0 bytes spill stores, 0 bytes spill loads
ptxas info    : Used 22 registers, used 1 barriers
ptxas info    : Compile time = 5.519 ms
ptxas info    : Compiling entry function '_ZN3aut12lns_strategy17dot_thread_kernelINS_3lns8lns12_r6ELNS_8bitwidth12compute_kindE0ELNS4_14storage_layoutE0ELi1ELNS0_12decoder_kindE8ELNS0_13multiply_kindE1EEEvNS0_12storage_viewIT_XT1_EEESB_mNS0_12table_bundleIXT0_EEEPNS4_14compute_traitsIXT0_EE4typeE' for 'sm_90'
ptxas info    : Function properties for _ZN3aut12lns_strategy17dot_thread_kernelINS_3lns8lns12_r6ELNS_8bitwidth12compute_kindE0ELNS4_14storage_layoutE0ELi1ELNS0_12decoder_kindE8ELNS0_13multiply_kindE1EEEvNS0_12storage_viewIT_XT1_EEESB_mNS0_12table_bundleIXT0_EEEPNS4_14compute_traitsIXT0_EE4typeE
    0 bytes stack frame, 0 bytes spill stores, 0 bytes spill loads
ptxas info    : Used 22 registers, used 1 barriers
ptxas info    : Compile time = 5.241 ms
ptxas info    : Compiling entry function '_ZN3aut12lns_strategy23gemv_cooperative_kernelINS_3lns8lns12_r6ELNS_8bitwidth12compute_kindE0ELNS0_12decoder_kindE8ELNS0_13multiply_kindE0EEEvPKjS9_mmNS0_12table_bundleIXT0_EEEPNS4_14compute_traitsIXT0_EE4typeE' for 'sm_90'
ptxas info    : Function properties for _ZN3aut12lns_strategy23gemv_cooperative_kernelINS_3lns8lns12_r6ELNS_8bitwidth12compute_kindE0ELNS0_12decoder_kindE8ELNS0_13multiply_kindE0EEEvPKjS9_mmNS0_12table_bundleIXT0_EEEPNS4_14compute_traitsIXT0_EE4typeE
    0 bytes stack frame, 0 bytes spill stores, 0 bytes spill loads
ptxas info    : Used 29 registers, used 1 barriers
ptxas info    : Compile time = 7.136 ms
ptxas info    : Compiling entry function '_ZN3aut12lns_strategy22dot_cooperative_kernelINS_3lns8lns12_r6ELNS_8bitwidth12compute_kindE0ELNS0_12decoder_kindE8ELNS0_13multiply_kindE0EEEvPKjS9_mNS0_12table_bundleIXT0_EEEPNS4_14compute_traitsIXT0_EE4typeE' for 'sm_90'
ptxas info    : Function properties for _ZN3aut12lns_strategy22dot_cooperative_kernelINS_3lns8lns12_r6ELNS_8bitwidth12compute_kindE0ELNS0_12decoder_kindE8ELNS0_13multiply_kindE0EEEvPKjS9_mNS0_12table_bundleIXT0_EEEPNS4_14compute_traitsIXT0_EE4typeE
    0 bytes stack frame, 0 bytes spill stores, 0 bytes spill loads
ptxas info    : Used 28 registers, used 1 barriers
ptxas info    : Compile time = 6.981 ms
ptxas info    : Compiling entry function '_ZN3aut12lns_strategy18gemv_thread_kernelINS_3lns8lns12_r6ELNS_8bitwidth12compute_kindE0ELNS4_14storage_layoutE1ELi8ELNS0_12decoder_kindE8ELNS0_13multiply_kindE0EEEvNS0_12storage_viewIT_XT1_EEESB_mmNS0_12table_bundleIXT0_EEEPNS4_14compute_traitsIXT0_EE4typeE' for 'sm_90'
ptxas info    : Function properties for _ZN3aut12lns_strategy18gemv_thread_kernelINS_3lns8lns12_r6ELNS_8bitwidth12compute_kindE0ELNS4_14storage_layoutE1ELi8ELNS0_12decoder_kindE8ELNS0_13multiply_kindE0EEEvNS0_12storage_viewIT_XT1_EEESB_mmNS0_12table_bundleIXT0_EEEPNS4_14compute_traitsIXT0_EE4typeE
    0 bytes stack frame, 0 bytes spill stores, 0 bytes spill loads
ptxas info    : Used 33 registers, used 1 barriers
ptxas info    : Compile time = 20.772 ms
ptxas info    : Compiling entry function '_ZN3aut12lns_strategy17dot_thread_kernelINS_3lns8lns12_r6ELNS_8bitwidth12compute_kindE0ELNS4_14storage_layoutE1ELi8ELNS0_12decoder_kindE8ELNS0_13multiply_kindE0EEEvNS0_12storage_viewIT_XT1_EEESB_mNS0_12table_bundleIXT0_EEEPNS4_14compute_traitsIXT0_EE4typeE' for 'sm_90'
ptxas info    : Function properties for _ZN3aut12lns_strategy17dot_thread_kernelINS_3lns8lns12_r6ELNS_8bitwidth12compute_kindE0ELNS4_14storage_layoutE1ELi8ELNS0_12decoder_kindE8ELNS0_13multiply_kindE0EEEvNS0_12storage_viewIT_XT1_EEESB_mNS0_12table_bundleIXT0_EEEPNS4_14compute_traitsIXT0_EE4typeE
    0 bytes stack frame, 0 bytes spill stores, 0 bytes spill loads
ptxas info    : Used 35 registers, used 1 barriers
ptxas info    : Compile time = 20.631 ms
ptxas info    : Compiling entry function '_ZN3aut12lns_strategy18gemv_thread_kernelINS_3lns8lns12_r6ELNS_8bitwidth12compute_kindE0ELNS4_14storage_layoutE1ELi4ELNS0_12decoder_kindE8ELNS0_13multiply_kindE0EEEvNS0_12storage_viewIT_XT1_EEESB_mmNS0_12table_bundleIXT0_EEEPNS4_14compute_traitsIXT0_EE4typeE' for 'sm_90'
ptxas info    : Function properties for _ZN3aut12lns_strategy18gemv_thread_kernelINS_3lns8lns12_r6ELNS_8bitwidth12compute_kindE0ELNS4_14storage_layoutE1ELi4ELNS0_12decoder_kindE8ELNS0_13multiply_kindE0EEEvNS0_12storage_viewIT_XT1_EEESB_mmNS0_12table_bundleIXT0_EEEPNS4_14compute_traitsIXT0_EE4typeE
    0 bytes stack frame, 0 bytes spill stores, 0 bytes spill loads
ptxas info    : Used 26 registers, used 1 barriers
ptxas info    : Compile time = 11.828 ms
ptxas info    : Compiling entry function '_ZN3aut12lns_strategy17dot_thread_kernelINS_3lns8lns12_r6ELNS_8bitwidth12compute_kindE0ELNS4_14storage_layoutE1ELi4ELNS0_12decoder_kindE8ELNS0_13multiply_kindE0EEEvNS0_12storage_viewIT_XT1_EEESB_mNS0_12table_bundleIXT0_EEEPNS4_14compute_traitsIXT0_EE4typeE' for 'sm_90'
ptxas info    : Function properties for _ZN3aut12lns_strategy17dot_thread_kernelINS_3lns8lns12_r6ELNS_8bitwidth12compute_kindE0ELNS4_14storage_layoutE1ELi4ELNS0_12decoder_kindE8ELNS0_13multiply_kindE0EEEvNS0_12storage_viewIT_XT1_EEESB_mNS0_12table_bundleIXT0_EEEPNS4_14compute_traitsIXT0_EE4typeE
    0 bytes stack frame, 0 bytes spill stores, 0 bytes spill loads
ptxas info    : Used 28 registers, used 1 barriers
ptxas info    : Compile time = 12.101 ms
ptxas info    : Compiling entry function '_ZN3aut12lns_strategy18gemv_thread_kernelINS_3lns8lns12_r6ELNS_8bitwidth12compute_kindE0ELNS4_14storage_layoutE1ELi2ELNS0_12decoder_kindE8ELNS0_13multiply_kindE0EEEvNS0_12storage_viewIT_XT1_EEESB_mmNS0_12table_bundleIXT0_EEEPNS4_14compute_traitsIXT0_EE4typeE' for 'sm_90'
ptxas info    : Function properties for _ZN3aut12lns_strategy18gemv_thread_kernelINS_3lns8lns12_r6ELNS_8bitwidth12compute_kindE0ELNS4_14storage_layoutE1ELi2ELNS0_12decoder_kindE8ELNS0_13multiply_kindE0EEEvNS0_12storage_viewIT_XT1_EEESB_mmNS0_12table_bundleIXT0_EEEPNS4_14compute_traitsIXT0_EE4typeE
    0 bytes stack frame, 0 bytes spill stores, 0 bytes spill loads
ptxas info    : Used 22 registers, used 1 barriers
ptxas info    : Compile time = 7.678 ms
ptxas info    : Compiling entry function '_ZN3aut12lns_strategy17dot_thread_kernelINS_3lns8lns12_r6ELNS_8bitwidth12compute_kindE0ELNS4_14storage_layoutE1ELi2ELNS0_12decoder_kindE8ELNS0_13multiply_kindE0EEEvNS0_12storage_viewIT_XT1_EEESB_mNS0_12table_bundleIXT0_EEEPNS4_14compute_traitsIXT0_EE4typeE' for 'sm_90'
ptxas info    : Function properties for _ZN3aut12lns_strategy17dot_thread_kernelINS_3lns8lns12_r6ELNS_8bitwidth12compute_kindE0ELNS4_14storage_layoutE1ELi2ELNS0_12decoder_kindE8ELNS0_13multiply_kindE0EEEvNS0_12storage_viewIT_XT1_EEESB_mNS0_12table_bundleIXT0_EEEPNS4_14compute_traitsIXT0_EE4typeE
    0 bytes stack frame, 0 bytes spill stores, 0 bytes spill loads
ptxas info    : Used 29 registers, used 1 barriers
ptxas info    : Compile time = 7.715 ms
ptxas info    : Compiling entry function '_ZN3aut12lns_strategy18gemv_thread_kernelINS_3lns8lns12_r6ELNS_8bitwidth12compute_kindE0ELNS4_14storage_layoutE0ELi8ELNS0_12decoder_kindE8ELNS0_13multiply_kindE0EEEvNS0_12storage_viewIT_XT1_EEESB_mmNS0_12table_bundleIXT0_EEEPNS4_14compute_traitsIXT0_EE4typeE' for 'sm_90'
ptxas info    : Function properties for _ZN3aut12lns_strategy18gemv_thread_kernelINS_3lns8lns12_r6ELNS_8bitwidth12compute_kindE0ELNS4_14storage_layoutE0ELi8ELNS0_12decoder_kindE8ELNS0_13multiply_kindE0EEEvNS0_12storage_viewIT_XT1_EEESB_mmNS0_12table_bundleIXT0_EEEPNS4_14compute_traitsIXT0_EE4typeE
    0 bytes stack frame, 0 bytes spill stores, 0 bytes spill loads
ptxas info    : Used 40 registers, used 1 barriers
ptxas info    : Compile time = 24.689 ms
ptxas info    : Compiling entry function '_ZN3aut12lns_strategy17dot_thread_kernelINS_3lns8lns12_r6ELNS_8bitwidth12compute_kindE0ELNS4_14storage_layoutE0ELi8ELNS0_12decoder_kindE8ELNS0_13multiply_kindE0EEEvNS0_12storage_viewIT_XT1_EEESB_mNS0_12table_bundleIXT0_EEEPNS4_14compute_traitsIXT0_EE4typeE' for 'sm_90'
ptxas info    : Function properties for _ZN3aut12lns_strategy17dot_thread_kernelINS_3lns8lns12_r6ELNS_8bitwidth12compute_kindE0ELNS4_14storage_layoutE0ELi8ELNS0_12decoder_kindE8ELNS0_13multiply_kindE0EEEvNS0_12storage_viewIT_XT1_EEESB_mNS0_12table_bundleIXT0_EEEPNS4_14compute_traitsIXT0_EE4typeE
    0 bytes stack frame, 0 bytes spill stores, 0 bytes spill loads
ptxas info    : Used 32 registers, used 1 barriers
ptxas info    : Compile time = 22.849 ms
ptxas info    : Compiling entry function '_ZN3aut12lns_strategy18gemv_thread_kernelINS_3lns8lns12_r6ELNS_8bitwidth12compute_kindE0ELNS4_14storage_layoutE0ELi4ELNS0_12decoder_kindE8ELNS0_13multiply_kindE0EEEvNS0_12storage_viewIT_XT1_EEESB_mmNS0_12table_bundleIXT0_EEEPNS4_14compute_traitsIXT0_EE4typeE' for 'sm_90'
ptxas info    : Function properties for _ZN3aut12lns_strategy18gemv_thread_kernelINS_3lns8lns12_r6ELNS_8bitwidth12compute_kindE0ELNS4_14storage_layoutE0ELi4ELNS0_12decoder_kindE8ELNS0_13multiply_kindE0EEEvNS0_12storage_viewIT_XT1_EEESB_mmNS0_12table_bundleIXT0_EEEPNS4_14compute_traitsIXT0_EE4typeE
    0 bytes stack frame, 0 bytes spill stores, 0 bytes spill loads
ptxas info    : Used 31 registers, used 1 barriers
ptxas info    : Compile time = 13.822 ms
ptxas info    : Compiling entry function '_ZN3aut12lns_strategy17dot_thread_kernelINS_3lns8lns12_r6ELNS_8bitwidth12compute_kindE0ELNS4_14storage_layoutE0ELi4ELNS0_12decoder_kindE8ELNS0_13multiply_kindE0EEEvNS0_12storage_viewIT_XT1_EEESB_mNS0_12table_bundleIXT0_EEEPNS4_14compute_traitsIXT0_EE4typeE' for 'sm_90'
ptxas info    : Function properties for _ZN3aut12lns_strategy17dot_thread_kernelINS_3lns8lns12_r6ELNS_8bitwidth12compute_kindE0ELNS4_14storage_layoutE0ELi4ELNS0_12decoder_kindE8ELNS0_13multiply_kindE0EEEvNS0_12storage_viewIT_XT1_EEESB_mNS0_12table_bundleIXT0_EEEPNS4_14compute_traitsIXT0_EE4typeE
    0 bytes stack frame, 0 bytes spill stores, 0 bytes spill loads
ptxas info    : Used 32 registers, used 1 barriers
ptxas info    : Compile time = 13.509 ms
ptxas info    : Compiling entry function '_ZN3aut12lns_strategy18gemv_thread_kernelINS_3lns8lns12_r6ELNS_8bitwidth12compute_kindE0ELNS4_14storage_layoutE0ELi2ELNS0_12decoder_kindE8ELNS0_13multiply_kindE0EEEvNS0_12storage_viewIT_XT1_EEESB_mmNS0_12table_bundleIXT0_EEEPNS4_14compute_traitsIXT0_EE4typeE' for 'sm_90'
ptxas info    : Function properties for _ZN3aut12lns_strategy18gemv_thread_kernelINS_3lns8lns12_r6ELNS_8bitwidth12compute_kindE0ELNS4_14storage_layoutE0ELi2ELNS0_12decoder_kindE8ELNS0_13multiply_kindE0EEEvNS0_12storage_viewIT_XT1_EEESB_mmNS0_12table_bundleIXT0_EEEPNS4_14compute_traitsIXT0_EE4typeE
    0 bytes stack frame, 0 bytes spill stores, 0 bytes spill loads
ptxas info    : Used 31 registers, used 1 barriers
ptxas info    : Compile time = 8.637 ms
ptxas info    : Compiling entry function '_ZN3aut12lns_strategy17dot_thread_kernelINS_3lns8lns12_r6ELNS_8bitwidth12compute_kindE0ELNS4_14storage_layoutE0ELi2ELNS0_12decoder_kindE8ELNS0_13multiply_kindE0EEEvNS0_12storage_viewIT_XT1_EEESB_mNS0_12table_bundleIXT0_EEEPNS4_14compute_traitsIXT0_EE4typeE' for 'sm_90'
ptxas info    : Function properties for _ZN3aut12lns_strategy17dot_thread_kernelINS_3lns8lns12_r6ELNS_8bitwidth12compute_kindE0ELNS4_14storage_layoutE0ELi2ELNS0_12decoder_kindE8ELNS0_13multiply_kindE0EEEvNS0_12storage_viewIT_XT1_EEESB_mNS0_12table_bundleIXT0_EEEPNS4_14compute_traitsIXT0_EE4typeE
    0 bytes stack frame, 0 bytes spill stores, 0 bytes spill loads
ptxas info    : Used 32 registers, used 1 barriers
ptxas info    : Compile time = 8.471 ms
ptxas info    : Compiling entry function '_ZN3aut12lns_strategy18gemv_thread_kernelINS_3lns8lns12_r6ELNS_8bitwidth12compute_kindE0ELNS4_14storage_layoutE1ELi1ELNS0_12decoder_kindE8ELNS0_13multiply_kindE0EEEvNS0_12storage_viewIT_XT1_EEESB_mmNS0_12table_bundleIXT0_EEEPNS4_14compute_traitsIXT0_EE4typeE' for 'sm_90'
ptxas info    : Function properties for _ZN3aut12lns_strategy18gemv_thread_kernelINS_3lns8lns12_r6ELNS_8bitwidth12compute_kindE0ELNS4_14storage_layoutE1ELi1ELNS0_12decoder_kindE8ELNS0_13multiply_kindE0EEEvNS0_12storage_viewIT_XT1_EEESB_mmNS0_12table_bundleIXT0_EEEPNS4_14compute_traitsIXT0_EE4typeE
    0 bytes stack frame, 0 bytes spill stores, 0 bytes spill loads
ptxas info    : Used 20 registers, used 1 barriers
ptxas info    : Compile time = 5.957 ms
ptxas info    : Compiling entry function '_ZN3aut12lns_strategy17dot_thread_kernelINS_3lns8lns12_r6ELNS_8bitwidth12compute_kindE0ELNS4_14storage_layoutE1ELi1ELNS0_12decoder_kindE8ELNS0_13multiply_kindE0EEEvNS0_12storage_viewIT_XT1_EEESB_mNS0_12table_bundleIXT0_EEEPNS4_14compute_traitsIXT0_EE4typeE' for 'sm_90'
ptxas info    : Function properties for _ZN3aut12lns_strategy17dot_thread_kernelINS_3lns8lns12_r6ELNS_8bitwidth12compute_kindE0ELNS4_14storage_layoutE1ELi1ELNS0_12decoder_kindE8ELNS0_13multiply_kindE0EEEvNS0_12storage_viewIT_XT1_EEESB_mNS0_12table_bundleIXT0_EEEPNS4_14compute_traitsIXT0_EE4typeE
    0 bytes stack frame, 0 bytes spill stores, 0 bytes spill loads
ptxas info    : Used 22 registers, used 1 barriers
ptxas info    : Compile time = 5.298 ms
ptxas info    : Compiling entry function '_ZN3aut12lns_strategy18gemv_thread_kernelINS_3lns8lns12_r6ELNS_8bitwidth12compute_kindE0ELNS4_14storage_layoutE0ELi1ELNS0_12decoder_kindE8ELNS0_13multiply_kindE0EEEvNS0_12storage_viewIT_XT1_EEESB_mmNS0_12table_bundleIXT0_EEEPNS4_14compute_traitsIXT0_EE4typeE' for 'sm_90'
ptxas info    : Function properties for _ZN3aut12lns_strategy18gemv_thread_kernelINS_3lns8lns12_r6ELNS_8bitwidth12compute_kindE0ELNS4_14storage_layoutE0ELi1ELNS0_12decoder_kindE8ELNS0_13multiply_kindE0EEEvNS0_12storage_viewIT_XT1_EEESB_mmNS0_12table_bundleIXT0_EEEPNS4_14compute_traitsIXT0_EE4typeE
    0 bytes stack frame, 0 bytes spill stores, 0 bytes spill loads
ptxas info    : Used 21 registers, used 1 barriers
ptxas info    : Compile time = 5.899 ms
ptxas info    : Compiling entry function '_ZN3aut12lns_strategy17dot_thread_kernelINS_3lns8lns12_r6ELNS_8bitwidth12compute_kindE0ELNS4_14storage_layoutE0ELi1ELNS0_12decoder_kindE8ELNS0_13multiply_kindE0EEEvNS0_12storage_viewIT_XT1_EEESB_mNS0_12table_bundleIXT0_EEEPNS4_14compute_traitsIXT0_EE4typeE' for 'sm_90'
ptxas info    : Function properties for _ZN3aut12lns_strategy17dot_thread_kernelINS_3lns8lns12_r6ELNS_8bitwidth12compute_kindE0ELNS4_14storage_layoutE0ELi1ELNS0_12decoder_kindE8ELNS0_13multiply_kindE0EEEvNS0_12storage_viewIT_XT1_EEESB_mNS0_12table_bundleIXT0_EEEPNS4_14compute_traitsIXT0_EE4typeE
    0 bytes stack frame, 0 bytes spill stores, 0 bytes spill loads
ptxas info    : Used 23 registers, used 1 barriers
ptxas info    : Compile time = 5.621 ms
ptxas info    : Compiling entry function '_ZN3aut12lns_strategy23gemv_cooperative_kernelINS_3lns8lns12_r6ELNS_8bitwidth12compute_kindE0ELNS0_12decoder_kindE7ELNS0_13multiply_kindE1EEEvPKjS9_mmNS0_12table_bundleIXT0_EEEPNS4_14compute_traitsIXT0_EE4typeE' for 'sm_90'
ptxas info    : Function properties for _ZN3aut12lns_strategy23gemv_cooperative_kernelINS_3lns8lns12_r6ELNS_8bitwidth12compute_kindE0ELNS0_12decoder_kindE7ELNS0_13multiply_kindE1EEEvPKjS9_mmNS0_12table_bundleIXT0_EEEPNS4_14compute_traitsIXT0_EE4typeE
    0 bytes stack frame, 0 bytes spill stores, 0 bytes spill loads
ptxas info    : Used 29 registers, used 1 barriers
ptxas info    : Compile time = 6.740 ms
ptxas info    : Compiling entry function '_ZN3aut12lns_strategy22dot_cooperative_kernelINS_3lns8lns12_r6ELNS_8bitwidth12compute_kindE0ELNS0_12decoder_kindE7ELNS0_13multiply_kindE1EEEvPKjS9_mNS0_12table_bundleIXT0_EEEPNS4_14compute_traitsIXT0_EE4typeE' for 'sm_90'
ptxas info    : Function properties for _ZN3aut12lns_strategy22dot_cooperative_kernelINS_3lns8lns12_r6ELNS_8bitwidth12compute_kindE0ELNS0_12decoder_kindE7ELNS0_13multiply_kindE1EEEvPKjS9_mNS0_12table_bundleIXT0_EEEPNS4_14compute_traitsIXT0_EE4typeE
    0 bytes stack frame, 0 bytes spill stores, 0 bytes spill loads
ptxas info    : Used 27 registers, used 1 barriers
ptxas info    : Compile time = 6.594 ms
ptxas info    : Compiling entry function '_ZN3aut12lns_strategy18gemv_thread_kernelINS_3lns8lns12_r6ELNS_8bitwidth12compute_kindE0ELNS4_14storage_layoutE1ELi8ELNS0_12decoder_kindE7ELNS0_13multiply_kindE1EEEvNS0_12storage_viewIT_XT1_EEESB_mmNS0_12table_bundleIXT0_EEEPNS4_14compute_traitsIXT0_EE4typeE' for 'sm_90'
ptxas info    : Function properties for _ZN3aut12lns_strategy18gemv_thread_kernelINS_3lns8lns12_r6ELNS_8bitwidth12compute_kindE0ELNS4_14storage_layoutE1ELi8ELNS0_12decoder_kindE7ELNS0_13multiply_kindE1EEEvNS0_12storage_viewIT_XT1_EEESB_mmNS0_12table_bundleIXT0_EEEPNS4_14compute_traitsIXT0_EE4typeE
    0 bytes stack frame, 0 bytes spill stores, 0 bytes spill loads
ptxas info    : Used 38 registers, used 1 barriers
ptxas info    : Compile time = 17.304 ms
ptxas info    : Compiling entry function '_ZN3aut12lns_strategy17dot_thread_kernelINS_3lns8lns12_r6ELNS_8bitwidth12compute_kindE0ELNS4_14storage_layoutE1ELi8ELNS0_12decoder_kindE7ELNS0_13multiply_kindE1EEEvNS0_12storage_viewIT_XT1_EEESB_mNS0_12table_bundleIXT0_EEEPNS4_14compute_traitsIXT0_EE4typeE' for 'sm_90'
ptxas info    : Function properties for _ZN3aut12lns_strategy17dot_thread_kernelINS_3lns8lns12_r6ELNS_8bitwidth12compute_kindE0ELNS4_14storage_layoutE1ELi8ELNS0_12decoder_kindE7ELNS0_13multiply_kindE1EEEvNS0_12storage_viewIT_XT1_EEESB_mNS0_12table_bundleIXT0_EEEPNS4_14compute_traitsIXT0_EE4typeE
    0 bytes stack frame, 0 bytes spill stores, 0 bytes spill loads
ptxas info    : Used 40 registers, used 1 barriers
ptxas info    : Compile time = 17.338 ms
ptxas info    : Compiling entry function '_ZN3aut12lns_strategy18gemv_thread_kernelINS_3lns8lns12_r6ELNS_8bitwidth12compute_kindE0ELNS4_14storage_layoutE1ELi4ELNS0_12decoder_kindE7ELNS0_13multiply_kindE1EEEvNS0_12storage_viewIT_XT1_EEESB_mmNS0_12table_bundleIXT0_EEEPNS4_14compute_traitsIXT0_EE4typeE' for 'sm_90'
ptxas info    : Function properties for _ZN3aut12lns_strategy18gemv_thread_kernelINS_3lns8lns12_r6ELNS_8bitwidth12compute_kindE0ELNS4_14storage_layoutE1ELi4ELNS0_12decoder_kindE7ELNS0_13multiply_kindE1EEEvNS0_12storage_viewIT_XT1_EEESB_mmNS0_12table_bundleIXT0_EEEPNS4_14compute_traitsIXT0_EE4typeE
    0 bytes stack frame, 0 bytes spill stores, 0 bytes spill loads
ptxas info    : Used 25 registers, used 1 barriers
ptxas info    : Compile time = 10.184 ms
ptxas info    : Compiling entry function '_ZN3aut12lns_strategy17dot_thread_kernelINS_3lns8lns12_r6ELNS_8bitwidth12compute_kindE0ELNS4_14storage_layoutE1ELi4ELNS0_12decoder_kindE7ELNS0_13multiply_kindE1EEEvNS0_12storage_viewIT_XT1_EEESB_mNS0_12table_bundleIXT0_EEEPNS4_14compute_traitsIXT0_EE4typeE' for 'sm_90'
ptxas info    : Function properties for _ZN3aut12lns_strategy17dot_thread_kernelINS_3lns8lns12_r6ELNS_8bitwidth12compute_kindE0ELNS4_14storage_layoutE1ELi4ELNS0_12decoder_kindE7ELNS0_13multiply_kindE1EEEvNS0_12storage_viewIT_XT1_EEESB_mNS0_12table_bundleIXT0_EEEPNS4_14compute_traitsIXT0_EE4typeE
    0 bytes stack frame, 0 bytes spill stores, 0 bytes spill loads
ptxas info    : Used 28 registers, used 1 barriers
ptxas info    : Compile time = 10.316 ms
ptxas info    : Compiling entry function '_ZN3aut12lns_strategy18gemv_thread_kernelINS_3lns8lns12_r6ELNS_8bitwidth12compute_kindE0ELNS4_14storage_layoutE1ELi2ELNS0_12decoder_kindE7ELNS0_13multiply_kindE1EEEvNS0_12storage_viewIT_XT1_EEESB_mmNS0_12table_bundleIXT0_EEEPNS4_14compute_traitsIXT0_EE4typeE' for 'sm_90'
ptxas info    : Function properties for _ZN3aut12lns_strategy18gemv_thread_kernelINS_3lns8lns12_r6ELNS_8bitwidth12compute_kindE0ELNS4_14storage_layoutE1ELi2ELNS0_12decoder_kindE7ELNS0_13multiply_kindE1EEEvNS0_12storage_viewIT_XT1_EEESB_mmNS0_12table_bundleIXT0_EEEPNS4_14compute_traitsIXT0_EE4typeE
    0 bytes stack frame, 0 bytes spill stores, 0 bytes spill loads
ptxas info    : Used 21 registers, used 1 barriers
ptxas info    : Compile time = 6.862 ms
ptxas info    : Compiling entry function '_ZN3aut12lns_strategy17dot_thread_kernelINS_3lns8lns12_r6ELNS_8bitwidth12compute_kindE0ELNS4_14storage_layoutE1ELi2ELNS0_12decoder_kindE7ELNS0_13multiply_kindE1EEEvNS0_12storage_viewIT_XT1_EEESB_mNS0_12table_bundleIXT0_EEEPNS4_14compute_traitsIXT0_EE4typeE' for 'sm_90'
ptxas info    : Function properties for _ZN3aut12lns_strategy17dot_thread_kernelINS_3lns8lns12_r6ELNS_8bitwidth12compute_kindE0ELNS4_14storage_layoutE1ELi2ELNS0_12decoder_kindE7ELNS0_13multiply_kindE1EEEvNS0_12storage_viewIT_XT1_EEESB_mNS0_12table_bundleIXT0_EEEPNS4_14compute_traitsIXT0_EE4typeE
    0 bytes stack frame, 0 bytes spill stores, 0 bytes spill loads
ptxas info    : Used 27 registers, used 1 barriers
ptxas info    : Compile time = 6.923 ms
ptxas info    : Compiling entry function '_ZN3aut12lns_strategy18gemv_thread_kernelINS_3lns8lns12_r6ELNS_8bitwidth12compute_kindE0ELNS4_14storage_layoutE0ELi8ELNS0_12decoder_kindE7ELNS0_13multiply_kindE1EEEvNS0_12storage_viewIT_XT1_EEESB_mmNS0_12table_bundleIXT0_EEEPNS4_14compute_traitsIXT0_EE4typeE' for 'sm_90'
ptxas info    : Function properties for _ZN3aut12lns_strategy18gemv_thread_kernelINS_3lns8lns12_r6ELNS_8bitwidth12compute_kindE0ELNS4_14storage_layoutE0ELi8ELNS0_12decoder_kindE7ELNS0_13multiply_kindE1EEEvNS0_12storage_viewIT_XT1_EEESB_mmNS0_12table_bundleIXT0_EEEPNS4_14compute_traitsIXT0_EE4typeE
    0 bytes stack frame, 0 bytes spill stores, 0 bytes spill loads
ptxas info    : Used 39 registers, used 1 barriers
ptxas info    : Compile time = 20.865 ms
ptxas info    : Compiling entry function '_ZN3aut12lns_strategy17dot_thread_kernelINS_3lns8lns12_r6ELNS_8bitwidth12compute_kindE0ELNS4_14storage_layoutE0ELi8ELNS0_12decoder_kindE7ELNS0_13multiply_kindE1EEEvNS0_12storage_viewIT_XT1_EEESB_mNS0_12table_bundleIXT0_EEEPNS4_14compute_traitsIXT0_EE4typeE' for 'sm_90'
ptxas info    : Function properties for _ZN3aut12lns_strategy17dot_thread_kernelINS_3lns8lns12_r6ELNS_8bitwidth12compute_kindE0ELNS4_14storage_layoutE0ELi8ELNS0_12decoder_kindE7ELNS0_13multiply_kindE1EEEvNS0_12storage_viewIT_XT1_EEESB_mNS0_12table_bundleIXT0_EEEPNS4_14compute_traitsIXT0_EE4typeE
    0 bytes stack frame, 0 bytes spill stores, 0 bytes spill loads
ptxas info    : Used 35 registers, used 1 barriers
ptxas info    : Compile time = 19.226 ms
ptxas info    : Compiling entry function '_ZN3aut12lns_strategy18gemv_thread_kernelINS_3lns8lns12_r6ELNS_8bitwidth12compute_kindE0ELNS4_14storage_layoutE0ELi4ELNS0_12decoder_kindE7ELNS0_13multiply_kindE1EEEvNS0_12storage_viewIT_XT1_EEESB_mmNS0_12table_bundleIXT0_EEEPNS4_14compute_traitsIXT0_EE4typeE' for 'sm_90'
ptxas info    : Function properties for _ZN3aut12lns_strategy18gemv_thread_kernelINS_3lns8lns12_r6ELNS_8bitwidth12compute_kindE0ELNS4_14storage_layoutE0ELi4ELNS0_12decoder_kindE7ELNS0_13multiply_kindE1EEEvNS0_12storage_viewIT_XT1_EEESB_mmNS0_12table_bundleIXT0_EEEPNS4_14compute_traitsIXT0_EE4typeE
    0 bytes stack frame, 0 bytes spill stores, 0 bytes spill loads
ptxas info    : Used 32 registers, used 1 barriers
ptxas info    : Compile time = 12.402 ms
ptxas info    : Compiling entry function '_ZN3aut12lns_strategy17dot_thread_kernelINS_3lns8lns12_r6ELNS_8bitwidth12compute_kindE0ELNS4_14storage_layoutE0ELi4ELNS0_12decoder_kindE7ELNS0_13multiply_kindE1EEEvNS0_12storage_viewIT_XT1_EEESB_mNS0_12table_bundleIXT0_EEEPNS4_14compute_traitsIXT0_EE4typeE' for 'sm_90'
ptxas info    : Function properties for _ZN3aut12lns_strategy17dot_thread_kernelINS_3lns8lns12_r6ELNS_8bitwidth12compute_kindE0ELNS4_14storage_layoutE0ELi4ELNS0_12decoder_kindE7ELNS0_13multiply_kindE1EEEvNS0_12storage_viewIT_XT1_EEESB_mNS0_12table_bundleIXT0_EEEPNS4_14compute_traitsIXT0_EE4typeE
    0 bytes stack frame, 0 bytes spill stores, 0 bytes spill loads
ptxas info    : Used 32 registers, used 1 barriers
ptxas info    : Compile time = 12.086 ms
ptxas info    : Compiling entry function '_ZN3aut12lns_strategy18gemv_thread_kernelINS_3lns8lns12_r6ELNS_8bitwidth12compute_kindE0ELNS4_14storage_layoutE0ELi2ELNS0_12decoder_kindE7ELNS0_13multiply_kindE1EEEvNS0_12storage_viewIT_XT1_EEESB_mmNS0_12table_bundleIXT0_EEEPNS4_14compute_traitsIXT0_EE4typeE' for 'sm_90'
ptxas info    : Function properties for _ZN3aut12lns_strategy18gemv_thread_kernelINS_3lns8lns12_r6ELNS_8bitwidth12compute_kindE0ELNS4_14storage_layoutE0ELi2ELNS0_12decoder_kindE7ELNS0_13multiply_kindE1EEEvNS0_12storage_viewIT_XT1_EEESB_mmNS0_12table_bundleIXT0_EEEPNS4_14compute_traitsIXT0_EE4typeE
    0 bytes stack frame, 0 bytes spill stores, 0 bytes spill loads
ptxas info    : Used 31 registers, used 1 barriers
ptxas info    : Compile time = 7.905 ms
ptxas info    : Compiling entry function '_ZN3aut12lns_strategy17dot_thread_kernelINS_3lns8lns12_r6ELNS_8bitwidth12compute_kindE0ELNS4_14storage_layoutE0ELi2ELNS0_12decoder_kindE7ELNS0_13multiply_kindE1EEEvNS0_12storage_viewIT_XT1_EEESB_mNS0_12table_bundleIXT0_EEEPNS4_14compute_traitsIXT0_EE4typeE' for 'sm_90'
ptxas info    : Function properties for _ZN3aut12lns_strategy17dot_thread_kernelINS_3lns8lns12_r6ELNS_8bitwidth12compute_kindE0ELNS4_14storage_layoutE0ELi2ELNS0_12decoder_kindE7ELNS0_13multiply_kindE1EEEvNS0_12storage_viewIT_XT1_EEESB_mNS0_12table_bundleIXT0_EEEPNS4_14compute_traitsIXT0_EE4typeE
    0 bytes stack frame, 0 bytes spill stores, 0 bytes spill loads
ptxas info    : Used 32 registers, used 1 barriers
ptxas info    : Compile time = 7.789 ms
ptxas info    : Compiling entry function '_ZN3aut12lns_strategy18gemv_thread_kernelINS_3lns8lns12_r6ELNS_8bitwidth12compute_kindE0ELNS4_14storage_layoutE1ELi1ELNS0_12decoder_kindE7ELNS0_13multiply_kindE1EEEvNS0_12storage_viewIT_XT1_EEESB_mmNS0_12table_bundleIXT0_EEEPNS4_14compute_traitsIXT0_EE4typeE' for 'sm_90'
ptxas info    : Function properties for _ZN3aut12lns_strategy18gemv_thread_kernelINS_3lns8lns12_r6ELNS_8bitwidth12compute_kindE0ELNS4_14storage_layoutE1ELi1ELNS0_12decoder_kindE7ELNS0_13multiply_kindE1EEEvNS0_12storage_viewIT_XT1_EEESB_mmNS0_12table_bundleIXT0_EEEPNS4_14compute_traitsIXT0_EE4typeE
    0 bytes stack frame, 0 bytes spill stores, 0 bytes spill loads
ptxas info    : Used 19 registers, used 1 barriers
ptxas info    : Compile time = 5.014 ms
ptxas info    : Compiling entry function '_ZN3aut12lns_strategy17dot_thread_kernelINS_3lns8lns12_r6ELNS_8bitwidth12compute_kindE0ELNS4_14storage_layoutE1ELi1ELNS0_12decoder_kindE7ELNS0_13multiply_kindE1EEEvNS0_12storage_viewIT_XT1_EEESB_mNS0_12table_bundleIXT0_EEEPNS4_14compute_traitsIXT0_EE4typeE' for 'sm_90'
ptxas info    : Function properties for _ZN3aut12lns_strategy17dot_thread_kernelINS_3lns8lns12_r6ELNS_8bitwidth12compute_kindE0ELNS4_14storage_layoutE1ELi1ELNS0_12decoder_kindE7ELNS0_13multiply_kindE1EEEvNS0_12storage_viewIT_XT1_EEESB_mNS0_12table_bundleIXT0_EEEPNS4_14compute_traitsIXT0_EE4typeE
    0 bytes stack frame, 0 bytes spill stores, 0 bytes spill loads
ptxas info    : Used 21 registers, used 1 barriers
ptxas info    : Compile time = 4.882 ms
ptxas info    : Compiling entry function '_ZN3aut12lns_strategy18gemv_thread_kernelINS_3lns8lns12_r6ELNS_8bitwidth12compute_kindE0ELNS4_14storage_layoutE0ELi1ELNS0_12decoder_kindE7ELNS0_13multiply_kindE1EEEvNS0_12storage_viewIT_XT1_EEESB_mmNS0_12table_bundleIXT0_EEEPNS4_14compute_traitsIXT0_EE4typeE' for 'sm_90'
ptxas info    : Function properties for _ZN3aut12lns_strategy18gemv_thread_kernelINS_3lns8lns12_r6ELNS_8bitwidth12compute_kindE0ELNS4_14storage_layoutE0ELi1ELNS0_12decoder_kindE7ELNS0_13multiply_kindE1EEEvNS0_12storage_viewIT_XT1_EEESB_mmNS0_12table_bundleIXT0_EEEPNS4_14compute_traitsIXT0_EE4typeE
    0 bytes stack frame, 0 bytes spill stores, 0 bytes spill loads
ptxas info    : Used 22 registers, used 1 barriers
ptxas info    : Compile time = 5.520 ms
ptxas info    : Compiling entry function '_ZN3aut12lns_strategy17dot_thread_kernelINS_3lns8lns12_r6ELNS_8bitwidth12compute_kindE0ELNS4_14storage_layoutE0ELi1ELNS0_12decoder_kindE7ELNS0_13multiply_kindE1EEEvNS0_12storage_viewIT_XT1_EEESB_mNS0_12table_bundleIXT0_EEEPNS4_14compute_traitsIXT0_EE4typeE' for 'sm_90'
ptxas info    : Function properties for _ZN3aut12lns_strategy17dot_thread_kernelINS_3lns8lns12_r6ELNS_8bitwidth12compute_kindE0ELNS4_14storage_layoutE0ELi1ELNS0_12decoder_kindE7ELNS0_13multiply_kindE1EEEvNS0_12storage_viewIT_XT1_EEESB_mNS0_12table_bundleIXT0_EEEPNS4_14compute_traitsIXT0_EE4typeE
    0 bytes stack frame, 0 bytes spill stores, 0 bytes spill loads
ptxas info    : Used 22 registers, used 1 barriers
ptxas info    : Compile time = 5.239 ms
ptxas info    : Compiling entry function '_ZN3aut12lns_strategy23gemv_cooperative_kernelINS_3lns8lns12_r6ELNS_8bitwidth12compute_kindE0ELNS0_12decoder_kindE7ELNS0_13multiply_kindE0EEEvPKjS9_mmNS0_12table_bundleIXT0_EEEPNS4_14compute_traitsIXT0_EE4typeE' for 'sm_90'
ptxas info    : Function properties for _ZN3aut12lns_strategy23gemv_cooperative_kernelINS_3lns8lns12_r6ELNS_8bitwidth12compute_kindE0ELNS0_12decoder_kindE7ELNS0_13multiply_kindE0EEEvPKjS9_mmNS0_12table_bundleIXT0_EEEPNS4_14compute_traitsIXT0_EE4typeE
    0 bytes stack frame, 0 bytes spill stores, 0 bytes spill loads
ptxas info    : Used 29 registers, used 1 barriers
ptxas info    : Compile time = 7.139 ms
ptxas info    : Compiling entry function '_ZN3aut12lns_strategy22dot_cooperative_kernelINS_3lns8lns12_r6ELNS_8bitwidth12compute_kindE0ELNS0_12decoder_kindE7ELNS0_13multiply_kindE0EEEvPKjS9_mNS0_12table_bundleIXT0_EEEPNS4_14compute_traitsIXT0_EE4typeE' for 'sm_90'
ptxas info    : Function properties for _ZN3aut12lns_strategy22dot_cooperative_kernelINS_3lns8lns12_r6ELNS_8bitwidth12compute_kindE0ELNS0_12decoder_kindE7ELNS0_13multiply_kindE0EEEvPKjS9_mNS0_12table_bundleIXT0_EEEPNS4_14compute_traitsIXT0_EE4typeE
    0 bytes stack frame, 0 bytes spill stores, 0 bytes spill loads
ptxas info    : Used 28 registers, used 1 barriers
ptxas info    : Compile time = 6.964 ms
ptxas info    : Compiling entry function '_ZN3aut12lns_strategy18gemv_thread_kernelINS_3lns8lns12_r6ELNS_8bitwidth12compute_kindE0ELNS4_14storage_layoutE1ELi8ELNS0_12decoder_kindE7ELNS0_13multiply_kindE0EEEvNS0_12storage_viewIT_XT1_EEESB_mmNS0_12table_bundleIXT0_EEEPNS4_14compute_traitsIXT0_EE4typeE' for 'sm_90'
ptxas info    : Function properties for _ZN3aut12lns_strategy18gemv_thread_kernelINS_3lns8lns12_r6ELNS_8bitwidth12compute_kindE0ELNS4_14storage_layoutE1ELi8ELNS0_12decoder_kindE7ELNS0_13multiply_kindE0EEEvNS0_12storage_viewIT_XT1_EEESB_mmNS0_12table_bundleIXT0_EEEPNS4_14compute_traitsIXT0_EE4typeE
    0 bytes stack frame, 0 bytes spill stores, 0 bytes spill loads
ptxas info    : Used 33 registers, used 1 barriers
ptxas info    : Compile time = 20.628 ms
ptxas info    : Compiling entry function '_ZN3aut12lns_strategy17dot_thread_kernelINS_3lns8lns12_r6ELNS_8bitwidth12compute_kindE0ELNS4_14storage_layoutE1ELi8ELNS0_12decoder_kindE7ELNS0_13multiply_kindE0EEEvNS0_12storage_viewIT_XT1_EEESB_mNS0_12table_bundleIXT0_EEEPNS4_14compute_traitsIXT0_EE4typeE' for 'sm_90'
ptxas info    : Function properties for _ZN3aut12lns_strategy17dot_thread_kernelINS_3lns8lns12_r6ELNS_8bitwidth12compute_kindE0ELNS4_14storage_layoutE1ELi8ELNS0_12decoder_kindE7ELNS0_13multiply_kindE0EEEvNS0_12storage_viewIT_XT1_EEESB_mNS0_12table_bundleIXT0_EEEPNS4_14compute_traitsIXT0_EE4typeE
    0 bytes stack frame, 0 bytes spill stores, 0 bytes spill loads
ptxas info    : Used 35 registers, used 1 barriers
ptxas info    : Compile time = 20.987 ms
ptxas info    : Compiling entry function '_ZN3aut12lns_strategy18gemv_thread_kernelINS_3lns8lns12_r6ELNS_8bitwidth12compute_kindE0ELNS4_14storage_layoutE1ELi4ELNS0_12decoder_kindE7ELNS0_13multiply_kindE0EEEvNS0_12storage_viewIT_XT1_EEESB_mmNS0_12table_bundleIXT0_EEEPNS4_14compute_traitsIXT0_EE4typeE' for 'sm_90'
ptxas info    : Function properties for _ZN3aut12lns_strategy18gemv_thread_kernelINS_3lns8lns12_r6ELNS_8bitwidth12compute_kindE0ELNS4_14storage_layoutE1ELi4ELNS0_12decoder_kindE7ELNS0_13multiply_kindE0EEEvNS0_12storage_viewIT_XT1_EEESB_mmNS0_12table_bundleIXT0_EEEPNS4_14compute_traitsIXT0_EE4typeE
    0 bytes stack frame, 0 bytes spill stores, 0 bytes spill loads
ptxas info    : Used 26 registers, used 1 barriers
ptxas info    : Compile time = 11.866 ms
ptxas info    : Compiling entry function '_ZN3aut12lns_strategy17dot_thread_kernelINS_3lns8lns12_r6ELNS_8bitwidth12compute_kindE0ELNS4_14storage_layoutE1ELi4ELNS0_12decoder_kindE7ELNS0_13multiply_kindE0EEEvNS0_12storage_viewIT_XT1_EEESB_mNS0_12table_bundleIXT0_EEEPNS4_14compute_traitsIXT0_EE4typeE' for 'sm_90'
ptxas info    : Function properties for _ZN3aut12lns_strategy17dot_thread_kernelINS_3lns8lns12_r6ELNS_8bitwidth12compute_kindE0ELNS4_14storage_layoutE1ELi4ELNS0_12decoder_kindE7ELNS0_13multiply_kindE0EEEvNS0_12storage_viewIT_XT1_EEESB_mNS0_12table_bundleIXT0_EEEPNS4_14compute_traitsIXT0_EE4typeE
    0 bytes stack frame, 0 bytes spill stores, 0 bytes spill loads
ptxas info    : Used 28 registers, used 1 barriers
ptxas info    : Compile time = 12.121 ms
ptxas info    : Compiling entry function '_ZN3aut12lns_strategy18gemv_thread_kernelINS_3lns8lns12_r6ELNS_8bitwidth12compute_kindE0ELNS4_14storage_layoutE1ELi2ELNS0_12decoder_kindE7ELNS0_13multiply_kindE0EEEvNS0_12storage_viewIT_XT1_EEESB_mmNS0_12table_bundleIXT0_EEEPNS4_14compute_traitsIXT0_EE4typeE' for 'sm_90'
ptxas info    : Function properties for _ZN3aut12lns_strategy18gemv_thread_kernelINS_3lns8lns12_r6ELNS_8bitwidth12compute_kindE0ELNS4_14storage_layoutE1ELi2ELNS0_12decoder_kindE7ELNS0_13multiply_kindE0EEEvNS0_12storage_viewIT_XT1_EEESB_mmNS0_12table_bundleIXT0_EEEPNS4_14compute_traitsIXT0_EE4typeE
    0 bytes stack frame, 0 bytes spill stores, 0 bytes spill loads
ptxas info    : Used 22 registers, used 1 barriers
ptxas info    : Compile time = 7.670 ms
ptxas info    : Compiling entry function '_ZN3aut12lns_strategy17dot_thread_kernelINS_3lns8lns12_r6ELNS_8bitwidth12compute_kindE0ELNS4_14storage_layoutE1ELi2ELNS0_12decoder_kindE7ELNS0_13multiply_kindE0EEEvNS0_12storage_viewIT_XT1_EEESB_mNS0_12table_bundleIXT0_EEEPNS4_14compute_traitsIXT0_EE4typeE' for 'sm_90'
ptxas info    : Function properties for _ZN3aut12lns_strategy17dot_thread_kernelINS_3lns8lns12_r6ELNS_8bitwidth12compute_kindE0ELNS4_14storage_layoutE1ELi2ELNS0_12decoder_kindE7ELNS0_13multiply_kindE0EEEvNS0_12storage_viewIT_XT1_EEESB_mNS0_12table_bundleIXT0_EEEPNS4_14compute_traitsIXT0_EE4typeE
    0 bytes stack frame, 0 bytes spill stores, 0 bytes spill loads
ptxas info    : Used 29 registers, used 1 barriers
ptxas info    : Compile time = 7.736 ms
ptxas info    : Compiling entry function '_ZN3aut12lns_strategy18gemv_thread_kernelINS_3lns8lns12_r6ELNS_8bitwidth12compute_kindE0ELNS4_14storage_layoutE0ELi8ELNS0_12decoder_kindE7ELNS0_13multiply_kindE0EEEvNS0_12storage_viewIT_XT1_EEESB_mmNS0_12table_bundleIXT0_EEEPNS4_14compute_traitsIXT0_EE4typeE' for 'sm_90'
ptxas info    : Function properties for _ZN3aut12lns_strategy18gemv_thread_kernelINS_3lns8lns12_r6ELNS_8bitwidth12compute_kindE0ELNS4_14storage_layoutE0ELi8ELNS0_12decoder_kindE7ELNS0_13multiply_kindE0EEEvNS0_12storage_viewIT_XT1_EEESB_mmNS0_12table_bundleIXT0_EEEPNS4_14compute_traitsIXT0_EE4typeE
    0 bytes stack frame, 0 bytes spill stores, 0 bytes spill loads
ptxas info    : Used 40 registers, used 1 barriers
ptxas info    : Compile time = 24.513 ms
ptxas info    : Compiling entry function '_ZN3aut12lns_strategy17dot_thread_kernelINS_3lns8lns12_r6ELNS_8bitwidth12compute_kindE0ELNS4_14storage_layoutE0ELi8ELNS0_12decoder_kindE7ELNS0_13multiply_kindE0EEEvNS0_12storage_viewIT_XT1_EEESB_mNS0_12table_bundleIXT0_EEEPNS4_14compute_traitsIXT0_EE4typeE' for 'sm_90'
ptxas info    : Function properties for _ZN3aut12lns_strategy17dot_thread_kernelINS_3lns8lns12_r6ELNS_8bitwidth12compute_kindE0ELNS4_14storage_layoutE0ELi8ELNS0_12decoder_kindE7ELNS0_13multiply_kindE0EEEvNS0_12storage_viewIT_XT1_EEESB_mNS0_12table_bundleIXT0_EEEPNS4_14compute_traitsIXT0_EE4typeE
    0 bytes stack frame, 0 bytes spill stores, 0 bytes spill loads
ptxas info    : Used 32 registers, used 1 barriers
ptxas info    : Compile time = 22.739 ms
ptxas info    : Compiling entry function '_ZN3aut12lns_strategy18gemv_thread_kernelINS_3lns8lns12_r6ELNS_8bitwidth12compute_kindE0ELNS4_14storage_layoutE0ELi4ELNS0_12decoder_kindE7ELNS0_13multiply_kindE0EEEvNS0_12storage_viewIT_XT1_EEESB_mmNS0_12table_bundleIXT0_EEEPNS4_14compute_traitsIXT0_EE4typeE' for 'sm_90'
ptxas info    : Function properties for _ZN3aut12lns_strategy18gemv_thread_kernelINS_3lns8lns12_r6ELNS_8bitwidth12compute_kindE0ELNS4_14storage_layoutE0ELi4ELNS0_12decoder_kindE7ELNS0_13multiply_kindE0EEEvNS0_12storage_viewIT_XT1_EEESB_mmNS0_12table_bundleIXT0_EEEPNS4_14compute_traitsIXT0_EE4typeE
    0 bytes stack frame, 0 bytes spill stores, 0 bytes spill loads
ptxas info    : Used 31 registers, used 1 barriers
ptxas info    : Compile time = 13.977 ms
ptxas info    : Compiling entry function '_ZN3aut12lns_strategy17dot_thread_kernelINS_3lns8lns12_r6ELNS_8bitwidth12compute_kindE0ELNS4_14storage_layoutE0ELi4ELNS0_12decoder_kindE7ELNS0_13multiply_kindE0EEEvNS0_12storage_viewIT_XT1_EEESB_mNS0_12table_bundleIXT0_EEEPNS4_14compute_traitsIXT0_EE4typeE' for 'sm_90'
ptxas info    : Function properties for _ZN3aut12lns_strategy17dot_thread_kernelINS_3lns8lns12_r6ELNS_8bitwidth12compute_kindE0ELNS4_14storage_layoutE0ELi4ELNS0_12decoder_kindE7ELNS0_13multiply_kindE0EEEvNS0_12storage_viewIT_XT1_EEESB_mNS0_12table_bundleIXT0_EEEPNS4_14compute_traitsIXT0_EE4typeE
    0 bytes stack frame, 0 bytes spill stores, 0 bytes spill loads
ptxas info    : Used 32 registers, used 1 barriers
ptxas info    : Compile time = 13.666 ms
ptxas info    : Compiling entry function '_ZN3aut12lns_strategy18gemv_thread_kernelINS_3lns8lns12_r6ELNS_8bitwidth12compute_kindE0ELNS4_14storage_layoutE0ELi2ELNS0_12decoder_kindE7ELNS0_13multiply_kindE0EEEvNS0_12storage_viewIT_XT1_EEESB_mmNS0_12table_bundleIXT0_EEEPNS4_14compute_traitsIXT0_EE4typeE' for 'sm_90'
ptxas info    : Function properties for _ZN3aut12lns_strategy18gemv_thread_kernelINS_3lns8lns12_r6ELNS_8bitwidth12compute_kindE0ELNS4_14storage_layoutE0ELi2ELNS0_12decoder_kindE7ELNS0_13multiply_kindE0EEEvNS0_12storage_viewIT_XT1_EEESB_mmNS0_12table_bundleIXT0_EEEPNS4_14compute_traitsIXT0_EE4typeE
    0 bytes stack frame, 0 bytes spill stores, 0 bytes spill loads
ptxas info    : Used 31 registers, used 1 barriers
ptxas info    : Compile time = 8.620 ms
ptxas info    : Compiling entry function '_ZN3aut12lns_strategy17dot_thread_kernelINS_3lns8lns12_r6ELNS_8bitwidth12compute_kindE0ELNS4_14storage_layoutE0ELi2ELNS0_12decoder_kindE7ELNS0_13multiply_kindE0EEEvNS0_12storage_viewIT_XT1_EEESB_mNS0_12table_bundleIXT0_EEEPNS4_14compute_traitsIXT0_EE4typeE' for 'sm_90'
ptxas info    : Function properties for _ZN3aut12lns_strategy17dot_thread_kernelINS_3lns8lns12_r6ELNS_8bitwidth12compute_kindE0ELNS4_14storage_layoutE0ELi2ELNS0_12decoder_kindE7ELNS0_13multiply_kindE0EEEvNS0_12storage_viewIT_XT1_EEESB_mNS0_12table_bundleIXT0_EEEPNS4_14compute_traitsIXT0_EE4typeE
    0 bytes stack frame, 0 bytes spill stores, 0 bytes spill loads
ptxas info    : Used 32 registers, used 1 barriers
ptxas info    : Compile time = 8.463 ms
ptxas info    : Compiling entry function '_ZN3aut12lns_strategy18gemv_thread_kernelINS_3lns8lns12_r6ELNS_8bitwidth12compute_kindE0ELNS4_14storage_layoutE1ELi1ELNS0_12decoder_kindE7ELNS0_13multiply_kindE0EEEvNS0_12storage_viewIT_XT1_EEESB_mmNS0_12table_bundleIXT0_EEEPNS4_14compute_traitsIXT0_EE4typeE' for 'sm_90'
ptxas info    : Function properties for _ZN3aut12lns_strategy18gemv_thread_kernelINS_3lns8lns12_r6ELNS_8bitwidth12compute_kindE0ELNS4_14storage_layoutE1ELi1ELNS0_12decoder_kindE7ELNS0_13multiply_kindE0EEEvNS0_12storage_viewIT_XT1_EEESB_mmNS0_12table_bundleIXT0_EEEPNS4_14compute_traitsIXT0_EE4typeE
    0 bytes stack frame, 0 bytes spill stores, 0 bytes spill loads
ptxas info    : Used 20 registers, used 1 barriers
ptxas info    : Compile time = 5.421 ms
ptxas info    : Compiling entry function '_ZN3aut12lns_strategy17dot_thread_kernelINS_3lns8lns12_r6ELNS_8bitwidth12compute_kindE0ELNS4_14storage_layoutE1ELi1ELNS0_12decoder_kindE7ELNS0_13multiply_kindE0EEEvNS0_12storage_viewIT_XT1_EEESB_mNS0_12table_bundleIXT0_EEEPNS4_14compute_traitsIXT0_EE4typeE' for 'sm_90'
ptxas info    : Function properties for _ZN3aut12lns_strategy17dot_thread_kernelINS_3lns8lns12_r6ELNS_8bitwidth12compute_kindE0ELNS4_14storage_layoutE1ELi1ELNS0_12decoder_kindE7ELNS0_13multiply_kindE0EEEvNS0_12storage_viewIT_XT1_EEESB_mNS0_12table_bundleIXT0_EEEPNS4_14compute_traitsIXT0_EE4typeE
    0 bytes stack frame, 0 bytes spill stores, 0 bytes spill loads
ptxas info    : Used 22 registers, used 1 barriers
ptxas info    : Compile time = 5.256 ms
ptxas info    : Compiling entry function '_ZN3aut12lns_strategy18gemv_thread_kernelINS_3lns8lns12_r6ELNS_8bitwidth12compute_kindE0ELNS4_14storage_layoutE0ELi1ELNS0_12decoder_kindE7ELNS0_13multiply_kindE0EEEvNS0_12storage_viewIT_XT1_EEESB_mmNS0_12table_bundleIXT0_EEEPNS4_14compute_traitsIXT0_EE4typeE' for 'sm_90'
ptxas info    : Function properties for _ZN3aut12lns_strategy18gemv_thread_kernelINS_3lns8lns12_r6ELNS_8bitwidth12compute_kindE0ELNS4_14storage_layoutE0ELi1ELNS0_12decoder_kindE7ELNS0_13multiply_kindE0EEEvNS0_12storage_viewIT_XT1_EEESB_mmNS0_12table_bundleIXT0_EEEPNS4_14compute_traitsIXT0_EE4typeE
    0 bytes stack frame, 0 bytes spill stores, 0 bytes spill loads
ptxas info    : Used 21 registers, used 1 barriers
ptxas info    : Compile time = 5.879 ms
ptxas info    : Compiling entry function '_ZN3aut12lns_strategy17dot_thread_kernelINS_3lns8lns12_r6ELNS_8bitwidth12compute_kindE0ELNS4_14storage_layoutE0ELi1ELNS0_12decoder_kindE7ELNS0_13multiply_kindE0EEEvNS0_12storage_viewIT_XT1_EEESB_mNS0_12table_bundleIXT0_EEEPNS4_14compute_traitsIXT0_EE4typeE' for 'sm_90'
ptxas info    : Function properties for _ZN3aut12lns_strategy17dot_thread_kernelINS_3lns8lns12_r6ELNS_8bitwidth12compute_kindE0ELNS4_14storage_layoutE0ELi1ELNS0_12decoder_kindE7ELNS0_13multiply_kindE0EEEvNS0_12storage_viewIT_XT1_EEESB_mNS0_12table_bundleIXT0_EEEPNS4_14compute_traitsIXT0_EE4typeE
    0 bytes stack frame, 0 bytes spill stores, 0 bytes spill loads
ptxas info    : Used 23 registers, used 1 barriers
ptxas info    : Compile time = 5.621 ms
ptxas info    : Compiling entry function '_ZN3aut12lns_strategy23gemv_cooperative_kernelINS_3lns8lns12_r6ELNS_8bitwidth12compute_kindE0ELNS0_12decoder_kindE5ELNS0_13multiply_kindE1EEEvPKjS9_mmNS0_12table_bundleIXT0_EEEPNS4_14compute_traitsIXT0_EE4typeE' for 'sm_90'
ptxas info    : Function properties for _ZN3aut12lns_strategy23gemv_cooperative_kernelINS_3lns8lns12_r6ELNS_8bitwidth12compute_kindE0ELNS0_12decoder_kindE5ELNS0_13multiply_kindE1EEEvPKjS9_mmNS0_12table_bundleIXT0_EEEPNS4_14compute_traitsIXT0_EE4typeE
    0 bytes stack frame, 0 bytes spill stores, 0 bytes spill loads
ptxas info    : Used 29 registers, used 1 barriers
ptxas info    : Compile time = 7.223 ms
ptxas info    : Compiling entry function '_ZN3aut12lns_strategy22dot_cooperative_kernelINS_3lns8lns12_r6ELNS_8bitwidth12compute_kindE0ELNS0_12decoder_kindE5ELNS0_13multiply_kindE1EEEvPKjS9_mNS0_12table_bundleIXT0_EEEPNS4_14compute_traitsIXT0_EE4typeE' for 'sm_90'
ptxas info    : Function properties for _ZN3aut12lns_strategy22dot_cooperative_kernelINS_3lns8lns12_r6ELNS_8bitwidth12compute_kindE0ELNS0_12decoder_kindE5ELNS0_13multiply_kindE1EEEvPKjS9_mNS0_12table_bundleIXT0_EEEPNS4_14compute_traitsIXT0_EE4typeE
    0 bytes stack frame, 0 bytes spill stores, 0 bytes spill loads
ptxas info    : Used 27 registers, used 1 barriers
ptxas info    : Compile time = 7.079 ms
ptxas info    : Compiling entry function '_ZN3aut12lns_strategy18gemv_thread_kernelINS_3lns8lns12_r6ELNS_8bitwidth12compute_kindE0ELNS4_14storage_layoutE1ELi8ELNS0_12decoder_kindE5ELNS0_13multiply_kindE1EEEvNS0_12storage_viewIT_XT1_EEESB_mmNS0_12table_bundleIXT0_EEEPNS4_14compute_traitsIXT0_EE4typeE' for 'sm_90'
ptxas info    : Function properties for _ZN3aut12lns_strategy18gemv_thread_kernelINS_3lns8lns12_r6ELNS_8bitwidth12compute_kindE0ELNS4_14storage_layoutE1ELi8ELNS0_12decoder_kindE5ELNS0_13multiply_kindE1EEEvNS0_12storage_viewIT_XT1_EEESB_mmNS0_12table_bundleIXT0_EEEPNS4_14compute_traitsIXT0_EE4typeE
    0 bytes stack frame, 0 bytes spill stores, 0 bytes spill loads
ptxas info    : Used 34 registers, used 1 barriers
ptxas info    : Compile time = 17.056 ms
ptxas info    : Compiling entry function '_ZN3aut12lns_strategy17dot_thread_kernelINS_3lns8lns12_r6ELNS_8bitwidth12compute_kindE0ELNS4_14storage_layoutE1ELi8ELNS0_12decoder_kindE5ELNS0_13multiply_kindE1EEEvNS0_12storage_viewIT_XT1_EEESB_mNS0_12table_bundleIXT0_EEEPNS4_14compute_traitsIXT0_EE4typeE' for 'sm_90'
ptxas info    : Function properties for _ZN3aut12lns_strategy17dot_thread_kernelINS_3lns8lns12_r6ELNS_8bitwidth12compute_kindE0ELNS4_14storage_layoutE1ELi8ELNS0_12decoder_kindE5ELNS0_13multiply_kindE1EEEvNS0_12storage_viewIT_XT1_EEESB_mNS0_12table_bundleIXT0_EEEPNS4_14compute_traitsIXT0_EE4typeE
    0 bytes stack frame, 0 bytes spill stores, 0 bytes spill loads
ptxas info    : Used 38 registers, used 1 barriers
ptxas info    : Compile time = 17.306 ms
ptxas info    : Compiling entry function '_ZN3aut12lns_strategy18gemv_thread_kernelINS_3lns8lns12_r6ELNS_8bitwidth12compute_kindE0ELNS4_14storage_layoutE1ELi4ELNS0_12decoder_kindE5ELNS0_13multiply_kindE1EEEvNS0_12storage_viewIT_XT1_EEESB_mmNS0_12table_bundleIXT0_EEEPNS4_14compute_traitsIXT0_EE4typeE' for 'sm_90'
ptxas info    : Function properties for _ZN3aut12lns_strategy18gemv_thread_kernelINS_3lns8lns12_r6ELNS_8bitwidth12compute_kindE0ELNS4_14storage_layoutE1ELi4ELNS0_12decoder_kindE5ELNS0_13multiply_kindE1EEEvNS0_12storage_viewIT_XT1_EEESB_mmNS0_12table_bundleIXT0_EEEPNS4_14compute_traitsIXT0_EE4typeE
    0 bytes stack frame, 0 bytes spill stores, 0 bytes spill loads
ptxas info    : Used 24 registers, used 1 barriers
ptxas info    : Compile time = 10.430 ms
ptxas info    : Compiling entry function '_ZN3aut12lns_strategy17dot_thread_kernelINS_3lns8lns12_r6ELNS_8bitwidth12compute_kindE0ELNS4_14storage_layoutE1ELi4ELNS0_12decoder_kindE5ELNS0_13multiply_kindE1EEEvNS0_12storage_viewIT_XT1_EEESB_mNS0_12table_bundleIXT0_EEEPNS4_14compute_traitsIXT0_EE4typeE' for 'sm_90'
ptxas info    : Function properties for _ZN3aut12lns_strategy17dot_thread_kernelINS_3lns8lns12_r6ELNS_8bitwidth12compute_kindE0ELNS4_14storage_layoutE1ELi4ELNS0_12decoder_kindE5ELNS0_13multiply_kindE1EEEvNS0_12storage_viewIT_XT1_EEESB_mNS0_12table_bundleIXT0_EEEPNS4_14compute_traitsIXT0_EE4typeE
    0 bytes stack frame, 0 bytes spill stores, 0 bytes spill loads
ptxas info    : Used 28 registers, used 1 barriers
ptxas info    : Compile time = 10.591 ms
ptxas info    : Compiling entry function '_ZN3aut12lns_strategy18gemv_thread_kernelINS_3lns8lns12_r6ELNS_8bitwidth12compute_kindE0ELNS4_14storage_layoutE1ELi2ELNS0_12decoder_kindE5ELNS0_13multiply_kindE1EEEvNS0_12storage_viewIT_XT1_EEESB_mmNS0_12table_bundleIXT0_EEEPNS4_14compute_traitsIXT0_EE4typeE' for 'sm_90'
ptxas info    : Function properties for _ZN3aut12lns_strategy18gemv_thread_kernelINS_3lns8lns12_r6ELNS_8bitwidth12compute_kindE0ELNS4_14storage_layoutE1ELi2ELNS0_12decoder_kindE5ELNS0_13multiply_kindE1EEEvNS0_12storage_viewIT_XT1_EEESB_mmNS0_12table_bundleIXT0_EEEPNS4_14compute_traitsIXT0_EE4typeE
    0 bytes stack frame, 0 bytes spill stores, 0 bytes spill loads
ptxas info    : Used 20 registers, used 1 barriers
ptxas info    : Compile time = 7.273 ms
ptxas info    : Compiling entry function '_ZN3aut12lns_strategy17dot_thread_kernelINS_3lns8lns12_r6ELNS_8bitwidth12compute_kindE0ELNS4_14storage_layoutE1ELi2ELNS0_12decoder_kindE5ELNS0_13multiply_kindE1EEEvNS0_12storage_viewIT_XT1_EEESB_mNS0_12table_bundleIXT0_EEEPNS4_14compute_traitsIXT0_EE4typeE' for 'sm_90'
ptxas info    : Function properties for _ZN3aut12lns_strategy17dot_thread_kernelINS_3lns8lns12_r6ELNS_8bitwidth12compute_kindE0ELNS4_14storage_layoutE1ELi2ELNS0_12decoder_kindE5ELNS0_13multiply_kindE1EEEvNS0_12storage_viewIT_XT1_EEESB_mNS0_12table_bundleIXT0_EEEPNS4_14compute_traitsIXT0_EE4typeE
    0 bytes stack frame, 0 bytes spill stores, 0 bytes spill loads
ptxas info    : Used 25 registers, used 1 barriers
ptxas info    : Compile time = 7.366 ms
ptxas info    : Compiling entry function '_ZN3aut12lns_strategy18gemv_thread_kernelINS_3lns8lns12_r6ELNS_8bitwidth12compute_kindE0ELNS4_14storage_layoutE0ELi8ELNS0_12decoder_kindE5ELNS0_13multiply_kindE1EEEvNS0_12storage_viewIT_XT1_EEESB_mmNS0_12table_bundleIXT0_EEEPNS4_14compute_traitsIXT0_EE4typeE' for 'sm_90'
ptxas info    : Function properties for _ZN3aut12lns_strategy18gemv_thread_kernelINS_3lns8lns12_r6ELNS_8bitwidth12compute_kindE0ELNS4_14storage_layoutE0ELi8ELNS0_12decoder_kindE5ELNS0_13multiply_kindE1EEEvNS0_12storage_viewIT_XT1_EEESB_mmNS0_12table_bundleIXT0_EEEPNS4_14compute_traitsIXT0_EE4typeE
    0 bytes stack frame, 0 bytes spill stores, 0 bytes spill loads
ptxas info    : Used 40 registers, used 1 barriers
ptxas info    : Compile time = 20.920 ms
ptxas info    : Compiling entry function '_ZN3aut12lns_strategy17dot_thread_kernelINS_3lns8lns12_r6ELNS_8bitwidth12compute_kindE0ELNS4_14storage_layoutE0ELi8ELNS0_12decoder_kindE5ELNS0_13multiply_kindE1EEEvNS0_12storage_viewIT_XT1_EEESB_mNS0_12table_bundleIXT0_EEEPNS4_14compute_traitsIXT0_EE4typeE' for 'sm_90'
ptxas info    : Function properties for _ZN3aut12lns_strategy17dot_thread_kernelINS_3lns8lns12_r6ELNS_8bitwidth12compute_kindE0ELNS4_14storage_layoutE0ELi8ELNS0_12decoder_kindE5ELNS0_13multiply_kindE1EEEvNS0_12storage_viewIT_XT1_EEESB_mNS0_12table_bundleIXT0_EEEPNS4_14compute_traitsIXT0_EE4typeE
    0 bytes stack frame, 0 bytes spill stores, 0 bytes spill loads
ptxas info    : Used 37 registers, used 1 barriers
ptxas info    : Compile time = 19.051 ms
ptxas info    : Compiling entry function '_ZN3aut12lns_strategy18gemv_thread_kernelINS_3lns8lns12_r6ELNS_8bitwidth12compute_kindE0ELNS4_14storage_layoutE0ELi4ELNS0_12decoder_kindE5ELNS0_13multiply_kindE1EEEvNS0_12storage_viewIT_XT1_EEESB_mmNS0_12table_bundleIXT0_EEEPNS4_14compute_traitsIXT0_EE4typeE' for 'sm_90'
ptxas info    : Function properties for _ZN3aut12lns_strategy18gemv_thread_kernelINS_3lns8lns12_r6ELNS_8bitwidth12compute_kindE0ELNS4_14storage_layoutE0ELi4ELNS0_12decoder_kindE5ELNS0_13multiply_kindE1EEEvNS0_12storage_viewIT_XT1_EEESB_mmNS0_12table_bundleIXT0_EEEPNS4_14compute_traitsIXT0_EE4typeE
    0 bytes stack frame, 0 bytes spill stores, 0 bytes spill loads
ptxas info    : Used 32 registers, used 1 barriers
ptxas info    : Compile time = 12.696 ms
ptxas info    : Compiling entry function '_ZN3aut12lns_strategy17dot_thread_kernelINS_3lns8lns12_r6ELNS_8bitwidth12compute_kindE0ELNS4_14storage_layoutE0ELi4ELNS0_12decoder_kindE5ELNS0_13multiply_kindE1EEEvNS0_12storage_viewIT_XT1_EEESB_mNS0_12table_bundleIXT0_EEEPNS4_14compute_traitsIXT0_EE4typeE' for 'sm_90'
ptxas info    : Function properties for _ZN3aut12lns_strategy17dot_thread_kernelINS_3lns8lns12_r6ELNS_8bitwidth12compute_kindE0ELNS4_14storage_layoutE0ELi4ELNS0_12decoder_kindE5ELNS0_13multiply_kindE1EEEvNS0_12storage_viewIT_XT1_EEESB_mNS0_12table_bundleIXT0_EEEPNS4_14compute_traitsIXT0_EE4typeE
    0 bytes stack frame, 0 bytes spill stores, 0 bytes spill loads
ptxas info    : Used 32 registers, used 1 barriers
ptxas info    : Compile time = 12.421 ms
ptxas info    : Compiling entry function '_ZN3aut12lns_strategy18gemv_thread_kernelINS_3lns8lns12_r6ELNS_8bitwidth12compute_kindE0ELNS4_14storage_layoutE0ELi2ELNS0_12decoder_kindE5ELNS0_13multiply_kindE1EEEvNS0_12storage_viewIT_XT1_EEESB_mmNS0_12table_bundleIXT0_EEEPNS4_14compute_traitsIXT0_EE4typeE' for 'sm_90'
ptxas info    : Function properties for _ZN3aut12lns_strategy18gemv_thread_kernelINS_3lns8lns12_r6ELNS_8bitwidth12compute_kindE0ELNS4_14storage_layoutE0ELi2ELNS0_12decoder_kindE5ELNS0_13multiply_kindE1EEEvNS0_12storage_viewIT_XT1_EEESB_mmNS0_12table_bundleIXT0_EEEPNS4_14compute_traitsIXT0_EE4typeE
    0 bytes stack frame, 0 bytes spill stores, 0 bytes spill loads
ptxas info    : Used 31 registers, used 1 barriers
ptxas info    : Compile time = 8.362 ms
ptxas info    : Compiling entry function '_ZN3aut12lns_strategy17dot_thread_kernelINS_3lns8lns12_r6ELNS_8bitwidth12compute_kindE0ELNS4_14storage_layoutE0ELi2ELNS0_12decoder_kindE5ELNS0_13multiply_kindE1EEEvNS0_12storage_viewIT_XT1_EEESB_mNS0_12table_bundleIXT0_EEEPNS4_14compute_traitsIXT0_EE4typeE' for 'sm_90'
ptxas info    : Function properties for _ZN3aut12lns_strategy17dot_thread_kernelINS_3lns8lns12_r6ELNS_8bitwidth12compute_kindE0ELNS4_14storage_layoutE0ELi2ELNS0_12decoder_kindE5ELNS0_13multiply_kindE1EEEvNS0_12storage_viewIT_XT1_EEESB_mNS0_12table_bundleIXT0_EEEPNS4_14compute_traitsIXT0_EE4typeE
    0 bytes stack frame, 0 bytes spill stores, 0 bytes spill loads
ptxas info    : Used 32 registers, used 1 barriers
ptxas info    : Compile time = 8.250 ms
ptxas info    : Compiling entry function '_ZN3aut12lns_strategy18gemv_thread_kernelINS_3lns8lns12_r6ELNS_8bitwidth12compute_kindE0ELNS4_14storage_layoutE1ELi1ELNS0_12decoder_kindE5ELNS0_13multiply_kindE1EEEvNS0_12storage_viewIT_XT1_EEESB_mmNS0_12table_bundleIXT0_EEEPNS4_14compute_traitsIXT0_EE4typeE' for 'sm_90'
ptxas info    : Function properties for _ZN3aut12lns_strategy18gemv_thread_kernelINS_3lns8lns12_r6ELNS_8bitwidth12compute_kindE0ELNS4_14storage_layoutE1ELi1ELNS0_12decoder_kindE5ELNS0_13multiply_kindE1EEEvNS0_12storage_viewIT_XT1_EEESB_mmNS0_12table_bundleIXT0_EEEPNS4_14compute_traitsIXT0_EE4typeE
    0 bytes stack frame, 0 bytes spill stores, 0 bytes spill loads
ptxas info    : Used 21 registers, used 1 barriers
ptxas info    : Compile time = 5.459 ms
ptxas info    : Compiling entry function '_ZN3aut12lns_strategy17dot_thread_kernelINS_3lns8lns12_r6ELNS_8bitwidth12compute_kindE0ELNS4_14storage_layoutE1ELi1ELNS0_12decoder_kindE5ELNS0_13multiply_kindE1EEEvNS0_12storage_viewIT_XT1_EEESB_mNS0_12table_bundleIXT0_EEEPNS4_14compute_traitsIXT0_EE4typeE' for 'sm_90'
ptxas info    : Function properties for _ZN3aut12lns_strategy17dot_thread_kernelINS_3lns8lns12_r6ELNS_8bitwidth12compute_kindE0ELNS4_14storage_layoutE1ELi1ELNS0_12decoder_kindE5ELNS0_13multiply_kindE1EEEvNS0_12storage_viewIT_XT1_EEESB_mNS0_12table_bundleIXT0_EEEPNS4_14compute_traitsIXT0_EE4typeE
    0 bytes stack frame, 0 bytes spill stores, 0 bytes spill loads
ptxas info    : Used 20 registers, used 1 barriers
ptxas info    : Compile time = 5.375 ms
ptxas info    : Compiling entry function '_ZN3aut12lns_strategy18gemv_thread_kernelINS_3lns8lns12_r6ELNS_8bitwidth12compute_kindE0ELNS4_14storage_layoutE0ELi1ELNS0_12decoder_kindE5ELNS0_13multiply_kindE1EEEvNS0_12storage_viewIT_XT1_EEESB_mmNS0_12table_bundleIXT0_EEEPNS4_14compute_traitsIXT0_EE4typeE' for 'sm_90'
ptxas info    : Function properties for _ZN3aut12lns_strategy18gemv_thread_kernelINS_3lns8lns12_r6ELNS_8bitwidth12compute_kindE0ELNS4_14storage_layoutE0ELi1ELNS0_12decoder_kindE5ELNS0_13multiply_kindE1EEEvNS0_12storage_viewIT_XT1_EEESB_mmNS0_12table_bundleIXT0_EEEPNS4_14compute_traitsIXT0_EE4typeE
    0 bytes stack frame, 0 bytes spill stores, 0 bytes spill loads
ptxas info    : Used 21 registers, used 1 barriers
ptxas info    : Compile time = 6.013 ms
ptxas info    : Compiling entry function '_ZN3aut12lns_strategy17dot_thread_kernelINS_3lns8lns12_r6ELNS_8bitwidth12compute_kindE0ELNS4_14storage_layoutE0ELi1ELNS0_12decoder_kindE5ELNS0_13multiply_kindE1EEEvNS0_12storage_viewIT_XT1_EEESB_mNS0_12table_bundleIXT0_EEEPNS4_14compute_traitsIXT0_EE4typeE' for 'sm_90'
ptxas info    : Function properties for _ZN3aut12lns_strategy17dot_thread_kernelINS_3lns8lns12_r6ELNS_8bitwidth12compute_kindE0ELNS4_14storage_layoutE0ELi1ELNS0_12decoder_kindE5ELNS0_13multiply_kindE1EEEvNS0_12storage_viewIT_XT1_EEESB_mNS0_12table_bundleIXT0_EEEPNS4_14compute_traitsIXT0_EE4typeE
    0 bytes stack frame, 0 bytes spill stores, 0 bytes spill loads
ptxas info    : Used 22 registers, used 1 barriers
ptxas info    : Compile time = 5.743 ms
ptxas info    : Compiling entry function '_ZN3aut12lns_strategy23gemv_cooperative_kernelINS_3lns8lns12_r6ELNS_8bitwidth12compute_kindE0ELNS0_12decoder_kindE5ELNS0_13multiply_kindE0EEEvPKjS9_mmNS0_12table_bundleIXT0_EEEPNS4_14compute_traitsIXT0_EE4typeE' for 'sm_90'
ptxas info    : Function properties for _ZN3aut12lns_strategy23gemv_cooperative_kernelINS_3lns8lns12_r6ELNS_8bitwidth12compute_kindE0ELNS0_12decoder_kindE5ELNS0_13multiply_kindE0EEEvPKjS9_mmNS0_12table_bundleIXT0_EEEPNS4_14compute_traitsIXT0_EE4typeE
    0 bytes stack frame, 0 bytes spill stores, 0 bytes spill loads
ptxas info    : Used 29 registers, used 1 barriers
ptxas info    : Compile time = 7.527 ms
ptxas info    : Compiling entry function '_ZN3aut12lns_strategy22dot_cooperative_kernelINS_3lns8lns12_r6ELNS_8bitwidth12compute_kindE0ELNS0_12decoder_kindE5ELNS0_13multiply_kindE0EEEvPKjS9_mNS0_12table_bundleIXT0_EEEPNS4_14compute_traitsIXT0_EE4typeE' for 'sm_90'
ptxas info    : Function properties for _ZN3aut12lns_strategy22dot_cooperative_kernelINS_3lns8lns12_r6ELNS_8bitwidth12compute_kindE0ELNS0_12decoder_kindE5ELNS0_13multiply_kindE0EEEvPKjS9_mNS0_12table_bundleIXT0_EEEPNS4_14compute_traitsIXT0_EE4typeE
    0 bytes stack frame, 0 bytes spill stores, 0 bytes spill loads
ptxas info    : Used 27 registers, used 1 barriers
ptxas info    : Compile time = 7.398 ms
ptxas info    : Compiling entry function '_ZN3aut12lns_strategy18gemv_thread_kernelINS_3lns8lns12_r6ELNS_8bitwidth12compute_kindE0ELNS4_14storage_layoutE1ELi8ELNS0_12decoder_kindE5ELNS0_13multiply_kindE0EEEvNS0_12storage_viewIT_XT1_EEESB_mmNS0_12table_bundleIXT0_EEEPNS4_14compute_traitsIXT0_EE4typeE' for 'sm_90'
ptxas info    : Function properties for _ZN3aut12lns_strategy18gemv_thread_kernelINS_3lns8lns12_r6ELNS_8bitwidth12compute_kindE0ELNS4_14storage_layoutE1ELi8ELNS0_12decoder_kindE5ELNS0_13multiply_kindE0EEEvNS0_12storage_viewIT_XT1_EEESB_mmNS0_12table_bundleIXT0_EEEPNS4_14compute_traitsIXT0_EE4typeE
    0 bytes stack frame, 0 bytes spill stores, 0 bytes spill loads
ptxas info    : Used 34 registers, used 1 barriers
ptxas info    : Compile time = 20.015 ms
ptxas info    : Compiling entry function '_ZN3aut12lns_strategy17dot_thread_kernelINS_3lns8lns12_r6ELNS_8bitwidth12compute_kindE0ELNS4_14storage_layoutE1ELi8ELNS0_12decoder_kindE5ELNS0_13multiply_kindE0EEEvNS0_12storage_viewIT_XT1_EEESB_mNS0_12table_bundleIXT0_EEEPNS4_14compute_traitsIXT0_EE4typeE' for 'sm_90'
ptxas info    : Function properties for _ZN3aut12lns_strategy17dot_thread_kernelINS_3lns8lns12_r6ELNS_8bitwidth12compute_kindE0ELNS4_14storage_layoutE1ELi8ELNS0_12decoder_kindE5ELNS0_13multiply_kindE0EEEvNS0_12storage_viewIT_XT1_EEESB_mNS0_12table_bundleIXT0_EEEPNS4_14compute_traitsIXT0_EE4typeE
    0 bytes stack frame, 0 bytes spill stores, 0 bytes spill loads
ptxas info    : Used 35 registers, used 1 barriers
ptxas info    : Compile time = 19.807 ms
ptxas info    : Compiling entry function '_ZN3aut12lns_strategy18gemv_thread_kernelINS_3lns8lns12_r6ELNS_8bitwidth12compute_kindE0ELNS4_14storage_layoutE1ELi4ELNS0_12decoder_kindE5ELNS0_13multiply_kindE0EEEvNS0_12storage_viewIT_XT1_EEESB_mmNS0_12table_bundleIXT0_EEEPNS4_14compute_traitsIXT0_EE4typeE' for 'sm_90'
ptxas info    : Function properties for _ZN3aut12lns_strategy18gemv_thread_kernelINS_3lns8lns12_r6ELNS_8bitwidth12compute_kindE0ELNS4_14storage_layoutE1ELi4ELNS0_12decoder_kindE5ELNS0_13multiply_kindE0EEEvNS0_12storage_viewIT_XT1_EEESB_mmNS0_12table_bundleIXT0_EEEPNS4_14compute_traitsIXT0_EE4typeE
    0 bytes stack frame, 0 bytes spill stores, 0 bytes spill loads
ptxas info    : Used 26 registers, used 1 barriers
ptxas info    : Compile time = 11.681 ms
ptxas info    : Compiling entry function '_ZN3aut12lns_strategy17dot_thread_kernelINS_3lns8lns12_r6ELNS_8bitwidth12compute_kindE0ELNS4_14storage_layoutE1ELi4ELNS0_12decoder_kindE5ELNS0_13multiply_kindE0EEEvNS0_12storage_viewIT_XT1_EEESB_mNS0_12table_bundleIXT0_EEEPNS4_14compute_traitsIXT0_EE4typeE' for 'sm_90'
ptxas info    : Function properties for _ZN3aut12lns_strategy17dot_thread_kernelINS_3lns8lns12_r6ELNS_8bitwidth12compute_kindE0ELNS4_14storage_layoutE1ELi4ELNS0_12decoder_kindE5ELNS0_13multiply_kindE0EEEvNS0_12storage_viewIT_XT1_EEESB_mNS0_12table_bundleIXT0_EEEPNS4_14compute_traitsIXT0_EE4typeE
    0 bytes stack frame, 0 bytes spill stores, 0 bytes spill loads
ptxas info    : Used 31 registers, used 1 barriers
ptxas info    : Compile time = 11.865 ms
ptxas info    : Compiling entry function '_ZN3aut12lns_strategy18gemv_thread_kernelINS_3lns8lns12_r6ELNS_8bitwidth12compute_kindE0ELNS4_14storage_layoutE1ELi2ELNS0_12decoder_kindE5ELNS0_13multiply_kindE0EEEvNS0_12storage_viewIT_XT1_EEESB_mmNS0_12table_bundleIXT0_EEEPNS4_14compute_traitsIXT0_EE4typeE' for 'sm_90'
ptxas info    : Function properties for _ZN3aut12lns_strategy18gemv_thread_kernelINS_3lns8lns12_r6ELNS_8bitwidth12compute_kindE0ELNS4_14storage_layoutE1ELi2ELNS0_12decoder_kindE5ELNS0_13multiply_kindE0EEEvNS0_12storage_viewIT_XT1_EEESB_mmNS0_12table_bundleIXT0_EEEPNS4_14compute_traitsIXT0_EE4typeE
    0 bytes stack frame, 0 bytes spill stores, 0 bytes spill loads
ptxas info    : Used 23 registers, used 1 barriers
ptxas info    : Compile time = 7.817 ms
ptxas info    : Compiling entry function '_ZN3aut12lns_strategy17dot_thread_kernelINS_3lns8lns12_r6ELNS_8bitwidth12compute_kindE0ELNS4_14storage_layoutE1ELi2ELNS0_12decoder_kindE5ELNS0_13multiply_kindE0EEEvNS0_12storage_viewIT_XT1_EEESB_mNS0_12table_bundleIXT0_EEEPNS4_14compute_traitsIXT0_EE4typeE' for 'sm_90'
ptxas info    : Function properties for _ZN3aut12lns_strategy17dot_thread_kernelINS_3lns8lns12_r6ELNS_8bitwidth12compute_kindE0ELNS4_14storage_layoutE1ELi2ELNS0_12decoder_kindE5ELNS0_13multiply_kindE0EEEvNS0_12storage_viewIT_XT1_EEESB_mNS0_12table_bundleIXT0_EEEPNS4_14compute_traitsIXT0_EE4typeE
    0 bytes stack frame, 0 bytes spill stores, 0 bytes spill loads
ptxas info    : Used 28 registers, used 1 barriers
ptxas info    : Compile time = 7.883 ms
ptxas info    : Compiling entry function '_ZN3aut12lns_strategy18gemv_thread_kernelINS_3lns8lns12_r6ELNS_8bitwidth12compute_kindE0ELNS4_14storage_layoutE0ELi8ELNS0_12decoder_kindE5ELNS0_13multiply_kindE0EEEvNS0_12storage_viewIT_XT1_EEESB_mmNS0_12table_bundleIXT0_EEEPNS4_14compute_traitsIXT0_EE4typeE' for 'sm_90'
ptxas info    : Function properties for _ZN3aut12lns_strategy18gemv_thread_kernelINS_3lns8lns12_r6ELNS_8bitwidth12compute_kindE0ELNS4_14storage_layoutE0ELi8ELNS0_12decoder_kindE5ELNS0_13multiply_kindE0EEEvNS0_12storage_viewIT_XT1_EEESB_mmNS0_12table_bundleIXT0_EEEPNS4_14compute_traitsIXT0_EE4typeE
    0 bytes stack frame, 0 bytes spill stores, 0 bytes spill loads
ptxas info    : Used 40 registers, used 1 barriers
ptxas info    : Compile time = 24.205 ms
ptxas info    : Compiling entry function '_ZN3aut12lns_strategy17dot_thread_kernelINS_3lns8lns12_r6ELNS_8bitwidth12compute_kindE0ELNS4_14storage_layoutE0ELi8ELNS0_12decoder_kindE5ELNS0_13multiply_kindE0EEEvNS0_12storage_viewIT_XT1_EEESB_mNS0_12table_bundleIXT0_EEEPNS4_14compute_traitsIXT0_EE4typeE' for 'sm_90'
ptxas info    : Function properties for _ZN3aut12lns_strategy17dot_thread_kernelINS_3lns8lns12_r6ELNS_8bitwidth12compute_kindE0ELNS4_14storage_layoutE0ELi8ELNS0_12decoder_kindE5ELNS0_13multiply_kindE0EEEvNS0_12storage_viewIT_XT1_EEESB_mNS0_12table_bundleIXT0_EEEPNS4_14compute_traitsIXT0_EE4typeE
    0 bytes stack frame, 0 bytes spill stores, 0 bytes spill loads
ptxas info    : Used 32 registers, used 1 barriers
ptxas info    : Compile time = 22.284 ms
ptxas info    : Compiling entry function '_ZN3aut12lns_strategy18gemv_thread_kernelINS_3lns8lns12_r6ELNS_8bitwidth12compute_kindE0ELNS4_14storage_layoutE0ELi4ELNS0_12decoder_kindE5ELNS0_13multiply_kindE0EEEvNS0_12storage_viewIT_XT1_EEESB_mmNS0_12table_bundleIXT0_EEEPNS4_14compute_traitsIXT0_EE4typeE' for 'sm_90'
ptxas info    : Function properties for _ZN3aut12lns_strategy18gemv_thread_kernelINS_3lns8lns12_r6ELNS_8bitwidth12compute_kindE0ELNS4_14storage_layoutE0ELi4ELNS0_12decoder_kindE5ELNS0_13multiply_kindE0EEEvNS0_12storage_viewIT_XT1_EEESB_mmNS0_12table_bundleIXT0_EEEPNS4_14compute_traitsIXT0_EE4typeE
    0 bytes stack frame, 0 bytes spill stores, 0 bytes spill loads
ptxas info    : Used 31 registers, used 1 barriers
ptxas info    : Compile time = 13.657 ms
ptxas info    : Compiling entry function '_ZN3aut12lns_strategy17dot_thread_kernelINS_3lns8lns12_r6ELNS_8bitwidth12compute_kindE0ELNS4_14storage_layoutE0ELi4ELNS0_12decoder_kindE5ELNS0_13multiply_kindE0EEEvNS0_12storage_viewIT_XT1_EEESB_mNS0_12table_bundleIXT0_EEEPNS4_14compute_traitsIXT0_EE4typeE' for 'sm_90'
ptxas info    : Function properties for _ZN3aut12lns_strategy17dot_thread_kernelINS_3lns8lns12_r6ELNS_8bitwidth12compute_kindE0ELNS4_14storage_layoutE0ELi4ELNS0_12decoder_kindE5ELNS0_13multiply_kindE0EEEvNS0_12storage_viewIT_XT1_EEESB_mNS0_12table_bundleIXT0_EEEPNS4_14compute_traitsIXT0_EE4typeE
    0 bytes stack frame, 0 bytes spill stores, 0 bytes spill loads
ptxas info    : Used 32 registers, used 1 barriers
ptxas info    : Compile time = 13.537 ms
ptxas info    : Compiling entry function '_ZN3aut12lns_strategy18gemv_thread_kernelINS_3lns8lns12_r6ELNS_8bitwidth12compute_kindE0ELNS4_14storage_layoutE0ELi2ELNS0_12decoder_kindE5ELNS0_13multiply_kindE0EEEvNS0_12storage_viewIT_XT1_EEESB_mmNS0_12table_bundleIXT0_EEEPNS4_14compute_traitsIXT0_EE4typeE' for 'sm_90'
ptxas info    : Function properties for _ZN3aut12lns_strategy18gemv_thread_kernelINS_3lns8lns12_r6ELNS_8bitwidth12compute_kindE0ELNS4_14storage_layoutE0ELi2ELNS0_12decoder_kindE5ELNS0_13multiply_kindE0EEEvNS0_12storage_viewIT_XT1_EEESB_mmNS0_12table_bundleIXT0_EEEPNS4_14compute_traitsIXT0_EE4typeE
    0 bytes stack frame, 0 bytes spill stores, 0 bytes spill loads
ptxas info    : Used 29 registers, used 1 barriers
ptxas info    : Compile time = 8.834 ms
ptxas info    : Compiling entry function '_ZN3aut12lns_strategy17dot_thread_kernelINS_3lns8lns12_r6ELNS_8bitwidth12compute_kindE0ELNS4_14storage_layoutE0ELi2ELNS0_12decoder_kindE5ELNS0_13multiply_kindE0EEEvNS0_12storage_viewIT_XT1_EEESB_mNS0_12table_bundleIXT0_EEEPNS4_14compute_traitsIXT0_EE4typeE' for 'sm_90'
ptxas info    : Function properties for _ZN3aut12lns_strategy17dot_thread_kernelINS_3lns8lns12_r6ELNS_8bitwidth12compute_kindE0ELNS4_14storage_layoutE0ELi2ELNS0_12decoder_kindE5ELNS0_13multiply_kindE0EEEvNS0_12storage_viewIT_XT1_EEESB_mNS0_12table_bundleIXT0_EEEPNS4_14compute_traitsIXT0_EE4typeE
    0 bytes stack frame, 0 bytes spill stores, 0 bytes spill loads
ptxas info    : Used 32 registers, used 1 barriers
ptxas info    : Compile time = 8.744 ms
ptxas info    : Compiling entry function '_ZN3aut12lns_strategy18gemv_thread_kernelINS_3lns8lns12_r6ELNS_8bitwidth12compute_kindE0ELNS4_14storage_layoutE1ELi1ELNS0_12decoder_kindE5ELNS0_13multiply_kindE0EEEvNS0_12storage_viewIT_XT1_EEESB_mmNS0_12table_bundleIXT0_EEEPNS4_14compute_traitsIXT0_EE4typeE' for 'sm_90'
ptxas info    : Function properties for _ZN3aut12lns_strategy18gemv_thread_kernelINS_3lns8lns12_r6ELNS_8bitwidth12compute_kindE0ELNS4_14storage_layoutE1ELi1ELNS0_12decoder_kindE5ELNS0_13multiply_kindE0EEEvNS0_12storage_viewIT_XT1_EEESB_mmNS0_12table_bundleIXT0_EEEPNS4_14compute_traitsIXT0_EE4typeE
    0 bytes stack frame, 0 bytes spill stores, 0 bytes spill loads
ptxas info    : Used 20 registers, used 1 barriers
ptxas info    : Compile time = 5.721 ms
ptxas info    : Compiling entry function '_ZN3aut12lns_strategy17dot_thread_kernelINS_3lns8lns12_r6ELNS_8bitwidth12compute_kindE0ELNS4_14storage_layoutE1ELi1ELNS0_12decoder_kindE5ELNS0_13multiply_kindE0EEEvNS0_12storage_viewIT_XT1_EEESB_mNS0_12table_bundleIXT0_EEEPNS4_14compute_traitsIXT0_EE4typeE' for 'sm_90'
ptxas info    : Function properties for _ZN3aut12lns_strategy17dot_thread_kernelINS_3lns8lns12_r6ELNS_8bitwidth12compute_kindE0ELNS4_14storage_layoutE1ELi1ELNS0_12decoder_kindE5ELNS0_13multiply_kindE0EEEvNS0_12storage_viewIT_XT1_EEESB_mNS0_12table_bundleIXT0_EEEPNS4_14compute_traitsIXT0_EE4typeE
    0 bytes stack frame, 0 bytes spill stores, 0 bytes spill loads
ptxas info    : Used 22 registers, used 1 barriers
ptxas info    : Compile time = 5.632 ms
ptxas info    : Compiling entry function '_ZN3aut12lns_strategy18gemv_thread_kernelINS_3lns8lns12_r6ELNS_8bitwidth12compute_kindE0ELNS4_14storage_layoutE0ELi1ELNS0_12decoder_kindE5ELNS0_13multiply_kindE0EEEvNS0_12storage_viewIT_XT1_EEESB_mmNS0_12table_bundleIXT0_EEEPNS4_14compute_traitsIXT0_EE4typeE' for 'sm_90'
ptxas info    : Function properties for _ZN3aut12lns_strategy18gemv_thread_kernelINS_3lns8lns12_r6ELNS_8bitwidth12compute_kindE0ELNS4_14storage_layoutE0ELi1ELNS0_12decoder_kindE5ELNS0_13multiply_kindE0EEEvNS0_12storage_viewIT_XT1_EEESB_mmNS0_12table_bundleIXT0_EEEPNS4_14compute_traitsIXT0_EE4typeE
    0 bytes stack frame, 0 bytes spill stores, 0 bytes spill loads
ptxas info    : Used 23 registers, used 1 barriers
ptxas info    : Compile time = 6.244 ms
ptxas info    : Compiling entry function '_ZN3aut12lns_strategy17dot_thread_kernelINS_3lns8lns12_r6ELNS_8bitwidth12compute_kindE0ELNS4_14storage_layoutE0ELi1ELNS0_12decoder_kindE5ELNS0_13multiply_kindE0EEEvNS0_12storage_viewIT_XT1_EEESB_mNS0_12table_bundleIXT0_EEEPNS4_14compute_traitsIXT0_EE4typeE' for 'sm_90'
ptxas info    : Function properties for _ZN3aut12lns_strategy17dot_thread_kernelINS_3lns8lns12_r6ELNS_8bitwidth12compute_kindE0ELNS4_14storage_layoutE0ELi1ELNS0_12decoder_kindE5ELNS0_13multiply_kindE0EEEvNS0_12storage_viewIT_XT1_EEESB_mNS0_12table_bundleIXT0_EEEPNS4_14compute_traitsIXT0_EE4typeE
    0 bytes stack frame, 0 bytes spill stores, 0 bytes spill loads
ptxas info    : Used 23 registers, used 1 barriers
ptxas info    : Compile time = 6.002 ms
ptxas info    : Compiling entry function '_ZN3aut12lns_strategy23gemv_cooperative_kernelINS_3lns8lns12_r6ELNS_8bitwidth12compute_kindE0ELNS0_12decoder_kindE4ELNS0_13multiply_kindE1EEEvPKjS9_mmNS0_12table_bundleIXT0_EEEPNS4_14compute_traitsIXT0_EE4typeE' for 'sm_90'
ptxas info    : Function properties for _ZN3aut12lns_strategy23gemv_cooperative_kernelINS_3lns8lns12_r6ELNS_8bitwidth12compute_kindE0ELNS0_12decoder_kindE4ELNS0_13multiply_kindE1EEEvPKjS9_mmNS0_12table_bundleIXT0_EEEPNS4_14compute_traitsIXT0_EE4typeE
    0 bytes stack frame, 0 bytes spill stores, 0 bytes spill loads
ptxas info    : Used 29 registers, used 1 barriers
ptxas info    : Compile time = 6.734 ms
ptxas info    : Compiling entry function '_ZN3aut12lns_strategy22dot_cooperative_kernelINS_3lns8lns12_r6ELNS_8bitwidth12compute_kindE0ELNS0_12decoder_kindE4ELNS0_13multiply_kindE1EEEvPKjS9_mNS0_12table_bundleIXT0_EEEPNS4_14compute_traitsIXT0_EE4typeE' for 'sm_90'
ptxas info    : Function properties for _ZN3aut12lns_strategy22dot_cooperative_kernelINS_3lns8lns12_r6ELNS_8bitwidth12compute_kindE0ELNS0_12decoder_kindE4ELNS0_13multiply_kindE1EEEvPKjS9_mNS0_12table_bundleIXT0_EEEPNS4_14compute_traitsIXT0_EE4typeE
    0 bytes stack frame, 0 bytes spill stores, 0 bytes spill loads
ptxas info    : Used 27 registers, used 1 barriers
ptxas info    : Compile time = 6.584 ms
ptxas info    : Compiling entry function '_ZN3aut12lns_strategy18gemv_thread_kernelINS_3lns8lns12_r6ELNS_8bitwidth12compute_kindE0ELNS4_14storage_layoutE1ELi8ELNS0_12decoder_kindE4ELNS0_13multiply_kindE1EEEvNS0_12storage_viewIT_XT1_EEESB_mmNS0_12table_bundleIXT0_EEEPNS4_14compute_traitsIXT0_EE4typeE' for 'sm_90'
ptxas info    : Function properties for _ZN3aut12lns_strategy18gemv_thread_kernelINS_3lns8lns12_r6ELNS_8bitwidth12compute_kindE0ELNS4_14storage_layoutE1ELi8ELNS0_12decoder_kindE4ELNS0_13multiply_kindE1EEEvNS0_12storage_viewIT_XT1_EEESB_mmNS0_12table_bundleIXT0_EEEPNS4_14compute_traitsIXT0_EE4typeE
    0 bytes stack frame, 0 bytes spill stores, 0 bytes spill loads
ptxas info    : Used 38 registers, used 1 barriers
ptxas info    : Compile time = 17.350 ms
ptxas info    : Compiling entry function '_ZN3aut12lns_strategy17dot_thread_kernelINS_3lns8lns12_r6ELNS_8bitwidth12compute_kindE0ELNS4_14storage_layoutE1ELi8ELNS0_12decoder_kindE4ELNS0_13multiply_kindE1EEEvNS0_12storage_viewIT_XT1_EEESB_mNS0_12table_bundleIXT0_EEEPNS4_14compute_traitsIXT0_EE4typeE' for 'sm_90'
ptxas info    : Function properties for _ZN3aut12lns_strategy17dot_thread_kernelINS_3lns8lns12_r6ELNS_8bitwidth12compute_kindE0ELNS4_14storage_layoutE1ELi8ELNS0_12decoder_kindE4ELNS0_13multiply_kindE1EEEvNS0_12storage_viewIT_XT1_EEESB_mNS0_12table_bundleIXT0_EEEPNS4_14compute_traitsIXT0_EE4typeE
    0 bytes stack frame, 0 bytes spill stores, 0 bytes spill loads
ptxas info    : Used 40 registers, used 1 barriers
ptxas info    : Compile time = 17.383 ms
ptxas info    : Compiling entry function '_ZN3aut12lns_strategy18gemv_thread_kernelINS_3lns8lns12_r6ELNS_8bitwidth12compute_kindE0ELNS4_14storage_layoutE1ELi4ELNS0_12decoder_kindE4ELNS0_13multiply_kindE1EEEvNS0_12storage_viewIT_XT1_EEESB_mmNS0_12table_bundleIXT0_EEEPNS4_14compute_traitsIXT0_EE4typeE' for 'sm_90'
ptxas info    : Function properties for _ZN3aut12lns_strategy18gemv_thread_kernelINS_3lns8lns12_r6ELNS_8bitwidth12compute_kindE0ELNS4_14storage_layoutE1ELi4ELNS0_12decoder_kindE4ELNS0_13multiply_kindE1EEEvNS0_12storage_viewIT_XT1_EEESB_mmNS0_12table_bundleIXT0_EEEPNS4_14compute_traitsIXT0_EE4typeE
    0 bytes stack frame, 0 bytes spill stores, 0 bytes spill loads
ptxas info    : Used 25 registers, used 1 barriers
ptxas info    : Compile time = 10.172 ms
ptxas info    : Compiling entry function '_ZN3aut12lns_strategy17dot_thread_kernelINS_3lns8lns12_r6ELNS_8bitwidth12compute_kindE0ELNS4_14storage_layoutE1ELi4ELNS0_12decoder_kindE4ELNS0_13multiply_kindE1EEEvNS0_12storage_viewIT_XT1_EEESB_mNS0_12table_bundleIXT0_EEEPNS4_14compute_traitsIXT0_EE4typeE' for 'sm_90'
ptxas info    : Function properties for _ZN3aut12lns_strategy17dot_thread_kernelINS_3lns8lns12_r6ELNS_8bitwidth12compute_kindE0ELNS4_14storage_layoutE1ELi4ELNS0_12decoder_kindE4ELNS0_13multiply_kindE1EEEvNS0_12storage_viewIT_XT1_EEESB_mNS0_12table_bundleIXT0_EEEPNS4_14compute_traitsIXT0_EE4typeE
    0 bytes stack frame, 0 bytes spill stores, 0 bytes spill loads
ptxas info    : Used 28 registers, used 1 barriers
ptxas info    : Compile time = 10.306 ms
ptxas info    : Compiling entry function '_ZN3aut12lns_strategy18gemv_thread_kernelINS_3lns8lns12_r6ELNS_8bitwidth12compute_kindE0ELNS4_14storage_layoutE1ELi2ELNS0_12decoder_kindE4ELNS0_13multiply_kindE1EEEvNS0_12storage_viewIT_XT1_EEESB_mmNS0_12table_bundleIXT0_EEEPNS4_14compute_traitsIXT0_EE4typeE' for 'sm_90'
ptxas info    : Function properties for _ZN3aut12lns_strategy18gemv_thread_kernelINS_3lns8lns12_r6ELNS_8bitwidth12compute_kindE0ELNS4_14storage_layoutE1ELi2ELNS0_12decoder_kindE4ELNS0_13multiply_kindE1EEEvNS0_12storage_viewIT_XT1_EEESB_mmNS0_12table_bundleIXT0_EEEPNS4_14compute_traitsIXT0_EE4typeE
    0 bytes stack frame, 0 bytes spill stores, 0 bytes spill loads
ptxas info    : Used 21 registers, used 1 barriers
ptxas info    : Compile time = 6.879 ms
ptxas info    : Compiling entry function '_ZN3aut12lns_strategy17dot_thread_kernelINS_3lns8lns12_r6ELNS_8bitwidth12compute_kindE0ELNS4_14storage_layoutE1ELi2ELNS0_12decoder_kindE4ELNS0_13multiply_kindE1EEEvNS0_12storage_viewIT_XT1_EEESB_mNS0_12table_bundleIXT0_EEEPNS4_14compute_traitsIXT0_EE4typeE' for 'sm_90'
ptxas info    : Function properties for _ZN3aut12lns_strategy17dot_thread_kernelINS_3lns8lns12_r6ELNS_8bitwidth12compute_kindE0ELNS4_14storage_layoutE1ELi2ELNS0_12decoder_kindE4ELNS0_13multiply_kindE1EEEvNS0_12storage_viewIT_XT1_EEESB_mNS0_12table_bundleIXT0_EEEPNS4_14compute_traitsIXT0_EE4typeE
    0 bytes stack frame, 0 bytes spill stores, 0 bytes spill loads
ptxas info    : Used 27 registers, used 1 barriers
ptxas info    : Compile time = 6.928 ms
ptxas info    : Compiling entry function '_ZN3aut12lns_strategy18gemv_thread_kernelINS_3lns8lns12_r6ELNS_8bitwidth12compute_kindE0ELNS4_14storage_layoutE0ELi8ELNS0_12decoder_kindE4ELNS0_13multiply_kindE1EEEvNS0_12storage_viewIT_XT1_EEESB_mmNS0_12table_bundleIXT0_EEEPNS4_14compute_traitsIXT0_EE4typeE' for 'sm_90'
ptxas info    : Function properties for _ZN3aut12lns_strategy18gemv_thread_kernelINS_3lns8lns12_r6ELNS_8bitwidth12compute_kindE0ELNS4_14storage_layoutE0ELi8ELNS0_12decoder_kindE4ELNS0_13multiply_kindE1EEEvNS0_12storage_viewIT_XT1_EEESB_mmNS0_12table_bundleIXT0_EEEPNS4_14compute_traitsIXT0_EE4typeE
    0 bytes stack frame, 0 bytes spill stores, 0 bytes spill loads
ptxas info    : Used 39 registers, used 1 barriers
ptxas info    : Compile time = 20.871 ms
ptxas info    : Compiling entry function '_ZN3aut12lns_strategy17dot_thread_kernelINS_3lns8lns12_r6ELNS_8bitwidth12compute_kindE0ELNS4_14storage_layoutE0ELi8ELNS0_12decoder_kindE4ELNS0_13multiply_kindE1EEEvNS0_12storage_viewIT_XT1_EEESB_mNS0_12table_bundleIXT0_EEEPNS4_14compute_traitsIXT0_EE4typeE' for 'sm_90'
ptxas info    : Function properties for _ZN3aut12lns_strategy17dot_thread_kernelINS_3lns8lns12_r6ELNS_8bitwidth12compute_kindE0ELNS4_14storage_layoutE0ELi8ELNS0_12decoder_kindE4ELNS0_13multiply_kindE1EEEvNS0_12storage_viewIT_XT1_EEESB_mNS0_12table_bundleIXT0_EEEPNS4_14compute_traitsIXT0_EE4typeE
    0 bytes stack frame, 0 bytes spill stores, 0 bytes spill loads
ptxas info    : Used 35 registers, used 1 barriers
ptxas info    : Compile time = 19.121 ms
ptxas info    : Compiling entry function '_ZN3aut12lns_strategy18gemv_thread_kernelINS_3lns8lns12_r6ELNS_8bitwidth12compute_kindE0ELNS4_14storage_layoutE0ELi4ELNS0_12decoder_kindE4ELNS0_13multiply_kindE1EEEvNS0_12storage_viewIT_XT1_EEESB_mmNS0_12table_bundleIXT0_EEEPNS4_14compute_traitsIXT0_EE4typeE' for 'sm_90'
ptxas info    : Function properties for _ZN3aut12lns_strategy18gemv_thread_kernelINS_3lns8lns12_r6ELNS_8bitwidth12compute_kindE0ELNS4_14storage_layoutE0ELi4ELNS0_12decoder_kindE4ELNS0_13multiply_kindE1EEEvNS0_12storage_viewIT_XT1_EEESB_mmNS0_12table_bundleIXT0_EEEPNS4_14compute_traitsIXT0_EE4typeE
    0 bytes stack frame, 0 bytes spill stores, 0 bytes spill loads
ptxas info    : Used 32 registers, used 1 barriers
ptxas info    : Compile time = 12.395 ms
ptxas info    : Compiling entry function '_ZN3aut12lns_strategy17dot_thread_kernelINS_3lns8lns12_r6ELNS_8bitwidth12compute_kindE0ELNS4_14storage_layoutE0ELi4ELNS0_12decoder_kindE4ELNS0_13multiply_kindE1EEEvNS0_12storage_viewIT_XT1_EEESB_mNS0_12table_bundleIXT0_EEEPNS4_14compute_traitsIXT0_EE4typeE' for 'sm_90'
ptxas info    : Function properties for _ZN3aut12lns_strategy17dot_thread_kernelINS_3lns8lns12_r6ELNS_8bitwidth12compute_kindE0ELNS4_14storage_layoutE0ELi4ELNS0_12decoder_kindE4ELNS0_13multiply_kindE1EEEvNS0_12storage_viewIT_XT1_EEESB_mNS0_12table_bundleIXT0_EEEPNS4_14compute_traitsIXT0_EE4typeE
    0 bytes stack frame, 0 bytes spill stores, 0 bytes spill loads
ptxas info    : Used 32 registers, used 1 barriers
ptxas info    : Compile time = 12.127 ms
ptxas info    : Compiling entry function '_ZN3aut12lns_strategy18gemv_thread_kernelINS_3lns8lns12_r6ELNS_8bitwidth12compute_kindE0ELNS4_14storage_layoutE0ELi2ELNS0_12decoder_kindE4ELNS0_13multiply_kindE1EEEvNS0_12storage_viewIT_XT1_EEESB_mmNS0_12table_bundleIXT0_EEEPNS4_14compute_traitsIXT0_EE4typeE' for 'sm_90'
ptxas info    : Function properties for _ZN3aut12lns_strategy18gemv_thread_kernelINS_3lns8lns12_r6ELNS_8bitwidth12compute_kindE0ELNS4_14storage_layoutE0ELi2ELNS0_12decoder_kindE4ELNS0_13multiply_kindE1EEEvNS0_12storage_viewIT_XT1_EEESB_mmNS0_12table_bundleIXT0_EEEPNS4_14compute_traitsIXT0_EE4typeE
    0 bytes stack frame, 0 bytes spill stores, 0 bytes spill loads
ptxas info    : Used 31 registers, used 1 barriers
ptxas info    : Compile time = 7.907 ms
ptxas info    : Compiling entry function '_ZN3aut12lns_strategy17dot_thread_kernelINS_3lns8lns12_r6ELNS_8bitwidth12compute_kindE0ELNS4_14storage_layoutE0ELi2ELNS0_12decoder_kindE4ELNS0_13multiply_kindE1EEEvNS0_12storage_viewIT_XT1_EEESB_mNS0_12table_bundleIXT0_EEEPNS4_14compute_traitsIXT0_EE4typeE' for 'sm_90'
ptxas info    : Function properties for _ZN3aut12lns_strategy17dot_thread_kernelINS_3lns8lns12_r6ELNS_8bitwidth12compute_kindE0ELNS4_14storage_layoutE0ELi2ELNS0_12decoder_kindE4ELNS0_13multiply_kindE1EEEvNS0_12storage_viewIT_XT1_EEESB_mNS0_12table_bundleIXT0_EEEPNS4_14compute_traitsIXT0_EE4typeE
    0 bytes stack frame, 0 bytes spill stores, 0 bytes spill loads
ptxas info    : Used 32 registers, used 1 barriers
ptxas info    : Compile time = 7.806 ms
ptxas info    : Compiling entry function '_ZN3aut12lns_strategy18gemv_thread_kernelINS_3lns8lns12_r6ELNS_8bitwidth12compute_kindE0ELNS4_14storage_layoutE1ELi1ELNS0_12decoder_kindE4ELNS0_13multiply_kindE1EEEvNS0_12storage_viewIT_XT1_EEESB_mmNS0_12table_bundleIXT0_EEEPNS4_14compute_traitsIXT0_EE4typeE' for 'sm_90'
ptxas info    : Function properties for _ZN3aut12lns_strategy18gemv_thread_kernelINS_3lns8lns12_r6ELNS_8bitwidth12compute_kindE0ELNS4_14storage_layoutE1ELi1ELNS0_12decoder_kindE4ELNS0_13multiply_kindE1EEEvNS0_12storage_viewIT_XT1_EEESB_mmNS0_12table_bundleIXT0_EEEPNS4_14compute_traitsIXT0_EE4typeE
    0 bytes stack frame, 0 bytes spill stores, 0 bytes spill loads
ptxas info    : Used 19 registers, used 1 barriers
ptxas info    : Compile time = 5.010 ms
ptxas info    : Compiling entry function '_ZN3aut12lns_strategy17dot_thread_kernelINS_3lns8lns12_r6ELNS_8bitwidth12compute_kindE0ELNS4_14storage_layoutE1ELi1ELNS0_12decoder_kindE4ELNS0_13multiply_kindE1EEEvNS0_12storage_viewIT_XT1_EEESB_mNS0_12table_bundleIXT0_EEEPNS4_14compute_traitsIXT0_EE4typeE' for 'sm_90'
ptxas info    : Function properties for _ZN3aut12lns_strategy17dot_thread_kernelINS_3lns8lns12_r6ELNS_8bitwidth12compute_kindE0ELNS4_14storage_layoutE1ELi1ELNS0_12decoder_kindE4ELNS0_13multiply_kindE1EEEvNS0_12storage_viewIT_XT1_EEESB_mNS0_12table_bundleIXT0_EEEPNS4_14compute_traitsIXT0_EE4typeE
    0 bytes stack frame, 0 bytes spill stores, 0 bytes spill loads
ptxas info    : Used 21 registers, used 1 barriers
ptxas info    : Compile time = 4.884 ms
ptxas info    : Compiling entry function '_ZN3aut12lns_strategy18gemv_thread_kernelINS_3lns8lns12_r6ELNS_8bitwidth12compute_kindE0ELNS4_14storage_layoutE0ELi1ELNS0_12decoder_kindE4ELNS0_13multiply_kindE1EEEvNS0_12storage_viewIT_XT1_EEESB_mmNS0_12table_bundleIXT0_EEEPNS4_14compute_traitsIXT0_EE4typeE' for 'sm_90'
ptxas info    : Function properties for _ZN3aut12lns_strategy18gemv_thread_kernelINS_3lns8lns12_r6ELNS_8bitwidth12compute_kindE0ELNS4_14storage_layoutE0ELi1ELNS0_12decoder_kindE4ELNS0_13multiply_kindE1EEEvNS0_12storage_viewIT_XT1_EEESB_mmNS0_12table_bundleIXT0_EEEPNS4_14compute_traitsIXT0_EE4typeE
    0 bytes stack frame, 0 bytes spill stores, 0 bytes spill loads
ptxas info    : Used 22 registers, used 1 barriers
ptxas info    : Compile time = 5.520 ms
ptxas info    : Compiling entry function '_ZN3aut12lns_strategy17dot_thread_kernelINS_3lns8lns12_r6ELNS_8bitwidth12compute_kindE0ELNS4_14storage_layoutE0ELi1ELNS0_12decoder_kindE4ELNS0_13multiply_kindE1EEEvNS0_12storage_viewIT_XT1_EEESB_mNS0_12table_bundleIXT0_EEEPNS4_14compute_traitsIXT0_EE4typeE' for 'sm_90'
ptxas info    : Function properties for _ZN3aut12lns_strategy17dot_thread_kernelINS_3lns8lns12_r6ELNS_8bitwidth12compute_kindE0ELNS4_14storage_layoutE0ELi1ELNS0_12decoder_kindE4ELNS0_13multiply_kindE1EEEvNS0_12storage_viewIT_XT1_EEESB_mNS0_12table_bundleIXT0_EEEPNS4_14compute_traitsIXT0_EE4typeE
    0 bytes stack frame, 0 bytes spill stores, 0 bytes spill loads
ptxas info    : Used 22 registers, used 1 barriers
ptxas info    : Compile time = 5.246 ms
ptxas info    : Compiling entry function '_ZN3aut12lns_strategy23gemv_cooperative_kernelINS_3lns8lns12_r6ELNS_8bitwidth12compute_kindE0ELNS0_12decoder_kindE4ELNS0_13multiply_kindE0EEEvPKjS9_mmNS0_12table_bundleIXT0_EEEPNS4_14compute_traitsIXT0_EE4typeE' for 'sm_90'
ptxas info    : Function properties for _ZN3aut12lns_strategy23gemv_cooperative_kernelINS_3lns8lns12_r6ELNS_8bitwidth12compute_kindE0ELNS0_12decoder_kindE4ELNS0_13multiply_kindE0EEEvPKjS9_mmNS0_12table_bundleIXT0_EEEPNS4_14compute_traitsIXT0_EE4typeE
    0 bytes stack frame, 0 bytes spill stores, 0 bytes spill loads
ptxas info    : Used 29 registers, used 1 barriers
ptxas info    : Compile time = 7.145 ms
ptxas info    : Compiling entry function '_ZN3aut12lns_strategy22dot_cooperative_kernelINS_3lns8lns12_r6ELNS_8bitwidth12compute_kindE0ELNS0_12decoder_kindE4ELNS0_13multiply_kindE0EEEvPKjS9_mNS0_12table_bundleIXT0_EEEPNS4_14compute_traitsIXT0_EE4typeE' for 'sm_90'
ptxas info    : Function properties for _ZN3aut12lns_strategy22dot_cooperative_kernelINS_3lns8lns12_r6ELNS_8bitwidth12compute_kindE0ELNS0_12decoder_kindE4ELNS0_13multiply_kindE0EEEvPKjS9_mNS0_12table_bundleIXT0_EEEPNS4_14compute_traitsIXT0_EE4typeE
    0 bytes stack frame, 0 bytes spill stores, 0 bytes spill loads
ptxas info    : Used 28 registers, used 1 barriers
ptxas info    : Compile time = 6.997 ms
ptxas info    : Compiling entry function '_ZN3aut12lns_strategy18gemv_thread_kernelINS_3lns8lns12_r6ELNS_8bitwidth12compute_kindE0ELNS4_14storage_layoutE1ELi8ELNS0_12decoder_kindE4ELNS0_13multiply_kindE0EEEvNS0_12storage_viewIT_XT1_EEESB_mmNS0_12table_bundleIXT0_EEEPNS4_14compute_traitsIXT0_EE4typeE' for 'sm_90'
ptxas info    : Function properties for _ZN3aut12lns_strategy18gemv_thread_kernelINS_3lns8lns12_r6ELNS_8bitwidth12compute_kindE0ELNS4_14storage_layoutE1ELi8ELNS0_12decoder_kindE4ELNS0_13multiply_kindE0EEEvNS0_12storage_viewIT_XT1_EEESB_mmNS0_12table_bundleIXT0_EEEPNS4_14compute_traitsIXT0_EE4typeE
    0 bytes stack frame, 0 bytes spill stores, 0 bytes spill loads
ptxas info    : Used 33 registers, used 1 barriers
ptxas info    : Compile time = 20.852 ms
ptxas info    : Compiling entry function '_ZN3aut12lns_strategy17dot_thread_kernelINS_3lns8lns12_r6ELNS_8bitwidth12compute_kindE0ELNS4_14storage_layoutE1ELi8ELNS0_12decoder_kindE4ELNS0_13multiply_kindE0EEEvNS0_12storage_viewIT_XT1_EEESB_mNS0_12table_bundleIXT0_EEEPNS4_14compute_traitsIXT0_EE4typeE' for 'sm_90'
ptxas info    : Function properties for _ZN3aut12lns_strategy17dot_thread_kernelINS_3lns8lns12_r6ELNS_8bitwidth12compute_kindE0ELNS4_14storage_layoutE1ELi8ELNS0_12decoder_kindE4ELNS0_13multiply_kindE0EEEvNS0_12storage_viewIT_XT1_EEESB_mNS0_12table_bundleIXT0_EEEPNS4_14compute_traitsIXT0_EE4typeE
    0 bytes stack frame, 0 bytes spill stores, 0 bytes spill loads
ptxas info    : Used 35 registers, used 1 barriers
ptxas info    : Compile time = 20.827 ms
ptxas info    : Compiling entry function '_ZN3aut12lns_strategy18gemv_thread_kernelINS_3lns8lns12_r6ELNS_8bitwidth12compute_kindE0ELNS4_14storage_layoutE1ELi4ELNS0_12decoder_kindE4ELNS0_13multiply_kindE0EEEvNS0_12storage_viewIT_XT1_EEESB_mmNS0_12table_bundleIXT0_EEEPNS4_14compute_traitsIXT0_EE4typeE' for 'sm_90'
ptxas info    : Function properties for _ZN3aut12lns_strategy18gemv_thread_kernelINS_3lns8lns12_r6ELNS_8bitwidth12compute_kindE0ELNS4_14storage_layoutE1ELi4ELNS0_12decoder_kindE4ELNS0_13multiply_kindE0EEEvNS0_12storage_viewIT_XT1_EEESB_mmNS0_12table_bundleIXT0_EEEPNS4_14compute_traitsIXT0_EE4typeE
    0 bytes stack frame, 0 bytes spill stores, 0 bytes spill loads
ptxas info    : Used 26 registers, used 1 barriers
ptxas info    : Compile time = 11.984 ms
ptxas info    : Compiling entry function '_ZN3aut12lns_strategy17dot_thread_kernelINS_3lns8lns12_r6ELNS_8bitwidth12compute_kindE0ELNS4_14storage_layoutE1ELi4ELNS0_12decoder_kindE4ELNS0_13multiply_kindE0EEEvNS0_12storage_viewIT_XT1_EEESB_mNS0_12table_bundleIXT0_EEEPNS4_14compute_traitsIXT0_EE4typeE' for 'sm_90'
ptxas info    : Function properties for _ZN3aut12lns_strategy17dot_thread_kernelINS_3lns8lns12_r6ELNS_8bitwidth12compute_kindE0ELNS4_14storage_layoutE1ELi4ELNS0_12decoder_kindE4ELNS0_13multiply_kindE0EEEvNS0_12storage_viewIT_XT1_EEESB_mNS0_12table_bundleIXT0_EEEPNS4_14compute_traitsIXT0_EE4typeE
    0 bytes stack frame, 0 bytes spill stores, 0 bytes spill loads
ptxas info    : Used 28 registers, used 1 barriers
ptxas info    : Compile time = 12.074 ms
ptxas info    : Compiling entry function '_ZN3aut12lns_strategy18gemv_thread_kernelINS_3lns8lns12_r6ELNS_8bitwidth12compute_kindE0ELNS4_14storage_layoutE1ELi2ELNS0_12decoder_kindE4ELNS0_13multiply_kindE0EEEvNS0_12storage_viewIT_XT1_EEESB_mmNS0_12table_bundleIXT0_EEEPNS4_14compute_traitsIXT0_EE4typeE' for 'sm_90'
ptxas info    : Function properties for _ZN3aut12lns_strategy18gemv_thread_kernelINS_3lns8lns12_r6ELNS_8bitwidth12compute_kindE0ELNS4_14storage_layoutE1ELi2ELNS0_12decoder_kindE4ELNS0_13multiply_kindE0EEEvNS0_12storage_viewIT_XT1_EEESB_mmNS0_12table_bundleIXT0_EEEPNS4_14compute_traitsIXT0_EE4typeE
    0 bytes stack frame, 0 bytes spill stores, 0 bytes spill loads
ptxas info    : Used 22 registers, used 1 barriers
ptxas info    : Compile time = 7.694 ms
ptxas info    : Compiling entry function '_ZN3aut12lns_strategy17dot_thread_kernelINS_3lns8lns12_r6ELNS_8bitwidth12compute_kindE0ELNS4_14storage_layoutE1ELi2ELNS0_12decoder_kindE4ELNS0_13multiply_kindE0EEEvNS0_12storage_viewIT_XT1_EEESB_mNS0_12table_bundleIXT0_EEEPNS4_14compute_traitsIXT0_EE4typeE' for 'sm_90'
ptxas info    : Function properties for _ZN3aut12lns_strategy17dot_thread_kernelINS_3lns8lns12_r6ELNS_8bitwidth12compute_kindE0ELNS4_14storage_layoutE1ELi2ELNS0_12decoder_kindE4ELNS0_13multiply_kindE0EEEvNS0_12storage_viewIT_XT1_EEESB_mNS0_12table_bundleIXT0_EEEPNS4_14compute_traitsIXT0_EE4typeE
    0 bytes stack frame, 0 bytes spill stores, 0 bytes spill loads
ptxas info    : Used 29 registers, used 1 barriers
ptxas info    : Compile time = 7.738 ms
ptxas info    : Compiling entry function '_ZN3aut12lns_strategy18gemv_thread_kernelINS_3lns8lns12_r6ELNS_8bitwidth12compute_kindE0ELNS4_14storage_layoutE0ELi8ELNS0_12decoder_kindE4ELNS0_13multiply_kindE0EEEvNS0_12storage_viewIT_XT1_EEESB_mmNS0_12table_bundleIXT0_EEEPNS4_14compute_traitsIXT0_EE4typeE' for 'sm_90'
ptxas info    : Function properties for _ZN3aut12lns_strategy18gemv_thread_kernelINS_3lns8lns12_r6ELNS_8bitwidth12compute_kindE0ELNS4_14storage_layoutE0ELi8ELNS0_12decoder_kindE4ELNS0_13multiply_kindE0EEEvNS0_12storage_viewIT_XT1_EEESB_mmNS0_12table_bundleIXT0_EEEPNS4_14compute_traitsIXT0_EE4typeE
    0 bytes stack frame, 0 bytes spill stores, 0 bytes spill loads
ptxas info    : Used 40 registers, used 1 barriers
ptxas info    : Compile time = 24.888 ms
ptxas info    : Compiling entry function '_ZN3aut12lns_strategy17dot_thread_kernelINS_3lns8lns12_r6ELNS_8bitwidth12compute_kindE0ELNS4_14storage_layoutE0ELi8ELNS0_12decoder_kindE4ELNS0_13multiply_kindE0EEEvNS0_12storage_viewIT_XT1_EEESB_mNS0_12table_bundleIXT0_EEEPNS4_14compute_traitsIXT0_EE4typeE' for 'sm_90'
ptxas info    : Function properties for _ZN3aut12lns_strategy17dot_thread_kernelINS_3lns8lns12_r6ELNS_8bitwidth12compute_kindE0ELNS4_14storage_layoutE0ELi8ELNS0_12decoder_kindE4ELNS0_13multiply_kindE0EEEvNS0_12storage_viewIT_XT1_EEESB_mNS0_12table_bundleIXT0_EEEPNS4_14compute_traitsIXT0_EE4typeE
    0 bytes stack frame, 0 bytes spill stores, 0 bytes spill loads
ptxas info    : Used 32 registers, used 1 barriers
ptxas info    : Compile time = 22.860 ms
ptxas info    : Compiling entry function '_ZN3aut12lns_strategy18gemv_thread_kernelINS_3lns8lns12_r6ELNS_8bitwidth12compute_kindE0ELNS4_14storage_layoutE0ELi4ELNS0_12decoder_kindE4ELNS0_13multiply_kindE0EEEvNS0_12storage_viewIT_XT1_EEESB_mmNS0_12table_bundleIXT0_EEEPNS4_14compute_traitsIXT0_EE4typeE' for 'sm_90'
ptxas info    : Function properties for _ZN3aut12lns_strategy18gemv_thread_kernelINS_3lns8lns12_r6ELNS_8bitwidth12compute_kindE0ELNS4_14storage_layoutE0ELi4ELNS0_12decoder_kindE4ELNS0_13multiply_kindE0EEEvNS0_12storage_viewIT_XT1_EEESB_mmNS0_12table_bundleIXT0_EEEPNS4_14compute_traitsIXT0_EE4typeE
    0 bytes stack frame, 0 bytes spill stores, 0 bytes spill loads
ptxas info    : Used 31 registers, used 1 barriers
ptxas info    : Compile time = 13.840 ms
ptxas info    : Compiling entry function '_ZN3aut12lns_strategy17dot_thread_kernelINS_3lns8lns12_r6ELNS_8bitwidth12compute_kindE0ELNS4_14storage_layoutE0ELi4ELNS0_12decoder_kindE4ELNS0_13multiply_kindE0EEEvNS0_12storage_viewIT_XT1_EEESB_mNS0_12table_bundleIXT0_EEEPNS4_14compute_traitsIXT0_EE4typeE' for 'sm_90'
ptxas info    : Function properties for _ZN3aut12lns_strategy17dot_thread_kernelINS_3lns8lns12_r6ELNS_8bitwidth12compute_kindE0ELNS4_14storage_layoutE0ELi4ELNS0_12decoder_kindE4ELNS0_13multiply_kindE0EEEvNS0_12storage_viewIT_XT1_EEESB_mNS0_12table_bundleIXT0_EEEPNS4_14compute_traitsIXT0_EE4typeE
    0 bytes stack frame, 0 bytes spill stores, 0 bytes spill loads
ptxas info    : Used 32 registers, used 1 barriers
ptxas info    : Compile time = 13.494 ms
ptxas info    : Compiling entry function '_ZN3aut12lns_strategy18gemv_thread_kernelINS_3lns8lns12_r6ELNS_8bitwidth12compute_kindE0ELNS4_14storage_layoutE0ELi2ELNS0_12decoder_kindE4ELNS0_13multiply_kindE0EEEvNS0_12storage_viewIT_XT1_EEESB_mmNS0_12table_bundleIXT0_EEEPNS4_14compute_traitsIXT0_EE4typeE' for 'sm_90'
ptxas info    : Function properties for _ZN3aut12lns_strategy18gemv_thread_kernelINS_3lns8lns12_r6ELNS_8bitwidth12compute_kindE0ELNS4_14storage_layoutE0ELi2ELNS0_12decoder_kindE4ELNS0_13multiply_kindE0EEEvNS0_12storage_viewIT_XT1_EEESB_mmNS0_12table_bundleIXT0_EEEPNS4_14compute_traitsIXT0_EE4typeE
    0 bytes stack frame, 0 bytes spill stores, 0 bytes spill loads
ptxas info    : Used 31 registers, used 1 barriers
ptxas info    : Compile time = 8.603 ms
ptxas info    : Compiling entry function '_ZN3aut12lns_strategy17dot_thread_kernelINS_3lns8lns12_r6ELNS_8bitwidth12compute_kindE0ELNS4_14storage_layoutE0ELi2ELNS0_12decoder_kindE4ELNS0_13multiply_kindE0EEEvNS0_12storage_viewIT_XT1_EEESB_mNS0_12table_bundleIXT0_EEEPNS4_14compute_traitsIXT0_EE4typeE' for 'sm_90'
ptxas info    : Function properties for _ZN3aut12lns_strategy17dot_thread_kernelINS_3lns8lns12_r6ELNS_8bitwidth12compute_kindE0ELNS4_14storage_layoutE0ELi2ELNS0_12decoder_kindE4ELNS0_13multiply_kindE0EEEvNS0_12storage_viewIT_XT1_EEESB_mNS0_12table_bundleIXT0_EEEPNS4_14compute_traitsIXT0_EE4typeE
    0 bytes stack frame, 0 bytes spill stores, 0 bytes spill loads
ptxas info    : Used 32 registers, used 1 barriers
ptxas info    : Compile time = 8.420 ms
ptxas info    : Compiling entry function '_ZN3aut12lns_strategy18gemv_thread_kernelINS_3lns8lns12_r6ELNS_8bitwidth12compute_kindE0ELNS4_14storage_layoutE1ELi1ELNS0_12decoder_kindE4ELNS0_13multiply_kindE0EEEvNS0_12storage_viewIT_XT1_EEESB_mmNS0_12table_bundleIXT0_EEEPNS4_14compute_traitsIXT0_EE4typeE' for 'sm_90'
ptxas info    : Function properties for _ZN3aut12lns_strategy18gemv_thread_kernelINS_3lns8lns12_r6ELNS_8bitwidth12compute_kindE0ELNS4_14storage_layoutE1ELi1ELNS0_12decoder_kindE4ELNS0_13multiply_kindE0EEEvNS0_12storage_viewIT_XT1_EEESB_mmNS0_12table_bundleIXT0_EEEPNS4_14compute_traitsIXT0_EE4typeE
    0 bytes stack frame, 0 bytes spill stores, 0 bytes spill loads
ptxas info    : Used 20 registers, used 1 barriers
ptxas info    : Compile time = 5.441 ms
ptxas info    : Compiling entry function '_ZN3aut12lns_strategy17dot_thread_kernelINS_3lns8lns12_r6ELNS_8bitwidth12compute_kindE0ELNS4_14storage_layoutE1ELi1ELNS0_12decoder_kindE4ELNS0_13multiply_kindE0EEEvNS0_12storage_viewIT_XT1_EEESB_mNS0_12table_bundleIXT0_EEEPNS4_14compute_traitsIXT0_EE4typeE' for 'sm_90'
ptxas info    : Function properties for _ZN3aut12lns_strategy17dot_thread_kernelINS_3lns8lns12_r6ELNS_8bitwidth12compute_kindE0ELNS4_14storage_layoutE1ELi1ELNS0_12decoder_kindE4ELNS0_13multiply_kindE0EEEvNS0_12storage_viewIT_XT1_EEESB_mNS0_12table_bundleIXT0_EEEPNS4_14compute_traitsIXT0_EE4typeE
    0 bytes stack frame, 0 bytes spill stores, 0 bytes spill loads
ptxas info    : Used 22 registers, used 1 barriers
ptxas info    : Compile time = 5.276 ms
ptxas info    : Compiling entry function '_ZN3aut12lns_strategy18gemv_thread_kernelINS_3lns8lns12_r6ELNS_8bitwidth12compute_kindE0ELNS4_14storage_layoutE0ELi1ELNS0_12decoder_kindE4ELNS0_13multiply_kindE0EEEvNS0_12storage_viewIT_XT1_EEESB_mmNS0_12table_bundleIXT0_EEEPNS4_14compute_traitsIXT0_EE4typeE' for 'sm_90'
ptxas info    : Function properties for _ZN3aut12lns_strategy18gemv_thread_kernelINS_3lns8lns12_r6ELNS_8bitwidth12compute_kindE0ELNS4_14storage_layoutE0ELi1ELNS0_12decoder_kindE4ELNS0_13multiply_kindE0EEEvNS0_12storage_viewIT_XT1_EEESB_mmNS0_12table_bundleIXT0_EEEPNS4_14compute_traitsIXT0_EE4typeE
    0 bytes stack frame, 0 bytes spill stores, 0 bytes spill loads
ptxas info    : Used 21 registers, used 1 barriers
ptxas info    : Compile time = 5.880 ms
ptxas info    : Compiling entry function '_ZN3aut12lns_strategy17dot_thread_kernelINS_3lns8lns12_r6ELNS_8bitwidth12compute_kindE0ELNS4_14storage_layoutE0ELi1ELNS0_12decoder_kindE4ELNS0_13multiply_kindE0EEEvNS0_12storage_viewIT_XT1_EEESB_mNS0_12table_bundleIXT0_EEEPNS4_14compute_traitsIXT0_EE4typeE' for 'sm_90'
ptxas info    : Function properties for _ZN3aut12lns_strategy17dot_thread_kernelINS_3lns8lns12_r6ELNS_8bitwidth12compute_kindE0ELNS4_14storage_layoutE0ELi1ELNS0_12decoder_kindE4ELNS0_13multiply_kindE0EEEvNS0_12storage_viewIT_XT1_EEESB_mNS0_12table_bundleIXT0_EEEPNS4_14compute_traitsIXT0_EE4typeE
    0 bytes stack frame, 0 bytes spill stores, 0 bytes spill loads
ptxas info    : Used 23 registers, used 1 barriers
ptxas info    : Compile time = 5.641 ms
ptxas info    : Compiling entry function '_ZN3aut12lns_strategy23gemv_cooperative_kernelINS_3lns8lns12_r6ELNS_8bitwidth12compute_kindE0ELNS0_12decoder_kindE3ELNS0_13multiply_kindE0EEEvPKjS9_mmNS0_12table_bundleIXT0_EEEPNS4_14compute_traitsIXT0_EE4typeE' for 'sm_90'
ptxas info    : Function properties for _ZN3aut12lns_strategy23gemv_cooperative_kernelINS_3lns8lns12_r6ELNS_8bitwidth12compute_kindE0ELNS0_12decoder_kindE3ELNS0_13multiply_kindE0EEEvPKjS9_mmNS0_12table_bundleIXT0_EEEPNS4_14compute_traitsIXT0_EE4typeE
    0 bytes stack frame, 0 bytes spill stores, 0 bytes spill loads
ptxas info    : Used 27 registers, used 1 barriers
ptxas info    : Compile time = 5.223 ms
ptxas info    : Compiling entry function '_ZN3aut12lns_strategy22dot_cooperative_kernelINS_3lns8lns12_r6ELNS_8bitwidth12compute_kindE0ELNS0_12decoder_kindE3ELNS0_13multiply_kindE0EEEvPKjS9_mNS0_12table_bundleIXT0_EEEPNS4_14compute_traitsIXT0_EE4typeE' for 'sm_90'
ptxas info    : Function properties for _ZN3aut12lns_strategy22dot_cooperative_kernelINS_3lns8lns12_r6ELNS_8bitwidth12compute_kindE0ELNS0_12decoder_kindE3ELNS0_13multiply_kindE0EEEvPKjS9_mNS0_12table_bundleIXT0_EEEPNS4_14compute_traitsIXT0_EE4typeE
    0 bytes stack frame, 0 bytes spill stores, 0 bytes spill loads
ptxas info    : Used 25 registers, used 1 barriers
ptxas info    : Compile time = 5.128 ms
ptxas info    : Compiling entry function '_ZN3aut12lns_strategy18gemv_thread_kernelINS_3lns8lns12_r6ELNS_8bitwidth12compute_kindE0ELNS4_14storage_layoutE1ELi8ELNS0_12decoder_kindE3ELNS0_13multiply_kindE0EEEvNS0_12storage_viewIT_XT1_EEESB_mmNS0_12table_bundleIXT0_EEEPNS4_14compute_traitsIXT0_EE4typeE' for 'sm_90'
ptxas info    : Function properties for _ZN3aut12lns_strategy18gemv_thread_kernelINS_3lns8lns12_r6ELNS_8bitwidth12compute_kindE0ELNS4_14storage_layoutE1ELi8ELNS0_12decoder_kindE3ELNS0_13multiply_kindE0EEEvNS0_12storage_viewIT_XT1_EEESB_mmNS0_12table_bundleIXT0_EEEPNS4_14compute_traitsIXT0_EE4typeE
    0 bytes stack frame, 0 bytes spill stores, 0 bytes spill loads
ptxas info    : Used 31 registers, used 1 barriers
ptxas info    : Compile time = 6.138 ms
ptxas info    : Compiling entry function '_ZN3aut12lns_strategy17dot_thread_kernelINS_3lns8lns12_r6ELNS_8bitwidth12compute_kindE0ELNS4_14storage_layoutE1ELi8ELNS0_12decoder_kindE3ELNS0_13multiply_kindE0EEEvNS0_12storage_viewIT_XT1_EEESB_mNS0_12table_bundleIXT0_EEEPNS4_14compute_traitsIXT0_EE4typeE' for 'sm_90'
ptxas info    : Function properties for _ZN3aut12lns_strategy17dot_thread_kernelINS_3lns8lns12_r6ELNS_8bitwidth12compute_kindE0ELNS4_14storage_layoutE1ELi8ELNS0_12decoder_kindE3ELNS0_13multiply_kindE0EEEvNS0_12storage_viewIT_XT1_EEESB_mNS0_12table_bundleIXT0_EEEPNS4_14compute_traitsIXT0_EE4typeE
    0 bytes stack frame, 0 bytes spill stores, 0 bytes spill loads
ptxas info    : Used 32 registers, used 1 barriers
ptxas info    : Compile time = 6.189 ms
ptxas info    : Compiling entry function '_ZN3aut12lns_strategy18gemv_thread_kernelINS_3lns8lns12_r6ELNS_8bitwidth12compute_kindE0ELNS4_14storage_layoutE1ELi4ELNS0_12decoder_kindE3ELNS0_13multiply_kindE0EEEvNS0_12storage_viewIT_XT1_EEESB_mmNS0_12table_bundleIXT0_EEEPNS4_14compute_traitsIXT0_EE4typeE' for 'sm_90'
ptxas info    : Function properties for _ZN3aut12lns_strategy18gemv_thread_kernelINS_3lns8lns12_r6ELNS_8bitwidth12compute_kindE0ELNS4_14storage_layoutE1ELi4ELNS0_12decoder_kindE3ELNS0_13multiply_kindE0EEEvNS0_12storage_viewIT_XT1_EEESB_mmNS0_12table_bundleIXT0_EEEPNS4_14compute_traitsIXT0_EE4typeE
    0 bytes stack frame, 0 bytes spill stores, 0 bytes spill loads
ptxas info    : Used 22 registers, used 1 barriers
ptxas info    : Compile time = 4.663 ms
ptxas info    : Compiling entry function '_ZN3aut12lns_strategy17dot_thread_kernelINS_3lns8lns12_r6ELNS_8bitwidth12compute_kindE0ELNS4_14storage_layoutE1ELi4ELNS0_12decoder_kindE3ELNS0_13multiply_kindE0EEEvNS0_12storage_viewIT_XT1_EEESB_mNS0_12table_bundleIXT0_EEEPNS4_14compute_traitsIXT0_EE4typeE' for 'sm_90'
ptxas info    : Function properties for _ZN3aut12lns_strategy17dot_thread_kernelINS_3lns8lns12_r6ELNS_8bitwidth12compute_kindE0ELNS4_14storage_layoutE1ELi4ELNS0_12decoder_kindE3ELNS0_13multiply_kindE0EEEvNS0_12storage_viewIT_XT1_EEESB_mNS0_12table_bundleIXT0_EEEPNS4_14compute_traitsIXT0_EE4typeE
    0 bytes stack frame, 0 bytes spill stores, 0 bytes spill loads
ptxas info    : Used 25 registers, used 1 barriers
ptxas info    : Compile time = 4.709 ms
ptxas info    : Compiling entry function '_ZN3aut12lns_strategy18gemv_thread_kernelINS_3lns8lns12_r6ELNS_8bitwidth12compute_kindE0ELNS4_14storage_layoutE1ELi2ELNS0_12decoder_kindE3ELNS0_13multiply_kindE0EEEvNS0_12storage_viewIT_XT1_EEESB_mmNS0_12table_bundleIXT0_EEEPNS4_14compute_traitsIXT0_EE4typeE' for 'sm_90'
ptxas info    : Function properties for _ZN3aut12lns_strategy18gemv_thread_kernelINS_3lns8lns12_r6ELNS_8bitwidth12compute_kindE0ELNS4_14storage_layoutE1ELi2ELNS0_12decoder_kindE3ELNS0_13multiply_kindE0EEEvNS0_12storage_viewIT_XT1_EEESB_mmNS0_12table_bundleIXT0_EEEPNS4_14compute_traitsIXT0_EE4typeE
    0 bytes stack frame, 0 bytes spill stores, 0 bytes spill loads
ptxas info    : Used 19 registers, used 1 barriers
ptxas info    : Compile time = 4.068 ms
ptxas info    : Compiling entry function '_ZN3aut12lns_strategy17dot_thread_kernelINS_3lns8lns12_r6ELNS_8bitwidth12compute_kindE0ELNS4_14storage_layoutE1ELi2ELNS0_12decoder_kindE3ELNS0_13multiply_kindE0EEEvNS0_12storage_viewIT_XT1_EEESB_mNS0_12table_bundleIXT0_EEEPNS4_14compute_traitsIXT0_EE4typeE' for 'sm_90'
ptxas info    : Function properties for _ZN3aut12lns_strategy17dot_thread_kernelINS_3lns8lns12_r6ELNS_8bitwidth12compute_kindE0ELNS4_14storage_layoutE1ELi2ELNS0_12decoder_kindE3ELNS0_13multiply_kindE0EEEvNS0_12storage_viewIT_XT1_EEESB_mNS0_12table_bundleIXT0_EEEPNS4_14compute_traitsIXT0_EE4typeE
    0 bytes stack frame, 0 bytes spill stores, 0 bytes spill loads
ptxas info    : Used 25 registers, used 1 barriers
ptxas info    : Compile time = 4.045 ms
ptxas info    : Compiling entry function '_ZN3aut12lns_strategy18gemv_thread_kernelINS_3lns8lns12_r6ELNS_8bitwidth12compute_kindE0ELNS4_14storage_layoutE0ELi8ELNS0_12decoder_kindE3ELNS0_13multiply_kindE0EEEvNS0_12storage_viewIT_XT1_EEESB_mmNS0_12table_bundleIXT0_EEEPNS4_14compute_traitsIXT0_EE4typeE' for 'sm_90'
ptxas info    : Function properties for _ZN3aut12lns_strategy18gemv_thread_kernelINS_3lns8lns12_r6ELNS_8bitwidth12compute_kindE0ELNS4_14storage_layoutE0ELi8ELNS0_12decoder_kindE3ELNS0_13multiply_kindE0EEEvNS0_12storage_viewIT_XT1_EEESB_mmNS0_12table_bundleIXT0_EEEPNS4_14compute_traitsIXT0_EE4typeE
    0 bytes stack frame, 0 bytes spill stores, 0 bytes spill loads
ptxas info    : Used 32 registers, used 1 barriers
ptxas info    : Compile time = 9.502 ms
ptxas info    : Compiling entry function '_ZN3aut12lns_strategy17dot_thread_kernelINS_3lns8lns12_r6ELNS_8bitwidth12compute_kindE0ELNS4_14storage_layoutE0ELi8ELNS0_12decoder_kindE3ELNS0_13multiply_kindE0EEEvNS0_12storage_viewIT_XT1_EEESB_mNS0_12table_bundleIXT0_EEEPNS4_14compute_traitsIXT0_EE4typeE' for 'sm_90'
ptxas info    : Function properties for _ZN3aut12lns_strategy17dot_thread_kernelINS_3lns8lns12_r6ELNS_8bitwidth12compute_kindE0ELNS4_14storage_layoutE0ELi8ELNS0_12decoder_kindE3ELNS0_13multiply_kindE0EEEvNS0_12storage_viewIT_XT1_EEESB_mNS0_12table_bundleIXT0_EEEPNS4_14compute_traitsIXT0_EE4typeE
    0 bytes stack frame, 0 bytes spill stores, 0 bytes spill loads
ptxas info    : Used 32 registers, used 1 barriers
ptxas info    : Compile time = 7.622 ms
ptxas info    : Compiling entry function '_ZN3aut12lns_strategy18gemv_thread_kernelINS_3lns8lns12_r6ELNS_8bitwidth12compute_kindE0ELNS4_14storage_layoutE0ELi4ELNS0_12decoder_kindE3ELNS0_13multiply_kindE0EEEvNS0_12storage_viewIT_XT1_EEESB_mmNS0_12table_bundleIXT0_EEEPNS4_14compute_traitsIXT0_EE4typeE' for 'sm_90'
ptxas info    : Function properties for _ZN3aut12lns_strategy18gemv_thread_kernelINS_3lns8lns12_r6ELNS_8bitwidth12compute_kindE0ELNS4_14storage_layoutE0ELi4ELNS0_12decoder_kindE3ELNS0_13multiply_kindE0EEEvNS0_12storage_viewIT_XT1_EEESB_mmNS0_12table_bundleIXT0_EEEPNS4_14compute_traitsIXT0_EE4typeE
    0 bytes stack frame, 0 bytes spill stores, 0 bytes spill loads
ptxas info    : Used 31 registers, used 1 barriers
ptxas info    : Compile time = 6.648 ms
ptxas info    : Compiling entry function '_ZN3aut12lns_strategy17dot_thread_kernelINS_3lns8lns12_r6ELNS_8bitwidth12compute_kindE0ELNS4_14storage_layoutE0ELi4ELNS0_12decoder_kindE3ELNS0_13multiply_kindE0EEEvNS0_12storage_viewIT_XT1_EEESB_mNS0_12table_bundleIXT0_EEEPNS4_14compute_traitsIXT0_EE4typeE' for 'sm_90'
ptxas info    : Function properties for _ZN3aut12lns_strategy17dot_thread_kernelINS_3lns8lns12_r6ELNS_8bitwidth12compute_kindE0ELNS4_14storage_layoutE0ELi4ELNS0_12decoder_kindE3ELNS0_13multiply_kindE0EEEvNS0_12storage_viewIT_XT1_EEESB_mNS0_12table_bundleIXT0_EEEPNS4_14compute_traitsIXT0_EE4typeE
    0 bytes stack frame, 0 bytes spill stores, 0 bytes spill loads
ptxas info    : Used 32 registers, used 1 barriers
ptxas info    : Compile time = 6.373 ms
ptxas info    : Compiling entry function '_ZN3aut12lns_strategy18gemv_thread_kernelINS_3lns8lns12_r6ELNS_8bitwidth12compute_kindE0ELNS4_14storage_layoutE0ELi2ELNS0_12decoder_kindE3ELNS0_13multiply_kindE0EEEvNS0_12storage_viewIT_XT1_EEESB_mmNS0_12table_bundleIXT0_EEEPNS4_14compute_traitsIXT0_EE4typeE' for 'sm_90'
ptxas info    : Function properties for _ZN3aut12lns_strategy18gemv_thread_kernelINS_3lns8lns12_r6ELNS_8bitwidth12compute_kindE0ELNS4_14storage_layoutE0ELi2ELNS0_12decoder_kindE3ELNS0_13multiply_kindE0EEEvNS0_12storage_viewIT_XT1_EEESB_mmNS0_12table_bundleIXT0_EEEPNS4_14compute_traitsIXT0_EE4typeE
    0 bytes stack frame, 0 bytes spill stores, 0 bytes spill loads
ptxas info    : Used 31 registers, used 1 barriers
ptxas info    : Compile time = 4.965 ms
ptxas info    : Compiling entry function '_ZN3aut12lns_strategy17dot_thread_kernelINS_3lns8lns12_r6ELNS_8bitwidth12compute_kindE0ELNS4_14storage_layoutE0ELi2ELNS0_12decoder_kindE3ELNS0_13multiply_kindE0EEEvNS0_12storage_viewIT_XT1_EEESB_mNS0_12table_bundleIXT0_EEEPNS4_14compute_traitsIXT0_EE4typeE' for 'sm_90'
ptxas info    : Function properties for _ZN3aut12lns_strategy17dot_thread_kernelINS_3lns8lns12_r6ELNS_8bitwidth12compute_kindE0ELNS4_14storage_layoutE0ELi2ELNS0_12decoder_kindE3ELNS0_13multiply_kindE0EEEvNS0_12storage_viewIT_XT1_EEESB_mNS0_12table_bundleIXT0_EEEPNS4_14compute_traitsIXT0_EE4typeE
    0 bytes stack frame, 0 bytes spill stores, 0 bytes spill loads
ptxas info    : Used 32 registers, used 1 barriers
ptxas info    : Compile time = 4.837 ms
ptxas info    : Compiling entry function '_ZN3aut12lns_strategy18gemv_thread_kernelINS_3lns8lns12_r6ELNS_8bitwidth12compute_kindE0ELNS4_14storage_layoutE1ELi1ELNS0_12decoder_kindE3ELNS0_13multiply_kindE0EEEvNS0_12storage_viewIT_XT1_EEESB_mmNS0_12table_bundleIXT0_EEEPNS4_14compute_traitsIXT0_EE4typeE' for 'sm_90'
ptxas info    : Function properties for _ZN3aut12lns_strategy18gemv_thread_kernelINS_3lns8lns12_r6ELNS_8bitwidth12compute_kindE0ELNS4_14storage_layoutE1ELi1ELNS0_12decoder_kindE3ELNS0_13multiply_kindE0EEEvNS0_12storage_viewIT_XT1_EEESB_mmNS0_12table_bundleIXT0_EEEPNS4_14compute_traitsIXT0_EE4typeE
    0 bytes stack frame, 0 bytes spill stores, 0 bytes spill loads
ptxas info    : Used 19 registers, used 1 barriers
ptxas info    : Compile time = 3.513 ms
ptxas info    : Compiling entry function '_ZN3aut12lns_strategy17dot_thread_kernelINS_3lns8lns12_r6ELNS_8bitwidth12compute_kindE0ELNS4_14storage_layoutE1ELi1ELNS0_12decoder_kindE3ELNS0_13multiply_kindE0EEEvNS0_12storage_viewIT_XT1_EEESB_mNS0_12table_bundleIXT0_EEEPNS4_14compute_traitsIXT0_EE4typeE' for 'sm_90'
ptxas info    : Function properties for _ZN3aut12lns_strategy17dot_thread_kernelINS_3lns8lns12_r6ELNS_8bitwidth12compute_kindE0ELNS4_14storage_layoutE1ELi1ELNS0_12decoder_kindE3ELNS0_13multiply_kindE0EEEvNS0_12storage_viewIT_XT1_EEESB_mNS0_12table_bundleIXT0_EEEPNS4_14compute_traitsIXT0_EE4typeE
    0 bytes stack frame, 0 bytes spill stores, 0 bytes spill loads
ptxas info    : Used 22 registers, used 1 barriers
ptxas info    : Compile time = 3.387 ms
ptxas info    : Compiling entry function '_ZN3aut12lns_strategy18gemv_thread_kernelINS_3lns8lns12_r6ELNS_8bitwidth12compute_kindE0ELNS4_14storage_layoutE0ELi1ELNS0_12decoder_kindE3ELNS0_13multiply_kindE0EEEvNS0_12storage_viewIT_XT1_EEESB_mmNS0_12table_bundleIXT0_EEEPNS4_14compute_traitsIXT0_EE4typeE' for 'sm_90'
ptxas info    : Function properties for _ZN3aut12lns_strategy18gemv_thread_kernelINS_3lns8lns12_r6ELNS_8bitwidth12compute_kindE0ELNS4_14storage_layoutE0ELi1ELNS0_12decoder_kindE3ELNS0_13multiply_kindE0EEEvNS0_12storage_viewIT_XT1_EEESB_mmNS0_12table_bundleIXT0_EEEPNS4_14compute_traitsIXT0_EE4typeE
    0 bytes stack frame, 0 bytes spill stores, 0 bytes spill loads
ptxas info    : Used 23 registers, used 1 barriers
ptxas info    : Compile time = 3.978 ms
ptxas info    : Compiling entry function '_ZN3aut12lns_strategy17dot_thread_kernelINS_3lns8lns12_r6ELNS_8bitwidth12compute_kindE0ELNS4_14storage_layoutE0ELi1ELNS0_12decoder_kindE3ELNS0_13multiply_kindE0EEEvNS0_12storage_viewIT_XT1_EEESB_mNS0_12table_bundleIXT0_EEEPNS4_14compute_traitsIXT0_EE4typeE' for 'sm_90'
ptxas info    : Function properties for _ZN3aut12lns_strategy17dot_thread_kernelINS_3lns8lns12_r6ELNS_8bitwidth12compute_kindE0ELNS4_14storage_layoutE0ELi1ELNS0_12decoder_kindE3ELNS0_13multiply_kindE0EEEvNS0_12storage_viewIT_XT1_EEESB_mNS0_12table_bundleIXT0_EEEPNS4_14compute_traitsIXT0_EE4typeE
    0 bytes stack frame, 0 bytes spill stores, 0 bytes spill loads
ptxas info    : Used 22 registers, used 1 barriers
ptxas info    : Compile time = 3.707 ms
ptxas info    : Compiling entry function '_ZN3aut12lns_strategy23gemv_cooperative_kernelINS_3lns8lns12_r6ELNS_8bitwidth12compute_kindE0ELNS0_12decoder_kindE2ELNS0_13multiply_kindE0EEEvPKjS9_mmNS0_12table_bundleIXT0_EEEPNS4_14compute_traitsIXT0_EE4typeE' for 'sm_90'
ptxas info    : Function properties for _ZN3aut12lns_strategy23gemv_cooperative_kernelINS_3lns8lns12_r6ELNS_8bitwidth12compute_kindE0ELNS0_12decoder_kindE2ELNS0_13multiply_kindE0EEEvPKjS9_mmNS0_12table_bundleIXT0_EEEPNS4_14compute_traitsIXT0_EE4typeE
    0 bytes stack frame, 0 bytes spill stores, 0 bytes spill loads
ptxas info    : Used 27 registers, used 1 barriers
ptxas info    : Compile time = 4.676 ms
ptxas info    : Compiling entry function '_ZN3aut12lns_strategy22dot_cooperative_kernelINS_3lns8lns12_r6ELNS_8bitwidth12compute_kindE0ELNS0_12decoder_kindE2ELNS0_13multiply_kindE0EEEvPKjS9_mNS0_12table_bundleIXT0_EEEPNS4_14compute_traitsIXT0_EE4typeE' for 'sm_90'
ptxas info    : Function properties for _ZN3aut12lns_strategy22dot_cooperative_kernelINS_3lns8lns12_r6ELNS_8bitwidth12compute_kindE0ELNS0_12decoder_kindE2ELNS0_13multiply_kindE0EEEvPKjS9_mNS0_12table_bundleIXT0_EEEPNS4_14compute_traitsIXT0_EE4typeE
    0 bytes stack frame, 0 bytes spill stores, 0 bytes spill loads
ptxas info    : Used 24 registers, used 1 barriers
ptxas info    : Compile time = 4.536 ms
ptxas info    : Compiling entry function '_ZN3aut12lns_strategy18gemv_thread_kernelINS_3lns8lns12_r6ELNS_8bitwidth12compute_kindE0ELNS4_14storage_layoutE1ELi8ELNS0_12decoder_kindE2ELNS0_13multiply_kindE0EEEvNS0_12storage_viewIT_XT1_EEESB_mmNS0_12table_bundleIXT0_EEEPNS4_14compute_traitsIXT0_EE4typeE' for 'sm_90'
ptxas info    : Function properties for _ZN3aut12lns_strategy18gemv_thread_kernelINS_3lns8lns12_r6ELNS_8bitwidth12compute_kindE0ELNS4_14storage_layoutE1ELi8ELNS0_12decoder_kindE2ELNS0_13multiply_kindE0EEEvNS0_12storage_viewIT_XT1_EEESB_mmNS0_12table_bundleIXT0_EEEPNS4_14compute_traitsIXT0_EE4typeE
    0 bytes stack frame, 0 bytes spill stores, 0 bytes spill loads
ptxas info    : Used 32 registers, used 1 barriers
ptxas info    : Compile time = 6.436 ms
ptxas info    : Compiling entry function '_ZN3aut12lns_strategy17dot_thread_kernelINS_3lns8lns12_r6ELNS_8bitwidth12compute_kindE0ELNS4_14storage_layoutE1ELi8ELNS0_12decoder_kindE2ELNS0_13multiply_kindE0EEEvNS0_12storage_viewIT_XT1_EEESB_mNS0_12table_bundleIXT0_EEEPNS4_14compute_traitsIXT0_EE4typeE' for 'sm_90'
ptxas info    : Function properties for _ZN3aut12lns_strategy17dot_thread_kernelINS_3lns8lns12_r6ELNS_8bitwidth12compute_kindE0ELNS4_14storage_layoutE1ELi8ELNS0_12decoder_kindE2ELNS0_13multiply_kindE0EEEvNS0_12storage_viewIT_XT1_EEESB_mNS0_12table_bundleIXT0_EEEPNS4_14compute_traitsIXT0_EE4typeE
    0 bytes stack frame, 0 bytes spill stores, 0 bytes spill loads
ptxas info    : Used 32 registers, used 1 barriers
ptxas info    : Compile time = 6.422 ms
ptxas info    : Compiling entry function '_ZN3aut12lns_strategy18gemv_thread_kernelINS_3lns8lns12_r6ELNS_8bitwidth12compute_kindE0ELNS4_14storage_layoutE1ELi4ELNS0_12decoder_kindE2ELNS0_13multiply_kindE0EEEvNS0_12storage_viewIT_XT1_EEESB_mmNS0_12table_bundleIXT0_EEEPNS4_14compute_traitsIXT0_EE4typeE' for 'sm_90'
ptxas info    : Function properties for _ZN3aut12lns_strategy18gemv_thread_kernelINS_3lns8lns12_r6ELNS_8bitwidth12compute_kindE0ELNS4_14storage_layoutE1ELi4ELNS0_12decoder_kindE2ELNS0_13multiply_kindE0EEEvNS0_12storage_viewIT_XT1_EEESB_mmNS0_12table_bundleIXT0_EEEPNS4_14compute_traitsIXT0_EE4typeE
    0 bytes stack frame, 0 bytes spill stores, 0 bytes spill loads
ptxas info    : Used 32 registers, used 1 barriers
ptxas info    : Compile time = 4.506 ms
ptxas info    : Compiling entry function '_ZN3aut12lns_strategy17dot_thread_kernelINS_3lns8lns12_r6ELNS_8bitwidth12compute_kindE0ELNS4_14storage_layoutE1ELi4ELNS0_12decoder_kindE2ELNS0_13multiply_kindE0EEEvNS0_12storage_viewIT_XT1_EEESB_mNS0_12table_bundleIXT0_EEEPNS4_14compute_traitsIXT0_EE4typeE' for 'sm_90'
ptxas info    : Function properties for _ZN3aut12lns_strategy17dot_thread_kernelINS_3lns8lns12_r6ELNS_8bitwidth12compute_kindE0ELNS4_14storage_layoutE1ELi4ELNS0_12decoder_kindE2ELNS0_13multiply_kindE0EEEvNS0_12storage_viewIT_XT1_EEESB_mNS0_12table_bundleIXT0_EEEPNS4_14compute_traitsIXT0_EE4typeE
    0 bytes stack frame, 0 bytes spill stores, 0 bytes spill loads
ptxas info    : Used 32 registers, used 1 barriers
ptxas info    : Compile time = 4.517 ms
ptxas info    : Compiling entry function '_ZN3aut12lns_strategy18gemv_thread_kernelINS_3lns8lns12_r6ELNS_8bitwidth12compute_kindE0ELNS4_14storage_layoutE1ELi2ELNS0_12decoder_kindE2ELNS0_13multiply_kindE0EEEvNS0_12storage_viewIT_XT1_EEESB_mmNS0_12table_bundleIXT0_EEEPNS4_14compute_traitsIXT0_EE4typeE' for 'sm_90'
ptxas info    : Function properties for _ZN3aut12lns_strategy18gemv_thread_kernelINS_3lns8lns12_r6ELNS_8bitwidth12compute_kindE0ELNS4_14storage_layoutE1ELi2ELNS0_12decoder_kindE2ELNS0_13multiply_kindE0EEEvNS0_12storage_viewIT_XT1_EEESB_mmNS0_12table_bundleIXT0_EEEPNS4_14compute_traitsIXT0_EE4typeE
    0 bytes stack frame, 0 bytes spill stores, 0 bytes spill loads
ptxas info    : Used 22 registers, used 1 barriers
ptxas info    : Compile time = 3.581 ms
ptxas info    : Compiling entry function '_ZN3aut12lns_strategy17dot_thread_kernelINS_3lns8lns12_r6ELNS_8bitwidth12compute_kindE0ELNS4_14storage_layoutE1ELi2ELNS0_12decoder_kindE2ELNS0_13multiply_kindE0EEEvNS0_12storage_viewIT_XT1_EEESB_mNS0_12table_bundleIXT0_EEEPNS4_14compute_traitsIXT0_EE4typeE' for 'sm_90'
ptxas info    : Function properties for _ZN3aut12lns_strategy17dot_thread_kernelINS_3lns8lns12_r6ELNS_8bitwidth12compute_kindE0ELNS4_14storage_layoutE1ELi2ELNS0_12decoder_kindE2ELNS0_13multiply_kindE0EEEvNS0_12storage_viewIT_XT1_EEESB_mNS0_12table_bundleIXT0_EEEPNS4_14compute_traitsIXT0_EE4typeE
    0 bytes stack frame, 0 bytes spill stores, 0 bytes spill loads
ptxas info    : Used 24 registers, used 1 barriers
ptxas info    : Compile time = 3.614 ms
ptxas info    : Compiling entry function '_ZN3aut12lns_strategy18gemv_thread_kernelINS_3lns8lns12_r6ELNS_8bitwidth12compute_kindE0ELNS4_14storage_layoutE0ELi8ELNS0_12decoder_kindE2ELNS0_13multiply_kindE0EEEvNS0_12storage_viewIT_XT1_EEESB_mmNS0_12table_bundleIXT0_EEEPNS4_14compute_traitsIXT0_EE4typeE' for 'sm_90'
ptxas info    : Function properties for _ZN3aut12lns_strategy18gemv_thread_kernelINS_3lns8lns12_r6ELNS_8bitwidth12compute_kindE0ELNS4_14storage_layoutE0ELi8ELNS0_12decoder_kindE2ELNS0_13multiply_kindE0EEEvNS0_12storage_viewIT_XT1_EEESB_mmNS0_12table_bundleIXT0_EEEPNS4_14compute_traitsIXT0_EE4typeE
    0 bytes stack frame, 0 bytes spill stores, 0 bytes spill loads
ptxas info    : Used 38 registers, used 1 barriers
ptxas info    : Compile time = 9.580 ms
ptxas info    : Compiling entry function '_ZN3aut12lns_strategy17dot_thread_kernelINS_3lns8lns12_r6ELNS_8bitwidth12compute_kindE0ELNS4_14storage_layoutE0ELi8ELNS0_12decoder_kindE2ELNS0_13multiply_kindE0EEEvNS0_12storage_viewIT_XT1_EEESB_mNS0_12table_bundleIXT0_EEEPNS4_14compute_traitsIXT0_EE4typeE' for 'sm_90'
ptxas info    : Function properties for _ZN3aut12lns_strategy17dot_thread_kernelINS_3lns8lns12_r6ELNS_8bitwidth12compute_kindE0ELNS4_14storage_layoutE0ELi8ELNS0_12decoder_kindE2ELNS0_13multiply_kindE0EEEvNS0_12storage_viewIT_XT1_EEESB_mNS0_12table_bundleIXT0_EEEPNS4_14compute_traitsIXT0_EE4typeE
    0 bytes stack frame, 0 bytes spill stores, 0 bytes spill loads
ptxas info    : Used 36 registers, used 1 barriers
ptxas info    : Compile time = 7.588 ms
ptxas info    : Compiling entry function '_ZN3aut12lns_strategy18gemv_thread_kernelINS_3lns8lns12_r6ELNS_8bitwidth12compute_kindE0ELNS4_14storage_layoutE0ELi4ELNS0_12decoder_kindE2ELNS0_13multiply_kindE0EEEvNS0_12storage_viewIT_XT1_EEESB_mmNS0_12table_bundleIXT0_EEEPNS4_14compute_traitsIXT0_EE4typeE' for 'sm_90'
ptxas info    : Function properties for _ZN3aut12lns_strategy18gemv_thread_kernelINS_3lns8lns12_r6ELNS_8bitwidth12compute_kindE0ELNS4_14storage_layoutE0ELi4ELNS0_12decoder_kindE2ELNS0_13multiply_kindE0EEEvNS0_12storage_viewIT_XT1_EEESB_mmNS0_12table_bundleIXT0_EEEPNS4_14compute_traitsIXT0_EE4typeE
    0 bytes stack frame, 0 bytes spill stores, 0 bytes spill loads
ptxas info    : Used 32 registers, used 1 barriers
ptxas info    : Compile time = 6.284 ms
ptxas info    : Compiling entry function '_ZN3aut12lns_strategy17dot_thread_kernelINS_3lns8lns12_r6ELNS_8bitwidth12compute_kindE0ELNS4_14storage_layoutE0ELi4ELNS0_12decoder_kindE2ELNS0_13multiply_kindE0EEEvNS0_12storage_viewIT_XT1_EEESB_mNS0_12table_bundleIXT0_EEEPNS4_14compute_traitsIXT0_EE4typeE' for 'sm_90'
ptxas info    : Function properties for _ZN3aut12lns_strategy17dot_thread_kernelINS_3lns8lns12_r6ELNS_8bitwidth12compute_kindE0ELNS4_14storage_layoutE0ELi4ELNS0_12decoder_kindE2ELNS0_13multiply_kindE0EEEvNS0_12storage_viewIT_XT1_EEESB_mNS0_12table_bundleIXT0_EEEPNS4_14compute_traitsIXT0_EE4typeE
    0 bytes stack frame, 0 bytes spill stores, 0 bytes spill loads
ptxas info    : Used 32 registers, used 1 barriers
ptxas info    : Compile time = 5.958 ms
ptxas info    : Compiling entry function '_ZN3aut12lns_strategy18gemv_thread_kernelINS_3lns8lns12_r6ELNS_8bitwidth12compute_kindE0ELNS4_14storage_layoutE0ELi2ELNS0_12decoder_kindE2ELNS0_13multiply_kindE0EEEvNS0_12storage_viewIT_XT1_EEESB_mmNS0_12table_bundleIXT0_EEEPNS4_14compute_traitsIXT0_EE4typeE' for 'sm_90'
ptxas info    : Function properties for _ZN3aut12lns_strategy18gemv_thread_kernelINS_3lns8lns12_r6ELNS_8bitwidth12compute_kindE0ELNS4_14storage_layoutE0ELi2ELNS0_12decoder_kindE2ELNS0_13multiply_kindE0EEEvNS0_12storage_viewIT_XT1_EEESB_mmNS0_12table_bundleIXT0_EEEPNS4_14compute_traitsIXT0_EE4typeE
    0 bytes stack frame, 0 bytes spill stores, 0 bytes spill loads
ptxas info    : Used 29 registers, used 1 barriers
ptxas info    : Compile time = 4.608 ms
ptxas info    : Compiling entry function '_ZN3aut12lns_strategy17dot_thread_kernelINS_3lns8lns12_r6ELNS_8bitwidth12compute_kindE0ELNS4_14storage_layoutE0ELi2ELNS0_12decoder_kindE2ELNS0_13multiply_kindE0EEEvNS0_12storage_viewIT_XT1_EEESB_mNS0_12table_bundleIXT0_EEEPNS4_14compute_traitsIXT0_EE4typeE' for 'sm_90'
ptxas info    : Function properties for _ZN3aut12lns_strategy17dot_thread_kernelINS_3lns8lns12_r6ELNS_8bitwidth12compute_kindE0ELNS4_14storage_layoutE0ELi2ELNS0_12decoder_kindE2ELNS0_13multiply_kindE0EEEvNS0_12storage_viewIT_XT1_EEESB_mNS0_12table_bundleIXT0_EEEPNS4_14compute_traitsIXT0_EE4typeE
    0 bytes stack frame, 0 bytes spill stores, 0 bytes spill loads
ptxas info    : Used 32 registers, used 1 barriers
ptxas info    : Compile time = 4.339 ms
ptxas info    : Compiling entry function '_ZN3aut12lns_strategy18gemv_thread_kernelINS_3lns8lns12_r6ELNS_8bitwidth12compute_kindE0ELNS4_14storage_layoutE1ELi1ELNS0_12decoder_kindE2ELNS0_13multiply_kindE0EEEvNS0_12storage_viewIT_XT1_EEESB_mmNS0_12table_bundleIXT0_EEEPNS4_14compute_traitsIXT0_EE4typeE' for 'sm_90'
ptxas info    : Function properties for _ZN3aut12lns_strategy18gemv_thread_kernelINS_3lns8lns12_r6ELNS_8bitwidth12compute_kindE0ELNS4_14storage_layoutE1ELi1ELNS0_12decoder_kindE2ELNS0_13multiply_kindE0EEEvNS0_12storage_viewIT_XT1_EEESB_mmNS0_12table_bundleIXT0_EEEPNS4_14compute_traitsIXT0_EE4typeE
    0 bytes stack frame, 0 bytes spill stores, 0 bytes spill loads
ptxas info    : Used 18 registers, used 1 barriers
ptxas info    : Compile time = 2.975 ms
ptxas info    : Compiling entry function '_ZN3aut12lns_strategy17dot_thread_kernelINS_3lns8lns12_r6ELNS_8bitwidth12compute_kindE0ELNS4_14storage_layoutE1ELi1ELNS0_12decoder_kindE2ELNS0_13multiply_kindE0EEEvNS0_12storage_viewIT_XT1_EEESB_mNS0_12table_bundleIXT0_EEEPNS4_14compute_traitsIXT0_EE4typeE' for 'sm_90'
ptxas info    : Function properties for _ZN3aut12lns_strategy17dot_thread_kernelINS_3lns8lns12_r6ELNS_8bitwidth12compute_kindE0ELNS4_14storage_layoutE1ELi1ELNS0_12decoder_kindE2ELNS0_13multiply_kindE0EEEvNS0_12storage_viewIT_XT1_EEESB_mNS0_12table_bundleIXT0_EEEPNS4_14compute_traitsIXT0_EE4typeE
    0 bytes stack frame, 0 bytes spill stores, 0 bytes spill loads
ptxas info    : Used 20 registers, used 1 barriers
ptxas info    : Compile time = 2.843 ms
ptxas info    : Compiling entry function '_ZN3aut12lns_strategy18gemv_thread_kernelINS_3lns8lns12_r6ELNS_8bitwidth12compute_kindE0ELNS4_14storage_layoutE0ELi1ELNS0_12decoder_kindE2ELNS0_13multiply_kindE0EEEvNS0_12storage_viewIT_XT1_EEESB_mmNS0_12table_bundleIXT0_EEEPNS4_14compute_traitsIXT0_EE4typeE' for 'sm_90'
ptxas info    : Function properties for _ZN3aut12lns_strategy18gemv_thread_kernelINS_3lns8lns12_r6ELNS_8bitwidth12compute_kindE0ELNS4_14storage_layoutE0ELi1ELNS0_12decoder_kindE2ELNS0_13multiply_kindE0EEEvNS0_12storage_viewIT_XT1_EEESB_mmNS0_12table_bundleIXT0_EEEPNS4_14compute_traitsIXT0_EE4typeE
    0 bytes stack frame, 0 bytes spill stores, 0 bytes spill loads
ptxas info    : Used 21 registers, used 1 barriers
ptxas info    : Compile time = 3.408 ms
ptxas info    : Compiling entry function '_ZN3aut12lns_strategy17dot_thread_kernelINS_3lns8lns12_r6ELNS_8bitwidth12compute_kindE0ELNS4_14storage_layoutE0ELi1ELNS0_12decoder_kindE2ELNS0_13multiply_kindE0EEEvNS0_12storage_viewIT_XT1_EEESB_mNS0_12table_bundleIXT0_EEEPNS4_14compute_traitsIXT0_EE4typeE' for 'sm_90'
ptxas info    : Function properties for _ZN3aut12lns_strategy17dot_thread_kernelINS_3lns8lns12_r6ELNS_8bitwidth12compute_kindE0ELNS4_14storage_layoutE0ELi1ELNS0_12decoder_kindE2ELNS0_13multiply_kindE0EEEvNS0_12storage_viewIT_XT1_EEESB_mNS0_12table_bundleIXT0_EEEPNS4_14compute_traitsIXT0_EE4typeE
    0 bytes stack frame, 0 bytes spill stores, 0 bytes spill loads
ptxas info    : Used 21 registers, used 1 barriers
ptxas info    : Compile time = 3.139 ms
ptxas info    : Compiling entry function '_ZN3aut12lns_strategy23gemv_cooperative_kernelINS_3lns8lns12_r6ELNS_8bitwidth12compute_kindE0ELNS0_12decoder_kindE1ELNS0_13multiply_kindE1EEEvPKjS9_mmNS0_12table_bundleIXT0_EEEPNS4_14compute_traitsIXT0_EE4typeE' for 'sm_90'
ptxas info    : Function properties for _ZN3aut12lns_strategy23gemv_cooperative_kernelINS_3lns8lns12_r6ELNS_8bitwidth12compute_kindE0ELNS0_12decoder_kindE1ELNS0_13multiply_kindE1EEEvPKjS9_mmNS0_12table_bundleIXT0_EEEPNS4_14compute_traitsIXT0_EE4typeE
    0 bytes stack frame, 0 bytes spill stores, 0 bytes spill loads
ptxas info    : Used 29 registers, used 1 barriers
ptxas info    : Compile time = 5.803 ms
ptxas info    : Compiling entry function '_ZN3aut12lns_strategy22dot_cooperative_kernelINS_3lns8lns12_r6ELNS_8bitwidth12compute_kindE0ELNS0_12decoder_kindE1ELNS0_13multiply_kindE1EEEvPKjS9_mNS0_12table_bundleIXT0_EEEPNS4_14compute_traitsIXT0_EE4typeE' for 'sm_90'
ptxas info    : Function properties for _ZN3aut12lns_strategy22dot_cooperative_kernelINS_3lns8lns12_r6ELNS_8bitwidth12compute_kindE0ELNS0_12decoder_kindE1ELNS0_13multiply_kindE1EEEvPKjS9_mNS0_12table_bundleIXT0_EEEPNS4_14compute_traitsIXT0_EE4typeE
    0 bytes stack frame, 0 bytes spill stores, 0 bytes spill loads
ptxas info    : Used 27 registers, used 1 barriers
ptxas info    : Compile time = 5.633 ms
ptxas info    : Compiling entry function '_ZN3aut12lns_strategy18gemv_thread_kernelINS_3lns8lns12_r6ELNS_8bitwidth12compute_kindE0ELNS4_14storage_layoutE1ELi8ELNS0_12decoder_kindE1ELNS0_13multiply_kindE1EEEvNS0_12storage_viewIT_XT1_EEESB_mmNS0_12table_bundleIXT0_EEEPNS4_14compute_traitsIXT0_EE4typeE' for 'sm_90'
ptxas info    : Function properties for _ZN3aut12lns_strategy18gemv_thread_kernelINS_3lns8lns12_r6ELNS_8bitwidth12compute_kindE0ELNS4_14storage_layoutE1ELi8ELNS0_12decoder_kindE1ELNS0_13multiply_kindE1EEEvNS0_12storage_viewIT_XT1_EEESB_mmNS0_12table_bundleIXT0_EEEPNS4_14compute_traitsIXT0_EE4typeE
    0 bytes stack frame, 0 bytes spill stores, 0 bytes spill loads
ptxas info    : Used 32 registers, used 1 barriers
ptxas info    : Compile time = 10.892 ms
ptxas info    : Compiling entry function '_ZN3aut12lns_strategy17dot_thread_kernelINS_3lns8lns12_r6ELNS_8bitwidth12compute_kindE0ELNS4_14storage_layoutE1ELi8ELNS0_12decoder_kindE1ELNS0_13multiply_kindE1EEEvNS0_12storage_viewIT_XT1_EEESB_mNS0_12table_bundleIXT0_EEEPNS4_14compute_traitsIXT0_EE4typeE' for 'sm_90'
ptxas info    : Function properties for _ZN3aut12lns_strategy17dot_thread_kernelINS_3lns8lns12_r6ELNS_8bitwidth12compute_kindE0ELNS4_14storage_layoutE1ELi8ELNS0_12decoder_kindE1ELNS0_13multiply_kindE1EEEvNS0_12storage_viewIT_XT1_EEESB_mNS0_12table_bundleIXT0_EEEPNS4_14compute_traitsIXT0_EE4typeE
    0 bytes stack frame, 0 bytes spill stores, 0 bytes spill loads
ptxas info    : Used 35 registers, used 1 barriers
ptxas info    : Compile time = 10.889 ms
ptxas info    : Compiling entry function '_ZN3aut12lns_strategy18gemv_thread_kernelINS_3lns8lns12_r6ELNS_8bitwidth12compute_kindE0ELNS4_14storage_layoutE1ELi4ELNS0_12decoder_kindE1ELNS0_13multiply_kindE1EEEvNS0_12storage_viewIT_XT1_EEESB_mmNS0_12table_bundleIXT0_EEEPNS4_14compute_traitsIXT0_EE4typeE' for 'sm_90'
ptxas info    : Function properties for _ZN3aut12lns_strategy18gemv_thread_kernelINS_3lns8lns12_r6ELNS_8bitwidth12compute_kindE0ELNS4_14storage_layoutE1ELi4ELNS0_12decoder_kindE1ELNS0_13multiply_kindE1EEEvNS0_12storage_viewIT_XT1_EEESB_mmNS0_12table_bundleIXT0_EEEPNS4_14compute_traitsIXT0_EE4typeE
    0 bytes stack frame, 0 bytes spill stores, 0 bytes spill loads
ptxas info    : Used 23 registers, used 1 barriers
ptxas info    : Compile time = 7.117 ms
ptxas info    : Compiling entry function '_ZN3aut12lns_strategy17dot_thread_kernelINS_3lns8lns12_r6ELNS_8bitwidth12compute_kindE0ELNS4_14storage_layoutE1ELi4ELNS0_12decoder_kindE1ELNS0_13multiply_kindE1EEEvNS0_12storage_viewIT_XT1_EEESB_mNS0_12table_bundleIXT0_EEEPNS4_14compute_traitsIXT0_EE4typeE' for 'sm_90'
ptxas info    : Function properties for _ZN3aut12lns_strategy17dot_thread_kernelINS_3lns8lns12_r6ELNS_8bitwidth12compute_kindE0ELNS4_14storage_layoutE1ELi4ELNS0_12decoder_kindE1ELNS0_13multiply_kindE1EEEvNS0_12storage_viewIT_XT1_EEESB_mNS0_12table_bundleIXT0_EEEPNS4_14compute_traitsIXT0_EE4typeE
    0 bytes stack frame, 0 bytes spill stores, 0 bytes spill loads
ptxas info    : Used 27 registers, used 1 barriers
ptxas info    : Compile time = 7.179 ms
ptxas info    : Compiling entry function '_ZN3aut12lns_strategy18gemv_thread_kernelINS_3lns8lns12_r6ELNS_8bitwidth12compute_kindE0ELNS4_14storage_layoutE1ELi2ELNS0_12decoder_kindE1ELNS0_13multiply_kindE1EEEvNS0_12storage_viewIT_XT1_EEESB_mmNS0_12table_bundleIXT0_EEEPNS4_14compute_traitsIXT0_EE4typeE' for 'sm_90'
ptxas info    : Function properties for _ZN3aut12lns_strategy18gemv_thread_kernelINS_3lns8lns12_r6ELNS_8bitwidth12compute_kindE0ELNS4_14storage_layoutE1ELi2ELNS0_12decoder_kindE1ELNS0_13multiply_kindE1EEEvNS0_12storage_viewIT_XT1_EEESB_mmNS0_12table_bundleIXT0_EEEPNS4_14compute_traitsIXT0_EE4typeE
    0 bytes stack frame, 0 bytes spill stores, 0 bytes spill loads
ptxas info    : Used 19 registers, used 1 barriers
ptxas info    : Compile time = 5.166 ms
ptxas info    : Compiling entry function '_ZN3aut12lns_strategy17dot_thread_kernelINS_3lns8lns12_r6ELNS_8bitwidth12compute_kindE0ELNS4_14storage_layoutE1ELi2ELNS0_12decoder_kindE1ELNS0_13multiply_kindE1EEEvNS0_12storage_viewIT_XT1_EEESB_mNS0_12table_bundleIXT0_EEEPNS4_14compute_traitsIXT0_EE4typeE' for 'sm_90'
ptxas info    : Function properties for _ZN3aut12lns_strategy17dot_thread_kernelINS_3lns8lns12_r6ELNS_8bitwidth12compute_kindE0ELNS4_14storage_layoutE1ELi2ELNS0_12decoder_kindE1ELNS0_13multiply_kindE1EEEvNS0_12storage_viewIT_XT1_EEESB_mNS0_12table_bundleIXT0_EEEPNS4_14compute_traitsIXT0_EE4typeE
    0 bytes stack frame, 0 bytes spill stores, 0 bytes spill loads
ptxas info    : Used 25 registers, used 1 barriers
ptxas info    : Compile time = 5.238 ms
ptxas info    : Compiling entry function '_ZN3aut12lns_strategy18gemv_thread_kernelINS_3lns8lns12_r6ELNS_8bitwidth12compute_kindE0ELNS4_14storage_layoutE0ELi8ELNS0_12decoder_kindE1ELNS0_13multiply_kindE1EEEvNS0_12storage_viewIT_XT1_EEESB_mmNS0_12table_bundleIXT0_EEEPNS4_14compute_traitsIXT0_EE4typeE' for 'sm_90'
ptxas info    : Function properties for _ZN3aut12lns_strategy18gemv_thread_kernelINS_3lns8lns12_r6ELNS_8bitwidth12compute_kindE0ELNS4_14storage_layoutE0ELi8ELNS0_12decoder_kindE1ELNS0_13multiply_kindE1EEEvNS0_12storage_viewIT_XT1_EEESB_mmNS0_12table_bundleIXT0_EEEPNS4_14compute_traitsIXT0_EE4typeE
    0 bytes stack frame, 0 bytes spill stores, 0 bytes spill loads
ptxas info    : Used 40 registers, used 1 barriers
ptxas info    : Compile time = 14.762 ms
ptxas info    : Compiling entry function '_ZN3aut12lns_strategy17dot_thread_kernelINS_3lns8lns12_r6ELNS_8bitwidth12compute_kindE0ELNS4_14storage_layoutE0ELi8ELNS0_12decoder_kindE1ELNS0_13multiply_kindE1EEEvNS0_12storage_viewIT_XT1_EEESB_mNS0_12table_bundleIXT0_EEEPNS4_14compute_traitsIXT0_EE4typeE' for 'sm_90'
ptxas info    : Function properties for _ZN3aut12lns_strategy17dot_thread_kernelINS_3lns8lns12_r6ELNS_8bitwidth12compute_kindE0ELNS4_14storage_layoutE0ELi8ELNS0_12decoder_kindE1ELNS0_13multiply_kindE1EEEvNS0_12storage_viewIT_XT1_EEESB_mNS0_12table_bundleIXT0_EEEPNS4_14compute_traitsIXT0_EE4typeE
    0 bytes stack frame, 0 bytes spill stores, 0 bytes spill loads
ptxas info    : Used 41 registers, used 1 barriers
ptxas info    : Compile time = 13.053 ms
ptxas info    : Compiling entry function '_ZN3aut12lns_strategy18gemv_thread_kernelINS_3lns8lns12_r6ELNS_8bitwidth12compute_kindE0ELNS4_14storage_layoutE0ELi4ELNS0_12decoder_kindE1ELNS0_13multiply_kindE1EEEvNS0_12storage_viewIT_XT1_EEESB_mmNS0_12table_bundleIXT0_EEEPNS4_14compute_traitsIXT0_EE4typeE' for 'sm_90'
ptxas info    : Function properties for _ZN3aut12lns_strategy18gemv_thread_kernelINS_3lns8lns12_r6ELNS_8bitwidth12compute_kindE0ELNS4_14storage_layoutE0ELi4ELNS0_12decoder_kindE1ELNS0_13multiply_kindE1EEEvNS0_12storage_viewIT_XT1_EEESB_mmNS0_12table_bundleIXT0_EEEPNS4_14compute_traitsIXT0_EE4typeE
    0 bytes stack frame, 0 bytes spill stores, 0 bytes spill loads
ptxas info    : Used 31 registers, used 1 barriers
ptxas info    : Compile time = 9.300 ms
ptxas info    : Compiling entry function '_ZN3aut12lns_strategy17dot_thread_kernelINS_3lns8lns12_r6ELNS_8bitwidth12compute_kindE0ELNS4_14storage_layoutE0ELi4ELNS0_12decoder_kindE1ELNS0_13multiply_kindE1EEEvNS0_12storage_viewIT_XT1_EEESB_mNS0_12table_bundleIXT0_EEEPNS4_14compute_traitsIXT0_EE4typeE' for 'sm_90'
ptxas info    : Function properties for _ZN3aut12lns_strategy17dot_thread_kernelINS_3lns8lns12_r6ELNS_8bitwidth12compute_kindE0ELNS4_14storage_layoutE0ELi4ELNS0_12decoder_kindE1ELNS0_13multiply_kindE1EEEvNS0_12storage_viewIT_XT1_EEESB_mNS0_12table_bundleIXT0_EEEPNS4_14compute_traitsIXT0_EE4typeE
    0 bytes stack frame, 0 bytes spill stores, 0 bytes spill loads
ptxas info    : Used 32 registers, used 1 barriers
ptxas info    : Compile time = 9.013 ms
ptxas info    : Compiling entry function '_ZN3aut12lns_strategy18gemv_thread_kernelINS_3lns8lns12_r6ELNS_8bitwidth12compute_kindE0ELNS4_14storage_layoutE0ELi2ELNS0_12decoder_kindE1ELNS0_13multiply_kindE1EEEvNS0_12storage_viewIT_XT1_EEESB_mmNS0_12table_bundleIXT0_EEEPNS4_14compute_traitsIXT0_EE4typeE' for 'sm_90'
ptxas info    : Function properties for _ZN3aut12lns_strategy18gemv_thread_kernelINS_3lns8lns12_r6ELNS_8bitwidth12compute_kindE0ELNS4_14storage_layoutE0ELi2ELNS0_12decoder_kindE1ELNS0_13multiply_kindE1EEEvNS0_12storage_viewIT_XT1_EEESB_mmNS0_12table_bundleIXT0_EEEPNS4_14compute_traitsIXT0_EE4typeE
    0 bytes stack frame, 0 bytes spill stores, 0 bytes spill loads
ptxas info    : Used 31 registers, used 1 barriers
ptxas info    : Compile time = 6.251 ms
ptxas info    : Compiling entry function '_ZN3aut12lns_strategy17dot_thread_kernelINS_3lns8lns12_r6ELNS_8bitwidth12compute_kindE0ELNS4_14storage_layoutE0ELi2ELNS0_12decoder_kindE1ELNS0_13multiply_kindE1EEEvNS0_12storage_viewIT_XT1_EEESB_mNS0_12table_bundleIXT0_EEEPNS4_14compute_traitsIXT0_EE4typeE' for 'sm_90'
ptxas info    : Function properties for _ZN3aut12lns_strategy17dot_thread_kernelINS_3lns8lns12_r6ELNS_8bitwidth12compute_kindE0ELNS4_14storage_layoutE0ELi2ELNS0_12decoder_kindE1ELNS0_13multiply_kindE1EEEvNS0_12storage_viewIT_XT1_EEESB_mNS0_12table_bundleIXT0_EEEPNS4_14compute_traitsIXT0_EE4typeE
    0 bytes stack frame, 0 bytes spill stores, 0 bytes spill loads
ptxas info    : Used 32 registers, used 1 barriers
ptxas info    : Compile time = 6.163 ms
ptxas info    : Compiling entry function '_ZN3aut12lns_strategy18gemv_thread_kernelINS_3lns8lns12_r6ELNS_8bitwidth12compute_kindE0ELNS4_14storage_layoutE1ELi1ELNS0_12decoder_kindE1ELNS0_13multiply_kindE1EEEvNS0_12storage_viewIT_XT1_EEESB_mmNS0_12table_bundleIXT0_EEEPNS4_14compute_traitsIXT0_EE4typeE' for 'sm_90'
ptxas info    : Function properties for _ZN3aut12lns_strategy18gemv_thread_kernelINS_3lns8lns12_r6ELNS_8bitwidth12compute_kindE0ELNS4_14storage_layoutE1ELi1ELNS0_12decoder_kindE1ELNS0_13multiply_kindE1EEEvNS0_12storage_viewIT_XT1_EEESB_mmNS0_12table_bundleIXT0_EEEPNS4_14compute_traitsIXT0_EE4typeE
    0 bytes stack frame, 0 bytes spill stores, 0 bytes spill loads
ptxas info    : Used 19 registers, used 1 barriers
ptxas info    : Compile time = 3.997 ms
ptxas info    : Compiling entry function '_ZN3aut12lns_strategy17dot_thread_kernelINS_3lns8lns12_r6ELNS_8bitwidth12compute_kindE0ELNS4_14storage_layoutE1ELi1ELNS0_12decoder_kindE1ELNS0_13multiply_kindE1EEEvNS0_12storage_viewIT_XT1_EEESB_mNS0_12table_bundleIXT0_EEEPNS4_14compute_traitsIXT0_EE4typeE' for 'sm_90'
ptxas info    : Function properties for _ZN3aut12lns_strategy17dot_thread_kernelINS_3lns8lns12_r6ELNS_8bitwidth12compute_kindE0ELNS4_14storage_layoutE1ELi1ELNS0_12decoder_kindE1ELNS0_13multiply_kindE1EEEvNS0_12storage_viewIT_XT1_EEESB_mNS0_12table_bundleIXT0_EEEPNS4_14compute_traitsIXT0_EE4typeE
    0 bytes stack frame, 0 bytes spill stores, 0 bytes spill loads
ptxas info    : Used 20 registers, used 1 barriers
ptxas info    : Compile time = 3.884 ms
ptxas info    : Compiling entry function '_ZN3aut12lns_strategy18gemv_thread_kernelINS_3lns8lns12_r6ELNS_8bitwidth12compute_kindE0ELNS4_14storage_layoutE0ELi1ELNS0_12decoder_kindE1ELNS0_13multiply_kindE1EEEvNS0_12storage_viewIT_XT1_EEESB_mmNS0_12table_bundleIXT0_EEEPNS4_14compute_traitsIXT0_EE4typeE' for 'sm_90'
ptxas info    : Function properties for _ZN3aut12lns_strategy18gemv_thread_kernelINS_3lns8lns12_r6ELNS_8bitwidth12compute_kindE0ELNS4_14storage_layoutE0ELi1ELNS0_12decoder_kindE1ELNS0_13multiply_kindE1EEEvNS0_12storage_viewIT_XT1_EEESB_mmNS0_12table_bundleIXT0_EEEPNS4_14compute_traitsIXT0_EE4typeE
    0 bytes stack frame, 0 bytes spill stores, 0 bytes spill loads
ptxas info    : Used 22 registers, used 1 barriers
ptxas info    : Compile time = 4.454 ms
ptxas info    : Compiling entry function '_ZN3aut12lns_strategy17dot_thread_kernelINS_3lns8lns12_r6ELNS_8bitwidth12compute_kindE0ELNS4_14storage_layoutE0ELi1ELNS0_12decoder_kindE1ELNS0_13multiply_kindE1EEEvNS0_12storage_viewIT_XT1_EEESB_mNS0_12table_bundleIXT0_EEEPNS4_14compute_traitsIXT0_EE4typeE' for 'sm_90'
ptxas info    : Function properties for _ZN3aut12lns_strategy17dot_thread_kernelINS_3lns8lns12_r6ELNS_8bitwidth12compute_kindE0ELNS4_14storage_layoutE0ELi1ELNS0_12decoder_kindE1ELNS0_13multiply_kindE1EEEvNS0_12storage_viewIT_XT1_EEESB_mNS0_12table_bundleIXT0_EEEPNS4_14compute_traitsIXT0_EE4typeE
    0 bytes stack frame, 0 bytes spill stores, 0 bytes spill loads
ptxas info    : Used 22 registers, used 1 barriers
ptxas info    : Compile time = 4.300 ms
ptxas info    : Compiling entry function '_ZN3aut12lns_strategy23gemv_cooperative_kernelINS_3lns8lns12_r6ELNS_8bitwidth12compute_kindE0ELNS0_12decoder_kindE1ELNS0_13multiply_kindE0EEEvPKjS9_mmNS0_12table_bundleIXT0_EEEPNS4_14compute_traitsIXT0_EE4typeE' for 'sm_90'
ptxas info    : Function properties for _ZN3aut12lns_strategy23gemv_cooperative_kernelINS_3lns8lns12_r6ELNS_8bitwidth12compute_kindE0ELNS0_12decoder_kindE1ELNS0_13multiply_kindE0EEEvPKjS9_mmNS0_12table_bundleIXT0_EEEPNS4_14compute_traitsIXT0_EE4typeE
    0 bytes stack frame, 0 bytes spill stores, 0 bytes spill loads
ptxas info    : Used 27 registers, used 1 barriers
ptxas info    : Compile time = 5.348 ms
ptxas info    : Compiling entry function '_ZN3aut12lns_strategy22dot_cooperative_kernelINS_3lns8lns12_r6ELNS_8bitwidth12compute_kindE0ELNS0_12decoder_kindE1ELNS0_13multiply_kindE0EEEvPKjS9_mNS0_12table_bundleIXT0_EEEPNS4_14compute_traitsIXT0_EE4typeE' for 'sm_90'
ptxas info    : Function properties for _ZN3aut12lns_strategy22dot_cooperative_kernelINS_3lns8lns12_r6ELNS_8bitwidth12compute_kindE0ELNS0_12decoder_kindE1ELNS0_13multiply_kindE0EEEvPKjS9_mNS0_12table_bundleIXT0_EEEPNS4_14compute_traitsIXT0_EE4typeE
    0 bytes stack frame, 0 bytes spill stores, 0 bytes spill loads
ptxas info    : Used 26 registers, used 1 barriers
ptxas info    : Compile time = 5.192 ms
ptxas info    : Compiling entry function '_ZN3aut12lns_strategy18gemv_thread_kernelINS_3lns8lns12_r6ELNS_8bitwidth12compute_kindE0ELNS4_14storage_layoutE1ELi8ELNS0_12decoder_kindE1ELNS0_13multiply_kindE0EEEvNS0_12storage_viewIT_XT1_EEESB_mmNS0_12table_bundleIXT0_EEEPNS4_14compute_traitsIXT0_EE4typeE' for 'sm_90'
ptxas info    : Function properties for _ZN3aut12lns_strategy18gemv_thread_kernelINS_3lns8lns12_r6ELNS_8bitwidth12compute_kindE0ELNS4_14storage_layoutE1ELi8ELNS0_12decoder_kindE1ELNS0_13multiply_kindE0EEEvNS0_12storage_viewIT_XT1_EEESB_mmNS0_12table_bundleIXT0_EEEPNS4_14compute_traitsIXT0_EE4typeE
    0 bytes stack frame, 0 bytes spill stores, 0 bytes spill loads
ptxas info    : Used 30 registers, used 1 barriers
ptxas info    : Compile time = 9.128 ms
ptxas info    : Compiling entry function '_ZN3aut12lns_strategy17dot_thread_kernelINS_3lns8lns12_r6ELNS_8bitwidth12compute_kindE0ELNS4_14storage_layoutE1ELi8ELNS0_12decoder_kindE1ELNS0_13multiply_kindE0EEEvNS0_12storage_viewIT_XT1_EEESB_mNS0_12table_bundleIXT0_EEEPNS4_14compute_traitsIXT0_EE4typeE' for 'sm_90'
ptxas info    : Function properties for _ZN3aut12lns_strategy17dot_thread_kernelINS_3lns8lns12_r6ELNS_8bitwidth12compute_kindE0ELNS4_14storage_layoutE1ELi8ELNS0_12decoder_kindE1ELNS0_13multiply_kindE0EEEvNS0_12storage_viewIT_XT1_EEESB_mNS0_12table_bundleIXT0_EEEPNS4_14compute_traitsIXT0_EE4typeE
    0 bytes stack frame, 0 bytes spill stores, 0 bytes spill loads
ptxas info    : Used 32 registers, used 1 barriers
ptxas info    : Compile time = 9.228 ms
ptxas info    : Compiling entry function '_ZN3aut12lns_strategy18gemv_thread_kernelINS_3lns8lns12_r6ELNS_8bitwidth12compute_kindE0ELNS4_14storage_layoutE1ELi4ELNS0_12decoder_kindE1ELNS0_13multiply_kindE0EEEvNS0_12storage_viewIT_XT1_EEESB_mmNS0_12table_bundleIXT0_EEEPNS4_14compute_traitsIXT0_EE4typeE' for 'sm_90'
ptxas info    : Function properties for _ZN3aut12lns_strategy18gemv_thread_kernelINS_3lns8lns12_r6ELNS_8bitwidth12compute_kindE0ELNS4_14storage_layoutE1ELi4ELNS0_12decoder_kindE1ELNS0_13multiply_kindE0EEEvNS0_12storage_viewIT_XT1_EEESB_mmNS0_12table_bundleIXT0_EEEPNS4_14compute_traitsIXT0_EE4typeE
    0 bytes stack frame, 0 bytes spill stores, 0 bytes spill loads
ptxas info    : Used 22 registers, used 1 barriers
ptxas info    : Compile time = 6.091 ms
ptxas info    : Compiling entry function '_ZN3aut12lns_strategy17dot_thread_kernelINS_3lns8lns12_r6ELNS_8bitwidth12compute_kindE0ELNS4_14storage_layoutE1ELi4ELNS0_12decoder_kindE1ELNS0_13multiply_kindE0EEEvNS0_12storage_viewIT_XT1_EEESB_mNS0_12table_bundleIXT0_EEEPNS4_14compute_traitsIXT0_EE4typeE' for 'sm_90'
ptxas info    : Function properties for _ZN3aut12lns_strategy17dot_thread_kernelINS_3lns8lns12_r6ELNS_8bitwidth12compute_kindE0ELNS4_14storage_layoutE1ELi4ELNS0_12decoder_kindE1ELNS0_13multiply_kindE0EEEvNS0_12storage_viewIT_XT1_EEESB_mNS0_12table_bundleIXT0_EEEPNS4_14compute_traitsIXT0_EE4typeE
    0 bytes stack frame, 0 bytes spill stores, 0 bytes spill loads
ptxas info    : Used 28 registers, used 1 barriers
ptxas info    : Compile time = 6.141 ms
ptxas info    : Compiling entry function '_ZN3aut12lns_strategy18gemv_thread_kernelINS_3lns8lns12_r6ELNS_8bitwidth12compute_kindE0ELNS4_14storage_layoutE1ELi2ELNS0_12decoder_kindE1ELNS0_13multiply_kindE0EEEvNS0_12storage_viewIT_XT1_EEESB_mmNS0_12table_bundleIXT0_EEEPNS4_14compute_traitsIXT0_EE4typeE' for 'sm_90'
ptxas info    : Function properties for _ZN3aut12lns_strategy18gemv_thread_kernelINS_3lns8lns12_r6ELNS_8bitwidth12compute_kindE0ELNS4_14storage_layoutE1ELi2ELNS0_12decoder_kindE1ELNS0_13multiply_kindE0EEEvNS0_12storage_viewIT_XT1_EEESB_mmNS0_12table_bundleIXT0_EEEPNS4_14compute_traitsIXT0_EE4typeE
    0 bytes stack frame, 0 bytes spill stores, 0 bytes spill loads
ptxas info    : Used 17 registers, used 1 barriers
ptxas info    : Compile time = 4.596 ms
ptxas info    : Compiling entry function '_ZN3aut12lns_strategy17dot_thread_kernelINS_3lns8lns12_r6ELNS_8bitwidth12compute_kindE0ELNS4_14storage_layoutE1ELi2ELNS0_12decoder_kindE1ELNS0_13multiply_kindE0EEEvNS0_12storage_viewIT_XT1_EEESB_mNS0_12table_bundleIXT0_EEEPNS4_14compute_traitsIXT0_EE4typeE' for 'sm_90'
ptxas info    : Function properties for _ZN3aut12lns_strategy17dot_thread_kernelINS_3lns8lns12_r6ELNS_8bitwidth12compute_kindE0ELNS4_14storage_layoutE1ELi2ELNS0_12decoder_kindE1ELNS0_13multiply_kindE0EEEvNS0_12storage_viewIT_XT1_EEESB_mNS0_12table_bundleIXT0_EEEPNS4_14compute_traitsIXT0_EE4typeE
    0 bytes stack frame, 0 bytes spill stores, 0 bytes spill loads
ptxas info    : Used 23 registers, used 1 barriers
ptxas info    : Compile time = 4.634 ms
ptxas info    : Compiling entry function '_ZN3aut12lns_strategy18gemv_thread_kernelINS_3lns8lns12_r6ELNS_8bitwidth12compute_kindE0ELNS4_14storage_layoutE0ELi8ELNS0_12decoder_kindE1ELNS0_13multiply_kindE0EEEvNS0_12storage_viewIT_XT1_EEESB_mmNS0_12table_bundleIXT0_EEEPNS4_14compute_traitsIXT0_EE4typeE' for 'sm_90'
ptxas info    : Function properties for _ZN3aut12lns_strategy18gemv_thread_kernelINS_3lns8lns12_r6ELNS_8bitwidth12compute_kindE0ELNS4_14storage_layoutE0ELi8ELNS0_12decoder_kindE1ELNS0_13multiply_kindE0EEEvNS0_12storage_viewIT_XT1_EEESB_mmNS0_12table_bundleIXT0_EEEPNS4_14compute_traitsIXT0_EE4typeE
    0 bytes stack frame, 0 bytes spill stores, 0 bytes spill loads
ptxas info    : Used 40 registers, used 1 barriers
ptxas info    : Compile time = 13.169 ms
ptxas info    : Compiling entry function '_ZN3aut12lns_strategy17dot_thread_kernelINS_3lns8lns12_r6ELNS_8bitwidth12compute_kindE0ELNS4_14storage_layoutE0ELi8ELNS0_12decoder_kindE1ELNS0_13multiply_kindE0EEEvNS0_12storage_viewIT_XT1_EEESB_mNS0_12table_bundleIXT0_EEEPNS4_14compute_traitsIXT0_EE4typeE' for 'sm_90'
ptxas info    : Function properties for _ZN3aut12lns_strategy17dot_thread_kernelINS_3lns8lns12_r6ELNS_8bitwidth12compute_kindE0ELNS4_14storage_layoutE0ELi8ELNS0_12decoder_kindE1ELNS0_13multiply_kindE0EEEvNS0_12storage_viewIT_XT1_EEESB_mNS0_12table_bundleIXT0_EEEPNS4_14compute_traitsIXT0_EE4typeE
    0 bytes stack frame, 0 bytes spill stores, 0 bytes spill loads
ptxas info    : Used 37 registers, used 1 barriers
ptxas info    : Compile time = 12.255 ms
ptxas info    : Compiling entry function '_ZN3aut12lns_strategy18gemv_thread_kernelINS_3lns8lns12_r6ELNS_8bitwidth12compute_kindE0ELNS4_14storage_layoutE0ELi4ELNS0_12decoder_kindE1ELNS0_13multiply_kindE0EEEvNS0_12storage_viewIT_XT1_EEESB_mmNS0_12table_bundleIXT0_EEEPNS4_14compute_traitsIXT0_EE4typeE' for 'sm_90'
ptxas info    : Function properties for _ZN3aut12lns_strategy18gemv_thread_kernelINS_3lns8lns12_r6ELNS_8bitwidth12compute_kindE0ELNS4_14storage_layoutE0ELi4ELNS0_12decoder_kindE1ELNS0_13multiply_kindE0EEEvNS0_12storage_viewIT_XT1_EEESB_mmNS0_12table_bundleIXT0_EEEPNS4_14compute_traitsIXT0_EE4typeE
    0 bytes stack frame, 0 bytes spill stores, 0 bytes spill loads
ptxas info    : Used 31 registers, used 1 barriers
ptxas info    : Compile time = 8.083 ms
ptxas info    : Compiling entry function '_ZN3aut12lns_strategy17dot_thread_kernelINS_3lns8lns12_r6ELNS_8bitwidth12compute_kindE0ELNS4_14storage_layoutE0ELi4ELNS0_12decoder_kindE1ELNS0_13multiply_kindE0EEEvNS0_12storage_viewIT_XT1_EEESB_mNS0_12table_bundleIXT0_EEEPNS4_14compute_traitsIXT0_EE4typeE' for 'sm_90'
ptxas info    : Function properties for _ZN3aut12lns_strategy17dot_thread_kernelINS_3lns8lns12_r6ELNS_8bitwidth12compute_kindE0ELNS4_14storage_layoutE0ELi4ELNS0_12decoder_kindE1ELNS0_13multiply_kindE0EEEvNS0_12storage_viewIT_XT1_EEESB_mNS0_12table_bundleIXT0_EEEPNS4_14compute_traitsIXT0_EE4typeE
    0 bytes stack frame, 0 bytes spill stores, 0 bytes spill loads
ptxas info    : Used 32 registers, used 1 barriers
ptxas info    : Compile time = 7.737 ms
ptxas info    : Compiling entry function '_ZN3aut12lns_strategy18gemv_thread_kernelINS_3lns8lns12_r6ELNS_8bitwidth12compute_kindE0ELNS4_14storage_layoutE0ELi2ELNS0_12decoder_kindE1ELNS0_13multiply_kindE0EEEvNS0_12storage_viewIT_XT1_EEESB_mmNS0_12table_bundleIXT0_EEEPNS4_14compute_traitsIXT0_EE4typeE' for 'sm_90'
ptxas info    : Function properties for _ZN3aut12lns_strategy18gemv_thread_kernelINS_3lns8lns12_r6ELNS_8bitwidth12compute_kindE0ELNS4_14storage_layoutE0ELi2ELNS0_12decoder_kindE1ELNS0_13multiply_kindE0EEEvNS0_12storage_viewIT_XT1_EEESB_mmNS0_12table_bundleIXT0_EEEPNS4_14compute_traitsIXT0_EE4typeE
    0 bytes stack frame, 0 bytes spill stores, 0 bytes spill loads
ptxas info    : Used 30 registers, used 1 barriers
ptxas info    : Compile time = 5.608 ms
ptxas info    : Compiling entry function '_ZN3aut12lns_strategy17dot_thread_kernelINS_3lns8lns12_r6ELNS_8bitwidth12compute_kindE0ELNS4_14storage_layoutE0ELi2ELNS0_12decoder_kindE1ELNS0_13multiply_kindE0EEEvNS0_12storage_viewIT_XT1_EEESB_mNS0_12table_bundleIXT0_EEEPNS4_14compute_traitsIXT0_EE4typeE' for 'sm_90'
ptxas info    : Function properties for _ZN3aut12lns_strategy17dot_thread_kernelINS_3lns8lns12_r6ELNS_8bitwidth12compute_kindE0ELNS4_14storage_layoutE0ELi2ELNS0_12decoder_kindE1ELNS0_13multiply_kindE0EEEvNS0_12storage_viewIT_XT1_EEESB_mNS0_12table_bundleIXT0_EEEPNS4_14compute_traitsIXT0_EE4typeE
    0 bytes stack frame, 0 bytes spill stores, 0 bytes spill loads
ptxas info    : Used 32 registers, used 1 barriers
ptxas info    : Compile time = 5.377 ms
ptxas info    : Compiling entry function '_ZN3aut12lns_strategy18gemv_thread_kernelINS_3lns8lns12_r6ELNS_8bitwidth12compute_kindE0ELNS4_14storage_layoutE1ELi1ELNS0_12decoder_kindE1ELNS0_13multiply_kindE0EEEvNS0_12storage_viewIT_XT1_EEESB_mmNS0_12table_bundleIXT0_EEEPNS4_14compute_traitsIXT0_EE4typeE' for 'sm_90'
ptxas info    : Function properties for _ZN3aut12lns_strategy18gemv_thread_kernelINS_3lns8lns12_r6ELNS_8bitwidth12compute_kindE0ELNS4_14storage_layoutE1ELi1ELNS0_12decoder_kindE1ELNS0_13multiply_kindE0EEEvNS0_12storage_viewIT_XT1_EEESB_mmNS0_12table_bundleIXT0_EEEPNS4_14compute_traitsIXT0_EE4typeE
    0 bytes stack frame, 0 bytes spill stores, 0 bytes spill loads
ptxas info    : Used 18 registers, used 1 barriers
ptxas info    : Compile time = 3.658 ms
ptxas info    : Compiling entry function '_ZN3aut12lns_strategy17dot_thread_kernelINS_3lns8lns12_r6ELNS_8bitwidth12compute_kindE0ELNS4_14storage_layoutE1ELi1ELNS0_12decoder_kindE1ELNS0_13multiply_kindE0EEEvNS0_12storage_viewIT_XT1_EEESB_mNS0_12table_bundleIXT0_EEEPNS4_14compute_traitsIXT0_EE4typeE' for 'sm_90'
ptxas info    : Function properties for _ZN3aut12lns_strategy17dot_thread_kernelINS_3lns8lns12_r6ELNS_8bitwidth12compute_kindE0ELNS4_14storage_layoutE1ELi1ELNS0_12decoder_kindE1ELNS0_13multiply_kindE0EEEvNS0_12storage_viewIT_XT1_EEESB_mNS0_12table_bundleIXT0_EEEPNS4_14compute_traitsIXT0_EE4typeE
    0 bytes stack frame, 0 bytes spill stores, 0 bytes spill loads
ptxas info    : Used 19 registers, used 1 barriers
ptxas info    : Compile time = 3.530 ms
ptxas info    : Compiling entry function '_ZN3aut12lns_strategy18gemv_thread_kernelINS_3lns8lns12_r6ELNS_8bitwidth12compute_kindE0ELNS4_14storage_layoutE0ELi1ELNS0_12decoder_kindE1ELNS0_13multiply_kindE0EEEvNS0_12storage_viewIT_XT1_EEESB_mmNS0_12table_bundleIXT0_EEEPNS4_14compute_traitsIXT0_EE4typeE' for 'sm_90'
ptxas info    : Function properties for _ZN3aut12lns_strategy18gemv_thread_kernelINS_3lns8lns12_r6ELNS_8bitwidth12compute_kindE0ELNS4_14storage_layoutE0ELi1ELNS0_12decoder_kindE1ELNS0_13multiply_kindE0EEEvNS0_12storage_viewIT_XT1_EEESB_mmNS0_12table_bundleIXT0_EEEPNS4_14compute_traitsIXT0_EE4typeE
    0 bytes stack frame, 0 bytes spill stores, 0 bytes spill loads
ptxas info    : Used 21 registers, used 1 barriers
ptxas info    : Compile time = 4.045 ms
ptxas info    : Compiling entry function '_ZN3aut12lns_strategy17dot_thread_kernelINS_3lns8lns12_r6ELNS_8bitwidth12compute_kindE0ELNS4_14storage_layoutE0ELi1ELNS0_12decoder_kindE1ELNS0_13multiply_kindE0EEEvNS0_12storage_viewIT_XT1_EEESB_mNS0_12table_bundleIXT0_EEEPNS4_14compute_traitsIXT0_EE4typeE' for 'sm_90'
ptxas info    : Function properties for _ZN3aut12lns_strategy17dot_thread_kernelINS_3lns8lns12_r6ELNS_8bitwidth12compute_kindE0ELNS4_14storage_layoutE0ELi1ELNS0_12decoder_kindE1ELNS0_13multiply_kindE0EEEvNS0_12storage_viewIT_XT1_EEESB_mNS0_12table_bundleIXT0_EEEPNS4_14compute_traitsIXT0_EE4typeE
    0 bytes stack frame, 0 bytes spill stores, 0 bytes spill loads
ptxas info    : Used 21 registers, used 1 barriers
ptxas info    : Compile time = 3.812 ms
ptxas info    : Compiling entry function '_ZN3aut12lns_strategy18gemv_thread_kernelINS_3lns8lns12_r6ELNS_8bitwidth12compute_kindE0ELNS4_14storage_layoutE1ELi1ELNS0_12decoder_kindE0ELNS0_13multiply_kindE1EEEvNS0_12storage_viewIT_XT1_EEESB_mmNS0_12table_bundleIXT0_EEEPNS4_14compute_traitsIXT0_EE4typeE' for 'sm_90'
ptxas info    : Function properties for _ZN3aut12lns_strategy18gemv_thread_kernelINS_3lns8lns12_r6ELNS_8bitwidth12compute_kindE0ELNS4_14storage_layoutE1ELi1ELNS0_12decoder_kindE0ELNS0_13multiply_kindE1EEEvNS0_12storage_viewIT_XT1_EEESB_mmNS0_12table_bundleIXT0_EEEPNS4_14compute_traitsIXT0_EE4typeE
    0 bytes stack frame, 0 bytes spill stores, 0 bytes spill loads
ptxas info    : Used 19 registers, used 1 barriers
ptxas info    : Compile time = 3.985 ms
ptxas info    : Compiling entry function '_ZN3aut12lns_strategy17dot_thread_kernelINS_3lns8lns12_r6ELNS_8bitwidth12compute_kindE0ELNS4_14storage_layoutE1ELi1ELNS0_12decoder_kindE0ELNS0_13multiply_kindE1EEEvNS0_12storage_viewIT_XT1_EEESB_mNS0_12table_bundleIXT0_EEEPNS4_14compute_traitsIXT0_EE4typeE' for 'sm_90'
ptxas info    : Function properties for _ZN3aut12lns_strategy17dot_thread_kernelINS_3lns8lns12_r6ELNS_8bitwidth12compute_kindE0ELNS4_14storage_layoutE1ELi1ELNS0_12decoder_kindE0ELNS0_13multiply_kindE1EEEvNS0_12storage_viewIT_XT1_EEESB_mNS0_12table_bundleIXT0_EEEPNS4_14compute_traitsIXT0_EE4typeE
    0 bytes stack frame, 0 bytes spill stores, 0 bytes spill loads
ptxas info    : Used 20 registers, used 1 barriers
ptxas info    : Compile time = 3.871 ms
ptxas info    : Compiling entry function '_ZN3aut12lns_strategy18gemv_thread_kernelINS_3lns8lns12_r6ELNS_8bitwidth12compute_kindE0ELNS4_14storage_layoutE0ELi1ELNS0_12decoder_kindE0ELNS0_13multiply_kindE1EEEvNS0_12storage_viewIT_XT1_EEESB_mmNS0_12table_bundleIXT0_EEEPNS4_14compute_traitsIXT0_EE4typeE' for 'sm_90'
ptxas info    : Function properties for _ZN3aut12lns_strategy18gemv_thread_kernelINS_3lns8lns12_r6ELNS_8bitwidth12compute_kindE0ELNS4_14storage_layoutE0ELi1ELNS0_12decoder_kindE0ELNS0_13multiply_kindE1EEEvNS0_12storage_viewIT_XT1_EEESB_mmNS0_12table_bundleIXT0_EEEPNS4_14compute_traitsIXT0_EE4typeE
    0 bytes stack frame, 0 bytes spill stores, 0 bytes spill loads
ptxas info    : Used 22 registers, used 1 barriers
ptxas info    : Compile time = 4.454 ms
ptxas info    : Compiling entry function '_ZN3aut12lns_strategy17dot_thread_kernelINS_3lns8lns12_r6ELNS_8bitwidth12compute_kindE0ELNS4_14storage_layoutE0ELi1ELNS0_12decoder_kindE0ELNS0_13multiply_kindE1EEEvNS0_12storage_viewIT_XT1_EEESB_mNS0_12table_bundleIXT0_EEEPNS4_14compute_traitsIXT0_EE4typeE' for 'sm_90'
ptxas info    : Function properties for _ZN3aut12lns_strategy17dot_thread_kernelINS_3lns8lns12_r6ELNS_8bitwidth12compute_kindE0ELNS4_14storage_layoutE0ELi1ELNS0_12decoder_kindE0ELNS0_13multiply_kindE1EEEvNS0_12storage_viewIT_XT1_EEESB_mNS0_12table_bundleIXT0_EEEPNS4_14compute_traitsIXT0_EE4typeE
    0 bytes stack frame, 0 bytes spill stores, 0 bytes spill loads
ptxas info    : Used 22 registers, used 1 barriers
ptxas info    : Compile time = 4.285 ms
ptxas info    : Compiling entry function '_ZN3aut12lns_strategy18gemv_thread_kernelINS_3lns8lns12_r6ELNS_8bitwidth12compute_kindE0ELNS4_14storage_layoutE1ELi1ELNS0_12decoder_kindE0ELNS0_13multiply_kindE0EEEvNS0_12storage_viewIT_XT1_EEESB_mmNS0_12table_bundleIXT0_EEEPNS4_14compute_traitsIXT0_EE4typeE' for 'sm_90'
ptxas info    : Function properties for _ZN3aut12lns_strategy18gemv_thread_kernelINS_3lns8lns12_r6ELNS_8bitwidth12compute_kindE0ELNS4_14storage_layoutE1ELi1ELNS0_12decoder_kindE0ELNS0_13multiply_kindE0EEEvNS0_12storage_viewIT_XT1_EEESB_mmNS0_12table_bundleIXT0_EEEPNS4_14compute_traitsIXT0_EE4typeE
    0 bytes stack frame, 0 bytes spill stores, 0 bytes spill loads
ptxas info    : Used 18 registers, used 1 barriers
ptxas info    : Compile time = 3.671 ms
ptxas info    : Compiling entry function '_ZN3aut12lns_strategy17dot_thread_kernelINS_3lns8lns12_r6ELNS_8bitwidth12compute_kindE0ELNS4_14storage_layoutE1ELi1ELNS0_12decoder_kindE0ELNS0_13multiply_kindE0EEEvNS0_12storage_viewIT_XT1_EEESB_mNS0_12table_bundleIXT0_EEEPNS4_14compute_traitsIXT0_EE4typeE' for 'sm_90'
ptxas info    : Function properties for _ZN3aut12lns_strategy17dot_thread_kernelINS_3lns8lns12_r6ELNS_8bitwidth12compute_kindE0ELNS4_14storage_layoutE1ELi1ELNS0_12decoder_kindE0ELNS0_13multiply_kindE0EEEvNS0_12storage_viewIT_XT1_EEESB_mNS0_12table_bundleIXT0_EEEPNS4_14compute_traitsIXT0_EE4typeE
    0 bytes stack frame, 0 bytes spill stores, 0 bytes spill loads
ptxas info    : Used 19 registers, used 1 barriers
ptxas info    : Compile time = 3.532 ms
ptxas info    : Compiling entry function '_ZN3aut12lns_strategy18gemv_thread_kernelINS_3lns8lns12_r6ELNS_8bitwidth12compute_kindE0ELNS4_14storage_layoutE0ELi1ELNS0_12decoder_kindE0ELNS0_13multiply_kindE0EEEvNS0_12storage_viewIT_XT1_EEESB_mmNS0_12table_bundleIXT0_EEEPNS4_14compute_traitsIXT0_EE4typeE' for 'sm_90'
ptxas info    : Function properties for _ZN3aut12lns_strategy18gemv_thread_kernelINS_3lns8lns12_r6ELNS_8bitwidth12compute_kindE0ELNS4_14storage_layoutE0ELi1ELNS0_12decoder_kindE0ELNS0_13multiply_kindE0EEEvNS0_12storage_viewIT_XT1_EEESB_mmNS0_12table_bundleIXT0_EEEPNS4_14compute_traitsIXT0_EE4typeE
    0 bytes stack frame, 0 bytes spill stores, 0 bytes spill loads
ptxas info    : Used 21 registers, used 1 barriers
ptxas info    : Compile time = 4.059 ms
ptxas info    : Compiling entry function '_ZN3aut12lns_strategy19finalize_dot_kernelIfEEvPKT_mPS2_' for 'sm_90'
ptxas info    : Function properties for _ZN3aut12lns_strategy19finalize_dot_kernelIfEEvPKT_mPS2_
    0 bytes stack frame, 0 bytes spill stores, 0 bytes spill loads
ptxas info    : Used 10 registers, used 1 barriers, 1024 bytes smem
ptxas info    : Compile time = 2.151 ms
ptxas info    : Compiling entry function '_ZN3aut12lns_strategy17dot_thread_kernelINS_3lns8lns12_r6ELNS_8bitwidth12compute_kindE0ELNS4_14storage_layoutE0ELi1ELNS0_12decoder_kindE0ELNS0_13multiply_kindE0EEEvNS0_12storage_viewIT_XT1_EEESB_mNS0_12table_bundleIXT0_EEEPNS4_14compute_traitsIXT0_EE4typeE' for 'sm_90'
ptxas info    : Function properties for _ZN3aut12lns_strategy17dot_thread_kernelINS_3lns8lns12_r6ELNS_8bitwidth12compute_kindE0ELNS4_14storage_layoutE0ELi1ELNS0_12decoder_kindE0ELNS0_13multiply_kindE0EEEvNS0_12storage_viewIT_XT1_EEESB_mNS0_12table_bundleIXT0_EEEPNS4_14compute_traitsIXT0_EE4typeE
    0 bytes stack frame, 0 bytes spill stores, 0 bytes spill loads
ptxas info    : Used 21 registers, used 1 barriers
ptxas info    : Compile time = 3.810 ms
ptxas info    : Compiling entry function '_ZN3aut12lns_strategy22validate_decode_kernelINS_3lns8lns12_r6ELNS_8bitwidth12compute_kindE0ELNS0_12decoder_kindE9EEEvPKjmNS0_12table_bundleIXT0_EEEPNS4_14compute_traitsIXT0_EE4typeE' for 'sm_90'
ptxas info    : Function properties for _ZN3aut12lns_strategy22validate_decode_kernelINS_3lns8lns12_r6ELNS_8bitwidth12compute_kindE0ELNS0_12decoder_kindE9EEEvPKjmNS0_12table_bundleIXT0_EEEPNS4_14compute_traitsIXT0_EE4typeE
    0 bytes stack frame, 0 bytes spill stores, 0 bytes spill loads
ptxas info    : Used 19 registers, used 0 barriers
ptxas info    : Compile time = 3.017 ms
ptxas info    : Compiling entry function '_ZN3aut12lns_strategy22validate_decode_kernelINS_3lns8lns12_r6ELNS_8bitwidth12compute_kindE0ELNS0_12decoder_kindE8EEEvPKjmNS0_12table_bundleIXT0_EEEPNS4_14compute_traitsIXT0_EE4typeE' for 'sm_90'
ptxas info    : Function properties for _ZN3aut12lns_strategy22validate_decode_kernelINS_3lns8lns12_r6ELNS_8bitwidth12compute_kindE0ELNS0_12decoder_kindE8EEEvPKjmNS0_12table_bundleIXT0_EEEPNS4_14compute_traitsIXT0_EE4typeE
    0 bytes stack frame, 0 bytes spill stores, 0 bytes spill loads
ptxas info    : Used 19 registers, used 0 barriers
ptxas info    : Compile time = 3.004 ms
ptxas info    : Compiling entry function '_ZN3aut12lns_strategy22validate_decode_kernelINS_3lns8lns12_r6ELNS_8bitwidth12compute_kindE0ELNS0_12decoder_kindE7EEEvPKjmNS0_12table_bundleIXT0_EEEPNS4_14compute_traitsIXT0_EE4typeE' for 'sm_90'
ptxas info    : Function properties for _ZN3aut12lns_strategy22validate_decode_kernelINS_3lns8lns12_r6ELNS_8bitwidth12compute_kindE0ELNS0_12decoder_kindE7EEEvPKjmNS0_12table_bundleIXT0_EEEPNS4_14compute_traitsIXT0_EE4typeE
    0 bytes stack frame, 0 bytes spill stores, 0 bytes spill loads
ptxas info    : Used 19 registers, used 0 barriers
ptxas info    : Compile time = 2.985 ms
ptxas info    : Compiling entry function '_ZN3aut12lns_strategy22validate_decode_kernelINS_3lns8lns12_r6ELNS_8bitwidth12compute_kindE0ELNS0_12decoder_kindE5EEEvPKjmNS0_12table_bundleIXT0_EEEPNS4_14compute_traitsIXT0_EE4typeE' for 'sm_90'
ptxas info    : Function properties for _ZN3aut12lns_strategy22validate_decode_kernelINS_3lns8lns12_r6ELNS_8bitwidth12compute_kindE0ELNS0_12decoder_kindE5EEEvPKjmNS0_12table_bundleIXT0_EEEPNS4_14compute_traitsIXT0_EE4typeE
    0 bytes stack frame, 0 bytes spill stores, 0 bytes spill loads
ptxas info    : Used 16 registers, used 1 barriers
ptxas info    : Compile time = 3.590 ms
ptxas info    : Compiling entry function '_ZN3aut12lns_strategy22validate_decode_kernelINS_3lns8lns12_r6ELNS_8bitwidth12compute_kindE0ELNS0_12decoder_kindE4EEEvPKjmNS0_12table_bundleIXT0_EEEPNS4_14compute_traitsIXT0_EE4typeE' for 'sm_90'
ptxas info    : Function properties for _ZN3aut12lns_strategy22validate_decode_kernelINS_3lns8lns12_r6ELNS_8bitwidth12compute_kindE0ELNS0_12decoder_kindE4EEEvPKjmNS0_12table_bundleIXT0_EEEPNS4_14compute_traitsIXT0_EE4typeE
    0 bytes stack frame, 0 bytes spill stores, 0 bytes spill loads
ptxas info    : Used 19 registers, used 0 barriers
ptxas info    : Compile time = 3.005 ms
ptxas info    : Compiling entry function '_ZN3aut12lns_strategy22validate_decode_kernelINS_3lns8lns12_r6ELNS_8bitwidth12compute_kindE0ELNS0_12decoder_kindE3EEEvPKjmNS0_12table_bundleIXT0_EEEPNS4_14compute_traitsIXT0_EE4typeE' for 'sm_90'
ptxas info    : Function properties for _ZN3aut12lns_strategy22validate_decode_kernelINS_3lns8lns12_r6ELNS_8bitwidth12compute_kindE0ELNS0_12decoder_kindE3EEEvPKjmNS0_12table_bundleIXT0_EEEPNS4_14compute_traitsIXT0_EE4typeE
    0 bytes stack frame, 0 bytes spill stores, 0 bytes spill loads
ptxas info    : Used 14 registers, used 1 barriers
ptxas info    : Compile time = 2.244 ms
ptxas info    : Compiling entry function '_ZN3aut12lns_strategy22validate_decode_kernelINS_3lns8lns12_r6ELNS_8bitwidth12compute_kindE0ELNS0_12decoder_kindE2EEEvPKjmNS0_12table_bundleIXT0_EEEPNS4_14compute_traitsIXT0_EE4typeE' for 'sm_90'
ptxas info    : Function properties for _ZN3aut12lns_strategy22validate_decode_kernelINS_3lns8lns12_r6ELNS_8bitwidth12compute_kindE0ELNS0_12decoder_kindE2EEEvPKjmNS0_12table_bundleIXT0_EEEPNS4_14compute_traitsIXT0_EE4typeE
    0 bytes stack frame, 0 bytes spill stores, 0 bytes spill loads
ptxas info    : Used 15 registers, used 0 barriers
ptxas info    : Compile time = 1.542 ms
ptxas info    : Compiling entry function '_ZN3aut12lns_strategy22validate_decode_kernelINS_3lns8lns12_r6ELNS_8bitwidth12compute_kindE0ELNS0_12decoder_kindE1EEEvPKjmNS0_12table_bundleIXT0_EEEPNS4_14compute_traitsIXT0_EE4typeE' for 'sm_90'
ptxas info    : Function properties for _ZN3aut12lns_strategy22validate_decode_kernelINS_3lns8lns12_r6ELNS_8bitwidth12compute_kindE0ELNS0_12decoder_kindE1EEEvPKjmNS0_12table_bundleIXT0_EEEPNS4_14compute_traitsIXT0_EE4typeE
    0 bytes stack frame, 0 bytes spill stores, 0 bytes spill loads
ptxas info    : Used 14 registers, used 0 barriers
ptxas info    : Compile time = 2.036 ms
ptxas info    : Compiling entry function '_ZN3aut12lns_strategy22validate_decode_kernelINS_3lns8lns12_r6ELNS_8bitwidth12compute_kindE0ELNS0_12decoder_kindE0EEEvPKjmNS0_12table_bundleIXT0_EEEPNS4_14compute_traitsIXT0_EE4typeE' for 'sm_90'
ptxas info    : Function properties for _ZN3aut12lns_strategy22validate_decode_kernelINS_3lns8lns12_r6ELNS_8bitwidth12compute_kindE0ELNS0_12decoder_kindE0EEEvPKjmNS0_12table_bundleIXT0_EEEPNS4_14compute_traitsIXT0_EE4typeE
    0 bytes stack frame, 0 bytes spill stores, 0 bytes spill loads
ptxas info    : Used 14 registers, used 0 barriers
ptxas info    : Compile time = 2.008 ms
ptxas info    : Compiling entry function '_ZN3aut12lns_strategy17pack_dense_kernelINS_3lns8lns12_r6EEEvPKNS2_16unsigned_storageIXqulesrT_10total_bitsLi8ELi8EqulesrS5_10total_bitsLi16ELi16ELi32EEE4typeEPjm' for 'sm_90'
ptxas info    : Function properties for _ZN3aut12lns_strategy17pack_dense_kernelINS_3lns8lns12_r6EEEvPKNS2_16unsigned_storageIXqulesrT_10total_bitsLi8ELi8EqulesrS5_10total_bitsLi16ELi16ELi32EEE4typeEPjm
    0 bytes stack frame, 0 bytes spill stores, 0 bytes spill loads
ptxas info    : Used 24 registers, used 0 barriers
ptxas info    : Compile time = 3.332 ms
ptxas info    : Compiling entry function '_ZN3aut12lns_strategy20encode_padded_kernelINS_3lns8lns12_r6EEEvPKdPNS2_16unsigned_storageIXqulesrT_10total_bitsLi8ELi8EqulesrS7_10total_bitsLi16ELi16ELi32EEE4typeEm' for 'sm_90'
ptxas info    : Function properties for _ZN3aut12lns_strategy20encode_padded_kernelINS_3lns8lns12_r6EEEvPKdPNS2_16unsigned_storageIXqulesrT_10total_bitsLi8ELi8EqulesrS7_10total_bitsLi16ELi16ELi32EEE4typeEm
    0 bytes stack frame, 0 bytes spill stores, 0 bytes spill loads
ptxas info    : Used 26 registers, used 0 barriers
ptxas info    : Compile time = 3.994 ms
[100%] Linking CUDA executable bin/lns_strategy_bench_lns12_r6
[100%] Built target lns_strategy_bench_lns12_r6
========= COMPUTE-SANITIZER
LNS strategy benchmark: lns4_r1
GPU: NVIDIA H200 NVL (sm_90)
uniform_0_1
  lns4_r1 -> fp32
    decoder validation passed
    lns4_r1/fp32/fused/dense/cooperative_shuffle/x8/ex2_approx
    lns4_r1/fp32/ordinary/dense/cooperative_shuffle/x8/fraction_lut_global
    lns4_r1/fp32/ordinary/dense/scalar/x1/fraction_lut_warp
  lns4_r1 -> fp64
    decoder validation passed
    lns4_r1/fp64/fused/dense/cooperative_shuffle/x8/ex2_approx
    lns4_r1/fp64/ordinary/dense/cooperative_shuffle/x8/fraction_lut_global
    lns4_r1/fp64/ordinary/dense/scalar/x1/fraction_lut_warp
Wrote /storage/home/timofeirusanov/accessor_universal_test/results/022_lns_strategy_performance/run_20260816T210532Z/sanitizer/timing_samples.csv
========= ERROR SUMMARY: 0 errors
synccheck covered 12 shuffle kernel launches
========= COMPUTE-SANITIZER
LNS strategy benchmark: lns12_r6
GPU: NVIDIA H200 NVL (sm_90)
uniform_0_1
  lns12_r6 -> fp32
    decoder validation passed
    lns12_r6/fp32/fused/dense/scalar/x1/fused_sum_lut_global
    lns12_r6/fp32/fused/padded/thread_packet/x8/fused_sum_lut_global
    lns12_r6/fp32/fused/dense/cooperative_shuffle/x8/fused_sum_lut_global
    lns12_r6/fp32/fused/dense/scalar/x1/fused_sum_lut_shared
    lns12_r6/fp32/fused/dense/thread_packet/x4/fused_sum_lut_shared
  lns12_r6 -> fp64
    decoder validation passed
    lns12_r6/fp64/fused/dense/scalar/x1/fused_sum_lut_global
    lns12_r6/fp64/fused/padded/thread_packet/x8/fused_sum_lut_global
    lns12_r6/fp64/fused/dense/cooperative_shuffle/x8/fused_sum_lut_global
    lns12_r6/fp64/fused/dense/scalar/x1/fused_sum_lut_shared
    lns12_r6/fp64/fused/dense/thread_packet/x4/fused_sum_lut_shared
Wrote /storage/home/timofeirusanov/accessor_universal_test/results/022_lns_strategy_performance/run_20260816T210532Z/sanitizer/fused_sum_samples.csv
========= ERROR SUMMARY: 0 errors
memcheck covered 20 fused-sum kernel launches
LNS warp synccheck complete: /storage/home/timofeirusanov/accessor_universal_test/results/022_lns_strategy_performance/run_20260816T210532Z
